case,cell,xi,Psi_tau0,Psi_tauf,D_eff,alpha,rho
P1a,1,0.00097656,2.457034913863316e-33,9.066464292622397e-06,0.75,0.25,0.25
P1a,2,0.00292969,3.393022879023523e-33,9.16713405558926e-06,0.75,0.25,0.25
P1a,3,0.00488281,5.611768745821896e-33,9.36941896940402e-06,0.75,0.25,0.25
P1a,4,0.00683594,9.931621305857932e-33,9.675216916947828e-06,0.75,0.25,0.25
P1a,5,0.00878906,1.7935713127758414e-32,1.0087392528443023e-05,0.75,0.25,0.25
P1a,6,0.01074219,3.2535485925229934e-32,1.0609798655318618e-05,0.75,0.25,0.25
P1a,7,0.01269531,5.899912855788854e-32,1.1247305180296567e-05,0.75,0.25,0.25
P1a,8,0.01464844,1.0679728548506561e-31,1.2005835317079001e-05,0.75,0.25,0.25
P1a,9,0.01660156,1.9289309084067107e-31,1.2892409592084534e-05,0.75,0.25,0.25
P1a,10,0.01855469,3.4758457508354985e-31,1.3915197740229869e-05,0.75,0.25,0.25
P1a,11,0.02050781,6.248497608381459e-31,1.508357878687018e-05,0.75,0.25,0.25
P1a,12,0.02246094,1.1206171555191874e-30,1.6408209628789658e-05,0.75,0.25,0.25
P1a,13,0.02441406,2.0049524283414e-30,1.7901102468660124e-05,0.75,0.25,0.25
P1a,14,0.02636719,3.578620227103252e-30,1.9575711499742293e-05,0.75,0.25,0.25
P1a,15,0.02832031,6.372234716693629e-30,2.1447029280875525e-05,0.75,0.25,0.25
P1a,16,0.03027344,1.1319636807906518e-29,2.353169328606192e-05,0.75,0.25,0.25
P1a,17,0.03222656,2.0060316773734807e-29,2.5848103158274536e-05,0.75,0.25,0.25
P1a,18,0.03417969,3.546562709268699e-29,2.841654924357358e-05,0.75,0.25,0.25
P1a,19,0.03613281,6.255212407707236e-29,3.125935302926292e-05,0.75,0.25,0.25
P1a,20,0.03808594,1.1006292269667573e-28,3.4401020158717535e-05,0.75,0.25,0.25
P1a,21,0.04003906,1.931988700987756e-28,3.78684067457134e-05,0.75,0.25,0.25
P1a,22,0.04199219,3.383239046163402e-28,4.1690899762633854e-05,0.75,0.25,0.25
P1a,23,0.04394531,5.9105153270626425e-28,4.5900612329851365e-05,0.75,0.25,0.25
P1a,24,0.04589844,1.0301075556066412e-27,5.0532594787915145e-05,0.75,0.25,0.25
P1a,25,0.04785156,1.7910361788264006e-27,5.562506248993023e-05,0.75,0.25,0.25
P1a,26,0.04980469,3.106638398985019e-27,6.121964130870196e-05,0.75,0.25,0.25
P1a,27,0.05175781,5.375781575737906e-27,6.73616319118423e-05,0.75,0.25,0.25
P1a,28,0.05371094,9.280194624306214e-27,7.410029391806821e-05,0.75,0.25,0.25
P1a,29,0.05566406,1.5982220400080392e-26,8.148915110934787e-05,0.75,0.25,0.25
P1a,30,0.05761719,2.7458809733577907e-26,8.958631893633045e-05,0.75,0.25,0.25
P1a,31,0.05957031,4.706421956087119e-26,9.845485561856468e-05,0.75,0.25,0.25
P1a,32,0.06152344,8.04756654103096e-26,0.00010816313820631369,0.75,0.25,0.25
P1a,33,0.06347656,1.3727860347591916e-25,0.00011878526503721607,0.75,0.25,0.25
P1a,34,0.06542969,2.33617670946731e-25,0.00013040148608852974,0.75,0.25,0.25
P1a,35,0.06738281,3.9661861041130667e-25,0.00014309866279409454,0.75,0.25,0.25
P1a,36,0.06933594,6.717459373982283e-25,0.00015697075896434134,0.75,0.25,0.25
P1a,37,0.07128906,1.1350149183076081e-24,0.0001721193645174788,0.75,0.25,0.25
P1a,38,0.07324219,1.9132100445918403e-24,0.00018865425380024722,0.75,0.25,0.25
P1a,39,0.07519531,3.217275828226993e-24,0.00020669398034710705,0.75,0.25,0.25
P1a,40,0.07714844,5.397324145015959e-24,0.0002263665099972494,0.75,0.25,0.25
P1a,41,0.07910156,9.033026148280529e-24,0.0002478098943590747,0.75,0.25,0.25
P1a,42,0.08105469,1.5081779777287965e-23,0.00027117298668154503,0.75,0.25,0.25
P1a,43,0.08300781,2.5120974565874502e-23,0.0002966162022607725,0.75,0.25,0.25
P1a,44,0.08496094,4.1743122648504885e-23,0.0003243123255780036,0.75,0.25,0.25
P1a,45,0.08691406,6.91987015307641e-23,0.00035444736643147975,0.75,0.25,0.25
P1a,46,0.08886719,1.1443938570645866e-22,0.0003872214673890844,0.75,0.25,0.25
P1a,47,0.09082031,1.8880680876949053e-22,0.0004228498649508306,0.75,0.25,0.25
P1a,48,0.09277344,3.10759452037034e-22,0.0004615639068696389,0.75,0.25,0.25
P1a,49,0.09472656,5.102647921692476e-22,0.00050361212813505,0.75,0.25,0.25
P1a,50,0.09667969,8.358559169228235e-22,0.000549261388176982,0.75,0.25,0.25
P1a,51,0.09863281,1.3659405568953153e-21,0.000598798071894853,0.75,0.25,0.25
P1a,52,0.10058594,2.2268796180980035e-21,0.0006525293571607885,0.75,0.25,0.25
P1a,53,0.10253906,3.621814823043536e-21,0.000710784551483562,0.75,0.25,0.25
P1a,54,0.10449219,5.876521164431973e-21,0.0007739165005518582,0.75,0.25,0.25
P1a,55,0.10644531,9.512155223009019e-21,0.0008423030714005637,0.75,0.25,0.25
P1a,56,0.10839844,1.5360385451456768e-20,0.0009163487129615931,0.75,0.25,0.25
P1a,57,0.11035156,2.474513688229073e-20,0.0009964860967703207,0.75,0.25,0.25
P1a,58,0.11230469,3.976877085938364e-20,0.0010831778405993775,0.75,0.25,0.25
P1a,59,0.11425781,6.376157518825463e-20,0.0011769183177826096,0.75,0.25,0.25
P1a,60,0.11621094,1.0198597868543407e-19,0.0012782355549724525,0.75,0.25,0.25
P1a,61,0.11816406,1.62737057644681e-19,0.00138769322104314,0.75,0.25,0.25
P1a,62,0.12011719,2.5905800243540657e-19,0.0015058927098091188,0.75,0.25,0.25
P1a,63,0.12207031,4.1140742603952835e-19,0.0016334753191718848,0.75,0.25,0.25
P1a,64,0.12402344,6.517961667582963e-19,0.001771124529238298,0.75,0.25,0.25
P1a,65,0.12597656,1.0301869372710855e-18,0.0019195683818684062,0.75,0.25,0.25
P1a,66,0.12792969,1.6243695387635204e-18,0.00207958196400982,0.75,0.25,0.25
P1a,67,0.12988281,2.5551605637776066e-18,0.0022519899970580215,0.75,0.25,0.25
P1a,68,0.13183594,4.009739109187064e-18,0.0024376695343464577,0.75,0.25,0.25
P1a,69,0.13378906,6.277382585546693e-18,0.0026375527687160704,0.75,0.25,0.25
P1a,70,0.13574219,9.804052795798566e-18,0.0028526299519400613,0.75,0.25,0.25
P1a,71,0.13769531,1.5275563701449848e-17,0.00308395242758517,0.75,0.25,0.25
P1a,72,0.13964844,2.3743974172752665e-17,0.0033326357786746664,0.75,0.25,0.25
P1a,73,0.14160156,3.681918219963792e-17,0.003599863091279778,0.75,0.25,0.25
P1a,74,0.14355469,5.695861574331907e-17,0.003886888334904208,0.75,0.25,0.25
P1a,75,0.14550781,8.790412909601912e-17,0.004195039860240357,0.75,0.25,0.25
P1a,76,0.14746094,1.353392253003392e-16,0.004525724014564433,0.75,0.25,0.25
P1a,77,0.14941406,2.0787518949013552e-16,0.004880428874700531,0.75,0.25,0.25
P1a,78,0.15136719,3.1852695600276717e-16,0.005260728097119885,0.75,0.25,0.25
P1a,79,0.15332031,4.869162691952425e-16,0.005668284884350329,0.75,0.25,0.25
P1a,80,0.15527344,7.425521184953089e-16,0.006104856066451969,0.75,0.25,0.25
P1a,81,0.15722656,1.1297026784755183e-15,0.006572296295867244,0.75,0.25,0.25
P1a,82,0.15917969,1.7146123072285199e-15,0.007072562353477142,0.75,0.25,0.25
P1a,83,0.16113281,2.5961649133662224e-15,0.00760771756318918,0.75,0.25,0.25
P1a,84,0.16308594,3.9215989444158405e-15,0.008179936311847161,0.75,0.25,0.25
P1a,85,0.16503906,5.909607525538605e-15,0.008791508670687195,0.75,0.25,0.25
P1a,86,0.16699219,8.884206865513723e-15,0.009444845113969102,0.75,0.25,0.25
P1a,87,0.16894531,1.332426455170493e-14,0.010142481329786963,0.75,0.25,0.25
P1a,88,0.17089844,1.9935741461410857e-14,0.010887083117407855,0.75,0.25,0.25
P1a,89,0.17285156,2.9756791361048965e-14,0.011681451364803313,0.75,0.25,0.25
P1a,90,0.17480469,4.431026714009523e-14,0.01252852709932536,0.75,0.25,0.25
P1a,91,0.17675781,6.582444378169105e-14,0.01343139660373742,0.75,0.25,0.25
P1a,92,0.17871094,9.755164313041172e-14,0.01439329658904207,0.75,0.25,0.25
P1a,93,0.18066406,1.4422699038977065e-13,0.015417619414752618,0.75,0.25,0.25
P1a,94,0.18261719,2.12727215081947e-13,0.016507918346435415,0.75,0.25,0.25
P1a,95,0.18457031,3.1301426441593345e-13,0.01766791283950596,0.75,0.25,0.25
P1a,96,0.18652344,4.594833357412826e-13,0.018901493837395984,0.75,0.25,0.25
P1a,97,0.18847656,6.728836295093046e-13,0.020212729071322145,0.75,0.25,0.25
P1a,98,0.19042969,9.830479934491185e-13,0.021605868347982046,0.75,0.25,0.25
P1a,99,0.19238281,1.4327619548466628e-12,0.02308534881058286,0.75,0.25,0.25
P1a,100,0.19433594,2.0832333617959087e-12,0.02465580015767275,0.75,0.25,0.25
P1a,101,0.19628906,3.021804504496938e-12,0.0263220498032998,0.75,0.25,0.25
P1a,102,0.19824219,4.3727975180215e-12,0.028089127961070017,0.75,0.25,0.25
P1a,103,0.20019531,6.3127259019780146e-12,0.029962272633716463,0.75,0.25,0.25
P1a,104,0.20214844,9.091573599274249e-12,0.03194693448883278,0.75,0.25,0.25
P1a,105,0.20410156,1.3062483240142133e-11,0.034048781600465296,0.75,0.25,0.25
P1a,106,0.20605469,1.8723067150089338e-11,0.036273704035307164,0.75,0.25,0.25
P1a,107,0.20800781,2.677273903868272e-11,0.038627818261295424,0.75,0.25,0.25
P1a,108,0.20996094,3.819206809767399e-11,0.04111747135548525,0.75,0.25,0.25
P1a,109,0.21191406,5.435232275846171e-11,0.04374924498716695,0.75,0.25,0.25
P1a,110,0.21386719,7.716628670829947e-11,0.04652995915130778,0.75,0.25,0.25
P1a,111,0.21582031,1.092953429667008e-10,0.04946667562654386,0.75,0.25,0.25
P1a,112,0.21777344,1.5443305881451808e-10,0.05256670113112726,0.75,0.25,0.25
P1a,113,0.21972656,2.1769249205503842e-10,0.05583759014945061,0.75,0.25,0.25
P1a,114,0.22167969,3.061337347629812e-10,0.059287147401033836,0.75,0.25,0.25
P1a,115,0.22363281,4.294805394035297e-10,0.0629234299231724,0.75,0.25,0.25
P1a,116,0.22558594,6.010911741128127e-10,0.06675474873781581,0.75,0.25,0.25
P1a,117,0.22753906,8.392701438581602e-10,0.0707896700726769,0.75,0.25,0.25
P1a,118,0.22949219,1.1690356565228843e-09,0.07503701610607456,0.75,0.25,0.25
P1a,119,0.23144531,1.6244947151662565e-09,0.07950586520458858,0.75,0.25,0.25
P1a,120,0.23339844,2.252026046798518e-09,0.08420555162225973,0.75,0.25,0.25
P1a,121,0.23535156,3.114534004765558e-09,0.08914566462981621,0.75,0.25,0.25
P1a,122,0.23730469,4.2971182587492804e-09,0.09433604704223965,0.75,0.25,0.25
P1a,123,0.23925781,5.9146097661076864e-09,0.09978679311292632,0.75,0.25,0.25
P1a,124,0.24121094,8.12155982053839e-09,0.10550824576273725,0.75,0.25,0.25
P1a,125,0.24316406,1.1125444210234095e-08,0.11151099311238892,0.75,0.25,0.25
P1a,126,0.24511719,1.520406908349939e-08,0.11780586428690659,0.75,0.25,0.25
P1a,127,0.24707031,2.0728451967779248e-08,0.1244039244612593,0.75,0.25,0.25
P1a,128,0.24902344,2.819281659331187e-08,0.13131646911682018,0.75,0.25,0.25
P1a,129,0.25097656,3.8253803606102346e-08,0.13855501747895566,0.75,0.25,0.25
P1a,130,0.25292969,5.1781585380123575e-08,0.14613130510684613,0.75,0.25,0.25
P1a,131,0.25488281,6.992631194865307e-08,0.15405727560758337,0.75,0.25,0.25
P1a,132,0.25683594,9.420424318691886e-08,0.16234507144768395,0.75,0.25,0.25
P1a,133,0.25878906,1.2660908430519005e-07,0.17100702383639999,0.75,0.25,0.25
P1a,134,0.26074219,1.6975549132427336e-07,0.18005564165661142,0.75,0.25,0.25
P1a,135,0.26269531,2.270635154072224e-07,0.1895035994206449,0.75,0.25,0.25
P1a,136,0.26464844,3.029949875437468e-07,0.19936372423008306,0.75,0.25,0.25
P1a,137,0.26660156,4.033556010181023e-07,0.20964898172051857,0.75,0.25,0.25
P1a,138,0.26855469,5.356798386555134e-07,0.2203724609742556,0.75,0.25,0.25
P1a,139,0.27050781,7.097200453864707e-07,0.2315473583861785,0.75,0.25,0.25
P1a,140,0.27246094,9.380660174009194e-07,0.24318696047039395,0.75,0.25,0.25
P1a,141,0.27441406,1.2369276461753626e-06,0.25530462559779854,0.75,0.25,0.25
P1a,142,0.27636719,1.6271206270944474e-06,0.2679137646574388,0.75,0.25,0.25
P1a,143,0.27832031,2.1353042587331605e-06,0.2810278206374057,0.75,0.25,0.25
P1a,144,0.28027344,2.7955311961998526e-06,0.29466024712403943,0.75,0.25,0.25
P1a,145,0.28222656,3.6511819951198207e-06,0.30882448572141186,0.75,0.25,0.25
P1a,146,0.28417969,4.75737274840285e-06,0.32353394239639094,0.75,0.25,0.25
P1a,147,0.28613281,6.183942476576682e-06,0.3388019627580827,0.75,0.25,0.25
P1a,148,0.28808594,8.019148630824485e-06,0.3546418062840644,0.75,0.25,0.25
P1a,149,0.29003906,1.0374224599390558e-05,0.37106661950958364,0.75,0.25,0.25
P1a,150,0.29199219,1.3388983012570728e-05,0.38808940819977805,0.75,0.25,0.25
P1a,151,0.29394531,1.723868350329749e-05,0.4057230085289576,0.75,0.25,0.25
P1a,152,0.29589844,2.2142424023832474e-05,0.4239800572950996,0.75,0.25,0.25
P1a,153,0.29785156,2.8373361502364648e-05,0.4428729612018877,0.75,0.25,0.25
P1a,154,0.29980469,3.627112122835951e-05,0.46241386524490574,0.75,0.25,0.25
P1a,155,0.30175781,4.6256815574870414e-05,0.4826146202429373,0.75,0.25,0.25
P1a,156,0.30371094,5.8851162185320366e-05,0.5034867495597138,0.75,0.25,0.25
P1a,157,0.30566406,7.469627022783129e-05,0.5250414150658983,0.75,0.25,0.25
P1a,158,0.30761719,9.458175135136968e-05,0.5472893823955438,0.75,0.25,0.25
P1a,159,0.30957031,0.00011947591007350636,0.5702409855557505,0.75,0.25,0.25
P1a,160,0.31152344,0.0001505628768674557,0.5939060909526933,0.75,0.25,0.25
P1a,161,0.31347656,0.00018928666639670276,0.6182940609016402,0.75,0.25,0.25
P1a,162,0.31542969,0.0002374032731379326,0.6434137166929754,0.75,0.25,0.25
P1a,163,0.31738281,0.00029704205671380425,0.6692733012905696,0.75,0.25,0.25
P1a,164,0.31933594,0.0003707778189429849,0.695880441743094,0.75,0.25,0.25
P1a,165,0.32128906,0.0004617151327884866,0.7232421113930263,0.75,0.25,0.25
P1a,166,0.32324219,0.0005735866484163001,0.7513645919721189,0.75,0.25,0.25
P1a,167,0.32519531,0.0007108672712379661,0.7802534356759994,0.75,0.25,0.25
P1a,168,0.32714844,0.000878906278195087,0.8099134273142828,0.75,0.25,0.25
P1a,169,0.32910156,0.0010840796079768546,0.8403485466361326,0.75,0.25,0.25
P1a,170,0.33105469,0.001333964723822125,0.8715619309345326,0.75,0.25,0.25
P1a,171,0.33300781,0.0016375405986025922,0.9035558380356574,0.75,0.25,0.25
P1a,172,0.33496094,0.002005415504586071,0.9363316097825896,0.75,0.25,0.25
P1a,173,0.33691406,0.0024500853971807426,0.9698896361252405,0.75,0.25,0.25
P1a,174,0.33886719,0.0029862257545487333,1.0042293199306491,0.75,0.25,0.25
P1a,175,0.34082031,0.00363101976368373,1.0393490426298473,0.75,0.25,0.25
P1a,176,0.34277344,0.004404525717789597,1.0752461308191716,0.75,0.25,0.25
P1a,177,0.34472656,0.0053300863980529755,1.11191682393525,0.75,0.25,0.25
P1a,178,0.34667969,0.006434783042835534,1.1493562431238808,0.75,0.25,0.25
P1a,179,0.34863281,0.007749936245945964,1.1875583614236458,0.75,0.25,0.25
P1a,180,0.35058594,0.009311655759611227,1.2265159753853068,0.75,0.25,0.25
P1a,181,0.35253906,0.011161440693571605,1.26622067824787,0.75,0.25,0.25
P1a,182,0.35449219,0.013346830986159422,1.3066628347916,0.75,0.25,0.25
P1a,183,0.35644531,0.015922110263769645,1.3478315579872284,0.75,0.25,0.25
P1a,184,0.35839844,0.018949059290476265,1.3897146875591495,0.75,0.25,0.25
P1a,185,0.36035156,0.022497758130144086,1.4322987705784613,0.75,0.25,0.25
P1a,186,0.36230469,0.026647433892079443,1.475569044199356,0.75,0.25,0.25
P1a,187,0.36425781,0.031487349503974395,1.5195094206495143,0.75,0.25,0.25
P1a,188,0.36621094,0.03711772735232914,1.5641024745818677,0.75,0.25,0.25
P1a,189,0.36816406,0.04365069985490319,1.6093294328913321,0.75,0.25,0.25
P1a,190,0.37011719,0.051211277091507364,1.6551701670958734,0.75,0.25,0.25
P1a,191,0.37207031,0.05993831953401407,1.7016031883765874,0.75,0.25,0.25
P1a,192,0.37402344,0.06998550170583477,1.748605645366306,0.75,0.25,0.25
P1a,193,0.37597656,0.08152225029444984,1.796153324770642,0.75,0.25,0.25
P1a,194,0.37792969,0.09473463787463382,1.84422065489934,0.75,0.25,0.25
P1a,195,0.37988281,0.10982621101942942,1.892780712179295,0.75,0.25,0.25
P1a,196,0.38183594,0.1270187292332889,1.9418052307137097,0.75,0.25,0.25
P1a,197,0.38378906,0.14655278889754414,1.9912646149445374,0.75,0.25,0.25
P1a,198,0.38574219,0.1686883043403255,2.041127955467655,0.75,0.25,0.25
P1a,199,0.38769531,0.19370481630578107,2.091363048042135,0.75,0.25,0.25
P1a,200,0.38964844,0.2219015965811926,2.1419364158265553,0.75,0.25,0.25
P1a,201,0.39160156,0.2535975164299256,2.1928133348665426,0.75,0.25,0.25
P1a,202,0.39355469,0.28913064586028797,2.243957862848691,0.75,0.25,0.25
P1a,203,0.39550781,0.32885755072309664,2.295332871126657,0.75,0.25,0.25
P1a,204,0.39746094,0.37315225526006185,2.346900080015679,0.75,0.25,0.25
P1a,205,0.39941406,0.4224048391025293,2.398620097341975,0.75,0.25,0.25
P1a,206,0.40136719,0.4770196399198407,2.4504524602234947,0.75,0.25,0.25
P1a,207,0.40332031,0.5374130360022464,2.5023556800484026,0.75,0.25,0.25
P1a,208,0.40527344,0.6040107870848936,2.5542872906074185,0.75,0.25,0.25
P1a,209,0.40722656,0.6772449167099038,2.6062038993258554,0.75,0.25,0.25
P1a,210,0.40917969,0.7575501253957868,2.658061241530825,0.75,0.25,0.25
P1a,211,0.41113281,0.84535973082714,2.7098142376787586,0.75,0.25,0.25
P1a,212,0.41308594,0.9411011391566687,2.761417053458054,0.75,0.25,0.25
P1a,213,0.41503906,1.0451908602619604,2.812823162671469,0.75,0.25,0.25
P1a,214,0.41699219,1.1580290893273733,2.8639854127927236,0.75,0.25,0.25
P1a,215,0.41894531,1.279993887302496,2.91485609308187,0.75,0.25,0.25
P1a,216,0.42089844,1.4114350034677228,2.96538700513421,0.75,0.25,0.25
P1a,217,0.42285156,1.5526673943293867,3.0155295357280423,0.75,0.25,0.25
P1a,218,0.42480469,1.7039645041581832,3.065234731827303,0.75,0.25,0.25
P1a,219,0.42675781,1.865551383436322,3.114453377586262,0.75,0.25,0.25
P1a,220,0.42871094,2.0375977320304806,3.1631360731948868,0.75,0.25,0.25
P1a,221,0.43066406,2.2202109637818497,3.2112333153953663,0.75,0.25,0.25
P1a,222,0.43261719,2.413429398113344,3.258695579492577,0.75,0.25,0.25
P1a,223,0.43457031,2.617215691905245,3.3054734026740524,0.75,0.25,0.25
P1a,224,0.43652344,2.831450630995762,3.35151746844831,0.75,0.25,0.25
P1a,225,0.43847656,3.055927404945471,3.3967786920042107,0.75,0.25,0.25
P1a,226,0.44042969,3.290346490908249,3.441208306288434,0.75,0.25,0.25
P1a,227,0.44238281,3.53431127234906,3.4847579485931752,0.75,0.25,0.25
P1a,228,0.44433594,3.787324515751703,3.527379747441785,0.75,0.25,0.25
P1a,229,0.44628906,4.048785823224553,3.569026409556406,0.75,0.25,0.25
P1a,230,0.44824219,4.317990170950166,3.60965130668861,0.75,0.25,0.25
P1a,231,0.45019531,4.594127632706654,3.6492085620917356,0.75,0.25,0.25
P1a,232,0.45214844,4.876284374251919,3.6876531364120275,0.75,0.25,0.25
P1a,233,0.45410156,5.1634449883125,3.724940912774796,0.75,0.25,0.25
P1a,234,0.45605469,5.454496221434744,3.7610287808416962,0.75,0.25,0.25
P1a,235,0.45800781,5.748232123286844,3.7958747196158633,0.75,0.25,0.25
P1a,236,0.45996094,6.043360626464485,3.82943787877301,0.75,0.25,0.25
P1a,237,0.46191406,6.338511540834622,3.8616786582987546,0.75,0.25,0.25
P1a,238,0.46386719,6.632245921394076,3.8925587862153552,0.75,0.25,0.25
P1a,239,0.46582031,6.923066743015015,3.9220413941846837,0.75,0.25,0.25
P1a,240,0.46777344,7.2094307898312495,3.9500910907786957,0.75,0.25,0.25
P1a,241,0.46972656,7.489761641947748,3.976674032213812,0.75,0.25,0.25
P1a,242,0.47167969,7.762463618205754,4.001757990351506,0.75,0.25,0.25
P1a,243,0.47363281,8.025936511481067,4.025312417773972,0.75,0.25,0.25
P1a,244,0.47558594,8.278590932991351,4.047308509751056,0.75,0.25,0.25
P1a,245,0.47753906,8.518864064866106,4.067719262922555,0.75,0.25,0.25
P1a,246,0.47949219,8.745235606269688,4.086519530528601,0.75,0.25,0.25
P1a,247,0.48144531,8.95624368808148,4.103686074030029,0.75,0.25,0.25
P1a,248,0.48339844,9.150500524871676,4.119197610970438,0.75,0.25,0.25
P1a,249,0.48535156,9.326707570923439,4.13303485894196,0.75,0.25,0.25
P1a,250,0.48730469,9.483669949504193,4.145180575527618,0.75,0.25,0.25
P1a,251,0.48925781,9.62030993153972,4.155619594104467,0.75,0.25,0.25
P1a,252,0.49121094,9.735679251247388,4.164338855403431,0.75,0.25,0.25
P1a,253,0.49316406,9.828970061983593,4.171327434733937,0.75,0.25,0.25
P1a,254,0.49511719,9.899524355294515,4.1765765647938915,0.75,0.25,0.25
P1a,255,0.49707031,9.946841689566032,4.180079653998322,0.75,0.25,0.25
P1a,256,0.49902344,9.970585101293073,4.181832300273061,0.75,0.25,0.25
P1a,257,0.50097656,9.970585101293073,4.181832300273061,0.75,0.25,0.25
P1a,258,0.50292969,9.946841689566032,4.180079653998322,0.75,0.25,0.25
P1a,259,0.50488281,9.899524355294515,4.1765765647938915,0.75,0.25,0.25
P1a,260,0.50683594,9.828970061983593,4.171327434733937,0.75,0.25,0.25
P1a,261,0.50878906,9.735679251247388,4.164338855403431,0.75,0.25,0.25
P1a,262,0.51074219,9.62030993153972,4.155619594104467,0.75,0.25,0.25
P1a,263,0.51269531,9.483669949504193,4.145180575527618,0.75,0.25,0.25
P1a,264,0.51464844,9.326707570923439,4.13303485894196,0.75,0.25,0.25
P1a,265,0.51660156,9.150500524871676,4.119197610970438,0.75,0.25,0.25
P1a,266,0.51855469,8.95624368808148,4.103686074030029,0.75,0.25,0.25
P1a,267,0.52050781,8.745235606269688,4.086519530528601,0.75,0.25,0.25
P1a,268,0.52246094,8.518864064866106,4.067719262922555,0.75,0.25,0.25
P1a,269,0.52441406,8.278590932991351,4.047308509751056,0.75,0.25,0.25
P1a,270,0.52636719,8.025936511481067,4.025312417773972,0.75,0.25,0.25
P1a,271,0.52832031,7.762463618205754,4.001757990351506,0.75,0.25,0.25
P1a,272,0.53027344,7.489761641947748,3.976674032213812,0.75,0.25,0.25
P1a,273,0.53222656,7.2094307898312495,3.9500910907786957,0.75,0.25,0.25
P1a,274,0.53417969,6.923066743015015,3.9220413941846837,0.75,0.25,0.25
P1a,275,0.53613281,6.632245921394076,3.8925587862153552,0.75,0.25,0.25
P1a,276,0.53808594,6.338511540834622,3.8616786582987546,0.75,0.25,0.25
P1a,277,0.54003906,6.043360626464485,3.82943787877301,0.75,0.25,0.25
P1a,278,0.54199219,5.748232123286844,3.7958747196158633,0.75,0.25,0.25
P1a,279,0.54394531,5.454496221434744,3.7610287808416962,0.75,0.25,0.25
P1a,280,0.54589844,5.1634449883125,3.724940912774796,0.75,0.25,0.25
P1a,281,0.54785156,4.876284374251919,3.6876531364120275,0.75,0.25,0.25
P1a,282,0.54980469,4.594127632706654,3.6492085620917356,0.75,0.25,0.25
P1a,283,0.55175781,4.317990170950166,3.60965130668861,0.75,0.25,0.25
P1a,284,0.55371094,4.048785823224553,3.569026409556406,0.75,0.25,0.25
P1a,285,0.55566406,3.787324515751703,3.527379747441785,0.75,0.25,0.25
P1a,286,0.55761719,3.53431127234906,3.4847579485931752,0.75,0.25,0.25
P1a,287,0.55957031,3.290346490908249,3.441208306288434,0.75,0.25,0.25
P1a,288,0.56152344,3.055927404945471,3.3967786920042107,0.75,0.25,0.25
P1a,289,0.56347656,2.831450630995762,3.35151746844831,0.75,0.25,0.25
P1a,290,0.56542969,2.617215691905245,3.3054734026740524,0.75,0.25,0.25
P1a,291,0.56738281,2.413429398113344,3.258695579492577,0.75,0.25,0.25
P1a,292,0.56933594,2.2202109637818497,3.2112333153953663,0.75,0.25,0.25
P1a,293,0.57128906,2.0375977320304806,3.1631360731948868,0.75,0.25,0.25
P1a,294,0.57324219,1.865551383436322,3.114453377586262,0.75,0.25,0.25
P1a,295,0.57519531,1.7039645041581832,3.065234731827303,0.75,0.25,0.25
P1a,296,0.57714844,1.5526673943293867,3.0155295357280423,0.75,0.25,0.25
P1a,297,0.57910156,1.4114350034677228,2.96538700513421,0.75,0.25,0.25
P1a,298,0.58105469,1.279993887302496,2.91485609308187,0.75,0.25,0.25
P1a,299,0.58300781,1.1580290893273733,2.8639854127927236,0.75,0.25,0.25
P1a,300,0.58496094,1.0451908602619604,2.812823162671469,0.75,0.25,0.25
P1a,301,0.58691406,0.9411011391566687,2.761417053458054,0.75,0.25,0.25
P1a,302,0.58886719,0.84535973082714,2.7098142376787586,0.75,0.25,0.25
P1a,303,0.59082031,0.7575501253957868,2.658061241530825,0.75,0.25,0.25
P1a,304,0.59277344,0.6772449167099038,2.6062038993258554,0.75,0.25,0.25
P1a,305,0.59472656,0.6040107870848936,2.5542872906074185,0.75,0.25,0.25
P1a,306,0.59667969,0.5374130360022464,2.5023556800484026,0.75,0.25,0.25
P1a,307,0.59863281,0.4770196399198407,2.4504524602234947,0.75,0.25,0.25
P1a,308,0.60058594,0.4224048391025293,2.398620097341975,0.75,0.25,0.25
P1a,309,0.60253906,0.37315225526006185,2.346900080015679,0.75,0.25,0.25
P1a,310,0.60449219,0.32885755072309664,2.295332871126657,0.75,0.25,0.25
P1a,311,0.60644531,0.28913064586028797,2.243957862848691,0.75,0.25,0.25
P1a,312,0.60839844,0.2535975164299256,2.1928133348665426,0.75,0.25,0.25
P1a,313,0.61035156,0.2219015965811926,2.1419364158265553,0.75,0.25,0.25
P1a,314,0.61230469,0.19370481630578107,2.091363048042135,0.75,0.25,0.25
P1a,315,0.61425781,0.1686883043403255,2.041127955467655,0.75,0.25,0.25
P1a,316,0.61621094,0.14655278889754414,1.9912646149445374,0.75,0.25,0.25
P1a,317,0.61816406,0.1270187292332889,1.9418052307137097,0.75,0.25,0.25
P1a,318,0.62011719,0.10982621101942942,1.892780712179295,0.75,0.25,0.25
P1a,319,0.62207031,0.09473463787463382,1.84422065489934,0.75,0.25,0.25
P1a,320,0.62402344,0.08152225029444984,1.796153324770642,0.75,0.25,0.25
P1a,321,0.62597656,0.06998550170583477,1.748605645366306,0.75,0.25,0.25
P1a,322,0.62792969,0.05993831953401407,1.7016031883765874,0.75,0.25,0.25
P1a,323,0.62988281,0.051211277091507364,1.6551701670958734,0.75,0.25,0.25
P1a,324,0.63183594,0.04365069985490319,1.6093294328913321,0.75,0.25,0.25
P1a,325,0.63378906,0.03711772735232914,1.5641024745818677,0.75,0.25,0.25
P1a,326,0.63574219,0.031487349503974395,1.5195094206495143,0.75,0.25,0.25
P1a,327,0.63769531,0.026647433892079443,1.475569044199356,0.75,0.25,0.25
P1a,328,0.63964844,0.022497758130144086,1.4322987705784613,0.75,0.25,0.25
P1a,329,0.64160156,0.018949059290476265,1.3897146875591495,0.75,0.25,0.25
P1a,330,0.64355469,0.015922110263769645,1.3478315579872284,0.75,0.25,0.25
P1a,331,0.64550781,0.013346830986159422,1.3066628347916,0.75,0.25,0.25
P1a,332,0.64746094,0.011161440693571605,1.26622067824787,0.75,0.25,0.25
P1a,333,0.64941406,0.009311655759611227,1.2265159753853068,0.75,0.25,0.25
P1a,334,0.65136719,0.007749936245945964,1.1875583614236458,0.75,0.25,0.25
P1a,335,0.65332031,0.006434783042835534,1.1493562431238808,0.75,0.25,0.25
P1a,336,0.65527344,0.0053300863980529755,1.11191682393525,0.75,0.25,0.25
P1a,337,0.65722656,0.004404525717789597,1.0752461308191716,0.75,0.25,0.25
P1a,338,0.65917969,0.00363101976368373,1.0393490426298473,0.75,0.25,0.25
P1a,339,0.66113281,0.0029862257545487333,1.0042293199306491,0.75,0.25,0.25
P1a,340,0.66308594,0.0024500853971807426,0.9698896361252405,0.75,0.25,0.25
P1a,341,0.66503906,0.002005415504586071,0.9363316097825896,0.75,0.25,0.25
P1a,342,0.66699219,0.0016375405986025922,0.9035558380356574,0.75,0.25,0.25
P1a,343,0.66894531,0.001333964723822125,0.8715619309345326,0.75,0.25,0.25
P1a,344,0.67089844,0.0010840796079768546,0.8403485466361326,0.75,0.25,0.25
P1a,345,0.67285156,0.000878906278195087,0.8099134273142828,0.75,0.25,0.25
P1a,346,0.67480469,0.0007108672712379661,0.7802534356759994,0.75,0.25,0.25
P1a,347,0.67675781,0.0005735866484163001,0.7513645919721189,0.75,0.25,0.25
P1a,348,0.67871094,0.0004617151327884866,0.7232421113930263,0.75,0.25,0.25
P1a,349,0.68066406,0.0003707778189429849,0.695880441743094,0.75,0.25,0.25
P1a,350,0.68261719,0.00029704205671380425,0.6692733012905696,0.75,0.25,0.25
P1a,351,0.68457031,0.0002374032731379326,0.6434137166929754,0.75,0.25,0.25
P1a,352,0.68652344,0.00018928666639670276,0.6182940609016402,0.75,0.25,0.25
P1a,353,0.68847656,0.0001505628768674557,0.5939060909526933,0.75,0.25,0.25
P1a,354,0.69042969,0.00011947591007350636,0.5702409855557505,0.75,0.25,0.25
P1a,355,0.69238281,9.458175135136968e-05,0.5472893823955438,0.75,0.25,0.25
P1a,356,0.69433594,7.469627022783129e-05,0.5250414150658983,0.75,0.25,0.25
P1a,357,0.69628906,5.8851162185320366e-05,0.5034867495597138,0.75,0.25,0.25
P1a,358,0.69824219,4.6256815574870414e-05,0.4826146202429373,0.75,0.25,0.25
P1a,359,0.70019531,3.627112122835951e-05,0.46241386524490574,0.75,0.25,0.25
P1a,360,0.70214844,2.8373361502364648e-05,0.4428729612018877,0.75,0.25,0.25
P1a,361,0.70410156,2.2142424023832474e-05,0.4239800572950996,0.75,0.25,0.25
P1a,362,0.70605469,1.723868350329749e-05,0.4057230085289576,0.75,0.25,0.25
P1a,363,0.70800781,1.3388983012570728e-05,0.38808940819977805,0.75,0.25,0.25
P1a,364,0.70996094,1.0374224599390558e-05,0.37106661950958364,0.75,0.25,0.25
P1a,365,0.71191406,8.019148630824485e-06,0.3546418062840644,0.75,0.25,0.25
P1a,366,0.71386719,6.183942476576682e-06,0.3388019627580827,0.75,0.25,0.25
P1a,367,0.71582031,4.75737274840285e-06,0.32353394239639094,0.75,0.25,0.25
P1a,368,0.71777344,3.6511819951198207e-06,0.30882448572141186,0.75,0.25,0.25
P1a,369,0.71972656,2.7955311961998526e-06,0.29466024712403943,0.75,0.25,0.25
P1a,370,0.72167969,2.1353042587331605e-06,0.2810278206374057,0.75,0.25,0.25
P1a,371,0.72363281,1.6271206270944474e-06,0.2679137646574388,0.75,0.25,0.25
P1a,372,0.72558594,1.2369276461753626e-06,0.25530462559779854,0.75,0.25,0.25
P1a,373,0.72753906,9.380660174009194e-07,0.24318696047039395,0.75,0.25,0.25
P1a,374,0.72949219,7.097200453864707e-07,0.2315473583861785,0.75,0.25,0.25
P1a,375,0.73144531,5.356798386555134e-07,0.2203724609742556,0.75,0.25,0.25
P1a,376,0.73339844,4.033556010181023e-07,0.20964898172051857,0.75,0.25,0.25
P1a,377,0.73535156,3.029949875437468e-07,0.19936372423008306,0.75,0.25,0.25
P1a,378,0.73730469,2.270635154072224e-07,0.1895035994206449,0.75,0.25,0.25
P1a,379,0.73925781,1.6975549132427336e-07,0.18005564165661142,0.75,0.25,0.25
P1a,380,0.74121094,1.2660908430519005e-07,0.17100702383639999,0.75,0.25,0.25
P1a,381,0.74316406,9.420424318691886e-08,0.16234507144768395,0.75,0.25,0.25
P1a,382,0.74511719,6.992631194865307e-08,0.15405727560758337,0.75,0.25,0.25
P1a,383,0.74707031,5.1781585380123575e-08,0.14613130510684613,0.75,0.25,0.25
P1a,384,0.74902344,3.8253803606102346e-08,0.13855501747895566,0.75,0.25,0.25
P1a,385,0.75097656,2.819281659331187e-08,0.13131646911682018,0.75,0.25,0.25
P1a,386,0.75292969,2.0728451967779248e-08,0.1244039244612593,0.75,0.25,0.25
P1a,387,0.75488281,1.520406908349939e-08,0.11780586428690659,0.75,0.25,0.25
P1a,388,0.75683594,1.1125444210234095e-08,0.11151099311238892,0.75,0.25,0.25
P1a,389,0.75878906,8.12155982053839e-09,0.10550824576273725,0.75,0.25,0.25
P1a,390,0.76074219,5.9146097661076864e-09,0.09978679311292632,0.75,0.25,0.25
P1a,391,0.76269531,4.2971182587492804e-09,0.09433604704223965,0.75,0.25,0.25
P1a,392,0.76464844,3.114534004765558e-09,0.08914566462981621,0.75,0.25,0.25
P1a,393,0.76660156,2.252026046798518e-09,0.08420555162225973,0.75,0.25,0.25
P1a,394,0.76855469,1.6244947151662565e-09,0.07950586520458858,0.75,0.25,0.25
P1a,395,0.77050781,1.1690356565228843e-09,0.07503701610607456,0.75,0.25,0.25
P1a,396,0.77246094,8.392701438581602e-10,0.0707896700726769,0.75,0.25,0.25
P1a,397,0.77441406,6.010911741128127e-10,0.06675474873781581,0.75,0.25,0.25
P1a,398,0.77636719,4.294805394035297e-10,0.0629234299231724,0.75,0.25,0.25
P1a,399,0.77832031,3.061337347629812e-10,0.059287147401033836,0.75,0.25,0.25
P1a,400,0.78027344,2.1769249205503842e-10,0.05583759014945061,0.75,0.25,0.25
P1a,401,0.78222656,1.5443305881451808e-10,0.05256670113112726,0.75,0.25,0.25
P1a,402,0.78417969,1.092953429667008e-10,0.04946667562654386,0.75,0.25,0.25
P1a,403,0.78613281,7.716628670829947e-11,0.04652995915130778,0.75,0.25,0.25
P1a,404,0.78808594,5.435232275846171e-11,0.04374924498716695,0.75,0.25,0.25
P1a,405,0.79003906,3.819206809767399e-11,0.04111747135548525,0.75,0.25,0.25
P1a,406,0.79199219,2.677273903868272e-11,0.038627818261295424,0.75,0.25,0.25
P1a,407,0.79394531,1.8723067150089338e-11,0.036273704035307164,0.75,0.25,0.25
P1a,408,0.79589844,1.3062483240142133e-11,0.034048781600465296,0.75,0.25,0.25
P1a,409,0.79785156,9.091573599274249e-12,0.03194693448883278,0.75,0.25,0.25
P1a,410,0.79980469,6.3127259019780146e-12,0.029962272633716463,0.75,0.25,0.25
P1a,411,0.80175781,4.3727975180215e-12,0.028089127961070017,0.75,0.25,0.25
P1a,412,0.80371094,3.021804504496938e-12,0.0263220498032998,0.75,0.25,0.25
P1a,413,0.80566406,2.0832333617959087e-12,0.02465580015767275,0.75,0.25,0.25
P1a,414,0.80761719,1.4327619548466628e-12,0.02308534881058286,0.75,0.25,0.25
P1a,415,0.80957031,9.830479934491185e-13,0.021605868347982046,0.75,0.25,0.25
P1a,416,0.81152344,6.728836295093046e-13,0.020212729071322145,0.75,0.25,0.25
P1a,417,0.81347656,4.594833357412826e-13,0.018901493837395984,0.75,0.25,0.25
P1a,418,0.81542969,3.1301426441593345e-13,0.01766791283950596,0.75,0.25,0.25
P1a,419,0.81738281,2.12727215081947e-13,0.016507918346435415,0.75,0.25,0.25
P1a,420,0.81933594,1.4422699038977065e-13,0.015417619414752618,0.75,0.25,0.25
P1a,421,0.82128906,9.755164313041172e-14,0.01439329658904207,0.75,0.25,0.25
P1a,422,0.82324219,6.582444378169105e-14,0.01343139660373742,0.75,0.25,0.25
P1a,423,0.82519531,4.431026714009523e-14,0.01252852709932536,0.75,0.25,0.25
P1a,424,0.82714844,2.9756791361048965e-14,0.011681451364803313,0.75,0.25,0.25
P1a,425,0.82910156,1.9935741461410857e-14,0.010887083117407855,0.75,0.25,0.25
P1a,426,0.83105469,1.332426455170493e-14,0.010142481329786963,0.75,0.25,0.25
P1a,427,0.83300781,8.884206865513723e-15,0.009444845113969102,0.75,0.25,0.25
P1a,428,0.83496094,5.909607525538605e-15,0.008791508670687195,0.75,0.25,0.25
P1a,429,0.83691406,3.9215989444158405e-15,0.008179936311847161,0.75,0.25,0.25
P1a,430,0.83886719,2.5961649133662224e-15,0.00760771756318918,0.75,0.25,0.25
P1a,431,0.84082031,1.7146123072285199e-15,0.007072562353477142,0.75,0.25,0.25
P1a,432,0.84277344,1.1297026784755183e-15,0.006572296295867244,0.75,0.25,0.25
P1a,433,0.84472656,7.425521184953089e-16,0.006104856066451969,0.75,0.25,0.25
P1a,434,0.84667969,4.869162691952425e-16,0.005668284884350329,0.75,0.25,0.25
P1a,435,0.84863281,3.1852695600276717e-16,0.005260728097119885,0.75,0.25,0.25
P1a,436,0.85058594,2.0787518949013552e-16,0.004880428874700531,0.75,0.25,0.25
P1a,437,0.85253906,1.353392253003392e-16,0.004525724014564433,0.75,0.25,0.25
P1a,438,0.85449219,8.790412909601912e-17,0.004195039860240357,0.75,0.25,0.25
P1a,439,0.85644531,5.695861574331907e-17,0.003886888334904208,0.75,0.25,0.25
P1a,440,0.85839844,3.681918219963792e-17,0.003599863091279778,0.75,0.25,0.25
P1a,441,0.86035156,2.3743974172752665e-17,0.0033326357786746664,0.75,0.25,0.25
P1a,442,0.86230469,1.5275563701449848e-17,0.00308395242758517,0.75,0.25,0.25
P1a,443,0.86425781,9.804052795798566e-18,0.0028526299519400613,0.75,0.25,0.25
P1a,444,0.86621094,6.277382585546693e-18,0.0026375527687160704,0.75,0.25,0.25
P1a,445,0.86816406,4.009739109187064e-18,0.0024376695343464577,0.75,0.25,0.25
P1a,446,0.87011719,2.5551605637776066e-18,0.0022519899970580215,0.75,0.25,0.25
P1a,447,0.87207031,1.6243695387635204e-18,0.00207958196400982,0.75,0.25,0.25
P1a,448,0.87402344,1.0301869372710855e-18,0.0019195683818684062,0.75,0.25,0.25
P1a,449,0.87597656,6.517961667582963e-19,0.001771124529238298,0.75,0.25,0.25
P1a,450,0.87792969,4.1140742603952835e-19,0.0016334753191718848,0.75,0.25,0.25
P1a,451,0.87988281,2.5905800243540657e-19,0.0015058927098091188,0.75,0.25,0.25
P1a,452,0.88183594,1.62737057644681e-19,0.00138769322104314,0.75,0.25,0.25
P1a,453,0.88378906,1.0198597868543407e-19,0.0012782355549724525,0.75,0.25,0.25
P1a,454,0.88574219,6.376157518825463e-20,0.0011769183177826096,0.75,0.25,0.25
P1a,455,0.88769531,3.976877085938364e-20,0.0010831778405993775,0.75,0.25,0.25
P1a,456,0.88964844,2.474513688229073e-20,0.0009964860967703207,0.75,0.25,0.25
P1a,457,0.89160156,1.5360385451456768e-20,0.0009163487129615931,0.75,0.25,0.25
P1a,458,0.89355469,9.512155223009019e-21,0.0008423030714005637,0.75,0.25,0.25
P1a,459,0.89550781,5.876521164431973e-21,0.0007739165005518582,0.75,0.25,0.25
P1a,460,0.89746094,3.621814823043536e-21,0.000710784551483562,0.75,0.25,0.25
P1a,461,0.89941406,2.2268796180980035e-21,0.0006525293571607885,0.75,0.25,0.25
P1a,462,0.90136719,1.3659405568953153e-21,0.000598798071894853,0.75,0.25,0.25
P1a,463,0.90332031,8.358559169228235e-22,0.000549261388176982,0.75,0.25,0.25
P1a,464,0.90527344,5.102647921692476e-22,0.00050361212813505,0.75,0.25,0.25
P1a,465,0.90722656,3.10759452037034e-22,0.0004615639068696389,0.75,0.25,0.25
P1a,466,0.90917969,1.8880680876949053e-22,0.0004228498649508306,0.75,0.25,0.25
P1a,467,0.91113281,1.1443938570645866e-22,0.0003872214673890844,0.75,0.25,0.25
P1a,468,0.91308594,6.91987015307641e-23,0.00035444736643147975,0.75,0.25,0.25
P1a,469,0.91503906,4.1743122648504885e-23,0.0003243123255780036,0.75,0.25,0.25
P1a,470,0.91699219,2.5120974565874502e-23,0.0002966162022607725,0.75,0.25,0.25
P1a,471,0.91894531,1.5081779777287965e-23,0.00027117298668154503,0.75,0.25,0.25
P1a,472,0.92089844,9.033026148280529e-24,0.0002478098943590747,0.75,0.25,0.25
P1a,473,0.92285156,5.397324145015959e-24,0.0002263665099972494,0.75,0.25,0.25
P1a,474,0.92480469,3.217275828226993e-24,0.00020669398034710705,0.75,0.25,0.25
P1a,475,0.92675781,1.9132100445918403e-24,0.00018865425380024722,0.75,0.25,0.25
P1a,476,0.92871094,1.1350149183076081e-24,0.0001721193645174788,0.75,0.25,0.25
P1a,477,0.93066406,6.717459373982283e-25,0.00015697075896434134,0.75,0.25,0.25
P1a,478,0.93261719,3.9661861041130667e-25,0.00014309866279409454,0.75,0.25,0.25
P1a,479,0.93457031,2.33617670946731e-25,0.00013040148608852974,0.75,0.25,0.25
P1a,480,0.93652344,1.3727860347591916e-25,0.00011878526503721607,0.75,0.25,0.25
P1a,481,0.93847656,8.04756654103096e-26,0.00010816313820631369,0.75,0.25,0.25
P1a,482,0.94042969,4.706421956087119e-26,9.845485561856468e-05,0.75,0.25,0.25
P1a,483,0.94238281,2.7458809733577907e-26,8.958631893633045e-05,0.75,0.25,0.25
P1a,484,0.94433594,1.5982220400080392e-26,8.148915110934787e-05,0.75,0.25,0.25
P1a,485,0.94628906,9.280194624306214e-27,7.410029391806821e-05,0.75,0.25,0.25
P1a,486,0.94824219,5.375781575737906e-27,6.73616319118423e-05,0.75,0.25,0.25
P1a,487,0.95019531,3.106638398985019e-27,6.121964130870196e-05,0.75,0.25,0.25
P1a,488,0.95214844,1.7910361788264006e-27,5.562506248993023e-05,0.75,0.25,0.25
P1a,489,0.95410156,1.0301075556066412e-27,5.0532594787915145e-05,0.75,0.25,0.25
P1a,490,0.95605469,5.9105153270626425e-28,4.5900612329851365e-05,0.75,0.25,0.25
P1a,491,0.95800781,3.383239046163402e-28,4.1690899762633854e-05,0.75,0.25,0.25
P1a,492,0.95996094,1.931988700987756e-28,3.78684067457134e-05,0.75,0.25,0.25
P1a,493,0.96191406,1.1006292269667573e-28,3.4401020158717535e-05,0.75,0.25,0.25
P1a,494,0.96386719,6.255212407707236e-29,3.125935302926292e-05,0.75,0.25,0.25
P1a,495,0.96582031,3.546562709268699e-29,2.841654924357358e-05,0.75,0.25,0.25
P1a,496,0.96777344,2.0060316773734807e-29,2.5848103158274536e-05,0.75,0.25,0.25
P1a,497,0.96972656,1.1319636807906518e-29,2.353169328606192e-05,0.75,0.25,0.25
P1a,498,0.97167969,6.372234716693629e-30,2.1447029280875525e-05,0.75,0.25,0.25
P1a,499,0.97363281,3.578620227103252e-30,1.9575711499742293e-05,0.75,0.25,0.25
P1a,500,0.97558594,2.0049524283414e-30,1.7901102468660124e-05,0.75,0.25,0.25
P1a,501,0.97753906,1.1206171555191874e-30,1.6408209628789658e-05,0.75,0.25,0.25
P1a,502,0.97949219,6.248497608381459e-31,1.508357878687018e-05,0.75,0.25,0.25
P1a,503,0.98144531,3.4758457508354985e-31,1.3915197740229869e-05,0.75,0.25,0.25
P1a,504,0.98339844,1.9289309084067107e-31,1.2892409592084534e-05,0.75,0.25,0.25
P1a,505,0.98535156,1.0679728548506561e-31,1.2005835317079001e-05,0.75,0.25,0.25
P1a,506,0.98730469,5.899912855788854e-32,1.1247305180296567e-05,0.75,0.25,0.25
P1a,507,0.98925781,3.2535485925229934e-32,1.0609798655318618e-05,0.75,0.25,0.25
P1a,508,0.99121094,1.7935713127758414e-32,1.0087392528443023e-05,0.75,0.25,0.25
P1a,509,0.99316406,9.931621305857932e-33,9.675216916947828e-06,0.75,0.25,0.25
P1a,510,0.99511719,5.611768745821896e-33,9.36941896940402e-06,0.75,0.25,0.25
P1a,511,0.99707031,3.393022879023523e-33,9.16713405558926e-06,0.75,0.25,0.25
P1a,512,0.99902344,2.457034913863316e-33,9.066464292622397e-06,0.75,0.25,0.25
P1b,1,0.00097656,2.457034913863316e-33,5.8620548243408e-08,0.5,0.5,0.25
P1b,2,0.00292969,3.393022879023523e-33,5.987167671422314e-08,0.5,0.5,0.25
P1b,3,0.00488281,5.611768745821896e-33,6.239769044050123e-08,0.5,0.5,0.25
P1b,4,0.00683594,9.931621305857932e-33,6.624649464763556e-08,0.5,0.5,0.25
P1b,5,0.00878906,1.7935713127758414e-32,7.149093170624067e-08,0.5,0.5,0.25
P1b,6,0.01074219,3.2535485925229934e-32,7.822997772724564e-08,0.5,0.5,0.25
P1b,7,0.01269531,5.899912855788854e-32,8.65903634555687e-08,0.5,0.5,0.25
P1b,8,0.01464844,1.0679728548506561e-31,9.672864161069449e-08,0.5,0.5,0.25
P1b,9,0.01660156,1.9289309084067107e-31,1.0883372879756628e-07,0.5,0.5,0.25
P1b,10,0.01855469,3.4758457508354985e-31,1.2312995638268037e-07,0.5,0.5,0.25
P1b,11,0.02050781,6.248497608381459e-31,1.3988067136186076e-07,0.5,0.5,0.25
P1b,12,0.02246094,1.1206171555191874e-30,1.5939243530394532e-07,0.5,0.5,0.25
P1b,13,0.02441406,2.0049524283414e-30,1.8201987700750242e-07,0.5,0.5,0.25
P1b,14,0.02636719,3.578620227103252e-30,2.0817126262780562e-07,0.5,0.5,0.25
P1b,15,0.02832031,6.372234716693629e-30,2.3831485579446063e-07,0.5,0.5,0.25
P1b,16,0.03027344,1.1319636807906518e-29,2.729861497260664e-07,0.5,0.5,0.25
P1b,17,0.03222656,2.0060316773734807e-29,3.127960636414579e-07,0.5,0.5,0.25
P1b,18,0.03417969,3.546562709268699e-29,3.5844020695650563e-07,0.5,0.5,0.25
P1b,19,0.03613281,6.255212407707236e-29,4.107093269356155e-07,0.5,0.5,0.25
P1b,20,0.03808594,1.1006292269667573e-28,4.705010687381484e-07,0.5,0.5,0.25
P1b,21,0.04003906,1.931988700987756e-28,5.388331912680079e-07,0.5,0.5,0.25
P1b,22,0.04199219,3.383239046163402e-28,6.168583980125901e-07,0.5,0.5,0.25
P1b,23,0.04394531,5.9105153270626425e-28,7.058809592644759e-07,0.5,0.5,0.25
P1b,24,0.04589844,1.0301075556066412e-27,8.073753208826269e-07,0.5,0.5,0.25
P1b,25,0.04785156,1.7910361788264006e-27,9.230069152038487e-07,0.5,0.5,0.25
P1b,26,0.04980469,3.106638398985019e-27,1.0546554120022407e-06,0.5,0.5,0.25
P1b,27,0.05175781,5.375781575737906e-27,1.204440671664938e-06,0.5,0.5,0.25
P1b,28,0.05371094,9.280194624306214e-27,1.3747516891658894e-06,0.5,0.5,0.25
P1b,29,0.05566406,1.5982220400080392e-26,1.5682788461437017e-06,0.5,0.5,0.25
P1b,30,0.05761719,2.7458809733577907e-26,1.788049819601808e-06,0.5,0.5,0.25
P1b,31,0.05957031,4.706421956087119e-26,2.0374695296356566e-06,0.5,0.5,0.25
P1b,32,0.06152344,8.04756654103096e-26,2.320364545347848e-06,0.5,0.5,0.25
P1b,33,0.06347656,1.3727860347591916e-25,2.6410324079432814e-06,0.5,0.5,0.25
P1b,34,0.06542969,2.33617670946731e-25,3.0042963731165814e-06,0.5,0.5,0.25
P1b,35,0.06738281,3.9661861041130667e-25,3.415566121477491e-06,0.5,0.5,0.25
P1b,36,0.06933594,6.717459373982283e-25,3.880905036138853e-06,0.5,0.5,0.25
P1b,37,0.07128906,1.1350149183076081e-24,4.4071047009585425e-06,0.5,0.5,0.25
P1b,38,0.07324219,1.9132100445918403e-24,5.001767331531016e-06,0.5,0.5,0.25
P1b,39,0.07519531,3.217275828226993e-24,5.673396914124872e-06,0.5,0.5,0.25
P1b,40,0.07714844,5.397324145015959e-24,6.431499895624956e-06,0.5,0.5,0.25
P1b,41,0.07910156,9.033026148280529e-24,7.286696340433902e-06,0.5,0.5,0.25
P1b,42,0.08105469,1.5081779777287965e-23,8.25084254849687e-06,0.5,0.5,0.25
P1b,43,0.08300781,2.5120974565874502e-23,9.337166212416057e-06,0.5,0.5,0.25
P1b,44,0.08496094,4.1743122648504885e-23,1.0560415281306592e-05,0.5,0.5,0.25
P1b,45,0.08691406,6.91987015307641e-23,1.1937021794897697e-05,0.5,0.5,0.25
P1b,46,0.08886719,1.1443938570645866e-22,1.3485282053694134e-05,0.5,0.5,0.25
P1b,47,0.09082031,1.8880680876949053e-22,1.5225554600065658e-05,0.5,0.5,0.25
P1b,48,0.09277344,3.10759452037034e-22,1.7180477601213225e-05,0.5,0.5,0.25
P1b,49,0.09472656,5.102647921692476e-22,1.9375207348342218e-05,0.5,0.5,0.25
P1b,50,0.09667969,8.358559169228235e-22,2.1837679717326262e-05,0.5,0.5,0.25
P1b,51,0.09863281,1.3659405568953153e-21,2.4598896574924062e-05,0.5,0.5,0.25
P1b,52,0.10058594,2.2268796180980035e-21,2.7693239261455548e-05,0.5,0.5,0.25
P1b,53,0.10253906,3.621814823043536e-21,3.115881143597794e-05,0.5,0.5,0.25
P1b,54,0.10449219,5.876521164431973e-21,3.503781373362204e-05,0.5,0.5,0.25
P1b,55,0.10644531,9.512155223009019e-21,3.937695285703098e-05,0.5,0.5,0.25
P1b,56,0.10839844,1.5360385451456768e-20,4.4227887904924175e-05,0.5,0.5,0.25
P1b,57,0.11035156,2.474513688229073e-20,4.964771693079875e-05,0.5,0.5,0.25
P1b,58,0.11230469,3.976877085938364e-20,5.569950692373828e-05,0.5,0.5,0.25
P1b,59,0.11425781,6.376157518825463e-20,6.245287061124264e-05,0.5,0.5,0.25
P1b,60,0.11621094,1.0198597868543407e-19,6.998459370088725e-05,0.5,0.5,0.25
P1b,61,0.11816406,1.62737057644681e-19,7.837931640336685e-05,0.5,0.5,0.25
P1b,62,0.12011719,2.5905800243540657e-19,8.773027331391884e-05,0.5,0.5,0.25
P1b,63,0.12207031,4.1140742603952835e-19,9.814009597201784e-05,0.5,0.5,0.25
P1b,64,0.12402344,6.517961667582963e-19,0.0001097216826702717,0.5,0.5,0.25
P1b,65,0.12597656,1.0301869372710855e-18,0.00012259914034222746,0.5,0.5,0.25
P1b,66,0.12792969,1.6243695387635204e-18,0.00013690880362481623,0.5,0.5,0.25
P1b,67,0.12988281,2.5551605637776066e-18,0.00015280033646382108,0.5,0.5,0.25
P1b,68,0.13183594,4.009739109187064e-18,0.00017043792190934206,0.5,0.5,0.25
P1b,69,0.13378906,6.277382585546693e-18,0.00019000154603190025,0.5,0.5,0.25
P1b,70,0.13574219,9.804052795798566e-18,0.00021168838217763128,0.5,0.5,0.25
P1b,71,0.13769531,1.5275563701449848e-17,0.00023571428207183896,0.5,0.5,0.25
P1b,72,0.13964844,2.3743974172752665e-17,0.0002623153805727995,0.5,0.5,0.25
P1b,73,0.14160156,3.681918219963792e-17,0.0002917498211706835,0.5,0.5,0.25
P1b,74,0.14355469,5.695861574331907e-17,0.0003242996096182584,0.5,0.5,0.25
P1b,75,0.14550781,8.790412909601912e-17,0.000360272603368927,0.5,0.5,0.25
P1b,76,0.14746094,1.353392253003392e-16,0.00040000464478166266,0.5,0.5,0.25
P1b,77,0.14941406,2.0787518949013552e-16,0.0004438618463295331,0.5,0.5,0.25
P1b,78,0.15136719,3.1852695600276717e-16,0.000492243036316322,0.5,0.5,0.25
P1b,79,0.15332031,4.869162691952425e-16,0.0005455823738619262,0.5,0.5,0.25
P1b,80,0.15527344,7.425521184953089e-16,0.0006043521421588547,0.5,0.5,0.25
P1b,81,0.15722656,1.1297026784755183e-15,0.0006690657292265535,0.5,0.5,0.25
P1b,82,0.15917969,1.7146123072285199e-15,0.0007402808055941228,0.5,0.5,0.25
P1b,83,0.16113281,2.5961649133662224e-15,0.0008186027085220993,0.5,0.5,0.25
P1b,84,0.16308594,3.9215989444158405e-15,0.0009046880425266954,0.5,0.5,0.25
P1b,85,0.16503906,5.909607525538605e-15,0.0009992485060914462,0.5,0.5,0.25
P1b,86,0.16699219,8.884206865513723e-15,0.0011030549545377056,0.5,0.5,0.25
P1b,87,0.16894531,1.332426455170493e-14,0.001216941709072546,0.5,0.5,0.25
P1b,88,0.17089844,1.9935741461410857e-14,0.0013418111220360777,0.5,0.5,0.25
P1b,89,0.17285156,2.9756791361048965e-14,0.0014786384083252258,0.5,0.5,0.25
P1b,90,0.17480469,4.431026714009523e-14,0.0016284767528730634,0.5,0.5,0.25
P1b,91,0.17675781,6.582444378169105e-14,0.001792462703906644,0.5,0.5,0.25
P1b,92,0.17871094,9.755164313041172e-14,0.001971821861487024,0.5,0.5,0.25
P1b,93,0.18066406,1.4422699038977065e-13,0.002167874870547386,0.5,0.5,0.25
P1b,94,0.18261719,2.12727215081947e-13,0.0023820437272835944,0.5,0.5,0.25
P1b,95,0.18457031,3.1301426441593345e-13,0.0026158584073105624,0.5,0.5,0.25
P1b,96,0.18652344,4.594833357412826e-13,0.002870963823472005,0.5,0.5,0.25
P1b,97,0.18847656,6.728836295093046e-13,0.0031491271205748355,0.5,0.5,0.25
P1b,98,0.19042969,9.830479934491185e-13,0.003452245313607097,0.5,0.5,0.25
P1b,99,0.19238281,1.4327619548466628e-12,0.0037823532751841958,0.5,0.5,0.25
P1b,100,0.19433594,2.0832333617959087e-12,0.004141632077047098,0.5,0.5,0.25
P1b,101,0.19628906,3.021804504496938e-12,0.00453241768940223,0.5,0.5,0.25
P1b,102,0.19824219,4.3727975180215e-12,0.0049572100407412854,0.5,0.5,0.25
P1b,103,0.20019531,6.3127259019780146e-12,0.005418682439504676,0.5,0.5,0.25
P1b,104,0.20214844,9.091573599274249e-12,0.005919691357550408,0.5,0.5,0.25
P1b,105,0.20410156,1.3062483240142133e-11,0.006463286573855896,0.5,0.5,0.25
P1b,106,0.20605469,1.8723067150089338e-11,0.007052721675210187,0.5,0.5,0.25
P1b,107,0.20800781,2.677273903868272e-11,0.007691464908844045,0.5,0.5,0.25
P1b,108,0.20996094,3.819206809767399e-11,0.00838321037999243,0.5,0.5,0.25
P1b,109,0.21191406,5.435232275846171e-11,0.009131889585285753,0.5,0.5,0.25
P1b,110,0.21386719,7.716628670829947e-11,0.009941683270620599,0.5,0.5,0.25
P1b,111,0.21582031,1.092953429667008e-10,0.010817033599766566,0.5,0.5,0.25
P1b,112,0.21777344,1.5443305881451808e-10,0.011762656617422752,0.5,0.5,0.25
P1b,113,0.21972656,2.1769249205503842e-10,0.012783554987746025,0.5,0.5,0.25
P1b,114,0.22167969,3.061337347629812e-10,0.013885030986534413,0.5,0.5,0.25
P1b,115,0.22363281,4.294805394035297e-10,0.015072699722266035,0.5,0.5,0.25
P1b,116,0.22558594,6.010911741128127e-10,0.016352502558069335,0.5,0.5,0.25
P1b,117,0.22753906,8.392701438581602e-10,0.01773072070343939,0.5,0.5,0.25
P1b,118,0.22949219,1.1690356565228843e-09,0.01921398894112371,0.5,0.5,0.25
P1b,119,0.23144531,1.6244947151662565e-09,0.020809309451085684,0.5,0.5,0.25
P1b,120,0.23339844,2.252026046798518e-09,0.022524065689823496,0.5,0.5,0.25
P1b,121,0.23535156,3.114534004765558e-09,0.024366036279587555,0.5,0.5,0.25
P1b,122,0.23730469,4.2971182587492804e-09,0.02634340885821054,0.5,0.5,0.25
P1b,123,0.23925781,5.9146097661076864e-09,0.028464793836354276,0.5,0.5,0.25
P1b,124,0.24121094,8.12155982053839e-09,0.030739238005002275,0.5,0.5,0.25
P1b,125,0.24316406,1.1125444210234095e-08,0.0331762379320003,0.5,0.5,0.25
P1b,126,0.24511719,1.520406908349939e-08,0.03578575308238903,0.5,0.5,0.25
P1b,127,0.24707031,2.0728451967779248e-08,0.03857821859320078,0.5,0.5,0.25
P1b,128,0.24902344,2.819281659331187e-08,0.04156455762932835,0.5,0.5,0.25
P1b,129,0.25097656,3.8253803606102346e-08,0.04475619324303985,0.5,0.5,0.25
P1b,130,0.25292969,5.1781585380123575e-08,0.04816505965573442,0.5,0.5,0.25
P1b,131,0.25488281,6.992631194865307e-08,0.05180361287663417,0.5,0.5,0.25
P1b,132,0.25683594,9.420424318691886e-08,0.05568484056931548,0.5,0.5,0.25
P1b,133,0.25878906,1.2660908430519005e-07,0.059822271073328416,0.5,0.5,0.25
P1b,134,0.26074219,1.6975549132427336e-07,0.06422998148466244,0.5,0.5,0.25
P1b,135,0.26269531,2.270635154072224e-07,0.06892260469552568,0.5,0.5,0.25
P1b,136,0.26464844,3.029949875437468e-07,0.07391533529084328,0.5,0.5,0.25
P1b,137,0.26660156,4.033556010181023e-07,0.07922393419608494,0.5,0.5,0.25
P1b,138,0.26855469,5.356798386555134e-07,0.08486473196853014,0.5,0.5,0.25
P1b,139,0.27050781,7.097200453864707e-07,0.09085463062191768,0.5,0.5,0.25
P1b,140,0.27246094,9.380660174009194e-07,0.09721110387263085,0.5,0.5,0.25
P1b,141,0.27441406,1.2369276461753626e-06,0.10395219569418,0.5,0.5,0.25
P1b,142,0.27636719,1.6271206270944474e-06,0.1110965170657999,0.5,0.5,0.25
P1b,143,0.27832031,2.1353042587331605e-06,0.11866324080051245,0.5,0.5,0.25
P1b,144,0.28027344,2.7955311961998526e-06,0.1266720943380541,0.5,0.5,0.25
P1b,145,0.28222656,3.6511819951198207e-06,0.13514335038866776,0.5,0.5,0.25
P1b,146,0.28417969,4.75737274840285e-06,0.14409781531494342,0.5,0.5,0.25
P1b,147,0.28613281,6.183942476576682e-06,0.1535568151406994,0.5,0.5,0.25
P1b,148,0.28808594,8.019148630824485e-06,0.16354217907835025,0.5,0.5,0.25
P1b,149,0.29003906,1.0374224599390558e-05,0.17407622046934906,0.5,0.5,0.25
P1b,150,0.29199219,1.3388983012570728e-05,0.18518171503614125,0.5,0.5,0.25
P1b,151,0.29394531,1.723868350329749e-05,0.19688187634865364,0.5,0.5,0.25
P1b,152,0.29589844,2.2142424023832474e-05,0.20920032841369218,0.5,0.5,0.25
P1b,153,0.29785156,2.8373361502364648e-05,0.22216107530174967,0.5,0.5,0.25
P1b,154,0.29980469,3.627112122835951e-05,0.23578846773265316,0.5,0.5,0.25
P1b,155,0.30175781,4.6256815574870414e-05,0.2501071665492181,0.5,0.5,0.25
P1b,156,0.30371094,5.8851162185320366e-05,0.2651421030166415,0.5,0.5,0.25
P1b,157,0.30566406,7.469627022783129e-05,0.2809184358947477,0.5,0.5,0.25
P1b,158,0.30761719,9.458175135136968e-05,0.29746150524042114,0.5,0.5,0.25
P1b,159,0.30957031,0.00011947591007350636,0.31479678290859475,0.5,0.5,0.25
P1b,160,0.31152344,0.0001505628768674557,0.33294981973201454,0.5,0.5,0.25
P1b,161,0.31347656,0.00018928666639670276,0.35194618937265454,0.5,0.5,0.25
P1b,162,0.31542969,0.0002374032731379326,0.3718114288510812,0.5,0.5,0.25
P1b,163,0.31738281,0.00029704205671380425,0.39257097577425265,0.5,0.5,0.25
P1b,164,0.31933594,0.0003707778189429849,0.4142501022971341,0.5,0.5,0.25
P1b,165,0.32128906,0.0004617151327884866,0.43687384586910233,0.5,0.5,0.25
P1b,166,0.32324219,0.0005735866484163001,0.46046693683232415,0.5,0.5,0.25
P1b,167,0.32519531,0.0007108672712379661,0.48505372295610744,0.5,0.5,0.25
P1b,168,0.32714844,0.000878906278195087,0.510658091008556,0.5,0.5,0.25
P1b,169,0.32910156,0.0010840796079768546,0.5373033854846623,0.5,0.5,0.25
P1b,170,0.33105469,0.001333964723822125,0.5650123246281709,0.5,0.5,0.25
P1b,171,0.33300781,0.0016375405986025922,0.5938069139030584,0.5,0.5,0.25
P1b,172,0.33496094,0.002005415504586071,0.6237083570892404,0.5,0.5,0.25
P1b,173,0.33691406,0.0024500853971807426,0.6547369651960087,0.5,0.5,0.25
P1b,174,0.33886719,0.0029862257545487333,0.6869120634056851,0.5,0.5,0.25
P1b,175,0.34082031,0.00363101976368373,0.7202518962788815,0.5,0.5,0.25
P1b,176,0.34277344,0.004404525717789597,0.7547735314715522,0.5,0.5,0.25
P1b,177,0.34472656,0.0053300863980529755,0.7904927622325475,0.5,0.5,0.25
P1b,178,0.34667969,0.006434783042835534,0.8274240089685472,0.5,0.5,0.25
P1b,179,0.34863281,0.007749936245945964,0.8655802201809487,0.5,0.5,0.25
P1b,180,0.35058594,0.009311655759611227,0.9049727730963781,0.5,0.5,0.25
P1b,181,0.35253906,0.011161440693571605,0.9456113743288884,0.5,0.5,0.25
P1b,182,0.35449219,0.013346830986159422,0.987503960927458,0.5,0.5,0.25
P1b,183,0.35644531,0.015922110263769645,1.0306566021770072,0.5,0.5,0.25
P1b,184,0.35839844,0.018949059290476265,1.0750734025346746,0.5,0.5,0.25
P1b,185,0.36035156,0.022497758130144086,1.1207564060954263,0.5,0.5,0.25
P1b,186,0.36230469,0.026647433892079443,1.1677055029920853,0.5,0.5,0.25
P1b,187,0.36425781,0.031487349503974395,1.2159183381444516,0.5,0.5,0.25
P1b,188,0.36621094,0.03711772735232914,1.265390222780232,0.5,0.5,0.25
P1b,189,0.36816406,0.04365069985490319,1.3161140491568672,0.5,0.5,0.25
P1b,190,0.37011719,0.051211277091507364,1.3680802089180029,0.5,0.5,0.25
P1b,191,0.37207031,0.05993831953401407,1.4212765155211038,0.5,0.5,0.25
P1b,192,0.37402344,0.06998550170583477,1.4756881311735583,0.5,0.5,0.25
P1b,193,0.37597656,0.08152225029444984,1.5312974987134196,0.5,0.5,0.25
P1b,194,0.37792969,0.09473463787463382,1.5880842788676408,0.5,0.5,0.25
P1b,195,0.37988281,0.10982621101942942,1.6460252933151904,0.5,0.5,0.25
P1b,196,0.38183594,0.1270187292332889,1.7050944739747556,0.5,0.5,0.25
P1b,197,0.38378906,0.14655278889754414,1.7652628189267976,0.5,0.5,0.25
P1b,198,0.38574219,0.1686883043403255,1.8264983553674652,0.5,0.5,0.25
P1b,199,0.38769531,0.19370481630578107,1.8887661099773236,0.5,0.5,0.25
P1b,200,0.38964844,0.2219015965811926,1.9520280870709672,0.5,0.5,0.25
P1b,201,0.39160156,0.2535975164299256,2.016243254874376,0.5,0.5,0.25
P1b,202,0.39355469,0.28913064586028797,2.081367540255396,0.5,0.5,0.25
P1b,203,0.39550781,0.32885755072309664,2.1473538322089425,0.5,0.5,0.25
P1b,204,0.39746094,0.37315225526006185,2.2141519943725734,0.5,0.5,0.25
P1b,205,0.39941406,0.4224048391025293,2.281708886819958,0.5,0.5,0.25
P1b,206,0.40136719,0.4770196399198407,2.3499683973495578,0.5,0.5,0.25
P1b,207,0.40332031,0.5374130360022464,2.4188714824537083,0.5,0.5,0.25
P1b,208,0.40527344,0.6040107870848936,2.4883562181192156,0.5,0.5,0.25
P1b,209,0.40722656,0.6772449167099038,2.5583578605748336,0.5,0.5,0.25
P1b,210,0.40917969,0.7575501253957868,2.628808917063571,0.5,0.5,0.25
P1b,211,0.41113281,0.84535973082714,2.6996392266789444,0.5,0.5,0.25
P1b,212,0.41308594,0.9411011391566687,2.770776051264122,0.5,0.5,0.25
P1b,213,0.41503906,1.0451908602619604,2.842144176331645,0.5,0.5,0.25
P1b,214,0.41699219,1.1580290893273733,2.9136660219191834,0.5,0.5,0.25
P1b,215,0.41894531,1.279993887302496,2.985261763253834,0.5,0.5,0.25
P1b,216,0.42089844,1.4114350034677228,3.056849461053984,0.5,0.5,0.25
P1b,217,0.42285156,1.5526673943293867,3.1283452012539392,0.5,0.5,0.25
P1b,218,0.42480469,1.7039645041581832,3.19966324389262,0.5,0.5,0.25
P1b,219,0.42675781,1.865551383436322,3.270716180863852,0.5,0.5,0.25
P1b,220,0.42871094,2.0375977320304806,3.341415102182357,0.5,0.5,0.25
P1b,221,0.43066406,2.2202109637818497,3.411669770376756,0.5,0.5,0.25
P1b,222,0.43261719,2.413429398113344,3.48138880257891,0.5,0.5,0.25
P1b,223,0.43457031,2.617215691905245,3.550479859838049,0.5,0.5,0.25
P1b,224,0.43652344,2.831450630995762,3.6188498431485647,0.5,0.5,0.25
P1b,225,0.43847656,3.055927404945471,3.686405095642326,0.5,0.5,0.25
P1b,226,0.44042969,3.290346490908249,3.7530516103601466,0.5,0.5,0.25
P1b,227,0.44238281,3.53431127234906,3.8186952429828156,0.5,0.5,0.25
P1b,228,0.44433594,3.787324515751703,3.8832419288701323,0.5,0.5,0.25
P1b,229,0.44628906,4.048785823224553,3.9465979037268095,0.5,0.5,0.25
P1b,230,0.44824219,4.317990170950166,4.008669927187248,0.5,0.5,0.25
P1b,231,0.45019531,4.594127632706654,4.069365508587069,0.5,0.5,0.25
P1b,232,0.45214844,4.876284374251919,4.128593134168262,0.5,0.5,0.25
P1b,233,0.45410156,5.1634449883125,4.186262494946871,0.5,0.5,0.25
P1b,234,0.45605469,5.454496221434744,4.24228471445756,0.5,0.5,0.25
P1b,235,0.45800781,5.748232123286844,4.296572575578234,0.5,0.5,0.25
P1b,236,0.45996094,6.043360626464485,4.349040745630274,0.5,0.5,0.25
P1b,237,0.46191406,6.338511540834622,4.399605998945991,0.5,0.5,0.25
P1b,238,0.46386719,6.632245921394076,4.44818743609458,0.5,0.5,0.25
P1b,239,0.46582031,6.923066743015015,4.494706698961409,0.5,0.5,0.25
P1b,240,0.46777344,7.2094307898312495,4.53908818088268,0.5,0.5,0.25
P1b,241,0.46972656,7.489761641947748,4.581259231048627,0.5,0.5,0.25
P1b,242,0.47167969,7.762463618205754,4.621150352403189,0.5,0.5,0.25
P1b,243,0.47363281,8.025936511481067,4.658695392286749,0.5,0.5,0.25
P1b,244,0.47558594,8.278590932991351,4.6938317250907176,0.5,0.5,0.25
P1b,245,0.47753906,8.518864064866106,4.726500426218682,0.5,0.5,0.25
P1b,246,0.47949219,8.745235606269688,4.756646436678126,0.5,0.5,0.25
P1b,247,0.48144531,8.95624368808148,4.784218717659508,0.5,0.5,0.25
P1b,248,0.48339844,9.150500524871676,4.809170394495462,0.5,0.5,0.25
P1b,249,0.48535156,9.326707570923439,4.831458889431846,0.5,0.5,0.25
P1b,250,0.48730469,9.483669949504193,4.851046042684372,0.5,0.5,0.25
P1b,251,0.48925781,9.62030993153972,4.867898221299055,0.5,0.5,0.25
P1b,252,0.49121094,9.735679251247388,4.881986415381851,0.5,0.5,0.25
P1b,253,0.49316406,9.828970061983593,4.893286321312088,0.5,0.5,0.25
P1b,254,0.49511719,9.899524355294515,4.9017784116056,0.5,0.5,0.25
P1b,255,0.49707031,9.946841689566032,4.907447991146455,0.5,0.5,0.25
P1b,256,0.49902344,9.970585101293073,4.910285239560637,0.5,0.5,0.25
P1b,257,0.50097656,9.970585101293073,4.910285239560637,0.5,0.5,0.25
P1b,258,0.50292969,9.946841689566032,4.907447991146455,0.5,0.5,0.25
P1b,259,0.50488281,9.899524355294515,4.9017784116056,0.5,0.5,0.25
P1b,260,0.50683594,9.828970061983593,4.893286321312088,0.5,0.5,0.25
P1b,261,0.50878906,9.735679251247388,4.881986415381851,0.5,0.5,0.25
P1b,262,0.51074219,9.62030993153972,4.867898221299055,0.5,0.5,0.25
P1b,263,0.51269531,9.483669949504193,4.851046042684372,0.5,0.5,0.25
P1b,264,0.51464844,9.326707570923439,4.831458889431846,0.5,0.5,0.25
P1b,265,0.51660156,9.150500524871676,4.809170394495462,0.5,0.5,0.25
P1b,266,0.51855469,8.95624368808148,4.784218717659508,0.5,0.5,0.25
P1b,267,0.52050781,8.745235606269688,4.756646436678126,0.5,0.5,0.25
P1b,268,0.52246094,8.518864064866106,4.726500426218682,0.5,0.5,0.25
P1b,269,0.52441406,8.278590932991351,4.6938317250907176,0.5,0.5,0.25
P1b,270,0.52636719,8.025936511481067,4.658695392286749,0.5,0.5,0.25
P1b,271,0.52832031,7.762463618205754,4.621150352403189,0.5,0.5,0.25
P1b,272,0.53027344,7.489761641947748,4.581259231048627,0.5,0.5,0.25
P1b,273,0.53222656,7.2094307898312495,4.53908818088268,0.5,0.5,0.25
P1b,274,0.53417969,6.923066743015015,4.494706698961409,0.5,0.5,0.25
P1b,275,0.53613281,6.632245921394076,4.44818743609458,0.5,0.5,0.25
P1b,276,0.53808594,6.338511540834622,4.399605998945991,0.5,0.5,0.25
P1b,277,0.54003906,6.043360626464485,4.349040745630274,0.5,0.5,0.25
P1b,278,0.54199219,5.748232123286844,4.296572575578234,0.5,0.5,0.25
P1b,279,0.54394531,5.454496221434744,4.24228471445756,0.5,0.5,0.25
P1b,280,0.54589844,5.1634449883125,4.186262494946871,0.5,0.5,0.25
P1b,281,0.54785156,4.876284374251919,4.128593134168262,0.5,0.5,0.25
P1b,282,0.54980469,4.594127632706654,4.069365508587069,0.5,0.5,0.25
P1b,283,0.55175781,4.317990170950166,4.008669927187248,0.5,0.5,0.25
P1b,284,0.55371094,4.048785823224553,3.9465979037268095,0.5,0.5,0.25
P1b,285,0.55566406,3.787324515751703,3.8832419288701323,0.5,0.5,0.25
P1b,286,0.55761719,3.53431127234906,3.8186952429828156,0.5,0.5,0.25
P1b,287,0.55957031,3.290346490908249,3.7530516103601466,0.5,0.5,0.25
P1b,288,0.56152344,3.055927404945471,3.686405095642326,0.5,0.5,0.25
P1b,289,0.56347656,2.831450630995762,3.6188498431485647,0.5,0.5,0.25
P1b,290,0.56542969,2.617215691905245,3.550479859838049,0.5,0.5,0.25
P1b,291,0.56738281,2.413429398113344,3.48138880257891,0.5,0.5,0.25
P1b,292,0.56933594,2.2202109637818497,3.411669770376756,0.5,0.5,0.25
P1b,293,0.57128906,2.0375977320304806,3.341415102182357,0.5,0.5,0.25
P1b,294,0.57324219,1.865551383436322,3.270716180863852,0.5,0.5,0.25
P1b,295,0.57519531,1.7039645041581832,3.19966324389262,0.5,0.5,0.25
P1b,296,0.57714844,1.5526673943293867,3.1283452012539392,0.5,0.5,0.25
P1b,297,0.57910156,1.4114350034677228,3.056849461053984,0.5,0.5,0.25
P1b,298,0.58105469,1.279993887302496,2.985261763253834,0.5,0.5,0.25
P1b,299,0.58300781,1.1580290893273733,2.9136660219191834,0.5,0.5,0.25
P1b,300,0.58496094,1.0451908602619604,2.842144176331645,0.5,0.5,0.25
P1b,301,0.58691406,0.9411011391566687,2.770776051264122,0.5,0.5,0.25
P1b,302,0.58886719,0.84535973082714,2.6996392266789444,0.5,0.5,0.25
P1b,303,0.59082031,0.7575501253957868,2.628808917063571,0.5,0.5,0.25
P1b,304,0.59277344,0.6772449167099038,2.5583578605748336,0.5,0.5,0.25
P1b,305,0.59472656,0.6040107870848936,2.4883562181192156,0.5,0.5,0.25
P1b,306,0.59667969,0.5374130360022464,2.4188714824537083,0.5,0.5,0.25
P1b,307,0.59863281,0.4770196399198407,2.3499683973495578,0.5,0.5,0.25
P1b,308,0.60058594,0.4224048391025293,2.281708886819958,0.5,0.5,0.25
P1b,309,0.60253906,0.37315225526006185,2.2141519943725734,0.5,0.5,0.25
P1b,310,0.60449219,0.32885755072309664,2.1473538322089425,0.5,0.5,0.25
P1b,311,0.60644531,0.28913064586028797,2.081367540255396,0.5,0.5,0.25
P1b,312,0.60839844,0.2535975164299256,2.016243254874376,0.5,0.5,0.25
P1b,313,0.61035156,0.2219015965811926,1.9520280870709672,0.5,0.5,0.25
P1b,314,0.61230469,0.19370481630578107,1.8887661099773236,0.5,0.5,0.25
P1b,315,0.61425781,0.1686883043403255,1.8264983553674652,0.5,0.5,0.25
P1b,316,0.61621094,0.14655278889754414,1.7652628189267976,0.5,0.5,0.25
P1b,317,0.61816406,0.1270187292332889,1.7050944739747556,0.5,0.5,0.25
P1b,318,0.62011719,0.10982621101942942,1.6460252933151904,0.5,0.5,0.25
P1b,319,0.62207031,0.09473463787463382,1.5880842788676408,0.5,0.5,0.25
P1b,320,0.62402344,0.08152225029444984,1.5312974987134196,0.5,0.5,0.25
P1b,321,0.62597656,0.06998550170583477,1.4756881311735583,0.5,0.5,0.25
P1b,322,0.62792969,0.05993831953401407,1.4212765155211038,0.5,0.5,0.25
P1b,323,0.62988281,0.051211277091507364,1.3680802089180029,0.5,0.5,0.25
P1b,324,0.63183594,0.04365069985490319,1.3161140491568672,0.5,0.5,0.25
P1b,325,0.63378906,0.03711772735232914,1.265390222780232,0.5,0.5,0.25
P1b,326,0.63574219,0.031487349503974395,1.2159183381444516,0.5,0.5,0.25
P1b,327,0.63769531,0.026647433892079443,1.1677055029920853,0.5,0.5,0.25
P1b,328,0.63964844,0.022497758130144086,1.1207564060954263,0.5,0.5,0.25
P1b,329,0.64160156,0.018949059290476265,1.0750734025346746,0.5,0.5,0.25
P1b,330,0.64355469,0.015922110263769645,1.0306566021770072,0.5,0.5,0.25
P1b,331,0.64550781,0.013346830986159422,0.987503960927458,0.5,0.5,0.25
P1b,332,0.64746094,0.011161440693571605,0.9456113743288884,0.5,0.5,0.25
P1b,333,0.64941406,0.009311655759611227,0.9049727730963781,0.5,0.5,0.25
P1b,334,0.65136719,0.007749936245945964,0.8655802201809487,0.5,0.5,0.25
P1b,335,0.65332031,0.006434783042835534,0.8274240089685472,0.5,0.5,0.25
P1b,336,0.65527344,0.0053300863980529755,0.7904927622325475,0.5,0.5,0.25
P1b,337,0.65722656,0.004404525717789597,0.7547735314715522,0.5,0.5,0.25
P1b,338,0.65917969,0.00363101976368373,0.7202518962788815,0.5,0.5,0.25
P1b,339,0.66113281,0.0029862257545487333,0.6869120634056851,0.5,0.5,0.25
P1b,340,0.66308594,0.0024500853971807426,0.6547369651960087,0.5,0.5,0.25
P1b,341,0.66503906,0.002005415504586071,0.6237083570892404,0.5,0.5,0.25
P1b,342,0.66699219,0.0016375405986025922,0.5938069139030584,0.5,0.5,0.25
P1b,343,0.66894531,0.001333964723822125,0.5650123246281709,0.5,0.5,0.25
P1b,344,0.67089844,0.0010840796079768546,0.5373033854846623,0.5,0.5,0.25
P1b,345,0.67285156,0.000878906278195087,0.510658091008556,0.5,0.5,0.25
P1b,346,0.67480469,0.0007108672712379661,0.48505372295610744,0.5,0.5,0.25
P1b,347,0.67675781,0.0005735866484163001,0.46046693683232415,0.5,0.5,0.25
P1b,348,0.67871094,0.0004617151327884866,0.43687384586910233,0.5,0.5,0.25
P1b,349,0.68066406,0.0003707778189429849,0.4142501022971341,0.5,0.5,0.25
P1b,350,0.68261719,0.00029704205671380425,0.39257097577425265,0.5,0.5,0.25
P1b,351,0.68457031,0.0002374032731379326,0.3718114288510812,0.5,0.5,0.25
P1b,352,0.68652344,0.00018928666639670276,0.35194618937265454,0.5,0.5,0.25
P1b,353,0.68847656,0.0001505628768674557,0.33294981973201454,0.5,0.5,0.25
P1b,354,0.69042969,0.00011947591007350636,0.31479678290859475,0.5,0.5,0.25
P1b,355,0.69238281,9.458175135136968e-05,0.29746150524042114,0.5,0.5,0.25
P1b,356,0.69433594,7.469627022783129e-05,0.2809184358947477,0.5,0.5,0.25
P1b,357,0.69628906,5.8851162185320366e-05,0.2651421030166415,0.5,0.5,0.25
P1b,358,0.69824219,4.6256815574870414e-05,0.2501071665492181,0.5,0.5,0.25
P1b,359,0.70019531,3.627112122835951e-05,0.23578846773265316,0.5,0.5,0.25
P1b,360,0.70214844,2.8373361502364648e-05,0.22216107530174967,0.5,0.5,0.25
P1b,361,0.70410156,2.2142424023832474e-05,0.20920032841369218,0.5,0.5,0.25
P1b,362,0.70605469,1.723868350329749e-05,0.19688187634865364,0.5,0.5,0.25
P1b,363,0.70800781,1.3388983012570728e-05,0.18518171503614125,0.5,0.5,0.25
P1b,364,0.70996094,1.0374224599390558e-05,0.17407622046934906,0.5,0.5,0.25
P1b,365,0.71191406,8.019148630824485e-06,0.16354217907835025,0.5,0.5,0.25
P1b,366,0.71386719,6.183942476576682e-06,0.1535568151406994,0.5,0.5,0.25
P1b,367,0.71582031,4.75737274840285e-06,0.14409781531494342,0.5,0.5,0.25
P1b,368,0.71777344,3.6511819951198207e-06,0.13514335038866776,0.5,0.5,0.25
P1b,369,0.71972656,2.7955311961998526e-06,0.1266720943380541,0.5,0.5,0.25
P1b,370,0.72167969,2.1353042587331605e-06,0.11866324080051245,0.5,0.5,0.25
P1b,371,0.72363281,1.6271206270944474e-06,0.1110965170657999,0.5,0.5,0.25
P1b,372,0.72558594,1.2369276461753626e-06,0.10395219569418,0.5,0.5,0.25
P1b,373,0.72753906,9.380660174009194e-07,0.09721110387263085,0.5,0.5,0.25
P1b,374,0.72949219,7.097200453864707e-07,0.09085463062191768,0.5,0.5,0.25
P1b,375,0.73144531,5.356798386555134e-07,0.08486473196853014,0.5,0.5,0.25
P1b,376,0.73339844,4.033556010181023e-07,0.07922393419608494,0.5,0.5,0.25
P1b,377,0.73535156,3.029949875437468e-07,0.07391533529084328,0.5,0.5,0.25
P1b,378,0.73730469,2.270635154072224e-07,0.06892260469552568,0.5,0.5,0.25
P1b,379,0.73925781,1.6975549132427336e-07,0.06422998148466244,0.5,0.5,0.25
P1b,380,0.74121094,1.2660908430519005e-07,0.059822271073328416,0.5,0.5,0.25
P1b,381,0.74316406,9.420424318691886e-08,0.05568484056931548,0.5,0.5,0.25
P1b,382,0.74511719,6.992631194865307e-08,0.05180361287663417,0.5,0.5,0.25
P1b,383,0.74707031,5.1781585380123575e-08,0.04816505965573442,0.5,0.5,0.25
P1b,384,0.74902344,3.8253803606102346e-08,0.04475619324303985,0.5,0.5,0.25
P1b,385,0.75097656,2.819281659331187e-08,0.04156455762932835,0.5,0.5,0.25
P1b,386,0.75292969,2.0728451967779248e-08,0.03857821859320078,0.5,0.5,0.25
P1b,387,0.75488281,1.520406908349939e-08,0.03578575308238903,0.5,0.5,0.25
P1b,388,0.75683594,1.1125444210234095e-08,0.0331762379320003,0.5,0.5,0.25
P1b,389,0.75878906,8.12155982053839e-09,0.030739238005002275,0.5,0.5,0.25
P1b,390,0.76074219,5.9146097661076864e-09,0.028464793836354276,0.5,0.5,0.25
P1b,391,0.76269531,4.2971182587492804e-09,0.02634340885821054,0.5,0.5,0.25
P1b,392,0.76464844,3.114534004765558e-09,0.024366036279587555,0.5,0.5,0.25
P1b,393,0.76660156,2.252026046798518e-09,0.022524065689823496,0.5,0.5,0.25
P1b,394,0.76855469,1.6244947151662565e-09,0.020809309451085684,0.5,0.5,0.25
P1b,395,0.77050781,1.1690356565228843e-09,0.01921398894112371,0.5,0.5,0.25
P1b,396,0.77246094,8.392701438581602e-10,0.01773072070343939,0.5,0.5,0.25
P1b,397,0.77441406,6.010911741128127e-10,0.016352502558069335,0.5,0.5,0.25
P1b,398,0.77636719,4.294805394035297e-10,0.015072699722266035,0.5,0.5,0.25
P1b,399,0.77832031,3.061337347629812e-10,0.013885030986534413,0.5,0.5,0.25
P1b,400,0.78027344,2.1769249205503842e-10,0.012783554987746025,0.5,0.5,0.25
P1b,401,0.78222656,1.5443305881451808e-10,0.011762656617422752,0.5,0.5,0.25
P1b,402,0.78417969,1.092953429667008e-10,0.010817033599766566,0.5,0.5,0.25
P1b,403,0.78613281,7.716628670829947e-11,0.009941683270620599,0.5,0.5,0.25
P1b,404,0.78808594,5.435232275846171e-11,0.009131889585285753,0.5,0.5,0.25
P1b,405,0.79003906,3.819206809767399e-11,0.00838321037999243,0.5,0.5,0.25
P1b,406,0.79199219,2.677273903868272e-11,0.007691464908844045,0.5,0.5,0.25
P1b,407,0.79394531,1.8723067150089338e-11,0.007052721675210187,0.5,0.5,0.25
P1b,408,0.79589844,1.3062483240142133e-11,0.006463286573855896,0.5,0.5,0.25
P1b,409,0.79785156,9.091573599274249e-12,0.005919691357550408,0.5,0.5,0.25
P1b,410,0.79980469,6.3127259019780146e-12,0.005418682439504676,0.5,0.5,0.25
P1b,411,0.80175781,4.3727975180215e-12,0.0049572100407412854,0.5,0.5,0.25
P1b,412,0.80371094,3.021804504496938e-12,0.00453241768940223,0.5,0.5,0.25
P1b,413,0.80566406,2.0832333617959087e-12,0.004141632077047098,0.5,0.5,0.25
P1b,414,0.80761719,1.4327619548466628e-12,0.0037823532751841958,0.5,0.5,0.25
P1b,415,0.80957031,9.830479934491185e-13,0.003452245313607097,0.5,0.5,0.25
P1b,416,0.81152344,6.728836295093046e-13,0.0031491271205748355,0.5,0.5,0.25
P1b,417,0.81347656,4.594833357412826e-13,0.002870963823472005,0.5,0.5,0.25
P1b,418,0.81542969,3.1301426441593345e-13,0.0026158584073105624,0.5,0.5,0.25
P1b,419,0.81738281,2.12727215081947e-13,0.0023820437272835944,0.5,0.5,0.25
P1b,420,0.81933594,1.4422699038977065e-13,0.002167874870547386,0.5,0.5,0.25
P1b,421,0.82128906,9.755164313041172e-14,0.001971821861487024,0.5,0.5,0.25
P1b,422,0.82324219,6.582444378169105e-14,0.001792462703906644,0.5,0.5,0.25
P1b,423,0.82519531,4.431026714009523e-14,0.0016284767528730634,0.5,0.5,0.25
P1b,424,0.82714844,2.9756791361048965e-14,0.0014786384083252258,0.5,0.5,0.25
P1b,425,0.82910156,1.9935741461410857e-14,0.0013418111220360777,0.5,0.5,0.25
P1b,426,0.83105469,1.332426455170493e-14,0.001216941709072546,0.5,0.5,0.25
P1b,427,0.83300781,8.884206865513723e-15,0.0011030549545377056,0.5,0.5,0.25
P1b,428,0.83496094,5.909607525538605e-15,0.0009992485060914462,0.5,0.5,0.25
P1b,429,0.83691406,3.9215989444158405e-15,0.0009046880425266954,0.5,0.5,0.25
P1b,430,0.83886719,2.5961649133662224e-15,0.0008186027085220993,0.5,0.5,0.25
P1b,431,0.84082031,1.7146123072285199e-15,0.0007402808055941228,0.5,0.5,0.25
P1b,432,0.84277344,1.1297026784755183e-15,0.0006690657292265535,0.5,0.5,0.25
P1b,433,0.84472656,7.425521184953089e-16,0.0006043521421588547,0.5,0.5,0.25
P1b,434,0.84667969,4.869162691952425e-16,0.0005455823738619262,0.5,0.5,0.25
P1b,435,0.84863281,3.1852695600276717e-16,0.000492243036316322,0.5,0.5,0.25
P1b,436,0.85058594,2.0787518949013552e-16,0.0004438618463295331,0.5,0.5,0.25
P1b,437,0.85253906,1.353392253003392e-16,0.00040000464478166266,0.5,0.5,0.25
P1b,438,0.85449219,8.790412909601912e-17,0.000360272603368927,0.5,0.5,0.25
P1b,439,0.85644531,5.695861574331907e-17,0.0003242996096182584,0.5,0.5,0.25
P1b,440,0.85839844,3.681918219963792e-17,0.0002917498211706835,0.5,0.5,0.25
P1b,441,0.86035156,2.3743974172752665e-17,0.0002623153805727995,0.5,0.5,0.25
P1b,442,0.86230469,1.5275563701449848e-17,0.00023571428207183896,0.5,0.5,0.25
P1b,443,0.86425781,9.804052795798566e-18,0.00021168838217763128,0.5,0.5,0.25
P1b,444,0.86621094,6.277382585546693e-18,0.00019000154603190025,0.5,0.5,0.25
P1b,445,0.86816406,4.009739109187064e-18,0.00017043792190934206,0.5,0.5,0.25
P1b,446,0.87011719,2.5551605637776066e-18,0.00015280033646382108,0.5,0.5,0.25
P1b,447,0.87207031,1.6243695387635204e-18,0.00013690880362481623,0.5,0.5,0.25
P1b,448,0.87402344,1.0301869372710855e-18,0.00012259914034222746,0.5,0.5,0.25
P1b,449,0.87597656,6.517961667582963e-19,0.0001097216826702717,0.5,0.5,0.25
P1b,450,0.87792969,4.1140742603952835e-19,9.814009597201784e-05,0.5,0.5,0.25
P1b,451,0.87988281,2.5905800243540657e-19,8.773027331391884e-05,0.5,0.5,0.25
P1b,452,0.88183594,1.62737057644681e-19,7.837931640336685e-05,0.5,0.5,0.25
P1b,453,0.88378906,1.0198597868543407e-19,6.998459370088725e-05,0.5,0.5,0.25
P1b,454,0.88574219,6.376157518825463e-20,6.245287061124264e-05,0.5,0.5,0.25
P1b,455,0.88769531,3.976877085938364e-20,5.569950692373828e-05,0.5,0.5,0.25
P1b,456,0.88964844,2.474513688229073e-20,4.964771693079875e-05,0.5,0.5,0.25
P1b,457,0.89160156,1.5360385451456768e-20,4.4227887904924175e-05,0.5,0.5,0.25
P1b,458,0.89355469,9.512155223009019e-21,3.937695285703098e-05,0.5,0.5,0.25
P1b,459,0.89550781,5.876521164431973e-21,3.503781373362204e-05,0.5,0.5,0.25
P1b,460,0.89746094,3.621814823043536e-21,3.115881143597794e-05,0.5,0.5,0.25
P1b,461,0.89941406,2.2268796180980035e-21,2.7693239261455548e-05,0.5,0.5,0.25
P1b,462,0.90136719,1.3659405568953153e-21,2.4598896574924062e-05,0.5,0.5,0.25
P1b,463,0.90332031,8.358559169228235e-22,2.1837679717326262e-05,0.5,0.5,0.25
P1b,464,0.90527344,5.102647921692476e-22,1.9375207348342218e-05,0.5,0.5,0.25
P1b,465,0.90722656,3.10759452037034e-22,1.7180477601213225e-05,0.5,0.5,0.25
P1b,466,0.90917969,1.8880680876949053e-22,1.5225554600065658e-05,0.5,0.5,0.25
P1b,467,0.91113281,1.1443938570645866e-22,1.3485282053694134e-05,0.5,0.5,0.25
P1b,468,0.91308594,6.91987015307641e-23,1.1937021794897697e-05,0.5,0.5,0.25
P1b,469,0.91503906,4.1743122648504885e-23,1.0560415281306592e-05,0.5,0.5,0.25
P1b,470,0.91699219,2.5120974565874502e-23,9.337166212416057e-06,0.5,0.5,0.25
P1b,471,0.91894531,1.5081779777287965e-23,8.25084254849687e-06,0.5,0.5,0.25
P1b,472,0.92089844,9.033026148280529e-24,7.286696340433902e-06,0.5,0.5,0.25
P1b,473,0.92285156,5.397324145015959e-24,6.431499895624956e-06,0.5,0.5,0.25
P1b,474,0.92480469,3.217275828226993e-24,5.673396914124872e-06,0.5,0.5,0.25
P1b,475,0.92675781,1.9132100445918403e-24,5.001767331531016e-06,0.5,0.5,0.25
P1b,476,0.92871094,1.1350149183076081e-24,4.4071047009585425e-06,0.5,0.5,0.25
P1b,477,0.93066406,6.717459373982283e-25,3.880905036138853e-06,0.5,0.5,0.25
P1b,478,0.93261719,3.9661861041130667e-25,3.415566121477491e-06,0.5,0.5,0.25
P1b,479,0.93457031,2.33617670946731e-25,3.0042963731165814e-06,0.5,0.5,0.25
P1b,480,0.93652344,1.3727860347591916e-25,2.6410324079432814e-06,0.5,0.5,0.25
P1b,481,0.93847656,8.04756654103096e-26,2.320364545347848e-06,0.5,0.5,0.25
P1b,482,0.94042969,4.706421956087119e-26,2.0374695296356566e-06,0.5,0.5,0.25
P1b,483,0.94238281,2.7458809733577907e-26,1.788049819601808e-06,0.5,0.5,0.25
P1b,484,0.94433594,1.5982220400080392e-26,1.5682788461437017e-06,0.5,0.5,0.25
P1b,485,0.94628906,9.280194624306214e-27,1.3747516891658894e-06,0.5,0.5,0.25
P1b,486,0.94824219,5.375781575737906e-27,1.204440671664938e-06,0.5,0.5,0.25
P1b,487,0.95019531,3.106638398985019e-27,1.0546554120022407e-06,0.5,0.5,0.25
P1b,488,0.95214844,1.7910361788264006e-27,9.230069152038487e-07,0.5,0.5,0.25
P1b,489,0.95410156,1.0301075556066412e-27,8.073753208826269e-07,0.5,0.5,0.25
P1b,490,0.95605469,5.9105153270626425e-28,7.058809592644759e-07,0.5,0.5,0.25
P1b,491,0.95800781,3.383239046163402e-28,6.168583980125901e-07,0.5,0.5,0.25
P1b,492,0.95996094,1.931988700987756e-28,5.388331912680079e-07,0.5,0.5,0.25
P1b,493,0.96191406,1.1006292269667573e-28,4.705010687381484e-07,0.5,0.5,0.25
P1b,494,0.96386719,6.255212407707236e-29,4.107093269356155e-07,0.5,0.5,0.25
P1b,495,0.96582031,3.546562709268699e-29,3.5844020695650563e-07,0.5,0.5,0.25
P1b,496,0.96777344,2.0060316773734807e-29,3.127960636414579e-07,0.5,0.5,0.25
P1b,497,0.96972656,1.1319636807906518e-29,2.729861497260664e-07,0.5,0.5,0.25
P1b,498,0.97167969,6.372234716693629e-30,2.3831485579446063e-07,0.5,0.5,0.25
P1b,499,0.97363281,3.578620227103252e-30,2.0817126262780562e-07,0.5,0.5,0.25
P1b,500,0.97558594,2.0049524283414e-30,1.8201987700750242e-07,0.5,0.5,0.25
P1b,501,0.97753906,1.1206171555191874e-30,1.5939243530394532e-07,0.5,0.5,0.25
P1b,502,0.97949219,6.248497608381459e-31,1.3988067136186076e-07,0.5,0.5,0.25
P1b,503,0.98144531,3.4758457508354985e-31,1.2312995638268037e-07,0.5,0.5,0.25
P1b,504,0.98339844,1.9289309084067107e-31,1.0883372879756628e-07,0.5,0.5,0.25
P1b,505,0.98535156,1.0679728548506561e-31,9.672864161069449e-08,0.5,0.5,0.25
P1b,506,0.98730469,5.899912855788854e-32,8.65903634555687e-08,0.5,0.5,0.25
P1b,507,0.98925781,3.2535485925229934e-32,7.822997772724564e-08,0.5,0.5,0.25
P1b,508,0.99121094,1.7935713127758414e-32,7.149093170624067e-08,0.5,0.5,0.25
P1b,509,0.99316406,9.931621305857932e-33,6.624649464763556e-08,0.5,0.5,0.25
P1b,510,0.99511719,5.611768745821896e-33,6.239769044050123e-08,0.5,0.5,0.25
P1b,511,0.99707031,3.393022879023523e-33,5.987167671422314e-08,0.5,0.5,0.25
P1b,512,0.99902344,2.457034913863316e-33,5.8620548243408e-08,0.5,0.5,0.25
P1c,1,0.00097656,2.457034913863316e-33,7.209161867259846e-13,0.25,0.75,0.25
P1c,2,0.00292969,3.393022879023523e-33,7.613006791644744e-13,0.25,0.75,0.25
P1c,3,0.00488281,5.611768745821896e-33,8.441783916359556e-13,0.25,0.75,0.25
P1c,4,0.00683594,9.931621305857932e-33,9.738685869083833e-13,0.25,0.75,0.25
P1c,5,0.00878906,1.7935713127758414e-32,1.1571091752588807e-12,0.25,0.75,0.25
P1c,6,0.01074219,3.2535485925229934e-32,1.4033803051316892e-12,0.25,0.75,0.25
P1c,7,0.01269531,5.899912855788854e-32,1.7253576468045046e-12,0.25,0.75,0.25
P1c,8,0.01464844,1.0679728548506561e-31,2.139515187944166e-12,0.25,0.75,0.25
P1c,9,0.01660156,1.9289309084067107e-31,2.6669037452506185e-12,0.25,0.75,0.25
P1c,10,0.01855469,3.4758457508354985e-31,3.3341388080652916e-12,0.25,0.75,0.25
P1c,11,0.02050781,6.248497608381459e-31,4.174640048571787e-12,0.25,0.75,0.25
P1c,12,0.02246094,1.1206171555191874e-30,5.230175184572056e-12,0.25,0.75,0.25
P1c,13,0.02441406,2.0049524283414e-30,6.5527732457737145e-12,0.25,0.75,0.25
P1c,14,0.02636719,3.578620227103252e-30,8.20708712178453e-12,0.25,0.75,0.25
P1c,15,0.02832031,6.372234716693629e-30,1.0273303090196725e-11,0.25,0.75,0.25
P1c,16,0.03027344,1.1319636807906518e-29,1.2850716465285895e-11,0.25,0.75,0.25
P1c,17,0.03222656,2.0060316773734807e-29,1.606211831862719e-11,0.25,0.75,0.25
P1c,18,0.03417969,3.546562709268699e-29,2.0059169289152736e-11,0.25,0.75,0.25
P1c,19,0.03613281,6.255212407707236e-29,2.5028973875017154e-11,0.25,0.75,0.25
P1c,20,0.03808594,1.1006292269667573e-28,3.120211353334919e-11,0.25,0.75,0.25
P1c,21,0.04003906,1.931988700987756e-28,3.886245088967739e-11,0.25,0.75,0.25
P1c,22,0.04199219,3.383239046163402e-28,4.8359082134363924e-11,0.25,0.75,0.25
P1c,23,0.04394531,5.9105153270626425e-28,6.012089234008536e-11,0.25,0.75,0.25
P1c,24,0.04589844,1.0301075556066412e-27,7.467426143381908e-11,0.25,0.75,0.25
P1c,25,0.04785156,1.7910361788264006e-27,9.266457980679623e-11,0.25,0.75,0.25
P1c,26,0.04980469,3.106638398985019e-27,1.148823654773625e-10,0.25,0.75,0.25
P1c,27,0.05175781,5.375781575737906e-27,1.4229493337750422e-10,0.25,0.75,0.25
P1c,28,0.05371094,9.280194624306214e-27,1.7608475647187982e-10,0.25,0.75,0.25
P1c,29,0.05566406,1.5982220400080392e-26,2.1769588363070016e-10,0.25,0.75,0.25
P1c,30,0.05761719,2.7458809733577907e-26,2.6889004702858614e-10,0.25,0.75,0.25
P1c,31,0.05957031,4.706421956087119e-26,3.3181441002497156e-10,0.25,0.75,0.25
P1c,32,0.06152344,8.04756654103096e-26,4.09083284004873e-10,0.25,0.75,0.25
P1c,33,0.06347656,1.3727860347591916e-25,5.038765900516775e-10,0.25,0.75,0.25
P1c,34,0.06542969,2.33617670946731e-25,6.200583708790142e-10,0.25,0.75,0.25
P1c,35,0.06738281,3.9661861041130667e-25,7.623192844980674e-10,0.25,0.75,0.25
P1c,36,0.06933594,6.717459373982283e-25,9.36347750324854e-10,0.25,0.75,0.25
P1c,37,0.07128906,1.1350149183076081e-24,1.149035290236207e-09,0.25,0.75,0.25
P1c,38,0.07324219,1.9132100445918403e-24,1.4087226339827078e-09,0.25,0.75,0.25
P1c,39,0.07519531,3.217275828226993e-24,1.725494366467871e-09,0.25,0.75,0.25
P1c,40,0.07714844,5.397324145015959e-24,2.111531313926086e-09,0.25,0.75,0.25
P1c,41,0.07910156,9.033026148280529e-24,2.5815315319116556e-09,0.25,0.75,0.25
P1c,42,0.08105469,1.5081779777287965e-23,3.1532127105705255e-09,0.25,0.75,0.25
P1c,43,0.08300781,2.5120974565874502e-23,3.847911098379612e-09,0.25,0.75,0.25
P1c,44,0.08496094,4.1743122648504885e-23,4.691294717892814e-09,0.25,0.75,0.25
P1c,45,0.08691406,6.91987015307641e-23,5.714211767489158e-09,0.25,0.75,0.25
P1c,46,0.08886719,1.1443938570645866e-22,6.953698742200174e-09,0.25,0.75,0.25
P1c,47,0.09082031,1.8880680876949053e-22,8.45417704519171e-09,0.25,0.75,0.25
P1c,48,0.09277344,3.10759452037034e-22,1.0268871791808268e-08,0.25,0.75,0.25
P1c,49,0.09472656,5.102647921692476e-22,1.2461492235802492e-08,0.25,0.75,0.25
P1c,50,0.09667969,8.358559169228235e-22,1.5108219892825946e-08,0.25,0.75,0.25
P1c,51,0.09863281,1.3659405568953153e-21,1.830005813647144e-08,0.25,0.75,0.25
P1c,52,0.10058594,2.2268796180980035e-21,2.2145605952873716e-08,0.25,0.75,0.25
P1c,53,0.10253906,3.621814823043536e-21,2.6774328837833525e-08,0.25,0.75,0.25
P1c,54,0.10449219,5.876521164431973e-21,3.2340411705848376e-08,0.25,0.75,0.25
P1c,55,0.10644531,9.512155223009019e-21,3.902729237976646e-08,0.25,0.75,0.25
P1c,56,0.10839844,1.5360385451456768e-20,4.705298999871017e-08,0.25,0.75,0.25
P1c,57,0.11035156,2.474513688229073e-20,5.667636080862405e-08,0.25,0.75,0.25
P1c,58,0.11230469,3.976877085938364e-20,6.82044346085538e-08,0.25,0.75,0.25
P1c,59,0.11425781,6.376157518825463e-20,8.200100898072141e-08,0.25,0.75,0.25
P1c,60,0.11621094,1.0198597868543407e-19,9.84967057419531e-08,0.25,0.75,0.25
P1c,61,0.11816406,1.62737057644681e-19,1.182007252749051e-07,0.25,0.75,0.25
P1c,62,0.12011719,2.5905800243540657e-19,1.4171457004019333e-07,0.25,0.75,0.25
P1c,63,0.12207031,4.1140742603952835e-19,1.6974804920388442e-07,0.25,0.75,0.25
P1c,64,0.12402344,6.517961667582963e-19,2.031379225718654e-07,0.25,0.75,0.25
P1c,65,0.12597656,1.0301869372710855e-18,2.4286959460632674e-07,0.25,0.75,0.25
P1c,66,0.12792969,1.6243695387635204e-18,2.901023289889376e-07,0.25,0.75,0.25
P1c,67,0.12988281,2.5551605637776066e-18,3.4619852185166156e-07,0.25,0.75,0.25
P1c,68,0.13183594,4.009739109187064e-18,4.127576483702011e-07,0.25,0.75,0.25
P1c,69,0.13378906,6.277382585546693e-18,4.91655583953393e-07,0.25,0.75,0.25
P1c,70,0.13574219,9.804052795798566e-18,5.850900989145056e-07,0.25,0.75,0.25
P1c,71,0.13769531,1.5275563701449848e-17,6.956334355375184e-07,0.25,0.75,0.25
P1c,72,0.13964844,2.3743974172752665e-17,8.26293000231443e-07,0.25,0.75,0.25
P1c,73,0.14160156,3.681918219963792e-17,9.805813425016106e-07,0.25,0.75,0.25
P1c,74,0.14355469,5.695861574331907e-17,1.1625967483942294e-06,0.25,0.75,0.25
P1c,75,0.14550781,8.790412909601912e-17,1.3771159506639046e-06,0.25,0.75,0.25
P1c,76,0.14746094,1.353392253003392e-16,1.6297006530936835e-06,0.25,0.75,0.25
P1c,77,0.14941406,2.0787518949013552e-16,1.9268197842356735e-06,0.25,0.75,0.25
P1c,78,0.15136719,3.1852695600276717e-16,2.2759896385662756e-06,0.25,0.75,0.25
P1c,79,0.15332031,4.869162691952425e-16,2.6859343330545255e-06,0.25,0.75,0.25
P1c,80,0.15527344,7.425521184953089e-16,3.166769306979708e-06,0.25,0.75,0.25
P1c,81,0.15722656,1.1297026784755183e-15,3.7302109252273284e-06,0.25,0.75,0.25
P1c,82,0.15917969,1.7146123072285199e-15,4.389815613128504e-06,0.25,0.75,0.25
P1c,83,0.16113281,2.5961649133662224e-15,5.161252357240557e-06,0.25,0.75,0.25
P1c,84,0.16308594,3.9215989444158405e-15,6.062612854508588e-06,0.25,0.75,0.25
P1c,85,0.16503906,5.909607525538605e-15,7.114764085367386e-06,0.25,0.75,0.25
P1c,86,0.16699219,8.884206865513723e-15,8.3417486280503e-06,0.25,0.75,0.25
P1c,87,0.16894531,1.332426455170493e-14,9.771238625307688e-06,0.25,0.75,0.25
P1c,88,0.17089844,1.9935741461410857e-14,1.1435049964657123e-05,0.25,0.75,0.25
P1c,89,0.17285156,2.9756791361048965e-14,1.3369723943033203e-05,0.25,0.75,0.25
P1c,90,0.17480469,4.431026714009523e-14,1.561718446018779e-05,0.25,0.75,0.25
P1c,91,0.17675781,6.582444378169105e-14,1.8225479626349476e-05,0.25,0.75,0.25
P1c,92,0.17871094,9.755164313041172e-14,2.124961758242118e-05,0.25,0.75,0.25
P1c,93,0.18066406,1.4422699038977065e-13,2.4752507319256045e-05,0.25,0.75,0.25
P1c,94,0.18261719,2.12727215081947e-13,2.88060163500901e-05,0.25,0.75,0.25
P1c,95,0.18457031,3.1301426441593345e-13,3.349215824063827e-05,0.25,0.75,0.25
P1c,96,0.18652344,4.594833357412826e-13,3.89044242380732e-05,0.25,0.75,0.25
P1c,97,0.18847656,6.728836295093046e-13,4.514927456618934e-05,0.25,0.75,0.25
P1c,98,0.19042969,9.830479934491185e-13,5.234780637220025e-05,0.25,0.75,0.25
P1c,99,0.19238281,1.4327619548466628e-12,6.063761682305047e-05,0.25,0.75,0.25
P1c,100,0.19433594,2.0832333617959087e-12,7.017488145746371e-05,0.25,0.75,0.25
P1c,101,0.19628906,3.021804504496938e-12,8.113666960513661e-05,0.25,0.75,0.25
P1c,102,0.19824219,4.3727975180215e-12,9.372352048663628e-05,0.25,0.75,0.25
P1c,103,0.20019531,6.3127259019780146e-12,0.00010816230550581464,0.25,0.75,0.25
P1c,104,0.20214844,9.091573599274249e-12,0.00012470940423900485,0.25,0.75,0.25
P1c,105,0.20410156,1.3062483240142133e-11,0.0001436542237086996,0.25,0.75,0.25
P1c,106,0.20605469,1.8723067150089338e-11,0.00016532309269927647,0.25,0.75,0.25
P1c,107,0.20800781,2.677273903868272e-11,0.00019008356512243327,0.25,0.75,0.25
P1c,108,0.20996094,3.819206809767399e-11,0.00021834916876245475,0.25,0.75,0.25
P1c,109,0.21191406,5.435232275846171e-11,0.0002505846381163601,0.25,0.75,0.25
P1c,110,0.21386719,7.716628670829947e-11,0.00028731167247946903,0.25,0.75,0.25
P1c,111,0.21582031,1.092953429667008e-10,0.00032911526289865927,0.25,0.75,0.25
P1c,112,0.21777344,1.5443305881451808e-10,0.00037665063410684133,0.25,0.75,0.25
P1c,113,0.21972656,2.1769249205503842e-10,0.0004306508500434649,0.25,0.75,0.25
P1c,114,0.22167969,3.061337347629812e-10,0.0004919351340349157,0.25,0.75,0.25
P1c,115,0.22363281,4.294805394035297e-10,0.000561417957130056,0.25,0.75,0.25
P1c,116,0.22558594,6.010911741128127e-10,0.0006401189504313539,0.25,0.75,0.25
P1c,117,0.22753906,8.392701438581602e-10,0.0007291736994990779,0.25,0.75,0.25
P1c,118,0.22949219,1.1690356565228843e-09,0.0008298454809994719,0.25,0.75,0.25
P1c,119,0.23144531,1.6244947151662565e-09,0.0009435380036785662,0.25,0.75,0.25
P1c,120,0.23339844,2.252026046798518e-09,0.0010718092174286458,0.25,0.75,0.25
P1c,121,0.23535156,3.114534004765558e-09,0.001216386255627777,0.25,0.75,0.25
P1c,122,0.23730469,4.2971182587492804e-09,0.001379181577024,0.25,0.75,0.25
P1c,123,0.23925781,5.9146097661076864e-09,0.0015623103741507164,0.25,0.75,0.25
P1c,124,0.24121094,8.12155982053839e-09,0.001768109315540856,0.25,0.75,0.25
P1c,125,0.24316406,1.1125444210234095e-08,0.0019991566887933047,0.25,0.75,0.25
P1c,126,0.24511719,1.520406908349939e-08,0.0022582940107712143,0.25,0.75,0.25
P1c,127,0.24707031,2.0728451967779248e-08,0.002548649169810583,0.25,0.75,0.25
P1c,128,0.24902344,2.819281659331187e-08,0.0028736611627185925,0.25,0.75,0.25
P1c,129,0.25097656,3.8253803606102346e-08,0.003237106486471326,0.25,0.75,0.25
P1c,130,0.25292969,5.1781585380123575e-08,0.003643127240805701,0.25,0.75,0.25
P1c,131,0.25488281,6.992631194865307e-08,0.004096260993263978,0.25,0.75,0.25
P1c,132,0.25683594,9.420424318691886e-08,0.004601472452614861,0.25,0.75,0.25
P1c,133,0.25878906,1.2660908430519005e-07,0.005164186989866192,0.25,0.75,0.25
P1c,134,0.26074219,1.6975549132427336e-07,0.005790326038224772,0.25,0.75,0.25
P1c,135,0.26269531,2.270635154072224e-07,0.006486344394275312,0.25,0.75,0.25
P1c,136,0.26464844,3.029949875437468e-07,0.007259269432271691,0.25,0.75,0.25
P1c,137,0.26660156,4.033556010181023e-07,0.008116742231692882,0.25,0.75,0.25
P1c,138,0.26855469,5.356798386555134e-07,0.009067060605051256,0.25,0.75,0.25
P1c,139,0.27050781,7.097200453864707e-07,0.010119223998297363,0.25,0.75,0.25
P1c,140,0.27246094,9.380660174009194e-07,0.01128298021999541,0.25,0.75,0.25
P1c,141,0.27441406,1.2369276461753626e-06,0.012568873937709727,0.25,0.75,0.25
P1c,142,0.27636719,1.6271206270944474e-06,0.013988296860717356,0.25,0.75,0.25
P1c,143,0.27832031,2.1353042587331605e-06,0.015553539507231758,0.25,0.75,0.25
P1c,144,0.28027344,2.7955311961998526e-06,0.017277844431785223,0.25,0.75,0.25
P1c,145,0.28222656,3.6511819951198207e-06,0.01917546076429132,0.25,0.75,0.25
P1c,146,0.28417969,4.75737274840285e-06,0.02126169988662242,0.25,0.75,0.25
P1c,147,0.28613281,6.183942476576682e-06,0.023552992045346326,0.25,0.75,0.25
P1c,148,0.28808594,8.019148630824485e-06,0.02606694367063928,0.25,0.75,0.25
P1c,149,0.29003906,1.0374224599390558e-05,0.02882239514142687,0.25,0.75,0.25
P1c,150,0.29199219,1.3388983012570728e-05,0.03183947870561493,0.25,0.75,0.25
P1c,151,0.29394531,1.723868350329749e-05,0.03513967623200432,0.25,0.75,0.25
P1c,152,0.29589844,2.2142424023832474e-05,0.03874587643730121,0.25,0.75,0.25
P1c,153,0.29785156,2.8373361502364648e-05,0.042682431197738416,0.25,0.75,0.25
P1c,154,0.29980469,3.627112122835951e-05,0.04697521052042998,0.25,0.75,0.25
P1c,155,0.30175781,4.6256815574870414e-05,0.05165165571494688,0.25,0.75,0.25
P1c,156,0.30371094,5.8851162185320366e-05,0.056740830271002726,0.25,0.75,0.25
P1c,157,0.30566406,7.469627022783129e-05,0.06227346791388257,0.25,0.75,0.25
P1c,158,0.30761719,9.458175135136968e-05,0.06828201727567129,0.25,0.75,0.25
P1c,159,0.30957031,0.00011947591007350636,0.07480068258780256,0.25,0.75,0.25
P1c,160,0.31152344,0.0001505628768674557,0.08186545976934316,0.25,0.75,0.25
P1c,161,0.31347656,0.00018928666639670276,0.08951416725616586,0.25,0.75,0.25
P1c,162,0.31542969,0.0002374032731379326,0.09778647088917382,0.25,0.75,0.25
P1c,163,0.31738281,0.00029704205671380425,0.10672390215549019,0.25,0.75,0.25
P1c,164,0.31933594,0.0003707778189429849,0.1163698690554707,0.25,0.75,0.25
P1c,165,0.32128906,0.0004617151327884866,0.12676965885103822,0.25,0.75,0.25
P1c,166,0.32324219,0.0005735866484163001,0.1379704319376549,0.25,0.75,0.25
P1c,167,0.32519531,0.0007108672712379661,0.15002120607375205,0.25,0.75,0.25
P1c,168,0.32714844,0.000878906278195087,0.16297283019811865,0.25,0.75,0.25
P1c,169,0.32910156,0.0010840796079768546,0.17687794706810947,0.25,0.75,0.25
P1c,170,0.33105469,0.001333964723822125,0.1917909439600503,0.25,0.75,0.25
P1c,171,0.33300781,0.0016375405986025922,0.20776789068836254,0.25,0.75,0.25
P1c,172,0.33496094,0.002005415504586071,0.22486646422213824,0.25,0.75,0.25
P1c,173,0.33691406,0.0024500853971807426,0.24314585920759174,0.25,0.75,0.25
P1c,174,0.33886719,0.0029862257545487333,0.2626666837423592,0.25,0.75,0.25
P1c,175,0.34082031,0.00363101976368373,0.2834908397933573,0.25,0.75,0.25
P1c,176,0.34277344,0.004404525717789597,0.3056813877041111,0.25,0.75,0.25
P1c,177,0.34472656,0.0053300863980529755,0.3293023943003513,0.25,0.75,0.25
P1c,178,0.34667969,0.006434783042835534,0.35441876417441737,0.25,0.75,0.25
P1c,179,0.34863281,0.007749936245945964,0.3810960538096489,0.25,0.75,0.25
P1c,180,0.35058594,0.009311655759611227,0.409400268295537,0.25,0.75,0.25
P1c,181,0.35253906,0.011161440693571605,0.4393976404828213,0.25,0.75,0.25
P1c,182,0.35449219,0.013346830986159422,0.4711543925348073,0.25,0.75,0.25
P1c,183,0.35644531,0.015922110263769645,0.5047364799466562,0.25,0.75,0.25
P1c,184,0.35839844,0.018949059290476265,0.5402093182278986,0.25,0.75,0.25
P1c,185,0.36035156,0.022497758130144086,0.5776374925744521,0.25,0.75,0.25
P1c,186,0.36230469,0.026647433892079443,0.6170844509944199,0.25,0.75,0.25
P1c,187,0.36425781,0.031487349503974395,0.6586121814961833,0.25,0.75,0.25
P1c,188,0.36621094,0.03711772735232914,0.7022808740970051,0.25,0.75,0.25
P1c,189,0.36816406,0.04365069985490319,0.7481485685645762,0.25,0.75,0.25
P1c,190,0.37011719,0.051211277091507364,0.7962707889617027,0.25,0.75,0.25
P1c,191,0.37207031,0.05993831953401407,0.8467001662244434,0.25,0.75,0.25
P1c,192,0.37402344,0.06998550170583477,0.8994860501653258,0.25,0.75,0.25
P1c,193,0.37597656,0.08152225029444984,0.9546741124543987,0.25,0.75,0.25
P1c,194,0.37792969,0.09473463787463382,1.0123059422904932,0.25,0.75,0.25
P1c,195,0.37988281,0.10982621101942942,1.072418636631624,0.25,0.75,0.25
P1c,196,0.38183594,0.1270187292332889,1.135044387005472,0.25,0.75,0.25
P1c,197,0.38378906,0.14655278889754414,1.2002100650667364,0.25,0.75,0.25
P1c,198,0.38574219,0.1686883043403255,1.2679368092061973,0.25,0.75,0.25
P1c,199,0.38769531,0.19370481630578107,1.3382396146449504,0.25,0.75,0.25
P1c,200,0.38964844,0.2219015965811926,1.4111269295647748,0.25,0.75,0.25
P1c,201,0.39160156,0.2535975164299256,1.4866002599303476,0.25,0.75,0.25
P1c,202,0.39355469,0.28913064586028797,1.5646537857493856,0.25,0.75,0.25
P1c,203,0.39550781,0.32885755072309664,1.6452739915911734,0.25,0.75,0.25
P1c,204,0.39746094,0.37315225526006185,1.7284393142408745,0.25,0.75,0.25
P1c,205,0.39941406,0.4224048391025293,1.814119810405005,0.25,0.75,0.25
P1c,206,0.40136719,0.4770196399198407,1.9022768474012064,0.25,0.75,0.25
P1c,207,0.40332031,0.5374130360022464,1.9928628197617855,0.25,0.75,0.25
P1c,208,0.40527344,0.6040107870848936,2.085820894654274,0.25,0.75,0.25
P1c,209,0.40722656,0.6772449167099038,2.181084788972661,0.25,0.75,0.25
P1c,210,0.40917969,0.7575501253957868,2.2785785808792323,0.25,0.75,0.25
P1c,211,0.41113281,0.84535973082714,2.3782165584785147,0.25,0.75,0.25
P1c,212,0.41308594,0.9411011391566687,2.4799031081814866,0.25,0.75,0.25
P1c,213,0.41503906,1.0451908602619604,2.583532645169726,0.25,0.75,0.25
P1c,214,0.41699219,1.1580290893273733,2.688989588195777,0.25,0.75,0.25
P1c,215,0.41894531,1.279993887302496,2.796148380758069,0.25,0.75,0.25
P1c,216,0.42089844,1.4114350034677228,2.904873560466802,0.25,0.75,0.25
P1c,217,0.42285156,1.5526673943293867,3.015019878172294,0.25,0.75,0.25
P1c,218,0.42480469,1.7039645041581832,3.126432468160421,0.25,0.75,0.25
P1c,219,0.42675781,1.865551383436322,3.2389470704324106,0.25,0.75,0.25
P1c,220,0.42871094,2.0375977320304806,3.3523903057800117,0.25,0.75,0.25
P1c,221,0.43066406,2.2202109637818497,3.4665800040438186,0.25,0.75,0.25
P1c,222,0.43261719,2.413429398113344,3.5813255856044277,0.25,0.75,0.25
P1c,223,0.43457031,2.617215691905245,3.6964284958054647,0.25,0.75,0.25
P1c,224,0.43652344,2.831450630995762,3.81168269164686,0.25,0.75,0.25
P1c,225,0.43847656,3.055927404945471,3.926875179718876,0.25,0.75,0.25
P1c,226,0.44042969,3.290346490908249,4.041786603975027,0.25,0.75,0.25
P1c,227,0.44238281,3.53431127234906,4.1561918815684065,0.25,0.75,0.25
P1c,228,0.44433594,3.787324515751703,4.269860884603975,0.25,0.75,0.25
P1c,229,0.44628906,4.048785823224553,4.382559165292454,0.25,0.75,0.25
P1c,230,0.44824219,4.317990170950166,4.494048721632708,0.25,0.75,0.25
P1c,231,0.45019531,4.594127632706654,4.604088800402325,0.25,0.75,0.25
P1c,232,0.45214844,4.876284374251919,4.71243673390366,0.25,0.75,0.25
P1c,233,0.45410156,5.1634449883125,4.8188488065981465,0.25,0.75,0.25
P1c,234,0.45605469,5.454496221434744,4.923081147468383,0.25,0.75,0.25
P1c,235,0.45800781,5.748232123286844,5.0248906436782566,0.25,0.75,0.25
P1c,236,0.45996094,6.043360626464485,5.124035870859189,0.25,0.75,0.25
P1c,237,0.46191406,6.338511540834622,5.220278035137981,0.25,0.75,0.25
P1c,238,0.46386719,6.632245921394076,5.313381921841301,0.25,0.75,0.25
P1c,239,0.46582031,6.923066743015015,5.40311684566569,0.25,0.75,0.25
P1c,240,0.46777344,7.2094307898312495,5.489257596992053,0.25,0.75,0.25
P1c,241,0.46972656,7.489761641947748,5.5715853789515215,0.25,0.75,0.25
P1c,242,0.47167969,7.762463618205754,5.649888729816707,0.25,0.75,0.25
P1c,243,0.47363281,8.025936511481067,5.723964425299587,0.25,0.75,0.25
P1c,244,0.47558594,8.278590932991351,5.793618355385157,0.25,0.75,0.25
P1c,245,0.47753906,8.518864064866106,5.858666370418929,0.25,0.75,0.25
P1c,246,0.47949219,8.745235606269688,5.918935091295964,0.25,0.75,0.25
P1c,247,0.48144531,8.95624368808148,5.97426267876909,0.25,0.75,0.25
P1c,248,0.48339844,9.150500524871676,6.024499557103149,0.25,0.75,0.25
P1c,249,0.48535156,9.326707570923439,6.069509087549431,0.25,0.75,0.25
P1c,250,0.48730469,9.483669949504193,6.1091681873980646,0.25,0.75,0.25
P1c,251,0.48925781,9.62030993153972,6.143367890684074,0.25,0.75,0.25
P1c,252,0.49121094,9.735679251247388,6.172013846972776,0.25,0.75,0.25
P1c,253,0.49316406,9.828970061983593,6.195026755029363,0.25,0.75,0.25
P1c,254,0.49511719,9.899524355294515,6.212342728583047,0.25,0.75,0.25
P1c,255,0.49707031,9.946841689566032,6.223913591824702,0.25,0.75,0.25
P1c,256,0.49902344,9.970585101293073,6.229707102725132,0.25,0.75,0.25
P1c,257,0.50097656,9.970585101293073,6.229707102725132,0.25,0.75,0.25
P1c,258,0.50292969,9.946841689566032,6.223913591824702,0.25,0.75,0.25
P1c,259,0.50488281,9.899524355294515,6.212342728583047,0.25,0.75,0.25
P1c,260,0.50683594,9.828970061983593,6.195026755029363,0.25,0.75,0.25
P1c,261,0.50878906,9.735679251247388,6.172013846972776,0.25,0.75,0.25
P1c,262,0.51074219,9.62030993153972,6.143367890684074,0.25,0.75,0.25
P1c,263,0.51269531,9.483669949504193,6.1091681873980646,0.25,0.75,0.25
P1c,264,0.51464844,9.326707570923439,6.069509087549431,0.25,0.75,0.25
P1c,265,0.51660156,9.150500524871676,6.024499557103149,0.25,0.75,0.25
P1c,266,0.51855469,8.95624368808148,5.97426267876909,0.25,0.75,0.25
P1c,267,0.52050781,8.745235606269688,5.918935091295964,0.25,0.75,0.25
P1c,268,0.52246094,8.518864064866106,5.858666370418929,0.25,0.75,0.25
P1c,269,0.52441406,8.278590932991351,5.793618355385157,0.25,0.75,0.25
P1c,270,0.52636719,8.025936511481067,5.723964425299587,0.25,0.75,0.25
P1c,271,0.52832031,7.762463618205754,5.649888729816707,0.25,0.75,0.25
P1c,272,0.53027344,7.489761641947748,5.5715853789515215,0.25,0.75,0.25
P1c,273,0.53222656,7.2094307898312495,5.489257596992053,0.25,0.75,0.25
P1c,274,0.53417969,6.923066743015015,5.40311684566569,0.25,0.75,0.25
P1c,275,0.53613281,6.632245921394076,5.313381921841301,0.25,0.75,0.25
P1c,276,0.53808594,6.338511540834622,5.220278035137981,0.25,0.75,0.25
P1c,277,0.54003906,6.043360626464485,5.124035870859189,0.25,0.75,0.25
P1c,278,0.54199219,5.748232123286844,5.0248906436782566,0.25,0.75,0.25
P1c,279,0.54394531,5.454496221434744,4.923081147468383,0.25,0.75,0.25
P1c,280,0.54589844,5.1634449883125,4.8188488065981465,0.25,0.75,0.25
P1c,281,0.54785156,4.876284374251919,4.71243673390366,0.25,0.75,0.25
P1c,282,0.54980469,4.594127632706654,4.604088800402325,0.25,0.75,0.25
P1c,283,0.55175781,4.317990170950166,4.494048721632708,0.25,0.75,0.25
P1c,284,0.55371094,4.048785823224553,4.382559165292454,0.25,0.75,0.25
P1c,285,0.55566406,3.787324515751703,4.269860884603975,0.25,0.75,0.25
P1c,286,0.55761719,3.53431127234906,4.1561918815684065,0.25,0.75,0.25
P1c,287,0.55957031,3.290346490908249,4.041786603975027,0.25,0.75,0.25
P1c,288,0.56152344,3.055927404945471,3.926875179718876,0.25,0.75,0.25
P1c,289,0.56347656,2.831450630995762,3.81168269164686,0.25,0.75,0.25
P1c,290,0.56542969,2.617215691905245,3.6964284958054647,0.25,0.75,0.25
P1c,291,0.56738281,2.413429398113344,3.5813255856044277,0.25,0.75,0.25
P1c,292,0.56933594,2.2202109637818497,3.4665800040438186,0.25,0.75,0.25
P1c,293,0.57128906,2.0375977320304806,3.3523903057800117,0.25,0.75,0.25
P1c,294,0.57324219,1.865551383436322,3.2389470704324106,0.25,0.75,0.25
P1c,295,0.57519531,1.7039645041581832,3.126432468160421,0.25,0.75,0.25
P1c,296,0.57714844,1.5526673943293867,3.015019878172294,0.25,0.75,0.25
P1c,297,0.57910156,1.4114350034677228,2.904873560466802,0.25,0.75,0.25
P1c,298,0.58105469,1.279993887302496,2.796148380758069,0.25,0.75,0.25
P1c,299,0.58300781,1.1580290893273733,2.688989588195777,0.25,0.75,0.25
P1c,300,0.58496094,1.0451908602619604,2.583532645169726,0.25,0.75,0.25
P1c,301,0.58691406,0.9411011391566687,2.4799031081814866,0.25,0.75,0.25
P1c,302,0.58886719,0.84535973082714,2.3782165584785147,0.25,0.75,0.25
P1c,303,0.59082031,0.7575501253957868,2.2785785808792323,0.25,0.75,0.25
P1c,304,0.59277344,0.6772449167099038,2.181084788972661,0.25,0.75,0.25
P1c,305,0.59472656,0.6040107870848936,2.085820894654274,0.25,0.75,0.25
P1c,306,0.59667969,0.5374130360022464,1.9928628197617855,0.25,0.75,0.25
P1c,307,0.59863281,0.4770196399198407,1.9022768474012064,0.25,0.75,0.25
P1c,308,0.60058594,0.4224048391025293,1.814119810405005,0.25,0.75,0.25
P1c,309,0.60253906,0.37315225526006185,1.7284393142408745,0.25,0.75,0.25
P1c,310,0.60449219,0.32885755072309664,1.6452739915911734,0.25,0.75,0.25
P1c,311,0.60644531,0.28913064586028797,1.5646537857493856,0.25,0.75,0.25
P1c,312,0.60839844,0.2535975164299256,1.4866002599303476,0.25,0.75,0.25
P1c,313,0.61035156,0.2219015965811926,1.4111269295647748,0.25,0.75,0.25
P1c,314,0.61230469,0.19370481630578107,1.3382396146449504,0.25,0.75,0.25
P1c,315,0.61425781,0.1686883043403255,1.2679368092061973,0.25,0.75,0.25
P1c,316,0.61621094,0.14655278889754414,1.2002100650667364,0.25,0.75,0.25
P1c,317,0.61816406,0.1270187292332889,1.135044387005472,0.25,0.75,0.25
P1c,318,0.62011719,0.10982621101942942,1.072418636631624,0.25,0.75,0.25
P1c,319,0.62207031,0.09473463787463382,1.0123059422904932,0.25,0.75,0.25
P1c,320,0.62402344,0.08152225029444984,0.9546741124543987,0.25,0.75,0.25
P1c,321,0.62597656,0.06998550170583477,0.8994860501653258,0.25,0.75,0.25
P1c,322,0.62792969,0.05993831953401407,0.8467001662244434,0.25,0.75,0.25
P1c,323,0.62988281,0.051211277091507364,0.7962707889617027,0.25,0.75,0.25
P1c,324,0.63183594,0.04365069985490319,0.7481485685645762,0.25,0.75,0.25
P1c,325,0.63378906,0.03711772735232914,0.7022808740970051,0.25,0.75,0.25
P1c,326,0.63574219,0.031487349503974395,0.6586121814961833,0.25,0.75,0.25
P1c,327,0.63769531,0.026647433892079443,0.6170844509944199,0.25,0.75,0.25
P1c,328,0.63964844,0.022497758130144086,0.5776374925744521,0.25,0.75,0.25
P1c,329,0.64160156,0.018949059290476265,0.5402093182278986,0.25,0.75,0.25
P1c,330,0.64355469,0.015922110263769645,0.5047364799466562,0.25,0.75,0.25
P1c,331,0.64550781,0.013346830986159422,0.4711543925348073,0.25,0.75,0.25
P1c,332,0.64746094,0.011161440693571605,0.4393976404828213,0.25,0.75,0.25
P1c,333,0.64941406,0.009311655759611227,0.409400268295537,0.25,0.75,0.25
P1c,334,0.65136719,0.007749936245945964,0.3810960538096489,0.25,0.75,0.25
P1c,335,0.65332031,0.006434783042835534,0.35441876417441737,0.25,0.75,0.25
P1c,336,0.65527344,0.0053300863980529755,0.3293023943003513,0.25,0.75,0.25
P1c,337,0.65722656,0.004404525717789597,0.3056813877041111,0.25,0.75,0.25
P1c,338,0.65917969,0.00363101976368373,0.2834908397933573,0.25,0.75,0.25
P1c,339,0.66113281,0.0029862257545487333,0.2626666837423592,0.25,0.75,0.25
P1c,340,0.66308594,0.0024500853971807426,0.24314585920759174,0.25,0.75,0.25
P1c,341,0.66503906,0.002005415504586071,0.22486646422213824,0.25,0.75,0.25
P1c,342,0.66699219,0.0016375405986025922,0.20776789068836254,0.25,0.75,0.25
P1c,343,0.66894531,0.001333964723822125,0.1917909439600503,0.25,0.75,0.25
P1c,344,0.67089844,0.0010840796079768546,0.17687794706810947,0.25,0.75,0.25
P1c,345,0.67285156,0.000878906278195087,0.16297283019811865,0.25,0.75,0.25
P1c,346,0.67480469,0.0007108672712379661,0.15002120607375205,0.25,0.75,0.25
P1c,347,0.67675781,0.0005735866484163001,0.1379704319376549,0.25,0.75,0.25
P1c,348,0.67871094,0.0004617151327884866,0.12676965885103822,0.25,0.75,0.25
P1c,349,0.68066406,0.0003707778189429849,0.1163698690554707,0.25,0.75,0.25
P1c,350,0.68261719,0.00029704205671380425,0.10672390215549019,0.25,0.75,0.25
P1c,351,0.68457031,0.0002374032731379326,0.09778647088917382,0.25,0.75,0.25
P1c,352,0.68652344,0.00018928666639670276,0.08951416725616586,0.25,0.75,0.25
P1c,353,0.68847656,0.0001505628768674557,0.08186545976934316,0.25,0.75,0.25
P1c,354,0.69042969,0.00011947591007350636,0.07480068258780256,0.25,0.75,0.25
P1c,355,0.69238281,9.458175135136968e-05,0.06828201727567129,0.25,0.75,0.25
P1c,356,0.69433594,7.469627022783129e-05,0.06227346791388257,0.25,0.75,0.25
P1c,357,0.69628906,5.8851162185320366e-05,0.056740830271002726,0.25,0.75,0.25
P1c,358,0.69824219,4.6256815574870414e-05,0.05165165571494688,0.25,0.75,0.25
P1c,359,0.70019531,3.627112122835951e-05,0.04697521052042998,0.25,0.75,0.25
P1c,360,0.70214844,2.8373361502364648e-05,0.042682431197738416,0.25,0.75,0.25
P1c,361,0.70410156,2.2142424023832474e-05,0.03874587643730121,0.25,0.75,0.25
P1c,362,0.70605469,1.723868350329749e-05,0.03513967623200432,0.25,0.75,0.25
P1c,363,0.70800781,1.3388983012570728e-05,0.03183947870561493,0.25,0.75,0.25
P1c,364,0.70996094,1.0374224599390558e-05,0.02882239514142687,0.25,0.75,0.25
P1c,365,0.71191406,8.019148630824485e-06,0.02606694367063928,0.25,0.75,0.25
P1c,366,0.71386719,6.183942476576682e-06,0.023552992045346326,0.25,0.75,0.25
P1c,367,0.71582031,4.75737274840285e-06,0.02126169988662242,0.25,0.75,0.25
P1c,368,0.71777344,3.6511819951198207e-06,0.01917546076429132,0.25,0.75,0.25
P1c,369,0.71972656,2.7955311961998526e-06,0.017277844431785223,0.25,0.75,0.25
P1c,370,0.72167969,2.1353042587331605e-06,0.015553539507231758,0.25,0.75,0.25
P1c,371,0.72363281,1.6271206270944474e-06,0.013988296860717356,0.25,0.75,0.25
P1c,372,0.72558594,1.2369276461753626e-06,0.012568873937709727,0.25,0.75,0.25
P1c,373,0.72753906,9.380660174009194e-07,0.01128298021999541,0.25,0.75,0.25
P1c,374,0.72949219,7.097200453864707e-07,0.010119223998297363,0.25,0.75,0.25
P1c,375,0.73144531,5.356798386555134e-07,0.009067060605051256,0.25,0.75,0.25
P1c,376,0.73339844,4.033556010181023e-07,0.008116742231692882,0.25,0.75,0.25
P1c,377,0.73535156,3.029949875437468e-07,0.007259269432271691,0.25,0.75,0.25
P1c,378,0.73730469,2.270635154072224e-07,0.006486344394275312,0.25,0.75,0.25
P1c,379,0.73925781,1.6975549132427336e-07,0.005790326038224772,0.25,0.75,0.25
P1c,380,0.74121094,1.2660908430519005e-07,0.005164186989866192,0.25,0.75,0.25
P1c,381,0.74316406,9.420424318691886e-08,0.004601472452614861,0.25,0.75,0.25
P1c,382,0.74511719,6.992631194865307e-08,0.004096260993263978,0.25,0.75,0.25
P1c,383,0.74707031,5.1781585380123575e-08,0.003643127240805701,0.25,0.75,0.25
P1c,384,0.74902344,3.8253803606102346e-08,0.003237106486471326,0.25,0.75,0.25
P1c,385,0.75097656,2.819281659331187e-08,0.0028736611627185925,0.25,0.75,0.25
P1c,386,0.75292969,2.0728451967779248e-08,0.002548649169810583,0.25,0.75,0.25
P1c,387,0.75488281,1.520406908349939e-08,0.0022582940107712143,0.25,0.75,0.25
P1c,388,0.75683594,1.1125444210234095e-08,0.0019991566887933047,0.25,0.75,0.25
P1c,389,0.75878906,8.12155982053839e-09,0.001768109315540856,0.25,0.75,0.25
P1c,390,0.76074219,5.9146097661076864e-09,0.0015623103741507164,0.25,0.75,0.25
P1c,391,0.76269531,4.2971182587492804e-09,0.001379181577024,0.25,0.75,0.25
P1c,392,0.76464844,3.114534004765558e-09,0.001216386255627777,0.25,0.75,0.25
P1c,393,0.76660156,2.252026046798518e-09,0.0010718092174286458,0.25,0.75,0.25
P1c,394,0.76855469,1.6244947151662565e-09,0.0009435380036785662,0.25,0.75,0.25
P1c,395,0.77050781,1.1690356565228843e-09,0.0008298454809994719,0.25,0.75,0.25
P1c,396,0.77246094,8.392701438581602e-10,0.0007291736994990779,0.25,0.75,0.25
P1c,397,0.77441406,6.010911741128127e-10,0.0006401189504313539,0.25,0.75,0.25
P1c,398,0.77636719,4.294805394035297e-10,0.000561417957130056,0.25,0.75,0.25
P1c,399,0.77832031,3.061337347629812e-10,0.0004919351340349157,0.25,0.75,0.25
P1c,400,0.78027344,2.1769249205503842e-10,0.0004306508500434649,0.25,0.75,0.25
P1c,401,0.78222656,1.5443305881451808e-10,0.00037665063410684133,0.25,0.75,0.25
P1c,402,0.78417969,1.092953429667008e-10,0.00032911526289865927,0.25,0.75,0.25
P1c,403,0.78613281,7.716628670829947e-11,0.00028731167247946903,0.25,0.75,0.25
P1c,404,0.78808594,5.435232275846171e-11,0.0002505846381163601,0.25,0.75,0.25
P1c,405,0.79003906,3.819206809767399e-11,0.00021834916876245475,0.25,0.75,0.25
P1c,406,0.79199219,2.677273903868272e-11,0.00019008356512243327,0.25,0.75,0.25
P1c,407,0.79394531,1.8723067150089338e-11,0.00016532309269927647,0.25,0.75,0.25
P1c,408,0.79589844,1.3062483240142133e-11,0.0001436542237086996,0.25,0.75,0.25
P1c,409,0.79785156,9.091573599274249e-12,0.00012470940423900485,0.25,0.75,0.25
P1c,410,0.79980469,6.3127259019780146e-12,0.00010816230550581464,0.25,0.75,0.25
P1c,411,0.80175781,4.3727975180215e-12,9.372352048663628e-05,0.25,0.75,0.25
P1c,412,0.80371094,3.021804504496938e-12,8.113666960513661e-05,0.25,0.75,0.25
P1c,413,0.80566406,2.0832333617959087e-12,7.017488145746371e-05,0.25,0.75,0.25
P1c,414,0.80761719,1.4327619548466628e-12,6.063761682305047e-05,0.25,0.75,0.25
P1c,415,0.80957031,9.830479934491185e-13,5.234780637220025e-05,0.25,0.75,0.25
P1c,416,0.81152344,6.728836295093046e-13,4.514927456618934e-05,0.25,0.75,0.25
P1c,417,0.81347656,4.594833357412826e-13,3.89044242380732e-05,0.25,0.75,0.25
P1c,418,0.81542969,3.1301426441593345e-13,3.349215824063827e-05,0.25,0.75,0.25
P1c,419,0.81738281,2.12727215081947e-13,2.88060163500901e-05,0.25,0.75,0.25
P1c,420,0.81933594,1.4422699038977065e-13,2.4752507319256045e-05,0.25,0.75,0.25
P1c,421,0.82128906,9.755164313041172e-14,2.124961758242118e-05,0.25,0.75,0.25
P1c,422,0.82324219,6.582444378169105e-14,1.8225479626349476e-05,0.25,0.75,0.25
P1c,423,0.82519531,4.431026714009523e-14,1.561718446018779e-05,0.25,0.75,0.25
P1c,424,0.82714844,2.9756791361048965e-14,1.3369723943033203e-05,0.25,0.75,0.25
P1c,425,0.82910156,1.9935741461410857e-14,1.1435049964657123e-05,0.25,0.75,0.25
P1c,426,0.83105469,1.332426455170493e-14,9.771238625307688e-06,0.25,0.75,0.25
P1c,427,0.83300781,8.884206865513723e-15,8.3417486280503e-06,0.25,0.75,0.25
P1c,428,0.83496094,5.909607525538605e-15,7.114764085367386e-06,0.25,0.75,0.25
P1c,429,0.83691406,3.9215989444158405e-15,6.062612854508588e-06,0.25,0.75,0.25
P1c,430,0.83886719,2.5961649133662224e-15,5.161252357240557e-06,0.25,0.75,0.25
P1c,431,0.84082031,1.7146123072285199e-15,4.389815613128504e-06,0.25,0.75,0.25
P1c,432,0.84277344,1.1297026784755183e-15,3.7302109252273284e-06,0.25,0.75,0.25
P1c,433,0.84472656,7.425521184953089e-16,3.166769306979708e-06,0.25,0.75,0.25
P1c,434,0.84667969,4.869162691952425e-16,2.6859343330545255e-06,0.25,0.75,0.25
P1c,435,0.84863281,3.1852695600276717e-16,2.2759896385662756e-06,0.25,0.75,0.25
P1c,436,0.85058594,2.0787518949013552e-16,1.9268197842356735e-06,0.25,0.75,0.25
P1c,437,0.85253906,1.353392253003392e-16,1.6297006530936835e-06,0.25,0.75,0.25
P1c,438,0.85449219,8.790412909601912e-17,1.3771159506639046e-06,0.25,0.75,0.25
P1c,439,0.85644531,5.695861574331907e-17,1.1625967483942294e-06,0.25,0.75,0.25
P1c,440,0.85839844,3.681918219963792e-17,9.805813425016106e-07,0.25,0.75,0.25
P1c,441,0.86035156,2.3743974172752665e-17,8.26293000231443e-07,0.25,0.75,0.25
P1c,442,0.86230469,1.5275563701449848e-17,6.956334355375184e-07,0.25,0.75,0.25
P1c,443,0.86425781,9.804052795798566e-18,5.850900989145056e-07,0.25,0.75,0.25
P1c,444,0.86621094,6.277382585546693e-18,4.91655583953393e-07,0.25,0.75,0.25
P1c,445,0.86816406,4.009739109187064e-18,4.127576483702011e-07,0.25,0.75,0.25
P1c,446,0.87011719,2.5551605637776066e-18,3.4619852185166156e-07,0.25,0.75,0.25
P1c,447,0.87207031,1.6243695387635204e-18,2.901023289889376e-07,0.25,0.75,0.25
P1c,448,0.87402344,1.0301869372710855e-18,2.4286959460632674e-07,0.25,0.75,0.25
P1c,449,0.87597656,6.517961667582963e-19,2.031379225718654e-07,0.25,0.75,0.25
P1c,450,0.87792969,4.1140742603952835e-19,1.6974804920388442e-07,0.25,0.75,0.25
P1c,451,0.87988281,2.5905800243540657e-19,1.4171457004019333e-07,0.25,0.75,0.25
P1c,452,0.88183594,1.62737057644681e-19,1.182007252749051e-07,0.25,0.75,0.25
P1c,453,0.88378906,1.0198597868543407e-19,9.84967057419531e-08,0.25,0.75,0.25
P1c,454,0.88574219,6.376157518825463e-20,8.200100898072141e-08,0.25,0.75,0.25
P1c,455,0.88769531,3.976877085938364e-20,6.82044346085538e-08,0.25,0.75,0.25
P1c,456,0.88964844,2.474513688229073e-20,5.667636080862405e-08,0.25,0.75,0.25
P1c,457,0.89160156,1.5360385451456768e-20,4.705298999871017e-08,0.25,0.75,0.25
P1c,458,0.89355469,9.512155223009019e-21,3.902729237976646e-08,0.25,0.75,0.25
P1c,459,0.89550781,5.876521164431973e-21,3.2340411705848376e-08,0.25,0.75,0.25
P1c,460,0.89746094,3.621814823043536e-21,2.6774328837833525e-08,0.25,0.75,0.25
P1c,461,0.89941406,2.2268796180980035e-21,2.2145605952873716e-08,0.25,0.75,0.25
P1c,462,0.90136719,1.3659405568953153e-21,1.830005813647144e-08,0.25,0.75,0.25
P1c,463,0.90332031,8.358559169228235e-22,1.5108219892825946e-08,0.25,0.75,0.25
P1c,464,0.90527344,5.102647921692476e-22,1.2461492235802492e-08,0.25,0.75,0.25
P1c,465,0.90722656,3.10759452037034e-22,1.0268871791808268e-08,0.25,0.75,0.25
P1c,466,0.90917969,1.8880680876949053e-22,8.45417704519171e-09,0.25,0.75,0.25
P1c,467,0.91113281,1.1443938570645866e-22,6.953698742200174e-09,0.25,0.75,0.25
P1c,468,0.91308594,6.91987015307641e-23,5.714211767489158e-09,0.25,0.75,0.25
P1c,469,0.91503906,4.1743122648504885e-23,4.691294717892814e-09,0.25,0.75,0.25
P1c,470,0.91699219,2.5120974565874502e-23,3.847911098379612e-09,0.25,0.75,0.25
P1c,471,0.91894531,1.5081779777287965e-23,3.1532127105705255e-09,0.25,0.75,0.25
P1c,472,0.92089844,9.033026148280529e-24,2.5815315319116556e-09,0.25,0.75,0.25
P1c,473,0.92285156,5.397324145015959e-24,2.111531313926086e-09,0.25,0.75,0.25
P1c,474,0.92480469,3.217275828226993e-24,1.725494366467871e-09,0.25,0.75,0.25
P1c,475,0.92675781,1.9132100445918403e-24,1.4087226339827078e-09,0.25,0.75,0.25
P1c,476,0.92871094,1.1350149183076081e-24,1.149035290236207e-09,0.25,0.75,0.25
P1c,477,0.93066406,6.717459373982283e-25,9.36347750324854e-10,0.25,0.75,0.25
P1c,478,0.93261719,3.9661861041130667e-25,7.623192844980674e-10,0.25,0.75,0.25
P1c,479,0.93457031,2.33617670946731e-25,6.200583708790142e-10,0.25,0.75,0.25
P1c,480,0.93652344,1.3727860347591916e-25,5.038765900516775e-10,0.25,0.75,0.25
P1c,481,0.93847656,8.04756654103096e-26,4.09083284004873e-10,0.25,0.75,0.25
P1c,482,0.94042969,4.706421956087119e-26,3.3181441002497156e-10,0.25,0.75,0.25
P1c,483,0.94238281,2.7458809733577907e-26,2.6889004702858614e-10,0.25,0.75,0.25
P1c,484,0.94433594,1.5982220400080392e-26,2.1769588363070016e-10,0.25,0.75,0.25
P1c,485,0.94628906,9.280194624306214e-27,1.7608475647187982e-10,0.25,0.75,0.25
P1c,486,0.94824219,5.375781575737906e-27,1.4229493337750422e-10,0.25,0.75,0.25
P1c,487,0.95019531,3.106638398985019e-27,1.148823654773625e-10,0.25,0.75,0.25
P1c,488,0.95214844,1.7910361788264006e-27,9.266457980679623e-11,0.25,0.75,0.25
P1c,489,0.95410156,1.0301075556066412e-27,7.467426143381908e-11,0.25,0.75,0.25
P1c,490,0.95605469,5.9105153270626425e-28,6.012089234008536e-11,0.25,0.75,0.25
P1c,491,0.95800781,3.383239046163402e-28,4.8359082134363924e-11,0.25,0.75,0.25
P1c,492,0.95996094,1.931988700987756e-28,3.886245088967739e-11,0.25,0.75,0.25
P1c,493,0.96191406,1.1006292269667573e-28,3.120211353334919e-11,0.25,0.75,0.25
P1c,494,0.96386719,6.255212407707236e-29,2.5028973875017154e-11,0.25,0.75,0.25
P1c,495,0.96582031,3.546562709268699e-29,2.0059169289152736e-11,0.25,0.75,0.25
P1c,496,0.96777344,2.0060316773734807e-29,1.606211831862719e-11,0.25,0.75,0.25
P1c,497,0.96972656,1.1319636807906518e-29,1.2850716465285895e-11,0.25,0.75,0.25
P1c,498,0.97167969,6.372234716693629e-30,1.0273303090196725e-11,0.25,0.75,0.25
P1c,499,0.97363281,3.578620227103252e-30,8.20708712178453e-12,0.25,0.75,0.25
P1c,500,0.97558594,2.0049524283414e-30,6.5527732457737145e-12,0.25,0.75,0.25
P1c,501,0.97753906,1.1206171555191874e-30,5.230175184572056e-12,0.25,0.75,0.25
P1c,502,0.97949219,6.248497608381459e-31,4.174640048571787e-12,0.25,0.75,0.25
P1c,503,0.98144531,3.4758457508354985e-31,3.3341388080652916e-12,0.25,0.75,0.25
P1c,504,0.98339844,1.9289309084067107e-31,2.6669037452506185e-12,0.25,0.75,0.25
P1c,505,0.98535156,1.0679728548506561e-31,2.139515187944166e-12,0.25,0.75,0.25
P1c,506,0.98730469,5.899912855788854e-32,1.7253576468045046e-12,0.25,0.75,0.25
P1c,507,0.98925781,3.2535485925229934e-32,1.4033803051316892e-12,0.25,0.75,0.25
P1c,508,0.99121094,1.7935713127758414e-32,1.1571091752588807e-12,0.25,0.75,0.25
P1c,509,0.99316406,9.931621305857932e-33,9.738685869083833e-13,0.25,0.75,0.25
P1c,510,0.99511719,5.611768745821896e-33,8.441783916359556e-13,0.25,0.75,0.25
P1c,511,0.99707031,3.393022879023523e-33,7.613006791644744e-13,0.25,0.75,0.25
P1c,512,0.99902344,2.457034913863316e-33,7.209161867259846e-13,0.25,0.75,0.25
P2a,1,0.00097656,2.457034913863316e-33,5.8620548243408e-08,0.5,0.5,0.1
P2a,2,0.00292969,3.393022879023523e-33,5.987167671422314e-08,0.5,0.5,0.1
P2a,3,0.00488281,5.611768745821896e-33,6.239769044050123e-08,0.5,0.5,0.1
P2a,4,0.00683594,9.931621305857932e-33,6.624649464763556e-08,0.5,0.5,0.1
P2a,5,0.00878906,1.7935713127758414e-32,7.149093170624067e-08,0.5,0.5,0.1
P2a,6,0.01074219,3.2535485925229934e-32,7.822997772724564e-08,0.5,0.5,0.1
P2a,7,0.01269531,5.899912855788854e-32,8.65903634555687e-08,0.5,0.5,0.1
P2a,8,0.01464844,1.0679728548506561e-31,9.672864161069449e-08,0.5,0.5,0.1
P2a,9,0.01660156,1.9289309084067107e-31,1.0883372879756628e-07,0.5,0.5,0.1
P2a,10,0.01855469,3.4758457508354985e-31,1.2312995638268037e-07,0.5,0.5,0.1
P2a,11,0.02050781,6.248497608381459e-31,1.3988067136186076e-07,0.5,0.5,0.1
P2a,12,0.02246094,1.1206171555191874e-30,1.5939243530394532e-07,0.5,0.5,0.1
P2a,13,0.02441406,2.0049524283414e-30,1.8201987700750242e-07,0.5,0.5,0.1
P2a,14,0.02636719,3.578620227103252e-30,2.0817126262780562e-07,0.5,0.5,0.1
P2a,15,0.02832031,6.372234716693629e-30,2.3831485579446063e-07,0.5,0.5,0.1
P2a,16,0.03027344,1.1319636807906518e-29,2.729861497260664e-07,0.5,0.5,0.1
P2a,17,0.03222656,2.0060316773734807e-29,3.127960636414579e-07,0.5,0.5,0.1
P2a,18,0.03417969,3.546562709268699e-29,3.5844020695650563e-07,0.5,0.5,0.1
P2a,19,0.03613281,6.255212407707236e-29,4.107093269356155e-07,0.5,0.5,0.1
P2a,20,0.03808594,1.1006292269667573e-28,4.705010687381484e-07,0.5,0.5,0.1
P2a,21,0.04003906,1.931988700987756e-28,5.388331912680079e-07,0.5,0.5,0.1
P2a,22,0.04199219,3.383239046163402e-28,6.168583980125901e-07,0.5,0.5,0.1
P2a,23,0.04394531,5.9105153270626425e-28,7.058809592644759e-07,0.5,0.5,0.1
P2a,24,0.04589844,1.0301075556066412e-27,8.073753208826269e-07,0.5,0.5,0.1
P2a,25,0.04785156,1.7910361788264006e-27,9.230069152038487e-07,0.5,0.5,0.1
P2a,26,0.04980469,3.106638398985019e-27,1.0546554120022407e-06,0.5,0.5,0.1
P2a,27,0.05175781,5.375781575737906e-27,1.204440671664938e-06,0.5,0.5,0.1
P2a,28,0.05371094,9.280194624306214e-27,1.3747516891658894e-06,0.5,0.5,0.1
P2a,29,0.05566406,1.5982220400080392e-26,1.5682788461437017e-06,0.5,0.5,0.1
P2a,30,0.05761719,2.7458809733577907e-26,1.788049819601808e-06,0.5,0.5,0.1
P2a,31,0.05957031,4.706421956087119e-26,2.0374695296356566e-06,0.5,0.5,0.1
P2a,32,0.06152344,8.04756654103096e-26,2.320364545347848e-06,0.5,0.5,0.1
P2a,33,0.06347656,1.3727860347591916e-25,2.6410324079432814e-06,0.5,0.5,0.1
P2a,34,0.06542969,2.33617670946731e-25,3.0042963731165814e-06,0.5,0.5,0.1
P2a,35,0.06738281,3.9661861041130667e-25,3.415566121477491e-06,0.5,0.5,0.1
P2a,36,0.06933594,6.717459373982283e-25,3.880905036138853e-06,0.5,0.5,0.1
P2a,37,0.07128906,1.1350149183076081e-24,4.4071047009585425e-06,0.5,0.5,0.1
P2a,38,0.07324219,1.9132100445918403e-24,5.001767331531016e-06,0.5,0.5,0.1
P2a,39,0.07519531,3.217275828226993e-24,5.673396914124872e-06,0.5,0.5,0.1
P2a,40,0.07714844,5.397324145015959e-24,6.431499895624956e-06,0.5,0.5,0.1
P2a,41,0.07910156,9.033026148280529e-24,7.286696340433902e-06,0.5,0.5,0.1
P2a,42,0.08105469,1.5081779777287965e-23,8.25084254849687e-06,0.5,0.5,0.1
P2a,43,0.08300781,2.5120974565874502e-23,9.337166212416057e-06,0.5,0.5,0.1
P2a,44,0.08496094,4.1743122648504885e-23,1.0560415281306592e-05,0.5,0.5,0.1
P2a,45,0.08691406,6.91987015307641e-23,1.1937021794897697e-05,0.5,0.5,0.1
P2a,46,0.08886719,1.1443938570645866e-22,1.3485282053694134e-05,0.5,0.5,0.1
P2a,47,0.09082031,1.8880680876949053e-22,1.5225554600065658e-05,0.5,0.5,0.1
P2a,48,0.09277344,3.10759452037034e-22,1.7180477601213225e-05,0.5,0.5,0.1
P2a,49,0.09472656,5.102647921692476e-22,1.9375207348342218e-05,0.5,0.5,0.1
P2a,50,0.09667969,8.358559169228235e-22,2.1837679717326262e-05,0.5,0.5,0.1
P2a,51,0.09863281,1.3659405568953153e-21,2.4598896574924062e-05,0.5,0.5,0.1
P2a,52,0.10058594,2.2268796180980035e-21,2.7693239261455548e-05,0.5,0.5,0.1
P2a,53,0.10253906,3.621814823043536e-21,3.115881143597794e-05,0.5,0.5,0.1
P2a,54,0.10449219,5.876521164431973e-21,3.503781373362204e-05,0.5,0.5,0.1
P2a,55,0.10644531,9.512155223009019e-21,3.937695285703098e-05,0.5,0.5,0.1
P2a,56,0.10839844,1.5360385451456768e-20,4.4227887904924175e-05,0.5,0.5,0.1
P2a,57,0.11035156,2.474513688229073e-20,4.964771693079875e-05,0.5,0.5,0.1
P2a,58,0.11230469,3.976877085938364e-20,5.569950692373828e-05,0.5,0.5,0.1
P2a,59,0.11425781,6.376157518825463e-20,6.245287061124264e-05,0.5,0.5,0.1
P2a,60,0.11621094,1.0198597868543407e-19,6.998459370088725e-05,0.5,0.5,0.1
P2a,61,0.11816406,1.62737057644681e-19,7.837931640336685e-05,0.5,0.5,0.1
P2a,62,0.12011719,2.5905800243540657e-19,8.773027331391884e-05,0.5,0.5,0.1
P2a,63,0.12207031,4.1140742603952835e-19,9.814009597201784e-05,0.5,0.5,0.1
P2a,64,0.12402344,6.517961667582963e-19,0.0001097216826702717,0.5,0.5,0.1
P2a,65,0.12597656,1.0301869372710855e-18,0.00012259914034222746,0.5,0.5,0.1
P2a,66,0.12792969,1.6243695387635204e-18,0.00013690880362481623,0.5,0.5,0.1
P2a,67,0.12988281,2.5551605637776066e-18,0.00015280033646382108,0.5,0.5,0.1
P2a,68,0.13183594,4.009739109187064e-18,0.00017043792190934206,0.5,0.5,0.1
P2a,69,0.13378906,6.277382585546693e-18,0.00019000154603190025,0.5,0.5,0.1
P2a,70,0.13574219,9.804052795798566e-18,0.00021168838217763128,0.5,0.5,0.1
P2a,71,0.13769531,1.5275563701449848e-17,0.00023571428207183896,0.5,0.5,0.1
P2a,72,0.13964844,2.3743974172752665e-17,0.0002623153805727995,0.5,0.5,0.1
P2a,73,0.14160156,3.681918219963792e-17,0.0002917498211706835,0.5,0.5,0.1
P2a,74,0.14355469,5.695861574331907e-17,0.0003242996096182584,0.5,0.5,0.1
P2a,75,0.14550781,8.790412909601912e-17,0.000360272603368927,0.5,0.5,0.1
P2a,76,0.14746094,1.353392253003392e-16,0.00040000464478166266,0.5,0.5,0.1
P2a,77,0.14941406,2.0787518949013552e-16,0.0004438618463295331,0.5,0.5,0.1
P2a,78,0.15136719,3.1852695600276717e-16,0.000492243036316322,0.5,0.5,0.1
P2a,79,0.15332031,4.869162691952425e-16,0.0005455823738619262,0.5,0.5,0.1
P2a,80,0.15527344,7.425521184953089e-16,0.0006043521421588547,0.5,0.5,0.1
P2a,81,0.15722656,1.1297026784755183e-15,0.0006690657292265535,0.5,0.5,0.1
P2a,82,0.15917969,1.7146123072285199e-15,0.0007402808055941228,0.5,0.5,0.1
P2a,83,0.16113281,2.5961649133662224e-15,0.0008186027085220993,0.5,0.5,0.1
P2a,84,0.16308594,3.9215989444158405e-15,0.0009046880425266954,0.5,0.5,0.1
P2a,85,0.16503906,5.909607525538605e-15,0.0009992485060914462,0.5,0.5,0.1
P2a,86,0.16699219,8.884206865513723e-15,0.0011030549545377056,0.5,0.5,0.1
P2a,87,0.16894531,1.332426455170493e-14,0.001216941709072546,0.5,0.5,0.1
P2a,88,0.17089844,1.9935741461410857e-14,0.0013418111220360777,0.5,0.5,0.1
P2a,89,0.17285156,2.9756791361048965e-14,0.0014786384083252258,0.5,0.5,0.1
P2a,90,0.17480469,4.431026714009523e-14,0.0016284767528730634,0.5,0.5,0.1
P2a,91,0.17675781,6.582444378169105e-14,0.001792462703906644,0.5,0.5,0.1
P2a,92,0.17871094,9.755164313041172e-14,0.001971821861487024,0.5,0.5,0.1
P2a,93,0.18066406,1.4422699038977065e-13,0.002167874870547386,0.5,0.5,0.1
P2a,94,0.18261719,2.12727215081947e-13,0.0023820437272835944,0.5,0.5,0.1
P2a,95,0.18457031,3.1301426441593345e-13,0.0026158584073105624,0.5,0.5,0.1
P2a,96,0.18652344,4.594833357412826e-13,0.002870963823472005,0.5,0.5,0.1
P2a,97,0.18847656,6.728836295093046e-13,0.0031491271205748355,0.5,0.5,0.1
P2a,98,0.19042969,9.830479934491185e-13,0.003452245313607097,0.5,0.5,0.1
P2a,99,0.19238281,1.4327619548466628e-12,0.0037823532751841958,0.5,0.5,0.1
P2a,100,0.19433594,2.0832333617959087e-12,0.004141632077047098,0.5,0.5,0.1
P2a,101,0.19628906,3.021804504496938e-12,0.00453241768940223,0.5,0.5,0.1
P2a,102,0.19824219,4.3727975180215e-12,0.0049572100407412854,0.5,0.5,0.1
P2a,103,0.20019531,6.3127259019780146e-12,0.005418682439504676,0.5,0.5,0.1
P2a,104,0.20214844,9.091573599274249e-12,0.005919691357550408,0.5,0.5,0.1
P2a,105,0.20410156,1.3062483240142133e-11,0.006463286573855896,0.5,0.5,0.1
P2a,106,0.20605469,1.8723067150089338e-11,0.007052721675210187,0.5,0.5,0.1
P2a,107,0.20800781,2.677273903868272e-11,0.007691464908844045,0.5,0.5,0.1
P2a,108,0.20996094,3.819206809767399e-11,0.00838321037999243,0.5,0.5,0.1
P2a,109,0.21191406,5.435232275846171e-11,0.009131889585285753,0.5,0.5,0.1
P2a,110,0.21386719,7.716628670829947e-11,0.009941683270620599,0.5,0.5,0.1
P2a,111,0.21582031,1.092953429667008e-10,0.010817033599766566,0.5,0.5,0.1
P2a,112,0.21777344,1.5443305881451808e-10,0.011762656617422752,0.5,0.5,0.1
P2a,113,0.21972656,2.1769249205503842e-10,0.012783554987746025,0.5,0.5,0.1
P2a,114,0.22167969,3.061337347629812e-10,0.013885030986534413,0.5,0.5,0.1
P2a,115,0.22363281,4.294805394035297e-10,0.015072699722266035,0.5,0.5,0.1
P2a,116,0.22558594,6.010911741128127e-10,0.016352502558069335,0.5,0.5,0.1
P2a,117,0.22753906,8.392701438581602e-10,0.01773072070343939,0.5,0.5,0.1
P2a,118,0.22949219,1.1690356565228843e-09,0.01921398894112371,0.5,0.5,0.1
P2a,119,0.23144531,1.6244947151662565e-09,0.020809309451085684,0.5,0.5,0.1
P2a,120,0.23339844,2.252026046798518e-09,0.022524065689823496,0.5,0.5,0.1
P2a,121,0.23535156,3.114534004765558e-09,0.024366036279587555,0.5,0.5,0.1
P2a,122,0.23730469,4.2971182587492804e-09,0.02634340885821054,0.5,0.5,0.1
P2a,123,0.23925781,5.9146097661076864e-09,0.028464793836354276,0.5,0.5,0.1
P2a,124,0.24121094,8.12155982053839e-09,0.030739238005002275,0.5,0.5,0.1
P2a,125,0.24316406,1.1125444210234095e-08,0.0331762379320003,0.5,0.5,0.1
P2a,126,0.24511719,1.520406908349939e-08,0.03578575308238903,0.5,0.5,0.1
P2a,127,0.24707031,2.0728451967779248e-08,0.03857821859320078,0.5,0.5,0.1
P2a,128,0.24902344,2.819281659331187e-08,0.04156455762932835,0.5,0.5,0.1
P2a,129,0.25097656,3.8253803606102346e-08,0.04475619324303985,0.5,0.5,0.1
P2a,130,0.25292969,5.1781585380123575e-08,0.04816505965573442,0.5,0.5,0.1
P2a,131,0.25488281,6.992631194865307e-08,0.05180361287663417,0.5,0.5,0.1
P2a,132,0.25683594,9.420424318691886e-08,0.05568484056931548,0.5,0.5,0.1
P2a,133,0.25878906,1.2660908430519005e-07,0.059822271073328416,0.5,0.5,0.1
P2a,134,0.26074219,1.6975549132427336e-07,0.06422998148466244,0.5,0.5,0.1
P2a,135,0.26269531,2.270635154072224e-07,0.06892260469552568,0.5,0.5,0.1
P2a,136,0.26464844,3.029949875437468e-07,0.07391533529084328,0.5,0.5,0.1
P2a,137,0.26660156,4.033556010181023e-07,0.07922393419608494,0.5,0.5,0.1
P2a,138,0.26855469,5.356798386555134e-07,0.08486473196853014,0.5,0.5,0.1
P2a,139,0.27050781,7.097200453864707e-07,0.09085463062191768,0.5,0.5,0.1
P2a,140,0.27246094,9.380660174009194e-07,0.09721110387263085,0.5,0.5,0.1
P2a,141,0.27441406,1.2369276461753626e-06,0.10395219569418,0.5,0.5,0.1
P2a,142,0.27636719,1.6271206270944474e-06,0.1110965170657999,0.5,0.5,0.1
P2a,143,0.27832031,2.1353042587331605e-06,0.11866324080051245,0.5,0.5,0.1
P2a,144,0.28027344,2.7955311961998526e-06,0.1266720943380541,0.5,0.5,0.1
P2a,145,0.28222656,3.6511819951198207e-06,0.13514335038866776,0.5,0.5,0.1
P2a,146,0.28417969,4.75737274840285e-06,0.14409781531494342,0.5,0.5,0.1
P2a,147,0.28613281,6.183942476576682e-06,0.1535568151406994,0.5,0.5,0.1
P2a,148,0.28808594,8.019148630824485e-06,0.16354217907835025,0.5,0.5,0.1
P2a,149,0.29003906,1.0374224599390558e-05,0.17407622046934906,0.5,0.5,0.1
P2a,150,0.29199219,1.3388983012570728e-05,0.18518171503614125,0.5,0.5,0.1
P2a,151,0.29394531,1.723868350329749e-05,0.19688187634865364,0.5,0.5,0.1
P2a,152,0.29589844,2.2142424023832474e-05,0.20920032841369218,0.5,0.5,0.1
P2a,153,0.29785156,2.8373361502364648e-05,0.22216107530174967,0.5,0.5,0.1
P2a,154,0.29980469,3.627112122835951e-05,0.23578846773265316,0.5,0.5,0.1
P2a,155,0.30175781,4.6256815574870414e-05,0.2501071665492181,0.5,0.5,0.1
P2a,156,0.30371094,5.8851162185320366e-05,0.2651421030166415,0.5,0.5,0.1
P2a,157,0.30566406,7.469627022783129e-05,0.2809184358947477,0.5,0.5,0.1
P2a,158,0.30761719,9.458175135136968e-05,0.29746150524042114,0.5,0.5,0.1
P2a,159,0.30957031,0.00011947591007350636,0.31479678290859475,0.5,0.5,0.1
P2a,160,0.31152344,0.0001505628768674557,0.33294981973201454,0.5,0.5,0.1
P2a,161,0.31347656,0.00018928666639670276,0.35194618937265454,0.5,0.5,0.1
P2a,162,0.31542969,0.0002374032731379326,0.3718114288510812,0.5,0.5,0.1
P2a,163,0.31738281,0.00029704205671380425,0.39257097577425265,0.5,0.5,0.1
P2a,164,0.31933594,0.0003707778189429849,0.4142501022971341,0.5,0.5,0.1
P2a,165,0.32128906,0.0004617151327884866,0.43687384586910233,0.5,0.5,0.1
P2a,166,0.32324219,0.0005735866484163001,0.46046693683232415,0.5,0.5,0.1
P2a,167,0.32519531,0.0007108672712379661,0.48505372295610744,0.5,0.5,0.1
P2a,168,0.32714844,0.000878906278195087,0.510658091008556,0.5,0.5,0.1
P2a,169,0.32910156,0.0010840796079768546,0.5373033854846623,0.5,0.5,0.1
P2a,170,0.33105469,0.001333964723822125,0.5650123246281709,0.5,0.5,0.1
P2a,171,0.33300781,0.0016375405986025922,0.5938069139030584,0.5,0.5,0.1
P2a,172,0.33496094,0.002005415504586071,0.6237083570892404,0.5,0.5,0.1
P2a,173,0.33691406,0.0024500853971807426,0.6547369651960087,0.5,0.5,0.1
P2a,174,0.33886719,0.0029862257545487333,0.6869120634056851,0.5,0.5,0.1
P2a,175,0.34082031,0.00363101976368373,0.7202518962788815,0.5,0.5,0.1
P2a,176,0.34277344,0.004404525717789597,0.7547735314715522,0.5,0.5,0.1
P2a,177,0.34472656,0.0053300863980529755,0.7904927622325475,0.5,0.5,0.1
P2a,178,0.34667969,0.006434783042835534,0.8274240089685472,0.5,0.5,0.1
P2a,179,0.34863281,0.007749936245945964,0.8655802201809487,0.5,0.5,0.1
P2a,180,0.35058594,0.009311655759611227,0.9049727730963781,0.5,0.5,0.1
P2a,181,0.35253906,0.011161440693571605,0.9456113743288884,0.5,0.5,0.1
P2a,182,0.35449219,0.013346830986159422,0.987503960927458,0.5,0.5,0.1
P2a,183,0.35644531,0.015922110263769645,1.0306566021770072,0.5,0.5,0.1
P2a,184,0.35839844,0.018949059290476265,1.0750734025346746,0.5,0.5,0.1
P2a,185,0.36035156,0.022497758130144086,1.1207564060954263,0.5,0.5,0.1
P2a,186,0.36230469,0.026647433892079443,1.1677055029920853,0.5,0.5,0.1
P2a,187,0.36425781,0.031487349503974395,1.2159183381444516,0.5,0.5,0.1
P2a,188,0.36621094,0.03711772735232914,1.265390222780232,0.5,0.5,0.1
P2a,189,0.36816406,0.04365069985490319,1.3161140491568672,0.5,0.5,0.1
P2a,190,0.37011719,0.051211277091507364,1.3680802089180029,0.5,0.5,0.1
P2a,191,0.37207031,0.05993831953401407,1.4212765155211038,0.5,0.5,0.1
P2a,192,0.37402344,0.06998550170583477,1.4756881311735583,0.5,0.5,0.1
P2a,193,0.37597656,0.08152225029444984,1.5312974987134196,0.5,0.5,0.1
P2a,194,0.37792969,0.09473463787463382,1.5880842788676408,0.5,0.5,0.1
P2a,195,0.37988281,0.10982621101942942,1.6460252933151904,0.5,0.5,0.1
P2a,196,0.38183594,0.1270187292332889,1.7050944739747556,0.5,0.5,0.1
P2a,197,0.38378906,0.14655278889754414,1.7652628189267976,0.5,0.5,0.1
P2a,198,0.38574219,0.1686883043403255,1.8264983553674652,0.5,0.5,0.1
P2a,199,0.38769531,0.19370481630578107,1.8887661099773236,0.5,0.5,0.1
P2a,200,0.38964844,0.2219015965811926,1.9520280870709672,0.5,0.5,0.1
P2a,201,0.39160156,0.2535975164299256,2.016243254874376,0.5,0.5,0.1
P2a,202,0.39355469,0.28913064586028797,2.081367540255396,0.5,0.5,0.1
P2a,203,0.39550781,0.32885755072309664,2.1473538322089425,0.5,0.5,0.1
P2a,204,0.39746094,0.37315225526006185,2.2141519943725734,0.5,0.5,0.1
P2a,205,0.39941406,0.4224048391025293,2.281708886819958,0.5,0.5,0.1
P2a,206,0.40136719,0.4770196399198407,2.3499683973495578,0.5,0.5,0.1
P2a,207,0.40332031,0.5374130360022464,2.4188714824537083,0.5,0.5,0.1
P2a,208,0.40527344,0.6040107870848936,2.4883562181192156,0.5,0.5,0.1
P2a,209,0.40722656,0.6772449167099038,2.5583578605748336,0.5,0.5,0.1
P2a,210,0.40917969,0.7575501253957868,2.628808917063571,0.5,0.5,0.1
P2a,211,0.41113281,0.84535973082714,2.6996392266789444,0.5,0.5,0.1
P2a,212,0.41308594,0.9411011391566687,2.770776051264122,0.5,0.5,0.1
P2a,213,0.41503906,1.0451908602619604,2.842144176331645,0.5,0.5,0.1
P2a,214,0.41699219,1.1580290893273733,2.9136660219191834,0.5,0.5,0.1
P2a,215,0.41894531,1.279993887302496,2.985261763253834,0.5,0.5,0.1
P2a,216,0.42089844,1.4114350034677228,3.056849461053984,0.5,0.5,0.1
P2a,217,0.42285156,1.5526673943293867,3.1283452012539392,0.5,0.5,0.1
P2a,218,0.42480469,1.7039645041581832,3.19966324389262,0.5,0.5,0.1
P2a,219,0.42675781,1.865551383436322,3.270716180863852,0.5,0.5,0.1
P2a,220,0.42871094,2.0375977320304806,3.341415102182357,0.5,0.5,0.1
P2a,221,0.43066406,2.2202109637818497,3.411669770376756,0.5,0.5,0.1
P2a,222,0.43261719,2.413429398113344,3.48138880257891,0.5,0.5,0.1
P2a,223,0.43457031,2.617215691905245,3.550479859838049,0.5,0.5,0.1
P2a,224,0.43652344,2.831450630995762,3.6188498431485647,0.5,0.5,0.1
P2a,225,0.43847656,3.055927404945471,3.686405095642326,0.5,0.5,0.1
P2a,226,0.44042969,3.290346490908249,3.7530516103601466,0.5,0.5,0.1
P2a,227,0.44238281,3.53431127234906,3.8186952429828156,0.5,0.5,0.1
P2a,228,0.44433594,3.787324515751703,3.8832419288701323,0.5,0.5,0.1
P2a,229,0.44628906,4.048785823224553,3.9465979037268095,0.5,0.5,0.1
P2a,230,0.44824219,4.317990170950166,4.008669927187248,0.5,0.5,0.1
P2a,231,0.45019531,4.594127632706654,4.069365508587069,0.5,0.5,0.1
P2a,232,0.45214844,4.876284374251919,4.128593134168262,0.5,0.5,0.1
P2a,233,0.45410156,5.1634449883125,4.186262494946871,0.5,0.5,0.1
P2a,234,0.45605469,5.454496221434744,4.24228471445756,0.5,0.5,0.1
P2a,235,0.45800781,5.748232123286844,4.296572575578234,0.5,0.5,0.1
P2a,236,0.45996094,6.043360626464485,4.349040745630274,0.5,0.5,0.1
P2a,237,0.46191406,6.338511540834622,4.399605998945991,0.5,0.5,0.1
P2a,238,0.46386719,6.632245921394076,4.44818743609458,0.5,0.5,0.1
P2a,239,0.46582031,6.923066743015015,4.494706698961409,0.5,0.5,0.1
P2a,240,0.46777344,7.2094307898312495,4.53908818088268,0.5,0.5,0.1
P2a,241,0.46972656,7.489761641947748,4.581259231048627,0.5,0.5,0.1
P2a,242,0.47167969,7.762463618205754,4.621150352403189,0.5,0.5,0.1
P2a,243,0.47363281,8.025936511481067,4.658695392286749,0.5,0.5,0.1
P2a,244,0.47558594,8.278590932991351,4.6938317250907176,0.5,0.5,0.1
P2a,245,0.47753906,8.518864064866106,4.726500426218682,0.5,0.5,0.1
P2a,246,0.47949219,8.745235606269688,4.756646436678126,0.5,0.5,0.1
P2a,247,0.48144531,8.95624368808148,4.784218717659508,0.5,0.5,0.1
P2a,248,0.48339844,9.150500524871676,4.809170394495462,0.5,0.5,0.1
P2a,249,0.48535156,9.326707570923439,4.831458889431846,0.5,0.5,0.1
P2a,250,0.48730469,9.483669949504193,4.851046042684372,0.5,0.5,0.1
P2a,251,0.48925781,9.62030993153972,4.867898221299055,0.5,0.5,0.1
P2a,252,0.49121094,9.735679251247388,4.881986415381851,0.5,0.5,0.1
P2a,253,0.49316406,9.828970061983593,4.893286321312088,0.5,0.5,0.1
P2a,254,0.49511719,9.899524355294515,4.9017784116056,0.5,0.5,0.1
P2a,255,0.49707031,9.946841689566032,4.907447991146455,0.5,0.5,0.1
P2a,256,0.49902344,9.970585101293073,4.910285239560637,0.5,0.5,0.1
P2a,257,0.50097656,9.970585101293073,4.910285239560637,0.5,0.5,0.1
P2a,258,0.50292969,9.946841689566032,4.907447991146455,0.5,0.5,0.1
P2a,259,0.50488281,9.899524355294515,4.9017784116056,0.5,0.5,0.1
P2a,260,0.50683594,9.828970061983593,4.893286321312088,0.5,0.5,0.1
P2a,261,0.50878906,9.735679251247388,4.881986415381851,0.5,0.5,0.1
P2a,262,0.51074219,9.62030993153972,4.867898221299055,0.5,0.5,0.1
P2a,263,0.51269531,9.483669949504193,4.851046042684372,0.5,0.5,0.1
P2a,264,0.51464844,9.326707570923439,4.831458889431846,0.5,0.5,0.1
P2a,265,0.51660156,9.150500524871676,4.809170394495462,0.5,0.5,0.1
P2a,266,0.51855469,8.95624368808148,4.784218717659508,0.5,0.5,0.1
P2a,267,0.52050781,8.745235606269688,4.756646436678126,0.5,0.5,0.1
P2a,268,0.52246094,8.518864064866106,4.726500426218682,0.5,0.5,0.1
P2a,269,0.52441406,8.278590932991351,4.6938317250907176,0.5,0.5,0.1
P2a,270,0.52636719,8.025936511481067,4.658695392286749,0.5,0.5,0.1
P2a,271,0.52832031,7.762463618205754,4.621150352403189,0.5,0.5,0.1
P2a,272,0.53027344,7.489761641947748,4.581259231048627,0.5,0.5,0.1
P2a,273,0.53222656,7.2094307898312495,4.53908818088268,0.5,0.5,0.1
P2a,274,0.53417969,6.923066743015015,4.494706698961409,0.5,0.5,0.1
P2a,275,0.53613281,6.632245921394076,4.44818743609458,0.5,0.5,0.1
P2a,276,0.53808594,6.338511540834622,4.399605998945991,0.5,0.5,0.1
P2a,277,0.54003906,6.043360626464485,4.349040745630274,0.5,0.5,0.1
P2a,278,0.54199219,5.748232123286844,4.296572575578234,0.5,0.5,0.1
P2a,279,0.54394531,5.454496221434744,4.24228471445756,0.5,0.5,0.1
P2a,280,0.54589844,5.1634449883125,4.186262494946871,0.5,0.5,0.1
P2a,281,0.54785156,4.876284374251919,4.128593134168262,0.5,0.5,0.1
P2a,282,0.54980469,4.594127632706654,4.069365508587069,0.5,0.5,0.1
P2a,283,0.55175781,4.317990170950166,4.008669927187248,0.5,0.5,0.1
P2a,284,0.55371094,4.048785823224553,3.9465979037268095,0.5,0.5,0.1
P2a,285,0.55566406,3.787324515751703,3.8832419288701323,0.5,0.5,0.1
P2a,286,0.55761719,3.53431127234906,3.8186952429828156,0.5,0.5,0.1
P2a,287,0.55957031,3.290346490908249,3.7530516103601466,0.5,0.5,0.1
P2a,288,0.56152344,3.055927404945471,3.686405095642326,0.5,0.5,0.1
P2a,289,0.56347656,2.831450630995762,3.6188498431485647,0.5,0.5,0.1
P2a,290,0.56542969,2.617215691905245,3.550479859838049,0.5,0.5,0.1
P2a,291,0.56738281,2.413429398113344,3.48138880257891,0.5,0.5,0.1
P2a,292,0.56933594,2.2202109637818497,3.411669770376756,0.5,0.5,0.1
P2a,293,0.57128906,2.0375977320304806,3.341415102182357,0.5,0.5,0.1
P2a,294,0.57324219,1.865551383436322,3.270716180863852,0.5,0.5,0.1
P2a,295,0.57519531,1.7039645041581832,3.19966324389262,0.5,0.5,0.1
P2a,296,0.57714844,1.5526673943293867,3.1283452012539392,0.5,0.5,0.1
P2a,297,0.57910156,1.4114350034677228,3.056849461053984,0.5,0.5,0.1
P2a,298,0.58105469,1.279993887302496,2.985261763253834,0.5,0.5,0.1
P2a,299,0.58300781,1.1580290893273733,2.9136660219191834,0.5,0.5,0.1
P2a,300,0.58496094,1.0451908602619604,2.842144176331645,0.5,0.5,0.1
P2a,301,0.58691406,0.9411011391566687,2.770776051264122,0.5,0.5,0.1
P2a,302,0.58886719,0.84535973082714,2.6996392266789444,0.5,0.5,0.1
P2a,303,0.59082031,0.7575501253957868,2.628808917063571,0.5,0.5,0.1
P2a,304,0.59277344,0.6772449167099038,2.5583578605748336,0.5,0.5,0.1
P2a,305,0.59472656,0.6040107870848936,2.4883562181192156,0.5,0.5,0.1
P2a,306,0.59667969,0.5374130360022464,2.4188714824537083,0.5,0.5,0.1
P2a,307,0.59863281,0.4770196399198407,2.3499683973495578,0.5,0.5,0.1
P2a,308,0.60058594,0.4224048391025293,2.281708886819958,0.5,0.5,0.1
P2a,309,0.60253906,0.37315225526006185,2.2141519943725734,0.5,0.5,0.1
P2a,310,0.60449219,0.32885755072309664,2.1473538322089425,0.5,0.5,0.1
P2a,311,0.60644531,0.28913064586028797,2.081367540255396,0.5,0.5,0.1
P2a,312,0.60839844,0.2535975164299256,2.016243254874376,0.5,0.5,0.1
P2a,313,0.61035156,0.2219015965811926,1.9520280870709672,0.5,0.5,0.1
P2a,314,0.61230469,0.19370481630578107,1.8887661099773236,0.5,0.5,0.1
P2a,315,0.61425781,0.1686883043403255,1.8264983553674652,0.5,0.5,0.1
P2a,316,0.61621094,0.14655278889754414,1.7652628189267976,0.5,0.5,0.1
P2a,317,0.61816406,0.1270187292332889,1.7050944739747556,0.5,0.5,0.1
P2a,318,0.62011719,0.10982621101942942,1.6460252933151904,0.5,0.5,0.1
P2a,319,0.62207031,0.09473463787463382,1.5880842788676408,0.5,0.5,0.1
P2a,320,0.62402344,0.08152225029444984,1.5312974987134196,0.5,0.5,0.1
P2a,321,0.62597656,0.06998550170583477,1.4756881311735583,0.5,0.5,0.1
P2a,322,0.62792969,0.05993831953401407,1.4212765155211038,0.5,0.5,0.1
P2a,323,0.62988281,0.051211277091507364,1.3680802089180029,0.5,0.5,0.1
P2a,324,0.63183594,0.04365069985490319,1.3161140491568672,0.5,0.5,0.1
P2a,325,0.63378906,0.03711772735232914,1.265390222780232,0.5,0.5,0.1
P2a,326,0.63574219,0.031487349503974395,1.2159183381444516,0.5,0.5,0.1
P2a,327,0.63769531,0.026647433892079443,1.1677055029920853,0.5,0.5,0.1
P2a,328,0.63964844,0.022497758130144086,1.1207564060954263,0.5,0.5,0.1
P2a,329,0.64160156,0.018949059290476265,1.0750734025346746,0.5,0.5,0.1
P2a,330,0.64355469,0.015922110263769645,1.0306566021770072,0.5,0.5,0.1
P2a,331,0.64550781,0.013346830986159422,0.987503960927458,0.5,0.5,0.1
P2a,332,0.64746094,0.011161440693571605,0.9456113743288884,0.5,0.5,0.1
P2a,333,0.64941406,0.009311655759611227,0.9049727730963781,0.5,0.5,0.1
P2a,334,0.65136719,0.007749936245945964,0.8655802201809487,0.5,0.5,0.1
P2a,335,0.65332031,0.006434783042835534,0.8274240089685472,0.5,0.5,0.1
P2a,336,0.65527344,0.0053300863980529755,0.7904927622325475,0.5,0.5,0.1
P2a,337,0.65722656,0.004404525717789597,0.7547735314715522,0.5,0.5,0.1
P2a,338,0.65917969,0.00363101976368373,0.7202518962788815,0.5,0.5,0.1
P2a,339,0.66113281,0.0029862257545487333,0.6869120634056851,0.5,0.5,0.1
P2a,340,0.66308594,0.0024500853971807426,0.6547369651960087,0.5,0.5,0.1
P2a,341,0.66503906,0.002005415504586071,0.6237083570892404,0.5,0.5,0.1
P2a,342,0.66699219,0.0016375405986025922,0.5938069139030584,0.5,0.5,0.1
P2a,343,0.66894531,0.001333964723822125,0.5650123246281709,0.5,0.5,0.1
P2a,344,0.67089844,0.0010840796079768546,0.5373033854846623,0.5,0.5,0.1
P2a,345,0.67285156,0.000878906278195087,0.510658091008556,0.5,0.5,0.1
P2a,346,0.67480469,0.0007108672712379661,0.48505372295610744,0.5,0.5,0.1
P2a,347,0.67675781,0.0005735866484163001,0.46046693683232415,0.5,0.5,0.1
P2a,348,0.67871094,0.0004617151327884866,0.43687384586910233,0.5,0.5,0.1
P2a,349,0.68066406,0.0003707778189429849,0.4142501022971341,0.5,0.5,0.1
P2a,350,0.68261719,0.00029704205671380425,0.39257097577425265,0.5,0.5,0.1
P2a,351,0.68457031,0.0002374032731379326,0.3718114288510812,0.5,0.5,0.1
P2a,352,0.68652344,0.00018928666639670276,0.35194618937265454,0.5,0.5,0.1
P2a,353,0.68847656,0.0001505628768674557,0.33294981973201454,0.5,0.5,0.1
P2a,354,0.69042969,0.00011947591007350636,0.31479678290859475,0.5,0.5,0.1
P2a,355,0.69238281,9.458175135136968e-05,0.29746150524042114,0.5,0.5,0.1
P2a,356,0.69433594,7.469627022783129e-05,0.2809184358947477,0.5,0.5,0.1
P2a,357,0.69628906,5.8851162185320366e-05,0.2651421030166415,0.5,0.5,0.1
P2a,358,0.69824219,4.6256815574870414e-05,0.2501071665492181,0.5,0.5,0.1
P2a,359,0.70019531,3.627112122835951e-05,0.23578846773265316,0.5,0.5,0.1
P2a,360,0.70214844,2.8373361502364648e-05,0.22216107530174967,0.5,0.5,0.1
P2a,361,0.70410156,2.2142424023832474e-05,0.20920032841369218,0.5,0.5,0.1
P2a,362,0.70605469,1.723868350329749e-05,0.19688187634865364,0.5,0.5,0.1
P2a,363,0.70800781,1.3388983012570728e-05,0.18518171503614125,0.5,0.5,0.1
P2a,364,0.70996094,1.0374224599390558e-05,0.17407622046934906,0.5,0.5,0.1
P2a,365,0.71191406,8.019148630824485e-06,0.16354217907835025,0.5,0.5,0.1
P2a,366,0.71386719,6.183942476576682e-06,0.1535568151406994,0.5,0.5,0.1
P2a,367,0.71582031,4.75737274840285e-06,0.14409781531494342,0.5,0.5,0.1
P2a,368,0.71777344,3.6511819951198207e-06,0.13514335038866776,0.5,0.5,0.1
P2a,369,0.71972656,2.7955311961998526e-06,0.1266720943380541,0.5,0.5,0.1
P2a,370,0.72167969,2.1353042587331605e-06,0.11866324080051245,0.5,0.5,0.1
P2a,371,0.72363281,1.6271206270944474e-06,0.1110965170657999,0.5,0.5,0.1
P2a,372,0.72558594,1.2369276461753626e-06,0.10395219569418,0.5,0.5,0.1
P2a,373,0.72753906,9.380660174009194e-07,0.09721110387263085,0.5,0.5,0.1
P2a,374,0.72949219,7.097200453864707e-07,0.09085463062191768,0.5,0.5,0.1
P2a,375,0.73144531,5.356798386555134e-07,0.08486473196853014,0.5,0.5,0.1
P2a,376,0.73339844,4.033556010181023e-07,0.07922393419608494,0.5,0.5,0.1
P2a,377,0.73535156,3.029949875437468e-07,0.07391533529084328,0.5,0.5,0.1
P2a,378,0.73730469,2.270635154072224e-07,0.06892260469552568,0.5,0.5,0.1
P2a,379,0.73925781,1.6975549132427336e-07,0.06422998148466244,0.5,0.5,0.1
P2a,380,0.74121094,1.2660908430519005e-07,0.059822271073328416,0.5,0.5,0.1
P2a,381,0.74316406,9.420424318691886e-08,0.05568484056931548,0.5,0.5,0.1
P2a,382,0.74511719,6.992631194865307e-08,0.05180361287663417,0.5,0.5,0.1
P2a,383,0.74707031,5.1781585380123575e-08,0.04816505965573442,0.5,0.5,0.1
P2a,384,0.74902344,3.8253803606102346e-08,0.04475619324303985,0.5,0.5,0.1
P2a,385,0.75097656,2.819281659331187e-08,0.04156455762932835,0.5,0.5,0.1
P2a,386,0.75292969,2.0728451967779248e-08,0.03857821859320078,0.5,0.5,0.1
P2a,387,0.75488281,1.520406908349939e-08,0.03578575308238903,0.5,0.5,0.1
P2a,388,0.75683594,1.1125444210234095e-08,0.0331762379320003,0.5,0.5,0.1
P2a,389,0.75878906,8.12155982053839e-09,0.030739238005002275,0.5,0.5,0.1
P2a,390,0.76074219,5.9146097661076864e-09,0.028464793836354276,0.5,0.5,0.1
P2a,391,0.76269531,4.2971182587492804e-09,0.02634340885821054,0.5,0.5,0.1
P2a,392,0.76464844,3.114534004765558e-09,0.024366036279587555,0.5,0.5,0.1
P2a,393,0.76660156,2.252026046798518e-09,0.022524065689823496,0.5,0.5,0.1
P2a,394,0.76855469,1.6244947151662565e-09,0.020809309451085684,0.5,0.5,0.1
P2a,395,0.77050781,1.1690356565228843e-09,0.01921398894112371,0.5,0.5,0.1
P2a,396,0.77246094,8.392701438581602e-10,0.01773072070343939,0.5,0.5,0.1
P2a,397,0.77441406,6.010911741128127e-10,0.016352502558069335,0.5,0.5,0.1
P2a,398,0.77636719,4.294805394035297e-10,0.015072699722266035,0.5,0.5,0.1
P2a,399,0.77832031,3.061337347629812e-10,0.013885030986534413,0.5,0.5,0.1
P2a,400,0.78027344,2.1769249205503842e-10,0.012783554987746025,0.5,0.5,0.1
P2a,401,0.78222656,1.5443305881451808e-10,0.011762656617422752,0.5,0.5,0.1
P2a,402,0.78417969,1.092953429667008e-10,0.010817033599766566,0.5,0.5,0.1
P2a,403,0.78613281,7.716628670829947e-11,0.009941683270620599,0.5,0.5,0.1
P2a,404,0.78808594,5.435232275846171e-11,0.009131889585285753,0.5,0.5,0.1
P2a,405,0.79003906,3.819206809767399e-11,0.00838321037999243,0.5,0.5,0.1
P2a,406,0.79199219,2.677273903868272e-11,0.007691464908844045,0.5,0.5,0.1
P2a,407,0.79394531,1.8723067150089338e-11,0.007052721675210187,0.5,0.5,0.1
P2a,408,0.79589844,1.3062483240142133e-11,0.006463286573855896,0.5,0.5,0.1
P2a,409,0.79785156,9.091573599274249e-12,0.005919691357550408,0.5,0.5,0.1
P2a,410,0.79980469,6.3127259019780146e-12,0.005418682439504676,0.5,0.5,0.1
P2a,411,0.80175781,4.3727975180215e-12,0.0049572100407412854,0.5,0.5,0.1
P2a,412,0.80371094,3.021804504496938e-12,0.00453241768940223,0.5,0.5,0.1
P2a,413,0.80566406,2.0832333617959087e-12,0.004141632077047098,0.5,0.5,0.1
P2a,414,0.80761719,1.4327619548466628e-12,0.0037823532751841958,0.5,0.5,0.1
P2a,415,0.80957031,9.830479934491185e-13,0.003452245313607097,0.5,0.5,0.1
P2a,416,0.81152344,6.728836295093046e-13,0.0031491271205748355,0.5,0.5,0.1
P2a,417,0.81347656,4.594833357412826e-13,0.002870963823472005,0.5,0.5,0.1
P2a,418,0.81542969,3.1301426441593345e-13,0.0026158584073105624,0.5,0.5,0.1
P2a,419,0.81738281,2.12727215081947e-13,0.0023820437272835944,0.5,0.5,0.1
P2a,420,0.81933594,1.4422699038977065e-13,0.002167874870547386,0.5,0.5,0.1
P2a,421,0.82128906,9.755164313041172e-14,0.001971821861487024,0.5,0.5,0.1
P2a,422,0.82324219,6.582444378169105e-14,0.001792462703906644,0.5,0.5,0.1
P2a,423,0.82519531,4.431026714009523e-14,0.0016284767528730634,0.5,0.5,0.1
P2a,424,0.82714844,2.9756791361048965e-14,0.0014786384083252258,0.5,0.5,0.1
P2a,425,0.82910156,1.9935741461410857e-14,0.0013418111220360777,0.5,0.5,0.1
P2a,426,0.83105469,1.332426455170493e-14,0.001216941709072546,0.5,0.5,0.1
P2a,427,0.83300781,8.884206865513723e-15,0.0011030549545377056,0.5,0.5,0.1
P2a,428,0.83496094,5.909607525538605e-15,0.0009992485060914462,0.5,0.5,0.1
P2a,429,0.83691406,3.9215989444158405e-15,0.0009046880425266954,0.5,0.5,0.1
P2a,430,0.83886719,2.5961649133662224e-15,0.0008186027085220993,0.5,0.5,0.1
P2a,431,0.84082031,1.7146123072285199e-15,0.0007402808055941228,0.5,0.5,0.1
P2a,432,0.84277344,1.1297026784755183e-15,0.0006690657292265535,0.5,0.5,0.1
P2a,433,0.84472656,7.425521184953089e-16,0.0006043521421588547,0.5,0.5,0.1
P2a,434,0.84667969,4.869162691952425e-16,0.0005455823738619262,0.5,0.5,0.1
P2a,435,0.84863281,3.1852695600276717e-16,0.000492243036316322,0.5,0.5,0.1
P2a,436,0.85058594,2.0787518949013552e-16,0.0004438618463295331,0.5,0.5,0.1
P2a,437,0.85253906,1.353392253003392e-16,0.00040000464478166266,0.5,0.5,0.1
P2a,438,0.85449219,8.790412909601912e-17,0.000360272603368927,0.5,0.5,0.1
P2a,439,0.85644531,5.695861574331907e-17,0.0003242996096182584,0.5,0.5,0.1
P2a,440,0.85839844,3.681918219963792e-17,0.0002917498211706835,0.5,0.5,0.1
P2a,441,0.86035156,2.3743974172752665e-17,0.0002623153805727995,0.5,0.5,0.1
P2a,442,0.86230469,1.5275563701449848e-17,0.00023571428207183896,0.5,0.5,0.1
P2a,443,0.86425781,9.804052795798566e-18,0.00021168838217763128,0.5,0.5,0.1
P2a,444,0.86621094,6.277382585546693e-18,0.00019000154603190025,0.5,0.5,0.1
P2a,445,0.86816406,4.009739109187064e-18,0.00017043792190934206,0.5,0.5,0.1
P2a,446,0.87011719,2.5551605637776066e-18,0.00015280033646382108,0.5,0.5,0.1
P2a,447,0.87207031,1.6243695387635204e-18,0.00013690880362481623,0.5,0.5,0.1
P2a,448,0.87402344,1.0301869372710855e-18,0.00012259914034222746,0.5,0.5,0.1
P2a,449,0.87597656,6.517961667582963e-19,0.0001097216826702717,0.5,0.5,0.1
P2a,450,0.87792969,4.1140742603952835e-19,9.814009597201784e-05,0.5,0.5,0.1
P2a,451,0.87988281,2.5905800243540657e-19,8.773027331391884e-05,0.5,0.5,0.1
P2a,452,0.88183594,1.62737057644681e-19,7.837931640336685e-05,0.5,0.5,0.1
P2a,453,0.88378906,1.0198597868543407e-19,6.998459370088725e-05,0.5,0.5,0.1
P2a,454,0.88574219,6.376157518825463e-20,6.245287061124264e-05,0.5,0.5,0.1
P2a,455,0.88769531,3.976877085938364e-20,5.569950692373828e-05,0.5,0.5,0.1
P2a,456,0.88964844,2.474513688229073e-20,4.964771693079875e-05,0.5,0.5,0.1
P2a,457,0.89160156,1.5360385451456768e-20,4.4227887904924175e-05,0.5,0.5,0.1
P2a,458,0.89355469,9.512155223009019e-21,3.937695285703098e-05,0.5,0.5,0.1
P2a,459,0.89550781,5.876521164431973e-21,3.503781373362204e-05,0.5,0.5,0.1
P2a,460,0.89746094,3.621814823043536e-21,3.115881143597794e-05,0.5,0.5,0.1
P2a,461,0.89941406,2.2268796180980035e-21,2.7693239261455548e-05,0.5,0.5,0.1
P2a,462,0.90136719,1.3659405568953153e-21,2.4598896574924062e-05,0.5,0.5,0.1
P2a,463,0.90332031,8.358559169228235e-22,2.1837679717326262e-05,0.5,0.5,0.1
P2a,464,0.90527344,5.102647921692476e-22,1.9375207348342218e-05,0.5,0.5,0.1
P2a,465,0.90722656,3.10759452037034e-22,1.7180477601213225e-05,0.5,0.5,0.1
P2a,466,0.90917969,1.8880680876949053e-22,1.5225554600065658e-05,0.5,0.5,0.1
P2a,467,0.91113281,1.1443938570645866e-22,1.3485282053694134e-05,0.5,0.5,0.1
P2a,468,0.91308594,6.91987015307641e-23,1.1937021794897697e-05,0.5,0.5,0.1
P2a,469,0.91503906,4.1743122648504885e-23,1.0560415281306592e-05,0.5,0.5,0.1
P2a,470,0.91699219,2.5120974565874502e-23,9.337166212416057e-06,0.5,0.5,0.1
P2a,471,0.91894531,1.5081779777287965e-23,8.25084254849687e-06,0.5,0.5,0.1
P2a,472,0.92089844,9.033026148280529e-24,7.286696340433902e-06,0.5,0.5,0.1
P2a,473,0.92285156,5.397324145015959e-24,6.431499895624956e-06,0.5,0.5,0.1
P2a,474,0.92480469,3.217275828226993e-24,5.673396914124872e-06,0.5,0.5,0.1
P2a,475,0.92675781,1.9132100445918403e-24,5.001767331531016e-06,0.5,0.5,0.1
P2a,476,0.92871094,1.1350149183076081e-24,4.4071047009585425e-06,0.5,0.5,0.1
P2a,477,0.93066406,6.717459373982283e-25,3.880905036138853e-06,0.5,0.5,0.1
P2a,478,0.93261719,3.9661861041130667e-25,3.415566121477491e-06,0.5,0.5,0.1
P2a,479,0.93457031,2.33617670946731e-25,3.0042963731165814e-06,0.5,0.5,0.1
P2a,480,0.93652344,1.3727860347591916e-25,2.6410324079432814e-06,0.5,0.5,0.1
P2a,481,0.93847656,8.04756654103096e-26,2.320364545347848e-06,0.5,0.5,0.1
P2a,482,0.94042969,4.706421956087119e-26,2.0374695296356566e-06,0.5,0.5,0.1
P2a,483,0.94238281,2.7458809733577907e-26,1.788049819601808e-06,0.5,0.5,0.1
P2a,484,0.94433594,1.5982220400080392e-26,1.5682788461437017e-06,0.5,0.5,0.1
P2a,485,0.94628906,9.280194624306214e-27,1.3747516891658894e-06,0.5,0.5,0.1
P2a,486,0.94824219,5.375781575737906e-27,1.204440671664938e-06,0.5,0.5,0.1
P2a,487,0.95019531,3.106638398985019e-27,1.0546554120022407e-06,0.5,0.5,0.1
P2a,488,0.95214844,1.7910361788264006e-27,9.230069152038487e-07,0.5,0.5,0.1
P2a,489,0.95410156,1.0301075556066412e-27,8.073753208826269e-07,0.5,0.5,0.1
P2a,490,0.95605469,5.9105153270626425e-28,7.058809592644759e-07,0.5,0.5,0.1
P2a,491,0.95800781,3.383239046163402e-28,6.168583980125901e-07,0.5,0.5,0.1
P2a,492,0.95996094,1.931988700987756e-28,5.388331912680079e-07,0.5,0.5,0.1
P2a,493,0.96191406,1.1006292269667573e-28,4.705010687381484e-07,0.5,0.5,0.1
P2a,494,0.96386719,6.255212407707236e-29,4.107093269356155e-07,0.5,0.5,0.1
P2a,495,0.96582031,3.546562709268699e-29,3.5844020695650563e-07,0.5,0.5,0.1
P2a,496,0.96777344,2.0060316773734807e-29,3.127960636414579e-07,0.5,0.5,0.1
P2a,497,0.96972656,1.1319636807906518e-29,2.729861497260664e-07,0.5,0.5,0.1
P2a,498,0.97167969,6.372234716693629e-30,2.3831485579446063e-07,0.5,0.5,0.1
P2a,499,0.97363281,3.578620227103252e-30,2.0817126262780562e-07,0.5,0.5,0.1
P2a,500,0.97558594,2.0049524283414e-30,1.8201987700750242e-07,0.5,0.5,0.1
P2a,501,0.97753906,1.1206171555191874e-30,1.5939243530394532e-07,0.5,0.5,0.1
P2a,502,0.97949219,6.248497608381459e-31,1.3988067136186076e-07,0.5,0.5,0.1
P2a,503,0.98144531,3.4758457508354985e-31,1.2312995638268037e-07,0.5,0.5,0.1
P2a,504,0.98339844,1.9289309084067107e-31,1.0883372879756628e-07,0.5,0.5,0.1
P2a,505,0.98535156,1.0679728548506561e-31,9.672864161069449e-08,0.5,0.5,0.1
P2a,506,0.98730469,5.899912855788854e-32,8.65903634555687e-08,0.5,0.5,0.1
P2a,507,0.98925781,3.2535485925229934e-32,7.822997772724564e-08,0.5,0.5,0.1
P2a,508,0.99121094,1.7935713127758414e-32,7.149093170624067e-08,0.5,0.5,0.1
P2a,509,0.99316406,9.931621305857932e-33,6.624649464763556e-08,0.5,0.5,0.1
P2a,510,0.99511719,5.611768745821896e-33,6.239769044050123e-08,0.5,0.5,0.1
P2a,511,0.99707031,3.393022879023523e-33,5.987167671422314e-08,0.5,0.5,0.1
P2a,512,0.99902344,2.457034913863316e-33,5.8620548243408e-08,0.5,0.5,0.1
P2b,1,0.00097656,2.457034913863316e-33,5.8620548243408e-08,0.5,0.5,0.25
P2b,2,0.00292969,3.393022879023523e-33,5.987167671422314e-08,0.5,0.5,0.25
P2b,3,0.00488281,5.611768745821896e-33,6.239769044050123e-08,0.5,0.5,0.25
P2b,4,0.00683594,9.931621305857932e-33,6.624649464763556e-08,0.5,0.5,0.25
P2b,5,0.00878906,1.7935713127758414e-32,7.149093170624067e-08,0.5,0.5,0.25
P2b,6,0.01074219,3.2535485925229934e-32,7.822997772724564e-08,0.5,0.5,0.25
P2b,7,0.01269531,5.899912855788854e-32,8.65903634555687e-08,0.5,0.5,0.25
P2b,8,0.01464844,1.0679728548506561e-31,9.672864161069449e-08,0.5,0.5,0.25
P2b,9,0.01660156,1.9289309084067107e-31,1.0883372879756628e-07,0.5,0.5,0.25
P2b,10,0.01855469,3.4758457508354985e-31,1.2312995638268037e-07,0.5,0.5,0.25
P2b,11,0.02050781,6.248497608381459e-31,1.3988067136186076e-07,0.5,0.5,0.25
P2b,12,0.02246094,1.1206171555191874e-30,1.5939243530394532e-07,0.5,0.5,0.25
P2b,13,0.02441406,2.0049524283414e-30,1.8201987700750242e-07,0.5,0.5,0.25
P2b,14,0.02636719,3.578620227103252e-30,2.0817126262780562e-07,0.5,0.5,0.25
P2b,15,0.02832031,6.372234716693629e-30,2.3831485579446063e-07,0.5,0.5,0.25
P2b,16,0.03027344,1.1319636807906518e-29,2.729861497260664e-07,0.5,0.5,0.25
P2b,17,0.03222656,2.0060316773734807e-29,3.127960636414579e-07,0.5,0.5,0.25
P2b,18,0.03417969,3.546562709268699e-29,3.5844020695650563e-07,0.5,0.5,0.25
P2b,19,0.03613281,6.255212407707236e-29,4.107093269356155e-07,0.5,0.5,0.25
P2b,20,0.03808594,1.1006292269667573e-28,4.705010687381484e-07,0.5,0.5,0.25
P2b,21,0.04003906,1.931988700987756e-28,5.388331912680079e-07,0.5,0.5,0.25
P2b,22,0.04199219,3.383239046163402e-28,6.168583980125901e-07,0.5,0.5,0.25
P2b,23,0.04394531,5.9105153270626425e-28,7.058809592644759e-07,0.5,0.5,0.25
P2b,24,0.04589844,1.0301075556066412e-27,8.073753208826269e-07,0.5,0.5,0.25
P2b,25,0.04785156,1.7910361788264006e-27,9.230069152038487e-07,0.5,0.5,0.25
P2b,26,0.04980469,3.106638398985019e-27,1.0546554120022407e-06,0.5,0.5,0.25
P2b,27,0.05175781,5.375781575737906e-27,1.204440671664938e-06,0.5,0.5,0.25
P2b,28,0.05371094,9.280194624306214e-27,1.3747516891658894e-06,0.5,0.5,0.25
P2b,29,0.05566406,1.5982220400080392e-26,1.5682788461437017e-06,0.5,0.5,0.25
P2b,30,0.05761719,2.7458809733577907e-26,1.788049819601808e-06,0.5,0.5,0.25
P2b,31,0.05957031,4.706421956087119e-26,2.0374695296356566e-06,0.5,0.5,0.25
P2b,32,0.06152344,8.04756654103096e-26,2.320364545347848e-06,0.5,0.5,0.25
P2b,33,0.06347656,1.3727860347591916e-25,2.6410324079432814e-06,0.5,0.5,0.25
P2b,34,0.06542969,2.33617670946731e-25,3.0042963731165814e-06,0.5,0.5,0.25
P2b,35,0.06738281,3.9661861041130667e-25,3.415566121477491e-06,0.5,0.5,0.25
P2b,36,0.06933594,6.717459373982283e-25,3.880905036138853e-06,0.5,0.5,0.25
P2b,37,0.07128906,1.1350149183076081e-24,4.4071047009585425e-06,0.5,0.5,0.25
P2b,38,0.07324219,1.9132100445918403e-24,5.001767331531016e-06,0.5,0.5,0.25
P2b,39,0.07519531,3.217275828226993e-24,5.673396914124872e-06,0.5,0.5,0.25
P2b,40,0.07714844,5.397324145015959e-24,6.431499895624956e-06,0.5,0.5,0.25
P2b,41,0.07910156,9.033026148280529e-24,7.286696340433902e-06,0.5,0.5,0.25
P2b,42,0.08105469,1.5081779777287965e-23,8.25084254849687e-06,0.5,0.5,0.25
P2b,43,0.08300781,2.5120974565874502e-23,9.337166212416057e-06,0.5,0.5,0.25
P2b,44,0.08496094,4.1743122648504885e-23,1.0560415281306592e-05,0.5,0.5,0.25
P2b,45,0.08691406,6.91987015307641e-23,1.1937021794897697e-05,0.5,0.5,0.25
P2b,46,0.08886719,1.1443938570645866e-22,1.3485282053694134e-05,0.5,0.5,0.25
P2b,47,0.09082031,1.8880680876949053e-22,1.5225554600065658e-05,0.5,0.5,0.25
P2b,48,0.09277344,3.10759452037034e-22,1.7180477601213225e-05,0.5,0.5,0.25
P2b,49,0.09472656,5.102647921692476e-22,1.9375207348342218e-05,0.5,0.5,0.25
P2b,50,0.09667969,8.358559169228235e-22,2.1837679717326262e-05,0.5,0.5,0.25
P2b,51,0.09863281,1.3659405568953153e-21,2.4598896574924062e-05,0.5,0.5,0.25
P2b,52,0.10058594,2.2268796180980035e-21,2.7693239261455548e-05,0.5,0.5,0.25
P2b,53,0.10253906,3.621814823043536e-21,3.115881143597794e-05,0.5,0.5,0.25
P2b,54,0.10449219,5.876521164431973e-21,3.503781373362204e-05,0.5,0.5,0.25
P2b,55,0.10644531,9.512155223009019e-21,3.937695285703098e-05,0.5,0.5,0.25
P2b,56,0.10839844,1.5360385451456768e-20,4.4227887904924175e-05,0.5,0.5,0.25
P2b,57,0.11035156,2.474513688229073e-20,4.964771693079875e-05,0.5,0.5,0.25
P2b,58,0.11230469,3.976877085938364e-20,5.569950692373828e-05,0.5,0.5,0.25
P2b,59,0.11425781,6.376157518825463e-20,6.245287061124264e-05,0.5,0.5,0.25
P2b,60,0.11621094,1.0198597868543407e-19,6.998459370088725e-05,0.5,0.5,0.25
P2b,61,0.11816406,1.62737057644681e-19,7.837931640336685e-05,0.5,0.5,0.25
P2b,62,0.12011719,2.5905800243540657e-19,8.773027331391884e-05,0.5,0.5,0.25
P2b,63,0.12207031,4.1140742603952835e-19,9.814009597201784e-05,0.5,0.5,0.25
P2b,64,0.12402344,6.517961667582963e-19,0.0001097216826702717,0.5,0.5,0.25
P2b,65,0.12597656,1.0301869372710855e-18,0.00012259914034222746,0.5,0.5,0.25
P2b,66,0.12792969,1.6243695387635204e-18,0.00013690880362481623,0.5,0.5,0.25
P2b,67,0.12988281,2.5551605637776066e-18,0.00015280033646382108,0.5,0.5,0.25
P2b,68,0.13183594,4.009739109187064e-18,0.00017043792190934206,0.5,0.5,0.25
P2b,69,0.13378906,6.277382585546693e-18,0.00019000154603190025,0.5,0.5,0.25
P2b,70,0.13574219,9.804052795798566e-18,0.00021168838217763128,0.5,0.5,0.25
P2b,71,0.13769531,1.5275563701449848e-17,0.00023571428207183896,0.5,0.5,0.25
P2b,72,0.13964844,2.3743974172752665e-17,0.0002623153805727995,0.5,0.5,0.25
P2b,73,0.14160156,3.681918219963792e-17,0.0002917498211706835,0.5,0.5,0.25
P2b,74,0.14355469,5.695861574331907e-17,0.0003242996096182584,0.5,0.5,0.25
P2b,75,0.14550781,8.790412909601912e-17,0.000360272603368927,0.5,0.5,0.25
P2b,76,0.14746094,1.353392253003392e-16,0.00040000464478166266,0.5,0.5,0.25
P2b,77,0.14941406,2.0787518949013552e-16,0.0004438618463295331,0.5,0.5,0.25
P2b,78,0.15136719,3.1852695600276717e-16,0.000492243036316322,0.5,0.5,0.25
P2b,79,0.15332031,4.869162691952425e-16,0.0005455823738619262,0.5,0.5,0.25
P2b,80,0.15527344,7.425521184953089e-16,0.0006043521421588547,0.5,0.5,0.25
P2b,81,0.15722656,1.1297026784755183e-15,0.0006690657292265535,0.5,0.5,0.25
P2b,82,0.15917969,1.7146123072285199e-15,0.0007402808055941228,0.5,0.5,0.25
P2b,83,0.16113281,2.5961649133662224e-15,0.0008186027085220993,0.5,0.5,0.25
P2b,84,0.16308594,3.9215989444158405e-15,0.0009046880425266954,0.5,0.5,0.25
P2b,85,0.16503906,5.909607525538605e-15,0.0009992485060914462,0.5,0.5,0.25
P2b,86,0.16699219,8.884206865513723e-15,0.0011030549545377056,0.5,0.5,0.25
P2b,87,0.16894531,1.332426455170493e-14,0.001216941709072546,0.5,0.5,0.25
P2b,88,0.17089844,1.9935741461410857e-14,0.0013418111220360777,0.5,0.5,0.25
P2b,89,0.17285156,2.9756791361048965e-14,0.0014786384083252258,0.5,0.5,0.25
P2b,90,0.17480469,4.431026714009523e-14,0.0016284767528730634,0.5,0.5,0.25
P2b,91,0.17675781,6.582444378169105e-14,0.001792462703906644,0.5,0.5,0.25
P2b,92,0.17871094,9.755164313041172e-14,0.001971821861487024,0.5,0.5,0.25
P2b,93,0.18066406,1.4422699038977065e-13,0.002167874870547386,0.5,0.5,0.25
P2b,94,0.18261719,2.12727215081947e-13,0.0023820437272835944,0.5,0.5,0.25
P2b,95,0.18457031,3.1301426441593345e-13,0.0026158584073105624,0.5,0.5,0.25
P2b,96,0.18652344,4.594833357412826e-13,0.002870963823472005,0.5,0.5,0.25
P2b,97,0.18847656,6.728836295093046e-13,0.0031491271205748355,0.5,0.5,0.25
P2b,98,0.19042969,9.830479934491185e-13,0.003452245313607097,0.5,0.5,0.25
P2b,99,0.19238281,1.4327619548466628e-12,0.0037823532751841958,0.5,0.5,0.25
P2b,100,0.19433594,2.0832333617959087e-12,0.004141632077047098,0.5,0.5,0.25
P2b,101,0.19628906,3.021804504496938e-12,0.00453241768940223,0.5,0.5,0.25
P2b,102,0.19824219,4.3727975180215e-12,0.0049572100407412854,0.5,0.5,0.25
P2b,103,0.20019531,6.3127259019780146e-12,0.005418682439504676,0.5,0.5,0.25
P2b,104,0.20214844,9.091573599274249e-12,0.005919691357550408,0.5,0.5,0.25
P2b,105,0.20410156,1.3062483240142133e-11,0.006463286573855896,0.5,0.5,0.25
P2b,106,0.20605469,1.8723067150089338e-11,0.007052721675210187,0.5,0.5,0.25
P2b,107,0.20800781,2.677273903868272e-11,0.007691464908844045,0.5,0.5,0.25
P2b,108,0.20996094,3.819206809767399e-11,0.00838321037999243,0.5,0.5,0.25
P2b,109,0.21191406,5.435232275846171e-11,0.009131889585285753,0.5,0.5,0.25
P2b,110,0.21386719,7.716628670829947e-11,0.009941683270620599,0.5,0.5,0.25
P2b,111,0.21582031,1.092953429667008e-10,0.010817033599766566,0.5,0.5,0.25
P2b,112,0.21777344,1.5443305881451808e-10,0.011762656617422752,0.5,0.5,0.25
P2b,113,0.21972656,2.1769249205503842e-10,0.012783554987746025,0.5,0.5,0.25
P2b,114,0.22167969,3.061337347629812e-10,0.013885030986534413,0.5,0.5,0.25
P2b,115,0.22363281,4.294805394035297e-10,0.015072699722266035,0.5,0.5,0.25
P2b,116,0.22558594,6.010911741128127e-10,0.016352502558069335,0.5,0.5,0.25
P2b,117,0.22753906,8.392701438581602e-10,0.01773072070343939,0.5,0.5,0.25
P2b,118,0.22949219,1.1690356565228843e-09,0.01921398894112371,0.5,0.5,0.25
P2b,119,0.23144531,1.6244947151662565e-09,0.020809309451085684,0.5,0.5,0.25
P2b,120,0.23339844,2.252026046798518e-09,0.022524065689823496,0.5,0.5,0.25
P2b,121,0.23535156,3.114534004765558e-09,0.024366036279587555,0.5,0.5,0.25
P2b,122,0.23730469,4.2971182587492804e-09,0.02634340885821054,0.5,0.5,0.25
P2b,123,0.23925781,5.9146097661076864e-09,0.028464793836354276,0.5,0.5,0.25
P2b,124,0.24121094,8.12155982053839e-09,0.030739238005002275,0.5,0.5,0.25
P2b,125,0.24316406,1.1125444210234095e-08,0.0331762379320003,0.5,0.5,0.25
P2b,126,0.24511719,1.520406908349939e-08,0.03578575308238903,0.5,0.5,0.25
P2b,127,0.24707031,2.0728451967779248e-08,0.03857821859320078,0.5,0.5,0.25
P2b,128,0.24902344,2.819281659331187e-08,0.04156455762932835,0.5,0.5,0.25
P2b,129,0.25097656,3.8253803606102346e-08,0.04475619324303985,0.5,0.5,0.25
P2b,130,0.25292969,5.1781585380123575e-08,0.04816505965573442,0.5,0.5,0.25
P2b,131,0.25488281,6.992631194865307e-08,0.05180361287663417,0.5,0.5,0.25
P2b,132,0.25683594,9.420424318691886e-08,0.05568484056931548,0.5,0.5,0.25
P2b,133,0.25878906,1.2660908430519005e-07,0.059822271073328416,0.5,0.5,0.25
P2b,134,0.26074219,1.6975549132427336e-07,0.06422998148466244,0.5,0.5,0.25
P2b,135,0.26269531,2.270635154072224e-07,0.06892260469552568,0.5,0.5,0.25
P2b,136,0.26464844,3.029949875437468e-07,0.07391533529084328,0.5,0.5,0.25
P2b,137,0.26660156,4.033556010181023e-07,0.07922393419608494,0.5,0.5,0.25
P2b,138,0.26855469,5.356798386555134e-07,0.08486473196853014,0.5,0.5,0.25
P2b,139,0.27050781,7.097200453864707e-07,0.09085463062191768,0.5,0.5,0.25
P2b,140,0.27246094,9.380660174009194e-07,0.09721110387263085,0.5,0.5,0.25
P2b,141,0.27441406,1.2369276461753626e-06,0.10395219569418,0.5,0.5,0.25
P2b,142,0.27636719,1.6271206270944474e-06,0.1110965170657999,0.5,0.5,0.25
P2b,143,0.27832031,2.1353042587331605e-06,0.11866324080051245,0.5,0.5,0.25
P2b,144,0.28027344,2.7955311961998526e-06,0.1266720943380541,0.5,0.5,0.25
P2b,145,0.28222656,3.6511819951198207e-06,0.13514335038866776,0.5,0.5,0.25
P2b,146,0.28417969,4.75737274840285e-06,0.14409781531494342,0.5,0.5,0.25
P2b,147,0.28613281,6.183942476576682e-06,0.1535568151406994,0.5,0.5,0.25
P2b,148,0.28808594,8.019148630824485e-06,0.16354217907835025,0.5,0.5,0.25
P2b,149,0.29003906,1.0374224599390558e-05,0.17407622046934906,0.5,0.5,0.25
P2b,150,0.29199219,1.3388983012570728e-05,0.18518171503614125,0.5,0.5,0.25
P2b,151,0.29394531,1.723868350329749e-05,0.19688187634865364,0.5,0.5,0.25
P2b,152,0.29589844,2.2142424023832474e-05,0.20920032841369218,0.5,0.5,0.25
P2b,153,0.29785156,2.8373361502364648e-05,0.22216107530174967,0.5,0.5,0.25
P2b,154,0.29980469,3.627112122835951e-05,0.23578846773265316,0.5,0.5,0.25
P2b,155,0.30175781,4.6256815574870414e-05,0.2501071665492181,0.5,0.5,0.25
P2b,156,0.30371094,5.8851162185320366e-05,0.2651421030166415,0.5,0.5,0.25
P2b,157,0.30566406,7.469627022783129e-05,0.2809184358947477,0.5,0.5,0.25
P2b,158,0.30761719,9.458175135136968e-05,0.29746150524042114,0.5,0.5,0.25
P2b,159,0.30957031,0.00011947591007350636,0.31479678290859475,0.5,0.5,0.25
P2b,160,0.31152344,0.0001505628768674557,0.33294981973201454,0.5,0.5,0.25
P2b,161,0.31347656,0.00018928666639670276,0.35194618937265454,0.5,0.5,0.25
P2b,162,0.31542969,0.0002374032731379326,0.3718114288510812,0.5,0.5,0.25
P2b,163,0.31738281,0.00029704205671380425,0.39257097577425265,0.5,0.5,0.25
P2b,164,0.31933594,0.0003707778189429849,0.4142501022971341,0.5,0.5,0.25
P2b,165,0.32128906,0.0004617151327884866,0.43687384586910233,0.5,0.5,0.25
P2b,166,0.32324219,0.0005735866484163001,0.46046693683232415,0.5,0.5,0.25
P2b,167,0.32519531,0.0007108672712379661,0.48505372295610744,0.5,0.5,0.25
P2b,168,0.32714844,0.000878906278195087,0.510658091008556,0.5,0.5,0.25
P2b,169,0.32910156,0.0010840796079768546,0.5373033854846623,0.5,0.5,0.25
P2b,170,0.33105469,0.001333964723822125,0.5650123246281709,0.5,0.5,0.25
P2b,171,0.33300781,0.0016375405986025922,0.5938069139030584,0.5,0.5,0.25
P2b,172,0.33496094,0.002005415504586071,0.6237083570892404,0.5,0.5,0.25
P2b,173,0.33691406,0.0024500853971807426,0.6547369651960087,0.5,0.5,0.25
P2b,174,0.33886719,0.0029862257545487333,0.6869120634056851,0.5,0.5,0.25
P2b,175,0.34082031,0.00363101976368373,0.7202518962788815,0.5,0.5,0.25
P2b,176,0.34277344,0.004404525717789597,0.7547735314715522,0.5,0.5,0.25
P2b,177,0.34472656,0.0053300863980529755,0.7904927622325475,0.5,0.5,0.25
P2b,178,0.34667969,0.006434783042835534,0.8274240089685472,0.5,0.5,0.25
P2b,179,0.34863281,0.007749936245945964,0.8655802201809487,0.5,0.5,0.25
P2b,180,0.35058594,0.009311655759611227,0.9049727730963781,0.5,0.5,0.25
P2b,181,0.35253906,0.011161440693571605,0.9456113743288884,0.5,0.5,0.25
P2b,182,0.35449219,0.013346830986159422,0.987503960927458,0.5,0.5,0.25
P2b,183,0.35644531,0.015922110263769645,1.0306566021770072,0.5,0.5,0.25
P2b,184,0.35839844,0.018949059290476265,1.0750734025346746,0.5,0.5,0.25
P2b,185,0.36035156,0.022497758130144086,1.1207564060954263,0.5,0.5,0.25
P2b,186,0.36230469,0.026647433892079443,1.1677055029920853,0.5,0.5,0.25
P2b,187,0.36425781,0.031487349503974395,1.2159183381444516,0.5,0.5,0.25
P2b,188,0.36621094,0.03711772735232914,1.265390222780232,0.5,0.5,0.25
P2b,189,0.36816406,0.04365069985490319,1.3161140491568672,0.5,0.5,0.25
P2b,190,0.37011719,0.051211277091507364,1.3680802089180029,0.5,0.5,0.25
P2b,191,0.37207031,0.05993831953401407,1.4212765155211038,0.5,0.5,0.25
P2b,192,0.37402344,0.06998550170583477,1.4756881311735583,0.5,0.5,0.25
P2b,193,0.37597656,0.08152225029444984,1.5312974987134196,0.5,0.5,0.25
P2b,194,0.37792969,0.09473463787463382,1.5880842788676408,0.5,0.5,0.25
P2b,195,0.37988281,0.10982621101942942,1.6460252933151904,0.5,0.5,0.25
P2b,196,0.38183594,0.1270187292332889,1.7050944739747556,0.5,0.5,0.25
P2b,197,0.38378906,0.14655278889754414,1.7652628189267976,0.5,0.5,0.25
P2b,198,0.38574219,0.1686883043403255,1.8264983553674652,0.5,0.5,0.25
P2b,199,0.38769531,0.19370481630578107,1.8887661099773236,0.5,0.5,0.25
P2b,200,0.38964844,0.2219015965811926,1.9520280870709672,0.5,0.5,0.25
P2b,201,0.39160156,0.2535975164299256,2.016243254874376,0.5,0.5,0.25
P2b,202,0.39355469,0.28913064586028797,2.081367540255396,0.5,0.5,0.25
P2b,203,0.39550781,0.32885755072309664,2.1473538322089425,0.5,0.5,0.25
P2b,204,0.39746094,0.37315225526006185,2.2141519943725734,0.5,0.5,0.25
P2b,205,0.39941406,0.4224048391025293,2.281708886819958,0.5,0.5,0.25
P2b,206,0.40136719,0.4770196399198407,2.3499683973495578,0.5,0.5,0.25
P2b,207,0.40332031,0.5374130360022464,2.4188714824537083,0.5,0.5,0.25
P2b,208,0.40527344,0.6040107870848936,2.4883562181192156,0.5,0.5,0.25
P2b,209,0.40722656,0.6772449167099038,2.5583578605748336,0.5,0.5,0.25
P2b,210,0.40917969,0.7575501253957868,2.628808917063571,0.5,0.5,0.25
P2b,211,0.41113281,0.84535973082714,2.6996392266789444,0.5,0.5,0.25
P2b,212,0.41308594,0.9411011391566687,2.770776051264122,0.5,0.5,0.25
P2b,213,0.41503906,1.0451908602619604,2.842144176331645,0.5,0.5,0.25
P2b,214,0.41699219,1.1580290893273733,2.9136660219191834,0.5,0.5,0.25
P2b,215,0.41894531,1.279993887302496,2.985261763253834,0.5,0.5,0.25
P2b,216,0.42089844,1.4114350034677228,3.056849461053984,0.5,0.5,0.25
P2b,217,0.42285156,1.5526673943293867,3.1283452012539392,0.5,0.5,0.25
P2b,218,0.42480469,1.7039645041581832,3.19966324389262,0.5,0.5,0.25
P2b,219,0.42675781,1.865551383436322,3.270716180863852,0.5,0.5,0.25
P2b,220,0.42871094,2.0375977320304806,3.341415102182357,0.5,0.5,0.25
P2b,221,0.43066406,2.2202109637818497,3.411669770376756,0.5,0.5,0.25
P2b,222,0.43261719,2.413429398113344,3.48138880257891,0.5,0.5,0.25
P2b,223,0.43457031,2.617215691905245,3.550479859838049,0.5,0.5,0.25
P2b,224,0.43652344,2.831450630995762,3.6188498431485647,0.5,0.5,0.25
P2b,225,0.43847656,3.055927404945471,3.686405095642326,0.5,0.5,0.25
P2b,226,0.44042969,3.290346490908249,3.7530516103601466,0.5,0.5,0.25
P2b,227,0.44238281,3.53431127234906,3.8186952429828156,0.5,0.5,0.25
P2b,228,0.44433594,3.787324515751703,3.8832419288701323,0.5,0.5,0.25
P2b,229,0.44628906,4.048785823224553,3.9465979037268095,0.5,0.5,0.25
P2b,230,0.44824219,4.317990170950166,4.008669927187248,0.5,0.5,0.25
P2b,231,0.45019531,4.594127632706654,4.069365508587069,0.5,0.5,0.25
P2b,232,0.45214844,4.876284374251919,4.128593134168262,0.5,0.5,0.25
P2b,233,0.45410156,5.1634449883125,4.186262494946871,0.5,0.5,0.25
P2b,234,0.45605469,5.454496221434744,4.24228471445756,0.5,0.5,0.25
P2b,235,0.45800781,5.748232123286844,4.296572575578234,0.5,0.5,0.25
P2b,236,0.45996094,6.043360626464485,4.349040745630274,0.5,0.5,0.25
P2b,237,0.46191406,6.338511540834622,4.399605998945991,0.5,0.5,0.25
P2b,238,0.46386719,6.632245921394076,4.44818743609458,0.5,0.5,0.25
P2b,239,0.46582031,6.923066743015015,4.494706698961409,0.5,0.5,0.25
P2b,240,0.46777344,7.2094307898312495,4.53908818088268,0.5,0.5,0.25
P2b,241,0.46972656,7.489761641947748,4.581259231048627,0.5,0.5,0.25
P2b,242,0.47167969,7.762463618205754,4.621150352403189,0.5,0.5,0.25
P2b,243,0.47363281,8.025936511481067,4.658695392286749,0.5,0.5,0.25
P2b,244,0.47558594,8.278590932991351,4.6938317250907176,0.5,0.5,0.25
P2b,245,0.47753906,8.518864064866106,4.726500426218682,0.5,0.5,0.25
P2b,246,0.47949219,8.745235606269688,4.756646436678126,0.5,0.5,0.25
P2b,247,0.48144531,8.95624368808148,4.784218717659508,0.5,0.5,0.25
P2b,248,0.48339844,9.150500524871676,4.809170394495462,0.5,0.5,0.25
P2b,249,0.48535156,9.326707570923439,4.831458889431846,0.5,0.5,0.25
P2b,250,0.48730469,9.483669949504193,4.851046042684372,0.5,0.5,0.25
P2b,251,0.48925781,9.62030993153972,4.867898221299055,0.5,0.5,0.25
P2b,252,0.49121094,9.735679251247388,4.881986415381851,0.5,0.5,0.25
P2b,253,0.49316406,9.828970061983593,4.893286321312088,0.5,0.5,0.25
P2b,254,0.49511719,9.899524355294515,4.9017784116056,0.5,0.5,0.25
P2b,255,0.49707031,9.946841689566032,4.907447991146455,0.5,0.5,0.25
P2b,256,0.49902344,9.970585101293073,4.910285239560637,0.5,0.5,0.25
P2b,257,0.50097656,9.970585101293073,4.910285239560637,0.5,0.5,0.25
P2b,258,0.50292969,9.946841689566032,4.907447991146455,0.5,0.5,0.25
P2b,259,0.50488281,9.899524355294515,4.9017784116056,0.5,0.5,0.25
P2b,260,0.50683594,9.828970061983593,4.893286321312088,0.5,0.5,0.25
P2b,261,0.50878906,9.735679251247388,4.881986415381851,0.5,0.5,0.25
P2b,262,0.51074219,9.62030993153972,4.867898221299055,0.5,0.5,0.25
P2b,263,0.51269531,9.483669949504193,4.851046042684372,0.5,0.5,0.25
P2b,264,0.51464844,9.326707570923439,4.831458889431846,0.5,0.5,0.25
P2b,265,0.51660156,9.150500524871676,4.809170394495462,0.5,0.5,0.25
P2b,266,0.51855469,8.95624368808148,4.784218717659508,0.5,0.5,0.25
P2b,267,0.52050781,8.745235606269688,4.756646436678126,0.5,0.5,0.25
P2b,268,0.52246094,8.518864064866106,4.726500426218682,0.5,0.5,0.25
P2b,269,0.52441406,8.278590932991351,4.6938317250907176,0.5,0.5,0.25
P2b,270,0.52636719,8.025936511481067,4.658695392286749,0.5,0.5,0.25
P2b,271,0.52832031,7.762463618205754,4.621150352403189,0.5,0.5,0.25
P2b,272,0.53027344,7.489761641947748,4.581259231048627,0.5,0.5,0.25
P2b,273,0.53222656,7.2094307898312495,4.53908818088268,0.5,0.5,0.25
P2b,274,0.53417969,6.923066743015015,4.494706698961409,0.5,0.5,0.25
P2b,275,0.53613281,6.632245921394076,4.44818743609458,0.5,0.5,0.25
P2b,276,0.53808594,6.338511540834622,4.399605998945991,0.5,0.5,0.25
P2b,277,0.54003906,6.043360626464485,4.349040745630274,0.5,0.5,0.25
P2b,278,0.54199219,5.748232123286844,4.296572575578234,0.5,0.5,0.25
P2b,279,0.54394531,5.454496221434744,4.24228471445756,0.5,0.5,0.25
P2b,280,0.54589844,5.1634449883125,4.186262494946871,0.5,0.5,0.25
P2b,281,0.54785156,4.876284374251919,4.128593134168262,0.5,0.5,0.25
P2b,282,0.54980469,4.594127632706654,4.069365508587069,0.5,0.5,0.25
P2b,283,0.55175781,4.317990170950166,4.008669927187248,0.5,0.5,0.25
P2b,284,0.55371094,4.048785823224553,3.9465979037268095,0.5,0.5,0.25
P2b,285,0.55566406,3.787324515751703,3.8832419288701323,0.5,0.5,0.25
P2b,286,0.55761719,3.53431127234906,3.8186952429828156,0.5,0.5,0.25
P2b,287,0.55957031,3.290346490908249,3.7530516103601466,0.5,0.5,0.25
P2b,288,0.56152344,3.055927404945471,3.686405095642326,0.5,0.5,0.25
P2b,289,0.56347656,2.831450630995762,3.6188498431485647,0.5,0.5,0.25
P2b,290,0.56542969,2.617215691905245,3.550479859838049,0.5,0.5,0.25
P2b,291,0.56738281,2.413429398113344,3.48138880257891,0.5,0.5,0.25
P2b,292,0.56933594,2.2202109637818497,3.411669770376756,0.5,0.5,0.25
P2b,293,0.57128906,2.0375977320304806,3.341415102182357,0.5,0.5,0.25
P2b,294,0.57324219,1.865551383436322,3.270716180863852,0.5,0.5,0.25
P2b,295,0.57519531,1.7039645041581832,3.19966324389262,0.5,0.5,0.25
P2b,296,0.57714844,1.5526673943293867,3.1283452012539392,0.5,0.5,0.25
P2b,297,0.57910156,1.4114350034677228,3.056849461053984,0.5,0.5,0.25
P2b,298,0.58105469,1.279993887302496,2.985261763253834,0.5,0.5,0.25
P2b,299,0.58300781,1.1580290893273733,2.9136660219191834,0.5,0.5,0.25
P2b,300,0.58496094,1.0451908602619604,2.842144176331645,0.5,0.5,0.25
P2b,301,0.58691406,0.9411011391566687,2.770776051264122,0.5,0.5,0.25
P2b,302,0.58886719,0.84535973082714,2.6996392266789444,0.5,0.5,0.25
P2b,303,0.59082031,0.7575501253957868,2.628808917063571,0.5,0.5,0.25
P2b,304,0.59277344,0.6772449167099038,2.5583578605748336,0.5,0.5,0.25
P2b,305,0.59472656,0.6040107870848936,2.4883562181192156,0.5,0.5,0.25
P2b,306,0.59667969,0.5374130360022464,2.4188714824537083,0.5,0.5,0.25
P2b,307,0.59863281,0.4770196399198407,2.3499683973495578,0.5,0.5,0.25
P2b,308,0.60058594,0.4224048391025293,2.281708886819958,0.5,0.5,0.25
P2b,309,0.60253906,0.37315225526006185,2.2141519943725734,0.5,0.5,0.25
P2b,310,0.60449219,0.32885755072309664,2.1473538322089425,0.5,0.5,0.25
P2b,311,0.60644531,0.28913064586028797,2.081367540255396,0.5,0.5,0.25
P2b,312,0.60839844,0.2535975164299256,2.016243254874376,0.5,0.5,0.25
P2b,313,0.61035156,0.2219015965811926,1.9520280870709672,0.5,0.5,0.25
P2b,314,0.61230469,0.19370481630578107,1.8887661099773236,0.5,0.5,0.25
P2b,315,0.61425781,0.1686883043403255,1.8264983553674652,0.5,0.5,0.25
P2b,316,0.61621094,0.14655278889754414,1.7652628189267976,0.5,0.5,0.25
P2b,317,0.61816406,0.1270187292332889,1.7050944739747556,0.5,0.5,0.25
P2b,318,0.62011719,0.10982621101942942,1.6460252933151904,0.5,0.5,0.25
P2b,319,0.62207031,0.09473463787463382,1.5880842788676408,0.5,0.5,0.25
P2b,320,0.62402344,0.08152225029444984,1.5312974987134196,0.5,0.5,0.25
P2b,321,0.62597656,0.06998550170583477,1.4756881311735583,0.5,0.5,0.25
P2b,322,0.62792969,0.05993831953401407,1.4212765155211038,0.5,0.5,0.25
P2b,323,0.62988281,0.051211277091507364,1.3680802089180029,0.5,0.5,0.25
P2b,324,0.63183594,0.04365069985490319,1.3161140491568672,0.5,0.5,0.25
P2b,325,0.63378906,0.03711772735232914,1.265390222780232,0.5,0.5,0.25
P2b,326,0.63574219,0.031487349503974395,1.2159183381444516,0.5,0.5,0.25
P2b,327,0.63769531,0.026647433892079443,1.1677055029920853,0.5,0.5,0.25
P2b,328,0.63964844,0.022497758130144086,1.1207564060954263,0.5,0.5,0.25
P2b,329,0.64160156,0.018949059290476265,1.0750734025346746,0.5,0.5,0.25
P2b,330,0.64355469,0.015922110263769645,1.0306566021770072,0.5,0.5,0.25
P2b,331,0.64550781,0.013346830986159422,0.987503960927458,0.5,0.5,0.25
P2b,332,0.64746094,0.011161440693571605,0.9456113743288884,0.5,0.5,0.25
P2b,333,0.64941406,0.009311655759611227,0.9049727730963781,0.5,0.5,0.25
P2b,334,0.65136719,0.007749936245945964,0.8655802201809487,0.5,0.5,0.25
P2b,335,0.65332031,0.006434783042835534,0.8274240089685472,0.5,0.5,0.25
P2b,336,0.65527344,0.0053300863980529755,0.7904927622325475,0.5,0.5,0.25
P2b,337,0.65722656,0.004404525717789597,0.7547735314715522,0.5,0.5,0.25
P2b,338,0.65917969,0.00363101976368373,0.7202518962788815,0.5,0.5,0.25
P2b,339,0.66113281,0.0029862257545487333,0.6869120634056851,0.5,0.5,0.25
P2b,340,0.66308594,0.0024500853971807426,0.6547369651960087,0.5,0.5,0.25
P2b,341,0.66503906,0.002005415504586071,0.6237083570892404,0.5,0.5,0.25
P2b,342,0.66699219,0.0016375405986025922,0.5938069139030584,0.5,0.5,0.25
P2b,343,0.66894531,0.001333964723822125,0.5650123246281709,0.5,0.5,0.25
P2b,344,0.67089844,0.0010840796079768546,0.5373033854846623,0.5,0.5,0.25
P2b,345,0.67285156,0.000878906278195087,0.510658091008556,0.5,0.5,0.25
P2b,346,0.67480469,0.0007108672712379661,0.48505372295610744,0.5,0.5,0.25
P2b,347,0.67675781,0.0005735866484163001,0.46046693683232415,0.5,0.5,0.25
P2b,348,0.67871094,0.0004617151327884866,0.43687384586910233,0.5,0.5,0.25
P2b,349,0.68066406,0.0003707778189429849,0.4142501022971341,0.5,0.5,0.25
P2b,350,0.68261719,0.00029704205671380425,0.39257097577425265,0.5,0.5,0.25
P2b,351,0.68457031,0.0002374032731379326,0.3718114288510812,0.5,0.5,0.25
P2b,352,0.68652344,0.00018928666639670276,0.35194618937265454,0.5,0.5,0.25
P2b,353,0.68847656,0.0001505628768674557,0.33294981973201454,0.5,0.5,0.25
P2b,354,0.69042969,0.00011947591007350636,0.31479678290859475,0.5,0.5,0.25
P2b,355,0.69238281,9.458175135136968e-05,0.29746150524042114,0.5,0.5,0.25
P2b,356,0.69433594,7.469627022783129e-05,0.2809184358947477,0.5,0.5,0.25
P2b,357,0.69628906,5.8851162185320366e-05,0.2651421030166415,0.5,0.5,0.25
P2b,358,0.69824219,4.6256815574870414e-05,0.2501071665492181,0.5,0.5,0.25
P2b,359,0.70019531,3.627112122835951e-05,0.23578846773265316,0.5,0.5,0.25
P2b,360,0.70214844,2.8373361502364648e-05,0.22216107530174967,0.5,0.5,0.25
P2b,361,0.70410156,2.2142424023832474e-05,0.20920032841369218,0.5,0.5,0.25
P2b,362,0.70605469,1.723868350329749e-05,0.19688187634865364,0.5,0.5,0.25
P2b,363,0.70800781,1.3388983012570728e-05,0.18518171503614125,0.5,0.5,0.25
P2b,364,0.70996094,1.0374224599390558e-05,0.17407622046934906,0.5,0.5,0.25
P2b,365,0.71191406,8.019148630824485e-06,0.16354217907835025,0.5,0.5,0.25
P2b,366,0.71386719,6.183942476576682e-06,0.1535568151406994,0.5,0.5,0.25
P2b,367,0.71582031,4.75737274840285e-06,0.14409781531494342,0.5,0.5,0.25
P2b,368,0.71777344,3.6511819951198207e-06,0.13514335038866776,0.5,0.5,0.25
P2b,369,0.71972656,2.7955311961998526e-06,0.1266720943380541,0.5,0.5,0.25
P2b,370,0.72167969,2.1353042587331605e-06,0.11866324080051245,0.5,0.5,0.25
P2b,371,0.72363281,1.6271206270944474e-06,0.1110965170657999,0.5,0.5,0.25
P2b,372,0.72558594,1.2369276461753626e-06,0.10395219569418,0.5,0.5,0.25
P2b,373,0.72753906,9.380660174009194e-07,0.09721110387263085,0.5,0.5,0.25
P2b,374,0.72949219,7.097200453864707e-07,0.09085463062191768,0.5,0.5,0.25
P2b,375,0.73144531,5.356798386555134e-07,0.08486473196853014,0.5,0.5,0.25
P2b,376,0.73339844,4.033556010181023e-07,0.07922393419608494,0.5,0.5,0.25
P2b,377,0.73535156,3.029949875437468e-07,0.07391533529084328,0.5,0.5,0.25
P2b,378,0.73730469,2.270635154072224e-07,0.06892260469552568,0.5,0.5,0.25
P2b,379,0.73925781,1.6975549132427336e-07,0.06422998148466244,0.5,0.5,0.25
P2b,380,0.74121094,1.2660908430519005e-07,0.059822271073328416,0.5,0.5,0.25
P2b,381,0.74316406,9.420424318691886e-08,0.05568484056931548,0.5,0.5,0.25
P2b,382,0.74511719,6.992631194865307e-08,0.05180361287663417,0.5,0.5,0.25
P2b,383,0.74707031,5.1781585380123575e-08,0.04816505965573442,0.5,0.5,0.25
P2b,384,0.74902344,3.8253803606102346e-08,0.04475619324303985,0.5,0.5,0.25
P2b,385,0.75097656,2.819281659331187e-08,0.04156455762932835,0.5,0.5,0.25
P2b,386,0.75292969,2.0728451967779248e-08,0.03857821859320078,0.5,0.5,0.25
P2b,387,0.75488281,1.520406908349939e-08,0.03578575308238903,0.5,0.5,0.25
P2b,388,0.75683594,1.1125444210234095e-08,0.0331762379320003,0.5,0.5,0.25
P2b,389,0.75878906,8.12155982053839e-09,0.030739238005002275,0.5,0.5,0.25
P2b,390,0.76074219,5.9146097661076864e-09,0.028464793836354276,0.5,0.5,0.25
P2b,391,0.76269531,4.2971182587492804e-09,0.02634340885821054,0.5,0.5,0.25
P2b,392,0.76464844,3.114534004765558e-09,0.024366036279587555,0.5,0.5,0.25
P2b,393,0.76660156,2.252026046798518e-09,0.022524065689823496,0.5,0.5,0.25
P2b,394,0.76855469,1.6244947151662565e-09,0.020809309451085684,0.5,0.5,0.25
P2b,395,0.77050781,1.1690356565228843e-09,0.01921398894112371,0.5,0.5,0.25
P2b,396,0.77246094,8.392701438581602e-10,0.01773072070343939,0.5,0.5,0.25
P2b,397,0.77441406,6.010911741128127e-10,0.016352502558069335,0.5,0.5,0.25
P2b,398,0.77636719,4.294805394035297e-10,0.015072699722266035,0.5,0.5,0.25
P2b,399,0.77832031,3.061337347629812e-10,0.013885030986534413,0.5,0.5,0.25
P2b,400,0.78027344,2.1769249205503842e-10,0.012783554987746025,0.5,0.5,0.25
P2b,401,0.78222656,1.5443305881451808e-10,0.011762656617422752,0.5,0.5,0.25
P2b,402,0.78417969,1.092953429667008e-10,0.010817033599766566,0.5,0.5,0.25
P2b,403,0.78613281,7.716628670829947e-11,0.009941683270620599,0.5,0.5,0.25
P2b,404,0.78808594,5.435232275846171e-11,0.009131889585285753,0.5,0.5,0.25
P2b,405,0.79003906,3.819206809767399e-11,0.00838321037999243,0.5,0.5,0.25
P2b,406,0.79199219,2.677273903868272e-11,0.007691464908844045,0.5,0.5,0.25
P2b,407,0.79394531,1.8723067150089338e-11,0.007052721675210187,0.5,0.5,0.25
P2b,408,0.79589844,1.3062483240142133e-11,0.006463286573855896,0.5,0.5,0.25
P2b,409,0.79785156,9.091573599274249e-12,0.005919691357550408,0.5,0.5,0.25
P2b,410,0.79980469,6.3127259019780146e-12,0.005418682439504676,0.5,0.5,0.25
P2b,411,0.80175781,4.3727975180215e-12,0.0049572100407412854,0.5,0.5,0.25
P2b,412,0.80371094,3.021804504496938e-12,0.00453241768940223,0.5,0.5,0.25
P2b,413,0.80566406,2.0832333617959087e-12,0.004141632077047098,0.5,0.5,0.25
P2b,414,0.80761719,1.4327619548466628e-12,0.0037823532751841958,0.5,0.5,0.25
P2b,415,0.80957031,9.830479934491185e-13,0.003452245313607097,0.5,0.5,0.25
P2b,416,0.81152344,6.728836295093046e-13,0.0031491271205748355,0.5,0.5,0.25
P2b,417,0.81347656,4.594833357412826e-13,0.002870963823472005,0.5,0.5,0.25
P2b,418,0.81542969,3.1301426441593345e-13,0.0026158584073105624,0.5,0.5,0.25
P2b,419,0.81738281,2.12727215081947e-13,0.0023820437272835944,0.5,0.5,0.25
P2b,420,0.81933594,1.4422699038977065e-13,0.002167874870547386,0.5,0.5,0.25
P2b,421,0.82128906,9.755164313041172e-14,0.001971821861487024,0.5,0.5,0.25
P2b,422,0.82324219,6.582444378169105e-14,0.001792462703906644,0.5,0.5,0.25
P2b,423,0.82519531,4.431026714009523e-14,0.0016284767528730634,0.5,0.5,0.25
P2b,424,0.82714844,2.9756791361048965e-14,0.0014786384083252258,0.5,0.5,0.25
P2b,425,0.82910156,1.9935741461410857e-14,0.0013418111220360777,0.5,0.5,0.25
P2b,426,0.83105469,1.332426455170493e-14,0.001216941709072546,0.5,0.5,0.25
P2b,427,0.83300781,8.884206865513723e-15,0.0011030549545377056,0.5,0.5,0.25
P2b,428,0.83496094,5.909607525538605e-15,0.0009992485060914462,0.5,0.5,0.25
P2b,429,0.83691406,3.9215989444158405e-15,0.0009046880425266954,0.5,0.5,0.25
P2b,430,0.83886719,2.5961649133662224e-15,0.0008186027085220993,0.5,0.5,0.25
P2b,431,0.84082031,1.7146123072285199e-15,0.0007402808055941228,0.5,0.5,0.25
P2b,432,0.84277344,1.1297026784755183e-15,0.0006690657292265535,0.5,0.5,0.25
P2b,433,0.84472656,7.425521184953089e-16,0.0006043521421588547,0.5,0.5,0.25
P2b,434,0.84667969,4.869162691952425e-16,0.0005455823738619262,0.5,0.5,0.25
P2b,435,0.84863281,3.1852695600276717e-16,0.000492243036316322,0.5,0.5,0.25
P2b,436,0.85058594,2.0787518949013552e-16,0.0004438618463295331,0.5,0.5,0.25
P2b,437,0.85253906,1.353392253003392e-16,0.00040000464478166266,0.5,0.5,0.25
P2b,438,0.85449219,8.790412909601912e-17,0.000360272603368927,0.5,0.5,0.25
P2b,439,0.85644531,5.695861574331907e-17,0.0003242996096182584,0.5,0.5,0.25
P2b,440,0.85839844,3.681918219963792e-17,0.0002917498211706835,0.5,0.5,0.25
P2b,441,0.86035156,2.3743974172752665e-17,0.0002623153805727995,0.5,0.5,0.25
P2b,442,0.86230469,1.5275563701449848e-17,0.00023571428207183896,0.5,0.5,0.25
P2b,443,0.86425781,9.804052795798566e-18,0.00021168838217763128,0.5,0.5,0.25
P2b,444,0.86621094,6.277382585546693e-18,0.00019000154603190025,0.5,0.5,0.25
P2b,445,0.86816406,4.009739109187064e-18,0.00017043792190934206,0.5,0.5,0.25
P2b,446,0.87011719,2.5551605637776066e-18,0.00015280033646382108,0.5,0.5,0.25
P2b,447,0.87207031,1.6243695387635204e-18,0.00013690880362481623,0.5,0.5,0.25
P2b,448,0.87402344,1.0301869372710855e-18,0.00012259914034222746,0.5,0.5,0.25
P2b,449,0.87597656,6.517961667582963e-19,0.0001097216826702717,0.5,0.5,0.25
P2b,450,0.87792969,4.1140742603952835e-19,9.814009597201784e-05,0.5,0.5,0.25
P2b,451,0.87988281,2.5905800243540657e-19,8.773027331391884e-05,0.5,0.5,0.25
P2b,452,0.88183594,1.62737057644681e-19,7.837931640336685e-05,0.5,0.5,0.25
P2b,453,0.88378906,1.0198597868543407e-19,6.998459370088725e-05,0.5,0.5,0.25
P2b,454,0.88574219,6.376157518825463e-20,6.245287061124264e-05,0.5,0.5,0.25
P2b,455,0.88769531,3.976877085938364e-20,5.569950692373828e-05,0.5,0.5,0.25
P2b,456,0.88964844,2.474513688229073e-20,4.964771693079875e-05,0.5,0.5,0.25
P2b,457,0.89160156,1.5360385451456768e-20,4.4227887904924175e-05,0.5,0.5,0.25
P2b,458,0.89355469,9.512155223009019e-21,3.937695285703098e-05,0.5,0.5,0.25
P2b,459,0.89550781,5.876521164431973e-21,3.503781373362204e-05,0.5,0.5,0.25
P2b,460,0.89746094,3.621814823043536e-21,3.115881143597794e-05,0.5,0.5,0.25
P2b,461,0.89941406,2.2268796180980035e-21,2.7693239261455548e-05,0.5,0.5,0.25
P2b,462,0.90136719,1.3659405568953153e-21,2.4598896574924062e-05,0.5,0.5,0.25
P2b,463,0.90332031,8.358559169228235e-22,2.1837679717326262e-05,0.5,0.5,0.25
P2b,464,0.90527344,5.102647921692476e-22,1.9375207348342218e-05,0.5,0.5,0.25
P2b,465,0.90722656,3.10759452037034e-22,1.7180477601213225e-05,0.5,0.5,0.25
P2b,466,0.90917969,1.8880680876949053e-22,1.5225554600065658e-05,0.5,0.5,0.25
P2b,467,0.91113281,1.1443938570645866e-22,1.3485282053694134e-05,0.5,0.5,0.25
P2b,468,0.91308594,6.91987015307641e-23,1.1937021794897697e-05,0.5,0.5,0.25
P2b,469,0.91503906,4.1743122648504885e-23,1.0560415281306592e-05,0.5,0.5,0.25
P2b,470,0.91699219,2.5120974565874502e-23,9.337166212416057e-06,0.5,0.5,0.25
P2b,471,0.91894531,1.5081779777287965e-23,8.25084254849687e-06,0.5,0.5,0.25
P2b,472,0.92089844,9.033026148280529e-24,7.286696340433902e-06,0.5,0.5,0.25
P2b,473,0.92285156,5.397324145015959e-24,6.431499895624956e-06,0.5,0.5,0.25
P2b,474,0.92480469,3.217275828226993e-24,5.673396914124872e-06,0.5,0.5,0.25
P2b,475,0.92675781,1.9132100445918403e-24,5.001767331531016e-06,0.5,0.5,0.25
P2b,476,0.92871094,1.1350149183076081e-24,4.4071047009585425e-06,0.5,0.5,0.25
P2b,477,0.93066406,6.717459373982283e-25,3.880905036138853e-06,0.5,0.5,0.25
P2b,478,0.93261719,3.9661861041130667e-25,3.415566121477491e-06,0.5,0.5,0.25
P2b,479,0.93457031,2.33617670946731e-25,3.0042963731165814e-06,0.5,0.5,0.25
P2b,480,0.93652344,1.3727860347591916e-25,2.6410324079432814e-06,0.5,0.5,0.25
P2b,481,0.93847656,8.04756654103096e-26,2.320364545347848e-06,0.5,0.5,0.25
P2b,482,0.94042969,4.706421956087119e-26,2.0374695296356566e-06,0.5,0.5,0.25
P2b,483,0.94238281,2.7458809733577907e-26,1.788049819601808e-06,0.5,0.5,0.25
P2b,484,0.94433594,1.5982220400080392e-26,1.5682788461437017e-06,0.5,0.5,0.25
P2b,485,0.94628906,9.280194624306214e-27,1.3747516891658894e-06,0.5,0.5,0.25
P2b,486,0.94824219,5.375781575737906e-27,1.204440671664938e-06,0.5,0.5,0.25
P2b,487,0.95019531,3.106638398985019e-27,1.0546554120022407e-06,0.5,0.5,0.25
P2b,488,0.95214844,1.7910361788264006e-27,9.230069152038487e-07,0.5,0.5,0.25
P2b,489,0.95410156,1.0301075556066412e-27,8.073753208826269e-07,0.5,0.5,0.25
P2b,490,0.95605469,5.9105153270626425e-28,7.058809592644759e-07,0.5,0.5,0.25
P2b,491,0.95800781,3.383239046163402e-28,6.168583980125901e-07,0.5,0.5,0.25
P2b,492,0.95996094,1.931988700987756e-28,5.388331912680079e-07,0.5,0.5,0.25
P2b,493,0.96191406,1.1006292269667573e-28,4.705010687381484e-07,0.5,0.5,0.25
P2b,494,0.96386719,6.255212407707236e-29,4.107093269356155e-07,0.5,0.5,0.25
P2b,495,0.96582031,3.546562709268699e-29,3.5844020695650563e-07,0.5,0.5,0.25
P2b,496,0.96777344,2.0060316773734807e-29,3.127960636414579e-07,0.5,0.5,0.25
P2b,497,0.96972656,1.1319636807906518e-29,2.729861497260664e-07,0.5,0.5,0.25
P2b,498,0.97167969,6.372234716693629e-30,2.3831485579446063e-07,0.5,0.5,0.25
P2b,499,0.97363281,3.578620227103252e-30,2.0817126262780562e-07,0.5,0.5,0.25
P2b,500,0.97558594,2.0049524283414e-30,1.8201987700750242e-07,0.5,0.5,0.25
P2b,501,0.97753906,1.1206171555191874e-30,1.5939243530394532e-07,0.5,0.5,0.25
P2b,502,0.97949219,6.248497608381459e-31,1.3988067136186076e-07,0.5,0.5,0.25
P2b,503,0.98144531,3.4758457508354985e-31,1.2312995638268037e-07,0.5,0.5,0.25
P2b,504,0.98339844,1.9289309084067107e-31,1.0883372879756628e-07,0.5,0.5,0.25
P2b,505,0.98535156,1.0679728548506561e-31,9.672864161069449e-08,0.5,0.5,0.25
P2b,506,0.98730469,5.899912855788854e-32,8.65903634555687e-08,0.5,0.5,0.25
P2b,507,0.98925781,3.2535485925229934e-32,7.822997772724564e-08,0.5,0.5,0.25
P2b,508,0.99121094,1.7935713127758414e-32,7.149093170624067e-08,0.5,0.5,0.25
P2b,509,0.99316406,9.931621305857932e-33,6.624649464763556e-08,0.5,0.5,0.25
P2b,510,0.99511719,5.611768745821896e-33,6.239769044050123e-08,0.5,0.5,0.25
P2b,511,0.99707031,3.393022879023523e-33,5.987167671422314e-08,0.5,0.5,0.25
P2b,512,0.99902344,2.457034913863316e-33,5.8620548243408e-08,0.5,0.5,0.25
P2c,1,0.00097656,2.457034913863316e-33,5.8620548243408e-08,0.5,0.5,0.5
P2c,2,0.00292969,3.393022879023523e-33,5.987167671422314e-08,0.5,0.5,0.5
P2c,3,0.00488281,5.611768745821896e-33,6.239769044050123e-08,0.5,0.5,0.5
P2c,4,0.00683594,9.931621305857932e-33,6.624649464763556e-08,0.5,0.5,0.5
P2c,5,0.00878906,1.7935713127758414e-32,7.149093170624067e-08,0.5,0.5,0.5
P2c,6,0.01074219,3.2535485925229934e-32,7.822997772724564e-08,0.5,0.5,0.5
P2c,7,0.01269531,5.899912855788854e-32,8.65903634555687e-08,0.5,0.5,0.5
P2c,8,0.01464844,1.0679728548506561e-31,9.672864161069449e-08,0.5,0.5,0.5
P2c,9,0.01660156,1.9289309084067107e-31,1.0883372879756628e-07,0.5,0.5,0.5
P2c,10,0.01855469,3.4758457508354985e-31,1.2312995638268037e-07,0.5,0.5,0.5
P2c,11,0.02050781,6.248497608381459e-31,1.3988067136186076e-07,0.5,0.5,0.5
P2c,12,0.02246094,1.1206171555191874e-30,1.5939243530394532e-07,0.5,0.5,0.5
P2c,13,0.02441406,2.0049524283414e-30,1.8201987700750242e-07,0.5,0.5,0.5
P2c,14,0.02636719,3.578620227103252e-30,2.0817126262780562e-07,0.5,0.5,0.5
P2c,15,0.02832031,6.372234716693629e-30,2.3831485579446063e-07,0.5,0.5,0.5
P2c,16,0.03027344,1.1319636807906518e-29,2.729861497260664e-07,0.5,0.5,0.5
P2c,17,0.03222656,2.0060316773734807e-29,3.127960636414579e-07,0.5,0.5,0.5
P2c,18,0.03417969,3.546562709268699e-29,3.5844020695650563e-07,0.5,0.5,0.5
P2c,19,0.03613281,6.255212407707236e-29,4.107093269356155e-07,0.5,0.5,0.5
P2c,20,0.03808594,1.1006292269667573e-28,4.705010687381484e-07,0.5,0.5,0.5
P2c,21,0.04003906,1.931988700987756e-28,5.388331912680079e-07,0.5,0.5,0.5
P2c,22,0.04199219,3.383239046163402e-28,6.168583980125901e-07,0.5,0.5,0.5
P2c,23,0.04394531,5.9105153270626425e-28,7.058809592644759e-07,0.5,0.5,0.5
P2c,24,0.04589844,1.0301075556066412e-27,8.073753208826269e-07,0.5,0.5,0.5
P2c,25,0.04785156,1.7910361788264006e-27,9.230069152038487e-07,0.5,0.5,0.5
P2c,26,0.04980469,3.106638398985019e-27,1.0546554120022407e-06,0.5,0.5,0.5
P2c,27,0.05175781,5.375781575737906e-27,1.204440671664938e-06,0.5,0.5,0.5
P2c,28,0.05371094,9.280194624306214e-27,1.3747516891658894e-06,0.5,0.5,0.5
P2c,29,0.05566406,1.5982220400080392e-26,1.5682788461437017e-06,0.5,0.5,0.5
P2c,30,0.05761719,2.7458809733577907e-26,1.788049819601808e-06,0.5,0.5,0.5
P2c,31,0.05957031,4.706421956087119e-26,2.0374695296356566e-06,0.5,0.5,0.5
P2c,32,0.06152344,8.04756654103096e-26,2.320364545347848e-06,0.5,0.5,0.5
P2c,33,0.06347656,1.3727860347591916e-25,2.6410324079432814e-06,0.5,0.5,0.5
P2c,34,0.06542969,2.33617670946731e-25,3.0042963731165814e-06,0.5,0.5,0.5
P2c,35,0.06738281,3.9661861041130667e-25,3.415566121477491e-06,0.5,0.5,0.5
P2c,36,0.06933594,6.717459373982283e-25,3.880905036138853e-06,0.5,0.5,0.5
P2c,37,0.07128906,1.1350149183076081e-24,4.4071047009585425e-06,0.5,0.5,0.5
P2c,38,0.07324219,1.9132100445918403e-24,5.001767331531016e-06,0.5,0.5,0.5
P2c,39,0.07519531,3.217275828226993e-24,5.673396914124872e-06,0.5,0.5,0.5
P2c,40,0.07714844,5.397324145015959e-24,6.431499895624956e-06,0.5,0.5,0.5
P2c,41,0.07910156,9.033026148280529e-24,7.286696340433902e-06,0.5,0.5,0.5
P2c,42,0.08105469,1.5081779777287965e-23,8.25084254849687e-06,0.5,0.5,0.5
P2c,43,0.08300781,2.5120974565874502e-23,9.337166212416057e-06,0.5,0.5,0.5
P2c,44,0.08496094,4.1743122648504885e-23,1.0560415281306592e-05,0.5,0.5,0.5
P2c,45,0.08691406,6.91987015307641e-23,1.1937021794897697e-05,0.5,0.5,0.5
P2c,46,0.08886719,1.1443938570645866e-22,1.3485282053694134e-05,0.5,0.5,0.5
P2c,47,0.09082031,1.8880680876949053e-22,1.5225554600065658e-05,0.5,0.5,0.5
P2c,48,0.09277344,3.10759452037034e-22,1.7180477601213225e-05,0.5,0.5,0.5
P2c,49,0.09472656,5.102647921692476e-22,1.9375207348342218e-05,0.5,0.5,0.5
P2c,50,0.09667969,8.358559169228235e-22,2.1837679717326262e-05,0.5,0.5,0.5
P2c,51,0.09863281,1.3659405568953153e-21,2.4598896574924062e-05,0.5,0.5,0.5
P2c,52,0.10058594,2.2268796180980035e-21,2.7693239261455548e-05,0.5,0.5,0.5
P2c,53,0.10253906,3.621814823043536e-21,3.115881143597794e-05,0.5,0.5,0.5
P2c,54,0.10449219,5.876521164431973e-21,3.503781373362204e-05,0.5,0.5,0.5
P2c,55,0.10644531,9.512155223009019e-21,3.937695285703098e-05,0.5,0.5,0.5
P2c,56,0.10839844,1.5360385451456768e-20,4.4227887904924175e-05,0.5,0.5,0.5
P2c,57,0.11035156,2.474513688229073e-20,4.964771693079875e-05,0.5,0.5,0.5
P2c,58,0.11230469,3.976877085938364e-20,5.569950692373828e-05,0.5,0.5,0.5
P2c,59,0.11425781,6.376157518825463e-20,6.245287061124264e-05,0.5,0.5,0.5
P2c,60,0.11621094,1.0198597868543407e-19,6.998459370088725e-05,0.5,0.5,0.5
P2c,61,0.11816406,1.62737057644681e-19,7.837931640336685e-05,0.5,0.5,0.5
P2c,62,0.12011719,2.5905800243540657e-19,8.773027331391884e-05,0.5,0.5,0.5
P2c,63,0.12207031,4.1140742603952835e-19,9.814009597201784e-05,0.5,0.5,0.5
P2c,64,0.12402344,6.517961667582963e-19,0.0001097216826702717,0.5,0.5,0.5
P2c,65,0.12597656,1.0301869372710855e-18,0.00012259914034222746,0.5,0.5,0.5
P2c,66,0.12792969,1.6243695387635204e-18,0.00013690880362481623,0.5,0.5,0.5
P2c,67,0.12988281,2.5551605637776066e-18,0.00015280033646382108,0.5,0.5,0.5
P2c,68,0.13183594,4.009739109187064e-18,0.00017043792190934206,0.5,0.5,0.5
P2c,69,0.13378906,6.277382585546693e-18,0.00019000154603190025,0.5,0.5,0.5
P2c,70,0.13574219,9.804052795798566e-18,0.00021168838217763128,0.5,0.5,0.5
P2c,71,0.13769531,1.5275563701449848e-17,0.00023571428207183896,0.5,0.5,0.5
P2c,72,0.13964844,2.3743974172752665e-17,0.0002623153805727995,0.5,0.5,0.5
P2c,73,0.14160156,3.681918219963792e-17,0.0002917498211706835,0.5,0.5,0.5
P2c,74,0.14355469,5.695861574331907e-17,0.0003242996096182584,0.5,0.5,0.5
P2c,75,0.14550781,8.790412909601912e-17,0.000360272603368927,0.5,0.5,0.5
P2c,76,0.14746094,1.353392253003392e-16,0.00040000464478166266,0.5,0.5,0.5
P2c,77,0.14941406,2.0787518949013552e-16,0.0004438618463295331,0.5,0.5,0.5
P2c,78,0.15136719,3.1852695600276717e-16,0.000492243036316322,0.5,0.5,0.5
P2c,79,0.15332031,4.869162691952425e-16,0.0005455823738619262,0.5,0.5,0.5
P2c,80,0.15527344,7.425521184953089e-16,0.0006043521421588547,0.5,0.5,0.5
P2c,81,0.15722656,1.1297026784755183e-15,0.0006690657292265535,0.5,0.5,0.5
P2c,82,0.15917969,1.7146123072285199e-15,0.0007402808055941228,0.5,0.5,0.5
P2c,83,0.16113281,2.5961649133662224e-15,0.0008186027085220993,0.5,0.5,0.5
P2c,84,0.16308594,3.9215989444158405e-15,0.0009046880425266954,0.5,0.5,0.5
P2c,85,0.16503906,5.909607525538605e-15,0.0009992485060914462,0.5,0.5,0.5
P2c,86,0.16699219,8.884206865513723e-15,0.0011030549545377056,0.5,0.5,0.5
P2c,87,0.16894531,1.332426455170493e-14,0.001216941709072546,0.5,0.5,0.5
P2c,88,0.17089844,1.9935741461410857e-14,0.0013418111220360777,0.5,0.5,0.5
P2c,89,0.17285156,2.9756791361048965e-14,0.0014786384083252258,0.5,0.5,0.5
P2c,90,0.17480469,4.431026714009523e-14,0.0016284767528730634,0.5,0.5,0.5
P2c,91,0.17675781,6.582444378169105e-14,0.001792462703906644,0.5,0.5,0.5
P2c,92,0.17871094,9.755164313041172e-14,0.001971821861487024,0.5,0.5,0.5
P2c,93,0.18066406,1.4422699038977065e-13,0.002167874870547386,0.5,0.5,0.5
P2c,94,0.18261719,2.12727215081947e-13,0.0023820437272835944,0.5,0.5,0.5
P2c,95,0.18457031,3.1301426441593345e-13,0.0026158584073105624,0.5,0.5,0.5
P2c,96,0.18652344,4.594833357412826e-13,0.002870963823472005,0.5,0.5,0.5
P2c,97,0.18847656,6.728836295093046e-13,0.0031491271205748355,0.5,0.5,0.5
P2c,98,0.19042969,9.830479934491185e-13,0.003452245313607097,0.5,0.5,0.5
P2c,99,0.19238281,1.4327619548466628e-12,0.0037823532751841958,0.5,0.5,0.5
P2c,100,0.19433594,2.0832333617959087e-12,0.004141632077047098,0.5,0.5,0.5
P2c,101,0.19628906,3.021804504496938e-12,0.00453241768940223,0.5,0.5,0.5
P2c,102,0.19824219,4.3727975180215e-12,0.0049572100407412854,0.5,0.5,0.5
P2c,103,0.20019531,6.3127259019780146e-12,0.005418682439504676,0.5,0.5,0.5
P2c,104,0.20214844,9.091573599274249e-12,0.005919691357550408,0.5,0.5,0.5
P2c,105,0.20410156,1.3062483240142133e-11,0.006463286573855896,0.5,0.5,0.5
P2c,106,0.20605469,1.8723067150089338e-11,0.007052721675210187,0.5,0.5,0.5
P2c,107,0.20800781,2.677273903868272e-11,0.007691464908844045,0.5,0.5,0.5
P2c,108,0.20996094,3.819206809767399e-11,0.00838321037999243,0.5,0.5,0.5
P2c,109,0.21191406,5.435232275846171e-11,0.009131889585285753,0.5,0.5,0.5
P2c,110,0.21386719,7.716628670829947e-11,0.009941683270620599,0.5,0.5,0.5
P2c,111,0.21582031,1.092953429667008e-10,0.010817033599766566,0.5,0.5,0.5
P2c,112,0.21777344,1.5443305881451808e-10,0.011762656617422752,0.5,0.5,0.5
P2c,113,0.21972656,2.1769249205503842e-10,0.012783554987746025,0.5,0.5,0.5
P2c,114,0.22167969,3.061337347629812e-10,0.013885030986534413,0.5,0.5,0.5
P2c,115,0.22363281,4.294805394035297e-10,0.015072699722266035,0.5,0.5,0.5
P2c,116,0.22558594,6.010911741128127e-10,0.016352502558069335,0.5,0.5,0.5
P2c,117,0.22753906,8.392701438581602e-10,0.01773072070343939,0.5,0.5,0.5
P2c,118,0.22949219,1.1690356565228843e-09,0.01921398894112371,0.5,0.5,0.5
P2c,119,0.23144531,1.6244947151662565e-09,0.020809309451085684,0.5,0.5,0.5
P2c,120,0.23339844,2.252026046798518e-09,0.022524065689823496,0.5,0.5,0.5
P2c,121,0.23535156,3.114534004765558e-09,0.024366036279587555,0.5,0.5,0.5
P2c,122,0.23730469,4.2971182587492804e-09,0.02634340885821054,0.5,0.5,0.5
P2c,123,0.23925781,5.9146097661076864e-09,0.028464793836354276,0.5,0.5,0.5
P2c,124,0.24121094,8.12155982053839e-09,0.030739238005002275,0.5,0.5,0.5
P2c,125,0.24316406,1.1125444210234095e-08,0.0331762379320003,0.5,0.5,0.5
P2c,126,0.24511719,1.520406908349939e-08,0.03578575308238903,0.5,0.5,0.5
P2c,127,0.24707031,2.0728451967779248e-08,0.03857821859320078,0.5,0.5,0.5
P2c,128,0.24902344,2.819281659331187e-08,0.04156455762932835,0.5,0.5,0.5
P2c,129,0.25097656,3.8253803606102346e-08,0.04475619324303985,0.5,0.5,0.5
P2c,130,0.25292969,5.1781585380123575e-08,0.04816505965573442,0.5,0.5,0.5
P2c,131,0.25488281,6.992631194865307e-08,0.05180361287663417,0.5,0.5,0.5
P2c,132,0.25683594,9.420424318691886e-08,0.05568484056931548,0.5,0.5,0.5
P2c,133,0.25878906,1.2660908430519005e-07,0.059822271073328416,0.5,0.5,0.5
P2c,134,0.26074219,1.6975549132427336e-07,0.06422998148466244,0.5,0.5,0.5
P2c,135,0.26269531,2.270635154072224e-07,0.06892260469552568,0.5,0.5,0.5
P2c,136,0.26464844,3.029949875437468e-07,0.07391533529084328,0.5,0.5,0.5
P2c,137,0.26660156,4.033556010181023e-07,0.07922393419608494,0.5,0.5,0.5
P2c,138,0.26855469,5.356798386555134e-07,0.08486473196853014,0.5,0.5,0.5
P2c,139,0.27050781,7.097200453864707e-07,0.09085463062191768,0.5,0.5,0.5
P2c,140,0.27246094,9.380660174009194e-07,0.09721110387263085,0.5,0.5,0.5
P2c,141,0.27441406,1.2369276461753626e-06,0.10395219569418,0.5,0.5,0.5
P2c,142,0.27636719,1.6271206270944474e-06,0.1110965170657999,0.5,0.5,0.5
P2c,143,0.27832031,2.1353042587331605e-06,0.11866324080051245,0.5,0.5,0.5
P2c,144,0.28027344,2.7955311961998526e-06,0.1266720943380541,0.5,0.5,0.5
P2c,145,0.28222656,3.6511819951198207e-06,0.13514335038866776,0.5,0.5,0.5
P2c,146,0.28417969,4.75737274840285e-06,0.14409781531494342,0.5,0.5,0.5
P2c,147,0.28613281,6.183942476576682e-06,0.1535568151406994,0.5,0.5,0.5
P2c,148,0.28808594,8.019148630824485e-06,0.16354217907835025,0.5,0.5,0.5
P2c,149,0.29003906,1.0374224599390558e-05,0.17407622046934906,0.5,0.5,0.5
P2c,150,0.29199219,1.3388983012570728e-05,0.18518171503614125,0.5,0.5,0.5
P2c,151,0.29394531,1.723868350329749e-05,0.19688187634865364,0.5,0.5,0.5
P2c,152,0.29589844,2.2142424023832474e-05,0.20920032841369218,0.5,0.5,0.5
P2c,153,0.29785156,2.8373361502364648e-05,0.22216107530174967,0.5,0.5,0.5
P2c,154,0.29980469,3.627112122835951e-05,0.23578846773265316,0.5,0.5,0.5
P2c,155,0.30175781,4.6256815574870414e-05,0.2501071665492181,0.5,0.5,0.5
P2c,156,0.30371094,5.8851162185320366e-05,0.2651421030166415,0.5,0.5,0.5
P2c,157,0.30566406,7.469627022783129e-05,0.2809184358947477,0.5,0.5,0.5
P2c,158,0.30761719,9.458175135136968e-05,0.29746150524042114,0.5,0.5,0.5
P2c,159,0.30957031,0.00011947591007350636,0.31479678290859475,0.5,0.5,0.5
P2c,160,0.31152344,0.0001505628768674557,0.33294981973201454,0.5,0.5,0.5
P2c,161,0.31347656,0.00018928666639670276,0.35194618937265454,0.5,0.5,0.5
P2c,162,0.31542969,0.0002374032731379326,0.3718114288510812,0.5,0.5,0.5
P2c,163,0.31738281,0.00029704205671380425,0.39257097577425265,0.5,0.5,0.5
P2c,164,0.31933594,0.0003707778189429849,0.4142501022971341,0.5,0.5,0.5
P2c,165,0.32128906,0.0004617151327884866,0.43687384586910233,0.5,0.5,0.5
P2c,166,0.32324219,0.0005735866484163001,0.46046693683232415,0.5,0.5,0.5
P2c,167,0.32519531,0.0007108672712379661,0.48505372295610744,0.5,0.5,0.5
P2c,168,0.32714844,0.000878906278195087,0.510658091008556,0.5,0.5,0.5
P2c,169,0.32910156,0.0010840796079768546,0.5373033854846623,0.5,0.5,0.5
P2c,170,0.33105469,0.001333964723822125,0.5650123246281709,0.5,0.5,0.5
P2c,171,0.33300781,0.0016375405986025922,0.5938069139030584,0.5,0.5,0.5
P2c,172,0.33496094,0.002005415504586071,0.6237083570892404,0.5,0.5,0.5
P2c,173,0.33691406,0.0024500853971807426,0.6547369651960087,0.5,0.5,0.5
P2c,174,0.33886719,0.0029862257545487333,0.6869120634056851,0.5,0.5,0.5
P2c,175,0.34082031,0.00363101976368373,0.7202518962788815,0.5,0.5,0.5
P2c,176,0.34277344,0.004404525717789597,0.7547735314715522,0.5,0.5,0.5
P2c,177,0.34472656,0.0053300863980529755,0.7904927622325475,0.5,0.5,0.5
P2c,178,0.34667969,0.006434783042835534,0.8274240089685472,0.5,0.5,0.5
P2c,179,0.34863281,0.007749936245945964,0.8655802201809487,0.5,0.5,0.5
P2c,180,0.35058594,0.009311655759611227,0.9049727730963781,0.5,0.5,0.5
P2c,181,0.35253906,0.011161440693571605,0.9456113743288884,0.5,0.5,0.5
P2c,182,0.35449219,0.013346830986159422,0.987503960927458,0.5,0.5,0.5
P2c,183,0.35644531,0.015922110263769645,1.0306566021770072,0.5,0.5,0.5
P2c,184,0.35839844,0.018949059290476265,1.0750734025346746,0.5,0.5,0.5
P2c,185,0.36035156,0.022497758130144086,1.1207564060954263,0.5,0.5,0.5
P2c,186,0.36230469,0.026647433892079443,1.1677055029920853,0.5,0.5,0.5
P2c,187,0.36425781,0.031487349503974395,1.2159183381444516,0.5,0.5,0.5
P2c,188,0.36621094,0.03711772735232914,1.265390222780232,0.5,0.5,0.5
P2c,189,0.36816406,0.04365069985490319,1.3161140491568672,0.5,0.5,0.5
P2c,190,0.37011719,0.051211277091507364,1.3680802089180029,0.5,0.5,0.5
P2c,191,0.37207031,0.05993831953401407,1.4212765155211038,0.5,0.5,0.5
P2c,192,0.37402344,0.06998550170583477,1.4756881311735583,0.5,0.5,0.5
P2c,193,0.37597656,0.08152225029444984,1.5312974987134196,0.5,0.5,0.5
P2c,194,0.37792969,0.09473463787463382,1.5880842788676408,0.5,0.5,0.5
P2c,195,0.37988281,0.10982621101942942,1.6460252933151904,0.5,0.5,0.5
P2c,196,0.38183594,0.1270187292332889,1.7050944739747556,0.5,0.5,0.5
P2c,197,0.38378906,0.14655278889754414,1.7652628189267976,0.5,0.5,0.5
P2c,198,0.38574219,0.1686883043403255,1.8264983553674652,0.5,0.5,0.5
P2c,199,0.38769531,0.19370481630578107,1.8887661099773236,0.5,0.5,0.5
P2c,200,0.38964844,0.2219015965811926,1.9520280870709672,0.5,0.5,0.5
P2c,201,0.39160156,0.2535975164299256,2.016243254874376,0.5,0.5,0.5
P2c,202,0.39355469,0.28913064586028797,2.081367540255396,0.5,0.5,0.5
P2c,203,0.39550781,0.32885755072309664,2.1473538322089425,0.5,0.5,0.5
P2c,204,0.39746094,0.37315225526006185,2.2141519943725734,0.5,0.5,0.5
P2c,205,0.39941406,0.4224048391025293,2.281708886819958,0.5,0.5,0.5
P2c,206,0.40136719,0.4770196399198407,2.3499683973495578,0.5,0.5,0.5
P2c,207,0.40332031,0.5374130360022464,2.4188714824537083,0.5,0.5,0.5
P2c,208,0.40527344,0.6040107870848936,2.4883562181192156,0.5,0.5,0.5
P2c,209,0.40722656,0.6772449167099038,2.5583578605748336,0.5,0.5,0.5
P2c,210,0.40917969,0.7575501253957868,2.628808917063571,0.5,0.5,0.5
P2c,211,0.41113281,0.84535973082714,2.6996392266789444,0.5,0.5,0.5
P2c,212,0.41308594,0.9411011391566687,2.770776051264122,0.5,0.5,0.5
P2c,213,0.41503906,1.0451908602619604,2.842144176331645,0.5,0.5,0.5
P2c,214,0.41699219,1.1580290893273733,2.9136660219191834,0.5,0.5,0.5
P2c,215,0.41894531,1.279993887302496,2.985261763253834,0.5,0.5,0.5
P2c,216,0.42089844,1.4114350034677228,3.056849461053984,0.5,0.5,0.5
P2c,217,0.42285156,1.5526673943293867,3.1283452012539392,0.5,0.5,0.5
P2c,218,0.42480469,1.7039645041581832,3.19966324389262,0.5,0.5,0.5
P2c,219,0.42675781,1.865551383436322,3.270716180863852,0.5,0.5,0.5
P2c,220,0.42871094,2.0375977320304806,3.341415102182357,0.5,0.5,0.5
P2c,221,0.43066406,2.2202109637818497,3.411669770376756,0.5,0.5,0.5
P2c,222,0.43261719,2.413429398113344,3.48138880257891,0.5,0.5,0.5
P2c,223,0.43457031,2.617215691905245,3.550479859838049,0.5,0.5,0.5
P2c,224,0.43652344,2.831450630995762,3.6188498431485647,0.5,0.5,0.5
P2c,225,0.43847656,3.055927404945471,3.686405095642326,0.5,0.5,0.5
P2c,226,0.44042969,3.290346490908249,3.7530516103601466,0.5,0.5,0.5
P2c,227,0.44238281,3.53431127234906,3.8186952429828156,0.5,0.5,0.5
P2c,228,0.44433594,3.787324515751703,3.8832419288701323,0.5,0.5,0.5
P2c,229,0.44628906,4.048785823224553,3.9465979037268095,0.5,0.5,0.5
P2c,230,0.44824219,4.317990170950166,4.008669927187248,0.5,0.5,0.5
P2c,231,0.45019531,4.594127632706654,4.069365508587069,0.5,0.5,0.5
P2c,232,0.45214844,4.876284374251919,4.128593134168262,0.5,0.5,0.5
P2c,233,0.45410156,5.1634449883125,4.186262494946871,0.5,0.5,0.5
P2c,234,0.45605469,5.454496221434744,4.24228471445756,0.5,0.5,0.5
P2c,235,0.45800781,5.748232123286844,4.296572575578234,0.5,0.5,0.5
P2c,236,0.45996094,6.043360626464485,4.349040745630274,0.5,0.5,0.5
P2c,237,0.46191406,6.338511540834622,4.399605998945991,0.5,0.5,0.5
P2c,238,0.46386719,6.632245921394076,4.44818743609458,0.5,0.5,0.5
P2c,239,0.46582031,6.923066743015015,4.494706698961409,0.5,0.5,0.5
P2c,240,0.46777344,7.2094307898312495,4.53908818088268,0.5,0.5,0.5
P2c,241,0.46972656,7.489761641947748,4.581259231048627,0.5,0.5,0.5
P2c,242,0.47167969,7.762463618205754,4.621150352403189,0.5,0.5,0.5
P2c,243,0.47363281,8.025936511481067,4.658695392286749,0.5,0.5,0.5
P2c,244,0.47558594,8.278590932991351,4.6938317250907176,0.5,0.5,0.5
P2c,245,0.47753906,8.518864064866106,4.726500426218682,0.5,0.5,0.5
P2c,246,0.47949219,8.745235606269688,4.756646436678126,0.5,0.5,0.5
P2c,247,0.48144531,8.95624368808148,4.784218717659508,0.5,0.5,0.5
P2c,248,0.48339844,9.150500524871676,4.809170394495462,0.5,0.5,0.5
P2c,249,0.48535156,9.326707570923439,4.831458889431846,0.5,0.5,0.5
P2c,250,0.48730469,9.483669949504193,4.851046042684372,0.5,0.5,0.5
P2c,251,0.48925781,9.62030993153972,4.867898221299055,0.5,0.5,0.5
P2c,252,0.49121094,9.735679251247388,4.881986415381851,0.5,0.5,0.5
P2c,253,0.49316406,9.828970061983593,4.893286321312088,0.5,0.5,0.5
P2c,254,0.49511719,9.899524355294515,4.9017784116056,0.5,0.5,0.5
P2c,255,0.49707031,9.946841689566032,4.907447991146455,0.5,0.5,0.5
P2c,256,0.49902344,9.970585101293073,4.910285239560637,0.5,0.5,0.5
P2c,257,0.50097656,9.970585101293073,4.910285239560637,0.5,0.5,0.5
P2c,258,0.50292969,9.946841689566032,4.907447991146455,0.5,0.5,0.5
P2c,259,0.50488281,9.899524355294515,4.9017784116056,0.5,0.5,0.5
P2c,260,0.50683594,9.828970061983593,4.893286321312088,0.5,0.5,0.5
P2c,261,0.50878906,9.735679251247388,4.881986415381851,0.5,0.5,0.5
P2c,262,0.51074219,9.62030993153972,4.867898221299055,0.5,0.5,0.5
P2c,263,0.51269531,9.483669949504193,4.851046042684372,0.5,0.5,0.5
P2c,264,0.51464844,9.326707570923439,4.831458889431846,0.5,0.5,0.5
P2c,265,0.51660156,9.150500524871676,4.809170394495462,0.5,0.5,0.5
P2c,266,0.51855469,8.95624368808148,4.784218717659508,0.5,0.5,0.5
P2c,267,0.52050781,8.745235606269688,4.756646436678126,0.5,0.5,0.5
P2c,268,0.52246094,8.518864064866106,4.726500426218682,0.5,0.5,0.5
P2c,269,0.52441406,8.278590932991351,4.6938317250907176,0.5,0.5,0.5
P2c,270,0.52636719,8.025936511481067,4.658695392286749,0.5,0.5,0.5
P2c,271,0.52832031,7.762463618205754,4.621150352403189,0.5,0.5,0.5
P2c,272,0.53027344,7.489761641947748,4.581259231048627,0.5,0.5,0.5
P2c,273,0.53222656,7.2094307898312495,4.53908818088268,0.5,0.5,0.5
P2c,274,0.53417969,6.923066743015015,4.494706698961409,0.5,0.5,0.5
P2c,275,0.53613281,6.632245921394076,4.44818743609458,0.5,0.5,0.5
P2c,276,0.53808594,6.338511540834622,4.399605998945991,0.5,0.5,0.5
P2c,277,0.54003906,6.043360626464485,4.349040745630274,0.5,0.5,0.5
P2c,278,0.54199219,5.748232123286844,4.296572575578234,0.5,0.5,0.5
P2c,279,0.54394531,5.454496221434744,4.24228471445756,0.5,0.5,0.5
P2c,280,0.54589844,5.1634449883125,4.186262494946871,0.5,0.5,0.5
P2c,281,0.54785156,4.876284374251919,4.128593134168262,0.5,0.5,0.5
P2c,282,0.54980469,4.594127632706654,4.069365508587069,0.5,0.5,0.5
P2c,283,0.55175781,4.317990170950166,4.008669927187248,0.5,0.5,0.5
P2c,284,0.55371094,4.048785823224553,3.9465979037268095,0.5,0.5,0.5
P2c,285,0.55566406,3.787324515751703,3.8832419288701323,0.5,0.5,0.5
P2c,286,0.55761719,3.53431127234906,3.8186952429828156,0.5,0.5,0.5
P2c,287,0.55957031,3.290346490908249,3.7530516103601466,0.5,0.5,0.5
P2c,288,0.56152344,3.055927404945471,3.686405095642326,0.5,0.5,0.5
P2c,289,0.56347656,2.831450630995762,3.6188498431485647,0.5,0.5,0.5
P2c,290,0.56542969,2.617215691905245,3.550479859838049,0.5,0.5,0.5
P2c,291,0.56738281,2.413429398113344,3.48138880257891,0.5,0.5,0.5
P2c,292,0.56933594,2.2202109637818497,3.411669770376756,0.5,0.5,0.5
P2c,293,0.57128906,2.0375977320304806,3.341415102182357,0.5,0.5,0.5
P2c,294,0.57324219,1.865551383436322,3.270716180863852,0.5,0.5,0.5
P2c,295,0.57519531,1.7039645041581832,3.19966324389262,0.5,0.5,0.5
P2c,296,0.57714844,1.5526673943293867,3.1283452012539392,0.5,0.5,0.5
P2c,297,0.57910156,1.4114350034677228,3.056849461053984,0.5,0.5,0.5
P2c,298,0.58105469,1.279993887302496,2.985261763253834,0.5,0.5,0.5
P2c,299,0.58300781,1.1580290893273733,2.9136660219191834,0.5,0.5,0.5
P2c,300,0.58496094,1.0451908602619604,2.842144176331645,0.5,0.5,0.5
P2c,301,0.58691406,0.9411011391566687,2.770776051264122,0.5,0.5,0.5
P2c,302,0.58886719,0.84535973082714,2.6996392266789444,0.5,0.5,0.5
P2c,303,0.59082031,0.7575501253957868,2.628808917063571,0.5,0.5,0.5
P2c,304,0.59277344,0.6772449167099038,2.5583578605748336,0.5,0.5,0.5
P2c,305,0.59472656,0.6040107870848936,2.4883562181192156,0.5,0.5,0.5
P2c,306,0.59667969,0.5374130360022464,2.4188714824537083,0.5,0.5,0.5
P2c,307,0.59863281,0.4770196399198407,2.3499683973495578,0.5,0.5,0.5
P2c,308,0.60058594,0.4224048391025293,2.281708886819958,0.5,0.5,0.5
P2c,309,0.60253906,0.37315225526006185,2.2141519943725734,0.5,0.5,0.5
P2c,310,0.60449219,0.32885755072309664,2.1473538322089425,0.5,0.5,0.5
P2c,311,0.60644531,0.28913064586028797,2.081367540255396,0.5,0.5,0.5
P2c,312,0.60839844,0.2535975164299256,2.016243254874376,0.5,0.5,0.5
P2c,313,0.61035156,0.2219015965811926,1.9520280870709672,0.5,0.5,0.5
P2c,314,0.61230469,0.19370481630578107,1.8887661099773236,0.5,0.5,0.5
P2c,315,0.61425781,0.1686883043403255,1.8264983553674652,0.5,0.5,0.5
P2c,316,0.61621094,0.14655278889754414,1.7652628189267976,0.5,0.5,0.5
P2c,317,0.61816406,0.1270187292332889,1.7050944739747556,0.5,0.5,0.5
P2c,318,0.62011719,0.10982621101942942,1.6460252933151904,0.5,0.5,0.5
P2c,319,0.62207031,0.09473463787463382,1.5880842788676408,0.5,0.5,0.5
P2c,320,0.62402344,0.08152225029444984,1.5312974987134196,0.5,0.5,0.5
P2c,321,0.62597656,0.06998550170583477,1.4756881311735583,0.5,0.5,0.5
P2c,322,0.62792969,0.05993831953401407,1.4212765155211038,0.5,0.5,0.5
P2c,323,0.62988281,0.051211277091507364,1.3680802089180029,0.5,0.5,0.5
P2c,324,0.63183594,0.04365069985490319,1.3161140491568672,0.5,0.5,0.5
P2c,325,0.63378906,0.03711772735232914,1.265390222780232,0.5,0.5,0.5
P2c,326,0.63574219,0.031487349503974395,1.2159183381444516,0.5,0.5,0.5
P2c,327,0.63769531,0.026647433892079443,1.1677055029920853,0.5,0.5,0.5
P2c,328,0.63964844,0.022497758130144086,1.1207564060954263,0.5,0.5,0.5
P2c,329,0.64160156,0.018949059290476265,1.0750734025346746,0.5,0.5,0.5
P2c,330,0.64355469,0.015922110263769645,1.0306566021770072,0.5,0.5,0.5
P2c,331,0.64550781,0.013346830986159422,0.987503960927458,0.5,0.5,0.5
P2c,332,0.64746094,0.011161440693571605,0.9456113743288884,0.5,0.5,0.5
P2c,333,0.64941406,0.009311655759611227,0.9049727730963781,0.5,0.5,0.5
P2c,334,0.65136719,0.007749936245945964,0.8655802201809487,0.5,0.5,0.5
P2c,335,0.65332031,0.006434783042835534,0.8274240089685472,0.5,0.5,0.5
P2c,336,0.65527344,0.0053300863980529755,0.7904927622325475,0.5,0.5,0.5
P2c,337,0.65722656,0.004404525717789597,0.7547735314715522,0.5,0.5,0.5
P2c,338,0.65917969,0.00363101976368373,0.7202518962788815,0.5,0.5,0.5
P2c,339,0.66113281,0.0029862257545487333,0.6869120634056851,0.5,0.5,0.5
P2c,340,0.66308594,0.0024500853971807426,0.6547369651960087,0.5,0.5,0.5
P2c,341,0.66503906,0.002005415504586071,0.6237083570892404,0.5,0.5,0.5
P2c,342,0.66699219,0.0016375405986025922,0.5938069139030584,0.5,0.5,0.5
P2c,343,0.66894531,0.001333964723822125,0.5650123246281709,0.5,0.5,0.5
P2c,344,0.67089844,0.0010840796079768546,0.5373033854846623,0.5,0.5,0.5
P2c,345,0.67285156,0.000878906278195087,0.510658091008556,0.5,0.5,0.5
P2c,346,0.67480469,0.0007108672712379661,0.48505372295610744,0.5,0.5,0.5
P2c,347,0.67675781,0.0005735866484163001,0.46046693683232415,0.5,0.5,0.5
P2c,348,0.67871094,0.0004617151327884866,0.43687384586910233,0.5,0.5,0.5
P2c,349,0.68066406,0.0003707778189429849,0.4142501022971341,0.5,0.5,0.5
P2c,350,0.68261719,0.00029704205671380425,0.39257097577425265,0.5,0.5,0.5
P2c,351,0.68457031,0.0002374032731379326,0.3718114288510812,0.5,0.5,0.5
P2c,352,0.68652344,0.00018928666639670276,0.35194618937265454,0.5,0.5,0.5
P2c,353,0.68847656,0.0001505628768674557,0.33294981973201454,0.5,0.5,0.5
P2c,354,0.69042969,0.00011947591007350636,0.31479678290859475,0.5,0.5,0.5
P2c,355,0.69238281,9.458175135136968e-05,0.29746150524042114,0.5,0.5,0.5
P2c,356,0.69433594,7.469627022783129e-05,0.2809184358947477,0.5,0.5,0.5
P2c,357,0.69628906,5.8851162185320366e-05,0.2651421030166415,0.5,0.5,0.5
P2c,358,0.69824219,4.6256815574870414e-05,0.2501071665492181,0.5,0.5,0.5
P2c,359,0.70019531,3.627112122835951e-05,0.23578846773265316,0.5,0.5,0.5
P2c,360,0.70214844,2.8373361502364648e-05,0.22216107530174967,0.5,0.5,0.5
P2c,361,0.70410156,2.2142424023832474e-05,0.20920032841369218,0.5,0.5,0.5
P2c,362,0.70605469,1.723868350329749e-05,0.19688187634865364,0.5,0.5,0.5
P2c,363,0.70800781,1.3388983012570728e-05,0.18518171503614125,0.5,0.5,0.5
P2c,364,0.70996094,1.0374224599390558e-05,0.17407622046934906,0.5,0.5,0.5
P2c,365,0.71191406,8.019148630824485e-06,0.16354217907835025,0.5,0.5,0.5
P2c,366,0.71386719,6.183942476576682e-06,0.1535568151406994,0.5,0.5,0.5
P2c,367,0.71582031,4.75737274840285e-06,0.14409781531494342,0.5,0.5,0.5
P2c,368,0.71777344,3.6511819951198207e-06,0.13514335038866776,0.5,0.5,0.5
P2c,369,0.71972656,2.7955311961998526e-06,0.1266720943380541,0.5,0.5,0.5
P2c,370,0.72167969,2.1353042587331605e-06,0.11866324080051245,0.5,0.5,0.5
P2c,371,0.72363281,1.6271206270944474e-06,0.1110965170657999,0.5,0.5,0.5
P2c,372,0.72558594,1.2369276461753626e-06,0.10395219569418,0.5,0.5,0.5
P2c,373,0.72753906,9.380660174009194e-07,0.09721110387263085,0.5,0.5,0.5
P2c,374,0.72949219,7.097200453864707e-07,0.09085463062191768,0.5,0.5,0.5
P2c,375,0.73144531,5.356798386555134e-07,0.08486473196853014,0.5,0.5,0.5
P2c,376,0.73339844,4.033556010181023e-07,0.07922393419608494,0.5,0.5,0.5
P2c,377,0.73535156,3.029949875437468e-07,0.07391533529084328,0.5,0.5,0.5
P2c,378,0.73730469,2.270635154072224e-07,0.06892260469552568,0.5,0.5,0.5
P2c,379,0.73925781,1.6975549132427336e-07,0.06422998148466244,0.5,0.5,0.5
P2c,380,0.74121094,1.2660908430519005e-07,0.059822271073328416,0.5,0.5,0.5
P2c,381,0.74316406,9.420424318691886e-08,0.05568484056931548,0.5,0.5,0.5
P2c,382,0.74511719,6.992631194865307e-08,0.05180361287663417,0.5,0.5,0.5
P2c,383,0.74707031,5.1781585380123575e-08,0.04816505965573442,0.5,0.5,0.5
P2c,384,0.74902344,3.8253803606102346e-08,0.04475619324303985,0.5,0.5,0.5
P2c,385,0.75097656,2.819281659331187e-08,0.04156455762932835,0.5,0.5,0.5
P2c,386,0.75292969,2.0728451967779248e-08,0.03857821859320078,0.5,0.5,0.5
P2c,387,0.75488281,1.520406908349939e-08,0.03578575308238903,0.5,0.5,0.5
P2c,388,0.75683594,1.1125444210234095e-08,0.0331762379320003,0.5,0.5,0.5
P2c,389,0.75878906,8.12155982053839e-09,0.030739238005002275,0.5,0.5,0.5
P2c,390,0.76074219,5.9146097661076864e-09,0.028464793836354276,0.5,0.5,0.5
P2c,391,0.76269531,4.2971182587492804e-09,0.02634340885821054,0.5,0.5,0.5
P2c,392,0.76464844,3.114534004765558e-09,0.024366036279587555,0.5,0.5,0.5
P2c,393,0.76660156,2.252026046798518e-09,0.022524065689823496,0.5,0.5,0.5
P2c,394,0.76855469,1.6244947151662565e-09,0.020809309451085684,0.5,0.5,0.5
P2c,395,0.77050781,1.1690356565228843e-09,0.01921398894112371,0.5,0.5,0.5
P2c,396,0.77246094,8.392701438581602e-10,0.01773072070343939,0.5,0.5,0.5
P2c,397,0.77441406,6.010911741128127e-10,0.016352502558069335,0.5,0.5,0.5
P2c,398,0.77636719,4.294805394035297e-10,0.015072699722266035,0.5,0.5,0.5
P2c,399,0.77832031,3.061337347629812e-10,0.013885030986534413,0.5,0.5,0.5
P2c,400,0.78027344,2.1769249205503842e-10,0.012783554987746025,0.5,0.5,0.5
P2c,401,0.78222656,1.5443305881451808e-10,0.011762656617422752,0.5,0.5,0.5
P2c,402,0.78417969,1.092953429667008e-10,0.010817033599766566,0.5,0.5,0.5
P2c,403,0.78613281,7.716628670829947e-11,0.009941683270620599,0.5,0.5,0.5
P2c,404,0.78808594,5.435232275846171e-11,0.009131889585285753,0.5,0.5,0.5
P2c,405,0.79003906,3.819206809767399e-11,0.00838321037999243,0.5,0.5,0.5
P2c,406,0.79199219,2.677273903868272e-11,0.007691464908844045,0.5,0.5,0.5
P2c,407,0.79394531,1.8723067150089338e-11,0.007052721675210187,0.5,0.5,0.5
P2c,408,0.79589844,1.3062483240142133e-11,0.006463286573855896,0.5,0.5,0.5
P2c,409,0.79785156,9.091573599274249e-12,0.005919691357550408,0.5,0.5,0.5
P2c,410,0.79980469,6.3127259019780146e-12,0.005418682439504676,0.5,0.5,0.5
P2c,411,0.80175781,4.3727975180215e-12,0.0049572100407412854,0.5,0.5,0.5
P2c,412,0.80371094,3.021804504496938e-12,0.00453241768940223,0.5,0.5,0.5
P2c,413,0.80566406,2.0832333617959087e-12,0.004141632077047098,0.5,0.5,0.5
P2c,414,0.80761719,1.4327619548466628e-12,0.0037823532751841958,0.5,0.5,0.5
P2c,415,0.80957031,9.830479934491185e-13,0.003452245313607097,0.5,0.5,0.5
P2c,416,0.81152344,6.728836295093046e-13,0.0031491271205748355,0.5,0.5,0.5
P2c,417,0.81347656,4.594833357412826e-13,0.002870963823472005,0.5,0.5,0.5
P2c,418,0.81542969,3.1301426441593345e-13,0.0026158584073105624,0.5,0.5,0.5
P2c,419,0.81738281,2.12727215081947e-13,0.0023820437272835944,0.5,0.5,0.5
P2c,420,0.81933594,1.4422699038977065e-13,0.002167874870547386,0.5,0.5,0.5
P2c,421,0.82128906,9.755164313041172e-14,0.001971821861487024,0.5,0.5,0.5
P2c,422,0.82324219,6.582444378169105e-14,0.001792462703906644,0.5,0.5,0.5
P2c,423,0.82519531,4.431026714009523e-14,0.0016284767528730634,0.5,0.5,0.5
P2c,424,0.82714844,2.9756791361048965e-14,0.0014786384083252258,0.5,0.5,0.5
P2c,425,0.82910156,1.9935741461410857e-14,0.0013418111220360777,0.5,0.5,0.5
P2c,426,0.83105469,1.332426455170493e-14,0.001216941709072546,0.5,0.5,0.5
P2c,427,0.83300781,8.884206865513723e-15,0.0011030549545377056,0.5,0.5,0.5
P2c,428,0.83496094,5.909607525538605e-15,0.0009992485060914462,0.5,0.5,0.5
P2c,429,0.83691406,3.9215989444158405e-15,0.0009046880425266954,0.5,0.5,0.5
P2c,430,0.83886719,2.5961649133662224e-15,0.0008186027085220993,0.5,0.5,0.5
P2c,431,0.84082031,1.7146123072285199e-15,0.0007402808055941228,0.5,0.5,0.5
P2c,432,0.84277344,1.1297026784755183e-15,0.0006690657292265535,0.5,0.5,0.5
P2c,433,0.84472656,7.425521184953089e-16,0.0006043521421588547,0.5,0.5,0.5
P2c,434,0.84667969,4.869162691952425e-16,0.0005455823738619262,0.5,0.5,0.5
P2c,435,0.84863281,3.1852695600276717e-16,0.000492243036316322,0.5,0.5,0.5
P2c,436,0.85058594,2.0787518949013552e-16,0.0004438618463295331,0.5,0.5,0.5
P2c,437,0.85253906,1.353392253003392e-16,0.00040000464478166266,0.5,0.5,0.5
P2c,438,0.85449219,8.790412909601912e-17,0.000360272603368927,0.5,0.5,0.5
P2c,439,0.85644531,5.695861574331907e-17,0.0003242996096182584,0.5,0.5,0.5
P2c,440,0.85839844,3.681918219963792e-17,0.0002917498211706835,0.5,0.5,0.5
P2c,441,0.86035156,2.3743974172752665e-17,0.0002623153805727995,0.5,0.5,0.5
P2c,442,0.86230469,1.5275563701449848e-17,0.00023571428207183896,0.5,0.5,0.5
P2c,443,0.86425781,9.804052795798566e-18,0.00021168838217763128,0.5,0.5,0.5
P2c,444,0.86621094,6.277382585546693e-18,0.00019000154603190025,0.5,0.5,0.5
P2c,445,0.86816406,4.009739109187064e-18,0.00017043792190934206,0.5,0.5,0.5
P2c,446,0.87011719,2.5551605637776066e-18,0.00015280033646382108,0.5,0.5,0.5
P2c,447,0.87207031,1.6243695387635204e-18,0.00013690880362481623,0.5,0.5,0.5
P2c,448,0.87402344,1.0301869372710855e-18,0.00012259914034222746,0.5,0.5,0.5
P2c,449,0.87597656,6.517961667582963e-19,0.0001097216826702717,0.5,0.5,0.5
P2c,450,0.87792969,4.1140742603952835e-19,9.814009597201784e-05,0.5,0.5,0.5
P2c,451,0.87988281,2.5905800243540657e-19,8.773027331391884e-05,0.5,0.5,0.5
P2c,452,0.88183594,1.62737057644681e-19,7.837931640336685e-05,0.5,0.5,0.5
P2c,453,0.88378906,1.0198597868543407e-19,6.998459370088725e-05,0.5,0.5,0.5
P2c,454,0.88574219,6.376157518825463e-20,6.245287061124264e-05,0.5,0.5,0.5
P2c,455,0.88769531,3.976877085938364e-20,5.569950692373828e-05,0.5,0.5,0.5
P2c,456,0.88964844,2.474513688229073e-20,4.964771693079875e-05,0.5,0.5,0.5
P2c,457,0.89160156,1.5360385451456768e-20,4.4227887904924175e-05,0.5,0.5,0.5
P2c,458,0.89355469,9.512155223009019e-21,3.937695285703098e-05,0.5,0.5,0.5
P2c,459,0.89550781,5.876521164431973e-21,3.503781373362204e-05,0.5,0.5,0.5
P2c,460,0.89746094,3.621814823043536e-21,3.115881143597794e-05,0.5,0.5,0.5
P2c,461,0.89941406,2.2268796180980035e-21,2.7693239261455548e-05,0.5,0.5,0.5
P2c,462,0.90136719,1.3659405568953153e-21,2.4598896574924062e-05,0.5,0.5,0.5
P2c,463,0.90332031,8.358559169228235e-22,2.1837679717326262e-05,0.5,0.5,0.5
P2c,464,0.90527344,5.102647921692476e-22,1.9375207348342218e-05,0.5,0.5,0.5
P2c,465,0.90722656,3.10759452037034e-22,1.7180477601213225e-05,0.5,0.5,0.5
P2c,466,0.90917969,1.8880680876949053e-22,1.5225554600065658e-05,0.5,0.5,0.5
P2c,467,0.91113281,1.1443938570645866e-22,1.3485282053694134e-05,0.5,0.5,0.5
P2c,468,0.91308594,6.91987015307641e-23,1.1937021794897697e-05,0.5,0.5,0.5
P2c,469,0.91503906,4.1743122648504885e-23,1.0560415281306592e-05,0.5,0.5,0.5
P2c,470,0.91699219,2.5120974565874502e-23,9.337166212416057e-06,0.5,0.5,0.5
P2c,471,0.91894531,1.5081779777287965e-23,8.25084254849687e-06,0.5,0.5,0.5
P2c,472,0.92089844,9.033026148280529e-24,7.286696340433902e-06,0.5,0.5,0.5
P2c,473,0.92285156,5.397324145015959e-24,6.431499895624956e-06,0.5,0.5,0.5
P2c,474,0.92480469,3.217275828226993e-24,5.673396914124872e-06,0.5,0.5,0.5
P2c,475,0.92675781,1.9132100445918403e-24,5.001767331531016e-06,0.5,0.5,0.5
P2c,476,0.92871094,1.1350149183076081e-24,4.4071047009585425e-06,0.5,0.5,0.5
P2c,477,0.93066406,6.717459373982283e-25,3.880905036138853e-06,0.5,0.5,0.5
P2c,478,0.93261719,3.9661861041130667e-25,3.415566121477491e-06,0.5,0.5,0.5
P2c,479,0.93457031,2.33617670946731e-25,3.0042963731165814e-06,0.5,0.5,0.5
P2c,480,0.93652344,1.3727860347591916e-25,2.6410324079432814e-06,0.5,0.5,0.5
P2c,481,0.93847656,8.04756654103096e-26,2.320364545347848e-06,0.5,0.5,0.5
P2c,482,0.94042969,4.706421956087119e-26,2.0374695296356566e-06,0.5,0.5,0.5
P2c,483,0.94238281,2.7458809733577907e-26,1.788049819601808e-06,0.5,0.5,0.5
P2c,484,0.94433594,1.5982220400080392e-26,1.5682788461437017e-06,0.5,0.5,0.5
P2c,485,0.94628906,9.280194624306214e-27,1.3747516891658894e-06,0.5,0.5,0.5
P2c,486,0.94824219,5.375781575737906e-27,1.204440671664938e-06,0.5,0.5,0.5
P2c,487,0.95019531,3.106638398985019e-27,1.0546554120022407e-06,0.5,0.5,0.5
P2c,488,0.95214844,1.7910361788264006e-27,9.230069152038487e-07,0.5,0.5,0.5
P2c,489,0.95410156,1.0301075556066412e-27,8.073753208826269e-07,0.5,0.5,0.5
P2c,490,0.95605469,5.9105153270626425e-28,7.058809592644759e-07,0.5,0.5,0.5
P2c,491,0.95800781,3.383239046163402e-28,6.168583980125901e-07,0.5,0.5,0.5
P2c,492,0.95996094,1.931988700987756e-28,5.388331912680079e-07,0.5,0.5,0.5
P2c,493,0.96191406,1.1006292269667573e-28,4.705010687381484e-07,0.5,0.5,0.5
P2c,494,0.96386719,6.255212407707236e-29,4.107093269356155e-07,0.5,0.5,0.5
P2c,495,0.96582031,3.546562709268699e-29,3.5844020695650563e-07,0.5,0.5,0.5
P2c,496,0.96777344,2.0060316773734807e-29,3.127960636414579e-07,0.5,0.5,0.5
P2c,497,0.96972656,1.1319636807906518e-29,2.729861497260664e-07,0.5,0.5,0.5
P2c,498,0.97167969,6.372234716693629e-30,2.3831485579446063e-07,0.5,0.5,0.5
P2c,499,0.97363281,3.578620227103252e-30,2.0817126262780562e-07,0.5,0.5,0.5
P2c,500,0.97558594,2.0049524283414e-30,1.8201987700750242e-07,0.5,0.5,0.5
P2c,501,0.97753906,1.1206171555191874e-30,1.5939243530394532e-07,0.5,0.5,0.5
P2c,502,0.97949219,6.248497608381459e-31,1.3988067136186076e-07,0.5,0.5,0.5
P2c,503,0.98144531,3.4758457508354985e-31,1.2312995638268037e-07,0.5,0.5,0.5
P2c,504,0.98339844,1.9289309084067107e-31,1.0883372879756628e-07,0.5,0.5,0.5
P2c,505,0.98535156,1.0679728548506561e-31,9.672864161069449e-08,0.5,0.5,0.5
P2c,506,0.98730469,5.899912855788854e-32,8.65903634555687e-08,0.5,0.5,0.5
P2c,507,0.98925781,3.2535485925229934e-32,7.822997772724564e-08,0.5,0.5,0.5
P2c,508,0.99121094,1.7935713127758414e-32,7.149093170624067e-08,0.5,0.5,0.5
P2c,509,0.99316406,9.931621305857932e-33,6.624649464763556e-08,0.5,0.5,0.5
P2c,510,0.99511719,5.611768745821896e-33,6.239769044050123e-08,0.5,0.5,0.5
P2c,511,0.99707031,3.393022879023523e-33,5.987167671422314e-08,0.5,0.5,0.5
P2c,512,0.99902344,2.457034913863316e-33,5.8620548243408e-08,0.5,0.5,0.5
P3a,1,0.00097656,2.457034913863316e-33,7.209161867259846e-13,0.25,0.75,0.25
P3a,2,0.00292969,3.393022879023523e-33,7.613006791644744e-13,0.25,0.75,0.25
P3a,3,0.00488281,5.611768745821896e-33,8.441783916359556e-13,0.25,0.75,0.25
P3a,4,0.00683594,9.931621305857932e-33,9.738685869083833e-13,0.25,0.75,0.25
P3a,5,0.00878906,1.7935713127758414e-32,1.1571091752588807e-12,0.25,0.75,0.25
P3a,6,0.01074219,3.2535485925229934e-32,1.4033803051316892e-12,0.25,0.75,0.25
P3a,7,0.01269531,5.899912855788854e-32,1.7253576468045046e-12,0.25,0.75,0.25
P3a,8,0.01464844,1.0679728548506561e-31,2.139515187944166e-12,0.25,0.75,0.25
P3a,9,0.01660156,1.9289309084067107e-31,2.6669037452506185e-12,0.25,0.75,0.25
P3a,10,0.01855469,3.4758457508354985e-31,3.3341388080652916e-12,0.25,0.75,0.25
P3a,11,0.02050781,6.248497608381459e-31,4.174640048571787e-12,0.25,0.75,0.25
P3a,12,0.02246094,1.1206171555191874e-30,5.230175184572056e-12,0.25,0.75,0.25
P3a,13,0.02441406,2.0049524283414e-30,6.5527732457737145e-12,0.25,0.75,0.25
P3a,14,0.02636719,3.578620227103252e-30,8.20708712178453e-12,0.25,0.75,0.25
P3a,15,0.02832031,6.372234716693629e-30,1.0273303090196725e-11,0.25,0.75,0.25
P3a,16,0.03027344,1.1319636807906518e-29,1.2850716465285895e-11,0.25,0.75,0.25
P3a,17,0.03222656,2.0060316773734807e-29,1.606211831862719e-11,0.25,0.75,0.25
P3a,18,0.03417969,3.546562709268699e-29,2.0059169289152736e-11,0.25,0.75,0.25
P3a,19,0.03613281,6.255212407707236e-29,2.5028973875017154e-11,0.25,0.75,0.25
P3a,20,0.03808594,1.1006292269667573e-28,3.120211353334919e-11,0.25,0.75,0.25
P3a,21,0.04003906,1.931988700987756e-28,3.886245088967739e-11,0.25,0.75,0.25
P3a,22,0.04199219,3.383239046163402e-28,4.8359082134363924e-11,0.25,0.75,0.25
P3a,23,0.04394531,5.9105153270626425e-28,6.012089234008536e-11,0.25,0.75,0.25
P3a,24,0.04589844,1.0301075556066412e-27,7.467426143381908e-11,0.25,0.75,0.25
P3a,25,0.04785156,1.7910361788264006e-27,9.266457980679623e-11,0.25,0.75,0.25
P3a,26,0.04980469,3.106638398985019e-27,1.148823654773625e-10,0.25,0.75,0.25
P3a,27,0.05175781,5.375781575737906e-27,1.4229493337750422e-10,0.25,0.75,0.25
P3a,28,0.05371094,9.280194624306214e-27,1.7608475647187982e-10,0.25,0.75,0.25
P3a,29,0.05566406,1.5982220400080392e-26,2.1769588363070016e-10,0.25,0.75,0.25
P3a,30,0.05761719,2.7458809733577907e-26,2.6889004702858614e-10,0.25,0.75,0.25
P3a,31,0.05957031,4.706421956087119e-26,3.3181441002497156e-10,0.25,0.75,0.25
P3a,32,0.06152344,8.04756654103096e-26,4.09083284004873e-10,0.25,0.75,0.25
P3a,33,0.06347656,1.3727860347591916e-25,5.038765900516775e-10,0.25,0.75,0.25
P3a,34,0.06542969,2.33617670946731e-25,6.200583708790142e-10,0.25,0.75,0.25
P3a,35,0.06738281,3.9661861041130667e-25,7.623192844980674e-10,0.25,0.75,0.25
P3a,36,0.06933594,6.717459373982283e-25,9.36347750324854e-10,0.25,0.75,0.25
P3a,37,0.07128906,1.1350149183076081e-24,1.149035290236207e-09,0.25,0.75,0.25
P3a,38,0.07324219,1.9132100445918403e-24,1.4087226339827078e-09,0.25,0.75,0.25
P3a,39,0.07519531,3.217275828226993e-24,1.725494366467871e-09,0.25,0.75,0.25
P3a,40,0.07714844,5.397324145015959e-24,2.111531313926086e-09,0.25,0.75,0.25
P3a,41,0.07910156,9.033026148280529e-24,2.5815315319116556e-09,0.25,0.75,0.25
P3a,42,0.08105469,1.5081779777287965e-23,3.1532127105705255e-09,0.25,0.75,0.25
P3a,43,0.08300781,2.5120974565874502e-23,3.847911098379612e-09,0.25,0.75,0.25
P3a,44,0.08496094,4.1743122648504885e-23,4.691294717892814e-09,0.25,0.75,0.25
P3a,45,0.08691406,6.91987015307641e-23,5.714211767489158e-09,0.25,0.75,0.25
P3a,46,0.08886719,1.1443938570645866e-22,6.953698742200174e-09,0.25,0.75,0.25
P3a,47,0.09082031,1.8880680876949053e-22,8.45417704519171e-09,0.25,0.75,0.25
P3a,48,0.09277344,3.10759452037034e-22,1.0268871791808268e-08,0.25,0.75,0.25
P3a,49,0.09472656,5.102647921692476e-22,1.2461492235802492e-08,0.25,0.75,0.25
P3a,50,0.09667969,8.358559169228235e-22,1.5108219892825946e-08,0.25,0.75,0.25
P3a,51,0.09863281,1.3659405568953153e-21,1.830005813647144e-08,0.25,0.75,0.25
P3a,52,0.10058594,2.2268796180980035e-21,2.2145605952873716e-08,0.25,0.75,0.25
P3a,53,0.10253906,3.621814823043536e-21,2.6774328837833525e-08,0.25,0.75,0.25
P3a,54,0.10449219,5.876521164431973e-21,3.2340411705848376e-08,0.25,0.75,0.25
P3a,55,0.10644531,9.512155223009019e-21,3.902729237976646e-08,0.25,0.75,0.25
P3a,56,0.10839844,1.5360385451456768e-20,4.705298999871017e-08,0.25,0.75,0.25
P3a,57,0.11035156,2.474513688229073e-20,5.667636080862405e-08,0.25,0.75,0.25
P3a,58,0.11230469,3.976877085938364e-20,6.82044346085538e-08,0.25,0.75,0.25
P3a,59,0.11425781,6.376157518825463e-20,8.200100898072141e-08,0.25,0.75,0.25
P3a,60,0.11621094,1.0198597868543407e-19,9.84967057419531e-08,0.25,0.75,0.25
P3a,61,0.11816406,1.62737057644681e-19,1.182007252749051e-07,0.25,0.75,0.25
P3a,62,0.12011719,2.5905800243540657e-19,1.4171457004019333e-07,0.25,0.75,0.25
P3a,63,0.12207031,4.1140742603952835e-19,1.6974804920388442e-07,0.25,0.75,0.25
P3a,64,0.12402344,6.517961667582963e-19,2.031379225718654e-07,0.25,0.75,0.25
P3a,65,0.12597656,1.0301869372710855e-18,2.4286959460632674e-07,0.25,0.75,0.25
P3a,66,0.12792969,1.6243695387635204e-18,2.901023289889376e-07,0.25,0.75,0.25
P3a,67,0.12988281,2.5551605637776066e-18,3.4619852185166156e-07,0.25,0.75,0.25
P3a,68,0.13183594,4.009739109187064e-18,4.127576483702011e-07,0.25,0.75,0.25
P3a,69,0.13378906,6.277382585546693e-18,4.91655583953393e-07,0.25,0.75,0.25
P3a,70,0.13574219,9.804052795798566e-18,5.850900989145056e-07,0.25,0.75,0.25
P3a,71,0.13769531,1.5275563701449848e-17,6.956334355375184e-07,0.25,0.75,0.25
P3a,72,0.13964844,2.3743974172752665e-17,8.26293000231443e-07,0.25,0.75,0.25
P3a,73,0.14160156,3.681918219963792e-17,9.805813425016106e-07,0.25,0.75,0.25
P3a,74,0.14355469,5.695861574331907e-17,1.1625967483942294e-06,0.25,0.75,0.25
P3a,75,0.14550781,8.790412909601912e-17,1.3771159506639046e-06,0.25,0.75,0.25
P3a,76,0.14746094,1.353392253003392e-16,1.6297006530936835e-06,0.25,0.75,0.25
P3a,77,0.14941406,2.0787518949013552e-16,1.9268197842356735e-06,0.25,0.75,0.25
P3a,78,0.15136719,3.1852695600276717e-16,2.2759896385662756e-06,0.25,0.75,0.25
P3a,79,0.15332031,4.869162691952425e-16,2.6859343330545255e-06,0.25,0.75,0.25
P3a,80,0.15527344,7.425521184953089e-16,3.166769306979708e-06,0.25,0.75,0.25
P3a,81,0.15722656,1.1297026784755183e-15,3.7302109252273284e-06,0.25,0.75,0.25
P3a,82,0.15917969,1.7146123072285199e-15,4.389815613128504e-06,0.25,0.75,0.25
P3a,83,0.16113281,2.5961649133662224e-15,5.161252357240557e-06,0.25,0.75,0.25
P3a,84,0.16308594,3.9215989444158405e-15,6.062612854508588e-06,0.25,0.75,0.25
P3a,85,0.16503906,5.909607525538605e-15,7.114764085367386e-06,0.25,0.75,0.25
P3a,86,0.16699219,8.884206865513723e-15,8.3417486280503e-06,0.25,0.75,0.25
P3a,87,0.16894531,1.332426455170493e-14,9.771238625307688e-06,0.25,0.75,0.25
P3a,88,0.17089844,1.9935741461410857e-14,1.1435049964657123e-05,0.25,0.75,0.25
P3a,89,0.17285156,2.9756791361048965e-14,1.3369723943033203e-05,0.25,0.75,0.25
P3a,90,0.17480469,4.431026714009523e-14,1.561718446018779e-05,0.25,0.75,0.25
P3a,91,0.17675781,6.582444378169105e-14,1.8225479626349476e-05,0.25,0.75,0.25
P3a,92,0.17871094,9.755164313041172e-14,2.124961758242118e-05,0.25,0.75,0.25
P3a,93,0.18066406,1.4422699038977065e-13,2.4752507319256045e-05,0.25,0.75,0.25
P3a,94,0.18261719,2.12727215081947e-13,2.88060163500901e-05,0.25,0.75,0.25
P3a,95,0.18457031,3.1301426441593345e-13,3.349215824063827e-05,0.25,0.75,0.25
P3a,96,0.18652344,4.594833357412826e-13,3.89044242380732e-05,0.25,0.75,0.25
P3a,97,0.18847656,6.728836295093046e-13,4.514927456618934e-05,0.25,0.75,0.25
P3a,98,0.19042969,9.830479934491185e-13,5.234780637220025e-05,0.25,0.75,0.25
P3a,99,0.19238281,1.4327619548466628e-12,6.063761682305047e-05,0.25,0.75,0.25
P3a,100,0.19433594,2.0832333617959087e-12,7.017488145746371e-05,0.25,0.75,0.25
P3a,101,0.19628906,3.021804504496938e-12,8.113666960513661e-05,0.25,0.75,0.25
P3a,102,0.19824219,4.3727975180215e-12,9.372352048663628e-05,0.25,0.75,0.25
P3a,103,0.20019531,6.3127259019780146e-12,0.00010816230550581464,0.25,0.75,0.25
P3a,104,0.20214844,9.091573599274249e-12,0.00012470940423900485,0.25,0.75,0.25
P3a,105,0.20410156,1.3062483240142133e-11,0.0001436542237086996,0.25,0.75,0.25
P3a,106,0.20605469,1.8723067150089338e-11,0.00016532309269927647,0.25,0.75,0.25
P3a,107,0.20800781,2.677273903868272e-11,0.00019008356512243327,0.25,0.75,0.25
P3a,108,0.20996094,3.819206809767399e-11,0.00021834916876245475,0.25,0.75,0.25
P3a,109,0.21191406,5.435232275846171e-11,0.0002505846381163601,0.25,0.75,0.25
P3a,110,0.21386719,7.716628670829947e-11,0.00028731167247946903,0.25,0.75,0.25
P3a,111,0.21582031,1.092953429667008e-10,0.00032911526289865927,0.25,0.75,0.25
P3a,112,0.21777344,1.5443305881451808e-10,0.00037665063410684133,0.25,0.75,0.25
P3a,113,0.21972656,2.1769249205503842e-10,0.0004306508500434649,0.25,0.75,0.25
P3a,114,0.22167969,3.061337347629812e-10,0.0004919351340349157,0.25,0.75,0.25
P3a,115,0.22363281,4.294805394035297e-10,0.000561417957130056,0.25,0.75,0.25
P3a,116,0.22558594,6.010911741128127e-10,0.0006401189504313539,0.25,0.75,0.25
P3a,117,0.22753906,8.392701438581602e-10,0.0007291736994990779,0.25,0.75,0.25
P3a,118,0.22949219,1.1690356565228843e-09,0.0008298454809994719,0.25,0.75,0.25
P3a,119,0.23144531,1.6244947151662565e-09,0.0009435380036785662,0.25,0.75,0.25
P3a,120,0.23339844,2.252026046798518e-09,0.0010718092174286458,0.25,0.75,0.25
P3a,121,0.23535156,3.114534004765558e-09,0.001216386255627777,0.25,0.75,0.25
P3a,122,0.23730469,4.2971182587492804e-09,0.001379181577024,0.25,0.75,0.25
P3a,123,0.23925781,5.9146097661076864e-09,0.0015623103741507164,0.25,0.75,0.25
P3a,124,0.24121094,8.12155982053839e-09,0.001768109315540856,0.25,0.75,0.25
P3a,125,0.24316406,1.1125444210234095e-08,0.0019991566887933047,0.25,0.75,0.25
P3a,126,0.24511719,1.520406908349939e-08,0.0022582940107712143,0.25,0.75,0.25
P3a,127,0.24707031,2.0728451967779248e-08,0.002548649169810583,0.25,0.75,0.25
P3a,128,0.24902344,2.819281659331187e-08,0.0028736611627185925,0.25,0.75,0.25
P3a,129,0.25097656,3.8253803606102346e-08,0.003237106486471326,0.25,0.75,0.25
P3a,130,0.25292969,5.1781585380123575e-08,0.003643127240805701,0.25,0.75,0.25
P3a,131,0.25488281,6.992631194865307e-08,0.004096260993263978,0.25,0.75,0.25
P3a,132,0.25683594,9.420424318691886e-08,0.004601472452614861,0.25,0.75,0.25
P3a,133,0.25878906,1.2660908430519005e-07,0.005164186989866192,0.25,0.75,0.25
P3a,134,0.26074219,1.6975549132427336e-07,0.005790326038224772,0.25,0.75,0.25
P3a,135,0.26269531,2.270635154072224e-07,0.006486344394275312,0.25,0.75,0.25
P3a,136,0.26464844,3.029949875437468e-07,0.007259269432271691,0.25,0.75,0.25
P3a,137,0.26660156,4.033556010181023e-07,0.008116742231692882,0.25,0.75,0.25
P3a,138,0.26855469,5.356798386555134e-07,0.009067060605051256,0.25,0.75,0.25
P3a,139,0.27050781,7.097200453864707e-07,0.010119223998297363,0.25,0.75,0.25
P3a,140,0.27246094,9.380660174009194e-07,0.01128298021999541,0.25,0.75,0.25
P3a,141,0.27441406,1.2369276461753626e-06,0.012568873937709727,0.25,0.75,0.25
P3a,142,0.27636719,1.6271206270944474e-06,0.013988296860717356,0.25,0.75,0.25
P3a,143,0.27832031,2.1353042587331605e-06,0.015553539507231758,0.25,0.75,0.25
P3a,144,0.28027344,2.7955311961998526e-06,0.017277844431785223,0.25,0.75,0.25
P3a,145,0.28222656,3.6511819951198207e-06,0.01917546076429132,0.25,0.75,0.25
P3a,146,0.28417969,4.75737274840285e-06,0.02126169988662242,0.25,0.75,0.25
P3a,147,0.28613281,6.183942476576682e-06,0.023552992045346326,0.25,0.75,0.25
P3a,148,0.28808594,8.019148630824485e-06,0.02606694367063928,0.25,0.75,0.25
P3a,149,0.29003906,1.0374224599390558e-05,0.02882239514142687,0.25,0.75,0.25
P3a,150,0.29199219,1.3388983012570728e-05,0.03183947870561493,0.25,0.75,0.25
P3a,151,0.29394531,1.723868350329749e-05,0.03513967623200432,0.25,0.75,0.25
P3a,152,0.29589844,2.2142424023832474e-05,0.03874587643730121,0.25,0.75,0.25
P3a,153,0.29785156,2.8373361502364648e-05,0.042682431197738416,0.25,0.75,0.25
P3a,154,0.29980469,3.627112122835951e-05,0.04697521052042998,0.25,0.75,0.25
P3a,155,0.30175781,4.6256815574870414e-05,0.05165165571494688,0.25,0.75,0.25
P3a,156,0.30371094,5.8851162185320366e-05,0.056740830271002726,0.25,0.75,0.25
P3a,157,0.30566406,7.469627022783129e-05,0.06227346791388257,0.25,0.75,0.25
P3a,158,0.30761719,9.458175135136968e-05,0.06828201727567129,0.25,0.75,0.25
P3a,159,0.30957031,0.00011947591007350636,0.07480068258780256,0.25,0.75,0.25
P3a,160,0.31152344,0.0001505628768674557,0.08186545976934316,0.25,0.75,0.25
P3a,161,0.31347656,0.00018928666639670276,0.08951416725616586,0.25,0.75,0.25
P3a,162,0.31542969,0.0002374032731379326,0.09778647088917382,0.25,0.75,0.25
P3a,163,0.31738281,0.00029704205671380425,0.10672390215549019,0.25,0.75,0.25
P3a,164,0.31933594,0.0003707778189429849,0.1163698690554707,0.25,0.75,0.25
P3a,165,0.32128906,0.0004617151327884866,0.12676965885103822,0.25,0.75,0.25
P3a,166,0.32324219,0.0005735866484163001,0.1379704319376549,0.25,0.75,0.25
P3a,167,0.32519531,0.0007108672712379661,0.15002120607375205,0.25,0.75,0.25
P3a,168,0.32714844,0.000878906278195087,0.16297283019811865,0.25,0.75,0.25
P3a,169,0.32910156,0.0010840796079768546,0.17687794706810947,0.25,0.75,0.25
P3a,170,0.33105469,0.001333964723822125,0.1917909439600503,0.25,0.75,0.25
P3a,171,0.33300781,0.0016375405986025922,0.20776789068836254,0.25,0.75,0.25
P3a,172,0.33496094,0.002005415504586071,0.22486646422213824,0.25,0.75,0.25
P3a,173,0.33691406,0.0024500853971807426,0.24314585920759174,0.25,0.75,0.25
P3a,174,0.33886719,0.0029862257545487333,0.2626666837423592,0.25,0.75,0.25
P3a,175,0.34082031,0.00363101976368373,0.2834908397933573,0.25,0.75,0.25
P3a,176,0.34277344,0.004404525717789597,0.3056813877041111,0.25,0.75,0.25
P3a,177,0.34472656,0.0053300863980529755,0.3293023943003513,0.25,0.75,0.25
P3a,178,0.34667969,0.006434783042835534,0.35441876417441737,0.25,0.75,0.25
P3a,179,0.34863281,0.007749936245945964,0.3810960538096489,0.25,0.75,0.25
P3a,180,0.35058594,0.009311655759611227,0.409400268295537,0.25,0.75,0.25
P3a,181,0.35253906,0.011161440693571605,0.4393976404828213,0.25,0.75,0.25
P3a,182,0.35449219,0.013346830986159422,0.4711543925348073,0.25,0.75,0.25
P3a,183,0.35644531,0.015922110263769645,0.5047364799466562,0.25,0.75,0.25
P3a,184,0.35839844,0.018949059290476265,0.5402093182278986,0.25,0.75,0.25
P3a,185,0.36035156,0.022497758130144086,0.5776374925744521,0.25,0.75,0.25
P3a,186,0.36230469,0.026647433892079443,0.6170844509944199,0.25,0.75,0.25
P3a,187,0.36425781,0.031487349503974395,0.6586121814961833,0.25,0.75,0.25
P3a,188,0.36621094,0.03711772735232914,0.7022808740970051,0.25,0.75,0.25
P3a,189,0.36816406,0.04365069985490319,0.7481485685645762,0.25,0.75,0.25
P3a,190,0.37011719,0.051211277091507364,0.7962707889617027,0.25,0.75,0.25
P3a,191,0.37207031,0.05993831953401407,0.8467001662244434,0.25,0.75,0.25
P3a,192,0.37402344,0.06998550170583477,0.8994860501653258,0.25,0.75,0.25
P3a,193,0.37597656,0.08152225029444984,0.9546741124543987,0.25,0.75,0.25
P3a,194,0.37792969,0.09473463787463382,1.0123059422904932,0.25,0.75,0.25
P3a,195,0.37988281,0.10982621101942942,1.072418636631624,0.25,0.75,0.25
P3a,196,0.38183594,0.1270187292332889,1.135044387005472,0.25,0.75,0.25
P3a,197,0.38378906,0.14655278889754414,1.2002100650667364,0.25,0.75,0.25
P3a,198,0.38574219,0.1686883043403255,1.2679368092061973,0.25,0.75,0.25
P3a,199,0.38769531,0.19370481630578107,1.3382396146449504,0.25,0.75,0.25
P3a,200,0.38964844,0.2219015965811926,1.4111269295647748,0.25,0.75,0.25
P3a,201,0.39160156,0.2535975164299256,1.4866002599303476,0.25,0.75,0.25
P3a,202,0.39355469,0.28913064586028797,1.5646537857493856,0.25,0.75,0.25
P3a,203,0.39550781,0.32885755072309664,1.6452739915911734,0.25,0.75,0.25
P3a,204,0.39746094,0.37315225526006185,1.7284393142408745,0.25,0.75,0.25
P3a,205,0.39941406,0.4224048391025293,1.814119810405005,0.25,0.75,0.25
P3a,206,0.40136719,0.4770196399198407,1.9022768474012064,0.25,0.75,0.25
P3a,207,0.40332031,0.5374130360022464,1.9928628197617855,0.25,0.75,0.25
P3a,208,0.40527344,0.6040107870848936,2.085820894654274,0.25,0.75,0.25
P3a,209,0.40722656,0.6772449167099038,2.181084788972661,0.25,0.75,0.25
P3a,210,0.40917969,0.7575501253957868,2.2785785808792323,0.25,0.75,0.25
P3a,211,0.41113281,0.84535973082714,2.3782165584785147,0.25,0.75,0.25
P3a,212,0.41308594,0.9411011391566687,2.4799031081814866,0.25,0.75,0.25
P3a,213,0.41503906,1.0451908602619604,2.583532645169726,0.25,0.75,0.25
P3a,214,0.41699219,1.1580290893273733,2.688989588195777,0.25,0.75,0.25
P3a,215,0.41894531,1.279993887302496,2.796148380758069,0.25,0.75,0.25
P3a,216,0.42089844,1.4114350034677228,2.904873560466802,0.25,0.75,0.25
P3a,217,0.42285156,1.5526673943293867,3.015019878172294,0.25,0.75,0.25
P3a,218,0.42480469,1.7039645041581832,3.126432468160421,0.25,0.75,0.25
P3a,219,0.42675781,1.865551383436322,3.2389470704324106,0.25,0.75,0.25
P3a,220,0.42871094,2.0375977320304806,3.3523903057800117,0.25,0.75,0.25
P3a,221,0.43066406,2.2202109637818497,3.4665800040438186,0.25,0.75,0.25
P3a,222,0.43261719,2.413429398113344,3.5813255856044277,0.25,0.75,0.25
P3a,223,0.43457031,2.617215691905245,3.6964284958054647,0.25,0.75,0.25
P3a,224,0.43652344,2.831450630995762,3.81168269164686,0.25,0.75,0.25
P3a,225,0.43847656,3.055927404945471,3.926875179718876,0.25,0.75,0.25
P3a,226,0.44042969,3.290346490908249,4.041786603975027,0.25,0.75,0.25
P3a,227,0.44238281,3.53431127234906,4.1561918815684065,0.25,0.75,0.25
P3a,228,0.44433594,3.787324515751703,4.269860884603975,0.25,0.75,0.25
P3a,229,0.44628906,4.048785823224553,4.382559165292454,0.25,0.75,0.25
P3a,230,0.44824219,4.317990170950166,4.494048721632708,0.25,0.75,0.25
P3a,231,0.45019531,4.594127632706654,4.604088800402325,0.25,0.75,0.25
P3a,232,0.45214844,4.876284374251919,4.71243673390366,0.25,0.75,0.25
P3a,233,0.45410156,5.1634449883125,4.8188488065981465,0.25,0.75,0.25
P3a,234,0.45605469,5.454496221434744,4.923081147468383,0.25,0.75,0.25
P3a,235,0.45800781,5.748232123286844,5.0248906436782566,0.25,0.75,0.25
P3a,236,0.45996094,6.043360626464485,5.124035870859189,0.25,0.75,0.25
P3a,237,0.46191406,6.338511540834622,5.220278035137981,0.25,0.75,0.25
P3a,238,0.46386719,6.632245921394076,5.313381921841301,0.25,0.75,0.25
P3a,239,0.46582031,6.923066743015015,5.40311684566569,0.25,0.75,0.25
P3a,240,0.46777344,7.2094307898312495,5.489257596992053,0.25,0.75,0.25
P3a,241,0.46972656,7.489761641947748,5.5715853789515215,0.25,0.75,0.25
P3a,242,0.47167969,7.762463618205754,5.649888729816707,0.25,0.75,0.25
P3a,243,0.47363281,8.025936511481067,5.723964425299587,0.25,0.75,0.25
P3a,244,0.47558594,8.278590932991351,5.793618355385157,0.25,0.75,0.25
P3a,245,0.47753906,8.518864064866106,5.858666370418929,0.25,0.75,0.25
P3a,246,0.47949219,8.745235606269688,5.918935091295964,0.25,0.75,0.25
P3a,247,0.48144531,8.95624368808148,5.97426267876909,0.25,0.75,0.25
P3a,248,0.48339844,9.150500524871676,6.024499557103149,0.25,0.75,0.25
P3a,249,0.48535156,9.326707570923439,6.069509087549431,0.25,0.75,0.25
P3a,250,0.48730469,9.483669949504193,6.1091681873980646,0.25,0.75,0.25
P3a,251,0.48925781,9.62030993153972,6.143367890684074,0.25,0.75,0.25
P3a,252,0.49121094,9.735679251247388,6.172013846972776,0.25,0.75,0.25
P3a,253,0.49316406,9.828970061983593,6.195026755029363,0.25,0.75,0.25
P3a,254,0.49511719,9.899524355294515,6.212342728583047,0.25,0.75,0.25
P3a,255,0.49707031,9.946841689566032,6.223913591824702,0.25,0.75,0.25
P3a,256,0.49902344,9.970585101293073,6.229707102725132,0.25,0.75,0.25
P3a,257,0.50097656,9.970585101293073,6.229707102725132,0.25,0.75,0.25
P3a,258,0.50292969,9.946841689566032,6.223913591824702,0.25,0.75,0.25
P3a,259,0.50488281,9.899524355294515,6.212342728583047,0.25,0.75,0.25
P3a,260,0.50683594,9.828970061983593,6.195026755029363,0.25,0.75,0.25
P3a,261,0.50878906,9.735679251247388,6.172013846972776,0.25,0.75,0.25
P3a,262,0.51074219,9.62030993153972,6.143367890684074,0.25,0.75,0.25
P3a,263,0.51269531,9.483669949504193,6.1091681873980646,0.25,0.75,0.25
P3a,264,0.51464844,9.326707570923439,6.069509087549431,0.25,0.75,0.25
P3a,265,0.51660156,9.150500524871676,6.024499557103149,0.25,0.75,0.25
P3a,266,0.51855469,8.95624368808148,5.97426267876909,0.25,0.75,0.25
P3a,267,0.52050781,8.745235606269688,5.918935091295964,0.25,0.75,0.25
P3a,268,0.52246094,8.518864064866106,5.858666370418929,0.25,0.75,0.25
P3a,269,0.52441406,8.278590932991351,5.793618355385157,0.25,0.75,0.25
P3a,270,0.52636719,8.025936511481067,5.723964425299587,0.25,0.75,0.25
P3a,271,0.52832031,7.762463618205754,5.649888729816707,0.25,0.75,0.25
P3a,272,0.53027344,7.489761641947748,5.5715853789515215,0.25,0.75,0.25
P3a,273,0.53222656,7.2094307898312495,5.489257596992053,0.25,0.75,0.25
P3a,274,0.53417969,6.923066743015015,5.40311684566569,0.25,0.75,0.25
P3a,275,0.53613281,6.632245921394076,5.313381921841301,0.25,0.75,0.25
P3a,276,0.53808594,6.338511540834622,5.220278035137981,0.25,0.75,0.25
P3a,277,0.54003906,6.043360626464485,5.124035870859189,0.25,0.75,0.25
P3a,278,0.54199219,5.748232123286844,5.0248906436782566,0.25,0.75,0.25
P3a,279,0.54394531,5.454496221434744,4.923081147468383,0.25,0.75,0.25
P3a,280,0.54589844,5.1634449883125,4.8188488065981465,0.25,0.75,0.25
P3a,281,0.54785156,4.876284374251919,4.71243673390366,0.25,0.75,0.25
P3a,282,0.54980469,4.594127632706654,4.604088800402325,0.25,0.75,0.25
P3a,283,0.55175781,4.317990170950166,4.494048721632708,0.25,0.75,0.25
P3a,284,0.55371094,4.048785823224553,4.382559165292454,0.25,0.75,0.25
P3a,285,0.55566406,3.787324515751703,4.269860884603975,0.25,0.75,0.25
P3a,286,0.55761719,3.53431127234906,4.1561918815684065,0.25,0.75,0.25
P3a,287,0.55957031,3.290346490908249,4.041786603975027,0.25,0.75,0.25
P3a,288,0.56152344,3.055927404945471,3.926875179718876,0.25,0.75,0.25
P3a,289,0.56347656,2.831450630995762,3.81168269164686,0.25,0.75,0.25
P3a,290,0.56542969,2.617215691905245,3.6964284958054647,0.25,0.75,0.25
P3a,291,0.56738281,2.413429398113344,3.5813255856044277,0.25,0.75,0.25
P3a,292,0.56933594,2.2202109637818497,3.4665800040438186,0.25,0.75,0.25
P3a,293,0.57128906,2.0375977320304806,3.3523903057800117,0.25,0.75,0.25
P3a,294,0.57324219,1.865551383436322,3.2389470704324106,0.25,0.75,0.25
P3a,295,0.57519531,1.7039645041581832,3.126432468160421,0.25,0.75,0.25
P3a,296,0.57714844,1.5526673943293867,3.015019878172294,0.25,0.75,0.25
P3a,297,0.57910156,1.4114350034677228,2.904873560466802,0.25,0.75,0.25
P3a,298,0.58105469,1.279993887302496,2.796148380758069,0.25,0.75,0.25
P3a,299,0.58300781,1.1580290893273733,2.688989588195777,0.25,0.75,0.25
P3a,300,0.58496094,1.0451908602619604,2.583532645169726,0.25,0.75,0.25
P3a,301,0.58691406,0.9411011391566687,2.4799031081814866,0.25,0.75,0.25
P3a,302,0.58886719,0.84535973082714,2.3782165584785147,0.25,0.75,0.25
P3a,303,0.59082031,0.7575501253957868,2.2785785808792323,0.25,0.75,0.25
P3a,304,0.59277344,0.6772449167099038,2.181084788972661,0.25,0.75,0.25
P3a,305,0.59472656,0.6040107870848936,2.085820894654274,0.25,0.75,0.25
P3a,306,0.59667969,0.5374130360022464,1.9928628197617855,0.25,0.75,0.25
P3a,307,0.59863281,0.4770196399198407,1.9022768474012064,0.25,0.75,0.25
P3a,308,0.60058594,0.4224048391025293,1.814119810405005,0.25,0.75,0.25
P3a,309,0.60253906,0.37315225526006185,1.7284393142408745,0.25,0.75,0.25
P3a,310,0.60449219,0.32885755072309664,1.6452739915911734,0.25,0.75,0.25
P3a,311,0.60644531,0.28913064586028797,1.5646537857493856,0.25,0.75,0.25
P3a,312,0.60839844,0.2535975164299256,1.4866002599303476,0.25,0.75,0.25
P3a,313,0.61035156,0.2219015965811926,1.4111269295647748,0.25,0.75,0.25
P3a,314,0.61230469,0.19370481630578107,1.3382396146449504,0.25,0.75,0.25
P3a,315,0.61425781,0.1686883043403255,1.2679368092061973,0.25,0.75,0.25
P3a,316,0.61621094,0.14655278889754414,1.2002100650667364,0.25,0.75,0.25
P3a,317,0.61816406,0.1270187292332889,1.135044387005472,0.25,0.75,0.25
P3a,318,0.62011719,0.10982621101942942,1.072418636631624,0.25,0.75,0.25
P3a,319,0.62207031,0.09473463787463382,1.0123059422904932,0.25,0.75,0.25
P3a,320,0.62402344,0.08152225029444984,0.9546741124543987,0.25,0.75,0.25
P3a,321,0.62597656,0.06998550170583477,0.8994860501653258,0.25,0.75,0.25
P3a,322,0.62792969,0.05993831953401407,0.8467001662244434,0.25,0.75,0.25
P3a,323,0.62988281,0.051211277091507364,0.7962707889617027,0.25,0.75,0.25
P3a,324,0.63183594,0.04365069985490319,0.7481485685645762,0.25,0.75,0.25
P3a,325,0.63378906,0.03711772735232914,0.7022808740970051,0.25,0.75,0.25
P3a,326,0.63574219,0.031487349503974395,0.6586121814961833,0.25,0.75,0.25
P3a,327,0.63769531,0.026647433892079443,0.6170844509944199,0.25,0.75,0.25
P3a,328,0.63964844,0.022497758130144086,0.5776374925744521,0.25,0.75,0.25
P3a,329,0.64160156,0.018949059290476265,0.5402093182278986,0.25,0.75,0.25
P3a,330,0.64355469,0.015922110263769645,0.5047364799466562,0.25,0.75,0.25
P3a,331,0.64550781,0.013346830986159422,0.4711543925348073,0.25,0.75,0.25
P3a,332,0.64746094,0.011161440693571605,0.4393976404828213,0.25,0.75,0.25
P3a,333,0.64941406,0.009311655759611227,0.409400268295537,0.25,0.75,0.25
P3a,334,0.65136719,0.007749936245945964,0.3810960538096489,0.25,0.75,0.25
P3a,335,0.65332031,0.006434783042835534,0.35441876417441737,0.25,0.75,0.25
P3a,336,0.65527344,0.0053300863980529755,0.3293023943003513,0.25,0.75,0.25
P3a,337,0.65722656,0.004404525717789597,0.3056813877041111,0.25,0.75,0.25
P3a,338,0.65917969,0.00363101976368373,0.2834908397933573,0.25,0.75,0.25
P3a,339,0.66113281,0.0029862257545487333,0.2626666837423592,0.25,0.75,0.25
P3a,340,0.66308594,0.0024500853971807426,0.24314585920759174,0.25,0.75,0.25
P3a,341,0.66503906,0.002005415504586071,0.22486646422213824,0.25,0.75,0.25
P3a,342,0.66699219,0.0016375405986025922,0.20776789068836254,0.25,0.75,0.25
P3a,343,0.66894531,0.001333964723822125,0.1917909439600503,0.25,0.75,0.25
P3a,344,0.67089844,0.0010840796079768546,0.17687794706810947,0.25,0.75,0.25
P3a,345,0.67285156,0.000878906278195087,0.16297283019811865,0.25,0.75,0.25
P3a,346,0.67480469,0.0007108672712379661,0.15002120607375205,0.25,0.75,0.25
P3a,347,0.67675781,0.0005735866484163001,0.1379704319376549,0.25,0.75,0.25
P3a,348,0.67871094,0.0004617151327884866,0.12676965885103822,0.25,0.75,0.25
P3a,349,0.68066406,0.0003707778189429849,0.1163698690554707,0.25,0.75,0.25
P3a,350,0.68261719,0.00029704205671380425,0.10672390215549019,0.25,0.75,0.25
P3a,351,0.68457031,0.0002374032731379326,0.09778647088917382,0.25,0.75,0.25
P3a,352,0.68652344,0.00018928666639670276,0.08951416725616586,0.25,0.75,0.25
P3a,353,0.68847656,0.0001505628768674557,0.08186545976934316,0.25,0.75,0.25
P3a,354,0.69042969,0.00011947591007350636,0.07480068258780256,0.25,0.75,0.25
P3a,355,0.69238281,9.458175135136968e-05,0.06828201727567129,0.25,0.75,0.25
P3a,356,0.69433594,7.469627022783129e-05,0.06227346791388257,0.25,0.75,0.25
P3a,357,0.69628906,5.8851162185320366e-05,0.056740830271002726,0.25,0.75,0.25
P3a,358,0.69824219,4.6256815574870414e-05,0.05165165571494688,0.25,0.75,0.25
P3a,359,0.70019531,3.627112122835951e-05,0.04697521052042998,0.25,0.75,0.25
P3a,360,0.70214844,2.8373361502364648e-05,0.042682431197738416,0.25,0.75,0.25
P3a,361,0.70410156,2.2142424023832474e-05,0.03874587643730121,0.25,0.75,0.25
P3a,362,0.70605469,1.723868350329749e-05,0.03513967623200432,0.25,0.75,0.25
P3a,363,0.70800781,1.3388983012570728e-05,0.03183947870561493,0.25,0.75,0.25
P3a,364,0.70996094,1.0374224599390558e-05,0.02882239514142687,0.25,0.75,0.25
P3a,365,0.71191406,8.019148630824485e-06,0.02606694367063928,0.25,0.75,0.25
P3a,366,0.71386719,6.183942476576682e-06,0.023552992045346326,0.25,0.75,0.25
P3a,367,0.71582031,4.75737274840285e-06,0.02126169988662242,0.25,0.75,0.25
P3a,368,0.71777344,3.6511819951198207e-06,0.01917546076429132,0.25,0.75,0.25
P3a,369,0.71972656,2.7955311961998526e-06,0.017277844431785223,0.25,0.75,0.25
P3a,370,0.72167969,2.1353042587331605e-06,0.015553539507231758,0.25,0.75,0.25
P3a,371,0.72363281,1.6271206270944474e-06,0.013988296860717356,0.25,0.75,0.25
P3a,372,0.72558594,1.2369276461753626e-06,0.012568873937709727,0.25,0.75,0.25
P3a,373,0.72753906,9.380660174009194e-07,0.01128298021999541,0.25,0.75,0.25
P3a,374,0.72949219,7.097200453864707e-07,0.010119223998297363,0.25,0.75,0.25
P3a,375,0.73144531,5.356798386555134e-07,0.009067060605051256,0.25,0.75,0.25
P3a,376,0.73339844,4.033556010181023e-07,0.008116742231692882,0.25,0.75,0.25
P3a,377,0.73535156,3.029949875437468e-07,0.007259269432271691,0.25,0.75,0.25
P3a,378,0.73730469,2.270635154072224e-07,0.006486344394275312,0.25,0.75,0.25
P3a,379,0.73925781,1.6975549132427336e-07,0.005790326038224772,0.25,0.75,0.25
P3a,380,0.74121094,1.2660908430519005e-07,0.005164186989866192,0.25,0.75,0.25
P3a,381,0.74316406,9.420424318691886e-08,0.004601472452614861,0.25,0.75,0.25
P3a,382,0.74511719,6.992631194865307e-08,0.004096260993263978,0.25,0.75,0.25
P3a,383,0.74707031,5.1781585380123575e-08,0.003643127240805701,0.25,0.75,0.25
P3a,384,0.74902344,3.8253803606102346e-08,0.003237106486471326,0.25,0.75,0.25
P3a,385,0.75097656,2.819281659331187e-08,0.0028736611627185925,0.25,0.75,0.25
P3a,386,0.75292969,2.0728451967779248e-08,0.002548649169810583,0.25,0.75,0.25
P3a,387,0.75488281,1.520406908349939e-08,0.0022582940107712143,0.25,0.75,0.25
P3a,388,0.75683594,1.1125444210234095e-08,0.0019991566887933047,0.25,0.75,0.25
P3a,389,0.75878906,8.12155982053839e-09,0.001768109315540856,0.25,0.75,0.25
P3a,390,0.76074219,5.9146097661076864e-09,0.0015623103741507164,0.25,0.75,0.25
P3a,391,0.76269531,4.2971182587492804e-09,0.001379181577024,0.25,0.75,0.25
P3a,392,0.76464844,3.114534004765558e-09,0.001216386255627777,0.25,0.75,0.25
P3a,393,0.76660156,2.252026046798518e-09,0.0010718092174286458,0.25,0.75,0.25
P3a,394,0.76855469,1.6244947151662565e-09,0.0009435380036785662,0.25,0.75,0.25
P3a,395,0.77050781,1.1690356565228843e-09,0.0008298454809994719,0.25,0.75,0.25
P3a,396,0.77246094,8.392701438581602e-10,0.0007291736994990779,0.25,0.75,0.25
P3a,397,0.77441406,6.010911741128127e-10,0.0006401189504313539,0.25,0.75,0.25
P3a,398,0.77636719,4.294805394035297e-10,0.000561417957130056,0.25,0.75,0.25
P3a,399,0.77832031,3.061337347629812e-10,0.0004919351340349157,0.25,0.75,0.25
P3a,400,0.78027344,2.1769249205503842e-10,0.0004306508500434649,0.25,0.75,0.25
P3a,401,0.78222656,1.5443305881451808e-10,0.00037665063410684133,0.25,0.75,0.25
P3a,402,0.78417969,1.092953429667008e-10,0.00032911526289865927,0.25,0.75,0.25
P3a,403,0.78613281,7.716628670829947e-11,0.00028731167247946903,0.25,0.75,0.25
P3a,404,0.78808594,5.435232275846171e-11,0.0002505846381163601,0.25,0.75,0.25
P3a,405,0.79003906,3.819206809767399e-11,0.00021834916876245475,0.25,0.75,0.25
P3a,406,0.79199219,2.677273903868272e-11,0.00019008356512243327,0.25,0.75,0.25
P3a,407,0.79394531,1.8723067150089338e-11,0.00016532309269927647,0.25,0.75,0.25
P3a,408,0.79589844,1.3062483240142133e-11,0.0001436542237086996,0.25,0.75,0.25
P3a,409,0.79785156,9.091573599274249e-12,0.00012470940423900485,0.25,0.75,0.25
P3a,410,0.79980469,6.3127259019780146e-12,0.00010816230550581464,0.25,0.75,0.25
P3a,411,0.80175781,4.3727975180215e-12,9.372352048663628e-05,0.25,0.75,0.25
P3a,412,0.80371094,3.021804504496938e-12,8.113666960513661e-05,0.25,0.75,0.25
P3a,413,0.80566406,2.0832333617959087e-12,7.017488145746371e-05,0.25,0.75,0.25
P3a,414,0.80761719,1.4327619548466628e-12,6.063761682305047e-05,0.25,0.75,0.25
P3a,415,0.80957031,9.830479934491185e-13,5.234780637220025e-05,0.25,0.75,0.25
P3a,416,0.81152344,6.728836295093046e-13,4.514927456618934e-05,0.25,0.75,0.25
P3a,417,0.81347656,4.594833357412826e-13,3.89044242380732e-05,0.25,0.75,0.25
P3a,418,0.81542969,3.1301426441593345e-13,3.349215824063827e-05,0.25,0.75,0.25
P3a,419,0.81738281,2.12727215081947e-13,2.88060163500901e-05,0.25,0.75,0.25
P3a,420,0.81933594,1.4422699038977065e-13,2.4752507319256045e-05,0.25,0.75,0.25
P3a,421,0.82128906,9.755164313041172e-14,2.124961758242118e-05,0.25,0.75,0.25
P3a,422,0.82324219,6.582444378169105e-14,1.8225479626349476e-05,0.25,0.75,0.25
P3a,423,0.82519531,4.431026714009523e-14,1.561718446018779e-05,0.25,0.75,0.25
P3a,424,0.82714844,2.9756791361048965e-14,1.3369723943033203e-05,0.25,0.75,0.25
P3a,425,0.82910156,1.9935741461410857e-14,1.1435049964657123e-05,0.25,0.75,0.25
P3a,426,0.83105469,1.332426455170493e-14,9.771238625307688e-06,0.25,0.75,0.25
P3a,427,0.83300781,8.884206865513723e-15,8.3417486280503e-06,0.25,0.75,0.25
P3a,428,0.83496094,5.909607525538605e-15,7.114764085367386e-06,0.25,0.75,0.25
P3a,429,0.83691406,3.9215989444158405e-15,6.062612854508588e-06,0.25,0.75,0.25
P3a,430,0.83886719,2.5961649133662224e-15,5.161252357240557e-06,0.25,0.75,0.25
P3a,431,0.84082031,1.7146123072285199e-15,4.389815613128504e-06,0.25,0.75,0.25
P3a,432,0.84277344,1.1297026784755183e-15,3.7302109252273284e-06,0.25,0.75,0.25
P3a,433,0.84472656,7.425521184953089e-16,3.166769306979708e-06,0.25,0.75,0.25
P3a,434,0.84667969,4.869162691952425e-16,2.6859343330545255e-06,0.25,0.75,0.25
P3a,435,0.84863281,3.1852695600276717e-16,2.2759896385662756e-06,0.25,0.75,0.25
P3a,436,0.85058594,2.0787518949013552e-16,1.9268197842356735e-06,0.25,0.75,0.25
P3a,437,0.85253906,1.353392253003392e-16,1.6297006530936835e-06,0.25,0.75,0.25
P3a,438,0.85449219,8.790412909601912e-17,1.3771159506639046e-06,0.25,0.75,0.25
P3a,439,0.85644531,5.695861574331907e-17,1.1625967483942294e-06,0.25,0.75,0.25
P3a,440,0.85839844,3.681918219963792e-17,9.805813425016106e-07,0.25,0.75,0.25
P3a,441,0.86035156,2.3743974172752665e-17,8.26293000231443e-07,0.25,0.75,0.25
P3a,442,0.86230469,1.5275563701449848e-17,6.956334355375184e-07,0.25,0.75,0.25
P3a,443,0.86425781,9.804052795798566e-18,5.850900989145056e-07,0.25,0.75,0.25
P3a,444,0.86621094,6.277382585546693e-18,4.91655583953393e-07,0.25,0.75,0.25
P3a,445,0.86816406,4.009739109187064e-18,4.127576483702011e-07,0.25,0.75,0.25
P3a,446,0.87011719,2.5551605637776066e-18,3.4619852185166156e-07,0.25,0.75,0.25
P3a,447,0.87207031,1.6243695387635204e-18,2.901023289889376e-07,0.25,0.75,0.25
P3a,448,0.87402344,1.0301869372710855e-18,2.4286959460632674e-07,0.25,0.75,0.25
P3a,449,0.87597656,6.517961667582963e-19,2.031379225718654e-07,0.25,0.75,0.25
P3a,450,0.87792969,4.1140742603952835e-19,1.6974804920388442e-07,0.25,0.75,0.25
P3a,451,0.87988281,2.5905800243540657e-19,1.4171457004019333e-07,0.25,0.75,0.25
P3a,452,0.88183594,1.62737057644681e-19,1.182007252749051e-07,0.25,0.75,0.25
P3a,453,0.88378906,1.0198597868543407e-19,9.84967057419531e-08,0.25,0.75,0.25
P3a,454,0.88574219,6.376157518825463e-20,8.200100898072141e-08,0.25,0.75,0.25
P3a,455,0.88769531,3.976877085938364e-20,6.82044346085538e-08,0.25,0.75,0.25
P3a,456,0.88964844,2.474513688229073e-20,5.667636080862405e-08,0.25,0.75,0.25
P3a,457,0.89160156,1.5360385451456768e-20,4.705298999871017e-08,0.25,0.75,0.25
P3a,458,0.89355469,9.512155223009019e-21,3.902729237976646e-08,0.25,0.75,0.25
P3a,459,0.89550781,5.876521164431973e-21,3.2340411705848376e-08,0.25,0.75,0.25
P3a,460,0.89746094,3.621814823043536e-21,2.6774328837833525e-08,0.25,0.75,0.25
P3a,461,0.89941406,2.2268796180980035e-21,2.2145605952873716e-08,0.25,0.75,0.25
P3a,462,0.90136719,1.3659405568953153e-21,1.830005813647144e-08,0.25,0.75,0.25
P3a,463,0.90332031,8.358559169228235e-22,1.5108219892825946e-08,0.25,0.75,0.25
P3a,464,0.90527344,5.102647921692476e-22,1.2461492235802492e-08,0.25,0.75,0.25
P3a,465,0.90722656,3.10759452037034e-22,1.0268871791808268e-08,0.25,0.75,0.25
P3a,466,0.90917969,1.8880680876949053e-22,8.45417704519171e-09,0.25,0.75,0.25
P3a,467,0.91113281,1.1443938570645866e-22,6.953698742200174e-09,0.25,0.75,0.25
P3a,468,0.91308594,6.91987015307641e-23,5.714211767489158e-09,0.25,0.75,0.25
P3a,469,0.91503906,4.1743122648504885e-23,4.691294717892814e-09,0.25,0.75,0.25
P3a,470,0.91699219,2.5120974565874502e-23,3.847911098379612e-09,0.25,0.75,0.25
P3a,471,0.91894531,1.5081779777287965e-23,3.1532127105705255e-09,0.25,0.75,0.25
P3a,472,0.92089844,9.033026148280529e-24,2.5815315319116556e-09,0.25,0.75,0.25
P3a,473,0.92285156,5.397324145015959e-24,2.111531313926086e-09,0.25,0.75,0.25
P3a,474,0.92480469,3.217275828226993e-24,1.725494366467871e-09,0.25,0.75,0.25
P3a,475,0.92675781,1.9132100445918403e-24,1.4087226339827078e-09,0.25,0.75,0.25
P3a,476,0.92871094,1.1350149183076081e-24,1.149035290236207e-09,0.25,0.75,0.25
P3a,477,0.93066406,6.717459373982283e-25,9.36347750324854e-10,0.25,0.75,0.25
P3a,478,0.93261719,3.9661861041130667e-25,7.623192844980674e-10,0.25,0.75,0.25
P3a,479,0.93457031,2.33617670946731e-25,6.200583708790142e-10,0.25,0.75,0.25
P3a,480,0.93652344,1.3727860347591916e-25,5.038765900516775e-10,0.25,0.75,0.25
P3a,481,0.93847656,8.04756654103096e-26,4.09083284004873e-10,0.25,0.75,0.25
P3a,482,0.94042969,4.706421956087119e-26,3.3181441002497156e-10,0.25,0.75,0.25
P3a,483,0.94238281,2.7458809733577907e-26,2.6889004702858614e-10,0.25,0.75,0.25
P3a,484,0.94433594,1.5982220400080392e-26,2.1769588363070016e-10,0.25,0.75,0.25
P3a,485,0.94628906,9.280194624306214e-27,1.7608475647187982e-10,0.25,0.75,0.25
P3a,486,0.94824219,5.375781575737906e-27,1.4229493337750422e-10,0.25,0.75,0.25
P3a,487,0.95019531,3.106638398985019e-27,1.148823654773625e-10,0.25,0.75,0.25
P3a,488,0.95214844,1.7910361788264006e-27,9.266457980679623e-11,0.25,0.75,0.25
P3a,489,0.95410156,1.0301075556066412e-27,7.467426143381908e-11,0.25,0.75,0.25
P3a,490,0.95605469,5.9105153270626425e-28,6.012089234008536e-11,0.25,0.75,0.25
P3a,491,0.95800781,3.383239046163402e-28,4.8359082134363924e-11,0.25,0.75,0.25
P3a,492,0.95996094,1.931988700987756e-28,3.886245088967739e-11,0.25,0.75,0.25
P3a,493,0.96191406,1.1006292269667573e-28,3.120211353334919e-11,0.25,0.75,0.25
P3a,494,0.96386719,6.255212407707236e-29,2.5028973875017154e-11,0.25,0.75,0.25
P3a,495,0.96582031,3.546562709268699e-29,2.0059169289152736e-11,0.25,0.75,0.25
P3a,496,0.96777344,2.0060316773734807e-29,1.606211831862719e-11,0.25,0.75,0.25
P3a,497,0.96972656,1.1319636807906518e-29,1.2850716465285895e-11,0.25,0.75,0.25
P3a,498,0.97167969,6.372234716693629e-30,1.0273303090196725e-11,0.25,0.75,0.25
P3a,499,0.97363281,3.578620227103252e-30,8.20708712178453e-12,0.25,0.75,0.25
P3a,500,0.97558594,2.0049524283414e-30,6.5527732457737145e-12,0.25,0.75,0.25
P3a,501,0.97753906,1.1206171555191874e-30,5.230175184572056e-12,0.25,0.75,0.25
P3a,502,0.97949219,6.248497608381459e-31,4.174640048571787e-12,0.25,0.75,0.25
P3a,503,0.98144531,3.4758457508354985e-31,3.3341388080652916e-12,0.25,0.75,0.25
P3a,504,0.98339844,1.9289309084067107e-31,2.6669037452506185e-12,0.25,0.75,0.25
P3a,505,0.98535156,1.0679728548506561e-31,2.139515187944166e-12,0.25,0.75,0.25
P3a,506,0.98730469,5.899912855788854e-32,1.7253576468045046e-12,0.25,0.75,0.25
P3a,507,0.98925781,3.2535485925229934e-32,1.4033803051316892e-12,0.25,0.75,0.25
P3a,508,0.99121094,1.7935713127758414e-32,1.1571091752588807e-12,0.25,0.75,0.25
P3a,509,0.99316406,9.931621305857932e-33,9.738685869083833e-13,0.25,0.75,0.25
P3a,510,0.99511719,5.611768745821896e-33,8.441783916359556e-13,0.25,0.75,0.25
P3a,511,0.99707031,3.393022879023523e-33,7.613006791644744e-13,0.25,0.75,0.25
P3a,512,0.99902344,2.457034913863316e-33,7.209161867259846e-13,0.25,0.75,0.25
P3b,1,0.00097656,2.457034913863316e-33,7.209161867259846e-13,0.25,0.75,0.25
P3b,2,0.00292969,3.393022879023523e-33,7.613006791644744e-13,0.25,0.75,0.25
P3b,3,0.00488281,5.611768745821896e-33,8.441783916359556e-13,0.25,0.75,0.25
P3b,4,0.00683594,9.931621305857932e-33,9.738685869083833e-13,0.25,0.75,0.25
P3b,5,0.00878906,1.7935713127758414e-32,1.1571091752588807e-12,0.25,0.75,0.25
P3b,6,0.01074219,3.2535485925229934e-32,1.4033803051316892e-12,0.25,0.75,0.25
P3b,7,0.01269531,5.899912855788854e-32,1.7253576468045046e-12,0.25,0.75,0.25
P3b,8,0.01464844,1.0679728548506561e-31,2.139515187944166e-12,0.25,0.75,0.25
P3b,9,0.01660156,1.9289309084067107e-31,2.6669037452506185e-12,0.25,0.75,0.25
P3b,10,0.01855469,3.4758457508354985e-31,3.3341388080652916e-12,0.25,0.75,0.25
P3b,11,0.02050781,6.248497608381459e-31,4.174640048571787e-12,0.25,0.75,0.25
P3b,12,0.02246094,1.1206171555191874e-30,5.230175184572056e-12,0.25,0.75,0.25
P3b,13,0.02441406,2.0049524283414e-30,6.5527732457737145e-12,0.25,0.75,0.25
P3b,14,0.02636719,3.578620227103252e-30,8.20708712178453e-12,0.25,0.75,0.25
P3b,15,0.02832031,6.372234716693629e-30,1.0273303090196725e-11,0.25,0.75,0.25
P3b,16,0.03027344,1.1319636807906518e-29,1.2850716465285895e-11,0.25,0.75,0.25
P3b,17,0.03222656,2.0060316773734807e-29,1.606211831862719e-11,0.25,0.75,0.25
P3b,18,0.03417969,3.546562709268699e-29,2.0059169289152736e-11,0.25,0.75,0.25
P3b,19,0.03613281,6.255212407707236e-29,2.5028973875017154e-11,0.25,0.75,0.25
P3b,20,0.03808594,1.1006292269667573e-28,3.120211353334919e-11,0.25,0.75,0.25
P3b,21,0.04003906,1.931988700987756e-28,3.886245088967739e-11,0.25,0.75,0.25
P3b,22,0.04199219,3.383239046163402e-28,4.8359082134363924e-11,0.25,0.75,0.25
P3b,23,0.04394531,5.9105153270626425e-28,6.012089234008536e-11,0.25,0.75,0.25
P3b,24,0.04589844,1.0301075556066412e-27,7.467426143381908e-11,0.25,0.75,0.25
P3b,25,0.04785156,1.7910361788264006e-27,9.266457980679623e-11,0.25,0.75,0.25
P3b,26,0.04980469,3.106638398985019e-27,1.148823654773625e-10,0.25,0.75,0.25
P3b,27,0.05175781,5.375781575737906e-27,1.4229493337750422e-10,0.25,0.75,0.25
P3b,28,0.05371094,9.280194624306214e-27,1.7608475647187982e-10,0.25,0.75,0.25
P3b,29,0.05566406,1.5982220400080392e-26,2.1769588363070016e-10,0.25,0.75,0.25
P3b,30,0.05761719,2.7458809733577907e-26,2.6889004702858614e-10,0.25,0.75,0.25
P3b,31,0.05957031,4.706421956087119e-26,3.3181441002497156e-10,0.25,0.75,0.25
P3b,32,0.06152344,8.04756654103096e-26,4.09083284004873e-10,0.25,0.75,0.25
P3b,33,0.06347656,1.3727860347591916e-25,5.038765900516775e-10,0.25,0.75,0.25
P3b,34,0.06542969,2.33617670946731e-25,6.200583708790142e-10,0.25,0.75,0.25
P3b,35,0.06738281,3.9661861041130667e-25,7.623192844980674e-10,0.25,0.75,0.25
P3b,36,0.06933594,6.717459373982283e-25,9.36347750324854e-10,0.25,0.75,0.25
P3b,37,0.07128906,1.1350149183076081e-24,1.149035290236207e-09,0.25,0.75,0.25
P3b,38,0.07324219,1.9132100445918403e-24,1.4087226339827078e-09,0.25,0.75,0.25
P3b,39,0.07519531,3.217275828226993e-24,1.725494366467871e-09,0.25,0.75,0.25
P3b,40,0.07714844,5.397324145015959e-24,2.111531313926086e-09,0.25,0.75,0.25
P3b,41,0.07910156,9.033026148280529e-24,2.5815315319116556e-09,0.25,0.75,0.25
P3b,42,0.08105469,1.5081779777287965e-23,3.1532127105705255e-09,0.25,0.75,0.25
P3b,43,0.08300781,2.5120974565874502e-23,3.847911098379612e-09,0.25,0.75,0.25
P3b,44,0.08496094,4.1743122648504885e-23,4.691294717892814e-09,0.25,0.75,0.25
P3b,45,0.08691406,6.91987015307641e-23,5.714211767489158e-09,0.25,0.75,0.25
P3b,46,0.08886719,1.1443938570645866e-22,6.953698742200174e-09,0.25,0.75,0.25
P3b,47,0.09082031,1.8880680876949053e-22,8.45417704519171e-09,0.25,0.75,0.25
P3b,48,0.09277344,3.10759452037034e-22,1.0268871791808268e-08,0.25,0.75,0.25
P3b,49,0.09472656,5.102647921692476e-22,1.2461492235802492e-08,0.25,0.75,0.25
P3b,50,0.09667969,8.358559169228235e-22,1.5108219892825946e-08,0.25,0.75,0.25
P3b,51,0.09863281,1.3659405568953153e-21,1.830005813647144e-08,0.25,0.75,0.25
P3b,52,0.10058594,2.2268796180980035e-21,2.2145605952873716e-08,0.25,0.75,0.25
P3b,53,0.10253906,3.621814823043536e-21,2.6774328837833525e-08,0.25,0.75,0.25
P3b,54,0.10449219,5.876521164431973e-21,3.2340411705848376e-08,0.25,0.75,0.25
P3b,55,0.10644531,9.512155223009019e-21,3.902729237976646e-08,0.25,0.75,0.25
P3b,56,0.10839844,1.5360385451456768e-20,4.705298999871017e-08,0.25,0.75,0.25
P3b,57,0.11035156,2.474513688229073e-20,5.667636080862405e-08,0.25,0.75,0.25
P3b,58,0.11230469,3.976877085938364e-20,6.82044346085538e-08,0.25,0.75,0.25
P3b,59,0.11425781,6.376157518825463e-20,8.200100898072141e-08,0.25,0.75,0.25
P3b,60,0.11621094,1.0198597868543407e-19,9.84967057419531e-08,0.25,0.75,0.25
P3b,61,0.11816406,1.62737057644681e-19,1.182007252749051e-07,0.25,0.75,0.25
P3b,62,0.12011719,2.5905800243540657e-19,1.4171457004019333e-07,0.25,0.75,0.25
P3b,63,0.12207031,4.1140742603952835e-19,1.6974804920388442e-07,0.25,0.75,0.25
P3b,64,0.12402344,6.517961667582963e-19,2.031379225718654e-07,0.25,0.75,0.25
P3b,65,0.12597656,1.0301869372710855e-18,2.4286959460632674e-07,0.25,0.75,0.25
P3b,66,0.12792969,1.6243695387635204e-18,2.901023289889376e-07,0.25,0.75,0.25
P3b,67,0.12988281,2.5551605637776066e-18,3.4619852185166156e-07,0.25,0.75,0.25
P3b,68,0.13183594,4.009739109187064e-18,4.127576483702011e-07,0.25,0.75,0.25
P3b,69,0.13378906,6.277382585546693e-18,4.91655583953393e-07,0.25,0.75,0.25
P3b,70,0.13574219,9.804052795798566e-18,5.850900989145056e-07,0.25,0.75,0.25
P3b,71,0.13769531,1.5275563701449848e-17,6.956334355375184e-07,0.25,0.75,0.25
P3b,72,0.13964844,2.3743974172752665e-17,8.26293000231443e-07,0.25,0.75,0.25
P3b,73,0.14160156,3.681918219963792e-17,9.805813425016106e-07,0.25,0.75,0.25
P3b,74,0.14355469,5.695861574331907e-17,1.1625967483942294e-06,0.25,0.75,0.25
P3b,75,0.14550781,8.790412909601912e-17,1.3771159506639046e-06,0.25,0.75,0.25
P3b,76,0.14746094,1.353392253003392e-16,1.6297006530936835e-06,0.25,0.75,0.25
P3b,77,0.14941406,2.0787518949013552e-16,1.9268197842356735e-06,0.25,0.75,0.25
P3b,78,0.15136719,3.1852695600276717e-16,2.2759896385662756e-06,0.25,0.75,0.25
P3b,79,0.15332031,4.869162691952425e-16,2.6859343330545255e-06,0.25,0.75,0.25
P3b,80,0.15527344,7.425521184953089e-16,3.166769306979708e-06,0.25,0.75,0.25
P3b,81,0.15722656,1.1297026784755183e-15,3.7302109252273284e-06,0.25,0.75,0.25
P3b,82,0.15917969,1.7146123072285199e-15,4.389815613128504e-06,0.25,0.75,0.25
P3b,83,0.16113281,2.5961649133662224e-15,5.161252357240557e-06,0.25,0.75,0.25
P3b,84,0.16308594,3.9215989444158405e-15,6.062612854508588e-06,0.25,0.75,0.25
P3b,85,0.16503906,5.909607525538605e-15,7.114764085367386e-06,0.25,0.75,0.25
P3b,86,0.16699219,8.884206865513723e-15,8.3417486280503e-06,0.25,0.75,0.25
P3b,87,0.16894531,1.332426455170493e-14,9.771238625307688e-06,0.25,0.75,0.25
P3b,88,0.17089844,1.9935741461410857e-14,1.1435049964657123e-05,0.25,0.75,0.25
P3b,89,0.17285156,2.9756791361048965e-14,1.3369723943033203e-05,0.25,0.75,0.25
P3b,90,0.17480469,4.431026714009523e-14,1.561718446018779e-05,0.25,0.75,0.25
P3b,91,0.17675781,6.582444378169105e-14,1.8225479626349476e-05,0.25,0.75,0.25
P3b,92,0.17871094,9.755164313041172e-14,2.124961758242118e-05,0.25,0.75,0.25
P3b,93,0.18066406,1.4422699038977065e-13,2.4752507319256045e-05,0.25,0.75,0.25
P3b,94,0.18261719,2.12727215081947e-13,2.88060163500901e-05,0.25,0.75,0.25
P3b,95,0.18457031,3.1301426441593345e-13,3.349215824063827e-05,0.25,0.75,0.25
P3b,96,0.18652344,4.594833357412826e-13,3.89044242380732e-05,0.25,0.75,0.25
P3b,97,0.18847656,6.728836295093046e-13,4.514927456618934e-05,0.25,0.75,0.25
P3b,98,0.19042969,9.830479934491185e-13,5.234780637220025e-05,0.25,0.75,0.25
P3b,99,0.19238281,1.4327619548466628e-12,6.063761682305047e-05,0.25,0.75,0.25
P3b,100,0.19433594,2.0832333617959087e-12,7.017488145746371e-05,0.25,0.75,0.25
P3b,101,0.19628906,3.021804504496938e-12,8.113666960513661e-05,0.25,0.75,0.25
P3b,102,0.19824219,4.3727975180215e-12,9.372352048663628e-05,0.25,0.75,0.25
P3b,103,0.20019531,6.3127259019780146e-12,0.00010816230550581464,0.25,0.75,0.25
P3b,104,0.20214844,9.091573599274249e-12,0.00012470940423900485,0.25,0.75,0.25
P3b,105,0.20410156,1.3062483240142133e-11,0.0001436542237086996,0.25,0.75,0.25
P3b,106,0.20605469,1.8723067150089338e-11,0.00016532309269927647,0.25,0.75,0.25
P3b,107,0.20800781,2.677273903868272e-11,0.00019008356512243327,0.25,0.75,0.25
P3b,108,0.20996094,3.819206809767399e-11,0.00021834916876245475,0.25,0.75,0.25
P3b,109,0.21191406,5.435232275846171e-11,0.0002505846381163601,0.25,0.75,0.25
P3b,110,0.21386719,7.716628670829947e-11,0.00028731167247946903,0.25,0.75,0.25
P3b,111,0.21582031,1.092953429667008e-10,0.00032911526289865927,0.25,0.75,0.25
P3b,112,0.21777344,1.5443305881451808e-10,0.00037665063410684133,0.25,0.75,0.25
P3b,113,0.21972656,2.1769249205503842e-10,0.0004306508500434649,0.25,0.75,0.25
P3b,114,0.22167969,3.061337347629812e-10,0.0004919351340349157,0.25,0.75,0.25
P3b,115,0.22363281,4.294805394035297e-10,0.000561417957130056,0.25,0.75,0.25
P3b,116,0.22558594,6.010911741128127e-10,0.0006401189504313539,0.25,0.75,0.25
P3b,117,0.22753906,8.392701438581602e-10,0.0007291736994990779,0.25,0.75,0.25
P3b,118,0.22949219,1.1690356565228843e-09,0.0008298454809994719,0.25,0.75,0.25
P3b,119,0.23144531,1.6244947151662565e-09,0.0009435380036785662,0.25,0.75,0.25
P3b,120,0.23339844,2.252026046798518e-09,0.0010718092174286458,0.25,0.75,0.25
P3b,121,0.23535156,3.114534004765558e-09,0.001216386255627777,0.25,0.75,0.25
P3b,122,0.23730469,4.2971182587492804e-09,0.001379181577024,0.25,0.75,0.25
P3b,123,0.23925781,5.9146097661076864e-09,0.0015623103741507164,0.25,0.75,0.25
P3b,124,0.24121094,8.12155982053839e-09,0.001768109315540856,0.25,0.75,0.25
P3b,125,0.24316406,1.1125444210234095e-08,0.0019991566887933047,0.25,0.75,0.25
P3b,126,0.24511719,1.520406908349939e-08,0.0022582940107712143,0.25,0.75,0.25
P3b,127,0.24707031,2.0728451967779248e-08,0.002548649169810583,0.25,0.75,0.25
P3b,128,0.24902344,2.819281659331187e-08,0.0028736611627185925,0.25,0.75,0.25
P3b,129,0.25097656,3.8253803606102346e-08,0.003237106486471326,0.25,0.75,0.25
P3b,130,0.25292969,5.1781585380123575e-08,0.003643127240805701,0.25,0.75,0.25
P3b,131,0.25488281,6.992631194865307e-08,0.004096260993263978,0.25,0.75,0.25
P3b,132,0.25683594,9.420424318691886e-08,0.004601472452614861,0.25,0.75,0.25
P3b,133,0.25878906,1.2660908430519005e-07,0.005164186989866192,0.25,0.75,0.25
P3b,134,0.26074219,1.6975549132427336e-07,0.005790326038224772,0.25,0.75,0.25
P3b,135,0.26269531,2.270635154072224e-07,0.006486344394275312,0.25,0.75,0.25
P3b,136,0.26464844,3.029949875437468e-07,0.007259269432271691,0.25,0.75,0.25
P3b,137,0.26660156,4.033556010181023e-07,0.008116742231692882,0.25,0.75,0.25
P3b,138,0.26855469,5.356798386555134e-07,0.009067060605051256,0.25,0.75,0.25
P3b,139,0.27050781,7.097200453864707e-07,0.010119223998297363,0.25,0.75,0.25
P3b,140,0.27246094,9.380660174009194e-07,0.01128298021999541,0.25,0.75,0.25
P3b,141,0.27441406,1.2369276461753626e-06,0.012568873937709727,0.25,0.75,0.25
P3b,142,0.27636719,1.6271206270944474e-06,0.013988296860717356,0.25,0.75,0.25
P3b,143,0.27832031,2.1353042587331605e-06,0.015553539507231758,0.25,0.75,0.25
P3b,144,0.28027344,2.7955311961998526e-06,0.017277844431785223,0.25,0.75,0.25
P3b,145,0.28222656,3.6511819951198207e-06,0.01917546076429132,0.25,0.75,0.25
P3b,146,0.28417969,4.75737274840285e-06,0.02126169988662242,0.25,0.75,0.25
P3b,147,0.28613281,6.183942476576682e-06,0.023552992045346326,0.25,0.75,0.25
P3b,148,0.28808594,8.019148630824485e-06,0.02606694367063928,0.25,0.75,0.25
P3b,149,0.29003906,1.0374224599390558e-05,0.02882239514142687,0.25,0.75,0.25
P3b,150,0.29199219,1.3388983012570728e-05,0.03183947870561493,0.25,0.75,0.25
P3b,151,0.29394531,1.723868350329749e-05,0.03513967623200432,0.25,0.75,0.25
P3b,152,0.29589844,2.2142424023832474e-05,0.03874587643730121,0.25,0.75,0.25
P3b,153,0.29785156,2.8373361502364648e-05,0.042682431197738416,0.25,0.75,0.25
P3b,154,0.29980469,3.627112122835951e-05,0.04697521052042998,0.25,0.75,0.25
P3b,155,0.30175781,4.6256815574870414e-05,0.05165165571494688,0.25,0.75,0.25
P3b,156,0.30371094,5.8851162185320366e-05,0.056740830271002726,0.25,0.75,0.25
P3b,157,0.30566406,7.469627022783129e-05,0.06227346791388257,0.25,0.75,0.25
P3b,158,0.30761719,9.458175135136968e-05,0.06828201727567129,0.25,0.75,0.25
P3b,159,0.30957031,0.00011947591007350636,0.07480068258780256,0.25,0.75,0.25
P3b,160,0.31152344,0.0001505628768674557,0.08186545976934316,0.25,0.75,0.25
P3b,161,0.31347656,0.00018928666639670276,0.08951416725616586,0.25,0.75,0.25
P3b,162,0.31542969,0.0002374032731379326,0.09778647088917382,0.25,0.75,0.25
P3b,163,0.31738281,0.00029704205671380425,0.10672390215549019,0.25,0.75,0.25
P3b,164,0.31933594,0.0003707778189429849,0.1163698690554707,0.25,0.75,0.25
P3b,165,0.32128906,0.0004617151327884866,0.12676965885103822,0.25,0.75,0.25
P3b,166,0.32324219,0.0005735866484163001,0.1379704319376549,0.25,0.75,0.25
P3b,167,0.32519531,0.0007108672712379661,0.15002120607375205,0.25,0.75,0.25
P3b,168,0.32714844,0.000878906278195087,0.16297283019811865,0.25,0.75,0.25
P3b,169,0.32910156,0.0010840796079768546,0.17687794706810947,0.25,0.75,0.25
P3b,170,0.33105469,0.001333964723822125,0.1917909439600503,0.25,0.75,0.25
P3b,171,0.33300781,0.0016375405986025922,0.20776789068836254,0.25,0.75,0.25
P3b,172,0.33496094,0.002005415504586071,0.22486646422213824,0.25,0.75,0.25
P3b,173,0.33691406,0.0024500853971807426,0.24314585920759174,0.25,0.75,0.25
P3b,174,0.33886719,0.0029862257545487333,0.2626666837423592,0.25,0.75,0.25
P3b,175,0.34082031,0.00363101976368373,0.2834908397933573,0.25,0.75,0.25
P3b,176,0.34277344,0.004404525717789597,0.3056813877041111,0.25,0.75,0.25
P3b,177,0.34472656,0.0053300863980529755,0.3293023943003513,0.25,0.75,0.25
P3b,178,0.34667969,0.006434783042835534,0.35441876417441737,0.25,0.75,0.25
P3b,179,0.34863281,0.007749936245945964,0.3810960538096489,0.25,0.75,0.25
P3b,180,0.35058594,0.009311655759611227,0.409400268295537,0.25,0.75,0.25
P3b,181,0.35253906,0.011161440693571605,0.4393976404828213,0.25,0.75,0.25
P3b,182,0.35449219,0.013346830986159422,0.4711543925348073,0.25,0.75,0.25
P3b,183,0.35644531,0.015922110263769645,0.5047364799466562,0.25,0.75,0.25
P3b,184,0.35839844,0.018949059290476265,0.5402093182278986,0.25,0.75,0.25
P3b,185,0.36035156,0.022497758130144086,0.5776374925744521,0.25,0.75,0.25
P3b,186,0.36230469,0.026647433892079443,0.6170844509944199,0.25,0.75,0.25
P3b,187,0.36425781,0.031487349503974395,0.6586121814961833,0.25,0.75,0.25
P3b,188,0.36621094,0.03711772735232914,0.7022808740970051,0.25,0.75,0.25
P3b,189,0.36816406,0.04365069985490319,0.7481485685645762,0.25,0.75,0.25
P3b,190,0.37011719,0.051211277091507364,0.7962707889617027,0.25,0.75,0.25
P3b,191,0.37207031,0.05993831953401407,0.8467001662244434,0.25,0.75,0.25
P3b,192,0.37402344,0.06998550170583477,0.8994860501653258,0.25,0.75,0.25
P3b,193,0.37597656,0.08152225029444984,0.9546741124543987,0.25,0.75,0.25
P3b,194,0.37792969,0.09473463787463382,1.0123059422904932,0.25,0.75,0.25
P3b,195,0.37988281,0.10982621101942942,1.072418636631624,0.25,0.75,0.25
P3b,196,0.38183594,0.1270187292332889,1.135044387005472,0.25,0.75,0.25
P3b,197,0.38378906,0.14655278889754414,1.2002100650667364,0.25,0.75,0.25
P3b,198,0.38574219,0.1686883043403255,1.2679368092061973,0.25,0.75,0.25
P3b,199,0.38769531,0.19370481630578107,1.3382396146449504,0.25,0.75,0.25
P3b,200,0.38964844,0.2219015965811926,1.4111269295647748,0.25,0.75,0.25
P3b,201,0.39160156,0.2535975164299256,1.4866002599303476,0.25,0.75,0.25
P3b,202,0.39355469,0.28913064586028797,1.5646537857493856,0.25,0.75,0.25
P3b,203,0.39550781,0.32885755072309664,1.6452739915911734,0.25,0.75,0.25
P3b,204,0.39746094,0.37315225526006185,1.7284393142408745,0.25,0.75,0.25
P3b,205,0.39941406,0.4224048391025293,1.814119810405005,0.25,0.75,0.25
P3b,206,0.40136719,0.4770196399198407,1.9022768474012064,0.25,0.75,0.25
P3b,207,0.40332031,0.5374130360022464,1.9928628197617855,0.25,0.75,0.25
P3b,208,0.40527344,0.6040107870848936,2.085820894654274,0.25,0.75,0.25
P3b,209,0.40722656,0.6772449167099038,2.181084788972661,0.25,0.75,0.25
P3b,210,0.40917969,0.7575501253957868,2.2785785808792323,0.25,0.75,0.25
P3b,211,0.41113281,0.84535973082714,2.3782165584785147,0.25,0.75,0.25
P3b,212,0.41308594,0.9411011391566687,2.4799031081814866,0.25,0.75,0.25
P3b,213,0.41503906,1.0451908602619604,2.583532645169726,0.25,0.75,0.25
P3b,214,0.41699219,1.1580290893273733,2.688989588195777,0.25,0.75,0.25
P3b,215,0.41894531,1.279993887302496,2.796148380758069,0.25,0.75,0.25
P3b,216,0.42089844,1.4114350034677228,2.904873560466802,0.25,0.75,0.25
P3b,217,0.42285156,1.5526673943293867,3.015019878172294,0.25,0.75,0.25
P3b,218,0.42480469,1.7039645041581832,3.126432468160421,0.25,0.75,0.25
P3b,219,0.42675781,1.865551383436322,3.2389470704324106,0.25,0.75,0.25
P3b,220,0.42871094,2.0375977320304806,3.3523903057800117,0.25,0.75,0.25
P3b,221,0.43066406,2.2202109637818497,3.4665800040438186,0.25,0.75,0.25
P3b,222,0.43261719,2.413429398113344,3.5813255856044277,0.25,0.75,0.25
P3b,223,0.43457031,2.617215691905245,3.6964284958054647,0.25,0.75,0.25
P3b,224,0.43652344,2.831450630995762,3.81168269164686,0.25,0.75,0.25
P3b,225,0.43847656,3.055927404945471,3.926875179718876,0.25,0.75,0.25
P3b,226,0.44042969,3.290346490908249,4.041786603975027,0.25,0.75,0.25
P3b,227,0.44238281,3.53431127234906,4.1561918815684065,0.25,0.75,0.25
P3b,228,0.44433594,3.787324515751703,4.269860884603975,0.25,0.75,0.25
P3b,229,0.44628906,4.048785823224553,4.382559165292454,0.25,0.75,0.25
P3b,230,0.44824219,4.317990170950166,4.494048721632708,0.25,0.75,0.25
P3b,231,0.45019531,4.594127632706654,4.604088800402325,0.25,0.75,0.25
P3b,232,0.45214844,4.876284374251919,4.71243673390366,0.25,0.75,0.25
P3b,233,0.45410156,5.1634449883125,4.8188488065981465,0.25,0.75,0.25
P3b,234,0.45605469,5.454496221434744,4.923081147468383,0.25,0.75,0.25
P3b,235,0.45800781,5.748232123286844,5.0248906436782566,0.25,0.75,0.25
P3b,236,0.45996094,6.043360626464485,5.124035870859189,0.25,0.75,0.25
P3b,237,0.46191406,6.338511540834622,5.220278035137981,0.25,0.75,0.25
P3b,238,0.46386719,6.632245921394076,5.313381921841301,0.25,0.75,0.25
P3b,239,0.46582031,6.923066743015015,5.40311684566569,0.25,0.75,0.25
P3b,240,0.46777344,7.2094307898312495,5.489257596992053,0.25,0.75,0.25
P3b,241,0.46972656,7.489761641947748,5.5715853789515215,0.25,0.75,0.25
P3b,242,0.47167969,7.762463618205754,5.649888729816707,0.25,0.75,0.25
P3b,243,0.47363281,8.025936511481067,5.723964425299587,0.25,0.75,0.25
P3b,244,0.47558594,8.278590932991351,5.793618355385157,0.25,0.75,0.25
P3b,245,0.47753906,8.518864064866106,5.858666370418929,0.25,0.75,0.25
P3b,246,0.47949219,8.745235606269688,5.918935091295964,0.25,0.75,0.25
P3b,247,0.48144531,8.95624368808148,5.97426267876909,0.25,0.75,0.25
P3b,248,0.48339844,9.150500524871676,6.024499557103149,0.25,0.75,0.25
P3b,249,0.48535156,9.326707570923439,6.069509087549431,0.25,0.75,0.25
P3b,250,0.48730469,9.483669949504193,6.1091681873980646,0.25,0.75,0.25
P3b,251,0.48925781,9.62030993153972,6.143367890684074,0.25,0.75,0.25
P3b,252,0.49121094,9.735679251247388,6.172013846972776,0.25,0.75,0.25
P3b,253,0.49316406,9.828970061983593,6.195026755029363,0.25,0.75,0.25
P3b,254,0.49511719,9.899524355294515,6.212342728583047,0.25,0.75,0.25
P3b,255,0.49707031,9.946841689566032,6.223913591824702,0.25,0.75,0.25
P3b,256,0.49902344,9.970585101293073,6.229707102725132,0.25,0.75,0.25
P3b,257,0.50097656,9.970585101293073,6.229707102725132,0.25,0.75,0.25
P3b,258,0.50292969,9.946841689566032,6.223913591824702,0.25,0.75,0.25
P3b,259,0.50488281,9.899524355294515,6.212342728583047,0.25,0.75,0.25
P3b,260,0.50683594,9.828970061983593,6.195026755029363,0.25,0.75,0.25
P3b,261,0.50878906,9.735679251247388,6.172013846972776,0.25,0.75,0.25
P3b,262,0.51074219,9.62030993153972,6.143367890684074,0.25,0.75,0.25
P3b,263,0.51269531,9.483669949504193,6.1091681873980646,0.25,0.75,0.25
P3b,264,0.51464844,9.326707570923439,6.069509087549431,0.25,0.75,0.25
P3b,265,0.51660156,9.150500524871676,6.024499557103149,0.25,0.75,0.25
P3b,266,0.51855469,8.95624368808148,5.97426267876909,0.25,0.75,0.25
P3b,267,0.52050781,8.745235606269688,5.918935091295964,0.25,0.75,0.25
P3b,268,0.52246094,8.518864064866106,5.858666370418929,0.25,0.75,0.25
P3b,269,0.52441406,8.278590932991351,5.793618355385157,0.25,0.75,0.25
P3b,270,0.52636719,8.025936511481067,5.723964425299587,0.25,0.75,0.25
P3b,271,0.52832031,7.762463618205754,5.649888729816707,0.25,0.75,0.25
P3b,272,0.53027344,7.489761641947748,5.5715853789515215,0.25,0.75,0.25
P3b,273,0.53222656,7.2094307898312495,5.489257596992053,0.25,0.75,0.25
P3b,274,0.53417969,6.923066743015015,5.40311684566569,0.25,0.75,0.25
P3b,275,0.53613281,6.632245921394076,5.313381921841301,0.25,0.75,0.25
P3b,276,0.53808594,6.338511540834622,5.220278035137981,0.25,0.75,0.25
P3b,277,0.54003906,6.043360626464485,5.124035870859189,0.25,0.75,0.25
P3b,278,0.54199219,5.748232123286844,5.0248906436782566,0.25,0.75,0.25
P3b,279,0.54394531,5.454496221434744,4.923081147468383,0.25,0.75,0.25
P3b,280,0.54589844,5.1634449883125,4.8188488065981465,0.25,0.75,0.25
P3b,281,0.54785156,4.876284374251919,4.71243673390366,0.25,0.75,0.25
P3b,282,0.54980469,4.594127632706654,4.604088800402325,0.25,0.75,0.25
P3b,283,0.55175781,4.317990170950166,4.494048721632708,0.25,0.75,0.25
P3b,284,0.55371094,4.048785823224553,4.382559165292454,0.25,0.75,0.25
P3b,285,0.55566406,3.787324515751703,4.269860884603975,0.25,0.75,0.25
P3b,286,0.55761719,3.53431127234906,4.1561918815684065,0.25,0.75,0.25
P3b,287,0.55957031,3.290346490908249,4.041786603975027,0.25,0.75,0.25
P3b,288,0.56152344,3.055927404945471,3.926875179718876,0.25,0.75,0.25
P3b,289,0.56347656,2.831450630995762,3.81168269164686,0.25,0.75,0.25
P3b,290,0.56542969,2.617215691905245,3.6964284958054647,0.25,0.75,0.25
P3b,291,0.56738281,2.413429398113344,3.5813255856044277,0.25,0.75,0.25
P3b,292,0.56933594,2.2202109637818497,3.4665800040438186,0.25,0.75,0.25
P3b,293,0.57128906,2.0375977320304806,3.3523903057800117,0.25,0.75,0.25
P3b,294,0.57324219,1.865551383436322,3.2389470704324106,0.25,0.75,0.25
P3b,295,0.57519531,1.7039645041581832,3.126432468160421,0.25,0.75,0.25
P3b,296,0.57714844,1.5526673943293867,3.015019878172294,0.25,0.75,0.25
P3b,297,0.57910156,1.4114350034677228,2.904873560466802,0.25,0.75,0.25
P3b,298,0.58105469,1.279993887302496,2.796148380758069,0.25,0.75,0.25
P3b,299,0.58300781,1.1580290893273733,2.688989588195777,0.25,0.75,0.25
P3b,300,0.58496094,1.0451908602619604,2.583532645169726,0.25,0.75,0.25
P3b,301,0.58691406,0.9411011391566687,2.4799031081814866,0.25,0.75,0.25
P3b,302,0.58886719,0.84535973082714,2.3782165584785147,0.25,0.75,0.25
P3b,303,0.59082031,0.7575501253957868,2.2785785808792323,0.25,0.75,0.25
P3b,304,0.59277344,0.6772449167099038,2.181084788972661,0.25,0.75,0.25
P3b,305,0.59472656,0.6040107870848936,2.085820894654274,0.25,0.75,0.25
P3b,306,0.59667969,0.5374130360022464,1.9928628197617855,0.25,0.75,0.25
P3b,307,0.59863281,0.4770196399198407,1.9022768474012064,0.25,0.75,0.25
P3b,308,0.60058594,0.4224048391025293,1.814119810405005,0.25,0.75,0.25
P3b,309,0.60253906,0.37315225526006185,1.7284393142408745,0.25,0.75,0.25
P3b,310,0.60449219,0.32885755072309664,1.6452739915911734,0.25,0.75,0.25
P3b,311,0.60644531,0.28913064586028797,1.5646537857493856,0.25,0.75,0.25
P3b,312,0.60839844,0.2535975164299256,1.4866002599303476,0.25,0.75,0.25
P3b,313,0.61035156,0.2219015965811926,1.4111269295647748,0.25,0.75,0.25
P3b,314,0.61230469,0.19370481630578107,1.3382396146449504,0.25,0.75,0.25
P3b,315,0.61425781,0.1686883043403255,1.2679368092061973,0.25,0.75,0.25
P3b,316,0.61621094,0.14655278889754414,1.2002100650667364,0.25,0.75,0.25
P3b,317,0.61816406,0.1270187292332889,1.135044387005472,0.25,0.75,0.25
P3b,318,0.62011719,0.10982621101942942,1.072418636631624,0.25,0.75,0.25
P3b,319,0.62207031,0.09473463787463382,1.0123059422904932,0.25,0.75,0.25
P3b,320,0.62402344,0.08152225029444984,0.9546741124543987,0.25,0.75,0.25
P3b,321,0.62597656,0.06998550170583477,0.8994860501653258,0.25,0.75,0.25
P3b,322,0.62792969,0.05993831953401407,0.8467001662244434,0.25,0.75,0.25
P3b,323,0.62988281,0.051211277091507364,0.7962707889617027,0.25,0.75,0.25
P3b,324,0.63183594,0.04365069985490319,0.7481485685645762,0.25,0.75,0.25
P3b,325,0.63378906,0.03711772735232914,0.7022808740970051,0.25,0.75,0.25
P3b,326,0.63574219,0.031487349503974395,0.6586121814961833,0.25,0.75,0.25
P3b,327,0.63769531,0.026647433892079443,0.6170844509944199,0.25,0.75,0.25
P3b,328,0.63964844,0.022497758130144086,0.5776374925744521,0.25,0.75,0.25
P3b,329,0.64160156,0.018949059290476265,0.5402093182278986,0.25,0.75,0.25
P3b,330,0.64355469,0.015922110263769645,0.5047364799466562,0.25,0.75,0.25
P3b,331,0.64550781,0.013346830986159422,0.4711543925348073,0.25,0.75,0.25
P3b,332,0.64746094,0.011161440693571605,0.4393976404828213,0.25,0.75,0.25
P3b,333,0.64941406,0.009311655759611227,0.409400268295537,0.25,0.75,0.25
P3b,334,0.65136719,0.007749936245945964,0.3810960538096489,0.25,0.75,0.25
P3b,335,0.65332031,0.006434783042835534,0.35441876417441737,0.25,0.75,0.25
P3b,336,0.65527344,0.0053300863980529755,0.3293023943003513,0.25,0.75,0.25
P3b,337,0.65722656,0.004404525717789597,0.3056813877041111,0.25,0.75,0.25
P3b,338,0.65917969,0.00363101976368373,0.2834908397933573,0.25,0.75,0.25
P3b,339,0.66113281,0.0029862257545487333,0.2626666837423592,0.25,0.75,0.25
P3b,340,0.66308594,0.0024500853971807426,0.24314585920759174,0.25,0.75,0.25
P3b,341,0.66503906,0.002005415504586071,0.22486646422213824,0.25,0.75,0.25
P3b,342,0.66699219,0.0016375405986025922,0.20776789068836254,0.25,0.75,0.25
P3b,343,0.66894531,0.001333964723822125,0.1917909439600503,0.25,0.75,0.25
P3b,344,0.67089844,0.0010840796079768546,0.17687794706810947,0.25,0.75,0.25
P3b,345,0.67285156,0.000878906278195087,0.16297283019811865,0.25,0.75,0.25
P3b,346,0.67480469,0.0007108672712379661,0.15002120607375205,0.25,0.75,0.25
P3b,347,0.67675781,0.0005735866484163001,0.1379704319376549,0.25,0.75,0.25
P3b,348,0.67871094,0.0004617151327884866,0.12676965885103822,0.25,0.75,0.25
P3b,349,0.68066406,0.0003707778189429849,0.1163698690554707,0.25,0.75,0.25
P3b,350,0.68261719,0.00029704205671380425,0.10672390215549019,0.25,0.75,0.25
P3b,351,0.68457031,0.0002374032731379326,0.09778647088917382,0.25,0.75,0.25
P3b,352,0.68652344,0.00018928666639670276,0.08951416725616586,0.25,0.75,0.25
P3b,353,0.68847656,0.0001505628768674557,0.08186545976934316,0.25,0.75,0.25
P3b,354,0.69042969,0.00011947591007350636,0.07480068258780256,0.25,0.75,0.25
P3b,355,0.69238281,9.458175135136968e-05,0.06828201727567129,0.25,0.75,0.25
P3b,356,0.69433594,7.469627022783129e-05,0.06227346791388257,0.25,0.75,0.25
P3b,357,0.69628906,5.8851162185320366e-05,0.056740830271002726,0.25,0.75,0.25
P3b,358,0.69824219,4.6256815574870414e-05,0.05165165571494688,0.25,0.75,0.25
P3b,359,0.70019531,3.627112122835951e-05,0.04697521052042998,0.25,0.75,0.25
P3b,360,0.70214844,2.8373361502364648e-05,0.042682431197738416,0.25,0.75,0.25
P3b,361,0.70410156,2.2142424023832474e-05,0.03874587643730121,0.25,0.75,0.25
P3b,362,0.70605469,1.723868350329749e-05,0.03513967623200432,0.25,0.75,0.25
P3b,363,0.70800781,1.3388983012570728e-05,0.03183947870561493,0.25,0.75,0.25
P3b,364,0.70996094,1.0374224599390558e-05,0.02882239514142687,0.25,0.75,0.25
P3b,365,0.71191406,8.019148630824485e-06,0.02606694367063928,0.25,0.75,0.25
P3b,366,0.71386719,6.183942476576682e-06,0.023552992045346326,0.25,0.75,0.25
P3b,367,0.71582031,4.75737274840285e-06,0.02126169988662242,0.25,0.75,0.25
P3b,368,0.71777344,3.6511819951198207e-06,0.01917546076429132,0.25,0.75,0.25
P3b,369,0.71972656,2.7955311961998526e-06,0.017277844431785223,0.25,0.75,0.25
P3b,370,0.72167969,2.1353042587331605e-06,0.015553539507231758,0.25,0.75,0.25
P3b,371,0.72363281,1.6271206270944474e-06,0.013988296860717356,0.25,0.75,0.25
P3b,372,0.72558594,1.2369276461753626e-06,0.012568873937709727,0.25,0.75,0.25
P3b,373,0.72753906,9.380660174009194e-07,0.01128298021999541,0.25,0.75,0.25
P3b,374,0.72949219,7.097200453864707e-07,0.010119223998297363,0.25,0.75,0.25
P3b,375,0.73144531,5.356798386555134e-07,0.009067060605051256,0.25,0.75,0.25
P3b,376,0.73339844,4.033556010181023e-07,0.008116742231692882,0.25,0.75,0.25
P3b,377,0.73535156,3.029949875437468e-07,0.007259269432271691,0.25,0.75,0.25
P3b,378,0.73730469,2.270635154072224e-07,0.006486344394275312,0.25,0.75,0.25
P3b,379,0.73925781,1.6975549132427336e-07,0.005790326038224772,0.25,0.75,0.25
P3b,380,0.74121094,1.2660908430519005e-07,0.005164186989866192,0.25,0.75,0.25
P3b,381,0.74316406,9.420424318691886e-08,0.004601472452614861,0.25,0.75,0.25
P3b,382,0.74511719,6.992631194865307e-08,0.004096260993263978,0.25,0.75,0.25
P3b,383,0.74707031,5.1781585380123575e-08,0.003643127240805701,0.25,0.75,0.25
P3b,384,0.74902344,3.8253803606102346e-08,0.003237106486471326,0.25,0.75,0.25
P3b,385,0.75097656,2.819281659331187e-08,0.0028736611627185925,0.25,0.75,0.25
P3b,386,0.75292969,2.0728451967779248e-08,0.002548649169810583,0.25,0.75,0.25
P3b,387,0.75488281,1.520406908349939e-08,0.0022582940107712143,0.25,0.75,0.25
P3b,388,0.75683594,1.1125444210234095e-08,0.0019991566887933047,0.25,0.75,0.25
P3b,389,0.75878906,8.12155982053839e-09,0.001768109315540856,0.25,0.75,0.25
P3b,390,0.76074219,5.9146097661076864e-09,0.0015623103741507164,0.25,0.75,0.25
P3b,391,0.76269531,4.2971182587492804e-09,0.001379181577024,0.25,0.75,0.25
P3b,392,0.76464844,3.114534004765558e-09,0.001216386255627777,0.25,0.75,0.25
P3b,393,0.76660156,2.252026046798518e-09,0.0010718092174286458,0.25,0.75,0.25
P3b,394,0.76855469,1.6244947151662565e-09,0.0009435380036785662,0.25,0.75,0.25
P3b,395,0.77050781,1.1690356565228843e-09,0.0008298454809994719,0.25,0.75,0.25
P3b,396,0.77246094,8.392701438581602e-10,0.0007291736994990779,0.25,0.75,0.25
P3b,397,0.77441406,6.010911741128127e-10,0.0006401189504313539,0.25,0.75,0.25
P3b,398,0.77636719,4.294805394035297e-10,0.000561417957130056,0.25,0.75,0.25
P3b,399,0.77832031,3.061337347629812e-10,0.0004919351340349157,0.25,0.75,0.25
P3b,400,0.78027344,2.1769249205503842e-10,0.0004306508500434649,0.25,0.75,0.25
P3b,401,0.78222656,1.5443305881451808e-10,0.00037665063410684133,0.25,0.75,0.25
P3b,402,0.78417969,1.092953429667008e-10,0.00032911526289865927,0.25,0.75,0.25
P3b,403,0.78613281,7.716628670829947e-11,0.00028731167247946903,0.25,0.75,0.25
P3b,404,0.78808594,5.435232275846171e-11,0.0002505846381163601,0.25,0.75,0.25
P3b,405,0.79003906,3.819206809767399e-11,0.00021834916876245475,0.25,0.75,0.25
P3b,406,0.79199219,2.677273903868272e-11,0.00019008356512243327,0.25,0.75,0.25
P3b,407,0.79394531,1.8723067150089338e-11,0.00016532309269927647,0.25,0.75,0.25
P3b,408,0.79589844,1.3062483240142133e-11,0.0001436542237086996,0.25,0.75,0.25
P3b,409,0.79785156,9.091573599274249e-12,0.00012470940423900485,0.25,0.75,0.25
P3b,410,0.79980469,6.3127259019780146e-12,0.00010816230550581464,0.25,0.75,0.25
P3b,411,0.80175781,4.3727975180215e-12,9.372352048663628e-05,0.25,0.75,0.25
P3b,412,0.80371094,3.021804504496938e-12,8.113666960513661e-05,0.25,0.75,0.25
P3b,413,0.80566406,2.0832333617959087e-12,7.017488145746371e-05,0.25,0.75,0.25
P3b,414,0.80761719,1.4327619548466628e-12,6.063761682305047e-05,0.25,0.75,0.25
P3b,415,0.80957031,9.830479934491185e-13,5.234780637220025e-05,0.25,0.75,0.25
P3b,416,0.81152344,6.728836295093046e-13,4.514927456618934e-05,0.25,0.75,0.25
P3b,417,0.81347656,4.594833357412826e-13,3.89044242380732e-05,0.25,0.75,0.25
P3b,418,0.81542969,3.1301426441593345e-13,3.349215824063827e-05,0.25,0.75,0.25
P3b,419,0.81738281,2.12727215081947e-13,2.88060163500901e-05,0.25,0.75,0.25
P3b,420,0.81933594,1.4422699038977065e-13,2.4752507319256045e-05,0.25,0.75,0.25
P3b,421,0.82128906,9.755164313041172e-14,2.124961758242118e-05,0.25,0.75,0.25
P3b,422,0.82324219,6.582444378169105e-14,1.8225479626349476e-05,0.25,0.75,0.25
P3b,423,0.82519531,4.431026714009523e-14,1.561718446018779e-05,0.25,0.75,0.25
P3b,424,0.82714844,2.9756791361048965e-14,1.3369723943033203e-05,0.25,0.75,0.25
P3b,425,0.82910156,1.9935741461410857e-14,1.1435049964657123e-05,0.25,0.75,0.25
P3b,426,0.83105469,1.332426455170493e-14,9.771238625307688e-06,0.25,0.75,0.25
P3b,427,0.83300781,8.884206865513723e-15,8.3417486280503e-06,0.25,0.75,0.25
P3b,428,0.83496094,5.909607525538605e-15,7.114764085367386e-06,0.25,0.75,0.25
P3b,429,0.83691406,3.9215989444158405e-15,6.062612854508588e-06,0.25,0.75,0.25
P3b,430,0.83886719,2.5961649133662224e-15,5.161252357240557e-06,0.25,0.75,0.25
P3b,431,0.84082031,1.7146123072285199e-15,4.389815613128504e-06,0.25,0.75,0.25
P3b,432,0.84277344,1.1297026784755183e-15,3.7302109252273284e-06,0.25,0.75,0.25
P3b,433,0.84472656,7.425521184953089e-16,3.166769306979708e-06,0.25,0.75,0.25
P3b,434,0.84667969,4.869162691952425e-16,2.6859343330545255e-06,0.25,0.75,0.25
P3b,435,0.84863281,3.1852695600276717e-16,2.2759896385662756e-06,0.25,0.75,0.25
P3b,436,0.85058594,2.0787518949013552e-16,1.9268197842356735e-06,0.25,0.75,0.25
P3b,437,0.85253906,1.353392253003392e-16,1.6297006530936835e-06,0.25,0.75,0.25
P3b,438,0.85449219,8.790412909601912e-17,1.3771159506639046e-06,0.25,0.75,0.25
P3b,439,0.85644531,5.695861574331907e-17,1.1625967483942294e-06,0.25,0.75,0.25
P3b,440,0.85839844,3.681918219963792e-17,9.805813425016106e-07,0.25,0.75,0.25
P3b,441,0.86035156,2.3743974172752665e-17,8.26293000231443e-07,0.25,0.75,0.25
P3b,442,0.86230469,1.5275563701449848e-17,6.956334355375184e-07,0.25,0.75,0.25
P3b,443,0.86425781,9.804052795798566e-18,5.850900989145056e-07,0.25,0.75,0.25
P3b,444,0.86621094,6.277382585546693e-18,4.91655583953393e-07,0.25,0.75,0.25
P3b,445,0.86816406,4.009739109187064e-18,4.127576483702011e-07,0.25,0.75,0.25
P3b,446,0.87011719,2.5551605637776066e-18,3.4619852185166156e-07,0.25,0.75,0.25
P3b,447,0.87207031,1.6243695387635204e-18,2.901023289889376e-07,0.25,0.75,0.25
P3b,448,0.87402344,1.0301869372710855e-18,2.4286959460632674e-07,0.25,0.75,0.25
P3b,449,0.87597656,6.517961667582963e-19,2.031379225718654e-07,0.25,0.75,0.25
P3b,450,0.87792969,4.1140742603952835e-19,1.6974804920388442e-07,0.25,0.75,0.25
P3b,451,0.87988281,2.5905800243540657e-19,1.4171457004019333e-07,0.25,0.75,0.25
P3b,452,0.88183594,1.62737057644681e-19,1.182007252749051e-07,0.25,0.75,0.25
P3b,453,0.88378906,1.0198597868543407e-19,9.84967057419531e-08,0.25,0.75,0.25
P3b,454,0.88574219,6.376157518825463e-20,8.200100898072141e-08,0.25,0.75,0.25
P3b,455,0.88769531,3.976877085938364e-20,6.82044346085538e-08,0.25,0.75,0.25
P3b,456,0.88964844,2.474513688229073e-20,5.667636080862405e-08,0.25,0.75,0.25
P3b,457,0.89160156,1.5360385451456768e-20,4.705298999871017e-08,0.25,0.75,0.25
P3b,458,0.89355469,9.512155223009019e-21,3.902729237976646e-08,0.25,0.75,0.25
P3b,459,0.89550781,5.876521164431973e-21,3.2340411705848376e-08,0.25,0.75,0.25
P3b,460,0.89746094,3.621814823043536e-21,2.6774328837833525e-08,0.25,0.75,0.25
P3b,461,0.89941406,2.2268796180980035e-21,2.2145605952873716e-08,0.25,0.75,0.25
P3b,462,0.90136719,1.3659405568953153e-21,1.830005813647144e-08,0.25,0.75,0.25
P3b,463,0.90332031,8.358559169228235e-22,1.5108219892825946e-08,0.25,0.75,0.25
P3b,464,0.90527344,5.102647921692476e-22,1.2461492235802492e-08,0.25,0.75,0.25
P3b,465,0.90722656,3.10759452037034e-22,1.0268871791808268e-08,0.25,0.75,0.25
P3b,466,0.90917969,1.8880680876949053e-22,8.45417704519171e-09,0.25,0.75,0.25
P3b,467,0.91113281,1.1443938570645866e-22,6.953698742200174e-09,0.25,0.75,0.25
P3b,468,0.91308594,6.91987015307641e-23,5.714211767489158e-09,0.25,0.75,0.25
P3b,469,0.91503906,4.1743122648504885e-23,4.691294717892814e-09,0.25,0.75,0.25
P3b,470,0.91699219,2.5120974565874502e-23,3.847911098379612e-09,0.25,0.75,0.25
P3b,471,0.91894531,1.5081779777287965e-23,3.1532127105705255e-09,0.25,0.75,0.25
P3b,472,0.92089844,9.033026148280529e-24,2.5815315319116556e-09,0.25,0.75,0.25
P3b,473,0.92285156,5.397324145015959e-24,2.111531313926086e-09,0.25,0.75,0.25
P3b,474,0.92480469,3.217275828226993e-24,1.725494366467871e-09,0.25,0.75,0.25
P3b,475,0.92675781,1.9132100445918403e-24,1.4087226339827078e-09,0.25,0.75,0.25
P3b,476,0.92871094,1.1350149183076081e-24,1.149035290236207e-09,0.25,0.75,0.25
P3b,477,0.93066406,6.717459373982283e-25,9.36347750324854e-10,0.25,0.75,0.25
P3b,478,0.93261719,3.9661861041130667e-25,7.623192844980674e-10,0.25,0.75,0.25
P3b,479,0.93457031,2.33617670946731e-25,6.200583708790142e-10,0.25,0.75,0.25
P3b,480,0.93652344,1.3727860347591916e-25,5.038765900516775e-10,0.25,0.75,0.25
P3b,481,0.93847656,8.04756654103096e-26,4.09083284004873e-10,0.25,0.75,0.25
P3b,482,0.94042969,4.706421956087119e-26,3.3181441002497156e-10,0.25,0.75,0.25
P3b,483,0.94238281,2.7458809733577907e-26,2.6889004702858614e-10,0.25,0.75,0.25
P3b,484,0.94433594,1.5982220400080392e-26,2.1769588363070016e-10,0.25,0.75,0.25
P3b,485,0.94628906,9.280194624306214e-27,1.7608475647187982e-10,0.25,0.75,0.25
P3b,486,0.94824219,5.375781575737906e-27,1.4229493337750422e-10,0.25,0.75,0.25
P3b,487,0.95019531,3.106638398985019e-27,1.148823654773625e-10,0.25,0.75,0.25
P3b,488,0.95214844,1.7910361788264006e-27,9.266457980679623e-11,0.25,0.75,0.25
P3b,489,0.95410156,1.0301075556066412e-27,7.467426143381908e-11,0.25,0.75,0.25
P3b,490,0.95605469,5.9105153270626425e-28,6.012089234008536e-11,0.25,0.75,0.25
P3b,491,0.95800781,3.383239046163402e-28,4.8359082134363924e-11,0.25,0.75,0.25
P3b,492,0.95996094,1.931988700987756e-28,3.886245088967739e-11,0.25,0.75,0.25
P3b,493,0.96191406,1.1006292269667573e-28,3.120211353334919e-11,0.25,0.75,0.25
P3b,494,0.96386719,6.255212407707236e-29,2.5028973875017154e-11,0.25,0.75,0.25
P3b,495,0.96582031,3.546562709268699e-29,2.0059169289152736e-11,0.25,0.75,0.25
P3b,496,0.96777344,2.0060316773734807e-29,1.606211831862719e-11,0.25,0.75,0.25
P3b,497,0.96972656,1.1319636807906518e-29,1.2850716465285895e-11,0.25,0.75,0.25
P3b,498,0.97167969,6.372234716693629e-30,1.0273303090196725e-11,0.25,0.75,0.25
P3b,499,0.97363281,3.578620227103252e-30,8.20708712178453e-12,0.25,0.75,0.25
P3b,500,0.97558594,2.0049524283414e-30,6.5527732457737145e-12,0.25,0.75,0.25
P3b,501,0.97753906,1.1206171555191874e-30,5.230175184572056e-12,0.25,0.75,0.25
P3b,502,0.97949219,6.248497608381459e-31,4.174640048571787e-12,0.25,0.75,0.25
P3b,503,0.98144531,3.4758457508354985e-31,3.3341388080652916e-12,0.25,0.75,0.25
P3b,504,0.98339844,1.9289309084067107e-31,2.6669037452506185e-12,0.25,0.75,0.25
P3b,505,0.98535156,1.0679728548506561e-31,2.139515187944166e-12,0.25,0.75,0.25
P3b,506,0.98730469,5.899912855788854e-32,1.7253576468045046e-12,0.25,0.75,0.25
P3b,507,0.98925781,3.2535485925229934e-32,1.4033803051316892e-12,0.25,0.75,0.25
P3b,508,0.99121094,1.7935713127758414e-32,1.1571091752588807e-12,0.25,0.75,0.25
P3b,509,0.99316406,9.931621305857932e-33,9.738685869083833e-13,0.25,0.75,0.25
P3b,510,0.99511719,5.611768745821896e-33,8.441783916359556e-13,0.25,0.75,0.25
P3b,511,0.99707031,3.393022879023523e-33,7.613006791644744e-13,0.25,0.75,0.25
P3b,512,0.99902344,2.457034913863316e-33,7.209161867259846e-13,0.25,0.75,0.25
P3c,1,0.00097656,2.457034913863316e-33,7.209161867259846e-13,0.25,0.75,0.25
P3c,2,0.00292969,3.393022879023523e-33,7.613006791644744e-13,0.25,0.75,0.25
P3c,3,0.00488281,5.611768745821896e-33,8.441783916359556e-13,0.25,0.75,0.25
P3c,4,0.00683594,9.931621305857932e-33,9.738685869083833e-13,0.25,0.75,0.25
P3c,5,0.00878906,1.7935713127758414e-32,1.1571091752588807e-12,0.25,0.75,0.25
P3c,6,0.01074219,3.2535485925229934e-32,1.4033803051316892e-12,0.25,0.75,0.25
P3c,7,0.01269531,5.899912855788854e-32,1.7253576468045046e-12,0.25,0.75,0.25
P3c,8,0.01464844,1.0679728548506561e-31,2.139515187944166e-12,0.25,0.75,0.25
P3c,9,0.01660156,1.9289309084067107e-31,2.6669037452506185e-12,0.25,0.75,0.25
P3c,10,0.01855469,3.4758457508354985e-31,3.3341388080652916e-12,0.25,0.75,0.25
P3c,11,0.02050781,6.248497608381459e-31,4.174640048571787e-12,0.25,0.75,0.25
P3c,12,0.02246094,1.1206171555191874e-30,5.230175184572056e-12,0.25,0.75,0.25
P3c,13,0.02441406,2.0049524283414e-30,6.5527732457737145e-12,0.25,0.75,0.25
P3c,14,0.02636719,3.578620227103252e-30,8.20708712178453e-12,0.25,0.75,0.25
P3c,15,0.02832031,6.372234716693629e-30,1.0273303090196725e-11,0.25,0.75,0.25
P3c,16,0.03027344,1.1319636807906518e-29,1.2850716465285895e-11,0.25,0.75,0.25
P3c,17,0.03222656,2.0060316773734807e-29,1.606211831862719e-11,0.25,0.75,0.25
P3c,18,0.03417969,3.546562709268699e-29,2.0059169289152736e-11,0.25,0.75,0.25
P3c,19,0.03613281,6.255212407707236e-29,2.5028973875017154e-11,0.25,0.75,0.25
P3c,20,0.03808594,1.1006292269667573e-28,3.120211353334919e-11,0.25,0.75,0.25
P3c,21,0.04003906,1.931988700987756e-28,3.886245088967739e-11,0.25,0.75,0.25
P3c,22,0.04199219,3.383239046163402e-28,4.8359082134363924e-11,0.25,0.75,0.25
P3c,23,0.04394531,5.9105153270626425e-28,6.012089234008536e-11,0.25,0.75,0.25
P3c,24,0.04589844,1.0301075556066412e-27,7.467426143381908e-11,0.25,0.75,0.25
P3c,25,0.04785156,1.7910361788264006e-27,9.266457980679623e-11,0.25,0.75,0.25
P3c,26,0.04980469,3.106638398985019e-27,1.148823654773625e-10,0.25,0.75,0.25
P3c,27,0.05175781,5.375781575737906e-27,1.4229493337750422e-10,0.25,0.75,0.25
P3c,28,0.05371094,9.280194624306214e-27,1.7608475647187982e-10,0.25,0.75,0.25
P3c,29,0.05566406,1.5982220400080392e-26,2.1769588363070016e-10,0.25,0.75,0.25
P3c,30,0.05761719,2.7458809733577907e-26,2.6889004702858614e-10,0.25,0.75,0.25
P3c,31,0.05957031,4.706421956087119e-26,3.3181441002497156e-10,0.25,0.75,0.25
P3c,32,0.06152344,8.04756654103096e-26,4.09083284004873e-10,0.25,0.75,0.25
P3c,33,0.06347656,1.3727860347591916e-25,5.038765900516775e-10,0.25,0.75,0.25
P3c,34,0.06542969,2.33617670946731e-25,6.200583708790142e-10,0.25,0.75,0.25
P3c,35,0.06738281,3.9661861041130667e-25,7.623192844980674e-10,0.25,0.75,0.25
P3c,36,0.06933594,6.717459373982283e-25,9.36347750324854e-10,0.25,0.75,0.25
P3c,37,0.07128906,1.1350149183076081e-24,1.149035290236207e-09,0.25,0.75,0.25
P3c,38,0.07324219,1.9132100445918403e-24,1.4087226339827078e-09,0.25,0.75,0.25
P3c,39,0.07519531,3.217275828226993e-24,1.725494366467871e-09,0.25,0.75,0.25
P3c,40,0.07714844,5.397324145015959e-24,2.111531313926086e-09,0.25,0.75,0.25
P3c,41,0.07910156,9.033026148280529e-24,2.5815315319116556e-09,0.25,0.75,0.25
P3c,42,0.08105469,1.5081779777287965e-23,3.1532127105705255e-09,0.25,0.75,0.25
P3c,43,0.08300781,2.5120974565874502e-23,3.847911098379612e-09,0.25,0.75,0.25
P3c,44,0.08496094,4.1743122648504885e-23,4.691294717892814e-09,0.25,0.75,0.25
P3c,45,0.08691406,6.91987015307641e-23,5.714211767489158e-09,0.25,0.75,0.25
P3c,46,0.08886719,1.1443938570645866e-22,6.953698742200174e-09,0.25,0.75,0.25
P3c,47,0.09082031,1.8880680876949053e-22,8.45417704519171e-09,0.25,0.75,0.25
P3c,48,0.09277344,3.10759452037034e-22,1.0268871791808268e-08,0.25,0.75,0.25
P3c,49,0.09472656,5.102647921692476e-22,1.2461492235802492e-08,0.25,0.75,0.25
P3c,50,0.09667969,8.358559169228235e-22,1.5108219892825946e-08,0.25,0.75,0.25
P3c,51,0.09863281,1.3659405568953153e-21,1.830005813647144e-08,0.25,0.75,0.25
P3c,52,0.10058594,2.2268796180980035e-21,2.2145605952873716e-08,0.25,0.75,0.25
P3c,53,0.10253906,3.621814823043536e-21,2.6774328837833525e-08,0.25,0.75,0.25
P3c,54,0.10449219,5.876521164431973e-21,3.2340411705848376e-08,0.25,0.75,0.25
P3c,55,0.10644531,9.512155223009019e-21,3.902729237976646e-08,0.25,0.75,0.25
P3c,56,0.10839844,1.5360385451456768e-20,4.705298999871017e-08,0.25,0.75,0.25
P3c,57,0.11035156,2.474513688229073e-20,5.667636080862405e-08,0.25,0.75,0.25
P3c,58,0.11230469,3.976877085938364e-20,6.82044346085538e-08,0.25,0.75,0.25
P3c,59,0.11425781,6.376157518825463e-20,8.200100898072141e-08,0.25,0.75,0.25
P3c,60,0.11621094,1.0198597868543407e-19,9.84967057419531e-08,0.25,0.75,0.25
P3c,61,0.11816406,1.62737057644681e-19,1.182007252749051e-07,0.25,0.75,0.25
P3c,62,0.12011719,2.5905800243540657e-19,1.4171457004019333e-07,0.25,0.75,0.25
P3c,63,0.12207031,4.1140742603952835e-19,1.6974804920388442e-07,0.25,0.75,0.25
P3c,64,0.12402344,6.517961667582963e-19,2.031379225718654e-07,0.25,0.75,0.25
P3c,65,0.12597656,1.0301869372710855e-18,2.4286959460632674e-07,0.25,0.75,0.25
P3c,66,0.12792969,1.6243695387635204e-18,2.901023289889376e-07,0.25,0.75,0.25
P3c,67,0.12988281,2.5551605637776066e-18,3.4619852185166156e-07,0.25,0.75,0.25
P3c,68,0.13183594,4.009739109187064e-18,4.127576483702011e-07,0.25,0.75,0.25
P3c,69,0.13378906,6.277382585546693e-18,4.91655583953393e-07,0.25,0.75,0.25
P3c,70,0.13574219,9.804052795798566e-18,5.850900989145056e-07,0.25,0.75,0.25
P3c,71,0.13769531,1.5275563701449848e-17,6.956334355375184e-07,0.25,0.75,0.25
P3c,72,0.13964844,2.3743974172752665e-17,8.26293000231443e-07,0.25,0.75,0.25
P3c,73,0.14160156,3.681918219963792e-17,9.805813425016106e-07,0.25,0.75,0.25
P3c,74,0.14355469,5.695861574331907e-17,1.1625967483942294e-06,0.25,0.75,0.25
P3c,75,0.14550781,8.790412909601912e-17,1.3771159506639046e-06,0.25,0.75,0.25
P3c,76,0.14746094,1.353392253003392e-16,1.6297006530936835e-06,0.25,0.75,0.25
P3c,77,0.14941406,2.0787518949013552e-16,1.9268197842356735e-06,0.25,0.75,0.25
P3c,78,0.15136719,3.1852695600276717e-16,2.2759896385662756e-06,0.25,0.75,0.25
P3c,79,0.15332031,4.869162691952425e-16,2.6859343330545255e-06,0.25,0.75,0.25
P3c,80,0.15527344,7.425521184953089e-16,3.166769306979708e-06,0.25,0.75,0.25
P3c,81,0.15722656,1.1297026784755183e-15,3.7302109252273284e-06,0.25,0.75,0.25
P3c,82,0.15917969,1.7146123072285199e-15,4.389815613128504e-06,0.25,0.75,0.25
P3c,83,0.16113281,2.5961649133662224e-15,5.161252357240557e-06,0.25,0.75,0.25
P3c,84,0.16308594,3.9215989444158405e-15,6.062612854508588e-06,0.25,0.75,0.25
P3c,85,0.16503906,5.909607525538605e-15,7.114764085367386e-06,0.25,0.75,0.25
P3c,86,0.16699219,8.884206865513723e-15,8.3417486280503e-06,0.25,0.75,0.25
P3c,87,0.16894531,1.332426455170493e-14,9.771238625307688e-06,0.25,0.75,0.25
P3c,88,0.17089844,1.9935741461410857e-14,1.1435049964657123e-05,0.25,0.75,0.25
P3c,89,0.17285156,2.9756791361048965e-14,1.3369723943033203e-05,0.25,0.75,0.25
P3c,90,0.17480469,4.431026714009523e-14,1.561718446018779e-05,0.25,0.75,0.25
P3c,91,0.17675781,6.582444378169105e-14,1.8225479626349476e-05,0.25,0.75,0.25
P3c,92,0.17871094,9.755164313041172e-14,2.124961758242118e-05,0.25,0.75,0.25
P3c,93,0.18066406,1.4422699038977065e-13,2.4752507319256045e-05,0.25,0.75,0.25
P3c,94,0.18261719,2.12727215081947e-13,2.88060163500901e-05,0.25,0.75,0.25
P3c,95,0.18457031,3.1301426441593345e-13,3.349215824063827e-05,0.25,0.75,0.25
P3c,96,0.18652344,4.594833357412826e-13,3.89044242380732e-05,0.25,0.75,0.25
P3c,97,0.18847656,6.728836295093046e-13,4.514927456618934e-05,0.25,0.75,0.25
P3c,98,0.19042969,9.830479934491185e-13,5.234780637220025e-05,0.25,0.75,0.25
P3c,99,0.19238281,1.4327619548466628e-12,6.063761682305047e-05,0.25,0.75,0.25
P3c,100,0.19433594,2.0832333617959087e-12,7.017488145746371e-05,0.25,0.75,0.25
P3c,101,0.19628906,3.021804504496938e-12,8.113666960513661e-05,0.25,0.75,0.25
P3c,102,0.19824219,4.3727975180215e-12,9.372352048663628e-05,0.25,0.75,0.25
P3c,103,0.20019531,6.3127259019780146e-12,0.00010816230550581464,0.25,0.75,0.25
P3c,104,0.20214844,9.091573599274249e-12,0.00012470940423900485,0.25,0.75,0.25
P3c,105,0.20410156,1.3062483240142133e-11,0.0001436542237086996,0.25,0.75,0.25
P3c,106,0.20605469,1.8723067150089338e-11,0.00016532309269927647,0.25,0.75,0.25
P3c,107,0.20800781,2.677273903868272e-11,0.00019008356512243327,0.25,0.75,0.25
P3c,108,0.20996094,3.819206809767399e-11,0.00021834916876245475,0.25,0.75,0.25
P3c,109,0.21191406,5.435232275846171e-11,0.0002505846381163601,0.25,0.75,0.25
P3c,110,0.21386719,7.716628670829947e-11,0.00028731167247946903,0.25,0.75,0.25
P3c,111,0.21582031,1.092953429667008e-10,0.00032911526289865927,0.25,0.75,0.25
P3c,112,0.21777344,1.5443305881451808e-10,0.00037665063410684133,0.25,0.75,0.25
P3c,113,0.21972656,2.1769249205503842e-10,0.0004306508500434649,0.25,0.75,0.25
P3c,114,0.22167969,3.061337347629812e-10,0.0004919351340349157,0.25,0.75,0.25
P3c,115,0.22363281,4.294805394035297e-10,0.000561417957130056,0.25,0.75,0.25
P3c,116,0.22558594,6.010911741128127e-10,0.0006401189504313539,0.25,0.75,0.25
P3c,117,0.22753906,8.392701438581602e-10,0.0007291736994990779,0.25,0.75,0.25
P3c,118,0.22949219,1.1690356565228843e-09,0.0008298454809994719,0.25,0.75,0.25
P3c,119,0.23144531,1.6244947151662565e-09,0.0009435380036785662,0.25,0.75,0.25
P3c,120,0.23339844,2.252026046798518e-09,0.0010718092174286458,0.25,0.75,0.25
P3c,121,0.23535156,3.114534004765558e-09,0.001216386255627777,0.25,0.75,0.25
P3c,122,0.23730469,4.2971182587492804e-09,0.001379181577024,0.25,0.75,0.25
P3c,123,0.23925781,5.9146097661076864e-09,0.0015623103741507164,0.25,0.75,0.25
P3c,124,0.24121094,8.12155982053839e-09,0.001768109315540856,0.25,0.75,0.25
P3c,125,0.24316406,1.1125444210234095e-08,0.0019991566887933047,0.25,0.75,0.25
P3c,126,0.24511719,1.520406908349939e-08,0.0022582940107712143,0.25,0.75,0.25
P3c,127,0.24707031,2.0728451967779248e-08,0.002548649169810583,0.25,0.75,0.25
P3c,128,0.24902344,2.819281659331187e-08,0.0028736611627185925,0.25,0.75,0.25
P3c,129,0.25097656,3.8253803606102346e-08,0.003237106486471326,0.25,0.75,0.25
P3c,130,0.25292969,5.1781585380123575e-08,0.003643127240805701,0.25,0.75,0.25
P3c,131,0.25488281,6.992631194865307e-08,0.004096260993263978,0.25,0.75,0.25
P3c,132,0.25683594,9.420424318691886e-08,0.004601472452614861,0.25,0.75,0.25
P3c,133,0.25878906,1.2660908430519005e-07,0.005164186989866192,0.25,0.75,0.25
P3c,134,0.26074219,1.6975549132427336e-07,0.005790326038224772,0.25,0.75,0.25
P3c,135,0.26269531,2.270635154072224e-07,0.006486344394275312,0.25,0.75,0.25
P3c,136,0.26464844,3.029949875437468e-07,0.007259269432271691,0.25,0.75,0.25
P3c,137,0.26660156,4.033556010181023e-07,0.008116742231692882,0.25,0.75,0.25
P3c,138,0.26855469,5.356798386555134e-07,0.009067060605051256,0.25,0.75,0.25
P3c,139,0.27050781,7.097200453864707e-07,0.010119223998297363,0.25,0.75,0.25
P3c,140,0.27246094,9.380660174009194e-07,0.01128298021999541,0.25,0.75,0.25
P3c,141,0.27441406,1.2369276461753626e-06,0.012568873937709727,0.25,0.75,0.25
P3c,142,0.27636719,1.6271206270944474e-06,0.013988296860717356,0.25,0.75,0.25
P3c,143,0.27832031,2.1353042587331605e-06,0.015553539507231758,0.25,0.75,0.25
P3c,144,0.28027344,2.7955311961998526e-06,0.017277844431785223,0.25,0.75,0.25
P3c,145,0.28222656,3.6511819951198207e-06,0.01917546076429132,0.25,0.75,0.25
P3c,146,0.28417969,4.75737274840285e-06,0.02126169988662242,0.25,0.75,0.25
P3c,147,0.28613281,6.183942476576682e-06,0.023552992045346326,0.25,0.75,0.25
P3c,148,0.28808594,8.019148630824485e-06,0.02606694367063928,0.25,0.75,0.25
P3c,149,0.29003906,1.0374224599390558e-05,0.02882239514142687,0.25,0.75,0.25
P3c,150,0.29199219,1.3388983012570728e-05,0.03183947870561493,0.25,0.75,0.25
P3c,151,0.29394531,1.723868350329749e-05,0.03513967623200432,0.25,0.75,0.25
P3c,152,0.29589844,2.2142424023832474e-05,0.03874587643730121,0.25,0.75,0.25
P3c,153,0.29785156,2.8373361502364648e-05,0.042682431197738416,0.25,0.75,0.25
P3c,154,0.29980469,3.627112122835951e-05,0.04697521052042998,0.25,0.75,0.25
P3c,155,0.30175781,4.6256815574870414e-05,0.05165165571494688,0.25,0.75,0.25
P3c,156,0.30371094,5.8851162185320366e-05,0.056740830271002726,0.25,0.75,0.25
P3c,157,0.30566406,7.469627022783129e-05,0.06227346791388257,0.25,0.75,0.25
P3c,158,0.30761719,9.458175135136968e-05,0.06828201727567129,0.25,0.75,0.25
P3c,159,0.30957031,0.00011947591007350636,0.07480068258780256,0.25,0.75,0.25
P3c,160,0.31152344,0.0001505628768674557,0.08186545976934316,0.25,0.75,0.25
P3c,161,0.31347656,0.00018928666639670276,0.08951416725616586,0.25,0.75,0.25
P3c,162,0.31542969,0.0002374032731379326,0.09778647088917382,0.25,0.75,0.25
P3c,163,0.31738281,0.00029704205671380425,0.10672390215549019,0.25,0.75,0.25
P3c,164,0.31933594,0.0003707778189429849,0.1163698690554707,0.25,0.75,0.25
P3c,165,0.32128906,0.0004617151327884866,0.12676965885103822,0.25,0.75,0.25
P3c,166,0.32324219,0.0005735866484163001,0.1379704319376549,0.25,0.75,0.25
P3c,167,0.32519531,0.0007108672712379661,0.15002120607375205,0.25,0.75,0.25
P3c,168,0.32714844,0.000878906278195087,0.16297283019811865,0.25,0.75,0.25
P3c,169,0.32910156,0.0010840796079768546,0.17687794706810947,0.25,0.75,0.25
P3c,170,0.33105469,0.001333964723822125,0.1917909439600503,0.25,0.75,0.25
P3c,171,0.33300781,0.0016375405986025922,0.20776789068836254,0.25,0.75,0.25
P3c,172,0.33496094,0.002005415504586071,0.22486646422213824,0.25,0.75,0.25
P3c,173,0.33691406,0.0024500853971807426,0.24314585920759174,0.25,0.75,0.25
P3c,174,0.33886719,0.0029862257545487333,0.2626666837423592,0.25,0.75,0.25
P3c,175,0.34082031,0.00363101976368373,0.2834908397933573,0.25,0.75,0.25
P3c,176,0.34277344,0.004404525717789597,0.3056813877041111,0.25,0.75,0.25
P3c,177,0.34472656,0.0053300863980529755,0.3293023943003513,0.25,0.75,0.25
P3c,178,0.34667969,0.006434783042835534,0.35441876417441737,0.25,0.75,0.25
P3c,179,0.34863281,0.007749936245945964,0.3810960538096489,0.25,0.75,0.25
P3c,180,0.35058594,0.009311655759611227,0.409400268295537,0.25,0.75,0.25
P3c,181,0.35253906,0.011161440693571605,0.4393976404828213,0.25,0.75,0.25
P3c,182,0.35449219,0.013346830986159422,0.4711543925348073,0.25,0.75,0.25
P3c,183,0.35644531,0.015922110263769645,0.5047364799466562,0.25,0.75,0.25
P3c,184,0.35839844,0.018949059290476265,0.5402093182278986,0.25,0.75,0.25
P3c,185,0.36035156,0.022497758130144086,0.5776374925744521,0.25,0.75,0.25
P3c,186,0.36230469,0.026647433892079443,0.6170844509944199,0.25,0.75,0.25
P3c,187,0.36425781,0.031487349503974395,0.6586121814961833,0.25,0.75,0.25
P3c,188,0.36621094,0.03711772735232914,0.7022808740970051,0.25,0.75,0.25
P3c,189,0.36816406,0.04365069985490319,0.7481485685645762,0.25,0.75,0.25
P3c,190,0.37011719,0.051211277091507364,0.7962707889617027,0.25,0.75,0.25
P3c,191,0.37207031,0.05993831953401407,0.8467001662244434,0.25,0.75,0.25
P3c,192,0.37402344,0.06998550170583477,0.8994860501653258,0.25,0.75,0.25
P3c,193,0.37597656,0.08152225029444984,0.9546741124543987,0.25,0.75,0.25
P3c,194,0.37792969,0.09473463787463382,1.0123059422904932,0.25,0.75,0.25
P3c,195,0.37988281,0.10982621101942942,1.072418636631624,0.25,0.75,0.25
P3c,196,0.38183594,0.1270187292332889,1.135044387005472,0.25,0.75,0.25
P3c,197,0.38378906,0.14655278889754414,1.2002100650667364,0.25,0.75,0.25
P3c,198,0.38574219,0.1686883043403255,1.2679368092061973,0.25,0.75,0.25
P3c,199,0.38769531,0.19370481630578107,1.3382396146449504,0.25,0.75,0.25
P3c,200,0.38964844,0.2219015965811926,1.4111269295647748,0.25,0.75,0.25
P3c,201,0.39160156,0.2535975164299256,1.4866002599303476,0.25,0.75,0.25
P3c,202,0.39355469,0.28913064586028797,1.5646537857493856,0.25,0.75,0.25
P3c,203,0.39550781,0.32885755072309664,1.6452739915911734,0.25,0.75,0.25
P3c,204,0.39746094,0.37315225526006185,1.7284393142408745,0.25,0.75,0.25
P3c,205,0.39941406,0.4224048391025293,1.814119810405005,0.25,0.75,0.25
P3c,206,0.40136719,0.4770196399198407,1.9022768474012064,0.25,0.75,0.25
P3c,207,0.40332031,0.5374130360022464,1.9928628197617855,0.25,0.75,0.25
P3c,208,0.40527344,0.6040107870848936,2.085820894654274,0.25,0.75,0.25
P3c,209,0.40722656,0.6772449167099038,2.181084788972661,0.25,0.75,0.25
P3c,210,0.40917969,0.7575501253957868,2.2785785808792323,0.25,0.75,0.25
P3c,211,0.41113281,0.84535973082714,2.3782165584785147,0.25,0.75,0.25
P3c,212,0.41308594,0.9411011391566687,2.4799031081814866,0.25,0.75,0.25
P3c,213,0.41503906,1.0451908602619604,2.583532645169726,0.25,0.75,0.25
P3c,214,0.41699219,1.1580290893273733,2.688989588195777,0.25,0.75,0.25
P3c,215,0.41894531,1.279993887302496,2.796148380758069,0.25,0.75,0.25
P3c,216,0.42089844,1.4114350034677228,2.904873560466802,0.25,0.75,0.25
P3c,217,0.42285156,1.5526673943293867,3.015019878172294,0.25,0.75,0.25
P3c,218,0.42480469,1.7039645041581832,3.126432468160421,0.25,0.75,0.25
P3c,219,0.42675781,1.865551383436322,3.2389470704324106,0.25,0.75,0.25
P3c,220,0.42871094,2.0375977320304806,3.3523903057800117,0.25,0.75,0.25
P3c,221,0.43066406,2.2202109637818497,3.4665800040438186,0.25,0.75,0.25
P3c,222,0.43261719,2.413429398113344,3.5813255856044277,0.25,0.75,0.25
P3c,223,0.43457031,2.617215691905245,3.6964284958054647,0.25,0.75,0.25
P3c,224,0.43652344,2.831450630995762,3.81168269164686,0.25,0.75,0.25
P3c,225,0.43847656,3.055927404945471,3.926875179718876,0.25,0.75,0.25
P3c,226,0.44042969,3.290346490908249,4.041786603975027,0.25,0.75,0.25
P3c,227,0.44238281,3.53431127234906,4.1561918815684065,0.25,0.75,0.25
P3c,228,0.44433594,3.787324515751703,4.269860884603975,0.25,0.75,0.25
P3c,229,0.44628906,4.048785823224553,4.382559165292454,0.25,0.75,0.25
P3c,230,0.44824219,4.317990170950166,4.494048721632708,0.25,0.75,0.25
P3c,231,0.45019531,4.594127632706654,4.604088800402325,0.25,0.75,0.25
P3c,232,0.45214844,4.876284374251919,4.71243673390366,0.25,0.75,0.25
P3c,233,0.45410156,5.1634449883125,4.8188488065981465,0.25,0.75,0.25
P3c,234,0.45605469,5.454496221434744,4.923081147468383,0.25,0.75,0.25
P3c,235,0.45800781,5.748232123286844,5.0248906436782566,0.25,0.75,0.25
P3c,236,0.45996094,6.043360626464485,5.124035870859189,0.25,0.75,0.25
P3c,237,0.46191406,6.338511540834622,5.220278035137981,0.25,0.75,0.25
P3c,238,0.46386719,6.632245921394076,5.313381921841301,0.25,0.75,0.25
P3c,239,0.46582031,6.923066743015015,5.40311684566569,0.25,0.75,0.25
P3c,240,0.46777344,7.2094307898312495,5.489257596992053,0.25,0.75,0.25
P3c,241,0.46972656,7.489761641947748,5.5715853789515215,0.25,0.75,0.25
P3c,242,0.47167969,7.762463618205754,5.649888729816707,0.25,0.75,0.25
P3c,243,0.47363281,8.025936511481067,5.723964425299587,0.25,0.75,0.25
P3c,244,0.47558594,8.278590932991351,5.793618355385157,0.25,0.75,0.25
P3c,245,0.47753906,8.518864064866106,5.858666370418929,0.25,0.75,0.25
P3c,246,0.47949219,8.745235606269688,5.918935091295964,0.25,0.75,0.25
P3c,247,0.48144531,8.95624368808148,5.97426267876909,0.25,0.75,0.25
P3c,248,0.48339844,9.150500524871676,6.024499557103149,0.25,0.75,0.25
P3c,249,0.48535156,9.326707570923439,6.069509087549431,0.25,0.75,0.25
P3c,250,0.48730469,9.483669949504193,6.1091681873980646,0.25,0.75,0.25
P3c,251,0.48925781,9.62030993153972,6.143367890684074,0.25,0.75,0.25
P3c,252,0.49121094,9.735679251247388,6.172013846972776,0.25,0.75,0.25
P3c,253,0.49316406,9.828970061983593,6.195026755029363,0.25,0.75,0.25
P3c,254,0.49511719,9.899524355294515,6.212342728583047,0.25,0.75,0.25
P3c,255,0.49707031,9.946841689566032,6.223913591824702,0.25,0.75,0.25
P3c,256,0.49902344,9.970585101293073,6.229707102725132,0.25,0.75,0.25
P3c,257,0.50097656,9.970585101293073,6.229707102725132,0.25,0.75,0.25
P3c,258,0.50292969,9.946841689566032,6.223913591824702,0.25,0.75,0.25
P3c,259,0.50488281,9.899524355294515,6.212342728583047,0.25,0.75,0.25
P3c,260,0.50683594,9.828970061983593,6.195026755029363,0.25,0.75,0.25
P3c,261,0.50878906,9.735679251247388,6.172013846972776,0.25,0.75,0.25
P3c,262,0.51074219,9.62030993153972,6.143367890684074,0.25,0.75,0.25
P3c,263,0.51269531,9.483669949504193,6.1091681873980646,0.25,0.75,0.25
P3c,264,0.51464844,9.326707570923439,6.069509087549431,0.25,0.75,0.25
P3c,265,0.51660156,9.150500524871676,6.024499557103149,0.25,0.75,0.25
P3c,266,0.51855469,8.95624368808148,5.97426267876909,0.25,0.75,0.25
P3c,267,0.52050781,8.745235606269688,5.918935091295964,0.25,0.75,0.25
P3c,268,0.52246094,8.518864064866106,5.858666370418929,0.25,0.75,0.25
P3c,269,0.52441406,8.278590932991351,5.793618355385157,0.25,0.75,0.25
P3c,270,0.52636719,8.025936511481067,5.723964425299587,0.25,0.75,0.25
P3c,271,0.52832031,7.762463618205754,5.649888729816707,0.25,0.75,0.25
P3c,272,0.53027344,7.489761641947748,5.5715853789515215,0.25,0.75,0.25
P3c,273,0.53222656,7.2094307898312495,5.489257596992053,0.25,0.75,0.25
P3c,274,0.53417969,6.923066743015015,5.40311684566569,0.25,0.75,0.25
P3c,275,0.53613281,6.632245921394076,5.313381921841301,0.25,0.75,0.25
P3c,276,0.53808594,6.338511540834622,5.220278035137981,0.25,0.75,0.25
P3c,277,0.54003906,6.043360626464485,5.124035870859189,0.25,0.75,0.25
P3c,278,0.54199219,5.748232123286844,5.0248906436782566,0.25,0.75,0.25
P3c,279,0.54394531,5.454496221434744,4.923081147468383,0.25,0.75,0.25
P3c,280,0.54589844,5.1634449883125,4.8188488065981465,0.25,0.75,0.25
P3c,281,0.54785156,4.876284374251919,4.71243673390366,0.25,0.75,0.25
P3c,282,0.54980469,4.594127632706654,4.604088800402325,0.25,0.75,0.25
P3c,283,0.55175781,4.317990170950166,4.494048721632708,0.25,0.75,0.25
P3c,284,0.55371094,4.048785823224553,4.382559165292454,0.25,0.75,0.25
P3c,285,0.55566406,3.787324515751703,4.269860884603975,0.25,0.75,0.25
P3c,286,0.55761719,3.53431127234906,4.1561918815684065,0.25,0.75,0.25
P3c,287,0.55957031,3.290346490908249,4.041786603975027,0.25,0.75,0.25
P3c,288,0.56152344,3.055927404945471,3.926875179718876,0.25,0.75,0.25
P3c,289,0.56347656,2.831450630995762,3.81168269164686,0.25,0.75,0.25
P3c,290,0.56542969,2.617215691905245,3.6964284958054647,0.25,0.75,0.25
P3c,291,0.56738281,2.413429398113344,3.5813255856044277,0.25,0.75,0.25
P3c,292,0.56933594,2.2202109637818497,3.4665800040438186,0.25,0.75,0.25
P3c,293,0.57128906,2.0375977320304806,3.3523903057800117,0.25,0.75,0.25
P3c,294,0.57324219,1.865551383436322,3.2389470704324106,0.25,0.75,0.25
P3c,295,0.57519531,1.7039645041581832,3.126432468160421,0.25,0.75,0.25
P3c,296,0.57714844,1.5526673943293867,3.015019878172294,0.25,0.75,0.25
P3c,297,0.57910156,1.4114350034677228,2.904873560466802,0.25,0.75,0.25
P3c,298,0.58105469,1.279993887302496,2.796148380758069,0.25,0.75,0.25
P3c,299,0.58300781,1.1580290893273733,2.688989588195777,0.25,0.75,0.25
P3c,300,0.58496094,1.0451908602619604,2.583532645169726,0.25,0.75,0.25
P3c,301,0.58691406,0.9411011391566687,2.4799031081814866,0.25,0.75,0.25
P3c,302,0.58886719,0.84535973082714,2.3782165584785147,0.25,0.75,0.25
P3c,303,0.59082031,0.7575501253957868,2.2785785808792323,0.25,0.75,0.25
P3c,304,0.59277344,0.6772449167099038,2.181084788972661,0.25,0.75,0.25
P3c,305,0.59472656,0.6040107870848936,2.085820894654274,0.25,0.75,0.25
P3c,306,0.59667969,0.5374130360022464,1.9928628197617855,0.25,0.75,0.25
P3c,307,0.59863281,0.4770196399198407,1.9022768474012064,0.25,0.75,0.25
P3c,308,0.60058594,0.4224048391025293,1.814119810405005,0.25,0.75,0.25
P3c,309,0.60253906,0.37315225526006185,1.7284393142408745,0.25,0.75,0.25
P3c,310,0.60449219,0.32885755072309664,1.6452739915911734,0.25,0.75,0.25
P3c,311,0.60644531,0.28913064586028797,1.5646537857493856,0.25,0.75,0.25
P3c,312,0.60839844,0.2535975164299256,1.4866002599303476,0.25,0.75,0.25
P3c,313,0.61035156,0.2219015965811926,1.4111269295647748,0.25,0.75,0.25
P3c,314,0.61230469,0.19370481630578107,1.3382396146449504,0.25,0.75,0.25
P3c,315,0.61425781,0.1686883043403255,1.2679368092061973,0.25,0.75,0.25
P3c,316,0.61621094,0.14655278889754414,1.2002100650667364,0.25,0.75,0.25
P3c,317,0.61816406,0.1270187292332889,1.135044387005472,0.25,0.75,0.25
P3c,318,0.62011719,0.10982621101942942,1.072418636631624,0.25,0.75,0.25
P3c,319,0.62207031,0.09473463787463382,1.0123059422904932,0.25,0.75,0.25
P3c,320,0.62402344,0.08152225029444984,0.9546741124543987,0.25,0.75,0.25
P3c,321,0.62597656,0.06998550170583477,0.8994860501653258,0.25,0.75,0.25
P3c,322,0.62792969,0.05993831953401407,0.8467001662244434,0.25,0.75,0.25
P3c,323,0.62988281,0.051211277091507364,0.7962707889617027,0.25,0.75,0.25
P3c,324,0.63183594,0.04365069985490319,0.7481485685645762,0.25,0.75,0.25
P3c,325,0.63378906,0.03711772735232914,0.7022808740970051,0.25,0.75,0.25
P3c,326,0.63574219,0.031487349503974395,0.6586121814961833,0.25,0.75,0.25
P3c,327,0.63769531,0.026647433892079443,0.6170844509944199,0.25,0.75,0.25
P3c,328,0.63964844,0.022497758130144086,0.5776374925744521,0.25,0.75,0.25
P3c,329,0.64160156,0.018949059290476265,0.5402093182278986,0.25,0.75,0.25
P3c,330,0.64355469,0.015922110263769645,0.5047364799466562,0.25,0.75,0.25
P3c,331,0.64550781,0.013346830986159422,0.4711543925348073,0.25,0.75,0.25
P3c,332,0.64746094,0.011161440693571605,0.4393976404828213,0.25,0.75,0.25
P3c,333,0.64941406,0.009311655759611227,0.409400268295537,0.25,0.75,0.25
P3c,334,0.65136719,0.007749936245945964,0.3810960538096489,0.25,0.75,0.25
P3c,335,0.65332031,0.006434783042835534,0.35441876417441737,0.25,0.75,0.25
P3c,336,0.65527344,0.0053300863980529755,0.3293023943003513,0.25,0.75,0.25
P3c,337,0.65722656,0.004404525717789597,0.3056813877041111,0.25,0.75,0.25
P3c,338,0.65917969,0.00363101976368373,0.2834908397933573,0.25,0.75,0.25
P3c,339,0.66113281,0.0029862257545487333,0.2626666837423592,0.25,0.75,0.25
P3c,340,0.66308594,0.0024500853971807426,0.24314585920759174,0.25,0.75,0.25
P3c,341,0.66503906,0.002005415504586071,0.22486646422213824,0.25,0.75,0.25
P3c,342,0.66699219,0.0016375405986025922,0.20776789068836254,0.25,0.75,0.25
P3c,343,0.66894531,0.001333964723822125,0.1917909439600503,0.25,0.75,0.25
P3c,344,0.67089844,0.0010840796079768546,0.17687794706810947,0.25,0.75,0.25
P3c,345,0.67285156,0.000878906278195087,0.16297283019811865,0.25,0.75,0.25
P3c,346,0.67480469,0.0007108672712379661,0.15002120607375205,0.25,0.75,0.25
P3c,347,0.67675781,0.0005735866484163001,0.1379704319376549,0.25,0.75,0.25
P3c,348,0.67871094,0.0004617151327884866,0.12676965885103822,0.25,0.75,0.25
P3c,349,0.68066406,0.0003707778189429849,0.1163698690554707,0.25,0.75,0.25
P3c,350,0.68261719,0.00029704205671380425,0.10672390215549019,0.25,0.75,0.25
P3c,351,0.68457031,0.0002374032731379326,0.09778647088917382,0.25,0.75,0.25
P3c,352,0.68652344,0.00018928666639670276,0.08951416725616586,0.25,0.75,0.25
P3c,353,0.68847656,0.0001505628768674557,0.08186545976934316,0.25,0.75,0.25
P3c,354,0.69042969,0.00011947591007350636,0.07480068258780256,0.25,0.75,0.25
P3c,355,0.69238281,9.458175135136968e-05,0.06828201727567129,0.25,0.75,0.25
P3c,356,0.69433594,7.469627022783129e-05,0.06227346791388257,0.25,0.75,0.25
P3c,357,0.69628906,5.8851162185320366e-05,0.056740830271002726,0.25,0.75,0.25
P3c,358,0.69824219,4.6256815574870414e-05,0.05165165571494688,0.25,0.75,0.25
P3c,359,0.70019531,3.627112122835951e-05,0.04697521052042998,0.25,0.75,0.25
P3c,360,0.70214844,2.8373361502364648e-05,0.042682431197738416,0.25,0.75,0.25
P3c,361,0.70410156,2.2142424023832474e-05,0.03874587643730121,0.25,0.75,0.25
P3c,362,0.70605469,1.723868350329749e-05,0.03513967623200432,0.25,0.75,0.25
P3c,363,0.70800781,1.3388983012570728e-05,0.03183947870561493,0.25,0.75,0.25
P3c,364,0.70996094,1.0374224599390558e-05,0.02882239514142687,0.25,0.75,0.25
P3c,365,0.71191406,8.019148630824485e-06,0.02606694367063928,0.25,0.75,0.25
P3c,366,0.71386719,6.183942476576682e-06,0.023552992045346326,0.25,0.75,0.25
P3c,367,0.71582031,4.75737274840285e-06,0.02126169988662242,0.25,0.75,0.25
P3c,368,0.71777344,3.6511819951198207e-06,0.01917546076429132,0.25,0.75,0.25
P3c,369,0.71972656,2.7955311961998526e-06,0.017277844431785223,0.25,0.75,0.25
P3c,370,0.72167969,2.1353042587331605e-06,0.015553539507231758,0.25,0.75,0.25
P3c,371,0.72363281,1.6271206270944474e-06,0.013988296860717356,0.25,0.75,0.25
P3c,372,0.72558594,1.2369276461753626e-06,0.012568873937709727,0.25,0.75,0.25
P3c,373,0.72753906,9.380660174009194e-07,0.01128298021999541,0.25,0.75,0.25
P3c,374,0.72949219,7.097200453864707e-07,0.010119223998297363,0.25,0.75,0.25
P3c,375,0.73144531,5.356798386555134e-07,0.009067060605051256,0.25,0.75,0.25
P3c,376,0.73339844,4.033556010181023e-07,0.008116742231692882,0.25,0.75,0.25
P3c,377,0.73535156,3.029949875437468e-07,0.007259269432271691,0.25,0.75,0.25
P3c,378,0.73730469,2.270635154072224e-07,0.006486344394275312,0.25,0.75,0.25
P3c,379,0.73925781,1.6975549132427336e-07,0.005790326038224772,0.25,0.75,0.25
P3c,380,0.74121094,1.2660908430519005e-07,0.005164186989866192,0.25,0.75,0.25
P3c,381,0.74316406,9.420424318691886e-08,0.004601472452614861,0.25,0.75,0.25
P3c,382,0.74511719,6.992631194865307e-08,0.004096260993263978,0.25,0.75,0.25
P3c,383,0.74707031,5.1781585380123575e-08,0.003643127240805701,0.25,0.75,0.25
P3c,384,0.74902344,3.8253803606102346e-08,0.003237106486471326,0.25,0.75,0.25
P3c,385,0.75097656,2.819281659331187e-08,0.0028736611627185925,0.25,0.75,0.25
P3c,386,0.75292969,2.0728451967779248e-08,0.002548649169810583,0.25,0.75,0.25
P3c,387,0.75488281,1.520406908349939e-08,0.0022582940107712143,0.25,0.75,0.25
P3c,388,0.75683594,1.1125444210234095e-08,0.0019991566887933047,0.25,0.75,0.25
P3c,389,0.75878906,8.12155982053839e-09,0.001768109315540856,0.25,0.75,0.25
P3c,390,0.76074219,5.9146097661076864e-09,0.0015623103741507164,0.25,0.75,0.25
P3c,391,0.76269531,4.2971182587492804e-09,0.001379181577024,0.25,0.75,0.25
P3c,392,0.76464844,3.114534004765558e-09,0.001216386255627777,0.25,0.75,0.25
P3c,393,0.76660156,2.252026046798518e-09,0.0010718092174286458,0.25,0.75,0.25
P3c,394,0.76855469,1.6244947151662565e-09,0.0009435380036785662,0.25,0.75,0.25
P3c,395,0.77050781,1.1690356565228843e-09,0.0008298454809994719,0.25,0.75,0.25
P3c,396,0.77246094,8.392701438581602e-10,0.0007291736994990779,0.25,0.75,0.25
P3c,397,0.77441406,6.010911741128127e-10,0.0006401189504313539,0.25,0.75,0.25
P3c,398,0.77636719,4.294805394035297e-10,0.000561417957130056,0.25,0.75,0.25
P3c,399,0.77832031,3.061337347629812e-10,0.0004919351340349157,0.25,0.75,0.25
P3c,400,0.78027344,2.1769249205503842e-10,0.0004306508500434649,0.25,0.75,0.25
P3c,401,0.78222656,1.5443305881451808e-10,0.00037665063410684133,0.25,0.75,0.25
P3c,402,0.78417969,1.092953429667008e-10,0.00032911526289865927,0.25,0.75,0.25
P3c,403,0.78613281,7.716628670829947e-11,0.00028731167247946903,0.25,0.75,0.25
P3c,404,0.78808594,5.435232275846171e-11,0.0002505846381163601,0.25,0.75,0.25
P3c,405,0.79003906,3.819206809767399e-11,0.00021834916876245475,0.25,0.75,0.25
P3c,406,0.79199219,2.677273903868272e-11,0.00019008356512243327,0.25,0.75,0.25
P3c,407,0.79394531,1.8723067150089338e-11,0.00016532309269927647,0.25,0.75,0.25
P3c,408,0.79589844,1.3062483240142133e-11,0.0001436542237086996,0.25,0.75,0.25
P3c,409,0.79785156,9.091573599274249e-12,0.00012470940423900485,0.25,0.75,0.25
P3c,410,0.79980469,6.3127259019780146e-12,0.00010816230550581464,0.25,0.75,0.25
P3c,411,0.80175781,4.3727975180215e-12,9.372352048663628e-05,0.25,0.75,0.25
P3c,412,0.80371094,3.021804504496938e-12,8.113666960513661e-05,0.25,0.75,0.25
P3c,413,0.80566406,2.0832333617959087e-12,7.017488145746371e-05,0.25,0.75,0.25
P3c,414,0.80761719,1.4327619548466628e-12,6.063761682305047e-05,0.25,0.75,0.25
P3c,415,0.80957031,9.830479934491185e-13,5.234780637220025e-05,0.25,0.75,0.25
P3c,416,0.81152344,6.728836295093046e-13,4.514927456618934e-05,0.25,0.75,0.25
P3c,417,0.81347656,4.594833357412826e-13,3.89044242380732e-05,0.25,0.75,0.25
P3c,418,0.81542969,3.1301426441593345e-13,3.349215824063827e-05,0.25,0.75,0.25
P3c,419,0.81738281,2.12727215081947e-13,2.88060163500901e-05,0.25,0.75,0.25
P3c,420,0.81933594,1.4422699038977065e-13,2.4752507319256045e-05,0.25,0.75,0.25
P3c,421,0.82128906,9.755164313041172e-14,2.124961758242118e-05,0.25,0.75,0.25
P3c,422,0.82324219,6.582444378169105e-14,1.8225479626349476e-05,0.25,0.75,0.25
P3c,423,0.82519531,4.431026714009523e-14,1.561718446018779e-05,0.25,0.75,0.25
P3c,424,0.82714844,2.9756791361048965e-14,1.3369723943033203e-05,0.25,0.75,0.25
P3c,425,0.82910156,1.9935741461410857e-14,1.1435049964657123e-05,0.25,0.75,0.25
P3c,426,0.83105469,1.332426455170493e-14,9.771238625307688e-06,0.25,0.75,0.25
P3c,427,0.83300781,8.884206865513723e-15,8.3417486280503e-06,0.25,0.75,0.25
P3c,428,0.83496094,5.909607525538605e-15,7.114764085367386e-06,0.25,0.75,0.25
P3c,429,0.83691406,3.9215989444158405e-15,6.062612854508588e-06,0.25,0.75,0.25
P3c,430,0.83886719,2.5961649133662224e-15,5.161252357240557e-06,0.25,0.75,0.25
P3c,431,0.84082031,1.7146123072285199e-15,4.389815613128504e-06,0.25,0.75,0.25
P3c,432,0.84277344,1.1297026784755183e-15,3.7302109252273284e-06,0.25,0.75,0.25
P3c,433,0.84472656,7.425521184953089e-16,3.166769306979708e-06,0.25,0.75,0.25
P3c,434,0.84667969,4.869162691952425e-16,2.6859343330545255e-06,0.25,0.75,0.25
P3c,435,0.84863281,3.1852695600276717e-16,2.2759896385662756e-06,0.25,0.75,0.25
P3c,436,0.85058594,2.0787518949013552e-16,1.9268197842356735e-06,0.25,0.75,0.25
P3c,437,0.85253906,1.353392253003392e-16,1.6297006530936835e-06,0.25,0.75,0.25
P3c,438,0.85449219,8.790412909601912e-17,1.3771159506639046e-06,0.25,0.75,0.25
P3c,439,0.85644531,5.695861574331907e-17,1.1625967483942294e-06,0.25,0.75,0.25
P3c,440,0.85839844,3.681918219963792e-17,9.805813425016106e-07,0.25,0.75,0.25
P3c,441,0.86035156,2.3743974172752665e-17,8.26293000231443e-07,0.25,0.75,0.25
P3c,442,0.86230469,1.5275563701449848e-17,6.956334355375184e-07,0.25,0.75,0.25
P3c,443,0.86425781,9.804052795798566e-18,5.850900989145056e-07,0.25,0.75,0.25
P3c,444,0.86621094,6.277382585546693e-18,4.91655583953393e-07,0.25,0.75,0.25
P3c,445,0.86816406,4.009739109187064e-18,4.127576483702011e-07,0.25,0.75,0.25
P3c,446,0.87011719,2.5551605637776066e-18,3.4619852185166156e-07,0.25,0.75,0.25
P3c,447,0.87207031,1.6243695387635204e-18,2.901023289889376e-07,0.25,0.75,0.25
P3c,448,0.87402344,1.0301869372710855e-18,2.4286959460632674e-07,0.25,0.75,0.25
P3c,449,0.87597656,6.517961667582963e-19,2.031379225718654e-07,0.25,0.75,0.25
P3c,450,0.87792969,4.1140742603952835e-19,1.6974804920388442e-07,0.25,0.75,0.25
P3c,451,0.87988281,2.5905800243540657e-19,1.4171457004019333e-07,0.25,0.75,0.25
P3c,452,0.88183594,1.62737057644681e-19,1.182007252749051e-07,0.25,0.75,0.25
P3c,453,0.88378906,1.0198597868543407e-19,9.84967057419531e-08,0.25,0.75,0.25
P3c,454,0.88574219,6.376157518825463e-20,8.200100898072141e-08,0.25,0.75,0.25
P3c,455,0.88769531,3.976877085938364e-20,6.82044346085538e-08,0.25,0.75,0.25
P3c,456,0.88964844,2.474513688229073e-20,5.667636080862405e-08,0.25,0.75,0.25
P3c,457,0.89160156,1.5360385451456768e-20,4.705298999871017e-08,0.25,0.75,0.25
P3c,458,0.89355469,9.512155223009019e-21,3.902729237976646e-08,0.25,0.75,0.25
P3c,459,0.89550781,5.876521164431973e-21,3.2340411705848376e-08,0.25,0.75,0.25
P3c,460,0.89746094,3.621814823043536e-21,2.6774328837833525e-08,0.25,0.75,0.25
P3c,461,0.89941406,2.2268796180980035e-21,2.2145605952873716e-08,0.25,0.75,0.25
P3c,462,0.90136719,1.3659405568953153e-21,1.830005813647144e-08,0.25,0.75,0.25
P3c,463,0.90332031,8.358559169228235e-22,1.5108219892825946e-08,0.25,0.75,0.25
P3c,464,0.90527344,5.102647921692476e-22,1.2461492235802492e-08,0.25,0.75,0.25
P3c,465,0.90722656,3.10759452037034e-22,1.0268871791808268e-08,0.25,0.75,0.25
P3c,466,0.90917969,1.8880680876949053e-22,8.45417704519171e-09,0.25,0.75,0.25
P3c,467,0.91113281,1.1443938570645866e-22,6.953698742200174e-09,0.25,0.75,0.25
P3c,468,0.91308594,6.91987015307641e-23,5.714211767489158e-09,0.25,0.75,0.25
P3c,469,0.91503906,4.1743122648504885e-23,4.691294717892814e-09,0.25,0.75,0.25
P3c,470,0.91699219,2.5120974565874502e-23,3.847911098379612e-09,0.25,0.75,0.25
P3c,471,0.91894531,1.5081779777287965e-23,3.1532127105705255e-09,0.25,0.75,0.25
P3c,472,0.92089844,9.033026148280529e-24,2.5815315319116556e-09,0.25,0.75,0.25
P3c,473,0.92285156,5.397324145015959e-24,2.111531313926086e-09,0.25,0.75,0.25
P3c,474,0.92480469,3.217275828226993e-24,1.725494366467871e-09,0.25,0.75,0.25
P3c,475,0.92675781,1.9132100445918403e-24,1.4087226339827078e-09,0.25,0.75,0.25
P3c,476,0.92871094,1.1350149183076081e-24,1.149035290236207e-09,0.25,0.75,0.25
P3c,477,0.93066406,6.717459373982283e-25,9.36347750324854e-10,0.25,0.75,0.25
P3c,478,0.93261719,3.9661861041130667e-25,7.623192844980674e-10,0.25,0.75,0.25
P3c,479,0.93457031,2.33617670946731e-25,6.200583708790142e-10,0.25,0.75,0.25
P3c,480,0.93652344,1.3727860347591916e-25,5.038765900516775e-10,0.25,0.75,0.25
P3c,481,0.93847656,8.04756654103096e-26,4.09083284004873e-10,0.25,0.75,0.25
P3c,482,0.94042969,4.706421956087119e-26,3.3181441002497156e-10,0.25,0.75,0.25
P3c,483,0.94238281,2.7458809733577907e-26,2.6889004702858614e-10,0.25,0.75,0.25
P3c,484,0.94433594,1.5982220400080392e-26,2.1769588363070016e-10,0.25,0.75,0.25
P3c,485,0.94628906,9.280194624306214e-27,1.7608475647187982e-10,0.25,0.75,0.25
P3c,486,0.94824219,5.375781575737906e-27,1.4229493337750422e-10,0.25,0.75,0.25
P3c,487,0.95019531,3.106638398985019e-27,1.148823654773625e-10,0.25,0.75,0.25
P3c,488,0.95214844,1.7910361788264006e-27,9.266457980679623e-11,0.25,0.75,0.25
P3c,489,0.95410156,1.0301075556066412e-27,7.467426143381908e-11,0.25,0.75,0.25
P3c,490,0.95605469,5.9105153270626425e-28,6.012089234008536e-11,0.25,0.75,0.25
P3c,491,0.95800781,3.383239046163402e-28,4.8359082134363924e-11,0.25,0.75,0.25
P3c,492,0.95996094,1.931988700987756e-28,3.886245088967739e-11,0.25,0.75,0.25
P3c,493,0.96191406,1.1006292269667573e-28,3.120211353334919e-11,0.25,0.75,0.25
P3c,494,0.96386719,6.255212407707236e-29,2.5028973875017154e-11,0.25,0.75,0.25
P3c,495,0.96582031,3.546562709268699e-29,2.0059169289152736e-11,0.25,0.75,0.25
P3c,496,0.96777344,2.0060316773734807e-29,1.606211831862719e-11,0.25,0.75,0.25
P3c,497,0.96972656,1.1319636807906518e-29,1.2850716465285895e-11,0.25,0.75,0.25
P3c,498,0.97167969,6.372234716693629e-30,1.0273303090196725e-11,0.25,0.75,0.25
P3c,499,0.97363281,3.578620227103252e-30,8.20708712178453e-12,0.25,0.75,0.25
P3c,500,0.97558594,2.0049524283414e-30,6.5527732457737145e-12,0.25,0.75,0.25
P3c,501,0.97753906,1.1206171555191874e-30,5.230175184572056e-12,0.25,0.75,0.25
P3c,502,0.97949219,6.248497608381459e-31,4.174640048571787e-12,0.25,0.75,0.25
P3c,503,0.98144531,3.4758457508354985e-31,3.3341388080652916e-12,0.25,0.75,0.25
P3c,504,0.98339844,1.9289309084067107e-31,2.6669037452506185e-12,0.25,0.75,0.25
P3c,505,0.98535156,1.0679728548506561e-31,2.139515187944166e-12,0.25,0.75,0.25
P3c,506,0.98730469,5.899912855788854e-32,1.7253576468045046e-12,0.25,0.75,0.25
P3c,507,0.98925781,3.2535485925229934e-32,1.4033803051316892e-12,0.25,0.75,0.25
P3c,508,0.99121094,1.7935713127758414e-32,1.1571091752588807e-12,0.25,0.75,0.25
P3c,509,0.99316406,9.931621305857932e-33,9.738685869083833e-13,0.25,0.75,0.25
P3c,510,0.99511719,5.611768745821896e-33,8.441783916359556e-13,0.25,0.75,0.25
P3c,511,0.99707031,3.393022879023523e-33,7.613006791644744e-13,0.25,0.75,0.25
P3c,512,0.99902344,2.457034913863316e-33,7.209161867259846e-13,0.25,0.75,0.25
