# P x u_num u_exact u_err v_num v_exact v_err psi_num psi_exact psi_err
1 9.7656250000000000e-04 3.0374163656636346e-03 3.0374300831241007e-03 -1.3717460466133868e-08 3.0374163656621930e-03 3.0374300831241007e-03 -1.3717461907689077e-08 6.0748327313258276e-03 6.0748601662482015e-03 -2.7434922373822945e-08
2 2.9296875000000000e-03 9.1121633288822994e-03 9.1121758918464354e-03 -1.2562964136000887e-08 9.1121633288797441e-03 9.1121758918464354e-03 -1.2562966691248567e-08 1.8224326657762045e-02 1.8224351783692871e-02 -2.5125930825514731e-08
3 4.8828125000000000e-03 1.5186567223753972e-02 1.5186578632296664e-02 -1.1408542692145640e-08 1.5186567223762937e-02 1.5186578632296664e-02 -1.1408533727094716e-08 3.0373134447516908e-02 3.0373157264593328e-02 -2.2817076419240356e-08
4 6.8359375000000000e-03 2.1260399352326240e-02 2.1260409606644878e-02 -1.0254318637270554e-08 2.1260399352315527e-02 2.1260409606644878e-02 -1.0254329350922742e-08 4.2520798704641767e-02 4.2520819213289755e-02 -2.0508647988193296e-08
5 8.7890625000000000e-03 2.7333431038173584e-02 2.7333440138587829e-02 -9.1004142450945569e-09 2.7333431038180506e-02 2.7333440138587829e-02 -9.1004073235478877e-09 5.4666862076354086e-02 5.4666880277175658e-02 -1.8200821572111892e-08
6 1.0742187500000000e-02 3.3405433635007115e-02 3.3405441581958482e-02 -7.9469513677987713e-09 3.3405433635008717e-02 3.3405441581958482e-02 -7.9469497649142795e-09 6.6810867270015839e-02 6.6810883163916965e-02 -1.5893901125774157e-08
7 1.2695312500000000e-02 3.9476178535283013e-02 3.9476185329334418e-02 -6.7940514048014933e-09 3.9476178535275470e-02 3.9476185329334418e-02 -6.7940589473791668e-09 7.8952357070558477e-02 7.8952370658668836e-02 -1.3588110359119554e-08
8 1.4648437500000000e-02 4.5545437178809448e-02 4.5545442820644724e-02 -5.6418352767373392e-09 4.5545437178814346e-02 4.5545442820644724e-02 -5.6418303778782430e-09 9.1090874357623794e-02 9.1090885641289449e-02 -1.1283665654615582e-08
9 1.6601562500000000e-02 5.1612981061351974e-02 5.1612985551775237e-02 -4.4904232623932394e-09 5.1612981061353751e-02 5.1612985551775237e-02 -4.4904214860364000e-09 1.0322596212270573e-01 1.0322597110355047e-01 -8.9808447484296394e-09
10 1.8554687500000000e-02 5.7678581743236632e-02 5.7678585083171481e-02 -3.3399348495222192e-09 5.7678581743235063e-02 5.7678585083171481e-02 -3.3399364177122415e-09 1.1535716348647169e-01 1.1535717016634296e-01 -6.6798712672344607e-09
11 2.0507812500000000e-02 6.3742010857950671e-02 6.3742013048439433e-02 -2.1904887625989744e-09 6.3742010857951711e-02 6.3742013048439433e-02 -2.1904877217648888e-09 1.2748402171590240e-01 1.2748402609687887e-01 -4.3809764704860754e-09
12 2.2460937500000000e-02 6.9803040120740512e-02 6.9803041162943225e-02 -1.0422027130196909e-09 6.9803040120738513e-02 6.9803041162943225e-02 -1.0422047114211352e-09 1.3960608024147902e-01 1.3960608232588645e-01 -2.0844074244408262e-09
13 2.4414062500000000e-02 7.5861441337206598e-02 7.5861441232400073e-02 1.0480652457012241e-10 7.5861441337203420e-02 7.5861441232400073e-02 1.0480334655671442e-10 1.5172288267441003e-01 1.5172288246480015e-01 2.0960988500462463e-10
14 2.6367187500000000e-02 8.1916986411894904e-02 8.1916985161471598e-02 1.2504233065646631e-09 8.1916986411891879e-02 8.1916985161471598e-02 1.2504202812069209e-09 1.6383397282378678e-01 1.6383397032294320e-01 2.5008435877715840e-09
15 2.8320312500000000e-02 8.7969447356884750e-02 8.7969444962351442e-02 2.3945333077479702e-09 8.7969447356877353e-02 8.7969444962351442e-02 2.3945259108870687e-09 1.7593889471376212e-01 1.7593888992470288e-01 4.7890592325128267e-09
16 3.0273437500000000e-02 9.4018596300372417e-02 9.4018592763348979e-02 3.5370234380271981e-09 9.4018596300375928e-02 9.4018592763348979e-02 3.5370269491075135e-09 1.8803719260074836e-01 1.8803718552669796e-01 7.0740504010124994e-09
17 3.2226562500000000e-02 1.0006420549525032e-01 1.0006420081746853e-01 4.6777817869214644e-09 1.0006420549524610e-01 1.0006420081746853e-01 4.6777775680739708e-09 2.0012841099049641e-01 2.0012840163493706e-01 9.3555593549954352e-09
18 3.4179687500000000e-02 1.0610604732768170e-01 1.0610604151098380e-01 5.8166979011176068e-09 1.0610604732769112e-01 1.0610604151098380e-01 5.8167073241355283e-09 2.1221209465537283e-01 2.1221208302196759e-01 1.1633405239130923e-08
19 3.6132812500000000e-02 1.1214389432567057e-01 1.1214388737200755e-01 6.9536630203925753e-09 1.1214389432566721e-01 1.1214388737200755e-01 6.9536596619679258e-09 2.2428778865133778e-01 2.2428777474401509e-01 1.3907322682360501e-08
20 3.8085937500000000e-02 1.1817751916762533e-01 1.1817751107905573e-01 8.0885695918908596e-09 1.1817751916762761e-01 1.1817751107905573e-01 8.0885718817258478e-09 2.3635503833525295e-01 2.3635502215811147e-01 1.6177141487494495e-08
21 4.0039062500000000e-02 1.2420669469091838e-01 1.2420668546960599e-01 9.2213123942253006e-09 1.2420669469090868e-01 1.2420668546960599e-01 9.2213026936516229e-09 2.4841338938182705e-01 2.4841337093921198e-01 1.8442615073999136e-08
22 4.1992187500000000e-02 1.3023119390043747e-01 1.3023118354865024e-01 1.0351787232965037e-08 1.3023119390043614e-01 1.3023118354865024e-01 1.0351785900697408e-08 2.6046238780087361e-01 2.6046236709730047e-01 2.0703573133662445e-08
23 4.3945312500000000e-02 1.3625078997713333e-01 1.3625077849724079e-01 1.1479892536581104e-08 1.3625078997713141e-01 1.3625077849724079e-01 1.1479890621446387e-08 2.7250157995426472e-01 2.7250155699448159e-01 2.2959783130271916e-08
24 4.5898437500000000e-02 1.4226525628655801e-01 1.4226524368103025e-01 1.2605527760500834e-08 1.4226525628655617e-01 1.4226524368103025e-01 1.2605525928632844e-08 2.8453051257311418e-01 2.8453048736206049e-01 2.5211053689133678e-08
25 4.7851562500000000e-02 1.4827436638739849e-01 1.4827435265880368e-01 1.3728594816520001e-08 1.4827436638739980e-01 1.4827435265880368e-01 1.3728596121032055e-08 2.9654873277479832e-01 2.9654870531760735e-01 2.7457190965307632e-08
26 4.9804687500000000e-02 1.5427789404000156e-01 1.5427787919100455e-01 1.4848997004213160e-08 1.5427789403999714e-01 1.5427787919100455e-01 1.4848992591076637e-08 3.0855578807999873e-01 3.0855575838200910e-01 2.9697989623045373e-08
27 5.1757812500000000e-02 1.6027561321489237e-01 1.6027559724825208e-01 1.5966640287690126e-08 1.6027561321488715e-01 1.6027559724825208e-01 1.5966635069641910e-08 3.2055122642977951e-01 3.2055119449650415e-01 3.1933275357332036e-08
28 5.3710937500000000e-02 1.6626729810128404e-01 1.6626728101985136e-01 1.7081432684973308e-08 1.6626729810128066e-01 1.6626728101985136e-01 1.7081429298793083e-08 3.3253459620256470e-01 3.3253456203970272e-01 3.4162861983766390e-08
29 5.5664062500000000e-02 1.7225272311557913e-01 1.7225270492229486e-01 1.8193284267997711e-08 1.7225272311558004e-01 1.7225270492229486e-01 1.8193285183931707e-08 3.4450544623115920e-01 3.4450540984458972e-01 3.6386569479684994e-08
30 5.7617187500000000e-02 1.7823166290986264e-01 1.7823164360775567e-01 1.9302106968321908e-08 1.7823166290985590e-01 1.7823164360775567e-01 1.9302100223717034e-08 3.5646332581971851e-01 3.5646328721551135e-01 3.8604207164283366e-08
31 5.9570312500000000e-02 1.8420389238038601e-01 1.8420387197257160e-01 2.0407814410594582e-08 1.8420389238036730e-01 1.8420387197257160e-01 2.0407795703336618e-08 3.6840778476075331e-01 3.6840774394514320e-01 4.0815610113931200e-08
32 6.1523437500000000e-02 1.9016918667604363e-01 1.9016916516572022e-01 2.1510323411355614e-08 1.9016918667605676e-01 1.9016916516572022e-01 2.1510336539742880e-08 3.8033837335210041e-01 3.8033833033144043e-01 4.3020659978854070e-08
33 6.3476562500000000e-02 1.9612732120683726e-01 1.9612729859728434e-01 2.2609552924324205e-08 1.9612732120681536e-01 1.9612729859728434e-01 2.2609531025175045e-08 3.9225464241365260e-01 3.9225459719456868e-01 4.5219083921743675e-08
34 6.5429687500000000e-02 2.0207807165233174e-01 2.0207804794690792e-01 2.3705423818354276e-08 2.0207807165235261e-01 2.0207804794690792e-01 2.3705444690547139e-08 4.0415614330468436e-01 4.0415609589381585e-01 4.7410868508901416e-08
35 6.7382812500000000e-02 2.0802121397010165e-01 2.0802118917224127e-01 2.4797860376235548e-08 2.0802121397009171e-01 2.0802118917224127e-01 2.4797850439739477e-08 4.1604242794019336e-01 4.1604237834448254e-01 4.9595710815975025e-08
36 6.9335937500000000e-02 2.1395652440416385e-01 2.1395649851737633e-01 2.5886787519135979e-08 2.1395652440416205e-01 2.1395649851737633e-01 2.5886785715023564e-08 4.2791304880832592e-01 4.2791299703475266e-01 5.1773573261915118e-08
37 7.1289062500000000e-02 2.1988377949340512e-01 2.1988375252127090e-01 2.6972134220537569e-08 2.1988377949341489e-01 2.1988375252127090e-01 2.6972143990500186e-08 4.3976755898682002e-01 4.3976750504254181e-01 5.3944278211037755e-08
38 7.3242187500000000e-02 2.2580275607999167e-01 2.2580272802616186e-01 2.8053829814744802e-08 2.2580275608000688e-01 2.2580272802616186e-01 2.8053845024800239e-08 4.5160551215999856e-01 4.5160545605232372e-01 5.6107674839545041e-08
39 7.5195312500000000e-02 2.3171323131777441e-01 2.3171320218596686e-01 2.9131807549598321e-08 2.3171323131776955e-01 2.3171320218596686e-01 2.9131802692372588e-08 4.6342646263554399e-01 4.6342640437193372e-01 5.8263610269726485e-08
40 7.7148437500000000e-02 2.3761498268067741e-01 2.3761495247467437e-01 3.0206003032162698e-08 2.3761498268069159e-01 2.3761495247467437e-01 3.0206017215261838e-08 4.7522996536136897e-01 4.7522990494934875e-01 6.0412020219668960e-08
41 7.9101562500000000e-02 2.4350778797107539e-01 2.4350775669472172e-01 3.1276353673614921e-08 2.4350778797107220e-01 2.4350775669472172e-01 3.1276350481723725e-08 4.8701557594214762e-01 4.8701551338944343e-01 6.2552704183094221e-08
42 8.1054687500000000e-02 2.4939142532815992e-01 2.4939139298536070e-01 3.2342799216600326e-08 2.4939142532812719e-01 2.4939139298536070e-01 3.2342766492776676e-08 4.9878285065628714e-01 4.9878278597072140e-01 6.4685565737132578e-08
43 8.3007812500000000e-02 2.5526567323629318e-01 2.5526563983101030e-01 3.3405282873211206e-08 2.5526567323628463e-01 2.5526563983101030e-01 3.3405274324493917e-08 5.1053134647257781e-01 5.1053127966202061e-01 6.6810557197705123e-08
44 8.4960937500000000e-02 2.6113031053334579e-01 2.6113027606959699e-01 3.4463748799229421e-08 2.6113031053331676e-01 2.6113027606959699e-01 3.4463719766897327e-08 5.2226062106666249e-01 5.2226055213919398e-01 6.8927468510615597e-08
45 8.6914062500000000e-02 2.6698511641902506e-01 2.6698508090088113e-01 3.5518143925994394e-08 2.6698511641901035e-01 2.6698508090088113e-01 3.5518129215539318e-08 5.3397023283803535e-01 5.3397016180176227e-01 7.1036273086022561e-08
46 8.8867187500000000e-02 2.7282987046318724e-01 2.7282983389476989e-01 3.6568417349780447e-08 2.7282987046316159e-01 2.7282983389476989e-01 3.6568391703628578e-08 5.4565974092634884e-01 5.4565966778953978e-01 7.3136809053409024e-08
47 9.0820312500000000e-02 2.7866435261413763e-01 2.7866431499961658e-01 3.7614521053441763e-08 2.7866435261417277e-01 2.7866431499961658e-01 3.7614556192000492e-08 5.5732870522831046e-01 5.5732862999923316e-01 7.5229077300953406e-08
48 9.2773437500000000e-02 2.8448834320691502e-01 2.8448830455050528e-01 3.8656409739878939e-08 2.8448834320689415e-01 2.8448830455050528e-01 3.8656388867686076e-08 5.6897668641380916e-01 5.6897660910101056e-01 7.7312798607565014e-08
49 9.4726562500000000e-02 2.9030162297156059e-01 2.9030158327752104e-01 3.9694039555282501e-08 2.9030162297156720e-01 2.9030158327752104e-01 3.9694046161109497e-08 5.8060324594312784e-01 5.8060316655504207e-01 7.9388085771903150e-08
50 9.6679687500000000e-02 2.9610397304137454e-01 2.9610393231400556e-01 4.0727368977311329e-08 2.9610397304138047e-01 2.9610393231400556e-01 4.0727374917004511e-08 5.9220794608275495e-01 5.9220786462801112e-01 8.1454743838804688e-08
51 9.8632812500000000e-02 3.0189517496115581e-01 3.0189513320479699e-01 4.1756358815092653e-08 3.0189517496114271e-01 3.0189513320479699e-01 4.1756345714460963e-08 6.0379034992229852e-01 6.0379026640959399e-01 8.3512704529553616e-08
52 1.0058593750000000e-01 3.0767501069542680e-01 3.0767496791445514e-01 4.2780971654110544e-08 3.0767501069539505e-01 3.0767496791445514e-01 4.2780939901732040e-08 6.1535002139082184e-01 6.1534993582891029e-01 8.5561911555842585e-08
53 1.0253906250000000e-01 3.1344326263664229e-01 3.1344321883546994e-01 4.3801172355806273e-08 3.1344326263669514e-01 3.1344321883546994e-01 4.3801225202422245e-08 6.2688652527333744e-01 6.2688643767093988e-01 8.7602397558228517e-08
54 1.0449218750000000e-01 3.1919971361338295e-01 3.1919966879645439e-01 4.4816928557178670e-08 3.1919971361337734e-01 3.1919966879645439e-01 4.4816922950552396e-08 6.3839942722676035e-01 6.3839933759290879e-01 8.9633851563242217e-08
55 1.0644531250000000e-01 3.2494414689853024e-01 3.2494410107032101e-01 4.5828209227494199e-08 3.2494414689846945e-01 3.2494410107032101e-01 4.5828148442783601e-08 6.4988829379699964e-01 6.4988820214064202e-01 9.1656357614766648e-08
56 1.0839843750000000e-01 3.3067634621742731e-01 3.3067629938244147e-01 4.6834985834021126e-08 3.3067634621745795e-01 3.3067629938244147e-01 4.6835016476176605e-08 6.6135269243488526e-01 6.6135259876488295e-01 9.3670002310197731e-08
57 1.1035156250000000e-01 3.3639609575602114e-01 3.3639604791878924e-01 4.7837231897940313e-08 3.3639609575601931e-01 3.3639604791878924e-01 4.7837230066072323e-08 6.7279219151204050e-01 6.7279209583757849e-01 9.5674462019523787e-08
58 1.1230468750000000e-01 3.4210318016898739e-01 3.4210313133406467e-01 4.8834922716789464e-08 3.4210318016904884e-01 3.4210313133406467e-01 4.8834984167633877e-08 6.8420636033803617e-01 6.8420626266812934e-01 9.7669906828912190e-08
59 1.1425781250000000e-01 3.4779738458783827e-01 3.4779733475980279e-01 4.9828035475485422e-08 3.4779738458791815e-01 3.4779733475980279e-01 4.9828115356032043e-08 6.9559476917575647e-01 6.9559466951960558e-01 9.9656150887028616e-08
60 1.1621093750000000e-01 3.5347849462901199e-01 3.5347844381246302e-01 5.0816548968768416e-08 3.5347849462892739e-01 3.5347844381246302e-01 5.0816464369773939e-08 7.0695698925793937e-01 7.0695688762492603e-01 1.0163301333854236e-07
61 1.1816406250000000e-01 3.5914629640194479e-01 3.5914624460150069e-01 5.1800444100802423e-08 3.5914629640208445e-01 3.5914624460150069e-01 5.1800583766858921e-08 7.1829259280402924e-01 7.1829248920300137e-01 1.0360102786766134e-07
62 1.2011718750000000e-01 3.6480057651712328e-01 3.6480052373741928e-01 5.2779703996197469e-08 3.6480057651698933e-01 3.6480052373741928e-01 5.2779570047789548e-08 7.2960115303411266e-01 7.2960104747483856e-01 1.0555927409949817e-07
63 1.2207031250000000e-01 3.7044112209411723e-01 3.7044106833980517e-01 5.3754312057119336e-08 3.7044112209428476e-01 3.7044106833980517e-01 5.3754479589773752e-08 7.4088224418840198e-01 7.4088213667961034e-01 1.0750879164689309e-07
64 1.2402343750000000e-01 3.7606772076959549e-01 3.7606766604534236e-01 5.4724253129023737e-08 3.7606772076952766e-01 3.7606766604534236e-01 5.4724185294396932e-08 7.5213544153912315e-01 7.5213533209068473e-01 1.0944843842342067e-07
65 1.2597656250000000e-01 3.8168016070532229e-01 3.8168010501580718e-01 5.5689515110479704e-08 3.8168016070529359e-01 3.8168010501580718e-01 5.5689486411214517e-08 7.6336032141061594e-01 7.6336021003161436e-01 1.1137900157720537e-07
66 1.2792968750000000e-01 3.8727823059613214e-01 3.8727817394604463e-01 5.6650087509879654e-08 3.8727823059622385e-01 3.8727817394604463e-01 5.6650179214301488e-08 7.7455646119235599e-01 7.7455634789208927e-01 1.1330026672418114e-07
67 1.2988281250000000e-01 3.9286171967788386e-01 3.9286166207192352e-01 5.7605960335216366e-08 3.9286171967779698e-01 3.9286166207192352e-01 5.7605873460264689e-08 7.8572343935568090e-01 7.8572332414384705e-01 1.1521183385099221e-07
68 1.3183593750000000e-01 3.9843041773539634e-01 3.9843035917827174e-01 5.8557124593683341e-08 3.9843041773531190e-01 3.9843035917827174e-01 5.8557040161222318e-08 7.9686083547070830e-01 7.9686071835654348e-01 1.1711416481041681e-07
69 1.3378906250000000e-01 4.0398411511036530e-01 4.0398405560679063e-01 5.9503574678654303e-08 4.0398411511040461e-01 4.0398405560679063e-01 5.9503613980549375e-08 8.0796823022076991e-01 8.0796811121358125e-01 1.1900718865920368e-07
70 1.3574218750000000e-01 4.0952260270925278e-01 4.0952254226394857e-01 6.0445304206346862e-08 4.0952260270925284e-01 4.0952254226394857e-01 6.0445304261858013e-08 8.1904520541850556e-01 8.1904508452789715e-01 1.2089060841269372e-07
71 1.3769531250000000e-01 4.1504567201116138e-01 4.1504561062885337e-01 6.1382308014223952e-08 4.1504567201122966e-01 4.1504561062885337e-01 6.1382376292939966e-08 8.3009134402239104e-01 8.3009122125770674e-01 1.2276468430716392e-07
72 1.3964843750000000e-01 4.2055311507568571e-01 4.2055305276110277e-01 6.2314582938149954e-08 4.2055311507579457e-01 4.2055305276110277e-01 6.2314691795517518e-08 8.4110623015148023e-01 8.4110610552220555e-01 1.2462927467815632e-07
73 1.4160156250000000e-01 4.2604472455074083e-01 4.2604466130861329e-01 6.3242127534834935e-08 4.2604472455069808e-01 4.2604466130861329e-01 6.3242084791248487e-08 8.5208944910143891e-01 8.5208932261722659e-01 1.2648421232608342e-07
74 1.4355468750000000e-01 4.3152029368036693e-01 4.3152022951542690e-01 6.4164940027922057e-08 4.3152029368036626e-01 4.3152022951542690e-01 6.4164939361788242e-08 8.6304058736073319e-01 8.6304045903085380e-01 1.2832987938971030e-07
75 1.4550781250000000e-01 4.3697961631251592e-01 4.3697955122949550e-01 6.5083020417411319e-08 4.3697961631241050e-01 4.3697955122949550e-01 6.5082915001735131e-08 8.7395923262492636e-01 8.7395910245899100e-01 1.3016593536363530e-07
76 1.4746093750000000e-01 4.4242248690681119e-01 4.4242242091044209e-01 6.5996369091880780e-08 4.4242248690678571e-01 4.4242242091044209e-01 6.5996343612262365e-08 8.8484497381359684e-01 8.8484484182088419e-01 1.3199271264863199e-07
77 1.4941406250000000e-01 4.4784870054228693e-01 4.4784863363729971e-01 6.6904987217064615e-08 4.4784870054221498e-01 4.4784863363729971e-01 6.6904915274612620e-08 8.9569740108450191e-01 8.9569726727459942e-01 1.3380990249167724e-07
78 1.5136718750000000e-01 4.5325805292510418e-01 4.5325798511622578e-01 6.7808878401187656e-08 4.5325805292513432e-01 4.5325798511622578e-01 6.7808908543742774e-08 9.0651610585023845e-01 9.0651597023245156e-01 1.3561778688941928e-07
79 1.5332031250000000e-01 4.5865034039623992e-01 4.5865027168819472e-01 6.8708045197762857e-08 4.5865034039609320e-01 4.5865027168819472e-01 6.8707898481790153e-08 9.1730068079233318e-01 9.1730054337638944e-01 1.3741594373506416e-07
80 1.5527343750000000e-01 4.6402535993915639e-01 4.6402529033666484e-01 6.9602491548081957e-08 4.6402535993899169e-01 4.6402529033666484e-01 6.9602326846496254e-08 9.2805071987814802e-01 9.2805058067332968e-01 1.3920481833906706e-07
81 1.5722656250000000e-01 4.6938290918744374e-01 4.6938283869522190e-01 7.0492221837525904e-08 4.6938290918727954e-01 4.6938283869522190e-01 7.0492057635540561e-08 9.3876581837472328e-01 9.3876567739044381e-01 1.4098427947306647e-07
82 1.5917968750000000e-01 4.7472278643243765e-01 4.7472271505519836e-01 7.1377239285741467e-08 4.7472278643239674e-01 4.7472271505519836e-01 7.1377198374023010e-08 9.4944557286483433e-01 9.4944543011039673e-01 1.4275443760425333e-07
83 1.6113281250000000e-01 4.8004479063081956e-01 4.8004471837326734e-01 7.2257552219401333e-08 4.8004479063091499e-01 4.8004471837326734e-01 7.2257647643070300e-08 9.6008958126173449e-01 9.6008943674653469e-01 1.4451519980696048e-07
84 1.6308593750000000e-01 4.8534872141217672e-01 4.8534864827901197e-01 7.3133164746330692e-08 4.8534872141210111e-01 4.8534864827901197e-01 7.3133089140142715e-08 9.7069744282427783e-01 9.7069729655802395e-01 1.4626625388647341e-07
85 1.6503906250000000e-01 4.9063437908655283e-01 4.9063430508246908e-01 7.4004083749912297e-08 4.9063437908652563e-01 4.9063430508246908e-01 7.4004056549448194e-08 9.8126875817307846e-01 9.8126861016493816e-01 1.4800814029936049e-07
86 1.6699218750000000e-01 4.9590156465196417e-01 4.9590148978164733e-01 7.4870316835173867e-08 4.9590156465189550e-01 4.9590148978164733e-01 7.4870248167879794e-08 9.9180312930385961e-01 9.9180297956329466e-01 1.4974056494754251e-07
87 1.6894531250000000e-01 5.0115007980188930e-01 5.0115000407002008e-01 7.5731869220163617e-08 5.0115007980190018e-01 5.0115000407002008e-01 7.5731880100349258e-08 1.0023001596037895e+00 1.0023000081400402e+00 1.5146374932051287e-07
88 1.7089843750000000e-01 5.0637972693274080e-01 5.0637965034399057e-01 7.6588750230754954e-08 5.0637972693261502e-01 5.0637965034399057e-01 7.6588624442486264e-08 1.0127594538653559e+00 1.0127593006879811e+00 1.5317737478426352e-07
89 1.7285156250000000e-01 5.1159030915129944e-01 5.1159023171033280e-01 7.7440966639308328e-08 5.1159030915131720e-01 5.1159023171033280e-01 7.7440984402876722e-08 1.0231806183026166e+00 1.0231804634206656e+00 1.5488195104218505e-07
90 1.7480468750000000e-01 5.1678163028212887e-01 5.1678155199360298e-01 7.8288525884318005e-08 5.1678163028209512e-01 5.1678155199360298e-01 7.8288492133538057e-08 1.0335632605642240e+00 1.0335631039872060e+00 1.5657701801785606e-07
91 1.7675781250000000e-01 5.2195349487496323e-01 5.2195341574352661e-01 7.9131436625523577e-08 5.2195349487491760e-01 5.2195341574352661e-01 7.9131390995357265e-08 1.0439069897498809e+00 1.0439068314870532e+00 1.5826282773190314e-07
92 1.7871093750000000e-01 5.2710570821206193e-01 5.2710562824235685e-01 7.9969705080173981e-08 5.2710570821197222e-01 5.2710562824235685e-01 7.9969615374153591e-08 1.0542114164240342e+00 1.0542112564847137e+00 1.5993932045432757e-07
93 1.8066406250000000e-01 5.3223807631554620e-01 5.3223799551220508e-01 8.0803341129254136e-08 5.3223807631547304e-01 5.3223799551220508e-01 8.0803267965556813e-08 1.0644761526310194e+00 1.0644759910244102e+00 1.6160660920583325e-07
94 1.8261718750000000e-01 5.3735040595469619e-01 5.3735032432234442e-01 8.1632351767169098e-08 5.3735040595470940e-01 5.3735032432234442e-01 8.1632364978823091e-08 1.0747008119094055e+00 1.0747006486446888e+00 1.6326471663496989e-07
95 1.8457031250000000e-01 5.4244250465323118e-01 5.4244242219648475e-01 8.2456746430814576e-08 5.4244250465317956e-01 5.4244242219648475e-01 8.2456694805443931e-08 1.0848850093064106e+00 1.0848848443929695e+00 1.6491344112523620e-07
96 1.8652343750000000e-01 5.4751418069655133e-01 5.4751409742001889e-01 8.3276532447662532e-08 5.4751418069646685e-01 5.4751409742001889e-01 8.3276447959690358e-08 1.0950283613930183e+00 1.0950281948400378e+00 1.6655298051837519e-07
97 1.8847656250000000e-01 5.5256524313895783e-01 5.5256515904724146e-01 8.4091716368028813e-08 5.5256524313892685e-01 5.5256515904724146e-01 8.4091685392806426e-08 1.1051304862778846e+00 1.1051303180944829e+00 1.6818340164981294e-07
98 1.9042968750000000e-01 5.5759550181084372e-01 5.5759541690853698e-01 8.4902306740630706e-08 5.5759550181073292e-01 5.5759541690853698e-01 8.4902195940372849e-08 1.1151910036215766e+00 1.1151908338170740e+00 1.6980450268100356e-07
99 1.9238281250000000e-01 5.6260476732585130e-01 5.6260468161754007e-01 8.5708311226007083e-08 5.6260476732583142e-01 5.6260468161754007e-01 8.5708291353014943e-08 1.1252095346516828e+00 1.1252093632350801e+00 1.7141660269004433e-07
100 1.9433593750000000e-01 5.6759285108800139e-01 5.6759276457826580e-01 8.6509735597317672e-08 5.6759285108802160e-01 5.6759276457826580e-01 8.6509755803376720e-08 1.1351857021760230e+00 1.1351855291565316e+00 1.7301949140069439e-07
101 1.9628906250000000e-01 5.7255956529879726e-01 5.7255947799220985e-01 8.7306587404079039e-08 5.7255956529892316e-01 5.7255947799220985e-01 8.7306713303370032e-08 1.1451191305977204e+00 1.1451189559844197e+00 1.7461330070744907e-07
102 1.9824218750000000e-01 5.7750472296429489e-01 5.7750463486541936e-01 8.8098875528075382e-08 5.7750472296416844e-01 5.7750463486541936e-01 8.8098749073672877e-08 1.1550094459284632e+00 1.1550092697308387e+00 1.7619762449072596e-07
103 2.0019531250000000e-01 5.8242813790213699e-01 5.8242804901553313e-01 8.8886603855087287e-08 5.8242813790200387e-01 5.8242804901553313e-01 8.8886470739346635e-08 1.1648562758041408e+00 1.1648560980310663e+00 1.7777307448341162e-07
104 2.0214843750000000e-01 5.8732962474857076e-01 5.8732953507879126e-01 8.9669779490542112e-08 5.8732962474848871e-01 5.8732953507879126e-01 8.9669697445060592e-08 1.1746592494970596e+00 1.1746590701575825e+00 1.7933947704662501e-07
105 2.0410156250000000e-01 5.9220899896542267e-01 5.9220890851701358e-01 9.0448409095778004e-08 5.9220899896528467e-01 5.9220890851701358e-01 9.0448271095056043e-08 1.1844179979307072e+00 1.1844178170340272e+00 1.8089668007981174e-07
106 2.0605468750000000e-01 5.9706607684704593e-01 5.9706598562454805e-01 9.1222497888843179e-08 5.9706607684683433e-01 5.9706598562454805e-01 9.1222286280334686e-08 1.1941321536938803e+00 1.1941319712490961e+00 1.8244478416917786e-07
107 2.0800781250000000e-01 6.0190067552723903e-01 6.0190058353518683e-01 9.1992052198008878e-08 6.0190067552701176e-01 6.0190058353518683e-01 9.1991824935355737e-08 1.2038013510542509e+00 1.2038011670703737e+00 1.8398387724438692e-07
108 2.0996093750000000e-01 6.0671261298612833e-01 6.0671252022905109e-01 9.2757077241323316e-08 6.0671261298598789e-01 6.0671252022905109e-01 9.2756936798110701e-08 1.2134252259721161e+00 1.2134250404581022e+00 1.8551401392841171e-07
109 2.1191406250000000e-01 6.1150170805702031e-01 6.1150161453944396e-01 9.3517576349455567e-08 6.1150170805702342e-01 6.1150161453944396e-01 9.3517579458080036e-08 1.2230034161140437e+00 1.2230032290788879e+00 1.8703515580753560e-07
110 2.1386718750000000e-01 6.1626778043322483e-01 6.1626768615967165e-01 9.4273553186141612e-08 6.1626778043386798e-01 6.1626768615967165e-01 9.4274196338339777e-08 1.2325355608670927e+00 1.2325353723193433e+00 1.8854774941345909e-07
111 2.1582031250000000e-01 6.2101065067484340e-01 6.2101055564983132e-01 9.5025012081251248e-08 6.2101065067465788e-01 6.2101055564983132e-01 9.5024826562983833e-08 1.2420213013495012e+00 1.2420211112996626e+00 1.9004983853321278e-07
112 2.1777343750000000e-01 6.2573014021552242e-01 6.2573004444356739e-01 9.5771955033185918e-08 6.2573014021526396e-01 6.2573004444356739e-01 9.5771696573265785e-08 1.2514602804307864e+00 1.2514600888871348e+00 1.9154365160645170e-07
113 2.1972656250000000e-01 6.3042607136918227e-01 6.3042597485479401e-01 9.6514388259194561e-08 6.3042607136900386e-01 6.3042597485479401e-01 9.6514209846354504e-08 1.2608521427381860e+00 1.2608519497095880e+00 1.9302859799452676e-07
114 2.2167968750000000e-01 6.3509826733669761e-01 6.3509817008438574e-01 9.7252311870299479e-08 6.3509826733693697e-01 6.3509817008438574e-01 9.7252551234383589e-08 1.2701965346736346e+00 1.2701963401687715e+00 1.9450486310468307e-07
115 2.2363281250000000e-01 6.3974655221256038e-01 6.3974645422683263e-01 9.7985727753879814e-08 6.3974655221231846e-01 6.3974645422683263e-01 9.7985485836282749e-08 1.2794931044248790e+00 1.2794929084536653e+00 1.9597121370118487e-07
116 2.2558593750000000e-01 6.4437075099149943e-01 6.4437065227686408e-01 9.8714635354824054e-08 6.4437075099137409e-01 6.4437065227686408e-01 9.8714510010644574e-08 1.2887415019828734e+00 1.2887413045537282e+00 1.9742914525444633e-07
117 2.2753906250000000e-01 6.4897068957507353e-01 6.4897059013603708e-01 9.9439036449489038e-08 6.4897068957485782e-01 6.4897059013603708e-01 9.9438820733155353e-08 1.2979413791499312e+00 1.2979411802720742e+00 1.9887785707162209e-07
118 2.2949218750000000e-01 6.5354619477822384e-01 6.5354609461929114e-01 1.0015893270320930e-07 6.5354619477833364e-01 6.5354609461929114e-01 1.0015904250426644e-07 1.3070923895565576e+00 1.3070921892385823e+00 2.0031797531849804e-07
119 2.3144531250000000e-01 6.5809709433579278e-01 6.5809699346146844e-01 1.0087432433802945e-07 6.5809709433532115e-01 6.5809699346146844e-01 1.0087385271528859e-07 1.3161941886711139e+00 1.3161939869229369e+00 2.0174817705331805e-07
120 2.3339843750000000e-01 6.6262321690900916e-01 6.6262311532379992e-01 1.0158520924452574e-07 6.6262321690853265e-01 6.6262311532379992e-01 1.0158473273680357e-07 1.3252464338175418e+00 1.3252462306475998e+00 2.0316994198132932e-07
121 2.3535156250000000e-01 6.6712439209194507e-01 6.6712428980035554e-01 1.0229158953212192e-07 6.6712439209174723e-01 6.6712428980035554e-01 1.0229139169037893e-07 1.3342487841836923e+00 1.3342485796007111e+00 2.0458298122250085e-07
122 2.3730468750000000e-01 6.7160045041792404e-01 6.7160034742446040e-01 1.0299346364650575e-07 6.7160045041791416e-01 6.7160034742446040e-01 1.0299345376552083e-07 1.3432009008358383e+00 1.3432006948489208e+00 2.0598691752304887e-07
123 2.3925781250000000e-01 6.7605122336590240e-01 6.7605111967507470e-01 1.0369082770189664e-07 6.7605122336524015e-01 6.7605111967507470e-01 1.0369016545386245e-07 1.3521024467311427e+00 1.3521022393501494e+00 2.0738099326678139e-07
124 2.4121093750000000e-01 6.8047654336681807e-01 6.8047643898313881e-01 1.0438367925580394e-07 6.8047654336679786e-01 6.8047643898313881e-01 1.0438365904974489e-07 1.3609530867336159e+00 1.3609528779662776e+00 2.0876733830554883e-07
125 2.4316406250000000e-01 6.8487624380989753e-01 6.8487613873788222e-01 1.0507201531062549e-07 6.8487624380950329e-01 6.8487613873788222e-01 1.0507162107042944e-07 1.3697524876194009e+00 1.3697522774757644e+00 2.1014363649207723e-07
126 2.4511718750000000e-01 6.8925015904892817e-01 6.8925005329309563e-01 1.0575583253569221e-07 6.8925015904975528e-01 6.8925005329309563e-01 1.0575665965184555e-07 1.3785003180986835e+00 1.3785001065861913e+00 2.1151249218753776e-07
127 2.4707031250000000e-01 6.9359812440849811e-01 6.9359801797336817e-01 1.0643512993180337e-07 6.9359812440885216e-01 6.9359801797336817e-01 1.0643548398192593e-07 1.3871962488173502e+00 1.3871960359467363e+00 2.1287061380270700e-07
128 2.4902343750000000e-01 6.9791997619019019e-01 6.9791986908028736e-01 1.0710990283602229e-07 6.9791997619025459e-01 6.9791986908028736e-01 1.0710996722895771e-07 1.3958399523804448e+00 1.3958397381605747e+00 2.1421987006498000e-07
129 2.5097656250000000e-01 7.0221555167874594e-01 7.0221544389860147e-01 1.0778014447598849e-07 7.0221555167878602e-01 7.0221544389860147e-01 1.0778018455503968e-07 1.4044311033575321e+00 1.4044308877972029e+00 2.1556032914205048e-07
130 2.5292968750000000e-01 7.0648468914819618e-01 7.0648458070234654e-01 1.0844584963365378e-07 7.0648468914865614e-01 7.0648458070234654e-01 1.0844630959905288e-07 1.4129693782968524e+00 1.4129691614046931e+00 2.1689215934372896e-07
131 2.5488281250000000e-01 7.1072722786794917e-01 7.1072711876093497e-01 1.0910701420119295e-07 7.1072722786841480e-01 7.1072711876093497e-01 1.0910747982872948e-07 1.4214544557363640e+00 1.4214542375218699e+00 2.1821449402992243e-07
132 2.5683593750000000e-01 7.1494300810883782e-01 7.1494289834520663e-01 1.0976363118420096e-07 7.1494300810863487e-01 7.1494289834520663e-01 1.0976342823543206e-07 1.4298860162174727e+00 1.4298857966904133e+00 2.1952705941963302e-07
133 2.5878906250000000e-01 7.1913187114913646e-01 7.1913176073344298e-01 1.1041569347725044e-07 7.1913187114921651e-01 7.1913176073344298e-01 1.1041577352433052e-07 1.4382637422983531e+00 1.4382635214668860e+00 2.2083146711260326e-07
134 2.6074218750000000e-01 7.2329365928053679e-01 7.2329354821734260e-01 1.1106319419695865e-07 7.2329365928094702e-01 7.2329354821734260e-01 1.1106360442436625e-07 1.4465873185614839e+00 1.4465870964346852e+00 2.2212679873234720e-07
135 2.6269531250000000e-01 7.2742821581408479e-01 7.2742810410795888e-01 1.1170612590483131e-07 7.2742821581437156e-01 7.2742810410795888e-01 1.1170641267543857e-07 1.4548564316284565e+00 1.4548562082159178e+00 2.2341253869129218e-07
136 2.6464843750000000e-01 7.3153538508608351e-01 7.3153527274159957e-01 1.1234448393793173e-07 7.3153538508593485e-01 7.3153527274159957e-01 1.1234433527906873e-07 1.4630707701720183e+00 1.4630705454831991e+00 2.2468881910597815e-07
137 2.6660156250000000e-01 7.3561501246394456e-01 7.3561489948568715e-01 1.1297825741607426e-07 7.3561501246374594e-01 7.3561489948568715e-01 1.1297805879717515e-07 1.4712300249276904e+00 1.4712297989713743e+00 2.2595631610222711e-07
138 2.6855468750000000e-01 7.3966694435201885e-01 7.3966683074458006e-01 1.1360743878974233e-07 7.3966694435242486e-01 7.3966683074458006e-01 1.1360784479830244e-07 1.4793338887044438e+00 1.4793336614891601e+00 2.2721528369906707e-07
139 2.7050781250000000e-01 7.4369102819737720e-01 7.4369091396535691e-01 1.1423202028737478e-07 7.4369102819766830e-01 7.4369091396535691e-01 1.1423231138785184e-07 1.4873820563950455e+00 1.4873818279307138e+00 2.2846433167522662e-07
140 2.7246093750000000e-01 7.4768711249555120e-01 7.4768699764355884e-01 1.1485199236105359e-07 7.4768711249573971e-01 7.4768699764355884e-01 1.1485218087692317e-07 1.4953742249912909e+00 1.4953739952871177e+00 2.2970417323797676e-07
141 2.7441406250000000e-01 7.5165504679623840e-01 7.5165493132889372e-01 1.1546734468570463e-07 7.5165504679654327e-01 7.5165493132889372e-01 1.1546764955294719e-07 1.5033100935927817e+00 1.5033098626577874e+00 2.3093499423865183e-07
142 2.7636718750000000e-01 7.5559468170896837e-01 7.5559456563090133e-01 1.1607806704727608e-07 7.5559468170906174e-01 7.5559456563090133e-01 1.1607816041703245e-07 1.5111893634180302e+00 1.5111891312618027e+00 2.3215622757533083e-07
143 2.7832031250000000e-01 7.5950586890872529e-01 7.5950575222457672e-01 1.1668414856558229e-07 7.5950586890896543e-01 7.5950575222457672e-01 1.1668438870682252e-07 1.5190117378176908e+00 1.5190115044491534e+00 2.3336853738342711e-07
144 2.8027343750000000e-01 7.6338846114153680e-01 7.6338834385595511e-01 1.1728558169110670e-07 7.6338846114190972e-01 7.6338834385595511e-01 1.1728595461502067e-07 1.5267769222834464e+00 1.5267766877119102e+00 2.3457153619510507e-07
145 2.8222656250000000e-01 7.6724231223001127e-01 7.6724219434765617e-01 1.1788235509957445e-07 7.6724231222959993e-01 7.6724219434765617e-01 1.1788194376194383e-07 1.5344846244596111e+00 1.5344843886953123e+00 2.3576429875049598e-07
146 2.8417968750000000e-01 7.7106727707884504e-01 7.7106715860438713e-01 1.1847445791079991e-07 7.7106727707901990e-01 7.7106715860438713e-01 1.1847463277092629e-07 1.5421345541578648e+00 1.5421343172087743e+00 2.3694909057070390e-07
147 2.8613281250000000e-01 7.7486321168028427e-01 7.7486309261840558e-01 1.1906187868948592e-07 7.7486321168035166e-01 7.7486309261840558e-01 1.1906194608002352e-07 1.5497264233606360e+00 1.5497261852368112e+00 2.3812382488053174e-07
148 2.8808593750000000e-01 7.7862997311954751e-01 7.7862985347494140e-01 1.1964460611135763e-07 7.7862997311939386e-01 7.7862985347494140e-01 1.1964445245649102e-07 1.5572599462389414e+00 1.5572597069498828e+00 2.3928905856784866e-07
149 2.9003906250000000e-01 7.8236741958020350e-01 7.8236729935757710e-01 1.2022262640964954e-07 7.8236741958009992e-01 7.8236729935757710e-01 1.2022252282584134e-07 1.5647348391603035e+00 1.5647345987151542e+00 2.4044514934651318e-07
150 2.9199218750000000e-01 7.8607541034951656e-01 7.8607528955358785e-01 1.2079592870417599e-07 7.8607541034988671e-01 7.8607528955358785e-01 1.2079629885253240e-07 1.5721508206994033e+00 1.5721505791071757e+00 2.4159222755670839e-07
151 2.9394531250000000e-01 7.8975380582373911e-01 7.8975368445923844e-01 1.2136450067146143e-07 7.8975380582399035e-01 7.8975368445923844e-01 1.2136475191493190e-07 1.5795076116477293e+00 1.5795073689184769e+00 2.4272925247537103e-07
152 2.9589843750000000e-01 7.9340246751337207e-01 7.9340234558503964e-01 1.2192833243052092e-07 7.9340246751309118e-01 7.9340234558503964e-01 1.2192805154409569e-07 1.5868049350264632e+00 1.5868046911700793e+00 2.4385638397461662e-07
153 2.9785156250000000e-01 7.9702125804837010e-01 7.9702113556096266e-01 1.2248740743903141e-07 7.9702125804861246e-01 7.9702113556096266e-01 1.2248764980071769e-07 1.5940425160969824e+00 1.5940422711219253e+00 2.4497505712872680e-07
154 2.9980468750000000e-01 8.0061004118332357e-01 8.0060991814160976e-01 1.2304171381760654e-07 8.0061004118324430e-01 8.0060991814160976e-01 1.2304163454768258e-07 1.6012200823665679e+00 1.6012198362832195e+00 2.4608334836528911e-07
155 3.0175781250000000e-01 8.0416868180258450e-01 8.0416855821134536e-01 1.2359123913174841e-07 8.0416868180248902e-01 8.0416855821134536e-01 1.2359114365256829e-07 1.6083373636050735e+00 1.6083371164226907e+00 2.4718238278431670e-07
156 3.0371093750000000e-01 8.0769704592535407e-01 8.0769692178938235e-01 1.2413597172411528e-07 8.0769704592544744e-01 8.0769692178938235e-01 1.2413606509387165e-07 1.6153940918508014e+00 1.6153938435787647e+00 2.4827203670696463e-07
157 3.0566406250000000e-01 8.1119500071072204e-01 8.1119487603482598e-01 1.2467589605158480e-07 8.1119500071062434e-01 8.1119487603482598e-01 1.2467579835195863e-07 1.6223900014213464e+00 1.6223897520696520e+00 2.4935169440354343e-07
158 3.0761718750000000e-01 8.1466241446267362e-01 8.1466228925167616e-01 1.2521099745921305e-07 8.1466241446255649e-01 8.1466228925167616e-01 1.2521088033068395e-07 1.6293248289252302e+00 1.6293245785033523e+00 2.5042187790091930e-07
159 3.0957031250000000e-01 8.1809915663505073e-01 8.1809903089378500e-01 1.2574126573294819e-07 8.1809915663504396e-01 8.1809903089378500e-01 1.2574125896058774e-07 1.6361983132700946e+00 1.6361980617875700e+00 2.5148252458251363e-07
160 3.1152343750000000e-01 8.2150509783645753e-01 8.2150497156977220e-01 1.2626668532966789e-07 8.2150509783635761e-01 8.2150497156977220e-01 1.2626658540959568e-07 1.6430101956728151e+00 1.6430099431395444e+00 2.5253327073926357e-07
161 3.1347656250000000e-01 8.2488010983514082e-01 8.2487998304789611e-01 1.2678724470305269e-07 8.2488010983500226e-01 8.2487998304789611e-01 1.2678710614721922e-07 1.6497602196701431e+00 1.6497599660957922e+00 2.5357435085027191e-07
162 3.1542968750000000e-01 8.2822406556381101e-01 8.2822393826088236e-01 1.2730292864304715e-07 8.2822406556382466e-01 8.2822393826088236e-01 1.2730294229879036e-07 1.6564481311276356e+00 1.6564478765217647e+00 2.5460587083081521e-07
163 3.1738281250000000e-01 8.3153683912442933e-01 8.3153671131070728e-01 1.2781372205061814e-07 8.3153683912436804e-01 8.3153671131070728e-01 1.2781366076630718e-07 1.6630736782487974e+00 1.6630734226214146e+00 2.5562738281692532e-07
164 3.1933593750000000e-01 8.3481830579294836e-01 8.3481817747333775e-01 1.2831961060388863e-07 8.3481830579280403e-01 8.3481817747333775e-01 1.2831946627489543e-07 1.6696366115857524e+00 1.6696363549466755e+00 2.5663907687878407e-07
165 3.2128906250000000e-01 8.3806834202400815e-01 8.3806821320342739e-01 1.2882058075813774e-07 8.3806834202401870e-01 8.3806821320342739e-01 1.2882059130525647e-07 1.6761366840480267e+00 1.6761364264068548e+00 2.5764117195237191e-07
166 3.2324218750000000e-01 8.4128682545558997e-01 8.4128669613896812e-01 1.2931662185522441e-07 8.4128682545549005e-01 8.4128669613896812e-01 1.2931652193515220e-07 1.6825736509110800e+00 1.6825733922779362e+00 2.5863314379037661e-07
167 3.2519531250000000e-01 8.4447363491361460e-01 8.4447350510589636e-01 1.2980771824100401e-07 8.4447363491358363e-01 8.4447350510589636e-01 1.2980768726578162e-07 1.6889472698271981e+00 1.6889470102117927e+00 2.5961540539576333e-07
168 3.2714843750000000e-01 8.4762865041650914e-01 8.4762852012265577e-01 1.3029385337315347e-07 8.4762865041634872e-01 8.4762852012265577e-01 1.3029369294592641e-07 1.6952573008328580e+00 1.6952570402453115e+00 2.6058754643010218e-07
169 3.2910156250000000e-01 8.5075175317972862e-01 8.5075162240471403e-01 1.3077501459513030e-07 8.5075175317985741e-01 8.5075162240471403e-01 1.3077514338100116e-07 1.7015035063595860e+00 1.7015032448094281e+00 2.6155015797613146e-07
170 3.3105468750000000e-01 8.5384282562022351e-01 8.5384269436903548e-01 1.3125118802914670e-07 8.5384282562034441e-01 8.5384269436903548e-01 1.3125130893243409e-07 1.7076856512405678e+00 1.7076853887380710e+00 2.6250249685055849e-07
171 3.3300781250000000e-01 8.5690175136086566e-01 8.5690161963850775e-01 1.3172235791003573e-07 8.5690175136083246e-01 8.5690161963850775e-01 1.3172232471436729e-07 1.7138035027216980e+00 1.7138032392770155e+00 2.6344468251338071e-07
172 3.3496093750000000e-01 8.5992841523483277e-01 8.5992828304632363e-01 1.3218850913876423e-07 8.5992841523474639e-01 8.5992828304632363e-01 1.3218842276341292e-07 1.7198568304695792e+00 1.7198565660926473e+00 2.6437693190217715e-07
173 3.3691406250000000e-01 8.6292270328994647e-01 8.6292257064031619e-01 1.3264963028003507e-07 8.6292270329019916e-01 8.6292257064031619e-01 1.3264988296679547e-07 1.7258454065801456e+00 1.7258451412806324e+00 2.6529951324683054e-07
174 3.3886718750000000e-01 8.6588450279295370e-01 8.6588436968724980e-01 1.3310570390334675e-07 8.6588450279297402e-01 8.6588436968724980e-01 1.3310572422042810e-07 1.7317690055859276e+00 1.7317687393744996e+00 2.6621142801275255e-07
175 3.4082031250000000e-01 8.6881370223378218e-01 8.6881356867706450e-01 1.3355671768522370e-07 8.6881370223367316e-01 8.6881356867706450e-01 1.3355660866132268e-07 1.7376274044674553e+00 1.7376271373541290e+00 2.6711332634654639e-07
176 3.4277343750000000e-01 8.7171019132973238e-01 8.7171005732707396e-01 1.3400265841401193e-07 8.7171019132972738e-01 8.7171005732707396e-01 1.3400265341800832e-07 1.7434203826594596e+00 1.7434201146541479e+00 2.6800531172099795e-07
177 3.4472656250000000e-01 8.7457386102962920e-01 8.7457372658611765e-01 1.3444351154578982e-07 8.7457386102957757e-01 8.7457372658611765e-01 1.3444345992041917e-07 1.7491477220592069e+00 1.7491474531722353e+00 2.6888697157723129e-07
178 3.4667968750000000e-01 8.7740460351792993e-01 8.7740446863866639e-01 1.3487926353583646e-07 8.7740460351810767e-01 8.7740446863866639e-01 1.3487944128254270e-07 1.7548092070360375e+00 1.7548089372773328e+00 2.6975870470735686e-07
179 3.4863281250000000e-01 8.8020231221878087e-01 8.8020217690888192e-01 1.3530989895205181e-07 8.8020231221869583e-01 8.8020217690888192e-01 1.3530981390896812e-07 1.7604046244374767e+00 1.7604043538177638e+00 2.7061971286101993e-07
180 3.5058593750000000e-01 8.8296688180003324e-01 8.8296674606462910e-01 1.3573540413869267e-07 8.8296688180025096e-01 8.8296674606462910e-01 1.3573562185342780e-07 1.7659337636002843e+00 1.7659334921292582e+00 2.7147102610314278e-07
181 3.5253906250000000e-01 8.8569820817720790e-01 8.8569807202144168e-01 1.3615576621717196e-07 8.8569820817724587e-01 8.8569807202144168e-01 1.3615580418679940e-07 1.7713964163544538e+00 1.7713961440428834e+00 2.7231157040397136e-07
182 3.5449218750000000e-01 8.8839618851741342e-01 8.8839605194644133e-01 1.3657097208685798e-07 8.8839618851734314e-01 8.8839605194644133e-01 1.3657090180974052e-07 1.7767923770347567e+00 1.7767921038928827e+00 2.7314187400762080e-07
183 3.5644531250000000e-01 8.9106072124321645e-01 8.9106058426220869e-01 1.3698100775894062e-07 8.9106072124319846e-01 8.9106058426220869e-01 1.3698098977332762e-07 1.7821214424864149e+00 1.7821211685244174e+00 2.7396199753226824e-07
184 3.5839843750000000e-01 8.9369170603646564e-01 8.9369156865060806e-01 1.3738585757927524e-07 8.9369170603651427e-01 8.9369156865060806e-01 1.3738590620704372e-07 1.7873834120729799e+00 1.7873831373012161e+00 2.7477176378631896e-07
185 3.6035156250000000e-01 8.9628904384207464e-01 8.9628890605656419e-01 1.3778551044563159e-07 8.9628904384193919e-01 8.9628890605656419e-01 1.3778537499842258e-07 1.7925780876840138e+00 1.7925778121131284e+00 2.7557088544405417e-07
186 3.6230468750000000e-01 8.9885263687174421e-01 8.9885249869179173e-01 1.3817995248022186e-07 8.9885263687177241e-01 8.9885249869179173e-01 1.3817998067988668e-07 1.7977052737435166e+00 1.7977049973835835e+00 2.7635993316010854e-07
187 3.6425781250000000e-01 9.0138238860764452e-01 9.0138225003847716e-01 1.3856916736276759e-07 9.0138238860768161e-01 9.0138225003847716e-01 1.3856920444421661e-07 1.8027647772153261e+00 1.8027645000769543e+00 2.7713837180698420e-07
188 3.6621093750000000e-01 9.0387820380605666e-01 9.0387806485291189e-01 1.3895314476819465e-07 9.0387820380609640e-01 9.0387806485291189e-01 1.3895318451417893e-07 1.8077564076121531e+00 1.8077561297058238e+00 2.7790632928237358e-07
189 3.6816406250000000e-01 9.0633998850094943e-01 9.0633984916907895e-01 1.3933187048564832e-07 9.0633998850105524e-01 9.0633984916907895e-01 1.3933197628990257e-07 1.8126799770020048e+00 1.8126796983381579e+00 2.7866384688657320e-07
190 3.7011718750000000e-01 9.0876765000751991e-01 9.0876751030219005e-01 1.3970532986018469e-07 9.0876765000745963e-01 9.0876751030219005e-01 1.3970526957507445e-07 1.8175353000149794e+00 1.8175350206043801e+00 2.7941059932423684e-07
191 3.7207031250000000e-01 9.1116109692568692e-01 9.1116095685217569e-01 1.4007351123446199e-07 9.1116109692548730e-01 9.1116095685217569e-01 1.4007331161636216e-07 1.8223221938511742e+00 1.8223219137043514e+00 2.8014682285082415e-07
192 3.7402343750000000e-01 9.1352023914352976e-01 9.1352009870712625e-01 1.4043640350624997e-07 9.1352023914367642e-01 9.1352009870712625e-01 1.4043655016671153e-07 1.8270404782872061e+00 1.8270401974142525e+00 2.8087295356193920e-07
193 3.7597656250000000e-01 9.1584498784067714e-01 9.1584484704668412e-01 1.4079399301980544e-07 9.1584498784063639e-01 9.1584484704668412e-01 1.4079395227462044e-07 1.8316899756813134e+00 1.8316896940933682e+00 2.8158794518340358e-07
194 3.7792968750000000e-01 9.1813525549165709e-01 9.1813511434538830e-01 1.4114626878392045e-07 9.1813525549154607e-01 9.1813511434538830e-01 1.4114615776161799e-07 1.8362705109832032e+00 1.8362702286907766e+00 2.8229242654553843e-07
195 3.7988281250000000e-01 9.2039095586918684e-01 9.2039081437596937e-01 1.4149321747591870e-07 9.2039095586908970e-01 9.2039081437596937e-01 1.4149312033140404e-07 1.8407819117382767e+00 1.8407816287519387e+00 2.8298633791834504e-07
196 3.8183593750000000e-01 9.2261200404742183e-01 9.2261186221259617e-01 1.4183482566210159e-07 9.2261200404741417e-01 9.2261186221259617e-01 1.4183481800156272e-07 1.8452240080948359e+00 1.8452237244251923e+00 2.8366964355264201e-07
197 3.8378906250000000e-01 9.2479831640515586e-01 9.2479817423407296e-01 1.4217108290637270e-07 9.2479831640513366e-01 9.2479817423407296e-01 1.4217106070191221e-07 1.8495966328102895e+00 1.8495963484681459e+00 2.8434214360828491e-07
198 3.8574218750000000e-01 9.2694981062896575e-01 9.2694966812698798e-01 1.4250197777343487e-07 9.2694981062896342e-01 9.2694966812698798e-01 1.4250197544196652e-07 1.8538996212579293e+00 1.8538993362539760e+00 2.8500395332642370e-07
199 3.8769531250000000e-01 9.2906640571631005e-01 9.2906626288881189e-01 1.4282749816185714e-07 9.2906640571636967e-01 9.2906626288881189e-01 1.4282755778083356e-07 1.8581328114326796e+00 1.8581325257776238e+00 2.8565505583166839e-07
200 3.8964843750000000e-01 9.3114802197858260e-01 9.3114787883094863e-01 1.4314763396860997e-07 9.3114802197856583e-01 9.3114787883094863e-01 1.4314761720424229e-07 1.8622960439571483e+00 1.8622957576618973e+00 2.8629525106182996e-07
201 3.9160156250000000e-01 9.3319458104410691e-01 9.3319443758173426e-01 1.4346237264817319e-07 9.3319458104399744e-01 9.3319443758173426e-01 1.4346226318018296e-07 1.8663891620881043e+00 1.8663888751634685e+00 2.8692463582835614e-07
202 3.9355468750000000e-01 9.3520600586108904e-01 9.3520586208938850e-01 1.4377170054480359e-07 9.3520600586122304e-01 9.3520586208938850e-01 1.4377183454872267e-07 1.8704120117223120e+00 1.8704117241787770e+00 2.8754353498250396e-07
203 3.9550781250000000e-01 9.3718222070052193e-01 9.3718207662491559e-01 1.4407560633422634e-07 9.3718222070065571e-01 9.3718207662491559e-01 1.4407574011610080e-07 1.8743644414011777e+00 1.8743641532498312e+00 2.8815134656134944e-07
204 3.9746093750000000e-01 9.3912315115903666e-01 9.3912300678495519e-01 1.4437408146772412e-07 9.3912315115888412e-01 9.3912300678495519e-01 1.4437392892308054e-07 1.8782463023179208e+00 1.8782460135699104e+00 2.8874801039080467e-07
205 3.9941406250000000e-01 9.4102872416169903e-01 9.4102857949458385e-01 1.4466711517613362e-07 9.4102872416161154e-01 9.4102857949458385e-01 1.4466702769055928e-07 1.8820574483233106e+00 1.8820571589891677e+00 2.8933414286669290e-07
206 4.0136718750000000e-01 9.4289886796476019e-01 9.4289872301006605e-01 1.4495469413677853e-07 9.4289886796470557e-01 9.4289872301006605e-01 1.4495463951380572e-07 1.8857977359294658e+00 1.8857974460201321e+00 2.8990933365058424e-07
207 4.0332031250000000e-01 9.4473351215836543e-01 9.4473336692155541e-01 1.4523681002298616e-07 9.4473351215845003e-01 9.4473336692155541e-01 1.4523689462198064e-07 1.8894670243168155e+00 1.8894667338431108e+00 2.9047370464496680e-07
208 4.0527343750000000e-01 9.4653258766919735e-01 9.4653244215574561e-01 1.4551345173252628e-07 9.4653258766932657e-01 9.4653244215574561e-01 1.4551358096248634e-07 1.8930651753385239e+00 1.8930648843114912e+00 2.9102703269501262e-07
209 4.0722656250000000e-01 9.4829602676308289e-01 9.4829588097847095e-01 1.4578461193792691e-07 9.4829602676319835e-01 9.4829588097847095e-01 1.4578472740112147e-07 1.8965920535262812e+00 1.8965917619569419e+00 2.9156933933904838e-07
210 4.0917968750000000e-01 9.5002376304753489e-01 9.5002361699725646e-01 1.4605027842673479e-07 9.5002376304764691e-01 9.5002361699725646e-01 1.4605039044823798e-07 1.9000475260951819e+00 1.9000472339945129e+00 2.9210066898599507e-07
211 4.1113281250000000e-01 9.5171573147426003e-01 9.5171558516381760e-01 1.4631044242818803e-07 9.5171573147436050e-01 9.5171558516381760e-01 1.4631054290337175e-07 1.9034314629486206e+00 1.9034311703276352e+00 2.9262098544258208e-07
212 4.1308593750000000e-01 9.5337186834160426e-01 9.5337172177650908e-01 1.4656509517152472e-07 9.5337186834154175e-01 9.5337172177650908e-01 1.4656503266596843e-07 1.9067437366831461e+00 1.9067434435530182e+00 2.9313012794851545e-07
213 4.1503906250000000e-01 9.5499211129694950e-01 9.5499196448272339e-01 1.4681422610962613e-07 9.5499211129708217e-01 9.5499196448272339e-01 1.4681435878127758e-07 1.9099842225940318e+00 1.9099839289654468e+00 2.9362858500192601e-07
214 4.1699218750000000e-01 9.5657639933906413e-01 9.5657625228123888e-01 1.4705782525048505e-07 9.5657639933894900e-01 9.5657625228123888e-01 1.4705771012035740e-07 1.9131527986780132e+00 1.9131525045624778e+00 2.9411553548186475e-07
215 4.1894531250000000e-01 9.5812467282040026e-01 9.5812452552451499e-01 1.4729588526662951e-07 9.5812467282043723e-01 9.5812452552451499e-01 1.4729592223705623e-07 1.9162493456408374e+00 1.9162490510490300e+00 2.9459180739266344e-07
216 4.2089843750000000e-01 9.5963687344933668e-01 9.5963672592093918e-01 1.4752839749831992e-07 9.5963687344926818e-01 9.5963672592093918e-01 1.4752832899755930e-07 1.9192737468986047e+00 1.9192734518418784e+00 2.9505672638485692e-07
217 4.2285156250000000e-01 9.6111294429237537e-01 9.6111279653702131e-01 1.4775535406297280e-07 9.6111294429223004e-01 9.6111279653702131e-01 1.4775520873477888e-07 1.9222258885846055e+00 1.9222255930740426e+00 2.9551056290877398e-07
218 4.2480468750000000e-01 9.6255282977628076e-01 9.6255268179953690e-01 1.4797674385835791e-07 9.6255282977613754e-01 9.6255268179953690e-01 1.4797660063958773e-07 1.9251056595524183e+00 1.9251053635990738e+00 2.9595334449794564e-07
219 4.2675781250000000e-01 9.6395647569018028e-01 9.6395632749761984e-01 1.4819256044518170e-07 9.6395647569018283e-01 9.6395632749761984e-01 1.4819256299869465e-07 1.9279129513803630e+00 1.9279126549952397e+00 2.9638512333285405e-07
220 4.2871093750000000e-01 9.6532382918759785e-01 9.6532368078480280e-01 1.4840279505268228e-07 9.6532382918749426e-01 9.6532368078480280e-01 1.4840269146887408e-07 1.9306476583750922e+00 1.9306473615696056e+00 2.9680548663257866e-07
221 4.3066406250000000e-01 9.6665483878844782e-01 9.6665469018100736e-01 1.4860744046440999e-07 9.6665483878835845e-01 9.6665469018100736e-01 1.4860735109145651e-07 1.9333096775768062e+00 1.9333093803620147e+00 2.9721479144484420e-07
222 4.3261718750000000e-01 9.6794945438097102e-01 9.6794930557448200e-01 1.4880648901982596e-07 9.6794945438101754e-01 9.6794930557448200e-01 1.4880653553817069e-07 1.9358989087619887e+00 1.9358986111489640e+00 2.9761302466901896e-07
223 4.3457031250000000e-01 9.6920762722362119e-01 9.6920747822368902e-01 1.4899993217021290e-07 9.6920762722363385e-01 9.6920747822368902e-01 1.4899994482675538e-07 1.9384152544472550e+00 1.9384149564473780e+00 2.9799987699696828e-07
224 4.3652343750000000e-01 9.7042930994690257e-01 9.7042916075913899e-01 1.4918776358729957e-07 9.7042930994686716e-01 9.7042916075913899e-01 1.4918772817118509e-07 1.9408586198937696e+00 1.9408583215182780e+00 2.9837549164746235e-07
225 4.3847656250000000e-01 9.7161445655515111e-01 9.7161430718517539e-01 1.4936997572156940e-07 9.7161445655512768e-01 9.7161430718517539e-01 1.4936995229586358e-07 1.9432289131102789e+00 1.9432286143703508e+00 2.9873992812845529e-07
226 4.4042968750000000e-01 9.7276302242826918e-01 9.7276287288170482e-01 1.4954656435417490e-07 9.7276302242828638e-01 9.7276287288170482e-01 1.4954658156263179e-07 1.9455260448565554e+00 1.9455257457634096e+00 2.9909314580578439e-07
227 4.4238281250000000e-01 9.7387496432339971e-01 9.7387481460587799e-01 1.4971752171355490e-07 9.7387496432338605e-01 9.7387481460587799e-01 1.4971750805781170e-07 1.9477499286467856e+00 1.9477496292117560e+00 2.9943502966034430e-07
228 4.4433593750000000e-01 9.7495024037655720e-01 9.7495009049371761e-01 1.4988283958405901e-07 9.7495024037657629e-01 9.7495009049371761e-01 1.4988285867989504e-07 1.9499004807531335e+00 1.9499001809874352e+00 2.9976569826395405e-07
229 4.4628906250000000e-01 9.7598881010420946e-01 9.7598866006169405e-01 1.5004251541217428e-07 9.7598881010431859e-01 9.7598866006169405e-01 1.5004262454709760e-07 1.9519776202085279e+00 1.9519773201233881e+00 3.0008513984824958e-07
230 4.4824218750000000e-01 9.7699063440479106e-01 9.7699048420825030e-01 1.5019654076020572e-07 9.7699063440477507e-01 9.7699048420825030e-01 1.5019652477299417e-07 1.9539812688095661e+00 1.9539809684165006e+00 3.0039306553319989e-07
231 4.5019531250000000e-01 9.7795567556018448e-01 9.7795552521527340e-01 1.5034491107623893e-07 9.7795567556020579e-01 9.7795552521527340e-01 1.5034493239252100e-07 1.9559113511203903e+00 1.9559110504305468e+00 3.0068984346875993e-07
232 4.5214843750000000e-01 9.7888389723713554e-01 9.7888374674951473e-01 1.5048762080915878e-07 9.7888389723727642e-01 9.7888374674951473e-01 1.5048776169646061e-07 1.9577677944744121e+00 1.9577674934990295e+00 3.0097538261664170e-07
233 4.5410156250000000e-01 9.7977526448862073e-01 9.7977511386395821e-01 1.5062466252047102e-07 9.7977526448851671e-01 9.7977511386395821e-01 1.5062455849257361e-07 1.9595505289771373e+00 1.9595502277279164e+00 3.0124922090202233e-07
234 4.5605468750000000e-01 9.8062974375516831e-01 9.8062959299913599e-01 1.5075603232439505e-07 9.8062974375513134e-01 9.8062959299913599e-01 1.5075599535396833e-07 1.9612594875102998e+00 1.9612591859982720e+00 3.0151202778938568e-07
235 4.5800781250000000e-01 9.8144730286611748e-01 9.8144715198439147e-01 1.5088172600208338e-07 9.8144730286616599e-01 9.8144715198439147e-01 1.5088177451882956e-07 1.9628946057322834e+00 1.9628943039687829e+00 3.0176350040989064e-07
236 4.5996093750000000e-01 9.8222791104083029e-01 9.8222776003909085e-01 1.5100173944571083e-07 9.8222791104093754e-01 9.8222776003909085e-01 1.5100184669325500e-07 1.9644558220817678e+00 1.9644555200781817e+00 3.0200358613896583e-07
237 4.6191406250000000e-01 9.8297153888985023e-01 9.8297138777378212e-01 1.5111606810336298e-07 9.8297153888981803e-01 9.8297138777378212e-01 1.5111603590689526e-07 1.9659430777796683e+00 1.9659427755475642e+00 3.0223210401025824e-07
238 4.6386718750000000e-01 9.8367815841600748e-01 9.8367800719130127e-01 1.5122470620188011e-07 9.8367815841599360e-01 9.8367800719130127e-01 1.5122469232409230e-07 1.9673563168320012e+00 1.9673560143826025e+00 3.0244939863699472e-07
239 4.6582031250000000e-01 9.8434774301547734e-01 9.8434759168782682e-01 1.5132765052161545e-07 9.8434774301551475e-01 9.8434759168782682e-01 1.5132768793613138e-07 1.9686954860309922e+00 1.9686951833756536e+00 3.0265533856876914e-07
240 4.6777343750000000e-01 9.8498026747877887e-01 9.8498011605388092e-01 1.5142489795394454e-07 9.8498026747868639e-01 9.8498011605388092e-01 1.5142480547236659e-07 1.9699605349574654e+00 1.9699602321077618e+00 3.0284970353733343e-07
241 4.6972656250000000e-01 9.8557570799172234e-01 9.8557555647527850e-01 1.5151644383593066e-07 9.8557570799167660e-01 9.8557555647527850e-01 1.5151639809474204e-07 1.9711514159833989e+00 1.9711511129505570e+00 3.0303284193067270e-07
242 4.7167968750000000e-01 9.8613404213630806e-01 9.8613389053402434e-01 1.5160228372668172e-07 9.8613404213626454e-01 9.8613389053402434e-01 1.5160224020593915e-07 1.9722680842725726e+00 1.9722677810680487e+00 3.0320452393262087e-07
243 4.7363281250000000e-01 9.8665524889157163e-01 9.8665509720915678e-01 1.5168241485064016e-07 9.8665524889161671e-01 9.8665509720915678e-01 1.5168245992569496e-07 1.9733104977831883e+00 1.9733101944183136e+00 3.0336487477633511e-07
244 4.7558593750000000e-01 9.8713930863437405e-01 9.8713915687753895e-01 1.5175683509838223e-07 9.8713930863443300e-01 9.8713915687753895e-01 1.5175689405122483e-07 1.9742786172688072e+00 1.9742783137550779e+00 3.0351372926062936e-07
245 4.7753906250000000e-01 9.8758620314014001e-01 9.8758605131459798e-01 1.5182554202741727e-07 9.8758620314020629e-01 9.8758605131459798e-01 1.5182560830773184e-07 1.9751724062803464e+00 1.9751721026291960e+00 3.0365115044617141e-07
246 4.7949218750000000e-01 9.8799591558354216e-01 9.8799576369501096e-01 1.5188853119685319e-07 9.8799591558347255e-01 9.8799576369501096e-01 1.5188846158586955e-07 1.9759918311670148e+00 1.9759915273900219e+00 3.0377699289374505e-07
247 4.8144531250000000e-01 9.8836843053914059e-01 9.8836827859333831e-01 1.5194580227362309e-07 9.8836843053909662e-01 9.8836827859333831e-01 1.5194575830879131e-07 1.9767368610782372e+00 1.9767365571866766e+00 3.0389156058241440e-07
248 4.8339843750000000e-01 9.8870373398195521e-01 9.8870358198460462e-01 1.5199735059479025e-07 9.8870373398201405e-01 9.8870358198460462e-01 1.5199740943661055e-07 1.9774074679639693e+00 1.9774071639692092e+00 3.0399476003140080e-07
249 4.8535156250000000e-01 9.8900181328800285e-01 9.8900166124482669e-01 1.5204317616035468e-07 9.8900181328818204e-01 9.8900166124482669e-01 1.5204335535035085e-07 1.9780036265761849e+00 1.9780033224896534e+00 3.0408653151070553e-07
250 4.8730468750000000e-01 9.8926265723476492e-01 9.8926250515148884e-01 1.5208327608373651e-07 9.8926265723481099e-01 9.8926250515148884e-01 1.5208332215799203e-07 1.9785253144695760e+00 1.9785250103029777e+00 3.0416659835275084e-07
251 4.8925781250000000e-01 9.8948625600161511e-01 9.8948610388396541e-01 1.5211764969880193e-07 9.8948625600167761e-01 9.8948610388396541e-01 1.5211771220435821e-07 1.9789725120032928e+00 1.9789722077679308e+00 3.0423536201418244e-07
252 4.9121093750000000e-01 9.8967260117018774e-01 9.8967244902389084e-01 1.5214629689452863e-07 9.8967260117030975e-01 9.8967244902389084e-01 1.5214641890803904e-07 1.9793452023404976e+00 1.9793448980477817e+00 3.0429271591358997e-07
253 4.9316406250000000e-01 9.8982168572469220e-01 9.8982153355547531e-01 1.5216921689376051e-07 9.8982168572471962e-01 9.8982153355547531e-01 1.5216924431626921e-07 1.9796433714494119e+00 1.9796430671109506e+00 3.0433846132105202e-07
254 4.9511718750000000e-01 9.8993350405217928e-01 9.8993335186577114e-01 1.5218640814218531e-07 9.8993350405216751e-01 9.8993335186577114e-01 1.5218639637382125e-07 1.9798670081043468e+00 1.9798667037315423e+00 3.0437280451600657e-07
255 4.9707031250000000e-01 9.9000805194274977e-01 9.9000789974488157e-01 1.5219786819731240e-07 9.9000805194251817e-01 9.9000789974488157e-01 1.5219763660478947e-07 1.9800161038852679e+00 1.9800157994897631e+00 3.0439550480210187e-07
256 4.9902343750000000e-01 9.9004532658972044e-01 9.9004517438612138e-01 1.5220359905754322e-07 9.9004532658962996e-01 9.9004517438612138e-01 1.5220350857436671e-07 1.9800906531793503e+00 1.9800903487722428e+00 3.0440710752088762e-07
257 5.0097656250000000e-01 9.9004532658972144e-01 9.9004517438612138e-01 1.5220360005674394e-07 9.9004532658967082e-01 9.9004517438612138e-01 1.5220354943057401e-07 1.9800906531793923e+00 1.9800903487722428e+00 3.0440714948731795e-07
258 5.0292968750000000e-01 9.9000805194275088e-01 9.9000789974488157e-01 1.5219786930753543e-07 9.9000805194260955e-01 9.9000789974488157e-01 1.5219772797614439e-07 1.9800161038853603e+00 1.9800157994897631e+00 3.0439559717265752e-07
259 5.0488281250000000e-01 9.8993350405218039e-01 9.8993335186577114e-01 1.5218640925240834e-07 9.8993350405224445e-01 9.8993335186577114e-01 1.5218647331227686e-07 1.9798670081044247e+00 1.9798667037315423e+00 3.0437288245366290e-07
260 5.0683593750000000e-01 9.8982168572469365e-01 9.8982153355547531e-01 1.5216921833705044e-07 9.8982168572471174e-01 9.8982153355547531e-01 1.5216923643368574e-07 1.9796433714494053e+00 1.9796430671109506e+00 3.0433845465971388e-07
261 5.0878906250000000e-01 9.8967260117018951e-01 9.8967244902389084e-01 1.5214629867088547e-07 9.8967260117026468e-01 9.8967244902389084e-01 1.5214637383298424e-07 1.9793452023404541e+00 1.9793448980477817e+00 3.0429267239284741e-07
262 5.1074218750000000e-01 9.8948625600161710e-01 9.8948610388396541e-01 1.5211765169720337e-07 9.8948625600164719e-01 9.8948610388396541e-01 1.5211768178424734e-07 1.9789725120032644e+00 1.9789722077679308e+00 3.0423533359247301e-07
263 5.1269531250000000e-01 9.8926265723476647e-01 9.8926250515148884e-01 1.5208327763804874e-07 9.8926265723478213e-01 9.8926250515148884e-01 1.5208329329219339e-07 1.9785253144695485e+00 1.9785250103029777e+00 3.0416657081921983e-07
264 5.1464843750000000e-01 9.8900181328800441e-01 9.8900166124482669e-01 1.5204317771466691e-07 9.8900181328813686e-01 9.8900166124482669e-01 1.5204331016427375e-07 1.9780036265761414e+00 1.9780033224896534e+00 3.0408648798996296e-07
265 5.1660156250000000e-01 9.8870373398195643e-01 9.8870358198460462e-01 1.5199735181603558e-07 9.8870373398204714e-01 9.8870358198460462e-01 1.5199744252125669e-07 1.9774074679640035e+00 1.9774071639692092e+00 3.0399479422626996e-07
266 5.1855468750000000e-01 9.8836843053914225e-01 9.8836827859333831e-01 1.5194580393895762e-07 9.8836843053909051e-01 9.8836827859333831e-01 1.5194575220256468e-07 1.9767368610782328e+00 1.9767365571866766e+00 3.0389155614152230e-07
267 5.2050781250000000e-01 9.8799591558354494e-01 9.8799576369501096e-01 1.5188853397241076e-07 9.8799591558349575e-01 9.8799576369501096e-01 1.5188848478953076e-07 1.9759918311670406e+00 1.9759915273900219e+00 3.0377701865091922e-07
268 5.2246093750000000e-01 9.8758620314014267e-01 9.8758605131459798e-01 1.5182554469195253e-07 9.8758620314017742e-01 9.8758605131459798e-01 1.5182557944193320e-07 1.9751724062803202e+00 1.9751721026291960e+00 3.0365112424490803e-07
269 5.2441406250000000e-01 9.8713930863437738e-01 9.8713915687753895e-01 1.5175683842905130e-07 9.8713930863445698e-01 9.8713915687753895e-01 1.5175691803204217e-07 1.9742786172688342e+00 1.9742783137550779e+00 3.0351375635007116e-07
270 5.2636718750000000e-01 9.8665524889157541e-01 9.8665509720915678e-01 1.5168241862539844e-07 9.8665524889161416e-01 9.8665509720915678e-01 1.5168245737218200e-07 1.9733104977831895e+00 1.9733101944183136e+00 3.0336487588655814e-07
271 5.2832031250000000e-01 9.8613404213631217e-01 9.8613389053402434e-01 1.5160228783450691e-07 9.8613404213625844e-01 9.8613389053402434e-01 1.5160223409971252e-07 1.9722680842725706e+00 1.9722677810680487e+00 3.0320452193421943e-07
272 5.3027343750000000e-01 9.8557570799172645e-01 9.8557555647527850e-01 1.5151644794375585e-07 9.8557570799163807e-01 9.8557555647527850e-01 1.5151635957000309e-07 1.9711514159833645e+00 1.9711511129505570e+00 3.0303280751375894e-07
273 5.3222656250000000e-01 9.8498026747878298e-01 9.8498011605388092e-01 1.5142490206176973e-07 9.8498026747869971e-01 9.8498011605388092e-01 1.5142481879504288e-07 1.9699605349574827e+00 1.9699602321077618e+00 3.0284972085681261e-07
274 5.3417968750000000e-01 9.8434774301548167e-01 9.8434759168782682e-01 1.5132765485148525e-07 9.8434774301550221e-01 9.8434759168782682e-01 1.5132767539061120e-07 1.9686954860309838e+00 1.9686951833756536e+00 3.0265533013107415e-07
275 5.3613281250000000e-01 9.8367815841601070e-01 9.8367800719130127e-01 1.5122470942152688e-07 9.8367815841608686e-01 9.8367800719130127e-01 1.5122478558282637e-07 1.9673563168320976e+00 1.9673560143826025e+00 3.0244949500435325e-07
276 5.3808593750000000e-01 9.8297153888985433e-01 9.8297138777378212e-01 1.5111607221118817e-07 9.8297153888983313e-01 9.8297138777378212e-01 1.5111605100592840e-07 1.9659430777796874e+00 1.9659427755475642e+00 3.0223212310609426e-07
277 5.4003906250000000e-01 9.8222791104083429e-01 9.8222776003909085e-01 1.5100174344251371e-07 9.8222791104094265e-01 9.8222776003909085e-01 1.5100185180028092e-07 1.9644558220817769e+00 1.9644555200781817e+00 3.0200359524279463e-07
278 5.4199218750000000e-01 9.8144730286612081e-01 9.8144715198439147e-01 1.5088172933275246e-07 9.8144730286605164e-01 9.8144715198439147e-01 1.5088166016585802e-07 1.9628946057321723e+00 1.9628943039687829e+00 3.0176338938758818e-07
279 5.4394531250000000e-01 9.8062974375517076e-01 9.8062959299913599e-01 1.5075603476688570e-07 9.8062974375510903e-01 9.8062959299913599e-01 1.5075597303848554e-07 1.9612594875102798e+00 1.9612591859982720e+00 3.0151200780537124e-07
280 5.4589843750000000e-01 9.7977526448862351e-01 9.7977511386395832e-01 1.5062466518500628e-07 9.7977526448854313e-01 9.7977511386395832e-01 1.5062458480485930e-07 1.9595505289771666e+00 1.9595502277279166e+00 3.0124924998986558e-07
281 5.4785156250000000e-01 9.7888389723713753e-01 9.7888374674951473e-01 1.5048762280756023e-07 9.7888389723722857e-01 9.7888374674951473e-01 1.5048771384584825e-07 1.9577677944743661e+00 1.9577674934990295e+00 3.0097533665340848e-07
282 5.4980468750000000e-01 9.7795567556018625e-01 9.7795552521527340e-01 1.5034491285259577e-07 9.7795567556018526e-01 9.7795552521527340e-01 1.5034491185339505e-07 1.9559113511203714e+00 1.9559110504305468e+00 3.0068982459496851e-07
283 5.5175781250000000e-01 9.7699063440479306e-01 9.7699048420825041e-01 1.5019654264758486e-07 9.7699063440478784e-01 9.7699048420825041e-01 1.5019653742953665e-07 1.9539812688095810e+00 1.9539809684165008e+00 3.0039308018814381e-07
284 5.5371093750000000e-01 9.7598881010421035e-01 9.7598866006169416e-01 1.5004251618933040e-07 9.7598881010428906e-01 9.7598866006169416e-01 1.5004259490414285e-07 1.9519776202084995e+00 1.9519773201233883e+00 3.0008511120449555e-07
285 5.5566406250000000e-01 9.7495024037655786e-01 9.7495009049371761e-01 1.4988284025019283e-07 9.7495024037663125e-01 9.7495009049371761e-01 1.4988291363593476e-07 1.9499004807531892e+00 1.9499001809874352e+00 2.9976575399714989e-07
286 5.5761718750000000e-01 9.7387496432339959e-01 9.7387481460587799e-01 1.4971752160253260e-07 9.7387496432336984e-01 9.7387481460587799e-01 1.4971749184855554e-07 1.9477499286467694e+00 1.9477496292117560e+00 2.9943501345108814e-07
287 5.5957031250000000e-01 9.7276302242826906e-01 9.7276287288170482e-01 1.4954656424315260e-07 9.7276302242827983e-01 9.7276287288170482e-01 1.4954657501231594e-07 1.9455260448565488e+00 1.9455257457634096e+00 2.9909313914444624e-07
288 5.6152343750000000e-01 9.7161445655515066e-01 9.7161430718517539e-01 1.4936997527748019e-07 9.7161445655511081e-01 9.7161430718517539e-01 1.4936993542047361e-07 1.9432289131102616e+00 1.9432286143703508e+00 2.9873991080897611e-07
289 5.6347656250000000e-01 9.7042930994690202e-01 9.7042916075913910e-01 1.4918776292116576e-07 9.7042930994690835e-01 9.7042916075913910e-01 1.4918776924943700e-07 1.9408586198938105e+00 1.9408583215182782e+00 2.9837553228162506e-07
290 5.6542968750000000e-01 9.6920762722362008e-01 9.6920747822368902e-01 1.4899993105998988e-07 9.6920762722362452e-01 9.6920747822368902e-01 1.4899993550088197e-07 1.9384152544472446e+00 1.9384149564473780e+00 2.9799986656087185e-07
291 5.6738281250000000e-01 9.6794945438097013e-01 9.6794930557448200e-01 1.4880648813164754e-07 9.6794945438108304e-01 9.6794930557448200e-01 1.4880660104132915e-07 1.9358989087620531e+00 1.9358986111489640e+00 2.9761308906195438e-07
292 5.6933593750000000e-01 9.6665483878844705e-01 9.6665469018100736e-01 1.4860743968725387e-07 9.6665483878847314e-01 9.6665469018100736e-01 1.4860746577749495e-07 1.9333096775769203e+00 1.9333093803620147e+00 2.9721490557577113e-07
293 5.7128906250000000e-01 9.6532382918759718e-01 9.6532368078480280e-01 1.4840279438654846e-07 9.6532382918751680e-01 9.6532368078480280e-01 1.4840271400640148e-07 1.9306476583751140e+00 1.9306473615696056e+00 2.9680550839294995e-07
294 5.7324218750000000e-01 9.6395647569018028e-01 9.6395632749761995e-01 1.4819256033415940e-07 9.6395647569014986e-01 9.6395632749761995e-01 1.4819252991404852e-07 1.9279129513803301e+00 1.9279126549952399e+00 2.9638509024820792e-07
295 5.7519531250000000e-01 9.6255282977628021e-01 9.6255268179953701e-01 1.4797674319222409e-07 9.6255282977614098e-01 9.6255268179953701e-01 1.4797660397025680e-07 1.9251056595524212e+00 1.9251053635990740e+00 2.9595334716248090e-07
296 5.7714843750000000e-01 9.6111294429237359e-01 9.6111279653702131e-01 1.4775535228661596e-07 9.6111294429225336e-01 9.6111279653702131e-01 1.4775523204946239e-07 1.9222258885846268e+00 1.9222255930740426e+00 2.9551058422505605e-07
297 5.7910156250000000e-01 9.5963687344933513e-01 9.5963672592093918e-01 1.4752839594400768e-07 9.5963687344923543e-01 9.5963672592093918e-01 1.4752829624598007e-07 1.9192737468985706e+00 1.9192734518418784e+00 2.9505669218998776e-07
298 5.8105468750000000e-01 9.5812467282039793e-01 9.5812452552451499e-01 1.4729588293516116e-07 9.5812467282045233e-01 9.5812452552451499e-01 1.4729593733608937e-07 1.9162493456408503e+00 1.9162490510490300e+00 2.9459182027125053e-07
299 5.8300781250000000e-01 9.5657639933906191e-01 9.5657625228123888e-01 1.4705782303003900e-07 9.5657639933905469e-01 9.5657625228123888e-01 1.4705781581358934e-07 1.9131527986781167e+00 1.9131525045624778e+00 2.9411563895465065e-07
300 5.8496093750000000e-01 9.5499211129694828e-01 9.5499196448272350e-01 1.4681422477735850e-07 9.5499211129704653e-01 9.5499196448272350e-01 1.4681432303209618e-07 1.9099842225939949e+00 1.9099839289654470e+00 2.9362854792047699e-07
301 5.8691406250000000e-01 9.5337186834160303e-01 9.5337172177650908e-01 1.4656509395027939e-07 9.5337186834160692e-01 9.5337172177650908e-01 1.4656509783605998e-07 1.9067437366832101e+00 1.9067434435530182e+00 2.9313019189736167e-07
302 5.8886718750000000e-01 9.5171573147425947e-01 9.5171558516381760e-01 1.4631044187307651e-07 9.5171573147435307e-01 9.5171558516381760e-01 1.4631053546487749e-07 1.9034314629486127e+00 1.9034311703276352e+00 2.9262097744897630e-07
303 5.9082031250000000e-01 9.5002376304753433e-01 9.5002361699725646e-01 1.4605027787162328e-07 9.5002376304766134e-01 9.5002361699725646e-01 1.4605040488113730e-07 1.9000475260951957e+00 1.9000472339945129e+00 2.9210068275276058e-07
304 5.9277343750000000e-01 9.4829602676308333e-01 9.4829588097847095e-01 1.4578461238201612e-07 9.4829602676323654e-01 9.4829588097847095e-01 1.4578476559279352e-07 1.8965920535263199e+00 1.8965917619569419e+00 2.9156937797480964e-07
305 5.9472656250000000e-01 9.4653258766919934e-01 9.4653244215574572e-01 1.4551345361990542e-07 9.4653258766930526e-01 9.4653244215574572e-01 1.4551355953518197e-07 1.8930651753385046e+00 1.8930648843114914e+00 2.9102701315508739e-07
306 5.9667968750000000e-01 9.4473351215836676e-01 9.4473336692155541e-01 1.4523681135525379e-07 9.4473351215844392e-01 9.4473336692155541e-01 1.4523688851575400e-07 1.8894670243168106e+00 1.8894667338431108e+00 2.9047369975998549e-07
307 5.9863281250000000e-01 9.4289886796476208e-01 9.4289872301006605e-01 1.4495469602415767e-07 9.4289886796470268e-01 9.4289872301006605e-01 1.4495463662722585e-07 1.8857977359294646e+00 1.8857974460201321e+00 2.8990933254036122e-07
308 6.0058593750000000e-01 9.4102872416170114e-01 9.4102857949458396e-01 1.4466711717453506e-07 9.4102872416173289e-01 9.4102857949458396e-01 1.4466714892691357e-07 1.8820574483234340e+00 1.8820571589891679e+00 2.8933426610144863e-07
309 6.0253906250000000e-01 9.3912315115903899e-01 9.3912300678495531e-01 1.4437408368817017e-07 9.3912315115888245e-01 9.3912300678495531e-01 1.4437392714672370e-07 1.8782463023179214e+00 1.8782460135699106e+00 2.8874801083489388e-07
310 6.0449218750000000e-01 9.3718222070052448e-01 9.3718207662491559e-01 1.4407560888773929e-07 9.3718222070068791e-01 9.3718207662491559e-01 1.4407577231256852e-07 1.8743644414012124e+00 1.8743641532498312e+00 2.8815138120030781e-07
311 6.0644531250000000e-01 9.3520600586109082e-01 9.3520586208938850e-01 1.4377170232116043e-07 9.3520600586112457e-01 9.3520586208938850e-01 1.4377173607194038e-07 1.8704120117222154e+00 1.8704117241787770e+00 2.8754343839310081e-07
312 6.0839843750000000e-01 9.3319458104410780e-01 9.3319443758173426e-01 1.4346237353635161e-07 9.3319458104402175e-01 9.3319443758173426e-01 1.4346228749406720e-07 1.8663891620881294e+00 1.8663888751634685e+00 2.8692466091939650e-07
313 6.1035156250000000e-01 9.3114802197858360e-01 9.3114787883094863e-01 1.4314763496781069e-07 9.3114802197856672e-01 9.3114787883094863e-01 1.4314761809242071e-07 1.8622960439571503e+00 1.8622957576618973e+00 2.8629525306023140e-07
314 6.1230468750000000e-01 9.2906640571631138e-01 9.2906626288881200e-01 1.4282749938310246e-07 9.2906640571637567e-01 9.2906626288881200e-01 1.4282756366501559e-07 1.8581328114326872e+00 1.8581325257776240e+00 2.8565506315914035e-07
315 6.1425781250000000e-01 9.2694981062896786e-01 9.2694966812698798e-01 1.4250197988285862e-07 9.2694981062901349e-01 9.2694966812698798e-01 1.4250202551302493e-07 1.8538996212579812e+00 1.8538993362539760e+00 2.8500400528486125e-07
316 6.1621093750000000e-01 9.2479831640515830e-01 9.2479817423407307e-01 1.4217108523784106e-07 9.2479831640516452e-01 9.2479817423407307e-01 1.4217109145508999e-07 1.8495966328103228e+00 1.8495963484681461e+00 2.8434217669293105e-07
317 6.1816406250000000e-01 9.2261200404742383e-01 9.2261186221259617e-01 1.4183482766050304e-07 9.2261200404737420e-01 9.2261186221259617e-01 1.4183477803353384e-07 1.8452240080947981e+00 1.8452237244251923e+00 2.8366960580505918e-07
318 6.2011718750000000e-01 9.2039095586918895e-01 9.2039081437596937e-01 1.4149321958534244e-07 9.2039095586906772e-01 9.2039081437596937e-01 1.4149309834898816e-07 1.8407819117382567e+00 1.8407816287519387e+00 2.8298631793433060e-07
319 6.2207031250000000e-01 9.1813525549165842e-01 9.1813511434538830e-01 1.4114627011618808e-07 9.1813525549159880e-01 9.1813511434538830e-01 1.4114621049721165e-07 1.8362705109832573e+00 1.8362702286907766e+00 2.8229248072442203e-07
320 6.2402343750000000e-01 9.1584498784067825e-01 9.1584484704668423e-01 1.4079399401900616e-07 9.1584498784058954e-01 9.1584484704668423e-01 1.4079390531218650e-07 1.8316899756812677e+00 1.8316896940933685e+00 2.8158789922017036e-07
321 6.2597656250000000e-01 9.1352023914353009e-01 9.1352009870712625e-01 1.4043640383931688e-07 9.1352023914363556e-01 9.1352009870712625e-01 1.4043650931050422e-07 1.8270404782871656e+00 1.8270401974142525e+00 2.8087291314982110e-07
322 6.2792968750000000e-01 9.1116109692568803e-01 9.1116095685217580e-01 1.4007351223366271e-07 9.1116109692551361e-01 9.1116095685217580e-01 1.4007333781762554e-07 1.8223221938512015e+00 1.8223219137043516e+00 2.8014684994026595e-07
323 6.2988281250000000e-01 9.0876765000752002e-01 9.0876751030219016e-01 1.3970532986018469e-07 9.0876765000740345e-01 9.0876751030219016e-01 1.3970521328676710e-07 1.8175353000149235e+00 1.8175350206043803e+00 2.7941054314695180e-07
324 6.3183593750000000e-01 9.0633998850094954e-01 9.0633984916907895e-01 1.3933187059667063e-07 9.0633998850106645e-01 9.0633984916907895e-01 1.3933198750315512e-07 1.8126799770020159e+00 1.8126796983381579e+00 2.7866385798880344e-07
325 6.3378906250000000e-01 9.0387820380605643e-01 9.0387806485291200e-01 1.3895314443512774e-07 9.0387820380614514e-01 9.0387806485291200e-01 1.3895323314194741e-07 1.8077564076122017e+00 1.8077561297058240e+00 2.7790637768809745e-07
326 6.3574218750000000e-01 9.0138238860764264e-01 9.0138225003847727e-01 1.3856916536436614e-07 9.0138238860766839e-01 9.0138225003847727e-01 1.3856919112154031e-07 1.8027647772153110e+00 1.8027645000769545e+00 2.7713835648590646e-07
327 6.3769531250000000e-01 8.9885263687174266e-01 8.9885249869179173e-01 1.3817995092590962e-07 8.9885263687183126e-01 8.9885249869179173e-01 1.3818003952170699e-07 1.7977052737435739e+00 1.7977049973835835e+00 2.7635999044761661e-07
328 6.3964843750000000e-01 8.9628904384207286e-01 8.9628890605656419e-01 1.3778550866927475e-07 8.9628904384194752e-01 8.9628890605656419e-01 1.3778538332509527e-07 1.7925780876840203e+00 1.7925778121131284e+00 2.7557089188334771e-07
329 6.4160156250000000e-01 8.9369170603646375e-01 8.9369156865060806e-01 1.3738585569189610e-07 8.9369170603654013e-01 8.9369156865060806e-01 1.3738593207524019e-07 1.7873834120730039e+00 1.7873831373012161e+00 2.7477178776713629e-07
330 6.4355468750000000e-01 8.9106072124321500e-01 8.9106058426220869e-01 1.3698100631565069e-07 8.9106072124317837e-01 8.9106058426220869e-01 1.3698096967829088e-07 1.7821214424863934e+00 1.7821211685244174e+00 2.7396197599394156e-07
331 6.4550781250000000e-01 8.8839618851741209e-01 8.8839605194644133e-01 1.3657097075459035e-07 8.8839618851737900e-01 8.8839605194644133e-01 1.3657093766994421e-07 1.7767923770347911e+00 1.7767921038928827e+00 2.7314190842453456e-07
332 6.4746093750000000e-01 8.8569820817720701e-01 8.8569807202144180e-01 1.3615576521797124e-07 8.8569820817727174e-01 8.8569807202144180e-01 1.3615582994397357e-07 1.7713964163544786e+00 1.7713961440428836e+00 2.7231159505092251e-07
333 6.4941406250000000e-01 8.8296688180003158e-01 8.8296674606462910e-01 1.3573540247335814e-07 8.8296688180017135e-01 8.8296674606462910e-01 1.3573554225043694e-07 1.7659337636002030e+00 1.7659334921292582e+00 2.7147094483481737e-07
334 6.5136718750000000e-01 8.8020231221878042e-01 8.8020217690888203e-01 1.3530989839694030e-07 8.8020231221870682e-01 8.8020217690888203e-01 1.3530982478915377e-07 1.7604046244374874e+00 1.7604043538177641e+00 2.7061972329711637e-07
335 6.5332031250000000e-01 8.7740460351792926e-01 8.7740446863866639e-01 1.3487926286970264e-07 8.7740460351811567e-01 8.7740446863866639e-01 1.3487944927614848e-07 1.7548092070360450e+00 1.7548089372773328e+00 2.6975871225687342e-07
336 6.5527343750000000e-01 8.7457386102962842e-01 8.7457372658611776e-01 1.3444351065761140e-07 8.7457386102956514e-01 8.7457372658611776e-01 1.3444344737489899e-07 1.7491477220591936e+00 1.7491474531722355e+00 2.6888695803251039e-07
337 6.5722656250000000e-01 8.7171019132973238e-01 8.7171005732707407e-01 1.3400265830298963e-07 8.7171019132965344e-01 8.7171005732707407e-01 1.3400257936613258e-07 1.7434203826593859e+00 1.7434201146541481e+00 2.6800523778014451e-07
338 6.5917968750000000e-01 8.6881370223378196e-01 8.6881356867706450e-01 1.3355671746317910e-07 8.6881370223372933e-01 8.6881356867706450e-01 1.3355666483860773e-07 1.7376274044675113e+00 1.7376271373541290e+00 2.6711338230178683e-07
339 6.6113281250000000e-01 8.6588450279295337e-01 8.6588436968724991e-01 1.3310570345925754e-07 8.6588450279297879e-01 8.6588436968724991e-01 1.3310572888336480e-07 1.7317690055859321e+00 1.7317687393744998e+00 2.6621143223160004e-07
340 6.6308593750000000e-01 8.6292270328994514e-01 8.6292257064031608e-01 1.3264962905878974e-07 8.6292270329023202e-01 8.6292257064031608e-01 1.3264991594041931e-07 1.7258454065801772e+00 1.7258451412806322e+00 2.6529954499920905e-07
341 6.6503906250000000e-01 8.5992841523483055e-01 8.5992828304632374e-01 1.3218850680729588e-07 8.5992841523476982e-01 8.5992828304632374e-01 1.3218844607809643e-07 1.7198568304696003e+00 1.7198565660926475e+00 2.6437695277437001e-07
342 6.6699218750000000e-01 8.5690175136086322e-01 8.5690161963850786e-01 1.3172235535652277e-07 8.5690175136082503e-01 8.5690161963850786e-01 1.3172231716485072e-07 1.7138035027216882e+00 1.7138032392770157e+00 2.6344467252137349e-07
343 6.6894531250000000e-01 8.5384282562022196e-01 8.5384269436903559e-01 1.3125118636381217e-07 8.5384282562035330e-01 8.5384269436903559e-01 1.3125131770319598e-07 1.7076856512405754e+00 1.7076853887380712e+00 2.6250250417803045e-07
344 6.7089843750000000e-01 8.5075175317972784e-01 8.5075162240471403e-01 1.3077501381797418e-07 8.5075175317988805e-01 8.5075162240471403e-01 1.3077517402315664e-07 1.7015035063596158e+00 1.7015032448094281e+00 2.6155018773010852e-07
345 6.7285156250000000e-01 8.4762865041650803e-01 8.4762852012265588e-01 1.3029385215190814e-07 8.4762865041629532e-01 8.4762852012265588e-01 1.3029363943317662e-07 1.6952573008328033e+00 1.6952570402453118e+00 2.6058749158508476e-07
346 6.7480468750000000e-01 8.4447363491361394e-01 8.4447350510589647e-01 1.2980771746384789e-07 8.4447363491356120e-01 8.4447350510589647e-01 1.2980766472825422e-07 1.6889472698271750e+00 1.6889470102117929e+00 2.5961538208107982e-07
347 6.7675781250000000e-01 8.4128682545559097e-01 8.4128669613896834e-01 1.2931662263238053e-07 8.4128682545540268e-01 8.4128669613896834e-01 1.2931643433855555e-07 1.6825736509109936e+00 1.6825733922779367e+00 2.5863305697093608e-07
348 6.7871093750000000e-01 8.3806834202400893e-01 8.3806821320342750e-01 1.2882058142427155e-07 8.3806834202400038e-01 8.3806821320342750e-01 1.2882057287555426e-07 1.6761366840480094e+00 1.6761364264068550e+00 2.5764115441084812e-07
349 6.8066406250000000e-01 8.3481830579294891e-01 8.3481817747333775e-01 1.2831961115900015e-07 8.3481830579279681e-01 8.3481817747333775e-01 1.2831945905844577e-07 1.6696366115857457e+00 1.6696363549466755e+00 2.5663907021744592e-07
350 6.8261718750000000e-01 8.3153683912442966e-01 8.3153671131070750e-01 1.2781372216164044e-07 8.3153683912443788e-01 8.3153671131070750e-01 1.2781373037729082e-07 1.6630736782488675e+00 1.6630734226214150e+00 2.5562745253893127e-07
351 6.8457031250000000e-01 8.2822406556381134e-01 8.2822393826088248e-01 1.2730292886509176e-07 8.2822406556381656e-01 8.2822393826088248e-01 1.2730293408313997e-07 1.6564481311276280e+00 1.6564478765217650e+00 2.5460586305925403e-07
352 6.8652343750000000e-01 8.2488010983514160e-01 8.2487998304789623e-01 1.2678724536918651e-07 8.2488010983502835e-01 8.2487998304789623e-01 1.2678713212643800e-07 1.6497602196701699e+00 1.6497599660957925e+00 2.5357437749562450e-07
353 6.8847656250000000e-01 8.2150509783645764e-01 8.2150497156977220e-01 1.2626668544069020e-07 8.2150509783637737e-01 8.2150497156977220e-01 1.2626660517156552e-07 1.6430101956728351e+00 1.6430099431395444e+00 2.5253329072327801e-07
354 6.9042968750000000e-01 8.1809915663505040e-01 8.1809903089378522e-01 1.2574126517783668e-07 8.1809915663501476e-01 8.1809903089378522e-01 1.2574122953967759e-07 1.6361983132700653e+00 1.6361980617875704e+00 2.5148249482853657e-07
355 6.9238281250000000e-01 8.1466241446267307e-01 8.1466228925167616e-01 1.2521099690410153e-07 8.1466241446254128e-01 8.1466228925167616e-01 1.2521086512062851e-07 1.6293248289252142e+00 1.6293245785033523e+00 2.5042186191370774e-07
356 6.9433593750000000e-01 8.1119500071072081e-01 8.1119487603482621e-01 1.2467589460829487e-07 8.1119500071065986e-01 8.1119487603482621e-01 1.2467583365705082e-07 1.6223900014213806e+00 1.6223897520696524e+00 2.4935172815432338e-07
357 6.9628906250000000e-01 8.0769704592535274e-01 8.0769692178938235e-01 1.2413597039184765e-07 8.0769704592546698e-01 8.0769692178938235e-01 1.2413608463379688e-07 1.6153940918508196e+00 1.6153938435787647e+00 2.4827205491462223e-07
358 6.9824218750000000e-01 8.0416868180258316e-01 8.0416855821134536e-01 1.2359123779948078e-07 8.0416868180248624e-01 8.0416855821134536e-01 1.2359114087701073e-07 1.6083373636050693e+00 1.6083371164226907e+00 2.4718237856546921e-07
359 7.0019531250000000e-01 8.0061004118332169e-01 8.0060991814160987e-01 1.2304171181920509e-07 8.0061004118321200e-01 8.0060991814160987e-01 1.2304160212917026e-07 1.6012200823665337e+00 1.6012198362832197e+00 2.4608331394837535e-07
360 7.0214843750000000e-01 7.9702125804836876e-01 7.9702113556096255e-01 1.2248740621778609e-07 7.9702125804860380e-01 7.9702113556096255e-01 1.2248764125200040e-07 1.5940425160969727e+00 1.5940422711219251e+00 2.4497504758080879e-07
361 7.0410156250000000e-01 7.9340246751336985e-01 7.9340234558503986e-01 1.2192832998803027e-07 7.9340246751304877e-01 7.9340234558503986e-01 1.2192800891153155e-07 1.5868049350264186e+00 1.5868046911700797e+00 2.4385633889956182e-07
362 7.0605468750000000e-01 7.8975380582373778e-01 7.8975368445923844e-01 1.2136449933919380e-07 7.8975380582404431e-01 7.8975368445923844e-01 1.2136480587177090e-07 1.5795076116477822e+00 1.5795073689184769e+00 2.4272930532198700e-07
363 7.0800781250000000e-01 7.8607541034951478e-01 7.8607528955358796e-01 1.2079592681679685e-07 7.8607541034985862e-01 7.8607528955358796e-01 1.2079627065286758e-07 1.5721508206993735e+00 1.5721505791071759e+00 2.4159219758068673e-07
364 7.0996093750000000e-01 7.8236741958020173e-01 7.8236729935757710e-01 1.2022262463329270e-07 7.8236741958016820e-01 7.8236729935757710e-01 1.2022259110455735e-07 1.5647348391603699e+00 1.5647345987151542e+00 2.4044521573785005e-07
365 7.1191406250000000e-01 7.7862997311954518e-01 7.7862985347494151e-01 1.1964460366886698e-07 7.7862997311933402e-01 7.7862985347494151e-01 1.1964439250444769e-07 1.5572599462388792e+00 1.5572597069498830e+00 2.3928899617331467e-07
366 7.1386718750000000e-01 7.7486321168028194e-01 7.7486309261840558e-01 1.1906187635801757e-07 7.7486321168034589e-01 7.7486309261840558e-01 1.1906194030686379e-07 1.5497264233606278e+00 1.5497261852368112e+00 2.3812381666488136e-07
367 7.1582031250000000e-01 7.7106727707884282e-01 7.7106715860438735e-01 1.1847445546830926e-07 7.7106727707906053e-01 7.7106715860438735e-01 1.1847467318304439e-07 1.5421345541579035e+00 1.5421343172087747e+00 2.3694912876237595e-07
368 7.1777343750000000e-01 7.6724231223000838e-01 7.6724219434765628e-01 1.1788235210197229e-07 7.6724231222960904e-01 7.6724219434765628e-01 1.1788195275475033e-07 1.5344846244596173e+00 1.5344843886953126e+00 2.3576430474570031e-07
369 7.1972656250000000e-01 7.6338846114153425e-01 7.6338834385595511e-01 1.1728557913759374e-07 7.6338846114194725e-01 7.6338834385595511e-01 1.1728599214055890e-07 1.5267769222834815e+00 1.5267766877119102e+00 2.3457157127815265e-07
370 7.2167968750000000e-01 7.5950586890872196e-01 7.5950575222457684e-01 1.1668414512389091e-07 7.5950586890894090e-01 7.5950575222457684e-01 1.1668436405987137e-07 1.5190117378176629e+00 1.5190115044491537e+00 2.3336850918376228e-07
371 7.2363281250000000e-01 7.5559468170896515e-01 7.5559456563090133e-01 1.1607806382762931e-07 7.5559468170909794e-01 7.5559456563090133e-01 1.1607819661030305e-07 1.5111893634180631e+00 1.5111891312618027e+00 2.3215626043793236e-07
372 7.2558593750000000e-01 7.5165504679623496e-01 7.5165493132889394e-01 1.1546734102196865e-07 7.5165504679651851e-01 7.5165493132889394e-01 1.1546762457292914e-07 1.5033100935927535e+00 1.5033098626577879e+00 2.3093496559489779e-07
373 7.2753906250000000e-01 7.4768711249554765e-01 7.4768699764355884e-01 1.1485198880833991e-07 7.4768711249574193e-01 7.4768699764355884e-01 1.1485218309736922e-07 1.4953742249912896e+00 1.4953739952871177e+00 2.2970417190570913e-07
374 7.2949218750000000e-01 7.4369102819737398e-01 7.4369091396535714e-01 1.1423201684568340e-07 7.4369102819766120e-01 7.4369091396535714e-01 1.1423230406037987e-07 1.4873820563950351e+00 1.4873818279307143e+00 2.2846432079504098e-07
375 7.3144531250000000e-01 7.3966694435201530e-01 7.3966683074458006e-01 1.1360743523702865e-07 7.3966694435243519e-01 7.3966683074458006e-01 1.1360785512337657e-07 1.4793338887044505e+00 1.4793336614891601e+00 2.2721529036040522e-07
376 7.3339843750000000e-01 7.3561501246394134e-01 7.3561489948568726e-01 1.1297825408540518e-07 7.3561501246378957e-01 7.3561489948568726e-01 1.1297810231791772e-07 1.4712300249277308e+00 1.4712297989713745e+00 2.2595635629230060e-07
377 7.3535156250000000e-01 7.3153538508607907e-01 7.3153527274159968e-01 1.1234447938601733e-07 7.3153538508595328e-01 7.3153527274159968e-01 1.1234435359774864e-07 1.4630707701720325e+00 1.4630705454831994e+00 2.2468883309478827e-07
378 7.3730468750000000e-01 7.2742821581408135e-01 7.2742810410795911e-01 1.1170612224109533e-07 7.2742821581437089e-01 7.2742810410795911e-01 1.1170641178726015e-07 1.4548564316284522e+00 1.4548562082159182e+00 2.2341253402835548e-07
379 7.3925781250000000e-01 7.2329365928053357e-01 7.2329354821734260e-01 1.1106319097731188e-07 7.2329365928096434e-01 7.2329354821734260e-01 1.1106362174384543e-07 1.4465873185614979e+00 1.4465870964346852e+00 2.2212681272115731e-07
380 7.4121093750000000e-01 7.1913187114913402e-01 7.1913176073344287e-01 1.1041569114578209e-07 7.1913187114916011e-01 7.1913176073344287e-01 1.1041571723602317e-07 1.4382637422982940e+00 1.4382635214668857e+00 2.2083140827078296e-07
381 7.4316406250000000e-01 7.1494300810883571e-01 7.1494289834520675e-01 1.0976362896375491e-07 7.1494300810868616e-01 7.1494289834520675e-01 1.0976347941671349e-07 1.4298860162175218e+00 1.4298857966904135e+00 2.1952710826944610e-07
382 7.4511718750000000e-01 7.1072722786794773e-01 7.1072711876093497e-01 1.0910701275790302e-07 7.1072722786837039e-01 7.1072711876093497e-01 1.0910743541980850e-07 1.4214544557363182e+00 1.4214542375218699e+00 2.1821444828873382e-07
383 7.4707031250000000e-01 7.0648468914819418e-01 7.0648458070234676e-01 1.0844584741320773e-07 7.0648468914866203e-01 7.0648458070234676e-01 1.0844631526119031e-07 1.4129693782968562e+00 1.4129691614046935e+00 2.1689216267439804e-07
384 7.4902343750000000e-01 7.0221555167874372e-01 7.0221544389860147e-01 1.0778014225554244e-07 7.0221555167872729e-01 7.0221544389860147e-01 1.0778012582424168e-07 1.4044311033574710e+00 1.4044308877972029e+00 2.1556026807978412e-07
385 7.5097656250000000e-01 6.9791997619018808e-01 6.9791986908028758e-01 1.0710990050455393e-07 6.9791997619028245e-01 6.9791986908028758e-01 1.0710999487351103e-07 1.3958399523804705e+00 1.3958397381605752e+00 2.1421989537806496e-07
386 7.5292968750000000e-01 6.9359812440849644e-01 6.9359801797336817e-01 1.0643512826646884e-07 6.9359812440881363e-01 6.9359801797336817e-01 1.0643544545718697e-07 1.3871962488173102e+00 1.3871960359467363e+00 2.1287057383467811e-07
387 7.5488281250000000e-01 6.8925015904892606e-01 6.8925005329309574e-01 1.0575583031524616e-07 6.8925015904977605e-01 6.8925005329309574e-01 1.0575668030199381e-07 1.3785003180987021e+00 1.3785001065861915e+00 2.1151251061723997e-07
388 7.5683593750000000e-01 6.8487624380989576e-01 6.8487613873788233e-01 1.0507201342324635e-07 6.8487624380948953e-01 6.8487613873788233e-01 1.0507160719264164e-07 1.3697524876193854e+00 1.3697522774757647e+00 2.1014362072691029e-07
389 7.5878906250000000e-01 6.8047654336681551e-01 6.8047643898313903e-01 1.0438367648024638e-07 6.8047654336680286e-01 6.8047643898313903e-01 1.0438366382370390e-07 1.3609530867336184e+00 1.3609528779662781e+00 2.0876734030395028e-07
390 7.6074218750000000e-01 6.7605122336590007e-01 6.7605111967507481e-01 1.0369082525940598e-07 6.7605122336527057e-01 6.7605111967507481e-01 1.0369019576295102e-07 1.3521024467311706e+00 1.3521022393501496e+00 2.0738102102235700e-07
391 7.6269531250000000e-01 6.7160045041792160e-01 6.7160034742446029e-01 1.0299346131503739e-07 6.7160045041792193e-01 6.7160034742446029e-01 1.0299346164810430e-07 1.3432009008358436e+00 1.3432006948489206e+00 2.0598692307416400e-07
392 7.6464843750000000e-01 6.6712439209194208e-01 6.6712428980035565e-01 1.0229158642349745e-07 6.6712439209174657e-01 6.6712428980035565e-01 1.0229139091322281e-07 1.3342487841836888e+00 1.3342485796007113e+00 2.0458297744774256e-07
393 7.6660156250000000e-01 6.6262321690900627e-01 6.6262311532379992e-01 1.0158520635794588e-07 6.6262321690854165e-01 6.6262311532379992e-01 1.0158474172961007e-07 1.3252464338175480e+00 1.3252462306475998e+00 2.0316994819857825e-07
394 7.6855468750000000e-01 6.5809709433578967e-01 6.5809699346146866e-01 1.0087432100736038e-07 6.5809709433531149e-01 6.5809699346146866e-01 1.0087384283430367e-07 1.3161941886711013e+00 1.3161939869229373e+00 2.0174816395268635e-07
395 7.7050781250000000e-01 6.5354619477822118e-01 6.5354609461929114e-01 1.0015893003867404e-07 6.5354619477833220e-01 6.5354609461929114e-01 1.0015904106097651e-07 1.3070923895565534e+00 1.3070921892385823e+00 2.0031797109965055e-07
396 7.7246093750000000e-01 6.4897068957507098e-01 6.4897059013603731e-01 9.9439033673931476e-08 6.4897068957486592e-01 6.4897059013603731e-01 9.9438828615738828e-08 1.2979413791499370e+00 1.2979411802720746e+00 1.9887786240069261e-07
397 7.7441406250000000e-01 6.4437075099149743e-01 6.4437065227686419e-01 9.8714633245400307e-08 6.4437075099137664e-01 6.4437065227686419e-01 9.8714512453135228e-08 1.2887415019828741e+00 1.2887413045537284e+00 1.9742914569853554e-07
398 7.7636718750000000e-01 6.3974655221255883e-01 6.3974645422683296e-01 9.7985725866500673e-08 6.3974655221229482e-01 6.3974645422683296e-01 9.7985461855465417e-08 1.2794931044248536e+00 1.2794929084536659e+00 1.9597118772196609e-07
399 7.7832031250000000e-01 6.3509826733669672e-01 6.3509817008438574e-01 9.7252310982121060e-08 6.3509826733688779e-01 6.3509817008438574e-01 9.7252502051503598e-08 1.2701965346735844e+00 1.2701963401687715e+00 1.9450481292260235e-07
400 7.8027343750000000e-01 6.3042607136918161e-01 6.3042597485479424e-01 9.6514387371016142e-08 6.3042607136898099e-01 6.3042597485479424e-01 9.6514186753715592e-08 1.2608521427381625e+00 1.2608519497095885e+00 1.9302857401370943e-07
401 7.8222656250000000e-01 6.2573014021552253e-01 6.2573004444356739e-01 9.5771955144208221e-08 6.2573014021525342e-01 6.2573004444356739e-01 9.5771686026147052e-08 1.2514602804307760e+00 1.2514600888871348e+00 1.9154364117035527e-07
402 7.8417968750000000e-01 6.2101065067484296e-01 6.2101055564983132e-01 9.5025011637162038e-08 6.2101065067467009e-01 6.2101055564983132e-01 9.5024838775437104e-08 1.2420213013495132e+00 1.2420211112996626e+00 1.9004985052362144e-07
403 7.8613281250000000e-01 6.1626778043322405e-01 6.1626768615967176e-01 9.4273552297963192e-08 6.1626778043380359e-01 6.1626768615967176e-01 9.4274131834382047e-08 1.2325355608670276e+00 1.2325353723193435e+00 1.8854768413234524e-07
404 7.8808593750000000e-01 6.1150170805701864e-01 6.1150161453944396e-01 9.3517574684121030e-08 6.1150170805699289e-01 6.1150161453944396e-01 9.3517548926946859e-08 1.2230034161140115e+00 1.2230032290788879e+00 1.8703512361106789e-07
405 7.9003906250000000e-01 6.0671261298612633e-01 6.0671252022905120e-01 9.2757075131899569e-08 6.0671261298599566e-01 6.0671252022905120e-01 9.2756944458649571e-08 1.2134252259721219e+00 1.2134250404581024e+00 1.8551401947952684e-07
406 7.9199218750000000e-01 6.0190067552723658e-01 6.0190058353518683e-01 9.1992049755518224e-08 6.0190067552699056e-01 6.0190058353518683e-01 9.1991803730095967e-08 1.2038013510542271e+00 1.2038011670703737e+00 1.8398385348561419e-07
407 7.9394531250000000e-01 5.9706607684704360e-01 5.9706598562454827e-01 9.1222495335330223e-08 5.9706607684682655e-01 5.9706598562454827e-01 9.1222278286728908e-08 1.1941321536938703e+00 1.1941319712490965e+00 1.8244477373308143e-07
408 7.9589843750000000e-01 5.9220899896542101e-01 5.9220890851701369e-01 9.0448407319421165e-08 5.9220899896525203e-01 5.9220890851701369e-01 9.0448238343476817e-08 1.1844179979306730e+00 1.1844178170340274e+00 1.8089664566289798e-07
409 7.9785156250000000e-01 5.8732962474856909e-01 5.8732953507879149e-01 8.9669777603162970e-08 5.8732962474851003e-01 5.8732953507879149e-01 8.9669718539298060e-08 1.1746592494970791e+00 1.1746590701575830e+00 1.7933949614246103e-07
410 7.9980468750000000e-01 5.8242813790213543e-01 5.8242804901553324e-01 8.8886602189752750e-08 5.8242813790195014e-01 5.8242804901553324e-01 8.8886416893529940e-08 1.1648562758040857e+00 1.1648560980310665e+00 1.7777301919430499e-07
411 8.0175781250000000e-01 5.7750472296429389e-01 5.7750463486541959e-01 8.8098874306830055e-08 5.7750472296417632e-01 5.7750463486541959e-01 8.8098756734211747e-08 1.1550094459284703e+00 1.1550092697308392e+00 1.7619763115206410e-07
412 8.0371093750000000e-01 5.7255956529879670e-01 5.7255947799220996e-01 8.7306586737945224e-08 5.7255956529889385e-01 5.7255947799220996e-01 8.7306683882459879e-08 1.1451191305976907e+00 1.1451189559844199e+00 1.7461327073142741e-07
413 8.0566406250000000e-01 5.6759285108800062e-01 5.6759276457826568e-01 8.6509734931183857e-08 5.6759285108792712e-01 5.6759276457826568e-01 8.6509661434419627e-08 1.1351857021759277e+00 1.1351855291565314e+00 1.7301939636560348e-07
414 8.0761718750000000e-01 5.6260476732584974e-01 5.6260468161754029e-01 8.5708309449650244e-08 5.6260476732582787e-01 5.6260468161754029e-01 8.5708287578256659e-08 1.1252095346516775e+00 1.1252093632350806e+00 1.7141659691688460e-07
415 8.0957031250000000e-01 5.5759550181084239e-01 5.5759541690853698e-01 8.4902305408363077e-08 5.5759550181072370e-01 5.5759541690853698e-01 8.4902186725521744e-08 1.1151910036215660e+00 1.1151908338170740e+00 1.6980449202286252e-07
416 8.1152343750000000e-01 5.5256524313895650e-01 5.5256515904724168e-01 8.4091714813716578e-08 5.5256524313892241e-01 5.5256515904724168e-01 8.4091680729869722e-08 1.1051304862778788e+00 1.1051303180944834e+00 1.6818339543256400e-07
417 8.1347656250000000e-01 5.4751418069655067e-01 5.4751409742001900e-01 8.3276531670506415e-08 5.4751418069643387e-01 5.4751409742001900e-01 8.3276414875044225e-08 1.0950283613929845e+00 1.0950281948400380e+00 1.6655294654555064e-07
418 8.1542968750000000e-01 5.4244250465323052e-01 5.4244242219648497e-01 8.2456745542636156e-08 5.4244250465321586e-01 5.4244242219648497e-01 8.2456730887692231e-08 1.0848850093064464e+00 1.0848848443929699e+00 1.6491347643032839e-07
419 8.1738281250000000e-01 5.3735040595469596e-01 5.3735032432234442e-01 8.1632351545124493e-08 5.3735040595470362e-01 5.3735032432234442e-01 8.1632359205663363e-08 1.0747008119093997e+00 1.0747006486446888e+00 1.6326471086181016e-07
420 8.1933593750000000e-01 5.3223807631554543e-01 5.3223799551220541e-01 8.0803340019031111e-08 5.3223807631546016e-01 5.3223799551220541e-01 8.0803254753902820e-08 1.0644761526310056e+00 1.0644759910244108e+00 1.6160659477293393e-07
421 8.2128906250000000e-01 5.2710570821206071e-01 5.2710562824235696e-01 7.9969703747906351e-08 5.2710570821198388e-01 5.2710562824235696e-01 7.9969626920473047e-08 1.0542114164240446e+00 1.0542112564847139e+00 1.5993933066837940e-07
422 8.2324218750000000e-01 5.2195349487496101e-01 5.2195341574352661e-01 7.9131434405077528e-08 5.2195349487489962e-01 5.2195341574352661e-01 7.9131373009744266e-08 1.0439069897498605e+00 1.0439068314870532e+00 1.5826280730379949e-07
423 8.2519531250000000e-01 5.1678163028212742e-01 5.1678155199360309e-01 7.8288524330005771e-08 5.1678163028208546e-01 5.1678155199360309e-01 7.8288482363575440e-08 1.0335632605642129e+00 1.0335631039872062e+00 1.5657700669358121e-07
424 8.2714843750000000e-01 5.1159030915129822e-01 5.1159023171033269e-01 7.7440965529085304e-08 5.1159030915130888e-01 5.1159023171033269e-01 7.7440976187226340e-08 1.0231806183026071e+00 1.0231804634206654e+00 1.5488194171631164e-07
425 8.2910156250000000e-01 5.0637972693274025e-01 5.0637965034399079e-01 7.6588749453598837e-08 5.0637972693262157e-01 5.0637965034399079e-01 7.6588630770757504e-08 1.0127594538653617e+00 1.0127593006879816e+00 1.5317738011333404e-07
426 8.3105468750000000e-01 5.0115007980188875e-01 5.0115000407002008e-01 7.5731868665052104e-08 5.0115007980193305e-01 5.0115000407002008e-01 7.5731912962950787e-08 1.0023001596038217e+00 1.0023000081400402e+00 1.5146378151698059e-07
427 8.3300781250000000e-01 4.9590156465196317e-01 4.9590148978164755e-01 7.4870315613928540e-08 4.9590156465191976e-01 4.9590148978164755e-01 7.4870272204208277e-08 9.9180312930388292e-01 9.9180297956329511e-01 1.4974058781813682e-07
428 8.3496093750000000e-01 4.9063437908655211e-01 4.9063430508246908e-01 7.4004083028267331e-08 4.9063437908650565e-01 4.9063430508246908e-01 7.4004036565433751e-08 9.8126875817305770e-01 9.8126861016493816e-01 1.4800811953818993e-07
429 8.3691406250000000e-01 4.8534872141217589e-01 4.8534864827901220e-01 7.3133163691618819e-08 4.8534872141209873e-01 4.8534864827901220e-01 7.3133086531118607e-08 9.7069744282427461e-01 9.7069729655802439e-01 1.4626625022273743e-07
430 8.3886718750000000e-01 4.8004479063081862e-01 4.8004471837326740e-01 7.2257551220200611e-08 4.8004479063088557e-01 4.8004471837326740e-01 7.2257618166648996e-08 9.6008958126170418e-01 9.6008943674653480e-01 1.4451516938684961e-07
431 8.4082031250000000e-01 4.7472278643243693e-01 4.7472271505519864e-01 7.1377238286540745e-08 4.7472278643239174e-01 4.7472271505519864e-01 7.1377193100463643e-08 9.4944557286482867e-01 9.4944543011039728e-01 1.4275443138700439e-07
432 8.4277343750000000e-01 4.6938290918744252e-01 4.6938283869522202e-01 7.0492220505258274e-08 4.6938290918728570e-01 4.6938283869522202e-01 7.0492063686256046e-08 9.3876581837472828e-01 9.3876567739044403e-01 1.4098428424702547e-07
433 8.4472656250000000e-01 4.6402535993915528e-01 4.6402529033666479e-01 6.9602490493370084e-08 4.6402535993904692e-01 4.6402529033666479e-01 6.9602382135602880e-08 9.2805071987820220e-01 9.2805058067332957e-01 1.3920487262897296e-07
434 8.4667968750000000e-01 4.5865034039623864e-01 4.5865027168819489e-01 6.8708043754472925e-08 4.5865034039609770e-01 4.5865027168819489e-01 6.8707902811659949e-08 9.1730068079233629e-01 9.1730054337638978e-01 1.3741594651062172e-07
435 8.4863281250000000e-01 4.5325805292510268e-01 4.5325798511622578e-01 6.7808876902386572e-08 4.5325805292513893e-01 4.5325798511622578e-01 6.7808913151168326e-08 9.0651610585024156e-01 9.0651597023245156e-01 1.3561778999804375e-07
436 8.5058593750000000e-01 4.4784870054228526e-01 4.4784863363729988e-01 6.6904985385196625e-08 4.4784870054219889e-01 4.4784863363729988e-01 6.6904899009845309e-08 8.9569740108448415e-01 8.9569726727459975e-01 1.3380988439504193e-07
437 8.5253906250000000e-01 4.4242248690680974e-01 4.4242242091044209e-01 6.5996367648590848e-08 4.4242248690680563e-01 4.4242242091044209e-01 6.5996363540765657e-08 8.8484497381361538e-01 8.8484484182088419e-01 1.3199273118935650e-07
438 8.5449218750000000e-01 4.3697961631251420e-01 4.3697955122949572e-01 6.5083018474521026e-08 4.3697961631243021e-01 4.3697955122949572e-01 6.5082934486149213e-08 8.7395923262494435e-01 8.7395910245899144e-01 1.3016595290515909e-07
439 8.5644531250000000e-01 4.3152029368036543e-01 4.3152022951542696e-01 6.4164938473609823e-08 4.3152029368038858e-01 4.3152022951542696e-01 6.4164961621759886e-08 8.6304058736075406e-01 8.6304045903085391e-01 1.2832990015088086e-07
440 8.5839843750000000e-01 4.2604472455073988e-01 4.2604466130861357e-01 6.3242126313589608e-08 4.2604472455068987e-01 4.2604466130861357e-01 6.3242076298042349e-08 8.5208944910142970e-01 8.5208932261722714e-01 1.2648420255612081e-07
441 8.6035156250000000e-01 4.2055311507568505e-01 4.2055305276110283e-01 6.2314582216504988e-08 4.2055311507580029e-01 4.2055305276110283e-01 6.2314697457654944e-08 8.4110623015148533e-01 8.4110610552220566e-01 1.2462927967415993e-07
442 8.6230468750000000e-01 4.1504567201116149e-01 4.1504561062885370e-01 6.1382307792179347e-08 4.1504567201123954e-01 4.1504561062885370e-01 6.1382385840857978e-08 8.3009134402240103e-01 8.3009122125770740e-01 1.2276469363303733e-07
443 8.6425781250000000e-01 4.0952260270925317e-01 4.0952254226394869e-01 6.0445304483902618e-08 4.0952260270924984e-01 4.0952254226394869e-01 6.0445301153233544e-08 8.1904520541850301e-01 8.1904508452789737e-01 1.2089060563713616e-07
444 8.6621093750000000e-01 4.0398411511036580e-01 4.0398405560679052e-01 5.9503575289276966e-08 4.0398411511037530e-01 4.0398405560679052e-01 5.9503584781683827e-08 8.0796823022074116e-01 8.0796811121358103e-01 1.1900716012647194e-07
445 8.6816406250000000e-01 3.9843041773539695e-01 3.9843035917827191e-01 5.8557125037772551e-08 3.9843041773534005e-01 3.9843035917827191e-01 5.8557068138842538e-08 7.9686083547073694e-01 7.9686071835654382e-01 1.1711419312110394e-07
446 8.7011718750000000e-01 3.9286171967788441e-01 3.9286166207192347e-01 5.7605960945839030e-08 3.9286171967781941e-01 3.9286166207192347e-01 5.7605895942280938e-08 7.8572343935570377e-01 7.8572332414384694e-01 1.1521185683260882e-07
447 8.7207031250000000e-01 3.8727823059613281e-01 3.8727817394604480e-01 5.6650088009480015e-08 3.8727823059620775e-01 3.8727817394604480e-01 5.6650162949534177e-08 7.7455646119234056e-01 7.7455634789208960e-01 1.1330025095901419e-07
448 8.7402343750000000e-01 3.8168016070532335e-01 3.8168010501580718e-01 5.5689516165191577e-08 3.8168016070529176e-01 3.8168010501580718e-01 5.5689484579346527e-08 7.6336032141061505e-01 7.6336021003161436e-01 1.1137900068902695e-07
449 8.7597656250000000e-01 3.7606772076959655e-01 3.7606766604534259e-01 5.4724253961691005e-08 3.7606772076954903e-01 3.7606766604534259e-01 5.4724206444145551e-08 7.5213544153914558e-01 7.5213533209068517e-01 1.0944846040583656e-07
450 8.7792968750000000e-01 3.7044112209411773e-01 3.7044106833980528e-01 5.3754312445697394e-08 3.7044112209427177e-01 3.7044106833980528e-01 5.3754466489142061e-08 7.4088224418838955e-01 7.4088213667961056e-01 1.0750877899035061e-07
451 8.7988281250000000e-01 3.6480057651712394e-01 3.6480052373741956e-01 5.2779704384775528e-08 3.6480057651698594e-01 3.6480052373741956e-01 5.2779566384053567e-08 7.2960115303410988e-01 7.2960104747483912e-01 1.0555927076882909e-07
452 8.8183593750000000e-01 3.5914629640194579e-01 3.5914624460150074e-01 5.1800445044491994e-08 3.5914629640208867e-01 3.5914624460150074e-01 5.1800587930195263e-08 7.1829259280403446e-01 7.1829248920300148e-01 1.0360103297468726e-07
453 8.8378906250000000e-01 3.5347849462901332e-01 3.5347844381246335e-01 5.0816549967969138e-08 3.5347849462889386e-01 3.5347844381246335e-01 5.0816430507971688e-08 7.0695698925790718e-01 7.0695688762492670e-01 1.0163298047594083e-07
454 8.8574218750000000e-01 3.4779738458783965e-01 3.4779733475980285e-01 4.9828036807753051e-08 3.4779738458790305e-01 3.4779733475980285e-01 4.9828100201487757e-08 6.9559476917574270e-01 6.9559466951960569e-01 9.9656137009240808e-08
455 8.8769531250000000e-01 3.4210318016898883e-01 3.4210313133406456e-01 4.8834924271101698e-08 3.4210318016905972e-01 3.4210313133406456e-01 4.8834995158841821e-08 6.8420636033804860e-01 6.8420626266812912e-01 9.7669919485454670e-08
456 8.8964843750000000e-01 3.3639609575602247e-01 3.3639604791878941e-01 4.7837233063674489e-08 3.3639609575601370e-01 3.3639604791878941e-01 4.7837224292912595e-08 6.7279219151203618e-01 6.7279209583757882e-01 9.5674457356587084e-08
457 8.9160156250000000e-01 3.3067634621742859e-01 3.3067629938244147e-01 4.6834987110777604e-08 3.3067634621744102e-01 3.3067629938244147e-01 4.6834999545275480e-08 6.6135269243486960e-01 6.6135259876488295e-01 9.3669986656053084e-08
458 8.9355468750000000e-01 3.2494414689853129e-01 3.2494410107032123e-01 4.5828210060161467e-08 3.2494414689848328e-01 3.2494410107032123e-01 4.5828162043015652e-08 6.4988829379701452e-01 6.4988820214064247e-01 9.1656372047665968e-08
459 8.9550781250000000e-01 3.1919971361338401e-01 3.1919966879645439e-01 4.4816929611890544e-08 3.1919971361337124e-01 3.1919966879645439e-01 4.4816916844325760e-08 6.3839942722675525e-01 6.3839933759290879e-01 8.9633846456216304e-08
460 8.9746093750000000e-01 3.1344326263664313e-01 3.1344321883547016e-01 4.3801172966428936e-08 3.1344326263669270e-01 3.1344321883547016e-01 4.3801222537886986e-08 6.2688652527333577e-01 6.2688643767094032e-01 8.7602395448804771e-08
461 8.9941406250000000e-01 3.0767501069542758e-01 3.0767496791445520e-01 4.2780972375755510e-08 3.0767501069537706e-01 3.0767496791445520e-01 4.2780921860607890e-08 6.1535002139080464e-01 6.1534993582891040e-01 8.5561894236363401e-08
462 9.0136718750000000e-01 3.0189517496115681e-01 3.0189513320479727e-01 4.1756359536737619e-08 3.0189517496115148e-01 3.0189513320479727e-01 4.1756354207667101e-08 6.0379034992230829e-01 6.0379026640959454e-01 8.3512713744404721e-08
463 9.0332031250000000e-01 2.9610397304137498e-01 2.9610393231400561e-01 4.0727369365889388e-08 2.9610397304137592e-01 2.9610393231400561e-01 4.0727370309578959e-08 5.9220794608275096e-01 5.9220786462801123e-01 8.1454739730979497e-08
464 9.0527343750000000e-01 2.9030162297156059e-01 2.9030158327752137e-01 3.9694039222215594e-08 2.9030162297156126e-01 2.9030158327752137e-01 3.9694039888349408e-08 5.8060324594312185e-01 5.8060316655504274e-01 7.9388079110565002e-08
465 9.0722656250000000e-01 2.8448834320691502e-01 2.8448830455050539e-01 3.8656409628856636e-08 2.8448834320688643e-01 2.8448830455050539e-01 3.8656381040613752e-08 5.6897668641380150e-01 5.6897660910101078e-01 7.7312790724981539e-08
466 9.0917968750000000e-01 2.7866435261413763e-01 2.7866431499961652e-01 3.7614521108952914e-08 2.7866435261417927e-01 2.7866431499961652e-01 3.7614562742316338e-08 5.5732870522831690e-01 5.5732862999923305e-01 7.5229083851269252e-08
467 9.1113281250000000e-01 2.7282987046318719e-01 2.7282983389477006e-01 3.6568417127735842e-08 2.7282987046318302e-01 2.7282983389477006e-01 3.6568412964399499e-08 5.4565974092637015e-01 5.4565966778954011e-01 7.3136830036624190e-08
468 9.1308593750000000e-01 2.6698511641902495e-01 2.6698508090088113e-01 3.5518143814972092e-08 2.6698511641899331e-01 2.6698508090088113e-01 3.5518112173615890e-08 5.3397023283801825e-01 5.3397016180176227e-01 7.1036255988587982e-08
469 9.1503906250000000e-01 2.6113031053334568e-01 2.6113027606959721e-01 3.4463748466162514e-08 2.6113031053333163e-01 2.6113027606959721e-01 3.4463734421841252e-08 5.2226062106667737e-01 5.2226055213919442e-01 6.8927482943514917e-08
470 9.1699218750000000e-01 2.5526567323629318e-01 2.5526563983101030e-01 3.3405282873211206e-08 2.5526567323628230e-01 2.5526563983101030e-01 3.3405271993025565e-08 5.1053134647257548e-01 5.1053127966202061e-01 6.6810554866236771e-08
471 9.1894531250000000e-01 2.4939142532816000e-01 2.4939139298536092e-01 3.2342799077822448e-08 2.4939142532812963e-01 2.4939139298536092e-01 3.2342768713222725e-08 4.9878285065628963e-01 4.9878278597072184e-01 6.4685567791045173e-08
472 9.2089843750000000e-01 2.4350778797107525e-01 2.4350775669472177e-01 3.1276353479325891e-08 2.4350778797107234e-01 2.4350775669472177e-01 3.1276350564990452e-08 4.8701557594214762e-01 4.8701551338944354e-01 6.2552704072071919e-08
473 9.2285156250000000e-01 2.3761498268067713e-01 2.3761495247467465e-01 3.0206002477051186e-08 2.3761498268068773e-01 2.3761495247467465e-01 3.0206013079681071e-08 4.7522996536136486e-01 4.7522990494934930e-01 6.0412015556732257e-08
474 9.2480468750000000e-01 2.3171323131777405e-01 2.3171320218596694e-01 2.9131807105509111e-08 2.3171323131776703e-01 2.3171320218596694e-01 2.9131800083348480e-08 4.6342646263554110e-01 4.6342640437193389e-01 5.8263607216613167e-08
475 9.2675781250000000e-01 2.2580275607999145e-01 2.2580272802616219e-01 2.8053829259633289e-08 2.2580275608001121e-01 2.2580272802616219e-01 2.8053849021603128e-08 4.5160551216000266e-01 4.5160545605232438e-01 5.6107678281236417e-08
476 9.2871093750000000e-01 2.1988377949340485e-01 2.1988375252127101e-01 2.6972133831959511e-08 2.1988377949341026e-01 2.1988375252127101e-01 2.6972139244296756e-08 4.3976755898681508e-01 4.3976750504254203e-01 5.3944273048500690e-08
477 9.3066406250000000e-01 2.1395652440416374e-01 2.1395649851737625e-01 2.5886787491380403e-08 2.1395652440415655e-01 2.1395649851737625e-01 2.5886780302686319e-08 4.2791304880832026e-01 4.2791299703475250e-01 5.1773567766311146e-08
478 9.3261718750000000e-01 2.0802121397010126e-01 2.0802118917224147e-01 2.4797859793368460e-08 2.0802121397009687e-01 2.0802118917224147e-01 2.4797855407987512e-08 4.1604242794019813e-01 4.1604237834448293e-01 4.9595715201355972e-08
479 9.3457031250000000e-01 2.0207807165233144e-01 2.0207804794690790e-01 2.3705423540798520e-08 2.0207807165234812e-01 2.0207804794690790e-01 2.3705440221899465e-08 4.0415614330467953e-01 4.0415609589381579e-01 4.7410863734942410e-08
480 9.3652343750000000e-01 1.9612732120683660e-01 1.9612729859728459e-01 2.2609552008390210e-08 1.9612732120681670e-01 1.9612729859728459e-01 2.2609532107642494e-08 3.9225464241365327e-01 3.9225459719456918e-01 4.5219084088277128e-08
481 9.3847656250000000e-01 1.9016918667604293e-01 1.9016916516572024e-01 2.1510322689710648e-08 1.9016918667605767e-01 1.9016916516572024e-01 2.1510337427921300e-08 3.8033837335210063e-01 3.8033833033144049e-01 4.3020660145387524e-08
482 9.4042968750000000e-01 1.8420389238038515e-01 1.8420387197257188e-01 2.0407813272615982e-08 1.8420389238037468e-01 1.8420387197257188e-01 2.0407802808763975e-08 3.6840778476075986e-01 3.6840774394514375e-01 4.0815616109135533e-08
483 9.4238281250000000e-01 1.7823166290986167e-01 1.7823164360775573e-01 1.9302105941365610e-08 1.7823166290986106e-01 1.7823164360775573e-01 1.9302105330742947e-08 3.5646332581972273e-01 3.5646328721551146e-01 3.8604211272108557e-08
484 9.4433593750000000e-01 1.7225272311557815e-01 1.7225270492229516e-01 1.8193282991241233e-08 1.7225272311557976e-01 1.7225270492229516e-01 1.8193284601064619e-08 3.4450544623115792e-01 3.4450540984459033e-01 3.6386567592305852e-08
485 9.4628906250000000e-01 1.6626729810128318e-01 1.6626728101985147e-01 1.7081431713528161e-08 1.6626729810127930e-01 1.6626728101985147e-01 1.7081427827747575e-08 3.3253459620256248e-01 3.3253456203970294e-01 3.4162859541275736e-08
486 9.4824218750000000e-01 1.6027561321489162e-01 1.6027559724825199e-01 1.5966639621556311e-08 1.6027561321489381e-01 1.6027559724825199e-01 1.5966641814246785e-08 3.2055122642978540e-01 3.2055119449650399e-01 3.1933281408047520e-08
487 9.5019531250000000e-01 1.5427789404000089e-01 1.5427787919100469e-01 1.4848996199301467e-08 1.5427789403999800e-01 1.5427787919100469e-01 1.4848993312721603e-08 3.0855578807999889e-01 3.0855575838200938e-01 2.9697989512023071e-08
488 9.5214843750000000e-01 1.4827436638739797e-01 1.4827435265880362e-01 1.3728594344675216e-08 1.4827436638740096e-01 1.4827435265880362e-01 1.3728597342277382e-08 2.9654873277479893e-01 2.9654870531760724e-01 2.7457191686952598e-08
489 9.5410156250000000e-01 1.4226525628655759e-01 1.4226524368103041e-01 1.2605527177633746e-08 1.4226525628655942e-01 1.4226524368103041e-01 1.2605529009501737e-08 2.8453051257311701e-01 2.8453048736206082e-01 2.5211056187135483e-08
490 9.5605468750000000e-01 1.3625078997713289e-01 1.3625077849724079e-01 1.1479892092491895e-08 1.3625078997713569e-01 1.3625077849724079e-01 1.1479894895805032e-08 2.7250157995426860e-01 2.7250155699448159e-01 2.2959787016052502e-08
491 9.5800781250000000e-01 1.3023119390043705e-01 1.3023118354865046e-01 1.0351786594586798e-08 1.3023119390043222e-01 1.3023118354865046e-01 1.0351781765116641e-08 2.6046238780086928e-01 2.6046236709730092e-01 2.0703568359703439e-08
492 9.5996093750000000e-01 1.2420669469091793e-01 1.2420668546960602e-01 9.2213119085027273e-09 1.2420669469091256e-01 1.2420668546960602e-01 9.2213065377988457e-09 2.4841338938183050e-01 2.4841337093921204e-01 1.8442618460179361e-08
493 9.6191406250000000e-01 1.1817751916762506e-01 1.1817751107905601e-01 8.0885690506571351e-09 1.1817751916761664e-01 1.1817751107905601e-01 8.0885606268399357e-09 2.3635503833524169e-01 2.3635502215811202e-01 1.6177129663619283e-08
494 9.6386718750000000e-01 1.1214389432567042e-01 1.1214388737200762e-01 6.9536627983479704e-09 1.1214389432566074e-01 1.1214388737200762e-01 6.9536531255298684e-09 2.2428778865133114e-01 2.2428777474401523e-01 1.3907315910000051e-08
495 9.6582031250000000e-01 1.0610604732768159e-01 1.0610604151098410e-01 5.8166974847839725e-09 1.0610604732767816e-01 1.0610604151098410e-01 5.8166940569703840e-09 2.1221209465535973e-01 2.1221208302196820e-01 1.1633391527876569e-08
496 9.6777343750000000e-01 1.0006420549525039e-01 1.0006420081746863e-01 4.6777817591658888e-09 1.0006420549524697e-01 1.0006420081746863e-01 4.6777783452300881e-09 2.0012841099049736e-01 2.0012840163493725e-01 9.3555601043959769e-09
497 9.6972656250000000e-01 9.4018596300372445e-02 9.4018592763348910e-02 3.5370235351717128e-09 9.4018596300367838e-02 9.4018592763348910e-02 3.5370189277461606e-09 1.8803719260074028e-01 1.8803718552669782e-01 7.0740424629178733e-09
498 9.7167968750000000e-01 8.7969447356884847e-02 8.7969444962351595e-02 2.3945332522368190e-09 8.7969447356882044e-02 8.7969444962351595e-02 2.3945304489236818e-09 1.7593889471376689e-01 1.7593888992470319e-01 4.7890637011605008e-09
499 9.7363281250000000e-01 8.1916986411895001e-02 8.1916985161471542e-02 1.2504234592203289e-09 8.1916986411897111e-02 8.1916985161471542e-02 1.2504255686440757e-09 1.6383397282379211e-01 1.6383397032294308e-01 2.5008490278644047e-09
500 9.7558593750000000e-01 7.5861441337206709e-02 7.5861441232400267e-02 1.0480644130339556e-10 7.5861441337203211e-02 7.5861441232400267e-02 1.0480294410086799e-10 1.5172288267440992e-01 1.5172288246480053e-01 2.0960938540426355e-10
501 9.7753906250000000e-01 6.9803040120740692e-02 6.9803041162943225e-02 -1.0422025326084494e-09 6.9803040120740067e-02 6.9803041162943225e-02 -1.0422031571089008e-09 1.3960608024148075e-01 1.3960608232588645e-01 -2.0844057035951380e-09
502 9.7949218750000000e-01 6.3742010857950823e-02 6.3742013048439669e-02 -2.1904888458657013e-09 6.3742010857953210e-02 6.3742013048439669e-02 -2.1904864588861983e-09 1.2748402171590403e-01 1.2748402609687934e-01 -4.3809753047518996e-09
503 9.8144531250000000e-01 5.7678581743236784e-02 5.7678585083171523e-02 -3.3399347384999167e-09 5.7678581743238956e-02 5.7678585083171523e-02 -3.3399325666261248e-09 1.1535716348647573e-01 1.1535717016634305e-01 -6.6798673120649354e-09
504 9.8339843750000000e-01 5.1612981061352078e-02 5.1612985551775500e-02 -4.4904234219877992e-09 5.1612981061353994e-02 5.1612985551775500e-02 -4.4904215068530817e-09 1.0322596212270607e-01 1.0322597110355100e-01 -8.9808449288408809e-09
505 9.8535156250000000e-01 4.5545437178809565e-02 4.5545442820644808e-02 -5.6418352420428697e-09 4.5545437178809385e-02 4.5545442820644808e-02 -5.6418354224541112e-09 9.1090874357618951e-02 9.1090885641289615e-02 -1.1283670664496981e-08
506 9.8730468750000000e-01 3.9476178535283075e-02 3.9476185329334737e-02 -6.7940516615405677e-09 3.9476178535281591e-02 3.9476185329334737e-02 -6.7940531464638632e-09 7.8952357070564666e-02 7.8952370658669474e-02 -1.3588104808004431e-08
507 9.8925781250000000e-01 3.3405433635007128e-02 3.3405441581958607e-02 -7.9469514788210738e-09 3.3405433635006511e-02 3.3405441581958607e-02 -7.9469520963826312e-09 6.6810867270013646e-02 6.6810883163917215e-02 -1.5893903568264811e-08
508 9.9121093750000000e-01 2.7333431038173567e-02 2.7333440138587749e-02 -9.1004141826445117e-09 2.7333431038174063e-02 2.7333440138587749e-02 -9.1004136865135976e-09 5.4666862076347633e-02 5.4666880277175499e-02 -1.8200827865688662e-08
509 9.9316406250000000e-01 2.1260399352326206e-02 2.1260409606645034e-02 -1.0254318828090137e-08 2.1260399352326931e-02 2.1260409606645034e-02 -1.0254318102975724e-08 4.2520798704653140e-02 4.2520819213290068e-02 -2.0508636927596413e-08
510 9.9511718750000000e-01 1.5186567223753935e-02 1.5186578632296624e-02 -1.1408542688676193e-08 1.5186567223754655e-02 1.5186578632296624e-02 -1.1408541968765951e-08 3.0373134447508589e-02 3.0373157264593248e-02 -2.2817084659176867e-08
511 9.9707031250000000e-01 9.1121633288822855e-03 9.1121758918466349e-03 -1.2562964349371875e-08 9.1121633288829031e-03 9.1121758918466349e-03 -1.2562963731810317e-08 1.8224326657765189e-02 1.8224351783693270e-02 -2.5125928081182192e-08
512 9.9902343750000000e-01 3.0374163656636294e-03 3.0374300831241016e-03 -1.3717460472205401e-08 3.0374163656619936e-03 3.0374300831241016e-03 -1.3717462108049638e-08 6.0748327313256230e-03 6.0748601662482032e-03 -2.7434922580255039e-08
