# P x_center tau_U tau_V tau_Psi
1 4.8828125000000000e-04 2.4396300162266016e-06 2.4396300162266016e-06 4.8792600324532032e-06
2 1.4648437500000000e-03 -1.7429613308195258e-11 -1.7429613308195258e-11 -3.4859226616390515e-11
3 2.4414062500000000e-03 -2.9061197892588098e-11 -2.9046987037872896e-11 -5.8108184930460993e-11
4 3.4179687500000000e-03 -4.0685677049623337e-11 -4.0671466194908135e-11 -8.1357143244531471e-11
5 4.3945312500000000e-03 -5.2324367061373778e-11 -5.2324367061373778e-11 -1.0464873412274756e-10
6 5.3710937500000000e-03 -6.3948846218409017e-11 -6.3920424508978613e-11 -1.2786927072738763e-10
7 6.3476562500000000e-03 -7.5516481956583448e-11 -7.5516481956583448e-11 -1.5103296391316690e-10
8 7.3242187500000000e-03 -8.7197804532479495e-11 -8.7197804532479495e-11 -1.7439560906495899e-10
9 8.3007812500000000e-03 -9.8737018561223522e-11 -9.8737018561223522e-11 -1.9747403712244704e-10
10 9.2773437500000000e-03 -1.1038991942768916e-10 -1.1038991942768916e-10 -2.2077983885537833e-10
11 1.0253906250000000e-02 -1.2204282029415481e-10 -1.2198597687529400e-10 -2.4402879716944881e-10
12 1.1230468750000000e-02 -1.3363887774175964e-10 -1.3363887774175964e-10 -2.6727775548351929e-10
13 1.2207031250000000e-02 -1.4517809177050367e-10 -1.4517809177050367e-10 -2.9035618354100734e-10
14 1.3183593750000000e-02 -1.5683099263696931e-10 -1.5688783605583012e-10 -3.1371882869279943e-10
15 1.4160156250000000e-02 -1.6848389350343496e-10 -1.6848389350343496e-10 -3.3696778700686991e-10
16 1.5136718750000000e-02 -1.8007995095103979e-10 -1.8007995095103979e-10 -3.6015990190207958e-10
17 1.6113281250000000e-02 -1.9178969523636624e-10 -1.9173285181750543e-10 -3.8352254705387168e-10
18 1.7089843750000000e-02 -2.0327206584624946e-10 -2.0327206584624946e-10 -4.0654413169249892e-10
19 1.8066406250000000e-02 -2.1498181013157591e-10 -2.1498181013157591e-10 -4.2996362026315182e-10
20 1.9042968750000000e-02 -2.2657786757918075e-10 -2.2646418074145913e-10 -4.5304204832063988e-10
21 2.0019531250000000e-02 -2.3817392502678558e-10 -2.3817392502678558e-10 -4.7634785005357116e-10
22 2.0996093750000000e-02 -2.4965629563666880e-10 -2.4965629563666880e-10 -4.9931259127333760e-10
23 2.1972656250000000e-02 -2.6136603992199525e-10 -2.6125235308427364e-10 -5.2261839300626889e-10
24 2.2949218750000000e-02 -2.7284841053187847e-10 -2.7284841053187847e-10 -5.4569682106375694e-10
25 2.3925781250000000e-02 -2.8455815481720492e-10 -2.8444446797948331e-10 -5.6900262279668823e-10
26 2.4902343750000000e-02 -2.9604052542708814e-10 -2.9604052542708814e-10 -5.9208105085417628e-10
27 2.5878906250000000e-02 -3.0775026971241459e-10 -3.0775026971241459e-10 -6.1550053942482919e-10
28 2.6855468750000000e-02 -3.1911895348457620e-10 -3.1911895348457620e-10 -6.3823790696915239e-10
29 2.7832031250000000e-02 -3.3094238460762426e-10 -3.3094238460762426e-10 -6.6188476921524853e-10
30 2.8808593750000000e-02 -3.4253844205522910e-10 -3.4242475521750748e-10 -6.8496319727273658e-10
31 2.9785156250000000e-02 -3.5390712582739070e-10 -3.5390712582739070e-10 -7.0781425165478140e-10
32 3.0761718750000000e-02 -3.6561687011271715e-10 -3.6561687011271715e-10 -7.3123374022543430e-10
33 3.1738281250000000e-02 -3.7709924072260037e-10 -3.7721292756032199e-10 -7.5431216828292236e-10
34 3.2714843750000000e-02 -3.8869529817020521e-10 -3.8892267184564844e-10 -7.7761797001585364e-10
35 3.3691406250000000e-02 -4.0040504245553166e-10 -4.0017766878008842e-10 -8.0058271123562008e-10
36 3.4667968750000000e-02 -4.1222847357857972e-10 -4.1200109990313649e-10 -8.2422957348171622e-10
37 3.5644531250000000e-02 -4.2336978367529809e-10 -4.2336978367529809e-10 -8.4673956735059619e-10
38 3.6621093750000000e-02 -4.3496584112290293e-10 -4.3496584112290293e-10 -8.6993168224580586e-10
39 3.7597656250000000e-02 -4.4656189857050776e-10 -4.4656189857050776e-10 -8.9312379714101553e-10
40 3.8574218750000000e-02 -4.5793058234266937e-10 -4.5770320866722614e-10 -9.1563379100989550e-10
41 3.9550781250000000e-02 -4.6952663979027420e-10 -4.6952663979027420e-10 -9.3905327958054841e-10
42 4.0527343750000000e-02 -4.8089532356243581e-10 -4.8089532356243581e-10 -9.6179064712487161e-10
43 4.1503906250000000e-02 -4.9294612836092710e-10 -4.9294612836092710e-10 -9.8589225672185421e-10
44 4.2480468750000000e-02 -5.0386006478220224e-10 -5.0386006478220224e-10 -1.0077201295644045e-09
45 4.3457031250000000e-02 -5.1591086958069354e-10 -5.1591086958069354e-10 -1.0318217391613871e-09
46 4.4433593750000000e-02 -5.2682480600196868e-10 -5.2682480600196868e-10 -1.0536496120039374e-09
47 4.5410156250000000e-02 -5.3864823712501675e-10 -5.3864823712501675e-10 -1.0772964742500335e-09
48 4.6386718750000000e-02 -5.5001692089717835e-10 -5.5001692089717835e-10 -1.1000338417943567e-09
49 4.7363281250000000e-02 -5.6161297834478319e-10 -5.6161297834478319e-10 -1.1232259566895664e-09
50 4.8339843750000000e-02 -5.7320903579238802e-10 -5.7320903579238802e-10 -1.1464180715847760e-09
51 4.9316406250000000e-02 -5.8435034588910639e-10 -5.8457771956454962e-10 -1.1689280654536560e-09
52 5.0292968750000000e-02 -5.9571902966126800e-10 -5.9571902966126800e-10 -1.1914380593225360e-09
53 5.1269531250000000e-02 -6.0754246078431606e-10 -6.0754246078431606e-10 -1.2150849215686321e-09
54 5.2246093750000000e-02 -6.1891114455647767e-10 -6.1891114455647767e-10 -1.2378222891129553e-09
55 5.3222656250000000e-02 -6.3050720200408250e-10 -6.3027982832863927e-10 -1.2607870303327218e-09
56 5.4199218750000000e-02 -6.4187588577624410e-10 -6.4164851210080087e-10 -1.2835243978770450e-09
57 5.5175781250000000e-02 -6.5369931689929217e-10 -6.5369931689929217e-10 -1.3073986337985843e-09
58 5.6152343750000000e-02 -6.6484062699601054e-10 -6.6484062699601054e-10 -1.3296812539920211e-09
59 5.7128906250000000e-02 -6.7666405811905861e-10 -6.7643668444361538e-10 -1.3531007425626740e-09
60 5.8105468750000000e-02 -6.8780536821577698e-10 -6.8803274189122021e-10 -1.3758381101069972e-09
61 5.9082031250000000e-02 -6.9917405198793858e-10 -6.9917405198793858e-10 -1.3983481039758772e-09
62 6.0058593750000000e-02 -7.1054273576010019e-10 -7.1054273576010019e-10 -1.4210854715202004e-09
63 6.1035156250000000e-02 -7.2236616688314825e-10 -7.2213879320770502e-10 -1.4445049600908533e-09
64 6.2011718750000000e-02 -7.3328010330442339e-10 -7.3328010330442339e-10 -1.4665602066088468e-09
65 6.2988281250000000e-02 -7.4464878707658499e-10 -7.4464878707658499e-10 -1.4892975741531700e-09
66 6.3964843750000000e-02 -7.5669959187507629e-10 -7.5647221819963306e-10 -1.5131718100747094e-09
67 6.4941406250000000e-02 -7.6761352829635143e-10 -7.6784090197179466e-10 -1.5354544302681461e-09
68 6.5917968750000000e-02 -7.7875483839306980e-10 -7.7898221206851304e-10 -1.5577370504615828e-09
69 6.6894531250000000e-02 -7.9035089584067464e-10 -7.9035089584067464e-10 -1.5807017916813493e-09
70 6.7871093750000000e-02 -8.0171957961283624e-10 -8.0171957961283624e-10 -1.6034391592256725e-09
71 6.8847656250000000e-02 -8.1308826338499784e-10 -8.1263351603411138e-10 -1.6257217794191092e-09
72 6.9824218750000000e-02 -8.2445694715715945e-10 -8.2445694715715945e-10 -1.6489138943143189e-09
73 7.0800781250000000e-02 -8.3582563092932105e-10 -8.3537088357843459e-10 -1.6711965145077556e-09
74 7.1777343750000000e-02 -8.4719431470148265e-10 -8.4719431470148265e-10 -1.6943886294029653e-09
75 7.2753906250000000e-02 -8.5856299847364426e-10 -8.5901774582453072e-10 -1.7175807442981750e-09
76 7.3730468750000000e-02 -8.6993168224580586e-10 -8.6993168224580586e-10 -1.7398633644916117e-09
77 7.4707031250000000e-02 -8.8084561866708100e-10 -8.8084561866708100e-10 -1.7616912373341620e-09
78 7.5683593750000000e-02 -8.9221430243924260e-10 -8.9221430243924260e-10 -1.7844286048784852e-09
79 7.6660156250000000e-02 -9.0358298621140420e-10 -9.0358298621140420e-10 -1.8071659724228084e-09
80 7.7636718750000000e-02 -9.1449692263267934e-10 -9.1449692263267934e-10 -1.8289938452653587e-09
81 7.8613281250000000e-02 -9.2586560640484095e-10 -9.2586560640484095e-10 -1.8517312128096819e-09
82 7.9589843750000000e-02 -9.3677954282611609e-10 -9.3677954282611609e-10 -1.8735590856522322e-09
83 8.0566406250000000e-02 -9.4814822659827769e-10 -9.4814822659827769e-10 -1.8962964531965554e-09
84 8.1542968750000000e-02 -9.6042640507221222e-10 -9.6042640507221222e-10 -1.9208528101444244e-09
85 8.2519531250000000e-02 -9.7088559414260089e-10 -9.7088559414260089e-10 -1.9417711882852018e-09
86 8.3496093750000000e-02 -9.8134478321298957e-10 -9.8225427791476250e-10 -1.9635990611277521e-09
87 8.4472656250000000e-02 -9.9362296168692410e-10 -9.9407770903781056e-10 -1.9877006707247347e-09
88 8.5449218750000000e-02 -1.0045368981081992e-09 -1.0049916454590857e-09 -2.0095285435672849e-09
89 8.6425781250000000e-02 -1.0159055818803608e-09 -1.0163603292312473e-09 -2.0322659111116081e-09
90 8.7402343750000000e-02 -1.0281837603542954e-09 -1.0277290130034089e-09 -2.0559127733577043e-09
91 8.8378906250000000e-02 -1.0390976967755705e-09 -1.0386429494246840e-09 -2.0777406462002546e-09
92 8.9355468750000000e-02 -1.0500116331968457e-09 -1.0500116331968457e-09 -2.1000232663936913e-09
93 9.0332031250000000e-02 -1.0609255696181208e-09 -1.0609255696181208e-09 -2.1218511392362416e-09
94 9.1308593750000000e-02 -1.0709300113376230e-09 -1.0713847586885095e-09 -2.1423147700261325e-09
95 9.2285156250000000e-02 -1.0832081898115575e-09 -1.0832081898115575e-09 -2.1664163796231151e-09
96 9.3261718750000000e-02 -1.0941221262328327e-09 -1.0941221262328327e-09 -2.1882442524656653e-09
97 9.4238281250000000e-02 -1.1054908100049943e-09 -1.1054908100049943e-09 -2.2109816200099885e-09
98 9.5214843750000000e-02 -1.1159499990753829e-09 -1.1154952517244965e-09 -2.2314452507998794e-09
99 9.6191406250000000e-02 -1.1264091881457716e-09 -1.1264091881457716e-09 -2.2528183762915432e-09
100 9.7167968750000000e-02 -1.1386873666197062e-09 -1.1386873666197062e-09 -2.2773747332394123e-09
101 9.8144531250000000e-02 -1.1496013030409813e-09 -1.1496013030409813e-09 -2.2992026060819626e-09
102 9.9121093750000000e-02 -1.1609699868131429e-09 -1.1605152394622564e-09 -2.3214852262753993e-09
103 1.0009765625000000e-01 -1.1718839232344180e-09 -1.1718839232344180e-09 -2.3437678464688361e-09
104 1.0107421875000000e-01 -1.1837073543574661e-09 -1.1832526070065796e-09 -2.3669599613640457e-09
105 1.0205078125000000e-01 -1.1941665434278548e-09 -1.1937117960769683e-09 -2.3878783395048231e-09
106 1.0302734375000000e-01 -1.2050804798491299e-09 -1.2050804798491299e-09 -2.4101609596982598e-09
107 1.0400390625000000e-01 -1.2159944162704051e-09 -1.2164491636212915e-09 -2.4324435798916966e-09
108 1.0498046875000000e-01 -1.2264536053407937e-09 -1.2269083526916802e-09 -2.4533619580324739e-09
109 1.0595703125000000e-01 -1.2382770364638418e-09 -1.2382770364638418e-09 -2.4765540729276836e-09
110 1.0693359375000000e-01 -1.2491909728851169e-09 -1.2491909728851169e-09 -2.4983819457702339e-09
111 1.0791015625000000e-01 -1.2601049093063921e-09 -1.2591954146046191e-09 -2.5193003239110112e-09
112 1.0888671875000000e-01 -1.2714735930785537e-09 -1.2714735930785537e-09 -2.5429471861571074e-09
113 1.0986328125000000e-01 -1.2814780347980559e-09 -1.2814780347980559e-09 -2.5629560695961118e-09
114 1.1083984375000000e-01 -1.2928467185702175e-09 -1.2928467185702175e-09 -2.5856934371404350e-09
115 1.1181640625000000e-01 -1.3028511602897197e-09 -1.3028511602897197e-09 -2.6057023205794394e-09
116 1.1279296875000000e-01 -1.3146745914127678e-09 -1.3146745914127678e-09 -2.6293491828255355e-09
117 1.1376953125000000e-01 -1.3246790331322700e-09 -1.3251337804831564e-09 -2.6498128136154264e-09
118 1.1474609375000000e-01 -1.3360477169044316e-09 -1.3360477169044316e-09 -2.6720954338088632e-09
119 1.1572265625000000e-01 -1.3474164006765932e-09 -1.3469616533257067e-09 -2.6943780540022999e-09
120 1.1669921875000000e-01 -1.3578755897469819e-09 -1.3574208423960954e-09 -2.7152964321430773e-09
121 1.1767578125000000e-01 -1.3687895261682570e-09 -1.3683347788173705e-09 -2.7371243049856275e-09
122 1.1865234375000000e-01 -1.3797034625895321e-09 -1.3792487152386457e-09 -2.7589521778281778e-09
123 1.1962890625000000e-01 -1.3901626516599208e-09 -1.3897079043090343e-09 -2.7798705559689552e-09
124 1.2060546875000000e-01 -1.4010765880811960e-09 -1.4010765880811960e-09 -2.8021531761623919e-09
125 1.2158203125000000e-01 -1.4124452718533576e-09 -1.4124452718533576e-09 -2.8248905437067151e-09
126 1.2255859375000000e-01 -1.4229044609237462e-09 -1.4224497135728598e-09 -2.8453541744966060e-09
127 1.2353515625000000e-01 -1.4333636499941349e-09 -1.4333636499941349e-09 -2.8667272999882698e-09
128 1.2451171875000000e-01 -1.4442775864154100e-09 -1.4438228390645236e-09 -2.8881004254799336e-09
129 1.2548828125000000e-01 -1.4547367754857987e-09 -1.4556462701875716e-09 -2.9103830456733704e-09
130 1.2646484375000000e-01 -1.4651959645561874e-09 -1.4656507119070739e-09 -2.9308466764632612e-09
131 1.2744140625000000e-01 -1.4765646483283490e-09 -1.4770193956792355e-09 -2.9535840440075845e-09
132 1.2841796875000000e-01 -1.4874785847496241e-09 -1.4874785847496241e-09 -2.9749571694992483e-09
133 1.2939453125000000e-01 -1.4979377738200128e-09 -1.4974830264691263e-09 -2.9954208002891392e-09
134 1.3037109375000000e-01 -1.5097612049430609e-09 -1.5088517102412879e-09 -3.0186129151843488e-09
135 1.3134765625000000e-01 -1.5184014046099037e-09 -1.5193108993116766e-09 -3.0377123039215803e-09
136 1.3232421875000000e-01 -1.5302248357329518e-09 -1.5306795830838382e-09 -3.0609044188167900e-09
137 1.3330078125000000e-01 -1.5406840248033404e-09 -1.5406840248033404e-09 -3.0813680496066809e-09
138 1.3427734375000000e-01 -1.5506884665228426e-09 -1.5511432138737291e-09 -3.1018316803965718e-09
139 1.3525390625000000e-01 -1.5616024029441178e-09 -1.5620571502950042e-09 -3.1236595532391220e-09
140 1.3623046875000000e-01 -1.5743353287689388e-09 -1.5734258340671659e-09 -3.1477611628361046e-09
141 1.3720703125000000e-01 -1.5825207810848951e-09 -1.5825207810848951e-09 -3.1650415621697903e-09
142 1.3818359375000000e-01 -1.5934347175061703e-09 -1.5934347175061703e-09 -3.1868694350123405e-09
143 1.3916015625000000e-01 -1.6043486539274454e-09 -1.6043486539274454e-09 -3.2086973078548908e-09
144 1.4013671875000000e-01 -1.6143530956469476e-09 -1.6143530956469476e-09 -3.2287061912938952e-09
145 1.4111328125000000e-01 -1.6243575373664498e-09 -1.6243575373664498e-09 -3.2487150747328997e-09
146 1.4208984375000000e-01 -1.6361809684894979e-09 -1.6361809684894979e-09 -3.2723619369789958e-09
147 1.4306640625000000e-01 -1.6452759155072272e-09 -1.6452759155072272e-09 -3.2905518310144544e-09
148 1.4404296875000000e-01 -1.6561898519285023e-09 -1.6561898519285023e-09 -3.3123797038570046e-09
149 1.4501953125000000e-01 -1.6671037883497775e-09 -1.6671037883497775e-09 -3.3342075766995549e-09
150 1.4599609375000000e-01 -1.6771082300692797e-09 -1.6780177247710526e-09 -3.3551259548403323e-09
151 1.4697265625000000e-01 -1.6880221664905548e-09 -1.6889316611923277e-09 -3.3769538276828825e-09
152 1.4794921875000000e-01 -1.6980266082100570e-09 -1.6989361029118299e-09 -3.3969627111218870e-09
153 1.4892578125000000e-01 -1.7089405446313322e-09 -1.7080310499295592e-09 -3.4169715945608914e-09
154 1.4990234375000000e-01 -1.7189449863508344e-09 -1.7189449863508344e-09 -3.4378899727016687e-09
155 1.5087890625000000e-01 -1.7289494280703366e-09 -1.7289494280703366e-09 -3.4578988561406732e-09
156 1.5185546875000000e-01 -1.7398633644916117e-09 -1.7398633644916117e-09 -3.4797267289832234e-09
157 1.5283203125000000e-01 -1.7489583115093410e-09 -1.7489583115093410e-09 -3.4979166230186820e-09
158 1.5380859375000000e-01 -1.7598722479306161e-09 -1.7598722479306161e-09 -3.5197444958612323e-09
159 1.5478515625000000e-01 -1.7707861843518913e-09 -1.7707861843518913e-09 -3.5415723687037826e-09
160 1.5576171875000000e-01 -1.7807906260713935e-09 -1.7807906260713935e-09 -3.5615812521427870e-09
161 1.5673828125000000e-01 -1.7907950677908957e-09 -1.7907950677908957e-09 -3.5815901355817914e-09
162 1.5771484375000000e-01 -1.8026184989139438e-09 -1.8017090042121708e-09 -3.6043275031261146e-09
163 1.5869140625000000e-01 -1.8117134459316730e-09 -1.8117134459316730e-09 -3.6234268918633461e-09
164 1.5966796875000000e-01 -1.8226273823529482e-09 -1.8217178876511753e-09 -3.6443452700041234e-09
165 1.6064453125000000e-01 -1.8308128346689045e-09 -1.8308128346689045e-09 -3.6616256693378091e-09
166 1.6162109375000000e-01 -1.8426362657919526e-09 -1.8417267710901797e-09 -3.6843630368821323e-09
167 1.6259765625000000e-01 -1.8526407075114548e-09 -1.8526407075114548e-09 -3.7052814150229096e-09
168 1.6357421875000000e-01 -1.8617356545291841e-09 -1.8626451492309570e-09 -3.7243808037601411e-09
169 1.6455078125000000e-01 -1.8726495909504592e-09 -1.8726495909504592e-09 -3.7452991819009185e-09
170 1.6552734375000000e-01 -1.8835635273717344e-09 -1.8835635273717344e-09 -3.7671270547434688e-09
171 1.6650390625000000e-01 -1.8926584743894637e-09 -1.8926584743894637e-09 -3.7853169487789273e-09
172 1.6748046875000000e-01 -1.9026629161089659e-09 -1.9035724108107388e-09 -3.8062353269197047e-09
173 1.6845703125000000e-01 -1.9135768525302410e-09 -1.9135768525302410e-09 -3.8271537050604820e-09
174 1.6943359375000000e-01 -1.9226717995479703e-09 -1.9226717995479703e-09 -3.8453435990959406e-09
175 1.7041015625000000e-01 -1.9326762412674725e-09 -1.9326762412674725e-09 -3.8653524825349450e-09
176 1.7138671875000000e-01 -1.9435901776887476e-09 -1.9435901776887476e-09 -3.8871803553774953e-09
177 1.7236328125000000e-01 -1.9517756300047040e-09 -1.9526851247064769e-09 -3.9044607547111809e-09
178 1.7333984375000000e-01 -1.9626895664259791e-09 -1.9626895664259791e-09 -3.9253791328519583e-09
179 1.7431640625000000e-01 -1.9726940081454813e-09 -1.9726940081454813e-09 -3.9453880162909627e-09
180 1.7529296875000000e-01 -1.9826984498649836e-09 -1.9817889551632106e-09 -3.9644874050281942e-09
181 1.7626953125000000e-01 -1.9927028915844858e-09 -1.9936123862862587e-09 -3.9863152778707445e-09
182 1.7724609375000000e-01 -2.0008883439004421e-09 -2.0017978386022151e-09 -4.0026861825026572e-09
183 1.7822265625000000e-01 -2.0118022803217173e-09 -2.0118022803217173e-09 -4.0236045606434345e-09
184 1.7919921875000000e-01 -2.0218067220412195e-09 -2.0218067220412195e-09 -4.0436134440824389e-09
185 1.8017578125000000e-01 -2.0309016690589488e-09 -2.0309016690589488e-09 -4.0618033381178975e-09
186 1.8115234375000000e-01 -2.0427251001819968e-09 -2.0418156054802239e-09 -4.0845407056622207e-09
187 1.8212890625000000e-01 -2.0527295419014990e-09 -2.0518200471997261e-09 -4.1045495891012251e-09
188 1.8310546875000000e-01 -2.0627339836210012e-09 -2.0618244889192283e-09 -4.1245584725402296e-09
189 1.8408203125000000e-01 -2.0709194359369576e-09 -2.0709194359369576e-09 -4.1418388718739152e-09
190 1.8505859375000000e-01 -2.0800143829546869e-09 -2.0809238776564598e-09 -4.1609382606111467e-09
191 1.8603515625000000e-01 -2.0909283193759620e-09 -2.0909283193759620e-09 -4.1818566387519240e-09
192 1.8701171875000000e-01 -2.1000232663936913e-09 -2.1000232663936913e-09 -4.2000465327873826e-09
193 1.8798828125000000e-01 -2.1091182134114206e-09 -2.1091182134114206e-09 -4.2182364268228412e-09
194 1.8896484375000000e-01 -2.1191226551309228e-09 -2.1191226551309228e-09 -4.2382453102618456e-09
195 1.8994140625000000e-01 -2.1291270968504250e-09 -2.1291270968504250e-09 -4.2582541937008500e-09
196 1.9091796875000000e-01 -2.1382220438681543e-09 -2.1391315385699272e-09 -4.2773535824380815e-09
197 1.9189453125000000e-01 -2.1491359802894294e-09 -2.1491359802894294e-09 -4.2982719605788589e-09
198 1.9287109375000000e-01 -2.1564119379036129e-09 -2.1573214326053858e-09 -4.3137333705089986e-09
199 1.9384765625000000e-01 -2.1664163796231151e-09 -2.1664163796231151e-09 -4.3328327592462301e-09
200 1.9482421875000000e-01 -2.1764208213426173e-09 -2.1764208213426173e-09 -4.3528416426852345e-09
201 1.9580078125000000e-01 -2.1864252630621195e-09 -2.1873347577638924e-09 -4.3737600208260119e-09
202 1.9677734375000000e-01 -2.1946107153780758e-09 -2.1955202100798488e-09 -4.3901309254579246e-09
203 1.9775390625000000e-01 -2.2037056623958051e-09 -2.2046151570975780e-09 -4.4083208194933832e-09
204 1.9873046875000000e-01 -2.2137101041153073e-09 -2.2137101041153073e-09 -4.4274202082306147e-09
205 1.9970703125000000e-01 -2.2246240405365825e-09 -2.2246240405365825e-09 -4.4492480810731649e-09
206 2.0068359375000000e-01 -2.2346284822560847e-09 -2.2355379769578576e-09 -4.4701664592139423e-09
207 2.0166015625000000e-01 -2.2437234292738140e-09 -2.2437234292738140e-09 -4.4874468585476279e-09
208 2.0263671875000000e-01 -2.2528183762915432e-09 -2.2509993868879974e-09 -4.5038177631795406e-09
209 2.0361328125000000e-01 -2.2628228180110455e-09 -2.2619133233092725e-09 -4.5247361413203180e-09
210 2.0458984375000000e-01 -2.2700987756252289e-09 -2.2710082703270018e-09 -4.5411070459522307e-09
211 2.0556640625000000e-01 -2.2801032173447311e-09 -2.2801032173447311e-09 -4.5602064346894622e-09
212 2.0654296875000000e-01 -2.2873791749589145e-09 -2.2873791749589145e-09 -4.5747583499178290e-09
213 2.0751953125000000e-01 -2.2982931113801897e-09 -2.2982931113801897e-09 -4.5965862227603793e-09
214 2.0849609375000000e-01 -2.3082975530996919e-09 -2.3082975530996919e-09 -4.6165951061993837e-09
215 2.0947265625000000e-01 -2.3183019948191941e-09 -2.3173925001174212e-09 -4.6356944949366152e-09
216 2.1044921875000000e-01 -2.3264874471351504e-09 -2.3255779524333775e-09 -4.6520653995685279e-09
217 2.1142578125000000e-01 -2.3337634047493339e-09 -2.3346728994511068e-09 -4.6684363042004406e-09
218 2.1240234375000000e-01 -2.3446773411706090e-09 -2.3446773411706090e-09 -4.6893546823412180e-09
219 2.1337890625000000e-01 -2.3528627934865654e-09 -2.3528627934865654e-09 -4.7057255869731307e-09
220 2.1435546875000000e-01 -2.3637767299078405e-09 -2.3637767299078405e-09 -4.7275534598156810e-09
221 2.1533203125000000e-01 -2.3701431928202510e-09 -2.3701431928202510e-09 -4.7402863856405020e-09
222 2.1630859375000000e-01 -2.3801476345397532e-09 -2.3801476345397532e-09 -4.7602952690795064e-09
223 2.1728515625000000e-01 -2.3892425815574825e-09 -2.3892425815574825e-09 -4.7784851631149650e-09
224 2.1826171875000000e-01 -2.3983375285752118e-09 -2.3983375285752118e-09 -4.7966750571504235e-09
225 2.1923828125000000e-01 -2.4083419702947140e-09 -2.4083419702947140e-09 -4.8166839405894279e-09
226 2.2021484375000000e-01 -2.4183464120142162e-09 -2.4174369173124433e-09 -4.8357833293266594e-09
227 2.2119140625000000e-01 -2.4256223696283996e-09 -2.4256223696283996e-09 -4.8512447392567992e-09
228 2.2216796875000000e-01 -2.4347173166461289e-09 -2.4347173166461289e-09 -4.8694346332922578e-09
229 2.2314453125000000e-01 -2.4447217583656311e-09 -2.4447217583656311e-09 -4.8894435167312622e-09
230 2.2412109375000000e-01 -2.4529072106815875e-09 -2.4529072106815875e-09 -4.9058144213631749e-09
231 2.2509765625000000e-01 -2.4629116524010897e-09 -2.4629116524010897e-09 -4.9258233048021793e-09
232 2.2607421875000000e-01 -2.4710971047170460e-09 -2.4710971047170460e-09 -4.9421942094340920e-09
233 2.2705078125000000e-01 -2.4783730623312294e-09 -2.4783730623312294e-09 -4.9567461246624589e-09
234 2.2802734375000000e-01 -2.4901964934542775e-09 -2.4892869987525046e-09 -4.9794834922067821e-09
235 2.2900390625000000e-01 -2.4965629563666880e-09 -2.4956534616649151e-09 -4.9922164180316031e-09
236 2.2998046875000000e-01 -2.5047484086826444e-09 -2.5047484086826444e-09 -5.0094968173652887e-09
237 2.3095703125000000e-01 -2.5138433557003736e-09 -2.5138433557003736e-09 -5.0276867114007473e-09
238 2.3193359375000000e-01 -2.5220288080163300e-09 -2.5229383027181029e-09 -5.0449671107344329e-09
239 2.3291015625000000e-01 -2.5311237550340593e-09 -2.5320332497358322e-09 -5.0631570047698915e-09
240 2.3388671875000000e-01 -2.5402187020517886e-09 -2.5402187020517886e-09 -5.0804374041035771e-09
241 2.3486328125000000e-01 -2.5484041543677449e-09 -2.5484041543677449e-09 -5.0968083087354898e-09
242 2.3583984375000000e-01 -2.5565896066837013e-09 -2.5565896066837013e-09 -5.1131792133674026e-09
243 2.3681640625000000e-01 -2.5665940484032035e-09 -2.5665940484032035e-09 -5.1331880968064070e-09
244 2.3779296875000000e-01 -2.5729605113156140e-09 -2.5729605113156140e-09 -5.1459210226312280e-09
245 2.3876953125000000e-01 -2.5829649530351162e-09 -2.5838744477368891e-09 -5.1668394007720053e-09
246 2.3974609375000000e-01 -2.5911504053510725e-09 -2.5911504053510725e-09 -5.1823008107021451e-09
247 2.4072265625000000e-01 -2.5993358576670289e-09 -2.5993358576670289e-09 -5.1986717153340578e-09
248 2.4169921875000000e-01 -2.6075213099829853e-09 -2.6075213099829853e-09 -5.2150426199659705e-09
249 2.4267578125000000e-01 -2.6175257517024875e-09 -2.6175257517024875e-09 -5.2350515034049749e-09
250 2.4365234375000000e-01 -2.6257112040184438e-09 -2.6257112040184438e-09 -5.2514224080368876e-09
251 2.4462890625000000e-01 -2.6338966563344002e-09 -2.6338966563344002e-09 -5.2677933126688004e-09
252 2.4560546875000000e-01 -2.6411726139485836e-09 -2.6402631192468107e-09 -5.2814357331953943e-09
253 2.4658203125000000e-01 -2.6502675609663129e-09 -2.6502675609663129e-09 -5.3005351219326258e-09
254 2.4755859375000000e-01 -2.6584530132822692e-09 -2.6593625079840422e-09 -5.3178155212663114e-09
255 2.4853515625000000e-01 -2.6666384655982256e-09 -2.6666384655982256e-09 -5.3332769311964512e-09
256 2.4951171875000000e-01 -2.6757334126159549e-09 -2.6757334126159549e-09 -5.3514668252319098e-09
257 2.5048828125000000e-01 -2.6839188649319112e-09 -2.6839188649319112e-09 -5.3678377298638225e-09
258 2.5146484375000000e-01 -2.6902853278443217e-09 -2.6911948225460947e-09 -5.3814801503904164e-09
259 2.5244140625000000e-01 -2.6975612854585052e-09 -2.6984707801602781e-09 -5.3960320656187832e-09
260 2.5341796875000000e-01 -2.7075657271780074e-09 -2.7075657271780074e-09 -5.4151314543560147e-09
261 2.5439453125000000e-01 -2.7157511794939637e-09 -2.7157511794939637e-09 -5.4315023589879274e-09
262 2.5537109375000000e-01 -2.7230271371081471e-09 -2.7230271371081471e-09 -5.4460542742162943e-09
263 2.5634765625000000e-01 -2.7312125894241035e-09 -2.7312125894241035e-09 -5.4624251788482070e-09
264 2.5732421875000000e-01 -2.7393980417400599e-09 -2.7393980417400599e-09 -5.4787960834801197e-09
265 2.5830078125000000e-01 -2.7494024834595621e-09 -2.7494024834595621e-09 -5.4988049669191241e-09
266 2.5927734375000000e-01 -2.7557689463719726e-09 -2.7557689463719726e-09 -5.5115378927439451e-09
267 2.6025390625000000e-01 -2.7630449039861560e-09 -2.7630449039861560e-09 -5.5260898079723120e-09
268 2.6123046875000000e-01 -2.7721398510038853e-09 -2.7721398510038853e-09 -5.5442797020077705e-09
269 2.6220703125000000e-01 -2.7785063139162958e-09 -2.7785063139162958e-09 -5.5570126278325915e-09
270 2.6318359375000000e-01 -2.7885107556357980e-09 -2.7894202503375709e-09 -5.5779310059733689e-09
271 2.6416015625000000e-01 -2.7957867132499814e-09 -2.7957867132499814e-09 -5.5915734264999628e-09
272 2.6513671875000000e-01 -2.8039721655659378e-09 -2.8048816602677107e-09 -5.6088538258336484e-09
273 2.6611328125000000e-01 -2.8112481231801212e-09 -2.8112481231801212e-09 -5.6224962463602424e-09
274 2.6708984375000000e-01 -2.8176145860925317e-09 -2.8176145860925317e-09 -5.6352291721850634e-09
275 2.6806640625000000e-01 -2.8258000384084880e-09 -2.8258000384084880e-09 -5.6516000768169761e-09
276 2.6904296875000000e-01 -2.8339854907244444e-09 -2.8339854907244444e-09 -5.6679709814488888e-09
277 2.7001953125000000e-01 -2.8421709430404007e-09 -2.8421709430404007e-09 -5.6843418860808015e-09
278 2.7099609375000000e-01 -2.8512658900581300e-09 -2.8503563953563571e-09 -5.7016222854144871e-09
279 2.7197265625000000e-01 -2.8576323529705405e-09 -2.8576323529705405e-09 -5.7152647059410810e-09
280 2.7294921875000000e-01 -2.8639988158829510e-09 -2.8649083105847239e-09 -5.7289071264676750e-09
281 2.7392578125000000e-01 -2.8721842681989074e-09 -2.8721842681989074e-09 -5.7443685363978148e-09
282 2.7490234375000000e-01 -2.8794602258130908e-09 -2.8794602258130908e-09 -5.7589204516261816e-09
283 2.7587890625000000e-01 -2.8885551728308201e-09 -2.8885551728308201e-09 -5.7771103456616402e-09
284 2.7685546875000000e-01 -2.8967406251467764e-09 -2.8958311304450035e-09 -5.7925717555917799e-09
285 2.7783203125000000e-01 -2.9031070880591869e-09 -2.9031070880591869e-09 -5.8062141761183739e-09
286 2.7880859375000000e-01 -2.9103830456733704e-09 -2.9103830456733704e-09 -5.8207660913467407e-09
287 2.7978515625000000e-01 -2.9185684979893267e-09 -2.9176590032875538e-09 -5.8362275012768805e-09
288 2.8076171875000000e-01 -2.9249349609017372e-09 -2.9249349609017372e-09 -5.8498699218034744e-09
289 2.8173828125000000e-01 -2.9322109185159206e-09 -2.9322109185159206e-09 -5.8644218370318413e-09
290 2.8271484375000000e-01 -2.9394868761301041e-09 -2.9394868761301041e-09 -5.8789737522602081e-09
291 2.8369140625000000e-01 -2.9458533390425146e-09 -2.9458533390425146e-09 -5.8917066780850291e-09
292 2.8466796875000000e-01 -2.9549482860602438e-09 -2.9549482860602438e-09 -5.9098965721204877e-09
293 2.8564453125000000e-01 -2.9622242436744273e-09 -2.9622242436744273e-09 -5.9244484873488545e-09
294 2.8662109375000000e-01 -2.9695002012886107e-09 -2.9695002012886107e-09 -5.9390004025772214e-09
295 2.8759765625000000e-01 -2.9758666642010212e-09 -2.9749571694992483e-09 -5.9508238337002695e-09
296 2.8857421875000000e-01 -2.9822331271134317e-09 -2.9831426218152046e-09 -5.9653757489286363e-09
297 2.8955078125000000e-01 -2.9895090847276151e-09 -2.9904185794293880e-09 -5.9799276641570032e-09
298 2.9052734375000000e-01 -2.9976945370435715e-09 -2.9976945370435715e-09 -5.9953890740871429e-09
299 2.9150390625000000e-01 -3.0040609999559820e-09 -3.0058799893595278e-09 -6.0099409893155098e-09
300 2.9248046875000000e-01 -3.0113369575701654e-09 -3.0113369575701654e-09 -6.0226739151403308e-09
301 2.9345703125000000e-01 -3.0186129151843488e-09 -3.0195224098861217e-09 -6.0381353250704706e-09
302 2.9443359375000000e-01 -3.0258888727985322e-09 -3.0249793780967593e-09 -6.0508682508952916e-09
303 2.9541015625000000e-01 -3.0313458410091698e-09 -3.0322553357109427e-09 -6.0636011767201126e-09
304 2.9638671875000000e-01 -3.0395312933251262e-09 -3.0377123039215803e-09 -6.0772435972467065e-09
305 2.9736328125000000e-01 -3.0449882615357637e-09 -3.0458977562375367e-09 -6.0908860177733004e-09
306 2.9833984375000000e-01 -3.0531737138517201e-09 -3.0522642191499472e-09 -6.1054379330016673e-09
307 2.9931640625000000e-01 -3.0622686608694494e-09 -3.0604496714659035e-09 -6.1227183323353529e-09
308 3.0029296875000000e-01 -3.0686351237818599e-09 -3.0677256290800869e-09 -6.1363607528619468e-09
309 3.0126953125000000e-01 -3.0722731025889516e-09 -3.0750015866942704e-09 -6.1472746892832220e-09
310 3.0224609375000000e-01 -3.0804585549049079e-09 -3.0804585549049079e-09 -6.1609171098098159e-09
311 3.0322265625000000e-01 -3.0877345125190914e-09 -3.0877345125190914e-09 -6.1754690250381827e-09
312 3.0419921875000000e-01 -3.0931914807297289e-09 -3.0931914807297289e-09 -6.1863829614594579e-09
313 3.0517578125000000e-01 -3.1013769330456853e-09 -3.1013769330456853e-09 -6.2027538660913706e-09
314 3.0615234375000000e-01 -3.1077433959580958e-09 -3.1077433959580958e-09 -6.2154867919161916e-09
315 3.0712890625000000e-01 -3.1132003641687334e-09 -3.1132003641687334e-09 -6.2264007283374667e-09
316 3.0810546875000000e-01 -3.1204763217829168e-09 -3.1213858164846897e-09 -6.2418621382676065e-09
317 3.0908203125000000e-01 -3.1268427846953273e-09 -3.1277522793971002e-09 -6.2545950640924275e-09
318 3.1005859375000000e-01 -3.1332092476077378e-09 -3.1341187423095107e-09 -6.2673279899172485e-09
319 3.1103515625000000e-01 -3.1377567211166024e-09 -3.1395757105201483e-09 -6.2773324316367507e-09
320 3.1201171875000000e-01 -3.1468516681343317e-09 -3.1468516681343317e-09 -6.2937033362686634e-09
321 3.1298828125000000e-01 -3.1541276257485151e-09 -3.1541276257485151e-09 -6.3082552514970303e-09
322 3.1396484375000000e-01 -3.1614035833626986e-09 -3.1614035833626986e-09 -6.3228071667253971e-09
323 3.1494140625000000e-01 -3.1686795409768820e-09 -3.1668605515733361e-09 -6.3355400925502181e-09
324 3.1591796875000000e-01 -3.1723175197839737e-09 -3.1723175197839737e-09 -6.3446350395679474e-09
325 3.1689453125000000e-01 -3.1795934773981571e-09 -3.1777744879946113e-09 -6.3573679653927684e-09
326 3.1787109375000000e-01 -3.1868694350123405e-09 -3.1850504456087947e-09 -6.3719198806211352e-09
327 3.1884765625000000e-01 -3.1941453926265240e-09 -3.1923264032229781e-09 -6.3864717958495021e-09
328 3.1982421875000000e-01 -3.1959643820300698e-09 -3.1959643820300698e-09 -6.3919287640601397e-09
329 3.2080078125000000e-01 -3.2050593290477991e-09 -3.2050593290477991e-09 -6.4101186580955982e-09
330 3.2177734375000000e-01 -3.2086973078548908e-09 -3.2105162972584367e-09 -6.4192136051133275e-09
331 3.2275390625000000e-01 -3.2159732654690742e-09 -3.2159732654690742e-09 -6.4319465309381485e-09
332 3.2373046875000000e-01 -3.2214302336797118e-09 -3.2214302336797118e-09 -6.4428604673594236e-09
333 3.2470703125000000e-01 -3.2287061912938952e-09 -3.2287061912938952e-09 -6.4574123825877905e-09
334 3.2568359375000000e-01 -3.2359821489080787e-09 -3.2359821489080787e-09 -6.4719642978161573e-09
335 3.2666015625000000e-01 -3.2432581065222621e-09 -3.2432581065222621e-09 -6.4865162130445242e-09
336 3.2763671875000000e-01 -3.2468960853293538e-09 -3.2450770959258080e-09 -6.4919731812551618e-09
337 3.2861328125000000e-01 -3.2523530535399914e-09 -3.2523530535399914e-09 -6.5047061070799828e-09
338 3.2958984375000000e-01 -3.2596290111541748e-09 -3.2578100217506289e-09 -6.5174390329048038e-09
339 3.3056640625000000e-01 -3.2669049687683582e-09 -3.2650859793648124e-09 -6.5319909481331706e-09
340 3.3154296875000000e-01 -3.2687239581719041e-09 -3.2705429475754499e-09 -6.5392669057473540e-09
341 3.3251953125000000e-01 -3.2759999157860875e-09 -3.2759999157860875e-09 -6.5519998315721750e-09
342 3.3349609375000000e-01 -3.2814568839967251e-09 -3.2814568839967251e-09 -6.5629137679934502e-09
343 3.3447265625000000e-01 -3.2887328416109085e-09 -3.2887328416109085e-09 -6.5774656832218170e-09
344 3.3544921875000000e-01 -3.2941898098215461e-09 -3.2923708204180002e-09 -6.5865606302395463e-09
345 3.3642578125000000e-01 -3.2978277886286378e-09 -3.2996467780321836e-09 -6.5974745666608214e-09
346 3.3740234375000000e-01 -3.3051037462428212e-09 -3.3051037462428212e-09 -6.6102074924856424e-09
347 3.3837890625000000e-01 -3.3105607144534588e-09 -3.3105607144534588e-09 -6.6211214289069176e-09
348 3.3935546875000000e-01 -3.3160176826640964e-09 -3.3160176826640964e-09 -6.6320353653281927e-09
349 3.4033203125000000e-01 -3.3232936402782798e-09 -3.3214746508747339e-09 -6.6447682911530137e-09
350 3.4130859375000000e-01 -3.3269316190853715e-09 -3.3269316190853715e-09 -6.6538632381707430e-09
351 3.4228515625000000e-01 -3.3323885872960091e-09 -3.3323885872960091e-09 -6.6647771745920181e-09
352 3.4326171875000000e-01 -3.3378455555066466e-09 -3.3378455555066466e-09 -6.6756911110132933e-09
353 3.4423828125000000e-01 -3.3451215131208301e-09 -3.3451215131208301e-09 -6.6902430262416601e-09
354 3.4521484375000000e-01 -3.3487594919279218e-09 -3.3469405025243759e-09 -6.6956999944522977e-09
355 3.4619140625000000e-01 -3.3560354495421052e-09 -3.3560354495421052e-09 -6.7120708990842104e-09
356 3.4716796875000000e-01 -3.3596734283491969e-09 -3.3596734283491969e-09 -6.7193468566983938e-09
357 3.4814453125000000e-01 -3.3651303965598345e-09 -3.3651303965598345e-09 -6.7302607931196690e-09
358 3.4912109375000000e-01 -3.3705873647704720e-09 -3.3705873647704720e-09 -6.7411747295409441e-09
359 3.5009765625000000e-01 -3.3760443329811096e-09 -3.3742253435775638e-09 -6.7502696765586734e-09
360 3.5107421875000000e-01 -3.3815013011917472e-09 -3.3815013011917472e-09 -6.7630026023834944e-09
361 3.5205078125000000e-01 -3.3869582694023848e-09 -3.3851392799988389e-09 -6.7720975494012237e-09
362 3.5302734375000000e-01 -3.3924152376130223e-09 -3.3924152376130223e-09 -6.7848304752260447e-09
363 3.5400390625000000e-01 -3.3960532164201140e-09 -3.3960532164201140e-09 -6.7921064328402281e-09
364 3.5498046875000000e-01 -3.4033291740342975e-09 -3.4015101846307516e-09 -6.8048393586650491e-09
365 3.5595703125000000e-01 -3.4069671528413892e-09 -3.4087861422449350e-09 -6.8157532950863242e-09
366 3.5693359375000000e-01 -3.4106051316484809e-09 -3.4106051316484809e-09 -6.8212102632969618e-09
367 3.5791015625000000e-01 -3.4160620998591185e-09 -3.4160620998591185e-09 -6.8321241997182369e-09
368 3.5888671875000000e-01 -3.4215190680697560e-09 -3.4233380574733019e-09 -6.8448571255430579e-09
369 3.5986328125000000e-01 -3.4269760362803936e-09 -3.4269760362803936e-09 -6.8539520725607872e-09
370 3.6083984375000000e-01 -3.4324330044910312e-09 -3.4342519938945770e-09 -6.8666849983856082e-09
371 3.6181640625000000e-01 -3.4342519938945770e-09 -3.4360709832981229e-09 -6.8703229771926999e-09
372 3.6279296875000000e-01 -3.4415279515087605e-09 -3.4415279515087605e-09 -6.8830559030175209e-09
373 3.6376953125000000e-01 -3.4469849197193980e-09 -3.4469849197193980e-09 -6.8939698394387960e-09
374 3.6474609375000000e-01 -3.4506228985264897e-09 -3.4506228985264897e-09 -6.9012457970529795e-09
375 3.6572265625000000e-01 -3.4560798667371273e-09 -3.4578988561406732e-09 -6.9139787228778005e-09
376 3.6669921875000000e-01 -3.4633558243513107e-09 -3.4633558243513107e-09 -6.9267116487026215e-09
377 3.6767578125000000e-01 -3.4651748137548566e-09 -3.4651748137548566e-09 -6.9303496275097132e-09
378 3.6865234375000000e-01 -3.4706317819654942e-09 -3.4706317819654942e-09 -6.9412635639309883e-09
379 3.6962890625000000e-01 -3.4742697607725859e-09 -3.4742697607725859e-09 -6.9485395215451717e-09
380 3.7060546875000000e-01 -3.4797267289832234e-09 -3.4815457183867693e-09 -6.9612724473699927e-09
381 3.7158203125000000e-01 -3.4833647077903152e-09 -3.4833647077903152e-09 -6.9667294155806303e-09
382 3.7255859375000000e-01 -3.4888216760009527e-09 -3.4888216760009527e-09 -6.9776433520019054e-09
383 3.7353515625000000e-01 -3.4942786442115903e-09 -3.4942786442115903e-09 -6.9885572884231806e-09
384 3.7451171875000000e-01 -3.4997356124222279e-09 -3.4997356124222279e-09 -6.9994712248444557e-09
385 3.7548828125000000e-01 -3.5051925806328654e-09 -3.5033735912293196e-09 -7.0085661718621850e-09
386 3.7646484375000000e-01 -3.5088305594399571e-09 -3.5088305594399571e-09 -7.0176611188799143e-09
387 3.7744140625000000e-01 -3.5124685382470489e-09 -3.5124685382470489e-09 -7.0249370764940977e-09
388 3.7841796875000000e-01 -3.5161065170541406e-09 -3.5142875276505947e-09 -7.0303940447047353e-09
389 3.7939453125000000e-01 -3.5179255064576864e-09 -3.5179255064576864e-09 -7.0358510129153728e-09
390 3.8037109375000000e-01 -3.5233824746683240e-09 -3.5233824746683240e-09 -7.0467649493366480e-09
391 3.8134765625000000e-01 -3.5252014640718699e-09 -3.5270204534754157e-09 -7.0522219175472856e-09
392 3.8232421875000000e-01 -3.5361154004931450e-09 -3.5342964110895991e-09 -7.0704118115827441e-09
393 3.8330078125000000e-01 -3.5361154004931450e-09 -3.5361154004931450e-09 -7.0722308009862900e-09
394 3.8427734375000000e-01 -3.5397533793002367e-09 -3.5397533793002367e-09 -7.0795067586004734e-09
395 3.8525390625000000e-01 -3.5452103475108743e-09 -3.5452103475108743e-09 -7.0904206950217485e-09
396 3.8623046875000000e-01 -3.5470293369144201e-09 -3.5470293369144201e-09 -7.0940586738288403e-09
397 3.8720703125000000e-01 -3.5543052945286036e-09 -3.5524863051250577e-09 -7.1067915996536613e-09
398 3.8818359375000000e-01 -3.5579432733356953e-09 -3.5561242839321494e-09 -7.1140675572678447e-09
399 3.8916015625000000e-01 -3.5597622627392411e-09 -3.5597622627392411e-09 -7.1195245254784822e-09
400 3.9013671875000000e-01 -3.5652192309498787e-09 -3.5670382203534245e-09 -7.1322574513033032e-09
401 3.9111328125000000e-01 -3.5688572097569704e-09 -3.5688572097569704e-09 -7.1377144195139408e-09
402 3.9208984375000000e-01 -3.5724951885640621e-09 -3.5724951885640621e-09 -7.1449903771281242e-09
403 3.9306640625000000e-01 -3.5761331673711538e-09 -3.5761331673711538e-09 -7.1522663347423077e-09
404 3.9404296875000000e-01 -3.5797711461782455e-09 -3.5797711461782455e-09 -7.1595422923564911e-09
405 3.9501953125000000e-01 -3.5852281143888831e-09 -3.5852281143888831e-09 -7.1704562287777662e-09
406 3.9599609375000000e-01 -3.5888660931959748e-09 -3.5888660931959748e-09 -7.1777321863919497e-09
407 3.9697265625000000e-01 -3.5925040720030665e-09 -3.5925040720030665e-09 -7.1850081440061331e-09
408 3.9794921875000000e-01 -3.5961420508101583e-09 -3.5961420508101583e-09 -7.1922841016203165e-09
409 3.9892578125000000e-01 -3.5997800296172500e-09 -3.5979610402137041e-09 -7.1977410698309541e-09
410 3.9990234375000000e-01 -3.6015990190207958e-09 -3.6034180084243417e-09 -7.2050170274451375e-09
411 4.0087890625000000e-01 -3.6034180084243417e-09 -3.6052369978278875e-09 -7.2086550062522292e-09
412 4.0185546875000000e-01 -3.6070559872314334e-09 -3.6070559872314334e-09 -7.2141119744628668e-09
413 4.0283203125000000e-01 -3.6125129554420710e-09 -3.6125129554420710e-09 -7.2250259108841419e-09
414 4.0380859375000000e-01 -3.6161509342491627e-09 -3.6161509342491627e-09 -7.2323018684983253e-09
415 4.0478515625000000e-01 -3.6179699236527085e-09 -3.6179699236527085e-09 -7.2359398473054171e-09
416 4.0576171875000000e-01 -3.6234268918633461e-09 -3.6234268918633461e-09 -7.2468537837266922e-09
417 4.0673828125000000e-01 -3.6270648706704378e-09 -3.6288838600739837e-09 -7.2559487307444215e-09
418 4.0771484375000000e-01 -3.6325218388810754e-09 -3.6307028494775295e-09 -7.2632246883586049e-09
419 4.0869140625000000e-01 -3.6343408282846212e-09 -3.6343408282846212e-09 -7.2686816565692425e-09
420 4.0966796875000000e-01 -3.6379788070917130e-09 -3.6379788070917130e-09 -7.2759576141834259e-09
421 4.1064453125000000e-01 -3.6416167858988047e-09 -3.6416167858988047e-09 -7.2832335717976093e-09
422 4.1162109375000000e-01 -3.6434357753023505e-09 -3.6434357753023505e-09 -7.2868715506047010e-09
423 4.1259765625000000e-01 -3.6452547647058964e-09 -3.6452547647058964e-09 -7.2905095294117928e-09
424 4.1357421875000000e-01 -3.6488927435129881e-09 -3.6470737541094422e-09 -7.2959664976224303e-09
425 4.1455078125000000e-01 -3.6525307223200798e-09 -3.6507117329165339e-09 -7.3032424552366138e-09
426 4.1552734375000000e-01 -3.6561687011271715e-09 -3.6561687011271715e-09 -7.3123374022543430e-09
427 4.1650390625000000e-01 -3.6579876905307174e-09 -3.6579876905307174e-09 -7.3159753810614347e-09
428 4.1748046875000000e-01 -3.6634446587413549e-09 -3.6634446587413549e-09 -7.3268893174827099e-09
429 4.1845703125000000e-01 -3.6670826375484467e-09 -3.6652636481449008e-09 -7.3323462856933475e-09
430 4.1943359375000000e-01 -3.6689016269519925e-09 -3.6689016269519925e-09 -7.3378032539039850e-09
431 4.2041015625000000e-01 -3.6689016269519925e-09 -3.6707206163555384e-09 -7.3396222433075309e-09
432 4.2138671875000000e-01 -3.6743585951626301e-09 -3.6743585951626301e-09 -7.3487171903252602e-09
433 4.2236328125000000e-01 -3.6761775845661759e-09 -3.6743585951626301e-09 -7.3505361797288060e-09
434 4.2333984375000000e-01 -3.6798155633732677e-09 -3.6798155633732677e-09 -7.3596311267465353e-09
435 4.2431640625000000e-01 -3.6816345527768135e-09 -3.6834535421803594e-09 -7.3650880949571729e-09
436 4.2529296875000000e-01 -3.6852725315839052e-09 -3.6852725315839052e-09 -7.3705450631678104e-09
437 4.2626953125000000e-01 -3.6889105103909969e-09 -3.6889105103909969e-09 -7.3778210207819939e-09
438 4.2724609375000000e-01 -3.6889105103909969e-09 -3.6889105103909969e-09 -7.3778210207819939e-09
439 4.2822265625000000e-01 -3.6925484891980886e-09 -3.6925484891980886e-09 -7.3850969783961773e-09
440 4.2919921875000000e-01 -3.6943674786016345e-09 -3.6943674786016345e-09 -7.3887349572032690e-09
441 4.3017578125000000e-01 -3.6998244468122721e-09 -3.6998244468122721e-09 -7.3996488936245441e-09
442 4.3115234375000000e-01 -3.6998244468122721e-09 -3.6998244468122721e-09 -7.3996488936245441e-09
443 4.3212890625000000e-01 -3.7016434362158179e-09 -3.7016434362158179e-09 -7.4032868724316359e-09
444 4.3310546875000000e-01 -3.7052814150229096e-09 -3.7052814150229096e-09 -7.4105628300458193e-09
445 4.3408203125000000e-01 -3.7089193938300014e-09 -3.7089193938300014e-09 -7.4178387876600027e-09
446 4.3505859375000000e-01 -3.7107383832335472e-09 -3.7107383832335472e-09 -7.4214767664670944e-09
447 4.3603515625000000e-01 -3.7125573726370931e-09 -3.7125573726370931e-09 -7.4251147452741861e-09
448 4.3701171875000000e-01 -3.7161953514441848e-09 -3.7161953514441848e-09 -7.4323907028883696e-09
449 4.3798828125000000e-01 -3.7180143408477306e-09 -3.7180143408477306e-09 -7.4360286816954613e-09
450 4.3896484375000000e-01 -3.7198333302512765e-09 -3.7198333302512765e-09 -7.4396666605025530e-09
451 4.3994140625000000e-01 -3.7198333302512765e-09 -3.7198333302512765e-09 -7.4396666605025530e-09
452 4.4091796875000000e-01 -3.7234713090583682e-09 -3.7252902984619141e-09 -7.4487616075202823e-09
453 4.4189453125000000e-01 -3.7252902984619141e-09 -3.7271092878654599e-09 -7.4523995863273740e-09
454 4.4287109375000000e-01 -3.7271092878654599e-09 -3.7271092878654599e-09 -7.4542185757309198e-09
455 4.4384765625000000e-01 -3.7307472666725516e-09 -3.7289282772690058e-09 -7.4596755439415574e-09
456 4.4482421875000000e-01 -3.7307472666725516e-09 -3.7325662560760975e-09 -7.4633135227486491e-09
457 4.4580078125000000e-01 -3.7325662560760975e-09 -3.7325662560760975e-09 -7.4651325121521950e-09
458 4.4677734375000000e-01 -3.7343852454796433e-09 -3.7362042348831892e-09 -7.4705894803628325e-09
459 4.4775390625000000e-01 -3.7380232242867351e-09 -3.7398422136902809e-09 -7.4778654379770160e-09
460 4.4873046875000000e-01 -3.7380232242867351e-09 -3.7380232242867351e-09 -7.4760464485734701e-09
461 4.4970703125000000e-01 -3.7398422136902809e-09 -3.7398422136902809e-09 -7.4796844273805618e-09
462 4.5068359375000000e-01 -3.7434801924973726e-09 -3.7434801924973726e-09 -7.4869603849947453e-09
463 4.5166015625000000e-01 -3.7434801924973726e-09 -3.7452991819009185e-09 -7.4887793743982911e-09
464 4.5263671875000000e-01 -3.7471181713044643e-09 -3.7489371607080102e-09 -7.4960553320124745e-09
465 4.5361328125000000e-01 -3.7507561501115561e-09 -3.7489371607080102e-09 -7.4996933108195662e-09
466 4.5458984375000000e-01 -3.7507561501115561e-09 -3.7489371607080102e-09 -7.4996933108195662e-09
467 4.5556640625000000e-01 -3.7525751395151019e-09 -3.7525751395151019e-09 -7.5051502790302038e-09
468 4.5654296875000000e-01 -3.7543941289186478e-09 -3.7543941289186478e-09 -7.5087882578372955e-09
469 4.5751953125000000e-01 -3.7562131183221936e-09 -3.7562131183221936e-09 -7.5124262366443872e-09
470 4.5849609375000000e-01 -3.7562131183221936e-09 -3.7562131183221936e-09 -7.5124262366443872e-09
471 4.5947265625000000e-01 -3.7598510971292853e-09 -3.7580321077257395e-09 -7.5178832048550248e-09
472 4.6044921875000000e-01 -3.7598510971292853e-09 -3.7598510971292853e-09 -7.5197021942585707e-09
473 4.6142578125000000e-01 -3.7616700865328312e-09 -3.7598510971292853e-09 -7.5215211836621165e-09
474 4.6240234375000000e-01 -3.7616700865328312e-09 -3.7634890759363770e-09 -7.5251591624692082e-09
475 4.6337890625000000e-01 -3.7616700865328312e-09 -3.7616700865328312e-09 -7.5233401730656624e-09
476 4.6435546875000000e-01 -3.7653080653399229e-09 -3.7653080653399229e-09 -7.5306161306798458e-09
477 4.6533203125000000e-01 -3.7653080653399229e-09 -3.7653080653399229e-09 -7.5306161306798458e-09
478 4.6630859375000000e-01 -3.7671270547434688e-09 -3.7671270547434688e-09 -7.5342541094869375e-09
479 4.6728515625000000e-01 -3.7689460441470146e-09 -3.7689460441470146e-09 -7.5378920882940292e-09
480 4.6826171875000000e-01 -3.7689460441470146e-09 -3.7671270547434688e-09 -7.5360730988904834e-09
481 4.6923828125000000e-01 -3.7707650335505605e-09 -3.7725840229541063e-09 -7.5433490565046668e-09
482 4.7021484375000000e-01 -3.7707650335505605e-09 -3.7707650335505605e-09 -7.5415300671011209e-09
483 4.7119140625000000e-01 -3.7725840229541063e-09 -3.7707650335505605e-09 -7.5433490565046668e-09
484 4.7216796875000000e-01 -3.7744030123576522e-09 -3.7744030123576522e-09 -7.5488060247153044e-09
485 4.7314453125000000e-01 -3.7744030123576522e-09 -3.7744030123576522e-09 -7.5488060247153044e-09
486 4.7412109375000000e-01 -3.7762220017611980e-09 -3.7762220017611980e-09 -7.5524440035223961e-09
487 4.7509765625000000e-01 -3.7780409911647439e-09 -3.7780409911647439e-09 -7.5560819823294878e-09
488 4.7607421875000000e-01 -3.7798599805682898e-09 -3.7780409911647439e-09 -7.5579009717330337e-09
489 4.7705078125000000e-01 -3.7780409911647439e-09 -3.7780409911647439e-09 -7.5560819823294878e-09
490 4.7802734375000000e-01 -3.7780409911647439e-09 -3.7798599805682898e-09 -7.5579009717330337e-09
491 4.7900390625000000e-01 -3.7816789699718356e-09 -3.7816789699718356e-09 -7.5633579399436712e-09
492 4.7998046875000000e-01 -3.7780409911647439e-09 -3.7798599805682898e-09 -7.5579009717330337e-09
493 4.8095703125000000e-01 -3.7816789699718356e-09 -3.7798599805682898e-09 -7.5615389505401254e-09
494 4.8193359375000000e-01 -3.7816789699718356e-09 -3.7816789699718356e-09 -7.5633579399436712e-09
495 4.8291015625000000e-01 -3.7798599805682898e-09 -3.7816789699718356e-09 -7.5615389505401254e-09
496 4.8388671875000000e-01 -3.7834979593753815e-09 -3.7834979593753815e-09 -7.5669959187507629e-09
497 4.8486328125000000e-01 -3.7816789699718356e-09 -3.7816789699718356e-09 -7.5633579399436712e-09
498 4.8583984375000000e-01 -3.7834979593753815e-09 -3.7834979593753815e-09 -7.5669959187507629e-09
499 4.8681640625000000e-01 -3.7853169487789273e-09 -3.7853169487789273e-09 -7.5706338975578547e-09
500 4.8779296875000000e-01 -3.7871359381824732e-09 -3.7871359381824732e-09 -7.5742718763649464e-09
501 4.8876953125000000e-01 -3.7853169487789273e-09 -3.7871359381824732e-09 -7.5724528869614005e-09
502 4.8974609375000000e-01 -3.7871359381824732e-09 -3.7871359381824732e-09 -7.5742718763649464e-09
503 4.9072265625000000e-01 -3.7871359381824732e-09 -3.7871359381824732e-09 -7.5742718763649464e-09
504 4.9169921875000000e-01 -3.7889549275860190e-09 -3.7871359381824732e-09 -7.5760908657684922e-09
505 4.9267578125000000e-01 -3.7871359381824732e-09 -3.7871359381824732e-09 -7.5742718763649464e-09
506 4.9365234375000000e-01 -3.7871359381824732e-09 -3.7853169487789273e-09 -7.5724528869614005e-09
507 4.9462890625000000e-01 -3.7889549275860190e-09 -3.7889549275860190e-09 -7.5779098551720381e-09
508 4.9560546875000000e-01 -3.7871359381824732e-09 -3.7889549275860190e-09 -7.5760908657684922e-09
509 4.9658203125000000e-01 -3.7871359381824732e-09 -3.7871359381824732e-09 -7.5742718763649464e-09
510 4.9755859375000000e-01 -3.7889549275860190e-09 -3.7907739169895649e-09 -7.5797288445755839e-09
511 4.9853515625000000e-01 -3.7907739169895649e-09 -3.7889549275860190e-09 -7.5797288445755839e-09
512 4.9951171875000000e-01 -3.7907739169895649e-09 -3.7889549275860190e-09 -7.5797288445755839e-09
513 5.0048828125000000e-01 -3.7907739169895649e-09 -3.7889549275860190e-09 -7.5797288445755839e-09
514 5.0146484375000000e-01 -3.7907739169895649e-09 -3.7889549275860190e-09 -7.5797288445755839e-09
515 5.0244140625000000e-01 -3.7889549275860190e-09 -3.7907739169895649e-09 -7.5797288445755839e-09
516 5.0341796875000000e-01 -3.7871359381824732e-09 -3.7871359381824732e-09 -7.5742718763649464e-09
517 5.0439453125000000e-01 -3.7871359381824732e-09 -3.7871359381824732e-09 -7.5742718763649464e-09
518 5.0537109375000000e-01 -3.7889549275860190e-09 -3.7907739169895649e-09 -7.5797288445755839e-09
519 5.0634765625000000e-01 -3.7871359381824732e-09 -3.7853169487789273e-09 -7.5724528869614005e-09
520 5.0732421875000000e-01 -3.7871359381824732e-09 -3.7871359381824732e-09 -7.5742718763649464e-09
521 5.0830078125000000e-01 -3.7889549275860190e-09 -3.7871359381824732e-09 -7.5760908657684922e-09
522 5.0927734375000000e-01 -3.7871359381824732e-09 -3.7853169487789273e-09 -7.5724528869614005e-09
523 5.1025390625000000e-01 -3.7871359381824732e-09 -3.7871359381824732e-09 -7.5742718763649464e-09
524 5.1123046875000000e-01 -3.7853169487789273e-09 -3.7871359381824732e-09 -7.5724528869614005e-09
525 5.1220703125000000e-01 -3.7871359381824732e-09 -3.7871359381824732e-09 -7.5742718763649464e-09
526 5.1318359375000000e-01 -3.7853169487789273e-09 -3.7853169487789273e-09 -7.5706338975578547e-09
527 5.1416015625000000e-01 -3.7834979593753815e-09 -3.7834979593753815e-09 -7.5669959187507629e-09
528 5.1513671875000000e-01 -3.7816789699718356e-09 -3.7816789699718356e-09 -7.5633579399436712e-09
529 5.1611328125000000e-01 -3.7834979593753815e-09 -3.7834979593753815e-09 -7.5669959187507629e-09
530 5.1708984375000000e-01 -3.7798599805682898e-09 -3.7816789699718356e-09 -7.5615389505401254e-09
531 5.1806640625000000e-01 -3.7816789699718356e-09 -3.7816789699718356e-09 -7.5633579399436712e-09
532 5.1904296875000000e-01 -3.7816789699718356e-09 -3.7816789699718356e-09 -7.5633579399436712e-09
533 5.2001953125000000e-01 -3.7780409911647439e-09 -3.7798599805682898e-09 -7.5579009717330337e-09
534 5.2099609375000000e-01 -3.7816789699718356e-09 -3.7816789699718356e-09 -7.5633579399436712e-09
535 5.2197265625000000e-01 -3.7780409911647439e-09 -3.7798599805682898e-09 -7.5579009717330337e-09
536 5.2294921875000000e-01 -3.7780409911647439e-09 -3.7780409911647439e-09 -7.5560819823294878e-09
537 5.2392578125000000e-01 -3.7798599805682898e-09 -3.7780409911647439e-09 -7.5579009717330337e-09
538 5.2490234375000000e-01 -3.7780409911647439e-09 -3.7780409911647439e-09 -7.5560819823294878e-09
539 5.2587890625000000e-01 -3.7762220017611980e-09 -3.7762220017611980e-09 -7.5524440035223961e-09
540 5.2685546875000000e-01 -3.7744030123576522e-09 -3.7744030123576522e-09 -7.5488060247153044e-09
541 5.2783203125000000e-01 -3.7744030123576522e-09 -3.7744030123576522e-09 -7.5488060247153044e-09
542 5.2880859375000000e-01 -3.7725840229541063e-09 -3.7707650335505605e-09 -7.5433490565046668e-09
543 5.2978515625000000e-01 -3.7707650335505605e-09 -3.7707650335505605e-09 -7.5415300671011209e-09
544 5.3076171875000000e-01 -3.7707650335505605e-09 -3.7725840229541063e-09 -7.5433490565046668e-09
545 5.3173828125000000e-01 -3.7689460441470146e-09 -3.7671270547434688e-09 -7.5360730988904834e-09
546 5.3271484375000000e-01 -3.7689460441470146e-09 -3.7689460441470146e-09 -7.5378920882940292e-09
547 5.3369140625000000e-01 -3.7671270547434688e-09 -3.7671270547434688e-09 -7.5342541094869375e-09
548 5.3466796875000000e-01 -3.7634890759363770e-09 -3.7634890759363770e-09 -7.5269781518727541e-09
549 5.3564453125000000e-01 -3.7653080653399229e-09 -3.7653080653399229e-09 -7.5306161306798458e-09
550 5.3662109375000000e-01 -3.7616700865328312e-09 -3.7616700865328312e-09 -7.5233401730656624e-09
551 5.3759765625000000e-01 -3.7616700865328312e-09 -3.7616700865328312e-09 -7.5233401730656624e-09
552 5.3857421875000000e-01 -3.7616700865328312e-09 -3.7598510971292853e-09 -7.5215211836621165e-09
553 5.3955078125000000e-01 -3.7598510971292853e-09 -3.7598510971292853e-09 -7.5197021942585707e-09
554 5.4052734375000000e-01 -3.7598510971292853e-09 -3.7580321077257395e-09 -7.5178832048550248e-09
555 5.4150390625000000e-01 -3.7562131183221936e-09 -3.7562131183221936e-09 -7.5124262366443872e-09
556 5.4248046875000000e-01 -3.7562131183221936e-09 -3.7562131183221936e-09 -7.5124262366443872e-09
557 5.4345703125000000e-01 -3.7543941289186478e-09 -3.7543941289186478e-09 -7.5087882578372955e-09
558 5.4443359375000000e-01 -3.7525751395151019e-09 -3.7525751395151019e-09 -7.5051502790302038e-09
559 5.4541015625000000e-01 -3.7507561501115561e-09 -3.7489371607080102e-09 -7.4996933108195662e-09
560 5.4638671875000000e-01 -3.7507561501115561e-09 -3.7489371607080102e-09 -7.4996933108195662e-09
561 5.4736328125000000e-01 -3.7471181713044643e-09 -3.7489371607080102e-09 -7.4960553320124745e-09
562 5.4833984375000000e-01 -3.7416612030938268e-09 -3.7434801924973726e-09 -7.4851413955911994e-09
563 5.4931640625000000e-01 -3.7434801924973726e-09 -3.7434801924973726e-09 -7.4869603849947453e-09
564 5.5029296875000000e-01 -3.7416612030938268e-09 -3.7398422136902809e-09 -7.4815034167841077e-09
565 5.5126953125000000e-01 -3.7380232242867351e-09 -3.7380232242867351e-09 -7.4760464485734701e-09
566 5.5224609375000000e-01 -3.7398422136902809e-09 -3.7398422136902809e-09 -7.4796844273805618e-09
567 5.5322265625000000e-01 -3.7343852454796433e-09 -3.7362042348831892e-09 -7.4705894803628325e-09
568 5.5419921875000000e-01 -3.7325662560760975e-09 -3.7325662560760975e-09 -7.4651325121521950e-09
569 5.5517578125000000e-01 -3.7325662560760975e-09 -3.7325662560760975e-09 -7.4651325121521950e-09
570 5.5615234375000000e-01 -3.7307472666725516e-09 -3.7289282772690058e-09 -7.4596755439415574e-09
571 5.5712890625000000e-01 -3.7271092878654599e-09 -3.7271092878654599e-09 -7.4542185757309198e-09
572 5.5810546875000000e-01 -3.7252902984619141e-09 -3.7271092878654599e-09 -7.4523995863273740e-09
573 5.5908203125000000e-01 -3.7234713090583682e-09 -3.7234713090583682e-09 -7.4469426181167364e-09
574 5.6005859375000000e-01 -3.7198333302512765e-09 -3.7198333302512765e-09 -7.4396666605025530e-09
575 5.6103515625000000e-01 -3.7198333302512765e-09 -3.7198333302512765e-09 -7.4396666605025530e-09
576 5.6201171875000000e-01 -3.7161953514441848e-09 -3.7161953514441848e-09 -7.4323907028883696e-09
577 5.6298828125000000e-01 -3.7161953514441848e-09 -3.7161953514441848e-09 -7.4323907028883696e-09
578 5.6396484375000000e-01 -3.7125573726370931e-09 -3.7125573726370931e-09 -7.4251147452741861e-09
579 5.6494140625000000e-01 -3.7125573726370931e-09 -3.7107383832335472e-09 -7.4232957558706403e-09
580 5.6591796875000000e-01 -3.7071004044264555e-09 -3.7071004044264555e-09 -7.4142008088529110e-09
581 5.6689453125000000e-01 -3.7052814150229096e-09 -3.7052814150229096e-09 -7.4105628300458193e-09
582 5.6787109375000000e-01 -3.7016434362158179e-09 -3.7016434362158179e-09 -7.4032868724316359e-09
583 5.6884765625000000e-01 -3.6998244468122721e-09 -3.6998244468122721e-09 -7.3996488936245441e-09
584 5.6982421875000000e-01 -3.6980054574087262e-09 -3.6980054574087262e-09 -7.3960109148174524e-09
585 5.7080078125000000e-01 -3.6925484891980886e-09 -3.6943674786016345e-09 -7.3869159677997231e-09
586 5.7177734375000000e-01 -3.6925484891980886e-09 -3.6925484891980886e-09 -7.3850969783961773e-09
587 5.7275390625000000e-01 -3.6889105103909969e-09 -3.6889105103909969e-09 -7.3778210207819939e-09
588 5.7373046875000000e-01 -3.6889105103909969e-09 -3.6889105103909969e-09 -7.3778210207819939e-09
589 5.7470703125000000e-01 -3.6852725315839052e-09 -3.6852725315839052e-09 -7.3705450631678104e-09
590 5.7568359375000000e-01 -3.6816345527768135e-09 -3.6834535421803594e-09 -7.3650880949571729e-09
591 5.7666015625000000e-01 -3.6798155633732677e-09 -3.6798155633732677e-09 -7.3596311267465353e-09
592 5.7763671875000000e-01 -3.6761775845661759e-09 -3.6743585951626301e-09 -7.3505361797288060e-09
593 5.7861328125000000e-01 -3.6743585951626301e-09 -3.6743585951626301e-09 -7.3487171903252602e-09
594 5.7958984375000000e-01 -3.6689016269519925e-09 -3.6707206163555384e-09 -7.3396222433075309e-09
595 5.8056640625000000e-01 -3.6689016269519925e-09 -3.6689016269519925e-09 -7.3378032539039850e-09
596 5.8154296875000000e-01 -3.6670826375484467e-09 -3.6652636481449008e-09 -7.3323462856933475e-09
597 5.8251953125000000e-01 -3.6634446587413549e-09 -3.6634446587413549e-09 -7.3268893174827099e-09
598 5.8349609375000000e-01 -3.6579876905307174e-09 -3.6579876905307174e-09 -7.3159753810614347e-09
599 5.8447265625000000e-01 -3.6543497117236257e-09 -3.6561687011271715e-09 -7.3105184128507972e-09
600 5.8544921875000000e-01 -3.6507117329165339e-09 -3.6507117329165339e-09 -7.3014234658330679e-09
601 5.8642578125000000e-01 -3.6488927435129881e-09 -3.6470737541094422e-09 -7.2959664976224303e-09
602 5.8740234375000000e-01 -3.6452547647058964e-09 -3.6452547647058964e-09 -7.2905095294117928e-09
603 5.8837890625000000e-01 -3.6452547647058964e-09 -3.6434357753023505e-09 -7.2886905400082469e-09
604 5.8935546875000000e-01 -3.6416167858988047e-09 -3.6416167858988047e-09 -7.2832335717976093e-09
605 5.9033203125000000e-01 -3.6379788070917130e-09 -3.6379788070917130e-09 -7.2759576141834259e-09
606 5.9130859375000000e-01 -3.6343408282846212e-09 -3.6325218388810754e-09 -7.2668626671656966e-09
607 5.9228515625000000e-01 -3.6325218388810754e-09 -3.6307028494775295e-09 -7.2632246883586049e-09
608 5.9326171875000000e-01 -3.6252458812668920e-09 -3.6270648706704378e-09 -7.2523107519373298e-09
609 5.9423828125000000e-01 -3.6216079024598002e-09 -3.6234268918633461e-09 -7.2450347943231463e-09
610 5.9521484375000000e-01 -3.6179699236527085e-09 -3.6179699236527085e-09 -7.2359398473054171e-09
611 5.9619140625000000e-01 -3.6161509342491627e-09 -3.6161509342491627e-09 -7.2323018684983253e-09
612 5.9716796875000000e-01 -3.6125129554420710e-09 -3.6125129554420710e-09 -7.2250259108841419e-09
613 5.9814453125000000e-01 -3.6070559872314334e-09 -3.6070559872314334e-09 -7.2141119744628668e-09
614 5.9912109375000000e-01 -3.6052369978278875e-09 -3.6052369978278875e-09 -7.2104739956557751e-09
615 6.0009765625000000e-01 -3.6015990190207958e-09 -3.6015990190207958e-09 -7.2031980380415916e-09
616 6.0107421875000000e-01 -3.5997800296172500e-09 -3.5979610402137041e-09 -7.1977410698309541e-09
617 6.0205078125000000e-01 -3.5943230614066124e-09 -3.5943230614066124e-09 -7.1886461228132248e-09
618 6.0302734375000000e-01 -3.5906850825995207e-09 -3.5906850825995207e-09 -7.1813701651990414e-09
619 6.0400390625000000e-01 -3.5888660931959748e-09 -3.5888660931959748e-09 -7.1777321863919497e-09
620 6.0498046875000000e-01 -3.5834091249853373e-09 -3.5852281143888831e-09 -7.1686372393742204e-09
621 6.0595703125000000e-01 -3.5797711461782455e-09 -3.5797711461782455e-09 -7.1595422923564911e-09
622 6.0693359375000000e-01 -3.5761331673711538e-09 -3.5761331673711538e-09 -7.1522663347423077e-09
623 6.0791015625000000e-01 -3.5724951885640621e-09 -3.5724951885640621e-09 -7.1449903771281242e-09
624 6.0888671875000000e-01 -3.5688572097569704e-09 -3.5688572097569704e-09 -7.1377144195139408e-09
625 6.0986328125000000e-01 -3.5652192309498787e-09 -3.5670382203534245e-09 -7.1322574513033032e-09
626 6.1083984375000000e-01 -3.5615812521427870e-09 -3.5615812521427870e-09 -7.1231625042855740e-09
627 6.1181640625000000e-01 -3.5579432733356953e-09 -3.5561242839321494e-09 -7.1140675572678447e-09
628 6.1279296875000000e-01 -3.5543052945286036e-09 -3.5524863051250577e-09 -7.1067915996536613e-09
629 6.1376953125000000e-01 -3.5470293369144201e-09 -3.5470293369144201e-09 -7.0940586738288403e-09
630 6.1474609375000000e-01 -3.5452103475108743e-09 -3.5452103475108743e-09 -7.0904206950217485e-09
631 6.1572265625000000e-01 -3.5397533793002367e-09 -3.5397533793002367e-09 -7.0795067586004734e-09
632 6.1669921875000000e-01 -3.5361154004931450e-09 -3.5379343898966908e-09 -7.0740497903898358e-09
633 6.1767578125000000e-01 -3.5361154004931450e-09 -3.5342964110895991e-09 -7.0704118115827441e-09
634 6.1865234375000000e-01 -3.5270204534754157e-09 -3.5270204534754157e-09 -7.0540409069508314e-09
635 6.1962890625000000e-01 -3.5233824746683240e-09 -3.5233824746683240e-09 -7.0467649493366480e-09
636 6.2060546875000000e-01 -3.5179255064576864e-09 -3.5179255064576864e-09 -7.0358510129153728e-09
637 6.2158203125000000e-01 -3.5161065170541406e-09 -3.5142875276505947e-09 -7.0303940447047353e-09
638 6.2255859375000000e-01 -3.5124685382470489e-09 -3.5124685382470489e-09 -7.0249370764940977e-09
639 6.2353515625000000e-01 -3.5070115700364113e-09 -3.5070115700364113e-09 -7.0140231400728226e-09
640 6.2451171875000000e-01 -3.5051925806328654e-09 -3.5033735912293196e-09 -7.0085661718621850e-09
641 6.2548828125000000e-01 -3.4997356124222279e-09 -3.4979166230186820e-09 -6.9976522354409099e-09
642 6.2646484375000000e-01 -3.4924596548080444e-09 -3.4924596548080444e-09 -6.9849193096160889e-09
643 6.2744140625000000e-01 -3.4888216760009527e-09 -3.4888216760009527e-09 -6.9776433520019054e-09
644 6.2841796875000000e-01 -3.4833647077903152e-09 -3.4833647077903152e-09 -6.9667294155806303e-09
645 6.2939453125000000e-01 -3.4797267289832234e-09 -3.4815457183867693e-09 -6.9612724473699927e-09
646 6.3037109375000000e-01 -3.4742697607725859e-09 -3.4742697607725859e-09 -6.9485395215451717e-09
647 6.3134765625000000e-01 -3.4706317819654942e-09 -3.4706317819654942e-09 -6.9412635639309883e-09
648 6.3232421875000000e-01 -3.4669938031584024e-09 -3.4669938031584024e-09 -6.9339876063168049e-09
649 6.3330078125000000e-01 -3.4633558243513107e-09 -3.4633558243513107e-09 -6.9267116487026215e-09
650 6.3427734375000000e-01 -3.4560798667371273e-09 -3.4578988561406732e-09 -6.9139787228778005e-09
651 6.3525390625000000e-01 -3.4506228985264897e-09 -3.4506228985264897e-09 -6.9012457970529795e-09
652 6.3623046875000000e-01 -3.4451659303158522e-09 -3.4451659303158522e-09 -6.8903318606317043e-09
653 6.3720703125000000e-01 -3.4415279515087605e-09 -3.4415279515087605e-09 -6.8830559030175209e-09
654 6.3818359375000000e-01 -3.4342519938945770e-09 -3.4360709832981229e-09 -6.8703229771926999e-09
655 6.3916015625000000e-01 -3.4324330044910312e-09 -3.4324330044910312e-09 -6.8648660089820623e-09
656 6.4013671875000000e-01 -3.4269760362803936e-09 -3.4269760362803936e-09 -6.8539520725607872e-09
657 6.4111328125000000e-01 -3.4215190680697560e-09 -3.4233380574733019e-09 -6.8448571255430579e-09
658 6.4208984375000000e-01 -3.4178810892626643e-09 -3.4160620998591185e-09 -6.8339431891217828e-09
659 6.4306640625000000e-01 -3.4106051316484809e-09 -3.4106051316484809e-09 -6.8212102632969618e-09
660 6.4404296875000000e-01 -3.4087861422449350e-09 -3.4106051316484809e-09 -6.8193912738934159e-09
661 6.4501953125000000e-01 -3.4033291740342975e-09 -3.4015101846307516e-09 -6.8048393586650491e-09
662 6.4599609375000000e-01 -3.3960532164201140e-09 -3.3960532164201140e-09 -6.7921064328402281e-09
663 6.4697265625000000e-01 -3.3924152376130223e-09 -3.3924152376130223e-09 -6.7848304752260447e-09
664 6.4794921875000000e-01 -3.3869582694023848e-09 -3.3851392799988389e-09 -6.7720975494012237e-09
665 6.4892578125000000e-01 -3.3815013011917472e-09 -3.3815013011917472e-09 -6.7630026023834944e-09
666 6.4990234375000000e-01 -3.3760443329811096e-09 -3.3760443329811096e-09 -6.7520886659622192e-09
667 6.5087890625000000e-01 -3.3705873647704720e-09 -3.3687683753669262e-09 -6.7393557401373982e-09
668 6.5185546875000000e-01 -3.3651303965598345e-09 -3.3651303965598345e-09 -6.7302607931196690e-09
669 6.5283203125000000e-01 -3.3578544389456511e-09 -3.3578544389456511e-09 -6.7157088778913021e-09
670 6.5380859375000000e-01 -3.3560354495421052e-09 -3.3560354495421052e-09 -6.7120708990842104e-09
671 6.5478515625000000e-01 -3.3469405025243759e-09 -3.3469405025243759e-09 -6.6938810050487518e-09
672 6.5576171875000000e-01 -3.3433025237172842e-09 -3.3451215131208301e-09 -6.6884240368381143e-09
673 6.5673828125000000e-01 -3.3378455555066466e-09 -3.3378455555066466e-09 -6.6756911110132933e-09
674 6.5771484375000000e-01 -3.3323885872960091e-09 -3.3323885872960091e-09 -6.6647771745920181e-09
675 6.5869140625000000e-01 -3.3269316190853715e-09 -3.3269316190853715e-09 -6.6538632381707430e-09
676 6.5966796875000000e-01 -3.3232936402782798e-09 -3.3214746508747339e-09 -6.6447682911530137e-09
677 6.6064453125000000e-01 -3.3160176826640964e-09 -3.3160176826640964e-09 -6.6320353653281927e-09
678 6.6162109375000000e-01 -3.3105607144534588e-09 -3.3087417250499129e-09 -6.6193024395033717e-09
679 6.6259765625000000e-01 -3.3051037462428212e-09 -3.3051037462428212e-09 -6.6102074924856424e-09
680 6.6357421875000000e-01 -3.2996467780321836e-09 -3.2996467780321836e-09 -6.5992935560643673e-09
681 6.6455078125000000e-01 -3.2941898098215461e-09 -3.2941898098215461e-09 -6.5883796196430922e-09
682 6.6552734375000000e-01 -3.2887328416109085e-09 -3.2887328416109085e-09 -6.5774656832218170e-09
683 6.6650390625000000e-01 -3.2814568839967251e-09 -3.2814568839967251e-09 -6.5629137679934502e-09
684 6.6748046875000000e-01 -3.2759999157860875e-09 -3.2759999157860875e-09 -6.5519998315721750e-09
685 6.6845703125000000e-01 -3.2687239581719041e-09 -3.2705429475754499e-09 -6.5392669057473540e-09
686 6.6943359375000000e-01 -3.2669049687683582e-09 -3.2650859793648124e-09 -6.5319909481331706e-09
687 6.7041015625000000e-01 -3.2578100217506289e-09 -3.2578100217506289e-09 -6.5156200435012579e-09
688 6.7138671875000000e-01 -3.2523530535399914e-09 -3.2523530535399914e-09 -6.5047061070799828e-09
689 6.7236328125000000e-01 -3.2468960853293538e-09 -3.2487150747328997e-09 -6.4956111600622535e-09
690 6.7333984375000000e-01 -3.2432581065222621e-09 -3.2432581065222621e-09 -6.4865162130445242e-09
691 6.7431640625000000e-01 -3.2378011383116245e-09 -3.2359821489080787e-09 -6.4737832872197032e-09
692 6.7529296875000000e-01 -3.2287061912938952e-09 -3.2287061912938952e-09 -6.4574123825877905e-09
693 6.7626953125000000e-01 -3.2214302336797118e-09 -3.2214302336797118e-09 -6.4428604673594236e-09
694 6.7724609375000000e-01 -3.2159732654690742e-09 -3.2177922548726201e-09 -6.4337655203416944e-09
695 6.7822265625000000e-01 -3.2086973078548908e-09 -3.2086973078548908e-09 -6.4173946157097816e-09
696 6.7919921875000000e-01 -3.2050593290477991e-09 -3.2050593290477991e-09 -6.4101186580955982e-09
697 6.8017578125000000e-01 -3.1959643820300698e-09 -3.1977833714336157e-09 -6.3937477534636855e-09
698 6.8115234375000000e-01 -3.1941453926265240e-09 -3.1941453926265240e-09 -6.3882907852530479e-09
699 6.8212890625000000e-01 -3.1850504456087947e-09 -3.1868694350123405e-09 -6.3719198806211352e-09
700 6.8310546875000000e-01 -3.1795934773981571e-09 -3.1795934773981571e-09 -6.3591869547963142e-09
701 6.8408203125000000e-01 -3.1723175197839737e-09 -3.1723175197839737e-09 -6.3446350395679474e-09
702 6.8505859375000000e-01 -3.1668605515733361e-09 -3.1668605515733361e-09 -6.3337211031466722e-09
703 6.8603515625000000e-01 -3.1614035833626986e-09 -3.1595845939591527e-09 -6.3209881773218513e-09
704 6.8701171875000000e-01 -3.1541276257485151e-09 -3.1523086363449693e-09 -6.3064362620934844e-09
705 6.8798828125000000e-01 -3.1468516681343317e-09 -3.1468516681343317e-09 -6.2937033362686634e-09
706 6.8896484375000000e-01 -3.1395757105201483e-09 -3.1395757105201483e-09 -6.2791514210402966e-09
707 6.8994140625000000e-01 -3.1350282370112836e-09 -3.1322997529059649e-09 -6.2673279899172485e-09
708 6.9091796875000000e-01 -3.1268427846953273e-09 -3.1277522793971002e-09 -6.2545950640924275e-09
709 6.9189453125000000e-01 -3.1213858164846897e-09 -3.1204763217829168e-09 -6.2418621382676065e-09
710 6.9287109375000000e-01 -3.1132003641687334e-09 -3.1132003641687334e-09 -6.2264007283374667e-09
711 6.9384765625000000e-01 -3.1059244065545499e-09 -3.1077433959580958e-09 -6.2136678025126457e-09
712 6.9482421875000000e-01 -3.1004674383439124e-09 -3.1022864277474582e-09 -6.2027538660913706e-09
713 6.9580078125000000e-01 -3.0941009754315019e-09 -3.0922819860279560e-09 -6.1863829614594579e-09
714 6.9677734375000000e-01 -3.0859155231155455e-09 -3.0859155231155455e-09 -6.1718310462310910e-09
715 6.9775390625000000e-01 -3.0795490602031350e-09 -3.0795490602031350e-09 -6.1590981204062700e-09
716 6.9873046875000000e-01 -3.0722731025889516e-09 -3.0731825972907245e-09 -6.1454556998796761e-09
717 6.9970703125000000e-01 -3.0686351237818599e-09 -3.0677256290800869e-09 -6.1363607528619468e-09
718 7.0068359375000000e-01 -3.0622686608694494e-09 -3.0604496714659035e-09 -6.1227183323353529e-09
719 7.0166015625000000e-01 -3.0540832085534930e-09 -3.0531737138517201e-09 -6.1072569224052131e-09
720 7.0263671875000000e-01 -3.0468072509393096e-09 -3.0477167456410825e-09 -6.0945239965803921e-09
721 7.0361328125000000e-01 -3.0404407880268991e-09 -3.0404407880268991e-09 -6.0808815760537982e-09
722 7.0458984375000000e-01 -3.0304363463073969e-09 -3.0313458410091698e-09 -6.0617821873165667e-09
723 7.0556640625000000e-01 -3.0258888727985322e-09 -3.0249793780967593e-09 -6.0508682508952916e-09
724 7.0654296875000000e-01 -3.0177034204825759e-09 -3.0186129151843488e-09 -6.0363163356669247e-09
725 7.0751953125000000e-01 -3.0131559469737113e-09 -3.0131559469737113e-09 -6.0263118939474225e-09
726 7.0849609375000000e-01 -3.0049704946577549e-09 -3.0049704946577549e-09 -6.0099409893155098e-09
727 7.0947265625000000e-01 -2.9967850423417985e-09 -2.9986040317453444e-09 -5.9953890740871429e-09
728 7.1044921875000000e-01 -2.9895090847276151e-09 -2.9904185794293880e-09 -5.9799276641570032e-09
729 7.1142578125000000e-01 -2.9831426218152046e-09 -2.9840521165169775e-09 -5.9671947383321822e-09
730 7.1240234375000000e-01 -2.9758666642010212e-09 -2.9758666642010212e-09 -5.9517333284020424e-09
731 7.1337890625000000e-01 -2.9685907065868378e-09 -2.9695002012886107e-09 -5.9380909078754485e-09
732 7.1435546875000000e-01 -2.9604052542708814e-09 -2.9613147489726543e-09 -5.9217200032435358e-09
733 7.1533203125000000e-01 -2.9549482860602438e-09 -2.9549482860602438e-09 -5.9098965721204877e-09
734 7.1630859375000000e-01 -2.9467628337442875e-09 -2.9458533390425146e-09 -5.8926161727868021e-09
735 7.1728515625000000e-01 -2.9394868761301041e-09 -2.9394868761301041e-09 -5.8789737522602081e-09
736 7.1826171875000000e-01 -2.9322109185159206e-09 -2.9322109185159206e-09 -5.8644218370318413e-09
737 7.1923828125000000e-01 -2.9249349609017372e-09 -2.9249349609017372e-09 -5.8498699218034744e-09
738 7.2021484375000000e-01 -2.9176590032875538e-09 -2.9176590032875538e-09 -5.8353180065751076e-09
739 7.2119140625000000e-01 -2.9094735509715974e-09 -2.9094735509715974e-09 -5.8189471019431949e-09
740 7.2216796875000000e-01 -2.9040165827609599e-09 -2.9031070880591869e-09 -5.8071236708201468e-09
741 7.2314453125000000e-01 -2.8958311304450035e-09 -2.8958311304450035e-09 -5.7916622608900070e-09
742 7.2412109375000000e-01 -2.8876456781290472e-09 -2.8885551728308201e-09 -5.7762008509598672e-09
743 7.2509765625000000e-01 -2.8785507311113179e-09 -2.8794602258130908e-09 -5.7580109569244087e-09
744 7.2607421875000000e-01 -2.8721842681989074e-09 -2.8721842681989074e-09 -5.7443685363978148e-09
745 7.2705078125000000e-01 -2.8639988158829510e-09 -2.8649083105847239e-09 -5.7289071264676750e-09
746 7.2802734375000000e-01 -2.8567228582687676e-09 -2.8567228582687676e-09 -5.7134457165375352e-09
747 7.2900390625000000e-01 -2.8512658900581300e-09 -2.8503563953563571e-09 -5.7016222854144871e-09
748 7.2998046875000000e-01 -2.8412614483386278e-09 -2.8412614483386278e-09 -5.6825228966772556e-09
749 7.3095703125000000e-01 -2.8339854907244444e-09 -2.8339854907244444e-09 -5.6679709814488888e-09
750 7.3193359375000000e-01 -2.8258000384084880e-09 -2.8258000384084880e-09 -5.6516000768169761e-09
751 7.3291015625000000e-01 -2.8176145860925317e-09 -2.8176145860925317e-09 -5.6352291721850634e-09
752 7.3388671875000000e-01 -2.8121576178818941e-09 -2.8121576178818941e-09 -5.6243152357637882e-09
753 7.3486328125000000e-01 -2.8030626708641648e-09 -2.8039721655659378e-09 -5.6070348364301026e-09
754 7.3583984375000000e-01 -2.7966962079517543e-09 -2.7966962079517543e-09 -5.5933924159035087e-09
755 7.3681640625000000e-01 -2.7885107556357980e-09 -2.7894202503375709e-09 -5.5779310059733689e-09
756 7.3779296875000000e-01 -2.7803253033198416e-09 -2.7803253033198416e-09 -5.5606506066396832e-09
757 7.3876953125000000e-01 -2.7730493457056582e-09 -2.7730493457056582e-09 -5.5460986914113164e-09
758 7.3974609375000000e-01 -2.7639543986879289e-09 -2.7648638933897018e-09 -5.5288182920776308e-09
759 7.4072265625000000e-01 -2.7557689463719726e-09 -2.7557689463719726e-09 -5.5115378927439451e-09
760 7.4169921875000000e-01 -2.7494024834595621e-09 -2.7494024834595621e-09 -5.4988049669191241e-09
761 7.4267578125000000e-01 -2.7384885470382869e-09 -2.7384885470382869e-09 -5.4769770940765738e-09
762 7.4365234375000000e-01 -2.7321220841258764e-09 -2.7321220841258764e-09 -5.4642441682517529e-09
763 7.4462890625000000e-01 -2.7239366318099201e-09 -2.7239366318099201e-09 -5.4478732636198401e-09
764 7.4560546875000000e-01 -2.7157511794939637e-09 -2.7157511794939637e-09 -5.4315023589879274e-09
765 7.4658203125000000e-01 -2.7075657271780074e-09 -2.7075657271780074e-09 -5.4151314543560147e-09
766 7.4755859375000000e-01 -2.6975612854585052e-09 -2.6984707801602781e-09 -5.3960320656187832e-09
767 7.4853515625000000e-01 -2.6911948225460947e-09 -2.6911948225460947e-09 -5.3823896450921893e-09
768 7.4951171875000000e-01 -2.6830093702301383e-09 -2.6820998755283654e-09 -5.3651092457585037e-09
769 7.5048828125000000e-01 -2.6766429073177278e-09 -2.6757334126159549e-09 -5.3523763199336827e-09
770 7.5146484375000000e-01 -2.6666384655982256e-09 -2.6666384655982256e-09 -5.3332769311964512e-09
771 7.5244140625000000e-01 -2.6593625079840422e-09 -2.6584530132822692e-09 -5.3178155212663114e-09
772 7.5341796875000000e-01 -2.6493580662645400e-09 -2.6493580662645400e-09 -5.2987161325290799e-09
773 7.5439453125000000e-01 -2.6411726139485836e-09 -2.6402631192468107e-09 -5.2814357331953943e-09
774 7.5537109375000000e-01 -2.6338966563344002e-09 -2.6338966563344002e-09 -5.2677933126688004e-09
775 7.5634765625000000e-01 -2.6266206987202168e-09 -2.6257112040184438e-09 -5.2523319027386606e-09
776 7.5732421875000000e-01 -2.6175257517024875e-09 -2.6175257517024875e-09 -5.2350515034049749e-09
777 7.5830078125000000e-01 -2.6075213099829853e-09 -2.6075213099829853e-09 -5.2150426199659705e-09
778 7.5927734375000000e-01 -2.5993358576670289e-09 -2.5993358576670289e-09 -5.1986717153340578e-09
779 7.6025390625000000e-01 -2.5911504053510725e-09 -2.5911504053510725e-09 -5.1823008107021451e-09
780 7.6123046875000000e-01 -2.5829649530351162e-09 -2.5838744477368891e-09 -5.1668394007720053e-09
781 7.6220703125000000e-01 -2.5738700060173869e-09 -2.5738700060173869e-09 -5.1477400120347738e-09
782 7.6318359375000000e-01 -2.5665940484032035e-09 -2.5656845537014306e-09 -5.1322786021046340e-09
783 7.6416015625000000e-01 -2.5556801119819283e-09 -2.5556801119819283e-09 -5.1113602239638567e-09
784 7.6513671875000000e-01 -2.5484041543677449e-09 -2.5484041543677449e-09 -5.0968083087354898e-09
785 7.6611328125000000e-01 -2.5411281967535615e-09 -2.5411281967535615e-09 -5.0822563935071230e-09
786 7.6708984375000000e-01 -2.5320332497358322e-09 -2.5320332497358322e-09 -5.0640664994716644e-09
787 7.6806640625000000e-01 -2.5220288080163300e-09 -2.5229383027181029e-09 -5.0449671107344329e-09
788 7.6904296875000000e-01 -2.5129338609986007e-09 -2.5138433557003736e-09 -5.0267772166989744e-09
789 7.7001953125000000e-01 -2.5056579033844173e-09 -2.5056579033844173e-09 -5.0113158067688346e-09
790 7.7099609375000000e-01 -2.4956534616649151e-09 -2.4956534616649151e-09 -4.9913069233298302e-09
791 7.7197265625000000e-01 -2.4892869987525046e-09 -2.4892869987525046e-09 -4.9785739975050092e-09
792 7.7294921875000000e-01 -2.4792825570330024e-09 -2.4792825570330024e-09 -4.9585651140660048e-09
793 7.7392578125000000e-01 -2.4701876100152731e-09 -2.4710971047170460e-09 -4.9412847147323191e-09
794 7.7490234375000000e-01 -2.4610926629975438e-09 -2.4601831682957709e-09 -4.9212758312933147e-09
795 7.7587890625000000e-01 -2.4529072106815875e-09 -2.4529072106815875e-09 -4.9058144213631749e-09
796 7.7685546875000000e-01 -2.4447217583656311e-09 -2.4438122636638582e-09 -4.8885340220294893e-09
797 7.7783203125000000e-01 -2.4338078219443560e-09 -2.4338078219443560e-09 -4.8676156438887119e-09
798 7.7880859375000000e-01 -2.4247128749266267e-09 -2.4256223696283996e-09 -4.8503352445550263e-09
799 7.7978515625000000e-01 -2.4183464120142162e-09 -2.4174369173124433e-09 -4.8357833293266594e-09
800 7.8076171875000000e-01 -2.4083419702947140e-09 -2.4083419702947140e-09 -4.8166839405894279e-09
801 7.8173828125000000e-01 -2.3983375285752118e-09 -2.3992470232769847e-09 -4.7975845518521965e-09
802 7.8271484375000000e-01 -2.3892425815574825e-09 -2.3892425815574825e-09 -4.7784851631149650e-09
803 7.8369140625000000e-01 -2.3801476345397532e-09 -2.3801476345397532e-09 -4.7602952690795064e-09
804 7.8466796875000000e-01 -2.3719621822237968e-09 -2.3710526875220239e-09 -4.7430148697458208e-09
805 7.8564453125000000e-01 -2.3628672352060676e-09 -2.3637767299078405e-09 -4.7266439651139081e-09
806 7.8662109375000000e-01 -2.3537722881883383e-09 -2.3537722881883383e-09 -4.7075445763766766e-09
807 7.8759765625000000e-01 -2.3446773411706090e-09 -2.3446773411706090e-09 -4.6893546823412180e-09
808 7.8857421875000000e-01 -2.3346728994511068e-09 -2.3346728994511068e-09 -4.6693457989022136e-09
809 7.8955078125000000e-01 -2.3264874471351504e-09 -2.3255779524333775e-09 -4.6520653995685279e-09
810 7.9052734375000000e-01 -2.3183019948191941e-09 -2.3173925001174212e-09 -4.6356944949366152e-09
811 7.9150390625000000e-01 -2.3082975530996919e-09 -2.3082975530996919e-09 -4.6165951061993837e-09
812 7.9248046875000000e-01 -2.2982931113801897e-09 -2.2982931113801897e-09 -4.5965862227603793e-09
813 7.9345703125000000e-01 -2.2873791749589145e-09 -2.2873791749589145e-09 -4.5747583499178290e-09
814 7.9443359375000000e-01 -2.2791937226429582e-09 -2.2791937226429582e-09 -4.5583874452859163e-09
815 7.9541015625000000e-01 -2.2700987756252289e-09 -2.2700987756252289e-09 -4.5401975512504578e-09
816 7.9638671875000000e-01 -2.2619133233092725e-09 -2.2619133233092725e-09 -4.5238266466185451e-09
817 7.9736328125000000e-01 -2.2519088815897703e-09 -2.2509993868879974e-09 -4.5029082684777677e-09
818 7.9833984375000000e-01 -2.2437234292738140e-09 -2.2437234292738140e-09 -4.4874468585476279e-09
819 7.9931640625000000e-01 -2.2337189875543118e-09 -2.2328094928525388e-09 -4.4665284804068506e-09
820 8.0029296875000000e-01 -2.2246240405365825e-09 -2.2246240405365825e-09 -4.4492480810731649e-09
821 8.0126953125000000e-01 -2.2137101041153073e-09 -2.2137101041153073e-09 -4.4274202082306147e-09
822 8.0224609375000000e-01 -2.2046151570975780e-09 -2.2046151570975780e-09 -4.4092303141951561e-09
823 8.0322265625000000e-01 -2.1946107153780758e-09 -2.1955202100798488e-09 -4.3901309254579246e-09
824 8.0419921875000000e-01 -2.1864252630621195e-09 -2.1873347577638924e-09 -4.3737600208260119e-09
825 8.0517578125000000e-01 -2.1764208213426173e-09 -2.1764208213426173e-09 -4.3528416426852345e-09
826 8.0615234375000000e-01 -2.1673258743248880e-09 -2.1673258743248880e-09 -4.3346517486497760e-09
827 8.0712890625000000e-01 -2.1564119379036129e-09 -2.1573214326053858e-09 -4.3137333705089986e-09
828 8.0810546875000000e-01 -2.1491359802894294e-09 -2.1491359802894294e-09 -4.2982719605788589e-09
829 8.0908203125000000e-01 -2.1382220438681543e-09 -2.1391315385699272e-09 -4.2773535824380815e-09
830 8.1005859375000000e-01 -2.1291270968504250e-09 -2.1291270968504250e-09 -4.2582541937008500e-09
831 8.1103515625000000e-01 -2.1191226551309228e-09 -2.1200321498326957e-09 -4.2391548049636185e-09
832 8.1201171875000000e-01 -2.1091182134114206e-09 -2.1091182134114206e-09 -4.2182364268228412e-09
833 8.1298828125000000e-01 -2.0982042769901454e-09 -2.0982042769901454e-09 -4.1964085539802909e-09
834 8.1396484375000000e-01 -2.0909283193759620e-09 -2.0909283193759620e-09 -4.1818566387519240e-09
835 8.1494140625000000e-01 -2.0800143829546869e-09 -2.0800143829546869e-09 -4.1600287659093738e-09
836 8.1591796875000000e-01 -2.0709194359369576e-09 -2.0709194359369576e-09 -4.1418388718739152e-09
837 8.1689453125000000e-01 -2.0618244889192283e-09 -2.0609149942174554e-09 -4.1227394831366837e-09
838 8.1787109375000000e-01 -2.0527295419014990e-09 -2.0518200471997261e-09 -4.1045495891012251e-09
839 8.1884765625000000e-01 -2.0427251001819968e-09 -2.0418156054802239e-09 -4.0845407056622207e-09
840 8.1982421875000000e-01 -2.0318111637607217e-09 -2.0318111637607217e-09 -4.0636223275214434e-09
841 8.2080078125000000e-01 -2.0218067220412195e-09 -2.0208972273394465e-09 -4.0427039493806660e-09
842 8.2177734375000000e-01 -2.0127117750234902e-09 -2.0118022803217173e-09 -4.0245140553452075e-09
843 8.2275390625000000e-01 -2.0008883439004421e-09 -2.0017978386022151e-09 -4.0026861825026572e-09
844 8.2373046875000000e-01 -1.9936123862862587e-09 -1.9927028915844858e-09 -3.9863152778707445e-09
845 8.2470703125000000e-01 -1.9817889551632106e-09 -1.9826984498649836e-09 -3.9644874050281942e-09
846 8.2568359375000000e-01 -1.9726940081454813e-09 -1.9736035028472543e-09 -3.9462975109927356e-09
847 8.2666015625000000e-01 -1.9626895664259791e-09 -1.9635990611277521e-09 -3.9262886275537312e-09
848 8.2763671875000000e-01 -1.9517756300047040e-09 -1.9517756300047040e-09 -3.9035512600094080e-09
849 8.2861328125000000e-01 -1.9435901776887476e-09 -1.9435901776887476e-09 -3.8871803553774953e-09
850 8.2958984375000000e-01 -1.9326762412674725e-09 -1.9326762412674725e-09 -3.8653524825349450e-09
851 8.3056640625000000e-01 -1.9226717995479703e-09 -1.9226717995479703e-09 -3.8453435990959406e-09
852 8.3154296875000000e-01 -1.9117578631266952e-09 -1.9126673578284681e-09 -3.8244252209551632e-09
853 8.3251953125000000e-01 -1.9035724108107388e-09 -1.9035724108107388e-09 -3.8071448216214776e-09
854 8.3349609375000000e-01 -1.8917489796876907e-09 -1.8917489796876907e-09 -3.7834979593753815e-09
855 8.3447265625000000e-01 -1.8826540326699615e-09 -1.8826540326699615e-09 -3.7653080653399229e-09
856 8.3544921875000000e-01 -1.8717400962486863e-09 -1.8717400962486863e-09 -3.7434801924973726e-09
857 8.3642578125000000e-01 -1.8617356545291841e-09 -1.8626451492309570e-09 -3.7243808037601411e-09
858 8.3740234375000000e-01 -1.8526407075114548e-09 -1.8526407075114548e-09 -3.7052814150229096e-09
859 8.3837890625000000e-01 -1.8426362657919526e-09 -1.8426362657919526e-09 -3.6852725315839052e-09
860 8.3935546875000000e-01 -1.8317223293706775e-09 -1.8317223293706775e-09 -3.6634446587413549e-09
861 8.4033203125000000e-01 -1.8226273823529482e-09 -1.8217178876511753e-09 -3.6443452700041234e-09
862 8.4130859375000000e-01 -1.8117134459316730e-09 -1.8108039512299001e-09 -3.6225173971615732e-09
863 8.4228515625000000e-01 -1.8017090042121708e-09 -1.8017090042121708e-09 -3.6034180084243417e-09
864 8.4326171875000000e-01 -1.7898855730891228e-09 -1.7898855730891228e-09 -3.5797711461782455e-09
865 8.4423828125000000e-01 -1.7807906260713935e-09 -1.7807906260713935e-09 -3.5615812521427870e-09
866 8.4521484375000000e-01 -1.7707861843518913e-09 -1.7698766896501184e-09 -3.5406628740020096e-09
867 8.4619140625000000e-01 -1.7598722479306161e-09 -1.7598722479306161e-09 -3.5197444958612323e-09
868 8.4716796875000000e-01 -1.7498678062111139e-09 -1.7498678062111139e-09 -3.4997356124222279e-09
869 8.4814453125000000e-01 -1.7398633644916117e-09 -1.7398633644916117e-09 -3.4797267289832234e-09
870 8.4912109375000000e-01 -1.7289494280703366e-09 -1.7298589227721095e-09 -3.4588083508424461e-09
871 8.5009765625000000e-01 -1.7189449863508344e-09 -1.7198544810526073e-09 -3.4387994674034417e-09
872 8.5107421875000000e-01 -1.7089405446313322e-09 -1.7080310499295592e-09 -3.4169715945608914e-09
873 8.5205078125000000e-01 -1.6971171135082841e-09 -1.6980266082100570e-09 -3.3951437217183411e-09
874 8.5302734375000000e-01 -1.6871126717887819e-09 -1.6871126717887819e-09 -3.3742253435775638e-09
875 8.5400390625000000e-01 -1.6771082300692797e-09 -1.6780177247710526e-09 -3.3551259548403323e-09
876 8.5498046875000000e-01 -1.6661942936480045e-09 -1.6671037883497775e-09 -3.3332980819977820e-09
877 8.5595703125000000e-01 -1.6561898519285023e-09 -1.6561898519285023e-09 -3.3123797038570046e-09
878 8.5693359375000000e-01 -1.6452759155072272e-09 -1.6452759155072272e-09 -3.2905518310144544e-09
879 8.5791015625000000e-01 -1.6361809684894979e-09 -1.6352714737877250e-09 -3.2714524422772229e-09
880 8.5888671875000000e-01 -1.6252670320682228e-09 -1.6252670320682228e-09 -3.2505340641364455e-09
881 8.5986328125000000e-01 -1.6152625903487206e-09 -1.6152625903487206e-09 -3.2305251806974411e-09
882 8.6083984375000000e-01 -1.6043486539274454e-09 -1.6043486539274454e-09 -3.2086973078548908e-09
883 8.6181640625000000e-01 -1.5934347175061703e-09 -1.5934347175061703e-09 -3.1868694350123405e-09
884 8.6279296875000000e-01 -1.5834302757866681e-09 -1.5825207810848951e-09 -3.1659510568715632e-09
885 8.6376953125000000e-01 -1.5716068446636200e-09 -1.5716068446636200e-09 -3.1432136893272400e-09
886 8.6474609375000000e-01 -1.5620571502950042e-09 -1.5616024029441178e-09 -3.1236595532391220e-09
887 8.6572265625000000e-01 -1.5497789718210697e-09 -1.5502337191719562e-09 -3.1000126909930259e-09
888 8.6669921875000000e-01 -1.5406840248033404e-09 -1.5406840248033404e-09 -3.0813680496066809e-09
889 8.6767578125000000e-01 -1.5297700883820653e-09 -1.5293153410311788e-09 -3.0590854294132441e-09
890 8.6865234375000000e-01 -1.5184014046099037e-09 -1.5193108993116766e-09 -3.0377123039215803e-09
891 8.6962890625000000e-01 -1.5083969628904015e-09 -1.5093064575921744e-09 -3.0177034204825759e-09
892 8.7060546875000000e-01 -1.4974830264691263e-09 -1.4970282791182399e-09 -2.9945113055873662e-09
893 8.7158203125000000e-01 -1.4870238373987377e-09 -1.4874785847496241e-09 -2.9745024221483618e-09
894 8.7255859375000000e-01 -1.4761099009774625e-09 -1.4765646483283490e-09 -2.9526745493058115e-09
895 8.7353515625000000e-01 -1.4651959645561874e-09 -1.4661054592579603e-09 -2.9313014238141477e-09
896 8.7451171875000000e-01 -1.4547367754857987e-09 -1.4547367754857987e-09 -2.9094735509715974e-09
897 8.7548828125000000e-01 -1.4442775864154100e-09 -1.4442775864154100e-09 -2.8885551728308201e-09
898 8.7646484375000000e-01 -1.4333636499941349e-09 -1.4329089026432484e-09 -2.8662725526373833e-09
899 8.7744140625000000e-01 -1.4224497135728598e-09 -1.4229044609237462e-09 -2.8453541744966060e-09
900 8.7841796875000000e-01 -1.4119905245024711e-09 -1.4115357771515846e-09 -2.8235263016540557e-09
901 8.7939453125000000e-01 -1.4015313354320824e-09 -1.4015313354320824e-09 -2.8030626708641648e-09
902 8.8037109375000000e-01 -1.3906173990108073e-09 -1.3906173990108073e-09 -2.7812347980216146e-09
903 8.8134765625000000e-01 -1.3792487152386457e-09 -1.3792487152386457e-09 -2.7584974304772913e-09
904 8.8232421875000000e-01 -1.3687895261682570e-09 -1.3687895261682570e-09 -2.7375790523365140e-09
905 8.8330078125000000e-01 -1.3583303370978683e-09 -1.3578755897469819e-09 -2.7162059268448502e-09
906 8.8427734375000000e-01 -1.3474164006765932e-09 -1.3474164006765932e-09 -2.6948328013531864e-09
907 8.8525390625000000e-01 -1.3360477169044316e-09 -1.3355929695535451e-09 -2.6716406864579767e-09
908 8.8623046875000000e-01 -1.3246790331322700e-09 -1.3251337804831564e-09 -2.6498128136154264e-09
909 8.8720703125000000e-01 -1.3146745914127678e-09 -1.3142198440618813e-09 -2.6288944354746491e-09
910 8.8818359375000000e-01 -1.3033059076406062e-09 -1.3037606549914926e-09 -2.6070665626320988e-09
911 8.8916015625000000e-01 -1.2928467185702175e-09 -1.2928467185702175e-09 -2.5856934371404350e-09
912 8.9013671875000000e-01 -1.2814780347980559e-09 -1.2819327821489424e-09 -2.5634108169469982e-09
913 8.9111328125000000e-01 -1.2710188457276672e-09 -1.2710188457276672e-09 -2.5420376914553344e-09
914 8.9208984375000000e-01 -1.2591954146046191e-09 -1.2591954146046191e-09 -2.5183908292092383e-09
915 8.9306640625000000e-01 -1.2487362255342305e-09 -1.2487362255342305e-09 -2.4974724510684609e-09
916 8.9404296875000000e-01 -1.2382770364638418e-09 -1.2382770364638418e-09 -2.4765540729276836e-09
917 8.9501953125000000e-01 -1.2264536053407937e-09 -1.2264536053407937e-09 -2.4529072106815875e-09
918 8.9599609375000000e-01 -1.2159944162704051e-09 -1.2159944162704051e-09 -2.4319888325408101e-09
919 8.9697265625000000e-01 -1.2050804798491299e-09 -1.2050804798491299e-09 -2.4101609596982598e-09
920 8.9794921875000000e-01 -1.1941665434278548e-09 -1.1941665434278548e-09 -2.3883330868557096e-09
921 8.9892578125000000e-01 -1.1827978596556932e-09 -1.1832526070065796e-09 -2.3660504666622728e-09
922 8.9990234375000000e-01 -1.1714291758835316e-09 -1.1714291758835316e-09 -2.3428583517670631e-09
923 9.0087890625000000e-01 -1.1609699868131429e-09 -1.1605152394622564e-09 -2.3214852262753993e-09
924 9.0185546875000000e-01 -1.1496013030409813e-09 -1.1496013030409813e-09 -2.2992026060819626e-09
925 9.0283203125000000e-01 -1.1386873666197062e-09 -1.1382326192688197e-09 -2.2769199858885258e-09
926 9.0380859375000000e-01 -1.1268639354966581e-09 -1.1273186828475446e-09 -2.2541826183442026e-09
927 9.0478515625000000e-01 -1.1164047464262694e-09 -1.1164047464262694e-09 -2.2328094928525388e-09
928 9.0576171875000000e-01 -1.1050360626541078e-09 -1.1050360626541078e-09 -2.2100721253082156e-09
929 9.0673828125000000e-01 -1.0945768735837191e-09 -1.0945768735837191e-09 -2.1891537471674383e-09
930 9.0771484375000000e-01 -1.0832081898115575e-09 -1.0836629371624440e-09 -2.1668711269740015e-09
931 9.0869140625000000e-01 -1.0713847586885095e-09 -1.0713847586885095e-09 -2.1427695173770189e-09
932 9.0966796875000000e-01 -1.0604708222672343e-09 -1.0604708222672343e-09 -2.1209416445344687e-09
933 9.1064453125000000e-01 -1.0495568858459592e-09 -1.0495568858459592e-09 -2.0991137716919184e-09
934 9.1162109375000000e-01 -1.0390976967755705e-09 -1.0386429494246840e-09 -2.0777406462002546e-09
935 9.1259765625000000e-01 -1.0281837603542954e-09 -1.0277290130034089e-09 -2.0559127733577043e-09
936 9.1357421875000000e-01 -1.0159055818803608e-09 -1.0159055818803608e-09 -2.0318111637607217e-09
937 9.1455078125000000e-01 -1.0049916454590857e-09 -1.0049916454590857e-09 -2.0099832909181714e-09
938 9.1552734375000000e-01 -9.9362296168692410e-10 -9.9362296168692410e-10 -1.9872459233738482e-09
939 9.1650390625000000e-01 -9.8134478321298957e-10 -9.8179953056387603e-10 -1.9631443137768656e-09
940 9.1748046875000000e-01 -9.7088559414260089e-10 -9.7088559414260089e-10 -1.9417711882852018e-09
941 9.1845703125000000e-01 -9.6088115242309868e-10 -9.6088115242309868e-10 -1.9217623048461974e-09
942 9.1943359375000000e-01 -9.4814822659827769e-10 -9.4814822659827769e-10 -1.8962964531965554e-09
943 9.2041015625000000e-01 -9.3768903752788901e-10 -9.3768903752788901e-10 -1.8753780750557780e-09
944 9.2138671875000000e-01 -9.2586560640484095e-10 -9.2586560640484095e-10 -1.8517312128096819e-09
945 9.2236328125000000e-01 -9.1495166998356581e-10 -9.1495166998356581e-10 -1.8299033399671316e-09
946 9.2333984375000000e-01 -9.0358298621140420e-10 -9.0358298621140420e-10 -1.8071659724228084e-09
947 9.2431640625000000e-01 -8.9221430243924260e-10 -8.9175955508835614e-10 -1.7839738575275987e-09
948 9.2529296875000000e-01 -8.8130036601796746e-10 -8.8084561866708100e-10 -1.7621459846850485e-09
949 9.2626953125000000e-01 -8.6947693489491940e-10 -8.6947693489491940e-10 -1.7389538697898388e-09
950 9.2724609375000000e-01 -8.5810825112275779e-10 -8.5810825112275779e-10 -1.7162165022455156e-09
951 9.2822265625000000e-01 -8.4673956735059619e-10 -8.4673956735059619e-10 -1.6934791347011924e-09
952 9.2919921875000000e-01 -8.3628037828020751e-10 -8.3582563092932105e-10 -1.6721060092095286e-09
953 9.3017578125000000e-01 -8.2491169450804591e-10 -8.2491169450804591e-10 -1.6498233890160918e-09
954 9.3115234375000000e-01 -8.1263351603411138e-10 -8.1217876868322492e-10 -1.6248122847173363e-09
955 9.3212890625000000e-01 -8.0171957961283624e-10 -8.0126483226194978e-10 -1.6029844118747860e-09
956 9.3310546875000000e-01 -7.9035089584067464e-10 -7.9035089584067464e-10 -1.5807017916813493e-09
957 9.3408203125000000e-01 -7.7920958574395627e-10 -7.7898221206851304e-10 -1.5581917978124693e-09
958 9.3505859375000000e-01 -7.6738615462090820e-10 -7.6761352829635143e-10 -1.5349996829172596e-09
959 9.3603515625000000e-01 -7.5647221819963306e-10 -7.5624484452418983e-10 -1.5127170627238229e-09
960 9.3701171875000000e-01 -7.4487616075202823e-10 -7.4487616075202823e-10 -1.4897523215040565e-09
961 9.3798828125000000e-01 -7.3328010330442339e-10 -7.3328010330442339e-10 -1.4665602066088468e-09
962 9.3896484375000000e-01 -7.2191141953226179e-10 -7.2145667218137532e-10 -1.4433680917136371e-09
963 9.3994140625000000e-01 -7.1077010943554342e-10 -7.1054273576010019e-10 -1.4213128451956436e-09
964 9.4091796875000000e-01 -6.9917405198793858e-10 -6.9917405198793858e-10 -1.3983481039758772e-09
965 9.4189453125000000e-01 -6.8757799454033375e-10 -6.8780536821577698e-10 -1.3753833627561107e-09
966 9.4287109375000000e-01 -6.7666405811905861e-10 -6.7666405811905861e-10 -1.3533281162381172e-09
967 9.4384765625000000e-01 -6.6484062699601054e-10 -6.6506800067145377e-10 -1.3299086276674643e-09
968 9.4482421875000000e-01 -6.5369931689929217e-10 -6.5347194322384894e-10 -1.3071712601231411e-09
969 9.4580078125000000e-01 -6.4187588577624410e-10 -6.4164851210080087e-10 -1.2835243978770450e-09
970 9.4677734375000000e-01 -6.3073457567952573e-10 -6.3073457567952573e-10 -1.2614691513590515e-09
971 9.4775390625000000e-01 -6.1891114455647767e-10 -6.1891114455647767e-10 -1.2378222891129553e-09
972 9.4873046875000000e-01 -6.0754246078431606e-10 -6.0754246078431606e-10 -1.2150849215686321e-09
973 9.4970703125000000e-01 -5.9617377701215446e-10 -5.9617377701215446e-10 -1.1923475540243089e-09
974 9.5068359375000000e-01 -5.8480509323999286e-10 -5.8480509323999286e-10 -1.1696101864799857e-09
975 9.5166015625000000e-01 -5.7320903579238802e-10 -5.7320903579238802e-10 -1.1464180715847760e-09
976 9.5263671875000000e-01 -5.6138560466933995e-10 -5.6138560466933995e-10 -1.1227712093386799e-09
977 9.5361328125000000e-01 -5.5024429457262158e-10 -5.5047166824806482e-10 -1.1007159628206864e-09
978 9.5458984375000000e-01 -5.3842086344957352e-10 -5.3842086344957352e-10 -1.0768417268991470e-09
979 9.5556640625000000e-01 -5.2727955335285515e-10 -5.2727955335285515e-10 -1.0545591067057103e-09
980 9.5654296875000000e-01 -5.1545612222980708e-10 -5.1545612222980708e-10 -1.0309122444596142e-09
981 9.5751953125000000e-01 -5.0431481213308871e-10 -5.0408743845764548e-10 -1.0084022505907342e-09
982 9.5849609375000000e-01 -4.9249138101004064e-10 -4.9271875468548387e-10 -9.8521013569552451e-10
983 9.5947265625000000e-01 -4.8135007091332227e-10 -4.8112269723787904e-10 -9.6247276815120131e-10
984 9.6044921875000000e-01 -4.6907189243938774e-10 -4.6907189243938774e-10 -9.3814378487877548e-10
985 9.6142578125000000e-01 -4.5838532969355583e-10 -4.5838532969355583e-10 -9.1677065938711166e-10
986 9.6240234375000000e-01 -4.4656189857050776e-10 -4.4633452489506453e-10 -8.9289642346557230e-10
987 9.6337890625000000e-01 -4.3473846744745970e-10 -4.3451109377201647e-10 -8.6924956121947616e-10
988 9.6435546875000000e-01 -4.2336978367529809e-10 -4.2336978367529809e-10 -8.4673956735059619e-10
989 9.6533203125000000e-01 -4.1177372622769326e-10 -4.1177372622769326e-10 -8.2354745245538652e-10
990 9.6630859375000000e-01 -4.0017766878008842e-10 -3.9995029510464519e-10 -8.0012796388473362e-10
991 9.6728515625000000e-01 -3.8858161133248359e-10 -3.8858161133248359e-10 -7.7716322266496718e-10
992 9.6826171875000000e-01 -3.7732661439804360e-10 -3.7744030123576522e-10 -7.5476691563380882e-10
993 9.6923828125000000e-01 -3.6561687011271715e-10 -3.6561687011271715e-10 -7.3123374022543430e-10
994 9.7021484375000000e-01 -3.5402081266511232e-10 -3.5402081266511232e-10 -7.0804162533022463e-10
995 9.7119140625000000e-01 -3.4231106837978587e-10 -3.4231106837978587e-10 -6.8462213675957173e-10
996 9.7216796875000000e-01 -3.3105607144534588e-10 -3.3105607144534588e-10 -6.6211214289069176e-10
997 9.7314453125000000e-01 -3.1911895348457620e-10 -3.1911895348457620e-10 -6.3823790696915239e-10
998 9.7412109375000000e-01 -3.0752289603697136e-10 -3.0752289603697136e-10 -6.1504579207394272e-10
999 9.7509765625000000e-01 -2.9626789910253137e-10 -2.9638158594025299e-10 -5.9264948504278436e-10
1000 9.7607421875000000e-01 -2.8467184165492654e-10 -2.8467184165492654e-10 -5.6934368330985308e-10
1001 9.7705078125000000e-01 -2.7284841053187847e-10 -2.7284841053187847e-10 -5.4569682106375694e-10
1002 9.7802734375000000e-01 -2.6113866624655202e-10 -2.6113866624655202e-10 -5.2227733249310404e-10
1003 9.7900390625000000e-01 -2.4988366931211203e-10 -2.4999735614983365e-10 -4.9988102546194568e-10
1004 9.7998046875000000e-01 -2.3806023818906397e-10 -2.3817392502678558e-10 -4.7623416321584955e-10
1005 9.8095703125000000e-01 -2.2646418074145913e-10 -2.2646418074145913e-10 -4.5292836148291826e-10
1006 9.8193359375000000e-01 -2.1475443645613268e-10 -2.1464074961841106e-10 -4.2939518607454374e-10
1007 9.8291015625000000e-01 -2.0338575268397108e-10 -2.0349943952169269e-10 -4.0688519220566377e-10
1008 9.8388671875000000e-01 -1.9167600839864463e-10 -1.9161916497978382e-10 -3.8329517337842844e-10
1009 9.8486328125000000e-01 -1.7985257727559656e-10 -1.7996626411331818e-10 -3.5981884138891473e-10
1010 9.8583984375000000e-01 -1.6876811059773900e-10 -1.6871126717887819e-10 -3.3747937777661718e-10
1011 9.8681640625000000e-01 -1.5688783605583012e-10 -1.5688783605583012e-10 -3.1377567211166024e-10
1012 9.8779296875000000e-01 -1.4517809177050367e-10 -1.4523493518936448e-10 -2.9041302695986815e-10
1013 9.8876953125000000e-01 -1.3341150406631641e-10 -1.3341150406631641e-10 -2.6682300813263282e-10
1014 9.8974609375000000e-01 -1.2221335055073723e-10 -1.2221335055073723e-10 -2.4442670110147446e-10
1015 9.9072265625000000e-01 -1.1033307600882836e-10 -1.1038991942768916e-10 -2.2072299543651752e-10
1016 9.9169921875000000e-01 -9.8737018561223522e-11 -9.8793861980084330e-11 -1.9753088054130785e-10
1017 9.9267578125000000e-01 -8.6998852566466667e-11 -8.6998852566466667e-11 -1.7399770513293333e-10
1018 9.9365234375000000e-01 -7.5772277341457084e-11 -7.5772277341457084e-11 -1.5154455468291417e-10
1019 9.9462890625000000e-01 -6.3892002799548209e-11 -6.3920424508978613e-11 -1.2781242730852682e-10
1020 9.9560546875000000e-01 -5.2068571676500142e-11 -5.2040149967069738e-11 -1.0410872164356988e-10
1021 9.9658203125000000e-01 -4.0913050725066569e-11 -4.0913050725066569e-11 -8.1826101450133137e-11
1022 9.9755859375000000e-01 -2.9046987037872896e-11 -2.9046987037872896e-11 -5.8093974075745791e-11
1023 9.9853515625000000e-01 -1.7436718735552859e-11 -1.7436718735552859e-11 -3.4873437471105717e-11
1024 9.9951171875000000e-01 2.4396304834084503e-06 2.4396304851848072e-06 4.8792609685932575e-06
