# P x u_num u_exact u_err v_num v_exact v_err psi_num psi_exact psi_err
1 0.0009765625 0.00112863731130933 0.00112863821949807 -9.081887403575295e-10 0.001128637310655028 0.00112863821949807 -9.088430429245176e-10 0.002257274621964358 0.002257276438996141 -1.817031783282047e-09
2 0.0029296875 0.003385880064390616 0.003385872165903157 7.898487459131326e-09 0.003385880062470342 0.003385872165903157 7.896567185729231e-09 0.006771760126860957 0.006771744331806313 1.579505464442688e-08
3 0.0048828125 0.005642995340841166 0.005642978636134898 1.670470626755072e-08 0.005642995342619908 0.005642978636134898 1.67064850096349e-08 0.01128599068346107 0.0112859572722698 3.341119127718561e-08
4 0.0068359375 0.00789989816154619 0.007899872651410416 2.551013577462014e-08 0.007899898158210725 0.007899872651410416 2.550680030903585e-08 0.01579979631975691 0.01579974530282083 5.101693608192126e-08
5 0.0087890625 0.01015650355538972 0.01015646924094563 3.431444408653894e-08 0.01015650355678937 0.01015646924094563 3.431584373603247e-08 0.02031300711217909 0.02031293848189126 6.863028782430614e-08
6 0.0107421875 0.01241272656245374 0.01241268344515438 4.311729935244091e-08 0.01241272656069694 0.01241268344515438 4.311554255113925e-08 0.02482545312315067 0.02482536689030877 8.623284190531488e-08
7 0.0126953125 0.01466848223721687 0.01466843031884711 5.191836976656261e-08 0.01466848223721031 0.01466843031884711 5.191836320236898e-08 0.02933696447442719 0.02933686063769422 1.038367329689316e-07
8 0.0146484375 0.01692368565175257 0.01692362493442895 6.07173236168157e-08 0.01692368565883865 0.01692362493442895 6.07244096985371e-08 0.03384737131059122 0.03384724986885791 1.214417333153528e-07
9 0.0166015625 0.01917825189892652 0.01917818238509729 6.951382922754101e-08 0.01917825190159141 0.01917818238509729 6.95164941166837e-08 0.03835650380051793 0.03835636477019459 1.390303233442247e-07
10 0.0185546875 0.02143209609559347 0.02143201778803838 7.830755508961285e-08 0.02143209610141059 0.02143201778803838 7.831337221070322e-08 0.04286419219700406 0.04286403557607676 1.566209272968466e-07
11 0.0205078125 0.02368513338579289 0.02368504628762318 8.709816970778328e-08 0.02368513338887724 0.02368504628762318 8.710125406000135e-08 0.04737026677467013 0.04737009257524637 1.741994237677846e-07
12 0.0224609375 0.02593727894394392 0.02593718305860209 9.588534183660458e-08 0.02593727894023909 0.02593718305860209 9.588163699808527e-08 0.05187455788418301 0.05187436611720418 1.917669788312204e-07
13 0.0244140625 0.02818844797803881 0.0281883433092986 1.046687402098123e-07 0.02818844797804612 0.0281883433092986 1.04668747519937e-07 0.05637689595608493 0.0563766866185972 2.093374877262799e-07
14 0.0263671875 0.03043855573283544 0.03043844228480163 1.134480338109423e-07 0.03043855574554157 0.03043844228480163 1.134607399352894e-07 0.060877111478377 0.06087688456960326 2.269087737427622e-07
15 0.0283203125 0.03268751749304825 0.03268739527015652 1.22222891731083e-07 0.03268751749759229 0.03268739527015652 1.222274357698394e-07 0.06537503499064054 0.06537479054031303 2.444503275078613e-07
16 0.0302734375 0.03493524858653775 0.03493511759355446 1.309929832868373e-07 0.03493524859604387 0.03493511759355446 1.310024894049522e-07 0.06987049718258162 0.06987023518710893 2.619954726917895e-07
17 0.0322265625 0.03718166438749827 0.03718152462952043 1.3975797784338e-07 0.03718166439235873 0.03718152462952043 1.397628383026372e-07 0.074363328779857 0.07436304925904086 2.795208161460172e-07
18 0.0341796875 0.03942668031964428 0.03942653180209918 1.485175451024223e-07 0.03942668031402705 0.03942653180209918 1.485119278665792e-07 0.07885336063367132 0.07885306360419836 2.970294729620626e-07
19 0.0361328125 0.04167021185939445 0.04167005458803954 1.572713549113924e-07 0.04167021185943718 0.04167005458803954 1.572713976411011e-07 0.08334042371883163 0.08334010917607908 3.145427525524935e-07
20 0.0380859375 0.043912174539054 0.04391200851997667 1.660190773328241e-07 0.04391217455737029 0.04391200851997667 1.66037393618812e-07 0.08782434909642428 0.08782401703995334 3.320564709446971e-07
21 0.0400390625 0.04615248394999485 0.0461523091896122 1.747603826582345e-07 0.04615248395643267 0.0461523091896122 1.747668204737929e-07 0.09230496790642753 0.09230461837922439 3.495272031389662e-07
22 0.0419921875 0.0483910557458336 0.04839087225089213 1.834949414705744e-07 0.04839105575901497 0.04839087225089213 1.835081228432345e-07 0.09678211150484857 0.09678174450178426 3.670030643138089e-07
23 0.0439453125 0.05062780564560697 0.05062761342318243 1.922224245401449e-07 0.05062780565223081 0.05062761342318243 1.9222904838051e-07 0.1012556112978378 0.1012552268463649 3.84451472920655e-07
24 0.0458984375 0.05286264943694513 0.05286244849444221 2.009425029217415e-07 0.05286264942940257 0.05286244849444221 2.009349603648847e-07 0.1057252988663477 0.1057248969888844 4.018774632935651e-07
25 0.0478515625 0.05509550297924214 0.05509529332439413 2.096548480032268e-07 0.05509550297929245 0.05509529332439413 2.096548983171465e-07 0.1101910059585346 0.1101905866487883 4.193097463273121e-07
26 0.0498046875 0.05732628220682379 0.05732606384769239 2.183591314014466e-07 0.05732628223073579 0.05732606384769239 2.183830433988287e-07 0.1146525644375596 0.1146521276953848 4.367421748002753e-07
27 0.0517578125 0.0595549031321126 0.05955467607708759 2.270550250038639e-07 0.05955490314040023 0.05955467607708759 2.270633126313926e-07 0.1191098062725128 0.1191093521541752 4.541183376421953e-07
28 0.0537109375 0.06178128184879014 0.06178104610658895 2.357422011975419e-07 0.06178128186560761 0.06178104610658895 2.357590186616298e-07 0.1235625637143977 0.1235620922131779 4.715012198591717e-07
29 0.0556640625 0.06400533453495565 0.06400509011462317 2.444203324736272e-07 0.06400533454333558 0.06400509011462317 2.444287124092615e-07 0.1280106690782912 0.1280101802292463 4.888490448828886e-07
30 0.0576171875 0.06622697745628214 0.0662267243671904 2.530890917396e-07 0.06622697744684403 0.0662267243671904 2.530796536226454e-07 0.1324539549031262 0.1324534487343808 5.061687453622454e-07
31 0.0595703125 0.06844612696916903 0.0684458652210167 2.617481523331522e-07 0.06844612696923387 0.0684458652210167 2.617482171701768e-07 0.1368922539384029 0.1368917304420334 5.23496369503329e-07
32 0.0615234375 0.07066269952389109 0.07066242912670319 2.703971879042255e-07 0.07066269955334557 0.07066242912670319 2.704266423847468e-07 0.1413253990772367 0.1413248582534064 5.408238303028501e-07
33 0.0634765625 0.07287661166774406 0.07287633263187161 2.790358724497066e-07 0.07287661167786781 0.07287633263187161 2.790459961987679e-07 0.1457532233456119 0.1457526652637432 5.580818686345967e-07
34 0.0654296875 0.07508778004818679 0.07508749238430634 2.876638804522047e-07 0.07508778006861992 0.07508749238430634 2.87684313579617e-07 0.1501755601168067 0.1501749847686127 5.753481940318217e-07
35 0.0673828125 0.07729612141597912 0.07729582513509241 2.96280886713518e-07 0.07729612142611078 0.07729582513509241 2.962910183729184e-07 0.1545922428420899 0.1545916502701848 5.925719050725586e-07
36 0.0693359375 0.07950155262831643 0.07950124774174992 3.048865665072897e-07 0.07950155261694865 0.07950124774174992 3.048751987255738e-07 0.1590031052452651 0.1590024954834998 6.097617652189857e-07
37 0.0712890625 0.08170399065195967 0.08170367717136423 3.134805954402298e-07 0.08170399065204506 0.08170367717136423 3.134806808302582e-07 0.1634079813040047 0.1634073543427285 6.269612762843657e-07
38 0.0732421875 0.08390335256636189 0.08390303050371216 3.220626497296708e-07 0.08390335260134615 0.08390303050371216 3.220976339951553e-07 0.167806705167708 0.1678060610074243 6.441602837248261e-07
39 0.0751953125 0.08609955556678955 0.08609922493438381 3.306324057456012e-07 0.08609955557876411 0.08609922493438381 3.306443803058334e-07 0.1721991111455537 0.1721984498687676 6.612767860514346e-07
40 0.0771484375 0.08829251696744088 0.08829217777790015 3.391895407323098e-07 0.08829251699145256 0.08829217777790015 3.392135524138418e-07 0.1765850339588934 0.1765843555558003 6.784030931461515e-07
41 0.0791015625 0.09048215420455803 0.09048180647082608 3.477337319479634e-07 0.09048215421643492 0.09048180647082608 3.477456088363251e-07 0.180964308420993 0.1809636129416522 6.954793407842885e-07
42 0.0810546875 0.09266838483953641 0.09266802857487894 3.562646574695183e-07 0.09266838482629113 0.09266802857487894 3.562514121896454e-07 0.1853367696658275 0.1853360571497579 7.125160696452859e-07
43 0.0830078125 0.09485112656202811 0.0948507617800321 3.647819960123089e-07 0.09485112656215294 0.0948507617800321 3.647821208430102e-07 0.189702253124181 0.1897015235600642 7.295641168414413e-07
44 0.0849609375 0.09703029719304046 0.09702992390761413 3.73285426333303e-07 0.09703029723348289 0.09702992390761413 3.733258687604879e-07 0.1940605944265233 0.1940598478152283 7.466112950937909e-07
45 0.0869140625 0.09920581468803051 0.09920543291340257 3.81774627938869e-07 0.09920581470180896 0.09920543291340257 3.817884063894716e-07 0.1984116293898395 0.1984108658268051 7.635630343283406e-07
46 0.0888671875 0.1013775971399941 0.101377206890713 3.902492810986535e-07 0.101377597167619 0.101377206890713 3.90276906014897e-07 0.202755194307613 0.2027544137814259 7.805261870996727e-07
47 0.0908203125 0.1035455627825488 0.1035451640734825 3.98709066304348e-07 0.1035455627961311 0.1035451640734825 3.987226485507867e-07 0.2070911255786799 0.2070903281469651 7.974317148551346e-07
48 0.0927734375 0.1057096299930134 0.1057092228393487 4.071536646998997e-07 0.1057096299779199 0.1057092228393487 4.071385711762465e-07 0.2114192599709333 0.2114184456786974 8.142922358622684e-07
49 0.0947265625 0.1078697172954802 0.1078693017127221 4.155827580953897e-07 0.1078697172956285 0.1078693017127221 4.155829063795524e-07 0.2157394345911087 0.2157386034254442 8.311656644888199e-07
50 0.0966796875 0.1100257433638827 0.110025319367854 4.23996028772744e-07 0.1100257434097704 0.110025319367854 4.240419164414089e-07 0.2200514867736532 0.2200506387357079 8.480379452280307e-07
51 0.0986328125 0.1121776270250579 0.1121771946318982 4.323931597632891e-07 0.1121776270406527 0.1121771946318982 4.324087544971267e-07 0.2243552540657106 0.2243543892637964 8.64801914246538e-07
52 0.1005859375 0.1143252872618019 0.1143248464879673 4.407738346118295e-07 0.1143252872929013 0.1143248464879673 4.408049339710285e-07 0.2286505745547032 0.2286496929759347 8.815787685689802e-07
53 0.1025390625 0.1164686432159202 0.1164681940781829 4.491377373072591e-07 0.116468643231196 0.1164681940781829 4.491530131850441e-07 0.2329372864471162 0.2329363881563657 8.982907504784254e-07
54 0.1044921875 0.1186076141912723 0.1186071567067195 4.574845528376725e-07 0.1186076141743305 0.1186071567067195 4.57467611014728e-07 0.2372152283656028 0.2372143134134389 9.149521638662783e-07
55 0.1064453125 0.1207421196568096 0.120741653842843 4.658139665658645e-07 0.1207421196569538 0.120741653842843 4.658141107560798e-07 0.2414842393137634 0.2414833076856861 9.316280773219443e-07
56 0.1083984375 0.1228720792496075 0.1228716051239429 4.741256645207637e-07 0.1228720793008562 0.1228716051239429 4.741769132621254e-07 0.2457441585504637 0.2457432102478859 9.483025777967669e-07
57 0.1103515625 0.1249974127778908 0.1249969303585572 4.824193335500881e-07 0.1249974127952551 0.1249969303585572 4.824366978961603e-07 0.2499948255731459 0.2499938607171144 9.648560314601262e-07
58 0.1123046875 0.1271180402240532 0.1271175495293921 4.906946611260565e-07 0.1271180402586373 0.1271175495293921 4.907292452394074e-07 0.2542360804826905 0.2542350990587841 9.814239063654639e-07
59 0.1142578125 0.1292338817476695 0.1292333827963342 4.989513352759989e-07 0.1292338817645846 0.1292333827963342 4.989682503564463e-07 0.2584677635122541 0.2584667655926685 9.979195856324452e-07
60 0.1162109375 0.131344857688502 0.1313443504994571 5.071890449015459e-07 0.1313448576697508 0.1313443504994571 5.071702937065048e-07 0.2626897153582528 0.2626887009989142 1.014359338580295e-06
61 0.1181640625 0.1334508885694994 0.1334503731620199 5.154074795010732e-07 0.1334508885696568 0.1334503731620199 5.154076369029426e-07 0.2669017771391561 0.2669007463240397 1.03081511637626e-06
62 0.1201171875 0.1355518950997888 0.1355513714934595 5.236063293778681e-07 0.1355518951563164 0.1355513714934595 5.236628568827673e-07 0.2711037902561052 0.2711027429869189 1.047269186260635e-06
63 0.1220703125 0.137647798177662 0.1376472663923763 5.317852857233962e-07 0.1376477981968324 0.1376472663923763 5.318044560831403e-07 0.2752955963744944 0.2752945327847526 1.063589741778781e-06
64 0.1240234375 0.1397385188935521 0.139737978949512 5.399440400899458e-07 0.139738518931597 0.139737978949512 5.39982084990509e-07 0.2794770378251492 0.2794759578990241 1.079926125080455e-06
65 0.1259765625 0.1418239785330055 0.1418234304507205 5.48082284945739e-07 0.1418239785516154 0.1418234304507205 5.481008948371446e-07 0.2836479570846209 0.2836468609014411 1.096183179782884e-06
66 0.1279296875 0.1439040985796453 0.1439035423799315 5.561997137859542e-07 0.1439040985591264 0.1439035423799315 5.561791948660577e-07 0.2878081971387716 0.287807084759863 1.112378908652012e-06
67 0.1298828125 0.145978800718127 0.1459782364221064 5.642960206053704e-07 0.1459788007182855 0.1459782364221064 5.642961790619516e-07 0.2919576014364126 0.2919564728442129 1.128592199695078e-06
68 0.1318359375 0.1480480068370877 0.1480474344661873 5.72370900342456e-07 0.148048006898799 0.1480474344661873 5.72432611617435e-07 0.2960960137358867 0.2960948689323747 1.144803511987647e-06
69 0.1337890625 0.150111639032086 0.1501110586080374 5.804240486850798e-07 0.1501116390529638 0.1501110586080374 5.804449264568134e-07 0.3002232780850499 0.3002221172160747 1.160868975169649e-06
70 0.1357421875 0.1521696196085362 0.1521690311533739 5.884551623203116e-07 0.1521696196500029 0.1521690311533739 5.884966290115035e-07 0.304339239258539 0.3043380623067477 1.176951791304059e-06
71 0.1376953125 0.154221871084632 0.1542212746206937 5.964639382960435e-07 0.1542218711048682 0.1542212746206937 5.964841744698912e-07 0.3084437421895002 0.3084425492413875 1.192948112738179e-06
72 0.1396484375 0.1562683161942653 0.1562677117441904 6.044500749091686e-07 0.156268316171897 0.1562677117441904 6.044277066630244e-07 0.3125366323661624 0.3125354234883808 1.208877781599949e-06
73 0.1416015625 0.1583088778899341 0.1583082654766627 6.124132713725139e-07 0.1583088778901946 0.1583082654766627 6.124135318863466e-07 0.3166177557801286 0.3166165309533254 1.224826803258861e-06
74 0.1435546875 0.1603434793456433 0.160342858992416 6.203532273152401e-07 0.1603434794124533 0.160342858992416 6.204200372894597e-07 0.3206869587580966 0.320685717984832 1.240773264576944e-06
75 0.1455078125 0.162372043959798 0.1623714156901544 6.282696435877533e-07 0.1623720439823867 0.1623714156901544 6.28292232268679e-07 0.3247440879421847 0.3247428313803088 1.256561875828677e-06
76 0.1474609375 0.164394495358087 0.1643938591958648 6.361622222061936e-07 0.1643944954028738 0.1643938591958648 6.362070090193406e-07 0.3287889907609608 0.3287877183917296 1.272369231197779e-06
77 0.1494140625 0.1664107573963575 0.1664101133656923 6.440306652699679e-07 0.1664107574182167 0.1664101133656923 6.440525244510997e-07 0.3328215148145742 0.3328202267313845 1.288083189721068e-06
78 0.1513671875 0.1684207541634834 0.1684201022888068 6.518746766270844e-07 0.1684207541394051 0.1684201022888068 6.518505982766598e-07 0.3368415083028885 0.3368402045776136 1.303725274903744e-06
79 0.1533203125 0.170424409984222 0.1704237502902616 6.596939604031071e-07 0.1704244099844289 0.1704237502902616 6.596941672376566e-07 0.3408488199686509 0.3408475005805233 1.319388127640764e-06
80 0.1552734375 0.172421649422064 0.1724209819338419 6.67488222028112e-07 0.1724216494938964 0.1724209819338419 6.675600544847615e-07 0.3448432989159604 0.3448419638676839 1.335048276540629e-06
81 0.1572265625 0.1744123972820729 0.1744117220249052 6.752571677370867e-07 0.1744123973063613 0.1744117220249052 6.752814561694631e-07 0.3488247945884343 0.3488234440498104 1.350538623934305e-06
82 0.1591796875 0.1763965786137171 0.1763958956132121 6.830005050140198e-07 0.1763965786616976 0.1763958956132121 6.830484855502306e-07 0.3527931572754147 0.3527917912264242 1.366048990536495e-06
83 0.1611328125 0.1783741187136903 0.1783734279957485 6.907179418147447e-07 0.1783741187371022 0.1783734279957485 6.90741353670532e-07 0.3567482374507925 0.356746855991497 1.381459295513032e-06
84 0.1630859375 0.1803449431287253 0.180344244719538 6.984091873440956e-07 0.180344943102923 0.180344244719538 6.983833849838472e-07 0.3606898862316483 0.3606884894390759 1.396792572327943e-06
85 0.1650390625 0.1823089776583965 0.1823082715844447 7.060739517505965e-07 0.1823089776586335 0.1823082715844447 7.060741888109678e-07 0.36461795531703 0.3646165431688894 1.41214814058932e-06
86 0.1669921875 0.1842661483579135 0.1842654346459673 7.137119461542163e-07 0.1842661484346454 0.1842654346459673 7.137886780528291e-07 0.3685322967925588 0.3685308692919346 1.427500624207045e-06
87 0.1689453125 0.1862163815409056 0.1862156602180228 7.213228828406582e-07 0.1862163815667871 0.1862156602180228 7.213487643042971e-07 0.3724327631076927 0.3724313204360455 1.442671647144955e-06
88 0.1708984375 0.1881596037821955 0.1881588748757205 7.289064750115593e-07 0.1881596038334046 0.1881588748757205 7.289576841040812e-07 0.3763192076156002 0.3763177497514411 1.45786415911564e-06
89 0.1728515625 0.1900957419205637 0.1900950054581271 7.364624366179573e-07 0.1900957419455018 0.1900950054581271 7.364873746973366e-07 0.3801914838660655 0.3801900109162542 1.472949811287538e-06
90 0.1748046875 0.1920247230615036 0.1920239790710203 7.439904833039801e-07 0.1920247230340516 0.1920239790710203 7.439630313188506e-07 0.3840494460955551 0.3840479581420405 1.487953514622831e-06
91 0.1767578125 0.193946474579965 0.1939457230896338 7.514903312411114e-07 0.1939464745802774 0.1939457230896338 7.514906436856261e-07 0.3878929491602424 0.3878914461792675 1.502980974898982e-06
92 0.1787109375 0.1958609241230892 0.1958601651613915 7.58961697711058e-07 0.1958609242047169 0.1958601651613915 7.590433253878981e-07 0.3917218483278061 0.391720330322783 1.518005023071201e-06
93 0.1806640625 0.197767999612933 0.1977672332086316 7.664043013833055e-07 0.1977679996404295 0.1977672332086316 7.664317978883783e-07 0.3955359992533624 0.3955344664172631 1.532836099271684e-06
94 0.1826171875 0.1996676292491816 0.1996668554313198 7.738178617600067e-07 0.199667629303533 0.1996668554313198 7.73872213200022e-07 0.3993352585527146 0.3993337108626396 1.547690074932273e-06
95 0.1845703125 0.2015597415118524 0.2015589603097533 7.812020990927149e-07 0.2015597415382826 0.2015589603097533 7.812285293673504e-07 0.403119483050135 0.4031179206195065 1.562430628487821e-06
96 0.1865234375 0.2034442651639881 0.2034434766072526 7.885567354926071e-07 0.2034442651349225 0.2034434766072526 7.885276699093335e-07 0.4068885302989105 0.4068869532145051 1.577084405401941e-06
97 0.1884765625 0.2053211292543381 0.2053203333728444 7.95881493736994e-07 0.2053211292545402 0.2053203333728444 7.958816957975845e-07 0.4106422585088783 0.4106406667456887 1.591763189534579e-06
98 0.1904296875 0.2071902631200299 0.2071894599439322 8.031760976578983e-07 0.2071902632063521 0.2071894599439322 8.032624198850424e-07 0.4143805263263819 0.4143789198878644 1.606438517542941e-06
99 0.1923828125 0.2090515963892297 0.2090507859489571 8.104402725861437e-07 0.2090515964182845 0.2090507859489571 8.104693274002539e-07 0.4181031928075141 0.4181015718979141 1.620909599986398e-06
100 0.1943359375 0.2109050589837918 0.210904241310047 8.176737448517546e-07 0.2109050590412017 0.210904241310047 8.177311547064026e-07 0.4218101180249935 0.421808482620094 1.635404899558157e-06
101 0.1962890625 0.2127505811218965 0.2127497562456551 8.248762413676225e-07 0.2127505811498467 0.2127497562456551 8.249041915375788e-07 0.4255011622717432 0.4254995124913102 1.649780432932957e-06
102 0.1982421875 0.2145880933206785 0.2145872612731873 8.32047491267085e-07 0.2145880932899588 0.2145872612731873 8.320167715902826e-07 0.4291761866106374 0.4291745225463745 1.664064262885123e-06
103 0.2001953125 0.2164175263988418 0.2164166872116176 8.391872241275689e-07 0.2164175263991533 0.2164166872116176 8.391875357116607e-07 0.4328350527979951 0.4328333744232353 1.67837475983923e-06
104 0.2021484375 0.2182388114792645 0.2182379651840937 8.462951707199906e-07 0.2182388115701433 0.2182379651840937 8.463860495244724e-07 0.4364776230494077 0.4364759303681875 1.692681220244463e-06
105 0.2041015625 0.2200518799915928 0.2200510266205292 8.533710635361125e-07 0.2200518800222428 0.2200510266205292 8.534017135741756e-07 0.4401037600138356 0.4401020532410585 1.706772777110288e-06
106 0.2060546875 0.2218566636748217 0.2218558032601858 8.604146358726084e-07 0.2218566637352345 0.2218558032601858 8.604750486307378e-07 0.4437133274100562 0.4437116065203717 1.720889684531102e-06
107 0.2080078125 0.223653094579865 0.2236522271542431 8.674256219143306e-07 0.2236530946092867 0.2236522271542431 8.674550436016393e-07 0.4473061891891517 0.4473044543084862 1.73488066551597e-06
108 0.2099609375 0.2254411050721147 0.2254402306683568 8.744037579277997e-07 0.2254411050398528 0.2254402306683568 8.743714960679494e-07 0.4508822101119675 0.4508804613367135 1.748775253995749e-06
109 0.2119140625 0.2272206278339857 0.227219746485205 8.813487806791365e-07 0.2272206278342862 0.227219746485205 8.813490811887537e-07 0.454441255668272 0.4544394929704101 1.762697861895646e-06
110 0.2138671875 0.2289915958674522 0.2289907076070233 8.882604288773521e-07 0.2289915959628737 0.2289907076070233 8.883558504091393e-07 0.457983191830326 0.4579814152140467 1.776616279314247e-06
111 0.2158203125 0.2307539424965678 0.2307530473581263 8.951384415367691e-07 0.2307539425286512 0.2307530473581263 8.951705249005126e-07 0.461507885025219 0.4615060947162525 1.790308966465037e-06
112 0.2177734375 0.2325076013699781 0.2325066993874183 9.019825597811337e-07 0.2325076014332315 0.2325066993874183 9.020458131558939e-07 0.4650152028032096 0.4650133987748367 1.804028372964783e-06
113 0.2197265625 0.2342525064634172 0.2342515976708917 9.087925254558371e-07 0.234252506494168 0.2342515976708917 9.088232763021509e-07 0.4685050129575852 0.4685031953417835 1.817615801757988e-06
114 0.2216796875 0.2359885920821947 0.2359876765141124 9.155680822381385e-07 0.2359885920484409 0.2359876765141124 9.155343284605877e-07 0.4719771841306356 0.4719753530282249 1.831102410698726e-06
115 0.2236328125 0.2377157928636677 0.2377148705546931 9.223089746379642e-07 0.237715792863926 0.2377148705546931 9.223092329035953e-07 0.4754315857275937 0.4754297411093861 1.844618207569315e-06
116 0.2255859375 0.2394340437797033 0.2394331147647543 9.290149489138422e-07 0.2394340438795118 0.2394331147647543 9.291147574919112e-07 0.4788680876592151 0.4788662295295087 1.858129706377998e-06
117 0.2275390625 0.2411432801391247 0.2411423444533729 9.356857517961448e-07 0.2411432801726714 0.2411423444533729 9.35719298544857e-07 0.4822865603117962 0.4822846889067458 1.871405050368757e-06
118 0.2294921875 0.2428434375901496 0.242842495269017 9.423211326797798e-07 0.2428434376562962 0.242842495269017 9.423872791847199e-07 0.4856868752464458 0.4856849905380339 1.884708411892255e-06
119 0.2314453125 0.2445344521228102 0.2445335032019693 9.489208409874106e-07 0.2445344521550065 0.2445335032019693 9.489530372885913e-07 0.4890689042778168 0.4890670064039385 1.897873878276002e-06
120 0.2333984375 0.2462162600713653 0.2462153045867369 9.55484628334391e-07 0.2462162600361506 0.2462153045867369 9.554494136976288e-07 0.4924325201075159 0.4924306091734739 1.910934042059775e-06
121 0.2353515625 0.2478887981166953 0.2478878361044484 9.62012246974453e-07 0.2478887981170153 0.2478878361044484 9.620125668852175e-07 0.4957775962337106 0.4957756722088967 1.924024813859671e-06
122 0.2373046875 0.2495520032886885 0.2495510347852372 9.685034512429969e-07 0.249552003392611 0.2495510347852372 9.68607373724728e-07 0.4991040066812995 0.4991020695704745 1.937110824967725e-06
123 0.2392578125 0.2512058129686099 0.2512048380106133 9.749579966134014e-07 0.2512058130035046 0.2512048380106133 9.749928913116435e-07 0.5024116259721145 0.5024096760212265 1.949950887980556e-06
124 0.2412109375 0.2528501648914596 0.2528491835158197 9.813756398635576e-07 0.252850164960228 0.2528491835158197 9.814444082989482e-07 0.5057003298516876 0.5056983670316394 1.962820048162506e-06
125 0.2431640625 0.2544849971483165 0.2544840093921777 9.877561387150458e-07 0.2544849971817763 0.2544840093921777 9.877895985055396e-07 0.5089699943300927 0.5089680187843555 1.975545737220585e-06
126 0.2451171875 0.25611024818867 0.2561092540894171 9.940992528045811e-07 0.2561102481519753 0.2561092540894171 9.940625581017493e-07 0.5122204963406451 0.5122185081788343 1.988161810850819e-06
127 0.2470703125 0.2577258568227372 0.2577248564179935 1.000404743711769e-06 0.2577258568230382 0.2577248564179935 1.00040504463772e-06 0.5154517136457755 0.5154497128359871 2.000809788405e-06
128 0.2490234375 0.259331762223766 0.2593307555513925 1.006672373460304e-06 0.2593317623318671 0.2593307555513925 1.006780474543945e-06 0.518663524555633 0.518661511102785 2.013452848004249e-06
129 0.2509765625 0.2609279039303252 0.2609268910284193 1.012901905961261e-06 0.2609279039666659 0.2609268910284193 1.01293824661397e-06 0.521855807896991 0.5218537820568385 2.02584015251972e-06
130 0.2529296875 0.2625142218485818 0.2625132027554753 1.01909310645798e-06 0.2625142219200299 0.2625132027554753 1.019164554583174e-06 0.5250284437686117 0.5250264055109507 2.038257660985643e-06
131 0.2548828125 0.2640906562545619 0.2640896310088207 1.025245741137493e-06 0.2640906562891415 0.2640896310088207 1.025280320809951e-06 0.5281813125437034 0.5281792620176414 2.050526061947444e-06
132 0.2568359375 0.2656571477964015 0.2656561164368227 1.031359578851365e-06 0.2656571477583742 0.2656561164368227 1.031321551547837e-06 0.5313142955547758 0.5313122328736454 2.062681130454713e-06
133 0.2587890625 0.2672136374965794 0.2672126000621902 1.03743438922832e-06 0.2672136374969118 0.2672126000621902 1.037434721629094e-06 0.5344272749934913 0.5344252001243804 2.074869110857414e-06
134 0.2607421875 0.2687600667541375 0.2687590232841946 1.043469942951791e-06 0.2687600668661069 0.2687590232841946 1.043581912330005e-06 0.5375201336202444 0.5375180465683892 2.087051855226285e-06
135 0.2626953125 0.2702963773468883 0.2702953278808755 1.049466012814637e-06 0.2702963773845452 0.2702953278808755 1.049503669692253e-06 0.5405927547314335 0.540590655761751 2.09896968250689e-06
136 0.2646484375 0.2718225114336063 0.2718214560112333 1.055422372941983e-06 0.2718225115076733 0.2718214560112333 1.055496440027781e-06 0.5436450229412796 0.5436429120224666 2.110918812969764e-06
137 0.2666015625 0.2733384115562049 0.2733373502174063 1.061338798513667e-06 0.2733384115922191 0.2733373502174063 1.061374812705296e-06 0.5466768231484239 0.5466747004348127 2.122713611218963e-06
138 0.2685546875 0.2748440206419016 0.2748429534268346 1.067215066985483e-06 0.2748440206025666 0.2748429534268346 1.067175732061276e-06 0.5496880412444682 0.5496859068536691 2.13439079910227e-06
139 0.2705078125 0.276339282005365 0.2763382089544082 1.073050956812427e-06 0.2763392820057204 0.2763382089544082 1.073051312250328e-06 0.5526785640110854 0.5526764179088164 2.146102269007244e-06
140 0.2724609375 0.2778241393508497 0.2778230605046016 1.078846248003806e-06 0.2778241394666133 0.2778230605046016 1.078962011624718e-06 0.5556482788174629 0.5556461210092033 2.157808259628524e-06
141 0.2744140625 0.2792985367743155 0.2792974521735933 1.084600722234264e-06 0.2792985368131011 0.2792974521735933 1.084639507764606e-06 0.5585970735874166 0.5585949043471866 2.16924022999887e-06
142 0.2763671875 0.2807624187655332 0.2807613284513703 1.090314162899286e-06 0.2807624188420237 0.2807613284513703 1.090390653435414e-06 0.5615248376075568 0.5615226569027405 2.180704816279189e-06
143 0.2783203125 0.2822157302101722 0.2822146342238179 1.09598635422703e-06 0.2822157302472361 0.2822146342238179 1.09602341819004e-06 0.5644314604574083 0.5644292684476359 2.192009772472581e-06
144 0.2802734375 0.2836584163918785 0.2836573147747954 1.101617083110185e-06 0.2836584163512825 0.2836573147747954 1.101576487083644e-06 0.567316832743161 0.5673146295495908 2.20319357024934e-06
145 0.2822265625 0.2850904229943323 0.2850893157881954 1.107206136941041e-06 0.2850904229948372 0.2850893157881954 1.107206641814962e-06 0.5701808459891695 0.5701786315763907 2.214412778811514e-06
146 0.2841796875 0.2865116961032942 0.286510583349989 1.112753305165803e-06 0.2865116962226614 0.286510583349989 1.112872672404119e-06 0.5730233923259556 0.573021166699978 2.225625977514412e-06
147 0.2861328125 0.287922182208635 0.2879210639502561 1.118258378896009e-06 0.2879221822487232 0.2879210639502561 1.118298467162049e-06 0.5758443644573582 0.5758421279005121 2.236556846058058e-06
148 0.2880859375 0.2893218282063497 0.289320704485199 1.123721150741996e-06 0.2893218282851306 0.289320704485199 1.123799931612712e-06 0.5786436564914803 0.578641408970398 2.247521082354709e-06
149 0.2900390625 0.2907105814005574 0.2907094522591427 1.129141414646373e-06 0.2907105814386197 0.2907094522591427 1.129179476977438e-06 0.5814211628391771 0.5814189045182855 2.258320891623811e-06
150 0.2919921875 0.2920883895054848 0.2920872549865186 1.13451896621708e-06 0.2920883894636539 0.2920872549865186 1.134477135289469e-06 0.5841767789691388 0.5841745099730372 2.26899610156206e-06
151 0.2939453125 0.2934552006474359 0.2934540607938326 1.139853603282504e-06 0.2934552006478926 0.2934540607938326 1.139854060028256e-06 0.5869104012953285 0.5869081215876651 2.279707663310759e-06
152 0.2958984375 0.294810963366743 0.2948098182216186 1.145145124392677e-06 0.2948109634895004 0.2948098182216186 1.14526788175251e-06 0.5896219268562434 0.5896196364432372 2.290413006145187e-06
153 0.2978515625 0.2961556266197065 0.2961544762263758 1.150393330651145e-06 0.2961556266609385 0.2961544762263758 1.150434562724456e-06 0.5923112532806449 0.5923089524527516 2.30082789332009e-06
154 0.2998046875 0.2974891397805141 0.2974879841824902 1.155598023827586e-06 0.2974891398615916 0.2974879841824902 1.155679101416673e-06 0.5949782796421057 0.5949759683649805 2.31127712524426e-06
155 0.3017578125 0.2988114526431492 0.298810291884141 1.160759008134171e-06 0.29881145268231 0.298810291884141 1.160798168975408e-06 0.5976229053254591 0.5976205837682821 2.321557177054068e-06
156 0.3037109375 0.3001225154232796 0.3001213495471907 1.165876088893292e-06 0.3001225153803817 0.3001213495471907 1.165833190985843e-06 0.6002450308036613 0.6002426990943814 2.331709279879135e-06
157 0.3056640625 0.3014222787601322 0.3014211078110592 1.170949073037164e-06 0.301422278760577 0.3014211078110592 1.170949517848019e-06 0.6028445575207093 0.6028422156221184 2.341898590940694e-06
158 0.3076171875 0.3027106937183524 0.3027095177405825 1.175977769940495e-06 0.3027106938443619 0.3027095177405825 1.176103779476634e-06 0.6054213875627144 0.6054190354811649 2.352081549417129e-06
159 0.3095703125 0.3039877117898446 0.3039865308278549 1.180961989699636e-06 0.3039877118320857 0.3039865308278549 1.181004230799143e-06 0.6079754236219304 0.6079730616557099 2.361966220498779e-06
160 0.3115234375 0.3052532848956009 0.3052520989940556 1.185901545242007e-06 0.3052532849787199 0.3052520989940556 1.185984664253681e-06 0.6105065698743208 0.6105041979881113 2.371886209551199e-06
161 0.3134765625 0.3065073653875081 0.3065061745912584 1.190796249661563e-06 0.3065073654278884 0.3065061745912584 1.190836630027281e-06 0.6130147308153965 0.6130123491825168 2.381632879688844e-06
162 0.3154296875 0.3077499060501446 0.3077487104042257 1.195645918883326e-06 0.307749906006123 0.3077487104042257 1.195601897208132e-06 0.6154998120562676 0.6154974208084515 2.391247816091457e-06
163 0.3173828125 0.3089808601025569 0.3089796596521867 1.200450370220096e-06 0.308980860102931 0.3089796596521867 1.200450744309745e-06 0.6179617202054879 0.6179593193043733 2.400901114585352e-06
164 0.3193359375 0.3102001812000199 0.3101989759905977 1.205209422205922e-06 0.3102001813292526 0.3101989759905977 1.205338654886035e-06 0.6204003625292724 0.6203979519811954 2.410548077036445e-06
165 0.3212890625 0.3114078234357838 0.3114066135128878 1.209922895928361e-06 0.3114078234791015 0.3114066135128878 1.209966213666647e-06 0.6228156469148853 0.6228132270257757 2.419889109650519e-06
166 0.3232421875 0.3126037413428007 0.312602526752187 1.214590613751731e-06 0.3126037414279784 0.312602526752187 1.21467579144996e-06 0.6252074827707792 0.6252050535043739 2.429266405257202e-06
167 0.3251953125 0.313787889895437 0.3137866706830376 1.219212399483638e-06 0.3137878899367077 0.3137866706830376 1.219253670137199e-06 0.6275757798321447 0.6275733413660751 2.438466069620837e-06
168 0.3271484375 0.3149602245111692 0.3149590007230899 1.223788079374177e-06 0.3149602244659814 0.3149590007230899 1.223742891520718e-06 0.6299204489771506 0.6299180014461797 2.447530970894896e-06
169 0.3291015625 0.3161207010522613 0.3161194727347805 1.228317480783669e-06 0.3161207010528408 0.3161194727347805 1.228318060320088e-06 0.632241402105102 0.6322389454695609 2.456635541103758e-06
170 0.3310546875 0.3172692758274271 0.3172680430269941 1.232800433015324e-06 0.3172692759596007 0.3172680430269941 1.232932606676229e-06 0.6345385517870279 0.6345360860539881 2.465733039747064e-06
171 0.3330078125 0.3184059055934754 0.3184046683567083 1.237236767093197e-06 0.3184059056378278 0.3184046683567083 1.237281119448319e-06 0.6368118112313033 0.6368093367134167 2.474517886597027e-06
172 0.3349609375 0.3195305475569383 0.3195293059306221 1.241626316206279e-06 0.3195305476440203 0.3195293059306221 1.24171339821455e-06 0.6390610952009586 0.6390586118612441 2.483339714420829e-06
173 0.3369140625 0.3206431593756808 0.3206419134067661 1.245968914709294e-06 0.3206431594179279 0.3206419134067661 1.246011161748495e-06 0.6412863187936086 0.6412838268135322 2.491980076402278e-06
174 0.3388671875 0.3217436991604971 0.321742448896098 1.250264399066392e-06 0.3217436991144999 0.321742448896098 1.250218401915859e-06 0.6434873982749969 0.643484897792196 2.50048280092674e-06
175 0.3408203125 0.3228321254766857 0.3228308709640785 1.25451260718501e-06 0.3228321254771952 0.3228308709640785 1.254513116721867e-06 0.6456642509538808 0.645661741928157 2.509025723851366e-06
176 0.3427734375 0.3239083973456113 0.3239071386322319 1.258713379415077e-06 0.3239083974806212 0.3239071386322319 1.258848389307232e-06 0.6478167948262326 0.6478142772644638 2.51756176872231e-06
177 0.3447265625 0.324972474246246 0.3249712113796889 1.262866557161235e-06 0.3249724742914135 0.3249712113796889 1.262911724642102e-06 0.6499449485376596 0.6499424227593777 2.525778281858848e-06
178 0.3466796875 0.326024316116696 0.3260230491447119 1.26697198404857e-06 0.3260243162055562 0.3260230491447119 1.267060844245549e-06 0.6520486323222521 0.6520460982894238 2.534032828238608e-06
179 0.3486328125 0.3270638833557088 0.3270626123262036 1.271029505200971e-06 0.3270638833986412 0.3270626123262036 1.271072437580845e-06 0.6541277667543499 0.6541252246524072 2.542101942726305e-06
180 0.3505859375 0.3280911368241657 0.3280898617851977 1.275038968018283e-06 0.3280911367772257 0.3280898617851977 1.274992028010846e-06 0.6561822736013915 0.6561797235703954 2.550030996029129e-06
181 0.3525390625 0.329106037846554 0.3291047588463328 1.279000221232618e-06 0.3291060378470805 0.3291047588463328 1.279000747700376e-06 0.6582120756936345 0.6582095176926656 2.558000968932994e-06
182 0.3544921875 0.3301085482124235 0.3301072652993081 1.282913115352446e-06 0.3301085483499527 0.3301072652993081 1.2830506446182e-06 0.6602170965623761 0.6602145305986162 2.565963759915135e-06
183 0.3564453125 0.3310986301778256 0.3310973434003222 1.28677750338424e-06 0.331098630223998 0.3310973434003222 1.286823675838988e-06 0.6621972604018236 0.6621946868006444 2.573601179167717e-06
184 0.3583984375 0.3320762464667339 0.3320749558734943 1.290593239666737e-06 0.3320762465571927 0.3320749558734943 1.290683698418338e-06 0.6641524930239266 0.6641499117469886 2.581276938085075e-06
185 0.3603515625 0.3330413602724472 0.3330400659122673 1.294360179926457e-06 0.3330413603162314 0.3330400659122673 1.294403964180457e-06 0.6660827205886786 0.6660801318245345 2.588764144051403e-06
186 0.3623046875 0.3339939352589761 0.3339926371807936 1.298078182498941e-06 0.3339939352110827 0.3339926371807936 1.298030289087482e-06 0.6679878704700588 0.6679852743615873 2.596108471530911e-06
187 0.3642578125 0.3349339355624112 0.3349326338153035 1.301747107718132e-06 0.3349339355629303 0.3349326338153035 1.301747626747396e-06 0.6698678711253415 0.6698652676306071 2.603494734465528e-06
188 0.3662109375 0.3358613257922718 0.335860020425455 1.305366816861664e-06 0.3358613259321871 0.335860020425455 1.305506732163231e-06 0.671722651724459 0.67172004085091 2.610873549024895e-06
189 0.3681640625 0.3367760710328401 0.3367747620956664 1.308937173705171e-06 0.336776071079765 0.3367747620956664 1.308984098613575e-06 0.6735521421126051 0.6735495241913327 2.617921272318746e-06
190 0.3701171875 0.3376781368444746 0.3376768243864306 1.31245804396718e-06 0.3376781369365897 0.3376768243864306 1.312550159116022e-06 0.6753562737810643 0.6753536487728612 2.625008203138712e-06
191 0.3720703125 0.338567489264907 0.3385661733356124 1.31592929464297e-06 0.3385674893094395 0.3385661733356124 1.315973827076267e-06 0.6771349785743466 0.6771323466712248 2.631903121774748e-06
192 0.3740234375 0.3394440948105212 0.3394427754597265 1.319350794726226e-06 0.3394440947619473 0.3394427754597265 1.319302220803564e-06 0.6788881895724685 0.678885550919453 2.63865301552979e-06
193 0.3759765625 0.3403079204776141 0.3403065977551984 1.322722415653121e-06 0.3403079204781148 0.3403065977551984 1.322722916308194e-06 0.6806158409557288 0.6806131955103969 2.645445331905805e-06
194 0.3779296875 0.3411589337436371 0.3411576076996069 1.326044030247608e-06 0.3411589338857881 0.3411576076996069 1.32618618120528e-06 0.6823178676294253 0.6823152153992138 2.652230211452888e-06
195 0.3798828125 0.3419971025684222 0.3419957732529086 1.329315513609597e-06 0.3419971026160852 0.3419957732529086 1.329363176594267e-06 0.6839942051845074 0.6839915465058172 2.658678690203864e-06
196 0.3818359375 0.3428223953953866 0.3428210628586441 1.332536742559842e-06 0.3428223954887396 0.3428210628586441 1.332630095496334e-06 0.6856447908841261 0.6856421257172881 2.665166838000665e-06
197 0.3837890625 0.3436347811527209 0.3436334454451261 1.335707594807278e-06 0.3436347811978009 0.3436334454451261 1.335752674858082e-06 0.6872695623505218 0.6872668908902522 2.67146026966536e-06
198 0.3857421875 0.3444342292545615 0.3444328904266096 1.338827951891108e-06 0.3444342292052437 0.3444328904266096 1.33877863411902e-06 0.6888684584598052 0.6888657808532191 2.677606586010128e-06
199 0.3876953125 0.3452207096021387 0.3452193677044427 1.341897695961158e-06 0.3452207096026961 0.3452193677044427 1.341898253404139e-06 0.6904414192048348 0.6904387354088855 2.683795949365297e-06
200 0.3896484375 0.3459941925849114 0.3459928476682007 1.344916710777078e-06 0.3459941927290906 0.3459928476682007 1.345060889945682e-06 0.6919883853140021 0.6919856953364013 2.689977600778271e-06
201 0.3916015625 0.3467546490816828 0.3467533011967998 1.347884883040606e-06 0.3467546491299192 0.3467533011967998 1.347933119455469e-06 0.693509298211602 0.6935066023935995 2.695818002496075e-06
202 0.3935546875 0.3475020504616959 0.3475006996595946 1.350802101340864e-06 0.3475020505564244 0.3475006996595946 1.350896829843684e-06 0.6950041010181203 0.6950013993191891 2.701698931129037e-06
203 0.3955078125 0.3482363685857103 0.3482350149174554 1.353668254933105e-06 0.348236368631431 0.3482350149174554 1.353713975582593e-06 0.6964727372171413 0.6964700298349108 2.707382230515698e-06
204 0.3974609375 0.3489575758070642 0.3489562193238278 1.356483236347739e-06 0.3489575757570556 0.3489562193238278 1.356433227794884e-06 0.6979151515641198 0.6979124386476556 2.712916464142623e-06
205 0.3994140625 0.349665644972713 0.3496642857257735 1.359246939447445e-06 0.3496656449731973 0.3496642857257735 1.359247423782239e-06 0.6993312899459103 0.699328571451547 2.718494363285195e-06
206 0.4013671875 0.3503605494242527 0.3503591874649928 1.361959259871259e-06 0.3503605495701456 0.3503591874649928 1.362105152780124e-06 0.7007210989943982 0.7007183749299856 2.724064412595872e-06
207 0.4033203125 0.3510422629989235 0.3510408983788277 1.364620095756219e-06 0.351042263047734 0.3510408983788277 1.364668906267408e-06 0.7020845260466575 0.7020817967576555 2.729289002023627e-06
208 0.4052734375 0.3517107600305947 0.3517093928012478 1.367229346904697e-06 0.3517107601263344 0.3517093928012478 1.367325086598647e-06 0.7034215201569292 0.7034187856024956 2.734554433558856e-06
209 0.4072265625 0.3523660153507303 0.3523646455638159 1.369786914395821e-06 0.3523660153971547 0.3523646455638159 1.369833338815685e-06 0.704732030747885 0.7047292911276318 2.739620253211505e-06
210 0.4091796875 0.3530080042893381 0.3530066319966358 1.37229270225081e-06 0.3530080042389205 0.3530066319966358 1.372242284636283e-06 0.7060160085282585 0.7060132639932717 2.744534986831582e-06
211 0.4111328125 0.3536367026758975 0.3536353279292813 1.374746616267242e-06 0.3536367026764798 0.3536353279292813 1.374747198579218e-06 0.7072734053523774 0.7072706558585625 2.74949381484646e-06
212 0.4130859375 0.3542520868402694 0.3542507096917056 1.377148563797004e-06 0.3542520869879103 0.3542507096917056 1.37729620469651e-06 0.7085041738281797 0.7085014193834112 2.754444768493514e-06
213 0.4150390625 0.3548541336135875 0.3548527541151333 1.379498454134875e-06 0.3548541336629506 0.3548527541151333 1.379547817259574e-06 0.709708267276538 0.7097055082302667 2.759046271338939e-06
214 0.4169921875 0.3554428203291316 0.3554414385329324 1.381796199240171e-06 0.355442820425893 0.3554414385329324 1.381892960672371e-06 0.7108856407550246 0.7108828770658647 2.76368915985703e-06
215 0.4189453125 0.3560181248231789 0.3560167407814668 1.384041712071404e-06 0.3560181248699528 0.3560167407814668 1.384088485933965e-06 0.7120362496931316 0.7120334815629337 2.768130197949858e-06
216 0.4208984375 0.3565800254358404 0.3565786392009324 1.386234908029582e-06 0.356580025384786 0.3565786392009324 1.386183853646639e-06 0.7131600508206264 0.7131572784018647 2.772418761676221e-06
217 0.4228515625 0.3571285010118755 0.357127112636171 1.388375704514111e-06 0.3571285010123713 0.357127112636171 1.388376200228691e-06 0.7142570020242468 0.7142542252723421 2.776751904742802e-06
218 0.4248046875 0.3576635309014893 0.357662140437468 1.390464021311377e-06 0.3576635310504148 0.357662140437468 1.390612946794434e-06 0.7153270619519041 0.7153242808749359 2.781076968161322e-06
219 0.4267578125 0.358185094961108 0.358183702461329 1.392499779040435e-06 0.3581850950110165 0.358183702461329 1.392549687506683e-06 0.7163701899721244 0.7163674049226579 2.785049466491607e-06
220 0.4287109375 0.3586931735541405 0.3586917790712385 1.394482901984073e-06 0.3586931736518162 0.3586917790712385 1.394580577684934e-06 0.7173863472059567 0.717383558142477 2.789063479724518e-06
221 0.4306640625 0.3591877475517136 0.3591863511383995 1.396413314147527e-06 0.3591877475988846 0.3591863511383995 1.396460485081352e-06 0.7183754951505982 0.7183727022767989 2.792873799228879e-06
222 0.4326171875 0.3596687983333965 0.359667400042453 1.398290943532832e-06 0.3596687982818806 0.359667400042453 1.398239427685688e-06 0.7193375966152771 0.7193348000849059 2.796530371163009e-06
223 0.4345703125 0.3601363077878991 0.3601349076721798 1.40011571930776e-06 0.3601363077885511 0.3601349076721798 1.400116371341742e-06 0.7202726155764502 0.7202698153443595 2.800232090649502e-06
224 0.4365234375 0.3605902583137542 0.3605888564261817 1.401887572471949e-06 0.3605902584639247 0.3605888564261817 1.402037743014617e-06 0.7211805167776789 0.7211777128523634 2.803925315486566e-06
225 0.4384765625 0.3610306328199815 0.3610292292135449 1.403606436578553e-06 0.3610306328702064 0.3610292292135449 1.403656661458363e-06 0.7220612656901879 0.7220584584270898 2.807263098092427e-06
226 0.4404296875 0.3614574147267295 0.3614560094544828 1.405272246735034e-06 0.3614574148253081 0.3614560094544828 1.40537082532477e-06 0.7229148295520376 0.7229120189089655 2.810643072059804e-06
227 0.4423828125 0.3618705879659004 0.3618691810809604 1.406884940047259e-06 0.3618705880135101 0.3618691810809604 1.406932549685713e-06 0.7237411759794106 0.7237383621619208 2.813817489788484e-06
228 0.4443359375 0.3622701369817556 0.3622687285372996 1.408444456008073e-06 0.3622701369299623 0.3622687285372996 1.408392662771707e-06 0.7245402739117179 0.7245374570745992 2.81683711877978e-06
229 0.4462890625 0.3626560467315001 0.3626546367807645 1.409950735664633e-06 0.3626560467318922 0.3626546367807645 1.409951127739895e-06 0.7253120934633923 0.725309273561529 2.819901863349017e-06
230 0.4482421875 0.36302830268585 0.3630268912821278 1.411403722173521e-06 0.3630283028370291 0.3630268912821278 1.411554901242784e-06 0.7260566055228791 0.7260537825642557 2.822958623416305e-06
231 0.4501953125 0.363386890829579 0.3633854780262181 1.412803360967274e-06 0.3633868908802051 0.3633854780262181 1.412853987081686e-06 0.7267737817097841 0.7267709560524361 2.825657347993449e-06
232 0.4521484375 0.3637317976620464 0.3637303835124469 1.414149599587855e-06 0.3637317977613023 0.3637303835124469 1.414248855413636e-06 0.7274635954233487 0.7274607670248937 2.828398455001491e-06
233 0.4541015625 0.3640630101977046 0.3640615947553176 1.415442386965005e-06 0.3640630102454778 0.3640615947553176 1.415490160194821e-06 0.7281260204431824 0.7281231895106353 2.830932547159826e-06
234 0.4560546875 0.3643805159665888 0.3643790992849144 1.416681674415443e-06 0.3643805159145093 0.3643790992849144 1.416629594963581e-06 0.7287610318810981 0.7287581985698287 2.833311269379024e-06
235 0.4580078125 0.3646843030147863 0.364682885147371 1.417867415309804e-06 0.3646843030153592 0.364682885147371 1.417867988240396e-06 0.7293686060301454 0.7293657702947419 2.835735403494688e-06
236 0.4599609375 0.3649743599048862 0.3649729409053213 1.418999564906098e-06 0.3649743600568895 0.3649729409053213 1.419151568204935e-06 0.7299487199617757 0.7299458818106426 2.838151133111033e-06
237 0.4619140625 0.3652506757164106 0.3652492556383301 1.420078080516252e-06 0.3652506757672547 0.3652492556383301 1.420128924567443e-06 0.7305013514836654 0.7304985112766602 2.840207005139206e-06
238 0.4638671875 0.3655132400462255 0.3655118189433038 1.421102921728146e-06 0.365513240145776 0.3655118189433038 1.421202472207117e-06 0.7310264801920016 0.7310236378866076 2.842305393935263e-06
239 0.4658203125 0.365762043008932 0.3657606209348824 1.422074049572952e-06 0.3657620430569177 0.3657606209348824 1.422122035243945e-06 0.7315240860658496 0.7315212418697649 2.844196084761386e-06
240 0.4677734375 0.3659970752372392 0.3659956522458116 1.422991427635356e-06 0.3659970751847261 0.3659956522458116 1.422938914530381e-06 0.7319941504219654 0.7319913044916232 2.845930342165737e-06
241 0.4697265625 0.3662183278823167 0.3662169040272953 1.423855021442932e-06 0.3662183278828767 0.3662169040272953 1.423855581383915e-06 0.7324366557651933 0.7324338080545906 2.847710602771336e-06
242 0.4716796875 0.3664257926141269 0.366424367949329 1.424664797911035e-06 0.366425792766728 0.366424367949329 1.42481739906497e-06 0.7328515853808549 0.732848735898658 2.849482196976005e-06
243 0.4736328125 0.3666194616217407 0.3666180362010133 1.425420727396709e-06 0.3666194616728243 0.3666180362010133 1.425471810978518e-06 0.733238923294565 0.7332360724020266 2.850892538375227e-06
244 0.4755859375 0.3667993276136294 0.366797901490848 1.426122781478245e-06 0.3667993277136765 0.366797901490848 1.426222828559975e-06 0.7335986553273059 0.7335958029816959 2.852345610038221e-06
245 0.4775390625 0.3669653838179391 0.3669639570470065 1.426770932566601e-06 0.3669653838661882 0.3669639570470065 1.426819181638006e-06 0.7339307676841272 0.733927914094013 2.853590114204607e-06
246 0.4794921875 0.3671176239827481 0.3671161966175912 1.427365156903004e-06 0.3671176239303434 0.3671161966175912 1.427312752266818e-06 0.7342352479130915 0.7342323932351823 2.854677909169823e-06
247 0.4814453125 0.3672560423763 0.367254614470868 1.427905431949927e-06 0.3672560423768479 0.367254614470868 1.427905979900501e-06 0.7345120847531479 0.7345092289417361 2.855811411794917e-06
248 0.4833984375 0.3673806337872207 0.3673792053954832 1.428391737501311e-06 0.3673806339402885 0.3673792053954832 1.428544805281984e-06 0.7347612677275093 0.7347584107909665 2.856936542783295e-06
249 0.4853515625 0.3674913935247143 0.3674899647006589 1.42882405546052e-06 0.3674913935758968 0.3674899647006589 1.428875237963201e-06 0.7349827871006112 0.7349799294013177 2.857699293423721e-06
250 0.4873046875 0.3675883174187392 0.3675868882163696 1.429202369562788e-06 0.367588317518915 0.3675868882163696 1.429302545319366e-06 0.7351766349376542 0.7351737764327393 2.858504914882154e-06
251 0.4892578125 0.3676714018201652 0.3676699722935 1.429526665153169e-06 0.367671401868585 0.3676699722935 1.429575085032386e-06 0.7353428036887502 0.735339944587 2.859101750130044e-06
252 0.4912109375 0.367740643600912 0.3677392138039815 1.429796930463301e-06 0.3677406435482768 0.3677392138039815 1.429744295344815e-06 0.7354812871491888 0.735478427607963 2.859541225808115e-06
253 0.4931640625 0.3677960401540652 0.3677946101409103 1.430013154890553e-06 0.3677960401544872 0.3677946101409103 1.430013576941835e-06 0.7355920803085525 0.7355892202818206 2.860026731887899e-06
254 0.4951171875 0.3678375893939759 0.3678361592186457 1.430175330219274e-06 0.3678375895472391 0.3678361592186457 1.430328593454711e-06 0.735675178941215 0.7356723184372913 2.860503923729496e-06
255 0.4970703125 0.3678652897563384 0.3678638594728882 1.430283450121195e-06 0.3678652898074513 0.3678638594728882 1.430334563068403e-06 0.7357305795637896 0.7357277189457765 2.860618013134086e-06
256 0.4990234375 0.3678791401982506 0.3678777098607392 1.430337511432178e-06 0.3678791402984763 0.3678777098607392 1.430437737148793e-06 0.735758280496727 0.7357554197214784 2.860775248580971e-06
257 0.5009765625 0.3678791401982506 0.3678777098607392 1.430337511432178e-06 0.3678791402465785 0.3678777098607392 1.430385839273907e-06 0.735758280444829 0.7357554197214784 2.860723350650574e-06
258 0.5029296875 0.3678652897563385 0.3678638594728882 1.430283450232217e-06 0.3678652897036871 0.3678638594728882 1.430230798904475e-06 0.7357305794600256 0.7357277189457765 2.860514249136692e-06
259 0.5048828125 0.3678375893939757 0.3678361592186457 1.43017532999723e-06 0.3678375893946179 0.3678361592186457 1.430175972205738e-06 0.7356751787885936 0.7356723184372913 2.860351302258479e-06
260 0.5068359375 0.3677960401540649 0.3677946101409103 1.430013154557486e-06 0.3677960403072647 0.3677946101409103 1.430166354399187e-06 0.7355920804613296 0.7355892202818206 2.860179509012184e-06
261 0.5087890625 0.3677406436009116 0.3677392138039815 1.429796930130234e-06 0.3677406436520508 0.3677392138039815 1.429848069334216e-06 0.7354812872529625 0.735478427607963 2.85964499946445e-06
262 0.5107421875 0.3676714018201657 0.3676699722935 1.429526665708281e-06 0.3676714019204618 0.3676699722935 1.429626961757524e-06 0.7353428037406275 0.735339944587 2.859153627521316e-06
263 0.5126953125 0.3675883174187395 0.3675868882163696 1.429202369895854e-06 0.3675883174669944 0.3675868882163696 1.42925062479593e-06 0.735176634885734 0.7351737764327393 2.858452994747296e-06
264 0.5146484375 0.3674913935247148 0.3674899647006589 1.428824055960121e-06 0.3674913934720665 0.3674899647006589 1.428771407629981e-06 0.7349827869967813 0.7349799294013177 2.857595463590101e-06
265 0.5166015625 0.367380633787221 0.3673792053954832 1.428391737778867e-06 0.3673806337878324 0.3673792053954832 1.428392349123175e-06 0.7347612675750534 0.7347584107909665 2.856784086957553e-06
266 0.5185546875 0.3672560423763 0.367254614470868 1.427905431949927e-06 0.3672560425291904 0.367254614470868 1.428058322372472e-06 0.7345120849054905 0.7345092289417361 2.85596375437791e-06
267 0.5205078125 0.3671176239827478 0.3671161966175912 1.42736515668096e-06 0.3671176240338413 0.3671161966175912 1.427416250199265e-06 0.7342352480165892 0.7342323932351823 2.854781406935736e-06
268 0.5224609375 0.3669653838179391 0.3669639570470065 1.426770932566601e-06 0.36696538391786 0.3669639570470065 1.426870853526996e-06 0.7339307677357991 0.733927914094013 2.853641786093597e-06
269 0.5244140625 0.366799327613629 0.366797901490848 1.426122781034156e-06 0.366799327661772 0.366797901490848 1.426170924023751e-06 0.733598655275401 0.7335958029816959 2.852293705113418e-06
270 0.5263671875 0.3666194616217407 0.3666180362010133 1.425420727396709e-06 0.3666194615692993 0.3666180362010133 1.425368286012141e-06 0.73323892319104 0.7332360724020266 2.85078901340885e-06
271 0.5283203125 0.3664257926141269 0.366424367949329 1.424664797911035e-06 0.3664257926145776 0.366424367949329 1.424665248606072e-06 0.7328515852287045 0.732848735898658 2.849330046572618e-06
272 0.5302734375 0.3662183278823165 0.3662169040272953 1.423855021165377e-06 0.366218328034805 0.3662169040272953 1.424007509687186e-06 0.7324366559171214 0.7324338080545906 2.847862530797052e-06
273 0.5322265625 0.365997075237239 0.3659956522458116 1.4229914273578e-06 0.3659970752881223 0.3659956522458116 1.423042310655376e-06 0.7319941505253612 0.7319913044916232 2.846033738013176e-06
274 0.5341796875 0.3657620430089319 0.3657606209348824 1.422074049517441e-06 0.3657620431085654 0.3657606209348824 1.422173682930072e-06 0.7315240861174973 0.7315212418697649 2.844247732447513e-06
275 0.5361328125 0.365513240046225 0.3655118189433038 1.421102921173034e-06 0.3655132400942799 0.3655118189433038 1.421150976121943e-06 0.7310264801405049 0.7310236378866076 2.842253897239466e-06
276 0.5380859375 0.3652506757164103 0.3652492556383301 1.420078080183185e-06 0.3652506756642106 0.3652492556383301 1.420025880494169e-06 0.7305013513806209 0.7304985112766602 2.840103960677354e-06
277 0.5400390625 0.3649743599048858 0.3649729409053213 1.41899956451752e-06 0.3649743599053803 0.3649729409053213 1.419000059010855e-06 0.7299487198102661 0.7299458818106426 2.837999623528376e-06
278 0.5419921875 0.3646843030147859 0.364682885147371 1.417867414921226e-06 0.3646843031666213 0.364682885147371 1.418019250354341e-06 0.7293686061814072 0.7293657702947419 2.835886665275567e-06
279 0.5439453125 0.3643805159665885 0.3643790992849144 1.416681674137887e-06 0.3643805160172987 0.3643790992849144 1.416732384296182e-06 0.7287610319838871 0.7287581985698287 2.833414058378558e-06
280 0.5458984375 0.3640630101977048 0.3640615947553177 1.415442387076027e-06 0.3640630102969067 0.3640615947553177 1.415541589055991e-06 0.7281260204946115 0.7281231895106354 2.830983976132018e-06
281 0.5478515625 0.3637317976620466 0.3637303835124469 1.414149599698877e-06 0.3637317977099024 0.3637303835124469 1.414197455529287e-06 0.7274635953719489 0.7274607670248937 2.828347055228164e-06
282 0.5498046875 0.3633868908295793 0.3633854780262181 1.412803361189319e-06 0.3633868907776058 0.3633854780262181 1.412751387763755e-06 0.7267737816071851 0.7267709560524361 2.825554748953074e-06
283 0.5517578125 0.36302830268585 0.3630268912821278 1.41140372211801e-06 0.3630283026864117 0.3630268912821278 1.41140428389086e-06 0.7260566053722617 0.7260537825642557 2.82280800600887e-06
284 0.5537109375 0.3626560467314998 0.3626546367807645 1.409950735220544e-06 0.3626560468825433 0.3626546367807645 1.410101778731576e-06 0.725312093614043 0.7253092735615291 2.82005251395212e-06
285 0.5556640625 0.3622701369817551 0.3622687285372996 1.408444455563984e-06 0.3622701370321842 0.3622687285372996 1.408494884613809e-06 0.7245402740139393 0.7245374570745992 2.816939340122282e-06
286 0.5576171875 0.3618705879659 0.3618691810809604 1.406884939658681e-06 0.3618705880644906 0.3618691810809604 1.406983530238826e-06 0.7237411760303907 0.7237383621619208 2.813868469897507e-06
287 0.5595703125 0.3614574147267291 0.3614560094544828 1.405272246346456e-06 0.361457414774248 0.3614560094544828 1.405319765279689e-06 0.7229148295009771 0.7229120189089655 2.810592011570634e-06
288 0.5615234375 0.3610306328199811 0.3610292292135449 1.403606436189975e-06 0.3610306327682617 0.3610292292135449 1.403554716783439e-06 0.7220612655882428 0.7220584584270898 2.807161152973414e-06
289 0.5634765625 0.3605902583137537 0.3605888564261818 1.401887571916838e-06 0.3605902583143619 0.3605888564261818 1.401888180152522e-06 0.7211805166281156 0.7211777128523635 2.803775752013848e-06
290 0.5654296875 0.3601363077878985 0.3601349076721798 1.400115718697137e-06 0.3601363079378417 0.3601349076721798 1.40026566192164e-06 0.7202726157257402 0.7202698153443595 2.800381380674288e-06
291 0.5673828125 0.3596687983333959 0.359667400042453 1.398290942922209e-06 0.3596687983835115 0.359667400042453 1.398341058500563e-06 0.7193375967169073 0.7193348000849059 2.796632001422772e-06
292 0.5693359375 0.3591877475517132 0.3591863511383995 1.396413313758949e-06 0.3591877476494315 0.3591863511383995 1.396511032036862e-06 0.7183754952011447 0.7183727022767989 2.792924345795811e-06
293 0.5712890625 0.3586931735541399 0.3586917790712385 1.394482901428962e-06 0.3586931736011657 0.3586917790712385 1.394529927201127e-06 0.7173863471553057 0.717383558142477 2.7890128286856e-06
294 0.5732421875 0.358185094961108 0.358183702461329 1.392499778929412e-06 0.3581850949098072 0.358183702461329 1.392448478132469e-06 0.7163701898709152 0.716367404922658 2.784948257117392e-06
295 0.5751953125 0.3576635309014891 0.357662140437468 1.390464021089333e-06 0.3576635309021038 0.357662140437468 1.390464635819821e-06 0.715327061803593 0.715324280874936 2.780928656909154e-06
296 0.5771484375 0.3571285010118755 0.357127112636171 1.388375704514111e-06 0.3571285011607656 0.357127112636171 1.388524594525542e-06 0.7142570021726411 0.7142542252723421 2.776900299039653e-06
297 0.5791015625 0.3565800254358403 0.3565786392009324 1.38623490791856e-06 0.3565800254853863 0.3565786392009324 1.386284453896991e-06 0.7131600509212266 0.7131572784018647 2.772519361871062e-06
298 0.5810546875 0.3560181248231787 0.3560167407814668 1.384041711904871e-06 0.356018124920151 0.3560167407814668 1.384138684168423e-06 0.7120362497433297 0.7120334815629337 2.768180396017783e-06
299 0.5830078125 0.3554428203291314 0.3554414385329324 1.381796199018126e-06 0.3554428203757365 0.3554414385329324 1.381842804182298e-06 0.7108856407048679 0.7108828770658647 2.763639003200424e-06
300 0.5849609375 0.3548541336135877 0.3548527541151334 1.379498454301409e-06 0.3548541335627964 0.3548527541151334 1.379447662985811e-06 0.7097082671763841 0.7097055082302668 2.758946117342731e-06
301 0.5869140625 0.3542520868402695 0.3542507096917056 1.377148563963537e-06 0.3542520868407779 0.3542507096917056 1.377149072279149e-06 0.7085041736810473 0.7085014193834112 2.754297636187175e-06
302 0.5888671875 0.3536367026758976 0.3536353279292813 1.374746616378264e-06 0.3536367028232475 0.3536353279292813 1.374893966232804e-06 0.7072734054991452 0.7072706558585625 2.749640582666579e-06
303 0.5908203125 0.3530080042893383 0.3530066319966358 1.372292702417344e-06 0.3530080043384456 0.3530066319966358 1.372341809746658e-06 0.7060160086277838 0.7060132639932717 2.74463451210849e-06
304 0.5927734375 0.3523660153507305 0.3523646455638159 1.369786914617865e-06 0.3523660154469081 0.3523646455638159 1.369883092183777e-06 0.7047320307976386 0.7047292911276318 2.739670006746131e-06
305 0.5947265625 0.3517107600305948 0.3517093928012479 1.367229346960208e-06 0.3517107600767911 0.3517093928012479 1.36727554322924e-06 0.7034215201073859 0.7034187856024957 2.734504890189449e-06
306 0.5966796875 0.3510422629989238 0.3510408983788277 1.364620096033775e-06 0.3510422629486918 0.3510408983788277 1.364569864104048e-06 0.7020845259476156 0.7020817967576555 2.729189960137823e-06
307 0.5986328125 0.3503605494242529 0.3503591874649928 1.361959260093304e-06 0.3503605494249032 0.3503591874649928 1.361959910406441e-06 0.7007210988491561 0.7007183749299856 2.723919170555256e-06
308 0.6005859375 0.3496656449727133 0.3496642857257736 1.359246939725001e-06 0.3496656451183348 0.3496642857257736 1.359392561239847e-06 0.6993312900910481 0.6993285714515471 2.718639500964848e-06
309 0.6025390625 0.3489575758070642 0.3489562193238279 1.356483236347739e-06 0.3489575758556299 0.3489562193238279 1.356531801999239e-06 0.697915151662694 0.6979124386476557 2.713015038291466e-06
310 0.6044921875 0.3482363685857105 0.3482350149174554 1.353668255099638e-06 0.3482363686805514 0.3482350149174554 1.353763096012539e-06 0.6964727372662619 0.6964700298349108 2.707431351112177e-06
311 0.6064453125 0.3475020504616959 0.3475006996595946 1.350802101285353e-06 0.3475020505072471 0.3475006996595946 1.350847652570319e-06 0.6950041009689429 0.6950013993191891 2.701649753800162e-06
312 0.6083984375 0.3467546490816829 0.3467533011967998 1.347884883151629e-06 0.3467546490320211 0.3467533011967998 1.347835221376936e-06 0.6935092981137041 0.6935066023935995 2.695720104584076e-06
313 0.6103515625 0.3459941925849113 0.3459928476682007 1.344916710666055e-06 0.3459941925853874 0.3459928476682007 1.344917186729688e-06 0.6919883851702987 0.6919856953364013 2.689833897395744e-06
314 0.6123046875 0.3452207096021384 0.3452193677044428 1.34189769557258e-06 0.3452207097459745 0.3452193677044428 1.34204153168227e-06 0.6904414193481128 0.6904387354088856 2.683939227199339e-06
315 0.6142578125 0.3444342292545611 0.3444328904266096 1.338827951558041e-06 0.3444342293026424 0.3444328904266096 1.338876032819236e-06 0.6888684585572036 0.6888657808532191 2.677703984432789e-06
316 0.6162109375 0.3436347811527208 0.3436334454451261 1.335707594640745e-06 0.3436347812463467 0.3436334454451261 1.335801220581079e-06 0.6872695623990674 0.6872668908902523 2.671508815166312e-06
317 0.6181640625 0.3428223953953861 0.3428210628586441 1.332536742004731e-06 0.3428223954405771 0.3428210628586441 1.332581933022325e-06 0.6856447908359631 0.6856421257172881 2.665118674971545e-06
318 0.6201171875 0.341997102568422 0.3419957732529086 1.329315513387552e-06 0.3419971025195032 0.3419957732529086 1.329266594629619e-06 0.6839942050879252 0.6839915465058172 2.658582108017171e-06
319 0.6220703125 0.3411589337436371 0.3411576076996069 1.326044030247608e-06 0.3411589337440843 0.3411576076996069 1.326044477445443e-06 0.6823178674877215 0.6823152153992138 2.652088507693051e-06
320 0.6240234375 0.3403079204776138 0.3403065977551984 1.322722415320055e-06 0.3403079206193362 0.3403065977551984 1.32286413778715e-06 0.6806158410969501 0.6806131955103969 2.645586553162715e-06
321 0.6259765625 0.3394440948105209 0.3394427754597265 1.319350794393159e-06 0.3394440948577366 0.3394427754597265 1.319398010124484e-06 0.6788881896682575 0.678885550919453 2.638748804462132e-06
322 0.6279296875 0.3385674892649068 0.3385661733356125 1.315929294309903e-06 0.3385674893572028 0.3385661733356125 1.316021590369587e-06 0.6771349786221096 0.6771323466712249 2.63195088467949e-06
323 0.6298828125 0.3376781368444741 0.3376768243864306 1.312458043467579e-06 0.337678136888917 0.3376768243864306 1.3125024864169e-06 0.6753562737333911 0.6753536487728612 2.62496052993999e-06
324 0.6318359375 0.33677607103284 0.3367747620956664 1.308937173594149e-06 0.3367760709846631 0.3367747620956664 1.308888996687241e-06 0.673552142017503 0.6735495241913327 2.61782617028139e-06
325 0.6337890625 0.3358613257922716 0.335860020425455 1.305366816584108e-06 0.3358613257928107 0.335860020425455 1.305367355708409e-06 0.6717226515850824 0.6717200408509101 2.610734172292517e-06
326 0.6357421875 0.3349339355624106 0.3349326338153036 1.301747106996487e-06 0.3349339357020011 0.3349326338153036 1.301886697502308e-06 0.6698678712644117 0.6698652676306072 2.603633804554306e-06
327 0.6376953125 0.3339939352589755 0.3339926371807936 1.298078181888318e-06 0.3339939353054843 0.3339926371807936 1.298124690685132e-06 0.6679878705644599 0.6679852743615873 2.59620287257345e-06
328 0.6396484375 0.3330413602724466 0.3330400659122673 1.294360179371346e-06 0.3330413603632075 0.3330400659122673 1.294450940214631e-06 0.6660827206356541 0.6660801318245345 2.588811119585976e-06
329 0.6416015625 0.3320762464667329 0.3320749558734943 1.290593238667537e-06 0.3320762465103855 0.3320749558734943 1.290636891249086e-06 0.6641524929771185 0.6641499117469886 2.581230129972134e-06
330 0.6435546875 0.3310986301778248 0.3310973434003222 1.286777502607084e-06 0.3310986301303012 0.3310973434003222 1.286729979010914e-06 0.6621972603081261 0.6621946868006444 2.573507481673509e-06
331 0.6455078125 0.3301085482124228 0.3301072652993081 1.282913114686313e-06 0.3301085482129371 0.3301072652993081 1.282913628941618e-06 0.6602170964253599 0.6602145305986162 2.56582674362793e-06
332 0.6474609375 0.3291060378465532 0.3291047588463329 1.279000220344439e-06 0.3291060379836245 0.3291047588463329 1.279137291587684e-06 0.6582120758301777 0.6582095176926658 2.558137511932124e-06
333 0.6494140625 0.3280911368241652 0.3280898617851977 1.275038967463171e-06 0.3280911368697598 0.3280898617851977 1.275084562046835e-06 0.6561822736939249 0.6561797235703954 2.550123529454495e-06
334 0.6513671875 0.3270638833557086 0.3270626123262036 1.271029504923415e-06 0.3270638834447771 0.3270626123262036 1.271118573453744e-06 0.6541277668004857 0.6541252246524073 2.54214807837716e-06
335 0.6533203125 0.3260243161166957 0.3260230491447119 1.266971983771015e-06 0.3260243161596159 0.3260230491447119 1.267014903993946e-06 0.6520486322763116 0.6520460982894238 2.533986887764961e-06
336 0.6552734375 0.324972474246246 0.3249712113796889 1.262866557105724e-06 0.3249724741997038 0.3249712113796889 1.262820014835686e-06 0.6499449484459499 0.6499424227593779 2.525686571996921e-06
337 0.6572265625 0.3239083973456116 0.3239071386322319 1.258713379692633e-06 0.3239083973460066 0.3239071386322319 1.258713774709985e-06 0.6478167946916182 0.6478142772644638 2.517427154402618e-06
338 0.6591796875 0.3228321254766863 0.3228308709640785 1.254512607851144e-06 0.3228321256111288 0.3228308709640785 1.254647050308311e-06 0.6456642510878151 0.645661741928157 2.509159658159454e-06
339 0.6611328125 0.3217436991604978 0.321742448896098 1.250264399732526e-06 0.3217436992052415 0.321742448896098 1.250309143441264e-06 0.6434873983657392 0.6434848977921961 2.500573543118279e-06
340 0.6630859375 0.3206431593756819 0.3206419134067661 1.245968915819518e-06 0.3206431594630715 0.3206419134067661 1.246056305359566e-06 0.6412863188387534 0.6412838268135322 2.492025221179084e-06
341 0.6650390625 0.3195305475569394 0.3195293059306221 1.241626317372013e-06 0.3195305475989286 0.3195293059306221 1.241668306561916e-06 0.6390610951558681 0.6390586118612441 2.483294623933929e-06
342 0.6669921875 0.3184059055934766 0.3184046683567084 1.23723676820342e-06 0.3184059055478431 0.3184046683567084 1.23719113476195e-06 0.6368118111413197 0.6368093367134168 2.474427902909859e-06
343 0.6689453125 0.3172692758274278 0.3172680430269941 1.232800433681458e-06 0.3172692758279805 0.3172680430269941 1.232800986405991e-06 0.6345385516554083 0.6345360860539883 2.465601420031938e-06
344 0.6708984375 0.316120701052262 0.3161194727347805 1.228317481505314e-06 0.3161207011840201 0.3161194727347805 1.228449239665252e-06 0.6322414022362821 0.6322389454695609 2.456766721170567e-06
345 0.6728515625 0.31496022451117 0.3149590007230899 1.223788080095822e-06 0.3149602245549661 0.3149590007230899 1.223831876173698e-06 0.6299204490661361 0.6299180014461798 2.44761995626952e-06
346 0.6748046875 0.3137878898954379 0.3137866706830376 1.219212400260794e-06 0.3137878899809668 0.3137866706830376 1.219297929233587e-06 0.6275757798764048 0.6275733413660752 2.438510329549892e-06
347 0.6767578125 0.3126037413428013 0.3126025267521871 1.214590614251332e-06 0.3126037413838479 0.3126025267521871 1.214631660861887e-06 0.6252074827266493 0.6252050535043742 2.429222275113219e-06
348 0.6787109375 0.3114078234357847 0.3114066135128879 1.20992289681654e-06 0.3114078233912523 0.3114066135128879 1.209878364438755e-06 0.6228156468270371 0.6228132270257758 2.419801261255294e-06
349 0.6806640625 0.310200181200021 0.3101989759905977 1.205209423316145e-06 0.3102001812004551 0.3101989759905977 1.205209857357836e-06 0.6204003624004761 0.6203979519811954 2.410419280729492e-06
350 0.6826171875 0.3089808601025579 0.3089796596521868 1.200450371108275e-06 0.3089808602312821 0.3089796596521868 1.200579095361753e-06 0.61796172033384 0.6179593193043735 2.401029466470028e-06
351 0.6845703125 0.3077499060501457 0.3077487104042258 1.195645919938038e-06 0.3077499060929773 0.3077487104042258 1.195688751454149e-06 0.615499812143123 0.6154974208084516 2.391334671392187e-06
352 0.6865234375 0.3065073653875094 0.3065061745912585 1.19079625093832e-06 0.3065073654710547 0.3065061745912585 1.190879796275635e-06 0.6130147308585641 0.6130123491825169 2.381676047158443e-06
353 0.6884765625 0.3052532848956021 0.3052520989940556 1.185901546407742e-06 0.3052532849358164 0.3052520989940556 1.185941760739606e-06 0.6105065698314185 0.6105041979881113 2.371843307202859e-06
354 0.6904296875 0.3039877117898461 0.303986530827855 1.180961991031904e-06 0.3039877117463669 0.303986530827855 1.180918511811679e-06 0.6079754235362129 0.6079730616557101 2.361880502843583e-06
355 0.6923828125 0.3027106937183535 0.3027095177405825 1.175977770995207e-06 0.3027106937188447 0.3027095177405825 1.175978262213384e-06 0.6054213874371981 0.6054190354811649 2.35195603315308e-06
356 0.6943359375 0.3014222787601333 0.3014211078110592 1.170949074091876e-06 0.3014222788856351 0.3014211078110592 1.171074575812003e-06 0.6028445576457684 0.6028422156221185 2.342023649903879e-06
357 0.6962890625 0.3001225154232805 0.3001213495471907 1.16587608978147e-06 0.3001225154651501 0.3001213495471907 1.165917959400353e-06 0.6002450308884306 0.6002426990943814 2.331794049181823e-06
358 0.6982421875 0.2988114526431502 0.298810291884141 1.160759009133372e-06 0.2988114527246473 0.298810291884141 1.16084050627574e-06 0.5976229053677975 0.5976205837682821 2.321599515409112e-06
359 0.7001953125 0.2974891397805151 0.2974879841824902 1.155598024882298e-06 0.2974891398197353 0.2974879841824902 1.155637245120467e-06 0.5949782796002505 0.5949759683649805 2.311235270058276e-06
360 0.7021484375 0.2961556266197076 0.2961544762263758 1.150393331816879e-06 0.2961556265773147 0.2961544762263758 1.150350938949884e-06 0.5923112531970223 0.5923089524527515 2.300744270766764e-06
361 0.7041015625 0.2948109633667442 0.2948098182216187 1.145145125558411e-06 0.294810963367199 0.2948098182216187 1.145145580305762e-06 0.5896219267339432 0.5896196364432373 2.290290705864173e-06
362 0.7060546875 0.2934552006474371 0.2934540607938326 1.139853604503749e-06 0.2934552007695729 0.2934540607938326 1.139975740360732e-06 0.58691040141701 0.5869081215876651 2.279829344864481e-06
363 0.7080078125 0.2920883895054859 0.2920872549865187 1.13451896721628e-06 0.2920883895461116 0.2920872549865187 1.134559592941287e-06 0.5841767790515975 0.5841745099730373 2.269078560157567e-06
364 0.7099609375 0.2907105814005585 0.2907094522591427 1.129141415756596e-06 0.290710581479757 0.2907094522591427 1.129220614237703e-06 0.5814211628803154 0.5814189045182855 2.258362029938787e-06
365 0.7119140625 0.2893218282063506 0.289320704485199 1.123721151574664e-06 0.2893218282443679 0.289320704485199 1.123759168830674e-06 0.5786436564507185 0.5786414089703981 2.247480320405337e-06
366 0.7138671875 0.2879221822086359 0.2879210639502561 1.118258379839698e-06 0.2879221821675177 0.2879210639502561 1.118217261675269e-06 0.5758443643761537 0.5758421279005121 2.236475641570479e-06
367 0.7158203125 0.2865116961032954 0.2865105833499891 1.112753306276026e-06 0.2865116961037072 0.2865105833499891 1.112753718113257e-06 0.5730233922070027 0.5730211666999783 2.225507024444795e-06
368 0.7177734375 0.2850904229943334 0.2850893157881954 1.107206137995753e-06 0.2850904231130442 0.2850893157881954 1.107324848814706e-06 0.5701808461073776 0.5701786315763908 2.214530986810459e-06
369 0.7197265625 0.2836584163918796 0.2836573147747954 1.101617084164896e-06 0.2836584164313768 0.2836573147747954 1.101656581403709e-06 0.5673168328232563 0.5673146295495908 2.203273665513095e-06
370 0.7216796875 0.2822157302101733 0.282214634223818 1.095986355337253e-06 0.2822157302870339 0.282214634223818 1.096063215910714e-06 0.5644314604972072 0.564429268447636 2.192049571192456e-06
371 0.7236328125 0.280762418765534 0.2807613284513703 1.090314163787465e-06 0.280762418802438 0.2807613284513703 1.090351067711826e-06 0.561524837567972 0.5615226569027405 2.18066523149929e-06
372 0.7255859375 0.2792985367743168 0.2792974521735934 1.084600723344487e-06 0.2792985367343892 0.2792974521735934 1.084560795783229e-06 0.558597073508706 0.5585949043471868 2.169161519183227e-06
373 0.7275390625 0.2778241393508504 0.2778230605046016 1.078846248780962e-06 0.2778241393512576 0.2778230605046016 1.078846655955257e-06 0.555648278702108 0.5556461210092033 2.157692904680708e-06
374 0.7294921875 0.2763392820053658 0.2763382089544082 1.073050957534072e-06 0.2763392821203806 0.2763382089544082 1.073165972365064e-06 0.5526785641257463 0.5526764179088165 2.146216929843625e-06
375 0.7314453125 0.2748440206419024 0.2748429534268346 1.067215067873661e-06 0.2748440206800984 0.2748429534268346 1.067253263875578e-06 0.5496880413220009 0.5496859068536691 2.13446833174924e-06
376 0.7333984375 0.2733384115562058 0.2733373502174064 1.061338799401845e-06 0.2733384116306727 0.2733373502174064 1.061413266334466e-06 0.5466768231868786 0.5466747004348128 2.122752065791822e-06
377 0.7353515625 0.2718225114336071 0.2718214560112333 1.055422373830162e-06 0.2718225114693685 0.2718214560112333 1.055458135168497e-06 0.5436450229029757 0.5436429120224666 2.110880509054169e-06
378 0.7373046875 0.270296377346889 0.2702953278808756 1.049466013480771e-06 0.2702963773081903 0.2702953278808756 1.049427314714357e-06 0.5405927546550793 0.5405906557617511 2.098893328139617e-06
379 0.7392578125 0.2687600667541385 0.2687590232841946 1.043469943895481e-06 0.2687600667547124 0.2687590232841946 1.043470517825273e-06 0.5375201335088509 0.5375180465683892 2.086940461665243e-06
380 0.7412109375 0.2672136374965803 0.2672126000621902 1.03743439017201e-06 0.2672136376077482 0.2672126000621902 1.037545558024711e-06 0.5344272751043285 0.5344252001243803 2.07497994819672e-06
381 0.7431640625 0.2656571477964025 0.2656561164368227 1.031359579795055e-06 0.2656571478334046 0.2656561164368227 1.031396581863131e-06 0.5313142956298071 0.5313122328736455 2.062756161658186e-06
382 0.7451171875 0.2640906562545631 0.2640896310088207 1.025245742358738e-06 0.2640906563265067 0.2640896310088207 1.025317686031979e-06 0.5281813125810698 0.5281792620176414 2.050563428390717e-06
383 0.7470703125 0.2625142218485824 0.2625132027554754 1.01909310695758e-06 0.2625142218831544 0.2625132027554754 1.019127679025011e-06 0.5250284437317367 0.5250264055109508 2.038220785927081e-06
384 0.7490234375 0.260927903930326 0.2609268910284193 1.012901906738417e-06 0.260927903892948 0.2609268910284193 1.012864528693314e-06 0.521855807823274 0.5218537820568385 2.025766435487242e-06
385 0.7509765625 0.2593317622237667 0.2593307555513926 1.006672374126438e-06 0.25933176222419 0.2593307555513926 1.006672797454478e-06 0.5186635244479567 0.5186615111027851 2.013345171580916e-06
386 0.7529296875 0.257725856822738 0.2577248564179935 1.000404744433414e-06 0.257725856930049 0.2577248564179935 1.00051205548235e-06 0.515451713752787 0.5154497128359871 2.000916799915764e-06
387 0.7548828125 0.2561102481886706 0.2561092540894171 9.940992534707149e-07 0.2561102482243221 0.2561092540894171 9.941349049524817e-07 0.5122204964129927 0.5122185081788343 1.988234158423197e-06
388 0.7568359375 0.2544849971483168 0.2544840093921778 9.877561390481127e-07 0.2544849972176592 0.2544840093921778 9.878254813577847e-07 0.508969994365976 0.5089680187843556 1.975581620405897e-06
389 0.7587890625 0.2528501648914596 0.2528491835158198 9.813756398080464e-07 0.2528501649246377 0.2528491835158198 9.814088178794478e-07 0.5057003298160974 0.5056983670316396 1.962784457743005e-06
390 0.7607421875 0.2512058129686101 0.2512048380106133 9.749579967244237e-07 0.2512058129326623 0.2512048380106133 9.749220489796429e-07 0.5024116259012723 0.5024096760212267 1.949880045648555e-06
391 0.7626953125 0.2495520032886889 0.2495510347852372 9.685034516593305e-07 0.2495520032891027 0.2495510347852372 9.685038654394518e-07 0.4991040065777915 0.4991020695704744 1.937007317098782e-06
392 0.7646484375 0.2478887981166957 0.2478878361044484 9.620122473075199e-07 0.2478887982198938 0.2478878361044484 9.621154453964831e-07 0.4957775963365896 0.4957756722088968 1.924127692731759e-06
393 0.7666015625 0.2462162600713658 0.2462153045867369 9.554846288895025e-07 0.2462162601057506 0.2462153045867369 9.555190136900649e-07 0.4924325201771165 0.4924306091734739 1.911003642607323e-06
394 0.7685546875 0.2445344521228111 0.2445335032019693 9.489208417645667e-07 0.244534452189409 0.2445335032019693 9.48987439658433e-07 0.4890689043122201 0.4890670064039387 1.897908281423e-06
395 0.7705078125 0.2428434375901504 0.242842495269017 9.423211334569359e-07 0.2428434376219789 0.242842495269017 9.423529619689841e-07 0.4856868752121294 0.4856849905380339 1.884674095453676e-06
396 0.7724609375 0.2411432801391258 0.241142344453373 9.356857528508566e-07 0.2411432801046755 0.241142344453373 9.356513025471358e-07 0.4822865602438013 0.482284688906746 1.871337055370237e-06
397 0.7744140625 0.2394340437797043 0.2394331147647544 9.290149498575317e-07 0.239434043780118 0.2394331147647544 9.290153635821419e-07 0.4788680875598222 0.4788662295295088 1.858030313439674e-06
398 0.7763671875 0.2377157928636688 0.2377148705546932 9.223089756094094e-07 0.2377157929627239 0.2377148705546932 9.224080307623783e-07 0.4754315858263927 0.4754297411093864 1.844717006371788e-06
399 0.7783203125 0.2359885920821957 0.2359876765141124 9.155680832373392e-07 0.2359885921150417 0.2359876765141124 9.156009292687894e-07 0.4719771841972373 0.4719753530282249 1.831169012478373e-06
400 0.7802734375 0.2342525064634182 0.2342515976708918 9.087925263995267e-07 0.2342525065272854 0.2342515976708918 9.088563935888416e-07 0.4685050129907036 0.4685031953417836 1.817648919988368e-06
401 0.7822265625 0.2325076013699791 0.2325066993874183 9.019825607248233e-07 0.2325076014004966 0.2325066993874183 9.02013078285524e-07 0.4650152027704757 0.4650133987748367 1.803995639038103e-06
402 0.7841796875 0.2307539424965686 0.2307530473581263 8.951384423694364e-07 0.2307539424635997 0.2307530473581263 8.951054734640529e-07 0.4615078849601684 0.4615060947162525 1.790243915833489e-06
403 0.7861328125 0.228991595867453 0.2289907076070234 8.882604296545082e-07 0.2289915958678071 0.2289907076070234 8.882607837046308e-07 0.4579831917352601 0.4579814152140467 1.776521213359139e-06
404 0.7880859375 0.2272206278339866 0.227219746485205 8.813487815118037e-07 0.2272206279286181 0.227219746485205 8.814434130088866e-07 0.4544412557626046 0.4544394929704101 1.762792194548446e-06
405 0.7900390625 0.2254411050721155 0.2254402306683568 8.744037587049558e-07 0.2254411051035107 0.2254402306683568 8.74435153924713e-07 0.4508822101756262 0.4508804613367136 1.748838912629669e-06
406 0.7919921875 0.2236530945798658 0.2236522271542431 8.674256226637311e-07 0.2236530946409074 0.2236522271542431 8.674866643354484e-07 0.4473061892207732 0.4473044543084862 1.73491228699918e-06
407 0.7939453125 0.2218566636748223 0.2218558032601859 8.604146364277199e-07 0.2218566637039397 0.2218558032601859 8.604437538028975e-07 0.4437133273787621 0.4437116065203718 1.720858390230617e-06
408 0.7958984375 0.2200518799915936 0.2200510266205293 8.533710643410242e-07 0.2200518799600746 0.2200510266205293 8.533395453313997e-07 0.4401037599516683 0.4401020532410586 1.706710609672424e-06
409 0.7978515625 0.2182388114792654 0.2182379651840938 8.462951715804135e-07 0.2182388114796416 0.2182379651840938 8.462955477794853e-07 0.436477622958907 0.4364759303681877 1.692590719359899e-06
410 0.7998046875 0.2164175263988426 0.2164166872116177 8.391872249324805e-07 0.216417526489001 0.2164166872116177 8.392773833687528e-07 0.4328350528878436 0.4328333744232353 1.678464608301233e-06
411 0.8017578125 0.2145880933206793 0.2145872612731873 8.320474919332188e-07 0.214588093350522 0.2145872612731873 8.320773346170984e-07 0.4291761866712012 0.4291745225463747 1.664124826550317e-06
412 0.8037109375 0.2127505811218973 0.2127497562456552 8.248762421447786e-07 0.2127505811798934 0.2127497562456552 8.249342381971836e-07 0.4255011623017907 0.4254995124913103 1.649810480341962e-06
413 0.8056640625 0.2109050589837924 0.210904241310047 8.176737454068661e-07 0.2109050590114996 0.210904241310047 8.177014526600246e-07 0.421810117995292 0.4218084826200939 1.635375198094646e-06
414 0.8076171875 0.2090515963892304 0.2090507859489572 8.104402732245219e-07 0.2090515963593264 0.2090507859489572 8.104103692008202e-07 0.4181031927485567 0.4181015718979143 1.620850642425342e-06
415 0.8095703125 0.2071902631200306 0.2071894599439322 8.031760983795433e-07 0.2071902631203792 0.2071894599439322 8.03176446989573e-07 0.4143805262404098 0.4143789198878644 1.606352545369116e-06
416 0.8115234375 0.2053211292543387 0.2053203333728444 7.9588149426435e-07 0.2053211293397146 0.2053203333728444 7.959668701373879e-07 0.4106422585940533 0.4106406667456889 1.591848364401738e-06
417 0.8134765625 0.2034442651639886 0.2034434766072526 7.885567359922074e-07 0.2034442651922432 0.2034434766072526 7.885849905853171e-07 0.4068885303562317 0.4068869532145052 1.577141726549769e-06
418 0.8154296875 0.2015597415118529 0.2015589603097533 7.812020995923152e-07 0.2015597415667634 0.2015589603097533 7.812570100851346e-07 0.4031194830786163 0.4031179206195067 1.562459109649694e-06
419 0.8173828125 0.199667629249182 0.1996668554313198 7.738178621485847e-07 0.1996676292754015 0.1996668554313198 7.738440817306458e-07 0.3993352585245835 0.3993337108626396 1.547661943879231e-06
420 0.8193359375 0.1977679996129334 0.1977672332086317 7.66404301744128e-07 0.197767999584619 0.1977672332086317 7.663759873655085e-07 0.3955359991975524 0.3955344664172634 1.532780289081881e-06
421 0.8212890625 0.1958609241230898 0.1958601651613916 7.589616982106584e-07 0.1958609241234767 0.1958601651613916 7.589620851233825e-07 0.3917218482465665 0.3917203303227831 1.517923783334041e-06
422 0.8232421875 0.1939464745799654 0.1939457230896338 7.514903316852006e-07 0.193946474660735 0.1939457230896338 7.51571101270665e-07 0.3878929492407005 0.3878914461792675 1.503061432983621e-06
423 0.8251953125 0.192024723061504 0.1920239790710203 7.439904836648026e-07 0.1920247230881912 0.1920239790710203 7.440171709005572e-07 0.3840494461496952 0.3840479581420406 1.488007654537604e-06
424 0.8271484375 0.1900957419205642 0.190095005458127 7.364624372008244e-07 0.190095741972401 0.190095005458127 7.365142739301778e-07 0.3801914838929652 0.3801900109162541 1.472976711103247e-06
425 0.8291015625 0.1881596037821959 0.1881588748757206 7.289064752613594e-07 0.1881596038069034 0.1881588748757206 7.289311828306833e-07 0.3763192075890993 0.3763177497514412 1.457837658092043e-06
426 0.8310546875 0.1862163815409061 0.1862156602180228 7.213228833125029e-07 0.186216381514273 0.1862156602180228 7.212962502556319e-07 0.3724327630551791 0.3724313204360455 1.44261913359589e-06
427 0.8330078125 0.184266148357914 0.1842654346459674 7.137119465705499e-07 0.1842661483582301 0.1842654346459674 7.137122627065562e-07 0.3685322967161441 0.3685308692919348 1.427424209277106e-06
428 0.8349609375 0.1823089776583968 0.1823082715844447 7.060739520559078e-07 0.1823089777342878 0.1823082715844447 7.061498430438462e-07 0.3646179553926845 0.3646165431688894 1.412223795071998e-06
429 0.8369140625 0.1803449431287256 0.1803442447195381 6.984091875106291e-07 0.1803449431538034 0.1803442447195381 6.984342653393316e-07 0.360689886282529 0.3606884894390761 1.396843452849961e-06
430 0.8388671875 0.1783741187136906 0.1783734279957485 6.90717942120056e-07 0.1783741187623112 0.1783734279957485 6.907665626443293e-07 0.3567482374760018 0.356746855991497 1.381484504792141e-06
431 0.8408203125 0.1763965786137175 0.1763958956132122 6.830005053193311e-07 0.1763965786369941 0.1763958956132122 6.830237818944429e-07 0.3527931572507116 0.3527917912264244 1.366024287186018e-06
432 0.8427734375 0.1744123972820735 0.1744117220249052 6.752571683199537e-07 0.1744123972571611 0.1744117220249052 6.752322558589707e-07 0.3488247945392346 0.3488234440498104 1.350489424178924e-06
433 0.8447265625 0.1724216494220645 0.1724209819338419 6.674882225554679e-07 0.1724216494224012 0.1724209819338419 6.674885592028446e-07 0.3448432988444656 0.3448419638676839 1.334976781730557e-06
434 0.8466796875 0.1704244099842225 0.1704237502902617 6.596939607639296e-07 0.1704244100551295 0.1704237502902617 6.59764867794177e-07 0.340848820039352 0.3408475005805234 1.319458828585862e-06
435 0.8486328125 0.1684207541634838 0.1684201022888068 6.518746770156625e-07 0.1684207541869288 0.1684201022888068 6.51898121956096e-07 0.3368415083504126 0.3368402045776136 1.303772798999514e-06
436 0.8505859375 0.166410757396358 0.1664101133656923 6.440306657418127e-07 0.1664107574417117 0.1664101133656923 6.440760194070805e-07 0.3328215148380698 0.3328202267313846 1.288106685148893e-06
437 0.8525390625 0.1643944953580875 0.1643938591958648 6.361622227057939e-07 0.164394495379721 0.1643938591958648 6.361838561785849e-07 0.3287889907378085 0.3287877183917296 1.272346078884379e-06
438 0.8544921875 0.1623720439597986 0.1623714156901545 6.282696441151092e-07 0.1623720439365994 0.1623714156901545 6.282464448947866e-07 0.324744087896398 0.324742831380309 1.256516089009896e-06
439 0.8564453125 0.1603434793456438 0.160342858992416 6.203532277870849e-07 0.1603434793459491 0.160342858992416 6.203535330151499e-07 0.3206869586915929 0.3206857179848321 1.24070676082999e-06
440 0.8583984375 0.1583088778899345 0.1583082654766628 6.124132717333364e-07 0.1583088779558603 0.1583082654766628 6.12479197470428e-07 0.3166177558457948 0.3166165309533256 1.224892469176009e-06
441 0.8603515625 0.1562683161942657 0.1562677117441904 6.044500753532578e-07 0.1562683162160532 0.1562677117441904 6.044718628417378e-07 0.3125366324103189 0.3125354234883808 1.20892193816724e-06
442 0.8623046875 0.1542218710846325 0.1542212746206938 5.964639386846216e-07 0.154221871126628 0.1542212746206938 5.965059341195289e-07 0.3084437422112605 0.3084425492413877 1.192969872776395e-06
443 0.8642578125 0.1521696196085365 0.1521690311533739 5.884551625978673e-07 0.1521696196285413 0.1521690311533739 5.884751674012367e-07 0.3043392392370778 0.3043380623067478 1.17693033002686e-06
444 0.8662109375 0.1501116390320866 0.1501110586080373 5.804240492401913e-07 0.1501116390106423 0.1501110586080373 5.804026049216482e-07 0.3002232780427289 0.3002221172160747 1.160826654189595e-06
445 0.8681640625 0.1480480068370882 0.1480474344661874 5.723709007587896e-07 0.1480480068373257 0.1480474344661874 5.723711382354946e-07 0.2960960136744138 0.2960948689323749 1.144742038994284e-06
446 0.8701171875 0.1459788007181274 0.1459782364221064 5.642960209661929e-07 0.1459788007789032 0.1459782364221064 5.643567967117402e-07 0.2919576014970305 0.2919564728442129 1.128652817650178e-06
447 0.8720703125 0.1439040985796455 0.1439035423799316 5.561997139524877e-07 0.1439040985996463 0.1439035423799316 5.562197147312986e-07 0.2878081971792918 0.2878070847598631 1.112419428683786e-06
448 0.8740234375 0.1418239785330057 0.1418234304507205 5.480822851677836e-07 0.1418239785716664 0.1418234304507205 5.481209458257918e-07 0.2836479571046721 0.2836468609014411 1.09620323096582e-06
449 0.8759765625 0.1397385188935522 0.1397379789495121 5.399440400344346e-07 0.1397385189119257 0.1397379789495121 5.399624135593584e-07 0.2794770378054778 0.2794759578990242 1.079906453593793e-06
450 0.8779296875 0.1376477981776622 0.1376472663923763 5.317852858344185e-07 0.1376477981580027 0.1376472663923763 5.317656263381654e-07 0.2752955963356649 0.2752945327847527 1.063550912172584e-06
451 0.8798828125 0.135551895099789 0.1355513714934596 5.236063294611348e-07 0.1355518951000954 0.1355513714934596 5.236066358271785e-07 0.2711037901998845 0.2711027429869192 1.047212965288313e-06
452 0.8818359375 0.1334508885694994 0.1334503731620199 5.154074795288288e-07 0.1334508886250508 0.1334503731620199 5.154630309534003e-07 0.2669017771945502 0.2669007463240398 1.030870510454474e-06
453 0.8837890625 0.131344857688502 0.1313443504994572 5.071890447905236e-07 0.1313448577068136 0.1313443504994572 5.072073564205137e-07 0.2626897153953157 0.2626887009989144 1.014396401211037e-06
454 0.8857421875 0.1292338817476696 0.1292333827963343 4.989513353870212e-07 0.1292338817829007 0.1292333827963343 4.989865664550841e-07 0.2584677635305703 0.2584667655926685 9.979379018143497e-07
455 0.8876953125 0.1271180402240533 0.127117549529392 4.906946612648344e-07 0.1271180402407618 0.127117549529392 4.907113697882881e-07 0.2542360804648151 0.2542350990587841 9.814060310531225e-07
456 0.8896484375 0.124997412777891 0.1249969303585573 4.82419333758255e-07 0.1249974127599717 0.1249969303585573 4.824014144255706e-07 0.2499948255378628 0.2499938607171146 9.648207481838256e-07
457 0.8916015625 0.1228720792496078 0.1228716051239429 4.741256648399528e-07 0.1228720792497995 0.1228716051239429 4.74125856519958e-07 0.2457441584994072 0.2457432102478859 9.482515213599108e-07
458 0.8935546875 0.1207421196568098 0.1207416538428431 4.658139666768868e-07 0.120742119707036 0.1207416538428431 4.658641929167207e-07 0.2414842393638459 0.2414833076856863 9.316781595936074e-07
459 0.8955078125 0.1186076141912725 0.1186071567067195 4.574845530735949e-07 0.118607614207795 0.1186071567067195 4.575010755097919e-07 0.2372152283990675 0.2372143134134389 9.149856285972646e-07
460 0.8974609375 0.1164686432159206 0.1164681940781829 4.491377376403261e-07 0.1164686432476744 0.1164681940781829 4.491694914204869e-07 0.232937286463595 0.2329363881563659 8.983072290746907e-07
461 0.8994140625 0.1143252872618022 0.1143248464879674 4.407738348616297e-07 0.1143252872768545 0.1143248464879674 4.407888870988641e-07 0.2286505745386567 0.2286496929759347 8.815627219604938e-07
462 0.9013671875 0.1121776270250583 0.1121771946318983 4.32393160026967e-07 0.1121776270089829 0.1121771946318983 4.323770846498265e-07 0.2243552540340412 0.2243543892637966 8.647702446629157e-07
463 0.9033203125 0.110025743363883 0.110025319367854 4.239960290225442e-07 0.110025743364099 0.110025319367854 4.239962450025558e-07 0.220051486727982 0.220050638735708 8.479922740389778e-07
464 0.9052734375 0.1078697172954804 0.1078693017127222 4.15582758206412e-07 0.1078697173403789 0.1078693017127222 4.156276566802397e-07 0.2157394346358593 0.2157386034254444 8.312104148866517e-07
465 0.9072265625 0.1057096299930136 0.1057092228393488 4.071536648386775e-07 0.1057096300077289 0.1057092228393488 4.071683800954684e-07 0.2114192600007425 0.2114184456786975 8.143220449341459e-07
466 0.9091796875 0.103545562782549 0.1035451640734825 3.987090664708814e-07 0.1035455628107586 0.1035451640734825 3.987372760305696e-07 0.2070911255933076 0.207090328146965 7.974463425153289e-07
467 0.9111328125 0.1013775971399942 0.101377206890713 3.902492811541647e-07 0.1013775971533389 0.101377206890713 3.902626258267539e-07 0.2027551942933331 0.2027544137814261 7.805119069947963e-07
468 0.9130859375 0.09920581468803071 0.09920543291340257 3.81774628133158e-07 0.09920581467380556 0.09920543291340257 3.817604029843213e-07 0.1984116293618363 0.1984108658268051 7.635350311174793e-07
469 0.9150390625 0.09703029719304056 0.09702992390761421 3.732854263471808e-07 0.09703029719320105 0.09702992390761421 3.732855868437968e-07 0.1940605943862416 0.1940598478152284 7.465710132048553e-07
470 0.9169921875 0.09485112656202813 0.0948507617800321 3.647819960261867e-07 0.09485112660151326 0.0948507617800321 3.648214811635686e-07 0.1897022531635414 0.1897015235600642 7.296034771897553e-07
471 0.9189453125 0.09266838483953641 0.09266802857487902 3.562646573862516e-07 0.09266838485245073 0.09266802857487902 3.562775717086408e-07 0.1853367696919871 0.185336057149758 7.125422291087702e-07
472 0.9208984375 0.09048215420455803 0.09048180647082611 3.477337319202078e-07 0.09048215422923654 0.09048180647082611 3.47758410429444e-07 0.1809643084337946 0.1809636129416522 6.954921423496518e-07
473 0.9228515625 0.08829251696744084 0.08829217777790026 3.391895405796541e-07 0.08829251697902914 0.08829217777790026 3.392011288794183e-07 0.17658503394647 0.1765843555558005 6.783906694451947e-07
474 0.9248046875 0.08609955556678958 0.08609922493438384 3.306324057456012e-07 0.08609955555447127 0.08609922493438384 3.306200874325649e-07 0.1721991111212609 0.1721984498687677 6.61252493178166e-07
475 0.9267578125 0.08390335256636187 0.08390303050371228 3.220626495908929e-07 0.08390335256653783 0.08390303050371228 3.220628255473645e-07 0.1678067051328997 0.1678060610074246 6.441254751243797e-07
476 0.9287109375 0.08170399065195975 0.08170367717136429 3.134805954679853e-07 0.08170399068593828 0.08170367717136429 3.135145739963097e-07 0.163407981337898 0.1634073543427286 6.269951694504172e-07
477 0.9306640625 0.07950155262831642 0.07950124774174989 3.048865665211675e-07 0.0795015526393754 0.07950124774174989 3.04897625508227e-07 0.1590031052676918 0.1590024954834998 6.097841920293945e-07
478 0.9326171875 0.07729612141597919 0.07729582513509248 2.96280886713518e-07 0.07729612143707768 0.07729582513509248 2.96301985197589e-07 0.1545922428530569 0.154591650270185 5.92582871911107e-07
479 0.9345703125 0.07508778004818688 0.07508749238430633 2.876638805493492e-07 0.07508778005808102 0.07508749238430633 2.876737746904112e-07 0.1501755601062679 0.1501749847686127 5.753376552397604e-07
480 0.9365234375 0.0728766116677441 0.07287633263187171 2.790358723941955e-07 0.07287661165730816 0.07287633263187171 2.790254364504197e-07 0.1457532233250523 0.1457526652637434 5.580613088307373e-07
481 0.9384765625 0.07066269952389111 0.0706624291267032 2.703971879042255e-07 0.07066269952405185 0.0706624291267032 2.703973486506417e-07 0.1413253990479429 0.1413248582534064 5.407945365409894e-07
482 0.9404296875 0.06844612696916895 0.0684458652210168 2.617481521527409e-07 0.06844612699764591 0.0684458652210168 2.617766291096446e-07 0.1368922539668149 0.1368917304420336 5.235247812762633e-07
483 0.9423828125 0.06622697745628205 0.06622672436719042 2.530890916285777e-07 0.06622697746550861 0.06622672436719042 2.53098318192535e-07 0.1324539549217907 0.1324534487343808 5.061874098211128e-07
484 0.9443359375 0.06400533453495558 0.06400509011462328 2.444203322932159e-07 0.06400533455239843 0.06400509011462328 2.444377751459337e-07 0.128010669087354 0.1280101802292466 4.888581074391496e-07
485 0.9462890625 0.06178128184879009 0.06178104610658899 2.357422011073362e-07 0.06178128185693937 0.06178104610658899 2.357503503802594e-07 0.1235625637057295 0.123562092213178 4.714925514875956e-07
486 0.9482421875 0.05955490313211265 0.05955467607708757 2.270550250871306e-07 0.05955490312358461 0.05955467607708757 2.270464970408059e-07 0.1191098062556973 0.1191093521541751 4.541015221209976e-07
487 0.9501953125 0.05732628220682388 0.05732606384769244 2.183591314430799e-07 0.05732628220692632 0.05732606384769244 2.183592338750318e-07 0.1146525644137502 0.1146521276953849 4.367183653181117e-07
488 0.9521484375 0.05509550297924218 0.05509529332439411 2.096548480726157e-07 0.0550955030021618 0.05509529332439411 2.096777676832695e-07 0.110191005981404 0.1101905866487882 4.193326157558852e-07
489 0.9541015625 0.05286264943694518 0.05286244849444227 2.009425029078638e-07 0.05286264944430291 0.05286244849444227 2.009498606403426e-07 0.1057252988812481 0.1057248969888845 4.018923635551452e-07
490 0.9560546875 0.05062780564560707 0.05062761342318243 1.922224246442283e-07 0.05062780565941589 0.05062761342318243 1.922362334594307e-07 0.101255611305023 0.1012552268463649 3.844586581036591e-07
491 0.9580078125 0.0483910557458337 0.0483908722508922 1.834949414913911e-07 0.04839105575221057 0.0483908722508922 1.835013183626444e-07 0.09678211149804426 0.09678174450178441 3.669962598540355e-07
492 0.9599609375 0.04615248394999497 0.0461523091896122 1.747603827623179e-07 0.04615248394338525 0.0461523091896122 1.747537730495408e-07 0.09230496789338022 0.09230461837922441 3.495141558118586e-07
493 0.9619140625 0.04391217453905411 0.04391200851997677 1.660190773328241e-07 0.04391217453915128 0.04391200851997677 1.660191745050943e-07 0.08782434907820538 0.08782401703995354 3.320382518379184e-07
494 0.9638671875 0.04167021185939455 0.04167005458803957 1.572713549807814e-07 0.04167021187671927 0.04167005458803957 1.572886796988304e-07 0.08334042373611381 0.08334010917607913 3.145600346726729e-07
495 0.9658203125 0.03942668031964439 0.0394265318020993 1.485175450885445e-07 0.03942668032512883 0.0394265318020993 1.485230295278361e-07 0.07885336064477322 0.07885306360419859 2.970405746233196e-07
496 0.9677734375 0.0371816643874984 0.03718152462952047 1.397579779335856e-07 0.037181664397637 0.03718152462952047 1.397681165318798e-07 0.07436332878513541 0.07436304925904094 2.795260944654654e-07
497 0.9697265625 0.03493524858653785 0.03493511759355444 1.309929834117374e-07 0.03493524859115069 0.03493511759355444 1.309975962496268e-07 0.06987049717768853 0.06987023518710887 2.619905796613642e-07
498 0.9716796875 0.03268751749304839 0.03268739527015657 1.222228918143498e-07 0.03268751748834384 0.03268739527015657 1.222181872720385e-07 0.06537503498139223 0.06537479054031314 2.444410790863882e-07
499 0.9736328125 0.03043855573283556 0.03043844228480161 1.134480339531896e-07 0.03043855573290741 0.03043844228480161 1.134481057984971e-07 0.06087711146574297 0.06087688456960322 2.268961397516867e-07
500 0.9755859375 0.02818844797803892 0.02818834330929867 1.046687402479762e-07 0.02818844798974425 0.02818834330929867 1.046804455825945e-07 0.05637689596778317 0.05637668661859734 2.093491858271013e-07
501 0.9775390625 0.02593727894394403 0.02593718305860209 9.588534194068798e-08 0.02593727894754691 0.02593718305860209 9.588894482256971e-08 0.05187455789149094 0.05187436611720418 1.917742867632577e-07
502 0.9794921875 0.02368513338579301 0.02368504628762327 8.70981697390083e-08 0.02368513339225699 0.02368504628762327 8.710463371766619e-08 0.04737026677804999 0.04737009257524654 1.74202803453205e-07
503 0.9814453125 0.02143209609559355 0.0214320177880384 7.830755515553234e-08 0.02143209609843003 0.0214320177880384 7.831039163658238e-08 0.04286419219402358 0.04286403557607679 1.566179467921147e-07
504 0.9833984375 0.01917825189892659 0.01917818238509739 6.951382919284654e-08 0.01917825189617058 0.01917818238509739 6.951107318561855e-08 0.03835650379509717 0.03835636477019479 1.390249023819345e-07
505 0.9853515625 0.01692368565175263 0.01692362493442898 6.071732364457127e-08 0.01692368565181622 0.01692362493442898 6.07173872395339e-08 0.03384737130356885 0.03384724986885797 1.214347108841052e-07
506 0.9873046875 0.01466848223721693 0.01466843031884722 5.191836970758201e-08 0.01466848224370792 0.01466843031884722 5.192486069588442e-08 0.02933696448092485 0.02933686063769445 1.038432304034664e-07
507 0.9892578125 0.01241272656245379 0.01241268344515443 4.31172993593798e-08 0.01241272656418176 0.01241268344515443 4.311902732610784e-08 0.02482545312663555 0.02482536689030886 8.623632668722236e-08
508 0.9912109375 0.01015650355538977 0.0101564692409456 3.431444417327512e-08 0.01015650355830543 0.0101564692409456 3.431735982536988e-08 0.0203130071136952 0.0203129384818912 6.863180399691027e-08
509 0.9931640625 0.007899898161546228 0.007899872651410473 2.551013575553818e-08 0.007899898159839396 0.007899872651410473 2.550842892294625e-08 0.01579979632138562 0.01579974530282095 5.101856467848442e-08
510 0.9951171875 0.005642995340841192 0.005642978636134883 1.670470630831672e-08 0.005642995339724891 0.005642978636134883 1.67035900076884e-08 0.01128599068056608 0.01128595727226977 3.340829631513775e-08
511 0.9970703125 0.00338588006439063 0.00338587216590323 7.898487399283366e-09 0.003385880065240723 0.00338587216590323 7.899337493150194e-09 0.006771760129631352 0.00677174433180646 1.579782489199988e-08
512 0.9990234375 0.001128637311309335 0.001128638219498071 -9.081887358038804e-10 0.001128637310777593 0.001128638219498071 -9.087204782057268e-10 0.002257274622086927 0.002257276438996141 -1.816909214226448e-09
