# P x u_num u_exact u_err v_num v_exact v_err psi_num psi_exact psi_err
1 9.7656250000000000e-04 3.0374161836765425e-03 3.0374300831241007e-03 -1.3899447558196609e-08 3.0373883552384236e-03 3.0374300831241007e-03 -4.1727885677182719e-08 6.0748045389149661e-03 6.0748601662482015e-03 -5.5627333235379328e-08
2 2.9296875000000000e-03 9.1121627829493287e-03 9.1121758918464354e-03 -1.3108897106706152e-08 9.1121365291772193e-03 9.1121758918464354e-03 -3.9362669216128077e-08 1.8224299312126546e-02 1.8224351783692871e-02 -5.2471566324568952e-08
3 4.8828125000000000e-03 1.5186566313770092e-02 1.5186578632296664e-02 -1.2318526572061006e-08 1.5186541617466359e-02 1.5186578632296664e-02 -3.7014830304993307e-08 3.0373107931236452e-02 3.0373157264593328e-02 -4.9333356875319589e-08
4 6.8359375000000000e-03 2.1260398078044446e-02 2.1260409606644878e-02 -1.1528600431937042e-08 2.1260374937917530e-02 2.1260409606644878e-02 -3.4668727347253459e-08 4.2520773015961980e-02 4.2520819213289755e-02 -4.6197327775721053e-08
5 8.7890625000000000e-03 2.7333429399206157e-02 2.7333440138587829e-02 -1.0739381672147941e-08 2.7333407813816244e-02 2.7333440138587829e-02 -3.2324771585129364e-08 5.4666837213022401e-02 5.4666880277175658e-02 -4.3064153257277304e-08
6 1.0742187500000000e-02 3.3405431630827126e-02 3.3405441581958482e-02 -9.9511313564337733e-09 3.3405411598246885e-02 3.3405441581958482e-02 -2.9983711596903717e-08 6.6810843229074018e-02 6.6810883163916965e-02 -3.9934842946398597e-08
7 1.2695312500000000e-02 3.9476176165226119e-02 3.9476185329334418e-02 -9.1641082985982614e-09 3.9476157683016190e-02 3.9476185329334418e-02 -2.7646318227769751e-08 7.8952333848242309e-02 7.8952370658668836e-02 -3.6810426526368012e-08
8 1.4648437500000000e-02 4.5545434442076621e-02 4.5545442820644724e-02 -8.3785681032066961e-09 4.5545417507268739e-02 4.5545442820644724e-02 -2.5313375985602793e-08 9.1090851949345353e-02 9.1090885641289449e-02 -3.3691944095748383e-08
9 1.6601562500000000e-02 5.1612977957012432e-02 5.1612985551775237e-02 -7.5947628047634552e-09 5.1612962566156911e-02 5.1612985551775237e-02 -2.2985618325366275e-08 1.0322594052316934e-01 1.0322597110355047e-01 -3.0580381130129730e-08
10 1.8554687500000000e-02 5.7678578270231033e-02 5.7678585083171481e-02 -6.8129404479089217e-09 5.7678564419355635e-02 5.7678585083171481e-02 -2.0663815845922695e-08 1.1535714268958666e-01 1.1535717016634296e-01 -2.7476756300770511e-08
11 2.0507812500000000e-02 6.3742007015094956e-02 6.3742013048439433e-02 -6.0333444767968203e-09 6.3741994699757692e-02 6.3742013048439433e-02 -1.8348681740665285e-08 1.2748400171485263e-01 1.2748402609687887e-01 -2.4382026231339893e-08
12 2.2460937500000000e-02 6.9803035906730065e-02 6.9803041162943225e-02 -5.2562131591660233e-09 6.9803025122013015e-02 6.9803041162943225e-02 -1.6040930209126891e-08 1.3960606102874307e-01 1.3960608232588645e-01 -2.1297143382170702e-08
13 2.4414062500000000e-02 7.5861436750620265e-02 7.5861441232400073e-02 -4.4817798083851557e-09 7.5861427491156680e-02 7.5861441232400073e-02 -1.3741243393150526e-08 1.5172286424177694e-01 1.5172288246480015e-01 -1.8223023201535682e-08
14 2.6367187500000000e-02 8.1916981451200424e-02 8.1916985161471598e-02 -3.7102711736292093e-09 8.1916973711110258e-02 8.1916985161471598e-02 -1.1450361339648829e-08 1.6383395516231070e-01 1.6383397032294320e-01 -1.5160632499400251e-08
15 2.8320312500000000e-02 8.7969442020443295e-02 8.7969444962351442e-02 -2.9419081476467213e-09 8.7969435793486636e-02 8.7969444962351442e-02 -9.1688648062859812e-09 1.7593887781392992e-01 1.7593888992470288e-01 -1.2110772967810490e-08
16 3.0273437500000000e-02 9.4018590586444545e-02 9.4018592763348979e-02 -2.1769044344921440e-09 9.4018585865895871e-02 9.4018592763348979e-02 -6.8974531086674062e-09 1.8803717645234042e-01 1.8803718552669796e-01 -9.0743575431595502e-09
17 3.2226562500000000e-02 1.0006419940200120e-01 1.0006420081746853e-01 -1.4154673266819628e-09 1.0006419618075763e-01 1.0006420081746853e-01 -4.6367109041156596e-09 2.0012839558275883e-01 2.0012840163493706e-01 -6.0521782307976224e-09
18 3.4179687500000000e-02 1.0610604085318801e-01 1.0610604151098380e-01 -6.5779579005997846e-10 1.0610603912373602e-01 1.0610604151098380e-01 -2.3872477744601994e-09 2.1221207997692404e-01 2.1221208302196759e-01 -3.0450435506423901e-09
19 3.6132812500000000e-02 1.1214388746792583e-01 1.1214388737200755e-01 9.5918287201790520e-11 1.1214388722232305e-01 1.1214388737200755e-01 -1.4968450090524499e-10 2.2428777469024888e-01 2.2428777474401509e-01 -5.3766213703454468e-11
20 3.8085937500000000e-02 1.1817751192454704e-01 1.1817751107905573e-01 8.4549130197064670e-10 1.1817751315455428e-01 1.1817751107905573e-01 2.0754985508020241e-09 2.3635502507910133e-01 2.3635502215811147e-01 2.9209898666504586e-09
21 4.0039062500000000e-02 1.2420668706035358e-01 1.2420668546960599e-01 1.5907475892085188e-09 1.2420668975732972e-01 1.2420668546960599e-01 4.2877237316218952e-09 2.4841337681768330e-01 2.4841337093921198e-01 5.8784713208304140e-09
22 4.1992187500000000e-02 1.3023118588017063e-01 1.3023118354865024e-01 2.3315203934171080e-09 1.3023119003522435e-01 1.3023118354865024e-01 6.4865741111752584e-09 2.6046237591539501e-01 2.6046236709730047e-01 8.8180945323479420e-09
23 4.3945312500000000e-02 1.3625078156489265e-01 1.3625077849724079e-01 3.0676518547601006e-09 1.3625078716865435e-01 1.3625077849724079e-01 8.6714135594245789e-09 2.7250156873354703e-01 2.7250155699448159e-01 1.1739065441940255e-08
24 4.5898437500000000e-02 1.4226524748002317e-01 1.4226524368103025e-01 3.7989929257964405e-09 1.4226525452306080e-01 1.4226524368103025e-01 1.0842030551128090e-08 2.8453050200308394e-01 2.8453048736206049e-01 1.4641023449168955e-08
25 4.7851562500000000e-02 1.4827435718420698e-01 1.4827435265880368e-01 4.5254033020913909e-09 1.4827436565650390e-01 1.4827435265880368e-01 1.2997700221673014e-08 2.9654872284071088e-01 2.9654870531760735e-01 1.7523103523764405e-08
26 4.9804687500000000e-02 1.5427788443775683e-01 1.5427787919100455e-01 5.2467522826393775e-09 1.5427789432950556e-01 1.5427787919100455e-01 1.5138501008316041e-08 3.0855577876726237e-01 3.0855575838200910e-01 2.0385253263199843e-08
27 5.1757812500000000e-02 1.6027560321117018e-01 1.6027559724825208e-01 5.9629181037301748e-09 1.6027561451181471e-01 1.6027559724825208e-01 1.7263562634983742e-08 3.2055121772298489e-01 3.2055119449650415e-01 2.3226480738713917e-08
28 5.3710937500000000e-02 1.6626728769363958e-01 1.6626728101985136e-01 6.6737882165046614e-09 1.6626730039268631e-01 1.6626728101985136e-01 1.9372834947350981e-08 3.3253458808632586e-01 3.3253456203970272e-01 2.6046623136100067e-08
29 5.5664062500000000e-02 1.7225271230155489e-01 1.7225270492229486e-01 7.3792600363553618e-09 1.7225272638814254e-01 1.7225270492229486e-01 2.1465847682700101e-08 3.4450543868969741e-01 3.4450540984458972e-01 2.8845107691299887e-08
30 5.7617187500000000e-02 1.7823165168699584e-01 1.7823164360775567e-01 8.0792401657703294e-09 1.7823166715023664e-01 1.7823164360775567e-01 2.3542480964700019e-08 3.5646331883723248e-01 3.5646328721551135e-01 3.1621721130470348e-08
31 5.9570312500000000e-02 1.8420388074621522e-01 1.8420387197257160e-01 8.7736436171770293e-09 1.8420389757499309e-01 1.8420387197257160e-01 2.5602421488413185e-08 3.6840777832120830e-01 3.6840774394514320e-01 3.4376065105590214e-08
32 6.1523437500000000e-02 1.9016917462811511e-01 1.9016916516572022e-01 9.4623948954097870e-09 1.9016919281089814e-01 1.9016916516572022e-01 2.7645177924640052e-08 3.8033836743901328e-01 3.8033833033144043e-01 3.7107572847805415e-08
33 6.3476562500000000e-02 1.9612730874271347e-01 1.9612729859728434e-01 1.0145429135688389e-08 1.9612732826848850e-01 1.9612729859728434e-01 2.9671204160308662e-08 3.9225463701120200e-01 3.9225459719456868e-01 3.9816633323752626e-08
34 6.5429687500000000e-02 2.0207805876959756e-01 2.0207804794690792e-01 1.0822689633371851e-08 2.0207807962670518e-01 2.0207804794690792e-01 3.1679797257710973e-08 4.0415613839630271e-01 4.0415609589381585e-01 4.2502486863327249e-08
35 6.7382812500000000e-02 2.0802120066636914e-01 2.0802118917224127e-01 1.1494127871713999e-08 2.0802122284318511e-01 2.0802118917224127e-01 3.3670943838659539e-08 4.1604242350955423e-01 4.1604237834448254e-01 4.5165071682617963e-08
36 6.9335937500000000e-02 2.1395651067708171e-01 2.1395649851737633e-01 1.2159705381487029e-08 2.1395653416187421e-01 2.1395649851737633e-01 3.5644497881071047e-08 4.2791304483895592e-01 4.2791299703475266e-01 4.7804203262558076e-08
37 7.1289062500000000e-02 2.1988376534066131e-01 2.1988375252127090e-01 1.2819390410312437e-08 2.1988379012159756e-01 2.1988375252127090e-01 3.7600326657782901e-08 4.3976755546225887e-01 4.3976750504254181e-01 5.0419717068095338e-08
38 7.3242187500000000e-02 2.2580274149932406e-01 2.2580272802616186e-01 1.3473162197019661e-08 2.2580276756462778e-01 2.2580272802616186e-01 3.9538465917976495e-08 4.5160550906395180e-01 4.5160545605232372e-01 5.3011628087240581e-08
39 7.5195312500000000e-02 2.3171321630697289e-01 2.3171320218596686e-01 1.4121006031153627e-08 2.3171324364515469e-01 2.3171320218596686e-01 4.1459187832826316e-08 4.6342645995212761e-01 4.6342640437193372e-01 5.5580193891735519e-08
40 7.7148437500000000e-02 2.3761496723759043e-01 2.3761495247467437e-01 1.4762916056287878e-08 2.3761499583652540e-01 2.3761495247467437e-01 4.3361851026491038e-08 4.7522996307411580e-01 4.7522990494934875e-01 5.8124767055023341e-08
41 7.9101562500000000e-02 2.4350777209361582e-01 2.4350775669472172e-01 1.5398894104290406e-08 2.4350780194151997e-01 2.4350775669472172e-01 4.5246798252573939e-08 4.8701557403513579e-01 4.8701551338944343e-01 6.0645692356864345e-08
42 8.1054687500000000e-02 2.4939140901430923e-01 2.4939139298536070e-01 1.6028948529589471e-08 2.4939144009938191e-01 2.4939139298536070e-01 4.7114021212157908e-08 4.9878284911369114e-01 4.9878278597072140e-01 6.3142969741747379e-08
43 8.3007812500000000e-02 2.5526565648410626e-01 2.5526563983101030e-01 1.6653095957774866e-08 2.5526568879454598e-01 2.5526563983101030e-01 4.8963535670409897e-08 5.1053134527865218e-01 5.1053127966202061e-01 6.5616631572673612e-08
44 8.4960937500000000e-02 2.6113029334095655e-01 2.6113027606959699e-01 1.7271359564752231e-08 2.6113032686505200e-01 2.6113027606959699e-01 5.0795455008856294e-08 5.2226062020600850e-01 5.2226055213919398e-01 6.8066814518097374e-08
45 8.6914062500000000e-02 2.6698509878464927e-01 2.6698508090088113e-01 1.7883768133053479e-08 2.6698513351070879e-01 2.6698508090088113e-01 5.2609827660976549e-08 5.3397023229535812e-01 5.3397016180176227e-01 7.0493595849541180e-08
46 8.8867187500000000e-02 2.7282985238512875e-01 2.7282983389476989e-01 1.8490358855149935e-08 2.7282988830159610e-01 2.7282983389476989e-01 5.4406826210939840e-08 5.4565974068672485e-01 5.4565966778953978e-01 7.2897185066089776e-08
47 9.0820312500000000e-02 2.7866433409078850e-01 2.7866431499961658e-01 1.9091171921115091e-08 2.7866437118608878e-01 2.7866431499961658e-01 5.6186472197072845e-08 5.5732870527687728e-01 5.5732862999923316e-01 7.5277644118187936e-08
48 9.2773437500000000e-02 2.8448832423675952e-01 2.8448830455050528e-01 1.9686254237871736e-08 2.8448836249956905e-01 2.8448830455050528e-01 5.7949063769768827e-08 5.6897668673632862e-01 5.6897660910101056e-01 7.7635318063151715e-08
49 9.4726562500000000e-02 2.9030160355318041e-01 2.9030158327752104e-01 2.0275659373680810e-08 2.9030164297211863e-01 2.9030158327752104e-01 5.9694597598358712e-08 5.8060324652529904e-01 5.8060316655504207e-01 7.9970256972039522e-08
50 9.6679687500000000e-02 2.9610395317344834e-01 2.9610393231400556e-01 2.0859442784182392e-08 2.9610399373722651e-01 2.9610393231400556e-01 6.1423220953926716e-08 5.9220794691067491e-01 5.9220786462801112e-01 8.2282663793620259e-08
51 9.8632812500000000e-02 3.0189515464246519e-01 3.0189513320479699e-01 2.1437668196178095e-08 3.0189519634016598e-01 3.0189513320479699e-01 6.3135368988387341e-08 6.0379035098263123e-01 6.0379026640959399e-01 8.4573037240076587e-08
52 1.0058593750000000e-01 3.0767498992485570e-01 3.0767496791445514e-01 2.2010400557714860e-08 3.0767503274545832e-01 3.0767496791445514e-01 6.4831003177001634e-08 6.1535002267031402e-01 6.1534993582891029e-01 8.6841403734716494e-08
53 1.0253906250000000e-01 3.1344324141317859e-01 3.1344321883546994e-01 2.2577708647109063e-08 3.1344328534589727e-01 3.1344321883546994e-01 6.6510427332300281e-08 6.2688652675907586e-01 6.2688643767093988e-01 8.9088135979409344e-08
54 1.0449218750000000e-01 3.1919969193612008e-01 3.1919966879645439e-01 2.3139665683569177e-08 3.1919973697020471e-01 3.1919966879645439e-01 6.8173750311650849e-08 6.3839942890632484e-01 6.3839933759290879e-01 9.1313416050731178e-08
55 1.0644531250000000e-01 3.2494412476666917e-01 3.2494410107032101e-01 2.3696348161461600e-08 3.2494417089180144e-01 3.2494410107032101e-01 6.9821480430665162e-08 6.4988829565847062e-01 6.4988820214064202e-01 9.3517828592126762e-08
56 1.0839843750000000e-01 3.3067632363027794e-01 3.3067629938244147e-01 2.4247836460933314e-08 3.3067637083602630e-01 3.3067629938244147e-01 7.1453584826741690e-08 6.6135269446630418e-01 6.6135259876488295e-01 9.5701421232163852e-08
57 1.1035156250000000e-01 3.3639607271300120e-01 3.3639604791878924e-01 2.4794211961332024e-08 3.3639612098911675e-01 3.3639604791878924e-01 7.3070327510915689e-08 6.7279219370211796e-01 6.7279209583757849e-01 9.7864539472247714e-08
58 1.1230468750000000e-01 3.4210315666962227e-01 3.4210313133406467e-01 2.5335557596317670e-08 3.4210320600622468e-01 3.4210313133406467e-01 7.4672160010891275e-08 6.8420636267584700e-01 6.8420626266812934e-01 1.0000771766272010e-07
59 1.1425781250000000e-01 3.4779736063176253e-01 3.4779733475980279e-01 2.5871959741241568e-08 3.4779741101895101e-01 3.4779733475980279e-01 7.6259148218404960e-08 6.9559477165071359e-01 6.9559466951960558e-01 1.0213110801515768e-07
60 1.1621093750000000e-01 3.5347847021596784e-01 3.5347844381246302e-01 2.6403504826966184e-08 3.5347852164404492e-01 3.5347844381246302e-01 7.7831581901666169e-08 7.0695699186001271e-01 7.0695688762492603e-01 1.0423508667312120e-07
61 1.1816406250000000e-01 3.5914627153178236e-01 3.5914624460150069e-01 2.6930281671333489e-08 3.5914632399136198e-01 3.5914624460150069e-01 7.9389861296075281e-08 7.1829259552314428e-01 7.1829248920300137e-01 1.0632014291189762e-07
62 1.2011718750000000e-01 3.6480055118979954e-01 3.6480052373741928e-01 2.7452380257919629e-08 3.6480060467152997e-01 3.6480052373741928e-01 8.0934110691099903e-08 7.2960115586132956e-01 7.2960104747483856e-01 1.0838649100453068e-07
63 1.2207031250000000e-01 3.7044109630969396e-01 3.7044106833980517e-01 2.7969888793943909e-08 3.7044115080447748e-01 3.7044106833980517e-01 8.2464672312987375e-08 7.4088224711417139e-01 7.4088213667961034e-01 1.1043456105142013e-07
64 1.2402343750000000e-01 3.7606769452823963e-01 3.7606766604534236e-01 2.8482897262982476e-08 3.7606775002700638e-01 3.7606766604534236e-01 8.3981664011911761e-08 7.5213544455524595e-01 7.5213533209068473e-01 1.1246456121938309e-07
65 1.2597656250000000e-01 3.8168013400730672e-01 3.8168010501580718e-01 2.8991499534392062e-08 3.8168019050144669e-01 3.8168010501580718e-01 8.5485639511606593e-08 7.6336032450875346e-01 7.6336021003161436e-01 1.1447713910150981e-07
66 1.2792968750000000e-01 3.8727820344182801e-01 3.8727817394604463e-01 2.9495783371302764e-08 3.8727826092267215e-01 3.8727817394604463e-01 8.6976627511337057e-08 7.7455646436450021e-01 7.7455634789208927e-01 1.1647241093815097e-07
67 1.2988281250000000e-01 3.9286169206776300e-01 3.9286166207192352e-01 2.9995839478935693e-08 3.9286175052693445e-01 3.9286166207192352e-01 8.8455010927024347e-08 7.8572344259469751e-01 7.8572332414384705e-01 1.1845085046147119e-07
68 1.3183593750000000e-01 3.9843038967003014e-01 3.9843035917827174e-01 3.0491758395978508e-08 3.9843044909935799e-01 3.9843035917827174e-01 8.9921086243727189e-08 7.9686083876938807e-01 7.9686071835654348e-01 1.2041284458419454e-07
69 1.3378906250000000e-01 4.0398408659041768e-01 4.0398405560679063e-01 3.0983627052894036e-08 4.0398414698179974e-01 4.0398405560679063e-01 9.1375009114713635e-08 8.0796823357221736e-01 8.0796811121358125e-01 1.2235863611209652e-07
70 1.3574218750000000e-01 4.0952257373548356e-01 4.0952254226394857e-01 3.1471534989169214e-08 4.0952263508103165e-01 4.0952254226394857e-01 9.2817083074958617e-08 8.1904520881651521e-01 8.1904508452789715e-01 1.2428861806412783e-07
71 1.3769531250000000e-01 4.1504564258442145e-01 4.1504561062885337e-01 3.1955568080554997e-08 4.1504570487647813e-01 4.1504561062885337e-01 9.4247624760068760e-08 8.3009134746089952e-01 8.3009122125770674e-01 1.2620319278511261e-07
72 1.3964843750000000e-01 4.2055308519691464e-01 4.2055305276110277e-01 3.2435811869735431e-08 4.2055314842805236e-01 4.2055305276110277e-01 9.5666949584405359e-08 8.4110623362496706e-01 8.4110610552220555e-01 1.2810276150965194e-07
73 1.4160156250000000e-01 4.2604469422096419e-01 4.2604466130861329e-01 3.2912350900193843e-08 4.2604475838371259e-01 4.2604466130861329e-01 9.7075099292354139e-08 8.5208945260467672e-01 8.5208932261722659e-01 1.2998745013703683e-07
74 1.4355468750000000e-01 4.3152026290069301e-01 4.3152022951542690e-01 3.3385266107188727e-08 4.3152032798788043e-01 4.3152022951542690e-01 9.8472453524678372e-08 8.6304059088857343e-01 8.6304045903085380e-01 1.3185771963186710e-07
75 1.4550781250000000e-01 4.3697958508413354e-01 4.3697955122949550e-01 3.3854638037400520e-08 4.3697965108883857e-01 4.3697955122949550e-01 9.9859343072328244e-08 8.7395923617297211e-01 8.7395910245899100e-01 1.3371398110972876e-07
76 1.4746093750000000e-01 4.4242245523098861e-01 4.4242242091044209e-01 3.4320546515864692e-08 4.4242252214624456e-01 4.4242242091044209e-01 1.0123580246323982e-07 8.8484497737723311e-01 8.8484484182088419e-01 1.3555634892359336e-07
77 1.4941406250000000e-01 4.4784866842036797e-01 4.4784863363729971e-01 3.4783068258992245e-08 4.4784873623951776e-01 4.4784863363729971e-01 1.0260221805502567e-07 8.9569740465988579e-01 8.9569726727459942e-01 1.3738528636952907e-07
78 1.5136718750000000e-01 4.5325802035850221e-01 4.5325798511622578e-01 3.5242276430480501e-08 4.5325808907501602e-01 4.5325798511622578e-01 1.0395879024294175e-07 9.0651610943351824e-01 9.0651597023245156e-01 1.3920106667342225e-07
79 1.5332031250000000e-01 4.5865030738644064e-01 4.5865027168819472e-01 3.5698245914872473e-08 4.5865037699376376e-01 4.5865027168819472e-01 1.0530556904253530e-07 9.1730068438020440e-01 9.1730054337638944e-01 1.4100381495740777e-07
80 1.5527343750000000e-01 4.6402532648771022e-01 4.6402529033666484e-01 3.6151045379462232e-08 4.6402539697975065e-01 4.6402529033666484e-01 1.0664308580654591e-07 9.2805072346746087e-01 9.2805058067332968e-01 1.4279413118600814e-07
81 1.5722656250000000e-01 4.6938287529596445e-01 4.6938283869522190e-01 3.6600742547854281e-08 4.6938294666647551e-01 4.6938283869522190e-01 1.0797125360451076e-07 9.3876582196243996e-01 9.3876567739044381e-01 1.4457199615236505e-07
82 1.5917968750000000e-01 4.7472275210260245e-01 4.7472271505519836e-01 3.7047404088941249e-08 4.7472282434561164e-01 4.7472271505519836e-01 1.0929041327489841e-07 9.4944557644821415e-01 9.4944543011039673e-01 1.4633781741935081e-07
83 1.6113281250000000e-01 4.8004475586436157e-01 4.8004471837326734e-01 3.7491094229125110e-08 4.8004482897398942e-01 4.8004471837326734e-01 1.1060072208080030e-07 9.6008958483835105e-01 9.6008943674653469e-01 1.4809181636543656e-07
84 1.6308593750000000e-01 4.8534868621088439e-01 4.8534864827901197e-01 3.7931872420848833e-08 4.8534876018129636e-01 4.8534864827901197e-01 1.1190228438318073e-07 9.7069744639218070e-01 9.7069729655802395e-01 1.4983415674851841e-07
85 1.6503906250000000e-01 4.9063434345226636e-01 4.9063430508246908e-01 3.8369797283888118e-08 4.9063441827788751e-01 4.9063430508246908e-01 1.1319541842746972e-07 9.8126876173015387e-01 9.8126861016493816e-01 1.5156521571135784e-07
86 1.6699218750000000e-01 4.9590152858657177e-01 4.9590148978164733e-01 3.8804924440416499e-08 4.9590160426202357e-01 4.9590148978164733e-01 1.1448037623429386e-07 9.9180313284859534e-01 9.9180297956329466e-01 1.5328530067471036e-07
87 1.6894531250000000e-01 5.0115004330732793e-01 5.0115000407002008e-01 3.9237307847272973e-08 5.0115011982703705e-01 5.0115000407002008e-01 1.1575701697186247e-07 1.0023001631343651e+00 1.0023000081400402e+00 1.5499432493015775e-07
88 1.7089843750000000e-01 5.0637969001098937e-01 5.0637965034399057e-01 3.9666998796761277e-08 5.0637976736966828e-01 5.0637965034399057e-01 1.1702567770388583e-07 1.0127594573806578e+00 1.0127593006879811e+00 1.5669267661166941e-07
89 1.7285156250000000e-01 5.1159027180437877e-01 5.1159023171033280e-01 4.0094045972161041e-08 5.1159034999685959e-01 5.1159023171033280e-01 1.1828652679568563e-07 1.0231806218012385e+00 1.0231804634206656e+00 1.5838057287886897e-07
90 1.7480468750000000e-01 5.1678159251210043e-01 5.1678155199360298e-01 4.0518497446129231e-08 5.1678167153325894e-01 5.1678155199360298e-01 1.1953965595168370e-07 1.0335632640453594e+00 1.0335631039872060e+00 1.6005815339781293e-07
91 1.7675781250000000e-01 5.2195345668392135e-01 5.2195341574352661e-01 4.0940394741006969e-08 5.2195353652868648e-01 5.2195341574352661e-01 1.2078515987390404e-07 1.0439069932126079e+00 1.0439068314870532e+00 1.6172555472593331e-07
92 1.7871093750000000e-01 5.2710566960213745e-01 5.2710562824235685e-01 4.1359780600380702e-08 5.2710575026552720e-01 5.2710562824235685e-01 1.2202317034581966e-07 1.0542114198676646e+00 1.0542112564847137e+00 1.6338295094620037e-07
93 1.8066406250000000e-01 5.3223803728889985e-01 5.3223799551220508e-01 4.1776694770234712e-08 5.3223811876611593e-01 5.3223799551220508e-01 1.2325391085532544e-07 1.0644761560550158e+00 1.0644759910244102e+00 1.6503060562556016e-07
94 1.8261718750000000e-01 5.3735036651351897e-01 5.3735032432234442e-01 4.2191174554062627e-08 5.3735044879981797e-01 5.3735032432234442e-01 1.2447747355093242e-07 1.0747008153133368e+00 1.0747006486446888e+00 1.6666864799397274e-07
95 1.8457031250000000e-01 5.4244246479973901e-01 5.4244242219648475e-01 4.2603254257755907e-08 5.4244254789023705e-01 5.4244242219648475e-01 1.2569375229531943e-07 1.0848850126899761e+00 1.0848848443929695e+00 1.6829700655307533e-07
96 1.8652343750000000e-01 5.4751414043298485e-01 5.4751409742001889e-01 4.3012965966759964e-08 5.4751422432313679e-01 5.4751409742001889e-01 1.2690311790297670e-07 1.0950283647561216e+00 1.0950281948400378e+00 1.6991608386973667e-07
97 1.8847656250000000e-01 5.5256520246758167e-01 5.5256515904724146e-01 4.3420340212207975e-08 5.5256528715275366e-01 5.5256515904724146e-01 1.2810551219821775e-07 1.1051304896203353e+00 1.1051303180944829e+00 1.7152585241042573e-07
98 1.9042968750000000e-01 5.5759546073394184e-01 5.5759541690853698e-01 4.3825404860697859e-08 5.5759554620963592e-01 5.5759541690853698e-01 1.2930109893893871e-07 1.1151910069435778e+00 1.1151908338170740e+00 1.7312650379963657e-07
99 1.9238281250000000e-01 5.6260472584572729e-01 5.6260468161754007e-01 4.4228187223716020e-08 5.6260481210739166e-01 5.6260468161754007e-01 1.3048985159080928e-07 1.1252095379531188e+00 1.1252093632350801e+00 1.7471803870350300e-07
100 1.9433593750000000e-01 5.6759280920697730e-01 5.6759276457826580e-01 4.4628711504124396e-08 5.6759289625038767e-01 5.6759276457826580e-01 1.3167212187248367e-07 1.1351857054573649e+00 1.1351855291565316e+00 1.7630083326558577e-07
101 1.9628906250000000e-01 5.7255952301921065e-01 5.7255947799220985e-01 4.5027000794561900e-08 5.7255961083967177e-01 5.7255947799220985e-01 1.3284746191999375e-07 1.1451191338588824e+00 1.1451189559844197e+00 1.7787446271455565e-07
102 1.9824218750000000e-01 5.7750468028849478e-01 5.7750463486541936e-01 4.5423075412109881e-08 5.7750476888184832e-01 5.7750463486541936e-01 1.3401642895427557e-07 1.1550094491703431e+00 1.1550092697308387e+00 1.7943950436638545e-07
103 2.0019531250000000e-01 5.8242809483248470e-01 5.8242804901553313e-01 4.5816951566024500e-08 5.8242818419433195e-01 5.8242804901553313e-01 1.3517879882130046e-07 1.1648562790268167e+00 1.1648560980310663e+00 1.8099575038732496e-07
104 2.0214843750000000e-01 5.8732958128744117e-01 5.8732953507879126e-01 4.6208649906454013e-08 5.8732967141355041e-01 5.8732953507879126e-01 1.3633475914875959e-07 1.1746592527009916e+00 1.1746590701575825e+00 1.8254340905521360e-07
105 2.0410156250000000e-01 5.9220895511519922e-01 5.9220890851701358e-01 4.6598185643453860e-08 5.9220904600139235e-01 5.9220890851701358e-01 1.3748437877048048e-07 1.1844180011165917e+00 1.1844178170340272e+00 1.8408256452495664e-07
106 2.0605468750000000e-01 5.9706603261012070e-01 5.9706598562454805e-01 4.6985572654811847e-08 5.9706612425215044e-01 5.9706598562454805e-01 1.3862760239735650e-07 1.1941321568622711e+00 1.1941319712490961e+00 1.8561317505216834e-07
107 2.0800781250000000e-01 6.0190063090600887e-01 6.0190058353518683e-01 4.7370822042758221e-08 6.0190072329977529e-01 6.0190058353518683e-01 1.3976458845821327e-07 1.2038013542057842e+00 1.2038011670703737e+00 1.8713541050097149e-07
108 2.0996093750000000e-01 6.0671256798299578e-01 6.0671252022905109e-01 4.7753944687478622e-08 6.0671266112412392e-01 6.0671252022905109e-01 1.4089507283099323e-07 1.2134252291071197e+00 1.2134250404581022e+00 1.8864901751847185e-07
109 2.1191406250000000e-01 6.1150166267439188e-01 6.1150161453944396e-01 4.8134947916445014e-08 6.1150175655884220e-01 6.1150161453944396e-01 1.4201939824154408e-07 1.2230034192332342e+00 1.2230032290788879e+00 1.9015434626901140e-07
110 2.1386718750000000e-01 6.1626773467351459e-01 6.1626768615967165e-01 4.8513842942909946e-08 6.1626782929707014e-01 6.1626768615967165e-01 1.4313739848947904e-07 1.2325355639705848e+00 1.2325353723193433e+00 1.9165124154341129e-07
111 2.1582031250000000e-01 6.2101060454046808e-01 6.2101055564983132e-01 4.8890636761278472e-08 6.2101069989932789e-01 6.2101055564983132e-01 1.4424949656977049e-07 1.2420213044397959e+00 1.2420211112996626e+00 1.9314013322002666e-07
112 2.1777343750000000e-01 6.2573009370890265e-01 6.2573004444356739e-01 4.9265335255732623e-08 6.2573018979861617e-01 6.2573004444356739e-01 1.4535504877510874e-07 1.2514602835075188e+00 1.2514600888871348e+00 1.9462038403084136e-07
113 2.1972656250000000e-01 6.3042602449273721e-01 6.3042597485479401e-01 4.9637943200231405e-08 6.3042612130936571e-01 6.3042597485479401e-01 1.4645457169226717e-07 1.2608521458021029e+00 1.2608519497095880e+00 1.9609251489249857e-07
114 2.2167968750000000e-01 6.3509822009284633e-01 6.3509817008438574e-01 5.0008460594774817e-08 6.3509831763229119e-01 6.3509817008438574e-01 1.4754790544913021e-07 1.2701965377251376e+00 1.2701963401687715e+00 1.9755636615492733e-07
115 2.2363281250000000e-01 6.3974650460372673e-01 6.3974645422683263e-01 5.0376894100701008e-08 6.3974660286186980e-01 6.3974645422683263e-01 1.4863503716711080e-07 1.2794931074655964e+00 1.2794929084536653e+00 1.9901193115678950e-07
116 2.2558593750000000e-01 6.4437070302010502e-01 6.4437065227686408e-01 5.0743240942452417e-08 6.4437080199307362e-01 6.4437065227686408e-01 1.4971620954096210e-07 1.2887415050131787e+00 1.2887413045537282e+00 2.0045945059443682e-07
117 2.2753906250000000e-01 6.4897064124354209e-01 6.4897059013603708e-01 5.1107505005809628e-08 6.4897074092697404e-01 6.4897059013603708e-01 1.5079093695913315e-07 1.2979413821705161e+00 1.2979411802720742e+00 2.0189844196494278e-07
118 2.2949218750000000e-01 6.5354614608897565e-01 6.5354609461929114e-01 5.1469684514415803e-08 6.5354624647897352e-01 6.5354609461929114e-01 1.5185968238462522e-07 1.3070923925679492e+00 1.3070921892385823e+00 2.0332936689904102e-07
119 2.3144531250000000e-01 6.5809704529124702e-01 6.5809699346146844e-01 5.1829778580092523e-08 6.5809714638361250e-01 6.5809699346146844e-01 1.5292214405882021e-07 1.3161941916748594e+00 1.3161939869229369e+00 2.0475192252789043e-07
120 2.3339843750000000e-01 6.6262316751158590e-01 6.6262311532379992e-01 5.2187785981594459e-08 6.6262326930228133e-01 6.6262311532379992e-01 1.5397848140974446e-07 1.3252464368138672e+00 1.3252462306475998e+00 2.0616626739133892e-07
121 2.3535156250000000e-01 6.6712434234406004e-01 6.6712428980035554e-01 5.2543704498475563e-08 6.6712444482905398e-01 6.6712428980035554e-01 1.5502869843420086e-07 1.3342487871731139e+00 1.3342485796007111e+00 2.0757240282165412e-07
122 2.3730468750000000e-01 6.7160040032198731e-01 6.7160034742446040e-01 5.2897526914286175e-08 6.7160050349717748e-01 6.7160034742446040e-01 1.5607271708351078e-07 1.3432009038191648e+00 1.3432006948489208e+00 2.0897024399779696e-07
123 2.3925781250000000e-01 6.7605117292432604e-01 6.7605111967507470e-01 5.3249251341647152e-08 6.7605127678569232e-01 6.7605111967507470e-01 1.5711061762679890e-07 1.3521024497100185e+00 1.3521022393501494e+00 2.1035986907946835e-07
124 2.4121093750000000e-01 6.8047649258201282e-01 6.8047643898313881e-01 5.3598874005800212e-08 6.8047659712531638e-01 6.8047643898313881e-01 1.5814217757537108e-07 1.3609530897073292e+00 1.3609528779662776e+00 2.1174105158117129e-07
125 2.4316406250000000e-01 6.8487619268427180e-01 6.8487613873788222e-01 5.3946389577674836e-08 6.8487629790542270e-01 6.8487613873788222e-01 1.5916754048106441e-07 1.3697524905896945e+00 1.3697522774757644e+00 2.1311393005873924e-07
126 2.4511718750000000e-01 6.8925010758488581e-01 6.8925005329309563e-01 5.4291790174687549e-08 6.8925021347962800e-01 6.8925005329309563e-01 1.6018653237193092e-07 1.3785003210645139e+00 1.3785001065861913e+00 2.1447832265764077e-07
127 2.4707031250000000e-01 6.9359807260843942e-01 6.9359801797336817e-01 5.4635071244923950e-08 6.9359817917291700e-01 6.9359801797336817e-01 1.6119954882043430e-07 1.3871962517813565e+00 1.3871960359467363e+00 2.1583462017638055e-07
128 2.4902343750000000e-01 6.9791992405651382e-01 6.9791986908028736e-01 5.4976226460112798e-08 6.9792003128634417e-01 6.9791986908028736e-01 1.6220605680850042e-07 1.3958399553428580e+00 1.3958397381605747e+00 2.1718228326861322e-07
129 2.5097656250000000e-01 7.0221549921385107e-01 7.0221544389860147e-01 5.5315249603005157e-08 7.0221560710502406e-01 7.0221544389860147e-01 1.6320642259870510e-07 1.4044311063188752e+00 1.4044308877972029e+00 2.1852167231273256e-07
130 2.5292968750000000e-01 7.0648463635447900e-01 7.0648458070234654e-01 5.5652132457950643e-08 7.0648474490285129e-01 7.0648458070234654e-01 1.6420050474863501e-07 1.4129693812573303e+00 1.4129691614046931e+00 2.1985263720658565e-07
131 2.5488281250000000e-01 7.1072717474780334e-01 7.1072711876093497e-01 5.5986868363611109e-08 7.1072728394917462e-01 7.1072711876093497e-01 1.6518823964251084e-07 1.4214544586969780e+00 1.4214542375218699e+00 2.2117510800612195e-07
132 2.5683593750000000e-01 7.1494295466465096e-01 7.1494289834520663e-01 5.6319444330377166e-08 7.1494306451471024e-01 7.1494289834520663e-01 1.6616950360148763e-07 1.4298860191793612e+00 1.4298857966904133e+00 2.2248894793186480e-07
133 2.5878906250000000e-01 7.1913181738330256e-01 7.1913176073344298e-01 5.6649859581092699e-08 7.1913192787773705e-01 7.1913176073344298e-01 1.6714429407205245e-07 1.4382637452610396e+00 1.4382635214668860e+00 2.2379415365314514e-07
134 2.6074218750000000e-01 7.2329360519544317e-01 7.2329354821734260e-01 5.6978100571036805e-08 7.2329371633023531e-01 7.2329354821734260e-01 1.6811289271778662e-07 1.4465873215256786e+00 1.4465870964346852e+00 2.2509099339984573e-07
135 2.6269531250000000e-01 7.2742816141212041e-01 7.2742810410795888e-01 5.7304161527049757e-08 7.2742827318283587e-01 7.2742810410795888e-01 1.6907487698780699e-07 1.4548564345949564e+00 1.4548562082159178e+00 2.2637903862587905e-07
136 2.6464843750000000e-01 7.3153533036963203e-01 7.3153527274159957e-01 5.7628032457124334e-08 7.3153544277201621e-01 7.3153527274159957e-01 1.7003041663521401e-07 1.4630707731416481e+00 1.4630705454831991e+00 2.2765844898131604e-07
137 2.6660156250000000e-01 7.3561495743539174e-01 7.3561489948568715e-01 5.7949704590498641e-08 7.3561507046528118e-01 7.3561489948568715e-01 1.7097959403855612e-07 1.4712300279006729e+00 1.4712297989713743e+00 2.2892929862905476e-07
138 2.6855468750000000e-01 7.3966688901374555e-01 7.3966683074458006e-01 5.8269165492674801e-08 7.3966700266665164e-01 7.3966683074458006e-01 1.7192207157901152e-07 1.4793338916803971e+00 1.4793336614891601e+00 2.3019123696066401e-07
139 2.7050781250000000e-01 7.4369097255176531e-01 7.4369091396535691e-01 5.8586408391292366e-08 7.4369108682363638e-01 7.4369091396535691e-01 1.7285827946800225e-07 1.4873820593754017e+00 1.4873818279307138e+00 2.3144468785929462e-07
140 2.7246093750000000e-01 7.4768705654498302e-01 7.4768699764355884e-01 5.8901424182522533e-08 7.4768717143119190e-01 7.4768699764355884e-01 1.7378763306208356e-07 1.4953742279761748e+00 1.4953739952871177e+00 2.3268905713358379e-07
141 2.7441406250000000e-01 7.5165499054309370e-01 7.5165493132889372e-01 5.9214199987778215e-08 7.5165510603935026e-01 7.5165493132889372e-01 1.7471045654637862e-07 1.5033100965824440e+00 1.5033098626577874e+00 2.3392465653415684e-07
142 2.7636718750000000e-01 7.5559462515563136e-01 7.5559456563090133e-01 5.9524730033899687e-08 7.5559474125766635e-01 7.5559456563090133e-01 1.7562676501992058e-07 1.5111893664132978e+00 1.5111891312618027e+00 2.3515149516484257e-07
143 2.7832031250000000e-01 7.5950581205757883e-01 7.5950575222457672e-01 5.9833002108433675e-08 7.5950592876086043e-01 7.5950575222457672e-01 1.7653628370251084e-07 1.5190117408184394e+00 1.5190115044491534e+00 2.3636928592196682e-07
144 2.8027343750000000e-01 7.6338840399495922e-01 7.6338834385595511e-01 6.0139004109949212e-08 7.6338852129500789e-01 7.6338834385595511e-01 1.7743905278422289e-07 1.5267769252899672e+00 1.5267766877119102e+00 2.3757805700519441e-07
145 2.8222656250000000e-01 7.6724225479038655e-01 7.6724219434765617e-01 6.0442730376308873e-08 7.6724237268293716e-01 7.6724219434765617e-01 1.7833528098698537e-07 1.5344846274733237e+00 1.5344843886953123e+00 2.3877801136329424e-07
146 2.8417968750000000e-01 7.7106721934855393e-01 7.7106715860438713e-01 6.0744166807680244e-08 7.7106733782908388e-01 7.7106715860438713e-01 1.7922469675024644e-07 1.5421345571776377e+00 1.5421343172087743e+00 2.3996886344690438e-07
147 2.8613281250000000e-01 7.7486315366171243e-01 7.7486309261840558e-01 6.1043306853747481e-08 7.7486327272561772e-01 7.7486309261840558e-01 1.8010721214434255e-07 1.5497264263873300e+00 1.5497261852368112e+00 2.4115051888706773e-07
148 2.8808593750000000e-01 7.7862991481507982e-01 7.7862985347494140e-01 6.1340138413079615e-08 7.7863003445794110e-01 7.7862985347494140e-01 1.8098299969793175e-07 1.5572599492730208e+00 1.5572597069498828e+00 2.4232313799998906e-07
149 2.9003906250000000e-01 7.8236736099222903e-01 7.8236729935757710e-01 6.1634651937758633e-08 7.8236748120947186e-01 7.8236729935757710e-01 1.8185189476493946e-07 1.5647348422017009e+00 1.5647345987151542e+00 2.4348654670269809e-07
150 2.9199218750000000e-01 7.8607535148042584e-01 7.8607528955358785e-01 6.1926837990888828e-08 7.8607547226763030e-01 7.8607528955358785e-01 1.8271404245151501e-07 1.5721508237480561e+00 1.5721505791071757e+00 2.4464088044240384e-07
151 2.9394531250000000e-01 7.8975374667592213e-01 7.8975368445923844e-01 6.2216683693883112e-08 7.8975386802854874e-01 7.8975368445923844e-01 1.8356931030805157e-07 1.5795076147044709e+00 1.5795073689184769e+00 2.4578599400193468e-07
152 2.9589843750000000e-01 7.9340240808922002e-01 7.9340234558503964e-01 6.2504180387001895e-08 7.9340253000259320e-01 7.9340234558503964e-01 1.8441755356146672e-07 1.5868049380918132e+00 1.5868046911700793e+00 2.4692173394846861e-07
153 2.9785156250000000e-01 7.9702119835027885e-01 7.9702113556096266e-01 6.2789316190858813e-08 7.9702132081986488e-01 7.9702113556096266e-01 1.8525890221887664e-07 1.5940425191701437e+00 1.5940422711219253e+00 2.4804821840973545e-07
154 2.9980468750000000e-01 8.0060998121369420e-01 8.0060991814160976e-01 6.3072084444115717e-08 8.0061010423462253e-01 8.0060991814160976e-01 1.8609301277727752e-07 1.6012200854483167e+00 1.6012198362832195e+00 2.4916509722139324e-07
155 3.0175781250000000e-01 8.0416862156382007e-01 8.0416855821134536e-01 6.3352474710676177e-08 8.0416874513177927e-01 8.0416855821134536e-01 1.8692043390888813e-07 1.6083373666955993e+00 1.6083371164226907e+00 2.5027290861956430e-07
156 3.0371093750000000e-01 8.0769698541985324e-01 8.0769692178938235e-01 6.3630470892306334e-08 8.0769710953008400e-01 8.0769692178938235e-01 1.8774070165150647e-07 1.6153940949499372e+00 1.6153938435787647e+00 2.5137117254381280e-07
157 3.0566406250000000e-01 8.1119493994089631e-01 8.1119487603482598e-01 6.3906070324470932e-08 8.1119506458868795e-01 8.1119487603482598e-01 1.8855386196836577e-07 1.6223900045295843e+00 1.6223897520696520e+00 2.5245993229283670e-07
158 3.0761718750000000e-01 8.1466235343093996e-01 8.1466228925167616e-01 6.4179263792318864e-08 8.1466247861159391e-01 8.1466228925167616e-01 1.8935991774604588e-07 1.6293248320425340e+00 1.6293245785033523e+00 2.5353918164938705e-07
159 3.0957031250000000e-01 8.1809909534382075e-01 8.1809903089378500e-01 6.4450035752727786e-08 8.1809922105279720e-01 8.1809903089378500e-01 1.9015901220331699e-07 1.6361983163966181e+00 1.6361980617875700e+00 2.5460904806706708e-07
160 3.1152343750000000e-01 8.2150503628815053e-01 8.2150497156977220e-01 6.4718378323114223e-08 8.2150516252044248e-01 8.2150497156977220e-01 1.9095067027574686e-07 1.6430101988085930e+00 1.6430099431395444e+00 2.5566904859886108e-07
161 3.1347656250000000e-01 8.2488004803217774e-01 8.2487998304789611e-01 6.4984281622493256e-08 8.2488017478291342e-01 8.2487998304789611e-01 1.9173501730751497e-07 1.6497602228150912e+00 1.6497599660957922e+00 2.5671929893000822e-07
162 3.1542968750000000e-01 8.2822400350861836e-01 8.2822393826088236e-01 6.5247735991924571e-08 8.2822413077325840e-01 8.2822393826088236e-01 1.9251237604045457e-07 1.6564481342818769e+00 1.6564478765217647e+00 2.5776011214340144e-07
163 3.1738281250000000e-01 8.3153677681943927e-01 8.3153671131070728e-01 6.5508731994512459e-08 8.3153690459327567e-01 8.3153671131070728e-01 1.9328256839479252e-07 1.6630736814127149e+00 1.6630734226214146e+00 2.5879130038930498e-07
164 3.1933593750000000e-01 8.3481824324059639e-01 8.3481817747333775e-01 6.5767258639048976e-08 8.3481837151855154e-01 8.3481817747333775e-01 1.9404521378607598e-07 1.6696366147591479e+00 1.6696363549466755e+00 2.5981247242512495e-07
165 3.2128906250000000e-01 8.3806827922673510e-01 8.3806821320342739e-01 6.6023307709883738e-08 8.3806840800408788e-01 8.3806821320342739e-01 1.9480066049126776e-07 1.6761366872308230e+00 1.6761364264068548e+00 2.6082396820115150e-07
166 3.2324218750000000e-01 8.4128676241583789e-01 8.4128669613896812e-01 6.6276869770121039e-08 8.4128689168778592e-01 8.4128669613896812e-01 1.9554881780514677e-07 1.6825736541036238e+00 1.6825733922779362e+00 2.6182568757526781e-07
167 3.2519531250000000e-01 8.4447357163383341e-01 8.4447350510589636e-01 6.6527937048199703e-08 8.4447370139550504e-01 8.4447350510589636e-01 1.9628960867823508e-07 1.6889472730293384e+00 1.6889470102117927e+00 2.6281754572643479e-07
168 3.2714843750000000e-01 8.4762858689915532e-01 8.4762852012265577e-01 6.6776499552112512e-08 8.4762871714574550e-01 8.4762852012265577e-01 1.9702308973190696e-07 1.6952573040449008e+00 1.6952570402453115e+00 2.6379958928401948e-07
169 3.2910156250000000e-01 8.5075168942725909e-01 8.5075162240471403e-01 6.7022545069406192e-08 8.5075182015367212e-01 8.5075162240471403e-01 1.9774895809732129e-07 1.7015035095809312e+00 1.7015032448094281e+00 2.6477150316672748e-07
170 3.3105468750000000e-01 8.5384276163510342e-01 8.5384269436903548e-01 6.7266067937943319e-08 8.5384289283649029e-01 8.5384269436903548e-01 1.9846745480389671e-07 1.7076856544715937e+00 1.7076853887380710e+00 2.6573352274184003e-07
171 3.3300781250000000e-01 8.5690168714556469e-01 8.5690161963850775e-01 6.7507056944471344e-08 8.5690181881696437e-01 8.5690161963850775e-01 1.9917845661687750e-07 1.7138035059625292e+00 1.7138032392770155e+00 2.6668551367237114e-07
172 3.3496093750000000e-01 8.5992835079182783e-01 8.5992828304632363e-01 6.7745504206406792e-08 8.5992848292830115e-01 8.5992828304632363e-01 1.9988197752507375e-07 1.7198568337201290e+00 1.7198565660926473e+00 2.6762748173148054e-07
173 3.3691406250000000e-01 8.6292263862171514e-01 8.6292257064031619e-01 6.7981398954586325e-08 8.6292277121827810e-01 8.6292257064031619e-01 2.0057796190631194e-07 1.7258454098399931e+00 1.7258451412806324e+00 2.6855936074987596e-07
174 3.3886718750000000e-01 8.6588443790198433e-01 8.6588436968724980e-01 6.8214734527671794e-08 8.6588457095379201e-01 8.6588436968724980e-01 2.0126654221019891e-07 1.7317690088557764e+00 1.7317687393744996e+00 2.6948127684889300e-07
175 3.4082031250000000e-01 8.6881363712256543e-01 8.6881356867706450e-01 6.8445500933655978e-08 8.6881377062444953e-01 8.6881356867706450e-01 2.0194738503676035e-07 1.7376274077470151e+00 1.7376271373541290e+00 2.7039288608143863e-07
176 3.4277343750000000e-01 8.7171012600076259e-01 8.7171005732707396e-01 6.8673688624620866e-08 8.7171025994764395e-01 8.7171005732707396e-01 2.0262056998898714e-07 1.7434203859484065e+00 1.7434201146541479e+00 2.7129425861360801e-07
177 3.4472656250000000e-01 8.7457379548540870e-01 8.7457372658611765e-01 6.8899291050250611e-08 8.7457392987241878e-01 8.7457372658611765e-01 2.0328630112587120e-07 1.7491477253578274e+00 1.7491474531722353e+00 2.7218559206509951e-07
178 3.4667968750000000e-01 8.7740453776096738e-01 8.7740446863866639e-01 6.9122300994095554e-08 8.7740467258295352e-01 8.7740446863866639e-01 2.0394428712489088e-07 1.7548092103439208e+00 1.7548089372773328e+00 2.7306658800796413e-07
179 3.4863281250000000e-01 8.8020224625159016e-01 8.8020217690888192e-01 6.9342708242103868e-08 8.8020238150334118e-01 8.8020217690888192e-01 2.0459445926324094e-07 1.7604046277549315e+00 1.7604043538177638e+00 2.7393716761636711e-07
180 3.5058593750000000e-01 8.8296681562513302e-01 8.8296674606462910e-01 6.9560503912491356e-08 8.8296695130183400e-01 8.8296674606462910e-01 2.0523720489773467e-07 1.7659337669269670e+00 1.7659334921292582e+00 2.7479770881022603e-07
181 3.5253906250000000e-01 8.8569814179712147e-01 8.8569807202144168e-01 6.9775679789607636e-08 8.8569827789347755e-01 8.8569807202144168e-01 2.0587203586330816e-07 1.7713964196905989e+00 1.7713961440428834e+00 2.7564771554189349e-07
182 3.5449218750000000e-01 8.8839612193467110e-01 8.8839605194644133e-01 6.9988229767226073e-08 8.8839625844544345e-01 8.8839605194644133e-01 2.0649900211999750e-07 1.7767923803801144e+00 1.7767921038928827e+00 2.7648723177620127e-07
183 3.5644531250000000e-01 8.9106065446035332e-01 8.9106058426220869e-01 7.0198144630495563e-08 8.9106079138074035e-01 8.9106058426220869e-01 2.0711853165877869e-07 1.7821214458410937e+00 1.7821211685244174e+00 2.7731667628927426e-07
184 3.5839843750000000e-01 8.9369163905602467e-01 8.9369156865060806e-01 7.0405416607854931e-08 8.9369177638063135e-01 8.9369156865060806e-01 2.0773002329388390e-07 1.7873834154366559e+00 1.7873831373012161e+00 2.7813543979071653e-07
185 3.6035156250000000e-01 8.9628897666660012e-01 8.9628890605656419e-01 7.0610035929341564e-08 8.9628911439034498e-01 8.9628890605656419e-01 2.0833378078233267e-07 1.7925780910569451e+00 1.7925778121131284e+00 2.7894381671167423e-07
186 3.6230468750000000e-01 8.9885256950378856e-01 8.9885249869179173e-01 7.0811996821795731e-08 8.9885270762145786e-01 8.9885249869179173e-01 2.0892966612340302e-07 1.7977052771252464e+00 1.7977049973835835e+00 2.7974166294519875e-07
187 3.6425781250000000e-01 9.0138232104976912e-01 9.0138225003847716e-01 7.1011291957745470e-08 9.0138245955618768e-01 9.0138225003847716e-01 2.0951771051436197e-07 1.8027647806059568e+00 1.8027645000769543e+00 2.8052900247210744e-07
188 3.6621093750000000e-01 9.0387813606082656e-01 9.0387806485291189e-01 7.1207914675852635e-08 9.0387827495069784e-01 9.0387806485291189e-01 2.1009778594649475e-07 1.8077564110115243e+00 1.8077561297058238e+00 2.8130570051132509e-07
189 3.6816406250000000e-01 9.0633992057093438e-01 9.0633984916907895e-01 7.1401855428199212e-08 9.0634005983916377e-01 9.0633984916907895e-01 2.1067008482145155e-07 1.8126799804100981e+00 1.8126796983381579e+00 2.8207194024965077e-07
190 3.7011718750000000e-01 9.0876758189529783e-01 9.0876751030219005e-01 7.1593107775491660e-08 9.0876772153652952e-01 9.0876751030219005e-01 2.1123433946446113e-07 1.8175353034318273e+00 1.8175350206043801e+00 2.8282744723995279e-07
191 3.7207031250000000e-01 9.1116102863384130e-01 9.1116095685217569e-01 7.1781665611503342e-08 9.1116116864300323e-01 9.1116095685217569e-01 2.1179082754230194e-07 1.8223221972768444e+00 1.8223219137043514e+00 2.8357249304278298e-07
192 3.7402343750000000e-01 9.1352017067464764e-01 9.1352009870712625e-01 7.1967521386717692e-08 9.1352031104631071e-01 9.1352009870712625e-01 2.1233918445773270e-07 1.8270404817209585e+00 1.8270401974142525e+00 2.8430670595547269e-07
193 3.7597656250000000e-01 9.1584491919735012e-01 9.1584484704668412e-01 7.2150665997305907e-08 9.1584505992606513e-01 9.1584484704668412e-01 2.1287938101188786e-07 1.8316899791234151e+00 1.8316896940933682e+00 2.8503004689817146e-07
194 3.7792968750000000e-01 9.1813518667648264e-01 9.1813511434538830e-01 7.2331094336242074e-08 9.1813532775726103e-01 9.1813511434538830e-01 2.1341187272927442e-07 1.8362705144337437e+00 1.8362702286907766e+00 2.8574296706551650e-07
195 3.7988281250000000e-01 9.2039088688476955e-01 9.2039081437596937e-01 7.2508800186277256e-08 9.2039102831201525e-01 9.2039081437596937e-01 2.1393604587860438e-07 1.8407819151967848e+00 1.8407816287519387e+00 2.8644484606488163e-07
196 3.8183593750000000e-01 9.2261193489637061e-01 9.2261186221259617e-01 7.2683774443582649e-08 9.2261207666490652e-01 9.2261186221259617e-01 2.1445231035421841e-07 1.8452240115612772e+00 1.8452237244251923e+00 2.8713608490882336e-07
197 3.8378906250000000e-01 9.2479824709008573e-01 9.2479817423407296e-01 7.2856012778288459e-08 9.2479838919451784e-01 9.2479817423407296e-01 2.1496044488866772e-07 1.8495966362846037e+00 1.8495963484681459e+00 2.8781645777797848e-07
198 3.8574218750000000e-01 9.2694974115249629e-01 9.2694966812698798e-01 7.3025508307011933e-08 9.2694988358750219e-01 9.2694966812698798e-01 2.1546051420795465e-07 1.8538996247399986e+00 1.8538993362539760e+00 2.8848602262598888e-07
199 3.8769531250000000e-01 9.2906633608106592e-01 9.2906626288881189e-01 7.3192254035348014e-08 9.2906647884139315e-01 9.2906626288881189e-01 2.1595258126172467e-07 1.8581328149224592e+00 1.8581325257776238e+00 2.8914483540809499e-07
200 3.8964843750000000e-01 9.3114795218719348e-01 9.3114787883094863e-01 7.3356244856270791e-08 9.3114809526738518e-01 9.3114787883094863e-01 2.1643643655089306e-07 1.8622960474545787e+00 1.8622957576618973e+00 2.8979268140716385e-07
201 3.9160156250000000e-01 9.3319451109920626e-01 9.3319443758173426e-01 7.3517471999018369e-08 9.3319465449387673e-01 9.3319443758173426e-01 2.1691214246999380e-07 1.8663891655930831e+00 1.8663888751634685e+00 2.9042961458003447e-07
202 3.9355468750000000e-01 9.3520593576532096e-01 9.3520586208938850e-01 7.3675932465988581e-08 9.3520607946912759e-01 9.3520586208938850e-01 2.1737973909807806e-07 1.8704120152344486e+00 1.8704117241787770e+00 2.9105567156406664e-07
203 3.9550781250000000e-01 9.3718215045653530e-01 9.3718207662491559e-01 7.3831619706865581e-08 9.3718229446390533e-01 9.3718207662491559e-01 2.1783898973559701e-07 1.8743644449204406e+00 1.8743641532498312e+00 2.9167060944246259e-07
204 3.9746093750000000e-01 9.3912308076948170e-01 9.3912300678495519e-01 7.3984526505199710e-08 9.3912322507522228e-01 9.3912300678495519e-01 2.1829026708442001e-07 1.8782463058447041e+00 1.8782460135699104e+00 2.9227479370064202e-07
205 3.9941406250000000e-01 9.4102865362923194e-01 9.4102857949458385e-01 7.4134648087031962e-08 9.4102879822766750e-01 9.4102857949458385e-01 2.1873308364561694e-07 1.8820574518568995e+00 1.8820571589891677e+00 2.9286773184367121e-07
206 4.0136718750000000e-01 9.4289879729204551e-01 9.4289872301006605e-01 7.4281979456358727e-08 9.4289894217796599e-01 9.4289872301006605e-01 2.1916789993969843e-07 1.8857977394700116e+00 1.8857974460201321e+00 2.9344987950707946e-07
207 4.0332031250000000e-01 9.4473344134806891e-01 9.4473336692155541e-01 7.4426513507752645e-08 9.4473358651587003e-01 9.4473336692155541e-01 2.1959431462104106e-07 1.8894670278639389e+00 1.8894667338431108e+00 2.9402082812879371e-07
208 4.0527343750000000e-01 9.4653251672399330e-01 9.4653244215574561e-01 7.4568247687700762e-08 9.4653266216822929e-01 9.4653244215574561e-01 2.2001248367597981e-07 1.8930651788922226e+00 1.8930648843114912e+00 2.9458073136368057e-07
209 4.0722656250000000e-01 9.4829595568564262e-01 9.4829588097847095e-01 7.4707171671128947e-08 9.4829610140094645e-01 9.4829588097847095e-01 2.2042247549425298e-07 1.8965920570865891e+00 1.8965917619569419e+00 2.9512964716538193e-07
210 4.0917968750000000e-01 9.5002369184053947e-01 9.5002361699725646e-01 7.4843283015546547e-08 9.5002383782122324e-01 9.5002361699725646e-01 2.2082396677891580e-07 1.9000475296617627e+00 1.9000472339945129e+00 2.9566724979446235e-07
211 4.1113281250000000e-01 9.5171566014039299e-01 9.5171558516381760e-01 7.4976575392682321e-08 9.5171580638093689e-01 9.5171558516381760e-01 2.2121711928946297e-07 1.9034314665213299e+00 1.9034311703276352e+00 2.9619369468214529e-07
212 4.1308593750000000e-01 9.5337179688355689e-01 9.5337172177650908e-01 7.5107047803335547e-08 9.5337194337863895e-01 9.5337172177650908e-01 2.2160212986843675e-07 1.9067437402621958e+00 1.9067434435530182e+00 2.9670917767177230e-07
213 4.1503906250000000e-01 9.5499203971741586e-01 9.5499196448272339e-01 7.5234692475945053e-08 9.5499218646140427e-01 9.5499196448272339e-01 2.2197868088102979e-07 1.9099842261788202e+00 1.9099839289654468e+00 2.9721337346799714e-07
214 4.1699218750000000e-01 9.5657632764074096e-01 9.5657625228123888e-01 7.5359502083038876e-08 9.5657647462820494e-01 9.5657625228123888e-01 2.2234696606115989e-07 1.9131528022689459e+00 1.9131525045624778e+00 2.9770646814419877e-07
215 4.1894531250000000e-01 9.5812460100599151e-01 9.5812452552451499e-01 7.5481476513594714e-08 9.5812474823147686e-01 9.5812452552451499e-01 2.2270696187209893e-07 1.9162493492374684e+00 1.9162490510490300e+00 2.9818843838569364e-07
216 4.2089843750000000e-01 9.5963680152154662e-01 9.5963672592093918e-01 7.5600607440939882e-08 9.5963694897940577e-01 9.5963672592093918e-01 2.2305846658632333e-07 1.9192737505009525e+00 1.9192734518418784e+00 2.9865907413828552e-07
217 4.2285156250000000e-01 9.6111287225391540e-01 9.6111279653702131e-01 7.5716894087918263e-08 9.6111301993843412e-01 9.6111279653702131e-01 2.2340141281329551e-07 1.9222258921923494e+00 1.9222255930740426e+00 2.9911830679019147e-07
218 4.2480468750000000e-01 9.6255275762986592e-01 9.6255268179953690e-01 7.5830329016035591e-08 9.6255290553569695e-01 9.6255268179953690e-01 2.2373616004323083e-07 1.9251056631655628e+00 1.9251053635990738e+00 2.9956648894824411e-07
219 4.2675781250000000e-01 9.6395640343852684e-01 9.6395632749761984e-01 7.5940907007243652e-08 9.6395655156001536e-01 9.6395632749761984e-01 2.2406239552630325e-07 1.9279129549985421e+00 1.9279126549952397e+00 3.0000330242252460e-07
220 4.2871093750000000e-01 9.6532375683342908e-01 9.6532368078480280e-01 7.6048626285185605e-08 9.6532390516507771e-01 9.6532368078480280e-01 2.2438027491578083e-07 1.9306476619985067e+00 1.9306473615696056e+00 3.0042890108994413e-07
221 4.3066406250000000e-01 9.6665476633448988e-01 9.6665469018100736e-01 7.6153482519991655e-08 9.6665491487073396e-01 9.6665469018100736e-01 2.2468972660227848e-07 1.9333096812052237e+00 1.9333093803620147e+00 3.0084320901124784e-07
222 4.3261718750000000e-01 9.6794938182995449e-01 9.6794930557448200e-01 7.6255472492015031e-08 9.6794953056508715e-01 9.6794930557448200e-01 2.2499060514657998e-07 1.9358989123950416e+00 1.9358986111489640e+00 3.0124607763859501e-07
223 4.3457031250000000e-01 9.6920755457828067e-01 9.6920747822368902e-01 7.6354591649341330e-08 9.6920770350679786e-01 9.6920747822368902e-01 2.2528310883451752e-07 1.9384152580850786e+00 1.9384149564473780e+00 3.0163770059488115e-07
224 4.3652343750000000e-01 9.7042923720997631e-01 9.7042916075913899e-01 7.6450837327435295e-08 9.7042938632624742e-01 9.7042916075913899e-01 2.2556710843613104e-07 1.9408586235362237e+00 1.9408583215182780e+00 3.0201794576356633e-07
225 4.3847656250000000e-01 9.7161438372938114e-01 9.7161430718517539e-01 7.6544205751538641e-08 9.7161453302756651e-01 9.7161430718517539e-01 2.2584239112166671e-07 1.9432289167569476e+00 1.9432286143703508e+00 3.0238659687320535e-07
226 4.4042968750000000e-01 9.7276294951639475e-01 9.7276287288170482e-01 7.6634689927246313e-08 9.7276309899105984e-01 9.7276287288170482e-01 2.2610935501710117e-07 1.9455260485074546e+00 1.9455257457634096e+00 3.0274404494434748e-07
227 4.4238281250000000e-01 9.7387489132816740e-01 9.7387481460587799e-01 7.6722289410469102e-08 9.7387504097382649e-01 9.7387481460587799e-01 2.2636794849706376e-07 1.9477499323019938e+00 1.9477496292117560e+00 3.0309023779651056e-07
228 4.4433593750000000e-01 9.7495016730071860e-01 9.7495009049371761e-01 7.6807000981560236e-08 9.7495031711159541e-01 9.7495009049371761e-01 2.2661787779654219e-07 1.9499004844123140e+00 1.9499001809874352e+00 3.0342487877810242e-07
229 4.4628906250000000e-01 9.7598873695051414e-01 9.7598866006169405e-01 7.6888820088605314e-08 9.7598888692078289e-01 9.7598866006169405e-01 2.2685908884767514e-07 1.9519776238712971e+00 1.9519773201233881e+00 3.0374790904730276e-07
230 4.4824218750000000e-01 9.7699056117599403e-01 9.7699048420825030e-01 7.6967743734002170e-08 9.7699071130040693e-01 9.7699048420825030e-01 2.2709215663496707e-07 1.9539812724764010e+00 1.9539809684165006e+00 3.0405990036896924e-07
231 4.5019531250000000e-01 9.7795560225904266e-01 9.7795552521527340e-01 7.7043769253215544e-08 9.7795575253158118e-01 9.7795552521527340e-01 2.2731630777705902e-07 1.9559113547906239e+00 1.9559110504305468e+00 3.0436007714129687e-07
232 4.5214843750000000e-01 9.7888382386641093e-01 9.7888374674951473e-01 7.7116896202156227e-08 9.7888397428168927e-01 9.7888374674951473e-01 2.2753217454596353e-07 1.9577677981481001e+00 1.9577674934990295e+00 3.0464907063709745e-07
233 4.5410156250000000e-01 9.7977519105107702e-01 9.7977511386395821e-01 7.7187118807664490e-08 9.7977534160333735e-01 9.7977511386395821e-01 2.2773937913278530e-07 1.9595505326544145e+00 1.9595502277279164e+00 3.0492649805147209e-07
234 4.5605468750000000e-01 9.8062967025357195e-01 9.8062959299913599e-01 7.7254435959517309e-08 9.8062982093717854e-01 9.8062959299913599e-01 2.2793804255183403e-07 1.9612594911907504e+00 1.9612591859982720e+00 3.0519247840032904e-07
235 4.5800781250000000e-01 9.8144722930323458e-01 9.8144715198439147e-01 7.7318843105800283e-08 9.8144738011234689e-01 9.8144715198439147e-01 2.2812795541504727e-07 1.9628946094155815e+00 1.9628943039687829e+00 3.0544679852084755e-07
236 4.5996093750000000e-01 9.8222783741943065e-01 9.8222776003909085e-01 7.7380339802424203e-08 9.8222798834853753e-01 9.8222776003909085e-01 2.2830944668150721e-07 1.9644558257679683e+00 1.9644555200781817e+00 3.0568978659495372e-07
237 4.6191406250000000e-01 9.8297146521270595e-01 9.8297138777378212e-01 7.7438923828943018e-08 9.8297161625608109e-01 9.8297138777378212e-01 2.2848229896954564e-07 1.9659430814687870e+00 1.9659427755475642e+00 3.0592122279848866e-07
238 4.6386718750000000e-01 9.8367808468589546e-01 9.8367800719130127e-01 7.7494594186156007e-08 9.8367823583787817e-01 9.8367800719130127e-01 2.2864657689414258e-07 1.9673563205237736e+00 1.9673560143826025e+00 3.0614117108029859e-07
239 4.6582031250000000e-01 9.8434766923517025e-01 9.8434759168782682e-01 7.7547343435568905e-08 9.8434782049005765e-01 9.8434759168782682e-01 2.2880223082832885e-07 1.9686954897252278e+00 1.9686951833756536e+00 3.0634957415287545e-07
240 4.6777343750000000e-01 9.8498019365105405e-01 9.8498011605388092e-01 7.7597173131493946e-08 9.8498034500323250e-01 9.8498011605388092e-01 2.2894935158834784e-07 1.9699605386542864e+00 1.9699602321077618e+00 3.0654652460881948e-07
241 4.6972656250000000e-01 9.8557563411935956e-01 9.8557555647527850e-01 7.7644081053485081e-08 9.8557578556288639e-01 9.8557555647527850e-01 2.2908760788364901e-07 1.9711514196822459e+00 1.9711511129505570e+00 3.0673168893713409e-07
242 4.7167968750000000e-01 9.8613396822209043e-01 9.8613389053402434e-01 7.7688066091319286e-08 9.8613411975140730e-01 9.8613389053402434e-01 2.2921738296322047e-07 1.9722680879734977e+00 1.9722677810680487e+00 3.0690544905453976e-07
243 4.7363281250000000e-01 9.8665517493828392e-01 9.8665509720915678e-01 7.7729127134773535e-08 9.8665532654774968e-01 9.8665509720915678e-01 2.2933859289420155e-07 1.9733105014860337e+00 1.9733101944183136e+00 3.0706772013999739e-07
244 4.7558593750000000e-01 9.8713923464480136e-01 9.8713915687753895e-01 7.7767262407490989e-08 9.8713938632868203e-01 9.8713915687753895e-01 2.2945114308559056e-07 1.9742786209734833e+00 1.9742783137550779e+00 3.0721840538205925e-07
245 4.7753906250000000e-01 9.8758612911706622e-01 9.8758605131459798e-01 7.7802468245735668e-08 9.8758628086967948e-01 9.8758605131459798e-01 2.2955508149902215e-07 1.9751724099867456e+00 1.9751721026291960e+00 3.0735754963373552e-07
246 4.7949218750000000e-01 9.8799584152975795e-01 9.8799576369501096e-01 7.7834746980975922e-08 9.8799599334510724e-01 9.8799576369501096e-01 2.2965009627284871e-07 1.9759918348748653e+00 1.9759915273900219e+00 3.0748484336484694e-07
247 4.8144531250000000e-01 9.8836835645743271e-01 9.8836827859333831e-01 7.7864094394364258e-08 9.8836850833028012e-01 9.8836827859333831e-01 2.2973694180361548e-07 1.9767368647877128e+00 1.9767365571866766e+00 3.0760103619797974e-07
248 4.8339843750000000e-01 9.8870365987511499e-01 9.8870358198460462e-01 7.7890510374878374e-08 9.8870381179930167e-01 9.8870358198460462e-01 2.2981469705030122e-07 1.9774074716744168e+00 1.9774071639692092e+00 3.0770520753620190e-07
249 4.8535156250000000e-01 9.8900173915881717e-01 9.8900166124482669e-01 7.7913990481626172e-08 9.8900189112893133e-01 9.8900166124482669e-01 2.2988410464108711e-07 1.9780036302877484e+00 1.9780033224896534e+00 3.0779809501169098e-07
250 4.8730468750000000e-01 9.8926258308603032e-01 9.8926250515148884e-01 7.7934541486968101e-08 9.8926273509614526e-01 9.8926250515148884e-01 2.2994465642689477e-07 1.9785253181821756e+00 1.9785250103029777e+00 3.0787919791386287e-07
251 4.8925781250000000e-01 9.8948618183612080e-01 9.8948610388396541e-01 7.7952155397298384e-08 9.8948633388056995e-01 9.8948610388396541e-01 2.2999660453937310e-07 1.9789725157166909e+00 1.9789722077679308e+00 3.0794876004769378e-07
252 4.9121093750000000e-01 9.8967252699072750e-01 9.8967244902389084e-01 7.7966836653509120e-08 9.8967267906387879e-01 9.8967244902389084e-01 2.3003998794735026e-07 1.9793452060546062e+00 1.9793448980477817e+00 3.0800682448983707e-07
253 4.9316406250000000e-01 9.8982161153405646e-01 9.8982153355547531e-01 7.7978581147775117e-08 9.8982176363002983e-01 9.8982153355547531e-01 2.3007455451917735e-07 1.9796433751640863e+00 1.9796430671109506e+00 3.0805313566695247e-07
254 4.9511718750000000e-01 9.8993342985316146e-01 9.8993335186577114e-01 7.7987390323386308e-08 9.8993358196616743e-01 9.8993335186577114e-01 2.3010039629234313e-07 1.9798670118193289e+00 1.9798667037315423e+00 3.0808778661572944e-07
255 4.9707031250000000e-01 9.9000797773814342e-01 9.9000789974488157e-01 7.7993261848874340e-08 9.9000812986282283e-01 9.9000789974488157e-01 2.3011794125782359e-07 1.9800161076009664e+00 1.9800157994897631e+00 3.0811120321772023e-07
256 4.9902343750000000e-01 9.9004525238232133e-01 9.9004517438612138e-01 7.7996199943086708e-08 9.9004540451269807e-01 9.9004517438612138e-01 2.3012657668353143e-07 1.9800906568950194e+00 1.9800903487722428e+00 3.0812277662661813e-07
257 5.0097656250000000e-01 9.9004525238232166e-01 9.9004517438612138e-01 7.7996200276153616e-08 9.9004540451262280e-01 9.9004517438612138e-01 2.3012650141041036e-07 1.9800906568949443e+00 1.9800903487722428e+00 3.0812270157554167e-07
258 5.0292968750000000e-01 9.9000797773814342e-01 9.9000789974488157e-01 7.7993261848874340e-08 9.9000812986272169e-01 9.9000789974488157e-01 2.3011784011650604e-07 1.9800161076008651e+00 1.9800157994897631e+00 3.0811110196538039e-07
259 5.0488281250000000e-01 9.8993342985316135e-01 9.8993335186577114e-01 7.7987390212364005e-08 9.8993358196634784e-01 9.8993335186577114e-01 2.3010057670358464e-07 1.9798670118195092e+00 1.9798667037315423e+00 3.0808796691594864e-07
260 5.0683593750000000e-01 9.8982161153405557e-01 9.8982153355547531e-01 7.7978580259596697e-08 9.8982176362994301e-01 9.8982153355547531e-01 2.3007446769973683e-07 1.9796433751639986e+00 1.9796430671109506e+00 3.0805304795933353e-07
261 5.0878906250000000e-01 9.8967252699072639e-01 9.8967244902389084e-01 7.7966835543286095e-08 9.8967267906369705e-01 9.8967244902389084e-01 2.3003980620384112e-07 1.9793452060544234e+00 1.9793448980477817e+00 3.0800664174712722e-07
262 5.1074218750000000e-01 9.8948618183612136e-01 9.8948610388396541e-01 7.7952155952409896e-08 9.8948633388050977e-01 9.8948610388396541e-01 2.2999654436528516e-07 1.9789725157166311e+00 1.9789722077679308e+00 3.0794870031769506e-07
263 5.1269531250000000e-01 9.8926258308603143e-01 9.8926250515148884e-01 7.7934542597191125e-08 9.8926273509603790e-01 9.8926250515148884e-01 2.2994454906832829e-07 1.9785253181820694e+00 1.9785250103029777e+00 3.0787909177654171e-07
264 5.1464843750000000e-01 9.8900173915881884e-01 9.8900166124482669e-01 7.7913992146960709e-08 9.8900189112876158e-01 9.8900166124482669e-01 2.2988393488798664e-07 1.9780036302875805e+00 1.9780033224896534e+00 3.0779792714596965e-07
265 5.1660156250000000e-01 9.8870365987511621e-01 9.8870358198460462e-01 7.7890511596123702e-08 9.8870381179931455e-01 9.8870358198460462e-01 2.2981470992888831e-07 1.9774074716744308e+00 1.9774071639692092e+00 3.0770522152501201e-07
266 5.1855468750000000e-01 9.8836835645743426e-01 9.8836827859333831e-01 7.7864095948676493e-08 9.8836850833002299e-01 9.8836827859333831e-01 2.2973668467596298e-07 1.9767368647874572e+00 1.9767365571866766e+00 3.0760078062463947e-07
267 5.2050781250000000e-01 9.8799584152975872e-01 9.8799576369501096e-01 7.7834747758132039e-08 9.8799599334512223e-01 9.8799576369501096e-01 2.2965011126085955e-07 1.9759918348748808e+00 1.9759915273900219e+00 3.0748485890796928e-07
268 5.2246093750000000e-01 9.8758612911706689e-01 9.8758605131459798e-01 7.7802468911869482e-08 9.8758628086960387e-01 9.8758605131459798e-01 2.2955500589283417e-07 1.9751724099866708e+00 1.9751721026291960e+00 3.0735747480470366e-07
269 5.2441406250000000e-01 9.8713923464480269e-01 9.8713915687753895e-01 7.7767263739758619e-08 9.8713938632860720e-01 9.8713915687753895e-01 2.2945106825655870e-07 1.9742786209734100e+00 1.9742783137550779e+00 3.0721833210733962e-07
270 5.2636718750000000e-01 9.8665517493828625e-01 9.8665509720915678e-01 7.7729129466241886e-08 9.8665532654777188e-01 9.8665509720915678e-01 2.2933861509866205e-07 1.9733105014860581e+00 1.9733101944183136e+00 3.0706774456490393e-07
271 5.2832031250000000e-01 9.8613396822209343e-01 9.8613389053402434e-01 7.7688069088921452e-08 9.8613411975150422e-01 9.8613389053402434e-01 2.2921747988569052e-07 1.9722680879735977e+00 1.9722677810680487e+00 3.0690554897461197e-07
272 5.3027343750000000e-01 9.8557563411936100e-01 9.8557555647527850e-01 7.7644082496775013e-08 9.8557578556295788e-01 9.8557555647527850e-01 2.2908767938201180e-07 1.9711514196823190e+00 1.9711511129505570e+00 3.0673176198980912e-07
273 5.3222656250000000e-01 9.8498019365105327e-01 9.8498011605388092e-01 7.7597172354337829e-08 9.8498034500307663e-01 9.8498011605388092e-01 2.2894919571303518e-07 1.9699605386541299e+00 1.9699602321077618e+00 3.0654636806737301e-07
274 5.3417968750000000e-01 9.8434766923516903e-01 9.8434759168782682e-01 7.7547342214323578e-08 9.8434782049004188e-01 9.8434759168782682e-01 2.2880221506316190e-07 1.9686954897252109e+00 1.9686951833756536e+00 3.0634955727748547e-07
275 5.3613281250000000e-01 9.8367808468589324e-01 9.8367800719130127e-01 7.7494591965709958e-08 9.8367823583794411e-01 9.8367800719130127e-01 2.2864664284139025e-07 1.9673563205238374e+00 1.9673560143826025e+00 3.0614123480710020e-07
276 5.3808593750000000e-01 9.8297146521270440e-01 9.8297138777378212e-01 7.7438922274630784e-08 9.8297161625620422e-01 9.8297138777378212e-01 2.2848242209327907e-07 1.9659430814689087e+00 1.9659427755475642e+00 3.0592134447893216e-07
277 5.4003906250000000e-01 9.8222783741942898e-01 9.8222776003909085e-01 7.7380338137089666e-08 9.8222798834866187e-01 9.8222776003909085e-01 2.2830957102648597e-07 1.9644558257680909e+00 1.9644555200781817e+00 3.0568990916357563e-07
278 5.4199218750000000e-01 9.8144722930323258e-01 9.8144715198439147e-01 7.7318841107398839e-08 9.8144738011245969e-01 9.8144715198439147e-01 2.2812806821370657e-07 1.9628946094156923e+00 1.9628943039687829e+00 3.0544690932110541e-07
279 5.4394531250000000e-01 9.8062967025356984e-01 9.8062959299913599e-01 7.7254433850093562e-08 9.8062982093719686e-01 9.8062959299913599e-01 2.2793806087051394e-07 1.9612594911907668e+00 1.9612591859982720e+00 3.0519249483162980e-07
280 5.4589843750000000e-01 9.7977519105107524e-01 9.7977511386395832e-01 7.7187116920285348e-08 9.7977534160334390e-01 9.7977511386395832e-01 2.2773938557207885e-07 1.9595505326544191e+00 1.9595502277279166e+00 3.0492650249236419e-07
281 5.4785156250000000e-01 9.7888382386640882e-01 9.7888374674951473e-01 7.7116894092732480e-08 9.7888397428163498e-01 9.7888374674951473e-01 2.2753212025605762e-07 1.9577677981480437e+00 1.9577674934990295e+00 3.0464901423776780e-07
282 5.4980468750000000e-01 9.7795560225904232e-01 9.7795552521527340e-01 7.7043768920148636e-08 9.7795575253165790e-01 9.7795552521527340e-01 2.2731638449347003e-07 1.9559113547907003e+00 1.9559110504305468e+00 3.0436015352464096e-07
283 5.5175781250000000e-01 9.7699056117599392e-01 9.7699048420825041e-01 7.6967743511957565e-08 9.7699071130031911e-01 9.7699048420825041e-01 2.2709206870530352e-07 1.9539812724763130e+00 1.9539809684165008e+00 3.0405981221726108e-07
284 5.5371093750000000e-01 9.7598873695051458e-01 9.7598866006169416e-01 7.6888820421672222e-08 9.7598888692106300e-01 9.7598866006169416e-01 2.2685936884592195e-07 1.9519776238715776e+00 1.9519773201233883e+00 3.0374818926759417e-07
285 5.5566406250000000e-01 9.7495016730071993e-01 9.7495009049371761e-01 7.6807002313827866e-08 9.7495031711163893e-01 9.7495009049371761e-01 2.2661792131728475e-07 1.9499004844123589e+00 1.9499001809874352e+00 3.0342492363111262e-07
286 5.5761718750000000e-01 9.7387489132816962e-01 9.7387481460587799e-01 7.6722291630915151e-08 9.7387504097382160e-01 9.7387481460587799e-01 2.2636794361208246e-07 1.9477499323019911e+00 1.9477496292117560e+00 3.0309023513197531e-07
287 5.5957031250000000e-01 9.7276294951639630e-01 9.7276287288170482e-01 7.6634691481558548e-08 9.7276309899131763e-01 9.7276287288170482e-01 2.2610961281088748e-07 1.9455260485077139e+00 1.9455257457634096e+00 3.0274430429244603e-07
288 5.6152343750000000e-01 9.7161438372938325e-01 9.7161430718517539e-01 7.6544207860962388e-08 9.7161453302757594e-01 9.7161430718517539e-01 2.2584240055856242e-07 1.9432289167569592e+00 1.9432286143703508e+00 3.0238660841952480e-07
289 5.6347656250000000e-01 9.7042923720998009e-01 9.7042916075913910e-01 7.6450840991171276e-08 9.7042938632630460e-01 9.7042916075913910e-01 2.2556716550159450e-07 1.9408586235362848e+00 1.9408583215182782e+00 3.0201800660378808e-07
290 5.6542968750000000e-01 9.6920755457828367e-01 9.6920747822368902e-01 7.6354594646943497e-08 9.6920770350674246e-01 9.6920747822368902e-01 2.2528305343438859e-07 1.9384152580850262e+00 1.9384149564473780e+00 3.0163764819235439e-07
291 5.6738281250000000e-01 9.6794938182995738e-01 9.6794930557448200e-01 7.6255475378594895e-08 9.6794953056512667e-01 9.6794930557448200e-01 2.2499064467051966e-07 1.9358989123950840e+00 1.9358986111489640e+00 3.0124612004911455e-07
292 5.6933593750000000e-01 9.6665476633449199e-01 9.6665469018100736e-01 7.6153484629415402e-08 9.6665491487070854e-01 9.6665469018100736e-01 2.2468970117817122e-07 1.9333096812052006e+00 1.9333093803620147e+00 3.0084318591860892e-07
293 5.7128906250000000e-01 9.6532375683343108e-01 9.6532368078480280e-01 7.6048628283587050e-08 9.6532390516497957e-01 9.6532368078480280e-01 2.2438017677206545e-07 1.9306476619984108e+00 1.9306473615696056e+00 3.0042880516667481e-07
294 5.7324218750000000e-01 9.6395640343852929e-01 9.6395632749761995e-01 7.5940909338712004e-08 9.6395655155990179e-01 9.6395632749761995e-01 2.2406228183946553e-07 1.9279129549984311e+00 1.9279126549952399e+00 3.0000319117817753e-07
295 5.7519531250000000e-01 9.6255275762986703e-01 9.6255268179953701e-01 7.5830330015236314e-08 9.6255290553569683e-01 9.6255268179953701e-01 2.2373615982118622e-07 1.9251056631655639e+00 1.9251053635990740e+00 2.9956648983642253e-07
296 5.7714843750000000e-01 9.6111287225391606e-01 9.6111279653702131e-01 7.5716894754052078e-08 9.6111301993845311e-01 9.6111279653702131e-01 2.2340143179810923e-07 1.9222258921923692e+00 1.9222255930740426e+00 2.9911832655216131e-07
297 5.7910156250000000e-01 9.5963680152154662e-01 9.5963672592093918e-01 7.5600607440939882e-08 9.5963694897941720e-01 9.5963672592093918e-01 2.2305847802162049e-07 1.9192737505009638e+00 1.9192734518418784e+00 2.9865908546256037e-07
298 5.8105468750000000e-01 9.5812460100599195e-01 9.5812452552451499e-01 7.5481476957683924e-08 9.5812474823135330e-01 9.5812452552451499e-01 2.2270683830427629e-07 1.9162493492373454e+00 1.9162490510490300e+00 2.9818831537298252e-07
299 5.8300781250000000e-01 9.5657632764074230e-01 9.5657625228123888e-01 7.5359503415306506e-08 9.5657647462812934e-01 9.5657625228123888e-01 2.2234689045497191e-07 1.9131528022688715e+00 1.9131525045624778e+00 2.9770639375925612e-07
300 5.8496093750000000e-01 9.5499203971741742e-01 9.5499196448272350e-01 7.5234693919234985e-08 9.5499218646153494e-01 9.5499196448272350e-01 2.2197881144325748e-07 1.9099842261789524e+00 1.9099839289654470e+00 2.9721350536249247e-07
301 5.8691406250000000e-01 9.5337179688355911e-01 9.5337172177650908e-01 7.5107050023781596e-08 9.5337194337858411e-01 9.5337172177650908e-01 2.2160207502341933e-07 1.9067437402621432e+00 1.9067434435530182e+00 2.9670912504720093e-07
302 5.8886718750000000e-01 9.5171566014039588e-01 9.5171558516381760e-01 7.4976578279262185e-08 9.5171580638096376e-01 9.5171558516381760e-01 2.2121714615686017e-07 1.9034314665213596e+00 1.9034311703276352e+00 2.9619372443612235e-07
303 5.9082031250000000e-01 9.5002369184054325e-01 9.5002361699725646e-01 7.4843286790304830e-08 9.5002383782123512e-01 9.5002361699725646e-01 2.2082397865830217e-07 1.9000475296617783e+00 1.9000472339945129e+00 2.9566726533758469e-07
304 5.9277343750000000e-01 9.4829595568564584e-01 9.4829588097847095e-01 7.4707174890775718e-08 9.4829610140086074e-01 9.4829588097847095e-01 2.2042238978503548e-07 1.8965920570865067e+00 1.8965917619569419e+00 2.9512956478683350e-07
305 5.9472656250000000e-01 9.4653251672399563e-01 9.4653244215574572e-01 7.4568249908146811e-08 9.4653266216820808e-01 9.4653244215574572e-01 2.2001246235969774e-07 1.8930651788922037e+00 1.8930648843114914e+00 2.9458071226784455e-07
306 5.9667968750000000e-01 9.4473344134807313e-01 9.4473336692155541e-01 7.4426517726600139e-08 9.4473358651587935e-01 9.4473336692155541e-01 2.1959432394691447e-07 1.8894670278639525e+00 1.8894667338431108e+00 2.9402084167351461e-07
307 5.9863281250000000e-01 9.4289879729204951e-01 9.4289872301006605e-01 7.4281983453161615e-08 9.4289894217781534e-01 9.4289872301006605e-01 2.1916774928243399e-07 1.8857977394698648e+00 1.8857974460201321e+00 2.9344973273559560e-07
308 6.0058593750000000e-01 9.4102865362923505e-01 9.4102857949458396e-01 7.4134651084634129e-08 9.4102879822755681e-01 9.4102857949458396e-01 2.1873297284535909e-07 1.8820574518567919e+00 1.8820571589891679e+00 2.9286762392999321e-07
309 6.0253906250000000e-01 9.3912308076948370e-01 9.3912300678495531e-01 7.3984528392578852e-08 9.3912322507518509e-01 9.3912300678495531e-01 2.1829022978092638e-07 1.8782463058446688e+00 1.8782460135699106e+00 2.9227475817350523e-07
310 6.0449218750000000e-01 9.3718215045653652e-01 9.3718207662491559e-01 7.3831620928110908e-08 9.3718229446404910e-01 9.3718207662491559e-01 2.1783913350947870e-07 1.8743644449205856e+00 1.8743641532498312e+00 2.9167075443758961e-07
311 6.0644531250000000e-01 9.3520593576532274e-01 9.3520586208938850e-01 7.3675934242345420e-08 9.3520607946909251e-01 9.3520586208938850e-01 2.1737970401503048e-07 1.8704120152344152e+00 1.8704117241787770e+00 2.9105563825737590e-07
312 6.0839843750000000e-01 9.3319451109920648e-01 9.3319443758173426e-01 7.3517472221062974e-08 9.3319465449389571e-01 9.3319443758173426e-01 2.1691216145480752e-07 1.8663891655931022e+00 1.8663888751634685e+00 2.9042963367587049e-07
313 6.1035156250000000e-01 9.3114795218719348e-01 9.3114787883094863e-01 7.3356244856270791e-08 9.3114809526748499e-01 9.3114787883094863e-01 2.1643653635994298e-07 1.8622960474546786e+00 1.8622957576618973e+00 2.8979278132723607e-07
314 6.1230468750000000e-01 9.2906633608106426e-01 9.2906626288881200e-01 7.3192252258991175e-08 9.2906647884138682e-01 9.2906626288881200e-01 2.1595257482243113e-07 1.8581328149224512e+00 1.8581325257776240e+00 2.8914482719244461e-07
315 6.1425781250000000e-01 9.2694974115249384e-01 9.2694966812698798e-01 7.3025505864521278e-08 9.2694988358762953e-01 9.2694966812698798e-01 2.1546064155053557e-07 1.8538996247401234e+00 1.8538993362539760e+00 2.8848614741505685e-07
316 6.1621093750000000e-01 9.2479824709008496e-01 9.2479817423407307e-01 7.2856011890110040e-08 9.2479838919452428e-01 9.2479817423407307e-01 2.1496045121693896e-07 1.8495966362846092e+00 1.8495963484681461e+00 2.8781646310704900e-07
317 6.1816406250000000e-01 9.2261193489637039e-01 9.2261186221259617e-01 7.2683774221538044e-08 9.2261207666504186e-01 9.2261186221259617e-01 2.1445244569040511e-07 1.8452240115614122e+00 1.8452237244251923e+00 2.8713621991194316e-07
318 6.2011718750000000e-01 9.2039088688477000e-01 9.2039081437596937e-01 7.2508800630366466e-08 9.2039102831203456e-01 9.2039081437596937e-01 2.1393606519648500e-07 1.8407819151968046e+00 1.8407816287519387e+00 2.8644486582685147e-07
319 6.2207031250000000e-01 9.1813518667648297e-01 9.1813511434538830e-01 7.2331094669308982e-08 9.1813532775711304e-01 9.1813511434538830e-01 2.1341172473654524e-07 1.8362705144335960e+00 1.8362702286907766e+00 2.8574281940585422e-07
320 6.2402343750000000e-01 9.1584491919735100e-01 9.1584484704668423e-01 7.2150666774462024e-08 9.1584505992611021e-01 9.1584484704668423e-01 2.1287942597592036e-07 1.8316899791234613e+00 1.8316896940933685e+00 2.8503009286140468e-07
321 6.2597656250000000e-01 9.1352017067465041e-01 9.1352009870712625e-01 7.1967524162275254e-08 9.1352031104606135e-01 9.1352009870712625e-01 2.1233893510164137e-07 1.8270404817207118e+00 1.8270401974142525e+00 2.8430645926391662e-07
322 6.2792968750000000e-01 9.1116102863384529e-01 9.1116095685217580e-01 7.1781669497283929e-08 9.1116116864264773e-01 9.1116095685217580e-01 2.1179047193786715e-07 1.8223221972764931e+00 1.8223219137043516e+00 2.8357214154617338e-07
323 6.2988281250000000e-01 9.0876758189530160e-01 9.0876751030219016e-01 7.1593111439227641e-08 9.0876772153649354e-01 9.0876751030219016e-01 2.1123430338221283e-07 1.8175353034317951e+00 1.8175350206043803e+00 2.8282741482144047e-07
324 6.3183593750000000e-01 9.0633992057093848e-01 9.0633984916907895e-01 7.1401859536024403e-08 9.0634005983908472e-01 9.0633984916907895e-01 2.1067000577357220e-07 1.8126799804100231e+00 1.8126796983381579e+00 2.8207186519857430e-07
325 6.3378906250000000e-01 9.0387813606082978e-01 9.0387806485291200e-01 7.1207917784477104e-08 9.0387827495063755e-01 9.0387806485291200e-01 2.1009772555036221e-07 1.8077564110114674e+00 1.8077561297058240e+00 2.8130564344586162e-07
326 6.3574218750000000e-01 9.0138232104977289e-01 9.0138225003847727e-01 7.1011295621481452e-08 9.0138245955620300e-01 9.0138225003847727e-01 2.0951772572441740e-07 1.8027647806059759e+00 1.8027645000769545e+00 2.8052902134589885e-07
327 6.3769531250000000e-01 8.9885256950379155e-01 8.9885249869179173e-01 7.0811999819397897e-08 8.9885270762137259e-01 8.9885249869179173e-01 2.0892958085827473e-07 1.7977052771251643e+00 1.7977049973835835e+00 2.7974158078869493e-07
328 6.3964843750000000e-01 8.9628897666660257e-01 8.9628890605656419e-01 7.0610038371832218e-08 8.9628911439033410e-01 8.9628890605656419e-01 2.0833376990214703e-07 1.7925780910569367e+00 1.7925778121131284e+00 2.7894380827397924e-07
329 6.4160156250000000e-01 8.9369163905602678e-01 8.9369156865060806e-01 7.0405418717278678e-08 8.9369177638070374e-01 8.9369156865060806e-01 2.0773009568042511e-07 1.7873834154367305e+00 1.7873831373012161e+00 2.7813551439770379e-07
330 6.4355468750000000e-01 8.9106065446035509e-01 8.9106058426220869e-01 7.0198146406852402e-08 8.9106079138069216e-01 8.9106058426220869e-01 2.0711848347509942e-07 1.7821214458410473e+00 1.7821211685244174e+00 2.7731662988195183e-07
331 6.4550781250000000e-01 8.8839612193467421e-01 8.8839605194644133e-01 6.9988232875850542e-08 8.8839625844557124e-01 8.8839605194644133e-01 2.0649912990666763e-07 1.7767923803802455e+00 1.7767921038928827e+00 2.7648736278251818e-07
332 6.4746093750000000e-01 8.8569814179712458e-01 8.8569807202144180e-01 6.9775682787209803e-08 8.8569827789349853e-01 8.8569807202144180e-01 2.0587205673550102e-07 1.7713964196906231e+00 1.7713961440428836e+00 2.7564773952271082e-07
333 6.4941406250000000e-01 8.8296681562513568e-01 8.8296674606462910e-01 6.9560506577026615e-08 8.8296695130179492e-01 8.8296674606462910e-01 2.0523716581788420e-07 1.7659337669269306e+00 1.7659334921292582e+00 2.7479767239491082e-07
334 6.5136718750000000e-01 8.8020224625159194e-01 8.8020217690888203e-01 6.9342709907438405e-08 8.8020238150348362e-01 8.8020217690888203e-01 2.0459460159383269e-07 1.7604046277550756e+00 1.7604043538177641e+00 2.7393731150127110e-07
335 6.5332031250000000e-01 8.7740453776096949e-01 8.7740446863866639e-01 6.9122303103519300e-08 8.7740467258300503e-01 8.7740446863866639e-01 2.0394433863923922e-07 1.7548092103439745e+00 1.7548089372773328e+00 2.7306664174275852e-07
336 6.5527343750000000e-01 8.7457379548541114e-01 8.7457372658611776e-01 6.8899293381718962e-08 8.7457392987242089e-01 8.7457372658611776e-01 2.0328630312427265e-07 1.7491477253578320e+00 1.7491474531722355e+00 2.7218559650599161e-07
337 6.5722656250000000e-01 8.7171012600076425e-01 8.7171005732707407e-01 6.8673690178933100e-08 8.7171025994774842e-01 8.7171005732707407e-01 2.0262067434995146e-07 1.7434203859485127e+00 1.7434201146541481e+00 2.7129436452888456e-07
338 6.5917968750000000e-01 8.6881363712256732e-01 8.6881356867706450e-01 6.8445502821035120e-08 8.6881377062437082e-01 8.6881356867706450e-01 2.0194730632194791e-07 1.7376274077469382e+00 1.7376271373541290e+00 2.7039280925400533e-07
339 6.6113281250000000e-01 8.6588443790198488e-01 8.6588436968724991e-01 6.8214734971761004e-08 8.6588457095372606e-01 8.6588436968724991e-01 2.0126647615192894e-07 1.7317690088557109e+00 1.7317687393744998e+00 2.6948121112368995e-07
340 6.6308593750000000e-01 8.6292263862171592e-01 8.6292257064031608e-01 6.7981399842764745e-08 8.6292277121831229e-01 8.6292257064031608e-01 2.0057799621220340e-07 1.7258454098400282e+00 1.7258451412806322e+00 2.6855939605496815e-07
341 6.6503906250000000e-01 8.5992835079182861e-01 8.5992828304632374e-01 6.7745504872540607e-08 8.5992848292838642e-01 8.5992828304632374e-01 1.9988206267917974e-07 1.7198568337202151e+00 1.7198565660926475e+00 2.6762756766274265e-07
342 6.6699218750000000e-01 8.5690168714556647e-01 8.5690161963850786e-01 6.7507058609805881e-08 8.5690181881706573e-01 8.5690161963850786e-01 1.9917855786921734e-07 1.7138035059626322e+00 1.7138032392770157e+00 2.6668561647902322e-07
343 6.6894531250000000e-01 8.5384276163510431e-01 8.5384269436903559e-01 6.7266068715099436e-08 8.5384289283665149e-01 8.5384269436903559e-01 1.9846761589725759e-07 1.7076856544717558e+00 1.7076853887380712e+00 2.6573368461235702e-07
344 6.7089843750000000e-01 8.5075168942725987e-01 8.5075162240471403e-01 6.7022545846562309e-08 8.5075182015373674e-01 8.5075162240471403e-01 1.9774902271230133e-07 1.7015035095809967e+00 1.7015032448094281e+00 2.6477156866988594e-07
345 6.7285156250000000e-01 8.4762858689915577e-01 8.4762852012265588e-01 6.6776499885179419e-08 8.4762871714571242e-01 8.4762852012265588e-01 1.9702305653623853e-07 1.6952573040448682e+00 1.6952570402453118e+00 2.6379955642141795e-07
346 6.7480468750000000e-01 8.4447357163383296e-01 8.4447350510589647e-01 6.6527936493088191e-08 8.4447370139561140e-01 8.4447350510589647e-01 1.9628971492657854e-07 1.6889472730294444e+00 1.6889470102117929e+00 2.6281765141966673e-07
347 6.7675781250000000e-01 8.4128676241583678e-01 8.4128669613896834e-01 6.6276868437853409e-08 8.4128689168784188e-01 8.4128669613896834e-01 1.9554887353834260e-07 1.6825736541036787e+00 1.6825733922779367e+00 2.6182574197619601e-07
348 6.7871093750000000e-01 8.3806827922673521e-01 8.3806821320342750e-01 6.6023307709883738e-08 8.3806840800411753e-01 8.3806821320342750e-01 1.9480069002320022e-07 1.6761366872308527e+00 1.6761364264068550e+00 2.6082399773308396e-07
349 6.8066406250000000e-01 8.3481824324059517e-01 8.3481817747333775e-01 6.5767257417803648e-08 8.3481837151855764e-01 8.3481817747333775e-01 1.9404521989230261e-07 1.6696366147591528e+00 1.6696363549466755e+00 2.5981247731010626e-07
350 6.8261718750000000e-01 8.3153677681943605e-01 8.3153671131070750e-01 6.5508728552821083e-08 8.3153690459319862e-01 8.3153671131070750e-01 1.9328249112327001e-07 1.6630736814126346e+00 1.6630734226214150e+00 2.5879121956506879e-07
351 6.8457031250000000e-01 8.2822400350861447e-01 8.2822393826088248e-01 6.5247731995121683e-08 8.2822413077336676e-01 8.2822393826088248e-01 1.9251248428719947e-07 1.6564481342819812e+00 1.6564478765217650e+00 2.5776021628232115e-07
352 6.8652343750000000e-01 8.2488004803217296e-01 8.2487998304789623e-01 6.4984276737511948e-08 8.2488017478305464e-01 8.2487998304789623e-01 1.9173515841686140e-07 1.6497602228152277e+00 1.6497599660957925e+00 2.5671943526539565e-07
353 6.8847656250000000e-01 8.2150503628814442e-01 8.2150497156977220e-01 6.4718372216887587e-08 8.2150516252024752e-01 8.2150497156977220e-01 1.9095047532058373e-07 1.6430101988083918e+00 1.6430099431395444e+00 2.5566884742644902e-07
354 6.9042968750000000e-01 8.1809909534381475e-01 8.1809903089378522e-01 6.4450029535478848e-08 8.1809922105254507e-01 8.1809903089378522e-01 1.9015875984962349e-07 1.6361983163963598e+00 1.6361980617875704e+00 2.5460878938510234e-07
355 6.9238281250000000e-01 8.1466235343093452e-01 8.1466228925167616e-01 6.4179258352226043e-08 8.1466247861151353e-01 8.1466228925167616e-01 1.8935983736589890e-07 1.6293248320424480e+00 1.6293245785033523e+00 2.5353909571812494e-07
356 6.9433593750000000e-01 8.1119493994089120e-01 8.1119487603482621e-01 6.3906064995400413e-08 8.1119506458868784e-01 8.1119487603482621e-01 1.8855386163529886e-07 1.6223900045295792e+00 1.6223897520696524e+00 2.5245992674172157e-07
357 6.9628906250000000e-01 8.0769698541984702e-01 8.0769692178938235e-01 6.3630464675057397e-08 8.0769710953005558e-01 8.0769692178938235e-01 1.8774067322979704e-07 1.6153940949499026e+00 1.6153938435787647e+00 2.5137113790485444e-07
358 6.9824218750000000e-01 8.0416862156381264e-01 8.0416855821134536e-01 6.3352467272181912e-08 8.0416874513173719e-01 8.0416855821134536e-01 1.8692039183143550e-07 1.6083373666955498e+00 1.6083371164226907e+00 2.5027285910361741e-07
359 7.0019531250000000e-01 8.0060998121368787e-01 8.0060991814160987e-01 6.3072078004822174e-08 8.0061010423475554e-01 8.0060991814160987e-01 1.8609314567097357e-07 1.6012200854484435e+00 1.6012198362832197e+00 2.4916522378681805e-07
360 7.0214843750000000e-01 7.9702119835027252e-01 7.9702113556096255e-01 6.2789309973609875e-08 7.9702132081991472e-01 7.9702113556096255e-01 1.8525895217891275e-07 1.5940425191701872e+00 1.5940422711219251e+00 2.4804826215252263e-07
361 7.0410156250000000e-01 7.9340240808921458e-01 7.9340234558503986e-01 6.2504174724864470e-08 7.9340253000257088e-01 7.9340234558503986e-01 1.8441753102393932e-07 1.5868049380917855e+00 1.5868046911700797e+00 2.4692170574880379e-07
362 7.0605468750000000e-01 7.8975374667591713e-01 7.8975368445923844e-01 6.2216678697879502e-08 7.8975386802851455e-01 7.8975368445923844e-01 1.8356927611318241e-07 1.5795076147044318e+00 1.5795073689184769e+00 2.4578595492208422e-07
363 7.0800781250000000e-01 7.8607535148041996e-01 7.8607528955358796e-01 6.1926831995684495e-08 7.8607547226768948e-01 7.8607528955358796e-01 1.8271410151537992e-07 1.5721508237481094e+00 1.5721505791071759e+00 2.4464093351106442e-07
364 7.0996093750000000e-01 7.8236736099222393e-01 7.8236729935757710e-01 6.1634646830732720e-08 7.8236748120955502e-01 7.8236729935757710e-01 1.8185197792064400e-07 1.5647348422017791e+00 1.5647345987151542e+00 2.4348662486239903e-07
365 7.1191406250000000e-01 7.7862991481507493e-01 7.7862985347494151e-01 6.1340133417076004e-08 7.7863003445796619e-01 7.7862985347494151e-01 1.8098302467794980e-07 1.5572599492730412e+00 1.5572597069498830e+00 2.4232315820604811e-07
366 7.1386718750000000e-01 7.7486315366170777e-01 7.7486309261840558e-01 6.1043302190810778e-08 7.7486327272561761e-01 7.7486309261840558e-01 1.8010721203332025e-07 1.5497264263873254e+00 1.5497261852368112e+00 2.4115051422413103e-07
367 7.1582031250000000e-01 7.7106721934854960e-01 7.7106715860438735e-01 6.0744162255765843e-08 7.7106733782898995e-01 7.7106715860438735e-01 1.7922460260333395e-07 1.5421345571775396e+00 1.5421343172087747e+00 2.3996876485909979e-07
368 7.1777343750000000e-01 7.6724225479038244e-01 7.6724219434765628e-01 6.0442726157461379e-08 7.6724237268299122e-01 7.6724219434765628e-01 1.7833533494382436e-07 1.5344846274733737e+00 1.5344843886953126e+00 2.3877806110128574e-07
369 7.1972656250000000e-01 7.6338840399495644e-01 7.6338834385595511e-01 6.0139001334391651e-08 7.6338852129501278e-01 7.6338834385595511e-01 1.7743905766920420e-07 1.5267769252899692e+00 1.5267766877119102e+00 2.3757805900359585e-07
370 7.2167968750000000e-01 7.5950581205757495e-01 7.5950575222457684e-01 5.9832998111630786e-08 7.5950592876080536e-01 7.5950575222457684e-01 1.7653622852442652e-07 1.5190117408183803e+00 1.5190115044491537e+00 2.3636922663605731e-07
371 7.2363281250000000e-01 7.5559462515562792e-01 7.5559456563090133e-01 5.9524726592208310e-08 7.5559474125770687e-01 7.5559456563090133e-01 1.7562680554306098e-07 1.5111893664133347e+00 1.5111891312618027e+00 2.3515153202424699e-07
372 7.2558593750000000e-01 7.5165499054309037e-01 7.5165493132889394e-01 5.9214196435064537e-08 7.5165510603943131e-01 7.5165493132889394e-01 1.7471053737061482e-07 1.5033100965825217e+00 1.5033098626577879e+00 2.3392473380567935e-07
373 7.2753906250000000e-01 7.4768705654497958e-01 7.4768699764355884e-01 5.8901420740831156e-08 7.4768717143123864e-01 7.4768699764355884e-01 1.7378767980247289e-07 1.4953742279762183e+00 1.4953739952871177e+00 2.3268910065432635e-07
374 7.2949218750000000e-01 7.4369097255176175e-01 7.4369091396535714e-01 5.8586404616534082e-08 7.4369108682356988e-01 7.4369091396535714e-01 1.7285821274359847e-07 1.4873820593753315e+00 1.4873818279307143e+00 2.3144461724911025e-07
375 7.3144531250000000e-01 7.3966688901374300e-01 7.3966683074458006e-01 5.8269162939161845e-08 7.3966700266671170e-01 7.3966683074458006e-01 1.7192213164207715e-07 1.4793338916804548e+00 1.4793336614891601e+00 2.3019129469226129e-07
376 7.3339843750000000e-01 7.3561495743538952e-01 7.3561489948568726e-01 5.7949702259030289e-08 7.3561507046512487e-01 7.3561489948568726e-01 1.7097943760813195e-07 1.4712300279005144e+00 1.4712297989713745e+00 2.2892913986716223e-07
377 7.3535156250000000e-01 7.3153533036962926e-01 7.3153527274159968e-01 5.7628029570544470e-08 7.3153544277210802e-01 7.3153527274159968e-01 1.7003050833963584e-07 1.4630707731417374e+00 1.4630705454831994e+00 2.2765853802120262e-07
378 7.3730468750000000e-01 7.2742816141211852e-01 7.2742810410795911e-01 5.7304159417626011e-08 7.2742827318285552e-01 7.2742810410795911e-01 1.6907489641670992e-07 1.4548564345949742e+00 1.4548562082159182e+00 2.2637905594535823e-07
379 7.3925781250000000e-01 7.2329360519544172e-01 7.2329354821734260e-01 5.6978099127746873e-08 7.2329371633019834e-01 7.2329354821734260e-01 1.6811285574735990e-07 1.4465873215256400e+00 1.4465870964346852e+00 2.2509095476408447e-07
380 7.4121093750000000e-01 7.1913181738330090e-01 7.1913176073344287e-01 5.6649858026780464e-08 7.1913192787774738e-01 7.1913176073344287e-01 1.6714430450814888e-07 1.4382637452610483e+00 1.4382635214668857e+00 2.2379416253492934e-07
381 7.4316406250000000e-01 7.1494295466464941e-01 7.1494289834520675e-01 5.6319442665042629e-08 7.1494306451470246e-01 7.1494289834520675e-01 1.6616949571890416e-07 1.4298860191793519e+00 1.4298857966904135e+00 2.2248893838394679e-07
382 7.4511718750000000e-01 7.1072717474780045e-01 7.1072711876093497e-01 5.5986865477031245e-08 7.1072728394909834e-01 7.1072711876093497e-01 1.6518816337018905e-07 1.4214544586968989e+00 1.4214542375218699e+00 2.2117502895824259e-07
383 7.4707031250000000e-01 7.0648463635447711e-01 7.0648458070234676e-01 5.5652130348526896e-08 7.0648474490273716e-01 7.0648458070234676e-01 1.6420039039566348e-07 1.4129693812572142e+00 1.4129691614046935e+00 2.1985252063316807e-07
384 7.4902343750000000e-01 7.0221549921384852e-01 7.0221544389860147e-01 5.5315247049492200e-08 7.0221560710508257e-01 7.0221544389860147e-01 1.6320648110745850e-07 1.4044311063189312e+00 1.4044308877972029e+00 2.1852172826797300e-07
385 7.5097656250000000e-01 6.9791992405651138e-01 6.9791986908028758e-01 5.4976223795577539e-08 6.9792003128632674e-01 6.9791986908028758e-01 1.6220603915595433e-07 1.3958399553428382e+00 1.3958397381605752e+00 2.1718226306255417e-07
386 7.5292968750000000e-01 6.9359807260843676e-01 6.9359801797336817e-01 5.4635068580388690e-08 6.9359817917290445e-01 6.9359801797336817e-01 1.6119953627491412e-07 1.3871962517813412e+00 1.3871960359467363e+00 2.1583460485530281e-07
387 7.5488281250000000e-01 6.8925010758488314e-01 6.8925005329309574e-01 5.4291787399129987e-08 6.8925021347976601e-01 6.8925005329309574e-01 1.6018667026163058e-07 1.3785003210646491e+00 1.3785001065861915e+00 2.1447845766076057e-07
388 7.5683593750000000e-01 6.8487619268426880e-01 6.8487613873788233e-01 5.3946386469050367e-08 6.8487629790537585e-01 6.8487613873788233e-01 1.5916749351863047e-07 1.3697524905896445e+00 1.3697522774757647e+00 2.1311387987665853e-07
389 7.5878906250000000e-01 6.8047649258201004e-01 6.8047643898313903e-01 5.3598871008198046e-08 6.8047659712519182e-01 6.8047643898313903e-01 1.5814205278630311e-07 1.3609530897072020e+00 1.3609528779662781e+00 2.1174092390552346e-07
390 7.6074218750000000e-01 6.7605117292432360e-01 6.7605111967507481e-01 5.3249248788134196e-08 6.7605127678559962e-01 6.7605111967507481e-01 1.5711052481215404e-07 1.3521024497099232e+00 1.3521022393501496e+00 2.1035977360028824e-07
391 7.6269531250000000e-01 6.7160040032198443e-01 6.7160034742446029e-01 5.2897524138728613e-08 6.7160050349717793e-01 6.7160034742446029e-01 1.5607271763862229e-07 1.3432009038191624e+00 1.3432006948489206e+00 2.0897024177735091e-07
392 7.6464843750000000e-01 6.6712434234405771e-01 6.6712428980035565e-01 5.2543702055984909e-08 6.6712444482904310e-01 6.6712428980035565e-01 1.5502868744299292e-07 1.3342487871731008e+00 1.3342485796007113e+00 2.0757238949897783e-07
393 7.6660156250000000e-01 6.6262316751158468e-01 6.6262311532379992e-01 5.2187784760349132e-08 6.6262326930225923e-01 6.6262311532379992e-01 1.5397845931630627e-07 1.3252464368138439e+00 1.3252462306475998e+00 2.0616624407665540e-07
394 7.6855468750000000e-01 6.5809704529124502e-01 6.5809699346146866e-01 5.1829776359646473e-08 6.5809714638371375e-01 6.5809699346146866e-01 1.5292224508911545e-07 1.3161941916749589e+00 1.3161939869229373e+00 2.0475202155978423e-07
395 7.7050781250000000e-01 6.5354614608897288e-01 6.5354609461929114e-01 5.1469681738858242e-08 6.5354624647899506e-01 6.5354609461929114e-01 1.5185970392295189e-07 1.3070923925679678e+00 1.3070921892385823e+00 2.0332938555078783e-07
396 7.7246093750000000e-01 6.4897064124353854e-01 6.4897059013603731e-01 5.1107501231051344e-08 6.4897074092701679e-01 6.4897059013603731e-01 1.5079097948067499e-07 1.2979413821705554e+00 1.2979411802720746e+00 2.0189848082274864e-07
397 7.7441406250000000e-01 6.4437070302010058e-01 6.4437065227686419e-01 5.0743236390538016e-08 6.4437080199293295e-01 6.4437065227686419e-01 1.4971606876468257e-07 1.2887415050130335e+00 1.2887413045537284e+00 2.0045930515522059e-07
398 7.7636718750000000e-01 6.3974650460372173e-01 6.3974645422683296e-01 5.0376888771630490e-08 6.3974660286201501e-01 6.3974645422683296e-01 1.4863518205121551e-07 1.2794931074657367e+00 1.2794929084536659e+00 1.9901207082284600e-07
399 7.7832031250000000e-01 6.3509822009284222e-01 6.3509817008438574e-01 5.0008456486949626e-08 6.3509831763235680e-01 6.3509817008438574e-01 1.4754797106331097e-07 1.2701965377251989e+00 1.2701963401687715e+00 1.9755642743923829e-07
400 7.8027343750000000e-01 6.3042602449273255e-01 6.3042597485479424e-01 4.9637938315250096e-08 6.3042612130946563e-01 6.3042597485479424e-01 1.4645467139029478e-07 1.2608521458021982e+00 1.2608519497095885e+00 1.9609260970554487e-07
401 7.8222656250000000e-01 6.2573009370889876e-01 6.2573004444356739e-01 4.9265331369952037e-08 6.2573018979866790e-01 6.2573004444356739e-01 1.4535510051150169e-07 1.2514602835075666e+00 1.2514600888871348e+00 1.9462043177043142e-07
402 7.8417968750000000e-01 6.2101060454046397e-01 6.2101055564983132e-01 4.8890632653453281e-08 6.2101069989922764e-01 6.2101055564983132e-01 1.4424939631663136e-07 1.2420213044396915e+00 1.2420211112996626e+00 1.9314002885906234e-07
403 7.8613281250000000e-01 6.1626773467351070e-01 6.1626768615967176e-01 4.8513838946107057e-08 6.1626782929726609e-01 6.1626768615967176e-01 1.4313759433282058e-07 1.2325355639707767e+00 1.2325353723193435e+00 1.9165143316790534e-07
404 7.8808593750000000e-01 6.1150166267438821e-01 6.1150161453944396e-01 4.8134944252709033e-08 6.1150175655878070e-01 6.1150161453944396e-01 1.4201933673518852e-07 1.2230034192331689e+00 1.2230032290788879e+00 1.9015428098789755e-07
405 7.9003906250000000e-01 6.0671256798299156e-01 6.0671252022905120e-01 4.7753940357608826e-08 6.0671266112413536e-01 6.0671252022905120e-01 1.4089508415526808e-07 1.2134252291071270e+00 1.2134250404581024e+00 1.8864902462389921e-07
406 7.9199218750000000e-01 6.0190063090600487e-01 6.0190058353518683e-01 4.7370818045955332e-08 6.0190072329965949e-01 6.0190058353518683e-01 1.3976447266195180e-07 1.2038013542056643e+00 1.2038011670703737e+00 1.8713529059688483e-07
407 7.9394531250000000e-01 5.9706603261011704e-01 5.9706598562454827e-01 4.6985568769031261e-08 5.9706612425230166e-01 5.9706598562454827e-01 1.3862775338768785e-07 1.1941321568624188e+00 1.1941319712490965e+00 1.8561332226774141e-07
408 7.9589843750000000e-01 5.9220895511519533e-01 5.9220890851701369e-01 4.6598181646650971e-08 5.9220904600145108e-01 5.9220890851701369e-01 1.3748443739025618e-07 1.1844180011166463e+00 1.1844178170340274e+00 1.8408261892588484e-07
409 7.9785156250000000e-01 5.8732958128743695e-01 5.8732953507879149e-01 4.6208645465561915e-08 5.8732967141363002e-01 5.8732953507879149e-01 1.3633483852970585e-07 1.1746592527010669e+00 1.1746590701575830e+00 1.8254348388424546e-07
410 7.9980468750000000e-01 5.8242809483248148e-01 5.8242804901553324e-01 4.5816948235355426e-08 5.8242818419436415e-01 5.8242804901553324e-01 1.3517883090674587e-07 1.1648562790268455e+00 1.1648560980310665e+00 1.8099577903107900e-07
411 8.0175781250000000e-01 5.7750468028849167e-01 5.7750463486541959e-01 4.5423072081440807e-08 5.7750476888180469e-01 5.7750463486541959e-01 1.3401638510046610e-07 1.1550094491702962e+00 1.1550092697308392e+00 1.7943945707088460e-07
412 8.0371093750000000e-01 5.7255952301920854e-01 5.7255947799220996e-01 4.5026998574115851e-08 5.7255961083966578e-01 5.7255947799220996e-01 1.3284745581376711e-07 1.1451191338588744e+00 1.1451189559844199e+00 1.7787445449890527e-07
413 8.0566406250000000e-01 5.6759280920697486e-01 5.6759276457826568e-01 4.4628709172656045e-08 5.6759289625036358e-01 5.6759276457826568e-01 1.3167209789166634e-07 1.1351857054573384e+00 1.1351855291565314e+00 1.7630080706432238e-07
414 8.0761718750000000e-01 5.6260472584572507e-01 5.6260468161754029e-01 4.4228184781225366e-08 5.6260481210740321e-01 5.6260468161754029e-01 1.3048986291508413e-07 1.1252095379531282e+00 1.1252093632350806e+00 1.7471804758528720e-07
415 8.0957031250000000e-01 5.5759546073393929e-01 5.5759541690853698e-01 4.3825402307184902e-08 5.5759554620963314e-01 5.5759541690853698e-01 1.2930109616338115e-07 1.1151910069435724e+00 1.1151908338170740e+00 1.7312649847056605e-07
416 8.1152343750000000e-01 5.5256520246757834e-01 5.5256515904724168e-01 4.3420336659494296e-08 5.5256528715268904e-01 5.5256515904724168e-01 1.2810544736119311e-07 1.1051304896202674e+00 1.1051303180944834e+00 1.7152578402068741e-07
417 8.1347656250000000e-01 5.4751414043298130e-01 5.4751409742001900e-01 4.3012962303023983e-08 5.4751422432300267e-01 5.4751409742001900e-01 1.2690298367701303e-07 1.0950283647559840e+00 1.0950281948400380e+00 1.6991594598003701e-07
418 8.1542968750000000e-01 5.4244246479973635e-01 5.4244242219648497e-01 4.2603251371176043e-08 5.4244254789025803e-01 5.4244242219648497e-01 1.2569377305648999e-07 1.0848850126899943e+00 1.0848848443929699e+00 1.6829702431664373e-07
419 8.1738281250000000e-01 5.3735036651351720e-01 5.3735032432234442e-01 4.2191172777705788e-08 5.3735044879970706e-01 5.3735032432234442e-01 1.2447736263965226e-07 1.0747008153132243e+00 1.0747006486446888e+00 1.6666853541735804e-07
420 8.1933593750000000e-01 5.3223803728889874e-01 5.3223799551220541e-01 4.1776693326944780e-08 5.3223811876606575e-01 5.3223799551220541e-01 1.2325386034017782e-07 1.0644761560549645e+00 1.0644759910244108e+00 1.6503055366712260e-07
421 8.2128906250000000e-01 5.2710566960213634e-01 5.2710562824235696e-01 4.1359779379135375e-08 5.2710575026551176e-01 5.2710562824235696e-01 1.2202315480269732e-07 1.0542114198676482e+00 1.0542112564847139e+00 1.6338293429285500e-07
422 8.2324218750000000e-01 5.2195345668392124e-01 5.2195341574352661e-01 4.0940394629984667e-08 5.2195353652866772e-01 5.2195341574352661e-01 1.2078514111113492e-07 1.0439069932125888e+00 1.0439068314870532e+00 1.6172553563009728e-07
423 8.2519531250000000e-01 5.1678159251209965e-01 5.1678155199360309e-01 4.0518496557950812e-08 5.1678167153324994e-01 5.1678155199360309e-01 1.1953964684785490e-07 1.0335632640453496e+00 1.0335631039872062e+00 1.6005814340580571e-07
424 8.2714843750000000e-01 5.1159027180437899e-01 5.1159023171033269e-01 4.0094046305227948e-08 5.1159034999688524e-01 5.1159023171033269e-01 1.1828655255285980e-07 1.0231806218012642e+00 1.0231804634206654e+00 1.5838059885808775e-07
425 8.2910156250000000e-01 5.0637969001098948e-01 5.0637965034399079e-01 3.9666998685738974e-08 5.0637976736966639e-01 5.0637965034399079e-01 1.1702567559446209e-07 1.0127594573806560e+00 1.0127593006879816e+00 1.5669267439122336e-07
426 8.3105468750000000e-01 5.0115004330732815e-01 5.0115000407002008e-01 3.9237308069317578e-08 5.0115011982705437e-01 5.0115000407002008e-01 1.1575703429134165e-07 1.0023001631343824e+00 1.0023000081400402e+00 1.5499434224963693e-07
427 8.3300781250000000e-01 4.9590152858657160e-01 4.9590148978164755e-01 3.8804924051838441e-08 4.9590160426196261e-01 4.9590148978164755e-01 1.1448031506100520e-07 9.9180313284853416e-01 9.9180297956329511e-01 1.5328523905733249e-07
428 8.3496093750000000e-01 4.9063434345226664e-01 4.9063430508246908e-01 3.8369797561443875e-08 4.9063441827793314e-01 4.9063430508246908e-01 1.1319546405763603e-07 9.8126876173019983e-01 9.8126861016493816e-01 1.5156526167459106e-07
429 8.3691406250000000e-01 4.8534868621088545e-01 4.8534864827901220e-01 3.7931873253516102e-08 4.8534876018126727e-01 4.8534864827901220e-01 1.1190225507329288e-07 9.7069744639215272e-01 9.7069729655802439e-01 1.4983412832680898e-07
430 8.3886718750000000e-01 4.8004475586436324e-01 4.8004471837326740e-01 3.7491095838948496e-08 4.8004482897395284e-01 4.8004471837326740e-01 1.1060068544344048e-07 9.6008958483831608e-01 9.6008943674653480e-01 1.4809178128238898e-07
431 8.4082031250000000e-01 4.7472275210260506e-01 4.7472271505519864e-01 3.7047406420409601e-08 4.7472282434558311e-01 4.7472271505519864e-01 1.0929038446461092e-07 9.4944557644818817e-01 9.4944543011039728e-01 1.4633779088502052e-07
432 8.4277343750000000e-01 4.6938287529596751e-01 4.6938283869522202e-01 3.6600745489945297e-08 4.6938294666651725e-01 4.6938283869522202e-01 1.0797129523787419e-07 9.3876582196248481e-01 9.3876567739044403e-01 1.4457204078333064e-07
433 8.4472656250000000e-01 4.6402532648771233e-01 4.6402529033666479e-01 3.6151047544397130e-08 4.6402539697974460e-01 4.6402529033666479e-01 1.0664307981134158e-07 9.2805072346745687e-01 9.2805058067332957e-01 1.4279412730022756e-07
434 8.4667968750000000e-01 4.5865030738644280e-01 4.5865027168819489e-01 3.5698247913273917e-08 4.5865037699378103e-01 4.5865027168819489e-01 1.0530558613996988e-07 9.1730068438022383e-01 9.1730054337638978e-01 1.4100383405324379e-07
435 8.4863281250000000e-01 4.5325802035850410e-01 4.5325798511622578e-01 3.5242278317859643e-08 4.5325808907498272e-01 4.5325798511622578e-01 1.0395875693625101e-07 9.0651610943348682e-01 9.0651597023245156e-01 1.3920103525411065e-07
436 8.5058593750000000e-01 4.4784866842036986e-01 4.4784863363729988e-01 3.4783069979837933e-08 4.4784873623954402e-01 4.4784863363729988e-01 1.0260224414526675e-07 8.9569740465991388e-01 8.9569726727459975e-01 1.3738531412510468e-07
437 8.5253906250000000e-01 4.4242245523099061e-01 4.4242242091044209e-01 3.4320548514266136e-08 4.4242252214617400e-01 4.4242242091044209e-01 1.0123573190856661e-07 8.8484497737716461e-01 8.8484484182088419e-01 1.3555628042283274e-07
438 8.5449218750000000e-01 4.3697958508413604e-01 4.3697955122949572e-01 3.3854640313357720e-08 4.3697965108881798e-01 4.3697955122949572e-01 9.9859322255646532e-08 8.7395923617295401e-01 8.7395910245899144e-01 1.3371396256900425e-07
439 8.5644531250000000e-01 4.3152026290069528e-01 4.3152022951542696e-01 3.3385268327634776e-08 4.3152032798782503e-01 4.3152022951542696e-01 9.8472398069038292e-08 8.6304059088852036e-01 8.6304045903085391e-01 1.3185766645218422e-07
440 8.5839843750000000e-01 4.2604469422096719e-01 4.2604466130861357e-01 3.2912353620240253e-08 4.2604475838367900e-01 4.2604466130861357e-01 9.7075065430551888e-08 8.5208945260464619e-01 8.5208932261722714e-01 1.2998741905079214e-07
441 8.6035156250000000e-01 4.2055308519691886e-01 4.2055305276110283e-01 3.2435816033071774e-08 4.2055314842805652e-01 4.2055305276110283e-01 9.5666953692230550e-08 8.4110623362497539e-01 8.4110610552220566e-01 1.2810276972530232e-07
442 8.6230468750000000e-01 4.1504564258442606e-01 4.1504561062885370e-01 3.1955572354913642e-08 4.1504570487648379e-01 4.1504561062885370e-01 9.4247630089139278e-08 8.3009134746090985e-01 8.3009122125770740e-01 1.2620320244405292e-07
443 8.6425781250000000e-01 4.0952257373548828e-01 4.0952254226394869e-01 3.1471539596594766e-08 4.0952263508104819e-01 4.0952254226394869e-01 9.2817099506259382e-08 8.1904520881653653e-01 8.1904508452789737e-01 1.2428863915836530e-07
444 8.6621093750000000e-01 4.0398408659042245e-01 4.0398405560679052e-01 3.0983631937875344e-08 4.0398414698174084e-01 4.0398405560679052e-01 9.1374950328404481e-08 8.0796823357216330e-01 8.0796811121358103e-01 1.2235858226627983e-07
445 8.6816406250000000e-01 3.9843038967003380e-01 3.9843035917827191e-01 3.0491761893181035e-08 3.9843044909934927e-01 3.9843035917827191e-01 8.9921077361942992e-08 7.9686083876938307e-01 7.9686071835654382e-01 1.2041283925512403e-07
446 8.7011718750000000e-01 3.9286169206776689e-01 3.9286166207192347e-01 2.9995843420227430e-08 3.9286175052695715e-01 3.9286166207192347e-01 8.8455033686596352e-08 7.8572344259472404e-01 7.8572332414384694e-01 1.1845087710682378e-07
447 8.7207031250000000e-01 3.8727820344183189e-01 3.8727817394604480e-01 2.9495787090549896e-08 3.8727826092267364e-01 3.8727817394604480e-01 8.6976628843604686e-08 7.7455646436450554e-01 7.7455634789208960e-01 1.1647241593415458e-07
448 8.7402343750000000e-01 3.8168013400731043e-01 3.8168010501580718e-01 2.8991503253639195e-08 3.8168019050143814e-01 3.8168010501580718e-01 8.5485630962889303e-08 7.6336032450874858e-01 7.6336021003161436e-01 1.1447713421652850e-07
449 8.7597656250000000e-01 3.7606769452824279e-01 3.7606766604534259e-01 2.8482900205073491e-08 3.7606775002707143e-01 3.7606766604534259e-01 8.3981728848936399e-08 7.5213544455531423e-01 7.5213533209068517e-01 1.1246462905400989e-07
450 8.7792968750000000e-01 3.7044109630969735e-01 3.7044106833980528e-01 2.7969892069101832e-08 3.7044115080445339e-01 3.7044106833980528e-01 8.2464648110125438e-08 7.4088224711415074e-01 7.4088213667961056e-01 1.1043454017922727e-07
451 8.7988281250000000e-01 3.6480055118980326e-01 3.6480052373741956e-01 2.7452383699611005e-08 3.6480060467158082e-01 3.6480052373741956e-01 8.0934161261758675e-08 7.2960115586138408e-01 7.2960104747483912e-01 1.0838654496136968e-07
452 8.8183593750000000e-01 3.5914627153178630e-01 3.5914624460150074e-01 2.6930285557114075e-08 3.5914632399134966e-01 3.5914624460150074e-01 7.9389848917088557e-08 7.1829259552313596e-01 7.1829248920300148e-01 1.0632013447420263e-07
453 8.8378906250000000e-01 3.5347847021597145e-01 3.5347844381246335e-01 2.6403508102124107e-08 3.5347852164408911e-01 3.5347844381246335e-01 7.7831625755475642e-08 7.0695699186006056e-01 7.0695688762492670e-01 1.0423513385759975e-07
454 8.8574218750000000e-01 3.4779736063176608e-01 3.4779733475980285e-01 2.5871963238444096e-08 3.4779741101897527e-01 3.4779733475980285e-01 7.6259172421266896e-08 6.9559477165074135e-01 6.9559466951960569e-01 1.0213113565971099e-07
455 8.8769531250000000e-01 3.4210315666962587e-01 3.4210313133406456e-01 2.5335561315564803e-08 3.4210320600622846e-01 3.4210313133406456e-01 7.4672163896671861e-08 6.8420636267585433e-01 6.8420626266812912e-01 1.0000772521223666e-07
456 8.8964843750000000e-01 3.3639607271300442e-01 3.3639604791878941e-01 2.4794215014445342e-08 3.3639612098917682e-01 3.3639604791878941e-01 7.3070387407447868e-08 6.7279219370218124e-01 6.7279209583757882e-01 9.7864602421893210e-08
457 8.9160156250000000e-01 3.3067632363028127e-01 3.3067629938244147e-01 2.4247839791602388e-08 3.3067637083603674e-01 3.3067629938244147e-01 7.1453595262838121e-08 6.6135269446631795e-01 6.6135259876488295e-01 9.5701434998929358e-08
458 8.9355468750000000e-01 3.2494412476667212e-01 3.2494410107032123e-01 2.3696350881508010e-08 3.2494417089178168e-01 3.2494410107032123e-01 6.9821460446650718e-08 6.4988829565845374e-01 6.4988820214064247e-01 9.3517811272647577e-08
459 8.9550781250000000e-01 3.1919969193612285e-01 3.1919966879645439e-01 2.3139668459126739e-08 3.1919973697025938e-01 3.1919966879645439e-01 6.8173804990134812e-08 6.3839942890638224e-01 6.3839933759290879e-01 9.1313473449261551e-08
460 8.9746093750000000e-01 3.1344324141318086e-01 3.1344321883547016e-01 2.2577710701021658e-08 3.1344328534590032e-01 3.1344321883547016e-01 6.6510430163368994e-08 6.2688652675908119e-01 6.2688643767094032e-01 8.9088140864390652e-08
461 8.9941406250000000e-01 3.0767498992485781e-01 3.0767496791445520e-01 2.2010402611627455e-08 3.0767503274543045e-01 3.0767496791445520e-01 6.4830975254892564e-08 6.1535002267028827e-01 6.1534993582891040e-01 8.6841377866520020e-08
462 9.0136718750000000e-01 3.0189515464246730e-01 3.0189513320479727e-01 2.1437670028046085e-08 3.0189519634012868e-01 3.0189513320479727e-01 6.3135331407337958e-08 6.0379035098259592e-01 6.0379026640959454e-01 8.4573001379872892e-08
463 9.0332031250000000e-01 2.9610395317345078e-01 2.9610393231400561e-01 2.0859445171161894e-08 2.9610399373729751e-01 2.9610393231400561e-01 6.1423291897177990e-08 5.9220794691074830e-01 5.9220786462801123e-01 8.2282737068339884e-08
464 9.0527343750000000e-01 2.9030160355318341e-01 2.9030158327752137e-01 2.0275662038216069e-08 2.9030164297203354e-01 2.9030158327752137e-01 5.9694512166696967e-08 5.8060324652521689e-01 5.8060316655504274e-01 7.9970174149401885e-08
465 9.0722656250000000e-01 2.8448832423676251e-01 2.8448830455050539e-01 1.9686257124451600e-08 2.8448836249951948e-01 2.8448830455050539e-01 5.7949014087288475e-08 5.6897668673628199e-01 5.6897660910101078e-01 7.7635271211740076e-08
466 9.0917968750000000e-01 2.7866433409079139e-01 2.7866431499961652e-01 1.9091174863206106e-08 2.7866437118611348e-01 2.7866431499961652e-01 5.6186496955046294e-08 5.5732870527690492e-01 5.5732862999923305e-01 7.5277671873763552e-08
467 9.1113281250000000e-01 2.7282985238513191e-01 2.7282983389477006e-01 1.8490361852752102e-08 2.7282988830156718e-01 2.7282983389477006e-01 5.4406797123096595e-08 5.4565974068669909e-01 5.4565966778954011e-01 7.2897158975848697e-08
468 9.1308593750000000e-01 2.6698509878465293e-01 2.6698508090088113e-01 1.7883771796789460e-08 2.6698513351069092e-01 2.6698508090088113e-01 5.2609809786385853e-08 5.3397023229534391e-01 5.3397016180176227e-01 7.0493581638686464e-08
469 9.1503906250000000e-01 2.6113029334096050e-01 2.6113027606959721e-01 1.7271363283999364e-08 2.6113032686505316e-01 2.6113027606959721e-01 5.0795455952545865e-08 5.2226062020601360e-01 5.2226055213919442e-01 6.8066819181034077e-08
470 9.1699218750000000e-01 2.5526565648411009e-01 2.5526563983101030e-01 1.6653099788044301e-08 2.5526568879454520e-01 2.5526563983101030e-01 4.8963534893253780e-08 5.1053134527865529e-01 5.1053127966202061e-01 6.5616634681298081e-08
471 9.1894531250000000e-01 2.4939140901431278e-01 2.4939139298536092e-01 1.6028951860258545e-08 2.4939144009935574e-01 2.4939139298536092e-01 4.7113994816605498e-08 4.9878284911366855e-01 4.9878278597072184e-01 6.3142946704619618e-08
472 9.2089843750000000e-01 2.4350777209361921e-01 2.4350775669472177e-01 1.5398897434959480e-08 2.4350780194152621e-01 2.4350775669472177e-01 4.5246804442067301e-08 4.8701557403514539e-01 4.8701551338944354e-01 6.0645701849271205e-08
473 9.2285156250000000e-01 2.3761496723759354e-01 2.3761495247467465e-01 1.4762918887356591e-08 2.3761499583651605e-01 2.3761495247467465e-01 4.3361841395306300e-08 4.7522996307410958e-01 4.7522990494934930e-01 5.8124760282662891e-08
474 9.2480468750000000e-01 2.3171321630697586e-01 2.3171320218596694e-01 1.4121008917733491e-08 2.3171324364514159e-01 2.3171320218596694e-01 4.1459174648927899e-08 4.6342645995211745e-01 4.6342640437193389e-01 5.5580183566661390e-08
475 9.2675781250000000e-01 2.2580274149932669e-01 2.2580272802616219e-01 1.3473164500732437e-08 2.2580276756464579e-01 2.2580272802616219e-01 3.9538483598278162e-08 4.5160550906397245e-01 4.5160545605232438e-01 5.3011648071255024e-08
476 9.2871093750000000e-01 2.1988376534066389e-01 2.1988375252127101e-01 1.2819392880558667e-08 2.1988379012161888e-01 2.1988375252127101e-01 3.7600347863042671e-08 4.3976755546228274e-01 4.3976750504254203e-01 5.0419740715845762e-08
477 9.3066406250000000e-01 2.1395651067708410e-01 2.1395649851737625e-01 1.2159707851733259e-08 2.1395653416186622e-01 2.1395649851737625e-01 3.5644489970731996e-08 4.2791304483895032e-01 4.2791299703475250e-01 4.7804197822465255e-08
478 9.3261718750000000e-01 2.0802120066637148e-01 2.0802118917224147e-01 1.1494130008893322e-08 2.0802122284324395e-01 2.0802118917224147e-01 3.3671002486190815e-08 4.1604242350961540e-01 4.1604237834448293e-01 4.5165132467328561e-08
479 9.3457031250000000e-01 2.0207805876959978e-01 2.0207804794690790e-01 1.0822691881573476e-08 2.0207807962674026e-01 2.0207804794690790e-01 3.1679832368514127e-08 4.0415613839634001e-01 4.0415609589381579e-01 4.2502524222332028e-08
480 9.3652343750000000e-01 1.9612730874271553e-01 1.9612729859728459e-01 1.0145430939800804e-08 1.9612732826851595e-01 1.9612729859728459e-01 2.9671231360772765e-08 3.9225463701123148e-01 3.9225459719456918e-01 3.9816662300573569e-08
481 9.3847656250000000e-01 1.9016917462811689e-01 1.9016916516572024e-01 9.4623966440110507e-09 1.9016919281088479e-01 1.9016916516572024e-01 2.7645164546452605e-08 3.8033836743900168e-01 3.8033833033144049e-01 3.7107561190463656e-08
482 9.4042968750000000e-01 1.8420388074621652e-01 1.8420387197257188e-01 8.7736446441333271e-09 1.8420389757499131e-01 1.8420387197257188e-01 2.5602419434500590e-08 3.6840777832120786e-01 3.6840774394514375e-01 3.4376064106389492e-08
483 9.4238281250000000e-01 1.7823165168699734e-01 1.7823164360775573e-01 8.0792416090602615e-09 1.7823166715025093e-01 1.7823164360775573e-01 2.3542495203310310e-08 3.5646331883724824e-01 3.5646328721551146e-01 3.1621736784614995e-08
484 9.4433593750000000e-01 1.7225271230155609e-01 1.7225270492229516e-01 7.3792609245337815e-09 1.7225272638814931e-01 1.7225270492229516e-01 2.1465854149749219e-08 3.4450543868970540e-01 3.4450540984459033e-01 2.8845115074283001e-08
485 9.4628906250000000e-01 1.6626728769364063e-01 1.6626728101985147e-01 6.6737891601942323e-09 1.6626730039266382e-01 1.6626728101985147e-01 1.9372812354312430e-08 3.3253458808630443e-01 3.3253456203970294e-01 2.6046601486751086e-08
486 9.4824218750000000e-01 1.6027560321117115e-01 1.6027559724825199e-01 5.9629191584420482e-09 1.6027561451183384e-01 1.6027559724825199e-01 1.7263581841842068e-08 3.2055121772300499e-01 3.2055119449650399e-01 2.3226501000284117e-08
487 9.5019531250000000e-01 1.5427788443775778e-01 1.5427787919100469e-01 5.2467530875510704e-09 1.5427789432947170e-01 1.5427787919100469e-01 1.5138467007735912e-08 3.0855577876722950e-01 3.0855575838200938e-01 2.0385220123042558e-08
488 9.5214843750000000e-01 1.4827435718420784e-01 1.4827435265880362e-01 4.5254042180253862e-09 1.4827436565649468e-01 1.4827435265880362e-01 1.2997691062333061e-08 2.9654872284070255e-01 2.9654870531760724e-01 1.7523095308114023e-08
489 9.5410156250000000e-01 1.4226524748002406e-01 1.4226524368103041e-01 3.7989936474414066e-09 1.4226525452306693e-01 1.4226524368103041e-01 1.0842036518576847e-08 2.8453050200309099e-01 2.8453048736206082e-01 1.4641030166018254e-08
490 9.5605468750000000e-01 1.3625078156489365e-01 1.3625077849724079e-01 3.0676528539608228e-09 1.3625078716866015e-01 1.3625077849724079e-01 8.6714193603398826e-09 2.7250156873355380e-01 2.7250155699448159e-01 1.1739072214300705e-08
491 9.5800781250000000e-01 1.3023118588017180e-01 1.3023118354865046e-01 2.3315213371066790e-09 1.3023119003521941e-01 1.3023118354865046e-01 6.4865689486381939e-09 2.6046237591539123e-01 2.6046236709730092e-01 8.8180903135004485e-09
492 9.5996093750000000e-01 1.2420668706035459e-01 1.2420668546960602e-01 1.5907485745314531e-09 1.2420668975731114e-01 1.2420668546960602e-01 4.2877051215084450e-09 2.4841337681766573e-01 2.4841337093921204e-01 5.8784536960398981e-09
493 9.6191406250000000e-01 1.1817751192454794e-01 1.1817751107905601e-01 8.4549192647109805e-10 1.1817751315457380e-01 1.1817751107905601e-01 2.0755177854159257e-09 2.3635502507912173e-01 2.3635502215811202e-01 2.9210097118870237e-09
494 9.6386718750000000e-01 1.1214388746792646e-01 1.1214388737200762e-01 9.5918842313302832e-11 1.1214388722231385e-01 1.1214388737200762e-01 -1.4969377126750061e-10 2.2428777469024030e-01 2.2428777474401523e-01 -5.3774928954197776e-11
495 9.6582031250000000e-01 1.0610604085318844e-01 1.0610604151098410e-01 -6.5779566515988819e-10 1.0610603912372642e-01 1.0610604151098410e-01 -2.3872576832006942e-09 2.1221207997691485e-01 2.1221208302196820e-01 -3.0450533483605824e-09
496 9.6777343750000000e-01 1.0006419940200161e-01 1.0006420081746863e-01 -1.4154670213706311e-09 1.0006419618075373e-01 1.0006420081746863e-01 -4.6367149009185482e-09 2.0012839558275533e-01 2.0012840163493725e-01 -6.0521819222891793e-09
497 9.6972656250000000e-01 9.4018590586444961e-02 9.4018592763348910e-02 -2.1769039487695707e-09 9.4018585865878593e-02 9.4018592763348910e-02 -6.8974703171242879e-09 1.8803717645232354e-01 1.8803718552669782e-01 -9.0743742797716465e-09
498 9.7167968750000000e-01 8.7969442020443780e-02 8.7969444962351595e-02 -2.9419078145798139e-09 8.7969435793484263e-02 8.7969444962351595e-02 -9.1688673320433622e-09 1.7593887781392803e-01 1.7593888992470319e-01 -1.2110775160500964e-08
499 9.7363281250000000e-01 8.1916981451200813e-02 8.1916985161471542e-02 -3.7102707295399995e-09 8.1916973711108981e-02 8.1916985161471542e-02 -1.1450362560894156e-08 1.6383395516230981e-01 1.6383397032294308e-01 -1.5160633276556368e-08
500 9.7558593750000000e-01 7.5861436750620667e-02 7.5861441232400267e-02 -4.4817796002183385e-09 7.5861427491160469e-02 7.5861441232400267e-02 -1.3741239798803484e-08 1.5172286424178114e-01 1.5172288246480053e-01 -1.8223019399021823e-08
501 9.7753906250000000e-01 6.9803035906730357e-02 6.9803041162943225e-02 -5.2562128677324793e-09 6.9803025122010157e-02 6.9803041162943225e-02 -1.6040933067951180e-08 1.3960606102874051e-01 1.3960608232588645e-01 -2.1297145935683659e-08
502 9.7949218750000000e-01 6.3742007015095345e-02 6.3742013048439669e-02 -6.0333443241411544e-09 6.3741994699755056e-02 6.3742013048439669e-02 -1.8348684613367361e-08 1.2748400171485041e-01 1.2748402609687934e-01 -2.4382028923630727e-08
503 9.8144531250000000e-01 5.7678578270231332e-02 5.7678585083171523e-02 -6.8129401911698473e-09 5.7678564419360034e-02 5.7678585083171523e-02 -2.0663811488297323e-08 1.1535714268959137e-01 1.1535717016634305e-01 -2.7476751679467171e-08
504 9.8339843750000000e-01 5.1612977957012619e-02 5.1612985551775500e-02 -7.5947628810912882e-09 5.1612962566153921e-02 5.1612985551775500e-02 -2.2985621579707516e-08 1.0322594052316654e-01 1.0322597110355100e-01 -3.0580384460798804e-08
505 9.8535156250000000e-01 4.5545434442076774e-02 4.5545442820644808e-02 -8.3785680338177571e-09 4.5545417507274477e-02 4.5545442820644808e-02 -2.5313370330404261e-08 9.1090851949351251e-02 9.1090885641289615e-02 -3.3691938364222018e-08
506 9.8730468750000000e-01 3.9476176165226265e-02 3.9476185329334737e-02 -9.1641084720706090e-09 3.9476157683017640e-02 3.9476185329334737e-02 -2.7646317096730044e-08 7.8952333848243905e-02 7.8952370658669474e-02 -3.6810425568800653e-08
507 9.8925781250000000e-01 3.3405431630827292e-02 3.3405441581958607e-02 -9.9511313148004099e-09 3.3405411598249654e-02 3.3405441581958607e-02 -2.9983708953185140e-08 6.6810843229076947e-02 6.6810883163917215e-02 -3.9934840267985550e-08
508 9.9121093750000000e-01 2.7333429399206299e-02 2.7333440138587749e-02 -1.0739381450103336e-08 2.7333407813817032e-02 2.7333440138587749e-02 -3.2324770717767626e-08 5.4666837213023331e-02 5.4666880277175499e-02 -4.3064152167870962e-08
509 9.9316406250000000e-01 2.1260398078044564e-02 2.1260409606645034e-02 -1.1528600470100958e-08 2.1260374937917343e-02 2.1260409606645034e-02 -3.4668727690728707e-08 4.2520773015961910e-02 4.2520819213290068e-02 -4.6197328157360218e-08
510 9.9511718750000000e-01 1.5186566313770170e-02 1.5186578632296624e-02 -1.2318526454099810e-08 1.5186541617466584e-02 1.5186578632296624e-02 -3.7014830039580615e-08 3.0373107931236754e-02 3.0373157264593248e-02 -4.9333356493680425e-08
511 9.9707031250000000e-01 9.1121627829493755e-03 9.1121758918466349e-03 -1.3108897259361818e-08 9.1121365291804493e-03 9.1121758918466349e-03 -3.9362666185566164e-08 1.8224299312129825e-02 1.8224351783693270e-02 -5.2471563444927982e-08
512 9.9902343750000000e-01 3.0374161836765569e-03 3.0374300831241016e-03 -1.3899447544752502e-08 3.0373883552401882e-03 3.0374300831241016e-03 -4.1727883913402625e-08 6.0748045389167451e-03 6.0748601662482032e-03 -5.5627331458155127e-08
