# P x psi_num psi_exact psi_err v_num v_exact v_err u_num u_exact u_err
1 9.7656250000000000e-04 8.3198170578322347e-07 3.5015228030689137e-07 4.8182942547633205e-07 3.0568864834023376e-07 1.7507614015344569e-07 1.3061250818678807e-07 5.2629305744298972e-07 1.7507614015344569e-07 3.5121691728954400e-07
2 2.9296875000000000e-03 3.6222569675723824e-06 3.1390604934202163e-06 4.8319647415216609e-07 1.7013040213677046e-06 1.5695302467101082e-06 1.3177377465759646e-07 1.9209529462046780e-06 1.5695302467101082e-06 3.5142269949456984e-07
3 4.8828125000000000e-03 9.1700449655769216e-06 8.6854848726538877e-06 4.8456009292303389e-07 4.4756732933353689e-06 4.3427424363269438e-06 1.3293085700842506e-07 4.6943716722415527e-06 4.3427424363269438e-06 3.5162923591460882e-07
4 6.8359375000000000e-03 1.7442711654678038e-05 1.6956791393712344e-05 4.8592026096569389e-07 8.6124794466478611e-06 8.4783956968561721e-06 1.3408374979168902e-07 8.8302322080301769e-06 8.4783956968561721e-06 3.5183651117400487e-07
5 8.7890625000000000e-03 2.8407751470212182e-05 2.7920474512710629e-05 4.8727695750155333e-07 1.4095469703960281e-05 1.3960237256355314e-05 1.3523244760496666e-07 1.4312281766251901e-05 1.3960237256355314e-05 3.5204450989658667e-07
6 1.0742187500000000e-02 4.2032787327971861e-05 4.1544157166174403e-05 4.8863016179745812e-07 2.0908455528165177e-05 2.0772078583087202e-05 1.3637694507797509e-07 2.1124331799806685e-05 2.0772078583087202e-05 3.5225321671948303e-07
7 1.2695312500000000e-02 5.8285570624205488e-05 5.7795590771039942e-05 4.8997985316554671e-07 2.9035312622406859e-05 2.8897795385519971e-05 1.3751723688688861e-07 2.9250258001798629e-05 2.8897795385519971e-05 3.5246261627865810e-07
8 1.4648437500000000e-02 7.7133981235618374e-05 7.6642655224654131e-05 4.9132601096424280e-07 3.8459980930076809e-05 3.8321327612327066e-05 1.3865331774974359e-07 3.8674000305541565e-05 3.8321327612327066e-05 3.5267269321449920e-07
9 1.6601562500000000e-02 9.8546027519371671e-05 9.8053358904774462e-05 4.9266861459720845e-07 4.9166464634815916e-05 4.9026679452387231e-05 1.3978518242868481e-07 4.9379562884555755e-05 4.9026679452387231e-05 3.5288343216852364e-07
10 1.8554687500000000e-02 1.2248984631308625e-04 1.2199583866956905e-04 4.9400764351719296e-07 6.1138832160483435e-05 6.0997919334784527e-05 1.4091282569890810e-07 6.1351014152602812e-05 6.0997919334784527e-05 3.5309481781828486e-07
11 2.0507812500000000e-02 1.4893370293483907e-04 1.4843835985761664e-04 4.9534307722243470e-07 7.4361216171232866e-05 7.4219179928808318e-05 1.4203624242454778e-07 7.4572486763606205e-05 7.4219179928808318e-05 3.5330683479788691e-07
12 2.2460937500000000e-02 1.7784599118316632e-04 1.7734931628790652e-04 4.9667489525979849e-07 8.8817813571409108e-05 8.8674658143953261e-05 1.4315542745584682e-07 8.9028177611757213e-05 8.8674658143953261e-05 3.5351946780395166e-07
13 2.4414062500000000e-02 2.0919523333706063e-04 2.0869723025983866e-04 4.9800307722197026e-07 1.0449288550563895e-04 1.0434861512991933e-04 1.4427037571961997e-07 1.0470234783142168e-04 1.0434861512991933e-04 3.5373270150235029e-07
14 2.6367187500000000e-02 2.4295008015597718e-04 2.4245075255322363e-04 4.9932760275354210e-07 1.2137075735875762e-04 1.2122537627661182e-04 1.4538108214579904e-07 1.2157932279721956e-04 1.2122537627661182e-04 3.5394652060774306e-07
15 2.8320312500000000e-02 2.7907931087982866e-04 2.7857866242828261e-04 5.0064845154605209e-07 1.3943581875593676e-04 1.3928933121414131e-04 1.4648754179545013e-07 1.3964349212389191e-04 1.3928933121414131e-04 3.5416090975060196e-07
16 3.0273437500000000e-02 3.1755183322898788e-04 3.1704986762564735e-04 5.0196560334053210e-07 1.5867252356243443e-04 1.5852493381282367e-04 1.4758974961075655e-07 1.5887930966655345e-04 1.5852493381282367e-04 3.5437585372977555e-07
17 3.2226562500000000e-02 3.5833668340428331e-04 3.5783340436636022e-04 5.0327903792308972e-07 1.7906538988392919e-04 1.7891670218318011e-04 1.4868770074907508e-07 1.7927129352035413e-04 1.7891670218318011e-04 3.5459133717401464e-07
18 3.4179687500000000e-02 4.0140302608701367e-04 4.0089843735187434e-04 5.0458873513932814e-07 2.0059900006619589e-04 2.0044921867593717e-04 1.4978139025871888e-07 2.0080402602081778e-04 2.0044921867593717e-04 3.5480734488060927e-07
19 3.6132812500000000e-02 4.4672015443893181e-04 4.4621425976405327e-04 5.0589467487854390e-07 2.2325800069529015e-04 2.2310712988202663e-04 1.5087081326351577e-07 2.2346215374364166e-04 2.2310712988202663e-04 3.5502386161502812e-07
20 3.8085937500000000e-02 4.9425749010225675e-04 4.9375029326517120e-04 5.0719683708554467e-07 2.4702710259768114e-04 2.4687514663258560e-04 1.5195596509554174e-07 2.4723038750457560e-04 2.4687514663258560e-04 3.5524087199000293e-07
21 4.0039062500000000e-02 5.4398458319966051e-04 5.4347608799791309e-04 5.0849520174742202e-07 2.7189108083973233e-04 2.7173804399895654e-04 1.5303684077578802e-07 2.7209350235992818e-04 2.7173804399895654e-04 3.5545836097163400e-07
22 4.1992187500000000e-02 5.9587111233428954e-04 5.9536132258537430e-04 5.0978974891523546e-07 2.9783477472840363e-04 2.9768066129268715e-04 1.5411343571648025e-07 2.9803633760588591e-04 2.9768066129268715e-04 3.5567631319875521e-07
23 4.3945312500000000e-02 6.4988688458974414e-04 6.4937580413106089e-04 5.1108045868324993e-07 3.2484308781074447e-04 3.2468790206553044e-04 1.5518574521402413e-07 3.2504379677899967e-04 3.2468790206553044e-04 3.5589471346922580e-07
24 4.5898437500000000e-02 7.0600183553009286e-04 7.0548946821888956e-04 5.1236731120330153e-07 3.5290098787386784e-04 3.5274473410944478e-04 1.5625376442306594e-07 3.5310084765622501e-04 3.5274473410944478e-04 3.5611354678023559e-07
25 4.7851562500000000e-02 7.6418602919985296e-04 7.6367237891318768e-04 5.1365028666528183e-07 3.8199350694563078e-04 3.8183618945659384e-04 1.5731748903693782e-07 3.8219252225422218e-04 3.8183618945659384e-04 3.5633279762834402e-07
26 4.9804687500000000e-02 8.2440965812402990e-04 8.2389472875869319e-04 5.1492936533671131e-07 4.1210574129334329e-04 4.1194736437934659e-04 1.5837691399669821e-07 4.1230391683068661e-04 4.1194736437934659e-04 3.5655245134001310e-07
27 5.1757812500000000e-02 8.8664304330807880e-04 8.8612683878055445e-04 5.1620452752435854e-07 4.4322285142570122e-04 4.4306341939027722e-04 1.5943203542399332e-07 4.4342019188237759e-04 4.4306341939027722e-04 3.5677249210036522e-07
28 5.3710937500000000e-02 9.5085663423792295e-04 9.5033915848433072e-04 5.1747575359223797e-07 4.7533006209030468e-04 4.7516957924216536e-04 1.6048284813931831e-07 4.7552657214761828e-04 4.7516957924216536e-04 3.5699290545291966e-07
29 5.5664062500000000e-02 1.0170210088799440e-03 1.0165022658559916e-03 5.1874302395239422e-07 5.0841266227605428e-04 5.0825113292799580e-04 1.6152934805848361e-07 5.0860834660388971e-04 5.0825113292799580e-04 3.5721367589391061e-07
30 5.7617187500000000e-02 1.0851068736810006e-03 1.0845868673619178e-03 5.2000631908279138e-07 5.4245600521161095e-04 5.4229343368095888e-04 1.6257153065207201e-07 5.4265086846938960e-04 5.4229343368095888e-04 3.5743478843071937e-07
31 5.9570312500000000e-02 1.1550850635684094e-03 1.1545637979488998e-03 5.2126561950953214e-07 5.7744550836593908e-04 5.7728189897444991e-04 1.6360939148916606e-07 5.7763955520247028e-04 5.7728189897444991e-04 3.5765622802036608e-07
32 6.1523437500000000e-02 1.2269265419499584e-03 1.2264040210441395e-03 5.2252090581889239e-07 6.1336665344816738e-04 6.1320201052206974e-04 1.6464292609764865e-07 6.1355988850179098e-04 6.1320201052206974e-04 3.5787797972124374e-07
33 6.3476562500000000e-02 1.3006024007138734e-03 1.3000786285552489e-03 5.2377215862446994e-07 6.5020498640791643e-04 6.5003931427762447e-04 1.6567213029195730e-07 6.5039741430595699e-04 6.5003931427762447e-04 3.5810002833251264e-07
34 6.5429687500000000e-02 1.3760838602288978e-03 1.3755588408702513e-03 5.2501935864654806e-07 6.8794611743503917e-04 6.8777942043512564e-04 1.6669699991352614e-07 6.8813774279385866e-04 6.8777942043512564e-04 3.5832235873302191e-07
35 6.7382812500000000e-02 1.4533422693442123e-03 1.4528160068575794e-03 5.2626248663294878e-07 7.2657572095903241e-04 7.2640800342878970e-04 1.6771753024271471e-07 7.2676654838517993e-04 7.2640800342878970e-04 3.5854495639023407e-07
36 6.9335937500000000e-02 1.5323491053894742e-03 1.5318216038660779e-03 5.2750152339632941e-07 7.6607953565051604e-04 7.6591080193303893e-04 1.6873371747711755e-07 7.6626956973895814e-04 7.6591080193303893e-04 3.5876780591921186e-07
37 7.1289062500000000e-02 1.6130759741747843e-03 1.6125472377250009e-03 5.2873644978339122e-07 8.0644336441981301e-04 8.0627361886250045e-04 1.6974555731256048e-07 8.0663260975497128e-04 8.0627361886250045e-04 3.5899089247083075e-07
38 7.3242187500000000e-02 1.6954946099907503e-03 1.6949646427440138e-03 5.2996724673646210e-07 8.4765307441729890e-04 8.4748232137200690e-04 1.7075304529199677e-07 8.4784153557345137e-04 8.4748232137200690e-04 3.5921420144446534e-07
39 7.5195312500000000e-02 1.7795768756084290e-03 1.7790456817131928e-03 5.3119389523625070e-07 8.8969459703451461e-04 8.8952284085659639e-04 1.7175617791822390e-07 8.8988227857391441e-04 8.8952284085659639e-04 3.5943771731802680e-07
40 7.7148437500000000e-02 1.8652947622793501e-03 1.8647623459030242e-03 5.3241637632591571e-07 9.3255392790206793e-04 9.3238117295151208e-04 1.7275495055584390e-07 9.3274083437728215e-04 9.3238117295151208e-04 3.5966142577007181e-07
41 7.9101562500000000e-02 1.9526203897354724e-03 1.9520867550644049e-03 5.3363467106748094e-07 9.7621712689150960e-04 9.7604337753220245e-04 1.7374935930714996e-07 9.7640326284396278e-04 9.7604337753220245e-04 3.5988531176033099e-07
42 8.1054687500000000e-02 2.0415260061892996e-03 2.0409911574286429e-03 5.3484876065676076e-07 1.0206703181145293e-03 1.0204955787143214e-03 1.7473940020786526e-07 1.0208556880747703e-03 1.0204955787143214e-03 3.6010936044889551e-07
43 8.3007812500000000e-02 2.1319839883337664e-03 2.1314479297074563e-03 5.3605862631016937e-07 1.0658996899229039e-03 1.0657239648537281e-03 1.7572506917575177e-07 1.0660842984108626e-03 1.0657239648537281e-03 3.6033355713441760e-07
44 8.4960937500000000e-02 2.2239668413422814e-03 2.2234295770929740e-03 5.3726424930743838e-07 1.1118914949091636e-03 1.1117147885464870e-03 1.7670636267663568e-07 1.1120753464331178e-03 1.1117147885464870e-03 3.6055788663080270e-07
45 8.6914062500000000e-02 2.3174471988687021e-03 2.3169087332577357e-03 5.3846561096646331e-07 1.1586320499049499e-03 1.1584543666288678e-03 1.7768327608205792e-07 1.1588151489637522e-03 1.1584543666288678e-03 3.6078233488440539e-07
46 8.8867187500000000e-02 2.4123978230473995e-03 2.4118581603546916e-03 5.3966269270792205e-07 1.2061077359831619e-03 1.2059290801773458e-03 1.7865580581610287e-07 1.2062900870642376e-03 1.2059290801773458e-03 3.6100688689181919e-07
47 9.0820312500000000e-02 2.5087916044931936e-03 2.5082507490172025e-03 5.4085547599109010e-07 1.2543049984569123e-03 1.2541253745086012e-03 1.7962394831109486e-07 1.2544866060362812e-03 1.2541253745086012e-03 3.6123152767999524e-07
48 9.2773437500000000e-02 2.6066015623013800e-03 2.6060595183590393e-03 5.4204394234072875e-07 1.3032103468788591e-03 1.3030297591795196e-03 1.8058769933951280e-07 1.3033912154225208e-03 1.3030297591795196e-03 3.6145624300121595e-07
49 9.4726562500000000e-02 2.7058008440476872e-03 2.7052576159743848e-03 5.4322807330241599e-07 1.3528103550428698e-03 1.3526288079871924e-03 1.8154705567737309e-07 1.3529904890048174e-03 1.3526288079871924e-03 3.6168101762504290e-07
50 9.6679687500000000e-02 2.8063627257883931e-03 2.8058183179378309e-03 5.4440785056224239e-07 1.4030916609815815e-03 1.4029091589689154e-03 1.8250201266607584e-07 1.4032710648068116e-03 1.4029091589689154e-03 3.6190583789616655e-07
51 9.8632812500000000e-02 2.9082606120602035e-03 2.9077150288043811e-03 5.4558325582234474e-07 1.4540409669696931e-03 1.4538575144021906e-03 1.8345256750252475e-07 1.4542196450905104e-03 1.4538575144021906e-03 3.6213068831981998e-07
52 1.0058593750000000e-01 3.0114680358803128e-03 3.0109212816094495e-03 5.4675427086335604e-07 1.5056450395211692e-03 1.5054606408047247e-03 1.8439871644448762e-07 1.5058229963591436e-03 1.5054606408047247e-03 3.6235555441886842e-07
53 1.0253906250000000e-01 3.1159586587463494e-03 3.1154107378688601e-03 5.4792087748932808e-07 1.5578907093892148e-03 1.5577053689344300e-03 1.8534045478479227e-07 1.5580679493571346e-03 1.5577053689344300e-03 3.6258042270453580e-07
54 1.0449218750000000e-01 3.2217062706364780e-03 3.2211571875788480e-03 5.4908305763008008e-07 1.6107648715693640e-03 1.6105785937894240e-03 1.8627777994000179e-07 1.6109413990671141e-03 1.6105785937894240e-03 3.6280527769007830e-07
55 1.0644531250000000e-01 3.3286847900092934e-03 3.3281345492160593e-03 5.5024079323407957e-07 1.6642544852958768e-03 1.6640672746080297e-03 1.8721068784717694e-07 1.6644303047134166e-03 1.6640672746080297e-03 3.6303010538690263e-07
56 1.0839843750000000e-01 3.4368682638038924e-03 3.4363168697375498e-03 5.5139406634260174e-07 1.7183465740441945e-03 1.7181584348687749e-03 1.8813917541959414e-07 1.7185216897596979e-03 1.7181584348687749e-03 3.6325489092300760e-07
57 1.1035156250000000e-01 3.5462308674397702e-03 3.5456783245807863e-03 5.5254285898391139e-07 1.7730282255289190e-03 1.7728391622903932e-03 1.8906323852579260e-07 1.7732026419108513e-03 1.7728391622903932e-03 3.6347962045811880e-07
58 1.1230468750000000e-01 3.6567469048170249e-03 3.6561932176636469e-03 5.5368715337796026e-07 1.8282865917059511e-03 1.8280966088318235e-03 1.8998287412762098e-07 1.8284603131110738e-03 1.8280966088318235e-03 3.6370427925033928e-07
59 1.1425781250000000e-01 3.7683908083161527e-03 3.7678359813844197e-03 5.5482693173299069e-07 1.8841088887709702e-03 1.8839179906922098e-03 1.9089807876040282e-07 1.8842819195451824e-03 1.8839179906922098e-03 3.6392885297258787e-07
60 1.1621093750000000e-01 3.8811371387981550e-03 3.8805811766218028e-03 5.5596217635222114e-07 1.9404823971588391e-03 1.9402905883109014e-03 1.9180884793770954e-07 1.9406547416393159e-03 1.9402905883109014e-03 3.6415332841451160e-07
61 1.1816406250000000e-01 3.9949605856044595e-03 3.9944034927349064e-03 5.5709286955318155e-07 1.9973944615478750e-03 1.9972017463674532e-03 1.9271518042181593e-07 1.9975661240565845e-03 1.9972017463674532e-03 3.6437768913136562e-07
62 1.2011718750000000e-01 4.1098359665570419e-03 4.1092777475632489e-03 5.5821899379304707e-07 2.0548324908522386e-03 2.0546388737816244e-03 1.9361707061411881e-07 2.0550034757048034e-03 2.0546388737816244e-03 3.6460192317892826e-07
63 1.2207031250000000e-01 4.2257382279583091e-03 4.2251788874267627e-03 5.5934053154634011e-07 2.1127839582304108e-03 2.1125894437133814e-03 1.9451451702947806e-07 2.1129542697278982e-03 2.1125894437133814e-03 3.6482601451686206e-07
64 1.2402343750000000e-01 4.3426424445911641e-03 4.3420819871257885e-03 5.6045746537562030e-07 2.1712364010775596e-03 2.1710409935628942e-03 1.9540751466538483e-07 2.1714060435136045e-03 2.1710409935628942e-03 3.6504995071023547e-07
65 1.2597656250000000e-01 4.4605238197189161e-03 4.4599622499410770e-03 5.6156977783911044e-07 2.2301774210320151e-03 2.2299811249705385e-03 1.9629606147660017e-07 2.2303463986869010e-03 2.2299811249705385e-03 3.6527371636251027e-07
66 1.2792968750000000e-01 4.5793576850854840e-03 4.5787950076337913e-03 5.6267745169279182e-07 2.2895946839697158e-03 2.2893975038168956e-03 1.9718015282013668e-07 2.2897630011157683e-03 2.2893975038168956e-03 3.6549729887265514e-07
67 1.2988281250000000e-01 4.6991195009151851e-03 4.6985557204455054e-03 5.6378046967963530e-07 2.3494759200102500e-03 2.3492778602227527e-03 1.9805978749730044e-07 2.3496435809049350e-03 2.3492778602227527e-03 3.6572068218233486e-07
68 1.3183593750000000e-01 4.8197848559128420e-03 4.8192199770982014e-03 5.6487881464062362e-07 2.4098089235090659e-03 2.4096099885491007e-03 1.9893495996521626e-07 2.4099759324037761e-03 2.4096099885491007e-03 3.6594385467540735e-07
69 1.3378906250000000e-01 4.9413294672636986e-03 4.9407634947942749e-03 5.6597246942367840e-07 2.4705815530667412e-03 2.4703817473971375e-03 1.9980566960372051e-07 2.4707479141969574e-03 2.4703817473971375e-03 3.6616679981995789e-07
70 1.3574218750000000e-01 5.0637291806335692e-03 5.0631621192165294e-03 5.6706141703978530e-07 2.5317817315199786e-03 2.5315810596082647e-03 2.0067191171388096e-07 2.5319474491135906e-03 2.5315810596082647e-03 3.6638950532590434e-07
71 1.3769531250000000e-01 5.1869599701686907e-03 5.1863918245281812e-03 5.6814564050947092e-07 2.5933974459466571e-03 2.5931959122640906e-03 2.0153368256647583e-07 2.5935625242220336e-03 2.5931959122640906e-03 3.6661195794299509e-07
72 1.3964843750000000e-01 5.3109979384958058e-03 5.3104287133728563e-03 5.6922512294953903e-07 2.6554167476666394e-03 2.6552143566864281e-03 2.0239098021124224e-07 2.6555811908291664e-03 2.6552143566864281e-03 3.6683414273829679e-07
73 1.4160156250000000e-01 5.4358193167220242e-03 5.4352490168745916e-03 5.7029984743255796e-07 2.7178277522398146e-03 2.7176245084372958e-03 2.0324380251880714e-07 2.7179915644822096e-03 2.7176245084372958e-03 3.6705604491375082e-07
74 1.4355468750000000e-01 5.5614004644351390e-03 5.5608290946378338e-03 5.7136979730518234e-07 2.7806186394635185e-03 2.7804145473189169e-03 2.0409214460158712e-07 2.7807818249716205e-03 2.7804145473189169e-03 3.6727765270359522e-07
75 1.4550781250000000e-01 5.6877178697033052e-03 5.6871454347474405e-03 5.7243495586462717e-07 2.8437776533784260e-03 2.8435727173737203e-03 2.0493600470577675e-07 2.8439402163248791e-03 2.8435727173737203e-03 3.6749895115885042e-07
76 1.4746093750000000e-01 5.8147481490751930e-03 5.8141746537686816e-03 5.7349530651132352e-07 2.9072931022624785e-03 2.9070873268843408e-03 2.0577537813764799e-07 2.9074550468127145e-03 2.9070873268843408e-03 3.6771992837367554e-07
77 1.4941406250000000e-01 5.9424680475798700e-03 5.9418934967472355e-03 5.7455083263442674e-07 2.9711533586373674e-03 2.9709467483736178e-03 2.0661026374968125e-07 2.9713146889425025e-03 2.9709467483736178e-03 3.6794056888474549e-07
78 1.5136718750000000e-01 6.0708544387270240e-03 6.0702788372091919e-03 5.7560151783212637e-07 3.0353468592634689e-03 3.0351394186045959e-03 2.0744065887300447e-07 3.0355075794635551e-03 3.0351394186045959e-03 3.6816085895912190e-07
79 1.5332031250000000e-01 6.1998843245067298e-03 6.1993076771610514e-03 5.7664734567832582e-07 3.0998621051393080e-03 3.0996538385805257e-03 2.0826655878223091e-07 3.1000222193674218e-03 3.0996538385805257e-03 3.6838078689609491e-07
80 1.5527343750000000e-01 6.3295348353895903e-03 6.3289571470897246e-03 5.7768829986575704e-07 3.1646876615072515e-03 3.1644785735448623e-03 2.0908796238925526e-07 3.1648471738823388e-03 3.1644785735448623e-03 3.6860033747650178e-07
81 1.5722656250000000e-01 6.4597832303265861e-03 6.4592045059625337e-03 5.7872436405245753e-07 3.2298121578463283e-03 3.2296022529812668e-03 2.0990486506149847e-07 3.2299710724802578e-03 3.2296022529812668e-03 3.6881949899095906e-07
82 1.5917968750000000e-01 6.5906068967493594e-03 6.5900271412272097e-03 5.7975552214973441e-07 3.2952242878795772e-03 3.2950135706136048e-03 2.1071726597236481e-07 3.2953826088697822e-03 3.2950135706136048e-03 3.6903825617736960e-07
83 1.6113281250000000e-01 6.7219833505699263e-03 6.7214025688118973e-03 5.8078175802899618e-07 3.3609128095674133e-03 3.3607012844059487e-03 2.1152516146462352e-07 3.3610705410025130e-03 3.3607012844059487e-03 3.6925659656437265e-07
84 1.6308593750000000e-01 6.8538902361808193e-03 6.8533084331251484e-03 5.8180305567093887e-07 3.4268665451110854e-03 3.4266542165625742e-03 2.1232854851118213e-07 3.4270236910697340e-03 3.4266542165625742e-03 3.6947450715975674e-07
85 1.6503906250000000e-01 6.9863053264549706e-03 6.9857225070559274e-03 5.8281939904324814e-07 3.4930743809523618e-03 3.4928612535279637e-03 2.1312742439806576e-07 3.4932309455026089e-03 3.4928612535279637e-03 3.6969197464518239e-07
86 1.6699218750000000e-01 7.1192065227459354e-03 7.1186226919736093e-03 5.8383077232611325e-07 3.5595252677745426e-03 3.5593113459868046e-03 2.1392178773792930e-07 3.5596812549713928e-03 3.5593113459868046e-03 3.6990898458818394e-07
87 1.6894531250000000e-01 7.2525718548876669e-03 7.2519870177279785e-03 5.8483715968844774e-07 3.6262082204978935e-03 3.6259935088639892e-03 2.1471163390426526e-07 3.6263636343897734e-03 3.6259935088639892e-03 3.7012552578418248e-07
88 1.7089843750000000e-01 7.3863794811946624e-03 7.3857936426492323e-03 5.8583854543013680e-07 3.6931123182860504e-03 3.6928968213246162e-03 2.1549696143426805e-07 3.6932671629086120e-03 3.6928968213246162e-03 3.7034158399586875e-07
89 1.7285156250000000e-01 7.5206076884617506e-03 7.5200208535479759e-03 5.8683491377473779e-07 3.7602267045413981e-03 3.7600104267739879e-03 2.1627776741013280e-07 3.7603809839203525e-03 3.7600104267739879e-03 3.7055714636460499e-07
90 1.7480468750000000e-01 7.6552348919644705e-03 7.6546470657152272e-03 5.8782624924331311e-07 3.8275405869070377e-03 3.8273235328576136e-03 2.1705404942406331e-07 3.8276943050574328e-03 3.8273235328576136e-03 3.7077219981924980e-07
91 1.7675781250000000e-01 7.7902396354587039e-03 7.7896508229224138e-03 5.8881253629013836e-07 3.8950432372658003e-03 3.8948254114612069e-03 2.1782580459338285e-07 3.8951963981929036e-03 3.8948254114612069e-03 3.7098673169675550e-07
92 1.7871093750000000e-01 7.9256005911808886e-03 7.9250107974213734e-03 5.8979375951520585e-07 3.9627239917412746e-03 3.9625053987106867e-03 2.1859303058792412e-07 3.9628765994396140e-03 3.9625053987106867e-03 3.7120072892728173e-07
93 1.8066406250000000e-01 8.0612965598478199e-03 8.0607057899443561e-03 5.9076990346386415e-07 4.0305722506979386e-03 4.0303528949721780e-03 2.1935572576056717e-07 4.0307243091498813e-03 4.0303528949721780e-03 3.7141417770329699e-07
94 1.8261718750000000e-01 8.1973064706569627e-03 8.1967147297040202e-03 5.9174095294253770e-07 4.0985774787377334e-03 4.0983573648520101e-03 2.2011388572332896e-07 4.0987289919192293e-03 4.0983573648520101e-03 3.7162706721920874e-07
95 1.8457031250000000e-01 8.3336093812861542e-03 8.3330166743934373e-03 5.9270689271688493e-07 4.1667292047059112e-03 4.1665083371967187e-03 2.2086750919251413e-07 4.1668801765802430e-03 4.1665083371967187e-03 3.7183938352437079e-07
96 1.8652343750000000e-01 8.4701844778937736e-03 8.4695908101860857e-03 5.9366770768787269e-07 4.2350170216861353e-03 4.2347954050930428e-03 2.2161659309245796e-07 4.2351674562076383e-03 4.2347954050930428e-03 3.7205111459541473e-07
97 1.8847656250000000e-01 8.6070110751185619e-03 8.6064164517358609e-03 5.9462338270095672e-07 4.3034305870046008e-03 4.3032082258679305e-03 2.2236113667029045e-07 4.3035804881139611e-03 4.3032082258679305e-03 3.7226224603066627e-07
98 1.9042968750000000e-01 8.7440686160799568e-03 8.7434730421770603e-03 5.9557390289649570e-07 4.3719596222245661e-03 4.3717365210885302e-03 2.2310113603589421e-07 4.3721089938553908e-03 4.3717365210885302e-03 3.7247276686060149e-07
99 1.9238281250000000e-01 8.8813366723777473e-03 8.8807401531244001e-03 5.9651925334719413e-07 4.4405939131510370e-03 4.4403700765622001e-03 2.2383658883698421e-07 4.4407427592267103e-03 4.4403700765622001e-03 3.7268266451020993e-07
100 1.9433593750000000e-01 9.0187949440922559e-03 9.0181974846730000e-03 5.9745941925586077e-07 4.5093233098289862e-03 4.5090987423365000e-03 2.2456749248622038e-07 4.5094716342632696e-03 4.5090987423365000e-03 3.7289192676964039e-07
101 1.9628906250000000e-01 9.1564232597841997e-03 9.1558248653983987e-03 5.9839438580101822e-07 4.5781377265446468e-03 4.5779124326991993e-03 2.2529384544750508e-07 4.5782855332395529e-03 4.5779124326991993e-03 3.7310054035351314e-07
102 1.9824218750000000e-01 9.2942015764949509e-03 9.2936022523565365e-03 5.9932413841445875e-07 4.6470271418243402e-03 4.6468011261782682e-03 2.2601564607198366e-07 4.6471744346706107e-03 4.6468011261782682e-03 3.7330849234247510e-07
103 2.0019531250000000e-01 9.4321099797462574e-03 9.4315097310837693e-03 6.0024866248807596e-07 4.7159815984335555e-03 4.7157548655418846e-03 2.2673289167083471e-07 4.7161283813127019e-03 4.7157548655418846e-03 3.7351577081724124e-07
104 2.0214843750000000e-01 9.5701286835404176e-03 9.5695275155968634e-03 6.0116794355427605e-07 4.7849912033773477e-03 4.7847637577984317e-03 2.2744557891599126e-07 4.7851374801630700e-03 4.7847637577984317e-03 3.7372236463828479e-07
105 2.0410156250000000e-01 9.7082380303600141e-03 9.7076359483929953e-03 6.0208196701883043e-07 4.8540461279018288e-03 4.8538179741964976e-03 2.2815370533113555e-07 4.8541919024581853e-03 4.8538179741964976e-03 3.7392826168769489e-07
106 2.0605468750000000e-01 9.8464184911684696e-03 9.8458155004497519e-03 6.0299071871772192e-07 4.9231366074953212e-03 4.9229077502248760e-03 2.2885727044529014e-07 4.9232818836731484e-03 4.9229077502248760e-03 3.7413344827243178e-07
107 2.0800781250000000e-01 9.9846506654094804e-03 9.9840467712251305e-03 6.0389418434989017e-07 4.9922529418830915e-03 4.9920233856125653e-03 2.2955627052619748e-07 4.9923977235263890e-03 4.9920233856125653e-03 3.7433791382369269e-07
108 2.0996093750000000e-01 1.0122915281007307e-02 1.0122310488657539e-02 6.0479234976866525e-07 5.0613854950335652e-03 5.0611552443287694e-03 2.3025070479583409e-07 5.0615297859737422e-03 5.0611552443287694e-03 3.7454164497283116e-07
109 2.1191406250000000e-01 1.0261193194366570e-02 1.0260587509165796e-02 6.0568520077360077e-07 5.1305246951538061e-03 5.1302937545828981e-03 2.3094057090798648e-07 5.1306684992127637e-03 5.1302937545828981e-03 3.7474462986561430e-07
110 2.1386718750000000e-01 1.0399465390372590e-02 1.0398858817649133e-02 6.0657272345741864e-07 5.1996610346904384e-03 5.1994294088245664e-03 2.3162586587199135e-07 5.1998043556821518e-03 5.1994294088245664e-03 3.7494685758542728e-07
111 2.1582031250000000e-01 1.0537712982391026e-02 1.0537105527487186e-02 6.0745490383998235e-07 5.2687850703322277e-03 5.2685527637435928e-03 2.3230658863487158e-07 5.2689279120587979e-03 5.2685527637435928e-03 3.7514831520511077e-07
112 2.1777343750000000e-01 1.0675917212268116e-02 1.0675308880540009e-02 6.0833172810768887e-07 5.3378874230063681e-03 5.3376544402700043e-03 2.3298273636382372e-07 5.3380297892617482e-03 5.3376544402700043e-03 3.7534899174386516e-07
113 2.1972656250000000e-01 1.0814059450330380e-02 1.0813450247148061e-02 6.0920318231856563e-07 5.4069587778795645e-03 5.4067251235740306e-03 2.3365430553388966e-07 5.4071006724508153e-03 5.4067251235740306e-03 3.7554887678467597e-07
114 2.2167968750000000e-01 1.0952121195385165e-02 1.0951511126132215e-02 6.1006925295044312e-07 5.4759898843636376e-03 5.4757555630661073e-03 2.3432129753024611e-07 5.4761313110215275e-03 5.4757555630661073e-03 3.7574795542019701e-07
115 2.2363281250000000e-01 1.1090084074720112e-02 1.1089473144793754e-02 6.1092992635798649e-07 5.5449715561067892e-03 5.5447365723968771e-03 2.3498370991213713e-07 5.5451125186133229e-03 5.5447365723968771e-03 3.7594621644584936e-07
116 2.2558593750000000e-01 1.1227929844103417e-02 1.1227318058914368e-02 6.1178518904851653e-07 5.6138946709940792e-03 5.6136590294571841e-03 2.3564153689512729e-07 5.6140351731093375e-03 5.6136590294571841e-03 3.7614365215338924e-07
117 2.2753906250000000e-01 1.1365640387783635e-02 1.1365027752756166e-02 6.1263502746863874e-07 5.6827501711565909e-03 5.6825138763780831e-03 2.3629477850783953e-07 5.6828902166270439e-03 5.6825138763780831e-03 3.7634024896079921e-07
118 2.2949218750000000e-01 1.1503197718490031e-02 1.1502584239061657e-02 6.1347942837373937e-07 5.7515290629669103e-03 5.7512921195308287e-03 2.3694343608167412e-07 5.7516686555231207e-03 5.7512921195308287e-03 3.7653599229206525e-07
119 2.3144531250000000e-01 1.1640583977432223e-02 1.1639969659053768e-02 6.1431837845501991e-07 5.8202224170313824e-03 5.8199848295268841e-03 2.3758750449832944e-07 5.8203615604008408e-03 5.8199848295268841e-03 3.7673087395669047e-07
120 2.3339843750000000e-01 1.1777781434300388e-02 1.1777166282435836e-02 6.1515186455286808e-07 5.8888213681984099e-03 5.8885831412179178e-03 2.3822698049218854e-07 5.8889600661019784e-03 5.8885831412179178e-03 3.7692488406067953e-07
121 2.3535156250000000e-01 1.1914772487264960e-02 1.1914156507391603e-02 6.1597987335675064e-07 5.9573171155618363e-03 5.9570782536958015e-03 2.3886186603476467e-07 5.9574553717031235e-03 5.9570782536958015e-03 3.7711800732198597e-07
122 2.3730468750000000e-01 1.2051539662977263e-02 1.2050922860585230e-02 6.1680239203318332e-07 6.0257009224485613e-03 6.0254614302926151e-03 2.3949215594617351e-07 6.0258387405287021e-03 6.0254614302926151e-03 3.7731023608700981e-07
123 2.3925781250000000e-01 1.2188065616568915e-02 1.2187447997161281e-02 6.1761940763419010e-07 6.0939641164306961e-03 6.0937239985806406e-03 2.4011785005554481e-07 6.0941015001382192e-03 6.0937239985806406e-03 3.7750155757864529e-07
124 2.4121093750000000e-01 1.2324333131652048e-02 1.2323714700744738e-02 6.1843090731067418e-07 6.1620980893193501e-03 6.1618573503723689e-03 2.4073894698117132e-07 6.1622350423326984e-03 6.1618573503723689e-03 3.7769196032950286e-07
125 2.4316406250000000e-01 1.2460325120319178e-02 1.2459705883440985e-02 6.1923687819272211e-07 6.2300942971638190e-03 6.2298529417204925e-03 2.4135544332646447e-07 6.2302308231553588e-03 6.2298529417204925e-03 3.7788143486625764e-07
126 2.4511718750000000e-01 1.2596024623143532e-02 1.2595404585835824e-02 6.2003730770879284e-07 6.2979442602572027e-03 6.2977022929179118e-03 2.4196733929091746e-07 6.2980803628863297e-03 6.2977022929179118e-03 3.7806996841787538e-07
127 2.4707031250000000e-01 1.2731414809178686e-02 1.2730793976995464e-02 6.2083218322142586e-07 6.3656395631297357e-03 6.3653969884977322e-03 2.4257463200356294e-07 6.3657752460489500e-03 6.3653969884977322e-03 3.7825755121786292e-07
128 2.4902343750000000e-01 1.2866478975958778e-02 1.2865857354466525e-02 6.2162149225275520e-07 6.4331718545523045e-03 6.4329286772332626e-03 2.4317731904185957e-07 6.4333071214064735e-03 6.4329286772332626e-03 3.7844417321089563e-07
129 2.5097656250000000e-01 1.3001200549498220e-02 1.3000578144276038e-02 6.2240522218266758e-07 6.5005328475372303e-03 6.5002890721380189e-03 2.4377539921145025e-07 6.5006677019609901e-03 6.5002890721380189e-03 3.7862982297121733e-07
130 2.5292968750000000e-01 1.3135563084292309e-02 1.3134939900931446e-02 6.2318336086289450e-07 6.5677143193372117e-03 6.5674699504657229e-03 2.4436887148884812e-07 6.5678487649550969e-03 6.5674699504657229e-03 3.7881448937404638e-07
131 2.5488281250000000e-01 1.3269550263316594e-02 1.3268926307420600e-02 6.2395589599424650e-07 6.6347081114434348e-03 6.6344631537102999e-03 2.4495773313492480e-07 6.6348421518731592e-03 6.6344631537102999e-03 3.7899816285932170e-07
132 2.5683593750000000e-01 1.3403145898027227e-02 1.3402521175211762e-02 6.2472281546488428e-07 6.7015061295889536e-03 6.7012605876058812e-03 2.4554198307241704e-07 6.7016397684382736e-03 6.7012605876058812e-03 3.7918083239246725e-07
133 2.5878906250000000e-01 1.3536333928360659e-02 1.3535708444253607e-02 6.2548410705194624e-07 6.7681003437479632e-03 6.7678542221268033e-03 2.4612162115994485e-07 6.7682335846126953e-03 6.7678542221268033e-03 3.7936248589200139e-07
134 2.6074218750000000e-01 1.3669098422734113e-02 1.3668472182975218e-02 6.2623975889512795e-07 6.8344827881315975e-03 6.8342360914876088e-03 2.4669664398877661e-07 6.8346156346025151e-03 6.8342360914876088e-03 3.7954311490635134e-07
135 2.6269531250000000e-01 1.3801423578045105e-02 1.3800796588286091e-02 6.2698975901442910e-07 6.9006455611945192e-03 6.9003982941430453e-03 2.4726705147391087e-07 6.9007780168505858e-03 6.9003982941430453e-03 3.7972270754051823e-07
136 2.6464843750000000e-01 1.3933293719671794e-02 1.3932665985576130e-02 6.2773409566403704e-07 6.9665808256273000e-03 6.9663329927880649e-03 2.4783283923517085e-07 6.9667128940444937e-03 6.9663329927880649e-03 3.7990125642886619e-07
137 2.6660156250000000e-01 1.4064693301472562e-02 1.4064064828715651e-02 6.2847275691078897e-07 7.0322808083651094e-03 7.0320324143578255e-03 2.4839400728383226e-07 7.0324124931074525e-03 7.0320324143578255e-03 3.8007874962695670e-07
138 2.6855468750000000e-01 1.4195606905786676e-02 1.4194977700055381e-02 6.2920573129510160e-07 7.0977378005830259e-03 7.0974888500276905e-03 2.4895055533540045e-07 7.0978691052036502e-03 7.0974888500276905e-03 3.8025517595970115e-07
139 2.7050781250000000e-01 1.4326019243433701e-02 1.4325389310426456e-02 6.2993300724463464e-07 7.1629441576916281e-03 7.1626946552132281e-03 2.4950247839994333e-07 7.1630750857420728e-03 7.1626946552132281e-03 3.8043052884469131e-07
140 2.7246093750000000e-01 1.4455915153713743e-02 1.4455284499140426e-02 6.3065457331715202e-07 7.2278922993487720e-03 7.2276422495702129e-03 2.5004977855912908e-07 7.2280228543649709e-03 7.2276422495702129e-03 3.8060479475802295e-07
141 2.7441406250000000e-01 1.4585279604407215e-02 1.4584648233989247e-02 6.3137041796806903e-07 7.2925747094476669e-03 7.2923241169946234e-03 2.5059245304347166e-07 7.2927048949595480e-03 7.2923241169946234e-03 3.8077796492459737e-07
142 2.7636718750000000e-01 1.4714097691775379e-02 1.4713465611245291e-02 6.3208053008821652e-07 7.3569839361225468e-03 7.3567328056226454e-03 2.5113049990140718e-07 7.3571137556528322e-03 7.3567328056226454e-03 3.8095003018680934e-07
143 2.7832031250000000e-01 1.4842354640559748e-02 1.4841721855661332e-02 6.3278489841576968e-07 7.4211125917493124e-03 7.4208609278306661e-03 2.5166391864634569e-07 7.4212420488104355e-03 7.4208609278306661e-03 3.8112097976942400e-07
144 2.8027343750000000e-01 1.4970035803982460e-02 1.4969402320470566e-02 6.3348351189360108e-07 7.4849533529440133e-03 7.4847011602352832e-03 2.5219270873011457e-07 7.4850824510384467e-03 7.4847011602352832e-03 3.8129080316348651e-07
145 2.8222656250000000e-01 1.5097126663745878e-02 1.5096492487386592e-02 6.3417635928590677e-07 7.5484989605610741e-03 7.5482462436932962e-03 2.5271686777787739e-07 7.5486277031848042e-03 7.5482462436932962e-03 3.8145949150802938e-07
146 2.8417968750000000e-01 1.5223612830033286e-02 1.5222977966603421e-02 6.3486342986515676e-07 7.6117422196941469e-03 7.6114889833017105e-03 2.5323639243641366e-07 7.6118706103391392e-03 7.6114889833017105e-03 3.8162703742874310e-07
147 2.8613281250000000e-01 1.5349480041508224e-02 1.5348844496795473e-02 6.3554471275116542e-07 7.6746759996787354e-03 7.6744222483977366e-03 2.5375128099875549e-07 7.6748040418294890e-03 7.6744222483977366e-03 3.8179343175240993e-07
148 2.8808593750000000e-01 1.5474714165314821e-02 1.5474077945117584e-02 6.3622019723721945e-07 7.7372932340957186e-03 7.7370389725587921e-03 2.5426153692654357e-07 7.7374209312191028e-03 7.7370389725587921e-03 3.8195866031067588e-07
149 2.9003906250000000e-01 1.5599301197077482e-02 1.5598664307204996e-02 6.3688987248650131e-07 7.7995869207573799e-03 7.7993321536024979e-03 2.5476715488203378e-07 7.7997142763201023e-03 7.7993321536024979e-03 3.8212271760446753e-07
150 2.9199218750000000e-01 1.5723227260901456e-02 1.5722589707173360e-02 6.3755372809587429e-07 7.8615501217205608e-03 7.8612948535866801e-03 2.5526813388077052e-07 7.8616771391808952e-03 7.8612948535866801e-03 3.8228559421510377e-07
151 2.9394531250000000e-01 1.5846478609372265e-02 1.5845840397618747e-02 6.3821175351821968e-07 7.9231759632864968e-03 7.9229201988093734e-03 2.5576447712331862e-07 7.9233026460857683e-03 7.9229201988093734e-03 3.8244727639490106e-07
152 2.9589843750000000e-01 1.5969041623556054e-02 1.5968402759617625e-02 6.3886393842846334e-07 7.9844576359831502e-03 7.9842013798088127e-03 2.5625617433751302e-07 7.9845839875729036e-03 7.9842013798088127e-03 3.8260776409095032e-07
153 2.9785156250000000e-01 1.6090902812999252e-02 1.6090263302726886e-02 6.3951027236622271e-07 8.0453883945964307e-03 8.0451316513634429e-03 2.5674323298786883e-07 8.0455144184028212e-03 8.0451316513634429e-03 3.8276703937835388e-07
154 2.9980468750000000e-01 1.6212048815729081e-02 1.6211408664983822e-02 6.4015074525969329e-07 8.1059615581403604e-03 8.1057043324919108e-03 2.5722564844961326e-07 8.1060872575887209e-03 8.1057043324919108e-03 3.8292509681008002e-07
155 3.0175781250000000e-01 1.6332466398253129e-02 1.6331825612906140e-02 6.4078534698849832e-07 8.1661705098708907e-03 8.1659128064530701e-03 2.5770341782055395e-07 8.1662958883822381e-03 8.1659128064530701e-03 3.8308192916794437e-07
156 3.0371093750000000e-01 1.6452142455559485e-02 1.6451501041491959e-02 6.4141406752593610e-07 8.2260086972856077e-03 8.2257505207459797e-03 2.5817653962791065e-07 8.2261337582738778e-03 8.2257505207459797e-03 3.8323752789802545e-07
157 3.0566406250000000e-01 1.6571064011116618e-02 1.6570421974219807e-02 6.4203689681061049e-07 8.2854696321287679e-03 8.2852109871099037e-03 2.5864501886421754e-07 8.2855943789878501e-03 8.2852109871099037e-03 3.8339187794639296e-07
158 3.0761718750000000e-01 1.6689218216873795e-02 1.6688575563048622e-02 6.4265382517317282e-07 8.3445468903714827e-03 8.3442877815243111e-03 2.5910884717157689e-07 8.3446713265023127e-03 8.3442877815243111e-03 3.8354497800159593e-07
159 3.0957031250000000e-01 1.6806592353260569e-02 1.6805949088417756e-02 6.4326484281243546e-07 8.4032341122348558e-03 8.4029745442088782e-03 2.5956802597766615e-07 8.4033582410257129e-03 8.4029745442088782e-03 3.8369681683476931e-07
160 3.1152343750000000e-01 1.6923173829187083e-02 1.6922529959246965e-02 6.4386994011803034e-07 8.4615250021788119e-03 8.4612649796234826e-03 2.6002255532932284e-07 8.4616488270082713e-03 8.4612649796234826e-03 3.8384738478870750e-07
161 3.1347656250000000e-01 1.7038950182043693e-02 1.7038305712936422e-02 6.4446910727142259e-07 8.5194133289003948e-03 8.5191528564682109e-03 2.6047243218384197e-07 8.5195368531432985e-03 8.5191528564682109e-03 3.8399667508758062e-07
162 3.1542968750000000e-01 1.7153909077701781e-02 1.7153264015366706e-02 6.4506233507510835e-07 8.5768929253403677e-03 8.5766320076833529e-03 2.6091765701480307e-07 8.5770161523614132e-03 8.5766320076833529e-03 3.8414467806030528e-07
163 3.1738281250000000e-01 1.7268038310512872e-02 1.7267392660898811e-02 6.4564961406096688e-07 8.6339576886761953e-03 8.6336963304494054e-03 2.6135822678990950e-07 8.6340806218366765e-03 8.6336963304494054e-03 3.8429138727105738e-07
164 3.1933593750000000e-01 1.7381325803309190e-02 1.7380679572374141e-02 6.4623093504884155e-07 8.6906015803291815e-03 8.6903397861870704e-03 2.6179414211111030e-07 8.6907242229800081e-03 8.6903397861870704e-03 3.8443679293773125e-07
165 3.2128906250000000e-01 1.7493759607403129e-02 1.7493112801114506e-02 6.4680628862265332e-07 8.7468186259578948e-03 8.7465564005572531e-03 2.6222540064173294e-07 8.7469409814452340e-03 8.7465564005572531e-03 3.8458088798092038e-07
166 3.2324218750000000e-01 1.7605327902588026e-02 1.7604680526922132e-02 6.4737566589367912e-07 8.8026029154645996e-03 8.8023402634610660e-03 2.6265200353363383e-07 8.8027249871234260e-03 8.8023402634610660e-03 3.8472366236004529e-07
167 3.2519531250000000e-01 1.7716018997137421e-02 1.7715371058079649e-02 6.4793905777196792e-07 8.8579486029884639e-03 8.8576855290398247e-03 2.6307394863922529e-07 8.8580703941489574e-03 8.8576855290398247e-03 3.8486510913274263e-07
168 3.2714843750000000e-01 1.7825821327805559e-02 1.7825172831350107e-02 6.4849645545206336e-07 8.9128499069064827e-03 8.9125864156750535e-03 2.6349123142914432e-07 8.9129714208990764e-03 8.9125864156750535e-03 3.8500522402291903e-07
169 3.2910156250000000e-01 1.7934723459826801e-02 1.7934074411976957e-02 6.4904784984401442e-07 8.9673011098448455e-03 8.9670372059884786e-03 2.6390385636683444e-07 8.9674223499819558e-03 8.9670372059884786e-03 3.8514399347717998e-07
170 3.3105468750000000e-01 1.8042714086916566e-02 1.8042064493684069e-02 6.4959323249624834e-07 9.0212965586607043e-03 9.0210322468420347e-03 2.6431181866966302e-07 9.0214175282558613e-03 9.0210322468420347e-03 3.8528141382658532e-07
171 3.3300781250000000e-01 1.8149782031270403e-02 1.8149131898675716e-02 6.5013259468657547e-07 9.0748306644574013e-03 9.0745659493378580e-03 2.6471511954326288e-07 9.0749513668130014e-03 9.0745659493378580e-03 3.8541747514331259e-07
172 3.3496093750000000e-01 1.8255916243564541e-02 1.8255265577636591e-02 6.5066592794954525e-07 9.1278979025743185e-03 9.1276327888182955e-03 2.6511375602299159e-07 9.1280183409902221e-03 9.1276327888182955e-03 3.8555217192655367e-07
173 3.3691406250000000e-01 1.8361105802955451e-02 1.8360454609731784e-02 6.5119322366705146e-07 9.1804928125933660e-03 9.1802273048658921e-03 2.6550772747394036e-07 9.1806129903620852e-03 9.1802273048658921e-03 3.8568549619311110e-07
174 3.3886718750000000e-01 1.8465339917080485e-02 1.8464688202606813e-02 6.5171447367201596e-07 9.2326099983399586e-03 9.2323441013034066e-03 2.6589703655197083e-07 9.2327299187405266e-03 9.2323441013034066e-03 3.8581743712004513e-07
175 3.4082031250000000e-01 1.8568607922057254e-02 1.8567955692387589e-02 6.5222966966552165e-07 9.2842441278722446e-03 9.2839778461937944e-03 2.6628167845016426e-07 9.2843637941850098e-03 9.2839778461937944e-03 3.8594799121535739e-07
176 3.4277343750000000e-01 1.8670899282483996e-02 1.8670246543680446e-02 6.5273880354987934e-07 9.3353899334926004e-03 9.3351232718402229e-03 2.6666165237748674e-07 9.3355093489913953e-03 9.3351232718402229e-03 3.8607715117239261e-07
177 3.4472656250000000e-01 1.8772203591439104e-02 1.8771550349572123e-02 6.5324186698106912e-07 9.3860422117432746e-03 9.3857751747860613e-03 2.6703695721330689e-07 9.3861613796958291e-03 9.3857751747860613e-03 3.8620490976776223e-07
178 3.4667968750000000e-01 1.8872510570482042e-02 1.8871856831629768e-02 6.5373885227426598e-07 9.4361958234087766e-03 9.4359284158148839e-03 2.6740759389264068e-07 9.4363147470732656e-03 9.4359284158148839e-03 3.8633125838162530e-07
179 3.4863281250000000e-01 1.8971810069652477e-02 1.8971155839900951e-02 6.5422975152606977e-07 9.4858456935130332e-03 9.4855779199504754e-03 2.6777356255773543e-07 9.4859643761394438e-03 9.4855779199504754e-03 3.8645618896833434e-07
180 3.5058593750000000e-01 1.9070092067470640e-02 1.9069437352913634e-02 6.5471455700655268e-07 9.5349868113155951e-03 9.5347186764568170e-03 2.6813485877810739e-07 9.5351052561550454e-03 9.5347186764568170e-03 3.8657969822844529e-07
181 3.5253906250000000e-01 1.9167346670937065e-02 1.9166691477676207e-02 6.5519326085741736e-07 9.5836142303210668e-03 9.5833457388381036e-03 2.6849148296315128e-07 9.5837324406159979e-03 9.5833457388381036e-03 3.8670177789426607e-07
182 3.5449218750000000e-01 1.9263564115533142e-02 1.9262908449677464e-02 6.5566585567833346e-07 9.6317230682759145e-03 9.6314542248387321e-03 2.6884343718239223e-07 9.6318410472572280e-03 9.6314542248387321e-03 3.8682241849594123e-07
183 3.5644531250000000e-01 1.9358734765220539e-02 1.9358078632886605e-02 6.5613233393366222e-07 9.6793085071614979e-03 9.6790393164433025e-03 2.6919071819536677e-07 9.6794262580590408e-03 9.6790393164433025e-03 3.8694161573829544e-07
184 3.5839843750000000e-01 1.9452849112441540e-02 1.9452192519753244e-02 6.5659268829593165e-07 9.7263657931994010e-03 9.7260962598766220e-03 2.6953332277895869e-07 9.7264833192421390e-03 9.7260962598766220e-03 3.8705936551697295e-07
185 3.6035156250000000e-01 1.9545897778118635e-02 1.9545240731207409e-02 6.5704691122603354e-07 9.7728902368553472e-03 9.7726203656037045e-03 2.6987125164266990e-07 9.7730075412632879e-03 9.7726203656037045e-03 3.8717565958336364e-07
186 3.6230468750000000e-01 1.9637871511655323e-02 1.9637214016659538e-02 6.5749499578507398e-07 9.8188772128378083e-03 9.8186070083297692e-03 2.7020450803910689e-07 9.8189942988175152e-03 9.8186070083297692e-03 3.8729048774596708e-07
187 3.6425781250000000e-01 1.9728761190935296e-02 1.9728103254000470e-02 6.5793693482599225e-07 9.8643221600862915e-03 9.8640516270002351e-03 2.7053308605633208e-07 9.8644390308490048e-03 9.8640516270002351e-03 3.8740384876966016e-07
188 3.6621093750000000e-01 1.9818557822322849e-02 1.9817899449601471e-02 6.5837272137866942e-07 9.9092205817890959e-03 9.9089497248007353e-03 2.7085698836061545e-07 9.9093372405337533e-03 9.9089497248007353e-03 3.8751573301805398e-07
189 3.6816406250000000e-01 1.9907252540662557e-02 1.9906593738314205e-02 6.5880234835155593e-07 9.9535680453710796e-03 9.9532968691571026e-03 2.7117621397704239e-07 9.9536844952914771e-03 9.9532968691571026e-03 3.8762613437451354e-07
190 3.7011718750000000e-01 1.9994836609279882e-02 1.9994177383470747e-02 6.5922580913535533e-07 9.9973601824942405e-03 9.9970886917353733e-03 2.7149075886717666e-07 9.9974764267856415e-03 9.9970886917353733e-03 3.8773505026817867e-07
191 3.7207031250000000e-01 2.0081301419980577e-02 2.0080641776883592e-02 6.5964309698546275e-07 1.0040592689064265e-02 1.0040320888441796e-02 2.7180062246896786e-07 1.0040708730916312e-02 1.0040320888441796e-02 3.8784247451649490e-07
192 3.7402343750000000e-01 2.0166638493050976e-02 2.0165978438845635e-02 6.6005420534115400e-07 1.0083261325231409e-02 1.0082989219422817e-02 2.7210580859186873e-07 1.0083377167819567e-02 1.0082989219422817e-02 3.8794839674928527e-07
193 3.7597656250000000e-01 2.0250839477257542e-02 2.0250179018130188e-02 6.6045912735374079e-07 1.0125361915378916e-02 1.0125089509065094e-02 2.7240631382194347e-07 1.0125477561878626e-02 1.0125089509065094e-02 3.8805281353179732e-07
194 3.7792968750000000e-01 2.0333896149847933e-02 2.0333235291990971e-02 6.6085785696209931e-07 1.0166890348132843e-02 1.0166617645995486e-02 2.7270213735774984e-07 1.0167005801715090e-02 1.0166617645995486e-02 3.8815571960434947e-07
195 3.7988281250000000e-01 2.0415800416549858e-02 2.0415139166162118e-02 6.6125038774081379e-07 1.0207842576358518e-02 1.0207569583081059e-02 2.7299327745936020e-07 1.0207957840191340e-02 1.0207569583081059e-02 3.8825711028145360e-07
196 3.8183593750000000e-01 2.0496544311571753e-02 2.0495882674858166e-02 6.6163671358712706e-07 1.0248214617165153e-02 1.0247941337429083e-02 2.7327973606966482e-07 1.0248329694406600e-02 1.0247941337429083e-02 3.8835697751746223e-07
197 3.8378906250000000e-01 2.0576119997602185e-02 2.0575457980774071e-02 6.6201682811378726e-07 1.0288002551896103e-02 1.0287728990387036e-02 2.7356150906696075e-07 1.0288117445706083e-02 1.0287728990387036e-02 3.8845531904682651e-07
198 3.8574218750000000e-01 2.0654519765810710e-02 2.0653857375085197e-02 6.6239072551294020e-07 1.0327202526144958e-02 1.0326928687542598e-02 2.7383860235971613e-07 1.0327317239665752e-02 1.0326928687542598e-02 3.8855212315322407e-07
199 3.8769531250000000e-01 2.0731736035847124e-02 2.0731073277447318e-02 6.6275839980672879e-07 1.0365810749732156e-02 1.0365536638723659e-02 2.7411100849729364e-07 1.0365925286114968e-02 1.0365536638723659e-02 3.8864739130943515e-07
200 3.8964843750000000e-01 2.0807761355841829e-02 2.0807098235996618e-02 6.6311984521158496e-07 1.0403823496728533e-02 1.0403549117998309e-02 2.7437873022402581e-07 1.0403937859113296e-02 1.0403549117998309e-02 3.8874111498755914e-07
201 3.9160156250000000e-01 2.0882588402405439e-02 2.0881924927349686e-02 6.6347505575312105e-07 1.0441237105438017e-02 1.0440962463674843e-02 2.7464176317361366e-07 1.0441351296967423e-02 1.0440962463674843e-02 3.8883329257950738e-07
202 3.9355468750000000e-01 2.0956209980629605e-02 2.0955546156603538e-02 6.6382402606757207e-07 1.0478047978411349e-02 1.0477773078301769e-02 2.7490010958038102e-07 1.0478162002218256e-02 1.0477773078301769e-02 3.8892391648719105e-07
203 3.9550781250000000e-01 2.1028619024086127e-02 2.1027954857335582e-02 6.6416675054484231e-07 1.0514252582437133e-02 1.0513977428667791e-02 2.7515376934197922e-07 1.0514366441648994e-02 1.0513977428667791e-02 3.8901298120286310e-07
204 3.9746093750000000e-01 2.1099808594827480e-02 2.1099144091603652e-02 6.6450322382810567e-07 1.0549847448547528e-02 1.0549572045801826e-02 2.7540274570234113e-07 1.0549961146279952e-02 1.0549572045801826e-02 3.8910047812576454e-07
205 3.9941406250000000e-01 2.1169771883386326e-02 2.1169107049945981e-02 6.6483344034543035e-07 1.0584829172002572e-02 1.0584553524972990e-02 2.7564702958192411e-07 1.0584942711383754e-02 1.0584553524972990e-02 3.8918641076350624e-07
206 4.0136718750000000e-01 2.1238502208776315e-02 2.1237837051381218e-02 6.6515739509734328e-07 1.0619194412316084e-02 1.0618918525690609e-02 2.7588662547539666e-07 1.0619307796460231e-02 1.0618918525690609e-02 3.8927076962194662e-07
207 4.0332031250000000e-01 2.1305993018491332e-02 2.1305327543408418e-02 6.6547508291436852e-07 1.0652939893238253e-02 1.0652663771704209e-02 2.7612153404368844e-07 1.0653053125253080e-02 1.0652663771704209e-02 3.8935354887068008e-07
208 4.0527343750000000e-01 2.1372237888505858e-02 2.1371572102007057e-02 6.6578649880050245e-07 1.0686062402753020e-02 1.0685786051003529e-02 2.7635174949108832e-07 1.0686175485752838e-02 1.0685786051003529e-02 3.8943474930941413e-07
209 4.0722656250000000e-01 2.1437230523274418e-02 2.1436564431637013e-02 6.6609163740585786e-07 1.0718558793096748e-02 1.0718282215818506e-02 2.7657727824127731e-07 1.0718671730177671e-02 1.0718282215818506e-02 3.8951435916458055e-07
210 4.0917968750000000e-01 2.1500964755732873e-02 2.1500298365238573e-02 6.6639049429995101e-07 1.0750425980731350e-02 1.0750149182619287e-02 2.7679811206299254e-07 1.0750538775001523e-02 1.0750149182619287e-02 3.8959238223695847e-07
211 4.1113281250000000e-01 2.1563434547297117e-02 2.1562767864232443e-02 6.6668306467412841e-07 1.0781660946372926e-02 1.0781383932116221e-02 2.7701425670510760e-07 1.0781773600924190e-02 1.0781383932116221e-02 3.8966880796902081e-07
212 4.1308593750000000e-01 2.1624633987863684e-02 2.1623967018519732e-02 6.6696934395218954e-07 1.0812260734970821e-02 1.0811983509259866e-02 2.7722571095505077e-07 1.0812373252892863e-02 1.0811983509259866e-02 3.8974363299713877e-07
213 4.1503906250000000e-01 2.1684557295809325e-02 2.1683890046481965e-02 6.6724932736017539e-07 1.0842222455711131e-02 1.0841945023240982e-02 2.7743247014815064e-07 1.0842334840098194e-02 1.0841945023240982e-02 3.8981685721202475e-07
214 4.1699218750000000e-01 2.1743198817991752e-02 2.1742531294981070e-02 6.6752301068270792e-07 1.0871543282026237e-02 1.0871265647490535e-02 2.7763453570167629e-07 1.0871655535965516e-02 1.0871265647490535e-02 3.8988847498103163e-07
215 4.1894531250000000e-01 2.1800553029748915e-02 2.1799885239359398e-02 6.6779038951705894e-07 1.0900220451591822e-02 1.0899942619679699e-02 2.7783191212243930e-07 1.0900332578157094e-02 1.0899942619679699e-02 3.8995847739461964e-07
216 4.2089843750000000e-01 2.1856614534899378e-02 2.1855946483439696e-02 6.6805145968254487e-07 1.0928251266309820e-02 1.0927973241719848e-02 2.7802458997180923e-07 1.0928363268589559e-02 1.0927973241719848e-02 3.9002686971073564e-07
217 4.2285156250000000e-01 2.1911378065741907e-02 2.1910709759525134e-02 6.6830621677296809e-07 1.0955633092340917e-02 1.0955354879762567e-02 2.7821257835014546e-07 1.0955744973400990e-02 1.0955354879762567e-02 3.9009363842282263e-07
218 4.2480468750000000e-01 2.1964838483056276e-02 2.1964169928399283e-02 6.6855465699275363e-07 1.0982363360069795e-02 1.0982084964199642e-02 2.7839587015375533e-07 1.0982475122986481e-02 1.0982084964199642e-02 3.9015878683899829e-07
219 4.2675781250000000e-01 2.2016990776102512e-02 2.2016321979326132e-02 6.6879677637979307e-07 1.1008439564131011e-02 1.1008160989663066e-02 2.7857446794482543e-07 1.1008551211971501e-02 1.1008160989663066e-02 3.9022230843496764e-07
220 4.2871093750000000e-01 2.2067830062621200e-02 2.2067161030050079e-02 6.6903257112116421e-07 1.1033859263395389e-02 1.1033580515025039e-02 2.7874837034945477e-07 1.1033970799225811e-02 1.1033580515025039e-02 3.9028420077170944e-07
221 4.3066406250000000e-01 2.2117351588833174e-02 2.2116682326795929e-02 6.6926203724435029e-07 1.1058620080972466e-02 1.1058341163397965e-02 2.7891757450188015e-07 1.1058731507860707e-02 1.1058341163397965e-02 3.9034446274247014e-07
222 4.3261718750000000e-01 2.2165550729440261e-02 2.2164881244268901e-02 6.6948517135970165e-07 1.1082719704219906e-02 1.1082440622134451e-02 2.7908208545535107e-07 1.1082831025220355e-02 1.1082440622134451e-02 3.9040308590435058e-07
223 4.3457031250000000e-01 2.2212422987624502e-02 2.2211753285654626e-02 6.6970196987634067e-07 1.1106155884725738e-02 1.1105876642827313e-02 2.7924189842550018e-07 1.1106267102898764e-02 1.1105876642827313e-02 3.9046007145084050e-07
224 4.3652343750000000e-01 2.2257963995048528e-02 2.2257294082619138e-02 6.6991242939073992e-07 1.1128926438325018e-02 1.1128647041309569e-02 2.7939701544889284e-07 1.1129037556723511e-02 1.1128647041309569e-02 3.9051541394184708e-07
225 4.3847656250000000e-01 2.2302169511855062e-02 2.2301499395308889e-02 6.7011654617324390e-07 1.1151029245090311e-02 1.1150749697654444e-02 2.7954743586633413e-07 1.1151140266764751e-02 1.1150749697654444e-02 3.9056911030690977e-07
226 4.4042968750000000e-01 2.2345035426668117e-02 2.2344365112350738e-02 6.7031431737890612e-07 1.1172462249333397e-02 1.1172182556175369e-02 2.7969315802810202e-07 1.1172573177334720e-02 1.1172182556175369e-02 3.9062115935080410e-07
227 4.4238281250000000e-01 2.2386557756591777e-02 2.2385887250851961e-02 6.7050573981583539e-07 1.1193223459610905e-02 1.1192943625425980e-02 2.7983418492485979e-07 1.1193334296980871e-02 1.1192943625425980e-02 3.9067155489097560e-07
228 4.4433593750000000e-01 2.2426732647210745e-02 2.2426061956400234e-02 6.7069081051071566e-07 1.1213310948711126e-02 1.1213030978200117e-02 2.7997051100896175e-07 1.1213421698499619e-02 1.1213030978200117e-02 3.9072029950175391e-07
229 4.4628906250000000e-01 2.2465556372589957e-02 2.2464885503063650e-02 6.7086952630635022e-07 1.1232722853674642e-02 1.1232442751531825e-02 2.8010214281684598e-07 1.1232833518915315e-02 1.1232442751531825e-02 3.9076738348950424e-07
230 4.4824218750000000e-01 2.2503025335275269e-02 2.2502354293390717e-02 6.7104188455208158e-07 1.1251457375765267e-02 1.1251177146695358e-02 2.8022906990894658e-07 1.1251567959510001e-02 1.1251177146695358e-02 3.9081281464313500e-07
231 4.5019531250000000e-01 2.2539136066292837e-02 2.2538464858410344e-02 6.7120788249316887e-07 1.1269512780507826e-02 1.1269232429205172e-02 2.8035130265370578e-07 1.1269623285785011e-02 1.1269232429205172e-02 3.9085657983946309e-07
232 4.5214843750000000e-01 2.2573885225149391e-02 2.2573213857631853e-02 6.7136751753793522e-07 1.1286887397651163e-02 1.1286606928815926e-02 2.8046883523633048e-07 1.1286997827498228e-02 1.1286606928815926e-02 3.9089868230160474e-07
233 4.5410156250000000e-01 2.2607269599831833e-02 2.2606598079044984e-02 6.7152078684837302e-07 1.1303579621190179e-02 1.1303299039522492e-02 2.8058166768631099e-07 1.1303689978641654e-02 1.1303299039522492e-02 3.9093911916206203e-07
234 4.5605468750000000e-01 2.2639286106808178e-02 2.2638614439119881e-02 6.7166768829771129e-07 1.1319587909361599e-02 1.1319307219559940e-02 2.8068980165857349e-07 1.1319698197446579e-02 1.1319307219559940e-02 3.9097788663913779e-07
235 4.5800781250000000e-01 2.2669931791026589e-02 2.2669259982807097e-02 6.7180821949203162e-07 1.1334910784639605e-02 1.1334629991403548e-02 2.8079323605677275e-07 1.1335021006386984e-02 1.1334629991403548e-02 3.9101498343525887e-07
236 4.5996093750000000e-01 2.2699203825915861e-02 2.2698531883537602e-02 6.7194237825946024e-07 1.1349546833737416e-02 1.1349265941768801e-02 2.8089196861535992e-07 1.1349656992178445e-02 1.1349265941768801e-02 3.9105040964410032e-07
237 4.6191406250000000e-01 2.2727099513385030e-02 2.2726427443222768e-02 6.7207016226158989e-07 1.1363494707614047e-02 1.1363213721611384e-02 2.8098600266326934e-07 1.1363604805770982e-02 1.1363213721611384e-02 3.9108415959832055e-07
238 4.6386718750000000e-01 2.2753616283824080e-02 2.2752944092254389e-02 6.7219156969083871e-07 1.1376753121463027e-02 1.1376472046127194e-02 2.8107533583260347e-07 1.1376863162361053e-02 1.1376472046127194e-02 3.9111623385823524e-07
239 4.6582031250000000e-01 2.2778751696103189e-02 2.2778079389504661e-02 6.7230659852798857e-07 1.1389320854722246e-02 1.1389039694752330e-02 2.8115996991533165e-07 1.1389430841380943e-02 1.1389039694752330e-02 3.9114662861265692e-07
240 4.6777343750000000e-01 2.2802503437573240e-02 2.2801831022326191e-02 6.7241524704872435e-07 1.1401196751064669e-02 1.1400915511163096e-02 2.8123990157384593e-07 1.1401306686508570e-02 1.1400915511163096e-02 3.9117534547487842e-07
241 4.6972656250000000e-01 2.2824869324065071e-02 2.2824196806552000e-02 6.7251751307076391e-07 1.1412379718406128e-02 1.1412098403276000e-02 2.8131513012813469e-07 1.1412489605658943e-02 1.1412098403276000e-02 3.9120238294262921e-07
242 4.7167968750000000e-01 2.2845847299890934e-02 2.2845174686495519e-02 6.7261339541449527e-07 1.1422868728907557e-02 1.1422587343247760e-02 2.8138565979704544e-07 1.1422978570983377e-02 1.1422587343247760e-02 3.9122773561744983e-07
243 4.7363281250000000e-01 2.2865435437843095e-02 2.2864762734950590e-02 6.7270289250478954e-07 1.1432662818961626e-02 1.1432381367475295e-02 2.8145148633050565e-07 1.1432772618881469e-02 1.1432381367475295e-02 3.9125140617428389e-07
244 4.7558593750000000e-01 2.2883631939194432e-02 2.2882959153191461e-02 6.7278600297121516e-07 1.1441761089209539e-02 1.1441479576595730e-02 2.8151261380858494e-07 1.1441870849984893e-02 1.1441479576595730e-02 3.9127338916263021e-07
245 4.7753906250000000e-01 2.2900435133698067e-02 2.2899762270972797e-02 6.7286272526986823e-07 1.1450162704525906e-02 1.1449881135486398e-02 2.8156903950776746e-07 1.1450272429172161e-02 1.1449881135486398e-02 3.9129368576210077e-07
246 4.7949218750000000e-01 2.2915843479588069e-02 2.2915170546529667e-02 6.7293305840154805e-07 1.1457866894028362e-02 1.1457585273264834e-02 2.8162076352866716e-07 1.1457976585559707e-02 1.1457585273264834e-02 3.9131229487288088e-07
247 4.8144531250000000e-01 2.2929855563578759e-02 2.2929182566577555e-02 6.7299700120398986e-07 1.1464872951075556e-02 1.1464591283288778e-02 2.8166778677854443e-07 1.1464982612503203e-02 1.1464591283288778e-02 3.9132921442544544e-07
248 4.8339843750000000e-01 2.2942470100865076e-02 2.2941797046312360e-02 6.7305455271615688e-07 1.1471180233262034e-02 1.1470898523156180e-02 2.8171010585387180e-07 1.1471289867603042e-02 1.1470898523156180e-02 3.9134444686228509e-07
249 4.8535156250000000e-01 2.2953685935122061e-02 2.2953012829410382e-02 6.7310571167863986e-07 1.1476788162428482e-02 1.1476506414705191e-02 2.8174772329081499e-07 1.1476897772693579e-02 1.1476506414705191e-02 3.9135798838782487e-07
250 4.8730468750000000e-01 2.2963502038505956e-02 2.2962828888028336e-02 6.7315047761959401e-07 1.1481696224651203e-02 1.1481414444014168e-02 2.8178063703546141e-07 1.1481805813854752e-02 1.1481414444014168e-02 3.9136984058413260e-07
251 4.8925781250000000e-01 2.2971917511653131e-02 2.2971244322803348e-02 6.7318884978267990e-07 1.1485903970253685e-02 1.1485622161401674e-02 2.8180885201095629e-07 1.1486013541399446e-02 1.1485622161401674e-02 3.9137999777172361e-07
252 4.9121093750000000e-01 2.2978931583680574e-02 2.2978258362852957e-02 6.7322082761625546e-07 1.1489411013788996e-02 1.1489129181426479e-02 2.8183236251699828e-07 1.1489520569891578e-02 1.1489129181426479e-02 3.9138846509925718e-07
253 4.9316406250000000e-01 2.2984543612185458e-02 2.2983870365775108e-02 6.7324641035010346e-07 1.1492217034058304e-02 1.1491935182887554e-02 2.8185117074974730e-07 1.1492326578127154e-02 1.1491935182887554e-02 3.9139523960035616e-07
254 4.9511718750000000e-01 2.2988753083245994e-02 2.2988079817648159e-02 6.7326559783503770e-07 1.1494321774102539e-02 1.1494039908824080e-02 2.8186527845953935e-07 1.1494431309143455e-02 1.1494039908824080e-02 3.9140031937549835e-07
255 4.9707031250000000e-01 2.2991559611420572e-02 2.2990886333030876e-02 6.7327838969635789e-07 1.1495725041201742e-02 1.1495443166515438e-02 2.8187468630383461e-07 1.1495834570218830e-02 1.1495443166515438e-02 3.9140370339252328e-07
256 4.9902343750000000e-01 2.2992962939748226e-02 2.2992289654962441e-02 6.7328478578487783e-07 1.1496426706867732e-02 1.1496144827481221e-02 2.8187938651107192e-07 1.1496536232880494e-02 1.1496144827481221e-02 3.9140539927380591e-07
257 5.0097656250000000e-01 2.2992962939748080e-02 2.2992289654962441e-02 6.7328478563916105e-07 1.1496426706867732e-02 1.1496144827481221e-02 2.8187938651107192e-07 1.1496536232880349e-02 1.1496144827481221e-02 3.9140539912808914e-07
258 5.0292968750000000e-01 2.2991559611420510e-02 2.2990886333030876e-02 6.7327838963390785e-07 1.1495725041201742e-02 1.1495443166515438e-02 2.8187468630383461e-07 1.1495834570218768e-02 1.1495443166515438e-02 3.9140370333007324e-07
259 5.0488281250000000e-01 2.2988753083245952e-02 2.2988079817648159e-02 6.7326559779340434e-07 1.1494321774102539e-02 1.1494039908824080e-02 2.8186527845953935e-07 1.1494431309143413e-02 1.1494039908824080e-02 3.9140031933386499e-07
260 5.0683593750000000e-01 2.2984543612185507e-02 2.2983870365775108e-02 6.7324641039867572e-07 1.1492217034058304e-02 1.1491935182887554e-02 2.8185117074974730e-07 1.1492326578127203e-02 1.1491935182887554e-02 3.9139523964892842e-07
261 5.0878906250000000e-01 2.2978931583680480e-02 2.2978258362852957e-02 6.7322082752258039e-07 1.1489411013788996e-02 1.1489129181426479e-02 2.8183236251699828e-07 1.1489520569891484e-02 1.1489129181426479e-02 3.9138846500558211e-07
262 5.1074218750000000e-01 2.2971917511653141e-02 2.2971244322803348e-02 6.7318884979308824e-07 1.1485903970253685e-02 1.1485622161401674e-02 2.8180885201095629e-07 1.1486013541399456e-02 1.1485622161401674e-02 3.9137999778213195e-07
263 5.1269531250000000e-01 2.2963502038505997e-02 2.2962828888028336e-02 6.7315047766122738e-07 1.1481696224650567e-02 1.1481414444014168e-02 2.8178063639881790e-07 1.1481805813855430e-02 1.1481414444014168e-02 3.9136984126240948e-07
264 5.1464843750000000e-01 2.2953685935122176e-02 2.2953012829410382e-02 6.7310571179313161e-07 1.1476788162428482e-02 1.1476506414705191e-02 2.8174772329081499e-07 1.1476897772693694e-02 1.1476506414705191e-02 3.9135798850231662e-07
265 5.1660156250000000e-01 2.2942470100864937e-02 2.2941797046312360e-02 6.7305455257737901e-07 1.1471180233262034e-02 1.1470898523156180e-02 2.8171010585387180e-07 1.1471289867602904e-02 1.1470898523156180e-02 3.9134444672350721e-07
266 5.1855468750000000e-01 2.2929855563578707e-02 2.2929182566577555e-02 6.7299700115194816e-07 1.1464872951075556e-02 1.1464591283288778e-02 2.8166778677854443e-07 1.1464982612503151e-02 1.1464591283288778e-02 3.9132921437340373e-07
267 5.2050781250000000e-01 2.2915843479588027e-02 2.2915170546529667e-02 6.7293305835991468e-07 1.1457866894030139e-02 1.1457585273264834e-02 2.8162076530502400e-07 1.1457976585557889e-02 1.1457585273264834e-02 3.9131229305489068e-07
268 5.2246093750000000e-01 2.2900435133698094e-02 2.2899762270972797e-02 6.7286272529762381e-07 1.1450162704525906e-02 1.1449881135486398e-02 2.8156903950776746e-07 1.1450272429172188e-02 1.1449881135486398e-02 3.9129368578985635e-07
269 5.2441406250000000e-01 2.2883631939194290e-02 2.2882959153191461e-02 6.7278600282896783e-07 1.1441761089209539e-02 1.1441479576595730e-02 2.8151261380858494e-07 1.1441870849984751e-02 1.1441479576595730e-02 3.9127338902038289e-07
270 5.2636718750000000e-01 2.2865435437843001e-02 2.2864762734950590e-02 6.7270289241111447e-07 1.1432662818961626e-02 1.1432381367475295e-02 2.8145148633050565e-07 1.1432772618881376e-02 1.1432381367475295e-02 3.9125140608060882e-07
271 5.2832031250000000e-01 2.2845847299890816e-02 2.2845174686495519e-02 6.7261339529653408e-07 1.1422868728907557e-02 1.1422587343247760e-02 2.8138565979704544e-07 1.1422978570983259e-02 1.1422587343247760e-02 3.9122773549948864e-07
272 5.3027343750000000e-01 2.2824869324064963e-02 2.2824196806552000e-02 6.7251751296321105e-07 1.1412379718406128e-02 1.1412098403276000e-02 2.8131513012813469e-07 1.1412489605658835e-02 1.1412098403276000e-02 3.9120238283507636e-07
273 5.3222656250000000e-01 2.2802503437572827e-02 2.2801831022326191e-02 6.7241524663586016e-07 1.1401196751064669e-02 1.1400915511163096e-02 2.8123990157384593e-07 1.1401306686508158e-02 1.1400915511163096e-02 3.9117534506201423e-07
274 5.3417968750000000e-01 2.2778751696102904e-02 2.2778079389504661e-02 6.7230659824349392e-07 1.1389320854722246e-02 1.1389039694752330e-02 2.8115996991533165e-07 1.1389430841380659e-02 1.1389039694752330e-02 3.9114662832816227e-07
275 5.3613281250000000e-01 2.2753616283823861e-02 2.2752944092254389e-02 6.7219156947226355e-07 1.1376753121463027e-02 1.1376472046127194e-02 2.8107533583260347e-07 1.1376863162360834e-02 1.1376472046127194e-02 3.9111623363966008e-07
276 5.3808593750000000e-01 2.2727099513384932e-02 2.2726427443222768e-02 6.7207016216444537e-07 1.1363494707614047e-02 1.1363213721611384e-02 2.8098600266326934e-07 1.1363604805770885e-02 1.1363213721611384e-02 3.9108415950117603e-07
277 5.4003906250000000e-01 2.2699203825915650e-02 2.2698531883537602e-02 6.7194237804782397e-07 1.1349546833737416e-02 1.1349265941768801e-02 2.8089196861535992e-07 1.1349656992178233e-02 1.1349265941768801e-02 3.9105040943246405e-07
278 5.4199218750000000e-01 2.2669931791026467e-02 2.2669259982807097e-02 6.7180821937060098e-07 1.1334910784639605e-02 1.1334629991403548e-02 2.8079323605677275e-07 1.1335021006386862e-02 1.1334629991403548e-02 3.9101498331382822e-07
279 5.4394531250000000e-01 2.2639286106808085e-02 2.2638614439119881e-02 6.7166768820403622e-07 1.1319587909361599e-02 1.1319307219559940e-02 2.8068980165857349e-07 1.1319698197446486e-02 1.1319307219559940e-02 3.9097788654546273e-07
280 5.4589843750000000e-01 2.2607269599831833e-02 2.2606598079044984e-02 6.7152078684837302e-07 1.1303579621189542e-02 1.1303299039522492e-02 2.8058166704966747e-07 1.1303689978642291e-02 1.1303299039522492e-02 3.9093911979870555e-07
281 5.4785156250000000e-01 2.2573885225149175e-02 2.2573213857631853e-02 6.7136751732282951e-07 1.1286887397651163e-02 1.1286606928815926e-02 2.8046883523633048e-07 1.1286997827498013e-02 1.1286606928815926e-02 3.9089868208649903e-07
282 5.4980468750000000e-01 2.2539136066292709e-02 2.2538464858410344e-02 6.7120788236479934e-07 1.1269512780507826e-02 1.1269232429205172e-02 2.8035130265370578e-07 1.1269623285784883e-02 1.1269232429205172e-02 3.9085657971109355e-07
283 5.5175781250000000e-01 2.2503025335275161e-02 2.2502354293390717e-02 6.7104188444452872e-07 1.1251457375765267e-02 1.1251177146695358e-02 2.8022906990894658e-07 1.1251567959509894e-02 1.1251177146695358e-02 3.9081281453558214e-07
284 5.5371093750000000e-01 2.2465556372589908e-02 2.2464885503063650e-02 6.7086952625777796e-07 1.1232722853674642e-02 1.1232442751531825e-02 2.8010214281684598e-07 1.1232833518915266e-02 1.1232442751531825e-02 3.9076738344093198e-07
285 5.5566406250000000e-01 2.2426732647210543e-02 2.2426061956400234e-02 6.7069081030948774e-07 1.1213310948711126e-02 1.1213030978200117e-02 2.7997051100896175e-07 1.1213421698499417e-02 1.1213030978200117e-02 3.9072029930052599e-07
286 5.5761718750000000e-01 2.2386557756591621e-02 2.2385887250851961e-02 6.7050573965971028e-07 1.1193223459610798e-02 1.1192943625425980e-02 2.7983418481730693e-07 1.1193334296980823e-02 1.1192943625425980e-02 3.9067155484240335e-07
287 5.5957031250000000e-01 2.2345035426667940e-02 2.2344365112350738e-02 6.7031431720196433e-07 1.1172462249333397e-02 1.1172182556175369e-02 2.7969315802810202e-07 1.1172573177334543e-02 1.1172182556175369e-02 3.9062115917386231e-07
288 5.6152343750000000e-01 2.2302169511854909e-02 2.2301499395308889e-02 6.7011654602058823e-07 1.1151029245090311e-02 1.1150749697654444e-02 2.7954743586633413e-07 1.1151140266764599e-02 1.1150749697654444e-02 3.9056911015425411e-07
289 5.6347656250000000e-01 2.2257963995048115e-02 2.2257294082619138e-02 6.6991242897787573e-07 1.1128926438324884e-02 1.1128647041309569e-02 2.7939701531531913e-07 1.1129037556723231e-02 1.1128647041309569e-02 3.9051541366255660e-07
290 5.6542968750000000e-01 2.2212422987624231e-02 2.2211753285654626e-02 6.6970196960572381e-07 1.1106155884726158e-02 1.1105876642827313e-02 2.7924189884530326e-07 1.1106267102898073e-02 1.1105876642827313e-02 3.9046007076042055e-07
291 5.6738281250000000e-01 2.2165550729440056e-02 2.2164881244268901e-02 6.6948517115500428e-07 1.1082719704219906e-02 1.1082440622134451e-02 2.7908208545535107e-07 1.1082831025220150e-02 1.1082440622134451e-02 3.9040308569965321e-07
292 5.6933593750000000e-01 2.2117351588833073e-02 2.2116682326795929e-02 6.6926203714373633e-07 1.1058620080972466e-02 1.1058341163397965e-02 2.7891757450188015e-07 1.1058731507860606e-02 1.1058341163397965e-02 3.9034446264185618e-07
293 5.7128906250000000e-01 2.2067830062620974e-02 2.2067161030050079e-02 6.6903257089565016e-07 1.1033859263395389e-02 1.1033580515025039e-02 2.7874837034945477e-07 1.1033970799225586e-02 1.1033580515025039e-02 3.9028420054619539e-07
294 5.7324218750000000e-01 2.2016990776102384e-02 2.2016321979326132e-02 6.6879677625142353e-07 1.1008439564131011e-02 1.1008160989663066e-02 2.7857446794482543e-07 1.1008551211971373e-02 1.1008160989663066e-02 3.9022230830659810e-07
295 5.7519531250000000e-01 2.1964838483056196e-02 2.1964169928399283e-02 6.6855465691295635e-07 1.0982363360069795e-02 1.0982084964199642e-02 2.7839587015375533e-07 1.0982475122986401e-02 1.0982084964199642e-02 3.9015878675920102e-07
296 5.7714843750000000e-01 2.1911378065741886e-02 2.1910709759525134e-02 6.6830621675215141e-07 1.0955633092340917e-02 1.0955354879762567e-02 2.7821257835014546e-07 1.0955744973400969e-02 1.0955354879762567e-02 3.9009363840200595e-07
297 5.7910156250000000e-01 2.1856614534899184e-02 2.1855946483439696e-02 6.6805145948825584e-07 1.0928251266309820e-02 1.0927973241719848e-02 2.7802458997180923e-07 1.0928363268589364e-02 1.0927973241719848e-02 3.9002686951644661e-07
298 5.8105468750000000e-01 2.1800553029748784e-02 2.1799885239359398e-02 6.6779038938521995e-07 1.0900220451591822e-02 1.0899942619679699e-02 2.7783191212243930e-07 1.0900332578156962e-02 1.0899942619679699e-02 3.8995847726278066e-07
299 5.8300781250000000e-01 2.1743198817991617e-02 2.1742531294981070e-02 6.6752301054739949e-07 1.0871543282026237e-02 1.0871265647490535e-02 2.7763453570167629e-07 1.0871655535965381e-02 1.0871265647490535e-02 3.8988847484572320e-07
300 5.8496093750000000e-01 2.1684557295809242e-02 2.1683890046481965e-02 6.6724932727690867e-07 1.0842222455711131e-02 1.0841945023240982e-02 2.7743247014815064e-07 1.0842334840098111e-02 1.0841945023240982e-02 3.8981685712875802e-07
301 5.8691406250000000e-01 2.1624633987863427e-02 2.1623967018519732e-02 6.6696934369545047e-07 1.0812260734970821e-02 1.0811983509259866e-02 2.7722571095505077e-07 1.0812373252892606e-02 1.0811983509259866e-02 3.8974363274039969e-07
302 5.8886718750000000e-01 2.1563434547296919e-02 2.1562767864232443e-02 6.6668306447636994e-07 1.0781660946372926e-02 1.0781383932116221e-02 2.7701425670510760e-07 1.0781773600923993e-02 1.0781383932116221e-02 3.8966880777126234e-07
303 5.9082031250000000e-01 2.1500964755732654e-02 2.1500298365238573e-02 6.6639049408137585e-07 1.0750425980731350e-02 1.0750149182619287e-02 2.7679811206299254e-07 1.0750538775001305e-02 1.0750149182619287e-02 3.8959238201838331e-07
304 5.9277343750000000e-01 2.1437230523274255e-02 2.1436564431637013e-02 6.6609163724279385e-07 1.0718558793096748e-02 1.0718282215818506e-02 2.7657727824127731e-07 1.0718671730177508e-02 1.0718282215818506e-02 3.8951435900151654e-07
305 5.9472656250000000e-01 2.1372237888505431e-02 2.1371572102007057e-02 6.6578649837376047e-07 1.0686062402753020e-02 1.0685786051003529e-02 2.7635174949108832e-07 1.0686175485752411e-02 1.0685786051003529e-02 3.8943474888267215e-07
306 5.9667968750000000e-01 2.1305993018491055e-02 2.1305327543408418e-02 6.6547508263681276e-07 1.0652939893238253e-02 1.0652663771704209e-02 2.7612153404368844e-07 1.0653053125252802e-02 1.0652663771704209e-02 3.8935354859312432e-07
307 5.9863281250000000e-01 2.1238502208776100e-02 2.1237837051381218e-02 6.6515739488223757e-07 1.0619194412316084e-02 1.0618918525690609e-02 2.7588662547539666e-07 1.0619307796460016e-02 1.0618918525690609e-02 3.8927076940684091e-07
308 6.0058593750000000e-01 2.1169771883386205e-02 2.1169107049945981e-02 6.6483344022399971e-07 1.0584829172003036e-02 1.0584553524972990e-02 2.7564703004509528e-07 1.0584942711383169e-02 1.0584553524972990e-02 3.8918641017890443e-07
309 6.0253906250000000e-01 2.1099808594827237e-02 2.1099144091603652e-02 6.6450322358524438e-07 1.0549847448547528e-02 1.0549572045801826e-02 2.7540274570234113e-07 1.0549961146279709e-02 1.0549572045801826e-02 3.8910047788290325e-07
310 6.0449218750000000e-01 2.1028619024085982e-02 2.1027954857335582e-02 6.6416675039912554e-07 1.0514252582437133e-02 1.0513977428667791e-02 2.7515376934197922e-07 1.0514366441648848e-02 1.0513977428667791e-02 3.8901298105714632e-07
311 6.0644531250000000e-01 2.0956209980629480e-02 2.0955546156603538e-02 6.6382402594267198e-07 1.0478047978411349e-02 1.0477773078301769e-02 2.7490010958038102e-07 1.0478162002218131e-02 1.0477773078301769e-02 3.8892391636229096e-07
312 6.0839843750000000e-01 2.0882588402405401e-02 2.0881924927349686e-02 6.6347505571495713e-07 1.0441237105438017e-02 1.0440962463674843e-02 2.7464176317361366e-07 1.0441351296967384e-02 1.0440962463674843e-02 3.8883329254134347e-07
313 6.1035156250000000e-01 2.0807761355841604e-02 2.0807098235996618e-02 6.6311984498607091e-07 1.0403823496728319e-02 1.0403549117998309e-02 2.7437873001065483e-07 1.0403937859113284e-02 1.0403549117998309e-02 3.8874111497541608e-07
314 6.1230468750000000e-01 2.0731736035846961e-02 2.0731073277447318e-02 6.6275839964366479e-07 1.0365810749732156e-02 1.0365536638723659e-02 2.7411100849729364e-07 1.0365925286114805e-02 1.0365536638723659e-02 3.8864739114637115e-07
315 6.1425781250000000e-01 2.0654519765810574e-02 2.0653857375085197e-02 6.6239072537763177e-07 1.0327202526144958e-02 1.0326928687542598e-02 2.7383860235971613e-07 1.0327317239665616e-02 1.0326928687542598e-02 3.8855212301791564e-07
316 6.1621093750000000e-01 2.0576119997602126e-02 2.0575457980774071e-02 6.6201682805480666e-07 1.0288002551896103e-02 1.0287728990387036e-02 2.7356150906696075e-07 1.0288117445706024e-02 1.0287728990387036e-02 3.8845531898784591e-07
317 6.1816406250000000e-01 2.0496544311571576e-02 2.0495882674858166e-02 6.6163671341018526e-07 1.0248214617165153e-02 1.0247941337429083e-02 2.7327973606966482e-07 1.0248329694406423e-02 1.0247941337429083e-02 3.8835697734052044e-07
318 6.2011718750000000e-01 2.0415800416549786e-02 2.0415139166162118e-02 6.6125038766795541e-07 1.0207842576358518e-02 1.0207569583081059e-02 2.7299327745936020e-07 1.0207957840191267e-02 1.0207569583081059e-02 3.8825711020859521e-07
319 6.2207031250000000e-01 2.0333896149847885e-02 2.0333235291990971e-02 6.6085785691352705e-07 1.0166890348132538e-02 1.0166617645995486e-02 2.7270213705243851e-07 1.0167005801715347e-02 1.0166617645995486e-02 3.8815571986108854e-07
320 6.2402343750000000e-01 2.0250839477257594e-02 2.0250179018130188e-02 6.6045912740578250e-07 1.0125361915378916e-02 1.0125089509065094e-02 2.7240631382194347e-07 1.0125477561878678e-02 1.0125089509065094e-02 3.8805281358383903e-07
321 6.2597656250000000e-01 2.0166638493050764e-02 2.0165978438845635e-02 6.6005420512951773e-07 1.0083261325230772e-02 1.0082989219422817e-02 2.7210580795522521e-07 1.0083377167819992e-02 1.0082989219422817e-02 3.8794839717429253e-07
322 6.2792968750000000e-01 2.0081301419980421e-02 2.0080641776883592e-02 6.5964309682933764e-07 1.0040592689064265e-02 1.0040320888441796e-02 2.7180062246896786e-07 1.0040708730916156e-02 1.0040320888441796e-02 3.8784247436036978e-07
323 6.2988281250000000e-01 1.9994836609279740e-02 1.9994177383470747e-02 6.5922580899310801e-07 9.9973601824942405e-03 9.9970886917353733e-03 2.7149075886717666e-07 9.9974764267854992e-03 9.9970886917353733e-03 3.8773505012593135e-07
324 6.3183593750000000e-01 1.9907252540662473e-02 1.9906593738314205e-02 6.5880234826828921e-07 9.9535680453710796e-03 9.9532968691571026e-03 2.7117621397704239e-07 9.9536844952913938e-03 9.9532968691571026e-03 3.8762613429124682e-07
325 6.3378906250000000e-01 1.9818557822322627e-02 1.9817899449601471e-02 6.5837272115662482e-07 9.9092205817890959e-03 9.9089497248007353e-03 2.7085698836061545e-07 9.9093372405335313e-03 9.9089497248007353e-03 3.8751573279600937e-07
326 6.3574218750000000e-01 1.9728761190935154e-02 1.9728103254000470e-02 6.5793693468374492e-07 9.8643221600862915e-03 9.8640516270002351e-03 2.7053308605633208e-07 9.8644390308488625e-03 9.8640516270002351e-03 3.8740384862741284e-07
327 6.3769531250000000e-01 1.9637871511655212e-02 1.9637214016659538e-02 6.5749499567405167e-07 9.8188772128378083e-03 9.8186070083297692e-03 2.7020450803910689e-07 9.8189942988174041e-03 9.8186070083297692e-03 3.8729048763494478e-07
328 6.3964843750000000e-01 1.9545897778118614e-02 1.9545240731207409e-02 6.5704691120521685e-07 9.7728902368553472e-03 9.7726203656037045e-03 2.6987125164266990e-07 9.7730075412632671e-03 9.7726203656037045e-03 3.8717565956254696e-07
329 6.4160156250000000e-01 1.9452849112441332e-02 1.9452192519753244e-02 6.5659268808776483e-07 9.7263657931994010e-03 9.7260962598766220e-03 2.6953332277895869e-07 9.7264833192419308e-03 9.7260962598766220e-03 3.8705936530880614e-07
330 6.4355468750000000e-01 1.9358734765220407e-02 1.9358078632886605e-02 6.5613233380182323e-07 9.6793085071614979e-03 9.6790393164433025e-03 2.6919071819536677e-07 9.6794262580589090e-03 9.6790393164433025e-03 3.8694161560645646e-07
331 6.4550781250000000e-01 1.9263564115533042e-02 1.9262908449677464e-02 6.5566585557771950e-07 9.6317230682759145e-03 9.6314542248387321e-03 2.6884343718239223e-07 9.6318410472571274e-03 9.6314542248387321e-03 3.8682241839532727e-07
332 6.4746093750000000e-01 1.9167346670937061e-02 1.9166691477676207e-02 6.5519326085394791e-07 9.5836142303210668e-03 9.5833457388381036e-03 2.6849148296315128e-07 9.5837324406159944e-03 9.5833457388381036e-03 3.8670177789079663e-07
333 6.4941406250000000e-01 1.9070092067470536e-02 1.9069437352913634e-02 6.5471455690246927e-07 9.5349868113155951e-03 9.5347186764568170e-03 2.6813485877810739e-07 9.5351052561549413e-03 9.5347186764568170e-03 3.8657969812436188e-07
334 6.5136718750000000e-01 1.8971810069652473e-02 1.8971155839900951e-02 6.5422975152260032e-07 9.4858456935130332e-03 9.4855779199504754e-03 2.6777356255773543e-07 9.4859643761394403e-03 9.4855779199504754e-03 3.8645618896486489e-07
335 6.5332031250000000e-01 1.8872510570482105e-02 1.8871856831629768e-02 6.5373885233671603e-07 9.4361958234087766e-03 9.4359284158148839e-03 2.6740759389264068e-07 9.4363147470733280e-03 9.4359284158148839e-03 3.8633125844407534e-07
336 6.5527343750000000e-01 1.8772203591439291e-02 1.8771550349572123e-02 6.5324186716841925e-07 9.3860422117432746e-03 9.3857751747860613e-03 2.6703695721330689e-07 9.3861613796960165e-03 9.3857751747860613e-03 3.8620490995511236e-07
337 6.5722656250000000e-01 1.8670899282483947e-02 1.8670246543680446e-02 6.5273880350130709e-07 9.3353899334926004e-03 9.3351232718402229e-03 2.6666165237748674e-07 9.3355093489913468e-03 9.3351232718402229e-03 3.8607715112382035e-07
338 6.5917968750000000e-01 1.8568607922057265e-02 1.8567955692387589e-02 6.5222966967592999e-07 9.2842441278722446e-03 9.2839778461937944e-03 2.6628167845016426e-07 9.2843637941850202e-03 9.2839778461937944e-03 3.8594799122576573e-07
339 6.6113281250000000e-01 1.8465339917080506e-02 1.8464688202606813e-02 6.5171447369283264e-07 9.2326099983393948e-03 9.2323441013034066e-03 2.6589703598818570e-07 9.2327299187411112e-03 9.2323441013034066e-03 3.8581743770464694e-07
340 6.6308593750000000e-01 1.8361105802955548e-02 1.8360454609731784e-02 6.5119322376419597e-07 9.1804928125933660e-03 9.1802273048658921e-03 2.6550772747394036e-07 9.1806129903621823e-03 9.1802273048658921e-03 3.8568549629025561e-07
341 6.6503906250000000e-01 1.8255916243564523e-02 1.8255265577636591e-02 6.5066592793219802e-07 9.1278979025743185e-03 9.1276327888182955e-03 2.6511375602299159e-07 9.1280183409902047e-03 9.1276327888182955e-03 3.8555217190920643e-07
342 6.6699218750000000e-01 1.8149782031270455e-02 1.8149131898675716e-02 6.5013259473861718e-07 9.0748306644565131e-03 9.0745659493378580e-03 2.6471511865508446e-07 9.0749513668139416e-03 9.0745659493378580e-03 3.8541747608353272e-07
343 6.6894531250000000e-01 1.8042714086916642e-02 1.8042064493684069e-02 6.4959323257257617e-07 9.0212965586607043e-03 9.0210322468420347e-03 2.6431181866966302e-07 9.0214175282559376e-03 9.0210322468420347e-03 3.8528141390291315e-07
344 6.7089843750000000e-01 1.7934723459826950e-02 1.7934074411976957e-02 6.4904784999320064e-07 8.9673011098448455e-03 8.9670372059884786e-03 2.6390385636683444e-07 8.9674223499821050e-03 8.9670372059884786e-03 3.8514399362636620e-07
345 6.7285156250000000e-01 1.7825821327805545e-02 1.7825172831350107e-02 6.4849645543818557e-07 8.9128499069064827e-03 8.9125864156750535e-03 2.6349123142914432e-07 8.9129714208990626e-03 8.9125864156750535e-03 3.8500522400904125e-07
346 6.7480468750000000e-01 1.7716018997137494e-02 1.7715371058079649e-02 6.4793905784482630e-07 8.8579486029884639e-03 8.8576855290398247e-03 2.6307394863922529e-07 8.8580703941490303e-03 8.8576855290398247e-03 3.8486510920560102e-07
347 6.7675781250000000e-01 1.7605327902588092e-02 1.7604680526922132e-02 6.4737566595959861e-07 8.8026029154645996e-03 8.8023402634610660e-03 2.6265200353363383e-07 8.8027249871234919e-03 8.8023402634610660e-03 3.8472366242596479e-07
348 6.7871093750000000e-01 1.7493759607403268e-02 1.7493112801114506e-02 6.4680628876143120e-07 8.7468186259578948e-03 8.7465564005572531e-03 2.6222540064173294e-07 8.7469409814453728e-03 8.7465564005572531e-03 3.8458088811969826e-07
349 6.8066406250000000e-01 1.7381325803309207e-02 1.7380679572374141e-02 6.4623093506618878e-07 8.6906015803291815e-03 8.6903397861870704e-03 2.6179414211111030e-07 8.6907242229800254e-03 8.6903397861870704e-03 3.8443679295507849e-07
350 6.8261718750000000e-01 1.7268038310512965e-02 1.7267392660898811e-02 6.4564961415464195e-07 8.6339576886761953e-03 8.6336963304494054e-03 2.6135822678990950e-07 8.6340806218367702e-03 8.6336963304494054e-03 3.8429138736473245e-07
351 6.8457031250000000e-01 1.7153909077701864e-02 1.7153264015366706e-02 6.4506233515837508e-07 8.5768929253403677e-03 8.5766320076833529e-03 2.6091765701480307e-07 8.5770161523614965e-03 8.5766320076833529e-03 3.8414467814357200e-07
352 6.8652343750000000e-01 1.7038950182043863e-02 1.7038305712936422e-02 6.4446910744142549e-07 8.5194133289003948e-03 8.5191528564682109e-03 2.6047243218384197e-07 8.5195368531434685e-03 8.5191528564682109e-03 3.8399667525758352e-07
353 6.8847656250000000e-01 1.6923173829187028e-02 1.6922529959246965e-02 6.4386994006251919e-07 8.4615250021788119e-03 8.4612649796234826e-03 2.6002255532932284e-07 8.4616488270082158e-03 8.4612649796234826e-03 3.8384738473319635e-07
354 6.9042968750000000e-01 1.6806592353260562e-02 1.6805949088417756e-02 6.4326484280549656e-07 8.4032341122348558e-03 8.4029745442088782e-03 2.5956802597766615e-07 8.4033582410257060e-03 8.4029745442088782e-03 3.8369681682783041e-07
355 6.9238281250000000e-01 1.6689218216873785e-02 1.6688575563048622e-02 6.4265382516276448e-07 8.3445468903714827e-03 8.3442877815243111e-03 2.5910884717157689e-07 8.3446713265023023e-03 8.3442877815243111e-03 3.8354497799118759e-07
356 6.9433593750000000e-01 1.6571064011116653e-02 1.6570421974219807e-02 6.4203689684530496e-07 8.2854696321287679e-03 8.2852109871099037e-03 2.5864501886421754e-07 8.2855943789878848e-03 8.2852109871099037e-03 3.8339187798108743e-07
357 6.9628906250000000e-01 1.6452142455559395e-02 1.6451501041491959e-02 6.4141406743573048e-07 8.2260086972856077e-03 8.2257505207459797e-03 2.5817653962791065e-07 8.2261337582737876e-03 8.2257505207459797e-03 3.8323752780781983e-07
358 6.9824218750000000e-01 1.6332466398253070e-02 1.6331825612906140e-02 6.4078534692951772e-07 8.1661705098706548e-03 8.1659128064530701e-03 2.5770341758463156e-07 8.1662958883824150e-03 8.1659128064530701e-03 3.8308192934488616e-07
359 7.0019531250000000e-01 1.6212048815729026e-02 1.6211408664983822e-02 6.4015074520418214e-07 8.1059615581394722e-03 8.1057043324919108e-03 2.5722564756143484e-07 8.1060872575895535e-03 8.1057043324919108e-03 3.8292509764274729e-07
360 7.0214843750000000e-01 1.6090902812999231e-02 1.6090263302726886e-02 6.3951027234540603e-07 8.0453883945964307e-03 8.0451316513634429e-03 2.5674323298786883e-07 8.0455144184028004e-03 8.0451316513634429e-03 3.8276703935753720e-07
361 7.0410156250000000e-01 1.5969041623555925e-02 1.5968402759617625e-02 6.3886393830009380e-07 7.9844576359831502e-03 7.9842013798088127e-03 2.5625617433751302e-07 7.9845839875727753e-03 7.9842013798088127e-03 3.8260776396258078e-07
362 7.0605468750000000e-01 1.5846478609372189e-02 1.5845840397618747e-02 6.3821175344189185e-07 7.9231759632862452e-03 7.9229201988093734e-03 2.5576447687178372e-07 7.9233026460859435e-03 7.9229201988093734e-03 3.8244727657010813e-07
363 7.0800781250000000e-01 1.5723227260901380e-02 1.5722589707173360e-02 6.3755372801954646e-07 7.8615501217198219e-03 7.8612948535866801e-03 2.5526813314177832e-07 7.8616771391815578e-03 7.8612948535866801e-03 3.8228559487776814e-07
364 7.0996093750000000e-01 1.5599301197077475e-02 1.5598664307204996e-02 6.3688987247956241e-07 7.7995869207573799e-03 7.7993321536024979e-03 2.5476715488203378e-07 7.7997142763200954e-03 7.7993321536024979e-03 3.8212271759752864e-07
365 7.1191406250000000e-01 1.5474714165314710e-02 1.5474077945117584e-02 6.3622019712619715e-07 7.7372932340962373e-03 7.7370389725587921e-03 2.5426153744522589e-07 7.7374209312184731e-03 7.7370389725587921e-03 3.8195865968097126e-07
366 7.1386718750000000e-01 1.5349480041508200e-02 1.5348844496795473e-02 6.3554471272687929e-07 7.6746759996787354e-03 7.6744222483977366e-03 2.5375128099875549e-07 7.6748040418294647e-03 7.6744222483977366e-03 3.8179343172812380e-07
367 7.1582031250000000e-01 1.5223612830033274e-02 1.5222977966603421e-02 6.3486342985301369e-07 7.6117422196941469e-03 7.6114889833017105e-03 2.5323639243641366e-07 7.6118706103391271e-03 7.6114889833017105e-03 3.8162703741660003e-07
368 7.1777343750000000e-01 1.5097126663745934e-02 1.5096492487386592e-02 6.3417635934141792e-07 7.5484989605610741e-03 7.5482462436932962e-03 2.5271686777787739e-07 7.5486277031848598e-03 7.5482462436932962e-03 3.8145949156354053e-07
369 7.1972656250000000e-01 1.4970035803982347e-02 1.4969402320470566e-02 6.3348351178084406e-07 7.4849533529440133e-03 7.4847011602352832e-03 2.5219270873011457e-07 7.4850824510383340e-03 7.4847011602352832e-03 3.8129080305072949e-07
370 7.2167968750000000e-01 1.4842354640559675e-02 1.4841721855661332e-02 6.3278489834291130e-07 7.4211125917493124e-03 7.4208609278306661e-03 2.5166391864634569e-07 7.4212420488103626e-03 7.4208609278306661e-03 3.8112097969656561e-07
371 7.2363281250000000e-01 1.4714097691775290e-02 1.4713465611245291e-02 6.3208052999974562e-07 7.3569839361225468e-03 7.3567328056226454e-03 2.5113049990140718e-07 7.3571137556527437e-03 7.3567328056226454e-03 3.8095003009833844e-07
372 7.2558593750000000e-01 1.4585279604407161e-02 1.4584648233989247e-02 6.3137041791429260e-07 7.2925747094474223e-03 7.2923241169946234e-03 2.5059245279887565e-07 7.2927048949597388e-03 7.2923241169946234e-03 3.8077796511541695e-07
373 7.2753906250000000e-01 1.4455915153713564e-02 1.4455284499140426e-02 6.3065457313847550e-07 7.2278922993487520e-03 7.2276422495702129e-03 2.5004977853917976e-07 7.2280228543648121e-03 7.2276422495702129e-03 3.8060479459929575e-07
374 7.2949218750000000e-01 1.4326019243433567e-02 1.4325389310426456e-02 6.2993300711106093e-07 7.1629441576911918e-03 7.1626946552132281e-03 2.4950247796366037e-07 7.1630750857423755e-03 7.1626946552132281e-03 3.8043052914740055e-07
375 7.3144531250000000e-01 1.4195606905786536e-02 1.4194977700055381e-02 6.2920573115458900e-07 7.0977378005830259e-03 7.0974888500276905e-03 2.4895055533540045e-07 7.0978691052035097e-03 7.0974888500276905e-03 3.8025517581918855e-07
376 7.3339843750000000e-01 1.4064693301472446e-02 1.4064064828715651e-02 6.2847275679456249e-07 7.0322808083651094e-03 7.0320324143578255e-03 2.4839400728383226e-07 7.0324124931073363e-03 7.0320324143578255e-03 3.8007874951073023e-07
377 7.3535156250000000e-01 1.3933293719671539e-02 1.3932665985576130e-02 6.2773409540903269e-07 6.9665808256268794e-03 6.9663329927880649e-03 2.4783283881450041e-07 6.9667128940446594e-03 6.9663329927880649e-03 3.7990125659453228e-07
378 7.3730468750000000e-01 1.3801423578044904e-02 1.3800796588286091e-02 6.2698975881320118e-07 6.9006455611939849e-03 6.9003982941430453e-03 2.4726705093961604e-07 6.9007780168509189e-03 6.9003982941430453e-03 3.7972270787358514e-07
379 7.3925781250000000e-01 1.3669098422733927e-02 1.3668472182975218e-02 6.2623975870951254e-07 6.8344827881315975e-03 6.8342360914876088e-03 2.4669664398877661e-07 6.8346156346023295e-03 6.8342360914876088e-03 3.7954311472073593e-07
380 7.4121093750000000e-01 1.3536333928360546e-02 1.3535708444253607e-02 6.2548410693918921e-07 6.7681003437485331e-03 6.7678542221268033e-03 2.4612162172980151e-07 6.7682335846120127e-03 6.7678542221268033e-03 3.7936248520938770e-07
381 7.4316406250000000e-01 1.3403145898027045e-02 1.3402521175211762e-02 6.2472281528273832e-07 6.7015061295889536e-03 6.7012605876058812e-03 2.4554198307241704e-07 6.7016397684380915e-03 6.7012605876058812e-03 3.7918083221032128e-07
382 7.4511718750000000e-01 1.3269550263316479e-02 1.3268926307420600e-02 6.2395589587975475e-07 6.6347081114434348e-03 6.6344631537102999e-03 2.4495773313492480e-07 6.6348421518730447e-03 6.6344631537102999e-03 3.7899816274482995e-07
383 7.4707031250000000e-01 1.3135563084292206e-02 1.3134939900931446e-02 6.2318336076054581e-07 6.5677143193371944e-03 6.5674699504657229e-03 2.4436887147150088e-07 6.5678487649550119e-03 6.5674699504657229e-03 3.7881448928904493e-07
384 7.4902343750000000e-01 1.3001200549498167e-02 1.3000578144276038e-02 6.2240522212889116e-07 6.5005328475372303e-03 6.5002890721380189e-03 2.4377539921145025e-07 6.5006677019609363e-03 6.5002890721380189e-03 3.7862982291744091e-07
385 7.5097656250000000e-01 1.2866478975958585e-02 1.2865857354466525e-02 6.2162149206020090e-07 6.4331718545523045e-03 6.4329286772332626e-03 2.4317731904185957e-07 6.4333071214062809e-03 6.4329286772332626e-03 3.7844417301834132e-07
386 7.5292968750000000e-01 1.2731414809178542e-02 1.2730793976995464e-02 6.2083218307744381e-07 6.3656395631296646e-03 6.3653969884977322e-03 2.4257463193243928e-07 6.3657752460488772e-03 6.3653969884977322e-03 3.7825755114500453e-07
387 7.5488281250000000e-01 1.2596024623143414e-02 1.2595404585835824e-02 6.2003730759083164e-07 6.2979442602572027e-03 6.2977022929179118e-03 2.4196733929091746e-07 6.2980803628862117e-03 6.2977022929179118e-03 3.7806996829991418e-07
388 7.5683593750000000e-01 1.2460325120319117e-02 1.2459705883440985e-02 6.1923687813200678e-07 6.2300942971636941e-03 6.2298529417204925e-03 2.4135544320156438e-07 6.2302308231554230e-03 6.2298529417204925e-03 3.7788143493044241e-07
389 7.5878906250000000e-01 1.2324333131651904e-02 1.2323714700744738e-02 6.1843090716669213e-07 6.1620980893192286e-03 6.1618573503723689e-03 2.4073894685974068e-07 6.1622350423326758e-03 6.1618573503723689e-03 3.7769196030695146e-07
390 7.6074218750000000e-01 1.2188065616568810e-02 1.2187447997161281e-02 6.1761940752837197e-07 6.0939641164306961e-03 6.0937239985806406e-03 2.4011785005554481e-07 6.0941015001381134e-03 6.0937239985806406e-03 3.7750155747282715e-07
391 7.6269531250000000e-01 1.2051539662977171e-02 1.2050922860585230e-02 6.1680239194124298e-07 6.0257009224485613e-03 6.0254614302926151e-03 2.3949215594617351e-07 6.0258387405286102e-03 6.0254614302926151e-03 3.7731023599506947e-07
392 7.6464843750000000e-01 1.1914772487264897e-02 1.1914156507391603e-02 6.1597987329430059e-07 5.9573171155618363e-03 5.9570782536958015e-03 2.3886186603476467e-07 5.9574553717030611e-03 5.9570782536958015e-03 3.7711800725953593e-07
393 7.6660156250000000e-01 1.1777781434300198e-02 1.1777166282435836e-02 6.1515186436204849e-07 5.8888213681984099e-03 5.8885831412179178e-03 2.3822698049218854e-07 5.8889600661017876e-03 5.8885831412179178e-03 3.7692488386985995e-07
394 7.6855468750000000e-01 1.1640583977432103e-02 1.1639969659053768e-02 6.1431837833532399e-07 5.8202224170313824e-03 5.8199848295268841e-03 2.3758750449832944e-07 5.8203615604007211e-03 5.8199848295268841e-03 3.7673087383699455e-07
395 7.7050781250000000e-01 1.1503197718489943e-02 1.1502584239061657e-02 6.1347942828526847e-07 5.7515290629669103e-03 5.7512921195308287e-03 2.3694343608167412e-07 5.7516686555230323e-03 5.7512921195308287e-03 3.7653599220359435e-07
396 7.7246093750000000e-01 1.1365640387783604e-02 1.1365027752756166e-02 6.1263502743741372e-07 5.6827501711565909e-03 5.6825138763780831e-03 2.3629477850783953e-07 5.6828902166270127e-03 5.6825138763780831e-03 3.7634024892957418e-07
397 7.7441406250000000e-01 1.1227929844103333e-02 1.1227318058914368e-02 6.1178518896524980e-07 5.6138946709940792e-03 5.6136590294571841e-03 2.3564153689512729e-07 5.6140351731092542e-03 5.6136590294571841e-03 3.7614365207012251e-07
398 7.7636718750000000e-01 1.1090084074720074e-02 1.1089473144793754e-02 6.1092992631982257e-07 5.5449715561067892e-03 5.5447365723968771e-03 2.3498370991213713e-07 5.5451125186132847e-03 5.5447365723968771e-03 3.7594621640768544e-07
399 7.7832031250000000e-01 1.0952121195385146e-02 1.0951511126132215e-02 6.1006925293136116e-07 5.4759898843636376e-03 5.4757555630661073e-03 2.3432129753024611e-07 5.4761313110215084e-03 5.4757555630661073e-03 3.7574795540111505e-07
400 7.8027343750000000e-01 1.0814059450330406e-02 1.0813450247148061e-02 6.0920318234458648e-07 5.4069587778795645e-03 5.4067251235740306e-03 2.3365430553388966e-07 5.4071006724508413e-03 5.4067251235740306e-03 3.7554887681069682e-07
401 7.8222656250000000e-01 1.0675917212268016e-02 1.0675308880540009e-02 6.0833172800707491e-07 5.3378874230063681e-03 5.3376544402700043e-03 2.3298273636382372e-07 5.3380297892616476e-03 5.3376544402700043e-03 3.7534899164325120e-07
402 7.8417968750000000e-01 1.0537712982390970e-02 1.0537105527487186e-02 6.0745490378447120e-07 5.2687850703319813e-03 5.2685527637435928e-03 2.3230658838854085e-07 5.2689279120589887e-03 5.2685527637435928e-03 3.7514831539593035e-07
403 7.8613281250000000e-01 1.0399465390372543e-02 1.0398858817649133e-02 6.0657272341058110e-07 5.1996610346903716e-03 5.1994294088245664e-03 2.3162586580520450e-07 5.1998043556821718e-03 5.1994294088245664e-03 3.7494685760537660e-07
404 7.8808593750000000e-01 1.0261193194366566e-02 1.0260587509165796e-02 6.0568520077013133e-07 5.1305246951538061e-03 5.1302937545828981e-03 2.3094057090798648e-07 5.1306684992127602e-03 5.1302937545828981e-03 3.7474462986214485e-07
405 7.9003906250000000e-01 1.0122915281007226e-02 1.0122310488657539e-02 6.0479234968713325e-07 5.0613854950335652e-03 5.0611552443287694e-03 2.3025070479583409e-07 5.0615297859736607e-03 5.0611552443287694e-03 3.7454164489129915e-07
406 7.9199218750000000e-01 9.9846506654094197e-03 9.9840467712251305e-03 6.0389418428917485e-07 4.9922529418830915e-03 4.9920233856125653e-03 2.2955627052619748e-07 4.9923977235263282e-03 4.9920233856125653e-03 3.7433791376297737e-07
407 7.9394531250000000e-01 9.8464184911684124e-03 9.8458155004497519e-03 6.0299071866047604e-07 4.9231366074953212e-03 4.9229077502248760e-03 2.2885727044529014e-07 4.9232818836730911e-03 4.9229077502248760e-03 3.7413344821518590e-07
408 7.9589843750000000e-01 9.7082380303599933e-03 9.7076359483929953e-03 6.0208196699801375e-07 4.8540461279018288e-03 4.8538179741964976e-03 2.2815370533113555e-07 4.8541919024581645e-03 4.8538179741964976e-03 3.7392826166687820e-07
409 7.9785156250000000e-01 9.5701286835402685e-03 9.5695275155968634e-03 6.0116794340508983e-07 4.7849912033771039e-03 4.7847637577984317e-03 2.2744557867226262e-07 4.7851374801631645e-03 4.7847637577984317e-03 3.7372236473282722e-07
410 7.9980468750000000e-01 9.4321099797461498e-03 9.4315097310837693e-03 6.0024866238052310e-07 4.7159815984335555e-03 4.7157548655418846e-03 2.2673289167083471e-07 4.7161283813125943e-03 4.7157548655418846e-03 3.7351577070968839e-07
411 8.0175781250000000e-01 9.2942015764948607e-03 9.2936022523565365e-03 5.9932413832425313e-07 4.6470271418240505e-03 4.6468011261782682e-03 2.2601564578228484e-07 4.6471744346708102e-03 4.6468011261782682e-03 3.7330849254196830e-07
412 8.0371093750000000e-01 9.1564232597841581e-03 9.1558248653983987e-03 5.9839438575938486e-07 4.5781377265450085e-03 4.5779124326991993e-03 2.2529384580919493e-07 4.5782855332391495e-03 4.5779124326991993e-03 3.7310053995018994e-07
413 8.0566406250000000e-01 9.0187949440921761e-03 9.0181974846730000e-03 5.9745941917606349e-07 4.5093233098285421e-03 4.5090987423365000e-03 2.2456749204213117e-07 4.5094716342636339e-03 4.5090987423365000e-03 3.7289192713393232e-07
414 8.0761718750000000e-01 8.8813366723777144e-03 8.8807401531244001e-03 5.9651925331423439e-07 4.4405939131510370e-03 4.4403700765622001e-03 2.2383658883698421e-07 4.4407427592266773e-03 4.4403700765622001e-03 3.7268266447725018e-07
415 8.0957031250000000e-01 8.7440686160799516e-03 8.7434730421770603e-03 5.9557390289129153e-07 4.3719596222245661e-03 4.3717365210885302e-03 2.2310113603589421e-07 4.3721089938553856e-03 4.3717365210885302e-03 3.7247276685539732e-07
416 8.1152343750000000e-01 8.6070110751186087e-03 8.6064164517358609e-03 5.9462338274779425e-07 4.3034305870046008e-03 4.3032082258679305e-03 2.2236113667029045e-07 4.3035804881140080e-03 4.3032082258679305e-03 3.7226224607750380e-07
417 8.1347656250000000e-01 8.4701844778937215e-03 8.4695908101860857e-03 5.9366770763583099e-07 4.2350170216861353e-03 4.2347954050930428e-03 2.2161659309245796e-07 4.2351674562075862e-03 4.2347954050930428e-03 3.7205111454337303e-07
418 8.1542968750000000e-01 8.3336093812861074e-03 8.3330166743934373e-03 5.9270689267004739e-07 4.1667292047055104e-03 4.1665083371967187e-03 2.2086750879179301e-07 4.1668801765805969e-03 4.1665083371967187e-03 3.7183938387825438e-07
419 8.1738281250000000e-01 8.1973064706569072e-03 8.1967147297040202e-03 5.9174095288702655e-07 4.0985774787372226e-03 4.0983573648520101e-03 2.2011388521245290e-07 4.0987289919196847e-03 4.0983573648520101e-03 3.7162706767457365e-07
420 8.1933593750000000e-01 8.0612965598477818e-03 8.0607057899443561e-03 5.9076990342570024e-07 4.0305722506979386e-03 4.0303528949721780e-03 2.1935572576056717e-07 4.0307243091498432e-03 4.0303528949721780e-03 3.7141417766513307e-07
421 8.2128906250000000e-01 7.9256005911807967e-03 7.9250107974213734e-03 5.8979375942326551e-07 3.9627239917412746e-03 3.9625053987106867e-03 2.1859303058792412e-07 3.9628765994395221e-03 3.9625053987106867e-03 3.7120072883534139e-07
422 8.2324218750000000e-01 7.7902396354586493e-03 7.7896508229224138e-03 5.8881253623549457e-07 3.8950432372656411e-03 3.8948254114612069e-03 2.1782580443422198e-07 3.8951963981930082e-03 3.8948254114612069e-03 3.7098673180127259e-07
423 8.2519531250000000e-01 7.6552348919644228e-03 7.6546470657152272e-03 5.8782624919560822e-07 3.8275405869070377e-03 3.8273235328576136e-03 2.1705404942406331e-07 3.8276943050573851e-03 3.8273235328576136e-03 3.7077219977154491e-07
424 8.2714843750000000e-01 7.5206076884617376e-03 7.5200208535479759e-03 5.8683491376172736e-07 3.7602267045413981e-03 3.7600104267739879e-03 2.1627776741013280e-07 3.7603809839203395e-03 3.7600104267739879e-03 3.7055714635159456e-07
425 8.2910156250000000e-01 7.3863794811945688e-03 7.3857936426492323e-03 5.8583854533646174e-07 3.6931123182859646e-03 3.6928968213246162e-03 2.1549696134839924e-07 3.6932671629086042e-03 3.6928968213246162e-03 3.7034158398806249e-07
426 8.3105468750000000e-01 7.2525718548875889e-03 7.2519870177279785e-03 5.8483715961038518e-07 3.6262082204978935e-03 3.6259935088639892e-03 2.1471163390426526e-07 3.6263636343896954e-03 3.6259935088639892e-03 3.7012552570611992e-07
427 8.3300781250000000e-01 7.1192065227458435e-03 7.1186226919736093e-03 5.8383077223417290e-07 3.5595252677744714e-03 3.5593113459868046e-03 2.1392178766680564e-07 3.5596812549713720e-03 3.5593113459868046e-03 3.6990898456736726e-07
428 8.3496093750000000e-01 6.9863053264548960e-03 6.9857225070559274e-03 5.8281939896865503e-07 3.4930743809519979e-03 3.4928612535279637e-03 2.1312742403420751e-07 3.4932309455028981e-03 3.4928612535279637e-03 3.6969197493444753e-07
429 8.3691406250000000e-01 6.8538902361806927e-03 6.8533084331251484e-03 5.8180305554430406e-07 3.4268665451107939e-03 3.4266542165625742e-03 2.1232854821974859e-07 3.4270236910698988e-03 3.4266542165625742e-03 3.6947450732455547e-07
430 8.3886718750000000e-01 6.7219833505698231e-03 6.7214025688118973e-03 5.8078175792578013e-07 3.3609128095674133e-03 3.3607012844059487e-03 2.1152516146462352e-07 3.3610705410024098e-03 3.3607012844059487e-03 3.6925659646115661e-07
431 8.4082031250000000e-01 6.5906068967492579e-03 6.5900271412272097e-03 5.7975552204825309e-07 3.2952242878794002e-03 3.2950135706136048e-03 2.1071726579542302e-07 3.2953826088698577e-03 3.2950135706136048e-03 3.6903825625283007e-07
432 8.4277343750000000e-01 6.4597832303265063e-03 6.4592045059625337e-03 5.7872436397266025e-07 3.2298121578463283e-03 3.2296022529812668e-03 2.0990486506149847e-07 3.2299710724801780e-03 3.2296022529812668e-03 3.6881949891116178e-07
433 8.4472656250000000e-01 6.3295348353894334e-03 6.3289571470897246e-03 5.7768829970876456e-07 3.1646876615072515e-03 3.1644785735448623e-03 2.0908796238925526e-07 3.1648471738821818e-03 3.1644785735448623e-03 3.6860033731950931e-07
434 8.4667968750000000e-01 6.1998843245065841e-03 6.1993076771610514e-03 5.7664734553260905e-07 3.0998621051395300e-03 3.0996538385805257e-03 2.0826655900427551e-07 3.1000222193670541e-03 3.0996538385805257e-03 3.6838078652833353e-07
435 8.4863281250000000e-01 6.0708544387268826e-03 6.0702788372091919e-03 5.7560151769074641e-07 3.0353468592634689e-03 3.0351394186045959e-03 2.0744065887300447e-07 3.0355075794634137e-03 3.0351394186045959e-03 3.6816085881774194e-07
436 8.5058593750000000e-01 5.9424680475797537e-03 5.9418934967472355e-03 5.7455083251820027e-07 2.9711533586373674e-03 2.9709467483736178e-03 2.0661026374968125e-07 2.9713146889423863e-03 2.9709467483736178e-03 3.6794056876851902e-07
437 8.5253906250000000e-01 5.8147481490750334e-03 5.8141746537686816e-03 5.7349530635172896e-07 2.9072931022624785e-03 2.9070873268843408e-03 2.0577537813764799e-07 2.9074550468125549e-03 2.9070873268843408e-03 3.6771992821408098e-07
438 8.5449218750000000e-01 5.6877178697031690e-03 5.6871454347474405e-03 5.7243495572845138e-07 2.8437776533784260e-03 2.8435727173737203e-03 2.0493600470577675e-07 2.8439402163247429e-03 2.8435727173737203e-03 3.6749895102267463e-07
439 8.5644531250000000e-01 5.5614004644350063e-03 5.5608290946378338e-03 5.7136979717247599e-07 2.7806186394634556e-03 2.7804145473189169e-03 2.0409214453870339e-07 2.7807818249715507e-03 2.7804145473189169e-03 3.6727765263377260e-07
440 8.5839843750000000e-01 5.4358193167219132e-03 5.4352490168745916e-03 5.7029984732153566e-07 2.7178277522398146e-03 2.7176245084372958e-03 2.0324380251880714e-07 2.7179915644820985e-03 2.7176245084372958e-03 3.6705604480272852e-07
441 8.6035156250000000e-01 5.3109979384956246e-03 5.3104287133728563e-03 5.6922512276826043e-07 2.6554167476666394e-03 2.6552143566864281e-03 2.0239098021124224e-07 2.6555811908289852e-03 2.6552143566864281e-03 3.6683414255701818e-07
442 8.6230468750000000e-01 5.1869599701685450e-03 5.1863918245281812e-03 5.6814564036375415e-07 2.5933974459466571e-03 2.5931959122640906e-03 2.0153368256647583e-07 2.5935625242218879e-03 2.5931959122640906e-03 3.6661195779727832e-07
443 8.6425781250000000e-01 5.0637291806334373e-03 5.0631621192165294e-03 5.6706141690794631e-07 2.5317817315199786e-03 2.5315810596082647e-03 2.0067191171388096e-07 2.5319474491134588e-03 2.5315810596082647e-03 3.6638950519406535e-07
444 8.6621093750000000e-01 4.9413294672635954e-03 4.9407634947942749e-03 5.6597246932046236e-07 2.4705815530665191e-03 2.4703817473971375e-03 1.9980566938167590e-07 2.4707479141970762e-03 2.4703817473971375e-03 3.6616679993878645e-07
445 8.6816406250000000e-01 4.8197848559127128e-03 4.8192199770982014e-03 5.6487881451138672e-07 2.4098089235090659e-03 2.4096099885491007e-03 1.9893495996521626e-07 2.4099759324036469e-03 2.4096099885491007e-03 3.6594385454617046e-07
446 8.7011718750000000e-01 4.6991195009150766e-03 4.6985557204455054e-03 5.6378046957121508e-07 2.3494759200101871e-03 2.3492778602227527e-03 1.9805978743441671e-07 2.3496435809048895e-03 2.3492778602227527e-03 3.6572068213679837e-07
447 8.7207031250000000e-01 4.5793576850853800e-03 4.5787950076337913e-03 5.6267745158870841e-07 2.2895946839699378e-03 2.2893975038168956e-03 1.9718015304218128e-07 2.2897630011154422e-03 2.2893975038168956e-03 3.6549729854652713e-07
448 8.7402343750000000e-01 4.4605238197188207e-03 4.4599622499410770e-03 5.6156977774370065e-07 2.2301774210318637e-03 2.2299811249705385e-03 1.9629606132524555e-07 2.2303463986869570e-03 2.2299811249705385e-03 3.6527371641845510e-07
449 8.7597656250000000e-01 4.3426424445910270e-03 4.3420819871257885e-03 5.6045746523857715e-07 2.1712364010775596e-03 2.1710409935628942e-03 1.9540751466538483e-07 2.1714060435134674e-03 2.1710409935628942e-03 3.6504995057319231e-07
450 8.7792968750000000e-01 4.2257382279581885e-03 4.2251788874267627e-03 5.5934053142577683e-07 2.1127839582303193e-03 2.1125894437133814e-03 1.9451451693797139e-07 2.1129542697278692e-03 2.1125894437133814e-03 3.6482601448780544e-07
451 8.7988281250000000e-01 4.1098359665569274e-03 4.1092777475632489e-03 5.5821899367855532e-07 2.0548324908525803e-03 2.0546388737816244e-03 1.9361707095585934e-07 2.0550034757043471e-03 2.0546388737816244e-03 3.6460192272269598e-07
452 8.8183593750000000e-01 3.9949605856043581e-03 3.9944034927349064e-03 5.5709286945170022e-07 1.9973944615478750e-03 1.9972017463674532e-03 1.9271518042181593e-07 1.9975661240564831e-03 1.9972017463674532e-03 3.6437768902988429e-07
453 8.8378906250000000e-01 3.8811371387980215e-03 3.8805811766218028e-03 5.5596217621864744e-07 1.9404823971588391e-03 1.9402905883109014e-03 1.9180884793770954e-07 1.9406547416391823e-03 1.9402905883109014e-03 3.6415332828093790e-07
454 8.8574218750000000e-01 3.7683908083160226e-03 3.7678359813844197e-03 5.5482693160288643e-07 1.8841088887711923e-03 1.8839179906922098e-03 1.9089807898244743e-07 1.8842819195448303e-03 1.8839179906922098e-03 3.6392885262043900e-07
455 8.8769531250000000e-01 3.6567469048168853e-03 3.6561932176636469e-03 5.5368715323831502e-07 1.8282865917058999e-03 1.8280966088318235e-03 1.8998287407644664e-07 1.8284603131109853e-03 1.8280966088318235e-03 3.6370427916186839e-07
456 8.8964843750000000e-01 3.5462308674396336e-03 3.5456783245807863e-03 5.5254285884730192e-07 1.7730282255290319e-03 1.7728391622903932e-03 1.8906323863876646e-07 1.7732026419106017e-03 1.7728391622903932e-03 3.6347962020853546e-07
457 8.9160156250000000e-01 3.4368682638037155e-03 3.4363168697375498e-03 5.5139406616565995e-07 1.7183465740440410e-03 1.7181584348687749e-03 1.8813917526607112e-07 1.7185216897596745e-03 1.7181584348687749e-03 3.6325489089958883e-07
458 8.9355468750000000e-01 3.3286847900091368e-03 3.3281345492160593e-03 5.5024079307752077e-07 1.6642544852960026e-03 1.6640672746080297e-03 1.8721068797294439e-07 1.6644303047131342e-03 1.6640672746080297e-03 3.6303010510457638e-07
459 8.9550781250000000e-01 3.2217062706363301e-03 3.2211571875788480e-03 5.4908305748219491e-07 1.6107648715693601e-03 1.6105785937894240e-03 1.8627777993609866e-07 1.6109413990669701e-03 1.6105785937894240e-03 3.6280527754609625e-07
460 8.9746093750000000e-01 3.1159586587462228e-03 3.1154107378688601e-03 5.4792087736269326e-07 1.5578907093891962e-03 1.5577053689344300e-03 1.8534045476614400e-07 1.5580679493570266e-03 1.5577053689344300e-03 3.6258042259654927e-07
461 8.9941406250000000e-01 3.0114680358801723e-03 3.0109212816094495e-03 5.4675427072284344e-07 1.5056450395211692e-03 1.5054606408047247e-03 1.8439871644448762e-07 1.5058229963590031e-03 1.5054606408047247e-03 3.6235555427835582e-07
462 9.0136718750000000e-01 2.9082606120600786e-03 2.9077150288043811e-03 5.4558325569744465e-07 1.4540409669696617e-03 1.4538575144021906e-03 1.8345256747108289e-07 1.4542196450904169e-03 1.4538575144021906e-03 3.6213068822636175e-07
463 9.0332031250000000e-01 2.8063627257882717e-03 2.8058183179378309e-03 5.4440785044081175e-07 1.4030916609815390e-03 1.4029091589689154e-03 1.8250201262357511e-07 1.4032710648067327e-03 1.4029091589689154e-03 3.6190583781723663e-07
464 9.0527343750000000e-01 2.7058008440475740e-03 2.7052576159743848e-03 5.4322807318922528e-07 1.3528103550427793e-03 1.3526288079871924e-03 1.8154705558695063e-07 1.3529904890047947e-03 1.3526288079871924e-03 3.6168101760227465e-07
465 9.0722656250000000e-01 2.6066015623012382e-03 2.6060595183590393e-03 5.4204394219891511e-07 1.3032103468788591e-03 1.3030297591795196e-03 1.8058769933951280e-07 1.3033912154223790e-03 1.3030297591795196e-03 3.6145624285940231e-07
466 9.0917968750000000e-01 2.5087916044930609e-03 2.5082507490172025e-03 5.4085547585838376e-07 1.2543049984567866e-03 1.2541253745086012e-03 1.7962394818532741e-07 1.2544866060362743e-03 1.2541253745086012e-03 3.6123152767305634e-07
467 9.1113281250000000e-01 2.4123978230472711e-03 2.4118581603546916e-03 5.3966269257955252e-07 1.2061077359831556e-03 1.2059290801773458e-03 1.7865580580981449e-07 1.2062900870641155e-03 1.2059290801773458e-03 3.6100688676973802e-07
468 9.1308593750000000e-01 2.3174471988685811e-03 2.3169087332577357e-03 5.3846561084546635e-07 1.1586320499049714e-03 1.1584543666288678e-03 1.7768327610352512e-07 1.1588151489636098e-03 1.1584543666288678e-03 3.6078233474194123e-07
469 9.1503906250000000e-01 2.2239668413421431e-03 2.2234295770929740e-03 5.3726424916909418e-07 1.1118914949091636e-03 1.1117147885464870e-03 1.7670636267663568e-07 1.1120753464329794e-03 1.1117147885464870e-03 3.6055788649245850e-07
470 9.1699218750000000e-01 2.1319839883336342e-03 2.1314479297074563e-03 5.3605862617789671e-07 1.0658996899229039e-03 1.0657239648537281e-03 1.7572506917575177e-07 1.0660842984107303e-03 1.0657239648537281e-03 3.6033355700214494e-07
471 9.1894531250000000e-01 2.0415260061891695e-03 2.0409911574286429e-03 5.3484876052665650e-07 1.0206703181144035e-03 1.0204955787143214e-03 1.7473940008209780e-07 1.0208556880747660e-03 1.0204955787143214e-03 3.6010936044455870e-07
472 9.2089843750000000e-01 1.9526203897353457e-03 1.9520867550644049e-03 5.3363467094084613e-07 9.7621712689144834e-04 9.7604337753220245e-04 1.7374935924589253e-07 9.7640326284389740e-04 9.7604337753220245e-04 3.5988531169495359e-07
473 9.2285156250000000e-01 1.8652947622791957e-03 1.8647623459030242e-03 5.3241637617152532e-07 9.3255392790196525e-04 9.3238117295151208e-04 1.7275495045316995e-07 9.3274083437723044e-04 9.3238117295151208e-04 3.5966142571835537e-07
474 9.2480468750000000e-01 1.7795768756082855e-03 1.7790456817131928e-03 5.3119389509270233e-07 8.8969459703447482e-04 8.8952284085659639e-04 1.7175617787843368e-07 8.8988227857381065e-04 8.8952284085659639e-04 3.5943771721426866e-07
475 9.2675781250000000e-01 1.6954946099906102e-03 1.6949646427440138e-03 5.2996724659638318e-07 8.4765307441723211e-04 8.4748232137200690e-04 1.7075304522520991e-07 8.4784153557337808e-04 8.4748232137200690e-04 3.5921420137117327e-07
476 9.2871093750000000e-01 1.6130759741746503e-03 1.6125472377250009e-03 5.2873644964938384e-07 8.0644336441974818e-04 8.0627361886250045e-04 1.6974555724772519e-07 8.0663260975490211e-04 8.0627361886250045e-04 3.5899089240165865e-07
477 9.3066406250000000e-01 1.5323491053893313e-03 1.5318216038660779e-03 5.2750152325343157e-07 7.6607953565046053e-04 7.6591080193303893e-04 1.6873371742160640e-07 7.6626956973887075e-04 7.6591080193303893e-04 3.5876780583182517e-07
478 9.3261718750000000e-01 1.4533422693440781e-03 1.4528160068575794e-03 5.2626248649872455e-07 7.2657572095912869e-04 7.2640800342878970e-04 1.6771753033899186e-07 7.2676654838494943e-04 7.2640800342878970e-04 3.5854495615973269e-07
479 9.3457031250000000e-01 1.3760838602287653e-03 1.3755588408702513e-03 5.2501935851405855e-07 6.8794611743503917e-04 6.8777942043512564e-04 1.6669699991352614e-07 6.8813774279372617e-04 6.8777942043512564e-04 3.5832235860053241e-07
480 9.3652343750000000e-01 1.3006024007137453e-03 1.3000786285552489e-03 5.2377215849631724e-07 6.5020498640794690e-04 6.5003931427762447e-04 1.6567213032242338e-07 6.5039741430579837e-04 6.5003931427762447e-04 3.5810002817389386e-07
481 9.3847656250000000e-01 1.2269265419498150e-03 1.2264040210441395e-03 5.2252090567556086e-07 6.1336665344814104e-04 6.1320201052206974e-04 1.6464292607130254e-07 6.1355988850167399e-04 6.1320201052206974e-04 3.5787797960425832e-07
482 9.4042968750000000e-01 1.1550850635682734e-03 1.1545637979488998e-03 5.2126561937357319e-07 5.7744550836588357e-04 5.7728189897444991e-04 1.6360939143365491e-07 5.7763955520238983e-04 5.7728189897444991e-04 3.5765622793991828e-07
483 9.4238281250000000e-01 1.0851068736808683e-03 1.0845868673619178e-03 5.2000631895051871e-07 5.4245600521154709e-04 5.4229343368095888e-04 1.6257153058821250e-07 5.4265086846932119e-04 5.4229343368095888e-04 3.5743478836230622e-07
484 9.4433593750000000e-01 1.0170210088798161e-03 1.0165022658559916e-03 5.1874302382445836e-07 5.0841266227610979e-04 5.0825113292799580e-04 1.6152934811399476e-07 5.0860834660370626e-04 5.0825113292799580e-04 3.5721367571046360e-07
485 9.4628906250000000e-01 9.5085663423778938e-04 9.5033915848433072e-04 5.1747575345866426e-07 4.7533006209024917e-04 4.7516957924216536e-04 1.6048284808380716e-07 4.7552657214754022e-04 4.7516957924216536e-04 3.5699290537485710e-07
486 9.4824218750000000e-01 8.8664304330794588e-04 8.8612683878055445e-04 5.1620452739143535e-07 4.4322285142563833e-04 4.4306341939027722e-04 1.5943203536110959e-07 4.4342019188230755e-04 4.4306341939027722e-04 3.5677249203032576e-07
487 9.5019531250000000e-01 8.2440965812389665e-04 8.2389472875869319e-04 5.1492936520346286e-07 4.1210574129338655e-04 4.1194736437934659e-04 1.5837691403995787e-07 4.1230391683051010e-04 4.1194736437934659e-04 3.5655245116350499e-07
488 9.5214843750000000e-01 7.6418602919972188e-04 7.6367237891318768e-04 5.1365028653420179e-07 3.8199350694559234e-04 3.8183618945659384e-04 1.5731748899850285e-07 3.8219252225412954e-04 3.8183618945659384e-04 3.5633279753569894e-07
489 9.5410156250000000e-01 7.0600183552995235e-04 7.0548946821888956e-04 5.1236731106278893e-07 3.5290098787385679e-04 3.5274473410944478e-04 1.5625376441200708e-07 3.5310084765609556e-04 3.5274473410944478e-04 3.5611354665078185e-07
490 9.5605468750000000e-01 6.4988688458960655e-04 6.4937580413106089e-04 5.1108045854566467e-07 3.2484308781072604e-04 3.2468790206553044e-04 1.5518574519559269e-07 3.2504379677888052e-04 3.2468790206553044e-04 3.5589471335007198e-07
491 9.5800781250000000e-01 5.9587111233415228e-04 5.9536132258537430e-04 5.0978974877797546e-07 2.9783477472843773e-04 2.9768066129268715e-04 1.5411343575057841e-07 2.9803633760571455e-04 2.9768066129268715e-04 3.5567631302739705e-07
492 9.5996093750000000e-01 5.4398458319952672e-04 5.4347608799791309e-04 5.0849520161363147e-07 2.7189108083973233e-04 2.7173804399895654e-04 1.5303684077578802e-07 2.7209350235979439e-04 2.7173804399895654e-04 3.5545836083784345e-07
493 9.6191406250000000e-01 4.9425749010211959e-04 4.9375029326517120e-04 5.0719683694839309e-07 2.4702710259767545e-04 2.4687514663258560e-04 1.5195596508984967e-07 2.4723038750444414e-04 2.4687514663258560e-04 3.5524087185854342e-07
494 9.6386718750000000e-01 4.4672015443879650e-04 4.4621425976405327e-04 5.0589467474323547e-07 2.2325800069528969e-04 2.2310712988202663e-04 1.5087081326305499e-07 2.2346215374350681e-04 2.2310712988202663e-04 3.5502386148018048e-07
495 9.6582031250000000e-01 4.0140302608687836e-04 4.0089843735187434e-04 5.0458873500401971e-07 2.0059900006619589e-04 2.0044921867593717e-04 1.4978139025871888e-07 2.0080402602068247e-04 2.0044921867593717e-04 3.5480734474530084e-07
496 9.6777343750000000e-01 3.5833668340414995e-04 3.5783340436636022e-04 5.0327903778973285e-07 1.7906538988393041e-04 1.7891670218318011e-04 1.4868770075029481e-07 1.7927129352021955e-04 1.7891670218318011e-04 3.5459133703943805e-07
497 9.6972656250000000e-01 3.1755183322885078e-04 3.1704986762564735e-04 5.0196560320343473e-07 1.5867252356242619e-04 1.5852493381282367e-04 1.4758974960251661e-07 1.5887930966642459e-04 1.5852493381282367e-04 3.5437585360091812e-07
498 9.7167968750000000e-01 2.7907931087969287e-04 2.7857866242828261e-04 5.0064845141025577e-07 1.3943581875592865e-04 1.3928933121414131e-04 1.4648754178734572e-07 1.3964349212376422e-04 1.3928933121414131e-04 3.5416090962291005e-07
499 9.7363281250000000e-01 2.4295008015584211e-04 2.4245075255322363e-04 4.9932760261847762e-07 1.2137075735875762e-04 1.2122537627661182e-04 1.4538108214579904e-07 1.2157932279708450e-04 1.2122537627661182e-04 3.5394652047267858e-07
500 9.7558593750000000e-01 2.0919523333692662e-04 2.0869723025983866e-04 4.9800307708796287e-07 1.0449288550562465e-04 1.0434861512991933e-04 1.4427037570532205e-07 1.0470234783130197e-04 1.0434861512991933e-04 3.5373270138264082e-07
501 9.7753906250000000e-01 1.7784599118303128e-04 1.7734931628790652e-04 4.9667489512476111e-07 8.8817813571399947e-05 8.8674658143953261e-05 1.4315542744668531e-07 8.9028177611631337e-05 8.8674658143953261e-05 3.5351946767807579e-07
502 9.7949218750000000e-01 1.4893370293470460e-04 1.4843835985761664e-04 4.9534307708796652e-07 7.4361216171216847e-05 7.4219179928808318e-05 1.4203624240852870e-07 7.4572486763487756e-05 7.4219179928808318e-05 3.5330683467943783e-07
503 9.8144531250000000e-01 1.2248984631295208e-04 1.2199583866956905e-04 4.9400764338302294e-07 6.1138832160473908e-05 6.0997919334784527e-05 1.4091282568938067e-07 6.1351014152478169e-05 6.0997919334784527e-05 3.5309481769364227e-07
504 9.8339843750000000e-01 9.8546027519238002e-05 9.8053358904774462e-05 4.9266861446353987e-07 4.9166464634806023e-05 4.9026679452387231e-05 1.3978518241879146e-07 4.9379562884431979e-05 4.9026679452387231e-05 3.5288343204474841e-07
505 9.8535156250000000e-01 7.7133981235483865e-05 7.6642655224654131e-05 4.9132601082973397e-07 3.8459980930062010e-05 3.8321327612327066e-05 1.3865331773494423e-07 3.8674000305421855e-05 3.8321327612327066e-05 3.5267269309478973e-07
506 9.8730468750000000e-01 5.8285570624071196e-05 5.7795590771039942e-05 4.8997985303125472e-07 2.9035312622397810e-05 2.8897795385519971e-05 1.3751723687783891e-07 2.9250258001673387e-05 2.8897795385519971e-05 3.5246261615341581e-07
507 9.8925781250000000e-01 4.2032787327837610e-05 4.1544157166174403e-05 4.8863016166320679e-07 2.0908455528155687e-05 2.0772078583087202e-05 1.3637694506848493e-07 2.1124331799681924e-05 2.0772078583087202e-05 3.5225321659472186e-07
508 9.9121093750000000e-01 2.8407751470078100e-05 2.7920474512710629e-05 4.8727695736747141e-07 1.4095469703951569e-05 1.3960237256355314e-05 1.3523244759625408e-07 1.4312281766126532e-05 1.3960237256355314e-05 3.5204450977121732e-07
509 9.9316406250000000e-01 1.7442711654543810e-05 1.6956791393712344e-05 4.8592026083146627e-07 8.6124794466368243e-06 8.4783956968561721e-06 1.3408374978065218e-07 8.8302322079069862e-06 8.4783956968561721e-06 3.5183651105081409e-07
510 9.9511718750000000e-01 9.1700449654426821e-06 8.6854848726538877e-06 4.8456009278879441e-07 4.4756732933239357e-06 4.3427424363269438e-06 1.3293085699699181e-07 4.6943716721187464e-06 4.3427424363269438e-06 3.5162923579180260e-07
511 9.9707031250000000e-01 3.6222569674381018e-06 3.1390604934202163e-06 4.8319647401788553e-07 1.7013040213565913e-06 1.5695302467101082e-06 1.3177377464648318e-07 1.9209529460815105e-06 1.5695302467101082e-06 3.5142269937140235e-07
512 9.9902343750000000e-01 8.3198170564893042e-07 3.5015228030689137e-07 4.8182942534203900e-07 3.0568864832917087e-07 1.7507614015344569e-07 1.3061250817572519e-07 5.2629305731975955e-07 1.7507614015344569e-07 3.5121691716631384e-07
