# P x phi_num phi_exact phi_err
1 2.4414062500000000e-04 5.9514458471815212e-08 5.9515998730995397e-08 -1.5402591801849107e-12
2 7.3242187500000000e-04 5.3510704699197618e-07 5.3512089877755567e-07 -1.3851785579494095e-11
3 1.2207031250000000e-03 1.4849561757702165e-06 1.4849946236551953e-06 -3.8447884978776194e-11
4 1.7089843750000000e-03 2.9076690111122069e-06 2.9077443115445783e-06 -7.5300432371338210e-11
5 2.1972656250000000e-03 4.8018540822018173e-06 4.8019784635048624e-06 -1.2438130304513550e-10
6 2.6855468750000000e-03 7.1661212811011183e-06 7.1663069434736962e-06 -1.8566237257791455e-10
7 3.1738281250000000e-03 9.9990818627503757e-06 9.9993409782672214e-06 -2.5911551684578923e-10
8 3.6621093750000000e-03 1.3299348444968055e-05 1.3299693157580075e-05 -3.4471261201964086e-10
9 4.1503906250000000e-03 1.7065535008450828e-05 1.7065977433985380e-05 -4.4242553455241273e-10
10 4.6386718750000000e-03 2.1296256896773532e-05 2.1296809122934768e-05 -5.5222616123586131e-10
11 5.1269531250000000e-03 2.5990130816389215e-05 2.5990804902758333e-05 -6.7408636911754703e-10
12 5.6152343750000000e-03 3.1145774836629104e-05 3.1146582814664683e-05 -8.0797803557876129e-10
13 6.1035156250000000e-03 3.6761808389702613e-05 3.6762762262740929e-05 -9.5387303831589174e-10
14 6.5917968750000000e-03 4.2836852270697315e-05 4.2837964013952646e-05 -1.1117432553302579e-09
15 7.0800781250000000e-03 4.9369528637578998e-05 4.9370810198143923e-05 -1.2815605649247231e-09
16 7.5683593750000000e-03 5.6358461011191588e-05 5.6359924308037343e-05 -1.4632968457545161e-09
17 8.0566406250000000e-03 6.3802274275257112e-05 6.3803931199233946e-05 -1.6569239768340080e-09
18 8.5449218750000000e-03 7.1699594676375830e-05 7.1701457090213319e-05 -1.8624138374892778e-09
19 9.0332031250000000e-03 8.0049049824026163e-05 8.0051129562333487e-05 -2.0797383073242314e-09
20 9.5214843750000000e-03 8.8849268690564673e-05 8.8851577559831036e-05 -2.3088692663629029e-09
21 1.0009765625000000e-02 9.8098881611226074e-05 9.8101431389820988e-05 -2.5497785949139297e-09
22 1.0498046875000000e-02 1.0779652028412315e-04 1.0779932272229683e-04 -2.8024381736789722e-09
23 1.0986328125000000e-02 1.1794081777024690e-04 1.1794388459013064e-04 -3.0668198837391619e-09
24 1.1474609375000000e-02 1.2853040849346645e-04 1.2853375138907291e-04 -3.3428956064602330e-09
25 1.1962890625000000e-02 1.3956392824052900e-04 1.3956755887775262e-04 -3.6306372236144958e-09
26 1.2451171875000000e-02 1.5104001416105996e-04 1.5104394417767730e-04 -3.9300166173401787e-09
27 1.2939453125000000e-02 1.6295730476756273e-04 1.6296154577323296e-04 -4.2410056702362961e-09
28 1.3427734375000000e-02 1.7531443993541900e-04 1.7531900351168406e-04 -4.5635762650644927e-09
29 1.3916015625000000e-02 1.8811006090288859e-04 1.8811495860317359e-04 -4.8977002849929889e-09
30 1.4404296875000000e-02 2.0134281027110935e-04 2.0134805362072300e-04 -5.2433496136507912e-09
31 1.4892578125000000e-02 2.1501133200409699e-04 2.1501693250023225e-04 -5.6004961352632172e-09
32 1.5380859375000000e-02 2.2911427142874546e-04 2.2912024054047982e-04 -5.9691117343537402e-09
33 1.5869140625000000e-02 2.4365027523482689e-04 2.4365662440312260e-04 -6.3491682957168838e-09
34 1.6357421875000000e-02 2.5861799147499135e-04 2.5862473211269615e-04 -6.7406377047976931e-09
35 1.6845703125000000e-02 2.7401606956476695e-04 2.7402321305661426e-04 -7.1434918473122638e-09
36 1.7333984375000000e-02 2.8984316028255993e-04 2.8985071798516944e-04 -7.5577026095187926e-09
37 1.7822265625000000e-02 3.0609791576965430e-04 3.0610589901153257e-04 -7.9832418782717872e-09
38 1.8310546875000000e-02 3.2277898953021213e-04 3.2278740961175315e-04 -8.4200815410220668e-09
39 1.8798828125000000e-02 3.3988503643127347e-04 3.3989390462475897e-04 -8.8681934854915011e-09
40 1.9287109375000000e-02 3.5741471270275653e-04 3.5742404025235647e-04 -9.3275495999440607e-09
41 1.9775390625000000e-02 3.7536667593745767e-04 3.7537647405923042e-04 -9.7981217727521365e-09
42 2.0263671875000000e-02 3.9373958509105090e-04 3.9374986497294444e-04 -1.0279881893534952e-08
43 2.0751953125000000e-02 4.1253210048208848e-04 4.1254287328394018e-04 -1.0772801851694890e-08
44 2.1240234375000000e-02 4.3174288379200062e-04 4.3175416064553812e-04 -1.1276853537501696e-08
45 2.1728515625000000e-02 4.5137059806509564e-04 4.5138239007393719e-04 -1.1792008841550374e-08
46 2.2216796875000000e-02 4.7141390770855980e-04 4.7142622594821456e-04 -1.2318239654761191e-08
47 2.2705078125000000e-02 4.9187147849245655e-04 4.9188433401032617e-04 -1.2855517869626507e-08
48 2.3193359375000000e-02 5.1274197754972773e-04 5.1275538136510621e-04 -1.3403815378476049e-08
49 2.3681640625000000e-02 5.3402407337619230e-04 5.3403803648026783e-04 -1.3963104075536900e-08
50 2.4169921875000000e-02 5.5571643583054683e-04 5.5573096918640208e-04 -1.4533355855252984e-08
51 2.4658203125000000e-02 5.7781773613436560e-04 5.7783285067697897e-04 -1.5114542613369267e-08
52 2.5146484375000000e-02 6.0032664687210068e-04 6.0034235350834642e-04 -1.5706636245739133e-08
53 2.5634765625000000e-02 6.2324184199108218e-04 6.2325815159973170e-04 -1.6309608649517013e-08
54 2.6123046875000000e-02 6.4656199680151799e-04 6.4657892023323984e-04 -1.6923431721857334e-08
55 2.6611328125000000e-02 6.7028578797649304e-04 6.7030333605385469e-04 -1.7548077361649247e-08
56 2.7099609375000000e-02 6.9441189355197040e-04 6.9443007706943840e-04 -1.8183517467998747e-08
57 2.7587890625000000e-02 7.1893899292679094e-04 7.1895782265073182e-04 -1.8829723940879187e-08
58 2.8076171875000000e-02 7.4386576686267288e-04 7.4388525353135434e-04 -1.9486668681456543e-08
59 2.8564453125000000e-02 7.6919089748421195e-04 7.6921105180780371e-04 -2.0154323591764153e-08
60 2.9052734375000000e-02 7.9491306827888164e-04 7.9493390093945601e-04 -2.0832660574377458e-08
61 2.9541015625000000e-02 8.2103096409703283e-04 8.2105248574856579e-04 -2.1521651532956099e-08
62 3.0029296875000000e-02 8.4754327115189345e-04 8.4756549242026677e-04 -2.2221268373328121e-08
63 3.0517578125000000e-02 8.7444867701957007e-04 8.7447160850257042e-04 -2.2931483000345788e-08
64 3.1005859375000000e-02 9.0174587063904601e-04 9.0176952290636693e-04 -2.3652267320921350e-08
65 3.1494140625000000e-02 9.2943354231218118e-04 9.2945792590542510e-04 -2.4383593243918616e-08
66 3.1982421875000000e-02 9.5751038370371416e-04 9.5753550913639193e-04 -2.5125432677767720e-08
67 3.2470703125000000e-02 9.8597508784126100e-04 9.8600096559879310e-04 -2.5877757532091414e-08
68 3.2958984375000000e-02 1.0148263491153151e-03 1.0148529896550332e-03 -2.6640539718030334e-08
69 3.3447265625000000e-02 1.0440628632792475e-03 1.0440902770303948e-03 -2.7413751147375640e-08
70 3.3935546875000000e-02 1.0736833274493057e-03 1.0737115248130387e-03 -2.8197363733002689e-08
71 3.4423828125000000e-02 1.1036864401046151e-03 1.1037154314540046e-03 -2.8991349389521567e-08
72 3.4912109375000000e-02 1.1340709010871784e-03 1.1341006967672111e-03 -2.9795680032626559e-08
73 3.5400390625000000e-02 1.1648354116018762e-03 1.1648660219294546e-03 -3.0610327578445631e-08
74 3.5888671875000000e-02 1.1959786742164642e-03 1.1960101094804104e-03 -3.1435263946142517e-08
75 3.6376953125000000e-02 1.2274993928615779e-03 1.2275316633226317e-03 -3.2270461053796745e-08
76 3.6865234375000000e-02 1.2593962728307281e-03 1.2594293887215507e-03 -3.3115890822523614e-08
77 3.7353515625000000e-02 1.2916680207803041e-03 1.2917019923054784e-03 -3.3971525174305781e-08
78 3.7841796875000000e-02 1.3243133447295708e-03 1.3243481820656038e-03 -3.4837336033077468e-08
79 3.8330078125000000e-02 1.3573309540606707e-03 1.3573666673559943e-03 -3.5713295323640259e-08
80 3.8818359375000000e-02 1.3907195595186221e-03 1.3907561588935961e-03 -3.6599374974048346e-08
81 3.9306640625000000e-02 1.4244778732113213e-03 1.4245153687582339e-03 -3.7495546912572758e-08
82 3.9794921875000000e-02 1.4586046086095420e-03 1.4586430103926105e-03 -3.8401783068568729e-08
83 4.0283203125000000e-02 1.4930984805469345e-03 1.4931377986023078e-03 -3.9318055373343055e-08
84 4.0771484375000000e-02 1.5279582052200270e-03 1.5279984495557854e-03 -4.0244335758419375e-08
85 4.1259765625000000e-02 1.5631825001882235e-03 1.5632236807843825e-03 -4.1180596159007613e-08
86 4.1748046875000000e-02 1.5987700843738055e-03 1.5988122111823160e-03 -4.2126808510534533e-08
87 4.2236328125000000e-02 1.6347196780619317e-03 1.6347627610066810e-03 -4.3082944749294264e-08
88 4.2724609375000000e-02 1.6710300029006378e-03 1.6710740518774516e-03 -4.4048976813749335e-08
89 4.3212890625000000e-02 1.7076997819008358e-03 1.7077448067774807e-03 -4.5024876644964365e-08
90 4.3701171875000000e-02 1.7447277394363162e-03 1.7447737500524991e-03 -4.6010616182919767e-08
91 4.4189453125000000e-02 1.7821126012437457e-03 1.7821596074111164e-03 -4.7006167370631721e-08
92 4.4677734375000000e-02 1.8198530944226702e-03 1.8199011059248206e-03 -4.8011502150465887e-08
93 4.5166015625000000e-02 1.8579479474355100e-03 1.8579969740279778e-03 -4.9026592467823690e-08
94 4.5654296875000000e-02 1.8963958901075620e-03 1.8964459415178338e-03 -5.0051410271792843e-08
95 4.6142578125000000e-02 1.9351956536270013e-03 1.9352467395545114e-03 -5.1085927510160015e-08
96 4.6630859375000000e-02 1.9743459705448799e-03 1.9743981006610130e-03 -5.2130116133097121e-08
97 4.7119140625000000e-02 2.0138455747751292e-03 2.0138987587232189e-03 -5.3183948089691874e-08
98 4.7607421875000000e-02 2.0536932015945545e-03 2.0537474489898872e-03 -5.4247395332718273e-08
99 4.8095703125000000e-02 2.0938875876428393e-03 2.0939429080726571e-03 -5.5320429817769246e-08
100 4.8583984375000000e-02 2.1344274709225431e-03 2.1344838739460440e-03 -5.6403023500871396e-08
101 4.9072265625000000e-02 2.1753115907990998e-03 2.1753690859474409e-03 -5.7495148341087099e-08
102 4.9560546875000000e-02 2.2165386880008231e-03 2.2165972847771219e-03 -5.8596776298779768e-08
103 5.0048828125000000e-02 2.2581075046189027e-03 2.2581672124982392e-03 -5.9707879336481223e-08
104 5.0537109375000000e-02 2.3000167841074060e-03 2.3000776125368209e-03 -6.0828429414988561e-08
105 5.1025390625000000e-02 2.3422652712832763e-03 2.3423272296817770e-03 -6.1958398500736728e-08
106 5.1513671875000000e-02 2.3848517123263341e-03 2.3849148100848930e-03 -6.3097758558859629e-08
107 5.2001953125000000e-02 2.4277748547792770e-03 2.4278391012608354e-03 -6.4246481558394297e-08
108 5.2490234375000000e-02 2.4710334475476791e-03 2.4710988520871475e-03 -6.5404539468377765e-08
109 5.2978515625000000e-02 2.5146262408999925e-03 2.5146928128042530e-03 -6.6571904260449150e-08
110 5.3466796875000000e-02 2.5585519864675427e-03 2.5586197350154507e-03 -6.7748547907982293e-08
111 5.3955078125000000e-02 2.6028094372445320e-03 2.6028783716869207e-03 -6.8934442388687844e-08
112 5.4443359375000000e-02 2.6473973475880370e-03 2.6474674771477216e-03 -7.0129559684613263e-08
113 5.4931640625000000e-02 2.6923144732180072e-03 2.6923858070897889e-03 -7.1333871781709135e-08
114 5.5419921875000000e-02 2.7375595712172706e-03 2.7376321185679378e-03 -7.2547350667227090e-08
115 5.5908203125000000e-02 2.7831314000315308e-03 2.7832051699998614e-03 -7.3769968330587160e-08
116 5.6396484375000000e-02 2.8290287194693690e-03 2.8291037211661324e-03 -7.5001696763377784e-08
117 5.6884765625000000e-02 2.8752502907022411e-03 2.8753265332101996e-03 -7.6242507958488442e-08
118 5.7373046875000000e-02 2.9217948762644769e-03 2.9218723686383931e-03 -7.7492373916181190e-08
119 5.7861328125000000e-02 2.9686612400532842e-03 2.9687399913199196e-03 -7.8751266635417039e-08
120 5.8349609375000000e-02 3.0158481473287471e-03 3.0159281664868653e-03 -8.0019158118192768e-08
121 5.8837890625000000e-02 3.0633543647138254e-03 3.0634356607341941e-03 -8.1296020368673561e-08
122 5.9326171875000000e-02 3.1111786601943549e-03 3.1112612420197490e-03 -8.2581825394060365e-08
123 5.9814453125000000e-02 3.1593198031190459e-03 3.1594036796642505e-03 -8.3876545204589897e-08
124 6.0302734375000000e-02 3.2077765641994873e-03 3.2078617443512996e-03 -8.5180151812233595e-08
125 6.0791015625000000e-02 3.2565477155101449e-03 3.2566342081273743e-03 -8.6492617229396579e-08
126 6.1279296875000000e-02 3.3056320304883594e-03 3.3057198444018309e-03 -8.7813913471519733e-08
127 6.1767578125000000e-02 3.3550282839343460e-03 3.3551174279469044e-03 -8.9144012558380753e-08
128 6.2255859375000000e-02 3.4047352520111948e-03 3.4048257348977089e-03 -9.0482886514094141e-08
129 6.2744140625000000e-02 3.4547517122448753e-03 3.4548435427522368e-03 -9.1830507361473357e-08
130 6.3232421875000000e-02 3.5050764435242332e-03 3.5051696303713587e-03 -9.3186847125500266e-08
131 6.3720703125000000e-02 3.5557082261009868e-03 3.5558027779788240e-03 -9.4551877837228265e-08
132 6.4208984375000000e-02 3.6066458415897318e-03 3.6067417671612600e-03 -9.5925571528144432e-08
133 6.4697265625000000e-02 3.6578880729679387e-03 3.6579853808681728e-03 -9.7307900234072653e-08
134 6.5185546875000000e-02 3.7094337045759517e-03 3.7095324034119473e-03 -9.8698835995607304e-08
135 6.5673828125000000e-02 3.7612815221169920e-03 3.7613816204678475e-03 -1.0009835085551116e-07
136 6.6162109375000000e-02 3.8134303126571593e-03 3.8135318190740150e-03 -1.0150641685567965e-07
137 6.6650390625000000e-02 3.8658788646254269e-03 3.8659817876314675e-03 -1.0292300604061028e-07
138 6.7138671875000000e-02 3.9186259678136446e-03 3.9187303159041063e-03 -1.0434809046173943e-07
139 6.7626953125000000e-02 3.9716704133765379e-03 3.9717761950187076e-03 -1.0578164216963615e-07
140 6.8115234375000000e-02 4.0250109938317086e-03 4.0251182174649274e-03 -1.0722363321877260e-07
141 6.8603515625000000e-02 4.0786465030596356e-03 4.0787551770952992e-03 -1.0867403566362094e-07
142 6.9091796875000000e-02 4.1325757363036720e-03 4.1326858691252367e-03 -1.1013282156472487e-07
143 6.9580078125000000e-02 4.1867974901700416e-03 4.1869090901330295e-03 -1.1159996298783226e-07
144 7.0068359375000000e-02 4.2413105626278496e-03 4.2414236380598491e-03 -1.1307543199955833e-07
145 7.0556640625000000e-02 4.2961137530090673e-03 4.2962283122097407e-03 -1.1455920067345721e-07
146 7.1044921875000000e-02 4.3512058620085378e-03 4.3513219132496348e-03 -1.1605124109696080e-07
147 7.1533203125000000e-02 4.4065856916839811e-03 4.4067032432093334e-03 -1.1755152535229685e-07
148 7.2021484375000000e-02 4.4622520454559913e-03 4.4623711054815217e-03 -1.1906002553036671e-07
149 7.2509765625000000e-02 4.5182037281080402e-03 4.5183243048217614e-03 -1.2057671372120438e-07
150 7.2998046875000000e-02 4.5744395457864720e-03 4.5745616473484912e-03 -1.2210156201918065e-07
151 7.3486328125000000e-02 4.6309583060005037e-03 4.6310819405430336e-03 -1.2363454252994205e-07
152 7.3974609375000000e-02 4.6877588176222271e-03 4.6878839932495836e-03 -1.2517562735653298e-07
153 7.4462890625000000e-02 4.7448398908866100e-03 4.7449666156752180e-03 -1.2672478860806941e-07
154 7.4951171875000000e-02 4.8022003373914936e-03 4.8023286193898925e-03 -1.2828199839887144e-07
155 7.5439453125000000e-02 4.8598389700975899e-03 4.8599688173264375e-03 -1.2984722884759603e-07
156 7.5927734375000000e-02 4.9177546033284903e-03 4.9178860237805676e-03 -1.3142045207723690e-07
157 7.6416015625000000e-02 4.9759460527706552e-03 4.9760790544108703e-03 -1.3300164021512462e-07
158 7.6904296875000000e-02 5.0344121354734192e-03 5.0345467262388147e-03 -1.3459076539552861e-07
159 7.7392578125000000e-02 5.0931516698489955e-03 5.0932878576487491e-03 -1.3618779975358569e-07
160 7.7880859375000000e-02 5.1521634756724706e-03 5.1523012683878967e-03 -1.3779271542616739e-07
161 7.8369140625000000e-02 5.2114463740818113e-03 5.2115857795663649e-03 -1.3940548455361468e-07
162 7.8857421875000000e-02 5.2709991875778510e-03 5.2711402136571333e-03 -1.4102607928234007e-07
163 7.9345703125000000e-02 5.3308207400243040e-03 5.3309633944960619e-03 -1.4265447175788870e-07
164 7.9833984375000000e-02 5.3909098566477529e-03 5.3910541472818943e-03 -1.4429063414141824e-07
165 8.0322265625000000e-02 5.4512653640376536e-03 5.4514112985762459e-03 -1.4593453859235161e-07
166 8.0810546875000000e-02 5.5118860901463397e-03 5.5120336763036125e-03 -1.4758615727271385e-07
167 8.1298828125000000e-02 5.5727708642890200e-03 5.5729201097513706e-03 -1.4924546235060149e-07
168 8.1787109375000000e-02 5.6339185171437808e-03 5.6340694295697723e-03 -1.5091242599150900e-07
169 8.2275390625000000e-02 5.6953278807515811e-03 5.6954804677719507e-03 -1.5258702036960448e-07
170 8.2763671875000000e-02 5.7569977885162504e-03 5.7571520577339155e-03 -1.5426921766512752e-07
171 8.3251953125000000e-02 5.8189270752044978e-03 5.8190830341945552e-03 -1.5595899005745040e-07
172 8.3740234375000000e-02 5.8811145769459101e-03 5.8812722332556395e-03 -1.5765630972941480e-07
173 8.4228515625000000e-02 5.9435591312329431e-03 5.9437184923818104e-03 -1.5936114886733188e-07
174 8.4716796875000000e-02 6.0062595769209241e-03 6.0064206504005964e-03 -1.6107347967225794e-07
175 8.5205078125000000e-02 6.0692147542280583e-03 6.0693775475023984e-03 -1.6279327434004509e-07
176 8.5693359375000000e-02 6.1324235047354137e-03 6.1325880252404968e-03 -1.6452050508302535e-07
177 8.6181640625000000e-02 6.1958846713869300e-03 6.1960509265310540e-03 -1.6625514412393905e-07
178 8.6669921875000000e-02 6.2595970984894210e-03 6.2597650956531057e-03 -1.6799716368465917e-07
179 8.7158203125000000e-02 6.3235596317125749e-03 6.3237293782485689e-03 -1.6974653599399758e-07
180 8.7646484375000000e-02 6.3877711180889540e-03 6.3879426213222417e-03 -1.7150323328770506e-07
181 8.8134765625000000e-02 6.4522304060139948e-03 6.4524036732417954e-03 -1.7326722780066500e-07
182 8.8623046875000000e-02 6.5169363452460011e-03 6.5171113837377845e-03 -1.7503849178337333e-07
183 8.9111328125000000e-02 6.5818877869061538e-03 6.5820646039036366e-03 -1.7681699748285651e-07
184 8.9599609375000000e-02 6.6470835834785066e-03 6.6472621861956649e-03 -1.7860271715828407e-07
185 9.0087890625000000e-02 6.7125225888099889e-03 6.7127029844330534e-03 -1.8039562306448875e-07
186 9.0576171875000000e-02 6.7782036581103960e-03 6.7783858537978697e-03 -1.8219568747365050e-07
187 9.1064453125000000e-02 6.8441256479524031e-03 6.8443096508350619e-03 -1.8400288265881665e-07
188 9.1552734375000000e-02 6.9102874162715591e-03 6.9104732334524487e-03 -1.8581718088956506e-07
189 9.2041015625000000e-02 6.9766878223662884e-03 6.9768754609207334e-03 -1.8763855444501459e-07
190 9.2529296875000000e-02 7.0433257268978870e-03 7.0435151938734964e-03 -1.8946697560948828e-07
191 9.3017578125000000e-02 7.1101999918905222e-03 7.1103912943071982e-03 -1.9130241667598274e-07
192 9.3505859375000000e-02 7.1773094807312315e-03 7.1775026255811733e-03 -1.9314484994183145e-07
193 9.3994140625000000e-02 7.2446530581699179e-03 7.2448480524176387e-03 -1.9499424772084772e-07
194 9.4482421875000000e-02 7.3122295903193524e-03 7.3124264409016870e-03 -1.9685058233465114e-07
195 9.4970703125000000e-02 7.3800379446551795e-03 7.3802366584812948e-03 -1.9871382611526961e-07
196 9.5458984375000000e-02 7.4480769900159161e-03 7.4482775739673117e-03 -2.0058395139559843e-07
197 9.5947265625000000e-02 7.5163455966029561e-03 7.5165480575334629e-03 -2.0246093050679814e-07
198 9.6435546875000000e-02 7.5848426359805621e-03 7.5850469807163630e-03 -2.0434473580084600e-07
199 9.6923828125000000e-02 7.6535669810758643e-03 7.6537732164154975e-03 -2.0623533963318869e-07
200 9.7412109375000000e-02 7.7225175061788704e-03 7.7227256388932280e-03 -2.0813271435753816e-07
201 9.7900390625000000e-02 7.7916930869424573e-03 7.7919031237748014e-03 -2.1003683234408627e-07
202 9.8388671875000000e-02 7.8610926003823758e-03 7.8613045480483371e-03 -2.1194766596129011e-07
203 9.8876953125000000e-02 7.9307149248772409e-03 7.9309287900648385e-03 -2.1386518759755613e-07
204 9.9365234375000000e-02 8.0005589401685451e-03 8.0007747295381855e-03 -2.1578936964042339e-07
205 9.9853515625000000e-02 8.0706235273606507e-03 8.0708412475451324e-03 -2.1772018448176778e-07
206 1.0034179687500000e-01 8.1409075689207865e-03 8.1411272265253173e-03 -2.1965760453081240e-07
207 1.0083007812500000e-01 8.2114099486790583e-03 8.2116315502812533e-03 -2.2160160219504565e-07
208 1.0131835937500000e-01 8.2821295518284363e-03 8.2823531039783356e-03 -2.2355214989930317e-07
209 1.0180664062500000e-01 8.3530652649247590e-03 8.3532907741448378e-03 -2.2550922007882890e-07
210 1.0229492187500000e-01 8.4242159758867383e-03 8.4244434486719037e-03 -2.2747278516539737e-07
211 1.0278320312500000e-01 8.4955805739959575e-03 8.4958100168135674e-03 -2.2944281760986507e-07
212 1.0327148437500000e-01 8.5671579498968770e-03 8.5673893691867332e-03 -2.3141928985614957e-07
213 1.0375976562500000e-01 8.6389469955968252e-03 8.6391803977711873e-03 -2.3340217436204624e-07
214 1.0424804687500000e-01 8.7109466044659935e-03 8.7111819959095928e-03 -2.3539144359922826e-07
215 1.0473632812500000e-01 8.7831556712374536e-03 8.7833930583074964e-03 -2.3738707004283821e-07
216 1.0522460937500000e-01 8.8555730920071435e-03 8.8558124810333150e-03 -2.3938902617148816e-07
217 1.0571289062500000e-01 8.9281977642338816e-03 8.9284391615183506e-03 -2.4139728446899433e-07
218 1.0620117187500000e-01 9.0010285867393510e-03 9.0012719985567771e-03 -2.4341181742611184e-07
219 1.0668945312500000e-01 9.0740644597081047e-03 9.0743098923056573e-03 -2.4543259755267777e-07
220 1.0717773437500000e-01 9.1473042846875723e-03 9.1475517442849222e-03 -2.4745959734985556e-07
221 1.0766601562500000e-01 9.2207469645880606e-03 9.2209964573773864e-03 -2.4949278932574759e-07
222 1.0815429687500000e-01 9.2943914036827426e-03 9.2946429358287397e-03 -2.5153214599712981e-07
223 1.0864257812500000e-01 9.3682365076076628e-03 9.3684900852475557e-03 -2.5357763989292126e-07
224 1.0913085937500000e-01 9.4422811833617323e-03 9.4425368126052848e-03 -2.5562924355244931e-07
225 1.0961914062500000e-01 9.5165243393067409e-03 9.5167820262362490e-03 -2.5768692950810246e-07
226 1.1010742187500000e-01 9.5909648851673530e-03 9.5912246358376575e-03 -2.5975067030441223e-07
227 1.1059570312500000e-01 9.6656017320311000e-03 9.6658635524695946e-03 -2.6182043849458381e-07
228 1.1108398437500000e-01 9.7404337923483828e-03 9.7406976885550250e-03 -2.6389620664223068e-07
229 1.1157226562500000e-01 9.8154599799324723e-03 9.8157259578797867e-03 -2.6597794731443580e-07
230 1.1206054687500000e-01 9.8906792099595041e-03 9.8909472755926015e-03 -2.6806563309736409e-07
231 1.1254882812500000e-01 9.9660903989684958e-03 9.9663605582050695e-03 -2.7015923657371099e-07
232 1.1303710937500000e-01 1.0041692464861333e-02 1.0041964723591666e-02 -2.7225873033311088e-07
233 1.1352539062500000e-01 1.0117484326902777e-02 1.0117758690989746e-02 -2.7436408696866754e-07
234 1.1401367187500000e-01 1.0193464905720456e-02 1.0193741380999542e-02 -2.7647527908562786e-07
235 1.1450195312500000e-01 1.0269633123304873e-02 1.0269911715584171e-02 -2.7859227929791230e-07
236 1.1499023437500000e-01 1.0345987903009404e-02 1.0346268618069619e-02 -2.8071506021423720e-07
237 1.1547851562500000e-01 1.0422528169550298e-02 1.0422811013144757e-02 -2.8284359445893137e-07
238 1.1596679687500000e-01 1.0499252849006676e-02 1.0499537826861338e-02 -2.8497785466152781e-07
239 1.1645507812500000e-01 1.0576160868820520e-02 1.0576447986633979e-02 -2.8711781345849841e-07
240 1.1694335937500000e-01 1.0653251157796688e-02 1.0653540421240193e-02 -2.8926344350539701e-07
241 1.1743164062500000e-01 1.0730522646102893e-02 1.0730814060820357e-02 -2.9141471746471637e-07
242 1.1791992187500000e-01 1.0807974265269710e-02 1.0808267836877739e-02 -2.9357160802843951e-07
243 1.1840820312500000e-01 1.0885604948190585e-02 1.0885900682278475e-02 -2.9573408789028421e-07
244 1.1889648437500000e-01 1.0963413629121838e-02 1.0963711531251585e-02 -2.9790212974743768e-07
245 1.1938476562500000e-01 1.1041399243682654e-02 1.1041699319388970e-02 -3.0007570631616909e-07
246 1.1987304687500000e-01 1.1119560728855098e-02 1.1119862983645401e-02 -3.0225479030233926e-07
247 1.2036132812500000e-01 1.1197897022984089e-02 1.1198201462338532e-02 -3.0443935444303405e-07
248 1.2084960937500000e-01 1.1276407065777419e-02 1.1276713695148899e-02 -3.0662937148054348e-07
249 1.2133789062500000e-01 1.1355089798305754e-02 1.1355398623119912e-02 -3.0882481415889229e-07
250 1.2182617187500000e-01 1.1433944163002622e-02 1.1434255188657861e-02 -3.1102565523945247e-07
251 1.2231445312500000e-01 1.1512969103664420e-02 1.1513282335531913e-02 -3.1323186749226961e-07
252 1.2280273437500000e-01 1.1592163565450416e-02 1.1592479008874118e-02 -3.1544342370126710e-07
253 1.2329101562500000e-01 1.1671526494882742e-02 1.1671844155179398e-02 -3.1766029665557249e-07
254 1.2377929687500000e-01 1.1751056839846398e-02 1.1751376722305558e-02 -3.1988245915992586e-07
255 1.2426757812500000e-01 1.1830753549589254e-02 1.1831075659473281e-02 -3.2210988402774088e-07
256 1.2475585937500000e-01 1.1910615574722030e-02 1.1910939917266126e-02 -3.2434254409671737e-07
257 1.2524414062500000e-01 1.1990641867218309e-02 1.1990968447630538e-02 -3.2658041222884127e-07
258 1.2573242187500000e-01 1.2070831380414549e-02 1.2071160203875825e-02 -3.2882346127569018e-07
259 1.2622070312500000e-01 1.2151183069010073e-02 1.2151514140674186e-02 -3.3107166411312783e-07
260 1.2670898437500000e-01 1.2231695889067081e-02 1.2232029214060705e-02 -3.3332499362395684e-07
261 1.2719726562500000e-01 1.2312368798010636e-02 1.2312704381433327e-02 -3.3558342269097985e-07
262 1.2768554687500000e-01 1.2393200754628658e-02 1.2393538601552881e-02 -3.3784692422302032e-07
263 1.2817382812500000e-01 1.2474190719071949e-02 1.2474530834543087e-02 -3.4011547113757534e-07
264 1.2866210937500000e-01 1.2555337652854172e-02 1.2555680041890525e-02 -3.4238903635387674e-07
265 1.2915039062500000e-01 1.2636640518851864e-02 1.2636985186444663e-02 -3.4466759279982995e-07
266 1.2963867187500000e-01 1.2718098281304414e-02 1.2718445232417849e-02 -3.4695111343456542e-07
267 1.3012695312500000e-01 1.2799709905814095e-02 1.2800059145385310e-02 -3.4923957121547888e-07
268 1.3061523437500000e-01 1.2881474359346032e-02 1.2881825892285148e-02 -3.5153293911557859e-07
269 1.3110351562500000e-01 1.2963390610228224e-02 1.2963744441418337e-02 -3.5383119011307695e-07
270 1.3159179687500000e-01 1.3045457628151536e-02 1.3045813762448745e-02 -3.5613429720873779e-07
271 1.3208007812500000e-01 1.3127674384169691e-02 1.3128032826403107e-02 -3.5844223341546799e-07
272 1.3256835937500000e-01 1.3210039850699282e-02 1.3210400605671038e-02 -3.6075497175658278e-07
273 1.3305664062500000e-01 1.3292553001519760e-02 1.3292916074005037e-02 -3.6307248527621405e-07
274 1.3354492187500000e-01 1.3375212811773457e-02 1.3375578206520472e-02 -3.6539474701502428e-07
275 1.3403320312500000e-01 1.3458018257965564e-02 1.3458385979695599e-02 -3.6772173003449260e-07
276 1.3452148437500000e-01 1.3540968317964149e-02 1.3541338371371550e-02 -3.7005340740130233e-07
277 1.3500976562500000e-01 1.3624061971000136e-02 1.3624434360752330e-02 -3.7238975219427983e-07
278 1.3549804687500000e-01 1.3707298197667316e-02 1.3707672928404829e-02 -3.7473073751306818e-07
279 1.3598632812500000e-01 1.3790675979922352e-02 1.3791053056258813e-02 -3.7707633646077987e-07
280 1.3647460937500000e-01 1.3874194301084783e-02 1.3874573727606929e-02 -3.7942652214573158e-07
281 1.3696289062500000e-01 1.3957852145837002e-02 1.3958233927104694e-02 -3.8178126769185250e-07
282 1.3745117187500000e-01 1.4041648500224274e-02 1.4042032640770514e-02 -3.8414054624041905e-07
283 1.3793945312500000e-01 1.4125582351654739e-02 1.4125968855985672e-02 -3.8650433093270764e-07
284 1.3842773437500000e-01 1.4209652688899411e-02 1.4210041561494318e-02 -3.8887259490652526e-07
285 1.3891601562500000e-01 1.4293858502092169e-02 1.4294249747403493e-02 -3.9124531132396501e-07
286 1.3940429687500000e-01 1.4378198782729747e-02 1.4378592405183122e-02 -3.9362245337487556e-07
287 1.3989257812500000e-01 1.4462672523671751e-02 1.4463068527665981e-02 -3.9600399423002364e-07
288 1.4038085937500000e-01 1.4547278719140666e-02 1.4547677109047757e-02 -3.9838990709140099e-07
289 1.4086914062500000e-01 1.4632016364721846e-02 1.4632417144886995e-02 -4.0078016514885628e-07
290 1.4135742187500000e-01 1.4716884457363494e-02 1.4717287632105124e-02 -4.0317474163040212e-07
291 1.4184570312500000e-01 1.4801881995376706e-02 1.4802287568986454e-02 -4.0557360974843859e-07
292 1.4233398437500000e-01 1.4887007978435418e-02 1.4887415955178172e-02 -4.0797674275352969e-07
293 1.4282226562500000e-01 1.4972261407576442e-02 1.4972671791690343e-02 -4.1038411390144358e-07
294 1.4331054687500000e-01 1.5057641285199454e-02 1.5058054080895906e-02 -4.1279569645141789e-07
295 1.4379882812500000e-01 1.5143146615067009e-02 1.5143561826530687e-02 -4.1521146367830275e-07
296 1.4428710937500000e-01 1.5228776402304536e-02 1.5229194033693390e-02 -4.1763138885347884e-07
297 1.4477539062500000e-01 1.5314529653400319e-02 1.5314949708845586e-02 -4.2005544526740879e-07
298 1.4526367187500000e-01 1.5400405376205512e-02 1.5400827859811740e-02 -4.2248360622790249e-07
299 1.4575195312500000e-01 1.5486402579934144e-02 1.5486827495779181e-02 -4.2491584503756563e-07
300 1.4624023437500000e-01 1.5572520275163119e-02 1.5572947627298129e-02 -4.2735213500941227e-07
301 1.4672851562500000e-01 1.5658757473832205e-02 1.5659187266281672e-02 -4.2979244946686479e-07
302 1.4721679687500000e-01 1.5745113189244018e-02 1.5745545426005789e-02 -4.3223676177150949e-07
303 1.4770507812500000e-01 1.5831586436064055e-02 1.5832021121109322e-02 -4.3468504526758545e-07
304 1.4819335937500000e-01 1.5918176230320654e-02 1.5918613367593999e-02 -4.3713727334443453e-07
305 1.4868164062500000e-01 1.6004881589405016e-02 1.6005321182824436e-02 -4.3959341941915420e-07
306 1.4916992187500000e-01 1.6091701532071200e-02 1.6092143585528112e-02 -4.4205345691231135e-07
307 1.4965820312500000e-01 1.6178635078436133e-02 1.6179079595795391e-02 -4.4451735925835067e-07
308 1.5014648437500000e-01 1.6265681249979617e-02 1.6266128235079513e-02 -4.4698509989518631e-07
309 1.5063476562500000e-01 1.6352839069544312e-02 1.6353288526196604e-02 -4.4945665229195741e-07
310 1.5112304687500000e-01 1.6440107561335730e-02 1.6440559493325665e-02 -4.5193198993515038e-07
311 1.5161132812500000e-01 1.6527485750922267e-02 1.6527940162008564e-02 -4.5441108629737381e-07
312 1.5209960937500000e-01 1.6614972665235178e-02 1.6615429559150071e-02 -4.5689391489286968e-07
313 1.5258789062500000e-01 1.6702567332568575e-02 1.6703026713017807e-02 -4.5938044923241050e-07
314 1.5307617187500000e-01 1.6790268782579432e-02 1.6790730653242290e-02 -4.6187066285799383e-07
315 1.5356445312500000e-01 1.6878076046287594e-02 1.6878540410816920e-02 -4.6436452932549499e-07
316 1.5405273437500000e-01 1.6965988156075761e-02 1.6966455018097959e-02 -4.6686202219772821e-07
317 1.5454101562500000e-01 1.7054004145689503e-02 1.7054473508804555e-02 -4.6936311505138550e-07
318 1.5502929687500000e-01 1.7142123050237240e-02 1.7142594918018741e-02 -4.7186778150132280e-07
319 1.5551757812500000e-01 1.7230343906190271e-02 1.7230818282185419e-02 -4.7437599514851825e-07
320 1.5600585937500000e-01 1.7318665751382741e-02 1.7319142639112373e-02 -4.7688772963211390e-07
321 1.5649414062500000e-01 1.7407087625011669e-02 1.7407567027970267e-02 -4.7940295859819071e-07
322 1.5698242187500000e-01 1.7495608567636937e-02 1.7496090489292647e-02 -4.8192165571017687e-07
323 1.5747070312500000e-01 1.7584227621181288e-02 1.7584712064975919e-02 -4.8444379463150056e-07
324 1.5795898437500000e-01 1.7672943828930348e-02 1.7673430798279398e-02 -4.8696934904987610e-07
325 1.5844726562500000e-01 1.7761756235532576e-02 1.7762245733825250e-02 -4.8949829267383449e-07
326 1.5893554687500000e-01 1.7850663886999317e-02 1.7851155917598532e-02 -4.9203059921537617e-07
327 1.5942382812500000e-01 1.7939665830704773e-02 1.7940160396947180e-02 -4.9456624240731828e-07
328 1.5991210937500000e-01 1.8028761115386004e-02 1.8029258220582007e-02 -4.9710519600329461e-07
329 1.6040039062500000e-01 1.8117948791142924e-02 1.8118448438576702e-02 -4.9964743377775567e-07
330 1.6088867187500000e-01 1.8207227909438326e-02 1.8207730102367831e-02 -5.0219292950515193e-07
331 1.6137695312500000e-01 1.8296597523097854e-02 1.8297102264754846e-02 -5.0474165699115892e-07
332 1.6186523437500000e-01 1.8386056686310010e-02 1.8386563979900072e-02 -5.0729359006226882e-07
333 1.6235351562500000e-01 1.8475604454626173e-02 1.8476114303328715e-02 -5.0984870254150438e-07
334 1.6284179687500000e-01 1.8565239884960567e-02 1.8565752291928854e-02 -5.1240696828658283e-07
335 1.6333007812500000e-01 1.8654962035590257e-02 1.8655477003951461e-02 -5.1496836120379363e-07
336 1.6381835937500000e-01 1.8744769966155199e-02 1.8745287499010360e-02 -5.1753285516126235e-07
337 1.6430664062500000e-01 1.8834662737658204e-02 1.8835182838082280e-02 -5.2010042407568680e-07
338 1.6479492187500000e-01 1.8924639412464948e-02 1.8925162083506822e-02 -5.2267104187417313e-07
339 1.6528320312500000e-01 1.9014699054303977e-02 1.9015224298986454e-02 -5.2524468247688860e-07
340 1.6577148437500000e-01 1.9104840728266671e-02 1.9105368549586530e-02 -5.2782131985951164e-07
341 1.6625976562500000e-01 1.9195063500807297e-02 1.9195593901735291e-02 -5.3040092799425120e-07
342 1.6674804687500000e-01 1.9285366439742980e-02 1.9285899423223833e-02 -5.3298348085331626e-07
343 1.6723632812500000e-01 1.9375748614253719e-02 1.9376284183206159e-02 -5.3556895244014080e-07
344 1.6772460937500000e-01 1.9466209094882347e-02 1.9466747252199140e-02 -5.3815731679285328e-07
345 1.6821289062500000e-01 1.9556746953534591e-02 1.9557287702082506e-02 -5.4074854791488769e-07
346 1.6870117187500000e-01 1.9647361263479039e-02 1.9647904606098894e-02 -5.4334261985478083e-07
347 1.6918945312500000e-01 1.9738051099347141e-02 1.9738597038853806e-02 -5.4593950666453894e-07
348 1.6967773437500000e-01 1.9828815537133223e-02 1.9829364076315623e-02 -5.4853918239963773e-07
349 1.7016601562500000e-01 1.9919653654194441e-02 1.9920204795815608e-02 -5.5114162116759458e-07
350 1.7065429687500000e-01 2.0010564529250839e-02 2.0011118276047894e-02 -5.5374679705511021e-07
351 1.7114257812500000e-01 2.0101547242385331e-02 2.0102103597069505e-02 -5.5635468417317147e-07
352 1.7163085937500000e-01 2.0192600875043713e-02 2.0193159840300335e-02 -5.5896525662235685e-07
353 1.7211914062500000e-01 2.0283724510034615e-02 2.0284286088523156e-02 -5.6157848854140879e-07
354 1.7260742187500000e-01 2.0374917231529541e-02 2.0375481425883628e-02 -5.6419435408641694e-07
355 1.7309570312500000e-01 2.0466178125062861e-02 2.0466744937890274e-02 -5.6681282741347094e-07
356 1.7358398437500000e-01 2.0557506277531785e-02 2.0558075711414506e-02 -5.6943388272029383e-07
357 1.7407226562500000e-01 2.0648900777196413e-02 2.0649472834690617e-02 -5.7205749420460861e-07
358 1.7456054687500000e-01 2.0740360713679698e-02 2.0740935397315769e-02 -5.7468363607107720e-07
359 1.7504882812500000e-01 2.0831885177967472e-02 2.0832462490250014e-02 -5.7731228254170874e-07
360 1.7553710937500000e-01 2.0923473262408430e-02 2.0924053205816268e-02 -5.7994340783851239e-07
361 1.7602539062500000e-01 2.1015124060714110e-02 2.1015706637700339e-02 -5.8257698622860010e-07
362 1.7651367187500000e-01 2.1106836667958939e-02 2.1107421880950904e-02 -5.8521299196520604e-07
363 1.7700195312500000e-01 2.1198610180580214e-02 2.1199198031979526e-02 -5.8785139931197272e-07
364 1.7749023437500000e-01 2.1290443696378090e-02 2.1291034188560643e-02 -5.9049218255335933e-07
365 1.7797851562500000e-01 2.1382336314515561e-02 2.1382929449831566e-02 -5.9313531600505010e-07
366 1.7846679687500000e-01 2.1474287135518501e-02 2.1474882916292501e-02 -5.9578077400007645e-07
367 1.7895507812500000e-01 2.1566295261275608e-02 2.1566893689806511e-02 -5.9842853090269488e-07
368 1.7944335937500000e-01 2.1658359795038440e-02 2.1658960873599552e-02 -6.0107856111185631e-07
369 1.7993164062500000e-01 2.1750479841421411e-02 2.1751083572260448e-02 -6.0373083903692004e-07
370 1.8041992187500000e-01 2.1842654506401805e-02 2.1843260891740924e-02 -6.0638533911847037e-07
371 1.8090820312500000e-01 2.1934882897319780e-02 2.1935491939355553e-02 -6.0904203577280547e-07
372 1.8139648437500000e-01 2.2027164122878341e-02 2.2027775823781799e-02 -6.1170090345785688e-07
373 1.8188476562500000e-01 2.2119497293143334e-02 2.2120111655060015e-02 -6.1436191668012841e-07
374 1.8237304687500000e-01 2.2211881519543487e-02 2.2212498544593430e-02 -6.1702504994265439e-07
375 1.8286132812500000e-01 2.2304315914870386e-02 2.2304935605148131e-02 -6.1969027774499974e-07
376 1.8334960937500000e-01 2.2396799593278477e-02 2.2397421950853102e-02 -6.2235757462489327e-07
377 1.8383789062500000e-01 2.2489331670285068e-02 2.2489956697200209e-02 -6.2502691514088049e-07
378 1.8432617187500000e-01 2.2581911262770326e-02 2.2582538961044174e-02 -6.2769827384803745e-07
379 1.8481445312500000e-01 2.2674537488977287e-02 2.2675167860602623e-02 -6.3037162533613467e-07
380 1.8530273437500000e-01 2.2767209468511861e-02 2.2767842515456056e-02 -6.3304694419494267e-07
381 1.8579101562500000e-01 2.2859926322342815e-02 2.2860562046547829e-02 -6.3572420501423199e-07
382 1.8627929687500000e-01 2.2952687172801751e-02 2.2953325576184201e-02 -6.3840338244969264e-07
383 1.8676757812500000e-01 2.3045491143583164e-02 2.3046132228034311e-02 -6.4108445114660628e-07
384 1.8725585937500000e-01 2.3138337359744410e-02 2.3138981127130150e-02 -6.4376738573984627e-07
385 1.8774414062500000e-01 2.3231224947705718e-02 2.3231871399866610e-02 -6.4645216089204149e-07
386 1.8823242187500000e-01 2.3324153035250168e-02 2.3324802174001458e-02 -6.4913875129010701e-07
387 1.8872070312500000e-01 2.3417120751523711e-02 2.3417772578655346e-02 -6.5182713163483563e-07
388 1.8920898437500000e-01 2.3510127227035143e-02 2.3510781744311777e-02 -6.5451727663395909e-07
389 1.8969726562500000e-01 2.3603171593656110e-02 2.3603828802817164e-02 -6.5720916105418969e-07
390 1.9018554687500000e-01 2.3696252984621139e-02 2.3696912887380780e-02 -6.5990275964142309e-07
391 1.9067382812500000e-01 2.3789370534527617e-02 2.3790033132574790e-02 -6.6259804717277992e-07
392 1.9116210937500000e-01 2.3882523379335812e-02 2.3883188674334220e-02 -6.6529499840803363e-07
393 1.9165039062500000e-01 2.3975710656368835e-02 2.3976378649956994e-02 -6.6799358815899934e-07
394 1.9213867187500000e-01 2.4068931504312656e-02 2.4069602198103893e-02 -6.7069379123749218e-07
395 1.9262695312500000e-01 2.4162185063216123e-02 2.4162858458798599e-02 -6.7339558247614395e-07
396 1.9311523437500000e-01 2.4255470474490948e-02 2.4256146573427655e-02 -6.7609893670758647e-07
397 1.9360351562500000e-01 2.4348786880911716e-02 2.4349465684740498e-02 -6.7880382878179879e-07
398 1.9409179687500000e-01 2.4442133426615820e-02 2.4442814936849414e-02 -6.8151023359386276e-07
399 1.9458007812500000e-01 2.4535509257103561e-02 2.4536193475229617e-02 -6.8421812605620747e-07
400 1.9506835937500000e-01 2.4628913519238044e-02 2.4629600446719156e-02 -6.8692748111248703e-07
401 1.9555664062500000e-01 2.4722345361245224e-02 2.4723034999518965e-02 -6.8963827374105002e-07
402 1.9604492187500000e-01 2.4815803932713914e-02 2.4816496283192876e-02 -6.9235047896187840e-07
403 1.9653320312500000e-01 2.4909288384595791e-02 2.4909983448667593e-02 -6.9506407180189300e-07
404 1.9702148437500000e-01 2.5002797869205399e-02 2.5003495648232676e-02 -6.9777902727760632e-07
405 1.9750976562500000e-01 2.5096331540220132e-02 2.5097032035540597e-02 -7.0049532046451146e-07
406 1.9799804687500000e-01 2.5189888552680232e-02 2.5190591765606684e-02 -7.0321292645197930e-07
407 1.9848632812500000e-01 2.5283468062988802e-02 2.5284173994809155e-02 -7.0593182035366686e-07
408 1.9897460937500000e-01 2.5377069228911801e-02 2.5377777880889085e-02 -7.0865197728323115e-07
409 1.9946289062500000e-01 2.5470691209578060e-02 2.5471402582950470e-02 -7.1137337240984033e-07
410 1.9995117187500000e-01 2.5564333165479236e-02 2.5565047261460135e-02 -7.1409598089919313e-07
411 2.0043945312500000e-01 2.5657994258469857e-02 2.5658711078247822e-02 -7.1681977796556051e-07
412 2.0092773437500000e-01 2.5751673651767309e-02 2.5752393196506136e-02 -7.1954473882668291e-07
413 2.0141601562500000e-01 2.5845370509951820e-02 2.5846092780790558e-02 -7.2227083873846465e-07
414 2.0190429687500000e-01 2.5939083998966488e-02 2.5939808997019448e-02 -7.2499805296027953e-07
415 2.0239257812500000e-01 2.6032813286117285e-02 2.6033541012474046e-02 -7.2772635676190967e-07
416 2.0288085937500000e-01 2.6126557540073050e-02 2.6127287995798477e-02 -7.3045572542701498e-07
417 2.0336914062500000e-01 2.6220315930865459e-02 2.6221049116999733e-02 -7.3318613427394985e-07
418 2.0385742187500000e-01 2.6314087629889061e-02 2.6314823547447692e-02 -7.3591755863147701e-07
419 2.0434570312500000e-01 2.6407871809901253e-02 2.6408610459875120e-02 -7.3864997386652309e-07
420 2.0483398437500000e-01 2.6501667645022275e-02 2.6502409028377638e-02 -7.4138335536336197e-07
421 2.0532226562500000e-01 2.6595474310735247e-02 2.6596218428413757e-02 -7.4411767850973698e-07
422 2.0581054687500000e-01 2.6689290983886154e-02 2.6690037836804882e-02 -7.4685291872808590e-07
423 2.0629882812500000e-01 2.6783116842683849e-02 2.6783866431735262e-02 -7.4958905141309096e-07
424 2.0678710937500000e-01 2.6876951066700031e-02 2.6877703392752063e-02 -7.5232605203229275e-07
425 2.0727539062500000e-01 2.6970792836869262e-02 2.6971547900765294e-02 -7.5506389603241519e-07
426 2.0776367187500000e-01 2.7064641335488970e-02 2.7065399138047876e-02 -7.5780255890528503e-07
427 2.0825195312500000e-01 2.7158495746219459e-02 2.7159256288235584e-02 -7.6054201612538175e-07
428 2.0874023437500000e-01 2.7252355254083878e-02 2.7253118536327073e-02 -7.6328224319494042e-07
429 2.0922851562500000e-01 2.7346219045468214e-02 2.7346985068683896e-02 -7.6602321568211562e-07
430 2.0971679687500000e-01 2.7440086308121336e-02 2.7440855073030460e-02 -7.6876490912383688e-07
431 2.1020507812500000e-01 2.7533956231154923e-02 2.7534727738454071e-02 -7.7150729914723937e-07
432 2.1069335937500000e-01 2.7627828005043490e-02 2.7628602255404908e-02 -7.7425036141762216e-07
433 2.1118164062500000e-01 2.7721700821624434e-02 2.7722477815696006e-02 -7.7699407157252875e-07
434 2.1166992187500000e-01 2.7815573874097992e-02 2.7816353612503314e-02 -7.7973840532236105e-07
435 2.1215820312500000e-01 2.7909446357027273e-02 2.7910228840365640e-02 -7.8248333836711259e-07
436 2.1264648437500000e-01 2.8003317466338242e-02 2.8004102695184663e-02 -7.8522884642065471e-07
437 2.1313476562500000e-01 2.8097186399319688e-02 2.8097974374224965e-02 -7.8797490527665603e-07
438 2.1362304687500000e-01 2.8191052354623283e-02 2.8191843076113988e-02 -7.9072149070449904e-07
439 2.1411132812500000e-01 2.8284914532263547e-02 2.8285708000842059e-02 -7.9346857851173014e-07
440 2.1459960937500000e-01 2.8378772133617867e-02 2.8379568349762373e-02 -7.9621614450589573e-07
441 2.1508789062500000e-01 2.8472624361426467e-02 2.8473423325591010e-02 -7.9896416454311447e-07
442 2.1557617187500000e-01 2.8566470419792444e-02 2.8567272132406948e-02 -8.0171261450379117e-07
443 2.1606445312500000e-01 2.8660309514181758e-02 2.8661113975652013e-02 -8.0446147025445280e-07
444 2.1655273437500000e-01 2.8754140851423238e-02 2.8754948062130917e-02 -8.0721070767897363e-07
445 2.1704101562500000e-01 2.8847963639708561e-02 2.8848773600011278e-02 -8.0996030271673902e-07
446 2.1752929687500000e-01 2.8941777088592240e-02 2.8942589798823543e-02 -8.1271023130366493e-07
447 2.1801757812500000e-01 2.9035580408991662e-02 2.9036395869461083e-02 -8.1546046942077011e-07
448 2.1850585937500000e-01 2.9129372813187050e-02 2.9130191024180130e-02 -8.1821099308029832e-07
449 2.1899414062500000e-01 2.9223153514821465e-02 2.9223974476599777e-02 -8.2096177831184058e-07
450 2.1948242187500000e-01 2.9316921728900831e-02 2.9317745441702021e-02 -8.2371280119009072e-07
451 2.1997070312500000e-01 2.9410676671793937e-02 2.9411503135831740e-02 -8.2646403780362032e-07
452 2.2045898437500000e-01 2.9504417561232437e-02 2.9505246776696668e-02 -8.2921546423059267e-07
453 2.2094726562500000e-01 2.9598143616310822e-02 2.9598975583367423e-02 -8.3196705660121273e-07
454 2.2143554687500000e-01 2.9691854057486422e-02 2.9692688776277523e-02 -8.3471879110119662e-07
455 2.2192382812500000e-01 2.9785548106579438e-02 2.9786385577223344e-02 -8.3747064390585213e-07
456 2.2241210937500000e-01 2.9879224986772927e-02 2.9880065209364138e-02 -8.4022259121130372e-07
457 2.2290039062500000e-01 2.9972883922612787e-02 2.9973726897222042e-02 -8.4297460925530920e-07
458 2.2338867187500000e-01 3.0066524140007773e-02 3.0067369866682091e-02 -8.4572667431725979e-07
459 2.2387695312500000e-01 3.0160144866229484e-02 3.0160993344992153e-02 -8.4847876266960776e-07
460 2.2436523437500000e-01 3.0253745329912374e-02 3.0254596560763021e-02 -8.5123085064725545e-07
461 2.2485351562500000e-01 3.0347324761053743e-02 3.0348178743968338e-02 -8.5398291459551356e-07
462 2.2534179687500000e-01 3.0440882391013745e-02 3.0441739125944639e-02 -8.5673493089438724e-07
463 2.2583007812500000e-01 3.0534417452515377e-02 3.0535276939391325e-02 -8.5948687594816775e-07
464 2.2631835937500000e-01 3.0627929179644468e-02 3.0628791418370695e-02 -8.6223872622706588e-07
465 2.2680664062500000e-01 3.0721416807849709e-02 3.0722281798307903e-02 -8.6499045819435350e-07
466 2.2729492187500000e-01 3.0814879573942657e-02 3.0815747315990998e-02 -8.6774204834105806e-07
467 2.2778320312500000e-01 3.0908316716097711e-02 3.0909187209570903e-02 -8.7049347319290149e-07
468 2.2827148437500000e-01 3.1001727473852134e-02 3.1002600718561420e-02 -8.7324470928601405e-07
469 2.2875976562500000e-01 3.1095111088106028e-02 3.1095987083839226e-02 -8.7599573319815938e-07
470 2.2924804687500000e-01 3.1188466801122347e-02 3.1189345547643882e-02 -8.7874652153485666e-07
471 2.2973632812500000e-01 3.1281793856526900e-02 3.1282675353577830e-02 -8.8149705092938069e-07
472 2.3022460937500000e-01 3.1375091499308380e-02 3.1375975746606374e-02 -8.8424729799418955e-07
473 2.3071289062500000e-01 3.1468358975818282e-02 3.1469245973057704e-02 -8.8699723942153863e-07
474 2.3120117187500000e-01 3.1561595533770991e-02 3.1562485280622915e-02 -8.8974685192449998e-07
475 2.3168945312500000e-01 3.1654800422243751e-02 3.1655692918355932e-02 -8.9249611218145120e-07
476 2.3217773437500000e-01 3.1747972891676669e-02 3.1748868136673603e-02 -8.9524499693321991e-07
477 2.3266601562500000e-01 3.1841112193872714e-02 3.1842010187355621e-02 -8.9799348290675596e-07
478 2.3315429687500000e-01 3.1934217581997666e-02 3.1935118323544578e-02 -9.0074154691227593e-07
479 2.3364257812500000e-01 3.2027288310580194e-02 3.2028191799745948e-02 -9.0348916575305749e-07
480 2.3413085937500000e-01 3.2120323635511830e-02 3.2121229871828055e-02 -9.0623631622543943e-07
481 2.3461914062500000e-01 3.2213322814046971e-02 3.2214231797022139e-02 -9.0898297516739390e-07
482 2.3510742187500000e-01 3.2306285104802858e-02 3.2307196833922296e-02 -9.1172911943770973e-07
483 2.3559570312500000e-01 3.2399209767759590e-02 3.2400124242485492e-02 -9.1447472590211465e-07
484 2.3608398437500000e-01 3.2492096064260116e-02 3.2493013284031598e-02 -9.1721977148184752e-07
485 2.3657226562500000e-01 3.2584943257010210e-02 3.2585863221243343e-02 -9.1996423313284170e-07
486 2.3706054687500000e-01 3.2677750610078528e-02 3.2678673318166339e-02 -9.2270808781103053e-07
487 2.3754882812500000e-01 3.2770517388896594e-02 3.2771442840209088e-02 -9.2545131249316404e-07
488 2.3803710937500000e-01 3.2863242860258789e-02 3.2864171054142952e-02 -9.2819388416293114e-07
489 2.3852539062500000e-01 3.2955926292322323e-02 3.2956857228102189e-02 -9.3093577986647080e-07
490 2.3901367187500000e-01 3.3048566954607304e-02 3.3049500631583913e-02 -9.3367697660828863e-07
491 2.3950195312500000e-01 3.3141164117996669e-02 3.3142100535448145e-02 -9.3641745147615696e-07
492 2.3999023437500000e-01 3.3233717054736239e-02 3.3234656211917762e-02 -9.3915718152315364e-07
493 2.4047851562500000e-01 3.3326225038434680e-02 3.3327166934578531e-02 -9.4189614385092879e-07
494 2.4096679687500000e-01 3.3418687344063489e-02 3.3419631978379098e-02 -9.4463431560970479e-07
495 2.4145507812500000e-01 3.3511103247957023e-02 3.3512050619630973e-02 -9.4737167394970401e-07
496 2.4194335937500000e-01 3.3603472027812456e-02 3.3604422136008553e-02 -9.5010819609747665e-07
497 2.4243164062500000e-01 3.3695792962689777e-02 3.3696745806549140e-02 -9.5284385936283966e-07
498 2.4291992187500000e-01 3.3788065333011860e-02 3.3789020911652853e-02 -9.5557864099315992e-07
499 2.4340820312500000e-01 3.3880288420564418e-02 3.3881246733082758e-02 -9.5831251833988773e-07
500 2.4389648437500000e-01 3.3972461508496025e-02 3.3973422553964759e-02 -9.6104546873365670e-07
501 2.4438476562500000e-01 3.4064583881318118e-02 3.4065547658787630e-02 -9.6377746951203935e-07
502 2.4487304687500000e-01 3.4156654824904938e-02 3.4157621333403061e-02 -9.6650849812363049e-07
503 2.4536132812500000e-01 3.4248673626493607e-02 3.4249642865025604e-02 -9.6923853199620824e-07
504 2.4584960937500000e-01 3.4340639574684098e-02 3.4341611542232670e-02 -9.7196754857142853e-07
505 2.4633789062500000e-01 3.4432551959439242e-02 3.4433526654964568e-02 -9.7469552532564174e-07
506 2.4682617187500000e-01 3.4524410072084691e-02 3.4525387494524488e-02 -9.7742243979764831e-07
507 2.4731445312500000e-01 3.4616213205308992e-02 3.4617193353578490e-02 -9.8014826949849310e-07
508 2.4780273437500000e-01 3.4707960653163519e-02 3.4708943526155521e-02 -9.8287299200167100e-07
509 2.4829101562500000e-01 3.4799651711062536e-02 3.4800637307647382e-02 -9.8559658484598245e-07
510 2.4877929687500000e-01 3.4891285675783139e-02 3.4892273994808785e-02 -9.8831902564655572e-07
511 2.4926757812500000e-01 3.4982861845465278e-02 3.4983852885757311e-02 -9.9104029203239685e-07
512 2.4975585937500000e-01 3.5074379519611731e-02 3.5075373279973399e-02 -9.9376036166720638e-07
513 2.5024414062500000e-01 3.5165837999088179e-02 3.5166834478300393e-02 -9.9647921221468483e-07
514 2.5073242187500000e-01 3.5257236586123154e-02 3.5258235782944507e-02 -9.9919682135241050e-07
515 2.5122070312500000e-01 3.5348574584308026e-02 3.5349576497474826e-02 -1.0019131667995951e-06
516 2.5170898437500000e-01 3.5439851298597030e-02 3.5440855926823313e-02 -1.0046282262823891e-06
517 2.5219726562500000e-01 3.5531066035307243e-02 3.5532073377284833e-02 -1.0073419775893933e-06
518 2.5268554687500000e-01 3.5622218102118554e-02 3.5623228156517105e-02 -1.0100543985508414e-06
519 2.5317382812500000e-01 3.5713306808073754e-02 3.5714319573540716e-02 -1.0127654669622732e-06
520 2.5366210937500000e-01 3.5804331463578483e-02 3.5805346938739172e-02 -1.0154751606886170e-06
521 2.5415039062500000e-01 3.5895291380401255e-02 3.5896309563858822e-02 -1.0181834575670456e-06
522 2.5463867187500000e-01 3.5986185871673404e-02 3.5987206762008901e-02 -1.0208903354971821e-06
523 2.5512695312500000e-01 3.6077014251889132e-02 3.6078037847661545e-02 -1.0235957724133438e-06
524 2.5561523437500000e-01 3.6167775836905502e-02 3.6168802136651731e-02 -1.0262997462290313e-06
525 2.5610351562500000e-01 3.6258469943942453e-02 3.6259498946177346e-02 -1.0290022348924399e-06
526 2.5659179687500000e-01 3.6349095891582764e-02 3.6350127594799150e-02 -1.0317032163864592e-06
527 2.5708007812500000e-01 3.6439652999772032e-02 3.6440687402440747e-02 -1.0344026687147956e-06
528 2.5756835937500000e-01 3.6530140589818717e-02 3.6531177690388689e-02 -1.0371005699713609e-06
529 2.5805664062500000e-01 3.6620557984394106e-02 3.6621597781292342e-02 -1.0397968982361894e-06
530 2.5854492187500000e-01 3.6710904507532269e-02 3.6711946999163962e-02 -1.0424916316933985e-06
531 2.5903320312500000e-01 3.6801179484630166e-02 3.6802224669378721e-02 -1.0451847485548615e-06
532 2.5952148437500000e-01 3.6891382242447604e-02 3.6892430118674630e-02 -1.0478762270255126e-06
533 2.6000976562500000e-01 3.6981512109107231e-02 3.6982562675152583e-02 -1.0505660453519194e-06
534 2.6049804687500000e-01 3.7071568414094556e-02 3.7072621668276379e-02 -1.0532541818222829e-06
535 2.6098632812500000e-01 3.7161550488257908e-02 3.7162606428872681e-02 -1.0559406147733763e-06
536 2.6147460937500000e-01 3.7251457663808475e-02 3.7252516289130996e-02 -1.0586253225211562e-06
537 2.6196289062500000e-01 3.7341289274320295e-02 3.7342350582603774e-02 -1.0613082834787235e-06
538 2.6245117187500000e-01 3.7431044654730253e-02 3.7432108644206305e-02 -1.0639894760522406e-06
539 2.6293945312500000e-01 3.7520723141338058e-02 3.7521789810216748e-02 -1.0666688786895029e-06
540 2.6342773437500000e-01 3.7610324071806284e-02 3.7611393418276177e-02 -1.0693464698938171e-06
541 2.6391601562500000e-01 3.7699846785160342e-02 3.7700918807388503e-02 -1.0720222281615510e-06
542 2.6440429687500000e-01 3.7789290621788471e-02 3.7790365317920543e-02 -1.0746961320723392e-06
543 2.6489257812500000e-01 3.7878654923441786e-02 3.7879732291601999e-02 -1.0773681602127549e-06
544 2.6538085937500000e-01 3.7967939033234255e-02 3.7969019071525424e-02 -1.0800382911693718e-06
545 2.6586914062500000e-01 3.8057142295642728e-02 3.8058225002146243e-02 -1.0827065035148853e-06
546 2.6635742187500000e-01 3.8146264056506868e-02 3.8147349429282822e-02 -1.0853727759538301e-06
547 2.6684570312500000e-01 3.8235303663029213e-02 3.8236391700116341e-02 -1.0880370871282907e-06
548 2.6733398437500000e-01 3.8324260463775128e-02 3.8325351163190871e-02 -1.0906994157428018e-06
549 2.6782226562500000e-01 3.8413133808672804e-02 3.8414227168413383e-02 -1.0933597405782258e-06
550 2.6831054687500000e-01 3.8501923049013308e-02 3.8503019067053723e-02 -1.0960180404154252e-06
551 2.6879882812500000e-01 3.8590627537450566e-02 3.8591726211744587e-02 -1.0986742940213845e-06
552 2.6928710937500000e-01 3.8679246628001381e-02 3.8680347956481585e-02 -1.1013284802047218e-06
553 2.6977539062500000e-01 3.8767779676045368e-02 3.8768883656623176e-02 -1.1039805778087497e-06
554 2.7026367187500000e-01 3.8856226038325017e-02 3.8857332668890736e-02 -1.1066305657184139e-06
555 2.7075195312500000e-01 3.8944585072945688e-02 3.8945694351368472e-02 -1.1092784227839658e-06
556 2.7124023437500000e-01 3.9032856139375571e-02 3.9033968063503489e-02 -1.1119241279181069e-06
557 2.7172851562500000e-01 3.9121038598445741e-02 3.9122153166105803e-02 -1.1145676600612942e-06
558 2.7221679687500000e-01 3.9209131812350063e-02 3.9210249021348252e-02 -1.1172089981886790e-06
559 2.7270507812500000e-01 3.9297135144645286e-02 3.9298254992766589e-02 -1.1198481213031686e-06
560 2.7319335937500000e-01 3.9385047960250934e-02 3.9386170445259445e-02 -1.1224850085117533e-06
561 2.7368164062500000e-01 3.9472869625449380e-02 3.9473994745088309e-02 -1.1251196389283624e-06
562 2.7416992187500000e-01 3.9560599507885826e-02 3.9561727259877555e-02 -1.1277519917293755e-06
563 2.7465820312500000e-01 3.9648236976568357e-02 3.9649367358614455e-02 -1.1303820460981107e-06
564 2.7514648437500000e-01 3.9735781401867891e-02 3.9736914411649150e-02 -1.1330097812595197e-06
565 2.7563476562500000e-01 3.9823232155518196e-02 3.9824367790694634e-02 -1.1356351764385542e-06
566 2.7612304687500000e-01 3.9910588610615874e-02 3.9911726868826825e-02 -1.1382582109503714e-06
567 2.7661132812500000e-01 3.9997850141620363e-02 3.9998991020484473e-02 -1.1408788641101286e-06
568 2.7709960937500000e-01 4.0085016124353959e-02 4.0086159621469240e-02 -1.1434971152815554e-06
569 2.7758789062500000e-01 4.0172085936001828e-02 4.0173232048945649e-02 -1.1461129438214424e-06
570 2.7807617187500000e-01 4.0259058955111941e-02 4.0260207681441118e-02 -1.1487263291767857e-06
571 2.7856445312500000e-01 4.0345934561595152e-02 4.0347085898845919e-02 -1.1513372507668262e-06
572 2.7905273437500000e-01 4.0432712136725162e-02 4.0433866082413228e-02 -1.1539456880663157e-06
573 2.7954101562500000e-01 4.0519391063138517e-02 4.0520547614759081e-02 -1.1565516205638837e-06
574 2.8002929687500000e-01 4.0605970724834649e-02 4.0607129879862404e-02 -1.1591550277550988e-06
575 2.8051757812500000e-01 4.0692450507175799e-02 4.0693612263064990e-02 -1.1617558891910407e-06
576 2.8100585937500000e-01 4.0778829796887038e-02 4.0779994151071523e-02 -1.1643541844852390e-06
577 2.8149414062500000e-01 4.0865107982056247e-02 4.0866274931949560e-02 -1.1669498933136735e-06
578 2.8198242187500000e-01 4.0951284452134126e-02 4.0952453995129541e-02 -1.1695429954147740e-06
579 2.8247070312500000e-01 4.1037358597934219e-02 4.1038530731404767e-02 -1.1721334705477870e-06
580 2.8295898437500000e-01 4.1123329811632928e-02 4.1124504532931434e-02 -1.1747212985066535e-06
581 2.8344726562500000e-01 4.1209197486769530e-02 4.1210374793228623e-02 -1.1773064590922533e-06
582 2.8393554687500000e-01 4.1294961018246097e-02 4.1296140907178265e-02 -1.1798889321679162e-06
583 2.8442382812500000e-01 4.1380619802327552e-02 4.1381802271025218e-02 -1.1824686976663612e-06
584 2.8491210937500000e-01 4.1466173236641680e-02 4.1467358282377159e-02 -1.1850457354786736e-06
585 2.8540039062500000e-01 4.1551620720179094e-02 4.1552808340204674e-02 -1.1876200255792058e-06
586 2.8588867187500000e-01 4.1636961653293274e-02 4.1638151844841258e-02 -1.1901915479839431e-06
587 2.8637695312500000e-01 4.1722195437700484e-02 4.1723388197983220e-02 -1.1927602827366268e-06
588 2.8686523437500000e-01 4.1807321476479878e-02 4.1808516802689780e-02 -1.1953262099018147e-06
589 2.8735351562500000e-01 4.1892339174073430e-02 4.1893537063383064e-02 -1.1978893096342702e-06
590 2.8784179687500000e-01 4.1977247936285947e-02 4.1978448385848029e-02 -1.2004495620818179e-06
591 2.8833007812500000e-01 4.2062047170285104e-02 4.2063250177232524e-02 -1.2030069474200378e-06
592 2.8881835937500000e-01 4.2146736284601367e-02 4.2147941846047303e-02 -1.2055614459355324e-06
593 2.8930664062500000e-01 4.2231314689128045e-02 4.2232522802165967e-02 -1.2081130379218430e-06
594 2.8979492187500000e-01 4.2315781795121292e-02 4.2316992456825006e-02 -1.2106617037141443e-06
595 2.9028320312500000e-01 4.2400137015200116e-02 4.2401350222623806e-02 -1.2132074236892443e-06
596 2.9077148437500000e-01 4.2484379763346382e-02 4.2485595513524592e-02 -1.2157501782100733e-06
597 2.9125976562500000e-01 4.2568509454904792e-02 4.2569727744852501e-02 -1.2182899477089504e-06
598 2.9174804687500000e-01 4.2652525506582870e-02 4.2653746333295550e-02 -1.2208267126806449e-06
599 2.9223632812500000e-01 4.2736427336450979e-02 4.2737650696904599e-02 -1.2233604536199261e-06
600 2.9272460937500000e-01 4.2820214363942351e-02 4.2821440255093421e-02 -1.2258911510701354e-06
601 2.9321289062500000e-01 4.2903886009853058e-02 4.2905114428638667e-02 -1.2284187856093087e-06
602 2.9370117187500000e-01 4.2987441696342006e-02 4.2988672639679849e-02 -1.2309433378432377e-06
603 2.9418945312500000e-01 4.3070880846930962e-02 4.3072114311719353e-02 -1.2334647883915917e-06
604 2.9467773437500000e-01 4.3154202886504546e-02 4.3155438869622476e-02 -1.2359831179295511e-06
605 2.9516601562500000e-01 4.3237407241310227e-02 4.3238645739617360e-02 -1.2384983071322964e-06
606 2.9565429687500000e-01 4.3320493338958349e-02 4.3321734349295031e-02 -1.2410103366819469e-06
607 2.9614257812500000e-01 4.3403460608422054e-02 4.3404704127609418e-02 -1.2435191873647056e-06
608 2.9663085937500000e-01 4.3486308480037331e-02 4.3487554504877290e-02 -1.2460248399598362e-06
609 2.9711914062500000e-01 4.3569036385503052e-02 4.3570284912778354e-02 -1.2485272753021137e-06
610 2.9760742187500000e-01 4.3651643757880929e-02 4.3652894784355113e-02 -1.2510264741846799e-06
611 2.9809570312500000e-01 4.3734130031595507e-02 4.3735383554013005e-02 -1.2535224174978210e-06
612 2.9858398437500000e-01 4.3816494642434201e-02 4.3817750657520360e-02 -1.2560150861595787e-06
613 2.9907226562500000e-01 4.3898737027547229e-02 4.3899995532008330e-02 -1.2585044611018725e-06
614 2.9956054687500000e-01 4.3980856625447644e-02 4.3982117615970984e-02 -1.2609905233398888e-06
615 3.0004882812500000e-01 4.4062852876011374e-02 4.4064116349265270e-02 -1.2634732538957527e-06
616 3.0053710937500000e-01 4.4144725220477202e-02 4.4145991173111007e-02 -1.2659526338054672e-06
617 3.0102539062500000e-01 4.4226473101446777e-02 4.4227741530090868e-02 -1.2684286440911574e-06
618 3.0151367187500000e-01 4.4308095962884576e-02 4.4309366864150462e-02 -1.2709012658859709e-06
619 3.0200195312500000e-01 4.4389593250117924e-02 4.4390866620598220e-02 -1.2733704802952994e-06
620 3.0249023437500000e-01 4.4470964409837013e-02 4.4472240246105472e-02 -1.2758362684592295e-06
621 3.0297851562500000e-01 4.4552208890094890e-02 4.4553487188706449e-02 -1.2782986115594808e-06
622 3.0346679687500000e-01 4.4633326140307454e-02 4.4634606897798218e-02 -1.2807574907638952e-06
623 3.0395507812500000e-01 4.4714315611253386e-02 4.4715598824140758e-02 -1.2832128873721538e-06
624 3.0444335937500000e-01 4.4795176755074259e-02 4.4796462419856922e-02 -1.2856647826631207e-06
625 3.0493164062500000e-01 4.4875909025274427e-02 4.4877197138432419e-02 -1.2881131579919880e-06
626 3.0541992187500000e-01 4.4956511876721048e-02 4.4957802434715859e-02 -1.2905579948110923e-06
627 3.0590820312500000e-01 4.5036984765644134e-02 4.5038277764918727e-02 -1.2929992745935870e-06
628 3.0639648437500000e-01 4.5117327149636538e-02 4.5118622586615378e-02 -1.2954369788403808e-06
629 3.0688476562500000e-01 4.5197538487653961e-02 4.5198836358743041e-02 -1.2978710890801382e-06
630 3.0737304687500000e-01 4.5277618240014979e-02 4.5278918541601848e-02 -1.3003015868692791e-06
631 3.0786132812500000e-01 4.5357565868400923e-02 4.5358868596854791e-02 -1.3027284538683070e-06
632 3.0834960937500000e-01 4.5437380835856037e-02 4.5438685987527740e-02 -1.3051516717030309e-06
633 3.0883789062500000e-01 4.5517062606787367e-02 4.5518370178009457e-02 -1.3075712220894653e-06
634 3.0932617187500000e-01 4.5596610646964811e-02 4.5597920634051554e-02 -1.3099870867436247e-06
635 3.0981445312500000e-01 4.5676024423521089e-02 4.5677336822768567e-02 -1.3123992474786683e-06
636 3.1030273437500000e-01 4.5755303404951771e-02 4.5756618212637871e-02 -1.3148076861008162e-06
637 3.1079101562500000e-01 4.5834447061115259e-02 4.5835764273499724e-02 -1.3172123844648609e-06
638 3.1127929687500000e-01 4.5913454863232783e-02 4.5914774476557285e-02 -1.3196133245019226e-06
639 3.1176757812500000e-01 4.5992326283888420e-02 4.5993648294376556e-02 -1.3220104881361827e-06
640 3.1225585937500000e-01 4.6071060797029141e-02 4.6072385200886461e-02 -1.3244038573195782e-06
641 3.1274414062500000e-01 4.6149657877964795e-02 4.6150984671378771e-02 -1.3267934139762905e-06
642 3.1323242187500000e-01 4.6228117003368041e-02 4.6229446182508162e-02 -1.3291791401207065e-06
643 3.1372070312500000e-01 4.6306437651274381e-02 4.6307769212292127e-02 -1.3315610177463966e-06
644 3.1420898437500000e-01 4.6384619301082154e-02 4.6385953240111133e-02 -1.3339390289787700e-06
645 3.1469726562500000e-01 4.6462661433552536e-02 4.6463997746708445e-02 -1.3363131559085417e-06
646 3.1518554687500000e-01 4.6540563530809528e-02 4.6541902214190245e-02 -1.3386833807166321e-06
647 3.1567382812500000e-01 4.6618325076340034e-02 4.6619666126025583e-02 -1.3410496855492671e-06
648 3.1616210937500000e-01 4.6695945554993817e-02 4.6697288967046384e-02 -1.3434120525665505e-06
649 3.1665039062500000e-01 4.6773424452983429e-02 4.6774770223447455e-02 -1.3457704640257306e-06
650 3.1713867187500000e-01 4.6850761257884316e-02 4.6852109382786500e-02 -1.3481249021840558e-06
651 3.1762695312500000e-01 4.6927955458634742e-02 4.6929305933984068e-02 -1.3504753493265298e-06
652 3.1811523437500000e-01 4.7005006545535868e-02 4.7006359367323600e-02 -1.3528217877312176e-06
653 3.1860351562500000e-01 4.7081914010251684e-02 4.7083269174451436e-02 -1.3551641997525121e-06
654 3.1909179687500000e-01 4.7158677345808968e-02 4.7160034848376775e-02 -1.3575025678072561e-06
655 3.1958007812500000e-01 4.7235296046597389e-02 4.7236655883471673e-02 -1.3598368742845368e-06
656 3.2006835937500000e-01 4.7311769608369386e-02 4.7313131775471098e-02 -1.3621671017122194e-06
657 3.2055664062500000e-01 4.7388097528240192e-02 4.7389462021472907e-02 -1.3644932327153136e-06
658 3.2104492187500000e-01 4.7464279304687891e-02 4.7465646119937789e-02 -1.3668152498980124e-06
659 3.2153320312500000e-01 4.7540314437553417e-02 4.7541683570689351e-02 -1.3691331359338976e-06
660 3.2202148437500000e-01 4.7616202428040572e-02 4.7617573874914054e-02 -1.3714468734826735e-06
661 3.2250976562500000e-01 4.7691942778715982e-02 4.7693316535161255e-02 -1.3737564452734330e-06
662 3.2299804687500000e-01 4.7767534993509046e-02 4.7768911055343193e-02 -1.3760618341462916e-06
663 3.2348632812500000e-01 4.7842978577712081e-02 4.7844356940734953e-02 -1.3783630228719757e-06
664 3.2397460937500000e-01 4.7918273037980214e-02 4.7919653697974539e-02 -1.3806599943252951e-06
665 3.2446289062500000e-01 4.7993417882331413e-02 4.7994800835062808e-02 -1.3829527313949375e-06
666 3.2495117187500000e-01 4.8068412620146453e-02 4.8069797861363492e-02 -1.3852412170389794e-06
667 3.2543945312500000e-01 4.8143256762168962e-02 4.8144644287603240e-02 -1.3875254342779475e-06
668 3.2592773437500000e-01 4.8217949820505417e-02 4.8219339625871528e-02 -1.3898053661115517e-06
669 3.2641601562500000e-01 4.8292491308625077e-02 4.8293883389620748e-02 -1.3920809956713409e-06
670 3.2690429687500000e-01 4.8366880741360092e-02 4.8368275093666140e-02 -1.3943523060472307e-06
671 3.2739257812500000e-01 4.8441117634905467e-02 4.8442514254185859e-02 -1.3966192803915867e-06
672 3.2788085937500000e-01 4.8515201506819074e-02 4.8516600388720896e-02 -1.3988819018220799e-06
673 3.2836914062500000e-01 4.8589131876021603e-02 4.8590533016175164e-02 -1.4011401535604651e-06
674 3.2885742187500000e-01 4.8662908262796595e-02 4.8664311656815430e-02 -1.4033940188354355e-06
675 3.2934570312500000e-01 4.8736530188790393e-02 4.8737935832271331e-02 -1.4056434809381346e-06
676 3.2983398437500000e-01 4.8809997177012197e-02 4.8811405065535406e-02 -1.4078885232082783e-06
677 3.3032226562500000e-01 4.8883308751834054e-02 4.8884718880963060e-02 -1.4101291290063989e-06
678 3.3081054687500000e-01 4.8956464438990870e-02 4.8957876804272563e-02 -1.4123652816930288e-06
679 3.3129882812500000e-01 4.9029463765580400e-02 4.9030878362545098e-02 -1.4145969646980894e-06
680 3.3178710937500000e-01 4.9102306260063233e-02 4.9103723084224712e-02 -1.4168241614792576e-06
681 3.3227539062500000e-01 4.9174991452262819e-02 4.9176410499118299e-02 -1.4190468554803326e-06
682 3.3276367187500000e-01 4.9247518873365460e-02 4.9248940138395675e-02 -1.4212650302145025e-06
683 3.3325195312500000e-01 4.9319888055920316e-02 4.9321311534589504e-02 -1.4234786691880164e-06
684 3.3374023437500000e-01 4.9392098533839385e-02 4.9393524221595354e-02 -1.4256877559695735e-06
685 3.3422851562500000e-01 4.9464149842397463e-02 4.9465577734671667e-02 -1.4278922742042011e-06
686 3.3471679687500000e-01 4.9536041518232210e-02 4.9537471610439733e-02 -1.4300922075230482e-06
687 3.3520507812500000e-01 4.9607773099344062e-02 4.9609205386883751e-02 -1.4322875396891033e-06
688 3.3569335937500000e-01 4.9679344125096253e-02 4.9680778603350802e-02 -1.4344782545486212e-06
689 3.3618164062500000e-01 4.9750754136214888e-02 4.9752190800550815e-02 -1.4366643359270403e-06
690 3.3666992187500000e-01 4.9822002674788916e-02 4.9823441520556636e-02 -1.4388457677191879e-06
691 3.3715820312500000e-01 4.9893089284270123e-02 4.9894530306803957e-02 -1.4410225338337690e-06
692 3.3764648437500000e-01 4.9964013509473139e-02 4.9965456704091360e-02 -1.4431946182211219e-06
693 3.3813476562500000e-01 5.0034774896575394e-02 5.0036220258580316e-02 -1.4453620049217908e-06
694 3.3862304687500000e-01 5.0105372993117181e-02 5.0106820517795178e-02 -1.4475246779971362e-06
695 3.3911132812500000e-01 5.0175807348001623e-02 5.0177257030623125e-02 -1.4496826215015801e-06
696 3.3959960937500000e-01 5.0246077511494708e-02 5.0247529347314294e-02 -1.4518358195866887e-06
697 3.4008789062500000e-01 5.0316183035225219e-02 5.0317637019481644e-02 -1.4539842564248451e-06
698 3.4057617187500000e-01 5.0386123472184810e-02 5.0387579600101019e-02 -1.4561279162092489e-06
699 3.4106445312500000e-01 5.0455898376727988e-02 5.0457356643511177e-02 -1.4582667831886109e-06
700 3.4155273437500000e-01 5.0525507304572115e-02 5.0526967705413720e-02 -1.4604008416047032e-06
701 3.4204101562500000e-01 5.0594949812797427e-02 5.0596412342873112e-02 -1.4625300756854198e-06
702 3.4252929687500000e-01 5.0664225459846883e-02 5.0665690114316750e-02 -1.4646544698668218e-06
703 3.4301757812500000e-01 5.0733333805526373e-02 5.0734800579534896e-02 -1.4667740085225200e-06
704 3.4350585937500000e-01 5.0802274411004565e-02 5.0803743299680619e-02 -1.4688886760538811e-06
705 3.4399414062500000e-01 5.0871046838812939e-02 5.0872517837269995e-02 -1.4709984570565604e-06
706 3.4448242187500000e-01 5.0939650652845843e-02 5.0941123756181851e-02 -1.4731033360082524e-06
707 3.4497070312500000e-01 5.1008085418360452e-02 5.1009560621657964e-02 -1.4752032975115514e-06
708 3.4545898437500000e-01 5.1076350701976796e-02 5.1077828000302979e-02 -1.4772983261829298e-06
709 3.4594726562500000e-01 5.1144446071677750e-02 5.1145925460084417e-02 -1.4793884066666152e-06
710 3.4643554687500000e-01 5.1212371096808970e-02 5.1213852570332653e-02 -1.4814735236831633e-06
711 3.4692382812500000e-01 5.1280125348078985e-02 5.1281608901740980e-02 -1.4835536619947631e-06
712 3.4741210937500000e-01 5.1347708397559151e-02 5.1349194026365556e-02 -1.4856288064052370e-06
713 3.4790039062500000e-01 5.1415119818683672e-02 5.1416607517625397e-02 -1.4876989417253461e-06
714 3.4838867187500000e-01 5.1482359186249535e-02 5.1483848950302426e-02 -1.4897640528907519e-06
715 3.4887695312500000e-01 5.1549426076416605e-02 5.1550917900541421e-02 -1.4918241248162989e-06
716 3.4936523437500000e-01 5.1616320066707563e-02 5.1617813945850063e-02 -1.4938791425000986e-06
717 3.4985351562500000e-01 5.1683040736007886e-02 5.1684536665098889e-02 -1.4959290910027123e-06
718 3.5034179687500000e-01 5.1749587664565951e-02 5.1751085638521328e-02 -1.4979739553777627e-06
719 3.5083007812500000e-01 5.1815960433992898e-02 5.1817460447713667e-02 -1.5000137207690778e-06
720 3.5131835937500000e-01 5.1882158627262677e-02 5.1883660675635115e-02 -1.5020483724384470e-06
721 3.5180664062500000e-01 5.1948181828712109e-02 5.1949685906607708e-02 -1.5040778955990874e-06
722 3.5229492187500000e-01 5.2014029624040843e-02 5.2015535726316391e-02 -1.5061022755474829e-06
723 3.5278320312500000e-01 5.2079701600311376e-02 5.2081209721808977e-02 -1.5081214976009338e-06
724 3.5327148437500000e-01 5.2145197345949051e-02 5.2146707481496177e-02 -1.5101355471253131e-06
725 3.5375976562500000e-01 5.2210516450742005e-02 5.2212028595151547e-02 -1.5121444095420045e-06
726 3.5424804687500000e-01 5.2275658505841219e-02 5.2277172653911554e-02 -1.5141480703348420e-06
727 3.5473632812500000e-01 5.2340623103760524e-02 5.2342139250275525e-02 -1.5161465150015374e-06
728 3.5522460937500000e-01 5.2405409838376611e-02 5.2406927978105665e-02 -1.5181397290536802e-06
729 3.5571289062500000e-01 5.2470018304928964e-02 5.2471538432627043e-02 -1.5201276980791878e-06
730 3.5620117187500000e-01 5.2534448100019934e-02 5.2535970210427656e-02 -1.5221104077214886e-06
731 3.5668945312500000e-01 5.2598698821614720e-02 5.2600222909458344e-02 -1.5240878436240113e-06
732 3.5717773437500000e-01 5.2662770069041409e-02 5.2664296129032818e-02 -1.5260599914093675e-06
733 3.5766601562500000e-01 5.2726661442990867e-02 5.2728189469827692e-02 -1.5280268368250693e-06
734 3.5815429687500000e-01 5.2790372545516800e-02 5.2791902533882433e-02 -1.5299883656325064e-06
735 3.5864257812500000e-01 5.2853902980035755e-02 5.2855434924599404e-02 -1.5319445636485796e-06
736 3.5913085937500000e-01 5.2917252351327160e-02 5.2918786246743836e-02 -1.5338954166763119e-06
737 3.5961914062500000e-01 5.2980420265533318e-02 5.2981956106443871e-02 -1.5358409105534210e-06
738 3.6010742187500000e-01 5.3043406330159297e-02 5.3044944111190470e-02 -1.5377810311731355e-06
739 3.6059570312500000e-01 5.3106210154073068e-02 5.3107749869837531e-02 -1.5397157644633785e-06
740 3.6108398437500000e-01 5.3168831347505399e-02 5.3170372992601793e-02 -1.5416450963937067e-06
741 3.6157226562500000e-01 5.3231269522049873e-02 5.3232813091062890e-02 -1.5435690130169433e-06
742 3.6206054687500000e-01 5.3293524290662940e-02 5.3295069778163319e-02 -1.5454875003789725e-06
743 3.6254882812500000e-01 5.3355595267663890e-02 5.3357142668208485e-02 -1.5474005445950678e-06
744 3.6303710937500000e-01 5.3417482068734909e-02 5.3419031376866627e-02 -1.5493081317180524e-06
745 3.6352539062500000e-01 5.3479184310920955e-02 5.3480735521168922e-02 -1.5512102479672829e-06
746 3.6401367187500000e-01 5.3540701612629867e-02 5.3542254719509373e-02 -1.5531068795066050e-06
747 3.6450195312500000e-01 5.3602033593632338e-02 5.3603588591644873e-02 -1.5549980125345586e-06
748 3.6499023437500000e-01 5.3663179875061917e-02 5.3664736758695215e-02 -1.5568836332982561e-06
749 3.6547851562500000e-01 5.3724140079414985e-02 5.3725698843143065e-02 -1.5587637280795041e-06
750 3.6596679687500000e-01 5.3784913830550708e-02 5.3786474468833931e-02 -1.5606382832225596e-06
751 3.6645507812500000e-01 5.3845500753691128e-02 5.3847063260976248e-02 -1.5625072851202515e-06
752 3.6694335937500000e-01 5.3905900475421042e-02 5.3907464846141305e-02 -1.5643707202625534e-06
753 3.6743164062500000e-01 5.3966112623688056e-02 5.3967678852263258e-02 -1.5662285752018890e-06
754 3.6791992187500000e-01 5.4026136827802627e-02 5.4027704908639194e-02 -1.5680808365670096e-06
755 3.6840820312500000e-01 5.4085972718438041e-02 5.4087542645929014e-02 -1.5699274909727889e-06
756 3.6889648437500000e-01 5.4145619927630458e-02 5.4147191696155526e-02 -1.5717685250687952e-06
757 3.6938476562500000e-01 5.4205078088778849e-02 5.4206651692704409e-02 -1.5736039255601075e-06
758 3.6987304687500000e-01 5.4264346836644967e-02 5.4265922270324257e-02 -1.5754336792905832e-06
759 3.7036132812500000e-01 5.4323425807353463e-02 5.4325003065126484e-02 -1.5772577730208126e-06
760 3.7084960937500000e-01 5.4382314638391799e-02 5.4383893714585421e-02 -1.5790761936224085e-06
761 3.7133789062500000e-01 5.4441012968610286e-02 5.4442593857538267e-02 -1.5808889279808613e-06
762 3.7182617187500000e-01 5.4499520438222059e-02 5.4501103134185096e-02 -1.5826959630371729e-06
763 3.7231445312500000e-01 5.4557836688803082e-02 5.4559421186088870e-02 -1.5844972857878559e-06
764 3.7280273437500000e-01 5.4615961363292193e-02 5.4617547656175429e-02 -1.5862928832363621e-06
765 3.7329101562500000e-01 5.4673894105991085e-02 5.4675482188733464e-02 -1.5880827423792043e-06
766 3.7377929687500000e-01 5.4731634562564274e-02 5.4733224429414598e-02 -1.5898668503239177e-06
767 3.7426757812500000e-01 5.4789182380039096e-02 5.4790774025233281e-02 -1.5916451941849763e-06
768 3.7475585937500000e-01 5.4846537206805705e-02 5.4848130624566852e-02 -1.5934177611462430e-06
769 3.7524414062500000e-01 5.4903698692617034e-02 5.4905293877155585e-02 -1.5951845385511754e-06
770 3.7573242187500000e-01 5.4960666488588772e-02 5.4962263434102522e-02 -1.5969455137501698e-06
771 3.7622070312500000e-01 5.5017440247199491e-02 5.5019038947873695e-02 -1.5987006742046450e-06
772 3.7670898437500000e-01 5.5074019622290603e-02 5.5075620072297958e-02 -1.6004500073552030e-06
773 3.7719726562500000e-01 5.5130404269066374e-02 5.5132006462567038e-02 -1.6021935006632626e-06
774 3.7768554687500000e-01 5.5186593844093884e-02 5.5188197775235565e-02 -1.6039311416804480e-06
775 3.7817382812500000e-01 5.5242588005302989e-02 5.5244193668221031e-02 -1.6056629180416504e-06
776 3.7866210937500000e-01 5.5298386411986429e-02 5.5299993800803818e-02 -1.6073888173886997e-06
777 3.7915039062500000e-01 5.5353988724799776e-02 5.5355597833627181e-02 -1.6091088274050591e-06
778 3.7963867187500000e-01 5.5409394605761428e-02 5.5411005428697264e-02 -1.6108229358366422e-06
779 3.8012695312500000e-01 5.5464603718252597e-02 5.5466216249383055e-02 -1.6125311304571177e-06
780 3.8061523437500000e-01 5.5519615727017316e-02 5.5521229960416460e-02 -1.6142333991442381e-06
781 3.8110351562500000e-01 5.5574430298162454e-02 5.5576046227892251e-02 -1.6159297297965725e-06
782 3.8159179687500000e-01 5.5629047099157704e-02 5.5630664719268072e-02 -1.6176201103682009e-06
783 3.8208007812500000e-01 5.5683465798835596e-02 5.5685085103364451e-02 -1.6193045288548369e-06
784 3.8256835937500000e-01 5.5737686067391462e-02 5.5739307050364777e-02 -1.6209829733146441e-06
785 3.8305664062500000e-01 5.5791707576383423e-02 5.5793330231815361e-02 -1.6226554319376252e-06
786 3.8354492187500000e-01 5.5845529998732463e-02 5.5847154320625349e-02 -1.6243218928860270e-06
787 3.8403320312500000e-01 5.5899153008722419e-02 5.5900778991066782e-02 -1.6259823443637300e-06
788 3.8452148437500000e-01 5.5952576281999948e-02 5.5954203918774571e-02 -1.6276367746231868e-06
789 3.8500976562500000e-01 5.6005799495574562e-02 5.6007428780746535e-02 -1.6292851719723611e-06
790 3.8549804687500000e-01 5.6058822327818530e-02 5.6060453255343340e-02 -1.6309275248094224e-06
791 3.8598632812500000e-01 5.6111644458467010e-02 5.6113277022288521e-02 -1.6325638215117233e-06
792 3.8647460937500000e-01 5.6164265568617977e-02 5.6165899762668531e-02 -1.6341940505537611e-06
793 3.8696289062500000e-01 5.6216685340732292e-02 5.6218321158932688e-02 -1.6358182003961552e-06
794 3.8745117187500000e-01 5.6268903458633557e-02 5.6270540894893167e-02 -1.6374362596105474e-06
795 3.8793945312500000e-01 5.6320919607508284e-02 5.6322558655725032e-02 -1.6390482167477627e-06
796 3.8842773437500000e-01 5.6372733473905805e-02 5.6374374127966240e-02 -1.6406540604349540e-06
797 3.8891601562500000e-01 5.6424344745738340e-02 5.6425986999517612e-02 -1.6422537792715186e-06
798 3.8940429687500000e-01 5.6475753112280917e-02 5.6477396959642871e-02 -1.6438473619539984e-06
799 3.8989257812500000e-01 5.6526958264171361e-02 5.6528603698968574e-02 -1.6454347972136296e-06
800 3.9038085937500000e-01 5.6577959893410350e-02 5.6579606909484180e-02 -1.6470160738302209e-06
801 3.9086914062500000e-01 5.6628757693361412e-02 5.6630406284542051e-02 -1.6485911806390918e-06
802 3.9135742187500000e-01 5.6679351358750969e-02 5.6681001518857382e-02 -1.6501601064131122e-06
803 3.9184570312500000e-01 5.6729740585668209e-02 5.6731392308508280e-02 -1.6517228400708683e-06
804 3.9233398437500000e-01 5.6779925071565179e-02 5.6781578350935738e-02 -1.6532793705587023e-06
805 3.9282226562500000e-01 5.6829904515256741e-02 5.6831559344943557e-02 -1.6548296868160173e-06
806 3.9331054687500000e-01 5.6879678616920559e-02 5.6881334990698522e-02 -1.6563737779626275e-06
807 3.9379882812500000e-01 5.6929247078097184e-02 5.6930904989730219e-02 -1.6579116330350807e-06
808 3.9428710937500000e-01 5.6978609601689996e-02 5.6980269044931135e-02 -1.6594432411393134e-06
809 3.9477539062500000e-01 5.7027765891965274e-02 5.7029426860556648e-02 -1.6609685913743233e-06
810 3.9526367187500000e-01 5.7076715654552052e-02 5.7078378142225009e-02 -1.6624876729570692e-06
811 3.9575195312500000e-01 5.7125458596442261e-02 5.7127122596917303e-02 -1.6640004750420601e-06
812 3.9624023437500000e-01 5.7173994425990665e-02 5.7175659932977581e-02 -1.6655069869156436e-06
813 3.9672851562500000e-01 5.7222322852914877e-02 5.7223989860112699e-02 -1.6670071978225343e-06
814 3.9721679687500000e-01 5.7270443588295354e-02 5.7272112089392417e-02 -1.6685010970629577e-06
815 3.9770507812500000e-01 5.7318356344575348e-02 5.7320026333249383e-02 -1.6699886740342840e-06
816 3.9819335937500000e-01 5.7366060835560964e-02 5.7367732305479112e-02 -1.6714699181477610e-06
817 3.9868164062500000e-01 5.7413556776421071e-02 5.7415229721239983e-02 -1.6729448189117813e-06
818 3.9916992187500000e-01 5.7460843883687288e-02 5.7462518297053289e-02 -1.6744133660012706e-06
819 3.9965820312500000e-01 5.7507921875254130e-02 5.7509597750803172e-02 -1.6758755490425825e-06
820 4.0014648437500000e-01 5.7554790470378946e-02 5.7556467801736656e-02 -1.6773313577106430e-06
821 4.0063476562500000e-01 5.7601449389681904e-02 5.7603128170463674e-02 -1.6787807817705835e-06
822 4.0112304687500000e-01 5.7647898355146020e-02 5.7649578578957007e-02 -1.6802238109875356e-06
823 4.0161132812500000e-01 5.7694137090117094e-02 5.7695818750552283e-02 -1.6816604351890807e-06
824 4.0209960937500000e-01 5.7740165319303767e-02 5.7741848409948095e-02 -1.6830906443277005e-06
825 4.0258789062500000e-01 5.7785982768777534e-02 5.7787667283205842e-02 -1.6845144283073044e-06
826 4.0307617187500000e-01 5.7831589165972697e-02 5.7833275097749832e-02 -1.6859317771358850e-06
827 4.0356445312500000e-01 5.7876984239686381e-02 5.7878671582367258e-02 -1.6873426808769465e-06
828 4.0405273437500000e-01 5.7922167720078556e-02 5.7923856467208143e-02 -1.6887471295870538e-06
829 4.0454101562500000e-01 5.7967139338672001e-02 5.7968829483785456e-02 -1.6901451134546108e-06
830 4.0502929687500000e-01 5.8011898828352289e-02 5.8013590364975005e-02 -1.6915366227165940e-06
831 4.0551757812500000e-01 5.8056445923367880e-02 5.8058138845015463e-02 -1.6929216475822240e-06
832 4.0600585937500000e-01 5.8100780359330029e-02 5.8102474659508449e-02 -1.6943001784203160e-06
833 4.0649414062500000e-01 5.8144901873212779e-02 5.8146597545418371e-02 -1.6956722055927465e-06
834 4.0698242187500000e-01 5.8188810203353036e-02 5.8190507241072560e-02 -1.6970377195238417e-06
835 4.0747070312500000e-01 5.8232505089450555e-02 5.8234203486161255e-02 -1.6983967107003783e-06
836 4.0795898437500000e-01 5.8275986272567908e-02 5.8277686021737510e-02 -1.6997491696021938e-06
837 4.0844726562500000e-01 5.8319253495130542e-02 5.8320954590217300e-02 -1.7010950867576979e-06
838 4.0893554687500000e-01 5.8362306500926636e-02 5.8364008935379491e-02 -1.7024344528548951e-06
839 4.0942382812500000e-01 5.8405145035107270e-02 5.8406848802365768e-02 -1.7037672584985231e-06
840 4.0991210937500000e-01 5.8447768844186322e-02 5.8449473937680761e-02 -1.7050934944390361e-06
841 4.1040039062500000e-01 5.8490177676040513e-02 5.8491884089191939e-02 -1.7064131514268888e-06
842 4.1088867187500000e-01 5.8532371279909359e-02 5.8534079006129648e-02 -1.7077262202888632e-06
843 4.1137695312500000e-01 5.8574349406395228e-02 5.8576058439087142e-02 -1.7090326919141918e-06
844 4.1186523437500000e-01 5.8616111807463310e-02 5.8617822140020516e-02 -1.7103325572059846e-06
845 4.1235351562500000e-01 5.8657658236441597e-02 5.8659369862248796e-02 -1.7116258071991908e-06
846 4.1284179687500000e-01 5.8698988448020940e-02 5.8700701360453807e-02 -1.7129124328663092e-06
847 4.1333007812500000e-01 5.8740102198254963e-02 5.8741816390680331e-02 -1.7141924253671892e-06
848 4.1381835937500000e-01 5.8780999244560109e-02 5.8782714710335998e-02 -1.7154657758894354e-06
849 4.1430664062500000e-01 5.8821679345715645e-02 5.8823396078191287e-02 -1.7167324756414692e-06
850 4.1479492187500000e-01 5.8862142261863704e-02 5.8863860254379612e-02 -1.7179925159080400e-06
851 4.1528320312500000e-01 5.8902387754509233e-02 5.8904107000397235e-02 -1.7192458880016526e-06
852 4.1577148437500000e-01 5.8942415586520032e-02 5.8944136079103274e-02 -1.7204925832417506e-06
853 4.1625976562500000e-01 5.8982225522126674e-02 5.8983947254719775e-02 -1.7217325931004335e-06
854 4.1674804687500000e-01 5.9021817326922597e-02 5.9023540292831612e-02 -1.7229659090151062e-06
855 4.1723632812500000e-01 5.9061190767864064e-02 5.9062914960386598e-02 -1.7241925225341959e-06
856 4.1772460937500000e-01 5.9100345613270190e-02 5.9102071025695362e-02 -1.7254124251714353e-06
857 4.1821289062500000e-01 5.9139281632822900e-02 5.9141008258431452e-02 -1.7266256085515796e-06
858 4.1870117187500000e-01 5.9177998597566950e-02 5.9179726429631263e-02 -1.7278320643132616e-06
859 4.1918945312500000e-01 5.9216496279909971e-02 5.9218225311694121e-02 -1.7290317841506253e-06
860 4.1967773437500000e-01 5.9254774453622448e-02 5.9256504678382151e-02 -1.7302247597023035e-06
861 4.2016601562500000e-01 5.9292832893837667e-02 5.9294564304820441e-02 -1.7314109827734625e-06
862 4.2065429687500000e-01 5.9330671377051752e-02 5.9332403967496908e-02 -1.7325904451553908e-06
863 4.2114257812500000e-01 5.9368289681123634e-02 5.9370023444262322e-02 -1.7337631386879493e-06
864 4.2163085937500000e-01 5.9405687585275153e-02 5.9407422514330420e-02 -1.7349290552665098e-06
865 4.2211914062500000e-01 5.9442864870090970e-02 5.9444600958277749e-02 -1.7360881867795053e-06
866 4.2260742187500000e-01 5.9479821317518583e-02 5.9481558558043726e-02 -1.7372405251431244e-06
867 4.2309570312500000e-01 5.9516556710868321e-02 5.9518295096930698e-02 -1.7383860623776393e-06
868 4.2358398437500000e-01 5.9553070834813329e-02 5.9554810359603860e-02 -1.7395247905310773e-06
869 4.2407226562500000e-01 5.9589363475389581e-02 5.9591104132091274e-02 -1.7406567016930996e-06
870 4.2456054687500000e-01 5.9625434419995869e-02 5.9627176201783906e-02 -1.7417817880366337e-06
871 4.2504882812500000e-01 5.9661283457393875e-02 5.9663026357435589e-02 -1.7429000417137908e-06
872 4.2553710937500000e-01 5.9696910377708121e-02 5.9698654389163025e-02 -1.7440114549044372e-06
873 4.2602539062500000e-01 5.9732314972425961e-02 5.9734060088445812e-02 -1.7451160198508897e-06
874 4.2651367187500000e-01 5.9767497034397557e-02 5.9769243248126429e-02 -1.7462137288717927e-06
875 4.2700195312500000e-01 5.9802456357835959e-02 5.9804203662410203e-02 -1.7473045742441573e-06
876 4.2749023437500000e-01 5.9837192738317058e-02 5.9838941126865393e-02 -1.7483885483352002e-06
877 4.2797851562500000e-01 5.9871705972779569e-02 5.9873455438423054e-02 -1.7494656434843825e-06
878 4.2846679687500000e-01 5.9905995859525003e-02 5.9907746395377215e-02 -1.7505358522115766e-06
879 4.2895507812500000e-01 5.9940062198217722e-02 5.9941813797384717e-02 -1.7515991669950215e-06
880 4.2944335937500000e-01 5.9973904789884840e-02 5.9975657445465298e-02 -1.7526555804586730e-06
881 4.2993164062500000e-01 6.0007523436916295e-02 6.0009277142001598e-02 -1.7537050853028147e-06
882 4.3041992187500000e-01 6.0040917943064827e-02 6.0042672690739082e-02 -1.7547476742554857e-06
883 4.3090820312500000e-01 6.0074088113446028e-02 6.0075843896786142e-02 -1.7557833401141143e-06
884 4.3139648437500000e-01 6.0107033754538346e-02 6.0108790566614043e-02 -1.7568120756969452e-06
885 4.3188476562500000e-01 6.0139754674183053e-02 6.0141512508056896e-02 -1.7578338738430399e-06
886 4.3237304687500000e-01 6.0172250681584209e-02 6.0174009530311726e-02 -1.7588487275163600e-06
887 4.3286132812500000e-01 6.0204521587308726e-02 6.0206281443938414e-02 -1.7598566296878060e-06
888 4.3334960937500000e-01 6.0236567203286351e-02 6.0238328060859742e-02 -1.7608575733907283e-06
889 4.3383789062500000e-01 6.0268387342809662e-02 6.0270149194361335e-02 -1.7618515516723554e-06
890 4.3432617187500000e-01 6.0299981820534060e-02 6.0301744659091737e-02 -1.7628385576770600e-06
891 4.3481445312500000e-01 6.0331350452477790e-02 6.0333114271062346e-02 -1.7638185845561538e-06
892 4.3530273437500000e-01 6.0362493056021940e-02 6.0364257847647436e-02 -1.7647916254956431e-06
893 4.3579101562500000e-01 6.0393409449910465e-02 6.0395175207584181e-02 -1.7657576737162284e-06
894 4.3627929687500000e-01 6.0424099454250139e-02 6.0425866170972613e-02 -1.7667167224733049e-06
895 4.3676757812500000e-01 6.0454562890510530e-02 6.0456330559275642e-02 -1.7676687651124734e-06
896 4.3725585937500000e-01 6.0484799581524043e-02 6.0486568195319078e-02 -1.7686137950348457e-06
897 4.3774414062500000e-01 6.0514809351486003e-02 6.0516578903291596e-02 -1.7695518055929615e-06
898 4.3823242187500000e-01 6.0544592025954573e-02 6.0546362508744726e-02 -1.7704827901532383e-06
899 4.3872070312500000e-01 6.0574147431850696e-02 6.0575918838592924e-02 -1.7714067422278101e-06
900 4.3920898437500000e-01 6.0603475397458202e-02 6.0605247721113489e-02 -1.7723236552871779e-06
901 4.3969726562500000e-01 6.0632575752423715e-02 6.0634348985946614e-02 -1.7732335228989871e-06
902 4.4018554687500000e-01 6.0661448327756620e-02 6.0663222464095362e-02 -1.7741363387419051e-06
903 4.4067382812500000e-01 6.0690092955829250e-02 6.0691867987925682e-02 -1.7750320964321498e-06
904 4.4116210937500000e-01 6.0718509470376748e-02 6.0720285391166397e-02 -1.7759207896483886e-06
905 4.4165039062500000e-01 6.0746697706497106e-02 6.0748474508909210e-02 -1.7768024121039838e-06
906 4.4213867187500000e-01 6.0774657500651121e-02 6.0776435177608688e-02 -1.7776769575678086e-06
907 4.4262695312500000e-01 6.0802388690662477e-02 6.0804167235082314e-02 -1.7785444198364919e-06
908 4.4311523437500000e-01 6.0829891115717676e-02 6.0831670520510417e-02 -1.7794047927413570e-06
909 4.4360351562500000e-01 6.0857164616366075e-02 6.0858944874436202e-02 -1.7802580701276050e-06
910 4.4409179687500000e-01 6.0884209034519875e-02 6.0885990138765791e-02 -1.7811042459167648e-06
911 4.4458007812500000e-01 6.0911024213454019e-02 6.0912806156768119e-02 -1.7819433140997543e-06
912 4.4506835937500000e-01 6.0937609997806376e-02 6.0939392773075057e-02 -1.7827752686813692e-06
913 4.4555664062500000e-01 6.0963966233577527e-02 6.0965749833681360e-02 -1.7836001038329385e-06
914 4.4604492187500000e-01 6.0990092768130839e-02 6.0991877185944600e-02 -1.7844178137604860e-06
915 4.4653320312500000e-01 6.1015989450192536e-02 6.1017774678585268e-02 -1.7852283927324852e-06
916 4.4702148437500000e-01 6.1041656129851650e-02 6.1043442161686744e-02 -1.7860318350937376e-06
917 4.4750976562500000e-01 6.1067092658560078e-02 6.1068879486695281e-02 -1.7868281352029225e-06
918 4.4799804687500000e-01 6.1092298889132535e-02 6.1094086506419974e-02 -1.7876172874395357e-06
919 4.4848632812500000e-01 6.1117274675746500e-02 6.1119063075032849e-02 -1.7883992863496068e-06
920 4.4897460937500000e-01 6.1142019873942362e-02 6.1143809048068772e-02 -1.7891741264097760e-06
921 4.4946289062500000e-01 6.1166534340623316e-02 6.1168324282425496e-02 -1.7899418021799507e-06
922 4.4995117187500000e-01 6.1190817934055348e-02 6.1192608636363680e-02 -1.7907023083310603e-06
923 4.5043945312500000e-01 6.1214870513867238e-02 6.1216661969506821e-02 -1.7914556395826065e-06
924 4.5092773437500000e-01 6.1238691941050687e-02 6.1240484142841313e-02 -1.7922017906263354e-06
925 4.5141601562500000e-01 6.1262282077960140e-02 6.1264075018716446e-02 -1.7929407563066491e-06
926 4.5190429687500000e-01 6.1285640788312869e-02 6.1287434460844351e-02 -1.7936725314818269e-06
927 4.5239257812500000e-01 6.1308767937189000e-02 6.1310562334300066e-02 -1.7943971110656598e-06
928 4.5288085937500000e-01 6.1331663391031528e-02 6.1333458505521493e-02 -1.7951144899649996e-06
929 4.5336914062500000e-01 6.1354327017646301e-02 6.1356122842309423e-02 -1.7958246631213926e-06
930 4.5385742187500000e-01 6.1376758686201953e-02 6.1378555213827513e-02 -1.7965276255596518e-06
931 4.5434570312500000e-01 6.1398958267229992e-02 6.1400755490602324e-02 -1.7972233723323461e-06
932 4.5483398437500000e-01 6.1420925632624704e-02 6.1422723544523258e-02 -1.7979118985544940e-06
933 4.5532226562500000e-01 6.1442660655643203e-02 6.1444459248842634e-02 -1.7985931994313198e-06
934 4.5581054687500000e-01 6.1464163210905462e-02 6.1465962478175616e-02 -1.7992672701541701e-06
935 4.5629882812500000e-01 6.1485433174394290e-02 6.1487233108500260e-02 -1.7999341059699026e-06
936 4.5678710937500000e-01 6.1506470423455382e-02 6.1508271017157515e-02 -1.8005937021323137e-06
937 4.5727539062500000e-01 6.1527274836797222e-02 6.1529076082851193e-02 -1.8012460539715280e-06
938 4.5776367187500000e-01 6.1547846294491143e-02 6.1549648185647961e-02 -1.8018911568176699e-06
939 4.5825195312500000e-01 6.1568184677971323e-02 6.1569987206977428e-02 -1.8025290061049470e-06
940 4.5874023437500000e-01 6.1588289870034799e-02 6.1590093029632025e-02 -1.8031595972259340e-06
941 4.5922851562500000e-01 6.1608161754841448e-02 6.1609965537767077e-02 -1.8037829256287163e-06
942 4.5971679687500000e-01 6.1627800217913913e-02 6.1629604616900792e-02 -1.8043989868793409e-06
943 4.6020507812500000e-01 6.1647205146137710e-02 6.1649010153914260e-02 -1.8050077765507933e-06
944 4.6069335937500000e-01 6.1666376427761092e-02 6.1668182037051440e-02 -1.8056092903478982e-06
945 4.6118164062500000e-01 6.1685313952395106e-02 6.1687120155919185e-02 -1.8062035240795637e-06
946 4.6166992187500000e-01 6.1704017611013656e-02 6.1705824401487204e-02 -1.8067904735477591e-06
947 4.6215820312500000e-01 6.1722487295953463e-02 6.1724294666088093e-02 -1.8073701346307813e-06
948 4.6264648437500000e-01 6.1740722900914112e-02 6.1742530843417347e-02 -1.8079425032346830e-06
949 4.6313476562500000e-01 6.1758724320957990e-02 6.1760532828533304e-02 -1.8085075753140889e-06
950 4.6362304687500000e-01 6.1776491452510303e-02 6.1778300517857196e-02 -1.8090653468930129e-06
951 4.6411132812500000e-01 6.1794024193359082e-02 6.1795833809173160e-02 -1.8096158140787355e-06
952 4.6459960937500000e-01 6.1811322442655192e-02 6.1813132601628185e-02 -1.8101589729924150e-06
953 4.6508789062500000e-01 6.1828386100912368e-02 6.1830196795732102e-02 -1.8106948197343931e-06
954 4.6557617187500000e-01 6.1845215070007120e-02 6.1847026293357699e-02 -1.8112233505784836e-06
955 4.6606445312500000e-01 6.1861809253178794e-02 6.1863620997740593e-02 -1.8117445617985006e-06
956 4.6655273437500000e-01 6.1878168555029631e-02 6.1879980813479285e-02 -1.8122584496543803e-06
957 4.6704101562500000e-01 6.1894292881524697e-02 6.1896105646535159e-02 -1.8127650104615700e-06
958 4.6752929687500000e-01 6.1910182139991908e-02 6.1911995404232485e-02 -1.8132642405771504e-06
959 4.6801757812500000e-01 6.1925836239121915e-02 6.1927649995258398e-02 -1.8137561364831023e-06
960 4.6850585937500000e-01 6.1941255088968271e-02 6.1943069329662918e-02 -1.8142406946475287e-06
961 4.6899414062500000e-01 6.1956438600947301e-02 6.1958253318858930e-02 -1.8147179116287382e-06
962 4.6948242187500000e-01 6.1971386687838158e-02 6.1973201875622240e-02 -1.8151877840821840e-06
963 4.6997070312500000e-01 6.1986099263782811e-02 6.1987914914091488e-02 -1.8156503086771969e-06
964 4.7045898437500000e-01 6.2000576244286058e-02 6.2002392349768197e-02 -1.8161054821386191e-06
965 4.7094726562500000e-01 6.2014817546215580e-02 6.2016634099516799e-02 -1.8165533012190482e-06
966 4.7143554687500000e-01 6.2028823087801846e-02 6.2030640081564566e-02 -1.8169937627196542e-06
967 4.7192382812500000e-01 6.2042592788638114e-02 6.2044410215501666e-02 -1.8174268635526292e-06
968 4.7241210937500000e-01 6.2056126569680507e-02 6.2057944422281172e-02 -1.8178526006648599e-06
969 4.7290039062500000e-01 6.2069424353247984e-02 6.2071242624218988e-02 -1.8182709710032330e-06
970 4.7338867187500000e-01 6.2082486063022302e-02 6.2084304744993914e-02 -1.8186819716117797e-06
971 4.7387695312500000e-01 6.2095311624048022e-02 6.2097130709647647e-02 -1.8190855996247368e-06
972 4.7436523437500000e-01 6.2107900962732575e-02 6.2109720444584751e-02 -1.8194818521763412e-06
973 4.7485351562500000e-01 6.2120254006846183e-02 6.2122073877572653e-02 -1.8198707264702185e-06
974 4.7534179687500000e-01 6.2132370685521875e-02 6.2134190937741675e-02 -1.8202522198002002e-06
975 4.7583007812500000e-01 6.2144250929255511e-02 6.2146071555585027e-02 -1.8206263295156289e-06
976 4.7631835937500000e-01 6.2155894669905766e-02 6.2157715662958753e-02 -1.8209930529866636e-06
977 4.7680664062500000e-01 6.2167301840694099e-02 6.2169123193081842e-02 -1.8213523877430582e-06
978 4.7729492187500000e-01 6.2178472376204816e-02 6.2180294080536117e-02 -1.8217043313006887e-06
979 4.7778320312500000e-01 6.2189406212385057e-02 6.2191228261266274e-02 -1.8220488812170643e-06
980 4.7827148437500000e-01 6.2200103286544801e-02 6.2201925672579914e-02 -1.8223860351121446e-06
981 4.7875976562500000e-01 6.2210563537356864e-02 6.2212386253147497e-02 -1.8227157906336444e-06
982 4.7924804687500000e-01 6.2220786904856822e-02 6.2222609943002383e-02 -1.8230381455611178e-06
983 4.7973632812500000e-01 6.2230773330443120e-02 6.2232596683540781e-02 -1.8233530976602408e-06
984 4.8022460937500000e-01 6.2240522756877040e-02 6.2242346417521806e-02 -1.8236606447660786e-06
985 4.8071289062500000e-01 6.2250035128282699e-02 6.2251859089067441e-02 -1.8239607847414518e-06
986 4.8120117187500000e-01 6.2259310390147003e-02 6.2261134643662543e-02 -1.8242535155393869e-06
987 4.8168945312500000e-01 6.2268348489319732e-02 6.2270173028154831e-02 -1.8245388350990321e-06
988 4.8217773437500000e-01 6.2277149374013512e-02 6.2278974190754954e-02 -1.8248167414428029e-06
989 4.8266601562500000e-01 6.2285712993803817e-02 6.2287538081036389e-02 -1.8250872325722978e-06
990 4.8315429687500000e-01 6.2294039299628949e-02 6.2295864649935521e-02 -1.8253503065723820e-06
991 4.8364257812500000e-01 6.2302128243790007e-02 6.2303953849751598e-02 -1.8256059615903708e-06
992 4.8413085937500000e-01 6.2309979779950911e-02 6.2311805634146740e-02 -1.8258541958290908e-06
993 4.8461914062500000e-01 6.2317593863138489e-02 6.2319419958145973e-02 -1.8260950074844295e-06
994 4.8510742187500000e-01 6.2324970449742403e-02 6.2326796778137177e-02 -1.8263283947730913e-06
995 4.8559570312500000e-01 6.2332109497515123e-02 6.2333936051871132e-02 -1.8265543560089248e-06
996 4.8608398437500000e-01 6.2339010965571970e-02 6.2340837738461455e-02 -1.8267728894849622e-06
997 4.8657226562500000e-01 6.2345674814391079e-02 6.2347501798384698e-02 -1.8269839936191357e-06
998 4.8706054687500000e-01 6.2352101005813357e-02 6.2353928193480256e-02 -1.8271876668987663e-06
999 4.8754882812500000e-01 6.2358289503042605e-02 6.2360116886950395e-02 -1.8273839077903586e-06
1000 4.8803710937500000e-01 6.2364240270645480e-02 6.2366067843360282e-02 -1.8275727148020504e-06
1001 4.8852539062500000e-01 6.2369953274551478e-02 6.2371781028637975e-02 -1.8277540864974906e-06
1002 4.8901367187500000e-01 6.2375428482052908e-02 6.2377256410074362e-02 -1.8279280214542060e-06
1003 4.8950195312500000e-01 6.2380665861804928e-02 6.2382493956323247e-02 -1.8280945183191122e-06
1004 4.8999023437500000e-01 6.2385665383825534e-02 6.2387493637401314e-02 -1.8282535757807583e-06
1005 4.9047851562500000e-01 6.2390427019495577e-02 6.2392255424688091e-02 -1.8284051925138156e-06
1006 4.9096679687500000e-01 6.2394950741558763e-02 6.2396779290926033e-02 -1.8285493672692832e-06
1007 4.9145507812500000e-01 6.2399236524121549e-02 6.2401065210220444e-02 -1.8286860988953046e-06
1008 4.9194335937500000e-01 6.2403284342653263e-02 6.2405113158039489e-02 -1.8288153862261458e-06
1009 4.9243164062500000e-01 6.2407094173985982e-02 6.2408923111214258e-02 -1.8289372282764838e-06
1010 4.9291992187500000e-01 6.2410665996314570e-02 6.2412495047938686e-02 -1.8290516241165067e-06
1011 4.9340820312500000e-01 6.2413999789196727e-02 6.2415828947769599e-02 -1.8291585728719140e-06
1012 4.9389648437500000e-01 6.2417095533552999e-02 6.2418924791626695e-02 -1.8292580736961606e-06
1013 4.9438476562500000e-01 6.2419953211666789e-02 6.2421782561792559e-02 -1.8293501257704570e-06
1014 4.9487304687500000e-01 6.2422572807184294e-02 6.2424402241912633e-02 -1.8294347283384638e-06
1015 4.9536132812500000e-01 6.2424954305114522e-02 6.2426783816995270e-02 -1.8295118807479249e-06
1016 4.9584960937500000e-01 6.2427097691829324e-02 6.2428927273411677e-02 -1.8295815823535233e-06
1017 4.9633789062500000e-01 6.2429002955063380e-02 6.2430832598895966e-02 -1.8296438325862696e-06
1018 4.9682617187500000e-01 6.2430670083914237e-02 6.2432499782545080e-02 -1.8296986308424801e-06
1019 4.9731445312500000e-01 6.2432099068842228e-02 6.2433928814818879e-02 -1.8297459766503099e-06
1020 4.9780273437500000e-01 6.2433289901670498e-02 6.2435119687540119e-02 -1.8297858696211811e-06
1021 4.9829101562500000e-01 6.2434242575585087e-02 6.2436072393894364e-02 -1.8298183092763098e-06
1022 4.9877929687500000e-01 6.2434957085134864e-02 6.2436786928430126e-02 -1.8298432952618127e-06
1023 4.9926757812500000e-01 6.2435433426231549e-02 6.2437263287058765e-02 -1.8298608272168670e-06
1024 4.9975585937500000e-01 6.2435671596149649e-02 6.2437501467054526e-02 -1.8298709048777950e-06
1025 5.0024414062500000e-01 6.2435671593526490e-02 6.2437501467054519e-02 -1.8298735280294909e-06
1026 5.0073242187500000e-01 6.2435433418362142e-02 6.2437263287058772e-02 -1.8298686966303213e-06
1027 5.0122070312500000e-01 6.2434957072019466e-02 6.2436786928430132e-02 -1.8298564106664084e-06
1028 5.0170898437500000e-01 6.2434242557224177e-02 6.2436072393894364e-02 -1.8298366701863245e-06
1029 5.0219726562500000e-01 6.2433289878064818e-02 6.2435119687540105e-02 -1.8298094752872140e-06
1030 5.0268554687500000e-01 6.2432099039992778e-02 6.2433928814818879e-02 -1.8297748261009161e-06
1031 5.0317382812500000e-01 6.2430670049822286e-02 6.2432499782545080e-02 -1.8297327227939642e-06
1032 5.0366210937500000e-01 6.2429002915730329e-02 6.2430832598895959e-02 -1.8296831656300361e-06
1033 5.0415039062500000e-01 6.2427097647256749e-02 6.2428927273411670e-02 -1.8296261549213821e-06
1034 5.0463867187500000e-01 6.2424954255304220e-02 6.2426783816995284e-02 -1.8295616910635193e-06
1035 5.0512695312500000e-01 6.2422572752138250e-02 6.2424402241912647e-02 -1.8294897743964533e-06
1036 5.0561523437500000e-01 6.2419953151387139e-02 6.2421782561792545e-02 -1.8294104054059068e-06
1037 5.0610351562500000e-01 6.2417095468042014e-02 6.2418924791626702e-02 -1.8293235846886247e-06
1038 5.0659179687500000e-01 6.2413999718456854e-02 6.2415828947769605e-02 -1.8292293127511461e-06
1039 5.0708007812500000e-01 6.2410665920348385e-02 6.2412495047938686e-02 -1.8291275903012383e-06
1040 5.0756835937500000e-01 6.2407094092796232e-02 6.2408923111214265e-02 -1.8290184180327906e-06
1041 5.0805664062500000e-01 6.2403284256242780e-02 6.2405113158039489e-02 -1.8289017967090815e-06
1042 5.0854492187500000e-01 6.2399236432493226e-02 6.2401065210220430e-02 -1.8287777272044115e-06
1043 5.0903320312500000e-01 6.2394950644715584e-02 6.2396779290926040e-02 -1.8286462104555312e-06
1044 5.0952148437500000e-01 6.2390426917440713e-02 6.2392255424688098e-02 -1.8285072473853137e-06
1045 5.1000976562500000e-01 6.2385665276562349e-02 6.2387493637401308e-02 -1.8283608389582651e-06
1046 5.1049804687500000e-01 6.2380665749337011e-02 6.2382493956323247e-02 -1.8282069862360362e-06
1047 5.1098632812500000e-01 6.2375428364384013e-02 6.2377256410074369e-02 -1.8280456903566056e-06
1048 5.1147460937500000e-01 6.2369953151685524e-02 6.2371781028637982e-02 -1.8278769524579519e-06
1049 5.1196289062500000e-01 6.2364240142586555e-02 6.2366067843360309e-02 -1.8277007737543816e-06
1050 5.1245117187500000e-01 6.2358289369794963e-02 6.2360116886950402e-02 -1.8275171554393843e-06
1051 5.1293945312500000e-01 6.2352100867381362e-02 6.2353928193480249e-02 -1.8273260988868611e-06
1052 5.1342773437500000e-01 6.2345674670779262e-02 6.2347501798384684e-02 -1.8271276054221408e-06
1053 5.1391601562500000e-01 6.2339010816785029e-02 6.2340837738461455e-02 -1.8269216764260632e-06
1054 5.1440429687500000e-01 6.2332109343557839e-02 6.2333936051871125e-02 -1.8267083132864070e-06
1055 5.1489257812500000e-01 6.2324970290619751e-02 6.2326796778137177e-02 -1.8264875174256456e-06
1056 5.1538085937500000e-01 6.2317593698855554e-02 6.2319419958145973e-02 -1.8262592904189079e-06
1057 5.1586914062500000e-01 6.2309979610512906e-02 6.2311805634146733e-02 -1.8260236338274449e-06
1058 5.1635742187500000e-01 6.2302128069202337e-02 6.2303953849751584e-02 -1.8257805492472023e-06
1059 5.1684570312500000e-01 6.2294039119897213e-02 6.2295864649935521e-02 -1.8255300383088202e-06
1060 5.1733398437500000e-01 6.2285712808933712e-02 6.2287538081036389e-02 -1.8252721026776331e-06
1061 5.1782226562500000e-01 6.2277149184010852e-02 6.2278974190754947e-02 -1.8250067440953033e-06
1062 5.1831054687500000e-01 6.2268348294190444e-02 6.2270173028154831e-02 -1.8247339643867599e-06
1063 5.1879882812500000e-01 6.2259310189897131e-02 6.2261134643662522e-02 -1.8244537653908099e-06
1064 5.1928710937500000e-01 6.2250034922918397e-02 6.2251859089067434e-02 -1.8241661490364658e-06
1065 5.1977539062500000e-01 6.2240522546404609e-02 6.2242346417521820e-02 -1.8238711172111066e-06
1066 5.2026367187500000e-01 6.2230773114868944e-02 6.2232596683540788e-02 -1.8235686718437449e-06
1067 5.2075195312500000e-01 6.2220786684187401e-02 6.2222609943002376e-02 -1.8232588149744156e-06
1068 5.2124023437500000e-01 6.2210563311598854e-02 6.2212386253147504e-02 -1.8229415486500922e-06
1069 5.2172851562500000e-01 6.2200103055705003e-02 6.2201925672579900e-02 -1.8226168748969318e-06
1070 5.2221679687500000e-01 6.2189405976470422e-02 6.2191228261266260e-02 -1.8222847958382360e-06
1071 5.2270507812500000e-01 6.2178472135222491e-02 6.2180294080536110e-02 -1.8219453136181230e-06
1072 5.2319335937500000e-01 6.2167301594651371e-02 6.2169123193081856e-02 -1.8215984304847943e-06
1073 5.2368164062500000e-01 6.2155894418810080e-02 6.2157715662958746e-02 -1.8212441486656350e-06
1074 5.2416992187500000e-01 6.2144250673114403e-02 6.2146071555585033e-02 -1.8208824706308913e-06
1075 5.2465820312500000e-01 6.2132370424342900e-02 6.2134190937741675e-02 -1.8205133987744815e-06
1076 5.2514648437500000e-01 6.2120253740636976e-02 6.2122073877572639e-02 -1.8201369356637964e-06
1077 5.2563476562500000e-01 6.2107900691500843e-02 6.2109720444584751e-02 -1.8197530839078602e-06
1078 5.2612304687500000e-01 6.2095311347801600e-02 6.2097130709647654e-02 -1.8193618460532468e-06
1079 5.2661132812500000e-01 6.2082485781769149e-02 6.2084304744993914e-02 -1.8189632247644916e-06
1080 5.2709960937500000e-01 6.2069424066996171e-02 6.2071242624218981e-02 -1.8185572228102131e-06
1081 5.2758789062500000e-01 6.2056126278438199e-02 6.2057944422281165e-02 -1.8181438429659691e-06
1082 5.2807617187500000e-01 6.2042592492413624e-02 6.2044410215501673e-02 -1.8177230880489503e-06
1083 5.2856445312500000e-01 6.2028822786603620e-02 6.2030640081564566e-02 -1.8172949609457367e-06
1084 5.2905273437500000e-01 6.2014817240052159e-02 6.2016634099516792e-02 -1.8168594646331138e-06
1085 5.2954101562500000e-01 6.2000575933166102e-02 6.2002392349768197e-02 -1.8164166020948058e-06
1086 5.3002929687500000e-01 6.1986098947715076e-02 6.1987914914091502e-02 -1.8159663764255596e-06
1087 5.3051757812500000e-01 6.1971386366831527e-02 6.1973201875622240e-02 -1.8155087907131828e-06
1088 5.3100585937500000e-01 6.1956438275010774e-02 6.1958253318858930e-02 -1.8150438481565057e-06
1089 5.3149414062500000e-01 6.1941254758110929e-02 6.1943069329662918e-02 -1.8145715519890526e-06
1090 5.3198242187500000e-01 6.1925835903352856e-02 6.1927649995258405e-02 -1.8140919055484317e-06
1091 5.3247070312500000e-01 6.1910181799320355e-02 6.1911995404232478e-02 -1.8136049121236786e-06
1092 5.3295898437500000e-01 6.1894292535959988e-02 6.1896105646535166e-02 -1.8131105751773013e-06
1093 5.3344726562500000e-01 6.1878168204581196e-02 6.1879980813479285e-02 -1.8126088980885413e-06
1094 5.3393554687500000e-01 6.1861808897856224e-02 6.1863620997740593e-02 -1.8120998843684788e-06
1095 5.3442382812500000e-01 6.1845214709820115e-02 6.1847026293357699e-02 -1.8115835375837053e-06
1096 5.3491210937500000e-01 6.1828385735870767e-02 6.1830196795732102e-02 -1.8110598613355067e-06
1097 5.3540039062500000e-01 6.1811322072768904e-02 6.1813132601628171e-02 -1.8105288592668023e-06
1098 5.3588867187500000e-01 6.1794023818638057e-02 6.1795833809173167e-02 -1.8099905351107171e-06
1099 5.3637695312500000e-01 6.1776491072964575e-02 6.1778300517857210e-02 -1.8094448926350704e-06
1100 5.3686523437500000e-01 6.1758723936597655e-02 6.1760532828533291e-02 -1.8088919356354372e-06
1101 5.3735351562500000e-01 6.1740722511749294e-02 6.1742530843417361e-02 -1.8083316680669870e-06
1102 5.3784179687500000e-01 6.1722486901994271e-02 6.1724294666088107e-02 -1.8077640938363171e-06
1103 5.3833007812500000e-01 6.1704017212270278e-02 6.1705824401487190e-02 -1.8071892169124748e-06
1104 5.3881835937500000e-01 6.1685313548877754e-02 6.1687120155919192e-02 -1.8066070414379798e-06
1105 5.3930664062500000e-01 6.1666376019479899e-02 6.1668182037051440e-02 -1.8060175715414739e-06
1106 5.3979492187500000e-01 6.1647204733102819e-02 6.1649010153914253e-02 -1.8054208114348658e-06
1107 5.4028320312500000e-01 6.1627799800135434e-02 6.1629604616900792e-02 -1.8048167653578195e-06
1108 5.4077148437500000e-01 6.1608161332329492e-02 6.1609965537767070e-02 -1.8042054375777550e-06
1109 5.4125976562500000e-01 6.1588289442799593e-02 6.1590093029632025e-02 -1.8035868324314808e-06
1110 5.4174804687500000e-01 6.1568184246023096e-02 6.1569987206977421e-02 -1.8029609543251945e-06
1111 5.4223632812500000e-01 6.1547845857840233e-02 6.1549648185647968e-02 -1.8023278077344829e-06
1112 5.4272460937500000e-01 6.1527274395454044e-02 6.1529076082851186e-02 -1.8016873971418712e-06
1113 5.4321289062500000e-01 6.1506469977430450e-02 6.1508271017157508e-02 -1.8010397270576406e-06
1114 5.4370117187500000e-01 6.1485432723698129e-02 6.1487233108500260e-02 -1.8003848021308499e-06
1115 5.4418945312500000e-01 6.1464162755548647e-02 6.1465962478175616e-02 -1.7997226269689248e-06
1116 5.4467773437500000e-01 6.1442660195636399e-02 6.1444459248842627e-02 -1.7990532062278630e-06
1117 5.4516601562500000e-01 6.1420925167978646e-02 6.1422723544523258e-02 -1.7983765446122346e-06
1118 5.4565429687500000e-01 6.1398957797955477e-02 6.1400755490602324e-02 -1.7976926468474264e-06
1119 5.4614257812500000e-01 6.1376758212309750e-02 6.1378555213827513e-02 -1.7970015177629084e-06
1120 5.4663085937500000e-01 6.1354326539147207e-02 6.1356122842309416e-02 -1.7963031622089676e-06
1121 5.4711914062500000e-01 6.1331662907936423e-02 6.1333458505521486e-02 -1.7955975850636463e-06
1122 5.4760742187500000e-01 6.1308767449508909e-02 6.1310562334300059e-02 -1.7948847911494759e-06
1123 5.4809570312500000e-01 6.1285640296058881e-02 6.1287434460844351e-02 -1.7941647854693987e-06
1124 5.4858398437500000e-01 6.1262281581143448e-02 6.1264075018716453e-02 -1.7934375730055407e-06
1125 5.4907226562500000e-01 6.1238691439682504e-02 6.1240484142841306e-02 -1.7927031588024778e-06
1126 5.4956054687500000e-01 6.1214870007958791e-02 6.1216661969506828e-02 -1.7919615480366247e-06
1127 5.5004882812500000e-01 6.1190817423617892e-02 6.1192608636363686e-02 -1.7912127457941907e-06
1128 5.5053710937500000e-01 6.1166533825668237e-02 6.1168324282425496e-02 -1.7904567572585295e-06
1129 5.5102539062500000e-01 6.1142019354481124e-02 6.1143809048068785e-02 -1.7896935876615672e-06
1130 5.5151367187500000e-01 6.1117274151790635e-02 6.1119063075032849e-02 -1.7889232422144130e-06
1131 5.5200195312500000e-01 6.1092298360693735e-02 6.1094086506419974e-02 -1.7881457262391987e-06
1132 5.5249023437500000e-01 6.1067092125650202e-02 6.1068879486695288e-02 -1.7873610450858113e-06
1133 5.5297851562500000e-01 6.1041655592482709e-02 6.1043442161686751e-02 -1.7865692040416881e-06
1134 5.5346679687500000e-01 6.1015988908376721e-02 6.1017774678585254e-02 -1.7857702085330440e-06
1135 5.5395507812500000e-01 6.0990092221880517e-02 6.0991877185944600e-02 -1.7849640640832387e-06
1136 5.5444335937500000e-01 6.0963965682905213e-02 6.0965749833681360e-02 -1.7841507761462427e-06
1137 5.5493164062500000e-01 6.0937609442724701e-02 6.0939392773075071e-02 -1.7833303503703157e-06
1138 5.5541992187500000e-01 6.0911023653975625e-02 6.0912806156768133e-02 -1.7825027925078007e-06
1139 5.5590820312500000e-01 6.0884208470657508e-02 6.0885990138765791e-02 -1.7816681082832853e-06
1140 5.5639648437500000e-01 6.0857164048132691e-02 6.0858944874436209e-02 -1.7808263035185012e-06
1141 5.5688476562500000e-01 6.0829890543126389e-02 6.0831670520510417e-02 -1.7799773840282418e-06
1142 5.5737304687500000e-01 6.0802388113726617e-02 6.0804167235082314e-02 -1.7791213556966889e-06
1143 5.5786132812500000e-01 6.0774656919384169e-02 6.0776435177608695e-02 -1.7782582245259859e-06
1144 5.5834960937500000e-01 6.0746697120912713e-02 6.0748474508909217e-02 -1.7773879965043982e-06
1145 5.5883789062500000e-01 6.0718508880488742e-02 6.0720285391166390e-02 -1.7765106776479467e-06
1146 5.5932617187500000e-01 6.0690092361651606e-02 6.0691867987925689e-02 -1.7756262740836748e-06
1147 5.5981445312500000e-01 6.0661447729303444e-02 6.0663222464095362e-02 -1.7747347919178091e-06
1148 5.6030273437500000e-01 6.0632575149709225e-02 6.0634348985946621e-02 -1.7738362373953542e-06
1149 5.6079101562500000e-01 6.0603474790496804e-02 6.0605247721113482e-02 -1.7729306166780479e-06
1150 5.6127929687500000e-01 6.0574146820656892e-02 6.0575918838592924e-02 -1.7720179360317112e-06
1151 5.6176757812500000e-01 6.0544591410542983e-02 6.0546362508744726e-02 -1.7710982017429822e-06
1152 5.6225585937500000e-01 6.0514808731871414e-02 6.0516578903291589e-02 -1.7701714201748264e-06
1153 5.6274414062500000e-01 6.0484798957721339e-02 6.0486568195319078e-02 -1.7692375977387820e-06
1154 5.6323242187500000e-01 6.0454562262534789e-02 6.0456330559275642e-02 -1.7682967408533257e-06
1155 5.6372070312500000e-01 6.0424098822116627e-02 6.0425866170972606e-02 -1.7673488559785677e-06
1156 5.6420898437500000e-01 6.0393408813634558e-02 6.0395175207584174e-02 -1.7663939496162517e-06
1157 5.6469726562500000e-01 6.0362492415619112e-02 6.0364257847647443e-02 -1.7654320283305713e-06
1158 5.6518554687500000e-01 6.0331349807963626e-02 6.0333114271062339e-02 -1.7644630987134757e-06
1159 5.6567382812500000e-01 6.0299981171924234e-02 6.0301744659091744e-02 -1.7634871675095698e-06
1160 5.6616210937500000e-01 6.0268386690119947e-02 6.0270149194361348e-02 -1.7625042414010084e-06
1161 5.6665039062500000e-01 6.0236566546532623e-02 6.0238328060859735e-02 -1.7615143271115796e-06
1162 5.6713867187500000e-01 6.0204520926507021e-02 6.0206281443938407e-02 -1.7605174313858885e-06
1163 5.6762695312500000e-01 6.0172250016750632e-02 6.0174009530311733e-02 -1.7595135611003787e-06
1164 5.6811523437500000e-01 6.0139754005333841e-02 6.0141512508056889e-02 -1.7585027230482275e-06
1165 5.6860351562500000e-01 6.0107033081689867e-02 6.0108790566614043e-02 -1.7574849241752677e-06
1166 5.6909179687500000e-01 6.0074087436614819e-02 6.0075843896786149e-02 -1.7564601713301875e-06
1167 5.6958007812500000e-01 6.0040917262267589e-02 6.0042672690739075e-02 -1.7554284714865753e-06
1168 5.7006835937500000e-01 6.0007522752169883e-02 6.0009277142001598e-02 -1.7543898317151640e-06
1169 5.7055664062500000e-01 5.9973904101206253e-02 5.9975657445465305e-02 -1.7533442590519921e-06
1170 5.7104492187500000e-01 5.9940061505624004e-02 5.9941813797384710e-02 -1.7522917607065702e-06
1171 5.7153320312500000e-01 5.9905995163033250e-02 5.9907746395377215e-02 -1.7512323439647370e-06
1172 5.7202148437500000e-01 5.9871705272406900e-02 5.9873455438423061e-02 -1.7501660161609034e-06
1173 5.7250976562500000e-01 5.9837192034080749e-02 5.9838941126865379e-02 -1.7490927846294801e-06
1174 5.7299804687500000e-01 5.9802455649753422e-02 5.9804203662410203e-02 -1.7480126567812060e-06
1175 5.7348632812500000e-01 5.9767496322486353e-02 5.9769243248126429e-02 -1.7469256400753919e-06
1176 5.7397460937500000e-01 5.9732314256703778e-02 5.9734060088445805e-02 -1.7458317420268599e-06
1177 5.7446289062500000e-01 5.9696909658192791e-02 5.9698654389163025e-02 -1.7447309702336988e-06
1178 5.7495117187500000e-01 5.9661282734103309e-02 5.9663026357435589e-02 -1.7436233322801198e-06
1179 5.7543945312500000e-01 5.9625433692948066e-02 5.9627176201783906e-02 -1.7425088358405394e-06
1180 5.7592773437500000e-01 5.9589362744602588e-02 5.9591104132091260e-02 -1.7413874886726410e-06
1181 5.7641601562500000e-01 5.9553070100305291e-02 5.9554810359603860e-02 -1.7402592985688026e-06
1182 5.7690429687500000e-01 5.9516555972657370e-02 5.9518295096930698e-02 -1.7391242733283407e-06
1183 5.7739257812500000e-01 5.9479820575622837e-02 5.9481558558043733e-02 -1.7379824208962891e-06
1184 5.7788085937500000e-01 5.9442864124528566e-02 5.9444600958277742e-02 -1.7368337491760477e-06
1185 5.7836914062500000e-01 5.9405686836064273e-02 5.9407422514330434e-02 -1.7356782661612224e-06
1186 5.7885742187500000e-01 5.9368288928282553e-02 5.9370023444262329e-02 -1.7345159797760301e-06
1187 5.7934570312500000e-01 5.9330670620598810e-02 5.9332403967496894e-02 -1.7333468980834654e-06
1188 5.7983398437500000e-01 5.9292832133791266e-02 5.9294564304820434e-02 -1.7321710291673398e-06
1189 5.8032226562500000e-01 5.9254773690000963e-02 5.9256504678382151e-02 -1.7309883811877924e-06
1190 5.8081054687500000e-01 5.9216495512731775e-02 5.9218225311694121e-02 -1.7297989623465959e-06
1191 5.8129882812500000e-01 5.9177997826850404e-02 5.9179726429631270e-02 -1.7286027808663396e-06
1192 5.8178710937500000e-01 5.9139280858586434e-02 5.9141008258431445e-02 -1.7273998450112460e-06
1193 5.8227539062500000e-01 5.9100344835532295e-02 5.9102071025695369e-02 -1.7261901630732934e-06
1194 5.8276367187500000e-01 5.9061189986643226e-02 5.9062914960386591e-02 -1.7249737433652768e-06
1195 5.8325195312500000e-01 5.9021816542237315e-02 5.9023540292831612e-02 -1.7237505942971354e-06
1196 5.8374023437500000e-01 5.8982224733995510e-02 5.8983947254719782e-02 -1.7225207242718699e-06
1197 5.8422851562500000e-01 5.8942414794961609e-02 5.8944136079103281e-02 -1.7212841416716640e-06
1198 5.8471679687500000e-01 5.8902386959542245e-02 5.8904107000397221e-02 -1.7200408549758461e-06
1199 5.8520507812500000e-01 5.8862141463506816e-02 5.8863860254379619e-02 -1.7187908728025225e-06
1200 5.8569335937500000e-01 5.8821678543987614e-02 5.8823396078191287e-02 -1.7175342036726549e-06
1201 5.8618164062500000e-01 5.8780998439479655e-02 5.8782714710335998e-02 -1.7162708563431273e-06
1202 5.8666992187500000e-01 5.8740101389840746e-02 5.8741816390680338e-02 -1.7150008395916405e-06
1203 5.8715820312500000e-01 5.8698987636291597e-02 5.8700701360453814e-02 -1.7137241622167121e-06
1204 5.8764648437500000e-01 5.8657657421415696e-02 5.8659369862248782e-02 -1.7124408330862484e-06
1205 5.8813476562500000e-01 5.8616110989159406e-02 5.8617822140020523e-02 -1.7111508611167281e-06
1206 5.8862304687500000e-01 5.8574348584831910e-02 5.8576058439087142e-02 -1.7098542552315688e-06
1207 5.8911132812500000e-01 5.8532370455105183e-02 5.8534079006129641e-02 -1.7085510244582713e-06
1208 5.8959960937500000e-01 5.8490176848014053e-02 5.8491884089191946e-02 -1.7072411778937258e-06
1209 5.9008789062500000e-01 5.8447768012956175e-02 5.8449473937680761e-02 -1.7059247245862497e-06
1210 5.9057617187500000e-01 5.8405144200692066e-02 5.8406848802365775e-02 -1.7046016737090608e-06
1211 5.9106445312500000e-01 5.8362305663345042e-02 5.8364008935379498e-02 -1.7032720344561936e-06
1212 5.9155273437500000e-01 5.8319252654401264e-02 5.8320954590217307e-02 -1.7019358160424991e-06
1213 5.9204101562500000e-01 5.8275985428709744e-02 5.8277686021737510e-02 -1.7005930277660952e-06
1214 5.9252929687500000e-01 5.8232504242482379e-02 5.8234203486161248e-02 -1.6992436788695886e-06
1215 5.9301757812500000e-01 5.8188809353293854e-02 5.8190507241072567e-02 -1.6978877787135471e-06
1216 5.9350585937500000e-01 5.8144901020081671e-02 5.8146597545418365e-02 -1.6965253366932331e-06
1217 5.9399414062500000e-01 5.8100779503146176e-02 5.8102474659508442e-02 -1.6951563622663590e-06
1218 5.9448242187500000e-01 5.8056445064150482e-02 5.8058138845015470e-02 -1.6937808649877817e-06
1219 5.9497070312500000e-01 5.8011897966120447e-02 5.8013590364975005e-02 -1.6923988545580748e-06
1220 5.9545898437500000e-01 5.7967138473444826e-02 5.7968829483785456e-02 -1.6910103406292398e-06
1221 5.9594726562500000e-01 5.7922166851875193e-02 5.7923856467208157e-02 -1.6896153329643004e-06
1222 5.9643554687500000e-01 5.7876983368525960e-02 5.7878671582367258e-02 -1.6882138412985248e-06
1223 5.9692382812500000e-01 5.7831588291874389e-02 5.7833275097749839e-02 -1.6868058754504478e-06
1224 5.9741210937500000e-01 5.7785981891760527e-02 5.7787667283205855e-02 -1.6853914453288099e-06
1225 5.9790039062500000e-01 5.7740164439387238e-02 5.7741848409948088e-02 -1.6839705608492905e-06
1226 5.9838867187500000e-01 5.7694136207320272e-02 5.7695818750552283e-02 -1.6825432320108358e-06
1227 5.9887695312500000e-01 5.7647897469488188e-02 5.7649578578957000e-02 -1.6811094688123918e-06
1228 5.9936523437500000e-01 5.7601448501182331e-02 5.7603128170463667e-02 -1.6796692813361713e-06
1229 5.9985351562500000e-01 5.7554789579056902e-02 5.7556467801736656e-02 -1.6782226797545929e-06
1230 6.0034179687500000e-01 5.7507920981128925e-02 5.7509597750803172e-02 -1.6767696742470140e-06
1231 6.0083007812500000e-01 5.7460842986778199e-02 5.7462518297053282e-02 -1.6753102750829973e-06
1232 6.0131835937500000e-01 5.7413555876747444e-02 5.7415229721239983e-02 -1.6738444925390450e-06
1233 6.0180664062500000e-01 5.7366059933142123e-02 5.7367732305479112e-02 -1.6723723369888033e-06
1234 6.0229492187500000e-01 5.7318355439430493e-02 5.7320026333249383e-02 -1.6708938188891853e-06
1235 6.0278320312500000e-01 5.7270442680443685e-02 5.7272112089392410e-02 -1.6694089487248598e-06
1236 6.0327148437500000e-01 5.7222321942375670e-02 5.7223989860112699e-02 -1.6679177370290676e-06
1237 6.0375976562500000e-01 5.7173993512783246e-02 5.7175659932977574e-02 -1.6664201943281109e-06
1238 6.0424804687500000e-01 5.7125457680586057e-02 5.7127122596917303e-02 -1.6649163312454363e-06
1239 6.0473632812500000e-01 5.7076714736066514e-02 5.7078378142225002e-02 -1.6634061584877569e-06
1240 6.0522460937500000e-01 5.7027764970869914e-02 5.7029426860556655e-02 -1.6618896867409694e-06
1241 6.0571289062500000e-01 5.6978608678004368e-02 5.6980269044931142e-02 -1.6603669267742371e-06
1242 6.0620117187500000e-01 5.6929246151840855e-02 5.6930904989730219e-02 -1.6588378893636624e-06
1243 6.0668945312500000e-01 5.6879677688113119e-02 5.6881334990698522e-02 -1.6573025854033085e-06
1244 6.0717773437500000e-01 5.6829903583917811e-02 5.6831559344943564e-02 -1.6557610257525446e-06
1245 6.0766601562500000e-01 5.6779924137714391e-02 5.6781578350935731e-02 -1.6542132213401284e-06
1246 6.0815429687500000e-01 5.6729739649325206e-02 5.6731392308508294e-02 -1.6526591830878790e-06
1247 6.0864257812500000e-01 5.6679350419935416e-02 5.6681001518857375e-02 -1.6510989219592487e-06
1248 6.0913085937500000e-01 5.6628756752092974e-02 5.6630406284542051e-02 -1.6495324490772845e-06
1249 6.0961914062500000e-01 5.6577958949708698e-02 5.6579606909484194e-02 -1.6479597754956443e-06
1250 6.1010742187500000e-01 5.6526957318056265e-02 5.6528603698968567e-02 -1.6463809123026807e-06
1251 6.1059570312500000e-01 5.6475752163772187e-02 5.6477396959642878e-02 -1.6447958706908294e-06
1252 6.1108398437500000e-01 5.6424343794855787e-02 5.6425986999517626e-02 -1.6432046618386487e-06
1253 6.1157226562500000e-01 5.6372732520669266e-02 5.6374374127966247e-02 -1.6416072969802076e-06
1254 6.1206054687500000e-01 5.6320918651937606e-02 5.6322558655725039e-02 -1.6400037874328421e-06
1255 6.1254882812500000e-01 5.6268902500748612e-02 5.6270540894893160e-02 -1.6383941445485828e-06
1256 6.1303710937500000e-01 5.6216684380552953e-02 5.6218321158932681e-02 -1.6367783797280322e-06
1257 6.1352539062500000e-01 5.6164264606164166e-02 5.6165899762668538e-02 -1.6351565043717931e-06
1258 6.1401367187500000e-01 5.6111643493758634e-02 5.6113277022288521e-02 -1.6335285298874069e-06
1259 6.1450195312500000e-01 5.6058821360875546e-02 5.6060453255343326e-02 -1.6318944677795599e-06
1260 6.1499023437500000e-01 5.6005798526416954e-02 5.6007428780746542e-02 -1.6302543295876326e-06
1261 6.1547851562500000e-01 5.5952575310647748e-02 5.5954203918774578e-02 -1.6286081268301889e-06
1262 6.1596679687500000e-01 5.5899152035195708e-02 5.5900778991066775e-02 -1.6269558710674259e-06
1263 6.1645507812500000e-01 5.5845529023051413e-02 5.5847154320625349e-02 -1.6252975739358688e-06
1264 6.1694335937500000e-01 5.5791706598568240e-02 5.5793330231815368e-02 -1.6236332471275539e-06
1265 6.1743164062500000e-01 5.5737685087462435e-02 5.5739307050364777e-02 -1.6219629023414561e-06
1266 6.1791992187500000e-01 5.5683464816813008e-02 5.5685085103364444e-02 -1.6202865514361453e-06
1267 6.1840820312500000e-01 5.5629046115061739e-02 5.5630664719268072e-02 -1.6186042063326411e-06
1268 6.1889648437500000e-01 5.5574429312013278e-02 5.5576046227892244e-02 -1.6169158789658411e-06
1269 6.1938476562500000e-01 5.5519614738835099e-02 5.5521229960416453e-02 -1.6152215813539095e-06
1270 6.1987304687500000e-01 5.5464602728057547e-02 5.5466216249383055e-02 -1.6135213255080716e-06
1271 6.2036132812500000e-01 5.5409393613573762e-02 5.5411005428697258e-02 -1.6118151234950640e-06
1272 6.2084960937500000e-01 5.5353987730639730e-02 5.5355597833627174e-02 -1.6101029874440731e-06
1273 6.2133789062500000e-01 5.5298385415874209e-02 5.5299993800803825e-02 -1.6083849296161246e-06
1274 6.2182617187500000e-01 5.5242587007258870e-02 5.5244193668221038e-02 -1.6066609621681605e-06
1275 6.2231445312500000e-01 5.5186592844138183e-02 5.5188197775235551e-02 -1.6049310973681452e-06
1276 6.2280273437500000e-01 5.5130403267219429e-02 5.5132006462567044e-02 -1.6031953476158822e-06
1277 6.2329101562500000e-01 5.5074018618572716e-02 5.5075620072297958e-02 -1.6014537252417860e-06
1278 6.2377929687500000e-01 5.5017439241631008e-02 5.5019038947873702e-02 -1.5997062426942321e-06
1279 6.2426757812500000e-01 5.4960665481190038e-02 5.4962263434102529e-02 -1.5979529124909853e-06
1280 6.2475585937500000e-01 5.4903697683408435e-02 5.4905293877155578e-02 -1.5961937471428711e-06
1281 6.2524414062500000e-01 5.4846536195807559e-02 5.4848130624566865e-02 -1.5944287593064321e-06
1282 6.2573242187500000e-01 5.4789181367271553e-02 5.4790774025233281e-02 -1.5926579617284164e-06
1283 6.2622070312500000e-01 5.4731633548047443e-02 5.4733224429414598e-02 -1.5908813671555722e-06
1284 6.2670898437500000e-01 5.4673893089745081e-02 5.4675482188733471e-02 -1.5890989883901585e-06
1285 6.2719726562500000e-01 5.4615960345337160e-02 5.4617547656175429e-02 -1.5873108382691292e-06
1286 6.2768554687500000e-01 5.4557835669159206e-02 5.4559421186088863e-02 -1.5855169296571936e-06
1287 6.2817382812500000e-01 5.4499519416909552e-02 5.4501103134185096e-02 -1.5837172755439610e-06
1288 6.2866210937500000e-01 5.4441011945649362e-02 5.4442593857538267e-02 -1.5819118889051631e-06
1289 6.2915039062500000e-01 5.4382313613802656e-02 5.4383893714585414e-02 -1.5801007827581648e-06
1290 6.2963867187500000e-01 5.4323424781156288e-02 5.4325003065126477e-02 -1.5782839701897200e-06
1291 6.3012695312500000e-01 5.4264345808859908e-02 5.4265922270324264e-02 -1.5764614643559716e-06
1292 6.3061523437500000e-01 5.4205077059426010e-02 5.4206651692704416e-02 -1.5746332784061234e-06
1293 6.3110351562500000e-01 5.4145618896729912e-02 5.4147191696155512e-02 -1.5727994256004019e-06
1294 6.3159179687500000e-01 5.4085971686009746e-02 5.4087542645929014e-02 -1.5709599192684220e-06
1295 6.3208007812500000e-01 5.4026135793866496e-02 5.4027704908639194e-02 -1.5691147726981658e-06
1296 6.3256835937500000e-01 5.3966111588263956e-02 5.3967678852263265e-02 -1.5672639993094539e-06
1297 6.3305664062500000e-01 5.3905899438528693e-02 5.3907464846141298e-02 -1.5654076126053740e-06
1298 6.3354492187500000e-01 5.3845499715350173e-02 5.3847063260976248e-02 -1.5635456260751357e-06
1299 6.3403320312500000e-01 5.3784912790780667e-02 5.3786474468833924e-02 -1.5616780532565211e-06
1300 6.3452148437500000e-01 5.3724139038235329e-02 5.3725698843143065e-02 -1.5598049077358844e-06
1301 6.3500976562500000e-01 5.3663178832492102e-02 5.3664736758695222e-02 -1.5579262031203966e-06
1302 6.3549804687500000e-01 5.3602032549691744e-02 5.3603588591644873e-02 -1.5560419531282510e-06
1303 6.3598632812500000e-01 5.3540700567337868e-02 5.3542254719509373e-02 -1.5541521715053963e-06
1304 6.3647460937500000e-01 5.3479183264296917e-02 5.3480735521168915e-02 -1.5522568719977814e-06
1305 6.3696289062500000e-01 5.3417481020798199e-02 5.3419031376866627e-02 -1.5503560684276829e-06
1306 6.3745117187500000e-01 5.3355594218433833e-02 5.3357142668208492e-02 -1.5484497746590109e-06
1307 6.3793945312500000e-01 5.3293523240158777e-02 5.3295069778163319e-02 -1.5465380045417976e-06
1308 6.3842773437500000e-01 5.3231268470290860e-02 5.3232813091062883e-02 -1.5446207720232197e-06
1309 6.3891601562500000e-01 5.3168830294510756e-02 5.3170372992601793e-02 -1.5426980910365762e-06
1310 6.3940429687500000e-01 5.3106209099861981e-02 5.3107749869837531e-02 -1.5407699755498605e-06
1311 6.3989257812500000e-01 5.3043405274750849e-02 5.3044944111190470e-02 -1.5388364396212717e-06
1312 6.4038085937500000e-01 5.2980419208946528e-02 5.2981956106443871e-02 -1.5368974973437033e-06
1313 6.4086914062500000e-01 5.2917251293581040e-02 5.2918786246743843e-02 -1.5349531628031099e-06
1314 6.4135742187500000e-01 5.2853901921149270e-02 5.2855434924599397e-02 -1.5330034501270795e-06
1315 6.4184570312500000e-01 5.2790371485508907e-02 5.2791902533882433e-02 -1.5310483735264668e-06
1316 6.4233398437500000e-01 5.2726660381880515e-02 5.2728189469827685e-02 -1.5290879471704932e-06
1317 6.4282226562500000e-01 5.2662769006847437e-02 5.2664296129032812e-02 -1.5271221853740968e-06
1318 6.4331054687500000e-01 5.2598697758355857e-02 5.2600222909458351e-02 -1.5251511024938491e-06
1319 6.4379882812500000e-01 5.2534447035714818e-02 5.2535970210427663e-02 -1.5231747128446882e-06
1320 6.4428710937500000e-01 5.2470017239596226e-02 5.2471538432627043e-02 -1.5211930308178800e-06
1321 6.4477539062500000e-01 5.2405408772034839e-02 5.2406927978105651e-02 -1.5192060708116295e-06
1322 6.4526367187500000e-01 5.2340622036428211e-02 5.2342139250275525e-02 -1.5172138473143471e-06
1323 6.4575195312500000e-01 5.2275657437536802e-02 5.2277172653911561e-02 -1.5152163747589320e-06
1324 6.4624023437500000e-01 5.2210515381483885e-02 5.2212028595151554e-02 -1.5132136676684893e-06
1325 6.4672851562500000e-01 5.2145196275755604e-02 5.2146707481496184e-02 -1.5112057405800017e-06
1326 6.4721679687500000e-01 5.2079700529200947e-02 5.2081209721808984e-02 -1.5091926080373907e-06
1327 6.4770507812500000e-01 5.2014028552031688e-02 5.2015535726316384e-02 -1.5071742846956004e-06
1328 6.4819335937500000e-01 5.1948180755822457e-02 5.1949685906607708e-02 -1.5051507852512080e-06
1329 6.4868164062500000e-01 5.1882157553510680e-02 5.1883660675635108e-02 -1.5031221244285464e-06
1330 6.4916992187500000e-01 5.1815959359396542e-02 5.1817460447713667e-02 -1.5010883171254208e-06
1331 6.4965820312500000e-01 5.1749586589143096e-02 5.1751085638521328e-02 -1.4990493782326975e-06
1332 6.5014648437500000e-01 5.1683039659776248e-02 5.1684536665098889e-02 -1.4970053226412428e-06
1333 6.5063476562500000e-01 5.1616318989684738e-02 5.1617813945850063e-02 -1.4949561653251897e-06
1334 6.5112304687500000e-01 5.1549424998620162e-02 5.1550917900541421e-02 -1.4929019212586714e-06
1335 6.5161132812500000e-01 5.1482358107696871e-02 5.1483848950302426e-02 -1.4908426055545987e-06
1336 6.5209960937500000e-01 5.1415118739392120e-02 5.1416607517625397e-02 -1.4887782332773103e-06
1337 6.5258789062500000e-01 5.1347707317545975e-02 5.1349194026365549e-02 -1.4867088195744116e-06
1338 6.5307617187500000e-01 5.1280124267361331e-02 5.1281608901740987e-02 -1.4846343796559580e-06
1339 6.5356445312500000e-01 5.1212370015403907e-02 5.1213852570332646e-02 -1.4825549287389439e-06
1340 6.5405273437500000e-01 5.1144444989602279e-02 5.1145925460084410e-02 -1.4804704821305692e-06
1341 6.5454101562500000e-01 5.1076349619247834e-02 5.1077828000302979e-02 -1.4783810551449728e-06
1342 6.5502929687500000e-01 5.1008084334994763e-02 5.1009560621657957e-02 -1.4762866631934379e-06
1343 6.5551757812500000e-01 5.0939649568860150e-02 5.0941123756181844e-02 -1.4741873216941870e-06
1344 6.5600585937500000e-01 5.0871045754223874e-02 5.0872517837269988e-02 -1.4720830461140144e-06
1345 6.5649414062500000e-01 5.0802273325828623e-02 5.0803743299680633e-02 -1.4699738520099204e-06
1346 6.5698242187500000e-01 5.0733332719779943e-02 5.0734800579534889e-02 -1.4678597549458439e-06
1347 6.5747070312500000e-01 5.0664224373546243e-02 5.0665690114316757e-02 -1.4657407705134795e-06
1348 6.5795898437500000e-01 5.0594948725958752e-02 5.0596412342873112e-02 -1.4636169143600331e-06
1349 6.5844726562500000e-01 5.0525506217211538e-02 5.0526967705413713e-02 -1.4614882021743436e-06
1350 6.5893554687500000e-01 5.0455897288861504e-02 5.0457356643511177e-02 -1.4593546496730059e-06
1351 6.5942382812500000e-01 5.0386122383828356e-02 5.0387579600101019e-02 -1.4572162726628202e-06
1352 6.5991210937500000e-01 5.0316181946394679e-02 5.0317637019481637e-02 -1.4550730869575257e-06
1353 6.6040039062500000e-01 5.0246076422205868e-02 5.0247529347314294e-02 -1.4529251084263728e-06
1354 6.6088867187500000e-01 5.0175806258270131e-02 5.0177257030623125e-02 -1.4507723529941230e-06
1355 6.6137695312500000e-01 5.0105371902958558e-02 5.0106820517795178e-02 -1.4486148366202323e-06
1356 6.6186523437500000e-01 5.0034773806005038e-02 5.0036220258580330e-02 -1.4464525752919122e-06
1357 6.6235351562500000e-01 4.9964012418506266e-02 4.9965456704091360e-02 -1.4442855850935188e-06
1358 6.6284179687500000e-01 4.9893088192921840e-02 4.9894530306803957e-02 -1.4421138821163471e-06
1359 6.6333007812500000e-01 4.9822001583074114e-02 4.9823441520556636e-02 -1.4399374825210809e-06
1360 6.6381835937500000e-01 4.9750753044148284e-02 4.9752190800550808e-02 -1.4377564025239153e-06
1361 6.6430664062500000e-01 4.9679343032692370e-02 4.9680778603350802e-02 -1.4355706584312511e-06
1362 6.6479492187500000e-01 4.9607772006617257e-02 4.9609205386883744e-02 -1.4333802664870388e-06
1363 6.6528320312500000e-01 4.9536040425196673e-02 4.9537471610439733e-02 -1.4311852430601291e-06
1364 6.6577148437500000e-01 4.9464148749067169e-02 4.9465577734671667e-02 -1.4289856044985561e-06
1365 6.6625976562500000e-01 4.9392097440228128e-02 4.9393524221595354e-02 -1.4267813672266816e-06
1366 6.6674804687500000e-01 4.9319886962041766e-02 4.9321311534589504e-02 -1.4245725477382565e-06
1367 6.6723632812500000e-01 4.9247517779233148e-02 4.9248940138395682e-02 -1.4223591625339704e-06
1368 6.6772460937500000e-01 4.9174990357890198e-02 4.9176410499118299e-02 -1.4201412281006354e-06
1369 6.6821289062500000e-01 4.9102305165463656e-02 4.9103723084224705e-02 -1.4179187610499633e-06
1370 6.6870117187500000e-01 4.9029462670767104e-02 4.9030878362545112e-02 -1.4156917780075440e-06
1371 6.6918945312500000e-01 4.8956463343976991e-02 4.8957876804272576e-02 -1.4134602955850895e-06
1372 6.6967773437500000e-01 4.8883307656632624e-02 4.8884718880963060e-02 -1.4112243304359451e-06
1373 6.7016601562500000e-01 4.8809996081636144e-02 4.8811405065535413e-02 -1.4089838992689674e-06
1374 6.7065429687500000e-01 4.8736529093252490e-02 4.8737935832271331e-02 -1.4067390188415851e-06
1375 6.7114257812500000e-01 4.8662907167109484e-02 4.8664311656815430e-02 -1.4044897059459216e-06
1376 6.7163085937500000e-01 4.8589130780197803e-02 4.8590533016175171e-02 -1.4022359773671611e-06
1377 6.7211914062500000e-01 4.8515200410870991e-02 4.8516600388720896e-02 -1.3999778499043658e-06
1378 6.7260742187500000e-01 4.8441116538845426e-02 4.8442514254185852e-02 -1.3977153404259868e-06
1379 6.7309570312500000e-01 4.8366879645200297e-02 4.8368275093666140e-02 -1.3954484658421085e-06
1380 6.7358398437500000e-01 4.8292490212377658e-02 4.8293883389620748e-02 -1.3931772430905709e-06
1381 6.7407226562500000e-01 4.8217948724182363e-02 4.8219339625871528e-02 -1.3909016891647252e-06
1382 6.7456054687500000e-01 4.8143255665782134e-02 4.8144644287603233e-02 -1.3886218210995560e-06
1383 6.7504882812500000e-01 4.8068411523707562e-02 4.8069797861363499e-02 -1.3863376559369867e-06
1384 6.7553710937500000e-01 4.7993416785852089e-02 4.7994800835062801e-02 -1.3840492107120017e-06
1385 6.7602539062500000e-01 4.7918271941471982e-02 4.7919653697974532e-02 -1.3817565025497913e-06
1386 6.7651367187500000e-01 4.7842977481186370e-02 4.7844356940734960e-02 -1.3794595485894234e-06
1387 6.7700195312500000e-01 4.7767533896977230e-02 4.7768911055343186e-02 -1.3771583659560882e-06
1388 6.7749023437500000e-01 4.7691941682189411e-02 4.7693316535161248e-02 -1.3748529718374258e-06
1389 6.7797851562500000e-01 4.7616201331530571e-02 4.7617573874914061e-02 -1.3725433834904655e-06
1390 6.7846679687500000e-01 4.7540313341071200e-02 4.7541683570689344e-02 -1.3702296181444806e-06
1391 6.7895507812500000e-01 4.7464278208244642e-02 4.7465646119937782e-02 -1.3679116931397672e-06
1392 6.7944335937500000e-01 4.7388096431847035e-02 4.7389462021472907e-02 -1.3655896258721323e-06
1393 6.7993164062500000e-01 4.7311768512037285e-02 4.7313131775471105e-02 -1.3632634338206495e-06
1394 6.8041992187500000e-01 4.7235294950337209e-02 4.7236655883471666e-02 -1.3609331344574538e-06
1395 6.8090820312500000e-01 4.7158676249631437e-02 4.7160034848376768e-02 -1.3585987453310078e-06
1396 6.8139648437500000e-01 4.7081912914167467e-02 4.7083269174451443e-02 -1.3562602839758964e-06
1397 6.8188476562500000e-01 4.7005005449555624e-02 4.7006359367323607e-02 -1.3539177679822156e-06
1398 6.8237304687500000e-01 4.6927954362769031e-02 4.6929305933984068e-02 -1.3515712150372061e-06
1399 6.8286132812500000e-01 4.6850760162143679e-02 4.6852109382786500e-02 -1.3492206428211695e-06
1400 6.8334960937500000e-01 4.6773423357378413e-02 4.6774770223447462e-02 -1.3468660690491019e-06
1401 6.8383789062500000e-01 4.6695944459534906e-02 4.6697288967046384e-02 -1.3445075114776328e-06
1402 6.8432617187500000e-01 4.6618323981037671e-02 4.6619666126025583e-02 -1.3421449879119640e-06
1403 6.8481445312500000e-01 4.6540562435674081e-02 4.6541902214190245e-02 -1.3397785161642362e-06
1404 6.8530273437500000e-01 4.6462660338594343e-02 4.6463997746708445e-02 -1.3374081141021010e-06
1405 6.8579101562500000e-01 4.6384618206311561e-02 4.6385953240111133e-02 -1.3350337995723938e-06
1406 6.8627929687500000e-01 4.6306436556701649e-02 4.6307769212292134e-02 -1.3326555904843995e-06
1407 6.8676757812500000e-01 4.6228115909003317e-02 4.6229446182508155e-02 -1.3302735048376091e-06
1408 6.8725585937500000e-01 4.6149656783818181e-02 4.6150984671378771e-02 -1.3278875605898799e-06
1409 6.8774414062500000e-01 4.6071059703110706e-02 4.6072385200886461e-02 -1.3254977757545805e-06
1410 6.8823242187500000e-01 4.5992325190208232e-02 4.5993648294376556e-02 -1.3231041683242628e-06
1411 6.8872070312500000e-01 4.5913453769800924e-02 4.5914774476557278e-02 -1.3207067563539288e-06
1412 6.8920898437500000e-01 4.5834445967941784e-02 4.5835764273499724e-02 -1.3183055579402136e-06
1413 6.8969726562500000e-01 4.5755302312046650e-02 4.5756618212637871e-02 -1.3159005912213861e-06
1414 6.9018554687500000e-01 4.5676023330894169e-02 4.5677336822768574e-02 -1.3134918744051038e-06
1415 6.9067382812500000e-01 4.5596609554625897e-02 4.5597920634051568e-02 -1.3110794256712688e-06
1416 6.9116210937500000e-01 4.5517061514746208e-02 4.5518370178009464e-02 -1.3086632632552941e-06
1417 6.9165039062500000e-01 4.5437379744122361e-02 4.5438685987527747e-02 -1.3062434053856542e-06
1418 6.9213867187500000e-01 4.5357564776984424e-02 4.5358868596854784e-02 -1.3038198703602122e-06
1419 6.9262695312500000e-01 4.5277617148925330e-02 4.5278918541601855e-02 -1.3013926765254036e-06
1420 6.9311523437500000e-01 4.5197537396900876e-02 4.5198836358743034e-02 -1.2989618421582749e-06
1421 6.9360351562500000e-01 4.5117326059229718e-02 4.5118622586615371e-02 -1.2965273856538340e-06
1422 6.9409179687500000e-01 4.5036983675593327e-02 4.5038277764918720e-02 -1.2940893253932106e-06
1423 6.9458007812500000e-01 4.4956510787036025e-02 4.4957802434715859e-02 -1.2916476798338627e-06
1424 6.9506835937500000e-01 4.4875907935964965e-02 4.4877197138432419e-02 -1.2892024674540647e-06
1425 6.9555664062500000e-01 4.4795175666150100e-02 4.4796462419856922e-02 -1.2867537068222967e-06
1426 6.9604492187500000e-01 4.4714314522724188e-02 4.4715598824140765e-02 -1.2843014165764277e-06
1427 6.9653320312500000e-01 4.4633325052182829e-02 4.4634606897798225e-02 -1.2818456153959601e-06
1428 6.9702148437500000e-01 4.4552207802384489e-02 4.4553487188706456e-02 -1.2793863219673351e-06
1429 6.9750976562500000e-01 4.4470963322550489e-02 4.4472240246105479e-02 -1.2769235549908720e-06
1430 6.9799804687500000e-01 4.4389592163264970e-02 4.4390866620598220e-02 -1.2744573332501563e-06
1431 6.9848632812500000e-01 4.4308094876474885e-02 4.4309366864150455e-02 -1.2719876755704074e-06
1432 6.9897460937500000e-01 4.4226472015490056e-02 4.4227741530090882e-02 -1.2695146008254166e-06
1433 6.9946289062500000e-01 4.4144724134983153e-02 4.4145991173111007e-02 -1.2670381278542808e-06
1434 6.9995117187500000e-01 4.4062851790989670e-02 4.4064116349265270e-02 -1.2645582756001805e-06
1435 7.0043945312500000e-01 4.3980855540907936e-02 4.3982117615970984e-02 -1.2620750630479294e-06
1436 7.0092773437500000e-01 4.3898735943499120e-02 4.3899995532008330e-02 -1.2595885092100967e-06
1437 7.0141601562500000e-01 4.3816493558887240e-02 4.3817750657520360e-02 -1.2570986331200684e-06
1438 7.0190429687500000e-01 4.3734128948559131e-02 4.3735383554013019e-02 -1.2546054538875584e-06
1439 7.0239257812500000e-01 4.3651642675364484e-02 4.3652894784355106e-02 -1.2521089906222804e-06
1440 7.0288085937500000e-01 4.3569035303515871e-02 4.3570284912778347e-02 -1.2496092624755817e-06
1441 7.0336914062500000e-01 4.3486307398588706e-02 4.3487554504877297e-02 -1.2471062885918704e-06
1442 7.0385742187500000e-01 4.3403459527521254e-02 4.3404704127609411e-02 -1.2446000881571884e-06
1443 7.0434570312500000e-01 4.3320492258614604e-02 4.3321734349295024e-02 -1.2420906804200271e-06
1444 7.0483398437500000e-01 4.3237406161532689e-02 4.3238645739617353e-02 -1.2395780846635729e-06
1445 7.0532226562500000e-01 4.3154201807302284e-02 4.3155438869622476e-02 -1.2370623201918285e-06
1446 7.0581054687500000e-01 4.3070879768313003e-02 4.3072114311719346e-02 -1.2345434063434912e-06
1447 7.0629882812500000e-01 4.2987440618317344e-02 4.2988672639679842e-02 -1.2320213624988918e-06
1448 7.0678710937500000e-01 4.2903884932430678e-02 4.2905114428638667e-02 -1.2294962079897886e-06
1449 7.0727539062500000e-01 4.2820213287131162e-02 4.2821440255093421e-02 -1.2269679622589624e-06
1450 7.0776367187500000e-01 4.2736426260259842e-02 4.2737650696904599e-02 -1.2244366447561328e-06
1451 7.0825195312500000e-01 4.2652524431020612e-02 4.2653746333295543e-02 -1.2219022749310193e-06
1452 7.0874023437500000e-01 4.2568508379980233e-02 4.2569727744852494e-02 -1.2193648722610972e-06
1453 7.0922851562500000e-01 4.2484378689068306e-02 4.2485595513524592e-02 -1.2168244562862918e-06
1454 7.0971679687500000e-01 4.2400135941577231e-02 4.2401350222623806e-02 -1.2142810465742837e-06
1455 7.1020507812500000e-01 4.2315780722162306e-02 4.2316992456825006e-02 -1.2117346626996928e-06
1456 7.1069335937500000e-01 4.2231313616841591e-02 4.2232522802165967e-02 -1.2091853243759165e-06
1457 7.1118164062500000e-01 4.2146735212995966e-02 4.2147941846047296e-02 -1.2066330513302304e-06
1458 7.1166992187500000e-01 4.2062046099369185e-02 4.2063250177232531e-02 -1.2040778633454208e-06
1459 7.1215820312500000e-01 4.1977246866067845e-02 4.1978448385848022e-02 -1.2015197801765187e-06
1460 7.1264648437500000e-01 4.1892338104561389e-02 4.1893537063383071e-02 -1.1989588216826386e-06
1461 7.1313476562500000e-01 4.1807320407682105e-02 4.1808516802689780e-02 -1.1963950076743224e-06
1462 7.1362304687500000e-01 4.1722194369625105e-02 4.1723388197983220e-02 -1.1938283581147680e-06
1463 7.1411132812500000e-01 4.1636960585948353e-02 4.1638151844841258e-02 -1.1912588929047230e-06
1464 7.1459960937500000e-01 4.1551619653572666e-02 4.1552808340204681e-02 -1.1886866320143241e-06
1465 7.1508789062500000e-01 4.1466172170781711e-02 4.1467358282377159e-02 -1.1861115954484025e-06
1466 7.1557617187500000e-01 4.1380618737221972e-02 4.1381802271025218e-02 -1.1835338032464837e-06
1467 7.1606445312500000e-01 4.1294959953902817e-02 4.1296140907178265e-02 -1.1809532754480934e-06
1468 7.1655273437500000e-01 4.1209196423196454e-02 4.1210374793228623e-02 -1.1783700321690849e-06
1469 7.1704101562500000e-01 4.1123328748837965e-02 4.1124504532931434e-02 -1.1757840934698005e-06
1470 7.1752929687500000e-01 4.1037357535925266e-02 4.1038530731404760e-02 -1.1731954794938493e-06
1471 7.1801757812500000e-01 4.0951283390919101e-02 4.0952453995129534e-02 -1.1706042104334125e-06
1472 7.1850585937500000e-01 4.0865106921643066e-02 4.0866274931949560e-02 -1.1680103064945491e-06
1473 7.1899414062500000e-01 4.0778828737283584e-02 4.0779994151071530e-02 -1.1654137879457682e-06
1474 7.1948242187500000e-01 4.0692449448389900e-02 4.0693612263064997e-02 -1.1628146750972124e-06
1475 7.1997070312500000e-01 4.0605969666874124e-02 4.0607129879862397e-02 -1.1602129882729018e-06
1476 7.2045898437500000e-01 4.0519390006011208e-02 4.0520547614759074e-02 -1.1576087478662456e-06
1477 7.2094726562500000e-01 4.0432711080438964e-02 4.0433866082413235e-02 -1.1550019742706530e-06
1478 7.2143554687500000e-01 4.0345933506158067e-02 4.0347085898845926e-02 -1.1523926878587165e-06
1479 7.2192382812500000e-01 4.0259057900531962e-02 4.0260207681441111e-02 -1.1497809091487454e-06
1480 7.2241210937500000e-01 4.0172084882286990e-02 4.0173232048945656e-02 -1.1471666586659879e-06
1481 7.2290039062500000e-01 4.0085015071512332e-02 4.0086159621469240e-02 -1.1445499569079365e-06
1482 7.2338867187500000e-01 3.9997849089660024e-02 3.9998991020484466e-02 -1.1419308244414728e-06
1483 7.2387695312500000e-01 3.9910587559544894e-02 3.9911726868826818e-02 -1.1393092819236839e-06
1484 7.2436523437500000e-01 3.9823231105344657e-02 3.9824367790694641e-02 -1.1366853499839014e-06
1485 7.2485351562500000e-01 3.9735780352599843e-02 3.9736914411649150e-02 -1.1340590493069680e-06
1486 7.2534179687500000e-01 3.9648235928213829e-02 3.9649367358614455e-02 -1.1314304006262987e-06
1487 7.2583007812500000e-01 3.9560598460452852e-02 3.9561727259877562e-02 -1.1287994247100031e-06
1488 7.2631835937500000e-01 3.9472868578945962e-02 3.9473994745088302e-02 -1.1261661423400682e-06
1489 7.2680664062500000e-01 3.9385046914685022e-02 3.9386170445259432e-02 -1.1235305744095037e-06
1490 7.2729492187500000e-01 3.9297134100024764e-02 3.9298254992766596e-02 -1.1208927418321357e-06
1491 7.2778320312500000e-01 3.9209130768682779e-02 3.9210249021348259e-02 -1.1182526654801572e-06
1492 7.2827148437500000e-01 3.9121037555739514e-02 3.9122153166105803e-02 -1.1156103662882111e-06
1493 7.2875976562500000e-01 3.9032855097638243e-02 3.9033968063503496e-02 -1.1129658652533903e-06
1494 7.2924804687500000e-01 3.8944584032185071e-02 3.8945694351368465e-02 -1.1103191833936044e-06
1495 7.2973632812500000e-01 3.8856224998548967e-02 3.8857332668890729e-02 -1.1076703417614575e-06
1496 7.3022460937500000e-01 3.8767778637261739e-02 3.8768883656623183e-02 -1.1050193614442483e-06
1497 7.3071289062500000e-01 3.8679245590218077e-02 3.8680347956481578e-02 -1.1023662635015197e-06
1498 7.3120117187500000e-01 3.8590626500675455e-02 3.8591726211744587e-02 -1.0997110691315926e-06
1499 7.3168945312500000e-01 3.8501922013254246e-02 3.8503019067053716e-02 -1.0970537994703378e-06
1500 7.3217773437500000e-01 3.8413132773937674e-02 3.8414227168413383e-02 -1.0943944757091373e-06
1501 7.3266601562500000e-01 3.8324259430071839e-02 3.8325351163190871e-02 -1.0917331190324342e-06
1502 7.3315429687500000e-01 3.8235302630365654e-02 3.8236391700116334e-02 -1.0890697506801827e-06
1503 7.3364257812500000e-01 3.8146263024890888e-02 3.8147349429282829e-02 -1.0864043919409094e-06
1504 7.3413085937500000e-01 3.8057141265082146e-02 3.8058225002146250e-02 -1.0837370641031407e-06
1505 7.3461914062500000e-01 3.7967938003736927e-02 3.7969019071525410e-02 -1.0810677884831588e-06
1506 7.3510742187500000e-01 3.7878653895015602e-02 3.7879732291601999e-02 -1.0783965863972456e-06
1507 7.3559570312500000e-01 3.7789289594441326e-02 3.7790365317920543e-02 -1.0757234792171944e-06
1508 7.3608398437500000e-01 3.7699845758900168e-02 3.7700918807388503e-02 -1.0730484883356151e-06
1509 7.3657226562500000e-01 3.7610323046641025e-02 3.7611393418276171e-02 -1.0703716351451176e-06
1510 7.3706054687500000e-01 3.7520722117275584e-02 3.7521789810216748e-02 -1.0676929411632119e-06
1511 7.3754882812500000e-01 3.7431043631778446e-02 3.7432108644206312e-02 -1.0650124278657747e-06
1512 7.3803710937500000e-01 3.7341288252487059e-02 3.7342350582603781e-02 -1.0623301167217436e-06
1513 7.3852539062500000e-01 3.7251456643101727e-02 3.7252516289130996e-02 -1.0596460292694454e-06
1514 7.3901367187500000e-01 3.7161549468685620e-02 3.7162606428872674e-02 -1.0569601870541456e-06
1515 7.3950195312500000e-01 3.7071567395664730e-02 3.7072621668276379e-02 -1.0542726116488654e-06
1516 7.3999023437500000e-01 3.6981511091827922e-02 3.6982562675152583e-02 -1.0515833246613204e-06
1517 7.4047851562500000e-01 3.6891381226326937e-02 3.6892430118674623e-02 -1.0488923476853484e-06
1518 7.4096679687500000e-01 3.6801178469676371e-02 3.6802224669378727e-02 -1.0461997023564207e-06
1519 7.4145507812500000e-01 3.6710903493753611e-02 3.6711946999163969e-02 -1.0435054103585806e-06
1520 7.4194335937500000e-01 3.6620556971798932e-02 3.6621597781292335e-02 -1.0408094934036272e-06
1521 7.4243164062500000e-01 3.6530139578415388e-02 3.6531177690388696e-02 -1.0381119733074429e-06
1522 7.4291992187500000e-01 3.6439651989568909e-02 3.6440687402440754e-02 -1.0354128718442768e-06
1523 7.4340820312500000e-01 3.6349094882588230e-02 3.6350127594799150e-02 -1.0327122109202169e-06
1524 7.4389648437500000e-01 3.6258468936164974e-02 3.6259498946177353e-02 -1.0300100123789013e-06
1525 7.4438476562500000e-01 3.6167774830353612e-02 3.6168802136651731e-02 -1.0273062981194792e-06
1526 7.4487304687500000e-01 3.6077013246571456e-02 3.6078037847661545e-02 -1.0246010900896718e-06
1527 7.4536132812500000e-01 3.5986184867598636e-02 3.5987206762008901e-02 -1.0218944102649563e-06
1528 7.4584960937500000e-01 3.5895290377578166e-02 3.5896309563858822e-02 -1.0191862806555041e-06
1529 7.4633789062500000e-01 3.5804330462015893e-02 3.5805346938739172e-02 -1.0164767232784255e-06
1530 7.4682617187500000e-01 3.5713305807780538e-02 3.5714319573540723e-02 -1.0137657601855254e-06
1531 7.4731445312500000e-01 3.5622217103103634e-02 3.5623228156517105e-02 -1.0110534134702420e-06
1532 7.4780273437500000e-01 3.5531065037579607e-02 3.5532073377284840e-02 -1.0083397052329524e-06
1533 7.4829101562500000e-01 3.5439850302165711e-02 3.5440855926823327e-02 -1.0056246576156669e-06
1534 7.4877929687500000e-01 3.5348573589182093e-02 3.5349576497474826e-02 -1.0029082927326405e-06
1535 7.4926757812500000e-01 3.5257235592311732e-02 3.5258235782944514e-02 -1.0001906327813948e-06
1536 7.4975585937500000e-01 3.5165837006600448e-02 3.5166834478300400e-02 -9.9747169995251239e-07
1537 7.5024414062500000e-01 3.5074378528456907e-02 3.5075373279973406e-02 -9.9475151649902616e-07
1538 7.5073242187500000e-01 3.4982860855652644e-02 3.4983852885757311e-02 -9.9203010466702990e-07
1539 7.5122070312500000e-01 3.4891284687322055e-02 3.4892273994808785e-02 -9.8930748673037305e-07
1540 7.5170898437500000e-01 3.4799650723962350e-02 3.4800637307647375e-02 -9.8658368502535509e-07
1541 7.5219726562500000e-01 3.4707959667433626e-02 3.4708943526155514e-02 -9.8385872188827550e-07
1542 7.5268554687500000e-01 3.4616212220958807e-02 3.4617193353578490e-02 -9.8113261968318932e-07
1543 7.5317382812500000e-01 3.4524409089123645e-02 3.4525387494524488e-02 -9.7840540084354055e-07
1544 7.5366210937500000e-01 3.4432550977876779e-02 3.4433526654964575e-02 -9.7567708779583429e-07
1545 7.5415039062500000e-01 3.4340638594529696e-02 3.4341611542232670e-02 -9.7294770297351452e-07
1546 7.5463867187500000e-01 3.4248672647756780e-02 3.4249642865025604e-02 -9.7021726882390302e-07
1547 7.5512695312500000e-01 3.4156653847595211e-02 3.4157621333403061e-02 -9.6748580784983274e-07
1548 7.5561523437500000e-01 3.4064582905445048e-02 3.4065547658787630e-02 -9.6475334258189216e-07
1549 7.5610351562500000e-01 3.3972460534069222e-02 3.3973422553964745e-02 -9.6201989552291423e-07
1550 7.5659179687500000e-01 3.3880287447593520e-02 3.3881246733082751e-02 -9.5928548923124302e-07
1551 7.5708007812500000e-01 3.3788064361506588e-02 3.3789020911652853e-02 -9.5655014626522261e-07
1552 7.5756835937500000e-01 3.3695791992659881e-02 3.3696745806549126e-02 -9.5381388924564714e-07
1553 7.5805664062500000e-01 3.3603471059267739e-02 3.3604422136008560e-02 -9.5107674082106630e-07
1554 7.5854492187500000e-01 3.3511102280907305e-02 3.3512050619630966e-02 -9.4833872366084648e-07
1555 7.5903320312500000e-01 3.3418686378518546e-02 3.3419631978379098e-02 -9.4559986055231526e-07
1556 7.5952148437500000e-01 3.3326224074404283e-02 3.3327166934578531e-02 -9.4286017424810575e-07
1557 7.6000976562500000e-01 3.3233716092230199e-02 3.3234656211917769e-02 -9.4011968757024000e-07
1558 7.6049804687500000e-01 3.3141163157024832e-02 3.3142100535448152e-02 -9.3737842331992338e-07
1559 7.6098632812500000e-01 3.3048565995179573e-02 3.3049500631583920e-02 -9.3463640434693351e-07
1560 7.6147460937500000e-01 3.2955925334448646e-02 3.2956857228102189e-02 -9.3189365354268139e-07
1561 7.6196289062500000e-01 3.2863241903949132e-02 3.2864171054142959e-02 -9.2915019382633357e-07
1562 7.6245117187500000e-01 3.2770516434160964e-02 3.2771442840209095e-02 -9.2640604813093441e-07
1563 7.6293945312500000e-01 3.2677749656926922e-02 3.2678673318166339e-02 -9.2366123941728384e-07
1564 7.6342773437500000e-01 3.2584942305452613e-02 3.2585863221243343e-02 -9.2091579072944851e-07
1565 7.6391601562500000e-01 3.2492095114306535e-02 3.2493013284031598e-02 -9.1816972506292283e-07
1566 7.6440429687500000e-01 3.2399208819420003e-02 3.2400124242485492e-02 -9.1542306548952901e-07
1567 7.6489257812500000e-01 3.2306284158087180e-02 3.2307196833922296e-02 -9.1267583511578376e-07
1568 7.6538085937500000e-01 3.2213321868965097e-02 3.2214231797022139e-02 -9.0992805704126489e-07
1569 7.6586914062500000e-01 3.2120322692073648e-02 3.2121229871828055e-02 -9.0717975440718357e-07
1570 7.6635742187500000e-01 3.2027287368795607e-02 3.2028191799745948e-02 -9.0443095034087317e-07
1571 7.6684570312500000e-01 3.1934216641876574e-02 3.1935118323544578e-02 -9.0168166800436156e-07
1572 7.6733398437500000e-01 3.1841111255425013e-02 3.1842010187355621e-02 -8.9893193060824883e-07
1573 7.6782226562500000e-01 3.1747971954912226e-02 3.1748868136673596e-02 -8.9618176137007399e-07
1574 7.6831054687500000e-01 3.1654799487172362e-02 3.1655692918355932e-02 -8.9343118356982609e-07
1575 7.6879882812500000e-01 3.1561594600402448e-02 3.1562485280622915e-02 -8.9068022046667750e-07
1576 7.6928710937500000e-01 3.1468358044162356e-02 3.1469245973057711e-02 -8.8792889535449504e-07
1577 7.6977539062500000e-01 3.1375090569374840e-02 3.1375975746606367e-02 -8.8517723152714556e-07
1578 7.7026367187500000e-01 3.1281792928325496e-02 3.1282675353577823e-02 -8.8242525232706814e-07
1579 7.7075195312500000e-01 3.1188465874662771e-02 3.1189345547643885e-02 -8.7967298111404912e-07
1580 7.7124023437500000e-01 3.1095110163397985e-02 3.1095987083839226e-02 -8.7692044124093593e-07
1581 7.7172851562500000e-01 3.1001726550905329e-02 3.1002600718561424e-02 -8.7416765609527047e-07
1582 7.7221679687500000e-01 3.0908315794921835e-02 3.0909187209570903e-02 -8.7141464906806410e-07
1583 7.7270507812500000e-01 3.0814878654547385e-02 3.0815747315990995e-02 -8.6866144360930875e-07
1584 7.7319335937500000e-01 3.0721415890244703e-02 3.0722281798307900e-02 -8.6590806319675195e-07
1585 7.7368164062500000e-01 3.0627928263839335e-02 3.0628791418370698e-02 -8.6315453136365239e-07
1586 7.7416992187500000e-01 3.0534416538519682e-02 3.0535276939391325e-02 -8.6040087164326873e-07
1587 7.7465820312500000e-01 3.0440881478836980e-02 3.0441739125944643e-02 -8.5764710766253471e-07
1588 7.7514648437500000e-01 3.0347323850705335e-02 3.0348178743968338e-02 -8.5489326300328128e-07
1589 7.7563476562500000e-01 3.0253744421401729e-02 3.0254596560763024e-02 -8.5213936129591161e-07
1590 7.7612304687500000e-01 3.0160143959565969e-02 3.0160993344992157e-02 -8.4938542618817614e-07
1591 7.7661132812500000e-01 3.0066523235200707e-02 3.0067369866682084e-02 -8.4663148137639754e-07
1592 7.7709960937500000e-01 2.9972883019671465e-02 2.9973726897222049e-02 -8.4387755058465408e-07
1593 7.7758789062500000e-01 2.9879224085706608e-02 2.9880065209364134e-02 -8.4112365752661566e-07
1594 7.7807617187500000e-01 2.9785547207397383e-02 2.9786385577223344e-02 -8.3836982596105503e-07
1595 7.7856445312500000e-01 2.9691853160197856e-02 2.9692688776277527e-02 -8.3561607967103102e-07
1596 7.7905273437500000e-01 2.9598142720924973e-02 2.9598975583367423e-02 -8.3286244245001084e-07
1597 7.7954101562500000e-01 2.9504416667758538e-02 2.9505246776696664e-02 -8.3010893812615616e-07
1598 7.8002929687500000e-01 2.9410675780241220e-02 2.9411503135831740e-02 -8.2735559052068974e-07
1599 7.8051757812500000e-01 2.9316920839278553e-02 2.9317745441702021e-02 -8.2460242346871215e-07
1600 7.8100585937500000e-01 2.9223152627138892e-02 2.9223974476599777e-02 -8.2184946088512123e-07
1601 7.8149414062500000e-01 2.9129371927453473e-02 2.9130191024180119e-02 -8.1909672664665090e-07
1602 7.8198242187500000e-01 2.9035579525216331e-02 2.9036395869461083e-02 -8.1634424475146572e-07
1603 7.8247070312500000e-01 2.8941776206784346e-02 2.8942589798823543e-02 -8.1359203919773027e-07
1604 7.8295898437500000e-01 2.8847962759877249e-02 2.8848773600011271e-02 -8.1084013402177302e-07
1605 7.8344726562500000e-01 2.8754139973577640e-02 2.8754948062130917e-02 -8.0808855327726969e-07
1606 7.8393554687500000e-01 2.8660308638330981e-02 2.8661113975652013e-02 -8.0533732103177380e-07
1607 7.8442382812500000e-01 2.8566469545945571e-02 2.8567272132406948e-02 -8.0258646137712497e-07
1608 7.8491210937500000e-01 2.8472623489592567e-02 2.8473423325591007e-02 -7.9983599843985731e-07
1609 7.8540039062500000e-01 2.8378771263805978e-02 2.8379568349762373e-02 -7.9708595639507718e-07
1610 7.8588867187500000e-01 2.8284913664482672e-02 2.8285708000842055e-02 -7.9433635938319647e-07
1611 7.8637695312500000e-01 2.8191051488882377e-02 2.8191843076113988e-02 -7.9158723161054656e-07
1612 7.8686523437500000e-01 2.8097185535627657e-02 2.8097974374224972e-02 -7.8883859731468386e-07
1613 7.8735351562500000e-01 2.8003316604703930e-02 2.8004102695184663e-02 -7.8609048073316479e-07
1614 7.8784179687500000e-01 2.7909445497459471e-02 2.7910228840365637e-02 -7.8334290616599578e-07
1615 7.8833007812500000e-01 2.7815573016605401e-02 2.7816353612503314e-02 -7.8059589791318329e-07
1616 7.8881835937500000e-01 2.7721699966215707e-02 2.7722477815696006e-02 -7.7784948029901990e-07
1617 7.8930664062500000e-01 2.7627827151727215e-02 2.7628602255404901e-02 -7.7510367768596211e-07
1618 7.8979492187500000e-01 2.7533955379939568e-02 2.7534727738454074e-02 -7.7235851450585535e-07
1619 7.9028320312500000e-01 2.7440085459015301e-02 2.7440855073030460e-02 -7.6961401515932004e-07
1620 7.9077148437500000e-01 2.7346218198479801e-02 2.7346985068683893e-02 -7.6687020409207940e-07
1621 7.9125976562500000e-01 2.7252354409221319e-02 2.7253118536327073e-02 -7.6412710575332610e-07
1622 7.9174804687500000e-01 2.7158494903490954e-02 2.7159256288235581e-02 -7.6138474462694727e-07
1623 7.9223632812500000e-01 2.7064640494902654e-02 2.7065399138047879e-02 -7.5864314522458565e-07
1624 7.9272460937500000e-01 2.6970791998433215e-02 2.6971547900765298e-02 -7.5590233208217006e-07
1625 7.9321289062500000e-01 2.6876950230422310e-02 2.6877703392752059e-02 -7.5316232974950714e-07
1626 7.9370117187500000e-01 2.6783116008572468e-02 2.6783866431735259e-02 -7.5042316279028132e-07
1627 7.9418945312500000e-01 2.6689290151949048e-02 2.6690037836804879e-02 -7.4768485583062705e-07
1628 7.9467773437500000e-01 2.6595473480980302e-02 2.6596218428413757e-02 -7.4494743345504544e-07
1629 7.9516601562500000e-01 2.6501666817457331e-02 2.6502409028377635e-02 -7.4221092030354874e-07
1630 7.9565429687500000e-01 2.6407870984534107e-02 2.6408610459875120e-02 -7.3947534101267975e-07
1631 7.9614257812500000e-01 2.6314086806727463e-02 2.6314823547447696e-02 -7.3674072023285908e-07
1632 7.9663085937500000e-01 2.6220315109917073e-02 2.6221049116999733e-02 -7.3400708265961012e-07
1633 7.9711914062500000e-01 2.6126556721345465e-02 2.6127287995798474e-02 -7.3127445300927296e-07
1634 7.9760742187500000e-01 2.6032812469618048e-02 2.6033541012474043e-02 -7.2854285599471824e-07
1635 7.9809570312500000e-01 2.5939083184703091e-02 2.5939808997019444e-02 -7.2581231635310273e-07
1636 7.9858398437500000e-01 2.5845369697931716e-02 2.5846092780790558e-02 -7.2308285884239987e-07
1637 7.9907226562500000e-01 2.5751672841997895e-02 2.5752393196506140e-02 -7.2035450824486924e-07
1638 7.9956054687500000e-01 2.5657993450958465e-02 2.5658711078247826e-02 -7.1762728936011766e-07
1639 8.0004882812500000e-01 2.5564332360233106e-02 2.5565047261460142e-02 -7.1490122703632419e-07
1640 8.0053710937500000e-01 2.5470690406604362e-02 2.5471402582950466e-02 -7.1217634610432068e-07
1641 8.0102539062500000e-01 2.5377068428217658e-02 2.5377777880889088e-02 -7.0945267142963342e-07
1642 8.0151367187500000e-01 2.5283467264581295e-02 2.5284173994809155e-02 -7.0673022786044148e-07
1643 8.0200195312500000e-01 2.5189887756566380e-02 2.5190591765606687e-02 -7.0400904030737399e-07
1644 8.0249023437500000e-01 2.5096330746406933e-02 2.5097032035540597e-02 -7.0128913366371282e-07
1645 8.0297851562500000e-01 2.5002797077699819e-02 2.5003495648232676e-02 -6.9857053285743431e-07
1646 8.0346679687500000e-01 2.4909287595404787e-02 2.4909983448667593e-02 -6.9585326280610649e-07
1647 8.0395507812500000e-01 2.4815803145844424e-02 2.4816496283192879e-02 -6.9313734845505293e-07
1648 8.0444335937500000e-01 2.4722344576704167e-02 2.4723034999518965e-02 -6.9042281479816947e-07
1649 8.0493164062500000e-01 2.4628912737032316e-02 2.4629600446719153e-02 -6.8770968683629086e-07
1650 8.0541992187500000e-01 2.4535508477240009e-02 2.4536193475229617e-02 -6.8499798960841574e-07
1651 8.0590820312500000e-01 2.4442132649101216e-02 2.4442814936849414e-02 -6.8228774819864557e-07
1652 8.0639648437500000e-01 2.4348786105752779e-02 2.4349465684740491e-02 -6.7957898771189851e-07
1653 8.0688476562500000e-01 2.4255469701694392e-02 2.4256146573427659e-02 -6.7687173326697048e-07
1654 8.0737304687500000e-01 2.4162184292788623e-02 2.4162858458798595e-02 -6.7416600997224907e-07
1655 8.0786132812500000e-01 2.4068930736260881e-02 2.4069602198103893e-02 -6.7146184301244971e-07
1656 8.0834960937500000e-01 2.3975709890699439e-02 2.3976378649956991e-02 -6.6875925755147114e-07
1657 8.0883789062500000e-01 2.3882522616055418e-02 2.3883188674334220e-02 -6.6605827880178436e-07
1658 8.0932617187500000e-01 2.3789369773642811e-02 2.3790033132574790e-02 -6.6335893197932982e-07
1659 8.0981445312500000e-01 2.3696252226138463e-02 2.3696912887380780e-02 -6.6066124231739520e-07
1660 8.1030273437500000e-01 2.3603170837582066e-02 2.3603828802817164e-02 -6.5796523509784044e-07
1661 8.1079101562500000e-01 2.3510126473376181e-02 2.3510781744311777e-02 -6.5527093559558658e-07
1662 8.1127929687500000e-01 2.3417120000286219e-02 2.3417772578655342e-02 -6.5257836912371858e-07
1663 8.1176757812500000e-01 2.3324152286440442e-02 2.3324802174001461e-02 -6.4988756101960754e-07
1664 8.1225585937500000e-01 2.3231224201329979e-02 2.3231871399866610e-02 -6.4719853663103288e-07
1665 8.1274414062500000e-01 2.3138336615808847e-02 2.3138981127130146e-02 -6.4451132129883515e-07
1666 8.1323242187500000e-01 2.3045490402093929e-02 2.3046132228034307e-02 -6.4182594037773266e-07
1667 8.1372070312500000e-01 2.2952686433764965e-02 2.2953325576184205e-02 -6.3914241923979098e-07
1668 8.1420898437500000e-01 2.2859925585764551e-02 2.2860562046547829e-02 -6.3646078327789235e-07
1669 8.1469726562500000e-01 2.2767208734398147e-02 2.2767842515456053e-02 -6.3378105790573569e-07
1670 8.1518554687500000e-01 2.2674536757334052e-02 2.2675167860602627e-02 -6.3110326857518384e-07
1671 8.1567382812500000e-01 2.2581910533603439e-02 2.2582538961044174e-02 -6.2842744073463019e-07
1672 8.1616210937500000e-01 2.2489330943600359e-02 2.2489956697200202e-02 -6.2575359984287648e-07
1673 8.1665039062500000e-01 2.2396798869081733e-02 2.2397421950853102e-02 -6.2308177136913279e-07
1674 8.1713867187500000e-01 2.2304315193167324e-02 2.2304935605148127e-02 -6.2041198080342586e-07
1675 8.1762695312500000e-01 2.2211880800339770e-02 2.2212498544593427e-02 -6.1774425365659913e-07
1676 8.1811523437500000e-01 2.2119496576444578e-02 2.2120111655060021e-02 -6.1507861544296549e-07
1677 8.1860351562500000e-01 2.2027163408690119e-02 2.2027775823781799e-02 -6.1241509168030728e-07
1678 8.1909179687500000e-01 2.1934882185647625e-02 2.1935491939355550e-02 -6.0975370792457073e-07
1679 8.1958007812500000e-01 2.1842653797251178e-02 2.1843260891740924e-02 -6.0709448974557989e-07
1680 8.2006835937500000e-01 2.1750479134797728e-02 2.1751083572260452e-02 -6.0443746272356713e-07
1681 8.2055664062500000e-01 2.1658359090947057e-02 2.1658960873599552e-02 -6.0178265249427598e-07
1682 8.2104492187500000e-01 2.1566294559721796e-02 2.1566893689806511e-02 -5.9913008471426665e-07
1683 8.2153320312500000e-01 2.1474286436507437e-02 2.1474882916292504e-02 -5.9647978506785493e-07
1684 8.2202148437500000e-01 2.1382335618052327e-02 2.1382929449831570e-02 -5.9383177924282604e-07
1685 8.2250976562500000e-01 2.1290443002467699e-02 2.1291034188560643e-02 -5.9118609294431246e-07
1686 8.2299804687500000e-01 2.1198609489227624e-02 2.1199198031979529e-02 -5.8854275190520222e-07
1687 8.2348632812500000e-01 2.1106835979169038e-02 2.1107421880950904e-02 -5.8590178186532227e-07
1688 8.2397460937500000e-01 2.1015123374491736e-02 2.1015706637700339e-02 -5.8326320860266345e-07
1689 8.2446289062500000e-01 2.0923472578758377e-02 2.0924053205816268e-02 -5.8062705789174718e-07
1690 8.2495117187500000e-01 2.0831884496894482e-02 2.0832462490250014e-02 -5.7799335553138098e-07
1691 8.2543945312500000e-01 2.0740360035188414e-02 2.0740935397315773e-02 -5.7536212735853631e-07
1692 8.2592773437500000e-01 2.0648900101291411e-02 2.0649472834690617e-02 -5.7273339920671518e-07
1693 8.2641601562500000e-01 2.0557505604217569e-02 2.0558075711414502e-02 -5.7010719693370571e-07
1694 8.2690429687500000e-01 2.0466177454343829e-02 2.0466744937890274e-02 -5.6748354644586829e-07
1695 8.2739257812500000e-01 2.0374916563410013e-02 2.0375481425883628e-02 -5.6486247361486885e-07
1696 8.2788085937500000e-01 2.0283723844518809e-02 2.0284286088523156e-02 -5.6224400434706778e-07
1697 8.2836914062500000e-01 2.0192600212135779e-02 2.0193159840300335e-02 -5.5962816455576436e-07
1698 8.2885742187500000e-01 2.0101546582089336e-02 2.0102103597069508e-02 -5.5701498017160511e-07
1699 8.2934570312500000e-01 2.0010563871570759e-02 2.0011118276047894e-02 -5.5440447713564489e-07
1700 8.2983398437500000e-01 1.9919652999134181e-02 1.9920204795815608e-02 -5.5179668142710248e-07
1701 8.3032226562500000e-01 1.9828814884696601e-02 1.9829364076315626e-02 -5.4919161902519664e-07
1702 8.3081054687500000e-01 1.9738050449537879e-02 1.9738597038853806e-02 -5.4658931592649340e-07
1703 8.3129882812500000e-01 1.9647360616300753e-02 1.9647904606098894e-02 -5.4398979814143655e-07
1704 8.3178710937500000e-01 1.9556746308990822e-02 1.9557287702082506e-02 -5.4139309168393934e-07
1705 8.3227539062500000e-01 1.9466208452976554e-02 1.9466747252199136e-02 -5.3879922258179280e-07
1706 8.3276367187500000e-01 1.9375747974989276e-02 1.9376284183206159e-02 -5.3620821688360465e-07
1707 8.3325195312500000e-01 1.9285365803123188e-02 1.9285899423223837e-02 -5.3362010064839094e-07
1708 8.3374023437500000e-01 1.9195062866835363e-02 1.9195593901735288e-02 -5.3103489992475938e-07
1709 8.3422851562500000e-01 1.9104840096945738e-02 1.9105368549586527e-02 -5.2845264078907328e-07
1710 8.3471679687500000e-01 1.9014698425637081e-02 1.9015224298986451e-02 -5.2587334936973762e-07
1711 8.3520507812500000e-01 1.8924638786455058e-02 1.8925162083506822e-02 -5.2329705176393237e-07
1712 8.3569335937500000e-01 1.8834662114308152e-02 1.8835182838082283e-02 -5.2072377413128756e-07
1713 8.3618164062500000e-01 1.8744769345467715e-02 1.8745287499010360e-02 -5.1815354264531099e-07
1714 8.3666992187500000e-01 1.8654961417567954e-02 1.8655477003951461e-02 -5.1558638350726604e-07
1715 8.3715820312500000e-01 1.8565239269605949e-02 1.8565752291928854e-02 -5.1302232290453831e-07
1716 8.3764648437500000e-01 1.8475603841941649e-02 1.8476114303328715e-02 -5.1046138706614674e-07
1717 8.3813476562500000e-01 1.8386056076297858e-02 1.8386563979900072e-02 -5.0790360221417141e-07
1718 8.3862304687500000e-01 1.8296596915760237e-02 1.8297102264754846e-02 -5.0534899460885629e-07
1719 8.3911132812500000e-01 1.8207227304777317e-02 1.8207730102367831e-02 -5.0279759051391482e-07
1720 8.3959960937500000e-01 1.8117948189160491e-02 1.8118448438576702e-02 -5.0024941621040764e-07
1721 8.4008789062500000e-01 1.8028760516084021e-02 1.8029258220582003e-02 -4.9770449798286487e-07
1722 8.4057617187500000e-01 1.7939665234085019e-02 1.7940160396947180e-02 -4.9516286216091943e-07
1723 8.4106445312500000e-01 1.7850663293063482e-02 1.7851155917598532e-02 -4.9262453504991810e-07
1724 8.4155273437500000e-01 1.7761755644282264e-02 1.7762245733825250e-02 -4.9008954298643270e-07
1725 8.4204101562500000e-01 1.7672943240367094e-02 1.7673430798279398e-02 -4.8755791230356560e-07
1726 8.4252929687500000e-01 1.7584227035306568e-02 1.7584712064975919e-02 -4.8502966935176639e-07
1727 8.4301757812500000e-01 1.7495607984452124e-02 1.7496090489292643e-02 -4.8250484051964859e-07
1728 8.4350585937500000e-01 1.7407087044518085e-02 1.7407567027970267e-02 -4.7998345218194793e-07
1729 8.4399414062500000e-01 1.7318665173581625e-02 1.7319142639112373e-02 -4.7746553074809461e-07
1730 8.4448242187500000e-01 1.7230343331082757e-02 1.7230818282185419e-02 -4.7495110266221330e-07
1731 8.4497070312500000e-01 1.7142122477824390e-02 1.7142594918018741e-02 -4.7244019435108142e-07
1732 8.4545898437500000e-01 1.7054003575972285e-02 1.7054473508804558e-02 -4.6993283227270144e-07
1733 8.4594726562500000e-01 1.6965987589055070e-02 1.6966455018097956e-02 -4.6742904288507581e-07
1734 8.4643554687500000e-01 1.6878075481964242e-02 1.6878540410816923e-02 -4.6492885268090145e-07
1735 8.4692382812500000e-01 1.6790268220954148e-02 1.6790730653242294e-02 -4.6243228814593640e-07
1736 8.4741210937500000e-01 1.6702566773642007e-02 1.6703026713017807e-02 -4.5993937580063315e-07
1737 8.4790039062500000e-01 1.6614972109007902e-02 1.6615429559150068e-02 -4.5745014216544422e-07
1738 8.4838867187500000e-01 1.6527485197394776e-02 1.6527940162008564e-02 -4.5496461378857767e-07
1739 8.4887695312500000e-01 1.6440107010508437e-02 1.6440559493325662e-02 -4.5248281722518047e-07
1740 8.4936523437500000e-01 1.6352838521417553e-02 1.6353288526196604e-02 -4.5000477905121627e-07
1741 8.4985351562500000e-01 1.6265680704553667e-02 1.6266128235079513e-02 -4.4753052584611819e-07
1742 8.5034179687500000e-01 1.6178634535711160e-02 1.6179079595795388e-02 -4.4506008422748322e-07
1743 8.5083007812500000e-01 1.6091700992047306e-02 1.6092143585528112e-02 -4.4259348080596950e-07
1744 8.5131835937500000e-01 1.6004881052082219e-02 1.6005321182824436e-02 -4.4013074221652126e-07
1745 8.5180664062500000e-01 1.5918175695698870e-02 1.5918613367594002e-02 -4.3767189513224669e-07
1746 8.5229492187500000e-01 1.5831585904143106e-02 1.5832021121109322e-02 -4.3521696621584560e-07
1747 8.5278320312500000e-01 1.5745112660023639e-02 1.5745545426005789e-02 -4.3276598215083451e-07
1748 8.5327148437500000e-01 1.5658756947312048e-02 1.5659187266281672e-02 -4.3031896962419935e-07
1749 8.5375976562500000e-01 1.5572519751342778e-02 1.5572947627298130e-02 -4.2787595535241640e-07
1750 8.5424804687500000e-01 1.5486402058813130e-02 1.5486827495779181e-02 -4.2543696605196191e-07
1751 8.5473632812500000e-01 1.5400404857783273e-02 1.5400827859811738e-02 -4.2300202846533297e-07
1752 8.5522460937500000e-01 1.5314529137676246e-02 1.5314949708845588e-02 -4.2057116934196559e-07
1753 8.5571289062500000e-01 1.5228775889277959e-02 1.5229194033693392e-02 -4.1814441543303049e-07
1754 8.5620117187500000e-01 1.5143146104737175e-02 1.5143561826530689e-02 -4.1572179351398453e-07
1755 8.5668945312500000e-01 1.5057640777565537e-02 1.5058054080895904e-02 -4.1330333036722344e-07
1756 8.5717773437500000e-01 1.4972260902637553e-02 1.4972671791690340e-02 -4.1088905278728605e-07
1757 8.5766601562500000e-01 1.4887007476190600e-02 1.4887415955178172e-02 -4.0847898757218060e-07
1758 8.5815429687500000e-01 1.4801881495824934e-02 1.4802287568986452e-02 -4.0607316151818063e-07
1759 8.5864257812500000e-01 1.4716883960503661e-02 1.4717287632105124e-02 -4.0367160146319303e-07
1760 8.5913085937500000e-01 1.4632015870552753e-02 1.4632417144886993e-02 -4.0127433423992054e-07
1761 8.5961914062500000e-01 1.4547278227661066e-02 1.4547677109047755e-02 -3.9888138668973949e-07
1762 8.6010742187500000e-01 1.4462672034880329e-02 1.4463068527665979e-02 -3.9649278565055679e-07
1763 8.6059570312500000e-01 1.4378198296625129e-02 1.4378592405183119e-02 -3.9410855798976963e-07
1764 8.6108398437500000e-01 1.4293858018672924e-02 1.4294249747403497e-02 -3.9172873057304047e-07
1765 8.6157226562500000e-01 1.4209652208164033e-02 1.4210041561494319e-02 -3.8935333028684849e-07
1766 8.6206054687500000e-01 1.4125581873601635e-02 1.4125968855985670e-02 -3.8698238403502006e-07
1767 8.6254882812500000e-01 1.4041648024851791e-02 1.4042032640770514e-02 -3.8461591872311629e-07
1768 8.6303710937500000e-01 1.3957851673143427e-02 1.3958233927104696e-02 -3.8225396126884137e-07
1769 8.6352539062500000e-01 1.3874193831068349e-02 1.3874573727606929e-02 -3.7989653857949113e-07
1770 8.6401367187500000e-01 1.3790675512581219e-02 1.3791053056258811e-02 -3.7754367759185170e-07
1771 8.6450195312500000e-01 1.3707297732999573e-02 1.3707672928404828e-02 -3.7519540525485229e-07
1772 8.6499023437500000e-01 1.3624061509003818e-02 1.3624434360752329e-02 -3.7285174851048319e-07
1773 8.6547851562500000e-01 1.3540967858637239e-02 1.3541338371371548e-02 -3.7051273430940834e-07
1774 8.6596679687500000e-01 1.3458017801305981e-02 1.3458385979695600e-02 -3.6817838961963889e-07
1775 8.6645507812500000e-01 1.3375212357779049e-02 1.3375578206520472e-02 -3.6584874142306378e-07
1776 8.6694335937500000e-01 1.3292552550188323e-02 1.3292916074005033e-02 -3.6352381671024558e-07
1777 8.6743164062500000e-01 1.3210039402028532e-02 1.3210400605671038e-02 -3.6120364250644132e-07
1778 8.6791992187500000e-01 1.3127673938157265e-02 1.3128032826403107e-02 -3.5888824584211221e-07
1779 8.6840820312500000e-01 1.3045457184794985e-02 1.3045813762448743e-02 -3.5657765375812778e-07
1780 8.6889648437500000e-01 1.2963390169525021e-02 1.2963744441418340e-02 -3.5427189331964370e-07
1781 8.6938476562500000e-01 1.2881473921293577e-02 1.2881825892285148e-02 -3.5197099157099898e-07
1782 8.6987304687500000e-01 1.2799709470409718e-02 1.2800059145385312e-02 -3.4967497559469651e-07
1783 8.7036132812500000e-01 1.2718097848545371e-02 1.2718445232417852e-02 -3.4738387248191283e-07
1784 8.7084960937500000e-01 1.2636640088735336e-02 1.2636985186444663e-02 -3.4509770932729389e-07
1785 8.7133789062500000e-01 1.2555337225377284e-02 1.2555680041890524e-02 -3.4281651323936346e-07
1786 8.7182617187500000e-01 1.2474190294231755e-02 1.2474530834543087e-02 -3.4054031133184948e-07
1787 8.7231445312500000e-01 1.2393200332422147e-02 1.2393538601552883e-02 -3.3826913073582709e-07
1788 8.7280273437500000e-01 1.2312368378434741e-02 1.2312704381433327e-02 -3.3600299858584093e-07
1789 8.7329101562500000e-01 1.2231695472118682e-02 1.2232029214060705e-02 -3.3374194202337448e-07
1790 8.7377929687500000e-01 1.2151182654685995e-02 1.2151514140674190e-02 -3.3148598819511543e-07
1791 8.7426757812500000e-01 1.2070830968711567e-02 1.2071160203875823e-02 -3.2923516425642507e-07
1792 8.7475585937500000e-01 1.1990641458133149e-02 1.1990968447630536e-02 -3.2698949738695082e-07
1793 8.7524414062500000e-01 1.1910615168251362e-02 1.1910939917266126e-02 -3.2474901476460538e-07
1794 8.7573242187500000e-01 1.1830753145729676e-02 1.1831075659473280e-02 -3.2251374360373064e-07
1795 8.7622070312500000e-01 1.1751056438594426e-02 1.1751376722305560e-02 -3.2028371113428100e-07
1796 8.7670898437500000e-01 1.1671526096234815e-02 1.1671844155179400e-02 -3.1805894458447614e-07
1797 8.7719726562500000e-01 1.1592163169402920e-02 1.1592479008874118e-02 -3.1583947119814826e-07
1798 8.7768554687500000e-01 1.1512968710213680e-02 1.1513282335531914e-02 -3.1362531823474205e-07
1799 8.7817382812500000e-01 1.1433943772144912e-02 1.1434255188657861e-02 -3.1141651294849804e-07
1800 8.7866210937500000e-01 1.1355089410037293e-02 1.1355398623119911e-02 -3.0921308261794289e-07
1801 8.7915039062500000e-01 1.1276406680094371e-02 1.1276713695148899e-02 -3.0701505452854216e-07
1802 8.7963867187500000e-01 1.1197896639882566e-02 1.1198201462338532e-02 -3.0482245596576141e-07
1803 8.8012695312500000e-01 1.1119560348331165e-02 1.1119862983645399e-02 -3.0263531423414813e-07
1804 8.8061523437500000e-01 1.1041398865732313e-02 1.1041699319388970e-02 -3.0045365665733181e-07
1805 8.8110351562500000e-01 1.0963413253741033e-02 1.0963711531251585e-02 -2.9827751055200302e-07
1806 8.8159179687500000e-01 1.0885604575375215e-02 1.0885900682278477e-02 -2.9610690326260791e-07
1807 8.8208007812500000e-01 1.0807973895015610e-02 1.0808267836877739e-02 -2.9394186212838846e-07
1808 8.8256835937500000e-01 1.0730522278405850e-02 1.0730814060820357e-02 -2.9178241450766862e-07
1809 8.8305664062500000e-01 1.0653250792652421e-02 1.0653540421240193e-02 -2.8962858777265010e-07
1810 8.8354492187500000e-01 1.0576160506224676e-02 1.0576447986633979e-02 -2.8748040930247354e-07
1811 8.8403320312500000e-01 1.0499252488954841e-02 1.0499537826861336e-02 -2.8533790649536150e-07
1812 8.8452148437500000e-01 1.0422527812038012e-02 1.0422811013144758e-02 -2.8320110674606713e-07
1813 8.8500976562500000e-01 1.0345987548032159e-02 1.0346268618069619e-02 -2.8107003745975190e-07
1814 8.8549804687500000e-01 1.0269632770858119e-02 1.0269911715584171e-02 -2.7894472605198561e-07
1815 8.8598632812500000e-01 1.0193464555799595e-02 1.0193741380999544e-02 -2.7682519994874644e-07
1816 8.8647460937500000e-01 1.0117483979503159e-02 1.0117758690989744e-02 -2.7471148658468614e-07
1817 8.8696289062500000e-01 1.0041692119978260e-02 1.0041964723591666e-02 -2.7260361340659955e-07
1818 8.8745117187500000e-01 9.9660900565972151e-03 9.9663605582050695e-03 -2.7050160785434263e-07
1819 8.8793945312500000e-01 9.8906788700952042e-03 9.8909472755926015e-03 -2.6840549739726161e-07
1820 8.8842773437500000e-01 9.8154596425702907e-03 9.8157259578797867e-03 -2.6631530949602911e-07
1821 8.8891601562500000e-01 9.7404334574834033e-03 9.7406976885550233e-03 -2.6423107161999138e-07
1822 8.8940429687500000e-01 9.6656013996583492e-03 9.6658635524695946e-03 -2.6215281124543355e-07
1823 8.8989257812500000e-01 9.5909645552818001e-03 9.5912246358376592e-03 -2.6008055585904910e-07
1824 8.9038085937500000e-01 9.5165240119033032e-03 9.5167820262362490e-03 -2.5801433294579679e-07
1825 8.9086914062500000e-01 9.4422808584352699e-03 9.4425368126052830e-03 -2.5595417001318677e-07
1826 8.9135742187500000e-01 9.3682361851529904e-03 9.3684900852475574e-03 -2.5390009456699447e-07
1827 8.9184570312500000e-01 9.2943910836946267e-03 9.2946429358287397e-03 -2.5185213411299534e-07
1828 8.9233398437500000e-01 9.2207466470612103e-03 9.2209964573773846e-03 -2.4981031617431204e-07
1829 8.9282226562500000e-01 9.1473039696166429e-03 9.1475517442849222e-03 -2.4777466827927142e-07
1830 8.9331054687500000e-01 9.0740641470876942e-03 9.0743098923056573e-03 -2.4574521796313920e-07
1831 8.9379882812500000e-01 9.0010282765640055e-03 9.0012719985567789e-03 -2.4372199277332418e-07
1832 8.9428710937500000e-01 8.9281974564980899e-03 8.9284391615183506e-03 -2.4170502026070462e-07
1833 8.9477539062500000e-01 8.8555727867053371e-03 8.8558124810333150e-03 -2.3969432797789347e-07
1834 8.9526367187500000e-01 8.7831553683640137e-03 8.7833930583074964e-03 -2.3768994348270789e-07
1835 8.9575195312500000e-01 8.7109463040152494e-03 8.7111819959095945e-03 -2.3569189434510807e-07
1836 8.9624023437500000e-01 8.6389466975630505e-03 8.6391803977711873e-03 -2.3370020813678893e-07
1837 8.9672851562500000e-01 8.5671576542742985e-03 8.5673893691867332e-03 -2.3171491243464959e-07
1838 8.9721679687500000e-01 8.4955802807787483e-03 8.4958100168135674e-03 -2.2973603481905858e-07
1839 8.9770507812500000e-01 8.4242156850690281e-03 8.4244434486719037e-03 -2.2776360287558861e-07
1840 8.9819335937500000e-01 8.3530649765006272e-03 8.3532907741448361e-03 -2.2579764420889437e-07
1841 8.9868164062500000e-01 8.2821292657919154e-03 8.2823531039783373e-03 -2.2383818642189579e-07
1842 8.9916992187500000e-01 8.2114096650241220e-03 8.2116315502812551e-03 -2.2188525713312535e-07
1843 8.9965820312500000e-01 8.1409072876413389e-03 8.1411272265253173e-03 -2.1993888397846273e-07
1844 9.0014648437500000e-01 8.0706232484505352e-03 8.0708412475451307e-03 -2.1799909459552236e-07
1845 9.0063476562500000e-01 8.0005586636215497e-03 8.0007747295381838e-03 -2.1606591663406172e-07
1846 9.0112304687500000e-01 7.9307146506870964e-03 7.9309287900648385e-03 -2.1413937774210356e-07
1847 9.0161132812500000e-01 7.8610923285427591e-03 7.8613045480483371e-03 -2.1221950557807900e-07
1848 9.0209960937500000e-01 7.7916928174469888e-03 7.7919031237748005e-03 -2.1030632781169484e-07
1849 9.0258789062500000e-01 7.7225172390211127e-03 7.7227256388932271e-03 -2.0839987211439259e-07
1850 9.0307617187500000e-01 7.6535667162493295e-03 7.6537732164154966e-03 -2.0650016616715478e-07
1851 9.0356445312500000e-01 7.5848423734787085e-03 7.5850469807163647e-03 -2.0460723765616806e-07
1852 9.0405273437500000e-01 7.5163453364191874e-03 7.5165480575334637e-03 -2.0272111427629275e-07
1853 9.0454101562500000e-01 7.4480767321435789e-03 7.4482775739673117e-03 -2.0084182373279746e-07
1854 9.0502929687500000e-01 7.3800376890875655e-03 7.3802366584812948e-03 -1.9896939372921613e-07
1855 9.0551757812500000e-01 7.3122293370496989e-03 7.3124264409016879e-03 -1.9710385198903196e-07
1856 9.0600585937500000e-01 7.2446528071914056e-03 7.2448480524176387e-03 -1.9524522623312612e-07
1857 9.0649414062500000e-01 7.1773092320369823e-03 7.1775026255811725e-03 -1.9339354419018601e-07
1858 9.0698242187500000e-01 7.1101997454735937e-03 7.1103912943071973e-03 -1.9154883360364416e-07
1859 9.0747070312500000e-01 7.0433254827512804e-03 7.0435151938734982e-03 -1.8971112221780051e-07
1860 9.0795898437500000e-01 6.9766875804829582e-03 6.9768754609207334e-03 -1.8788043777522023e-07
1861 9.0844726562500000e-01 6.9102871766444128e-03 6.9104732334524478e-03 -1.8605680803494840e-07
1862 9.0893554687500000e-01 6.8441254105743041e-03 6.8443096508350610e-03 -1.8424026075689742e-07
1863 9.0942382812500000e-01 6.7782034229741626e-03 6.7783858537978706e-03 -1.8243082370791863e-07
1864 9.0991210937500000e-01 6.7125223559083890e-03 6.7127029844330525e-03 -1.8062852466353696e-07
1865 9.1040039062500000e-01 6.6470833528042604e-03 6.6472621861956641e-03 -1.7883339140361415e-07
1866 9.1088867187500000e-01 6.5818875584519243e-03 6.5820646039036366e-03 -1.7704545171234876e-07
1867 9.1137695312500000e-01 6.5169361190043984e-03 6.5171113837377836e-03 -1.7526473338521503e-07
1868 9.1186523437500000e-01 6.4522301819775769e-03 6.4524036732417954e-03 -1.7349126421855460e-07
1869 9.1235351562500000e-01 6.3877708962502234e-03 6.3879426213222417e-03 -1.7172507201825005e-07
1870 9.1284179687500000e-01 6.3235594120639709e-03 6.3237293782485689e-03 -1.6996618459799023e-07
1871 9.1333007812500000e-01 6.2595968810233325e-03 6.2597650956531040e-03 -1.6821462977146401e-07
1872 9.1381835937500000e-01 6.1958844560956851e-03 6.1960509265310522e-03 -1.6647043536710537e-07
1873 9.1430664062500000e-01 6.1324232916112782e-03 6.1325880252404968e-03 -1.6473362921855250e-07
1874 9.1479492187500000e-01 6.0692145432632337e-03 6.0693775475023975e-03 -1.6300423916378037e-07
1875 9.1528320312500000e-01 6.0062593681075504e-03 6.0064206504005964e-03 -1.6128229304596814e-07
1876 9.1577148437500000e-01 5.9435589245631004e-03 5.9437184923818104e-03 -1.5956781871002967e-07
1877 9.1625976562500000e-01 5.8811143724116300e-03 5.8812722332556387e-03 -1.5786084400868511e-07
1878 9.1674804687500000e-01 5.8189268727977545e-03 5.8190830341945570e-03 -1.5616139680246083e-07
1879 9.1723632812500000e-01 5.7569975882289627e-03 5.7571520577339155e-03 -1.5446950495275058e-07
1880 9.1772460937500000e-01 5.6953276825756193e-03 5.6954804677719498e-03 -1.5278519633048909e-07
1881 9.1821289062500000e-01 5.6339183210709666e-03 5.6340694295697715e-03 -1.5110849880487637e-07
1882 9.1870117187500000e-01 5.5727706703111142e-03 5.5729201097513706e-03 -1.4943944025638811e-07
1883 9.1918945312500000e-01 5.5118858982550478e-03 5.5120336763036125e-03 -1.4777804856463267e-07
1884 9.1967773437500000e-01 5.4512651742246298e-03 5.4514112985762451e-03 -1.4612435161528992e-07
1885 9.2016601562500000e-01 5.3909096689045994e-03 5.3910541472818943e-03 -1.4447837729490709e-07
1886 9.2065429687500000e-01 5.3308205543425684e-03 5.3309633944960627e-03 -1.4284015349436824e-07
1887 9.2114257812500000e-01 5.2709990039490192e-03 5.2711402136571325e-03 -1.4120970811323103e-07
1888 9.2163085937500000e-01 5.2114461924973104e-03 5.2115857795663641e-03 -1.3958706905365520e-07
1889 9.2211914062500000e-01 5.1521632961236781e-03 5.1523012683878976e-03 -1.3797226421953523e-07
1890 9.2260742187500000e-01 5.0931514923272352e-03 5.0932878576487499e-03 -1.3636532151476560e-07
1891 9.2309570312500000e-01 5.0344119599699672e-03 5.0345467262388147e-03 -1.3476626884757759e-07
1892 9.2358398437500000e-01 4.9759458792767337e-03 4.9760790544108695e-03 -1.3317513413574344e-07
1893 9.2407226562500000e-01 4.9177544318352688e-03 4.9178860237805684e-03 -1.3159194529963752e-07
1894 9.2456054687500000e-01 4.8598388005961779e-03 4.8599688173264375e-03 -1.3001673025963417e-07
1895 9.2504882812500000e-01 4.8022001698729425e-03 4.8023286193898916e-03 -1.2844951694911816e-07
1896 9.2553710937500000e-01 4.7448397253419209e-03 4.7449666156752180e-03 -1.2689033329713745e-07
1897 9.2602539062500000e-01 4.6877586540423491e-03 4.6878839932495845e-03 -1.2533920723534209e-07
1898 9.2651367187500000e-01 4.6309581443763339e-03 4.6310819405430336e-03 -1.2379616669971893e-07
1899 9.2700195312500000e-01 4.5744393861088606e-03 4.5745616473484921e-03 -1.2226123963145902e-07
1900 9.2749023437500000e-01 4.5182035703677887e-03 4.5183243048217605e-03 -1.2073445397175336e-07
1901 9.2797851562500000e-01 4.4622518896438538e-03 4.4623711054815208e-03 -1.1921583766699717e-07
1902 9.2846679687500000e-01 4.4065855377906690e-03 4.4067032432093334e-03 -1.1770541866445300e-07
1903 9.2895507812500000e-01 4.3512057100247156e-03 4.3513219132496348e-03 -1.1620322491918966e-07
1904 9.2944335937500000e-01 4.2961136029253544e-03 4.2962283122097407e-03 -1.1470928438627598e-07
1905 9.2993164062500000e-01 4.2413104144348127e-03 4.2414236380598491e-03 -1.1322362503639327e-07
1906 9.3041992187500000e-01 4.1867973438581918e-03 4.1869090901330303e-03 -1.1174627483848815e-07
1907 9.3090820312500000e-01 4.1325755918634683e-03 4.1326858691252358e-03 -1.1027726176757874e-07
1908 9.3139648437500000e-01 4.0786463604814945e-03 4.0787551770953001e-03 -1.0881661380562208e-07
1909 9.3188476562500000e-01 4.0250108531059998e-03 4.0251182174649274e-03 -1.0736435892763629e-07
1910 9.3237304687500000e-01 3.9716702744935876e-03 3.9717761950187076e-03 -1.0592052511991523e-07
1911 9.3286132812500000e-01 3.9186258307637306e-03 3.9187303159041072e-03 -1.0448514037655898e-07
1912 9.3334960937500000e-01 3.8658787293987828e-03 3.8659817876314675e-03 -1.0305823268472875e-07
1913 9.3383789062500000e-01 3.8134301792439695e-03 3.8135318190740146e-03 -1.0163983004502983e-07
1914 9.3432617187500000e-01 3.7612813905073964e-03 3.7613816204678479e-03 -1.0022996045156232e-07
1915 9.3481445312500000e-01 3.7094335747600389e-03 3.7095324034119481e-03 -9.8828651909268345e-08
1916 9.3530273437500000e-01 3.6578879449357493e-03 3.6579853808681733e-03 -9.7435932423957372e-08
1917 9.3579101562500000e-01 3.6066457153312594e-03 3.6067417671612600e-03 -9.6051830000571520e-08
1918 9.3627929687500000e-01 3.5557081016061739e-03 3.5558027779788236e-03 -9.4676372649690754e-08
1919 9.3676757812500000e-01 3.5050763207829763e-03 3.5051696303713587e-03 -9.3309588382328723e-08
1920 9.3725585937500000e-01 3.4547515912470208e-03 3.4548435427522368e-03 -9.1951505216004287e-08
1921 9.3774414062500000e-01 3.4047351327465398e-03 3.4048257348977093e-03 -9.0602151169537348e-08
1922 9.3823242187500000e-01 3.3550281663926400e-03 3.3551174279469040e-03 -8.9261554263916215e-08
1923 9.3872070312500000e-01 3.3056319146593073e-03 3.3057198444018305e-03 -8.7929742523164961e-08
1924 9.3920898437500000e-01 3.2565476013833978e-03 3.2566342081273743e-03 -8.6606743976511830e-08
1925 9.3969726562500000e-01 3.2077764517646472e-03 3.2078617443512996e-03 -8.5292586652317703e-08
1926 9.4018554687500000e-01 3.1593196923656655e-03 3.1594036796642501e-03 -8.3987298584581316e-08
1927 9.4067382812500000e-01 3.1111785511119369e-03 3.1112612420197486e-03 -8.2690907811638209e-08
1928 9.4116210937500000e-01 3.0633542572918219e-03 3.0634356607341937e-03 -8.1403442371823925e-08
1929 9.4165039062500000e-01 3.0158480415565583e-03 3.0159281664868648e-03 -8.0124930306509773e-08
1930 9.4213867187500000e-01 2.9686611359202629e-03 2.9687399913199196e-03 -7.8855399656633379e-08
1931 9.4262695312500000e-01 2.9217947737599256e-03 2.9218723686383931e-03 -7.7594878467469180e-08
1932 9.4311523437500000e-01 2.8752501898154127e-03 2.8753265332101996e-03 -7.6343394786893698e-08
1933 9.4360351562500000e-01 2.8290286201894691e-03 2.8291037211661319e-03 -7.5100976662783453e-08
1934 9.4409179687500000e-01 2.7831313023477158e-03 2.7832051699998609e-03 -7.3867652145183371e-08
1935 9.4458007812500000e-01 2.7375594751186489e-03 2.7376321185679378e-03 -7.2643449288908868e-08
1936 9.4506835937500000e-01 2.6923143786936415e-03 2.6923858070897889e-03 -7.1428396147474316e-08
1937 9.4555664062500000e-01 2.6473972546269403e-03 2.6474674771477212e-03 -7.0222520780899300e-08
1938 9.4604492187500000e-01 2.6028093458356680e-03 2.6028783716869203e-03 -6.9025851252239173e-08
1939 9.4653320312500000e-01 2.5585518965998179e-03 2.5586197350154502e-03 -6.7838415632355542e-08
1940 9.4702148437500000e-01 2.5146261525622626e-03 2.5146928128042525e-03 -6.6660241989941610e-08
1941 9.4750976562500000e-01 2.4710333607287503e-03 2.4710988520871475e-03 -6.5491358397160027e-08
1942 9.4799804687500000e-01 2.4277747694679067e-03 2.4278391012608359e-03 -6.4331792929209208e-08
1943 9.4848632812500000e-01 2.3848516285112330e-03 2.3849148100848930e-03 -6.3181573659986529e-08
1944 9.4897460937500000e-01 2.3422651889531058e-03 2.3423272296817766e-03 -6.2040728670761935e-08
1945 9.4946289062500000e-01 2.3000167032507768e-03 2.3000776125368209e-03 -6.0909286044106420e-08
1946 9.4995117187500000e-01 2.2581074252243762e-03 2.2581672124982388e-03 -5.9787273862590973e-08
1947 9.5043945312500000e-01 2.2165386100569096e-03 2.2165972847771219e-03 -5.8674720212256032e-08
1948 9.5092773437500000e-01 2.1753115142942583e-03 2.1753690859474409e-03 -5.7571653182611482e-08
1949 9.5141601562500000e-01 2.1344273958451804e-03 2.1344838739460440e-03 -5.6478100863600889e-08
1950 9.5190429687500000e-01 2.0938875139813093e-03 2.0939429080726571e-03 -5.5394091347769903e-08
1951 9.5239257812500000e-01 2.0536931293371552e-03 2.0537474489898877e-03 -5.4319652732434665e-08
1952 9.5288085937500000e-01 2.0138455039101053e-03 2.0138987587232189e-03 -5.3254813113610272e-08
1953 9.5336914062500000e-01 1.9743459010604244e-03 1.9743981006610130e-03 -5.2199600588612866e-08
1954 9.5385742187500000e-01 1.9351955855112552e-03 1.9352467395545117e-03 -5.1154043256493309e-08
1955 9.5434570312500000e-01 1.8963958233486154e-03 1.8964459415178338e-03 -5.0118169218470870e-08
1956 9.5483398437500000e-01 1.8579478820214001e-03 1.8579969740279781e-03 -4.9092006577933223e-08
1957 9.5532226562500000e-01 1.8198530303413815e-03 1.8199011059248206e-03 -4.8075583439135400e-08
1958 9.5581054687500000e-01 1.7821125384832064e-03 1.7821596074111164e-03 -4.7068927910018724e-08
1959 9.5629882812500000e-01 1.7447276779844006e-03 1.7447737500524991e-03 -4.6072068098524516e-08
1960 9.5678710937500000e-01 1.7076997217453668e-03 1.7077448067774807e-03 -4.5085032113895140e-08
1961 9.5727539062500000e-01 1.6710299440293856e-03 1.6710740518774516e-03 -4.4107848066023483e-08
1962 9.5776367187500000e-01 1.6347196204626140e-03 1.6347627610066807e-03 -4.3140544066753994e-08
1963 9.5825195312500000e-01 1.5987700280340853e-03 1.5988122111823160e-03 -4.2183148230750048e-08
1964 9.5874023437500000e-01 1.5631824450957114e-03 1.5632236807843827e-03 -4.1235688671373977e-08
1965 9.5922851562500000e-01 1.5279581513622817e-03 1.5279984495557856e-03 -4.0298193503939678e-08
1966 9.5971679687500000e-01 1.4930984279114623e-03 1.4931377986023078e-03 -3.9370690845495770e-08
1967 9.6020507812500000e-01 1.4586045571837953e-03 1.4586430103926105e-03 -3.8453208815259279e-08
1968 9.6069335937500000e-01 1.4244778229827006e-03 1.4245153687582339e-03 -3.7545775533314590e-08
1969 9.6118164062500000e-01 1.3907195104744731e-03 1.3907561588935959e-03 -3.6648419122781856e-08
1970 9.6166992187500000e-01 1.3573309061882847e-03 1.3573666673559941e-03 -3.5761167709383312e-08
1971 9.6215820312500000e-01 1.3243132980161839e-03 1.3243481820656036e-03 -3.4884049419708560e-08
1972 9.6264648437500000e-01 1.2916679752130967e-03 1.2917019923054782e-03 -3.4017092381431399e-08
1973 9.6313476562500000e-01 1.2593962283968269e-03 1.2594293887215507e-03 -3.3160324723743514e-08
1974 9.6362304687500000e-01 1.2274993495480552e-03 1.2275316633226314e-03 -3.2313774576270271e-08
1975 9.6411132812500000e-01 1.1959786320103389e-03 1.1960101094804102e-03 -3.1477470071239119e-08
1976 9.6459960937500000e-01 1.1648353704901129e-03 1.1648660219294546e-03 -3.0651439341744871e-08
1977 9.6508789062500000e-01 1.1340708610566891e-03 1.1341006967672113e-03 -2.9835710522183381e-08
1978 9.6557617187500000e-01 1.1036864011422579e-03 1.1037154314540048e-03 -2.9030311746950505e-08
1979 9.6606445312500000e-01 1.0736832895418848e-03 1.0737115248130387e-03 -2.8235271153911543e-08
1980 9.6655273437500000e-01 1.0440628264135150e-03 1.0440902770303946e-03 -2.7450616879630754e-08
1981 9.6704101562500000e-01 1.0148263132779701e-03 1.0148529896550334e-03 -2.6676377063274484e-08
1982 9.6752929687500000e-01 9.8597505301895060e-04 9.8600096559879331e-04 -2.5912579842708033e-08
1983 9.6801757812500000e-01 9.5751034988303331e-04 9.5753550913639193e-04 -2.5159253358615630e-08
1984 9.6850585937500000e-01 9.2943350947967223e-04 9.2945792590542499e-04 -2.4416425752765702e-08
1985 9.6899414062500000e-01 9.0174583878119947e-04 9.0176952290636693e-04 -2.3684125167468782e-08
1986 9.6948242187500000e-01 8.7444864612282365e-04 8.7447160850257031e-04 -2.2962379746661703e-08
1987 9.6997070312500000e-01 8.4754324120263043e-04 8.4756549242026677e-04 -2.2251217636341282e-08
1988 9.7045898437500000e-01 8.2103093508158339e-04 8.2105248574856589e-04 -2.1550666982504338e-08
1989 9.7094726562500000e-01 7.9491304018352346e-04 7.9493390093945591e-04 -2.0860755932448731e-08
1990 9.7143554687500000e-01 7.6919087029516948e-04 7.6921105180780360e-04 -2.0181512634122843e-08
1991 9.7192382812500000e-01 7.4386574056611767e-04 7.4388525353135445e-04 -1.9512965236776099e-08
1992 9.7241210937500000e-01 7.1893896750884183e-04 7.1895782265073193e-04 -1.8855141890091603e-08
1993 9.7290039062500000e-01 6.9441186899869324e-04 6.9443007706943840e-04 -1.8208070745161925e-08
1994 9.7338867187500000e-01 6.7028576427390096e-04 6.7030333605385469e-04 -1.7571779953730153e-08
1995 9.7387695312500000e-01 6.4656197393557165e-04 6.4657892023323984e-04 -1.6946297668189898e-08
1996 9.7436523437500000e-01 6.2324181994768914e-04 6.2325815159973159e-04 -1.6331652042452655e-08
1997 9.7485351562500000e-01 6.0032662563711545e-04 6.0034235350834653e-04 -1.5727871231080437e-08
1998 9.7534179687500000e-01 5.7781771569358979e-04 5.7783285067697886e-04 -1.5134983389068941e-08
1999 9.7583007812500000e-01 5.5571641616972936e-04 5.5573096918640208e-04 -1.4553016672714907e-08
2000 9.7631835937500000e-01 5.3402405448102919e-04 5.3403803648026783e-04 -1.3981999238640332e-08
2001 9.7680664062500000e-01 5.1274195940586144e-04 5.1275538136510632e-04 -1.3421959244876679e-08
2002 9.7729492187500000e-01 4.9187146108547596e-04 4.9188433401032607e-04 -1.2872924850105931e-08
2003 9.7778320312500000e-01 4.7141389102400047e-04 4.7142622594821462e-04 -1.2334924214148484e-08
2004 9.7827148437500000e-01 4.5137058208844053e-04 4.5138239007393714e-04 -1.1807985496607894e-08
2005 9.7875976562500000e-01 4.3174286850867978e-04 4.3175416064553812e-04 -1.1292136858334547e-08
2006 9.7924804687500000e-01 4.1253208587747984e-04 4.1254287328394023e-04 -1.0787406460395672e-08
2007 9.7973632812500000e-01 3.9373957115047955e-04 3.9374986497294444e-04 -1.0293822464888490e-08
2008 9.8022460937500000e-01 3.7536666264619613e-04 3.7537647405923048e-04 -9.8114130343439007e-09
2009 9.8071289062500000e-01 3.5741470004602448e-04 3.5742404025235642e-04 -9.3402063319433272e-09
2010 9.8120117187500000e-01 3.3988502439423761e-04 3.3989390462475891e-04 -8.8802305213018726e-09
2011 9.8168945312500000e-01 3.2277897809798636e-04 3.2278740961175310e-04 -8.4315137667393715e-09
2012 9.8217773437500000e-01 3.0609790492729946e-04 3.0610589901153263e-04 -7.9940842331719698e-09
2013 9.8266601562500000e-01 2.8984315001508387e-04 2.8985071798516950e-04 -7.5679700856242337e-09
2014 9.8315429687500000e-01 2.7401605985712466e-04 2.7402321305661421e-04 -7.1531994895544099e-09
2015 9.8364257812500000e-01 2.5861798231208480e-04 2.5862473211269615e-04 -6.7498006113423173e-09
2016 9.8413085937500000e-01 2.4365026660150507e-04 2.4365662440312266e-04 -6.3578016175846151e-09
2017 9.8461914062500000e-01 2.2911426330980442e-04 2.2912024054047982e-04 -5.9772306753929586e-09
2018 9.8510742187500000e-01 2.1501132438428002e-04 2.1501693250023225e-04 -5.6081159522313687e-09
2019 9.8559570312500000e-01 2.0134280313510724e-04 2.0134805362072300e-04 -5.2504856157536018e-09
2020 9.8608398437500000e-01 1.8811005423533927e-04 1.8811495860317356e-04 -4.9043678342910405e-09
2021 9.8657226562500000e-01 1.7531443372090759e-04 1.7531900351168409e-04 -4.5697907765003282e-09
2022 9.8706054687500000e-01 1.6295729899062160e-04 1.6296154577323299e-04 -4.2467826113904740e-09
2023 9.8754882812500000e-01 1.5104000880616865e-04 1.5104394417767730e-04 -3.9353715086481132e-09
2024 9.8803710937500000e-01 1.3956392329211439e-04 1.3956755887775262e-04 -3.6355856382309319e-09
2025 9.8852539062500000e-01 1.2853040393590257e-04 1.2853375138907291e-04 -3.3474531703405613e-09
2026 9.8901367187500000e-01 1.1794081358785510e-04 1.1794388459013064e-04 -3.0710022755445513e-09
2027 9.8950195312500000e-01 1.0779651646117188e-04 1.0779932272229682e-04 -2.8062611249390001e-09
2028 9.8999023437500000e-01 9.8098878131931070e-05 9.8101431389820988e-05 -2.5532578899181615e-09
2029 9.9047851562500000e-01 8.8849265539088957e-05 8.8851577559831050e-05 -2.3120207420931297e-09
2030 9.9096679687500000e-01 8.0049046984479979e-05 8.0051129562333501e-05 -2.0825778535222324e-09
2031 9.9145507812500000e-01 7.1699592132816757e-05 7.1701457090213319e-05 -1.8649573965619530e-09
2032 9.9194335937500000e-01 6.3802272011689970e-05 6.3803931199233946e-05 -1.6591875439753503e-09
2033 9.9243164062500000e-01 5.6358459011568485e-05 5.6359924308037336e-05 -1.4652964688507443e-09
2034 9.9291992187500000e-01 4.9369526885799274e-05 4.9370810198143929e-05 -1.2833123446559253e-09
2035 9.9340820312500000e-01 4.2836850750607407e-05 4.2837964013952639e-05 -1.1132633452313784e-09
2036 9.9389648437500000e-01 3.6761807085096159e-05 3.6762762262740929e-05 -9.5517764476995420e-10
2037 9.9438476562500000e-01 3.1145773731246961e-05 3.1146582814664689e-05 -8.0908341772877772e-10
2038 9.9487304687500000e-01 2.5990129893919450e-05 2.5990804902758326e-05 -6.7500883887668204e-10
2039 9.9536132812500000e-01 2.1296256140851436e-05 2.1296809122934764e-05 -5.5298208332808969e-10
2040 9.9584960937500000e-01 1.7065534402658901e-05 1.7065977433985380e-05 -4.4303132647863816e-10
2041 9.9633789062500000e-01 1.3299347972836024e-05 1.3299693157580077e-05 -3.4518474405261369e-10
2042 9.9682617187500000e-01 9.9990815077551727e-06 9.9993409782672214e-06 -2.5947051204874122e-10
2043 9.9731445312500000e-01 7.1661210266669119e-06 7.1663069434736970e-06 -1.8591680678507711e-10
2044 9.9780273437500000e-01 4.8018539117000015e-06 4.8019784635048624e-06 -1.2455180486089265e-10
2045 9.9829101562500000e-01 2.9076689078614008e-06 2.9077443115445783e-06 -7.5403683177426370e-11
2046 9.9877929687500000e-01 1.4849561230362695e-06 1.4849946236551955e-06 -3.8500618926025598e-11
2047 9.9926757812500000e-01 5.3510702798796805e-07 5.3512089877755578e-07 -1.3870789587722924e-11
2048 9.9975585937500000e-01 5.9514456358060169e-08 5.9515998730995397e-08 -1.5423729352280569e-12
