# P x u_num u_exact u_err v_num v_exact v_err psi_num psi_exact psi_err
1 4.8828125000000000e-04 1.5187134172184079e-03 1.5187168284057501e-03 -3.4111873421435734e-09 1.5187167964616139e-03 1.5187168284057501e-03 -3.1944136138356560e-11 3.0374302136800218e-03 3.0374336568115001e-03 -3.4431314782819300e-09
2 1.4648437500000000e-03 4.5561330390882252e-03 4.5561361904760617e-03 -3.1513878364503034e-09 4.5561361598433223e-03 4.5561361904760617e-03 -3.0632739400626718e-11 9.1122691989315475e-03 9.1122723809521234e-03 -3.1820205758509301e-09
3 2.4414062500000000e-03 7.5935097750527503e-03 7.5935126684573539e-03 -2.8934046035836158e-09 7.5935126409516964e-03 7.5935126684573539e-03 -2.7505657473891887e-11 1.5187022416004448e-02 1.5187025336914708e-02 -2.9209102601901460e-09
4 3.4179687500000000e-03 1.0630815037903757e-02 1.0630817673405440e-02 -2.6355016832096956e-09 1.0630817649101662e-02 1.0630817673405440e-02 -2.4303777740319887e-11 2.1261632687005420e-02 2.1261635346810880e-02 -2.6598054592152920e-09
5 4.3945312500000000e-03 1.3668020239429196e-02 1.3668022617048862e-02 -2.3776196653862991e-09 1.3668022595957414e-02 1.3668022617048862e-02 -2.1091448032528604e-11 2.7336042835386612e-02 2.7336045234097724e-02 -2.3987111116841042e-09
6 5.3710937500000000e-03 1.6705096792333562e-02 1.6705098912057976e-02 -2.1197244133575044e-09 1.6705098894150269e-02 1.6705098912057976e-02 -1.7907706567621418e-11 3.3410195686483832e-02 3.3410197824115952e-02 -2.1376321199251258e-09
7 6.3476562500000000e-03 1.9742016110461620e-02 1.9742017972314039e-02 -1.8618524187663521e-09 1.9742017957593054e-02 1.9742017972314039e-02 -1.4720984847782503e-11 3.9484034068054674e-02 3.9484035944628078e-02 -1.8765734036141346e-09
8 7.3242187500000000e-03 2.2778749609175294e-02 2.2778751213178232e-02 -1.6040029374164710e-09 2.2778751201641290e-02 2.2778751213178232e-02 -1.1536941540990497e-11 4.5557500810816581e-02 4.5557502426356464e-02 -1.6155398824269085e-09
9 8.3007812500000000e-03 2.5815268705582217e-02 2.5815270051760788e-02 -1.3461785713930752e-09 2.5815270043402880e-02 2.5815270051760788e-02 -8.3579081155971124e-12 5.1630538748985100e-02 5.1630540103521576e-02 -1.3545364760392253e-09
10 9.2773437500000000e-03 2.8851544818818974e-02 2.8851545907189920e-02 -1.0883709454512225e-09 2.8851545901992688e-02 2.8851545907189920e-02 -5.1972315340265141e-12 5.7703090720811659e-02 5.7703091814379839e-02 -1.0935681804546959e-09
11 1.0253906250000000e-02 3.1887549370273847e-02 3.1887550200880938e-02 -8.3060709005211564e-10 3.1887550198848251e-02 3.1887550200880938e-02 -2.0326865191044874e-12 6.3775099569122098e-02 6.3775100401761875e-02 -8.3263977657122012e-10
12 1.1230468750000000e-02 3.4923253783902153e-02 3.4923254356805156e-02 -5.7290300281565010e-10 3.4923254357951877e-02 3.4923254356805156e-02 1.1467216065597086e-12 6.9846508141854030e-02 6.9846508713610311e-02 -5.7175628120909039e-10
13 1.2207031250000000e-02 3.7958629486552646e-02 3.7958629801758938e-02 -3.1520629162340441e-10 3.7958629806042761e-02 3.7958629801758938e-02 4.2838232960917821e-12 7.5917259292595407e-02 7.5917259603517875e-02 -3.1092246832731263e-10
14 1.3183593750000000e-02 4.0993647908063917e-02 4.0993647965632568e-02 -5.7568651234962687e-11 4.0993647973057872e-02 4.0993647965632568e-02 7.4253034276772212e-12 8.1987295881121788e-02 8.1987295931265136e-02 -5.0143347807285465e-11
15 1.4160156250000000e-02 4.4028280481709911e-02 4.4028280281679211e-02 2.0003070033691728e-10 4.4028280292224893e-02 4.4028280281679211e-02 1.0545682382900878e-11 8.8056560773934811e-02 8.8056560563358421e-02 2.1057638965871206e-10
16 1.5136718750000000e-02 4.7062498644332436e-02 4.7062498186783770e-02 4.5754866562219831e-10 4.7062498200466922e-02 4.7062498186783770e-02 1.3683151833809859e-11 9.4124996844799358e-02 9.4124996373567540e-02 4.7123181745600817e-10
17 1.6113281250000000e-02 5.0096273836723194e-02 5.0096273121731760e-02 7.1499143411424271e-10 5.0096273138558287e-02 5.0096273121731760e-02 1.6826526283431065e-11 1.0019254697528149e-01 1.0019254624346352e-01 7.3181796733656768e-10
18 1.7089843750000000e-02 5.3129577503904069e-02 5.3129576531478075e-02 9.7242599389479878e-10 5.3129576551382195e-02 5.3129576531478075e-02 1.9904120018843230e-11 1.0625915405528627e-01 1.0625915306295615e-01 9.9233012085253591e-10
19 1.8066406250000000e-02 5.6162381095161626e-02 5.6162379865415807e-02 1.2297458190646537e-09 5.6162379888433520e-02 5.6162379865415807e-02 2.3017712735828866e-11 1.1232476098359515e-01 1.1232475973083161e-01 1.2527635318004826e-09
20 1.9042968750000000e-02 5.9194656064607061e-02 5.9194654577644924e-02 1.4869621367541441e-09 5.9194654603796061e-02 5.9194654577644924e-02 2.6151136811591869e-11 1.1838931066840312e-01 1.1838930915528985e-01 1.5131132735657360e-09
21 2.0019531250000000e-02 6.2226373871385424e-02 6.2226372127241018e-02 1.7441444052912480e-09 6.2226372156471241e-02 6.2226372127241018e-02 2.9230222409193374e-11 1.2445274602785666e-01 1.2445274425448204e-01 1.7733746277004414e-09
22 2.0996093750000000e-02 6.5257505979766331e-02 6.5257503978523881e-02 2.0012424495341463e-09 6.5257504010824099e-02 6.5257503978523881e-02 3.2300218055780761e-11 1.3051500999059043e-01 1.3051500795704776e-01 2.0335426675899271e-09
23 2.1972656250000000e-02 6.8288023859486804e-02 6.8288021601326146e-02 2.2581606584637370e-09 6.8288021636778343e-02 6.8288021601326146e-02 3.5452196733842811e-11 1.3657604549626515e-01 1.3657604320265229e-01 2.2936128551975798e-09
24 2.2949218750000000e-02 7.1317898986306832e-02 7.1317896471261757e-02 2.5150450749800157e-09 7.1317896509797155e-02 7.1317896471261757e-02 3.8535397095529333e-11 1.4263579549610400e-01 1.4263579294252351e-01 2.5535804859533329e-09
25 2.3925781250000000e-02 7.4347102841811646e-02 7.4347100069994496e-02 2.7718171508039902e-09 7.4347100111617964e-02 7.4347100069994496e-02 4.1623468560736399e-11 1.4869420295342961e-01 1.4869420013998899e-01 2.8134406193647266e-09
26 2.4902343750000000e-02 7.7375606914007355e-02 7.7375603885506489e-02 3.0285008667529922e-09 7.7375603930194312e-02 7.7375603885506489e-02 4.4687822886579909e-11 1.5475121084420168e-01 1.5475120777101298e-01 3.0731887035173600e-09
27 2.5878906250000000e-02 8.0403382697481013e-02 8.0403379412366402e-02 3.2851146108958673e-09 8.0403379460071644e-02 8.0403379412366402e-02 4.7705242534057390e-11 1.6080676215755266e-01 1.6080675882473280e-01 3.3328198534299247e-09
28 2.6855468750000000e-02 8.3430401693506365e-02 8.3430398151997834e-02 3.5415085308798666e-09 8.3430398202818917e-02 8.3430398151997834e-02 5.0821083452667892e-11 1.6686079989632530e-01 1.6686079630399567e-01 3.5923296282103223e-09
29 2.7832031250000000e-02 8.6456635410788657e-02 8.6456631612947574e-02 3.7978410832861798e-09 8.6456631666819730e-02 8.6456631612947574e-02 5.3872156735579324e-11 1.7291326707760840e-01 1.7291326322589515e-01 3.8517132538995469e-09
30 2.8808593750000000e-02 8.9482055365282059e-02 8.9482051311153790e-02 4.0541282692041491e-09 8.9482051367991561e-02 8.9482051311153790e-02 5.6837770601170234e-11 1.7896410673327362e-01 1.7896410262230758e-01 4.1109660398053194e-09
31 2.9785156250000000e-02 9.2506633080418399e-02 9.2506628770214039e-02 4.3102043600917739e-09 9.2506628830092946e-02 9.2506628770214039e-02 5.9878907388011271e-11 1.8501326191051135e-01 1.8501325754042808e-01 4.3700832674797851e-09
32 3.0761718750000000e-02 9.5530340087780705e-02 9.5530335521653353e-02 4.5661273512243028e-09 9.5530335584586623e-02 9.5530335521653353e-02 6.2933269706633155e-11 1.9106067567236734e-01 1.9106067104330671e-01 4.6290606348087238e-09
33 3.1738281250000000e-02 9.8553147927128618e-02 9.8553143105192212e-02 4.8219364057189296e-09 9.8553143171149063e-02 9.8553143105192212e-02 6.5956851091897306e-11 1.9710629109827768e-01 1.9710628621038442e-01 4.8878932568108269e-09
34 3.2714843750000000e-02 1.0157502814653517e-01 1.0157502306901446e-01 5.0775207094400088e-09 1.0157502313807072e-01 1.0157502306901446e-01 6.9056260709743356e-11 2.0315005128460589e-01 2.0315004613802892e-01 5.1465769701497521e-09
35 3.3691406250000000e-02 1.0459595230316689e-01 1.0459594697003499e-01 5.3331318944360717e-09 1.0459594704201029e-01 1.0459594697003499e-01 7.1975300719451241e-11 2.0919189934517718e-01 2.0919189394006998e-01 5.4051071951555230e-09
36 3.4667968750000000e-02 1.0761589196252190e-01 1.0761588637416750e-01 5.5883544042290012e-09 1.0761588644929272e-01 1.0761588637416750e-01 7.5125225484917735e-11 2.1523177841181462e-01 2.1523177274833499e-01 5.6634796297139189e-09
37 3.5644531250000000e-02 1.1063481870024115e-01 1.1063481285659217e-01 5.8436489813740167e-09 1.1063481293463252e-01 1.1063481285659217e-01 7.8040351958463816e-11 2.2126963163487368e-01 2.2126962571318434e-01 5.9216893333324805e-09
38 3.6621093750000000e-02 1.1365270410070599e-01 1.1365269800202327e-01 6.0986827254971843e-09 1.1365269808307242e-01 1.1365269800202327e-01 8.1049153499712645e-11 2.2730540218377843e-01 2.2730539600404653e-01 6.1797318928746847e-09
39 3.7597656250000000e-02 1.1666951975862853e-01 1.1666951340497639e-01 6.3536521460738626e-09 1.1666951348892717e-01 1.1666951340497639e-01 8.3950776885721723e-11 2.3333903324755570e-01 2.3333902680995278e-01 6.4376029229595844e-09
40 3.8574218750000000e-02 1.1968523727838901e-01 1.1968523067003603e-01 6.6083529759453086e-09 1.1968523075698155e-01 1.1968523067003603e-01 8.6945520227921236e-11 2.3937046803537054e-01 2.3937046134007206e-01 6.6952984822954420e-09
41 3.9550781250000000e-02 1.2269982827485805e-01 1.2269982141212275e-01 6.8627352967087774e-09 1.2269982150220138e-01 1.2269982141212275e-01 9.0078625114564659e-11 2.4539964977705941e-01 2.4539964282424551e-01 6.9528139079455542e-09
42 4.0527343750000000e-02 1.2571326437395605e-01 1.2571325725676044e-01 7.1171956106397261e-09 1.2571325734970923e-01 1.2571325725676044e-01 9.2948787555613421e-11 2.5142652172366531e-01 2.5142651451352088e-01 7.2101444259509151e-09
43 4.1503906250000000e-02 1.2872551721171574e-01 1.2872550984034317e-01 7.3713725678992148e-09 1.2872550993625653e-01 1.2872550984034317e-01 9.5913360587118746e-11 2.5745102714797230e-01 2.5745101968068634e-01 7.4672859562419092e-09
44 4.2480468750000000e-02 1.3173655843571758e-01 1.3173655081040253e-01 7.6253150460559027e-09 1.3173655090932188e-01 1.3173655081040253e-01 9.8919344937442588e-11 2.6347310934503942e-01 2.6347310162080506e-01 7.7242343632377697e-09
45 4.3457031250000000e-02 1.3474635970492652e-01 1.3474635182587408e-01 7.8790524382643667e-09 1.3474635192780735e-01 1.3474635182587408e-01 1.0193326738239250e-10 2.6949271163273386e-01 2.6949270365174816e-01 7.9809857056467592e-09
46 4.4433593750000000e-02 1.3775489269011140e-01 1.3775488455736443e-01 8.1327469758640802e-09 1.3775488466215252e-01 1.3775488455736443e-01 1.0478809486791363e-10 2.7550977735226390e-01 2.7550976911472885e-01 8.2375350429764183e-09
47 4.5410156250000000e-02 1.4076212907358993e-01 1.4076212068741767e-01 8.3861722566247465e-09 1.4076212079512399e-01 1.4076212068741767e-01 1.0770631608814085e-10 2.8152424986871394e-01 2.8152424137483534e-01 8.4938786004684630e-09
48 4.6386718750000000e-02 1.4376804055005088e-01 1.4376803191078211e-01 8.6392687725922457e-09 1.4376803202152572e-01 1.4376803191078211e-01 1.1074360872775912e-10 2.8753607257157660e-01 2.8753606382156421e-01 8.7500123813200048e-09
49 4.7363281250000000e-02 1.4677259882685639e-01 1.4677258993467646e-01 8.8921799368257837e-09 1.4677259004842907e-01 1.4677258993467646e-01 1.1375261843582507e-10 2.9354518887528547e-01 2.9354517986935291e-01 9.0059325552616087e-09
50 4.8339843750000000e-02 1.4977577562401498e-01 1.4977576647905638e-01 9.1449585959413326e-09 1.4977576659573205e-01 1.4977576647905638e-01 1.1667566912620941e-10 2.9955154221974700e-01 2.9955153295811277e-01 9.2616342373119664e-09
51 4.9316406250000000e-02 1.5277754267453145e-01 1.5277753327688043e-01 9.3976510184834439e-09 1.5277753339634337e-01 1.5277753327688043e-01 1.1946293954068210e-10 3.0555507607087484e-01 3.0555506655376086e-01 9.5171139857797016e-09
52 5.0292968750000000e-02 1.5577787172429305e-01 1.5577786207437630e-01 9.6499167545616160e-09 1.5577786219682682e-01 1.5577786207437630e-01 1.2245052194437278e-10 3.1155573392111990e-01 3.1155572414875260e-01 9.7723673042615644e-09
53 5.1269531250000000e-02 1.5877673453344227e-01 1.5877672463130671e-01 9.9021355559614221e-09 1.5877672475656168e-01 1.5877672463130671e-01 1.2525497306015154e-10 3.1755345929000395e-01 3.1755344926261342e-01 1.0027390529021574e-08
54 5.2246093750000000e-02 1.6177410287518845e-01 1.6177409272123514e-01 1.0153953317049158e-08 1.6177409284946145e-01 1.6177409272123514e-01 1.2822631845210708e-10 3.2354819572464988e-01 3.2354818544247027e-01 1.0282179607745690e-08
55 5.3222656250000000e-02 1.6476994853738838e-01 1.6476993813179158e-01 1.0405596800877603e-08 1.6476993826292535e-01 1.6476993813179158e-01 1.3113377050899544e-10 3.2953988680031376e-01 3.2953987626358316e-01 1.0536730599142174e-08
56 5.4199218750000000e-02 1.6776424332196926e-01 1.6776423266493809e-01 1.0657031174199361e-08 1.6776423279894598e-01 1.6776423266493809e-01 1.3400788811956943e-10 3.3552847612091524e-01 3.3552846532987618e-01 1.0791039062318930e-08
57 5.5175781250000000e-02 1.7075695904542235e-01 1.7075694813723413e-01 1.0908188213809566e-08 1.7075694827414759e-01 1.7075694813723413e-01 1.3691345279731593e-10 3.4151390731956993e-01 3.4151389627446826e-01 1.1045101666606882e-08
58 5.6152343750000000e-02 1.7374806753922137e-01 1.7374805638010196e-01 1.1159119406300988e-08 1.7374805651989708e-01 1.7374805638010196e-01 1.3979511992445737e-10 3.4749612405911845e-01 3.4749611276020392e-01 1.1298914526225445e-08
59 5.7128906250000000e-02 1.7673754064989280e-01 1.7673752924009156e-01 1.1409801242701079e-08 1.7673752938276413e-01 1.7673752924009156e-01 1.4267256820410523e-10 3.5347507003265694e-01 3.5347505848018312e-01 1.1552473810905184e-08
60 5.8105468750000000e-02 1.7972535023938296e-01 1.7972533857914588e-01 1.1660237081434488e-08 1.7972533872468466e-01 1.7972533857914588e-01 1.4553877547562877e-10 3.5945068896406762e-01 3.5945067715829176e-01 1.1805775856910117e-08
61 5.9082031250000000e-02 1.8271146818527045e-01 1.8271145627486557e-01 1.1910404884574177e-08 1.8271145642327752e-01 1.8271145627486557e-01 1.4841194939663183e-10 3.6542292460854797e-01 3.6542291254973114e-01 1.2058816833970809e-08
62 6.0058593750000000e-02 1.8569586638107413e-01 1.8569585422077353e-01 1.2160300599806106e-08 1.8569585437206612e-01 1.8569585422077353e-01 1.5129258956747549e-10 3.7139172075314025e-01 3.7139170844154706e-01 1.2311593189373582e-08
63 6.1035156250000000e-02 1.8867851673652752e-01 1.8867850432657970e-01 1.2409947819369549e-08 1.8867850448073348e-01 1.8867850432657970e-01 1.5415377307981259e-10 3.7735702121726100e-01 3.7735700865315941e-01 1.2564101592449362e-08
64 6.2011718750000000e-02 1.9165939117777453e-01 1.9165937851844544e-01 1.2659329085007442e-08 1.9165937867545405e-01 1.9165937851844544e-01 1.5700860056533372e-10 3.8331876985322855e-01 3.8331875703689089e-01 1.2816337657817201e-08
65 6.2988281250000000e-02 1.9463846164768336e-01 1.9463844873924752e-01 1.2908435848002497e-08 1.9463844889911017e-01 1.9463844873924752e-01 1.5986265089473761e-10 3.8927691054679353e-01 3.8927689747849503e-01 1.3068298498897235e-08
66 6.3964843750000000e-02 1.9761570010611193e-01 1.9761568694884246e-01 1.3157269468377919e-08 1.9761568711155308e-01 1.9761568694884246e-01 1.6271062275308168e-10 3.9523138721766504e-01 3.9523137389768492e-01 1.3319980118886576e-08
67 6.4941406250000000e-02 2.0059107853016381e-01 2.0059106512433039e-01 1.3405833415580659e-08 2.0059106528987580e-01 2.0059106512433039e-01 1.6554541071300832e-10 4.0118214382003958e-01 4.0118213024866078e-01 1.3571378798538092e-08
68 6.5917968750000000e-02 2.0356456891440691e-01 2.0356455526031869e-01 1.3654088221182192e-08 2.0356455542872226e-01 2.0356455526031869e-01 1.6840356886760333e-10 4.0712912434312920e-01 4.0712911052063738e-01 1.3822491817805371e-08
69 6.6894531250000000e-02 2.0653614327128902e-01 2.0653612936918583e-01 1.3902103190854831e-08 2.0653612954039799e-01 2.0653612936918583e-01 1.7121215556414882e-10 4.1307227281168701e-01 4.1307225873837167e-01 1.4073315346418980e-08
70 6.7871093750000000e-02 2.0950577363114264e-01 2.0950575948134453e-01 1.4149798110985046e-08 2.0950575965539187e-01 2.0950575948134453e-01 1.7404733210213408e-10 4.1901153328653451e-01 4.1901151896268907e-01 1.4323845443087180e-08
71 6.8847656250000000e-02 2.1247343204272259e-01 2.1247341764550523e-01 1.4397217362738246e-08 2.1247341782236703e-01 2.1247341764550523e-01 1.7686180298071008e-10 4.2494684986508963e-01 4.2494683529101046e-01 1.4574079165718956e-08
72 6.9824218750000000e-02 2.1543909057328728e-01 2.1543907592893904e-01 1.4644348234060800e-08 2.1543907610860441e-01 2.1543907592893904e-01 1.7966536591806914e-10 4.3087816668189172e-01 4.3087815185787809e-01 1.4824013627734445e-08
73 7.0800781250000000e-02 2.1840272130892011e-01 2.1840270641774073e-01 1.4891179372922281e-08 2.1840270660020608e-01 2.1840270641774073e-01 1.8246534838617379e-10 4.3680542790912619e-01 4.3680541283548147e-01 1.5073644721308455e-08
74 7.1777343750000000e-02 2.2136429635478477e-01 2.2136428121709145e-01 1.5137693321065626e-08 2.2136428140236736e-01 2.2136428121709145e-01 1.8527590572858799e-10 4.4272857775715213e-01 4.4272856243418290e-01 1.5322969226794214e-08
75 7.2753906250000000e-02 2.2432378783544310e-01 2.2432377245152132e-01 1.5383921775358189e-08 2.2432377263958406e-01 2.2432377245152132e-01 1.8806273205385082e-10 4.4864756047502719e-01 4.4864754490304265e-01 1.5571984535167616e-08
76 7.3730468750000000e-02 2.2728116789496661e-01 2.2728115226517168e-01 1.5629794930527297e-08 2.2728115245606378e-01 2.2728115226517168e-01 1.9089210767653242e-10 4.5456232035103039e-01 4.5456230453034335e-01 1.5820687038203829e-08
77 7.4707031250000000e-02 2.3023640869747755e-01 2.3023639282205743e-01 1.5875420117383854e-08 2.3023639301571103e-01 2.3023639282205743e-01 1.9365359316125819e-10 4.6047280171318861e-01 4.6047278564411487e-01 1.6069073738300688e-08
78 7.5683593750000000e-02 2.3318948242699880e-01 2.3318946630632892e-01 1.6120669882324634e-08 2.3318946650280156e-01 2.3318946630632892e-01 1.9647264370981077e-10 4.6637894892980036e-01 4.6637893261265784e-01 1.6317142526034445e-08
79 7.6660156250000000e-02 2.3614036128819019e-01 2.3614034492253388e-01 1.6365656302363973e-08 2.3614034512176743e-01 2.3614034492253388e-01 1.9923354632744861e-10 4.7228070640995762e-01 4.7228068984506777e-01 1.6564889848691422e-08
80 7.7636718750000000e-02 2.3908901750617709e-01 2.3908900089587895e-01 1.6610298136932045e-08 2.3908900109789347e-01 2.3908900089587895e-01 2.0201451622625655e-10 4.7817801860407055e-01 4.7817800179175790e-01 1.6812312653158301e-08
81 7.8613281250000000e-02 2.4203542332714906e-01 2.4203540647249111e-01 1.6854657947096285e-08 2.4203540667724083e-01 2.4203540647249111e-01 2.0474971718087431e-10 4.8407083000438988e-01 4.8407081294498222e-01 1.7059407664277160e-08
82 7.9589843750000000e-02 2.4497955101832836e-01 2.4497953391967889e-01 1.7098649468527682e-08 2.4497953412720144e-01 2.4497953391967889e-01 2.0752255469602687e-10 4.8995908514552977e-01 4.8995906783935778e-01 1.7306171995468134e-08
83 8.0566406250000000e-02 2.4792137286850890e-01 2.4792135552619357e-01 1.7342315333790381e-08 2.4792135573648016e-01 2.4792135552619357e-01 2.1028659369370928e-10 4.9584272860498907e-01 4.9584271105238714e-01 1.7552601927484091e-08
84 8.1542968750000000e-02 2.5086086118813689e-01 2.5086084360248978e-01 1.7585647105189395e-08 2.5086084381553853e-01 2.5086084360248978e-01 2.1304874531224982e-10 5.0172170500367541e-01 5.0172168720497956e-01 1.7798695850501645e-08
85 8.2519531250000000e-02 2.5379798830959016e-01 2.5379797048098629e-01 1.7828603871006266e-08 2.5379797069683252e-01 2.5379797048098629e-01 2.1584622977854906e-10 5.0759595900642274e-01 5.0759594096197258e-01 1.8044450156295966e-08
86 8.3496093750000000e-02 2.5673272658761992e-01 2.5673270851632618e-01 1.8071293739208016e-08 2.5673270873489495e-01 2.5673270851632618e-01 2.1856877419068610e-10 5.1346543532251487e-01 5.1346541703265236e-01 1.8289862513398703e-08
87 8.4472656250000000e-02 2.5966504839926113e-01 2.5966503008563740e-01 1.8313623728616335e-08 2.5966503030694355e-01 2.5966503008563740e-01 2.2130614008020189e-10 5.1933007870620473e-01 5.1933006017127481e-01 1.8534929924207688e-08
88 8.5449218750000000e-02 2.6259492614435875e-01 2.6259490758879278e-01 1.8555565972633303e-08 2.6259490781287620e-01 2.6259490758879278e-01 2.2408341848745295e-10 5.2518983395723495e-01 5.2518981517758556e-01 1.8779649391120756e-08
89 8.6425781250000000e-02 2.6552233224597732e-01 2.6552231344866922e-01 1.8797308098950083e-08 2.6552231367538026e-01 2.6552231344866922e-01 2.2671103883098453e-10 5.3104464592135758e-01 5.3104462689733845e-01 1.9024019137781067e-08
90 8.7402343750000000e-02 2.6844723914999336e-01 2.6844722011140792e-01 1.9038585430397603e-08 2.6844722034085711e-01 2.6844722011140792e-01 2.2944918187661756e-10 5.3689445949085046e-01 5.3689444022281585e-01 1.9268034612274221e-08
91 8.8378906250000000e-02 2.7136961932617953e-01 2.7136960004667349e-01 1.9279506047187311e-08 2.7136960027886176e-01 2.7136960004667349e-01 2.3218826861182151e-10 5.4273921960504135e-01 5.4273920009334697e-01 1.9511694371310284e-08
92 8.9355468750000000e-02 2.7428944526800014e-01 2.7428942574791287e-01 1.9520087268798392e-08 2.7428942598282180e-01 2.7428942574791287e-01 2.3490892564481669e-10 5.4857887125082194e-01 5.4857885149582575e-01 1.9754996194443208e-08
93 9.0332031250000000e-02 2.7720668949295230e-01 2.7720666973261465e-01 1.9760337643948134e-08 2.7720666997021465e-01 2.7720666973261465e-01 2.3759999523420561e-10 5.5441335946316694e-01 5.5441333946522930e-01 1.9997937639182339e-08
94 9.1308593750000000e-02 2.8012132454278332e-01 2.8012130454256751e-01 2.0000215816828870e-08 2.8012130478286845e-01 2.8012130454256751e-01 2.4030094580851369e-10 5.6024262932565172e-01 5.6024260908513501e-01 2.0240516707126233e-08
95 9.2285156250000000e-02 2.8303332298380512e-01 2.8303330274411831e-01 2.0239686815415325e-08 2.8303330298716178e-01 2.8303330274411831e-01 2.4304347423509398e-10 5.6606662597096691e-01 5.6606660548823662e-01 2.0482730289650419e-08
96 9.3261718750000000e-02 2.8594265740724867e-01 2.8594263692843114e-01 2.0478817530644733e-08 2.8594263717418988e-01 2.8594263692843114e-01 2.4575874668641973e-10 5.7188529458143855e-01 5.7188527385686228e-01 2.0724576277331153e-08
97 9.4238281250000000e-02 2.8884930042937090e-01 2.8884927971174462e-01 2.0717626281196999e-08 2.8884927996017057e-01 2.8884927971174462e-01 2.4842594648077920e-10 5.7769858038954147e-01 5.7769855942348924e-01 2.0966052227677778e-08
98 9.5214843750000000e-02 2.9175322469170112e-01 2.9175320373562996e-01 2.0956071156152944e-08 2.9175320398671450e-01 2.9175320373562996e-01 2.5108454204669783e-10 5.8350642867841562e-01 5.8350640747125992e-01 2.1207155698199642e-08
99 9.6191406250000000e-02 2.9465440286136835e-01 2.9465438166724817e-01 2.1194120181089460e-08 2.9465438192101151e-01 2.9465438166724817e-01 2.5376334367166464e-10 5.8930878478237991e-01 5.8930876333449633e-01 2.1447883580272276e-08
100 9.7167968750000000e-02 2.9755280763134817e-01 2.9755278619960768e-01 2.1431740493405016e-08 2.9755278645610084e-01 2.9755278619960768e-01 2.5649316004461298e-10 5.9510559408744901e-01 5.9510557239921535e-01 2.1688233653449629e-08
101 9.8144531250000000e-02 3.0044841172090214e-01 3.0044839005182122e-01 2.1669080918496064e-08 3.0044839031094389e-01 3.0044839005182122e-01 2.5912266776728643e-10 6.0089680203184603e-01 6.0089678010364245e-01 2.1928203586263351e-08
102 9.9121093750000000e-02 3.0334118787538489e-01 3.0334116596936250e-01 2.1906022384943213e-08 3.0334116623113172e-01 3.0334116596936250e-01 2.6176921741338788e-10 6.0668235410651661e-01 6.0668233193872501e-01 2.2167791602356601e-08
103 1.0009765625000000e-01 3.0623110886687877e-01 3.0623108672432292e-01 2.2142555844428813e-08 3.0623108698876417e-01 3.0623108672432292e-01 2.6444124667790447e-10 6.1246219585564288e-01 6.1246217344864584e-01 2.2406997035595566e-08
104 1.0107421875000000e-01 3.0911814749435307e-01 3.0911812511566766e-01 2.2378685404778054e-08 3.0911812538279865e-01 3.0911812511566766e-01 2.6713098399966384e-10 6.1823627287715177e-01 6.1823625023133533e-01 2.2645816444288869e-08
105 1.0205078125000000e-01 3.1200227658394880e-01 3.1200225396949205e-01 2.2614456751668399e-08 3.1200225423928235e-01 3.1200225396949205e-01 2.6979030121054848e-10 6.2400453082323115e-01 6.2400450793898410e-01 2.2884247052878948e-08
106 1.0302734375000000e-01 3.1488346898912861e-01 3.1488344613927660e-01 2.2849852010509153e-08 3.1488344641171218e-01 3.1488344613927660e-01 2.7243557410017161e-10 6.2976691540084073e-01 6.2976689227855320e-01 2.3122287529098173e-08
107 1.0400390625000000e-01 3.1776169759099038e-01 3.1776167450614345e-01 2.3084846922927227e-08 3.1776167478123296e-01 3.1776167450614345e-01 2.7508950672938681e-10 6.3552337237222334e-01 6.3552334901228691e-01 2.3359936429656614e-08
108 1.0498046875000000e-01 3.2063693529856019e-01 3.2063691197911109e-01 2.3319449093950340e-08 3.2063691225685309e-01 3.2063691197911109e-01 2.7774199606867001e-10 6.4127384755541328e-01 6.4127382395822219e-01 2.3597191090019010e-08
109 1.0595703125000000e-01 3.2350915504908556e-01 3.2350913149534938e-01 2.3553736183679064e-08 3.2350913177566304e-01 3.2350913149534938e-01 2.8031366117176049e-10 6.4701828682474860e-01 6.4701826299069876e-01 2.3834049844850824e-08
110 1.0693359375000000e-01 3.2637832980794307e-01 3.2637830602043438e-01 2.3787508685035874e-08 3.2637830630343612e-01 3.2637830602043438e-01 2.8300173315898292e-10 6.5275663611137924e-01 6.5275661204086877e-01 2.4070510473706008e-08
111 1.0791015625000000e-01 3.2924443256956126e-01 3.2924440854860271e-01 2.4020958555581728e-08 3.2924440883421457e-01 3.2924440854860271e-01 2.8561186748987666e-10 6.5848884140377584e-01 6.5848881709720541e-01 2.4306570423071605e-08
112 1.0888671875000000e-01 3.3210743635697421e-01 3.3210741210300576e-01 2.4253968444742924e-08 3.3210741239126557e-01 3.3210741210300576e-01 2.8825980491475889e-10 6.6421484874823977e-01 6.6421482420601152e-01 2.4542228249657683e-08
113 1.0986328125000000e-01 3.3496731422258530e-01 3.3496728973596379e-01 2.4486621508224005e-08 3.3496729002682452e-01 3.3496728973596379e-01 2.9086072439454824e-10 6.6993460424940987e-01 6.6993457947192758e-01 2.4777482288129704e-08
114 1.1083984375000000e-01 3.3782403924813265e-01 3.3782401452921929e-01 2.4718913360644024e-08 3.3782401482263663e-01 3.3782401452921929e-01 2.9341734597565505e-10 6.7564805407076922e-01 6.7564802905843857e-01 2.5012330651108527e-08
115 1.1181640625000000e-01 3.4067758454488428e-01 3.4067755959419060e-01 2.4950693677805447e-08 3.4067755989026927e-01 3.4067755959419060e-01 2.9607866158798402e-10 6.8135514443515355e-01 6.8135511918838121e-01 2.5246772339393431e-08
116 1.1279296875000000e-01 3.4352792325432652e-01 3.4352789807222478e-01 2.5182101737186713e-08 3.4352789837092779e-01 3.4352789807222478e-01 2.9870300677359296e-10 6.8705582162525425e-01 6.8705579614444956e-01 2.5480804688449155e-08
117 1.1376953125000000e-01 3.4637502854797453e-01 3.4637500313485048e-01 2.5413124049578073e-08 3.4637500343615302e-01 3.4637500313485048e-01 3.0130253847460153e-10 6.9275003198412755e-01 6.9275000626970096e-01 2.5714426588052675e-08
118 1.1474609375000000e-01 3.4921887362778886e-01 3.4921884798403058e-01 2.5643758283511175e-08 3.4921884828790867e-01 3.4921884798403058e-01 3.0387808935827820e-10 6.9843772191569753e-01 6.9843769596806116e-01 2.5947636372869454e-08
119 1.1572265625000000e-01 3.5205943172640913e-01 3.5205940585241419e-01 2.5873994946579160e-08 3.5205940615885128e-01 3.5205940585241419e-01 3.0643709791888796e-10 7.0411883788526042e-01 7.0411881170482837e-01 2.6180432044498048e-08
120 1.1669921875000000e-01 3.5489667610737902e-01 3.5489665000358900e-01 2.6103790018439099e-08 3.5489665031261047e-01 3.5489665000358900e-01 3.0902147507561040e-10 7.0979332641998949e-01 7.0979330000717800e-01 2.6412811493514710e-08
121 1.1767578125000000e-01 3.5773058006548403e-01 3.5773055373233242e-01 2.6333151603719074e-08 3.5773055404395360e-01 3.5773055373233242e-01 3.1162117331007266e-10 7.1546113410943768e-01 7.1546110746466485e-01 2.6644772832540298e-08
122 1.1865234375000000e-01 3.6056111692699622e-01 3.6056109036486322e-01 2.6562132993124266e-08 3.6056109067904668e-01 3.6056109036486322e-01 3.1418345702860506e-10 7.2112220760604284e-01 7.2112218072972645e-01 2.6876316394641719e-08
123 1.1962890625000000e-01 3.6338826004976804e-01 3.6338823325909270e-01 2.6790675344834369e-08 3.6338823357585565e-01 3.6338823325909270e-01 3.1676294920401915e-10 7.2677649362562369e-01 7.2677646651818539e-01 2.7107438294038388e-08
124 1.2060546875000000e-01 3.6621198282368433e-01 3.6621195580487514e-01 2.7018809189982562e-08 3.6621195612420449e-01 3.6621195580487514e-01 3.1932934074774266e-10 7.3242393894788882e-01 7.3242391160975029e-01 2.7338138530730305e-08
125 1.2158203125000000e-01 3.6903225867079065e-01 3.6903223142425862e-01 2.7246532030567039e-08 3.6903223174614197e-01 3.6903223142425862e-01 3.2188335330474160e-10 7.3806449041693267e-01 7.3806446284851723e-01 2.7568415439382932e-08
126 1.2255859375000000e-01 3.7184906104555010e-01 3.7184903357173488e-01 2.7473815222833764e-08 3.7184903389618668e-01 3.7184903357173488e-01 3.2445179876106067e-10 7.4369809494173678e-01 7.4369806714346975e-01 2.7798267021594825e-08
127 1.2353515625000000e-01 3.7466236343516934e-01 3.7466233573448932e-01 2.7700680027553659e-08 3.7466233606150118e-01 3.7466233573448932e-01 3.2701186203354382e-10 7.4932469949667047e-01 7.4932467146897863e-01 2.8027691834076052e-08
128 1.2451171875000000e-01 3.7747213935977669e-01 3.7747211143265058e-01 2.7927126111659817e-08 3.7747211176221296e-01 3.7747211143265058e-01 3.2956237738801519e-10 7.5494425112198971e-01 7.5494422286530116e-01 2.8256688544558983e-08
129 1.2548828125000000e-01 3.8027836237265639e-01 3.8027833421953960e-01 2.8153116782281273e-08 3.8027833455167953e-01 3.8027833421953960e-01 3.3213992667313619e-10 7.6055669692433592e-01 7.6055666843907921e-01 2.8485256708954410e-08
130 1.2646484375000000e-01 3.8308100606065737e-01 3.8308097768191884e-01 2.8378738525791647e-08 3.8308097801657431e-01 3.8308097768191884e-01 3.3465547000233187e-10 7.6616198407723168e-01 7.6616195536383769e-01 2.8713393995793979e-08
131 1.2744140625000000e-01 3.8588004404417070e-01 3.8588001544024064e-01 2.8603930057879978e-08 3.8588001577740988e-01 3.8588001544024064e-01 3.3716923697468815e-10 7.7176005982158058e-01 7.7176003088048128e-01 2.8941099294854666e-08
132 1.2841796875000000e-01 3.8867544997754394e-01 3.8867542114889569e-01 2.8828648246381761e-08 3.8867542148861906e-01 3.8867542114889569e-01 3.3972336055398955e-10 7.7735087146616300e-01 7.7735084229779139e-01 2.9168371606935750e-08
133 1.2939453125000000e-01 3.9146719754949016e-01 3.9146716849646079e-01 2.9053029371173267e-08 3.9146716883864002e-01 3.9146716849646079e-01 3.4217922939561163e-10 7.8293436638813019e-01 7.8293433699292159e-01 2.9395208600568878e-08
134 1.3037109375000000e-01 3.9425526048281567e-01 3.9425523120594652e-01 2.9276869151217966e-08 3.9425523155068770e-01 3.9425523120594652e-01 3.4474118004723664e-10 7.8851049203350332e-01 7.8851046241189304e-01 2.9621610275754051e-08
135 1.3134765625000000e-01 3.9703961253537867e-01 3.9703958303504505e-01 2.9500333620369190e-08 3.9703958338228590e-01 3.9703958303504505e-01 3.4724084718718018e-10 7.9407919591766452e-01 7.9407916607009010e-01 2.9847574412045219e-08
136 1.3232421875000000e-01 3.9982022749967749e-01 3.9982019777637640e-01 2.9723301098183441e-08 3.9982019812617592e-01 3.9982019777637640e-01 3.4979952268088255e-10 7.9964042562585336e-01 7.9964039555275279e-01 3.0073100565353172e-08
137 1.3330078125000000e-01 4.0259707920364052e-01 4.0259704925773576e-01 2.9945904755912522e-08 4.0259704961001841e-01 4.0259704925773576e-01 3.5228264749775917e-10 8.0519412881365893e-01 8.0519409851547152e-01 3.0298187403410282e-08
138 1.3427734375000000e-01 4.0537014151038758e-01 4.0537011134233930e-01 3.0168048281709048e-08 4.0537011169712461e-01 4.0537011134233930e-01 3.5478531223986920e-10 8.1074025320751220e-01 8.1074022268467860e-01 3.0522833593948917e-08
139 1.3525390625000000e-01 4.0813938831879593e-01 4.0813935792907069e-01 3.0389725236279475e-08 4.0813935828638309e-01 4.0813935792907069e-01 3.5731240188852098e-10 8.1627874660517907e-01 8.1627871585814138e-01 3.0747037693679147e-08
140 1.3623046875000000e-01 4.1090479356378656e-01 4.1090476295272627e-01 3.0611060297669468e-08 4.1090476331246512e-01 4.1090476295272627e-01 3.5973884981999049e-10 8.2180955687625168e-01 8.2180952590545253e-01 3.0970799147489458e-08
141 1.3720703125000000e-01 4.1366633121613750e-01 4.1366630038426083e-01 3.0831876662862356e-08 4.1366630074650157e-01 4.1366630038426083e-01 3.6224073740598328e-10 8.2733263196263906e-01 8.2733260076852166e-01 3.1194117400268340e-08
142 1.3818359375000000e-01 4.1642397528320518e-01 4.1642394423103235e-01 3.1052172833057057e-08 4.1642394459584936e-01 4.1642394423103235e-01 3.6481700993462596e-10 8.3284791987905460e-01 8.3284788846206470e-01 3.1416989898502834e-08
143 1.3916015625000000e-01 4.1917769980918868e-01 4.1917766853704674e-01 3.1272141931548703e-08 4.1917766890432068e-01 4.1917766853704674e-01 3.6727393348812143e-10 8.3835536871350935e-01 8.3835533707409349e-01 3.1639415865036824e-08
144 1.4013671875000000e-01 4.2192747887483367e-01 4.2192744738320193e-01 3.1491631746760618e-08 4.2192744775296465e-01 4.2192744738320193e-01 3.6976272044242364e-10 8.4385492662779837e-01 8.4385489476640385e-01 3.1861394522714193e-08
145 1.4111328125000000e-01 4.2467328659827597e-01 4.2467325488753233e-01 3.1710743642054950e-08 4.2467325525971344e-01 4.2467325488753233e-01 3.7218111925696462e-10 8.4934654185798941e-01 8.4934650977506465e-01 3.2082924761311915e-08
146 1.4208984375000000e-01 4.2741509713482156e-01 4.2741506520545192e-01 3.1929369648242556e-08 4.2741506558008774e-01 4.2741506520545192e-01 3.7463582236441084e-10 8.5483016271490930e-01 8.5483013041090383e-01 3.2304005470606967e-08
147 1.4306640625000000e-01 4.3015288467755508e-01 4.3015285252999769e-01 3.2147557393891191e-08 4.3015285290707583e-01 4.3015285252999769e-01 3.7707814648513249e-10 8.6030573758463091e-01 8.6030570505999537e-01 3.2524635540376323e-08
148 1.4404296875000000e-01 4.3288662345729856e-01 4.3288659109207284e-01 3.2365225721697755e-08 4.3288659147166009e-01 4.3288659109207284e-01 3.7958725052078535e-10 8.6577321492895865e-01 8.6577318218414567e-01 3.2744812972218540e-08
149 1.4501953125000000e-01 4.3561628774325928e-01 4.3561625516068875e-01 3.2582570530514943e-08 4.3561625554265626e-01 4.3561625516068875e-01 3.8196751317443045e-10 8.7123254328591559e-01 8.7123251032137750e-01 3.2964538099200524e-08
150 1.4599609375000000e-01 4.3834185184259117e-01 4.3834181904320763e-01 3.2799383542503335e-08 4.3834181942763439e-01 4.3834181904320763e-01 3.8442676819627764e-10 8.7668367127022551e-01 8.7668363808641525e-01 3.3183810255188462e-08
151 1.4697265625000000e-01 4.4106329010130846e-01 4.4106325708558425e-01 3.3015724210105901e-08 4.4106325747248837e-01 4.4106325708558425e-01 3.8690411985342621e-10 8.8212654757379683e-01 8.8212651417116850e-01 3.3402628329959327e-08
152 1.4794921875000000e-01 4.4378057690422046e-01 4.4378054367260727e-01 3.3231613183470898e-08 4.4378054406198436e-01 4.4378054367260727e-01 3.8937708612962751e-10 8.8756112096620488e-01 8.8756108734521455e-01 3.3620990325111677e-08
153 1.4892578125000000e-01 4.4649368667519113e-01 4.4649365322814050e-01 3.3447050629131780e-08 4.4649365361998689e-01 4.4649365322814050e-01 3.9184638866984756e-10 8.9298734029517801e-01 8.9298730645628099e-01 3.3838897017801628e-08
154 1.4990234375000000e-01 4.4920259387747508e-01 4.4920256021536342e-01 3.3662111653676163e-08 4.4920256060959884e-01 4.4920256021536342e-01 3.9423542208538720e-10 8.9840515448707392e-01 8.9840512043072684e-01 3.4056347075761551e-08
155 1.5087890625000000e-01 4.5190727301372441e-01 4.5190723913701186e-01 3.3876712546287990e-08 4.5190723953363821e-01 4.5190723913701186e-01 3.9662634288006871e-10 9.0381451254736267e-01 9.0381447827402372e-01 3.4273338944679210e-08
156 1.5185546875000000e-01 4.5460769862639422e-01 4.5460766453561774e-01 3.4090776479533957e-08 4.5460766493471366e-01 4.5460766453561774e-01 3.9909592297604490e-10 9.0921536356110788e-01 9.0921532907123548e-01 3.4489872402510002e-08
157 1.5283203125000000e-01 4.5730384529828472e-01 4.5730381099374878e-01 3.4304535934115421e-08 4.5730381139515763e-01 4.5730381099374878e-01 4.0140885060324649e-10 9.1460765669344235e-01 9.1460762198749757e-01 3.4705944784718668e-08
158 1.5380859375000000e-01 4.5999568765194482e-01 4.5999565313424762e-01 3.4517697200531217e-08 4.5999565353810873e-01 4.5999565313424762e-01 4.0386111122003854e-10 9.1999134119005355e-01 9.1999130626849523e-01 3.4921558311751255e-08
159 1.5478515625000000e-01 4.6268320035097038e-01 4.6268316562047090e-01 3.4730499476332000e-08 4.6268316602668225e-01 4.6268316562047090e-01 4.0621134234086753e-10 9.2536636637765257e-01 9.2536633124094181e-01 3.5136710763161716e-08
160 1.5576171875000000e-01 4.6536635809924082e-01 4.6536632315652759e-01 3.4942713222907429e-08 4.6536632356521551e-01 4.6536632315652759e-01 4.0868791684189887e-10 9.3073268166445633e-01 9.3073264631305519e-01 3.5351401139749328e-08
161 1.5673828125000000e-01 4.6804513564206029e-01 4.6804510048751702e-01 3.5154543276405548e-08 4.6804510089860263e-01 4.6804510048751702e-01 4.1108560999703059e-10 9.3609023654066292e-01 9.3609020097503404e-01 3.5565628886402578e-08
162 1.5771484375000000e-01 4.7071950776573229e-01 4.7071947239976680e-01 3.5365965489475570e-08 4.7071947281319299e-01 4.7071947239976680e-01 4.1342618217754534e-10 9.4143898057892528e-01 9.4143894479953361e-01 3.5779391671653116e-08
163 1.5869140625000000e-01 4.7338944929789489e-01 4.7338941372106991e-01 3.5576824986005562e-08 4.7338941413693436e-01 4.7338941372106991e-01 4.1586445398422711e-10 9.4677886343482931e-01 9.4677882744213981e-01 3.5992689495500940e-08
164 1.5966796875000000e-01 4.7605493510823693e-01 4.7605489932092193e-01 3.5787315000312958e-08 4.7605489973912835e-01 4.7605489932092193e-01 4.1820641394352265e-10 9.5210983484736533e-01 9.5210979864184386e-01 3.6205521469767632e-08
165 1.6064453125000000e-01 4.7871594010805230e-01 4.7871590411075710e-01 3.5997295200207446e-08 4.7871590453134971e-01 4.7871590411075710e-01 4.2059261629034950e-10 9.5743184463940201e-01 9.5743180822151419e-01 3.6417887816497796e-08
166 1.6162109375000000e-01 4.8137243925092604e-01 4.8137240304418488e-01 3.6206741160782485e-08 4.8137240346723104e-01 4.8137240304418488e-01 4.2304615366361986e-10 9.6274484271815708e-01 9.6274480608836976e-01 3.6629787314446105e-08
167 1.6259765625000000e-01 4.8402440753307735e-01 4.8402437111722574e-01 3.6415851611959482e-08 4.8402437154259231e-01 4.8402437111722574e-01 4.2536657529623767e-10 9.6804877907566966e-01 9.6804874223445148e-01 3.6841218187255720e-08
168 1.6357421875000000e-01 4.8667181999303044e-01 4.8667178336854600e-01 3.6624484445191285e-08 4.8667178379624121e-01 4.8667178336854600e-01 4.2769521257923770e-10 9.7334360378927165e-01 9.7334356673709199e-01 3.7052179657770523e-08
169 1.6455078125000000e-01 4.8931465171226601e-01 4.8931461487969341e-01 3.6832572603007208e-08 4.8931461530979237e-01 4.8931461487969341e-01 4.3009895644985363e-10 9.7862926702205844e-01 9.7862922975938682e-01 3.7262671614968212e-08
170 1.6552734375000000e-01 4.9195287781558811e-01 4.9195284077533130e-01 3.7040256806175620e-08 4.9195284120776722e-01 4.9195284077533130e-01 4.3243592040553835e-10 9.8390571902335533e-01 9.8390568155066260e-01 3.7472692726581158e-08
171 1.6650390625000000e-01 4.9458647347089169e-01 4.9458643622347276e-01 3.7247418926966702e-08 4.9458643665829655e-01 4.9458643622347276e-01 4.3482378808690214e-10 9.8917291012918818e-01 9.8917287244694552e-01 3.7682242659542453e-08
172 1.6748046875000000e-01 4.9721541388981461e-01 4.9721537643571440e-01 3.7454100210165819e-08 4.9721537687293482e-01 4.9721537643571440e-01 4.3722042653016047e-10 9.9443079076274943e-01 9.9443075287142879e-01 3.7891320636695980e-08
173 1.6845703125000000e-01 4.9983967432794485e-01 4.9983963666746967e-01 3.7660475182832442e-08 4.9983963710692003e-01 4.9983963666746967e-01 4.3945036498627132e-10 9.9967931143486488e-01 9.9967927333493933e-01 3.8099925547818714e-08
174 1.6943359375000000e-01 5.0245923008443616e-01 5.0245919221820190e-01 3.7866234259276155e-08 5.0245919266002492e-01 5.0245919221820190e-01 4.4182302261219775e-10 1.0049184227444612e+00 1.0049183844364038e+00 3.8308057392910655e-08
175 1.7041015625000000e-01 5.0507405650331549e-01 5.0507401843165656e-01 3.8071658936544850e-08 5.0507401887571213e-01 5.0507401843165656e-01 4.4405557009241647e-10 1.0101480753790275e+00 1.0101480368633131e+00 3.8515714395614964e-08
176 1.7138671875000000e-01 5.0768412897261861e-01 5.0768409069609333e-01 3.8276525282654461e-08 5.0768409114246627e-01 5.0768409069609333e-01 4.4637293861171656e-10 1.0153682201150849e+00 1.0153681813921867e+00 3.8722898221266178e-08
177 1.7236328125000000e-01 5.1028942292529500e-01 5.1028938444451832e-01 3.8480776676230732e-08 5.1028938489334885e-01 5.1028938444451832e-01 4.4883052829902681e-10 1.0205788078186440e+00 1.0205787688890366e+00 3.8929607315552062e-08
178 1.7333984375000000e-01 5.1288991383971383e-01 5.1288987515491435e-01 3.8684799474886233e-08 5.1288987560595689e-01 5.1288987515491435e-01 4.5104253665328997e-10 1.0257797894456706e+00 1.0257797503098287e+00 3.9135841900517221e-08
179 1.7431640625000000e-01 5.1548557723874233e-01 5.1548553835047262e-01 3.8888269715542378e-08 5.1548553880380266e-01 5.1548553835047262e-01 4.5333004017322764e-10 1.0309711160425450e+00 1.0309710767009452e+00 3.9341599755715606e-08
180 1.7529296875000000e-01 5.1807638869104733e-01 5.1807634959982241e-01 3.9091224923737400e-08 5.1807635005547692e-01 5.1807634959982241e-01 4.5565451411988533e-10 1.0361527387465244e+00 1.0361526991996448e+00 3.9546879548879588e-08
181 1.7626953125000000e-01 5.2066232381086552e-01 5.2066228451726149e-01 3.9293604037204943e-08 5.2066228497534017e-01 5.2066228451726149e-01 4.5807868609415436e-10 1.0413246087862058e+00 1.0413245690345230e+00 3.9751682834321400e-08
182 1.7724609375000000e-01 5.2324335825873136e-01 5.2324331876298591e-01 3.9495745451922915e-08 5.2324331922324752e-01 5.2324331876298591e-01 4.6026160660517235e-10 1.0464866774819788e+00 1.0464866375259718e+00 3.9956006947505784e-08
183 1.7822265625000000e-01 5.2581946774057764e-01 5.2581942804331805e-01 3.9697259590631973e-08 5.2581942850591112e-01 5.2581942804331805e-01 4.6259307495688518e-10 1.0516388962464887e+00 1.0516388560866361e+00 4.0159852554566555e-08
184 1.7919921875000000e-01 5.2839062800934966e-01 5.2839058811093631e-01 3.9898413350947237e-08 5.2839058857574106e-01 5.2839058811093631e-01 4.6480475024424095e-10 1.0567812165850907e+00 1.0567811762218726e+00 4.0363218101191478e-08
185 1.8017578125000000e-01 5.3095681486403901e-01 5.3095677476510295e-01 4.0098936060495305e-08 5.3095677523226914e-01 5.3095677476510295e-01 4.6716619461761866e-10 1.0619135900963081e+00 1.0619135495302059e+00 4.0566102255112924e-08
186 1.8115234375000000e-01 5.3351800415098405e-01 5.3351796385189176e-01 4.0299092285422944e-08 5.3351796432130472e-01 5.3351796385189176e-01 4.6941295295255259e-10 1.0670359684722888e+00 1.0670359277037835e+00 4.0768505238375496e-08
187 1.8212890625000000e-01 5.3607417176309413e-01 5.3607413126441583e-01 4.0498678299805135e-08 5.3607413173616314e-01 5.3607413126441583e-01 4.7174730788412944e-10 1.0721483034992572e+00 1.0721482625288317e+00 4.0970425496666962e-08
188 1.8310546875000000e-01 5.3862529364089395e-01 5.3862525294305386e-01 4.0697840097969618e-08 5.3862525341707579e-01 5.3862525294305386e-01 4.7402193281698146e-10 1.0772505470579699e+00 1.0772505058861077e+00 4.1171862141808901e-08
189 1.8408203125000000e-01 5.4117134577228165e-01 5.4117130487567711e-01 4.0896604547313586e-08 5.4117130535188818e-01 5.4117130487567711e-01 4.7621107057693735e-10 1.0823426511241698e+00 1.0823426097513542e+00 4.1372815617890524e-08
190 1.8505859375000000e-01 5.4371230419267602e-01 5.4371226309787490e-01 4.1094801117580460e-08 5.4371226357635916e-01 5.4371226309787490e-01 4.7848425221985735e-10 1.0874245677690353e+00 1.0874245261957498e+00 4.1573285480822619e-08
191 1.8603515625000000e-01 5.4624814498576724e-01 5.4624810369318089e-01 4.1292586350216709e-08 5.4624810417386505e-01 5.4624810369318089e-01 4.8068415914315210e-10 1.0924962491596322e+00 1.0924962073863618e+00 4.1773270398337559e-08
192 1.8701171875000000e-01 5.4877884428311718e-01 5.4877880279329772e-01 4.1489819468942812e-08 5.4877880327624806e-01 5.4877880279329772e-01 4.8295034638101697e-10 1.0975576475593654e+00 1.0975576055865954e+00 4.1972769926346132e-08
193 1.8798828125000000e-01 5.5130437826484313e-01 5.5130433657832156e-01 4.1686521567996238e-08 5.5130433706358262e-01 5.5130433657832156e-01 4.8526105356216931e-10 1.1026087153284259e+00 1.1026086731566431e+00 4.2171782732580709e-08
194 1.8896484375000000e-01 5.5382472315983977e-01 5.5382468127696649e-01 4.1882873280663091e-08 5.5382468176440169e-01 5.5382468127696649e-01 4.8743520331129275e-10 1.1076494049242416e+00 1.1076493625539330e+00 4.2370308594996686e-08
195 1.8994140625000000e-01 5.5633985524541107e-01 5.5633981316678849e-01 4.2078622586316783e-08 5.5633981365651508e-01 5.5633981316678849e-01 4.8972659261181661e-10 1.1126796689019263e+00 1.1126796263335770e+00 4.2568349289950902e-08
196 1.9091796875000000e-01 5.5884975084838040e-01 5.5884970857440808e-01 4.2273972322703912e-08 5.5884970906633569e-01 5.5884970857440808e-01 4.9192760975813599e-10 1.1176994599147161e+00 1.1176994171488162e+00 4.2765899932462048e-08
197 1.9189453125000000e-01 5.6135438634454582e-01 5.6135434387573402e-01 4.2468811800588924e-08 5.6135434436988552e-01 5.6135434387573402e-01 4.9415149749876264e-10 1.1227087307144314e+00 1.1227086877514680e+00 4.2962963409109989e-08
198 1.9287109375000000e-01 5.6385373815937001e-01 5.6385369549618491e-01 4.2663185095825895e-08 5.6385369599253721e-01 5.6385369549618491e-01 4.9635229260047709e-10 1.1277074341519073e+00 1.1277073909923698e+00 4.3159537499448675e-08
199 1.9384765625000000e-01 5.6634778276796416e-01 5.6634773991091147e-01 4.2857052684475150e-08 5.6634774040948155e-01 5.6634773991091147e-01 4.9857007411446830e-10 1.1326955231774458e+00 1.1326954798218229e+00 4.3355622869611921e-08
200 1.9482421875000000e-01 5.6883649669545933e-01 5.6883645364501778e-01 4.3050441544956186e-08 5.6883645414579265e-01 5.6883645364501778e-01 5.0077486601907140e-10 1.1376729508412520e+00 1.1376729072900356e+00 4.3551216410975258e-08
201 1.9580078125000000e-01 5.7131985651717221e-01 5.7131981327378223e-01 4.3243389979963354e-08 5.7131981377671093e-01 5.7131981327378223e-01 5.0292869868684420e-10 1.1426396702938830e+00 1.1426396265475645e+00 4.3746318567627895e-08
202 1.9677734375000000e-01 5.7379783885871583e-01 5.7379779542287845e-01 4.3435837371319508e-08 5.7379779592796742e-01 5.7379779542287845e-01 5.0508897064815983e-10 1.1475956347866831e+00 1.1475955908457569e+00 4.3940926230945365e-08
203 1.9775390625000000e-01 5.7627042039626752e-01 5.7627037676859461e-01 4.3627672918766791e-08 5.7627037727596453e-01 5.7627037676859461e-01 5.0736992385225221e-10 1.1525407976722319e+00 1.1525407535371892e+00 4.4135042731596741e-08
204 1.9873046875000000e-01 5.7873757785721391e-01 5.7873753403805350e-01 4.3819160411295854e-08 5.7873753454755994e-01 5.7873753403805350e-01 5.0950643704084086e-10 1.1574751124047737e+00 1.1574750680761070e+00 4.4328666737314393e-08
205 1.9970703125000000e-01 5.8119928801945264e-01 5.8119924400943102e-01 4.4010021627016727e-08 5.8119924452120453e-01 5.8119924400943102e-01 5.1177351245712543e-10 1.1623985325406572e+00 1.1623984880188620e+00 4.4521795139473852e-08
206 2.0068359375000000e-01 5.8365552771266094e-01 5.8365548351217567e-01 4.4200485271872481e-08 5.8365548402611844e-01 5.8365548351217567e-01 5.1394277722494053e-10 1.1673110117387795e+00 1.1673109670243513e+00 4.4714428160119724e-08
207 2.0166015625000000e-01 5.8610627381767644e-01 5.8610622942722568e-01 4.4390450759657085e-08 5.8610622994334138e-01 5.8610622942722568e-01 5.1611570572873688e-10 1.1722125037610178e+00 1.1722124588544514e+00 4.4906566465385822e-08
208 2.0263671875000000e-01 5.8855150326723615e-01 5.8855145868722702e-01 4.4580009128658560e-08 5.8855145920542629e-01 5.8855145868722702e-01 5.1819926127905092e-10 1.1771029624726626e+00 1.1771029173744540e+00 4.5098208500959913e-08
209 2.0361328125000000e-01 5.9099119304564962e-01 5.9099114827675081e-01 4.4768898810332303e-08 5.9099114879720416e-01 5.9099114827675081e-01 5.2045334708594737e-10 1.1819823418428537e+00 1.1819822965535016e+00 4.5289352046395948e-08
210 2.0458984375000000e-01 5.9342532018991911e-01 5.9342527523250943e-01 4.4957409683910043e-08 5.9342527575509707e-01 5.9342527523250943e-01 5.2258763982848677e-10 1.1868505959450162e+00 1.1868505504650189e+00 4.5479997323738530e-08
211 2.0556640625000000e-01 5.9585386178896993e-01 5.9585381664357295e-01 4.5145396976309371e-08 5.9585381716832031e-01 5.9585381664357295e-01 5.2474735667829009e-10 1.1917076789572902e+00 1.1917076332871459e+00 4.5670144332987661e-08
212 2.0654296875000000e-01 5.9827679498433961e-01 5.9827674965158462e-01 4.5332754994298341e-08 5.9827675017862070e-01 5.9827674965158462e-01 5.2703608144355485e-10 1.1965535451629603e+00 1.1965534993031692e+00 4.5859791075741896e-08
213 2.0751953125000000e-01 6.0069409697101084e-01 6.0069405145097632e-01 4.5520034519519470e-08 6.0069405197987946e-01 6.0069405145097632e-01 5.2890314350406697e-10 1.2013881489508904e+00 1.2013881029019526e+00 4.6048937774045839e-08
214 2.0849609375000000e-01 6.0310574499560132e-01 6.0310569928918289e-01 4.5706418427826634e-08 6.0310569982034956e-01 6.0310569928918289e-01 5.3116666620667274e-10 1.2062114448159509e+00 1.2062113985783658e+00 4.6237585094033307e-08
215 2.0947265625000000e-01 6.0551171635927747e-01 6.0551167046685628e-01 4.5892421196569444e-08 6.0551167100016534e-01 6.0551167046685628e-01 5.3330906357729191e-10 1.2110233873594427e+00 1.2110233409337126e+00 4.6425730149124433e-08
216 2.1044921875000000e-01 6.0791198841606131e-01 6.0791194233807955e-01 4.6077981763481546e-08 6.0791194287347206e-01 6.0791194233807955e-01 5.3539250810530348e-10 1.2158239312895334e+00 1.2158238846761591e+00 4.6613374271586849e-08
217 2.1142578125000000e-01 6.1030653857360262e-01 6.1030649231057987e-01 4.6263022746018123e-08 6.1030649284807315e-01 6.1030649231057987e-01 5.3749327211249920e-10 1.2206130314216757e+00 1.2206129846211597e+00 4.6800515907108320e-08
218 2.1240234375000000e-01 6.1269534429354455e-01 6.1269529784594057e-01 4.6447603985200203e-08 6.1269529838549031e-01 6.1269529784594057e-01 5.3954973822101238e-10 1.2253906426790349e+00 1.2253905956918811e+00 4.6987153723421216e-08
219 2.1337890625000000e-01 6.1507838309138796e-01 6.1507833645981436e-01 4.6631573602518017e-08 6.1507833700152725e-01 6.1507833645981436e-01 5.4171289676219203e-10 1.2301567200929151e+00 1.2301566729196287e+00 4.7173286388257907e-08
220 2.1435546875000000e-01 6.1745563253732549e-01 6.1745558572213421e-01 4.6815191279137025e-08 6.1745558626585717e-01 6.1745558572213421e-01 5.4372295554827588e-10 1.2349112188031826e+00 1.2349111714442684e+00 4.7358914123662998e-08
221 2.1533203125000000e-01 6.1982707025545758e-01 6.1982702325732497e-01 4.6998132607889431e-08 6.1982702380322952e-01 6.1982702325732497e-01 5.4590454379166431e-10 1.2396540940586871e+00 1.2396540465146499e+00 4.7544037151681096e-08
222 2.1630859375000000e-01 6.2219267392519451e-01 6.2219262674451303e-01 4.7180681472802632e-08 6.2219262729248437e-01 6.2219262674451303e-01 5.4797133497430650e-10 1.2443853012176789e+00 1.2443852534890261e+00 4.7728652807776939e-08
223 2.1728515625000000e-01 6.2455242128035648e-01 6.2455237391773744e-01 4.7362619048918475e-08 6.2455237446787926e-01 6.2455237391773744e-01 5.5014182098744868e-10 1.2491047957482357e+00 1.2491047478354749e+00 4.7912760869905924e-08
224 2.1826171875000000e-01 6.2690629011039156e-01 6.2690624256615934e-01 4.7544232217866522e-08 6.2690624311828769e-01 6.2690624256615934e-01 5.5212834304541047e-10 1.2538125332286794e+00 1.2538124851323187e+00 4.8096360671934235e-08
225 2.1923828125000000e-01 6.2925425825946979e-01 6.2925421053427044e-01 4.7725199348036540e-08 6.2925421108852375e-01 6.2925421053427044e-01 5.5425330991454302e-10 1.2585084693479935e+00 1.2585084210685409e+00 4.8279452657951083e-08
226 2.2021484375000000e-01 6.3159630362780972e-01 6.3159625572210198e-01 4.7905707734052783e-08 6.3159625627842975e-01 6.3159625572210198e-01 5.5632776163605513e-10 1.2631925599062395e+00 1.2631925114442040e+00 4.8462035495688838e-08
227 2.2119140625000000e-01 6.3393240417112462e-01 6.3393235608543275e-01 4.8085691872756797e-08 6.3393235664384873e-01 6.3393235608543275e-01 5.5841598012307259e-10 1.2678647608149733e+00 1.2678647121708655e+00 4.8644107852879870e-08
228 2.2216796875000000e-01 6.3626253790128284e-01 6.3626248963599641e-01 4.8265286434201471e-08 6.3626249019638015e-01 6.3626248963599641e-01 5.6038373941191821e-10 1.2725250280976630e+00 1.2725249792719928e+00 4.8825670173613389e-08
229 2.2314453125000000e-01 6.3858668288596387e-01 6.3858663444168839e-01 4.8444275480008514e-08 6.3858663500413348e-01 6.3858663444168839e-01 5.6244509050173974e-10 1.2771733178900972e+00 1.2771732688833768e+00 4.9006720459487951e-08
230 2.2412109375000000e-01 6.4090481724941584e-01 6.4090476862677292e-01 4.8622642911944070e-08 6.4090476919138806e-01 6.4090476862677292e-01 5.6461513242567207e-10 1.2818095864408039e+00 1.2818095372535458e+00 4.9187258044369742e-08
231 2.2509765625000000e-01 6.4321691917276969e-01 6.4321687037208808e-01 4.8800681606842033e-08 6.4321687093868829e-01 6.4321687037208808e-01 5.6660021119370185e-10 1.2864337901114580e+00 1.2864337407441762e+00 4.9367281818035735e-08
232 2.2607421875000000e-01 6.4552296689346156e-01 6.4552291791525152e-01 4.8978210043237880e-08 6.4552291848383314e-01 6.4552291791525152e-01 5.6858162622575037e-10 1.2910458853772946e+00 1.2910458358305030e+00 4.9546791558441328e-08
233 2.2705078125000000e-01 6.4782293870594909e-01 6.4782288955086575e-01 4.9155083337026895e-08 6.4782289012156791e-01 6.4782288955086575e-01 5.7070215220278442e-10 1.2956458288275170e+00 1.2956457791017315e+00 4.9725785489229679e-08
234 2.2802734375000000e-01 6.5011681296223289e-01 6.5011676363072157e-01 4.9331511320360732e-08 6.5011676420347242e-01 6.5011676363072157e-01 5.7275084675012522e-10 1.3002335771657054e+00 1.3002335272614431e+00 4.9904262278133160e-08
235 2.2900390625000000e-01 6.5240456807151070e-01 6.5240451856400294e-01 4.9507507760004899e-08 6.5240451913871733e-01 6.5240451856400294e-01 5.7471438719147727e-10 1.3048090872102280e+00 1.3048090371280059e+00 5.0082222147196376e-08
236 2.2998046875000000e-01 6.5468618250042077e-01 6.5468613281748866e-01 4.9682932101724475e-08 6.5468613339422022e-01 6.5468613281748866e-01 5.7673155140491872e-10 1.3093723158946409e+00 1.3093722656349773e+00 5.0259663542107091e-08
237 2.3095703125000000e-01 6.5696163477359193e-01 6.5696158491575662e-01 4.9857835304756293e-08 6.5696158549450834e-01 6.5696158491575662e-01 5.7875171322052665e-10 1.3139232202681002e+00 1.3139231698315132e+00 5.0436586906954517e-08
238 2.3193359375000000e-01 6.5923090347361346e-01 6.5923085344138510e-01 5.0032228360308295e-08 6.5923085402214809e-01 6.5923085344138510e-01 5.8076299325193759e-10 1.3184617574957616e+00 1.3184617068827702e+00 5.0612991353560233e-08
239 2.3291015625000000e-01 6.6149396724132647e-01 6.6149391703515437e-01 5.0206172108602232e-08 6.6149391761785825e-01 6.6149391703515437e-01 5.8270388514358729e-10 1.3229878848591847e+00 1.3229878340703087e+00 5.0788875993745819e-08
240 2.3388671875000000e-01 6.6375080477573001e-01 6.6375075439624820e-01 5.0379481808526805e-08 6.6375075498100555e-01 6.6375075439624820e-01 5.8475735364993398e-10 1.3275015597567354e+00 1.3275015087924964e+00 5.0964239051154436e-08
241 2.3486328125000000e-01 6.6600139483478027e-01 6.6600134428245372e-01 5.0552326547048665e-08 6.6600134486920670e-01 6.6600134428245372e-01 5.8675297953669769e-10 1.3320027397039871e+00 1.3320026885649074e+00 5.1139079637607665e-08
242 2.3583984375000000e-01 6.6824571623504148e-01 6.6824566551036180e-01 5.0724679678815221e-08 6.6824566609907876e-01 6.6824566551036180e-01 5.8871696406725960e-10 1.3364913823341202e+00 1.3364913310207236e+00 5.1313396642882481e-08
243 2.3681640625000000e-01 6.7048374785198095e-01 6.7048369695556620e-01 5.0896414749423968e-08 6.7048369754634185e-01 6.7048369695556620e-01 5.9077565062182202e-10 1.3409674453983227e+00 1.3409673939111324e+00 5.1487190289023488e-08
244 2.3779296875000000e-01 6.7271546862069886e-01 6.7271541755286290e-01 5.1067835959983654e-08 6.7271541814548630e-01 6.7271541755286290e-01 5.9262339480170567e-10 1.3454308867661853e+00 1.3454308351057258e+00 5.1660459465807662e-08
245 2.3876953125000000e-01 6.7494085753502031e-01 6.7494080629644737e-01 5.1238572940093263e-08 6.7494080689107838e-01 6.7494080629644737e-01 5.9463101109713534e-10 1.3498816644260987e+00 1.3498816125928947e+00 5.1833203951190399e-08
246 2.3974609375000000e-01 6.7715989364894180e-01 6.7715984224011339e-01 5.1408828416477093e-08 6.7715984283670760e-01 6.7715984224011339e-01 5.9659421847158001e-10 1.3543197364856494e+00 1.3543196844802268e+00 5.2005422634948673e-08
247 2.4072265625000000e-01 6.7937255607603064e-01 6.7937250449744957e-01 5.1578581072853069e-08 6.7937250509598235e-01 6.7937250449744957e-01 5.9853277889487799e-10 1.3587450611720131e+00 1.3587450089948991e+00 5.2177113962770250e-08
248 2.4169921875000000e-01 6.8157882398980574e-01 6.8157877224203589e-01 5.1747769846954839e-08 6.8157877284254453e-01 6.8157877224203589e-01 6.0050864281180338e-10 1.3631575968323504e+00 1.3631575444840718e+00 5.2348278600788944e-08
249 2.4267578125000000e-01 6.8377867662401182e-01 6.8377862470764017e-01 5.1916371646143489e-08 6.8377862531018185e-01 6.8377862470764017e-01 6.0254168321449697e-10 1.3675573019341938e+00 1.3675572494152803e+00 5.2518913440380288e-08
250 2.4365234375000000e-01 6.8597209327301945e-01 6.8597204118841326e-01 5.2084606183555593e-08 6.8597204179282634e-01 6.8597204118841326e-01 6.0441307514480513e-10 1.3719441350658457e+00 1.3719440823768265e+00 5.2689019147678096e-08
251 2.4462890625000000e-01 6.8815905329136584e-01 6.8815900103908390e-01 5.2252281945719403e-08 6.8815900164539456e-01 6.8815900103908390e-01 6.0631066833849445e-10 1.3763180549367604e+00 1.3763180020781678e+00 5.2858592614057898e-08
252 2.4560546875000000e-01 6.9033953609457244e-01 6.9033948367515297e-01 5.2419419471760875e-08 6.9033948428336800e-01 6.9033948367515297e-01 6.0821503389263398e-10 1.3806790203779404e+00 1.3806789673503059e+00 5.3027634505653509e-08
253 2.4658203125000000e-01 6.9251352115909770e-01 6.9251346857308749e-01 5.2586010212962719e-08 6.9251346918322065e-01 6.9251346857308749e-01 6.1013316621227887e-10 1.3850269903423182e+00 1.3850269371461750e+00 5.3196143268152696e-08
254 2.4755859375000000e-01 6.9468098802254674e-01 6.9468093527051367e-01 5.2752033075087468e-08 6.9468093588259983e-01 6.9468093527051367e-01 6.1208615953489698e-10 1.3893619239051467e+00 1.3893618705410273e+00 5.3364119345644667e-08
255 2.4853515625000000e-01 6.9684191628398195e-01 6.9684186336640952e-01 5.2917572435084992e-08 6.9684186398039860e-01 6.9684186336640952e-01 6.1398908179910450e-10 1.3936837802643804e+00 1.3936837267328190e+00 5.3531561405861794e-08
256 2.4951171875000000e-01 6.9899628560387439e-01 6.9899623252129672e-01 5.3082577666785369e-08 6.9899623313718795e-01 6.9899623252129672e-01 6.1589122690719478e-10 1.3979925187410625e+00 1.3979924650425934e+00 5.3698469004714866e-08
257 2.5048828125000000e-01 7.0114407570451098e-01 7.0114402245743246e-01 5.3247078524165659e-08 7.0114402307519308e-01 7.0114402245743246e-01 6.1776062043605862e-10 1.4022880987797040e+00 1.4022880449148649e+00 5.3864839033579415e-08
258 2.5146484375000000e-01 7.0328526636993327e-01 7.0328521295899971e-01 5.3410933564812524e-08 7.0328521357873830e-01 7.0328521295899971e-01 6.1973859377673080e-10 1.4065704799486716e+00 1.4065704259179994e+00 5.4030672158589255e-08
259 2.5244140625000000e-01 7.0541983744672732e-01 7.0541978387229809e-01 5.3574429226266318e-08 7.0541978449383569e-01 7.0541978387229809e-01 6.2153759916583340e-10 1.4108396219405630e+00 1.4108395677445962e+00 5.4195966825432151e-08
260 2.5341796875000000e-01 7.0754776884330151e-01 7.0754771510593306e-01 5.3737368443940170e-08 7.0754771572928898e-01 7.0754771510593306e-01 6.2335592243556448e-10 1.4150954845725905e+00 1.4150954302118661e+00 5.4360724366375734e-08
261 2.5439453125000000e-01 7.0966904053071234e-01 7.0966898663100575e-01 5.3899706586868490e-08 7.0966898725624039e-01 7.0966898663100575e-01 6.2523464183783517e-10 1.4193380277869527e+00 1.4193379732620115e+00 5.4524941228706325e-08
262 2.5537109375000000e-01 7.1178363254271992e-01 7.1178357848130036e-01 5.4061419563211643e-08 7.1178357910849677e-01 7.1178357848130036e-01 6.2719640592234782e-10 1.4235672116512168e+00 1.4235671569626007e+00 5.4688616080156294e-08
263 2.5634765625000000e-01 7.1389152497623398e-01 7.1389147075347326e-01 5.4222760725863850e-08 7.1389147138246301e-01 7.1389147075347326e-01 6.2898974917402484e-10 1.4277829963586970e+00 1.4277829415069465e+00 5.4851750475037875e-08
264 2.5732421875000000e-01 7.1599269799069953e-01 7.1599264360723947e-01 5.4383460068585521e-08 7.1599264423811948e-01 7.1599264360723947e-01 6.3088001489575163e-10 1.4319853422288191e+00 1.4319852872144789e+00 5.5014340194503575e-08
265 2.5830078125000000e-01 7.1808713180926786e-01 7.1808707726555987e-01 5.4543707994625379e-08 7.1808707789823867e-01 7.1808707726555987e-01 6.3267879824024931e-10 1.4361742097075065e+00 1.4361741545311197e+00 5.5176386792865628e-08
266 2.5927734375000000e-01 7.2017480671821332e-01 7.2017475201482750e-01 5.4703385821142092e-08 7.2017475264932973e-01 7.2017475201482750e-01 6.3450222853589366e-10 1.4403495593675431e+00 1.4403495040296550e+00 5.5337888049677986e-08
267 2.6025390625000000e-01 7.2225570306758735e-01 7.2225564820505206e-01 5.4862535292521386e-08 7.2225564884136062e-01 7.2225564820505206e-01 6.3630856139695879e-10 1.4445113519089481e+00 1.4445112964101041e+00 5.5498843964940647e-08
268 2.6123046875000000e-01 7.2432980127106961e-01 7.2432974625004654e-01 5.5021023070978003e-08 7.2432974688827378e-01 7.2432974625004654e-01 6.3822724882811599e-10 1.4486595481593434e+00 1.4486594925000931e+00 5.5659250319806119e-08
269 2.6220703125000000e-01 7.2639708180672991e-01 7.2639702662760997e-01 5.5179119939907650e-08 7.2639702726759980e-01 7.2639702662760997e-01 6.3998983890201089e-10 1.4527941090743297e+00 1.4527940532552199e+00 5.5819109778809661e-08
270 2.6318359375000000e-01 7.2845752521625928e-01 7.2845746987971205e-01 5.5336547233331146e-08 7.2845747052158516e-01 7.2845746987971205e-01 6.4187311021868254e-10 1.4569149957378444e+00 1.4569149397594241e+00 5.5978420343549828e-08
271 2.6416015625000000e-01 7.3051111210619246e-01 7.3051105661267646e-01 5.5493516004645471e-08 7.3051105725634291e-01 7.3051105661267646e-01 6.4366645347035956e-10 1.4610221693625354e+00 1.4610221132253529e+00 5.6137182458115831e-08
272 2.6513671875000000e-01 7.3255782314725759e-01 7.3255776749736246e-01 5.5649895136511418e-08 7.3255776814286144e-01 7.3255776749736246e-01 6.4549898759480584e-10 1.4651155912901190e+00 1.4651155349947249e+00 5.6295394124106224e-08
273 2.6611328125000000e-01 7.3459763907513942e-01 7.3459758326934799e-01 5.5805791432383955e-08 7.3459758391661145e-01 7.3459758326934799e-01 6.4726346504784260e-10 1.4691952229917509e+00 1.4691951665386960e+00 5.6453054897431798e-08
274 2.6708984375000000e-01 7.3663054069013723e-01 7.3663048472910997e-01 5.5961027256579143e-08 7.3663048537824427e-01 7.3663048472910997e-01 6.4913430186663845e-10 1.4732610260683816e+00 1.4732609694582199e+00 5.6610161669468084e-08
275 2.6806640625000000e-01 7.3865650885816070e-01 7.3865645274220582e-01 5.6115954882862695e-08 7.3865645339296682e-01 7.3865645274220582e-01 6.5076100064231923e-10 1.4773129622511276e+00 1.4773129054844116e+00 5.6766715994527317e-08
276 2.6904296875000000e-01 7.4067552450958118e-01 7.4067546823945263e-01 5.6270128556690224e-08 7.4067546889203961e-01 7.4067546823945263e-01 6.5258698445092023e-10 1.4813509934016209e+00 1.4813509364789053e+00 5.6922715652163447e-08
277 2.7001953125000000e-01 7.4268756864088770e-01 7.4268751221710794e-01 5.6423779759562365e-08 7.4268751287148616e-01 7.4268751221710794e-01 6.5437821827885045e-10 1.4853750815123739e+00 1.4853750244342159e+00 5.7078157977841215e-08
278 2.7099609375000000e-01 7.4469262231392308e-01 7.4469256573704756e-01 5.6576875517855285e-08 7.4469256639321380e-01 7.4469256573704756e-01 6.5616623246000927e-10 1.4893851887071370e+00 1.4893851314740951e+00 5.7233041861337597e-08
279 2.7197265625000000e-01 7.4669066665628891e-01 7.4669060992694403e-01 5.6729344888317712e-08 7.4669061058496855e-01 7.4669060992694403e-01 6.5802452375862686e-10 1.4933812772412574e+00 1.4933812198538881e+00 5.7387369301054036e-08
280 2.7294921875000000e-01 7.4868168286190184e-01 7.4868162598044452e-01 5.6881457322077722e-08 7.4868162664012505e-01 7.4868162598044452e-01 6.5968053242215774e-10 1.4973633095020269e+00 1.4973632519608890e+00 5.7541137854499880e-08
281 2.7392578125000000e-01 7.5066565219028913e-01 7.5066559515734754e-01 5.7032941591650399e-08 7.5066559581875203e-01 7.5066559515734754e-01 6.6140448673479568e-10 1.5013312480090413e+00 1.5013311903146951e+00 5.7694346189407497e-08
282 2.7490234375000000e-01 7.5264255596768115e-01 7.5264249878377976e-01 5.7183901391866243e-08 7.5264249944687189e-01 7.5264249878377976e-01 6.6309213675452838e-10 1.5052850554145532e+00 1.5052849975675595e+00 5.7846993639643074e-08
283 2.7587890625000000e-01 7.5461237558649930e-01 7.5461231825237118e-01 5.7334128111818927e-08 7.5461231891732239e-01 7.5461231825237118e-01 6.6495120520926321e-10 1.5092246945038217e+00 1.5092246365047424e+00 5.7999079317028190e-08
284 2.7685546875000000e-01 7.5657509250636790e-01 7.5657503502243095e-01 5.7483936943825142e-08 7.5657503568909779e-01 7.5657503502243095e-01 6.6666683284921646e-10 1.5131501281954658e+00 1.5131500700448619e+00 5.8150603887696661e-08
285 2.7783203125000000e-01 7.5853068825330305e-01 7.5853063062012127e-01 5.7633181782534848e-08 7.5853063128850429e-01 7.5853063062012127e-01 6.6838301560068203e-10 1.5170613195418072e+00 1.5170612612402425e+00 5.8301564687113228e-08
286 2.7880859375000000e-01 7.6047914442044284e-01 7.6047908663863162e-01 5.7781811224622004e-08 7.6047908730878067e-01 7.6047908663863162e-01 6.7014904736595327e-10 1.5209582317292236e+00 1.5209581732772632e+00 5.8451960383010260e-08
287 2.7978515625000000e-01 7.6242044266833731e-01 7.6242038473835183e-01 5.7929985475269063e-08 7.6242038541015478e-01 7.6242038473835183e-01 6.7180294660573736e-10 1.5248408280784922e+00 1.5248407694767037e+00 5.8601788532897103e-08
288 2.8076171875000000e-01 7.6435456472459051e-01 7.6435450664704485e-01 5.8077545661561203e-08 7.6435450732054955e-01 7.6435450664704485e-01 6.7350469645788280e-10 1.5287090720451402e+00 1.5287090132940897e+00 5.8751050469041388e-08
289 2.8173828125000000e-01 7.6628149238460130e-01 7.6628143416001870e-01 5.8224582599741836e-08 7.6628143483517974e-01 7.6628143416001870e-01 6.7516103818832107e-10 1.5325629272197809e+00 1.5325628683200374e+00 5.8899743526907855e-08
290 2.8271484375000000e-01 7.6820120751131049e-01 7.6820114914029769e-01 5.8371012801039512e-08 7.6820114981715404e-01 7.6820114914029769e-01 6.7685634874692369e-10 1.5364023573284644e+00 1.5364022982805954e+00 5.9047869038764134e-08
291 2.8369140625000000e-01 7.7011369203570756e-01 7.7011363351879347e-01 5.8516914092088257e-08 7.7011363419730328e-01 7.7011363351879347e-01 6.7850980389749793e-10 1.5402273262330108e+00 1.5402272670375869e+00 5.9195423895985755e-08
292 2.8466796875000000e-01 7.7201892795661364e-01 7.7201886929447450e-01 5.8662139146292702e-08 7.7201886997474301e-01 7.7201886929447450e-01 6.8026850819080664e-10 1.5440377979313566e+00 1.5440377385889490e+00 5.9342407654483509e-08
293 2.8564453125000000e-01 7.7391689734144908e-01 7.7391683853453619e-01 5.8806912894837637e-08 7.7391683921644194e-01 7.7391683853453619e-01 6.8190575408522136e-10 1.5478337365578909e+00 1.5478336770690724e+00 5.9488818537900556e-08
294 2.8662109375000000e-01 7.7580758232569125e-01 7.7580752337456915e-01 5.8951122094974551e-08 7.7580752405810238e-01 7.7580752337456915e-01 6.8353323001701938e-10 1.5516151063837937e+00 1.5516150467491383e+00 5.9634655436013873e-08
295 2.8759765625000000e-01 7.7769096511346592e-01 7.7769090601872770e-01 5.9094738213971709e-08 7.7769090670390695e-01 7.7769090601872770e-01 6.8517924667332863e-10 1.5553818718173729e+00 1.5553818120374554e+00 5.9779917460645038e-08
296 2.8857421875000000e-01 7.7956702797754895e-01 7.7956696873989695e-01 5.9237652005883490e-08 7.7956696942684889e-01 7.7956696873989695e-01 6.8695193977674762e-10 1.5591339974043978e+00 1.5591339374797939e+00 5.9924603945660238e-08
297 2.8955078125000000e-01 7.8143575326002013e-01 7.8143569387986034e-01 5.9380159789235165e-08 7.8143569456841400e-01 7.8143569387986034e-01 6.8855365853437434e-10 1.5628714478284342e+00 1.5628713877597207e+00 6.0068713558791842e-08
298 2.9052734375000000e-01 7.8329712337151247e-01 7.8329706384946474e-01 5.9522047735072192e-08 7.8329706453966341e-01 7.8329706384946474e-01 6.9019867598996143e-10 1.5665941879111758e+00 1.5665941276989295e+00 6.0212246300039851e-08
299 2.9150390625000000e-01 7.8515112079217197e-01 7.8515106112878752e-01 5.9663384455177493e-08 7.8515106182060690e-01 7.8515106112878752e-01 6.9181937956130923e-10 1.5703021826127790e+00 1.5703021222575750e+00 6.0355203945761104e-08
300 2.9248046875000000e-01 7.8699772807139734e-01 7.8699766826730000e-01 5.9804097340965257e-08 7.8699766896078627e-01 7.8699766826730000e-01 6.9348626841048144e-10 1.5739953970321836e+00 1.5739953365346000e+00 6.0497583609375738e-08
301 2.9345703125000000e-01 7.8883692782831116e-01 7.8883686788403240e-01 5.9944278762991132e-08 7.8883686857913404e-01 7.8883686788403240e-01 6.9510164291131105e-10 1.5776737964074452e+00 1.5776737357680648e+00 6.0639380405902443e-08
302 2.9443359375000000e-01 7.9066870275157985e-01 7.9066864266773773e-01 6.0083842123859199e-08 7.9066864336449072e-01 7.9066864266773773e-01 6.9675298863813850e-10 1.5813373461160705e+00 1.5813372853354755e+00 6.0780595001475035e-08
303 2.9541015625000000e-01 7.9249303559996953e-01 7.9249297537705388e-01 6.0222915654328801e-08 7.9249297607536484e-01 7.9249297537705388e-01 6.9831096460859499e-10 1.5849860116753343e+00 1.5849859507541078e+00 6.0921226507915094e-08
304 2.9638671875000000e-01 7.9430990920201461e-01 7.9430984884066680e-01 6.0361347808957078e-08 7.9430984954059336e-01 7.9430984884066680e-01 6.9992656115402951e-10 1.5886197587426079e+00 1.5886196976813336e+00 6.1061274259088805e-08
305 2.9736328125000000e-01 7.9611930645668016e-01 7.9611924595747130e-01 6.0499208864861487e-08 7.9611924665899847e-01 7.9611924595747130e-01 7.0152716968863160e-10 1.5922385531156786e+00 1.5922384919149426e+00 6.1200736034550118e-08
306 2.9833984375000000e-01 7.9792121033323626e-01 7.9792114969673267e-01 6.0636503596001035e-08 7.9792115039984091e-01 7.9792114969673267e-01 7.0310823829800029e-10 1.5958423607330772e+00 1.5958422993934653e+00 6.1339611834299035e-08
307 2.9931640625000000e-01 7.9971560387145690e-01 7.9971554309824677e-01 6.0773210130982136e-08 7.9971554380293874e-01 7.9971554309824677e-01 7.0469197144262807e-10 1.5994311476743956e+00 1.5994310861964935e+00 6.1477902102424764e-08
308 3.0029296875000000e-01 8.0150247018185239e-01 8.0150240927249938e-01 6.0909353005733635e-08 8.0150240997874944e-01 8.0150240927249938e-01 7.0625005843538702e-10 1.6030048801606018e+00 1.6030048185449988e+00 6.1615603064169022e-08
309 3.0126953125000000e-01 8.0328179244571618e-01 8.0328173140082570e-01 6.1044890475869806e-08 8.0328173210864851e-01 8.0328173140082570e-01 7.0782280037207101e-10 1.6065635245543648e+00 1.6065634628016514e+00 6.1752713387264180e-08
310 3.0224609375000000e-01 8.0505355391539635e-01 8.0505349273556814e-01 6.1179828203528075e-08 8.0505349344497368e-01 8.0505349273556814e-01 7.0940553431597664e-10 1.6101070473603700e+00 1.6101069854711363e+00 6.1889233737844052e-08
311 3.0322265625000000e-01 8.0681773791441347e-01 8.0681767660023407e-01 6.1314179400362434e-08 8.0681767731121823e-01 8.0681767660023407e-01 7.1098416043469115e-10 1.6136354152256316e+00 1.6136353532004681e+00 6.2025163449774823e-08
312 3.0419921875000000e-01 8.0857432783763927e-01 8.0857426638965324e-01 6.1447986032803215e-08 8.0857426710216840e-01 8.0857426638965324e-01 7.1251515798564924e-10 1.6171485949398077e+00 1.6171485327793065e+00 6.2160501190788864e-08
313 3.0517578125000000e-01 8.1032330715136958e-01 8.1032324557013347e-01 6.1581236110441750e-08 8.1032324628414298e-01 8.1032324557013347e-01 7.1400951817679470e-10 1.6206465534355126e+00 1.6206464911402669e+00 6.2295245628618545e-08
314 3.0615234375000000e-01 8.1206465939338057e-01 8.1206459767961692e-01 6.1713763654935860e-08 8.1206459839524892e-01 8.1206459767961692e-01 7.1563199810498190e-10 1.6241292577886295e+00 1.6241291953592338e+00 6.2429395653040842e-08
315 3.0712890625000000e-01 8.1379836817376028e-01 8.1379830632783390e-01 6.1845926380144078e-08 8.1379830704485878e-01 8.1379830632783390e-01 7.1702488391167662e-10 1.6275966752186191e+00 1.6275966126556678e+00 6.2562951264055755e-08
316 3.0810546875000000e-01 8.1552441717372282e-01 8.1552435519645849e-01 6.1977264320667302e-08 8.1552435591510641e-01 8.1552435519645849e-01 7.1864791895137614e-10 1.6310487730888292e+00 1.6310487103929170e+00 6.2695912239618679e-08
317 3.0908203125000000e-01 8.1724279014742318e-01 8.1724272803926157e-01 6.2108161613672053e-08 8.1724272875937620e-01 8.1724272803926157e-01 7.2011463458920844e-10 1.6344855189067995e+00 1.6344854560785231e+00 6.2828276359283564e-08
318 3.1005859375000000e-01 8.1895347092066650e-01 8.1895340868226330e-01 6.2238403208958459e-08 8.1895340940389894e-01 8.1895340868226330e-01 7.2163564013294490e-10 1.6379068803245653e+00 1.6379068173645266e+00 6.2960038738069102e-08
319 3.1103515625000000e-01 8.2065644339182664e-01 8.2065638102388616e-01 6.2367940478758044e-08 8.2065638174714728e-01 8.2065638102388616e-01 7.2326111766329859e-10 1.6413128251389739e+00 1.6413127620477723e+00 6.3091201596421342e-08
320 3.1201171875000000e-01 8.2235169153222998e-01 8.2235162903510561e-01 6.2497124364568890e-08 8.2235162975974618e-01 8.2235162903510561e-01 7.2464056977139535e-10 1.6447033212919762e+00 1.6447032580702112e+00 6.3221764934340285e-08
321 3.1298828125000000e-01 8.2403919938515091e-01 8.2403913675960216e-01 6.2625548746808590e-08 8.2403913748577817e-01 8.2403913675960216e-01 7.2617600821445194e-10 1.6480783368709291e+00 1.6480782735192043e+00 6.3351724755023042e-08
322 3.1396484375000000e-01 8.2571895106733884e-01 8.2571888831390983e-01 6.2753429008743922e-08 8.2571888904156454e-01 8.2571888831390983e-01 7.2765471426095019e-10 1.6514378401089034e+00 1.6514377766278197e+00 6.3481083723004872e-08
323 3.1494140625000000e-01 8.2739093076834824e-01 8.2739086788756777e-01 6.2880780471452624e-08 8.2739086861662348e-01 8.2739086788756777e-01 7.2905570469572467e-10 1.6547817993849718e+00 1.6547817357751355e+00 6.3609836287170651e-08
324 3.1591796875000000e-01 8.2905512275072990e-01 8.2905505974326721e-01 6.3007462691722083e-08 8.2905506047379052e-01 8.2905505974326721e-01 7.3052330851197667e-10 1.6581101832245204e+00 1.6581101194865344e+00 6.3737986000234059e-08
325 3.1689453125000000e-01 8.3071151135052912e-01 8.3071144821700060e-01 6.3133528516168269e-08 8.3071144894900195e-01 8.3071144821700060e-01 7.3200134842466014e-10 1.6614229602995310e+00 1.6614228964340012e+00 6.3865529753570627e-08
326 3.1787109375000000e-01 8.3236008097716463e-01 8.3236001771820900e-01 6.3258955629308389e-08 8.3236001845172125e-01 8.3236001771820900e-01 7.3351225093887251e-10 1.6647200994288860e+00 1.6647200354364180e+00 6.3992467991269564e-08
327 3.1884765625000000e-01 8.3400081611380672e-01 8.3400075272992824e-01 6.3383878479150724e-08 8.3400075346484648e-01 8.3400075272992824e-01 7.3491823737725781e-10 1.6680015695786532e+00 1.6680015054598565e+00 6.4118796716527982e-08
328 3.1982421875000000e-01 8.3563370131699100e-01 8.3563363780893551e-01 6.3508055481165115e-08 8.3563363854539707e-01 8.3563363780893551e-01 7.3646155840378924e-10 1.6712673398623881e+00 1.6712672756178710e+00 6.4244517039568905e-08
329 3.2080078125000000e-01 8.3725872121773437e-01 8.3725865758589457e-01 6.3631839797295697e-08 8.3725865832368107e-01 8.3725865758589457e-01 7.3778649856137690e-10 1.6745173795414154e+00 1.6745173151717891e+00 6.4369626295857074e-08
330 3.2177734375000000e-01 8.3887586052039442e-01 8.3887579676550050e-01 6.3754893919742983e-08 8.3887579750472918e-01 8.3887579676550050e-01 7.3922867827036498e-10 1.6777516580251235e+00 1.6777515935310010e+00 6.4494122486991046e-08
331 3.2275390625000000e-01 8.4048510400399046e-01 8.4048504012662340e-01 6.3877367062481483e-08 8.4048504086726405e-01 8.4048504012662340e-01 7.4064065991308325e-10 1.6809701448712544e+00 1.6809700802532468e+00 6.4618007611372263e-08
332 3.2373046875000000e-01 8.4208643652159587e-01 8.4208637252245178e-01 6.3999144095383542e-08 8.4208637326458602e-01 8.4208637252245178e-01 7.4213424294811148e-10 1.6841728097861819e+00 1.6841727450449036e+00 6.4741278338331654e-08
333 3.2470703125000000e-01 8.4367984300108700e-01 8.4367977888063550e-01 6.4120451503946185e-08 8.4367977962412033e-01 8.4367977888063550e-01 7.4348482925756798e-10 1.6873596226252072e+00 1.6873595577612710e+00 6.4863936222181451e-08
334 3.2568359375000000e-01 8.4526530844462733e-01 8.4526524420342675e-01 6.4241200581349744e-08 8.4526524494820587e-01 8.4526524420342675e-01 7.4477912725967599e-10 1.6905305533928332e+00 1.6905304884068535e+00 6.4985979708609420e-08
335 3.2666015625000000e-01 8.4684281792897020e-01 8.4684275356782246e-01 6.4361147744662617e-08 8.4684275431408351e-01 8.4684275356782246e-01 7.4626105295294565e-10 1.6936855722430537e+00 1.6936855071356449e+00 6.5107408797615562e-08
336 3.2763671875000000e-01 8.4841235660642444e-01 8.4841229212570335e-01 6.4480721095883098e-08 8.4841229287320263e-01 8.4841229212570335e-01 7.4749928469231008e-10 1.6968246494796271e+00 1.6968245842514067e+00 6.5228220380575408e-08
337 3.2861328125000000e-01 8.4997390970332709e-01 8.4997384510397511e-01 6.4599351978777975e-08 8.4997384585303604e-01 8.4997384510397511e-01 7.4906092439874783e-10 1.6999477555563631e+00 1.6999476902079502e+00 6.5348412903176722e-08
338 3.2958984375000000e-01 8.5152746252248213e-01 8.5152739780470610e-01 6.4717776027123364e-08 8.5152739855491633e-01 8.5152739780470610e-01 7.5021022727383979e-10 1.7030548610773986e+00 1.7030547956094122e+00 6.5467986365419506e-08
339 3.3056640625000000e-01 8.5307300044054557e-01 8.5307293560526665e-01 6.4835278923425221e-08 8.5307293635692572e-01 8.5307293560526665e-01 7.5165906832097562e-10 1.7061459367974714e+00 1.7061458712105333e+00 6.5586938102768499e-08
340 3.3154296875000000e-01 8.5461050891054324e-01 8.5461044395846653e-01 6.4952076717084140e-08 8.5461044471166125e-01 8.5461044395846653e-01 7.5319472880863714e-10 1.7092209536222045e+00 1.7092208879169331e+00 6.5705271445892777e-08
341 3.3251953125000000e-01 8.5613997346130566e-01 8.5613990839269150e-01 6.5068614163443783e-08 8.5613990914705873e-01 8.5613990839269150e-01 7.5436723534494377e-10 1.7122798826083643e+00 1.7122798167853830e+00 6.5822981287766424e-08
342 3.3349609375000000e-01 8.5766137969642320e-01 8.5766131451203986e-01 6.5184383335470386e-08 8.5766131526772316e-01 8.5766131451203986e-01 7.5568329371833443e-10 1.7153226949641462e+00 1.7153226290240797e+00 6.5940066518166418e-08
343 3.3447265625000000e-01 8.5917471329585904e-01 8.5917464799645760e-01 6.5299401441620830e-08 8.5917464875358796e-01 8.5917464799645760e-01 7.5713035840863085e-10 1.7183493620494470e+00 1.7183492959929152e+00 6.6056531800029461e-08
344 3.3544921875000000e-01 8.6067996001579694e-01 8.6067989460187377e-01 6.5413923167056964e-08 8.6067989536032041e-01 8.6067989460187377e-01 7.5844663882662644e-10 1.7213598553761174e+00 1.7213597892037475e+00 6.6172369805883591e-08
345 3.3642578125000000e-01 8.6217710568806838e-01 8.6217704016033403e-01 6.5527734349757338e-08 8.6217704092018121e-01 8.6217704016033403e-01 7.5984718517219108e-10 1.7243541466082495e+00 1.7243540803206681e+00 6.6287581423907227e-08
346 3.3740234375000000e-01 8.6366613622122290e-01 8.6366607058013434e-01 6.5641088564660777e-08 8.6366607134121176e-01 8.6366607058013434e-01 7.6107742330577821e-10 1.7273322075624347e+00 1.7273321411602687e+00 6.6402165987966555e-08
347 3.3837890625000000e-01 8.6514703759966172e-01 8.6514697184595291e-01 6.5753708811122635e-08 8.6514697260836526e-01 8.6514697184595291e-01 7.6241235547058750e-10 1.7302940102080271e+00 1.7302939436919058e+00 6.6516121277615525e-08
348 3.3935546875000000e-01 8.6661979588479710e-01 8.6661973001898340e-01 6.5865813692056463e-08 8.6661973078261767e-01 8.6661973001898340e-01 7.6363426693148995e-10 1.7332395266674148e+00 1.7332394600379668e+00 6.6629447958987953e-08
349 3.4033203125000000e-01 8.6808439721425512e-01 8.6808433123706497e-01 6.5977190155663834e-08 8.6808433200201895e-01 8.6808433123706497e-01 7.6495398904086187e-10 1.7361687292162742e+00 1.7361686624741299e+00 6.6742144255726998e-08
350 3.4130859375000000e-01 8.6954082780270481e-01 8.6954076171481287e-01 6.6087891936739140e-08 8.6954076248113221e-01 8.6954076171481287e-01 7.6631934131654589e-10 1.7390815902838370e+00 1.7390815234296257e+00 6.6854211278055686e-08
351 3.4228515625000000e-01 8.7098907394203451e-01 8.7098900774374899e-01 6.6198285519902811e-08 8.7098900851110983e-01 8.7098900774374899e-01 7.6736084153594675e-10 1.7419780824531443e+00 1.7419780154874980e+00 6.6965646361438758e-08
352 3.4326171875000000e-01 8.7242912200016887e-01 8.7242905569243012e-01 6.6307738744164624e-08 8.7242905646113944e-01 8.7242905569243012e-01 7.6870931842165646e-10 1.7448581784613082e+00 1.7448581113848602e+00 6.7076447951563978e-08
353 3.4423828125000000e-01 8.7386095842315481e-01 8.7386089200657657e-01 6.6416578237138424e-08 8.7386089277661061e-01 8.7386089200657657e-01 7.7003403653463920e-10 1.7477218511997654e+00 1.7477217840131531e+00 6.7186612273673063e-08
354 3.4521484375000000e-01 8.7528456973407454e-01 8.7528450320919959e-01 6.6524874942075485e-08 8.7528450398046587e-01 8.7528450320919959e-01 7.7126627306967066e-10 1.7505690737145403e+00 1.7505690064183992e+00 6.7296141104122853e-08
355 3.4619140625000000e-01 8.7669994253320394e-01 8.7669987590072829e-01 6.6632475648198408e-08 8.7669987667328686e-01 8.7669987590072829e-01 7.7255857267033434e-10 1.7533998192064908e+00 1.7533997518014566e+00 6.7405034220868743e-08
356 3.4716796875000000e-01 8.7810706349861245e-01 8.7810699675913584e-01 6.6739476611843429e-08 8.7810699753295196e-01 8.7810699675913584e-01 7.7381612229032726e-10 1.7562140610315644e+00 1.7562139935182717e+00 6.7513292734133756e-08
357 3.4814453125000000e-01 8.7950591938593681e-01 8.7950585254006497e-01 6.6845871837806214e-08 8.7950585331510700e-01 8.7950585254006497e-01 7.7504203055411836e-10 1.7590117727010437e+00 1.7590117050801299e+00 6.7620913757338030e-08
358 3.4912109375000000e-01 8.8089649702859329e-01 8.8089643007695240e-01 6.6951640897983111e-08 8.8089643085320601e-01 8.8089643007695240e-01 7.7625361694089179e-10 1.7617929278817992e+00 1.7617928601539048e+00 6.7727894403901701e-08
359 3.5009765625000000e-01 8.8227878333795329e-01 8.8227871628115240e-01 6.7056800889808699e-08 8.8227871705858807e-01 8.8227871628115240e-01 7.7743567139521019e-10 1.7645575003965415e+00 1.7645574325623048e+00 6.7834236672226211e-08
360 3.5107421875000000e-01 8.8365276530325110e-01 8.8365269814206115e-01 6.7161189942765986e-08 8.8365269892080778e-01 8.8365269814206115e-01 7.7874662274268758e-10 1.7673054642240589e+00 1.7673053962841223e+00 6.7939936565508674e-08
361 3.5205078125000000e-01 8.8501842999232994e-01 8.8501836272723766e-01 6.7265092273949278e-08 8.8501836350714203e-01 8.8501836272723766e-01 7.7990436331276669e-10 1.7700367934994721e+00 1.7700367254544753e+00 6.8044996748284348e-08
362 3.5302734375000000e-01 8.8637576455088662e-01 8.8637569718252729e-01 6.7368359335517880e-08 8.8637569796358062e-01 8.8637569718252729e-01 7.8105333312095127e-10 1.7727514625144671e+00 1.7727513943650546e+00 6.8149412557616529e-08
363 3.5400390625000000e-01 8.8772475620317337e-01 8.8772468873218069e-01 6.7470992681784026e-08 8.8772468951437500e-01 8.8772468873218069e-01 7.8219430932335854e-10 1.7754494457175483e+00 1.7754493774643614e+00 6.8253186880085082e-08
364 3.5498046875000000e-01 8.8906539225187065e-01 8.8906532467897614e-01 6.7572894502099246e-08 8.8906532546239980e-01 8.8906532467897614e-01 7.8342365927852597e-10 1.7781307177142704e+00 1.7781306493579523e+00 6.8356318161377772e-08
365 3.5595703125000000e-01 8.9039766007853027e-01 8.9039759240433691e-01 6.7674193360289792e-08 8.9039759318894662e-01 8.9039759240433691e-01 7.8460971053573303e-10 1.7807952532674769e+00 1.7807951848086738e+00 6.8458803070825525e-08
366 3.5693359375000000e-01 8.9172154714317897e-01 8.9172147936845247e-01 6.7774726497660254e-08 8.9172148015436747e-01 8.9172147936845247e-01 7.8591499974578483e-10 1.7834430272975466e+00 1.7834429587369049e+00 6.8560641608428341e-08
367 3.5791015625000000e-01 8.9303704098529690e-01 8.9303697311039398e-01 6.7874902920372904e-08 8.9303697389732339e-01 8.9303697311039398e-01 7.8692941052338483e-10 1.7860740148826202e+00 1.7860739462207880e+00 6.8661832219873986e-08
368 3.5888671875000000e-01 8.9434412922256334e-01 8.9434406124823373e-01 6.7974329609477024e-08 8.9434406203628081e-01 8.9434406124823373e-01 7.8804707204227498e-10 1.7886881912588442e+00 1.7886881224964675e+00 6.8762376681519299e-08
369 3.5986328125000000e-01 8.9564279955224857e-01 8.9564273147916007e-01 6.8073088499431833e-08 8.9564273226834246e-01 8.9564273147916007e-01 7.8918238610725666e-10 1.7912855318205909e+00 1.7912854629583201e+00 6.8862270774516787e-08
370 3.6083984375000000e-01 8.9693303975085259e-01 8.9693297157959417e-01 6.8171258416072078e-08 8.9693297236985337e-01 8.9693297157959417e-01 7.9025919141884060e-10 1.7938660121207060e+00 1.7938659431591883e+00 6.8961517607490919e-08
371 3.6181640625000000e-01 8.9821483767386778e-01 8.9821476940530520e-01 6.8268562580797720e-08 8.9821477019685358e-01 8.9821476940530520e-01 7.9154838239503533e-10 1.7964296078707214e+00 1.7964295388106104e+00 6.9060110963192756e-08
372 3.6279296875000000e-01 8.9948818125701235e-01 8.9948811289152331e-01 6.8365489047650385e-08 8.9948811368408732e-01 8.9948811289152331e-01 7.9256401441796243e-10 1.7989762949410997e+00 1.7989762257830466e+00 6.9158053062068348e-08
373 3.6376953125000000e-01 9.0075305851472487e-01 9.0075299005305509e-01 6.8461669777697409e-08 9.0075299084672700e-01 9.0075299005305509e-01 7.9367190597423587e-10 1.8015060493614519e+00 1.8015059801061102e+00 6.9255341683671645e-08
374 3.6474609375000000e-01 9.0200945754158512e-01 9.0200938898439476e-01 6.8557190369133991e-08 9.0200938977918466e-01 9.0200938898439476e-01 7.9478990056003340e-10 1.8040188473207697e+00 1.8040187779687895e+00 6.9351980158671722e-08
375 3.6572265625000000e-01 9.0325736651172339e-01 9.0325729785983733e-01 6.8651886064863277e-08 9.0325729865591420e-01 9.0325729785983733e-01 7.9607687109017888e-10 1.8065146651676376e+00 1.8065145957196747e+00 6.9447962935953456e-08
376 3.6669921875000000e-01 9.0449677367993242e-01 9.0449670493358880e-01 6.8746343617753780e-08 9.0449670573053875e-01 9.0449670493358880e-01 7.9694995047674411e-10 1.8089934794104712e+00 1.8089934098671776e+00 6.9543293568230524e-08
377 3.6767578125000000e-01 9.0572766737963717e-01 9.0572759853987805e-01 6.8839759115313370e-08 9.0572759933808700e-01 9.0572759853987805e-01 7.9820894338666903e-10 1.8114552667177242e+00 1.8114551970797561e+00 6.9637968058700039e-08
378 3.6865234375000000e-01 9.0695003602596092e-01 9.0694996709306563e-01 6.8932895280759965e-08 9.0694996789215654e-01 9.0694996709306563e-01 7.9909090455743126e-10 1.8139000039181175e+00 1.8138999341861313e+00 6.9731986185317396e-08
379 3.6962890625000000e-01 9.0816386811280581e-01 9.0816379908775324e-01 6.9025052562565747e-08 9.0816379988804485e-01 9.0816379908775324e-01 8.0029161075856337e-10 1.8163276680008507e+00 1.8163275981755065e+00 6.9825344173324311e-08
380 3.7060546875000000e-01 9.0936915221556647e-01 9.0936908309889175e-01 6.9116674716873661e-08 9.0936908390026372e-01 9.0936908309889175e-01 8.0137196878382611e-10 1.8187382361158302e+00 1.8187381661977835e+00 6.9918046685657487e-08
381 3.7158203125000000e-01 9.1056587698959324e-01 9.1056580778188900e-01 6.9207704234131029e-08 9.1056580858427305e-01 9.1056580778188900e-01 8.0238404809307440e-10 1.8211316855738664e+00 1.8211316155637780e+00 7.0010088393246406e-08
382 3.7255859375000000e-01 9.1175403117061959e-01 9.1175396187271662e-01 6.9297902971499070e-08 9.1175396267628173e-01 9.1175396187271662e-01 8.0356510334667064e-10 1.8235079938469014e+00 1.8235079237454332e+00 7.0101468185868043e-08
383 3.7353515625000000e-01 9.1293360357571973e-01 9.1293353418801548e-01 6.9387704249024296e-08 9.1293353499249974e-01 9.1293353418801548e-01 8.0448425698875781e-10 1.8258671385682195e+00 1.8258670683760310e+00 7.0192188506013053e-08
384 3.7451171875000000e-01 9.1410458310190867e-01 9.1410451362520218e-01 6.9476706499038698e-08 9.1410451443074314e-01 9.1410451362520218e-01 8.0554096726359603e-10 1.8282090975326519e+00 1.8282090272504044e+00 7.0282247577324597e-08
385 3.7548828125000000e-01 9.1526695872773955e-01 9.1526688916257204e-01 6.9565167515328596e-08 9.1526688996904826e-01 9.1526688916257204e-01 8.0647621913954026e-10 1.8305338486967879e+00 1.8305337783251441e+00 7.0371643845490439e-08
386 3.7646484375000000e-01 9.1642071951224635e-01 9.1642064985940386e-01 6.9652842493717060e-08 9.1642065066693690e-01 9.1642064985940386e-01 8.0753304043668095e-10 1.8328413701791832e+00 1.8328412997188077e+00 7.0460375534153741e-08
387 3.7744140625000000e-01 9.1756585459589768e-01 9.1756578485606255e-01 6.9739835129034589e-08 9.1756578566466906e-01 9.1756578485606255e-01 8.0860651507919101e-10 1.8351316402605669e+00 1.8351315697121251e+00 7.0548441755136082e-08
388 3.7841796875000000e-01 9.1870235320050919e-01 9.1870228337410154e-01 6.9826407655959599e-08 9.1870228418353983e-01 9.1870228337410154e-01 8.0943829416924018e-10 1.8374046373840489e+00 1.8374045667482031e+00 7.0635845839106537e-08
389 3.7939453125000000e-01 9.1983020462839971e-01 9.1983013471636355e-01 6.9912036160246771e-08 9.1983013552691184e-01 9.1983013471636355e-01 8.1054829514926041e-10 1.8396603401553115e+00 1.8396602694327271e+00 7.0722584455396031e-08
390 3.8037109375000000e-01 9.2094939826421029e-01 9.2094932826708265e-01 6.9997127649656932e-08 9.2094932907861038e-01 9.2094932826708265e-01 8.1152773390158472e-10 1.8418987273428207e+00 1.8418986565341653e+00 7.0808655383558516e-08
391 3.8134765625000000e-01 9.2205992357349231e-01 9.2205985349198250e-01 7.0081509817576659e-08 9.2205985430453208e-01 9.2205985349198250e-01 8.1254958317344972e-10 1.8441197778780243e+00 1.8441197069839650e+00 7.0894059289727807e-08
392 3.8232421875000000e-01 9.2316177010370515e-01 9.2316169993837704e-01 7.0165328103222180e-08 9.2316170075184489e-01 9.2316169993837704e-01 8.1346784863711719e-10 1.8463234708555500e+00 1.8463233998767541e+00 7.0978795951859297e-08
393 3.8330078125000000e-01 9.2425492748365701e-01 9.2425485723526790e-01 7.0248389105742604e-08 9.2425485804973995e-01 9.2425485723526790e-01 8.1447204536289064e-10 1.8485097855333970e+00 1.8485097144705358e+00 7.1062861151105494e-08
394 3.8427734375000000e-01 9.2533938542430583e-01 9.2533931509344214e-01 7.0330863688461420e-08 9.2533931590883844e-01 9.2533931509344214e-01 8.1539630603089108e-10 1.8506787013331443e+00 1.8506786301868843e+00 7.1146259994492311e-08
395 3.8525390625000000e-01 9.2641513371818718e-01 9.2641506330556933e-01 7.0412617847459558e-08 9.2641506412193741e-01 9.2641506330556933e-01 8.1636808424434548e-10 1.8528301978401247e+00 1.8528301266111387e+00 7.1228986042726206e-08
396 3.8623046875000000e-01 9.2748216224001567e-01 9.2748209174629759e-01 7.0493718085096191e-08 9.2748209256362002e-01 9.2748209174629759e-01 8.1732243195631327e-10 1.8549642548036358e+00 1.8549641834925952e+00 7.1311040628074807e-08
397 3.8720703125000000e-01 9.2854046094649201e-01 9.2854039037234914e-01 7.0574142863044642e-08 9.2854039119063192e-01 9.2854039037234914e-01 8.1828277487261403e-10 1.8570808521371238e+00 1.8570807807446983e+00 7.1392425526894954e-08
398 3.8818359375000000e-01 9.2959001987651946e-01 9.2958994922261395e-01 7.0653905503981207e-08 9.2958995004184741e-01 9.2958994922261395e-01 8.1923345884860055e-10 1.8591799699183669e+00 1.8591798984452279e+00 7.1473138962829807e-08
399 3.8916015625000000e-01 9.3063082915131601e-01 9.3063075841824461e-01 7.0733071400042036e-08 9.3063075923835137e-01 9.3063075841824461e-01 8.2010676027977070e-10 1.8612615883896675e+00 1.8612615168364892e+00 7.1553178271344109e-08
400 3.9013671875000000e-01 9.3166287897429600e-01 9.3166280816274849e-01 7.0811547514537665e-08 9.3166280898374731e-01 9.3166280816274849e-01 8.2099882448005701e-10 1.8633256879580433e+00 1.8633256163254970e+00 7.1632546339017722e-08
401 3.9111328125000000e-01 9.3268615963137247e-01 9.3268608874208025e-01 7.0889292214104671e-08 9.3268608956402677e-01 9.3268608874208025e-01 8.2194651085387704e-10 1.8653722491953992e+00 1.8653721774841605e+00 7.1711238724958548e-08
402 3.9208984375000000e-01 9.3370066149120057e-01 9.3370059052473364e-01 7.0966466925170835e-08 9.3370059134751970e-01 9.3370059052473364e-01 8.2278606150509859e-10 1.8674012528387203e+00 1.8674011810494673e+00 7.1789252986675933e-08
403 3.9306640625000000e-01 9.3470637500477471e-01 9.3470630396183119e-01 7.1042943527999114e-08 9.3470630478547967e-01 9.3470630396183119e-01 8.2364848275062741e-10 1.8694126797902544e+00 1.8694126079236624e+00 7.1866592010749741e-08
404 3.9404296875000000e-01 9.3570329070588387e-01 9.3570321958721514e-01 7.1118668731884327e-08 9.3570322041179887e-01 9.3570321958721514e-01 8.2458373462657164e-10 1.8714065111176827e+00 1.8714064391744303e+00 7.1943252466510899e-08
405 3.9501953125000000e-01 9.3669139921149047e-01 9.3669132801753585e-01 7.1193954620518696e-08 9.3669132884281792e-01 9.3669132801753585e-01 8.2528206490906086e-10 1.8733827280543083e+00 1.8733826560350717e+00 7.2019236574405454e-08
406 3.9599609375000000e-01 9.3767069122058833e-01 9.3767061995234080e-01 7.1268247525679840e-08 9.3767062077863828e-01 9.3767061995234080e-01 8.2629747488738303e-10 1.8753413119992266e+00 1.8753412399046816e+00 7.2094545000567223e-08
407 3.9697265625000000e-01 9.3864115751629262e-01 9.3864108617416098e-01 7.1342131646723317e-08 9.3864108700120230e-01 9.3864108617416098e-01 8.2704132431388189e-10 1.8772822445174948e+00 1.8772821723483220e+00 7.2169172860014896e-08
408 3.9794921875000000e-01 9.3960278896374094e-01 9.3960271754859881e-01 7.1415142133268716e-08 9.3960271837658027e-01 9.3960271754859881e-01 8.2798146117113447e-10 1.8792055073403211e+00 1.8792054350971976e+00 7.2243123483417548e-08
409 3.9892578125000000e-01 9.4055557651189536e-01 9.4055550502441365e-01 7.1487481712040335e-08 9.4055550585332437e-01 9.4055550502441365e-01 8.2891071784274573e-10 1.8811110823652197e+00 1.8811110100488273e+00 7.2316392429883081e-08
410 3.9990234375000000e-01 9.4149951119303155e-01 9.4149943963360683e-01 7.1559424719147557e-08 9.4149944046316036e-01 9.4149943963360683e-01 8.2955353697400369e-10 1.8829989516561918e+00 1.8829988792672137e+00 7.2388978145099259e-08
411 4.0087890625000000e-01 9.4243458412200709e-01 9.4243451249150623e-01 7.1630500864117153e-08 9.4243451332189221e-01 9.4243451249150623e-01 8.3038598219786763e-10 1.8848690974438993e+00 1.8848690249830125e+00 7.2460886846315020e-08
412 4.0185546875000000e-01 9.4336078649758837e-01 9.4336071479685024e-01 7.1700738124569341e-08 9.4336071562822410e-01 9.4336071479685024e-01 8.3137385864517910e-10 1.8867215021258126e+00 1.8867214295937005e+00 7.2532112094236822e-08
413 4.0283203125000000e-01 9.4427810960247016e-01 9.4427803783186970e-01 7.1770600462706113e-08 9.4427803866392557e-01 9.4427803783186970e-01 8.3205586864920633e-10 1.8885561482663957e+00 1.8885560756637394e+00 7.2602656331355320e-08
414 4.0380859375000000e-01 9.4518654480198938e-01 9.4518647296237102e-01 7.1839618365210356e-08 9.4518647379526977e-01 9.4518647296237102e-01 8.3289874996950175e-10 1.8903730185972591e+00 1.8903729459247420e+00 7.2672517115179858e-08
415 4.0478515625000000e-01 9.4608608354582946e-01 9.4608601163781691e-01 7.1908012544419364e-08 9.4608601247149471e-01 9.4608601163781691e-01 8.3367779346588122e-10 1.8921720960173243e+00 1.8921720232756338e+00 7.2741690448907548e-08
416 4.0576171875000000e-01 9.4697671736710720e-01 9.4697664539140647e-01 7.1975700732807013e-08 9.4697664622588451e-01 9.4697664539140647e-01 8.3447804222203104e-10 1.8939533635929917e+00 1.8939532907828129e+00 7.2810178775029044e-08
417 4.0673828125000000e-01 9.4785843788297008e-01 9.4785836584015581e-01 7.2042814269757116e-08 9.4785836667532042e-01 9.4785836584015581e-01 8.3516460414045923e-10 1.8957168045582904e+00 1.8957167316803116e+00 7.2877978762875273e-08
418 4.0771484375000000e-01 9.4873123679399740e-01 9.4873116468497631e-01 7.2109021087563008e-08 9.4873116552104919e-01 9.4873116468497631e-01 8.3607287759690507e-10 1.8974624023150466e+00 1.8974623293699526e+00 7.2945093965159913e-08
419 4.0869140625000000e-01 9.4959510588557006e-01 9.4959503371075271e-01 7.2174817344894393e-08 9.4959503454745664e-01 9.4959503371075271e-01 8.3670392836410201e-10 1.8991901404330267e+00 1.8991900674215054e+00 7.3011521273258495e-08
420 4.0966796875000000e-01 9.5045003702609199e-01 9.5044996478642074e-01 7.2239671244922476e-08 9.5044996562401318e-01 9.5044996478642074e-01 8.3759243985070952e-10 1.9009000026501051e+00 1.9008999295728415e+00 7.3077263573750884e-08
421 4.1064453125000000e-01 9.5129602216913411e-01 9.5129594986504362e-01 7.2304090492636419e-08 9.5129595070327166e-01 9.5129594986504362e-01 8.3822804253230743e-10 1.9025919728724059e+00 1.9025918997300872e+00 7.3142318646191029e-08
422 4.1162109375000000e-01 9.5213305335148468e-01 9.5213298098388754e-01 7.2367597137024120e-08 9.5213298182297212e-01 9.5213298098388754e-01 8.3908457959580574e-10 1.9042660351744569e+00 1.9042659619677751e+00 7.3206681827642228e-08
423 4.1259765625000000e-01 9.5296112269504352e-01 9.5296105026449673e-01 7.2430546782520366e-08 9.5296105110430662e-01 9.5296105026449673e-01 8.3980988829779335e-10 1.9059221737993501e+00 1.9059221005289935e+00 7.3270356670818160e-08
424 4.1357421875000000e-01 9.5378022240567950e-01 9.5378014991276794e-01 7.2492911562527240e-08 9.5378015075319611e-01 9.5378014991276794e-01 8.4042817150020710e-10 1.9075603731588755e+00 1.9075602998255359e+00 7.3333339623005145e-08
425 4.1455078125000000e-01 9.5459034477340787e-01 9.5459027221902315e-01 7.2554384722423038e-08 9.5459027306026978e-01 9.5459027221902315e-01 8.4124662791396076e-10 1.9091806178336777e+00 1.9091805444380463e+00 7.3395631350336998e-08
426 4.1552734375000000e-01 9.5539148217333503e-01 9.5539140955808277e-01 7.2615252255658902e-08 9.5539141040005870e-01 9.5539140955808277e-01 8.4197593341883703e-10 1.9107828925733936e+00 1.9107828191161655e+00 7.3457228078055437e-08
427 4.1650390625000000e-01 9.5618362706477678e-01 9.5618355438933711e-01 7.2675439666269881e-08 9.5618355523203569e-01 9.5618355438933711e-01 8.4269857758556554e-10 1.9123671822968125e+00 1.9123671087786742e+00 7.3518138243855446e-08
428 4.1748046875000000e-01 9.5696677199187452e-01 9.5696669925681732e-01 7.2735057199402320e-08 9.5696670010011453e-01 9.5696669925681732e-01 8.4329720984044343e-10 1.9139334720919892e+00 1.9139333985136346e+00 7.3578354520265066e-08
429 4.1845703125000000e-01 9.5774090958312852e-01 9.5774083678926547e-01 7.2793863048481455e-08 9.5774083763328210e-01 9.5774083678926547e-01 8.4401663436040053e-10 1.9154817472164107e+00 1.9154816735785309e+00 7.3637879793864158e-08
430 4.1943359375000000e-01 9.5850603255218947e-01 9.5850595970020447e-01 7.2851985000177422e-08 9.5850596054493253e-01 9.5850595970020447e-01 8.4472806527458033e-10 1.9170119930971219e+00 1.9170119194004089e+00 7.3696712954429699e-08
431 4.2041015625000000e-01 9.5926213369762348e-01 9.5926206078800613e-01 7.2909617343519528e-08 9.5926206163323879e-01 9.5926206078800613e-01 8.4523266163927246e-10 1.9185241953308623e+00 1.9185241215760123e+00 7.3754850005158801e-08
432 4.2138671875000000e-01 9.6000920590236360e-01 9.6000913293595880e-01 7.2966404807139895e-08 9.6000913378184793e-01 9.6000913293595880e-01 8.4588913651373332e-10 1.9200183396842117e+00 1.9200182658719176e+00 7.3812294054675931e-08
433 4.2236328125000000e-01 9.6074724213463436e-01 9.6074716911233515e-01 7.3022299207359254e-08 9.6074716995907750e-01 9.6074716911233515e-01 8.4674234290815775e-10 1.9214944120937119e+00 1.9214943382246703e+00 7.3869041550267411e-08
434 4.2333984375000000e-01 9.6147623544828809e-01 9.6147616237045730e-01 7.3077830786694165e-08 9.6147616321772034e-01 9.6147616237045730e-01 8.4726303750670695e-10 1.9229523986660084e+00 1.9229523247409146e+00 7.3925093824200871e-08
435 4.2431640625000000e-01 9.6219617898131737e-01 9.6219610584876347e-01 7.3132553901622543e-08 9.6219610669665967e-01 9.6219610584876347e-01 8.4789619769765068e-10 1.9243922856779769e+00 1.9243922116975269e+00 7.3980449988297892e-08
436 4.2529296875000000e-01 9.6290706595749620e-01 9.6290699277087122e-01 7.3186624982568560e-08 9.6290699361935739e-01 9.6290699277087122e-01 8.4848617021293649e-10 1.9258140595768536e+00 1.9258139855417424e+00 7.4035111152781496e-08
437 4.2626953125000000e-01 9.6360888968545999e-01 9.6360881644564211e-01 7.3239817877102098e-08 9.6360881729490022e-01 9.6360881644564211e-01 8.4925810828195836e-10 1.9272177069803602e+00 1.9272176328912842e+00 7.4089075985384056e-08
438 4.2724609375000000e-01 9.6430164355987946e-01 9.6430157026724450e-01 7.3292634961141800e-08 9.6430157111695280e-01 9.6430157026724450e-01 8.4970830371844386e-10 1.9286032146768322e+00 1.9286031405344890e+00 7.4142343153837942e-08
439 4.2822265625000000e-01 9.6498532105970680e-01 9.6498524771521554e-01 7.3344491258175992e-08 9.6498524856563495e-01 9.6498524771521554e-01 8.5041940156571627e-10 1.9299705696253417e+00 1.9299704954304311e+00 7.4194910659741709e-08
440 4.2919921875000000e-01 9.6565991575032861e-01 9.6565984235452262e-01 7.3395805988418772e-08 9.6565984320549780e-01 9.6565984235452262e-01 8.5097517921184362e-10 1.9313197589558264e+00 1.9313196847090452e+00 7.4246781167630616e-08
441 4.3017578125000000e-01 9.6632542128213594e-01 9.6632534783562418e-01 7.3446511761332545e-08 9.6632534868706854e-01 9.6632534783562418e-01 8.5144435946205022e-10 1.9326507699692046e+00 1.9326506956712484e+00 7.4297956231816897e-08
442 4.3115234375000000e-01 9.6698183139082372e-01 9.6698175789452934e-01 7.3496294383801342e-08 9.6698175874666514e-01 9.6698175789452934e-01 8.5213580636178676e-10 1.9339635901374890e+00 1.9339635157890587e+00 7.4348430301185431e-08
443 4.3212890625000000e-01 9.6762913989841215e-01 9.6762906635285628e-01 7.3545555867582380e-08 9.6762906720550668e-01 9.6762906635285628e-01 8.5265039473370052e-10 1.9352582071039188e+00 1.9352581327057126e+00 7.4398206262316080e-08
444 4.3310546875000000e-01 9.6826734071199250e-01 9.6826726711789157e-01 7.3594100924445627e-08 9.6826726797107188e-01 9.6826726711789157e-01 8.5318030418335411e-10 1.9365346086830644e+00 1.9365345342357831e+00 7.4447281228628981e-08
445 4.3408203125000000e-01 9.6889642782451901e-01 9.6889635418264630e-01 7.3641872710972223e-08 9.6889635503642924e-01 9.6889635418264630e-01 8.5378293324112065e-10 1.9377927828609482e+00 1.9377927083652926e+00 7.4495655644213343e-08
446 4.3505859375000000e-01 9.6951639531502731e-01 9.6951632162591361e-01 7.3689113699870745e-08 9.6951632248012831e-01 9.6951632162591361e-01 8.5421469897539737e-10 1.9390327177951556e+00 1.9390326432518272e+00 7.4543328398846143e-08
447 4.3603515625000000e-01 9.7012723734770800e-01 9.7012716361232376e-01 7.3735384242823443e-08 9.7012716446723801e-01 9.7012716361232376e-01 8.5491425050321368e-10 1.9402544018149461e+00 1.9402543272246475e+00 7.4590298604348959e-08
448 4.3701171875000000e-01 9.7072894817356337e-01 9.7072887439239941e-01 7.3781163956176954e-08 9.7072887524780127e-01 9.7072887439239941e-01 8.5540186045562905e-10 1.9414578234213646e+00 1.9414577487847988e+00 7.4636565816632583e-08
449 4.3798828125000000e-01 9.7132152212879730e-01 9.7132144830260936e-01 7.3826187940717602e-08 9.7132144915854912e-01 9.7132144830260936e-01 8.5593976351105994e-10 1.9426429712873463e+00 1.9426428966052187e+00 7.4682127593206360e-08
450 4.3896484375000000e-01 9.7190495363591944e-01 9.7190487976542239e-01 7.3870497052652695e-08 9.7190488062191194e-01 9.7190487976542239e-01 8.5648954595285431e-10 1.9438098342578314e+00 1.9438097595308448e+00 7.4726986598605549e-08
451 4.3994140625000000e-01 9.7247923720350893e-01 9.7247916328935946e-01 7.3914149467668722e-08 9.7247916414635271e-01 9.7247916328935946e-01 8.5699325413912675e-10 1.9449584013498615e+00 1.9449583265787189e+00 7.4771142610785546e-08
452 4.4091796875000000e-01 9.7304436742610756e-01 9.7304429346904509e-01 7.3957062474150348e-08 9.7304429432657580e-01 9.7304429346904509e-01 8.5753071310534779e-10 1.9460886617526834e+00 1.9460885869380902e+00 7.4814593187255696e-08
453 4.4189453125000000e-01 9.7360033898461451e-01 9.7360026498525909e-01 7.3999355421072721e-08 9.7360026584324411e-01 9.7360026498525909e-01 8.5798501636702440e-10 1.9472006048278585e+00 1.9472005299705182e+00 7.4857340326417443e-08
454 4.4287109375000000e-01 9.7414714664599755e-01 9.7414707260498568e-01 7.4041011877135077e-08 9.7414707346335705e-01 9.7414707260498568e-01 8.5837137397959395e-10 1.9482942201093545e+00 1.9482941452099714e+00 7.4899383140092368e-08
455 4.4384765625000000e-01 9.7468478526330027e-01 9.7468471118146316e-01 7.4081837109218895e-08 9.7468471204034635e-01 9.7468471118146316e-01 8.5888318679394615e-10 1.9493694973036466e+00 1.9493694223629263e+00 7.4940720296012842e-08
456 4.4482421875000000e-01 9.7521324977615576e-01 9.7521317565423271e-01 7.4121923043790616e-08 9.7521317651366002e-01 9.7521317565423271e-01 8.5942730709831494e-10 1.9504264262898157e+00 1.9504263513084654e+00 7.4981350239866629e-08
457 4.4580078125000000e-01 9.7573253521063474e-01 9.7573246104918532e-01 7.4161449425957926e-08 9.7573246190901064e-01 9.7573246104918532e-01 8.5982532205264306e-10 1.9514649971196454e+00 1.9514649220983706e+00 7.5021274748010569e-08
458 4.4677734375000000e-01 9.7624263667876265e-01 9.7624256247860908e-01 7.4200153576953198e-08 9.7624256333894888e-01 9.7624256247860908e-01 8.6033979940225436e-10 1.9524852000177115e+00 1.9524851249572182e+00 7.5060493376355453e-08
459 4.4775390625000000e-01 9.7674354937953889e-01 9.7674347514123505e-01 7.4238303837681485e-08 9.7674347600193812e-01 9.7674347514123505e-01 8.6070306437591171e-10 1.9534870253814769e+00 1.9534869502824701e+00 7.5099006791035094e-08
460 4.4873046875000000e-01 9.7723526859792842e-01 9.7723519432228267e-01 7.4275645745025543e-08 9.7723519518345092e-01 9.7723519432228267e-01 8.6116824782322965e-10 1.9544704637813792e+00 1.9544703886445653e+00 7.5136813881826470e-08
461 4.4970703125000000e-01 9.7771778970587409e-01 9.7771771539350349e-01 7.4312370590412513e-08 9.7771771625504622e-01 9.7771771539350349e-01 8.6154272604943571e-10 1.9554355059609203e+00 1.9554354307870070e+00 7.5173913316461949e-08
462 4.5068359375000000e-01 9.7819110816154875e-01 9.7819103381322559e-01 7.4348323164663555e-08 9.7819103467520785e-01 9.7819103381322559e-01 8.6198226334488481e-10 1.9563821428367567e+00 1.9563820676264512e+00 7.5210305539030742e-08
463 4.5166015625000000e-01 9.7865521950997758e-01 9.7865514512639562e-01 7.4383581960546508e-08 9.7865514598880532e-01 9.7865514512639562e-01 8.6240969920936550e-10 1.9573103654987829e+00 1.9573102902527912e+00 7.5245991659755873e-08
464 4.5263671875000000e-01 9.7911011938278492e-01 9.7911004496462128e-01 7.4418163631406742e-08 9.7911004582742711e-01 9.7911004496462128e-01 8.6280582678455175e-10 1.9582201652102120e+00 1.9582200899292426e+00 7.5280969458191294e-08
465 4.5361328125000000e-01 9.7955580349823501e-01 9.7955572904621191e-01 7.4452023102189457e-08 9.7955572990942952e-01 9.7955572904621191e-01 8.6321760850438523e-10 1.9591115334076645e+00 1.9591114580924238e+00 7.5315240710693843e-08
466 4.5458984375000000e-01 9.7999226766152403e-01 9.7999219317621933e-01 7.4485304701887856e-08 9.7999219403971705e-01 9.7999219317621933e-01 8.6349771777349815e-10 1.9599844617012412e+00 1.9599843863524387e+00 7.5348802530683656e-08
467 4.5556640625000000e-01 9.8041950776419640e-01 9.8041943324647673e-01 7.4517719661493231e-08 9.8041943411041121e-01 9.8041943324647673e-01 8.6393447951138569e-10 1.9608389418746075e+00 1.9608388664929535e+00 7.5381654029982315e-08
468 4.5654296875000000e-01 9.8083751978507572e-01 9.8083744523563798e-01 7.4549437734106050e-08 9.8083744609999712e-01 9.8083744523563798e-01 8.6435913981830481e-10 1.9616749658850727e+00 1.9616748904712760e+00 7.5413796762902052e-08
469 4.5751953125000000e-01 9.8124629978974076e-01 9.8124622520921501e-01 7.4580525755152394e-08 9.8124622607391920e-01 9.8124622520921501e-01 8.6470419713435831e-10 1.9624925258636599e+00 1.9624924504184300e+00 7.5445229841264450e-08
470 4.5849609375000000e-01 9.8164584393051757e-01 9.8164576931961511e-01 7.4610902456306860e-08 9.8164577018466248e-01 9.8164576931961511e-01 8.6504736707126995e-10 1.9632916141151799e+00 1.9632915386392302e+00 7.5475949712355828e-08
471 4.5947265625000000e-01 9.8203614844686349e-01 9.8203607380617686e-01 7.4640686631433084e-08 9.8203607467145282e-01 9.8203607380617686e-01 8.6527596199204027e-10 1.9640722231183163e+00 1.9640721476123537e+00 7.5505962593425124e-08
472 4.6044921875000000e-01 9.8241720966472812e-01 9.8241713499520589e-01 7.4669522232007068e-08 9.8241713586094526e-01 9.8241713499520589e-01 8.6573936908251881e-10 1.9648343455256734e+00 1.9648342699904118e+00 7.5535261601089587e-08
473 4.6142578125000000e-01 9.8278902399773993e-01 9.8278894930000904e-01 7.4697730889639047e-08 9.8278895016612977e-01 9.8278894930000904e-01 8.6612073069147755e-10 1.9655779741638697e+00 1.9655778986000181e+00 7.5563851620330524e-08
474 4.6240234375000000e-01 9.8315158794628421e-01 9.8315151322092842e-01 7.4725355792004677e-08 9.8315151408730117e-01 9.8315151322092842e-01 8.6637275131806746e-10 1.9663031020335855e+00 1.9663030264418568e+00 7.5591728654345047e-08
475 4.6337890625000000e-01 9.8350489809760144e-01 9.8350482334537448e-01 7.4752226963958890e-08 9.8350482421203778e-01 9.8350482334537448e-01 8.6666329668361186e-10 1.9670097223096392e+00 1.9670096466907490e+00 7.5618890260642502e-08
476 4.6435546875000000e-01 9.8384895112618076e-01 9.8384887634785767e-01 7.4778323089219612e-08 9.8384887721487957e-01 9.8384887634785767e-01 8.6702189872056579e-10 1.9676978283410604e+00 1.9676977526957153e+00 7.5645345098962480e-08
477 4.6533203125000000e-01 9.8418374379377138e-01 9.8418366899002019e-01 7.4803751193286416e-08 9.8418366985735362e-01 9.8418366899002019e-01 8.6733342730127561e-10 1.9683674136511251e+00 1.9683673379800404e+00 7.5671084731609994e-08
478 4.6630859375000000e-01 9.8450927294928003e-01 9.8450919812066617e-01 7.4828613860766779e-08 9.8450919898816458e-01 9.8450919812066617e-01 8.6749840644273490e-10 1.9690184719374446e+00 1.9690183962413323e+00 7.5696112267209514e-08
479 4.6728515625000000e-01 9.8482553552835050e-01 9.8482546067579124e-01 7.4852559261984197e-08 9.8482546154366268e-01 9.8482546067579124e-01 8.6787144137900896e-10 1.9696509970720131e+00 1.9696509213515825e+00 7.5720430592340904e-08
480 4.6826171875000000e-01 9.8513252855454736e-01 9.8513245367861213e-01 7.4875935229812285e-08 9.8513245454671194e-01 9.8513245367861213e-01 8.6809981425517435e-10 1.9702649831012593e+00 1.9702649073572243e+00 7.5744035044067459e-08
481 4.6923828125000000e-01 9.8543024913817856e-01 9.8543017423959356e-01 7.4898585000759965e-08 9.8543017510793451e-01 9.8543017423959356e-01 8.6834095469612294e-10 1.9708604242461130e+00 1.9708603484791871e+00 7.5766925844433786e-08
482 4.7021484375000000e-01 9.8571869447704885e-01 9.8571861955647633e-01 7.4920572523673457e-08 9.8571862042500713e-01 9.8571861955647633e-01 8.6853080283333384e-10 1.9714373149020559e+00 1.9714372391129527e+00 7.5789103215484488e-08
483 4.7119140625000000e-01 9.8599786185601923e-01 9.8599778691430306e-01 7.4941716166065930e-08 9.8599778778315450e-01 9.8599778691430306e-01 8.6885143524284558e-10 1.9719956496391737e+00 1.9719955738286061e+00 7.5810567601308776e-08
484 4.7216796875000000e-01 9.8626774864765565e-01 9.8626767368544443e-01 7.4962211216167418e-08 9.8626767455455100e-01 9.8626767368544443e-01 8.6910656449390444e-10 1.9725354232022068e+00 1.9725353473708889e+00 7.5831317891683625e-08
485 4.7314453125000000e-01 9.8652835231162006e-01 9.8652827732962345e-01 7.4981996611711565e-08 9.8652827819898170e-01 9.8652827732962345e-01 8.6935825205358697e-10 1.9730566305106017e+00 1.9730565546592469e+00 7.5851354752742850e-08
486 4.7412109375000000e-01 9.8677967039511127e-01 9.8677959539393922e-01 7.5001172050725984e-08 9.8677959626344436e-01 9.8677959539393922e-01 8.6950513455974487e-10 1.9735592666585555e+00 1.9735591907878784e+00 7.5870677074263426e-08
487 4.7509765625000000e-01 9.8702170053236371e-01 9.8702162551289052e-01 7.5019473189108510e-08 9.8702162638270319e-01 9.8702162551289052e-01 8.6981266633756604e-10 1.9740433269150670e+00 1.9740432510257810e+00 7.5889285966468378e-08
488 4.7607421875000000e-01 9.8725444044563637e-01 9.8725436540839751e-01 7.5037238866926259e-08 9.8725436627833929e-01 9.8725436540839751e-01 8.6994178527532995e-10 1.9745088067239758e+00 1.9745087308167950e+00 7.5907180763223892e-08
489 4.7705078125000000e-01 9.8747788794405544e-01 9.8747781288982384e-01 7.5054231607474264e-08 9.8747781375995303e-01 9.8747781288982384e-01 8.7012919092188667e-10 1.9749557017040085e+00 1.9749556257796477e+00 7.5924360798396151e-08
490 4.7802734375000000e-01 9.8769204092448992e-01 9.8769196585399655e-01 7.5070493377182856e-08 9.8769196672432780e-01 9.8769196585399655e-01 8.7033125151236845e-10 1.9753840076488176e+00 1.9753839317079931e+00 7.5940824517672922e-08
491 4.7900390625000000e-01 9.8789689737128061e-01 9.8789682228522646e-01 7.5086054152073700e-08 9.8789682315574689e-01 9.8789682228522646e-01 8.7052043351576458e-10 1.9757937205270275e+00 1.9757936445704529e+00 7.5956574585589465e-08
492 4.7998046875000000e-01 9.8809245535621271e-01 9.8809238025532697e-01 7.5100885732481970e-08 9.8809238112605113e-01 9.8809238025532697e-01 8.7072415944078330e-10 1.9761848364822638e+00 1.9761847605106539e+00 7.5971609891922753e-08
493 4.8095703125000000e-01 9.8827871303867121e-01 9.8827863792363169e-01 7.5115039521733706e-08 9.8827863879452160e-01 9.8827863792363169e-01 8.7088991573835983e-10 1.9765573518331929e+00 1.9765572758472634e+00 7.5985929548494369e-08
494 4.8193359375000000e-01 9.8845566866551260e-01 9.8845559353701273e-01 7.5128499865684262e-08 9.8845559440804687e-01 9.8845559353701273e-01 8.7103413370925864e-10 1.9769112630735595e+00 1.9769111870740255e+00 7.5999533999393520e-08
495 4.8291015625000000e-01 9.8862332057117119e-01 9.8862324542989644e-01 7.5141274757939414e-08 9.8862324630104359e-01 9.8862324542989644e-01 8.7114715441316548e-10 1.9772465668722148e+00 1.9772464908597929e+00 7.6012421912352579e-08
496 4.8388671875000000e-01 9.8878166717762217e-01 9.8878159202427929e-01 7.5153342882217089e-08 9.8878159289553302e-01 9.8878159202427929e-01 8.7125373582352950e-10 1.9775632600731552e+00 1.9775631840485586e+00 7.6024596618040619e-08
497 4.8486328125000000e-01 9.8893070699429397e-01 9.8893063182974283e-01 7.5164551138762192e-08 9.8893063270124748e-01 9.8893063182974283e-01 8.7150464622709478e-10 1.9778613396955413e+00 1.9778612636594857e+00 7.6036055673966985e-08
498 4.8583984375000000e-01 9.8907043861878385e-01 9.8907036344346777e-01 7.5175316083253563e-08 9.8907036431495032e-01 9.8907036344346777e-01 8.7148255278890474e-10 1.9781408029337342e+00 1.9781407268869355e+00 7.6046798636042467e-08
499 4.8681640625000000e-01 9.8920086073539115e-01 9.8920078555024671e-01 7.5185144443601359e-08 9.8920078642192866e-01 9.8920078555024671e-01 8.7168194884412742e-10 1.9784016471573198e+00 1.9784015711004934e+00 7.6056826392445487e-08
500 4.8779296875000000e-01 9.8932197211679418e-01 9.8932189692249728e-01 7.5194296900171764e-08 9.8932189779434043e-01 9.8932189692249728e-01 8.7184315322730299e-10 1.9786438699111346e+00 1.9786437938449946e+00 7.6066140053399067e-08
501 4.8876953125000000e-01 9.8943377162306878e-01 9.8943369642027312e-01 7.5202795657425270e-08 9.8943369729221431e-01 9.8943369642027312e-01 8.7194118592037739e-10 1.9788674689152832e+00 1.9788673928405462e+00 7.6074736954367950e-08
502 4.8974609375000000e-01 9.8953625820182145e-01 9.8953618299127477e-01 7.5210546679471690e-08 9.8953618386334463e-01 9.8953618299127477e-01 8.7206986076893145e-10 1.9790724420651662e+00 1.9790723659825495e+00 7.6082616651262924e-08
503 4.9072265625000000e-01 9.8962943088869371e-01 9.8962935567085952e-01 7.5217834183405330e-08 9.8962935654280471e-01 9.8962935567085952e-01 8.7194518272326604e-10 1.9792587874314984e+00 1.9792587113417190e+00 7.6089779366128596e-08
504 4.9169921875000000e-01 9.8971328880610376e-01 9.8971321358205078e-01 7.5224052986655465e-08 9.8971321445422666e-01 9.8971321358205078e-01 8.7217588706778315e-10 1.9794265032603304e+00 1.9794264271641016e+00 7.6096228873723248e-08
505 4.9267578125000000e-01 9.8978783116531421e-01 9.8978775593554580e-01 7.5229768414786236e-08 9.8978775680773745e-01 9.8978775593554580e-01 8.7219165223473283e-10 1.9795755879730517e+00 1.9795755118710916e+00 7.6101960067020968e-08
506 4.9365234375000000e-01 9.8985305726439476e-01 9.8985298202972360e-01 7.5234671159662980e-08 9.8985298290202517e-01 9.8985298202972360e-01 8.7230156431417072e-10 1.9797060401664199e+00 1.9797059640594472e+00 7.6106972723977151e-08
507 4.9462890625000000e-01 9.8990896648959370e-01 9.8990889125065129e-01 7.5238942409683318e-08 9.8990889212298105e-01 9.8990889125065129e-01 8.7232976397899620e-10 1.9798178586125748e+00 1.9798177825013026e+00 7.6111272173662314e-08
508 4.9560546875000000e-01 9.8995555831465154e-01 9.8995548307209014e-01 7.5242561403676689e-08 9.8995548394438238e-01 9.8995548307209014e-01 8.7229223844076387e-10 1.9799110422590340e+00 1.9799109661441803e+00 7.6114853753139755e-08
509 4.9658203125000000e-01 9.8999283230082591e-01 9.8999275705550005e-01 7.5245325859008005e-08 9.8999275792789432e-01 9.8999275705550005e-01 8.7239426793672692e-10 1.9799855902287202e+00 1.9799855141110001e+00 7.6117720126944732e-08
510 4.9755859375000000e-01 9.9002078809753480e-01 9.9002071285004412e-01 7.5247490682883722e-08 9.9002071372242317e-01 9.9002071285004412e-01 8.7237905788128955e-10 1.9800415018199580e+00 1.9800414257000882e+00 7.6119869740765012e-08
511 4.9853515625000000e-01 9.9003942544147272e-01 9.9003935019259171e-01 7.5248881015177460e-08 9.9003935106501473e-01 9.9003935019259171e-01 8.7242302271306471e-10 1.9800787765064873e+00 1.9800787003851834e+00 7.6121303926868222e-08
512 4.9951171875000000e-01 9.9004874415722144e-01 9.9004866890772114e-01 7.5249500297580596e-08 9.9004866978024220e-01 9.9004866890772114e-01 8.7252105540613911e-10 1.9800974139374636e+00 1.9800973378154423e+00 7.6122021352986735e-08
513 5.0048828125000000e-01 9.9004874415722210e-01 9.9004866890772114e-01 7.5249500963714411e-08 9.9004866978024220e-01 9.9004866890772114e-01 8.7252105540613911e-10 1.9800974139374643e+00 1.9800973378154423e+00 7.6122022019120550e-08
514 5.0146484375000000e-01 9.9003942544147427e-01 9.9003935019259171e-01 7.5248882569489695e-08 9.9003935106501473e-01 9.9003935019259171e-01 8.7242302271306471e-10 1.9800787765064891e+00 1.9800787003851834e+00 7.6121305703225062e-08
515 5.0244140625000000e-01 9.9002078809753713e-01 9.9002071285004412e-01 7.5247493014352074e-08 9.9002071372242317e-01 9.9002071285004412e-01 8.7237905788128955e-10 1.9800415018199602e+00 1.9800414257000882e+00 7.6119871961211061e-08
516 5.0341796875000000e-01 9.8999283230082913e-01 9.8999275705550005e-01 7.5245329078654777e-08 9.8999275792789432e-01 9.8999275705550005e-01 8.7239426793672692e-10 1.9799855902287233e+00 1.9799855141110001e+00 7.6117723235569201e-08
517 5.0439453125000000e-01 9.8995555831465454e-01 9.8995548307209014e-01 7.5242564401278855e-08 9.8995548394438238e-01 9.8995548307209014e-01 8.7229223844076387e-10 1.9799110422590369e+00 1.9799109661441803e+00 7.6114856639719619e-08
518 5.0537109375000000e-01 9.8990896648959648e-01 9.8990889125065129e-01 7.5238945185240880e-08 9.8990889212298105e-01 9.8990889125065129e-01 8.7232976397899620e-10 1.9798178586125776e+00 1.9798177825013026e+00 7.6111275060242178e-08
519 5.0634765625000000e-01 9.8985305726439754e-01 9.8985298202972360e-01 7.5234673935220542e-08 9.8985298290202517e-01 9.8985298202972360e-01 8.7230156431417072e-10 1.9797060401664228e+00 1.9797059640594472e+00 7.6106975610557015e-08
520 5.0732421875000000e-01 9.8978783116531677e-01 9.8978775593554580e-01 7.5229770968299192e-08 9.8978775680773745e-01 9.8978775593554580e-01 8.7219165223473283e-10 1.9795755879730543e+00 1.9795755118710916e+00 7.6101962731556227e-08
521 5.0830078125000000e-01 9.8971328880610632e-01 9.8971321358205078e-01 7.5224055540168422e-08 9.8971321445422666e-01 9.8971321358205078e-01 8.7217588706778315e-10 1.9794265032603331e+00 1.9794264271641016e+00 7.6096231538258507e-08
522 5.0927734375000000e-01 9.8962943088869626e-01 9.8962935567085952e-01 7.5217836736918287e-08 9.8962935654280471e-01 9.8962935567085952e-01 8.7194518272326604e-10 1.9792587874315011e+00 1.9792587113417190e+00 7.6089782030663855e-08
523 5.1025390625000000e-01 9.8953625820182400e-01 9.8953618299127477e-01 7.5210549232984647e-08 9.8953618386334463e-01 9.8953618299127477e-01 8.7206986076893145e-10 1.9790724420651686e+00 1.9790723659825495e+00 7.6082619093753578e-08
524 5.1123046875000000e-01 9.8943377162307100e-01 9.8943369642027312e-01 7.5202797877871319e-08 9.8943369729221431e-01 9.8943369642027312e-01 8.7194118592037739e-10 1.9788674689152854e+00 1.9788673928405462e+00 7.6074739174813999e-08
525 5.1220703125000000e-01 9.8932197211679607e-01 9.8932189692249728e-01 7.5194298787550906e-08 9.8932189779434043e-01 9.8932189692249728e-01 8.7184315322730299e-10 1.9786438699111364e+00 1.9786437938449946e+00 7.6066141829755907e-08
526 5.1318359375000000e-01 9.8920086073539315e-01 9.8920078555024671e-01 7.5185146442002804e-08 9.8920078642192866e-01 9.8920078555024671e-01 8.7168194884412742e-10 1.9784016471573218e+00 1.9784015711004934e+00 7.6056828390846931e-08
527 5.1416015625000000e-01 9.8907043861878652e-01 9.8907036344346777e-01 7.5175318747788822e-08 9.8907036431495032e-01 9.8907036344346777e-01 8.7148255278890474e-10 1.9781408029337368e+00 1.9781407268869355e+00 7.6046801300577727e-08
528 5.1513671875000000e-01 9.8893070699429619e-01 9.8893063182974283e-01 7.5164553359208242e-08 9.8893063270124748e-01 9.8893063182974283e-01 8.7150464622709478e-10 1.9778613396955436e+00 1.9778612636594857e+00 7.6036057894413034e-08
529 5.1611328125000000e-01 9.8878166717762461e-01 9.8878159202427929e-01 7.5153345324707743e-08 9.8878159289553302e-01 9.8878159202427929e-01 8.7125373582352950e-10 1.9775632600731576e+00 1.9775631840485586e+00 7.6024599060531273e-08
530 5.1708984375000000e-01 9.8862332057117419e-01 9.8862324542989644e-01 7.5141277755541580e-08 9.8862324630104359e-01 9.8862324542989644e-01 8.7114715441316548e-10 1.9772465668722177e+00 1.9772464908597929e+00 7.6012424798932443e-08
531 5.1806640625000000e-01 9.8845566866551615e-01 9.8845559353701273e-01 7.5128503418397941e-08 9.8845559440804687e-01 9.8845559353701273e-01 8.7103413370925864e-10 1.9769112630735630e+00 1.9769111870740255e+00 7.5999537552107199e-08
532 5.1904296875000000e-01 9.8827871303867521e-01 9.8827863792363169e-01 7.5115043518536595e-08 9.8827863879452160e-01 9.8827863792363169e-01 8.7088991573835983e-10 1.9765573518331969e+00 1.9765572758472634e+00 7.5985933545297257e-08
533 5.2001953125000000e-01 9.8809245535621659e-01 9.8809238025532697e-01 7.5100889618262556e-08 9.8809238112605113e-01 9.8809238025532697e-01 8.7072415944078330e-10 1.9761848364822678e+00 1.9761847605106539e+00 7.5971613888725642e-08
534 5.2099609375000000e-01 9.8789689737128428e-01 9.8789682228522646e-01 7.5086057815809681e-08 9.8789682315574689e-01 9.8789682228522646e-01 8.7052043351576458e-10 1.9757937205270313e+00 1.9757936445704529e+00 7.5956578360347748e-08
535 5.2197265625000000e-01 9.8769204092449392e-01 9.8769196585399655e-01 7.5070497373985745e-08 9.8769196672432780e-01 9.8769196585399655e-01 8.7033125151236845e-10 1.9753840076488216e+00 1.9753839317079931e+00 7.5940828514475811e-08
536 5.2294921875000000e-01 9.8747788794405889e-01 9.8747781288982384e-01 7.5054235049165641e-08 9.8747781375995303e-01 9.8747781288982384e-01 8.7012919092188667e-10 1.9749557017040118e+00 1.9749556257796477e+00 7.5924364129065225e-08
537 5.2392578125000000e-01 9.8725444044564081e-01 9.8725436540839751e-01 7.5037243307818358e-08 9.8725436627833929e-01 9.8725436540839751e-01 8.6994178527532995e-10 1.9745088067239802e+00 1.9745087308167950e+00 7.5907185204115990e-08
538 5.2490234375000000e-01 9.8702170053236771e-01 9.8702162551289052e-01 7.5019477185911398e-08 9.8702162638270319e-01 9.8702162551289052e-01 8.6981266633756604e-10 1.9740433269150710e+00 1.9740432510257810e+00 7.5889289963271267e-08
539 5.2587890625000000e-01 9.8677967039511494e-01 9.8677959539393922e-01 7.5001175714461965e-08 9.8677959626344436e-01 9.8677959539393922e-01 8.6950513455974487e-10 1.9735592666585593e+00 1.9735591907878784e+00 7.5870680849021710e-08
540 5.2685546875000000e-01 9.8652835231162261e-01 9.8652827732962345e-01 7.4981999165224522e-08 9.8652827819898170e-01 9.8652827732962345e-01 8.6935825205358697e-10 1.9730566305106043e+00 1.9730565546592469e+00 7.5851357417278109e-08
541 5.2783203125000000e-01 9.8626774864765687e-01 9.8626767368544443e-01 7.4962212437412745e-08 9.8626767455455100e-01 9.8626767368544443e-01 8.6910656449390444e-10 1.9725354232022079e+00 1.9725353473708889e+00 7.5831319001906650e-08
542 5.2880859375000000e-01 9.8599786185602167e-01 9.8599778691430306e-01 7.4941718608556585e-08 9.8599778778315450e-01 9.8599778691430306e-01 8.6885143524284558e-10 1.9719956496391762e+00 1.9719955738286061e+00 7.5810570043799430e-08
543 5.2978515625000000e-01 9.8571869447705129e-01 9.8571861955647633e-01 7.4920574966164111e-08 9.8571862042500713e-01 9.8571861955647633e-01 8.6853080283333384e-10 1.9714373149020585e+00 1.9714372391129527e+00 7.5789105880019747e-08
544 5.3076171875000000e-01 9.8543024913818167e-01 9.8543017423959356e-01 7.4898588109384434e-08 9.8543017510793451e-01 9.8543017423959356e-01 8.6834095469612294e-10 1.9708604242461161e+00 1.9708603484791871e+00 7.5766928953058255e-08
545 5.3173828125000000e-01 9.8513252855455036e-01 9.8513245367861213e-01 7.4875938227414451e-08 9.8513245454671194e-01 9.8513245367861213e-01 8.6809981425517435e-10 1.9702649831012624e+00 1.9702649073572243e+00 7.5744038152691928e-08
546 5.3271484375000000e-01 9.8482553552835339e-01 9.8482546067579124e-01 7.4852562148564061e-08 9.8482546154366268e-01 9.8482546067579124e-01 8.6787144137900896e-10 1.9696509970720162e+00 1.9696509213515825e+00 7.5720433700965373e-08
547 5.3369140625000000e-01 9.8450927294928225e-01 9.8450919812066617e-01 7.4828616081212829e-08 9.8450919898816458e-01 9.8450919812066617e-01 8.6749840644273490e-10 1.9690184719374468e+00 1.9690183962413323e+00 7.5696114487655564e-08
548 5.3466796875000000e-01 9.8418374379377271e-01 9.8418366899002030e-01 7.4803752414531743e-08 9.8418366985735362e-01 9.8418366899002030e-01 8.6733331627897314e-10 1.9683674136511264e+00 1.9683673379800406e+00 7.5671085841833019e-08
549 5.3564453125000000e-01 9.8384895112618131e-01 9.8384887634785767e-01 7.4778323644331124e-08 9.8384887721487957e-01 9.8384887634785767e-01 8.6702189872056579e-10 1.9676978283410609e+00 1.9676977526957153e+00 7.5645345543051690e-08
550 5.3662109375000000e-01 9.8350489809760266e-01 9.8350482334537448e-01 7.4752228185204217e-08 9.8350482421203778e-01 9.8350482334537448e-01 8.6666329668361186e-10 1.9670097223096406e+00 1.9670096466907490e+00 7.5618891592910131e-08
551 5.3759765625000000e-01 9.8315158794628443e-01 9.8315151322092842e-01 7.4725356014049282e-08 9.8315151408730117e-01 9.8315151322092842e-01 8.6637275131806746e-10 1.9663031020335855e+00 1.9663030264418568e+00 7.5591728654345047e-08
552 5.3857421875000000e-01 9.8278902399774004e-01 9.8278894930000904e-01 7.4697731000661349e-08 9.8278895016612977e-01 9.8278894930000904e-01 8.6612073069147755e-10 1.9655779741638697e+00 1.9655778986000181e+00 7.5563851620330524e-08
553 5.3955078125000000e-01 9.8241720966472867e-01 9.8241713499520589e-01 7.4669522787118581e-08 9.8241713586094526e-01 9.8241713499520589e-01 8.6573936908251881e-10 1.9648343455256740e+00 1.9648342699904118e+00 7.5535262267223402e-08
554 5.4052734375000000e-01 9.8203614844686382e-01 9.8203607380617686e-01 7.4640686964499992e-08 9.8203607467145282e-01 9.8203607380617686e-01 8.6527596199204027e-10 1.9640722231183165e+00 1.9640721476123537e+00 7.5505962815469729e-08
555 5.4150390625000000e-01 9.8164584393052057e-01 9.8164576931961522e-01 7.4610905342886724e-08 9.8164577018466248e-01 9.8164576931961522e-01 8.6504725604896748e-10 1.9632916141151830e+00 1.9632915386392304e+00 7.5475952598935692e-08
556 5.4248046875000000e-01 9.8124629978974365e-01 9.8124622520921512e-01 7.4580528530709955e-08 9.8124622607391920e-01 9.8124622520921512e-01 8.6470408611205585e-10 1.9624925258636630e+00 1.9624924504184302e+00 7.5445232727844314e-08
557 5.4345703125000000e-01 9.8083751978507938e-01 9.8083744523563798e-01 7.4549441397842031e-08 9.8083744609999712e-01 9.8083744523563798e-01 8.6435913981830481e-10 1.9616749658850765e+00 1.9616748904712760e+00 7.5413800537660336e-08
558 5.4443359375000000e-01 9.8041950776419995e-01 9.8041943324647673e-01 7.4517723214206910e-08 9.8041943411041121e-01 9.8041943324647673e-01 8.6393447951138569e-10 1.9608389418746111e+00 1.9608388664929535e+00 7.5381657582695993e-08
559 5.4541015625000000e-01 9.7999226766152803e-01 9.7999219317621933e-01 7.4485308698690744e-08 9.7999219403971705e-01 9.7999219317621933e-01 8.6349771777349815e-10 1.9599844617012452e+00 1.9599843863524387e+00 7.5348806527486545e-08
560 5.4638671875000000e-01 9.7955580349823923e-01 9.7955572904621191e-01 7.4452027321036951e-08 9.7955572990942952e-01 9.7955572904621191e-01 8.6321760850438523e-10 1.9591115334076687e+00 1.9591114580924238e+00 7.5315244929541336e-08
561 5.4736328125000000e-01 9.7911011938278958e-01 9.7911004496462128e-01 7.4418168294343445e-08 9.7911004582742711e-01 9.7911004496462128e-01 8.6280582678455175e-10 1.9582201652102167e+00 1.9582200899292426e+00 7.5280974121127997e-08
562 5.4833984375000000e-01 9.7865521950998258e-01 9.7865514512639573e-01 7.4383586845527816e-08 9.7865514598880532e-01 9.7865514512639573e-01 8.6240958818706304e-10 1.9573103654987878e+00 1.9573102902527915e+00 7.5245996322692577e-08
563 5.4931640625000000e-01 9.7819110816155463e-01 9.7819103381322559e-01 7.4348329048845585e-08 9.7819103467520785e-01 9.7819103381322559e-01 8.6198226334488481e-10 1.9563821428367625e+00 1.9563820676264512e+00 7.5210311312190470e-08
564 5.5029296875000000e-01 9.7771778970588008e-01 9.7771771539350361e-01 7.4312376474594544e-08 9.7771771625504622e-01 9.7771771539350361e-01 8.6154261502713325e-10 1.9554355059609263e+00 1.9554354307870072e+00 7.5173919089621677e-08
565 5.5126953125000000e-01 9.7723526859793508e-01 9.7723519432228267e-01 7.4275652406363690e-08 9.7723519518345092e-01 9.7723519432228267e-01 8.6116824782322965e-10 1.9544704637813859e+00 1.9544703886445653e+00 7.5136820543164617e-08
566 5.5224609375000000e-01 9.7674354937954522e-01 9.7674347514123516e-01 7.4238310054930423e-08 9.7674347600193812e-01 9.7674347514123516e-01 8.6070295335360925e-10 1.9534870253814833e+00 1.9534869502824703e+00 7.5099013008284032e-08
567 5.5322265625000000e-01 9.7624263667877009e-01 9.7624256247860908e-01 7.4200161015447463e-08 9.7624256333894888e-01 9.7624256247860908e-01 8.6033979940225436e-10 1.9524852000177191e+00 1.9524851249572182e+00 7.5060500925872020e-08
568 5.5419921875000000e-01 9.7573253521064240e-01 9.7573246104918532e-01 7.4161457086496796e-08 9.7573246190901064e-01 9.7573246104918532e-01 8.5982532205264306e-10 1.9514649971196532e+00 1.9514649220983706e+00 7.5021282519571741e-08
569 5.5517578125000000e-01 9.7521324977616286e-01 9.7521317565423271e-01 7.4121930149217974e-08 9.7521317651366002e-01 9.7521317565423271e-01 8.5942730709831494e-10 1.9504264262898228e+00 1.9504263513084654e+00 7.4981357345293986e-08
570 5.5615234375000000e-01 9.7468478526330649e-01 9.7468471118146316e-01 7.4081843326467833e-08 9.7468471204034635e-01 9.7468471118146316e-01 8.5888318679394615e-10 1.9493694973036528e+00 1.9493694223629263e+00 7.4940726513261779e-08
571 5.5712890625000000e-01 9.7414714664600366e-01 9.7414707260498568e-01 7.4041017983361712e-08 9.7414707346335705e-01 9.7414707260498568e-01 8.5837137397959395e-10 1.9482942201093607e+00 1.9482941452099714e+00 7.4899389357341306e-08
572 5.5810546875000000e-01 9.7360033898461984e-01 9.7360026498525909e-01 7.3999360750143239e-08 9.7360026584324411e-01 9.7360026498525909e-01 8.5798501636702440e-10 1.9472006048278638e+00 1.9472005299705182e+00 7.4857345655487961e-08
573 5.5908203125000000e-01 9.7304436742611122e-01 9.7304429346904520e-01 7.3957066026864027e-08 9.7304429432657580e-01 9.7304429346904520e-01 8.5753060208304532e-10 1.9460886617526869e+00 1.9460885869380904e+00 7.4814596517924770e-08
574 5.6005859375000000e-01 9.7247923720351215e-01 9.7247916328935946e-01 7.3914152687315493e-08 9.7247916414635271e-01 9.7247916328935946e-01 8.5699325413912675e-10 1.9449584013498649e+00 1.9449583265787189e+00 7.4771145941454620e-08
575 5.6103515625000000e-01 9.7190495363592255e-01 9.7190487976542239e-01 7.3870500161277164e-08 9.7190488062191194e-01 9.7190487976542239e-01 8.5648954595285431e-10 1.9438098342578345e+00 1.9438097595308448e+00 7.4726989707230018e-08
576 5.6201171875000000e-01 9.7132152212880185e-01 9.7132144830260947e-01 7.3826192381609701e-08 9.7132144915854912e-01 9.7132144830260947e-01 8.5593965248875747e-10 1.9426429712873510e+00 1.9426428966052189e+00 7.4682132034098458e-08
577 5.6298828125000000e-01 9.7072894817356770e-01 9.7072887439239941e-01 7.3781168286046750e-08 9.7072887524780127e-01 9.7072887439239941e-01 8.5540186045562905e-10 1.9414578234213691e+00 1.9414577487847988e+00 7.4636570257524681e-08
578 5.6396484375000000e-01 9.7012723734771278e-01 9.7012716361232376e-01 7.3735389016782449e-08 9.7012716446723801e-01 9.7012716361232376e-01 8.5491425050321368e-10 1.9402544018149508e+00 1.9402543272246475e+00 7.4590303267285663e-08
579 5.6494140625000000e-01 9.6951639531503186e-01 9.6951632162591372e-01 7.3689118140762844e-08 9.6951632248012831e-01 9.6951632162591372e-01 8.5421458795309491e-10 1.9390327177951603e+00 1.9390326432518274e+00 7.4543332839738241e-08
580 5.6591796875000000e-01 9.6889642782452412e-01 9.6889635418264641e-01 7.3641877706975833e-08 9.6889635503642924e-01 9.6889635418264641e-01 8.5378282221881818e-10 1.9377927828609534e+00 1.9377927083652928e+00 7.4495660529194652e-08
581 5.6689453125000000e-01 9.6826734071199771e-01 9.6826726711789157e-01 7.3594106142493843e-08 9.6826726797107188e-01 9.6826726711789157e-01 8.5318030418335411e-10 1.9365346086830697e+00 1.9365345342357831e+00 7.4447286557699499e-08
582 5.6787109375000000e-01 9.6762913989841759e-01 9.6762906635285639e-01 7.3545561196652898e-08 9.6762906720550668e-01 9.6762906635285639e-01 8.5265028371139806e-10 1.9352582071039244e+00 1.9352581327057128e+00 7.4398211591386598e-08
583 5.6884765625000000e-01 9.6698183139082927e-01 9.6698175789452934e-01 7.3496299934916465e-08 9.6698175874666514e-01 9.6698175789452934e-01 8.5213580636178676e-10 1.9339635901374943e+00 1.9339635157890587e+00 7.4348435630255949e-08
584 5.6982421875000000e-01 9.6632542128214127e-01 9.6632534783562429e-01 7.3446516979380760e-08 9.6632534868706854e-01 9.6632534783562429e-01 8.5144424843974775e-10 1.9326507699692099e+00 1.9326506956712486e+00 7.4297961338842811e-08
585 5.7080078125000000e-01 9.6565991575033361e-01 9.6565984235452273e-01 7.3395810873400080e-08 9.6565984320549780e-01 9.6565984235452273e-01 8.5097506818954116e-10 1.9313197589558313e+00 1.9313196847090455e+00 7.4246785830567319e-08
586 5.7177734375000000e-01 9.6498532105971058e-01 9.6498524771521554e-01 7.3344495032934276e-08 9.6498524856563495e-01 9.6498524771521554e-01 8.5041940156571627e-10 1.9299705696253455e+00 1.9299704954304311e+00 7.4194914434499992e-08
587 5.7275390625000000e-01 9.6430164355988235e-01 9.6430157026724450e-01 7.3292637847721664e-08 9.6430157111695280e-01 9.6430157026724450e-01 8.4970830371844386e-10 1.9286032146768353e+00 1.9286031405344890e+00 7.4142346262462411e-08
588 5.7373046875000000e-01 9.6360888968546210e-01 9.6360881644564211e-01 7.3239819986525845e-08 9.6360881729490022e-01 9.6360881644564211e-01 8.4925810828195836e-10 1.9272177069803624e+00 1.9272176328912842e+00 7.4089078205830106e-08
589 5.7470703125000000e-01 9.6290706595749875e-01 9.6290699277087122e-01 7.3186627536081517e-08 9.6290699361935739e-01 9.6290699277087122e-01 8.4848617021293649e-10 1.9258140595768563e+00 1.9258139855417424e+00 7.4035113817316756e-08
590 5.7568359375000000e-01 9.6219617898131904e-01 9.6219610584876347e-01 7.3132555566957080e-08 9.6219610669665967e-01 9.6219610584876347e-01 8.4789619769765068e-10 1.9243922856779787e+00 1.9243922116975269e+00 7.3980451764654731e-08
591 5.7666015625000000e-01 9.6147623544828908e-01 9.6147616237045730e-01 7.3077831785894887e-08 9.6147616321772034e-01 9.6147616237045730e-01 8.4726303750670695e-10 1.9229523986660095e+00 1.9229523247409146e+00 7.3925094934423896e-08
592 5.7763671875000000e-01 9.6074724213463580e-01 9.6074716911233515e-01 7.3022300650649186e-08 9.6074716995907750e-01 9.6074716911233515e-01 8.4674234290815775e-10 1.9214944120937134e+00 1.9214943382246703e+00 7.3869043104579646e-08
593 5.7861328125000000e-01 9.6000920590236627e-01 9.6000913293595880e-01 7.2966407471675154e-08 9.6000913378184793e-01 9.6000913293595880e-01 8.4588913651373332e-10 1.9200183396842143e+00 1.9200182658719176e+00 7.3812296719211190e-08
594 5.7958984375000000e-01 9.5926213369762625e-01 9.5926206078800613e-01 7.2909620119077090e-08 9.5926206163323879e-01 9.5926206078800613e-01 8.4523266163927246e-10 1.9185241953308649e+00 1.9185241215760123e+00 7.3754852669694060e-08
595 5.8056640625000000e-01 9.5850603255219247e-01 9.5850595970020458e-01 7.2851987886757286e-08 9.5850596054493253e-01 9.5850595970020458e-01 8.4472795425227787e-10 1.9170119930971250e+00 1.9170119194004092e+00 7.3696715841009564e-08
596 5.8154296875000000e-01 9.5774090958313218e-01 9.5774083678926547e-01 7.2793866712217437e-08 9.5774083763328210e-01 9.5774083678926547e-01 8.4401663436040053e-10 1.9154817472164143e+00 1.9154816735785309e+00 7.3637883346577837e-08
597 5.8251953125000000e-01 9.5696677199187752e-01 9.5696669925681732e-01 7.2735060197004486e-08 9.5696670010011453e-01 9.5696669925681732e-01 8.4329720984044343e-10 1.9139334720919920e+00 1.9139333985136346e+00 7.3578357406844930e-08
598 5.8349609375000000e-01 9.5618362706477988e-01 9.5618355438933722e-01 7.2675442663872047e-08 9.5618355523203569e-01 9.5618355438933722e-01 8.4269846656326308e-10 1.9123671822968156e+00 1.9123671087786744e+00 7.3518141130435311e-08
599 5.8447265625000000e-01 9.5539148217333802e-01 9.5539140955808288e-01 7.2615255142238766e-08 9.5539141040005870e-01 9.5539140955808288e-01 8.4197582239653457e-10 1.9107828925733967e+00 1.9107828191161658e+00 7.3457230964635301e-08
600 5.8544921875000000e-01 9.5459034477340909e-01 9.5459027221902326e-01 7.2554385832646062e-08 9.5459027306026978e-01 9.5459027221902326e-01 8.4124651689165830e-10 1.9091806178336790e+00 1.9091805444380465e+00 7.3395632460560023e-08
601 5.8642578125000000e-01 9.5378022240568050e-01 9.5378014991276794e-01 7.2492912561727962e-08 9.5378015075319611e-01 9.5378014991276794e-01 8.4042817150020710e-10 1.9075603731588766e+00 1.9075602998255359e+00 7.3333340733228169e-08
602 5.8740234375000000e-01 9.5296112269504440e-01 9.5296105026449673e-01 7.2430547670698786e-08 9.5296105110430662e-01 9.5296105026449673e-01 8.3980988829779335e-10 1.9059221737993510e+00 1.9059221005289935e+00 7.3270357558996579e-08
603 5.8837890625000000e-01 9.5213305335148624e-01 9.5213298098388754e-01 7.2367598691336354e-08 9.5213298182297212e-01 9.5213298098388754e-01 8.3908457959580574e-10 1.9042660351744582e+00 1.9042659619677751e+00 7.3206683159909858e-08
604 5.8935546875000000e-01 9.5129602216913434e-01 9.5129594986504362e-01 7.2304090714681024e-08 9.5129595070327166e-01 9.5129594986504362e-01 8.3822804253230743e-10 1.9025919728724059e+00 1.9025918997300872e+00 7.3142318646191029e-08
605 5.9033203125000000e-01 9.5045003702609299e-01 9.5044996478642074e-01 7.2239672244123199e-08 9.5044996562401318e-01 9.5044996478642074e-01 8.3759243985070952e-10 1.9009000026501062e+00 1.9008999295728415e+00 7.3077264683973908e-08
606 5.9130859375000000e-01 9.4959510588556972e-01 9.4959503371075282e-01 7.2174816900805183e-08 9.4959503454745664e-01 9.4959503371075282e-01 8.3670381734179955e-10 1.8991901404330265e+00 1.8991900674215056e+00 7.3011520829169285e-08
607 5.9228515625000000e-01 9.4873123679399707e-01 9.4873116468497631e-01 7.2109020754496100e-08 9.4873116552104919e-01 9.4873116468497631e-01 8.3607287759690507e-10 1.8974624023150461e+00 1.8974623293699526e+00 7.2945093521070703e-08
608 5.9326171875000000e-01 9.4785843788296953e-01 9.4785836584015593e-01 7.2042813603623301e-08 9.4785836667532042e-01 9.4785836584015593e-01 8.3516449311815677e-10 1.8957168045582899e+00 1.8957167316803119e+00 7.2877978096741458e-08
609 5.9423828125000000e-01 9.4697671736710665e-01 9.4697664539140658e-01 7.1975700066673198e-08 9.4697664622588451e-01 9.4697664539140658e-01 8.3447793119972857e-10 1.8939533635929910e+00 1.8939532907828132e+00 7.2810177886850624e-08
610 5.9521484375000000e-01 9.4608608354582868e-01 9.4608601163781691e-01 7.1908011767263247e-08 9.4608601247149471e-01 9.4608601163781691e-01 8.3367779346588122e-10 1.8921720960173234e+00 1.8921720232756338e+00 7.2741689560729128e-08
611 5.9619140625000000e-01 9.4518654480198783e-01 9.4518647296237102e-01 7.1839616810898121e-08 9.4518647379526977e-01 9.4518647296237102e-01 8.3289874996950175e-10 1.8903730185972576e+00 1.8903729459247420e+00 7.2672515560867623e-08
612 5.9716796875000000e-01 9.4427810960246927e-01 9.4427803783186970e-01 7.1770599574527694e-08 9.4427803866392557e-01 9.4427803783186970e-01 8.3205586864920633e-10 1.8885561482663948e+00 1.8885560756637394e+00 7.2602655443176900e-08
613 5.9814453125000000e-01 9.4336078649758837e-01 9.4336071479685024e-01 7.1700738124569341e-08 9.4336071562822410e-01 9.4336071479685024e-01 8.3137385864517910e-10 1.8867215021258126e+00 1.8867214295937005e+00 7.2532112094236822e-08
614 5.9912109375000000e-01 9.4243458412200731e-01 9.4243451249150634e-01 7.1630500975139455e-08 9.4243451332189221e-01 9.4243451249150634e-01 8.3038587117556517e-10 1.8848690974438995e+00 1.8848690249830127e+00 7.2460886846315020e-08
615 6.0009765625000000e-01 9.4149951119303277e-01 9.4149943963360683e-01 7.1559425940392885e-08 9.4149944046316036e-01 9.4149943963360683e-01 8.2955353697400369e-10 1.8829989516561931e+00 1.8829988792672137e+00 7.2388979477366888e-08
616 6.0107421875000000e-01 9.4055557651189614e-01 9.4055550502441365e-01 7.1487482489196452e-08 9.4055550585332437e-01 9.4055550502441365e-01 8.2891071784274573e-10 1.8811110823652206e+00 1.8811110100488273e+00 7.2316393318061500e-08
617 6.0205078125000000e-01 9.3960278896374194e-01 9.3960271754859892e-01 7.1415143021447136e-08 9.3960271837658027e-01 9.3960271754859892e-01 8.2798135014883201e-10 1.8792055073403222e+00 1.8792054350971978e+00 7.2243124371595968e-08
618 6.0302734375000000e-01 9.3864115751629384e-01 9.3864108617416098e-01 7.1342132867968644e-08 9.3864108700120230e-01 9.3864108617416098e-01 8.2704132431388189e-10 1.8772822445174961e+00 1.8772821723483220e+00 7.2169174192282526e-08
619 6.0400390625000000e-01 9.3767069122059066e-01 9.3767061995234080e-01 7.1268249857148191e-08 9.3767062077863828e-01 9.3767061995234080e-01 8.2629747488738303e-10 1.8753413119992288e+00 1.8753412399046816e+00 7.2094547221013272e-08
620 6.0498046875000000e-01 9.3669139921149369e-01 9.3669132801753596e-01 7.1193957729143165e-08 9.3669132884281792e-01 9.3669132801753596e-01 8.2528195388675840e-10 1.8733827280543116e+00 1.8733826560350719e+00 7.2019239683029923e-08
621 6.0595703125000000e-01 9.3570329070588665e-01 9.3570321958721514e-01 7.1118671507441888e-08 9.3570322041179887e-01 9.3570321958721514e-01 8.2458373462657164e-10 1.8714065111176854e+00 1.8714064391744303e+00 7.1943255131046158e-08
622 6.0693359375000000e-01 9.3470637500477693e-01 9.3470630396183119e-01 7.1042945748445163e-08 9.3470630478547967e-01 9.3470630396183119e-01 8.2364848275062741e-10 1.8694126797902566e+00 1.8694126079236624e+00 7.1866594231195791e-08
623 6.0791015625000000e-01 9.3370066149120312e-01 9.3370059052473364e-01 7.0966469478683791e-08 9.3370059134751970e-01 9.3370059052473364e-01 8.2278606150509859e-10 1.8674012528387229e+00 1.8674011810494673e+00 7.1789255651211192e-08
624 6.0888671875000000e-01 9.3268615963137480e-01 9.3268608874208037e-01 7.0889294434550720e-08 9.3268608956402677e-01 9.3268608874208037e-01 8.2194639983157458e-10 1.8653722491954015e+00 1.8653721774841607e+00 7.1711240723359992e-08
625 6.0986328125000000e-01 9.3166287897429934e-01 9.3166280816274849e-01 7.0811550845206739e-08 9.3166280898374731e-01 9.3166280816274849e-01 8.2099882448005701e-10 1.8633256879580467e+00 1.8633256163254970e+00 7.1632549669686796e-08
626 6.1083984375000000e-01 9.3063082915131912e-01 9.3063075841824472e-01 7.0733074397644202e-08 9.3063075923835137e-01 9.3063075841824472e-01 8.2010664925746823e-10 1.8612615883896706e+00 1.8612615168364894e+00 7.1553181157923973e-08
627 6.1181640625000000e-01 9.2959001987652123e-01 9.2958994922261395e-01 7.0653907280338046e-08 9.2958995004184741e-01 9.2958994922261395e-01 8.1923345884860055e-10 1.8591799699183686e+00 1.8591798984452279e+00 7.1473140739186647e-08
628 6.1279296875000000e-01 9.2854046094649456e-01 9.2854039037234914e-01 7.0574145416557599e-08 9.2854039119063192e-01 9.2854039037234914e-01 8.1828277487261403e-10 1.8570808521371265e+00 1.8570807807446983e+00 7.1392428191430213e-08
629 6.1376953125000000e-01 9.2748216224001867e-01 9.2748209174629759e-01 7.0493721082698357e-08 9.2748209256362002e-01 9.2748209174629759e-01 8.1732243195631327e-10 1.8549642548036387e+00 1.8549641834925952e+00 7.1311043514654671e-08
630 6.1474609375000000e-01 9.2641513371818862e-01 9.2641506330556933e-01 7.0412619290749490e-08 9.2641506412193741e-01 9.2641506330556933e-01 8.1636808424434548e-10 1.8528301978401260e+00 1.8528301266111387e+00 7.1228987374993835e-08
631 6.1572265625000000e-01 9.2533938542430594e-01 9.2533931509344214e-01 7.0330863799483723e-08 9.2533931590883844e-01 9.2533931509344214e-01 8.1539630603089108e-10 1.8506787013331443e+00 1.8506786301868843e+00 7.1146259994492311e-08
632 6.1669921875000000e-01 9.2425492748365701e-01 9.2425485723526801e-01 7.0248388994720301e-08 9.2425485804973995e-01 9.2425485723526801e-01 8.1447193434058818e-10 1.8485097855333970e+00 1.8485097144705360e+00 7.1062860929060889e-08
633 6.1767578125000000e-01 9.2316177010370548e-01 9.2316169993837704e-01 7.0165328436289087e-08 9.2316170075184489e-01 9.2316169993837704e-01 8.1346784863711719e-10 1.8463234708555505e+00 1.8463233998767541e+00 7.0978796395948507e-08
634 6.1865234375000000e-01 9.2205992357349320e-01 9.2205985349198261e-01 7.0081510594732777e-08 9.2205985430453208e-01 9.2205985349198261e-01 8.1254947215114726e-10 1.8441197778780252e+00 1.8441197069839652e+00 7.0894059955861621e-08
635 6.1962890625000000e-01 9.2094939826421063e-01 9.2094932826708265e-01 6.9997127982723839e-08 9.2094932907861038e-01 9.2094932826708265e-01 8.1152773390158472e-10 1.8418987273428211e+00 1.8418986565341653e+00 7.0808655827647726e-08
636 6.2060546875000000e-01 9.1983020462840070e-01 9.1983013471636355e-01 6.9912037159447493e-08 9.1983013552691184e-01 9.1983013471636355e-01 8.1054829514926041e-10 1.8396603401553127e+00 1.8396602694327271e+00 7.0722585565619056e-08
637 6.2158203125000000e-01 9.1870235320051030e-01 9.1870228337410154e-01 6.9826408766182624e-08 9.1870228418353983e-01 9.1870228337410154e-01 8.0943829416924018e-10 1.8374046373840502e+00 1.8374045667482031e+00 7.0635847171374166e-08
638 6.2255859375000000e-01 9.1756585459590023e-01 9.1756578485606255e-01 6.9739837682547545e-08 9.1756578566466906e-01 9.1756578485606255e-01 8.0860651507919101e-10 1.8351316402605693e+00 1.8351315697121251e+00 7.0548444197626736e-08
639 6.2353515625000000e-01 9.1642071951224890e-01 9.1642064985940397e-01 6.9652844936207714e-08 9.1642065066693690e-01 9.1642064985940397e-01 8.0753292941437849e-10 1.8328413701791857e+00 1.8328412997188079e+00 7.0460377754599790e-08
640 6.2451171875000000e-01 9.1526695872774200e-01 9.1526688916257204e-01 6.9565169957819251e-08 9.1526688996904826e-01 9.1526688916257204e-01 8.0647621913954026e-10 1.8305338486967901e+00 1.8305337783251441e+00 7.0371646065936488e-08
641 6.2548828125000000e-01 9.1410458310191056e-01 9.1410451362520229e-01 6.9476708275395538e-08 9.1410451443074314e-01 9.1410451362520229e-01 8.0554085624129357e-10 1.8282090975326537e+00 1.8282090272504046e+00 7.0282249131636831e-08
642 6.2646484375000000e-01 9.1293360357572073e-01 9.1293353418801559e-01 6.9387705137202715e-08 9.1293353499249974e-01 9.1293353418801559e-01 8.0448414596645534e-10 1.8258671385682206e+00 1.8258670683760312e+00 7.0192189394191473e-08
643 6.2744140625000000e-01 9.1175403117062048e-01 9.1175396187271662e-01 6.9297903859677490e-08 9.1175396267628173e-01 9.1175396187271662e-01 8.0356510334667064e-10 1.8235079938469023e+00 1.8235079237454332e+00 7.0101469074046463e-08
644 6.2841796875000000e-01 9.1056587698959379e-01 9.1056580778188900e-01 6.9207704789242541e-08 9.1056580858427305e-01 9.1056580778188900e-01 8.0238404809307440e-10 1.8211316855738668e+00 1.8211316155637780e+00 7.0010088837335616e-08
645 6.2939453125000000e-01 9.0936915221556747e-01 9.0936908309889175e-01 6.9116675716074383e-08 9.0936908390026372e-01 9.0936908309889175e-01 8.0137196878382611e-10 1.8187382361158311e+00 1.8187381661977835e+00 6.9918047573835906e-08
646 6.3037109375000000e-01 9.0816386811280636e-01 9.0816379908775335e-01 6.9025053006654957e-08 9.0816379988804485e-01 9.0816379908775335e-01 8.0029149973626090e-10 1.8163276680008513e+00 1.8163275981755067e+00 6.9825344617413521e-08
647 6.3134765625000000e-01 9.0695003602596069e-01 9.0694996709306575e-01 6.8932894947693057e-08 9.0694996789215654e-01 9.0694996709306575e-01 7.9909079353512880e-10 1.8139000039181172e+00 1.8138999341861315e+00 6.9731985741228186e-08
648 6.3232421875000000e-01 9.0572766737963728e-01 9.0572759853987816e-01 6.8839759115313370e-08 9.0572759933808700e-01 9.0572759853987816e-01 7.9820883236436657e-10 1.8114552667177244e+00 1.8114551970797563e+00 6.9637968058700039e-08
649 6.3330078125000000e-01 9.0449677367993286e-01 9.0449670493358880e-01 6.8746344061842990e-08 9.0449670573053875e-01 9.0449670493358880e-01 7.9694995047674411e-10 1.8089934794104716e+00 1.8089934098671776e+00 6.9543294012319734e-08
650 6.3427734375000000e-01 9.0325736651172339e-01 9.0325729785983744e-01 6.8651885953840974e-08 9.0325729865591420e-01 9.0325729785983744e-01 7.9607676006787642e-10 1.8065146651676376e+00 1.8065145957196749e+00 6.9447962713908851e-08
651 6.3525390625000000e-01 9.0200945754158424e-01 9.0200938898439487e-01 6.8557189369933269e-08 9.0200938977918466e-01 9.0200938898439487e-01 7.9478978953773094e-10 1.8040188473207688e+00 1.8040187779687897e+00 6.9351979048448698e-08
652 6.3623046875000000e-01 9.0075305851472498e-01 9.0075299005305520e-01 6.8461669777697409e-08 9.0075299084672700e-01 9.0075299005305520e-01 7.9367179495193341e-10 1.8015060493614521e+00 1.8015059801061104e+00 6.9255341683671645e-08
653 6.3720703125000000e-01 8.9948818125701180e-01 8.9948811289152331e-01 6.8365488492538873e-08 8.9948811368408732e-01 8.9948811289152331e-01 7.9256401441796243e-10 1.7989762949410992e+00 1.7989762257830466e+00 6.9158052617979138e-08
654 6.3818359375000000e-01 8.9821483767386623e-01 8.9821476940530520e-01 6.8268561026485486e-08 8.9821477019685358e-01 8.9821476940530520e-01 7.9154838239503533e-10 1.7964296078707198e+00 1.7964295388106104e+00 6.9060109408880521e-08
655 6.3916015625000000e-01 8.9693303975085081e-01 8.9693297157959428e-01 6.8171256528692936e-08 8.9693297236985337e-01 8.9693297157959428e-01 7.9025908039653814e-10 1.7938660121207042e+00 1.7938659431591886e+00 6.8961515609089474e-08
656 6.4013671875000000e-01 8.9564279955224702e-01 8.9564273147915996e-01 6.8073087056141901e-08 8.9564273226834246e-01 8.9564273147915996e-01 7.8918249712955912e-10 1.7912855318205896e+00 1.7912854629583199e+00 6.8862269664293763e-08
657 6.4111328125000000e-01 8.9434412922256223e-01 8.9434406124823373e-01 6.7974328499254000e-08 8.9434406203628081e-01 8.9434406124823373e-01 7.8804707204227498e-10 1.7886881912588430e+00 1.7886881224964675e+00 6.8762375571296275e-08
658 6.4208984375000000e-01 8.9303704098529624e-01 8.9303697311039421e-01 6.7874902032194484e-08 8.9303697389732339e-01 8.9303697311039421e-01 7.8692918847877991e-10 1.7860740148826197e+00 1.7860739462207884e+00 6.8661831331695566e-08
659 6.4306640625000000e-01 8.9172154714317786e-01 8.9172147936845247e-01 6.7774725387437229e-08 8.9172148015436747e-01 8.9172147936845247e-01 7.8591499974578483e-10 1.7834430272975452e+00 1.7834429587369049e+00 6.8560640276160711e-08
660 6.4404296875000000e-01 8.9039766007852861e-01 8.9039759240433702e-01 6.7674191583932952e-08 8.9039759318894662e-01 8.9039759240433702e-01 7.8460959951343057e-10 1.7807952532674753e+00 1.7807951848086740e+00 6.8458801294468685e-08
661 6.4501953125000000e-01 8.8906539225186898e-01 8.8906532467897614e-01 6.7572892836764709e-08 8.8906532546239980e-01 8.8906532467897614e-01 7.8342365927852597e-10 1.7781307177142689e+00 1.7781306493579523e+00 6.8356316607065537e-08
662 6.4599609375000000e-01 8.8772475620317248e-01 8.8772468873218080e-01 6.7470991682583303e-08 8.8772468951437500e-01 8.8772468873218080e-01 7.8219419830105608e-10 1.7754494457175474e+00 1.7754493774643616e+00 6.8253185769862057e-08
663 6.4697265625000000e-01 8.8637576455088551e-01 8.8637569718252718e-01 6.7368358336317158e-08 8.8637569796358062e-01 8.8637569718252718e-01 7.8105344414325373e-10 1.7727514625144662e+00 1.7727513943650544e+00 6.8149411891482714e-08
664 6.4794921875000000e-01 8.8501842999232927e-01 8.8501836272723766e-01 6.7265091607815464e-08 8.8501836350714203e-01 8.8501836272723766e-01 7.7990436331276669e-10 1.7700367934994712e+00 1.7700367254544753e+00 6.8044995860105928e-08
665 6.4892578125000000e-01 8.8365276530325143e-01 8.8365269814206115e-01 6.7161190275832894e-08 8.8365269892080778e-01 8.8365269814206115e-01 7.7874662274268758e-10 1.7673054642240591e+00 1.7673053962841223e+00 6.7939936787553279e-08
666 6.4990234375000000e-01 8.8227878333795406e-01 8.8227871628115262e-01 6.7056801444920211e-08 8.8227871705858807e-01 8.8227871628115262e-01 7.7743544935060527e-10 1.7645575003965421e+00 1.7645574325623052e+00 6.7834236894270816e-08
667 6.5087890625000000e-01 8.8089649702859352e-01 8.8089643007695229e-01 6.6951641231050019e-08 8.8089643085320601e-01 8.8089643007695229e-01 7.7625372796319425e-10 1.7617929278817996e+00 1.7617928601539046e+00 6.7727895070035515e-08
668 6.5185546875000000e-01 8.7950591938593636e-01 8.7950585254006508e-01 6.6845871282694702e-08 8.7950585331510700e-01 8.7950585254006508e-01 7.7504191953181589e-10 1.7590117727010433e+00 1.7590117050801302e+00 6.7620913091204216e-08
669 6.5283203125000000e-01 8.7810706349861190e-01 8.7810699675913606e-01 6.6739475834687312e-08 8.7810699753295196e-01 8.7810699675913606e-01 7.7381590024572233e-10 1.7562140610315637e+00 1.7562139935182721e+00 6.7513291623910732e-08
670 6.5380859375000000e-01 8.7669994253320371e-01 8.7669987590072818e-01 6.6632475537176106e-08 8.7669987667328686e-01 8.7669987590072818e-01 7.7255868369263681e-10 1.7533998192064906e+00 1.7533997518014564e+00 6.7405034220868743e-08
671 6.5478515625000000e-01 8.7528456973407442e-01 8.7528450320919959e-01 6.6524874831053182e-08 8.7528450398046587e-01 8.7528450320919959e-01 7.7126627306967066e-10 1.7505690737145403e+00 1.7505690064183992e+00 6.7296141104122853e-08
672 6.5576171875000000e-01 8.7386095842315392e-01 8.7386089200657668e-01 6.6416577237937702e-08 8.7386089277661061e-01 8.7386089200657668e-01 7.7003392551233674e-10 1.7477218511997645e+00 1.7477217840131534e+00 6.7186611163450038e-08
673 6.5673828125000000e-01 8.7242912200016853e-01 8.7242905569243034e-01 6.6307738189053111e-08 8.7242905646113944e-01 8.7242905569243034e-01 7.6870909637705154e-10 1.7448581784613080e+00 1.7448581113848607e+00 6.7076447285430163e-08
674 6.5771484375000000e-01 8.7098907394203373e-01 8.7098900774374899e-01 6.6198284742746694e-08 8.7098900851110983e-01 8.7098900774374899e-01 7.6736084153594675e-10 1.7419780824531435e+00 1.7419780154874980e+00 6.6965645473260338e-08
675 6.5869140625000000e-01 8.6954082780270570e-01 8.6954076171481298e-01 6.6087892713895258e-08 8.6954076248113221e-01 8.6954076171481298e-01 7.6631923029424343e-10 1.7390815902838379e+00 1.7390815234296260e+00 6.6854211944189501e-08
676 6.5966796875000000e-01 8.6808439721425568e-01 8.6808433123706497e-01 6.5977190710775346e-08 8.6808433200201895e-01 8.6808433123706497e-01 7.6495398904086187e-10 1.7361687292162746e+00 1.7361686624741299e+00 6.6742144699816208e-08
677 6.6064453125000000e-01 8.6661979588479809e-01 8.6661973001898363e-01 6.5865814469212580e-08 8.6661973078261767e-01 8.6661973001898363e-01 7.6363404488688502e-10 1.7332395266674157e+00 1.7332394600379673e+00 6.6629448403077163e-08
678 6.6162109375000000e-01 8.6514703759966172e-01 8.6514697184595302e-01 6.5753708700100333e-08 8.6514697260836526e-01 8.6514697184595302e-01 7.6241224444828504e-10 1.7302940102080271e+00 1.7302939436919060e+00 6.6516121055570920e-08
679 6.6259765625000000e-01 8.6366613622122290e-01 8.6366607058013434e-01 6.5641088564660777e-08 8.6366607134121176e-01 8.6366607058013434e-01 7.6107742330577821e-10 1.7273322075624347e+00 1.7273321411602687e+00 6.6402165987966555e-08
680 6.6357421875000000e-01 8.6217710568806782e-01 8.6217704016033414e-01 6.5527733683623524e-08 8.6217704092018121e-01 8.6217704016033414e-01 7.5984707414988861e-10 1.7243541466082490e+00 1.7243540803206683e+00 6.6287580757773412e-08
681 6.6455078125000000e-01 8.6067996001579605e-01 8.6067989460187377e-01 6.5413922278878545e-08 8.6067989536032041e-01 8.6067989460187377e-01 7.5844663882662644e-10 1.7213598553761165e+00 1.7213597892037475e+00 6.6172368917705171e-08
682 6.6552734375000000e-01 8.5917471329585826e-01 8.5917464799645760e-01 6.5299400664464713e-08 8.5917464875358796e-01 8.5917464799645760e-01 7.5713035840863085e-10 1.7183493620494463e+00 1.7183492959929152e+00 6.6056531133895646e-08
683 6.6650390625000000e-01 8.5766137969642253e-01 8.5766131451203997e-01 6.5184382558314269e-08 8.5766131526772316e-01 8.5766131451203997e-01 7.5568318269603196e-10 1.7153226949641458e+00 1.7153226290240799e+00 6.5940065852032603e-08
684 6.6748046875000000e-01 8.5613997346130455e-01 8.5613990839269161e-01 6.5068612942198456e-08 8.5613990914705873e-01 8.5613990839269161e-01 7.5436712432264130e-10 1.7122798826083634e+00 1.7122798167853832e+00 6.5822980177543400e-08
685 6.6845703125000000e-01 8.5461050891054158e-01 8.5461044395846653e-01 6.4952075051749603e-08 8.5461044471166125e-01 8.5461044395846653e-01 7.5319472880863714e-10 1.7092209536222027e+00 1.7092208879169331e+00 6.5705269669535937e-08
686 6.6943359375000000e-01 8.5307300044054368e-01 8.5307293560526665e-01 6.4835277036046080e-08 8.5307293635692572e-01 8.5307293560526665e-01 7.5165906832097562e-10 1.7061459367974694e+00 1.7061458712105333e+00 6.5586936104367055e-08
687 6.7041015625000000e-01 8.5152746252247913e-01 8.5152739780470621e-01 6.4717772918498895e-08 8.5152739855491633e-01 8.5152739780470621e-01 7.5021011625153733e-10 1.7030548610773955e+00 1.7030547956094124e+00 6.5467983034750432e-08
688 6.7138671875000000e-01 8.4997390970332298e-01 8.4997384510397522e-01 6.4599347759930481e-08 8.4997384585303604e-01 8.4997384510397522e-01 7.4906081337644537e-10 1.6999477555563591e+00 1.6999476902079504e+00 6.5348408684329229e-08
689 6.7236328125000000e-01 8.4841235660642034e-01 8.4841229212570346e-01 6.4480716877035604e-08 8.4841229287320263e-01 8.4841229212570346e-01 7.4749917367000762e-10 1.6968246494796229e+00 1.6968245842514069e+00 6.5228215939683309e-08
690 6.7333984375000000e-01 8.4684281792896487e-01 8.4684275356782246e-01 6.4361142415592099e-08 8.4684275431408351e-01 8.4684275356782246e-01 7.4626105295294565e-10 1.6936855722430484e+00 1.6936855071356449e+00 6.5107403468545044e-08
691 6.7431640625000000e-01 8.4526530844462278e-01 8.4526524420342697e-01 6.4241195807390739e-08 8.4526524494820587e-01 8.4526524420342697e-01 7.4477890521507106e-10 1.6905305533928288e+00 1.6905304884068539e+00 6.4985974823628112e-08
692 6.7529296875000000e-01 8.4367984300108256e-01 8.4367977888063539e-01 6.4120447174076389e-08 8.4367977962412033e-01 8.4367977888063539e-01 7.4348494027987044e-10 1.6873596226252028e+00 1.6873595577612708e+00 6.4863932003333957e-08
693 6.7626953125000000e-01 8.4208643652159210e-01 8.4208637252245189e-01 6.3999140209602956e-08 8.4208637326458602e-01 8.4208637252245189e-01 7.4213413192580902e-10 1.6841728097861781e+00 1.6841727450449038e+00 6.4741274341528765e-08
694 6.7724609375000000e-01 8.4048510400398613e-01 8.4048504012662351e-01 6.3877362621589384e-08 8.4048504086726405e-01 8.4048504012662351e-01 7.4064054889078079e-10 1.6809701448712502e+00 1.6809700802532470e+00 6.4618003170480165e-08
695 6.7822265625000000e-01 8.3887586052039165e-01 8.3887579676550073e-01 6.3754890922140817e-08 8.3887579750472918e-01 8.3887579676550073e-01 7.3922845622576006e-10 1.6777516580251208e+00 1.6777515935310015e+00 6.4494119378366577e-08
696 6.7919921875000000e-01 8.3725872121773004e-01 8.3725865758589457e-01 6.3631835467425901e-08 8.3725865832368107e-01 8.3725865758589457e-01 7.3778649856137690e-10 1.6745173795414110e+00 1.6745173151717891e+00 6.4369621854964976e-08
697 6.8017578125000000e-01 8.3563370131698633e-01 8.3563363780893551e-01 6.3508050818228412e-08 8.3563363854539707e-01 8.3563363780893551e-01 7.3646155840378924e-10 1.6712673398623834e+00 1.6712672756178710e+00 6.4244512376632201e-08
698 6.8115234375000000e-01 8.3400081611380161e-01 8.3400075272992824e-01 6.3383873372124810e-08 8.3400075346484648e-01 8.3400075272992824e-01 7.3491823737725781e-10 1.6680015695786481e+00 1.6680015054598565e+00 6.4118791609502068e-08
699 6.8212890625000000e-01 8.3236008097715919e-01 8.3236001771820911e-01 6.3258950078193266e-08 8.3236001845172125e-01 8.3236001771820911e-01 7.3351213991657005e-10 1.6647200994288804e+00 1.6647200354364182e+00 6.3992462218109836e-08
700 6.8310546875000000e-01 8.3071151135052390e-01 8.3071144821700060e-01 6.3133523298120053e-08 8.3071144894900195e-01 8.3071144821700060e-01 7.3200134842466014e-10 1.6614229602995259e+00 1.6614228964340012e+00 6.3865524646544714e-08
701 6.8408203125000000e-01 8.2905512275072535e-01 8.2905505974326721e-01 6.3007458139807682e-08 8.2905506047379052e-01 8.2905505974326721e-01 7.3052330851197667e-10 1.6581101832245158e+00 1.6581101194865344e+00 6.3737981337297356e-08
702 6.8505859375000000e-01 8.2739093076834425e-01 8.2739086788756788e-01 6.2880776363627433e-08 8.2739086861662348e-01 8.2739086788756788e-01 7.2905559367342221e-10 1.6547817993849678e+00 1.6547817357751358e+00 6.3609832068323158e-08
703 6.8603515625000000e-01 8.2571895106733417e-01 8.2571888831390972e-01 6.2753424456829521e-08 8.2571888904156454e-01 8.2571888831390972e-01 7.2765482528325265e-10 1.6514378401088987e+00 1.6514377766278194e+00 6.3481079282112773e-08
704 6.8701171875000000e-01 8.2403919938514747e-01 8.2403913675960216e-01 6.2625545305117214e-08 8.2403913748577817e-01 8.2403913675960216e-01 7.2617600821445194e-10 1.6480783368709258e+00 1.6480782735192043e+00 6.3351721424353968e-08
705 6.8798828125000000e-01 8.2235169153222598e-01 8.2235162903510572e-01 6.2497120256743699e-08 8.2235162975974618e-01 8.2235162903510572e-01 7.2464045874909289e-10 1.6447033212919722e+00 1.6447032580702114e+00 6.3221760715492792e-08
706 6.8896484375000000e-01 8.2065644339182231e-01 8.2065638102388638e-01 6.2367935926843643e-08 8.2065638174714728e-01 8.2065638102388638e-01 7.2326089561869367e-10 1.6413128251389697e+00 1.6413127620477728e+00 6.3091196933484639e-08
707 6.8994140625000000e-01 8.1895347092066240e-01 8.1895340868226341e-01 6.2238398990110966e-08 8.1895340940389894e-01 8.1895340868226341e-01 7.2163552911064244e-10 1.6379068803245613e+00 1.6379068173645268e+00 6.2960034519221608e-08
708 6.9091796875000000e-01 8.1724279014741863e-01 8.1724272803926168e-01 6.2108156950735349e-08 8.1724272875937620e-01 8.1724272803926168e-01 7.2011452356690597e-10 1.6344855189067948e+00 1.6344854560785234e+00 6.2828271474302255e-08
709 6.9189453125000000e-01 8.1552441717371738e-01 8.1552435519645872e-01 6.1977258658529877e-08 8.1552435591510641e-01 8.1552435519645872e-01 7.1864769690677122e-10 1.6310487730888239e+00 1.6310487103929174e+00 6.2695906466458950e-08
710 6.9287109375000000e-01 8.1379836817375384e-01 8.1379830632783379e-01 6.1845920051872838e-08 8.1379830704485878e-01 8.1379830632783379e-01 7.1702499493397909e-10 1.6275966752186126e+00 1.6275966126556676e+00 6.2562945046806817e-08
711 6.9384765625000000e-01 8.1206465939337436e-01 8.1206459767961692e-01 6.1713757437686922e-08 8.1206459839524892e-01 8.1206459767961692e-01 7.1563199810498190e-10 1.6241292577886233e+00 1.6241291953592338e+00 6.2429389435791904e-08
712 6.9482421875000000e-01 8.1032330715136225e-01 8.1032324557013358e-01 6.1581228671947486e-08 8.1032324628414298e-01 8.1032324557013358e-01 7.1400940715449224e-10 1.6206465534355052e+00 1.6206464911402672e+00 6.2295238079101978e-08
713 6.9580078125000000e-01 8.0857432783762984e-01 8.0857426638965335e-01 6.1447976484885203e-08 8.0857426710216840e-01 8.0857426638965335e-01 7.1251504696334678e-10 1.6171485949397981e+00 1.6171485327793067e+00 6.2160491420826247e-08
714 6.9677734375000000e-01 8.0681773791440303e-01 8.0681767660023396e-01 6.1314169075288305e-08 8.0681767731121823e-01 8.0681767660023396e-01 7.1098427145699361e-10 1.6136354152256214e+00 1.6136353532004679e+00 6.2025153457767601e-08
715 6.9775390625000000e-01 8.0505355391538502e-01 8.0505349273556814e-01 6.1179816879253224e-08 8.0505349344497368e-01 8.0505349273556814e-01 7.0940553431597664e-10 1.6101070473603587e+00 1.6101069854711363e+00 6.1889222413569200e-08
716 6.9873046875000000e-01 8.0328179244570586e-01 8.0328173140082582e-01 6.1044880039773375e-08 8.0328173210864851e-01 8.0328173140082582e-01 7.0782268934976855e-10 1.6065635245543544e+00 1.6065634628016516e+00 6.1752702729123143e-08
717 6.9970703125000000e-01 8.0150247018184140e-01 8.0150240927249961e-01 6.0909341792481086e-08 8.0150240997874944e-01 8.0150240927249961e-01 7.0624983639078209e-10 1.6030048801605910e+00 1.6030048185449992e+00 6.1615591739894171e-08
718 7.0068359375000000e-01 7.9971560387144758e-01 7.9971554309824677e-01 6.0773200805108729e-08 7.9971554380293874e-01 7.9971554309824677e-01 7.0469197144262807e-10 1.5994311476743863e+00 1.5994310861964935e+00 6.1477892776551357e-08
719 7.0166015625000000e-01 7.9792121033322838e-01 7.9792114969673278e-01 6.0636495602395257e-08 7.9792115039984091e-01 7.9792114969673278e-01 7.0310812727569783e-10 1.5958423607330694e+00 1.5958422993934656e+00 6.1339603840693258e-08
720 7.0263671875000000e-01 7.9611930645667073e-01 7.9611924595747141e-01 6.0499199316943475e-08 7.9611924665899847e-01 7.9611924595747141e-01 7.0152705866632914e-10 1.5922385531156693e+00 1.5922384919149428e+00 6.1200726486632107e-08
721 7.0361328125000000e-01 7.9430990920200462e-01 7.9430984884066669e-01 6.0361337927972158e-08 7.9430984954059336e-01 7.9430984884066669e-01 6.9992667217633198e-10 1.5886197587425981e+00 1.5886196976813334e+00 6.1061264711170793e-08
722 7.0458984375000000e-01 7.9249303559995965e-01 7.9249297537705399e-01 6.0222905662321580e-08 7.9249297607536484e-01 7.9249297537705399e-01 6.9831085358629252e-10 1.5849860116753245e+00 1.5849859507541080e+00 6.0921216515907872e-08
723 7.0556640625000000e-01 7.9066870275156997e-01 7.9066864266773784e-01 6.0083832131851977e-08 7.9066864336449072e-01 7.9066864266773784e-01 6.9675287761583604e-10 1.5813373461160607e+00 1.5813372853354757e+00 6.0780585009467814e-08
724 7.0654296875000000e-01 7.8883692782830106e-01 7.8883686788403262e-01 5.9944268437917003e-08 7.8883686857913404e-01 7.8883686788403262e-01 6.9510142086670612e-10 1.5776737964074350e+00 1.5776737357680652e+00 6.0639369747761407e-08
725 7.0751953125000000e-01 7.8699772807138679e-01 7.8699766826729989e-01 5.9804086904868825e-08 7.8699766896078627e-01 7.8699766826729989e-01 6.9348637943278391e-10 1.5739953970321729e+00 1.5739953365345998e+00 6.0497573173279307e-08
726 7.0849609375000000e-01 7.8515112079216254e-01 7.8515106112878752e-01 5.9663375018281783e-08 7.8515106182060690e-01 7.8515106112878752e-01 6.9181937956130923e-10 1.5703021826127694e+00 1.5703021222575750e+00 6.0355194397843093e-08
727 7.0947265625000000e-01 7.8329712337150414e-01 7.8329706384946496e-01 5.9522039186354903e-08 7.8329706453966341e-01 7.8329706384946496e-01 6.9019845394535650e-10 1.5665941879111676e+00 1.5665941276989299e+00 6.0212237640300259e-08
728 7.1044921875000000e-01 7.8143575326001125e-01 7.8143569387986056e-01 5.9380150685406363e-08 7.8143569456841400e-01 7.8143569387986056e-01 6.8855343648976941e-10 1.5628714478284254e+00 1.5628713877597211e+00 6.0068704232918435e-08
729 7.1142578125000000e-01 7.7956702797753996e-01 7.7956696873989695e-01 5.9237643013076990e-08 7.7956696942684889e-01 7.7956696873989695e-01 6.8695193977674762e-10 1.5591339974043890e+00 1.5591339374797939e+00 5.9924595063876041e-08
730 7.1240234375000000e-01 7.7769096511345670e-01 7.7769090601872781e-01 5.9094728888098302e-08 7.7769090670390695e-01 7.7769090601872781e-01 6.8517913565102617e-10 1.5553818718173638e+00 1.5553818120374556e+00 5.9779908134771631e-08
731 7.1337890625000000e-01 7.7580758232568137e-01 7.7580752337456926e-01 5.8951112102967329e-08 7.7580752405810238e-01 7.7580752337456926e-01 6.8353311899471692e-10 1.5516151063837837e+00 1.5516150467491385e+00 5.9634645221962046e-08
732 7.1435546875000000e-01 7.7391689734143987e-01 7.7391683853453608e-01 5.8806903791008835e-08 7.7391683921644194e-01 7.7391683853453608e-01 6.8190586510752382e-10 1.5478337365578818e+00 1.5478336770690722e+00 5.9488809656116359e-08
733 7.1533203125000000e-01 7.7201892795660421e-01 7.7201886929447450e-01 5.8662129709396993e-08 7.7201886997474301e-01 7.7201886929447450e-01 6.8026850819080664e-10 1.5440377979313471e+00 1.5440377385889490e+00 5.9342398106565497e-08
734 7.1630859375000000e-01 7.7011369203569879e-01 7.7011363351879358e-01 5.8516905210304060e-08 7.7011363419730328e-01 7.7011363351879358e-01 6.7850969287519547e-10 1.5402273262330022e+00 1.5402272670375872e+00 5.9195415014201558e-08
735 7.1728515625000000e-01 7.6820120751130117e-01 7.6820114914029791e-01 5.8371003253121501e-08 7.6820114981715404e-01 7.6820114914029791e-01 6.7685612670231876e-10 1.5364023573284551e+00 1.5364022982805958e+00 5.9047859268801517e-08
736 7.1826171875000000e-01 7.6628149238459220e-01 7.6628143416001870e-01 5.8224573495913035e-08 7.6628143483517974e-01 7.6628143416001870e-01 6.7516103818832107e-10 1.5325629272197721e+00 1.5325628683200374e+00 5.8899734645123658e-08
737 7.1923828125000000e-01 7.6435456472458063e-01 7.6435450664704496e-01 5.8077535669553981e-08 7.6435450732054955e-01 7.6435450664704496e-01 6.7350458543558034e-10 1.5287090720451302e+00 1.5287090132940899e+00 5.8751040254989562e-08
738 7.2021484375000000e-01 7.6242044266832698e-01 7.6242038473835194e-01 5.7929975039172632e-08 7.6242038541015478e-01 7.6242038473835194e-01 6.7180283558343490e-10 1.5248408280784818e+00 1.5248407694767039e+00 5.8601777874756067e-08
739 7.2119140625000000e-01 7.6047914442043174e-01 7.6047908663863184e-01 5.7781799900347153e-08 7.6047908730878067e-01 7.6047908663863184e-01 6.7014882532134834e-10 1.5209582317292125e+00 1.5209581732772637e+00 5.8451948836690804e-08
740 7.2216796875000000e-01 7.5853068825329184e-01 7.5853063062012138e-01 5.7633170458259997e-08 7.5853063128850429e-01 7.5853063062012138e-01 6.6838290457837957e-10 1.5170613195417961e+00 1.5170612612402428e+00 5.8301553362838376e-08
741 7.2314453125000000e-01 7.5657509250635691e-01 7.5657503502243106e-01 5.7483925841594896e-08 7.5657503568909779e-01 7.5657503502243106e-01 6.6666672182691400e-10 1.5131501281954547e+00 1.5131500700448621e+00 5.8150592563421810e-08
742 7.2412109375000000e-01 7.5461237558648853e-01 7.5461231825237129e-01 5.7334117231633286e-08 7.5461231891732239e-01 7.5461231825237129e-01 6.6495109418696074e-10 1.5092246945038110e+00 1.5092246365047426e+00 5.7999068436842549e-08
743 7.2509765625000000e-01 7.5264255596767105e-01 7.5264249878377965e-01 5.7183891399859021e-08 7.5264249944687189e-01 7.5264249878377965e-01 6.6309224777683085e-10 1.5052850554145429e+00 1.5052849975675593e+00 5.7846983647635852e-08
744 7.2607421875000000e-01 7.5066565219027925e-01 7.5066559515734754e-01 5.7032931710665480e-08 7.5066559581875203e-01 7.5066559515734754e-01 6.6140448673479568e-10 1.5013312480090313e+00 1.5013311903146951e+00 5.7694336197400276e-08
745 7.2705078125000000e-01 7.4868168286189263e-01 7.4868162598044452e-01 5.6881448107226618e-08 7.4868162664012505e-01 7.4868162598044452e-01 6.5968053242215774e-10 1.4973633095020178e+00 1.4973632519608890e+00 5.7541128750671078e-08
746 7.2802734375000000e-01 7.4669066665627981e-01 7.4669060992694414e-01 5.6729335673466608e-08 7.4669061058496855e-01 7.4669060992694414e-01 6.5802441273632439e-10 1.4933812772412485e+00 1.4933812198538883e+00 5.7387360197225235e-08
747 7.2900390625000000e-01 7.4469262231391531e-01 7.4469256573704756e-01 5.6576867746294113e-08 7.4469256639321380e-01 7.4469256573704756e-01 6.5616623246000927e-10 1.4893851887071290e+00 1.4893851314740951e+00 5.7233033867731820e-08
748 7.2998046875000000e-01 7.4268756864087926e-01 7.4268751221710805e-01 5.6423771210845075e-08 7.4268751287148616e-01 7.4268751221710805e-01 6.5437810725654799e-10 1.4853750815123654e+00 1.4853750244342161e+00 5.7078149318101623e-08
749 7.3095703125000000e-01 7.4067552450957219e-01 7.4067546823945285e-01 5.6270119341839120e-08 7.4067546889203961e-01 7.4067546823945285e-01 6.5258676240631530e-10 1.4813509934016118e+00 1.4813509364789057e+00 5.6922706104245435e-08
750 7.3193359375000000e-01 7.3865650885815171e-01 7.3865645274220604e-01 5.6115945668011591e-08 7.3865645339296682e-01 7.3865645274220604e-01 6.5076077859771431e-10 1.4773129622511185e+00 1.4773129054844121e+00 5.6766706446609305e-08
751 7.3291015625000000e-01 7.3663054069012879e-01 7.3663048472911008e-01 5.5961018707861854e-08 7.3663048537824427e-01 7.3663048472911008e-01 6.4913419084433599e-10 1.4732610260683732e+00 1.4732609694582202e+00 5.6610153009728492e-08
752 7.3388671875000000e-01 7.3459763907512987e-01 7.3459758326934810e-01 5.5805781773443641e-08 7.3459758391661145e-01 7.3459758326934810e-01 6.4726335402554014e-10 1.4691952229917413e+00 1.4691951665386962e+00 5.6453045127469181e-08
753 7.3486328125000000e-01 7.3255782314724915e-01 7.3255776749736268e-01 5.5649886476771826e-08 7.3255776814286144e-01 7.3255776749736268e-01 6.4549876555020091e-10 1.4651155912901106e+00 1.4651155349947254e+00 5.6295385242322027e-08
754 7.3583984375000000e-01 7.3051111210618447e-01 7.3051105661267635e-01 5.5493508122061996e-08 7.3051105725634291e-01 7.3051105661267635e-01 6.4366656449266202e-10 1.4610221693625274e+00 1.4610221132253527e+00 5.6137174686554658e-08
755 7.3681640625000000e-01 7.2845752521625085e-01 7.2845746987971205e-01 5.5336538795636159e-08 7.2845747052158516e-01 7.2845746987971205e-01 6.4187311021868254e-10 1.4569149957378360e+00 1.4569149397594241e+00 5.5978411905854841e-08
756 7.3779296875000000e-01 7.2639708180672125e-01 7.2639702662761008e-01 5.5179111169145756e-08 7.2639702726759980e-01 7.2639702662761008e-01 6.3998972787970843e-10 1.4527941090743210e+00 1.4527940532552202e+00 5.5819100897025464e-08
757 7.3876953125000000e-01 7.2432980127106006e-01 7.2432974625004676e-01 5.5021013301015387e-08 7.2432974688827378e-01 7.2432974625004676e-01 6.3822702678351106e-10 1.4486595481593338e+00 1.4486594925000935e+00 5.5659240327798898e-08
758 7.3974609375000000e-01 7.2225570306757825e-01 7.2225564820505217e-01 5.4862526077670282e-08 7.2225564884136062e-01 7.2225564820505217e-01 6.3630845037465633e-10 1.4445113519089388e+00 1.4445112964101043e+00 5.5498834417022636e-08
759 7.4072265625000000e-01 7.2017480671820533e-01 7.2017475201482750e-01 5.4703377827536315e-08 7.2017475264932973e-01 7.2017475201482750e-01 6.3450222853589366e-10 1.4403495593675351e+00 1.4403495040296550e+00 5.5337880056072208e-08
760 7.4169921875000000e-01 7.1808713180926009e-01 7.1808707726556009e-01 5.4543700001019602e-08 7.1808707789823867e-01 7.1808707726556009e-01 6.3267857619564438e-10 1.4361742097074988e+00 1.4361741545311202e+00 5.5176378577215246e-08
761 7.4267578125000000e-01 7.1599269799069232e-01 7.1599264360723969e-01 5.4383452630091256e-08 7.1599264423811948e-01 7.1599264360723969e-01 6.3087979285114670e-10 1.4319853422288118e+00 1.4319852872144794e+00 5.5014332422942402e-08
762 7.4365234375000000e-01 7.1389152497622665e-01 7.1389147075347326e-01 5.4222753398391887e-08 7.1389147138246301e-01 7.1389147075347326e-01 6.2898974917402484e-10 1.4277829963586897e+00 1.4277829415069465e+00 5.4851743147565912e-08
763 7.4462890625000000e-01 7.1178363254271304e-01 7.1178357848130036e-01 5.4061412679828891e-08 7.1178357910849677e-01 7.1178357848130036e-01 6.2719640592234782e-10 1.4235672116512097e+00 1.4235671569626007e+00 5.4688608974728936e-08
764 7.4560546875000000e-01 7.0966904053070556e-01 7.0966898663100586e-01 5.3899699703485737e-08 7.0966898725624039e-01 7.0966898663100586e-01 6.2523453081553271e-10 1.4193380277869458e+00 1.4193379732620117e+00 5.4524934123278967e-08
765 7.4658203125000000e-01 7.0754776884329496e-01 7.0754771510593306e-01 5.3737361893624325e-08 7.0754771572928898e-01 7.0754771510593306e-01 6.2335592243556448e-10 1.4150954845725838e+00 1.4150954302118661e+00 5.4360717705037587e-08
766 7.4755859375000000e-01 7.0541983744672065e-01 7.0541978387229809e-01 5.3574422564928170e-08 7.0541978449383569e-01 7.0541978387229809e-01 6.2153759916583340e-10 1.4108396219405563e+00 1.4108395677445962e+00 5.4195960164094004e-08
767 7.4853515625000000e-01 7.0328526636992683e-01 7.0328521295899982e-01 5.3410927014496679e-08 7.0328521357873830e-01 7.0328521295899982e-01 6.1973848275442833e-10 1.4065704799486651e+00 1.4065704259179996e+00 5.4030665497251107e-08
768 7.4951171875000000e-01 7.0114407570450388e-01 7.0114402245743268e-01 5.3247071196693696e-08 7.0114402307519308e-01 7.0114402245743268e-01 6.1776039839145369e-10 1.4022880987796968e+00 1.4022880449148654e+00 5.3864831484062847e-08
769 7.5048828125000000e-01 6.9899628560386762e-01 6.9899623252129672e-01 5.3082570894424919e-08 6.9899623313718795e-01 6.9899623252129672e-01 6.1589122690719478e-10 1.3979925187410556e+00 1.3979924650425934e+00 5.3698462121332113e-08
770 7.5146484375000000e-01 6.9684191628397563e-01 6.9684186336640963e-01 5.2917565995791449e-08 6.9684186398039860e-01 6.9684186336640963e-01 6.1398897077680203e-10 1.3936837802643742e+00 1.3936837267328193e+00 5.3531554966568251e-08
771 7.5244140625000000e-01 6.9468098802254108e-01 6.9468093527051389e-01 5.2752027190905437e-08 6.9468093588259983e-01 6.9468093527051389e-01 6.1208593749029205e-10 1.3893619239051409e+00 1.3893618705410278e+00 5.3364113128395729e-08
772 7.5341796875000000e-01 6.9251352115909215e-01 6.9251346857308771e-01 5.2586004439802991e-08 6.9251346918322065e-01 6.9251346857308771e-01 6.1013294416767394e-10 1.3850269903423129e+00 1.3850269371461754e+00 5.3196137494992968e-08
773 7.5439453125000000e-01 6.9033953609456644e-01 6.9033948367515297e-01 5.2419413476556542e-08 6.9033948428336800e-01 6.9033948367515297e-01 6.0821503389263398e-10 1.3806790203779344e+00 1.3806789673503059e+00 5.3027628510449176e-08
774 7.5537109375000000e-01 6.8815905329135962e-01 6.8815900103908401e-01 5.2252275617448163e-08 6.8815900164539456e-01 6.8815900103908401e-01 6.0631055731619199e-10 1.3763180549367542e+00 1.3763180020781680e+00 5.2858586174764355e-08
775 7.5634765625000000e-01 6.8597209327301278e-01 6.8597204118841348e-01 5.2084599300172840e-08 6.8597204179282634e-01 6.8597204118841348e-01 6.0441285310020021e-10 1.3719441350658390e+00 1.3719440823768270e+00 5.2689012042250738e-08
776 7.5732421875000000e-01 6.8377867662400516e-01 6.8377862470764017e-01 5.1916364984805341e-08 6.8377862531018185e-01 6.8377862470764017e-01 6.0254168321449697e-10 1.3675573019341871e+00 1.3675572494152803e+00 5.2518906779042140e-08
777 7.5830078125000000e-01 6.8157882398979963e-01 6.8157877224203589e-01 5.1747763740728203e-08 6.8157877284254453e-01 6.8157877224203589e-01 6.0050864281180338e-10 1.3631575968323442e+00 1.3631575444840718e+00 5.2348272383540007e-08
778 7.5927734375000000e-01 6.7937255607602465e-01 6.7937250449744968e-01 5.1578574966626434e-08 6.7937250509598235e-01 6.7937250449744968e-01 5.9853266787257553e-10 1.3587450611720069e+00 1.3587450089948994e+00 5.2177107523476707e-08
779 7.6025390625000000e-01 6.7715989364893492e-01 6.7715984224011361e-01 5.1408821311049735e-08 6.7715984283670760e-01 6.7715984224011361e-01 5.9659399642697508e-10 1.3543197364856425e+00 1.3543196844802272e+00 5.2005415307476710e-08
780 7.6123046875000000e-01 6.7494085753501298e-01 6.7494080629644737e-01 5.1238565612621301e-08 6.7494080689107838e-01 6.7494080629644737e-01 5.9463101109713534e-10 1.3498816644260914e+00 1.3498816125928947e+00 5.1833196623718436e-08
781 7.6220703125000000e-01 6.7271546862069131e-01 6.7271541755286302e-01 5.1067828299444784e-08 6.7271541814548630e-01 6.7271541755286302e-01 5.9262328377940321e-10 1.3454308867661777e+00 1.3454308351057260e+00 5.1660451694246490e-08
782 7.6318359375000000e-01 6.7048374785197296e-01 6.7048369695556642e-01 5.0896406533773586e-08 6.7048369754634185e-01 6.7048369695556642e-01 5.9077542857721710e-10 1.3409674453983147e+00 1.3409673939111328e+00 5.1487181851328501e-08
783 7.6416015625000000e-01 6.6824571623503393e-01 6.6824566551036213e-01 5.0724671796231746e-08 6.6824566609907876e-01 6.6824566551036213e-01 5.8871663100035221e-10 1.3364913823341127e+00 1.3364913310207243e+00 5.1313388427232098e-08
784 7.6513671875000000e-01 6.6600139483477172e-01 6.6600134428245372e-01 5.0552317998331375e-08 6.6600134486920670e-01 6.6600134428245372e-01 5.8675297953669769e-10 1.3320027397039784e+00 1.3320026885649074e+00 5.1139070977868073e-08
785 7.6611328125000000e-01 6.6375080477572135e-01 6.6375075439624831e-01 5.0379473037764910e-08 6.6375075498100555e-01 6.6375075439624831e-01 5.8475724262763151e-10 1.3275015597567270e+00 1.3275015087924966e+00 5.0964230391414844e-08
786 7.6708984375000000e-01 6.6149396724131759e-01 6.6149391703515459e-01 5.0206163004773430e-08 6.6149391761785825e-01 6.6149391703515459e-01 5.8270366309898236e-10 1.3229878848591758e+00 1.3229878340703092e+00 5.0788866667872412e-08
787 7.6806640625000000e-01 6.5923090347360558e-01 6.5923085344138499e-01 5.0032220588747123e-08 6.5923085402214809e-01 6.5923085344138499e-01 5.8076310427424005e-10 1.3184617574957538e+00 1.3184617068827700e+00 5.0612983804043665e-08
788 7.6904296875000000e-01 6.5696163477358382e-01 6.5696158491575662e-01 4.9857827200128213e-08 6.5696158549450834e-01 6.5696158491575662e-01 5.7875171322052665e-10 1.3139232202680922e+00 1.3139231698315132e+00 5.0436578913348740e-08
789 7.7001953125000000e-01 6.5468618250041233e-01 6.5468613281748878e-01 4.9682923553007186e-08 6.5468613339422022e-01 6.5468613281748878e-01 5.7673144038261626e-10 1.3093723158946324e+00 1.3093722656349776e+00 5.0259654882367499e-08
790 7.7099609375000000e-01 6.5240456807150227e-01 6.5240451856400317e-01 4.9507499100265306e-08 6.5240451913871733e-01 6.5240451856400317e-01 5.7471416514687235e-10 1.3048090872102196e+00 1.3048090371280063e+00 5.0082213265412179e-08
791 7.7197265625000000e-01 6.5011681296222457e-01 6.5011676363072168e-01 4.9331502882665745e-08 6.5011676420347242e-01 6.5011676363072168e-01 5.7275073572782276e-10 1.3002335771656970e+00 1.3002335272614434e+00 4.9904253618393568e-08
792 7.7294921875000000e-01 6.4782293870594043e-01 6.4782288955086587e-01 4.9155074566265000e-08 6.4782289012156791e-01 6.4782288955086587e-01 5.7070204118048196e-10 1.2956458288275083e+00 1.2956457791017317e+00 4.9725776607445482e-08
793 7.7392578125000000e-01 6.4552296689345290e-01 6.4552291791525174e-01 4.8978201161453683e-08 6.4552291848383314e-01 6.4552291791525174e-01 5.6858140418114544e-10 1.2910458853772862e+00 1.2910458358305035e+00 4.9546782676657131e-08
794 7.7490234375000000e-01 6.4321691917276125e-01 6.4321687037208830e-01 4.8800672947102441e-08 6.4321687093868829e-01 6.4321687037208830e-01 5.6659998914909693e-10 1.2864337901114495e+00 1.2864337407441766e+00 4.9367272936251538e-08
795 7.7587890625000000e-01 6.4090481724940807e-01 6.4090476862677292e-01 4.8622635140382897e-08 6.4090476919138806e-01 6.4090476862677292e-01 5.6461513242567207e-10 1.2818095864407961e+00 1.2818095372535458e+00 4.9187250272808569e-08
796 7.7685546875000000e-01 6.3858668288595632e-01 6.3858663444168851e-01 4.8444267819469644e-08 6.3858663500413348e-01 6.3858663444168851e-01 5.6244497947943728e-10 1.2771733178900897e+00 1.2771732688833770e+00 4.9006712687926779e-08
797 7.7783203125000000e-01 6.3626253790127529e-01 6.3626248963599663e-01 4.8265278662640299e-08 6.3626249019638015e-01 6.3626248963599663e-01 5.6038351736731329e-10 1.2725250280976554e+00 1.2725249792719933e+00 4.8825662180007612e-08
798 7.7880859375000000e-01 6.3393240417111696e-01 6.3393235608543264e-01 4.8085684323240230e-08 6.3393235664384873e-01 6.3393235608543264e-01 5.5841609114537505e-10 1.2678647608149656e+00 1.2678647121708653e+00 4.8644100303363302e-08
799 7.7978515625000000e-01 6.3159630362780161e-01 6.3159625572210198e-01 4.7905699629424703e-08 6.3159625627842975e-01 6.3159625572210198e-01 5.5632776163605513e-10 1.2631925599062312e+00 1.2631925114442040e+00 4.8462027280038456e-08
800 7.8076171875000000e-01 6.2925425825946191e-01 6.2925421053427055e-01 4.7725191354430763e-08 6.2925421108852375e-01 6.2925421053427055e-01 5.5425319889224056e-10 1.2585084693479858e+00 1.2585084210685411e+00 4.8279444664345306e-08
801 7.8173828125000000e-01 6.2690629011038401e-01 6.2690624256615957e-01 4.7544224446305350e-08 6.2690624311828769e-01 6.2690624256615957e-01 5.5212812100080555e-10 1.2538125332286718e+00 1.2538124851323191e+00 4.8096352678328458e-08
802 7.8271484375000000e-01 6.2455242128034882e-01 6.2455237391773744e-01 4.7362611388379605e-08 6.2455237446787926e-01 6.2455237391773744e-01 5.5014182098744868e-10 1.2491047957482282e+00 1.2491047478354749e+00 4.7912753320389356e-08
803 7.8369140625000000e-01 6.2219267392518751e-01 6.2219262674451303e-01 4.7180674478397577e-08 6.2219262729248437e-01 6.2219262674451303e-01 5.4797133497430650e-10 1.2443853012176720e+00 1.2443852534890261e+00 4.7728645924394186e-08
804 7.8466796875000000e-01 6.1982707025545014e-01 6.1982702325732508e-01 4.6998125058372864e-08 6.1982702380322952e-01 6.1982702325732508e-01 5.4590443276936185e-10 1.2396540940586798e+00 1.2396540465146502e+00 4.7544029602164528e-08
805 7.8564453125000000e-01 6.1745563253731850e-01 6.1745558572213455e-01 4.6815183951665063e-08 6.1745558626585717e-01 6.1745558572213455e-01 5.4372262248136849e-10 1.2349112188031757e+00 1.2349111714442691e+00 4.7358906574146431e-08
806 7.8662109375000000e-01 6.1507838309138119e-01 6.1507833645981436e-01 4.6631566830157567e-08 6.1507833700152725e-01 6.1507833645981436e-01 5.4171289676219203e-10 1.2301567200929084e+00 1.2301566729196287e+00 4.7173279726919759e-08
807 7.8759765625000000e-01 6.1269534429353822e-01 6.1269529784594068e-01 4.6447597545906660e-08 6.1269529838549031e-01 6.1269529784594068e-01 5.3954962719870991e-10 1.2253906426790286e+00 1.2253905956918814e+00 4.6987147284127673e-08
808 7.8857421875000000e-01 6.1030653857359651e-01 6.1030649231057998e-01 4.6263016528769185e-08 6.1030649284807315e-01 6.1030649231057998e-01 5.3749316109019674e-10 1.2206130314216697e+00 1.2206129846211600e+00 4.6800509689859382e-08
809 7.8955078125000000e-01 6.0791198841605532e-01 6.0791194233807955e-01 4.6077975768277213e-08 6.0791194287347206e-01 6.0791194233807955e-01 5.3539250810530348e-10 1.2158239312895274e+00 1.2158238846761591e+00 4.6613368276382516e-08
810 7.9052734375000000e-01 6.0551171635927103e-01 6.0551167046685628e-01 4.5892414757275901e-08 6.0551167100016534e-01 6.0551167046685628e-01 5.3330906357729191e-10 1.2110233873594365e+00 1.2110233409337126e+00 4.6425723931875496e-08
811 7.9150390625000000e-01 6.0310574499559477e-01 6.0310569928918301e-01 4.5706411766488486e-08 6.0310569982034956e-01 6.0310569928918301e-01 5.3116655518437028e-10 1.2062114448159442e+00 1.2062113985783660e+00 4.6237578210650554e-08
812 7.9248046875000000e-01 6.0069409697100518e-01 6.0069405145097654e-01 4.5520028635337439e-08 6.0069405197987946e-01 6.0069405145097654e-01 5.2890292145946205e-10 1.2013881489508846e+00 1.2013881029019531e+00 4.6048931556796902e-08
813 7.9345703125000000e-01 5.9827679498433428e-01 5.9827674965158462e-01 4.5332749665227823e-08 5.9827675017862070e-01 5.9827674965158462e-01 5.2703608144355485e-10 1.1965535451629550e+00 1.1965534993031692e+00 4.5859785746671378e-08
814 7.9443359375000000e-01 5.9585386178896471e-01 5.9585381664357306e-01 4.5145391647238853e-08 5.9585381716832031e-01 5.9585381664357306e-01 5.2474724565598763e-10 1.1917076789572851e+00 1.1917076332871461e+00 4.5670139003917143e-08
815 7.9541015625000000e-01 5.9342532018991512e-01 5.9342527523250954e-01 4.4957405576084852e-08 5.9342527575509707e-01 5.9342527523250954e-01 5.2258752880618431e-10 1.1868505959450122e+00 1.1868505504650191e+00 4.5479993104891037e-08
816 7.9638671875000000e-01 5.9099119304564551e-01 5.9099114827675103e-01 4.4768894480462507e-08 5.9099114879720416e-01 5.9099114827675103e-01 5.2045312504134245e-10 1.1819823418428497e+00 1.1819822965535021e+00 4.5289347605503849e-08
817 7.9736328125000000e-01 5.8855150326723271e-01 5.8855145868722702e-01 4.4580005686967183e-08 5.8855145920542629e-01 5.8855145868722702e-01 5.1819926127905092e-10 1.1771029624726590e+00 1.1771029173744540e+00 4.5098204948246234e-08
818 7.9833984375000000e-01 5.8610627381767311e-01 5.8610622942722568e-01 4.4390447428988011e-08 5.8610622994334138e-01 5.8610622942722568e-01 5.1611570572873688e-10 1.1722125037610145e+00 1.1722124588544514e+00 4.4906563134716748e-08
819 7.9931640625000000e-01 5.8365552771265705e-01 5.8365548351217578e-01 4.4200481275069592e-08 5.8365548402611844e-01 5.8365548351217578e-01 5.1394266620263807e-10 1.1673110117387755e+00 1.1673109670243516e+00 4.4714423941272230e-08
820 8.0029296875000000e-01 5.8119928801944865e-01 5.8119924400943102e-01 4.4010017630213838e-08 5.8119924452120453e-01 5.8119924400943102e-01 5.1177351245712543e-10 1.1623985325406532e+00 1.1623984880188620e+00 4.4521791142670963e-08
821 8.0126953125000000e-01 5.7873757785720992e-01 5.7873753403805350e-01 4.3819156414492966e-08 5.7873753454755994e-01 5.7873753403805350e-01 5.0950643704084086e-10 1.1574751124047697e+00 1.1574750680761070e+00 4.4328662740511504e-08
822 8.0224609375000000e-01 5.7627042039626375e-01 5.7627037676859483e-01 4.3627668921963902e-08 5.7627037727596453e-01 5.7627037676859483e-01 5.0736970180764729e-10 1.1525407976722284e+00 1.1525407535371897e+00 4.4135038734793852e-08
823 8.0322265625000000e-01 5.7379783885871227e-01 5.7379779542287879e-01 4.3435833485538922e-08 5.7379779592796742e-01 5.7379779542287879e-01 5.0508863758125244e-10 1.1475956347866796e+00 1.1475955908457576e+00 4.3940922012097872e-08
824 8.0419921875000000e-01 5.7131985651716755e-01 5.7131981327378223e-01 4.3243385317026650e-08 5.7131981377671093e-01 5.7131981327378223e-01 5.0292869868684420e-10 1.1426396702938786e+00 1.1426396265475645e+00 4.3746314126735797e-08
825 8.0517578125000000e-01 5.6883649669545577e-01 5.6883645364501789e-01 4.3050437881220205e-08 5.6883645414579265e-01 5.6883645364501789e-01 5.0077475499676893e-10 1.1376729508412484e+00 1.1376729072900358e+00 4.3551212636216974e-08
826 8.0615234375000000e-01 5.6634778276796049e-01 5.6634773991091170e-01 4.2857048798694564e-08 5.6634774040948155e-01 5.6634773991091170e-01 4.9856985206986337e-10 1.1326955231774420e+00 1.1326954798218234e+00 4.3355618650764427e-08
827 8.0712890625000000e-01 5.6385373815936601e-01 5.6385369549618525e-01 4.2663180765956099e-08 5.6385369599253721e-01 5.6385369549618525e-01 4.9635195953356970e-10 1.1277074341519033e+00 1.1277073909923705e+00 4.3159532836511971e-08
828 8.0810546875000000e-01 5.6135438634454171e-01 5.6135434387573402e-01 4.2468807692763733e-08 5.6135434436988552e-01 5.6135434387573402e-01 4.9415149749876264e-10 1.1227087307144272e+00 1.1227086877514680e+00 4.2962959190262495e-08
829 8.0908203125000000e-01 5.5884975084837607e-01 5.5884970857440808e-01 4.2273967992834116e-08 5.5884970906633569e-01 5.5884970857440808e-01 4.9192760975813599e-10 1.1176994599147116e+00 1.1176994171488162e+00 4.2765895491569950e-08
830 8.1005859375000000e-01 5.5633985524540563e-01 5.5633981316678860e-01 4.2078617035201660e-08 5.5633981365651508e-01 5.5633981316678860e-01 4.8972648158951415e-10 1.1126796689019207e+00 1.1126796263335772e+00 4.2568343516791174e-08
831 8.1103515625000000e-01 5.5382472315983333e-01 5.5382468127696638e-01 4.1882866952391851e-08 5.5382468176440169e-01 5.5382468127696638e-01 4.8743531433359522e-10 1.1076494049242349e+00 1.1076493625539328e+00 4.2370302155703143e-08
832 8.1201171875000000e-01 5.5130437826483614e-01 5.5130433657832156e-01 4.1686514573591182e-08 5.5130433706358262e-01 5.5130433657832156e-01 4.8526105356216931e-10 1.1026087153284188e+00 1.1026086731566431e+00 4.2171775627153352e-08
833 8.1298828125000000e-01 5.4877884428311052e-01 5.4877880279329794e-01 4.1489812585560060e-08 5.4877880327624806e-01 5.4877880279329794e-01 4.8295012433641205e-10 1.0975576475593587e+00 1.0975576055865959e+00 4.1972762820918774e-08
834 8.1396484375000000e-01 5.4624814498576091e-01 5.4624810369318122e-01 4.1292579688878561e-08 5.4624810417386505e-01 5.4624810369318122e-01 4.8068382607624471e-10 1.0924962491596260e+00 1.0924962073863624e+00 4.1773263514954806e-08
835 8.1494140625000000e-01 5.4371230419266925e-01 5.4371226309787490e-01 4.1094794345220009e-08 5.4371226357635916e-01 5.4371226309787490e-01 4.7848425221985735e-10 1.0874245677690284e+00 1.0874245261957498e+00 4.1573278597439867e-08
836 8.1591796875000000e-01 5.4117134577227444e-01 5.4117130487567722e-01 4.0896597219841624e-08 5.4117130535188818e-01 5.4117130487567722e-01 4.7621095955463488e-10 1.0823426511241627e+00 1.0823426097513544e+00 4.1372808290418561e-08
837 8.1689453125000000e-01 5.3862529364088640e-01 5.3862525294305408e-01 4.0697832326408445e-08 5.3862525341707579e-01 5.3862525294305408e-01 4.7402171077237654e-10 1.0772505470579623e+00 1.0772505058861082e+00 4.1171854148203124e-08
838 8.1787109375000000e-01 5.3607417176308658e-01 5.3607413126441572e-01 4.0498670861310870e-08 5.3607413173616314e-01 5.3607413126441572e-01 4.7174741890643190e-10 1.0721483034992496e+00 1.0721482625288314e+00 4.0970418169195000e-08
839 8.1884765625000000e-01 5.3351800415097628e-01 5.3351796385189176e-01 4.0299084513861771e-08 5.3351796432130472e-01 5.3351796385189176e-01 4.6941295295255259e-10 1.0670359684722810e+00 1.0670359277037835e+00 4.0768497466814324e-08
840 8.1982421875000000e-01 5.3095681486403123e-01 5.3095677476510306e-01 4.0098928177911830e-08 5.3095677523226914e-01 5.3095677476510306e-01 4.6716608359531619e-10 1.0619135900963004e+00 1.0619135495302061e+00 4.0566094261507146e-08
841 8.2080078125000000e-01 5.2839062800934156e-01 5.2839058811093653e-01 3.9898405024274552e-08 5.2839058857574106e-01 5.2839058811093653e-01 4.6480452819963602e-10 1.0567812165850827e+00 1.0567811762218731e+00 4.0363209663496491e-08
842 8.2177734375000000e-01 5.2581946774057009e-01 5.2581942804331794e-01 3.9697252152137708e-08 5.2581942850591112e-01 5.2581942804331794e-01 4.6259318597918764e-10 1.0516388962464811e+00 1.0516388560866359e+00 4.0159845227094593e-08
843 8.2275390625000000e-01 5.2324335825872426e-01 5.2324331876298591e-01 3.9495738346495557e-08 5.2324331922324752e-01 5.2324331876298591e-01 4.6026160660517235e-10 1.0464866774819717e+00 1.0464866375259718e+00 3.9955999842078427e-08
844 8.2373046875000000e-01 5.2066232381085842e-01 5.2066228451726171e-01 3.9293596709732981e-08 5.2066228497534017e-01 5.2066228451726171e-01 4.5807846404954944e-10 1.0413246087861987e+00 1.0413245690345234e+00 3.9751675284804833e-08
845 8.2470703125000000e-01 5.1807638869103989e-01 5.1807634959982263e-01 3.9091217263198530e-08 5.1807635005547692e-01 5.1807634959982263e-01 4.5565429207528041e-10 1.0361527387465168e+00 1.0361526991996453e+00 3.9546871555273810e-08
846 8.2568359375000000e-01 5.1548557723873512e-01 5.1548553835047262e-01 3.8888262499092718e-08 5.1548553880380266e-01 5.1548553835047262e-01 4.5333004017322764e-10 1.0309711160425379e+00 1.0309710767009452e+00 3.9341592650288248e-08
847 8.2666015625000000e-01 5.1288991383970617e-01 5.1288987515491447e-01 3.8684791703325061e-08 5.1288987560595689e-01 5.1288987515491447e-01 4.5104242563098751e-10 1.0257797894456631e+00 1.0257797503098289e+00 3.9135834128956049e-08
848 8.2763671875000000e-01 5.1028942292528823e-01 5.1028938444451855e-01 3.8480769681825677e-08 5.1028938489334885e-01 5.1028938444451855e-01 4.4883030625442188e-10 1.0205788078186371e+00 1.0205787688890371e+00 3.8929599988080099e-08
849 8.2861328125000000e-01 5.0768412897261184e-01 5.0768409069609333e-01 3.8276518510294011e-08 5.0768409114246627e-01 5.0768409069609333e-01 4.4637293861171656e-10 1.0153682201150782e+00 1.0153681813921867e+00 3.8722891559928030e-08
850 8.2958984375000000e-01 5.0507405650330905e-01 5.0507401843165656e-01 3.8071652497251307e-08 5.0507401887571213e-01 5.0507401843165656e-01 4.4405557009241647e-10 1.0101480753790213e+00 1.0101480368633131e+00 3.8515708178366026e-08
851 8.3056640625000000e-01 5.0245923008442939e-01 5.0245919221820201e-01 3.7866227375893402e-08 5.0245919266002492e-01 5.0245919221820201e-01 4.4182291158989528e-10 1.0049184227444543e+00 1.0049183844364040e+00 3.8308050287483297e-08
852 8.3154296875000000e-01 4.9983967432793863e-01 4.9983963666746978e-01 3.7660468854561202e-08 4.9983963710692003e-01 4.9983963666746978e-01 4.3945025396396886e-10 9.9967931143485866e-01 9.9967927333493956e-01 3.8099919108525171e-08
853 8.3251953125000000e-01 4.9721541388980867e-01 4.9721537643571428e-01 3.7454094381494940e-08 4.9721537687293482e-01 4.9721537643571428e-01 4.3722053755246293e-10 9.9443079076274343e-01 9.9443075287142857e-01 3.7891314863536252e-08
854 8.3349609375000000e-01 4.9458647347088530e-01 4.9458643622347287e-01 3.7247412432162008e-08 4.9458643665829655e-01 4.9458643622347287e-01 4.3482367706459968e-10 9.8917291012918185e-01 9.8917287244694574e-01 3.7682236109226608e-08
855 8.3447265625000000e-01 4.9195287781558206e-01 4.9195284077533152e-01 3.7040250533415531e-08 4.9195284120776722e-01 4.9195284077533152e-01 4.3243569836093343e-10 9.8390571902334933e-01 9.8390568155066305e-01 3.7472686287287615e-08
856 8.3544921875000000e-01 4.8931465171226052e-01 4.8931461487969374e-01 3.6832566774336328e-08 4.8931461530979237e-01 4.8931461487969374e-01 4.3009862338294624e-10 9.7862926702205288e-01 9.7862922975938749e-01 3.7262665397719275e-08
857 8.3642578125000000e-01 4.8667181999302506e-01 4.8667178336854600e-01 3.6624479060609616e-08 4.8667178379624121e-01 4.8667178336854600e-01 4.2769521257923770e-10 9.7334360378926621e-01 9.7334356673709199e-01 3.7052174217677702e-08
858 8.3740234375000000e-01 4.8402440753307174e-01 4.8402437111722585e-01 3.6415845894310905e-08 4.8402437154259231e-01 4.8402437111722585e-01 4.2536646427393521e-10 9.6804877907566400e-01 9.6804874223445170e-01 3.6841212303073689e-08
859 8.3837890625000000e-01 4.8137243925092082e-01 4.8137240304418505e-01 3.6206735776200816e-08 4.8137240346723104e-01 4.8137240304418505e-01 4.2304598713016617e-10 9.6274484271815186e-01 9.6274480608837010e-01 3.6629781763330982e-08
860 8.3935546875000000e-01 4.7871594010804702e-01 4.7871590411075698e-01 3.5997290037670382e-08 4.7871590453134971e-01 4.7871590411075698e-01 4.2059272731265196e-10 9.5743184463939679e-01 9.5743180822151397e-01 3.6417882820494185e-08
861 8.4033203125000000e-01 4.7605493510823238e-01 4.7605489932092193e-01 3.5787310448398557e-08 4.7605489973912835e-01 4.7605489932092193e-01 4.1820641394352265e-10 9.5210983484736067e-01 9.5210979864184386e-01 3.6205516806830929e-08
862 8.4130859375000000e-01 4.7338944929789029e-01 4.7338941372107007e-01 3.5576820212046556e-08 4.7338941413693436e-01 4.7338941372107007e-01 4.1586428745077342e-10 9.4677886343482465e-01 9.4677882744214015e-01 3.5992684499497329e-08
863 8.4228515625000000e-01 4.7071950776572741e-01 4.7071947239976702e-01 3.5365960382449657e-08 4.7071947281319299e-01 4.7071947239976702e-01 4.1342596013294042e-10 9.4143898057892039e-01 9.4143894479953405e-01 3.5779386342582598e-08
864 8.4326171875000000e-01 4.6804513564205535e-01 4.6804510048751696e-01 3.5154538391424239e-08 4.6804510089860263e-01 4.6804510048751696e-01 4.1108566550818182e-10 9.3609023654065804e-01 9.3609020097503393e-01 3.5565624112443572e-08
865 8.4423828125000000e-01 4.6536635809923566e-01 4.6536632315652765e-01 3.4942708004859213e-08 4.6536632356521551e-01 4.6536632315652765e-01 4.0868786133074764e-10 9.3073268166445122e-01 9.3073264631305530e-01 3.5351395921701112e-08
866 8.4521484375000000e-01 4.6268320035093813e-01 4.6268316562047107e-01 3.4730467057819681e-08 4.6268316602670928e-01 4.6268316562047107e-01 4.0623820973806346e-10 9.2536636637764746e-01 9.2536633124094214e-01 3.5136705323068895e-08
867 8.4619140625000000e-01 4.5999568765194015e-01 4.5999565313424789e-01 3.4517692260038757e-08 4.5999565353810873e-01 4.5999565313424789e-01 4.0386083366428238e-10 9.1999134119004888e-01 9.1999130626849579e-01 3.4921553093703039e-08
868 8.4716796875000000e-01 4.5730384529828078e-01 4.5730381099374878e-01 3.4304531992823684e-08 4.5730381139515763e-01 4.5730381099374878e-01 4.0140885060324649e-10 9.1460765669343846e-01 9.1460762198749757e-01 3.4705940898938081e-08
869 8.4814453125000000e-01 4.5460769862639011e-01 4.5460766453561785e-01 3.4090772260686464e-08 4.5460766493471366e-01 4.5460766453561785e-01 3.9909581195374244e-10 9.0921536356110377e-01 9.0921532907123570e-01 3.4489868072640206e-08
870 8.4912109375000000e-01 4.5190727301372025e-01 4.5190723913701208e-01 3.3876708160907043e-08 4.5190723953363821e-01 4.5190723913701208e-01 3.9662612083546378e-10 9.0381451254735845e-01 9.0381447827402417e-01 3.4273334281742507e-08
871 8.5009765625000000e-01 4.4920259387747086e-01 4.4920256021536331e-01 3.3662107545850972e-08 4.4920256060959884e-01 4.4920256021536331e-01 3.9423553310768966e-10 8.9840515448706970e-01 8.9840512043072662e-01 3.4056343078958662e-08
872 8.5107421875000000e-01 4.4649368667518757e-01 4.4649365322814050e-01 3.3447047076418102e-08 4.4649365361998689e-01 4.4649365322814050e-01 3.9184638866984756e-10 8.9298734029517446e-01 8.9298730645628099e-01 3.3838893465087949e-08
873 8.5205078125000000e-01 4.4378057690421763e-01 4.4378054367260744e-01 3.3231610185868732e-08 4.4378054406198436e-01 4.4378054367260744e-01 3.8937691959617382e-10 8.8756112096620199e-01 8.8756108734521488e-01 3.3620987105464906e-08
874 8.5302734375000000e-01 4.4106329010130607e-01 4.4106325708558447e-01 3.3015721601081793e-08 4.4106325747248837e-01 4.4106325708558447e-01 3.8690389780882128e-10 8.8212654757379449e-01 8.8212651417116894e-01 3.3402625554401766e-08
875 8.5400390625000000e-01 4.3834185184258934e-01 4.3834181904320757e-01 3.2799381766146496e-08 4.3834181942763439e-01 4.3834181904320757e-01 3.8442682370742887e-10 8.7668367127022373e-01 8.7668363808641514e-01 3.3183808589853925e-08
876 8.5498046875000000e-01 4.3561628774325728e-01 4.3561625516068880e-01 3.2582568476602347e-08 4.3561625554265626e-01 4.3561625516068880e-01 3.8196745766327922e-10 8.7123254328591360e-01 8.7123251032137761e-01 3.2964535989776778e-08
877 8.5595703125000000e-01 4.3288662345729728e-01 4.3288659109207300e-01 3.2365224278407823e-08 4.3288659147166009e-01 4.3288659109207300e-01 3.7958708398733165e-10 8.6577321492895742e-01 8.6577318218414601e-01 3.2744811417906305e-08
878 8.5693359375000000e-01 4.3015288467755347e-01 4.3015285252999802e-01 3.2147555451000898e-08 4.3015285290707583e-01 4.3015285252999802e-01 3.7707781341822511e-10 8.6030573758462925e-01 8.6030570505999604e-01 3.2524633208907971e-08
879 8.5791015625000000e-01 4.2741509713481979e-01 4.2741506520545192e-01 3.1929367871885717e-08 4.2741506558008774e-01 4.2741506520545192e-01 3.7463582236441084e-10 8.5483016271490753e-01 8.5483013041090383e-01 3.2304003694250127e-08
880 8.5888671875000000e-01 4.2467328659827486e-01 4.2467325488753244e-01 3.1710742420809623e-08 4.2467325525971344e-01 4.2467325488753244e-01 3.7218100823466216e-10 8.4934654185798830e-01 8.4934650977506487e-01 3.2082923429044286e-08
881 8.5986328125000000e-01 4.2192747887483273e-01 4.2192744738320215e-01 3.1491630581026442e-08 4.2192744775296465e-01 4.2192744738320215e-01 3.6976249839781872e-10 8.4385492662779737e-01 8.4385489476640430e-01 3.1861393079424261e-08
882 8.6083984375000000e-01 4.1917769980918829e-01 4.1917766853704663e-01 3.1272141653992946e-08 4.1917766890432068e-01 4.1917766853704663e-01 3.6727404451042389e-10 8.3835536871350902e-01 8.3835533707409327e-01 3.1639415754014522e-08
883 8.6181640625000000e-01 4.1642397528320457e-01 4.1642394423103241e-01 3.1052172166923242e-08 4.1642394459584936e-01 4.1642394423103241e-01 3.6481695442347473e-10 8.3284791987905393e-01 8.3284788846206481e-01 3.1416989121346717e-08
884 8.6279296875000000e-01 4.1366633121613650e-01 4.1366630038426100e-01 3.0831875497128181e-08 4.1366630074650157e-01 4.1366630038426100e-01 3.6224057087252959e-10 8.2733263196263807e-01 8.2733260076852200e-01 3.1194116068000710e-08
885 8.6376953125000000e-01 4.1090479356378551e-01 4.1090476295272649e-01 3.0611059020912990e-08 4.1090476331246512e-01 4.1090476295272649e-01 3.5973862777538557e-10 8.2180955687625068e-01 8.2180952590545298e-01 3.0970797704199526e-08
886 8.6474609375000000e-01 4.0813938831879504e-01 4.0813935792907063e-01 3.0389724403612206e-08 4.0813935828638309e-01 4.0813935792907063e-01 3.5731245739967221e-10 8.1627874660517818e-01 8.1627871585814127e-01 3.0747036916523030e-08
887 8.6572265625000000e-01 4.0537014151038664e-01 4.0537011134233936e-01 3.0168047282508326e-08 4.0537011169712461e-01 4.0537011134233936e-01 3.5478525672871797e-10 8.1074025320751120e-01 8.1074022268467871e-01 3.0522832483725892e-08
888 8.6669921875000000e-01 4.0259707920363969e-01 4.0259704925773593e-01 2.9945903756711800e-08 4.0259704961001841e-01 4.0259704925773593e-01 3.5228248096430548e-10 8.0519412881365815e-01 8.0519409851547186e-01 3.0298186293187257e-08
889 8.6767578125000000e-01 3.9982022749967677e-01 3.9982019777637673e-01 2.9723300043471568e-08 3.9982019812617592e-01 3.9982019777637673e-01 3.4979918961397516e-10 7.9964042562585269e-01 7.9964039555275346e-01 3.0073099233085543e-08
890 8.6865234375000000e-01 3.9703961253537751e-01 3.9703958303504505e-01 2.9500332454635014e-08 3.9703958338228590e-01 3.9703958303504505e-01 3.4724084718718018e-10 7.9407919591766341e-01 7.9407916607009010e-01 2.9847573301822194e-08
891 8.6962890625000000e-01 3.9425526048281456e-01 3.9425523120594663e-01 2.9276867929972639e-08 3.9425523155068770e-01 3.9425523120594663e-01 3.4474106902493418e-10 7.8851049203350221e-01 7.8851046241189326e-01 2.9621608943486422e-08
892 8.7060546875000000e-01 3.9146719754948867e-01 3.9146716849646096e-01 2.9053027705838730e-08 3.9146716883864002e-01 3.9146716849646096e-01 3.4217906286215793e-10 7.8293436638812874e-01 7.8293433699292192e-01 2.9395206824212039e-08
893 8.7158203125000000e-01 3.8867544997754189e-01 3.8867542114889564e-01 2.8828646247980316e-08 3.8867542148861906e-01 3.8867542114889564e-01 3.3972341606514078e-10 7.7735087146616100e-01 7.7735084229779128e-01 2.9168369719556608e-08
894 8.7255859375000000e-01 3.8588004404416909e-01 3.8588001544024070e-01 2.8603928392545441e-08 3.8588001577740988e-01 3.8588001544024070e-01 3.3716918146353692e-10 7.7176005982157903e-01 7.7176003088048140e-01 2.8941097629520129e-08
895 8.7353515625000000e-01 3.8308100606065559e-01 3.8308097768191901e-01 2.8378736582901354e-08 3.8308097801657431e-01 3.8308097768191901e-01 3.3465530346887817e-10 7.6616198407722991e-01 7.6616195536383802e-01 2.8713391886370232e-08
896 8.7451171875000000e-01 3.8027836237265483e-01 3.8027833421953988e-01 2.8153114950413283e-08 3.8027833455167953e-01 3.8027833421953988e-01 3.3213964911738003e-10 7.6055669692433436e-01 7.6055666843907976e-01 2.8485254599530663e-08
897 8.7548828125000000e-01 3.7747213935977530e-01 3.7747211143265053e-01 2.7927124779392187e-08 3.7747211176221296e-01 3.7747211143265053e-01 3.2956243289916642e-10 7.5494425112198826e-01 7.5494422286530105e-01 2.8256687212291354e-08
898 8.7646484375000000e-01 3.7466236343516762e-01 3.7466233573448943e-01 2.7700678195685668e-08 3.7466233606150118e-01 3.7466233573448943e-01 3.2701175101124136e-10 7.4932469949666880e-01 7.4932467146897885e-01 2.8027689946696910e-08
899 8.7744140625000000e-01 3.7184906104554832e-01 3.7184903357173504e-01 2.7473813279943471e-08 3.7184903389618668e-01 3.7184903357173504e-01 3.2445163222760698e-10 7.4369809494173500e-01 7.4369806714347009e-01 2.7798264912171078e-08
900 8.7841796875000000e-01 3.6903225867078876e-01 3.6903223142425895e-01 2.7246529810120990e-08 3.6903223174614197e-01 3.6903223142425895e-01 3.2188302023783422e-10 7.3806449041693067e-01 7.3806446284851790e-01 2.7568412774847673e-08
901 8.7939453125000000e-01 3.6621198282368250e-01 3.6621195580487514e-01 2.7018807358114572e-08 3.6621195612420449e-01 3.6621195580487514e-01 3.1932934074774266e-10 7.3242393894788704e-01 7.3242391160975029e-01 2.7338136754373465e-08
902 8.8037109375000000e-01 3.6338826004976627e-01 3.6338823325909281e-01 2.6790673457455227e-08 3.6338823357585565e-01 3.6338823325909281e-01 3.1676283818171669e-10 7.2677649362562191e-01 7.2677646651818562e-01 2.7107436295636944e-08
903 8.8134765625000000e-01 3.6056111692699444e-01 3.6056109036486345e-01 2.6562130994722821e-08 3.6056109067904668e-01 3.6056109036486345e-01 3.1418323498400014e-10 7.2112220760604107e-01 7.2112218072972689e-01 2.6876314174195670e-08
904 8.8232421875000000e-01 3.5773058006548292e-01 3.5773055373233231e-01 2.6333150604518352e-08 3.5773055404395360e-01 3.5773055373233231e-01 3.1162128433237513e-10 7.1546113410943657e-01 7.1546110746466463e-01 2.6644771944361878e-08
905 8.8330078125000000e-01 3.5489667610737746e-01 3.5489665000358905e-01 2.6103788408615713e-08 3.5489665031261047e-01 3.5489665000358905e-01 3.0902141956445917e-10 7.0979332641998794e-01 7.0979330000717811e-01 2.6412809828180173e-08
906 8.8427734375000000e-01 3.5205943172640752e-01 3.5205940585241435e-01 2.5873993170222320e-08 3.5205940615885128e-01 3.5205940585241435e-01 3.0643693138543426e-10 7.0411883788525875e-01 7.0411881170482871e-01 2.6180430046096603e-08
907 8.8525390625000000e-01 3.4921887362778753e-01 3.4921884798403080e-01 2.5643756729198941e-08 3.4921884828790867e-01 3.4921884798403080e-01 3.0387786731367328e-10 6.9843772191569620e-01 6.9843769596806160e-01 2.5947634596512614e-08
908 8.8623046875000000e-01 3.4637502854797331e-01 3.4637500313485042e-01 2.5413122883843897e-08 3.4637500343615302e-01 3.4637500313485042e-01 3.0130259398575276e-10 6.9275003198412632e-01 6.9275000626970085e-01 2.5714425477829650e-08
909 8.8720703125000000e-01 3.4352792325432524e-01 3.4352789807222484e-01 2.5182100404919083e-08 3.4352789837092779e-01 3.4352789807222484e-01 2.9870295126244173e-10 6.8705582162525303e-01 6.8705579614444967e-01 2.5480803356181525e-08
910 8.8818359375000000e-01 3.4067758454488317e-01 3.4067755959419083e-01 2.4950692345537817e-08 3.4067755989026927e-01 3.4067755959419083e-01 2.9607843954337909e-10 6.8135514443515244e-01 6.8135511918838165e-01 2.5246770785081196e-08
911 8.8916015625000000e-01 3.3782403924813165e-01 3.3782401452921962e-01 2.4718912028376394e-08 3.3782401482263663e-01 3.3782401452921962e-01 2.9341701290874767e-10 6.7564805407076833e-01 6.7564802905843924e-01 2.5012329096796293e-08
912 8.9013671875000000e-01 3.3496731422258463e-01 3.3496728973596385e-01 2.4486620786579039e-08 3.3496729002682452e-01 3.3496728973596385e-01 2.9086066888339701e-10 6.6993460424940920e-01 6.6993457947192769e-01 2.4777481510973587e-08
913 8.9111328125000000e-01 3.3210743635697354e-01 3.3210741210300587e-01 2.4253967667586807e-08 3.3210741239126557e-01 3.3210741210300587e-01 2.8825969389245643e-10 6.6421484874823911e-01 6.6421482420601174e-01 2.4542227361479263e-08
914 8.9208984375000000e-01 3.2924443256956049e-01 3.2924440854860293e-01 2.4020957556381006e-08 3.2924440883421457e-01 3.2924440854860293e-01 2.8561164544527173e-10 6.5848884140377506e-01 6.5848881709720586e-01 2.4306569201826278e-08
915 8.9306640625000000e-01 3.2637832980794268e-01 3.2637830602043438e-01 2.3787508296457816e-08 3.2637830630343612e-01 3.2637830602043438e-01 2.8300173315898292e-10 6.5275663611137880e-01 6.5275661204086877e-01 2.4070510029616798e-08
916 8.9404296875000000e-01 3.2350915504908540e-01 3.2350913149534949e-01 2.3553735906123308e-08 3.2350913177566304e-01 3.2350913149534949e-01 2.8031355014945802e-10 6.4701828682474849e-01 6.4701826299069898e-01 2.3834049511783917e-08
917 8.9501953125000000e-01 3.2063693529855974e-01 3.2063691197911126e-01 2.3319448483327676e-08 3.2063691225685309e-01 3.2063691197911126e-01 2.7774182953521631e-10 6.4127384755541283e-01 6.4127382395822252e-01 2.3597190312862892e-08
918 8.9599609375000000e-01 3.1776169759099010e-01 3.1776167450614373e-01 2.3084846367815715e-08 3.1776167478123296e-01 3.1776167450614373e-01 2.7508922917363066e-10 6.3552337237222312e-01 6.3552334901228746e-01 2.3359935652500496e-08
919 8.9697265625000000e-01 3.1488346898912811e-01 3.1488344613927655e-01 2.2849851566419943e-08 3.1488344641171218e-01 3.1488344613927655e-01 2.7243562961132284e-10 6.2976691540084029e-01 6.2976689227855309e-01 2.3122287196031266e-08
920 8.9794921875000000e-01 3.1200227658394808e-01 3.1200225396949210e-01 2.2614455974512282e-08 3.1200225423928235e-01 3.1200225396949210e-01 2.6979024569939725e-10 6.2400453082323049e-01 6.2400450793898421e-01 2.2884246275722830e-08
921 8.9892578125000000e-01 3.0911814749435257e-01 3.0911812511566789e-01 2.2378684683133088e-08 3.0911812538279865e-01 3.0911812511566789e-01 2.6713076195505892e-10 6.1823627287715122e-01 6.1823625023133577e-01 2.2645815445088147e-08
922 8.9990234375000000e-01 3.0623110886687854e-01 3.0623108672432320e-01 2.2142555344828452e-08 3.0623108698876417e-01 3.0623108672432320e-01 2.6444096912214832e-10 6.1246219585564265e-01 6.1246217344864640e-01 2.2406996258439449e-08
923 9.0087890625000000e-01 3.0334118787538494e-01 3.0334116596936250e-01 2.1906022440454365e-08 3.0334116623113172e-01 3.0334116596936250e-01 2.6176921741338788e-10 6.0668235410651672e-01 6.0668233193872501e-01 2.2167791713378904e-08
924 9.0185546875000000e-01 3.0044841172090236e-01 3.0044839005182133e-01 2.1669081029518367e-08 3.0044839031094389e-01 3.0044839005182133e-01 2.5912255674498397e-10 6.0089680203184626e-01 6.0089678010364267e-01 2.1928203586263351e-08
925 9.0283203125000000e-01 2.9755280763134856e-01 2.9755278619960790e-01 2.1431740659938470e-08 2.9755278645610084e-01 2.9755278619960790e-01 2.5649293800000805e-10 5.9510559408744945e-01 5.9510557239921580e-01 2.1688233653449629e-08
926 9.0380859375000000e-01 2.9465440286136874e-01 2.9465438166724811e-01 2.1194120625178670e-08 2.9465438192101151e-01 2.9465438166724811e-01 2.5376339918281587e-10 5.8930878478238025e-01 5.8930876333449622e-01 2.1447884024361485e-08
927 9.0478515625000000e-01 2.9175322469170167e-01 2.9175320373563002e-01 2.0956071655753306e-08 2.9175320398671450e-01 2.9175320373563002e-01 2.5108448653554660e-10 5.8350642867841618e-01 5.8350640747126004e-01 2.1207156142288852e-08
928 9.0576171875000000e-01 2.8884930042937174e-01 2.8884927971174479e-01 2.0717626947330814e-08 2.8884927996017057e-01 2.8884927971174479e-01 2.4842577994732551e-10 5.7769858038954225e-01 5.7769855942348958e-01 2.0966052671766988e-08
929 9.0673828125000000e-01 2.8594265740724961e-01 2.8594263692843142e-01 2.0478818196778548e-08 2.8594263717418988e-01 2.8594263692843142e-01 2.4575846913066357e-10 5.7188529458143944e-01 5.7188527385686283e-01 2.0724576610398060e-08
930 9.0771484375000000e-01 2.8303332298380635e-01 2.8303330274411825e-01 2.0239688092171804e-08 2.8303330298716178e-01 2.8303330274411825e-01 2.4304352974624521e-10 5.6606662597096813e-01 5.6606660548823651e-01 2.0482731621918049e-08
931 9.0869140625000000e-01 2.8012132454278438e-01 2.8012130454256756e-01 2.0000216816029592e-08 2.8012130478286845e-01 2.8012130454256756e-01 2.4030089029736246e-10 5.6024262932565283e-01 5.6024260908513512e-01 2.0240517706326955e-08
932 9.0966796875000000e-01 2.7720668949295363e-01 2.7720666973261487e-01 1.9760338754171158e-08 2.7720666997021465e-01 2.7720666973261487e-01 2.3759977318960068e-10 5.5441335946316828e-01 5.5441333946522975e-01 1.9997938527360759e-08
933 9.1064453125000000e-01 2.7428944526800125e-01 2.7428942574791321e-01 1.9520088045954509e-08 2.7428942598282180e-01 2.7428942574791321e-01 2.3490859257790930e-10 5.4857887125082305e-01 5.4857885149582641e-01 1.9754996638532418e-08
934 9.1162109375000000e-01 2.7136961932618081e-01 2.7136960004667349e-01 1.9279507323943790e-08 2.7136960027886176e-01 2.7136960004667349e-01 2.3218826861182151e-10 5.4273921960504257e-01 5.4273920009334697e-01 1.9511695592555611e-08
935 9.1259765625000000e-01 2.6844723914999491e-01 2.6844722011140804e-01 1.9038586873687535e-08 2.6844722034085711e-01 2.6844722011140804e-01 2.2944907085431510e-10 5.3689445949085202e-01 5.3689444022281607e-01 1.9268035944541850e-08
936 9.1357421875000000e-01 2.6552233224597860e-01 2.6552231344866944e-01 1.8797309153661956e-08 2.6552231367538026e-01 2.6552231344866944e-01 2.2671081678637961e-10 5.3104464592135892e-01 5.3104462689733889e-01 1.9024020025959487e-08
937 9.1455078125000000e-01 2.6259492614436064e-01 2.6259490758879273e-01 1.8555567915523596e-08 2.6259490781287620e-01 2.6259490758879273e-01 2.2408347399860418e-10 5.2518983395723684e-01 5.2518981517758545e-01 1.8779651389522201e-08
938 9.1552734375000000e-01 2.5966504839926308e-01 2.5966503008563752e-01 1.8313625560484326e-08 2.5966503030694355e-01 2.5966503008563752e-01 2.2130602905789942e-10 5.1933007870620662e-01 5.1933006017127503e-01 1.8534931589542225e-08
939 9.1650390625000000e-01 2.5673272658762181e-01 2.5673270851632635e-01 1.8071295460053705e-08 2.5673270873489495e-01 2.5673270851632635e-01 2.1856860765723241e-10 5.1346543532251676e-01 5.1346541703265269e-01 1.8289864067710937e-08
940 9.1748046875000000e-01 2.5379798830959166e-01 2.5379797048098651e-01 1.7828605147762744e-08 2.5379797069683252e-01 2.5379797048098651e-01 2.1584600773394413e-10 5.0759595900642418e-01 5.0759594096197302e-01 1.8044451155496688e-08
941 9.1845703125000000e-01 2.5086086118813788e-01 2.5086084360248972e-01 1.7585648159901268e-08 2.5086084381553853e-01 2.5086084360248972e-01 2.1304880082340105e-10 5.0172170500367641e-01 5.0172168720497945e-01 1.7798696960724669e-08
942 9.1943359375000000e-01 2.4792137286851046e-01 2.4792135552619368e-01 1.7342316777080313e-08 2.4792135573648016e-01 2.4792135552619368e-01 2.1028648267140682e-10 4.9584272860499062e-01 4.9584271105238736e-01 1.7552603259751720e-08
943 9.2041015625000000e-01 2.4497955101832952e-01 2.4497953391967911e-01 1.7098650412217253e-08 2.4497953412720144e-01 2.4497953391967911e-01 2.0752233265142195e-10 4.8995908514553099e-01 4.8995906783935822e-01 1.7306172772624251e-08
944 9.2138671875000000e-01 2.4203542332715042e-01 2.4203540647249142e-01 1.6854659001808159e-08 2.4203540667724083e-01 2.4203540647249142e-01 2.0474941186954254e-10 4.8407083000439122e-01 4.8407081294498283e-01 1.7059408385922126e-08
945 9.2236328125000000e-01 2.3908901750617872e-01 2.3908900089587898e-01 1.6610299746755430e-08 2.3908900109789347e-01 2.3908900089587898e-01 2.0201448847068093e-10 4.7817801860407216e-01 4.7817800179175796e-01 1.6812314207470536e-08
946 9.2333984375000000e-01 2.3614036128819194e-01 2.3614034492253402e-01 1.6365657912187359e-08 2.3614034512176743e-01 2.3614034492253402e-01 1.9923340754957053e-10 4.7228070640995934e-01 4.7228068984506805e-01 1.6564891291981354e-08
947 9.2431640625000000e-01 2.3318948242700033e-01 2.3318946630632917e-01 1.6120671159081112e-08 2.3318946650280156e-01 2.3318946630632917e-01 1.9647239390963023e-10 4.6637894892980192e-01 4.6637893261265834e-01 1.6317143580746318e-08
948 9.2529296875000000e-01 2.3023640869747877e-01 2.3023639282205735e-01 1.5875421421895908e-08 2.3023639301571103e-01 2.3023639282205735e-01 1.9365367642798503e-10 4.6047280171318983e-01 4.6047278564411470e-01 1.6069075126079468e-08
949 9.2626953125000000e-01 2.2728116789496763e-01 2.2728115226517173e-01 1.5629795901972443e-08 2.2728115245606378e-01 2.2728115226517173e-01 1.9089205216538119e-10 4.5456232035103139e-01 4.5456230453034346e-01 1.5820687926382249e-08
950 9.2724609375000000e-01 2.2432378783544374e-01 2.2432377245152149e-01 1.5383922247202975e-08 2.2432377263958406e-01 2.2432377245152149e-01 1.8806256552039713e-10 4.4864756047502780e-01 4.4864754490304298e-01 1.5571984812723372e-08
951 9.2822265625000000e-01 2.2136429635478541e-01 2.2136428121709176e-01 1.5137693654132534e-08 2.2136428140236736e-01 2.2136428121709176e-01 1.8527560041725621e-10 4.4272857775715280e-01 4.4272856243418351e-01 1.5322969282305365e-08
952 9.2919921875000000e-01 2.1840272130892080e-01 2.1840270641774073e-01 1.4891180066811671e-08 2.1840270660020608e-01 2.1840270641774073e-01 1.8246534838617379e-10 4.3680542790912691e-01 4.3680541283548147e-01 1.5073645442953421e-08
953 9.3017578125000000e-01 2.1543909057328803e-01 2.1543907592893913e-01 1.4644348900194615e-08 2.1543907610860441e-01 2.1543907592893913e-01 1.7966528265134230e-10 4.3087816668189244e-01 4.3087815185787826e-01 1.4824014182845957e-08
954 9.3115234375000000e-01 2.1247343204272376e-01 2.1247341764550545e-01 1.4397218306427817e-08 2.1247341782236703e-01 2.1247341764550545e-01 1.7686158093610516e-10 4.2494684986509079e-01 4.2494683529101090e-01 1.4574079887363922e-08
955 9.3212890625000000e-01 2.0950577363114378e-01 2.0950575948134487e-01 1.4149798915896739e-08 2.0950575965539187e-01 2.0950575948134487e-01 1.7404699903522669e-10 4.1901153328653562e-01 4.1901151896268973e-01 1.4323845887176390e-08
956 9.3310546875000000e-01 2.0653614327128980e-01 2.0653612936918586e-01 1.3902103940255373e-08 2.0653612954039799e-01 2.0653612936918586e-01 1.7121212780857320e-10 4.1307227281168779e-01 4.1307225873837172e-01 1.4073316068063946e-08
957 9.3408203125000000e-01 2.0356456891440769e-01 2.0356455526031883e-01 1.3654088859560432e-08 2.0356455542872226e-01 2.0356455526031883e-01 1.6840343008972525e-10 4.0712912434312998e-01 4.0712911052063766e-01 1.3822492317405732e-08
958 9.3505859375000000e-01 2.0059107853016478e-01 2.0059106512433064e-01 1.3405834137225625e-08 2.0059106528987580e-01 2.0059106512433064e-01 1.6554516091282778e-10 4.0118214382004058e-01 4.0118213024866128e-01 1.3571379298138453e-08
959 9.3603515625000000e-01 1.9761570010611296e-01 1.9761568694884241e-01 1.3157270550845368e-08 1.9761568711155308e-01 1.9761568694884241e-01 1.6271067826423291e-10 3.9523138721766604e-01 3.9523137389768481e-01 1.3319981229109601e-08
960 9.3701171875000000e-01 1.9463846164768453e-01 1.9463844873924757e-01 1.2908436958225522e-08 1.9463844889911017e-01 1.9463844873924757e-01 1.5986259538358638e-10 3.8927691054679470e-01 3.8927689747849514e-01 1.3068299553609108e-08
961 9.3798828125000000e-01 1.9165939117777589e-01 1.9165937851844561e-01 1.2659330278497194e-08 1.9165937867545405e-01 1.9165937851844561e-01 1.5700843403188003e-10 3.8331876985322993e-01 3.8331875703689122e-01 1.2816338712529074e-08
962 9.3896484375000000e-01 1.8867851673652869e-01 1.8867850432658004e-01 1.2409948652036817e-08 1.8867850448073348e-01 1.8867850432658004e-01 1.5415344001290521e-10 3.7735702121726217e-01 3.7735700865316008e-01 1.2564102092049723e-08
963 9.3994140625000000e-01 1.8569586638107530e-01 1.8569585422077350e-01 1.2160301793295858e-08 1.8569585437206612e-01 1.8569585422077350e-01 1.5129261732305110e-10 3.7139172075314142e-01 3.7139170844154701e-01 1.2311594410618909e-08
964 9.4091796875000000e-01 1.8271146818527156e-01 1.8271145627486565e-01 1.1910405911530475e-08 1.8271145642327752e-01 1.8271145627486565e-01 1.4841186612990498e-10 3.6542292460854908e-01 3.6542291254973130e-01 1.2058817777660380e-08
965 9.4189453125000000e-01 1.7972535023938410e-01 1.7972533857914613e-01 1.1660237969612908e-08 1.7972533872468466e-01 1.7972533857914613e-01 1.4553852567544823e-10 3.5945068896406873e-01 3.5945067715829226e-01 1.1805776467532780e-08
966 9.4287109375000000e-01 1.7673754064989405e-01 1.7673752924009148e-01 1.1409802574968708e-08 1.7673752938276413e-01 1.7673752924009148e-01 1.4267265147083208e-10 3.5347507003265821e-01 3.5347505848018296e-01 1.1552475254195116e-08
967 9.4384765625000000e-01 1.7374806753922251e-01 1.7374805638010199e-01 1.1159120516524013e-08 1.7374805651989708e-01 1.7374805638010199e-01 1.3979509216888175e-10 3.4749612405911956e-01 3.4749611276020398e-01 1.1298915580937319e-08
968 9.4482421875000000e-01 1.7075695904542343e-01 1.7075694813723430e-01 1.0908189129743562e-08 1.7075694827414759e-01 1.7075694813723430e-01 1.3691328626386223e-10 3.4151390731957099e-01 3.4151389627446860e-01 1.1045102388251848e-08
969 9.4580078125000000e-01 1.6776424332197032e-01 1.6776423266493834e-01 1.0657031979111053e-08 1.6776423279894598e-01 1.6776423266493834e-01 1.3400763831938889e-10 3.3552847612091630e-01 3.3552846532987668e-01 1.0791039617430442e-08
970 9.4677734375000000e-01 1.6476994853738944e-01 1.6476993813179153e-01 1.0405597911100628e-08 1.6476993826292535e-01 1.6476993813179153e-01 1.3113382602014667e-10 3.2953988680031476e-01 3.2953987626358305e-01 1.0536731709365199e-08
971 9.4775390625000000e-01 1.6177410287518962e-01 1.6177409272123519e-01 1.0153954427272183e-08 1.6177409284946145e-01 1.6177409272123519e-01 1.2822626294095585e-10 3.2354819572465110e-01 3.2354818544247038e-01 1.0282180717968714e-08
972 9.4873046875000000e-01 1.5877673453344357e-01 1.5877672463130688e-01 9.9021366939400224e-09 1.5877672475656168e-01 1.5877672463130688e-01 1.2525480652669785e-10 3.1755345929000522e-01 3.1755344926261375e-01 1.0027391472711145e-08
973 9.4970703125000000e-01 1.5577787172429444e-01 1.5577786207437658e-01 9.6499178647846406e-09 1.5577786219682682e-01 1.5577786207437658e-01 1.2245024438861662e-10 3.1155573392112124e-01 3.1155572414875315e-01 9.7723680814176817e-09
974 9.5068359375000000e-01 1.5277754267453270e-01 1.5277753327688040e-01 9.3976522952399222e-09 1.5277753339634337e-01 1.5277753327688040e-01 1.1946296729625772e-10 3.0555507607087606e-01 3.0555506655376080e-01 9.5171152625361799e-09
975 9.5166015625000000e-01 1.4977577562401623e-01 1.4977576647905647e-01 9.1449597616755085e-09 1.4977576659573205e-01 1.4977576647905647e-01 1.1667558585948257e-10 2.9955154221974828e-01 2.9955153295811293e-01 9.2616353475349911e-09
976 9.5263671875000000e-01 1.4677259882685767e-01 1.4677258993467668e-01 8.8921809915376571e-09 1.4677259004842907e-01 1.4677258993467668e-01 1.1375239639122015e-10 2.9354518887528674e-01 2.9354517986935336e-01 9.0059333879288772e-09
977 9.5361328125000000e-01 1.4376804055005218e-01 1.4376803191078200e-01 8.6392701881266021e-09 1.4376803202152572e-01 1.4376803191078200e-01 1.1074371975006159e-10 2.8753607257157787e-01 2.8753606382156399e-01 8.7500138801210881e-09
978 9.5458984375000000e-01 1.4076212907359106e-01 1.4076212068741772e-01 8.3861733390921955e-09 1.4076212079512399e-01 1.4076212068741772e-01 1.0770626057698962e-10 2.8152424986871505e-01 2.8152424137483545e-01 8.4938795996691852e-09
979 9.5556640625000000e-01 1.3775489269011254e-01 1.3775488455736454e-01 8.1327480028203780e-09 1.3775488466215252e-01 1.3775488455736454e-01 1.0478798384561117e-10 2.7550977735226506e-01 2.7550976911472908e-01 8.2375359866659892e-09
980 9.5654296875000000e-01 1.3474635970491358e-01 1.3474635182587436e-01 7.8790392266103737e-09 1.3474635192782122e-01 1.3474635182587436e-01 1.0194686761444416e-10 2.6949271163273480e-01 2.6949270365174871e-01 7.9809860942248179e-09
981 9.5751953125000000e-01 1.3173655843571858e-01 1.3173655081040248e-01 7.6253161007677761e-09 1.3173655090932188e-01 1.3173655081040248e-01 9.8919400448593819e-11 2.6347310934504042e-01 2.6347310162080495e-01 7.7242354734607943e-09
982 9.5849609375000000e-01 1.2872551721171674e-01 1.2872550984034326e-01 7.3713734838332101e-09 1.2872550993625653e-01 1.2872550984034326e-01 9.5913277320391899e-11 2.5745102714797330e-01 2.5745101968068651e-01 7.4672867889091776e-09
983 9.5947265625000000e-01 1.2571326437395694e-01 1.2571325725676061e-01 7.1171963322846921e-09 1.2571325734970923e-01 1.2571325725676061e-01 9.2948621022159728e-11 2.5142652172366620e-01 2.5142651451352122e-01 7.2101449810624274e-09
984 9.6044921875000000e-01 1.2269982827485898e-01 1.2269982141212307e-01 6.8627359073314409e-09 1.2269982150220138e-01 1.2269982141212307e-01 9.0078305925445079e-11 2.4539964977706036e-01 2.4539964282424614e-01 6.9528142132568860e-09
985 9.6142578125000000e-01 1.1968523727838991e-01 1.1968523067003600e-01 6.6083539057570917e-09 1.1968523075698155e-01 1.1968523067003600e-01 8.6945547983496851e-11 2.3937046803537146e-01 2.3937046134007200e-01 6.6952994537405885e-09
986 9.6240234375000000e-01 1.1666951975862934e-01 1.1666951340497650e-01 6.3536528399632530e-09 1.1666951348892717e-01 1.1666951340497650e-01 8.3950665863419260e-11 2.3333903324755650e-01 2.3333902680995300e-01 6.4376035058266723e-09
987 9.6337890625000000e-01 1.1365270410070667e-01 1.1365269800202349e-01 6.0986831834641819e-09 1.1365269808307242e-01 1.1365269800202349e-01 8.1048931455107720e-11 2.2730540218377909e-01 2.2730539600404698e-01 6.1797321149192896e-09
988 9.6435546875000000e-01 1.1063481870024180e-01 1.1063481285659209e-01 5.8436497168967705e-09 1.1063481293463252e-01 1.1063481285659209e-01 7.8040435225190663e-11 2.2126963163487434e-01 2.2126962571318418e-01 5.9216901659997490e-09
989 9.6533203125000000e-01 1.0761589196252240e-01 1.0761588637416752e-01 5.5883548760737867e-09 1.0761588644929272e-01 1.0761588637416752e-01 7.5125197729342119e-11 2.1523177841181512e-01 2.1523177274833505e-01 5.6634800738031288e-09
990 9.6630859375000000e-01 1.0459595230316039e-01 1.0459594697003513e-01 5.3331252608534996e-09 1.0459594704201734e-01 1.0459594697003513e-01 7.1982211857779532e-11 2.0919189934517773e-01 2.0919189394007026e-01 5.4051074727112791e-09
991 9.6728515625000000e-01 1.0157502814653555e-01 1.0157502306901474e-01 5.0775208065845234e-09 1.0157502313807072e-01 1.0157502306901474e-01 6.9055983153987199e-11 2.0315005128460628e-01 2.0315004613802948e-01 5.1465768036162984e-09
992 9.6826171875000000e-01 9.8553147927129076e-02 9.8553143105192170e-02 4.8219369053192906e-09 9.8553143171149063e-02 9.8553143105192170e-02 6.5956892725260730e-11 1.9710629109827815e-01 1.9710628621038434e-01 4.8878938119223392e-09
993 9.6923828125000000e-01 9.5530340087781121e-02 9.5530335521653409e-02 4.5661277120467858e-09 9.5530335584586623e-02 9.5530335521653409e-02 6.2933214195481924e-11 1.9106067567236773e-01 1.9106067104330682e-01 4.6290609123644799e-09
994 9.7021484375000000e-01 9.2506633080418774e-02 9.2506628770214205e-02 4.3102045682585910e-09 9.2506628830092946e-02 9.2506628770214205e-02 5.9878740854557577e-11 1.8501326191051171e-01 1.8501325754042841e-01 4.3700832952353608e-09
995 9.7119140625000000e-01 8.9482055365282490e-02 8.9482051311154095e-02 4.0541283941042394e-09 8.9482051367991561e-02 8.9482051311154095e-02 5.6837465289838462e-11 1.7896410673327406e-01 1.7896410262230819e-01 4.1109658732718657e-09
996 9.7216796875000000e-01 8.6456635410789143e-02 8.6456631612947574e-02 3.7978415690087530e-09 8.6456631666819730e-02 8.6456631612947574e-02 5.3872156735579324e-11 1.7291326707760887e-01 1.7291326322589515e-01 3.8517137257443324e-09
997 9.7314453125000000e-01 8.3430401693506837e-02 8.3430398151997945e-02 3.5415088917023496e-09 8.3430398202818917e-02 8.3430398151997945e-02 5.0820972430365430e-11 1.6686079989632574e-01 1.6686079630399589e-01 3.5923298502549272e-09
998 9.7412109375000000e-01 8.0403382697481512e-02 8.0403379412366624e-02 3.2851148884516235e-09 8.0403379460071644e-02 8.0403379412366624e-02 4.7705020489452465e-11 1.6080676215755316e-01 1.6080675882473325e-01 3.3328199089410759e-09
999 9.7509765625000000e-01 7.7375606914007841e-02 7.7375603885506405e-02 3.0285014357422924e-09 7.7375603930194312e-02 7.7375603885506405e-02 4.4687906153306756e-11 1.5475121084420215e-01 1.5475120777101281e-01 3.0731893418955991e-09
1000 9.7607421875000000e-01 7.4347102841812132e-02 7.4347100069994537e-02 2.7718175948932000e-09 7.4347100111617964e-02 7.4347100069994537e-02 4.1623426927372975e-11 1.4869420295343011e-01 1.4869420013998907e-01 2.8134410356983608e-09
1001 9.7705078125000000e-01 7.1317898986307304e-02 7.1317896471261896e-02 2.5150454080469231e-09 7.1317896509797155e-02 7.1317896471261896e-02 3.8535258317651255e-11 1.4263579549610444e-01 1.4263579294252379e-01 2.5535806524867866e-09
1002 9.7802734375000000e-01 6.8288023859487179e-02 6.8288021601326424e-02 2.2581607556082517e-09 6.8288021636778343e-02 6.8288021601326424e-02 3.5451919178086655e-11 1.3657604549626551e-01 1.3657604320265285e-01 2.2936126609085505e-09
1003 9.7900390625000000e-01 6.5257505979766733e-02 6.5257503978523840e-02 2.0012428936233562e-09 6.5257504010824099e-02 6.5257503978523840e-02 3.2300259689144184e-11 1.3051500999059085e-01 1.3051500795704768e-01 2.0335431671902882e-09
1004 9.7998046875000000e-01 6.2226373871385805e-02 6.2226372127241102e-02 1.7441447036636859e-09 6.2226372156471241e-02 6.2226372127241102e-02 2.9230139142466527e-11 1.2445274602785705e-01 1.2445274425448220e-01 1.7733748497450463e-09
1005 9.8095703125000000e-01 5.9194656064607394e-02 5.9194654577645126e-02 1.4869622685931283e-09 5.9194654603796061e-02 5.9194654577645126e-02 2.6150935583668655e-11 1.1838931066840346e-01 1.1838930915529025e-01 1.5131132041767970e-09
1006 9.8193359375000000e-01 5.6162381095161890e-02 5.6162379865416119e-02 1.2297457704923964e-09 5.6162379888433520e-02 5.6162379865416119e-02 2.3017400485603190e-11 1.1232476098359541e-01 1.1232475973083224e-01 1.2527631709779996e-09
1007 9.8291015625000000e-01 5.3129577503904284e-02 5.3129576531478075e-02 9.7242620900050980e-10 5.3129576551382195e-02 5.3129576531478075e-02 1.9904120018843230e-11 1.0625915405528648e-01 1.0625915306295615e-01 9.9233032901935303e-10
1008 9.8388671875000000e-01 5.0096273836723375e-02 5.0096273121731871e-02 7.1499150350318175e-10 5.0096273138558287e-02 5.0096273121731871e-02 1.6826415261128602e-11 1.0019254697528165e-01 1.0019254624346374e-01 7.3181791182541645e-10
1009 9.8486328125000000e-01 4.7062498644332602e-02 4.7062498186784006e-02 4.5754859623325927e-10 4.7062498200466922e-02 4.7062498186784006e-02 1.3682915911417126e-11 9.4124996844799524e-02 9.4124996373568012e-02 4.7123151214467640e-10
1010 9.8583984375000000e-01 4.4028280481710078e-02 4.4028280281679127e-02 2.0003095013709782e-10 4.4028280292224893e-02 4.4028280281679127e-02 1.0545765649627725e-11 8.8056560773934978e-02 8.8056560563358255e-02 2.1057672272561945e-10
1011 9.8681640625000000e-01 4.0993647908064076e-02 4.0993647965632603e-02 -5.7568526334872416e-11 4.0993647973057872e-02 4.0993647965632603e-02 7.4252687332077016e-12 8.1987295881121941e-02 8.1987295931265206e-02 -5.0143264540558619e-11
1012 9.8779296875000000e-01 3.7958629486552757e-02 3.7958629801759097e-02 -3.1520634019566174e-10 3.7958629806042761e-02 3.7958629801759097e-02 4.2836637015319923e-12 7.5917259292595518e-02 7.5917259603518195e-02 -3.1092267649412975e-10
1013 9.8876953125000000e-01 3.4923253783902271e-02 3.4923254356805440e-02 -5.7290316934910379e-10 3.4923254357951877e-02 3.4923254356805440e-02 1.1464371119096484e-12 6.9846508141854141e-02 6.9846508713610880e-02 -5.7175673917608805e-10
1014 9.8974609375000000e-01 3.1887549370273952e-02 3.1887550200880896e-02 -8.3060694433534366e-10 3.1887550198848251e-02 3.1887550200880896e-02 -2.0326448857410639e-12 6.3775099569122196e-02 6.3775100401761792e-02 -8.3263959615997862e-10
1015 9.9072265625000000e-01 2.8851544818819068e-02 2.8851545907189999e-02 -1.0883709315734347e-09 2.8851545901992688e-02 2.8851545907189999e-02 -5.1973113313064090e-12 5.7703090720811756e-02 5.7703091814379999e-02 -1.0935682429047411e-09
1016 9.9169921875000000e-01 2.5815268705582258e-02 2.5815270051760982e-02 -1.3461787240487411e-09 2.5815270043402880e-02 2.5815270051760982e-02 -8.3581024046264218e-12 5.1630538748985141e-02 5.1630540103521964e-02 -1.3545368229839205e-09
1017 9.9267578125000000e-01 2.2778749609175333e-02 2.2778751213178555e-02 -1.6040032219111211e-09 2.2778751201641290e-02 2.2778751213178555e-02 -1.1537264199557029e-11 4.5557500810816623e-02 4.5557502426357109e-02 -1.6155404861106781e-09
1018 9.9365234375000000e-01 1.9742016110461651e-02 1.9742017972314035e-02 -1.8618523840718826e-09 1.9742017957593054e-02 1.9742017972314035e-02 -1.4720981378335551e-11 3.9484034068054702e-02 3.9484035944628071e-02 -1.8765733689196651e-09
1019 9.9462890625000000e-01 1.6705096792333615e-02 1.6705098912058097e-02 -2.1197244827464434e-09 1.6705098894150269e-02 1.6705098912058097e-02 -1.7907827998264736e-11 3.3410195686483887e-02 3.3410197824116195e-02 -2.1376323072752612e-09
1020 9.9560546875000000e-01 1.3668020239429228e-02 1.3668022617049101e-02 -2.3776198735531162e-09 1.3668022595957414e-02 1.3668022617049101e-02 -2.1091687424368288e-11 2.7336042835386640e-02 2.7336045234098202e-02 -2.3987115627122080e-09
1021 9.9658203125000000e-01 1.0630815037903767e-02 1.0630817673405360e-02 -2.6355015930040748e-09 1.0630817649101662e-02 1.0630817673405360e-02 -2.4303697943039992e-11 2.1261632687005427e-02 2.1261635346810720e-02 -2.6598052926818383e-09
1022 9.9755859375000000e-01 7.5935097750527564e-03 7.5935126684573947e-03 -2.8934046382780854e-09 7.5935126409516964e-03 7.5935126684573947e-03 -2.7505698239893572e-11 1.5187022416004453e-02 1.5187025336914789e-02 -2.9209103365179789e-09
1023 9.9853515625000000e-01 4.5561330390879277e-03 4.5561361904762222e-03 -3.1513882944173011e-09 4.5561361598436172e-03 4.5561361904762222e-03 -3.0632604959557330e-11 9.1122691989315441e-03 9.1122723809524443e-03 -3.1820209002442201e-09
1024 9.9951171875000000e-01 1.5187134172180556e-03 1.5187168284060311e-03 -3.4111879755344826e-09 1.5187167964619659e-03 1.5187168284060311e-03 -3.1944065231534480e-11 3.0374302136800214e-03 3.0374336568120622e-03 -3.4431320407660171e-09
