# P x u_num u_exact u_err v_num v_exact v_err psi_num psi_exact psi_err
1 9.7656250000000000e-04 3.0374029016934350e-03 3.0374300831241007e-03 -2.7181430665729894e-08 3.0374298296350325e-03 3.0374300831241007e-03 -2.5348906827760143e-10 6.0748327313284670e-03 6.0748601662482015e-03 -2.7434919734441177e-08
2 2.9296875000000000e-03 9.1121510049082637e-03 9.1121758918464354e-03 -2.4886938171722606e-08 9.1121756528599190e-03 9.1121758918464354e-03 -2.3898651634046697e-10 1.8224326657768183e-02 1.8224351783692871e-02 -2.5125924688063073e-08
3 4.8828125000000000e-03 1.5186556025347103e-02 1.5186578632296664e-02 -2.2606949560619038e-08 1.5186578422166768e-02 1.5186578632296664e-02 -2.1012989612212429e-10 3.0373134447513869e-02 3.0373157264593328e-02 -2.2817079458475886e-08
4 6.8359375000000000e-03 2.1260389278822983e-02 2.1260409606644878e-02 -2.0327821894511322e-08 2.1260409425837765e-02 2.1260409606644878e-02 -1.8080711233769975e-10 4.2520798704660745e-02 4.2520819213289755e-02 -2.0508629010318469e-08
5 8.7890625000000000e-03 2.7333422089428315e-02 2.7333440138587829e-02 -1.8049159514199609e-08 2.7333439986929515e-02 2.7333440138587829e-02 -1.5165831437902177e-10 5.4666862076357833e-02 5.4666880277175658e-02 -1.8200817825109183e-08
6 1.0742187500000000e-02 3.3405425810779592e-02 3.3405441581958482e-02 -1.5771178890622295e-08 3.3405441459247689e-02 3.3405441581958482e-02 -1.2271079291581444e-10 6.6810867270027274e-02 6.6810883163916965e-02 -1.5893889690477003e-08
7 1.2695312500000000e-02 3.9476171835209364e-02 3.9476185329334418e-02 -1.3494125053470363e-08 3.9476185235372066e-02 3.9476185329334418e-02 -9.3962351788157150e-11 7.8952357070581430e-02 7.8952370658668836e-02 -1.3588087405258520e-08
8 1.4648437500000000e-02 4.5545431602402701e-02 4.5545442820644724e-02 -1.1218242022825731e-08 4.5545442755233888e-02 4.5545442820644724e-02 -6.5410836469492750e-11 9.1090874357636589e-02 9.1090885641289449e-02 -1.1283652859295223e-08
9 1.6601562500000000e-02 5.1612976608008516e-02 5.1612985551775237e-02 -8.9437667202818538e-09 5.1612985514715458e-02 5.1612985551775237e-02 -3.7059778856818326e-11 1.0322596212272397e-01 1.0322597110355047e-01 -8.9808264991386721e-09
10 1.8554687500000000e-02 5.7678578412220613e-02 5.7678585083171481e-02 -6.6709508680928842e-09 5.7678585074275097e-02 5.7678585083171481e-02 -8.8963836297750731e-12 1.1535716348649572e-01 1.1535717016634296e-01 -6.6798472447837653e-09
11 2.0507812500000000e-02 6.3742008648416587e-02 6.3742013048439433e-02 -4.4000228460738811e-09 6.3742013067509651e-02 6.3742013048439433e-02 1.9070217627259467e-11 1.2748402171592624e-01 1.2748402609687887e-01 -4.3809526284466216e-09
12 2.2460937500000000e-02 6.9803039031708522e-02 6.9803041162943225e-02 -2.1312347026070100e-09 6.9803041209799938e-02 6.9803041162943225e-02 4.6856712954124191e-11 1.3960608024150845e-01 1.3960608232588645e-01 -2.0843780035306736e-09
13 2.4414062500000000e-02 7.5861441367594012e-02 7.5861441232400073e-02 1.3519393937677648e-10 7.5861441306849131e-02 7.5861441232400073e-02 7.4449058029557591e-11 1.5172288267444314e-01 1.5172288246480015e-01 2.0964299740633408e-10
14 2.6367187500000000e-02 8.1916987560488527e-02 8.1916985161471598e-02 2.3990169295551311e-09 8.1916985263333922e-02 8.1916985161471598e-02 1.0186232413111895e-10 1.6383397282382245e-01 1.6383397032294320e-01 2.5008792536862501e-09
15 2.8320312500000000e-02 8.7969449622360127e-02 8.7969444962351442e-02 4.6600086844872379e-09 8.7969445091444470e-02 8.7969444962351442e-02 1.2909302793406852e-10 1.7593889471380458e-01 1.7593888992470288e-01 4.7891016985435186e-09
16 3.0273437500000000e-02 9.4018599681288562e-02 9.4018592763348979e-02 6.9179395822960288e-09 9.4018592919493479e-02 9.4018592763348979e-02 1.5614450010748016e-10 1.8803719260078205e-01 1.8803718552669796e-01 7.0740840962812968e-09
17 3.2226562500000000e-02 1.0006420999004544e-01 1.0006420081746853e-01 9.1725769063577545e-09 1.0006420100049433e-01 1.0006420081746853e-01 1.8302580284679237e-10 2.0012841099053977e-01 2.0012840163493706e-01 9.3556027092045468e-09
18 3.4179687500000000e-02 1.0610605293468121e-01 1.0610604151098380e-01 1.1423697418577738e-08 1.0610604172072333e-01 1.0610604151098380e-01 2.0973953129832523e-10 2.1221209465540453e-01 2.1221208302196759e-01 1.1633436935998276e-08
19 3.6132812500000000e-02 1.1214390104310604e-01 1.1214388737200755e-01 1.3671098489376199e-08 1.1214388760827824e-01 1.1214388737200755e-01 2.3627069745124629e-10 2.2428778865138427e-01 2.2428777474401509e-01 1.3907369172949657e-08
20 3.8085937500000000e-02 1.1817752699360902e-01 1.1817751107905573e-01 1.5914553286311417e-08 1.1817751134168729e-01 1.1817751107905573e-01 2.6263155539218985e-10 2.3635503833529631e-01 2.3635502215811147e-01 1.6177184841703607e-08
21 4.0039062500000000e-02 1.2420670362346023e-01 1.2420668546960599e-01 1.8153854239311151e-08 1.2420668575842432e-01 1.2420668546960599e-01 2.8881833036287219e-10 2.4841338938188456e-01 2.4841337093921198e-01 1.8442672583551811e-08
22 4.1992187500000000e-02 1.3023120393742604e-01 1.3023118354865024e-01 2.0388775806567949e-08 1.3023118386349924e-01 1.3023118354865024e-01 3.1484900797629223e-10 2.6046238780092529e-01 2.6046236709730047e-01 2.0703624814544241e-08
23 4.3945312500000000e-02 1.3625080111635463e-01 1.3625077849724079e-01 2.2619113831945370e-08 1.3625077883796444e-01 1.3625077849724079e-01 3.4072364374360120e-10 2.7250157995431906e-01 2.7250155699448159e-01 2.2959837475688971e-08
24 4.5898437500000000e-02 1.4226526852571733e-01 1.4226524368103025e-01 2.4844687085412431e-08 1.4226524404745317e-01 1.4226524368103025e-01 3.6642291978417063e-10 2.8453051257317052e-01 2.8453048736206049e-01 2.5211110032952178e-08
25 4.7851562500000000e-02 1.4827437972407231e-01 1.4827435265880368e-01 2.7065268637382900e-08 1.4827435305078110e-01 1.4827435265880368e-01 3.9197742274232894e-10 2.9654873277485339e-01 2.9654870531760735e-01 2.7457246032369653e-08
26 4.9804687500000000e-02 1.5427790847169026e-01 1.5427787919100455e-01 2.9280685709398568e-08 1.5427787960837175e-01 1.5427787919100455e-01 4.1736719635920849e-10 3.0855578808006201e-01 3.0855575838200910e-01 2.9698052905757777e-08
27 5.1757812500000000e-02 1.6027562873898368e-01 1.6027559724825208e-01 3.1490731605687827e-08 1.6027559769086244e-01 1.6027559724825208e-01 4.4261036502568629e-10 3.2055122642984613e-01 3.2055119449650415e-01 3.1933341970713514e-08
28 5.3710937500000000e-02 1.6626731471507641e-01 1.6626728101985136e-01 3.3695225054586331e-08 1.6626728148755504e-01 1.6626728101985136e-01 4.6770368133941531e-10 3.3253459620263148e-01 3.3253456203970272e-01 3.4162928763681322e-08
29 5.5664062500000000e-02 1.7225274081629025e-01 1.7225270492229486e-01 3.5893995387059618e-08 1.7225270541493309e-01 1.7225270492229486e-01 4.9263823576062293e-10 3.4450544623122337e-01 3.4450540984458972e-01 3.6386633650575817e-08
30 5.7617187500000000e-02 1.7823168169460790e-01 1.7823164360775567e-01 3.8086852227614543e-08 1.7823164412518355e-01 1.7823164360775567e-01 5.1742787832154136e-10 3.5646332581979145e-01 3.5646328721551135e-01 3.8604280105936084e-08
31 5.9570312500000000e-02 1.8420391224619487e-01 1.8420387197257160e-01 4.0273623269637682e-08 1.8420387251464576e-01 1.8420387197257160e-01 5.4207416333440506e-10 3.6840778476084063e-01 3.6840774394514320e-01 4.0815697432972087e-08
32 6.1523437500000000e-02 1.9016920761987763e-01 1.9016916516572022e-01 4.2454157411775384e-08 1.9016916573228054e-01 1.9016916516572022e-01 5.6656032643154219e-10 3.8033837335215814e-01 3.8033833033144043e-01 4.3020717710451351e-08
33 6.3476562500000000e-02 1.9612734322551367e-01 1.9612729859728434e-01 4.4628229334264802e-08 1.9612729918823438e-01 1.9612729859728434e-01 5.9095003890341502e-10 3.9225464241374808e-01 3.9225459719456868e-01 4.5219179400923792e-08
34 6.5429687500000000e-02 2.0207809474265809e-01 2.0207804794690792e-01 4.6795750163752814e-08 2.0207804856208203e-01 2.0207804794690792e-01 6.1517410610001377e-10 4.0415614330474015e-01 4.0415609589381585e-01 4.7410924297608403e-08
35 6.7382812500000000e-02 2.0802123812878903e-01 2.0802118917224127e-01 4.8956547760159452e-08 2.0802118981149265e-01 2.0802118917224127e-01 6.3925137405718147e-10 4.1604242794028168e-01 4.1604237834448254e-01 4.9595799134216634e-08
36 6.9335937500000000e-02 2.1395654962783661e-01 2.1395649851737633e-01 5.1110460280723302e-08 2.1395649918057250e-01 2.1395649851737633e-01 6.6319616465193576e-10 4.2791304880840908e-01 4.2791299703475266e-01 5.1773656417619662e-08
37 7.1289062500000000e-02 2.1988380577861386e-01 2.1988375252127090e-01 5.3257342952361952e-08 2.1988375320827908e-01 2.1988375252127090e-01 6.8700817257294489e-10 4.3976755898689290e-01 4.3976750504254181e-01 5.3944351097179322e-08
38 7.3242187500000000e-02 2.2580278342322144e-01 2.2580272802616186e-01 5.5397059578465857e-08 2.2580272873684698e-01 2.2580272802616186e-01 7.1068512186300836e-10 4.5160551216006839e-01 4.5160545605232372e-01 5.6107744672573290e-08
39 7.5195312500000000e-02 2.3171325971541967e-01 2.3171320218596686e-01 5.7529452812676851e-08 2.3171320292021708e-01 2.3171320218596686e-01 7.3425021618334085e-10 4.6342646263563675e-01 4.6342640437193372e-01 5.8263703028860192e-08
40 7.7148437500000000e-02 2.3761501212910333e-01 2.3761495247467437e-01 5.9654428952171656e-08 2.3761495323234150e-01 2.3761495247467437e-01 7.5766712348546150e-10 4.7522996536144479e-01 4.7522990494934875e-01 6.0412096047901542e-08
41 7.9101562500000000e-02 2.4350781846655714e-01 2.4350775669472172e-01 6.1771835424551114e-08 2.4350775747568593e-01 2.4350775669472172e-01 7.8096420996764948e-10 4.8701557594224310e-01 4.8701551338944343e-01 6.2552799662274339e-08
42 8.1054687500000000e-02 2.4939145686690195e-01 2.4939139298536070e-01 6.3881541251253893e-08 2.4939139378951283e-01 2.4939139298536070e-01 8.0415213377094119e-10 4.9878285065641481e-01 4.9878278597072140e-01 6.4685693412780410e-08
43 8.3007812500000000e-02 2.5526570581448121e-01 2.5526563983101030e-01 6.5983470909358743e-08 2.5526564065820184e-01 2.5526563983101030e-01 8.2719153748911367e-10 5.1053134647268306e-01 5.1053127966202061e-01 6.6810662446847857e-08
44 8.4960937500000000e-02 2.6113034414707431e-01 2.6113027606959699e-01 6.8077477322070479e-08 2.6113027691971530e-01 2.6113027606959699e-01 8.5011830908143793e-10 5.2226062106678961e-01 5.2226055213919398e-01 6.8927595631151917e-08
45 8.6914062500000000e-02 2.6698515106434334e-01 2.6698508090088113e-01 7.0163462206895844e-08 2.6698508177380642e-01 2.6698508090088113e-01 8.7292528760940513e-10 5.3397023283814971e-01 5.3397016180176227e-01 7.1036387438994097e-08
46 8.8867187500000000e-02 2.7282990613608871e-01 2.7282983389476989e-01 7.2241318815891020e-08 2.7282983479038814e-01 2.7282983389476989e-01 8.9561824623274333e-10 5.4565974092647684e-01 5.4565966778953978e-01 7.3136937062123764e-08
47 9.0820312500000000e-02 2.7866438931057913e-01 2.7866431499961658e-01 7.4310962550061532e-08 2.7866431591780183e-01 2.7866431499961658e-01 9.1818525005393781e-10 5.5732870522838096e-01 5.5732862999923316e-01 7.5229147800115470e-08
48 9.2773437500000000e-02 2.8448838092277712e-01 2.8448830455050528e-01 7.6372271839986183e-08 2.8448830549116094e-01 2.8448830455050528e-01 9.4065566447198989e-10 5.6897668641393806e-01 5.6897660910101056e-01 7.7312927504458173e-08
49 9.4726562500000000e-02 2.9030166170271632e-01 2.9030158327752104e-01 7.8425195282338933e-08 2.9030158424051489e-01 2.9030158327752104e-01 9.6299385132780912e-10 5.8060324594323121e-01 5.8060316655504207e-01 7.9388189133666742e-08
50 9.6679687500000000e-02 2.9610401278362203e-01 2.9610393231400556e-01 8.0469616470235650e-08 2.9610393329923851e-01 2.9610393231400556e-01 9.8523295077868056e-10 5.9220794608286054e-01 5.9220786462801112e-01 8.1454849421014330e-08
51 9.8632812500000000e-02 3.0189521571027933e-01 3.0189513320479699e-01 8.2505482335015756e-08 3.0189513421214498e-01 3.0189513320479699e-01 1.0073479828065501e-09 6.0379034992242431e-01 6.0379026640959399e-01 8.3512830317822306e-08
52 1.0058593750000000e-01 3.0767505244715426e-01 3.0767496791445514e-01 8.4532699118344823e-08 3.0767496894381341e-01 3.0767496791445514e-01 1.0293582652920463e-09 6.1535002139096773e-01 6.1534993582891029e-01 8.5562057439148020e-08
53 1.0253906250000000e-01 3.1344330538667459e-01 3.1344321883546994e-01 8.6551204647733471e-08 3.1344321988672602e-01 3.1344321883546994e-01 1.0512560821851480e-09 6.2688652527340061e-01 6.2688643767093988e-01 8.7602460729918619e-08
54 1.0449218750000000e-01 3.1919975735737144e-01 3.1919966879645439e-01 8.8560917044233634e-08 3.1919966986951265e-01 3.1919966879645439e-01 1.0730582533646782e-09 6.3839942722688403e-01 6.3839933759290879e-01 8.9633975242087160e-08
55 1.0644531250000000e-01 3.2494419163211130e-01 3.2494410107032101e-01 9.0561790289100941e-08 3.2494410216506997e-01 3.2494410107032101e-01 1.0947489581525360e-09 6.4988829379718127e-01 6.4988820214064202e-01 9.1656539247253477e-08
56 1.0839843750000000e-01 3.3067639193621312e-01 3.3067629938244147e-01 9.2553771646741723e-08 3.3067630049876540e-01 3.3067629938244147e-01 1.1163239221900767e-09 6.6135269243497852e-01 6.6135259876488295e-01 9.3670095568931799e-08
57 1.1035156250000000e-01 3.3639614245558069e-01 3.3639604791878924e-01 9.4536791450661184e-08 3.3639604905658838e-01 3.3639604791878924e-01 1.1377991326888548e-09 6.7279219151216907e-01 6.7279209583757849e-01 9.5674590583350039e-08
58 1.1230468750000000e-01 3.4210322784485780e-01 3.4210313133406467e-01 9.6510793134996220e-08 3.4210313249324625e-01 3.4210313133406467e-01 1.1591815840539255e-09 6.8420636033810411e-01 6.8420626266812934e-01 9.7669974774561297e-08
59 1.1425781250000000e-01 3.4779743323556511e-01 3.4779733475980279e-01 9.8475762322358662e-08 3.4779733594024315e-01 3.4779733475980279e-01 1.1804403565740529e-09 6.9559476917580820e-01 6.9559466951960558e-01 9.9656202623421564e-08
60 1.1621093750000000e-01 3.5347854424406910e-01 3.5347844381246302e-01 1.0043160608708135e-07 3.5347844501408915e-01 3.5347844381246302e-01 1.2016261319303112e-09 7.0695698925815820e-01 7.0695688762492603e-01 1.0163323216350051e-07
61 1.1816406250000000e-01 3.5914634697985193e-01 3.5914624460150069e-01 1.0237835124105032e-07 3.5914624582417415e-01 3.5914624460150069e-01 1.2226734624753988e-09 7.1829259280402602e-01 7.1829248920300137e-01 1.0360102464801457e-07
62 1.2011718750000000e-01 3.6480062805328956e-01 3.6480052373741928e-01 1.0431587027515121e-07 3.6480052498109433e-01 3.6480052373741928e-01 1.2436750518318718e-09 7.2960115303438389e-01 7.2960104747483856e-01 1.0555954532698308e-07
63 1.2207031250000000e-01 3.7044117458402248e-01 3.7044106833980517e-01 1.0624421731275646e-07 3.7044106960434975e-01 3.7044106833980517e-01 1.2645445801595656e-09 7.4088224418837223e-01 7.4088213667961034e-01 1.0750876189291603e-07
64 1.2402343750000000e-01 3.7606777420866239e-01 3.7606766604534236e-01 1.0816332002283602e-07 3.7606766733066777e-01 3.7606766604534236e-01 1.2853254016675919e-09 7.5213544153933021e-01 7.5213533209068473e-01 1.0944864548001476e-07
65 1.2597656250000000e-01 3.8168021508896222e-01 3.8168010501580718e-01 1.1007315503519521e-07 3.8168010632182425e-01 3.8168010501580718e-01 1.3060170722667408e-09 7.6336032141078647e-01 7.6336021003161436e-01 1.1137917210746195e-07
66 1.2792968750000000e-01 3.8727828591975394e-01 3.8727817394604463e-01 1.1197370930471351e-07 3.8727817527265312e-01 3.8727817394604463e-01 1.3266084897267660e-09 7.7455646119240706e-01 7.7455634789208927e-01 1.1330031779444028e-07
67 1.2988281250000000e-01 3.9286177593688815e-01 3.9286166207192352e-01 1.1386496462373330e-07 3.9286166341902362e-01 3.9286166207192352e-01 1.3471000981368775e-09 7.8572343935591182e-01 7.8572332414384705e-01 1.1521206477738133e-07
68 1.3183593750000000e-01 3.9843047492517730e-01 3.9843035917827174e-01 1.1574690556015454e-07 3.9843036054576175e-01 3.9843035917827174e-01 1.3674900101179333e-09 7.9686083547093900e-01 7.9686071835654348e-01 1.1711439551476133e-07
69 1.3378906250000000e-01 4.0398417322627256e-01 4.0398405560679063e-01 1.1761948193189653e-07 4.0398405699460543e-01 4.0398405560679063e-01 1.3878148075185948e-09 8.0796823022087794e-01 8.0796811121358125e-01 1.1900729668390397e-07
70 1.3574218750000000e-01 4.0952266174668633e-01 4.0952254226394857e-01 1.1948273775930218e-07 4.0952254367196733e-01 4.0952254226394857e-01 1.4080187571430258e-09 8.1904520541865367e-01 8.1904508452789715e-01 1.2089075651644521e-07
71 1.3769531250000000e-01 4.1504573196546712e-01 4.1504561062885337e-01 1.2133661375646199e-07 4.1504561205700496e-01 4.1504561062885337e-01 1.4281515969827296e-09 8.3009134402247209e-01 8.3009122125770674e-01 1.2276476535344472e-07
72 1.3964843750000000e-01 4.2055317594224512e-01 4.2055305276110277e-01 1.2318114234188826e-07 4.2055305420927752e-01 4.2055305276110277e-01 1.4481747467876005e-09 8.4110623015152264e-01 8.4110610552220555e-01 1.2462931708867586e-07
73 1.4160156250000000e-01 4.2604478632490383e-01 4.2604466130861329e-01 1.2501629054195718e-07 4.2604466277673070e-01 4.2604466130861329e-01 1.4681174054231860e-09 8.5208944910163453e-01 8.5208932261722659e-01 1.2648440794738036e-07
74 1.4355468750000000e-01 4.3152035635749747e-01 4.3152022951542690e-01 1.2684207056912200e-07 4.3152023100339076e-01 4.3152022951542690e-01 1.4879638632336878e-09 8.6304058736088818e-01 8.6304045903085380e-01 1.2833003437684454e-07
75 1.4550781250000000e-01 4.3697967988795905e-01 4.3697955122949550e-01 1.2865846354959132e-07 4.3697955273722838e-01 4.3697955122949550e-01 1.5077328829882219e-09 8.7395923262518749e-01 8.7395910245899100e-01 1.3016619648809069e-07
76 1.4746093750000000e-01 4.4242255137593689e-01 4.4242242091044209e-01 1.3046549479645009e-07 4.4242242243784330e-01 4.4242242091044209e-01 1.5274012055144226e-09 8.8484497381378024e-01 8.8484484182088419e-01 1.3199289605747566e-07
77 1.4941406250000000e-01 4.4784876590044631e-01 4.4784863363729971e-01 1.3226314660164107e-07 4.4784863518428780e-01 4.4784863363729971e-01 1.5469880931817670e-09 8.9569740108473406e-01 8.9569726727459942e-01 1.3381013463931168e-07
78 1.5136718750000000e-01 4.5325811916765696e-01 4.5325798511622578e-01 1.3405143117761753e-07 4.5325798668271300e-01 4.5325798511622578e-01 1.5664872177190148e-09 9.0651610585036990e-01 9.0651597023245156e-01 1.3561791833982539e-07
79 1.5332031250000000e-01 4.5865040751855252e-01 4.5865027168819472e-01 1.3583035779474173e-07 4.5865027327409053e-01 4.5865027168819472e-01 1.5858958035686044e-09 9.1730068079264304e-01 9.1730054337638944e-01 1.3741625359831033e-07
80 1.5527343750000000e-01 4.6402542793659463e-01 4.6402529033666484e-01 1.3759992978368274e-07 4.6402529194188225e-01 4.6402529033666484e-01 1.6052174034442146e-09 9.2805071987847687e-01 9.2805058067332968e-01 1.3920514718712695e-07
81 1.5722656250000000e-01 4.6938297805538642e-01 4.6938283869522190e-01 1.3936016451943090e-07 4.6938284031966515e-01 4.6938283869522190e-01 1.6244432465839509e-09 9.3876581837505158e-01 9.3876567739044381e-01 1.4098460776601485e-07
82 1.5917968750000000e-01 4.7472285616624421e-01 4.7472271505519836e-01 1.4111104584824119e-07 4.7472271669879806e-01 4.7472271505519836e-01 1.6435997007846481e-09 9.4944557286504228e-01 9.4944543011039673e-01 1.4275464554902584e-07
83 1.6113281250000000e-01 4.8004486122588658e-01 4.8004471837326734e-01 1.4285261923374648e-07 4.8004472003592025e-01 4.8004471837326734e-01 1.6626529042440552e-09 9.6008958126180688e-01 9.6008943674653469e-01 1.4451527219350169e-07
84 1.6308593750000000e-01 4.8534879286388172e-01 4.8534864827901197e-01 1.4458486974344709e-07 4.8534864996064075e-01 4.8534864827901197e-01 1.6816287806697972e-09 9.7069744282452253e-01 9.7069729655802395e-01 1.4626649857962803e-07
85 1.6503906250000000e-01 4.9063445139028483e-01 4.9063430508246908e-01 1.4630781575153406e-07 4.9063430678299208e-01 4.9063430508246908e-01 1.7005230001920779e-09 9.8126875817327686e-01 9.8126861016493816e-01 1.4800833869621499e-07
86 1.6699218750000000e-01 4.9590163780313301e-01 4.9590148978164733e-01 1.4802148567971685e-07 4.9590149150096724e-01 4.9590148978164733e-01 1.7193199086662503e-09 9.9180312930410031e-01 9.9180297956329466e-01 1.4974080564389425e-07
87 1.6894531250000000e-01 5.0115015379590422e-01 5.0115000407002008e-01 1.4972588413542098e-07 5.0115000580804892e-01 5.0115000407002008e-01 1.7380288319657211e-09 1.0023001596039531e+00 1.0023000081400402e+00 1.5146391296738670e-07
88 1.7089843750000000e-01 5.0637980176498443e-01 5.0637965034399057e-01 1.5142099385467844e-07 5.0637965210067137e-01 5.0637965034399057e-01 1.7566808008240287e-09 1.0127594538656557e+00 1.0127593006879811e+00 1.5317767454448017e-07
89 1.7285156250000000e-01 5.1159038481724728e-01 5.1159023171033280e-01 1.5310691448000568e-07 5.1159023348552590e-01 5.1159023171033280e-01 1.7751931036258384e-09 1.0231806183027732e+00 1.0231804634206656e+00 1.5488210758363152e-07
90 1.7480468750000000e-01 5.1678170677719126e-01 5.1678155199360298e-01 1.5478358827980543e-07 5.1678155378724056e-01 5.1678155199360298e-01 1.7936375718008435e-09 1.0335632605644318e+00 1.0335631039872060e+00 1.5657722585160627e-07
91 1.7675781250000000e-01 5.2195357219452909e-01 5.2195341574352661e-01 1.5645100248651289e-07 5.2195341755557145e-01 5.2195341574352661e-01 1.8120448475045237e-09 1.0439069897501005e+00 1.0439068314870532e+00 1.5826304733401741e-07
92 1.7871093750000000e-01 5.2710578635157912e-01 5.2710562824235685e-01 1.5810922227021962e-07 5.2710563007272127e-01 5.2710562824235685e-01 1.8303644155892584e-09 1.0542114164243004e+00 1.0542112564847137e+00 1.5993958668580888e-07
93 1.8066406250000000e-01 5.3223815527054685e-01 5.3223799551220508e-01 1.5975834177783810e-07 5.3223799736072286e-01 5.3223799551220508e-01 1.8485177832872068e-09 1.0644761526312698e+00 1.0644759910244102e+00 1.6160685967214761e-07
94 1.8261718750000000e-01 5.3735048572057886e-01 5.3735032432234442e-01 1.6139823444394352e-07 5.3735032618899237e-01 5.3735032432234442e-01 1.8666479473239406e-09 1.0747008119095711e+00 1.0747006486446888e+00 1.6326488228024516e-07
95 1.8457031250000000e-01 5.4244258522544297e-01 5.4244242219648475e-01 1.6302895822217778e-07 5.4244242408119703e-01 5.4244242219648475e-01 1.8847122751353140e-09 1.0848850093066400e+00 1.0848848443929695e+00 1.6491367049731309e-07
96 1.8652343750000000e-01 5.4751426207061837e-01 5.4751409742001889e-01 1.6465059948789218e-07 5.4751409932266060e-01 5.4751409742001889e-01 1.9026417108491955e-09 1.0950283613932790e+00 1.0950281948400378e+00 1.6655324119874138e-07
97 1.8847656250000000e-01 5.5256532531033420e-01 5.5256515904724146e-01 1.6626309273792828e-07 5.5256516096775699e-01 5.5256515904724146e-01 1.9205155243895433e-09 1.1051304862780911e+00 1.1051303180944829e+00 1.6818360815129552e-07
98 1.9042968750000000e-01 5.5759558477504001e-01 5.5759541690853698e-01 1.6786650303135531e-07 5.5759541884682118e-01 5.5759541690853698e-01 1.9382841998094591e-09 1.1151910036218613e+00 1.1151908338170740e+00 1.6980478734218707e-07
99 1.9238281250000000e-01 5.6260485107837477e-01 5.6260468161754007e-01 1.6946083469804307e-07 5.6260468357350046e-01 5.6260468161754007e-01 1.9559603936514236e-09 1.1252095346518751e+00 1.1252093632350801e+00 1.7141679498067219e-07
100 1.9433593750000000e-01 5.6759293562435476e-01 5.6759276457826580e-01 1.7104608895923690e-07 5.6759276655182145e-01 5.6759276457826580e-01 1.9735556522348929e-09 1.1351857021761762e+00 1.1351855291565316e+00 1.7301964461147179e-07
101 1.9628906250000000e-01 5.7255965061447545e-01 5.7255947799220985e-01 1.7262226559289218e-07 5.7255947998329448e-01 5.7255947799220985e-01 1.9910846305037921e-09 1.1451191305977699e+00 1.1451189559844197e+00 1.7461335022339597e-07
102 1.9824218750000000e-01 5.7750480905483670e-01 5.7750463486541936e-01 1.7418941733460258e-07 5.7750463687392906e-01 5.7750463486541936e-01 2.0085096918975864e-09 1.1550094459287656e+00 1.1550092697308387e+00 1.7619792691547786e-07
103 2.0019531250000000e-01 5.8242822476305167e-01 5.8242804901553313e-01 1.7574751853821624e-07 5.8242805104140127e-01 5.8242804901553313e-01 2.0258681399099032e-09 1.1648562758044529e+00 1.1648560980310663e+00 1.7777338667812614e-07
104 2.0214843750000000e-01 5.8732971237537945e-01 5.8732953507879126e-01 1.7729658818854688e-07 5.8732953712194680e-01 5.8732953507879126e-01 2.0431555336486440e-09 1.1746592494973263e+00 1.1746590701575825e+00 1.7933974372219552e-07
105 2.0410156250000000e-01 5.9220908735370081e-01 5.9220890851701358e-01 1.7883668723683854e-07 5.9220891057733427e-01 5.9220890851701358e-01 2.0603206918323735e-09 1.1844179979310350e+00 1.1844178170340272e+00 1.8089700781764861e-07
106 2.0605468750000000e-01 5.9706616599235085e-01 5.9706598562454805e-01 1.8036780280450415e-07 5.9706598770193642e-01 5.9706598562454805e-01 2.0773883724345410e-09 1.1941321536942873e+00 1.1941319712490961e+00 1.8244519117693869e-07
107 2.0800781250000000e-01 6.0190076542510074e-01 6.0190058353518683e-01 1.8188991390832854e-07 6.0190058562957682e-01 6.0190058353518683e-01 2.0943899947667433e-09 1.2038013510546777e+00 1.2038011670703737e+00 1.8398430401411758e-07
108 2.0996093750000000e-01 6.0671270363207874e-01 6.0671252022905109e-01 1.8340302765373906e-07 6.0671252234037898e-01 6.0671252022905109e-01 2.1113278902973320e-09 1.2134252259724576e+00 1.2134250404581022e+00 1.8551435543301409e-07
109 2.1191406250000000e-01 6.1150179944666228e-01 6.1150161453944396e-01 1.8490721831465606e-07 6.1150161666758207e-01 6.1150161453944396e-01 2.1281381101800889e-09 1.2230034161142442e+00 1.2230032290788879e+00 1.8703535631381385e-07
110 2.1386718750000000e-01 6.1626787256209659e-01 6.1626768615967165e-01 1.8640242493983550e-07 6.1626768830456113e-01 6.1626768615967165e-01 2.1448894882425407e-09 1.2325355608666577e+00 1.2325353723193433e+00 1.8854731442807804e-07
111 2.1582031250000000e-01 6.2101074353854302e-01 6.2101055564983132e-01 1.8788871170016819e-07 6.2101055781135628e-01 6.2101055564983132e-01 2.1615249590212215e-09 1.2420213013498993e+00 1.2420211112996626e+00 1.9005023665918941e-07
112 2.1777343750000000e-01 6.2573023380960868e-01 6.2573004444356739e-01 1.8936604129216050e-07 6.2573004662165466e-01 6.2573004444356739e-01 2.1780872661025796e-09 1.2514602804312633e+00 1.2514600888871348e+00 1.9154412855826308e-07
113 2.1972656250000000e-01 6.3042616568921639e-01 6.3042597485479401e-01 1.9083442237555204e-07 6.3042597704936965e-01 6.3042597485479401e-01 2.1945756323304977e-09 1.2608521427385861e+00 1.2608519497095880e+00 1.9302899811890484e-07
114 2.2167968750000000e-01 6.3509836237826722e-01 6.3509817008438574e-01 1.9229388148467308e-07 6.3509817229535059e-01 6.3509817008438574e-01 2.2109648556423167e-09 1.2701965346736177e+00 1.2701963401687715e+00 1.9450484622929309e-07
115 2.2363281250000000e-01 6.3974664797126812e-01 6.3974645422683263e-01 1.9374443549491360e-07 6.3974645645407824e-01 6.3974645422683263e-01 2.2272456101646299e-09 1.2794931044253464e+00 1.2794929084536653e+00 1.9597168110507823e-07
116 2.2558593750000000e-01 6.4437084746292594e-01 6.4437065227686408e-01 1.9518606186874621e-07 6.4437065452030473e-01 6.4437065227686408e-01 2.2434406554694419e-09 1.2887415019832307e+00 1.2887413045537282e+00 1.9742950252421565e-07
117 2.2753906250000000e-01 6.4897078675479791e-01 6.4897059013603708e-01 1.9661876082821550e-07 6.4897059239559052e-01 6.4897059013603708e-01 2.2595534332481293e-09 1.2979413791503884e+00 1.2979411802720742e+00 1.9887831426146363e-07
118 2.2949218750000000e-01 6.5354629266183273e-01 6.5354609461929114e-01 1.9804254158817258e-07 6.5354609689486642e-01 6.5354609461929114e-01 2.2755752837610999e-09 1.3070923895566993e+00 1.3070921892385823e+00 2.0031811698295598e-07
119 2.3144531250000000e-01 6.5809719291885871e-01 6.5809699346146844e-01 1.9945739027082965e-07 6.5809699575298697e-01 6.5809699346146844e-01 2.2915185304839270e-09 1.3161941886718456e+00 1.3161939869229369e+00 2.0174890869029127e-07
120 2.3339843750000000e-01 6.6262331618712478e-01 6.6262311532379992e-01 2.0086332486179970e-07 6.6262311763116555e-01 6.6262311532379992e-01 2.3073656318928215e-09 1.3252464338182903e+00 1.3252462306475998e+00 2.0317069049369252e-07
121 2.3535156250000000e-01 6.6712449206067947e-01 6.6712428980035554e-01 2.0226032393377835e-07 6.6712429212349067e-01 6.6712428980035554e-01 2.3231351287122948e-09 1.3342487841841701e+00 1.3342485796007111e+00 2.0458345906249065e-07
122 2.3730468750000000e-01 6.7160055107289129e-01 6.7160034742446040e-01 2.0364843089648588e-07 6.7160034976324223e-01 6.7160034742446040e-01 2.3387818348652445e-09 1.3432009008361336e+00 1.3432006948489208e+00 2.0598721284237342e-07
123 2.3925781250000000e-01 6.7605132470267071e-01 6.7605111967507470e-01 2.0502759601193077e-07 6.7605112202942552e-01 6.7605111967507470e-01 2.3543508254064704e-09 1.3521024467320961e+00 1.3521022393501494e+00 2.0738194672631494e-07
124 2.4121093750000000e-01 6.8047664538094621e-01 6.8047643898313881e-01 2.0639780740072666e-07 6.8047644135298924e-01 6.8047643898313881e-01 2.3698504270086573e-09 1.3609530867339354e+00 1.3609528779662776e+00 2.0876765782773532e-07
125 2.4316406250000000e-01 6.8487634649699625e-01 6.8487613873788222e-01 2.0775911402370895e-07 6.8487614112310680e-01 6.8487613873788222e-01 2.3852245734090616e-09 1.3697524876201030e+00 1.3697522774757644e+00 2.1014433859711801e-07
126 2.4511718750000000e-01 6.8925026240455289e-01 6.8925005329309563e-01 2.0911145726110192e-07 6.8925005569362052e-01 6.8925005329309563e-01 2.4005248899783282e-09 1.3785003180981734e+00 1.3785001065861913e+00 2.1151198215108025e-07
127 2.4707031250000000e-01 6.9359822842823893e-01 6.9359801797336817e-01 2.1045487075266323e-07 6.9359802038908014e-01 6.9359801797336817e-01 2.4157119637990832e-09 1.3871962488173191e+00 1.3871960359467363e+00 2.1287058271646231e-07
128 2.4902343750000000e-01 6.9792008086959878e-01 6.9791986908028736e-01 2.1178931142173951e-07 6.9791987151110713e-01 6.9791986908028736e-01 2.4308197676958798e-09 1.3958399523807059e+00 1.3958397381605747e+00 2.1422013118943539e-07
129 2.5097656250000000e-01 7.0221565701338295e-01 7.0221544389860147e-01 2.1311478148877683e-07 7.0221544634443889e-01 7.0221544389860147e-01 2.4458374214830769e-09 1.4044311033578218e+00 1.4044308877972029e+00 2.1556061891025990e-07
130 2.5292968750000000e-01 7.0648479513363305e-01 7.0648458070234654e-01 2.1443128650489029e-07 7.0648458316309404e-01 7.0648458070234654e-01 2.4607474946591879e-09 1.4129693782967272e+00 1.4129691614046931e+00 2.1689203411057179e-07
131 2.5488281250000000e-01 7.1072733449972270e-01 7.1072711876093497e-01 2.1573878772329635e-07 7.1072712123651260e-01 7.1072711876093497e-01 2.4755776317775258e-09 1.4214544557362352e+00 1.4214542375218699e+00 2.1821436524405158e-07
132 2.5683593750000000e-01 7.1494311538249744e-01 7.1494289834520663e-01 2.1703729080613243e-07 7.1494290083551826e-01 7.1494289834520663e-01 2.4903116235819311e-09 1.4298860162180156e+00 1.4298857966904133e+00 2.1952760231869206e-07
133 2.5878906250000000e-01 7.1913197906027160e-01 7.1913176073344298e-01 2.1832682861600006e-07 7.1913176323834571e-01 7.1913176073344298e-01 2.5049027296830673e-09 1.4382637422986173e+00 1.4382635214668860e+00 2.2083173134568312e-07
134 2.6074218750000000e-01 7.2329376782462540e-01 7.2329354821734260e-01 2.1960728280312480e-07 7.2329355073679724e-01 7.2329354821734260e-01 2.5194546449114341e-09 1.4465873185614226e+00 1.4465870964346852e+00 2.2212673744803624e-07
135 2.6269531250000000e-01 7.2742832498667942e-01 7.2742810410795888e-01 2.2087872053599966e-07 7.2742810664184521e-01 7.2742810410795888e-01 2.5338863229862341e-09 1.4548564316285246e+00 1.4548562082159178e+00 2.2341260685898590e-07
136 2.6464843750000000e-01 7.3153549488268022e-01 7.3153527274159957e-01 2.2214108064133598e-07 7.3153527528984441e-01 7.3153527274159957e-01 2.5482448373637112e-09 1.4630707701725245e+00 1.4630705454831991e+00 2.2468932536767738e-07
137 2.6660156250000000e-01 7.3561512288009279e-01 7.3561489948568715e-01 2.2339440564067559e-07 7.3561490204815783e-01 7.3561489948568715e-01 2.5624706800897457e-09 1.4712300249282506e+00 1.4712297989713743e+00 2.2595687632076533e-07
138 2.6855468750000000e-01 7.3966705538322330e-01 7.3966683074458006e-01 2.2463864324251404e-07 7.3966683332117933e-01 7.3966683074458006e-01 2.5765992672788229e-09 1.4793338887044025e+00 1.4793336614891601e+00 2.2721524239877056e-07
139 2.7050781250000000e-01 7.4369113983910240e-01 7.4369091396535691e-01 2.2587374548521666e-07 7.4369091655601893e-01 7.4369091396535691e-01 2.5906620182425399e-09 1.4873820563951212e+00 1.4873818279307138e+00 2.2846440739243690e-07
140 2.7246093750000000e-01 7.4768722474328098e-01 7.4768699764355884e-01 2.2709972213874607e-07 7.4768700024819024e-01 7.4768699764355884e-01 2.6046313994498860e-09 1.4953742249914712e+00 1.4953739952871177e+00 2.2970435353819596e-07
141 2.7441406250000000e-01 7.5165515964548357e-01 7.5165493132889372e-01 2.2831658985644765e-07 7.5165493394736260e-01 7.5165493132889372e-01 2.6184688861619065e-09 1.5033100935928463e+00 1.5033098626577874e+00 2.3093505885363186e-07
142 2.7636718750000000e-01 7.5559479515522066e-01 7.5559456563090133e-01 2.2952431932843353e-07 7.5559456826308813e-01 7.5559456563090133e-01 2.6321868018541750e-09 1.5111893634183087e+00 1.5111891312618027e+00 2.3215650601926541e-07
143 2.7832031250000000e-01 7.5950598294739335e-01 7.5950575222457672e-01 2.3072281662983585e-07 7.5950575487043259e-01 7.5950575222457672e-01 2.6458558677333599e-09 1.5190117378178258e+00 1.5190115044491534e+00 2.3336867238654690e-07
144 2.8027343750000000e-01 7.6338857576811625e-01 7.6338834385595511e-01 2.3191216114160085e-07 7.6338834651533394e-01 7.6338834385595511e-01 2.6593788282625042e-09 1.5267769222834502e+00 1.5267766877119102e+00 2.3457153996986335e-07
145 2.8222656250000000e-01 7.6724242743993420e-01 7.6724219434765617e-01 2.3309227803469668e-07 7.6724219702046581e-01 7.6724219434765617e-01 2.6728096402806045e-09 1.5344846244604000e+00 1.5344843886953123e+00 2.3576508767497728e-07
146 2.8417968750000000e-01 7.7106739286751869e-01 7.7106715860438713e-01 2.3426313155994194e-07 7.7106716129054831e-01 7.7106715860438713e-01 2.6861611823747467e-09 1.5421345541580669e+00 1.5421343172087743e+00 2.3694929263129438e-07
147 2.8613281250000000e-01 7.7486332804314040e-01 7.7486309261840558e-01 2.3542473481796833e-07 7.7486309531780306e-01 7.7486309261840558e-01 2.6993974833189327e-09 1.5497264233609434e+00 1.5497261852368112e+00 2.3812413219026496e-07
148 2.8808593750000000e-01 7.7863009005199124e-01 7.7862985347494140e-01 2.3657704983914840e-07 7.7862985618747360e-01 7.7862985347494140e-01 2.7125321988563655e-09 1.5572599462394647e+00 1.5572597069498828e+00 2.3928958192698246e-07
149 2.9003906250000000e-01 7.8236753707761919e-01 7.8236729935757710e-01 2.3772004209554609e-07 7.8236730208315619e-01 7.8236729935757710e-01 2.7255790957525505e-09 1.5647348391607754e+00 1.5647345987151542e+00 2.4044562119129864e-07
150 2.9199218750000000e-01 7.8607552840732287e-01 7.8607528955358785e-01 2.3885373501286722e-07 7.8607529229207629e-01 7.8607528955358785e-01 2.7384884360159845e-09 1.5721508206993993e+00 1.5721505791071757e+00 2.4159222355990551e-07
151 2.9394531250000000e-01 7.8975392443726089e-01 7.8975368445923844e-01 2.3997802245379063e-07 7.8975368721058214e-01 7.8975368445923844e-01 2.7513437084181191e-09 1.5795076116478430e+00 1.5795073689184769e+00 2.4272936616220875e-07
152 2.9589843750000000e-01 7.9340258667801788e-01 7.9340234558503964e-01 2.4109297824814746e-07 7.9340234834908430e-01 7.9340234558503964e-01 2.7640446598198309e-09 1.5868049350271023e+00 1.5868046911700793e+00 2.4385702301898959e-07
153 2.9785156250000000e-01 7.9702137775945880e-01 7.9702113556096266e-01 2.4219849614759426e-07 7.9702113833763555e-01 7.9702113556096266e-01 2.7766728916134298e-09 1.5940425160970944e+00 1.5940422711219253e+00 2.4497516903920769e-07
154 2.9980468750000000e-01 8.0061016143619734e-01 8.0060991814160976e-01 2.4329458758742817e-07 8.0060992093080308e-01 8.0060991814160976e-01 2.7891933207513375e-09 1.6012200823670004e+00 1.6012198362832195e+00 2.4608378090817951e-07
155 3.0175781250000000e-01 8.0416880259258272e-01 8.0416855821134536e-01 2.4438123735759376e-07 8.0416856101293943e-01 8.0416855821134536e-01 2.8015940678471907e-09 1.6083373636055223e+00 1.6083371164226907e+00 2.4718283153646325e-07
156 3.0371093750000000e-01 8.0769716724777629e-01 8.0769692178938235e-01 2.4545839394374269e-07 8.0769692460327991e-01 8.0769692178938235e-01 2.8138975594060867e-09 1.6153940918510563e+00 1.6153938435787647e+00 2.4827229161417108e-07
157 3.0566406250000000e-01 8.1119512256087245e-01 8.1119487603482598e-01 2.4652604646568932e-07 8.1119487886091723e-01 8.1119487603482598e-01 2.8260912499078472e-09 1.6223900014217896e+00 1.6223897520696520e+00 2.4935213760457486e-07
158 3.0761718750000000e-01 8.1466253683584977e-01 8.1466228925167616e-01 2.4758417360715157e-07 8.1466229208984642e-01 8.1466228925167616e-01 2.8381702543711640e-09 1.6293248289256961e+00 1.6293245785033523e+00 2.5042234375050043e-07
159 3.0957031250000000e-01 8.1809927952652217e-01 8.1809903089378500e-01 2.4863273717645740e-07 8.1809903374392756e-01 8.1809903089378500e-01 2.8501425664018143e-09 1.6361983132704498e+00 1.6361980617875700e+00 2.5148287985388151e-07
160 3.1152343750000000e-01 8.2150522124149994e-01 8.2150497156977220e-01 2.4967172773671109e-07 8.2150497443176529e-01 8.2150497156977220e-01 2.8619930869666632e-09 1.6430101956732652e+00 1.6430099431395444e+00 2.5253372082367775e-07
161 3.1347656250000000e-01 8.2488023374892105e-01 8.2487998304789611e-01 2.5070102493973678e-07 8.2487998592171063e-01 8.2487998304789611e-01 2.8738145196882670e-09 1.6497602196706316e+00 1.6497599660957922e+00 2.5357483934840275e-07
162 3.1542968750000000e-01 8.2822418998162617e-01 8.2822393826088236e-01 2.5172074380463982e-07 8.2822394114634434e-01 8.2822393826088236e-01 2.8854619804619119e-09 1.6564481311279704e+00 1.6564478765217647e+00 2.5460620567407943e-07
163 3.1738281250000000e-01 8.3153696404151112e-01 8.3153671131070728e-01 2.5273080384025093e-07 8.3153671420769693e-01 8.3153671131070728e-01 2.8969896481711999e-09 1.6630736782492082e+00 1.6630734226214146e+00 2.5562779359944443e-07
164 3.1933593750000000e-01 8.3481843120447430e-01 8.3481817747333775e-01 2.5373113654580948e-07 8.3481818038177402e-01 8.3481817747333775e-01 2.9084362695996901e-09 1.6696366115862484e+00 1.6696363549466755e+00 2.5663957292643147e-07
165 3.2128906250000000e-01 8.3806846792514900e-01 8.3806821320342739e-01 2.5472172160423412e-07 8.3806821612322435e-01 8.3806821320342739e-01 2.9197969597660745e-09 1.6761366840483733e+00 1.6761364264068548e+00 2.5764151856400019e-07
166 3.2324218750000000e-01 8.4128695184158875e-01 8.4128669613896812e-01 2.5570262063290272e-07 8.4128669906994813e-01 8.4128669613896812e-01 2.9309800142485187e-09 1.6825736509115368e+00 1.6825733922779362e+00 2.5863360053612894e-07
167 3.2519531250000000e-01 8.4447376177959865e-01 8.4447350510589636e-01 2.5667370229243147e-07 8.4447350804798493e-01 8.4447350510589636e-01 2.9420885727660107e-09 1.6889472698275836e+00 1.6889470102117927e+00 2.5961579086519748e-07
168 3.2714843750000000e-01 8.4762877775768131e-01 8.4762852012265577e-01 2.5763502553566298e-07 8.4762852307569048e-01 8.4762852012265577e-01 2.9530347056549999e-09 1.6952573008333718e+00 1.6952570402453115e+00 2.6058806024131798e-07
169 3.2910156250000000e-01 8.5075188099113308e-01 8.5075162240471403e-01 2.5858641905518454e-07 8.5075162536867710e-01 8.5075162240471403e-01 2.9639630749755952e-09 1.7015035063598103e+00 1.7015032448094281e+00 2.6155038224118243e-07
170 3.3105468750000000e-01 8.5384295389700826e-01 8.5384269436903548e-01 2.5952797277906114e-07 8.5384269734379092e-01 8.5384269436903548e-01 2.9747554419756739e-09 1.7076856512407992e+00 1.7076853887380710e+00 2.6250272822103682e-07
171 3.3300781250000000e-01 8.5690188009819579e-01 8.5690161963850775e-01 2.6045968803956043e-07 8.5690162262388703e-01 8.5690161963850775e-01 2.9853792771206145e-09 1.7138035027220828e+00 1.7138032392770155e+00 2.6344506731668105e-07
172 3.3496093750000000e-01 8.5992854442775135e-01 8.5992828304632363e-01 2.6138142772413886e-07 8.5992828604226867e-01 8.5992828304632363e-01 2.9959450476013672e-09 1.7198568304700199e+00 1.7198565660926473e+00 2.6437737266071792e-07
173 3.3691406250000000e-01 8.6292283293356742e-01 8.6292257064031619e-01 2.6229325122972824e-07 8.6292257364668123e-01 8.6292257064031619e-01 3.0063650457989866e-09 1.7258454065802487e+00 1.7258451412806324e+00 2.6529961627552723e-07
174 3.3886718750000000e-01 8.6588463288234852e-01 8.6588436968724980e-01 2.6319509871530755e-07 8.6588437270392227e-01 8.6588436968724980e-01 3.0166724673819090e-09 1.7317690055862709e+00 1.7317687393744996e+00 2.6621177129371176e-07
175 3.4082031250000000e-01 8.6881383276393576e-01 8.6881356867706450e-01 2.6408687126000530e-07 8.6881357170399776e-01 8.6881356867706450e-01 3.0269332595977971e-09 1.7376274044679336e+00 1.7376271373541290e+00 2.6711380463062540e-07
176 3.4277343750000000e-01 8.7171032229574630e-01 8.7171005732707396e-01 2.6496867233660737e-07 8.7171006036409315e-01 8.7171005732707396e-01 3.0370191916873068e-09 1.7434203826598393e+00 1.7434201146541479e+00 2.6800569141727237e-07
177 3.4472656250000000e-01 8.7457399242652645e-01 8.7457372658611765e-01 2.6584040879740201e-07 8.7457372963311197e-01 8.7457372658611765e-01 3.0469943235189589e-09 1.7491477220596385e+00 1.7491474531722353e+00 2.6888740323194327e-07
178 3.4667968750000000e-01 8.7740473534074537e-01 8.7740446863866639e-01 2.6670207897705467e-07 8.7740447169549973e-01 8.7740446863866639e-01 3.0568333420077920e-09 1.7548092070362451e+00 1.7548089372773328e+00 2.6975891231906246e-07
179 3.4863281250000000e-01 8.8020244446245943e-01 8.8020217690888192e-01 2.6755357751540032e-07 8.8020217997549188e-01 8.8020217690888192e-01 3.0666099659626411e-09 1.7604046244379514e+00 1.7604043538177638e+00 2.7062018759238526e-07
180 3.5058593750000000e-01 8.8296701445962011e-01 8.8296674606462910e-01 2.6839499100983488e-07 8.8296674914084128e-01 8.8296674606462910e-01 3.0762121738803216e-09 1.7659337636004615e+00 1.7659334921292582e+00 2.7147120329473751e-07
181 3.5253906250000000e-01 8.8569834124765268e-01 8.8569807202144168e-01 2.6922621099156885e-07 8.8569807510716270e-01 8.8569807202144168e-01 3.0857210120416312e-09 1.7713964163548153e+00 1.7713961440428834e+00 2.7231193189258818e-07
182 3.5449218750000000e-01 8.8839632199366314e-01 8.8839605194644133e-01 2.7004722180645757e-07 8.8839605504156638e-01 8.8839605194644133e-01 3.0951250451494161e-09 1.7767923770352296e+00 1.7767921038928827e+00 2.7314234696262929e-07
183 3.5644531250000000e-01 8.9106085512023003e-01 8.9106058426220869e-01 2.7085802134507730e-07 8.9106058736660654e-01 8.9106058426220869e-01 3.1043978498956903e-09 1.7821214424868366e+00 1.7821211685244174e+00 2.7396241919497299e-07
184 3.5839843750000000e-01 8.9369184030917159e-01 8.9369156865060806e-01 2.7165856353317253e-07 8.9369157176416736e-01 8.9369156865060806e-01 3.1135592992725947e-09 1.7873834120733390e+00 1.7873831373012161e+00 2.7477212283244512e-07
185 3.6035156250000000e-01 8.9628917850535705e-01 8.9628890605656419e-01 2.7244879285959200e-07 8.9628890917920045e-01 8.9628890605656419e-01 3.1226362606773250e-09 1.7925780876845576e+00 1.7925778121131284e+00 2.7557142923129163e-07
186 3.6230468750000000e-01 8.9885277192052926e-01 8.9885249869179173e-01 2.7322873752400056e-07 8.9885250182336529e-01 8.9885249869179173e-01 3.1315735560255575e-09 1.7977052737438945e+00 1.7977049973835835e+00 2.7636031108002612e-07
187 3.6425781250000000e-01 9.0138252403683794e-01 9.0138225003847716e-01 2.7399836077801609e-07 9.0138225317885934e-01 9.0138225003847716e-01 3.1403821765252360e-09 1.8027647772156974e+00 1.8027645000769543e+00 2.7713874306556363e-07
188 3.6621093750000000e-01 9.0387833961052455e-01 9.0387806485291189e-01 2.7475761266160248e-07 9.0387806800199744e-01 9.0387806485291189e-01 3.1490855478821800e-09 1.8077564076125219e+00 1.8077561297058238e+00 2.7790669809846236e-07
189 3.6816406250000000e-01 9.0634012467559188e-01 9.0633984916907895e-01 2.7550651293672956e-07 9.0633985232671710e-01 9.0633984916907895e-01 3.1576381509523799e-09 1.8126799770023090e+00 1.8126796983381579e+00 2.7866415108768194e-07
190 3.7011718750000000e-01 9.0876778654716661e-01 9.0876751030219005e-01 2.7624497656031366e-07 9.0876751346828988e-01 9.0876751030219005e-01 3.1660998267568630e-09 1.8175353000154564e+00 1.8175350206043801e+00 2.7941107627604822e-07
191 3.7207031250000000e-01 9.1116123382515535e-01 9.1116095685217569e-01 2.7697297966255974e-07 9.1116096002664237e-01 9.1116095685217569e-01 3.1744666895150431e-09 1.8223221938517977e+00 1.8223219137043514e+00 2.8014744635207478e-07
192 3.7402343750000000e-01 9.1352037639770090e-01 9.1352009870712625e-01 2.7769057464599456e-07 9.1352010188978749e-01 9.1352009870712625e-01 3.1826612456598014e-09 1.8270404782874885e+00 1.8270401974142525e+00 2.8087323600267666e-07
193 3.7597656250000000e-01 9.1584512544427643e-01 9.1584484704668412e-01 2.7839759231262917e-07 9.1584485023751350e-01 9.1584484704668412e-01 3.1908293784965736e-09 1.8316899756817899e+00 1.8316896940933682e+00 2.8158842169112575e-07
194 3.7792968750000000e-01 9.1813539343960082e-01 9.1813511434538830e-01 2.7909421251859357e-07 9.1813511754415278e-01 9.1813511434538830e-01 3.1987644755204769e-09 1.8362705109837536e+00 1.8362702286907766e+00 2.8229297699411404e-07
195 3.7988281250000000e-01 9.2039109415621911e-01 9.2039081437596937e-01 2.7978024974562032e-07 9.2039081758259655e-01 9.2039081437596937e-01 3.2066271860031748e-09 1.8407819117388158e+00 1.8407816287519387e+00 2.8298687704264580e-07
196 3.8183593750000000e-01 9.2261214266835456e-01 9.2261186221259617e-01 2.8045575839463766e-07 9.2261186542693563e-01 9.2261186221259617e-01 3.2143394612660359e-09 1.8452240080952902e+00 1.8452237244251923e+00 2.8367009785590369e-07
197 3.8378906250000000e-01 9.2479845535472982e-01 9.2479817423407296e-01 2.8112065686425325e-07 9.2479817745603299e-01 9.2479817423407296e-01 3.2219600321070629e-09 1.8495966328107629e+00 1.8495963484681459e+00 2.8434261700738261e-07
198 3.8574218750000000e-01 9.2694994990190749e-01 9.2694966812698798e-01 2.8177491950831524e-07 9.2694967135647699e-01 9.2694966812698798e-01 3.2294890095485584e-09 1.8538996212583845e+00 1.8538993362539760e+00 2.8500440851786379e-07
199 3.8769531250000000e-01 9.2906654530740229e-01 9.2906626288881189e-01 2.8241859040267769e-07 9.2906626612567167e-01 9.2906626288881189e-01 3.2368597802090449e-09 1.8581328114330740e+00 1.8581325257776238e+00 2.8565545018288674e-07
200 3.8964843750000000e-01 9.3114816188259719e-01 9.3114787883094863e-01 2.8305164856412546e-07 9.3114788207501697e-01 9.3114787883094863e-01 3.2440683472856335e-09 1.8622960439576142e+00 1.8622957576618973e+00 2.8629571691141109e-07
201 3.9160156250000000e-01 9.3319472125569358e-01 9.3319443758173426e-01 2.8367395932260564e-07 9.3319444083296288e-01 9.3319443758173426e-01 3.2512286196606510e-09 1.8663891620886566e+00 1.8663888751634685e+00 2.8692518805328859e-07
202 3.9355468750000000e-01 9.3520614637500243e-01 9.3520586208938850e-01 2.8428561393845087e-07 9.3520586534761552e-01 9.3520586208938850e-01 3.2582270215186782e-09 1.8704120117226180e+00 1.8704117241787770e+00 2.8754384095996954e-07
203 3.9550781250000000e-01 9.3718236151145751e-01 9.3718207662491559e-01 2.8488654191249907e-07 9.3718207989002678e-01 9.3718207662491559e-01 3.2651111814274714e-09 1.8743644414014842e+00 1.8743641532498312e+00 2.8815165298290424e-07
204 3.9746093750000000e-01 9.3912329226169522e-01 9.3912300678495519e-01 2.8547674002510348e-07 9.3912301005681809e-01 9.3912300678495519e-01 3.2718628917294268e-09 1.8782463023185132e+00 1.8782460135699104e+00 2.8874860280581061e-07
205 3.9941406250000000e-01 9.4102886555069964e-01 9.4102857949458385e-01 2.8605611579468615e-07 9.4102858277313417e-01 9.4102857949458385e-01 3.2785503201182564e-09 1.8820574483238337e+00 1.8820571589891677e+00 2.8933466600378210e-07
206 4.0136718750000000e-01 9.4289900963485951e-01 9.4289872301006605e-01 2.8662479345520353e-07 9.4289872629509741e-01 9.4289872301006605e-01 3.2850313580468082e-09 1.8857977359299569e+00 1.8857974460201321e+00 2.8990982481325034e-07
207 4.0332031250000000e-01 9.4473365410420473e-01 9.4473336692155541e-01 2.8718264932781068e-07 9.4473337021296400e-01 9.4473336692155541e-01 3.2914085901225576e-09 1.8894670243171687e+00 1.8894667338431108e+00 2.9047405791793324e-07
208 4.0527343750000000e-01 9.4653272988542947e-01 9.4653244215574561e-01 2.8772968385659681e-07 9.4653244545340576e-01 9.4653244215574561e-01 3.2976601449519194e-09 1.8930651753388352e+00 1.8930648843114912e+00 2.9102734400154873e-07
209 4.0722656250000000e-01 9.4829616924429505e-01 9.4829588097847095e-01 2.8826582409990920e-07 9.4829588428230971e-01 9.4829588097847095e-01 3.3038387581285633e-09 1.8965920535266048e+00 1.8965917619569419e+00 2.9156966285803776e-07
210 4.0917968750000000e-01 9.5002390578837170e-01 9.5002361699725646e-01 2.8879111524382495e-07 9.5002362030713661e-01 9.5002361699725646e-01 3.3098801477393636e-09 1.9000475260955083e+00 1.9000472339945129e+00 2.9210099539156431e-07
211 4.1113281250000000e-01 9.5171587446937711e-01 9.5171558516381760e-01 2.8930555950879011e-07 9.5171558847958071e-01 9.5171558516381760e-01 3.3157631085245498e-09 1.9034314629489577e+00 1.9034311703276352e+00 2.9262132250629236e-07
212 4.1308593750000000e-01 9.5337201158559071e-01 9.5337172177650908e-01 2.8980908162168362e-07 9.5337172509805290e-01 9.5337172177650908e-01 3.3215438177691681e-09 1.9067437366836435e+00 1.9067434435530182e+00 2.9313062532843048e-07
213 4.1503906250000000e-01 9.5499225478445593e-01 9.5499196448272339e-01 2.9030173254174230e-07 9.5499196780987461e-01 9.5499196448272339e-01 3.3271512211996424e-09 1.9099842225943306e+00 1.9099839289654468e+00 2.9362888387396424e-07
214 4.1699218750000000e-01 9.5657654306463902e-01 9.5657625228123888e-01 2.9078340013644066e-07 9.5657625561391979e-01 9.5657625228123888e-01 3.3326809090183929e-09 1.9131527986785588e+00 1.9131525045624778e+00 2.9411608104545905e-07
215 4.1894531250000000e-01 9.5812481677863537e-01 9.5812452552451499e-01 2.9125412037700471e-07 9.5812452886259303e-01 9.5812452552451499e-01 3.3380780362080031e-09 1.9162493456412284e+00 1.9162490510490300e+00 2.9459219841321271e-07
216 4.2089843750000000e-01 9.5963701763477050e-01 9.5963672592093918e-01 2.9171383131298967e-07 9.5963672926432586e-01 9.5963672592093918e-01 3.3433866786225508e-09 1.9192737468990964e+00 1.9192734518418784e+00 2.9505721799161222e-07
217 4.2285156250000000e-01 9.6111308869966094e-01 9.6111279653702131e-01 2.9216263963682820e-07 9.6111279988550613e-01 9.6111279653702131e-01 3.3484848227516295e-09 1.9222258885851671e+00 1.9222255930740426e+00 2.9551112445957983e-07
218 4.2480468750000000e-01 9.6255297439991594e-01 9.6255268179953690e-01 2.9260037903711122e-07 9.6255268515305870e-01 9.6255268179953690e-01 3.3535217935920514e-09 1.9251056595529747e+00 1.9251053635990738e+00 2.9595390094172558e-07
219 4.2675781250000000e-01 9.6395662052472153e-01 9.6395632749761984e-01 2.9302710169432089e-07 9.6395633085604804e-01 9.6395632749761984e-01 3.3584282022047773e-09 1.9279129513807696e+00 1.9279126549952397e+00 2.9638552989652567e-07
220 4.2871093750000000e-01 9.6532397422761795e-01 9.6532368078480280e-01 2.9344281515797377e-07 9.6532368414798464e-01 9.6532368078480280e-01 3.3631818441293149e-09 1.9306476583756025e+00 1.9306473615696056e+00 2.9680599689108078e-07
221 4.3066406250000000e-01 9.6665498402850503e-01 9.6665469018100736e-01 2.9384749766769858e-07 9.6665469354879441e-01 9.6665469018100736e-01 3.3677870492354600e-09 1.9333096775772995e+00 1.9333093803620147e+00 2.9721528482795634e-07
222 4.3261718750000000e-01 9.6794959981555007e-01 9.6794930557448200e-01 2.9424106806619221e-07 9.6794930894679265e-01 9.6794930557448200e-01 3.3723106529492952e-09 1.9358989087623426e+00 1.9358986111489640e+00 2.9761337860811921e-07
223 4.3457031250000000e-01 9.6920777284726090e-01 9.6920747822368902e-01 2.9462357187259869e-07 9.6920748160038084e-01 9.6920747822368902e-01 3.3766918150490710e-09 1.9384152544476416e+00 1.9384149564473780e+00 2.9800026357662546e-07
224 4.3652343750000000e-01 9.7042945575414830e-01 9.7042916075913899e-01 2.9499500930896261e-07 9.7042916414005642e-01 9.7042916075913899e-01 3.3809174349030968e-09 1.9408586198942048e+00 1.9408583215182780e+00 2.9837592685488801e-07
225 4.3847656250000000e-01 9.7161460254044152e-01 9.7161430718517539e-01 2.9535526613333474e-07 9.7161431057026293e-01 9.7161430718517539e-01 3.3850875436058914e-09 1.9432289131107043e+00 1.9432286143703508e+00 2.9874035356591833e-07
226 4.4042968750000000e-01 9.7276316858613088e-01 9.7276287288170482e-01 2.9570442605653113e-07 9.7276287627080915e-01 9.7276287288170482e-01 3.3891043305089852e-09 1.9455260448569400e+00 1.9455257457634096e+00 2.9909353038704012e-07
227 4.4238281250000000e-01 9.7387511064841492e-01 9.7387481460587799e-01 2.9604253692916416e-07 9.7387481799878628e-01 9.7387481460587799e-01 3.3929082876582584e-09 1.9477499286472013e+00 1.9477496292117560e+00 2.9943544532784472e-07
228 4.4433593750000000e-01 9.7495038686309521e-01 9.7495009049371761e-01 2.9636937759480730e-07 9.7495009389042353e-01 9.7495009049371761e-01 3.3967059165362912e-09 1.9499004807535187e+00 1.9499001809874352e+00 2.9976608351134360e-07
229 4.4628906250000000e-01 9.7598895674680708e-01 9.7598866006169405e-01 2.9668511303260203e-07 9.7598866346201441e-01 9.7598866006169405e-01 3.4003203586152608e-09 1.9519776202088215e+00 1.9519773201233881e+00 3.0008543339121729e-07
230 4.4824218750000000e-01 9.7699078119794469e-01 9.7699048420825030e-01 2.9698969439273526e-07 9.7699048761203944e-01 9.7699048420825030e-01 3.4037891394333997e-09 1.9539812688099842e+00 1.9539809684165006e+00 3.0039348364319096e-07
231 4.5019531250000000e-01 9.7795582249832769e-01 9.7795552521527340e-01 2.9728305428466939e-07 9.7795552862244095e-01 9.7795552521527340e-01 3.4071675480973340e-09 1.9559113511207686e+00 1.9559110504305468e+00 3.0069022183276672e-07
232 4.5214843750000000e-01 9.7888404431474541e-01 9.7888374674951473e-01 2.9756523067803187e-07 9.7888375015992135e-01 9.7888374674951473e-01 3.4104066237716779e-09 1.9577677944746668e+00 1.9577674934990295e+00 3.0097563730180354e-07
233 4.5410156250000000e-01 9.7977541170014981e-01 9.7977511386395821e-01 2.9783619159839958e-07 9.7977511727748634e-01 9.7977511386395821e-01 3.4135281268277140e-09 1.9595505289776360e+00 1.9595502277279164e+00 3.0124971961420499e-07
234 4.5605468750000000e-01 9.8062989109512688e-01 9.8062959299913599e-01 2.9809599089158922e-07 9.8062959641560543e-01 9.8062959299913599e-01 3.4164694406868534e-09 1.9612594875107323e+00 1.9612591859982720e+00 3.0151246033227608e-07
235 4.5800781250000000e-01 9.8144745032890357e-01 9.8144715198439147e-01 2.9834451209520552e-07 9.8144715540372629e-01 9.8144715198439147e-01 3.4193348152911085e-09 1.9628946057326297e+00 1.9628943039687829e+00 3.0176384679947432e-07
236 4.5996093750000000e-01 9.8222805862089002e-01 9.8222776003909085e-01 2.9858179917408023e-07 9.8222776346116314e-01 9.8222776003909085e-01 3.4220722922029267e-09 1.9644558220820532e+00 1.9644555200781817e+00 3.0200387146628316e-07
237 4.6191406250000000e-01 9.8297168658163747e-01 9.8297138777378212e-01 2.9880785534786014e-07 9.8297139119845178e-01 9.8297138777378212e-01 3.4246696589690373e-09 1.9659430777800893e+00 1.9659427755475642e+00 3.0223252500682918e-07
238 4.6386718750000000e-01 9.8367830621397345e-01 9.8367800719130127e-01 2.9902267217885026e-07 9.8367801061842697e-01 9.8367800719130127e-01 3.4271256943441131e-09 1.9673563168324004e+00 1.9673560143826025e+00 3.0244979787319437e-07
239 4.6582031250000000e-01 9.8434789091409458e-01 9.8434759168782682e-01 2.9922626776368588e-07 9.8434759511724146e-01 9.8434759168782682e-01 3.4294146411539828e-09 1.9686954860313359e+00 1.9686951833756536e+00 3.0265568229381756e-07
240 4.6777343750000000e-01 9.8498041547236925e-01 9.8498011605388092e-01 2.9941848833647811e-07 9.8498011948556463e-01 9.8498011605388092e-01 3.4316837149717117e-09 1.9699605349579339e+00 1.9699602321077618e+00 3.0285017205144982e-07
241 4.6972656250000000e-01 9.8557585607481724e-01 9.8557555647527850e-01 2.9959953873337497e-07 9.8557555990899737e-01 9.8557555647527850e-01 3.4337188647981520e-09 1.9711514159838146e+00 1.9711511129505570e+00 3.0303325759817312e-07
242 4.7167968750000000e-01 9.8613419030324168e-01 9.8613389053402434e-01 2.9976921733787520e-07 9.8613389396973983e-01 9.8613389053402434e-01 3.4357154898856379e-09 1.9722680842729816e+00 1.9722677810680487e+00 3.0320493293878314e-07
243 4.7363281250000000e-01 9.8665539713688666e-01 9.8665509720915678e-01 2.9992772987430527e-07 9.8665510064662032e-01 9.8665509720915678e-01 3.4374635360379102e-09 1.9733104977835070e+00 1.9733101944183136e+00 3.0336519341034318e-07
244 4.7558593750000000e-01 9.8713945695237992e-01 9.8713915687753895e-01 3.0007484097538395e-07 9.8713916031672888e-01 9.8713915687753895e-01 3.4391899328412023e-09 1.9742786172691087e+00 1.9742783137550779e+00 3.0351403079720285e-07
245 4.7753906250000000e-01 9.8758635152531404e-01 9.8758605131459798e-01 3.0021071606434191e-07 9.8758605475532280e-01 9.8758605131459798e-01 3.4407248161727466e-09 1.9751724062806368e+00 1.9751721026291960e+00 3.0365144088051466e-07
246 4.7949218750000000e-01 9.8799606403029239e-01 9.8799576369501096e-01 3.0033528142237031e-07 9.8799576713714798e-01 9.8799576369501096e-01 3.4421370198600698e-09 1.9759918311674403e+00 1.9759915273900219e+00 3.0377741833120808e-07
247 4.8144531250000000e-01 9.8836857904184261e-01 9.8836827859333831e-01 3.0044850429788994e-07 9.8836828203679228e-01 9.8836827859333831e-01 3.4434539664118802e-09 1.9767368610786349e+00 1.9767365571866766e+00 3.0389195826430182e-07
248 4.8339843750000000e-01 9.8870388253504704e-01 9.8870358198460462e-01 3.0055044242249807e-07 9.8870358542921877e-01 9.8870358198460462e-01 3.4446141494726135e-09 1.9774074679642659e+00 1.9774071639692092e+00 3.0399505668299298e-07
249 4.8535156250000000e-01 9.8900196188589351e-01 9.8900166124482669e-01 3.0064106681937375e-07 9.8900166469047024e-01 9.8900166124482669e-01 3.4456435482610459e-09 1.9780036265763639e+00 1.9780033224896534e+00 3.0408671047865710e-07
250 4.8730468750000000e-01 9.8926280587185167e-01 9.8926250515148884e-01 3.0072036283357306e-07 9.8926250859804077e-01 9.8926250515148884e-01 3.4465519327397942e-09 1.9785253144698924e+00 1.9785250103029777e+00 3.0416691476631286e-07
251 4.8925781250000000e-01 9.8948640467231375e-01 9.8948610388396541e-01 3.0078834833968671e-07 9.8948610733128406e-01 9.8948610388396541e-01 3.4473186527606003e-09 1.9789725120035979e+00 1.9789722077679308e+00 3.0423566710346961e-07
252 4.9121093750000000e-01 9.8967274986886233e-01 9.8967244902389084e-01 3.0084497149029943e-07 9.8967245247188329e-01 9.8967244902389084e-01 3.4479924471142454e-09 1.9793452023407456e+00 1.9793448980477817e+00 3.0429296393741367e-07
253 4.9316406250000000e-01 9.8982183444577598e-01 9.8982153355547531e-01 3.0089030067514955e-07 9.8982153700397868e-01 9.8982153355547531e-01 3.4485033717501778e-09 1.9796433714497548e+00 1.9796430671109506e+00 3.0433880415792203e-07
254 4.9511718750000000e-01 9.8993365279004375e-01 9.8993335186577114e-01 3.0092427261152466e-07 9.8993335531468496e-01 9.8993335186577114e-01 3.4489138212023818e-09 1.9798670081047287e+00 1.9798667037315423e+00 3.0437318643272704e-07
255 4.9707031250000000e-01 9.9000820069184892e-01 9.9000789974488157e-01 3.0094696734650483e-07 9.9000790319402254e-01 9.9000789974488157e-01 3.4491409728332201e-09 1.9800161038858715e+00 1.9800157994897631e+00 3.0439610831933805e-07
256 4.9902343750000000e-01 9.9004547534438225e-01 9.9004517438612138e-01 3.0095826086817823e-07 9.9004517783543067e-01 9.9004517438612138e-01 3.4493092826437532e-09 1.9800906531798130e+00 1.9800903487722428e+00 3.0440757026184428e-07
257 5.0097656250000000e-01 9.9004547534438259e-01 9.9004517438612138e-01 3.0095826120124514e-07 9.9004517783543067e-01 9.9004517438612138e-01 3.4493092826437532e-09 1.9800906531798133e+00 1.9800903487722428e+00 3.0440757048388889e-07
258 5.0292968750000000e-01 9.9000820069184858e-01 9.9000789974488157e-01 3.0094696701343793e-07 9.9000790319402254e-01 9.9000789974488157e-01 3.4491409728332201e-09 1.9800161038858710e+00 1.9800157994897631e+00 3.0439610787524884e-07
259 5.0488281250000000e-01 9.8993365279004342e-01 9.8993335186577114e-01 3.0092427227845775e-07 9.8993335531468496e-01 9.8993335186577114e-01 3.4489138212023818e-09 1.9798670081047285e+00 1.9798667037315423e+00 3.0437318621068243e-07
260 5.0683593750000000e-01 9.8982183444577676e-01 9.8982153355547531e-01 3.0089030145230566e-07 9.8982153700397868e-01 9.8982153355547531e-01 3.4485033717501778e-09 1.9796433714497554e+00 1.9796430671109506e+00 3.0433880482405584e-07
261 5.0878906250000000e-01 9.8967274986886322e-01 9.8967244902389084e-01 3.0084497237847785e-07 9.8967245247188329e-01 9.8967244902389084e-01 3.4479924471142454e-09 1.9793452023407465e+00 1.9793448980477817e+00 3.0429296482559209e-07
262 5.1074218750000000e-01 9.8948640467231619e-01 9.8948610388396541e-01 3.0078835078217736e-07 9.8948610733128406e-01 9.8948610388396541e-01 3.4473186527606003e-09 1.9789725120036001e+00 1.9789722077679308e+00 3.0423566932391566e-07
263 5.1269531250000000e-01 9.8926280587185278e-01 9.8926250515148884e-01 3.0072036394379609e-07 9.8926250859804077e-01 9.8926250515148884e-01 3.4465519327397942e-09 1.9785253144698935e+00 1.9785250103029777e+00 3.0416691587653588e-07
264 5.1464843750000000e-01 9.8900196188589473e-01 9.8900166124482669e-01 3.0064106804061907e-07 9.8900166469047024e-01 9.8900166124482669e-01 3.4456435482610459e-09 1.9780036265763650e+00 1.9780033224896534e+00 3.0408671158888012e-07
265 5.1660156250000000e-01 9.8870388253504893e-01 9.8870358198460462e-01 3.0055044430987721e-07 9.8870358542921877e-01 9.8870358198460462e-01 3.4446141494726135e-09 1.9774074679642677e+00 1.9774071639692092e+00 3.0399505845934982e-07
266 5.1855468750000000e-01 9.8836857904184394e-01 9.8836827859333831e-01 3.0044850563015757e-07 9.8836828203679228e-01 9.8836827859333831e-01 3.4434539664118802e-09 1.9767368610786362e+00 1.9767365571866766e+00 3.0389195959656945e-07
267 5.2050781250000000e-01 9.8799606403029294e-01 9.8799576369501096e-01 3.0033528197748183e-07 9.8799576713714798e-01 9.8799576369501096e-01 3.4421370198600698e-09 1.9759918311674409e+00 1.9759915273900219e+00 3.0377741899734190e-07
268 5.2246093750000000e-01 9.8758635152531471e-01 9.8758605131459798e-01 3.0021071673047572e-07 9.8758605475532280e-01 9.8758605131459798e-01 3.4407248161727466e-09 1.9751724062806375e+00 1.9751721026291960e+00 3.0365144154664847e-07
269 5.2441406250000000e-01 9.8713945695237870e-01 9.8713915687753895e-01 3.0007483975413862e-07 9.8713916031672888e-01 9.8713915687753895e-01 3.4391899328412023e-09 1.9742786172691076e+00 1.9742783137550779e+00 3.0351402968697982e-07
270 5.2636718750000000e-01 9.8665539713688555e-01 9.8665509720915678e-01 2.9992772876408225e-07 9.8665510064662032e-01 9.8665509720915678e-01 3.4374635360379102e-09 1.9733104977835059e+00 1.9733101944183136e+00 3.0336519230012016e-07
271 5.2832031250000000e-01 9.8613419030324057e-01 9.8613389053402434e-01 2.9976921622765218e-07 9.8613389396973983e-01 9.8613389053402434e-01 3.4357154898856379e-09 1.9722680842729803e+00 1.9722677810680487e+00 3.0320493160651552e-07
272 5.3027343750000000e-01 9.8557585607481668e-01 9.8557555647527850e-01 2.9959953817826346e-07 9.8557555990899737e-01 9.8557555647527850e-01 3.4337188647981520e-09 1.9711514159838139e+00 1.9711511129505570e+00 3.0303325693203931e-07
273 5.3222656250000000e-01 9.8498041547236892e-01 9.8498011605388092e-01 2.9941848800341120e-07 9.8498011948556463e-01 9.8498011605388092e-01 3.4316837149717117e-09 1.9699605349579334e+00 1.9699602321077618e+00 3.0285017160736061e-07
274 5.3417968750000000e-01 9.8434789091409436e-01 9.8434759168782682e-01 2.9922626754164128e-07 9.8434759511724146e-01 9.8434759168782682e-01 3.4294146411539828e-09 1.9686954860313359e+00 1.9686951833756536e+00 3.0265568229381756e-07
275 5.3613281250000000e-01 9.8367830621397201e-01 9.8367800719130127e-01 2.9902267073556033e-07 9.8367801061842697e-01 9.8367800719130127e-01 3.4271256943441131e-09 1.9673563168323991e+00 1.9673560143826025e+00 3.0244979654092674e-07
276 5.3808593750000000e-01 9.8297168658163481e-01 9.8297138777378212e-01 2.9880785268332488e-07 9.8297139119845178e-01 9.8297138777378212e-01 3.4246696589690373e-09 1.9659430777800866e+00 1.9659427755475642e+00 3.0223252234229392e-07
277 5.4003906250000000e-01 9.8222805862088736e-01 9.8222776003909085e-01 2.9858179650954497e-07 9.8222776346116314e-01 9.8222776003909085e-01 3.4220722922029267e-09 1.9644558220820505e+00 1.9644555200781817e+00 3.0200386880174790e-07
278 5.4199218750000000e-01 9.8144745032890057e-01 9.8144715198439147e-01 2.9834450909760335e-07 9.8144715540372629e-01 9.8144715198439147e-01 3.4193348152911085e-09 1.9628946057326269e+00 1.9628943039687829e+00 3.0176384391289446e-07
279 5.4394531250000000e-01 9.8062989109512411e-01 9.8062959299913599e-01 2.9809598811603166e-07 9.8062959641560543e-01 9.8062959299913599e-01 3.4164694406868534e-09 1.9612594875107296e+00 1.9612591859982720e+00 3.0151245766774082e-07
280 5.4589843750000000e-01 9.7977541170014826e-01 9.7977511386395832e-01 2.9783618993306504e-07 9.7977511727748634e-01 9.7977511386395832e-01 3.4135280158054115e-09 1.9595505289776347e+00 1.9595502277279166e+00 3.0124971805989276e-07
281 5.4785156250000000e-01 9.7888404431474330e-01 9.7888374674951473e-01 2.9756522856860812e-07 9.7888375015992135e-01 9.7888374674951473e-01 3.4104066237716779e-09 1.9577677944746648e+00 1.9577674934990295e+00 3.0097563530340210e-07
282 5.4980468750000000e-01 9.7795582249832591e-01 9.7795552521527340e-01 2.9728305250831255e-07 9.7795552862244095e-01 9.7795552521527340e-01 3.4071675480973340e-09 1.9559113511207669e+00 1.9559110504305468e+00 3.0069022005640988e-07
283 5.5175781250000000e-01 9.7699078119794303e-01 9.7699048420825041e-01 2.9698969261637842e-07 9.7699048761203944e-01 9.7699048420825041e-01 3.4037890284110972e-09 1.9539812688099825e+00 1.9539809684165008e+00 3.0039348164478952e-07
284 5.5371093750000000e-01 9.7598895674680519e-01 9.7598866006169416e-01 2.9668511103420059e-07 9.7598866346201441e-01 9.7598866006169416e-01 3.4003202475929584e-09 1.9519776202088197e+00 1.9519773201233883e+00 3.0008543139281585e-07
285 5.5566406250000000e-01 9.7495038686309310e-01 9.7495009049371761e-01 2.9636937548538356e-07 9.7495009389042353e-01 9.7495009049371761e-01 3.3967059165362912e-09 1.9499004807535165e+00 1.9499001809874352e+00 2.9976608129089755e-07
286 5.5761718750000000e-01 9.7387511064841370e-01 9.7387481460587799e-01 2.9604253570791883e-07 9.7387481799878628e-01 9.7387481460587799e-01 3.3929082876582584e-09 1.9477499286472000e+00 1.9477496292117560e+00 2.9943544399557709e-07
287 5.5957031250000000e-01 9.7276316858612966e-01 9.7276287288170482e-01 2.9570442483528581e-07 9.7276287627080915e-01 9.7276287288170482e-01 3.3891043305089852e-09 1.9455260448569387e+00 1.9455257457634096e+00 2.9909352905477249e-07
288 5.6152343750000000e-01 9.7161460254044063e-01 9.7161430718517539e-01 2.9535526524515632e-07 9.7161431057026293e-01 9.7161430718517539e-01 3.3850875436058914e-09 1.9432289131107034e+00 1.9432286143703508e+00 2.9874035267773991e-07
289 5.6347656250000000e-01 9.7042945575414841e-01 9.7042916075913910e-01 2.9499500930896261e-07 9.7042916414005642e-01 9.7042916075913910e-01 3.3809173238807944e-09 1.9408586198942048e+00 1.9408583215182782e+00 2.9837592663284340e-07
290 5.6542968750000000e-01 9.6920777284726112e-01 9.6920747822368902e-01 2.9462357209464329e-07 9.6920748160038084e-01 9.6920747822368902e-01 3.3766918150490710e-09 1.9384152544476421e+00 1.9384149564473780e+00 2.9800026402071467e-07
291 5.6738281250000000e-01 9.6794959981555018e-01 9.6794930557448200e-01 2.9424106817721452e-07 9.6794930894679265e-01 9.6794930557448200e-01 3.3723106529492952e-09 1.9358989087623428e+00 1.9358986111489640e+00 2.9761337883016381e-07
292 5.6933593750000000e-01 9.6665498402850647e-01 9.6665469018100736e-01 2.9384749911098851e-07 9.6665469354879441e-01 9.6665469018100736e-01 3.3677870492354600e-09 1.9333096775773009e+00 1.9333093803620147e+00 2.9721528616022397e-07
293 5.7128906250000000e-01 9.6532397422761917e-01 9.6532368078480280e-01 2.9344281637921910e-07 9.6532368414798464e-01 9.6532368078480280e-01 3.3631818441293149e-09 1.9306476583756038e+00 1.9306473615696056e+00 2.9680599822334841e-07
294 5.7324218750000000e-01 9.6395662052472286e-01 9.6395632749761995e-01 2.9302710291556622e-07 9.6395633085604804e-01 9.6395632749761995e-01 3.3584280911824749e-09 1.9279129513807709e+00 1.9279126549952399e+00 2.9638553100674869e-07
295 5.7519531250000000e-01 9.6255297439991783e-01 9.6255268179953701e-01 2.9260038081346806e-07 9.6255268515305870e-01 9.6255268179953701e-01 3.3535216825697489e-09 1.9251056595529765e+00 1.9251053635990740e+00 2.9595390249603781e-07
296 5.7714843750000000e-01 9.6111308869966161e-01 9.6111279653702131e-01 2.9216264030296202e-07 9.6111279988550613e-01 9.6111279653702131e-01 3.3484848227516295e-09 1.9222258885851677e+00 1.9222255930740426e+00 2.9551112512571365e-07
297 5.7910156250000000e-01 9.5963701763477094e-01 9.5963672592093918e-01 2.9171383175707888e-07 9.5963672926432586e-01 9.5963672592093918e-01 3.3433866786225508e-09 1.9192737468990968e+00 1.9192734518418784e+00 2.9505721843570143e-07
298 5.8105468750000000e-01 9.5812481677863581e-01 9.5812452552451499e-01 2.9125412082109392e-07 9.5812452886259303e-01 9.5812452552451499e-01 3.3380780362080031e-09 1.9162493456412288e+00 1.9162490510490300e+00 2.9459219885730192e-07
299 5.8300781250000000e-01 9.5657654306464013e-01 9.5657625228123888e-01 2.9078340124666369e-07 9.5657625561391979e-01 9.5657625228123888e-01 3.3326809090183929e-09 1.9131527986785599e+00 1.9131525045624778e+00 2.9411608215568208e-07
300 5.8496093750000000e-01 9.5499225478445693e-01 9.5499196448272350e-01 2.9030173342992072e-07 9.5499196780987461e-01 9.5499196448272350e-01 3.3271511101773399e-09 1.9099842225943315e+00 1.9099839289654470e+00 2.9362888454009806e-07
301 5.8691406250000000e-01 9.5337201158559159e-01 9.5337172177650908e-01 2.8980908250986204e-07 9.5337172509805290e-01 9.5337172177650908e-01 3.3215438177691681e-09 1.9067437366836444e+00 1.9067434435530182e+00 2.9313062621660890e-07
302 5.8886718750000000e-01 9.5171587446937767e-01 9.5171558516381760e-01 2.8930556006390162e-07 9.5171558847958071e-01 9.5171558516381760e-01 3.3157631085245498e-09 1.9034314629489584e+00 1.9034311703276352e+00 2.9262132317242617e-07
303 5.9082031250000000e-01 9.5002390578837304e-01 9.5002361699725646e-01 2.8879111657609258e-07 9.5002362030713661e-01 9.5002361699725646e-01 3.3098801477393636e-09 1.9000475260955096e+00 1.9000472339945129e+00 2.9210099672383194e-07
304 5.9277343750000000e-01 9.4829616924429616e-01 9.4829588097847095e-01 2.8826582521013222e-07 9.4829588428230971e-01 9.4829588097847095e-01 3.3038387581285633e-09 1.8965920535266059e+00 1.8965917619569419e+00 2.9156966396826078e-07
305 5.9472656250000000e-01 9.4653272988543002e-01 9.4653244215574572e-01 2.8772968430068602e-07 9.4653244545340576e-01 9.4653244215574572e-01 3.2976600339296169e-09 1.8930651753388359e+00 1.8930648843114914e+00 2.9102734444563794e-07
306 5.9667968750000000e-01 9.4473365410420562e-01 9.4473336692155541e-01 2.8718265021598910e-07 9.4473337021296400e-01 9.4473336692155541e-01 3.2914085901225576e-09 1.8894670243171696e+00 1.8894667338431108e+00 2.9047405880611166e-07
307 5.9863281250000000e-01 9.4289900963486006e-01 9.4289872301006605e-01 2.8662479401031504e-07 9.4289872629509741e-01 9.4289872301006605e-01 3.2850313580468082e-09 1.8857977359299576e+00 1.8857974460201321e+00 2.8990982547938415e-07
308 6.0058593750000000e-01 9.4102886555069942e-01 9.4102857949458396e-01 2.8605611546161924e-07 9.4102858277313417e-01 9.4102857949458396e-01 3.2785502090959540e-09 1.8820574483238337e+00 1.8820571589891679e+00 2.8933466578173750e-07
309 6.0253906250000000e-01 9.3912329226169489e-01 9.3912300678495531e-01 2.8547673958101427e-07 9.3912301005681809e-01 9.3912300678495531e-01 3.2718627807071243e-09 1.8782463023185130e+00 1.8782460135699106e+00 2.8874860236172140e-07
310 6.0449218750000000e-01 9.3718236151145751e-01 9.3718207662491559e-01 2.8488654191249907e-07 9.3718207989002678e-01 9.3718207662491559e-01 3.2651111814274714e-09 1.8743644414014842e+00 1.8743641532498312e+00 2.8815165298290424e-07
311 6.0644531250000000e-01 9.3520614637500143e-01 9.3520586208938850e-01 2.8428561293925014e-07 9.3520586534761552e-01 9.3520586208938850e-01 3.2582270215186782e-09 1.8704120117226171e+00 1.8704117241787770e+00 2.8754384007179112e-07
312 6.0839843750000000e-01 9.3319472125569347e-01 9.3319443758173426e-01 2.8367395921158334e-07 9.3319444083296288e-01 9.3319443758173426e-01 3.2512286196606510e-09 1.8663891620886564e+00 1.8663888751634685e+00 2.8692518783124399e-07
313 6.1035156250000000e-01 9.3114816188259619e-01 9.3114787883094863e-01 2.8305164756492474e-07 9.3114788207501697e-01 9.3114787883094863e-01 3.2440683472856335e-09 1.8622960439576133e+00 1.8622957576618973e+00 2.8629571602323267e-07
314 6.1230468750000000e-01 9.2906654530740185e-01 9.2906626288881200e-01 2.8241858984756618e-07 9.2906626612567167e-01 9.2906626288881200e-01 3.2368596691867424e-09 1.8581328114330735e+00 1.8581325257776240e+00 2.8565544951675292e-07
315 6.1425781250000000e-01 9.2694994990190849e-01 9.2694966812698798e-01 2.8177492050751596e-07 9.2694967135647699e-01 9.2694966812698798e-01 3.2294890095485584e-09 1.8538996212583854e+00 1.8538993362539760e+00 2.8500440940604221e-07
316 6.1621093750000000e-01 9.2479845535473215e-01 9.2479817423407307e-01 2.8112065908469930e-07 9.2479817745603299e-01 9.2479817423407307e-01 3.2219599210847605e-09 1.8495966328107651e+00 1.8495963484681461e+00 2.8434261900578406e-07
317 6.1816406250000000e-01 9.2261214266835700e-01 9.2261186221259617e-01 2.8045576083712831e-07 9.2261186542693563e-01 9.2261186221259617e-01 3.2143394612660359e-09 1.8452240080952926e+00 1.8452237244251923e+00 2.8367010029839435e-07
318 6.2011718750000000e-01 9.2039109415622178e-01 9.2039081437596937e-01 2.7978025241015558e-07 9.2039081758259655e-01 9.2039081437596937e-01 3.2066271860031748e-09 1.8407819117388184e+00 1.8407816287519387e+00 2.8298687970718106e-07
319 6.2207031250000000e-01 9.1813539343960271e-01 9.1813511434538830e-01 2.7909421440597271e-07 9.1813511754415278e-01 9.1813511434538830e-01 3.1987644755204769e-09 1.8362705109837556e+00 1.8362702286907766e+00 2.8229297899251549e-07
320 6.2402343750000000e-01 9.1584512544427887e-01 9.1584484704668423e-01 2.7839759464409752e-07 9.1584485023751350e-01 9.1584484704668423e-01 3.1908292674742711e-09 1.8316899756817924e+00 1.8316896940933685e+00 2.8158842391157179e-07
321 6.2597656250000000e-01 9.1352037639770345e-01 9.1352009870712625e-01 2.7769057719950752e-07 9.1352010188978749e-01 9.1352009870712625e-01 3.1826612456598014e-09 1.8270404782874909e+00 1.8270401974142525e+00 2.8087323844516732e-07
322 6.2792968750000000e-01 9.1116123382515868e-01 9.1116095685217580e-01 2.7697298288220651e-07 9.1116096002664237e-01 9.1116095685217580e-01 3.1744665784927406e-09 1.8223221938518011e+00 1.8223219137043516e+00 2.8014744946069925e-07
323 6.2988281250000000e-01 9.0876778654716994e-01 9.0876751030219016e-01 2.7624497977996043e-07 9.0876751346828988e-01 9.0876751030219016e-01 3.1660997157345605e-09 1.8175353000154599e+00 1.8175350206043803e+00 2.7941107960671729e-07
324 6.3183593750000000e-01 9.0634012467559577e-01 9.0633984916907895e-01 2.7550651682251015e-07 9.0633985232671710e-01 9.0633984916907895e-01 3.1576381509523799e-09 1.8126799770023130e+00 1.8126796983381579e+00 2.7866415508448483e-07
325 6.3378906250000000e-01 9.0387833961052944e-01 9.0387806485291200e-01 2.7475761743556149e-07 9.0387806800199744e-01 9.0387806485291200e-01 3.1490854368598775e-09 1.8077564076125268e+00 1.8077561297058240e+00 2.7790670276139906e-07
326 6.3574218750000000e-01 9.0138252403684327e-01 9.0138225003847727e-01 2.7399836599606431e-07 9.0138225317885934e-01 9.0138225003847727e-01 3.1403820655029335e-09 1.8027647772157027e+00 1.8027645000769545e+00 2.7713874817258954e-07
327 6.3769531250000000e-01 8.9885277192053403e-01 8.9885249869179173e-01 2.7322874229795957e-07 8.9885250182336529e-01 8.9885249869179173e-01 3.1315735560255575e-09 1.7977052737438992e+00 1.7977049973835835e+00 2.7636031574296283e-07
328 6.3964843750000000e-01 8.9628917850536094e-01 8.9628890605656419e-01 2.7244879674537259e-07 8.9628890917920045e-01 8.9628890605656419e-01 3.1226362606773250e-09 1.7925780876845614e+00 1.7925778121131284e+00 2.7557143300604992e-07
329 6.4160156250000000e-01 8.9369184030917459e-01 8.9369156865060806e-01 2.7165856653077469e-07 8.9369157176416736e-01 8.9369156865060806e-01 3.1135592992725947e-09 1.7873834120733418e+00 1.7873831373012161e+00 2.7477212571902498e-07
330 6.4355468750000000e-01 8.9106085512023381e-01 8.9106058426220869e-01 2.7085802511983559e-07 8.9106058736660654e-01 8.9106058426220869e-01 3.1043978498956903e-09 1.7821214424868403e+00 1.7821211685244174e+00 2.7396242296973128e-07
331 6.4550781250000000e-01 8.8839632199366780e-01 8.8839605194644133e-01 2.7004722646939427e-07 8.8839605504156638e-01 8.8839605194644133e-01 3.0951250451494161e-09 1.7767923770352341e+00 1.7767921038928827e+00 2.7314235140352139e-07
332 6.4746093750000000e-01 8.8569834124765778e-01 8.8569807202144180e-01 2.6922621598757246e-07 8.8569807510716270e-01 8.8569807202144180e-01 3.0857209010193287e-09 1.7713964163548206e+00 1.7713961440428836e+00 2.7231193699961409e-07
333 6.4941406250000000e-01 8.8296701445962544e-01 8.8296674606462910e-01 2.6839499633890540e-07 8.8296674914084128e-01 8.8296674606462910e-01 3.0762121738803216e-09 1.7659337636004668e+00 1.7659334921292582e+00 2.7147120862380802e-07
334 6.5136718750000000e-01 8.8020244446246443e-01 8.8020217690888203e-01 2.6755358240038163e-07 8.8020217997549188e-01 8.8020217690888203e-01 3.0666098549403387e-09 1.7604046244379563e+00 1.7604043538177641e+00 2.7062019225532197e-07
335 6.5332031250000000e-01 8.7740473534074970e-01 8.7740446863866639e-01 2.6670208330692446e-07 8.7740447169549973e-01 8.7740446863866639e-01 3.0568333420077920e-09 1.7548092070362493e+00 1.7548089372773328e+00 2.6975891653790995e-07
336 6.5527343750000000e-01 8.7457399242653155e-01 8.7457372658611776e-01 2.6584041379340562e-07 8.7457372963311197e-01 8.7457372658611776e-01 3.0469942124966565e-09 1.7491477220596434e+00 1.7491474531722355e+00 2.6888740789487997e-07
337 6.5722656250000000e-01 8.7171032229575152e-01 8.7171005732707407e-01 2.6496867744363328e-07 8.7171006036409315e-01 8.7171005732707407e-01 3.0370190806650044e-09 1.7434203826598447e+00 1.7434201146541481e+00 2.6800569652429829e-07
338 6.5917968750000000e-01 8.6881383276394031e-01 8.6881356867706450e-01 2.6408687581191970e-07 8.6881357170399776e-01 8.6881356867706450e-01 3.0269332595977971e-09 1.7376274044679381e+00 1.7376271373541290e+00 2.6711380907151749e-07
339 6.6113281250000000e-01 8.6588463288235284e-01 8.6588436968724991e-01 2.6319510293415505e-07 8.6588437270392227e-01 8.6588436968724991e-01 3.0166723563596065e-09 1.7317690055862751e+00 1.7317687393744998e+00 2.6621177529051465e-07
340 6.6308593750000000e-01 8.6292283293357297e-01 8.6292257064031608e-01 2.6229325689186567e-07 8.6292257364668123e-01 8.6292257064031608e-01 3.0063651568212890e-09 1.7258454065802542e+00 1.7258451412806322e+00 2.6529962204868696e-07
341 6.6503906250000000e-01 8.5992854442775613e-01 8.5992828304632374e-01 2.6138143238707556e-07 8.5992828604226867e-01 8.5992828304632374e-01 2.9959449365790647e-09 1.7198568304700248e+00 1.7198565660926475e+00 2.6437737732365463e-07
342 6.6699218750000000e-01 8.5690188009820090e-01 8.5690161963850786e-01 2.6045969303556404e-07 8.5690162262388703e-01 8.5690161963850786e-01 2.9853791660983120e-09 1.7138035027220879e+00 1.7138032392770157e+00 2.6344507220166236e-07
343 6.6894531250000000e-01 8.5384295389701304e-01 8.5384269436903559e-01 2.5952797744199785e-07 8.5384269734379092e-01 8.5384269436903559e-01 2.9747553309533714e-09 1.7076856512408041e+00 1.7076853887380712e+00 2.6250273288397352e-07
344 6.7089843750000000e-01 8.5075188099113841e-01 8.5075162240471403e-01 2.5858642438425505e-07 8.5075162536867710e-01 8.5075162240471403e-01 2.9639630749755952e-09 1.7015035063598156e+00 1.7015032448094281e+00 2.6155038757025295e-07
345 6.7285156250000000e-01 8.4762877775768586e-01 8.4762852012265588e-01 2.5763502997655507e-07 8.4762852307569048e-01 8.4762852012265588e-01 2.9530345946326975e-09 1.6952573008333762e+00 1.6952570402453118e+00 2.6058806446016547e-07
346 6.7480468750000000e-01 8.4447376177960198e-01 8.4447350510589647e-01 2.5667370551207824e-07 8.4447350804798493e-01 8.4447350510589647e-01 2.9420884617437082e-09 1.6889472698275869e+00 1.6889470102117929e+00 2.5961579397382195e-07
347 6.7675781250000000e-01 8.4128695184159119e-01 8.4128669613896834e-01 2.5570262285334877e-07 8.4128669906994813e-01 8.4128669613896834e-01 2.9309797922039138e-09 1.6825736509115394e+00 1.6825733922779367e+00 2.5863360275657499e-07
348 6.7871093750000000e-01 8.3806846792515133e-01 8.3806821320342750e-01 2.5472172382468017e-07 8.3806821612322435e-01 8.3806821320342750e-01 2.9197968487437720e-09 1.6761366840483758e+00 1.6761364264068550e+00 2.5764152078444624e-07
349 6.8066406250000000e-01 8.3481843120447641e-01 8.3481817747333775e-01 2.5373113865523322e-07 8.3481818038177402e-01 8.3481817747333775e-01 2.9084362695996901e-09 1.6696366115862504e+00 1.6696363549466755e+00 2.5663957492483291e-07
350 6.8261718750000000e-01 8.3153696404151312e-01 8.3153671131070750e-01 2.5273080561660777e-07 8.3153671420769693e-01 8.3153671131070750e-01 2.8969894261265949e-09 1.6630736782492099e+00 1.6630734226214150e+00 2.5562779493171206e-07
351 6.8457031250000000e-01 8.2822418998162883e-01 8.2822393826088248e-01 2.5172074635815278e-07 8.2822394114634434e-01 8.2822393826088248e-01 2.8854618694396095e-09 1.6564481311279731e+00 1.6564478765217650e+00 2.5460620811657009e-07
352 6.8652343750000000e-01 8.2488023374892483e-01 8.2487998304789623e-01 2.5070102860347276e-07 8.2487998592171063e-01 8.2487998304789623e-01 2.8738144086659645e-09 1.6497602196706356e+00 1.6497599660957925e+00 2.5357484312316103e-07
353 6.8847656250000000e-01 8.2150522124150305e-01 8.2150497156977220e-01 2.4967173084533556e-07 8.2150497443176529e-01 8.2150497156977220e-01 2.8619930869666632e-09 1.6430101956732683e+00 1.6430099431395444e+00 2.5253372393230222e-07
354 6.9042968750000000e-01 8.1809927952652561e-01 8.1809903089378522e-01 2.4863274039610417e-07 8.1809903374392756e-01 8.1809903089378522e-01 2.8501423443572094e-09 1.6361983132704532e+00 1.6361980617875704e+00 2.5148288274046138e-07
355 6.9238281250000000e-01 8.1466253683585277e-01 8.1466228925167616e-01 2.4758417660475374e-07 8.1466229208984642e-01 8.1466228925167616e-01 2.8381702543711640e-09 1.6293248289256992e+00 1.6293245785033523e+00 2.5042234685912490e-07
356 6.9433593750000000e-01 8.1119512256087589e-01 8.1119487603482621e-01 2.4652604968533609e-07 8.1119487886091723e-01 8.1119487603482621e-01 2.8260910278632423e-09 1.6223900014217931e+00 1.6223897520696524e+00 2.4935214071319933e-07
357 6.9628906250000000e-01 8.0769716724777940e-01 8.0769692178938235e-01 2.4545839705236716e-07 8.0769692460327991e-01 8.0769692178938235e-01 2.8138975594060867e-09 1.6153940918510594e+00 1.6153938435787647e+00 2.4827229472279555e-07
358 6.9824218750000000e-01 8.0416880259258638e-01 8.0416855821134536e-01 2.4438124102132974e-07 8.0416856101293943e-01 8.0416855821134536e-01 2.8015940678471907e-09 1.6083373636055258e+00 1.6083371164226907e+00 2.4718283508917693e-07
359 7.0019531250000000e-01 8.0061016143620201e-01 8.0060991814160987e-01 2.4329459213934257e-07 8.0060992093080308e-01 8.0060991814160987e-01 2.7891932097290351e-09 1.6012200823670051e+00 1.6012198362832197e+00 2.4608378534907160e-07
360 7.0214843750000000e-01 7.9702137775946313e-01 7.9702113556096255e-01 2.4219850058848635e-07 7.9702113833763555e-01 7.9702113556096255e-01 2.7766730026357322e-09 1.5940425160970988e+00 1.5940422711219251e+00 2.4497517370214439e-07
361 7.0410156250000000e-01 7.9340258667802299e-01 7.9340234558503986e-01 2.4109298313312877e-07 7.9340234834908430e-01 7.9340234558503986e-01 2.7640444377752260e-09 1.5868049350271072e+00 1.5868046911700797e+00 2.4385702745988169e-07
362 7.0605468750000000e-01 7.8975392443726600e-01 7.8975368445923844e-01 2.3997802756081654e-07 7.8975368721058214e-01 7.8975368445923844e-01 2.7513437084181191e-09 1.5795076116478481e+00 1.5795073689184769e+00 2.4272937126923466e-07
363 7.0800781250000000e-01 7.8607552840732775e-01 7.8607528955358796e-01 2.3885373978682622e-07 7.8607529229207629e-01 7.8607528955358796e-01 2.7384883249936820e-09 1.5721508206994042e+00 1.5721505791071759e+00 2.4159222822284221e-07
364 7.0996093750000000e-01 7.8236753707762463e-01 7.8236729935757710e-01 2.3772004753563891e-07 7.8236730208315619e-01 7.8236729935757710e-01 2.7255790957525505e-09 1.5647348391607809e+00 1.5647345987151542e+00 2.4044562674241376e-07
365 7.1191406250000000e-01 7.7863009005199690e-01 7.7862985347494151e-01 2.3657705539026352e-07 7.7862985618747360e-01 7.7862985347494151e-01 2.7125320878340631e-09 1.5572599462394705e+00 1.5572597069498830e+00 2.3928958747809759e-07
366 7.1386718750000000e-01 7.7486332804314539e-01 7.7486309261840558e-01 2.3542473981397194e-07 7.7486309531780306e-01 7.7486309261840558e-01 2.6993974833189327e-09 1.5497264233609485e+00 1.5497261852368112e+00 2.3812413729729087e-07
367 7.1582031250000000e-01 7.7106739286752335e-01 7.7106715860438735e-01 2.3426313600083404e-07 7.7106716129054831e-01 7.7106715860438735e-01 2.6861609603301417e-09 1.5421345541580718e+00 1.5421343172087747e+00 2.3694929707218648e-07
368 7.1777343750000000e-01 7.6724242743993931e-01 7.6724219434765628e-01 2.3309228303070029e-07 7.6724219702046581e-01 7.6724219434765628e-01 2.6728095292583021e-09 1.5344846244604051e+00 1.5344843886953126e+00 2.3576509255995859e-07
369 7.1972656250000000e-01 7.6338857576812180e-01 7.6338834385595511e-01 2.3191216669271597e-07 7.6338834651533394e-01 7.6338834385595511e-01 2.6593788282625042e-09 1.5267769222834557e+00 1.5267766877119102e+00 2.3457154552097847e-07
370 7.2167968750000000e-01 7.5950598294739791e-01 7.5950575222457684e-01 2.3072282107072795e-07 7.5950575487043259e-01 7.5950575222457684e-01 2.6458557567110574e-09 1.5190117378178305e+00 1.5190115044491537e+00 2.3336867682743900e-07
371 7.2363281250000000e-01 7.5559479515522499e-01 7.5559456563090133e-01 2.2952432365830333e-07 7.5559456826308813e-01 7.5559456563090133e-01 2.6321868018541750e-09 1.5111893634183131e+00 1.5111891312618027e+00 2.3215651046015751e-07
372 7.2558593750000000e-01 7.5165515964548746e-01 7.5165493132889394e-01 2.2831659352018363e-07 7.5165493394736260e-01 7.5165493132889394e-01 2.6184686641173016e-09 1.5033100935928501e+00 1.5033098626577879e+00 2.3093506218430093e-07
373 7.2753906250000000e-01 7.4768722474328486e-01 7.4768699764355884e-01 2.2709972602452666e-07 7.4768700024819024e-01 7.4768699764355884e-01 2.6046313994498860e-09 1.4953742249914752e+00 1.4953739952871177e+00 2.2970435753499885e-07
374 7.2949218750000000e-01 7.4369113983910584e-01 7.4369091396535714e-01 2.2587374870486343e-07 7.4369091655601893e-01 7.4369091396535714e-01 2.5906617961979350e-09 1.4873820563951248e+00 1.4873818279307143e+00 2.2846441050106137e-07
375 7.3144531250000000e-01 7.3966705538322564e-01 7.3966683074458006e-01 2.2463864557398239e-07 7.3966683332117933e-01 7.3966683074458006e-01 2.5765992672788229e-09 1.4793338887044050e+00 1.4793336614891601e+00 2.2721524484126121e-07
376 7.3339843750000000e-01 7.3561512288009490e-01 7.3561489948568726e-01 2.2339440763907703e-07 7.3561490204815783e-01 7.3561489948568726e-01 2.5624705690674432e-09 1.4712300249282526e+00 1.4712297989713745e+00 2.2595687809712217e-07
377 7.3535156250000000e-01 7.3153549488268277e-01 7.3153527274159968e-01 2.2214108308382663e-07 7.3153527528984441e-01 7.3153527274159968e-01 2.5482447263414088e-09 1.4630707701725272e+00 1.4630705454831994e+00 2.2468932781016804e-07
378 7.3730468750000000e-01 7.2742832498668297e-01 7.2742810410795911e-01 2.2087872386666874e-07 7.2742810664184521e-01 7.2742810410795911e-01 2.5338861009416291e-09 1.4548564316285282e+00 1.4548562082159182e+00 2.2341260996761036e-07
379 7.3925781250000000e-01 7.2329376782462929e-01 7.2329354821734260e-01 2.1960728668890539e-07 7.2329355073679724e-01 7.2329354821734260e-01 2.5194546449114341e-09 1.4465873185614266e+00 1.4465870964346852e+00 2.2212674144483913e-07
380 7.4121093750000000e-01 7.1913197906027504e-01 7.1913176073344287e-01 2.1832683216871374e-07 7.1913176323834571e-01 7.1913176073344287e-01 2.5049028407053697e-09 1.4382637422986209e+00 1.4382635214668857e+00 2.2083173512044141e-07
381 7.4316406250000000e-01 7.1494311538250033e-01 7.1494289834520675e-01 2.1703729358168999e-07 7.1494290083551826e-01 7.1494289834520675e-01 2.4903115125596287e-09 1.4298860162180187e+00 1.4298857966904135e+00 2.1952760520527193e-07
382 7.4511718750000000e-01 7.1072733449972558e-01 7.1072711876093497e-01 2.1573879060987622e-07 7.1072712123651260e-01 7.1072711876093497e-01 2.4755776317775258e-09 1.4214544557362383e+00 1.4214542375218699e+00 2.1821436835267605e-07
383 7.4707031250000000e-01 7.0648479513363649e-01 7.0648458070234676e-01 2.1443128972453707e-07 7.0648458316309404e-01 7.0648458070234676e-01 2.4607472726145829e-09 1.4129693782967305e+00 1.4129691614046935e+00 2.1689203699715165e-07
384 7.4902343750000000e-01 7.0221565701338584e-01 7.0221544389860147e-01 2.1311478437535669e-07 7.0221544634443889e-01 7.0221544389860147e-01 2.4458374214830769e-09 1.4044311033578247e+00 1.4044308877972029e+00 2.1556062179683977e-07
385 7.5097656250000000e-01 6.9792008086960167e-01 6.9791986908028758e-01 2.1178931408627477e-07 6.9791987151110713e-01 6.9791986908028758e-01 2.4308195456512749e-09 1.3958399523807088e+00 1.3958397381605752e+00 2.1422013363192605e-07
386 7.5292968750000000e-01 6.9359822842824104e-01 6.9359801797336817e-01 2.1045487286208697e-07 6.9359802038908014e-01 6.9359801797336817e-01 2.4157119637990832e-09 1.3871962488173213e+00 1.3871960359467363e+00 2.1287058493690836e-07
387 7.5488281250000000e-01 6.8925026240455489e-01 6.8925005329309574e-01 2.0911145914848106e-07 6.8925005569362052e-01 6.8925005329309574e-01 2.4005247789560258e-09 1.3785003180981754e+00 1.3785001065861915e+00 2.1151198392743709e-07
388 7.5683593750000000e-01 6.8487634649699791e-01 6.8487613873788233e-01 2.0775911557802118e-07 6.8487614112310680e-01 6.8487613873788233e-01 2.3852244623867591e-09 1.3697524876201048e+00 1.3697522774757647e+00 2.1014434015143024e-07
389 7.5878906250000000e-01 6.8047664538094754e-01 6.8047643898313903e-01 2.0639780851094969e-07 6.8047644135298924e-01 6.8047643898313903e-01 2.3698502049640524e-09 1.3609530867339368e+00 1.3609528779662781e+00 2.0876765871591374e-07
390 7.6074218750000000e-01 6.7605132470267215e-01 6.7605111967507481e-01 2.0502759734419840e-07 6.7605112202942552e-01 6.7605111967507481e-01 2.3543507143841680e-09 1.3521024467320977e+00 1.3521022393501496e+00 2.0738194805858257e-07
391 7.6269531250000000e-01 6.7160055107289318e-01 6.7160034742446029e-01 2.0364843289488732e-07 6.7160034976324223e-01 6.7160034742446029e-01 2.3387819458875470e-09 1.3432009008361354e+00 1.3432006948489206e+00 2.0598721484077487e-07
392 7.6464843750000000e-01 6.6712449206068192e-01 6.6712428980035565e-01 2.0226032626524670e-07 6.6712429212349067e-01 6.6712428980035565e-01 2.3231350176899923e-09 1.3342487841841726e+00 1.3342485796007113e+00 2.0458346128293670e-07
393 7.6660156250000000e-01 6.6262331618712722e-01 6.6262311532379992e-01 2.0086332730429035e-07 6.6262311763116555e-01 6.6262311532379992e-01 2.3073656318928215e-09 1.3252464338182928e+00 1.3252462306475998e+00 2.0317069293618317e-07
394 7.6855468750000000e-01 6.5809719291886137e-01 6.5809699346146866e-01 1.9945739271332030e-07 6.5809699575298697e-01 6.5809699346146866e-01 2.2915183084393220e-09 1.3161941886718482e+00 1.3161939869229373e+00 2.0174891091073732e-07
395 7.7050781250000000e-01 6.5354629266183473e-01 6.5354609461929114e-01 1.9804254358657403e-07 6.5354609689486642e-01 6.5354609461929114e-01 2.2755752837610999e-09 1.3070923895567010e+00 1.3070921892385823e+00 2.0031811875931282e-07
396 7.7246093750000000e-01 6.4897078675479958e-01 6.4897059013603731e-01 1.9661876227150543e-07 6.4897059239559052e-01 6.4897059013603731e-01 2.2595532112035244e-09 1.2979413791503900e+00 1.2979411802720746e+00 1.9887831537168665e-07
397 7.7441406250000000e-01 6.4437084746292794e-01 6.4437065227686419e-01 1.9518606375612535e-07 6.4437065452030473e-01 6.4437065227686419e-01 2.2434405444471395e-09 1.2887415019832327e+00 1.2887413045537284e+00 1.9742950430057249e-07
398 7.7636718750000000e-01 6.3974664797126946e-01 6.3974645422683296e-01 1.9374443649411432e-07 6.3974645645407824e-01 6.3974645422683296e-01 2.2272452770977225e-09 1.2794931044253477e+00 1.2794929084536659e+00 1.9597168177121205e-07
399 7.7832031250000000e-01 6.3509836237826855e-01 6.3509817008438574e-01 1.9229388281694071e-07 6.3509817229535059e-01 6.3509817008438574e-01 2.2109648556423167e-09 1.2701965346736190e+00 1.2701963401687715e+00 1.9450484756156072e-07
400 7.8027343750000000e-01 6.3042616568921694e-01 6.3042597485479424e-01 1.9083442270861894e-07 6.3042597704936965e-01 6.3042597485479424e-01 2.1945754102858928e-09 1.2608521427385866e+00 1.2608519497095885e+00 1.9302899811890484e-07
401 7.8222656250000000e-01 6.2573023380960890e-01 6.2573004444356739e-01 1.8936604151420511e-07 6.2573004662165466e-01 6.2573004444356739e-01 2.1780872661025796e-09 1.2514602804312636e+00 1.2514600888871348e+00 1.9154412878030769e-07
402 7.8417968750000000e-01 6.2101074353854291e-01 6.2101055564983132e-01 1.8788871158914588e-07 6.2101055781135628e-01 6.2101055564983132e-01 2.1615249590212215e-09 1.2420213013498991e+00 1.2420211112996626e+00 1.9005023643714480e-07
403 7.8613281250000000e-01 6.1626787256209647e-01 6.1626768615967176e-01 1.8640242471779089e-07 6.1626768830456113e-01 6.1626768615967176e-01 2.1448893772202382e-09 1.2325355608666575e+00 1.2325353723193435e+00 1.8854731398398883e-07
404 7.8808593750000000e-01 6.1150179944666205e-01 6.1150161453944396e-01 1.8490721809261146e-07 6.1150161666758207e-01 6.1150161453944396e-01 2.1281381101800889e-09 1.2230034161142442e+00 1.2230032290788879e+00 1.8703535631381385e-07
405 7.9003906250000000e-01 6.0671270363207896e-01 6.0671252022905120e-01 1.8340302776476136e-07 6.0671252234037898e-01 6.0671252022905120e-01 2.1113277792750296e-09 1.2134252259724581e+00 1.2134250404581024e+00 1.8551435565505869e-07
406 7.9199218750000000e-01 6.0190076542510018e-01 6.0190058353518683e-01 1.8188991335321703e-07 6.0190058562957682e-01 6.0190058353518683e-01 2.0943899947667433e-09 1.2038013510546770e+00 1.2038011670703737e+00 1.8398430334798377e-07
407 7.9394531250000000e-01 5.9706616599234996e-01 5.9706598562454827e-01 1.8036780169428113e-07 5.9706598770193642e-01 5.9706598562454827e-01 2.0773881503899361e-09 1.1941321536942864e+00 1.1941319712490965e+00 1.8244518984467106e-07
408 7.9589843750000000e-01 5.9220908735369993e-01 5.9220890851701369e-01 1.7883668623763782e-07 5.9220891057733427e-01 5.9220890851701369e-01 2.0603205808100711e-09 1.1844179979310341e+00 1.1844178170340274e+00 1.8089700670742559e-07
409 7.9785156250000000e-01 5.8732971237537868e-01 5.8732953507879149e-01 1.7729658718934616e-07 5.8732953712194680e-01 5.8732953507879149e-01 2.0431553116040391e-09 1.1746592494973256e+00 1.1746590701575830e+00 1.7933974261197250e-07
410 7.9980468750000000e-01 5.8242822476305145e-01 5.8242804901553324e-01 1.7574751820514933e-07 5.8242805104140127e-01 5.8242804901553324e-01 2.0258680288876008e-09 1.1648562758044527e+00 1.1648560980310665e+00 1.7777338623403693e-07
411 8.0175781250000000e-01 5.7750480905483670e-01 5.7750463486541959e-01 1.7418941711255798e-07 5.7750463687392906e-01 5.7750463486541959e-01 2.0085094698529815e-09 1.1550094459287656e+00 1.1550092697308392e+00 1.7619792647138866e-07
412 8.0371093750000000e-01 5.7255965061447522e-01 5.7255947799220996e-01 1.7262226525982527e-07 5.7255947998329448e-01 5.7255947799220996e-01 1.9910845194814897e-09 1.1451191305977697e+00 1.1451189559844199e+00 1.7461334977930676e-07
413 8.0566406250000000e-01 5.6759293562435453e-01 5.6759276457826568e-01 1.7104608884821459e-07 5.6759276655182145e-01 5.6759276457826568e-01 1.9735557632571954e-09 1.1351857021761760e+00 1.1351855291565314e+00 1.7301964461147179e-07
414 8.0761718750000000e-01 5.6260485107837499e-01 5.6260468161754029e-01 1.6946083469804307e-07 5.6260468357350046e-01 5.6260468161754029e-01 1.9559601716068187e-09 1.1252095346518756e+00 1.1252093632350806e+00 1.7141679498067219e-07
415 8.0957031250000000e-01 5.5759558477504068e-01 5.5759541690853698e-01 1.6786650369748912e-07 5.5759541884682118e-01 5.5759541690853698e-01 1.9382841998094591e-09 1.1151910036218617e+00 1.1151908338170740e+00 1.6980478778627628e-07
416 8.1152343750000000e-01 5.5256532531033464e-01 5.5256515904724168e-01 1.6626309295997288e-07 5.5256516096775699e-01 5.5256515904724168e-01 1.9205153023449384e-09 1.1051304862780915e+00 1.1051303180944834e+00 1.6818360815129552e-07
417 8.1347656250000000e-01 5.4751426207061893e-01 5.4751409742001900e-01 1.6465059993198139e-07 5.4751409932266060e-01 5.4751409742001900e-01 1.9026415998268931e-09 1.0950283613932794e+00 1.0950281948400380e+00 1.6655324142078598e-07
418 8.1542968750000000e-01 5.4244258522544431e-01 5.4244242219648497e-01 1.6302895933240080e-07 5.4244242408119703e-01 5.4244242219648497e-01 1.8847120530907091e-09 1.0848850093066413e+00 1.0848848443929699e+00 1.6491367138549151e-07
419 8.1738281250000000e-01 5.3735048572058042e-01 5.3735032432234442e-01 1.6139823599825576e-07 5.3735032618899237e-01 5.3735032432234442e-01 1.8666479473239406e-09 1.0747008119095729e+00 1.0747006486446888e+00 1.6326488405660200e-07
420 8.1933593750000000e-01 5.3223815527054930e-01 5.3223799551220541e-01 1.5975834388726184e-07 5.3223799736072286e-01 5.3223799551220541e-01 1.8485174502202995e-09 1.0644761526312720e+00 1.0644759910244108e+00 1.6160686122645984e-07
421 8.2128906250000000e-01 5.2710578635158201e-01 5.2710562824235696e-01 1.5810922504577718e-07 5.2710563007272127e-01 5.2710562824235696e-01 1.8303643045669560e-09 1.0542114164243033e+00 1.0542112564847139e+00 1.5993958935034414e-07
422 8.2324218750000000e-01 5.2195357219453220e-01 5.2195341574352661e-01 1.5645100559513736e-07 5.2195341755557145e-01 5.2195341574352661e-01 1.8120448475045237e-09 1.0439069897501037e+00 1.0439068314870532e+00 1.5826305044264188e-07
423 8.2519531250000000e-01 5.1678170677719470e-01 5.1678155199360309e-01 1.5478359161047450e-07 5.1678155378724056e-01 5.1678155199360309e-01 1.7936374607785410e-09 1.0335632605644354e+00 1.0335631039872062e+00 1.5657722918227535e-07
424 8.2714843750000000e-01 5.1159038481725017e-01 5.1159023171033269e-01 1.5310691747760785e-07 5.1159023348552590e-01 5.1159023171033269e-01 1.7751932146481408e-09 1.0231806183027761e+00 1.0231804634206654e+00 1.5488211069225599e-07
425 8.2910156250000000e-01 5.0637980176498676e-01 5.0637965034399079e-01 1.5142099596410219e-07 5.0637965210067137e-01 5.0637965034399079e-01 1.7566805787794237e-09 1.0127594538656581e+00 1.0127593006879816e+00 1.5317767654288161e-07
426 8.3105468750000000e-01 5.0115015379590599e-01 5.0115000407002008e-01 1.4972588591177782e-07 5.0115000580804892e-01 5.0115000407002008e-01 1.7380288319657211e-09 1.0023001596039549e+00 1.0023000081400402e+00 1.5146391474374354e-07
427 8.3300781250000000e-01 4.9590163780313401e-01 4.9590148978164755e-01 1.4802148645687296e-07 4.9590149150096724e-01 4.9590148978164755e-01 1.7193196866216454e-09 9.9180312930410119e-01 9.9180297956329511e-01 1.4974080608798346e-07
428 8.3496093750000000e-01 4.9063445139028544e-01 4.9063430508246908e-01 1.4630781636215673e-07 4.9063430678299208e-01 4.9063430508246908e-01 1.7005230001920779e-09 9.8126875817327752e-01 9.8126861016493816e-01 1.4800833936234881e-07
429 8.3691406250000000e-01 4.8534879286388261e-01 4.8534864827901220e-01 1.4458487040958090e-07 4.8534864996064075e-01 4.8534864827901220e-01 1.6816285586251922e-09 9.7069744282452342e-01 9.7069729655802439e-01 1.4626649902371724e-07
430 8.3886718750000000e-01 4.8004486122588674e-01 4.8004471837326740e-01 1.4285261934476878e-07 4.8004472003592025e-01 4.8004471837326740e-01 1.6626528487329040e-09 9.6008958126180699e-01 9.6008943674653480e-01 1.4451527219350169e-07
431 8.4082031250000000e-01 4.7472285616624416e-01 4.7472271505519864e-01 1.4111104551517428e-07 4.7472271669879806e-01 4.7472271505519864e-01 1.6435994232288920e-09 9.4944557286504216e-01 9.4944543011039728e-01 1.4275464488289202e-07
432 8.4277343750000000e-01 4.6938297805538609e-01 4.6938283869522202e-01 1.3936016407534169e-07 4.6938284031966515e-01 4.6938283869522202e-01 1.6244431355616484e-09 9.3876581837505124e-01 9.3876567739044403e-01 1.4098460721090333e-07
433 8.4472656250000000e-01 4.6402542793659451e-01 4.6402529033666479e-01 1.3759992972817159e-07 4.6402529194188225e-01 4.6402529033666479e-01 1.6052174589553658e-09 9.2805071987847676e-01 9.2805058067332957e-01 1.3920514718712695e-07
434 8.4667968750000000e-01 4.5865040751855235e-01 4.5865027168819489e-01 1.3583035746167482e-07 4.5865027327409053e-01 4.5865027168819489e-01 1.5858956370351507e-09 9.1730068079264293e-01 9.1730054337638978e-01 1.3741625315422112e-07
435 8.4863281250000000e-01 4.5325811916765663e-01 4.5325798511622578e-01 1.3405143084455062e-07 4.5325798668271300e-01 4.5325798511622578e-01 1.5664872177190148e-09 9.0651610585036968e-01 9.0651597023245156e-01 1.3561791811778079e-07
436 8.5058593750000000e-01 4.4784876590044559e-01 4.4784863363729988e-01 1.3226314571346265e-07 4.4784863518428780e-01 4.4784863363729988e-01 1.5469879266483133e-09 8.9569740108473339e-01 8.9569726727459975e-01 1.3381013364011096e-07
437 8.5253906250000000e-01 4.4242255137593556e-01 4.4242242091044209e-01 1.3046549346418246e-07 4.4242242243784330e-01 4.4242242091044209e-01 1.5274012055144226e-09 8.8484497381377891e-01 8.8484484182088419e-01 1.3199289472520803e-07
438 8.5449218750000000e-01 4.3697967988795750e-01 4.3697955122949572e-01 1.2865846177323448e-07 4.3697955273722838e-01 4.3697955122949572e-01 1.5077326609436170e-09 8.7395923262518593e-01 8.7395910245899144e-01 1.3016619448968925e-07
439 8.5644531250000000e-01 4.3152035635749597e-01 4.3152022951542696e-01 1.2684206901480977e-07 4.3152023100339076e-01 4.3152022951542696e-01 1.4879638077225366e-09 8.6304058736088674e-01 8.6304045903085391e-01 1.2833003282253230e-07
440 8.5839843750000000e-01 4.2604478632490222e-01 4.2604466130861357e-01 1.2501628865457803e-07 4.2604466277673070e-01 4.2604466130861357e-01 1.4681171278674299e-09 8.5208944910163287e-01 8.5208932261722714e-01 1.2648440572693431e-07
441 8.6035156250000000e-01 4.2055317594224351e-01 4.2055305276110283e-01 1.2318114067655372e-07 4.2055305420927752e-01 4.2055305276110283e-01 1.4481746912764493e-09 8.4110623015152108e-01 8.4110610552220566e-01 1.2462931542334132e-07
442 8.6230468750000000e-01 4.1504573196546507e-01 4.1504561062885370e-01 1.2133661136948248e-07 4.1504561205700496e-01 4.1504561062885370e-01 1.4281512639158223e-09 8.3009134402246998e-01 8.3009122125770740e-01 1.2276476257788715e-07
443 8.6425781250000000e-01 4.0952266174668422e-01 4.0952254226394869e-01 1.1948273553885613e-07 4.0952254367196733e-01 4.0952254226394869e-01 1.4080186461207234e-09 8.1904520541865156e-01 8.1904508452789737e-01 1.2089075418497686e-07
444 8.6621093750000000e-01 4.0398417322626973e-01 4.0398405560679052e-01 1.1761947921185012e-07 4.0398405699460543e-01 4.0398405560679052e-01 1.3878149185408972e-09 8.0796823022087516e-01 8.0796811121358103e-01 1.1900729413039102e-07
445 8.6816406250000000e-01 3.9843047492517430e-01 3.9843035917827191e-01 1.1574690239601892e-07 3.9843036054576175e-01 3.9843035917827191e-01 1.3674898435844796e-09 7.9686083547093611e-01 7.9686071835654382e-01 1.1711439229511456e-07
446 8.7011718750000000e-01 3.9286177593688509e-01 3.9286166207192347e-01 1.1386496162613113e-07 3.9286166341902362e-01 3.9286166207192347e-01 1.3471001536480287e-09 7.8572343935590871e-01 7.8572332414384694e-01 1.1521206177977916e-07
447 8.7207031250000000e-01 3.8727828591975100e-01 3.8727817394604480e-01 1.1197370619608904e-07 3.8727817527265312e-01 3.8727817394604480e-01 1.3266083231933123e-09 7.7455646119240407e-01 7.7455634789208960e-01 1.1330031446377120e-07
448 8.7402343750000000e-01 3.8168021508895944e-01 3.8168010501580718e-01 1.1007315225963765e-07 3.8168010632182425e-01 3.8168010501580718e-01 1.3060170722667408e-09 7.6336032141078369e-01 7.6336021003161436e-01 1.1137916933190439e-07
449 8.7597656250000000e-01 3.7606777420865978e-01 3.7606766604534259e-01 1.0816331719176731e-07 3.7606766733066777e-01 3.7606766604534259e-01 1.2853251796229870e-09 7.5213544153932754e-01 7.5213533209068517e-01 1.0944864237139029e-07
450 8.7792968750000000e-01 3.7044117458401998e-01 3.7044106833980528e-01 1.0624421470373235e-07 3.7044106960434975e-01 3.7044106833980528e-01 1.2645444691372631e-09 7.4088224418836979e-01 7.4088213667961056e-01 1.0750875922838077e-07
451 8.7988281250000000e-01 3.6480062805328711e-01 3.6480052373741956e-01 1.0431586755510480e-07 3.6480052498109433e-01 3.6480052373741956e-01 1.2436747742761156e-09 7.2960115303438144e-01 7.2960104747483912e-01 1.0555954232938092e-07
452 8.8183593750000000e-01 3.5914634697984965e-01 3.5914624460150074e-01 1.0237834890958197e-07 3.5914624582417415e-01 3.5914624460150074e-01 1.2226734069642475e-09 7.1829259280402380e-01 7.1829248920300148e-01 1.0360102231654622e-07
453 8.8378906250000000e-01 3.5347854424406638e-01 3.5347844381246335e-01 1.0043160303396803e-07 3.5347844501408915e-01 3.5347844381246335e-01 1.2016257988634038e-09 7.0695698925815553e-01 7.0695688762492670e-01 1.0163322883283143e-07
454 8.8574218750000000e-01 3.4779743323556206e-01 3.4779733475980285e-01 9.8475759213734193e-08 3.4779733594024315e-01 3.4779733475980285e-01 1.1804403010629017e-09 6.9559476917580521e-01 6.9559466951960569e-01 9.9656199514797095e-08
455 8.8769531250000000e-01 3.4210322784485475e-01 3.4210313133406456e-01 9.6510790192905205e-08 3.4210313249324625e-01 3.4210313133406456e-01 1.1591816950762279e-09 6.8420636033810101e-01 6.8420626266812912e-01 9.7669971887981433e-08
456 8.8964843750000000e-01 3.3639614245557770e-01 3.3639604791878941e-01 9.4536788286525564e-08 3.3639604905658838e-01 3.3639604791878941e-01 1.1377989661554011e-09 6.7279219151216607e-01 6.7279209583757882e-01 9.5674587252680965e-08
457 8.9160156250000000e-01 3.3067639193621018e-01 3.3067629938244147e-01 9.2553768704650707e-08 3.3067630049876540e-01 3.3067629938244147e-01 1.1163239221900767e-09 6.6135269243497552e-01 6.6135259876488295e-01 9.3670092571329633e-08
458 8.9355468750000000e-01 3.2494419163210819e-01 3.2494410107032123e-01 9.0561786958431867e-08 3.2494410216506997e-01 3.2494410107032123e-01 1.0947487361079311e-09 6.4988829379717816e-01 6.4988820214064247e-01 9.1656535694539798e-08
459 8.9550781250000000e-01 3.1919975735736866e-01 3.1919966879645439e-01 8.8560914268676072e-08 3.1919966986951265e-01 3.1919966879645439e-01 1.0730582533646782e-09 6.3839942722688137e-01 6.3839933759290879e-01 8.9633972577551901e-08
460 8.9746093750000000e-01 3.1344330538667176e-01 3.1344321883547016e-01 8.6551201594620153e-08 3.1344321988672602e-01 3.1344321883547016e-01 1.0512558601405431e-09 6.2688652527339772e-01 6.2688643767094032e-01 8.7602457399249545e-08
461 8.9941406250000000e-01 3.0767505244715121e-01 3.0767496791445520e-01 8.4532696009720354e-08 3.0767496894381341e-01 3.0767496791445520e-01 1.0293582097808951e-09 6.1535002139096462e-01 6.1534993582891040e-01 8.5562054219501249e-08
462 9.0136718750000000e-01 3.0189521571027683e-01 3.0189513320479727e-01 8.2505479559458195e-08 3.0189513421214498e-01 3.0189513320479727e-01 1.0073477052507940e-09 6.0379034992242175e-01 6.0379026640959454e-01 8.3512827209197837e-08
463 9.0332031250000000e-01 2.9610401278361959e-01 2.9610393231400561e-01 8.0469613972233844e-08 2.9610393329923851e-01 2.9610393231400561e-01 9.8523289526752933e-10 5.9220794608285809e-01 5.9220786462801123e-01 8.1454846867501374e-08
464 9.0527343750000000e-01 2.9030166170271426e-01 2.9030158327752137e-01 7.8425192895359430e-08 2.9030158424051489e-01 2.9030158327752137e-01 9.6299351826090174e-10 5.8060324594322910e-01 5.8060316655504274e-01 7.9388186358109181e-08
465 9.0722656250000000e-01 2.8448838092277512e-01 2.8448830455050539e-01 7.6372269730562437e-08 2.8448830549116094e-01 2.8448830455050539e-01 9.4065555344968743e-10 5.6897668641393606e-01 5.6897660910101078e-01 7.7312925284012124e-08
466 9.0917968750000000e-01 2.7866438931057713e-01 2.7866431499961652e-01 7.4310960607171239e-08 2.7866431591780183e-01 2.7866431499961652e-01 9.1818530556508904e-10 5.5732870522837896e-01 5.5732862999923305e-01 7.5229145912736328e-08
467 9.1113281250000000e-01 2.7282990613608699e-01 2.7282983389477006e-01 7.2241316928511878e-08 2.7282983479038814e-01 2.7282983389477006e-01 8.9561807969928964e-10 5.4565974092647518e-01 5.4565966778954011e-01 7.3136935063722319e-08
468 9.1308593750000000e-01 2.6698515106434184e-01 2.6698508090088113e-01 7.0163460708094760e-08 2.6698508177380642e-01 2.6698508090088113e-01 8.7292528760940513e-10 5.3397023283814826e-01 5.3397016180176227e-01 7.1036385995704165e-08
469 9.1503906250000000e-01 2.6113034414707287e-01 2.6113027606959721e-01 6.8077475656735942e-08 2.6113027691971530e-01 2.6113027606959721e-01 8.5011808703683300e-10 5.2226062106678817e-01 5.2226055213919442e-01 6.8927593743772775e-08
470 9.1699218750000000e-01 2.5526570581447966e-01 2.5526563983101030e-01 6.5983469355046509e-08 2.5526564065820184e-01 2.5526563983101030e-01 8.2719153748911367e-10 5.1053134647268150e-01 5.1053127966202061e-01 6.6810660892535623e-08
471 9.1894531250000000e-01 2.4939145686690065e-01 2.4939139298536092e-01 6.3881539724697234e-08 2.4939139378951283e-01 2.4939139298536092e-01 8.0415191172633627e-10 4.9878285065641348e-01 4.9878278597072184e-01 6.4685691636423570e-08
472 9.2089843750000000e-01 2.4350781846655570e-01 2.4350775669472177e-01 6.1771833925750030e-08 2.4350775747568593e-01 2.4350775669472177e-01 7.8096415445649825e-10 4.8701557594224165e-01 4.8701551338944354e-01 6.2552798107962104e-08
473 9.2285156250000000e-01 2.3761501212910199e-01 2.3761495247467465e-01 5.9654427342348271e-08 2.3761495323234150e-01 2.3761495247467465e-01 7.5766684592970535e-10 4.7522996536144346e-01 4.7522990494934930e-01 6.0412094160522400e-08
474 9.2480468750000000e-01 2.3171325971541851e-01 2.3171320218596694e-01 5.7529451563675948e-08 2.3171320292021708e-01 2.3171320218596694e-01 7.3425013291661401e-10 4.6342646263563558e-01 4.6342640437193389e-01 5.8263701696592562e-08
475 9.2675781250000000e-01 2.2580278342320423e-01 2.2580272802616219e-01 5.5397042036942068e-08 2.2580272873686333e-01 2.2580272802616219e-01 7.1070113683013858e-10 4.5160551216006756e-01 4.5160545605232438e-01 5.6107743173772207e-08
476 9.2871093750000000e-01 2.1988380577861308e-01 2.1988375252127101e-01 5.3257342064183533e-08 2.1988375320827908e-01 2.1988375252127101e-01 6.8700806155064242e-10 4.3976755898689213e-01 4.3976750504254203e-01 5.3944350097978599e-08
477 9.3066406250000000e-01 2.1395654962783600e-01 2.1395649851737625e-01 5.1110459753367365e-08 2.1395649918057250e-01 2.1395649851737625e-01 6.6319624791866261e-10 4.2791304880840852e-01 4.2791299703475250e-01 5.1773656029041604e-08
478 9.3261718750000000e-01 2.0802123812878873e-01 2.0802118917224147e-01 4.8956547260559091e-08 2.0802118981149265e-01 2.0802118917224147e-01 6.3925117976815216e-10 4.1604242794028135e-01 4.1604237834448293e-01 4.9595798412571668e-08
479 9.3457031250000000e-01 2.0207809474265748e-01 2.0207804794690790e-01 4.6795749580885726e-08 2.0207804856208203e-01 2.0207804794690790e-01 6.1517413385558939e-10 4.0415614330473948e-01 4.0415609589381579e-01 4.7410923686985740e-08
480 9.3652343750000000e-01 1.9612734322551312e-01 1.9612729859728459e-01 4.4628228529353109e-08 1.9612729918823438e-01 1.9612729859728459e-01 5.9094978910323448e-10 3.9225464241374752e-01 3.9225459719456918e-01 4.5219178346211919e-08
481 9.3847656250000000e-01 1.9016920761987693e-01 1.9016916516572024e-01 4.2454156690130418e-08 1.9016916573228054e-01 1.9016916516572024e-01 5.6656029867596658e-10 3.8033837335215748e-01 3.8033833033144049e-01 4.3020716988806385e-08
482 9.4042968750000000e-01 1.8420391224619412e-01 1.8420387197257188e-01 4.0273622242681384e-08 1.8420387251464576e-01 1.8420387197257188e-01 5.4207388577864890e-10 3.6840778476083991e-01 3.6840774394514375e-01 4.0815696156215608e-08
483 9.4238281250000000e-01 1.7823168169460726e-01 1.7823164360775573e-01 3.8086851533725152e-08 1.7823164412518355e-01 1.7823164360775573e-01 5.1742782281039013e-10 3.5646332581979079e-01 3.5646328721551146e-01 3.8604279328779967e-08
484 9.4433593750000000e-01 1.7225274081628947e-01 1.7225270492229516e-01 3.5893994304592169e-08 1.7225270541493309e-01 1.7225270492229516e-01 4.9263793044929116e-10 3.4450544623122259e-01 3.4450540984459033e-01 3.6386632262797036e-08
485 9.4628906250000000e-01 1.6626731471507569e-01 1.6626728101985147e-01 3.3695224221919062e-08 1.6626728148755504e-01 1.6626728101985147e-01 4.6770357031711285e-10 3.3253459620263071e-01 3.3253456203970294e-01 3.4162927764480600e-08
486 9.4824218750000000e-01 1.6027562873898296e-01 1.6027559724825199e-01 3.1490730967309588e-08 1.6027559769086244e-01 1.6027559724825199e-01 4.4261044829241314e-10 3.2055122642984540e-01 3.2055119449650399e-01 3.1933341415602001e-08
487 9.5019531250000000e-01 1.5427790847168946e-01 1.5427787919100469e-01 2.9280684765708997e-08 1.5427787960837175e-01 1.5427787919100469e-01 4.1736705758133041e-10 3.0855578808006123e-01 3.0855575838200938e-01 2.9698051851045904e-08
488 9.5214843750000000e-01 1.4827437972407156e-01 1.4827435265880362e-01 2.7065267943493510e-08 1.4827435305078110e-01 1.4827435265880362e-01 3.9197747825348017e-10 2.9654873277485266e-01 2.9654870531760724e-01 2.7457245421746990e-08
489 9.5410156250000000e-01 1.4226526852571658e-01 1.4226524368103041e-01 2.4844686169478436e-08 1.4226524404745317e-01 1.4226524368103041e-01 3.6642275325071694e-10 2.8453051257316975e-01 2.8453048736206082e-01 2.5211108922729153e-08
490 9.5605468750000000e-01 1.3625080111635399e-01 1.3625077849724079e-01 2.2619113193567131e-08 1.3625077883796444e-01 1.3625077849724079e-01 3.4072364374360120e-10 2.7250157995431845e-01 2.7250155699448159e-01 2.2959836865066308e-08
491 9.5800781250000000e-01 1.3023120393742543e-01 1.3023118354865046e-01 2.0388774973900681e-08 1.3023118386349924e-01 1.3023118354865046e-01 3.1484878593168730e-10 2.6046238780092468e-01 2.6046236709730092e-01 2.0703623759832368e-08
492 9.5996093750000000e-01 1.2420670362345962e-01 1.2420668546960602e-01 1.8153853600932912e-08 1.2420668575842432e-01 1.2420668546960602e-01 2.8881830260729657e-10 2.4841338938188395e-01 2.4841337093921204e-01 1.8442671917417996e-08
493 9.6191406250000000e-01 1.1817752699360846e-01 1.1817751107905601e-01 1.5914552453644148e-08 1.1817751134168729e-01 1.1817751107905601e-01 2.6263127783643370e-10 2.3635503833529575e-01 2.3635502215811202e-01 1.6177183731480582e-08
494 9.6386718750000000e-01 1.1214390104310551e-01 1.1214388737200762e-01 1.3671097892631323e-08 1.1214388760827824e-01 1.1214388737200762e-01 2.3627062806230725e-10 2.2428778865138377e-01 2.2428777474401523e-01 1.3907368534571418e-08
495 9.6582031250000000e-01 1.0610605293468069e-01 1.0610604151098410e-01 1.1423696585910470e-08 1.0610604172072333e-01 1.0610604151098410e-01 2.0973922598699346e-10 2.1221209465540403e-01 2.1221208302196820e-01 1.1633435825775251e-08
496 9.6777343750000000e-01 1.0006420999004487e-01 1.0006420081746863e-01 9.1725762402239397e-09 1.0006420100049433e-01 1.0006420081746863e-01 1.8302570570227772e-10 2.0012841099053919e-01 2.0012840163493725e-01 9.3556019320484296e-09
497 9.6972656250000000e-01 9.4018599681287937e-02 9.4018592763348910e-02 6.9179390271845165e-09 9.4018592919493479e-02 9.4018592763348910e-02 1.5614456949641919e-10 1.8803719260078142e-01 1.8803718552669782e-01 7.0740835966809357e-09
498 9.7167968750000000e-01 8.7969449622359516e-02 8.7969444962351595e-02 4.6600079212089085e-09 8.7969445091444470e-02 8.7969444962351595e-02 1.2909287527840263e-10 1.7593889471380397e-01 1.7593888992470319e-01 4.7891007826095233e-09
499 9.7363281250000000e-01 8.1916987560488055e-02 8.1916985161471542e-02 2.3990165132214969e-09 8.1916985263333922e-02 8.1916985161471542e-02 1.0186237964227018e-10 1.6383397282382198e-01 1.6383397032294308e-01 2.5008788928637671e-09
500 9.7558593750000000e-01 7.5861441367593638e-02 7.5861441232400267e-02 1.3519337038747636e-10 7.5861441306849131e-02 7.5861441232400267e-02 7.4448863740528282e-11 1.5172288267444278e-01 1.5172288246480053e-01 2.0964224800579245e-10
501 9.7753906250000000e-01 6.9803039031708133e-02 6.9803041162943225e-02 -2.1312350911850686e-09 6.9803041209799938e-02 6.9803041162943225e-02 4.6856712954124191e-11 1.3960608024150806e-01 1.3960608232588645e-01 -2.0843783921087322e-09
502 9.7949218750000000e-01 6.3742008648412216e-02 6.3742013048439669e-02 -4.4000274534994332e-09 6.3742013067513703e-02 6.3742013048439669e-02 1.9074034018906616e-11 1.2748402171592593e-01 1.2748402609687934e-01 -4.3809534056027388e-09
503 9.8144531250000000e-01 5.7678578412220315e-02 5.7678585083171523e-02 -6.6709512080986855e-09 5.7678585074275097e-02 5.7678585083171523e-02 -8.8964252631384966e-12 1.1535716348649541e-01 1.1535717016634305e-01 -6.6798476333618240e-09
504 9.8339843750000000e-01 5.1612976608008246e-02 5.1612985551775500e-02 -8.9437672545766844e-09 5.1612985514715458e-02 5.1612985551775500e-02 -3.7060042534786675e-11 1.0322596212272370e-01 1.0322597110355100e-01 -8.9808273040503650e-09
505 9.8535156250000000e-01 4.5545431602402417e-02 4.5545442820644808e-02 -1.1218242390587108e-08 4.5545442755233888e-02 4.5545442820644808e-02 -6.5410919736219597e-11 9.1090874357636298e-02 9.1090885641289615e-02 -1.1283653317262221e-08
506 9.8730468750000000e-01 3.9476171835209101e-02 3.9476185329334737e-02 -1.3494125636337451e-08 3.9476185235372066e-02 3.9476185329334737e-02 -9.3962670977276730e-11 7.8952357070581167e-02 7.8952370658669474e-02 -1.3588088307314727e-08
507 9.8925781250000000e-01 3.3405425810779377e-02 3.3405441581958607e-02 -1.5771179230628096e-08 3.3405441459247689e-02 3.3405441581958607e-02 -1.2271091781590471e-10 6.6810867270027066e-02 6.6810883163917215e-02 -1.5893890148444001e-08
508 9.9121093750000000e-01 2.7333422089428138e-02 2.7333440138587749e-02 -1.8049159611344123e-08 2.7333439986929515e-02 2.7333440138587749e-02 -1.5165823458174188e-10 5.4666862076357653e-02 5.4666880277175499e-02 -1.8200817845925865e-08
509 9.9316406250000000e-01 2.1260389278822824e-02 2.1260409606645034e-02 -2.0327822210230995e-08 2.1260409425837765e-02 2.1260409606645034e-02 -1.8080726846281259e-10 4.2520798704660592e-02 4.2520819213290068e-02 -2.0508629475224360e-08
510 9.9511718750000000e-01 1.5186556025346982e-02 1.5186578632296624e-02 -2.2606949642151042e-08 1.5186578422166768e-02 1.5186578632296624e-02 -2.1012985622348435e-10 3.0373134447513751e-02 3.0373157264593248e-02 -2.2817079496639803e-08
511 9.9707031250000000e-01 9.1121510049076045e-03 9.1121758918466349e-03 -2.4886939030410726e-08 9.1121756528605071e-03 9.1121758918466349e-03 -2.3898612776240835e-10 1.8224326657768110e-02 1.8224351783693270e-02 -2.5125925159907858e-08
512 9.9902343750000000e-01 3.0374029016934086e-03 3.0374300831241016e-03 -2.7181430693051789e-08 3.0374298296350325e-03 3.0374300831241016e-03 -2.5348906914496316e-10 6.0748327313284410e-03 6.0748601662482032e-03 -2.7434919762196752e-08
