scenario,alpha,rho,lambda_c,lambda_r,v_equilibrium,time,v_over_psi_center,free_energy_normalized,mass
alpha090_rho010_Lc1,0.9,0.1,1,0.111111,0.9,0,0,1,0.5
alpha090_rho010_Lc1,0.9,0.1,1,0.111111,0.9,0.01,0.0100419,0.955295,0.5
alpha090_rho010_Lc1,0.9,0.1,1,0.111111,0.9,0.02,0.020163,0.913647,0.5
alpha090_rho010_Lc1,0.9,0.1,1,0.111111,0.9,0.03,0.0303559,0.874819,0.5
alpha090_rho010_Lc1,0.9,0.1,1,0.111111,0.9,0.04,0.0406133,0.838594,0.5
alpha090_rho010_Lc1,0.9,0.1,1,0.111111,0.9,0.05,0.0509277,0.804772,0.5
alpha090_rho010_Lc1,0.9,0.1,1,0.111111,0.9,0.06,0.0612916,0.773166,0.5
alpha090_rho010_Lc1,0.9,0.1,1,0.111111,0.9,0.07,0.0716974,0.743608,0.5
alpha090_rho010_Lc1,0.9,0.1,1,0.111111,0.9,0.08,0.0821374,0.715941,0.5
alpha090_rho010_Lc1,0.9,0.1,1,0.111111,0.9,0.09,0.0926041,0.690019,0.5
alpha090_rho010_Lc1,0.9,0.1,1,0.111111,0.9,0.1,0.10309,0.665711,0.5
alpha090_rho010_Lc1,0.9,0.1,1,0.111111,0.9,0.11,0.113587,0.642893,0.5
alpha090_rho010_Lc1,0.9,0.1,1,0.111111,0.9,0.12,0.124088,0.621452,0.5
alpha090_rho010_Lc1,0.9,0.1,1,0.111111,0.9,0.13,0.134586,0.601286,0.5
alpha090_rho010_Lc1,0.9,0.1,1,0.111111,0.9,0.14,0.145074,0.582297,0.5
alpha090_rho010_Lc1,0.9,0.1,1,0.111111,0.9,0.15,0.155544,0.564399,0.5
alpha090_rho010_Lc1,0.9,0.1,1,0.111111,0.9,0.16,0.165988,0.54751,0.5
alpha090_rho010_Lc1,0.9,0.1,1,0.111111,0.9,0.17,0.176402,0.531555,0.5
alpha090_rho010_Lc1,0.9,0.1,1,0.111111,0.9,0.18,0.186777,0.516465,0.5
alpha090_rho010_Lc1,0.9,0.1,1,0.111111,0.9,0.19,0.197107,0.502178,0.5
alpha090_rho010_Lc1,0.9,0.1,1,0.111111,0.9,0.2,0.207387,0.488634,0.5
alpha090_rho010_Lc1,0.9,0.1,1,0.111111,0.9,0.21,0.21761,0.475781,0.5
alpha090_rho010_Lc1,0.9,0.1,1,0.111111,0.9,0.22,0.227769,0.463569,0.5
alpha090_rho010_Lc1,0.9,0.1,1,0.111111,0.9,0.23,0.237861,0.451951,0.5
alpha090_rho010_Lc1,0.9,0.1,1,0.111111,0.9,0.24,0.247879,0.440887,0.5
alpha090_rho010_Lc1,0.9,0.1,1,0.111111,0.9,0.25,0.257819,0.430338,0.5
alpha090_rho010_Lc1,0.9,0.1,1,0.111111,0.9,0.26,0.267675,0.420267,0.5
alpha090_rho010_Lc1,0.9,0.1,1,0.111111,0.9,0.27,0.277443,0.410643,0.5
alpha090_rho010_Lc1,0.9,0.1,1,0.111111,0.9,0.28,0.28712,0.401435,0.5
alpha090_rho010_Lc1,0.9,0.1,1,0.111111,0.9,0.29,0.2967,0.392615,0.5
alpha090_rho010_Lc1,0.9,0.1,1,0.111111,0.9,0.3,0.306181,0.384157,0.5
alpha090_rho010_Lc1,0.9,0.1,1,0.111111,0.9,0.31,0.315558,0.376039,0.5
alpha090_rho010_Lc1,0.9,0.1,1,0.111111,0.9,0.32,0.324829,0.368237,0.5
alpha090_rho010_Lc1,0.9,0.1,1,0.111111,0.9,0.33,0.333991,0.360733,0.5
alpha090_rho010_Lc1,0.9,0.1,1,0.111111,0.9,0.34,0.343041,0.353508,0.5
alpha090_rho010_Lc1,0.9,0.1,1,0.111111,0.9,0.35,0.351977,0.346543,0.5
alpha090_rho010_Lc1,0.9,0.1,1,0.111111,0.9,0.36,0.360797,0.339825,0.5
alpha090_rho010_Lc1,0.9,0.1,1,0.111111,0.9,0.37,0.369499,0.333338,0.5
alpha090_rho010_Lc1,0.9,0.1,1,0.111111,0.9,0.38,0.378081,0.327069,0.5
alpha090_rho010_Lc1,0.9,0.1,1,0.111111,0.9,0.39,0.386541,0.321005,0.5
alpha090_rho010_Lc1,0.9,0.1,1,0.111111,0.9,0.4,0.394879,0.315135,0.5
alpha090_rho010_Lc1,0.9,0.1,1,0.111111,0.9,0.41,0.403094,0.309448,0.5
alpha090_rho010_Lc1,0.9,0.1,1,0.111111,0.9,0.42,0.411185,0.303935,0.5
alpha090_rho010_Lc1,0.9,0.1,1,0.111111,0.9,0.43,0.419152,0.298587,0.5
alpha090_rho010_Lc1,0.9,0.1,1,0.111111,0.9,0.44,0.426993,0.293395,0.5
alpha090_rho010_Lc1,0.9,0.1,1,0.111111,0.9,0.45,0.434709,0.288351,0.5
alpha090_rho010_Lc1,0.9,0.1,1,0.111111,0.9,0.46,0.4423,0.283448,0.5
alpha090_rho010_Lc1,0.9,0.1,1,0.111111,0.9,0.47,0.449766,0.278679,0.5
alpha090_rho010_Lc1,0.9,0.1,1,0.111111,0.9,0.48,0.457108,0.274039,0.5
alpha090_rho010_Lc1,0.9,0.1,1,0.111111,0.9,0.49,0.464325,0.269522,0.5
alpha090_rho010_Lc1,0.9,0.1,1,0.111111,0.9,0.5,0.471418,0.265122,0.5
alpha090_rho010_Lc1,0.9,0.1,1,0.111111,0.9,0.51,0.478389,0.260834,0.5
alpha090_rho010_Lc1,0.9,0.1,1,0.111111,0.9,0.52,0.485237,0.256654,0.5
alpha090_rho010_Lc1,0.9,0.1,1,0.111111,0.9,0.53,0.491965,0.252577,0.5
alpha090_rho010_Lc1,0.9,0.1,1,0.111111,0.9,0.54,0.498572,0.248599,0.5
alpha090_rho010_Lc1,0.9,0.1,1,0.111111,0.9,0.55,0.50506,0.244716,0.5
alpha090_rho010_Lc1,0.9,0.1,1,0.111111,0.9,0.56,0.51143,0.240926,0.5
alpha090_rho010_Lc1,0.9,0.1,1,0.111111,0.9,0.57,0.517684,0.237225,0.5
alpha090_rho010_Lc1,0.9,0.1,1,0.111111,0.9,0.58,0.523823,0.233609,0.5
alpha090_rho010_Lc1,0.9,0.1,1,0.111111,0.9,0.59,0.529848,0.230076,0.5
alpha090_rho010_Lc1,0.9,0.1,1,0.111111,0.9,0.6,0.535761,0.226622,0.5
alpha090_rho010_Lc1,0.9,0.1,1,0.111111,0.9,0.61,0.541564,0.223247,0.5
alpha090_rho010_Lc1,0.9,0.1,1,0.111111,0.9,0.62,0.547257,0.219946,0.5
alpha090_rho010_Lc1,0.9,0.1,1,0.111111,0.9,0.63,0.552843,0.216718,0.5
alpha090_rho010_Lc1,0.9,0.1,1,0.111111,0.9,0.64,0.558323,0.21356,0.5
alpha090_rho010_Lc1,0.9,0.1,1,0.111111,0.9,0.65,0.563699,0.210472,0.5
alpha090_rho010_Lc1,0.9,0.1,1,0.111111,0.9,0.66,0.568973,0.207449,0.5
alpha090_rho010_Lc1,0.9,0.1,1,0.111111,0.9,0.67,0.574146,0.204492,0.5
alpha090_rho010_Lc1,0.9,0.1,1,0.111111,0.9,0.68,0.57922,0.201598,0.5
alpha090_rho010_Lc1,0.9,0.1,1,0.111111,0.9,0.69,0.584197,0.198765,0.5
alpha090_rho010_Lc1,0.9,0.1,1,0.111111,0.9,0.7,0.589078,0.195992,0.5
alpha090_rho010_Lc1,0.9,0.1,1,0.111111,0.9,0.71,0.593866,0.193277,0.5
alpha090_rho010_Lc1,0.9,0.1,1,0.111111,0.9,0.72,0.598562,0.190619,0.5
alpha090_rho010_Lc1,0.9,0.1,1,0.111111,0.9,0.73,0.603168,0.188016,0.5
alpha090_rho010_Lc1,0.9,0.1,1,0.111111,0.9,0.74,0.607686,0.185468,0.5
alpha090_rho010_Lc1,0.9,0.1,1,0.111111,0.9,0.75,0.612117,0.182973,0.5
alpha090_rho010_Lc1,0.9,0.1,1,0.111111,0.9,0.76,0.616463,0.180529,0.5
alpha090_rho010_Lc1,0.9,0.1,1,0.111111,0.9,0.77,0.620726,0.178136,0.5
alpha090_rho010_Lc1,0.9,0.1,1,0.111111,0.9,0.78,0.624907,0.175793,0.5
alpha090_rho010_Lc1,0.9,0.1,1,0.111111,0.9,0.79,0.629009,0.173497,0.5
alpha090_rho010_Lc1,0.9,0.1,1,0.111111,0.9,0.8,0.633033,0.171249,0.5
alpha090_rho010_Lc1,0.9,0.1,1,0.111111,0.9,0.81,0.63698,0.169047,0.5
alpha090_rho010_Lc1,0.9,0.1,1,0.111111,0.9,0.82,0.640852,0.16689,0.5
alpha090_rho010_Lc1,0.9,0.1,1,0.111111,0.9,0.83,0.644651,0.164778,0.5
alpha090_rho010_Lc1,0.9,0.1,1,0.111111,0.9,0.84,0.648379,0.162709,0.5
alpha090_rho010_Lc1,0.9,0.1,1,0.111111,0.9,0.85,0.652036,0.160682,0.5
alpha090_rho010_Lc1,0.9,0.1,1,0.111111,0.9,0.86,0.655625,0.158697,0.5
alpha090_rho010_Lc1,0.9,0.1,1,0.111111,0.9,0.87,0.659147,0.156753,0.5
alpha090_rho010_Lc1,0.9,0.1,1,0.111111,0.9,0.88,0.662604,0.154848,0.5
alpha090_rho010_Lc1,0.9,0.1,1,0.111111,0.9,0.89,0.665996,0.152982,0.5
alpha090_rho010_Lc1,0.9,0.1,1,0.111111,0.9,0.9,0.669325,0.151155,0.5
alpha090_rho010_Lc1,0.9,0.1,1,0.111111,0.9,0.91,0.672594,0.149366,0.5
alpha090_rho010_Lc1,0.9,0.1,1,0.111111,0.9,0.92,0.675802,0.147613,0.5
alpha090_rho010_Lc1,0.9,0.1,1,0.111111,0.9,0.93,0.678952,0.145896,0.5
alpha090_rho010_Lc1,0.9,0.1,1,0.111111,0.9,0.94,0.682045,0.144214,0.5
alpha090_rho010_Lc1,0.9,0.1,1,0.111111,0.9,0.95,0.685081,0.142567,0.5
alpha090_rho010_Lc1,0.9,0.1,1,0.111111,0.9,0.96,0.688064,0.140954,0.5
alpha090_rho010_Lc1,0.9,0.1,1,0.111111,0.9,0.97,0.690992,0.139374,0.5
alpha090_rho010_Lc1,0.9,0.1,1,0.111111,0.9,0.98,0.693869,0.137826,0.5
alpha090_rho010_Lc1,0.9,0.1,1,0.111111,0.9,0.99,0.696694,0.136311,0.5
alpha090_rho010_Lc1,0.9,0.1,1,0.111111,0.9,1,0.699469,0.134827,0.5
alpha090_rho010_Lc1,0.9,0.1,1,0.111111,0.9,1.01,0.702196,0.133373,0.5
alpha090_rho010_Lc1,0.9,0.1,1,0.111111,0.9,1.02,0.704875,0.13195,0.5
alpha090_rho010_Lc1,0.9,0.1,1,0.111111,0.9,1.03,0.707508,0.130556,0.5
alpha090_rho010_Lc1,0.9,0.1,1,0.111111,0.9,1.04,0.710095,0.129191,0.5
alpha090_rho010_Lc1,0.9,0.1,1,0.111111,0.9,1.05,0.712637,0.127854,0.5
alpha090_rho010_Lc1,0.9,0.1,1,0.111111,0.9,1.06,0.715136,0.126545,0.5
alpha090_rho010_Lc1,0.9,0.1,1,0.111111,0.9,1.07,0.717592,0.125264,0.5
alpha090_rho010_Lc1,0.9,0.1,1,0.111111,0.9,1.08,0.720007,0.124009,0.5
alpha090_rho010_Lc1,0.9,0.1,1,0.111111,0.9,1.09,0.722381,0.12278,0.5
alpha090_rho010_Lc1,0.9,0.1,1,0.111111,0.9,1.1,0.724716,0.121577,0.5
alpha090_rho010_Lc1,0.9,0.1,1,0.111111,0.9,1.11,0.727011,0.120399,0.5
alpha090_rho010_Lc1,0.9,0.1,1,0.111111,0.9,1.12,0.729269,0.119245,0.5
alpha090_rho010_Lc1,0.9,0.1,1,0.111111,0.9,1.13,0.731489,0.118116,0.5
alpha090_rho010_Lc1,0.9,0.1,1,0.111111,0.9,1.14,0.733674,0.11701,0.5
alpha090_rho010_Lc1,0.9,0.1,1,0.111111,0.9,1.15,0.735822,0.115928,0.5
alpha090_rho010_Lc1,0.9,0.1,1,0.111111,0.9,1.16,0.737936,0.114868,0.5
alpha090_rho010_Lc1,0.9,0.1,1,0.111111,0.9,1.17,0.740016,0.11383,0.5
alpha090_rho010_Lc1,0.9,0.1,1,0.111111,0.9,1.18,0.742062,0.112815,0.5
alpha090_rho010_Lc1,0.9,0.1,1,0.111111,0.9,1.19,0.744076,0.11182,0.5
alpha090_rho010_Lc1,0.9,0.1,1,0.111111,0.9,1.2,0.746058,0.110847,0.5
alpha090_rho010_Lc1,0.9,0.1,1,0.111111,0.9,1.21,0.748009,0.109894,0.5
alpha090_rho010_Lc1,0.9,0.1,1,0.111111,0.9,1.22,0.749929,0.108961,0.5
alpha090_rho010_Lc1,0.9,0.1,1,0.111111,0.9,1.23,0.751819,0.108048,0.5
alpha090_rho010_Lc1,0.9,0.1,1,0.111111,0.9,1.24,0.753681,0.107155,0.5
alpha090_rho010_Lc1,0.9,0.1,1,0.111111,0.9,1.25,0.755513,0.10628,0.5
alpha090_rho010_Lc1,0.9,0.1,1,0.111111,0.9,1.26,0.757318,0.105424,0.5
alpha090_rho010_Lc1,0.9,0.1,1,0.111111,0.9,1.27,0.759095,0.104586,0.5
alpha090_rho010_Lc1,0.9,0.1,1,0.111111,0.9,1.28,0.760845,0.103765,0.5
alpha090_rho010_Lc1,0.9,0.1,1,0.111111,0.9,1.29,0.762569,0.102962,0.5
alpha090_rho010_Lc1,0.9,0.1,1,0.111111,0.9,1.3,0.764267,0.102177,0.5
alpha090_rho010_Lc1,0.9,0.1,1,0.111111,0.9,1.31,0.765939,0.101407,0.5
alpha090_rho010_Lc1,0.9,0.1,1,0.111111,0.9,1.32,0.767587,0.100655,0.5
alpha090_rho010_Lc1,0.9,0.1,1,0.111111,0.9,1.33,0.769211,0.099918,0.5
alpha090_rho010_Lc1,0.9,0.1,1,0.111111,0.9,1.34,0.770811,0.099197,0.5
alpha090_rho010_Lc1,0.9,0.1,1,0.111111,0.9,1.35,0.772387,0.0984914,0.5
alpha090_rho010_Lc1,0.9,0.1,1,0.111111,0.9,1.36,0.773941,0.0978009,0.5
alpha090_rho010_Lc1,0.9,0.1,1,0.111111,0.9,1.37,0.775472,0.0971252,0.5
alpha090_rho010_Lc1,0.9,0.1,1,0.111111,0.9,1.38,0.776981,0.0964639,0.5
alpha090_rho010_Lc1,0.9,0.1,1,0.111111,0.9,1.39,0.778469,0.0958167,0.5
alpha090_rho010_Lc1,0.9,0.1,1,0.111111,0.9,1.4,0.779935,0.0951834,0.5
alpha090_rho010_Lc1,0.9,0.1,1,0.111111,0.9,1.41,0.781381,0.0945637,0.5
alpha090_rho010_Lc1,0.9,0.1,1,0.111111,0.9,1.42,0.782807,0.0939572,0.5
alpha090_rho010_Lc1,0.9,0.1,1,0.111111,0.9,1.43,0.784212,0.0933638,0.5
alpha090_rho010_Lc1,0.9,0.1,1,0.111111,0.9,1.44,0.785598,0.0927831,0.5
alpha090_rho010_Lc1,0.9,0.1,1,0.111111,0.9,1.45,0.786964,0.0922149,0.5
alpha090_rho010_Lc1,0.9,0.1,1,0.111111,0.9,1.46,0.788312,0.0916589,0.5
alpha090_rho010_Lc1,0.9,0.1,1,0.111111,0.9,1.47,0.789641,0.0911149,0.5
alpha090_rho010_Lc1,0.9,0.1,1,0.111111,0.9,1.48,0.790952,0.0905826,0.5
alpha090_rho010_Lc1,0.9,0.1,1,0.111111,0.9,1.49,0.792245,0.0900617,0.5
alpha090_rho010_Lc1,0.9,0.1,1,0.111111,0.9,1.5,0.793521,0.089552,0.5
alpha090_rho010_Lc1,0.9,0.1,1,0.111111,0.9,1.51,0.794779,0.0890534,0.5
alpha090_rho010_Lc1,0.9,0.1,1,0.111111,0.9,1.52,0.796021,0.0885655,0.5
alpha090_rho010_Lc1,0.9,0.1,1,0.111111,0.9,1.53,0.797245,0.0880881,0.5
alpha090_rho010_Lc1,0.9,0.1,1,0.111111,0.9,1.54,0.798454,0.087621,0.5
alpha090_rho010_Lc1,0.9,0.1,1,0.111111,0.9,1.55,0.799646,0.087164,0.5
alpha090_rho010_Lc1,0.9,0.1,1,0.111111,0.9,1.56,0.800822,0.0867169,0.5
alpha090_rho010_Lc1,0.9,0.1,1,0.111111,0.9,1.57,0.801983,0.0862795,0.5
alpha090_rho010_Lc1,0.9,0.1,1,0.111111,0.9,1.58,0.803129,0.0858515,0.5
alpha090_rho010_Lc1,0.9,0.1,1,0.111111,0.9,1.59,0.80426,0.0854327,0.5
alpha090_rho010_Lc1,0.9,0.1,1,0.111111,0.9,1.6,0.805376,0.0850231,0.5
alpha090_rho010_Lc1,0.9,0.1,1,0.111111,0.9,1.61,0.806477,0.0846223,0.5
alpha090_rho010_Lc1,0.9,0.1,1,0.111111,0.9,1.62,0.807565,0.0842302,0.5
alpha090_rho010_Lc1,0.9,0.1,1,0.111111,0.9,1.63,0.808638,0.0838465,0.5
alpha090_rho010_Lc1,0.9,0.1,1,0.111111,0.9,1.64,0.809697,0.0834712,0.5
alpha090_rho010_Lc1,0.9,0.1,1,0.111111,0.9,1.65,0.810743,0.0831041,0.5
alpha090_rho010_Lc1,0.9,0.1,1,0.111111,0.9,1.66,0.811776,0.0827449,0.5
alpha090_rho010_Lc1,0.9,0.1,1,0.111111,0.9,1.67,0.812795,0.0823935,0.5
alpha090_rho010_Lc1,0.9,0.1,1,0.111111,0.9,1.68,0.813801,0.0820497,0.5
alpha090_rho010_Lc1,0.9,0.1,1,0.111111,0.9,1.69,0.814795,0.0817134,0.5
alpha090_rho010_Lc1,0.9,0.1,1,0.111111,0.9,1.7,0.815776,0.0813844,0.5
alpha090_rho010_Lc1,0.9,0.1,1,0.111111,0.9,1.71,0.816745,0.0810625,0.5
alpha090_rho010_Lc1,0.9,0.1,1,0.111111,0.9,1.72,0.817702,0.0807477,0.5
alpha090_rho010_Lc1,0.9,0.1,1,0.111111,0.9,1.73,0.818647,0.0804397,0.5
alpha090_rho010_Lc1,0.9,0.1,1,0.111111,0.9,1.74,0.81958,0.0801383,0.5
alpha090_rho010_Lc1,0.9,0.1,1,0.111111,0.9,1.75,0.820501,0.0798436,0.5
alpha090_rho010_Lc1,0.9,0.1,1,0.111111,0.9,1.76,0.821411,0.0795552,0.5
alpha090_rho010_Lc1,0.9,0.1,1,0.111111,0.9,1.77,0.82231,0.0792732,0.5
alpha090_rho010_Lc1,0.9,0.1,1,0.111111,0.9,1.78,0.823197,0.0789973,0.5
alpha090_rho010_Lc1,0.9,0.1,1,0.111111,0.9,1.79,0.824074,0.0787273,0.5
alpha090_rho010_Lc1,0.9,0.1,1,0.111111,0.9,1.8,0.82494,0.0784633,0.5
alpha090_rho010_Lc1,0.9,0.1,1,0.111111,0.9,1.81,0.825796,0.078205,0.5
alpha090_rho010_Lc1,0.9,0.1,1,0.111111,0.9,1.82,0.826641,0.0779524,0.5
alpha090_rho010_Lc1,0.9,0.1,1,0.111111,0.9,1.83,0.827475,0.0777052,0.5
alpha090_rho010_Lc1,0.9,0.1,1,0.111111,0.9,1.84,0.8283,0.0774634,0.5
alpha090_rho010_Lc1,0.9,0.1,1,0.111111,0.9,1.85,0.829114,0.077227,0.5
alpha090_rho010_Lc1,0.9,0.1,1,0.111111,0.9,1.86,0.829919,0.0769956,0.5
alpha090_rho010_Lc1,0.9,0.1,1,0.111111,0.9,1.87,0.830714,0.0767694,0.5
alpha090_rho010_Lc1,0.9,0.1,1,0.111111,0.9,1.88,0.8315,0.076548,0.5
alpha090_rho010_Lc1,0.9,0.1,1,0.111111,0.9,1.89,0.832276,0.0763315,0.5
alpha090_rho010_Lc1,0.9,0.1,1,0.111111,0.9,1.9,0.833042,0.0761197,0.5
alpha090_rho010_Lc1,0.9,0.1,1,0.111111,0.9,1.91,0.8338,0.0759125,0.5
alpha090_rho010_Lc1,0.9,0.1,1,0.111111,0.9,1.92,0.834549,0.0757099,0.5
alpha090_rho010_Lc1,0.9,0.1,1,0.111111,0.9,1.93,0.835288,0.0755117,0.5
alpha090_rho010_Lc1,0.9,0.1,1,0.111111,0.9,1.94,0.836019,0.0753178,0.5
alpha090_rho010_Lc1,0.9,0.1,1,0.111111,0.9,1.95,0.836741,0.0751282,0.5
alpha090_rho010_Lc1,0.9,0.1,1,0.111111,0.9,1.96,0.837455,0.0749427,0.5
alpha090_rho010_Lc1,0.9,0.1,1,0.111111,0.9,1.97,0.83816,0.0747612,0.5
alpha090_rho010_Lc1,0.9,0.1,1,0.111111,0.9,1.98,0.838857,0.0745837,0.5
alpha090_rho010_Lc1,0.9,0.1,1,0.111111,0.9,1.99,0.839545,0.0744101,0.5
alpha090_rho010_Lc1,0.9,0.1,1,0.111111,0.9,2,0.840226,0.0742403,0.5
alpha090_rho010_Lc1,0.9,0.1,1,0.111111,0.9,2.01,0.840898,0.0740742,0.5
alpha090_rho010_Lc1,0.9,0.1,1,0.111111,0.9,2.02,0.841563,0.0739118,0.5
alpha090_rho010_Lc1,0.9,0.1,1,0.111111,0.9,2.03,0.84222,0.0737529,0.5
alpha090_rho010_Lc1,0.9,0.1,1,0.111111,0.9,2.04,0.842869,0.0735975,0.5
alpha090_rho010_Lc1,0.9,0.1,1,0.111111,0.9,2.05,0.843511,0.0734454,0.5
alpha090_rho010_Lc1,0.9,0.1,1,0.111111,0.9,2.06,0.844145,0.0732967,0.5
alpha090_rho010_Lc1,0.9,0.1,1,0.111111,0.9,2.07,0.844772,0.0731513,0.5
alpha090_rho010_Lc1,0.9,0.1,1,0.111111,0.9,2.08,0.845391,0.073009,0.5
alpha090_rho010_Lc1,0.9,0.1,1,0.111111,0.9,2.09,0.846003,0.0728699,0.5
alpha090_rho010_Lc1,0.9,0.1,1,0.111111,0.9,2.1,0.846608,0.0727338,0.5
alpha090_rho010_Lc1,0.9,0.1,1,0.111111,0.9,2.11,0.847207,0.0726006,0.5
alpha090_rho010_Lc1,0.9,0.1,1,0.111111,0.9,2.12,0.847798,0.0724704,0.5
alpha090_rho010_Lc1,0.9,0.1,1,0.111111,0.9,2.13,0.848382,0.0723431,0.5
alpha090_rho010_Lc1,0.9,0.1,1,0.111111,0.9,2.14,0.84896,0.0722185,0.5
alpha090_rho010_Lc1,0.9,0.1,1,0.111111,0.9,2.15,0.849531,0.0720967,0.5
alpha090_rho010_Lc1,0.9,0.1,1,0.111111,0.9,2.16,0.850095,0.0719775,0.5
alpha090_rho010_Lc1,0.9,0.1,1,0.111111,0.9,2.17,0.850653,0.071861,0.5
alpha090_rho010_Lc1,0.9,0.1,1,0.111111,0.9,2.18,0.851205,0.071747,0.5
alpha090_rho010_Lc1,0.9,0.1,1,0.111111,0.9,2.19,0.85175,0.0716354,0.5
alpha090_rho010_Lc1,0.9,0.1,1,0.111111,0.9,2.2,0.852289,0.0715264,0.5
alpha090_rho010_Lc1,0.9,0.1,1,0.111111,0.9,2.21,0.852821,0.0714197,0.5
alpha090_rho010_Lc1,0.9,0.1,1,0.111111,0.9,2.22,0.853348,0.0713154,0.5
alpha090_rho010_Lc1,0.9,0.1,1,0.111111,0.9,2.23,0.853869,0.0712133,0.5
alpha090_rho010_Lc1,0.9,0.1,1,0.111111,0.9,2.24,0.854383,0.0711135,0.5
alpha090_rho010_Lc1,0.9,0.1,1,0.111111,0.9,2.25,0.854892,0.0710159,0.5
alpha090_rho010_Lc1,0.9,0.1,1,0.111111,0.9,2.26,0.855395,0.0709204,0.5
alpha090_rho010_Lc1,0.9,0.1,1,0.111111,0.9,2.27,0.855892,0.070827,0.5
alpha090_rho010_Lc1,0.9,0.1,1,0.111111,0.9,2.28,0.856384,0.0707357,0.5
alpha090_rho010_Lc1,0.9,0.1,1,0.111111,0.9,2.29,0.85687,0.0706463,0.5
alpha090_rho010_Lc1,0.9,0.1,1,0.111111,0.9,2.3,0.85735,0.070559,0.5
alpha090_rho010_Lc1,0.9,0.1,1,0.111111,0.9,2.31,0.857825,0.0704735,0.5
alpha090_rho010_Lc1,0.9,0.1,1,0.111111,0.9,2.32,0.858295,0.0703899,0.5
alpha090_rho010_Lc1,0.9,0.1,1,0.111111,0.9,2.33,0.858759,0.0703082,0.5
alpha090_rho010_Lc1,0.9,0.1,1,0.111111,0.9,2.34,0.859218,0.0702282,0.5
alpha090_rho010_Lc1,0.9,0.1,1,0.111111,0.9,2.35,0.859672,0.07015,0.5
alpha090_rho010_Lc1,0.9,0.1,1,0.111111,0.9,2.36,0.860121,0.0700735,0.5
alpha090_rho010_Lc1,0.9,0.1,1,0.111111,0.9,2.37,0.860565,0.0699987,0.5
alpha090_rho010_Lc1,0.9,0.1,1,0.111111,0.9,2.38,0.861003,0.0699255,0.5
alpha090_rho010_Lc1,0.9,0.1,1,0.111111,0.9,2.39,0.861437,0.0698539,0.5
alpha090_rho010_Lc1,0.9,0.1,1,0.111111,0.9,2.4,0.861866,0.0697839,0.5
alpha090_rho010_Lc1,0.9,0.1,1,0.111111,0.9,2.41,0.86229,0.0697155,0.5
alpha090_rho010_Lc1,0.9,0.1,1,0.111111,0.9,2.42,0.862709,0.0696485,0.5
alpha090_rho010_Lc1,0.9,0.1,1,0.111111,0.9,2.43,0.863123,0.069583,0.5
alpha090_rho010_Lc1,0.9,0.1,1,0.111111,0.9,2.44,0.863533,0.069519,0.5
alpha090_rho010_Lc1,0.9,0.1,1,0.111111,0.9,2.45,0.863938,0.0694563,0.5
alpha090_rho010_Lc1,0.9,0.1,1,0.111111,0.9,2.46,0.864339,0.0693951,0.5
alpha090_rho010_Lc1,0.9,0.1,1,0.111111,0.9,2.47,0.864735,0.0693351,0.5
alpha090_rho010_Lc1,0.9,0.1,1,0.111111,0.9,2.48,0.865126,0.0692765,0.5
alpha090_rho010_Lc1,0.9,0.1,1,0.111111,0.9,2.49,0.865513,0.0692192,0.5
alpha090_rho010_Lc1,0.9,0.1,1,0.111111,0.9,2.5,0.865896,0.0691631,0.5
alpha090_rho010_Lc1,0.9,0.1,1,0.111111,0.9,2.51,0.866275,0.0691083,0.5
alpha090_rho010_Lc1,0.9,0.1,1,0.111111,0.9,2.52,0.866649,0.0690547,0.5
alpha090_rho010_Lc1,0.9,0.1,1,0.111111,0.9,2.53,0.867019,0.0690022,0.5
alpha090_rho010_Lc1,0.9,0.1,1,0.111111,0.9,2.54,0.867385,0.0689509,0.5
alpha090_rho010_Lc1,0.9,0.1,1,0.111111,0.9,2.55,0.867747,0.0689007,0.5
alpha090_rho010_Lc1,0.9,0.1,1,0.111111,0.9,2.56,0.868105,0.0688517,0.5
alpha090_rho010_Lc1,0.9,0.1,1,0.111111,0.9,2.57,0.868459,0.0688037,0.5
alpha090_rho010_Lc1,0.9,0.1,1,0.111111,0.9,2.58,0.868808,0.0687567,0.5
alpha090_rho010_Lc1,0.9,0.1,1,0.111111,0.9,2.59,0.869154,0.0687108,0.5
alpha090_rho010_Lc1,0.9,0.1,1,0.111111,0.9,2.6,0.869496,0.0686659,0.5
alpha090_rho010_Lc1,0.9,0.1,1,0.111111,0.9,2.61,0.869835,0.068622,0.5
alpha090_rho010_Lc1,0.9,0.1,1,0.111111,0.9,2.62,0.870169,0.068579,0.5
alpha090_rho010_Lc1,0.9,0.1,1,0.111111,0.9,2.63,0.8705,0.068537,0.5
alpha090_rho010_Lc1,0.9,0.1,1,0.111111,0.9,2.64,0.870827,0.0684959,0.5
alpha090_rho010_Lc1,0.9,0.1,1,0.111111,0.9,2.65,0.87115,0.0684557,0.5
alpha090_rho010_Lc1,0.9,0.1,1,0.111111,0.9,2.66,0.87147,0.0684164,0.5
alpha090_rho010_Lc1,0.9,0.1,1,0.111111,0.9,2.67,0.871786,0.068378,0.5
alpha090_rho010_Lc1,0.9,0.1,1,0.111111,0.9,2.68,0.872099,0.0683404,0.5
alpha090_rho010_Lc1,0.9,0.1,1,0.111111,0.9,2.69,0.872408,0.0683036,0.5
alpha090_rho010_Lc1,0.9,0.1,1,0.111111,0.9,2.7,0.872714,0.0682676,0.5
alpha090_rho010_Lc1,0.9,0.1,1,0.111111,0.9,2.71,0.873016,0.0682325,0.5
alpha090_rho010_Lc1,0.9,0.1,1,0.111111,0.9,2.72,0.873315,0.0681981,0.5
alpha090_rho010_Lc1,0.9,0.1,1,0.111111,0.9,2.73,0.87361,0.0681644,0.5
alpha090_rho010_Lc1,0.9,0.1,1,0.111111,0.9,2.74,0.873903,0.0681315,0.5
alpha090_rho010_Lc1,0.9,0.1,1,0.111111,0.9,2.75,0.874192,0.0680993,0.5
alpha090_rho010_Lc1,0.9,0.1,1,0.111111,0.9,2.76,0.874478,0.0680679,0.5
alpha090_rho010_Lc1,0.9,0.1,1,0.111111,0.9,2.77,0.87476,0.0680371,0.5
alpha090_rho010_Lc1,0.9,0.1,1,0.111111,0.9,2.78,0.87504,0.068007,0.5
alpha090_rho010_Lc1,0.9,0.1,1,0.111111,0.9,2.79,0.875316,0.0679775,0.5
alpha090_rho010_Lc1,0.9,0.1,1,0.111111,0.9,2.8,0.875589,0.0679487,0.5
alpha090_rho010_Lc1,0.9,0.1,1,0.111111,0.9,2.81,0.87586,0.0679205,0.5
alpha090_rho010_Lc1,0.9,0.1,1,0.111111,0.9,2.82,0.876127,0.067893,0.5
alpha090_rho010_Lc1,0.9,0.1,1,0.111111,0.9,2.83,0.876391,0.067866,0.5
alpha090_rho010_Lc1,0.9,0.1,1,0.111111,0.9,2.84,0.876652,0.0678397,0.5
alpha090_rho010_Lc1,0.9,0.1,1,0.111111,0.9,2.85,0.876911,0.0678139,0.5
alpha090_rho010_Lc1,0.9,0.1,1,0.111111,0.9,2.86,0.877166,0.0677887,0.5
alpha090_rho010_Lc1,0.9,0.1,1,0.111111,0.9,2.87,0.877419,0.0677641,0.5
alpha090_rho010_Lc1,0.9,0.1,1,0.111111,0.9,2.88,0.877669,0.0677399,0.5
alpha090_rho010_Lc1,0.9,0.1,1,0.111111,0.9,2.89,0.877916,0.0677164,0.5
alpha090_rho010_Lc1,0.9,0.1,1,0.111111,0.9,2.9,0.878161,0.0676933,0.5
alpha090_rho010_Lc1,0.9,0.1,1,0.111111,0.9,2.91,0.878402,0.0676707,0.5
alpha090_rho010_Lc1,0.9,0.1,1,0.111111,0.9,2.92,0.878641,0.0676487,0.5
alpha090_rho010_Lc1,0.9,0.1,1,0.111111,0.9,2.93,0.878878,0.0676271,0.5
alpha090_rho010_Lc1,0.9,0.1,1,0.111111,0.9,2.94,0.879111,0.067606,0.5
alpha090_rho010_Lc1,0.9,0.1,1,0.111111,0.9,2.95,0.879342,0.0675853,0.5
alpha090_rho010_Lc1,0.9,0.1,1,0.111111,0.9,2.96,0.879571,0.0675652,0.5
alpha090_rho010_Lc1,0.9,0.1,1,0.111111,0.9,2.97,0.879797,0.0675454,0.5
alpha090_rho010_Lc1,0.9,0.1,1,0.111111,0.9,2.98,0.880021,0.0675261,0.5
alpha090_rho010_Lc1,0.9,0.1,1,0.111111,0.9,2.99,0.880242,0.0675072,0.5
alpha090_rho010_Lc1,0.9,0.1,1,0.111111,0.9,3,0.88046,0.0674887,0.5
alpha090_rho010_Lc1,0.9,0.1,1,0.111111,0.9,3.01,0.880676,0.0674707,0.5
alpha090_rho010_Lc1,0.9,0.1,1,0.111111,0.9,3.02,0.88089,0.067453,0.5
alpha090_rho010_Lc1,0.9,0.1,1,0.111111,0.9,3.03,0.881101,0.0674357,0.5
alpha090_rho010_Lc1,0.9,0.1,1,0.111111,0.9,3.04,0.88131,0.0674188,0.5
alpha090_rho010_Lc1,0.9,0.1,1,0.111111,0.9,3.05,0.881517,0.0674023,0.5
alpha090_rho010_Lc1,0.9,0.1,1,0.111111,0.9,3.06,0.881722,0.0673861,0.5
alpha090_rho010_Lc1,0.9,0.1,1,0.111111,0.9,3.07,0.881924,0.0673703,0.5
alpha090_rho010_Lc1,0.9,0.1,1,0.111111,0.9,3.08,0.882124,0.0673549,0.5
alpha090_rho010_Lc1,0.9,0.1,1,0.111111,0.9,3.09,0.882321,0.0673397,0.5
alpha090_rho010_Lc1,0.9,0.1,1,0.111111,0.9,3.1,0.882517,0.067325,0.5
alpha090_rho010_Lc1,0.9,0.1,1,0.111111,0.9,3.11,0.88271,0.0673105,0.5
alpha090_rho010_Lc1,0.9,0.1,1,0.111111,0.9,3.12,0.882901,0.0672963,0.5
alpha090_rho010_Lc1,0.9,0.1,1,0.111111,0.9,3.13,0.883091,0.0672825,0.5
alpha090_rho010_Lc1,0.9,0.1,1,0.111111,0.9,3.14,0.883278,0.067269,0.5
alpha090_rho010_Lc1,0.9,0.1,1,0.111111,0.9,3.15,0.883462,0.0672557,0.5
alpha090_rho010_Lc1,0.9,0.1,1,0.111111,0.9,3.16,0.883645,0.0672428,0.5
alpha090_rho010_Lc1,0.9,0.1,1,0.111111,0.9,3.17,0.883826,0.0672301,0.5
alpha090_rho010_Lc1,0.9,0.1,1,0.111111,0.9,3.18,0.884005,0.0672177,0.5
alpha090_rho010_Lc1,0.9,0.1,1,0.111111,0.9,3.19,0.884182,0.0672056,0.5
alpha090_rho010_Lc1,0.9,0.1,1,0.111111,0.9,3.2,0.884357,0.0671938,0.5
alpha090_rho010_Lc1,0.9,0.1,1,0.111111,0.9,3.21,0.88453,0.0671822,0.5
alpha090_rho010_Lc1,0.9,0.1,1,0.111111,0.9,3.22,0.884701,0.0671709,0.5
alpha090_rho010_Lc1,0.9,0.1,1,0.111111,0.9,3.23,0.88487,0.0671598,0.5
alpha090_rho010_Lc1,0.9,0.1,1,0.111111,0.9,3.24,0.885037,0.067149,0.5
alpha090_rho010_Lc1,0.9,0.1,1,0.111111,0.9,3.25,0.885203,0.0671384,0.5
alpha090_rho010_Lc1,0.9,0.1,1,0.111111,0.9,3.26,0.885366,0.067128,0.5
alpha090_rho010_Lc1,0.9,0.1,1,0.111111,0.9,3.27,0.885528,0.0671179,0.5
alpha090_rho010_Lc1,0.9,0.1,1,0.111111,0.9,3.28,0.885688,0.0671079,0.5
alpha090_rho010_Lc1,0.9,0.1,1,0.111111,0.9,3.29,0.885846,0.0670982,0.5
alpha090_rho010_Lc1,0.9,0.1,1,0.111111,0.9,3.3,0.886003,0.0670888,0.5
alpha090_rho010_Lc1,0.9,0.1,1,0.111111,0.9,3.31,0.886157,0.0670795,0.5
alpha090_rho010_Lc1,0.9,0.1,1,0.111111,0.9,3.32,0.88631,0.0670704,0.5
alpha090_rho010_Lc1,0.9,0.1,1,0.111111,0.9,3.33,0.886462,0.0670615,0.5
alpha090_rho010_Lc1,0.9,0.1,1,0.111111,0.9,3.34,0.886611,0.0670529,0.5
alpha090_rho010_Lc1,0.9,0.1,1,0.111111,0.9,3.35,0.886759,0.0670444,0.5
alpha090_rho010_Lc1,0.9,0.1,1,0.111111,0.9,3.36,0.886906,0.0670361,0.5
alpha090_rho010_Lc1,0.9,0.1,1,0.111111,0.9,3.37,0.887051,0.067028,0.5
alpha090_rho010_Lc1,0.9,0.1,1,0.111111,0.9,3.38,0.887194,0.06702,0.5
alpha090_rho010_Lc1,0.9,0.1,1,0.111111,0.9,3.39,0.887335,0.0670123,0.5
alpha090_rho010_Lc1,0.9,0.1,1,0.111111,0.9,3.4,0.887475,0.0670047,0.5
alpha090_rho010_Lc1,0.9,0.1,1,0.111111,0.9,3.41,0.887614,0.0669972,0.5
alpha090_rho010_Lc1,0.9,0.1,1,0.111111,0.9,3.42,0.887751,0.06699,0.5
alpha090_rho010_Lc1,0.9,0.1,1,0.111111,0.9,3.43,0.887886,0.0669829,0.5
alpha090_rho010_Lc1,0.9,0.1,1,0.111111,0.9,3.44,0.88802,0.0669759,0.5
alpha090_rho010_Lc1,0.9,0.1,1,0.111111,0.9,3.45,0.888152,0.0669691,0.5
alpha090_rho010_Lc1,0.9,0.1,1,0.111111,0.9,3.46,0.888283,0.0669625,0.5
alpha090_rho010_Lc1,0.9,0.1,1,0.111111,0.9,3.47,0.888413,0.066956,0.5
alpha090_rho010_Lc1,0.9,0.1,1,0.111111,0.9,3.48,0.888541,0.0669496,0.5
alpha090_rho010_Lc1,0.9,0.1,1,0.111111,0.9,3.49,0.888668,0.0669434,0.5
alpha090_rho010_Lc1,0.9,0.1,1,0.111111,0.9,3.5,0.888793,0.0669373,0.5
alpha090_rho010_Lc1,0.9,0.1,1,0.111111,0.9,3.51,0.888917,0.0669314,0.5
alpha090_rho010_Lc1,0.9,0.1,1,0.111111,0.9,3.52,0.889039,0.0669255,0.5
alpha090_rho010_Lc1,0.9,0.1,1,0.111111,0.9,3.53,0.88916,0.0669199,0.5
alpha090_rho010_Lc1,0.9,0.1,1,0.111111,0.9,3.54,0.88928,0.0669143,0.5
alpha090_rho010_Lc1,0.9,0.1,1,0.111111,0.9,3.55,0.889399,0.0669089,0.5
alpha090_rho010_Lc1,0.9,0.1,1,0.111111,0.9,3.56,0.889516,0.0669035,0.5
alpha090_rho010_Lc1,0.9,0.1,1,0.111111,0.9,3.57,0.889632,0.0668983,0.5
alpha090_rho010_Lc1,0.9,0.1,1,0.111111,0.9,3.58,0.889746,0.0668932,0.5
alpha090_rho010_Lc1,0.9,0.1,1,0.111111,0.9,3.59,0.88986,0.0668883,0.5
alpha090_rho010_Lc1,0.9,0.1,1,0.111111,0.9,3.6,0.889972,0.0668834,0.5
alpha090_rho010_Lc1,0.9,0.1,1,0.111111,0.9,3.61,0.890082,0.0668786,0.5
alpha090_rho010_Lc1,0.9,0.1,1,0.111111,0.9,3.62,0.890192,0.066874,0.5
alpha090_rho010_Lc1,0.9,0.1,1,0.111111,0.9,3.63,0.8903,0.0668694,0.5
alpha090_rho010_Lc1,0.9,0.1,1,0.111111,0.9,3.64,0.890408,0.066865,0.5
alpha090_rho010_Lc1,0.9,0.1,1,0.111111,0.9,3.65,0.890514,0.0668606,0.5
alpha090_rho010_Lc1,0.9,0.1,1,0.111111,0.9,3.66,0.890619,0.0668563,0.5
alpha090_rho010_Lc1,0.9,0.1,1,0.111111,0.9,3.67,0.890722,0.0668522,0.5
alpha090_rho010_Lc1,0.9,0.1,1,0.111111,0.9,3.68,0.890825,0.0668481,0.5
alpha090_rho010_Lc1,0.9,0.1,1,0.111111,0.9,3.69,0.890926,0.0668441,0.5
alpha090_rho010_Lc1,0.9,0.1,1,0.111111,0.9,3.7,0.891026,0.0668402,0.5
alpha090_rho010_Lc1,0.9,0.1,1,0.111111,0.9,3.71,0.891126,0.0668364,0.5
alpha090_rho010_Lc1,0.9,0.1,1,0.111111,0.9,3.72,0.891224,0.0668327,0.5
alpha090_rho010_Lc1,0.9,0.1,1,0.111111,0.9,3.73,0.891321,0.066829,0.5
alpha090_rho010_Lc1,0.9,0.1,1,0.111111,0.9,3.74,0.891417,0.0668254,0.5
alpha090_rho010_Lc1,0.9,0.1,1,0.111111,0.9,3.75,0.891511,0.066822,0.5
alpha090_rho010_Lc1,0.9,0.1,1,0.111111,0.9,3.76,0.891605,0.0668185,0.5
alpha090_rho010_Lc1,0.9,0.1,1,0.111111,0.9,3.77,0.891698,0.0668152,0.5
alpha090_rho010_Lc1,0.9,0.1,1,0.111111,0.9,3.78,0.89179,0.0668119,0.5
alpha090_rho010_Lc1,0.9,0.1,1,0.111111,0.9,3.79,0.89188,0.0668087,0.5
alpha090_rho010_Lc1,0.9,0.1,1,0.111111,0.9,3.8,0.89197,0.0668056,0.5
alpha090_rho010_Lc1,0.9,0.1,1,0.111111,0.9,3.81,0.892059,0.0668026,0.5
alpha090_rho010_Lc1,0.9,0.1,1,0.111111,0.9,3.82,0.892147,0.0667996,0.5
alpha090_rho010_Lc1,0.9,0.1,1,0.111111,0.9,3.83,0.892233,0.0667967,0.5
alpha090_rho010_Lc1,0.9,0.1,1,0.111111,0.9,3.84,0.892319,0.0667938,0.5
alpha090_rho010_Lc1,0.9,0.1,1,0.111111,0.9,3.85,0.892404,0.066791,0.5
alpha090_rho010_Lc1,0.9,0.1,1,0.111111,0.9,3.86,0.892488,0.0667883,0.5
alpha090_rho010_Lc1,0.9,0.1,1,0.111111,0.9,3.87,0.892571,0.0667856,0.5
alpha090_rho010_Lc1,0.9,0.1,1,0.111111,0.9,3.88,0.892653,0.066783,0.5
alpha090_rho010_Lc1,0.9,0.1,1,0.111111,0.9,3.89,0.892734,0.0667804,0.5
alpha090_rho010_Lc1,0.9,0.1,1,0.111111,0.9,3.9,0.892815,0.0667779,0.5
alpha090_rho010_Lc1,0.9,0.1,1,0.111111,0.9,3.91,0.892894,0.0667755,0.5
alpha090_rho010_Lc1,0.9,0.1,1,0.111111,0.9,3.92,0.892973,0.0667731,0.5
alpha090_rho010_Lc1,0.9,0.1,1,0.111111,0.9,3.93,0.89305,0.0667708,0.5
alpha090_rho010_Lc1,0.9,0.1,1,0.111111,0.9,3.94,0.893127,0.0667685,0.5
alpha090_rho010_Lc1,0.9,0.1,1,0.111111,0.9,3.95,0.893203,0.0667662,0.5
alpha090_rho010_Lc1,0.9,0.1,1,0.111111,0.9,3.96,0.893278,0.066764,0.5
alpha090_rho010_Lc1,0.9,0.1,1,0.111111,0.9,3.97,0.893352,0.0667619,0.5
alpha090_rho010_Lc1,0.9,0.1,1,0.111111,0.9,3.98,0.893426,0.0667598,0.5
alpha090_rho010_Lc1,0.9,0.1,1,0.111111,0.9,3.99,0.893499,0.0667578,0.5
alpha090_rho010_Lc1,0.9,0.1,1,0.111111,0.9,4,0.89357,0.0667558,0.5
alpha090_rho010_Lc1,0.9,0.1,1,0.111111,0.9,4.01,0.893641,0.0667538,0.5
alpha090_rho010_Lc1,0.9,0.1,1,0.111111,0.9,4.02,0.893712,0.0667519,0.5
alpha090_rho010_Lc1,0.9,0.1,1,0.111111,0.9,4.03,0.893781,0.06675,0.5
alpha090_rho010_Lc1,0.9,0.1,1,0.111111,0.9,4.04,0.89385,0.0667482,0.5
alpha090_rho010_Lc1,0.9,0.1,1,0.111111,0.9,4.05,0.893918,0.0667464,0.5
alpha090_rho010_Lc1,0.9,0.1,1,0.111111,0.9,4.06,0.893985,0.0667446,0.5
alpha090_rho010_Lc1,0.9,0.1,1,0.111111,0.9,4.07,0.894052,0.0667429,0.5
alpha090_rho010_Lc1,0.9,0.1,1,0.111111,0.9,4.08,0.894117,0.0667413,0.5
alpha090_rho010_Lc1,0.9,0.1,1,0.111111,0.9,4.09,0.894182,0.0667396,0.5
alpha090_rho010_Lc1,0.9,0.1,1,0.111111,0.9,4.1,0.894247,0.066738,0.5
alpha090_rho010_Lc1,0.9,0.1,1,0.111111,0.9,4.11,0.89431,0.0667364,0.5
alpha090_rho010_Lc1,0.9,0.1,1,0.111111,0.9,4.12,0.894373,0.0667349,0.5
alpha090_rho010_Lc1,0.9,0.1,1,0.111111,0.9,4.13,0.894435,0.0667334,0.5
alpha090_rho010_Lc1,0.9,0.1,1,0.111111,0.9,4.14,0.894497,0.0667319,0.5
alpha090_rho010_Lc1,0.9,0.1,1,0.111111,0.9,4.15,0.894557,0.0667305,0.5
alpha090_rho010_Lc1,0.9,0.1,1,0.111111,0.9,4.16,0.894618,0.0667291,0.5
alpha090_rho010_Lc1,0.9,0.1,1,0.111111,0.9,4.17,0.894677,0.0667277,0.5
alpha090_rho010_Lc1,0.9,0.1,1,0.111111,0.9,4.18,0.894736,0.0667264,0.5
alpha090_rho010_Lc1,0.9,0.1,1,0.111111,0.9,4.19,0.894794,0.0667251,0.5
alpha090_rho010_Lc1,0.9,0.1,1,0.111111,0.9,4.2,0.894852,0.0667238,0.5
alpha090_rho010_Lc1,0.9,0.1,1,0.111111,0.9,4.21,0.894908,0.0667225,0.5
alpha090_rho010_Lc1,0.9,0.1,1,0.111111,0.9,4.22,0.894965,0.0667213,0.5
alpha090_rho010_Lc1,0.9,0.1,1,0.111111,0.9,4.23,0.89502,0.0667201,0.5
alpha090_rho010_Lc1,0.9,0.1,1,0.111111,0.9,4.24,0.895075,0.0667189,0.5
alpha090_rho010_Lc1,0.9,0.1,1,0.111111,0.9,4.25,0.89513,0.0667178,0.5
alpha090_rho010_Lc1,0.9,0.1,1,0.111111,0.9,4.26,0.895184,0.0667167,0.5
alpha090_rho010_Lc1,0.9,0.1,1,0.111111,0.9,4.27,0.895237,0.0667156,0.5
alpha090_rho010_Lc1,0.9,0.1,1,0.111111,0.9,4.28,0.89529,0.0667145,0.5
alpha090_rho010_Lc1,0.9,0.1,1,0.111111,0.9,4.29,0.895342,0.0667134,0.5
alpha090_rho010_Lc1,0.9,0.1,1,0.111111,0.9,4.3,0.895393,0.0667124,0.5
alpha090_rho010_Lc1,0.9,0.1,1,0.111111,0.9,4.31,0.895444,0.0667114,0.5
alpha090_rho010_Lc1,0.9,0.1,1,0.111111,0.9,4.32,0.895494,0.0667104,0.5
alpha090_rho010_Lc1,0.9,0.1,1,0.111111,0.9,4.33,0.895544,0.0667095,0.5
alpha090_rho010_Lc1,0.9,0.1,1,0.111111,0.9,4.34,0.895593,0.0667085,0.5
alpha090_rho010_Lc1,0.9,0.1,1,0.111111,0.9,4.35,0.895642,0.0667076,0.5
alpha090_rho010_Lc1,0.9,0.1,1,0.111111,0.9,4.36,0.89569,0.0667067,0.5
alpha090_rho010_Lc1,0.9,0.1,1,0.111111,0.9,4.37,0.895738,0.0667058,0.5
alpha090_rho010_Lc1,0.9,0.1,1,0.111111,0.9,4.38,0.895785,0.066705,0.5
alpha090_rho010_Lc1,0.9,0.1,1,0.111111,0.9,4.39,0.895831,0.0667041,0.5
alpha090_rho010_Lc1,0.9,0.1,1,0.111111,0.9,4.4,0.895878,0.0667033,0.5
alpha090_rho010_Lc1,0.9,0.1,1,0.111111,0.9,4.41,0.895923,0.0667025,0.5
alpha090_rho010_Lc1,0.9,0.1,1,0.111111,0.9,4.42,0.895968,0.0667017,0.5
alpha090_rho010_Lc1,0.9,0.1,1,0.111111,0.9,4.43,0.896013,0.0667009,0.5
alpha090_rho010_Lc1,0.9,0.1,1,0.111111,0.9,4.44,0.896057,0.0667002,0.5
alpha090_rho010_Lc1,0.9,0.1,1,0.111111,0.9,4.45,0.8961,0.0666994,0.5
alpha090_rho010_Lc1,0.9,0.1,1,0.111111,0.9,4.46,0.896143,0.0666987,0.5
alpha090_rho010_Lc1,0.9,0.1,1,0.111111,0.9,4.47,0.896186,0.066698,0.5
alpha090_rho010_Lc1,0.9,0.1,1,0.111111,0.9,4.48,0.896228,0.0666973,0.5
alpha090_rho010_Lc1,0.9,0.1,1,0.111111,0.9,4.49,0.89627,0.0666967,0.5
alpha090_rho010_Lc1,0.9,0.1,1,0.111111,0.9,4.5,0.896311,0.066696,0.5
alpha090_rho010_Lc1,0.9,0.1,1,0.111111,0.9,4.51,0.896352,0.0666954,0.5
alpha090_rho010_Lc1,0.9,0.1,1,0.111111,0.9,4.52,0.896392,0.0666947,0.5
alpha090_rho010_Lc1,0.9,0.1,1,0.111111,0.9,4.53,0.896432,0.0666941,0.5
alpha090_rho010_Lc1,0.9,0.1,1,0.111111,0.9,4.54,0.896471,0.0666935,0.5
alpha090_rho010_Lc1,0.9,0.1,1,0.111111,0.9,4.55,0.89651,0.0666929,0.5
alpha090_rho010_Lc1,0.9,0.1,1,0.111111,0.9,4.56,0.896549,0.0666923,0.5
alpha090_rho010_Lc1,0.9,0.1,1,0.111111,0.9,4.57,0.896587,0.0666918,0.5
alpha090_rho010_Lc1,0.9,0.1,1,0.111111,0.9,4.58,0.896625,0.0666912,0.5
alpha090_rho010_Lc1,0.9,0.1,1,0.111111,0.9,4.59,0.896662,0.0666907,0.5
alpha090_rho010_Lc1,0.9,0.1,1,0.111111,0.9,4.6,0.896699,0.0666902,0.5
alpha090_rho010_Lc1,0.9,0.1,1,0.111111,0.9,4.61,0.896735,0.0666896,0.5
alpha090_rho010_Lc1,0.9,0.1,1,0.111111,0.9,4.62,0.896772,0.0666891,0.5
alpha090_rho010_Lc1,0.9,0.1,1,0.111111,0.9,4.63,0.896807,0.0666886,0.5
alpha090_rho010_Lc1,0.9,0.1,1,0.111111,0.9,4.64,0.896842,0.0666882,0.5
alpha090_rho010_Lc1,0.9,0.1,1,0.111111,0.9,4.65,0.896877,0.0666877,0.5
alpha090_rho010_Lc1,0.9,0.1,1,0.111111,0.9,4.66,0.896912,0.0666872,0.5
alpha090_rho010_Lc1,0.9,0.1,1,0.111111,0.9,4.67,0.896946,0.0666868,0.5
alpha090_rho010_Lc1,0.9,0.1,1,0.111111,0.9,4.68,0.89698,0.0666863,0.5
alpha090_rho010_Lc1,0.9,0.1,1,0.111111,0.9,4.69,0.897013,0.0666859,0.5
alpha090_rho010_Lc1,0.9,0.1,1,0.111111,0.9,4.7,0.897046,0.0666855,0.5
alpha090_rho010_Lc1,0.9,0.1,1,0.111111,0.9,4.71,0.897079,0.0666851,0.5
alpha090_rho010_Lc1,0.9,0.1,1,0.111111,0.9,4.72,0.897111,0.0666847,0.5
alpha090_rho010_Lc1,0.9,0.1,1,0.111111,0.9,4.73,0.897143,0.0666843,0.5
alpha090_rho010_Lc1,0.9,0.1,1,0.111111,0.9,4.74,0.897175,0.0666839,0.5
alpha090_rho010_Lc1,0.9,0.1,1,0.111111,0.9,4.75,0.897206,0.0666835,0.5
alpha090_rho010_Lc1,0.9,0.1,1,0.111111,0.9,4.76,0.897237,0.0666831,0.5
alpha090_rho010_Lc1,0.9,0.1,1,0.111111,0.9,4.77,0.897267,0.0666828,0.5
alpha090_rho010_Lc1,0.9,0.1,1,0.111111,0.9,4.78,0.897297,0.0666824,0.5
alpha090_rho010_Lc1,0.9,0.1,1,0.111111,0.9,4.79,0.897327,0.0666821,0.5
alpha090_rho010_Lc1,0.9,0.1,1,0.111111,0.9,4.8,0.897357,0.0666817,0.5
alpha090_rho010_Lc1,0.9,0.1,1,0.111111,0.9,4.81,0.897386,0.0666814,0.5
alpha090_rho010_Lc1,0.9,0.1,1,0.111111,0.9,4.82,0.897415,0.0666811,0.5
alpha090_rho010_Lc1,0.9,0.1,1,0.111111,0.9,4.83,0.897443,0.0666808,0.5
alpha090_rho010_Lc1,0.9,0.1,1,0.111111,0.9,4.84,0.897472,0.0666804,0.5
alpha090_rho010_Lc1,0.9,0.1,1,0.111111,0.9,4.85,0.8975,0.0666801,0.5
alpha090_rho010_Lc1,0.9,0.1,1,0.111111,0.9,4.86,0.897527,0.0666798,0.5
alpha090_rho010_Lc1,0.9,0.1,1,0.111111,0.9,4.87,0.897555,0.0666796,0.5
alpha090_rho010_Lc1,0.9,0.1,1,0.111111,0.9,4.88,0.897582,0.0666793,0.5
alpha090_rho010_Lc1,0.9,0.1,1,0.111111,0.9,4.89,0.897608,0.066679,0.5
alpha090_rho010_Lc1,0.9,0.1,1,0.111111,0.9,4.9,0.897635,0.0666787,0.5
alpha090_rho010_Lc1,0.9,0.1,1,0.111111,0.9,4.91,0.897661,0.0666785,0.5
alpha090_rho010_Lc1,0.9,0.1,1,0.111111,0.9,4.92,0.897687,0.0666782,0.5
alpha090_rho010_Lc1,0.9,0.1,1,0.111111,0.9,4.93,0.897712,0.0666779,0.5
alpha090_rho010_Lc1,0.9,0.1,1,0.111111,0.9,4.94,0.897738,0.0666777,0.5
alpha090_rho010_Lc1,0.9,0.1,1,0.111111,0.9,4.95,0.897763,0.0666775,0.5
alpha090_rho010_Lc1,0.9,0.1,1,0.111111,0.9,4.96,0.897787,0.0666772,0.5
alpha090_rho010_Lc1,0.9,0.1,1,0.111111,0.9,4.97,0.897812,0.066677,0.5
alpha090_rho010_Lc1,0.9,0.1,1,0.111111,0.9,4.98,0.897836,0.0666768,0.5
alpha090_rho010_Lc1,0.9,0.1,1,0.111111,0.9,4.99,0.89786,0.0666765,0.5
alpha090_rho010_Lc1,0.9,0.1,1,0.111111,0.9,5,0.897883,0.0666763,0.5
alpha075_rho025_Lc1,0.75,0.25,1,0.333333,0.75,0,0,1,0.5
alpha075_rho025_Lc1,0.75,0.25,1,0.333333,0.75,0.01,0.0101739,0.921463,0.5
alpha075_rho025_Lc1,0.75,0.25,1,0.333333,0.75,0.02,0.02067,0.855658,0.5
alpha075_rho025_Lc1,0.75,0.25,1,0.333333,0.75,0.03,0.0314478,0.800284,0.5
alpha075_rho025_Lc1,0.75,0.25,1,0.333333,0.75,0.04,0.0424641,0.75346,0.5
alpha075_rho025_Lc1,0.75,0.25,1,0.333333,0.75,0.05,0.0536743,0.713644,0.5
alpha075_rho025_Lc1,0.75,0.25,1,0.333333,0.75,0.06,0.0650335,0.679578,0.5
alpha075_rho025_Lc1,0.75,0.25,1,0.333333,0.75,0.07,0.0764966,0.650233,0.5
alpha075_rho025_Lc1,0.75,0.25,1,0.333333,0.75,0.08,0.0880196,0.624768,0.5
alpha075_rho025_Lc1,0.75,0.25,1,0.333333,0.75,0.09,0.0995605,0.602495,0.5
alpha075_rho025_Lc1,0.75,0.25,1,0.333333,0.75,0.1,0.111079,0.582853,0.5
alpha075_rho025_Lc1,0.75,0.25,1,0.333333,0.75,0.11,0.122539,0.565384,0.5
alpha075_rho025_Lc1,0.75,0.25,1,0.333333,0.75,0.12,0.133907,0.549714,0.5
alpha075_rho025_Lc1,0.75,0.25,1,0.333333,0.75,0.13,0.145151,0.535537,0.5
alpha075_rho025_Lc1,0.75,0.25,1,0.333333,0.75,0.14,0.156246,0.522604,0.5
alpha075_rho025_Lc1,0.75,0.25,1,0.333333,0.75,0.15,0.167168,0.510713,0.5
alpha075_rho025_Lc1,0.75,0.25,1,0.333333,0.75,0.16,0.177898,0.499696,0.5
alpha075_rho025_Lc1,0.75,0.25,1,0.333333,0.75,0.17,0.188421,0.489418,0.5
alpha075_rho025_Lc1,0.75,0.25,1,0.333333,0.75,0.18,0.198723,0.47977,0.5
alpha075_rho025_Lc1,0.75,0.25,1,0.333333,0.75,0.19,0.208796,0.470662,0.5
alpha075_rho025_Lc1,0.75,0.25,1,0.333333,0.75,0.2,0.218632,0.462018,0.5
alpha075_rho025_Lc1,0.75,0.25,1,0.333333,0.75,0.21,0.228228,0.45378,0.5
alpha075_rho025_Lc1,0.75,0.25,1,0.333333,0.75,0.22,0.237582,0.445899,0.5
alpha075_rho025_Lc1,0.75,0.25,1,0.333333,0.75,0.23,0.246693,0.438333,0.5
alpha075_rho025_Lc1,0.75,0.25,1,0.333333,0.75,0.24,0.255564,0.43105,0.5
alpha075_rho025_Lc1,0.75,0.25,1,0.333333,0.75,0.25,0.264197,0.424023,0.5
alpha075_rho025_Lc1,0.75,0.25,1,0.333333,0.75,0.26,0.272597,0.417229,0.5
alpha075_rho025_Lc1,0.75,0.25,1,0.333333,0.75,0.27,0.280769,0.41065,0.5
alpha075_rho025_Lc1,0.75,0.25,1,0.333333,0.75,0.28,0.288719,0.40427,0.5
alpha075_rho025_Lc1,0.75,0.25,1,0.333333,0.75,0.29,0.296453,0.398076,0.5
alpha075_rho025_Lc1,0.75,0.25,1,0.333333,0.75,0.3,0.303979,0.392057,0.5
alpha075_rho025_Lc1,0.75,0.25,1,0.333333,0.75,0.31,0.311303,0.386205,0.5
alpha075_rho025_Lc1,0.75,0.25,1,0.333333,0.75,0.32,0.318433,0.380511,0.5
alpha075_rho025_Lc1,0.75,0.25,1,0.333333,0.75,0.33,0.325377,0.374968,0.5
alpha075_rho025_Lc1,0.75,0.25,1,0.333333,0.75,0.34,0.332141,0.36957,0.5
alpha075_rho025_Lc1,0.75,0.25,1,0.333333,0.75,0.35,0.338732,0.364313,0.5
alpha075_rho025_Lc1,0.75,0.25,1,0.333333,0.75,0.36,0.345159,0.359191,0.5
alpha075_rho025_Lc1,0.75,0.25,1,0.333333,0.75,0.37,0.351427,0.3542,0.5
alpha075_rho025_Lc1,0.75,0.25,1,0.333333,0.75,0.38,0.357544,0.349336,0.5
alpha075_rho025_Lc1,0.75,0.25,1,0.333333,0.75,0.39,0.363516,0.344596,0.5
alpha075_rho025_Lc1,0.75,0.25,1,0.333333,0.75,0.4,0.369349,0.339976,0.5
alpha075_rho025_Lc1,0.75,0.25,1,0.333333,0.75,0.41,0.375049,0.335473,0.5
alpha075_rho025_Lc1,0.75,0.25,1,0.333333,0.75,0.42,0.380621,0.331085,0.5
alpha075_rho025_Lc1,0.75,0.25,1,0.333333,0.75,0.43,0.386072,0.326807,0.5
alpha075_rho025_Lc1,0.75,0.25,1,0.333333,0.75,0.44,0.391406,0.322638,0.5
alpha075_rho025_Lc1,0.75,0.25,1,0.333333,0.75,0.45,0.396628,0.318575,0.5
alpha075_rho025_Lc1,0.75,0.25,1,0.333333,0.75,0.46,0.401743,0.314616,0.5
alpha075_rho025_Lc1,0.75,0.25,1,0.333333,0.75,0.47,0.406754,0.310757,0.5
alpha075_rho025_Lc1,0.75,0.25,1,0.333333,0.75,0.48,0.411666,0.306996,0.5
alpha075_rho025_Lc1,0.75,0.25,1,0.333333,0.75,0.49,0.416483,0.303332,0.5
alpha075_rho025_Lc1,0.75,0.25,1,0.333333,0.75,0.5,0.421209,0.299761,0.5
alpha075_rho025_Lc1,0.75,0.25,1,0.333333,0.75,0.51,0.425846,0.296282,0.5
alpha075_rho025_Lc1,0.75,0.25,1,0.333333,0.75,0.52,0.430398,0.292893,0.5
alpha075_rho025_Lc1,0.75,0.25,1,0.333333,0.75,0.53,0.434868,0.28959,0.5
alpha075_rho025_Lc1,0.75,0.25,1,0.333333,0.75,0.54,0.439259,0.286373,0.5
alpha075_rho025_Lc1,0.75,0.25,1,0.333333,0.75,0.55,0.443574,0.283238,0.5
alpha075_rho025_Lc1,0.75,0.25,1,0.333333,0.75,0.56,0.447814,0.280185,0.5
alpha075_rho025_Lc1,0.75,0.25,1,0.333333,0.75,0.57,0.451983,0.27721,0.5
alpha075_rho025_Lc1,0.75,0.25,1,0.333333,0.75,0.58,0.456082,0.274313,0.5
alpha075_rho025_Lc1,0.75,0.25,1,0.333333,0.75,0.59,0.460115,0.27149,0.5
alpha075_rho025_Lc1,0.75,0.25,1,0.333333,0.75,0.6,0.464081,0.268741,0.5
alpha075_rho025_Lc1,0.75,0.25,1,0.333333,0.75,0.61,0.467985,0.266063,0.5
alpha075_rho025_Lc1,0.75,0.25,1,0.333333,0.75,0.62,0.471826,0.263455,0.5
alpha075_rho025_Lc1,0.75,0.25,1,0.333333,0.75,0.63,0.475608,0.260915,0.5
alpha075_rho025_Lc1,0.75,0.25,1,0.333333,0.75,0.64,0.479331,0.25844,0.5
alpha075_rho025_Lc1,0.75,0.25,1,0.333333,0.75,0.65,0.482997,0.256031,0.5
alpha075_rho025_Lc1,0.75,0.25,1,0.333333,0.75,0.66,0.486607,0.253684,0.5
alpha075_rho025_Lc1,0.75,0.25,1,0.333333,0.75,0.67,0.490163,0.251399,0.5
alpha075_rho025_Lc1,0.75,0.25,1,0.333333,0.75,0.68,0.493666,0.249173,0.5
alpha075_rho025_Lc1,0.75,0.25,1,0.333333,0.75,0.69,0.497117,0.247005,0.5
alpha075_rho025_Lc1,0.75,0.25,1,0.333333,0.75,0.7,0.500518,0.244894,0.5
alpha075_rho025_Lc1,0.75,0.25,1,0.333333,0.75,0.71,0.503869,0.242838,0.5
alpha075_rho025_Lc1,0.75,0.25,1,0.333333,0.75,0.72,0.507172,0.240837,0.5
alpha075_rho025_Lc1,0.75,0.25,1,0.333333,0.75,0.73,0.510427,0.238887,0.5
alpha075_rho025_Lc1,0.75,0.25,1,0.333333,0.75,0.74,0.513636,0.236989,0.5
alpha075_rho025_Lc1,0.75,0.25,1,0.333333,0.75,0.75,0.516799,0.23514,0.5
alpha075_rho025_Lc1,0.75,0.25,1,0.333333,0.75,0.76,0.519917,0.23334,0.5
alpha075_rho025_Lc1,0.75,0.25,1,0.333333,0.75,0.77,0.522991,0.231587,0.5
alpha075_rho025_Lc1,0.75,0.25,1,0.333333,0.75,0.78,0.526022,0.22988,0.5
alpha075_rho025_Lc1,0.75,0.25,1,0.333333,0.75,0.79,0.529011,0.228217,0.5
alpha075_rho025_Lc1,0.75,0.25,1,0.333333,0.75,0.8,0.531959,0.226599,0.5
alpha075_rho025_Lc1,0.75,0.25,1,0.333333,0.75,0.81,0.534865,0.225023,0.5
alpha075_rho025_Lc1,0.75,0.25,1,0.333333,0.75,0.82,0.537731,0.223488,0.5
alpha075_rho025_Lc1,0.75,0.25,1,0.333333,0.75,0.83,0.540558,0.221993,0.5
alpha075_rho025_Lc1,0.75,0.25,1,0.333333,0.75,0.84,0.543346,0.220538,0.5
alpha075_rho025_Lc1,0.75,0.25,1,0.333333,0.75,0.85,0.546096,0.219121,0.5
alpha075_rho025_Lc1,0.75,0.25,1,0.333333,0.75,0.86,0.548808,0.217741,0.5
alpha075_rho025_Lc1,0.75,0.25,1,0.333333,0.75,0.87,0.551484,0.216398,0.5
alpha075_rho025_Lc1,0.75,0.25,1,0.333333,0.75,0.88,0.554123,0.21509,0.5
alpha075_rho025_Lc1,0.75,0.25,1,0.333333,0.75,0.89,0.556726,0.213816,0.5
alpha075_rho025_Lc1,0.75,0.25,1,0.333333,0.75,0.9,0.559294,0.212575,0.5
alpha075_rho025_Lc1,0.75,0.25,1,0.333333,0.75,0.91,0.561827,0.211368,0.5
alpha075_rho025_Lc1,0.75,0.25,1,0.333333,0.75,0.92,0.564326,0.210192,0.5
alpha075_rho025_Lc1,0.75,0.25,1,0.333333,0.75,0.93,0.566791,0.209047,0.5
alpha075_rho025_Lc1,0.75,0.25,1,0.333333,0.75,0.94,0.569223,0.207932,0.5
alpha075_rho025_Lc1,0.75,0.25,1,0.333333,0.75,0.95,0.571622,0.206846,0.5
alpha075_rho025_Lc1,0.75,0.25,1,0.333333,0.75,0.96,0.573989,0.205789,0.5
alpha075_rho025_Lc1,0.75,0.25,1,0.333333,0.75,0.97,0.576325,0.204759,0.5
alpha075_rho025_Lc1,0.75,0.25,1,0.333333,0.75,0.98,0.578629,0.203757,0.5
alpha075_rho025_Lc1,0.75,0.25,1,0.333333,0.75,0.99,0.580902,0.202781,0.5
alpha075_rho025_Lc1,0.75,0.25,1,0.333333,0.75,1,0.583145,0.201831,0.5
alpha075_rho025_Lc1,0.75,0.25,1,0.333333,0.75,1.01,0.585358,0.200906,0.5
alpha075_rho025_Lc1,0.75,0.25,1,0.333333,0.75,1.02,0.587541,0.200005,0.5
alpha075_rho025_Lc1,0.75,0.25,1,0.333333,0.75,1.03,0.589695,0.199128,0.5
alpha075_rho025_Lc1,0.75,0.25,1,0.333333,0.75,1.04,0.59182,0.198274,0.5
alpha075_rho025_Lc1,0.75,0.25,1,0.333333,0.75,1.05,0.593917,0.197442,0.5
alpha075_rho025_Lc1,0.75,0.25,1,0.333333,0.75,1.06,0.595986,0.196632,0.5
alpha075_rho025_Lc1,0.75,0.25,1,0.333333,0.75,1.07,0.598028,0.195844,0.5
alpha075_rho025_Lc1,0.75,0.25,1,0.333333,0.75,1.08,0.600042,0.195076,0.5
alpha075_rho025_Lc1,0.75,0.25,1,0.333333,0.75,1.09,0.60203,0.194329,0.5
alpha075_rho025_Lc1,0.75,0.25,1,0.333333,0.75,1.1,0.603991,0.193601,0.5
alpha075_rho025_Lc1,0.75,0.25,1,0.333333,0.75,1.11,0.605926,0.192892,0.5
alpha075_rho025_Lc1,0.75,0.25,1,0.333333,0.75,1.12,0.607835,0.192202,0.5
alpha075_rho025_Lc1,0.75,0.25,1,0.333333,0.75,1.13,0.609719,0.19153,0.5
alpha075_rho025_Lc1,0.75,0.25,1,0.333333,0.75,1.14,0.611577,0.190876,0.5
alpha075_rho025_Lc1,0.75,0.25,1,0.333333,0.75,1.15,0.613412,0.190239,0.5
alpha075_rho025_Lc1,0.75,0.25,1,0.333333,0.75,1.16,0.615221,0.189618,0.5
alpha075_rho025_Lc1,0.75,0.25,1,0.333333,0.75,1.17,0.617007,0.189014,0.5
alpha075_rho025_Lc1,0.75,0.25,1,0.333333,0.75,1.18,0.618769,0.188426,0.5
alpha075_rho025_Lc1,0.75,0.25,1,0.333333,0.75,1.19,0.620508,0.187854,0.5
alpha075_rho025_Lc1,0.75,0.25,1,0.333333,0.75,1.2,0.622223,0.187296,0.5
alpha075_rho025_Lc1,0.75,0.25,1,0.333333,0.75,1.21,0.623916,0.186754,0.5
alpha075_rho025_Lc1,0.75,0.25,1,0.333333,0.75,1.22,0.625586,0.186225,0.5
alpha075_rho025_Lc1,0.75,0.25,1,0.333333,0.75,1.23,0.627235,0.18571,0.5
alpha075_rho025_Lc1,0.75,0.25,1,0.333333,0.75,1.24,0.628861,0.185209,0.5
alpha075_rho025_Lc1,0.75,0.25,1,0.333333,0.75,1.25,0.630466,0.184721,0.5
alpha075_rho025_Lc1,0.75,0.25,1,0.333333,0.75,1.26,0.632049,0.184246,0.5
alpha075_rho025_Lc1,0.75,0.25,1,0.333333,0.75,1.27,0.633612,0.183784,0.5
alpha075_rho025_Lc1,0.75,0.25,1,0.333333,0.75,1.28,0.635153,0.183333,0.5
alpha075_rho025_Lc1,0.75,0.25,1,0.333333,0.75,1.29,0.636675,0.182895,0.5
alpha075_rho025_Lc1,0.75,0.25,1,0.333333,0.75,1.3,0.638176,0.182468,0.5
alpha075_rho025_Lc1,0.75,0.25,1,0.333333,0.75,1.31,0.639657,0.182052,0.5
alpha075_rho025_Lc1,0.75,0.25,1,0.333333,0.75,1.32,0.641119,0.181647,0.5
alpha075_rho025_Lc1,0.75,0.25,1,0.333333,0.75,1.33,0.642561,0.181253,0.5
alpha075_rho025_Lc1,0.75,0.25,1,0.333333,0.75,1.34,0.643984,0.180869,0.5
alpha075_rho025_Lc1,0.75,0.25,1,0.333333,0.75,1.35,0.645388,0.180495,0.5
alpha075_rho025_Lc1,0.75,0.25,1,0.333333,0.75,1.36,0.646774,0.180131,0.5
alpha075_rho025_Lc1,0.75,0.25,1,0.333333,0.75,1.37,0.648141,0.179777,0.5
alpha075_rho025_Lc1,0.75,0.25,1,0.333333,0.75,1.38,0.64949,0.179432,0.5
alpha075_rho025_Lc1,0.75,0.25,1,0.333333,0.75,1.39,0.650822,0.179096,0.5
alpha075_rho025_Lc1,0.75,0.25,1,0.333333,0.75,1.4,0.652135,0.178769,0.5
alpha075_rho025_Lc1,0.75,0.25,1,0.333333,0.75,1.41,0.653432,0.178451,0.5
alpha075_rho025_Lc1,0.75,0.25,1,0.333333,0.75,1.42,0.654711,0.178141,0.5
alpha075_rho025_Lc1,0.75,0.25,1,0.333333,0.75,1.43,0.655973,0.177839,0.5
alpha075_rho025_Lc1,0.75,0.25,1,0.333333,0.75,1.44,0.657218,0.177545,0.5
alpha075_rho025_Lc1,0.75,0.25,1,0.333333,0.75,1.45,0.658447,0.177258,0.5
alpha075_rho025_Lc1,0.75,0.25,1,0.333333,0.75,1.46,0.65966,0.17698,0.5
alpha075_rho025_Lc1,0.75,0.25,1,0.333333,0.75,1.47,0.660856,0.176708,0.5
alpha075_rho025_Lc1,0.75,0.25,1,0.333333,0.75,1.48,0.662037,0.176444,0.5
alpha075_rho025_Lc1,0.75,0.25,1,0.333333,0.75,1.49,0.663202,0.176187,0.5
alpha075_rho025_Lc1,0.75,0.25,1,0.333333,0.75,1.5,0.664352,0.175936,0.5
alpha075_rho025_Lc1,0.75,0.25,1,0.333333,0.75,1.51,0.665486,0.175692,0.5
alpha075_rho025_Lc1,0.75,0.25,1,0.333333,0.75,1.52,0.666606,0.175455,0.5
alpha075_rho025_Lc1,0.75,0.25,1,0.333333,0.75,1.53,0.66771,0.175224,0.5
alpha075_rho025_Lc1,0.75,0.25,1,0.333333,0.75,1.54,0.6688,0.174998,0.5
alpha075_rho025_Lc1,0.75,0.25,1,0.333333,0.75,1.55,0.669876,0.174779,0.5
alpha075_rho025_Lc1,0.75,0.25,1,0.333333,0.75,1.56,0.670937,0.174566,0.5
alpha075_rho025_Lc1,0.75,0.25,1,0.333333,0.75,1.57,0.671984,0.174358,0.5
alpha075_rho025_Lc1,0.75,0.25,1,0.333333,0.75,1.58,0.673017,0.174155,0.5
alpha075_rho025_Lc1,0.75,0.25,1,0.333333,0.75,1.59,0.674037,0.173958,0.5
alpha075_rho025_Lc1,0.75,0.25,1,0.333333,0.75,1.6,0.675043,0.173767,0.5
alpha075_rho025_Lc1,0.75,0.25,1,0.333333,0.75,1.61,0.676036,0.17358,0.5
alpha075_rho025_Lc1,0.75,0.25,1,0.333333,0.75,1.62,0.677016,0.173398,0.5
alpha075_rho025_Lc1,0.75,0.25,1,0.333333,0.75,1.63,0.677982,0.173221,0.5
alpha075_rho025_Lc1,0.75,0.25,1,0.333333,0.75,1.64,0.678936,0.173048,0.5
alpha075_rho025_Lc1,0.75,0.25,1,0.333333,0.75,1.65,0.679877,0.17288,0.5
alpha075_rho025_Lc1,0.75,0.25,1,0.333333,0.75,1.66,0.680806,0.172717,0.5
alpha075_rho025_Lc1,0.75,0.25,1,0.333333,0.75,1.67,0.681723,0.172558,0.5
alpha075_rho025_Lc1,0.75,0.25,1,0.333333,0.75,1.68,0.682627,0.172403,0.5
alpha075_rho025_Lc1,0.75,0.25,1,0.333333,0.75,1.69,0.683519,0.172252,0.5
alpha075_rho025_Lc1,0.75,0.25,1,0.333333,0.75,1.7,0.6844,0.172105,0.5
alpha075_rho025_Lc1,0.75,0.25,1,0.333333,0.75,1.71,0.685269,0.171962,0.5
alpha075_rho025_Lc1,0.75,0.25,1,0.333333,0.75,1.72,0.686126,0.171822,0.5
alpha075_rho025_Lc1,0.75,0.25,1,0.333333,0.75,1.73,0.686972,0.171687,0.5
alpha075_rho025_Lc1,0.75,0.25,1,0.333333,0.75,1.74,0.687807,0.171554,0.5
alpha075_rho025_Lc1,0.75,0.25,1,0.333333,0.75,1.75,0.688631,0.171426,0.5
alpha075_rho025_Lc1,0.75,0.25,1,0.333333,0.75,1.76,0.689443,0.171301,0.5
alpha075_rho025_Lc1,0.75,0.25,1,0.333333,0.75,1.77,0.690246,0.171179,0.5
alpha075_rho025_Lc1,0.75,0.25,1,0.333333,0.75,1.78,0.691037,0.17106,0.5
alpha075_rho025_Lc1,0.75,0.25,1,0.333333,0.75,1.79,0.691818,0.170944,0.5
alpha075_rho025_Lc1,0.75,0.25,1,0.333333,0.75,1.8,0.692589,0.170832,0.5
alpha075_rho025_Lc1,0.75,0.25,1,0.333333,0.75,1.81,0.693349,0.170722,0.5
alpha075_rho025_Lc1,0.75,0.25,1,0.333333,0.75,1.82,0.694099,0.170615,0.5
alpha075_rho025_Lc1,0.75,0.25,1,0.333333,0.75,1.83,0.69484,0.170512,0.5
alpha075_rho025_Lc1,0.75,0.25,1,0.333333,0.75,1.84,0.69557,0.17041,0.5
alpha075_rho025_Lc1,0.75,0.25,1,0.333333,0.75,1.85,0.696291,0.170312,0.5
alpha075_rho025_Lc1,0.75,0.25,1,0.333333,0.75,1.86,0.697003,0.170216,0.5
alpha075_rho025_Lc1,0.75,0.25,1,0.333333,0.75,1.87,0.697704,0.170123,0.5
alpha075_rho025_Lc1,0.75,0.25,1,0.333333,0.75,1.88,0.698397,0.170032,0.5
alpha075_rho025_Lc1,0.75,0.25,1,0.333333,0.75,1.89,0.699081,0.169943,0.5
alpha075_rho025_Lc1,0.75,0.25,1,0.333333,0.75,1.9,0.699755,0.169857,0.5
alpha075_rho025_Lc1,0.75,0.25,1,0.333333,0.75,1.91,0.700421,0.169773,0.5
alpha075_rho025_Lc1,0.75,0.25,1,0.333333,0.75,1.92,0.701077,0.169691,0.5
alpha075_rho025_Lc1,0.75,0.25,1,0.333333,0.75,1.93,0.701725,0.169612,0.5
alpha075_rho025_Lc1,0.75,0.25,1,0.333333,0.75,1.94,0.702365,0.169534,0.5
alpha075_rho025_Lc1,0.75,0.25,1,0.333333,0.75,1.95,0.702995,0.169459,0.5
alpha075_rho025_Lc1,0.75,0.25,1,0.333333,0.75,1.96,0.703618,0.169385,0.5
alpha075_rho025_Lc1,0.75,0.25,1,0.333333,0.75,1.97,0.704232,0.169314,0.5
alpha075_rho025_Lc1,0.75,0.25,1,0.333333,0.75,1.98,0.704839,0.169244,0.5
alpha075_rho025_Lc1,0.75,0.25,1,0.333333,0.75,1.99,0.705437,0.169176,0.5
alpha075_rho025_Lc1,0.75,0.25,1,0.333333,0.75,2,0.706027,0.16911,0.5
alpha075_rho025_Lc1,0.75,0.25,1,0.333333,0.75,2.01,0.706609,0.169046,0.5
alpha075_rho025_Lc1,0.75,0.25,1,0.333333,0.75,2.02,0.707184,0.168983,0.5
alpha075_rho025_Lc1,0.75,0.25,1,0.333333,0.75,2.03,0.707751,0.168922,0.5
alpha075_rho025_Lc1,0.75,0.25,1,0.333333,0.75,2.04,0.708311,0.168863,0.5
alpha075_rho025_Lc1,0.75,0.25,1,0.333333,0.75,2.05,0.708863,0.168805,0.5
alpha075_rho025_Lc1,0.75,0.25,1,0.333333,0.75,2.06,0.709408,0.168749,0.5
alpha075_rho025_Lc1,0.75,0.25,1,0.333333,0.75,2.07,0.709945,0.168694,0.5
alpha075_rho025_Lc1,0.75,0.25,1,0.333333,0.75,2.08,0.710476,0.168641,0.5
alpha075_rho025_Lc1,0.75,0.25,1,0.333333,0.75,2.09,0.710999,0.168589,0.5
alpha075_rho025_Lc1,0.75,0.25,1,0.333333,0.75,2.1,0.711516,0.168538,0.5
alpha075_rho025_Lc1,0.75,0.25,1,0.333333,0.75,2.11,0.712026,0.168489,0.5
alpha075_rho025_Lc1,0.75,0.25,1,0.333333,0.75,2.12,0.712529,0.168441,0.5
alpha075_rho025_Lc1,0.75,0.25,1,0.333333,0.75,2.13,0.713025,0.168394,0.5
alpha075_rho025_Lc1,0.75,0.25,1,0.333333,0.75,2.14,0.713515,0.168349,0.5
alpha075_rho025_Lc1,0.75,0.25,1,0.333333,0.75,2.15,0.713998,0.168305,0.5
alpha075_rho025_Lc1,0.75,0.25,1,0.333333,0.75,2.16,0.714475,0.168261,0.5
alpha075_rho025_Lc1,0.75,0.25,1,0.333333,0.75,2.17,0.714945,0.168219,0.5
alpha075_rho025_Lc1,0.75,0.25,1,0.333333,0.75,2.18,0.71541,0.168179,0.5
alpha075_rho025_Lc1,0.75,0.25,1,0.333333,0.75,2.19,0.715868,0.168139,0.5
alpha075_rho025_Lc1,0.75,0.25,1,0.333333,0.75,2.2,0.71632,0.1681,0.5
alpha075_rho025_Lc1,0.75,0.25,1,0.333333,0.75,2.21,0.716766,0.168062,0.5
alpha075_rho025_Lc1,0.75,0.25,1,0.333333,0.75,2.22,0.717206,0.168026,0.5
alpha075_rho025_Lc1,0.75,0.25,1,0.333333,0.75,2.23,0.71764,0.16799,0.5
alpha075_rho025_Lc1,0.75,0.25,1,0.333333,0.75,2.24,0.718069,0.167955,0.5
alpha075_rho025_Lc1,0.75,0.25,1,0.333333,0.75,2.25,0.718492,0.167921,0.5
alpha075_rho025_Lc1,0.75,0.25,1,0.333333,0.75,2.26,0.718909,0.167888,0.5
alpha075_rho025_Lc1,0.75,0.25,1,0.333333,0.75,2.27,0.719321,0.167856,0.5
alpha075_rho025_Lc1,0.75,0.25,1,0.333333,0.75,2.28,0.719727,0.167825,0.5
alpha075_rho025_Lc1,0.75,0.25,1,0.333333,0.75,2.29,0.720128,0.167794,0.5
alpha075_rho025_Lc1,0.75,0.25,1,0.333333,0.75,2.3,0.720524,0.167765,0.5
alpha075_rho025_Lc1,0.75,0.25,1,0.333333,0.75,2.31,0.720914,0.167736,0.5
alpha075_rho025_Lc1,0.75,0.25,1,0.333333,0.75,2.32,0.7213,0.167708,0.5
alpha075_rho025_Lc1,0.75,0.25,1,0.333333,0.75,2.33,0.72168,0.16768,0.5
alpha075_rho025_Lc1,0.75,0.25,1,0.333333,0.75,2.34,0.722055,0.167653,0.5
alpha075_rho025_Lc1,0.75,0.25,1,0.333333,0.75,2.35,0.722425,0.167628,0.5
alpha075_rho025_Lc1,0.75,0.25,1,0.333333,0.75,2.36,0.72279,0.167602,0.5
alpha075_rho025_Lc1,0.75,0.25,1,0.333333,0.75,2.37,0.723151,0.167578,0.5
alpha075_rho025_Lc1,0.75,0.25,1,0.333333,0.75,2.38,0.723506,0.167554,0.5
alpha075_rho025_Lc1,0.75,0.25,1,0.333333,0.75,2.39,0.723857,0.16753,0.5
alpha075_rho025_Lc1,0.75,0.25,1,0.333333,0.75,2.4,0.724203,0.167508,0.5
alpha075_rho025_Lc1,0.75,0.25,1,0.333333,0.75,2.41,0.724545,0.167485,0.5
alpha075_rho025_Lc1,0.75,0.25,1,0.333333,0.75,2.42,0.724882,0.167464,0.5
alpha075_rho025_Lc1,0.75,0.25,1,0.333333,0.75,2.43,0.725215,0.167443,0.5
alpha075_rho025_Lc1,0.75,0.25,1,0.333333,0.75,2.44,0.725543,0.167423,0.5
alpha075_rho025_Lc1,0.75,0.25,1,0.333333,0.75,2.45,0.725867,0.167403,0.5
alpha075_rho025_Lc1,0.75,0.25,1,0.333333,0.75,2.46,0.726187,0.167383,0.5
alpha075_rho025_Lc1,0.75,0.25,1,0.333333,0.75,2.47,0.726502,0.167364,0.5
alpha075_rho025_Lc1,0.75,0.25,1,0.333333,0.75,2.48,0.726813,0.167346,0.5
alpha075_rho025_Lc1,0.75,0.25,1,0.333333,0.75,2.49,0.72712,0.167328,0.5
alpha075_rho025_Lc1,0.75,0.25,1,0.333333,0.75,2.5,0.727423,0.167311,0.5
alpha075_rho025_Lc1,0.75,0.25,1,0.333333,0.75,2.51,0.727722,0.167294,0.5
alpha075_rho025_Lc1,0.75,0.25,1,0.333333,0.75,2.52,0.728018,0.167277,0.5
alpha075_rho025_Lc1,0.75,0.25,1,0.333333,0.75,2.53,0.728309,0.167261,0.5
alpha075_rho025_Lc1,0.75,0.25,1,0.333333,0.75,2.54,0.728596,0.167246,0.5
alpha075_rho025_Lc1,0.75,0.25,1,0.333333,0.75,2.55,0.728879,0.16723,0.5
alpha075_rho025_Lc1,0.75,0.25,1,0.333333,0.75,2.56,0.729159,0.167216,0.5
alpha075_rho025_Lc1,0.75,0.25,1,0.333333,0.75,2.57,0.729435,0.167201,0.5
alpha075_rho025_Lc1,0.75,0.25,1,0.333333,0.75,2.58,0.729708,0.167187,0.5
alpha075_rho025_Lc1,0.75,0.25,1,0.333333,0.75,2.59,0.729976,0.167173,0.5
alpha075_rho025_Lc1,0.75,0.25,1,0.333333,0.75,2.6,0.730242,0.16716,0.5
alpha075_rho025_Lc1,0.75,0.25,1,0.333333,0.75,2.61,0.730503,0.167147,0.5
alpha075_rho025_Lc1,0.75,0.25,1,0.333333,0.75,2.62,0.730762,0.167134,0.5
alpha075_rho025_Lc1,0.75,0.25,1,0.333333,0.75,2.63,0.731016,0.167122,0.5
alpha075_rho025_Lc1,0.75,0.25,1,0.333333,0.75,2.64,0.731268,0.16711,0.5
alpha075_rho025_Lc1,0.75,0.25,1,0.333333,0.75,2.65,0.731516,0.167098,0.5
alpha075_rho025_Lc1,0.75,0.25,1,0.333333,0.75,2.66,0.731761,0.167087,0.5
alpha075_rho025_Lc1,0.75,0.25,1,0.333333,0.75,2.67,0.732002,0.167076,0.5
alpha075_rho025_Lc1,0.75,0.25,1,0.333333,0.75,2.68,0.732241,0.167065,0.5
alpha075_rho025_Lc1,0.75,0.25,1,0.333333,0.75,2.69,0.732476,0.167055,0.5
alpha075_rho025_Lc1,0.75,0.25,1,0.333333,0.75,2.7,0.732708,0.167045,0.5
alpha075_rho025_Lc1,0.75,0.25,1,0.333333,0.75,2.71,0.732937,0.167035,0.5
alpha075_rho025_Lc1,0.75,0.25,1,0.333333,0.75,2.72,0.733163,0.167025,0.5
alpha075_rho025_Lc1,0.75,0.25,1,0.333333,0.75,2.73,0.733386,0.167015,0.5
alpha075_rho025_Lc1,0.75,0.25,1,0.333333,0.75,2.74,0.733606,0.167006,0.5
alpha075_rho025_Lc1,0.75,0.25,1,0.333333,0.75,2.75,0.733823,0.166997,0.5
alpha075_rho025_Lc1,0.75,0.25,1,0.333333,0.75,2.76,0.734037,0.166989,0.5
alpha075_rho025_Lc1,0.75,0.25,1,0.333333,0.75,2.77,0.734249,0.16698,0.5
alpha075_rho025_Lc1,0.75,0.25,1,0.333333,0.75,2.78,0.734457,0.166972,0.5
alpha075_rho025_Lc1,0.75,0.25,1,0.333333,0.75,2.79,0.734663,0.166964,0.5
alpha075_rho025_Lc1,0.75,0.25,1,0.333333,0.75,2.8,0.734866,0.166956,0.5
alpha075_rho025_Lc1,0.75,0.25,1,0.333333,0.75,2.81,0.735067,0.166948,0.5
alpha075_rho025_Lc1,0.75,0.25,1,0.333333,0.75,2.82,0.735265,0.166941,0.5
alpha075_rho025_Lc1,0.75,0.25,1,0.333333,0.75,2.83,0.73546,0.166934,0.5
alpha075_rho025_Lc1,0.75,0.25,1,0.333333,0.75,2.84,0.735652,0.166927,0.5
alpha075_rho025_Lc1,0.75,0.25,1,0.333333,0.75,2.85,0.735842,0.16692,0.5
alpha075_rho025_Lc1,0.75,0.25,1,0.333333,0.75,2.86,0.73603,0.166913,0.5
alpha075_rho025_Lc1,0.75,0.25,1,0.333333,0.75,2.87,0.736215,0.166907,0.5
alpha075_rho025_Lc1,0.75,0.25,1,0.333333,0.75,2.88,0.736398,0.1669,0.5
alpha075_rho025_Lc1,0.75,0.25,1,0.333333,0.75,2.89,0.736578,0.166894,0.5
alpha075_rho025_Lc1,0.75,0.25,1,0.333333,0.75,2.9,0.736756,0.166888,0.5
alpha075_rho025_Lc1,0.75,0.25,1,0.333333,0.75,2.91,0.736931,0.166882,0.5
alpha075_rho025_Lc1,0.75,0.25,1,0.333333,0.75,2.92,0.737104,0.166877,0.5
alpha075_rho025_Lc1,0.75,0.25,1,0.333333,0.75,2.93,0.737275,0.166871,0.5
alpha075_rho025_Lc1,0.75,0.25,1,0.333333,0.75,2.94,0.737443,0.166866,0.5
alpha075_rho025_Lc1,0.75,0.25,1,0.333333,0.75,2.95,0.73761,0.166861,0.5
alpha075_rho025_Lc1,0.75,0.25,1,0.333333,0.75,2.96,0.737774,0.166856,0.5
alpha075_rho025_Lc1,0.75,0.25,1,0.333333,0.75,2.97,0.737936,0.166851,0.5
alpha075_rho025_Lc1,0.75,0.25,1,0.333333,0.75,2.98,0.738096,0.166846,0.5
alpha075_rho025_Lc1,0.75,0.25,1,0.333333,0.75,2.99,0.738253,0.166841,0.5
alpha075_rho025_Lc1,0.75,0.25,1,0.333333,0.75,3,0.738409,0.166836,0.5
alpha075_rho025_Lc1,0.75,0.25,1,0.333333,0.75,3.01,0.738562,0.166832,0.5
alpha075_rho025_Lc1,0.75,0.25,1,0.333333,0.75,3.02,0.738714,0.166828,0.5
alpha075_rho025_Lc1,0.75,0.25,1,0.333333,0.75,3.03,0.738863,0.166823,0.5
alpha075_rho025_Lc1,0.75,0.25,1,0.333333,0.75,3.04,0.739011,0.166819,0.5
alpha075_rho025_Lc1,0.75,0.25,1,0.333333,0.75,3.05,0.739156,0.166815,0.5
alpha075_rho025_Lc1,0.75,0.25,1,0.333333,0.75,3.06,0.7393,0.166811,0.5
alpha075_rho025_Lc1,0.75,0.25,1,0.333333,0.75,3.07,0.739442,0.166808,0.5
alpha075_rho025_Lc1,0.75,0.25,1,0.333333,0.75,3.08,0.739582,0.166804,0.5
alpha075_rho025_Lc1,0.75,0.25,1,0.333333,0.75,3.09,0.73972,0.1668,0.5
alpha075_rho025_Lc1,0.75,0.25,1,0.333333,0.75,3.1,0.739856,0.166797,0.5
alpha075_rho025_Lc1,0.75,0.25,1,0.333333,0.75,3.11,0.73999,0.166793,0.5
alpha075_rho025_Lc1,0.75,0.25,1,0.333333,0.75,3.12,0.740123,0.16679,0.5
alpha075_rho025_Lc1,0.75,0.25,1,0.333333,0.75,3.13,0.740253,0.166787,0.5
alpha075_rho025_Lc1,0.75,0.25,1,0.333333,0.75,3.14,0.740383,0.166784,0.5
alpha075_rho025_Lc1,0.75,0.25,1,0.333333,0.75,3.15,0.74051,0.16678,0.5
alpha075_rho025_Lc1,0.75,0.25,1,0.333333,0.75,3.16,0.740636,0.166777,0.5
alpha075_rho025_Lc1,0.75,0.25,1,0.333333,0.75,3.17,0.74076,0.166775,0.5
alpha075_rho025_Lc1,0.75,0.25,1,0.333333,0.75,3.18,0.740882,0.166772,0.5
alpha075_rho025_Lc1,0.75,0.25,1,0.333333,0.75,3.19,0.741003,0.166769,0.5
alpha075_rho025_Lc1,0.75,0.25,1,0.333333,0.75,3.2,0.741122,0.166766,0.5
alpha075_rho025_Lc1,0.75,0.25,1,0.333333,0.75,3.21,0.74124,0.166764,0.5
alpha075_rho025_Lc1,0.75,0.25,1,0.333333,0.75,3.22,0.741356,0.166761,0.5
alpha075_rho025_Lc1,0.75,0.25,1,0.333333,0.75,3.23,0.74147,0.166759,0.5
alpha075_rho025_Lc1,0.75,0.25,1,0.333333,0.75,3.24,0.741583,0.166756,0.5
alpha075_rho025_Lc1,0.75,0.25,1,0.333333,0.75,3.25,0.741695,0.166754,0.5
alpha075_rho025_Lc1,0.75,0.25,1,0.333333,0.75,3.26,0.741805,0.166752,0.5
alpha075_rho025_Lc1,0.75,0.25,1,0.333333,0.75,3.27,0.741913,0.166749,0.5
alpha075_rho025_Lc1,0.75,0.25,1,0.333333,0.75,3.28,0.74202,0.166747,0.5
alpha075_rho025_Lc1,0.75,0.25,1,0.333333,0.75,3.29,0.742126,0.166745,0.5
alpha075_rho025_Lc1,0.75,0.25,1,0.333333,0.75,3.3,0.74223,0.166743,0.5
alpha075_rho025_Lc1,0.75,0.25,1,0.333333,0.75,3.31,0.742333,0.166741,0.5
alpha075_rho025_Lc1,0.75,0.25,1,0.333333,0.75,3.32,0.742435,0.166739,0.5
alpha075_rho025_Lc1,0.75,0.25,1,0.333333,0.75,3.33,0.742535,0.166737,0.5
alpha075_rho025_Lc1,0.75,0.25,1,0.333333,0.75,3.34,0.742634,0.166735,0.5
alpha075_rho025_Lc1,0.75,0.25,1,0.333333,0.75,3.35,0.742731,0.166733,0.5
alpha075_rho025_Lc1,0.75,0.25,1,0.333333,0.75,3.36,0.742828,0.166732,0.5
alpha075_rho025_Lc1,0.75,0.25,1,0.333333,0.75,3.37,0.742923,0.16673,0.5
alpha075_rho025_Lc1,0.75,0.25,1,0.333333,0.75,3.38,0.743016,0.166728,0.5
alpha075_rho025_Lc1,0.75,0.25,1,0.333333,0.75,3.39,0.743109,0.166727,0.5
alpha075_rho025_Lc1,0.75,0.25,1,0.333333,0.75,3.4,0.7432,0.166725,0.5
alpha075_rho025_Lc1,0.75,0.25,1,0.333333,0.75,3.41,0.74329,0.166724,0.5
alpha075_rho025_Lc1,0.75,0.25,1,0.333333,0.75,3.42,0.743379,0.166722,0.5
alpha075_rho025_Lc1,0.75,0.25,1,0.333333,0.75,3.43,0.743467,0.166721,0.5
alpha075_rho025_Lc1,0.75,0.25,1,0.333333,0.75,3.44,0.743553,0.166719,0.5
alpha075_rho025_Lc1,0.75,0.25,1,0.333333,0.75,3.45,0.743639,0.166718,0.5
alpha075_rho025_Lc1,0.75,0.25,1,0.333333,0.75,3.46,0.743723,0.166716,0.5
alpha075_rho025_Lc1,0.75,0.25,1,0.333333,0.75,3.47,0.743806,0.166715,0.5
alpha075_rho025_Lc1,0.75,0.25,1,0.333333,0.75,3.48,0.743888,0.166714,0.5
alpha075_rho025_Lc1,0.75,0.25,1,0.333333,0.75,3.49,0.743969,0.166713,0.5
alpha075_rho025_Lc1,0.75,0.25,1,0.333333,0.75,3.5,0.744049,0.166711,0.5
alpha075_rho025_Lc1,0.75,0.25,1,0.333333,0.75,3.51,0.744128,0.16671,0.5
alpha075_rho025_Lc1,0.75,0.25,1,0.333333,0.75,3.52,0.744205,0.166709,0.5
alpha075_rho025_Lc1,0.75,0.25,1,0.333333,0.75,3.53,0.744282,0.166708,0.5
alpha075_rho025_Lc1,0.75,0.25,1,0.333333,0.75,3.54,0.744358,0.166707,0.5
alpha075_rho025_Lc1,0.75,0.25,1,0.333333,0.75,3.55,0.744433,0.166706,0.5
alpha075_rho025_Lc1,0.75,0.25,1,0.333333,0.75,3.56,0.744506,0.166705,0.5
alpha075_rho025_Lc1,0.75,0.25,1,0.333333,0.75,3.57,0.744579,0.166704,0.5
alpha075_rho025_Lc1,0.75,0.25,1,0.333333,0.75,3.58,0.744651,0.166703,0.5
alpha075_rho025_Lc1,0.75,0.25,1,0.333333,0.75,3.59,0.744722,0.166702,0.5
alpha075_rho025_Lc1,0.75,0.25,1,0.333333,0.75,3.6,0.744792,0.166701,0.5
alpha075_rho025_Lc1,0.75,0.25,1,0.333333,0.75,3.61,0.744861,0.1667,0.5
alpha075_rho025_Lc1,0.75,0.25,1,0.333333,0.75,3.62,0.744929,0.166699,0.5
alpha075_rho025_Lc1,0.75,0.25,1,0.333333,0.75,3.63,0.744996,0.166698,0.5
alpha075_rho025_Lc1,0.75,0.25,1,0.333333,0.75,3.64,0.745062,0.166697,0.5
alpha075_rho025_Lc1,0.75,0.25,1,0.333333,0.75,3.65,0.745128,0.166697,0.5
alpha075_rho025_Lc1,0.75,0.25,1,0.333333,0.75,3.66,0.745192,0.166696,0.5
alpha075_rho025_Lc1,0.75,0.25,1,0.333333,0.75,3.67,0.745256,0.166695,0.5
alpha075_rho025_Lc1,0.75,0.25,1,0.333333,0.75,3.68,0.745319,0.166694,0.5
alpha075_rho025_Lc1,0.75,0.25,1,0.333333,0.75,3.69,0.745381,0.166694,0.5
alpha075_rho025_Lc1,0.75,0.25,1,0.333333,0.75,3.7,0.745442,0.166693,0.5
alpha075_rho025_Lc1,0.75,0.25,1,0.333333,0.75,3.71,0.745502,0.166692,0.5
alpha075_rho025_Lc1,0.75,0.25,1,0.333333,0.75,3.72,0.745562,0.166692,0.5
alpha075_rho025_Lc1,0.75,0.25,1,0.333333,0.75,3.73,0.745621,0.166691,0.5
alpha075_rho025_Lc1,0.75,0.25,1,0.333333,0.75,3.74,0.745679,0.16669,0.5
alpha075_rho025_Lc1,0.75,0.25,1,0.333333,0.75,3.75,0.745736,0.16669,0.5
alpha075_rho025_Lc1,0.75,0.25,1,0.333333,0.75,3.76,0.745792,0.166689,0.5
alpha075_rho025_Lc1,0.75,0.25,1,0.333333,0.75,3.77,0.745848,0.166688,0.5
alpha075_rho025_Lc1,0.75,0.25,1,0.333333,0.75,3.78,0.745903,0.166688,0.5
alpha075_rho025_Lc1,0.75,0.25,1,0.333333,0.75,3.79,0.745957,0.166687,0.5
alpha075_rho025_Lc1,0.75,0.25,1,0.333333,0.75,3.8,0.746011,0.166687,0.5
alpha075_rho025_Lc1,0.75,0.25,1,0.333333,0.75,3.81,0.746064,0.166686,0.5
alpha075_rho025_Lc1,0.75,0.25,1,0.333333,0.75,3.82,0.746116,0.166686,0.5
alpha075_rho025_Lc1,0.75,0.25,1,0.333333,0.75,3.83,0.746167,0.166685,0.5
alpha075_rho025_Lc1,0.75,0.25,1,0.333333,0.75,3.84,0.746218,0.166685,0.5
alpha075_rho025_Lc1,0.75,0.25,1,0.333333,0.75,3.85,0.746268,0.166684,0.5
alpha075_rho025_Lc1,0.75,0.25,1,0.333333,0.75,3.86,0.746318,0.166684,0.5
alpha075_rho025_Lc1,0.75,0.25,1,0.333333,0.75,3.87,0.746366,0.166683,0.5
alpha075_rho025_Lc1,0.75,0.25,1,0.333333,0.75,3.88,0.746414,0.166683,0.5
alpha075_rho025_Lc1,0.75,0.25,1,0.333333,0.75,3.89,0.746462,0.166682,0.5
alpha075_rho025_Lc1,0.75,0.25,1,0.333333,0.75,3.9,0.746509,0.166682,0.5
alpha075_rho025_Lc1,0.75,0.25,1,0.333333,0.75,3.91,0.746555,0.166682,0.5
alpha075_rho025_Lc1,0.75,0.25,1,0.333333,0.75,3.92,0.746601,0.166681,0.5
alpha075_rho025_Lc1,0.75,0.25,1,0.333333,0.75,3.93,0.746646,0.166681,0.5
alpha075_rho025_Lc1,0.75,0.25,1,0.333333,0.75,3.94,0.74669,0.166681,0.5
alpha075_rho025_Lc1,0.75,0.25,1,0.333333,0.75,3.95,0.746734,0.16668,0.5
alpha075_rho025_Lc1,0.75,0.25,1,0.333333,0.75,3.96,0.746777,0.16668,0.5
alpha075_rho025_Lc1,0.75,0.25,1,0.333333,0.75,3.97,0.74682,0.166679,0.5
alpha075_rho025_Lc1,0.75,0.25,1,0.333333,0.75,3.98,0.746862,0.166679,0.5
alpha075_rho025_Lc1,0.75,0.25,1,0.333333,0.75,3.99,0.746904,0.166679,0.5
alpha075_rho025_Lc1,0.75,0.25,1,0.333333,0.75,4,0.746945,0.166678,0.5
alpha075_rho025_Lc1,0.75,0.25,1,0.333333,0.75,4.01,0.746985,0.166678,0.5
alpha075_rho025_Lc1,0.75,0.25,1,0.333333,0.75,4.02,0.747025,0.166678,0.5
alpha075_rho025_Lc1,0.75,0.25,1,0.333333,0.75,4.03,0.747064,0.166678,0.5
alpha075_rho025_Lc1,0.75,0.25,1,0.333333,0.75,4.04,0.747103,0.166677,0.5
alpha075_rho025_Lc1,0.75,0.25,1,0.333333,0.75,4.05,0.747142,0.166677,0.5
alpha075_rho025_Lc1,0.75,0.25,1,0.333333,0.75,4.06,0.74718,0.166677,0.5
alpha075_rho025_Lc1,0.75,0.25,1,0.333333,0.75,4.07,0.747217,0.166676,0.5
alpha075_rho025_Lc1,0.75,0.25,1,0.333333,0.75,4.08,0.747254,0.166676,0.5
alpha075_rho025_Lc1,0.75,0.25,1,0.333333,0.75,4.09,0.74729,0.166676,0.5
alpha075_rho025_Lc1,0.75,0.25,1,0.333333,0.75,4.1,0.747326,0.166676,0.5
alpha075_rho025_Lc1,0.75,0.25,1,0.333333,0.75,4.11,0.747361,0.166675,0.5
alpha075_rho025_Lc1,0.75,0.25,1,0.333333,0.75,4.12,0.747396,0.166675,0.5
alpha075_rho025_Lc1,0.75,0.25,1,0.333333,0.75,4.13,0.747431,0.166675,0.5
alpha075_rho025_Lc1,0.75,0.25,1,0.333333,0.75,4.14,0.747465,0.166675,0.5
alpha075_rho025_Lc1,0.75,0.25,1,0.333333,0.75,4.15,0.747498,0.166675,0.5
alpha075_rho025_Lc1,0.75,0.25,1,0.333333,0.75,4.16,0.747532,0.166674,0.5
alpha075_rho025_Lc1,0.75,0.25,1,0.333333,0.75,4.17,0.747564,0.166674,0.5
alpha075_rho025_Lc1,0.75,0.25,1,0.333333,0.75,4.18,0.747597,0.166674,0.5
alpha075_rho025_Lc1,0.75,0.25,1,0.333333,0.75,4.19,0.747628,0.166674,0.5
alpha075_rho025_Lc1,0.75,0.25,1,0.333333,0.75,4.2,0.74766,0.166674,0.5
alpha075_rho025_Lc1,0.75,0.25,1,0.333333,0.75,4.21,0.747691,0.166673,0.5
alpha075_rho025_Lc1,0.75,0.25,1,0.333333,0.75,4.22,0.747721,0.166673,0.5
alpha075_rho025_Lc1,0.75,0.25,1,0.333333,0.75,4.23,0.747752,0.166673,0.5
alpha075_rho025_Lc1,0.75,0.25,1,0.333333,0.75,4.24,0.747781,0.166673,0.5
alpha075_rho025_Lc1,0.75,0.25,1,0.333333,0.75,4.25,0.747811,0.166673,0.5
alpha075_rho025_Lc1,0.75,0.25,1,0.333333,0.75,4.26,0.74784,0.166673,0.5
alpha075_rho025_Lc1,0.75,0.25,1,0.333333,0.75,4.27,0.747868,0.166672,0.5
alpha075_rho025_Lc1,0.75,0.25,1,0.333333,0.75,4.28,0.747897,0.166672,0.5
alpha075_rho025_Lc1,0.75,0.25,1,0.333333,0.75,4.29,0.747924,0.166672,0.5
alpha075_rho025_Lc1,0.75,0.25,1,0.333333,0.75,4.3,0.747952,0.166672,0.5
alpha075_rho025_Lc1,0.75,0.25,1,0.333333,0.75,4.31,0.747979,0.166672,0.5
alpha075_rho025_Lc1,0.75,0.25,1,0.333333,0.75,4.32,0.748006,0.166672,0.5
alpha075_rho025_Lc1,0.75,0.25,1,0.333333,0.75,4.33,0.748032,0.166672,0.5
alpha075_rho025_Lc1,0.75,0.25,1,0.333333,0.75,4.34,0.748058,0.166671,0.5
alpha075_rho025_Lc1,0.75,0.25,1,0.333333,0.75,4.35,0.748084,0.166671,0.5
alpha075_rho025_Lc1,0.75,0.25,1,0.333333,0.75,4.36,0.748109,0.166671,0.5
alpha075_rho025_Lc1,0.75,0.25,1,0.333333,0.75,4.37,0.748134,0.166671,0.5
alpha075_rho025_Lc1,0.75,0.25,1,0.333333,0.75,4.38,0.748159,0.166671,0.5
alpha075_rho025_Lc1,0.75,0.25,1,0.333333,0.75,4.39,0.748183,0.166671,0.5
alpha075_rho025_Lc1,0.75,0.25,1,0.333333,0.75,4.4,0.748208,0.166671,0.5
alpha075_rho025_Lc1,0.75,0.25,1,0.333333,0.75,4.41,0.748231,0.166671,0.5
alpha075_rho025_Lc1,0.75,0.25,1,0.333333,0.75,4.42,0.748255,0.166671,0.5
alpha075_rho025_Lc1,0.75,0.25,1,0.333333,0.75,4.43,0.748278,0.16667,0.5
alpha075_rho025_Lc1,0.75,0.25,1,0.333333,0.75,4.44,0.748301,0.16667,0.5
alpha075_rho025_Lc1,0.75,0.25,1,0.333333,0.75,4.45,0.748323,0.16667,0.5
alpha075_rho025_Lc1,0.75,0.25,1,0.333333,0.75,4.46,0.748345,0.16667,0.5
alpha075_rho025_Lc1,0.75,0.25,1,0.333333,0.75,4.47,0.748367,0.16667,0.5
alpha075_rho025_Lc1,0.75,0.25,1,0.333333,0.75,4.48,0.748389,0.16667,0.5
alpha075_rho025_Lc1,0.75,0.25,1,0.333333,0.75,4.49,0.74841,0.16667,0.5
alpha075_rho025_Lc1,0.75,0.25,1,0.333333,0.75,4.5,0.748431,0.16667,0.5
alpha075_rho025_Lc1,0.75,0.25,1,0.333333,0.75,4.51,0.748452,0.16667,0.5
alpha075_rho025_Lc1,0.75,0.25,1,0.333333,0.75,4.52,0.748473,0.16667,0.5
alpha075_rho025_Lc1,0.75,0.25,1,0.333333,0.75,4.53,0.748493,0.16667,0.5
alpha075_rho025_Lc1,0.75,0.25,1,0.333333,0.75,4.54,0.748513,0.166669,0.5
alpha075_rho025_Lc1,0.75,0.25,1,0.333333,0.75,4.55,0.748532,0.166669,0.5
alpha075_rho025_Lc1,0.75,0.25,1,0.333333,0.75,4.56,0.748552,0.166669,0.5
alpha075_rho025_Lc1,0.75,0.25,1,0.333333,0.75,4.57,0.748571,0.166669,0.5
alpha075_rho025_Lc1,0.75,0.25,1,0.333333,0.75,4.58,0.74859,0.166669,0.5
alpha075_rho025_Lc1,0.75,0.25,1,0.333333,0.75,4.59,0.748609,0.166669,0.5
alpha075_rho025_Lc1,0.75,0.25,1,0.333333,0.75,4.6,0.748627,0.166669,0.5
alpha075_rho025_Lc1,0.75,0.25,1,0.333333,0.75,4.61,0.748645,0.166669,0.5
alpha075_rho025_Lc1,0.75,0.25,1,0.333333,0.75,4.62,0.748663,0.166669,0.5
alpha075_rho025_Lc1,0.75,0.25,1,0.333333,0.75,4.63,0.748681,0.166669,0.5
alpha075_rho025_Lc1,0.75,0.25,1,0.333333,0.75,4.64,0.748698,0.166669,0.5
alpha075_rho025_Lc1,0.75,0.25,1,0.333333,0.75,4.65,0.748716,0.166669,0.5
alpha075_rho025_Lc1,0.75,0.25,1,0.333333,0.75,4.66,0.748733,0.166669,0.5
alpha075_rho025_Lc1,0.75,0.25,1,0.333333,0.75,4.67,0.748749,0.166669,0.5
alpha075_rho025_Lc1,0.75,0.25,1,0.333333,0.75,4.68,0.748766,0.166669,0.5
alpha075_rho025_Lc1,0.75,0.25,1,0.333333,0.75,4.69,0.748782,0.166669,0.5
alpha075_rho025_Lc1,0.75,0.25,1,0.333333,0.75,4.7,0.748798,0.166668,0.5
alpha075_rho025_Lc1,0.75,0.25,1,0.333333,0.75,4.71,0.748814,0.166668,0.5
alpha075_rho025_Lc1,0.75,0.25,1,0.333333,0.75,4.72,0.74883,0.166668,0.5
alpha075_rho025_Lc1,0.75,0.25,1,0.333333,0.75,4.73,0.748846,0.166668,0.5
alpha075_rho025_Lc1,0.75,0.25,1,0.333333,0.75,4.74,0.748861,0.166668,0.5
alpha075_rho025_Lc1,0.75,0.25,1,0.333333,0.75,4.75,0.748876,0.166668,0.5
alpha075_rho025_Lc1,0.75,0.25,1,0.333333,0.75,4.76,0.748891,0.166668,0.5
alpha075_rho025_Lc1,0.75,0.25,1,0.333333,0.75,4.77,0.748906,0.166668,0.5
alpha075_rho025_Lc1,0.75,0.25,1,0.333333,0.75,4.78,0.74892,0.166668,0.5
alpha075_rho025_Lc1,0.75,0.25,1,0.333333,0.75,4.79,0.748934,0.166668,0.5
alpha075_rho025_Lc1,0.75,0.25,1,0.333333,0.75,4.8,0.748948,0.166668,0.5
alpha075_rho025_Lc1,0.75,0.25,1,0.333333,0.75,4.81,0.748962,0.166668,0.5
alpha075_rho025_Lc1,0.75,0.25,1,0.333333,0.75,4.82,0.748976,0.166668,0.5
alpha075_rho025_Lc1,0.75,0.25,1,0.333333,0.75,4.83,0.74899,0.166668,0.5
alpha075_rho025_Lc1,0.75,0.25,1,0.333333,0.75,4.84,0.749003,0.166668,0.5
alpha075_rho025_Lc1,0.75,0.25,1,0.333333,0.75,4.85,0.749016,0.166668,0.5
alpha075_rho025_Lc1,0.75,0.25,1,0.333333,0.75,4.86,0.749029,0.166668,0.5
alpha075_rho025_Lc1,0.75,0.25,1,0.333333,0.75,4.87,0.749042,0.166668,0.5
alpha075_rho025_Lc1,0.75,0.25,1,0.333333,0.75,4.88,0.749055,0.166668,0.5
alpha075_rho025_Lc1,0.75,0.25,1,0.333333,0.75,4.89,0.749067,0.166668,0.5
alpha075_rho025_Lc1,0.75,0.25,1,0.333333,0.75,4.9,0.74908,0.166668,0.5
alpha075_rho025_Lc1,0.75,0.25,1,0.333333,0.75,4.91,0.749092,0.166668,0.5
alpha075_rho025_Lc1,0.75,0.25,1,0.333333,0.75,4.92,0.749104,0.166668,0.5
alpha075_rho025_Lc1,0.75,0.25,1,0.333333,0.75,4.93,0.749116,0.166668,0.5
alpha075_rho025_Lc1,0.75,0.25,1,0.333333,0.75,4.94,0.749128,0.166668,0.5
alpha075_rho025_Lc1,0.75,0.25,1,0.333333,0.75,4.95,0.749139,0.166668,0.5
alpha075_rho025_Lc1,0.75,0.25,1,0.333333,0.75,4.96,0.74915,0.166668,0.5
alpha075_rho025_Lc1,0.75,0.25,1,0.333333,0.75,4.97,0.749162,0.166668,0.5
alpha075_rho025_Lc1,0.75,0.25,1,0.333333,0.75,4.98,0.749173,0.166668,0.5
alpha075_rho025_Lc1,0.75,0.25,1,0.333333,0.75,4.99,0.749184,0.166668,0.5
alpha075_rho025_Lc1,0.75,0.25,1,0.333333,0.75,5,0.749195,0.166667,0.5
alpha050_rho050_Lc1,0.5,0.5,1,1,0.5,0,0,1,0.5
alpha050_rho050_Lc1,0.5,0.5,1,1,0.5,0.01,0.0103699,0.873349,0.5
alpha050_rho050_Lc1,0.5,0.5,1,1,0.5,0.02,0.0213771,0.785301,0.5
alpha050_rho050_Lc1,0.5,0.5,1,1,0.5,0.03,0.0328534,0.723204,0.5
alpha050_rho050_Lc1,0.5,0.5,1,1,0.5,0.04,0.0446227,0.678568,0.5
alpha050_rho050_Lc1,0.5,0.5,1,1,0.5,0.05,0.0565138,0.645699,0.5
alpha050_rho050_Lc1,0.5,0.5,1,1,0.5,0.06,0.068371,0.620783,0.5
alpha050_rho050_Lc1,0.5,0.5,1,1,0.5,0.07,0.0800621,0.601263,0.5
alpha050_rho050_Lc1,0.5,0.5,1,1,0.5,0.08,0.0914822,0.585431,0.5
alpha050_rho050_Lc1,0.5,0.5,1,1,0.5,0.09,0.102554,0.572144,0.5
alpha050_rho050_Lc1,0.5,0.5,1,1,0.5,0.1,0.113226,0.560637,0.5
alpha050_rho050_Lc1,0.5,0.5,1,1,0.5,0.11,0.123471,0.550401,0.5
alpha050_rho050_Lc1,0.5,0.5,1,1,0.5,0.12,0.133276,0.541095,0.5
alpha050_rho050_Lc1,0.5,0.5,1,1,0.5,0.13,0.142646,0.532492,0.5
alpha050_rho050_Lc1,0.5,0.5,1,1,0.5,0.14,0.151594,0.524437,0.5
alpha050_rho050_Lc1,0.5,0.5,1,1,0.5,0.15,0.16014,0.516829,0.5
alpha050_rho050_Lc1,0.5,0.5,1,1,0.5,0.16,0.168309,0.509598,0.5
alpha050_rho050_Lc1,0.5,0.5,1,1,0.5,0.17,0.176126,0.502695,0.5
alpha050_rho050_Lc1,0.5,0.5,1,1,0.5,0.18,0.183617,0.496086,0.5
alpha050_rho050_Lc1,0.5,0.5,1,1,0.5,0.19,0.190808,0.489747,0.5
alpha050_rho050_Lc1,0.5,0.5,1,1,0.5,0.2,0.197722,0.48366,0.5
alpha050_rho050_Lc1,0.5,0.5,1,1,0.5,0.21,0.204384,0.47781,0.5
alpha050_rho050_Lc1,0.5,0.5,1,1,0.5,0.22,0.210812,0.472186,0.5
alpha050_rho050_Lc1,0.5,0.5,1,1,0.5,0.23,0.217025,0.466778,0.5
alpha050_rho050_Lc1,0.5,0.5,1,1,0.5,0.24,0.223041,0.461578,0.5
alpha050_rho050_Lc1,0.5,0.5,1,1,0.5,0.25,0.228873,0.456576,0.5
alpha050_rho050_Lc1,0.5,0.5,1,1,0.5,0.26,0.234535,0.451767,0.5
alpha050_rho050_Lc1,0.5,0.5,1,1,0.5,0.27,0.240039,0.447142,0.5
alpha050_rho050_Lc1,0.5,0.5,1,1,0.5,0.28,0.245394,0.442696,0.5
alpha050_rho050_Lc1,0.5,0.5,1,1,0.5,0.29,0.25061,0.438421,0.5
alpha050_rho050_Lc1,0.5,0.5,1,1,0.5,0.3,0.255694,0.434311,0.5
alpha050_rho050_Lc1,0.5,0.5,1,1,0.5,0.31,0.260654,0.43036,0.5
alpha050_rho050_Lc1,0.5,0.5,1,1,0.5,0.32,0.265496,0.426563,0.5
alpha050_rho050_Lc1,0.5,0.5,1,1,0.5,0.33,0.270225,0.422913,0.5
alpha050_rho050_Lc1,0.5,0.5,1,1,0.5,0.34,0.274847,0.419406,0.5
alpha050_rho050_Lc1,0.5,0.5,1,1,0.5,0.35,0.279365,0.416035,0.5
alpha050_rho050_Lc1,0.5,0.5,1,1,0.5,0.36,0.283783,0.412795,0.5
alpha050_rho050_Lc1,0.5,0.5,1,1,0.5,0.37,0.288106,0.409682,0.5
alpha050_rho050_Lc1,0.5,0.5,1,1,0.5,0.38,0.292337,0.40669,0.5
alpha050_rho050_Lc1,0.5,0.5,1,1,0.5,0.39,0.296478,0.403815,0.5
alpha050_rho050_Lc1,0.5,0.5,1,1,0.5,0.4,0.300532,0.401053,0.5
alpha050_rho050_Lc1,0.5,0.5,1,1,0.5,0.41,0.304501,0.398399,0.5
alpha050_rho050_Lc1,0.5,0.5,1,1,0.5,0.42,0.308389,0.395849,0.5
alpha050_rho050_Lc1,0.5,0.5,1,1,0.5,0.43,0.312197,0.393398,0.5
alpha050_rho050_Lc1,0.5,0.5,1,1,0.5,0.44,0.315927,0.391043,0.5
alpha050_rho050_Lc1,0.5,0.5,1,1,0.5,0.45,0.319582,0.388781,0.5
alpha050_rho050_Lc1,0.5,0.5,1,1,0.5,0.46,0.323162,0.386607,0.5
alpha050_rho050_Lc1,0.5,0.5,1,1,0.5,0.47,0.32667,0.384519,0.5
alpha050_rho050_Lc1,0.5,0.5,1,1,0.5,0.48,0.330108,0.382512,0.5
alpha050_rho050_Lc1,0.5,0.5,1,1,0.5,0.49,0.333476,0.380584,0.5
alpha050_rho050_Lc1,0.5,0.5,1,1,0.5,0.5,0.336777,0.378731,0.5
alpha050_rho050_Lc1,0.5,0.5,1,1,0.5,0.51,0.340013,0.376951,0.5
alpha050_rho050_Lc1,0.5,0.5,1,1,0.5,0.52,0.343183,0.375241,0.5
alpha050_rho050_Lc1,0.5,0.5,1,1,0.5,0.53,0.34629,0.373598,0.5
alpha050_rho050_Lc1,0.5,0.5,1,1,0.5,0.54,0.349336,0.372019,0.5
alpha050_rho050_Lc1,0.5,0.5,1,1,0.5,0.55,0.352321,0.370502,0.5
alpha050_rho050_Lc1,0.5,0.5,1,1,0.5,0.56,0.355246,0.369045,0.5
alpha050_rho050_Lc1,0.5,0.5,1,1,0.5,0.57,0.358113,0.367645,0.5
alpha050_rho050_Lc1,0.5,0.5,1,1,0.5,0.58,0.360924,0.366299,0.5
alpha050_rho050_Lc1,0.5,0.5,1,1,0.5,0.59,0.363678,0.365007,0.5
alpha050_rho050_Lc1,0.5,0.5,1,1,0.5,0.6,0.366378,0.363765,0.5
alpha050_rho050_Lc1,0.5,0.5,1,1,0.5,0.61,0.369025,0.362572,0.5
alpha050_rho050_Lc1,0.5,0.5,1,1,0.5,0.62,0.371619,0.361425,0.5
alpha050_rho050_Lc1,0.5,0.5,1,1,0.5,0.63,0.374161,0.360324,0.5
alpha050_rho050_Lc1,0.5,0.5,1,1,0.5,0.64,0.376653,0.359265,0.5
alpha050_rho050_Lc1,0.5,0.5,1,1,0.5,0.65,0.379096,0.358249,0.5
alpha050_rho050_Lc1,0.5,0.5,1,1,0.5,0.66,0.38149,0.357272,0.5
alpha050_rho050_Lc1,0.5,0.5,1,1,0.5,0.67,0.383837,0.356333,0.5
alpha050_rho050_Lc1,0.5,0.5,1,1,0.5,0.68,0.386137,0.355431,0.5
alpha050_rho050_Lc1,0.5,0.5,1,1,0.5,0.69,0.388392,0.354565,0.5
alpha050_rho050_Lc1,0.5,0.5,1,1,0.5,0.7,0.390602,0.353732,0.5
alpha050_rho050_Lc1,0.5,0.5,1,1,0.5,0.71,0.392768,0.352932,0.5
alpha050_rho050_Lc1,0.5,0.5,1,1,0.5,0.72,0.394891,0.352164,0.5
alpha050_rho050_Lc1,0.5,0.5,1,1,0.5,0.73,0.396973,0.351426,0.5
alpha050_rho050_Lc1,0.5,0.5,1,1,0.5,0.74,0.399013,0.350716,0.5
alpha050_rho050_Lc1,0.5,0.5,1,1,0.5,0.75,0.401013,0.350035,0.5
alpha050_rho050_Lc1,0.5,0.5,1,1,0.5,0.76,0.402973,0.34938,0.5
alpha050_rho050_Lc1,0.5,0.5,1,1,0.5,0.77,0.404894,0.348751,0.5
alpha050_rho050_Lc1,0.5,0.5,1,1,0.5,0.78,0.406777,0.348146,0.5
alpha050_rho050_Lc1,0.5,0.5,1,1,0.5,0.79,0.408623,0.347565,0.5
alpha050_rho050_Lc1,0.5,0.5,1,1,0.5,0.8,0.410433,0.347007,0.5
alpha050_rho050_Lc1,0.5,0.5,1,1,0.5,0.81,0.412206,0.346471,0.5
alpha050_rho050_Lc1,0.5,0.5,1,1,0.5,0.82,0.413945,0.345956,0.5
alpha050_rho050_Lc1,0.5,0.5,1,1,0.5,0.83,0.415649,0.345461,0.5
alpha050_rho050_Lc1,0.5,0.5,1,1,0.5,0.84,0.417319,0.344985,0.5
alpha050_rho050_Lc1,0.5,0.5,1,1,0.5,0.85,0.418956,0.344529,0.5
alpha050_rho050_Lc1,0.5,0.5,1,1,0.5,0.86,0.420561,0.34409,0.5
alpha050_rho050_Lc1,0.5,0.5,1,1,0.5,0.87,0.422134,0.343668,0.5
alpha050_rho050_Lc1,0.5,0.5,1,1,0.5,0.88,0.423676,0.343263,0.5
alpha050_rho050_Lc1,0.5,0.5,1,1,0.5,0.89,0.425187,0.342873,0.5
alpha050_rho050_Lc1,0.5,0.5,1,1,0.5,0.9,0.426668,0.342499,0.5
alpha050_rho050_Lc1,0.5,0.5,1,1,0.5,0.91,0.42812,0.34214,0.5
alpha050_rho050_Lc1,0.5,0.5,1,1,0.5,0.92,0.429544,0.341794,0.5
alpha050_rho050_Lc1,0.5,0.5,1,1,0.5,0.93,0.430939,0.341463,0.5
alpha050_rho050_Lc1,0.5,0.5,1,1,0.5,0.94,0.432306,0.341144,0.5
alpha050_rho050_Lc1,0.5,0.5,1,1,0.5,0.95,0.433647,0.340838,0.5
alpha050_rho050_Lc1,0.5,0.5,1,1,0.5,0.96,0.434961,0.340543,0.5
alpha050_rho050_Lc1,0.5,0.5,1,1,0.5,0.97,0.436249,0.340261,0.5
alpha050_rho050_Lc1,0.5,0.5,1,1,0.5,0.98,0.437511,0.339989,0.5
alpha050_rho050_Lc1,0.5,0.5,1,1,0.5,0.99,0.438748,0.339728,0.5
alpha050_rho050_Lc1,0.5,0.5,1,1,0.5,1,0.439961,0.339477,0.5
alpha050_rho050_Lc1,0.5,0.5,1,1,0.5,1.01,0.44115,0.339236,0.5
alpha050_rho050_Lc1,0.5,0.5,1,1,0.5,1.02,0.442315,0.339005,0.5
alpha050_rho050_Lc1,0.5,0.5,1,1,0.5,1.03,0.443458,0.338783,0.5
alpha050_rho050_Lc1,0.5,0.5,1,1,0.5,1.04,0.444577,0.338569,0.5
alpha050_rho050_Lc1,0.5,0.5,1,1,0.5,1.05,0.445675,0.338364,0.5
alpha050_rho050_Lc1,0.5,0.5,1,1,0.5,1.06,0.44675,0.338166,0.5
alpha050_rho050_Lc1,0.5,0.5,1,1,0.5,1.07,0.447805,0.337977,0.5
alpha050_rho050_Lc1,0.5,0.5,1,1,0.5,1.08,0.448838,0.337795,0.5
alpha050_rho050_Lc1,0.5,0.5,1,1,0.5,1.09,0.449851,0.33762,0.5
alpha050_rho050_Lc1,0.5,0.5,1,1,0.5,1.1,0.450844,0.337452,0.5
alpha050_rho050_Lc1,0.5,0.5,1,1,0.5,1.11,0.451818,0.33729,0.5
alpha050_rho050_Lc1,0.5,0.5,1,1,0.5,1.12,0.452772,0.337135,0.5
alpha050_rho050_Lc1,0.5,0.5,1,1,0.5,1.13,0.453707,0.336986,0.5
alpha050_rho050_Lc1,0.5,0.5,1,1,0.5,1.14,0.454624,0.336843,0.5
alpha050_rho050_Lc1,0.5,0.5,1,1,0.5,1.15,0.455522,0.336705,0.5
alpha050_rho050_Lc1,0.5,0.5,1,1,0.5,1.16,0.456403,0.336573,0.5
alpha050_rho050_Lc1,0.5,0.5,1,1,0.5,1.17,0.457266,0.336446,0.5
alpha050_rho050_Lc1,0.5,0.5,1,1,0.5,1.18,0.458112,0.336324,0.5
alpha050_rho050_Lc1,0.5,0.5,1,1,0.5,1.19,0.458942,0.336207,0.5
alpha050_rho050_Lc1,0.5,0.5,1,1,0.5,1.2,0.459755,0.336094,0.5
alpha050_rho050_Lc1,0.5,0.5,1,1,0.5,1.21,0.460552,0.335986,0.5
alpha050_rho050_Lc1,0.5,0.5,1,1,0.5,1.22,0.461333,0.335882,0.5
alpha050_rho050_Lc1,0.5,0.5,1,1,0.5,1.23,0.462098,0.335782,0.5
alpha050_rho050_Lc1,0.5,0.5,1,1,0.5,1.24,0.462849,0.335686,0.5
alpha050_rho050_Lc1,0.5,0.5,1,1,0.5,1.25,0.463585,0.335594,0.5
alpha050_rho050_Lc1,0.5,0.5,1,1,0.5,1.26,0.464306,0.335505,0.5
alpha050_rho050_Lc1,0.5,0.5,1,1,0.5,1.27,0.465012,0.33542,0.5
alpha050_rho050_Lc1,0.5,0.5,1,1,0.5,1.28,0.465705,0.335338,0.5
alpha050_rho050_Lc1,0.5,0.5,1,1,0.5,1.29,0.466384,0.335259,0.5
alpha050_rho050_Lc1,0.5,0.5,1,1,0.5,1.3,0.46705,0.335184,0.5
alpha050_rho050_Lc1,0.5,0.5,1,1,0.5,1.31,0.467702,0.335111,0.5
alpha050_rho050_Lc1,0.5,0.5,1,1,0.5,1.32,0.468342,0.335042,0.5
alpha050_rho050_Lc1,0.5,0.5,1,1,0.5,1.33,0.468969,0.334975,0.5
alpha050_rho050_Lc1,0.5,0.5,1,1,0.5,1.34,0.469583,0.33491,0.5
alpha050_rho050_Lc1,0.5,0.5,1,1,0.5,1.35,0.470186,0.334848,0.5
alpha050_rho050_Lc1,0.5,0.5,1,1,0.5,1.36,0.470776,0.334789,0.5
alpha050_rho050_Lc1,0.5,0.5,1,1,0.5,1.37,0.471355,0.334732,0.5
alpha050_rho050_Lc1,0.5,0.5,1,1,0.5,1.38,0.471922,0.334677,0.5
alpha050_rho050_Lc1,0.5,0.5,1,1,0.5,1.39,0.472478,0.334624,0.5
alpha050_rho050_Lc1,0.5,0.5,1,1,0.5,1.4,0.473023,0.334574,0.5
alpha050_rho050_Lc1,0.5,0.5,1,1,0.5,1.41,0.473557,0.334525,0.5
alpha050_rho050_Lc1,0.5,0.5,1,1,0.5,1.42,0.474081,0.334478,0.5
alpha050_rho050_Lc1,0.5,0.5,1,1,0.5,1.43,0.474594,0.334434,0.5
alpha050_rho050_Lc1,0.5,0.5,1,1,0.5,1.44,0.475097,0.33439,0.5
alpha050_rho050_Lc1,0.5,0.5,1,1,0.5,1.45,0.47559,0.334349,0.5
alpha050_rho050_Lc1,0.5,0.5,1,1,0.5,1.46,0.476073,0.334309,0.5
alpha050_rho050_Lc1,0.5,0.5,1,1,0.5,1.47,0.476547,0.334271,0.5
alpha050_rho050_Lc1,0.5,0.5,1,1,0.5,1.48,0.477012,0.334234,0.5
alpha050_rho050_Lc1,0.5,0.5,1,1,0.5,1.49,0.477467,0.334199,0.5
alpha050_rho050_Lc1,0.5,0.5,1,1,0.5,1.5,0.477913,0.334165,0.5
alpha050_rho050_Lc1,0.5,0.5,1,1,0.5,1.51,0.47835,0.334132,0.5
alpha050_rho050_Lc1,0.5,0.5,1,1,0.5,1.52,0.478779,0.334101,0.5
alpha050_rho050_Lc1,0.5,0.5,1,1,0.5,1.53,0.479199,0.334071,0.5
alpha050_rho050_Lc1,0.5,0.5,1,1,0.5,1.54,0.479611,0.334042,0.5
alpha050_rho050_Lc1,0.5,0.5,1,1,0.5,1.55,0.480015,0.334014,0.5
alpha050_rho050_Lc1,0.5,0.5,1,1,0.5,1.56,0.480411,0.333987,0.5
alpha050_rho050_Lc1,0.5,0.5,1,1,0.5,1.57,0.480798,0.333962,0.5
alpha050_rho050_Lc1,0.5,0.5,1,1,0.5,1.58,0.481179,0.333937,0.5
alpha050_rho050_Lc1,0.5,0.5,1,1,0.5,1.59,0.481551,0.333913,0.5
alpha050_rho050_Lc1,0.5,0.5,1,1,0.5,1.6,0.481917,0.333891,0.5
alpha050_rho050_Lc1,0.5,0.5,1,1,0.5,1.61,0.482275,0.333869,0.5
alpha050_rho050_Lc1,0.5,0.5,1,1,0.5,1.62,0.482626,0.333848,0.5
alpha050_rho050_Lc1,0.5,0.5,1,1,0.5,1.63,0.48297,0.333828,0.5
alpha050_rho050_Lc1,0.5,0.5,1,1,0.5,1.64,0.483307,0.333808,0.5
alpha050_rho050_Lc1,0.5,0.5,1,1,0.5,1.65,0.483637,0.33379,0.5
alpha050_rho050_Lc1,0.5,0.5,1,1,0.5,1.66,0.483961,0.333772,0.5
alpha050_rho050_Lc1,0.5,0.5,1,1,0.5,1.67,0.484279,0.333755,0.5
alpha050_rho050_Lc1,0.5,0.5,1,1,0.5,1.68,0.48459,0.333738,0.5
alpha050_rho050_Lc1,0.5,0.5,1,1,0.5,1.69,0.484895,0.333722,0.5
alpha050_rho050_Lc1,0.5,0.5,1,1,0.5,1.7,0.485195,0.333707,0.5
alpha050_rho050_Lc1,0.5,0.5,1,1,0.5,1.71,0.485488,0.333692,0.5
alpha050_rho050_Lc1,0.5,0.5,1,1,0.5,1.72,0.485775,0.333678,0.5
alpha050_rho050_Lc1,0.5,0.5,1,1,0.5,1.73,0.486057,0.333665,0.5
alpha050_rho050_Lc1,0.5,0.5,1,1,0.5,1.74,0.486333,0.333652,0.5
alpha050_rho050_Lc1,0.5,0.5,1,1,0.5,1.75,0.486603,0.333639,0.5
alpha050_rho050_Lc1,0.5,0.5,1,1,0.5,1.76,0.486869,0.333627,0.5
alpha050_rho050_Lc1,0.5,0.5,1,1,0.5,1.77,0.487129,0.333616,0.5
alpha050_rho050_Lc1,0.5,0.5,1,1,0.5,1.78,0.487384,0.333605,0.5
alpha050_rho050_Lc1,0.5,0.5,1,1,0.5,1.79,0.487633,0.333594,0.5
alpha050_rho050_Lc1,0.5,0.5,1,1,0.5,1.8,0.487878,0.333584,0.5
alpha050_rho050_Lc1,0.5,0.5,1,1,0.5,1.81,0.488118,0.333574,0.5
alpha050_rho050_Lc1,0.5,0.5,1,1,0.5,1.82,0.488354,0.333565,0.5
alpha050_rho050_Lc1,0.5,0.5,1,1,0.5,1.83,0.488584,0.333555,0.5
alpha050_rho050_Lc1,0.5,0.5,1,1,0.5,1.84,0.48881,0.333547,0.5
alpha050_rho050_Lc1,0.5,0.5,1,1,0.5,1.85,0.489032,0.333538,0.5
alpha050_rho050_Lc1,0.5,0.5,1,1,0.5,1.86,0.489249,0.33353,0.5
alpha050_rho050_Lc1,0.5,0.5,1,1,0.5,1.87,0.489462,0.333523,0.5
alpha050_rho050_Lc1,0.5,0.5,1,1,0.5,1.88,0.489671,0.333515,0.5
alpha050_rho050_Lc1,0.5,0.5,1,1,0.5,1.89,0.489875,0.333508,0.5
alpha050_rho050_Lc1,0.5,0.5,1,1,0.5,1.9,0.490076,0.333501,0.5
alpha050_rho050_Lc1,0.5,0.5,1,1,0.5,1.91,0.490272,0.333495,0.5
alpha050_rho050_Lc1,0.5,0.5,1,1,0.5,1.92,0.490465,0.333488,0.5
alpha050_rho050_Lc1,0.5,0.5,1,1,0.5,1.93,0.490654,0.333482,0.5
alpha050_rho050_Lc1,0.5,0.5,1,1,0.5,1.94,0.490839,0.333476,0.5
alpha050_rho050_Lc1,0.5,0.5,1,1,0.5,1.95,0.49102,0.333471,0.5
alpha050_rho050_Lc1,0.5,0.5,1,1,0.5,1.96,0.491198,0.333465,0.5
alpha050_rho050_Lc1,0.5,0.5,1,1,0.5,1.97,0.491372,0.33346,0.5
alpha050_rho050_Lc1,0.5,0.5,1,1,0.5,1.98,0.491543,0.333455,0.5
alpha050_rho050_Lc1,0.5,0.5,1,1,0.5,1.99,0.49171,0.33345,0.5
alpha050_rho050_Lc1,0.5,0.5,1,1,0.5,2,0.491875,0.333446,0.5
alpha050_rho050_Lc1,0.5,0.5,1,1,0.5,2.01,0.492035,0.333441,0.5
alpha050_rho050_Lc1,0.5,0.5,1,1,0.5,2.02,0.492193,0.333437,0.5
alpha050_rho050_Lc1,0.5,0.5,1,1,0.5,2.03,0.492348,0.333433,0.5
alpha050_rho050_Lc1,0.5,0.5,1,1,0.5,2.04,0.492499,0.333429,0.5
alpha050_rho050_Lc1,0.5,0.5,1,1,0.5,2.05,0.492648,0.333425,0.5
alpha050_rho050_Lc1,0.5,0.5,1,1,0.5,2.06,0.492793,0.333422,0.5
alpha050_rho050_Lc1,0.5,0.5,1,1,0.5,2.07,0.492936,0.333418,0.5
alpha050_rho050_Lc1,0.5,0.5,1,1,0.5,2.08,0.493076,0.333415,0.5
alpha050_rho050_Lc1,0.5,0.5,1,1,0.5,2.09,0.493213,0.333412,0.5
alpha050_rho050_Lc1,0.5,0.5,1,1,0.5,2.1,0.493347,0.333409,0.5
alpha050_rho050_Lc1,0.5,0.5,1,1,0.5,2.11,0.493479,0.333406,0.5
alpha050_rho050_Lc1,0.5,0.5,1,1,0.5,2.12,0.493608,0.333403,0.5
alpha050_rho050_Lc1,0.5,0.5,1,1,0.5,2.13,0.493735,0.3334,0.5
alpha050_rho050_Lc1,0.5,0.5,1,1,0.5,2.14,0.493859,0.333398,0.5
alpha050_rho050_Lc1,0.5,0.5,1,1,0.5,2.15,0.493981,0.333395,0.5
alpha050_rho050_Lc1,0.5,0.5,1,1,0.5,2.16,0.4941,0.333393,0.5
alpha050_rho050_Lc1,0.5,0.5,1,1,0.5,2.17,0.494217,0.33339,0.5
alpha050_rho050_Lc1,0.5,0.5,1,1,0.5,2.18,0.494331,0.333388,0.5
alpha050_rho050_Lc1,0.5,0.5,1,1,0.5,2.19,0.494443,0.333386,0.5
alpha050_rho050_Lc1,0.5,0.5,1,1,0.5,2.2,0.494553,0.333384,0.5
alpha050_rho050_Lc1,0.5,0.5,1,1,0.5,2.21,0.494661,0.333382,0.5
alpha050_rho050_Lc1,0.5,0.5,1,1,0.5,2.22,0.494767,0.33338,0.5
alpha050_rho050_Lc1,0.5,0.5,1,1,0.5,2.23,0.494871,0.333378,0.5
alpha050_rho050_Lc1,0.5,0.5,1,1,0.5,2.24,0.494972,0.333376,0.5
alpha050_rho050_Lc1,0.5,0.5,1,1,0.5,2.25,0.495072,0.333375,0.5
alpha050_rho050_Lc1,0.5,0.5,1,1,0.5,2.26,0.495169,0.333373,0.5
alpha050_rho050_Lc1,0.5,0.5,1,1,0.5,2.27,0.495265,0.333372,0.5
alpha050_rho050_Lc1,0.5,0.5,1,1,0.5,2.28,0.495359,0.33337,0.5
alpha050_rho050_Lc1,0.5,0.5,1,1,0.5,2.29,0.495451,0.333369,0.5
alpha050_rho050_Lc1,0.5,0.5,1,1,0.5,2.3,0.495541,0.333367,0.5
alpha050_rho050_Lc1,0.5,0.5,1,1,0.5,2.31,0.495629,0.333366,0.5
alpha050_rho050_Lc1,0.5,0.5,1,1,0.5,2.32,0.495716,0.333365,0.5
alpha050_rho050_Lc1,0.5,0.5,1,1,0.5,2.33,0.4958,0.333363,0.5
alpha050_rho050_Lc1,0.5,0.5,1,1,0.5,2.34,0.495884,0.333362,0.5
alpha050_rho050_Lc1,0.5,0.5,1,1,0.5,2.35,0.495965,0.333361,0.5
alpha050_rho050_Lc1,0.5,0.5,1,1,0.5,2.36,0.496045,0.33336,0.5
alpha050_rho050_Lc1,0.5,0.5,1,1,0.5,2.37,0.496123,0.333359,0.5
alpha050_rho050_Lc1,0.5,0.5,1,1,0.5,2.38,0.4962,0.333358,0.5
alpha050_rho050_Lc1,0.5,0.5,1,1,0.5,2.39,0.496275,0.333357,0.5
alpha050_rho050_Lc1,0.5,0.5,1,1,0.5,2.4,0.496349,0.333356,0.5
alpha050_rho050_Lc1,0.5,0.5,1,1,0.5,2.41,0.496421,0.333355,0.5
alpha050_rho050_Lc1,0.5,0.5,1,1,0.5,2.42,0.496492,0.333354,0.5
alpha050_rho050_Lc1,0.5,0.5,1,1,0.5,2.43,0.496562,0.333353,0.5
alpha050_rho050_Lc1,0.5,0.5,1,1,0.5,2.44,0.49663,0.333353,0.5
alpha050_rho050_Lc1,0.5,0.5,1,1,0.5,2.45,0.496696,0.333352,0.5
alpha050_rho050_Lc1,0.5,0.5,1,1,0.5,2.46,0.496762,0.333351,0.5
alpha050_rho050_Lc1,0.5,0.5,1,1,0.5,2.47,0.496826,0.333351,0.5
alpha050_rho050_Lc1,0.5,0.5,1,1,0.5,2.48,0.496889,0.33335,0.5
alpha050_rho050_Lc1,0.5,0.5,1,1,0.5,2.49,0.49695,0.333349,0.5
alpha050_rho050_Lc1,0.5,0.5,1,1,0.5,2.5,0.497011,0.333349,0.5
alpha050_rho050_Lc1,0.5,0.5,1,1,0.5,2.51,0.49707,0.333348,0.5
alpha050_rho050_Lc1,0.5,0.5,1,1,0.5,2.52,0.497128,0.333347,0.5
alpha050_rho050_Lc1,0.5,0.5,1,1,0.5,2.53,0.497185,0.333347,0.5
alpha050_rho050_Lc1,0.5,0.5,1,1,0.5,2.54,0.497241,0.333346,0.5
alpha050_rho050_Lc1,0.5,0.5,1,1,0.5,2.55,0.497295,0.333346,0.5
alpha050_rho050_Lc1,0.5,0.5,1,1,0.5,2.56,0.497349,0.333345,0.5
alpha050_rho050_Lc1,0.5,0.5,1,1,0.5,2.57,0.497401,0.333345,0.5
alpha050_rho050_Lc1,0.5,0.5,1,1,0.5,2.58,0.497453,0.333344,0.5
alpha050_rho050_Lc1,0.5,0.5,1,1,0.5,2.59,0.497503,0.333344,0.5
alpha050_rho050_Lc1,0.5,0.5,1,1,0.5,2.6,0.497553,0.333344,0.5
alpha050_rho050_Lc1,0.5,0.5,1,1,0.5,2.61,0.497601,0.333343,0.5
alpha050_rho050_Lc1,0.5,0.5,1,1,0.5,2.62,0.497649,0.333343,0.5
alpha050_rho050_Lc1,0.5,0.5,1,1,0.5,2.63,0.497695,0.333342,0.5
alpha050_rho050_Lc1,0.5,0.5,1,1,0.5,2.64,0.497741,0.333342,0.5
alpha050_rho050_Lc1,0.5,0.5,1,1,0.5,2.65,0.497786,0.333342,0.5
alpha050_rho050_Lc1,0.5,0.5,1,1,0.5,2.66,0.497829,0.333341,0.5
alpha050_rho050_Lc1,0.5,0.5,1,1,0.5,2.67,0.497872,0.333341,0.5
alpha050_rho050_Lc1,0.5,0.5,1,1,0.5,2.68,0.497915,0.333341,0.5
alpha050_rho050_Lc1,0.5,0.5,1,1,0.5,2.69,0.497956,0.33334,0.5
alpha050_rho050_Lc1,0.5,0.5,1,1,0.5,2.7,0.497996,0.33334,0.5
alpha050_rho050_Lc1,0.5,0.5,1,1,0.5,2.71,0.498036,0.33334,0.5
alpha050_rho050_Lc1,0.5,0.5,1,1,0.5,2.72,0.498075,0.33334,0.5
alpha050_rho050_Lc1,0.5,0.5,1,1,0.5,2.73,0.498113,0.333339,0.5
alpha050_rho050_Lc1,0.5,0.5,1,1,0.5,2.74,0.49815,0.333339,0.5
alpha050_rho050_Lc1,0.5,0.5,1,1,0.5,2.75,0.498187,0.333339,0.5
alpha050_rho050_Lc1,0.5,0.5,1,1,0.5,2.76,0.498223,0.333339,0.5
alpha050_rho050_Lc1,0.5,0.5,1,1,0.5,2.77,0.498258,0.333339,0.5
alpha050_rho050_Lc1,0.5,0.5,1,1,0.5,2.78,0.498293,0.333338,0.5
alpha050_rho050_Lc1,0.5,0.5,1,1,0.5,2.79,0.498326,0.333338,0.5
alpha050_rho050_Lc1,0.5,0.5,1,1,0.5,2.8,0.49836,0.333338,0.5
alpha050_rho050_Lc1,0.5,0.5,1,1,0.5,2.81,0.498392,0.333338,0.5
alpha050_rho050_Lc1,0.5,0.5,1,1,0.5,2.82,0.498424,0.333338,0.5
alpha050_rho050_Lc1,0.5,0.5,1,1,0.5,2.83,0.498455,0.333337,0.5
alpha050_rho050_Lc1,0.5,0.5,1,1,0.5,2.84,0.498486,0.333337,0.5
alpha050_rho050_Lc1,0.5,0.5,1,1,0.5,2.85,0.498516,0.333337,0.5
alpha050_rho050_Lc1,0.5,0.5,1,1,0.5,2.86,0.498545,0.333337,0.5
alpha050_rho050_Lc1,0.5,0.5,1,1,0.5,2.87,0.498574,0.333337,0.5
alpha050_rho050_Lc1,0.5,0.5,1,1,0.5,2.88,0.498602,0.333337,0.5
alpha050_rho050_Lc1,0.5,0.5,1,1,0.5,2.89,0.49863,0.333337,0.5
alpha050_rho050_Lc1,0.5,0.5,1,1,0.5,2.9,0.498657,0.333336,0.5
alpha050_rho050_Lc1,0.5,0.5,1,1,0.5,2.91,0.498683,0.333336,0.5
alpha050_rho050_Lc1,0.5,0.5,1,1,0.5,2.92,0.49871,0.333336,0.5
alpha050_rho050_Lc1,0.5,0.5,1,1,0.5,2.93,0.498735,0.333336,0.5
alpha050_rho050_Lc1,0.5,0.5,1,1,0.5,2.94,0.49876,0.333336,0.5
alpha050_rho050_Lc1,0.5,0.5,1,1,0.5,2.95,0.498785,0.333336,0.5
alpha050_rho050_Lc1,0.5,0.5,1,1,0.5,2.96,0.498809,0.333336,0.5
alpha050_rho050_Lc1,0.5,0.5,1,1,0.5,2.97,0.498832,0.333336,0.5
alpha050_rho050_Lc1,0.5,0.5,1,1,0.5,2.98,0.498855,0.333336,0.5
alpha050_rho050_Lc1,0.5,0.5,1,1,0.5,2.99,0.498878,0.333335,0.5
alpha050_rho050_Lc1,0.5,0.5,1,1,0.5,3,0.4989,0.333335,0.5
alpha050_rho050_Lc1,0.5,0.5,1,1,0.5,3.01,0.498922,0.333335,0.5
alpha050_rho050_Lc1,0.5,0.5,1,1,0.5,3.02,0.498943,0.333335,0.5
alpha050_rho050_Lc1,0.5,0.5,1,1,0.5,3.03,0.498964,0.333335,0.5
alpha050_rho050_Lc1,0.5,0.5,1,1,0.5,3.04,0.498985,0.333335,0.5
alpha050_rho050_Lc1,0.5,0.5,1,1,0.5,3.05,0.499005,0.333335,0.5
alpha050_rho050_Lc1,0.5,0.5,1,1,0.5,3.06,0.499025,0.333335,0.5
alpha050_rho050_Lc1,0.5,0.5,1,1,0.5,3.07,0.499044,0.333335,0.5
alpha050_rho050_Lc1,0.5,0.5,1,1,0.5,3.08,0.499063,0.333335,0.5
alpha050_rho050_Lc1,0.5,0.5,1,1,0.5,3.09,0.499081,0.333335,0.5
alpha050_rho050_Lc1,0.5,0.5,1,1,0.5,3.1,0.4991,0.333335,0.5
alpha050_rho050_Lc1,0.5,0.5,1,1,0.5,3.11,0.499118,0.333335,0.5
alpha050_rho050_Lc1,0.5,0.5,1,1,0.5,3.12,0.499135,0.333335,0.5
alpha050_rho050_Lc1,0.5,0.5,1,1,0.5,3.13,0.499152,0.333335,0.5
alpha050_rho050_Lc1,0.5,0.5,1,1,0.5,3.14,0.499169,0.333335,0.5
alpha050_rho050_Lc1,0.5,0.5,1,1,0.5,3.15,0.499185,0.333334,0.5
alpha050_rho050_Lc1,0.5,0.5,1,1,0.5,3.16,0.499201,0.333334,0.5
alpha050_rho050_Lc1,0.5,0.5,1,1,0.5,3.17,0.499217,0.333334,0.5
alpha050_rho050_Lc1,0.5,0.5,1,1,0.5,3.18,0.499233,0.333334,0.5
alpha050_rho050_Lc1,0.5,0.5,1,1,0.5,3.19,0.499248,0.333334,0.5
alpha050_rho050_Lc1,0.5,0.5,1,1,0.5,3.2,0.499263,0.333334,0.5
alpha050_rho050_Lc1,0.5,0.5,1,1,0.5,3.21,0.499277,0.333334,0.5
alpha050_rho050_Lc1,0.5,0.5,1,1,0.5,3.22,0.499292,0.333334,0.5
alpha050_rho050_Lc1,0.5,0.5,1,1,0.5,3.23,0.499306,0.333334,0.5
alpha050_rho050_Lc1,0.5,0.5,1,1,0.5,3.24,0.49932,0.333334,0.5
alpha050_rho050_Lc1,0.5,0.5,1,1,0.5,3.25,0.499333,0.333334,0.5
alpha050_rho050_Lc1,0.5,0.5,1,1,0.5,3.26,0.499346,0.333334,0.5
alpha050_rho050_Lc1,0.5,0.5,1,1,0.5,3.27,0.499359,0.333334,0.5
alpha050_rho050_Lc1,0.5,0.5,1,1,0.5,3.28,0.499372,0.333334,0.5
alpha050_rho050_Lc1,0.5,0.5,1,1,0.5,3.29,0.499384,0.333334,0.5
alpha050_rho050_Lc1,0.5,0.5,1,1,0.5,3.3,0.499396,0.333334,0.5
alpha050_rho050_Lc1,0.5,0.5,1,1,0.5,3.31,0.499408,0.333334,0.5
alpha050_rho050_Lc1,0.5,0.5,1,1,0.5,3.32,0.49942,0.333334,0.5
alpha050_rho050_Lc1,0.5,0.5,1,1,0.5,3.33,0.499432,0.333334,0.5
alpha050_rho050_Lc1,0.5,0.5,1,1,0.5,3.34,0.499443,0.333334,0.5
alpha050_rho050_Lc1,0.5,0.5,1,1,0.5,3.35,0.499454,0.333334,0.5
alpha050_rho050_Lc1,0.5,0.5,1,1,0.5,3.36,0.499465,0.333334,0.5
alpha050_rho050_Lc1,0.5,0.5,1,1,0.5,3.37,0.499475,0.333334,0.5
alpha050_rho050_Lc1,0.5,0.5,1,1,0.5,3.38,0.499486,0.333334,0.5
alpha050_rho050_Lc1,0.5,0.5,1,1,0.5,3.39,0.499496,0.333334,0.5
alpha050_rho050_Lc1,0.5,0.5,1,1,0.5,3.4,0.499506,0.333334,0.5
alpha050_rho050_Lc1,0.5,0.5,1,1,0.5,3.41,0.499516,0.333334,0.5
alpha050_rho050_Lc1,0.5,0.5,1,1,0.5,3.42,0.499525,0.333334,0.5
alpha050_rho050_Lc1,0.5,0.5,1,1,0.5,3.43,0.499535,0.333334,0.5
alpha050_rho050_Lc1,0.5,0.5,1,1,0.5,3.44,0.499544,0.333334,0.5
alpha050_rho050_Lc1,0.5,0.5,1,1,0.5,3.45,0.499553,0.333334,0.5
alpha050_rho050_Lc1,0.5,0.5,1,1,0.5,3.46,0.499562,0.333334,0.5
alpha050_rho050_Lc1,0.5,0.5,1,1,0.5,3.47,0.49957,0.333334,0.5
alpha050_rho050_Lc1,0.5,0.5,1,1,0.5,3.48,0.499579,0.333334,0.5
alpha050_rho050_Lc1,0.5,0.5,1,1,0.5,3.49,0.499587,0.333334,0.5
alpha050_rho050_Lc1,0.5,0.5,1,1,0.5,3.5,0.499595,0.333334,0.5
alpha050_rho050_Lc1,0.5,0.5,1,1,0.5,3.51,0.499603,0.333334,0.5
alpha050_rho050_Lc1,0.5,0.5,1,1,0.5,3.52,0.499611,0.333334,0.5
alpha050_rho050_Lc1,0.5,0.5,1,1,0.5,3.53,0.499619,0.333334,0.5
alpha050_rho050_Lc1,0.5,0.5,1,1,0.5,3.54,0.499627,0.333334,0.5
alpha050_rho050_Lc1,0.5,0.5,1,1,0.5,3.55,0.499634,0.333334,0.5
alpha050_rho050_Lc1,0.5,0.5,1,1,0.5,3.56,0.499641,0.333334,0.5
alpha050_rho050_Lc1,0.5,0.5,1,1,0.5,3.57,0.499648,0.333334,0.5
alpha050_rho050_Lc1,0.5,0.5,1,1,0.5,3.58,0.499655,0.333334,0.5
alpha050_rho050_Lc1,0.5,0.5,1,1,0.5,3.59,0.499662,0.333334,0.5
alpha050_rho050_Lc1,0.5,0.5,1,1,0.5,3.6,0.499669,0.333334,0.5
alpha050_rho050_Lc1,0.5,0.5,1,1,0.5,3.61,0.499675,0.333334,0.5
alpha050_rho050_Lc1,0.5,0.5,1,1,0.5,3.62,0.499682,0.333334,0.5
alpha050_rho050_Lc1,0.5,0.5,1,1,0.5,3.63,0.499688,0.333333,0.5
alpha050_rho050_Lc1,0.5,0.5,1,1,0.5,3.64,0.499694,0.333333,0.5
alpha050_rho050_Lc1,0.5,0.5,1,1,0.5,3.65,0.4997,0.333333,0.5
alpha050_rho050_Lc1,0.5,0.5,1,1,0.5,3.66,0.499706,0.333333,0.5
alpha050_rho050_Lc1,0.5,0.5,1,1,0.5,3.67,0.499712,0.333333,0.5
alpha050_rho050_Lc1,0.5,0.5,1,1,0.5,3.68,0.499718,0.333333,0.5
alpha050_rho050_Lc1,0.5,0.5,1,1,0.5,3.69,0.499723,0.333333,0.5
alpha050_rho050_Lc1,0.5,0.5,1,1,0.5,3.7,0.499729,0.333333,0.5
alpha050_rho050_Lc1,0.5,0.5,1,1,0.5,3.71,0.499734,0.333333,0.5
alpha050_rho050_Lc1,0.5,0.5,1,1,0.5,3.72,0.499739,0.333333,0.5
alpha050_rho050_Lc1,0.5,0.5,1,1,0.5,3.73,0.499745,0.333333,0.5
alpha050_rho050_Lc1,0.5,0.5,1,1,0.5,3.74,0.49975,0.333333,0.5
alpha050_rho050_Lc1,0.5,0.5,1,1,0.5,3.75,0.499755,0.333333,0.5
alpha050_rho050_Lc1,0.5,0.5,1,1,0.5,3.76,0.499759,0.333333,0.5
alpha050_rho050_Lc1,0.5,0.5,1,1,0.5,3.77,0.499764,0.333333,0.5
alpha050_rho050_Lc1,0.5,0.5,1,1,0.5,3.78,0.499769,0.333333,0.5
alpha050_rho050_Lc1,0.5,0.5,1,1,0.5,3.79,0.499773,0.333333,0.5
alpha050_rho050_Lc1,0.5,0.5,1,1,0.5,3.8,0.499778,0.333333,0.5
alpha050_rho050_Lc1,0.5,0.5,1,1,0.5,3.81,0.499782,0.333333,0.5
alpha050_rho050_Lc1,0.5,0.5,1,1,0.5,3.82,0.499787,0.333333,0.5
alpha050_rho050_Lc1,0.5,0.5,1,1,0.5,3.83,0.499791,0.333333,0.5
alpha050_rho050_Lc1,0.5,0.5,1,1,0.5,3.84,0.499795,0.333333,0.5
alpha050_rho050_Lc1,0.5,0.5,1,1,0.5,3.85,0.499799,0.333333,0.5
alpha050_rho050_Lc1,0.5,0.5,1,1,0.5,3.86,0.499803,0.333333,0.5
alpha050_rho050_Lc1,0.5,0.5,1,1,0.5,3.87,0.499807,0.333333,0.5
alpha050_rho050_Lc1,0.5,0.5,1,1,0.5,3.88,0.499811,0.333333,0.5
alpha050_rho050_Lc1,0.5,0.5,1,1,0.5,3.89,0.499815,0.333333,0.5
alpha050_rho050_Lc1,0.5,0.5,1,1,0.5,3.9,0.499818,0.333333,0.5
alpha050_rho050_Lc1,0.5,0.5,1,1,0.5,3.91,0.499822,0.333333,0.5
alpha050_rho050_Lc1,0.5,0.5,1,1,0.5,3.92,0.499825,0.333333,0.5
alpha050_rho050_Lc1,0.5,0.5,1,1,0.5,3.93,0.499829,0.333333,0.5
alpha050_rho050_Lc1,0.5,0.5,1,1,0.5,3.94,0.499832,0.333333,0.5
alpha050_rho050_Lc1,0.5,0.5,1,1,0.5,3.95,0.499836,0.333333,0.5
alpha050_rho050_Lc1,0.5,0.5,1,1,0.5,3.96,0.499839,0.333333,0.5
alpha050_rho050_Lc1,0.5,0.5,1,1,0.5,3.97,0.499842,0.333333,0.5
alpha050_rho050_Lc1,0.5,0.5,1,1,0.5,3.98,0.499845,0.333333,0.5
alpha050_rho050_Lc1,0.5,0.5,1,1,0.5,3.99,0.499848,0.333333,0.5
alpha050_rho050_Lc1,0.5,0.5,1,1,0.5,4,0.499851,0.333333,0.5
alpha050_rho050_Lc1,0.5,0.5,1,1,0.5,4.01,0.499854,0.333333,0.5
alpha050_rho050_Lc1,0.5,0.5,1,1,0.5,4.02,0.499857,0.333333,0.5
alpha050_rho050_Lc1,0.5,0.5,1,1,0.5,4.03,0.49986,0.333333,0.5
alpha050_rho050_Lc1,0.5,0.5,1,1,0.5,4.04,0.499863,0.333333,0.5
alpha050_rho050_Lc1,0.5,0.5,1,1,0.5,4.05,0.499865,0.333333,0.5
alpha050_rho050_Lc1,0.5,0.5,1,1,0.5,4.06,0.499868,0.333333,0.5
alpha050_rho050_Lc1,0.5,0.5,1,1,0.5,4.07,0.499871,0.333333,0.5
alpha050_rho050_Lc1,0.5,0.5,1,1,0.5,4.08,0.499873,0.333333,0.5
alpha050_rho050_Lc1,0.5,0.5,1,1,0.5,4.09,0.499876,0.333333,0.5
alpha050_rho050_Lc1,0.5,0.5,1,1,0.5,4.1,0.499878,0.333333,0.5
alpha050_rho050_Lc1,0.5,0.5,1,1,0.5,4.11,0.499881,0.333333,0.5
alpha050_rho050_Lc1,0.5,0.5,1,1,0.5,4.12,0.499883,0.333333,0.5
alpha050_rho050_Lc1,0.5,0.5,1,1,0.5,4.13,0.499885,0.333333,0.5
alpha050_rho050_Lc1,0.5,0.5,1,1,0.5,4.14,0.499888,0.333333,0.5
alpha050_rho050_Lc1,0.5,0.5,1,1,0.5,4.15,0.49989,0.333333,0.5
alpha050_rho050_Lc1,0.5,0.5,1,1,0.5,4.16,0.499892,0.333333,0.5
alpha050_rho050_Lc1,0.5,0.5,1,1,0.5,4.17,0.499894,0.333333,0.5
alpha050_rho050_Lc1,0.5,0.5,1,1,0.5,4.18,0.499896,0.333333,0.5
alpha050_rho050_Lc1,0.5,0.5,1,1,0.5,4.19,0.499898,0.333333,0.5
alpha050_rho050_Lc1,0.5,0.5,1,1,0.5,4.2,0.4999,0.333333,0.5
alpha050_rho050_Lc1,0.5,0.5,1,1,0.5,4.21,0.499902,0.333333,0.5
alpha050_rho050_Lc1,0.5,0.5,1,1,0.5,4.22,0.499904,0.333333,0.5
alpha050_rho050_Lc1,0.5,0.5,1,1,0.5,4.23,0.499906,0.333333,0.5
alpha050_rho050_Lc1,0.5,0.5,1,1,0.5,4.24,0.499908,0.333333,0.5
alpha050_rho050_Lc1,0.5,0.5,1,1,0.5,4.25,0.49991,0.333333,0.5
alpha050_rho050_Lc1,0.5,0.5,1,1,0.5,4.26,0.499912,0.333333,0.5
alpha050_rho050_Lc1,0.5,0.5,1,1,0.5,4.27,0.499913,0.333333,0.5
alpha050_rho050_Lc1,0.5,0.5,1,1,0.5,4.28,0.499915,0.333333,0.5
alpha050_rho050_Lc1,0.5,0.5,1,1,0.5,4.29,0.499917,0.333333,0.5
alpha050_rho050_Lc1,0.5,0.5,1,1,0.5,4.3,0.499918,0.333333,0.5
alpha050_rho050_Lc1,0.5,0.5,1,1,0.5,4.31,0.49992,0.333333,0.5
alpha050_rho050_Lc1,0.5,0.5,1,1,0.5,4.32,0.499922,0.333333,0.5
alpha050_rho050_Lc1,0.5,0.5,1,1,0.5,4.33,0.499923,0.333333,0.5
alpha050_rho050_Lc1,0.5,0.5,1,1,0.5,4.34,0.499925,0.333333,0.5
alpha050_rho050_Lc1,0.5,0.5,1,1,0.5,4.35,0.499926,0.333333,0.5
alpha050_rho050_Lc1,0.5,0.5,1,1,0.5,4.36,0.499928,0.333333,0.5
alpha050_rho050_Lc1,0.5,0.5,1,1,0.5,4.37,0.499929,0.333333,0.5
alpha050_rho050_Lc1,0.5,0.5,1,1,0.5,4.38,0.49993,0.333333,0.5
alpha050_rho050_Lc1,0.5,0.5,1,1,0.5,4.39,0.499932,0.333333,0.5
alpha050_rho050_Lc1,0.5,0.5,1,1,0.5,4.4,0.499933,0.333333,0.5
alpha050_rho050_Lc1,0.5,0.5,1,1,0.5,4.41,0.499934,0.333333,0.5
alpha050_rho050_Lc1,0.5,0.5,1,1,0.5,4.42,0.499936,0.333333,0.5
alpha050_rho050_Lc1,0.5,0.5,1,1,0.5,4.43,0.499937,0.333333,0.5
alpha050_rho050_Lc1,0.5,0.5,1,1,0.5,4.44,0.499938,0.333333,0.5
alpha050_rho050_Lc1,0.5,0.5,1,1,0.5,4.45,0.499939,0.333333,0.5
alpha050_rho050_Lc1,0.5,0.5,1,1,0.5,4.46,0.499941,0.333333,0.5
alpha050_rho050_Lc1,0.5,0.5,1,1,0.5,4.47,0.499942,0.333333,0.5
alpha050_rho050_Lc1,0.5,0.5,1,1,0.5,4.48,0.499943,0.333333,0.5
alpha050_rho050_Lc1,0.5,0.5,1,1,0.5,4.49,0.499944,0.333333,0.5
alpha050_rho050_Lc1,0.5,0.5,1,1,0.5,4.5,0.499945,0.333333,0.5
alpha050_rho050_Lc1,0.5,0.5,1,1,0.5,4.51,0.499946,0.333333,0.5
alpha050_rho050_Lc1,0.5,0.5,1,1,0.5,4.52,0.499947,0.333333,0.5
alpha050_rho050_Lc1,0.5,0.5,1,1,0.5,4.53,0.499948,0.333333,0.5
alpha050_rho050_Lc1,0.5,0.5,1,1,0.5,4.54,0.499949,0.333333,0.5
alpha050_rho050_Lc1,0.5,0.5,1,1,0.5,4.55,0.49995,0.333333,0.5
alpha050_rho050_Lc1,0.5,0.5,1,1,0.5,4.56,0.499951,0.333333,0.5
alpha050_rho050_Lc1,0.5,0.5,1,1,0.5,4.57,0.499952,0.333333,0.5
alpha050_rho050_Lc1,0.5,0.5,1,1,0.5,4.58,0.499953,0.333333,0.5
alpha050_rho050_Lc1,0.5,0.5,1,1,0.5,4.59,0.499954,0.333333,0.5
alpha050_rho050_Lc1,0.5,0.5,1,1,0.5,4.6,0.499955,0.333333,0.5
alpha050_rho050_Lc1,0.5,0.5,1,1,0.5,4.61,0.499956,0.333333,0.5
alpha050_rho050_Lc1,0.5,0.5,1,1,0.5,4.62,0.499957,0.333333,0.5
alpha050_rho050_Lc1,0.5,0.5,1,1,0.5,4.63,0.499958,0.333333,0.5
alpha050_rho050_Lc1,0.5,0.5,1,1,0.5,4.64,0.499959,0.333333,0.5
alpha050_rho050_Lc1,0.5,0.5,1,1,0.5,4.65,0.499959,0.333333,0.5
alpha050_rho050_Lc1,0.5,0.5,1,1,0.5,4.66,0.49996,0.333333,0.5
alpha050_rho050_Lc1,0.5,0.5,1,1,0.5,4.67,0.499961,0.333333,0.5
alpha050_rho050_Lc1,0.5,0.5,1,1,0.5,4.68,0.499962,0.333333,0.5
alpha050_rho050_Lc1,0.5,0.5,1,1,0.5,4.69,0.499963,0.333333,0.5
alpha050_rho050_Lc1,0.5,0.5,1,1,0.5,4.7,0.499963,0.333333,0.5
alpha050_rho050_Lc1,0.5,0.5,1,1,0.5,4.71,0.499964,0.333333,0.5
alpha050_rho050_Lc1,0.5,0.5,1,1,0.5,4.72,0.499965,0.333333,0.5
alpha050_rho050_Lc1,0.5,0.5,1,1,0.5,4.73,0.499965,0.333333,0.5
alpha050_rho050_Lc1,0.5,0.5,1,1,0.5,4.74,0.499966,0.333333,0.5
alpha050_rho050_Lc1,0.5,0.5,1,1,0.5,4.75,0.499967,0.333333,0.5
alpha050_rho050_Lc1,0.5,0.5,1,1,0.5,4.76,0.499967,0.333333,0.5
alpha050_rho050_Lc1,0.5,0.5,1,1,0.5,4.77,0.499968,0.333333,0.5
alpha050_rho050_Lc1,0.5,0.5,1,1,0.5,4.78,0.499969,0.333333,0.5
alpha050_rho050_Lc1,0.5,0.5,1,1,0.5,4.79,0.499969,0.333333,0.5
alpha050_rho050_Lc1,0.5,0.5,1,1,0.5,4.8,0.49997,0.333333,0.5
alpha050_rho050_Lc1,0.5,0.5,1,1,0.5,4.81,0.499971,0.333333,0.5
alpha050_rho050_Lc1,0.5,0.5,1,1,0.5,4.82,0.499971,0.333333,0.5
alpha050_rho050_Lc1,0.5,0.5,1,1,0.5,4.83,0.499972,0.333333,0.5
alpha050_rho050_Lc1,0.5,0.5,1,1,0.5,4.84,0.499972,0.333333,0.5
alpha050_rho050_Lc1,0.5,0.5,1,1,0.5,4.85,0.499973,0.333333,0.5
alpha050_rho050_Lc1,0.5,0.5,1,1,0.5,4.86,0.499973,0.333333,0.5
alpha050_rho050_Lc1,0.5,0.5,1,1,0.5,4.87,0.499974,0.333333,0.5
alpha050_rho050_Lc1,0.5,0.5,1,1,0.5,4.88,0.499974,0.333333,0.5
alpha050_rho050_Lc1,0.5,0.5,1,1,0.5,4.89,0.499975,0.333333,0.5
alpha050_rho050_Lc1,0.5,0.5,1,1,0.5,4.9,0.499975,0.333333,0.5
alpha050_rho050_Lc1,0.5,0.5,1,1,0.5,4.91,0.499976,0.333333,0.5
alpha050_rho050_Lc1,0.5,0.5,1,1,0.5,4.92,0.499976,0.333333,0.5
alpha050_rho050_Lc1,0.5,0.5,1,1,0.5,4.93,0.499977,0.333333,0.5
alpha050_rho050_Lc1,0.5,0.5,1,1,0.5,4.94,0.499977,0.333333,0.5
alpha050_rho050_Lc1,0.5,0.5,1,1,0.5,4.95,0.499978,0.333333,0.5
alpha050_rho050_Lc1,0.5,0.5,1,1,0.5,4.96,0.499978,0.333333,0.5
alpha050_rho050_Lc1,0.5,0.5,1,1,0.5,4.97,0.499979,0.333333,0.5
alpha050_rho050_Lc1,0.5,0.5,1,1,0.5,4.98,0.499979,0.333333,0.5
alpha050_rho050_Lc1,0.5,0.5,1,1,0.5,4.99,0.499979,0.333333,0.5
alpha050_rho050_Lc1,0.5,0.5,1,1,0.5,5,0.49998,0.333333,0.5
alpha025_rho075_Lc1,0.25,0.75,1,3,0.25,0,0,1,0.5
alpha025_rho075_Lc1,0.25,0.75,1,3,0.25,0.01,0.0104825,0.834128,0.5
alpha025_rho075_Lc1,0.25,0.75,1,3,0.25,0.02,0.0216776,0.738965,0.5
alpha025_rho075_Lc1,0.25,0.75,1,3,0.25,0.03,0.0331865,0.682887,0.5
alpha025_rho075_Lc1,0.25,0.75,1,3,0.25,0.04,0.0446351,0.648487,0.5
alpha025_rho075_Lc1,0.25,0.75,1,3,0.25,0.05,0.0557221,0.62619,0.5
alpha025_rho075_Lc1,0.25,0.75,1,3,0.25,0.06,0.0662405,0.610734,0.5
alpha025_rho075_Lc1,0.25,0.75,1,3,0.25,0.07,0.0760755,0.599226,0.5
alpha025_rho075_Lc1,0.25,0.75,1,3,0.25,0.08,0.0851874,0.590076,0.5
alpha025_rho075_Lc1,0.25,0.75,1,3,0.25,0.09,0.0935892,0.582405,0.5
alpha025_rho075_Lc1,0.25,0.75,1,3,0.25,0.1,0.101326,0.575726,0.5
alpha025_rho075_Lc1,0.25,0.75,1,3,0.25,0.11,0.108459,0.569764,0.5
alpha025_rho075_Lc1,0.25,0.75,1,3,0.25,0.12,0.115053,0.564357,0.5
alpha025_rho075_Lc1,0.25,0.75,1,3,0.25,0.13,0.121172,0.559411,0.5
alpha025_rho075_Lc1,0.25,0.75,1,3,0.25,0.14,0.126874,0.554862,0.5
alpha025_rho075_Lc1,0.25,0.75,1,3,0.25,0.15,0.132209,0.550667,0.5
alpha025_rho075_Lc1,0.25,0.75,1,3,0.25,0.16,0.137222,0.546794,0.5
alpha025_rho075_Lc1,0.25,0.75,1,3,0.25,0.17,0.141948,0.543215,0.5
alpha025_rho075_Lc1,0.25,0.75,1,3,0.25,0.18,0.14642,0.539907,0.5
alpha025_rho075_Lc1,0.25,0.75,1,3,0.25,0.19,0.150661,0.536851,0.5
alpha025_rho075_Lc1,0.25,0.75,1,3,0.25,0.2,0.154694,0.534026,0.5
alpha025_rho075_Lc1,0.25,0.75,1,3,0.25,0.21,0.158536,0.531417,0.5
alpha025_rho075_Lc1,0.25,0.75,1,3,0.25,0.22,0.162202,0.529006,0.5
alpha025_rho075_Lc1,0.25,0.75,1,3,0.25,0.23,0.165706,0.52678,0.5
alpha025_rho075_Lc1,0.25,0.75,1,3,0.25,0.24,0.169057,0.524724,0.5
alpha025_rho075_Lc1,0.25,0.75,1,3,0.25,0.25,0.172266,0.522825,0.5
alpha025_rho075_Lc1,0.25,0.75,1,3,0.25,0.26,0.175341,0.521071,0.5
alpha025_rho075_Lc1,0.25,0.75,1,3,0.25,0.27,0.178288,0.519452,0.5
alpha025_rho075_Lc1,0.25,0.75,1,3,0.25,0.28,0.181115,0.517957,0.5
alpha025_rho075_Lc1,0.25,0.75,1,3,0.25,0.29,0.183828,0.516577,0.5
alpha025_rho075_Lc1,0.25,0.75,1,3,0.25,0.3,0.186431,0.515303,0.5
alpha025_rho075_Lc1,0.25,0.75,1,3,0.25,0.31,0.18893,0.514127,0.5
alpha025_rho075_Lc1,0.25,0.75,1,3,0.25,0.32,0.19133,0.513041,0.5
alpha025_rho075_Lc1,0.25,0.75,1,3,0.25,0.33,0.193634,0.512038,0.5
alpha025_rho075_Lc1,0.25,0.75,1,3,0.25,0.34,0.195847,0.511113,0.5
alpha025_rho075_Lc1,0.25,0.75,1,3,0.25,0.35,0.197972,0.510259,0.5
alpha025_rho075_Lc1,0.25,0.75,1,3,0.25,0.36,0.200014,0.50947,0.5
alpha025_rho075_Lc1,0.25,0.75,1,3,0.25,0.37,0.201975,0.508742,0.5
alpha025_rho075_Lc1,0.25,0.75,1,3,0.25,0.38,0.203859,0.50807,0.5
alpha025_rho075_Lc1,0.25,0.75,1,3,0.25,0.39,0.205669,0.507449,0.5
alpha025_rho075_Lc1,0.25,0.75,1,3,0.25,0.4,0.207408,0.506877,0.5
alpha025_rho075_Lc1,0.25,0.75,1,3,0.25,0.41,0.209078,0.506348,0.5
alpha025_rho075_Lc1,0.25,0.75,1,3,0.25,0.42,0.210683,0.50586,0.5
alpha025_rho075_Lc1,0.25,0.75,1,3,0.25,0.43,0.212225,0.505409,0.5
alpha025_rho075_Lc1,0.25,0.75,1,3,0.25,0.44,0.213706,0.504993,0.5
alpha025_rho075_Lc1,0.25,0.75,1,3,0.25,0.45,0.215129,0.50461,0.5
alpha025_rho075_Lc1,0.25,0.75,1,3,0.25,0.46,0.216497,0.504255,0.5
alpha025_rho075_Lc1,0.25,0.75,1,3,0.25,0.47,0.21781,0.503928,0.5
alpha025_rho075_Lc1,0.25,0.75,1,3,0.25,0.48,0.219073,0.503626,0.5
alpha025_rho075_Lc1,0.25,0.75,1,3,0.25,0.49,0.220285,0.503347,0.5
alpha025_rho075_Lc1,0.25,0.75,1,3,0.25,0.5,0.221451,0.50309,0.5
alpha025_rho075_Lc1,0.25,0.75,1,3,0.25,0.51,0.22257,0.502852,0.5
alpha025_rho075_Lc1,0.25,0.75,1,3,0.25,0.52,0.223646,0.502633,0.5
alpha025_rho075_Lc1,0.25,0.75,1,3,0.25,0.53,0.224679,0.502431,0.5
alpha025_rho075_Lc1,0.25,0.75,1,3,0.25,0.54,0.225672,0.502244,0.5
alpha025_rho075_Lc1,0.25,0.75,1,3,0.25,0.55,0.226626,0.502071,0.5
alpha025_rho075_Lc1,0.25,0.75,1,3,0.25,0.56,0.227542,0.501912,0.5
alpha025_rho075_Lc1,0.25,0.75,1,3,0.25,0.57,0.228423,0.501765,0.5
alpha025_rho075_Lc1,0.25,0.75,1,3,0.25,0.58,0.229269,0.501629,0.5
alpha025_rho075_Lc1,0.25,0.75,1,3,0.25,0.59,0.230082,0.501504,0.5
alpha025_rho075_Lc1,0.25,0.75,1,3,0.25,0.6,0.230863,0.501388,0.5
alpha025_rho075_Lc1,0.25,0.75,1,3,0.25,0.61,0.231613,0.501282,0.5
alpha025_rho075_Lc1,0.25,0.75,1,3,0.25,0.62,0.232334,0.501183,0.5
alpha025_rho075_Lc1,0.25,0.75,1,3,0.25,0.63,0.233027,0.501092,0.5
alpha025_rho075_Lc1,0.25,0.75,1,3,0.25,0.64,0.233692,0.501008,0.5
alpha025_rho075_Lc1,0.25,0.75,1,3,0.25,0.65,0.234332,0.500931,0.5
alpha025_rho075_Lc1,0.25,0.75,1,3,0.25,0.66,0.234946,0.500859,0.5
alpha025_rho075_Lc1,0.25,0.75,1,3,0.25,0.67,0.235536,0.500793,0.5
alpha025_rho075_Lc1,0.25,0.75,1,3,0.25,0.68,0.236103,0.500732,0.5
alpha025_rho075_Lc1,0.25,0.75,1,3,0.25,0.69,0.236648,0.500676,0.5
alpha025_rho075_Lc1,0.25,0.75,1,3,0.25,0.7,0.237172,0.500624,0.5
alpha025_rho075_Lc1,0.25,0.75,1,3,0.25,0.71,0.237675,0.500576,0.5
alpha025_rho075_Lc1,0.25,0.75,1,3,0.25,0.72,0.238158,0.500532,0.5
alpha025_rho075_Lc1,0.25,0.75,1,3,0.25,0.73,0.238622,0.500491,0.5
alpha025_rho075_Lc1,0.25,0.75,1,3,0.25,0.74,0.239069,0.500453,0.5
alpha025_rho075_Lc1,0.25,0.75,1,3,0.25,0.75,0.239497,0.500418,0.5
alpha025_rho075_Lc1,0.25,0.75,1,3,0.25,0.76,0.239909,0.500386,0.5
alpha025_rho075_Lc1,0.25,0.75,1,3,0.25,0.77,0.240305,0.500356,0.5
alpha025_rho075_Lc1,0.25,0.75,1,3,0.25,0.78,0.240685,0.500329,0.5
alpha025_rho075_Lc1,0.25,0.75,1,3,0.25,0.79,0.24105,0.500304,0.5
alpha025_rho075_Lc1,0.25,0.75,1,3,0.25,0.8,0.241401,0.50028,0.5
alpha025_rho075_Lc1,0.25,0.75,1,3,0.25,0.81,0.241738,0.500259,0.5
alpha025_rho075_Lc1,0.25,0.75,1,3,0.25,0.82,0.242062,0.500239,0.5
alpha025_rho075_Lc1,0.25,0.75,1,3,0.25,0.83,0.242373,0.500221,0.5
alpha025_rho075_Lc1,0.25,0.75,1,3,0.25,0.84,0.242672,0.500204,0.5
alpha025_rho075_Lc1,0.25,0.75,1,3,0.25,0.85,0.24296,0.500188,0.5
alpha025_rho075_Lc1,0.25,0.75,1,3,0.25,0.86,0.243236,0.500173,0.5
alpha025_rho075_Lc1,0.25,0.75,1,3,0.25,0.87,0.243501,0.50016,0.5
alpha025_rho075_Lc1,0.25,0.75,1,3,0.25,0.88,0.243756,0.500148,0.5
alpha025_rho075_Lc1,0.25,0.75,1,3,0.25,0.89,0.244001,0.500136,0.5
alpha025_rho075_Lc1,0.25,0.75,1,3,0.25,0.9,0.244236,0.500126,0.5
alpha025_rho075_Lc1,0.25,0.75,1,3,0.25,0.91,0.244462,0.500116,0.5
alpha025_rho075_Lc1,0.25,0.75,1,3,0.25,0.92,0.244679,0.500107,0.5
alpha025_rho075_Lc1,0.25,0.75,1,3,0.25,0.93,0.244888,0.500099,0.5
alpha025_rho075_Lc1,0.25,0.75,1,3,0.25,0.94,0.245088,0.500091,0.5
alpha025_rho075_Lc1,0.25,0.75,1,3,0.25,0.95,0.245281,0.500084,0.5
alpha025_rho075_Lc1,0.25,0.75,1,3,0.25,0.96,0.245466,0.500078,0.5
alpha025_rho075_Lc1,0.25,0.75,1,3,0.25,0.97,0.245644,0.500072,0.5
alpha025_rho075_Lc1,0.25,0.75,1,3,0.25,0.98,0.245814,0.500066,0.5
alpha025_rho075_Lc1,0.25,0.75,1,3,0.25,0.99,0.245979,0.500061,0.5
alpha025_rho075_Lc1,0.25,0.75,1,3,0.25,1,0.246136,0.500057,0.5
alpha025_rho075_Lc1,0.25,0.75,1,3,0.25,1.01,0.246288,0.500052,0.5
alpha025_rho075_Lc1,0.25,0.75,1,3,0.25,1.02,0.246433,0.500048,0.5
alpha025_rho075_Lc1,0.25,0.75,1,3,0.25,1.03,0.246573,0.500045,0.5
alpha025_rho075_Lc1,0.25,0.75,1,3,0.25,1.04,0.246708,0.500041,0.5
alpha025_rho075_Lc1,0.25,0.75,1,3,0.25,1.05,0.246837,0.500038,0.5
alpha025_rho075_Lc1,0.25,0.75,1,3,0.25,1.06,0.246961,0.500035,0.5
alpha025_rho075_Lc1,0.25,0.75,1,3,0.25,1.07,0.24708,0.500032,0.5
alpha025_rho075_Lc1,0.25,0.75,1,3,0.25,1.08,0.247194,0.50003,0.5
alpha025_rho075_Lc1,0.25,0.75,1,3,0.25,1.09,0.247304,0.500028,0.5
alpha025_rho075_Lc1,0.25,0.75,1,3,0.25,1.1,0.24741,0.500025,0.5
alpha025_rho075_Lc1,0.25,0.75,1,3,0.25,1.11,0.247512,0.500023,0.5
alpha025_rho075_Lc1,0.25,0.75,1,3,0.25,1.12,0.247609,0.500022,0.5
alpha025_rho075_Lc1,0.25,0.75,1,3,0.25,1.13,0.247703,0.50002,0.5
alpha025_rho075_Lc1,0.25,0.75,1,3,0.25,1.14,0.247793,0.500018,0.5
alpha025_rho075_Lc1,0.25,0.75,1,3,0.25,1.15,0.24788,0.500017,0.5
alpha025_rho075_Lc1,0.25,0.75,1,3,0.25,1.16,0.247963,0.500016,0.5
alpha025_rho075_Lc1,0.25,0.75,1,3,0.25,1.17,0.248043,0.500015,0.5
alpha025_rho075_Lc1,0.25,0.75,1,3,0.25,1.18,0.248119,0.500013,0.5
alpha025_rho075_Lc1,0.25,0.75,1,3,0.25,1.19,0.248193,0.500012,0.5
alpha025_rho075_Lc1,0.25,0.75,1,3,0.25,1.2,0.248264,0.500011,0.5
alpha025_rho075_Lc1,0.25,0.75,1,3,0.25,1.21,0.248332,0.500011,0.5
alpha025_rho075_Lc1,0.25,0.75,1,3,0.25,1.22,0.248397,0.50001,0.5
alpha025_rho075_Lc1,0.25,0.75,1,3,0.25,1.23,0.24846,0.500009,0.5
alpha025_rho075_Lc1,0.25,0.75,1,3,0.25,1.24,0.248521,0.500008,0.5
alpha025_rho075_Lc1,0.25,0.75,1,3,0.25,1.25,0.248579,0.500008,0.5
alpha025_rho075_Lc1,0.25,0.75,1,3,0.25,1.26,0.248634,0.500007,0.5
alpha025_rho075_Lc1,0.25,0.75,1,3,0.25,1.27,0.248688,0.500007,0.5
alpha025_rho075_Lc1,0.25,0.75,1,3,0.25,1.28,0.248739,0.500006,0.5
alpha025_rho075_Lc1,0.25,0.75,1,3,0.25,1.29,0.248789,0.500006,0.5
alpha025_rho075_Lc1,0.25,0.75,1,3,0.25,1.3,0.248836,0.500005,0.5
alpha025_rho075_Lc1,0.25,0.75,1,3,0.25,1.31,0.248882,0.500005,0.5
alpha025_rho075_Lc1,0.25,0.75,1,3,0.25,1.32,0.248926,0.500004,0.5
alpha025_rho075_Lc1,0.25,0.75,1,3,0.25,1.33,0.248968,0.500004,0.5
alpha025_rho075_Lc1,0.25,0.75,1,3,0.25,1.34,0.249008,0.500004,0.5
alpha025_rho075_Lc1,0.25,0.75,1,3,0.25,1.35,0.249047,0.500003,0.5
alpha025_rho075_Lc1,0.25,0.75,1,3,0.25,1.36,0.249085,0.500003,0.5
alpha025_rho075_Lc1,0.25,0.75,1,3,0.25,1.37,0.24912,0.500003,0.5
alpha025_rho075_Lc1,0.25,0.75,1,3,0.25,1.38,0.249155,0.500003,0.5
alpha025_rho075_Lc1,0.25,0.75,1,3,0.25,1.39,0.249188,0.500002,0.5
alpha025_rho075_Lc1,0.25,0.75,1,3,0.25,1.4,0.24922,0.500002,0.5
alpha025_rho075_Lc1,0.25,0.75,1,3,0.25,1.41,0.249251,0.500002,0.5
alpha025_rho075_Lc1,0.25,0.75,1,3,0.25,1.42,0.24928,0.500002,0.5
alpha025_rho075_Lc1,0.25,0.75,1,3,0.25,1.43,0.249308,0.500002,0.5
alpha025_rho075_Lc1,0.25,0.75,1,3,0.25,1.44,0.249335,0.500002,0.5
alpha025_rho075_Lc1,0.25,0.75,1,3,0.25,1.45,0.249361,0.500002,0.5
alpha025_rho075_Lc1,0.25,0.75,1,3,0.25,1.46,0.249386,0.500001,0.5
alpha025_rho075_Lc1,0.25,0.75,1,3,0.25,1.47,0.24941,0.500001,0.5
alpha025_rho075_Lc1,0.25,0.75,1,3,0.25,1.48,0.249434,0.500001,0.5
alpha025_rho075_Lc1,0.25,0.75,1,3,0.25,1.49,0.249456,0.500001,0.5
alpha025_rho075_Lc1,0.25,0.75,1,3,0.25,1.5,0.249477,0.500001,0.5
alpha025_rho075_Lc1,0.25,0.75,1,3,0.25,1.51,0.249498,0.500001,0.5
alpha025_rho075_Lc1,0.25,0.75,1,3,0.25,1.52,0.249517,0.500001,0.5
alpha025_rho075_Lc1,0.25,0.75,1,3,0.25,1.53,0.249536,0.500001,0.5
alpha025_rho075_Lc1,0.25,0.75,1,3,0.25,1.54,0.249554,0.500001,0.5
alpha025_rho075_Lc1,0.25,0.75,1,3,0.25,1.55,0.249572,0.500001,0.5
alpha025_rho075_Lc1,0.25,0.75,1,3,0.25,1.56,0.249589,0.500001,0.5
alpha025_rho075_Lc1,0.25,0.75,1,3,0.25,1.57,0.249605,0.500001,0.5
alpha025_rho075_Lc1,0.25,0.75,1,3,0.25,1.58,0.24962,0.500001,0.5
alpha025_rho075_Lc1,0.25,0.75,1,3,0.25,1.59,0.249635,0.500001,0.5
alpha025_rho075_Lc1,0.25,0.75,1,3,0.25,1.6,0.249649,0.5,0.5
alpha025_rho075_Lc1,0.25,0.75,1,3,0.25,1.61,0.249663,0.5,0.5
alpha025_rho075_Lc1,0.25,0.75,1,3,0.25,1.62,0.249676,0.5,0.5
alpha025_rho075_Lc1,0.25,0.75,1,3,0.25,1.63,0.249689,0.5,0.5
alpha025_rho075_Lc1,0.25,0.75,1,3,0.25,1.64,0.249701,0.5,0.5
alpha025_rho075_Lc1,0.25,0.75,1,3,0.25,1.65,0.249713,0.5,0.5
alpha025_rho075_Lc1,0.25,0.75,1,3,0.25,1.66,0.249724,0.5,0.5
alpha025_rho075_Lc1,0.25,0.75,1,3,0.25,1.67,0.249735,0.5,0.5
alpha025_rho075_Lc1,0.25,0.75,1,3,0.25,1.68,0.249745,0.5,0.5
alpha025_rho075_Lc1,0.25,0.75,1,3,0.25,1.69,0.249755,0.5,0.5
alpha025_rho075_Lc1,0.25,0.75,1,3,0.25,1.7,0.249765,0.5,0.5
alpha025_rho075_Lc1,0.25,0.75,1,3,0.25,1.71,0.249774,0.5,0.5
alpha025_rho075_Lc1,0.25,0.75,1,3,0.25,1.72,0.249783,0.5,0.5
alpha025_rho075_Lc1,0.25,0.75,1,3,0.25,1.73,0.249792,0.5,0.5
alpha025_rho075_Lc1,0.25,0.75,1,3,0.25,1.74,0.2498,0.5,0.5
alpha025_rho075_Lc1,0.25,0.75,1,3,0.25,1.75,0.249808,0.5,0.5
alpha025_rho075_Lc1,0.25,0.75,1,3,0.25,1.76,0.249815,0.5,0.5
alpha025_rho075_Lc1,0.25,0.75,1,3,0.25,1.77,0.249822,0.5,0.5
alpha025_rho075_Lc1,0.25,0.75,1,3,0.25,1.78,0.249829,0.5,0.5
alpha025_rho075_Lc1,0.25,0.75,1,3,0.25,1.79,0.249836,0.5,0.5
alpha025_rho075_Lc1,0.25,0.75,1,3,0.25,1.8,0.249843,0.5,0.5
alpha025_rho075_Lc1,0.25,0.75,1,3,0.25,1.81,0.249849,0.5,0.5
alpha025_rho075_Lc1,0.25,0.75,1,3,0.25,1.82,0.249855,0.5,0.5
alpha025_rho075_Lc1,0.25,0.75,1,3,0.25,1.83,0.24986,0.5,0.5
alpha025_rho075_Lc1,0.25,0.75,1,3,0.25,1.84,0.249866,0.5,0.5
alpha025_rho075_Lc1,0.25,0.75,1,3,0.25,1.85,0.249871,0.5,0.5
alpha025_rho075_Lc1,0.25,0.75,1,3,0.25,1.86,0.249876,0.5,0.5
alpha025_rho075_Lc1,0.25,0.75,1,3,0.25,1.87,0.249881,0.5,0.5
alpha025_rho075_Lc1,0.25,0.75,1,3,0.25,1.88,0.249886,0.5,0.5
alpha025_rho075_Lc1,0.25,0.75,1,3,0.25,1.89,0.24989,0.5,0.5
alpha025_rho075_Lc1,0.25,0.75,1,3,0.25,1.9,0.249894,0.5,0.5
alpha025_rho075_Lc1,0.25,0.75,1,3,0.25,1.91,0.249899,0.5,0.5
alpha025_rho075_Lc1,0.25,0.75,1,3,0.25,1.92,0.249903,0.5,0.5
alpha025_rho075_Lc1,0.25,0.75,1,3,0.25,1.93,0.249906,0.5,0.5
alpha025_rho075_Lc1,0.25,0.75,1,3,0.25,1.94,0.24991,0.5,0.5
alpha025_rho075_Lc1,0.25,0.75,1,3,0.25,1.95,0.249914,0.5,0.5
alpha025_rho075_Lc1,0.25,0.75,1,3,0.25,1.96,0.249917,0.5,0.5
alpha025_rho075_Lc1,0.25,0.75,1,3,0.25,1.97,0.24992,0.5,0.5
alpha025_rho075_Lc1,0.25,0.75,1,3,0.25,1.98,0.249923,0.5,0.5
alpha025_rho075_Lc1,0.25,0.75,1,3,0.25,1.99,0.249926,0.5,0.5
alpha025_rho075_Lc1,0.25,0.75,1,3,0.25,2,0.249929,0.5,0.5
alpha025_rho075_Lc1,0.25,0.75,1,3,0.25,2.01,0.249932,0.5,0.5
alpha025_rho075_Lc1,0.25,0.75,1,3,0.25,2.02,0.249935,0.5,0.5
alpha025_rho075_Lc1,0.25,0.75,1,3,0.25,2.03,0.249937,0.5,0.5
alpha025_rho075_Lc1,0.25,0.75,1,3,0.25,2.04,0.24994,0.5,0.5
alpha025_rho075_Lc1,0.25,0.75,1,3,0.25,2.05,0.249942,0.5,0.5
alpha025_rho075_Lc1,0.25,0.75,1,3,0.25,2.06,0.249944,0.5,0.5
alpha025_rho075_Lc1,0.25,0.75,1,3,0.25,2.07,0.249947,0.5,0.5
alpha025_rho075_Lc1,0.25,0.75,1,3,0.25,2.08,0.249949,0.5,0.5
alpha025_rho075_Lc1,0.25,0.75,1,3,0.25,2.09,0.249951,0.5,0.5
alpha025_rho075_Lc1,0.25,0.75,1,3,0.25,2.1,0.249953,0.5,0.5
alpha025_rho075_Lc1,0.25,0.75,1,3,0.25,2.11,0.249954,0.5,0.5
alpha025_rho075_Lc1,0.25,0.75,1,3,0.25,2.12,0.249956,0.5,0.5
alpha025_rho075_Lc1,0.25,0.75,1,3,0.25,2.13,0.249958,0.5,0.5
alpha025_rho075_Lc1,0.25,0.75,1,3,0.25,2.14,0.24996,0.5,0.5
alpha025_rho075_Lc1,0.25,0.75,1,3,0.25,2.15,0.249961,0.5,0.5
alpha025_rho075_Lc1,0.25,0.75,1,3,0.25,2.16,0.249963,0.5,0.5
alpha025_rho075_Lc1,0.25,0.75,1,3,0.25,2.17,0.249964,0.5,0.5
alpha025_rho075_Lc1,0.25,0.75,1,3,0.25,2.18,0.249966,0.5,0.5
alpha025_rho075_Lc1,0.25,0.75,1,3,0.25,2.19,0.249967,0.5,0.5
alpha025_rho075_Lc1,0.25,0.75,1,3,0.25,2.2,0.249968,0.5,0.5
alpha025_rho075_Lc1,0.25,0.75,1,3,0.25,2.21,0.249969,0.5,0.5
alpha025_rho075_Lc1,0.25,0.75,1,3,0.25,2.22,0.249971,0.5,0.5
alpha025_rho075_Lc1,0.25,0.75,1,3,0.25,2.23,0.249972,0.5,0.5
alpha025_rho075_Lc1,0.25,0.75,1,3,0.25,2.24,0.249973,0.5,0.5
alpha025_rho075_Lc1,0.25,0.75,1,3,0.25,2.25,0.249974,0.5,0.5
alpha025_rho075_Lc1,0.25,0.75,1,3,0.25,2.26,0.249975,0.5,0.5
alpha025_rho075_Lc1,0.25,0.75,1,3,0.25,2.27,0.249976,0.5,0.5
alpha025_rho075_Lc1,0.25,0.75,1,3,0.25,2.28,0.249977,0.5,0.5
alpha025_rho075_Lc1,0.25,0.75,1,3,0.25,2.29,0.249978,0.5,0.5
alpha025_rho075_Lc1,0.25,0.75,1,3,0.25,2.3,0.249979,0.5,0.5
alpha025_rho075_Lc1,0.25,0.75,1,3,0.25,2.31,0.24998,0.5,0.5
alpha025_rho075_Lc1,0.25,0.75,1,3,0.25,2.32,0.24998,0.5,0.5
alpha025_rho075_Lc1,0.25,0.75,1,3,0.25,2.33,0.249981,0.5,0.5
alpha025_rho075_Lc1,0.25,0.75,1,3,0.25,2.34,0.249982,0.5,0.5
alpha025_rho075_Lc1,0.25,0.75,1,3,0.25,2.35,0.249983,0.5,0.5
alpha025_rho075_Lc1,0.25,0.75,1,3,0.25,2.36,0.249983,0.5,0.5
alpha025_rho075_Lc1,0.25,0.75,1,3,0.25,2.37,0.249984,0.5,0.5
alpha025_rho075_Lc1,0.25,0.75,1,3,0.25,2.38,0.249985,0.5,0.5
alpha025_rho075_Lc1,0.25,0.75,1,3,0.25,2.39,0.249985,0.5,0.5
alpha025_rho075_Lc1,0.25,0.75,1,3,0.25,2.4,0.249986,0.5,0.5
alpha025_rho075_Lc1,0.25,0.75,1,3,0.25,2.41,0.249986,0.5,0.5
alpha025_rho075_Lc1,0.25,0.75,1,3,0.25,2.42,0.249987,0.5,0.5
alpha025_rho075_Lc1,0.25,0.75,1,3,0.25,2.43,0.249987,0.5,0.5
alpha025_rho075_Lc1,0.25,0.75,1,3,0.25,2.44,0.249988,0.5,0.5
alpha025_rho075_Lc1,0.25,0.75,1,3,0.25,2.45,0.249988,0.5,0.5
alpha025_rho075_Lc1,0.25,0.75,1,3,0.25,2.46,0.249989,0.5,0.5
alpha025_rho075_Lc1,0.25,0.75,1,3,0.25,2.47,0.249989,0.5,0.5
alpha025_rho075_Lc1,0.25,0.75,1,3,0.25,2.48,0.24999,0.5,0.5
alpha025_rho075_Lc1,0.25,0.75,1,3,0.25,2.49,0.24999,0.5,0.5
alpha025_rho075_Lc1,0.25,0.75,1,3,0.25,2.5,0.24999,0.5,0.5
alpha025_rho075_Lc1,0.25,0.75,1,3,0.25,2.51,0.249991,0.5,0.5
alpha025_rho075_Lc1,0.25,0.75,1,3,0.25,2.52,0.249991,0.5,0.5
alpha025_rho075_Lc1,0.25,0.75,1,3,0.25,2.53,0.249992,0.5,0.5
alpha025_rho075_Lc1,0.25,0.75,1,3,0.25,2.54,0.249992,0.5,0.5
alpha025_rho075_Lc1,0.25,0.75,1,3,0.25,2.55,0.249992,0.5,0.5
alpha025_rho075_Lc1,0.25,0.75,1,3,0.25,2.56,0.249992,0.5,0.5
alpha025_rho075_Lc1,0.25,0.75,1,3,0.25,2.57,0.249993,0.5,0.5
alpha025_rho075_Lc1,0.25,0.75,1,3,0.25,2.58,0.249993,0.5,0.5
alpha025_rho075_Lc1,0.25,0.75,1,3,0.25,2.59,0.249993,0.5,0.5
alpha025_rho075_Lc1,0.25,0.75,1,3,0.25,2.6,0.249994,0.5,0.5
alpha025_rho075_Lc1,0.25,0.75,1,3,0.25,2.61,0.249994,0.5,0.5
alpha025_rho075_Lc1,0.25,0.75,1,3,0.25,2.62,0.249994,0.5,0.5
alpha025_rho075_Lc1,0.25,0.75,1,3,0.25,2.63,0.249994,0.5,0.5
alpha025_rho075_Lc1,0.25,0.75,1,3,0.25,2.64,0.249995,0.5,0.5
alpha025_rho075_Lc1,0.25,0.75,1,3,0.25,2.65,0.249995,0.5,0.5
alpha025_rho075_Lc1,0.25,0.75,1,3,0.25,2.66,0.249995,0.5,0.5
alpha025_rho075_Lc1,0.25,0.75,1,3,0.25,2.67,0.249995,0.5,0.5
alpha025_rho075_Lc1,0.25,0.75,1,3,0.25,2.68,0.249995,0.5,0.5
alpha025_rho075_Lc1,0.25,0.75,1,3,0.25,2.69,0.249996,0.5,0.5
alpha025_rho075_Lc1,0.25,0.75,1,3,0.25,2.7,0.249996,0.5,0.5
alpha025_rho075_Lc1,0.25,0.75,1,3,0.25,2.71,0.249996,0.5,0.5
alpha025_rho075_Lc1,0.25,0.75,1,3,0.25,2.72,0.249996,0.5,0.5
alpha025_rho075_Lc1,0.25,0.75,1,3,0.25,2.73,0.249996,0.5,0.5
alpha025_rho075_Lc1,0.25,0.75,1,3,0.25,2.74,0.249996,0.5,0.5
alpha025_rho075_Lc1,0.25,0.75,1,3,0.25,2.75,0.249996,0.5,0.5
alpha025_rho075_Lc1,0.25,0.75,1,3,0.25,2.76,0.249997,0.5,0.5
alpha025_rho075_Lc1,0.25,0.75,1,3,0.25,2.77,0.249997,0.5,0.5
alpha025_rho075_Lc1,0.25,0.75,1,3,0.25,2.78,0.249997,0.5,0.5
alpha025_rho075_Lc1,0.25,0.75,1,3,0.25,2.79,0.249997,0.5,0.5
alpha025_rho075_Lc1,0.25,0.75,1,3,0.25,2.8,0.249997,0.5,0.5
alpha025_rho075_Lc1,0.25,0.75,1,3,0.25,2.81,0.249997,0.5,0.5
alpha025_rho075_Lc1,0.25,0.75,1,3,0.25,2.82,0.249997,0.5,0.5
alpha025_rho075_Lc1,0.25,0.75,1,3,0.25,2.83,0.249997,0.5,0.5
alpha025_rho075_Lc1,0.25,0.75,1,3,0.25,2.84,0.249998,0.5,0.5
alpha025_rho075_Lc1,0.25,0.75,1,3,0.25,2.85,0.249998,0.5,0.5
alpha025_rho075_Lc1,0.25,0.75,1,3,0.25,2.86,0.249998,0.5,0.5
alpha025_rho075_Lc1,0.25,0.75,1,3,0.25,2.87,0.249998,0.5,0.5
alpha025_rho075_Lc1,0.25,0.75,1,3,0.25,2.88,0.249998,0.5,0.5
alpha025_rho075_Lc1,0.25,0.75,1,3,0.25,2.89,0.249998,0.5,0.5
alpha025_rho075_Lc1,0.25,0.75,1,3,0.25,2.9,0.249998,0.5,0.5
alpha025_rho075_Lc1,0.25,0.75,1,3,0.25,2.91,0.249998,0.5,0.5
alpha025_rho075_Lc1,0.25,0.75,1,3,0.25,2.92,0.249998,0.5,0.5
alpha025_rho075_Lc1,0.25,0.75,1,3,0.25,2.93,0.249998,0.5,0.5
alpha025_rho075_Lc1,0.25,0.75,1,3,0.25,2.94,0.249998,0.5,0.5
alpha025_rho075_Lc1,0.25,0.75,1,3,0.25,2.95,0.249998,0.5,0.5
alpha025_rho075_Lc1,0.25,0.75,1,3,0.25,2.96,0.249998,0.5,0.5
alpha025_rho075_Lc1,0.25,0.75,1,3,0.25,2.97,0.249999,0.5,0.5
alpha025_rho075_Lc1,0.25,0.75,1,3,0.25,2.98,0.249999,0.5,0.5
alpha025_rho075_Lc1,0.25,0.75,1,3,0.25,2.99,0.249999,0.5,0.5
alpha025_rho075_Lc1,0.25,0.75,1,3,0.25,3,0.249999,0.5,0.5
alpha025_rho075_Lc1,0.25,0.75,1,3,0.25,3.01,0.249999,0.5,0.5
alpha025_rho075_Lc1,0.25,0.75,1,3,0.25,3.02,0.249999,0.5,0.5
alpha025_rho075_Lc1,0.25,0.75,1,3,0.25,3.03,0.249999,0.5,0.5
alpha025_rho075_Lc1,0.25,0.75,1,3,0.25,3.04,0.249999,0.5,0.5
alpha025_rho075_Lc1,0.25,0.75,1,3,0.25,3.05,0.249999,0.5,0.5
alpha025_rho075_Lc1,0.25,0.75,1,3,0.25,3.06,0.249999,0.5,0.5
alpha025_rho075_Lc1,0.25,0.75,1,3,0.25,3.07,0.249999,0.5,0.5
alpha025_rho075_Lc1,0.25,0.75,1,3,0.25,3.08,0.249999,0.5,0.5
alpha025_rho075_Lc1,0.25,0.75,1,3,0.25,3.09,0.249999,0.5,0.5
alpha025_rho075_Lc1,0.25,0.75,1,3,0.25,3.1,0.249999,0.5,0.5
alpha025_rho075_Lc1,0.25,0.75,1,3,0.25,3.11,0.249999,0.5,0.5
alpha025_rho075_Lc1,0.25,0.75,1,3,0.25,3.12,0.249999,0.5,0.5
alpha025_rho075_Lc1,0.25,0.75,1,3,0.25,3.13,0.249999,0.5,0.5
alpha025_rho075_Lc1,0.25,0.75,1,3,0.25,3.14,0.249999,0.5,0.5
alpha025_rho075_Lc1,0.25,0.75,1,3,0.25,3.15,0.249999,0.5,0.5
alpha025_rho075_Lc1,0.25,0.75,1,3,0.25,3.16,0.249999,0.5,0.5
alpha025_rho075_Lc1,0.25,0.75,1,3,0.25,3.17,0.249999,0.5,0.5
alpha025_rho075_Lc1,0.25,0.75,1,3,0.25,3.18,0.249999,0.5,0.5
alpha025_rho075_Lc1,0.25,0.75,1,3,0.25,3.19,0.249999,0.5,0.5
alpha025_rho075_Lc1,0.25,0.75,1,3,0.25,3.2,0.249999,0.5,0.5
alpha025_rho075_Lc1,0.25,0.75,1,3,0.25,3.21,0.249999,0.5,0.5
alpha025_rho075_Lc1,0.25,0.75,1,3,0.25,3.22,0.249999,0.5,0.5
alpha025_rho075_Lc1,0.25,0.75,1,3,0.25,3.23,0.249999,0.5,0.5
alpha025_rho075_Lc1,0.25,0.75,1,3,0.25,3.24,0.25,0.5,0.5
alpha025_rho075_Lc1,0.25,0.75,1,3,0.25,3.25,0.25,0.5,0.5
alpha025_rho075_Lc1,0.25,0.75,1,3,0.25,3.26,0.25,0.5,0.5
alpha025_rho075_Lc1,0.25,0.75,1,3,0.25,3.27,0.25,0.5,0.5
alpha025_rho075_Lc1,0.25,0.75,1,3,0.25,3.28,0.25,0.5,0.5
alpha025_rho075_Lc1,0.25,0.75,1,3,0.25,3.29,0.25,0.5,0.5
alpha025_rho075_Lc1,0.25,0.75,1,3,0.25,3.3,0.25,0.5,0.5
alpha025_rho075_Lc1,0.25,0.75,1,3,0.25,3.31,0.25,0.5,0.5
alpha025_rho075_Lc1,0.25,0.75,1,3,0.25,3.32,0.25,0.5,0.5
alpha025_rho075_Lc1,0.25,0.75,1,3,0.25,3.33,0.25,0.5,0.5
alpha025_rho075_Lc1,0.25,0.75,1,3,0.25,3.34,0.25,0.5,0.5
alpha025_rho075_Lc1,0.25,0.75,1,3,0.25,3.35,0.25,0.5,0.5
alpha025_rho075_Lc1,0.25,0.75,1,3,0.25,3.36,0.25,0.5,0.5
alpha025_rho075_Lc1,0.25,0.75,1,3,0.25,3.37,0.25,0.5,0.5
alpha025_rho075_Lc1,0.25,0.75,1,3,0.25,3.38,0.25,0.5,0.5
alpha025_rho075_Lc1,0.25,0.75,1,3,0.25,3.39,0.25,0.5,0.5
alpha025_rho075_Lc1,0.25,0.75,1,3,0.25,3.4,0.25,0.5,0.5
alpha025_rho075_Lc1,0.25,0.75,1,3,0.25,3.41,0.25,0.5,0.5
alpha025_rho075_Lc1,0.25,0.75,1,3,0.25,3.42,0.25,0.5,0.5
alpha025_rho075_Lc1,0.25,0.75,1,3,0.25,3.43,0.25,0.5,0.5
alpha025_rho075_Lc1,0.25,0.75,1,3,0.25,3.44,0.25,0.5,0.5
alpha025_rho075_Lc1,0.25,0.75,1,3,0.25,3.45,0.25,0.5,0.5
alpha025_rho075_Lc1,0.25,0.75,1,3,0.25,3.46,0.25,0.5,0.5
alpha025_rho075_Lc1,0.25,0.75,1,3,0.25,3.47,0.25,0.5,0.5
alpha025_rho075_Lc1,0.25,0.75,1,3,0.25,3.48,0.25,0.5,0.5
alpha025_rho075_Lc1,0.25,0.75,1,3,0.25,3.49,0.25,0.5,0.5
alpha025_rho075_Lc1,0.25,0.75,1,3,0.25,3.5,0.25,0.5,0.5
alpha025_rho075_Lc1,0.25,0.75,1,3,0.25,3.51,0.25,0.5,0.5
alpha025_rho075_Lc1,0.25,0.75,1,3,0.25,3.52,0.25,0.5,0.5
alpha025_rho075_Lc1,0.25,0.75,1,3,0.25,3.53,0.25,0.5,0.5
alpha025_rho075_Lc1,0.25,0.75,1,3,0.25,3.54,0.25,0.5,0.5
alpha025_rho075_Lc1,0.25,0.75,1,3,0.25,3.55,0.25,0.5,0.5
alpha025_rho075_Lc1,0.25,0.75,1,3,0.25,3.56,0.25,0.5,0.5
alpha025_rho075_Lc1,0.25,0.75,1,3,0.25,3.57,0.25,0.5,0.5
alpha025_rho075_Lc1,0.25,0.75,1,3,0.25,3.58,0.25,0.5,0.5
alpha025_rho075_Lc1,0.25,0.75,1,3,0.25,3.59,0.25,0.5,0.5
alpha025_rho075_Lc1,0.25,0.75,1,3,0.25,3.6,0.25,0.5,0.5
alpha025_rho075_Lc1,0.25,0.75,1,3,0.25,3.61,0.25,0.5,0.5
alpha025_rho075_Lc1,0.25,0.75,1,3,0.25,3.62,0.25,0.5,0.5
alpha025_rho075_Lc1,0.25,0.75,1,3,0.25,3.63,0.25,0.5,0.5
alpha025_rho075_Lc1,0.25,0.75,1,3,0.25,3.64,0.25,0.5,0.5
alpha025_rho075_Lc1,0.25,0.75,1,3,0.25,3.65,0.25,0.5,0.5
alpha025_rho075_Lc1,0.25,0.75,1,3,0.25,3.66,0.25,0.5,0.5
alpha025_rho075_Lc1,0.25,0.75,1,3,0.25,3.67,0.25,0.5,0.5
alpha025_rho075_Lc1,0.25,0.75,1,3,0.25,3.68,0.25,0.5,0.5
alpha025_rho075_Lc1,0.25,0.75,1,3,0.25,3.69,0.25,0.5,0.5
alpha025_rho075_Lc1,0.25,0.75,1,3,0.25,3.7,0.25,0.5,0.5
alpha025_rho075_Lc1,0.25,0.75,1,3,0.25,3.71,0.25,0.5,0.5
alpha025_rho075_Lc1,0.25,0.75,1,3,0.25,3.72,0.25,0.5,0.5
alpha025_rho075_Lc1,0.25,0.75,1,3,0.25,3.73,0.25,0.5,0.5
alpha025_rho075_Lc1,0.25,0.75,1,3,0.25,3.74,0.25,0.5,0.5
alpha025_rho075_Lc1,0.25,0.75,1,3,0.25,3.75,0.25,0.5,0.5
alpha025_rho075_Lc1,0.25,0.75,1,3,0.25,3.76,0.25,0.5,0.5
alpha025_rho075_Lc1,0.25,0.75,1,3,0.25,3.77,0.25,0.5,0.5
alpha025_rho075_Lc1,0.25,0.75,1,3,0.25,3.78,0.25,0.5,0.5
alpha025_rho075_Lc1,0.25,0.75,1,3,0.25,3.79,0.25,0.5,0.5
alpha025_rho075_Lc1,0.25,0.75,1,3,0.25,3.8,0.25,0.5,0.5
alpha025_rho075_Lc1,0.25,0.75,1,3,0.25,3.81,0.25,0.5,0.5
alpha025_rho075_Lc1,0.25,0.75,1,3,0.25,3.82,0.25,0.5,0.5
alpha025_rho075_Lc1,0.25,0.75,1,3,0.25,3.83,0.25,0.5,0.5
alpha025_rho075_Lc1,0.25,0.75,1,3,0.25,3.84,0.25,0.5,0.5
alpha025_rho075_Lc1,0.25,0.75,1,3,0.25,3.85,0.25,0.5,0.5
alpha025_rho075_Lc1,0.25,0.75,1,3,0.25,3.86,0.25,0.5,0.5
alpha025_rho075_Lc1,0.25,0.75,1,3,0.25,3.87,0.25,0.5,0.5
alpha025_rho075_Lc1,0.25,0.75,1,3,0.25,3.88,0.25,0.5,0.5
alpha025_rho075_Lc1,0.25,0.75,1,3,0.25,3.89,0.25,0.5,0.5
alpha025_rho075_Lc1,0.25,0.75,1,3,0.25,3.9,0.25,0.5,0.5
alpha025_rho075_Lc1,0.25,0.75,1,3,0.25,3.91,0.25,0.5,0.5
alpha025_rho075_Lc1,0.25,0.75,1,3,0.25,3.92,0.25,0.5,0.5
alpha025_rho075_Lc1,0.25,0.75,1,3,0.25,3.93,0.25,0.5,0.5
alpha025_rho075_Lc1,0.25,0.75,1,3,0.25,3.94,0.25,0.5,0.5
alpha025_rho075_Lc1,0.25,0.75,1,3,0.25,3.95,0.25,0.5,0.5
alpha025_rho075_Lc1,0.25,0.75,1,3,0.25,3.96,0.25,0.5,0.5
alpha025_rho075_Lc1,0.25,0.75,1,3,0.25,3.97,0.25,0.5,0.5
alpha025_rho075_Lc1,0.25,0.75,1,3,0.25,3.98,0.25,0.5,0.5
alpha025_rho075_Lc1,0.25,0.75,1,3,0.25,3.99,0.25,0.5,0.5
alpha025_rho075_Lc1,0.25,0.75,1,3,0.25,4,0.25,0.5,0.5
alpha025_rho075_Lc1,0.25,0.75,1,3,0.25,4.01,0.25,0.5,0.5
alpha025_rho075_Lc1,0.25,0.75,1,3,0.25,4.02,0.25,0.5,0.5
alpha025_rho075_Lc1,0.25,0.75,1,3,0.25,4.03,0.25,0.5,0.5
alpha025_rho075_Lc1,0.25,0.75,1,3,0.25,4.04,0.25,0.5,0.5
alpha025_rho075_Lc1,0.25,0.75,1,3,0.25,4.05,0.25,0.5,0.5
alpha025_rho075_Lc1,0.25,0.75,1,3,0.25,4.06,0.25,0.5,0.5
alpha025_rho075_Lc1,0.25,0.75,1,3,0.25,4.07,0.25,0.5,0.5
alpha025_rho075_Lc1,0.25,0.75,1,3,0.25,4.08,0.25,0.5,0.5
alpha025_rho075_Lc1,0.25,0.75,1,3,0.25,4.09,0.25,0.5,0.5
alpha025_rho075_Lc1,0.25,0.75,1,3,0.25,4.1,0.25,0.5,0.5
alpha025_rho075_Lc1,0.25,0.75,1,3,0.25,4.11,0.25,0.5,0.5
alpha025_rho075_Lc1,0.25,0.75,1,3,0.25,4.12,0.25,0.5,0.5
alpha025_rho075_Lc1,0.25,0.75,1,3,0.25,4.13,0.25,0.5,0.5
alpha025_rho075_Lc1,0.25,0.75,1,3,0.25,4.14,0.25,0.5,0.5
alpha025_rho075_Lc1,0.25,0.75,1,3,0.25,4.15,0.25,0.5,0.5
alpha025_rho075_Lc1,0.25,0.75,1,3,0.25,4.16,0.25,0.5,0.5
alpha025_rho075_Lc1,0.25,0.75,1,3,0.25,4.17,0.25,0.5,0.5
alpha025_rho075_Lc1,0.25,0.75,1,3,0.25,4.18,0.25,0.5,0.5
alpha025_rho075_Lc1,0.25,0.75,1,3,0.25,4.19,0.25,0.5,0.5
alpha025_rho075_Lc1,0.25,0.75,1,3,0.25,4.2,0.25,0.5,0.5
alpha025_rho075_Lc1,0.25,0.75,1,3,0.25,4.21,0.25,0.5,0.5
alpha025_rho075_Lc1,0.25,0.75,1,3,0.25,4.22,0.25,0.5,0.5
alpha025_rho075_Lc1,0.25,0.75,1,3,0.25,4.23,0.25,0.5,0.5
alpha025_rho075_Lc1,0.25,0.75,1,3,0.25,4.24,0.25,0.5,0.5
alpha025_rho075_Lc1,0.25,0.75,1,3,0.25,4.25,0.25,0.5,0.5
alpha025_rho075_Lc1,0.25,0.75,1,3,0.25,4.26,0.25,0.5,0.5
alpha025_rho075_Lc1,0.25,0.75,1,3,0.25,4.27,0.25,0.5,0.5
alpha025_rho075_Lc1,0.25,0.75,1,3,0.25,4.28,0.25,0.5,0.5
alpha025_rho075_Lc1,0.25,0.75,1,3,0.25,4.29,0.25,0.5,0.5
alpha025_rho075_Lc1,0.25,0.75,1,3,0.25,4.3,0.25,0.5,0.5
alpha025_rho075_Lc1,0.25,0.75,1,3,0.25,4.31,0.25,0.5,0.5
alpha025_rho075_Lc1,0.25,0.75,1,3,0.25,4.32,0.25,0.5,0.5
alpha025_rho075_Lc1,0.25,0.75,1,3,0.25,4.33,0.25,0.5,0.5
alpha025_rho075_Lc1,0.25,0.75,1,3,0.25,4.34,0.25,0.5,0.5
alpha025_rho075_Lc1,0.25,0.75,1,3,0.25,4.35,0.25,0.5,0.5
alpha025_rho075_Lc1,0.25,0.75,1,3,0.25,4.36,0.25,0.5,0.5
alpha025_rho075_Lc1,0.25,0.75,1,3,0.25,4.37,0.25,0.5,0.5
alpha025_rho075_Lc1,0.25,0.75,1,3,0.25,4.38,0.25,0.5,0.5
alpha025_rho075_Lc1,0.25,0.75,1,3,0.25,4.39,0.25,0.5,0.5
alpha025_rho075_Lc1,0.25,0.75,1,3,0.25,4.4,0.25,0.5,0.5
alpha025_rho075_Lc1,0.25,0.75,1,3,0.25,4.41,0.25,0.5,0.5
alpha025_rho075_Lc1,0.25,0.75,1,3,0.25,4.42,0.25,0.5,0.5
alpha025_rho075_Lc1,0.25,0.75,1,3,0.25,4.43,0.25,0.5,0.5
alpha025_rho075_Lc1,0.25,0.75,1,3,0.25,4.44,0.25,0.5,0.5
alpha025_rho075_Lc1,0.25,0.75,1,3,0.25,4.45,0.25,0.5,0.5
alpha025_rho075_Lc1,0.25,0.75,1,3,0.25,4.46,0.25,0.5,0.5
alpha025_rho075_Lc1,0.25,0.75,1,3,0.25,4.47,0.25,0.5,0.5
alpha025_rho075_Lc1,0.25,0.75,1,3,0.25,4.48,0.25,0.5,0.5
alpha025_rho075_Lc1,0.25,0.75,1,3,0.25,4.49,0.25,0.5,0.5
alpha025_rho075_Lc1,0.25,0.75,1,3,0.25,4.5,0.25,0.5,0.5
alpha025_rho075_Lc1,0.25,0.75,1,3,0.25,4.51,0.25,0.5,0.5
alpha025_rho075_Lc1,0.25,0.75,1,3,0.25,4.52,0.25,0.5,0.5
alpha025_rho075_Lc1,0.25,0.75,1,3,0.25,4.53,0.25,0.5,0.5
alpha025_rho075_Lc1,0.25,0.75,1,3,0.25,4.54,0.25,0.5,0.5
alpha025_rho075_Lc1,0.25,0.75,1,3,0.25,4.55,0.25,0.5,0.5
alpha025_rho075_Lc1,0.25,0.75,1,3,0.25,4.56,0.25,0.5,0.5
alpha025_rho075_Lc1,0.25,0.75,1,3,0.25,4.57,0.25,0.5,0.5
alpha025_rho075_Lc1,0.25,0.75,1,3,0.25,4.58,0.25,0.5,0.5
alpha025_rho075_Lc1,0.25,0.75,1,3,0.25,4.59,0.25,0.5,0.5
alpha025_rho075_Lc1,0.25,0.75,1,3,0.25,4.6,0.25,0.5,0.5
alpha025_rho075_Lc1,0.25,0.75,1,3,0.25,4.61,0.25,0.5,0.5
alpha025_rho075_Lc1,0.25,0.75,1,3,0.25,4.62,0.25,0.5,0.5
alpha025_rho075_Lc1,0.25,0.75,1,3,0.25,4.63,0.25,0.5,0.5
alpha025_rho075_Lc1,0.25,0.75,1,3,0.25,4.64,0.25,0.5,0.5
alpha025_rho075_Lc1,0.25,0.75,1,3,0.25,4.65,0.25,0.5,0.5
alpha025_rho075_Lc1,0.25,0.75,1,3,0.25,4.66,0.25,0.5,0.5
alpha025_rho075_Lc1,0.25,0.75,1,3,0.25,4.67,0.25,0.5,0.5
alpha025_rho075_Lc1,0.25,0.75,1,3,0.25,4.68,0.25,0.5,0.5
alpha025_rho075_Lc1,0.25,0.75,1,3,0.25,4.69,0.25,0.5,0.5
alpha025_rho075_Lc1,0.25,0.75,1,3,0.25,4.7,0.25,0.5,0.5
alpha025_rho075_Lc1,0.25,0.75,1,3,0.25,4.71,0.25,0.5,0.5
alpha025_rho075_Lc1,0.25,0.75,1,3,0.25,4.72,0.25,0.5,0.5
alpha025_rho075_Lc1,0.25,0.75,1,3,0.25,4.73,0.25,0.5,0.5
alpha025_rho075_Lc1,0.25,0.75,1,3,0.25,4.74,0.25,0.5,0.5
alpha025_rho075_Lc1,0.25,0.75,1,3,0.25,4.75,0.25,0.5,0.5
alpha025_rho075_Lc1,0.25,0.75,1,3,0.25,4.76,0.25,0.5,0.5
alpha025_rho075_Lc1,0.25,0.75,1,3,0.25,4.77,0.25,0.5,0.5
alpha025_rho075_Lc1,0.25,0.75,1,3,0.25,4.78,0.25,0.5,0.5
alpha025_rho075_Lc1,0.25,0.75,1,3,0.25,4.79,0.25,0.5,0.5
alpha025_rho075_Lc1,0.25,0.75,1,3,0.25,4.8,0.25,0.5,0.5
alpha025_rho075_Lc1,0.25,0.75,1,3,0.25,4.81,0.25,0.5,0.5
alpha025_rho075_Lc1,0.25,0.75,1,3,0.25,4.82,0.25,0.5,0.5
alpha025_rho075_Lc1,0.25,0.75,1,3,0.25,4.83,0.25,0.5,0.5
alpha025_rho075_Lc1,0.25,0.75,1,3,0.25,4.84,0.25,0.5,0.5
alpha025_rho075_Lc1,0.25,0.75,1,3,0.25,4.85,0.25,0.5,0.5
alpha025_rho075_Lc1,0.25,0.75,1,3,0.25,4.86,0.25,0.5,0.5
alpha025_rho075_Lc1,0.25,0.75,1,3,0.25,4.87,0.25,0.5,0.5
alpha025_rho075_Lc1,0.25,0.75,1,3,0.25,4.88,0.25,0.5,0.5
alpha025_rho075_Lc1,0.25,0.75,1,3,0.25,4.89,0.25,0.5,0.5
alpha025_rho075_Lc1,0.25,0.75,1,3,0.25,4.9,0.25,0.5,0.5
alpha025_rho075_Lc1,0.25,0.75,1,3,0.25,4.91,0.25,0.5,0.5
alpha025_rho075_Lc1,0.25,0.75,1,3,0.25,4.92,0.25,0.5,0.5
alpha025_rho075_Lc1,0.25,0.75,1,3,0.25,4.93,0.25,0.5,0.5
alpha025_rho075_Lc1,0.25,0.75,1,3,0.25,4.94,0.25,0.5,0.5
alpha025_rho075_Lc1,0.25,0.75,1,3,0.25,4.95,0.25,0.5,0.5
alpha025_rho075_Lc1,0.25,0.75,1,3,0.25,4.96,0.25,0.5,0.5
alpha025_rho075_Lc1,0.25,0.75,1,3,0.25,4.97,0.25,0.5,0.5
alpha025_rho075_Lc1,0.25,0.75,1,3,0.25,4.98,0.25,0.5,0.5
alpha025_rho075_Lc1,0.25,0.75,1,3,0.25,4.99,0.25,0.5,0.5
alpha025_rho075_Lc1,0.25,0.75,1,3,0.25,5,0.25,0.5,0.5
alpha075_rho025_Lc0p5,0.75,0.25,0.5,0.166667,0.75,0,0,1,0.5
alpha075_rho025_Lc0p5,0.75,0.25,0.5,0.166667,0.75,0.01,0.00510404,0.930814,0.5
alpha075_rho025_Lc0p5,0.75,0.25,0.5,0.166667,0.75,0.02,0.010405,0.873227,0.5
alpha075_rho025_Lc0p5,0.75,0.25,0.5,0.166667,0.75,0.03,0.0158848,0.825145,0.5
alpha075_rho025_Lc0p5,0.75,0.25,0.5,0.166667,0.75,0.04,0.0215236,0.784852,0.5
alpha075_rho025_Lc0p5,0.75,0.25,0.5,0.166667,0.75,0.05,0.0273009,0.750942,0.5
alpha075_rho025_Lc0p5,0.75,0.25,0.5,0.166667,0.75,0.06,0.033195,0.722264,0.5
alpha075_rho025_Lc0p5,0.75,0.25,0.5,0.166667,0.75,0.07,0.0391844,0.697873,0.5
alpha075_rho025_Lc0p5,0.75,0.25,0.5,0.166667,0.75,0.08,0.0452473,0.676999,0.5
alpha075_rho025_Lc0p5,0.75,0.25,0.5,0.166667,0.75,0.09,0.0513629,0.659007,0.5
alpha075_rho025_Lc0p5,0.75,0.25,0.5,0.166667,0.75,0.1,0.0575108,0.64338,0.5
alpha075_rho025_Lc0p5,0.75,0.25,0.5,0.166667,0.75,0.11,0.0636719,0.629694,0.5
alpha075_rho025_Lc0p5,0.75,0.25,0.5,0.166667,0.75,0.12,0.0698286,0.617603,0.5
alpha075_rho025_Lc0p5,0.75,0.25,0.5,0.166667,0.75,0.13,0.0759646,0.606824,0.5
alpha075_rho025_Lc0p5,0.75,0.25,0.5,0.166667,0.75,0.14,0.0820653,0.597123,0.5
alpha075_rho025_Lc0p5,0.75,0.25,0.5,0.166667,0.75,0.15,0.0881178,0.588312,0.5
alpha075_rho025_Lc0p5,0.75,0.25,0.5,0.166667,0.75,0.16,0.0941109,0.580236,0.5
alpha075_rho025_Lc0p5,0.75,0.25,0.5,0.166667,0.75,0.17,0.100035,0.572768,0.5
alpha075_rho025_Lc0p5,0.75,0.25,0.5,0.166667,0.75,0.18,0.105882,0.565804,0.5
alpha075_rho025_Lc0p5,0.75,0.25,0.5,0.166667,0.75,0.19,0.111646,0.559262,0.5
alpha075_rho025_Lc0p5,0.75,0.25,0.5,0.166667,0.75,0.2,0.117322,0.553071,0.5
alpha075_rho025_Lc0p5,0.75,0.25,0.5,0.166667,0.75,0.21,0.122905,0.547175,0.5
alpha075_rho025_Lc0p5,0.75,0.25,0.5,0.166667,0.75,0.22,0.128394,0.54153,0.5
alpha075_rho025_Lc0p5,0.75,0.25,0.5,0.166667,0.75,0.23,0.133787,0.536096,0.5
alpha075_rho025_Lc0p5,0.75,0.25,0.5,0.166667,0.75,0.24,0.139083,0.530845,0.5
alpha075_rho025_Lc0p5,0.75,0.25,0.5,0.166667,0.75,0.25,0.144283,0.525751,0.5
alpha075_rho025_Lc0p5,0.75,0.25,0.5,0.166667,0.75,0.26,0.149386,0.520795,0.5
alpha075_rho025_Lc0p5,0.75,0.25,0.5,0.166667,0.75,0.27,0.154395,0.515959,0.5
alpha075_rho025_Lc0p5,0.75,0.25,0.5,0.166667,0.75,0.28,0.159312,0.51123,0.5
alpha075_rho025_Lc0p5,0.75,0.25,0.5,0.166667,0.75,0.29,0.164138,0.506598,0.5
alpha075_rho025_Lc0p5,0.75,0.25,0.5,0.166667,0.75,0.3,0.168876,0.502054,0.5
alpha075_rho025_Lc0p5,0.75,0.25,0.5,0.166667,0.75,0.31,0.173528,0.49759,0.5
alpha075_rho025_Lc0p5,0.75,0.25,0.5,0.166667,0.75,0.32,0.178098,0.4932,0.5
alpha075_rho025_Lc0p5,0.75,0.25,0.5,0.166667,0.75,0.33,0.182587,0.488879,0.5
alpha075_rho025_Lc0p5,0.75,0.25,0.5,0.166667,0.75,0.34,0.187,0.484625,0.5
alpha075_rho025_Lc0p5,0.75,0.25,0.5,0.166667,0.75,0.35,0.19134,0.480432,0.5
alpha075_rho025_Lc0p5,0.75,0.25,0.5,0.166667,0.75,0.36,0.195608,0.476299,0.5
alpha075_rho025_Lc0p5,0.75,0.25,0.5,0.166667,0.75,0.37,0.199807,0.472224,0.5
alpha075_rho025_Lc0p5,0.75,0.25,0.5,0.166667,0.75,0.38,0.203942,0.468204,0.5
alpha075_rho025_Lc0p5,0.75,0.25,0.5,0.166667,0.75,0.39,0.208014,0.464237,0.5
alpha075_rho025_Lc0p5,0.75,0.25,0.5,0.166667,0.75,0.4,0.212026,0.460323,0.5
alpha075_rho025_Lc0p5,0.75,0.25,0.5,0.166667,0.75,0.41,0.21598,0.456461,0.5
alpha075_rho025_Lc0p5,0.75,0.25,0.5,0.166667,0.75,0.42,0.219879,0.452649,0.5
alpha075_rho025_Lc0p5,0.75,0.25,0.5,0.166667,0.75,0.43,0.223726,0.448886,0.5
alpha075_rho025_Lc0p5,0.75,0.25,0.5,0.166667,0.75,0.44,0.227522,0.445171,0.5
alpha075_rho025_Lc0p5,0.75,0.25,0.5,0.166667,0.75,0.45,0.231269,0.441505,0.5
alpha075_rho025_Lc0p5,0.75,0.25,0.5,0.166667,0.75,0.46,0.23497,0.437886,0.5
alpha075_rho025_Lc0p5,0.75,0.25,0.5,0.166667,0.75,0.47,0.238627,0.434313,0.5
alpha075_rho025_Lc0p5,0.75,0.25,0.5,0.166667,0.75,0.48,0.24224,0.430786,0.5
alpha075_rho025_Lc0p5,0.75,0.25,0.5,0.166667,0.75,0.49,0.245813,0.427305,0.5
alpha075_rho025_Lc0p5,0.75,0.25,0.5,0.166667,0.75,0.5,0.249346,0.423868,0.5
alpha075_rho025_Lc0p5,0.75,0.25,0.5,0.166667,0.75,0.51,0.25284,0.420475,0.5
alpha075_rho025_Lc0p5,0.75,0.25,0.5,0.166667,0.75,0.52,0.256298,0.417127,0.5
alpha075_rho025_Lc0p5,0.75,0.25,0.5,0.166667,0.75,0.53,0.25972,0.413821,0.5
alpha075_rho025_Lc0p5,0.75,0.25,0.5,0.166667,0.75,0.54,0.263108,0.410559,0.5
alpha075_rho025_Lc0p5,0.75,0.25,0.5,0.166667,0.75,0.55,0.266463,0.407339,0.5
alpha075_rho025_Lc0p5,0.75,0.25,0.5,0.166667,0.75,0.56,0.269786,0.40416,0.5
alpha075_rho025_Lc0p5,0.75,0.25,0.5,0.166667,0.75,0.57,0.273077,0.401023,0.5
alpha075_rho025_Lc0p5,0.75,0.25,0.5,0.166667,0.75,0.58,0.276339,0.397926,0.5
alpha075_rho025_Lc0p5,0.75,0.25,0.5,0.166667,0.75,0.59,0.279571,0.39487,0.5
alpha075_rho025_Lc0p5,0.75,0.25,0.5,0.166667,0.75,0.6,0.282774,0.391854,0.5
alpha075_rho025_Lc0p5,0.75,0.25,0.5,0.166667,0.75,0.61,0.28595,0.388877,0.5
alpha075_rho025_Lc0p5,0.75,0.25,0.5,0.166667,0.75,0.62,0.289098,0.385939,0.5
alpha075_rho025_Lc0p5,0.75,0.25,0.5,0.166667,0.75,0.63,0.292221,0.383039,0.5
alpha075_rho025_Lc0p5,0.75,0.25,0.5,0.166667,0.75,0.64,0.295317,0.380177,0.5
alpha075_rho025_Lc0p5,0.75,0.25,0.5,0.166667,0.75,0.65,0.298388,0.377353,0.5
alpha075_rho025_Lc0p5,0.75,0.25,0.5,0.166667,0.75,0.66,0.301435,0.374566,0.5
alpha075_rho025_Lc0p5,0.75,0.25,0.5,0.166667,0.75,0.67,0.304458,0.371816,0.5
alpha075_rho025_Lc0p5,0.75,0.25,0.5,0.166667,0.75,0.68,0.307456,0.369101,0.5
alpha075_rho025_Lc0p5,0.75,0.25,0.5,0.166667,0.75,0.69,0.310432,0.366423,0.5
alpha075_rho025_Lc0p5,0.75,0.25,0.5,0.166667,0.75,0.7,0.313385,0.363779,0.5
alpha075_rho025_Lc0p5,0.75,0.25,0.5,0.166667,0.75,0.71,0.316315,0.36117,0.5
alpha075_rho025_Lc0p5,0.75,0.25,0.5,0.166667,0.75,0.72,0.319224,0.358596,0.5
alpha075_rho025_Lc0p5,0.75,0.25,0.5,0.166667,0.75,0.73,0.322111,0.356056,0.5
alpha075_rho025_Lc0p5,0.75,0.25,0.5,0.166667,0.75,0.74,0.324976,0.353549,0.5
alpha075_rho025_Lc0p5,0.75,0.25,0.5,0.166667,0.75,0.75,0.327821,0.351075,0.5
alpha075_rho025_Lc0p5,0.75,0.25,0.5,0.166667,0.75,0.76,0.330645,0.348634,0.5
alpha075_rho025_Lc0p5,0.75,0.25,0.5,0.166667,0.75,0.77,0.333449,0.346225,0.5
alpha075_rho025_Lc0p5,0.75,0.25,0.5,0.166667,0.75,0.78,0.336232,0.343847,0.5
alpha075_rho025_Lc0p5,0.75,0.25,0.5,0.166667,0.75,0.79,0.338996,0.341502,0.5
alpha075_rho025_Lc0p5,0.75,0.25,0.5,0.166667,0.75,0.8,0.34174,0.339187,0.5
alpha075_rho025_Lc0p5,0.75,0.25,0.5,0.166667,0.75,0.81,0.344464,0.336902,0.5
alpha075_rho025_Lc0p5,0.75,0.25,0.5,0.166667,0.75,0.82,0.34717,0.334648,0.5
alpha075_rho025_Lc0p5,0.75,0.25,0.5,0.166667,0.75,0.83,0.349857,0.332424,0.5
alpha075_rho025_Lc0p5,0.75,0.25,0.5,0.166667,0.75,0.84,0.352524,0.330229,0.5
alpha075_rho025_Lc0p5,0.75,0.25,0.5,0.166667,0.75,0.85,0.355174,0.328063,0.5
alpha075_rho025_Lc0p5,0.75,0.25,0.5,0.166667,0.75,0.86,0.357805,0.325926,0.5
alpha075_rho025_Lc0p5,0.75,0.25,0.5,0.166667,0.75,0.87,0.360418,0.323817,0.5
alpha075_rho025_Lc0p5,0.75,0.25,0.5,0.166667,0.75,0.88,0.363012,0.321736,0.5
alpha075_rho025_Lc0p5,0.75,0.25,0.5,0.166667,0.75,0.89,0.36559,0.319682,0.5
alpha075_rho025_Lc0p5,0.75,0.25,0.5,0.166667,0.75,0.9,0.368149,0.317656,0.5
alpha075_rho025_Lc0p5,0.75,0.25,0.5,0.166667,0.75,0.91,0.370691,0.315657,0.5
alpha075_rho025_Lc0p5,0.75,0.25,0.5,0.166667,0.75,0.92,0.373216,0.313683,0.5
alpha075_rho025_Lc0p5,0.75,0.25,0.5,0.166667,0.75,0.93,0.375723,0.311736,0.5
alpha075_rho025_Lc0p5,0.75,0.25,0.5,0.166667,0.75,0.94,0.378214,0.309815,0.5
alpha075_rho025_Lc0p5,0.75,0.25,0.5,0.166667,0.75,0.95,0.380687,0.307919,0.5
alpha075_rho025_Lc0p5,0.75,0.25,0.5,0.166667,0.75,0.96,0.383144,0.306049,0.5
alpha075_rho025_Lc0p5,0.75,0.25,0.5,0.166667,0.75,0.97,0.385585,0.304203,0.5
alpha075_rho025_Lc0p5,0.75,0.25,0.5,0.166667,0.75,0.98,0.388009,0.302381,0.5
alpha075_rho025_Lc0p5,0.75,0.25,0.5,0.166667,0.75,0.99,0.390416,0.300584,0.5
alpha075_rho025_Lc0p5,0.75,0.25,0.5,0.166667,0.75,1,0.392807,0.29881,0.5
alpha075_rho025_Lc0p5,0.75,0.25,0.5,0.166667,0.75,1.01,0.395183,0.29706,0.5
alpha075_rho025_Lc0p5,0.75,0.25,0.5,0.166667,0.75,1.02,0.397542,0.295333,0.5
alpha075_rho025_Lc0p5,0.75,0.25,0.5,0.166667,0.75,1.03,0.399886,0.293629,0.5
alpha075_rho025_Lc0p5,0.75,0.25,0.5,0.166667,0.75,1.04,0.402213,0.291947,0.5
alpha075_rho025_Lc0p5,0.75,0.25,0.5,0.166667,0.75,1.05,0.404526,0.290288,0.5
alpha075_rho025_Lc0p5,0.75,0.25,0.5,0.166667,0.75,1.06,0.406822,0.288651,0.5
alpha075_rho025_Lc0p5,0.75,0.25,0.5,0.166667,0.75,1.07,0.409104,0.287035,0.5
alpha075_rho025_Lc0p5,0.75,0.25,0.5,0.166667,0.75,1.08,0.41137,0.285441,0.5
alpha075_rho025_Lc0p5,0.75,0.25,0.5,0.166667,0.75,1.09,0.413621,0.283868,0.5
alpha075_rho025_Lc0p5,0.75,0.25,0.5,0.166667,0.75,1.1,0.415856,0.282316,0.5
alpha075_rho025_Lc0p5,0.75,0.25,0.5,0.166667,0.75,1.11,0.418077,0.280784,0.5
alpha075_rho025_Lc0p5,0.75,0.25,0.5,0.166667,0.75,1.12,0.420284,0.279273,0.5
alpha075_rho025_Lc0p5,0.75,0.25,0.5,0.166667,0.75,1.13,0.422475,0.277781,0.5
alpha075_rho025_Lc0p5,0.75,0.25,0.5,0.166667,0.75,1.14,0.424652,0.276309,0.5
alpha075_rho025_Lc0p5,0.75,0.25,0.5,0.166667,0.75,1.15,0.426814,0.274857,0.5
alpha075_rho025_Lc0p5,0.75,0.25,0.5,0.166667,0.75,1.16,0.428962,0.273424,0.5
alpha075_rho025_Lc0p5,0.75,0.25,0.5,0.166667,0.75,1.17,0.431096,0.27201,0.5
alpha075_rho025_Lc0p5,0.75,0.25,0.5,0.166667,0.75,1.18,0.433215,0.270615,0.5
alpha075_rho025_Lc0p5,0.75,0.25,0.5,0.166667,0.75,1.19,0.43532,0.269238,0.5
alpha075_rho025_Lc0p5,0.75,0.25,0.5,0.166667,0.75,1.2,0.437411,0.26788,0.5
alpha075_rho025_Lc0p5,0.75,0.25,0.5,0.166667,0.75,1.21,0.439489,0.266539,0.5
alpha075_rho025_Lc0p5,0.75,0.25,0.5,0.166667,0.75,1.22,0.441552,0.265216,0.5
alpha075_rho025_Lc0p5,0.75,0.25,0.5,0.166667,0.75,1.23,0.443602,0.263911,0.5
alpha075_rho025_Lc0p5,0.75,0.25,0.5,0.166667,0.75,1.24,0.445638,0.262623,0.5
alpha075_rho025_Lc0p5,0.75,0.25,0.5,0.166667,0.75,1.25,0.44766,0.261352,0.5
alpha075_rho025_Lc0p5,0.75,0.25,0.5,0.166667,0.75,1.26,0.44967,0.260098,0.5
alpha075_rho025_Lc0p5,0.75,0.25,0.5,0.166667,0.75,1.27,0.451665,0.258861,0.5
alpha075_rho025_Lc0p5,0.75,0.25,0.5,0.166667,0.75,1.28,0.453648,0.25764,0.5
alpha075_rho025_Lc0p5,0.75,0.25,0.5,0.166667,0.75,1.29,0.455617,0.256435,0.5
alpha075_rho025_Lc0p5,0.75,0.25,0.5,0.166667,0.75,1.3,0.457573,0.255246,0.5
alpha075_rho025_Lc0p5,0.75,0.25,0.5,0.166667,0.75,1.31,0.459516,0.254073,0.5
alpha075_rho025_Lc0p5,0.75,0.25,0.5,0.166667,0.75,1.32,0.461446,0.252915,0.5
alpha075_rho025_Lc0p5,0.75,0.25,0.5,0.166667,0.75,1.33,0.463364,0.251773,0.5
alpha075_rho025_Lc0p5,0.75,0.25,0.5,0.166667,0.75,1.34,0.465268,0.250645,0.5
alpha075_rho025_Lc0p5,0.75,0.25,0.5,0.166667,0.75,1.35,0.46716,0.249533,0.5
alpha075_rho025_Lc0p5,0.75,0.25,0.5,0.166667,0.75,1.36,0.46904,0.248435,0.5
alpha075_rho025_Lc0p5,0.75,0.25,0.5,0.166667,0.75,1.37,0.470907,0.247352,0.5
alpha075_rho025_Lc0p5,0.75,0.25,0.5,0.166667,0.75,1.38,0.472761,0.246284,0.5
alpha075_rho025_Lc0p5,0.75,0.25,0.5,0.166667,0.75,1.39,0.474603,0.245229,0.5
alpha075_rho025_Lc0p5,0.75,0.25,0.5,0.166667,0.75,1.4,0.476433,0.244189,0.5
alpha075_rho025_Lc0p5,0.75,0.25,0.5,0.166667,0.75,1.41,0.478251,0.243162,0.5
alpha075_rho025_Lc0p5,0.75,0.25,0.5,0.166667,0.75,1.42,0.480057,0.242149,0.5
alpha075_rho025_Lc0p5,0.75,0.25,0.5,0.166667,0.75,1.43,0.48185,0.241149,0.5
alpha075_rho025_Lc0p5,0.75,0.25,0.5,0.166667,0.75,1.44,0.483632,0.240163,0.5
alpha075_rho025_Lc0p5,0.75,0.25,0.5,0.166667,0.75,1.45,0.485402,0.239189,0.5
alpha075_rho025_Lc0p5,0.75,0.25,0.5,0.166667,0.75,1.46,0.48716,0.238229,0.5
alpha075_rho025_Lc0p5,0.75,0.25,0.5,0.166667,0.75,1.47,0.488907,0.237281,0.5
alpha075_rho025_Lc0p5,0.75,0.25,0.5,0.166667,0.75,1.48,0.490642,0.236345,0.5
alpha075_rho025_Lc0p5,0.75,0.25,0.5,0.166667,0.75,1.49,0.492365,0.235423,0.5
alpha075_rho025_Lc0p5,0.75,0.25,0.5,0.166667,0.75,1.5,0.494077,0.234512,0.5
alpha075_rho025_Lc0p5,0.75,0.25,0.5,0.166667,0.75,1.51,0.495777,0.233613,0.5
alpha075_rho025_Lc0p5,0.75,0.25,0.5,0.166667,0.75,1.52,0.497466,0.232727,0.5
alpha075_rho025_Lc0p5,0.75,0.25,0.5,0.166667,0.75,1.53,0.499144,0.231852,0.5
alpha075_rho025_Lc0p5,0.75,0.25,0.5,0.166667,0.75,1.54,0.500811,0.230988,0.5
alpha075_rho025_Lc0p5,0.75,0.25,0.5,0.166667,0.75,1.55,0.502467,0.230136,0.5
alpha075_rho025_Lc0p5,0.75,0.25,0.5,0.166667,0.75,1.56,0.504112,0.229296,0.5
alpha075_rho025_Lc0p5,0.75,0.25,0.5,0.166667,0.75,1.57,0.505746,0.228466,0.5
alpha075_rho025_Lc0p5,0.75,0.25,0.5,0.166667,0.75,1.58,0.507368,0.227648,0.5
alpha075_rho025_Lc0p5,0.75,0.25,0.5,0.166667,0.75,1.59,0.508981,0.22684,0.5
alpha075_rho025_Lc0p5,0.75,0.25,0.5,0.166667,0.75,1.6,0.510582,0.226043,0.5
alpha075_rho025_Lc0p5,0.75,0.25,0.5,0.166667,0.75,1.61,0.512173,0.225257,0.5
alpha075_rho025_Lc0p5,0.75,0.25,0.5,0.166667,0.75,1.62,0.513753,0.224481,0.5
alpha075_rho025_Lc0p5,0.75,0.25,0.5,0.166667,0.75,1.63,0.515323,0.223715,0.5
alpha075_rho025_Lc0p5,0.75,0.25,0.5,0.166667,0.75,1.64,0.516882,0.222959,0.5
alpha075_rho025_Lc0p5,0.75,0.25,0.5,0.166667,0.75,1.65,0.518431,0.222214,0.5
alpha075_rho025_Lc0p5,0.75,0.25,0.5,0.166667,0.75,1.66,0.51997,0.221478,0.5
alpha075_rho025_Lc0p5,0.75,0.25,0.5,0.166667,0.75,1.67,0.521498,0.220752,0.5
alpha075_rho025_Lc0p5,0.75,0.25,0.5,0.166667,0.75,1.68,0.523017,0.220036,0.5
alpha075_rho025_Lc0p5,0.75,0.25,0.5,0.166667,0.75,1.69,0.524525,0.219329,0.5
alpha075_rho025_Lc0p5,0.75,0.25,0.5,0.166667,0.75,1.7,0.526023,0.218631,0.5
alpha075_rho025_Lc0p5,0.75,0.25,0.5,0.166667,0.75,1.71,0.527511,0.217943,0.5
alpha075_rho025_Lc0p5,0.75,0.25,0.5,0.166667,0.75,1.72,0.528989,0.217264,0.5
alpha075_rho025_Lc0p5,0.75,0.25,0.5,0.166667,0.75,1.73,0.530458,0.216594,0.5
alpha075_rho025_Lc0p5,0.75,0.25,0.5,0.166667,0.75,1.74,0.531917,0.215932,0.5
alpha075_rho025_Lc0p5,0.75,0.25,0.5,0.166667,0.75,1.75,0.533366,0.21528,0.5
alpha075_rho025_Lc0p5,0.75,0.25,0.5,0.166667,0.75,1.76,0.534805,0.214636,0.5
alpha075_rho025_Lc0p5,0.75,0.25,0.5,0.166667,0.75,1.77,0.536235,0.214001,0.5
alpha075_rho025_Lc0p5,0.75,0.25,0.5,0.166667,0.75,1.78,0.537655,0.213374,0.5
alpha075_rho025_Lc0p5,0.75,0.25,0.5,0.166667,0.75,1.79,0.539066,0.212755,0.5
alpha075_rho025_Lc0p5,0.75,0.25,0.5,0.166667,0.75,1.8,0.540468,0.212145,0.5
alpha075_rho025_Lc0p5,0.75,0.25,0.5,0.166667,0.75,1.81,0.54186,0.211542,0.5
alpha075_rho025_Lc0p5,0.75,0.25,0.5,0.166667,0.75,1.82,0.543243,0.210948,0.5
alpha075_rho025_Lc0p5,0.75,0.25,0.5,0.166667,0.75,1.83,0.544617,0.210362,0.5
alpha075_rho025_Lc0p5,0.75,0.25,0.5,0.166667,0.75,1.84,0.545982,0.209783,0.5
alpha075_rho025_Lc0p5,0.75,0.25,0.5,0.166667,0.75,1.85,0.547337,0.209212,0.5
alpha075_rho025_Lc0p5,0.75,0.25,0.5,0.166667,0.75,1.86,0.548684,0.208648,0.5
alpha075_rho025_Lc0p5,0.75,0.25,0.5,0.166667,0.75,1.87,0.550021,0.208092,0.5
alpha075_rho025_Lc0p5,0.75,0.25,0.5,0.166667,0.75,1.88,0.55135,0.207543,0.5
alpha075_rho025_Lc0p5,0.75,0.25,0.5,0.166667,0.75,1.89,0.55267,0.207002,0.5
alpha075_rho025_Lc0p5,0.75,0.25,0.5,0.166667,0.75,1.9,0.553981,0.206468,0.5
alpha075_rho025_Lc0p5,0.75,0.25,0.5,0.166667,0.75,1.91,0.555284,0.205941,0.5
alpha075_rho025_Lc0p5,0.75,0.25,0.5,0.166667,0.75,1.92,0.556577,0.205421,0.5
alpha075_rho025_Lc0p5,0.75,0.25,0.5,0.166667,0.75,1.93,0.557863,0.204907,0.5
alpha075_rho025_Lc0p5,0.75,0.25,0.5,0.166667,0.75,1.94,0.559139,0.204401,0.5
alpha075_rho025_Lc0p5,0.75,0.25,0.5,0.166667,0.75,1.95,0.560407,0.203901,0.5
alpha075_rho025_Lc0p5,0.75,0.25,0.5,0.166667,0.75,1.96,0.561667,0.203408,0.5
alpha075_rho025_Lc0p5,0.75,0.25,0.5,0.166667,0.75,1.97,0.562919,0.202921,0.5
alpha075_rho025_Lc0p5,0.75,0.25,0.5,0.166667,0.75,1.98,0.564162,0.202441,0.5
alpha075_rho025_Lc0p5,0.75,0.25,0.5,0.166667,0.75,1.99,0.565396,0.201967,0.5
alpha075_rho025_Lc0p5,0.75,0.25,0.5,0.166667,0.75,2,0.566623,0.2015,0.5
alpha075_rho025_Lc0p5,0.75,0.25,0.5,0.166667,0.75,2.01,0.567842,0.201038,0.5
alpha075_rho025_Lc0p5,0.75,0.25,0.5,0.166667,0.75,2.02,0.569052,0.200583,0.5
alpha075_rho025_Lc0p5,0.75,0.25,0.5,0.166667,0.75,2.03,0.570254,0.200134,0.5
alpha075_rho025_Lc0p5,0.75,0.25,0.5,0.166667,0.75,2.04,0.571448,0.199691,0.5
alpha075_rho025_Lc0p5,0.75,0.25,0.5,0.166667,0.75,2.05,0.572635,0.199253,0.5
alpha075_rho025_Lc0p5,0.75,0.25,0.5,0.166667,0.75,2.06,0.573813,0.198822,0.5
alpha075_rho025_Lc0p5,0.75,0.25,0.5,0.166667,0.75,2.07,0.574984,0.198396,0.5
alpha075_rho025_Lc0p5,0.75,0.25,0.5,0.166667,0.75,2.08,0.576147,0.197975,0.5
alpha075_rho025_Lc0p5,0.75,0.25,0.5,0.166667,0.75,2.09,0.577302,0.197561,0.5
alpha075_rho025_Lc0p5,0.75,0.25,0.5,0.166667,0.75,2.1,0.57845,0.197152,0.5
alpha075_rho025_Lc0p5,0.75,0.25,0.5,0.166667,0.75,2.11,0.579589,0.196748,0.5
alpha075_rho025_Lc0p5,0.75,0.25,0.5,0.166667,0.75,2.12,0.580722,0.196349,0.5
alpha075_rho025_Lc0p5,0.75,0.25,0.5,0.166667,0.75,2.13,0.581847,0.195956,0.5
alpha075_rho025_Lc0p5,0.75,0.25,0.5,0.166667,0.75,2.14,0.582964,0.195568,0.5
alpha075_rho025_Lc0p5,0.75,0.25,0.5,0.166667,0.75,2.15,0.584074,0.195185,0.5
alpha075_rho025_Lc0p5,0.75,0.25,0.5,0.166667,0.75,2.16,0.585176,0.194808,0.5
alpha075_rho025_Lc0p5,0.75,0.25,0.5,0.166667,0.75,2.17,0.586271,0.194435,0.5
alpha075_rho025_Lc0p5,0.75,0.25,0.5,0.166667,0.75,2.18,0.587359,0.194067,0.5
alpha075_rho025_Lc0p5,0.75,0.25,0.5,0.166667,0.75,2.19,0.58844,0.193704,0.5
alpha075_rho025_Lc0p5,0.75,0.25,0.5,0.166667,0.75,2.2,0.589513,0.193346,0.5
alpha075_rho025_Lc0p5,0.75,0.25,0.5,0.166667,0.75,2.21,0.59058,0.192993,0.5
alpha075_rho025_Lc0p5,0.75,0.25,0.5,0.166667,0.75,2.22,0.591639,0.192644,0.5
alpha075_rho025_Lc0p5,0.75,0.25,0.5,0.166667,0.75,2.23,0.592691,0.1923,0.5
alpha075_rho025_Lc0p5,0.75,0.25,0.5,0.166667,0.75,2.24,0.593736,0.191961,0.5
alpha075_rho025_Lc0p5,0.75,0.25,0.5,0.166667,0.75,2.25,0.594775,0.191626,0.5
alpha075_rho025_Lc0p5,0.75,0.25,0.5,0.166667,0.75,2.26,0.595806,0.191295,0.5
alpha075_rho025_Lc0p5,0.75,0.25,0.5,0.166667,0.75,2.27,0.596831,0.190969,0.5
alpha075_rho025_Lc0p5,0.75,0.25,0.5,0.166667,0.75,2.28,0.597848,0.190647,0.5
alpha075_rho025_Lc0p5,0.75,0.25,0.5,0.166667,0.75,2.29,0.598859,0.190329,0.5
alpha075_rho025_Lc0p5,0.75,0.25,0.5,0.166667,0.75,2.3,0.599864,0.190016,0.5
alpha075_rho025_Lc0p5,0.75,0.25,0.5,0.166667,0.75,2.31,0.600861,0.189707,0.5
alpha075_rho025_Lc0p5,0.75,0.25,0.5,0.166667,0.75,2.32,0.601852,0.189401,0.5
alpha075_rho025_Lc0p5,0.75,0.25,0.5,0.166667,0.75,2.33,0.602837,0.1891,0.5
alpha075_rho025_Lc0p5,0.75,0.25,0.5,0.166667,0.75,2.34,0.603814,0.188803,0.5
alpha075_rho025_Lc0p5,0.75,0.25,0.5,0.166667,0.75,2.35,0.604786,0.18851,0.5
alpha075_rho025_Lc0p5,0.75,0.25,0.5,0.166667,0.75,2.36,0.605751,0.188221,0.5
alpha075_rho025_Lc0p5,0.75,0.25,0.5,0.166667,0.75,2.37,0.606709,0.187935,0.5
alpha075_rho025_Lc0p5,0.75,0.25,0.5,0.166667,0.75,2.38,0.607661,0.187654,0.5
alpha075_rho025_Lc0p5,0.75,0.25,0.5,0.166667,0.75,2.39,0.608607,0.187376,0.5
alpha075_rho025_Lc0p5,0.75,0.25,0.5,0.166667,0.75,2.4,0.609546,0.187101,0.5
alpha075_rho025_Lc0p5,0.75,0.25,0.5,0.166667,0.75,2.41,0.61048,0.186831,0.5
alpha075_rho025_Lc0p5,0.75,0.25,0.5,0.166667,0.75,2.42,0.611407,0.186564,0.5
alpha075_rho025_Lc0p5,0.75,0.25,0.5,0.166667,0.75,2.43,0.612328,0.1863,0.5
alpha075_rho025_Lc0p5,0.75,0.25,0.5,0.166667,0.75,2.44,0.613242,0.18604,0.5
alpha075_rho025_Lc0p5,0.75,0.25,0.5,0.166667,0.75,2.45,0.614151,0.185783,0.5
alpha075_rho025_Lc0p5,0.75,0.25,0.5,0.166667,0.75,2.46,0.615054,0.18553,0.5
alpha075_rho025_Lc0p5,0.75,0.25,0.5,0.166667,0.75,2.47,0.61595,0.18528,0.5
alpha075_rho025_Lc0p5,0.75,0.25,0.5,0.166667,0.75,2.48,0.616841,0.185034,0.5
alpha075_rho025_Lc0p5,0.75,0.25,0.5,0.166667,0.75,2.49,0.617726,0.184791,0.5
alpha075_rho025_Lc0p5,0.75,0.25,0.5,0.166667,0.75,2.5,0.618605,0.184551,0.5
alpha075_rho025_Lc0p5,0.75,0.25,0.5,0.166667,0.75,2.51,0.619478,0.184314,0.5
alpha075_rho025_Lc0p5,0.75,0.25,0.5,0.166667,0.75,2.52,0.620345,0.18408,0.5
alpha075_rho025_Lc0p5,0.75,0.25,0.5,0.166667,0.75,2.53,0.621206,0.183849,0.5
alpha075_rho025_Lc0p5,0.75,0.25,0.5,0.166667,0.75,2.54,0.622062,0.183622,0.5
alpha075_rho025_Lc0p5,0.75,0.25,0.5,0.166667,0.75,2.55,0.622912,0.183397,0.5
alpha075_rho025_Lc0p5,0.75,0.25,0.5,0.166667,0.75,2.56,0.623757,0.183176,0.5
alpha075_rho025_Lc0p5,0.75,0.25,0.5,0.166667,0.75,2.57,0.624596,0.182957,0.5
alpha075_rho025_Lc0p5,0.75,0.25,0.5,0.166667,0.75,2.58,0.625429,0.182741,0.5
alpha075_rho025_Lc0p5,0.75,0.25,0.5,0.166667,0.75,2.59,0.626257,0.182528,0.5
alpha075_rho025_Lc0p5,0.75,0.25,0.5,0.166667,0.75,2.6,0.627079,0.182318,0.5
alpha075_rho025_Lc0p5,0.75,0.25,0.5,0.166667,0.75,2.61,0.627895,0.182111,0.5
alpha075_rho025_Lc0p5,0.75,0.25,0.5,0.166667,0.75,2.62,0.628707,0.181906,0.5
alpha075_rho025_Lc0p5,0.75,0.25,0.5,0.166667,0.75,2.63,0.629513,0.181704,0.5
alpha075_rho025_Lc0p5,0.75,0.25,0.5,0.166667,0.75,2.64,0.630313,0.181505,0.5
alpha075_rho025_Lc0p5,0.75,0.25,0.5,0.166667,0.75,2.65,0.631109,0.181309,0.5
alpha075_rho025_Lc0p5,0.75,0.25,0.5,0.166667,0.75,2.66,0.631899,0.181115,0.5
alpha075_rho025_Lc0p5,0.75,0.25,0.5,0.166667,0.75,2.67,0.632683,0.180923,0.5
alpha075_rho025_Lc0p5,0.75,0.25,0.5,0.166667,0.75,2.68,0.633463,0.180735,0.5
alpha075_rho025_Lc0p5,0.75,0.25,0.5,0.166667,0.75,2.69,0.634237,0.180548,0.5
alpha075_rho025_Lc0p5,0.75,0.25,0.5,0.166667,0.75,2.7,0.635006,0.180364,0.5
alpha075_rho025_Lc0p5,0.75,0.25,0.5,0.166667,0.75,2.71,0.63577,0.180183,0.5
alpha075_rho025_Lc0p5,0.75,0.25,0.5,0.166667,0.75,2.72,0.636529,0.180004,0.5
alpha075_rho025_Lc0p5,0.75,0.25,0.5,0.166667,0.75,2.73,0.637283,0.179827,0.5
alpha075_rho025_Lc0p5,0.75,0.25,0.5,0.166667,0.75,2.74,0.638032,0.179653,0.5
alpha075_rho025_Lc0p5,0.75,0.25,0.5,0.166667,0.75,2.75,0.638776,0.179481,0.5
alpha075_rho025_Lc0p5,0.75,0.25,0.5,0.166667,0.75,2.76,0.639515,0.179311,0.5
alpha075_rho025_Lc0p5,0.75,0.25,0.5,0.166667,0.75,2.77,0.640249,0.179144,0.5
alpha075_rho025_Lc0p5,0.75,0.25,0.5,0.166667,0.75,2.78,0.640979,0.178979,0.5
alpha075_rho025_Lc0p5,0.75,0.25,0.5,0.166667,0.75,2.79,0.641703,0.178815,0.5
alpha075_rho025_Lc0p5,0.75,0.25,0.5,0.166667,0.75,2.8,0.642423,0.178655,0.5
alpha075_rho025_Lc0p5,0.75,0.25,0.5,0.166667,0.75,2.81,0.643137,0.178496,0.5
alpha075_rho025_Lc0p5,0.75,0.25,0.5,0.166667,0.75,2.82,0.643847,0.178339,0.5
alpha075_rho025_Lc0p5,0.75,0.25,0.5,0.166667,0.75,2.83,0.644553,0.178185,0.5
alpha075_rho025_Lc0p5,0.75,0.25,0.5,0.166667,0.75,2.84,0.645253,0.178032,0.5
alpha075_rho025_Lc0p5,0.75,0.25,0.5,0.166667,0.75,2.85,0.645949,0.177881,0.5
alpha075_rho025_Lc0p5,0.75,0.25,0.5,0.166667,0.75,2.86,0.646641,0.177733,0.5
alpha075_rho025_Lc0p5,0.75,0.25,0.5,0.166667,0.75,2.87,0.647328,0.177586,0.5
alpha075_rho025_Lc0p5,0.75,0.25,0.5,0.166667,0.75,2.88,0.64801,0.177442,0.5
alpha075_rho025_Lc0p5,0.75,0.25,0.5,0.166667,0.75,2.89,0.648687,0.177299,0.5
alpha075_rho025_Lc0p5,0.75,0.25,0.5,0.166667,0.75,2.9,0.649361,0.177158,0.5
alpha075_rho025_Lc0p5,0.75,0.25,0.5,0.166667,0.75,2.91,0.650029,0.177019,0.5
alpha075_rho025_Lc0p5,0.75,0.25,0.5,0.166667,0.75,2.92,0.650694,0.176882,0.5
alpha075_rho025_Lc0p5,0.75,0.25,0.5,0.166667,0.75,2.93,0.651353,0.176747,0.5
alpha075_rho025_Lc0p5,0.75,0.25,0.5,0.166667,0.75,2.94,0.652009,0.176613,0.5
alpha075_rho025_Lc0p5,0.75,0.25,0.5,0.166667,0.75,2.95,0.65266,0.176482,0.5
alpha075_rho025_Lc0p5,0.75,0.25,0.5,0.166667,0.75,2.96,0.653307,0.176352,0.5
alpha075_rho025_Lc0p5,0.75,0.25,0.5,0.166667,0.75,2.97,0.653949,0.176223,0.5
alpha075_rho025_Lc0p5,0.75,0.25,0.5,0.166667,0.75,2.98,0.654587,0.176097,0.5
alpha075_rho025_Lc0p5,0.75,0.25,0.5,0.166667,0.75,2.99,0.655221,0.175972,0.5
alpha075_rho025_Lc0p5,0.75,0.25,0.5,0.166667,0.75,3,0.655851,0.175849,0.5
alpha075_rho025_Lc0p5,0.75,0.25,0.5,0.166667,0.75,3.01,0.656477,0.175727,0.5
alpha075_rho025_Lc0p5,0.75,0.25,0.5,0.166667,0.75,3.02,0.657098,0.175607,0.5
alpha075_rho025_Lc0p5,0.75,0.25,0.5,0.166667,0.75,3.03,0.657715,0.175489,0.5
alpha075_rho025_Lc0p5,0.75,0.25,0.5,0.166667,0.75,3.04,0.658329,0.175372,0.5
alpha075_rho025_Lc0p5,0.75,0.25,0.5,0.166667,0.75,3.05,0.658938,0.175256,0.5
alpha075_rho025_Lc0p5,0.75,0.25,0.5,0.166667,0.75,3.06,0.659543,0.175143,0.5
alpha075_rho025_Lc0p5,0.75,0.25,0.5,0.166667,0.75,3.07,0.660144,0.17503,0.5
alpha075_rho025_Lc0p5,0.75,0.25,0.5,0.166667,0.75,3.08,0.660741,0.17492,0.5
alpha075_rho025_Lc0p5,0.75,0.25,0.5,0.166667,0.75,3.09,0.661334,0.17481,0.5
alpha075_rho025_Lc0p5,0.75,0.25,0.5,0.166667,0.75,3.1,0.661923,0.174702,0.5
alpha075_rho025_Lc0p5,0.75,0.25,0.5,0.166667,0.75,3.11,0.662508,0.174596,0.5
alpha075_rho025_Lc0p5,0.75,0.25,0.5,0.166667,0.75,3.12,0.66309,0.174491,0.5
alpha075_rho025_Lc0p5,0.75,0.25,0.5,0.166667,0.75,3.13,0.663667,0.174387,0.5
alpha075_rho025_Lc0p5,0.75,0.25,0.5,0.166667,0.75,3.14,0.664241,0.174285,0.5
alpha075_rho025_Lc0p5,0.75,0.25,0.5,0.166667,0.75,3.15,0.664811,0.174184,0.5
alpha075_rho025_Lc0p5,0.75,0.25,0.5,0.166667,0.75,3.16,0.665377,0.174085,0.5
alpha075_rho025_Lc0p5,0.75,0.25,0.5,0.166667,0.75,3.17,0.665939,0.173986,0.5
alpha075_rho025_Lc0p5,0.75,0.25,0.5,0.166667,0.75,3.18,0.666497,0.173889,0.5
alpha075_rho025_Lc0p5,0.75,0.25,0.5,0.166667,0.75,3.19,0.667052,0.173794,0.5
alpha075_rho025_Lc0p5,0.75,0.25,0.5,0.166667,0.75,3.2,0.667603,0.173699,0.5
alpha075_rho025_Lc0p5,0.75,0.25,0.5,0.166667,0.75,3.21,0.668151,0.173606,0.5
alpha075_rho025_Lc0p5,0.75,0.25,0.5,0.166667,0.75,3.22,0.668695,0.173514,0.5
alpha075_rho025_Lc0p5,0.75,0.25,0.5,0.166667,0.75,3.23,0.669235,0.173424,0.5
alpha075_rho025_Lc0p5,0.75,0.25,0.5,0.166667,0.75,3.24,0.669772,0.173334,0.5
alpha075_rho025_Lc0p5,0.75,0.25,0.5,0.166667,0.75,3.25,0.670305,0.173246,0.5
alpha075_rho025_Lc0p5,0.75,0.25,0.5,0.166667,0.75,3.26,0.670834,0.173159,0.5
alpha075_rho025_Lc0p5,0.75,0.25,0.5,0.166667,0.75,3.27,0.67136,0.173073,0.5
alpha075_rho025_Lc0p5,0.75,0.25,0.5,0.166667,0.75,3.28,0.671883,0.172988,0.5
alpha075_rho025_Lc0p5,0.75,0.25,0.5,0.166667,0.75,3.29,0.672402,0.172904,0.5
alpha075_rho025_Lc0p5,0.75,0.25,0.5,0.166667,0.75,3.3,0.672917,0.172821,0.5
alpha075_rho025_Lc0p5,0.75,0.25,0.5,0.166667,0.75,3.31,0.67343,0.17274,0.5
alpha075_rho025_Lc0p5,0.75,0.25,0.5,0.166667,0.75,3.32,0.673938,0.17266,0.5
alpha075_rho025_Lc0p5,0.75,0.25,0.5,0.166667,0.75,3.33,0.674444,0.17258,0.5
alpha075_rho025_Lc0p5,0.75,0.25,0.5,0.166667,0.75,3.34,0.674946,0.172502,0.5
alpha075_rho025_Lc0p5,0.75,0.25,0.5,0.166667,0.75,3.35,0.675444,0.172425,0.5
alpha075_rho025_Lc0p5,0.75,0.25,0.5,0.166667,0.75,3.36,0.67594,0.172348,0.5
alpha075_rho025_Lc0p5,0.75,0.25,0.5,0.166667,0.75,3.37,0.676432,0.172273,0.5
alpha075_rho025_Lc0p5,0.75,0.25,0.5,0.166667,0.75,3.38,0.676921,0.172199,0.5
alpha075_rho025_Lc0p5,0.75,0.25,0.5,0.166667,0.75,3.39,0.677406,0.172125,0.5
alpha075_rho025_Lc0p5,0.75,0.25,0.5,0.166667,0.75,3.4,0.677889,0.172053,0.5
alpha075_rho025_Lc0p5,0.75,0.25,0.5,0.166667,0.75,3.41,0.678368,0.171982,0.5
alpha075_rho025_Lc0p5,0.75,0.25,0.5,0.166667,0.75,3.42,0.678844,0.171911,0.5
alpha075_rho025_Lc0p5,0.75,0.25,0.5,0.166667,0.75,3.43,0.679317,0.171842,0.5
alpha075_rho025_Lc0p5,0.75,0.25,0.5,0.166667,0.75,3.44,0.679786,0.171773,0.5
alpha075_rho025_Lc0p5,0.75,0.25,0.5,0.166667,0.75,3.45,0.680253,0.171706,0.5
alpha075_rho025_Lc0p5,0.75,0.25,0.5,0.166667,0.75,3.46,0.680716,0.171639,0.5
alpha075_rho025_Lc0p5,0.75,0.25,0.5,0.166667,0.75,3.47,0.681177,0.171573,0.5
alpha075_rho025_Lc0p5,0.75,0.25,0.5,0.166667,0.75,3.48,0.681634,0.171508,0.5
alpha075_rho025_Lc0p5,0.75,0.25,0.5,0.166667,0.75,3.49,0.682088,0.171444,0.5
alpha075_rho025_Lc0p5,0.75,0.25,0.5,0.166667,0.75,3.5,0.682539,0.171381,0.5
alpha075_rho025_Lc0p5,0.75,0.25,0.5,0.166667,0.75,3.51,0.682988,0.171318,0.5
alpha075_rho025_Lc0p5,0.75,0.25,0.5,0.166667,0.75,3.52,0.683433,0.171257,0.5
alpha075_rho025_Lc0p5,0.75,0.25,0.5,0.166667,0.75,3.53,0.683875,0.171196,0.5
alpha075_rho025_Lc0p5,0.75,0.25,0.5,0.166667,0.75,3.54,0.684315,0.171136,0.5
alpha075_rho025_Lc0p5,0.75,0.25,0.5,0.166667,0.75,3.55,0.684751,0.171077,0.5
alpha075_rho025_Lc0p5,0.75,0.25,0.5,0.166667,0.75,3.56,0.685185,0.171018,0.5
alpha075_rho025_Lc0p5,0.75,0.25,0.5,0.166667,0.75,3.57,0.685615,0.170961,0.5
alpha075_rho025_Lc0p5,0.75,0.25,0.5,0.166667,0.75,3.58,0.686043,0.170904,0.5
alpha075_rho025_Lc0p5,0.75,0.25,0.5,0.166667,0.75,3.59,0.686468,0.170848,0.5
alpha075_rho025_Lc0p5,0.75,0.25,0.5,0.166667,0.75,3.6,0.68689,0.170792,0.5
alpha075_rho025_Lc0p5,0.75,0.25,0.5,0.166667,0.75,3.61,0.687309,0.170738,0.5
alpha075_rho025_Lc0p5,0.75,0.25,0.5,0.166667,0.75,3.62,0.687726,0.170684,0.5
alpha075_rho025_Lc0p5,0.75,0.25,0.5,0.166667,0.75,3.63,0.68814,0.170631,0.5
alpha075_rho025_Lc0p5,0.75,0.25,0.5,0.166667,0.75,3.64,0.688551,0.170578,0.5
alpha075_rho025_Lc0p5,0.75,0.25,0.5,0.166667,0.75,3.65,0.688959,0.170526,0.5
alpha075_rho025_Lc0p5,0.75,0.25,0.5,0.166667,0.75,3.66,0.689365,0.170475,0.5
alpha075_rho025_Lc0p5,0.75,0.25,0.5,0.166667,0.75,3.67,0.689768,0.170425,0.5
alpha075_rho025_Lc0p5,0.75,0.25,0.5,0.166667,0.75,3.68,0.690168,0.170375,0.5
alpha075_rho025_Lc0p5,0.75,0.25,0.5,0.166667,0.75,3.69,0.690565,0.170326,0.5
alpha075_rho025_Lc0p5,0.75,0.25,0.5,0.166667,0.75,3.7,0.69096,0.170277,0.5
alpha075_rho025_Lc0p5,0.75,0.25,0.5,0.166667,0.75,3.71,0.691353,0.17023,0.5
alpha075_rho025_Lc0p5,0.75,0.25,0.5,0.166667,0.75,3.72,0.691742,0.170182,0.5
alpha075_rho025_Lc0p5,0.75,0.25,0.5,0.166667,0.75,3.73,0.692129,0.170136,0.5
alpha075_rho025_Lc0p5,0.75,0.25,0.5,0.166667,0.75,3.74,0.692514,0.17009,0.5
alpha075_rho025_Lc0p5,0.75,0.25,0.5,0.166667,0.75,3.75,0.692896,0.170044,0.5
alpha075_rho025_Lc0p5,0.75,0.25,0.5,0.166667,0.75,3.76,0.693275,0.17,0.5
alpha075_rho025_Lc0p5,0.75,0.25,0.5,0.166667,0.75,3.77,0.693652,0.169956,0.5
alpha075_rho025_Lc0p5,0.75,0.25,0.5,0.166667,0.75,3.78,0.694027,0.169912,0.5
alpha075_rho025_Lc0p5,0.75,0.25,0.5,0.166667,0.75,3.79,0.694398,0.169869,0.5
alpha075_rho025_Lc0p5,0.75,0.25,0.5,0.166667,0.75,3.8,0.694768,0.169827,0.5
alpha075_rho025_Lc0p5,0.75,0.25,0.5,0.166667,0.75,3.81,0.695135,0.169785,0.5
alpha075_rho025_Lc0p5,0.75,0.25,0.5,0.166667,0.75,3.82,0.695499,0.169743,0.5
alpha075_rho025_Lc0p5,0.75,0.25,0.5,0.166667,0.75,3.83,0.695862,0.169703,0.5
alpha075_rho025_Lc0p5,0.75,0.25,0.5,0.166667,0.75,3.84,0.696221,0.169663,0.5
alpha075_rho025_Lc0p5,0.75,0.25,0.5,0.166667,0.75,3.85,0.696579,0.169623,0.5
alpha075_rho025_Lc0p5,0.75,0.25,0.5,0.166667,0.75,3.86,0.696934,0.169584,0.5
alpha075_rho025_Lc0p5,0.75,0.25,0.5,0.166667,0.75,3.87,0.697286,0.169545,0.5
alpha075_rho025_Lc0p5,0.75,0.25,0.5,0.166667,0.75,3.88,0.697636,0.169507,0.5
alpha075_rho025_Lc0p5,0.75,0.25,0.5,0.166667,0.75,3.89,0.697984,0.169469,0.5
alpha075_rho025_Lc0p5,0.75,0.25,0.5,0.166667,0.75,3.9,0.69833,0.169432,0.5
alpha075_rho025_Lc0p5,0.75,0.25,0.5,0.166667,0.75,3.91,0.698673,0.169396,0.5
alpha075_rho025_Lc0p5,0.75,0.25,0.5,0.166667,0.75,3.92,0.699014,0.169359,0.5
alpha075_rho025_Lc0p5,0.75,0.25,0.5,0.166667,0.75,3.93,0.699353,0.169324,0.5
alpha075_rho025_Lc0p5,0.75,0.25,0.5,0.166667,0.75,3.94,0.69969,0.169289,0.5
alpha075_rho025_Lc0p5,0.75,0.25,0.5,0.166667,0.75,3.95,0.700024,0.169254,0.5
alpha075_rho025_Lc0p5,0.75,0.25,0.5,0.166667,0.75,3.96,0.700356,0.16922,0.5
alpha075_rho025_Lc0p5,0.75,0.25,0.5,0.166667,0.75,3.97,0.700686,0.169186,0.5
alpha075_rho025_Lc0p5,0.75,0.25,0.5,0.166667,0.75,3.98,0.701014,0.169152,0.5
alpha075_rho025_Lc0p5,0.75,0.25,0.5,0.166667,0.75,3.99,0.701339,0.169119,0.5
alpha075_rho025_Lc0p5,0.75,0.25,0.5,0.166667,0.75,4,0.701662,0.169087,0.5
alpha075_rho025_Lc0p5,0.75,0.25,0.5,0.166667,0.75,4.01,0.701984,0.169055,0.5
alpha075_rho025_Lc0p5,0.75,0.25,0.5,0.166667,0.75,4.02,0.702303,0.169023,0.5
alpha075_rho025_Lc0p5,0.75,0.25,0.5,0.166667,0.75,4.03,0.702619,0.168992,0.5
alpha075_rho025_Lc0p5,0.75,0.25,0.5,0.166667,0.75,4.04,0.702934,0.168961,0.5
alpha075_rho025_Lc0p5,0.75,0.25,0.5,0.166667,0.75,4.05,0.703247,0.168931,0.5
alpha075_rho025_Lc0p5,0.75,0.25,0.5,0.166667,0.75,4.06,0.703558,0.168901,0.5
alpha075_rho025_Lc0p5,0.75,0.25,0.5,0.166667,0.75,4.07,0.703866,0.168871,0.5
alpha075_rho025_Lc0p5,0.75,0.25,0.5,0.166667,0.75,4.08,0.704173,0.168842,0.5
alpha075_rho025_Lc0p5,0.75,0.25,0.5,0.166667,0.75,4.09,0.704477,0.168813,0.5
alpha075_rho025_Lc0p5,0.75,0.25,0.5,0.166667,0.75,4.1,0.70478,0.168785,0.5
alpha075_rho025_Lc0p5,0.75,0.25,0.5,0.166667,0.75,4.11,0.70508,0.168757,0.5
alpha075_rho025_Lc0p5,0.75,0.25,0.5,0.166667,0.75,4.12,0.705379,0.168729,0.5
alpha075_rho025_Lc0p5,0.75,0.25,0.5,0.166667,0.75,4.13,0.705675,0.168702,0.5
alpha075_rho025_Lc0p5,0.75,0.25,0.5,0.166667,0.75,4.14,0.70597,0.168675,0.5
alpha075_rho025_Lc0p5,0.75,0.25,0.5,0.166667,0.75,4.15,0.706262,0.168648,0.5
alpha075_rho025_Lc0p5,0.75,0.25,0.5,0.166667,0.75,4.16,0.706553,0.168622,0.5
alpha075_rho025_Lc0p5,0.75,0.25,0.5,0.166667,0.75,4.17,0.706842,0.168596,0.5
alpha075_rho025_Lc0p5,0.75,0.25,0.5,0.166667,0.75,4.18,0.707128,0.168571,0.5
alpha075_rho025_Lc0p5,0.75,0.25,0.5,0.166667,0.75,4.19,0.707413,0.168545,0.5
alpha075_rho025_Lc0p5,0.75,0.25,0.5,0.166667,0.75,4.2,0.707696,0.16852,0.5
alpha075_rho025_Lc0p5,0.75,0.25,0.5,0.166667,0.75,4.21,0.707977,0.168496,0.5
alpha075_rho025_Lc0p5,0.75,0.25,0.5,0.166667,0.75,4.22,0.708256,0.168472,0.5
alpha075_rho025_Lc0p5,0.75,0.25,0.5,0.166667,0.75,4.23,0.708534,0.168448,0.5
alpha075_rho025_Lc0p5,0.75,0.25,0.5,0.166667,0.75,4.24,0.708809,0.168424,0.5
alpha075_rho025_Lc0p5,0.75,0.25,0.5,0.166667,0.75,4.25,0.709083,0.168401,0.5
alpha075_rho025_Lc0p5,0.75,0.25,0.5,0.166667,0.75,4.26,0.709355,0.168378,0.5
alpha075_rho025_Lc0p5,0.75,0.25,0.5,0.166667,0.75,4.27,0.709625,0.168355,0.5
alpha075_rho025_Lc0p5,0.75,0.25,0.5,0.166667,0.75,4.28,0.709893,0.168333,0.5
alpha075_rho025_Lc0p5,0.75,0.25,0.5,0.166667,0.75,4.29,0.71016,0.168311,0.5
alpha075_rho025_Lc0p5,0.75,0.25,0.5,0.166667,0.75,4.3,0.710424,0.168289,0.5
alpha075_rho025_Lc0p5,0.75,0.25,0.5,0.166667,0.75,4.31,0.710687,0.168268,0.5
alpha075_rho025_Lc0p5,0.75,0.25,0.5,0.166667,0.75,4.32,0.710949,0.168246,0.5
alpha075_rho025_Lc0p5,0.75,0.25,0.5,0.166667,0.75,4.33,0.711208,0.168225,0.5
alpha075_rho025_Lc0p5,0.75,0.25,0.5,0.166667,0.75,4.34,0.711466,0.168205,0.5
alpha075_rho025_Lc0p5,0.75,0.25,0.5,0.166667,0.75,4.35,0.711722,0.168184,0.5
alpha075_rho025_Lc0p5,0.75,0.25,0.5,0.166667,0.75,4.36,0.711976,0.168164,0.5
alpha075_rho025_Lc0p5,0.75,0.25,0.5,0.166667,0.75,4.37,0.712229,0.168144,0.5
alpha075_rho025_Lc0p5,0.75,0.25,0.5,0.166667,0.75,4.38,0.71248,0.168125,0.5
alpha075_rho025_Lc0p5,0.75,0.25,0.5,0.166667,0.75,4.39,0.712729,0.168106,0.5
alpha075_rho025_Lc0p5,0.75,0.25,0.5,0.166667,0.75,4.4,0.712977,0.168087,0.5
alpha075_rho025_Lc0p5,0.75,0.25,0.5,0.166667,0.75,4.41,0.713223,0.168068,0.5
alpha075_rho025_Lc0p5,0.75,0.25,0.5,0.166667,0.75,4.42,0.713467,0.168049,0.5
alpha075_rho025_Lc0p5,0.75,0.25,0.5,0.166667,0.75,4.43,0.71371,0.168031,0.5
alpha075_rho025_Lc0p5,0.75,0.25,0.5,0.166667,0.75,4.44,0.713951,0.168013,0.5
alpha075_rho025_Lc0p5,0.75,0.25,0.5,0.166667,0.75,4.45,0.714191,0.167995,0.5
alpha075_rho025_Lc0p5,0.75,0.25,0.5,0.166667,0.75,4.46,0.714429,0.167977,0.5
alpha075_rho025_Lc0p5,0.75,0.25,0.5,0.166667,0.75,4.47,0.714665,0.16796,0.5
alpha075_rho025_Lc0p5,0.75,0.25,0.5,0.166667,0.75,4.48,0.7149,0.167943,0.5
alpha075_rho025_Lc0p5,0.75,0.25,0.5,0.166667,0.75,4.49,0.715133,0.167926,0.5
alpha075_rho025_Lc0p5,0.75,0.25,0.5,0.166667,0.75,4.5,0.715365,0.167909,0.5
alpha075_rho025_Lc0p5,0.75,0.25,0.5,0.166667,0.75,4.51,0.715595,0.167893,0.5
alpha075_rho025_Lc0p5,0.75,0.25,0.5,0.166667,0.75,4.52,0.715823,0.167877,0.5
alpha075_rho025_Lc0p5,0.75,0.25,0.5,0.166667,0.75,4.53,0.71605,0.167861,0.5
alpha075_rho025_Lc0p5,0.75,0.25,0.5,0.166667,0.75,4.54,0.716276,0.167845,0.5
alpha075_rho025_Lc0p5,0.75,0.25,0.5,0.166667,0.75,4.55,0.7165,0.167829,0.5
alpha075_rho025_Lc0p5,0.75,0.25,0.5,0.166667,0.75,4.56,0.716723,0.167814,0.5
alpha075_rho025_Lc0p5,0.75,0.25,0.5,0.166667,0.75,4.57,0.716944,0.167799,0.5
alpha075_rho025_Lc0p5,0.75,0.25,0.5,0.166667,0.75,4.58,0.717163,0.167784,0.5
alpha075_rho025_Lc0p5,0.75,0.25,0.5,0.166667,0.75,4.59,0.717382,0.167769,0.5
alpha075_rho025_Lc0p5,0.75,0.25,0.5,0.166667,0.75,4.6,0.717598,0.167754,0.5
alpha075_rho025_Lc0p5,0.75,0.25,0.5,0.166667,0.75,4.61,0.717814,0.16774,0.5
alpha075_rho025_Lc0p5,0.75,0.25,0.5,0.166667,0.75,4.62,0.718027,0.167726,0.5
alpha075_rho025_Lc0p5,0.75,0.25,0.5,0.166667,0.75,4.63,0.71824,0.167712,0.5
alpha075_rho025_Lc0p5,0.75,0.25,0.5,0.166667,0.75,4.64,0.718451,0.167698,0.5
alpha075_rho025_Lc0p5,0.75,0.25,0.5,0.166667,0.75,4.65,0.718661,0.167684,0.5
alpha075_rho025_Lc0p5,0.75,0.25,0.5,0.166667,0.75,4.66,0.718869,0.167671,0.5
alpha075_rho025_Lc0p5,0.75,0.25,0.5,0.166667,0.75,4.67,0.719076,0.167657,0.5
alpha075_rho025_Lc0p5,0.75,0.25,0.5,0.166667,0.75,4.68,0.719281,0.167644,0.5
alpha075_rho025_Lc0p5,0.75,0.25,0.5,0.166667,0.75,4.69,0.719485,0.167631,0.5
alpha075_rho025_Lc0p5,0.75,0.25,0.5,0.166667,0.75,4.7,0.719688,0.167618,0.5
alpha075_rho025_Lc0p5,0.75,0.25,0.5,0.166667,0.75,4.71,0.719889,0.167606,0.5
alpha075_rho025_Lc0p5,0.75,0.25,0.5,0.166667,0.75,4.72,0.720089,0.167593,0.5
alpha075_rho025_Lc0p5,0.75,0.25,0.5,0.166667,0.75,4.73,0.720288,0.167581,0.5
alpha075_rho025_Lc0p5,0.75,0.25,0.5,0.166667,0.75,4.74,0.720486,0.167569,0.5
alpha075_rho025_Lc0p5,0.75,0.25,0.5,0.166667,0.75,4.75,0.720682,0.167557,0.5
alpha075_rho025_Lc0p5,0.75,0.25,0.5,0.166667,0.75,4.76,0.720877,0.167545,0.5
alpha075_rho025_Lc0p5,0.75,0.25,0.5,0.166667,0.75,4.77,0.72107,0.167534,0.5
alpha075_rho025_Lc0p5,0.75,0.25,0.5,0.166667,0.75,4.78,0.721262,0.167522,0.5
alpha075_rho025_Lc0p5,0.75,0.25,0.5,0.166667,0.75,4.79,0.721453,0.167511,0.5
alpha075_rho025_Lc0p5,0.75,0.25,0.5,0.166667,0.75,4.8,0.721643,0.1675,0.5
alpha075_rho025_Lc0p5,0.75,0.25,0.5,0.166667,0.75,4.81,0.721831,0.167489,0.5
alpha075_rho025_Lc0p5,0.75,0.25,0.5,0.166667,0.75,4.82,0.722018,0.167478,0.5
alpha075_rho025_Lc0p5,0.75,0.25,0.5,0.166667,0.75,4.83,0.722204,0.167467,0.5
alpha075_rho025_Lc0p5,0.75,0.25,0.5,0.166667,0.75,4.84,0.722389,0.167456,0.5
alpha075_rho025_Lc0p5,0.75,0.25,0.5,0.166667,0.75,4.85,0.722573,0.167446,0.5
alpha075_rho025_Lc0p5,0.75,0.25,0.5,0.166667,0.75,4.86,0.722755,0.167436,0.5
alpha075_rho025_Lc0p5,0.75,0.25,0.5,0.166667,0.75,4.87,0.722936,0.167425,0.5
alpha075_rho025_Lc0p5,0.75,0.25,0.5,0.166667,0.75,4.88,0.723116,0.167415,0.5
alpha075_rho025_Lc0p5,0.75,0.25,0.5,0.166667,0.75,4.89,0.723294,0.167405,0.5
alpha075_rho025_Lc0p5,0.75,0.25,0.5,0.166667,0.75,4.9,0.723472,0.167396,0.5
alpha075_rho025_Lc0p5,0.75,0.25,0.5,0.166667,0.75,4.91,0.723648,0.167386,0.5
alpha075_rho025_Lc0p5,0.75,0.25,0.5,0.166667,0.75,4.92,0.723823,0.167376,0.5
alpha075_rho025_Lc0p5,0.75,0.25,0.5,0.166667,0.75,4.93,0.723997,0.167367,0.5
alpha075_rho025_Lc0p5,0.75,0.25,0.5,0.166667,0.75,4.94,0.72417,0.167358,0.5
alpha075_rho025_Lc0p5,0.75,0.25,0.5,0.166667,0.75,4.95,0.724341,0.167349,0.5
alpha075_rho025_Lc0p5,0.75,0.25,0.5,0.166667,0.75,4.96,0.724512,0.16734,0.5
alpha075_rho025_Lc0p5,0.75,0.25,0.5,0.166667,0.75,4.97,0.724681,0.167331,0.5
alpha075_rho025_Lc0p5,0.75,0.25,0.5,0.166667,0.75,4.98,0.724849,0.167322,0.5
alpha075_rho025_Lc0p5,0.75,0.25,0.5,0.166667,0.75,4.99,0.725017,0.167313,0.5
alpha075_rho025_Lc0p5,0.75,0.25,0.5,0.166667,0.75,5,0.725183,0.167305,0.5
alpha075_rho025_Lc1,0.75,0.25,1,0.333333,0.75,0,0,1,0.5
alpha075_rho025_Lc1,0.75,0.25,1,0.333333,0.75,0.01,0.0101739,0.921463,0.5
alpha075_rho025_Lc1,0.75,0.25,1,0.333333,0.75,0.02,0.02067,0.855658,0.5
alpha075_rho025_Lc1,0.75,0.25,1,0.333333,0.75,0.03,0.0314478,0.800284,0.5
alpha075_rho025_Lc1,0.75,0.25,1,0.333333,0.75,0.04,0.0424641,0.75346,0.5
alpha075_rho025_Lc1,0.75,0.25,1,0.333333,0.75,0.05,0.0536743,0.713644,0.5
alpha075_rho025_Lc1,0.75,0.25,1,0.333333,0.75,0.06,0.0650335,0.679578,0.5
alpha075_rho025_Lc1,0.75,0.25,1,0.333333,0.75,0.07,0.0764966,0.650233,0.5
alpha075_rho025_Lc1,0.75,0.25,1,0.333333,0.75,0.08,0.0880196,0.624768,0.5
alpha075_rho025_Lc1,0.75,0.25,1,0.333333,0.75,0.09,0.0995605,0.602495,0.5
alpha075_rho025_Lc1,0.75,0.25,1,0.333333,0.75,0.1,0.111079,0.582853,0.5
alpha075_rho025_Lc1,0.75,0.25,1,0.333333,0.75,0.11,0.122539,0.565384,0.5
alpha075_rho025_Lc1,0.75,0.25,1,0.333333,0.75,0.12,0.133907,0.549714,0.5
alpha075_rho025_Lc1,0.75,0.25,1,0.333333,0.75,0.13,0.145151,0.535537,0.5
alpha075_rho025_Lc1,0.75,0.25,1,0.333333,0.75,0.14,0.156246,0.522604,0.5
alpha075_rho025_Lc1,0.75,0.25,1,0.333333,0.75,0.15,0.167168,0.510713,0.5
alpha075_rho025_Lc1,0.75,0.25,1,0.333333,0.75,0.16,0.177898,0.499696,0.5
alpha075_rho025_Lc1,0.75,0.25,1,0.333333,0.75,0.17,0.188421,0.489418,0.5
alpha075_rho025_Lc1,0.75,0.25,1,0.333333,0.75,0.18,0.198723,0.47977,0.5
alpha075_rho025_Lc1,0.75,0.25,1,0.333333,0.75,0.19,0.208796,0.470662,0.5
alpha075_rho025_Lc1,0.75,0.25,1,0.333333,0.75,0.2,0.218632,0.462018,0.5
alpha075_rho025_Lc1,0.75,0.25,1,0.333333,0.75,0.21,0.228228,0.45378,0.5
alpha075_rho025_Lc1,0.75,0.25,1,0.333333,0.75,0.22,0.237582,0.445899,0.5
alpha075_rho025_Lc1,0.75,0.25,1,0.333333,0.75,0.23,0.246693,0.438333,0.5
alpha075_rho025_Lc1,0.75,0.25,1,0.333333,0.75,0.24,0.255564,0.43105,0.5
alpha075_rho025_Lc1,0.75,0.25,1,0.333333,0.75,0.25,0.264197,0.424023,0.5
alpha075_rho025_Lc1,0.75,0.25,1,0.333333,0.75,0.26,0.272597,0.417229,0.5
alpha075_rho025_Lc1,0.75,0.25,1,0.333333,0.75,0.27,0.280769,0.41065,0.5
alpha075_rho025_Lc1,0.75,0.25,1,0.333333,0.75,0.28,0.288719,0.40427,0.5
alpha075_rho025_Lc1,0.75,0.25,1,0.333333,0.75,0.29,0.296453,0.398076,0.5
alpha075_rho025_Lc1,0.75,0.25,1,0.333333,0.75,0.3,0.303979,0.392057,0.5
alpha075_rho025_Lc1,0.75,0.25,1,0.333333,0.75,0.31,0.311303,0.386205,0.5
alpha075_rho025_Lc1,0.75,0.25,1,0.333333,0.75,0.32,0.318433,0.380511,0.5
alpha075_rho025_Lc1,0.75,0.25,1,0.333333,0.75,0.33,0.325377,0.374968,0.5
alpha075_rho025_Lc1,0.75,0.25,1,0.333333,0.75,0.34,0.332141,0.36957,0.5
alpha075_rho025_Lc1,0.75,0.25,1,0.333333,0.75,0.35,0.338732,0.364313,0.5
alpha075_rho025_Lc1,0.75,0.25,1,0.333333,0.75,0.36,0.345159,0.359191,0.5
alpha075_rho025_Lc1,0.75,0.25,1,0.333333,0.75,0.37,0.351427,0.3542,0.5
alpha075_rho025_Lc1,0.75,0.25,1,0.333333,0.75,0.38,0.357544,0.349336,0.5
alpha075_rho025_Lc1,0.75,0.25,1,0.333333,0.75,0.39,0.363516,0.344596,0.5
alpha075_rho025_Lc1,0.75,0.25,1,0.333333,0.75,0.4,0.369349,0.339976,0.5
alpha075_rho025_Lc1,0.75,0.25,1,0.333333,0.75,0.41,0.375049,0.335473,0.5
alpha075_rho025_Lc1,0.75,0.25,1,0.333333,0.75,0.42,0.380621,0.331085,0.5
alpha075_rho025_Lc1,0.75,0.25,1,0.333333,0.75,0.43,0.386072,0.326807,0.5
alpha075_rho025_Lc1,0.75,0.25,1,0.333333,0.75,0.44,0.391406,0.322638,0.5
alpha075_rho025_Lc1,0.75,0.25,1,0.333333,0.75,0.45,0.396628,0.318575,0.5
alpha075_rho025_Lc1,0.75,0.25,1,0.333333,0.75,0.46,0.401743,0.314616,0.5
alpha075_rho025_Lc1,0.75,0.25,1,0.333333,0.75,0.47,0.406754,0.310757,0.5
alpha075_rho025_Lc1,0.75,0.25,1,0.333333,0.75,0.48,0.411666,0.306996,0.5
alpha075_rho025_Lc1,0.75,0.25,1,0.333333,0.75,0.49,0.416483,0.303332,0.5
alpha075_rho025_Lc1,0.75,0.25,1,0.333333,0.75,0.5,0.421209,0.299761,0.5
alpha075_rho025_Lc1,0.75,0.25,1,0.333333,0.75,0.51,0.425846,0.296282,0.5
alpha075_rho025_Lc1,0.75,0.25,1,0.333333,0.75,0.52,0.430398,0.292893,0.5
alpha075_rho025_Lc1,0.75,0.25,1,0.333333,0.75,0.53,0.434868,0.28959,0.5
alpha075_rho025_Lc1,0.75,0.25,1,0.333333,0.75,0.54,0.439259,0.286373,0.5
alpha075_rho025_Lc1,0.75,0.25,1,0.333333,0.75,0.55,0.443574,0.283238,0.5
alpha075_rho025_Lc1,0.75,0.25,1,0.333333,0.75,0.56,0.447814,0.280185,0.5
alpha075_rho025_Lc1,0.75,0.25,1,0.333333,0.75,0.57,0.451983,0.27721,0.5
alpha075_rho025_Lc1,0.75,0.25,1,0.333333,0.75,0.58,0.456082,0.274313,0.5
alpha075_rho025_Lc1,0.75,0.25,1,0.333333,0.75,0.59,0.460115,0.27149,0.5
alpha075_rho025_Lc1,0.75,0.25,1,0.333333,0.75,0.6,0.464081,0.268741,0.5
alpha075_rho025_Lc1,0.75,0.25,1,0.333333,0.75,0.61,0.467985,0.266063,0.5
alpha075_rho025_Lc1,0.75,0.25,1,0.333333,0.75,0.62,0.471826,0.263455,0.5
alpha075_rho025_Lc1,0.75,0.25,1,0.333333,0.75,0.63,0.475608,0.260915,0.5
alpha075_rho025_Lc1,0.75,0.25,1,0.333333,0.75,0.64,0.479331,0.25844,0.5
alpha075_rho025_Lc1,0.75,0.25,1,0.333333,0.75,0.65,0.482997,0.256031,0.5
alpha075_rho025_Lc1,0.75,0.25,1,0.333333,0.75,0.66,0.486607,0.253684,0.5
alpha075_rho025_Lc1,0.75,0.25,1,0.333333,0.75,0.67,0.490163,0.251399,0.5
alpha075_rho025_Lc1,0.75,0.25,1,0.333333,0.75,0.68,0.493666,0.249173,0.5
alpha075_rho025_Lc1,0.75,0.25,1,0.333333,0.75,0.69,0.497117,0.247005,0.5
alpha075_rho025_Lc1,0.75,0.25,1,0.333333,0.75,0.7,0.500518,0.244894,0.5
alpha075_rho025_Lc1,0.75,0.25,1,0.333333,0.75,0.71,0.503869,0.242838,0.5
alpha075_rho025_Lc1,0.75,0.25,1,0.333333,0.75,0.72,0.507172,0.240837,0.5
alpha075_rho025_Lc1,0.75,0.25,1,0.333333,0.75,0.73,0.510427,0.238887,0.5
alpha075_rho025_Lc1,0.75,0.25,1,0.333333,0.75,0.74,0.513636,0.236989,0.5
alpha075_rho025_Lc1,0.75,0.25,1,0.333333,0.75,0.75,0.516799,0.23514,0.5
alpha075_rho025_Lc1,0.75,0.25,1,0.333333,0.75,0.76,0.519917,0.23334,0.5
alpha075_rho025_Lc1,0.75,0.25,1,0.333333,0.75,0.77,0.522991,0.231587,0.5
alpha075_rho025_Lc1,0.75,0.25,1,0.333333,0.75,0.78,0.526022,0.22988,0.5
alpha075_rho025_Lc1,0.75,0.25,1,0.333333,0.75,0.79,0.529011,0.228217,0.5
alpha075_rho025_Lc1,0.75,0.25,1,0.333333,0.75,0.8,0.531959,0.226599,0.5
alpha075_rho025_Lc1,0.75,0.25,1,0.333333,0.75,0.81,0.534865,0.225023,0.5
alpha075_rho025_Lc1,0.75,0.25,1,0.333333,0.75,0.82,0.537731,0.223488,0.5
alpha075_rho025_Lc1,0.75,0.25,1,0.333333,0.75,0.83,0.540558,0.221993,0.5
alpha075_rho025_Lc1,0.75,0.25,1,0.333333,0.75,0.84,0.543346,0.220538,0.5
alpha075_rho025_Lc1,0.75,0.25,1,0.333333,0.75,0.85,0.546096,0.219121,0.5
alpha075_rho025_Lc1,0.75,0.25,1,0.333333,0.75,0.86,0.548808,0.217741,0.5
alpha075_rho025_Lc1,0.75,0.25,1,0.333333,0.75,0.87,0.551484,0.216398,0.5
alpha075_rho025_Lc1,0.75,0.25,1,0.333333,0.75,0.88,0.554123,0.21509,0.5
alpha075_rho025_Lc1,0.75,0.25,1,0.333333,0.75,0.89,0.556726,0.213816,0.5
alpha075_rho025_Lc1,0.75,0.25,1,0.333333,0.75,0.9,0.559294,0.212575,0.5
alpha075_rho025_Lc1,0.75,0.25,1,0.333333,0.75,0.91,0.561827,0.211368,0.5
alpha075_rho025_Lc1,0.75,0.25,1,0.333333,0.75,0.92,0.564326,0.210192,0.5
alpha075_rho025_Lc1,0.75,0.25,1,0.333333,0.75,0.93,0.566791,0.209047,0.5
alpha075_rho025_Lc1,0.75,0.25,1,0.333333,0.75,0.94,0.569223,0.207932,0.5
alpha075_rho025_Lc1,0.75,0.25,1,0.333333,0.75,0.95,0.571622,0.206846,0.5
alpha075_rho025_Lc1,0.75,0.25,1,0.333333,0.75,0.96,0.573989,0.205789,0.5
alpha075_rho025_Lc1,0.75,0.25,1,0.333333,0.75,0.97,0.576325,0.204759,0.5
alpha075_rho025_Lc1,0.75,0.25,1,0.333333,0.75,0.98,0.578629,0.203757,0.5
alpha075_rho025_Lc1,0.75,0.25,1,0.333333,0.75,0.99,0.580902,0.202781,0.5
alpha075_rho025_Lc1,0.75,0.25,1,0.333333,0.75,1,0.583145,0.201831,0.5
alpha075_rho025_Lc1,0.75,0.25,1,0.333333,0.75,1.01,0.585358,0.200906,0.5
alpha075_rho025_Lc1,0.75,0.25,1,0.333333,0.75,1.02,0.587541,0.200005,0.5
alpha075_rho025_Lc1,0.75,0.25,1,0.333333,0.75,1.03,0.589695,0.199128,0.5
alpha075_rho025_Lc1,0.75,0.25,1,0.333333,0.75,1.04,0.59182,0.198274,0.5
alpha075_rho025_Lc1,0.75,0.25,1,0.333333,0.75,1.05,0.593917,0.197442,0.5
alpha075_rho025_Lc1,0.75,0.25,1,0.333333,0.75,1.06,0.595986,0.196632,0.5
alpha075_rho025_Lc1,0.75,0.25,1,0.333333,0.75,1.07,0.598028,0.195844,0.5
alpha075_rho025_Lc1,0.75,0.25,1,0.333333,0.75,1.08,0.600042,0.195076,0.5
alpha075_rho025_Lc1,0.75,0.25,1,0.333333,0.75,1.09,0.60203,0.194329,0.5
alpha075_rho025_Lc1,0.75,0.25,1,0.333333,0.75,1.1,0.603991,0.193601,0.5
alpha075_rho025_Lc1,0.75,0.25,1,0.333333,0.75,1.11,0.605926,0.192892,0.5
alpha075_rho025_Lc1,0.75,0.25,1,0.333333,0.75,1.12,0.607835,0.192202,0.5
alpha075_rho025_Lc1,0.75,0.25,1,0.333333,0.75,1.13,0.609719,0.19153,0.5
alpha075_rho025_Lc1,0.75,0.25,1,0.333333,0.75,1.14,0.611577,0.190876,0.5
alpha075_rho025_Lc1,0.75,0.25,1,0.333333,0.75,1.15,0.613412,0.190239,0.5
alpha075_rho025_Lc1,0.75,0.25,1,0.333333,0.75,1.16,0.615221,0.189618,0.5
alpha075_rho025_Lc1,0.75,0.25,1,0.333333,0.75,1.17,0.617007,0.189014,0.5
alpha075_rho025_Lc1,0.75,0.25,1,0.333333,0.75,1.18,0.618769,0.188426,0.5
alpha075_rho025_Lc1,0.75,0.25,1,0.333333,0.75,1.19,0.620508,0.187854,0.5
alpha075_rho025_Lc1,0.75,0.25,1,0.333333,0.75,1.2,0.622223,0.187296,0.5
alpha075_rho025_Lc1,0.75,0.25,1,0.333333,0.75,1.21,0.623916,0.186754,0.5
alpha075_rho025_Lc1,0.75,0.25,1,0.333333,0.75,1.22,0.625586,0.186225,0.5
alpha075_rho025_Lc1,0.75,0.25,1,0.333333,0.75,1.23,0.627235,0.18571,0.5
alpha075_rho025_Lc1,0.75,0.25,1,0.333333,0.75,1.24,0.628861,0.185209,0.5
alpha075_rho025_Lc1,0.75,0.25,1,0.333333,0.75,1.25,0.630466,0.184721,0.5
alpha075_rho025_Lc1,0.75,0.25,1,0.333333,0.75,1.26,0.632049,0.184246,0.5
alpha075_rho025_Lc1,0.75,0.25,1,0.333333,0.75,1.27,0.633612,0.183784,0.5
alpha075_rho025_Lc1,0.75,0.25,1,0.333333,0.75,1.28,0.635153,0.183333,0.5
alpha075_rho025_Lc1,0.75,0.25,1,0.333333,0.75,1.29,0.636675,0.182895,0.5
alpha075_rho025_Lc1,0.75,0.25,1,0.333333,0.75,1.3,0.638176,0.182468,0.5
alpha075_rho025_Lc1,0.75,0.25,1,0.333333,0.75,1.31,0.639657,0.182052,0.5
alpha075_rho025_Lc1,0.75,0.25,1,0.333333,0.75,1.32,0.641119,0.181647,0.5
alpha075_rho025_Lc1,0.75,0.25,1,0.333333,0.75,1.33,0.642561,0.181253,0.5
alpha075_rho025_Lc1,0.75,0.25,1,0.333333,0.75,1.34,0.643984,0.180869,0.5
alpha075_rho025_Lc1,0.75,0.25,1,0.333333,0.75,1.35,0.645388,0.180495,0.5
alpha075_rho025_Lc1,0.75,0.25,1,0.333333,0.75,1.36,0.646774,0.180131,0.5
alpha075_rho025_Lc1,0.75,0.25,1,0.333333,0.75,1.37,0.648141,0.179777,0.5
alpha075_rho025_Lc1,0.75,0.25,1,0.333333,0.75,1.38,0.64949,0.179432,0.5
alpha075_rho025_Lc1,0.75,0.25,1,0.333333,0.75,1.39,0.650822,0.179096,0.5
alpha075_rho025_Lc1,0.75,0.25,1,0.333333,0.75,1.4,0.652135,0.178769,0.5
alpha075_rho025_Lc1,0.75,0.25,1,0.333333,0.75,1.41,0.653432,0.178451,0.5
alpha075_rho025_Lc1,0.75,0.25,1,0.333333,0.75,1.42,0.654711,0.178141,0.5
alpha075_rho025_Lc1,0.75,0.25,1,0.333333,0.75,1.43,0.655973,0.177839,0.5
alpha075_rho025_Lc1,0.75,0.25,1,0.333333,0.75,1.44,0.657218,0.177545,0.5
alpha075_rho025_Lc1,0.75,0.25,1,0.333333,0.75,1.45,0.658447,0.177258,0.5
alpha075_rho025_Lc1,0.75,0.25,1,0.333333,0.75,1.46,0.65966,0.17698,0.5
alpha075_rho025_Lc1,0.75,0.25,1,0.333333,0.75,1.47,0.660856,0.176708,0.5
alpha075_rho025_Lc1,0.75,0.25,1,0.333333,0.75,1.48,0.662037,0.176444,0.5
alpha075_rho025_Lc1,0.75,0.25,1,0.333333,0.75,1.49,0.663202,0.176187,0.5
alpha075_rho025_Lc1,0.75,0.25,1,0.333333,0.75,1.5,0.664352,0.175936,0.5
alpha075_rho025_Lc1,0.75,0.25,1,0.333333,0.75,1.51,0.665486,0.175692,0.5
alpha075_rho025_Lc1,0.75,0.25,1,0.333333,0.75,1.52,0.666606,0.175455,0.5
alpha075_rho025_Lc1,0.75,0.25,1,0.333333,0.75,1.53,0.66771,0.175224,0.5
alpha075_rho025_Lc1,0.75,0.25,1,0.333333,0.75,1.54,0.6688,0.174998,0.5
alpha075_rho025_Lc1,0.75,0.25,1,0.333333,0.75,1.55,0.669876,0.174779,0.5
alpha075_rho025_Lc1,0.75,0.25,1,0.333333,0.75,1.56,0.670937,0.174566,0.5
alpha075_rho025_Lc1,0.75,0.25,1,0.333333,0.75,1.57,0.671984,0.174358,0.5
alpha075_rho025_Lc1,0.75,0.25,1,0.333333,0.75,1.58,0.673017,0.174155,0.5
alpha075_rho025_Lc1,0.75,0.25,1,0.333333,0.75,1.59,0.674037,0.173958,0.5
alpha075_rho025_Lc1,0.75,0.25,1,0.333333,0.75,1.6,0.675043,0.173767,0.5
alpha075_rho025_Lc1,0.75,0.25,1,0.333333,0.75,1.61,0.676036,0.17358,0.5
alpha075_rho025_Lc1,0.75,0.25,1,0.333333,0.75,1.62,0.677016,0.173398,0.5
alpha075_rho025_Lc1,0.75,0.25,1,0.333333,0.75,1.63,0.677982,0.173221,0.5
alpha075_rho025_Lc1,0.75,0.25,1,0.333333,0.75,1.64,0.678936,0.173048,0.5
alpha075_rho025_Lc1,0.75,0.25,1,0.333333,0.75,1.65,0.679877,0.17288,0.5
alpha075_rho025_Lc1,0.75,0.25,1,0.333333,0.75,1.66,0.680806,0.172717,0.5
alpha075_rho025_Lc1,0.75,0.25,1,0.333333,0.75,1.67,0.681723,0.172558,0.5
alpha075_rho025_Lc1,0.75,0.25,1,0.333333,0.75,1.68,0.682627,0.172403,0.5
alpha075_rho025_Lc1,0.75,0.25,1,0.333333,0.75,1.69,0.683519,0.172252,0.5
alpha075_rho025_Lc1,0.75,0.25,1,0.333333,0.75,1.7,0.6844,0.172105,0.5
alpha075_rho025_Lc1,0.75,0.25,1,0.333333,0.75,1.71,0.685269,0.171962,0.5
alpha075_rho025_Lc1,0.75,0.25,1,0.333333,0.75,1.72,0.686126,0.171822,0.5
alpha075_rho025_Lc1,0.75,0.25,1,0.333333,0.75,1.73,0.686972,0.171687,0.5
alpha075_rho025_Lc1,0.75,0.25,1,0.333333,0.75,1.74,0.687807,0.171554,0.5
alpha075_rho025_Lc1,0.75,0.25,1,0.333333,0.75,1.75,0.688631,0.171426,0.5
alpha075_rho025_Lc1,0.75,0.25,1,0.333333,0.75,1.76,0.689443,0.171301,0.5
alpha075_rho025_Lc1,0.75,0.25,1,0.333333,0.75,1.77,0.690246,0.171179,0.5
alpha075_rho025_Lc1,0.75,0.25,1,0.333333,0.75,1.78,0.691037,0.17106,0.5
alpha075_rho025_Lc1,0.75,0.25,1,0.333333,0.75,1.79,0.691818,0.170944,0.5
alpha075_rho025_Lc1,0.75,0.25,1,0.333333,0.75,1.8,0.692589,0.170832,0.5
alpha075_rho025_Lc1,0.75,0.25,1,0.333333,0.75,1.81,0.693349,0.170722,0.5
alpha075_rho025_Lc1,0.75,0.25,1,0.333333,0.75,1.82,0.694099,0.170615,0.5
alpha075_rho025_Lc1,0.75,0.25,1,0.333333,0.75,1.83,0.69484,0.170512,0.5
alpha075_rho025_Lc1,0.75,0.25,1,0.333333,0.75,1.84,0.69557,0.17041,0.5
alpha075_rho025_Lc1,0.75,0.25,1,0.333333,0.75,1.85,0.696291,0.170312,0.5
alpha075_rho025_Lc1,0.75,0.25,1,0.333333,0.75,1.86,0.697003,0.170216,0.5
alpha075_rho025_Lc1,0.75,0.25,1,0.333333,0.75,1.87,0.697704,0.170123,0.5
alpha075_rho025_Lc1,0.75,0.25,1,0.333333,0.75,1.88,0.698397,0.170032,0.5
alpha075_rho025_Lc1,0.75,0.25,1,0.333333,0.75,1.89,0.699081,0.169943,0.5
alpha075_rho025_Lc1,0.75,0.25,1,0.333333,0.75,1.9,0.699755,0.169857,0.5
alpha075_rho025_Lc1,0.75,0.25,1,0.333333,0.75,1.91,0.700421,0.169773,0.5
alpha075_rho025_Lc1,0.75,0.25,1,0.333333,0.75,1.92,0.701077,0.169691,0.5
alpha075_rho025_Lc1,0.75,0.25,1,0.333333,0.75,1.93,0.701725,0.169612,0.5
alpha075_rho025_Lc1,0.75,0.25,1,0.333333,0.75,1.94,0.702365,0.169534,0.5
alpha075_rho025_Lc1,0.75,0.25,1,0.333333,0.75,1.95,0.702995,0.169459,0.5
alpha075_rho025_Lc1,0.75,0.25,1,0.333333,0.75,1.96,0.703618,0.169385,0.5
alpha075_rho025_Lc1,0.75,0.25,1,0.333333,0.75,1.97,0.704232,0.169314,0.5
alpha075_rho025_Lc1,0.75,0.25,1,0.333333,0.75,1.98,0.704839,0.169244,0.5
alpha075_rho025_Lc1,0.75,0.25,1,0.333333,0.75,1.99,0.705437,0.169176,0.5
alpha075_rho025_Lc1,0.75,0.25,1,0.333333,0.75,2,0.706027,0.16911,0.5
alpha075_rho025_Lc1,0.75,0.25,1,0.333333,0.75,2.01,0.706609,0.169046,0.5
alpha075_rho025_Lc1,0.75,0.25,1,0.333333,0.75,2.02,0.707184,0.168983,0.5
alpha075_rho025_Lc1,0.75,0.25,1,0.333333,0.75,2.03,0.707751,0.168922,0.5
alpha075_rho025_Lc1,0.75,0.25,1,0.333333,0.75,2.04,0.708311,0.168863,0.5
alpha075_rho025_Lc1,0.75,0.25,1,0.333333,0.75,2.05,0.708863,0.168805,0.5
alpha075_rho025_Lc1,0.75,0.25,1,0.333333,0.75,2.06,0.709408,0.168749,0.5
alpha075_rho025_Lc1,0.75,0.25,1,0.333333,0.75,2.07,0.709945,0.168694,0.5
alpha075_rho025_Lc1,0.75,0.25,1,0.333333,0.75,2.08,0.710476,0.168641,0.5
alpha075_rho025_Lc1,0.75,0.25,1,0.333333,0.75,2.09,0.710999,0.168589,0.5
alpha075_rho025_Lc1,0.75,0.25,1,0.333333,0.75,2.1,0.711516,0.168538,0.5
alpha075_rho025_Lc1,0.75,0.25,1,0.333333,0.75,2.11,0.712026,0.168489,0.5
alpha075_rho025_Lc1,0.75,0.25,1,0.333333,0.75,2.12,0.712529,0.168441,0.5
alpha075_rho025_Lc1,0.75,0.25,1,0.333333,0.75,2.13,0.713025,0.168394,0.5
alpha075_rho025_Lc1,0.75,0.25,1,0.333333,0.75,2.14,0.713515,0.168349,0.5
alpha075_rho025_Lc1,0.75,0.25,1,0.333333,0.75,2.15,0.713998,0.168305,0.5
alpha075_rho025_Lc1,0.75,0.25,1,0.333333,0.75,2.16,0.714475,0.168261,0.5
alpha075_rho025_Lc1,0.75,0.25,1,0.333333,0.75,2.17,0.714945,0.168219,0.5
alpha075_rho025_Lc1,0.75,0.25,1,0.333333,0.75,2.18,0.71541,0.168179,0.5
alpha075_rho025_Lc1,0.75,0.25,1,0.333333,0.75,2.19,0.715868,0.168139,0.5
alpha075_rho025_Lc1,0.75,0.25,1,0.333333,0.75,2.2,0.71632,0.1681,0.5
alpha075_rho025_Lc1,0.75,0.25,1,0.333333,0.75,2.21,0.716766,0.168062,0.5
alpha075_rho025_Lc1,0.75,0.25,1,0.333333,0.75,2.22,0.717206,0.168026,0.5
alpha075_rho025_Lc1,0.75,0.25,1,0.333333,0.75,2.23,0.71764,0.16799,0.5
alpha075_rho025_Lc1,0.75,0.25,1,0.333333,0.75,2.24,0.718069,0.167955,0.5
alpha075_rho025_Lc1,0.75,0.25,1,0.333333,0.75,2.25,0.718492,0.167921,0.5
alpha075_rho025_Lc1,0.75,0.25,1,0.333333,0.75,2.26,0.718909,0.167888,0.5
alpha075_rho025_Lc1,0.75,0.25,1,0.333333,0.75,2.27,0.719321,0.167856,0.5
alpha075_rho025_Lc1,0.75,0.25,1,0.333333,0.75,2.28,0.719727,0.167825,0.5
alpha075_rho025_Lc1,0.75,0.25,1,0.333333,0.75,2.29,0.720128,0.167794,0.5
alpha075_rho025_Lc1,0.75,0.25,1,0.333333,0.75,2.3,0.720524,0.167765,0.5
alpha075_rho025_Lc1,0.75,0.25,1,0.333333,0.75,2.31,0.720914,0.167736,0.5
alpha075_rho025_Lc1,0.75,0.25,1,0.333333,0.75,2.32,0.7213,0.167708,0.5
alpha075_rho025_Lc1,0.75,0.25,1,0.333333,0.75,2.33,0.72168,0.16768,0.5
alpha075_rho025_Lc1,0.75,0.25,1,0.333333,0.75,2.34,0.722055,0.167653,0.5
alpha075_rho025_Lc1,0.75,0.25,1,0.333333,0.75,2.35,0.722425,0.167628,0.5
alpha075_rho025_Lc1,0.75,0.25,1,0.333333,0.75,2.36,0.72279,0.167602,0.5
alpha075_rho025_Lc1,0.75,0.25,1,0.333333,0.75,2.37,0.723151,0.167578,0.5
alpha075_rho025_Lc1,0.75,0.25,1,0.333333,0.75,2.38,0.723506,0.167554,0.5
alpha075_rho025_Lc1,0.75,0.25,1,0.333333,0.75,2.39,0.723857,0.16753,0.5
alpha075_rho025_Lc1,0.75,0.25,1,0.333333,0.75,2.4,0.724203,0.167508,0.5
alpha075_rho025_Lc1,0.75,0.25,1,0.333333,0.75,2.41,0.724545,0.167485,0.5
alpha075_rho025_Lc1,0.75,0.25,1,0.333333,0.75,2.42,0.724882,0.167464,0.5
alpha075_rho025_Lc1,0.75,0.25,1,0.333333,0.75,2.43,0.725215,0.167443,0.5
alpha075_rho025_Lc1,0.75,0.25,1,0.333333,0.75,2.44,0.725543,0.167423,0.5
alpha075_rho025_Lc1,0.75,0.25,1,0.333333,0.75,2.45,0.725867,0.167403,0.5
alpha075_rho025_Lc1,0.75,0.25,1,0.333333,0.75,2.46,0.726187,0.167383,0.5
alpha075_rho025_Lc1,0.75,0.25,1,0.333333,0.75,2.47,0.726502,0.167364,0.5
alpha075_rho025_Lc1,0.75,0.25,1,0.333333,0.75,2.48,0.726813,0.167346,0.5
alpha075_rho025_Lc1,0.75,0.25,1,0.333333,0.75,2.49,0.72712,0.167328,0.5
alpha075_rho025_Lc1,0.75,0.25,1,0.333333,0.75,2.5,0.727423,0.167311,0.5
alpha075_rho025_Lc1,0.75,0.25,1,0.333333,0.75,2.51,0.727722,0.167294,0.5
alpha075_rho025_Lc1,0.75,0.25,1,0.333333,0.75,2.52,0.728018,0.167277,0.5
alpha075_rho025_Lc1,0.75,0.25,1,0.333333,0.75,2.53,0.728309,0.167261,0.5
alpha075_rho025_Lc1,0.75,0.25,1,0.333333,0.75,2.54,0.728596,0.167246,0.5
alpha075_rho025_Lc1,0.75,0.25,1,0.333333,0.75,2.55,0.728879,0.16723,0.5
alpha075_rho025_Lc1,0.75,0.25,1,0.333333,0.75,2.56,0.729159,0.167216,0.5
alpha075_rho025_Lc1,0.75,0.25,1,0.333333,0.75,2.57,0.729435,0.167201,0.5
alpha075_rho025_Lc1,0.75,0.25,1,0.333333,0.75,2.58,0.729708,0.167187,0.5
alpha075_rho025_Lc1,0.75,0.25,1,0.333333,0.75,2.59,0.729976,0.167173,0.5
alpha075_rho025_Lc1,0.75,0.25,1,0.333333,0.75,2.6,0.730242,0.16716,0.5
alpha075_rho025_Lc1,0.75,0.25,1,0.333333,0.75,2.61,0.730503,0.167147,0.5
alpha075_rho025_Lc1,0.75,0.25,1,0.333333,0.75,2.62,0.730762,0.167134,0.5
alpha075_rho025_Lc1,0.75,0.25,1,0.333333,0.75,2.63,0.731016,0.167122,0.5
alpha075_rho025_Lc1,0.75,0.25,1,0.333333,0.75,2.64,0.731268,0.16711,0.5
alpha075_rho025_Lc1,0.75,0.25,1,0.333333,0.75,2.65,0.731516,0.167098,0.5
alpha075_rho025_Lc1,0.75,0.25,1,0.333333,0.75,2.66,0.731761,0.167087,0.5
alpha075_rho025_Lc1,0.75,0.25,1,0.333333,0.75,2.67,0.732002,0.167076,0.5
alpha075_rho025_Lc1,0.75,0.25,1,0.333333,0.75,2.68,0.732241,0.167065,0.5
alpha075_rho025_Lc1,0.75,0.25,1,0.333333,0.75,2.69,0.732476,0.167055,0.5
alpha075_rho025_Lc1,0.75,0.25,1,0.333333,0.75,2.7,0.732708,0.167045,0.5
alpha075_rho025_Lc1,0.75,0.25,1,0.333333,0.75,2.71,0.732937,0.167035,0.5
alpha075_rho025_Lc1,0.75,0.25,1,0.333333,0.75,2.72,0.733163,0.167025,0.5
alpha075_rho025_Lc1,0.75,0.25,1,0.333333,0.75,2.73,0.733386,0.167015,0.5
alpha075_rho025_Lc1,0.75,0.25,1,0.333333,0.75,2.74,0.733606,0.167006,0.5
alpha075_rho025_Lc1,0.75,0.25,1,0.333333,0.75,2.75,0.733823,0.166997,0.5
alpha075_rho025_Lc1,0.75,0.25,1,0.333333,0.75,2.76,0.734037,0.166989,0.5
alpha075_rho025_Lc1,0.75,0.25,1,0.333333,0.75,2.77,0.734249,0.16698,0.5
alpha075_rho025_Lc1,0.75,0.25,1,0.333333,0.75,2.78,0.734457,0.166972,0.5
alpha075_rho025_Lc1,0.75,0.25,1,0.333333,0.75,2.79,0.734663,0.166964,0.5
alpha075_rho025_Lc1,0.75,0.25,1,0.333333,0.75,2.8,0.734866,0.166956,0.5
alpha075_rho025_Lc1,0.75,0.25,1,0.333333,0.75,2.81,0.735067,0.166948,0.5
alpha075_rho025_Lc1,0.75,0.25,1,0.333333,0.75,2.82,0.735265,0.166941,0.5
alpha075_rho025_Lc1,0.75,0.25,1,0.333333,0.75,2.83,0.73546,0.166934,0.5
alpha075_rho025_Lc1,0.75,0.25,1,0.333333,0.75,2.84,0.735652,0.166927,0.5
alpha075_rho025_Lc1,0.75,0.25,1,0.333333,0.75,2.85,0.735842,0.16692,0.5
alpha075_rho025_Lc1,0.75,0.25,1,0.333333,0.75,2.86,0.73603,0.166913,0.5
alpha075_rho025_Lc1,0.75,0.25,1,0.333333,0.75,2.87,0.736215,0.166907,0.5
alpha075_rho025_Lc1,0.75,0.25,1,0.333333,0.75,2.88,0.736398,0.1669,0.5
alpha075_rho025_Lc1,0.75,0.25,1,0.333333,0.75,2.89,0.736578,0.166894,0.5
alpha075_rho025_Lc1,0.75,0.25,1,0.333333,0.75,2.9,0.736756,0.166888,0.5
alpha075_rho025_Lc1,0.75,0.25,1,0.333333,0.75,2.91,0.736931,0.166882,0.5
alpha075_rho025_Lc1,0.75,0.25,1,0.333333,0.75,2.92,0.737104,0.166877,0.5
alpha075_rho025_Lc1,0.75,0.25,1,0.333333,0.75,2.93,0.737275,0.166871,0.5
alpha075_rho025_Lc1,0.75,0.25,1,0.333333,0.75,2.94,0.737443,0.166866,0.5
alpha075_rho025_Lc1,0.75,0.25,1,0.333333,0.75,2.95,0.73761,0.166861,0.5
alpha075_rho025_Lc1,0.75,0.25,1,0.333333,0.75,2.96,0.737774,0.166856,0.5
alpha075_rho025_Lc1,0.75,0.25,1,0.333333,0.75,2.97,0.737936,0.166851,0.5
alpha075_rho025_Lc1,0.75,0.25,1,0.333333,0.75,2.98,0.738096,0.166846,0.5
alpha075_rho025_Lc1,0.75,0.25,1,0.333333,0.75,2.99,0.738253,0.166841,0.5
alpha075_rho025_Lc1,0.75,0.25,1,0.333333,0.75,3,0.738409,0.166836,0.5
alpha075_rho025_Lc1,0.75,0.25,1,0.333333,0.75,3.01,0.738562,0.166832,0.5
alpha075_rho025_Lc1,0.75,0.25,1,0.333333,0.75,3.02,0.738714,0.166828,0.5
alpha075_rho025_Lc1,0.75,0.25,1,0.333333,0.75,3.03,0.738863,0.166823,0.5
alpha075_rho025_Lc1,0.75,0.25,1,0.333333,0.75,3.04,0.739011,0.166819,0.5
alpha075_rho025_Lc1,0.75,0.25,1,0.333333,0.75,3.05,0.739156,0.166815,0.5
alpha075_rho025_Lc1,0.75,0.25,1,0.333333,0.75,3.06,0.7393,0.166811,0.5
alpha075_rho025_Lc1,0.75,0.25,1,0.333333,0.75,3.07,0.739442,0.166808,0.5
alpha075_rho025_Lc1,0.75,0.25,1,0.333333,0.75,3.08,0.739582,0.166804,0.5
alpha075_rho025_Lc1,0.75,0.25,1,0.333333,0.75,3.09,0.73972,0.1668,0.5
alpha075_rho025_Lc1,0.75,0.25,1,0.333333,0.75,3.1,0.739856,0.166797,0.5
alpha075_rho025_Lc1,0.75,0.25,1,0.333333,0.75,3.11,0.73999,0.166793,0.5
alpha075_rho025_Lc1,0.75,0.25,1,0.333333,0.75,3.12,0.740123,0.16679,0.5
alpha075_rho025_Lc1,0.75,0.25,1,0.333333,0.75,3.13,0.740253,0.166787,0.5
alpha075_rho025_Lc1,0.75,0.25,1,0.333333,0.75,3.14,0.740383,0.166784,0.5
alpha075_rho025_Lc1,0.75,0.25,1,0.333333,0.75,3.15,0.74051,0.16678,0.5
alpha075_rho025_Lc1,0.75,0.25,1,0.333333,0.75,3.16,0.740636,0.166777,0.5
alpha075_rho025_Lc1,0.75,0.25,1,0.333333,0.75,3.17,0.74076,0.166775,0.5
alpha075_rho025_Lc1,0.75,0.25,1,0.333333,0.75,3.18,0.740882,0.166772,0.5
alpha075_rho025_Lc1,0.75,0.25,1,0.333333,0.75,3.19,0.741003,0.166769,0.5
alpha075_rho025_Lc1,0.75,0.25,1,0.333333,0.75,3.2,0.741122,0.166766,0.5
alpha075_rho025_Lc1,0.75,0.25,1,0.333333,0.75,3.21,0.74124,0.166764,0.5
alpha075_rho025_Lc1,0.75,0.25,1,0.333333,0.75,3.22,0.741356,0.166761,0.5
alpha075_rho025_Lc1,0.75,0.25,1,0.333333,0.75,3.23,0.74147,0.166759,0.5
alpha075_rho025_Lc1,0.75,0.25,1,0.333333,0.75,3.24,0.741583,0.166756,0.5
alpha075_rho025_Lc1,0.75,0.25,1,0.333333,0.75,3.25,0.741695,0.166754,0.5
alpha075_rho025_Lc1,0.75,0.25,1,0.333333,0.75,3.26,0.741805,0.166752,0.5
alpha075_rho025_Lc1,0.75,0.25,1,0.333333,0.75,3.27,0.741913,0.166749,0.5
alpha075_rho025_Lc1,0.75,0.25,1,0.333333,0.75,3.28,0.74202,0.166747,0.5
alpha075_rho025_Lc1,0.75,0.25,1,0.333333,0.75,3.29,0.742126,0.166745,0.5
alpha075_rho025_Lc1,0.75,0.25,1,0.333333,0.75,3.3,0.74223,0.166743,0.5
alpha075_rho025_Lc1,0.75,0.25,1,0.333333,0.75,3.31,0.742333,0.166741,0.5
alpha075_rho025_Lc1,0.75,0.25,1,0.333333,0.75,3.32,0.742435,0.166739,0.5
alpha075_rho025_Lc1,0.75,0.25,1,0.333333,0.75,3.33,0.742535,0.166737,0.5
alpha075_rho025_Lc1,0.75,0.25,1,0.333333,0.75,3.34,0.742634,0.166735,0.5
alpha075_rho025_Lc1,0.75,0.25,1,0.333333,0.75,3.35,0.742731,0.166733,0.5
alpha075_rho025_Lc1,0.75,0.25,1,0.333333,0.75,3.36,0.742828,0.166732,0.5
alpha075_rho025_Lc1,0.75,0.25,1,0.333333,0.75,3.37,0.742923,0.16673,0.5
alpha075_rho025_Lc1,0.75,0.25,1,0.333333,0.75,3.38,0.743016,0.166728,0.5
alpha075_rho025_Lc1,0.75,0.25,1,0.333333,0.75,3.39,0.743109,0.166727,0.5
alpha075_rho025_Lc1,0.75,0.25,1,0.333333,0.75,3.4,0.7432,0.166725,0.5
alpha075_rho025_Lc1,0.75,0.25,1,0.333333,0.75,3.41,0.74329,0.166724,0.5
alpha075_rho025_Lc1,0.75,0.25,1,0.333333,0.75,3.42,0.743379,0.166722,0.5
alpha075_rho025_Lc1,0.75,0.25,1,0.333333,0.75,3.43,0.743467,0.166721,0.5
alpha075_rho025_Lc1,0.75,0.25,1,0.333333,0.75,3.44,0.743553,0.166719,0.5
alpha075_rho025_Lc1,0.75,0.25,1,0.333333,0.75,3.45,0.743639,0.166718,0.5
alpha075_rho025_Lc1,0.75,0.25,1,0.333333,0.75,3.46,0.743723,0.166716,0.5
alpha075_rho025_Lc1,0.75,0.25,1,0.333333,0.75,3.47,0.743806,0.166715,0.5
alpha075_rho025_Lc1,0.75,0.25,1,0.333333,0.75,3.48,0.743888,0.166714,0.5
alpha075_rho025_Lc1,0.75,0.25,1,0.333333,0.75,3.49,0.743969,0.166713,0.5
alpha075_rho025_Lc1,0.75,0.25,1,0.333333,0.75,3.5,0.744049,0.166711,0.5
alpha075_rho025_Lc1,0.75,0.25,1,0.333333,0.75,3.51,0.744128,0.16671,0.5
alpha075_rho025_Lc1,0.75,0.25,1,0.333333,0.75,3.52,0.744205,0.166709,0.5
alpha075_rho025_Lc1,0.75,0.25,1,0.333333,0.75,3.53,0.744282,0.166708,0.5
alpha075_rho025_Lc1,0.75,0.25,1,0.333333,0.75,3.54,0.744358,0.166707,0.5
alpha075_rho025_Lc1,0.75,0.25,1,0.333333,0.75,3.55,0.744433,0.166706,0.5
alpha075_rho025_Lc1,0.75,0.25,1,0.333333,0.75,3.56,0.744506,0.166705,0.5
alpha075_rho025_Lc1,0.75,0.25,1,0.333333,0.75,3.57,0.744579,0.166704,0.5
alpha075_rho025_Lc1,0.75,0.25,1,0.333333,0.75,3.58,0.744651,0.166703,0.5
alpha075_rho025_Lc1,0.75,0.25,1,0.333333,0.75,3.59,0.744722,0.166702,0.5
alpha075_rho025_Lc1,0.75,0.25,1,0.333333,0.75,3.6,0.744792,0.166701,0.5
alpha075_rho025_Lc1,0.75,0.25,1,0.333333,0.75,3.61,0.744861,0.1667,0.5
alpha075_rho025_Lc1,0.75,0.25,1,0.333333,0.75,3.62,0.744929,0.166699,0.5
alpha075_rho025_Lc1,0.75,0.25,1,0.333333,0.75,3.63,0.744996,0.166698,0.5
alpha075_rho025_Lc1,0.75,0.25,1,0.333333,0.75,3.64,0.745062,0.166697,0.5
alpha075_rho025_Lc1,0.75,0.25,1,0.333333,0.75,3.65,0.745128,0.166697,0.5
alpha075_rho025_Lc1,0.75,0.25,1,0.333333,0.75,3.66,0.745192,0.166696,0.5
alpha075_rho025_Lc1,0.75,0.25,1,0.333333,0.75,3.67,0.745256,0.166695,0.5
alpha075_rho025_Lc1,0.75,0.25,1,0.333333,0.75,3.68,0.745319,0.166694,0.5
alpha075_rho025_Lc1,0.75,0.25,1,0.333333,0.75,3.69,0.745381,0.166694,0.5
alpha075_rho025_Lc1,0.75,0.25,1,0.333333,0.75,3.7,0.745442,0.166693,0.5
alpha075_rho025_Lc1,0.75,0.25,1,0.333333,0.75,3.71,0.745502,0.166692,0.5
alpha075_rho025_Lc1,0.75,0.25,1,0.333333,0.75,3.72,0.745562,0.166692,0.5
alpha075_rho025_Lc1,0.75,0.25,1,0.333333,0.75,3.73,0.745621,0.166691,0.5
alpha075_rho025_Lc1,0.75,0.25,1,0.333333,0.75,3.74,0.745679,0.16669,0.5
alpha075_rho025_Lc1,0.75,0.25,1,0.333333,0.75,3.75,0.745736,0.16669,0.5
alpha075_rho025_Lc1,0.75,0.25,1,0.333333,0.75,3.76,0.745792,0.166689,0.5
alpha075_rho025_Lc1,0.75,0.25,1,0.333333,0.75,3.77,0.745848,0.166688,0.5
alpha075_rho025_Lc1,0.75,0.25,1,0.333333,0.75,3.78,0.745903,0.166688,0.5
alpha075_rho025_Lc1,0.75,0.25,1,0.333333,0.75,3.79,0.745957,0.166687,0.5
alpha075_rho025_Lc1,0.75,0.25,1,0.333333,0.75,3.8,0.746011,0.166687,0.5
alpha075_rho025_Lc1,0.75,0.25,1,0.333333,0.75,3.81,0.746064,0.166686,0.5
alpha075_rho025_Lc1,0.75,0.25,1,0.333333,0.75,3.82,0.746116,0.166686,0.5
alpha075_rho025_Lc1,0.75,0.25,1,0.333333,0.75,3.83,0.746167,0.166685,0.5
alpha075_rho025_Lc1,0.75,0.25,1,0.333333,0.75,3.84,0.746218,0.166685,0.5
alpha075_rho025_Lc1,0.75,0.25,1,0.333333,0.75,3.85,0.746268,0.166684,0.5
alpha075_rho025_Lc1,0.75,0.25,1,0.333333,0.75,3.86,0.746318,0.166684,0.5
alpha075_rho025_Lc1,0.75,0.25,1,0.333333,0.75,3.87,0.746366,0.166683,0.5
alpha075_rho025_Lc1,0.75,0.25,1,0.333333,0.75,3.88,0.746414,0.166683,0.5
alpha075_rho025_Lc1,0.75,0.25,1,0.333333,0.75,3.89,0.746462,0.166682,0.5
alpha075_rho025_Lc1,0.75,0.25,1,0.333333,0.75,3.9,0.746509,0.166682,0.5
alpha075_rho025_Lc1,0.75,0.25,1,0.333333,0.75,3.91,0.746555,0.166682,0.5
alpha075_rho025_Lc1,0.75,0.25,1,0.333333,0.75,3.92,0.746601,0.166681,0.5
alpha075_rho025_Lc1,0.75,0.25,1,0.333333,0.75,3.93,0.746646,0.166681,0.5
alpha075_rho025_Lc1,0.75,0.25,1,0.333333,0.75,3.94,0.74669,0.166681,0.5
alpha075_rho025_Lc1,0.75,0.25,1,0.333333,0.75,3.95,0.746734,0.16668,0.5
alpha075_rho025_Lc1,0.75,0.25,1,0.333333,0.75,3.96,0.746777,0.16668,0.5
alpha075_rho025_Lc1,0.75,0.25,1,0.333333,0.75,3.97,0.74682,0.166679,0.5
alpha075_rho025_Lc1,0.75,0.25,1,0.333333,0.75,3.98,0.746862,0.166679,0.5
alpha075_rho025_Lc1,0.75,0.25,1,0.333333,0.75,3.99,0.746904,0.166679,0.5
alpha075_rho025_Lc1,0.75,0.25,1,0.333333,0.75,4,0.746945,0.166678,0.5
alpha075_rho025_Lc1,0.75,0.25,1,0.333333,0.75,4.01,0.746985,0.166678,0.5
alpha075_rho025_Lc1,0.75,0.25,1,0.333333,0.75,4.02,0.747025,0.166678,0.5
alpha075_rho025_Lc1,0.75,0.25,1,0.333333,0.75,4.03,0.747064,0.166678,0.5
alpha075_rho025_Lc1,0.75,0.25,1,0.333333,0.75,4.04,0.747103,0.166677,0.5
alpha075_rho025_Lc1,0.75,0.25,1,0.333333,0.75,4.05,0.747142,0.166677,0.5
alpha075_rho025_Lc1,0.75,0.25,1,0.333333,0.75,4.06,0.74718,0.166677,0.5
alpha075_rho025_Lc1,0.75,0.25,1,0.333333,0.75,4.07,0.747217,0.166676,0.5
alpha075_rho025_Lc1,0.75,0.25,1,0.333333,0.75,4.08,0.747254,0.166676,0.5
alpha075_rho025_Lc1,0.75,0.25,1,0.333333,0.75,4.09,0.74729,0.166676,0.5
alpha075_rho025_Lc1,0.75,0.25,1,0.333333,0.75,4.1,0.747326,0.166676,0.5
alpha075_rho025_Lc1,0.75,0.25,1,0.333333,0.75,4.11,0.747361,0.166675,0.5
alpha075_rho025_Lc1,0.75,0.25,1,0.333333,0.75,4.12,0.747396,0.166675,0.5
alpha075_rho025_Lc1,0.75,0.25,1,0.333333,0.75,4.13,0.747431,0.166675,0.5
alpha075_rho025_Lc1,0.75,0.25,1,0.333333,0.75,4.14,0.747465,0.166675,0.5
alpha075_rho025_Lc1,0.75,0.25,1,0.333333,0.75,4.15,0.747498,0.166675,0.5
alpha075_rho025_Lc1,0.75,0.25,1,0.333333,0.75,4.16,0.747532,0.166674,0.5
alpha075_rho025_Lc1,0.75,0.25,1,0.333333,0.75,4.17,0.747564,0.166674,0.5
alpha075_rho025_Lc1,0.75,0.25,1,0.333333,0.75,4.18,0.747597,0.166674,0.5
alpha075_rho025_Lc1,0.75,0.25,1,0.333333,0.75,4.19,0.747628,0.166674,0.5
alpha075_rho025_Lc1,0.75,0.25,1,0.333333,0.75,4.2,0.74766,0.166674,0.5
alpha075_rho025_Lc1,0.75,0.25,1,0.333333,0.75,4.21,0.747691,0.166673,0.5
alpha075_rho025_Lc1,0.75,0.25,1,0.333333,0.75,4.22,0.747721,0.166673,0.5
alpha075_rho025_Lc1,0.75,0.25,1,0.333333,0.75,4.23,0.747752,0.166673,0.5
alpha075_rho025_Lc1,0.75,0.25,1,0.333333,0.75,4.24,0.747781,0.166673,0.5
alpha075_rho025_Lc1,0.75,0.25,1,0.333333,0.75,4.25,0.747811,0.166673,0.5
alpha075_rho025_Lc1,0.75,0.25,1,0.333333,0.75,4.26,0.74784,0.166673,0.5
alpha075_rho025_Lc1,0.75,0.25,1,0.333333,0.75,4.27,0.747868,0.166672,0.5
alpha075_rho025_Lc1,0.75,0.25,1,0.333333,0.75,4.28,0.747897,0.166672,0.5
alpha075_rho025_Lc1,0.75,0.25,1,0.333333,0.75,4.29,0.747924,0.166672,0.5
alpha075_rho025_Lc1,0.75,0.25,1,0.333333,0.75,4.3,0.747952,0.166672,0.5
alpha075_rho025_Lc1,0.75,0.25,1,0.333333,0.75,4.31,0.747979,0.166672,0.5
alpha075_rho025_Lc1,0.75,0.25,1,0.333333,0.75,4.32,0.748006,0.166672,0.5
alpha075_rho025_Lc1,0.75,0.25,1,0.333333,0.75,4.33,0.748032,0.166672,0.5
alpha075_rho025_Lc1,0.75,0.25,1,0.333333,0.75,4.34,0.748058,0.166671,0.5
alpha075_rho025_Lc1,0.75,0.25,1,0.333333,0.75,4.35,0.748084,0.166671,0.5
alpha075_rho025_Lc1,0.75,0.25,1,0.333333,0.75,4.36,0.748109,0.166671,0.5
alpha075_rho025_Lc1,0.75,0.25,1,0.333333,0.75,4.37,0.748134,0.166671,0.5
alpha075_rho025_Lc1,0.75,0.25,1,0.333333,0.75,4.38,0.748159,0.166671,0.5
alpha075_rho025_Lc1,0.75,0.25,1,0.333333,0.75,4.39,0.748183,0.166671,0.5
alpha075_rho025_Lc1,0.75,0.25,1,0.333333,0.75,4.4,0.748208,0.166671,0.5
alpha075_rho025_Lc1,0.75,0.25,1,0.333333,0.75,4.41,0.748231,0.166671,0.5
alpha075_rho025_Lc1,0.75,0.25,1,0.333333,0.75,4.42,0.748255,0.166671,0.5
alpha075_rho025_Lc1,0.75,0.25,1,0.333333,0.75,4.43,0.748278,0.16667,0.5
alpha075_rho025_Lc1,0.75,0.25,1,0.333333,0.75,4.44,0.748301,0.16667,0.5
alpha075_rho025_Lc1,0.75,0.25,1,0.333333,0.75,4.45,0.748323,0.16667,0.5
alpha075_rho025_Lc1,0.75,0.25,1,0.333333,0.75,4.46,0.748345,0.16667,0.5
alpha075_rho025_Lc1,0.75,0.25,1,0.333333,0.75,4.47,0.748367,0.16667,0.5
alpha075_rho025_Lc1,0.75,0.25,1,0.333333,0.75,4.48,0.748389,0.16667,0.5
alpha075_rho025_Lc1,0.75,0.25,1,0.333333,0.75,4.49,0.74841,0.16667,0.5
alpha075_rho025_Lc1,0.75,0.25,1,0.333333,0.75,4.5,0.748431,0.16667,0.5
alpha075_rho025_Lc1,0.75,0.25,1,0.333333,0.75,4.51,0.748452,0.16667,0.5
alpha075_rho025_Lc1,0.75,0.25,1,0.333333,0.75,4.52,0.748473,0.16667,0.5
alpha075_rho025_Lc1,0.75,0.25,1,0.333333,0.75,4.53,0.748493,0.16667,0.5
alpha075_rho025_Lc1,0.75,0.25,1,0.333333,0.75,4.54,0.748513,0.166669,0.5
alpha075_rho025_Lc1,0.75,0.25,1,0.333333,0.75,4.55,0.748532,0.166669,0.5
alpha075_rho025_Lc1,0.75,0.25,1,0.333333,0.75,4.56,0.748552,0.166669,0.5
alpha075_rho025_Lc1,0.75,0.25,1,0.333333,0.75,4.57,0.748571,0.166669,0.5
alpha075_rho025_Lc1,0.75,0.25,1,0.333333,0.75,4.58,0.74859,0.166669,0.5
alpha075_rho025_Lc1,0.75,0.25,1,0.333333,0.75,4.59,0.748609,0.166669,0.5
alpha075_rho025_Lc1,0.75,0.25,1,0.333333,0.75,4.6,0.748627,0.166669,0.5
alpha075_rho025_Lc1,0.75,0.25,1,0.333333,0.75,4.61,0.748645,0.166669,0.5
alpha075_rho025_Lc1,0.75,0.25,1,0.333333,0.75,4.62,0.748663,0.166669,0.5
alpha075_rho025_Lc1,0.75,0.25,1,0.333333,0.75,4.63,0.748681,0.166669,0.5
alpha075_rho025_Lc1,0.75,0.25,1,0.333333,0.75,4.64,0.748698,0.166669,0.5
alpha075_rho025_Lc1,0.75,0.25,1,0.333333,0.75,4.65,0.748716,0.166669,0.5
alpha075_rho025_Lc1,0.75,0.25,1,0.333333,0.75,4.66,0.748733,0.166669,0.5
alpha075_rho025_Lc1,0.75,0.25,1,0.333333,0.75,4.67,0.748749,0.166669,0.5
alpha075_rho025_Lc1,0.75,0.25,1,0.333333,0.75,4.68,0.748766,0.166669,0.5
alpha075_rho025_Lc1,0.75,0.25,1,0.333333,0.75,4.69,0.748782,0.166669,0.5
alpha075_rho025_Lc1,0.75,0.25,1,0.333333,0.75,4.7,0.748798,0.166668,0.5
alpha075_rho025_Lc1,0.75,0.25,1,0.333333,0.75,4.71,0.748814,0.166668,0.5
alpha075_rho025_Lc1,0.75,0.25,1,0.333333,0.75,4.72,0.74883,0.166668,0.5
alpha075_rho025_Lc1,0.75,0.25,1,0.333333,0.75,4.73,0.748846,0.166668,0.5
alpha075_rho025_Lc1,0.75,0.25,1,0.333333,0.75,4.74,0.748861,0.166668,0.5
alpha075_rho025_Lc1,0.75,0.25,1,0.333333,0.75,4.75,0.748876,0.166668,0.5
alpha075_rho025_Lc1,0.75,0.25,1,0.333333,0.75,4.76,0.748891,0.166668,0.5
alpha075_rho025_Lc1,0.75,0.25,1,0.333333,0.75,4.77,0.748906,0.166668,0.5
alpha075_rho025_Lc1,0.75,0.25,1,0.333333,0.75,4.78,0.74892,0.166668,0.5
alpha075_rho025_Lc1,0.75,0.25,1,0.333333,0.75,4.79,0.748934,0.166668,0.5
alpha075_rho025_Lc1,0.75,0.25,1,0.333333,0.75,4.8,0.748948,0.166668,0.5
alpha075_rho025_Lc1,0.75,0.25,1,0.333333,0.75,4.81,0.748962,0.166668,0.5
alpha075_rho025_Lc1,0.75,0.25,1,0.333333,0.75,4.82,0.748976,0.166668,0.5
alpha075_rho025_Lc1,0.75,0.25,1,0.333333,0.75,4.83,0.74899,0.166668,0.5
alpha075_rho025_Lc1,0.75,0.25,1,0.333333,0.75,4.84,0.749003,0.166668,0.5
alpha075_rho025_Lc1,0.75,0.25,1,0.333333,0.75,4.85,0.749016,0.166668,0.5
alpha075_rho025_Lc1,0.75,0.25,1,0.333333,0.75,4.86,0.749029,0.166668,0.5
alpha075_rho025_Lc1,0.75,0.25,1,0.333333,0.75,4.87,0.749042,0.166668,0.5
alpha075_rho025_Lc1,0.75,0.25,1,0.333333,0.75,4.88,0.749055,0.166668,0.5
alpha075_rho025_Lc1,0.75,0.25,1,0.333333,0.75,4.89,0.749067,0.166668,0.5
alpha075_rho025_Lc1,0.75,0.25,1,0.333333,0.75,4.9,0.74908,0.166668,0.5
alpha075_rho025_Lc1,0.75,0.25,1,0.333333,0.75,4.91,0.749092,0.166668,0.5
alpha075_rho025_Lc1,0.75,0.25,1,0.333333,0.75,4.92,0.749104,0.166668,0.5
alpha075_rho025_Lc1,0.75,0.25,1,0.333333,0.75,4.93,0.749116,0.166668,0.5
alpha075_rho025_Lc1,0.75,0.25,1,0.333333,0.75,4.94,0.749128,0.166668,0.5
alpha075_rho025_Lc1,0.75,0.25,1,0.333333,0.75,4.95,0.749139,0.166668,0.5
alpha075_rho025_Lc1,0.75,0.25,1,0.333333,0.75,4.96,0.74915,0.166668,0.5
alpha075_rho025_Lc1,0.75,0.25,1,0.333333,0.75,4.97,0.749162,0.166668,0.5
alpha075_rho025_Lc1,0.75,0.25,1,0.333333,0.75,4.98,0.749173,0.166668,0.5
alpha075_rho025_Lc1,0.75,0.25,1,0.333333,0.75,4.99,0.749184,0.166668,0.5
alpha075_rho025_Lc1,0.75,0.25,1,0.333333,0.75,5,0.749195,0.166667,0.5
alpha075_rho025_Lc2,0.75,0.25,2,0.666667,0.75,0,0,1,0.5
alpha075_rho025_Lc2,0.75,0.25,2,0.666667,0.75,0.01,0.0202119,0.903133,0.5
alpha075_rho025_Lc2,0.75,0.25,2,0.666667,0.75,0.02,0.0407876,0.82192,0.5
alpha075_rho025_Lc2,0.75,0.25,2,0.666667,0.75,0.03,0.0616342,0.753524,0.5
alpha075_rho025_Lc2,0.75,0.25,2,0.666667,0.75,0.04,0.0826572,0.695634,0.5
alpha075_rho025_Lc2,0.75,0.25,2,0.666667,0.75,0.05,0.103762,0.646363,0.5
alpha075_rho025_Lc2,0.75,0.25,2,0.666667,0.75,0.06,0.124856,0.604176,0.5
alpha075_rho025_Lc2,0.75,0.25,2,0.666667,0.75,0.07,0.14585,0.567822,0.5
alpha075_rho025_Lc2,0.75,0.25,2,0.666667,0.75,0.08,0.16666,0.53628,0.5
alpha075_rho025_Lc2,0.75,0.25,2,0.666667,0.75,0.09,0.187208,0.508721,0.5
alpha075_rho025_Lc2,0.75,0.25,2,0.666667,0.75,0.1,0.207423,0.484467,0.5
alpha075_rho025_Lc2,0.75,0.25,2,0.666667,0.75,0.11,0.227242,0.462966,0.5
alpha075_rho025_Lc2,0.75,0.25,2,0.666667,0.75,0.12,0.246609,0.443769,0.5
alpha075_rho025_Lc2,0.75,0.25,2,0.666667,0.75,0.13,0.265478,0.426509,0.5
alpha075_rho025_Lc2,0.75,0.25,2,0.666667,0.75,0.14,0.283811,0.410888,0.5
alpha075_rho025_Lc2,0.75,0.25,2,0.666667,0.75,0.15,0.301578,0.396659,0.5
alpha075_rho025_Lc2,0.75,0.25,2,0.666667,0.75,0.16,0.318755,0.383623,0.5
alpha075_rho025_Lc2,0.75,0.25,2,0.666667,0.75,0.17,0.335327,0.371616,0.5
alpha075_rho025_Lc2,0.75,0.25,2,0.666667,0.75,0.18,0.351285,0.360502,0.5
alpha075_rho025_Lc2,0.75,0.25,2,0.666667,0.75,0.19,0.366627,0.350172,0.5
alpha075_rho025_Lc2,0.75,0.25,2,0.666667,0.75,0.2,0.381354,0.340532,0.5
alpha075_rho025_Lc2,0.75,0.25,2,0.666667,0.75,0.21,0.395472,0.331508,0.5
alpha075_rho025_Lc2,0.75,0.25,2,0.666667,0.75,0.22,0.408992,0.323034,0.5
alpha075_rho025_Lc2,0.75,0.25,2,0.666667,0.75,0.23,0.421927,0.315059,0.5
alpha075_rho025_Lc2,0.75,0.25,2,0.666667,0.75,0.24,0.434293,0.307537,0.5
alpha075_rho025_Lc2,0.75,0.25,2,0.666667,0.75,0.25,0.446108,0.300429,0.5
alpha075_rho025_Lc2,0.75,0.25,2,0.666667,0.75,0.26,0.457391,0.293704,0.5
alpha075_rho025_Lc2,0.75,0.25,2,0.666667,0.75,0.27,0.468163,0.287333,0.5
alpha075_rho025_Lc2,0.75,0.25,2,0.666667,0.75,0.28,0.478444,0.281292,0.5
alpha075_rho025_Lc2,0.75,0.25,2,0.666667,0.75,0.29,0.488256,0.275559,0.5
alpha075_rho025_Lc2,0.75,0.25,2,0.666667,0.75,0.3,0.497621,0.270114,0.5
alpha075_rho025_Lc2,0.75,0.25,2,0.666667,0.75,0.31,0.506559,0.264942,0.5
alpha075_rho025_Lc2,0.75,0.25,2,0.666667,0.75,0.32,0.515092,0.260026,0.5
alpha075_rho025_Lc2,0.75,0.25,2,0.666667,0.75,0.33,0.523239,0.255353,0.5
alpha075_rho025_Lc2,0.75,0.25,2,0.666667,0.75,0.34,0.531022,0.25091,0.5
alpha075_rho025_Lc2,0.75,0.25,2,0.666667,0.75,0.35,0.538458,0.246685,0.5
alpha075_rho025_Lc2,0.75,0.25,2,0.666667,0.75,0.36,0.545567,0.242666,0.5
alpha075_rho025_Lc2,0.75,0.25,2,0.666667,0.75,0.37,0.552365,0.238845,0.5
alpha075_rho025_Lc2,0.75,0.25,2,0.666667,0.75,0.38,0.55887,0.23521,0.5
alpha075_rho025_Lc2,0.75,0.25,2,0.666667,0.75,0.39,0.565098,0.231754,0.5
alpha075_rho025_Lc2,0.75,0.25,2,0.666667,0.75,0.4,0.571063,0.228468,0.5
alpha075_rho025_Lc2,0.75,0.25,2,0.666667,0.75,0.41,0.57678,0.225343,0.5
alpha075_rho025_Lc2,0.75,0.25,2,0.666667,0.75,0.42,0.582262,0.222372,0.5
alpha075_rho025_Lc2,0.75,0.25,2,0.666667,0.75,0.43,0.587522,0.219548,0.5
alpha075_rho025_Lc2,0.75,0.25,2,0.666667,0.75,0.44,0.592572,0.216863,0.5
alpha075_rho025_Lc2,0.75,0.25,2,0.666667,0.75,0.45,0.597423,0.214311,0.5
alpha075_rho025_Lc2,0.75,0.25,2,0.666667,0.75,0.46,0.602086,0.211886,0.5
alpha075_rho025_Lc2,0.75,0.25,2,0.666667,0.75,0.47,0.606571,0.209582,0.5
alpha075_rho025_Lc2,0.75,0.25,2,0.666667,0.75,0.48,0.610886,0.207393,0.5
alpha075_rho025_Lc2,0.75,0.25,2,0.666667,0.75,0.49,0.61504,0.205313,0.5
alpha075_rho025_Lc2,0.75,0.25,2,0.666667,0.75,0.5,0.619042,0.203337,0.5
alpha075_rho025_Lc2,0.75,0.25,2,0.666667,0.75,0.51,0.6229,0.201461,0.5
alpha075_rho025_Lc2,0.75,0.25,2,0.666667,0.75,0.52,0.626619,0.199679,0.5
alpha075_rho025_Lc2,0.75,0.25,2,0.666667,0.75,0.53,0.630208,0.197987,0.5
alpha075_rho025_Lc2,0.75,0.25,2,0.666667,0.75,0.54,0.633672,0.19638,0.5
alpha075_rho025_Lc2,0.75,0.25,2,0.666667,0.75,0.55,0.637018,0.194854,0.5
alpha075_rho025_Lc2,0.75,0.25,2,0.666667,0.75,0.56,0.64025,0.193406,0.5
alpha075_rho025_Lc2,0.75,0.25,2,0.666667,0.75,0.57,0.643373,0.192031,0.5
alpha075_rho025_Lc2,0.75,0.25,2,0.666667,0.75,0.58,0.646394,0.190726,0.5
alpha075_rho025_Lc2,0.75,0.25,2,0.666667,0.75,0.59,0.649316,0.189487,0.5
alpha075_rho025_Lc2,0.75,0.25,2,0.666667,0.75,0.6,0.652143,0.188311,0.5
alpha075_rho025_Lc2,0.75,0.25,2,0.666667,0.75,0.61,0.65488,0.187196,0.5
alpha075_rho025_Lc2,0.75,0.25,2,0.666667,0.75,0.62,0.657531,0.186137,0.5
alpha075_rho025_Lc2,0.75,0.25,2,0.666667,0.75,0.63,0.660098,0.185133,0.5
alpha075_rho025_Lc2,0.75,0.25,2,0.666667,0.75,0.64,0.662586,0.18418,0.5
alpha075_rho025_Lc2,0.75,0.25,2,0.666667,0.75,0.65,0.664997,0.183275,0.5
alpha075_rho025_Lc2,0.75,0.25,2,0.666667,0.75,0.66,0.667335,0.182417,0.5
alpha075_rho025_Lc2,0.75,0.25,2,0.666667,0.75,0.67,0.669602,0.181603,0.5
alpha075_rho025_Lc2,0.75,0.25,2,0.666667,0.75,0.68,0.671801,0.180831,0.5
alpha075_rho025_Lc2,0.75,0.25,2,0.666667,0.75,0.69,0.673935,0.180099,0.5
alpha075_rho025_Lc2,0.75,0.25,2,0.666667,0.75,0.7,0.676005,0.179404,0.5
alpha075_rho025_Lc2,0.75,0.25,2,0.666667,0.75,0.71,0.678015,0.178745,0.5
alpha075_rho025_Lc2,0.75,0.25,2,0.666667,0.75,0.72,0.679966,0.17812,0.5
alpha075_rho025_Lc2,0.75,0.25,2,0.666667,0.75,0.73,0.681861,0.177527,0.5
alpha075_rho025_Lc2,0.75,0.25,2,0.666667,0.75,0.74,0.683701,0.176965,0.5
alpha075_rho025_Lc2,0.75,0.25,2,0.666667,0.75,0.75,0.685488,0.176432,0.5
alpha075_rho025_Lc2,0.75,0.25,2,0.666667,0.75,0.76,0.687225,0.175926,0.5
alpha075_rho025_Lc2,0.75,0.25,2,0.666667,0.75,0.77,0.688912,0.175446,0.5
alpha075_rho025_Lc2,0.75,0.25,2,0.666667,0.75,0.78,0.690551,0.174991,0.5
alpha075_rho025_Lc2,0.75,0.25,2,0.666667,0.75,0.79,0.692145,0.17456,0.5
alpha075_rho025_Lc2,0.75,0.25,2,0.666667,0.75,0.8,0.693693,0.174151,0.5
alpha075_rho025_Lc2,0.75,0.25,2,0.666667,0.75,0.81,0.695199,0.173763,0.5
alpha075_rho025_Lc2,0.75,0.25,2,0.666667,0.75,0.82,0.696663,0.173395,0.5
alpha075_rho025_Lc2,0.75,0.25,2,0.666667,0.75,0.83,0.698086,0.173046,0.5
alpha075_rho025_Lc2,0.75,0.25,2,0.666667,0.75,0.84,0.69947,0.172715,0.5
alpha075_rho025_Lc2,0.75,0.25,2,0.666667,0.75,0.85,0.700816,0.172401,0.5
alpha075_rho025_Lc2,0.75,0.25,2,0.666667,0.75,0.86,0.702125,0.172104,0.5
alpha075_rho025_Lc2,0.75,0.25,2,0.666667,0.75,0.87,0.703398,0.171822,0.5
alpha075_rho025_Lc2,0.75,0.25,2,0.666667,0.75,0.88,0.704637,0.171554,0.5
alpha075_rho025_Lc2,0.75,0.25,2,0.666667,0.75,0.89,0.705842,0.171301,0.5
alpha075_rho025_Lc2,0.75,0.25,2,0.666667,0.75,0.9,0.707014,0.17106,0.5
alpha075_rho025_Lc2,0.75,0.25,2,0.666667,0.75,0.91,0.708154,0.170832,0.5
alpha075_rho025_Lc2,0.75,0.25,2,0.666667,0.75,0.92,0.709263,0.170616,0.5
alpha075_rho025_Lc2,0.75,0.25,2,0.666667,0.75,0.93,0.710343,0.170411,0.5
alpha075_rho025_Lc2,0.75,0.25,2,0.666667,0.75,0.94,0.711393,0.170217,0.5
alpha075_rho025_Lc2,0.75,0.25,2,0.666667,0.75,0.95,0.712415,0.170033,0.5
alpha075_rho025_Lc2,0.75,0.25,2,0.666667,0.75,0.96,0.71341,0.169858,0.5
alpha075_rho025_Lc2,0.75,0.25,2,0.666667,0.75,0.97,0.714378,0.169692,0.5
alpha075_rho025_Lc2,0.75,0.25,2,0.666667,0.75,0.98,0.71532,0.169535,0.5
alpha075_rho025_Lc2,0.75,0.25,2,0.666667,0.75,0.99,0.716236,0.169386,0.5
alpha075_rho025_Lc2,0.75,0.25,2,0.666667,0.75,1,0.717129,0.169245,0.5
alpha075_rho025_Lc2,0.75,0.25,2,0.666667,0.75,1.01,0.717997,0.169111,0.5
alpha075_rho025_Lc2,0.75,0.25,2,0.666667,0.75,1.02,0.718842,0.168984,0.5
alpha075_rho025_Lc2,0.75,0.25,2,0.666667,0.75,1.03,0.719665,0.168864,0.5
alpha075_rho025_Lc2,0.75,0.25,2,0.666667,0.75,1.04,0.720466,0.16875,0.5
alpha075_rho025_Lc2,0.75,0.25,2,0.666667,0.75,1.05,0.721245,0.168642,0.5
alpha075_rho025_Lc2,0.75,0.25,2,0.666667,0.75,1.06,0.722004,0.168539,0.5
alpha075_rho025_Lc2,0.75,0.25,2,0.666667,0.75,1.07,0.722743,0.168442,0.5
alpha075_rho025_Lc2,0.75,0.25,2,0.666667,0.75,1.08,0.723462,0.16835,0.5
alpha075_rho025_Lc2,0.75,0.25,2,0.666667,0.75,1.09,0.724162,0.168262,0.5
alpha075_rho025_Lc2,0.75,0.25,2,0.666667,0.75,1.1,0.724843,0.16818,0.5
alpha075_rho025_Lc2,0.75,0.25,2,0.666667,0.75,1.11,0.725506,0.168101,0.5
alpha075_rho025_Lc2,0.75,0.25,2,0.666667,0.75,1.12,0.726152,0.168027,0.5
alpha075_rho025_Lc2,0.75,0.25,2,0.666667,0.75,1.13,0.726781,0.167956,0.5
alpha075_rho025_Lc2,0.75,0.25,2,0.666667,0.75,1.14,0.727393,0.167889,0.5
alpha075_rho025_Lc2,0.75,0.25,2,0.666667,0.75,1.15,0.727988,0.167826,0.5
alpha075_rho025_Lc2,0.75,0.25,2,0.666667,0.75,1.16,0.728568,0.167765,0.5
alpha075_rho025_Lc2,0.75,0.25,2,0.666667,0.75,1.17,0.729133,0.167708,0.5
alpha075_rho025_Lc2,0.75,0.25,2,0.666667,0.75,1.18,0.729683,0.167654,0.5
alpha075_rho025_Lc2,0.75,0.25,2,0.666667,0.75,1.19,0.730218,0.167603,0.5
alpha075_rho025_Lc2,0.75,0.25,2,0.666667,0.75,1.2,0.730739,0.167554,0.5
alpha075_rho025_Lc2,0.75,0.25,2,0.666667,0.75,1.21,0.731246,0.167508,0.5
alpha075_rho025_Lc2,0.75,0.25,2,0.666667,0.75,1.22,0.73174,0.167465,0.5
alpha075_rho025_Lc2,0.75,0.25,2,0.666667,0.75,1.23,0.732221,0.167423,0.5
alpha075_rho025_Lc2,0.75,0.25,2,0.666667,0.75,1.24,0.732689,0.167384,0.5
alpha075_rho025_Lc2,0.75,0.25,2,0.666667,0.75,1.25,0.733145,0.167347,0.5
alpha075_rho025_Lc2,0.75,0.25,2,0.666667,0.75,1.26,0.733589,0.167311,0.5
alpha075_rho025_Lc2,0.75,0.25,2,0.666667,0.75,1.27,0.734021,0.167278,0.5
alpha075_rho025_Lc2,0.75,0.25,2,0.666667,0.75,1.28,0.734442,0.167246,0.5
alpha075_rho025_Lc2,0.75,0.25,2,0.666667,0.75,1.29,0.734852,0.167216,0.5
alpha075_rho025_Lc2,0.75,0.25,2,0.666667,0.75,1.3,0.73525,0.167187,0.5
alpha075_rho025_Lc2,0.75,0.25,2,0.666667,0.75,1.31,0.735639,0.16716,0.5
alpha075_rho025_Lc2,0.75,0.25,2,0.666667,0.75,1.32,0.736017,0.167135,0.5
alpha075_rho025_Lc2,0.75,0.25,2,0.666667,0.75,1.33,0.736385,0.16711,0.5
alpha075_rho025_Lc2,0.75,0.25,2,0.666667,0.75,1.34,0.736743,0.167087,0.5
alpha075_rho025_Lc2,0.75,0.25,2,0.666667,0.75,1.35,0.737092,0.167066,0.5
alpha075_rho025_Lc2,0.75,0.25,2,0.666667,0.75,1.36,0.737432,0.167045,0.5
alpha075_rho025_Lc2,0.75,0.25,2,0.666667,0.75,1.37,0.737763,0.167025,0.5
alpha075_rho025_Lc2,0.75,0.25,2,0.666667,0.75,1.38,0.738085,0.167007,0.5
alpha075_rho025_Lc2,0.75,0.25,2,0.666667,0.75,1.39,0.738399,0.166989,0.5
alpha075_rho025_Lc2,0.75,0.25,2,0.666667,0.75,1.4,0.738704,0.166972,0.5
alpha075_rho025_Lc2,0.75,0.25,2,0.666667,0.75,1.41,0.739001,0.166956,0.5
alpha075_rho025_Lc2,0.75,0.25,2,0.666667,0.75,1.42,0.739291,0.166941,0.5
alpha075_rho025_Lc2,0.75,0.25,2,0.666667,0.75,1.43,0.739573,0.166927,0.5
alpha075_rho025_Lc2,0.75,0.25,2,0.666667,0.75,1.44,0.739847,0.166913,0.5
alpha075_rho025_Lc2,0.75,0.25,2,0.666667,0.75,1.45,0.740114,0.166901,0.5
alpha075_rho025_Lc2,0.75,0.25,2,0.666667,0.75,1.46,0.740374,0.166889,0.5
alpha075_rho025_Lc2,0.75,0.25,2,0.666667,0.75,1.47,0.740628,0.166877,0.5
alpha075_rho025_Lc2,0.75,0.25,2,0.666667,0.75,1.48,0.740874,0.166866,0.5
alpha075_rho025_Lc2,0.75,0.25,2,0.666667,0.75,1.49,0.741115,0.166856,0.5
alpha075_rho025_Lc2,0.75,0.25,2,0.666667,0.75,1.5,0.741348,0.166846,0.5
alpha075_rho025_Lc2,0.75,0.25,2,0.666667,0.75,1.51,0.741576,0.166837,0.5
alpha075_rho025_Lc2,0.75,0.25,2,0.666667,0.75,1.52,0.741798,0.166828,0.5
alpha075_rho025_Lc2,0.75,0.25,2,0.666667,0.75,1.53,0.742014,0.166819,0.5
alpha075_rho025_Lc2,0.75,0.25,2,0.666667,0.75,1.54,0.742224,0.166811,0.5
alpha075_rho025_Lc2,0.75,0.25,2,0.666667,0.75,1.55,0.742428,0.166804,0.5
alpha075_rho025_Lc2,0.75,0.25,2,0.666667,0.75,1.56,0.742628,0.166797,0.5
alpha075_rho025_Lc2,0.75,0.25,2,0.666667,0.75,1.57,0.742822,0.16679,0.5
alpha075_rho025_Lc2,0.75,0.25,2,0.666667,0.75,1.58,0.743011,0.166784,0.5
alpha075_rho025_Lc2,0.75,0.25,2,0.666667,0.75,1.59,0.743195,0.166778,0.5
alpha075_rho025_Lc2,0.75,0.25,2,0.666667,0.75,1.6,0.743374,0.166772,0.5
alpha075_rho025_Lc2,0.75,0.25,2,0.666667,0.75,1.61,0.743548,0.166766,0.5
alpha075_rho025_Lc2,0.75,0.25,2,0.666667,0.75,1.62,0.743718,0.166761,0.5
alpha075_rho025_Lc2,0.75,0.25,2,0.666667,0.75,1.63,0.743883,0.166756,0.5
alpha075_rho025_Lc2,0.75,0.25,2,0.666667,0.75,1.64,0.744044,0.166752,0.5
alpha075_rho025_Lc2,0.75,0.25,2,0.666667,0.75,1.65,0.744201,0.166747,0.5
alpha075_rho025_Lc2,0.75,0.25,2,0.666667,0.75,1.66,0.744353,0.166743,0.5
alpha075_rho025_Lc2,0.75,0.25,2,0.666667,0.75,1.67,0.744502,0.166739,0.5
alpha075_rho025_Lc2,0.75,0.25,2,0.666667,0.75,1.68,0.744647,0.166735,0.5
alpha075_rho025_Lc2,0.75,0.25,2,0.666667,0.75,1.69,0.744788,0.166732,0.5
alpha075_rho025_Lc2,0.75,0.25,2,0.666667,0.75,1.7,0.744925,0.166728,0.5
alpha075_rho025_Lc2,0.75,0.25,2,0.666667,0.75,1.71,0.745058,0.166725,0.5
alpha075_rho025_Lc2,0.75,0.25,2,0.666667,0.75,1.72,0.745188,0.166722,0.5
alpha075_rho025_Lc2,0.75,0.25,2,0.666667,0.75,1.73,0.745315,0.166719,0.5
alpha075_rho025_Lc2,0.75,0.25,2,0.666667,0.75,1.74,0.745438,0.166716,0.5
alpha075_rho025_Lc2,0.75,0.25,2,0.666667,0.75,1.75,0.745558,0.166714,0.5
alpha075_rho025_Lc2,0.75,0.25,2,0.666667,0.75,1.76,0.745675,0.166711,0.5
alpha075_rho025_Lc2,0.75,0.25,2,0.666667,0.75,1.77,0.745789,0.166709,0.5
alpha075_rho025_Lc2,0.75,0.25,2,0.666667,0.75,1.78,0.7459,0.166707,0.5
alpha075_rho025_Lc2,0.75,0.25,2,0.666667,0.75,1.79,0.746008,0.166705,0.5
alpha075_rho025_Lc2,0.75,0.25,2,0.666667,0.75,1.8,0.746113,0.166703,0.5
alpha075_rho025_Lc2,0.75,0.25,2,0.666667,0.75,1.81,0.746215,0.166701,0.5
alpha075_rho025_Lc2,0.75,0.25,2,0.666667,0.75,1.82,0.746315,0.166699,0.5
alpha075_rho025_Lc2,0.75,0.25,2,0.666667,0.75,1.83,0.746412,0.166698,0.5
alpha075_rho025_Lc2,0.75,0.25,2,0.666667,0.75,1.84,0.746506,0.166696,0.5
alpha075_rho025_Lc2,0.75,0.25,2,0.666667,0.75,1.85,0.746598,0.166694,0.5
alpha075_rho025_Lc2,0.75,0.25,2,0.666667,0.75,1.86,0.746687,0.166693,0.5
alpha075_rho025_Lc2,0.75,0.25,2,0.666667,0.75,1.87,0.746775,0.166692,0.5
alpha075_rho025_Lc2,0.75,0.25,2,0.666667,0.75,1.88,0.74686,0.16669,0.5
alpha075_rho025_Lc2,0.75,0.25,2,0.666667,0.75,1.89,0.746942,0.166689,0.5
alpha075_rho025_Lc2,0.75,0.25,2,0.666667,0.75,1.9,0.747023,0.166688,0.5
alpha075_rho025_Lc2,0.75,0.25,2,0.666667,0.75,1.91,0.747101,0.166687,0.5
alpha075_rho025_Lc2,0.75,0.25,2,0.666667,0.75,1.92,0.747177,0.166686,0.5
alpha075_rho025_Lc2,0.75,0.25,2,0.666667,0.75,1.93,0.747252,0.166685,0.5
alpha075_rho025_Lc2,0.75,0.25,2,0.666667,0.75,1.94,0.747324,0.166684,0.5
alpha075_rho025_Lc2,0.75,0.25,2,0.666667,0.75,1.95,0.747394,0.166683,0.5
alpha075_rho025_Lc2,0.75,0.25,2,0.666667,0.75,1.96,0.747463,0.166682,0.5
alpha075_rho025_Lc2,0.75,0.25,2,0.666667,0.75,1.97,0.74753,0.166681,0.5
alpha075_rho025_Lc2,0.75,0.25,2,0.666667,0.75,1.98,0.747595,0.166681,0.5
alpha075_rho025_Lc2,0.75,0.25,2,0.666667,0.75,1.99,0.747658,0.16668,0.5
alpha075_rho025_Lc2,0.75,0.25,2,0.666667,0.75,2,0.74772,0.166679,0.5
alpha075_rho025_Lc2,0.75,0.25,2,0.666667,0.75,2.01,0.74778,0.166678,0.5
alpha075_rho025_Lc2,0.75,0.25,2,0.666667,0.75,2.02,0.747838,0.166678,0.5
alpha075_rho025_Lc2,0.75,0.25,2,0.666667,0.75,2.03,0.747895,0.166677,0.5
alpha075_rho025_Lc2,0.75,0.25,2,0.666667,0.75,2.04,0.74795,0.166677,0.5
alpha075_rho025_Lc2,0.75,0.25,2,0.666667,0.75,2.05,0.748004,0.166676,0.5
alpha075_rho025_Lc2,0.75,0.25,2,0.666667,0.75,2.06,0.748057,0.166676,0.5
alpha075_rho025_Lc2,0.75,0.25,2,0.666667,0.75,2.07,0.748108,0.166675,0.5
alpha075_rho025_Lc2,0.75,0.25,2,0.666667,0.75,2.08,0.748158,0.166675,0.5
alpha075_rho025_Lc2,0.75,0.25,2,0.666667,0.75,2.09,0.748206,0.166674,0.5
alpha075_rho025_Lc2,0.75,0.25,2,0.666667,0.75,2.1,0.748253,0.166674,0.5
alpha075_rho025_Lc2,0.75,0.25,2,0.666667,0.75,2.11,0.748299,0.166674,0.5
alpha075_rho025_Lc2,0.75,0.25,2,0.666667,0.75,2.12,0.748344,0.166673,0.5
alpha075_rho025_Lc2,0.75,0.25,2,0.666667,0.75,2.13,0.748388,0.166673,0.5
alpha075_rho025_Lc2,0.75,0.25,2,0.666667,0.75,2.14,0.74843,0.166673,0.5
alpha075_rho025_Lc2,0.75,0.25,2,0.666667,0.75,2.15,0.748471,0.166672,0.5
alpha075_rho025_Lc2,0.75,0.25,2,0.666667,0.75,2.16,0.748512,0.166672,0.5
alpha075_rho025_Lc2,0.75,0.25,2,0.666667,0.75,2.17,0.748551,0.166672,0.5
alpha075_rho025_Lc2,0.75,0.25,2,0.666667,0.75,2.18,0.748589,0.166671,0.5
alpha075_rho025_Lc2,0.75,0.25,2,0.666667,0.75,2.19,0.748626,0.166671,0.5
alpha075_rho025_Lc2,0.75,0.25,2,0.666667,0.75,2.2,0.748662,0.166671,0.5
alpha075_rho025_Lc2,0.75,0.25,2,0.666667,0.75,2.21,0.748697,0.166671,0.5
alpha075_rho025_Lc2,0.75,0.25,2,0.666667,0.75,2.22,0.748732,0.166671,0.5
alpha075_rho025_Lc2,0.75,0.25,2,0.666667,0.75,2.23,0.748765,0.16667,0.5
alpha075_rho025_Lc2,0.75,0.25,2,0.666667,0.75,2.24,0.748798,0.16667,0.5
alpha075_rho025_Lc2,0.75,0.25,2,0.666667,0.75,2.25,0.748829,0.16667,0.5
alpha075_rho025_Lc2,0.75,0.25,2,0.666667,0.75,2.26,0.74886,0.16667,0.5
alpha075_rho025_Lc2,0.75,0.25,2,0.666667,0.75,2.27,0.74889,0.16667,0.5
alpha075_rho025_Lc2,0.75,0.25,2,0.666667,0.75,2.28,0.748919,0.166669,0.5
alpha075_rho025_Lc2,0.75,0.25,2,0.666667,0.75,2.29,0.748948,0.166669,0.5
alpha075_rho025_Lc2,0.75,0.25,2,0.666667,0.75,2.3,0.748975,0.166669,0.5
alpha075_rho025_Lc2,0.75,0.25,2,0.666667,0.75,2.31,0.749002,0.166669,0.5
alpha075_rho025_Lc2,0.75,0.25,2,0.666667,0.75,2.32,0.749029,0.166669,0.5
alpha075_rho025_Lc2,0.75,0.25,2,0.666667,0.75,2.33,0.749054,0.166669,0.5
alpha075_rho025_Lc2,0.75,0.25,2,0.666667,0.75,2.34,0.749079,0.166669,0.5
alpha075_rho025_Lc2,0.75,0.25,2,0.666667,0.75,2.35,0.749103,0.166669,0.5
alpha075_rho025_Lc2,0.75,0.25,2,0.666667,0.75,2.36,0.749127,0.166668,0.5
alpha075_rho025_Lc2,0.75,0.25,2,0.666667,0.75,2.37,0.74915,0.166668,0.5
alpha075_rho025_Lc2,0.75,0.25,2,0.666667,0.75,2.38,0.749172,0.166668,0.5
alpha075_rho025_Lc2,0.75,0.25,2,0.666667,0.75,2.39,0.749194,0.166668,0.5
alpha075_rho025_Lc2,0.75,0.25,2,0.666667,0.75,2.4,0.749215,0.166668,0.5
alpha075_rho025_Lc2,0.75,0.25,2,0.666667,0.75,2.41,0.749236,0.166668,0.5
alpha075_rho025_Lc2,0.75,0.25,2,0.666667,0.75,2.42,0.749256,0.166668,0.5
alpha075_rho025_Lc2,0.75,0.25,2,0.666667,0.75,2.43,0.749276,0.166668,0.5
alpha075_rho025_Lc2,0.75,0.25,2,0.666667,0.75,2.44,0.749295,0.166668,0.5
alpha075_rho025_Lc2,0.75,0.25,2,0.666667,0.75,2.45,0.749313,0.166668,0.5
alpha075_rho025_Lc2,0.75,0.25,2,0.666667,0.75,2.46,0.749331,0.166668,0.5
alpha075_rho025_Lc2,0.75,0.25,2,0.666667,0.75,2.47,0.749349,0.166668,0.5
alpha075_rho025_Lc2,0.75,0.25,2,0.666667,0.75,2.48,0.749366,0.166668,0.5
alpha075_rho025_Lc2,0.75,0.25,2,0.666667,0.75,2.49,0.749383,0.166668,0.5
alpha075_rho025_Lc2,0.75,0.25,2,0.666667,0.75,2.5,0.749399,0.166668,0.5
alpha075_rho025_Lc2,0.75,0.25,2,0.666667,0.75,2.51,0.749415,0.166667,0.5
alpha075_rho025_Lc2,0.75,0.25,2,0.666667,0.75,2.52,0.74943,0.166667,0.5
alpha075_rho025_Lc2,0.75,0.25,2,0.666667,0.75,2.53,0.749445,0.166667,0.5
alpha075_rho025_Lc2,0.75,0.25,2,0.666667,0.75,2.54,0.74946,0.166667,0.5
alpha075_rho025_Lc2,0.75,0.25,2,0.666667,0.75,2.55,0.749474,0.166667,0.5
alpha075_rho025_Lc2,0.75,0.25,2,0.666667,0.75,2.56,0.749488,0.166667,0.5
alpha075_rho025_Lc2,0.75,0.25,2,0.666667,0.75,2.57,0.749501,0.166667,0.5
alpha075_rho025_Lc2,0.75,0.25,2,0.666667,0.75,2.58,0.749514,0.166667,0.5
alpha075_rho025_Lc2,0.75,0.25,2,0.666667,0.75,2.59,0.749527,0.166667,0.5
alpha075_rho025_Lc2,0.75,0.25,2,0.666667,0.75,2.6,0.74954,0.166667,0.5
alpha075_rho025_Lc2,0.75,0.25,2,0.666667,0.75,2.61,0.749552,0.166667,0.5
alpha075_rho025_Lc2,0.75,0.25,2,0.666667,0.75,2.62,0.749563,0.166667,0.5
alpha075_rho025_Lc2,0.75,0.25,2,0.666667,0.75,2.63,0.749575,0.166667,0.5
alpha075_rho025_Lc2,0.75,0.25,2,0.666667,0.75,2.64,0.749586,0.166667,0.5
alpha075_rho025_Lc2,0.75,0.25,2,0.666667,0.75,2.65,0.749597,0.166667,0.5
alpha075_rho025_Lc2,0.75,0.25,2,0.666667,0.75,2.66,0.749608,0.166667,0.5
alpha075_rho025_Lc2,0.75,0.25,2,0.666667,0.75,2.67,0.749618,0.166667,0.5
alpha075_rho025_Lc2,0.75,0.25,2,0.666667,0.75,2.68,0.749628,0.166667,0.5
alpha075_rho025_Lc2,0.75,0.25,2,0.666667,0.75,2.69,0.749638,0.166667,0.5
alpha075_rho025_Lc2,0.75,0.25,2,0.666667,0.75,2.7,0.749647,0.166667,0.5
alpha075_rho025_Lc2,0.75,0.25,2,0.666667,0.75,2.71,0.749657,0.166667,0.5
alpha075_rho025_Lc2,0.75,0.25,2,0.666667,0.75,2.72,0.749666,0.166667,0.5
alpha075_rho025_Lc2,0.75,0.25,2,0.666667,0.75,2.73,0.749674,0.166667,0.5
alpha075_rho025_Lc2,0.75,0.25,2,0.666667,0.75,2.74,0.749683,0.166667,0.5
alpha075_rho025_Lc2,0.75,0.25,2,0.666667,0.75,2.75,0.749691,0.166667,0.5
alpha075_rho025_Lc2,0.75,0.25,2,0.666667,0.75,2.76,0.749699,0.166667,0.5
alpha075_rho025_Lc2,0.75,0.25,2,0.666667,0.75,2.77,0.749707,0.166667,0.5
alpha075_rho025_Lc2,0.75,0.25,2,0.666667,0.75,2.78,0.749715,0.166667,0.5
alpha075_rho025_Lc2,0.75,0.25,2,0.666667,0.75,2.79,0.749723,0.166667,0.5
alpha075_rho025_Lc2,0.75,0.25,2,0.666667,0.75,2.8,0.74973,0.166667,0.5
alpha075_rho025_Lc2,0.75,0.25,2,0.666667,0.75,2.81,0.749737,0.166667,0.5
alpha075_rho025_Lc2,0.75,0.25,2,0.666667,0.75,2.82,0.749744,0.166667,0.5
alpha075_rho025_Lc2,0.75,0.25,2,0.666667,0.75,2.83,0.749751,0.166667,0.5
alpha075_rho025_Lc2,0.75,0.25,2,0.666667,0.75,2.84,0.749757,0.166667,0.5
alpha075_rho025_Lc2,0.75,0.25,2,0.666667,0.75,2.85,0.749764,0.166667,0.5
alpha075_rho025_Lc2,0.75,0.25,2,0.666667,0.75,2.86,0.74977,0.166667,0.5
alpha075_rho025_Lc2,0.75,0.25,2,0.666667,0.75,2.87,0.749776,0.166667,0.5
alpha075_rho025_Lc2,0.75,0.25,2,0.666667,0.75,2.88,0.749782,0.166667,0.5
alpha075_rho025_Lc2,0.75,0.25,2,0.666667,0.75,2.89,0.749788,0.166667,0.5
alpha075_rho025_Lc2,0.75,0.25,2,0.666667,0.75,2.9,0.749793,0.166667,0.5
alpha075_rho025_Lc2,0.75,0.25,2,0.666667,0.75,2.91,0.749799,0.166667,0.5
alpha075_rho025_Lc2,0.75,0.25,2,0.666667,0.75,2.92,0.749804,0.166667,0.5
alpha075_rho025_Lc2,0.75,0.25,2,0.666667,0.75,2.93,0.749809,0.166667,0.5
alpha075_rho025_Lc2,0.75,0.25,2,0.666667,0.75,2.94,0.749814,0.166667,0.5
alpha075_rho025_Lc2,0.75,0.25,2,0.666667,0.75,2.95,0.749819,0.166667,0.5
alpha075_rho025_Lc2,0.75,0.25,2,0.666667,0.75,2.96,0.749824,0.166667,0.5
alpha075_rho025_Lc2,0.75,0.25,2,0.666667,0.75,2.97,0.749828,0.166667,0.5
alpha075_rho025_Lc2,0.75,0.25,2,0.666667,0.75,2.98,0.749833,0.166667,0.5
alpha075_rho025_Lc2,0.75,0.25,2,0.666667,0.75,2.99,0.749837,0.166667,0.5
alpha075_rho025_Lc2,0.75,0.25,2,0.666667,0.75,3,0.749842,0.166667,0.5
alpha075_rho025_Lc2,0.75,0.25,2,0.666667,0.75,3.01,0.749846,0.166667,0.5
alpha075_rho025_Lc2,0.75,0.25,2,0.666667,0.75,3.02,0.74985,0.166667,0.5
alpha075_rho025_Lc2,0.75,0.25,2,0.666667,0.75,3.03,0.749854,0.166667,0.5
alpha075_rho025_Lc2,0.75,0.25,2,0.666667,0.75,3.04,0.749858,0.166667,0.5
alpha075_rho025_Lc2,0.75,0.25,2,0.666667,0.75,3.05,0.749861,0.166667,0.5
alpha075_rho025_Lc2,0.75,0.25,2,0.666667,0.75,3.06,0.749865,0.166667,0.5
alpha075_rho025_Lc2,0.75,0.25,2,0.666667,0.75,3.07,0.749869,0.166667,0.5
alpha075_rho025_Lc2,0.75,0.25,2,0.666667,0.75,3.08,0.749872,0.166667,0.5
alpha075_rho025_Lc2,0.75,0.25,2,0.666667,0.75,3.09,0.749875,0.166667,0.5
alpha075_rho025_Lc2,0.75,0.25,2,0.666667,0.75,3.1,0.749879,0.166667,0.5
alpha075_rho025_Lc2,0.75,0.25,2,0.666667,0.75,3.11,0.749882,0.166667,0.5
alpha075_rho025_Lc2,0.75,0.25,2,0.666667,0.75,3.12,0.749885,0.166667,0.5
alpha075_rho025_Lc2,0.75,0.25,2,0.666667,0.75,3.13,0.749888,0.166667,0.5
alpha075_rho025_Lc2,0.75,0.25,2,0.666667,0.75,3.14,0.749891,0.166667,0.5
alpha075_rho025_Lc2,0.75,0.25,2,0.666667,0.75,3.15,0.749894,0.166667,0.5
alpha075_rho025_Lc2,0.75,0.25,2,0.666667,0.75,3.16,0.749897,0.166667,0.5
alpha075_rho025_Lc2,0.75,0.25,2,0.666667,0.75,3.17,0.749899,0.166667,0.5
alpha075_rho025_Lc2,0.75,0.25,2,0.666667,0.75,3.18,0.749902,0.166667,0.5
alpha075_rho025_Lc2,0.75,0.25,2,0.666667,0.75,3.19,0.749905,0.166667,0.5
alpha075_rho025_Lc2,0.75,0.25,2,0.666667,0.75,3.2,0.749907,0.166667,0.5
alpha075_rho025_Lc2,0.75,0.25,2,0.666667,0.75,3.21,0.749909,0.166667,0.5
alpha075_rho025_Lc2,0.75,0.25,2,0.666667,0.75,3.22,0.749912,0.166667,0.5
alpha075_rho025_Lc2,0.75,0.25,2,0.666667,0.75,3.23,0.749914,0.166667,0.5
alpha075_rho025_Lc2,0.75,0.25,2,0.666667,0.75,3.24,0.749916,0.166667,0.5
alpha075_rho025_Lc2,0.75,0.25,2,0.666667,0.75,3.25,0.749919,0.166667,0.5
alpha075_rho025_Lc2,0.75,0.25,2,0.666667,0.75,3.26,0.749921,0.166667,0.5
alpha075_rho025_Lc2,0.75,0.25,2,0.666667,0.75,3.27,0.749923,0.166667,0.5
alpha075_rho025_Lc2,0.75,0.25,2,0.666667,0.75,3.28,0.749925,0.166667,0.5
alpha075_rho025_Lc2,0.75,0.25,2,0.666667,0.75,3.29,0.749927,0.166667,0.5
alpha075_rho025_Lc2,0.75,0.25,2,0.666667,0.75,3.3,0.749929,0.166667,0.5
alpha075_rho025_Lc2,0.75,0.25,2,0.666667,0.75,3.31,0.749931,0.166667,0.5
alpha075_rho025_Lc2,0.75,0.25,2,0.666667,0.75,3.32,0.749932,0.166667,0.5
alpha075_rho025_Lc2,0.75,0.25,2,0.666667,0.75,3.33,0.749934,0.166667,0.5
alpha075_rho025_Lc2,0.75,0.25,2,0.666667,0.75,3.34,0.749936,0.166667,0.5
alpha075_rho025_Lc2,0.75,0.25,2,0.666667,0.75,3.35,0.749938,0.166667,0.5
alpha075_rho025_Lc2,0.75,0.25,2,0.666667,0.75,3.36,0.749939,0.166667,0.5
alpha075_rho025_Lc2,0.75,0.25,2,0.666667,0.75,3.37,0.749941,0.166667,0.5
alpha075_rho025_Lc2,0.75,0.25,2,0.666667,0.75,3.38,0.749942,0.166667,0.5
alpha075_rho025_Lc2,0.75,0.25,2,0.666667,0.75,3.39,0.749944,0.166667,0.5
alpha075_rho025_Lc2,0.75,0.25,2,0.666667,0.75,3.4,0.749945,0.166667,0.5
alpha075_rho025_Lc2,0.75,0.25,2,0.666667,0.75,3.41,0.749947,0.166667,0.5
alpha075_rho025_Lc2,0.75,0.25,2,0.666667,0.75,3.42,0.749948,0.166667,0.5
alpha075_rho025_Lc2,0.75,0.25,2,0.666667,0.75,3.43,0.74995,0.166667,0.5
alpha075_rho025_Lc2,0.75,0.25,2,0.666667,0.75,3.44,0.749951,0.166667,0.5
alpha075_rho025_Lc2,0.75,0.25,2,0.666667,0.75,3.45,0.749952,0.166667,0.5
alpha075_rho025_Lc2,0.75,0.25,2,0.666667,0.75,3.46,0.749954,0.166667,0.5
alpha075_rho025_Lc2,0.75,0.25,2,0.666667,0.75,3.47,0.749955,0.166667,0.5
alpha075_rho025_Lc2,0.75,0.25,2,0.666667,0.75,3.48,0.749956,0.166667,0.5
alpha075_rho025_Lc2,0.75,0.25,2,0.666667,0.75,3.49,0.749957,0.166667,0.5
alpha075_rho025_Lc2,0.75,0.25,2,0.666667,0.75,3.5,0.749958,0.166667,0.5
alpha075_rho025_Lc2,0.75,0.25,2,0.666667,0.75,3.51,0.749959,0.166667,0.5
alpha075_rho025_Lc2,0.75,0.25,2,0.666667,0.75,3.52,0.74996,0.166667,0.5
alpha075_rho025_Lc2,0.75,0.25,2,0.666667,0.75,3.53,0.749961,0.166667,0.5
alpha075_rho025_Lc2,0.75,0.25,2,0.666667,0.75,3.54,0.749962,0.166667,0.5
alpha075_rho025_Lc2,0.75,0.25,2,0.666667,0.75,3.55,0.749963,0.166667,0.5
alpha075_rho025_Lc2,0.75,0.25,2,0.666667,0.75,3.56,0.749964,0.166667,0.5
alpha075_rho025_Lc2,0.75,0.25,2,0.666667,0.75,3.57,0.749965,0.166667,0.5
alpha075_rho025_Lc2,0.75,0.25,2,0.666667,0.75,3.58,0.749966,0.166667,0.5
alpha075_rho025_Lc2,0.75,0.25,2,0.666667,0.75,3.59,0.749967,0.166667,0.5
alpha075_rho025_Lc2,0.75,0.25,2,0.666667,0.75,3.6,0.749968,0.166667,0.5
alpha075_rho025_Lc2,0.75,0.25,2,0.666667,0.75,3.61,0.749969,0.166667,0.5
alpha075_rho025_Lc2,0.75,0.25,2,0.666667,0.75,3.62,0.74997,0.166667,0.5
alpha075_rho025_Lc2,0.75,0.25,2,0.666667,0.75,3.63,0.74997,0.166667,0.5
alpha075_rho025_Lc2,0.75,0.25,2,0.666667,0.75,3.64,0.749971,0.166667,0.5
alpha075_rho025_Lc2,0.75,0.25,2,0.666667,0.75,3.65,0.749972,0.166667,0.5
alpha075_rho025_Lc2,0.75,0.25,2,0.666667,0.75,3.66,0.749973,0.166667,0.5
alpha075_rho025_Lc2,0.75,0.25,2,0.666667,0.75,3.67,0.749973,0.166667,0.5
alpha075_rho025_Lc2,0.75,0.25,2,0.666667,0.75,3.68,0.749974,0.166667,0.5
alpha075_rho025_Lc2,0.75,0.25,2,0.666667,0.75,3.69,0.749975,0.166667,0.5
alpha075_rho025_Lc2,0.75,0.25,2,0.666667,0.75,3.7,0.749975,0.166667,0.5
alpha075_rho025_Lc2,0.75,0.25,2,0.666667,0.75,3.71,0.749976,0.166667,0.5
alpha075_rho025_Lc2,0.75,0.25,2,0.666667,0.75,3.72,0.749977,0.166667,0.5
alpha075_rho025_Lc2,0.75,0.25,2,0.666667,0.75,3.73,0.749977,0.166667,0.5
alpha075_rho025_Lc2,0.75,0.25,2,0.666667,0.75,3.74,0.749978,0.166667,0.5
alpha075_rho025_Lc2,0.75,0.25,2,0.666667,0.75,3.75,0.749979,0.166667,0.5
alpha075_rho025_Lc2,0.75,0.25,2,0.666667,0.75,3.76,0.749979,0.166667,0.5
alpha075_rho025_Lc2,0.75,0.25,2,0.666667,0.75,3.77,0.74998,0.166667,0.5
alpha075_rho025_Lc2,0.75,0.25,2,0.666667,0.75,3.78,0.74998,0.166667,0.5
alpha075_rho025_Lc2,0.75,0.25,2,0.666667,0.75,3.79,0.749981,0.166667,0.5
alpha075_rho025_Lc2,0.75,0.25,2,0.666667,0.75,3.8,0.749981,0.166667,0.5
alpha075_rho025_Lc2,0.75,0.25,2,0.666667,0.75,3.81,0.749982,0.166667,0.5
alpha075_rho025_Lc2,0.75,0.25,2,0.666667,0.75,3.82,0.749982,0.166667,0.5
alpha075_rho025_Lc2,0.75,0.25,2,0.666667,0.75,3.83,0.749983,0.166667,0.5
alpha075_rho025_Lc2,0.75,0.25,2,0.666667,0.75,3.84,0.749983,0.166667,0.5
alpha075_rho025_Lc2,0.75,0.25,2,0.666667,0.75,3.85,0.749984,0.166667,0.5
alpha075_rho025_Lc2,0.75,0.25,2,0.666667,0.75,3.86,0.749984,0.166667,0.5
alpha075_rho025_Lc2,0.75,0.25,2,0.666667,0.75,3.87,0.749984,0.166667,0.5
alpha075_rho025_Lc2,0.75,0.25,2,0.666667,0.75,3.88,0.749985,0.166667,0.5
alpha075_rho025_Lc2,0.75,0.25,2,0.666667,0.75,3.89,0.749985,0.166667,0.5
alpha075_rho025_Lc2,0.75,0.25,2,0.666667,0.75,3.9,0.749986,0.166667,0.5
alpha075_rho025_Lc2,0.75,0.25,2,0.666667,0.75,3.91,0.749986,0.166667,0.5
alpha075_rho025_Lc2,0.75,0.25,2,0.666667,0.75,3.92,0.749986,0.166667,0.5
alpha075_rho025_Lc2,0.75,0.25,2,0.666667,0.75,3.93,0.749987,0.166667,0.5
alpha075_rho025_Lc2,0.75,0.25,2,0.666667,0.75,3.94,0.749987,0.166667,0.5
alpha075_rho025_Lc2,0.75,0.25,2,0.666667,0.75,3.95,0.749987,0.166667,0.5
alpha075_rho025_Lc2,0.75,0.25,2,0.666667,0.75,3.96,0.749988,0.166667,0.5
alpha075_rho025_Lc2,0.75,0.25,2,0.666667,0.75,3.97,0.749988,0.166667,0.5
alpha075_rho025_Lc2,0.75,0.25,2,0.666667,0.75,3.98,0.749988,0.166667,0.5
alpha075_rho025_Lc2,0.75,0.25,2,0.666667,0.75,3.99,0.749989,0.166667,0.5
alpha075_rho025_Lc2,0.75,0.25,2,0.666667,0.75,4,0.749989,0.166667,0.5
alpha075_rho025_Lc2,0.75,0.25,2,0.666667,0.75,4.01,0.749989,0.166667,0.5
alpha075_rho025_Lc2,0.75,0.25,2,0.666667,0.75,4.02,0.74999,0.166667,0.5
alpha075_rho025_Lc2,0.75,0.25,2,0.666667,0.75,4.03,0.74999,0.166667,0.5
alpha075_rho025_Lc2,0.75,0.25,2,0.666667,0.75,4.04,0.74999,0.166667,0.5
alpha075_rho025_Lc2,0.75,0.25,2,0.666667,0.75,4.05,0.74999,0.166667,0.5
alpha075_rho025_Lc2,0.75,0.25,2,0.666667,0.75,4.06,0.749991,0.166667,0.5
alpha075_rho025_Lc2,0.75,0.25,2,0.666667,0.75,4.07,0.749991,0.166667,0.5
alpha075_rho025_Lc2,0.75,0.25,2,0.666667,0.75,4.08,0.749991,0.166667,0.5
alpha075_rho025_Lc2,0.75,0.25,2,0.666667,0.75,4.09,0.749991,0.166667,0.5
alpha075_rho025_Lc2,0.75,0.25,2,0.666667,0.75,4.1,0.749992,0.166667,0.5
alpha075_rho025_Lc2,0.75,0.25,2,0.666667,0.75,4.11,0.749992,0.166667,0.5
alpha075_rho025_Lc2,0.75,0.25,2,0.666667,0.75,4.12,0.749992,0.166667,0.5
alpha075_rho025_Lc2,0.75,0.25,2,0.666667,0.75,4.13,0.749992,0.166667,0.5
alpha075_rho025_Lc2,0.75,0.25,2,0.666667,0.75,4.14,0.749992,0.166667,0.5
alpha075_rho025_Lc2,0.75,0.25,2,0.666667,0.75,4.15,0.749993,0.166667,0.5
alpha075_rho025_Lc2,0.75,0.25,2,0.666667,0.75,4.16,0.749993,0.166667,0.5
alpha075_rho025_Lc2,0.75,0.25,2,0.666667,0.75,4.17,0.749993,0.166667,0.5
alpha075_rho025_Lc2,0.75,0.25,2,0.666667,0.75,4.18,0.749993,0.166667,0.5
alpha075_rho025_Lc2,0.75,0.25,2,0.666667,0.75,4.19,0.749993,0.166667,0.5
alpha075_rho025_Lc2,0.75,0.25,2,0.666667,0.75,4.2,0.749994,0.166667,0.5
alpha075_rho025_Lc2,0.75,0.25,2,0.666667,0.75,4.21,0.749994,0.166667,0.5
alpha075_rho025_Lc2,0.75,0.25,2,0.666667,0.75,4.22,0.749994,0.166667,0.5
alpha075_rho025_Lc2,0.75,0.25,2,0.666667,0.75,4.23,0.749994,0.166667,0.5
alpha075_rho025_Lc2,0.75,0.25,2,0.666667,0.75,4.24,0.749994,0.166667,0.5
alpha075_rho025_Lc2,0.75,0.25,2,0.666667,0.75,4.25,0.749994,0.166667,0.5
alpha075_rho025_Lc2,0.75,0.25,2,0.666667,0.75,4.26,0.749994,0.166667,0.5
alpha075_rho025_Lc2,0.75,0.25,2,0.666667,0.75,4.27,0.749995,0.166667,0.5
alpha075_rho025_Lc2,0.75,0.25,2,0.666667,0.75,4.28,0.749995,0.166667,0.5
alpha075_rho025_Lc2,0.75,0.25,2,0.666667,0.75,4.29,0.749995,0.166667,0.5
alpha075_rho025_Lc2,0.75,0.25,2,0.666667,0.75,4.3,0.749995,0.166667,0.5
alpha075_rho025_Lc2,0.75,0.25,2,0.666667,0.75,4.31,0.749995,0.166667,0.5
alpha075_rho025_Lc2,0.75,0.25,2,0.666667,0.75,4.32,0.749995,0.166667,0.5
alpha075_rho025_Lc2,0.75,0.25,2,0.666667,0.75,4.33,0.749995,0.166667,0.5
alpha075_rho025_Lc2,0.75,0.25,2,0.666667,0.75,4.34,0.749996,0.166667,0.5
alpha075_rho025_Lc2,0.75,0.25,2,0.666667,0.75,4.35,0.749996,0.166667,0.5
alpha075_rho025_Lc2,0.75,0.25,2,0.666667,0.75,4.36,0.749996,0.166667,0.5
alpha075_rho025_Lc2,0.75,0.25,2,0.666667,0.75,4.37,0.749996,0.166667,0.5
alpha075_rho025_Lc2,0.75,0.25,2,0.666667,0.75,4.38,0.749996,0.166667,0.5
alpha075_rho025_Lc2,0.75,0.25,2,0.666667,0.75,4.39,0.749996,0.166667,0.5
alpha075_rho025_Lc2,0.75,0.25,2,0.666667,0.75,4.4,0.749996,0.166667,0.5
alpha075_rho025_Lc2,0.75,0.25,2,0.666667,0.75,4.41,0.749996,0.166667,0.5
alpha075_rho025_Lc2,0.75,0.25,2,0.666667,0.75,4.42,0.749996,0.166667,0.5
alpha075_rho025_Lc2,0.75,0.25,2,0.666667,0.75,4.43,0.749997,0.166667,0.5
alpha075_rho025_Lc2,0.75,0.25,2,0.666667,0.75,4.44,0.749997,0.166667,0.5
alpha075_rho025_Lc2,0.75,0.25,2,0.666667,0.75,4.45,0.749997,0.166667,0.5
alpha075_rho025_Lc2,0.75,0.25,2,0.666667,0.75,4.46,0.749997,0.166667,0.5
alpha075_rho025_Lc2,0.75,0.25,2,0.666667,0.75,4.47,0.749997,0.166667,0.5
alpha075_rho025_Lc2,0.75,0.25,2,0.666667,0.75,4.48,0.749997,0.166667,0.5
alpha075_rho025_Lc2,0.75,0.25,2,0.666667,0.75,4.49,0.749997,0.166667,0.5
alpha075_rho025_Lc2,0.75,0.25,2,0.666667,0.75,4.5,0.749997,0.166667,0.5
alpha075_rho025_Lc2,0.75,0.25,2,0.666667,0.75,4.51,0.749997,0.166667,0.5
alpha075_rho025_Lc2,0.75,0.25,2,0.666667,0.75,4.52,0.749997,0.166667,0.5
alpha075_rho025_Lc2,0.75,0.25,2,0.666667,0.75,4.53,0.749997,0.166667,0.5
alpha075_rho025_Lc2,0.75,0.25,2,0.666667,0.75,4.54,0.749997,0.166667,0.5
alpha075_rho025_Lc2,0.75,0.25,2,0.666667,0.75,4.55,0.749997,0.166667,0.5
alpha075_rho025_Lc2,0.75,0.25,2,0.666667,0.75,4.56,0.749998,0.166667,0.5
alpha075_rho025_Lc2,0.75,0.25,2,0.666667,0.75,4.57,0.749998,0.166667,0.5
alpha075_rho025_Lc2,0.75,0.25,2,0.666667,0.75,4.58,0.749998,0.166667,0.5
alpha075_rho025_Lc2,0.75,0.25,2,0.666667,0.75,4.59,0.749998,0.166667,0.5
alpha075_rho025_Lc2,0.75,0.25,2,0.666667,0.75,4.6,0.749998,0.166667,0.5
alpha075_rho025_Lc2,0.75,0.25,2,0.666667,0.75,4.61,0.749998,0.166667,0.5
alpha075_rho025_Lc2,0.75,0.25,2,0.666667,0.75,4.62,0.749998,0.166667,0.5
alpha075_rho025_Lc2,0.75,0.25,2,0.666667,0.75,4.63,0.749998,0.166667,0.5
alpha075_rho025_Lc2,0.75,0.25,2,0.666667,0.75,4.64,0.749998,0.166667,0.5
alpha075_rho025_Lc2,0.75,0.25,2,0.666667,0.75,4.65,0.749998,0.166667,0.5
alpha075_rho025_Lc2,0.75,0.25,2,0.666667,0.75,4.66,0.749998,0.166667,0.5
alpha075_rho025_Lc2,0.75,0.25,2,0.666667,0.75,4.67,0.749998,0.166667,0.5
alpha075_rho025_Lc2,0.75,0.25,2,0.666667,0.75,4.68,0.749998,0.166667,0.5
alpha075_rho025_Lc2,0.75,0.25,2,0.666667,0.75,4.69,0.749998,0.166667,0.5
alpha075_rho025_Lc2,0.75,0.25,2,0.666667,0.75,4.7,0.749998,0.166667,0.5
alpha075_rho025_Lc2,0.75,0.25,2,0.666667,0.75,4.71,0.749998,0.166667,0.5
alpha075_rho025_Lc2,0.75,0.25,2,0.666667,0.75,4.72,0.749998,0.166667,0.5
alpha075_rho025_Lc2,0.75,0.25,2,0.666667,0.75,4.73,0.749998,0.166667,0.5
alpha075_rho025_Lc2,0.75,0.25,2,0.666667,0.75,4.74,0.749998,0.166667,0.5
alpha075_rho025_Lc2,0.75,0.25,2,0.666667,0.75,4.75,0.749999,0.166667,0.5
alpha075_rho025_Lc2,0.75,0.25,2,0.666667,0.75,4.76,0.749999,0.166667,0.5
alpha075_rho025_Lc2,0.75,0.25,2,0.666667,0.75,4.77,0.749999,0.166667,0.5
alpha075_rho025_Lc2,0.75,0.25,2,0.666667,0.75,4.78,0.749999,0.166667,0.5
alpha075_rho025_Lc2,0.75,0.25,2,0.666667,0.75,4.79,0.749999,0.166667,0.5
alpha075_rho025_Lc2,0.75,0.25,2,0.666667,0.75,4.8,0.749999,0.166667,0.5
alpha075_rho025_Lc2,0.75,0.25,2,0.666667,0.75,4.81,0.749999,0.166667,0.5
alpha075_rho025_Lc2,0.75,0.25,2,0.666667,0.75,4.82,0.749999,0.166667,0.5
alpha075_rho025_Lc2,0.75,0.25,2,0.666667,0.75,4.83,0.749999,0.166667,0.5
alpha075_rho025_Lc2,0.75,0.25,2,0.666667,0.75,4.84,0.749999,0.166667,0.5
alpha075_rho025_Lc2,0.75,0.25,2,0.666667,0.75,4.85,0.749999,0.166667,0.5
alpha075_rho025_Lc2,0.75,0.25,2,0.666667,0.75,4.86,0.749999,0.166667,0.5
alpha075_rho025_Lc2,0.75,0.25,2,0.666667,0.75,4.87,0.749999,0.166667,0.5
alpha075_rho025_Lc2,0.75,0.25,2,0.666667,0.75,4.88,0.749999,0.166667,0.5
alpha075_rho025_Lc2,0.75,0.25,2,0.666667,0.75,4.89,0.749999,0.166667,0.5
alpha075_rho025_Lc2,0.75,0.25,2,0.666667,0.75,4.9,0.749999,0.166667,0.5
alpha075_rho025_Lc2,0.75,0.25,2,0.666667,0.75,4.91,0.749999,0.166667,0.5
alpha075_rho025_Lc2,0.75,0.25,2,0.666667,0.75,4.92,0.749999,0.166667,0.5
alpha075_rho025_Lc2,0.75,0.25,2,0.666667,0.75,4.93,0.749999,0.166667,0.5
alpha075_rho025_Lc2,0.75,0.25,2,0.666667,0.75,4.94,0.749999,0.166667,0.5
alpha075_rho025_Lc2,0.75,0.25,2,0.666667,0.75,4.95,0.749999,0.166667,0.5
alpha075_rho025_Lc2,0.75,0.25,2,0.666667,0.75,4.96,0.749999,0.166667,0.5
alpha075_rho025_Lc2,0.75,0.25,2,0.666667,0.75,4.97,0.749999,0.166667,0.5
alpha075_rho025_Lc2,0.75,0.25,2,0.666667,0.75,4.98,0.749999,0.166667,0.5
alpha075_rho025_Lc2,0.75,0.25,2,0.666667,0.75,4.99,0.749999,0.166667,0.5
alpha075_rho025_Lc2,0.75,0.25,2,0.666667,0.75,5,0.749999,0.166667,0.5
alpha075_rho025_Lc10,0.75,0.25,10,3.33333,0.75,0,0,1,0.5
alpha075_rho025_Lc10,0.75,0.25,10,3.33333,0.75,0.01,0.0958374,0.772995,0.5
alpha075_rho025_Lc10,0.75,0.25,10,3.33333,0.75,0.02,0.183519,0.608984,0.5
alpha075_rho025_Lc10,0.75,0.25,10,3.33333,0.75,0.03,0.263326,0.4906,0.5
alpha075_rho025_Lc10,0.75,0.25,10,3.33333,0.75,0.04,0.335577,0.405188,0.5
alpha075_rho025_Lc10,0.75,0.25,10,3.33333,0.75,0.05,0.400624,0.343548,0.5
alpha075_rho025_Lc10,0.75,0.25,10,3.33333,0.75,0.06,0.458848,0.299012,0.5
alpha075_rho025_Lc10,0.75,0.25,10,3.33333,0.75,0.07,0.510654,0.266758,0.5
alpha075_rho025_Lc10,0.75,0.25,10,3.33333,0.75,0.08,0.556463,0.243311,0.5
alpha075_rho025_Lc10,0.75,0.25,10,3.33333,0.75,0.09,0.596704,0.226171,0.5
alpha075_rho025_Lc10,0.75,0.25,10,3.33333,0.75,0.1,0.631813,0.213546,0.5
alpha075_rho025_Lc10,0.75,0.25,10,3.33333,0.75,0.11,0.662222,0.204155,0.5
alpha075_rho025_Lc10,0.75,0.25,10,3.33333,0.75,0.12,0.688356,0.197085,0.5
alpha075_rho025_Lc10,0.75,0.25,10,3.33333,0.75,0.13,0.710625,0.191687,0.5
alpha075_rho025_Lc10,0.75,0.25,10,3.33333,0.75,0.14,0.729425,0.1875,0.5
alpha075_rho025_Lc10,0.75,0.25,10,3.33333,0.75,0.15,0.745132,0.184197,0.5
alpha075_rho025_Lc10,0.75,0.25,10,3.33333,0.75,0.16,0.758099,0.181545,0.5
alpha075_rho025_Lc10,0.75,0.25,10,3.33333,0.75,0.17,0.768653,0.179382,0.5
alpha075_rho025_Lc10,0.75,0.25,10,3.33333,0.75,0.18,0.7771,0.177589,0.5
alpha075_rho025_Lc10,0.75,0.25,10,3.33333,0.75,0.19,0.783715,0.176085,0.5
alpha075_rho025_Lc10,0.75,0.25,10,3.33333,0.75,0.2,0.788754,0.174807,0.5
alpha075_rho025_Lc10,0.75,0.25,10,3.33333,0.75,0.21,0.792442,0.173713,0.5
alpha075_rho025_Lc10,0.75,0.25,10,3.33333,0.75,0.22,0.794985,0.17277,0.5
alpha075_rho025_Lc10,0.75,0.25,10,3.33333,0.75,0.23,0.796565,0.171952,0.5
alpha075_rho025_Lc10,0.75,0.25,10,3.33333,0.75,0.24,0.797341,0.171242,0.5
alpha075_rho025_Lc10,0.75,0.25,10,3.33333,0.75,0.25,0.797455,0.170623,0.5
alpha075_rho025_Lc10,0.75,0.25,10,3.33333,0.75,0.26,0.79703,0.170084,0.5
alpha075_rho025_Lc10,0.75,0.25,10,3.33333,0.75,0.27,0.796173,0.169615,0.5
alpha075_rho025_Lc10,0.75,0.25,10,3.33333,0.75,0.28,0.794974,0.169206,0.5
alpha075_rho025_Lc10,0.75,0.25,10,3.33333,0.75,0.29,0.793514,0.16885,0.5
alpha075_rho025_Lc10,0.75,0.25,10,3.33333,0.75,0.3,0.791858,0.168541,0.5
alpha075_rho025_Lc10,0.75,0.25,10,3.33333,0.75,0.31,0.790063,0.168273,0.5
alpha075_rho025_Lc10,0.75,0.25,10,3.33333,0.75,0.32,0.788177,0.168041,0.5
alpha075_rho025_Lc10,0.75,0.25,10,3.33333,0.75,0.33,0.786238,0.167841,0.5
alpha075_rho025_Lc10,0.75,0.25,10,3.33333,0.75,0.34,0.784278,0.167668,0.5
alpha075_rho025_Lc10,0.75,0.25,10,3.33333,0.75,0.35,0.782324,0.16752,0.5
alpha075_rho025_Lc10,0.75,0.25,10,3.33333,0.75,0.36,0.780396,0.167392,0.5
alpha075_rho025_Lc10,0.75,0.25,10,3.33333,0.75,0.37,0.778512,0.167283,0.5
alpha075_rho025_Lc10,0.75,0.25,10,3.33333,0.75,0.38,0.776683,0.167189,0.5
alpha075_rho025_Lc10,0.75,0.25,10,3.33333,0.75,0.39,0.77492,0.167109,0.5
alpha075_rho025_Lc10,0.75,0.25,10,3.33333,0.75,0.4,0.77323,0.167041,0.5
alpha075_rho025_Lc10,0.75,0.25,10,3.33333,0.75,0.41,0.771617,0.166983,0.5
alpha075_rho025_Lc10,0.75,0.25,10,3.33333,0.75,0.42,0.770084,0.166933,0.5
alpha075_rho025_Lc10,0.75,0.25,10,3.33333,0.75,0.43,0.768632,0.166891,0.5
alpha075_rho025_Lc10,0.75,0.25,10,3.33333,0.75,0.44,0.767262,0.166856,0.5
alpha075_rho025_Lc10,0.75,0.25,10,3.33333,0.75,0.45,0.765972,0.166826,0.5
alpha075_rho025_Lc10,0.75,0.25,10,3.33333,0.75,0.46,0.764762,0.1668,0.5
alpha075_rho025_Lc10,0.75,0.25,10,3.33333,0.75,0.47,0.763629,0.166779,0.5
alpha075_rho025_Lc10,0.75,0.25,10,3.33333,0.75,0.48,0.762571,0.166761,0.5
alpha075_rho025_Lc10,0.75,0.25,10,3.33333,0.75,0.49,0.761584,0.166745,0.5
alpha075_rho025_Lc10,0.75,0.25,10,3.33333,0.75,0.5,0.760665,0.166733,0.5
alpha075_rho025_Lc10,0.75,0.25,10,3.33333,0.75,0.51,0.759811,0.166722,0.5
alpha075_rho025_Lc10,0.75,0.25,10,3.33333,0.75,0.52,0.759019,0.166713,0.5
alpha075_rho025_Lc10,0.75,0.25,10,3.33333,0.75,0.53,0.758284,0.166705,0.5
alpha075_rho025_Lc10,0.75,0.25,10,3.33333,0.75,0.54,0.757605,0.166699,0.5
alpha075_rho025_Lc10,0.75,0.25,10,3.33333,0.75,0.55,0.756977,0.166693,0.5
alpha075_rho025_Lc10,0.75,0.25,10,3.33333,0.75,0.56,0.756397,0.166689,0.5
alpha075_rho025_Lc10,0.75,0.25,10,3.33333,0.75,0.57,0.755862,0.166685,0.5
alpha075_rho025_Lc10,0.75,0.25,10,3.33333,0.75,0.58,0.755368,0.166682,0.5
alpha075_rho025_Lc10,0.75,0.25,10,3.33333,0.75,0.59,0.754914,0.16668,0.5
alpha075_rho025_Lc10,0.75,0.25,10,3.33333,0.75,0.6,0.754497,0.166677,0.5
alpha075_rho025_Lc10,0.75,0.25,10,3.33333,0.75,0.61,0.754113,0.166676,0.5
alpha075_rho025_Lc10,0.75,0.25,10,3.33333,0.75,0.62,0.75376,0.166674,0.5
alpha075_rho025_Lc10,0.75,0.25,10,3.33333,0.75,0.63,0.753436,0.166673,0.5
alpha075_rho025_Lc10,0.75,0.25,10,3.33333,0.75,0.64,0.753139,0.166672,0.5
alpha075_rho025_Lc10,0.75,0.25,10,3.33333,0.75,0.65,0.752866,0.166671,0.5
alpha075_rho025_Lc10,0.75,0.25,10,3.33333,0.75,0.66,0.752617,0.16667,0.5
alpha075_rho025_Lc10,0.75,0.25,10,3.33333,0.75,0.67,0.752388,0.16667,0.5
alpha075_rho025_Lc10,0.75,0.25,10,3.33333,0.75,0.68,0.752179,0.166669,0.5
alpha075_rho025_Lc10,0.75,0.25,10,3.33333,0.75,0.69,0.751987,0.166669,0.5
alpha075_rho025_Lc10,0.75,0.25,10,3.33333,0.75,0.7,0.751812,0.166668,0.5
alpha075_rho025_Lc10,0.75,0.25,10,3.33333,0.75,0.71,0.751652,0.166668,0.5
alpha075_rho025_Lc10,0.75,0.25,10,3.33333,0.75,0.72,0.751505,0.166668,0.5
alpha075_rho025_Lc10,0.75,0.25,10,3.33333,0.75,0.73,0.751371,0.166668,0.5
alpha075_rho025_Lc10,0.75,0.25,10,3.33333,0.75,0.74,0.751249,0.166667,0.5
alpha075_rho025_Lc10,0.75,0.25,10,3.33333,0.75,0.75,0.751138,0.166667,0.5
alpha075_rho025_Lc10,0.75,0.25,10,3.33333,0.75,0.76,0.751036,0.166667,0.5
alpha075_rho025_Lc10,0.75,0.25,10,3.33333,0.75,0.77,0.750943,0.166667,0.5
alpha075_rho025_Lc10,0.75,0.25,10,3.33333,0.75,0.78,0.750858,0.166667,0.5
alpha075_rho025_Lc10,0.75,0.25,10,3.33333,0.75,0.79,0.750781,0.166667,0.5
alpha075_rho025_Lc10,0.75,0.25,10,3.33333,0.75,0.8,0.750711,0.166667,0.5
alpha075_rho025_Lc10,0.75,0.25,10,3.33333,0.75,0.81,0.750647,0.166667,0.5
alpha075_rho025_Lc10,0.75,0.25,10,3.33333,0.75,0.82,0.750588,0.166667,0.5
alpha075_rho025_Lc10,0.75,0.25,10,3.33333,0.75,0.83,0.750535,0.166667,0.5
alpha075_rho025_Lc10,0.75,0.25,10,3.33333,0.75,0.84,0.750486,0.166667,0.5
alpha075_rho025_Lc10,0.75,0.25,10,3.33333,0.75,0.85,0.750442,0.166667,0.5
alpha075_rho025_Lc10,0.75,0.25,10,3.33333,0.75,0.86,0.750402,0.166667,0.5
alpha075_rho025_Lc10,0.75,0.25,10,3.33333,0.75,0.87,0.750365,0.166667,0.5
alpha075_rho025_Lc10,0.75,0.25,10,3.33333,0.75,0.88,0.750332,0.166667,0.5
alpha075_rho025_Lc10,0.75,0.25,10,3.33333,0.75,0.89,0.750302,0.166667,0.5
alpha075_rho025_Lc10,0.75,0.25,10,3.33333,0.75,0.9,0.750274,0.166667,0.5
alpha075_rho025_Lc10,0.75,0.25,10,3.33333,0.75,0.91,0.750249,0.166667,0.5
alpha075_rho025_Lc10,0.75,0.25,10,3.33333,0.75,0.92,0.750226,0.166667,0.5
alpha075_rho025_Lc10,0.75,0.25,10,3.33333,0.75,0.93,0.750206,0.166667,0.5
alpha075_rho025_Lc10,0.75,0.25,10,3.33333,0.75,0.94,0.750187,0.166667,0.5
alpha075_rho025_Lc10,0.75,0.25,10,3.33333,0.75,0.95,0.75017,0.166667,0.5
alpha075_rho025_Lc10,0.75,0.25,10,3.33333,0.75,0.96,0.750154,0.166667,0.5
alpha075_rho025_Lc10,0.75,0.25,10,3.33333,0.75,0.97,0.75014,0.166667,0.5
alpha075_rho025_Lc10,0.75,0.25,10,3.33333,0.75,0.98,0.750127,0.166667,0.5
alpha075_rho025_Lc10,0.75,0.25,10,3.33333,0.75,0.99,0.750115,0.166667,0.5
alpha075_rho025_Lc10,0.75,0.25,10,3.33333,0.75,1,0.750105,0.166667,0.5
alpha075_rho025_Lc10,0.75,0.25,10,3.33333,0.75,1.01,0.750095,0.166667,0.5
alpha075_rho025_Lc10,0.75,0.25,10,3.33333,0.75,1.02,0.750086,0.166667,0.5
alpha075_rho025_Lc10,0.75,0.25,10,3.33333,0.75,1.03,0.750078,0.166667,0.5
alpha075_rho025_Lc10,0.75,0.25,10,3.33333,0.75,1.04,0.750071,0.166667,0.5
alpha075_rho025_Lc10,0.75,0.25,10,3.33333,0.75,1.05,0.750064,0.166667,0.5
alpha075_rho025_Lc10,0.75,0.25,10,3.33333,0.75,1.06,0.750059,0.166667,0.5
alpha075_rho025_Lc10,0.75,0.25,10,3.33333,0.75,1.07,0.750053,0.166667,0.5
alpha075_rho025_Lc10,0.75,0.25,10,3.33333,0.75,1.08,0.750048,0.166667,0.5
alpha075_rho025_Lc10,0.75,0.25,10,3.33333,0.75,1.09,0.750044,0.166667,0.5
alpha075_rho025_Lc10,0.75,0.25,10,3.33333,0.75,1.1,0.75004,0.166667,0.5
alpha075_rho025_Lc10,0.75,0.25,10,3.33333,0.75,1.11,0.750036,0.166667,0.5
alpha075_rho025_Lc10,0.75,0.25,10,3.33333,0.75,1.12,0.750033,0.166667,0.5
alpha075_rho025_Lc10,0.75,0.25,10,3.33333,0.75,1.13,0.75003,0.166667,0.5
alpha075_rho025_Lc10,0.75,0.25,10,3.33333,0.75,1.14,0.750027,0.166667,0.5
alpha075_rho025_Lc10,0.75,0.25,10,3.33333,0.75,1.15,0.750024,0.166667,0.5
alpha075_rho025_Lc10,0.75,0.25,10,3.33333,0.75,1.16,0.750022,0.166667,0.5
alpha075_rho025_Lc10,0.75,0.25,10,3.33333,0.75,1.17,0.75002,0.166667,0.5
alpha075_rho025_Lc10,0.75,0.25,10,3.33333,0.75,1.18,0.750018,0.166667,0.5
alpha075_rho025_Lc10,0.75,0.25,10,3.33333,0.75,1.19,0.750016,0.166667,0.5
alpha075_rho025_Lc10,0.75,0.25,10,3.33333,0.75,1.2,0.750015,0.166667,0.5
alpha075_rho025_Lc10,0.75,0.25,10,3.33333,0.75,1.21,0.750014,0.166667,0.5
alpha075_rho025_Lc10,0.75,0.25,10,3.33333,0.75,1.22,0.750012,0.166667,0.5
alpha075_rho025_Lc10,0.75,0.25,10,3.33333,0.75,1.23,0.750011,0.166667,0.5
alpha075_rho025_Lc10,0.75,0.25,10,3.33333,0.75,1.24,0.75001,0.166667,0.5
alpha075_rho025_Lc10,0.75,0.25,10,3.33333,0.75,1.25,0.750009,0.166667,0.5
alpha075_rho025_Lc10,0.75,0.25,10,3.33333,0.75,1.26,0.750008,0.166667,0.5
alpha075_rho025_Lc10,0.75,0.25,10,3.33333,0.75,1.27,0.750008,0.166667,0.5
alpha075_rho025_Lc10,0.75,0.25,10,3.33333,0.75,1.28,0.750007,0.166667,0.5
alpha075_rho025_Lc10,0.75,0.25,10,3.33333,0.75,1.29,0.750006,0.166667,0.5
alpha075_rho025_Lc10,0.75,0.25,10,3.33333,0.75,1.3,0.750006,0.166667,0.5
alpha075_rho025_Lc10,0.75,0.25,10,3.33333,0.75,1.31,0.750005,0.166667,0.5
alpha075_rho025_Lc10,0.75,0.25,10,3.33333,0.75,1.32,0.750005,0.166667,0.5
alpha075_rho025_Lc10,0.75,0.25,10,3.33333,0.75,1.33,0.750004,0.166667,0.5
alpha075_rho025_Lc10,0.75,0.25,10,3.33333,0.75,1.34,0.750004,0.166667,0.5
alpha075_rho025_Lc10,0.75,0.25,10,3.33333,0.75,1.35,0.750003,0.166667,0.5
alpha075_rho025_Lc10,0.75,0.25,10,3.33333,0.75,1.36,0.750003,0.166667,0.5
alpha075_rho025_Lc10,0.75,0.25,10,3.33333,0.75,1.37,0.750003,0.166667,0.5
alpha075_rho025_Lc10,0.75,0.25,10,3.33333,0.75,1.38,0.750003,0.166667,0.5
alpha075_rho025_Lc10,0.75,0.25,10,3.33333,0.75,1.39,0.750002,0.166667,0.5
alpha075_rho025_Lc10,0.75,0.25,10,3.33333,0.75,1.4,0.750002,0.166667,0.5
alpha075_rho025_Lc10,0.75,0.25,10,3.33333,0.75,1.41,0.750002,0.166667,0.5
alpha075_rho025_Lc10,0.75,0.25,10,3.33333,0.75,1.42,0.750002,0.166667,0.5
alpha075_rho025_Lc10,0.75,0.25,10,3.33333,0.75,1.43,0.750002,0.166667,0.5
alpha075_rho025_Lc10,0.75,0.25,10,3.33333,0.75,1.44,0.750001,0.166667,0.5
alpha075_rho025_Lc10,0.75,0.25,10,3.33333,0.75,1.45,0.750001,0.166667,0.5
alpha075_rho025_Lc10,0.75,0.25,10,3.33333,0.75,1.46,0.750001,0.166667,0.5
alpha075_rho025_Lc10,0.75,0.25,10,3.33333,0.75,1.47,0.750001,0.166667,0.5
alpha075_rho025_Lc10,0.75,0.25,10,3.33333,0.75,1.48,0.750001,0.166667,0.5
alpha075_rho025_Lc10,0.75,0.25,10,3.33333,0.75,1.49,0.750001,0.166667,0.5
alpha075_rho025_Lc10,0.75,0.25,10,3.33333,0.75,1.5,0.750001,0.166667,0.5
alpha075_rho025_Lc10,0.75,0.25,10,3.33333,0.75,1.51,0.750001,0.166667,0.5
alpha075_rho025_Lc10,0.75,0.25,10,3.33333,0.75,1.52,0.750001,0.166667,0.5
alpha075_rho025_Lc10,0.75,0.25,10,3.33333,0.75,1.53,0.750001,0.166667,0.5
alpha075_rho025_Lc10,0.75,0.25,10,3.33333,0.75,1.54,0.750001,0.166667,0.5
alpha075_rho025_Lc10,0.75,0.25,10,3.33333,0.75,1.55,0.75,0.166667,0.5
alpha075_rho025_Lc10,0.75,0.25,10,3.33333,0.75,1.56,0.75,0.166667,0.5
alpha075_rho025_Lc10,0.75,0.25,10,3.33333,0.75,1.57,0.75,0.166667,0.5
alpha075_rho025_Lc10,0.75,0.25,10,3.33333,0.75,1.58,0.75,0.166667,0.5
alpha075_rho025_Lc10,0.75,0.25,10,3.33333,0.75,1.59,0.75,0.166667,0.5
alpha075_rho025_Lc10,0.75,0.25,10,3.33333,0.75,1.6,0.75,0.166667,0.5
alpha075_rho025_Lc10,0.75,0.25,10,3.33333,0.75,1.61,0.75,0.166667,0.5
alpha075_rho025_Lc10,0.75,0.25,10,3.33333,0.75,1.62,0.75,0.166667,0.5
alpha075_rho025_Lc10,0.75,0.25,10,3.33333,0.75,1.63,0.75,0.166667,0.5
alpha075_rho025_Lc10,0.75,0.25,10,3.33333,0.75,1.64,0.75,0.166667,0.5
alpha075_rho025_Lc10,0.75,0.25,10,3.33333,0.75,1.65,0.75,0.166667,0.5
alpha075_rho025_Lc10,0.75,0.25,10,3.33333,0.75,1.66,0.75,0.166667,0.5
alpha075_rho025_Lc10,0.75,0.25,10,3.33333,0.75,1.67,0.75,0.166667,0.5
alpha075_rho025_Lc10,0.75,0.25,10,3.33333,0.75,1.68,0.75,0.166667,0.5
alpha075_rho025_Lc10,0.75,0.25,10,3.33333,0.75,1.69,0.75,0.166667,0.5
alpha075_rho025_Lc10,0.75,0.25,10,3.33333,0.75,1.7,0.75,0.166667,0.5
alpha075_rho025_Lc10,0.75,0.25,10,3.33333,0.75,1.71,0.75,0.166667,0.5
alpha075_rho025_Lc10,0.75,0.25,10,3.33333,0.75,1.72,0.75,0.166667,0.5
alpha075_rho025_Lc10,0.75,0.25,10,3.33333,0.75,1.73,0.75,0.166667,0.5
alpha075_rho025_Lc10,0.75,0.25,10,3.33333,0.75,1.74,0.75,0.166667,0.5
alpha075_rho025_Lc10,0.75,0.25,10,3.33333,0.75,1.75,0.75,0.166667,0.5
alpha075_rho025_Lc10,0.75,0.25,10,3.33333,0.75,1.76,0.75,0.166667,0.5
alpha075_rho025_Lc10,0.75,0.25,10,3.33333,0.75,1.77,0.75,0.166667,0.5
alpha075_rho025_Lc10,0.75,0.25,10,3.33333,0.75,1.78,0.75,0.166667,0.5
alpha075_rho025_Lc10,0.75,0.25,10,3.33333,0.75,1.79,0.75,0.166667,0.5
alpha075_rho025_Lc10,0.75,0.25,10,3.33333,0.75,1.8,0.75,0.166667,0.5
alpha075_rho025_Lc10,0.75,0.25,10,3.33333,0.75,1.81,0.75,0.166667,0.5
alpha075_rho025_Lc10,0.75,0.25,10,3.33333,0.75,1.82,0.75,0.166667,0.5
alpha075_rho025_Lc10,0.75,0.25,10,3.33333,0.75,1.83,0.75,0.166667,0.5
alpha075_rho025_Lc10,0.75,0.25,10,3.33333,0.75,1.84,0.75,0.166667,0.5
alpha075_rho025_Lc10,0.75,0.25,10,3.33333,0.75,1.85,0.75,0.166667,0.5
alpha075_rho025_Lc10,0.75,0.25,10,3.33333,0.75,1.86,0.75,0.166667,0.5
alpha075_rho025_Lc10,0.75,0.25,10,3.33333,0.75,1.87,0.75,0.166667,0.5
alpha075_rho025_Lc10,0.75,0.25,10,3.33333,0.75,1.88,0.75,0.166667,0.5
alpha075_rho025_Lc10,0.75,0.25,10,3.33333,0.75,1.89,0.75,0.166667,0.5
alpha075_rho025_Lc10,0.75,0.25,10,3.33333,0.75,1.9,0.75,0.166667,0.5
alpha075_rho025_Lc10,0.75,0.25,10,3.33333,0.75,1.91,0.75,0.166667,0.5
alpha075_rho025_Lc10,0.75,0.25,10,3.33333,0.75,1.92,0.75,0.166667,0.5
alpha075_rho025_Lc10,0.75,0.25,10,3.33333,0.75,1.93,0.75,0.166667,0.5
alpha075_rho025_Lc10,0.75,0.25,10,3.33333,0.75,1.94,0.75,0.166667,0.5
alpha075_rho025_Lc10,0.75,0.25,10,3.33333,0.75,1.95,0.75,0.166667,0.5
alpha075_rho025_Lc10,0.75,0.25,10,3.33333,0.75,1.96,0.75,0.166667,0.5
alpha075_rho025_Lc10,0.75,0.25,10,3.33333,0.75,1.97,0.75,0.166667,0.5
alpha075_rho025_Lc10,0.75,0.25,10,3.33333,0.75,1.98,0.75,0.166667,0.5
alpha075_rho025_Lc10,0.75,0.25,10,3.33333,0.75,1.99,0.75,0.166667,0.5
alpha075_rho025_Lc10,0.75,0.25,10,3.33333,0.75,2,0.75,0.166667,0.5
alpha075_rho025_Lc10,0.75,0.25,10,3.33333,0.75,2.01,0.75,0.166667,0.5
alpha075_rho025_Lc10,0.75,0.25,10,3.33333,0.75,2.02,0.75,0.166667,0.5
alpha075_rho025_Lc10,0.75,0.25,10,3.33333,0.75,2.03,0.75,0.166667,0.5
alpha075_rho025_Lc10,0.75,0.25,10,3.33333,0.75,2.04,0.75,0.166667,0.5
alpha075_rho025_Lc10,0.75,0.25,10,3.33333,0.75,2.05,0.75,0.166667,0.5
alpha075_rho025_Lc10,0.75,0.25,10,3.33333,0.75,2.06,0.75,0.166667,0.5
alpha075_rho025_Lc10,0.75,0.25,10,3.33333,0.75,2.07,0.75,0.166667,0.5
alpha075_rho025_Lc10,0.75,0.25,10,3.33333,0.75,2.08,0.75,0.166667,0.5
alpha075_rho025_Lc10,0.75,0.25,10,3.33333,0.75,2.09,0.75,0.166667,0.5
alpha075_rho025_Lc10,0.75,0.25,10,3.33333,0.75,2.1,0.75,0.166667,0.5
alpha075_rho025_Lc10,0.75,0.25,10,3.33333,0.75,2.11,0.75,0.166667,0.5
alpha075_rho025_Lc10,0.75,0.25,10,3.33333,0.75,2.12,0.75,0.166667,0.5
alpha075_rho025_Lc10,0.75,0.25,10,3.33333,0.75,2.13,0.75,0.166667,0.5
alpha075_rho025_Lc10,0.75,0.25,10,3.33333,0.75,2.14,0.75,0.166667,0.5
alpha075_rho025_Lc10,0.75,0.25,10,3.33333,0.75,2.15,0.75,0.166667,0.5
alpha075_rho025_Lc10,0.75,0.25,10,3.33333,0.75,2.16,0.75,0.166667,0.5
alpha075_rho025_Lc10,0.75,0.25,10,3.33333,0.75,2.17,0.75,0.166667,0.5
alpha075_rho025_Lc10,0.75,0.25,10,3.33333,0.75,2.18,0.75,0.166667,0.5
alpha075_rho025_Lc10,0.75,0.25,10,3.33333,0.75,2.19,0.75,0.166667,0.5
alpha075_rho025_Lc10,0.75,0.25,10,3.33333,0.75,2.2,0.75,0.166667,0.5
alpha075_rho025_Lc10,0.75,0.25,10,3.33333,0.75,2.21,0.75,0.166667,0.5
alpha075_rho025_Lc10,0.75,0.25,10,3.33333,0.75,2.22,0.75,0.166667,0.5
alpha075_rho025_Lc10,0.75,0.25,10,3.33333,0.75,2.23,0.75,0.166667,0.5
alpha075_rho025_Lc10,0.75,0.25,10,3.33333,0.75,2.24,0.75,0.166667,0.5
alpha075_rho025_Lc10,0.75,0.25,10,3.33333,0.75,2.25,0.75,0.166667,0.5
alpha075_rho025_Lc10,0.75,0.25,10,3.33333,0.75,2.26,0.75,0.166667,0.5
alpha075_rho025_Lc10,0.75,0.25,10,3.33333,0.75,2.27,0.75,0.166667,0.5
alpha075_rho025_Lc10,0.75,0.25,10,3.33333,0.75,2.28,0.75,0.166667,0.5
alpha075_rho025_Lc10,0.75,0.25,10,3.33333,0.75,2.29,0.75,0.166667,0.5
alpha075_rho025_Lc10,0.75,0.25,10,3.33333,0.75,2.3,0.75,0.166667,0.5
alpha075_rho025_Lc10,0.75,0.25,10,3.33333,0.75,2.31,0.75,0.166667,0.5
alpha075_rho025_Lc10,0.75,0.25,10,3.33333,0.75,2.32,0.75,0.166667,0.5
alpha075_rho025_Lc10,0.75,0.25,10,3.33333,0.75,2.33,0.75,0.166667,0.5
alpha075_rho025_Lc10,0.75,0.25,10,3.33333,0.75,2.34,0.75,0.166667,0.5
alpha075_rho025_Lc10,0.75,0.25,10,3.33333,0.75,2.35,0.75,0.166667,0.5
alpha075_rho025_Lc10,0.75,0.25,10,3.33333,0.75,2.36,0.75,0.166667,0.5
alpha075_rho025_Lc10,0.75,0.25,10,3.33333,0.75,2.37,0.75,0.166667,0.5
alpha075_rho025_Lc10,0.75,0.25,10,3.33333,0.75,2.38,0.75,0.166667,0.5
alpha075_rho025_Lc10,0.75,0.25,10,3.33333,0.75,2.39,0.75,0.166667,0.5
alpha075_rho025_Lc10,0.75,0.25,10,3.33333,0.75,2.4,0.75,0.166667,0.5
alpha075_rho025_Lc10,0.75,0.25,10,3.33333,0.75,2.41,0.75,0.166667,0.5
alpha075_rho025_Lc10,0.75,0.25,10,3.33333,0.75,2.42,0.75,0.166667,0.5
alpha075_rho025_Lc10,0.75,0.25,10,3.33333,0.75,2.43,0.75,0.166667,0.5
alpha075_rho025_Lc10,0.75,0.25,10,3.33333,0.75,2.44,0.75,0.166667,0.5
alpha075_rho025_Lc10,0.75,0.25,10,3.33333,0.75,2.45,0.75,0.166667,0.5
alpha075_rho025_Lc10,0.75,0.25,10,3.33333,0.75,2.46,0.75,0.166667,0.5
alpha075_rho025_Lc10,0.75,0.25,10,3.33333,0.75,2.47,0.75,0.166667,0.5
alpha075_rho025_Lc10,0.75,0.25,10,3.33333,0.75,2.48,0.75,0.166667,0.5
alpha075_rho025_Lc10,0.75,0.25,10,3.33333,0.75,2.49,0.75,0.166667,0.5
alpha075_rho025_Lc10,0.75,0.25,10,3.33333,0.75,2.5,0.75,0.166667,0.5
alpha075_rho025_Lc10,0.75,0.25,10,3.33333,0.75,2.51,0.75,0.166667,0.5
alpha075_rho025_Lc10,0.75,0.25,10,3.33333,0.75,2.52,0.75,0.166667,0.5
alpha075_rho025_Lc10,0.75,0.25,10,3.33333,0.75,2.53,0.75,0.166667,0.5
alpha075_rho025_Lc10,0.75,0.25,10,3.33333,0.75,2.54,0.75,0.166667,0.5
alpha075_rho025_Lc10,0.75,0.25,10,3.33333,0.75,2.55,0.75,0.166667,0.5
alpha075_rho025_Lc10,0.75,0.25,10,3.33333,0.75,2.56,0.75,0.166667,0.5
alpha075_rho025_Lc10,0.75,0.25,10,3.33333,0.75,2.57,0.75,0.166667,0.5
alpha075_rho025_Lc10,0.75,0.25,10,3.33333,0.75,2.58,0.75,0.166667,0.5
alpha075_rho025_Lc10,0.75,0.25,10,3.33333,0.75,2.59,0.75,0.166667,0.5
alpha075_rho025_Lc10,0.75,0.25,10,3.33333,0.75,2.6,0.75,0.166667,0.5
alpha075_rho025_Lc10,0.75,0.25,10,3.33333,0.75,2.61,0.75,0.166667,0.5
alpha075_rho025_Lc10,0.75,0.25,10,3.33333,0.75,2.62,0.75,0.166667,0.5
alpha075_rho025_Lc10,0.75,0.25,10,3.33333,0.75,2.63,0.75,0.166667,0.5
alpha075_rho025_Lc10,0.75,0.25,10,3.33333,0.75,2.64,0.75,0.166667,0.5
alpha075_rho025_Lc10,0.75,0.25,10,3.33333,0.75,2.65,0.75,0.166667,0.5
alpha075_rho025_Lc10,0.75,0.25,10,3.33333,0.75,2.66,0.75,0.166667,0.5
alpha075_rho025_Lc10,0.75,0.25,10,3.33333,0.75,2.67,0.75,0.166667,0.5
alpha075_rho025_Lc10,0.75,0.25,10,3.33333,0.75,2.68,0.75,0.166667,0.5
alpha075_rho025_Lc10,0.75,0.25,10,3.33333,0.75,2.69,0.75,0.166667,0.5
alpha075_rho025_Lc10,0.75,0.25,10,3.33333,0.75,2.7,0.75,0.166667,0.5
alpha075_rho025_Lc10,0.75,0.25,10,3.33333,0.75,2.71,0.75,0.166667,0.5
alpha075_rho025_Lc10,0.75,0.25,10,3.33333,0.75,2.72,0.75,0.166667,0.5
alpha075_rho025_Lc10,0.75,0.25,10,3.33333,0.75,2.73,0.75,0.166667,0.5
alpha075_rho025_Lc10,0.75,0.25,10,3.33333,0.75,2.74,0.75,0.166667,0.5
alpha075_rho025_Lc10,0.75,0.25,10,3.33333,0.75,2.75,0.75,0.166667,0.5
alpha075_rho025_Lc10,0.75,0.25,10,3.33333,0.75,2.76,0.75,0.166667,0.5
alpha075_rho025_Lc10,0.75,0.25,10,3.33333,0.75,2.77,0.75,0.166667,0.5
alpha075_rho025_Lc10,0.75,0.25,10,3.33333,0.75,2.78,0.75,0.166667,0.5
alpha075_rho025_Lc10,0.75,0.25,10,3.33333,0.75,2.79,0.75,0.166667,0.5
alpha075_rho025_Lc10,0.75,0.25,10,3.33333,0.75,2.8,0.75,0.166667,0.5
alpha075_rho025_Lc10,0.75,0.25,10,3.33333,0.75,2.81,0.75,0.166667,0.5
alpha075_rho025_Lc10,0.75,0.25,10,3.33333,0.75,2.82,0.75,0.166667,0.5
alpha075_rho025_Lc10,0.75,0.25,10,3.33333,0.75,2.83,0.75,0.166667,0.5
alpha075_rho025_Lc10,0.75,0.25,10,3.33333,0.75,2.84,0.75,0.166667,0.5
alpha075_rho025_Lc10,0.75,0.25,10,3.33333,0.75,2.85,0.75,0.166667,0.5
alpha075_rho025_Lc10,0.75,0.25,10,3.33333,0.75,2.86,0.75,0.166667,0.5
alpha075_rho025_Lc10,0.75,0.25,10,3.33333,0.75,2.87,0.75,0.166667,0.5
alpha075_rho025_Lc10,0.75,0.25,10,3.33333,0.75,2.88,0.75,0.166667,0.5
alpha075_rho025_Lc10,0.75,0.25,10,3.33333,0.75,2.89,0.75,0.166667,0.5
alpha075_rho025_Lc10,0.75,0.25,10,3.33333,0.75,2.9,0.75,0.166667,0.5
alpha075_rho025_Lc10,0.75,0.25,10,3.33333,0.75,2.91,0.75,0.166667,0.5
alpha075_rho025_Lc10,0.75,0.25,10,3.33333,0.75,2.92,0.75,0.166667,0.5
alpha075_rho025_Lc10,0.75,0.25,10,3.33333,0.75,2.93,0.75,0.166667,0.5
alpha075_rho025_Lc10,0.75,0.25,10,3.33333,0.75,2.94,0.75,0.166667,0.5
alpha075_rho025_Lc10,0.75,0.25,10,3.33333,0.75,2.95,0.75,0.166667,0.5
alpha075_rho025_Lc10,0.75,0.25,10,3.33333,0.75,2.96,0.75,0.166667,0.5
alpha075_rho025_Lc10,0.75,0.25,10,3.33333,0.75,2.97,0.75,0.166667,0.5
alpha075_rho025_Lc10,0.75,0.25,10,3.33333,0.75,2.98,0.75,0.166667,0.5
alpha075_rho025_Lc10,0.75,0.25,10,3.33333,0.75,2.99,0.75,0.166667,0.5
alpha075_rho025_Lc10,0.75,0.25,10,3.33333,0.75,3,0.75,0.166667,0.5
alpha075_rho025_Lc10,0.75,0.25,10,3.33333,0.75,3.01,0.75,0.166667,0.5
alpha075_rho025_Lc10,0.75,0.25,10,3.33333,0.75,3.02,0.75,0.166667,0.5
alpha075_rho025_Lc10,0.75,0.25,10,3.33333,0.75,3.03,0.75,0.166667,0.5
alpha075_rho025_Lc10,0.75,0.25,10,3.33333,0.75,3.04,0.75,0.166667,0.5
alpha075_rho025_Lc10,0.75,0.25,10,3.33333,0.75,3.05,0.75,0.166667,0.5
alpha075_rho025_Lc10,0.75,0.25,10,3.33333,0.75,3.06,0.75,0.166667,0.5
alpha075_rho025_Lc10,0.75,0.25,10,3.33333,0.75,3.07,0.75,0.166667,0.5
alpha075_rho025_Lc10,0.75,0.25,10,3.33333,0.75,3.08,0.75,0.166667,0.5
alpha075_rho025_Lc10,0.75,0.25,10,3.33333,0.75,3.09,0.75,0.166667,0.5
alpha075_rho025_Lc10,0.75,0.25,10,3.33333,0.75,3.1,0.75,0.166667,0.5
alpha075_rho025_Lc10,0.75,0.25,10,3.33333,0.75,3.11,0.75,0.166667,0.5
alpha075_rho025_Lc10,0.75,0.25,10,3.33333,0.75,3.12,0.75,0.166667,0.5
alpha075_rho025_Lc10,0.75,0.25,10,3.33333,0.75,3.13,0.75,0.166667,0.5
alpha075_rho025_Lc10,0.75,0.25,10,3.33333,0.75,3.14,0.75,0.166667,0.5
alpha075_rho025_Lc10,0.75,0.25,10,3.33333,0.75,3.15,0.75,0.166667,0.5
alpha075_rho025_Lc10,0.75,0.25,10,3.33333,0.75,3.16,0.75,0.166667,0.5
alpha075_rho025_Lc10,0.75,0.25,10,3.33333,0.75,3.17,0.75,0.166667,0.5
alpha075_rho025_Lc10,0.75,0.25,10,3.33333,0.75,3.18,0.75,0.166667,0.5
alpha075_rho025_Lc10,0.75,0.25,10,3.33333,0.75,3.19,0.75,0.166667,0.5
alpha075_rho025_Lc10,0.75,0.25,10,3.33333,0.75,3.2,0.75,0.166667,0.5
alpha075_rho025_Lc10,0.75,0.25,10,3.33333,0.75,3.21,0.75,0.166667,0.5
alpha075_rho025_Lc10,0.75,0.25,10,3.33333,0.75,3.22,0.75,0.166667,0.5
alpha075_rho025_Lc10,0.75,0.25,10,3.33333,0.75,3.23,0.75,0.166667,0.5
alpha075_rho025_Lc10,0.75,0.25,10,3.33333,0.75,3.24,0.75,0.166667,0.5
alpha075_rho025_Lc10,0.75,0.25,10,3.33333,0.75,3.25,0.75,0.166667,0.5
alpha075_rho025_Lc10,0.75,0.25,10,3.33333,0.75,3.26,0.75,0.166667,0.5
alpha075_rho025_Lc10,0.75,0.25,10,3.33333,0.75,3.27,0.75,0.166667,0.5
alpha075_rho025_Lc10,0.75,0.25,10,3.33333,0.75,3.28,0.75,0.166667,0.5
alpha075_rho025_Lc10,0.75,0.25,10,3.33333,0.75,3.29,0.75,0.166667,0.5
alpha075_rho025_Lc10,0.75,0.25,10,3.33333,0.75,3.3,0.75,0.166667,0.5
alpha075_rho025_Lc10,0.75,0.25,10,3.33333,0.75,3.31,0.75,0.166667,0.5
alpha075_rho025_Lc10,0.75,0.25,10,3.33333,0.75,3.32,0.75,0.166667,0.5
alpha075_rho025_Lc10,0.75,0.25,10,3.33333,0.75,3.33,0.75,0.166667,0.5
alpha075_rho025_Lc10,0.75,0.25,10,3.33333,0.75,3.34,0.75,0.166667,0.5
alpha075_rho025_Lc10,0.75,0.25,10,3.33333,0.75,3.35,0.75,0.166667,0.5
alpha075_rho025_Lc10,0.75,0.25,10,3.33333,0.75,3.36,0.75,0.166667,0.5
alpha075_rho025_Lc10,0.75,0.25,10,3.33333,0.75,3.37,0.75,0.166667,0.5
alpha075_rho025_Lc10,0.75,0.25,10,3.33333,0.75,3.38,0.75,0.166667,0.5
alpha075_rho025_Lc10,0.75,0.25,10,3.33333,0.75,3.39,0.75,0.166667,0.5
alpha075_rho025_Lc10,0.75,0.25,10,3.33333,0.75,3.4,0.75,0.166667,0.5
alpha075_rho025_Lc10,0.75,0.25,10,3.33333,0.75,3.41,0.75,0.166667,0.5
alpha075_rho025_Lc10,0.75,0.25,10,3.33333,0.75,3.42,0.75,0.166667,0.5
alpha075_rho025_Lc10,0.75,0.25,10,3.33333,0.75,3.43,0.75,0.166667,0.5
alpha075_rho025_Lc10,0.75,0.25,10,3.33333,0.75,3.44,0.75,0.166667,0.5
alpha075_rho025_Lc10,0.75,0.25,10,3.33333,0.75,3.45,0.75,0.166667,0.5
alpha075_rho025_Lc10,0.75,0.25,10,3.33333,0.75,3.46,0.75,0.166667,0.5
alpha075_rho025_Lc10,0.75,0.25,10,3.33333,0.75,3.47,0.75,0.166667,0.5
alpha075_rho025_Lc10,0.75,0.25,10,3.33333,0.75,3.48,0.75,0.166667,0.5
alpha075_rho025_Lc10,0.75,0.25,10,3.33333,0.75,3.49,0.75,0.166667,0.5
alpha075_rho025_Lc10,0.75,0.25,10,3.33333,0.75,3.5,0.75,0.166667,0.5
alpha075_rho025_Lc10,0.75,0.25,10,3.33333,0.75,3.51,0.75,0.166667,0.5
alpha075_rho025_Lc10,0.75,0.25,10,3.33333,0.75,3.52,0.75,0.166667,0.5
alpha075_rho025_Lc10,0.75,0.25,10,3.33333,0.75,3.53,0.75,0.166667,0.5
alpha075_rho025_Lc10,0.75,0.25,10,3.33333,0.75,3.54,0.75,0.166667,0.5
alpha075_rho025_Lc10,0.75,0.25,10,3.33333,0.75,3.55,0.75,0.166667,0.5
alpha075_rho025_Lc10,0.75,0.25,10,3.33333,0.75,3.56,0.75,0.166667,0.5
alpha075_rho025_Lc10,0.75,0.25,10,3.33333,0.75,3.57,0.75,0.166667,0.5
alpha075_rho025_Lc10,0.75,0.25,10,3.33333,0.75,3.58,0.75,0.166667,0.5
alpha075_rho025_Lc10,0.75,0.25,10,3.33333,0.75,3.59,0.75,0.166667,0.5
alpha075_rho025_Lc10,0.75,0.25,10,3.33333,0.75,3.6,0.75,0.166667,0.5
alpha075_rho025_Lc10,0.75,0.25,10,3.33333,0.75,3.61,0.75,0.166667,0.5
alpha075_rho025_Lc10,0.75,0.25,10,3.33333,0.75,3.62,0.75,0.166667,0.5
alpha075_rho025_Lc10,0.75,0.25,10,3.33333,0.75,3.63,0.75,0.166667,0.5
alpha075_rho025_Lc10,0.75,0.25,10,3.33333,0.75,3.64,0.75,0.166667,0.5
alpha075_rho025_Lc10,0.75,0.25,10,3.33333,0.75,3.65,0.75,0.166667,0.5
alpha075_rho025_Lc10,0.75,0.25,10,3.33333,0.75,3.66,0.75,0.166667,0.5
alpha075_rho025_Lc10,0.75,0.25,10,3.33333,0.75,3.67,0.75,0.166667,0.5
alpha075_rho025_Lc10,0.75,0.25,10,3.33333,0.75,3.68,0.75,0.166667,0.5
alpha075_rho025_Lc10,0.75,0.25,10,3.33333,0.75,3.69,0.75,0.166667,0.5
alpha075_rho025_Lc10,0.75,0.25,10,3.33333,0.75,3.7,0.75,0.166667,0.5
alpha075_rho025_Lc10,0.75,0.25,10,3.33333,0.75,3.71,0.75,0.166667,0.5
alpha075_rho025_Lc10,0.75,0.25,10,3.33333,0.75,3.72,0.75,0.166667,0.5
alpha075_rho025_Lc10,0.75,0.25,10,3.33333,0.75,3.73,0.75,0.166667,0.5
alpha075_rho025_Lc10,0.75,0.25,10,3.33333,0.75,3.74,0.75,0.166667,0.5
alpha075_rho025_Lc10,0.75,0.25,10,3.33333,0.75,3.75,0.75,0.166667,0.5
alpha075_rho025_Lc10,0.75,0.25,10,3.33333,0.75,3.76,0.75,0.166667,0.5
alpha075_rho025_Lc10,0.75,0.25,10,3.33333,0.75,3.77,0.75,0.166667,0.5
alpha075_rho025_Lc10,0.75,0.25,10,3.33333,0.75,3.78,0.75,0.166667,0.5
alpha075_rho025_Lc10,0.75,0.25,10,3.33333,0.75,3.79,0.75,0.166667,0.5
alpha075_rho025_Lc10,0.75,0.25,10,3.33333,0.75,3.8,0.75,0.166667,0.5
alpha075_rho025_Lc10,0.75,0.25,10,3.33333,0.75,3.81,0.75,0.166667,0.5
alpha075_rho025_Lc10,0.75,0.25,10,3.33333,0.75,3.82,0.75,0.166667,0.5
alpha075_rho025_Lc10,0.75,0.25,10,3.33333,0.75,3.83,0.75,0.166667,0.5
alpha075_rho025_Lc10,0.75,0.25,10,3.33333,0.75,3.84,0.75,0.166667,0.5
alpha075_rho025_Lc10,0.75,0.25,10,3.33333,0.75,3.85,0.75,0.166667,0.5
alpha075_rho025_Lc10,0.75,0.25,10,3.33333,0.75,3.86,0.75,0.166667,0.5
alpha075_rho025_Lc10,0.75,0.25,10,3.33333,0.75,3.87,0.75,0.166667,0.5
alpha075_rho025_Lc10,0.75,0.25,10,3.33333,0.75,3.88,0.75,0.166667,0.5
alpha075_rho025_Lc10,0.75,0.25,10,3.33333,0.75,3.89,0.75,0.166667,0.5
alpha075_rho025_Lc10,0.75,0.25,10,3.33333,0.75,3.9,0.75,0.166667,0.5
alpha075_rho025_Lc10,0.75,0.25,10,3.33333,0.75,3.91,0.75,0.166667,0.5
alpha075_rho025_Lc10,0.75,0.25,10,3.33333,0.75,3.92,0.75,0.166667,0.5
alpha075_rho025_Lc10,0.75,0.25,10,3.33333,0.75,3.93,0.75,0.166667,0.5
alpha075_rho025_Lc10,0.75,0.25,10,3.33333,0.75,3.94,0.75,0.166667,0.5
alpha075_rho025_Lc10,0.75,0.25,10,3.33333,0.75,3.95,0.75,0.166667,0.5
alpha075_rho025_Lc10,0.75,0.25,10,3.33333,0.75,3.96,0.75,0.166667,0.5
alpha075_rho025_Lc10,0.75,0.25,10,3.33333,0.75,3.97,0.75,0.166667,0.5
alpha075_rho025_Lc10,0.75,0.25,10,3.33333,0.75,3.98,0.75,0.166667,0.5
alpha075_rho025_Lc10,0.75,0.25,10,3.33333,0.75,3.99,0.75,0.166667,0.5
alpha075_rho025_Lc10,0.75,0.25,10,3.33333,0.75,4,0.75,0.166667,0.5
alpha075_rho025_Lc10,0.75,0.25,10,3.33333,0.75,4.01,0.75,0.166667,0.5
alpha075_rho025_Lc10,0.75,0.25,10,3.33333,0.75,4.02,0.75,0.166667,0.5
alpha075_rho025_Lc10,0.75,0.25,10,3.33333,0.75,4.03,0.75,0.166667,0.5
alpha075_rho025_Lc10,0.75,0.25,10,3.33333,0.75,4.04,0.75,0.166667,0.5
alpha075_rho025_Lc10,0.75,0.25,10,3.33333,0.75,4.05,0.75,0.166667,0.5
alpha075_rho025_Lc10,0.75,0.25,10,3.33333,0.75,4.06,0.75,0.166667,0.5
alpha075_rho025_Lc10,0.75,0.25,10,3.33333,0.75,4.07,0.75,0.166667,0.5
alpha075_rho025_Lc10,0.75,0.25,10,3.33333,0.75,4.08,0.75,0.166667,0.5
alpha075_rho025_Lc10,0.75,0.25,10,3.33333,0.75,4.09,0.75,0.166667,0.5
alpha075_rho025_Lc10,0.75,0.25,10,3.33333,0.75,4.1,0.75,0.166667,0.5
alpha075_rho025_Lc10,0.75,0.25,10,3.33333,0.75,4.11,0.75,0.166667,0.5
alpha075_rho025_Lc10,0.75,0.25,10,3.33333,0.75,4.12,0.75,0.166667,0.5
alpha075_rho025_Lc10,0.75,0.25,10,3.33333,0.75,4.13,0.75,0.166667,0.5
alpha075_rho025_Lc10,0.75,0.25,10,3.33333,0.75,4.14,0.75,0.166667,0.5
alpha075_rho025_Lc10,0.75,0.25,10,3.33333,0.75,4.15,0.75,0.166667,0.5
alpha075_rho025_Lc10,0.75,0.25,10,3.33333,0.75,4.16,0.75,0.166667,0.5
alpha075_rho025_Lc10,0.75,0.25,10,3.33333,0.75,4.17,0.75,0.166667,0.5
alpha075_rho025_Lc10,0.75,0.25,10,3.33333,0.75,4.18,0.75,0.166667,0.5
alpha075_rho025_Lc10,0.75,0.25,10,3.33333,0.75,4.19,0.75,0.166667,0.5
alpha075_rho025_Lc10,0.75,0.25,10,3.33333,0.75,4.2,0.75,0.166667,0.5
alpha075_rho025_Lc10,0.75,0.25,10,3.33333,0.75,4.21,0.75,0.166667,0.5
alpha075_rho025_Lc10,0.75,0.25,10,3.33333,0.75,4.22,0.75,0.166667,0.5
alpha075_rho025_Lc10,0.75,0.25,10,3.33333,0.75,4.23,0.75,0.166667,0.5
alpha075_rho025_Lc10,0.75,0.25,10,3.33333,0.75,4.24,0.75,0.166667,0.5
alpha075_rho025_Lc10,0.75,0.25,10,3.33333,0.75,4.25,0.75,0.166667,0.5
alpha075_rho025_Lc10,0.75,0.25,10,3.33333,0.75,4.26,0.75,0.166667,0.5
alpha075_rho025_Lc10,0.75,0.25,10,3.33333,0.75,4.27,0.75,0.166667,0.5
alpha075_rho025_Lc10,0.75,0.25,10,3.33333,0.75,4.28,0.75,0.166667,0.5
alpha075_rho025_Lc10,0.75,0.25,10,3.33333,0.75,4.29,0.75,0.166667,0.5
alpha075_rho025_Lc10,0.75,0.25,10,3.33333,0.75,4.3,0.75,0.166667,0.5
alpha075_rho025_Lc10,0.75,0.25,10,3.33333,0.75,4.31,0.75,0.166667,0.5
alpha075_rho025_Lc10,0.75,0.25,10,3.33333,0.75,4.32,0.75,0.166667,0.5
alpha075_rho025_Lc10,0.75,0.25,10,3.33333,0.75,4.33,0.75,0.166667,0.5
alpha075_rho025_Lc10,0.75,0.25,10,3.33333,0.75,4.34,0.75,0.166667,0.5
alpha075_rho025_Lc10,0.75,0.25,10,3.33333,0.75,4.35,0.75,0.166667,0.5
alpha075_rho025_Lc10,0.75,0.25,10,3.33333,0.75,4.36,0.75,0.166667,0.5
alpha075_rho025_Lc10,0.75,0.25,10,3.33333,0.75,4.37,0.75,0.166667,0.5
alpha075_rho025_Lc10,0.75,0.25,10,3.33333,0.75,4.38,0.75,0.166667,0.5
alpha075_rho025_Lc10,0.75,0.25,10,3.33333,0.75,4.39,0.75,0.166667,0.5
alpha075_rho025_Lc10,0.75,0.25,10,3.33333,0.75,4.4,0.75,0.166667,0.5
alpha075_rho025_Lc10,0.75,0.25,10,3.33333,0.75,4.41,0.75,0.166667,0.5
alpha075_rho025_Lc10,0.75,0.25,10,3.33333,0.75,4.42,0.75,0.166667,0.5
alpha075_rho025_Lc10,0.75,0.25,10,3.33333,0.75,4.43,0.75,0.166667,0.5
alpha075_rho025_Lc10,0.75,0.25,10,3.33333,0.75,4.44,0.75,0.166667,0.5
alpha075_rho025_Lc10,0.75,0.25,10,3.33333,0.75,4.45,0.75,0.166667,0.5
alpha075_rho025_Lc10,0.75,0.25,10,3.33333,0.75,4.46,0.75,0.166667,0.5
alpha075_rho025_Lc10,0.75,0.25,10,3.33333,0.75,4.47,0.75,0.166667,0.5
alpha075_rho025_Lc10,0.75,0.25,10,3.33333,0.75,4.48,0.75,0.166667,0.5
alpha075_rho025_Lc10,0.75,0.25,10,3.33333,0.75,4.49,0.75,0.166667,0.5
alpha075_rho025_Lc10,0.75,0.25,10,3.33333,0.75,4.5,0.75,0.166667,0.5
alpha075_rho025_Lc10,0.75,0.25,10,3.33333,0.75,4.51,0.75,0.166667,0.5
alpha075_rho025_Lc10,0.75,0.25,10,3.33333,0.75,4.52,0.75,0.166667,0.5
alpha075_rho025_Lc10,0.75,0.25,10,3.33333,0.75,4.53,0.75,0.166667,0.5
alpha075_rho025_Lc10,0.75,0.25,10,3.33333,0.75,4.54,0.75,0.166667,0.5
alpha075_rho025_Lc10,0.75,0.25,10,3.33333,0.75,4.55,0.75,0.166667,0.5
alpha075_rho025_Lc10,0.75,0.25,10,3.33333,0.75,4.56,0.75,0.166667,0.5
alpha075_rho025_Lc10,0.75,0.25,10,3.33333,0.75,4.57,0.75,0.166667,0.5
alpha075_rho025_Lc10,0.75,0.25,10,3.33333,0.75,4.58,0.75,0.166667,0.5
alpha075_rho025_Lc10,0.75,0.25,10,3.33333,0.75,4.59,0.75,0.166667,0.5
alpha075_rho025_Lc10,0.75,0.25,10,3.33333,0.75,4.6,0.75,0.166667,0.5
alpha075_rho025_Lc10,0.75,0.25,10,3.33333,0.75,4.61,0.75,0.166667,0.5
alpha075_rho025_Lc10,0.75,0.25,10,3.33333,0.75,4.62,0.75,0.166667,0.5
alpha075_rho025_Lc10,0.75,0.25,10,3.33333,0.75,4.63,0.75,0.166667,0.5
alpha075_rho025_Lc10,0.75,0.25,10,3.33333,0.75,4.64,0.75,0.166667,0.5
alpha075_rho025_Lc10,0.75,0.25,10,3.33333,0.75,4.65,0.75,0.166667,0.5
alpha075_rho025_Lc10,0.75,0.25,10,3.33333,0.75,4.66,0.75,0.166667,0.5
alpha075_rho025_Lc10,0.75,0.25,10,3.33333,0.75,4.67,0.75,0.166667,0.5
alpha075_rho025_Lc10,0.75,0.25,10,3.33333,0.75,4.68,0.75,0.166667,0.5
alpha075_rho025_Lc10,0.75,0.25,10,3.33333,0.75,4.69,0.75,0.166667,0.5
alpha075_rho025_Lc10,0.75,0.25,10,3.33333,0.75,4.7,0.75,0.166667,0.5
alpha075_rho025_Lc10,0.75,0.25,10,3.33333,0.75,4.71,0.75,0.166667,0.5
alpha075_rho025_Lc10,0.75,0.25,10,3.33333,0.75,4.72,0.75,0.166667,0.5
alpha075_rho025_Lc10,0.75,0.25,10,3.33333,0.75,4.73,0.75,0.166667,0.5
alpha075_rho025_Lc10,0.75,0.25,10,3.33333,0.75,4.74,0.75,0.166667,0.5
alpha075_rho025_Lc10,0.75,0.25,10,3.33333,0.75,4.75,0.75,0.166667,0.5
alpha075_rho025_Lc10,0.75,0.25,10,3.33333,0.75,4.76,0.75,0.166667,0.5
alpha075_rho025_Lc10,0.75,0.25,10,3.33333,0.75,4.77,0.75,0.166667,0.5
alpha075_rho025_Lc10,0.75,0.25,10,3.33333,0.75,4.78,0.75,0.166667,0.5
alpha075_rho025_Lc10,0.75,0.25,10,3.33333,0.75,4.79,0.75,0.166667,0.5
alpha075_rho025_Lc10,0.75,0.25,10,3.33333,0.75,4.8,0.75,0.166667,0.5
alpha075_rho025_Lc10,0.75,0.25,10,3.33333,0.75,4.81,0.75,0.166667,0.5
alpha075_rho025_Lc10,0.75,0.25,10,3.33333,0.75,4.82,0.75,0.166667,0.5
alpha075_rho025_Lc10,0.75,0.25,10,3.33333,0.75,4.83,0.75,0.166667,0.5
alpha075_rho025_Lc10,0.75,0.25,10,3.33333,0.75,4.84,0.75,0.166667,0.5
alpha075_rho025_Lc10,0.75,0.25,10,3.33333,0.75,4.85,0.75,0.166667,0.5
alpha075_rho025_Lc10,0.75,0.25,10,3.33333,0.75,4.86,0.75,0.166667,0.5
alpha075_rho025_Lc10,0.75,0.25,10,3.33333,0.75,4.87,0.75,0.166667,0.5
alpha075_rho025_Lc10,0.75,0.25,10,3.33333,0.75,4.88,0.75,0.166667,0.5
alpha075_rho025_Lc10,0.75,0.25,10,3.33333,0.75,4.89,0.75,0.166667,0.5
alpha075_rho025_Lc10,0.75,0.25,10,3.33333,0.75,4.9,0.75,0.166667,0.5
alpha075_rho025_Lc10,0.75,0.25,10,3.33333,0.75,4.91,0.75,0.166667,0.5
alpha075_rho025_Lc10,0.75,0.25,10,3.33333,0.75,4.92,0.75,0.166667,0.5
alpha075_rho025_Lc10,0.75,0.25,10,3.33333,0.75,4.93,0.75,0.166667,0.5
alpha075_rho025_Lc10,0.75,0.25,10,3.33333,0.75,4.94,0.75,0.166667,0.5
alpha075_rho025_Lc10,0.75,0.25,10,3.33333,0.75,4.95,0.75,0.166667,0.5
alpha075_rho025_Lc10,0.75,0.25,10,3.33333,0.75,4.96,0.75,0.166667,0.5
alpha075_rho025_Lc10,0.75,0.25,10,3.33333,0.75,4.97,0.75,0.166667,0.5
alpha075_rho025_Lc10,0.75,0.25,10,3.33333,0.75,4.98,0.75,0.166667,0.5
alpha075_rho025_Lc10,0.75,0.25,10,3.33333,0.75,4.99,0.75,0.166667,0.5
alpha075_rho025_Lc10,0.75,0.25,10,3.33333,0.75,5,0.75,0.166667,0.5
