# P x u_num u_exact u_err v_num v_exact v_err psi_num psi_exact psi_err
1 2.4414062500000000e-04 1.1531445770294563e-04 5.3906181861337839e-08 1.1526055152108429e-04 1.1531446066413748e-04 5.3906181861337839e-08 1.1526055448227614e-04 2.3062891836708309e-04 1.0781236372267568e-07 2.3052110600336041e-04
2 7.3242187500000000e-04 1.1552999692817877e-04 4.8468185197877845e-07 1.1504531507620000e-04 1.1552999201853628e-04 4.8468185197877845e-07 1.1504531016655751e-04 2.3105998894671506e-04 9.6936370395755691e-07 2.3009062524275751e-04
3 1.2207031250000000e-03 1.1617534402649873e-04 1.3450230518298667e-06 1.1483032097466886e-04 1.1617533452447835e-04 1.3450230518298667e-06 1.1483031147264849e-04 2.3235067855097708e-04 2.6900461036597333e-06 2.2966063244731736e-04
4 1.7089843750000000e-03 1.1724923752507489e-04 2.6336682069784547e-06 1.1461556931809644e-04 1.1724922963303907e-04 2.6336682069784547e-06 1.1461556142606062e-04 2.3449846715811395e-04 5.2673364139569094e-06 2.2923113074415705e-04
5 2.1972656250000000e-03 1.1875041718477158e-04 4.3493569774056520e-06 1.1440106020736593e-04 1.1875040947326870e-04 4.3493569774056520e-06 1.1440105249586305e-04 2.3750082665804028e-04 8.6987139548113041e-06 2.2880211270322897e-04
6 2.6855468750000000e-03 1.2067762400014201e-04 6.4908302575098238e-06 1.1418679374263219e-04 1.2067761632266903e-04 6.4908302575098238e-06 1.1418678606515921e-04 2.4135524032281103e-04 1.2981660515019648e-05 2.2837357980779138e-04
7 3.1738281250000000e-03 1.2302960019942681e-04 9.0568301761065911e-06 1.1397277002332023e-04 1.2302959254527164e-04 9.0568301761065911e-06 1.1397276236916506e-04 2.4605919274469843e-04 1.8113660352213182e-05 2.2794553239248525e-04
8 3.6621093750000000e-03 1.2580508924455447e-04 1.2046100096428834e-05 1.1375898914812563e-04 1.2580508161321702e-04 1.2046100096428834e-05 1.1375898151678818e-04 2.5161017085777149e-04 2.4092200192857668e-05 2.2751797066491381e-04
9 4.1503906250000000e-03 1.2900283583114081e-04 1.5457384616126689e-05 1.1354545121501412e-04 1.2900282822240247e-04 1.5457384616126689e-05 1.1354544360627577e-04 2.5800566405354328e-04 3.0914769232253377e-05 2.2709089482128990e-04
10 4.6386718750000000e-03 1.3262158588848926e-04 1.9289429567267544e-05 1.1333215632122171e-04 1.3262157830251704e-04 1.9289429567267544e-05 1.1333214873524949e-04 2.6524316419100630e-04 3.8578859134535089e-05 2.2666430505647120e-04
11 5.1269531250000000e-03 1.3666008657959089e-04 2.3540982016336048e-05 1.1311910456325485e-04 1.3666007901613921e-04 2.3540982016336048e-05 1.1311909699980317e-04 2.7332016559573013e-04 4.7081964032672096e-05 2.2623820156305804e-04
12 5.6152343750000000e-03 1.4111708630112411e-04 2.8210790264234107e-05 1.1290629603689001e-04 1.4111707876023503e-04 2.8210790264234107e-05 1.1290628849600093e-04 2.8223416506135913e-04 5.6421580528468214e-05 2.2581258453289093e-04
13 6.1035156250000000e-03 1.4599133468345504e-04 3.3297603846280883e-05 1.1269373083717416e-04 1.4599132716520394e-04 3.3297603846280883e-05 1.1269372331892305e-04 2.9198266184865898e-04 6.6595207692561766e-05 2.2538745415609721e-04
14 6.5917968750000000e-03 1.5128158259063721e-04 3.8800173532212784e-05 1.1248140905842442e-04 1.5128157509490601e-04 3.8800173532212784e-05 1.1248140156269322e-04 3.0256315768554322e-04 7.7600347064425568e-05 2.2496281062111764e-04
15 7.0800781250000000e-03 1.5698658212041203e-04 4.4717251326183503e-05 1.1226933079422854e-04 1.5698657464712249e-04 4.4717251326183503e-05 1.1226932332093900e-04 3.1397315676753455e-04 8.9434502652367006e-05 2.2453865411516756e-04
16 7.5683593750000000e-03 1.6310508660420843e-04 5.1047590466763951e-05 1.1205749613744448e-04 1.6310507915365689e-04 5.1047590466763951e-05 1.1205748868689294e-04 3.2621016575786529e-04 1.0209518093352790e-04 2.2411498482433740e-04
17 8.0566406250000000e-03 1.6963585060714268e-04 5.7789945426942326e-05 1.1184590518020035e-04 1.6963584317902954e-04 5.7789945426942326e-05 1.1184589775208721e-04 3.3927169378617221e-04 1.1557989085388465e-04 2.2369180293228756e-04
18 8.5449218750000000e-03 1.7657762992801928e-04 6.4943071914124075e-05 1.1163455801389520e-04 1.7657762252225293e-04 6.4943071914124075e-05 1.1163455060812886e-04 3.5315525245027224e-04 1.2988614382824815e-04 2.2326910862202409e-04
19 9.0332031250000000e-03 1.8392918159933010e-04 7.2505726870131885e-05 1.1142345472919822e-04 1.8392917421603482e-04 7.2505726870131885e-05 1.1142344734590294e-04 3.6785835581536490e-04 1.4501145374026377e-04 2.2284690207510113e-04
20 9.5214843750000000e-03 1.9168926388725451e-04 8.0476668471205710e-05 1.1121259541604880e-04 1.9168925652646800e-04 8.0476668471205710e-05 1.1121258805526229e-04 3.8337852041372251e-04 1.6095333694241142e-04 2.2242518347131109e-04
21 1.0009765625000000e-02 1.9985663629166071e-04 8.8854656128002787e-05 1.1100198016365792e-04 1.9985662895331406e-04 8.8854656128002787e-05 1.1100197282531128e-04 3.9971326524497475e-04 1.7770931225600557e-04 2.2200395298896917e-04
22 1.0498046875000000e-02 2.0843005954610403e-04 9.7638450485597572e-05 1.1079160906050646e-04 2.0843005222998483e-04 9.7638450485597572e-05 1.1079160174438726e-04 4.1686011177608884e-04 1.9527690097119514e-04 2.2158321080489369e-04
23 1.0986328125000000e-02 2.1740829561782792e-04 1.0682681342348178e-04 1.1058148219434614e-04 2.1740828832404697e-04 1.0682681342348178e-04 1.1058147490056519e-04 4.3481658394187487e-04 2.1365362684696356e-04 2.2116295709491131e-04
24 1.1474609375000000e-02 2.2679010770776430e-04 1.1641850805556441e-04 1.1037159965219989e-04 2.2679010043654308e-04 1.1641850805556441e-04 1.1037159238097867e-04 4.5358020814430738e-04 2.3283701611112882e-04 2.2074319203317855e-04
25 1.1962890625000000e-02 2.3657426025053288e-04 1.2641229873017171e-04 1.1016196152036117e-04 2.3657425300138322e-04 1.2641229873017171e-04 1.1016195427121151e-04 4.7314851325191607e-04 2.5282459746034342e-04 2.2032391579157265e-04
26 1.2451171875000000e-02 2.4675951891444211e-04 1.3680695103004714e-04 1.0995256788439497e-04 2.4675951168781038e-04 1.3680695103004714e-04 1.0995256065776324e-04 4.9351903060225249e-04 2.7361390206009429e-04 2.1990512854215820e-04
27 1.2939453125000000e-02 2.5734465060148773e-04 1.4760123177235147e-04 1.0974341882913626e-04 2.5734464339698614e-04 1.4760123177235147e-04 1.0974341162463467e-04 5.1468929399847382e-04 2.9520246354470294e-04 2.1948683045377087e-04
28 1.3427734375000000e-02 2.6832842344735549e-04 1.5879390900866273e-04 1.0953451443869276e-04 2.6832841626521861e-04 1.5879390900866273e-04 1.0953450725655588e-04 5.3665683971257415e-04 3.1758781801732546e-04 2.1906902169524869e-04
29 1.3916015625000000e-02 2.7970960682141831e-04 1.7038375202497614e-04 1.0932585479644217e-04 2.7970959966126509e-04 1.7038375202497614e-04 1.0932584763628895e-04 5.5941920648268340e-04 3.4076750404995229e-04 2.1865170243273111e-04
30 1.4404296875000000e-02 2.9148697132673859e-04 1.8236953134170427e-04 1.0911743998503432e-04 2.9148696418880213e-04 1.8236953134170427e-04 1.0911743284709786e-04 5.8297393551554077e-04 3.6473906268340853e-04 2.1823487283213224e-04
31 1.4892578125000000e-02 3.0365928880006775e-04 1.9475001871367687e-04 1.0890927008639088e-04 3.0365928168432350e-04 1.9475001871367687e-04 1.0890926297064664e-04 6.0731857048439120e-04 3.8950003742735373e-04 2.1781853305703747e-04
32 1.5380859375000000e-02 3.1622533231184536e-04 2.0752398713014099e-04 1.0870134518170437e-04 3.1622532521849217e-04 2.0752398713014099e-04 1.0870133808835118e-04 6.3245065753033758e-04 4.1504797426028197e-04 2.1740268327005561e-04
33 1.5869140625000000e-02 3.2918387616620045e-04 2.2069021081476089e-04 1.0849366535143956e-04 3.2918386909485932e-04 2.2069021081476089e-04 1.0849365828009843e-04 6.5836774526105977e-04 4.4138042162952178e-04 2.1698732363153799e-04
34 1.6357421875000000e-02 3.4253369590095227e-04 2.3424746522561816e-04 1.0828623067533411e-04 3.4253368885152883e-04 2.3424746522561816e-04 1.0828622362591068e-04 6.8506738475248110e-04 4.6849493045123631e-04 2.1657245430124479e-04
35 1.6845703125000000e-02 3.5627356828760794e-04 2.4819452705521157e-04 1.0807904123239637e-04 3.5627356126060168e-04 2.4819452705521157e-04 1.0807903420539011e-04 7.1254712954820962e-04 4.9638905411042314e-04 2.1615807543778648e-04
36 1.7333984375000000e-02 3.7040227133136475e-04 2.6253017423045723e-04 1.0787209710090751e-04 3.7040226432613561e-04 2.6253017423045723e-04 1.0787209009567838e-04 7.4080453565750042e-04 5.2506034846091447e-04 2.1574418719658595e-04
37 1.7822265625000000e-02 3.8491858427110962e-04 2.7725318591268838e-04 1.0766539835842123e-04 3.8491857728765197e-04 2.7725318591268838e-04 1.0766539137496359e-04 7.6983716155876159e-04 5.5450637182537677e-04 2.1533078973338482e-04
38 1.8310546875000000e-02 3.9982128757941955e-04 2.9236234249765562e-04 1.0745894508176393e-04 3.9982128061846289e-04 2.9236234249765562e-04 1.0745893812080727e-04 7.9964256819788245e-04 5.8472468499531124e-04 2.1491788320257121e-04
39 1.8798828125000000e-02 4.1510916296256156e-04 3.0785642561552683e-04 1.0725273734703473e-04 4.1510915602348367e-04 3.0785642561552683e-04 1.0725273040795684e-04 8.3021831898604523e-04 6.1571285123105367e-04 2.1450546775499157e-04
40 1.9287109375000000e-02 4.3078099336049289e-04 3.2373421813088705e-04 1.0704677522960584e-04 4.3078098644363150e-04 3.2373421813088705e-04 1.0704676831274444e-04 8.6156197980412439e-04 6.4746843626177410e-04 2.1409354354235029e-04
41 1.9775390625000000e-02 4.4683556294686032e-04 3.3999450414273866e-04 1.0684105880412166e-04 4.4683555605175100e-04 3.3999450414273866e-04 1.0684105190901234e-04 8.9367111899861127e-04 6.7998900828547732e-04 2.1368211071313395e-04
42 2.0263671875000000e-02 4.6327165712900308e-04 3.5663606898450124e-04 1.0663558814450185e-04 4.6327165025543795e-04 3.5663606898450124e-04 1.0663558127093671e-04 9.2654330738444098e-04 7.1327213796900247e-04 2.1327116941543850e-04
43 2.0751953125000000e-02 4.8008806254794977e-04 3.7365769922401159e-04 1.0643036332393818e-04 4.8008805569687077e-04 3.7365769922401159e-04 1.0643035647285917e-04 9.6017611824482049e-04 7.4731539844802319e-04 2.1286071979679730e-04
44 2.1240234375000000e-02 4.9728356707842052e-04 3.9105818266352391e-04 1.0622538441489661e-04 4.9728356024907039e-04 3.9105818266352391e-04 1.0622537758554648e-04 9.9456712732749102e-04 7.8211636532704782e-04 2.1245076200044320e-04
45 2.1728515625000000e-02 5.1485695982882683e-04 4.0883630833970949e-04 1.0602065148911734e-04 5.1485695302104690e-04 4.0883630833970949e-04 1.0602064468133741e-04 1.0297139128498736e-03 8.1767261667941898e-04 2.1204129617045464e-04
46 2.2216796875000000e-02 5.3280703114127082e-04 4.2699086652365706e-04 1.0581616461761376e-04 5.3280702435584920e-04 4.2699086652365706e-04 1.0581615783219214e-04 1.0656140554971200e-03 8.5398173304731412e-04 2.1163232244980591e-04
47 2.2705078125000000e-02 5.5113257259154782e-04 4.4552064872087241e-04 1.0561192387067541e-04 5.5113256582738860e-04 4.4552064872087241e-04 1.0561191710651619e-04 1.1022651384189363e-03 8.9104129744174481e-04 2.1122384097719150e-04
48 2.3193359375000000e-02 5.6983237698914274e-04 4.6442444767127869e-04 1.0540792931786405e-04 5.6983237024697234e-04 4.6442444767127869e-04 1.0540792257569364e-04 1.1396647472361151e-03 9.2884889534255739e-04 2.1081585189355770e-04
49 2.3681640625000000e-02 5.8890523837723486e-04 4.8370105734921637e-04 1.0520418102801849e-04 5.8890523165696534e-04 4.8370105734921637e-04 1.0520417430774897e-04 1.1778104700342002e-03 9.6740211469843274e-04 2.1040835533576747e-04
50 2.4169921875000000e-02 6.0834995203269562e-04 5.0334927296344302e-04 1.0500067906925260e-04 6.0834994533326772e-04 5.0334927296344302e-04 1.0500067236982470e-04 1.2166998973659633e-03 1.0066985459268860e-03 2.1000135143907730e-04
51 2.4658203125000000e-02 6.2816531446608737e-04 5.2336789095713354e-04 1.0479742350895382e-04 6.2816530778928210e-04 5.2336789095713354e-04 1.0479741683214856e-04 1.2563306222553696e-03 1.0467357819142671e-03 2.0959484034110249e-04
52 2.5146484375000000e-02 6.4835012342166667e-04 5.4375570900788012e-04 1.0459441441378655e-04 6.4835011676702174e-04 5.4375570900788012e-04 1.0459440775914162e-04 1.2967002401886884e-03 1.0875114180157602e-03 2.0918882217292817e-04
53 2.5634765625000000e-02 6.6890317787738349e-04 5.6451152602769229e-04 1.0439165184969121e-04 6.6890317124365531e-04 5.6451152602769229e-04 1.0439164521596303e-04 1.3378063491210389e-03 1.1290230520553846e-03 2.0878329706565434e-04
54 2.6123046875000000e-02 6.8982327804488095e-04 5.8563414216299657e-04 1.0418913588188439e-04 6.8982327143313009e-04 5.8563414216299657e-04 1.0418912927013353e-04 1.3796465494780110e-03 1.1712682843259931e-03 2.0837826515201791e-04
55 2.6611328125000000e-02 7.1110922536949468e-04 6.0712235879463688e-04 1.0398686657485780e-04 7.1110921877961207e-04 6.0712235879463688e-04 1.0398685998497519e-04 1.4222184441491066e-03 1.2142447175892738e-03 2.0797372655983288e-04
56 2.7099609375000000e-02 7.3275982253025607e-04 6.2897497853787456e-04 1.0378484399238151e-04 7.3275981596150055e-04 6.2897497853787456e-04 1.0378483742362599e-04 1.4655196384917566e-03 1.2579499570757491e-03 2.0756968141600750e-04
57 2.7587890625000000e-02 7.5477387343988957e-04 6.5119080524238802e-04 1.0358306819750155e-04 7.5477386689318054e-04 6.5119080524238802e-04 1.0358306165079252e-04 1.5095477403330700e-03 1.3023816104847760e-03 2.0716612984829396e-04
58 2.8076171875000000e-02 7.7715018324481559e-04 6.7376864399227286e-04 1.0338153925254273e-04 7.7715017671976241e-04 6.7376864399227286e-04 1.0338153272748955e-04 1.5543003599645779e-03 1.3475372879845457e-03 2.0676307198003218e-04
59 2.8564453125000000e-02 7.9988755832514620e-04 6.9670730110604209e-04 1.0318025721910411e-04 7.9988755182081159e-04 6.9670730110604209e-04 1.0318025071476950e-04 1.5997751101459578e-03 1.3934146022120842e-03 2.0636050793387361e-04
60 2.9052734375000000e-02 8.2298480629469238e-04 7.2000558413662602e-04 1.0297922215806636e-04 8.2298479981255182e-04 7.2000558413662602e-04 1.0297921567592580e-04 1.6459696061072442e-03 1.4400111682732520e-03 2.0595843783399216e-04
61 2.9541015625000000e-02 8.4644073600095935e-04 7.4366230187137194e-04 1.0277843412958741e-04 8.4644072954001039e-04 7.4366230187137194e-04 1.0277842766863844e-04 1.6928814655409697e-03 1.4873246037427439e-03 2.0555686179822585e-04
62 3.0029296875000000e-02 8.7025415752514678e-04 7.6767626433204476e-04 1.0257789319310202e-04 8.7025415108627283e-04 7.6767626433204476e-04 1.0257788675422806e-04 1.7405083086114196e-03 1.5353525286640895e-03 2.0515577994733008e-04
63 3.0517578125000000e-02 8.9442388218215305e-04 7.9204628277482637e-04 1.0237759940732668e-04 8.9442387576413090e-04 7.9204628277482637e-04 1.0237759298930454e-04 1.7888477579462840e-03 1.5840925655496527e-03 2.0475519239663122e-04
64 3.1005859375000000e-02 9.1894872252057077e-04 8.1677116969031604e-04 1.0217755283025473e-04 9.1894871612426920e-04 8.1677116969031604e-04 1.0217754643395316e-04 1.8378974386448399e-03 1.6335423393806321e-03 2.0435509926420778e-04
65 3.1494140625000000e-02 9.4382749232268972e-04 8.4184973880353027e-04 1.0197775351915945e-04 9.4382748594707636e-04 8.4184973880353027e-04 1.0197774714354609e-04 1.8876549782697661e-03 1.6836994776070605e-03 2.0395550066270554e-04
66 3.1982421875000000e-02 9.6905900660449764e-04 8.6728080507390273e-04 1.0177820153059491e-04 9.6905900025052571e-04 8.6728080507390273e-04 1.0177819517662298e-04 1.9381180068550235e-03 1.7345616101478055e-03 2.0355639670721799e-04
67 3.2470703125000000e-02 9.9464208161567863e-04 8.9306318469528460e-04 1.0157889692039403e-04 9.9464207528335334e-04 8.9306318469528460e-04 1.0157889058806874e-04 1.9892841568990320e-03 1.7861263693905692e-03 2.0315778750846277e-04
68 3.2958984375000000e-02 1.0205755348396167e-03 9.1919569509594406e-04 1.0137983974367268e-04 1.0205755285287352e-03 9.1919569509594406e-04 1.0137983343279117e-04 2.0411510633683520e-03 1.8383913901918881e-03 2.0275967317646385e-04
69 3.3447265625000000e-02 1.0468581849933892e-03 9.4567715493856655e-04 1.0118103005482266e-04 1.0468581787035905e-03 9.4567715493856655e-04 1.0118102376502390e-04 2.0937163636969795e-03 1.8913543098771331e-03 2.0236205381984635e-04
70 3.3935546875000000e-02 1.0734888520277782e-03 9.7250638412025496e-04 1.0098246790752328e-04 1.0734888457592635e-03 9.7250638412025496e-04 1.0098246163900849e-04 2.1469776977870417e-03 1.9450127682405099e-03 2.0196492954653177e-04
71 3.4423828125000000e-02 1.1004663571272618e-03 9.9968220377252945e-04 1.0078415335473237e-04 1.1004663508803873e-03 9.9968220377252945e-04 1.0078414710785783e-04 2.2009327080076491e-03 1.9993644075450589e-03 2.0156830046259020e-04
72 3.4912109375000000e-02 1.1277895227100167e-03 1.0272034362613269e-03 1.0058608644868973e-04 1.1277895164845456e-03 1.0272034362613269e-03 1.0058608022321864e-04 2.2555790391945623e-03 2.0544068725226539e-03 2.0117216667190838e-04
73 3.5400390625000000e-02 1.1554571724279204e-03 1.0550689051870023e-03 1.0038826724091806e-04 1.1554571662234447e-03 1.0550689051870023e-03 1.0038826103644233e-04 2.3109143386513650e-03 2.1101378103740047e-03 2.0077652827736039e-04
74 3.5888671875000000e-02 1.1834681311665514e-03 1.0832774353843274e-03 1.0019069578222394e-04 1.1834681249828672e-03 1.0832774353843274e-03 1.0019068959853973e-04 2.3669362561494186e-03 2.1665548707686549e-03 2.0038138538076367e-04
75 3.6376953125000000e-02 1.2118212250451855e-03 1.1118278529224910e-03 9.9993372122694464e-05 1.2118212188817414e-03 1.1118278529224910e-03 9.9993365959250360e-05 2.4236424439269266e-03 2.2236557058449820e-03 1.9998673808194461e-04
76 3.6865234375000000e-02 1.2405152814168026e-03 1.1407189851050997e-03 9.9796296311702908e-05 1.2405152752751817e-03 1.1407189851050997e-03 9.9796290170082059e-05 2.4810305566919846e-03 2.2814379702101994e-03 1.9959258648178518e-04
77 3.7353515625000000e-02 1.2695491288680842e-03 1.1699496604701768e-03 9.9599468397907395e-05 1.2695491227483473e-03 1.1699496604701768e-03 9.9599462278170516e-05 2.5390982516164317e-03 2.3398993209403536e-03 1.9919893067607813e-04
78 3.7841796875000000e-02 1.2989215972194091e-03 1.1995187087901632e-03 9.9402888429245924e-05 1.2989215911221965e-03 1.1995187087901632e-03 9.9402882332033345e-05 2.5978431883416056e-03 2.3990374175803264e-03 1.9880577076127927e-04
79 3.8330078125000000e-02 1.3286315175248639e-03 1.2294249610719174e-03 9.9206556452946558e-05 1.3286315114472845e-03 1.2294249610719174e-03 9.9206550375367146e-05 2.6572630289721485e-03 2.4588499221438347e-03 1.9841310682831370e-04
80 3.8818359375000000e-02 1.3586777220722329e-03 1.2596672495567142e-03 9.9010472515518753e-05 1.3586777160171279e-03 1.2596672495567142e-03 9.9010466460413768e-05 2.7173554380893611e-03 2.5193344991134283e-03 1.9802093897593274e-04
81 3.9306640625000000e-02 1.3890590443830083e-03 1.2902444077202463e-03 9.8814636662762027e-05 1.3890590383477635e-03 1.2902444077202463e-03 9.8814630627517240e-05 2.7781180827307719e-03 2.5804888154404926e-03 1.9762926729027927e-04
82 3.9794921875000000e-02 1.4197743192123809e-03 1.3211552702726240e-03 9.8619048939756855e-05 1.4197743131987397e-03 1.3211552702726240e-03 9.8619042926115664e-05 2.8395486324111208e-03 2.6423105405452480e-03 1.9723809186587274e-04
83 4.0283203125000000e-02 1.4508223825492499e-03 1.3523986731583740e-03 9.8423709390875946e-05 1.4508223765566724e-03 1.3523986731583740e-03 9.8423703398298418e-05 2.9016447591059223e-03 2.7047973463167480e-03 1.9684741278917436e-04
84 4.0771484375000000e-02 1.4822020716162125e-03 1.3839734535564406e-03 9.8228618059771882e-05 1.4822020656447884e-03 1.3839734535564406e-03 9.8228612088347789e-05 2.9644041372610007e-03 2.7679469071128812e-03 1.9645723014811945e-04
85 4.1259765625000000e-02 1.5139122248695790e-03 1.4158784498801858e-03 9.8033774989393163e-05 1.5139122189185572e-03 1.4158784498801858e-03 9.8033769038371370e-05 3.0278244437881362e-03 2.8317568997603716e-03 1.9606754402776453e-04
86 4.1748046875000000e-02 1.5459516819993559e-03 1.4481125017773882e-03 9.7839180221967730e-05 1.5459516760694327e-03 1.4481125017773882e-03 9.7839174292044511e-05 3.0919033580687886e-03 2.8962250035547764e-03 1.9567835451401224e-04
87 4.2236328125000000e-02 1.5783192839292672e-03 1.4806744501302440e-03 9.7644833799023127e-05 1.5783192780187754e-03 1.4806744501302440e-03 9.7644827888531413e-05 3.1566385619480426e-03 2.9613489002604881e-03 1.9528966168755454e-04
88 4.2724609375000000e-02 1.6110138728167307e-03 1.5135631370553667e-03 9.7450735761363955e-05 1.6110138669294480e-03 1.5135631370553667e-03 9.7450729874081323e-05 3.2220277397461789e-03 3.0271262741107335e-03 1.9490146563544549e-04
89 4.3212890625000000e-02 1.6440342920528801e-03 1.5467774059037868e-03 9.7256886149093332e-05 1.6440342861855117e-03 1.5467774059037868e-03 9.7256880281724892e-05 3.2880685782383920e-03 3.0935548118075735e-03 1.9451376643081844e-04
90 4.3701171875000000e-02 1.6773793862625505e-03 1.5803161012609523e-03 9.7063285001598157e-05 1.6773793804167850e-03 1.5803161012609523e-03 9.7063279155832662e-05 3.3547587666793357e-03 3.1606322025219047e-03 1.9412656415743103e-04
91 4.4189453125000000e-02 1.7110480013042897e-03 1.6141780689467285e-03 9.6869932357561243e-05 1.7110479954774948e-03 1.6141780689467285e-03 9.6869926530766251e-05 3.4220959967817847e-03 3.2283561378934570e-03 1.9373985888832771e-04
92 4.4677734375000000e-02 1.7450389842703477e-03 1.6483621560153977e-03 9.6676828254950052e-05 1.7450389784653610e-03 1.6483621560153977e-03 9.6676822449963352e-05 3.4900779627357087e-03 3.2967243120307953e-03 1.9335365070491340e-04
93 4.5166015625000000e-02 1.7793511834866861e-03 1.6828672107556595e-03 9.6483972731026659e-05 1.7793511777022312e-03 1.6828672107556595e-03 9.6483966946571713e-05 3.5587023611889173e-03 3.3657344215113189e-03 1.9296793967759837e-04
94 4.5654296875000000e-02 1.8139834485129788e-03 1.7176920826906309e-03 9.6291365822347976e-05 1.8139834427490598e-03 1.7176920826906309e-03 9.6291360058428904e-05 3.6279668912620388e-03 3.4353841653812617e-03 1.9258272588077710e-04
95 4.6142578125000000e-02 1.8489346301426074e-03 1.7528356225778459e-03 9.6099007564761415e-05 1.8489346243990396e-03 1.7528356225778459e-03 9.6099001821193684e-05 3.6978692545416468e-03 3.5056712451556919e-03 1.9219800938595488e-04
96 4.6630859375000000e-02 1.8842035804026592e-03 1.7882966824092565e-03 9.5906897993402714e-05 1.8842035746805845e-03 1.7882966824092565e-03 9.5906892271327990e-05 3.7684071550832436e-03 3.5765933648185129e-03 1.9181379026473070e-04
97 4.7119140625000000e-02 1.9197891525539416e-03 1.8240741154112309e-03 9.5715037142710688e-05 1.9197891468546830e-03 1.8240741154112309e-03 9.5715031443452132e-05 3.8395782994086244e-03 3.6481482308224618e-03 1.9143006858616260e-04
98 4.7607421875000000e-02 1.9556902010909624e-03 1.8601667760445553e-03 9.5523425046407061e-05 1.9556901954115120e-03 1.8601667760445553e-03 9.5523419366956661e-05 3.9113803965024740e-03 3.7203335520891107e-03 1.9104684441336329e-04
99 4.8095703125000000e-02 1.9919055817419493e-03 1.8965735200044329e-03 9.5332061737516413e-05 1.9919055760845702e-03 1.8965735200044329e-03 9.5332056080137334e-05 3.9838111578265195e-03 3.7931470400088658e-03 1.9066411781765375e-04
100 4.8583984375000000e-02 2.0284341514688409e-03 1.9332932042204838e-03 9.5140947248357078e-05 2.0284341458288446e-03 1.9332932042204838e-03 9.5140941608360795e-05 4.0568682972976855e-03 3.8665864084409677e-03 1.9028188885671787e-04
101 4.9072265625000000e-02 2.0652747684672857e-03 1.9703246868567463e-03 9.4950081610539402e-05 2.0652747628481338e-03 1.9703246868567463e-03 9.4950075991387557e-05 4.1305495313154195e-03 3.9406493737134925e-03 1.8990015760192696e-04
102 4.9560546875000000e-02 2.1024262921666508e-03 2.0076668273116753e-03 9.4759464854975509e-05 2.1024262865688790e-03 2.0076668273116753e-03 9.4759459257203697e-05 4.2048525787355302e-03 4.0153336546233506e-03 1.8951892411217964e-04
103 5.0048828125000000e-02 2.1398875832300108e-03 2.0453184862181425e-03 9.4569097011868233e-05 2.1398875776503941e-03 2.0453184862181425e-03 9.4569091432251604e-05 4.2797751608804049e-03 4.0906369724362851e-03 1.8913818844411984e-04
104 5.0537109375000000e-02 2.1776575035541636e-03 2.0832785254434384e-03 9.4378978110725223e-05 2.1776574979951490e-03 2.0832785254434384e-03 9.4378972551710603e-05 4.3553150015493130e-03 4.1665570508868767e-03 1.8875795066243626e-04
105 5.1025390625000000e-02 2.2157349162696153e-03 2.1215458080892685e-03 9.4189108180346790e-05 2.2157349107339900e-03 2.1215458080892685e-03 9.4189102644721447e-05 4.4314698270036049e-03 4.2430916161785371e-03 1.8837821082506780e-04
106 5.1513671875000000e-02 2.2541186857405887e-03 2.1601191984917576e-03 9.3999487248831119e-05 2.2541186802240570e-03 2.1601191984917576e-03 9.3999481732299443e-05 4.5082373659646457e-03 4.3202383969835152e-03 1.8799896898113056e-04
107 5.2001953125000000e-02 2.2928076775650271e-03 2.1989975622214472e-03 9.3810115343579900e-05 2.2928076720710412e-03 2.1989975622214472e-03 9.3810109849593992e-05 4.5856153496360678e-03 4.3979951244428944e-03 1.8762022519317346e-04
108 5.2490234375000000e-02 2.3318007585745883e-03 2.2381797660832952e-03 9.3620992491293131e-05 2.3318007530984080e-03 2.2381797660832952e-03 9.3620987015112858e-05 4.6636015116729964e-03 4.4763595321665904e-03 1.8724197950640599e-04
109 5.2978515625000000e-02 2.3710967968346495e-03 2.2776646781166778e-03 9.3432118717971715e-05 2.3710967913795115e-03 2.2776646781166778e-03 9.3432113262833637e-05 4.7421935882141610e-03 4.5553293562333556e-03 1.8686423198080535e-04
110 5.3466796875000000e-02 2.4106946616442963e-03 2.3174511675953880e-03 9.3243494048908353e-05 2.4106946562096050e-03 2.3174511675953880e-03 9.3243488614217027e-05 4.8213893178539018e-03 4.6349023351907759e-03 1.8648698266312581e-04
111 5.3955078125000000e-02 2.4505932235363509e-03 2.3575381050276356e-03 9.3055118508715302e-05 2.4505932181235028e-03 2.3575381050276356e-03 9.3055113095867181e-05 4.9011864416598537e-03 4.7150762100552713e-03 1.8611023160458248e-04
112 5.4443359375000000e-02 2.4907913542773410e-03 2.3979243621560487e-03 9.2866992121292281e-05 2.4907913488812538e-03 2.3979243621560487e-03 9.2866986725205058e-05 4.9815827031585947e-03 4.7958487243120974e-03 1.8573397884649734e-04
113 5.4931640625000000e-02 2.5312879268675225e-03 2.4386088119576722e-03 9.2679114909850323e-05 2.5312879214946667e-03 2.4386088119576722e-03 9.2679109536994517e-05 5.0625758483621892e-03 4.8772176239153444e-03 1.8535822444684484e-04
114 5.5419921875000000e-02 2.5720818155408626e-03 2.4795903286439678e-03 9.2491486896894865e-05 2.5720818101860454e-03 2.4795903286439678e-03 9.2491481542077581e-05 5.1441636257269080e-03 4.9591806572879355e-03 1.8498296843897245e-04
115 5.5908203125000000e-02 2.6131718957650607e-03 2.5208677876608150e-03 9.2304108104245691e-05 2.6131718904303615e-03 2.5208677876608150e-03 9.2304102769546429e-05 5.2263437861954226e-03 5.0417355753216301e-03 1.8460821087379255e-04
116 5.6396484375000000e-02 2.6545570442415341e-03 2.5624400656885102e-03 9.2116978553023927e-05 2.6545570389273666e-03 2.5624400656885102e-03 9.2116973238856419e-05 5.3091140831689008e-03 5.1248801313770204e-03 1.8423395179188035e-04
117 5.6884765625000000e-02 2.6962361389054187e-03 2.6043060406417675e-03 9.1930098263651172e-05 2.6962361336136508e-03 2.6043060406417675e-03 9.1930092971883280e-05 5.3924722725190695e-03 5.2086120812835351e-03 1.8386019123553445e-04
118 5.7373046875000000e-02 2.7382080589255803e-03 2.6464645916697178e-03 9.1743467255862507e-05 2.7382080536530410e-03 2.6464645916697178e-03 9.1743461983323157e-05 5.4764161125786213e-03 5.2929291833394357e-03 1.8348692923918566e-04
119 5.7861328125000000e-02 2.7804716847046012e-03 2.6889145991559095e-03 9.1557085548691752e-05 2.7804716794518846e-03 2.6889145991559095e-03 9.1557080295975087e-05 5.5609433641564858e-03 5.3778291983118190e-03 1.8311416584466684e-04
120 5.8349609375000000e-02 2.8230258978787994e-03 2.7316549447183084e-03 9.1370953160490979e-05 2.8230258926472303e-03 2.7316549447183084e-03 9.1370947928921895e-05 5.6460517905260292e-03 5.4633098894366168e-03 1.8274190108941244e-04
121 5.8837890625000000e-02 2.8658695813182076e-03 2.7746845112092970e-03 9.1185070108910568e-05 2.8658695761069391e-03 2.7746845112092970e-03 9.1185064897642085e-05 5.7317391574251472e-03 5.5493690224185941e-03 1.8237013500655309e-04
122 5.9326171875000000e-02 2.9090016191265916e-03 2.8180021827156759e-03 9.0999436410915679e-05 2.9090016139359889e-03 2.8180021827156759e-03 9.0999431220312958e-05 5.8180032330625801e-03 5.6360043654313519e-03 1.8199886763122820e-04
123 5.9814453125000000e-02 2.9524208966414376e-03 2.8616068445586618e-03 9.0814052082775851e-05 2.9524208914694654e-03 2.8616068445586618e-03 9.0814046910803626e-05 5.9048417881109030e-03 5.7232136891173235e-03 1.8162809899357948e-04
124 6.0302734375000000e-02 2.9961263004339659e-03 2.9054973832938901e-03 9.0628917140075840e-05 2.9961262952815548e-03 2.9054973832938901e-03 9.0628911987664790e-05 5.9922525957155203e-03 5.8109947665877801e-03 1.8125782912774020e-04
125 6.0791015625000000e-02 3.0401167183091212e-03 2.9496726867114121e-03 9.0444031597709112e-05 3.0401167131786522e-03 2.9496726867114121e-03 9.0444026467240146e-05 6.0802334314877735e-03 5.8993453734228242e-03 1.8088805806494926e-04
126 6.1279296875000000e-02 3.0843910393055785e-03 2.9941316438356971e-03 9.0259395469881321e-05 3.0843910341948198e-03 2.9941316438356971e-03 9.0259390359122716e-05 6.1687820735003979e-03 5.9882632876713943e-03 1.8051878582900360e-04
127 6.1767578125000000e-02 3.1289481536957379e-03 3.0388731449256315e-03 9.0075008770106393e-05 3.1289481486064283e-03 3.0388731449256315e-03 9.0075003680796777e-05 6.2578963023021666e-03 6.0777462898512630e-03 1.8015001245090360e-04
128 6.2255859375000000e-02 3.1737869529857381e-03 3.0838960814745194e-03 8.9890871511218683e-05 3.1737869479184140e-03 3.0838960814745194e-03 8.9890866443894518e-05 6.3475739009041521e-03 6.1677921629490389e-03 1.7978173795511320e-04
129 6.2744140625000000e-02 3.2189063299154419e-03 3.1291993462100810e-03 8.9706983705360819e-05 3.2189063248651796e-03 3.1291993462100810e-03 8.9706978655098527e-05 6.4378126547806214e-03 6.2583986924201621e-03 1.7941396236045935e-04
130 6.3232421875000000e-02 3.2643051784584467e-03 3.1747818330944548e-03 8.9523345363991952e-05 3.2643051734276484e-03 3.1747818330944548e-03 8.9523340333193691e-05 6.5286103518860956e-03 6.3495636661889095e-03 1.7904668569718608e-04
131 6.3720703125000000e-02 3.3099823938220838e-03 3.2206424373241965e-03 8.9339956497887316e-05 3.3099823888127671e-03 3.2206424373241965e-03 8.9339951488570570e-05 6.6199647826348509e-03 6.4412848746483930e-03 1.7867990798645789e-04
132 6.4208984375000000e-02 3.3559368724474137e-03 3.2667800553302781e-03 8.9156817117135630e-05 3.3559368674582193e-03 3.2667800553302781e-03 8.9156812127941243e-05 6.7118737399056334e-03 6.5335601106605561e-03 1.7831362924507731e-04
133 6.4697265625000000e-02 3.4021675120092343e-03 3.3131935847780904e-03 8.8973927231143866e-05 3.4021675070392780e-03 3.3131935847780904e-03 8.8973922261187562e-05 6.8043350190485127e-03 6.6263871695561808e-03 1.7794784949233186e-04
134 6.5185546875000000e-02 3.4486732114160710e-03 3.3598819245674399e-03 8.8791286848631176e-05 3.4486732064634394e-03 3.3598819245674399e-03 8.8791281895999555e-05 6.8973464178795109e-03 6.7197638491348797e-03 1.7758256874463117e-04
135 6.5673828125000000e-02 3.4954528708101970e-03 3.4068439748325512e-03 8.8608895977645812e-05 3.4954528658772141e-03 3.4068439748325512e-03 8.8608891044662970e-05 6.9909057366874111e-03 6.8136879496651023e-03 1.7721778702230878e-04
136 6.6162109375000000e-02 3.5425053915676148e-03 3.4540786369420665e-03 8.8426754625548203e-05 3.5425053866560744e-03 3.4540786369420665e-03 8.8426749714007845e-05 7.0850107782236896e-03 6.9081572738841331e-03 1.7685350433955648e-04
137 6.6650390625000000e-02 3.5898296762980589e-03 3.5015848134990440e-03 8.8244862799014868e-05 3.5898296714078782e-03 3.5015848134990440e-03 8.8244857908834160e-05 7.1796593477059367e-03 7.0031696269980881e-03 1.7648972070784859e-04
138 6.7138671875000000e-02 3.6374246288450088e-03 3.5493614083409609e-03 8.8063220504047950e-05 3.6374246239745025e-03 3.5493614083409609e-03 8.8063215633541608e-05 7.2748492528195118e-03 7.0987228166819218e-03 1.7612643613758999e-04
139 6.7626953125000000e-02 3.6852891542856832e-03 3.5974073265397097e-03 8.7881827745973484e-05 3.6852891494303860e-03 3.5974073265397097e-03 8.7881822890676330e-05 7.3705783037160688e-03 7.1948146530794194e-03 1.7576365063664938e-04
140 6.8115234375000000e-02 3.7334221589310390e-03 3.6457214744016015e-03 8.7700684529437491e-05 3.7334221540992088e-03 3.6457214744016015e-03 8.7700679697607243e-05 7.4668443130302478e-03 7.2914429488032031e-03 1.7540136422704473e-04
141 6.8603515625000000e-02 3.7818225503257674e-03 3.6943027594673644e-03 8.7519790858402950e-05 3.7818225455147469e-03 3.6943027594673644e-03 8.7519786047382444e-05 7.5636450958405143e-03 7.3886055189347289e-03 1.7503957690578539e-04
142 6.9091796875000000e-02 3.8304892372483133e-03 3.7431500905121436e-03 8.7339146736169736e-05 3.8304892324542202e-03 3.7431500905121436e-03 8.7339141942076662e-05 7.6609784697025335e-03 7.4863001810242871e-03 1.7467828867824640e-04
143 6.9580078125000000e-02 3.8794211297108489e-03 3.7922623775455016e-03 8.7158752165347308e-05 3.8794211249330067e-03 3.7922623775455016e-03 8.7158747387505123e-05 7.7588422546438557e-03 7.5845247550910032e-03 1.7431749955285243e-04
144 7.0068359375000000e-02 3.9286171389592952e-03 3.8416385318114179e-03 8.6978607147877255e-05 3.9286171342062083e-03 3.8416385318114179e-03 8.6978602394790442e-05 7.8572342731655035e-03 7.6832770636228358e-03 1.7395720954266770e-04
145 7.0556640625000000e-02 3.9780761774733117e-03 3.8912774657882902e-03 8.6798711685021589e-05 3.9780761727379564e-03 3.8912774657882902e-03 8.6798706949666252e-05 7.9561523502112673e-03 7.7825549315765803e-03 1.7359741863468697e-04
146 7.1044921875000000e-02 4.0277971589663128e-03 3.9411780931889323e-03 8.6619065777380523e-05 4.0277971542535609e-03 3.9411780931889323e-03 8.6619061064628633e-05 8.0555943132198729e-03 7.8823561863778646e-03 1.7323812684200829e-04
147 7.1533203125000000e-02 4.0777789983854522e-03 3.9913393289605749e-03 8.6439669424877297e-05 4.0777789936904570e-03 3.9913393289605749e-03 8.6439664729882036e-05 8.1555579920759083e-03 7.9826786579211498e-03 1.7287933415475847e-04
148 7.2021484375000000e-02 4.1280206119116260e-03 4.0417600892848687e-03 8.6260522626757305e-05 4.1280206072356086e-03 4.0417600892848687e-03 8.6260517950739919e-05 8.2560412191472338e-03 8.0835201785697374e-03 1.7252104057749636e-04
149 7.2509765625000000e-02 4.1785209169594847e-03 4.0924392915778780e-03 8.6081625381606748e-05 4.1785209123028433e-03 4.0924392915778780e-03 8.6081620724965356e-05 8.3570418292623280e-03 8.1848785831557559e-03 1.7216324610657210e-04
150 7.2998046875000000e-02 4.2292788321774159e-03 4.1433758544900876e-03 8.5902977687328345e-05 4.2292788275443390e-03 4.1433758544900876e-03 8.5902973054251437e-05 8.4585576597217549e-03 8.2867517089801751e-03 1.7180595074157978e-04
151 7.3486328125000000e-02 4.2802932774475702e-03 4.1945686979063968e-03 8.5724579541173428e-05 4.2802932728262287e-03 4.1945686979063968e-03 8.5724574919831924e-05 8.5605865502737990e-03 8.3891373958127936e-03 1.7144915446100535e-04
152 7.3974609375000000e-02 4.3315631738858277e-03 4.2460167429461239e-03 8.5546430939703773e-05 4.3315631692914282e-03 4.2460167429461239e-03 8.5546426345304259e-05 8.6631263431772559e-03 8.4920334858922478e-03 1.7109285728500803e-04
153 7.4462890625000000e-02 4.3830874438418347e-03 4.2977189119630041e-03 8.5368531878830638e-05 4.3830874392655293e-03 4.2977189119630041e-03 8.5368527302525157e-05 8.7661748831073631e-03 8.5954378239260082e-03 1.7073705918135493e-04
154 7.4951171875000000e-02 4.4348650108989836e-03 4.3496741285451897e-03 8.5190882353793941e-05 4.4348650063405631e-03 4.3496741285451897e-03 8.5190877795373460e-05 8.8697300172395459e-03 8.6993482570903793e-03 1.7038176014916653e-04
155 7.5439453125000000e-02 4.4868947998744097e-03 4.4018813175152492e-03 8.5013482359160529e-05 4.4868947953365709e-03 4.4018813175152492e-03 8.5013477821321674e-05 8.9737895952109806e-03 8.8037626350304984e-03 1.7002696018048220e-04
156 7.5927734375000000e-02 4.5391757368190219e-03 4.4543394049301717e-03 8.4836331888850196e-05 4.5391757323008913e-03 4.4543394049301717e-03 8.4836327370719535e-05 9.0783514691199132e-03 8.9086788098603435e-03 1.6967265925956973e-04
157 7.6416015625000000e-02 4.5917067490174619e-03 4.5070473180813591e-03 8.4659430936102724e-05 4.5917067445176213e-03 4.5070473180813591e-03 8.4659426436262120e-05 9.1834134935350822e-03 9.0140946361627183e-03 1.6931885737236398e-04
158 7.6904296875000000e-02 4.6444867649881446e-03 4.5600039854946347e-03 8.4482779493509977e-05 4.6444867605125676e-03 4.5600039854946347e-03 8.4482775017932950e-05 9.2889735255007114e-03 9.1200079709892693e-03 1.6896555451144206e-04
159 7.7392578125000000e-02 4.6975147144832129e-03 4.6132083369302352e-03 8.4306377552977735e-05 4.6975147100237792e-03 4.6132083369302352e-03 8.4306373093544044e-05 9.3950294245069912e-03 9.2264166738604703e-03 1.6861275064652091e-04
160 7.7880859375000000e-02 4.7507895284885915e-03 4.6666593033828172e-03 8.4130225105774267e-05 4.7507895240528550e-03 4.6666593033828172e-03 8.4130220670037767e-05 9.5015790525414465e-03 9.3333186067656344e-03 1.6826044577581203e-04
161 7.8369140625000000e-02 4.8043101392239640e-03 4.7203558170814544e-03 8.3954322142509516e-05 4.8043101348015545e-03 4.7203558170814544e-03 8.3954317720100029e-05 9.6086202740255193e-03 9.4407116341629089e-03 1.6790863986261041e-04
162 7.8857421875000000e-02 4.8580754801427440e-03 4.7742968114896367e-03 8.3778668653107340e-05 4.8580754757420871e-03 4.7742968114896367e-03 8.3778664252450417e-05 9.7161509558848311e-03 9.5485936229792734e-03 1.6755733290555776e-04
163 7.9345703125000000e-02 4.9120844859321311e-03 4.8284812213052718e-03 8.3603264626859290e-05 4.9120844815458767e-03 4.8284812213052718e-03 8.3603260240604910e-05 9.8241689674780086e-03 9.6569624426105435e-03 1.6720652486746507e-04
164 7.9833984375000000e-02 4.9663360925130762e-03 4.8829079824606846e-03 8.3428110052391653e-05 4.9663360881455265e-03 4.8829079824606846e-03 8.3428105684841929e-05 9.9326721806586027e-03 9.7658159649213691e-03 1.6685621573723358e-04
165 8.0322265625000000e-02 5.0208292370402773e-03 4.9375760321226170e-03 8.3253204917660244e-05 5.0208292326891822e-03 4.9375760321226170e-03 8.3253200566565239e-05 1.0041658469729459e-02 9.8751520642452340e-03 1.6650640548422461e-04
166 8.0810546875000000e-02 5.0755628579022246e-03 4.9924843086922291e-03 8.3078549209995509e-05 5.0755628535747556e-03 4.9924843086922291e-03 8.3078544882526570e-05 1.0151125711476980e-02 9.9849686173844581e-03 1.6615709409252208e-04
167 8.1298828125000000e-02 5.1305358947211447e-03 5.0476317518050968e-03 8.2904142916047883e-05 5.1305358904163512e-03 5.0476317518050968e-03 8.2904138611254383e-05 1.0261071785137497e-02 1.0095263503610194e-02 1.6580828152730313e-04
168 8.1787109375000000e-02 5.1857472883530403e-03 5.1030173023312144e-03 8.2729986021825956e-05 5.1857472840652827e-03 5.1030173023312144e-03 8.2729981734068307e-05 1.0371494572418323e-02 1.0206034604662429e-02 1.6545996775589426e-04
169 8.2275390625000000e-02 5.2411959808876703e-03 5.1586399023749929e-03 8.2556078512677385e-05 5.2411959766187335e-03 5.1586399023749929e-03 8.2556074243740618e-05 1.0482391957506405e-02 1.0317279804749986e-02 1.6511215275641887e-04
170 8.2763671875000000e-02 5.2968809156485590e-03 5.2144984952752606e-03 8.2382420373298439e-05 5.2968809114001415e-03 5.2144984952752606e-03 8.2382416124880849e-05 1.0593761827048701e-02 1.0428996990550521e-02 1.6476483649817929e-04
171 8.3251953125000000e-02 5.3528010371930038e-03 5.2705920256052637e-03 8.2209011587740070e-05 5.3528010329646847e-03 5.2705920256052637e-03 8.2209007359420987e-05 1.0705602070157689e-02 1.0541184051210527e-02 1.6441801894716106e-04
172 8.3740234375000000e-02 5.4089552913120726e-03 5.3269194391726647e-03 8.2035852139407915e-05 5.4089552871008596e-03 5.3269194391726647e-03 8.2035847928194940e-05 1.0817910578412932e-02 1.0653838878345329e-02 1.6407170006760285e-04
173 8.4228515625000000e-02 5.4653426250306000e-03 5.3834796830195437e-03 8.1862942011056219e-05 5.4653426208393207e-03 5.3834796830195437e-03 8.1862937819776951e-05 1.0930685245869921e-02 1.0766959366039087e-02 1.6372587983083317e-04
174 8.4716796875000000e-02 5.5219619866071828e-03 5.4402717054223993e-03 8.1690281184783504e-05 5.5219619824395287e-03 5.4402717054223993e-03 8.1690277017129435e-05 1.1043923969046712e-02 1.0880543410844799e-02 1.6338055820191294e-04
175 8.5205078125000000e-02 5.5788123255341915e-03 5.4972944558921450e-03 8.1517869642046444e-05 5.5788123213755276e-03 5.4972944558921450e-03 8.1517865483382579e-05 1.1157624646909718e-02 1.0994588911784290e-02 1.6303573512542816e-04
176 8.5693359375000000e-02 5.6358925925377628e-03 5.5545468851741124e-03 8.1345707363650321e-05 5.6358925884039211e-03 5.5545468851741124e-03 8.1345703229808615e-05 1.1271785180941685e-02 1.1109093770348225e-02 1.6269141059345980e-04
177 8.6181640625000000e-02 5.6932017395778228e-03 5.6120279452480520e-03 8.1173794329770718e-05 5.6932017354634698e-03 5.6120279452480520e-03 8.1173790215417763e-05 1.1386403475041293e-02 1.1224055890496104e-02 1.6234758454518848e-04
178 8.6669921875000000e-02 5.7507387198480553e-03 5.6697365893281296e-03 8.1002130519925754e-05 5.7507387157493903e-03 5.6697365893281296e-03 8.1002126421260770e-05 1.1501477435597447e-02 1.1339473178656259e-02 1.6200425694118739e-04
179 8.7158203125000000e-02 5.8085024877759127e-03 5.7276717718629296e-03 8.0830715912983027e-05 5.8085024836928203e-03 5.7276717718629296e-03 8.0830711829890656e-05 1.1617004971468732e-02 1.1455343543725859e-02 1.6166142774287282e-04
180 8.7646484375000000e-02 5.8664919990226404e-03 5.7858324485354513e-03 8.0659550487189105e-05 5.8664919949630058e-03 5.7858324485354513e-03 8.0659546427554532e-05 1.1732983993985646e-02 1.1571664897070903e-02 1.6131909691474364e-04
181 8.8134765625000000e-02 5.9247062104832550e-03 5.8442175762631150e-03 8.0488634220140035e-05 5.9247062064362727e-03 5.8442175762631150e-03 8.0488630173157667e-05 1.1849412416919527e-02 1.1688435152526230e-02 1.6097726439329683e-04
182 8.8623046875000000e-02 5.9831440802865501e-03 5.9028261131977549e-03 8.0317967088795218e-05 5.9831440762637212e-03 5.9028261131977549e-03 8.0317963065966273e-05 1.1966288156550271e-02 1.1805652226395510e-02 1.6063593015476149e-04
183 8.9111328125000000e-02 6.0418045677950857e-03 5.9616570187256248e-03 8.0147549069460935e-05 6.0418045637885120e-03 5.9616570187256248e-03 8.0147545062887217e-05 1.2083609131583597e-02 1.1923314037451250e-02 1.6029509413234728e-04
184 8.9599609375000000e-02 6.1006866336052127e-03 6.0207092534673937e-03 7.9977380137818965e-05 6.1006866296206821e-03 6.0207092534673937e-03 7.9977376153288378e-05 1.2201373263225894e-02 1.2041418506934787e-02 1.5995475629110648e-04
185 9.0087890625000000e-02 6.1597892395470711e-03 6.0799817792781489e-03 7.9807460268922249e-05 6.1597892355815913e-03 6.0799817792781489e-03 7.9807456303442395e-05 1.2319578475128663e-02 1.2159963558556298e-02 1.5961491657236551e-04
186 9.0576171875000000e-02 6.2191113486845624e-03 6.1394735592473961e-03 7.9637789437166269e-05 6.2191113447408672e-03 6.1394735592473961e-03 7.9637785493471072e-05 1.2438222693425430e-02 1.2278947118494792e-02 1.5927557493063821e-04
187 9.1064453125000000e-02 6.2786519253153839e-03 6.1991835576990558e-03 7.9468367616328077e-05 6.2786519213858900e-03 6.1991835576990558e-03 7.9468363686834194e-05 1.2557303846701274e-02 1.2398367115398112e-02 1.5893673130316227e-04
188 9.1552734375000000e-02 6.3384099349710074e-03 6.2591107401914672e-03 7.9299194779540276e-05 6.3384099310579778e-03 6.2591107401914672e-03 7.9299190866510653e-05 1.2676819866028985e-02 1.2518221480382934e-02 1.5859838564605093e-04
189 9.2041015625000000e-02 6.3983843444167044e-03 6.3192540735173873e-03 7.9130270899317040e-05 6.3983843405199144e-03 6.3192540735173873e-03 7.9130267002527031e-05 1.2796768684936618e-02 1.2638508147034775e-02 1.5826053790184320e-04
190 9.2529296875000000e-02 6.4585741216515169e-03 6.3796125257039897e-03 7.8961595947527226e-05 6.4585741177764300e-03 6.3796125257039897e-03 7.8961592072440343e-05 1.2917148239427946e-02 1.2759225051407979e-02 1.5792318801996670e-04
191 9.3017578125000000e-02 6.5189782359082824e-03 6.4401850660128646e-03 7.8793169895417792e-05 6.5189782320490292e-03 6.4401850660128646e-03 7.8793166036164597e-05 1.3037956467957312e-02 1.2880370132025729e-02 1.5758633593158239e-04
192 9.3505859375000000e-02 6.5795956576536205e-03 6.5009706649400206e-03 7.8624992713599920e-05 6.5795956538165241e-03 6.5009706649400206e-03 7.8624988876503481e-05 1.3159191311470145e-02 1.3001941329880041e-02 1.5724998159010427e-04
193 9.3994140625000000e-02 6.6404253585879338e-03 6.5619682942158822e-03 7.8457064372051619e-05 6.6404253547714658e-03 6.5619682942158822e-03 7.8457060555583644e-05 1.3280850713359400e-02 1.3123936588431764e-02 1.5691412492763526e-04
194 9.4482421875000000e-02 6.7014663116454426e-03 6.6231769268052928e-03 7.8289384840149814e-05 6.7014663078556217e-03 6.6231769268052928e-03 7.8289381050328927e-05 1.3402932619501064e-02 1.3246353853610586e-02 1.5657876589047874e-04
195 9.4970703125000000e-02 6.7627174909941279e-03 6.6845955369075121e-03 7.8121954086615708e-05 6.7627174872102016e-03 6.6845955369075121e-03 7.8121950302689411e-05 1.3525434978204329e-02 1.3369191073815024e-02 1.5624390438930512e-04
196 9.5458984375000000e-02 6.8241778720357759e-03 6.7462230999562169e-03 7.7954772079559011e-05 6.8241778682744635e-03 6.7462230999562169e-03 7.7954768318246569e-05 1.3648355740310239e-02 1.3492446199912434e-02 1.5590954039780558e-04
197 9.5947265625000000e-02 6.8858464314059641e-03 6.8080585926195026e-03 7.7787838786461463e-05 6.8858464276642731e-03 6.8080585926195026e-03 7.7787835044770479e-05 1.3771692859070237e-02 1.3616117185239005e-02 1.5557567383123194e-04
198 9.6435546875000000e-02 6.9477221469740648e-03 6.8701009927998793e-03 7.7621154174185511e-05 6.9477221432504019e-03 6.8701009927998793e-03 7.7621150450522640e-05 1.3895444290224466e-02 1.3740201985599759e-02 1.5524230462470728e-04
199 9.6923828125000000e-02 7.0098039978432440e-03 6.9323492796342758e-03 7.7454718208968230e-05 7.0098039941413476e-03 6.9323492796342758e-03 7.7454714507071802e-05 1.4019607991984592e-02 1.3864698559268552e-02 1.5490943271604003e-04
200 9.7412109375000000e-02 7.0720909643504689e-03 6.9948024334940398e-03 7.7288530856429137e-05 7.0720909606692669e-03 6.9948024334940398e-03 7.7288527175227092e-05 1.4144181925019737e-02 1.3989604866988080e-02 1.5457705803165710e-04
201 9.7900390625000000e-02 7.1345820280665027e-03 7.0574594359849342e-03 7.7122592081568450e-05 7.1345820243967255e-03 7.0574594359849342e-03 7.7122588411791294e-05 1.4269164052463229e-02 1.4114918871969868e-02 1.5424518049336061e-04
202 9.8388671875000000e-02 7.1972761717958942e-03 7.1203192699471384e-03 7.6956901848755817e-05 7.1972761681405482e-03 7.1203192699471384e-03 7.6956898193409826e-05 1.4394552339936442e-02 1.4240638539894277e-02 1.5391380004216478e-04
203 9.8876953125000000e-02 7.2601723795770127e-03 7.1833809194552520e-03 7.6791460121760670e-05 7.2601723759424270e-03 7.1833809194552520e-03 7.6791456487174982e-05 1.4520344755519440e-02 1.4366761838910504e-02 1.5358291660893565e-04
204 9.9365234375000000e-02 7.3232696366820234e-03 7.2466433698182885e-03 7.6626266863734881e-05 7.3232696330663757e-03 7.2466433698182885e-03 7.6626263248087169e-05 1.4646539269748399e-02 1.4493286739636577e-02 1.5325253011182205e-04
205 9.9853515625000000e-02 7.3865669296168885e-03 7.3101056075796818e-03 7.6461322037206687e-05 7.3865669260149607e-03 7.3101056075796818e-03 7.6461318435278904e-05 1.4773133855631849e-02 1.4620211215159364e-02 1.5292264047248559e-04
206 1.0034179687500000e-01 7.4500632461213714e-03 7.3737666205172803e-03 7.6296625604091103e-05 7.4500632425434591e-03 7.3737666205172803e-03 7.6296622026178831e-05 1.4900126488664830e-02 1.4747533241034561e-02 1.5259324763026993e-04
207 1.0083007812500000e-01 7.5137575751690420e-03 7.4376253976433521e-03 7.6132177525689917e-05 7.5137575716133932e-03 7.4376253976433521e-03 7.6132173970041087e-05 1.5027515146782435e-02 1.4875250795286704e-02 1.5226435149573100e-04
208 1.0131835937500000e-01 7.5776489069672888e-03 7.5016809292045806e-03 7.5967977762708173e-05 7.5776489034262238e-03 7.5016809292045806e-03 7.5967974221643163e-05 1.5155297810393513e-02 1.5003361858409161e-02 1.5193595198435134e-04
209 1.0180664062500000e-01 7.6417362329572825e-03 7.5659322066820673e-03 7.5804026275215139e-05 7.6417362294302739e-03 7.5659322066820673e-03 7.5804022748206593e-05 1.5283472462387556e-02 1.5131864413364135e-02 1.5160804902342173e-04
210 1.0229492187500000e-01 7.7060185458140244e-03 7.6303782227913316e-03 7.5640323022692878e-05 7.7060185423096315e-03 7.6303782227913316e-03 7.5640319518299921e-05 1.5412037088123656e-02 1.5260756445582663e-02 1.5128064254099280e-04
211 1.0278320312500000e-01 7.7704948394463035e-03 7.6950179714823088e-03 7.5476867963994616e-05 7.7704948359564744e-03 7.6950179714823088e-03 7.5476864474165531e-05 1.5540989675402777e-02 1.5390035942964618e-02 1.5095373243815928e-04
212 1.0327148437500000e-01 7.8351641089967443e-03 7.7598504479393518e-03 7.5313661057392449e-05 7.8351641055221435e-03 7.7598504479393518e-03 7.5313657582791634e-05 1.5670328214518886e-02 1.5519700895878704e-02 1.5062731864018235e-04
213 1.0375976562500000e-01 7.9000253508417703e-03 7.8248746485812311e-03 7.5150702260539173e-05 7.9000253473928955e-03 7.8248746485812311e-03 7.5150698811664307e-05 1.5800050698234668e-02 1.5649749297162462e-02 1.5030140107220522e-04
214 1.0424804687500000e-01 7.9650775625916079e-03 7.8900895710611353e-03 7.4987991530472628e-05 7.9650775591523001e-03 7.8900895710611353e-03 7.4987988091164762e-05 1.5930155121743908e-02 1.5780179142122271e-02 1.4997597962163739e-04
215 1.0473632812500000e-01 8.0303197430903039e-03 7.9554942142666691e-03 7.4825528823634774e-05 8.0303197396764930e-03 7.9554942142666691e-03 7.4825525409823873e-05 1.6060639482766797e-02 1.5910988428533338e-02 1.4965105423345865e-04
216 1.0522460937500000e-01 8.0957508924157477e-03 8.0210875783198535e-03 7.4663314095894245e-05 8.0957508890168346e-03 8.0210875783198535e-03 7.4663310696981150e-05 1.6191501781432582e-02 1.6042175156639707e-02 1.4932662479287540e-04
217 1.0571289062500000e-01 8.1613700118795939e-03 8.0868686645771300e-03 7.4501347302463952e-05 8.1613700085013952e-03 8.0868686645771300e-03 7.4501343924265190e-05 1.6322740020380991e-02 1.6173737329154260e-02 1.4900269122673088e-04
218 1.0620117187500000e-01 8.2271761040273519e-03 8.1528364756293537e-03 7.4339628397998223e-05 8.2271761006669445e-03 8.1528364756293537e-03 7.4339625037590784e-05 1.6454352204694295e-02 1.6305672951258707e-02 1.4867925343558727e-04
219 1.0668945312500000e-01 8.2931681726383360e-03 8.2189900153018004e-03 7.4178157336535558e-05 8.2931681692898149e-03 8.2189900153018004e-03 7.4178153988014445e-05 1.6586336341928153e-02 1.6437980030603601e-02 1.4835631132455174e-04
220 1.0717773437500000e-01 8.3593452227256788e-03 8.2853282886541594e-03 7.4016934071519450e-05 8.3593452194122685e-03 8.2853282886541594e-03 7.4016930758109140e-05 1.6718690442137946e-02 1.6570656577308319e-02 1.4803386482962685e-04
221 1.0766601562500000e-01 8.4257062605363683e-03 8.3518503019805387e-03 7.3855958555829604e-05 8.4257062572278725e-03 8.3518503019805387e-03 7.3855955247333765e-05 1.6851412517764241e-02 1.6703700603961077e-02 1.4771191380316337e-04
222 1.0815429687500000e-01 8.4922502935511433e-03 8.4185550628094671e-03 7.3695230741676124e-05 8.4922502902576094e-03 8.4185550628094671e-03 7.3695227448142275e-05 1.6984500583808751e-02 1.6837110125618934e-02 1.4739045818981666e-04
223 1.0864257812500000e-01 8.5589763304846269e-03 8.4854415799038851e-03 7.3534750580741756e-05 8.5589763272148969e-03 8.4854415799038851e-03 7.3534747311011783e-05 1.7117952657699526e-02 1.6970883159807770e-02 1.4706949789175527e-04
224 1.0913085937500000e-01 8.6258833812852456e-03 8.5525088632611539e-03 7.3374518024091687e-05 8.6258833780335550e-03 8.5525088632611539e-03 7.3374514772401103e-05 1.7251766759318801e-02 1.7105017726522308e-02 1.4674903279649279e-04
225 1.0961914062500000e-01 8.6929704571352476e-03 8.6197559241130515e-03 7.3214533022196090e-05 8.6929704538995668e-03 8.6197559241130515e-03 7.3214529786515270e-05 1.7385940911034813e-02 1.7239511848226103e-02 1.4642906280870963e-04
226 1.1010742187500000e-01 8.7602365704507138e-03 8.6871817749257715e-03 7.3054795524942276e-05 8.7602365672357664e-03 8.6871817749257715e-03 7.3054792309994870e-05 1.7520473137686482e-02 1.7374363549851543e-02 1.4610958783493888e-04
227 1.1059570312500000e-01 8.8276807348815576e-03 8.7547854293999264e-03 7.2895305481631215e-05 8.8276807316834092e-03 8.7547854293999264e-03 7.2895302283482871e-05 1.7655361466564969e-02 1.7509570858799853e-02 1.4579060776511582e-04
228 1.1108398437500000e-01 8.8953019653115247e-03 8.8225659024705472e-03 7.2736062840977542e-05 8.8953019621202910e-03 8.8225659024705472e-03 7.2736059649743806e-05 1.7790603927431814e-02 1.7645131804941094e-02 1.4547212249071961e-04
229 1.1157226562500000e-01 8.9630992778581917e-03 8.8905222103070770e-03 7.2577067551114760e-05 8.9630992747007556e-03 8.8905222103070770e-03 7.2577064393678642e-05 1.7926198552558947e-02 1.7781044420614154e-02 1.4515413194479340e-04
230 1.1206054687500000e-01 9.0310716898729469e-03 8.9586533703133828e-03 7.2418319559564015e-05 9.0310716867227046e-03 8.9586533703133828e-03 7.2418316409321795e-05 1.8062143376595653e-02 1.7917306740626766e-02 1.4483663596888754e-04
231 1.1254882812500000e-01 9.0992182199410299e-03 9.0269584011277437e-03 7.2259818813286136e-05 9.0992182168125185e-03 9.0269584011277437e-03 7.2259815684774797e-05 1.8198436436753548e-02 1.8053916802255487e-02 1.4451963449806093e-04
232 1.1303710937500000e-01 9.1675378878815165e-03 9.0954363226228591e-03 7.2101565258657352e-05 9.1675378847584262e-03 9.0954363226228591e-03 7.2101562135567024e-05 1.8335075772639944e-02 1.8190872645245718e-02 1.4420312739422611e-04
233 1.1352539062500000e-01 9.2360297147473167e-03 9.1640861559058439e-03 7.1943558841472757e-05 9.2360297116610025e-03 9.1640861559058439e-03 7.1943555755158567e-05 1.8472059426408317e-02 1.8328172311811688e-02 1.4388711459662959e-04
234 1.1401367187500000e-01 9.3046927228251849e-03 9.2329069233182317e-03 7.1785799506953255e-05 9.3046927197539108e-03 9.2329069233182317e-03 7.1785796435679117e-05 1.8609385442579097e-02 1.8465813846636463e-02 1.4357159594263411e-04
235 1.1450195312500000e-01 9.3735259356356789e-03 9.3018976484359715e-03 7.1628287199707388e-05 9.3735259325690642e-03 9.3018976484359715e-03 7.1628284133092718e-05 1.8747051868204745e-02 1.8603795296871943e-02 1.4325657133280184e-04
236 1.1499023437500000e-01 9.4425283779332268e-03 9.3710573560694330e-03 7.1471021863793796e-05 9.4425283748894393e-03 9.3710573560694330e-03 7.1471018820006352e-05 1.8885056752822666e-02 1.8742114712138866e-02 1.4294204068380015e-04
237 1.1547851562500000e-01 9.5116990757060978e-03 9.4403850722633974e-03 7.1314003442700391e-05 9.5116990726852573e-03 9.4403850722633974e-03 7.1314000421859869e-05 1.9023398148391355e-02 1.8880770144526795e-02 1.4262800386456026e-04
238 1.1596679687500000e-01 9.5810370561763992e-03 9.5098798242970687e-03 7.1157231879330485e-05 9.5810370531760995e-03 9.5098798242970687e-03 7.1157228879030823e-05 1.9162074109352500e-02 1.9019759648594137e-02 1.4231446075836304e-04
239 1.1645507812500000e-01 9.6505413478000842e-03 9.5795406406840658e-03 7.1000707116018399e-05 9.6505413448087999e-03 9.5795406406840658e-03 7.1000704124734096e-05 1.9301082692608884e-02 1.9159081281368132e-02 1.4200141124075250e-04
240 1.1694335937500000e-01 9.7202109802669422e-03 9.6493665511724266e-03 7.0844429094515590e-05 9.7202109772958015e-03 9.6493665511724266e-03 7.0844426123374896e-05 1.9440421957562744e-02 1.9298733102344853e-02 1.4168885521789049e-04
241 1.1743164062500000e-01 9.7900449845006246e-03 9.7193565867446010e-03 7.0688397756023605e-05 9.7900449815532375e-03 9.7193565867446010e-03 7.0688394808636479e-05 1.9580089966053864e-02 1.9438713173489202e-02 1.4137679256466182e-04
242 1.1791992187500000e-01 9.8600423926586099e-03 9.7895097796174627e-03 7.0532613041147246e-05 9.8600423897188920e-03 9.7895097796174627e-03 7.0532610101429333e-05 1.9720084782377502e-02 1.9579019559234925e-02 1.4106522314257658e-04
243 1.1840820312500000e-01 9.9302022381322526e-03 9.8598251632423008e-03 7.0377074889951818e-05 9.9302022352096789e-03 9.8598251632423008e-03 7.0377071967378177e-05 1.9860404473341933e-02 1.9719650326484602e-02 1.4075414685733173e-04
244 1.1889648437500000e-01 1.0000523555546729e-02 9.9303017723048163e-03 7.0221783241912819e-05 1.0000523552648979e-02 9.9303017723048163e-03 7.0221780344163071e-05 2.0001047108195710e-02 1.9860603544609633e-02 1.4044356358607762e-04
245 1.1938476562500000e-01 1.0071005380761076e-02 1.0000938642725136e-02 7.0066738035940226e-05 1.0071005377879080e-02 1.0000938642725136e-02 7.0066735153943502e-05 2.0142010758640156e-02 2.0001877285450272e-02 1.4013347318988373e-04
246 1.1987304687500000e-01 1.0141646750868202e-02 1.0071734811657799e-02 6.9911939210402785e-05 1.0141646748001403e-02 1.0071734811657799e-02 6.9911936343603973e-05 2.0283293498869606e-02 2.0143469623315598e-02 1.3982387555400849e-04
247 1.2036132812500000e-01 1.0212446704194833e-02 1.0142689317491762e-02 6.9757386703070759e-05 1.0212446701346455e-02 1.0142689317491762e-02 6.9757383854692975e-05 2.0424893405541288e-02 2.0285378634983524e-02 1.3951477055776373e-04
248 1.2084960937500000e-01 1.0283404280301587e-02 1.0213801199850398e-02 6.9603080451188792e-05 1.0283404277483648e-02 1.0213801199850398e-02 6.9603077633250202e-05 2.0566808557785234e-02 2.0427602399700796e-02 1.3920615808443726e-04
249 1.2133789062500000e-01 1.0354518519982923e-02 1.0285069499591503e-02 6.9449020391420396e-05 1.0354518517176645e-02 1.0285069499591503e-02 6.9449017585142617e-05 2.0709037037159567e-02 2.0570138999183005e-02 1.3889803797656128e-04
250 1.2182617187500000e-01 1.0425788465267170e-02 1.0356493258807281e-02 6.9295206459889583e-05 1.0425788462469728e-02 1.0356493258807281e-02 6.9295203662446750e-05 2.0851576927736898e-02 2.0712986517614562e-02 1.3859041012233633e-04
251 1.2231445312500000e-01 1.0497213159416492e-02 1.0428071520824360e-02 6.9141638592132293e-05 1.0497213156639727e-02 1.0428071520824360e-02 6.9141635815367364e-05 2.0994426316056219e-02 2.0856143041648720e-02 1.3828327440749966e-04
252 1.2280273437500000e-01 1.0568791646926931e-02 1.0499803330203785e-02 6.8988316723146703e-05 1.0568791644161971e-02 1.0499803330203785e-02 6.8988313958186567e-05 2.1137583291088904e-02 2.0999606660407569e-02 1.3797663068133501e-04
253 1.2329101562500000e-01 1.0640522973528393e-02 1.0571687732741013e-02 6.8835240787379348e-05 1.0640522970784647e-02 1.0571687732741013e-02 6.8835238043633146e-05 2.1281045944313039e-02 2.1143375465482027e-02 1.3767047883101249e-04
254 1.2377929687500000e-01 1.0712406186184647e-02 1.0643723775465927e-02 6.8682410718719916e-05 1.0712406183447787e-02 1.0643723775465927e-02 6.8682407981860566e-05 2.1424812369632434e-02 2.1287447550931853e-02 1.3736481870058048e-04
255 1.2426757812500000e-01 1.0784440333093311e-02 1.0715910506642818e-02 6.8529826450492576e-05 1.0784440330382230e-02 1.0715910506642818e-02 6.8529823739411216e-05 2.1568880663475540e-02 2.1431821013285637e-02 1.3705965018990379e-04
256 1.2475585937500000e-01 1.0856624463685896e-02 1.0788246975770402e-02 6.8377487915494140e-05 1.0856624460995497e-02 1.0788246975770402e-02 6.8377485225095888e-05 2.1713248924681391e-02 2.1576493951540803e-02 1.3675497314058829e-04
257 1.2524414062500000e-01 1.0928957628627767e-02 1.0860732233581806e-02 6.8225395045961104e-05 1.0928957625960961e-02 1.0860732233581806e-02 6.8225392379155092e-05 2.1857915254588731e-02 2.1721464467163613e-02 1.3645078742511793e-04
258 1.2573242187500000e-01 1.1001438879818149e-02 1.0933365332044578e-02 6.8073547773571386e-05 1.1001438877160850e-02 1.0933365332044578e-02 6.8073545116271658e-05 2.2002877756978997e-02 2.1866730664089156e-02 1.3614709288984131e-04
259 1.2622070312500000e-01 1.1074067270390175e-02 1.1006145324360681e-02 6.7921946029494626e-05 1.1074067267743683e-02 1.1006145324360681e-02 6.7921943383002226e-05 2.2148134538133857e-02 2.2012290648721362e-02 1.3584388941249512e-04
260 1.2670898437500000e-01 1.1146841854710786e-02 1.1079071264966499e-02 6.7770589744286375e-05 1.1146841852080890e-02 1.1079071264966499e-02 6.7770587114390074e-05 2.2293683706791675e-02 2.2158142529932999e-02 1.3554117685867645e-04
261 1.2719726562500000e-01 1.1219761688380851e-02 1.1152142209532829e-02 6.7619478848021664e-05 1.1219761685780013e-02 1.1152142209532829e-02 6.7619476247183716e-05 2.2439523374160865e-02 2.2304284419065658e-02 1.3523895509520711e-04
262 1.2768554687500000e-01 1.1292825828235093e-02 1.1225357214964888e-02 6.7468613270204800e-05 1.1292825825649918e-02 1.1225357214964888e-02 6.7468610685029670e-05 2.2585651653885010e-02 2.2450714429929776e-02 1.3493722395523447e-04
263 1.2817382812500000e-01 1.1366033332342115e-02 1.1298715339402309e-02 6.7317992939805796e-05 1.1366033329767910e-02 1.1298715339402309e-02 6.7317990365601058e-05 2.2732066662110025e-02 2.2597430678804618e-02 1.3463598330540685e-04
264 1.2866210937500000e-01 1.1439383260004403e-02 1.1372215642219142e-02 6.7167617785260370e-05 1.1439383257440384e-02 1.1372215642219142e-02 6.7167615221241928e-05 2.2878766517444787e-02 2.2744431284438284e-02 1.3433523300650230e-04
265 1.2915039062500000e-01 1.1512874671758310e-02 1.1445857184023855e-02 6.7017487734454331e-05 1.1512874669216466e-02 1.1445857184023855e-02 6.7017485192610859e-05 2.3025749340974774e-02 2.2891714368047711e-02 1.3403497292706346e-04
266 1.2963867187500000e-01 1.1586506629374067e-02 1.1519639026659333e-02 6.6867602714733992e-05 1.1586506626847069e-02 1.1519639026659333e-02 6.6867600187736284e-05 2.3173013256221134e-02 2.3039278053318665e-02 1.3373520290246854e-04
267 1.3012695312500000e-01 1.1660278195855814e-02 1.1593560233202878e-02 6.6717962652935656e-05 1.1660278193350361e-02 1.1593560233202878e-02 6.6717960147483213e-05 2.3320556389206173e-02 2.3187120466405756e-02 1.3343592280041713e-04
268 1.3061523437500000e-01 1.1734188435441542e-02 1.1667619867966212e-02 6.6568567475330104e-05 1.1734188432956538e-02 1.1667619867966212e-02 6.6568564990326581e-05 2.3468376868398082e-02 2.3335239735932423e-02 1.3313713246565842e-04
269 1.3110351562500000e-01 1.1808236413603162e-02 1.1741816996495468e-02 6.6419417107693723e-05 1.1808236411137868e-02 1.1741816996495468e-02 6.6419414642400129e-05 2.3616472824741032e-02 2.3483633992990936e-02 1.3283883175009559e-04
270 1.3159179687500000e-01 1.1882421197046427e-02 1.1816150685571203e-02 6.6270511475223504e-05 1.1882421194587498e-02 1.1816150685571203e-02 6.6270509016294610e-05 2.3764842391633925e-02 2.3632301371142406e-02 1.3254102049151811e-04
271 1.3208007812500000e-01 1.1956741853711015e-02 1.1890620003208388e-02 6.6121850502627241e-05 1.1956741851275720e-02 1.1890620003208388e-02 6.6121848067332220e-05 2.3913483704986735e-02 2.3781240006416775e-02 1.3224369856995946e-04
272 1.3256835937500000e-01 1.2031197452770471e-02 1.1965224018656410e-02 6.5973434114061091e-05 1.2031197450345496e-02 1.1965224018656410e-02 6.5973431689085940e-05 2.4062394903115965e-02 2.3930448037312819e-02 1.3194686580314530e-04
273 1.3305664062500000e-01 1.2105787064632247e-02 1.2039961802399076e-02 6.5825262233171200e-05 1.2105787062224628e-02 1.2039961802399076e-02 6.5825259825551957e-05 2.4211574126856875e-02 2.4079923604798152e-02 1.3165052205872316e-04
274 1.3354492187500000e-01 1.2180509760937661e-02 1.2114832426154609e-02 6.5677334783052072e-05 1.2180509758548196e-02 1.2114832426154609e-02 6.5677332393586710e-05 2.4361019519485855e-02 2.4229664852309218e-02 1.3135466717663705e-04
275 1.3403320312500000e-01 1.2255364614561972e-02 1.2189834962875647e-02 6.5529651686324630e-05 1.2255364612191962e-02 1.2189834962875647e-02 6.5529649316314192e-05 2.4510729226753934e-02 2.4379669925751295e-02 1.3105930100263882e-04
276 1.3452148437500000e-01 1.2330350699614280e-02 1.2264968486749253e-02 6.5382212865026934e-05 1.2330350697258340e-02 1.2264968486749253e-02 6.5382210509086838e-05 2.4660701396872618e-02 2.4529936973498506e-02 1.3076442337411204e-04
277 1.3500976562500000e-01 1.2405467091437613e-02 1.2340232073196898e-02 6.5235018240714787e-05 1.2405467089100933e-02 1.2340232073196898e-02 6.5235015904035326e-05 2.4810934180538546e-02 2.4680464146393796e-02 1.3047003414475011e-04
278 1.3549804687500000e-01 1.2480712866608895e-02 1.2415624798874474e-02 6.5088067734421842e-05 1.2480712864292635e-02 1.2415624798874474e-02 6.5088065418161811e-05 2.4961425730901529e-02 2.4831249597748947e-02 1.3017613315258192e-04
279 1.3598632812500000e-01 1.2556087102938937e-02 1.2491145741672292e-02 6.4941361266645722e-05 1.2556087100623803e-02 1.2491145741672292e-02 6.4941358951511527e-05 2.5112174203562741e-02 2.4982291483344583e-02 1.2988272021815725e-04
280 1.3647460937500000e-01 1.2631588879472466e-02 1.2566793980715077e-02 6.4794898757389655e-05 1.2631588877180713e-02 1.2566793980715077e-02 6.4794896465636062e-05 2.5263177756653179e-02 2.5133587961430153e-02 1.2958979522302572e-04
281 1.3696289062500000e-01 1.2707217276488112e-02 1.2642568596361975e-02 6.4648680126136449e-05 1.2707217274215169e-02 1.2642568596361975e-02 6.4648677853194197e-05 2.5414434550703281e-02 2.5285137192723951e-02 1.2929735797933065e-04
282 1.3745117187500000e-01 1.2782971375498367e-02 1.2718468670206545e-02 6.4502705291822476e-05 1.2782971373237501e-02 1.2718468670206545e-02 6.4502703030955635e-05 2.5565942748735866e-02 2.5436937340413090e-02 1.2900540832277638e-04
283 1.3793945312500000e-01 1.2858850259249694e-02 1.2794493285076767e-02 6.4356974172927878e-05 1.2858850257005066e-02 1.2794493285076767e-02 6.4356971928299783e-05 2.5717700516254761e-02 2.5588986570153533e-02 1.2871394610122766e-04
284 1.3842773437500000e-01 1.2934853011722406e-02 1.2870641525035037e-02 6.4211486687369007e-05 1.2934853009497866e-02 1.2870641525035037e-02 6.4211484462829010e-05 2.5869706021220271e-02 2.5741283050070073e-02 1.2842297115019802e-04
285 1.3891601562500000e-01 1.3010978718130778e-02 1.2946912475378165e-02 6.4066242752612926e-05 1.3010978715929220e-02 1.2946912475378165e-02 6.4066240551054546e-05 2.6021957434059998e-02 2.5893824950756331e-02 1.2813248330366747e-04
286 1.3940429687500000e-01 1.3087226464922941e-02 1.3023305222637385e-02 6.3921242285555971e-05 1.3087226462734226e-02 1.3023305222637385e-02 6.3921240096841483e-05 2.6174452927657167e-02 2.6046610445274770e-02 1.2784248238239745e-04
287 1.3989257812500000e-01 1.3163595339780964e-02 1.3099818854578341e-02 6.3776485202622635e-05 1.3163595337604375e-02 1.3099818854578341e-02 6.3776483026033864e-05 2.6327190677385339e-02 2.6199637709156683e-02 1.2755296822865650e-04
288 1.4038085937500000e-01 1.3240084431620839e-02 1.3176452460201101e-02 6.3631971419737809e-05 1.3240084429469931e-02 1.3176452460201101e-02 6.3631969268829885e-05 2.6480168861090770e-02 2.6352904920402202e-02 1.2726394068856769e-04
289 1.4086914062500000e-01 1.3316692830592459e-02 1.3253205129740145e-02 6.3487700852314644e-05 1.3316692828456437e-02 1.3253205129740145e-02 6.3487698716292382e-05 2.6633385659048894e-02 2.6506410259480289e-02 1.2697539956860529e-04
290 1.4135742187500000e-01 1.3393419628079616e-02 1.3330075954664370e-02 6.3343673415245869e-05 1.3393419625954356e-02 1.3330075954664370e-02 6.3343671289985831e-05 2.6786839254033974e-02 2.6660151909328741e-02 1.2668734470523343e-04
291 1.4184570312500000e-01 1.3470263916700049e-02 1.3407064027677098e-02 6.3199889022950637e-05 1.3470263914603028e-02 1.3407064027677098e-02 6.3199886925930163e-05 2.6940527831303077e-02 2.6814128055354196e-02 1.2639977594888080e-04
292 1.4233398437500000e-01 1.3547224790305405e-02 1.3484168442716059e-02 6.3056347589345030e-05 1.3547224788211213e-02 1.3484168442716059e-02 6.3056345495153890e-05 2.7094449578516616e-02 2.6968336885432119e-02 1.2611269308449718e-04
293 1.4282226562500000e-01 1.3624301343981260e-02 1.3561388294953404e-02 6.2913049027855938e-05 1.3624301341907506e-02 1.3561388294953404e-02 6.2913046954101576e-05 2.7248602685888766e-02 2.7122776589906809e-02 1.2582609598195751e-04
294 1.4331054687500000e-01 1.3701492674047092e-02 1.3638722680795702e-02 6.2769993251389836e-05 1.3701492671984426e-02 1.3638722680795702e-02 6.2769991188723825e-05 2.7402985346031517e-02 2.7277445361591404e-02 1.2553998444011366e-04
295 1.4379882812500000e-01 1.3778797878056319e-02 1.3716170697883940e-02 6.2627180172379615e-05 1.3778797876022477e-02 1.3716170697883940e-02 6.2627178138537770e-05 2.7557595754078797e-02 2.7432341395767879e-02 1.2525435831091739e-04
296 1.4428710937500000e-01 1.3856216054796264e-02 1.3793731445093518e-02 6.2484609702746427e-05 1.3856216052768752e-02 1.3793731445093518e-02 6.2484607675234588e-05 2.7712432107565015e-02 2.7587462890187035e-02 1.2496921737797928e-04
297 1.4477539062500000e-01 1.3933746304288196e-02 1.3871404022534256e-02 6.2342281753939577e-05 1.3933746302270877e-02 1.3871404022534256e-02 6.2342279736620973e-05 2.7867492606559074e-02 2.7742808045068512e-02 1.2468456149056228e-04
298 1.4526367187500000e-01 1.4011387727787305e-02 1.3949187531550394e-02 6.2200196236910504e-05 1.4011387725793939e-02 1.3949187531550394e-02 6.2200194243544962e-05 2.8022775453581242e-02 2.7898375063100788e-02 1.2440039048045373e-04
299 1.4575195312500000e-01 1.4089139427782721e-02 1.4027081074720584e-02 6.2058353062137070e-05 1.4089139425800225e-02 1.4027081074720584e-02 6.2058351079641305e-05 2.8178278853582948e-02 2.8054162149441168e-02 1.2411670414178011e-04
300 1.4624023437500000e-01 1.4167000507997492e-02 1.4105083755857900e-02 6.1916752139592329e-05 1.4167000506030782e-02 1.4105083755857900e-02 6.1916750172882548e-05 2.8334001014028276e-02 2.8210167511715799e-02 1.2383350231247661e-04
301 1.4672851562500000e-01 1.4244970073388600e-02 1.4183194680009829e-02 6.1775393378770554e-05 1.4244970071449765e-02 1.4183194680009829e-02 6.1775391439936045e-05 2.8489940144838365e-02 2.8366389360019659e-02 1.2355078481870660e-04
302 1.4721679687500000e-01 1.4323047230146968e-02 1.4261412953458277e-02 6.1634276688690703e-05 1.4323047228221938e-02 1.4261412953458277e-02 6.1634274763661123e-05 2.8646094458368906e-02 2.8522825906916554e-02 1.2326855145235183e-04
303 1.4770507812500000e-01 1.4401231085697455e-02 1.4339737683719571e-02 6.1493401977884277e-05 1.4401231083792201e-02 1.4339737683719571e-02 6.1493400072630544e-05 2.8802462169489656e-02 2.8679475367439141e-02 1.2298680205051482e-04
304 1.4819335937500000e-01 1.4479520748698857e-02 1.4418167979544448e-02 6.1352769154409195e-05 1.4479520746794346e-02 1.4418167979544448e-02 6.1352767249897924e-05 2.8959041495493203e-02 2.8836335959088896e-02 1.2270553640430712e-04
305 1.4868164062500000e-01 1.4557915329043873e-02 1.4496702950918067e-02 6.1212378125806433e-05 1.4557915327160924e-02 1.4496702950918067e-02 6.1212376242857774e-05 2.9115830656204798e-02 2.8993405901836133e-02 1.2242475436866421e-04
306 1.4916992187500000e-01 1.4636413937859223e-02 1.4575341709060005e-02 6.1072228799217976e-05 1.4636413935997371e-02 1.4575341709060005e-02 6.1072226937365290e-05 2.9272827873856593e-02 2.9150683418120011e-02 1.2214445573658153e-04
307 1.4965820312500000e-01 1.4715015687505500e-02 1.4654083366424252e-02 6.0932321081248048e-05 1.4715015685648945e-02 1.4654083366424252e-02 6.0932319224693207e-05 2.9430031373154447e-02 2.9308166732848504e-02 1.2186464030594299e-04
308 1.5014648437500000e-01 1.4793719691577268e-02 1.4732927036699220e-02 6.0792654878048108e-05 1.4793719689738449e-02 1.4732927036699220e-02 6.0792653039229080e-05 2.9587439381315715e-02 2.9465854073398440e-02 1.2158530791727545e-04
309 1.5063476562500000e-01 1.4872525064903018e-02 1.4811871834807736e-02 6.0653230095282160e-05 1.4872525063089052e-02 1.4811871834807736e-02 6.0653228281316515e-05 2.9745050127992070e-02 2.9623743669615472e-02 1.2130645837659867e-04
310 1.5112304687500000e-01 1.4951430923545207e-02 1.4890916876907042e-02 6.0514046638164912e-05 1.4951430921757384e-02 1.4890916876907042e-02 6.0514044850341550e-05 2.9902861845302591e-02 2.9781833753814085e-02 1.2102809148850646e-04
311 1.5161132812500000e-01 1.5030436384800255e-02 1.4970061280388802e-02 6.0375104411453107e-05 1.5030436383030997e-02 1.4970061280388802e-02 6.0375102642194756e-05 3.0060872767831252e-02 2.9940122560777604e-02 1.2075020705364786e-04
312 1.5209960937500000e-01 1.5109540567198484e-02 1.5049304163879096e-02 6.0236403319388274e-05 1.5109540565435215e-02 1.5049304163879096e-02 6.0236401556119923e-05 3.0219081132633697e-02 3.0098608327758191e-02 1.2047280487550646e-04
313 1.5258789062500000e-01 1.5188742590504220e-02 1.5128644647238416e-02 6.0097943265804282e-05 1.5188742588748102e-02 1.5128644647238416e-02 6.0097941509686462e-05 3.0377485179252324e-02 3.0257289294476832e-02 1.2019588477549248e-04
314 1.5307617187500000e-01 1.5268041575715676e-02 1.5208081851561677e-02 5.9959724153998972e-05 1.5268041573985701e-02 1.5208081851561677e-02 5.9959722424023434e-05 3.0536083149701375e-02 3.0416163703123354e-02 1.1991944657802067e-04
315 1.5356445312500000e-01 1.5347436645065087e-02 1.5287614899178213e-02 5.9821745886874667e-05 1.5347436643351014e-02 1.5287614899178213e-02 5.9821744172801339e-05 3.0694873288416101e-02 3.0575229798356425e-02 1.1964349005967601e-04
316 1.5405273437500000e-01 1.5426926922018644e-02 1.5367242913651767e-02 5.9684008366877456e-05 1.5426926920297630e-02 1.5367242913651767e-02 5.9684006645863499e-05 3.0853853842316273e-02 3.0734485827303534e-02 1.1936801501273922e-04
317 1.5454101562500000e-01 1.5506511531276431e-02 1.5446965019780505e-02 5.9546511495926074e-05 1.5506511529576564e-02 1.5446965019780505e-02 5.9546509796058397e-05 3.1013023060852997e-02 3.0893930039561011e-02 1.1909302129198621e-04
318 1.5502929687500000e-01 1.5586189598772551e-02 1.5526780343597012e-02 5.9409255175538536e-05 1.5586189597096872e-02 1.5526780343597012e-02 5.9409253499859843e-05 3.1172379195869425e-02 3.1053560687194025e-02 1.1881850867540011e-04
319 1.5551757812500000e-01 1.5665960251675045e-02 1.5606688012368287e-02 5.9272239306757540e-05 1.5665960250029705e-02 1.5606688012368287e-02 5.9272237661417426e-05 3.1331920501704746e-02 3.1213376024736575e-02 1.1854447696817150e-04
320 1.5600585937500000e-01 1.5745822618385925e-02 1.5686687154595747e-02 5.9135463790178228e-05 1.5745822616731051e-02 1.5686687154595747e-02 5.9135462135304073e-05 3.1491645235116980e-02 3.1373374309191494e-02 1.1827092592548577e-04
321 1.5649414062500000e-01 1.5825775828541156e-02 1.5766776900015222e-02 5.8998928525934302e-05 1.5825775826925036e-02 1.5766776900015222e-02 5.8998926909813870e-05 3.1651551655466195e-02 3.1533553800030444e-02 1.1799785543575164e-04
322 1.5698242187500000e-01 1.5905819013010681e-02 1.5846956379596971e-02 5.8862633413710175e-05 1.5905819011410499e-02 1.5846956379596971e-02 5.8862631813528382e-05 3.1811638024421177e-02 3.1693912759193942e-02 1.1772526522723509e-04
323 1.5747070312500000e-01 1.5985951303898436e-02 1.5927224725545655e-02 5.8726578352780862e-05 1.5985951302296963e-02 1.5927224725545655e-02 5.8726576751308435e-05 3.1971902606195396e-02 3.1854449451091310e-02 1.1745315510408583e-04
324 1.5795898437500000e-01 1.6066171834542248e-02 1.6007581071300365e-02 5.8590763241883614e-05 1.6066171832970204e-02 1.6007581071300365e-02 5.8590761669839037e-05 3.2132343667512456e-02 3.2015162142600730e-02 1.1718152491172612e-04
325 1.5844726562500000e-01 1.6146479739514000e-02 1.6088024551534602e-02 5.8455187979398332e-05 1.6146479737939316e-02 1.6088024551534602e-02 5.8455186404713505e-05 3.2292959477453316e-02 3.2176049103069204e-02 1.1691037438411184e-04
326 1.5893554687500000e-01 1.6226874154619483e-02 1.6168554302156288e-02 5.8319852463194904e-05 1.6226874153086226e-02 1.6168554302156288e-02 5.8319850929938744e-05 3.2453748307705713e-02 3.2337108604312575e-02 1.1663970339313712e-04
327 1.5942382812500000e-01 1.6307354216898530e-02 1.6249169460307758e-02 5.8184756590771991e-05 1.6307354215371352e-02 1.6249169460307758e-02 5.8184755063594301e-05 3.2614708432269879e-02 3.2498338920615516e-02 1.1636951165436282e-04
328 1.5991210937500000e-01 1.6387919064624879e-02 1.6329869164365768e-02 5.8049900259111303e-05 1.6387919063089864e-02 1.6329869164365768e-02 5.8049898724096133e-05 3.2775838127714743e-02 3.2659738328731536e-02 1.1609979898320744e-04
329 1.6040039062500000e-01 1.6468567837306301e-02 1.6410652553941491e-02 5.7915283364809444e-05 1.6468567835810015e-02 1.6410652553941491e-02 5.7915281868523710e-05 3.2937135673116319e-02 3.2821305107882982e-02 1.1583056523333662e-04
330 1.6088867187500000e-01 1.6549299675684543e-02 1.6491518769880521e-02 5.7780905804022398e-05 1.6549299674191480e-02 1.6491518769880521e-02 5.7780904310959780e-05 3.3098599349876023e-02 3.2983037539761041e-02 1.1556181011498218e-04
331 1.6137695312500000e-01 1.6630113721735278e-02 1.6572466954262854e-02 5.7646767472423893e-05 1.6630113720282627e-02 1.6572466954262854e-02 5.7646766019773393e-05 3.3260227442017905e-02 3.3144933908525707e-02 1.1529353349219729e-04
332 1.6186523437500000e-01 1.6711009118668213e-02 1.6653496250402924e-02 5.7512868265288675e-05 1.6711009117219514e-02 1.6653496250402924e-02 5.7512866816589875e-05 3.3422018235887724e-02 3.3306992500805849e-02 1.1502573508187508e-04
333 1.6235351562500000e-01 1.6791985010927012e-02 1.6734605802849568e-02 5.7379208077443927e-05 1.6791985009498887e-02 1.6734605802849568e-02 5.7379206649318948e-05 3.3583970020425902e-02 3.3469211605699135e-02 1.1475841472676634e-04
334 1.6284179687500000e-01 1.6873040544189349e-02 1.6815794757386041e-02 5.7245786803307441e-05 1.6873040542769162e-02 1.6815794757386041e-02 5.7245785383120557e-05 3.3746081086958507e-02 3.3631589514772083e-02 1.1449157218642453e-04
335 1.6333007812500000e-01 1.6954174865366881e-02 1.6897062261030028e-02 5.7112604336852918e-05 1.6954174863948672e-02 1.6897062261030028e-02 5.7112602918643618e-05 3.3908349729315557e-02 3.3794124522060057e-02 1.1422520725550001e-04
336 1.6381835937500000e-01 1.7035387122605251e-02 1.6978407462033614e-02 5.6979660571637725e-05 1.7035387121206374e-02 1.6978407462033614e-02 5.6979659172760183e-05 3.4070774243811622e-02 3.3956814924067227e-02 1.1395931974439444e-04
337 1.6430664062500000e-01 1.7116676465284059e-02 1.7059829509883311e-02 5.6846955400747384e-05 1.7116676463891603e-02 1.7059829509883311e-02 5.6846954008291789e-05 3.4233352929175662e-02 3.4119659019766622e-02 1.1369390940903917e-04
338 1.6479492187500000e-01 1.7198042044016985e-02 1.7141327555300050e-02 5.6714488716934353e-05 1.7198042042644530e-02 1.7141327555300050e-02 5.6714487344480119e-05 3.4396084086661519e-02 3.4282655110600101e-02 1.1342897606141794e-04
339 1.6528320312500000e-01 1.7279483010651603e-02 1.7222900750239169e-02 5.6582260412434138e-05 1.7279483009319356e-02 1.7222900750239169e-02 5.6582259080187325e-05 3.4558966019970959e-02 3.4445801500478337e-02 1.1316451949262146e-04
340 1.6577148437500000e-01 1.7360998518269558e-02 1.7304548247890437e-02 5.6450270379121426e-05 1.7360998516927403e-02 1.7304548247890437e-02 5.6450269036965872e-05 3.4721997035196961e-02 3.4609096495780874e-02 1.1290053941608730e-04
341 1.6625976562500000e-01 1.7442587721186450e-02 1.7386269202678030e-02 5.6318518508419874e-05 1.7442587719849419e-02 1.7386269202678030e-02 5.6318517171388693e-05 3.4885175441035865e-02 3.4772538405356060e-02 1.1263703567980510e-04
342 1.6674804687500000e-01 1.7524249774951890e-02 1.7468062770260546e-02 5.6187004691343745e-05 1.7524249773643415e-02 1.7468062770260546e-02 5.6187003382869583e-05 3.5048499548595305e-02 3.4936125540521092e-02 1.1237400807421333e-04
343 1.6723632812500000e-01 1.7605983836349492e-02 1.7549928107530997e-02 5.6055728818494438e-05 1.7605983835058642e-02 1.7549928107530997e-02 5.6055727527645066e-05 3.5211967671408134e-02 3.5099856215061995e-02 1.1211145634613950e-04
344 1.6772460937500000e-01 1.7687789063396880e-02 1.7631864372616816e-02 5.5924690780063957e-05 1.7687789062112370e-02 1.7631864372616816e-02 5.5924689495553265e-05 3.5375578125509247e-02 3.5263728745233633e-02 1.1184938027561375e-04
345 1.6821289062500000e-01 1.7769664615345675e-02 1.7713870724879847e-02 5.5793890465827972e-05 1.7769664614091320e-02 1.7713870724879847e-02 5.5793889211473713e-05 3.5539329229436992e-02 3.5427741449759693e-02 1.1158777967729822e-04
346 1.6870117187500000e-01 1.7851609652681472e-02 1.7795946324916361e-02 5.5663327765111126e-05 1.7851609651440285e-02 1.7795946324916361e-02 5.5663326523923418e-05 3.5703219304121757e-02 3.5591892649832722e-02 1.1132665428903454e-04
347 1.6918945312500000e-01 1.7933623337123953e-02 1.7878090334557041e-02 5.5533002566911932e-05 1.7933623335893403e-02 1.7878090334557041e-02 5.5533001336361548e-05 3.5867246673017356e-02 3.5756180669114082e-02 1.1106600390327348e-04
348 1.6967773437500000e-01 1.8015704831626744e-02 1.7960301916866980e-02 5.5402914759763999e-05 1.8015704830426138e-02 1.7960301916866980e-02 5.5402913559158412e-05 3.6031409662052885e-02 3.5920603833733959e-02 1.1080582831892588e-04
349 1.7016601562500000e-01 1.8097853300377512e-02 1.8042580236145703e-02 5.5273064231808888e-05 1.8097853299193910e-02 1.8042580236145703e-02 5.5273063048207061e-05 3.6195706599571421e-02 3.6085160472291405e-02 1.1054612728001595e-04
350 1.7065429687500000e-01 1.8180067908797920e-02 1.8124924457927141e-02 5.5143450870778765e-05 1.8180067907608864e-02 1.8124924457927141e-02 5.5143449681722967e-05 3.6360135816406784e-02 3.6249848915854282e-02 1.1028690055250173e-04
351 1.7114257812500000e-01 1.8262347823543634e-02 1.8207333748979648e-02 5.5014074563985993e-05 1.8262347822371398e-02 1.8207333748979648e-02 5.5014073391750073e-05 3.6524695645915033e-02 3.6414667497959297e-02 1.1002814795573607e-04
352 1.7163085937500000e-01 1.8344692212504381e-02 1.8289807277305989e-02 5.4884935198392520e-05 1.8344692211342183e-02 1.8289807277305989e-02 5.4884934036193711e-05 3.6689384423846561e-02 3.6579614554611978e-02 1.0976986923458276e-04
353 1.7211914062500000e-01 1.8427100244803884e-02 1.8372344212143354e-02 5.4756032660530085e-05 1.8427100243687929e-02 1.8372344212143354e-02 5.4756031544575534e-05 3.6854200488491813e-02 3.6744688424286708e-02 1.0951206420510562e-04
354 1.7260742187500000e-01 1.8509571090799863e-02 1.8454943723963346e-02 5.4627366836517560e-05 1.8509571089686896e-02 1.8454943723963346e-02 5.4627365723550203e-05 3.7019142180486755e-02 3.6909887447926691e-02 1.0925473256006429e-04
355 1.7309570312500000e-01 1.8592103922084123e-02 1.8537604984471986e-02 5.4498937612137283e-05 1.8592103920965622e-02 1.8537604984471986e-02 5.4498936493636158e-05 3.7184207843049745e-02 3.7075209968943972e-02 1.0899787410577344e-04
356 1.7358398437500000e-01 1.8674697911482428e-02 1.8620327166609711e-02 5.4370744872717092e-05 1.8674697910394875e-02 1.8620327166609711e-02 5.4370743785163433e-05 3.7349395821877303e-02 3.7240654333219422e-02 1.0874148865788053e-04
357 1.7407226562500000e-01 1.8757352233054546e-02 1.8703109444551377e-02 5.4242788503168493e-05 1.8757352231973508e-02 1.8703109444551377e-02 5.4242787422130456e-05 3.7514704465028054e-02 3.7406218889102755e-02 1.0848557592529895e-04
358 1.7456054687500000e-01 1.8840066062094391e-02 1.8785950993706259e-02 5.4115068388132376e-05 1.8840066061048103e-02 1.8785950993706259e-02 5.4115067341844320e-05 3.7680132123142494e-02 3.7571901987412518e-02 1.0823013572997670e-04
359 1.7504882812500000e-01 1.8922838575129802e-02 1.8868850990718042e-02 5.3987584411760436e-05 1.8922838574077189e-02 1.8868850990718042e-02 5.3987583359147578e-05 3.7845677149206988e-02 3.7737701981436084e-02 1.0797516777090455e-04
360 1.7553710937500000e-01 1.9005668949922647e-02 1.8951808613464835e-02 5.3860336457812324e-05 1.9005668948890171e-02 1.8951808613464835e-02 5.3860335425336137e-05 3.8011337898812822e-02 3.7903617226929670e-02 1.0772067188315193e-04
361 1.7602539062500000e-01 1.9088556365468891e-02 1.9034823041059166e-02 5.3733324409725031e-05 1.9088556364440040e-02 1.9034823041059166e-02 5.3733323380874415e-05 3.8177112729908931e-02 3.8069646082118332e-02 1.0746664779059945e-04
362 1.7651367187500000e-01 1.9171500001998465e-02 1.9117893453847973e-02 5.3606548150491456e-05 1.9171500000992246e-02 1.9117893453847973e-02 5.3606547144272043e-05 3.8343000002990707e-02 3.8235786907695947e-02 1.0721309529476003e-04
363 1.7700195312500000e-01 1.9254499040975388e-02 1.9201019033412616e-02 5.3480007562771437e-05 1.9254499039993954e-02 1.9201019033412616e-02 5.3480006581337752e-05 3.8508998080969345e-02 3.8402038066825232e-02 1.0696001414411266e-04
364 1.7749023437500000e-01 1.9337552665097693e-02 1.9284198962568871e-02 5.3353702528822350e-05 1.9337552664127660e-02 1.9284198962568871e-02 5.3353701558789268e-05 3.8675105329225357e-02 3.8568397925137742e-02 1.0670740408761509e-04
365 1.7797851562500000e-01 1.9420660058297488e-02 1.9367432425366930e-02 5.3227632930558100e-05 1.9420660057332138e-02 1.9367432425366930e-02 5.3227631965208771e-05 3.8841320115629629e-02 3.8734864850733859e-02 1.0645526489577034e-04
366 1.7846679687500000e-01 1.9503820405740866e-02 1.9450718607091407e-02 5.3101798649458909e-05 1.9503820404821202e-02 1.9450718607091407e-02 5.3101797729795258e-05 3.9007640810562072e-02 3.8901437214182814e-02 1.0620359637925764e-04
367 1.7895507812500000e-01 1.9587032893827985e-02 1.9534056694261327e-02 5.2976199566658055e-05 1.9587032892921061e-02 1.9534056694261327e-02 5.2976198659734214e-05 3.9174065786749049e-02 3.9068113388522653e-02 1.0595239822639574e-04
368 1.7944335937500000e-01 1.9670296710193064e-02 1.9617445874630136e-02 5.2850835562927995e-05 1.9670296709291286e-02 1.9617445874630136e-02 5.2850834661149343e-05 3.9340593419484350e-02 3.9234891749260273e-02 1.0570167022407734e-04
369 1.7993164062500000e-01 1.9753611043704360e-02 1.9700885337185697e-02 5.2725706518663013e-05 1.9753611042814926e-02 1.9700885337185697e-02 5.2725705629228653e-05 3.9507222086519286e-02 3.9401770674371395e-02 1.0545141214789167e-04
370 1.8041992187500000e-01 1.9836975084464158e-02 1.9784374272150292e-02 5.2600812313865347e-05 1.9836975083587831e-02 1.9784374272150292e-02 5.2600811437538558e-05 3.9673950168051988e-02 3.9568748544300585e-02 1.0520162375140391e-04
371 1.8090820312500000e-01 1.9920388023808827e-02 1.9867911870980613e-02 5.2476152828214578e-05 1.9920388022927584e-02 1.9867911870980613e-02 5.2476151946971583e-05 3.9840776046736415e-02 3.9735823741961225e-02 1.0495230477518963e-04
372 1.8139648437500000e-01 2.0003849054308718e-02 1.9951497326367779e-02 5.2351727940939258e-05 2.0003849053450987e-02 1.9951497326367779e-02 5.2351727083208704e-05 4.0007698107759705e-02 3.9902994652735557e-02 1.0470345502414796e-04
373 1.8188476562500000e-01 2.0087357369768327e-02 2.0035129832237319e-02 5.2227537531007728e-05 2.0087357368946811e-02 2.0035129832237319e-02 5.2227536709491262e-05 4.0174714738715138e-02 4.0070259664474639e-02 1.0445507424049899e-04
374 1.8237304687500000e-01 2.0170912165226179e-02 2.0118808583749179e-02 5.2103581476999755e-05 2.0170912164403927e-02 2.0118808583749179e-02 5.2103580654747766e-05 4.0341824329630106e-02 4.0237617167498359e-02 1.0420716213174752e-04
375 1.8286132812500000e-01 2.0254512636954818e-02 2.0202532777297732e-02 5.1979859657085709e-05 2.0254512636147443e-02 2.0202532777297732e-02 5.1979858849710708e-05 4.0509025273102260e-02 4.0405065554595464e-02 1.0395971850679642e-04
376 1.8334960937500000e-01 2.0338157982460865e-02 2.0286301610511755e-02 5.1856371949109831e-05 2.0338157981673283e-02 2.0286301610511755e-02 5.1856371161528025e-05 4.0676315964134152e-02 4.0572603221023511e-02 1.0371274311064133e-04
377 1.8383789062500000e-01 2.0421847400485017e-02 2.0370114282254451e-02 5.1733118230565950e-05 2.0421847399705616e-02 2.0370114282254451e-02 5.1733117451165100e-05 4.0843694800190636e-02 4.0740228564508901e-02 1.0346623568173452e-04
378 1.8432617187500000e-01 2.0505580091002014e-02 2.0453969992623441e-02 5.1610098378573194e-05 2.0505580090236085e-02 2.0453969992623441e-02 5.1610097612644207e-05 4.1011160181238099e-02 4.0907939985246881e-02 1.0322019599121740e-04
379 1.8481445312500000e-01 2.0589355255220675e-02 2.0537867942950754e-02 5.1487312269921093e-05 2.0589355254474969e-02 2.0537867942950754e-02 5.1487311524215512e-05 4.1178710509695640e-02 4.1075735885901507e-02 1.0297462379413314e-04
380 1.8530273437500000e-01 2.0673172095583895e-02 2.0621807335802843e-02 5.1364759781052233e-05 2.0673172094838918e-02 2.0621807335802843e-02 5.1364759036075236e-05 4.1346344190422810e-02 4.1243614671605686e-02 1.0272951881712400e-04
381 1.8579101562500000e-01 2.0757029815768619e-02 2.0705787374980581e-02 5.1242440788037968e-05 2.0757029815025665e-02 2.0705787374980581e-02 5.1242440045083659e-05 4.1514059630794284e-02 4.1411574749961162e-02 1.0248488083312163e-04
382 1.8627929687500000e-01 2.0840927620685880e-02 2.0789807265519256e-02 5.1120355166623527e-05 2.0840927619965911e-02 2.0789807265519256e-02 5.1120354446654304e-05 4.1681855240651794e-02 4.1579614531038513e-02 1.0224070961328130e-04
383 1.8676757812500000e-01 2.0924864716480720e-02 2.0873866213688568e-02 5.0998502792151679e-05 2.0924864715792833e-02 2.0873866213688568e-02 5.0998502104264432e-05 4.1849729432273552e-02 4.1747732427377136e-02 1.0199700489641611e-04
384 1.8725585937500000e-01 2.1008840310532333e-02 2.0957963426992639e-02 5.0876883539694578e-05 2.1008840309853033e-02 2.0957963426992639e-02 5.0876882860394212e-05 4.2017680620385370e-02 4.1915926853985278e-02 1.0175376640009226e-04
385 1.8774414062500000e-01 2.1092853611453920e-02 2.1042098114170009e-02 5.0755497283911516e-05 2.1092853610793293e-02 2.1042098114170009e-02 5.0755496623283713e-05 4.2185707222247210e-02 4.2084196228340018e-02 1.0151099390719176e-04
386 1.8823242187500000e-01 2.1176903829092830e-02 2.1126269485193631e-02 5.0634343899198103e-05 2.1176903828447599e-02 2.1126269485193631e-02 5.0634343253967706e-05 4.2353807657540432e-02 4.2252538970387263e-02 1.0126868715316928e-04
387 1.8872070312500000e-01 2.1260990174530450e-02 2.1210476751270885e-02 5.0513423259564844e-05 2.1260990173887051e-02 2.1210476751270885e-02 5.0513422616166315e-05 4.2521980348417504e-02 4.2420953502541769e-02 1.0102684587573463e-04
388 1.8920898437500000e-01 2.1345111860082241e-02 2.1294719124843552e-02 5.0392735238689174e-05 2.1345111859451028e-02 2.1294719124843552e-02 5.0392734607475342e-05 4.2690223719533266e-02 4.2589438249687105e-02 1.0078546984616105e-04
389 1.8969726562500000e-01 2.1429268099297776e-02 2.1378995819587847e-02 5.0272279709929341e-05 2.1429268098707939e-02 2.1378995819587847e-02 5.0272279120092134e-05 4.2858536198005712e-02 4.2757991639175694e-02 1.0054455883001800e-04
390 1.9018554687500000e-01 2.1513458106960686e-02 2.1463306050414393e-02 5.0152056546293178e-05 2.1513458106356513e-02 2.1463306050414393e-02 5.0152055942120216e-05 4.3026916213317196e-02 4.2926612100828786e-02 1.0030411248840992e-04
391 1.9067382812500000e-01 2.1597681099088686e-02 2.1547649033468230e-02 5.0032065620455451e-05 2.1597681098496104e-02 2.1547649033468230e-02 5.0032065027873912e-05 4.3195362197584790e-02 4.3095298066936460e-02 1.0006413064832936e-04
392 1.9116210937500000e-01 2.1681936292933614e-02 2.1632023986128818e-02 4.9912306804796025e-05 2.1681936292363400e-02 2.1632023986128818e-02 4.9912306234582010e-05 4.3363872585297017e-02 4.3264047972257635e-02 9.9824613039381505e-05
393 1.9165039062500000e-01 2.1766222906981349e-02 2.1716430127010033e-02 4.9792779971316592e-05 2.1766222906430589e-02 2.1716430127010033e-02 4.9792779420555766e-05 4.3532445813411938e-02 4.3432860254020066e-02 9.9585559391872358e-05
394 1.9213867187500000e-01 2.1850540160951885e-02 2.1800866675960172e-02 4.9673484991713535e-05 2.1850540160423721e-02 2.1800866675960172e-02 4.9673484463549217e-05 4.3701080321375610e-02 4.3601733351920344e-02 9.9346969455266221e-05
395 1.9262695312500000e-01 2.1934887275799324e-02 2.1885332854061947e-02 4.9554421737377924e-05 2.1934887275259961e-02 2.1885332854061947e-02 4.9554421198014231e-05 4.3869774551059282e-02 4.3770665708123893e-02 9.9108842935388686e-05
396 1.9311523437500000e-01 2.2019263473711817e-02 2.1969827883632480e-02 4.9435590079336539e-05 2.2019263473195147e-02 2.1969827883632480e-02 4.9435589562666499e-05 4.4038526946906964e-02 4.3939655767264961e-02 9.8871179642003038e-05
397 1.9360351562500000e-01 2.2103667978111648e-02 2.2054350988223319e-02 4.9316989888328194e-05 2.2103667977627212e-02 2.2054350988223319e-02 4.9316989403892786e-05 4.4207335955738863e-02 4.4108701976446639e-02 9.8633979292224450e-05
398 1.9409179687500000e-01 2.2188100013655218e-02 2.2138901392620432e-02 4.9198621034786394e-05 2.2188100013162314e-02 2.2138901392620432e-02 4.9198620541882065e-05 4.4376200026817532e-02 4.4277802785240863e-02 9.8397241576668459e-05
399 1.9458007812500000e-01 2.2272558806233012e-02 2.2223478322844194e-02 4.9080483388818513e-05 2.2272558805761514e-02 2.2223478322844194e-02 4.9080482917320672e-05 4.4545117611994527e-02 4.4446956645688387e-02 9.8160966306139186e-05
400 1.9506835937500000e-01 2.2357043582969575e-02 2.2308081006149404e-02 4.8962576820171105e-05 2.2357043582546497e-02 2.2308081006149404e-02 4.8962576397092866e-05 4.4714087165516073e-02 4.4616162012298809e-02 9.7925153217263972e-05
401 1.9555664062500000e-01 2.2441553572223608e-02 2.2392708671025274e-02 4.8844901198333984e-05 2.2441553571776254e-02 2.2392708671025274e-02 4.8844900750980025e-05 4.4883107143999859e-02 4.4785417342050549e-02 9.7689801949310540e-05
402 1.9604492187500000e-01 2.2526088003587935e-02 2.2477360547195444e-02 4.8727456392491653e-05 2.2526088003137257e-02 2.2477360547195444e-02 4.8727455941813963e-05 4.5052176006725189e-02 4.4954721094390887e-02 9.7454912334302146e-05
403 1.9653320312500000e-01 2.2610646107889383e-02 2.2562035865617953e-02 4.8610242271429627e-05 2.2610646107461559e-02 2.2562035865617953e-02 4.8610241843605184e-05 4.5221292215350942e-02 4.5124071731235907e-02 9.7220484115034811e-05
404 1.9702148437500000e-01 2.2695227117189000e-02 2.2646733858485275e-02 4.8493258703725256e-05 2.2695227116810809e-02 2.2646733858485275e-02 4.8493258325534722e-05 4.5390454233999809e-02 4.5293467716970549e-02 9.6986517029259978e-05
405 1.9750976562500000e-01 2.2779830264781899e-02 2.2731453759224290e-02 4.8376505557608945e-05 2.2779830264382864e-02 2.2731453759224290e-02 4.8376505158573974e-05 4.5559660529164762e-02 4.5462907518448580e-02 9.6753010716182919e-05
406 1.9799804687500000e-01 2.2864454785197320e-02 2.2816194802496297e-02 4.8259982701023135e-05 2.2864454784839498e-02 2.2816194802496297e-02 4.8259982343201724e-05 4.5728909570036821e-02 4.5632389604992593e-02 9.6519965044228329e-05
407 1.9848632812500000e-01 2.2949099914198599e-02 2.2900956224197019e-02 4.8143690001580669e-05 2.2949099913835348e-02 2.2900956224197019e-02 4.8143689638329573e-05 4.5898199828033948e-02 4.5801912448394037e-02 9.6287379639910242e-05
408 1.9897460937500000e-01 2.3033764888783208e-02 2.2985737261456592e-02 4.8027627326616834e-05 2.3033764888445309e-02 2.2985737261456592e-02 4.8027626988716987e-05 4.6067529777228514e-02 4.5971474522913183e-02 9.6055254315330352e-05
409 1.9946289062500000e-01 2.3118448947182745e-02 2.3070537152639563e-02 4.7911794543182423e-05 2.3118448946851122e-02 2.3070537152639563e-02 4.7911794211558806e-05 4.6236897894033867e-02 4.6141074305279126e-02 9.5823588754741229e-05
410 1.9995117187500000e-01 2.3203151328862897e-02 2.3155355137344905e-02 4.7796191517991693e-05 2.3203151328543076e-02 2.3155355137344905e-02 4.7796191198171134e-05 4.6406302657405973e-02 4.6310710274689811e-02 9.5592382716162827e-05
411 2.0043945312500000e-01 2.3287871274523513e-02 2.3240190456406008e-02 4.7680818117505630e-05 2.3287871274228857e-02 2.3240190456406008e-02 4.7680817822848970e-05 4.6575742548752366e-02 4.6480380912812015e-02 9.5361635940351130e-05
412 2.0092773437500000e-01 2.3372608026098484e-02 2.3325042351890674e-02 4.7565674207810521e-05 2.3372608025802849e-02 2.3325042351890674e-02 4.7565673912175477e-05 4.6745216051901337e-02 4.6650084703781347e-02 9.5131348119989467e-05
413 2.0141601562500000e-01 2.3457360826755945e-02 2.3409910067101122e-02 4.7450759654822650e-05 2.3457360826480072e-02 2.3409910067101122e-02 4.7450759378949575e-05 4.6914721653236013e-02 4.6819820134202245e-02 9.4901519033768755e-05
414 2.0190429687500000e-01 2.3542128920898086e-02 2.3494792846573999e-02 4.7336074324087068e-05 2.3542128920627462e-02 2.3494792846573999e-02 4.7336074053463267e-05 4.7084257841525548e-02 4.6989585693147998e-02 9.4672148377550336e-05
415 2.0239257812500000e-01 2.3626911554161259e-02 2.3579689936080350e-02 4.7221618080909439e-05 2.3626911553903691e-02 2.3579689936080350e-02 4.7221617823341167e-05 4.7253823108064946e-02 4.7159379872160699e-02 9.4443235904247136e-05
416 2.0288085937500000e-01 2.3711707973415909e-02 2.3664600582625657e-02 4.7107390790251946e-05 2.3711707973192570e-02 2.3664600582625657e-02 4.7107390566913238e-05 4.7423415946608483e-02 4.7329201165251314e-02 9.4214781357168653e-05
417 2.0336914062500000e-01 2.3796517426766667e-02 2.3749524034449809e-02 4.6993392316858201e-05 2.3796517426537964e-02 2.3749524034449809e-02 4.6993392088155728e-05 4.7593034853304628e-02 4.7499048068899617e-02 9.3986784405010459e-05
418 2.0385742187500000e-01 2.3881339163552243e-02 2.3834459541027114e-02 4.6879622525128339e-05 2.3881339163346570e-02 2.3834459541027114e-02 4.6879622319456055e-05 4.7762678326898816e-02 4.7668919082054229e-02 9.3759244844587863e-05
419 2.0434570312500000e-01 2.3966172434345536e-02 2.3919406353066296e-02 4.6766081279240451e-05 2.3966172434159157e-02 2.3919406353066296e-02 4.6766081092861761e-05 4.7932344868504694e-02 4.7838812706132591e-02 9.3532162372102212e-05
420 2.0483398437500000e-01 2.4051016490953536e-02 2.4004363722510497e-02 4.6652768443039561e-05 2.4051016490781126e-02 2.4004363722510497e-02 4.6652768270628864e-05 4.8102032981734662e-02 4.8008727445020993e-02 9.3305536713668424e-05
421 2.0532226562500000e-01 2.4135870586417425e-02 2.4089330902537280e-02 4.6539683880145177e-05 2.4135870586252356e-02 2.4089330902537280e-02 4.6539683715075830e-05 4.8271741172669781e-02 4.8178661805074560e-02 9.3079367595221008e-05
422 2.0581054687500000e-01 2.4220733975012482e-02 2.4174307147558621e-02 4.6426827453861091e-05 2.4220733974855586e-02 2.4174307147558621e-02 4.6426827296965761e-05 4.8441467949868068e-02 4.8348614295117241e-02 9.2853654750826853e-05
423 2.0629882812500000e-01 2.4305605912248156e-02 2.4259291713220912e-02 4.6314199027244762e-05 2.4305605912104671e-02 2.4259291713220912e-02 4.6314198883758845e-05 4.8611211824352824e-02 4.8518583426441823e-02 9.2628397911000138e-05
424 2.0678710937500000e-01 2.4390485654868056e-02 2.4344283856404966e-02 4.6201798463089971e-05 2.4390485654714463e-02 2.4344283856404966e-02 4.6201798309497555e-05 4.8780971309582519e-02 4.8688567712809931e-02 9.2403596772587526e-05
425 2.0727539062500000e-01 2.4475372460849892e-02 2.4429282835226010e-02 4.6089625623881719e-05 2.4475372460728308e-02 2.4429282835226010e-02 4.6089625502298420e-05 4.8950744921578200e-02 4.8858565670452020e-02 9.2179251126180139e-05
426 2.0776367187500000e-01 2.4560265589405553e-02 2.4514287909033695e-02 4.5977680371858676e-05 2.4560265589305109e-02 2.4514287909033695e-02 4.5977680271414717e-05 4.9120531178710666e-02 4.9028575818067389e-02 9.1955360643276862e-05
427 2.0825195312500000e-01 2.4645164300981154e-02 2.4599298338412082e-02 4.5865962569072161e-05 2.4645164300893713e-02 2.4599298338412082e-02 4.5865962481631689e-05 4.9290328601874864e-02 4.9198596676824163e-02 9.1731925050700380e-05
428 2.0874023437500000e-01 2.4730067857256819e-02 2.4684313385179648e-02 4.5754472077171038e-05 2.4730067857178285e-02 2.4684313385179648e-02 4.5754471998636637e-05 4.9460135714435104e-02 4.9368626770359296e-02 9.1508944075807674e-05
429 2.0922851562500000e-01 2.4814975521146927e-02 2.4769332312389297e-02 4.5643208757630699e-05 2.4814975521090847e-02 2.4769332312389297e-02 4.5643208701550558e-05 4.9629951042237774e-02 4.9538664624778593e-02 9.1286417459181257e-05
430 2.0971679687500000e-01 2.4899886556799949e-02 2.4854354384328339e-02 4.5532172471610816e-05 2.4899886556749250e-02 2.4854354384328339e-02 4.5532172420911787e-05 4.9799773113549203e-02 4.9708708768656677e-02 9.1064344892526072e-05
431 2.1020507812500000e-01 2.4984800229598658e-02 2.4939378866518508e-02 4.5421363080149629e-05 2.4984800229585866e-02 2.4939378866518508e-02 4.5421363067357778e-05 4.9969600459184527e-02 4.9878757733037016e-02 9.0842726147510877e-05
432 2.1069335937500000e-01 2.5069715806159798e-02 2.5024405025715957e-02 4.5310780443841292e-05 2.5069715806127331e-02 2.5024405025715957e-02 4.5310780411374207e-05 5.0139431612287129e-02 5.0048810051431913e-02 9.0621560855215499e-05
433 2.1118164062500000e-01 2.5154632554334415e-02 2.5109432129911246e-02 4.5200424423168933e-05 2.5154632554317369e-02 2.5109432129911246e-02 4.5200424406123541e-05 5.0309265108651788e-02 5.0218864259822492e-02 9.0400848829295943e-05
434 2.1166992187500000e-01 2.5239549743207666e-02 2.5194459448329366e-02 4.5090294878299964e-05 2.5239549743210511e-02 2.5194459448329366e-02 4.5090294881144910e-05 5.0479099486418176e-02 5.0388918896658731e-02 9.0180589759444874e-05
435 2.1215820312500000e-01 2.5324466643098873e-02 2.5279486251429714e-02 4.4980391669158931e-05 2.5324466643122094e-02 2.5279486251429714e-02 4.4980391692379940e-05 5.0648933286220971e-02 5.0558972502859428e-02 8.9960783361542340e-05
436 2.1264648437500000e-01 2.5409382525561533e-02 2.5364511810906109e-02 4.4870714655424054e-05 2.5409382525609748e-02 2.5364511810906109e-02 4.4870714703638959e-05 5.0818765051171277e-02 5.0729023621812218e-02 8.9741429359059544e-05
437 2.1313476562500000e-01 2.5494296663383337e-02 2.5449535399686789e-02 4.4761263696548037e-05 2.5494296663411145e-02 2.5449535399686789e-02 4.4761263724355654e-05 5.0988593326794479e-02 5.0899070799373579e-02 8.9522527420900222e-05
438 2.1362304687500000e-01 2.5579208330586134e-02 2.5534556291934407e-02 4.4652038651726844e-05 2.5579208330656907e-02 2.5534556291934407e-02 4.4652038722500093e-05 5.1158416661243045e-02 5.1069112583868814e-02 8.9304077374230406e-05
439 2.1411132812500000e-01 2.5664116802425918e-02 2.5619573763046032e-02 4.4543039379885824e-05 2.5664116802506638e-02 2.5619573763046032e-02 4.4543039460605977e-05 5.1328233604932556e-02 5.1239147526092065e-02 8.9086078840491800e-05
440 2.1459960937500000e-01 2.5749021355392941e-02 2.5704587089653154e-02 4.4434265739787260e-05 2.5749021355472763e-02 2.5704587089653154e-02 4.4434265819608826e-05 5.1498042710865707e-02 5.1409174179306308e-02 8.8868531559399555e-05
441 2.1508789062500000e-01 2.5833921267211537e-02 2.5789595549621673e-02 4.4325717589863839e-05 2.5833921267330438e-02 2.5789595549621673e-02 4.4325717708765255e-05 5.1667842534541972e-02 5.1579191099243346e-02 8.8651435298625625e-05
442 2.1557617187500000e-01 2.5918815816840284e-02 2.5874598422051916e-02 4.4217394788367836e-05 2.5918815816946012e-02 2.5874598422051916e-02 4.4217394894095763e-05 5.1837631633786296e-02 5.1749196844103833e-02 8.8434789682463599e-05
443 2.1606445312500000e-01 2.6003704284471914e-02 2.5959594987278622e-02 4.4109297193291319e-05 2.6003704284604027e-02 2.5959594987278622e-02 4.4109297325404390e-05 5.2007408569075944e-02 5.1919189974557245e-02 8.8218594518699178e-05
444 2.1655273437500000e-01 2.6088585951533357e-02 2.6044584526870945e-02 4.4001424662411248e-05 2.6088585951670278e-02 2.6044584526870945e-02 4.4001424799332972e-05 5.2177171903203631e-02 5.2089169053741891e-02 8.8002849461740751e-05
445 2.1704101562500000e-01 2.6173460100685757e-02 2.6129566323632464e-02 4.3893777053292948e-05 2.6173460100832893e-02 2.6129566323632464e-02 4.3893777200428724e-05 5.2346920201518654e-02 5.2259132647264929e-02 8.7787554253725142e-05
446 2.1752929687500000e-01 2.6258326015824413e-02 2.6214539661601165e-02 4.3786354223248475e-05 2.6258326015987210e-02 2.6214539661601165e-02 4.3786354386045334e-05 5.2516652031811620e-02 5.2429079323202329e-02 8.7572708609290340e-05
447 2.1801757812500000e-01 2.6343182982078769e-02 2.6299503826049456e-02 4.3679156029312327e-05 2.6343182982269325e-02 2.6299503826049456e-02 4.3679156219868231e-05 5.2686365964348093e-02 5.2599007652098913e-02 8.7358312249180559e-05
448 2.1850585937500000e-01 2.6428030285812542e-02 2.6384458103484169e-02 4.3572182328373288e-05 2.6428030286000624e-02 2.6384458103484169e-02 4.3572182516455477e-05 5.2856060571813163e-02 5.2768916206968337e-02 8.7144364844825295e-05
449 2.1899414062500000e-01 2.6512867214623641e-02 2.6469401781646539e-02 4.3465432977101565e-05 2.6512867214823887e-02 2.6469401781646539e-02 4.3465433177347634e-05 5.3025734429447524e-02 5.2938803563293078e-02 8.6930866154445730e-05
450 2.1948242187500000e-01 2.6597693057344097e-02 2.6554334149512231e-02 4.3358907831865523e-05 2.6597693057553270e-02 2.6554334149512231e-02 4.3358908041038480e-05 5.3195386114897367e-02 5.3108668299024463e-02 8.6717815872904003e-05
451 2.1997070312500000e-01 2.6682507104040212e-02 2.6639254497291324e-02 4.3252606748887812e-05 2.6682507104288811e-02 2.6639254497291324e-02 4.3252606997487564e-05 5.3365014208329023e-02 5.3278508994582648e-02 8.6505213746375376e-05
452 2.2045898437500000e-01 2.6767308646012448e-02 2.6724162116428311e-02 4.3146529584137810e-05 2.6767308646244825e-02 2.6724162116428311e-02 4.3146529816514428e-05 5.3534617292257274e-02 5.3448324232856621e-02 8.6293059400652239e-05
453 2.2094726562500000e-01 2.6852096975795454e-02 2.6809056299602101e-02 4.3040676193352445e-05 2.6852096976059066e-02 2.6809056299602101e-02 4.3040676456964494e-05 5.3704193951854523e-02 5.3618112599204203e-02 8.6081352650320409e-05
454 2.2143554687500000e-01 2.6936871387158189e-02 2.6893936340726027e-02 4.2935046432161089e-05 2.6936871387430963e-02 2.6893936340726027e-02 4.2935046704935947e-05 5.3873742774589152e-02 5.3787872681452055e-02 8.5870093137097037e-05
455 2.2192382812500000e-01 2.7021631175103700e-02 2.6978801534947836e-02 4.2829640155863519e-05 2.7021631175372131e-02 2.6978801534947836e-02 4.2829640424294629e-05 5.4043262350475831e-02 5.3957603069895672e-02 8.5659280580158148e-05
456 2.2241210937500000e-01 2.7106375635869255e-02 2.7063651178649690e-02 4.2724457219565221e-05 2.7106375636156976e-02 2.7063651178649690e-02 4.2724457507286456e-05 5.4212751272026231e-02 5.4127302357299380e-02 8.5448914726851677e-05
457 2.2290039062500000e-01 2.7191104066926364e-02 2.7148484569448170e-02 4.2619497478194740e-05 2.7191104067213312e-02 2.7148484569448170e-02 4.2619497765142289e-05 5.4382208134139673e-02 5.4296969138896339e-02 8.5238995243333560e-05
458 2.2338867187500000e-01 2.7275815766980779e-02 2.7233301006194272e-02 4.2514760786507150e-05 2.7275815767286153e-02 2.7233301006194272e-02 4.2514761091880932e-05 5.4551631534266933e-02 5.4466602012388544e-02 8.5029521878388081e-05
459 2.2387695312500000e-01 2.7360510035972414e-02 2.7318099788973416e-02 4.2410246998997314e-05 2.7360510036294850e-02 2.7318099788973416e-02 4.2410247321433836e-05 5.4721020072267264e-02 5.4636199577946833e-02 8.4820494320431150e-05
460 2.2436523437500000e-01 2.7445186175075392e-02 2.7402880219105433e-02 4.2305955969958869e-05 2.7445186175416140e-02 2.7402880219105433e-02 4.2305956310707132e-05 5.4890372350491531e-02 5.4805760438210865e-02 8.4611912280666002e-05
461 2.2485351562500000e-01 2.7529843486698079e-02 2.7487641599144574e-02 4.2201887553505041e-05 2.7529843487049135e-02 2.7487641599144574e-02 4.2201887904561031e-05 5.5059686973747218e-02 5.4975283198289149e-02 8.4403775458069541e-05
462 2.2534179687500000e-01 2.7614481274483068e-02 2.7572383232879503e-02 4.2098041603565173e-05 2.7614481274857088e-02 2.7572383232879503e-02 4.2098041977585432e-05 5.5228962549340156e-02 5.5144766465759006e-02 8.4196083581150605e-05
463 2.2583007812500000e-01 2.7699098843307190e-02 2.7657104425333309e-02 4.1994417973881260e-05 2.7699098843674941e-02 2.7657104425333309e-02 4.1994418341632228e-05 5.5398197686982134e-02 5.5314208850666617e-02 8.3988836315516957e-05
464 2.2631835937500000e-01 2.7783695499281426e-02 2.7741804482763491e-02 4.1891016517935087e-05 2.7783695499678279e-02 2.7741804482763491e-02 4.1891016914787776e-05 5.5567390998959701e-02 5.5483608965526982e-02 8.3782033432719394e-05
465 2.2680664062500000e-01 2.7868270549751075e-02 2.7826482712661971e-02 4.1787837089104357e-05 2.7868270550149527e-02 2.7826482712661971e-02 4.1787837487556462e-05 5.5736541099900602e-02 5.5652965425323941e-02 8.3575674576660819e-05
466 2.2729492187500000e-01 2.7952823303295550e-02 2.7911138423755078e-02 4.1684879540471870e-05 2.7952823303704556e-02 2.7911138423755078e-02 4.1684879949478032e-05 5.5905646607000106e-02 5.5822276847510156e-02 8.3369759489949902e-05
467 2.2778320312500000e-01 2.8037353069728568e-02 2.7995770926003576e-02 4.1582143724992054e-05 2.8037353070158245e-02 2.7995770926003576e-02 4.1582144154669182e-05 5.6074706139886812e-02 5.5991541852007151e-02 8.3164287879661236e-05
468 2.2827148437500000e-01 2.8121859160098163e-02 2.8080379530602630e-02 4.1479629495532605e-05 2.8121859160562583e-02 2.8080379530602630e-02 4.1479629959952774e-05 5.6243718320660746e-02 5.6160759061205261e-02 8.2959259455485379e-05
469 2.2875976562500000e-01 2.8206340886686384e-02 2.8164963549981825e-02 4.1377336704558759e-05 2.8206340887139060e-02 2.8164963549981825e-02 4.1377337157234850e-05 5.6412681773825440e-02 5.6329927099963650e-02 8.2754673861790140e-05
470 2.2924804687500000e-01 2.8290797563009725e-02 2.8249522297805175e-02 4.1275265204549633e-05 2.8290797563460892e-02 2.8249522297805175e-02 4.1275265655716514e-05 5.6581595126470617e-02 5.6499044595610351e-02 8.2550530860266147e-05
471 2.2973632812500000e-01 2.8375228503818802e-02 2.8334055088971095e-02 4.1173414847706785e-05 2.8375228504304937e-02 2.8334055088971095e-02 4.1173415333842223e-05 5.6750457008123742e-02 5.6668110177942189e-02 8.2346830181552477e-05
472 2.3022460937500000e-01 2.8459633025098446e-02 2.8418561239612429e-02 4.1071785486016671e-05 2.8459633025579266e-02 2.8418561239612429e-02 4.1071785966836916e-05 5.6919266050677708e-02 5.6837122479224858e-02 8.2143571452850117e-05
473 2.3071289062500000e-01 2.8544010444067847e-02 2.8503040067096433e-02 4.0970376971413702e-05 2.8544010444562923e-02 2.8503040067096433e-02 4.0970377466489905e-05 5.7088020888630769e-02 5.7006080134192866e-02 8.1940754437903607e-05
474 2.3120117187500000e-01 2.8628360079180348e-02 2.8587490890024783e-02 4.0869189155565144e-05 2.8628360079674606e-02 2.8587490890024783e-02 4.0869189649822557e-05 5.7256720158854954e-02 5.7174981780049566e-02 8.1738378805387701e-05
475 2.3168945312500000e-01 2.8712681250123554e-02 2.8671913028233565e-02 4.0768221889989076e-05 2.8712681250654182e-02 2.8671913028233565e-02 4.0768222420616701e-05 5.7425362500777732e-02 5.7343826056467130e-02 8.1536444310602307e-05
476 2.3217773437500000e-01 2.8796973277819316e-02 2.8756305802793296e-02 4.0667475026019695e-05 2.8796973278347422e-02 2.8756305802793296e-02 4.0667475554125032e-05 5.7593946556166738e-02 5.7512611605586593e-02 8.1334950580144727e-05
477 2.3266601562500000e-01 2.8881235484423704e-02 2.8840668536008897e-02 4.0566948414807319e-05 2.8881235484981012e-02 2.8840668536008897e-02 4.0566948972114991e-05 5.7762470969404719e-02 5.7681337072017794e-02 8.1133897386925780e-05
478 2.3315429687500000e-01 2.8965467193327089e-02 2.8925000551419711e-02 4.0466641907377365e-05 2.8965467193894406e-02 2.8925000551419711e-02 4.0466642474694392e-05 5.7930934387221494e-02 5.7850001102839423e-02 8.0933284382071757e-05
479 2.3364257812500000e-01 2.9049667729154099e-02 2.9009301173799500e-02 4.0366555354599126e-05 2.9049667729747545e-02 2.9009301173799500e-02 4.0366555948044558e-05 5.8099335458901641e-02 5.8018602347599001e-02 8.0733111302640215e-05
480 2.3413085937500000e-01 2.9133836417763560e-02 2.9093569729156443e-02 4.0266688607116380e-05 2.9133836418326654e-02 2.9093569729156443e-02 4.0266689170211090e-05 5.8267672836090217e-02 5.8187139458312886e-02 8.0533377777330939e-05
481 2.3461914062500000e-01 2.9217972586248614e-02 2.9177805544733135e-02 4.0167041515479229e-05 2.9217972586849376e-02 2.9177805544733135e-02 4.0167042116241725e-05 5.8435945173097990e-02 5.8355611089466269e-02 8.0334083631720954e-05
482 2.3510742187500000e-01 2.9302075562936666e-02 2.9262007949006588e-02 4.0067613930078183e-05 2.9302075563551400e-02 2.9262007949006588e-02 4.0067614544812141e-05 5.8604151126488063e-02 5.8524015898013176e-02 8.0135228474886855e-05
483 2.3559570312500000e-01 2.9386144677389283e-02 2.9346176271688233e-02 3.9968405701050480e-05 2.9386144678025122e-02 2.9346176271688233e-02 3.9968406336889084e-05 5.8772289355414405e-02 5.8692352543376465e-02 7.9936812037939564e-05
484 2.3608398437500000e-01 2.9470179260402379e-02 2.9430309843723912e-02 3.9869416678467440e-05 2.9470179261041358e-02 2.9430309843723912e-02 3.9869417317445893e-05 5.8940358521443734e-02 5.8860619687447824e-02 7.9738833995909864e-05
485 2.3657226562500000e-01 2.9554178644006140e-02 2.9514407997293896e-02 3.9770646712244256e-05 2.9554178644642881e-02 2.9514407997293896e-02 3.9770647348984917e-05 5.9108357288649022e-02 5.9028815994587792e-02 7.9541294061229173e-05
486 2.3706054687500000e-01 2.9638142161464948e-02 2.9598470065812860e-02 3.9672095652087958e-05 2.9638142162160860e-02 2.9598470065812860e-02 3.9672096348000035e-05 5.9276284323625805e-02 5.9196940131625721e-02 7.9344192000084524e-05
487 2.3754882812500000e-01 2.9722069147277475e-02 2.9682495383929908e-02 3.9573763347566793e-05 2.9722069147949753e-02 2.9682495383929908e-02 3.9573764019844998e-05 5.9444138295227225e-02 5.9364990767859817e-02 7.9147527367408321e-05
488 2.3803710937500000e-01 2.9805958937176750e-02 2.9766483287528553e-02 3.9475649648196970e-05 2.9805958937855495e-02 2.9766483287528553e-02 3.9475650326942224e-05 5.9611917875032241e-02 5.9532966575057106e-02 7.8951299975135725e-05
489 2.3852539062500000e-01 2.9889810868129970e-02 2.9850433113726732e-02 3.9377754403237958e-05 2.9889810868816657e-02 2.9850433113726732e-02 3.9377755089924776e-05 5.9779621736946627e-02 5.9700866227453464e-02 7.8755509493162734e-05
490 2.3901367187500000e-01 2.9973624278338641e-02 2.9934344200876789e-02 3.9280077461852081e-05 2.9973624279043463e-02 2.9934344200876789e-02 3.9280078166673699e-05 5.9947248557382107e-02 5.9868688401753578e-02 7.8560155628529249e-05
491 2.3950195312500000e-01 3.0057398507238556e-02 3.0018215888565500e-02 3.9182618673055947e-05 3.0057398507945577e-02 3.0018215888565500e-02 3.9182619380077194e-05 6.0114797015184129e-02 6.0036431777131000e-02 7.8365238053129671e-05
492 2.3999023437500000e-01 3.0141132895499745e-02 3.0102047517614042e-02 3.9085377885703099e-05 3.0141132896219516e-02 3.0102047517614042e-02 3.9085378605474563e-05 6.0282265791719261e-02 6.0204095035228083e-02 7.8170756491177662e-05
493 2.4047851562500000e-01 3.0224826785026550e-02 3.0185838430078021e-02 3.8988354948529119e-05 3.0224826785793139e-02 3.0185838430078021e-02 3.8988355715117301e-05 6.0449653570819689e-02 6.0371676860156043e-02 7.7976710663646420e-05
494 2.4096679687500000e-01 3.0308479518957598e-02 3.0269587969247461e-02 3.8891549710137752e-05 3.0308479519693735e-02 3.0269587969247461e-02 3.8891550446274598e-05 6.0616959038651330e-02 6.0539175938494921e-02 7.7783100156408880e-05
495 2.4145507812500000e-01 3.0392090441665836e-02 3.0353295479646790e-02 3.8794962019046003e-05 3.0392090442426935e-02 3.0353295479646790e-02 3.8794962780145520e-05 6.0784180884092771e-02 6.0706590959293580e-02 7.7589924799191523e-05
496 2.4194335937500000e-01 3.0475658898758400e-02 3.0436960307034865e-02 3.8698591723534959e-05 3.0475658899541538e-02 3.0436960307034865e-02 3.8698592506672402e-05 6.0951317798299938e-02 6.0873920614069731e-02 7.7397184230207361e-05
497 2.4243164062500000e-01 3.0559184237076740e-02 3.0520581798404962e-02 3.8602438671778150e-05 3.0559184237874314e-02 3.0520581798404962e-02 3.8602439469351962e-05 6.1118368474951057e-02 6.1041163596809923e-02 7.7204878141133582e-05
498 2.4291992187500000e-01 3.0642665804696594e-02 3.0604159301984766e-02 3.8506502711827678e-05 3.0642665805521205e-02 3.0604159301984766e-02 3.8506503536438891e-05 6.1285331610217798e-02 6.1208318603969532e-02 7.7013006248266569e-05
499 2.4340820312500000e-01 3.0726102950928130e-02 3.0687692167236380e-02 3.8410783691749523e-05 3.0726102951723754e-02 3.0687692167236380e-02 3.8410784487373506e-05 6.1452205902651880e-02 6.1375384334472760e-02 7.6821568179119559e-05
500 2.4389648437500000e-01 3.0809495026315619e-02 3.0771179744856332e-02 3.8315281459287004e-05 3.0809495027174703e-02 3.0771179744856332e-02 3.8315282318370641e-05 6.1618990053490322e-02 6.1542359489712664e-02 7.6630563777657645e-05
501 2.4438476562500000e-01 3.0892841382637704e-02 3.0854621386775558e-02 3.8219995862145278e-05 3.0892841383462689e-02 3.0854621386775558e-02 3.8219996687131191e-05 6.1785682766100393e-02 6.1709242773551116e-02 7.6439992549276470e-05
502 2.4487304687500000e-01 3.0976141372907329e-02 3.0938016446159421e-02 3.8124926747908072e-05 3.0976141373805787e-02 3.0938016446159421e-02 3.8124927646366463e-05 6.1952282746713119e-02 6.1876032892318841e-02 7.6249854394278005e-05
503 2.4536132812500000e-01 3.1059394351371724e-02 3.1021364277407693e-02 3.8030073964030742e-05 3.1059394352227054e-02 3.1021364277407693e-02 3.8030074819360438e-05 6.2118788703598778e-02 6.2042728554815386e-02 7.6060148783391179e-05
504 2.4584960937500000e-01 3.1142599673512451e-02 3.1104664236154565e-02 3.7935437357885377e-05 3.1142599674387400e-02 3.1104664236154565e-02 3.7935438232834795e-05 6.2285199347899847e-02 6.2209328472309131e-02 7.5870875590716702e-05
505 2.4633789062500000e-01 3.1225756696045315e-02 3.1187915679268648e-02 3.7841016776667125e-05 3.1225756696929115e-02 3.1187915679268648e-02 3.7841017660467102e-05 6.2451513392974431e-02 6.2375831358537297e-02 7.5682034437134227e-05
506 2.4682617187500000e-01 3.1308864776920450e-02 3.1271117964852962e-02 3.7746812067487867e-05 3.1308864777834289e-02 3.1271117964852962e-02 3.7746812981326316e-05 6.2617729554754739e-02 6.2542235929705925e-02 7.5493625048814184e-05
507 2.4731445312500000e-01 3.1391923275322357e-02 3.1354270452244967e-02 3.7652823077390096e-05 3.1391923276227071e-02 3.1354270452244967e-02 3.7652823982103900e-05 6.2783846551549422e-02 6.2708540904489934e-02 7.5305647059487058e-05
508 2.4780273437500000e-01 3.1474931551669749e-02 3.1437372502016510e-02 3.7559049653239363e-05 3.1474931552575962e-02 3.1437372502016510e-02 3.7559050559451967e-05 6.2949863104245718e-02 6.2874745004033020e-02 7.5118100212698269e-05
509 2.4829101562500000e-01 3.1557888967615709e-02 3.1520423475973870e-02 3.7465491641838766e-05 3.1557888968552987e-02 3.1520423475973870e-02 3.7465492579116799e-05 6.3115777936168696e-02 6.3040846951947740e-02 7.4930984220955565e-05
510 2.4877929687500000e-01 3.1640794886047624e-02 3.1603422737157751e-02 3.7372148889873447e-05 3.1640794886972197e-02 3.1603422737157751e-02 3.7372149814446365e-05 6.3281589773019814e-02 6.3206845474315501e-02 7.4744298704312873e-05
511 2.4926757812500000e-01 3.1723648671087110e-02 3.1686369649843255e-02 3.7279021243855071e-05 3.1723648672038689e-02 3.1686369649843255e-02 3.7279022195434164e-05 6.3447297343125791e-02 6.3372739299686509e-02 7.4558043439282295e-05
512 2.4975585937500000e-01 3.1806449688090314e-02 3.1769263579539922e-02 3.7186108550392449e-05 3.1806449689087170e-02 3.1769263579539922e-02 3.7186109547247825e-05 6.3612899377177484e-02 6.3538527159079844e-02 7.4372218097640275e-05
513 2.5024414062500000e-01 3.1889197303647476e-02 3.1852103892991694e-02 3.7093410655782144e-05 3.1889197304662519e-02 3.1852103892991694e-02 3.7093411670824361e-05 6.3778394608310002e-02 6.3704207785983388e-02 7.4186822326613444e-05
514 2.5073242187500000e-01 3.1971890885583235e-02 3.1934889958176935e-02 3.7000927406299899e-05 3.1971890886558517e-02 3.1934889958176935e-02 3.7000928381582254e-05 6.3943781772141745e-02 6.3869779916353869e-02 7.4001855787875215e-05
515 2.5122070312500000e-01 3.2054529802956581e-02 3.2017621144308429e-02 3.6908658648152071e-05 3.2054529803954263e-02 3.2017621144308429e-02 3.6908659645833175e-05 6.4109059606910851e-02 6.4035242288616859e-02 7.3817318293992185e-05
516 2.5170898437500000e-01 3.2137113426060814e-02 3.2100296821833380e-02 3.6816604227433991e-05 3.2137113427072601e-02 3.2100296821833380e-02 3.6816605239221867e-05 6.4274226853133415e-02 6.4200593643666759e-02 7.3633209466655858e-05
517 2.5219726562500000e-01 3.2219641126423532e-02 3.2182916362433395e-02 3.6724763990136911e-05 3.2219641127444479e-02 3.2182916362433395e-02 3.6724765011084126e-05 6.4439282253868010e-02 6.4365832724866789e-02 7.3449529001221037e-05
518 2.5268554687500000e-01 3.2302112276806703e-02 3.2265479139024514e-02 3.6633137782189629e-05 3.2302112277839537e-02 3.2265479139024514e-02 3.6633138815023170e-05 6.4604224554646233e-02 6.4530958278049028e-02 7.3266276597205859e-05
519 2.5317382812500000e-01 3.2384526251206580e-02 3.2347984525757191e-02 3.6541725449389106e-05 3.2384526252247414e-02 3.2347984525757191e-02 3.6541726490223192e-05 6.4769052503453994e-02 6.4695969051514382e-02 7.3083451939612298e-05
520 2.5366210937500000e-01 3.2466882424853863e-02 3.2430431898016282e-02 3.6450526837580877e-05 3.2466882425933367e-02 3.2430431898016282e-02 3.6450527917085418e-05 6.4933764850787223e-02 6.4860863796032564e-02 7.2901054754659356e-05
521 2.5415039062500000e-01 3.2549180174213328e-02 3.2512820632421086e-02 3.6359541792242711e-05 3.2549180175264175e-02 3.2512820632421086e-02 3.6359542843089621e-05 6.5098360349477497e-02 6.5025641264842171e-02 7.2719084635325393e-05
522 2.5463867187500000e-01 3.2631418876984390e-02 3.2595150106825295e-02 3.6268770159095243e-05 3.2631418878099998e-02 3.2595150106825295e-02 3.6268771274702849e-05 6.5262837755084388e-02 6.5190300213650590e-02 7.2537541433798092e-05
523 2.5512695312500000e-01 3.2713597912100573e-02 3.2677419700317040e-02 3.6178211783532976e-05 3.2713597913179168e-02 3.2677419700317040e-02 3.6178212862128523e-05 6.5427195825279741e-02 6.5354839400634079e-02 7.2356424645661499e-05
524 2.5561523437500000e-01 3.2795716659729933e-02 3.2759628793218844e-02 3.6087866511089195e-05 3.2795716660829796e-02 3.2759628793218844e-02 3.6087867610952451e-05 6.5591433320559722e-02 6.5519257586437687e-02 7.2175734122034707e-05
525 2.5610351562500000e-01 3.2877774501274631e-02 3.2841776767087674e-02 3.5997734186957175e-05 3.2877774502362803e-02 3.2841776767087674e-02 3.5997735275128395e-05 6.5755549003637434e-02 6.5683553534175348e-02 7.1995469462085571e-05
526 2.5659179687500000e-01 3.2959770819371424e-02 3.2923863004714893e-02 3.5907814656531423e-05 3.2959770820494651e-02 3.2923863004714893e-02 3.5907815779757934e-05 6.5919541639866075e-02 6.5847726009429786e-02 7.1815630436289357e-05
527 2.5708007812500000e-01 3.3041704997891268e-02 3.3005886890126297e-02 3.5818107764970519e-05 3.3041704999051132e-02 3.3005886890126297e-02 3.5818108924834391e-05 6.6083409996942399e-02 6.6011773780252594e-02 7.1636216689804910e-05
528 2.5756835937500000e-01 3.3123576421939402e-02 3.3087847808582094e-02 3.5728613357308148e-05 3.3123576423091251e-02 3.3087847808582094e-02 3.5728614509157597e-05 6.6247152845030660e-02 6.6175695617164187e-02 7.1457227866472683e-05
529 2.5805664062500000e-01 3.3205384477855579e-02 3.3169745146576897e-02 3.5639331278682074e-05 3.3205384479020675e-02 3.3169745146576897e-02 3.5639332443777871e-05 6.6410768956876254e-02 6.6339490293153794e-02 7.1278663722459945e-05
530 2.5854492187500000e-01 3.3287128553213773e-02 3.3251578291839751e-02 3.5550261374021896e-05 3.3287128554371825e-02 3.3251578291839751e-02 3.5550262532074717e-05 6.6574257107585605e-02 6.6503156583679501e-02 7.1100523906103552e-05
531 2.5903320312500000e-01 3.3368808036822462e-02 3.3333346633334121e-02 3.5461403488340482e-05 3.3368808038026644e-02 3.3333346633334121e-02 3.5461404692523069e-05 6.6737616074849099e-02 6.6666693266668242e-02 7.0922808180856611e-05
532 2.5952148437500000e-01 3.3450422318724318e-02 3.3415049561257876e-02 3.5372757466442528e-05 3.3450422319920070e-02 3.3415049561257876e-02 3.5372758662194359e-05 6.6900844638644388e-02 6.6830099122515751e-02 7.0745516128636887e-05
533 2.6000976562500000e-01 3.3531970790196444e-02 3.3496686467043305e-02 3.5284323153139674e-05 3.3531970791401008e-02 3.3496686467043305e-02 3.5284324357703900e-05 6.7063941581597453e-02 6.6993372934086609e-02 7.0568647510843574e-05
534 2.6049804687500000e-01 3.3613452843750308e-02 3.3578256743357127e-02 3.5196100393181107e-05 3.3613452844979727e-02 3.3578256743357127e-02 3.5196101622600451e-05 6.7226905688730035e-02 6.7156513486714253e-02 7.0392202015781558e-05
535 2.6098632812500000e-01 3.3694867873131744e-02 3.3659759784100463e-02 3.5108089031281320e-05 3.3694867874355730e-02 3.3659759784100463e-02 3.5108090255267510e-05 6.7389735747487467e-02 6.7319519568200925e-02 7.0216179286541891e-05
536 2.6147460937500000e-01 3.3776215273320850e-02 3.3741194984408855e-02 3.5020288911995212e-05 3.3776215274611082e-02 3.3741194984408855e-02 3.5020290202227022e-05 6.7552430547931933e-02 6.7482389968817710e-02 7.0040579114222234e-05
537 2.6196289062500000e-01 3.3857494440532238e-02 3.3822561740652277e-02 3.4932699879960949e-05 3.3857494441733763e-02 3.3822561740652277e-02 3.4932701081485940e-05 6.7714988882266000e-02 6.7645123481304553e-02 6.9865400961446888e-05
538 2.6245117187500000e-01 3.3938704772214771e-02 3.3903859450435093e-02 3.4845321779677918e-05 3.3938704773505073e-02 3.3903859450435093e-02 3.4845323069979117e-05 6.7877409545719844e-02 6.7807718900870187e-02 6.9690644849657035e-05
539 2.6293945312500000e-01 3.4019845667051685e-02 3.3985087512596109e-02 3.4758154455576118e-05 3.4019845668366869e-02 3.3985087512596109e-02 3.4758155770760191e-05 6.8039691335418553e-02 6.7970175025192217e-02 6.9516310226336309e-05
540 2.6342773437500000e-01 3.4100916524960743e-02 3.4066245327208526e-02 3.4671197752217386e-05 3.4100916526254632e-02 3.4066245327208526e-02 3.4671199046105994e-05 6.8201833051215383e-02 6.8132490654417052e-02 6.9342396798330319e-05
541 2.6391601562500000e-01 3.4181916747093914e-02 3.4147332295579993e-02 3.4584451513920700e-05 3.4181916748387990e-02 3.4147332295579993e-02 3.4584452807996657e-05 6.8363833495481904e-02 6.8294664591159987e-02 6.9168904321917357e-05
542 2.6440429687500000e-01 3.4262845735837509e-02 3.4228347820252546e-02 3.4497915584963401e-05 3.4262845737156780e-02 3.4228347820252546e-02 3.4497916904234482e-05 6.8525691472994282e-02 6.8456695640505091e-02 6.8995832489190945e-05
543 2.6489257812500000e-01 3.4343702894812388e-02 3.4309291305002647e-02 3.4411589809740795e-05 3.4343702896117163e-02 3.4309291305002647e-02 3.4411591114516527e-05 6.8687405790929551e-02 6.8618582610005294e-02 6.8823180924257321e-05
544 2.6538085937500000e-01 3.4424487628873589e-02 3.4390162154841183e-02 3.4325474032405323e-05 3.4424487630187205e-02 3.4390162154841183e-02 3.4325475346021206e-05 6.8848975259060793e-02 6.8780324309682367e-02 6.8650949378426529e-05
545 2.6586914062500000e-01 3.4505199344110733e-02 3.4470959776013457e-02 3.4239568097275963e-05 3.4505199345429137e-02 3.4470959776013457e-02 3.4239569415679683e-05 6.9010398689539870e-02 6.8941919552026915e-02 6.8479137512955646e-05
546 2.6635742187500000e-01 3.4585837447847739e-02 3.4551683575999186e-02 3.4153871848553730e-05 3.4585837449177509e-02 3.4551683575999186e-02 3.4153873178323357e-05 6.9171674897025248e-02 6.9103367151998371e-02 6.8307745026877087e-05
547 2.6684570312500000e-01 3.4666401348642829e-02 3.4632332963512501e-02 3.4068385130328616e-05 3.4666401350002186e-02 3.4632332963512501e-02 3.4068386489685687e-05 6.9332802698645016e-02 6.9264665927025001e-02 6.8136771620014303e-05
548 2.6733398437500000e-01 3.4746890456288662e-02 3.4712907348501951e-02 3.3983107786711431e-05 3.4746890457642843e-02 3.4712907348501951e-02 3.3983109140892087e-05 6.9493780913931505e-02 6.9425814697003901e-02 6.7966216927603518e-05
549 2.6782226562500000e-01 3.4827304181812374e-02 3.4793406142150506e-02 3.3898039661868495e-05 3.4827304183190293e-02 3.4793406142150506e-02 3.3898041039787108e-05 6.9654608365002674e-02 6.9586812284301011e-02 6.7796080701662542e-05
550 2.6831054687500000e-01 3.4907641937475399e-02 3.4873828756875551e-02 3.3813180599848169e-05 3.4907641938867903e-02 3.4873828756875551e-02 3.3813181992352337e-05 6.9815283876343309e-02 6.9747657513751102e-02 6.7626362592207445e-05
551 2.6879882812500000e-01 3.4987903136773559e-02 3.4954174606328894e-02 3.3728530444664118e-05 3.4987903138158874e-02 3.4954174606328894e-02 3.3728531829979591e-05 6.9975806274932439e-02 6.9908349212657789e-02 6.7457062274650648e-05
552 2.6928710937500000e-01 3.5068087194437089e-02 3.5034443105396759e-02 3.3644089040330005e-05 3.5068087195850466e-02 3.5034443105396759e-02 3.3644090453706366e-05 7.0136174390287548e-02 7.0068886210793518e-02 6.7288179494029432e-05
553 2.6977539062500000e-01 3.5148193526430657e-02 3.5114633670199770e-02 3.3559856230887253e-05 3.5148193527865489e-02 3.5114633670199770e-02 3.3559857665718673e-05 7.0296387054296139e-02 7.0229267340399540e-02 6.7119713896598987e-05
554 2.7026367187500000e-01 3.5228221549953198e-02 3.5194745718092987e-02 3.3475831860210747e-05 3.5228221551369059e-02 3.5194745718092987e-02 3.3475833276071232e-05 7.0456443101322264e-02 7.0389491436185975e-02 6.6951665136288918e-05
555 2.7075195312500000e-01 3.5308170683438229e-02 3.5274778667665888e-02 3.3392015772341910e-05 3.5308170684895640e-02 3.5274778667665888e-02 3.3392017229752491e-05 7.0616341368333863e-02 7.0549557335331775e-02 6.6784033002087462e-05
556 2.7124023437500000e-01 3.5388040346553552e-02 3.5354731938742362e-02 3.3308407811190321e-05 3.5388040347998112e-02 3.5354731938742362e-02 3.3308409255750071e-05 7.0776080694551657e-02 7.0709463877484724e-02 6.6616817066933454e-05
557 2.7172851562500000e-01 3.5467829960201418e-02 3.5434604952380711e-02 3.3225007820707197e-05 3.5467829961689713e-02 3.5434604952380711e-02 3.3225009309002795e-05 7.0935659921891131e-02 7.0869209904761421e-02 6.6450017129709993e-05
558 2.7221679687500000e-01 3.5547538946518423e-02 3.5514397130873655e-02 3.3141815644767425e-05 3.5547538947955773e-02 3.5514397130873655e-02 3.3141817082117664e-05 7.1095077894474196e-02 7.1028794261747311e-02 6.6283632726885089e-05
559 2.7270507812500000e-01 3.5627166728875607e-02 3.5594107897748348e-02 3.3058831127259769e-05 3.5627166730331741e-02 3.5594107897748348e-02 3.3058832583393594e-05 7.1254333459207342e-02 7.1188215795496695e-02 6.6117663710646424e-05
560 2.7319335937500000e-01 3.5706712731878407e-02 3.5673736677766334e-02 3.2976054112072994e-05 3.5706712733387443e-02 3.5673736677766334e-02 3.2976055621108946e-05 7.1413425465265856e-02 7.1347473355532667e-02 6.5952109733188879e-05
561 2.7368164062500000e-01 3.5786176381366705e-02 3.5753282896923602e-02 3.2893484443102805e-05 3.5786176382877503e-02 3.5753282896923602e-02 3.2893485953901236e-05 7.1572352764244201e-02 7.1506565793847204e-02 6.5786970396997102e-05
562 2.7416992187500000e-01 3.5865557104414789e-02 3.5832745982450537e-02 3.2811121964251844e-05 3.5865557105929112e-02 3.5832745982450537e-02 3.2811123478575233e-05 7.1731114210343894e-02 7.1665491964901074e-02 6.5622245442820137e-05
563 2.7465820312500000e-01 3.5944854329331394e-02 3.5912125362811950e-02 3.2728966519443570e-05 3.5944854330847480e-02 3.5912125362811950e-02 3.2728968035529438e-05 7.1889708660178880e-02 7.1824250725623900e-02 6.5457934554979946e-05
564 2.7514648437500000e-01 3.6024067485659568e-02 3.5991420467707071e-02 3.2647017952497359e-05 3.6024067487188983e-02 3.5991420467707071e-02 3.2647019481912842e-05 7.2048134972848552e-02 7.1982840935414141e-02 6.5294037434410201e-05
565 2.7563476562500000e-01 3.6103196004176885e-02 3.6070630728069542e-02 3.2565276107343610e-05 3.6103196005729359e-02 3.6070630728069542e-02 3.2565277659817038e-05 7.2206392009906251e-02 7.2141261456139083e-02 6.5130553767167587e-05
566 2.7612304687500000e-01 3.6182239316895147e-02 3.6149755576067422e-02 3.2483740827725371e-05 3.6182239318481905e-02 3.6149755576067422e-02 3.2483742414483874e-05 7.2364478635377052e-02 7.2299511152134843e-02 6.4967483242209245e-05
567 2.7661132812500000e-01 3.6261196857060807e-02 3.6228794445103199e-02 3.2402411957607735e-05 3.6261196858635894e-02 3.6228794445103199e-02 3.2402413532695018e-05 7.2522393715696701e-02 7.2457588890206398e-02 6.4804825490302753e-05
568 2.7709960937500000e-01 3.6340068059154719e-02 3.6307746769813770e-02 3.2321289340948856e-05 3.6340068060740999e-02 3.6307746769813770e-02 3.2321290927228574e-05 7.2680136119895711e-02 7.2615493539627540e-02 6.4642580268170491e-05
569 2.7758789062500000e-01 3.6418852358892077e-02 3.6386611986070440e-02 3.2240372821637497e-05 3.6418852360465867e-02 3.6386611986070440e-02 3.2240374395427207e-05 7.2837704719357937e-02 7.2773223972140880e-02 6.4480747217057766e-05
570 2.7807617187500000e-01 3.6497549193222421e-02 3.6465389530978942e-02 3.2159662243479159e-05 3.6497549194796593e-02 3.6465389530978942e-02 3.2159663817650508e-05 7.2995098388019014e-02 7.2930779061957884e-02 6.4319326061129667e-05
571 2.7856445312500000e-01 3.6576158000329942e-02 3.6544078842879427e-02 3.2079157450515261e-05 3.6576158001933805e-02 3.6544078842879427e-02 3.2079159054378137e-05 7.3152316002263740e-02 7.3088157685758853e-02 6.4158316504886459e-05
572 2.7905273437500000e-01 3.6654678219633065e-02 3.6622679361346458e-02 3.1998858286606813e-05 3.6654678221244900e-02 3.6622679361346458e-02 3.1998859898442478e-05 7.3309356440877965e-02 7.3245358722692916e-02 6.3997718185049290e-05
573 2.7954101562500000e-01 3.6733109291784673e-02 3.6701190527189023e-02 3.1918764595649518e-05 3.6733109293395315e-02 3.6701190527189023e-02 3.1918766206291693e-05 7.3466218585179988e-02 7.3402381054378046e-02 6.3837530801941211e-05
574 2.8002929687500000e-01 3.6811450658672244e-02 3.6779611782450518e-02 3.1838876221726431e-05 3.6811450660324707e-02 3.6779611782450518e-02 3.1838877874189320e-05 7.3622901318996958e-02 7.3559223564901036e-02 6.3677754095922690e-05
575 2.8051757812500000e-01 3.6889701763417514e-02 3.6857942570408760e-02 3.1759193008754072e-05 3.6889701765027157e-02 3.6857942570408760e-02 3.1759194618397046e-05 7.3779403528444670e-02 7.3715885140817519e-02 6.3518387627151118e-05
576 2.8100585937500000e-01 3.6967862050376818e-02 3.6936182335575989e-02 3.1679714800829373e-05 3.6967862052005473e-02 3.6936182335575989e-02 3.1679716429484917e-05 7.3935724102382291e-02 7.3872364671151977e-02 6.3359431230314289e-05
577 2.8149414062500000e-01 3.7045930965140778e-02 3.7014330523698846e-02 3.1600441441931304e-05 3.7045930966846156e-02 3.7014330523698846e-02 3.1600443147310198e-05 7.4091861931986941e-02 7.4028661047397692e-02 6.3200884589248441e-05
578 2.8198242187500000e-01 3.7123907954534643e-02 3.7092386581758410e-02 3.1521372776233125e-05 3.7123907956170564e-02 3.7092386581758410e-02 3.1521374412153691e-05 7.4247815910705200e-02 7.4184773163516821e-02 6.3042747188379877e-05
579 2.8247070312500000e-01 3.7201792466617756e-02 3.7170349957970167e-02 3.1442508647588907e-05 3.7201792468296010e-02 3.7170349957970167e-02 3.1442510325843664e-05 7.4403584934913766e-02 7.4340699915940334e-02 6.2885018973432572e-05
580 2.8295898437500000e-01 3.7279583950684259e-02 3.7248220101784010e-02 3.1363848900248237e-05 3.7279583952333495e-02 3.7248220101784010e-02 3.1363850549484540e-05 7.4559167903017753e-02 7.4496440203568021e-02 6.2727699449732777e-05
581 2.8344726562500000e-01 3.7357281857262663e-02 3.7325996463884271e-02 3.1285393378391313e-05 3.7357281858991509e-02 3.7325996463884271e-02 3.1285395107237546e-05 7.4714563716254179e-02 7.4651992927768543e-02 6.2570788485635798e-05
582 2.8393554687500000e-01 3.7434885638115832e-02 3.7403678496189682e-02 3.1207141926149762e-05 3.7434885639794142e-02 3.7403678496189682e-02 3.1207143604460030e-05 7.4869771277909974e-02 7.4807356992379365e-02 6.2414285530609792e-05
583 2.8442382812500000e-01 3.7512394746241268e-02 3.7481265651853404e-02 3.1129094387863376e-05 3.7512394748034826e-02 3.7481265651853404e-02 3.1129096181421734e-05 7.5024789494276101e-02 7.4962531303706809e-02 6.2258190569292049e-05
584 2.8491210937500000e-01 3.7589808635870643e-02 3.7558757385263007e-02 3.1051250607636027e-05 3.7589808637584127e-02 3.7558757385263007e-02 3.1051252321119549e-05 7.5179617273454763e-02 7.5117514770526014e-02 6.2102502928748637e-05
585 2.8540039062500000e-01 3.7667126762470235e-02 3.7636153152040476e-02 3.0973610429758935e-05 3.7667126764214957e-02 3.7636153152040476e-02 3.0973612174481358e-05 7.5334253526685185e-02 7.5272306304080952e-02 6.1947222604233354e-05
586 2.8588867187500000e-01 3.7744348582740901e-02 3.7713452409042225e-02 3.0896173698675977e-05 3.7744348584504449e-02 3.7713452409042225e-02 3.0896175462223618e-05 7.5488697167245350e-02 7.5426904818084450e-02 6.1792349160899596e-05
587 2.8637695312500000e-01 3.7821473554617721e-02 3.7790654614359077e-02 3.0818940258643679e-05 3.7821473556330462e-02 3.7790654614359077e-02 3.0818941971384739e-05 7.5642947110948183e-02 7.5581309228718155e-02 6.1637882230028418e-05
588 2.8686523437500000e-01 3.7898501137270425e-02 3.7867759227316271e-02 3.0741909954154489e-05 3.7898501139084190e-02 3.7867759227316271e-02 3.0741911767918906e-05 7.5797002276354608e-02 7.5735518454632542e-02 6.1483821722066456e-05
589 2.8735351562500000e-01 3.7975430791103132e-02 3.7944765708473466e-02 3.0665082629666163e-05 3.7975430792852080e-02 3.7944765708473466e-02 3.0665084378614371e-05 7.5950861583955212e-02 7.5889531416946931e-02 6.1330167008280534e-05
590 2.8784179687500000e-01 3.8052261977754458e-02 3.8021673519624745e-02 3.0588458129712781e-05 3.8052261979589358e-02 3.8021673519624745e-02 3.0588459964613068e-05 7.6104523957343823e-02 7.6043347039249490e-02 6.1176918094332788e-05
591 2.8833007812500000e-01 3.8128994160097296e-02 3.8098482123798592e-02 3.0512036298703527e-05 3.8128994161918561e-02 3.8098482123798592e-02 3.0512038119968887e-05 7.6257988322015857e-02 7.6196964247597185e-02 6.1024074418672414e-05
592 2.8881835937500000e-01 3.8205626802239372e-02 3.8175190985257922e-02 3.0435816981450037e-05 3.8205626804063975e-02 3.8175190985257922e-02 3.0435818806053005e-05 7.6411253606303353e-02 7.6350381970515843e-02 6.0871635787509981e-05
593 2.8930664062500000e-01 3.8282159369522513e-02 3.8251799569500061e-02 3.0359800022451700e-05 3.8282159371348733e-02 3.8251799569500061e-02 3.0359801848671431e-05 7.6564318740871246e-02 7.6503599139000122e-02 6.0719601871123130e-05
594 2.8979492187500000e-01 3.8358591328523366e-02 3.8328307343256755e-02 3.0283985266610358e-05 3.8358591330359425e-02 3.8328307343256755e-02 3.0283987102669441e-05 7.6717182658882790e-02 7.6656614686513511e-02 6.0567972369279799e-05
595 2.9028320312500000e-01 3.8434922147052852e-02 3.8404713774494170e-02 3.0208372558682139e-05 3.8434922148878066e-02 3.8404713774494170e-02 3.0208374383895731e-05 7.6869844295930911e-02 7.6809427548988340e-02 6.0416746942570931e-05
596 2.9077148437500000e-01 3.8511151294156422e-02 3.8481018332412881e-02 3.0132961743541131e-05 3.8511151295991641e-02 3.8481018332412881e-02 3.0132963578760608e-05 7.7022302590148056e-02 7.6962036664825761e-02 6.0265925322294800e-05
597 2.9125976562500000e-01 3.8587278240113834e-02 3.8557220487447891e-02 3.0057752665943460e-05 3.8587278241951788e-02 3.8557220487447891e-02 3.0057754503896861e-05 7.7174556482065615e-02 7.7114440974895782e-02 6.0115507169833382e-05
598 2.9174804687500000e-01 3.8663302456439445e-02 3.8633319711268606e-02 2.9982745170839542e-05 3.8663302458289604e-02 3.8633319711268606e-02 2.9982747020998457e-05 7.7326604914729050e-02 7.7266639422537212e-02 5.9965492191837999e-05
599 2.9223632812500000e-01 3.8739223415882283e-02 3.8709315476778861e-02 2.9907939103422654e-05 3.8739223417755174e-02 3.8709315476778861e-02 2.9907940976313385e-05 7.7478446833637457e-02 7.7418630953557721e-02 5.9815880079736039e-05
600 2.9272460937500000e-01 3.8815040592425562e-02 3.8785207258116905e-02 2.9833334308657089e-05 3.8815040594315516e-02 3.8785207258116905e-02 2.9833336198610561e-05 7.7630081186741084e-02 7.7570414516233810e-02 5.9666670507274588e-05
601 2.9321289062500000e-01 3.8890753461287175e-02 3.8860994530655404e-02 2.9758930631770819e-05 3.8890753463193338e-02 3.8860994530655404e-02 2.9758932537933547e-05 7.7781506924480520e-02 7.7721989061310809e-02 5.9517863169711305e-05
602 2.9370117187500000e-01 3.8966361498919487e-02 3.8936676771001447e-02 2.9684727918040388e-05 3.8966361500812174e-02 3.8936676771001447e-02 2.9684729810727783e-05 7.7932722999731668e-02 7.7873353542002893e-02 5.9369457728775110e-05
603 2.9418945312500000e-01 3.9041864183009249e-02 3.9012253456996528e-02 2.9610726012721522e-05 3.9041864184901437e-02 3.9012253456996528e-02 2.9610727904909317e-05 7.8083728367910693e-02 7.8024506913993055e-02 5.9221453917637779e-05
604 2.9467773437500000e-01 3.9117260992477774e-02 3.9087724067716559e-02 2.9536924761215666e-05 3.9117260994404178e-02 3.9087724067716559e-02 2.9536926687619147e-05 7.8234521986881952e-02 7.8175448135433118e-02 5.9073851448834813e-05
605 2.9516601562500000e-01 3.9192551407480868e-02 3.9163088083471888e-02 2.9463324008979774e-05 3.9192551409386905e-02 3.9163088083471888e-02 2.9463325915017602e-05 7.8385102816867780e-02 7.8326176166943776e-02 5.8926649924004315e-05
606 2.9565429687500000e-01 3.9267734909408783e-02 3.9238344985807257e-02 2.9389923601526313e-05 3.9267734911341230e-02 3.9238344985807257e-02 2.9389925533973571e-05 7.8535469820750020e-02 7.8476689971614513e-02 5.8779849135506823e-05
607 2.9614257812500000e-01 3.9342810980886281e-02 3.9313494257501844e-02 2.9316723384437138e-05 3.9342810982839718e-02 3.9313494257501844e-02 2.9316725337874550e-05 7.8685621963725999e-02 7.8626988515003687e-02 5.8633448722311687e-05
608 2.9663085937500000e-01 3.9417779105772703e-02 3.9388535382569229e-02 2.9243723203474514e-05 3.9417779107731157e-02 3.9388535382569229e-02 2.9243725161928746e-05 7.8835558213503854e-02 7.8777070765138457e-02 5.8487448365396322e-05
609 2.9711914062500000e-01 3.9492638769161807e-02 3.9463467846257413e-02 2.9170922904393770e-05 3.9492638771170097e-02 3.9463467846257413e-02 2.9170924912683138e-05 7.8985277540331911e-02 7.8926935692514827e-02 5.8341847817083847e-05
610 2.9760742187500000e-01 3.9567389457381891e-02 3.9538291135048829e-02 2.9098322333061255e-05 3.9567389459372354e-02 3.9538291135048829e-02 2.9098324323524605e-05 7.9134778916754245e-02 7.9076582270097659e-02 5.8196646656585860e-05
611 2.9809570312500000e-01 3.9642030657995750e-02 3.9613004736660309e-02 2.9025921335440463e-05 3.9642030659959041e-02 3.9613004736660309e-02 2.9025923298731104e-05 7.9284061317954790e-02 7.9226009473320619e-02 5.8051844634171568e-05
612 2.9858398437500000e-01 3.9716561859800693e-02 3.9687608140043108e-02 2.8953719757585095e-05 3.9716561861806006e-02 3.9687608140043108e-02 2.8953721762897677e-05 7.9433123721606699e-02 7.9375216280086217e-02 5.7907441520482772e-05
613 2.9907226562500000e-01 3.9790982552828549e-02 3.9762100835382903e-02 2.8881717445645994e-05 3.9790982554811248e-02 3.9762100835382903e-02 2.8881719428344721e-05 7.9581965107639790e-02 7.9524201670765807e-02 5.7763436873983776e-05
614 2.9956054687500000e-01 3.9865292228345568e-02 3.9836482314099773e-02 2.8809914245794821e-05 3.9865292230323916e-02 3.9836482314099773e-02 2.8809916224142862e-05 7.9730584458669485e-02 7.9672964628199547e-02 5.7619830469937683e-05
615 3.0004882812500000e-01 3.9939490378852617e-02 3.9910752068848240e-02 2.8738310004376710e-05 3.9939490380874583e-02 3.9910752068848240e-02 2.8738312026342638e-05 7.9878980759727200e-02 7.9821504137696481e-02 5.7476622030719349e-05
616 3.0053710937500000e-01 4.0013576498084943e-02 3.9984909593517227e-02 2.8666904567715978e-05 4.0013576500131459e-02 3.9984909593517227e-02 2.8666906614231713e-05 8.0027152998216403e-02 7.9969819187034455e-02 5.7333811181947691e-05
617 3.0102539062500000e-01 4.0087550081012613e-02 4.0058954383230067e-02 2.8595697782546337e-05 4.0087550083068711e-02 4.0058954383230067e-02 2.8595699838644684e-05 8.0175100164081331e-02 8.0117908766460133e-02 5.7191397621197959e-05
618 3.0151367187500000e-01 4.0161410623839822e-02 4.0132885934344525e-02 2.8524689495296185e-05 4.0161410625907751e-02 4.0132885934344525e-02 2.8524691563225346e-05 8.0322821249747572e-02 8.0265771868689051e-02 5.7049381058521531e-05
619 3.0200195312500000e-01 4.0235157624005549e-02 4.0206703744452774e-02 2.8453879552775563e-05 4.0235157626091887e-02 4.0206703744452774e-02 2.8453881639113610e-05 8.0470315250097429e-02 8.0413407488905547e-02 5.6907761191882233e-05
620 3.0249023437500000e-01 4.0308790580183135e-02 4.0280407312381410e-02 2.8383267801725121e-05 4.0308790582234480e-02 4.0280407312381410e-02 2.8383269853070325e-05 8.0617581162417615e-02 8.0560814624762819e-02 5.6766537654795446e-05
621 3.0297851562500000e-01 4.0382308992280541e-02 4.0353996138191447e-02 2.8312854089093675e-05 4.0382308994382915e-02 4.0353996138191447e-02 2.8312856191467506e-05 8.0764617986663456e-02 8.0707992276382895e-02 5.6625710280561181e-05
622 3.0346679687500000e-01 4.0455712361440216e-02 4.0427469723178316e-02 2.8242638261899433e-05 4.0455712363515445e-02 4.0427469723178316e-02 2.8242640337128311e-05 8.0911424724955661e-02 8.0854939446356633e-02 5.6485278599027744e-05
623 3.0395507812500000e-01 4.0529000190039279e-02 4.0500827569871854e-02 2.8172620167424278e-05 4.0529000192118400e-02 4.0500827569871854e-02 2.8172622246545875e-05 8.1058000382157686e-02 8.1001655139743708e-02 5.6345242413977092e-05
624 3.0444335937500000e-01 4.0602171981689070e-02 4.0574069182036328e-02 2.8102799652741928e-05 4.0602171983830565e-02 4.0574069182036328e-02 2.8102801794237242e-05 8.1204343965519635e-02 8.1148138364072656e-02 5.6205601446979170e-05
625 3.0493164062500000e-01 4.0675227241235651e-02 4.0647194064670419e-02 2.8033176565231410e-05 4.0675227243372636e-02 4.0647194064670419e-02 2.8033178702216444e-05 8.1350454484608287e-02 8.1294388129340839e-02 5.6066355267447854e-05
626 3.0541992187500000e-01 4.0748165474759637e-02 4.0720201724007220e-02 2.7963750752417471e-05 4.0748165476852838e-02 4.0720201724007220e-02 2.7963752845618084e-05 8.1496330951612475e-02 8.1440403448014440e-02 5.5927503598035555e-05
627 3.0590820312500000e-01 4.0820986189576136e-02 4.0793091667514249e-02 2.7894522061887306e-05 4.0820986191704552e-02 4.0793091667514249e-02 2.7894524190302805e-05 8.1641972381280681e-02 8.1586183335028498e-02 5.5789046252183172e-05
628 3.0639648437500000e-01 4.0893688894234857e-02 4.0865863403893442e-02 2.7825490341415460e-05 4.0893688896367950e-02 4.0865863403893442e-02 2.7825492474507774e-05 8.1787377790602800e-02 8.1731726807786884e-02 5.5650982815916294e-05
629 3.0688476562500000e-01 4.0966273098519954e-02 4.0938516443081142e-02 2.7756655438811173e-05 4.0966273100698523e-02 4.0938516443081142e-02 2.7756657617380998e-05 8.1932546199218470e-02 8.1877032886162285e-02 5.5513313056185232e-05
630 3.0737304687500000e-01 4.1038738313450035e-02 4.1011050296248117e-02 2.7688017201918380e-05 4.1038738315596089e-02 4.1011050296248117e-02 2.7688019347972548e-05 8.2077476629046131e-02 8.2022100592496233e-02 5.5376036549897867e-05
631 3.0786132812500000e-01 4.1111084051278460e-02 4.1083464475799546e-02 2.7619575478914082e-05 4.1111084053426693e-02 4.1083464475799546e-02 2.7619577627147063e-05 8.2222168104705146e-02 8.2166928951599091e-02 5.5239153106054206e-05
632 3.0834960937500000e-01 4.1183309825493050e-02 4.1155758495375040e-02 2.7551330118009976e-05 4.1183309827632276e-02 4.1155758495375040e-02 2.7551332257236272e-05 8.2366619653125334e-02 8.2311516990750080e-02 5.5102662375253186e-05
633 3.0883789062500000e-01 4.1255415150816058e-02 4.1227931869848612e-02 2.7483280967445511e-05 4.1255415153010976e-02 4.1227931869848612e-02 2.7483283162363370e-05 8.2510830303827026e-02 8.2455863739697224e-02 5.4966564129801943e-05
634 3.0932617187500000e-01 4.1327399543204406e-02 4.1299984115328703e-02 2.7415427875703002e-05 4.1327399545423048e-02 4.1299984115328703e-02 2.7415430094344939e-05 8.2654799088627454e-02 8.2599968230657406e-02 5.4830857970047941e-05
635 3.0981445312500000e-01 4.1399262519849572e-02 4.1371914749158155e-02 2.7347770691417417e-05 4.1399262522074640e-02 4.1371914749158155e-02 2.7347772916484769e-05 8.2798525041924212e-02 8.2743829498316310e-02 5.4695543607902186e-05
636 3.1030273437500000e-01 4.1471003599177457e-02 4.1443723289914240e-02 2.7280309263216784e-05 4.1471003601381964e-02 4.1443723289914240e-02 2.7280311467724194e-05 8.2942007200559414e-02 8.2887446579828480e-02 5.4560620730934040e-05
637 3.1079101562500000e-01 4.1542622300848799e-02 4.1515409257408653e-02 2.7213043440145468e-05 4.1542622303024870e-02 4.1515409257408653e-02 2.7213045616217291e-05 8.3085244603873676e-02 8.3030818514817306e-02 5.4426089056369698e-05
638 3.1127929687500000e-01 4.1614118145758501e-02 4.1586972172687496e-02 2.7145973071004970e-05 4.1614118147928564e-02 4.1586972172687496e-02 2.7145975241067710e-05 8.3228236293687058e-02 8.3173944345374992e-02 5.4291948312065741e-05
639 3.1176757812500000e-01 4.1685490656036293e-02 4.1658411558031280e-02 2.7079098005013125e-05 4.1685490658274649e-02 4.1658411558031280e-02 2.7079100243368459e-05 8.3370981314310949e-02 8.3316823116062561e-02 5.4158198248388523e-05
640 3.1225585937500000e-01 4.1756739355046327e-02 4.1729726936954960e-02 2.7012418091366952e-05 4.1756739357286701e-02 4.1729726936954960e-02 2.7012420331741505e-05 8.3513478712333028e-02 8.3459453873909920e-02 5.4024838423108457e-05
641 3.1274414062500000e-01 4.1827863767387438e-02 4.1800917834207883e-02 2.6945933179554904e-05 4.1827863769598857e-02 4.1800917834207883e-02 2.6945935390973452e-05 8.3655727536986302e-02 8.3601835668415767e-02 5.3891868570535295e-05
642 3.1323242187500000e-01 4.1898863418892908e-02 4.1871983775773829e-02 2.6879643119079311e-05 4.1898863421145932e-02 4.1871983775773829e-02 2.6879645372103467e-05 8.3797726840038833e-02 8.3743967551547657e-02 5.3759288491175838e-05
643 3.1372070312500000e-01 4.1969737836630674e-02 4.1942924288870982e-02 2.6813547759692302e-05 4.1969737838894239e-02 4.1942924288870982e-02 2.6813550023256638e-05 8.3939475675524913e-02 8.3885848577741964e-02 5.3627097782948940e-05
644 3.1420898437500000e-01 4.2040486548903147e-02 4.2013738901951946e-02 2.6747646951201520e-05 4.2040486551212855e-02 4.2013738901951946e-02 2.6747649260909501e-05 8.4080973100116002e-02 8.4027477803903891e-02 5.3495296212111021e-05
645 3.1469726562500000e-01 4.2111109085247303e-02 4.2084427144703757e-02 2.6681940543546445e-05 4.2111109087552681e-02 4.2084427144703757e-02 2.6681942848924556e-05 8.4222218172799984e-02 8.4168854289407513e-02 5.3363883392471001e-05
646 3.1518554687500000e-01 4.2181604976434750e-02 4.2154988548047855e-02 2.6616428386895541e-05 4.2181604978658131e-02 4.2154988548047855e-02 2.6616430610276742e-05 8.4363209955092888e-02 8.4309977096095709e-02 5.3232858997179222e-05
647 3.1567382812500000e-01 4.2251973754471629e-02 4.2225422644140094e-02 2.6551110331535233e-05 4.2251973756811917e-02 4.2225422644140094e-02 2.6551112671822918e-05 8.4503947511283539e-02 8.4450845288280188e-02 5.3102223003351212e-05
648 3.1616210937500000e-01 4.2322214952598705e-02 4.2295728966370759e-02 2.6485986227946234e-05 4.2322214954935398e-02 4.2295728966370759e-02 2.6485988564639573e-05 8.4644429907534097e-02 8.4591457932741518e-02 5.2971974792578869e-05
649 3.1665039062500000e-01 4.2392328105291276e-02 4.2365907049364541e-02 2.6421055926734160e-05 4.2392328107658285e-02 4.2365907049364541e-02 2.6421058293743527e-05 8.4784656212949561e-02 8.4731814098729083e-02 5.2842114220477687e-05
650 3.1713867187500000e-01 4.2462312748259144e-02 4.2435956428980549e-02 2.6356319278594831e-05 4.2462312750568852e-02 4.2435956428980549e-02 2.6356321588302811e-05 8.4924625498827996e-02 8.4871912857961099e-02 5.2712640866897642e-05
651 3.1762695312500000e-01 4.2532168418446807e-02 4.2505876642312312e-02 2.6291776134494682e-05 4.2532168420796337e-02 4.2505876642312312e-02 2.6291778484024975e-05 8.5064336839243138e-02 8.5011753284624625e-02 5.2583554618512718e-05
652 3.1811523437500000e-01 4.2601894654033155e-02 4.2575667227687776e-02 2.6227426345379334e-05 4.2601894656388320e-02 4.2575667227687776e-02 2.6227428700544009e-05 8.5203789310421468e-02 8.5151334455375552e-02 5.2454855045916404e-05
653 3.1860351562500000e-01 4.2671490994432029e-02 4.2645327724669307e-02 2.6163269762721764e-05 4.2671490996864257e-02 4.2645327724669307e-02 2.6163272194949794e-05 8.5342981991296279e-02 8.5290655449338615e-02 5.2326541957664618e-05
654 3.1909179687500000e-01 4.2740956980291414e-02 4.2714857674053690e-02 2.6099306237724329e-05 4.2740956982669935e-02 4.2714857674053690e-02 2.6099308616245320e-05 8.5481913962961342e-02 8.5429715348107380e-02 5.2198614853962710e-05
655 3.1958007812500000e-01 4.2810292153494196e-02 4.2784256617872114e-02 2.6035535622082051e-05 4.2810292155879094e-02 4.2784256617872114e-02 2.6035538006979886e-05 8.5620584309373290e-02 8.5568513235744229e-02 5.2071073629061937e-05
656 3.2006835937500000e-01 4.2879496057157712e-02 4.2853524099390194e-02 2.5971957767517706e-05 4.2879496059541465e-02 4.2853524099390194e-02 2.5971960151270623e-05 8.5758992116699184e-02 8.5707048198780389e-02 5.1943917918795268e-05
657 3.2055664062500000e-01 4.2948568235633817e-02 4.2922659663107966e-02 2.5908572525851215e-05 4.2948568238058878e-02 4.2922659663107966e-02 2.5908574950911367e-05 8.5897136473692695e-02 8.5845319326215933e-02 5.1817147476762582e-05
658 3.2104492187500000e-01 4.3017508234509075e-02 4.2991662854759888e-02 2.5845379749186992e-05 4.3017508236813239e-02 4.2991662854759888e-02 2.5845382053350796e-05 8.6035016471322306e-02 8.5983325709519776e-02 5.1690761802530849e-05
659 3.2153320312500000e-01 4.3086315600604601e-02 4.3060533221314812e-02 2.5782379289789048e-05 4.3086315603063065e-02 4.3060533221314812e-02 2.5782381748253036e-05 8.6172631203667666e-02 8.6121066442629624e-02 5.1564761038042084e-05
660 3.2202148437500000e-01 4.3154989881976198e-02 4.3129270310976027e-02 2.5719571000171193e-05 4.3154989884424073e-02 4.3129270310976027e-02 2.5719573448046429e-05 8.6309979766400272e-02 8.6258540621952054e-02 5.1439144448217622e-05
661 3.2250976562500000e-01 4.3223530627914029e-02 4.3197873673181238e-02 2.5656954732791726e-05 4.3223530630314859e-02 4.3197873673181238e-02 2.5656957133621261e-05 8.6447061258228888e-02 8.6395747346362475e-02 5.1313911866412987e-05
662 3.2299804687500000e-01 4.3291937388943047e-02 4.3266342858602556e-02 2.5594530340490584e-05 4.3291937391471795e-02 4.3266342858602556e-02 2.5594532869238629e-05 8.6583874780414849e-02 8.6532685717205113e-02 5.1189063209736152e-05
663 3.2348632812500000e-01 4.3360209716822813e-02 4.3334677419146532e-02 2.5532297676281179e-05 4.3360209719251100e-02 4.3334677419146532e-02 2.5532300104567918e-05 8.6720419436073920e-02 8.6669354838293064e-02 5.1064597780856036e-05
664 3.2397460937500000e-01 4.3428347164547292e-02 4.3402876907954101e-02 2.5470256593190799e-05 4.3428347166999198e-02 4.3402876907954101e-02 2.5470259045097532e-05 8.6856694331546497e-02 8.6805753815908201e-02 5.0940515638295270e-05
665 3.2446289062500000e-01 4.3496349286345194e-02 4.3470940879400649e-02 2.5408406944545103e-05 4.3496349288767368e-02 4.3470940879400649e-02 2.5408409366718676e-05 8.6992698575112562e-02 8.6941881758801298e-02 5.0816816311263779e-05
666 3.2495117187500000e-01 4.3564215637679787e-02 4.3538868889095951e-02 2.5346748583836287e-05 4.3564215640122902e-02 4.3538868889095951e-02 2.5346751026951442e-05 8.7128431277802690e-02 8.7077737778191902e-02 5.0693499610787729e-05
667 3.2543945312500000e-01 4.3631945775249065e-02 4.3606660493884217e-02 2.5285281364847978e-05 4.3631945777686552e-02 4.3606660493884217e-02 2.5285283802335690e-05 8.7263891552935624e-02 8.7213320987768433e-02 5.0570565167190606e-05
668 3.2592773437500000e-01 4.3699539256985512e-02 4.3674315251844072e-02 2.5224005141440131e-05 4.3699539259419093e-02 4.3674315251844072e-02 2.5224007575021246e-05 8.7399078516404605e-02 8.7348630503688143e-02 5.0448012716461377e-05
669 3.2641601562500000e-01 4.3766995642056127e-02 4.3741832722288557e-02 2.5162919767569847e-05 4.3766995644521481e-02 4.3741832722288557e-02 2.5162922232924156e-05 8.7533991286577600e-02 8.7483665444577113e-02 5.0325842000487064e-05
670 3.2690429687500000e-01 4.3834314490862794e-02 4.3809212465765121e-02 2.5102025097673009e-05 4.3834314493360033e-02 4.3809212465765121e-02 2.5102027594911536e-05 8.7668628984222827e-02 8.7618424931530242e-02 5.0204052692584544e-05
671 3.2739257812500000e-01 4.3901495365041704e-02 4.3876454044055643e-02 2.5041320986060600e-05 4.3901495367543612e-02 4.3876454044055643e-02 2.5041323487969003e-05 8.7802990732585323e-02 8.7752908088111287e-02 5.0082644474036542e-05
672 3.2788085937500000e-01 4.3968537827463884e-02 4.3943557020176410e-02 2.4980807287473816e-05 4.3968537829954205e-02 4.3943557020176410e-02 2.4980809777794266e-05 8.7937075657418096e-02 8.7887114040352821e-02 4.9961617065275021e-05
673 3.2836914062500000e-01 4.4035441442234792e-02 4.4010520958378131e-02 2.4920483856660791e-05 4.4035441444735132e-02 4.4010520958378131e-02 2.4920486357001004e-05 8.8070882886969931e-02 8.8021041916756262e-02 4.9840970213668734e-05
674 3.2885742187500000e-01 4.4102205774694689e-02 4.4077345424145938e-02 2.4860350548751298e-05 4.4102205777213965e-02 4.4077345424145938e-02 2.4860353068027752e-05 8.8204411551908654e-02 8.8154690848291875e-02 4.9720703616779049e-05
675 3.2934570312500000e-01 4.4168830391418237e-02 4.4144029984199369e-02 2.4800407218868170e-05 4.4168830393915823e-02 4.4144029984199369e-02 2.4800409716453642e-05 8.8337660785334060e-02 8.8288059968398738e-02 4.9600816935321812e-05
676 3.2983398437500000e-01 4.4235314860214980e-02 4.4210574206492388e-02 2.4740653722592210e-05 4.4235314862759036e-02 4.4210574206492388e-02 2.4740656266647454e-05 8.8470629722974009e-02 8.8421148412984776e-02 4.9481309989232725e-05
677 3.3032226562500000e-01 4.4301658750128876e-02 4.4276977660213365e-02 2.4681089915511156e-05 4.4301658752683548e-02 4.4276977660213365e-02 2.4681092470182908e-05 8.8603317502812418e-02 8.8553955320426730e-02 4.9362182385687126e-05
678 3.3081054687500000e-01 4.4367861631438583e-02 4.4343239915785107e-02 2.4621715653476428e-05 4.4367861634007244e-02 4.4343239915785107e-02 2.4621718222136990e-05 8.8735723265445821e-02 8.8686479831570214e-02 4.9243433875606479e-05
679 3.3129882812500000e-01 4.4433923075657328e-02 4.4409360544864808e-02 2.4562530792519854e-05 4.4433923078213068e-02 4.4409360544864808e-02 2.4562533348260196e-05 8.8867846153870389e-02 8.8818721089729616e-02 4.9125064140773111e-05
680 3.3178710937500000e-01 4.4499842655533098e-02 4.4475339120344119e-02 2.4503535188978576e-05 4.4499842658127169e-02 4.4475339120344119e-02 2.4503537783049367e-05 8.8999685313660259e-02 8.8950678240688238e-02 4.9007072972021004e-05
681 3.3227539062500000e-01 4.4565619945048339e-02 4.4541175216349066e-02 2.4444728699273000e-05 4.4565619947621829e-02 4.4541175216349066e-02 2.4444731272763032e-05 8.9131239892670161e-02 8.9082350432698132e-02 4.8889459972029092e-05
682 3.3276367187500000e-01 4.4631254519420210e-02 4.4606868408240123e-02 2.4386111180087211e-05 4.4631254522016918e-02 4.4606868408240123e-02 2.4386113776794782e-05 8.9262509041437121e-02 8.9213736816480246e-02 4.8772224956875054e-05
683 3.3325195312500000e-01 4.4696745955100550e-02 4.4672418272612174e-02 2.4327682488375912e-05 4.4696745957669058e-02 4.4672418272612174e-02 2.4327685056883819e-05 8.9393491912769601e-02 8.9344836545224349e-02 4.8655367545252792e-05
684 3.3374023437500000e-01 4.4762093829775723e-02 4.4737824387294511e-02 2.4269442481211767e-05 4.4762093832422287e-02 4.4737824387294511e-02 2.4269445127775291e-05 8.9524187662198010e-02 8.9475648774589023e-02 4.8538887608987058e-05
685 3.3422851562500000e-01 4.4827297722366773e-02 4.4803086331350855e-02 2.4211391015917239e-05 4.4827297724993324e-02 4.4803086331350855e-02 2.4211393642468992e-05 8.9654595447360097e-02 8.9606172662701711e-02 4.8422784658386231e-05
686 3.3471679687500000e-01 4.4892357213029387e-02 4.4868203685079329e-02 2.4153527950057652e-05 4.4892357215623881e-02 4.4868203685079329e-02 2.4153530544551716e-05 8.9784714428653267e-02 8.9736407370158658e-02 4.8307058494609367e-05
687 3.3520507812500000e-01 4.4957271883154015e-02 4.4933176030012498e-02 2.4095853141517520e-05 4.4957271885808330e-02 4.4933176030012498e-02 2.4095855795831789e-05 8.9914543768962352e-02 8.9866352060024995e-02 4.8191708937356248e-05
688 3.3569335937500000e-01 4.5022041315365392e-02 4.4998002948917315e-02 2.4038366448077275e-05 4.5022041317999945e-02 4.4998002948917315e-02 2.4038369082629574e-05 9.0044082633365330e-02 8.9996005897834630e-02 4.8076735530699910e-05
689 3.3618164062500000e-01 4.5086665093523215e-02 4.5062684025795170e-02 2.3981067728044703e-05 4.5086665096211065e-02 4.5062684025795170e-02 2.3981070415894645e-05 9.0173330189734280e-02 9.0125368051590340e-02 4.7962138143939348e-05
690 3.3666992187500000e-01 4.5151142802721776e-02 4.5127218845881868e-02 2.3923956839908000e-05 4.5151142805355308e-02 4.5127218845881868e-02 2.3923959473440282e-05 9.0302285608077085e-02 9.0254437691763736e-02 4.7847916313348282e-05
691 3.3715820312500000e-01 4.5215474029289895e-02 4.5191606995647622e-02 2.3867033642273328e-05 4.5215474031905949e-02 4.5191606995647622e-02 2.3867036258326535e-05 9.0430948061195837e-02 9.0383213991295244e-02 4.7734069900592924e-05
692 3.3764648437500000e-01 4.5279658360791099e-02 4.5255848062797074e-02 2.3810297994024399e-05 4.5279658363471330e-02 4.5255848062797074e-02 2.3810300674255436e-05 9.0559316724262429e-02 9.0511696125594149e-02 4.7620598668279834e-05
693 3.3813476562500000e-01 4.5343695386023605e-02 4.5319941636269276e-02 2.3753749754329423e-05 4.5343695388692637e-02 4.5319941636269276e-02 2.3753752423361085e-05 9.0687390774716242e-02 9.0639883272538552e-02 4.7507502177690508e-05
694 3.3862304687500000e-01 4.5407584695020251e-02 4.5383887306237700e-02 2.3697388782550899e-05 4.5407584697678256e-02 4.5383887306237700e-02 2.3697391440556659e-05 9.0815169392698514e-02 9.0767774612475399e-02 4.7394780223114497e-05
695 3.3911132812500000e-01 4.5471325879048445e-02 4.5447684664110227e-02 2.3641214938217858e-05 4.5471325881746752e-02 4.5447684664110227e-02 2.3641217636524714e-05 9.0942651760795190e-02 9.0895369328220454e-02 4.7282432574735633e-05
696 3.3959960937500000e-01 4.5534918530610306e-02 4.5511333302529169e-02 2.3585228081136889e-05 4.5534918533285701e-02 4.5511333302529169e-02 2.3585230756531517e-05 9.1069837063896014e-02 9.1022666605058339e-02 4.7170458837675344e-05
697 3.4008789062500000e-01 4.5598362243442686e-02 4.5574832815371245e-02 2.3529428071440706e-05 4.5598362246159381e-02 4.5574832815371245e-02 2.3529430788135630e-05 9.1196724489602060e-02 9.1149665630742491e-02 4.7058858859569397e-05
698 3.4057617187500000e-01 4.5661656612516997e-02 4.5638182797747603e-02 2.3473814769393864e-05 4.5661656615237203e-02 4.5638182797747603e-02 2.3473817489599869e-05 9.1323313227754194e-02 9.1276365595495207e-02 4.6947632258986793e-05
699 3.4106445312500000e-01 4.5724801234039339e-02 4.5701382846003794e-02 2.3418388035545412e-05 4.5724801236718279e-02 4.5701382846003794e-02 2.3418390714485815e-05 9.1449602470757618e-02 9.1402765692007587e-02 4.6836778750031227e-05
700 3.4155273437500000e-01 4.5787795705450385e-02 4.5764432557719788e-02 2.3363147730597056e-05 4.5787795708192774e-02 4.5764432557719788e-02 2.3363150472986705e-05 9.1575591413643159e-02 9.1528865115439575e-02 4.6726298203583760e-05
701 3.4204101562500000e-01 4.5850639625425717e-02 4.5827331531709981e-02 2.3308093715736222e-05 4.5850639628178771e-02 4.5827331531709981e-02 2.3308096468790951e-05 9.1701279253604495e-02 9.1654663063419961e-02 4.6616190184534112e-05
702 3.4252929687500000e-01 4.5913332593875270e-02 4.5890079368023189e-02 2.3253225852080950e-05 4.5913332596622489e-02 4.5890079368023189e-02 2.3253228599300069e-05 9.1826665190497758e-02 9.1780158736046377e-02 4.6506454451381019e-05
703 3.4301757812500000e-01 4.5975874211943761e-02 4.5952675667942623e-02 2.3198544001137855e-05 4.5975874214720339e-02 4.5952675667942623e-02 2.3198546777715434e-05 9.1951748426664093e-02 9.1905351335885246e-02 4.6397090778846350e-05
704 3.4350585937500000e-01 4.6038264082010616e-02 4.6015120033985939e-02 2.3144048024677233e-05 4.6038264084741404e-02 4.6015120033985939e-02 2.3144050755465051e-05 9.2076528166752020e-02 9.2030240067971877e-02 4.6288098780142284e-05
705 3.4399414062500000e-01 4.6100501807689973e-02 4.6077412069905191e-02 2.3089737784781628e-05 4.6100501810438142e-02 4.6077412069905191e-02 2.3089740532951375e-05 9.2201003618128108e-02 9.2154824139810382e-02 4.6179478317726064e-05
706 3.4448242187500000e-01 4.6162586993830523e-02 4.6139551380686858e-02 2.3035613143665423e-05 4.6162586996592855e-02 4.6139551380686858e-02 2.3035615905997453e-05 9.2325173990423379e-02 9.2279102761373716e-02 4.6071229049662876e-05
707 3.4497070312500000e-01 4.6224519246515612e-02 4.6201537572551840e-02 2.2981673963771987e-05 4.6224519249285133e-02 4.6201537572551840e-02 2.2981676733292711e-05 9.2449038495800745e-02 9.2403075145103680e-02 4.5963350697064698e-05
708 3.4545898437500000e-01 4.6286298173063282e-02 4.6263370252955446e-02 2.2927920107836119e-05 4.6286298175836744e-02 4.6263370252955446e-02 2.2927922881298135e-05 9.2572596348900027e-02 9.2526740505910893e-02 4.5855842989134254e-05
709 3.4594726562500000e-01 4.6347923382026424e-02 4.6325049030587401e-02 2.2874351439022833e-05 4.6347923384798130e-02 4.6325049030587401e-02 2.2874354210729309e-05 9.2695846766824547e-02 9.2650098061174802e-02 4.5748705649745203e-05
710 3.4643554687500000e-01 4.6409394483192389e-02 4.6386573515371864e-02 2.2820967820524896e-05 4.6409394485968841e-02 4.6386573515371864e-02 2.2820970596977574e-05 9.2818788969161237e-02 9.2773147030743727e-02 4.5641938417509409e-05
711 3.4692382812500000e-01 4.6470711087583216e-02 4.6447943318467383e-02 2.2767769115833447e-05 4.6470711090416367e-02 4.6447943318467383e-02 2.2767771948983828e-05 9.2941422177999583e-02 9.2895886636934766e-02 4.5535541064817275e-05
712 3.4741210937500000e-01 4.6531872807455785e-02 4.6509158052266950e-02 2.2714755188835145e-05 4.6531872810256267e-02 4.6509158052266950e-02 2.2714757989317214e-05 9.3063745617712051e-02 9.3018316104533899e-02 4.5429513178152359e-05
713 3.4790039062500000e-01 4.6592879256301400e-02 4.6570217330397970e-02 2.2661925903430524e-05 4.6592879259137188e-02 4.6570217330397970e-02 2.2661928739217685e-05 9.3185758515438588e-02 9.3140434660795940e-02 4.5323854642648209e-05
714 3.4838867187500000e-01 4.6653730048846390e-02 4.6631120767722238e-02 2.2609281124151559e-05 4.6653730051710904e-02 4.6631120767722238e-02 2.2609283988665740e-05 9.3307460100557293e-02 9.3262241535444476e-02 4.5218565112817299e-05
715 3.4887695312500000e-01 4.6714424801051375e-02 4.6691867980336012e-02 2.2556820715363690e-05 4.6714424803843260e-02 4.6691867980336012e-02 2.2556823507248469e-05 9.3428849604894643e-02 9.3383735960672024e-02 4.5113644222619098e-05
716 3.4936523437500000e-01 4.6774963130111931e-02 4.6752458585569923e-02 2.2504544542008287e-05 4.6774963132950272e-02 4.6752458585569923e-02 2.2504547380348960e-05 9.3549926263062202e-02 9.3504917171139845e-02 4.5009091922357247e-05
717 3.4985351562500000e-01 4.6835344654458239e-02 4.6812892201989045e-02 2.2452452469193251e-05 4.6835344657318811e-02 4.6812892201989045e-02 2.2452455329766141e-05 9.3670689311777050e-02 9.3625784403978091e-02 4.4904907798959393e-05
718 3.5034179687500000e-01 4.6895568993755181e-02 4.6873168449392870e-02 2.2400544362310981e-05 4.6895568996612715e-02 4.6873168449392870e-02 2.2400547219844635e-05 9.3791137990367895e-02 9.3746336898785740e-02 4.4801091582155617e-05
719 3.5083007812500000e-01 4.6955635768902292e-02 4.6933286948815295e-02 2.2348820086996735e-05 4.6955635771759041e-02 4.6933286948815295e-02 2.2348822943746294e-05 9.3911271540661340e-02 9.3866573897630590e-02 4.4697643030749967e-05
720 3.5131835937500000e-01 4.7015544602033846e-02 4.6993247322524634e-02 2.2297279509211898e-05 4.7015544604896438e-02 4.6993247322524634e-02 2.2297282371804006e-05 9.4031089206930291e-02 9.3986494645049268e-02 4.4594561881022843e-05
721 3.5180664062500000e-01 4.7075295116518687e-02 4.7053049194023630e-02 2.2245922495056636e-05 4.7075295119392555e-02 4.7053049194023630e-02 2.2245925368924446e-05 9.4150590235911241e-02 9.4106098388047260e-02 4.4491847863981082e-05
722 3.5229492187500000e-01 4.7134886936960586e-02 4.7112692188049435e-02 2.2194748911151529e-05 4.7134886939806615e-02 4.7112692188049435e-02 2.2194751757180498e-05 9.4269773876767202e-02 9.4225384376098870e-02 4.4389500668332027e-05
723 3.5278320312500000e-01 4.7194319689197690e-02 4.7172175930573622e-02 2.2143758624068588e-05 4.7194319692084222e-02 4.7172175930573622e-02 2.2143761510599880e-05 9.4388639381281919e-02 9.4344351861147244e-02 4.4287520134675407e-05
724 3.5327148437500000e-01 4.7253593000303212e-02 4.7231500048802180e-02 2.2092951501032077e-05 4.7253593003190285e-02 4.7231500048802180e-02 2.2092954388104602e-05 9.4507186003493504e-02 9.4463000097604360e-02 4.4185905889143617e-05
725 3.5375976562500000e-01 4.7312706498584711e-02 4.7290664171175514e-02 2.2042327409196871e-05 4.7312706501514805e-02 4.7290664171175514e-02 2.2042330339290539e-05 9.4625413000099523e-02 9.4581328342351029e-02 4.4084657748494349e-05
726 3.5424804687500000e-01 4.7371659813584703e-02 4.7349667927368444e-02 2.1991886216259082e-05 4.7371659816479152e-02 4.7349667927368444e-02 2.1991889110707652e-05 9.4743319630063855e-02 9.4699335854736888e-02 4.3983775326966734e-05
727 3.5473632812500000e-01 4.7430452576080182e-02 4.7408510948290211e-02 2.1941627789970330e-05 4.7430452579016853e-02 4.7408510948290211e-02 2.1941630726642070e-05 9.4860905155097042e-02 9.4817021896580422e-02 4.3883258516619339e-05
728 3.5522460937500000e-01 4.7489084418082993e-02 4.7467192866084480e-02 2.1891551998512448e-05 4.7489084420990355e-02 4.7467192866084480e-02 2.1891554905874300e-05 9.4978168839073340e-02 9.4934385732168960e-02 4.3783106904379809e-05
729 3.5571289062500000e-01 4.7547554972839703e-02 4.7525713314129317e-02 2.1841658710386458e-05 4.7547554975777069e-02 4.7525713314129317e-02 2.1841661647752086e-05 9.5095109948616779e-02 9.5051426628258634e-02 4.3683320358145483e-05
730 3.5620117187500000e-01 4.7605863874831553e-02 4.7584071927037216e-02 2.1791947794336242e-05 4.7605863877743876e-02 4.7584071927037216e-02 2.1791950706659402e-05 9.5211727752575429e-02 9.5168143854074433e-02 4.3583898500995644e-05
731 3.5668945312500000e-01 4.7664010759774472e-02 4.7642268340655089e-02 2.1742419119383238e-05 4.7664010762713517e-02 4.7642268340655089e-02 2.1742422058428079e-05 9.5328021522487982e-02 9.5284536681310178e-02 4.3484841177804379e-05
732 3.5717773437500000e-01 4.7721995264619038e-02 4.7700302192064260e-02 2.1693072554777870e-05 4.7721995267585908e-02 4.7700302192064260e-02 2.1693075521647676e-05 9.5443990532204953e-02 9.5400604384128521e-02 4.3386148076432485e-05
733 3.5766601562500000e-01 4.7779817027550638e-02 4.7758173119580478e-02 2.1643907970159137e-05 4.7779817030502568e-02 4.7758173119580478e-02 2.1643910922089504e-05 9.5559634058053206e-02 9.5516346239160957e-02 4.3287818892248642e-05
734 3.5815429687500000e-01 4.7837475687989295e-02 4.7815880762753893e-02 2.1594925235401963e-05 4.7837475690927708e-02 4.7815880762753893e-02 2.1594928173815364e-05 9.5674951378917003e-02 9.5631761525507786e-02 4.3189853409217327e-05
735 3.5864257812500000e-01 4.7894970886589845e-02 4.7873424762369096e-02 2.1546124220749030e-05 4.7894970889532582e-02 4.7873424762369096e-02 2.1546127163485362e-05 9.5789941776122434e-02 9.5746849524738192e-02 4.3092251384241331e-05
736 3.5913085937500000e-01 4.7952302265241685e-02 4.7930804760445075e-02 2.1497504796609557e-05 4.7952302268207340e-02 4.7930804760445075e-02 2.1497507762265056e-05 9.5904604533449025e-02 9.5861609520890151e-02 4.2995012558874612e-05
737 3.5961914062500000e-01 4.8009469467068945e-02 4.7988020400235247e-02 2.1449066833698072e-05 4.8009469470057554e-02 4.7988020400235247e-02 2.1449069822307432e-05 9.6018938937126500e-02 9.5976040800470494e-02 4.2898136656005503e-05
738 3.6010742187500000e-01 4.8066472136430720e-02 4.8045071326227436e-02 2.1400810203284215e-05 4.8066472139396015e-02 4.8045071326227436e-02 2.1400813168578892e-05 9.6132944275826734e-02 9.6090142652454871e-02 4.2801623371863107e-05
739 3.6059570312500000e-01 4.8123309918920533e-02 4.8101957184143895e-02 2.1352734776637627e-05 4.8123309921886591e-02 4.8101957184143895e-02 2.1352737742695582e-05 9.6246619840807124e-02 9.6203914368287791e-02 4.2705472519333210e-05
740 3.6108398437500000e-01 4.8179982461366809e-02 4.8158677620941288e-02 2.1304840425520610e-05 4.8179982464398322e-02 4.8158677620941288e-02 2.1304843457033151e-05 9.6359964925765124e-02 9.6317355241882577e-02 4.2609683882546823e-05
741 3.6157226562500000e-01 4.8236489411832541e-02 4.8215232284810700e-02 2.1257127021841182e-05 4.8236489414846082e-02 4.8215232284810700e-02 2.1257130035381988e-05 9.6472978826678629e-02 9.6430464569621399e-02 4.2514257057230109e-05
742 3.6206054687500000e-01 4.8292830419615546e-02 4.8271620825177622e-02 2.1209594437923696e-05 4.8292830422620385e-02 4.8271620825177622e-02 2.1209597442763128e-05 9.6585660842235938e-02 9.6543241650355244e-02 4.2419191880693763e-05
743 3.6254882812500000e-01 4.8349005135248396e-02 4.8327842892701971e-02 2.1162242546425569e-05 4.8349005138256601e-02 4.8327842892701971e-02 2.1162245554630366e-05 9.6698010273504997e-02 9.6655685785403941e-02 4.2324488101055935e-05
744 3.6303710937500000e-01 4.8405013210498248e-02 4.8383898139278091e-02 2.1115071220156878e-05 4.8405013213522682e-02 4.8383898139278091e-02 2.1115074244591747e-05 9.6810026424020923e-02 9.6767796278556181e-02 4.2230145464741686e-05
745 3.6352539062500000e-01 4.8460854298367093e-02 4.8439786218034721e-02 2.1068080332371786e-05 4.8460854301392624e-02 4.8439786218034721e-02 2.1068083357903000e-05 9.6921708599759709e-02 9.6879572436069442e-02 4.2136163690267847e-05
746 3.6401367187500000e-01 4.8516528053091673e-02 4.8495506783335036e-02 2.1021269756636707e-05 4.8516528056129590e-02 4.8495506783335036e-02 2.1021272794553847e-05 9.7033056109221263e-02 9.6991013566670073e-02 4.2042542551190554e-05
747 3.6450195312500000e-01 4.8572034130143389e-02 4.8551059490776614e-02 2.0974639366774794e-05 4.8572034133202671e-02 4.8551059490776614e-02 2.0974642426056789e-05 9.7144068263346067e-02 9.7102118981553229e-02 4.1949281792838522e-05
748 3.6499023437500000e-01 4.8627372186228403e-02 4.8606443997191474e-02 2.0928189036928391e-05 4.8627372189295380e-02 4.8606443997191474e-02 2.0928192103905618e-05 9.7254744375523783e-02 9.7212887994382949e-02 4.1856381140834009e-05
749 3.6547851562500000e-01 4.8682541879287569e-02 4.8661659960646017e-02 2.0881918641552089e-05 4.8682541882361957e-02 4.8661659960646017e-02 2.0881921715940055e-05 9.7365083761649526e-02 9.7323319921292034e-02 4.1763840357492144e-05
750 3.6596679687500000e-01 4.8737542868496561e-02 4.8716707040441093e-02 2.0835828055468242e-05 4.8737542871542527e-02 4.8716707040441093e-02 2.0835831101434499e-05 9.7475085740039089e-02 9.7433414080882186e-02 4.1671659156902741e-05
751 3.6645507812500000e-01 4.8792374814265710e-02 4.8771584897111947e-02 2.0789917153762882e-05 4.8792374817325811e-02 4.8771584897111947e-02 2.0789920213863666e-05 9.7584749631591527e-02 9.7543169794223894e-02 4.1579837367633488e-05
752 3.6694335937500000e-01 4.8847037378240137e-02 4.8826293192428261e-02 2.0744185811875926e-05 4.8847037381271101e-02 4.8826293192428261e-02 2.0744188842840294e-05 9.7694074759511237e-02 9.7652586384856521e-02 4.1488374654716220e-05
753 3.6743164062500000e-01 4.8901530223299648e-02 4.8880831589394116e-02 2.0698633905531783e-05 4.8901530226350853e-02 4.8880831589394116e-02 2.0698636956736904e-05 9.7803060449650508e-02 9.7761663178788233e-02 4.1397270862275626e-05
754 3.6791992187500000e-01 4.8955853013558773e-02 4.8935199752248026e-02 2.0653261310746296e-05 4.8955853016672851e-02 4.8935199752248026e-02 2.0653264424824735e-05 9.7911706030231624e-02 9.7870399504496053e-02 4.1306525735571031e-05
755 3.6840820312500000e-01 4.9010005414366981e-02 4.8989397346462904e-02 2.0608067904076544e-05 4.9010005417469443e-02 4.8989397346462904e-02 2.0608071006539275e-05 9.8020010831836424e-02 9.7978794692925808e-02 4.1216138910615818e-05
756 3.6889648437500000e-01 4.9063987092308206e-02 4.9043424038746099e-02 2.0563053562107358e-05 4.9063987095413632e-02 4.9043424038746099e-02 2.0563056667532997e-05 9.8127974187721845e-02 9.8086848077492197e-02 4.1126110229647295e-05
757 3.6938476562500000e-01 4.9117797715201306e-02 4.9097279497039362e-02 2.0518218161943991e-05 4.9117797718288933e-02 4.9097279497039362e-02 2.0518221249571367e-05 9.8235595433490239e-02 9.8194558994078723e-02 4.1036439411515357e-05
758 3.6987304687500000e-01 4.9171436952099724e-02 4.9150963390518873e-02 2.0473561580851285e-05 4.9171436955210347e-02 4.9150963390518873e-02 2.0473564691474155e-05 9.8342873907310072e-02 9.8301926781037746e-02 4.0947126272325440e-05
759 3.7036132812500000e-01 4.9224904473291788e-02 4.9204475389595229e-02 2.0429083696558992e-05 4.9224904476417648e-02 4.9204475389595229e-02 2.0429086822419673e-05 9.8449808949709436e-02 9.8408950779190457e-02 4.0858170518978665e-05
760 3.7084960937500000e-01 4.9278199950300576e-02 4.9257815165913432e-02 2.0384784387143806e-05 4.9278199953433077e-02 4.9257815165913432e-02 2.0384787519645009e-05 9.8556399903733660e-02 9.8515630331826864e-02 4.0769571906795754e-05
761 3.7133789062500000e-01 4.9331323055883898e-02 4.9310982392352910e-02 2.0340663530987735e-05 4.9331323059035558e-02 4.9310982392352910e-02 2.0340666682647224e-05 9.8662646114919456e-02 9.8621964784705821e-02 4.0681330213634959e-05
762 3.7182617187500000e-01 4.9384273464034269e-02 4.9363976743027511e-02 2.0296721006757279e-05 4.9384273467160379e-02 4.9363976743027511e-02 2.0296724132867761e-05 9.8768546931194648e-02 9.8727953486055023e-02 4.0593445139625040e-05
763 3.7231445312500000e-01 4.9437050849978979e-02 4.9416797893285493e-02 2.0252956693486701e-05 4.9437050853115685e-02 4.9416797893285493e-02 2.0252959830192874e-05 9.8874101703094658e-02 9.8833595786570985e-02 4.0505916523672636e-05
764 3.7280273437500000e-01 4.9489654890180063e-02 4.9469445519709540e-02 2.0209370470522514e-05 4.9489654893301829e-02 4.9469445519709540e-02 2.0209373592289248e-05 9.8979309783481892e-02 9.8938891039419080e-02 4.0418744062811762e-05
765 3.7329101562500000e-01 4.9542085262334334e-02 4.9521919300116742e-02 2.0165962217592870e-05 4.9542085265448149e-02 4.9521919300116742e-02 2.0165965331407631e-05 9.9084170527782484e-02 9.9043838600233483e-02 4.0331927549000501e-05
766 3.7377929687500000e-01 4.9594341645373248e-02 4.9574218913558614e-02 2.0122731814634087e-05 4.9594341648522257e-02 4.9574218913558614e-02 2.0122734963642919e-05 9.9188683293895505e-02 9.9148437827117228e-02 4.0245466778277006e-05
767 3.7426757812500000e-01 4.9646423719463352e-02 4.9626344040321090e-02 2.0079679142262497e-05 4.9646423722620243e-02 4.9626344040321090e-02 2.0079682299153911e-05 9.9292847442083595e-02 9.9252688080642179e-02 4.0159361441416408e-05
768 3.7475585937500000e-01 4.9698331166005465e-02 4.9678294361924509e-02 2.0036804080955650e-05 4.9698331169145051e-02 4.9678294361924509e-02 2.0036807220541464e-05 9.9396662335150515e-02 9.9356588723849018e-02 4.0073611301497114e-05
769 3.7524414062500000e-01 4.9750063667635520e-02 4.9730069561123649e-02 1.9994106511871113e-05 4.9750063670806977e-02 4.9730069561123649e-02 1.9994109683327266e-05 9.9500127338442490e-02 9.9460139122247299e-02 3.9988216195191439e-05
770 3.7573242187500000e-01 4.9801620908224181e-02 4.9781669321907682e-02 1.9951586316499514e-05 4.9801620911390898e-02 4.9781669321907682e-02 1.9951589483216403e-05 9.9603241819615079e-02 9.9563338643815363e-02 3.9903175799715918e-05
771 3.7622070312500000e-01 4.9853002572876767e-02 4.9833093329500207e-02 1.9909243376560470e-05 4.9853002576063538e-02 4.9833093329500207e-02 1.9909246563330762e-05 9.9706005148940305e-02 9.9666186659000414e-02 3.9818489939891233e-05
772 3.7670898437500000e-01 4.9904208347933320e-02 4.9884341270359255e-02 1.9867077574065029e-05 4.9904208351106642e-02 4.9884341270359255e-02 1.9867080747387744e-05 9.9808416699039962e-02 9.9768682540718509e-02 3.9734158321452773e-05
773 3.7719726562500000e-01 4.9955237920968697e-02 4.9935412832177242e-02 1.9825088791454448e-05 4.9955237924178456e-02 4.9935412832177242e-02 1.9825092001213296e-05 9.9910475845147145e-02 9.9870825664354484e-02 3.9650180792660805e-05
774 3.7768554687500000e-01 5.0006090980792679e-02 4.9986307703881031e-02 1.9783276911648773e-05 5.0006090983987145e-02 4.9986307703881031e-02 1.9783280106114298e-05 1.0001218196477982e-01 9.9972615407762061e-02 3.9566557017756132e-05
775 3.7817382812500000e-01 5.0056767217449664e-02 5.0037025575631888e-02 1.9741641817776212e-05 5.0056767220647710e-02 5.0037025575631888e-02 1.9741645015822207e-05 1.0011353443809737e-01 1.0007405115126378e-01 3.9483286833591480e-05
776 3.7866210937500000e-01 5.0107266322218832e-02 5.0087566138825493e-02 1.9700183393339676e-05 5.0107266325397512e-02 5.0087566138825493e-02 1.9700186572019218e-05 1.0021453264761634e-01 1.0017513227765099e-01 3.9400369965358895e-05
777 3.7915039062500000e-01 5.0157587987614084e-02 5.0137929086091958e-02 1.9658901522126571e-05 5.0157587990847727e-02 5.0137929086091958e-02 1.9658904755769091e-05 1.0031517597846182e-01 1.0027585817218392e-01 3.9317806277902601e-05
778 3.7963867187500000e-01 5.0207731907384166e-02 5.0188114111295798e-02 1.9617796088368389e-05 5.0207731910616102e-02 5.0188114111295798e-02 1.9617799320303941e-05 1.0041546381800026e-01 1.0037622822259160e-01 3.9235595408665391e-05
779 3.8012695312500000e-01 5.0257697776512594e-02 5.0238120909535951e-02 1.9576866976643570e-05 5.0257697779742982e-02 5.0238120909535951e-02 1.9576870207031749e-05 1.0051539555625558e-01 1.0047624181907190e-01 3.9153737183675319e-05
780 3.8061523437500000e-01 5.0307485291217667e-02 5.0287949177145776e-02 1.9536114071891375e-05 5.0307485294460295e-02 5.0287949177145776e-02 1.9536117314519763e-05 1.0061497058567796e-01 1.0057589835429155e-01 3.9072231386411138e-05
781 3.8110351562500000e-01 5.0357094148952446e-02 5.0337598611693041e-02 1.9495537259404949e-05 5.0357094152215079e-02 5.0337598611693041e-02 1.9495540522038168e-05 1.0071418830116752e-01 1.0067519722338608e-01 3.8991077781436179e-05
782 3.8159179687500000e-01 5.0406524048404684e-02 5.0387068911979936e-02 1.9455136424748054e-05 5.0406524051661752e-02 5.0387068911979936e-02 1.9455139681816280e-05 1.0081304810006644e-01 1.0077413782395987e-01 3.8910276106571273e-05
783 3.8208007812500000e-01 5.0455774689497135e-02 5.0436359778043068e-02 1.9414911454067318e-05 5.0455774692749013e-02 5.0436359778043068e-02 1.9414914705945252e-05 1.0091154938224614e-01 1.0087271955608614e-01 3.8829826160005632e-05
784 3.8256835937500000e-01 5.0504845773387055e-02 5.0485470911153463e-02 1.9374862233592638e-05 5.0504845776662505e-02 5.0485470911153463e-02 1.9374865509041994e-05 1.0100969155004956e-01 1.0097094182230693e-01 3.8749727742634632e-05
785 3.8305664062500000e-01 5.0553737002466702e-02 5.0534402013816558e-02 1.9334988650143714e-05 5.0553737005739119e-02 5.0534402013816558e-02 1.9334991922560774e-05 1.0110747400820583e-01 1.0106880402763312e-01 3.8669980572711427e-05
786 3.8354492187500000e-01 5.0602448080363002e-02 5.0583152789772212e-02 1.9295290590790048e-05 5.0602448083604402e-02 5.0583152789772212e-02 1.9295293832190252e-05 1.0120489616396741e-01 1.0116630557954442e-01 3.8590584422987240e-05
787 3.8403320312500000e-01 5.0650978711937703e-02 5.0631722943994706e-02 1.9255767942996660e-05 5.0650978715192564e-02 5.0631722943994706e-02 1.9255771197858318e-05 1.0130195742713027e-01 1.0126344588798941e-01 3.8511539140861917e-05
788 3.8452148437500000e-01 5.0699328603287248e-02 5.0680112182692728e-02 1.9216420594520001e-05 5.0699328606588406e-02 5.0680112182692728e-02 1.9216423895677959e-05 1.0139865720987565e-01 1.0136022436538546e-01 3.8432844490191020e-05
789 3.8500976562500000e-01 5.0747497461742980e-02 5.0728320213309391e-02 1.9177248433588368e-05 5.0747497464989792e-02 5.0728320213309391e-02 1.9177251680400909e-05 1.0149499492673278e-01 1.0145664042661878e-01 3.8354500113996215e-05
790 3.8549804687500000e-01 5.0795484995871013e-02 5.0776346744522222e-02 1.9138251348790880e-05 5.0795484999175133e-02 5.0776346744522222e-02 1.9138254652911746e-05 1.0159096999504615e-01 1.0155269348904444e-01 3.8276506001702626e-05
791 3.8598632812500000e-01 5.0843290915472281e-02 5.0824191486243162e-02 1.9099429229119114e-05 5.0843290918794734e-02 5.0824191486243162e-02 1.9099432551572537e-05 1.0168658183426701e-01 1.0164838297248632e-01 3.8198861780691651e-05
792 3.8647460937500000e-01 5.0890914931582341e-02 5.0871854149618576e-02 1.9060781963765872e-05 5.0890914934831201e-02 5.0871854149618576e-02 1.9060785212625386e-05 1.0178182986641354e-01 1.0174370829923715e-01 3.8121567176391258e-05
793 3.8696289062500000e-01 5.0938356756471799e-02 5.0919334447029244e-02 1.9022309442555396e-05 5.0938356759783934e-02 5.0919334447029244e-02 1.9022312754690684e-05 1.0187671351625574e-01 1.0183866889405849e-01 3.8044622197253020e-05
794 3.8745117187500000e-01 5.0985616103645895e-02 5.0966632092090361e-02 1.8984011555533975e-05 5.0985616106937248e-02 5.0966632092090361e-02 1.8984014846887276e-05 1.0197123221058314e-01 1.0193326418418072e-01 3.7968026402421251e-05
795 3.8793945312500000e-01 5.1032692687844564e-02 5.1013746799651538e-02 1.8945888193025451e-05 5.1032692691100272e-02 5.1013746799651538e-02 1.8945891448733654e-05 1.0206538537894483e-01 1.0202749359930308e-01 3.7891779641752166e-05
796 3.8842773437500000e-01 5.1079586225042745e-02 5.1060678285796815e-02 1.8907939245929595e-05 5.1079586228368494e-02 5.1060678285796815e-02 1.8907942571678993e-05 1.0215917245341125e-01 1.0212135657159363e-01 3.7815881817615526e-05
797 3.8891601562500000e-01 5.1126296432450091e-02 5.1107426267844633e-02 1.8870164605458428e-05 5.1126296435765384e-02 5.1107426267844633e-02 1.8870167920750913e-05 1.0225259286821547e-01 1.0221485253568927e-01 3.7740332526209341e-05
798 3.8940429687500000e-01 5.1172823028510971e-02 5.1153990464347855e-02 1.8832564163115406e-05 5.1172823031827033e-02 5.1153990464347855e-02 1.8832567479178108e-05 1.0234564606033800e-01 1.0230798092869571e-01 3.7665131642286576e-05
799 3.8989257812500000e-01 5.1219165732904588e-02 5.1200370595093768e-02 1.8795137810820317e-05 5.1219165736212685e-02 5.1200370595093768e-02 1.8795141118917169e-05 1.0243833146911727e-01 1.0240074119018754e-01 3.7590278929730547e-05
800 3.9038085937500000e-01 5.1265324266545079e-02 5.1246566381104079e-02 1.8757885440999489e-05 5.1265324269856277e-02 5.1246566381104079e-02 1.8757888752198026e-05 1.0253064853640136e-01 1.0249313276220816e-01 3.7515774193197515e-05
801 3.9086914062500000e-01 5.1311298351581228e-02 5.1292577544634892e-02 1.8720806946335988e-05 5.1311298354873476e-02 5.1292577544634892e-02 1.8720810238584407e-05 1.0262259670645471e-01 1.0258515508926978e-01 3.7441617184927334e-05
802 3.9135742187500000e-01 5.1357087711396653e-02 5.1338403809176751e-02 1.8683902219901460e-05 5.1357087714772112e-02 5.1338403809176751e-02 1.8683905595361094e-05 1.0271417542616876e-01 1.0267680761835350e-01 3.7367807815255616e-05
803 3.9184570312500000e-01 5.1402692070609844e-02 5.1384044899454598e-02 1.8647171155246334e-05 5.1402692074025175e-02 5.1384044899454598e-02 1.8647174570576852e-05 1.0280538414463503e-01 1.0276808979890920e-01 3.7294345725830125e-05
804 3.9233398437500000e-01 5.1448111155074014e-02 5.1429500541427815e-02 1.8610613646198593e-05 5.1448111158419137e-02 5.1429500541427815e-02 1.8610616991321383e-05 1.0289622231349316e-01 1.0285900108285563e-01 3.7221230637526914e-05
805 3.9282226562500000e-01 5.1493344691877156e-02 5.1474770462290181e-02 1.8574229586974800e-05 5.1493344695199041e-02 5.1474770462290181e-02 1.8574232908859234e-05 1.0298668938707620e-01 1.0294954092458036e-01 3.7148462495834034e-05
806 3.9331054687500000e-01 5.1538392409342326e-02 5.1519854390469903e-02 1.8538018872422957e-05 5.1538392412716252e-02 5.1519854390469903e-02 1.8538022246349095e-05 1.0307678482205858e-01 1.0303970878093981e-01 3.7076041118772052e-05
807 3.9379882812500000e-01 5.1583254037027043e-02 5.1564752055629597e-02 1.8501981397446576e-05 5.1583254040330422e-02 5.1564752055629597e-02 1.8501984700824980e-05 1.0316650807735747e-01 1.0312950411125919e-01 3.7003966098278496e-05
808 3.9428710937500000e-01 5.1627929305723838e-02 5.1609463188666299e-02 1.8466117057538978e-05 5.1627929309070487e-02 5.1609463188666299e-02 1.8466120404188324e-05 1.0325585861479433e-01 1.0321892637733260e-01 3.6932237461734241e-05
809 3.9477539062500000e-01 5.1672417947459928e-02 5.1653987521711471e-02 1.8430425748457158e-05 5.1672417950822155e-02 5.1653987521711471e-02 1.8430429110684321e-05 1.0334483589828208e-01 1.0330797504342294e-01 3.6860854859141479e-05
810 3.9526367187500000e-01 5.1716719695497425e-02 5.1698324788130981e-02 1.8394907366443836e-05 5.1716719698918216e-02 5.1698324788130981e-02 1.8394910787235264e-05 1.0343343939441564e-01 1.0339664957626196e-01 3.6789818153679099e-05
811 3.9575195312500000e-01 5.1760834284333326e-02 5.1742474722525127e-02 1.8359561808199698e-05 5.1760834287716495e-02 5.1742474722525127e-02 1.8359565191368443e-05 1.0352166857204982e-01 1.0348494944505025e-01 3.6719126999568141e-05
812 3.9624023437500000e-01 5.1804761449699317e-02 5.1786437060728607e-02 1.8324388970709926e-05 5.1804761453071467e-02 5.1786437060728607e-02 1.8324392342859708e-05 1.0360952290277078e-01 1.0357287412145721e-01 3.6648781313569634e-05
813 3.9672851562500000e-01 5.1848500928561934e-02 5.1830211539810551e-02 1.8289388751382973e-05 5.1848500931996097e-02 5.1830211539810551e-02 1.8289392185545650e-05 1.0369700186055802e-01 1.0366042307962110e-01 3.6578780936921684e-05
814 3.9721679687500000e-01 5.1892052459122429e-02 5.1873797898074496e-02 1.8254561047932605e-05 5.1892052462533589e-02 5.1873797898074496e-02 1.8254564459092848e-05 1.0378410492165602e-01 1.0374759579614899e-01 3.6509125507025453e-05
815 3.9770507812500000e-01 5.1935415780817076e-02 5.1917195875058400e-02 1.8219905758676269e-05 5.1935415784251503e-02 5.1917195875058400e-02 1.8219909193102624e-05 1.0387083156506857e-01 1.0383439175011680e-01 3.6439814951771954e-05
816 3.9819335937500000e-01 5.1978590634316792e-02 5.1960405211534645e-02 1.8185422782146521e-05 5.1978590637749962e-02 5.1960405211534645e-02 1.8185426215316935e-05 1.0395718127206675e-01 1.0392081042306929e-01 3.6370848997463456e-05
817 3.9868164062500000e-01 5.2021576761527466e-02 5.2003425649510021e-02 1.8151112017444904e-05 5.2021576764947827e-02 5.2003425649510021e-02 1.8151115437806120e-05 1.0404315352647529e-01 1.0400685129902004e-01 3.6302227455251024e-05
818 3.9916992187500000e-01 5.2064373905589711e-02 5.2046256932225740e-02 1.8116973363971334e-05 5.2064373908989409e-02 5.2046256932225740e-02 1.8116976763668524e-05 1.0412874781457912e-01 1.0409251386445148e-01 3.6233950127639858e-05
819 3.9965820312500000e-01 5.2106981810878972e-02 5.2088898804157430e-02 1.8083006721542061e-05 5.2106981814321295e-02 5.2088898804157430e-02 1.8083010163864877e-05 1.0421396362520027e-01 1.0417779760831486e-01 3.6166016885413876e-05
820 4.0014648437500000e-01 5.2149400223005460e-02 5.2131351011015140e-02 1.8049211990320280e-05 5.2149400226422733e-02 5.2131351011015140e-02 1.8049215407593688e-05 1.0429880044942819e-01 1.0426270202203028e-01 3.6098427397907029e-05
821 4.0063476562500000e-01 5.2191628888814470e-02 5.2173613299743321e-02 1.8015589071149196e-05 5.2191628892270449e-02 5.2173613299743321e-02 1.8015592527127755e-05 1.0438325778108493e-01 1.0434722659948664e-01 3.6031181598283890e-05
822 4.0112304687500000e-01 5.2233667556385706e-02 5.2215685418520855e-02 1.7982137864851200e-05 5.2233667559832844e-02 5.2215685418520855e-02 1.7982141311989608e-05 1.0446733511621856e-01 1.0443137083704171e-01 3.5964279176847747e-05
823 4.0161132812500000e-01 5.2275515975034034e-02 5.2257567116761050e-02 1.7948858272984203e-05 5.2275515978529731e-02 5.2257567116761050e-02 1.7948861768680990e-05 1.0455103195356377e-01 1.0451513423352210e-01 3.5897720041672132e-05
824 4.0209960937500000e-01 5.2317173895309009e-02 5.2299258145111611e-02 1.7915750197397551e-05 5.2317173898780538e-02 5.2299258145111611e-02 1.7915753668926171e-05 1.0463434779408955e-01 1.0459851629022322e-01 3.5831503866323722e-05
825 4.0258789062500000e-01 5.2358641068994988e-02 5.2340758255454679e-02 1.7882813540308351e-05 5.2358641072399868e-02 5.2340758255454679e-02 1.7882816945188895e-05 1.0471728214139486e-01 1.0468151651090936e-01 3.5765630485504185e-05
826 4.0307617187500000e-01 5.2399917249111277e-02 5.2382067200906789e-02 1.7850048204488822e-05 5.2399917252551199e-02 5.2382067200906789e-02 1.7850051644410780e-05 1.0479983450166247e-01 1.0476413440181358e-01 3.5700099848892664e-05
827 4.0356445312500000e-01 5.2441002189911962e-02 5.2423184735818910e-02 1.7817454093051188e-05 5.2441002193380770e-02 5.2423184735818910e-02 1.7817457561859762e-05 1.0488200438329273e-01 1.0484636947163782e-01 3.5634911654910950e-05
828 4.0405273437500000e-01 5.2481895646885858e-02 5.2464110615776438e-02 1.7785031109419924e-05 5.2481895650365804e-02 5.2464110615776438e-02 1.7785034589365423e-05 1.0496379129725167e-01 1.0492822123155288e-01 3.5570065698792286e-05
829 4.0454101562500000e-01 5.2522597376756658e-02 5.2504844597599160e-02 1.7752779157498288e-05 5.2522597380195220e-02 5.2504844597599160e-02 1.7752782596060224e-05 1.0504519475695187e-01 1.0500968919519832e-01 3.5505561753551573e-05
830 4.0502929687500000e-01 5.2563107137483037e-02 5.2545386439341299e-02 1.7720698141737712e-05 5.2563107140948355e-02 5.2545386439341299e-02 1.7720701607056022e-05 1.0512621427843138e-01 1.0509077287868260e-01 3.5441399748786795e-05
831 4.0551757812500000e-01 5.2603424688258384e-02 5.2585735900291482e-02 1.7688787966901875e-05 5.2603424691715070e-02 5.2585735900291482e-02 1.7688791423588202e-05 1.0520684937997346e-01 1.0517147180058296e-01 3.5377579390497016e-05
832 4.0600585937500000e-01 5.2643549789510830e-02 5.2625892740972777e-02 1.7657048538052833e-05 5.2643549793002127e-02 5.2625892740972777e-02 1.7657052029350362e-05 1.0528709958251295e-01 1.0525178548194555e-01 3.5314100567396256e-05
833 4.0649414062500000e-01 5.2683482202903517e-02 5.2665856723142640e-02 1.7625479760877139e-05 5.2683482206382311e-02 5.2665856723142640e-02 1.7625483239670781e-05 1.0536696440928583e-01 1.0533171344628528e-01 3.5250963000554858e-05
834 4.0698242187500000e-01 5.2723221691334331e-02 5.2705627609792964e-02 1.7594081541366657e-05 5.2723221694812993e-02 5.2705627609792964e-02 1.7594085020028460e-05 1.0544644338614732e-01 1.0541125521958593e-01 3.5188166561395118e-05
835 4.0747070312500000e-01 5.2762768018936014e-02 5.2745205165150050e-02 1.7562853785964283e-05 5.2762768022436499e-02 5.2745205165150050e-02 1.7562857286448907e-05 1.0552553604137252e-01 1.0549041033030010e-01 3.5125711072420129e-05
836 4.0795898437500000e-01 5.2802120951076253e-02 5.2784589154674627e-02 1.7531796401626387e-05 5.2802120954543445e-02 5.2784589154674627e-02 1.7531799868818199e-05 1.0560424190561971e-01 1.0556917830934925e-01 3.5063596270451525e-05
837 4.0844726562500000e-01 5.2841280254357331e-02 5.2823779345061821e-02 1.7500909295510569e-05 5.2841280257853854e-02 5.2823779345061821e-02 1.7500912792033085e-05 1.0568256051221118e-01 1.0564755869012364e-01 3.5001822087543655e-05
838 4.0893554687500000e-01 5.2880245696616646e-02 5.2862775504241191e-02 1.7470192375454441e-05 5.2880245700099818e-02 5.2862775504241191e-02 1.7470195858626525e-05 1.0576049139671646e-01 1.0572555100848238e-01 3.4940388234080966e-05
839 4.0942382812500000e-01 5.2919017046926212e-02 5.2901577401376722e-02 1.7439645549489902e-05 5.2919017050449851e-02 5.2901577401376722e-02 1.7439649073129615e-05 1.0583803409737606e-01 1.0580315480275344e-01 3.4879294622619517e-05
840 4.0991210937500000e-01 5.2957594075593035e-02 5.2940184806866790e-02 1.7409268726245597e-05 5.2957594079087615e-02 5.2940184806866790e-02 1.7409272220825223e-05 1.0591518815468065e-01 1.0588036961373358e-01 3.4818540947070820e-05
841 4.1040039062500000e-01 5.2995976554158913e-02 5.2978597492344209e-02 1.7379061814704055e-05 5.2995976557644792e-02 5.2978597492344209e-02 1.7379065300582308e-05 1.0599195311180371e-01 1.0595719498468842e-01 3.4758127115286364e-05
842 4.1088867187500000e-01 5.3034164255400501e-02 5.3016815230676202e-02 1.7349024724298834e-05 5.3034164258935319e-02 5.3016815230676202e-02 1.7349028259117105e-05 1.0606832851433581e-01 1.0603363046135240e-01 3.4698052983409000e-05
843 4.1137695312500000e-01 5.3072156953329279e-02 5.3054837795964413e-02 1.7319157364865945e-05 5.3072156956816545e-02 5.3054837795964413e-02 1.7319160852131976e-05 1.0614431391014582e-01 1.0610967559192883e-01 3.4638318216997921e-05
844 4.1186523437500000e-01 5.3109954423191573e-02 5.3092664963544901e-02 1.7289459646671612e-05 5.3109954426711729e-02 5.3092664963544901e-02 1.7289463166828001e-05 1.0621990884990330e-01 1.0618532992708980e-01 3.4578922813499613e-05
845 4.1235351562500000e-01 5.3147556441468541e-02 5.3130296509988136e-02 1.7259931480405333e-05 5.3147556445041641e-02 5.3130296509988136e-02 1.7259935053505482e-05 1.0629511288651018e-01 1.0626059301997627e-01 3.4519866533910815e-05
846 4.1284179687500000e-01 5.3184962785876380e-02 5.3167732213099027e-02 1.7230572777353348e-05 5.3184962789393032e-02 5.3167732213099027e-02 1.7230576294005595e-05 1.0636992557526942e-01 1.0633546442619805e-01 3.4461149071365882e-05
847 4.1333007812500000e-01 5.3222173235365926e-02 5.3204971851916867e-02 1.7201383449058638e-05 5.3222173238918230e-02 5.3204971851916867e-02 1.7201387001362922e-05 1.0644434647428416e-01 1.0640994370383373e-01 3.4402770450428499e-05
848 4.1381835937500000e-01 5.3259187570122858e-02 5.3242015206715398e-02 1.7172363407459701e-05 5.3259187573656594e-02 5.3242015206715398e-02 1.7172366941195505e-05 1.0651837514377946e-01 1.0648403041343080e-01 3.4344730348662145e-05
849 4.1430664062500000e-01 5.3296005571567814e-02 5.3278862059002757e-02 1.7143512565057084e-05 5.3296005575133407e-02 5.3278862059002757e-02 1.7143516130649350e-05 1.0659201114670122e-01 1.0655772411800551e-01 3.4287028695706434e-05
850 4.1479492187500000e-01 5.3332627022356242e-02 5.3315512191521509e-02 1.7114830834732975e-05 5.3332627025887779e-02 5.3315512191521509e-02 1.7114834366269149e-05 1.0666525404824402e-01 1.0663102438304302e-01 3.4229665201002124e-05
851 4.1528320312500000e-01 5.3369051706378449e-02 5.3351965388248643e-02 1.7086318129806710e-05 5.3369051709941828e-02 5.3351965388248643e-02 1.7086321693185469e-05 1.0673810341632028e-01 1.0670393077649729e-01 3.4172639822999118e-05
852 4.1577148437500000e-01 5.3405279408759700e-02 5.3388221434395540e-02 1.7057974364159678e-05 5.3405279412279502e-02 5.3388221434395540e-02 1.7057977883962183e-05 1.0681055882103921e-01 1.0677644286879108e-01 3.4115952248128800e-05
853 4.1625976562500000e-01 5.3441309915859783e-02 5.3424280116408034e-02 1.7029799451749594e-05 5.3441309919453235e-02 5.3424280116408034e-02 1.7029803045201519e-05 1.0688261983531303e-01 1.0684856023281607e-01 3.4059602496958052e-05
854 4.1674804687500000e-01 5.3477143015273738e-02 5.3460141221966337e-02 1.7001793307401536e-05 5.3477143018809806e-02 5.3460141221966337e-02 1.7001796843468808e-05 1.0695428603408355e-01 1.0692028244393267e-01 3.4003590150877283e-05
855 4.1723632812500000e-01 5.3512778495831345e-02 5.3495804539985113e-02 1.6973955846232014e-05 5.3512778499433256e-02 5.3495804539985113e-02 1.6973959448142451e-05 1.0702555699526460e-01 1.0699160907997023e-01 3.3947915294374464e-05
856 4.1772460937500000e-01 5.3548216147597097e-02 5.3531269860613420e-02 1.6946286983676728e-05 5.3548216151164611e-02 5.3531269860613420e-02 1.6946290551191068e-05 1.0709643229876170e-01 1.0706253972122684e-01 3.3892577534860857e-05
857 4.1821289062500000e-01 5.3583455761870527e-02 5.3566536975234745e-02 1.6918786635782002e-05 5.3583455765464277e-02 5.3566536975234745e-02 1.6918790229532299e-05 1.0716691152733480e-01 1.0713307395046949e-01 3.3837576865314301e-05
858 4.1870117187500000e-01 5.3618497131185945e-02 5.3601605676466983e-02 1.6891454718961918e-05 5.3618497134822356e-02 5.3601605676466983e-02 1.6891458355372535e-05 1.0723699426600830e-01 1.0720321135293397e-01 3.3782913074334453e-05
859 4.1918945312500000e-01 5.3653340049312444e-02 5.3636475758162466e-02 1.6864291149977506e-05 5.3653340052927753e-02 5.3636475758162466e-02 1.6864294765286947e-05 1.0730668010224020e-01 1.0727295151632493e-01 3.3728585915271392e-05
860 4.1967773437500000e-01 5.3687984311254190e-02 5.3671147015407920e-02 1.6837295846269806e-05 5.3687984314855705e-02 5.3671147015407920e-02 1.6837299447784726e-05 1.0737596862610990e-01 1.0734229403081584e-01 3.3674595294061471e-05
861 4.2016601562500000e-01 5.3722429713250072e-02 5.3705619244524494e-02 1.6810468725578231e-05 5.3722429716862245e-02 5.3705619244524494e-02 1.6810472337751292e-05 1.0744485943011231e-01 1.0741123848904899e-01 3.3620941063322585e-05
862 4.2065429687500000e-01 5.3756676052773789e-02 5.3739892243067765e-02 1.6783809706023833e-05 5.3756676056397730e-02 5.3739892243067765e-02 1.6783813329965258e-05 1.0751335210917151e-01 1.0747978448613553e-01 3.3567623035982153e-05
863 4.2114257812500000e-01 5.3790723128534008e-02 5.3773965809827719e-02 1.6757318706289714e-05 5.3790723132144405e-02 5.3773965809827719e-02 1.6757322316686418e-05 1.0758144626067842e-01 1.0754793161965544e-01 3.3514641022983072e-05
864 4.2163085937500000e-01 5.3824570740474365e-02 5.3807839744828757e-02 1.6730995645607150e-05 5.3824570744061120e-02 5.3807839744828757e-02 1.6730999232363042e-05 1.0764914148453548e-01 1.0761567948965751e-01 3.3461994877970191e-05
865 4.2211914062500000e-01 5.3858218689773085e-02 5.3841513849329704e-02 1.6704840443380886e-05 5.3858218693391274e-02 5.3841513849329704e-02 1.6704844061569968e-05 1.0771643738316436e-01 1.0768302769865941e-01 3.3409684504950854e-05
866 4.2260742187500000e-01 5.3891666778843494e-02 5.3874987925823799e-02 1.6678853019695683e-05 5.3891666782462086e-02 5.3874987925823799e-02 1.6678856638287221e-05 1.0778333356130558e-01 1.0774997585164760e-01 3.3357709657982904e-05
867 4.2309570312500000e-01 5.3924914811333671e-02 5.3908261778038702e-02 1.6653033294969366e-05 5.3924914814946379e-02 5.3908261778038702e-02 1.6653036907676722e-05 1.0784982962628005e-01 1.0781652355607740e-01 3.3306070202646088e-05
868 4.2358398437500000e-01 5.3957962592126645e-02 5.3941335210936477e-02 1.6627381190167934e-05 5.3957962595743300e-02 5.3941335210936477e-02 1.6627384806823520e-05 1.0791592518786994e-01 1.0788267042187295e-01 3.3254765996984514e-05
869 4.2407226562500000e-01 5.3990809927340247e-02 5.3974208030713615e-02 1.6601896626632084e-05 5.3990809930965562e-02 5.3974208030713615e-02 1.6601900251947410e-05 1.0798161985830582e-01 1.0794841606142723e-01 3.3203796878586433e-05
870 4.2456054687500000e-01 5.4023456624327185e-02 5.4006880044801031e-02 1.6576579526153545e-05 5.4023456627958488e-02 5.4006880044801031e-02 1.6576583157457137e-05 1.0804691325228567e-01 1.0801376008960206e-01 3.3153162683610682e-05
871 4.2504882812500000e-01 5.4055902491675134e-02 5.4039351061864048e-02 1.6551429811086094e-05 5.4055902495294565e-02 5.4039351061864048e-02 1.6551433430517237e-05 1.0811180498696971e-01 1.0807870212372810e-01 3.3102863241610270e-05
872 4.2553710937500000e-01 5.4088147339206430e-02 5.4071620891802410e-02 1.6526447404019429e-05 5.4088147342841689e-02 5.4071620891802410e-02 1.6526451039278189e-05 1.0817629468204812e-01 1.0814324178360482e-01 3.3052898443297618e-05
873 4.2602539062500000e-01 5.4120190977978634e-02 5.4103689345750272e-02 1.6501632228362040e-05 5.4120190981596310e-02 5.4103689345750272e-02 1.6501635846037643e-05 1.0824038195957494e-01 1.0820737869150054e-01 3.3003268074399683e-05
874 4.2651367187500000e-01 5.4152033220283863e-02 5.4135556236076215e-02 1.6476984207647316e-05 5.4152033223913223e-02 5.4135556236076215e-02 1.6476987837008017e-05 1.0830406644419709e-01 1.0827111247215243e-01 3.2953972044655333e-05
875 4.2700195312500000e-01 5.4183673879649202e-02 5.4167221376383232e-02 1.6452503265970697e-05 5.4183673883285405e-02 5.4167221376383232e-02 1.6452506902173147e-05 1.0836734776293461e-01 1.0833444275276646e-01 3.2905010168143844e-05
876 4.2749023437500000e-01 5.4215112770836633e-02 5.4198684581508734e-02 1.6428189327899467e-05 5.4215112774471705e-02 5.4198684581508734e-02 1.6428192962970878e-05 1.0843022554530835e-01 1.0839736916301747e-01 3.2856382290877284e-05
877 4.2797851562500000e-01 5.4246349709842996e-02 5.4229945667524558e-02 1.6404042318438061e-05 5.4246349713493160e-02 5.4229945667524558e-02 1.6404045968601566e-05 1.0849269942333616e-01 1.0845989133504912e-01 3.2808088287039627e-05
878 4.2846679687500000e-01 5.4277384513900115e-02 5.4261004451736934e-02 1.6380062163180720e-05 5.4277384517557259e-02 5.4261004451736934e-02 1.6380065820324752e-05 1.0855476903145737e-01 1.0852200890347387e-01 3.2760127983505472e-05
879 4.2895507812500000e-01 5.4308217001474625e-02 5.4291860752686535e-02 1.6356248788089445e-05 5.4308217005148048e-02 5.4291860752686535e-02 1.6356252461512122e-05 1.0861643400662267e-01 1.0858372150537307e-01 3.2712501249601567e-05
880 4.2944335937500000e-01 5.4338846992268021e-02 5.4322514390148444e-02 1.6332602119577266e-05 5.4338846995935018e-02 5.4322514390148444e-02 1.6332605786574528e-05 1.0867769398820304e-01 1.0864502878029689e-01 3.2665207906151794e-05
881 4.2993164062500000e-01 5.4369274307216581e-02 5.4352965185132149e-02 1.6309122084431915e-05 5.4369274310877666e-02 5.4352965185132149e-02 1.6309125745517239e-05 1.0873854861809425e-01 1.0870593037026430e-01 3.2618247829949154e-05
882 4.3041992187500000e-01 5.4399498768491657e-02 5.4383212959881570e-02 1.6285808610086439e-05 5.4399498772132009e-02 5.4383212959881570e-02 1.6285812250438347e-05 1.0879899754062367e-01 1.0876642591976314e-01 3.2571620860524786e-05
883 4.3090820312500000e-01 5.4429520199499357e-02 5.4413257537875050e-02 1.6262661624306951e-05 5.4429520203219582e-02 5.4413257537875050e-02 1.6262665344532468e-05 1.0885904040271893e-01 1.0882651507575010e-01 3.2525326968832480e-05
884 4.3139648437500000e-01 5.4459338424880710e-02 5.4443098743825323e-02 1.6239681055386923e-05 5.4459338428600096e-02 5.4443098743825323e-02 1.6239684774772833e-05 1.0891867685348081e-01 1.0888619748765065e-01 3.2479365830159757e-05
885 4.3188476562500000e-01 5.4488953270511703e-02 5.4472736403679563e-02 1.6216866832140242e-05 5.4488953274205325e-02 5.4472736403679563e-02 1.6216870525762039e-05 1.0897790654471703e-01 1.0894547280735913e-01 3.2433737357909220e-05
886 4.3237304687500000e-01 5.4518364563503056e-02 5.4502170344619350e-02 1.6194218883706923e-05 5.4518364567235141e-02 5.4502170344619350e-02 1.6194222615791010e-05 1.0903672913073820e-01 1.0900434068923870e-01 3.2388441499497933e-05
887 4.3286132812500000e-01 5.4547572132200593e-02 5.4531400395060693e-02 1.6171737139900055e-05 5.4547572135889212e-02 5.4531400395060693e-02 1.6171740828518910e-05 1.0909514426808981e-01 1.0906280079012139e-01 3.2343477968418965e-05
888 4.3334960937500000e-01 5.4576575806184725e-02 5.4560426384654005e-02 1.6149421530720076e-05 5.4576575809850765e-02 5.4560426384654005e-02 1.6149425196759770e-05 1.0915315161603549e-01 1.0912085276930801e-01 3.2298846727479846e-05
889 4.3383789062500000e-01 5.4605375416270974e-02 5.4589248144284119e-02 1.6127271986854375e-05 5.4605375419994252e-02 5.4589248144284119e-02 1.6127275710133004e-05 1.0921075083626522e-01 1.0917849628856824e-01 3.2254547696980440e-05
890 4.3432617187500000e-01 5.4633970794509774e-02 5.4617865506070298e-02 1.6105288439476062e-05 5.4633970798227537e-02 5.4617865506070298e-02 1.6105292157238271e-05 1.0926794159273731e-01 1.0923573101214060e-01 3.2210580596714333e-05
891 4.3481445312500000e-01 5.4662361774186291e-02 5.4646278303366200e-02 1.6083470820091317e-05 5.4662361777863815e-02 5.4646278303366200e-02 1.6083474497614880e-05 1.0932472355205011e-01 1.0929255660673240e-01 3.2166945317713136e-05
892 4.3530273437500000e-01 5.4690548189820685e-02 5.4674486370759924e-02 1.6061819060761429e-05 5.4690548193587471e-02 5.4674486370759924e-02 1.6061822827546923e-05 1.0938109638340815e-01 1.0934897274151985e-01 3.2123641888301413e-05
893 4.3579101562500000e-01 5.4718529877167944e-02 5.4702489544073966e-02 1.6040333093977899e-05 5.4718529880866180e-02 5.4702489544073966e-02 1.6040336792214061e-05 1.0943705975803412e-01 1.0940497908814793e-01 3.2080669886191959e-05
894 4.3627929687500000e-01 5.4746306673218059e-02 5.4730287660365251e-02 1.6019012852808157e-05 5.4746306676894126e-02 5.4730287660365251e-02 1.6019016528874552e-05 1.0949261335011218e-01 1.0946057532073050e-01 3.2038029381675770e-05
895 4.3676757812500000e-01 5.4773878416195701e-02 5.4757880557925125e-02 1.5997858270576371e-05 5.4773878419892896e-02 5.4757880557925125e-02 1.5997861967771698e-05 1.0954775683608860e-01 1.0951576111585025e-01 3.1995720238348069e-05
896 4.3725585937500000e-01 5.4801244945560684e-02 5.4785268076279335e-02 1.5976869281349171e-05 5.4801244949265866e-02 5.4785268076279335e-02 1.5976872986531165e-05 1.0960248989482654e-01 1.0957053615255867e-01 3.1953742267873397e-05
897 4.3774414062500000e-01 5.4828406102007600e-02 5.4812450056188060e-02 1.5956045819540132e-05 5.4828406105699209e-02 5.4812450056188060e-02 1.5956049511149650e-05 1.0965681220770682e-01 1.0962490011237612e-01 3.1912095330696721e-05
898 4.3823242187500000e-01 5.4855361727465891e-02 5.4839426339645891e-02 1.5935387819999980e-05 5.4855361731166744e-02 5.4839426339645891e-02 1.5935391520852105e-05 1.0971072345863264e-01 1.0967885267929178e-01 3.1870779340859023e-05
899 4.3872070312500000e-01 5.4882111665099959e-02 5.4866196769881838e-02 1.5914895218120673e-05 5.4882111668819226e-02 5.4866196769881838e-02 1.5914898937388622e-05 1.0976422333391919e-01 1.0973239353976368e-01 3.1829794155516233e-05
900 4.3920898437500000e-01 5.4908655759309172e-02 5.4892761191359316e-02 1.5894567949856220e-05 5.4908655763002717e-02 5.4892761191359316e-02 1.5894571643401689e-05 1.0981731152231189e-01 1.0978552238271863e-01 3.1789139593257909e-05
901 4.3969726562500000e-01 5.4934993855727608e-02 5.4919119449776184e-02 1.5874405951424309e-05 5.4934993859480162e-02 5.4919119449776184e-02 1.5874409703978132e-05 1.0986998771520777e-01 1.0983823889955237e-01 3.1748815655402440e-05
902 4.4018554687500000e-01 5.4961125801224364e-02 5.4945271392064690e-02 1.5854409159674065e-05 5.4961125804955678e-02 5.4945271392064690e-02 1.5854412890987934e-05 1.0992225160618005e-01 1.0989054278412938e-01 3.1708822050668939e-05
903 4.4067382812500000e-01 5.4987051443903416e-02 5.4971216866391517e-02 1.5834577511898706e-05 5.4987051447638241e-02 5.4971216866391517e-02 1.5834581246723656e-05 1.0997410289154166e-01 1.0994243373278303e-01 3.1669158758629301e-05
904 4.4116210937500000e-01 5.5012770633103607e-02 5.4996955722157757e-02 1.5814910945849414e-05 5.5012770636839452e-02 5.4996955722157757e-02 1.5814914681694381e-05 1.1002554126994306e-01 1.0999391144431551e-01 3.1629825627543795e-05
905 4.4165039062500000e-01 5.5038283219398770e-02 5.5022487809998924e-02 1.5795409399846361e-05 5.5038283223152594e-02 5.5022487809998924e-02 1.5795413153670002e-05 1.1007656644255137e-01 1.1004497561999785e-01 3.1590822553523301e-05
906 4.4213867187500000e-01 5.5063589054597600e-02 5.5047812981784947e-02 1.5776072812653807e-05 5.5063589058360868e-02 5.5047812981784947e-02 1.5776076575921283e-05 1.1012717811295847e-01 1.1009562596356989e-01 3.1552149388575090e-05
907 4.4262695312500000e-01 5.5088687991743567e-02 5.5072931090620177e-02 1.5756901123389899e-05 5.5088687995481361e-02 5.5072931090620177e-02 1.5756904861184695e-05 1.1017737598722493e-01 1.1014586218124035e-01 3.1513805984581533e-05
908 4.4311523437500000e-01 5.5113579885115234e-02 5.5097841990843367e-02 1.5737894271866670e-05 5.5113579888893413e-02 5.5097841990843367e-02 1.5737898050045829e-05 1.1022715977400865e-01 1.1019568398168673e-01 3.1475792321919438e-05
909 4.4360351562500000e-01 5.5138264590225916e-02 5.5122545538027701e-02 1.5719052198215344e-05 5.5138264593984965e-02 5.5122545538027701e-02 1.5719055957263972e-05 1.1027652918421088e-01 1.1024509107605540e-01 3.1438108155479316e-05
910 4.4409179687500000e-01 5.5162741963824015e-02 5.5147041588980789e-02 1.5700374843226339e-05 5.5162741967555808e-02 5.5147041588980789e-02 1.5700378575018992e-05 1.1032548393137982e-01 1.1029408317796158e-01 3.1400753418245331e-05
911 4.4458007812500000e-01 5.5187011863892604e-02 5.5171330001744630e-02 1.5681862147974568e-05 5.5187011867649231e-02 5.5171330001744630e-02 1.5681865904601522e-05 1.1037402373154184e-01 1.1034266000348926e-01 3.1363728052583029e-05
912 4.4506835937500000e-01 5.5211074149649805e-02 5.5195410635595667e-02 1.5663514054138628e-05 5.5211074153409700e-02 5.5195410635595667e-02 1.5663517814033801e-05 1.1042214830305951e-01 1.1039082127119133e-01 3.1327031868172428e-05
913 4.4555664062500000e-01 5.5234928681548556e-02 5.5219283351044750e-02 1.5645330503806509e-05 5.5234928685300715e-02 5.5219283351044750e-02 1.5645334255964816e-05 1.1046985736684928e-01 1.1043856670208950e-01 3.1290664759778264e-05
914 4.4604492187500000e-01 5.5258575321276815e-02 5.5242948009837138e-02 1.5627311439676828e-05 5.5258575325057818e-02 5.5242948009837138e-02 1.5627315220680116e-05 1.1051715064633463e-01 1.1048589601967428e-01 3.1254626660356943e-05
915 4.4653320312500000e-01 5.5282013931757350e-02 5.5266404474952527e-02 1.5609456804822897e-05 5.5282013935515073e-02 5.5266404474952527e-02 1.5609460562546196e-05 1.1056402786727243e-01 1.1053280894990505e-01 3.1218917367376031e-05
916 4.4702148437500000e-01 5.5305244377147962e-02 5.5289652610605006e-02 1.5591766542956409e-05 5.5305244380929035e-02 5.5289652610605006e-02 1.5591770324029086e-05 1.1061048875807700e-01 1.1057930522121001e-01 3.1183536866985495e-05
917 4.4750976562500000e-01 5.5328266522841105e-02 5.5312692282243107e-02 1.5574240597997224e-05 5.5328266526579947e-02 5.5312692282243107e-02 1.5574244336839793e-05 1.1065653304942105e-01 1.1062538456448621e-01 3.1148484934837017e-05
918 4.4799804687500000e-01 5.5351080235464464e-02 5.5335523356549760e-02 1.5556878914704808e-05 5.5351080239243573e-02 5.5335523356549760e-02 1.5556882693813778e-05 1.1070216047470804e-01 1.1067104671309952e-01 3.1113761608525525e-05
919 4.4848632812500000e-01 5.5373685382880303e-02 5.5358145701442318e-02 1.5539681437984343e-05 5.5373685386643029e-02 5.5358145701442318e-02 1.5539685200710585e-05 1.1074737076952333e-01 1.1071629140288464e-01 3.1079366638694927e-05
920 4.4897460937500000e-01 5.5396081834186199e-02 5.5380559186072549e-02 1.5522648113650006e-05 5.5396081837995409e-02 5.5380559186072549e-02 1.5522651922859898e-05 1.1079216367218161e-01 1.1076111837214510e-01 3.1045300036516843e-05
921 4.4946289062500000e-01 5.5418269459714238e-02 5.5402763680826646e-02 1.5505778887592303e-05 5.5418269463502340e-02 5.5402763680826646e-02 1.5505782675694080e-05 1.1083653892321657e-01 1.1080552736165329e-01 3.1011561563279444e-05
922 4.4995117187500000e-01 5.5440248131031621e-02 5.5424759057325218e-02 1.5489073706402567e-05 5.5440248134776354e-02 5.5424759057325218e-02 1.5489077451136257e-05 1.1088049626580798e-01 1.1084951811465044e-01 3.0978151157545764e-05
923 4.5043945312500000e-01 5.5462017720940421e-02 5.5446545188423277e-02 1.5472532517143978e-05 5.5462017724717635e-02 5.5446545188423277e-02 1.5472536294358630e-05 1.1092403544565806e-01 1.1089309037684655e-01 3.0945068811502607e-05
924 4.5092773437500000e-01 5.5483578103477600e-02 5.5468121948210269e-02 1.5456155267330740e-05 5.5483578107257882e-02 5.5468121948210269e-02 1.5456159047612383e-05 1.1096715621073548e-01 1.1093624389642054e-01 3.0912314314943123e-05
925 4.5141601562500000e-01 5.5504929153915153e-02 5.5489489212010058e-02 1.5439941905094623e-05 5.5504929157725376e-02 5.5489489212010058e-02 1.5439945715317593e-05 1.1100985831164054e-01 1.1097897842402012e-01 3.0879887620419155e-05
926 4.5190429687500000e-01 5.5526070748759759e-02 5.5510646856380901e-02 1.5423892378858828e-05 5.5526070752545925e-02 5.5510646856380901e-02 1.5423896165024653e-05 1.1105214150130568e-01 1.1102129371276180e-01 3.0847788543883481e-05
927 4.5239257812500000e-01 5.5547002765753313e-02 5.5531594759115503e-02 1.5408006637809835e-05 5.5547002769518815e-02 5.5531594759115503e-02 1.5408010403311634e-05 1.1109400553527213e-01 1.1106318951823101e-01 3.0816017041121468e-05
928 4.5288085937500000e-01 5.5567725083872338e-02 5.5552332799240975e-02 1.5392284631363107e-05 5.5567725087659184e-02 5.5552332799240975e-02 1.5392288418208944e-05 1.1113545017153152e-01 1.1110466559848195e-01 3.0784573049572050e-05
929 4.5336914062500000e-01 5.5588237583328398e-02 5.5572860857018833e-02 1.5376726309565547e-05 5.5588237587117513e-02 5.5572860857018833e-02 1.5376730098680402e-05 1.1117647517044590e-01 1.1114572171403767e-01 3.0753456408239010e-05
930 4.5385742187500000e-01 5.5608540145567889e-02 5.5593178813945023e-02 1.5361331622866514e-05 5.5608540149385932e-02 5.5593178813945023e-02 1.5361335440909618e-05 1.1121708029495382e-01 1.1118635762789005e-01 3.0722667063776132e-05
931 4.5434570312500000e-01 5.5628632653272336e-02 5.5613286552749906e-02 1.5346100522430073e-05 5.5628632657082837e-02 5.5613286552749906e-02 1.5346104332930599e-05 1.1125726531035518e-01 1.1122657310549981e-01 3.0692204855367611e-05
932 4.5483398437500000e-01 5.5648514990358000e-02 5.5633183957398268e-02 1.5331032959732538e-05 5.5648514994186209e-02 5.5633183957398268e-02 1.5331036787941121e-05 1.1129702998454422e-01 1.1126636791479654e-01 3.0662069747680598e-05
933 4.5532226562500000e-01 5.5668187041975979e-02 5.5652870913089292e-02 1.5316128886687375e-05 5.5668187045768237e-02 5.5652870913089292e-02 1.5316132678945549e-05 1.1133637408774422e-01 1.1130574182617858e-01 3.0632261565632923e-05
934 4.5581054687500000e-01 5.5687648694512551e-02 5.5672347306256600e-02 1.5301388255950510e-05 5.5687648698316709e-02 5.5672347306256600e-02 1.5301392060108887e-05 1.1137529739282925e-01 1.1134469461251320e-01 3.0602780316052458e-05
935 4.5629882812500000e-01 5.5706899835588658e-02 5.5691613024568216e-02 1.5286811020441549e-05 5.5706899839342676e-02 5.5691613024568216e-02 1.5286814774459478e-05 1.1141379967493134e-01 1.1138322604913643e-01 3.0573625794907966e-05
936 4.5678710937500000e-01 5.5725940354060421e-02 5.5710667956926585e-02 1.5272397133836435e-05 5.5725940357861430e-02 5.5710667956926585e-02 1.5272400934844554e-05 1.1145188071192186e-01 1.1142133591385317e-01 3.0544798068687928e-05
937 4.5727539062500000e-01 5.5744770140018537e-02 5.5729511993468581e-02 1.5258146549956830e-05 5.5744770143829669e-02 5.5729511993468581e-02 1.5258150361088796e-05 1.1148954028384821e-01 1.1145902398693716e-01 3.0516296911045626e-05
938 4.5776367187500000e-01 5.5763389084788943e-02 5.5748145025565472e-02 1.5244059223470940e-05 5.5763389088553002e-02 5.5748145025565472e-02 1.5244062987529450e-05 1.1152677817334194e-01 1.1149629005113094e-01 3.0488122211000390e-05
939 4.5825195312500000e-01 5.5781797080932366e-02 5.5766566945822965e-02 1.5230135109400855e-05 5.5781797084740493e-02 5.5766566945822965e-02 1.5230138917528280e-05 1.1156359416567285e-01 1.1153313389164593e-01 3.0460274026922196e-05
940 4.5874023437500000e-01 5.5799994022244399e-02 5.5784777648081180e-02 1.5216374163219692e-05 5.5799994026013960e-02 5.5784777648081180e-02 1.5216377932780745e-05 1.1159998804825835e-01 1.1156955529616236e-01 3.0432752095993498e-05
941 4.5922851562500000e-01 5.5817979803755566e-02 5.5802777027414645e-02 1.5202776340920987e-05 5.5817979807553736e-02 5.5802777027414645e-02 1.5202780139091099e-05 1.1163595961130930e-01 1.1160555405482929e-01 3.0405556480012086e-05
942 4.5971679687500000e-01 5.5835754321731455e-02 5.5820564980132305e-02 1.5189341599150530e-05 5.5835754325522374e-02 5.5820564980132305e-02 1.5189345390069497e-05 1.1167150864725384e-01 1.1164112996026461e-01 3.0378686989226966e-05
943 4.6020507812500000e-01 5.5853317473672406e-02 5.5838141403777533e-02 1.5176069894873301e-05 5.5853317477456893e-02 5.5838141403777533e-02 1.5176073679359914e-05 1.1170663495112930e-01 1.1167628280755507e-01 3.0352143574233215e-05
944 4.6069335937500000e-01 5.5870669158313790e-02 5.5855506197128119e-02 1.5162961185671842e-05 5.5870669162116478e-02 5.5855506197128119e-02 1.5162964988359173e-05 1.1174133832043026e-01 1.1171101239425624e-01 3.0325926174024076e-05
945 4.6118164062500000e-01 5.5887809275625845e-02 5.5872659260196259e-02 1.5150015429586661e-05 5.5887809279399896e-02 5.5872659260196259e-02 1.5150019203637177e-05 1.1177561855502574e-01 1.1174531852039252e-01 3.0300034633223838e-05
946 4.6166992187500000e-01 5.5904737726813682e-02 5.5889600494228572e-02 1.5137232585109295e-05 5.5904737730639871e-02 5.5889600494228572e-02 1.5137236411298660e-05 1.1180947545745355e-01 1.1177920098845714e-01 3.0274468996407955e-05
947 4.6215820312500000e-01 5.5921454414317520e-02 5.5906329801706095e-02 1.5124612611425170e-05 5.5921454418137569e-02 5.5906329801706095e-02 1.5124616431473614e-05 1.1184290883245510e-01 1.1181265960341219e-01 3.0249229042905723e-05
948 4.6264648437500000e-01 5.5937959241812309e-02 5.5922847086344291e-02 1.5112155468018085e-05 5.5937959245656754e-02 5.5922847086344291e-02 1.5112159312463680e-05 1.1187591848746906e-01 1.1184569417268858e-01 3.0224314780474826e-05
949 4.6313476562500000e-01 5.5954252114208028e-02 5.5939152253093018e-02 1.5099861115010216e-05 5.5954252118009966e-02 5.5939152253093018e-02 1.5099864916948147e-05 1.1190850423221799e-01 1.1187830450618604e-01 3.0199726031951424e-05
950 4.6362304687500000e-01 5.5970332937649546e-02 5.5955245208136564e-02 1.5087729512981707e-05 5.5970332941479677e-02 5.5955245208136564e-02 1.5087733343112364e-05 1.1194066587912922e-01 1.1191049041627313e-01 3.0175462856094071e-05
951 4.6411132812500000e-01 5.5986201619516583e-02 5.5971125858893654e-02 1.5075760622929035e-05 5.5986201623406312e-02 5.5971125858893654e-02 1.5075764512657852e-05 1.1197240324292290e-01 1.1194225171778731e-01 3.0151525135593826e-05
952 4.6459960937500000e-01 5.6001858068423969e-02 5.5986794114017385e-02 1.5063954406584201e-05 5.6001858072251262e-02 5.5986794114017385e-02 1.5063958233876851e-05 1.1200371614067522e-01 1.1197358822803477e-01 3.0127912640454113e-05
953 4.6508789062500000e-01 5.6017302194221262e-02 5.6002249883395319e-02 1.5052310825942883e-05 5.6017302198081660e-02 5.6002249883395319e-02 1.5052314686340995e-05 1.1203460439230292e-01 1.1200449976679064e-01 3.0104625512283878e-05
954 4.6557617187500000e-01 5.6032533907993155e-02 5.6017493078149405e-02 1.5040829843750159e-05 5.6032533911816687e-02 5.6017493078149405e-02 1.5040833667281928e-05 1.1206506781980985e-01 1.1203498615629881e-01 3.0081663511039025e-05
955 4.6606445312500000e-01 5.6047553122059071e-02 5.6032523610636015e-02 1.5029511423056419e-05 5.6047553125892303e-02 5.6032523610636015e-02 1.5029515256288761e-05 1.1209510624795138e-01 1.1206504722127203e-01 3.0059026679352119e-05
956 4.6655273437500000e-01 5.6062359749973388e-02 5.6047341394445942e-02 1.5018355527446348e-05 5.6062359753831829e-02 5.6047341394445942e-02 1.5018359385887692e-05 1.1212471950380522e-01 1.1209468278889188e-01 3.0036714913334039e-05
957 4.6704101562500000e-01 5.6076953706525566e-02 5.6061946344404402e-02 1.5007362121163825e-05 5.6076953710363218e-02 5.6061946344404402e-02 1.5007365958816243e-05 1.1215390741688878e-01 1.1212389268880880e-01 3.0014728079980069e-05
958 4.6752929687500000e-01 5.6091334907739800e-02 5.6076338376571014e-02 1.4996531168785798e-05 5.6091334911602481e-02 5.6076338376571014e-02 1.4996535031466807e-05 1.1218266981934227e-01 1.1215267675314203e-01 2.9993066200245666e-05
959 4.6801757812500000e-01 5.6105503270875358e-02 5.6090517408239823e-02 1.4985862635534530e-05 5.6105503274720310e-02 5.6090517408239823e-02 1.4985866480486665e-05 1.1221100654559567e-01 1.1218103481647965e-01 2.9971729116021195e-05
960 4.6850585937500000e-01 5.6119458714426397e-02 5.6104483357939293e-02 1.4975356487104130e-05 5.6119458718284880e-02 5.6104483357939293e-02 1.4975360345587108e-05 1.1223891743271128e-01 1.1220896671587859e-01 2.9950716832691238e-05
961 4.6899414062500000e-01 5.6133201158121919e-02 5.6118236145432300e-02 1.4965012689618917e-05 5.6133201161926820e-02 5.6118236145432300e-02 1.4965016494519756e-05 1.1226640232004874e-01 1.1223647229086460e-01 2.9930029184138673e-05
962 4.6948242187500000e-01 5.6146730522926076e-02 5.6131775691716138e-02 1.4954831209938735e-05 5.6146730526770487e-02 5.6131775691716138e-02 1.4954835054349636e-05 1.1229346104969656e-01 1.1226355138343228e-01 2.9909666264288370e-05
963 4.6997070312500000e-01 5.6160046731037659e-02 5.6145101919022528e-02 1.4944812015131592e-05 5.6160046734872557e-02 5.6145101919022528e-02 1.4944815850029269e-05 1.1232009346591021e-01 1.1229020383804506e-01 2.9889627865153923e-05
964 4.7045898437500000e-01 5.6173149705890602e-02 5.6158214750817587e-02 1.4934955073014899e-05 5.6173149709750354e-02 5.6158214750817587e-02 1.4934958932767695e-05 1.1234629941564095e-01 1.1231642950163517e-01 2.9869914005775655e-05
965 4.7094726562500000e-01 5.6186039372153565e-02 5.6171114111801874e-02 1.4925260351690561e-05 5.6186039376047221e-02 5.6171114111801874e-02 1.4925264245346792e-05 1.1237207874820079e-01 1.1234222822360375e-01 2.9850524597044292e-05
966 4.7143554687500000e-01 5.6198715655730432e-02 5.6183799927910345e-02 1.4915727820086211e-05 5.6198715659569555e-02 5.6183799927910345e-02 1.4915731659209674e-05 1.1239743131529999e-01 1.1236759985582069e-01 2.9831459479295885e-05
967 4.7192382812500000e-01 5.6211178483759755e-02 5.6196272126312397e-02 1.4906357447358465e-05 5.6211178487606379e-02 5.6196272126312397e-02 1.4906361293982873e-05 1.1242235697136613e-01 1.1239254425262479e-01 2.9812718741334399e-05
968 4.7241210937500000e-01 5.6223427784615192e-02 5.6208530635411806e-02 1.4897149203385585e-05 5.6223427788499140e-02 5.6208530635411806e-02 1.4897153087334303e-05 1.1244685557311433e-01 1.1241706127082361e-01 2.9794302290719887e-05
969 4.7290039062500000e-01 5.6235463487905181e-02 5.6220575384846809e-02 1.4888103058371960e-05 5.6235463491753880e-02 5.6220575384846809e-02 1.4888106907071097e-05 1.1247092697965906e-01 1.1244115076969362e-01 2.9776209965443057e-05
970 4.7338867187500000e-01 5.6247285524473209e-02 5.6232406305490028e-02 1.4879218983181175e-05 5.6247285528308467e-02 5.6232406305490028e-02 1.4879222818439675e-05 1.1249457105278168e-01 1.1246481261098006e-01 2.9758441801627789e-05
971 4.7387695312500000e-01 5.6258893826397580e-02 5.6244023329448514e-02 1.4870496949065393e-05 5.6258893830245245e-02 5.6244023329448514e-02 1.4870500796730635e-05 1.1251778765664283e-01 1.1248804665889703e-01 2.9740997745802966e-05
972 4.7436523437500000e-01 5.6270288326991810e-02 5.6255426390063742e-02 1.4861936928067809e-05 5.6270288330850841e-02 5.6255426390063742e-02 1.4861940787098959e-05 1.1254057665784264e-01 1.1251085278012748e-01 2.9723877715159830e-05
973 4.7485351562500000e-01 5.6281468960804014e-02 5.6266615421911588e-02 1.4853538892425910e-05 5.6281468964677957e-02 5.6266615421911588e-02 1.4853542766368744e-05 1.1256293792548197e-01 1.1253323084382318e-01 2.9707081658794654e-05
974 4.7534179687500000e-01 5.6292435663617343e-02 5.6277590360802369e-02 1.4845302814973926e-05 5.6292435667497642e-02 5.6277590360802369e-02 1.4845306695272786e-05 1.1258487133111499e-01 1.1255518072160474e-01 2.9690609510246713e-05
975 4.7583007812500000e-01 5.6303188372449936e-02 5.6288351143780793e-02 1.4837228669142832e-05 5.6303188376281676e-02 5.6288351143780793e-02 1.4837232500883313e-05 1.1260637674873161e-01 1.1257670228756159e-01 2.9674461170026145e-05
976 4.7631835937500000e-01 5.6313727025554886e-02 5.6298897709125995e-02 1.4829316428890960e-05 5.6313727029472425e-02 5.6298897709125995e-02 1.4829320346430863e-05 1.1262745405502730e-01 1.1259779541825199e-01 2.9658636775314884e-05
977 4.7680664062500000e-01 5.6324051562420187e-02 5.6309229996351545e-02 1.4821566068641545e-05 5.6324051566277532e-02 5.6309229996351545e-02 1.4821569925986544e-05 1.1264810312869772e-01 1.1261845999270309e-01 2.9643135994628089e-05
978 4.7729492187500000e-01 5.6334161923768646e-02 5.6319347946205398e-02 1.4813977563248037e-05 5.6334161927587542e-02 5.6319347946205398e-02 1.4813981382144625e-05 1.1266832385135619e-01 1.1263869589241080e-01 2.9627958945399602e-05
979 4.7778320312500000e-01 5.6344058051558225e-02 5.6329251500669947e-02 1.4806550888278591e-05 5.6344058055467057e-02 5.6329251500669947e-02 1.4806554797110183e-05 1.1268811610702528e-01 1.1265850300133989e-01 2.9613105685388774e-05
980 4.7827148437500000e-01 5.6353739888981715e-02 5.6338940602962004e-02 1.4799286019710756e-05 5.6353739892867613e-02 5.6338940602962004e-02 1.4799289905609303e-05 1.1270747978184933e-01 1.1267788120592401e-01 2.9598575925326998e-05
981 4.7875976562500000e-01 5.6363207380466789e-02 5.6348415197532795e-02 1.4792182933993925e-05 5.6363207384341661e-02 5.6348415197532795e-02 1.4792186808866570e-05 1.1272641476480845e-01 1.1269683039506559e-01 2.9584369742860495e-05
982 4.7924804687500000e-01 5.6372460471676121e-02 5.6357675230067947e-02 1.4785241608174238e-05 5.6372460475544860e-02 5.6357675230067947e-02 1.4785245476912900e-05 1.1274492094722098e-01 1.1271535046013589e-01 2.9570487085087138e-05
983 4.7973632812500000e-01 5.6381499109507321e-02 5.6366720647487524e-02 1.4778462019797434e-05 5.6381499113409755e-02 5.6366720647487524e-02 1.4778465922231365e-05 1.1276299822291708e-01 1.1273344129497505e-01 2.9556927942028799e-05
984 4.8022460937500000e-01 5.6390323242092859e-02 5.6375551397946012e-02 1.4771844146846402e-05 5.6390323245947317e-02 5.6375551397946012e-02 1.4771848001304821e-05 1.1278064648804018e-01 1.1275110279589202e-01 2.9543692148151224e-05
985 4.8071289062500000e-01 5.6398932818800269e-02 5.6384167430832285e-02 1.4765387967984045e-05 5.6398932822684121e-02 5.6384167430832285e-02 1.4765391851835619e-05 1.1279786564148439e-01 1.1276833486166457e-01 2.9530779819819664e-05
986 4.8120117187500000e-01 5.6407327790232005e-02 5.6392568696769667e-02 1.4759093462338169e-05 5.6407327794128180e-02 5.6392568696769667e-02 1.4759097358513218e-05 1.1281465558436019e-01 1.1278513739353933e-01 2.9518190820851387e-05
987 4.8168945312500000e-01 5.6415508108225342e-02 5.6400755147615882e-02 1.4752960609459853e-05 5.6415508112115730e-02 5.6400755147615882e-02 1.4752964499847865e-05 1.1283101622034107e-01 1.1280151029523176e-01 2.9505925109307718e-05
988 4.8217773437500000e-01 5.6423473725852498e-02 5.6408726736463070e-02 1.4746989389427534e-05 5.6423473729725490e-02 5.6408726736463070e-02 1.4746993262419739e-05 1.1284694745557800e-01 1.1281745347292614e-01 2.9493982651854211e-05
989 4.8266601562500000e-01 5.6431224597420726e-02 5.6416483417637796e-02 1.4741179782930269e-05 5.6431224601321668e-02 5.6416483417637796e-02 1.4741183683872339e-05 1.1286244919874239e-01 1.1283296683527559e-01 2.9482363466795669e-05
990 4.8315429687500000e-01 5.6438760678472262e-02 5.6424025146701036e-02 1.4735531771226107e-05 5.6438760682336171e-02 5.6424025146701036e-02 1.4735535635135300e-05 1.1287752136080843e-01 1.1284805029340207e-01 2.9471067406361406e-05
991 4.8364257812500000e-01 5.6446081925784083e-02 5.6431351880448191e-02 1.4730045335892283e-05 5.6446081929652440e-02 5.6431351880448191e-02 1.4730049204249307e-05 1.1289216385543652e-01 1.1286270376089638e-01 2.9460094540134651e-05
992 4.8413085937500000e-01 5.6453188297368284e-02 5.6438463576909070e-02 1.4724720459213803e-05 5.6453188301231513e-02 5.6438463576909070e-02 1.4724724322442984e-05 1.1290637659859980e-01 1.1287692715381814e-01 2.9449444781656786e-05
993 4.8461914062500000e-01 5.6460079752471908e-02 5.6445360195347904e-02 1.4719557124003024e-05 5.6460079756332042e-02 5.6445360195347904e-02 1.4719560984137459e-05 1.1292015950880395e-01 1.1289072039069581e-01 2.9439118108140483e-05
994 4.8510742187500000e-01 5.6466756251576766e-02 5.6452041696263340e-02 1.4714555313426192e-05 5.6466756255464511e-02 5.6452041696263340e-02 1.4714559201170485e-05 1.1293351250704128e-01 1.1290408339252668e-01 2.9429114514603616e-05
995 4.8559570312500000e-01 5.6473217756399727e-02 5.6458508041388446e-02 1.4709715011280988e-05 5.6473217760299781e-02 5.6458508041388446e-02 1.4709718911334879e-05 1.1294643551669950e-01 1.1291701608277689e-01 2.9419433922608929e-05
996 4.8608398437500000e-01 5.6479464229892549e-02 5.6464759193690706e-02 1.4705036201843880e-05 5.6479464233738119e-02 5.6464759193690706e-02 1.4705040047413576e-05 1.1295892846363068e-01 1.1292951838738141e-01 2.9410076249264394e-05
997 4.8657226562500000e-01 5.6485495636241959e-02 5.6470795117372012e-02 1.4700518869946444e-05 5.6485495640142720e-02 5.6470795117372012e-02 1.4700522770708102e-05 1.1297099127638469e-01 1.1294159023474402e-01 2.9401041640661485e-05
998 4.8706054687500000e-01 5.6491311940869642e-02 5.6476615777868687e-02 1.4696163000954554e-05 5.6491311944792733e-02 5.6476615777868687e-02 1.4696166924045573e-05 1.1298262388566238e-01 1.1295323155573737e-01 2.9392329925007066e-05
999 4.8754882812500000e-01 5.6496913110432215e-02 5.6482221141851460e-02 1.4691968580754500e-05 5.6496913114294174e-02 5.6482221141851460e-02 1.4691972442713863e-05 1.1299382622472640e-01 1.1296444228370292e-01 2.9383941023475302e-05
1000 4.8803710937500000e-01 5.6502299112821161e-02 5.6487611177225491e-02 1.4687935595669721e-05 5.6502299116681309e-02 5.6487611177225491e-02 1.4687939455818033e-05 1.1300459822950247e-01 1.1297522235445098e-01 2.9375875051487754e-05
1001 4.8852539062500000e-01 5.6507469917163045e-02 5.6492785853130341e-02 1.4684064032703670e-05 5.6507469921029126e-02 5.6492785853130341e-02 1.4684067898784736e-05 1.1301493983819216e-01 1.1298557170626068e-01 2.9368131931481467e-05
1002 4.8901367187500000e-01 5.6512425493819220e-02 5.6497745139939992e-02 1.4680353879227559e-05 5.6512425497706950e-02 5.6497745139939992e-02 1.4680357766957974e-05 1.1302485099152618e-01 1.1299549027987998e-01 2.9360711646192472e-05
1003 4.8950195312500000e-01 5.6517165814386136e-02 5.6502489009262857e-02 1.4676805123278736e-05 5.6517165818289666e-02 5.6502489009262857e-02 1.4676809026809012e-05 1.1303433163267580e-01 1.1300497801852571e-01 2.9353614150087748e-05
1004 4.8999023437500000e-01 5.6521690851694929e-02 5.6507017433941757e-02 1.4673417753172102e-05 5.6521690855583236e-02 5.6507017433941757e-02 1.4673421641478446e-05 1.1304338170727816e-01 1.1301403486788351e-01 2.9346839394650548e-05
1005 4.9047851562500000e-01 5.6526000579811948e-02 5.6511330388053921e-02 1.4670191758027473e-05 5.6526000583671902e-02 5.6511330388053921e-02 1.4670195617981496e-05 1.1305200116348385e-01 1.1302266077610784e-01 2.9340387376008970e-05
1006 4.9096679687500000e-01 5.6530094974038353e-02 5.6515427846911007e-02 1.4667127127346302e-05 5.6530094977931725e-02 5.6515427846911007e-02 1.4667131020718038e-05 1.1306018995197008e-01 1.1303085569382201e-01 2.9334258148064341e-05
1007 4.9145507812500000e-01 5.6533974010910253e-02 5.6519309787059095e-02 1.4664223851157399e-05 5.6533974014807441e-02 5.6519309787059095e-02 1.4664227748345526e-05 1.1306794802571769e-01 1.1303861957411819e-01 2.9328451599502925e-05
1008 4.9194335937500000e-01 5.6537637668198644e-02 5.6522976186278662e-02 1.4661481919982233e-05 5.6537637672077513e-02 5.6522976186278662e-02 1.4661485798851681e-05 1.1307527534027616e-01 1.1304595237255732e-01 2.9322967718833914e-05
1009 4.9243164062500000e-01 5.6541085924909668e-02 5.6526427023584618e-02 1.4658901325050044e-05 5.6541085928806176e-02 5.6526427023584618e-02 1.4658905221558161e-05 1.1308217185371584e-01 1.1305285404716924e-01 2.9317806546608205e-05
1010 4.9291992187500000e-01 5.6544318761284205e-02 5.6529662279226289e-02 1.4656482057916198e-05 5.6544318765186230e-02 5.6529662279226289e-02 1.4656485959940735e-05 1.1308863752647044e-01 1.1305932455845258e-01 2.9312968017863872e-05
1011 4.9340820312500000e-01 5.6547336158798138e-02 5.6532681934687419e-02 1.4654224110718927e-05 5.6547336162704610e-02 5.6532681934687419e-02 1.4654228017191295e-05 1.1309467232150275e-01 1.1306536386937484e-01 2.9308452127910223e-05
1012 4.9389648437500000e-01 5.6550138100162302e-02 5.6535485972686164e-02 1.4652127476137700e-05 5.6550138104045938e-02 5.6535485972686164e-02 1.4652131359774168e-05 1.1310027620420823e-01 1.1307097194537233e-01 2.9304258835904928e-05
1013 4.9438476562500000e-01 5.6552724569322470e-02 5.6538074377175097e-02 1.4650192147372398e-05 5.6552724573276085e-02 5.6538074377175097e-02 1.4650196100987611e-05 1.1310544914259855e-01 1.1307614875435019e-01 2.9300388248360010e-05
1014 4.9487304687500000e-01 5.6555095551459322e-02 5.6540447133341214e-02 1.4648418118108630e-05 5.6555095555327742e-02 5.6540447133341214e-02 1.4648421986528104e-05 1.1311019110678706e-01 1.1308089426668243e-01 2.9296840104636734e-05
1015 4.9536132812500000e-01 5.6557251032988462e-02 5.6542604227605930e-02 1.4646805382531602e-05 5.6557251036901200e-02 5.6542604227605930e-02 1.4646809295269791e-05 1.1311450206988966e-01 1.1308520845521186e-01 2.9293614677794455e-05
1016 4.9584960937500000e-01 5.6559191001560538e-02 5.6544545647625059e-02 1.4645353935478778e-05 5.6559191005438311e-02 5.6544545647625059e-02 1.4645357813251880e-05 1.1311838200699885e-01 1.1308909129525012e-01 2.9290711748730658e-05
1017 4.9633789062500000e-01 5.6560915446061025e-02 5.6546271382288855e-02 1.4644063772169258e-05 5.6560915449985184e-02 5.6546271382288855e-02 1.4644067696328866e-05 1.1312183089604622e-01 1.1309254276457771e-01 2.9288131468505063e-05
1018 4.9682617187500000e-01 5.6562424356610373e-02 5.6547781421721982e-02 1.4642934888391135e-05 5.6562424360495543e-02 5.6547781421721982e-02 1.4642938773561098e-05 1.1312484871710592e-01 1.1309556284344396e-01 2.9285873661952233e-05
1019 4.9731445312500000e-01 5.6563717724564075e-02 5.6549075757283511e-02 1.4641967280563939e-05 5.6563717728431835e-02 5.6549075757283511e-02 1.4641971148324218e-05 1.1312743545299592e-01 1.1309815151456702e-01 2.9283938428895095e-05
1020 4.9780273437500000e-01 5.6564795542512515e-02 5.6550154381566943e-02 1.4641160945572107e-05 5.6564795546429014e-02 5.6550154381566943e-02 1.4641164862071177e-05 1.1312959108894152e-01 1.1310030876313389e-01 2.9282325807636345e-05
1021 4.9829101562500000e-01 5.6565657804280939e-02 5.6551017288400195e-02 1.4640515880744165e-05 5.6565657808131303e-02 5.6551017288400195e-02 1.4640519731108637e-05 1.1313131561241224e-01 1.1310203457680039e-01 2.9281035611852801e-05
1022 4.9877929687500000e-01 5.6566304504929610e-02 5.6551664472845591e-02 1.4640032084019261e-05 5.6566304508785137e-02 5.6551664472845591e-02 1.4640035939546270e-05 1.1313260901371475e-01 1.1310332894569118e-01 2.9280068023565531e-05
1023 4.9926757812500000e-01 5.6566735640753596e-02 5.6552095931199885e-02 1.4639709553711244e-05 5.6566735644622661e-02 5.6552095931199885e-02 1.4639713422776035e-05 1.1313347128537626e-01 1.1310419186239977e-01 2.9279422976494218e-05
1024 4.9975585937500000e-01 5.6566951209283081e-02 5.6552311660994246e-02 1.4639548288834792e-05 5.6566951213167280e-02 5.6552311660994246e-02 1.4639552173033310e-05 1.1313390242245036e-01 1.1310462332198849e-01 2.9279100461868102e-05
1025 5.0024414062500000e-01 5.6566951209283067e-02 5.6552311660994246e-02 1.4639548288820914e-05 5.6566951213113059e-02 5.6552311660994246e-02 1.4639552118812793e-05 1.1313390242239613e-01 1.1310462332198849e-01 2.9279100407633707e-05
1026 5.0073242187500000e-01 5.6566735640753582e-02 5.6552095931199885e-02 1.4639709553697366e-05 5.6566735644637829e-02 5.6552095931199885e-02 1.4639713437944457e-05 1.1313347128539142e-01 1.1310419186239977e-01 2.9279422991648762e-05
1027 5.0122070312500000e-01 5.6566304504929624e-02 5.6551664472845591e-02 1.4640032084033139e-05 5.6566304508791181e-02 5.6551664472845591e-02 1.4640035945590046e-05 1.1313260901372080e-01 1.1310332894569118e-01 2.9280068029616246e-05
1028 5.0170898437500000e-01 5.6565657804281036e-02 5.6551017288400195e-02 1.4640515880841309e-05 5.6565657808137743e-02 5.6551017288400195e-02 1.4640519737547930e-05 1.1313131561241878e-01 1.1310203457680039e-01 2.9281035618389240e-05
1029 5.0219726562500000e-01 5.6564795542512682e-02 5.6550154381566943e-02 1.4641160945738640e-05 5.6564795546430666e-02 5.6550154381566943e-02 1.4641164863722633e-05 1.1312959108894335e-01 1.1310030876313389e-01 2.9282325809468213e-05
1030 5.0268554687500000e-01 5.6563717724564276e-02 5.6549075757283511e-02 1.4641967280765167e-05 5.6563717728459223e-02 5.6549075757283511e-02 1.4641971175712032e-05 1.1312743545302351e-01 1.1309815151456702e-01 2.9283938456484138e-05
1031 5.0317382812500000e-01 5.6562424356610567e-02 5.6547781421721982e-02 1.4642934888585424e-05 5.6562424360515916e-02 5.6547781421721982e-02 1.4642938793933691e-05 1.1312484871712648e-01 1.1309556284344396e-01 2.9285873682519115e-05
1032 5.0366210937500000e-01 5.6560915446061198e-02 5.6546271382288855e-02 1.4644063772342730e-05 5.6560915449939735e-02 5.6546271382288855e-02 1.4644067650879111e-05 1.1312183089600093e-01 1.1309254276457771e-01 2.9288131423221841e-05
1033 5.0415039062500000e-01 5.6559191001560753e-02 5.6544545647625059e-02 1.4645353935693883e-05 5.6559191005465574e-02 5.6544545647625059e-02 1.4645357840514794e-05 1.1311838200702633e-01 1.1308909129525012e-01 2.9290711776208678e-05
1034 5.0463867187500000e-01 5.6557251032988719e-02 5.6542604227605930e-02 1.4646805382788342e-05 5.6557251036932127e-02 5.6542604227605930e-02 1.4646809326196442e-05 1.1311450206992085e-01 1.1308520845521186e-01 2.9293614708991722e-05
1035 5.0512695312500000e-01 5.6555095551459607e-02 5.6540447133341214e-02 1.4648418118393125e-05 5.6555095555328831e-02 5.6540447133341214e-02 1.4648421987617510e-05 1.1311019110678844e-01 1.1308089426668243e-01 2.9296840106010635e-05
1036 5.0561523437500000e-01 5.6552724569322824e-02 5.6538074377175097e-02 1.4650192147726282e-05 5.6552724573235541e-02 5.6538074377175097e-02 1.4650196060443654e-05 1.1310544914255836e-01 1.1307614875435019e-01 2.9300388208169936e-05
1037 5.0610351562500000e-01 5.6550138100162704e-02 5.6535485972686164e-02 1.4652127476540155e-05 5.6550138104046917e-02 5.6535485972686164e-02 1.4652131360752552e-05 1.1310027620420962e-01 1.1307097194537233e-01 2.9304258837292707e-05
1038 5.0659179687500000e-01 5.6547336158798533e-02 5.6532681934687419e-02 1.4654224111114444e-05 5.6547336162724796e-02 5.6532681934687419e-02 1.4654228037376538e-05 1.1309467232152333e-01 1.1306536386937484e-01 2.9308452148490982e-05
1039 5.0708007812500000e-01 5.6544318761284643e-02 5.6529662279226289e-02 1.4656482058353348e-05 5.6544318765142682e-02 5.6529662279226289e-02 1.4656485916392237e-05 1.1308863752642732e-01 1.1305932455845258e-01 2.9312967974745585e-05
1040 5.0756835937500000e-01 5.6541085924910056e-02 5.6526427023584618e-02 1.4658901325438622e-05 5.6541085928814974e-02 5.6526427023584618e-02 1.4658905230356678e-05 1.1308217185372503e-01 1.1305285404716924e-01 2.9317806555795300e-05
1041 5.0805664062500000e-01 5.6537637668198998e-02 5.6522976186278662e-02 1.4661481920336117e-05 5.6537637672088921e-02 5.6522976186278662e-02 1.4661485810259223e-05 1.1307527534028791e-01 1.1304595237255732e-01 2.9322967730588401e-05
1042 5.0854492187500000e-01 5.6533974010910523e-02 5.6519309787059095e-02 1.4664223851428015e-05 5.6533974014811930e-02 5.6519309787059095e-02 1.4664227752834991e-05 1.1306794802572245e-01 1.1303861957411819e-01 2.9328451604263006e-05
1043 5.0903320312500000e-01 5.6530094974038679e-02 5.6515427846911007e-02 1.4667127127672430e-05 5.6530094977911276e-02 5.6515427846911007e-02 1.4667131000269118e-05 1.1306018995194995e-01 1.1303085569382201e-01 2.9334258127941548e-05
1044 5.0952148437500000e-01 5.6526000579812288e-02 5.6511330388053921e-02 1.4670191758367479e-05 5.6526000583693808e-02 5.6511330388053921e-02 1.4670195639887584e-05 1.1305200116350610e-01 1.1302266077610784e-01 2.9340387398255063e-05
1045 5.1000976562500000e-01 5.6521690851695360e-02 5.6507017433941757e-02 1.4673417753602314e-05 5.6521690855611199e-02 5.6507017433941757e-02 1.4673421669442188e-05 1.1304338170730656e-01 1.1301403486788351e-01 2.9346839423044502e-05
1046 5.1049804687500000e-01 5.6517165814386594e-02 5.6502489009262857e-02 1.4676805123736703e-05 5.6517165818248644e-02 5.6502489009262857e-02 1.4676808985786272e-05 1.1303433163263524e-01 1.1300497801852571e-01 2.9353614109522974e-05
1047 5.1098632812500000e-01 5.6512425493819747e-02 5.6497745139939992e-02 1.4680353879754915e-05 5.6512425497695876e-02 5.6497745139939992e-02 1.4680357755883500e-05 1.1302485099151563e-01 1.1299549027987998e-01 2.9360711635645353e-05
1048 5.1147460937500000e-01 5.6507469917163565e-02 5.6492785853130341e-02 1.4684064033224087e-05 5.6507469921037251e-02 5.6492785853130341e-02 1.4684067906910181e-05 1.1301493983820082e-01 1.1298557170626068e-01 2.9368131940141207e-05
1049 5.1196289062500000e-01 5.6502299112821640e-02 5.6487611177225491e-02 1.4687935596148505e-05 5.6502299116758754e-02 5.6487611177225491e-02 1.4687939533263028e-05 1.1300459822958039e-01 1.1297522235445098e-01 2.9375875129411533e-05
1050 5.1245117187500000e-01 5.6496913110432652e-02 5.6482221141851460e-02 1.4691968581191650e-05 5.6496913114312722e-02 5.6482221141851460e-02 1.4691972461261527e-05 1.1299382622474538e-01 1.1296444228370292e-01 2.9383941042460116e-05
1051 5.1293945312500000e-01 5.6491311940870120e-02 5.6476615777868687e-02 1.4696163001433338e-05 5.6491311944755998e-02 5.6476615777868687e-02 1.4696166887311068e-05 1.1298262388562612e-01 1.1295323155573737e-01 2.9392329888744406e-05
1052 5.1342773437500000e-01 5.6485495636242423e-02 5.6470795117372012e-02 1.4700518870411350e-05 5.6485495640107214e-02 5.6470795117372012e-02 1.4700522735201782e-05 1.1297099127634963e-01 1.1294159023474402e-01 2.9401041605606193e-05
1053 5.1391601562500000e-01 5.6479464229893001e-02 5.6464759193690706e-02 1.4705036202294908e-05 5.6479464233835923e-02 5.6464759193690706e-02 1.4705040145217285e-05 1.1295892846372893e-01 1.1292951838738141e-01 2.9410076347519132e-05
1054 5.1440429687500000e-01 5.6473217756400219e-02 5.6458508041388446e-02 1.4709715011773650e-05 5.6473217760298185e-02 5.6458508041388446e-02 1.4709718909738934e-05 1.1294643551669840e-01 1.1291701608277689e-01 2.9419433921512583e-05
1055 5.1489257812500000e-01 5.6466756251577321e-02 5.6452041696263340e-02 1.4714555313981303e-05 5.6466756255448378e-02 5.6452041696263340e-02 1.4714559185037557e-05 1.1293351250702570e-01 1.1290408339252668e-01 2.9429114499018860e-05
1056 5.1538085937500000e-01 5.6460079752472490e-02 5.6445360195347904e-02 1.4719557124585891e-05 5.6460079756369713e-02 5.6445360195347904e-02 1.4719561021808714e-05 1.1292015950884221e-01 1.1289072039069581e-01 2.9439118146401544e-05
1057 5.1586914062500000e-01 5.6453188297368929e-02 5.6438463576909070e-02 1.4724720459859120e-05 5.6453188301239896e-02 5.6438463576909070e-02 1.4724724330825167e-05 1.1290637659860883e-01 1.1287692715381814e-01 2.9449444790691226e-05
1058 5.1635742187500000e-01 5.6446081925784715e-02 5.6431351880448191e-02 1.4730045336523723e-05 5.6446081929659671e-02 5.6431351880448191e-02 1.4730049211479634e-05 1.1289216385544439e-01 1.1286270376089638e-01 2.9460094548003357e-05
1059 5.1684570312500000e-01 5.6438760678472880e-02 5.6424025146701036e-02 1.4735531771843668e-05 5.6438760682395971e-02 5.6424025146701036e-02 1.4735535694934687e-05 1.1287752136086884e-01 1.1284805029340207e-01 2.9471067466771417e-05
1060 5.1733398437500000e-01 5.6431224597421364e-02 5.6416483417637796e-02 1.4741179783568648e-05 5.6431224601260190e-02 5.6416483417637796e-02 1.4741183622393739e-05 1.1286244919868155e-01 1.1283296683527559e-01 2.9482363405955447e-05
1061 5.1782226562500000e-01 5.6423473725853011e-02 5.6408726736463070e-02 1.4746989389941012e-05 5.6423473729715852e-02 5.6408726736463070e-02 1.4746993252781615e-05 1.1284694745556886e-01 1.1281745347292614e-01 2.9493982642722627e-05
1062 5.1831054687500000e-01 5.6415508108225855e-02 5.6400755147615882e-02 1.4752960609973331e-05 5.6415508112071328e-02 5.6400755147615882e-02 1.4752964455445883e-05 1.1283101622029718e-01 1.1280151029523176e-01 2.9505925065412275e-05
1063 5.1879882812500000e-01 5.6407327790232539e-02 5.6392568696769667e-02 1.4759093462872463e-05 5.6407327794088635e-02 5.6392568696769667e-02 1.4759097318968462e-05 1.1281465558432117e-01 1.1278513739353933e-01 2.9518190781840925e-05
1064 5.1928710937500000e-01 5.6398932818800873e-02 5.6384167430832285e-02 1.4765387968587729e-05 5.6398932822632426e-02 5.6384167430832285e-02 1.4765391800140859e-05 1.1279786564143329e-01 1.1276833486166457e-01 2.9530779768721649e-05
1065 5.1977539062500000e-01 5.6390323242093476e-02 5.6375551397946012e-02 1.4771844147463964e-05 5.6390323245970174e-02 5.6375551397946012e-02 1.4771848024161538e-05 1.1278064648806366e-01 1.1275110279589202e-01 2.9543692171632441e-05
1066 5.2026367187500000e-01 5.6381499109507897e-02 5.6366720647487524e-02 1.4778462020373362e-05 5.6381499113433861e-02 5.6366720647487524e-02 1.4778465946337083e-05 1.1276299822294175e-01 1.1273344129497505e-01 2.9556927966703506e-05
1067 5.2075195312500000e-01 5.6372460471676697e-02 5.6357675230067947e-02 1.4785241608750166e-05 5.6372460475546490e-02 5.6357675230067947e-02 1.4785245478543541e-05 1.1274492094722319e-01 1.1271535046013589e-01 2.9570487087293706e-05
1068 5.2124023437500000e-01 5.6363207380467378e-02 5.6348415197532795e-02 1.4792182934583731e-05 5.6363207384343417e-02 5.6348415197532795e-02 1.4792186810622110e-05 1.1272641476481080e-01 1.1269683039506559e-01 2.9584369745205841e-05
1069 5.2172851562500000e-01 5.6353739888982311e-02 5.6338940602962004e-02 1.4799286020307501e-05 5.6353739892868938e-02 5.6338940602962004e-02 1.4799289906934632e-05 1.1270747978185125e-01 1.1267788120592401e-01 2.9598575927242132e-05
1070 5.2221679687500000e-01 5.6344058051558850e-02 5.6329251500669947e-02 1.4806550888903092e-05 5.6344058055451333e-02 5.6329251500669947e-02 1.4806554781386649e-05 1.1268811610701018e-01 1.1265850300133989e-01 2.9613105670289741e-05
1071 5.2270507812500000e-01 5.6334161923769312e-02 5.6319347946205398e-02 1.4813977563914171e-05 5.6334161927594904e-02 5.6319347946205398e-02 1.4813981389506792e-05 1.1266832385136422e-01 1.1263869589241080e-01 2.9627958953420963e-05
1072 5.2319335937500000e-01 5.6324051562420839e-02 5.6309229996351545e-02 1.4821566069293801e-05 5.6324051566231208e-02 5.6309229996351545e-02 1.4821569879662488e-05 1.1264810312865205e-01 1.1261845999270309e-01 2.9643135948956290e-05
1073 5.2368164062500000e-01 5.6313727025555621e-02 5.6298897709125995e-02 1.4829316429626482e-05 5.6313727029417601e-02 5.6298897709125995e-02 1.4829320291606662e-05 1.1262745405497322e-01 1.1259779541825199e-01 2.9658636721233145e-05
1074 5.2416992187500000e-01 5.6303188372450651e-02 5.6288351143780793e-02 1.4837228669857538e-05 5.6303188376337243e-02 5.6288351143780793e-02 1.4837232556449975e-05 1.1260637674878790e-01 1.1257670228756159e-01 2.9674461226314452e-05
1075 5.2465820312500000e-01 5.6292435663617954e-02 5.6277590360802369e-02 1.4845302815584549e-05 5.6292435667505344e-02 5.6277590360802369e-02 1.4845306702974959e-05 1.1258487133112330e-01 1.1255518072160474e-01 2.9690609518559508e-05
1076 5.2514648437500000e-01 5.6281468960804652e-02 5.6266615421911588e-02 1.4853538893064289e-05 5.6281468964695013e-02 5.6266615421911588e-02 1.4853542783424545e-05 1.1256293792549966e-01 1.1253323084382318e-01 2.9707081676488833e-05
1077 5.2563476562500000e-01 5.6270288326992476e-02 5.6255426390063742e-02 1.4861936928733943e-05 5.6270288330866856e-02 5.6255426390063742e-02 1.4861940803113927e-05 1.1254057665785933e-01 1.1251085278012748e-01 2.9723877731840931e-05
1078 5.2612304687500000e-01 5.6258893826398239e-02 5.6244023329448514e-02 1.4870496949724588e-05 5.6258893830279849e-02 5.6244023329448514e-02 1.4870500831334899e-05 1.1251778765667808e-01 1.1248804665889703e-01 2.9740997781052547e-05
1079 5.2661132812500000e-01 5.6247285524473778e-02 5.6232406305490028e-02 1.4879218983750164e-05 5.6247285528312034e-02 5.6232406305490028e-02 1.4879222822006266e-05 1.1249457105278582e-01 1.1246481261098006e-01 2.9758441805763369e-05
1080 5.2709960937500000e-01 5.6235463487905799e-02 5.6220575384846809e-02 1.4888103058989521e-05 5.6235463491748537e-02 5.6220575384846809e-02 1.4888106901728149e-05 1.1247092697965433e-01 1.1244115076969362e-01 2.9776209960710731e-05
1081 5.2758789062500000e-01 5.6223427784615851e-02 5.6208530635411806e-02 1.4897149204044779e-05 5.6223427788522733e-02 5.6208530635411806e-02 1.4897153110926542e-05 1.1244685557313858e-01 1.1241706127082361e-01 2.9794302314964383e-05
1082 5.2807617187500000e-01 5.6211178483760449e-02 5.6196272126312397e-02 1.4906357448052354e-05 5.6211178487584397e-02 5.6196272126312397e-02 1.4906361272000457e-05 1.1242235697134484e-01 1.1239254425262479e-01 2.9812718720045872e-05
1083 5.2856445312500000e-01 5.6198715655731132e-02 5.6183799927910345e-02 1.4915727820787039e-05 5.6198715659581601e-02 5.6183799927910345e-02 1.4915731671255594e-05 1.1239743131531274e-01 1.1236759985582069e-01 2.9831459492049572e-05
1084 5.2905273437500000e-01 5.6186039372154294e-02 5.6171114111801874e-02 1.4925260352419145e-05 5.6186039375990114e-02 5.6171114111801874e-02 1.4925264188239695e-05 1.1237207874814441e-01 1.1234222822360375e-01 2.9850524540658840e-05
1085 5.2954101562500000e-01 5.6173149705891309e-02 5.6158214750817587e-02 1.4934955073722667e-05 5.6173149709713224e-02 5.6158214750817587e-02 1.4934958895637673e-05 1.1234629941560453e-01 1.1231642950163517e-01 2.9869913969360340e-05
1086 5.3002929687500000e-01 5.6160046731038436e-02 5.6145101919022528e-02 1.4944812015908748e-05 5.6160046734872973e-02 5.6145101919022528e-02 1.4944815850445603e-05 1.1232009346591140e-01 1.1229020383804506e-01 2.9889627866347412e-05
1087 5.3051757812500000e-01 5.6146730522926853e-02 5.6131775691716138e-02 1.4954831210715891e-05 5.6146730526732448e-02 5.6131775691716138e-02 1.4954835016310619e-05 1.1229346104965930e-01 1.1226355138343228e-01 2.9909666227026510e-05
1088 5.3100585937500000e-01 5.6133201158122696e-02 5.6118236145432300e-02 1.4965012690396073e-05 5.6133201161973734e-02 5.6118236145432300e-02 1.4965016541433618e-05 1.1226640232009644e-01 1.1223647229086460e-01 2.9930029231836630e-05
1089 5.3149414062500000e-01 5.6119458714427084e-02 5.6104483357939293e-02 1.4975356487791081e-05 5.6119458718252906e-02 5.6104483357939293e-02 1.4975360313612684e-05 1.1223891743268000e-01 1.1220896671587859e-01 2.9950716801410704e-05
1090 5.3198242187500000e-01 5.6105503270876066e-02 5.6090517408239823e-02 1.4985862636242298e-05 5.6105503274675284e-02 5.6090517408239823e-02 1.4985866435460182e-05 1.1221100654555136e-01 1.1218103481647965e-01 2.9971729071709419e-05
1091 5.3247070312500000e-01 5.6091334907740459e-02 5.6076338376571014e-02 1.4996531169444993e-05 5.6091334911549648e-02 5.6076338376571014e-02 1.4996534978634068e-05 1.1218266981929011e-01 1.1215267675314203e-01 2.9993066148079062e-05
1092 5.3295898437500000e-01 5.6076953706526197e-02 5.6061946344404402e-02 1.5007362121795265e-05 5.6076953710397184e-02 5.6061946344404402e-02 1.5007365992782129e-05 1.1215390741692338e-01 1.1212389268880880e-01 3.0014728114577394e-05
1093 5.3344726562500000e-01 5.6062359749973999e-02 5.6047341394445942e-02 1.5018355528056970e-05 5.6062359753776422e-02 5.6047341394445942e-02 1.5018359330480624e-05 1.1212471950375041e-01 1.1209468278889188e-01 3.0036714858530655e-05
1094 5.3393554687500000e-01 5.6047553122059675e-02 5.6032523610636015e-02 1.5029511423660102e-05 5.6047553125879931e-02 5.6032523610636015e-02 1.5029515243916713e-05 1.1209510624793961e-01 1.1206504722127203e-01 3.0059026667583755e-05
1095 5.3442382812500000e-01 5.6032533907993766e-02 5.6017493078149405e-02 1.5040829844360781e-05 5.6032533911846587e-02 5.6017493078149405e-02 1.5040833697181621e-05 1.1206506781984035e-01 1.1203498615629881e-01 3.0081663541542403e-05
1096 5.3491210937500000e-01 5.6017302194221866e-02 5.6002249883395319e-02 1.5052310826546567e-05 5.6017302198064542e-02 5.6002249883395319e-02 1.5052314669222744e-05 1.1203460439228641e-01 1.1200449976679064e-01 3.0104625495769310e-05
1097 5.3540039062500000e-01 5.6001858068424518e-02 5.5986794114017385e-02 1.5063954407132374e-05 5.6001858072300008e-02 5.5986794114017385e-02 1.5063958282622580e-05 1.1200371614072452e-01 1.1197358822803477e-01 3.0127912689748015e-05
1098 5.3588867187500000e-01 5.5986201619517124e-02 5.5971125858893654e-02 1.5075760623470269e-05 5.5986201623379993e-02 5.5971125858893654e-02 1.5075764486338628e-05 1.1197240324289712e-01 1.1194225171778731e-01 3.0151525109808897e-05
1099 5.3637695312500000e-01 5.5970332937650073e-02 5.5955245208136564e-02 1.5087729513509063e-05 5.5970332941494942e-02 5.5955245208136564e-02 1.5087733358377931e-05 1.1194066587914502e-01 1.1191049041627313e-01 3.0175462871886993e-05
1100 5.3686523437500000e-01 5.5954252114208548e-02 5.5939152253093018e-02 1.5099861115530633e-05 5.5954252118033961e-02 5.5939152253093018e-02 1.5099864940942842e-05 1.1190850423224251e-01 1.1187830450618604e-01 3.0199726056473475e-05
1101 5.3735351562500000e-01 5.5937959241812898e-02 5.5922847086344291e-02 1.5112155468607891e-05 5.5937959245668585e-02 5.5922847086344291e-02 1.5112159324294494e-05 1.1187591848748149e-01 1.1184569417268858e-01 3.0224314792909324e-05
1102 5.3784179687500000e-01 5.5921454414318110e-02 5.5906329801706095e-02 1.5124612612014976e-05 5.5921454418102985e-02 5.5906329801706095e-02 1.5124616396890167e-05 1.1184290883242110e-01 1.1181265960341219e-01 3.0249229008905143e-05
1103 5.3833007812500000e-01 5.5904737726814230e-02 5.5889600494228572e-02 1.5137232585657467e-05 5.5904737730662186e-02 5.5889600494228572e-02 1.5137236433614143e-05 1.1180947545747641e-01 1.1177920098845714e-01 3.0274469019264671e-05
1104 5.3881835937500000e-01 5.5887809275626379e-02 5.5872659260196259e-02 1.5150015430120956e-05 5.5887809279443396e-02 5.5872659260196259e-02 1.5150019247137103e-05 1.1177561855506978e-01 1.1174531852039252e-01 3.0300034677258059e-05
1105 5.3930664062500000e-01 5.5870669158314401e-02 5.5855506197128119e-02 1.5162961186282464e-05 5.5870669162153157e-02 5.5855506197128119e-02 1.5162965025038166e-05 1.1174133832046756e-01 1.1171101239425624e-01 3.0325926211327570e-05
1106 5.3979492187500000e-01 5.5853317473672989e-02 5.5838141403777533e-02 1.5176069895456168e-05 5.5853317477521362e-02 5.5838141403777533e-02 1.5176073743829177e-05 1.1170663495119434e-01 1.1167628280755507e-01 3.0352143639278406e-05
1107 5.4028320312500000e-01 5.5835754321732038e-02 5.5820564980132305e-02 1.5189341599733397e-05 5.5835754325537813e-02 5.5820564980132305e-02 1.5189345405508536e-05 1.1167150864726985e-01 1.1164112996026461e-01 3.0378687005241933e-05
1108 5.4077148437500000e-01 5.5817979803756176e-02 5.5802777027414645e-02 1.5202776341531610e-05 5.5817979807591546e-02 5.5802777027414645e-02 1.5202780176901132e-05 1.1163595961134773e-01 1.1160555405482929e-01 3.0405556518439680e-05
1109 5.4125976562500000e-01 5.5799994022244982e-02 5.5784777648081180e-02 1.5216374163802560e-05 5.5799994026008687e-02 5.5784777648081180e-02 1.5216377927507185e-05 1.1159998804825366e-01 1.1156955529616236e-01 3.0432752091302806e-05
1110 5.4174804687500000e-01 5.5781797080932963e-02 5.5766566945822965e-02 1.5230135109997600e-05 5.5781797084755079e-02 5.5766566945822965e-02 1.5230138932113835e-05 1.1156359416568803e-01 1.1153313389164593e-01 3.0460274042104496e-05
1111 5.4223632812500000e-01 5.5763389084789582e-02 5.5748145025565472e-02 1.5244059224109319e-05 5.5763389088582124e-02 5.5748145025565472e-02 1.5244063016651987e-05 1.1152677817337170e-01 1.1149629005113094e-01 3.0488122240754367e-05
1112 5.4272460937500000e-01 5.5744770140019141e-02 5.5729511993468581e-02 1.5258146550560514e-05 5.5744770143849327e-02 5.5729511993468581e-02 1.5258150380746682e-05 1.1148954028386847e-01 1.1145902398693716e-01 3.0516296931307196e-05
1113 5.4321289062500000e-01 5.5725940354060984e-02 5.5710667956926585e-02 1.5272397134398485e-05 5.5725940357873420e-02 5.5710667956926585e-02 1.5272400946834963e-05 1.1145188071193440e-01 1.1142133591385317e-01 3.0544798081233449e-05
1114 5.4370117187500000e-01 5.5706899835589248e-02 5.5691613024568216e-02 1.5286811021031355e-05 5.5706899839372534e-02 5.5691613024568216e-02 1.5286814804317539e-05 1.1141379967496179e-01 1.1138322604913643e-01 3.0573625825355832e-05
1115 5.4418945312500000e-01 5.5687648694513009e-02 5.5672347306256600e-02 1.5301388256408477e-05 5.5687648698277907e-02 5.5672347306256600e-02 1.5301392021306592e-05 1.1137529739279092e-01 1.1134469461251320e-01 3.0602780277722008e-05
1116 5.4467773437500000e-01 5.5668187041976437e-02 5.5652870913089292e-02 1.5316128887145342e-05 5.5668187045762249e-02 5.5652870913089292e-02 1.5316132672957283e-05 1.1133637408773869e-01 1.1130574182617858e-01 3.0632261560109564e-05
1117 5.4516601562500000e-01 5.5648514990358423e-02 5.5633183957398268e-02 1.5331032960155810e-05 5.5648514994180671e-02 5.5633183957398268e-02 1.5331036782403884e-05 1.1129702998453909e-01 1.1126636791479654e-01 3.0662069742559694e-05
1118 5.4565429687500000e-01 5.5628632653272836e-02 5.5613286552749906e-02 1.5346100522929673e-05 5.5628632657091732e-02 5.5613286552749906e-02 1.5346104341826261e-05 1.1125726531036456e-01 1.1122657310549981e-01 3.0692204864748995e-05
1119 5.4614257812500000e-01 5.5608540145568396e-02 5.5593178813945023e-02 1.5361331623373053e-05 5.5608540149357601e-02 5.5593178813945023e-02 1.5361335412578114e-05 1.1121708029492600e-01 1.1118635762789005e-01 3.0722667035951168e-05
1120 5.4663085937500000e-01 5.5588237583328870e-02 5.5572860857018833e-02 1.5376726310037392e-05 5.5588237587145803e-02 5.5572860857018833e-02 1.5376730126970273e-05 1.1117647517047467e-01 1.1114572171403767e-01 3.0753456437007665e-05
1121 5.4711914062500000e-01 5.5567725083872845e-02 5.5552332799240975e-02 1.5392284631869646e-05 5.5567725087691734e-02 5.5552332799240975e-02 1.5392288450759295e-05 1.1113545017156458e-01 1.1110466559848195e-01 3.0784573082628941e-05
1122 5.4760742187500000e-01 5.5547002765753854e-02 5.5531594759115503e-02 1.5408006638351068e-05 5.5547002769517656e-02 5.5531594759115503e-02 1.5408010402152839e-05 1.1109400553527152e-01 1.1106318951823101e-01 3.0816017040510846e-05
1123 5.4809570312500000e-01 5.5526070748760301e-02 5.5510646856380901e-02 1.5423892379400062e-05 5.5526070752543739e-02 5.5510646856380901e-02 1.5423896162838902e-05 1.1105214150130405e-01 1.1102129371276180e-01 3.0847788542245902e-05
1124 5.4858398437500000e-01 5.5504929153915666e-02 5.5489489212010058e-02 1.5439941905608101e-05 5.5504929157722795e-02 5.5489489212010058e-02 1.5439945712736325e-05 1.1100985831163845e-01 1.1097897842402012e-01 3.0879887618337487e-05
1125 5.4907226562500000e-01 5.5483578103478169e-02 5.5468121948210269e-02 1.5456155267899729e-05 5.5483578107303262e-02 5.5468121948210269e-02 1.5456159092992749e-05 1.1096715621078143e-01 1.1093624389642054e-01 3.0912314360892479e-05
1126 5.4956054687500000e-01 5.5462017720940920e-02 5.5446545188423277e-02 1.5472532517643578e-05 5.5462017724706270e-02 5.5446545188423277e-02 1.5472536282992722e-05 1.1092403544564719e-01 1.1089309037684655e-01 3.0945068800636299e-05
1127 5.5004882812500000e-01 5.5440248131032085e-02 5.5424759057325218e-02 1.5489073706867473e-05 5.5440248134775091e-02 5.5424759057325218e-02 1.5489077449873379e-05 1.1088049626580718e-01 1.1084951811465044e-01 3.0978151156740852e-05
1128 5.5053710937500000e-01 5.5418269459714703e-02 5.5402763680826646e-02 1.5505778888057209e-05 5.5418269463483251e-02 5.5402763680826646e-02 1.5505782656605183e-05 1.1083653892319795e-01 1.1080552736165329e-01 3.1011561544655453e-05
1129 5.5102539062500000e-01 5.5396081834186643e-02 5.5380559186072549e-02 1.5522648114094095e-05 5.5396081837942639e-02 5.5380559186072549e-02 1.5522651870089610e-05 1.1079216367212928e-01 1.1076111837214510e-01 3.1045299984183705e-05
1130 5.5151367187500000e-01 5.5373685382880712e-02 5.5358145701442318e-02 1.5539681438393738e-05 5.5373685386645985e-02 5.5358145701442318e-02 1.5539685203666553e-05 1.1074737076952670e-01 1.1071629140288464e-01 3.1079366642067230e-05
1131 5.5200195312500000e-01 5.5351080235464811e-02 5.5335523356549760e-02 1.5556878915051753e-05 5.5351080239240381e-02 5.5335523356549760e-02 1.5556882690621887e-05 1.1070216047470519e-01 1.1067104671309952e-01 3.1113761605666701e-05
1132 5.5249023437500000e-01 5.5328266522841500e-02 5.5312692282243107e-02 1.5574240598392741e-05 5.5328266526589384e-02 5.5312692282243107e-02 1.5574244346276689e-05 1.1065653304943088e-01 1.1062538456448621e-01 3.1148484944662491e-05
1133 5.5297851562500000e-01 5.5305244377148288e-02 5.5289652610605006e-02 1.5591766543282537e-05 5.5305244380886277e-02 5.5289652610605006e-02 1.5591770281271622e-05 1.1061048875803456e-01 1.1057930522121001e-01 3.1183536824547220e-05
1134 5.5346679687500000e-01 5.5282013931757697e-02 5.5266404474952527e-02 1.5609456805169841e-05 5.5282013935573839e-02 5.5266404474952527e-02 1.5609460621311688e-05 1.1056402786733154e-01 1.1053280894990505e-01 3.1218917426481529e-05
1135 5.5395507812500000e-01 5.5258575321277134e-02 5.5242948009837138e-02 1.5627311439996017e-05 5.5258575325013139e-02 5.5242948009837138e-02 1.5627315176000578e-05 1.1051715064629028e-01 1.1048589601967428e-01 3.1254626616003534e-05
1136 5.5444335937500000e-01 5.5234928681548889e-02 5.5219283351044750e-02 1.5645330504139576e-05 5.5234928685281515e-02 5.5219283351044750e-02 1.5645334236764896e-05 1.1046985736683040e-01 1.1043856670208950e-01 3.1290664740904472e-05
1137 5.5493164062500000e-01 5.5211074149650083e-02 5.5195410635595667e-02 1.5663514054416183e-05 5.5211074153392548e-02 5.5195410635595667e-02 1.5663517796880855e-05 1.1042214830304263e-01 1.1039082127119133e-01 3.1327031851297038e-05
1138 5.5541992187500000e-01 5.5187011863892910e-02 5.5171330001744630e-02 1.5681862148279879e-05 5.5187011867617618e-02 5.5171330001744630e-02 1.5681865872987921e-05 1.1037402373151053e-01 1.1034266000348926e-01 3.1363728021274739e-05
1139 5.5590820312500000e-01 5.5162741963824313e-02 5.5147041588980789e-02 1.5700374843524711e-05 5.5162741967597531e-02 5.5147041588980789e-02 1.5700378616742561e-05 1.1032548393142184e-01 1.1029408317796158e-01 3.1400753460267272e-05
1140 5.5639648437500000e-01 5.5138264590226270e-02 5.5122545538027701e-02 1.5719052198569228e-05 5.5138264593961039e-02 5.5122545538027701e-02 1.5719055933338666e-05 1.1027652918418732e-01 1.1024509107605540e-01 3.1438108131914833e-05
1141 5.5688476562500000e-01 5.5113579885115539e-02 5.5097841990843367e-02 1.5737894272171982e-05 5.5113579888847651e-02 5.5097841990843367e-02 1.5737898004283823e-05 1.1022715977396319e-01 1.1019568398168673e-01 3.1475792276455805e-05
1142 5.5737304687500000e-01 5.5088687991743879e-02 5.5072931090620177e-02 1.5756901123702149e-05 5.5088687995480563e-02 5.5072931090620177e-02 1.5756904860386722e-05 1.1017737598722444e-01 1.1014586218124035e-01 3.1513805984081933e-05
1143 5.5786132812500000e-01 5.5063589054597857e-02 5.5047812981784947e-02 1.5776072812910547e-05 5.5063589058317979e-02 5.5047812981784947e-02 1.5776076533031980e-05 1.1012717811291584e-01 1.1009562596356989e-01 3.1552149345942526e-05
1144 5.5834960937500000e-01 5.5038283219399096e-02 5.5022487809998924e-02 1.5795409400172489e-05 5.5038283223131902e-02 5.5022487809998924e-02 1.5795413132978220e-05 1.1007656644253100e-01 1.1004497561999785e-01 3.1590822533150709e-05
1145 5.5883789062500000e-01 5.5012770633103891e-02 5.4996955722157757e-02 1.5814910946133909e-05 5.5012770636859575e-02 5.4996955722157757e-02 1.5814914701817173e-05 1.1002554126996347e-01 1.0999391144431551e-01 3.1629825647958021e-05
1146 5.5932617187500000e-01 5.4987051443903673e-02 5.4971216866391517e-02 1.5834577512155446e-05 5.4987051447643313e-02 5.4971216866391517e-02 1.5834581251795987e-05 1.0997410289154699e-01 1.0994243373278303e-01 3.1669158763958372e-05
1147 5.5981445312500000e-01 5.4961125801224600e-02 5.4945271392064690e-02 1.5854409159909988e-05 5.4961125804954686e-02 5.4945271392064690e-02 1.5854412889995673e-05 1.0992225160617929e-01 1.0989054278412938e-01 3.1708822049905661e-05
1148 5.6030273437500000e-01 5.4934993855727844e-02 5.4919119449776184e-02 1.5874405951660231e-05 5.4934993859442206e-02 5.4919119449776184e-02 1.5874409666022382e-05 1.0986998771517005e-01 1.0983823889955237e-01 3.1748815617682613e-05
1149 5.6079101562500000e-01 5.4908655759309470e-02 5.4892761191359316e-02 1.5894567950154592e-05 5.4908655763012258e-02 5.4892761191359316e-02 1.5894571652942668e-05 1.0981731152232173e-01 1.0978552238271863e-01 3.1789139603097261e-05
1150 5.6127929687500000e-01 5.4882111665100305e-02 5.4866196769881838e-02 1.5914895218467617e-05 5.4882111668841702e-02 5.4866196769881838e-02 1.5914898959863699e-05 1.0976422333394201e-01 1.0973239353976368e-01 3.1829794178331317e-05
1151 5.6176757812500000e-01 5.4855361727466169e-02 5.4839426339645891e-02 1.5935387820277536e-05 5.4855361731155738e-02 5.4839426339645891e-02 1.5935391509847019e-05 1.0971072345862190e-01 1.0967885267929178e-01 3.1870779330117616e-05
1152 5.6225585937500000e-01 5.4828406102007891e-02 5.4812450056188060e-02 1.5956045819831566e-05 5.4828406105750307e-02 5.4812450056188060e-02 1.5956049562247665e-05 1.0965681220775819e-01 1.0962490011237612e-01 3.1912095382072292e-05
1153 5.6274414062500000e-01 5.4801244945560948e-02 5.4785268076279335e-02 1.5976869281612849e-05 5.4801244949246299e-02 5.4785268076279335e-02 1.5976872966963485e-05 1.0960248989480725e-01 1.0957053615255867e-01 3.1953742248583272e-05
1154 5.6323242187500000e-01 5.4773878416195937e-02 5.4757880557925125e-02 1.5997858270812293e-05 5.4773878419874938e-02 5.4757880557925125e-02 1.5997861949813841e-05 1.0954775683607088e-01 1.0951576111585025e-01 3.1995720220626134e-05
1155 5.6372070312500000e-01 5.4746306673218316e-02 5.4730287660365251e-02 1.6019012853064896e-05 5.4746306676906650e-02 5.4730287660365251e-02 1.6019016541399256e-05 1.0949261335012497e-01 1.0946057532073050e-01 3.2038029394471090e-05
1156 5.6420898437500000e-01 5.4718529877168250e-02 5.4702489544073966e-02 1.6040333094283210e-05 5.4718529880852948e-02 5.4702489544073966e-02 1.6040336778981590e-05 1.0943705975802120e-01 1.0940497908814793e-01 3.2080669873271739e-05
1157 5.6469726562500000e-01 5.4690548189821032e-02 5.4674486370759924e-02 1.6061819061108373e-05 5.4690548193495801e-02 5.4674486370759924e-02 1.6061822735877196e-05 1.0938109638331683e-01 1.0934897274151985e-01 3.2123641796985569e-05
1158 5.6518554687500000e-01 5.4662361774186680e-02 5.4646278303366200e-02 1.6083470820479895e-05 5.4662361777877845e-02 5.4646278303366200e-02 1.6083474511645324e-05 1.0932472355206452e-01 1.0929255660673240e-01 3.2166945332118280e-05
1159 5.6567382812500000e-01 5.4633970794510114e-02 5.4617865506070298e-02 1.6105288439816068e-05 5.4633970798210550e-02 5.4617865506070298e-02 1.6105292140251859e-05 1.0926794159272066e-01 1.0923573101214060e-01 3.2210580580060988e-05
1160 5.6616210937500000e-01 5.4605375416271328e-02 5.4589248144284119e-02 1.6127271987208258e-05 5.4605375419950690e-02 5.4589248144284119e-02 1.6127275666570628e-05 1.0921075083622202e-01 1.0917849628856824e-01 3.2254547653778887e-05
1161 5.6665039062500000e-01 5.4576575806185072e-02 5.4560426384654005e-02 1.6149421531067021e-05 5.4576575809851993e-02 5.4560426384654005e-02 1.6149425197987954e-05 1.0915315161603706e-01 1.0912085276930801e-01 3.2298846729048036e-05
1162 5.6713867187500000e-01 5.4547572132200940e-02 5.4531400395060693e-02 1.6171737140247000e-05 5.4547572135889295e-02 5.4531400395060693e-02 1.6171740828602177e-05 1.0909514426809024e-01 1.0906280079012139e-01 3.2343477968849177e-05
1163 5.6762695312500000e-01 5.4518364563503521e-02 5.4502170344619350e-02 1.6194218884171829e-05 5.4518364567190614e-02 5.4502170344619350e-02 1.6194222571264127e-05 1.0903672913069413e-01 1.0900434068923870e-01 3.2388441455435957e-05
1164 5.6811523437500000e-01 5.4488953270512168e-02 5.4472736403679563e-02 1.6216866832605148e-05 5.4488953274227432e-02 5.4472736403679563e-02 1.6216870547869355e-05 1.0897790654473960e-01 1.0894547280735913e-01 3.2433737380474503e-05
1165 5.6860351562500000e-01 5.4459338424881210e-02 5.4443098743825323e-02 1.6239681055886523e-05 5.4459338428578426e-02 5.4443098743825323e-02 1.6239684753102668e-05 1.0891867685345963e-01 1.0888619748765065e-01 3.2479365808982252e-05
1166 5.6909179687500000e-01 5.4429520199499815e-02 5.4413257537875050e-02 1.6262661624764918e-05 5.4429520203183361e-02 5.4413257537875050e-02 1.6262665308311441e-05 1.0885904040268318e-01 1.0882651507575010e-01 3.2525326933083298e-05
1167 5.6958007812500000e-01 5.4399498768492191e-02 5.4383212959881570e-02 1.6285808610620733e-05 5.4399498772141348e-02 5.4383212959881570e-02 1.6285812259778099e-05 1.0879899754063355e-01 1.0876642591976314e-01 3.2571620870405771e-05
1168 5.7006835937500000e-01 5.4369274307217101e-02 5.4352965185132149e-02 1.6309122084952332e-05 5.4369274310904422e-02 5.4352965185132149e-02 1.6309125772273614e-05 1.0873854861812152e-01 1.0870593037026430e-01 3.2618247857219007e-05
1169 5.7055664062500000e-01 5.4338846992268548e-02 5.4322514390148444e-02 1.6332602120104622e-05 5.4338846995951325e-02 5.4322514390148444e-02 1.6332605802880928e-05 1.0867769398821987e-01 1.0864502878029689e-01 3.2665207922985551e-05
1170 5.7104492187500000e-01 5.4308217001475194e-02 5.4291860752686535e-02 1.6356248788658434e-05 5.4308217005189292e-02 5.4291860752686535e-02 1.6356252502756907e-05 1.0861643400666449e-01 1.0858372150537307e-01 3.2712501291415341e-05
1171 5.7153320312500000e-01 5.4277384513900677e-02 5.4261004451736934e-02 1.6380062163742770e-05 5.4277384517566474e-02 5.4261004451736934e-02 1.6380065829539603e-05 1.0855476903146716e-01 1.0852200890347387e-01 3.2760127993289312e-05
1172 5.7202148437500000e-01 5.4246349709843558e-02 5.4229945667524558e-02 1.6404042319000112e-05 5.4246349713481599e-02 5.4229945667524558e-02 1.6404045957041369e-05 1.0849269942332515e-01 1.0845989133504912e-01 3.2808088276034542e-05
1173 5.7250976562500000e-01 5.4215112770837147e-02 5.4198684581508734e-02 1.6428189328412945e-05 5.4215112774478297e-02 5.4198684581508734e-02 1.6428192969562827e-05 1.0843022554531545e-01 1.0839736916301747e-01 3.2856382297982711e-05
1174 5.7299804687500000e-01 5.4183673879649688e-02 5.4167221376383232e-02 1.6452503266456420e-05 5.4183673883270562e-02 5.4167221376383232e-02 1.6452506887330853e-05 1.0836734776292026e-01 1.0833444275276646e-01 3.2905010153794212e-05
1175 5.7348632812500000e-01 5.4152033220284328e-02 5.4135556236076215e-02 1.6476984208112222e-05 5.4152033223951734e-02 5.4135556236076215e-02 1.6476987875518878e-05 1.0830406644423607e-01 1.0827111247215243e-01 3.2953972083638039e-05
1176 5.7397460937500000e-01 5.4120190977979113e-02 5.4103689345750272e-02 1.6501632228840823e-05 5.4120190981630428e-02 5.4103689345750272e-02 1.6501635880156185e-05 1.0824038195960954e-01 1.0820737869150054e-01 3.3003268108997008e-05
1177 5.7446289062500000e-01 5.4088147339206902e-02 5.4071620891802410e-02 1.6526447404491273e-05 5.4088147342860188e-02 5.4071620891802410e-02 1.6526451057777281e-05 1.0817629468206709e-01 1.0814324178360482e-01 3.3052898462268554e-05
1178 5.7495117187500000e-01 5.4055902491675599e-02 5.4039351061864048e-02 1.6551429811550999e-05 5.4055902495311732e-02 5.4039351061864048e-02 1.6551433447684061e-05 1.0811180498698733e-01 1.0807870212372810e-01 3.3102863259235060e-05
1179 5.7543945312500000e-01 5.4023456624327636e-02 5.4006880044801031e-02 1.6576579526604573e-05 5.4023456627998637e-02 5.4006880044801031e-02 1.6576583197605577e-05 1.0804691325232627e-01 1.0801376008960206e-01 3.3153162724203211e-05
1180 5.7592773437500000e-01 5.3990809927340684e-02 5.3974208030713615e-02 1.6601896627069235e-05 5.3990809930975263e-02 5.3974208030713615e-02 1.6601900261647984e-05 1.0798161985831595e-01 1.0794841606142723e-01 3.3203796888717219e-05
1181 5.7641601562500000e-01 5.3957962592127082e-02 5.3941335210936477e-02 1.6627381190605084e-05 5.3957962595762785e-02 5.3941335210936477e-02 1.6627384826307934e-05 1.0791592518788987e-01 1.0788267042187295e-01 3.3254766016913018e-05
1182 5.7690429687500000e-01 5.3924914811334157e-02 5.3908261778038702e-02 1.6653033295455089e-05 5.3924914814981406e-02 5.3908261778038702e-02 1.6653036942704258e-05 1.0784982962631556e-01 1.0781652355607740e-01 3.3306070238159347e-05
1183 5.7739257812500000e-01 5.3891666778843987e-02 5.3874987925823799e-02 1.6678853020188344e-05 5.3891666782448167e-02 5.3874987925823799e-02 1.6678856624367799e-05 1.0778333356129216e-01 1.0774997585164760e-01 3.3357709644563083e-05
1184 5.7788085937500000e-01 5.3858218689773578e-02 5.3841513849329704e-02 1.6704840443873548e-05 5.3858218693369424e-02 5.3841513849329704e-02 1.6704844039719391e-05 1.0771643738314300e-01 1.0768302769865941e-01 3.3409684483592939e-05
1185 5.7836914062500000e-01 5.3824570740474850e-02 5.3807839744828757e-02 1.6730995646092872e-05 5.3824570744092574e-02 5.3807839744828757e-02 1.6730999263817048e-05 1.0764914148456742e-01 1.0761567948965751e-01 3.3461994909902981e-05
1186 5.7885742187500000e-01 5.3790723128534529e-02 5.3773965809827719e-02 1.6757318706810131e-05 5.3790723132097512e-02 5.3773965809827719e-02 1.6757322269793373e-05 1.0758144626063204e-01 1.0754793161965544e-01 3.3514640976603505e-05
1187 5.7934570312500000e-01 5.3756676052774281e-02 5.3739892243067765e-02 1.6783809706516495e-05 5.3756676056376858e-02 5.3739892243067765e-02 1.6783813309093065e-05 1.0751335210915114e-01 1.0747978448613553e-01 3.3567623015609560e-05
1188 5.7983398437500000e-01 5.3722429713250495e-02 5.3705619244524494e-02 1.6810468726001504e-05 5.3722429716857714e-02 5.3705619244524494e-02 1.6810472333220194e-05 1.0744485943010820e-01 1.0741123848904899e-01 3.3620941059214760e-05
1189 5.8032226562500000e-01 5.3687984311254648e-02 5.3671147015407920e-02 1.6837295846727773e-05 5.3687984314880317e-02 5.3671147015407920e-02 1.6837299472396983e-05 1.0737596862613497e-01 1.0734229403081584e-01 3.3674595319124756e-05
1190 5.8081054687500000e-01 5.3653340049312964e-02 5.3636475758162466e-02 1.6864291150497923e-05 5.3653340052924943e-02 5.3636475758162466e-02 1.6864294762476695e-05 1.0730668010223790e-01 1.0727295151632493e-01 3.3728585912967679e-05
1191 5.8129882812500000e-01 5.3618497131186472e-02 5.3601605676466983e-02 1.6891454719489274e-05 5.3618497134750691e-02 5.3601605676466983e-02 1.6891458283707639e-05 1.0723699426593716e-01 1.0720321135293397e-01 3.3782913003196913e-05
1192 5.8178710937500000e-01 5.3583455761871061e-02 5.3566536975234745e-02 1.6918786636316296e-05 5.3583455765474491e-02 5.3566536975234745e-02 1.6918790239746351e-05 1.0716691152734556e-01 1.0713307395046949e-01 3.3837576876069586e-05
1193 5.8227539062500000e-01 5.3548216147597728e-02 5.3531269860613420e-02 1.6946286984308168e-05 5.3548216151189147e-02 5.3531269860613420e-02 1.6946290575726997e-05 1.0709643229878688e-01 1.0706253972122684e-01 3.3892577560035164e-05
1194 5.8276367187500000e-01 5.3512778495831990e-02 5.3495804539985113e-02 1.6973955846877331e-05 5.3512778499404869e-02 5.3495804539985113e-02 1.6973959419755436e-05 1.0702555699523686e-01 1.0699160907997023e-01 3.3947915266632767e-05
1195 5.8325195312500000e-01 5.3477143015274481e-02 5.3460141221966337e-02 1.7001793308143998e-05 5.3477143018844049e-02 5.3460141221966337e-02 1.7001796877712250e-05 1.0695428603411852e-01 1.0692028244393267e-01 3.4003590185849308e-05
1196 5.8374023437500000e-01 5.3441309915860512e-02 5.3424280116408034e-02 1.7029799452478178e-05 5.3441309919416709e-02 5.3424280116408034e-02 1.7029803008675182e-05 1.0688261983527722e-01 1.0684856023281607e-01 3.4059602461153360e-05
1197 5.8422851562500000e-01 5.3405279408760421e-02 5.3388221434395540e-02 1.7057974364881323e-05 5.3405279412307688e-02 5.3388221434395540e-02 1.7057977912147970e-05 1.0681055882106810e-01 1.0677644286879108e-01 3.4115952277022354e-05
1198 5.8471679687500000e-01 5.3369051706379241e-02 5.3351965388248643e-02 1.7086318130597744e-05 5.3369051709894262e-02 5.3351965388248643e-02 1.7086321645619351e-05 1.0673810341627350e-01 1.0670393077649729e-01 3.4172639776217095e-05
1199 5.8520507812500000e-01 5.3332627022357047e-02 5.3315512191521509e-02 1.7114830835537886e-05 5.3332627025953996e-02 5.3315512191521509e-02 1.7114834432487014e-05 1.0666525404831104e-01 1.0663102438304302e-01 3.4229665268017961e-05
1200 5.8569335937500000e-01 5.3296005571568598e-02 5.3278862059002757e-02 1.7143512565841179e-05 5.3296005575117794e-02 5.3278862059002757e-02 1.7143516115036839e-05 1.0659201114668640e-01 1.0655772411800551e-01 3.4287028680884957e-05
1201 5.8618164062500000e-01 5.3259187570123642e-02 5.3242015206715398e-02 1.7172363408243796e-05 5.3259187573650474e-02 5.3242015206715398e-02 1.7172366935075400e-05 1.0651837514377412e-01 1.0648403041343080e-01 3.4344730343319196e-05
1202 5.8666992187500000e-01 5.3222173235366696e-02 5.3204971851916867e-02 1.7201383449828855e-05 5.3222173238897642e-02 5.3204971851916867e-02 1.7201386980775224e-05 1.0644434647426435e-01 1.0640994370383373e-01 3.4402770430611018e-05
1203 5.8715820312500000e-01 5.3184962785877150e-02 5.3167732213099027e-02 1.7230572778123565e-05 5.3184962789385733e-02 5.3167732213099027e-02 1.7230576286705879e-05 1.0636992557526288e-01 1.0633546442619805e-01 3.4461149064829444e-05
1204 5.8764648437500000e-01 5.3147556441469290e-02 5.3130296509988136e-02 1.7259931481154733e-05 5.3147556445017549e-02 5.3130296509988136e-02 1.7259935029413642e-05 1.0629511288648684e-01 1.0626059301997627e-01 3.4519866510568376e-05
1205 5.8813476562500000e-01 5.3109954423192274e-02 5.3092664963544901e-02 1.7289459647372440e-05 5.3109954426688109e-02 5.3092664963544901e-02 1.7289463143208006e-05 1.0621990884988039e-01 1.0618532992708980e-01 3.4578922790587385e-05
1206 5.8862304687500000e-01 5.3072156953330014e-02 5.3054837795964413e-02 1.7319157365601467e-05 5.3072156956832699e-02 5.3054837795964413e-02 1.7319160868285721e-05 1.0614431391016271e-01 1.0610967559192883e-01 3.4638318233887189e-05
1207 5.8911132812500000e-01 5.3034164255401216e-02 5.3016815230676202e-02 1.7349024725013540e-05 5.3034164258908993e-02 5.3016815230676202e-02 1.7349028232790942e-05 1.0606832851431021e-01 1.0603363046135240e-01 3.4698052957804482e-05
1208 5.8959960937500000e-01 5.2995976554159614e-02 5.2978597492344209e-02 1.7379061815404884e-05 5.2995976557666843e-02 5.2978597492344209e-02 1.7379065322634113e-05 1.0599195311182646e-01 1.0595719498468842e-01 3.4758127138045936e-05
1209 5.9008789062500000e-01 5.2957594075593709e-02 5.2940184806866790e-02 1.7409268726918670e-05 5.2957594079104754e-02 5.2940184806866790e-02 1.7409272237964291e-05 1.0591518815469847e-01 1.0588036961373358e-01 3.4818540964889899e-05
1210 5.9057617187500000e-01 5.2919017046926885e-02 5.2901577401376722e-02 1.7439645550162974e-05 5.2919017050433524e-02 5.2901577401376722e-02 1.7439649056802398e-05 1.0583803409736041e-01 1.0580315480275344e-01 3.4879294606965372e-05
1211 5.9106445312500000e-01 5.2880245696617312e-02 5.2862775504241191e-02 1.7470192376120575e-05 5.2880245700101303e-02 5.2862775504241191e-02 1.7470195860111448e-05 1.0576049139671861e-01 1.0572555100848238e-01 3.4940388236232023e-05
1212 5.9155273437500000e-01 5.2841280254358053e-02 5.2823779345061821e-02 1.7500909296232214e-05 5.2841280257884621e-02 5.2823779345061821e-02 1.7500912822800141e-05 1.0568256051224267e-01 1.0564755869012364e-01 3.5001822119032355e-05
1213 5.9204101562500000e-01 5.2802120951076947e-02 5.2784589154674627e-02 1.7531796402320277e-05 5.2802120954563395e-02 5.2784589154674627e-02 1.7531799888767519e-05 1.0560424190564034e-01 1.0556917830934925e-01 3.5063596291087795e-05
1214 5.9252929687500000e-01 5.2762768018936729e-02 5.2745205165150050e-02 1.7562853786678989e-05 5.2762768022435472e-02 5.2745205165150050e-02 1.7562857285421951e-05 1.0552553604137220e-01 1.0549041033030010e-01 3.5125711072100940e-05
1215 5.9301757812500000e-01 5.2723221691334934e-02 5.2705627609792964e-02 1.7594081541970341e-05 5.2723221694818509e-02 5.2705627609792964e-02 1.7594085025544881e-05 1.0544644338615344e-01 1.0541125521958593e-01 3.5188166567515222e-05
1216 5.9350585937500000e-01 5.2683482202904086e-02 5.2665856723142640e-02 1.7625479761446128e-05 5.2683482206391026e-02 5.2665856723142640e-02 1.7625483248386031e-05 1.0536696440929511e-01 1.0533171344628528e-01 3.5250963009825220e-05
1217 5.9399414062500000e-01 5.2643549789511405e-02 5.2625892740972777e-02 1.7657048538628761e-05 5.2643549793009087e-02 5.2625892740972777e-02 1.7657052036310072e-05 1.0528709958252050e-01 1.0525178548194555e-01 3.5314100574945773e-05
1218 5.9448242187500000e-01 5.2603424688258967e-02 5.2585735900291482e-02 1.7688787967484743e-05 5.2603424691723577e-02 5.2585735900291482e-02 1.7688791432095285e-05 1.0520684937998254e-01 1.0517147180058296e-01 3.5377579399573089e-05
1219 5.9497070312500000e-01 5.2563107137483668e-02 5.2545386439341299e-02 1.7720698142369151e-05 5.2563107140943005e-02 5.2545386439341299e-02 1.7720701601706135e-05 1.0512621427842667e-01 1.0509077287868260e-01 3.5441399744068347e-05
1220 5.9545898437500000e-01 5.2522597376757310e-02 5.2504844597599160e-02 1.7752779158150545e-05 5.2522597380234778e-02 5.2504844597599160e-02 1.7752782635618858e-05 1.0504519475699209e-01 1.0500968919519832e-01 3.5505561793769402e-05
1221 5.9594726562500000e-01 5.2481895646886531e-02 5.2464110615776438e-02 1.7785031110092997e-05 5.2481895650372701e-02 5.2464110615776438e-02 1.7785034596262683e-05 1.0496379129725923e-01 1.0492822123155288e-01 3.5570065706355680e-05
1222 5.9643554687500000e-01 5.2441002189912676e-02 5.2423184735818910e-02 1.7817454093765894e-05 5.2441002193391234e-02 5.2423184735818910e-02 1.7817457572323614e-05 1.0488200438330392e-01 1.0484636947163782e-01 3.5634911666096447e-05
1223 5.9692382812500000e-01 5.2399917249111992e-02 5.2382067200906789e-02 1.7850048205203528e-05 5.2399917252556376e-02 5.2382067200906789e-02 1.7850051649587195e-05 1.0479983450166837e-01 1.0476413440181358e-01 3.5700099854790723e-05
1224 5.9741210937500000e-01 5.2358641068995695e-02 5.2340758255454679e-02 1.7882813541016118e-05 5.2358641072455921e-02 5.2340758255454679e-02 1.7882817001241280e-05 1.0471728214145162e-01 1.0468151651090936e-01 3.5765630542264337e-05
1225 5.9790039062500000e-01 5.2317173895309675e-02 5.2299258145111611e-02 1.7915750198063685e-05 5.2317173898792348e-02 5.2299258145111611e-02 1.7915753680736168e-05 1.0463434779410202e-01 1.0459851629022322e-01 3.5831503878799853e-05
1226 5.9838867187500000e-01 5.2275515975034735e-02 5.2257567116761050e-02 1.7948858273685031e-05 5.2275515978523347e-02 5.2257567116761050e-02 1.7948861762297208e-05 1.0455103195355808e-01 1.0451513423352210e-01 3.5897720035982239e-05
1227 5.9887695312500000e-01 5.2233667556386469e-02 5.2215685418520855e-02 1.7982137865614478e-05 5.2233667559811625e-02 5.2215685418520855e-02 1.7982141290770470e-05 1.0446733511619810e-01 1.0443137083704171e-01 3.5964279156391887e-05
1228 5.9936523437500000e-01 5.2191628888815227e-02 5.2173613299743321e-02 1.8015589071905536e-05 5.2191628892239293e-02 5.2173613299743321e-02 1.8015592495972121e-05 1.0438325778105452e-01 1.0434722659948664e-01 3.6031181567877657e-05
1229 5.9985351562500000e-01 5.2149400223006237e-02 5.2131351011015140e-02 1.8049211991097436e-05 5.2149400226430213e-02 5.2131351011015140e-02 1.8049215415073816e-05 1.0429880044943646e-01 1.0426270202203028e-01 3.6098427406178191e-05
1230 6.0034179687500000e-01 5.2106981810879700e-02 5.2088898804157430e-02 1.8083006722270645e-05 5.2106981814298695e-02 5.2088898804157430e-02 1.8083010141264899e-05 1.0421396362517840e-01 1.0417779760831486e-01 3.6166016863542483e-05
1231 6.0083007812500000e-01 5.2064373905590440e-02 5.2046256932225740e-02 1.8116973364699918e-05 5.2064373909039473e-02 5.2046256932225740e-02 1.8116976813732644e-05 1.0412874781462991e-01 1.0409251386445148e-01 3.6233950178432561e-05
1232 6.0131835937500000e-01 5.2021576761528181e-02 5.2003425649510021e-02 1.8151112018159610e-05 5.2021576764916581e-02 5.2003425649510021e-02 1.8151115406560281e-05 1.0404315352644476e-01 1.0400685129902004e-01 3.6302227424719891e-05
1233 6.0180664062500000e-01 5.1978590634317451e-02 5.1960405211534645e-02 1.8185422782805716e-05 5.1978590637746402e-02 5.1960405211534645e-02 1.8185426211757283e-05 1.0395718127206385e-01 1.0392081042306929e-01 3.6370848994562999e-05
1234 6.0229492187500000e-01 5.1935415780817722e-02 5.1917195875058400e-02 1.8219905759321586e-05 5.1935415784231269e-02 5.1917195875058400e-02 1.8219909172868809e-05 1.0387083156504899e-01 1.0383439175011680e-01 3.6439814932190395e-05
1235 6.0278320312500000e-01 5.1892052459123074e-02 5.1873797898074496e-02 1.8254561048577922e-05 5.1892052462516491e-02 5.1873797898074496e-02 1.8254564441995413e-05 1.0378410492163956e-01 1.0374759579614899e-01 3.6509125490566396e-05
1236 6.0327148437500000e-01 5.1848500928562552e-02 5.1830211539810551e-02 1.8289388752000535e-05 5.1848500931961965e-02 5.1830211539810551e-02 1.8289392151413231e-05 1.0369700186052452e-01 1.0366042307962110e-01 3.6578780903420705e-05
1237 6.0375976562500000e-01 5.1804761449699921e-02 5.1786437060728607e-02 1.8324388971313610e-05 5.1804761453145137e-02 5.1786437060728607e-02 1.8324392416529944e-05 1.0360952290284506e-01 1.0357287412145721e-01 3.6648781387843554e-05
1238 6.0424804687500000e-01 5.1760834284333951e-02 5.1742474722525127e-02 1.8359561808824199e-05 5.1760834287708390e-02 5.1742474722525127e-02 1.8359565183263815e-05 1.0352166857204234e-01 1.0348494944505025e-01 3.6719126992088014e-05
1239 6.0473632812500000e-01 5.1716719695498070e-02 5.1698324788130981e-02 1.8394907367089153e-05 5.1716719698882738e-02 5.1698324788130981e-02 1.8394910751756699e-05 1.0343343939438081e-01 1.0339664957626196e-01 3.6789818118845852e-05
1240 6.0522460937500000e-01 5.1672417947460511e-02 5.1653987521711471e-02 1.8430425749040025e-05 5.1672417950855219e-02 5.1653987521711471e-02 1.8430429143748150e-05 1.0334483589831572e-01 1.0330797504342294e-01 3.6860854892781236e-05
1241 6.0571289062500000e-01 5.1627929305724456e-02 5.1609463188666299e-02 1.8466117058156539e-05 5.1627929309094586e-02 5.1609463188666299e-02 1.8466120428287103e-05 1.0325585861481903e-01 1.0321892637733260e-01 3.6932237486436703e-05
1242 6.0620117187500000e-01 5.1583254037027668e-02 5.1564752055629597e-02 1.8501981398071077e-05 5.1583254040393045e-02 5.1564752055629597e-02 1.8501984763448498e-05 1.0316650807742071e-01 1.0312950411125919e-01 3.7003966161519575e-05
1243 6.0668945312500000e-01 5.1538392409343048e-02 5.1519854390469903e-02 1.8538018873144602e-05 5.1538392412722851e-02 5.1519854390469903e-02 1.8538022252947983e-05 1.0307678482206589e-01 1.0303970878093981e-01 3.7076041126085646e-05
1244 6.0717773437500000e-01 5.1493344691877899e-02 5.1474770462290181e-02 1.8574229587717261e-05 5.1493344695254004e-02 5.1474770462290181e-02 1.8574232963822213e-05 1.0298668938713190e-01 1.0294954092458036e-01 3.7148462551539474e-05
1245 6.0766601562500000e-01 5.1448111155074742e-02 5.1429500541427815e-02 1.8610613646927177e-05 5.1448111158439919e-02 5.1429500541427815e-02 1.8610617012103370e-05 1.0289622231351467e-01 1.0285900108285563e-01 3.7221230659037485e-05
1246 6.0815429687500000e-01 5.1402692070610587e-02 5.1384044899454598e-02 1.8647171155988795e-05 5.1402692074028110e-02 5.1384044899454598e-02 1.8647174573512004e-05 1.0280538414463869e-01 1.0276808979890920e-01 3.7294345729493861e-05
1247 6.0864257812500000e-01 5.1357087711397381e-02 5.1338403809176751e-02 1.8683902220630044e-05 5.1357087714747368e-02 5.1338403809176751e-02 1.8683905570616999e-05 1.0271417542614475e-01 1.0267680761835350e-01 3.7367807791247043e-05
1248 6.0913085937500000e-01 5.1311298351581949e-02 5.1292577544634892e-02 1.8720806947057633e-05 5.1311298354885092e-02 5.1292577544634892e-02 1.8720810250200115e-05 1.0262259670646703e-01 1.0258515508926978e-01 3.7441617197250809e-05
1249 6.0961914062500000e-01 5.1265324266545766e-02 5.1246566381104079e-02 1.8757885441686439e-05 5.1265324269876032e-02 5.1246566381104079e-02 1.8757888771953057e-05 1.0253064853642180e-01 1.0249313276220816e-01 3.7515774213639497e-05
1250 6.1010742187500000e-01 5.1219165732905227e-02 5.1200370595093768e-02 1.8795137811458695e-05 5.1219165736219145e-02 5.1200370595093768e-02 1.8795141125377279e-05 1.0243833146912437e-01 1.0240074119018754e-01 3.7590278936835975e-05
1251 6.1059570312500000e-01 5.1172823028511616e-02 5.1153990464347855e-02 1.8832564163760723e-05 5.1172823031860076e-02 5.1153990464347855e-02 1.8832567512221121e-05 1.0234564606037169e-01 1.0230798092869571e-01 3.7665131675981844e-05
1252 6.1108398437500000e-01 5.1126296432450716e-02 5.1107426267844633e-02 1.8870164606082929e-05 5.1126296435774696e-02 5.1107426267844633e-02 1.8870167930062909e-05 1.0225259286822541e-01 1.0221485253568927e-01 3.7740332536145837e-05
1253 6.1157226562500000e-01 5.1079586225043397e-02 5.1060678285796815e-02 1.8907939246581851e-05 5.1079586228335007e-02 5.1060678285796815e-02 1.8907942538191891e-05 1.0215917245337841e-01 1.0212135657159363e-01 3.7815881784780681e-05
1254 6.1206054687500000e-01 5.1032692687845244e-02 5.1013746799651538e-02 1.8945888193705462e-05 5.1032692691126605e-02 5.1013746799651538e-02 1.8945891475066756e-05 1.0206538537897185e-01 1.0202749359930308e-01 3.7891779668772219e-05
1255 6.1254882812500000e-01 5.0985616103646519e-02 5.0966632092090361e-02 1.8984011556158475e-05 5.0985616106948198e-02 5.0966632092090361e-02 1.8984014857836851e-05 1.0197123221059472e-01 1.0193326418418072e-01 3.7968026413995326e-05
1256 6.1303710937500000e-01 5.0938356756472458e-02 5.0919334447029244e-02 1.9022309443214591e-05 5.0938356759799450e-02 5.0919334447029244e-02 1.9022312770206051e-05 1.0187671351627191e-01 1.0183866889405849e-01 3.8044622213420642e-05
1257 6.1352539062500000e-01 5.0890914931583014e-02 5.0871854149618576e-02 1.9060781964438944e-05 5.0890914934840471e-02 5.0871854149618576e-02 1.9060785221895749e-05 1.0178182986642348e-01 1.0174370829923715e-01 3.8121567186327754e-05
1258 6.1401367187500000e-01 5.0843290915472926e-02 5.0824191486243162e-02 1.9099429229764431e-05 5.0843290918771350e-02 5.0824191486243162e-02 1.9099432528188465e-05 1.0168658183424428e-01 1.0164838297248632e-01 3.8198861757959834e-05
1259 6.1450195312500000e-01 5.0795484995871651e-02 5.0776346744522222e-02 1.9138251349429258e-05 5.0795484999142118e-02 5.0776346744522222e-02 1.9138254619896489e-05 1.0159096999501377e-01 1.0155269348904444e-01 3.8276505969325747e-05
1260 6.1499023437500000e-01 5.0747497461743576e-02 5.0728320213309391e-02 1.9177248434185112e-05 5.0747497465001776e-02 5.0728320213309391e-02 1.9177251692384378e-05 1.0149499492674535e-01 1.0145664042661878e-01 3.8354500126569491e-05
1261 6.1547851562500000e-01 5.0699328603287824e-02 5.0680112182692728e-02 1.9216420595095929e-05 5.0699328606535012e-02 5.0680112182692728e-02 1.9216423842283170e-05 1.0139865720982283e-01 1.0136022436538546e-01 3.8432844437372160e-05
1262 6.1596679687500000e-01 5.0650978711938237e-02 5.0631722943994706e-02 1.9255767943530955e-05 5.0650978715218065e-02 5.0631722943994706e-02 1.9255771223358753e-05 1.0130195742715631e-01 1.0126344588798941e-01 3.8511539166896647e-05
1263 6.1645507812500000e-01 5.0602448080363557e-02 5.0583152789772212e-02 1.9295290591345160e-05 5.0602448083596999e-02 5.0583152789772212e-02 1.9295293824786452e-05 1.0120489616396056e-01 1.0116630557954442e-01 3.8590584416131612e-05
1264 6.1694335937500000e-01 5.0553737002467264e-02 5.0534402013816558e-02 1.9334988650705764e-05 5.0553737005727954e-02 5.0534402013816558e-02 1.9334991911396093e-05 1.0110747400819523e-01 1.0106880402763312e-01 3.8669980562108797e-05
1265 6.1743164062500000e-01 5.0504845773387638e-02 5.0485470911153463e-02 1.9374862234175505e-05 5.0504845776663983e-02 5.0485470911153463e-02 1.9374865510519979e-05 1.0100969155005163e-01 1.0097094182230693e-01 3.8749727744702422e-05
1266 6.1791992187500000e-01 5.0455774689497704e-02 5.0436359778043068e-02 1.9414911454636308e-05 5.0455774692742490e-02 5.0436359778043068e-02 1.9414914699422692e-05 1.0091154938224020e-01 1.0087271955608614e-01 3.8829826154065938e-05
1267 6.1840820312500000e-01 5.0406524048405274e-02 5.0387068911979936e-02 1.9455136425337860e-05 5.0406524051635253e-02 5.0387068911979936e-02 1.9455139655316644e-05 1.0081304810004052e-01 1.0077413782395987e-01 3.8910276080647566e-05
1268 6.1889648437500000e-01 5.0357094148953015e-02 5.0337598611693041e-02 1.9495537259973938e-05 5.0357094152202519e-02 5.0337598611693041e-02 1.9495540509478770e-05 1.0071418830115553e-01 1.0067519722338608e-01 3.8991077769445770e-05
1269 6.1938476562500000e-01 5.0307485291218271e-02 5.0287949177145776e-02 1.9536114072495059e-05 5.0307485294418114e-02 5.0287949177145776e-02 1.9536117272338227e-05 1.0061497058563638e-01 1.0057589835429155e-01 3.9072231344833286e-05
1270 6.1987304687500000e-01 5.0257697776513205e-02 5.0238120909535951e-02 1.9576866977254193e-05 5.0257697779709773e-02 5.0238120909535951e-02 1.9576870173822203e-05 1.0051539555622298e-01 1.0047624181907190e-01 3.9153737151076395e-05
1271 6.2036132812500000e-01 5.0207731907384784e-02 5.0188114111295798e-02 1.9617796088985950e-05 5.0207731910590248e-02 5.0188114111295798e-02 1.9617799294449623e-05 1.0041546381797503e-01 1.0037622822259160e-01 3.9235595383435573e-05
1272 6.2084960937500000e-01 5.0157587987614688e-02 5.0137929086091958e-02 1.9658901522730254e-05 5.0157587990857497e-02 5.0137929086091958e-02 1.9658904765539054e-05 1.0031517597847218e-01 1.0027585817218392e-01 3.9317806288269308e-05
1273 6.2133789062500000e-01 5.0107266322219408e-02 5.0087566138825493e-02 1.9700183393915605e-05 5.0107266325430333e-02 5.0087566138825493e-02 1.9700186604840186e-05 1.0021453264764973e-01 1.0017513227765099e-01 3.9400369998748852e-05
1274 6.2182617187500000e-01 5.0056767217450324e-02 5.0037025575631888e-02 1.9741641818435407e-05 5.0056767220620746e-02 5.0037025575631888e-02 1.9741644988857665e-05 1.0011353443807107e-01 1.0007405115126378e-01 3.9483286807293072e-05
1275 6.2231445312500000e-01 5.0006090980793408e-02 4.9986307703881031e-02 1.9783276912377357e-05 5.0006090983952797e-02 4.9986307703881031e-02 1.9783280071766773e-05 1.0001218196474621e-01 9.9972615407762061e-02 3.9566556984144130e-05
1276 6.2280273437500000e-01 4.9955237920969425e-02 4.9935412832177242e-02 1.9825088792183032e-05 4.9955237924182883e-02 4.9935412832177242e-02 1.9825092005640310e-05 9.9910475845152308e-02 9.9870825664354484e-02 3.9650180797823342e-05
1277 6.2329101562500000e-01 4.9904208347933958e-02 4.9884341270359255e-02 1.9867077574703407e-05 4.9904208351112769e-02 4.9884341270359255e-02 1.9867080753514788e-05 9.9808416699046720e-02 9.9768682540718509e-02 3.9734158328211255e-05
1278 6.2377929687500000e-01 4.9853002572877357e-02 4.9833093329500207e-02 1.9909243377150276e-05 4.9853002576074015e-02 4.9833093329500207e-02 1.9909246573808492e-05 9.9706005148951365e-02 9.9666186659000414e-02 3.9818489950951830e-05
1279 6.2426757812500000e-01 4.9801620908224820e-02 4.9781669321907682e-02 1.9951586317137893e-05 4.9801620911385992e-02 4.9781669321907682e-02 1.9951589478310605e-05 9.9603241819610805e-02 9.9563338643815363e-02 3.9903175795441559e-05
1280 6.2475585937500000e-01 4.9750063667636200e-02 4.9730069561123649e-02 1.9994106512551124e-05 4.9750063670837529e-02 4.9730069561123649e-02 1.9994109713879216e-05 9.9500127338473729e-02 9.9460139122247299e-02 3.9988216226430340e-05
1281 6.2524414062500000e-01 4.9698331166006082e-02 4.9678294361924509e-02 2.0036804081573212e-05 4.9698331169152635e-02 4.9678294361924509e-02 2.0036807228125675e-05 9.9396662335158717e-02 9.9356588723849018e-02 4.0073611309698887e-05
1282 6.2573242187500000e-01 4.9646423719463914e-02 4.9626344040321090e-02 2.0079679142824547e-05 4.9646423722643857e-02 4.9626344040321090e-02 2.0079682322766967e-05 9.9292847442107771e-02 9.9252688080642179e-02 4.0159361465591514e-05
1283 6.2622070312500000e-01 4.9594341645373893e-02 4.9574218913558614e-02 2.0122731815279404e-05 4.9594341648503112e-02 4.9574218913558614e-02 2.0122734944498510e-05 9.9188683293877006e-02 9.9148437827117228e-02 4.0245466759777915e-05
1284 6.2670898437500000e-01 4.9542085262334903e-02 4.9521919300116742e-02 2.0165962218161859e-05 4.9542085265469320e-02 4.9521919300116742e-02 2.0165965352578197e-05 9.9084170527804216e-02 9.9043838600233483e-02 4.0331927570733117e-05
1285 6.2719726562500000e-01 4.9489654890180666e-02 4.9469445519709540e-02 2.0209370471126198e-05 4.9489654893333956e-02 4.9469445519709540e-02 2.0209373624416327e-05 9.8979309783514630e-02 9.8938891039419080e-02 4.0418744095549464e-05
1286 6.2768554687500000e-01 4.9437050849979583e-02 4.9416797893285493e-02 2.0252956694090385e-05 4.9437050853099428e-02 4.9416797893285493e-02 2.0252959813935045e-05 9.8874101703079004e-02 9.8833595786570985e-02 4.0505916508018491e-05
1287 6.2817382812500000e-01 4.9384273464034852e-02 4.9363976743027511e-02 2.0296721007340146e-05 4.9384273467147723e-02 4.9363976743027511e-02 2.0296724120211218e-05 9.8768546931182574e-02 9.8727953486055023e-02 4.0593445127551364e-05
1288 6.2866210937500000e-01 4.9331323055884529e-02 4.9310982392352910e-02 2.0340663531619174e-05 4.9331323059036744e-02 4.9310982392352910e-02 2.0340666683833775e-05 9.8662646114921274e-02 9.8621964784705821e-02 4.0681330215452949e-05
1289 6.2915039062500000e-01 4.9278199950301207e-02 4.9257815165913432e-02 2.0384784387775245e-05 4.9278199953398674e-02 4.9257815165913432e-02 2.0384787485241973e-05 9.8556399903699882e-02 9.8515630331826864e-02 4.0769571873017219e-05
1290 6.2963867187500000e-01 4.9224904473292377e-02 4.9204475389595229e-02 2.0429083697148798e-05 4.9224904476378749e-02 4.9204475389595229e-02 2.0429086783520234e-05 9.8449808949671119e-02 9.8408950779190457e-02 4.0858170480662093e-05
1291 6.3012695312500000e-01 4.9171436952100335e-02 4.9150963390518873e-02 2.0473561581461908e-05 4.9171436955204526e-02 4.9150963390518873e-02 2.0473564685652423e-05 9.8342873907304867e-02 9.8301926781037746e-02 4.0947126267121270e-05
1292 6.3061523437500000e-01 4.9117797715201895e-02 4.9097279497039362e-02 2.0518218162533797e-05 4.9117797718253114e-02 4.9097279497039362e-02 2.0518221213752796e-05 9.8235595433455003e-02 9.8194558994078723e-02 4.1036439376279654e-05
1293 6.3110351562500000e-01 4.9063987092308810e-02 4.9043424038746099e-02 2.0563053562711042e-05 4.9063987095411182e-02 4.9043424038746099e-02 2.0563056665083568e-05 9.8127974187719985e-02 9.8086848077492197e-02 4.1126110227787671e-05
1294 6.3159179687500000e-01 4.9010005414367626e-02 4.8989397346462904e-02 2.0608067904721861e-05 4.9010005417470040e-02 4.8989397346462904e-02 2.0608071007136020e-05 9.8020010831837673e-02 9.7978794692925808e-02 4.1216138911864819e-05
1295 6.3208007812500000e-01 4.8955853013559453e-02 4.8935199752248026e-02 2.0653261311426308e-05 4.8955853016632619e-02 4.8935199752248026e-02 2.0653264384593029e-05 9.7911706030192072e-02 9.7870399504496053e-02 4.1306525696019336e-05
1296 6.3256835937500000e-01 4.8901530223300314e-02 4.8880831589394116e-02 2.0698633906197916e-05 4.8901530226364183e-02 4.8880831589394116e-02 2.0698636970066520e-05 9.7803060449664497e-02 9.7761663178788233e-02 4.1397270876264436e-05
1297 6.3305664062500000e-01 4.8847037378240796e-02 4.8826293192428261e-02 2.0744185812535121e-05 4.8847037381353771e-02 4.8826293192428261e-02 2.0744188925510276e-05 9.7694074759594574e-02 9.7652586384856521e-02 4.1488374738052336e-05
1298 6.3354492187500000e-01 4.8792374814266369e-02 4.8771584897111947e-02 2.0789917154422077e-05 4.8792374817312002e-02 4.8771584897111947e-02 2.0789920200055267e-05 9.7584749631578371e-02 9.7543169794223894e-02 4.1579837354477345e-05
1299 6.3403320312500000e-01 4.8737542868497234e-02 4.8716707040441093e-02 2.0835828056141315e-05 4.8737542871584251e-02 4.8716707040441093e-02 2.0835831143158068e-05 9.7475085740081485e-02 9.7433414080882186e-02 4.1671659199299382e-05
1300 6.3452148437500000e-01 4.8682541879288242e-02 4.8661659960646017e-02 2.0881918642225161e-05 4.8682541882319727e-02 4.8661659960646017e-02 2.0881921673709947e-05 9.7365083761607962e-02 9.7323319921292034e-02 4.1763840315928169e-05
1301 6.3500976562500000e-01 4.8627372186229041e-02 4.8606443997191474e-02 2.0928189037566769e-05 4.8627372189275556e-02 4.8606443997191474e-02 2.0928192084081199e-05 9.7254744375504604e-02 9.7212887994382949e-02 4.1856381121654906e-05
1302 6.3549804687500000e-01 4.8572034130144041e-02 4.8551059490776614e-02 2.0974639367427050e-05 4.8572034133165819e-02 4.8551059490776614e-02 2.0974642389204323e-05 9.7144068263309860e-02 9.7102118981553229e-02 4.1949281756631374e-05
1303 6.3598632812500000e-01 4.8516528053092346e-02 4.8495506783335036e-02 2.1021269757309780e-05 4.8516528056116615e-02 4.8495506783335036e-02 2.1021272781578115e-05 9.7033056109208954e-02 9.6991013566670073e-02 4.2042542538880956e-05
1304 6.3647460937500000e-01 4.8460854298367745e-02 4.8439786218034721e-02 2.1068080333024042e-05 4.8460854301404455e-02 4.8439786218034721e-02 2.1068083369733814e-05 9.6921708599772199e-02 9.6879572436069442e-02 4.2136163702757856e-05
1305 6.3696289062500000e-01 4.8405013210498900e-02 4.8383898139278091e-02 2.1115071220809134e-05 4.8405013213542139e-02 4.8383898139278091e-02 2.1115074264048406e-05 9.6810026424041046e-02 9.6767796278556181e-02 4.2230145484864479e-05
1306 6.3745117187500000e-01 4.8349005135249042e-02 4.8327842892701971e-02 2.1162242547070886e-05 4.8349005138286973e-02 4.8327842892701971e-02 2.1162245585001904e-05 9.6698010273536014e-02 9.6655685785403941e-02 4.2324488132072791e-05
1307 6.3793945312500000e-01 4.8292830419616219e-02 4.8271620825177622e-02 2.1209594438596768e-05 4.8292830422603100e-02 4.8271620825177622e-02 2.1209597425478344e-05 9.6585660842219312e-02 9.6543241650355244e-02 4.2419191864068173e-05
1308 6.3842773437500000e-01 4.8236489411833221e-02 4.8215232284810700e-02 2.1257127022521194e-05 4.8236489414829109e-02 4.8215232284810700e-02 2.1257130018409454e-05 9.6472978826662337e-02 9.6430464569621399e-02 4.2514257040937586e-05
1309 6.3891601562500000e-01 4.8179982461367475e-02 4.8158677620941288e-02 2.1304840426186744e-05 4.8179982464404060e-02 4.8158677620941288e-02 2.1304843462771617e-05 9.6359964925771535e-02 9.6317355241882577e-02 4.2609683888958361e-05
1310 6.3940429687500000e-01 4.8123309918921178e-02 4.8101957184143895e-02 2.1352734777282945e-05 4.8123309921884926e-02 4.8101957184143895e-02 2.1352737741030248e-05 9.6246619840806097e-02 9.6203914368287791e-02 4.2705472518306253e-05
1311 6.3989257812500000e-01 4.8066472136431372e-02 4.8045071326227436e-02 2.1400810203936471e-05 4.8066472139406742e-02 4.8045071326227436e-02 2.1400813179306422e-05 9.6132944275838114e-02 9.6090142652454871e-02 4.2801623383242893e-05
1312 6.4038085937500000e-01 4.8009469467069597e-02 4.7988020400235247e-02 2.1449066834350328e-05 4.8009469470032144e-02 4.7988020400235247e-02 2.1449069796897202e-05 9.6018938937101742e-02 9.5976040800470494e-02 4.2898136631247530e-05
1313 6.4086914062500000e-01 4.7952302265242303e-02 4.7930804760445075e-02 2.1497504797227118e-05 4.7952302268181805e-02 4.7930804760445075e-02 2.1497507736729926e-05 9.5904604533424115e-02 9.5861609520890151e-02 4.2995012533963983e-05
1314 6.4135742187500000e-01 4.7894970886590463e-02 4.7873424762369096e-02 2.1546124221366592e-05 4.7894970889562988e-02 4.7873424762369096e-02 2.1546127193891595e-05 9.5789941776153451e-02 9.5746849524738192e-02 4.3092251415258187e-05
1315 6.4184570312500000e-01 4.7837475687989947e-02 4.7815880762753893e-02 2.1594925236054219e-05 4.7837475690961521e-02 4.7815880762753893e-02 2.1594928207628594e-05 9.5674951378951462e-02 9.5631761525507786e-02 4.3189853443675874e-05
1316 6.4233398437500000e-01 4.7779817027551269e-02 4.7758173119580478e-02 2.1643907970790577e-05 4.7779817030486324e-02 4.7758173119580478e-02 2.1643910905845554e-05 9.5559634058037593e-02 9.5516346239160957e-02 4.3287818876636130e-05
1317 6.4282226562500000e-01 4.7721995264619690e-02 4.7700302192064260e-02 2.1693072555430126e-05 4.7721995267572433e-02 4.7700302192064260e-02 2.1693075508172344e-05 9.5443990532192130e-02 9.5400604384128521e-02 4.3386148063609409e-05
1318 6.4331054687500000e-01 4.7664010759775111e-02 4.7642268340655089e-02 2.1742419120021617e-05 4.7664010762716348e-02 4.7642268340655089e-02 2.1742422061259148e-05 9.5328021522491452e-02 9.5284536681310178e-02 4.3484841181273826e-05
1319 6.4379882812500000e-01 4.7605863874832219e-02 4.7584071927037216e-02 2.1791947795002375e-05 4.7605863877766920e-02 4.7584071927037216e-02 2.1791950729703469e-05 9.5211727752599146e-02 9.5168143854074433e-02 4.3583898524712783e-05
1320 6.4428710937500000e-01 4.7547554972840356e-02 4.7525713314129317e-02 2.1841658711038714e-05 4.7547554975780934e-02 4.7525713314129317e-02 2.1841661651617050e-05 9.5095109948621290e-02 9.5051426628258634e-02 4.3683320362655764e-05
1321 6.4477539062500000e-01 4.7489084418083617e-02 4.7467192866084480e-02 2.1891551999136949e-05 4.7489084421005232e-02 4.7467192866084480e-02 2.1891554920751288e-05 9.4978168839088856e-02 9.4934385732168960e-02 4.3783106919895176e-05
1322 6.4526367187500000e-01 4.7430452576080813e-02 4.7408510948290211e-02 2.1941627790601770e-05 4.7430452578994101e-02 4.7408510948290211e-02 2.1941630703889436e-05 9.4860905155074920e-02 9.4817021896580422e-02 4.3883258494498145e-05
1323 6.4575195312500000e-01 4.7371659813585355e-02 4.7349667927368444e-02 2.1991886216911338e-05 4.7371659816454914e-02 4.7349667927368444e-02 2.1991889086470096e-05 9.4743319630040262e-02 9.4699335854736888e-02 4.3983775303374495e-05
1324 6.4624023437500000e-01 4.7312706498585405e-02 4.7290664171175514e-02 2.2042327409890761e-05 4.7312706501473900e-02 4.7290664171175514e-02 2.2042330298385759e-05 9.4625413000059305e-02 9.4581328342351029e-02 4.4084657708276520e-05
1325 6.4672851562500000e-01 4.7253593000303913e-02 4.7231500048802180e-02 2.2092951501732905e-05 4.7253593003180404e-02 4.7231500048802180e-02 2.2092954378223617e-05 9.4507186003484317e-02 9.4463000097604360e-02 4.4185905879956522e-05
1326 6.4721679687500000e-01 4.7194319689198447e-02 4.7172175930573622e-02 2.2143758624824927e-05 4.7194319692071156e-02 4.7172175930573622e-02 2.2143761497533943e-05 9.4388639381269596e-02 9.4344351861147244e-02 4.4287520122351931e-05
1327 6.4770507812500000e-01 4.7134886936961273e-02 4.7112692188049435e-02 2.2194748911838480e-05 4.7134886939852932e-02 4.7112692188049435e-02 2.2194751803497614e-05 9.4269773876814206e-02 9.4225384376098870e-02 4.4389500715336094e-05
1328 6.4819335937500000e-01 4.7075295116519415e-02 4.7053049194023630e-02 2.2245922495785220e-05 4.7075295119394130e-02 4.7053049194023630e-02 2.2245925370499575e-05 9.4150590235913545e-02 9.4106098388047260e-02 4.4491847866284795e-05
1329 6.4868164062500000e-01 4.7015544602034498e-02 4.6993247322524634e-02 2.2297279509864154e-05 4.7015544604909185e-02 4.6993247322524634e-02 2.2297282384550754e-05 9.4031089206943683e-02 9.3986494645049268e-02 4.4594561894414908e-05
1330 6.4916992187500000e-01 4.6955635768902972e-02 4.6933286948815295e-02 2.2348820087676746e-05 4.6955635771785013e-02 4.6933286948815295e-02 2.2348822969718574e-05 9.3911271540687985e-02 9.3866573897630590e-02 4.4697643057395320e-05
1331 6.4965820312500000e-01 4.6895568993755875e-02 4.6873168449392870e-02 2.2400544363004871e-05 4.6895568996601897e-02 4.6873168449392870e-02 2.2400547209026900e-05 9.3791137990357765e-02 9.3746336898785740e-02 4.4801091572024831e-05
1332 6.5014648437500000e-01 4.6835344654458946e-02 4.6812892201989045e-02 2.2452452469901019e-05 4.6835344657293734e-02 4.6812892201989045e-02 2.2452455304688979e-05 9.3670689311752681e-02 9.3625784403978091e-02 4.4904907774589997e-05
1333 6.5063476562500000e-01 4.6774963130112639e-02 4.6752458585569923e-02 2.2504544542716054e-05 4.6774963132944637e-02 4.6752458585569923e-02 2.2504547374714579e-05 9.3549926263057276e-02 9.3504917171139845e-02 4.5009091917430633e-05
1334 6.5112304687500000e-01 4.6714424801052021e-02 4.6691867980336012e-02 2.2556820716009007e-05 4.6714424803901630e-02 4.6691867980336012e-02 2.2556823565618445e-05 9.3428849604953651e-02 9.3383735960672024e-02 4.5113644281627452e-05
1335 6.5161132812500000e-01 4.6653730048847035e-02 4.6631120767722238e-02 2.2609281124796876e-05 4.6653730051648065e-02 4.6631120767722238e-02 2.2609283925827117e-05 9.3307460100495093e-02 9.3262241535444476e-02 4.5218565050617054e-05
1336 6.5209960937500000e-01 4.6592879256302004e-02 4.6570217330397970e-02 2.2661925904034208e-05 4.6592879259106920e-02 4.6570217330397970e-02 2.2661928708950230e-05 9.3185758515408917e-02 9.3140434660795940e-02 4.5323854612977499e-05
1337 6.5258789062500000e-01 4.6531872807456402e-02 4.6509158052266950e-02 2.2714755189452707e-05 4.6531872810292078e-02 4.6509158052266950e-02 2.2714758025128845e-05 9.3063745617748481e-02 9.3018316104533899e-02 4.5429513214581552e-05
1338 6.5307617187500000e-01 4.6470711087583827e-02 4.6447943318467383e-02 2.2767769116444070e-05 4.6470711090373026e-02 4.6447943318467383e-02 2.2767771905643497e-05 9.2941422177956853e-02 9.2895886636934766e-02 4.5535541022087567e-05
1339 6.5356445312500000e-01 4.6409394483192999e-02 4.6386573515371864e-02 2.2820967821135518e-05 4.6409394485988992e-02 4.6386573515371864e-02 2.2820970617128122e-05 9.2818788969181998e-02 9.2773147030743727e-02 4.5641938438270580e-05
1340 6.5405273437500000e-01 4.6347923382027062e-02 4.6325049030587401e-02 2.2874351439661211e-05 4.6347923384832061e-02 4.6325049030587401e-02 2.2874354244660500e-05 9.2695846766859130e-02 9.2650098061174802e-02 4.5748705684328650e-05
1341 6.5454101562500000e-01 4.6286298173063872e-02 4.6263370252955446e-02 2.2927920108425925e-05 4.6286298175807636e-02 4.6263370252955446e-02 2.2927922852189475e-05 9.2572596348871508e-02 9.2526740505910893e-02 4.5855842960615401e-05
1342 6.5502929687500000e-01 4.6224519246516126e-02 4.6201537572551840e-02 2.2981673964285465e-05 4.6224519249296429e-02 4.6201537572551840e-02 2.2981676744589230e-05 9.2449038495812555e-02 9.2403075145103680e-02 4.5963350708874695e-05
1343 6.5551757812500000e-01 4.6162586993831023e-02 4.6139551380686858e-02 2.3035613144165024e-05 4.6162586996604076e-02 4.6139551380686858e-02 2.3035615917217644e-05 9.2325173990435105e-02 9.2279102761373716e-02 4.6071229061389607e-05
1344 6.5600585937500000e-01 4.6100501807690465e-02 4.6077412069905191e-02 2.3089737785274289e-05 4.6100501810446476e-02 4.6077412069905191e-02 2.3089740541284987e-05 9.2201003618136934e-02 9.2154824139810382e-02 4.6179478326552337e-05
1345 6.5649414062500000e-01 4.6038264082011122e-02 4.6015120033985939e-02 2.3144048025183772e-05 4.6038264084765620e-02 4.6015120033985939e-02 2.3144050779681791e-05 9.2076528166776750e-02 9.2030240067971877e-02 4.6288098804872502e-05
1346 6.5698242187500000e-01 4.5975874211944247e-02 4.5952675667942623e-02 2.3198544001623578e-05 4.5975874214684055e-02 4.5952675667942623e-02 2.3198546741431958e-05 9.1951748426628302e-02 9.1905351335885246e-02 4.6397090743055536e-05
1347 6.5747070312500000e-01 4.5913332593875721e-02 4.5890079368023189e-02 2.3253225852531978e-05 4.5913332596618374e-02 4.5890079368023189e-02 2.3253228595185305e-05 9.1826665190494094e-02 9.1780158736046377e-02 4.6506454447717283e-05
1348 6.5795898437500000e-01 4.5850639625426140e-02 4.5827331531709981e-02 2.3308093716159495e-05 4.5850639628143654e-02 4.5827331531709981e-02 2.3308096433673209e-05 9.1701279253569801e-02 9.1654663063419961e-02 4.6616190149839642e-05
1349 6.5844726562500000e-01 4.5787795705450787e-02 4.5764432557719788e-02 2.3363147730999512e-05 4.5787795708149948e-02 4.5764432557719788e-02 2.3363150430159851e-05 9.1575591413600735e-02 9.1528865115439575e-02 4.6726298161159363e-05
1350 6.5893554687500000e-01 4.5724801234039741e-02 4.5701382846003794e-02 2.3418388035947868e-05 4.5724801236751891e-02 4.5701382846003794e-02 2.3418390748097817e-05 9.1449602470791633e-02 9.1402765692007587e-02 4.6836778784045685e-05
1351 6.5942382812500000e-01 4.5661656612517400e-02 4.5638182797747603e-02 2.3473814769796320e-05 4.5661656615170604e-02 4.5638182797747603e-02 2.3473817423000365e-05 9.1323313227687997e-02 9.1276365595495207e-02 4.6947632192789746e-05
1352 6.5991210937500000e-01 4.5598362243443061e-02 4.5574832815371245e-02 2.3529428071815406e-05 4.5598362246149382e-02 4.5574832815371245e-02 2.3529430778136684e-05 9.1196724489592443e-02 9.1149665630742491e-02 4.7058858849952090e-05
1353 6.6040039062500000e-01 4.5534918530610667e-02 4.5511333302529169e-02 2.3585228081497711e-05 4.5534918533301889e-02 4.5511333302529169e-02 2.3585230772719956e-05 9.1069837063912557e-02 9.1022666605058339e-02 4.7170458854217667e-05
1354 6.6088867187500000e-01 4.5471325879048771e-02 4.5447684664110227e-02 2.3641214938543986e-05 4.5471325881741478e-02 4.5447684664110227e-02 2.3641217631251155e-05 9.0942651760790250e-02 9.0895369328220454e-02 4.7282432569795141e-05
1355 6.6137695312500000e-01 4.5407584695020570e-02 4.5383887306237700e-02 2.3697388782870088e-05 4.5407584697669638e-02 4.5383887306237700e-02 2.3697391431938553e-05 9.0815169392690215e-02 9.0767774612475399e-02 4.7394780214815579e-05
1356 6.6186523437500000e-01 4.5343695386023911e-02 4.5319941636269276e-02 2.3753749754634734e-05 4.5343695388697647e-02 4.5319941636269276e-02 2.3753752428370967e-05 9.0687390774721557e-02 9.0639883272538552e-02 4.7507502183005701e-05
1357 6.6235351562500000e-01 4.5279658360791397e-02 4.5255848062797074e-02 2.3810297994322771e-05 4.5279658363488406e-02 4.5255848062797074e-02 2.3810300691332054e-05 9.0559316724279804e-02 9.0511696125594149e-02 4.7620598685654825e-05
1358 6.6284179687500000e-01 4.5215474029290152e-02 4.5191606995647622e-02 2.3867033642530067e-05 4.5215474031965186e-02 4.5191606995647622e-02 2.3867036317563872e-05 9.0430948061255345e-02 9.0383213991295244e-02 4.7734069960100878e-05
1359 6.6333007812500000e-01 4.5151142802721984e-02 4.5127218845881868e-02 2.3923956840116167e-05 4.5151142805375577e-02 4.5127218845881868e-02 2.3923959493708791e-05 9.0302285608097554e-02 9.0254437691763736e-02 4.7847916333818019e-05
1360 6.6381835937500000e-01 4.5086665093523416e-02 4.5062684025795170e-02 2.3981067728245931e-05 4.5086665096199775e-02 4.5062684025795170e-02 2.3981070404605065e-05 9.0173330189723191e-02 9.0125368051590340e-02 4.7962138132850995e-05
1361 6.6430664062500000e-01 4.5022041315365566e-02 4.4998002948917315e-02 2.4038366448250748e-05 4.5022041317975353e-02 4.4998002948917315e-02 2.4038369058038134e-05 9.0044082633340919e-02 8.9996005897834630e-02 4.8076735506288881e-05
1362 6.6479492187500000e-01 4.4957271883154168e-02 4.4933176030012498e-02 2.4095853141670176e-05 4.4957271885801814e-02 4.4933176030012498e-02 2.4095855789316167e-05 8.9914543768955982e-02 8.9866352060024995e-02 4.8191708930986343e-05
1363 6.6528320312500000e-01 4.4892357213029546e-02 4.4868203685079329e-02 2.4153527950217246e-05 4.4892357215634747e-02 4.4868203685079329e-02 2.4153530555418024e-05 8.9784714428664286e-02 8.9736407370158658e-02 4.8307058505628331e-05
1364 6.6577148437500000e-01 4.4827297722366898e-02 4.4803086331350855e-02 2.4211391016042139e-05 4.4827297725008840e-02 4.4803086331350855e-02 2.4211393657984359e-05 8.9654595447375737e-02 8.9606172662701711e-02 4.8422784674026498e-05
1365 6.6625976562500000e-01 4.4762093829775820e-02 4.4737824387294511e-02 2.4269442481308912e-05 4.4762093832395385e-02 4.4737824387294511e-02 2.4269445100873199e-05 8.9524187662171212e-02 8.9475648774589023e-02 4.8538887582189050e-05
1366 6.6674804687500000e-01 4.4696745955100654e-02 4.4672418272612174e-02 2.4327682488479996e-05 4.4696745957633927e-02 4.4672418272612174e-02 2.4327685021752199e-05 8.9393491912734574e-02 8.9344836545224349e-02 4.8655367510225256e-05
1367 6.6723632812500000e-01 4.4631254519420328e-02 4.4606868408240123e-02 2.4386111180205172e-05 4.4631254522042522e-02 4.4606868408240123e-02 2.4386113802399301e-05 8.9262509041462851e-02 8.9213736816480246e-02 4.8772224982604473e-05
1368 6.6772460937500000e-01 4.4565619945048415e-02 4.4541175216349066e-02 2.4444728699349327e-05 4.4565619947622412e-02 4.4541175216349066e-02 2.4444731273345899e-05 8.9131239892670827e-02 8.9082350432698132e-02 4.8889459972695226e-05
1369 6.6821289062500000e-01 4.4499842655533209e-02 4.4475339120344119e-02 2.4503535189089598e-05 4.4499842658136300e-02 4.4475339120344119e-02 2.4503537792180952e-05 8.8999685313669502e-02 8.8950678240688238e-02 4.9007072981263611e-05
1370 6.6870117187500000e-01 4.4433923075657460e-02 4.4409360544864808e-02 2.4562530792651693e-05 4.4433923078226738e-02 4.4409360544864808e-02 2.4562533361929817e-05 8.8867846153884197e-02 8.8818721089729616e-02 4.9125064154581510e-05
1371 6.6918945312500000e-01 4.4367861631438715e-02 4.4343239915785107e-02 2.4621715653608267e-05 4.4367861634004753e-02 4.4343239915785107e-02 2.4621718219645927e-05 8.8735723265443461e-02 8.8686479831570214e-02 4.9243433873247255e-05
1372 6.6967773437500000e-01 4.4301658750128980e-02 4.4276977660213365e-02 2.4681089915615240e-05 4.4301658752677886e-02 4.4276977660213365e-02 2.4681092464520771e-05 8.8603317502806866e-02 8.8553955320426730e-02 4.9362182380136010e-05
1373 6.7016601562500000e-01 4.4235314860215050e-02 4.4210574206492388e-02 2.4740653722661599e-05 4.4235314862762387e-02 4.4210574206492388e-02 2.4740656269998940e-05 8.8470629722977437e-02 8.8421148412984776e-02 4.9481309992660538e-05
1374 6.7065429687500000e-01 4.4168830391418328e-02 4.4144029984199369e-02 2.4800407218958376e-05 4.4168830393944029e-02 4.4144029984199369e-02 2.4800409744660246e-05 8.8337660785362357e-02 8.8288059968398738e-02 4.9600816963618621e-05
1375 6.7114257812500000e-01 4.4102205774694793e-02 4.4077345424145938e-02 2.4860350548855381e-05 4.4102205777227149e-02 4.4077345424145938e-02 2.4860353081211650e-05 8.8204411551921935e-02 8.8154690848291875e-02 4.9720703630060092e-05
1376 6.7163085937500000e-01 4.4035441442234959e-02 4.4010520958378131e-02 2.4920483856827325e-05 4.4035441444756615e-02 4.4010520958378131e-02 2.4920486378483819e-05 8.8070882886991581e-02 8.8021041916756262e-02 4.9840970235318083e-05
1377 6.7211914062500000e-01 4.3968537827464051e-02 4.3943557020176410e-02 2.4980807287640350e-05 4.3968537829965196e-02 4.3943557020176410e-02 2.4980809788785474e-05 8.7937075657429253e-02 8.7887114040352821e-02 4.9961617076432763e-05
1378 6.7260742187500000e-01 4.3901495365041919e-02 4.3876454044055643e-02 2.5041320986275706e-05 4.3901495367553015e-02 4.3876454044055643e-02 2.5041323497371204e-05 8.7802990732594927e-02 8.7752908088111287e-02 5.0082644483639971e-05
1379 6.7309570312500000e-01 4.3834314490863009e-02 4.3809212465765121e-02 2.5102025097888114e-05 4.3834314493370267e-02 4.3809212465765121e-02 2.5102027605146404e-05 8.7668628984233277e-02 8.7618424931530242e-02 5.0204052703034519e-05
1380 6.7358398437500000e-01 4.3766995642056314e-02 4.3741832722288557e-02 2.5162919767757197e-05 4.3766995644514355e-02 4.3741832722288557e-02 2.5162922225797912e-05 8.7533991286570662e-02 8.7483665444577113e-02 5.0325841993548170e-05
1381 6.7407226562500000e-01 4.3699539256985671e-02 4.3674315251844072e-02 2.5224005141599726e-05 4.3699539259445336e-02 4.3674315251844072e-02 2.5224007601264142e-05 8.7399078516431000e-02 8.7348630503688143e-02 5.0448012742856929e-05
1382 6.7456054687500000e-01 4.3631945775249238e-02 4.3606660493884217e-02 2.5285281365021450e-05 4.3631945777720428e-02 4.3606660493884217e-02 2.5285283836211370e-05 8.7263891552969666e-02 8.7213320987768433e-02 5.0570565201232820e-05
1383 6.7504882812500000e-01 4.3564215637680023e-02 4.3538868889095951e-02 2.5346748584072210e-05 4.3564215640127302e-02 4.3538868889095951e-02 2.5346751031350701e-05 8.7128431277807325e-02 8.7077737778191902e-02 5.0693499615422910e-05
1384 6.7553710937500000e-01 4.3496349286345388e-02 4.3470940879400649e-02 2.5408406944739392e-05 4.3496349288798510e-02 4.3470940879400649e-02 2.5408409397860432e-05 8.6992698575143898e-02 8.6941881758801298e-02 5.0816816342599824e-05
1385 6.7602539062500000e-01 4.3428347164547472e-02 4.3402876907954101e-02 2.5470256593371210e-05 4.3428347166977979e-02 4.3402876907954101e-02 2.5470259023878394e-05 8.6856694331525458e-02 8.6805753815908201e-02 5.0940515617256543e-05
1386 6.7651367187500000e-01 4.3360209716823001e-02 4.3334677419146532e-02 2.5532297676468529e-05 4.3360209719243752e-02 4.3334677419146532e-02 2.5532300097219629e-05 8.6720419436066759e-02 8.6669354838293064e-02 5.1064597773695097e-05
1387 6.7700195312500000e-01 4.3291937388943234e-02 4.3266342858602556e-02 2.5594530340677935e-05 4.3291937391500952e-02 4.3266342858602556e-02 2.5594532898395861e-05 8.6583874780444187e-02 8.6532685717205113e-02 5.1189063239073795e-05
1388 6.7749023437500000e-01 4.3223530627914210e-02 4.3197873673181238e-02 2.5656954732972137e-05 4.3223530630288644e-02 4.3197873673181238e-02 2.5656957107406120e-05 8.6447061258202854e-02 8.6395747346362475e-02 5.1313911840378257e-05
1389 6.7797851562500000e-01 4.3154989881976351e-02 4.3129270310976027e-02 2.5719571000323849e-05 4.3154989884431248e-02 4.3129270310976027e-02 2.5719573455221245e-05 8.6309979766407599e-02 8.6258540621952054e-02 5.1439144455545094e-05
1390 6.7846679687500000e-01 4.3086315600604760e-02 4.3060533221314812e-02 2.5782379289948643e-05 4.3086315603055710e-02 4.3060533221314812e-02 2.5782381740897808e-05 8.6172631203660477e-02 8.6121066442629624e-02 5.1564761030853390e-05
1391 6.7895507812500000e-01 4.3017508234509193e-02 4.2991662854759888e-02 2.5845379749304953e-05 4.3017508236864635e-02 4.2991662854759888e-02 2.5845382104747183e-05 8.6035016471373821e-02 8.5983325709519776e-02 5.1690761854045197e-05
1392 6.7944335937500000e-01 4.2948568235633977e-02 4.2922659663107966e-02 2.5908572526010809e-05 4.2948568238044986e-02 4.2922659663107966e-02 2.5908574937019702e-05 8.5897136473678970e-02 8.5845319326215933e-02 5.1817147463037450e-05
1393 6.7993164062500000e-01 4.2879496057157865e-02 4.2853524099390194e-02 2.5971957767670362e-05 4.2879496059517221e-02 4.2853524099390194e-02 2.5971960127026128e-05 8.5758992116675092e-02 8.5707048198780389e-02 5.1943917894703429e-05
1394 6.8041992187500000e-01 4.2810292153494307e-02 4.2784256617872114e-02 2.6035535622193073e-05 4.2810292155901729e-02 4.2784256617872114e-02 2.6035538029614558e-05 8.5620584309396036e-02 8.5568513235744229e-02 5.2071073651807631e-05
1395 6.8090820312500000e-01 4.2740956980291518e-02 4.2714857674053690e-02 2.6099306237828412e-05 4.2740956982709750e-02 4.2714857674053690e-02 2.6099308656060694e-05 8.5481913963001269e-02 8.5429715348107380e-02 5.2198614893889106e-05
1396 6.8139648437500000e-01 4.2671490994432112e-02 4.2645327724669307e-02 2.6163269762805030e-05 4.2671490996814637e-02 4.2645327724669307e-02 2.6163272145329763e-05 8.5342981991246750e-02 8.5290655449338615e-02 5.2326541908134794e-05
1397 6.8188476562500000e-01 4.2601894654033315e-02 4.2575667227687776e-02 2.6227426345538929e-05 4.2601894656380750e-02 4.2575667227687776e-02 2.6227428692973676e-05 8.5203789310414058e-02 8.5151334455375552e-02 5.2454855038505666e-05
1398 6.8237304687500000e-01 4.2532168418446953e-02 4.2505876642312312e-02 2.6291776134640399e-05 4.2532168420836840e-02 4.2505876642312312e-02 2.6291778524527298e-05 8.5064336839283800e-02 8.5011753284624625e-02 5.2583554659174636e-05
1399 6.8286132812500000e-01 4.2462312748259332e-02 4.2435956428980549e-02 2.6356319278782181e-05 4.2462312750555051e-02 4.2435956428980549e-02 2.6356321574501351e-05 8.4924625498814382e-02 8.4871912857961099e-02 5.2712640853283532e-05
1400 6.8334960937500000e-01 4.2392328105291470e-02 4.2365907049364541e-02 2.6421055926928450e-05 4.2392328107634686e-02 4.2365907049364541e-02 2.6421058270144349e-05 8.4784656212926163e-02 8.4731814098729083e-02 5.2842114197079737e-05
1401 6.8383789062500000e-01 4.2322214952598920e-02 4.2295728966370759e-02 2.6485986228161340e-05 4.2322214954910085e-02 4.2295728966370759e-02 2.6485988539326488e-05 8.4644429907509006e-02 8.4591457932741518e-02 5.2971974767487828e-05
1402 6.8432617187500000e-01 4.2251973754471851e-02 4.2225422644140094e-02 2.6551110331757277e-05 4.2251973756802105e-02 4.2225422644140094e-02 2.6551112662011322e-05 8.4503947511273964e-02 8.4450845288280188e-02 5.3102222993775539e-05
1403 6.8481445312500000e-01 4.2181604976434965e-02 4.2154988548047855e-02 2.6616428387110647e-05 4.2181604978679288e-02 4.2154988548047855e-02 2.6616430631433430e-05 8.4363209955114260e-02 8.4309977096095709e-02 5.3232859018551015e-05
1404 6.8530273437500000e-01 4.2111109085247511e-02 4.2084427144703757e-02 2.6681940543754612e-05 4.2111109087521276e-02 4.2084427144703757e-02 2.6681942817519122e-05 8.4222218172768787e-02 8.4168854289407513e-02 5.3363883361273734e-05
1405 6.8579101562500000e-01 4.2040486548903383e-02 4.2013738901951946e-02 2.6747646951437443e-05 4.2040486551213549e-02 4.2013738901951946e-02 2.6747649261603390e-05 8.4080973100116932e-02 8.4027477803903891e-02 5.3495296213040833e-05
1406 6.8627929687500000e-01 4.1969737836630897e-02 4.1942924288870982e-02 2.6813547759914347e-05 4.1969737838881818e-02 4.1942924288870982e-02 2.6813550010836018e-05 8.3939475675512715e-02 8.3885848577741964e-02 5.3627097770750365e-05
1407 6.8676757812500000e-01 4.1898863418893137e-02 4.1871983775773829e-02 2.6879643119308294e-05 4.1898863421102855e-02 4.1871983775773829e-02 2.6879645329026813e-05 8.3797726839995992e-02 8.3743967551547657e-02 5.3759288448335107e-05
1408 6.8725585937500000e-01 4.1827863767387681e-02 4.1800917834207883e-02 2.6945933179797765e-05 4.1827863769596844e-02 4.1800917834207883e-02 2.6945935388961173e-05 8.3655727536984525e-02 8.3601835668415767e-02 5.3891868568758938e-05
1409 6.8774414062500000e-01 4.1756739355046528e-02 4.1729726936954960e-02 2.7012418091568180e-05 4.1756739357270707e-02 4.1729726936954960e-02 2.7012420315747354e-05 8.3513478712317235e-02 8.3459453873909920e-02 5.4024838407315534e-05
1410 6.8823242187500000e-01 4.1685490656036481e-02 4.1658411558031280e-02 2.7079098005200475e-05 4.1685490658271408e-02 4.1658411558031280e-02 2.7079100240127996e-05 8.3370981314307896e-02 8.3316823116062561e-02 5.4158198245335409e-05
1411 6.8872070312500000e-01 4.1614118145758723e-02 4.1586972172687496e-02 2.7145973071227014e-05 4.1614118147938660e-02 4.1586972172687496e-02 2.7145975251163801e-05 8.3228236293697383e-02 8.3173944345374992e-02 5.4291948322390815e-05
1412 6.8920898437500000e-01 4.1542622300849014e-02 4.1515409257408653e-02 2.7213043440360574e-05 4.1542622303029145e-02 4.1515409257408653e-02 2.7213045620491649e-05 8.3085244603878158e-02 8.3030818514817306e-02 5.4426089060852223e-05
1413 6.8969726562500000e-01 4.1471003599177693e-02 4.1443723289914240e-02 2.7280309263452707e-05 4.1471003601403190e-02 4.1443723289914240e-02 2.7280311488950271e-05 8.2942007200580883e-02 8.2887446579828480e-02 5.4560620752402977e-05
1414 6.9018554687500000e-01 4.1399262519849780e-02 4.1371914749158155e-02 2.7347770691625584e-05 4.1399262522042693e-02 4.1371914749158155e-02 2.7347772884538102e-05 8.2798525041892473e-02 8.2743829498316310e-02 5.4695543576163685e-05
1415 6.9067382812500000e-01 4.1327399543204614e-02 4.1299984115328703e-02 2.7415427875911169e-05 4.1327399545441207e-02 4.1299984115328703e-02 2.7415430112504025e-05 8.2654799088645814e-02 8.2599968230657406e-02 5.4830857988408255e-05
1416 6.9116210937500000e-01 4.1255415150816217e-02 4.1227931869848612e-02 2.7483280967605106e-05 4.1255415153010760e-02 4.1227931869848612e-02 2.7483283162148264e-05 8.2510830303826971e-02 8.2455863739697224e-02 5.4966564129746431e-05
1417 6.9165039062500000e-01 4.1183309825493203e-02 4.1155758495375040e-02 2.7551330118162631e-05 4.1183309827659297e-02 4.1155758495375040e-02 2.7551332284256325e-05 8.2366619653152506e-02 8.2311516990750080e-02 5.5102662402425895e-05
1418 6.9213867187500000e-01 4.1111084051278612e-02 4.1083464475799546e-02 2.7619575479066738e-05 4.1111084053428122e-02 4.1083464475799546e-02 2.7619577628576475e-05 8.2222168104706728e-02 8.2166928951599091e-02 5.5239153107636274e-05
1419 6.9262695312500000e-01 4.1038738313450222e-02 4.1011050296248117e-02 2.7688017202105730e-05 4.1038738315621014e-02 4.1011050296248117e-02 2.7688019372897055e-05 8.2077476629071236e-02 8.2022100592496233e-02 5.5376036575002785e-05
1420 6.9311523437500000e-01 4.0966273098520120e-02 4.0938516443081142e-02 2.7756655438977706e-05 4.0966273100687262e-02 4.0938516443081142e-02 2.7756657606119173e-05 8.1932546199207382e-02 8.1877032886162285e-02 5.5513313045096879e-05
1421 6.9360351562500000e-01 4.0893688894234975e-02 4.0865863403893442e-02 2.7825490341533421e-05 4.0893688896395206e-02 4.0865863403893442e-02 2.7825492501763749e-05 8.1787377790630181e-02 8.1731726807786884e-02 5.5650982843297170e-05
1422 6.9409179687500000e-01 4.0820986189576282e-02 4.0793091667514249e-02 2.7894522062033023e-05 4.0820986191701374e-02 4.0793091667514249e-02 2.7894524187124792e-05 8.1641972381277655e-02 8.1586183335028498e-02 5.5789046249157814e-05
1423 6.9458007812500000e-01 4.0748165474759804e-02 4.0720201724007220e-02 2.7963750752584005e-05 4.0748165476894159e-02 4.0720201724007220e-02 2.7963752886939197e-05 8.1496330951653956e-02 8.1440403448014440e-02 5.5927503639516263e-05
1424 6.9506835937500000e-01 4.0675227241235852e-02 4.0647194064670419e-02 2.8033176565432638e-05 4.0675227243378000e-02 4.0647194064670419e-02 2.8033178707580209e-05 8.1350454484613852e-02 8.1294388129340839e-02 5.6066355273012847e-05
1425 6.9555664062500000e-01 4.0602171981689285e-02 4.0574069182036328e-02 2.8102799652957033e-05 4.0602171983773527e-02 4.0574069182036328e-02 2.8102801737199534e-05 8.1204343965462805e-02 8.1148138364072656e-02 5.6205601390149629e-05
1426 6.9604492187500000e-01 4.0529000190039487e-02 4.0500827569871854e-02 2.8172620167632445e-05 4.0529000192129593e-02 4.0500827569871854e-02 2.8172622257738311e-05 8.1058000382169079e-02 8.1001655139743708e-02 5.6345242425370756e-05
1427 6.9653320312500000e-01 4.0455712361440424e-02 4.0427469723178316e-02 2.8242638262107600e-05 4.0455712363508069e-02 4.0427469723178316e-02 2.8242640329752267e-05 8.0911424724948500e-02 8.0854939446356633e-02 5.6485278591866805e-05
1428 6.9702148437500000e-01 4.0382308992280756e-02 4.0353996138191447e-02 2.8312854089308781e-05 4.0382308994400214e-02 4.0353996138191447e-02 2.8312856208766168e-05 8.0764617986680970e-02 8.0707992276382895e-02 5.6625710298074949e-05
1429 6.9750976562500000e-01 4.0308790580183322e-02 4.0280407312381410e-02 2.8383267801912471e-05 4.0308790582257475e-02 4.0280407312381410e-02 2.8383269876065820e-05 8.0617581162440805e-02 8.0560814624762819e-02 5.6766537677985229e-05
1430 6.9799804687500000e-01 4.0235157624005716e-02 4.0206703744452774e-02 2.8453879552942096e-05 4.0235157626090437e-02 4.0206703744452774e-02 2.8453881637663381e-05 8.0470315250096153e-02 8.0413407488905547e-02 5.6907761190605477e-05
1431 6.9848632812500000e-01 4.0161410623839995e-02 4.0132885934344525e-02 2.8524689495469657e-05 4.0161410625905995e-02 4.0132885934344525e-02 2.8524691561469806e-05 8.0322821249745990e-02 8.0265771868689051e-02 5.7049381056939463e-05
1432 6.9897460937500000e-01 4.0087550081012793e-02 4.0058954383230067e-02 2.8595697782726748e-05 4.0087550083037111e-02 4.0058954383230067e-02 2.8595699807044961e-05 8.0175100164049912e-02 8.0117908766460133e-02 5.7191397589778648e-05
1433 6.9946289062500000e-01 4.0013576498085131e-02 3.9984909593517227e-02 2.8666904567903329e-05 4.0013576500104016e-02 3.9984909593517227e-02 2.8666906586788388e-05 8.0027152998189147e-02 7.9969819187034455e-02 5.7333811154691716e-05
1434 6.9995117187500000e-01 3.9939490378852791e-02 3.9910752068848240e-02 2.8738310004550183e-05 3.9939490380896427e-02 3.9910752068848240e-02 2.8738312048186276e-05 7.9878980759749224e-02 7.9821504137696481e-02 5.7476622052743398e-05
1435 7.0043945312500000e-01 3.9865292228345769e-02 3.9836482314099773e-02 2.8809914245996049e-05 3.9865292230353289e-02 3.9836482314099773e-02 2.8809916253515200e-05 7.9730584458699058e-02 7.9672964628199547e-02 5.7619830499511249e-05
1436 7.0092773437500000e-01 3.9790982552828730e-02 3.9762100835382903e-02 2.8881717445826405e-05 3.9790982554816265e-02 3.9762100835382903e-02 2.8881719433361541e-05 7.9581965107644995e-02 7.9524201670765807e-02 5.7763436879187946e-05
1437 7.0141601562500000e-01 3.9716561859800915e-02 3.9687608140043108e-02 2.8953719757807139e-05 3.9716561861790040e-02 3.9687608140043108e-02 2.8953721746931282e-05 7.9433123721590948e-02 7.9375216280086217e-02 5.7907441504731483e-05
1438 7.0190429687500000e-01 3.9642030657995993e-02 3.9613004736660309e-02 2.9025921335683325e-05 3.9642030659958707e-02 3.9613004736660309e-02 2.9025923298398038e-05 7.9284061317954707e-02 7.9226009473320619e-02 5.8051844634088301e-05
1439 7.0239257812500000e-01 3.9567389457382141e-02 3.9538291135048829e-02 2.9098322333311055e-05 3.9567389459396342e-02 3.9538291135048829e-02 2.9098324347512361e-05 7.9134778916778475e-02 7.9076582270097659e-02 5.8196646680816477e-05
1440 7.0288085937500000e-01 3.9492638769162064e-02 3.9463467846257413e-02 2.9170922904650509e-05 3.9492638771125348e-02 3.9463467846257413e-02 2.9170924867934211e-05 7.8985277540287419e-02 7.8926935692514827e-02 5.8341847772591660e-05
1441 7.0336914062500000e-01 3.9417779105772939e-02 3.9388535382569229e-02 2.9243723203710437e-05 3.9417779107747887e-02 3.9388535382569229e-02 2.9243725178658420e-05 7.8835558213520826e-02 7.8777070765138457e-02 5.8487448382368856e-05
1442 7.0385742187500000e-01 3.9342810980886503e-02 3.9313494257501844e-02 2.9316723384659182e-05 3.9342810982869091e-02 3.9313494257501844e-02 2.9316725367246887e-05 7.8685621963755586e-02 7.8626988515003687e-02 5.8633448751899131e-05
1443 7.0434570312500000e-01 3.9267734909409012e-02 3.9238344985807257e-02 2.9389923601755297e-05 3.9267734911326020e-02 3.9238344985807257e-02 2.9389925518763516e-05 7.8535469820735032e-02 7.8476689971614513e-02 5.8779849120518812e-05
1444 7.0483398437500000e-01 3.9192551407481097e-02 3.9163088083471888e-02 2.9463324009208758e-05 3.9192551409433160e-02 3.9163088083471888e-02 2.9463325961272269e-05 7.8385102816914257e-02 7.8326176166943776e-02 5.8926649970481026e-05
1445 7.0532226562500000e-01 3.9117260992478024e-02 3.9087724067716559e-02 2.9536924761465466e-05 3.9117260994414718e-02 3.9087724067716559e-02 2.9536926698159327e-05 7.8234521986892736e-02 7.8175448135433118e-02 5.9073851459617854e-05
1446 7.0581054687500000e-01 3.9041864183009485e-02 3.9012253456996528e-02 2.9610726012957445e-05 3.9041864184927166e-02 3.9012253456996528e-02 2.9610727930638736e-05 7.8083728367936645e-02 7.8024506913993055e-02 5.9221453943589242e-05
1447 7.0629882812500000e-01 3.8966361498919723e-02 3.8936676771001447e-02 2.9684727918276310e-05 3.8966361500812084e-02 3.8936676771001447e-02 2.9684729810637578e-05 7.7932722999731807e-02 7.7873353542002893e-02 5.9369457728913888e-05
1448 7.0678710937500000e-01 3.8890753461287425e-02 3.8860994530655404e-02 2.9758930632020619e-05 3.8890753463197952e-02 3.8860994530655404e-02 2.9758932542547911e-05 7.7781506924485377e-02 7.7721989061310809e-02 5.9517863174568530e-05
1449 7.0727539062500000e-01 3.8815040592425812e-02 3.8785207258116905e-02 2.9833334308906889e-05 3.8815040594305988e-02 3.8785207258116905e-02 2.9833336189083459e-05 7.7630081186731800e-02 7.7570414516233810e-02 5.9666670497990348e-05
1450 7.0776367187500000e-01 3.8739223415882484e-02 3.8709315476778861e-02 2.9907939103623882e-05 3.8739223417768462e-02 3.8709315476778861e-02 2.9907940989601367e-05 7.7478446833650946e-02 7.7418630953557721e-02 5.9815880093225249e-05
1451 7.0825195312500000e-01 3.8663302456439633e-02 3.8633319711268606e-02 2.9982745171026892e-05 3.8663302458270793e-02 3.8633319711268606e-02 2.9982747002187116e-05 7.7326604914710426e-02 7.7266639422537212e-02 5.9965492173214008e-05
1452 7.0874023437500000e-01 3.8587278240114001e-02 3.8557220487447891e-02 3.0057752666109994e-05 3.8587278242008978e-02 3.8557220487447891e-02 3.0057754561087224e-05 7.7174556482122986e-02 7.7114440974895782e-02 6.0115507227204157e-05
1453 7.0922851562500000e-01 3.8511151294156602e-02 3.8481018332412881e-02 3.0132961743721542e-05 3.8511151296010591e-02 3.8481018332412881e-02 3.0132963597710727e-05 7.7022302590167194e-02 7.6962036664825761e-02 6.0265925341432269e-05
1454 7.0971679687500000e-01 3.8434922147053033e-02 3.8404713774494170e-02 3.0208372558862551e-05 3.8434922148906044e-02 3.8404713774494170e-02 3.0208374411873351e-05 7.6869844295959083e-02 7.6809427548988340e-02 6.0416746970742841e-05
1455 7.1020507812500000e-01 3.8358591328523532e-02 3.8328307343256755e-02 3.0283985266776892e-05 3.8358591330353811e-02 3.8328307343256755e-02 3.0283987097055876e-05 7.6717182658877336e-02 7.6656614686513511e-02 6.0567972363825828e-05
1456 7.1069335937500000e-01 3.8282159369522707e-02 3.8251799569500061e-02 3.0359800022645989e-05 3.8282159371354312e-02 3.8251799569500061e-02 3.0359801854250301e-05 7.6564318740877019e-02 7.6503599139000122e-02 6.0719601876896290e-05
1457 7.1118164062500000e-01 3.8205626802239545e-02 3.8175190985257922e-02 3.0435816981623509e-05 3.8205626804092473e-02 3.8175190985257922e-02 3.0435818834551043e-05 7.6411253606332025e-02 7.6350381970515843e-02 6.0871635816181491e-05
1458 7.1166992187500000e-01 3.8128994160097504e-02 3.8098482123798592e-02 3.0512036298911693e-05 3.8128994161895031e-02 3.8098482123798592e-02 3.0512038096439098e-05 7.6257988321992543e-02 7.6196964247597185e-02 6.1024074395357730e-05
1459 7.1215820312500000e-01 3.8052261977754659e-02 3.8021673519624745e-02 3.0588458129914009e-05 3.8052261979555510e-02 3.8021673519624745e-02 3.0588459930765144e-05 7.6104523957310169e-02 7.6043347039249490e-02 6.1176918060679153e-05
1460 7.1264648437500000e-01 3.7975430791103347e-02 3.7944765708473466e-02 3.0665082629881268e-05 3.7975430792877372e-02 3.7944765708473466e-02 3.0665084403906639e-05 7.5950861583980719e-02 7.5889531416946931e-02 6.1330167033787908e-05
1461 7.1313476562500000e-01 3.7898501137270606e-02 3.7867759227316271e-02 3.0741909954334901e-05 3.7898501139101586e-02 3.7867759227316271e-02 3.0741911785314713e-05 7.5797002276372191e-02 7.5735518454632542e-02 6.1483821739649613e-05
1462 7.1362304687500000e-01 3.7821473554617922e-02 3.7790654614359077e-02 3.0818940258844907e-05 3.7821473556341016e-02 3.7790654614359077e-02 3.0818941981938797e-05 7.5642947110958939e-02 7.5581309228718155e-02 6.1637882240783703e-05
1463 7.1411132812500000e-01 3.7744348582741102e-02 3.7713452409042225e-02 3.0896173698877205e-05 3.7744348584474535e-02 3.7713452409042225e-02 3.0896175432310047e-05 7.5488697167215638e-02 7.5426904818084450e-02 6.1792349131187252e-05
1464 7.1459960937500000e-01 3.7667126762470457e-02 3.7636153152040476e-02 3.0973610429980980e-05 3.7667126764243608e-02 3.7636153152040476e-02 3.0973612203132050e-05 7.5334253526714065e-02 7.5272306304080952e-02 6.1947222633113030e-05
1465 7.1508789062500000e-01 3.7589808635870837e-02 3.7558757385263007e-02 3.1051250607830316e-05 3.7589808637615803e-02 3.7558757385263007e-02 3.1051252352795600e-05 7.5179617273486640e-02 7.5117514770526014e-02 6.2102502960625916e-05
1466 7.1557617187500000e-01 3.7512394746241427e-02 3.7481265651853404e-02 3.1129094388022971e-05 3.7512394748008465e-02 3.7481265651853404e-02 3.1129096155060876e-05 7.5024789494249899e-02 7.4962531303706809e-02 6.2258190543090786e-05
1467 7.1606445312500000e-01 3.7434885638115971e-02 3.7403678496189682e-02 3.1207141926288540e-05 3.7434885639815715e-02 3.7403678496189682e-02 3.1207143626033051e-05 7.4869771277931679e-02 7.4807356992379365e-02 6.2414285552314652e-05
1468 7.1655273437500000e-01 3.7357281857262767e-02 3.7325996463884271e-02 3.1285393378495396e-05 3.7357281858984827e-02 3.7325996463884271e-02 3.1285395100555391e-05 7.4714563716247601e-02 7.4651992927768543e-02 6.2570788479057726e-05
1469 7.1704101562500000e-01 3.7279583950684363e-02 3.7248220101784010e-02 3.1363848900352320e-05 3.7279583952330796e-02 3.7248220101784010e-02 3.1363850546785310e-05 7.4559167903015158e-02 7.4496440203568021e-02 6.2727699447137630e-05
1470 7.1752929687500000e-01 3.7201792466617881e-02 3.7170349957970167e-02 3.1442508647713807e-05 3.7201792468285796e-02 3.7170349957970167e-02 3.1442510315629613e-05 7.4403584934903677e-02 7.4340699915940334e-02 6.2885018963343420e-05
1471 7.1801757812500000e-01 3.7123907954534789e-02 3.7092386581758410e-02 3.1521372776378842e-05 3.7123907956181937e-02 3.7092386581758410e-02 3.1521374423526538e-05 7.4247815910716719e-02 7.4184773163516821e-02 6.3042747199898441e-05
1472 7.1850585937500000e-01 3.7045930965140972e-02 3.7014330523698846e-02 3.1600441442125593e-05 3.7045930966807014e-02 3.7014330523698846e-02 3.1600443108167897e-05 7.4091861931947986e-02 7.4028661047397692e-02 6.3200884550293490e-05
1473 7.1899414062500000e-01 3.6967862050377026e-02 3.6936182335575989e-02 3.1679714801037540e-05 3.6967862051993865e-02 3.6936182335575989e-02 3.1679716417876147e-05 7.3935724102370898e-02 7.3872364671151977e-02 6.3359431218920625e-05
1474 7.1948242187500000e-01 3.6889701763417743e-02 3.6857942570408760e-02 3.1759193008983055e-05 3.6889701765044594e-02 3.6857942570408760e-02 3.1759194635834487e-05 7.3779403528462337e-02 7.3715885140817519e-02 6.3518387644817542e-05
1475 7.1997070312500000e-01 3.6811450658672508e-02 3.6779611782450518e-02 3.1838876221990109e-05 3.6811450660300719e-02 3.6779611782450518e-02 3.1838877850201563e-05 7.3622901318973227e-02 7.3559223564901036e-02 6.3677754072191672e-05
1476 7.2045898437500000e-01 3.6733109291784929e-02 3.6701190527189023e-02 3.1918764595906257e-05 3.6733109293390319e-02 3.6701190527189023e-02 3.1918766201295690e-05 7.3466218585175241e-02 7.3402381054378046e-02 6.3837530797195008e-05
1477 7.2094726562500000e-01 3.6654678219633315e-02 3.6622679361346458e-02 3.1998858286856613e-05 3.6654678221254886e-02 3.6622679361346458e-02 3.1998859908427546e-05 7.3309356440888207e-02 7.3245358722692916e-02 6.3997718195291098e-05
1478 7.2143554687500000e-01 3.6576158000330192e-02 3.6544078842879427e-02 3.2079157450765061e-05 3.6576158001930564e-02 3.6544078842879427e-02 3.2079159051137673e-05 7.3152316002260756e-02 7.3088157685758853e-02 6.4158316501902735e-05
1479 7.2192382812500000e-01 3.6497549193222692e-02 3.6465389530978942e-02 3.2159662243749776e-05 3.6497549194807639e-02 3.6465389530978942e-02 3.2159663828697227e-05 7.2995098388030338e-02 7.2930779061957884e-02 6.4319326072453942e-05
1480 7.2241210937500000e-01 3.6418852358892292e-02 3.6386611986070440e-02 3.2240372821852603e-05 3.6418852360512739e-02 3.6386611986070440e-02 3.2240374442299435e-05 7.2837704719405039e-02 7.2773223972140880e-02 6.4480747264158977e-05
1481 7.2290039062500000e-01 3.6340068059154920e-02 3.6307746769813770e-02 3.2321289341150083e-05 3.6340068060749076e-02 3.6307746769813770e-02 3.2321290935305447e-05 7.2680136119903996e-02 7.2615493539627540e-02 6.4642580276455530e-05
1482 7.2338867187500000e-01 3.6261196857061022e-02 3.6228794445103199e-02 3.2402411957822841e-05 3.6261196858659056e-02 3.6228794445103199e-02 3.2402413555857046e-05 7.2522393715720085e-02 7.2457588890206398e-02 6.4804825513686826e-05
1483 7.2387695312500000e-01 3.6182239316895355e-02 3.6149755576067422e-02 3.2483740827933538e-05 3.6182239318490170e-02 3.6149755576067422e-02 3.2483742422748096e-05 7.2364478635385532e-02 7.2299511152134843e-02 6.4967483250688574e-05
1484 7.2436523437500000e-01 3.6103196004177031e-02 3.6070630728069542e-02 3.2565276107489327e-05 3.6103196005734278e-02 3.6070630728069542e-02 3.2565277664736714e-05 7.2206392009911302e-02 7.2141261456139083e-02 6.5130553772219102e-05
1485 7.2485351562500000e-01 3.6024067485659672e-02 3.5991420467707071e-02 3.2647017952601443e-05 3.6024067487180976e-02 3.5991420467707071e-02 3.2647019473905359e-05 7.2048134972840655e-02 7.1982840935414141e-02 6.5294037426513740e-05
1486 7.2534179687500000e-01 3.5944854329331519e-02 3.5912125362811950e-02 3.2728966519568470e-05 3.5944854330864140e-02 3.5912125362811950e-02 3.2728968052189722e-05 7.1889708660195659e-02 7.1824250725623900e-02 6.5457934571758192e-05
1487 7.2583007812500000e-01 3.5865557104414920e-02 3.5832745982450537e-02 3.2811121964383683e-05 3.5865557105925990e-02 3.5832745982450537e-02 3.2811123475452730e-05 7.1731114210340910e-02 7.1665491964901074e-02 6.5622245439836413e-05
1488 7.2631835937500000e-01 3.5786176381366830e-02 3.5753282896923602e-02 3.2893484443227705e-05 3.5786176382892651e-02 3.5753282896923602e-02 3.2893485969048841e-05 7.1572352764259481e-02 7.1506565793847204e-02 6.5786970412276546e-05
1489 7.2680664062500000e-01 3.5706712731878504e-02 3.5673736677766334e-02 3.2976054112170139e-05 3.5706712733382870e-02 3.5673736677766334e-02 3.2976055616536215e-05 7.1413425465261374e-02 7.1347473355532667e-02 6.5952109728706354e-05
1490 7.2729492187500000e-01 3.5627166728875691e-02 3.5594107897748348e-02 3.3058831127343036e-05 3.5627166730350844e-02 3.5594107897748348e-02 3.3058832602496369e-05 7.1254333459226535e-02 7.1188215795496695e-02 6.6117663729839404e-05
1491 7.2778320312500000e-01 3.5547538946518478e-02 3.5514397130873655e-02 3.3141815644822936e-05 3.5547538947988955e-02 3.5514397130873655e-02 3.3141817115299455e-05 7.1095077894507433e-02 7.1028794261747311e-02 6.6283632760122391e-05
1492 7.2827148437500000e-01 3.5467829960201508e-02 3.5434604952380711e-02 3.3225007820797403e-05 3.5467829961686188e-02 3.5434604952380711e-02 3.3225009305477837e-05 7.0935659921887689e-02 7.0869209904761421e-02 6.6450017126268301e-05
1493 7.2875976562500000e-01 3.5388040346553670e-02 3.5354731938742362e-02 3.3308407811308283e-05 3.5388040348006231e-02 3.5354731938742362e-02 3.3308409263868577e-05 7.0776080694559901e-02 7.0709463877484724e-02 6.6616817075176860e-05
1494 7.2924804687500000e-01 3.5308170683438375e-02 3.5274778667665888e-02 3.3392015772487627e-05 3.5308170684885183e-02 3.5274778667665888e-02 3.3392017219295578e-05 7.0616341368323565e-02 7.0549557335331775e-02 6.6784032991790143e-05
1495 7.2973632812500000e-01 3.5228221549953372e-02 3.5194745718092987e-02 3.3475831860384220e-05 3.5228221551377420e-02 3.5194745718092987e-02 3.3475833284432599e-05 7.0456443101330785e-02 7.0389491436185975e-02 6.6951665144809880e-05
1496 7.3022460937500000e-01 3.5148193526430851e-02 3.5114633670199770e-02 3.3559856231081542e-05 3.5148193527843895e-02 3.5114633670199770e-02 3.3559857644124835e-05 7.0296387054274739e-02 7.0229267340399540e-02 6.7119713875199438e-05
1497 7.3071289062500000e-01 3.5068087194437284e-02 3.5034443105396759e-02 3.3644089040524294e-05 3.5068087195850993e-02 3.5034443105396759e-02 3.3644090454233722e-05 7.0136174390288269e-02 7.0068886210793518e-02 6.7288179494751077e-05
1498 7.3120117187500000e-01 3.4987903136773753e-02 3.4954174606328894e-02 3.3728530444858407e-05 3.4987903138189419e-02 3.4954174606328894e-02 3.3728531860524602e-05 6.9975806274963165e-02 6.9908349212657789e-02 6.7457062305376070e-05
1499 7.3168945312500000e-01 3.4907641937475649e-02 3.4873828756875551e-02 3.3813180600097970e-05 3.4907641938890080e-02 3.4873828756875551e-02 3.3813182014529042e-05 6.9815283876365736e-02 6.9747657513751102e-02 6.7626362614633950e-05
1500 7.3217773437500000e-01 3.4827304181812666e-02 3.4793406142150506e-02 3.3898039662159929e-05 3.4827304183178601e-02 3.4793406142150506e-02 3.3898041028095072e-05 6.9654608364991266e-02 6.9586812284301011e-02 6.7796080690255001e-05
1501 7.3266601562500000e-01 3.4746890456288967e-02 3.4712907348501951e-02 3.3983107787016742e-05 3.4746890457633767e-02 3.4712907348501951e-02 3.3983109131816014e-05 6.9493780913922734e-02 6.9425814697003901e-02 6.7966216918832756e-05
1502 7.3315429687500000e-01 3.4666401348643149e-02 3.4632332963512501e-02 3.4068385130647805e-05 3.4666401350024571e-02 3.4632332963512501e-02 3.4068386512070559e-05 6.9332802698667720e-02 6.9264665927025001e-02 6.8136771642718363e-05
1503 7.3364257812500000e-01 3.4585837447848058e-02 3.4551683575999186e-02 3.4153871848872919e-05 3.4585837449177904e-02 3.4551683575999186e-02 3.4153873178718874e-05 6.9171674897025970e-02 6.9103367151998371e-02 6.8307745027598732e-05
1504 7.3413085937500000e-01 3.4505199344111039e-02 3.4470959776013457e-02 3.4239568097581274e-05 3.4505199345442383e-02 3.4470959776013457e-02 3.4239569428926031e-05 6.9010398689553415e-02 6.8941919552026915e-02 6.8479137526500367e-05
1505 7.3461914062500000e-01 3.4424487628873894e-02 3.4390162154841183e-02 3.4325474032710634e-05 3.4424487630199521e-02 3.4390162154841183e-02 3.4325475358337743e-05 6.8848975259073408e-02 6.8780324309682367e-02 6.8650949391041438e-05
1506 7.3510742187500000e-01 3.4343702894812693e-02 3.4309291305002647e-02 3.4411589810046106e-05 3.4343702896110245e-02 3.4309291305002647e-02 3.4411591107598449e-05 6.8687405790922945e-02 6.8618582610005294e-02 6.8823180917651494e-05
1507 7.3559570312500000e-01 3.4262845735837870e-02 3.4228347820252546e-02 3.4497915585324224e-05 3.4262845737115750e-02 3.4228347820252546e-02 3.4497916863204803e-05 6.8525691472953620e-02 6.8456695640505091e-02 6.8995832448529026e-05
1508 7.3608398437500000e-01 3.4181916747094296e-02 3.4147332295579993e-02 3.4584451514302339e-05 3.4181916748371920e-02 3.4147332295579993e-02 3.4584452791926179e-05 6.8363833495466209e-02 6.8294664591159987e-02 6.9168904306221579e-05
1509 7.3657226562500000e-01 3.4100916524961188e-02 3.4066245327208526e-02 3.4671197752661476e-05 3.4100916526237153e-02 3.4066245327208526e-02 3.4671199028626920e-05 6.8201833051198341e-02 6.8132490654417052e-02 6.9342396781288396e-05
1510 7.3706054687500000e-01 3.4019845667052184e-02 3.3985087512596109e-02 3.4758154456075718e-05 3.4019845668329093e-02 3.3985087512596109e-02 3.4758155732984852e-05 6.8039691335381278e-02 6.7970175025192217e-02 6.9516310189060571e-05
1511 7.3754882812500000e-01 3.3938704772215243e-02 3.3903859450435093e-02 3.4845321780149763e-05 3.3938704773498370e-02 3.3903859450435093e-02 3.4845323063276146e-05 6.7877409545713613e-02 6.7807718900870187e-02 6.9690644843425908e-05
1512 7.3803710937500000e-01 3.3857494440532709e-02 3.3822561740652277e-02 3.4932699880432794e-05 3.3857494441751464e-02 3.3822561740652277e-02 3.4932701099187058e-05 6.7714988882284166e-02 6.7645123481304553e-02 6.9865400979612913e-05
1513 7.3852539062500000e-01 3.3776215273321322e-02 3.3741194984408855e-02 3.5020288912467057e-05 3.3776215274565931e-02 3.3741194984408855e-02 3.5020290157075640e-05 6.7552430547887260e-02 6.7482389968817710e-02 7.0040579069549636e-05
1514 7.3901367187500000e-01 3.3694867873132230e-02 3.3659759784100463e-02 3.5108089031767042e-05 3.3694867874335337e-02 3.3659759784100463e-02 3.5108090234874101e-05 6.7389735747467566e-02 6.7319519568200925e-02 7.0216179266641143e-05
1515 7.3950195312500000e-01 3.3613452843750800e-02 3.3578256743357127e-02 3.5196100393673768e-05 3.3613452844978575e-02 3.3578256743357127e-02 3.5196101621448594e-05 6.7226905688729383e-02 6.7156513486714253e-02 7.0392202015129302e-05
1516 7.3999023437500000e-01 3.3531970790196923e-02 3.3496686467043305e-02 3.5284323153618458e-05 3.3531970791416454e-02 3.3496686467043305e-02 3.5284324373149878e-05 6.7063941581613384e-02 6.6993372934086609e-02 7.0568647526775274e-05
1517 7.4047851562500000e-01 3.3450422318724790e-02 3.3415049561257876e-02 3.5372757466914373e-05 3.3450422319930201e-02 3.3415049561257876e-02 3.5372758672325144e-05 6.6900844638654991e-02 6.6830099122515751e-02 7.0745516139239517e-05
1518 7.4096679687500000e-01 3.3368808036822933e-02 3.3333346633334121e-02 3.5461403488812326e-05 3.3368808038025742e-02 3.3333346633334121e-02 3.5461404691621012e-05 6.6737616074848682e-02 6.6666693266668242e-02 7.0922808180440278e-05
1519 7.4145507812500000e-01 3.3287128553214217e-02 3.3251578291839751e-02 3.5550261374465986e-05 3.3287128554387979e-02 3.3251578291839751e-02 3.5550262548228462e-05 6.6574257107602203e-02 6.6503156583679501e-02 7.1100523922701386e-05
1520 7.4194335937500000e-01 3.3205384477856009e-02 3.3169745146576897e-02 3.5639331279112285e-05 3.3205384479055571e-02 3.3169745146576897e-02 3.5639332478673569e-05 6.6410768956911587e-02 6.6339490293153794e-02 7.1278663757792793e-05
1521 7.4243164062500000e-01 3.3123576421939832e-02 3.3087847808582094e-02 3.5728613357738359e-05 3.3123576423110576e-02 3.3087847808582094e-02 3.5728614528482416e-05 6.6247152845050408e-02 6.6175695617164187e-02 7.1457227886220775e-05
1522 7.4291992187500000e-01 3.3041704997891677e-02 3.3005886890126297e-02 3.5818107765379914e-05 3.3041704999050035e-02 3.3005886890126297e-02 3.5818108923738046e-05 6.6083409996941705e-02 6.6011773780252594e-02 7.1636216689111021e-05
1523 7.4340820312500000e-01 3.2959770819371854e-02 3.2923863004714893e-02 3.5907814656961634e-05 3.2959770820496039e-02 3.2923863004714893e-02 3.5907815781145713e-05 6.5919541639867893e-02 6.5847726009429786e-02 7.1815630438107347e-05
1524 7.4389648437500000e-01 3.2877774501275062e-02 3.2841776767087674e-02 3.5997734187387387e-05 3.2877774502369422e-02 3.2841776767087674e-02 3.5997735281748100e-05 6.5755549003644484e-02 6.5683553534175348e-02 7.1995469469135487e-05
1525 7.4438476562500000e-01 3.2795716659730384e-02 3.2759628793218844e-02 3.6087866511540223e-05 3.2795716660825792e-02 3.2759628793218844e-02 3.6087867606948709e-05 6.5591433320556169e-02 6.5519257586437687e-02 7.2175734118481993e-05
1526 7.4487304687500000e-01 3.2713597912101038e-02 3.2677419700317040e-02 3.6178211783997882e-05 3.2713597913216985e-02 3.2677419700317040e-02 3.6178212899945494e-05 6.5427195825318030e-02 6.5354839400634079e-02 7.2356424683950316e-05
1527 7.4536132812500000e-01 3.2631418876984820e-02 3.2595150106825295e-02 3.6268770159525454e-05 3.2631418878060627e-02 3.2595150106825295e-02 3.6268771235331565e-05 6.5262837755045447e-02 6.5190300213650590e-02 7.2537541394857019e-05
1528 7.4584960937500000e-01 3.2549180174213738e-02 3.2512820632421086e-02 3.6359541792652106e-05 3.2549180175276408e-02 3.2512820632421086e-02 3.6359542855322891e-05 6.5098360349490153e-02 6.5025641264842171e-02 7.2719084647981935e-05
1529 7.4633789062500000e-01 3.2466882424854203e-02 3.2430431898016282e-02 3.6450526837920882e-05 3.2466882425894017e-02 3.2430431898016282e-02 3.6450527877734951e-05 6.4933764850748227e-02 6.4860863796032564e-02 7.2901054715662772e-05
1530 7.4682617187500000e-01 3.2384526251206983e-02 3.2347984525757191e-02 3.6541725449791562e-05 3.2384526252240864e-02 3.2347984525757191e-02 3.6541726483672876e-05 6.4769052503447846e-02 6.4695969051514382e-02 7.3083451933464438e-05
1531 7.4731445312500000e-01 3.2302112276807092e-02 3.2265479139024514e-02 3.6633137782578207e-05 3.2302112277853533e-02 3.2265479139024514e-02 3.6633138829018919e-05 6.4604224554660625e-02 6.4530958278049028e-02 7.3266276611597125e-05
1532 7.4780273437500000e-01 3.2219641126423913e-02 3.2182916362433395e-02 3.6724763990518550e-05 3.2219641127438858e-02 3.2182916362433395e-02 3.6724765005463622e-05 6.4439282253862779e-02 6.4365832724866789e-02 7.3449528995989111e-05
1533 7.4829101562500000e-01 3.2137113426061160e-02 3.2100296821833380e-02 3.6816604227780936e-05 3.2137113427060861e-02 3.2100296821833380e-02 3.6816605227481258e-05 6.4274226853122021e-02 6.4200593643666759e-02 7.3633209455262194e-05
1534 7.4877929687500000e-01 3.2054529802956915e-02 3.2017621144308429e-02 3.6908658648485138e-05 3.2054529804003876e-02 3.2017621144308429e-02 3.6908659695446266e-05 6.4109059606960783e-02 6.4035242288616859e-02 7.3817318343924465e-05
1535 7.4926757812500000e-01 3.1971890885583595e-02 3.1934889958176935e-02 3.7000927406660722e-05 3.1971890886566989e-02 3.1934889958176935e-02 3.7000928390054644e-05 6.3943781772150585e-02 6.3869779916353869e-02 7.4001855796715366e-05
1536 7.4975585937500000e-01 3.1889197303647851e-02 3.1852103892991694e-02 3.7093410656156844e-05 3.1889197304640751e-02 3.1852103892991694e-02 3.7093411649057051e-05 6.3778394608288602e-02 6.3704207785983388e-02 7.4186822305213895e-05
1537 7.5024414062500000e-01 3.1806449688090738e-02 3.1769263579539922e-02 3.7186108550815722e-05 3.1806449689084332e-02 3.1769263579539922e-02 3.7186109544409818e-05 6.3612899377175069e-02 6.3538527159079844e-02 7.4372218095225540e-05
1538 7.5073242187500000e-01 3.1723648671087575e-02 3.1686369649843255e-02 3.7279021244319976e-05 3.1723648672039424e-02 3.1686369649843255e-02 3.7279022196169687e-05 6.3447297343126999e-02 6.3372739299686509e-02 7.4558043440489663e-05
1539 7.5122070312500000e-01 3.1640794886048096e-02 3.1603422737157751e-02 3.7372148890345291e-05 3.1640794886983487e-02 3.1603422737157751e-02 3.7372149825735945e-05 6.3281589773031582e-02 6.3206845474315501e-02 7.4744298716081237e-05
1540 7.5170898437500000e-01 3.1557888967616188e-02 3.1520423475973870e-02 3.7465491642317550e-05 3.1557888968558497e-02 3.1520423475973870e-02 3.7465492584626281e-05 6.3115777936174677e-02 6.3040846951947740e-02 7.4930984226936892e-05
1541 7.5219726562500000e-01 3.1474931551670214e-02 3.1437372502016510e-02 3.7559049653704268e-05 3.1474931552550711e-02 3.1437372502016510e-02 3.7559050534201333e-05 6.2949863104220932e-02 6.2874745004033020e-02 7.5118100187912540e-05
1542 7.5268554687500000e-01 3.1391923275322836e-02 3.1354270452244967e-02 3.7652823077868880e-05 3.1391923276187200e-02 3.1354270452244967e-02 3.7652823942233016e-05 6.2783846551510036e-02 6.2708540904489934e-02 7.5305647020101896e-05
1543 7.5317382812500000e-01 3.1308864776920964e-02 3.1271117964852962e-02 3.7746812068001345e-05 3.1308864777811973e-02 3.1271117964852962e-02 3.7746812959010834e-05 6.2617729554732937e-02 6.2542235929705925e-02 7.5493625027012179e-05
1544 7.5366210937500000e-01 3.1225756696045808e-02 3.1187915679268648e-02 3.7841016777159786e-05 3.1225756696897103e-02 3.1187915679268648e-02 3.7841017628454515e-05 6.2451513392942914e-02 6.2375831358537297e-02 7.5682034405617771e-05
1545 7.5415039062500000e-01 3.1142599673512905e-02 3.1104664236154565e-02 3.7935437358339874e-05 3.1142599674387383e-02 3.1104664236154565e-02 3.7935438232817448e-05 6.2285199347900291e-02 6.2209328472309131e-02 7.5870875591160791e-05
1546 7.5463867187500000e-01 3.1059394351372182e-02 3.1021364277407693e-02 3.8030073964488709e-05 3.1059394352216298e-02 3.1021364277407693e-02 3.8030074808605152e-05 6.2118788703588480e-02 6.2042728554815386e-02 7.6060148773093861e-05
1547 7.5512695312500000e-01 3.0976141372907808e-02 3.0938016446159421e-02 3.8124926748386856e-05 3.0976141373763599e-02 3.0938016446159421e-02 3.8124927604177988e-05 6.1952282746671403e-02 6.1876032892318841e-02 7.6249854352561375e-05
1548 7.5561523437500000e-01 3.0892841382638141e-02 3.0854621386775558e-02 3.8219995862582429e-05 3.0892841383481418e-02 3.0854621386775558e-02 3.8219996705859266e-05 6.1785682766119558e-02 6.1709242773551116e-02 7.6439992568441695e-05
1549 7.5610351562500000e-01 3.0809495026316063e-02 3.0771179744856332e-02 3.8315281459731093e-05 3.0809495027154632e-02 3.0771179744856332e-02 3.8315282298299891e-05 6.1618990053470699e-02 6.1542359489712664e-02 7.6630563758034453e-05
1550 7.5659179687500000e-01 3.0726102950928591e-02 3.0687692167236380e-02 3.8410783692210959e-05 3.0726102951729263e-02 3.0687692167236380e-02 3.8410784492882988e-05 6.1452205902657854e-02 6.1375384334472760e-02 7.6821568185093947e-05
1551 7.5708007812500000e-01 3.0642665804697097e-02 3.0604159301984766e-02 3.8506502712330748e-05 3.0642665805521264e-02 3.0604159301984766e-02 3.8506503536497871e-05 6.1285331610218360e-02 6.1208318603969532e-02 7.7013006248828619e-05
1552 7.5756835937500000e-01 3.0559184237077208e-02 3.0520581798404962e-02 3.8602438672246525e-05 3.0559184237891637e-02 3.0520581798404962e-02 3.8602439486674911e-05 6.1118368474968848e-02 6.1041163596809923e-02 7.7204878158924906e-05
1553 7.5805664062500000e-01 3.0475658898758893e-02 3.0436960307034865e-02 3.8698591724027620e-05 3.0475658899533069e-02 3.0436960307034865e-02 3.8698592498203482e-05 6.0951317798291965e-02 6.0873920614069731e-02 7.7397184222234572e-05
1554 7.5854492187500000e-01 3.0392090441666308e-02 3.0353295479646790e-02 3.8794962019517848e-05 3.0392090442437493e-02 3.0353295479646790e-02 3.8794962790703047e-05 6.0784180884103797e-02 6.0706590959293580e-02 7.7589924810217425e-05
1555 7.5903320312500000e-01 3.0308479518958122e-02 3.0269587969247461e-02 3.8891549710661638e-05 3.0308479519710062e-02 3.0269587969247461e-02 3.8891550462601815e-05 6.0616959038668185e-02 6.0539175938494921e-02 7.7783100173263453e-05
1556 7.5952148437500000e-01 3.0224826785027054e-02 3.0185838430078021e-02 3.8988354949032189e-05 3.0224826785731972e-02 3.0185838430078021e-02 3.8988355653950951e-05 6.0449653570759029e-02 6.0371676860156043e-02 7.7976710602986610e-05
1557 7.6000976562500000e-01 3.0141132895500265e-02 3.0102047517614042e-02 3.9085377886223516e-05 3.0141132896238269e-02 3.0102047517614042e-02 3.9085378624226924e-05 6.0282265791738537e-02 6.0204095035228083e-02 7.8170756510453909e-05
1558 7.6049804687500000e-01 3.0057398507239076e-02 3.0018215888565500e-02 3.9182618673576364e-05 3.0057398507996803e-02 3.0018215888565500e-02 3.9182619431303578e-05 6.0114797015235880e-02 6.0036431777131000e-02 7.8365238104879942e-05
1559 7.6098632812500000e-01 2.9973624278339214e-02 2.9934344200876789e-02 3.9280077462424540e-05 2.9973624279057472e-02 2.9934344200876789e-02 3.9280078180683325e-05 5.9947248557396686e-02 5.9868688401753578e-02 7.8560155643107865e-05
1560 7.6147460937500000e-01 2.9889810868130532e-02 2.9850433113726732e-02 3.9377754403800008e-05 2.9889810868823061e-02 2.9850433113726732e-02 3.9377755096329375e-05 5.9779621736953593e-02 5.9700866227453464e-02 7.8755509500129384e-05
1561 7.6196289062500000e-01 2.9805958937177315e-02 2.9766483287528553e-02 3.9475649648762490e-05 2.9805958937864131e-02 2.9766483287528553e-02 3.9475650335577678e-05 5.9611917875041442e-02 5.9532966575057106e-02 7.8951299984336698e-05
1562 7.6245117187500000e-01 2.9722069147278030e-02 2.9682495383929908e-02 3.9573763348121904e-05 2.9722069147983539e-02 2.9682495383929908e-02 3.9573764053630472e-05 5.9444138295261573e-02 5.9364990767859817e-02 7.9147527401755846e-05
1563 7.6293945312500000e-01 2.9638142161465517e-02 2.9598470065812860e-02 3.9672095652656947e-05 2.9638142162169496e-02 2.9598470065812860e-02 3.9672096356635489e-05 5.9276284323635013e-02 5.9196940131625721e-02 7.9344192009292436e-05
1564 7.6342773437500000e-01 2.9554178644006765e-02 2.9514407997293896e-02 3.9770646712868757e-05 2.9554178644653498e-02 2.9514407997293896e-02 3.9770647359601424e-05 5.9108357288660263e-02 5.9028815994587792e-02 7.9541294072470181e-05
1565 7.6391601562500000e-01 2.9470179260403018e-02 2.9430309843723912e-02 3.9869416679105818e-05 2.9470179261041167e-02 2.9430309843723912e-02 3.9869417317255074e-05 5.8940358521444185e-02 5.8860619687447824e-02 7.9738833996360892e-05
1566 7.6440429687500000e-01 2.9386144677389942e-02 2.9346176271688233e-02 3.9968405701709675e-05 2.9386144678021930e-02 2.9346176271688233e-02 3.9968406333697193e-05 5.8772289355411872e-02 5.8692352543376465e-02 7.9936812035406868e-05
1567 7.6489257812500000e-01 2.9302075562937333e-02 2.9262007949006588e-02 4.0067613930744317e-05 2.9302075563538942e-02 2.9262007949006588e-02 4.0067614532353357e-05 5.8604151126476274e-02 5.8524015898013176e-02 8.0135228463097674e-05
1568 7.6538085937500000e-01 2.9217972586249308e-02 2.9177805544733135e-02 4.0167041516173119e-05 2.9217972586848915e-02 2.9177805544733135e-02 4.0167042115780288e-05 5.8435945173098219e-02 5.8355611089466269e-02 8.0334083631949937e-05
1569 7.6586914062500000e-01 2.9133836417764215e-02 2.9093569729156443e-02 4.0266688607772105e-05 2.9133836418341608e-02 2.9093569729156443e-02 4.0266689185164406e-05 5.8267672836105823e-02 5.8187139458312886e-02 8.0533377792936511e-05
1570 7.6635742187500000e-01 2.9049667729154755e-02 2.9009301173799500e-02 4.0366555355254852e-05 2.9049667729739759e-02 2.9009301173799500e-02 4.0366555940259119e-05 5.8099335458894515e-02 5.8018602347599001e-02 8.0733111295513971e-05
1571 7.6684570312500000e-01 2.8965467193327758e-02 2.8925000551419711e-02 4.0466641908046969e-05 2.8965467193887869e-02 2.8925000551419711e-02 4.0466642468157954e-05 5.7930934387215624e-02 5.7850001102839423e-02 8.0933284376201453e-05
1572 7.6733398437500000e-01 2.8881235484424332e-02 2.8840668536008897e-02 4.0566948415435289e-05 2.8881235484966527e-02 2.8840668536008897e-02 4.0566948957630050e-05 5.7762470969390856e-02 5.7681337072017794e-02 8.1133897373061870e-05
1573 7.6782226562500000e-01 2.8796973277819955e-02 2.8756305802793296e-02 4.0667475026658073e-05 2.8796973278347359e-02 2.8756305802793296e-02 4.0667475554062582e-05 5.7593946556167314e-02 5.7512611605586593e-02 8.1334950580720655e-05
1574 7.6831054687500000e-01 2.8712681250124199e-02 2.8671913028233565e-02 4.0768221890634393e-05 2.8712681250672639e-02 2.8671913028233565e-02 4.0768222439074159e-05 5.7425362500796842e-02 5.7343826056467130e-02 8.1536444329712021e-05
1575 7.6879882812500000e-01 2.8628360079181014e-02 2.8587490890024783e-02 4.0869189156231278e-05 2.8628360079685444e-02 2.8587490890024783e-02 4.0869189660661109e-05 5.7256720158866459e-02 5.7174981780049566e-02 8.1738378816892387e-05
1576 7.6928710937500000e-01 2.8544010444068534e-02 2.8503040067096433e-02 4.0970376972100653e-05 2.8544010444571308e-02 2.8503040067096433e-02 4.0970377474875558e-05 5.7088020888639845e-02 5.7006080134192866e-02 8.1940754446979680e-05
1577 7.6977539062500000e-01 2.8459633025099126e-02 2.8418561239612429e-02 4.1071785486696682e-05 2.8459633025594708e-02 2.8418561239612429e-02 4.1071785982279424e-05 5.6919266050693834e-02 5.6837122479224858e-02 8.2143571468976107e-05
1578 7.7026367187500000e-01 2.8375228503819488e-02 2.8334055088971095e-02 4.1173414848393736e-05 2.8375228504311577e-02 2.8334055088971095e-02 4.1173415340482744e-05 5.6750457008131069e-02 5.6668110177942189e-02 8.2346830188879949e-05
1579 7.7075195312500000e-01 2.8290797563010426e-02 2.8249522297805175e-02 4.1275265205250461e-05 2.8290797563476064e-02 2.8249522297805175e-02 4.1275265670888406e-05 5.6581595126486486e-02 5.6499044595610351e-02 8.2550530876135397e-05
1580 7.7124023437500000e-01 2.8206340886687088e-02 2.8164963549981825e-02 4.1377336705263057e-05 2.8206340887158034e-02 2.8164963549981825e-02 4.1377337176209256e-05 5.6412681773845119e-02 5.6329927099963650e-02 8.2754673881468843e-05
1581 7.7172851562500000e-01 2.8121859160098801e-02 2.8080379530602630e-02 4.1479629496170983e-05 2.8121859160560883e-02 2.8080379530602630e-02 4.1479629958252745e-05 5.6243718320659684e-02 5.6160759061205261e-02 8.2959259454423728e-05
1582 7.7221679687500000e-01 2.8037353069729230e-02 2.7995770926003576e-02 4.1582143725654719e-05 2.8037353070176255e-02 2.7995770926003576e-02 4.1582144172679081e-05 5.6074706139905485e-02 5.5991541852007151e-02 8.3164287898333800e-05
1583 7.7270507812500000e-01 2.7952823303296185e-02 2.7911138423755078e-02 4.1684879541106779e-05 2.7952823303730761e-02 2.7911138423755078e-02 4.1684879975682765e-05 5.5905646607026946e-02 5.5822276847510156e-02 8.3369759516789543e-05
1584 7.7319335937500000e-01 2.7868270549751724e-02 2.7826482712661971e-02 4.1787837089753144e-05 2.7868270550158836e-02 2.7826482712661971e-02 4.1787837496864988e-05 5.5736541099910560e-02 5.5652965425323941e-02 8.3575674586618132e-05
1585 7.7368164062500000e-01 2.7783695499282106e-02 2.7741804482763491e-02 4.1891016518615098e-05 2.7783695499671666e-02 2.7741804482763491e-02 4.1891016908175011e-05 5.5567390998953775e-02 5.5483608965526982e-02 8.3782033426793578e-05
1586 7.7416992187500000e-01 2.7699098843307863e-02 2.7657104425333309e-02 4.1994417974554332e-05 2.7699098843674285e-02 2.7657104425333309e-02 4.1994418340976503e-05 5.5398197686982148e-02 5.5314208850666617e-02 8.3988836315530835e-05
1587 7.7465820312500000e-01 2.7614481274483748e-02 2.7572383232879503e-02 4.2098041604245184e-05 2.7614481274868648e-02 2.7572383232879503e-02 4.2098041989145629e-05 5.5228962549352396e-02 5.5144766465759006e-02 8.4196083593390814e-05
1588 7.7514648437500000e-01 2.7529843486698784e-02 2.7487641599144574e-02 4.2201887554209339e-05 2.7529843487061355e-02 2.7487641599144574e-02 4.2201887916780423e-05 5.5059686973760139e-02 5.4975283198289149e-02 8.4403775470989761e-05
1589 7.7563476562500000e-01 2.7445186175076089e-02 2.7402880219105433e-02 4.2305955970656228e-05 2.7445186175404680e-02 2.7402880219105433e-02 4.2305956299247549e-05 5.4890372350480769e-02 5.4805760438210865e-02 8.4611912269903777e-05
1590 7.7612304687500000e-01 2.7360510035973097e-02 2.7318099788973416e-02 4.2410246999680795e-05 2.7360510036304686e-02 2.7318099788973416e-02 4.2410247331269718e-05 5.4721020072277783e-02 5.4636199577946833e-02 8.4820494330950513e-05
1591 7.7661132812500000e-01 2.7275815766981477e-02 2.7233301006194272e-02 4.2514760787204509e-05 2.7275815767310474e-02 2.7233301006194272e-02 4.2514761116201755e-05 5.4551631534291947e-02 5.4466602012388544e-02 8.5029521903402794e-05
1592 7.7709960937500000e-01 2.7191104066927062e-02 2.7148484569448170e-02 4.2619497478892099e-05 2.7191104067257350e-02 2.7148484569448170e-02 4.2619497809179979e-05 5.4382208134184415e-02 5.4296969138896339e-02 8.5238995288075547e-05
1593 7.7758789062500000e-01 2.7106375635869942e-02 2.7063651178649690e-02 4.2724457220252171e-05 2.7106375636170695e-02 2.7063651178649690e-02 4.2724457521004650e-05 5.4212751272040637e-02 5.4127302357299380e-02 8.5448914741256821e-05
1594 7.7807617187500000e-01 2.7021631175104401e-02 2.6978801534947836e-02 4.2829640156564347e-05 2.7021631175367489e-02 2.6978801534947836e-02 4.2829640419652509e-05 5.4043262350471889e-02 5.3957603069895672e-02 8.5659280576216856e-05
1595 7.7856445312500000e-01 2.6936871387158907e-02 2.6893936340726027e-02 4.2935046432879265e-05 2.6936871387412017e-02 2.6893936340726027e-02 4.2935046685989298e-05 5.3873742774570924e-02 5.3787872681452055e-02 8.5870093118868562e-05
1596 7.7905273437500000e-01 2.6852096975796189e-02 2.6809056299602101e-02 4.3040676194087968e-05 2.6852096976054080e-02 2.6809056299602101e-02 4.3040676451978899e-05 5.3704193951850270e-02 5.3618112599204203e-02 8.6081352646066867e-05
1597 7.7954101562500000e-01 2.6767308646013181e-02 2.6724162116428311e-02 4.3146529584869864e-05 2.6767308646220574e-02 2.6724162116428311e-02 4.3146529792262994e-05 5.3534617292233758e-02 5.3448324232856621e-02 8.6293059377136327e-05
1598 7.8002929687500000e-01 2.6682507104040933e-02 2.6639254497291324e-02 4.3252606749609457e-05 2.6682507104287472e-02 2.6639254497291324e-02 4.3252606996148357e-05 5.3365014208328405e-02 5.3278508994582648e-02 8.6505213745757814e-05
1599 7.8051757812500000e-01 2.6597693057344843e-02 2.6554334149512231e-02 4.3358907832611454e-05 2.6597693057563061e-02 2.6554334149512231e-02 4.3358908050829259e-05 5.3195386114907900e-02 5.3108668299024463e-02 8.6717815883437244e-05
1600 7.8100585937500000e-01 2.6512867214624404e-02 2.6469401781646539e-02 4.3465432977864843e-05 2.6512867214806574e-02 2.6469401781646539e-02 4.3465433160035094e-05 5.3025734429430982e-02 5.2938803563293078e-02 8.6930866137903406e-05
1601 7.8149414062500000e-01 2.6428030285813336e-02 2.6384458103484169e-02 4.3572182329167791e-05 2.6428030286000929e-02 2.6384458103484169e-02 4.3572182516760788e-05 5.2856060571814266e-02 5.2768916206968337e-02 8.7144364845928579e-05
1602 7.8198242187500000e-01 2.6343182982079560e-02 2.6299503826049456e-02 4.3679156030103361e-05 2.6343182982249844e-02 2.6299503826049456e-02 4.3679156200387287e-05 5.2686365964329407e-02 5.2599007652098913e-02 8.7358312230494117e-05
1603 7.8247070312500000e-01 2.6258326015825180e-02 2.6214539661601165e-02 4.3786354224015223e-05 2.6258326015983591e-02 2.6214539661601165e-02 4.3786354382426701e-05 5.2516652031808775e-02 5.2429079323202329e-02 8.7572708606445393e-05
1604 7.8295898437500000e-01 2.6173460100686548e-02 2.6129566323632464e-02 4.3893777054083982e-05 2.6173460100828695e-02 2.6129566323632464e-02 4.3893777196230693e-05 5.2346920201515240e-02 5.2259132647264929e-02 8.7787554250311206e-05
1605 7.8344726562500000e-01 2.6088585951534175e-02 2.6044584526870945e-02 4.4001424663230038e-05 2.6088585951695911e-02 2.6044584526870945e-02 4.4001424824965246e-05 5.2177171903230082e-02 5.2089169053741891e-02 8.8002849488191814e-05
1606 7.8393554687500000e-01 2.6003704284472757e-02 2.5959594987278622e-02 4.4109297194134395e-05 2.6003704284600908e-02 2.5959594987278622e-02 4.4109297322285357e-05 5.2007408569073668e-02 5.1919189974557245e-02 8.8218594516423221e-05
1607 7.8442382812500000e-01 2.5918815816841138e-02 2.5874598422051916e-02 4.4217394789221320e-05 2.5918815816938341e-02 2.5874598422051916e-02 4.4217394886424816e-05 5.1837631633779482e-02 5.1749196844103833e-02 8.8434789675649605e-05
1608 7.8491210937500000e-01 2.5833921267212401e-02 2.5789595549621673e-02 4.4325717590727731e-05 2.5833921267315117e-02 2.5789595549621673e-02 4.4325717693444178e-05 5.1667842534527518e-02 5.1579191099243346e-02 8.8651435284171909e-05
1609 7.8540039062500000e-01 2.5749021355393836e-02 2.5704587089653154e-02 4.4434265740682377e-05 2.5749021355486075e-02 2.5704587089653154e-02 4.4434265832921094e-05 5.1498042710879911e-02 5.1409174179306308e-02 8.8868531573603471e-05
1610 7.8588867187500000e-01 2.5664116802426806e-02 2.5619573763046032e-02 4.4543039380774002e-05 2.5664116802493270e-02 2.5619573763046032e-02 4.4543039447238197e-05 5.1328233604920073e-02 5.1239147526092065e-02 8.9086078828008730e-05
1611 7.8637695312500000e-01 2.5579208330587008e-02 2.5534556291934407e-02 4.4652038652601145e-05 2.5579208330673845e-02 2.5534556291934407e-02 4.4652038739437933e-05 5.1158416661260850e-02 5.1069112583868814e-02 8.9304077392035608e-05
1612 7.8686523437500000e-01 2.5494296663384177e-02 2.5449535399686789e-02 4.4761263697387643e-05 2.5494296663433065e-02 2.5449535399686789e-02 4.4761263746275620e-05 5.0988593326817239e-02 5.0899070799373579e-02 8.9522527443659794e-05
1613 7.8735351562500000e-01 2.5409382525562376e-02 2.5364511810906109e-02 4.4870714656267130e-05 2.5409382525603270e-02 2.5364511810906109e-02 4.4870714697161501e-05 5.0818765051165643e-02 5.0729023621812218e-02 8.9741429353425162e-05
1614 7.8784179687500000e-01 2.5324466643099716e-02 2.5279486251429714e-02 4.4980391670002007e-05 2.5324466643122854e-02 2.5279486251429714e-02 4.4980391693139748e-05 5.0648933286222567e-02 5.0558972502859428e-02 8.9960783363138286e-05
1615 7.8833007812500000e-01 2.5239549743208526e-02 2.5194459448329366e-02 4.5090294879160386e-05 2.5239549743223136e-02 2.5194459448329366e-02 4.5090294893770227e-05 5.0479099486431658e-02 5.0388918896658731e-02 9.0180589772927144e-05
1616 7.8881835937500000e-01 2.5154632554335279e-02 2.5109432129911246e-02 4.5200424424032826e-05 2.5154632554329572e-02 2.5109432129911246e-02 4.5200424418325585e-05 5.0309265108664847e-02 5.0218864259822492e-02 9.0400848842354942e-05
1617 7.8930664062500000e-01 2.5069715806160662e-02 2.5024405025715957e-02 4.5310780444705184e-05 2.5069715806119067e-02 2.5024405025715957e-02 4.5310780403109985e-05 5.0139431612279725e-02 5.0048810051431913e-02 9.0621560847811700e-05
1618 7.8979492187500000e-01 2.4984800229599521e-02 2.4939378866518508e-02 4.5421363081013522e-05 2.4984800229572685e-02 2.4939378866518508e-02 4.5421363054177349e-05 4.9969600459172203e-02 4.9878757733037016e-02 9.0842726135187402e-05
1619 7.9028320312500000e-01 2.4899886556800845e-02 2.4854354384328339e-02 4.5532172472505933e-05 2.4899886556749695e-02 2.4854354384328339e-02 4.5532172421355877e-05 4.9799773113550536e-02 4.9708708768656677e-02 9.1064344893858340e-05
1620 7.9077148437500000e-01 2.4814975521147798e-02 2.4769332312389297e-02 4.5643208758501530e-05 2.4814975521100451e-02 2.4769332312389297e-02 4.5643208711153987e-05 4.9629951042248252e-02 4.9538664624778593e-02 9.1286417469658987e-05
1621 7.9125976562500000e-01 2.4730067857257711e-02 2.4684313385179648e-02 4.5754472078062686e-05 2.4730067857178378e-02 2.4684313385179648e-02 4.5754471998730312e-05 4.9460135714436089e-02 4.9368626770359296e-02 9.1508944076792997e-05
1622 7.9174804687500000e-01 2.4645164300982035e-02 2.4599298338412082e-02 4.5865962569953400e-05 2.4645164300921951e-02 2.4599298338412082e-02 4.5865962509869518e-05 4.9290328601903986e-02 4.9198596676824163e-02 9.1731925079822918e-05
1623 7.9223632812500000e-01 2.4560265589406466e-02 2.4514287909033695e-02 4.5977680372771140e-05 2.4560265589294545e-02 2.4514287909033695e-02 4.5977680260850251e-05 4.9120531178701007e-02 4.9028575818067389e-02 9.1955360633617922e-05
1624 7.9272460937500000e-01 2.4475372460850790e-02 2.4429282835226010e-02 4.6089625624780306e-05 2.4475372460746971e-02 2.4429282835226010e-02 4.6089625520960575e-05 4.8950744921597761e-02 4.8858565670452020e-02 9.2179251145740881e-05
1625 7.9321289062500000e-01 2.4390485654868975e-02 2.4344283856404966e-02 4.6201798464009375e-05 2.4390485654750924e-02 2.4344283856404966e-02 4.6201798345957973e-05 4.8780971309619899e-02 4.8688567712809931e-02 9.2403596809967348e-05
1626 7.9370117187500000e-01 2.4305605912249124e-02 2.4259291713220912e-02 4.6314199028212738e-05 2.4305605912092795e-02 2.4259291713220912e-02 4.6314198871882928e-05 4.8611211824341916e-02 4.8518583426441823e-02 9.2628397900092196e-05
1627 7.9418945312500000e-01 2.4220733975013491e-02 2.4174307147558621e-02 4.6426827454870701e-05 2.4220733974849522e-02 2.4174307147558621e-02 4.6426827290901168e-05 4.8441467949863010e-02 4.8348614295117241e-02 9.2853654745768399e-05
1628 7.9467773437500000e-01 2.4135870586418438e-02 2.4089330902537280e-02 4.6539683881158256e-05 2.4135870586254975e-02 2.4089330902537280e-02 4.6539683717695263e-05 4.8271741172673410e-02 4.8178661805074560e-02 9.3079367598850049e-05
1629 7.9516601562500000e-01 2.4051016490954567e-02 2.4004363722510497e-02 4.6652768444069986e-05 2.4051016490777979e-02 2.4004363722510497e-02 4.6652768267482075e-05 4.8102032981732545e-02 4.8008727445020993e-02 9.3305536711552062e-05
1630 7.9565429687500000e-01 2.3966172434346573e-02 2.3919406353066296e-02 4.6766081280277816e-05 2.3966172434153707e-02 2.3919406353066296e-02 4.6766081087411260e-05 4.7932344868500280e-02 4.7838812706132591e-02 9.3532162367689076e-05
1631 7.9614257812500000e-01 2.3881339163553308e-02 2.3834459541027114e-02 4.6879622526193460e-05 2.3881339163356278e-02 2.3834459541027114e-02 4.6879622329163567e-05 4.7762678326909586e-02 4.7668919082054229e-02 9.3759244855357027e-05
1632 7.9663085937500000e-01 2.3796517426767739e-02 2.3749524034449809e-02 4.6993392317930260e-05 2.3796517426564086e-02 2.3749524034449809e-02 4.6993392114277194e-05 4.7593034853331828e-02 4.7499048068899617e-02 9.3986784432210924e-05
1633 7.9711914062500000e-01 2.3711707973416998e-02 2.3664600582625657e-02 4.7107390791341353e-05 2.3711707973168572e-02 2.3664600582625657e-02 4.7107390542915073e-05 4.7423415946585570e-02 4.7329201165251314e-02 9.4214781334256426e-05
1634 7.9760742187500000e-01 2.3626911554162352e-02 2.3579689936080350e-02 4.7221618082002315e-05 2.3626911553908170e-02 2.3579689936080350e-02 4.7221617827820223e-05 4.7253823108070525e-02 4.7159379872160699e-02 9.4443235909826007e-05
1635 7.9809570312500000e-01 2.3542128920899196e-02 2.3494792846573999e-02 4.7336074325197292e-05 2.3542128920644213e-02 2.3494792846573999e-02 4.7336074070213757e-05 4.7084257841543409e-02 4.6989585693147998e-02 9.4672148395411049e-05
1636 7.9858398437500000e-01 2.3457360826757048e-02 2.3409910067101122e-02 4.7450759655925934e-05 2.3457360826490855e-02 2.3409910067101122e-02 4.7450759389732616e-05 4.6914721653247907e-02 4.6819820134202245e-02 9.4901519045662019e-05
1637 7.9907226562500000e-01 2.3372608026099587e-02 2.3325042351890674e-02 4.7565674208913805e-05 2.3372608025811838e-02 2.3325042351890674e-02 4.7565673921164814e-05 4.6745216051911426e-02 4.6650084703781347e-02 9.5131348130078619e-05
1638 7.9956054687500000e-01 2.3287871274524610e-02 2.3240190456406008e-02 4.7680818118601975e-05 2.3287871274246731e-02 2.3240190456406008e-02 4.7680817840723561e-05 4.6575742548771337e-02 4.6480380912812015e-02 9.5361635959322066e-05
1639 8.0004882812500000e-01 2.3203151328864025e-02 2.3155355137344905e-02 4.7796191519119263e-05 2.3203151328568854e-02 2.3155355137344905e-02 4.7796191223949125e-05 4.6406302657432882e-02 4.6310710274689811e-02 9.5592382743071858e-05
1640 8.0053710937500000e-01 2.3118448947183859e-02 2.3070537152639563e-02 4.7911794544296116e-05 2.3118448946862186e-02 2.3070537152639563e-02 4.7911794222622872e-05 4.6236897894046045e-02 4.6141074305279126e-02 9.5823588766918988e-05
1641 8.0102539062500000e-01 2.3033764888784336e-02 2.2985737261456592e-02 4.8027627327744404e-05 2.3033764888431278e-02 2.2985737261456592e-02 4.8027626974686544e-05 4.6067529777215614e-02 4.5971474522913183e-02 9.6055254302430948e-05
1642 8.0151367187500000e-01 2.2949099914199717e-02 2.2900956224197019e-02 4.8143690002697831e-05 2.2949099913824055e-02 2.2900956224197019e-02 4.8143689627036523e-05 4.5898199828023775e-02 4.5801912448394037e-02 9.6287379629737824e-05
1643 8.0200195312500000e-01 2.2864454785198444e-02 2.2816194802496297e-02 4.8259982702147236e-05 2.2864454784826835e-02 2.2816194802496297e-02 4.8259982330538242e-05 4.5728909570025275e-02 4.5632389604992593e-02 9.6519965032682009e-05
1644 8.0249023437500000e-01 2.2779830264783023e-02 2.2731453759224290e-02 4.8376505558733046e-05 2.2779830264380897e-02 2.2731453759224290e-02 4.8376505156606797e-05 4.5559660529163923e-02 4.5462907518448580e-02 9.6753010715343313e-05
1645 8.0297851562500000e-01 2.2695227117190131e-02 2.2646733858485275e-02 4.8493258704856296e-05 2.2695227116813051e-02 2.2646733858485275e-02 4.8493258327775984e-05 4.5390454234003182e-02 4.5293467716970549e-02 9.6986517032632280e-05
1646 8.0346679687500000e-01 2.2610646107890528e-02 2.2562035865617953e-02 4.8610242272574544e-05 2.2610646107462246e-02 2.2562035865617953e-02 4.8610241844292135e-05 4.5221292215352774e-02 4.5124071731235907e-02 9.7220484116866679e-05
1647 8.0395507812500000e-01 2.2526088003589066e-02 2.2477360547195444e-02 4.8727456393622692e-05 2.2526088003152898e-02 2.2477360547195444e-02 4.8727455957454230e-05 4.5052176006741967e-02 4.4954721094390887e-02 9.7454912351080392e-05
1648 8.0444335937500000e-01 2.2441553572224788e-02 2.2392708671025274e-02 4.8844901199513596e-05 2.2441553571794653e-02 2.2392708671025274e-02 4.8844900769378502e-05 4.4883107144019441e-02 4.4785417342050549e-02 9.7689801968892098e-05
1649 8.0493164062500000e-01 2.2357043582970752e-02 2.2308081006149404e-02 4.8962576821347248e-05 2.2357043582514152e-02 2.2308081006149404e-02 4.8962576364747212e-05 4.4714087165484903e-02 4.4616162012298809e-02 9.7925153186094460e-05
1650 8.0541992187500000e-01 2.2272558806234216e-02 2.2223478322844194e-02 4.9080483390022411e-05 2.2272558805769924e-02 2.2223478322844194e-02 4.9080482925730612e-05 4.4545117612004137e-02 4.4446956645688387e-02 9.8160966315749554e-05
1651 8.0590820312500000e-01 2.2188100013656436e-02 2.2138901392620432e-02 4.9198621036004170e-05 2.2188100013168881e-02 2.2138901392620432e-02 4.9198620548449729e-05 4.4376200026825317e-02 4.4277802785240863e-02 9.8397241584453898e-05
1652 8.0639648437500000e-01 2.2103667978112879e-02 2.2054350988223319e-02 4.9316989889559848e-05 2.2103667977623961e-02 2.2054350988223319e-02 4.9316989400641914e-05 4.4207335955736837e-02 4.4108701976446639e-02 9.8633979290198293e-05
1653 8.0688476562500000e-01 2.2019263473713031e-02 2.1969827883632480e-02 4.9435590080550845e-05 2.2019263473195858e-02 2.1969827883632480e-02 4.9435589563377735e-05 4.4038526946908893e-02 4.3939655767264961e-02 9.8871179643932050e-05
1654 8.0737304687500000e-01 2.1934887275800539e-02 2.1885332854061947e-02 4.9554421738592230e-05 2.1934887275268499e-02 2.1885332854061947e-02 4.9554421206552540e-05 4.3869774551069038e-02 4.3770665708123893e-02 9.9108842945144771e-05
1655 8.0786132812500000e-01 2.1850540160953124e-02 2.1800866675960172e-02 4.9673484992952127e-05 2.1850540160433533e-02 2.1800866675960172e-02 4.9673484473360813e-05 4.3701080321386657e-02 4.3601733351920344e-02 9.9346969466312940e-05
1656 8.0834960937500000e-01 2.1766222906982595e-02 2.1716430127010033e-02 4.9792779972562123e-05 2.1766222906431605e-02 2.1716430127010033e-02 4.9792779421572314e-05 4.3532445813414200e-02 4.3432860254020066e-02 9.9585559394134437e-05
1657 8.0883789062500000e-01 2.1681936292934859e-02 2.1632023986128818e-02 4.9912306806041556e-05 2.1681936292376486e-02 2.1632023986128818e-02 4.9912306247668764e-05 4.3363872585311346e-02 4.3264047972257635e-02 9.9824613053710320e-05
1658 8.0932617187500000e-01 2.1597681099089956e-02 2.1547649033468230e-02 5.0032065621725269e-05 2.1597681098496056e-02 2.1547649033468230e-02 5.0032065027825340e-05 4.3195362197586011e-02 4.3095298066936460e-02 1.0006413064955061e-04
1659 8.0981445312500000e-01 2.1513458106961963e-02 2.1463306050414393e-02 5.0152056547569934e-05 2.1513458106374613e-02 2.1463306050414393e-02 5.0152055960220321e-05 4.3026916213336576e-02 4.2926612100828786e-02 1.0030411250779026e-04
1660 8.1030273437500000e-01 2.1429268099299049e-02 2.1378995819587847e-02 5.0272279711202628e-05 2.1429268098710093e-02 2.1378995819587847e-02 5.0272279122246660e-05 4.2858536198009139e-02 4.2757991639175694e-02 1.0054455883344582e-04
1661 8.1079101562500000e-01 2.1345111860083536e-02 2.1294719124843552e-02 5.0392735239983277e-05 2.1345111859461308e-02 2.1294719124843552e-02 5.0392734617755314e-05 4.2690223719544840e-02 4.2589438249687105e-02 1.0078546985773512e-04
1662 8.1127929687500000e-01 2.1260990174531744e-02 2.1210476751270885e-02 5.0513423260858947e-05 2.1260990173884321e-02 2.1210476751270885e-02 5.0513422613435860e-05 4.2521980348416061e-02 4.2420953502541769e-02 1.0102684587429134e-04
1663 8.1176757812500000e-01 2.1176903829094134e-02 2.1126269485193631e-02 5.0634343900502615e-05 2.1176903828440802e-02 2.1126269485193631e-02 5.0634343247171060e-05 4.2353807657534936e-02 4.2252538970387263e-02 1.0126868714767367e-04
1664 8.1225585937500000e-01 2.1092853611455208e-02 2.1042098114170009e-02 5.0755497285198681e-05 2.1092853610799270e-02 2.1042098114170009e-02 5.0755496629261571e-05 4.2185707222254482e-02 4.2084196228340018e-02 1.0151099391446372e-04
1665 8.1274414062500000e-01 2.1008840310533614e-02 2.0957963426992639e-02 5.0876883540974804e-05 2.1008840309858084e-02 2.0957963426992639e-02 5.0876882865445727e-05 4.2017680620391698e-02 4.1915926853985278e-02 1.0175376640642053e-04
1666 8.1323242187500000e-01 2.0924864716482049e-02 2.0873866213688568e-02 5.0998502793480477e-05 2.0924864715780256e-02 2.0873866213688568e-02 5.0998502091687686e-05 4.1849729432262305e-02 4.1747732427377136e-02 1.0199700488516816e-04
1667 8.1372070312500000e-01 2.0840927620687195e-02 2.0789807265519256e-02 5.1120355167938447e-05 2.0840927619989520e-02 2.0789807265519256e-02 5.1120354470263890e-05 4.1681855240676718e-02 4.1579614531038513e-02 1.0224070963820581e-04
1668 8.1420898437500000e-01 2.0757029815769972e-02 2.0705787374980581e-02 5.1242440789391053e-05 2.0757029815047609e-02 2.0705787374980581e-02 5.1242440067027911e-05 4.1514059630817585e-02 4.1411574749961162e-02 1.0248488085642243e-04
1669 8.1469726562500000e-01 2.0673172095585255e-02 2.0621807335802843e-02 5.1364759782412256e-05 2.0673172094845198e-02 2.0621807335802843e-02 5.1364759042354935e-05 4.1346344190430456e-02 4.1243614671605686e-02 1.0272951882477066e-04
1670 8.1518554687500000e-01 2.0589355255222038e-02 2.0537867942950754e-02 5.1487312271284585e-05 2.0589355254472246e-02 2.0537867942950754e-02 5.1487311521491996e-05 4.1178710509694280e-02 4.1075735885901507e-02 1.0297462379277311e-04
1671 8.1567382812500000e-01 2.0505580091003364e-02 2.0453969992623441e-02 5.1610098379922809e-05 2.0505580090237178e-02 2.0453969992623441e-02 5.1610097613737083e-05 4.1011160181240541e-02 4.0907939985246881e-02 1.0322019599365989e-04
1672 8.1616210937500000e-01 2.0421847400486356e-02 2.0370114282254451e-02 5.1733118231905156e-05 2.0421847399715774e-02 2.0370114282254451e-02 5.1733117461323641e-05 4.0843694800202127e-02 4.0740228564508901e-02 1.0346623569322533e-04
1673 8.1665039062500000e-01 2.0338157982462211e-02 2.0286301610511755e-02 5.1856371950455976e-05 2.0338157981682745e-02 2.0286301610511755e-02 5.1856371170989207e-05 4.0676315964144956e-02 4.0572603221023511e-02 1.0371274312144518e-04
1674 8.1713867187500000e-01 2.0254512636956171e-02 2.0202532777297732e-02 5.1979859658438793e-05 2.0254512636153063e-02 2.0202532777297732e-02 5.1979858855331212e-05 4.0509025273109234e-02 4.0405065554595464e-02 1.0395971851377001e-04
1675 8.1762695312500000e-01 2.0170912165227525e-02 2.0118808583749179e-02 5.2103581478345901e-05 2.0170912164415102e-02 2.0118808583749179e-02 5.2103580665922855e-05 4.0341824329642631e-02 4.0237617167498359e-02 1.0420716214427223e-04
1676 8.1811523437500000e-01 2.0087357369769653e-02 2.0035129832237319e-02 5.2227537532333057e-05 2.0087357368928613e-02 2.0035129832237319e-02 5.2227536691294013e-05 4.0174714738698269e-02 4.0070259664474639e-02 1.0445507422363054e-04
1677 8.1860351562500000e-01 2.0003849054310040e-02 1.9951497326367779e-02 5.2351727942261117e-05 2.0003849053466173e-02 1.9951497326367779e-02 5.2351727098394474e-05 4.0007698107776213e-02 3.9902994652735557e-02 1.0470345504065559e-04
1678 8.1909179687500000e-01 1.9920388023810135e-02 1.9867911870980613e-02 5.2476152829522560e-05 1.9920388022952783e-02 1.9867911870980613e-02 5.2476151972170176e-05 3.9840776046762921e-02 3.9735823741961225e-02 1.0495230480169621e-04
1679 8.1958007812500000e-01 1.9836975084465497e-02 1.9784374272150292e-02 5.2600812315204554e-05 1.9836975083585100e-02 1.9784374272150292e-02 5.2600811434808104e-05 3.9673950168050601e-02 3.9568748544300585e-02 1.0520162375001613e-04
1680 8.2006835937500000e-01 1.9753611043705703e-02 1.9700885337185697e-02 5.2725706520005688e-05 1.9753611042832870e-02 1.9700885337185697e-02 5.2725705647172633e-05 3.9507222086538576e-02 3.9401770674371395e-02 1.0545141216718179e-04
1681 8.2055664062500000e-01 1.9670296710194445e-02 1.9617445874630136e-02 5.2850835564308835e-05 1.9670296709281020e-02 1.9617445874630136e-02 5.2850834650883249e-05 3.9340593419475461e-02 3.9234891749260273e-02 1.0570167021518861e-04
1682 8.2104492187500000e-01 1.9587032893829362e-02 1.9534056694261327e-02 5.2976199568035426e-05 1.9587032892914101e-02 1.9534056694261327e-02 5.2976198652774503e-05 3.9174065786743463e-02 3.9068113388522653e-02 1.0595239822080993e-04
1683 8.2153320312500000e-01 1.9503820405742250e-02 1.9450718607091407e-02 5.3101798650843218e-05 1.9503820404821334e-02 1.9450718607091407e-02 5.3101797729927097e-05 3.9007640810563585e-02 3.8901437214182814e-02 1.0620359638077032e-04
1684 8.2202148437500000e-01 1.9420660058298851e-02 1.9367432425366930e-02 5.3227632931921592e-05 1.9420660057334130e-02 1.9367432425366930e-02 5.3227631967200234e-05 3.8841320115632981e-02 3.8734864850733859e-02 1.0645526489912183e-04
1685 8.2250976562500000e-01 1.9337552665099060e-02 1.9284198962568871e-02 5.3353702530189312e-05 1.9337552664129811e-02 1.9284198962568871e-02 5.3353701560940325e-05 3.8675105329228868e-02 3.8568397925137742e-02 1.0670740409112617e-04
1686 8.2299804687500000e-01 1.9254499040976734e-02 1.9201019033412616e-02 5.3480007564117582e-05 1.9254499039994429e-02 1.9201019033412616e-02 5.3480006581813067e-05 3.8508998080971163e-02 3.8402038066825232e-02 1.0696001414593065e-04
1687 8.2348632812500000e-01 1.9171500001999821e-02 1.9117893453847973e-02 5.3606548151848010e-05 1.9171500001010543e-02 1.9117893453847973e-02 5.3606547162569906e-05 3.8343000003010365e-02 3.8235786907695947e-02 1.0721309531441792e-04
1688 8.2397460937500000e-01 1.9088556365470240e-02 1.9034823041059166e-02 5.3733324411074646e-05 1.9088556364425250e-02 1.9034823041059166e-02 5.3733323366084162e-05 3.8177112729895490e-02 3.8069646082118332e-02 1.0746664777715881e-04
1689 8.2446289062500000e-01 1.9005668949924007e-02 1.8951808613464835e-02 5.3860336459172348e-05 1.9005668948895289e-02 1.8951808613464835e-02 5.3860335430453571e-05 3.8011337898819296e-02 3.7903617226929670e-02 1.0772067188962592e-04
1690 8.2495117187500000e-01 1.8922838575131162e-02 1.8868850990718042e-02 5.3987584413120460e-05 1.8922838574078886e-02 1.8868850990718042e-02 5.3987583360844138e-05 3.7845677149210048e-02 3.7737701981436084e-02 1.0797516777396460e-04
1691 8.2543945312500000e-01 1.8840066062095762e-02 1.8785950993706259e-02 5.4115068389502807e-05 1.8840066061054418e-02 1.8785950993706259e-02 5.4115067348158713e-05 3.7680132123150176e-02 3.7571901987412518e-02 1.0823013573765805e-04
1692 8.2592773437500000e-01 1.8757352233055941e-02 1.8703109444551377e-02 5.4242788504563211e-05 1.8757352231983028e-02 1.8703109444551377e-02 5.4242787431650619e-05 3.7514704465038969e-02 3.7406218889102755e-02 1.0848557593621383e-04
1693 8.2641601562500000e-01 1.8674697911483830e-02 1.8620327166609711e-02 5.4370744874118748e-05 1.8674697910379432e-02 1.8620327166609711e-02 5.4370743769720925e-05 3.7349395821863265e-02 3.7240654333219422e-02 1.0874148864384314e-04
1694 8.2690429687500000e-01 1.8592103922085528e-02 1.8537604984471986e-02 5.4498937613542409e-05 1.8592103920962701e-02 1.8537604984471986e-02 5.4498936490714883e-05 3.7184207843048225e-02 3.7075209968943972e-02 1.0899787410425382e-04
1695 8.2739257812500000e-01 1.8509571090801268e-02 1.8454943723963346e-02 5.4627366837922686e-05 1.8509571089682625e-02 1.8454943723963346e-02 5.4627365719279314e-05 3.7019142180483897e-02 3.6909887447926691e-02 1.0925473255720547e-04
1696 8.2788085937500000e-01 1.8427100244805292e-02 1.8372344212143354e-02 5.4756032661938681e-05 1.8427100243673587e-02 1.8372344212143354e-02 5.4756031530232840e-05 3.6854200488478879e-02 3.6744688424286708e-02 1.0951206419217152e-04
1697 8.2836914062500000e-01 1.8344692212505800e-02 1.8289807277305989e-02 5.4884935199811524e-05 1.8344692211344535e-02 1.8289807277305989e-02 5.4884934038545996e-05 3.6689384423850335e-02 3.6579614554611978e-02 1.0976986923835752e-04
1698 8.2885742187500000e-01 1.8262347823545064e-02 1.8207333748979648e-02 5.5014074565415405e-05 1.8262347822394078e-02 1.8207333748979648e-02 5.5014073414429848e-05 3.6524695645939145e-02 3.6414667497959297e-02 1.1002814797984872e-04
1699 8.2934570312500000e-01 1.8180067908799353e-02 1.8124924457927141e-02 5.5143450872211647e-05 1.8180067907627342e-02 1.8124924457927141e-02 5.5143449700201241e-05 3.6360135816426692e-02 3.6249848915854282e-02 1.1028690057240942e-04
1700 8.2983398437500000e-01 1.8097853300378955e-02 1.8042580236145703e-02 5.5273064233252178e-05 1.8097853299187578e-02 1.8042580236145703e-02 5.5273063041875320e-05 3.6195706599566529e-02 3.6085160472291405e-02 1.1054612727512403e-04
1701 8.3032226562500000e-01 1.8015704831628194e-02 1.7960301916866980e-02 5.5402914761214228e-05 1.8015704830423300e-02 1.7960301916866980e-02 5.5402913556320404e-05 3.6031409662051497e-02 3.5920603833733959e-02 1.1080582831753810e-04
1702 8.3081054687500000e-01 1.7933623337125396e-02 1.7878090334557041e-02 5.5533002568355222e-05 1.7933623335898759e-02 1.7878090334557041e-02 5.5533001341718374e-05 3.5867246673024156e-02 3.5756180669114082e-02 1.1106600391007360e-04
1703 8.3129882812500000e-01 1.7851609652682926e-02 1.7795946324916361e-02 5.5663327766564824e-05 1.7851609651443858e-02 1.7795946324916361e-02 5.5663326527496948e-05 3.5703219304126788e-02 3.5591892649832722e-02 1.1132665429406524e-04
1704 8.3178710937500000e-01 1.7769664615347118e-02 1.7713870724879847e-02 5.5793890467271262e-05 1.7769664614073876e-02 1.7713870724879847e-02 5.5793889194029334e-05 3.5539329229420991e-02 3.5427741449759693e-02 1.1158777966129713e-04
1705 8.3227539062500000e-01 1.7687789063398348e-02 1.7631864372616816e-02 5.5924690781531533e-05 1.7687789062118795e-02 1.7631864372616816e-02 5.5924689501978680e-05 3.5375578125517143e-02 3.5263728745233633e-02 1.1184938028351021e-04
1706 8.3276367187500000e-01 1.7605983836350973e-02 1.7549928107530997e-02 5.6055728819975892e-05 1.7605983835055530e-02 1.7549928107530997e-02 5.6055727524532972e-05 3.5211967671406504e-02 3.5099856215061995e-02 1.1211145634450886e-04
1707 8.3325195312500000e-01 1.7524249774953395e-02 1.7468062770260546e-02 5.6187004692849485e-05 1.7524249773655565e-02 1.7468062770260546e-02 5.6187003395019586e-05 3.5048499548608961e-02 3.4936125540521092e-02 1.1237400808786907e-04
1708 8.3374023437500000e-01 1.7442587721187945e-02 1.7386269202678030e-02 5.6318518509915205e-05 1.7442587719847719e-02 1.7386269202678030e-02 5.6318517169688664e-05 3.4885175441035664e-02 3.4772538405356060e-02 1.1263703567960387e-04
1709 8.3422851562500000e-01 1.7360998518271040e-02 1.7304548247890437e-02 5.6450270380602879e-05 1.7360998516945430e-02 1.7304548247890437e-02 5.6450269054993119e-05 3.4721997035216473e-02 3.4609096495780874e-02 1.1290053943559947e-04
1710 8.3471679687500000e-01 1.7279483010653095e-02 1.7222900750239169e-02 5.6582260413926000e-05 1.7279483009319377e-02 1.7222900750239169e-02 5.6582259080208142e-05 3.4558966019972472e-02 3.4445801500478337e-02 1.1316451949413414e-04
1711 8.3520507812500000e-01 1.7198042044018490e-02 1.7141327555300050e-02 5.6714488718440093e-05 1.7198042042668619e-02 1.7141327555300050e-02 5.6714487368568489e-05 3.4396084086687109e-02 3.4282655110600101e-02 1.1342897608700858e-04
1712 8.3569335937500000e-01 1.7116676465285554e-02 1.7059829509883311e-02 5.6846955402242716e-05 1.7116676463906598e-02 1.7059829509883311e-02 5.6846954023286739e-05 3.4233352929192148e-02 3.4119659019766622e-02 1.1369390942552599e-04
1713 8.3618164062500000e-01 1.7035387122606729e-02 1.6978407462033614e-02 5.6979660573115709e-05 1.7035387121206717e-02 1.6978407462033614e-02 5.6979659173103658e-05 3.4070774243813447e-02 3.3956814924067227e-02 1.1395931974621937e-04
1714 8.3666992187500000e-01 1.6954174865368352e-02 1.6897062261030028e-02 5.7112604338323963e-05 1.6954174863950115e-02 1.6897062261030028e-02 5.7112602920086908e-05 3.3908349729318471e-02 3.3794124522060057e-02 1.1422520725841434e-04
1715 8.3715820312500000e-01 1.6873040544190820e-02 1.6815794757386041e-02 5.7245786804778487e-05 1.6873040542756172e-02 1.6815794757386041e-02 5.7245785370130947e-05 3.3746081086946988e-02 3.3631589514772083e-02 1.1449157217490596e-04
1716 8.3764648437500000e-01 1.6791985010928486e-02 1.6734605802849568e-02 5.7379208078918442e-05 1.6791985009486168e-02 1.6734605802849568e-02 5.7379206636599955e-05 3.3583970020414654e-02 3.3469211605699135e-02 1.1475841471551840e-04
1717 8.3813476562500000e-01 1.6711009118669701e-02 1.6653496250402924e-02 5.7512868266777067e-05 1.6711009117233444e-02 1.6653496250402924e-02 5.7512866830519704e-05 3.3422018235903142e-02 3.3306992500805849e-02 1.1502573509729330e-04
1718 8.3862304687500000e-01 1.6630113721736769e-02 1.6572466954262854e-02 5.7646767473915755e-05 1.6630113720283061e-02 1.6572466954262854e-02 5.7646766020207074e-05 3.3260227442019827e-02 3.3144933908525707e-02 1.1529353349411936e-04
1719 8.3911132812500000e-01 1.6549299675686049e-02 1.6491518769880521e-02 5.7780905805528138e-05 1.6549299674189746e-02 1.6491518769880521e-02 5.7780904309225056e-05 3.3098599349875794e-02 3.2983037539761041e-02 1.1556181011475319e-04
1720 8.3959960937500000e-01 1.6468567837307824e-02 1.6410652553941491e-02 5.7915283366332532e-05 1.6468567835809720e-02 1.6410652553941491e-02 5.7915281868228807e-05 3.2937135673117540e-02 3.2821305107882982e-02 1.1583056523455787e-04
1721 8.4008789062500000e-01 1.6387919064626416e-02 1.6329869164365768e-02 5.8049900260648268e-05 1.6387919063115760e-02 1.6329869164365768e-02 5.8049898749992085e-05 3.2775838127742180e-02 3.2659738328731536e-02 1.1609979901064382e-04
1722 8.4057617187500000e-01 1.6307354216900057e-02 1.6249169460307758e-02 5.8184756592298548e-05 1.6307354215364198e-02 1.6249169460307758e-02 5.8184755056440302e-05 3.2614708432264258e-02 3.2498338920615516e-02 1.1636951164874232e-04
1723 8.4106445312500000e-01 1.6226874154621013e-02 1.6168554302156288e-02 5.8319852464724931e-05 1.6226874153088346e-02 1.6168554302156288e-02 5.8319850932058576e-05 3.2453748307709362e-02 3.2337108604312575e-02 1.1663970339678698e-04
1724 8.4155273437500000e-01 1.6146479739515510e-02 1.6088024551534602e-02 5.8455187980907541e-05 1.6146479737937123e-02 1.6088024551534602e-02 5.8455186402520815e-05 3.2292959477452629e-02 3.2176049103069204e-02 1.1691037438342489e-04
1725 8.4204101562500000e-01 1.6066171834543789e-02 1.6007581071300365e-02 5.8590763243424049e-05 1.6066171832978100e-02 1.6007581071300365e-02 5.8590761677735498e-05 3.2132343667521893e-02 3.2015162142600730e-02 1.1718152492116302e-04
1726 8.4252929687500000e-01 1.5985951303899990e-02 1.5927224725545655e-02 5.8726578354335174e-05 1.5985951302284643e-02 1.5927224725545655e-02 5.8726576738988429e-05 3.1971902606184634e-02 3.1854449451091310e-02 1.1745315509332360e-04
1727 8.4301757812500000e-01 1.5905819013012263e-02 1.5846956379596971e-02 5.8862633415292243e-05 1.5905819011398072e-02 1.5846956379596971e-02 5.8862631801100823e-05 3.1811638024410338e-02 3.1693912759193942e-02 1.1772526521639654e-04
1728 8.4350585937500000e-01 1.5825775828542703e-02 1.5766776900015222e-02 5.8998928527481675e-05 1.5825775826918024e-02 1.5766776900015222e-02 5.8998926902802118e-05 3.1651551655460727e-02 3.1533553800030444e-02 1.1799785543028379e-04
1729 8.4399414062500000e-01 1.5745822618387494e-02 1.5686687154595747e-02 5.9135463791746418e-05 1.5745822616748704e-02 1.5686687154595747e-02 5.9135462152956619e-05 3.1491645235136201e-02 3.1373374309191494e-02 1.1827092594470651e-04
1730 8.4448242187500000e-01 1.5665960251676613e-02 1.5606688012368287e-02 5.9272239308325730e-05 1.5665960250016493e-02 1.5606688012368287e-02 5.9272237648205772e-05 3.1331920501693103e-02 3.1213376024736575e-02 1.1854447695652803e-04
1731 8.4497070312500000e-01 1.5586189598774130e-02 1.5526780343597012e-02 5.9409255177117135e-05 1.5586189597107454e-02 1.5526780343597012e-02 5.9409253510441656e-05 3.1172379195881582e-02 3.1053560687194025e-02 1.1881850868755706e-04
1732 8.4545898437500000e-01 1.5506511531278014e-02 1.5446965019780505e-02 5.9546511497508142e-05 1.5506511529602205e-02 1.5446965019780505e-02 5.9546509821699345e-05 3.1013023060880218e-02 3.0893930039561011e-02 1.1909302131920749e-04
1733 8.4594726562500000e-01 1.5426926922020230e-02 1.5367242913651767e-02 5.9684008368462993e-05 1.5426926920321009e-02 1.5367242913651767e-02 5.9684006669242368e-05 3.0853853842341239e-02 3.0734485827303534e-02 1.1936801503770536e-04
1734 8.4643554687500000e-01 1.5347436645066692e-02 1.5287614899178213e-02 5.9821745888479286e-05 1.5347436643349735e-02 1.5287614899178213e-02 5.9821744171522848e-05 3.0694873288416427e-02 3.0575229798356425e-02 1.1964349006000213e-04
1735 8.4692382812500000e-01 1.5268041575717277e-02 1.5208081851561677e-02 5.9959724155600122e-05 1.5268041573985071e-02 1.5208081851561677e-02 5.9959722423393730e-05 3.0536083149702346e-02 3.0416163703123354e-02 1.1991944657899212e-04
1736 8.4741210937500000e-01 1.5188742590505830e-02 1.5128644647238416e-02 6.0097943267414106e-05 1.5188742588754484e-02 1.5128644647238416e-02 6.0097941516068509e-05 3.0377485179260314e-02 3.0257289294476832e-02 1.2019588478348261e-04
1737 8.4790039062500000e-01 1.5109540567200097e-02 1.5049304163879096e-02 6.0236403321001566e-05 1.5109540565421775e-02 1.5049304163879096e-02 6.0236401542679285e-05 3.0219081132621874e-02 3.0098608327758191e-02 1.2047280486368259e-04
1738 8.4838867187500000e-01 1.5030436384801874e-02 1.4970061280388802e-02 6.0375104413071604e-05 1.5030436383020195e-02 1.4970061280388802e-02 6.0375102631392633e-05 3.0060872767822069e-02 2.9940122560777604e-02 1.2075020704446424e-04
1739 8.4887695312500000e-01 1.4951430923546833e-02 1.4890916876907042e-02 6.0514046639790348e-05 1.4951430921766181e-02 1.4890916876907042e-02 6.0514044859138333e-05 2.9902861845313013e-02 2.9781833753814085e-02 1.2102809149892868e-04
1740 8.4936523437500000e-01 1.4872525064904650e-02 1.4811871834807736e-02 6.0653230096914534e-05 1.4872525063084185e-02 1.4811871834807736e-02 6.0653228276448881e-05 2.9745050127988837e-02 2.9623743669615472e-02 1.2130645837336515e-04
1741 8.4985351562500000e-01 1.4793719691578921e-02 1.4732927036699220e-02 6.0792654879701299e-05 1.4793719689746687e-02 1.4732927036699220e-02 6.0792653047467282e-05 2.9587439381325610e-02 2.9465854073398440e-02 1.2158530792717032e-04
1742 8.5034179687500000e-01 1.4715015687507164e-02 1.4654083366424252e-02 6.0932321082911647e-05 1.4715015685660911e-02 1.4654083366424252e-02 6.0932319236659330e-05 2.9430031373168075e-02 2.9308166732848504e-02 1.2186464031957098e-04
1743 8.5083007812500000e-01 1.4636413937860901e-02 1.4575341709060005e-02 6.1072228800895453e-05 1.4636413936003954e-02 1.4575341709060005e-02 6.1072226943948565e-05 2.9272827873864857e-02 2.9150683418120011e-02 1.2214445574484575e-04
1744 8.5131835937500000e-01 1.4557915329045552e-02 1.4496702950918067e-02 6.1212378127485645e-05 1.4557915327162232e-02 1.4496702950918067e-02 6.1212376244165756e-05 2.9115830656207785e-02 2.8993405901836133e-02 1.2242475437165140e-04
1745 8.5180664062500000e-01 1.4479520748700533e-02 1.4418167979544448e-02 6.1352769156084938e-05 1.4479520746802619e-02 1.4418167979544448e-02 6.1352767258170821e-05 2.8959041495503150e-02 2.8836335959088896e-02 1.2270553641425402e-04
1746 8.5229492187500000e-01 1.4401231085699137e-02 1.4339737683719571e-02 6.1493401979566958e-05 1.4401231083783527e-02 1.4339737683719571e-02 6.1493400063956927e-05 2.8802462169482665e-02 2.8679475367439141e-02 1.2298680204352389e-04
1747 8.5278320312500000e-01 1.4323047230148656e-02 1.4261412953458277e-02 6.1634276690378589e-05 1.4323047228207170e-02 1.4261412953458277e-02 6.1634274748893422e-05 2.8646094458355826e-02 2.8522825906916554e-02 1.2326855143927201e-04
1748 8.5327148437500000e-01 1.4244970073390291e-02 1.4183194680009829e-02 6.1775393380461910e-05 1.4244970071447030e-02 1.4183194680009829e-02 6.1775391437200386e-05 2.8489940144837321e-02 2.8366389360019659e-02 1.2355078481766230e-04
1749 8.5375976562500000e-01 1.4167000507999206e-02 1.4105083755857900e-02 6.1916752141306236e-05 1.4167000506037508e-02 1.4105083755857900e-02 6.1916750179608071e-05 2.8334001014036714e-02 2.8210167511715799e-02 1.2383350232091431e-04
1750 8.5424804687500000e-01 1.4089139427784442e-02 1.4027081074720584e-02 6.2058353063857916e-05 1.4089139425794052e-02 1.4027081074720584e-02 6.2058351073467424e-05 2.8178278853578494e-02 2.8054162149441168e-02 1.2411670413732534e-04
1751 8.5473632812500000e-01 1.4011387727789032e-02 1.3949187531550394e-02 6.2200196238638289e-05 1.4011387725792780e-02 1.3949187531550394e-02 6.2200194242386167e-05 2.8022775453581811e-02 2.7898375063100788e-02 1.2440039048102272e-04
1752 8.5522460937500000e-01 1.3933746304289934e-02 1.3871404022534256e-02 6.2342281755677770e-05 1.3933746302285959e-02 1.3871404022534256e-02 6.2342279751702659e-05 2.7867492606575894e-02 2.7742808045068512e-02 1.2468456150738216e-04
1753 8.5571289062500000e-01 1.3856216054798007e-02 1.3793731445093518e-02 6.2484609704489824e-05 1.3856216052772064e-02 1.3793731445093518e-02 6.2484607678546175e-05 2.7712432107570073e-02 2.7587462890187035e-02 1.2496921738303773e-04
1754 8.5620117187500000e-01 1.3778797878058068e-02 1.3716170697883940e-02 6.2627180174128216e-05 1.3778797876014744e-02 1.3716170697883940e-02 6.2627178130804373e-05 2.7557595754072812e-02 2.7432341395767879e-02 1.2525435830493259e-04
1755 8.5668945312500000e-01 1.3701492674048856e-02 1.3638722680795702e-02 6.2769993253154049e-05 1.3701492671990915e-02 1.3638722680795702e-02 6.2769991195213426e-05 2.7402985346039771e-02 2.7277445361591404e-02 1.2553998444836748e-04
1756 8.5717773437500000e-01 1.3624301343983035e-02 1.3561388294953404e-02 6.2913049029630561e-05 1.3624301341912406e-02 1.3561388294953404e-02 6.2913046959002170e-05 2.7248602685895441e-02 2.7122776589906809e-02 1.2582609598863273e-04
1757 8.5766601562500000e-01 1.3547224790307198e-02 1.3484168442716059e-02 6.3056347591138734e-05 1.3547224788219339e-02 1.3484168442716059e-02 6.3056345503279335e-05 2.7094449578526539e-02 2.6968336885432119e-02 1.2611269309441980e-04
1758 8.5815429687500000e-01 1.3470263916701848e-02 1.3407064027677098e-02 6.3199889024749545e-05 1.3470263914585326e-02 1.3407064027677098e-02 6.3199886908227310e-05 2.6940527831287173e-02 2.6814128055354196e-02 1.2639977593297685e-04
1759 8.5864257812500000e-01 1.3393419628081415e-02 1.3330075954664370e-02 6.3343673417044777e-05 1.3393419625954384e-02 1.3330075954664370e-02 6.3343671290013587e-05 2.6786839254035799e-02 2.6660151909328741e-02 1.2668734470705836e-04
1760 8.5913085937500000e-01 1.3316692830594251e-02 1.3253205129740145e-02 6.3487700854106613e-05 1.3316692828462273e-02 1.3253205129740145e-02 6.3487698722127991e-05 2.6633385659056524e-02 2.6506410259480289e-02 1.2697539957623460e-04
1761 8.5961914062500000e-01 1.3240084431622643e-02 1.3176452460201101e-02 6.3631971421541922e-05 1.3240084429463199e-02 1.3176452460201101e-02 6.3631969262097424e-05 2.6480168861085840e-02 2.6352904920402202e-02 1.2726394068363761e-04
1762 8.6010742187500000e-01 1.3163595339782772e-02 1.3099818854578341e-02 6.3776485204430217e-05 1.3163595337611573e-02 1.3099818854578341e-02 6.3776483033231232e-05 2.6327190677394342e-02 2.6199637709156683e-02 1.2755296823765971e-04
1763 8.6059570312500000e-01 1.3087226464924743e-02 1.3023305222637385e-02 6.3921242287358349e-05 1.3087226462740983e-02 1.3023305222637385e-02 6.3921240103598231e-05 2.6174452927665726e-02 2.6046610445274770e-02 1.2784248239095658e-04
1764 8.6108398437500000e-01 1.3010978718132601e-02 1.2946912475378165e-02 6.4066242754436120e-05 1.3010978715929532e-02 1.2946912475378165e-02 6.4066240551366796e-05 2.6021957434062132e-02 2.5893824950756331e-02 1.2813248330580118e-04
1765 8.6157226562500000e-01 1.2934853011724257e-02 1.2870641525035037e-02 6.4211486689219957e-05 1.2934853009507960e-02 1.2870641525035037e-02 6.4211484472923366e-05 2.5869706021232217e-02 2.5741283050070073e-02 1.2842297116214332e-04
1766 8.6206054687500000e-01 1.2858850259251549e-02 1.2794493285076767e-02 6.4356974174782297e-05 1.2858850257014750e-02 1.2794493285076767e-02 6.4356971937983010e-05 2.5717700516266297e-02 2.5588986570153533e-02 1.2871394611276357e-04
1767 8.6254882812500000e-01 1.2782971375500236e-02 1.2718468670206545e-02 6.4502705293690774e-05 1.2782971373245003e-02 1.2718468670206545e-02 6.4502703038458314e-05 2.5565942748745241e-02 2.5436937340413090e-02 1.2900540833215082e-04
1768 8.6303710937500000e-01 1.2707217276489980e-02 1.2642568596361975e-02 6.4648680128004746e-05 1.2707217274229866e-02 1.2642568596361975e-02 6.4648677867890775e-05 2.5414434550719844e-02 2.5285137192723951e-02 1.2929735799589379e-04
1769 8.6352539062500000e-01 1.2631588879474348e-02 1.2566793980715077e-02 6.4794898759271830e-05 1.2631588877188410e-02 1.2566793980715077e-02 6.4794896473333030e-05 2.5263177756662758e-02 2.5133587961430153e-02 1.2958979523260486e-04
1770 8.6401367187500000e-01 1.2556087102940830e-02 1.2491145741672292e-02 6.4941361268538306e-05 1.2556087100632295e-02 1.2491145741672292e-02 6.4941358960002998e-05 2.5112174203573125e-02 2.4982291483344583e-02 1.2988272022854130e-04
1771 8.6450195312500000e-01 1.2480712866610790e-02 1.2415624798874474e-02 6.5088067736316160e-05 1.2480712864293598e-02 1.2415624798874474e-02 6.5088065419124583e-05 2.4961425730904388e-02 2.4831249597748947e-02 1.3017613315544074e-04
1772 8.6499023437500000e-01 1.2405467091439512e-02 1.2340232073196898e-02 6.5235018242614309e-05 1.2405467089099823e-02 1.2340232073196898e-02 6.5235015902925103e-05 2.4810934180539333e-02 2.4680464146393796e-02 1.3047003414553768e-04
1773 8.6547851562500000e-01 1.2330350699616169e-02 1.2264968486749253e-02 6.5382212866916048e-05 1.2330350697266727e-02 1.2264968486749253e-02 6.5382210517474226e-05 2.4660701396882895e-02 2.4529936973498506e-02 1.3076442338438854e-04
1774 8.6596679687500000e-01 1.2255364614563866e-02 1.2189834962875647e-02 6.5529651688218948e-05 1.2255364612192871e-02 1.2189834962875647e-02 6.5529649317223188e-05 2.4510729226756737e-02 2.4379669925751295e-02 1.3105930100544214e-04
1775 8.6645507812500000e-01 1.2180509760939569e-02 1.2114832426154609e-02 6.5677334784960267e-05 1.2180509758545939e-02 1.2114832426154609e-02 6.5677332391329835e-05 2.4361019519485508e-02 2.4229664852309218e-02 1.3135466717629010e-04
1776 8.6694335937500000e-01 1.2105787064634161e-02 1.2039961802399076e-02 6.5825262235084600e-05 1.2105787062233945e-02 1.2039961802399076e-02 6.5825259834869157e-05 2.4211574126868106e-02 2.4079923604798152e-02 1.3165052206995376e-04
1777 8.6743164062500000e-01 1.2031197452772403e-02 1.1965224018656410e-02 6.5973434115993573e-05 1.2031197450357231e-02 1.1965224018656410e-02 6.5973431700821344e-05 2.4062394903129634e-02 2.3930448037312819e-02 1.3194686581681492e-04
1778 8.6791992187500000e-01 1.1956741853712953e-02 1.1890620003208388e-02 6.6121850504564927e-05 1.1956741851281314e-02 1.1890620003208388e-02 6.6121848072926703e-05 2.3913483704994267e-02 2.3781240006416775e-02 1.3224369857749163e-04
1779 8.6840820312500000e-01 1.1882421197048385e-02 1.1816150685571203e-02 6.6270511477182006e-05 1.1882421194596916e-02 1.1816150685571203e-02 6.6270509025712424e-05 2.3764842391645301e-02 2.3632301371142406e-02 1.3254102050289443e-04
1780 8.6889648437500000e-01 1.1808236413605133e-02 1.1741816996495468e-02 6.6419417109664369e-05 1.1808236411145178e-02 1.1741816996495468e-02 6.6419414649710254e-05 2.3616472824750309e-02 2.3483633992990936e-02 1.3283883175937289e-04
1781 8.6938476562500000e-01 1.1734188435443528e-02 1.1667619867966212e-02 6.6568567477316362e-05 1.1734188432956384e-02 1.1667619867966212e-02 6.6568564990172191e-05 2.3468376868399914e-02 2.3335239735932423e-02 1.3313713246749029e-04
1782 8.6987304687500000e-01 1.1660278195857807e-02 1.1593560233202878e-02 6.6717962654928853e-05 1.1660278193353314e-02 1.1593560233202878e-02 6.6717960150435712e-05 2.3320556389211121e-02 2.3187120466405756e-02 1.3343592280536457e-04
1783 8.7036132812500000e-01 1.1586506629376075e-02 1.1519639026659333e-02 6.6867602716742802e-05 1.1586506626849917e-02 1.1519639026659333e-02 6.6867600190584700e-05 2.3173013256225991e-02 2.3039278053318665e-02 1.3373520290732577e-04
1784 8.7084960937500000e-01 1.1512874671760322e-02 1.1445857184023855e-02 6.7017487736466611e-05 1.1512874669226238e-02 1.1445857184023855e-02 6.7017485202382557e-05 2.3025749340986560e-02 2.2891714368047711e-02 1.3403497293884917e-04
1785 8.7133789062500000e-01 1.1439383260006415e-02 1.1372215642219142e-02 6.7167617787272649e-05 1.1439383257446808e-02 1.1372215642219142e-02 6.7167615227665609e-05 2.2878766517453221e-02 2.2744431284438284e-02 1.3433523301493652e-04
1786 8.7182617187500000e-01 1.1366033332344150e-02 1.1298715339402309e-02 6.7317992941840626e-05 1.1366033329771015e-02 1.1298715339402309e-02 6.7317990368706213e-05 2.2732066662115163e-02 2.2597430678804618e-02 1.3463598331054510e-04
1787 8.7231445312500000e-01 1.1292825828237131e-02 1.1225357214964888e-02 6.7468613272243100e-05 1.1292825825648115e-02 1.1225357214964888e-02 6.7468610683227292e-05 2.2585651653885246e-02 2.2450714429929776e-02 1.3493722395547039e-04
1788 8.7280273437500000e-01 1.1219761688382906e-02 1.1152142209532829e-02 6.7619478850077311e-05 1.1219761685771049e-02 1.1152142209532829e-02 6.7619476238220400e-05 2.2439523374153954e-02 2.2304284419065658e-02 1.3523895508829598e-04
1789 8.7329101562500000e-01 1.1146841854712848e-02 1.1079071264966499e-02 6.7770589746348961e-05 1.1146841852079831e-02 1.1079071264966499e-02 6.7770587113331893e-05 2.2293683706792682e-02 2.2158142529932999e-02 1.3554117685968259e-04
1790 8.7377929687500000e-01 1.1074067270392238e-02 1.1006145324360681e-02 6.7921946031557212e-05 1.1074067267749114e-02 1.1006145324360681e-02 6.7921943388433645e-05 2.2148134538141351e-02 2.2012290648721362e-02 1.3584388941998912e-04
1791 8.7426757812500000e-01 1.1001438879820235e-02 1.0933365332044578e-02 6.8073547775656523e-05 1.1001438877168852e-02 1.0933365332044578e-02 6.8073545124273938e-05 2.2002877756989087e-02 2.1866730664089156e-02 1.3614709289993046e-04
1792 8.7475585937500000e-01 1.0928957628629847e-02 1.0860732233581806e-02 6.8225395048041038e-05 1.0928957625955495e-02 1.0860732233581806e-02 6.8225392373688978e-05 2.1857915254585344e-02 2.1721464467163613e-02 1.3645078742173175e-04
1793 8.7524414062500000e-01 1.0856624463687984e-02 1.0788246975770402e-02 6.8377487917582747e-05 1.0856624460994843e-02 1.0788246975770402e-02 6.8377485224441897e-05 2.1713248924682828e-02 2.1576493951540803e-02 1.3675497314202464e-04
1794 8.7573242187500000e-01 1.0784440333095405e-02 1.0715910506642818e-02 6.8529826452586387e-05 1.0784440330394593e-02 1.0715910506642818e-02 6.8529823751774591e-05 2.1568880663489998e-02 2.1431821013285637e-02 1.3705965020436098e-04
1795 8.7622070312500000e-01 1.0712406186186733e-02 1.0643723775465927e-02 6.8682410720806789e-05 1.0712406183443155e-02 1.0643723775465927e-02 6.8682407977228854e-05 2.1424812369629891e-02 2.1287447550931853e-02 1.3736481869803738e-04
1796 8.7670898437500000e-01 1.0640522973530490e-02 1.0571687732741013e-02 6.8835240789476629e-05 1.0640522970781656e-02 1.0571687732741013e-02 6.8835238040642482e-05 2.1281045944312148e-02 2.1143375465482027e-02 1.3767047883012085e-04
1797 8.7719726562500000e-01 1.0568791646929034e-02 1.0499803330203785e-02 6.8988316725249188e-05 1.0568791644171660e-02 1.0499803330203785e-02 6.8988313967874998e-05 2.1137583291100694e-02 2.0999606660407569e-02 1.3797663069312419e-04
1798 8.7768554687500000e-01 1.0497213159418612e-02 1.0428071520824360e-02 6.9141638594252125e-05 1.0497213156622599e-02 1.0428071520824360e-02 6.9141635798238704e-05 2.0994426316041211e-02 2.0856143041648720e-02 1.3828327439249083e-04
1799 8.7817382812500000e-01 1.0425788465269290e-02 1.0356493258807281e-02 6.9295206462009415e-05 1.0425788462475861e-02 1.0356493258807281e-02 6.9295203668580732e-05 2.0851576927745152e-02 2.0712986517614562e-02 1.3859041013059015e-04
1800 8.7866210937500000e-01 1.0354518519985048e-02 1.0285069499591503e-02 6.9449020393545433e-05 1.0354518517172723e-02 1.0285069499591503e-02 6.9449017581220407e-05 2.0709037037157770e-02 2.0570138999183005e-02 1.3889803797476410e-04
1801 8.7915039062500000e-01 1.0283404280303717e-02 1.0213801199850398e-02 6.9603080453319033e-05 1.0283404277483137e-02 1.0213801199850398e-02 6.9603077632738458e-05 2.0566808557786854e-02 2.0427602399700796e-02 1.3920615808605749e-04
1802 8.7963867187500000e-01 1.0212446704196977e-02 1.0142689317491762e-02 6.9757386705214877e-05 1.0212446701346078e-02 1.0142689317491762e-02 6.9757383854316540e-05 2.0424893405543057e-02 2.0285378634983524e-02 1.3951477055953315e-04
1803 8.8012695312500000e-01 1.0141646750870344e-02 1.0071734811657799e-02 6.9911939212545168e-05 1.0141646748008132e-02 1.0071734811657799e-02 6.9911936350332965e-05 2.0283293498878474e-02 2.0143469623315598e-02 1.3982387556287640e-04
1804 8.8061523437500000e-01 1.0071005380763233e-02 1.0000938642725136e-02 7.0066738038096488e-05 1.0071005377881331e-02 1.0000938642725136e-02 7.0066735156195173e-05 2.0142010758644566e-02 2.0001877285450272e-02 1.4013347319429340e-04
1805 8.8110351562500000e-01 1.0000523555548894e-02 9.9303017723048163e-03 7.0221783244077754e-05 1.0000523552646164e-02 9.9303017723048163e-03 7.0221780341347614e-05 2.0001047108195058e-02 1.9860603544609633e-02 1.4044356358542537e-04
1806 8.8159179687500000e-01 9.9302022381344349e-03 9.8598251632423008e-03 7.0377074892134101e-05 9.9302022352098646e-03 9.8598251632423008e-03 7.0377071967563792e-05 1.9860404473344299e-02 1.9719650326484602e-02 1.4075414685969789e-04
1807 8.8208007812500000e-01 9.8600423926608026e-03 9.7895097796174627e-03 7.0532613043339937e-05 9.8600423897167756e-03 9.7895097796174627e-03 7.0532610099312970e-05 1.9720084782377578e-02 1.9579019559234925e-02 1.4106522314265291e-04
1808 8.8256835937500000e-01 9.7900449845028260e-03 9.7193565867446010e-03 7.0688397758224969e-05 9.7900449815538394e-03 9.7193565867446010e-03 7.0688394809238428e-05 1.9580089966056667e-02 1.9438713173489202e-02 1.4137679256746513e-04
1809 8.8305664062500000e-01 9.7202109802691436e-03 9.6493665511724266e-03 7.0844429096716954e-05 9.7202109772954789e-03 9.6493665511724266e-03 7.0844426123052237e-05 1.9440421957564624e-02 1.9298733102344853e-02 1.4168885521977093e-04
1810 8.8354492187500000e-01 9.6505413478022890e-03 9.5795406406840658e-03 7.1000707118223233e-05 9.6505413448105624e-03 9.5795406406840658e-03 7.1000704126496575e-05 1.9301082692612853e-02 1.9159081281368132e-02 1.4200141124472154e-04
1811 8.8403320312500000e-01 9.5810370561786179e-03 9.5098798242970687e-03 7.1157231881549196e-05 9.5810370531741879e-03 9.5098798242970687e-03 7.1157228877119158e-05 1.9162074109352806e-02 1.9019759648594137e-02 1.4231446075866835e-04
1812 8.8452148437500000e-01 9.5116990757083235e-03 9.4403850722633974e-03 7.1314003444926041e-05 9.5116990726806828e-03 9.4403850722633974e-03 7.1314000417285403e-05 1.9023398148389006e-02 1.8880770144526795e-02 1.4262800386221144e-04
1813 8.8500976562500000e-01 9.4425283779354611e-03 9.3710573560694330e-03 7.1471021866028120e-05 9.4425283748990254e-03 9.3710573560694330e-03 7.1471018829592434e-05 1.8885056752834486e-02 1.8742114712138866e-02 1.4294204069562055e-04
1814 8.8549804687500000e-01 9.3735259356379115e-03 9.3018976484359715e-03 7.1628287201939977e-05 9.3735259325719109e-03 9.3018976484359715e-03 7.1628284135939399e-05 1.8747051868209824e-02 1.8603795296871943e-02 1.4325657133788111e-04
1815 8.8598632812500000e-01 9.3046927228274349e-03 9.2329069233182317e-03 7.1785799509203191e-05 9.3046927197520321e-03 9.2329069233182317e-03 7.1785796433800411e-05 1.8609385442579465e-02 1.8465813846636463e-02 1.4357159594300187e-04
1816 8.8647460937500000e-01 9.2360297147495770e-03 9.1640861559058439e-03 7.1943558843733102e-05 9.2360297116559093e-03 9.1640861559058439e-03 7.1943555750065419e-05 1.8472059426405486e-02 1.8328172311811688e-02 1.4388711459379852e-04
1817 8.8696289062500000e-01 9.1675378878837855e-03 9.0954363226228591e-03 7.2101565260926370e-05 9.1675378847707739e-03 9.0954363226228591e-03 7.2101562147914786e-05 1.8335075772654558e-02 1.8190872645245718e-02 1.4420312740883942e-04
1818 8.8745117187500000e-01 9.0992182199432954e-03 9.0269584011277437e-03 7.2259818815551685e-05 9.0992182168224689e-03 9.0269584011277437e-03 7.2259815694725171e-05 1.8198436436765764e-02 1.8053916802255487e-02 1.4451963451027686e-04
1819 8.8793945312500000e-01 9.0310716898752124e-03 8.9586533703133828e-03 7.2418319561829564e-05 9.0310716867321277e-03 8.9586533703133828e-03 7.2418316418744813e-05 1.8062143376607338e-02 1.7917306740626766e-02 1.4483663598057264e-04
1820 8.8842773437500000e-01 8.9630992778604607e-03 8.8905222103070770e-03 7.2577067553383778e-05 8.9630992746935340e-03 8.8905222103070770e-03 7.2577064386456988e-05 1.7926198552553993e-02 1.7781044420614154e-02 1.4515413193983903e-04
1821 8.8891601562500000e-01 8.8953019653138111e-03 8.8225659024705472e-03 7.2736062843263907e-05 8.8953019621212954e-03 8.8225659024705472e-03 7.2736059650748211e-05 1.7790603927435106e-02 1.7645131804941094e-02 1.4547212249401212e-04
1822 8.8940429687500000e-01 8.8276807348838388e-03 8.7547854293999264e-03 7.2895305483912376e-05 8.8276807316783976e-03 8.7547854293999264e-03 7.2895302278471255e-05 1.7655361466562235e-02 1.7509570858799853e-02 1.4579060776238190e-04
1823 8.8989257812500000e-01 8.7602365704530071e-03 8.6871817749257715e-03 7.3054795527235580e-05 8.7602365672380372e-03 8.6871817749257715e-03 7.3054792312265623e-05 1.7520473137691044e-02 1.7374363549851543e-02 1.4610958783950120e-04
1824 8.9038085937500000e-01 8.6929704571375443e-03 8.6197559241130515e-03 7.3214533024492864e-05 8.6929704539048438e-03 8.6197559241130515e-03 7.3214529791792299e-05 1.7385940911042390e-02 1.7239511848226103e-02 1.4642906281628690e-04
1825 8.9086914062500000e-01 8.6258833812875614e-03 8.5525088632611539e-03 7.3374518026407543e-05 8.6258833780381329e-03 8.5525088632611539e-03 7.3374514776979038e-05 1.7251766759325694e-02 1.7105017726522308e-02 1.4674903280338658e-04
1826 8.9135742187500000e-01 8.5589763304869584e-03 8.4854415799038851e-03 7.3534750583073225e-05 8.5589763272161008e-03 8.4854415799038851e-03 7.3534747312215681e-05 1.7117952657703057e-02 1.6970883159807770e-02 1.4706949789528717e-04
1827 8.9184570312500000e-01 8.4922502935534938e-03 8.4185550628094671e-03 7.3695230744026674e-05 8.4922502902607128e-03 8.4185550628094671e-03 7.3695227451245696e-05 1.6984500583814205e-02 1.6837110125618934e-02 1.4739045819527063e-04
1828 8.9233398437500000e-01 8.4257062605387276e-03 8.3518503019805387e-03 7.3855958558188828e-05 8.4257062572263269e-03 8.3518503019805387e-03 7.3855955245788127e-05 1.6851412517765056e-02 1.6703700603961077e-02 1.4771191380397869e-04
1829 8.9282226562500000e-01 8.3593452227280537e-03 8.2853282886541594e-03 7.4016934073894286e-05 8.3593452194119077e-03 8.2853282886541594e-03 7.4016930757748317e-05 1.6718690442139961e-02 1.6570656577308319e-02 1.4803386483164260e-04
1830 8.9331054687500000e-01 8.2931681726407091e-03 8.2189900153018004e-03 7.4178157338908660e-05 8.2931681692986689e-03 8.2189900153018004e-03 7.4178153996868473e-05 1.6586336341939380e-02 1.6437980030603601e-02 1.4835631133577887e-04
1831 8.9379882812500000e-01 8.2271761040297285e-03 8.1528364756293537e-03 7.4339628400374794e-05 8.2271761006713282e-03 8.1528364756293537e-03 7.4339625041974430e-05 1.6454352204701057e-02 1.6305672951258707e-02 1.4867925344234922e-04
1832 8.9428710937500000e-01 8.1613700118819792e-03 8.0868686645771300e-03 7.4501347304849197e-05 8.1613700085017768e-03 8.0868686645771300e-03 7.4501343924646829e-05 1.6322740020383756e-02 1.6173737329154260e-02 1.4900269122949603e-04
1833 8.9477539062500000e-01 8.0957508924181330e-03 8.0210875783198535e-03 7.4663314098279490e-05 8.0957508890169561e-03 8.0210875783198535e-03 7.4663310697102581e-05 1.6191501781435087e-02 1.6042175156639707e-02 1.4932662479538034e-04
1834 8.9526367187500000e-01 8.0303197430927047e-03 7.9554942142666691e-03 7.4825528826035631e-05 8.0303197396834908e-03 7.9554942142666691e-03 7.4825525416821748e-05 1.6060639482776196e-02 1.5910988428533338e-02 1.4965105424285738e-04
1835 8.9575195312500000e-01 7.9650775625940036e-03 7.8900895710611353e-03 7.4987991532868281e-05 7.9650775591606372e-03 7.8900895710611353e-03 7.4987988099501843e-05 1.5930155121754642e-02 1.5780179142122271e-02 1.4997597963237186e-04
1836 8.9624023437500000e-01 7.9000253508441799e-03 7.8248746485812311e-03 7.5150702262948704e-05 7.9000253473997997e-03 7.8248746485812311e-03 7.5150698818568507e-05 1.5800050698243980e-02 1.5649749297162462e-02 1.5030140108151721e-04
1837 8.9672851562500000e-01 7.8351641089991694e-03 7.7598504479393518e-03 7.5313661059817592e-05 7.8351641055317330e-03 7.7598504479393518e-03 7.5313657592381185e-05 1.5670328214530904e-02 1.5519700895878704e-02 1.5062731865220051e-04
1838 8.9721679687500000e-01 7.7704948394487373e-03 7.6950179714823088e-03 7.5476867966428433e-05 7.7704948359565871e-03 7.6950179714823088e-03 7.5476864474278288e-05 1.5540989675405324e-02 1.5390035942964618e-02 1.5095373244070585e-04
1839 8.9770507812500000e-01 7.7060185458164600e-03 7.6303782227913316e-03 7.5640323025128429e-05 7.7060185423060510e-03 7.6303782227913316e-03 7.5640319514719452e-05 1.5412037088122511e-02 1.5260756445582663e-02 1.5128064253984788e-04
1840 8.9819335937500000e-01 7.6417362329597276e-03 7.5659322066820673e-03 7.5804026277660232e-05 7.6417362294292955e-03 7.5659322066820673e-03 7.5804022747228209e-05 1.5283472462389022e-02 1.5131864413364135e-02 1.5160804902488757e-04
1841 8.9868164062500000e-01 7.5776489069697330e-03 7.5016809292045806e-03 7.5967977765152399e-05 7.5776489034333231e-03 7.5016809292045806e-03 7.5967974228742519e-05 1.5155297810403055e-02 1.5003361858409161e-02 1.5193595199389405e-04
1842 8.9916992187500000e-01 7.5137575751715027e-03 7.4376253976433521e-03 7.6132177528150623e-05 7.5137575716157532e-03 7.4376253976433521e-03 7.6132173972401178e-05 1.5027515146787256e-02 1.4875250795286704e-02 1.5226435150055180e-04
1843 8.9965820312500000e-01 7.4500632461238364e-03 7.3737666205172803e-03 7.6296625606556145e-05 7.4500632425446682e-03 7.3737666205172803e-03 7.6296622027387934e-05 1.4900126488668505e-02 1.4747533241034561e-02 1.5259324763394408e-04
1844 9.0014648437500000e-01 7.3865669296193648e-03 7.3101056075796818e-03 7.6461322039683005e-05 7.3865669260189774e-03 7.3101056075796818e-03 7.6461318439295656e-05 1.4773133855638342e-02 1.4620211215159364e-02 1.5292264047897866e-04
1845 9.0063476562500000e-01 7.3232696366845170e-03 7.2466433698182885e-03 7.6626266866228546e-05 7.3232696330640407e-03 7.2466433698182885e-03 7.6626263245752231e-05 1.4646539269748557e-02 1.4493286739636577e-02 1.5325253011197991e-04
1846 9.0112304687500000e-01 7.2601723795795202e-03 7.1833809194552520e-03 7.6791460124268213e-05 7.2601723759458557e-03 7.1833809194552520e-03 7.6791456490603663e-05 1.4520344755525376e-02 1.4366761838910504e-02 1.5358291661487188e-04
1847 9.0161132812500000e-01 7.1972761717984035e-03 7.1203192699471384e-03 7.6956901851265094e-05 7.1972761681453968e-03 7.1203192699471384e-03 7.6956898198258378e-05 1.4394552339943800e-02 1.4240638539894277e-02 1.5391380004952347e-04
1848 9.0209960937500000e-01 7.1345820280690198e-03 7.0574594359849342e-03 7.7122592084085534e-05 7.1345820243977672e-03 7.0574594359849342e-03 7.7122588412832996e-05 1.4269164052466787e-02 1.4114918871969868e-02 1.5424518049691853e-04
1849 9.0258789062500000e-01 7.0720909643530016e-03 6.9948024334940398e-03 7.7288530858961833e-05 7.0720909606676059e-03 6.9948024334940398e-03 7.7288527173566095e-05 1.4144181925020607e-02 1.3989604866988080e-02 1.5457705803252793e-04
1850 9.0307617187500000e-01 7.0098039978457836e-03 6.9323492796342758e-03 7.7454718211507866e-05 7.0098039941479213e-03 6.9323492796342758e-03 7.7454714513645537e-05 1.4019607991993706e-02 1.3864698559268552e-02 1.5490943272515427e-04
1851 9.0356445312500000e-01 6.9477221469766105e-03 6.8701009927998793e-03 7.7621154176731218e-05 6.9477221432555532e-03 6.8701009927998793e-03 7.7621150455673901e-05 1.3895444290232165e-02 1.3740201985599759e-02 1.5524230463240599e-04
1852 9.0405273437500000e-01 6.8858464314085124e-03 6.8080585926195026e-03 7.7787838789009772e-05 6.8858464276659948e-03 6.8080585926195026e-03 7.7787835046492192e-05 1.3771692859074508e-02 1.3616117185239005e-02 1.5557567383550283e-04
1853 9.0454101562500000e-01 6.8241778720383355e-03 6.7462230999562169e-03 7.7954772082118595e-05 6.8241778682803251e-03 6.7462230999562169e-03 7.7954768324108199e-05 1.3648355740318661e-02 1.3492446199912434e-02 1.5590954040622766e-04
1854 9.0502929687500000e-01 6.7627174909966961e-03 6.6845955369075121e-03 7.8121954089183966e-05 6.7627174872080227e-03 6.6845955369075121e-03 7.8121950300510598e-05 1.3525434978204718e-02 1.3369191073815024e-02 1.5624390438969370e-04
1855 9.0551757812500000e-01 6.7014663116480213e-03 6.6231769268052928e-03 7.8289384842728481e-05 6.7014663078507151e-03 6.6231769268052928e-03 7.8289381045422261e-05 1.3402932619498736e-02 1.3246353853610586e-02 1.5657876588815074e-04
1856 9.0600585937500000e-01 6.6404253585905203e-03 6.5619682942158822e-03 7.8457064374638091e-05 6.6404253547694032e-03 6.5619682942158822e-03 7.8457060553521057e-05 1.3280850713359924e-02 1.3123936588431764e-02 1.5691412492815915e-04
1857 9.0649414062500000e-01 6.5795956576562148e-03 6.5009706649400206e-03 7.8624992716194199e-05 6.5795956538208791e-03 6.5009706649400206e-03 7.8624988880858504e-05 1.3159191311477095e-02 1.3001941329880041e-02 1.5724998159705357e-04
1858 9.0698242187500000e-01 6.5189782359108828e-03 6.4401850660128646e-03 7.8793169898018142e-05 6.5189782320497448e-03 6.4401850660128646e-03 7.8793166036880170e-05 1.3037956467960628e-02 1.2880370132025729e-02 1.5758633593489918e-04
1859 9.0747070312500000e-01 6.4585741216541207e-03 6.3796125257039897e-03 7.8961595950131046e-05 6.4585741177795837e-03 6.3796125257039897e-03 7.8961592075594070e-05 1.2917148239433705e-02 1.2759225051407979e-02 1.5792318802572598e-04
1860 9.0795898437500000e-01 6.3983843444193099e-03 6.3192540735173873e-03 7.9130270901922595e-05 6.3983843405301831e-03 6.3192540735173873e-03 7.9130267012795727e-05 1.2796768684949493e-02 1.2638508147034775e-02 1.5826053791471832e-04
1861 9.0844726562500000e-01 6.3384099349736251e-03 6.2591107401914672e-03 7.9299194782157974e-05 6.3384099310646314e-03 6.2591107401914672e-03 7.9299190873164185e-05 1.2676819866038257e-02 1.2518221480382934e-02 1.5859838565532303e-04
1862 9.0893554687500000e-01 6.2786519253180085e-03 6.1991835576990558e-03 7.9468367618952714e-05 6.2786519213903162e-03 6.1991835576990558e-03 7.9468363691260341e-05 1.2557303846708324e-02 1.2398367115398112e-02 1.5893673131021219e-04
1863 9.0942382812500000e-01 6.2191113486871957e-03 6.1394735592473961e-03 7.9637789439799579e-05 6.2191113447401143e-03 6.1394735592473961e-03 7.9637785492718202e-05 1.2438222693427311e-02 1.2278947118494792e-02 1.5927557493251865e-04
1864 9.0991210937500000e-01 6.1597892395497122e-03 6.0799817792781489e-03 7.9807460271563366e-05 6.1597892355775641e-03 6.0799817792781489e-03 7.9807456299415235e-05 1.2319578475127275e-02 1.2159963558556298e-02 1.5961491657097773e-04
1865 9.1040039062500000e-01 6.1006866336078651e-03 6.0207092534673937e-03 7.9977380140471357e-05 6.1006866296238020e-03 6.0207092534673937e-03 7.9977376156408278e-05 1.2201373263231667e-02 1.2041418506934787e-02 1.5995475629687964e-04
1866 9.1088867187500000e-01 6.0418045677977468e-03 5.9616570187256248e-03 8.0147549072122001e-05 6.0418045637962246e-03 5.9616570187256248e-03 8.0147545070599797e-05 1.2083609131593970e-02 1.1923314037451250e-02 1.6029509414272093e-04
1867 9.1137695312500000e-01 5.9831440802892242e-03 5.9028261131977549e-03 8.0317967091469294e-05 5.9831440762721771e-03 5.9028261131977549e-03 8.0317963074422183e-05 1.1966288156561401e-02 1.1805652226395510e-02 1.6063593016589148e-04
1868 9.1186523437500000e-01 5.9247062104859430e-03 5.8442175762631150e-03 8.0488634222827989e-05 5.9247062064394056e-03 5.8442175762631150e-03 8.0488630176290578e-05 1.1849412416925349e-02 1.1688435152526230e-02 1.6097726439911857e-04
1869 9.1235351562500000e-01 5.8664919990253431e-03 5.7858324485354513e-03 8.0659550489891804e-05 5.8664919949679263e-03 5.7858324485354513e-03 8.0659546432475075e-05 1.1732983993993269e-02 1.1571664897070903e-02 1.6131909692236601e-04
1870 9.1284179687500000e-01 5.8085024877786284e-03 5.7276717718629296e-03 8.0830715915698736e-05 5.8085024836976307e-03 5.7276717718629296e-03 8.0830711834701044e-05 1.1617004971476259e-02 1.1455343543725859e-02 1.6166142775039978e-04
1871 9.1333007812500000e-01 5.7507387198507823e-03 5.6697365893281296e-03 8.1002130522652739e-05 5.7507387157489358e-03 5.6697365893281296e-03 8.1002126420806272e-05 1.1501477435599719e-02 1.1339473178656259e-02 1.6200425694345988e-04
1872 9.1381835937500000e-01 5.6932017395805697e-03 5.6120279452480520e-03 8.1173794332517653e-05 5.6932017354634438e-03 5.6120279452480520e-03 8.1173790215391742e-05 1.1386403475044014e-02 1.1224055890496104e-02 1.6234758454791026e-04
1873 9.1430664062500000e-01 5.6358925925405192e-03 5.5545468851741124e-03 8.1345707366406797e-05 5.6358925884033243e-03 5.5545468851741124e-03 8.1345703229211870e-05 1.1271785180943843e-02 1.1109093770348225e-02 1.6269141059561780e-04
1874 9.1479492187500000e-01 5.5788123255369566e-03 5.4972944558921450e-03 8.1517869644811593e-05 5.5788123213775910e-03 5.4972944558921450e-03 8.1517865485446032e-05 1.1157624646914548e-02 1.0994588911784290e-02 1.6303573513025763e-04
1875 9.1528320312500000e-01 5.5219619866099584e-03 5.4402717054223993e-03 8.1690281187559062e-05 5.5219619824431968e-03 5.4402717054223993e-03 8.1690277020797508e-05 1.1043923969053154e-02 1.0880543410844799e-02 1.6338055820835570e-04
1876 9.1577148437500000e-01 5.4653426250333851e-03 5.3834796830195437e-03 8.1862942013841318e-05 5.4653426208399747e-03 5.3834796830195437e-03 8.1862937820430942e-05 1.0930685245873359e-02 1.0766959366039087e-02 1.6372587983427139e-04
1877 9.1625976562500000e-01 5.4089552913148741e-03 5.3269194391726647e-03 8.2035852142209494e-05 5.4089552870983234e-03 5.3269194391726647e-03 8.2035847925658774e-05 1.0817910578413198e-02 1.0653838878345329e-02 1.6407170006786827e-04
1878 9.1674804687500000e-01 5.3528010371958158e-03 5.2705920256052637e-03 8.2209011590552057e-05 5.3528010329595543e-03 5.2705920256052637e-03 8.2209007354290542e-05 1.0705602070155369e-02 1.0541184051210527e-02 1.6441801894484173e-04
1879 9.1723632812500000e-01 5.2968809156513771e-03 5.2144984952752606e-03 8.2382420376116497e-05 5.2968809114013332e-03 5.2144984952752606e-03 8.2382416126072604e-05 1.0593761827052711e-02 1.0428996990550521e-02 1.6476483650218997e-04
1880 9.1772460937500000e-01 5.2411959808905005e-03 5.1586399023749929e-03 8.2556078515507586e-05 5.2411959766249742e-03 5.1586399023749929e-03 8.2556074249981286e-05 1.0482391957515474e-02 1.0317279804749986e-02 1.6511215276548800e-04
1881 9.1821289062500000e-01 5.1857472883558792e-03 5.1030173023312144e-03 8.2729986024664831e-05 5.1857472840674771e-03 5.1030173023312144e-03 8.2729981736262732e-05 1.0371494572423357e-02 1.0206034604662429e-02 1.6545996776092843e-04
1882 9.1870117187500000e-01 5.1305358947239983e-03 5.0476317518050968e-03 8.2904142918901504e-05 5.1305358904131558e-03 5.0476317518050968e-03 8.2904138608059022e-05 1.0261071785137153e-02 1.0095263503610194e-02 1.6580828152695966e-04
1883 9.1918945312500000e-01 5.0755628579050929e-03 4.9924843086922291e-03 8.3078549212863874e-05 5.0755628535785000e-03 4.9924843086922291e-03 8.3078544886270971e-05 1.0151125711483593e-02 9.9849686173844581e-03 1.6615709409913484e-04
1884 9.1967773437500000e-01 5.0208292370431630e-03 4.9375760321226170e-03 8.3253204920545956e-05 5.0208292326965748e-03 4.9375760321226170e-03 8.3253200573957763e-05 1.0041658469739739e-02 9.8751520642452340e-03 1.6650640549450459e-04
1885 9.2016601562500000e-01 4.9663360925159654e-03 4.8829079824606846e-03 8.3428110055280835e-05 4.9663360881523596e-03 4.8829079824606846e-03 8.3428105691675004e-05 9.9326721806683241e-03 9.7658159649213691e-03 1.6685621574695497e-04
1886 9.2065429687500000e-01 4.9120844859350315e-03 4.8284812213052718e-03 8.3603264629759748e-05 4.9120844815483027e-03 4.8284812213052718e-03 8.3603260243030920e-05 9.8241689674833342e-03 9.6569624426105435e-03 1.6720652487279067e-04
1887 9.2114257812500000e-01 4.8580754801456575e-03 4.7742968114896367e-03 8.3778668656020808e-05 4.8580754757421600e-03 4.7742968114896367e-03 8.3778664252523276e-05 9.7161509558878166e-03 9.5485936229792734e-03 1.6755733290854322e-04
1888 9.2163085937500000e-01 4.8043101392268887e-03 4.7203558170814544e-03 8.3954322145434260e-05 4.8043101348019847e-03 4.7203558170814544e-03 8.3954317720530240e-05 9.6086202740288743e-03 9.4407116341629089e-03 1.6790863986596537e-04
1889 9.2211914062500000e-01 4.7507895284915318e-03 4.6666593033828172e-03 8.4130225108714624e-05 4.7507895240498444e-03 4.6666593033828172e-03 8.4130220667027154e-05 9.5015790525413771e-03 9.3333186067656344e-03 1.6826044577574265e-04
1890 9.2260742187500000e-01 4.6975147144861576e-03 4.6132083369302352e-03 8.4306377555922428e-05 4.6975147100218198e-03 4.6132083369302352e-03 8.4306373091584674e-05 9.3950294245079766e-03 9.2264166738604703e-03 1.6861275064750623e-04
1891 9.2309570312500000e-01 4.6444867649911023e-03 4.5600039854946347e-03 8.4482779496467680e-05 4.6444867605109474e-03 4.5600039854946347e-03 8.4482775016312718e-05 9.2889735255020506e-03 9.1200079709892693e-03 1.6896555451278127e-04
1892 9.2358398437500000e-01 4.5917067490204404e-03 4.5070473180813591e-03 8.4659430939081244e-05 4.5917067445208001e-03 4.5070473180813591e-03 8.4659426439441000e-05 9.1834134935412405e-03 9.0140946361627183e-03 1.6931885737852224e-04
1893 9.2407226562500000e-01 4.5391757368220091e-03 4.4543394049301717e-03 8.4836331891837390e-05 4.5391757323026997e-03 4.4543394049301717e-03 8.4836327372527984e-05 9.0783514691247097e-03 8.9086788098603435e-03 1.6967265926436624e-04
1894 9.2456054687500000e-01 4.4868947998774099e-03 4.4018813175152492e-03 8.5013482362160733e-05 4.4868947953399536e-03 4.4018813175152492e-03 8.5013477824704385e-05 8.9737895952173644e-03 8.8037626350304984e-03 1.7002696018686599e-04
1895 9.2504882812500000e-01 4.4348650109019890e-03 4.3496741285451897e-03 8.5190882356799350e-05 4.4348650063401190e-03 4.3496741285451897e-03 8.5190877794929371e-05 8.8697300172421081e-03 8.6993482570903793e-03 1.7038176015172872e-04
1896 9.2553710937500000e-01 4.3830874438448514e-03 4.2977189119630041e-03 8.5368531881847322e-05 4.3830874392697481e-03 4.2977189119630041e-03 8.5368527306744005e-05 8.7661748831146004e-03 8.5954378239260082e-03 1.7073705918859219e-04
1897 9.2602539062500000e-01 4.3315631738888557e-03 4.2460167429461239e-03 8.5546430942731733e-05 4.3315631692962308e-03 4.2460167429461239e-03 8.5546426350106841e-05 8.6631263431850864e-03 8.4920334858922478e-03 1.7109285729283857e-04
1898 9.2651367187500000e-01 4.2802932774506077e-03 4.1945686979063968e-03 8.5724579544210928e-05 4.2802932728320114e-03 4.1945686979063968e-03 8.5724574925614624e-05 8.5605865502826201e-03 8.3891373958127936e-03 1.7144915446982642e-04
1899 9.2700195312500000e-01 4.2292788321804733e-03 4.1433758544900876e-03 8.5902977690385796e-05 4.2292788275468361e-03 4.1433758544900876e-03 8.5902973056748572e-05 8.4585576597273095e-03 8.2867517089801751e-03 1.7180595074713437e-04
1900 9.2749023437500000e-01 4.1785209169625526e-03 4.0924392915778780e-03 8.6081625384674607e-05 4.1785209123078038e-03 4.0924392915778780e-03 8.6081620729925798e-05 8.3570418292703563e-03 8.1848785831557559e-03 1.7216324611460040e-04
1901 9.2797851562500000e-01 4.1280206119147112e-03 4.0417600892848687e-03 8.6260522629842511e-05 4.1280206072411641e-03 4.0417600892848687e-03 8.6260517956295371e-05 8.2560412191558762e-03 8.0835201785697374e-03 1.7252104058613875e-04
1902 9.2846679687500000e-01 4.0777789983885504e-03 3.9913393289605749e-03 8.6439669427975513e-05 4.0777789936915030e-03 3.9913393289605749e-03 8.6439664730928074e-05 8.1555579920800543e-03 7.9826786579211498e-03 1.7287933415890445e-04
1903 9.2895507812500000e-01 4.0277971589694267e-03 3.9411780931889323e-03 8.6619065780494352e-05 4.0277971542576974e-03 3.9411780931889323e-03 8.6619061068765081e-05 8.0555943132271240e-03 7.8823561863778646e-03 1.7323812684925943e-04
1904 9.2944335937500000e-01 3.9780761774764290e-03 3.8912774657882902e-03 8.6798711688138887e-05 3.9780761727444209e-03 3.8912774657882902e-03 8.6798706956130699e-05 7.9561523502208499e-03 7.7825549315765803e-03 1.7359741864426959e-04
1905 9.2993164062500000e-01 3.9286171389624281e-03 3.8416385318114179e-03 8.6978607151010166e-05 3.9286171342092051e-03 3.8416385318114179e-03 8.6978602397787177e-05 7.8572342731716323e-03 7.6832770636228358e-03 1.7395720954879648e-04
1906 9.3041992187500000e-01 3.8794211297139974e-03 3.7922623775455016e-03 8.7158752168495831e-05 3.8794211249390770e-03 3.7922623775455016e-03 8.7158747393575355e-05 7.7588422546530748e-03 7.5845247550910032e-03 1.7431749956207162e-04
1907 9.3090820312500000e-01 3.8304892372514792e-03 3.7431500905121436e-03 8.7339146739335606e-05 3.8304892324595784e-03 3.7431500905121436e-03 8.7339141947434789e-05 7.6609784697110571e-03 7.4863001810242871e-03 1.7467828868676996e-04
1908 9.3139648437500000e-01 3.7818225503289445e-03 3.6943027594673644e-03 8.7519790861580096e-05 3.7818225455131804e-03 3.6943027594673644e-03 8.7519786045815989e-05 7.5636450958421250e-03 7.3886055189347289e-03 1.7503957690739608e-04
1909 9.3188476562500000e-01 3.7334221589342301e-03 3.6457214744016015e-03 8.7700684532628515e-05 3.7334221541031566e-03 3.6457214744016015e-03 8.7700679701555040e-05 7.4668443130373862e-03 7.2914429488032031e-03 1.7540136423418312e-04
1910 9.3237304687500000e-01 3.6852891542888911e-03 3.5974073265397097e-03 8.7881827749181421e-05 3.6852891494386438e-03 3.5974073265397097e-03 8.7881822898934047e-05 7.3705783037275353e-03 7.1948146530794194e-03 1.7576365064811590e-04
1911 9.3286132812500000e-01 3.6374246288482311e-03 3.5493614083409609e-03 8.8063220507270199e-05 3.6374246239779928e-03 3.5493614083409609e-03 8.8063215637031872e-05 7.2748492528262234e-03 7.0987228166819218e-03 1.7612643614430164e-04
1912 9.3334960937500000e-01 3.5898296763012955e-03 3.5015848134990440e-03 8.8244862802251429e-05 3.5898296714086892e-03 3.5015848134990440e-03 8.8244857909645143e-05 7.1796593477099846e-03 7.0031696269980881e-03 1.7648972071189657e-04
1913 9.3383789062500000e-01 3.5425053915708652e-03 3.4540786369420665e-03 8.8426754628798641e-05 3.5425053866636582e-03 3.4540786369420665e-03 8.8426749721591622e-05 7.0850107782345229e-03 6.9081572738841331e-03 1.7685350435038983e-04
1914 9.3432617187500000e-01 3.4954528708134622e-03 3.4068439748325512e-03 8.8608895980910995e-05 3.4954528658829591e-03 3.4068439748325512e-03 8.8608891050407940e-05 6.9909057366964213e-03 6.8136879496651023e-03 1.7721778703131894e-04
1915 9.3481445312500000e-01 3.4486732114193536e-03 3.3598819245674399e-03 8.8791286851913707e-05 3.4486732064660415e-03 3.3598819245674399e-03 8.8791281898601641e-05 6.8973464178853951e-03 6.7197638491348797e-03 1.7758256875051535e-04
1916 9.3530273437500000e-01 3.4021675120125307e-03 3.3131935847780904e-03 8.8973927234440274e-05 3.4021675070410977e-03 3.3131935847780904e-03 8.8973922263007287e-05 6.8043350190536284e-03 6.6263871695561808e-03 1.7794784949744756e-04
1917 9.3579101562500000e-01 3.3559368724507283e-03 3.2667800553302781e-03 8.9156817120450253e-05 3.3559368674607490e-03 3.2667800553302781e-03 8.9156812130470903e-05 6.7118737399114777e-03 6.5335601106605561e-03 1.7831362925092159e-04
1918 9.3627929687500000e-01 3.3099823938254158e-03 3.2206424373241965e-03 8.9339956501219286e-05 3.3099823888149741e-03 3.2206424373241965e-03 8.9339951490777572e-05 6.6199647826403899e-03 6.4412848746483930e-03 1.7867990799199686e-04
1919 9.3676757812500000e-01 3.2643051784617947e-03 3.1747818330944548e-03 8.9523345367339968e-05 3.2643051734340687e-03 3.1747818330944548e-03 8.9523340339613903e-05 6.5286103518958638e-03 6.3495636661889095e-03 1.7904668570695430e-04
1920 9.3725585937500000e-01 3.2189063299188064e-03 3.1291993462100810e-03 8.9706983708725315e-05 3.2189063248684031e-03 3.1291993462100810e-03 8.9706978658322077e-05 6.4378126547872099e-03 6.2583986924201621e-03 1.7941396236704783e-04
1921 9.3774414062500000e-01 3.1737869529891182e-03 3.0838960814745194e-03 8.9890871514598791e-05 3.1737869479188025e-03 3.0838960814745194e-03 8.9890866444283096e-05 6.3475739009079208e-03 6.1677921629490389e-03 1.7978173795888189e-04
1922 9.3823242187500000e-01 3.1289481536991327e-03 3.0388731449256315e-03 9.0075008773501247e-05 3.1289481486106645e-03 3.0388731449256315e-03 9.0075003685032972e-05 6.2578963023097976e-03 6.0777462898512630e-03 1.8015001245853465e-04
1923 9.3872070312500000e-01 3.0843910393089841e-03 2.9941316438356971e-03 9.0259395473287016e-05 3.0843910341984194e-03 2.9941316438356971e-03 9.0259390362722267e-05 6.1687820735074035e-03 5.9882632876713943e-03 1.8051878583600928e-04
1924 9.3920898437500000e-01 3.0401167183125451e-03 2.9496726867114121e-03 9.0444031601133023e-05 3.0401167131830086e-03 2.9496726867114121e-03 9.0444026471596470e-05 6.0802334314955537e-03 5.8993453734228242e-03 1.8088805807272949e-04
1925 9.3969726562500000e-01 2.9961263004374063e-03 2.9054973832938901e-03 9.0628917143516230e-05 2.9961262952847654e-03 2.9054973832938901e-03 9.0628911990875329e-05 5.9922525957221712e-03 5.8109947665877801e-03 1.8125782913439113e-04
1926 9.4018554687500000e-01 2.9524208966448971e-03 2.8616068445586618e-03 9.0814052086235324e-05 2.9524208914765309e-03 2.8616068445586618e-03 9.0814046917869155e-05 5.9048417881214284e-03 5.7232136891173235e-03 1.8162809900410491e-04
1927 9.4067382812500000e-01 2.9090016191300654e-03 2.8180021827156759e-03 9.0999436414389463e-05 2.9090016139390637e-03 2.8180021827156759e-03 9.0999431223387755e-05 5.8180032330691286e-03 5.6360043654313519e-03 1.8199886763777678e-04
1928 9.4116210937500000e-01 2.8658695813216979e-03 2.7746845112092970e-03 9.1185070112400832e-05 2.8658695761094159e-03 2.7746845112092970e-03 9.1185064900118837e-05 5.7317391574311137e-03 5.5493690224185941e-03 1.8237013501251967e-04
1929 9.4165039062500000e-01 2.8230258978823031e-03 2.7316549447183084e-03 9.1370953163994687e-05 2.8230258926488063e-03 2.7316549447183084e-03 9.1370947930497892e-05 5.6460517905311093e-03 5.4633098894366168e-03 1.8274190109449258e-04
1930 9.4213867187500000e-01 2.7804716847081232e-03 2.6889145991559095e-03 9.1557085552213674e-05 2.7804716794556090e-03 2.6889145991559095e-03 9.1557080299699539e-05 5.5609433641637326e-03 5.3778291983118190e-03 1.8311416585191365e-04
1931 9.4262695312500000e-01 2.7382080589291131e-03 2.6464645916697178e-03 9.1743467259395271e-05 2.7382080536552497e-03 2.6464645916697178e-03 9.1743461985531894e-05 5.4764161125843633e-03 5.2929291833394357e-03 1.8348692924492760e-04
1932 9.4311523437500000e-01 2.6962361389089688e-03 2.6043060406417675e-03 9.1930098267201284e-05 2.6962361336168813e-03 2.6043060406417675e-03 9.1930092975113769e-05 5.3924722725258497e-03 5.2086120812835351e-03 1.8386019124231462e-04
1933 9.4360351562500000e-01 2.6545570442450990e-03 2.5624400656885102e-03 9.2116978556588784e-05 2.6545570389327530e-03 2.5624400656885102e-03 9.2116973244242735e-05 5.3091140831778520e-03 5.1248801313770204e-03 1.8423395180083152e-04
1934 9.4409179687500000e-01 2.6131718957686421e-03 2.5208677876608150e-03 9.2304108107827028e-05 2.6131718904351250e-03 2.5208677876608150e-03 9.2304102774309980e-05 5.2263437862037666e-03 5.0417355753216301e-03 1.8460821088213657e-04
1935 9.4458007812500000e-01 2.5720818155444583e-03 2.4795903286439678e-03 9.2491486900490513e-05 2.5720818101916559e-03 2.4795903286439678e-03 9.2491481547688111e-05 5.1441636257361142e-03 4.9591806572879355e-03 1.8498296844817862e-04
1936 9.4506835937500000e-01 2.5312879268711377e-03 2.4386088119576722e-03 9.2679114913465487e-05 2.5312879214977888e-03 2.4386088119576722e-03 9.2679109540116586e-05 5.0625758483689269e-03 4.8772176239153444e-03 1.8535822445358251e-04
1937 9.4555664062500000e-01 2.4907913542809731e-03 2.3979243621560487e-03 9.2866992124924358e-05 2.4907913488873726e-03 2.3979243621560487e-03 9.2866986731323861e-05 4.9815827031683456e-03 4.7958487243120974e-03 1.8573397885624822e-04
1938 9.4604492187500000e-01 2.4505932235399995e-03 2.3575381050276356e-03 9.3055118512363859e-05 2.4505932181257146e-03 2.3575381050276356e-03 9.3055113098078953e-05 4.9011864416657145e-03 4.7150762100552713e-03 1.8611023161044325e-04
1939 9.4653320312500000e-01 2.4106946616479609e-03 2.3174511675953880e-03 9.3243494052572956e-05 2.4106946562125974e-03 2.3174511675953880e-03 9.3243488617209425e-05 4.8213893178605579e-03 4.6349023351907759e-03 1.8648698266978195e-04
1940 9.4702148437500000e-01 2.3710967968383284e-03 2.2776646781166778e-03 9.3432118721650630e-05 2.3710967913855492e-03 2.2776646781166778e-03 9.3432113268871343e-05 4.7421935882238780e-03 4.5553293562333556e-03 1.8686423199052241e-04
1941 9.4750976562500000e-01 2.3318007585782872e-03 2.2381797660832952e-03 9.3620992494991995e-05 2.3318007531011199e-03 2.2381797660832952e-03 9.3620987017824665e-05 4.6636015116794070e-03 4.4763595321665904e-03 1.8724197951281666e-04
1942 9.4799804687500000e-01 2.2928076775687455e-03 2.1989975622214472e-03 9.3810115347298280e-05 2.2928076720732994e-03 2.1989975622214472e-03 9.3810109851852168e-05 4.5856153496420448e-03 4.3979951244428944e-03 1.8762022519915045e-04
1943 9.4848632812500000e-01 2.2541186857443218e-03 2.1601191984917576e-03 9.3999487252564243e-05 2.2541186802287347e-03 2.1601191984917576e-03 9.3999481736977124e-05 4.5082373659730566e-03 4.3202383969835152e-03 1.8799896898954137e-04
1944 9.4897460937500000e-01 2.2157349162733662e-03 2.1215458080892685e-03 9.4189108184097696e-05 2.2157349107364498e-03 2.1215458080892685e-03 9.4189102647181285e-05 4.4314698270098160e-03 4.2430916161785371e-03 1.8837821083127898e-04
1945 9.4946289062500000e-01 2.1776575035579305e-03 2.0832785254434384e-03 9.4378978114492175e-05 2.1776574979996757e-03 2.0832785254434384e-03 9.4378972556237364e-05 4.3553150015576067e-03 4.1665570508868767e-03 1.8875795067072997e-04
1946 9.4995117187500000e-01 2.1398875832337964e-03 2.0453184862181425e-03 9.4569097015653834e-05 2.1398875776556282e-03 2.0453184862181425e-03 9.4569091437485698e-05 4.2797751608894246e-03 4.0906369724362851e-03 1.8913818845313953e-04
1947 9.5043945312500000e-01 2.1024262921704538e-03 2.0076668273116753e-03 9.4759464858778456e-05 2.1024262865718684e-03 2.0076668273116753e-03 9.4759459260193059e-05 4.2048525787423217e-03 4.0153336546233506e-03 1.8951892411897108e-04
1948 9.5092773437500000e-01 2.0652747684711055e-03 1.9703246868567463e-03 9.4950081614359264e-05 2.0652747628514792e-03 1.9703246868567463e-03 9.4950075994732971e-05 4.1305495313225847e-03 3.9406493737134925e-03 1.8990015760909223e-04
1949 9.5141601562500000e-01 2.0284341514726794e-03 1.9332932042204838e-03 9.5140947252195587e-05 2.0284341458323947e-03 1.9332932042204838e-03 9.5140941611910907e-05 4.0568682973050746e-03 3.8665864084409677e-03 1.9028188886410693e-04
1950 9.5190429687500000e-01 1.9919055817458034e-03 1.8965735200044329e-03 9.5332061741370535e-05 1.9919055760857399e-03 1.8965735200044329e-03 9.5332056081306972e-05 3.9838111578315433e-03 3.7931470400088658e-03 1.9066411782267751e-04
1951 9.5239257812500000e-01 1.9556902010948343e-03 1.8601667760445553e-03 9.5523425050278964e-05 1.9556901954138977e-03 1.8601667760445553e-03 9.5523419369342340e-05 3.9113803965087320e-03 3.7203335520891107e-03 1.9104684441962130e-04
1952 9.5288085937500000e-01 1.9197891525578310e-03 1.8240741154112309e-03 9.5715037146600155e-05 1.9197891468570373e-03 1.8240741154112309e-03 9.5715031445806368e-05 3.8395782994148685e-03 3.6481482308224618e-03 1.9143006859240674e-04
1953 9.5336914062500000e-01 1.8842035804065703e-03 1.7882966824092565e-03 9.5906897997313865e-05 1.8842035746847528e-03 1.7882966824092565e-03 9.5906892275496314e-05 3.7684071550913231e-03 3.5765933648185129e-03 1.9181379027281018e-04
1954 9.5385742187500000e-01 1.8489346301465367e-03 1.7528356225778459e-03 9.6099007568690780e-05 1.8489346244025520e-03 1.7528356225778459e-03 9.6099001824706065e-05 3.6978692545490887e-03 3.5056712451556919e-03 1.9219800939339685e-04
1955 9.5434570312500000e-01 1.8139834485169284e-03 1.7176920826906309e-03 9.6291365826297508e-05 1.8139834427531138e-03 1.7176920826906309e-03 9.6291360062482952e-05 3.6279668912700420e-03 3.4353841653812617e-03 1.9258272588878024e-04
1956 9.5483398437500000e-01 1.7793511834906541e-03 1.6828672107556595e-03 9.6483972734994622e-05 1.7793511777056870e-03 1.6828672107556595e-03 9.6483966950027499e-05 3.5587023611963410e-03 3.3657344215113189e-03 1.9296793968502212e-04
1957 9.5532226562500000e-01 1.7450389842743332e-03 1.6483621560153977e-03 9.6676828258935579e-05 1.7450389784698587e-03 1.6483621560153977e-03 9.6676822454461056e-05 3.4900779627441919e-03 3.2967243120307953e-03 1.9335365071339664e-04
1958 9.5581054687500000e-01 1.7110480013082931e-03 1.6141780689467285e-03 9.6869932361564551e-05 1.7110479954819339e-03 1.6141780689467285e-03 9.6869926535205408e-05 3.4220959967902267e-03 3.2283561378934570e-03 1.9373985889676974e-04
1959 9.5629882812500000e-01 1.6773793862665722e-03 1.5803161012609523e-03 9.7063285005619896e-05 1.6773793804208490e-03 1.5803161012609523e-03 9.7063279159896685e-05 3.3547587666874212e-03 3.1606322025219047e-03 1.9412656416551658e-04
1960 9.5678710937500000e-01 1.6440342920569207e-03 1.5467774059037868e-03 9.7256886153133937e-05 1.6440342861888549e-03 1.5467774059037868e-03 9.7256880285068138e-05 3.2880685782457758e-03 3.0935548118075735e-03 1.9451376643820229e-04
1961 9.5727539062500000e-01 1.6110138728207921e-03 1.5135631370553667e-03 9.7450735765425376e-05 1.6110138669332065e-03 1.5135631370553667e-03 9.7450729877839818e-05 3.2220277397539986e-03 3.0271262741107335e-03 1.9490146564326519e-04
1962 9.5776367187500000e-01 1.5783192839333470e-03 1.4806744501302440e-03 9.7644833803102980e-05 1.5783192780249777e-03 1.4806744501302440e-03 9.7644827894733700e-05 3.1566385619583247e-03 2.9613489002604881e-03 1.9528966169783668e-04
1963 9.5825195312500000e-01 1.5459516820034557e-03 1.4481125017773882e-03 9.7839180226067532e-05 1.5459516760736012e-03 1.4481125017773882e-03 9.7839174296213052e-05 3.0919033580770567e-03 2.8962250035547764e-03 1.9567835452228037e-04
1964 9.5874023437500000e-01 1.5139122248736953e-03 1.4158784498801858e-03 9.8033774993509445e-05 1.5139122189216474e-03 1.4158784498801858e-03 9.8033769041461563e-05 3.0278244437953426e-03 2.8317568997603716e-03 1.9606754403497101e-04
1965 9.5922851562500000e-01 1.4822020716203478e-03 1.3839734535564406e-03 9.8228618063907246e-05 1.4822020656488325e-03 1.3839734535564406e-03 9.8228612092391863e-05 2.9644041372691803e-03 2.7679469071128812e-03 1.9645723015629911e-04
1966 9.5971679687500000e-01 1.4508223825534018e-03 1.3523986731583740e-03 9.8423709395027790e-05 1.4508223765607449e-03 1.3523986731583740e-03 9.8423703402370898e-05 2.9016447591141466e-03 2.7047973463167480e-03 1.9684741279739869e-04
1967 9.6020507812500000e-01 1.4197743192165524e-03 1.3211552702726240e-03 9.8619048943928431e-05 1.4197743132024377e-03 1.3211552702726240e-03 9.8619042929813661e-05 2.8395486324189903e-03 2.6423105405452480e-03 1.9723809187374231e-04
1968 9.6069335937500000e-01 1.3890590443871979e-03 1.2902444077202463e-03 9.8814636666951601e-05 1.3890590383514524e-03 1.2902444077202463e-03 9.8814630631206130e-05 2.7781180827386506e-03 2.5804888154404926e-03 1.9762926729815795e-04
1969 9.6118164062500000e-01 1.3586777220764416e-03 1.2596672495567142e-03 9.9010472519727409e-05 1.3586777160213516e-03 1.2596672495567142e-03 9.9010466464637386e-05 2.7173554380977931e-03 2.5193344991134283e-03 1.9802093898436480e-04
1970 9.6166992187500000e-01 1.3286315175290904e-03 1.2294249610719174e-03 9.9206556457172995e-05 1.3286315114518494e-03 1.2294249610719174e-03 9.9206550379932071e-05 2.6572630289809400e-03 2.4588499221438347e-03 1.9841310683710528e-04
1971 9.6215820312500000e-01 1.2989215972236553e-03 1.1995187087901632e-03 9.9402888433492093e-05 1.2989215911262148e-03 1.1995187087901632e-03 9.9402882336051615e-05 2.5978431883498703e-03 2.3990374175803264e-03 1.9880577076954392e-04
1972 9.6264648437500000e-01 1.2695491288723481e-03 1.1699496604701768e-03 9.9599468402171345e-05 1.2695491227528999e-03 1.1699496604701768e-03 9.9599462282723081e-05 2.5390982516252480e-03 2.3398993209403536e-03 1.9919893068489443e-04
1973 9.6313476562500000e-01 1.2405152814210848e-03 1.1407189851050997e-03 9.9796296315985073e-05 1.2405152752805180e-03 1.1407189851050997e-03 9.9796290175418285e-05 2.4810305567016027e-03 2.2814379702101994e-03 1.9959258649140336e-04
1974 9.6362304687500000e-01 1.2118212250494869e-03 1.1118278529224910e-03 9.9993372126995928e-05 1.2118212188869117e-03 1.1118278529224910e-03 9.9993365964420704e-05 2.4236424439363987e-03 2.2236557058449820e-03 1.9998673809141663e-04
1975 9.6411132812500000e-01 1.1834681311708715e-03 1.0832774353843274e-03 1.0019069578654405e-04 1.1834681249886401e-03 1.0832774353843274e-03 1.0019068960431267e-04 2.3669362561595116e-03 2.1665548707686549e-03 2.0038138539085672e-04
1976 9.6459960937500000e-01 1.1554571724322600e-03 1.0550689051870023e-03 1.0038826724525769e-04 1.1554571662283268e-03 1.0550689051870023e-03 1.0038826104132449e-04 2.3109143386605868e-03 2.1101378103740047e-03 2.0077652828658218e-04
1977 9.6508789062500000e-01 1.1277895227143747e-03 1.0272034362613269e-03 1.0058608645304779e-04 1.1277895164894171e-03 1.0272034362613269e-03 1.0058608022809018e-04 2.2555790392037919e-03 2.0544068725226539e-03 2.0117216668113797e-04
1978 9.6557617187500000e-01 1.1004663571316398e-03 9.9968220377252945e-04 1.0078415335911038e-04 1.1004663508847755e-03 9.9968220377252945e-04 1.0078414711224603e-04 2.2009327080164155e-03 1.9993644075450589e-03 2.0156830047135662e-04
1979 9.6606445312500000e-01 1.0734888520321760e-03 9.7250638412025496e-04 1.0098246791192102e-04 1.0734888457640821e-03 9.7250638412025496e-04 1.0098246164382712e-04 2.1469776977962578e-03 1.9450127682405099e-03 2.0196492955574792e-04
1980 9.6655273437500000e-01 1.0468581849978071e-03 9.4567715493856655e-04 1.0118103005924057e-04 1.0468581787085988e-03 9.4567715493856655e-04 1.0118102377003227e-04 2.0937163637064059e-03 1.8913543098771331e-03 2.0236205382927284e-04
1981 9.6704101562500000e-01 1.0205755348440544e-03 9.1919569509594406e-04 1.0137983974811032e-04 1.0205755285341033e-03 9.1919569509594406e-04 1.0137983343815927e-04 2.0411510633781575e-03 1.8383913901918881e-03 2.0275967318626937e-04
1982 9.6752929687500000e-01 9.9464208162013839e-04 8.9306318469528460e-04 1.0157889692485379e-04 9.9464207528751993e-04 8.9306318469528460e-04 1.0157889059223533e-04 1.9892841569076583e-03 1.7861263693905692e-03 2.0315778751708912e-04
1983 9.6801757812500000e-01 9.6905900660897669e-04 8.6728080507390273e-04 1.0177820153507396e-04 9.6905900025507979e-04 8.6728080507390273e-04 1.0177819518117706e-04 1.9381180068640566e-03 1.7345616101478055e-03 2.0355639671625113e-04
1984 9.6850585937500000e-01 9.4382749232718906e-04 8.4184973880353027e-04 1.0197775352365878e-04 9.4382748595239535e-04 8.4184973880353027e-04 1.0197774714886508e-04 1.8876549782795844e-03 1.6836994776070605e-03 2.0395550067252386e-04
1985 9.6899414062500000e-01 9.1894872252508994e-04 8.1677116969031604e-04 1.0217755283477390e-04 9.1894871612830937e-04 8.1677116969031604e-04 1.0217754643799333e-04 1.8378974386533994e-03 1.6335423393806321e-03 2.0435509927276734e-04
1986 9.6948242187500000e-01 8.9442388218669271e-04 7.9204628277482637e-04 1.0237759941186635e-04 8.9442387576903356e-04 7.9204628277482637e-04 1.0237759299420719e-04 1.7888477579557263e-03 1.5840925655496527e-03 2.0475519240607354e-04
1987 9.6997070312500000e-01 8.7025415752970715e-04 7.6767626433204476e-04 1.0257789319766239e-04 8.7025415109030725e-04 7.6767626433204476e-04 1.0257788675826249e-04 1.7405083086200145e-03 1.5353525286640895e-03 2.0515577995592498e-04
1988 9.7045898437500000e-01 8.4644073600553956e-04 7.4366230187137194e-04 1.0277843413416762e-04 8.4644072954507285e-04 7.4366230187137194e-04 1.0277842767370091e-04 1.6928814655506124e-03 1.4873246037427439e-03 2.0555686180786853e-04
1989 9.7094726562500000e-01 8.2298480629929352e-04 7.2000558413662602e-04 1.0297922216266750e-04 8.2298479981760160e-04 7.2000558413662602e-04 1.0297921568097558e-04 1.6459696061168951e-03 1.4400111682732520e-03 2.0595843784364308e-04
1990 9.7143554687500000e-01 7.9988755832976761e-04 6.9670730110604209e-04 1.0318025722372553e-04 7.9988755182557438e-04 6.9670730110604209e-04 1.0318025071953229e-04 1.5997751101553420e-03 1.3934146022120842e-03 2.0636050794325782e-04
1991 9.7192382812500000e-01 7.7715018324945673e-04 6.7376864399227286e-04 1.0338153925718387e-04 7.7715017672443760e-04 6.7376864399227286e-04 1.0338153273216474e-04 1.5543003599738942e-03 1.3475372879845457e-03 2.0676307198934851e-04
1992 9.7241210937500000e-01 7.5477387344455272e-04 6.5119080524238802e-04 1.0358306820216470e-04 7.5477386689791904e-04 6.5119080524238802e-04 1.0358306165553102e-04 1.5095477403424718e-03 1.3023816104847760e-03 2.0716612985769572e-04
1993 9.7290039062500000e-01 7.3275982253494037e-04 6.2897497853787456e-04 1.0378484399706581e-04 7.3275981596665474e-04 6.2897497853787456e-04 1.0378483742878018e-04 1.4655196385015951e-03 1.2579499570757491e-03 2.0756968142584598e-04
1994 9.7338867187500000e-01 7.1110922537420045e-04 6.0712235879463688e-04 1.0398686657956356e-04 7.1110921878415976e-04 6.0712235879463688e-04 1.0398685998952288e-04 1.4222184441583601e-03 1.2142447175892738e-03 2.0797372656908633e-04
1995 9.7387695312500000e-01 6.8982327804960862e-04 5.8563414216299657e-04 1.0418913588661205e-04 6.8982327143778349e-04 5.8563414216299657e-04 1.0418912927478692e-04 1.3796465494873922e-03 1.1712682843259931e-03 2.0837826516139908e-04
1996 9.7436523437500000e-01 6.6890317788213284e-04 5.6451152602769229e-04 1.0439165185444055e-04 6.6890317124921792e-04 5.6451152602769229e-04 1.0439164522152563e-04 1.3378063491313508e-03 1.1290230520553846e-03 2.0878329707596619e-04
1997 9.7485351562500000e-01 6.4835012342643727e-04 5.4375570900788012e-04 1.0459441441855715e-04 6.4835011677101680e-04 5.4375570900788012e-04 1.0459440776313669e-04 1.2967002401974540e-03 1.0875114180157602e-03 2.0918882218169373e-04
1998 9.7534179687500000e-01 6.2816531447087921e-04 5.2336789095713354e-04 1.0479742351374567e-04 6.2816530779430195e-04 5.2336789095713354e-04 1.0479741683716841e-04 1.2563306222651812e-03 1.0467357819142671e-03 2.0959484035091409e-04
1999 9.7583007812500000e-01 6.0834995203750937e-04 5.0334927296344302e-04 1.0500067907406635e-04 6.0834994533872885e-04 5.0334927296344302e-04 1.0500067237528582e-04 1.2166998973762383e-03 1.0066985459268860e-03 2.1000135144935228e-04
2000 9.7631835937500000e-01 5.8890523838207095e-04 4.8370105734921637e-04 1.0520418103285458e-04 5.8890523166159467e-04 4.8370105734921637e-04 1.0520417431237830e-04 1.1778104700436655e-03 9.6740211469843274e-04 2.1040835534523277e-04
2001 9.7680664062500000e-01 5.6983237699400095e-04 4.6442444767127869e-04 1.0540792932272225e-04 5.6983237025166715e-04 4.6442444767127869e-04 1.0540792258038846e-04 1.1396647472456680e-03 9.2884889534255739e-04 2.1081585190311060e-04
2002 9.7729492187500000e-01 5.5113257259642760e-04 4.4552064872087241e-04 1.0561192387555519e-04 5.5113256583266953e-04 4.4552064872087241e-04 1.0561191711179712e-04 1.1022651384290970e-03 8.9104129744174481e-04 2.1122384098735221e-04
2003 9.7778320312500000e-01 5.3280703114617271e-04 4.2699086652365706e-04 1.0581616462251566e-04 5.3280702436062999e-04 4.2699086652365706e-04 1.0581615783697293e-04 1.0656140555068026e-03 8.5398173304731412e-04 2.1163232245948848e-04
2004 9.7827148437500000e-01 5.1485695983375041e-04 4.0883630833970949e-04 1.0602065149404092e-04 5.1485695302616195e-04 4.0883630833970949e-04 1.0602064468645246e-04 1.0297139128599125e-03 8.1767261667941898e-04 2.1204129618049349e-04
2005 9.7875976562500000e-01 4.9728356708336697e-04 3.9105818266352391e-04 1.0622538441984307e-04 4.9728356025409090e-04 3.9105818266352391e-04 1.0622537759056699e-04 9.9456712733745787e-04 7.8211636532704782e-04 2.1245076201041005e-04
2006 9.7924804687500000e-01 4.8008806255291835e-04 3.7365769922401159e-04 1.0643036332890675e-04 4.8008805570168842e-04 3.7365769922401159e-04 1.0643035647767683e-04 9.6017611825460671e-04 7.4731539844802319e-04 2.1286071980658352e-04
2007 9.7973632812500000e-01 4.6327165713399350e-04 3.5663606898450124e-04 1.0663558814949227e-04 4.6327165026087327e-04 3.5663606898450124e-04 1.0663558127637203e-04 9.2654330739486677e-04 7.1327213796900247e-04 2.1327116942586430e-04
2008 9.8022460937500000e-01 4.4683556295187335e-04 3.3999450414273866e-04 1.0684105880913469e-04 4.4683555605666862e-04 3.3999450414273866e-04 1.0684105191392996e-04 8.9367111900854192e-04 6.7998900828547732e-04 2.1368211072306459e-04
2009 9.8071289062500000e-01 4.3078099336552777e-04 3.2373421813088705e-04 1.0704677523464071e-04 4.3078098644855676e-04 3.2373421813088705e-04 1.0704676831766970e-04 8.6156197981408452e-04 6.4746843626177410e-04 2.1409354355231042e-04
2010 9.8120117187500000e-01 4.1510916296761920e-04 3.0785642561552683e-04 1.0725273735209237e-04 4.1510915602836730e-04 3.0785642561552683e-04 1.0725273041284046e-04 8.3021831899598650e-04 6.1571285123105367e-04 2.1450546776493283e-04
2011 9.8168945312500000e-01 3.9982128758450012e-04 2.9236234249765562e-04 1.0745894508684450e-04 3.9982128062364755e-04 2.9236234249765562e-04 1.0745893812599193e-04 7.9964256820814767e-04 5.8472468499531124e-04 2.1491788321283643e-04
2012 9.8217773437500000e-01 3.8491858427621345e-04 2.7725318591268838e-04 1.0766539836352506e-04 3.8491857729334192e-04 2.7725318591268838e-04 1.0766539138065353e-04 7.6983716156955536e-04 5.5450637182537677e-04 2.1533078974417860e-04
2013 9.8266601562500000e-01 3.7040227133649151e-04 2.6253017423045723e-04 1.0787209710603427e-04 3.7040226433120610e-04 2.6253017423045723e-04 1.0787209010074887e-04 7.4080453566769755e-04 5.2506034846091447e-04 2.1574418720678309e-04
2014 9.8315429687500000e-01 3.5627356829275822e-04 2.4819452705521157e-04 1.0807904123754665e-04 3.5627356126554874e-04 2.4819452705521157e-04 1.0807903421033717e-04 7.1254712955830701e-04 4.9638905411042314e-04 2.1615807544788387e-04
2015 9.8364257812500000e-01 3.4253369590612614e-04 2.3424746522561816e-04 1.0828623068050798e-04 3.4253368885687449e-04 2.3424746522561816e-04 1.0828622363125633e-04 6.8506738476300068e-04 4.6849493045123631e-04 2.1657245431176437e-04
2016 9.8413085937500000e-01 3.2918387617139833e-04 2.2069021081476089e-04 1.0849366535663744e-04 3.2918386909988850e-04 2.2069021081476089e-04 1.0849365828512761e-04 6.5836774527128683e-04 4.4138042162952178e-04 2.1698732364176505e-04
2017 9.8461914062500000e-01 3.1622533231706710e-04 2.0752398713014099e-04 1.0870134518692611e-04 3.1622532522358336e-04 2.0752398713014099e-04 1.0870133809344238e-04 6.3245065754065051e-04 4.1504797426028197e-04 2.1740268328036854e-04
2018 9.8510742187500000e-01 3.0365928880531372e-04 1.9475001871367687e-04 1.0890927009163685e-04 3.0365928168948957e-04 1.9475001871367687e-04 1.0890926297581270e-04 6.0731857049480323e-04 3.8950003742735373e-04 2.1781853306744950e-04
2019 9.8559570312500000e-01 2.9148697133200911e-04 1.8236953134170427e-04 1.0911743999030484e-04 2.9148696419442892e-04 1.8236953134170427e-04 1.0911743285272466e-04 5.8297393552643809e-04 3.6473906268340853e-04 2.1823487284302955e-04
2020 9.8608398437500000e-01 2.7970960682671301e-04 1.7038375202497614e-04 1.0932585480173687e-04 2.7970959966674205e-04 1.7038375202497614e-04 1.0932584764176590e-04 5.5941920649345506e-04 3.4076750404995229e-04 2.1865170244350277e-04
2021 9.8657226562500000e-01 2.6832842345267470e-04 1.5879390900866273e-04 1.0953451444401197e-04 2.6832841627040267e-04 1.5879390900866273e-04 1.0953450726173994e-04 5.3665683972307736e-04 3.1758781801732546e-04 2.1906902170575190e-04
2022 9.8706054687500000e-01 2.5734465060683193e-04 1.4760123177235147e-04 1.0974341883448045e-04 2.5734464340217774e-04 1.4760123177235147e-04 1.0974341162982626e-04 5.1468929400900966e-04 2.9520246354470294e-04 2.1948683046430672e-04
2023 9.8754882812500000e-01 2.4675951891981119e-04 1.3680695103004714e-04 1.0995256788976404e-04 2.4675951169290575e-04 1.3680695103004714e-04 1.0995256066285861e-04 4.9351903061271699e-04 2.7361390206009429e-04 2.1990512855262271e-04
2024 9.8803710937500000e-01 2.3657426025592714e-04 1.2641229873017171e-04 1.1016196152575542e-04 2.3657425300691214e-04 1.2641229873017171e-04 1.1016195427674042e-04 4.7314851326283930e-04 2.5282459746034342e-04 2.2032391580249587e-04
2025 9.8852539062500000e-01 2.2679010771318393e-04 1.1641850805556441e-04 1.1037159965761952e-04 2.2679010044189183e-04 1.1641850805556441e-04 1.1037159238632741e-04 4.5358020815507573e-04 2.3283701611112882e-04 2.2074319204394690e-04
2026 9.8901367187500000e-01 2.1740829562327308e-04 1.0682681342348178e-04 1.1058148219979130e-04 2.1740828832958594e-04 1.0682681342348178e-04 1.1058147490610416e-04 4.3481658395285903e-04 2.1365362684696356e-04 2.2116295710589547e-04
2027 9.8950195312500000e-01 2.0843005955157475e-04 9.7638450485597572e-05 1.1079160906597718e-04 2.0843005223543184e-04 9.7638450485597572e-05 1.1079160174983426e-04 4.1686011178700659e-04 1.9527690097119514e-04 2.2158321081581145e-04
2028 9.8999023437500000e-01 1.9985663629715718e-04 8.8854656128002787e-05 1.1100198016915439e-04 1.9985662895881186e-04 8.8854656128002787e-05 1.1100197283080908e-04 3.9971326525596904e-04 1.7770931225600557e-04 2.2200395299996347e-04
2029 9.9047851562500000e-01 1.9168926389277711e-04 8.0476668471205710e-05 1.1121259542157140e-04 1.9168925653190860e-04 8.0476668471205710e-05 1.1121258806070289e-04 3.8337852042468574e-04 1.6095333694241142e-04 2.2242518348227432e-04
2030 9.9096679687500000e-01 1.8392918160487894e-04 7.2505726870131885e-05 1.1142345473474706e-04 1.8392917422163323e-04 7.2505726870131885e-05 1.1142344735150135e-04 3.6785835582651218e-04 1.4501145374026377e-04 2.2284690208624841e-04
2031 9.9145507812500000e-01 1.7657762993359473e-04 6.4943071914124075e-05 1.1163455801947066e-04 1.7657762252786831e-04 6.4943071914124075e-05 1.1163455061374424e-04 3.5315525246146305e-04 1.2988614382824815e-04 2.2326910863321490e-04
2032 9.9194335937500000e-01 1.6963585061274491e-04 5.7789945426942326e-05 1.1184590518580259e-04 1.6963584318460787e-04 5.7789945426942326e-05 1.1184589775766554e-04 3.3927169379735278e-04 1.1557989085388465e-04 2.2369180294346813e-04
2033 9.9243164062500000e-01 1.6310508660983761e-04 5.1047590466763951e-05 1.1205749614307366e-04 1.6310507915925394e-04 5.1047590466763951e-05 1.1205748869249000e-04 3.2621016576909155e-04 1.0209518093352790e-04 2.2411498483556366e-04
2034 9.9291992187500000e-01 1.5698658212606837e-04 4.4717251326183503e-05 1.1226933079988487e-04 1.5698657465290820e-04 4.4717251326183503e-05 1.1226932332672471e-04 3.1397315677897657e-04 8.9434502652367006e-05 2.2453865412660958e-04
2035 9.9340820312500000e-01 1.5128158259632087e-04 3.8800173532212784e-05 1.1248140906410808e-04 1.5128157510073195e-04 3.8800173532212784e-05 1.1248140156851916e-04 3.0256315769705284e-04 7.7600347064425568e-05 2.2496281063262726e-04
2036 9.9389648437500000e-01 1.4599133468916621e-04 3.3297603846280883e-05 1.1269373084288533e-04 1.4599132717077216e-04 3.3297603846280883e-05 1.1269372332449127e-04 2.9198266185993837e-04 6.6595207692561766e-05 2.2538745416737660e-04
2037 9.9438476562500000e-01 1.4111708630686312e-04 2.8210790264234107e-05 1.1290629604262902e-04 1.4111707876609386e-04 2.8210790264234107e-05 1.1290628850185976e-04 2.8223416507295695e-04 5.6421580528468214e-05 2.2581258454448875e-04
2038 9.9487304687500000e-01 1.3666008658535806e-04 2.3540982016336048e-05 1.1311910456902202e-04 1.3666007902197490e-04 2.3540982016336048e-05 1.1311909700563886e-04 2.7332016560733293e-04 4.7081964032672096e-05 2.2623820157466085e-04
2039 9.9536132812500000e-01 1.3262158589428494e-04 1.9289429567267544e-05 1.1333215632701739e-04 1.3262157830823480e-04 1.9289429567267544e-05 1.1333214874096725e-04 2.6524316420251971e-04 3.8578859134535089e-05 2.2666430506798461e-04
2040 9.9584960937500000e-01 1.2900283583696520e-04 1.5457384616126689e-05 1.1354545122083851e-04 1.2900282822821693e-04 1.5457384616126689e-05 1.1354544361209024e-04 2.5800566406518214e-04 3.0914769232253377e-05 2.2709089483292875e-04
2041 9.9633789062500000e-01 1.2580508925040805e-04 1.2046100096428834e-05 1.1375898915397922e-04 1.2580508161902585e-04 1.2046100096428834e-05 1.1375898152259701e-04 2.5161017086943393e-04 2.4092200192857668e-05 2.2751797067657625e-04
2042 9.9682617187500000e-01 1.2302960020530985e-04 9.0568301761065911e-06 1.1397277002920327e-04 1.2302959255118228e-04 9.0568301761065911e-06 1.1397276237507569e-04 2.4605919275649216e-04 1.8113660352213182e-05 2.2794553240427899e-04
2043 9.9731445312500000e-01 1.2067762400605478e-04 6.4908302575098238e-06 1.1418679374854495e-04 1.2067761632858539e-04 6.4908302575098238e-06 1.1418678607107556e-04 2.4135524033464016e-04 1.2981660515019648e-05 2.2837357981962052e-04
2044 9.9780273437500000e-01 1.1875041719071436e-04 4.3493569774056520e-06 1.1440106021330871e-04 1.1875040947914158e-04 4.3493569774056520e-06 1.1440105250173593e-04 2.3750082666985594e-04 8.6987139548113041e-06 2.2880211271504464e-04
2045 9.9829101562500000e-01 1.1724923753104803e-04 2.6336682069784547e-06 1.1461556932406958e-04 1.1724922963902886e-04 2.6336682069784547e-06 1.1461556143205041e-04 2.3449846717007691e-04 5.2673364139569094e-06 2.2923113075612000e-04
2046 9.9877929687500000e-01 1.1617534403250247e-04 1.3450230518298667e-06 1.1483032098067261e-04 1.1617533453054827e-04 1.3450230518298667e-06 1.1483031147871841e-04 2.3235067856305073e-04 2.6900461036597333e-06 2.2966063245939100e-04
2047 9.9926757812500000e-01 1.1552999693421336e-04 4.8468185197877845e-07 1.1504531508223459e-04 1.1552999202455339e-04 4.8468185197877845e-07 1.1504531017257462e-04 2.3105998895876675e-04 9.6936370395755691e-07 2.3009062525480921e-04
2048 9.9975585937500000e-01 1.1531445770901155e-04 5.3906181861337839e-08 1.1526055152715021e-04 1.1531446067012291e-04 5.3906181861337839e-08 1.1526055448826157e-04 2.3062891837913446e-04 1.0781236372267568e-07 2.3052110601541178e-04
