# P x u_num u_exact u_err v_num v_exact v_err psi_num psi_exact psi_err
1 0.0009765625 0.001128637286150631 0.00112863821949807 -9.333474397001107e-10 0.001128636564064587 0.00112863821949807 -1.655433483653199e-09 0.002257273850215217 0.002257276438996141 -2.58878092357015e-09
2 0.0029296875 0.003385879557125288 0.003385872165903157 7.391222131298419e-09 0.003385879118030945 0.003385872165903157 6.952127788815293e-09 0.006771758675156233 0.006771744331806313 1.434334992011371e-08
3 0.0048828125 0.005642994351841778 0.005642978636134898 1.571570687995683e-08 0.005642994194320165 0.005642978636134898 1.555818526701586e-08 0.01128598854616194 0.0112859572722698 3.127389214610532e-08
4 0.0068359375 0.007899896691354529 0.007899872651410416 2.403994411349919e-08 0.007899896813371846 0.007899872651410416 2.41619614298888e-08 0.01579979350472637 0.01579974530282083 4.820190554338799e-08
5 0.0087890625 0.01015650160385555 0.01015646924094563 3.236290991963375e-08 0.01015650200620817 0.01015646924094563 3.276526253440104e-08 0.02031300361006372 0.02031293848189126 6.512817245576952e-08
6 0.0107421875 0.01241272413004766 0.01241268344515438 4.068489327553604e-08 0.0124127248111107 0.01241268344515438 4.136595631483442e-08 0.02482544894115836 0.02482536689030877 8.205084959037046e-08
7 0.0126953125 0.01466847932240587 0.01466843031884711 4.90035587646237e-08 0.01466848028863121 0.01466843031884711 4.99697840987412e-08 0.02933695961103708 0.02933686063769422 9.897334286163018e-08
8 0.0146484375 0.01692368225483065 0.01692362493442895 5.732040169251218e-08 0.01692368350542419 0.01692362493442895 5.857099524136933e-08 0.03384736576025484 0.03384724986885791 1.158913969304121e-07
9 0.0166015625 0.01917824802133827 0.01917818238509729 6.563624097705167e-08 0.01917824955096545 0.01917818238509729 6.716586815544434e-08 0.03835649757230372 0.03835636477019459 1.328021091359655e-07
10 0.0185546875 0.02143209173800769 0.02143201778803838 7.394996930781828e-08 0.0214320935444991 0.02143201778803838 7.575646071913966e-08 0.04286418528250679 0.04286403557607676 1.497064300304274e-07
11 0.0205078125 0.02368512854729808 0.02368504628762318 8.225967489811081e-08 0.02368513063486776 0.02368504628762318 8.434724457773157e-08 0.04737025918216584 0.04737009257524637 1.666069194758424e-07
12 0.0224609375 0.02593727362610737 0.02593718305860209 9.05675052800814e-08 0.02593727598911586 0.02593718305860209 9.293051377035066e-08 0.05187454961522323 0.05187436611720418 1.834980190504321e-07
13 0.0244140625 0.02818844217771769 0.0281883433092986 9.886841909056976e-08 0.02818844482942847 0.0281883433092986 1.015201298651403e-07 0.05637688700714616 0.0563766866185972 2.0038854895571e-07
14 0.0263671875 0.03043854945086424 0.03043844228480163 1.07166062614239e-07 0.03043855238869336 0.03043844228480163 1.101038917331043e-07 0.06087710183955761 0.06087688456960326 2.172699543473433e-07
15 0.0283203125 0.03268751073204555 0.03268739527015652 1.154618890289449e-07 0.03268751394633449 0.03268739527015652 1.186761779750634e-07 0.06537502467838004 0.06537479054031303 2.341380670040083e-07
16 0.0302734375 0.0349352413475111 0.03493511759355446 1.237539566309453e-07 0.03493524483510706 0.03493511759355446 1.272415525929715e-07 0.06987048618261815 0.06987023518710893 2.509955092239169e-07
17 0.0322265625 0.0371816566689058 0.03718152462952043 1.320393853698754e-07 0.03718166043691604 0.03718152462952043 1.358073956139738e-07 0.07436331710582184 0.07436304925904086 2.678467809769103e-07
18 0.0341796875 0.03942667212388785 0.03942653180209918 1.403217886677965e-07 0.03942667616370614 0.03942653180209918 1.443616069601861e-07 0.07885334828759399 0.07885306360419836 2.846833956349215e-07
19 0.0361328125 0.04167020318171856 0.04167005458803954 1.485936790210363e-07 0.04167020751343037 0.04167005458803954 1.529253908297279e-07 0.08334041069514893 0.08334010917607908 3.015190698507642e-07
20 0.0380859375 0.04391216538084576 0.04391200851997667 1.568608690924456e-07 0.04391217000002794 0.04391200851997667 1.614800512750314e-07 0.0878243353808737 0.08782401703995334 3.183409203605381e-07
21 0.0400390625 0.04615247431503831 0.0461523091896122 1.651254261172963e-07 0.04615247920774116 0.0461523091896122 1.700181289643332e-07 0.09230495352277948 0.09230461837922439 3.351435550885684e-07
22 0.0419921875 0.04839104563546911 0.04839087225089213 1.733845769805176e-07 0.0483910507975791 0.04839087225089213 1.785466869769214e-07 0.09678209643304822 0.09678174450178426 3.519312639643779e-07
23 0.0439453125 0.05062779505766754 0.05062761342318243 1.816344851121587e-07 0.0506278004991628 0.05062761342318243 1.870759803734856e-07 0.1012555955568303 0.1012552268463649 3.687104654787055e-07
24 0.0458984375 0.05286263837467203 0.05286244849444221 1.898802298172519e-07 0.05286264408395885 0.05286244849444221 1.955895166383392e-07 0.1057252824586309 0.1057248969888844 3.854697464555912e-07
25 0.0478515625 0.05509549143627835 0.05509529332439413 1.981118842170337e-07 0.05509549744021801 0.05509529332439413 2.04115823874973e-07 0.1101909888764964 0.1101905866487883 4.022277080989456e-07
26 0.0498046875 0.05732627018508224 0.05732606384769239 2.063373898478216e-07 0.05732627647751801 0.05732606384769239 2.126298256216463e-07 0.1146525466626002 0.1146521276953848 4.18967215462529e-07
27 0.0517578125 0.05955489063656504 0.05955467607708759 2.145594774488613e-07 0.05955489719916583 0.05955467607708759 2.211220782311063e-07 0.1191097878357309 0.1191093521541752 4.356815556799676e-07
28 0.0537109375 0.06178126888110137 0.06178104610658895 2.227745124205871e-07 0.06178127570882454 0.06178104610658895 2.296022355990912e-07 0.1235625445899259 0.1235620922131779 4.523767480196783e-07
29 0.0556640625 0.06400532109232092 0.06400509011462317 2.309776977460487e-07 0.06400532819806413 0.06400509011462317 2.380834409621002e-07 0.1280106492903851 0.1280101802292463 4.690611387081489e-07
30 0.0576171875 0.06622696354277489 0.0662267243671904 2.391755844904919e-07 0.06622697091198405 0.0662267243671904 2.465447936500498e-07 0.1324539344547589 0.1324534487343808 4.857203781405417e-07
31 0.0595703125 0.06844611257685508 0.0684458652210167 2.473558383814245e-07 0.06844612024306829 0.0684458652210167 2.550220515873391e-07 0.1368922328199234 0.1368917304420334 5.023778899548859e-07
32 0.0615234375 0.07066268465520721 0.07066242912670319 2.555285040228839e-07 0.07066269261053988 0.07066242912670319 2.63483836693279e-07 0.1413253772657471 0.1413248582534064 5.190123407161629e-07
33 0.0634765625 0.0728765963288172 0.07287633263187161 2.636969455849236e-07 0.07287660455068443 0.07287633263187161 2.719188128136318e-07 0.1457532008795016 0.1457526652637432 5.356157583846777e-07
34 0.0654296875 0.07508776424103215 0.07508749238430634 2.718567258114257e-07 0.07508777272335648 0.07508749238430634 2.803390501404657e-07 0.1501755369643886 0.1501749847686127 5.521957759380136e-07
35 0.0673828125 0.07729610513716109 0.07729582513509241 2.800020686838378e-07 0.07729611389573031 0.07729582513509241 2.887606379009533e-07 0.1545922190328914 0.1545916502701848 5.687627065709133e-07
36 0.0693359375 0.07950153588273506 0.07950124774174992 2.881409851412942e-07 0.07950154490005402 0.07950124774174992 2.97158304102263e-07 0.1590030807827891 0.1590024954834998 5.852992892296793e-07
37 0.0712890625 0.08170397343008229 0.08170367717136423 2.962587180577181e-07 0.08170398274644869 0.08170367717136423 3.055750844582761e-07 0.163407956176531 0.1634073543427285 6.018338025159942e-07
38 0.0732421875 0.08390333487117975 0.08390303050371216 3.043674675906605e-07 0.08390334447685587 0.08390303050371216 3.13973143706292e-07 0.1678066793480356 0.1678060610074243 6.183406112969525e-07
39 0.0751953125 0.08609953740557964 0.08609922493438381 3.124711958346627e-07 0.08609954727374516 0.08609922493438381 3.223393613555059e-07 0.1721990846793248 0.1721984498687676 6.348105572040463e-07
40 0.0771484375 0.08829249834253376 0.08829217777790015 3.205646336157386e-07 0.08829250846621355 0.08829217777790015 3.306883133991079e-07 0.1765850068087473 0.1765843555558003 6.512529470148465e-07
41 0.0791015625 0.09048213511190799 0.09048180647082608 3.286410819036689e-07 0.09048214550969406 0.09048180647082608 3.39038867980257e-07 0.1809642806216021 0.1809636129416522 6.676799498839259e-07
42 0.0810546875 0.09266836528485216 0.09266802857487894 3.367099732226597e-07 0.09266837593637796 0.09266802857487894 3.473614990229246e-07 0.1853367412212301 0.1853360571497579 6.840714722455843e-07
43 0.0830078125 0.09485110653423247 0.0948507617800321 3.447542003681692e-07 0.09485111748633585 0.0948507617800321 3.557063037451513e-07 0.1897022240205683 0.1897015235600642 7.004605040994427e-07
44 0.0849609375 0.09703027669565119 0.09702992390761413 3.527880370612912e-07 0.09703028793685109 0.09702992390761413 3.640292369627707e-07 0.1940605646325023 0.1940598478152283 7.168172740101841e-07
45 0.0869140625 0.09920579372943725 0.09920543291340257 3.608160346751932e-07 0.09920580522882387 0.09920543291340257 3.723154212986746e-07 0.1984115989582611 0.1984108658268051 7.3313145595999e-07
46 0.0888671875 0.1013775757228859 0.101377206890713 3.688321729422572e-07 0.1013775874724106 0.101377206890713 3.805816976149012e-07 0.2027551631952965 0.2027544137814259 7.494138705432807e-07
47 0.0908203125 0.1035455409022495 0.1035451640734825 3.768287669542181e-07 0.1035455529233865 0.1035451640734825 3.888499039705895e-07 0.207091093825636 0.2070903281469651 7.656786709386854e-07
48 0.0927734375 0.1057096076560474 0.1057092228393487 3.848166986314405e-07 0.1057096199255268 0.1057092228393487 3.970861780916435e-07 0.2114192275815742 0.2114184456786974 7.81902876723084e-07
49 0.0947265625 0.107869694489206 0.1078693017127221 3.927764839484205e-07 0.1078697070604824 0.1078693017127221 4.053477603016553e-07 0.2157394015496884 0.2157386034254442 7.981242442500758e-07
50 0.0966796875 0.1100257200923465 0.110025319367854 4.007244924914e-07 0.1100257329521837 0.110025319367854 4.135843297697894e-07 0.2200514530445302 0.2200506387357079 8.143088222611894e-07
51 0.0986328125 0.1121776032977841 0.1121771946318982 4.086658858815095e-07 0.1121776164110904 0.1121771946318982 4.217791922528358e-07 0.2243552197088745 0.2243543892637964 8.304450781482231e-07
52 0.1005859375 0.1143252630817954 0.1143248464879673 4.165938280453751e-07 0.1143252764396162 0.1143248464879673 4.29951648880933e-07 0.2286505395214116 0.2286496929759347 8.465454769124303e-07
53 0.1025390625 0.1164686185779101 0.1164681940781829 4.244997272029316e-07 0.1164686322044546 0.1164681940781829 4.38126271762318e-07 0.2329372507823647 0.2329363881563657 8.626259989652496e-07
54 0.1044921875 0.1186075891025806 0.1186071567067195 4.323958611579526e-07 0.1186076029717445 0.1186071567067195 4.462650250447453e-07 0.2372151920743251 0.2372143134134389 8.786608862165757e-07
55 0.1064453125 0.1207420941032524 0.120741653842843 4.402604093511897e-07 0.120742108275016 0.120741653842843 4.544321729194056e-07 0.2414842023782684 0.2414833076856861 8.946925822705953e-07
56 0.1083984375 0.1228720532357414 0.1228716051239429 4.48111798459494e-07 0.1228720676951803 0.1228716051239429 4.625712374112245e-07 0.2457441209309217 0.2457432102478859 9.106830358707185e-07
57 0.1103515625 0.124997386314374 0.1249969303585572 4.559558167416267e-07 0.1249974010222158 0.1249969303585572 4.706636585888324e-07 0.2499947873365898 0.2499938607171144 9.266194753165813e-07
58 0.1123046875 0.1271180133142195 0.1271175495293921 4.637848274036127e-07 0.1271180282605467 0.1271175495293921 4.787311546905482e-07 0.2542360415747662 0.2542350990587841 9.425159820941609e-07
59 0.1142578125 0.1292338543856111 0.1292333827963342 4.715892769069363e-07 0.1292338695975331 0.1292333827963342 4.868011988234944e-07 0.2584677239831442 0.2584667655926685 9.583904757581863e-07
60 0.1162109375 0.131344829882338 0.1313443504994571 4.793828809190881e-07 0.1313448453309135 0.1313443504994571 4.948314563935075e-07 0.2626896752132515 0.2626887009989142 9.742143373125955e-07
61 0.1181640625 0.1334508603035962 0.1334503731620199 4.871415763274545e-07 0.1334508760549547 0.1334503731620199 5.028929348505073e-07 0.2669017363585509 0.2669007463240397 9.900345111502062e-07
62 0.1201171875 0.1355518663791535 0.1355513714934595 4.948856940634183e-07 0.1355518824169199 0.1355513714934595 5.109234604283586e-07 0.2711037487960735 0.2711027429869189 1.005809154519532e-06
63 0.1220703125 0.1376477690140788 0.1376472663923763 5.026217024528545e-07 0.1376477852948245 0.1376472663923763 5.189024482044058e-07 0.2752955543089033 0.2752945327847526 1.02152415065726e-06
64 0.1240234375 0.1397384892906352 0.139737978949512 5.103411231943689e-07 0.1397385058036697 0.139737978949512 5.268541576619601e-07 0.2794769950943049 0.2794759578990241 1.037195280828573e-06
65 0.1259765625 0.1418239484843121 0.1418234304507205 5.180335915511147e-07 0.1418239652592328 0.1418234304507205 5.348085122258706e-07 0.2836479137435449 0.2836468609014411 1.052842103776985e-06
66 0.1279296875 0.1439040680940519 0.1439035423799315 5.257141204029203e-07 0.1439040850992347 0.1439035423799315 5.427193032203625e-07 0.2878081531932866 0.287807084759863 1.068433423623283e-06
67 0.1298828125 0.145978769778451 0.1459782364221064 5.333563445619749e-07 0.1459787870865672 0.1459782364221064 5.506644607800038e-07 0.2919575568650182 0.2919564728442129 1.084020805341979e-06
68 0.1318359375 0.1480479754489034 0.1480474344661873 5.409827160129943e-07 0.1480479930416534 0.1480474344661873 5.585754660752951e-07 0.2960959684905567 0.2960948689323747 1.099558182060534e-06
69 0.1337890625 0.1501116072082219 0.1501110586080374 5.486001845855792e-07 0.1501116250383451 0.1501110586080374 5.66430307713528e-07 0.300223232246567 0.3002221172160747 1.115030492271352e-06
70 0.1357421875 0.152169587352959 0.1521690311533739 5.561995851666168e-07 0.1521696054086971 0.1521690311533739 5.742553232657155e-07 0.3043391927616561 0.3043380623067477 1.130454908404577e-06
71 0.1376953125 0.1542218383902721 0.1542212746206937 5.637695783267116e-07 0.1542218567040728 0.1542212746206937 5.820833790803892e-07 0.3084436950943449 0.3084425492413875 1.145852957407101e-06
72 0.1396484375 0.1562682830707799 0.1562677117441904 5.713265895102015e-07 0.1562683016082368 0.1562677117441904 5.8986404638528e-07 0.3125365846790167 0.3125354234883808 1.161190635923237e-06
73 0.1416015625 0.15830884431872 0.1583082654766627 5.788420572860886e-07 0.1583088631585266 0.1583082654766627 5.976818639175097e-07 0.3166177074772466 0.3166165309533254 1.176523921231354e-06
74 0.1435546875 0.1603434453327184 0.160342858992416 5.863403023664837e-07 0.1603434644551414 0.160342858992416 6.054627253448963e-07 0.3206869097878597 0.320685717984832 1.19180302771138e-06
75 0.1455078125 0.1623720095190944 0.1623714156901544 5.938289399931573e-07 0.162372028872797 0.1623714156901544 6.131826425503917e-07 0.3247440383918914 0.3247428313803088 1.207011582515793e-06
76 0.1474609375 0.1643944604938564 0.1643938591958648 6.012979915925865e-07 0.1643944800662784 0.1643938591958648 6.208704136367871e-07 0.3287889405601349 0.3287877183917296 1.222168405257129e-06
77 0.1494140625 0.1664107221009656 0.1664101133656923 6.087352733830098e-07 0.1664107419271496 0.1664101133656923 6.285614572998366e-07 0.3328214640281152 0.3328202267313845 1.237296730682846e-06
78 0.1513671875 0.1684207184473248 0.1684201022888068 6.161585180131102e-07 0.1684207384902504 0.1684201022888068 6.362014436378516e-07 0.3368414569375753 0.3368402045776136 1.252359961678717e-06
79 0.1533203125 0.1704243738272392 0.1704237502902616 6.235369775786648e-07 0.1704243941717533 0.1704237502902616 6.438814916798208e-07 0.3408487679989926 0.3408475005805233 1.267418469286241e-06
80 0.1552734375 0.1724216128307966 0.1724209819338419 6.308969546509058e-07 0.1724216334554119 0.1724209819338419 6.515215699165466e-07 0.3448432462862084 0.3448419638676839 1.282418524539697e-06
81 0.1572265625 0.1744123602714803 0.1744117220249052 6.382465750909283e-07 0.1744123811210841 0.1744117220249052 6.590961788843774e-07 0.3488247413925644 0.3488234440498104 1.297342754003061e-06
82 0.1591796875 0.1763965411883501 0.1763958956132121 6.455751380141095e-07 0.1763965622495164 0.1763958956132121 6.666363042973078e-07 0.3527931034378665 0.3527917912264242 1.312211442339173e-06
83 0.1611328125 0.1783740808653514 0.1783734279957485 6.528696028518244e-07 0.1783741021757063 0.1783734279957485 6.74179957832477e-07 0.3567481830410577 0.356746855991497 1.327049560684301e-06
84 0.1630859375 0.1803449048686079 0.180344244719538 6.601490699642554e-07 0.1803449263882651 0.180344244719538 6.816687271316013e-07 0.360689831256873 0.3606884894390759 1.341817797095857e-06
85 0.1650390625 0.1823089389649572 0.1823082715844447 6.673805124646215e-07 0.1823089607850356 0.1823082715844447 6.892005909309162e-07 0.3646178997499928 0.3646165431688894 1.356581103395538e-06
86 0.1669921875 0.1842661092381807 0.1842654346459673 6.745922134232529e-07 0.1842661313355661 0.1842654346459673 6.966895988169686e-07 0.3685322405737469 0.3685308692919346 1.371281812267977e-06
87 0.1689453125 0.1862163420108672 0.1862156602180228 6.817928444313726e-07 0.1862163643266585 0.1862156602180228 7.041086357573167e-07 0.3724327063375257 0.3724313204360455 1.385901480188689e-06
88 0.1708984375 0.1881595638467164 0.1881588748757205 6.889709958379786e-07 0.1881595863665577 0.1881588748757205 7.114908372185536e-07 0.3763191502132741 0.3763177497514411 1.400461833056532e-06
89 0.1728515625 0.1900957015708987 0.1900950054581271 6.961127715643389e-07 0.1900957243349298 0.1900950054581271 7.188768027244219e-07 0.3801914259058285 0.3801900109162542 1.414989574288761e-06
90 0.1748046875 0.1920246823095014 0.1920239790710203 7.03238481114532e-07 0.1920247052755379 0.1920239790710203 7.262045176037457e-07 0.3840493875850393 0.3840479581420405 1.429442998746033e-06
91 0.1767578125 0.1939464334027854 0.1939457230896338 7.103131516306149e-07 0.1939464566674545 0.1939457230896338 7.33577820766218e-07 0.3878928900702399 0.3878914461792675 1.443890972396833e-06
92 0.1787109375 0.1958608825281679 0.1958601651613915 7.173667764259761e-07 0.1958609060670471 0.1958601651613915 7.409056555773841e-07 0.391721788595215 0.391720330322783 1.458272431975605e-06
93 0.1806640625 0.1977679576173284 0.1977672332086316 7.244086968616337e-07 0.1977679813675531 0.1977672332086316 7.481589214819451e-07 0.3955359389848815 0.3955344664172631 1.472567618343579e-06
94 0.1826171875 0.1996675868579932 0.1996668554313198 7.314266733671193e-07 0.199667610804587 0.1996668554313198 7.553732671583546e-07 0.3993351976625802 0.3993337108626396 1.48679994055323e-06
95 0.1845703125 0.2015596987158254 0.2015589603097533 7.384060721482566e-07 0.2015597229012844 0.2015589603097533 7.625915311726406e-07 0.4031194216171098 0.4031179206195065 1.500997603320897e-06
96 0.1865234375 0.2034442219756754 0.2034434766072526 7.453684228719837e-07 0.203444246355314 0.2034434766072526 7.697480614021757e-07 0.4068884683309894 0.4068869532145051 1.515116484274159e-06
97 0.1884765625 0.20532108564952 0.2053203333728444 7.522766755918564e-07 0.205321110325799 0.2053203333728444 7.769529546397536e-07 0.4106421959753189 0.4106406667456887 1.529229630203854e-06
98 0.1904296875 0.2071902191066291 0.2071894599439322 7.591626969005727e-07 0.2071902440534899 0.2071894599439322 7.841095576721635e-07 0.414380463160119 0.4143789198878644 1.543272254600492e-06
99 0.1923828125 0.2090515519852516 0.2090507859489571 7.660362945083321e-07 0.2090515771363546 0.2090507859489571 7.911873975419148e-07 0.4181031291216062 0.4181015718979141 1.557223692050247e-06
100 0.1943359375 0.2109050141946471 0.210904241310047 7.72884600097612e-07 0.210905039534082 0.210904241310047 7.982240350090652e-07 0.421810053728729 0.421808482620094 1.571108635078922e-06
101 0.1962890625 0.2127505359377719 0.2127497562456551 7.796921167313453e-07 0.2127505615105789 0.2127497562456551 8.052649237422216e-07 0.4255010974483507 0.4254995124913102 1.584957040501322e-06
102 0.1982421875 0.2145880477548509 0.2145872612731873 7.86481663628269e-07 0.214588073513756 0.2145872612731873 8.122405687760459e-07 0.4291761212686069 0.4291745225463745 1.59872223243207e-06
103 0.2001953125 0.2164174804257634 0.2164166872116176 7.932141458111275e-07 0.2164175064788461 0.2164166872116176 8.192672284190738e-07 0.4328349869046095 0.4328333744232353 1.612481374257957e-06
104 0.2021484375 0.2182387651073123 0.2182379651840937 7.999232185806893e-07 0.2182387914270042 0.2182379651840937 8.262429104510804e-07 0.4364775565343165 0.4364759303681875 1.62616612903177e-06
105 0.2041015625 0.2200518332397056 0.2200510266205292 8.066191763966835e-07 0.2200518597562365 0.2200510266205292 8.33135707256627e-07 0.4401036929959422 0.4401020532410585 1.63975488365331e-06
106 0.2060546875 0.2218566165487194 0.2218558032601858 8.13288533574319e-07 0.221856643245245 0.2218558032601858 8.399850591200853e-07 0.4437132597939644 0.4437116065203717 1.653273592694404e-06
107 0.2080078125 0.2236530470691944 0.2236522271542431 8.199149513221649e-07 0.2236530739932163 0.2236522271542431 8.46838973195263e-07 0.4473061210624107 0.4473044543084862 1.666753924545183e-06
108 0.2099609375 0.2254410571908318 0.2254402306683568 8.265224750170219e-07 0.2254410842926602 0.2254402306683568 8.536243034373836e-07 0.4508821414834919 0.4508804613367135 1.68014677842665e-06
109 0.2119140625 0.2272205795552254 0.227219746485205 8.330700203562635e-07 0.2272206069485092 0.227219746485205 8.604633041087162e-07 0.4544411865037346 0.4544394929704101 1.69353332446498e-06
110 0.2138671875 0.228991547200039 0.2289907076070233 8.395930156945841e-07 0.228991574855714 0.2289907076070233 8.672486906668997e-07 0.457983122055753 0.4579814152140467 1.706841706361484e-06
111 0.2158203125 0.2307538934604516 0.2307530473581263 8.461023253136801e-07 0.2307539213050021 0.2307530473581263 8.739468758400815e-07 0.4615078147654537 0.4615060947162525 1.720049201126006e-06
112 0.2177734375 0.2325075519710492 0.2325066993874183 8.525836308337364e-07 0.2325075799872439 0.2325066993874183 8.805998256145031e-07 0.4650151319582931 0.4650133987748367 1.733183456475995e-06
113 0.2197265625 0.2342524566908639 0.2342515976708917 8.590199722102732e-07 0.234252484928331 0.2342515976708917 8.872574392693178e-07 0.468504941619195 0.4685031953417835 1.746277411507346e-06
114 0.2216796875 0.2359885419506031 0.2359876765141124 8.654364906657275e-07 0.2359885703574252 0.2359876765141124 8.938433127270162e-07 0.4719771123080282 0.4719753530282249 1.759279803392744e-06
115 0.2236328125 0.2377157423449398 0.2377148705546931 8.717902467147987e-07 0.2377157710399871 0.2377148705546931 9.004852940530661e-07 0.4754315133849269 0.4754297411093861 1.772275540767865e-06
116 0.2255859375 0.2394339928830986 0.2394331147647543 8.781183442330143e-07 0.2394340218358572 0.2394331147647543 9.070711028402734e-07 0.4788680147189558 0.4788662295295087 1.785189447101043e-06
117 0.2275390625 0.2411432288854796 0.2411423444533729 8.844321066625582e-07 0.2411432580191753 0.2411423444533729 9.135658023962101e-07 0.4822864869046549 0.4822846889067458 1.797997909058768e-06
118 0.2294921875 0.2428433859856333 0.242842495269017 8.907166163807378e-07 0.2428434152822042 0.242842495269017 9.200131871889283e-07 0.4856868012678375 0.4856849905380339 1.810729803541911e-06
119 0.2314453125 0.2445344001561074 0.2445335032019693 8.969541381576018e-07 0.2445344296674808 0.2445335032019693 9.264655115581721e-07 0.4890688298235882 0.4890670064039385 1.823419649715774e-06
120 0.2333984375 0.2462162077576922 0.2462153045867369 9.031709552465017e-07 0.2462162374297133 0.2462153045867369 9.328429763921786e-07 0.4924324451874055 0.4924306091734739 1.836013931610925e-06
121 0.2353515625 0.247888745426801 0.2478878361044484 9.093223526379646e-07 0.247888775383234 0.2478878361044484 9.392787856388196e-07 0.495777520810035 0.4957756722088967 1.848601138276784e-06
122 0.2373046875 0.2495519502321933 0.2495510347852372 9.154469560734846e-07 0.2495519804413616 0.2495510347852372 9.456561244070016e-07 0.499103930673555 0.4991020695704745 1.861103080480486e-06
123 0.2392578125 0.2512057595671969 0.2512048380106133 9.215565835996031e-07 0.2512057899492168 0.2512048380106133 9.519386035550248e-07 0.5024115495164136 0.5024096760212265 1.873495187099117e-06
124 0.2412109375 0.2528501111515977 0.2528491835158197 9.276357780252376e-07 0.252850141687486 0.2528491835158197 9.58171666343155e-07 0.5057002528390837 0.5056983670316394 1.885807444312881e-06
125 0.2431640625 0.2544849430582031 0.2544840093921777 9.336660253822515e-07 0.2544849738021134 0.2544840093921777 9.644099356331814e-07 0.5089699168603166 0.5089680187843555 1.898075961070944e-06
126 0.2451171875 0.2561101937641444 0.2561092540894171 9.396747272516492e-07 0.2561102246597047 0.2561092540894171 9.705702875284494e-07 0.512220418423849 0.5122185081788343 1.910245014724588e-06
127 0.2470703125 0.2577258020333362 0.2577248564179935 9.456153426956604e-07 0.2577258332094313 0.2577248564179935 9.767914377900588e-07 0.5154516352427676 0.5154497128359871 1.92240678054123e-06
128 0.2490234375 0.2593317070795538 0.2593307555513925 9.515281613192705e-07 0.2593317385030022 0.2593307555513925 9.829516096626634e-07 0.5186634455825561 0.518661511102785 1.934479771037445e-06
129 0.2509765625 0.260927848453805 0.2609268910284193 9.574253857502768e-07 0.260927880041712 0.2609268910284193 9.890132927070638e-07 0.521855728495517 0.5218537820568385 1.946438678457341e-06
130 0.2529296875 0.2625141660464593 0.2625132027554753 9.632909839241144e-07 0.2625141977791632 0.2625132027554753 9.950236878886187e-07 0.5250283638256226 0.5250264055109507 1.958314671868244e-06
131 0.2548828125 0.2640906001146198 0.2640896310088207 9.691057991090268e-07 0.2640906320481993 0.2640896310088207 1.001039378556445e-06 0.5281812321628191 0.5281792620176414 1.970145177665472e-06
132 0.2568359375 0.265657091335066 0.2656561164368227 9.748982432999931e-07 0.2656571234110656 0.2656561164368227 1.006974242934167e-06 0.5313142147461316 0.5313122328736454 1.98187248623416e-06
133 0.2587890625 0.2672135806821911 0.2672126000621902 9.806200009232491e-07 0.2672136130345422 0.2672126000621902 1.012972351943642e-06 0.5344271937167333 0.5344252001243804 1.993592352866891e-06
134 0.2607421875 0.2687600095972081 0.2687590232841946 9.863130135401299e-07 0.2687600421912019 0.2687590232841946 1.018907007321879e-06 0.53752005178841 0.5375180465683892 2.005220020806497e-06
135 0.2626953125 0.2702963198707516 0.2702953278808755 9.919898761312496e-07 0.2702963526204311 0.2702953278808755 1.024739555599563e-06 0.5405926724911827 0.540590655761751 2.016729431675301e-06
136 0.2646484375 0.2718224536452015 0.2718214560112333 9.976339681583291e-07 0.2718224865302289 0.2718214560112333 1.03051899563722e-06 0.5436449401754304 0.5436429120224666 2.028152963795549e-06
137 0.2666015625 0.2733383534428194 0.2733373502174063 1.003225413076514e-06 0.2733383865215103 0.2733373502174063 1.036304103974039e-06 0.5466767399643297 0.5466747004348127 2.039529517050553e-06
138 0.2685546875 0.2748439622205238 0.2748429534268346 1.008793689249998e-06 0.2748439954324294 0.2748429534268346 1.042005594809048e-06 0.5496879576529532 0.5496859068536691 2.050799284059046e-06
139 0.2705078125 0.2763392232433334 0.2763382089544082 1.01428892518296e-06 0.2763392567266472 0.2763382089544082 1.047772238971234e-06 0.5526784799699805 0.5526764179088164 2.062061164154194e-06
140 0.2724609375 0.2778240802589665 0.2778230605046016 1.019754364894876e-06 0.2778241139780701 0.2778230605046016 1.053473468404231e-06 0.5556481942370366 0.5556461210092033 2.073227833299107e-06
141 0.2744140625 0.2792984773767527 0.2792974521735933 1.025203159421562e-06 0.2792985112425858 0.2792974521735933 1.059068992448342e-06 0.5585969886193385 0.5585949043471866 2.084272151869904e-06
142 0.2763671875 0.2807623590693926 0.2807613284513703 1.030618022368479e-06 0.2807623930612139 0.2807613284513703 1.064609843670627e-06 0.5615247521306066 0.5615226569027405 2.095227866094618e-06
143 0.2783203125 0.2822156702023349 0.2822146342238179 1.035978516972236e-06 0.2822157043803321 0.2822146342238179 1.070156514182408e-06 0.564431374582667 0.5644292684476359 2.106135031154643e-06
144 0.2802734375 0.2836583560899583 0.2836573147747954 1.041315162930712e-06 0.2836583903914232 0.2836573147747954 1.075616627765896e-06 0.5673167464813815 0.5673146295495908 2.116931790752119e-06
145 0.2822265625 0.2850903623645555 0.2850893157881954 1.046576360186346e-06 0.2850903969323745 0.2850893157881954 1.081144179126969e-06 0.57018075929693 0.5701786315763907 2.127720539313316e-06
146 0.2841796875 0.2865116351568304 0.286510583349989 1.051806841401159e-06 0.2865116699541567 0.286510583349989 1.086604167699345e-06 0.5730233051109872 0.573021166699978 2.138411009156016e-06
147 0.2861328125 0.2879221209703927 0.2879210639502561 1.057020136585596e-06 0.2879221559054582 0.2879210639502561 1.091955202092709e-06 0.5758442768758508 0.5758421279005121 2.148975338678305e-06
148 0.2880859375 0.2893217666836992 0.289320704485199 1.062198500267897e-06 0.2893218017349272 0.289320704485199 1.097249728243543e-06 0.5786435684186264 0.578641408970398 2.159448228455929e-06
149 0.2900390625 0.2907105195799756 0.2907094522591427 1.067320832881524e-06 0.2907105548094047 0.2907094522591427 1.102550261922186e-06 0.5814210743893803 0.5814189045182855 2.16987109480371e-06
150 0.2919921875 0.2920883274050216 0.2920872549865186 1.072418503000883e-06 0.2920883627484357 0.2920872549865186 1.10776191708517e-06 0.5841766901534573 0.5841745099730372 2.180180420086053e-06
151 0.2939453125 0.2934551382323897 0.2934540607938326 1.077438557151034e-06 0.293455173836619 0.2934540607938326 1.11304278643809e-06 0.5869103120690087 0.5869081215876651 2.190481343533612e-06
152 0.2958984375 0.2948109006486098 0.2948098182216186 1.082426991205754e-06 0.2948109364757321 0.2948098182216186 1.11825411353017e-06 0.589621837124342 0.5896196364432372 2.200681104791435e-06
153 0.2978515625 0.2961555636240959 0.2961544762263758 1.087397720089811e-06 0.2961555995797654 0.2961544762263758 1.123353389642645e-06 0.5923111632038613 0.5923089524527516 2.210751109732456e-06
154 0.2998046875 0.2974890765150047 0.2974879841824902 1.092332514496253e-06 0.2974891125770411 0.2974879841824902 1.12839455085334e-06 0.5949781890920458 0.5949759683649805 2.220727065349593e-06
155 0.3017578125 0.2988113890938013 0.298810291884141 1.097209660294585e-06 0.2988114253261342 0.298810291884141 1.133441993150797e-06 0.5976228144199356 0.5976205837682821 2.230651653500892e-06
156 0.3037109375 0.3001224516087708 0.3001213495471907 1.10206158004944e-06 0.3001224879448955 0.3001213495471907 1.138397704769645e-06 0.6002449395536662 0.6002426990943814 2.240459284763574e-06
157 0.3056640625 0.3014222146446586 0.3014211078110592 1.106833599384682e-06 0.3014222512360376 0.3014211078110592 1.143424978422569e-06 0.6028444658806962 0.6028422156221184 2.250258577807251e-06
158 0.3076171875 0.3027106293138004 0.3027095177405825 1.111573217971173e-06 0.3027106661211681 0.3027095177405825 1.148380585680453e-06 0.6054212954349686 0.6054190354811649 2.259953803651626e-06
159 0.3095703125 0.3039876471225273 0.3039865308278549 1.116294672365292e-06 0.3039876840489454 0.3039865308278549 1.153221090510748e-06 0.6079753311714727 0.6079730616557099 2.26951576287604e-06
160 0.3115234375 0.3052532199732519 0.3052520989940556 1.12097919630072e-06 0.3052532569961303 0.3052520989940556 1.158002074619358e-06 0.6105064769693822 0.6105041979881113 2.278981270920077e-06
161 0.3134765625 0.3065073001959078 0.3065061745912584 1.125604649376832e-06 0.3065073373805131 0.3065061745912584 1.162789254716134e-06 0.6130146375764209 0.6130123491825168 2.288393904148478e-06
162 0.3154296875 0.3077498406082966 0.3077487104042257 1.130204070887153e-06 0.3077498778870312 0.3077487104042257 1.167482805430886e-06 0.6154997184953278 0.6154974208084515 2.297686876318039e-06
163 0.3173828125 0.3089807943738389 0.3089796596521867 1.134721652196191e-06 0.308980831901646 0.3089796596521867 1.172249459391317e-06 0.6179616262754849 0.6179593193043733 2.306971111587508e-06
164 0.3193359375 0.3102001151966314 0.3101989759905977 1.139206033728968e-06 0.3102001529332036 0.3101989759905977 1.176942605873865e-06 0.6204002681298351 0.6203979519811954 2.316148639658344e-06
165 0.3212890625 0.3114077571846883 0.3114066135128878 1.143671800485357e-06 0.3114077950306909 0.3114066135128878 1.181517803094945e-06 0.6228155522153793 0.6228132270257757 2.325189603635813e-06
166 0.3232421875 0.3126036748519082 0.312602526752187 1.148099721182128e-06 0.3126037127842529 0.312602526752187 1.186032065947362e-06 0.625207387636161 0.6252050535043739 2.334131787073979e-06
167 0.3251953125 0.3137878231501589 0.3137866706830376 1.152467121345868e-06 0.313787861235789 0.3137866706830376 1.190552751439977e-06 0.6275756843859479 0.6275733413660751 2.343019872785845e-06
168 0.3271484375 0.3149601575309819 0.3149590007230899 1.156807892033207e-06 0.314960195700609 0.3149590007230899 1.194977519103357e-06 0.6299203532315909 0.6299180014461797 2.351785411192076e-06
169 0.3291015625 0.3161206337997157 0.3161194727347805 1.161064935195633e-06 0.3161206722117896 0.3161194727347805 1.199477009106165e-06 0.6322413060115053 0.6322389454695609 2.360541944357308e-06
170 0.3310546875 0.3172692083149566 0.3172680430269941 1.165287962567874e-06 0.3172692469284313 0.3172680430269941 1.203901437207833e-06 0.6345384552433879 0.6345360860539881 2.369189399775706e-06
171 0.3330078125 0.3184058378486888 0.3184046683567083 1.169491980479442e-06 0.3184058765618438 0.3184046683567083 1.208205135438956e-06 0.6368117144105325 0.6368093367134167 2.377697115862887e-06
172 0.3349609375 0.3195304795879061 0.3195293059306221 1.173657284081475e-06 0.3195305183772022 0.3195293059306221 1.212446580134419e-06 0.6390609979651083 0.6390586118612441 2.386103864160383e-06
173 0.3369140625 0.320643091167492 0.3206419134067661 1.177760725890042e-06 0.3206431301013535 0.3206419134067661 1.216694587413691e-06 0.6412862212688455 0.6412838268135322 2.394455313248223e-06
174 0.3388671875 0.3217436307330434 0.321742448896098 1.181836945363113e-06 0.3217436697407092 0.321742448896098 1.22084461118277e-06 0.6434873004737525 0.643484897792196 2.402681556490371e-06
175 0.3408203125 0.3228320567917302 0.3228308709640785 1.185827651684068e-06 0.3228320960349899 0.3228308709640785 1.225070911436976e-06 0.6456641528267201 0.645661741928157 2.410898563121044e-06
176 0.3427734375 0.3239083284158526 0.3239071386322319 1.189783620680895e-06 0.3239083678527822 0.3239071386322319 1.229220550236221e-06 0.6478166962686347 0.6478142772644638 2.419004170861605e-06
177 0.3447265625 0.3249724050998457 0.3249712113796889 1.1937201568335e-06 0.3249724446266962 0.3249712113796889 1.233247007292881e-06 0.6499448497265419 0.6499424227593777 2.426967164126381e-06
178 0.3466796875 0.3260242467619281 0.3260230491447119 1.197617216175395e-06 0.3260242863545287 0.3260230491447119 1.237209816762341e-06 0.6520485331164567 0.6520460982894238 2.434827032882225e-06
179 0.3486328125 0.3270638137773403 0.3270626123262036 1.201451136689791e-06 0.3270638535055813 0.3270626123262036 1.241179377664547e-06 0.6541276672829215 0.6541252246524072 2.442630514298827e-06
180 0.3505859375 0.3280910670424964 0.3280898617851977 1.205257298630968e-06 0.3280911068341629 0.3280898617851977 1.245048965203832e-06 0.6561821738766593 0.6561797235703954 2.450306263890312e-06
181 0.3525390625 0.3291059678225534 0.3291047588463328 1.20897622063465e-06 0.329106007842782 0.3291047588463328 1.248996449265682e-06 0.6582119756653355 0.6582095176926656 2.457972669955844e-06
182 0.3544921875 0.3301084779590801 0.3301072652993081 1.212659771987479e-06 0.3301085181649619 0.3301072652993081 1.252865653778024e-06 0.6602169961240421 0.6602145305986162 2.465525425821014e-06
183 0.3564453125 0.3310985597238209 0.3310973434003222 1.21632349869838e-06 0.331098600009698 0.3310973434003222 1.256609375777096e-06 0.6621971597335189 0.6621946868006444 2.472932874475475e-06
184 0.3583984375 0.3320761758205094 0.3320749558734943 1.21994701512973e-06 0.3320762161617091 0.3320749558734943 1.260288214843808e-06 0.6641523919822185 0.6641499117469886 2.480235229973538e-06
185 0.3603515625 0.3330412894184898 0.3330400659122673 1.223506222558512e-06 0.3330413298861906 0.3330400659122673 1.263973923359973e-06 0.6660826193046805 0.6660801318245345 2.487480145973997e-06
186 0.3623046875 0.3339938642179048 0.3339926371807936 1.227037111195539e-06 0.3339939047387805 0.3339926371807936 1.267557986850409e-06 0.6679877689566853 0.6679852743615873 2.494595098045949e-06
187 0.3642578125 0.3349338642945405 0.3349326338153035 1.230479237002147e-06 0.3349339050365097 0.3349326338153035 1.271221206189388e-06 0.6698677693310502 0.6698652676306071 2.501700443136023e-06
188 0.3662109375 0.3358612543108067 0.335860020425455 1.23388535172575e-06 0.3358612952302543 0.335860020425455 1.27480479933384e-06 0.671722549541061 0.67172004085091 2.508690151059589e-06
189 0.3681640625 0.3367759993670138 0.3367747620956664 1.23727134743179e-06 0.336776040356234 0.3367747620956664 1.278260567616485e-06 0.6735520397232477 0.6735495241913327 2.515531914992764e-06
190 0.3701171875 0.3376780650028582 0.3376768243864306 1.240616427589103e-06 0.3376781060368164 0.3376768243864306 1.281650385820399e-06 0.6753561710396746 0.6753536487728612 2.522266813409502e-06
191 0.3720703125 0.3385674172316502 0.3385661733356124 1.243896037783632e-06 0.3385674583830277 0.3385661733356124 1.285047415255924e-06 0.6771348756146778 0.6771323466712248 2.528943452984045e-06
192 0.3740234375 0.3394440226066347 0.3394427754597265 1.247146908189833e-06 0.3394440638006898 0.3394427754597265 1.288340963301327e-06 0.6788880864073246 0.678885550919453 2.535487871546671e-06
193 0.3759765625 0.3403078480627678 0.3403065977551984 1.25030756936706e-06 0.3403078894701489 0.3403065977551984 1.291714950502065e-06 0.6806157375329167 0.6806131955103969 2.542022519813614e-06
194 0.3779296875 0.3411588611312494 0.3411576076996069 1.253431642478375e-06 0.3411589027076361 0.3411576076996069 1.295008029200684e-06 0.6823177638388855 0.6823152153992138 2.54843967173457e-06
195 0.3798828125 0.3419970297881944 0.3419957732529086 1.256535285820704e-06 0.3419970714241519 0.3419957732529086 1.298171243335755e-06 0.6839941012123463 0.6839915465058172 2.554706529100947e-06
196 0.3818359375 0.3428223224559875 0.3428210628586441 1.259597343483687e-06 0.3428223641262355 0.3428210628586441 1.301267591402588e-06 0.685644686582223 0.6856421257172881 2.560864934886276e-06
197 0.3837890625 0.3436347080380847 0.3436334454451261 1.262592958628517e-06 0.3436347498163098 0.3436334454451261 1.304371183730169e-06 0.6872694578543945 0.6872668908902522 2.566964142358685e-06
198 0.3857421875 0.3444341559860317 0.3444328904266096 1.265559422147788e-06 0.3444341977962981 0.3444328904266096 1.307369688563487e-06 0.6888683537823299 0.6888657808532191 2.572929110766786e-06
199 0.3876953125 0.3452206361387675 0.3452193677044427 1.268434324741552e-06 0.345220678154333 0.3452193677044427 1.310449890323806e-06 0.6904413142931005 0.6904387354088855 2.578884215065358e-06
200 0.3896484375 0.3459941189403119 0.3459928476682007 1.271272111247335e-06 0.3459941611162142 0.3459928476682007 1.313448013517959e-06 0.691988280056526 0.6919856953364013 2.584720124709783e-06
201 0.3916015625 0.3467545752860039 0.3467533011967998 1.274089204139628e-06 0.3467546175111532 0.3467533011967998 1.316314353405623e-06 0.6935091927971571 0.6935066023935995 2.590403557545251e-06
202 0.3935546875 0.34750197652368 0.3475006996595946 1.276864085464346e-06 0.3475020187726304 0.3475006996595946 1.319113035858077e-06 0.6950039952963105 0.6950013993191891 2.595977121377935e-06
203 0.3955078125 0.3482362944891114 0.3482350149174554 1.279571656020995e-06 0.3482363368363985 0.3482350149174554 1.321918943142375e-06 0.69647263132551 0.6964700298349108 2.60149059916337e-06
204 0.3974609375 0.3489575015734531 0.3489562193238278 1.28224962531176e-06 0.3489575439423596 0.3489562193238278 1.324618531750588e-06 0.6979150455158127 0.6979124386476556 2.606868157117859e-06
205 0.3994140625 0.3496655705606332 0.3496642857257735 1.284834859727191e-06 0.3496656131265768 0.3496642857257735 1.32740080327487e-06 0.69933118368721 0.699328571451547 2.61223566300206e-06
206 0.4013671875 0.3503604748475291 0.3503591874649928 1.287382536296899e-06 0.3503605175648213 0.3503591874649928 1.330099828500408e-06 0.7007209924123503 0.7007183749299856 2.617482364741797e-06
207 0.4033203125 0.3510421882880476 0.3510408983788277 1.28990921988148e-06 0.3510422310443476 0.3510408983788277 1.332665519881981e-06 0.7020844193323952 0.7020817967576555 2.62257473970795e-06
208 0.4052734375 0.3517106851944805 0.3517093928012478 1.292393232710243e-06 0.3517107279637758 0.3517093928012478 1.33516252798227e-06 0.7034214131582563 0.7034187856024956 2.627555760748024e-06
209 0.4072265625 0.3523659403728158 0.3523646455638159 1.294808999852126e-06 0.3523659832310213 0.3523646455638159 1.33766720539219e-06 0.7047319236038371 0.7047292911276318 2.632476205244316e-06
210 0.4091796875 0.3530079291915559 0.3530066319966358 1.297194920035771e-06 0.3530079720606215 0.3530066319966358 1.340063985610929e-06 0.7060159012521774 0.7060132639932717 2.637258905702211e-06
211 0.4111328125 0.3536366274162456 0.3536353279292813 1.299486964312369e-06 0.3536366704738818 0.3536353279292813 1.342544600546614e-06 0.7072732978901274 0.7072706558585625 2.642031564858982e-06
212 0.4130859375 0.3542520114327918 0.3542507096917056 1.301741086257024e-06 0.3542520546325427 0.3542507096917056 1.344940837144648e-06 0.7085040660653346 0.7085014193834112 2.646681923401673e-06
213 0.4150390625 0.3548540580891248 0.3548527541151333 1.303973991451102e-06 0.354854101317362 0.3548527541151333 1.347202228663136e-06 0.7097081594064868 0.7097055082302667 2.651176220114237e-06
214 0.4169921875 0.3554427446966077 0.3554414385329324 1.306163675385275e-06 0.3554427879273832 0.3554414385329324 1.349394450844699e-06 0.7108855326239909 0.7108828770658647 2.655558126174462e-06
215 0.4189453125 0.356018049065949 0.3560167407814668 1.308284482137712e-06 0.3560180923756112 0.3560167407814668 1.351594144327617e-06 0.7120361414415601 0.7120334815629337 2.659878626465328e-06
216 0.4208984375 0.3565799495759582 0.3565786392009324 1.310375025820321e-06 0.3565799928860743 0.3565786392009324 1.35368514192491e-06 0.7131599424620325 0.7131572784018647 2.664060167800741e-06
217 0.4228515625 0.3571284250069758 0.357127112636171 1.312370804751328e-06 0.3571284684968087 0.357127112636171 1.355860637708428e-06 0.7142568935037845 0.7142542252723421 2.668231442459756e-06
218 0.4248046875 0.3576634547657404 0.357662140437468 1.314328272439269e-06 0.3576634983884312 0.357662140437468 1.357950963232213e-06 0.7153269531541716 0.7153242808749359 2.672279235671482e-06
219 0.4267578125 0.3581850187256023 0.358183702461329 1.316264273298895e-06 0.35818506236661 0.358183702461329 1.359905281050899e-06 0.7163700810922122 0.7163674049226579 2.676169554294283e-06
220 0.4287109375 0.3586930972279894 0.3586917790712385 1.318156750917954e-06 0.3586931408607052 0.3586917790712385 1.361789466691743e-06 0.7173862380886946 0.717383558142477 2.679946217609697e-06
221 0.4306640625 0.3591876711180415 0.3591863511383995 1.319979641978275e-06 0.3591877148198299 0.3591863511383995 1.363681430388564e-06 0.7183753859378713 0.7183727022767989 2.683661072366839e-06
222 0.4326171875 0.3596687218145337 0.359667400042453 1.321772080786765e-06 0.3596687655059408 0.359667400042453 1.365463487834617e-06 0.7193374873204745 0.7193348000849059 2.687235568621382e-06
223 0.4345703125 0.3601362311410649 0.3601349076721798 1.323468885150447e-06 0.3601362750031005 0.3601349076721798 1.367330920765131e-06 0.7202725061441655 0.7202698153443595 2.690799805971089e-06
224 0.4365234375 0.3605901815532045 0.3605888564261817 1.325127022833161e-06 0.3605902255387458 0.3605888564261817 1.369112564042485e-06 0.7211804070919503 0.7211777128523634 2.694239586875646e-06
225 0.4384765625 0.3610305559771494 0.3610292292135449 1.32676360448114e-06 0.3610305999703696 0.3610292292135449 1.370756824714547e-06 0.722061155947519 0.7220584584270898 2.697520429140177e-06
226 0.4404296875 0.361457337810689 0.3614560094544828 1.328356206198311e-06 0.3614573817852134 0.3614560094544828 1.372330730664562e-06 0.7229147195959024 0.7229120189089655 2.700686936862873e-06
227 0.4423828125 0.3618705109597121 0.3618691810809604 1.329878751676894e-06 0.3618705549932332 0.3618691810809604 1.37391227278405e-06 0.7237410659529453 0.7237383621619208 2.703791024516455e-06
228 0.4443359375 0.362270059907858 0.3622687285372996 1.331370558410594e-06 0.3622701039205628 0.3622687285372996 1.375383263224617e-06 0.7245401638284208 0.7245374570745992 2.70675382163521e-06
229 0.4462890625 0.3626559695468533 0.3626546367807645 1.332766088768533e-06 0.3626560137208606 0.3626546367807645 1.376940096164958e-06 0.725311983267714 0.725309273561529 2.709706184989003e-06
230 0.4482421875 0.3630282254048143 0.3630268912821278 1.334122686491579e-06 0.3630282696926518 0.3630268912821278 1.378410523944495e-06 0.7260564950974662 0.7260537825642557 2.712533210491586e-06
231 0.4501953125 0.3633868134837816 0.3633854780262181 1.335457563533815e-06 0.3633868577689148 0.3633854780262181 1.379742696760999e-06 0.7267736712526964 0.7267709560524361 2.715200260294814e-06
232 0.4521484375 0.3637317202606254 0.3637303835124469 1.336748178593083e-06 0.363731764516486 0.3637303835124469 1.381004039124889e-06 0.7274634847771114 0.7274607670248937 2.717752217717972e-06
233 0.4541015625 0.3640629327236581 0.3640615947553176 1.337968340453521e-06 0.3640629770282502 0.3640615947553176 1.382272932559658e-06 0.7281259097519083 0.7281231895106353 2.72024127301318e-06
234 0.4560546875 0.3643804384424728 0.3643790992849144 1.339157558399862e-06 0.3643804827155754 0.3643790992849144 1.383430661028306e-06 0.7287609211580481 0.7287581985698287 2.722588219428168e-06
235 0.4580078125 0.3646842253972655 0.364682885147371 1.340249894565826e-06 0.3646842698222356 0.364682885147371 1.384674864601809e-06 0.7293684952195011 0.7293657702947419 2.724924759167635e-06
236 0.4599609375 0.3649742822084209 0.3649729409053213 1.341303099644531e-06 0.3649743267374437 0.3649729409053213 1.385832122391406e-06 0.7299486089458647 0.7299458818106426 2.727135222091448e-06
237 0.4619140625 0.3652505979727714 0.3652492556383301 1.342334441323256e-06 0.365250642488793 0.3652492556383301 1.386850462858913e-06 0.7305012404615644 0.7304985112766602 2.729184904182169e-06
238 0.4638671875 0.3655131622646925 0.3655118189433038 1.34332138868043e-06 0.3655132067406272 0.3655118189433038 1.387797323393336e-06 0.7310263690053197 0.7310236378866076 2.731118712073766e-06
239 0.4658203125 0.3657619651722965 0.3657606209348824 1.344237414102611e-06 0.3657620096870252 0.3657606209348824 1.388752142728045e-06 0.7315239748593216 0.7315212418697649 2.732989556775145e-06
240 0.4677734375 0.3659969973681829 0.3659956522458116 1.345122371321228e-06 0.365997041841029 0.3659956522458116 1.38959521739368e-06 0.7319940392092119 0.7319913044916232 2.734717588714908e-06
241 0.4697265625 0.366218249937346 0.3662169040272953 1.345910050742916e-06 0.3662182945523443 0.3662169040272953 1.390525048994284e-06 0.7324365444896903 0.7324338080545906 2.7364350997372e-06
242 0.4716796875 0.3664257146078456 0.366424367949329 1.346658516643284e-06 0.3664257593166504 0.366424367949329 1.391367321468273e-06 0.732851473924496 0.732848735898658 2.738025838056046e-06
243 0.4736328125 0.3666193835859419 0.3666180362010133 1.347384928629403e-06 0.3666194282714464 0.3666180362010133 1.392070433092751e-06 0.7332388118573883 0.7332360724020266 2.739455361666643e-06
244 0.4755859375 0.3667992495576549 0.366797901490848 1.348066806960979e-06 0.3667992941925645 0.366797901490848 1.392701716562694e-06 0.7335985437502195 0.7335958029816959 2.740768523579185e-06
245 0.4775390625 0.3669653057245542 0.3669639570470065 1.348677547696742e-06 0.3669653503878911 0.3669639570470065 1.393340884614513e-06 0.7339306561124453 0.733927914094013 2.742018432311255e-06
246 0.4794921875 0.3671175458746022 0.3671161966175912 1.34925701100741e-06 0.3671175904858529 0.3671161966175912 1.393868261700959e-06 0.734235136360455 0.7342323932351823 2.743125272708369e-06
247 0.4814453125 0.3672559642098464 0.367254614470868 1.349738978362325e-06 0.36725600895329 0.367254614470868 1.394482421923637e-06 0.7345119731631364 0.7345092289417361 2.744221400341473e-06
248 0.4833984375 0.3673805555770676 0.3673792053954832 1.350181584314214e-06 0.3673806004043674 0.3673792053954832 1.395008884130799e-06 0.7347611559814349 0.7347584107909665 2.745190468389502e-06
249 0.4853515625 0.3674913153028565 0.3674899647006589 1.350602197636164e-06 0.3674913600961258 0.3674899647006589 1.395395466896598e-06 0.7349826753989823 0.7349799294013177 2.745997664588273e-06
250 0.4873046875 0.3675882391944047 0.3675868882163696 1.350978035052908e-06 0.3675882839268277 0.3675868882163696 1.395710458096389e-06 0.7351765231212324 0.7351737764327393 2.746688493093785e-06
251 0.4892578125 0.367671323576057 0.3676699722935 1.351282556960598e-06 0.3676713683269264 0.3676699722935 1.396033426415144e-06 0.7353426919029834 0.735339944587 2.747315983375742e-06
252 0.4912109375 0.3677405653598571 0.3677392138039815 1.351555875550581e-06 0.3677406100479655 0.3677392138039815 1.396243984042034e-06 0.7354811754078225 0.735478427607963 2.747799859537103e-06
253 0.4931640625 0.3677959618724091 0.3677946101409103 1.351731498844266e-06 0.3677960066824836 0.3677946101409103 1.39654157332858e-06 0.7355919685548928 0.7355892202818206 2.748273072228358e-06
254 0.4951171875 0.36783751108628 0.3678361592186457 1.351867634391546e-06 0.3678375559701872 0.3678361592186457 1.396751541538066e-06 0.7356750670564672 0.7356723184372913 2.748619175929612e-06
255 0.4970703125 0.3678652114546689 0.3678638594728882 1.351981780639555e-06 0.3678652562942532 0.3678638594728882 1.396821364962886e-06 0.735730467748922 0.7357277189457765 2.74880314554693e-06
256 0.4990234375 0.367879061911799 0.3678777098607392 1.352051059833048e-06 0.3678791066803989 0.3678777098607392 1.39681965966032e-06 0.7357581685921979 0.7357554197214784 2.748870719493368e-06
257 0.5009765625 0.3678790619098555 0.3678777098607392 1.352049116332132e-06 0.367879106686229 0.3678777098607392 1.396825489774489e-06 0.7357581685960846 0.7357554197214784 2.748874606162133e-06
258 0.5029296875 0.3678652114887161 0.3678638594728882 1.352015827904562e-06 0.3678652561921069 0.3678638594728882 1.396719218615949e-06 0.735730467680823 0.7357277189457765 2.748735046465001e-06
259 0.5048828125 0.3678375111034605 0.3678361592186457 1.351884814815296e-06 0.3678375559186434 0.3678361592186457 1.396699997768813e-06 0.7356750670221039 0.7356723184372913 2.748584812639621e-06
260 0.5068359375 0.3677959618552448 0.3677946101409103 1.351714334463239e-06 0.3677960067339802 0.3677946101409103 1.396593069913354e-06 0.7355919685892249 0.7355892202818206 2.748307404321082e-06
261 0.5087890625 0.3677405653258477 0.3677392138039815 1.35152186619969e-06 0.3677406101499974 0.3677392138039815 1.396346015869465e-06 0.735481175475845 0.735478427607963 2.747867882013644e-06
262 0.5107421875 0.367671323578076 0.3676699722935 1.351284576012191e-06 0.3676713683208687 0.3676699722935 1.396027368705255e-06 0.7353426918989447 0.735339944587 2.747311944717445e-06
263 0.5126953125 0.3675882391923527 0.3675868882163696 1.350975983083202e-06 0.3675882839329818 0.3675868882163696 1.395716612173636e-06 0.7351765231253345 0.7351737764327393 2.746692595256839e-06
264 0.5146484375 0.3674913153368461 0.3674899647006589 1.350636187225085e-06 0.3674913599941511 0.3674899647006589 1.395293492190142e-06 0.7349826753309971 0.7349799294013177 2.745929679415227e-06
265 0.5166015625 0.3673805555942157 0.3673792053954832 1.350198732485985e-06 0.3673806003529185 0.3673792053954832 1.394957435285615e-06 0.7347611559471343 0.7347584107909665 2.745156167827112e-06
266 0.5185546875 0.3672559641927228 0.367254614470868 1.349721854726482e-06 0.367256009004663 0.367254614470868 1.394533794940589e-06 0.7345119731973857 0.7345092289417361 2.74425564961156e-06
267 0.5205078125 0.3671175458406273 0.3671161966175912 1.349223036184455e-06 0.3671175905877808 0.3671161966175912 1.393970189667026e-06 0.7342351364284081 0.7342323932351823 2.74319322579597e-06
268 0.5224609375 0.366965305726488 0.3669639570470065 1.348679481483206e-06 0.36696535038209 0.3669639570470065 1.393335083532676e-06 0.7339306561085781 0.733927914094013 2.742014565071393e-06
269 0.5244140625 0.3667992495556066 0.366797901490848 1.348064758599499e-06 0.3667992941987092 0.366797901490848 1.392707861258558e-06 0.7335985437543158 0.7335958029816959 2.740772619858056e-06
270 0.5263671875 0.3666193836199321 0.3666180362010133 1.347418918773435e-06 0.3666194281694723 0.3666180362010133 1.391968458996917e-06 0.7332388117894044 0.7332360724020266 2.739387377825864e-06
271 0.5283203125 0.3664257146248786 0.366424367949329 1.346675549629417e-06 0.3664257592655478 0.366424367949329 1.391316218790628e-06 0.7328514738904264 0.732848735898658 2.737991768420045e-06
272 0.5302734375 0.3662182499202801 0.3662169040272953 1.345892984783159e-06 0.3662182946035439 0.3662169040272953 1.390576248649911e-06 0.732436544523824 0.7324338080545906 2.73646923343307e-06
273 0.5322265625 0.365996997334305 0.3659956522458116 1.345088493420743e-06 0.3659970419426653 0.3659956522458116 1.389696853704159e-06 0.7319940392769704 0.7319913044916232 2.734785347180413e-06
274 0.5341796875 0.3657619651742785 0.3657606209348824 1.344239396072755e-06 0.3657620096810772 0.3657606209348824 1.388746194763701e-06 0.7315239748553557 0.7315212418697649 2.732985590836456e-06
275 0.5361328125 0.3655131622627276 0.3655118189433038 1.343319423752209e-06 0.3655132067465193 0.3655118189433038 1.387803215513461e-06 0.7310263690092469 0.7310236378866076 2.731122639265671e-06
276 0.5380859375 0.3652505980065833 0.3652492556383301 1.342368253220982e-06 0.3652506423873511 0.3652492556383301 1.386749021003997e-06 0.7305012403939344 0.7304985112766602 2.729117274169468e-06
277 0.5400390625 0.3649742822254294 0.3649729409053213 1.341320108094735e-06 0.3649743266864137 0.3649729409053213 1.385781092433369e-06 0.7299486089118431 0.7299458818106426 2.727101200528104e-06
278 0.5419921875 0.3646842253802383 0.364682885147371 1.340232867352853e-06 0.3646842698733184 0.364682885147371 1.384725947461973e-06 0.7293684952535567 0.7293657702947419 2.724958814814826e-06
279 0.5439453125 0.364380438408725 0.3643790992849144 1.339123810617515e-06 0.3643804828168213 0.3643790992849144 1.38353190698437e-06 0.7287609212255464 0.7287581985698287 2.722655717657396e-06
280 0.5458984375 0.3640629327256281 0.3640615947553177 1.337970310433256e-06 0.3640629770223384 0.3640615947553177 1.382267020733075e-06 0.7281259097479665 0.7281231895106354 2.720237331166331e-06
281 0.5478515625 0.3637317202586426 0.3637303835124469 1.336746195790273e-06 0.3637317645224318 0.3637303835124469 1.381009984979809e-06 0.7274634847810745 0.7274607670248937 2.717756180770081e-06
282 0.5498046875 0.3633868135174246 0.3633854780262181 1.335491206566619e-06 0.3633868576679803 0.3633854780262181 1.379641762278006e-06 0.7267736711854049 0.7267709560524361 2.715132968789113e-06
283 0.5517578125 0.3630282254217282 0.3630268912821278 1.334139600350781e-06 0.3630282696419051 0.3630268912821278 1.378359777259863e-06 0.7260564950636332 0.7260537825642557 2.712499377555133e-06
284 0.5537109375 0.3626559695299496 0.3626546367807645 1.332749185012361e-06 0.3626560137715721 0.3626546367807645 1.376990807544498e-06 0.7253119833015216 0.7253092735615291 2.709739992501348e-06
285 0.5556640625 0.3622700598743427 0.3622687285372996 1.331337043108949e-06 0.3622701040211102 0.3622687285372996 1.375483810628353e-06 0.7245401638954529 0.7245374570745992 2.706820853792813e-06
286 0.5576171875 0.361870510961669 0.3618691810809604 1.329880708611508e-06 0.36187055498736 0.3618691810809604 1.373906399648739e-06 0.7237410659490291 0.7237383621619208 2.703787108315758e-06
287 0.5595703125 0.3614573378086885 0.3614560094544828 1.328354205742954e-06 0.3614573817912131 0.3614560094544828 1.372336730309787e-06 0.7229147195999015 0.7229120189089655 2.70069093599723e-06
288 0.5615234375 0.3610305560105272 0.3610292292135449 1.326796982281664e-06 0.3610305998702318 0.3610292292135449 1.370656686872085e-06 0.722061155880759 0.7220584584270898 2.69745366920926e-06
289 0.5634765625 0.3605901815700032 0.3605888564261818 1.325143821451213e-06 0.3605902254883456 0.3605888564261818 1.369062163802948e-06 0.7211804070583487 0.7211777128523635 2.69420598519865e-06
290 0.5654296875 0.3601362311242755 0.3601349076721798 1.323452095691735e-06 0.3601362750534711 0.3601349076721798 1.367381291361713e-06 0.7202725061777466 0.7202698153443595 2.69083338710896e-06
291 0.5673828125 0.3596687217812176 0.359667400042453 1.321738764603619e-06 0.359668765605893 0.359667400042453 1.36556344004779e-06 0.7193374873871106 0.7193348000849059 2.687302204651409e-06
292 0.5693359375 0.3591876711200052 0.3591863511383995 1.319981605740761e-06 0.359187714813938 0.3591863511383995 1.363675538490483e-06 0.7183753859339432 0.7183727022767989 2.683657144286755e-06
293 0.5712890625 0.358693097226035 0.3586917790712385 1.318154796536852e-06 0.3586931408665667 0.3586917790712385 1.361795328169713e-06 0.7173862380926017 0.717383558142477 2.679950124706565e-06
294 0.5732421875 0.3581850187587481 0.358183702461329 1.316297419062806e-06 0.3581850622671656 0.358183702461329 1.359805836542716e-06 0.7163700810259137 0.716367404922658 2.676103255661033e-06
295 0.5751953125 0.3576634547824114 0.357662140437468 1.314344943381673e-06 0.3576634983384122 0.357662140437468 1.357900944187751e-06 0.7153269531208236 0.715324280874936 2.672245887569424e-06
296 0.5771484375 0.3571284249903709 0.357127112636171 1.312354199867194e-06 0.3571284685466231 0.357127112636171 1.355910452083275e-06 0.714256893536994 0.7142542252723421 2.668264651894958e-06
297 0.5791015625 0.3565799495429853 0.3565786392009324 1.310342052973645e-06 0.3565799929849938 0.3565786392009324 1.353784061408625e-06 0.7131599425279791 0.7131572784018647 2.66412611438227e-06
298 0.5810546875 0.3560180490678556 0.3560167407814668 1.308286388723712e-06 0.3560180923698896 0.3560167407814668 1.35158842279326e-06 0.7120361414377452 0.7120334815629337 2.659874811516971e-06
299 0.5830078125 0.3554427446946506 0.3554414385329324 1.306161718228616e-06 0.3554427879332524 0.3554414385329324 1.349400320038718e-06 0.710885532627903 0.7108828770658647 2.655562038267334e-06
300 0.5849609375 0.3548540581219689 0.3548527541151334 1.304006835511906e-06 0.3548541012188246 0.3548527541151334 1.347103691207163e-06 0.7097081593407935 0.7097055082302668 2.651110526663558e-06
301 0.5869140625 0.3542520114493251 0.3542507096917056 1.301757619531774e-06 0.3542520545829396 0.3542507096917056 1.344891233989731e-06 0.7085040660322647 0.7085014193834112 2.646648853521505e-06
302 0.5888671875 0.3536366273998076 0.3536353279292813 1.299470526294755e-06 0.3536366705231981 0.3536353279292813 1.342593916819901e-06 0.7072732979230056 0.7072706558585625 2.642064443114656e-06
303 0.5908203125 0.3530079291588996 0.3530066319966358 1.29716226371368e-06 0.3530079721585938 0.3530066319966358 1.340161957907871e-06 0.7060159013174934 0.7060132639932717 2.637324221677062e-06
304 0.5927734375 0.3523659403747642 0.3523646455638159 1.294810948238023e-06 0.3523659832251753 0.3523646455638159 1.337661359401832e-06 0.7047319235999394 0.7047292911276318 2.632472307584344e-06
305 0.5947265625 0.351710685192568 0.3517093928012479 1.292391320129038e-06 0.3517107279695116 0.3517093928012479 1.335168263727482e-06 0.7034214131620795 0.7034187856024957 2.627559583801009e-06
306 0.5966796875 0.351042188320567 0.3510408983788277 1.289941739257561e-06 0.3510422309467847 0.3510408983788277 1.332567956924269e-06 0.7020844192673517 0.7020817967576555 2.622509696181829e-06
307 0.5986328125 0.3503604748638662 0.3503591874649928 1.287398873450751e-06 0.3503605175158064 0.3503591874649928 1.330050813597161e-06 0.7007209923796727 0.7007183749299856 2.617449687103424e-06
308 0.6005859375 0.3496655705443306 0.3496642857257736 1.284818556990253e-06 0.3496656131754869 0.3496642857257736 1.327449713373063e-06 0.6993311837198175 0.6993285714515471 2.612268270363316e-06
309 0.6025390625 0.3489575015411427 0.3489562193238279 1.282217314824141e-06 0.348957544039294 0.3489562193238279 1.324715466100024e-06 0.6979150455804366 0.6979124386476557 2.606932780868654e-06
310 0.6044921875 0.3482362944910264 0.3482350149174554 1.27957357104469e-06 0.3482363368306524 0.3482350149174554 1.321913196961066e-06 0.6964726313216788 0.6964700298349108 2.601486768005756e-06
311 0.6064453125 0.3475019765217876 0.3475006996595946 1.27686219303369e-06 0.3475020187783056 0.3475006996595946 1.319118711040623e-06 0.6950039953000933 0.6950013993191891 2.595980904129824e-06
312 0.6083984375 0.3467545753180844 0.3467533011967998 1.274121284644547e-06 0.3467546174149068 0.3467533011967998 1.316218107005884e-06 0.6935091927329912 0.6935066023935995 2.590339391650431e-06
313 0.6103515625 0.3459941189564597 0.3459928476682007 1.27128825905265e-06 0.3459941610677671 0.3459928476682007 1.313399566493789e-06 0.6919882800242269 0.6919856953364013 2.584687825546439e-06
314 0.6123046875 0.3452206361226552 0.3452193677044428 1.268418212407862e-06 0.3452206782026714 0.3452193677044428 1.310498228601631e-06 0.6904413143253265 0.6904387354088856 2.578916440953982e-06
315 0.6142578125 0.3444341559541553 0.3444328904266096 1.265527545757372e-06 0.34443419789193 0.3444328904266096 1.30746532039927e-06 0.6888683538460854 0.6888657808532191 2.572992866212154e-06
316 0.6162109375 0.3436347080399717 0.3436334454451261 1.262594845563569e-06 0.3436347498106479 0.3436334454451261 1.304365521759276e-06 0.6872694578506195 0.6872668908902523 2.566960367267335e-06
317 0.6181640625 0.3428223224541324 0.3428210628586441 1.259595488356524e-06 0.3428223641318 0.3428210628586441 1.301273155895899e-06 0.6856446865859324 0.6856421257172881 2.560868644252423e-06
318 0.6201171875 0.3419970298198534 0.3419957732529086 1.25656694477394e-06 0.3419970713291708 0.3419957732529086 1.298076262201686e-06 0.6839941011490241 0.6839915465058172 2.554643206975626e-06
319 0.6220703125 0.341158861147167 0.3411576076996069 1.253447560134457e-06 0.3411589026598794 0.3411576076996069 1.294960272457679e-06 0.6823177638070463 0.6823152153992138 2.548407832536626e-06
320 0.6240234375 0.3403078480469059 0.3403065977551984 1.250291707444173e-06 0.3403078895177362 0.3403065977551984 1.291762537769525e-06 0.6806157375646421 0.6806131955103969 2.542054245213698e-06
321 0.6259765625 0.339444022575261 0.3394427754597265 1.247115534452892e-06 0.3394440638948137 0.3394427754597265 1.288435087176687e-06 0.6788880864700746 0.678885550919453 2.535550621574068e-06
322 0.6279296875 0.3385674172335185 0.3385661733356125 1.243897906011426e-06 0.3385674583774231 0.3385661733356125 1.285041810628051e-06 0.6771348756109415 0.6771323466712249 2.528939716639478e-06
323 0.6298828125 0.3376780650009864 0.3376768243864306 1.240614555808595e-06 0.3376781060424331 0.3376768243864306 1.281656002494191e-06 0.6753561710434195 0.6753536487728612 2.522270558302786e-06
324 0.6318359375 0.3367759993981827 0.3367747620956664 1.237302516332583e-06 0.3367760402627253 0.3367747620956664 1.278167058915702e-06 0.673552039660908 0.6735495241913327 2.515469575303797e-06
325 0.6337890625 0.3358612543264514 0.335860020425455 1.233900996322479e-06 0.3358612951833204 0.335860020425455 1.274757865321607e-06 0.6717225495097717 0.6717200408509101 2.508658861644086e-06
326 0.6357421875 0.334933864278929 0.3349326338153036 1.230463625379041e-06 0.334933905083349 0.3349326338153036 1.271268045388574e-06 0.6698677693622779 0.6698652676306072 2.501731670712104e-06
327 0.6376953125 0.3339938641870272 0.3339926371807936 1.227006233561756e-06 0.3339939048314187 0.3339926371807936 1.267650625025318e-06 0.6679877690184459 0.6679852743615873 2.494656858642585e-06
328 0.6396484375 0.3330412894202914 0.3330400659122673 1.223508024172926e-06 0.3330413298807886 0.3330400659122673 1.263968521292291e-06 0.66608261930108 0.6660801318245345 2.487476545520728e-06
329 0.6416015625 0.3320761758186976 0.3320749558734943 1.219945203356776e-06 0.3320762161671478 0.3320749558734943 1.260293653493338e-06 0.6641523919858454 0.6641499117469886 2.480238856850114e-06
330 0.6435546875 0.3310985597544824 0.3310973434003222 1.216354160227251e-06 0.331098599917713 0.3310973434003222 1.256517390801903e-06 0.6621971596721954 0.6621946868006444 2.472871550973643e-06
331 0.6455078125 0.3301084779744144 0.3301072652993081 1.212675106276873e-06 0.3301085181189604 0.3301072652993081 1.252819652297621e-06 0.6602169960933748 0.6602145305986162 2.465494758574494e-06
332 0.6474609375 0.3291059678071869 0.3291047588463329 1.208960853982255e-06 0.3291060078888885 0.3291047588463329 1.24904255560665e-06 0.6582119756960754 0.6582095176926658 2.458003409588905e-06
333 0.6494140625 0.3280910670120962 0.3280898617851977 1.205226898448597e-06 0.3280911069253715 0.3280898617851977 1.245140173800063e-06 0.6561821739374677 0.6561797235703954 2.45036707224866e-06
334 0.6513671875 0.3270638137790767 0.3270626123262036 1.20145287302309e-06 0.3270638535003774 0.3270626123262036 1.241174173716164e-06 0.654127667279454 0.6541252246524073 2.442627046739254e-06
335 0.6533203125 0.326024246760151 0.3260230491447119 1.1976154390414e-06 0.3260242863598652 0.3260230491447119 1.237215153326865e-06 0.6520485331200162 0.6520460982894238 2.434830592368264e-06
336 0.6552734375 0.3249724051299591 0.3249712113796889 1.193750270134242e-06 0.3249724445363584 0.3249712113796889 1.233156669444568e-06 0.6499448496663174 0.6499424227593779 2.426906939523299e-06
337 0.6572265625 0.3239083284309648 0.3239071386322319 1.189798732925684e-06 0.323908367807449 0.3239071386322319 1.229175217054568e-06 0.6478166962384138 0.6478142772644638 2.418973949924741e-06
338 0.6591796875 0.3228320567766908 0.3228308709640785 1.185812612325421e-06 0.3228320960801171 0.3228308709640785 1.225116038672258e-06 0.6456641528568079 0.645661741928157 2.410928650942168e-06
339 0.6611328125 0.3217436307032689 0.321742448896098 1.181807170902438e-06 0.3217436698300429 0.321742448896098 1.220933944834357e-06 0.6434873005333118 0.6434848977921961 2.402741115736795e-06
340 0.6630859375 0.3206430911692286 0.3206419134067661 1.177762462500898e-06 0.3206431300961508 0.3206419134067661 1.216689384631042e-06 0.6412862212653794 0.6412838268135322 2.39445184713194e-06
341 0.6650390625 0.319530479586175 0.3195293059306221 1.173655552910713e-06 0.3195305183824023 0.3195293059306221 1.212451780252533e-06 0.6390609979685773 0.6390586118612441 2.386107333163245e-06
342 0.6669921875 0.3184058378781509 0.3184046683567084 1.169521442467847e-06 0.3184058764734611 0.3184046683567084 1.208116752693389e-06 0.6368117143516119 0.6368093367134168 2.377638195105725e-06
343 0.6689453125 0.3172692083297532 0.3172680430269941 1.165302759120745e-06 0.3172692468840458 0.3172680430269941 1.203857051712554e-06 0.6345384552137991 0.6345360860539883 2.36915981088881e-06
344 0.6708984375 0.3161206337849853 0.3161194727347805 1.161050204867564e-06 0.3161206722559899 0.3161194727347805 1.199521209471754e-06 0.6322413060409753 0.6322389454695609 2.360571414339319e-06
345 0.6728515625 0.3149601575018429 0.3149590007230899 1.15677875300868e-06 0.3149601957880357 0.3149590007230899 1.195064945835878e-06 0.6299203532898787 0.6299180014461798 2.351843698900069e-06
346 0.6748046875 0.3137878231518776 0.3137866706830376 1.15246883997111e-06 0.3137878612306392 0.3137866706830376 1.190547601559455e-06 0.6275756843825168 0.6275733413660752 2.343016441530565e-06
347 0.6767578125 0.3126036748502024 0.3126025267521871 1.14809801532445e-06 0.3126037127893763 0.3126025267521871 1.186037189182532e-06 0.6252073876395787 0.6252050535043742 2.334135204562493e-06
348 0.6787109375 0.3114077572134822 0.3114066135128879 1.143700594286035e-06 0.3114077949443116 0.3114066135128879 1.181431423691315e-06 0.6228155521577938 0.6228132270257758 2.325132018032861e-06
349 0.6806640625 0.3102001152111012 0.3101989759905977 1.139220503543203e-06 0.3102001528897974 0.3101989759905977 1.176899199650805e-06 0.6204002681008987 0.6203979519811954 2.31611970324952e-06
350 0.6826171875 0.308980794359473 0.3089796596521868 1.134707286187808e-06 0.3089808319447513 0.3089796596521868 1.172292564577404e-06 0.6179616263042242 0.6179593193043735 2.306999850709701e-06
351 0.6845703125 0.3077498405798175 0.3077487104042258 1.130175591723681e-06 0.3077498779724773 0.3077487104042258 1.167568251470019e-06 0.6154997185522948 0.6154974208084516 2.2977438431937e-06
352 0.6865234375 0.3065073001975541 0.3065061745912585 1.125606295615533e-06 0.3065073373755801 0.3065061745912585 1.162784321606658e-06 0.6130146375731341 0.6130123491825169 2.288390617222191e-06
353 0.6884765625 0.3052532199715762 0.3052520989940556 1.120977520585598e-06 0.3052532570011636 0.3052520989940556 1.158007107926462e-06 0.6105064769727397 0.6105041979881113 2.278984628456548e-06
354 0.6904296875 0.3039876471506516 0.303986530827855 1.116322796590463e-06 0.303987683964574 0.303986530827855 1.153136718945458e-06 0.6079753311152256 0.6079730616557101 2.269459515535921e-06
355 0.6923828125 0.3027106293278774 0.3027095177405825 1.111587294932992e-06 0.3027106660789398 0.3027095177405825 1.148338357292999e-06 0.6054212954068172 0.6054190354811649 2.259925652281503e-06
356 0.6943359375 0.3014222146306155 0.3014211078110592 1.106819556229155e-06 0.301422251278174 0.3014211078110592 1.143467114717023e-06 0.6028444659087895 0.6028422156221185 2.250286671001689e-06
357 0.6962890625 0.3001224515809873 0.3001213495471907 1.102033796607227e-06 0.3001224880282534 0.3001213495471907 1.138481062645802e-06 0.6002449396092406 0.6002426990943814 2.240514859197518e-06
358 0.6982421875 0.2988113890954743 0.298810291884141 1.097211333234149e-06 0.2988114253211193 0.298810291884141 1.133436978217883e-06 0.5976228144165936 0.5976205837682821 2.230648311507544e-06
359 0.7001953125 0.2974890765133654 0.2974879841824902 1.092330875196446e-06 0.2974891125819615 0.2974879841824902 1.128399471306274e-06 0.594978189095327 0.5949759683649805 2.220730346502719e-06
360 0.7021484375 0.296155563651527 0.2961544762263758 1.087425151258259e-06 0.2961555994974715 0.2961544762263758 1.123271095748724e-06 0.5923111631489986 0.5923089524527515 2.210696247062494e-06
361 0.7041015625 0.2948109006623263 0.2948098182216187 1.082440707622645e-06 0.2948109364345823 0.2948098182216187 1.118212963668874e-06 0.5896218370969086 0.5896196364432373 2.200653671291519e-06
362 0.7060546875 0.2934551382187181 0.2934540607938326 1.077424885531642e-06 0.293455173877638 0.2934540607938326 1.113083805459603e-06 0.5869103120963561 0.5869081215876651 2.190508690991244e-06
363 0.7080078125 0.2920883273780211 0.2920872549865187 1.072391502432435e-06 0.2920883628294432 0.2920872549865187 1.107842924508162e-06 0.5841766902074643 0.5841745099730373 2.180234426996108e-06
364 0.7099609375 0.2907105195815454 0.2907094522591427 1.067322402625859e-06 0.2907105548046984 0.2907094522591427 1.102545555631274e-06 0.5814210743862438 0.5814189045182855 2.169867958312643e-06
365 0.7119140625 0.2893217666820938 0.289320704485199 1.062196894774381e-06 0.2893218017397462 0.289320704485199 1.097254547166582e-06 0.5786435684218401 0.5786414089703981 2.159451441996474e-06
366 0.7138671875 0.2879221209970667 0.2879210639502561 1.057046810581941e-06 0.2879221558254357 0.2879210639502561 1.091875179659585e-06 0.5758442768225024 0.5758421279005121 2.148921990241526e-06
367 0.7158203125 0.2865116351701754 0.2865105833499891 1.051820186281915e-06 0.2865116699141219 0.2865105833499891 1.086564132779522e-06 0.5730233050842973 0.5730211666999783 2.138384319061437e-06
368 0.7177734375 0.2850903623512642 0.2850893157881954 1.046563068762829e-06 0.2850903969722534 0.2850893157881954 1.081184057949436e-06 0.5701807593235175 0.5701786315763908 2.127747126712265e-06
369 0.7197265625 0.2836583560637193 0.2836573147747954 1.041288923919748e-06 0.2836583904701458 0.2836573147747954 1.075695350405415e-06 0.5673167465338651 0.5673146295495908 2.116984274325162e-06
370 0.7216796875 0.2822156702038899 0.282214634223818 1.035980071950604e-06 0.2822157043756691 0.282214634223818 1.070151851079171e-06 0.5644313745795591 0.564429268447636 2.106131923085286e-06
371 0.7236328125 0.2807623590678893 0.2807613284513703 1.030616519015481e-06 0.2807623930657253 0.2807613284513703 1.064614355061888e-06 0.5615247521336146 0.5615226569027405 2.095230874132881e-06
372 0.7255859375 0.2792984774025937 0.2792974521735934 1.025229000306549e-06 0.2792985111650612 0.2792974521735934 1.058991467794979e-06 0.5585969885676549 0.5585949043471868 2.084220468101528e-06
373 0.7275390625 0.2778240802718976 0.2778230605046016 1.019767295995511e-06 0.2778241139392755 0.2778230605046016 1.053434673881082e-06 0.5556481942111732 0.5556461210092033 2.073201969876592e-06
374 0.7294921875 0.2763392232304595 0.2763382089544082 1.014276051258811e-06 0.2763392567652723 0.2763382089544082 1.04781086407435e-06 0.5526784799957318 0.5526764179088165 2.062086915333161e-06
375 0.7314453125 0.2748439621950748 0.2748429534268346 1.008768240218227e-06 0.2748439955087807 0.2748429534268346 1.042081946123208e-06 0.5496879577038555 0.5496859068536691 2.050850186341435e-06
376 0.7333984375 0.2733383534443187 0.2733373502174064 1.003226912266175e-06 0.2733383865170158 0.2733373502174064 1.036299609347147e-06 0.5466767399613344 0.5466747004348128 2.039526521557811e-06
377 0.7353515625 0.271822453643713 0.2718214560112333 9.976324797378311e-07 0.2718224865346962 0.2718214560112333 1.030523462897115e-06 0.5436449401784093 0.5436429120224666 2.028155942634946e-06
378 0.7373046875 0.2702963198957486 0.2702953278808756 9.920148730246936e-07 0.2702963525454393 0.2702953278808756 1.024664563753497e-06 0.5405926724411879 0.5405906557617511 2.01667943677819e-06
379 0.7392578125 0.2687600096097164 0.2687590232841946 9.863255218123257e-07 0.2687600421536764 0.2687590232841946 1.018869481783646e-06 0.5375200517633928 0.5375180465683892 2.005195003595972e-06
380 0.7412109375 0.2672135806697337 0.2672126000621902 9.80607543554779e-07 0.2672136130719162 0.2672126000621902 1.013009725991942e-06 0.5344271937416498 0.5344252001243803 1.99361726949121e-06
381 0.7431640625 0.2656570913104702 0.2656561164368227 9.748736474746167e-07 0.2656571234848552 0.2656561164368227 1.007048032464208e-06 0.5313142147953254 0.5313122328736455 1.981921679883314e-06
382 0.7451171875 0.2640906001160883 0.2640896310088207 9.691072676010215e-07 0.2640906320437928 0.2640896310088207 1.001034972081261e-06 0.5281812321598811 0.5281792620176414 1.970142239682282e-06
383 0.7470703125 0.2625141660450425 0.2625132027554754 9.632895671130015e-07 0.2625141977834126 0.2625132027554754 9.950279372117343e-07 0.5250283638284552 0.5250264055109508 1.958317504380247e-06
384 0.7490234375 0.2609278484779524 0.2609268910284193 9.574495331565736e-07 0.2609278799692653 0.2609268910284193 9.889408459917703e-07 0.5218557284472176 0.5218537820568385 1.946390379092833e-06
385 0.7509765625 0.259331707091629 0.2593307555513926 9.515402364379533e-07 0.2593317384667724 0.2593307555513926 9.829153798657231e-07 0.5186634455584014 0.5186615111027851 1.934455616248165e-06
386 0.7529296875 0.2577258020213007 0.2577248564179935 9.456033071564285e-07 0.2577258332455377 0.2577248564179935 9.768275441857099e-07 0.5154516352668383 0.5154497128359871 1.922430851286627e-06
387 0.7548828125 0.2561101937404485 0.2561092540894171 9.396510313730566e-07 0.2561102247307938 0.2561092540894171 9.706413766630284e-07 0.5122204184712423 0.5122185081788343 1.910292408036085e-06
388 0.7568359375 0.2544849430595985 0.2544840093921778 9.336674207105489e-07 0.2544849737979258 0.2544840093921778 9.644057479829549e-07 0.5089699168575244 0.5089680187843556 1.898073168749015e-06
389 0.7587890625 0.2528501111502121 0.2528491835158198 9.276343922448582e-07 0.2528501416916406 0.2528491835158198 9.58175820742202e-07 0.5057002528418526 0.5056983670316396 1.88581021298706e-06
390 0.7607421875 0.251205759590443 0.2512048380106133 9.215798296713373e-07 0.2512057898794726 0.2512048380106133 9.518688592335955e-07 0.5024115494699155 0.5024096760212267 1.873448688849422e-06
391 0.7626953125 0.2495519502438301 0.2495510347852372 9.154585929038728e-07 0.2495519804064464 0.2495510347852372 9.456212092251448e-07 0.4991039306502766 0.4991020695704744 1.861079802156773e-06
392 0.7646484375 0.2478887454152622 0.2478878361044484 9.093108137570027e-07 0.2478887754178492 0.2478878361044484 9.393134007551485e-07 0.4957775208331113 0.4957756722088968 1.848624214484396e-06
393 0.7666015625 0.24621620773493 0.2462153045867369 9.031481930932284e-07 0.2462162374979998 0.2462153045867369 9.329112628797542e-07 0.4924324452329298 0.4924306091734739 1.836059455972983e-06
394 0.7685546875 0.2445344001574356 0.2445335032019693 8.969554662341395e-07 0.2445344296634942 0.2445335032019693 9.264615248305574e-07 0.4890688298209298 0.4890670064039387 1.823416991064697e-06
395 0.7705078125 0.2428433859843155 0.242842495269017 8.90715298518252e-07 0.2428434152861544 0.242842495269017 9.200171374734722e-07 0.4856868012704699 0.4856849905380339 1.810732435991724e-06
396 0.7724609375 0.2411432289078026 0.241142344453373 8.844544295838475e-07 0.2411432579522006 0.241142344453373 9.134988276371381e-07 0.4822864868600032 0.482284688906746 1.797953257220986e-06
397 0.7744140625 0.2394339928942468 0.2394331147647544 8.781294923709826e-07 0.239434021802408 0.2394331147647544 9.070376535968983e-07 0.4788680146966547 0.4788662295295088 1.785167145940125e-06
398 0.7763671875 0.237715742333884 0.2377148705546932 8.717791908086081e-07 0.2377157710731536 0.2377148705546932 9.005184604393701e-07 0.4754315134070376 0.4754297411093864 1.772297651247978e-06
399 0.7783203125 0.2359885419287677 0.2359876765141124 8.654146552711239e-07 0.235988570422931 0.2359876765141124 8.939088185777599e-07 0.4719771123516987 0.4719753530282249 1.759323473848884e-06
400 0.7802734375 0.2342524566921264 0.2342515976708918 8.590212345338522e-07 0.2342524849245408 0.2342515976708918 8.872536489679117e-07 0.4685049416166671 0.4685031953417836 1.746274883474008e-06
401 0.7822265625 0.2325075519697804 0.2325066993874183 8.525823620431083e-07 0.2325075799910474 0.2325066993874183 8.80603629072052e-07 0.4650151319608278 0.4650133987748367 1.73318599111516e-06
402 0.7841796875 0.2307538934817733 0.2307530473581263 8.461236470636013e-07 0.2307539212410314 0.2307530473581263 8.73882905150225e-07 0.4615078147228048 0.4615060947162525 1.720006552241582e-06
403 0.7861328125 0.2289915472107208 0.2289907076070234 8.396036974001042e-07 0.2289915748236641 0.2289907076070234 8.672166407486248e-07 0.4579831220343848 0.4579814152140467 1.706820338120973e-06
404 0.7880859375 0.2272205795446397 0.227219746485205 8.330594346850351e-07 0.2272206069802643 0.227219746485205 8.604950592350225e-07 0.454441186524904 0.4544394929704101 1.693554493920058e-06
405 0.7900390625 0.2254410571699733 0.2254402306683568 8.265016164799022e-07 0.2254410843552351 0.2254402306683568 8.536868783270979e-07 0.4508821415252084 0.4508804613367136 1.680188494834756e-06
406 0.7919921875 0.2236530470704141 0.2236522271542431 8.199161710131797e-07 0.2236530739895547 0.2236522271542431 8.468353115687055e-07 0.4473061210599688 0.4473044543084862 1.666751482609641e-06
407 0.7939453125 0.2218566165475269 0.2218558032601859 8.132873409727459e-07 0.2218566432488201 0.2218558032601859 8.39988634204758e-07 0.443713259796347 0.4437116065203718 1.653275975177504e-06
408 0.7958984375 0.220051833260091 0.2200510266205293 8.066395617289945e-07 0.2200518596950756 0.2200510266205293 8.330745462914457e-07 0.4401036929551666 0.4401020532410586 1.639714107992685e-06
409 0.7978515625 0.2182387651174814 0.2182379651840938 7.999333876129722e-07 0.2182387913964929 0.2182379651840938 8.262123990521175e-07 0.4364775565139744 0.4364759303681877 1.626145786692845e-06
410 0.7998046875 0.2164174804156598 0.2164166872116177 7.932040421709807e-07 0.2164175065091566 0.2164166872116177 8.192975388954249e-07 0.4328349869248164 0.4328333744232353 1.61250158103865e-06
411 0.8017578125 0.2145880477349654 0.2145872612731873 7.86461778090608e-07 0.214588073573413 0.2145872612731873 8.123002256943401e-07 0.4291761213083785 0.4291745225463747 1.598762003784948e-06
412 0.8037109375 0.212750535938921 0.2127497562456552 7.796932658121758e-07 0.2127505615071299 0.2127497562456552 8.052614746956177e-07 0.4255010974460509 0.4254995124913103 1.584954740507794e-06
413 0.8056640625 0.2109050141935039 0.210904241310047 7.728834569009635e-07 0.2109050395375102 0.210904241310047 7.98227463266743e-07 0.4218100537310141 0.4218084826200939 1.571110920195462e-06
414 0.8076171875 0.2090515520046177 0.2090507859489572 7.660556605726399e-07 0.2090515770782532 0.2090507859489572 7.911292960183225e-07 0.4181031290828709 0.4181015718979143 1.557184956590962e-06
415 0.8095703125 0.2071902191162693 0.2071894599439322 7.591723370781178e-07 0.2071902440245672 0.2071894599439322 7.840806350023488e-07 0.4143804631408365 0.4143789198878644 1.543252972080467e-06
416 0.8115234375 0.2053210856399482 0.2053203333728444 7.52267103776294e-07 0.2053211103545155 0.2053203333728444 7.769816710301303e-07 0.4106421959944637 0.4106406667456889 1.52924877483418e-06
417 0.8134765625 0.2034442219568539 0.2034434766072526 7.453496013443139e-07 0.2034442464117804 0.2034434766072526 7.698045278448085e-07 0.4068884683686343 0.4068869532145052 1.515154129161367e-06
418 0.8154296875 0.2015596987169256 0.2015589603097533 7.384071722960073e-07 0.2015597228979828 0.2015589603097533 7.62588229452632e-07 0.4031194216149084 0.4031179206195067 1.500995401748639e-06
419 0.8173828125 0.1996675868569165 0.1996668554313198 7.314255967283412e-07 0.1996676108078156 0.1996668554313198 7.55376495770177e-07 0.3993351976647321 0.3993337108626396 1.486802092498518e-06
420 0.8193359375 0.1977679576356423 0.1977672332086317 7.244270106010475e-07 0.197767981312608 0.1977672332086317 7.481039762946562e-07 0.3955359389482502 0.3955344664172634 1.472530986867948e-06
421 0.8212890625 0.1958608825373085 0.1958601651613916 7.173759168921379e-07 0.195860906039623 0.1958601651613916 7.408782314588525e-07 0.3917217885769315 0.3917203303227831 1.458254148378746e-06
422 0.8232421875 0.1939464333937326 0.1939457230896338 7.103040988443166e-07 0.1939464566946135 0.1939457230896338 7.336049797357358e-07 0.3878928900883461 0.3878914461792675 1.443909078580052e-06
423 0.8251953125 0.1920246822917442 0.1920239790710203 7.032207239021648e-07 0.1920247053288098 0.1920239790710203 7.262577894906475e-07 0.384049387620554 0.3840479581420406 1.429478513392812e-06
424 0.8271484375 0.1900957015719436 0.190095005458127 6.961138165062497e-07 0.1900957243317931 0.190095005458127 7.188736660945771e-07 0.3801914259037367 0.3801900109162541 1.414987482573071e-06
425 0.8291015625 0.1881595638456943 0.1881588748757206 6.889699736556398e-07 0.1881595863696216 0.1881588748757206 7.114939009622567e-07 0.3763191502153158 0.3763177497514412 1.400463874590141e-06
426 0.8310546875 0.1862163420281032 0.1862156602180228 6.818100803940297e-07 0.1862163642749465 0.1862156602180228 7.040569237337646e-07 0.3724327063030497 0.3724313204360455 1.38586700415555e-06
427 0.8330078125 0.1842661092467303 0.1842654346459674 6.746007628899431e-07 0.1842661313099139 0.1842654346459674 6.966639465311175e-07 0.3685322405566442 0.3685308692919348 1.371264709448816e-06
428 0.8349609375 0.1823089389564744 0.1823082715844447 6.67372029666824e-07 0.1823089608104836 0.1823082715844447 6.892260389357308e-07 0.364617899766958 0.3646165431688894 1.356598068602555e-06
429 0.8369140625 0.1803449048518906 0.1803442447195381 6.601323525867731e-07 0.1803449264384171 0.1803442447195381 6.817188790142481e-07 0.3606898312903077 0.3606884894390761 1.341851231628777e-06
430 0.8388671875 0.1783740808663447 0.1783734279957485 6.528705961961201e-07 0.1783741021727245 0.1783734279957485 6.741769759954774e-07 0.3567481830390692 0.356746855991497 1.327047572163842e-06
431 0.8408203125 0.1763965411873918 0.1763958956132122 6.455741796418391e-07 0.1763965622523891 0.1763958956132122 6.666391769161173e-07 0.352793103439781 0.3527917912264244 1.312213356585712e-06
432 0.8427734375 0.1744123602876345 0.1744117220249052 6.382627293077814e-07 0.1744123810726172 0.1744117220249052 6.590477119594595e-07 0.3488247413602517 0.3488234440498104 1.297310441239485e-06
433 0.8447265625 0.1724216128388224 0.1724209819338419 6.309049804809064e-07 0.1724216334313313 0.1724209819338419 6.514974893179204e-07 0.3448432462701537 0.3448419638676839 1.282402469826582e-06
434 0.8466796875 0.1704243738193228 0.1704237502902617 6.235290611056321e-07 0.1704243941955026 0.1704237502902617 6.439052408768742e-07 0.3408487680148254 0.3408475005805234 1.267434302010262e-06
435 0.8486328125 0.1684207184317327 0.1684201022888068 6.161429259021745e-07 0.1684207385370276 0.1684201022888068 6.362482208310816e-07 0.3368414569687603 0.3368402045776136 1.252391146733256e-06
436 0.8505859375 0.1664107221018682 0.1664101133656923 6.087361759388177e-07 0.1664107419244407 0.1664101133656923 6.285587483556565e-07 0.3328214640263089 0.3328202267313846 1.237294924294474e-06
437 0.8525390625 0.1643944604929556 0.1643938591958648 6.012970907853799e-07 0.1643944800689798 0.1643938591958648 6.20873115003695e-07 0.3287889405619354 0.3287877183917296 1.22217020581683e-06
438 0.8544921875 0.1623720095341097 0.1623714156901545 5.938439552044539e-07 0.1623720288277485 0.1623714156901545 6.131375940021666e-07 0.3247440383618582 0.324742831380309 1.20698154920662e-06
439 0.8564453125 0.1603434453402033 0.160342858992416 5.8634778721256e-07 0.1603434644326842 0.160342858992416 6.054402681421323e-07 0.3206869097728874 0.3206857179848321 1.191788055354692e-06
440 0.8583984375 0.1583088443113342 0.1583082654766628 5.788346713886394e-07 0.1583088631806836 0.1583082654766628 5.977040208327011e-07 0.3166177074920178 0.3166165309533256 1.176538692193585e-06
441 0.8603515625 0.1562682830563233 0.1562677117441904 5.71312132963131e-07 0.1562683016516066 0.1562677117441904 5.899074162485363e-07 0.31253658470793 0.3125354234883808 1.161219549239423e-06
442 0.8623046875 0.154221838391113 0.1542212746206938 5.637704191263637e-07 0.1542218567015482 0.1542212746206938 5.820808543499645e-07 0.3084436950926612 0.3084425492413877 1.145851273476328e-06
443 0.8642578125 0.1521695873521365 0.1521690311533739 5.561987626023779e-07 0.1521696054111627 0.1521690311533739 5.742577887934974e-07 0.3043391927632992 0.3043380623067478 1.130456551423631e-06
444 0.8662109375 0.1501116072221154 0.1501110586080373 5.486140780275317e-07 0.1501116249966613 0.1501110586080373 5.663886239182236e-07 0.3002232322187766 0.3002221172160747 1.115002701945755e-06
445 0.8681640625 0.1480479754557947 0.1480474344661874 5.40989607306086e-07 0.1480479930209766 0.1480474344661874 5.585547891984177e-07 0.2960959684767713 0.2960948689323749 1.099544396476748e-06
446 0.8701171875 0.1459787697716342 0.1459782364221064 5.33349527709337e-07 0.1459787871070177 0.1459782364221064 5.506849112546508e-07 0.2919575568786519 0.2919564728442129 1.084034438991743e-06
447 0.8720703125 0.1439040680807267 0.1439035423799316 5.257007951731119e-07 0.1439040851392109 0.1439035423799316 5.42759279298366e-07 0.2878081532199376 0.2878070847598631 1.068460074471478e-06
448 0.8740234375 0.1418239484850687 0.1418234304507205 5.180343481125949e-07 0.1418239652569626 0.1418234304507205 5.348062420695854e-07 0.2836479137420312 0.2836468609014411 1.052840590154425e-06
449 0.8759765625 0.1397384892898773 0.1397379789495121 5.103403651895988e-07 0.1397385058059427 0.1397379789495121 5.268564305382917e-07 0.27947699509582 0.2794759578990242 1.03719679572789e-06
450 0.8779296875 0.1376477690268118 0.1376472663923763 5.026344354064349e-07 0.1376477852566229 0.1376472663923763 5.188642465403515e-07 0.2752955542834347 0.2752945327847527 1.021498681974542e-06
451 0.8798828125 0.1355518663854585 0.1355513714934596 4.948919989367084e-07 0.1355518823980031 0.1355513714934596 5.109045434770199e-07 0.2711037487834616 0.2711027429869192 1.005796542385973e-06
452 0.8818359375 0.1334508602973629 0.1334503731620199 4.871353430357939e-07 0.133450876073655 0.1334503731620199 5.029116351418228e-07 0.2669017363710179 0.2669007463240398 9.900469781776167e-07
453 0.8837890625 0.1313448298701918 0.1313443504994572 4.793707346073539e-07 0.1313448453673534 0.1313443504994572 4.948678961613773e-07 0.2626896752375452 0.2626887009989144 9.742386307687312e-07
454 0.8857421875 0.1292338543863287 0.1292333827963343 4.715899944718327e-07 0.1292338695953805 0.1292333827963343 4.867990462675831e-07 0.2584677239817093 0.2584667655926685 9.583890407394158e-07
455 0.8876953125 0.1271180133135229 0.127117549529392 4.637841308774426e-07 0.1271180282626365 0.127117549529392 4.787332444633474e-07 0.2542360415761594 0.2542350990587841 9.425173753685456e-07
456 0.8896484375 0.1249973863259435 0.1249969303585573 4.559673861675995e-07 0.1249974009875058 0.1249969303585573 4.706289485206794e-07 0.2499947873134493 0.2499938607171146 9.265963346882788e-07
457 0.8916015625 0.1228720532414535 0.1228716051239429 4.481175105708335e-07 0.1228720676780429 0.1228716051239429 4.625541000086164e-07 0.2457441209194964 0.2457432102478859 9.106716105655721e-07
458 0.8935546875 0.1207420940976357 0.1207416538428431 4.402547925802525e-07 0.1207421082918668 0.1207416538428431 4.54449023648551e-07 0.2414842023895025 0.2414833076856863 8.947038162288035e-07
459 0.8955078125 0.1186075890915961 0.1186071567067195 4.323848766807359e-07 0.1186076030046997 0.1186071567067195 4.462979802527522e-07 0.2372151920962958 0.2372143134134389 8.786828569196103e-07
460 0.8974609375 0.1164686185785294 0.1164681940781829 4.245003464853347e-07 0.116468632202597 0.1164681940781829 4.381244140400087e-07 0.2329372507811264 0.2329363881563659 8.626247605392212e-07
461 0.8994140625 0.1143252630811716 0.1143248464879674 4.165932042110576e-07 0.1143252764414877 0.1143248464879674 4.299535203006188e-07 0.2286505395226592 0.2286496929759347 8.465467245255542e-07
462 0.9013671875 0.1121776033081666 0.1121771946318983 4.086762683264133e-07 0.1121776163799416 0.1121771946318983 4.217480433360565e-07 0.2243552196881082 0.2243543892637966 8.304243116763477e-07
463 0.9033203125 0.1100257200974642 0.110025319367854 4.007296101893321e-07 0.1100257329368296 0.110025319367854 4.135689755796479e-07 0.2200514530342937 0.220050638735708 8.142985857551022e-07
464 0.9052734375 0.1078696944841841 0.1078693017127222 3.927714618406908e-07 0.1078697070755489 0.1078693017127222 4.053628267081111e-07 0.215739401559733 0.2157386034254444 7.981342885488019e-07
465 0.9072265625 0.1057096076462509 0.1057092228393488 3.848069021344935e-07 0.1057096199549173 0.1057092228393488 3.971155685539296e-07 0.2114192276011682 0.2114184456786975 7.819224706884231e-07
466 0.9091796875 0.1035455409028226 0.1035451640734825 3.768293400374656e-07 0.1035455529216672 0.1035451640734825 3.888481847208469e-07 0.2070910938244898 0.207090328146965 7.656775247721903e-07
467 0.9111328125 0.1013775757223348 0.101377206890713 3.688316217442811e-07 0.1013775874740635 0.101377206890713 3.805833504871847e-07 0.2027551631963983 0.2027544137814261 7.494149722453436e-07
468 0.9130859375 0.09920579373863185 0.09920543291340257 3.608252292786052e-07 0.09920580520123821 0.09920543291340257 3.722878356426929e-07 0.1984115989398701 0.1984108658268051 7.33113064921298e-07
469 0.9150390625 0.09703027670016486 0.09702992390761421 3.527925506452423e-07 0.09703028792330852 0.09702992390761421 3.640156943096606e-07 0.1940605646234734 0.1940598478152284 7.168082449549029e-07
470 0.9169921875 0.09485110652981449 0.0948507617800321 3.447497823882983e-07 0.09485111749958991 0.0948507617800321 3.557195578096639e-07 0.1897022240294044 0.1897015235600642 7.004693401979623e-07
471 0.9189453125 0.09266836527628132 0.09266802857487902 3.367014023009096e-07 0.09266837596209096 0.09266802857487902 3.473872119408306e-07 0.1853367412383723 0.185336057149758 6.84088614255618e-07
472 0.9208984375 0.09048213511240512 0.09048180647082611 3.286415790060282e-07 0.09048214550820219 0.09048180647082611 3.390373760764342e-07 0.1809642806206073 0.1809636129416522 6.676789550963402e-07
473 0.9228515625 0.08829249834205712 0.08829217777790026 3.205641568582163e-07 0.08829250846764279 0.08829217777790026 3.306897425336963e-07 0.1765850068096999 0.1765843555558005 6.512538993919126e-07
474 0.9248046875 0.08609953741354612 0.08609922493438384 3.124791622816092e-07 0.08609954724984402 0.08609922493438384 3.223154601827982e-07 0.1721990846633901 0.1721984498687677 6.347946224505296e-07
475 0.9267578125 0.08390333487509606 0.08390303050371228 3.043713837774797e-07 0.08390334446510557 0.08390303050371228 3.139613932862106e-07 0.1678066793402016 0.1678060610074246 6.183327770636904e-07
476 0.9287109375 0.08170397342629022 0.08170367717136429 2.962549259383218e-07 0.08170398275782485 0.08170367717136429 3.055864605666647e-07 0.1634079561841151 0.1634073543427286 6.018413865049865e-07
477 0.9306640625 0.079501535875369 0.07950124774174989 2.881336191029593e-07 0.07950154492215242 0.07950124774174989 2.971804025225788e-07 0.1590030807975214 0.1590024954834998 5.853140216116604e-07
478 0.9326171875 0.07729610513758961 0.07729582513509248 2.800024971327808e-07 0.07729611389444425 0.07729582513509248 2.887593517769682e-07 0.1545922190320339 0.154591650270185 5.687618488958712e-07
479 0.9345703125 0.07508776424062587 0.07508749238430633 2.718563195391877e-07 0.07508777272457469 0.07508749238430633 2.80340268360435e-07 0.1501755369652006 0.1501749847686127 5.521965878996227e-07
480 0.9365234375 0.07287659633556168 0.07287633263187171 2.637036899677536e-07 0.07287660453044956 0.07287633263187171 2.718985778471517e-07 0.1457532008660112 0.1457526652637434 5.356022678149053e-07
481 0.9384765625 0.07066268465850549 0.0706624291267032 2.555318022873232e-07 0.07066269260064365 0.0706624291267032 2.634739404427933e-07 0.1413253772591491 0.1413248582534064 5.190057427162387e-07
482 0.9404296875 0.06844611257365718 0.0684458652210168 2.473526403840021e-07 0.06844612025266153 0.0684458652210168 2.550316447330614e-07 0.1368922328263187 0.1368917304420336 5.023842851170635e-07
483 0.9423828125 0.06622696353664326 0.06622672436719042 2.391694528397492e-07 0.06622697093037865 0.06622672436719042 2.465631882275776e-07 0.1324539344670219 0.1324534487343808 4.857326410812046e-07
484 0.9443359375 0.06400532109267315 0.06400509011462328 2.309780498671588e-07 0.06400532819700631 0.06400509011462328 2.3808238303058e-07 0.1280106492896795 0.1280101802292466 4.690604329116166e-07
485 0.9462890625 0.06178126888076758 0.06178104610658899 2.227741785973403e-07 0.06178127570982452 0.06178104610658899 2.296032355353361e-07 0.1235625445905921 0.123562092213178 4.523774141257375e-07
486 0.9482421875 0.05955489064206908 0.05955467607708757 2.145649815182837e-07 0.05955489718265177 0.05955467607708757 2.211055642048487e-07 0.1191097878247209 0.1191093521541751 4.356705457231325e-07
487 0.9501953125 0.05732627018775167 0.05732606384769244 2.063400592264286e-07 0.05732627646950803 0.05732606384769244 2.126218155915072e-07 0.1146525466572597 0.1146521276953849 4.189618748179358e-07
488 0.9521484375 0.05509549143371336 0.05509529332439411 1.981093192479633e-07 0.05509549744791219 0.05509529332439411 2.041235180744172e-07 0.1101909888816255 0.1101905866487882 4.022328373154416e-07
489 0.9541015625 0.05286263836977145 0.05286244849444227 1.898753291748601e-07 0.05286264409865999 0.05286244849444227 1.956042177189699e-07 0.1057252824684314 0.1057248969888845 3.854795468938299e-07
490 0.9560546875 0.05062779505794544 0.05062761342318243 1.816347630079207e-07 0.05062780049832799 0.05062761342318243 1.870751455620989e-07 0.1012555955562734 0.1012552268463649 3.687099085630807e-07
491 0.9580078125 0.04839104563521462 0.0483908722508922 1.733843224202558e-07 0.04839105079834138 0.0483908722508922 1.785474491797223e-07 0.09678209643355601 0.09678174450178441 3.519317715999781e-07
492 0.9599609375 0.04615247431931047 0.0461523091896122 1.651296982693728e-07 0.04615247919492298 0.0461523091896122 1.700053107733801e-07 0.09230495351423346 0.09230461837922441 3.351350090496918e-07
493 0.9619140625 0.04391216538288593 0.04391200851997677 1.568629091550089e-07 0.04391216999390583 0.04391200851997677 1.614739290611844e-07 0.08782433537679177 0.08782401703995354 3.183368382231322e-07
494 0.9638671875 0.04167020317977884 0.04167005458803957 1.485917392740621e-07 0.0416702075192487 0.04167005458803957 1.529312091338997e-07 0.08334041069902753 0.08334010917607913 3.015229484010229e-07
495 0.9658203125 0.03942667212023648 0.0394265318020993 1.40318137178963e-07 0.03942667617465957 0.0394265318020993 1.443725602748303e-07 0.07885334829489604 0.07885306360419859 2.846906974468544e-07
496 0.9677734375 0.03718165666910697 0.03718152462952047 1.320395865006541e-07 0.03718166043631144 0.03718152462952047 1.358067909726368e-07 0.07436331710541841 0.07436304925904094 2.67846377466352e-07
497 0.9697265625 0.03493524134731808 0.03493511759355444 1.237537636394892e-07 0.03493524483568495 0.03493511759355444 1.272421305126281e-07 0.06987048618300302 0.06987023518710887 2.509958941521173e-07
498 0.9716796875 0.0326875107350701 0.03268739527015657 1.154649135332031e-07 0.0326875139372593 0.03268739527015657 1.186671027275654e-07 0.0653750246723294 0.06537479054031314 2.341320162607685e-07
499 0.9736328125 0.03043854945228114 0.03043844228480161 1.071674795329047e-07 0.03043855238444133 0.03043844228480161 1.100996397211673e-07 0.06087710183672247 0.06087688456960322 2.17267119254072e-07
500 0.9755859375 0.02818844217640265 0.02818834330929867 9.886710397588594e-08 0.02818844483337267 0.02818834330929867 1.015240739983547e-07 0.05637688700977532 0.05637668661859734 2.003911779777101e-07
501 0.9775390625 0.02593727362371056 0.02593718305860209 9.056510847510468e-08 0.02593727599630546 0.02593718305860209 9.293770337689966e-08 0.05187454962001603 0.05187436611720418 1.835028118554738e-07
502 0.9794921875 0.02368512854742952 0.02368504628762327 8.225980625137241e-08 0.02368513063447239 0.02368504628762327 8.434684911975965e-08 0.04737025918190191 0.04737009257524654 1.666066553676626e-07
503 0.9814453125 0.02143209173789148 0.0214320177880384 7.394985308134538e-08 0.02143209354484668 0.0214320177880384 7.575680828486586e-08 0.04286418528273816 0.04286403557607679 1.497066613662112e-07
504 0.9833984375 0.01917824802311446 0.01917818238509739 6.563801706327421e-08 0.01917824954563562 0.01917818238509739 6.716053822797274e-08 0.03835649756875008 0.03835636477019479 1.32798555291247e-07
505 0.9853515625 0.01692368225561698 0.01692362493442898 5.732118799756103e-08 0.01692368350306398 0.01692362493442898 5.85686349974246e-08 0.03384736575868096 0.03384724986885797 1.158898229949856e-07
506 0.9873046875 0.01466847932123326 0.01466843031884722 4.900238603951224e-08 0.01466848029214809 0.01466843031884722 4.997330086374541e-08 0.02933695961338135 0.02933686063769445 9.897568690325764e-08
507 0.9892578125 0.01241272412889999 0.01241268344515443 4.06837455651371e-08 0.01241272481455294 0.01241268344515443 4.136939851448473e-08 0.02482544894345294 0.02482536689030886 8.205314408135655e-08
508 0.9912109375 0.01015650160391498 0.0101564692409456 3.236296937554617e-08 0.01015650200602916 0.0101564692409456 3.276508355604113e-08 0.02031300360994413 0.0203129384818912 6.512805292985258e-08
509 0.9931640625 0.007899896691298045 0.007899872651410473 2.403988757192221e-08 0.00789989681354069 0.007899872651410473 2.416213021674829e-08 0.01579979350483873 0.01579974530282095 4.820201778693578e-08
510 0.9951171875 0.005642994351832436 0.005642978636134883 1.57156975523487e-08 0.005642994194347768 0.005642978636134883 1.555821288468096e-08 0.0112859885461802 0.01128595727226977 3.127391043702965e-08
511 0.9970703125 0.003385879557185661 0.00338587216590323 7.391282431153806e-09 0.003385879117849577 0.00338587216590323 6.951946346280685e-09 0.006771758675035238 0.00677174433180646 1.434322877743449e-08
512 0.9990234375 0.001128637286030618 0.001128638219498071 -9.334674524238279e-10 0.001128636564424543 0.001128638219498071 -1.655073527664572e-09 0.002257273850455161 0.002257276438996141 -2.5885409800884e-09
