# MMS4TBGC time series -- TBGC Gaussian-pulse spreading
# bv = 5.0000000000000000e-01  nx = 256  h = 3.9062500000000000e-03  dt = 1.5625000000000001e-06  nTimes = 640
# sigma2 is the mass-normalised centred second moment.
# step tau sigma2 sigma2_raw F_h mass phi_min phi_max phi_bdyW phi_bdyE
0 0.0000000000000000e+00 1.5999999999999994e-03 1.5999999999999999e-03 5.5383629363037369e+02 1.0000000000000002e+00 2.1584812083062797e-33 9.9616746874045585e+00 7.2468813080139710e-33 7.2468813080139710e-33
1 1.5625000000000001e-06 1.6059893267924791e-03 1.6060115268935918e-03 2.7777450676854255e+02 1.0000138233179650e+00 -2.0669918796158954e-01 7.8933796680184782e+00 -5.9591977285721435e-06 -5.9591977285720080e-06
2 3.1250000000000001e-06 1.6258151193961090e-03 1.6259587548584106e-03 1.9793493146191923e+02 1.0000883467379458e+00 -2.8940545897527192e-01 6.9990591996049512e+00 -1.8278346057654785e-05 -1.8278346057667250e-05
3 4.6875000000000004e-06 1.6633106090412583e-03 1.6636995993851518e-03 1.5867443723641267e+02 1.0002338651252383e+00 -3.2890919214493475e-01 6.4705458197103933e+00 -1.6270935250529709e-05 -1.6270935250518904e-05
4 6.2500000000000003e-06 1.7046786164559632e-03 1.7053291492641304e-03 1.3462618667300254e+02 1.0003816161016437e+00 -3.4978516002536636e-01 6.1056755951773143e+00 2.0362505418613753e-05 2.0362505418609091e-05
5 7.8125000000000002e-06 1.7258167886541622e-03 1.7265424126361743e-03 1.1808834431263466e+02 1.0004204524992355e+00 -3.6187509858772660e-01 5.8308486845271021e+00 9.2873333981689232e-05 9.2873333981697214e-05
6 9.3750000000000009e-06 1.7047111031707851e-03 1.7051427426718259e-03 1.0587681372568454e+02 1.0002532039007888e+00 -3.6843048362170561e-01 5.6122442498596099e+00 1.8633864434917480e-04 1.8633864434905263e-04
7 1.0937500000000000e-05 1.6285847445117240e-03 1.6283042071260855e-03 9.6413922344726629e+01 9.9982774161026389e-01 -3.7205979130108024e-01 5.4317972326818103e+00 2.8096306291463483e-04 2.8096306291490691e-04
8 1.2500000000000001e-05 1.4948779595157708e-03 1.4935921495368098e-03 8.8819132712370404e+01 9.9913985621984980e-01 -3.7379942393248206e-01 5.2788107310902737e+00 3.6031990276066842e-04 3.6031990276042051e-04
9 1.4062500000000001e-05 1.3089131371530368e-03 1.3065850238984653e-03 8.2558283795388476e+01 9.9822133861408457e-01 -3.7401301333009429e-01 5.1464612912919838e+00 4.1433537733968375e-04 4.1433537733973937e-04
10 1.5625000000000000e-05 1.0807621594231649e-03 1.0776547550498177e-03 7.7287142422427067e+01 9.9712480276418491e-01 -3.7363528062139872e-01 5.0301449957376985e+00 4.3892362324403285e-04 4.3892362324386344e-04
11 1.7187500000000001e-05 8.2256953331609332e-04 8.1920601249269433e-04 7.2773550645086232e+01 9.9591095866407875e-01 -3.7228786782598822e-01 4.9266164118411311e+00 4.3435182666469522e-04 4.3435182666453330e-04
12 1.8750000000000002e-05 5.4668497998702878e-04 5.4375469326839367e-04 6.8855196465621447e+01 9.9463989898038796e-01 -3.7091799355213301e-01 4.8335060374205066e+00 4.0352224519577424e-04 4.0352224519556331e-04
13 2.0312500000000002e-05 2.6454011274756390e-04 2.6278515881949155e-04 6.5415112527317575e+01 9.9336601958075443e-01 -3.6908757096383926e-01 4.7490335720038797e+00 3.5062504727434034e-04 3.5062504727402483e-04
14 2.1875000000000000e-05 -1.3922312494174024e-05 -1.3812821994614396e-05 6.2366717607056835e+01 9.9213560968370407e-01 -3.6706792026269480e-01 4.6718292313192800e+00 2.8023203099202161e-04 2.8023203099164675e-04
15 2.3437500000000000e-05 -2.8045514105721179e-04 -2.7792716682244933e-04 5.9644333188774119e+01 9.9098617260060584e-01 -3.6505620468714384e-01 4.6008178717227164e+00 1.9675486707264992e-04 1.9675486707255914e-04
16 2.5000000000000001e-05 -5.2849509710246553e-04 -5.2318200685739352e-04 5.7196999334434885e+01 9.8994675584655056e-01 -3.6336348463733442e-01 4.5351412446325821e+00 1.0416153861871790e-04 1.0416153861860380e-04
17 2.6562500000000002e-05 -7.5303259631251439e-04 -7.4477845473182281e-04 5.4984351885252451e+01 9.8903879908902903e-01 -3.6179143559447330e-01 4.4741042636097994e+00 5.8588502689044283e-06 5.8588502688962764e-06
18 2.8125000000000003e-05 -9.5042690078669880e-04 -9.3928522792068318e-04 5.2973821716981149e+01 9.8827719116873347e-01 -3.6039032805431270e-01 4.4171368837368181e+00 -9.5326463869005681e-05 -9.5326463869150761e-05
19 2.9687500000000000e-05 -1.1182049379745882e-03 -1.1044189872228460e-03 5.1138698543729618e+01 9.8767135586369992e-01 -3.5917386055063188e-01 4.3637664244152461e+00 -1.9711311464001805e-04 -1.9711311463970561e-04
20 3.1250000000000001e-05 -1.2548653500099336e-03 -1.2388360386587018e-03 4.9456768848476052e+01 9.8722626985349082e-01 -3.5812602575316427e-01 4.3135970607776546e+00 -2.9770536761100831e-04 -2.9770536761097903e-04
21 3.2812500000000005e-05 -1.3596988334621718e-03 -1.3419457462174719e-03 4.7909340211954479e+01 9.8694336804018901e-01 -3.5720730067946616e-01 4.2662943536989681e+00 -3.9572462335754334e-04 -3.9572462335709134e-04
22 3.4375000000000002e-05 -1.4326295017627201e-03 -1.4137493383834590e-03 4.6480529053905826e+01 9.8682132166339542e-01 -3.5636031072769092e-01 4.2215733989122999e+00 -4.9014176889075655e-04 -4.9014176889031658e-04
23 3.5937499999999999e-05 -1.4740783526723960e-03 -1.4547040858546422e-03 4.5156730345989963e+01 9.8685669131316545e-01 -3.5570171240387133e-01 4.1791896272975722e+00 -5.8021501029604313e-04 -5.8021501029579669e-04
24 3.7500000000000003e-05 -1.4848479369995757e-03 -1.4656109380179856e-03 4.3926214851319287e+01 9.8704446529355572e-01 -3.5503488416882906e-01 4.1389315817755303e+00 -6.6543517624963514e-04 -6.6543517624886590e-04
25 3.9062500000000001e-05 -1.4660263445433910e-03 -1.4475228890006204e-03 4.2778817151418494e+01 9.8737849724758275e-01 -3.5425157621996045e-01 4.1006151908843140e+00 -7.4547894388529224e-04 -7.4547894388415448e-04
26 4.0625000000000005e-05 -1.4189082336360443e-03 -1.4016711344554077e-03 4.1705689422533105e+01 9.8785185766632322e-01 -3.5326698087640329e-01 4.0640791909493013e+00 -8.2016962421712768e-04 -8.2016962421585049e-04
27 4.2187500000000002e-05 -1.3449305748508185e-03 -1.3294061934367224e-03 4.0699103709023731e+01 9.8845711317417406e-01 -3.5217016303863813e-01 4.0291814398726071e+00 -8.8944475995263411e-04 -8.8944475995122053e-04
28 4.3750000000000000e-05 -1.2456209014808598e-03 -1.2321514372594026e-03 3.9752290657645858e+01 9.8918654607879175e-01 -3.5098824357918695e-01 3.9957959298049248e+00 -9.5332965053550290e-04 -9.5332965053348748e-04
29 4.5312500000000004e-05 -1.1225560664710750e-03 -1.1113667924725395e-03 3.8859306196728234e+01 9.9003232503681482e-01 -3.4940135579246923e-01 3.9638103521143901e+00 -1.0119159157537885e-03 -1.0119159157522518e-03
30 4.6875000000000001e-05 -9.7732974376755479e-04 -9.6852071509123097e-04 3.8014920039749413e+01 9.9098663605349246e-01 -3.4771176959488159e-01 3.9331241018250878e+00 -1.0653442736012631e-03 -1.0653442735998398e-03
31 4.8437500000000005e-05 -8.1152715146438166e-04 -8.0506884109458486e-04 3.7214521538553669e+01 9.9204178152493983e-01 -3.4568534125268102e-01 3.9036466337967579e+00 -1.1137908016776480e-03 -1.1137908016753499e-03
32 5.0000000000000002e-05 -6.2670569889555457e-04 -6.2243799207919298e-04 3.6454039554671567e+01 9.9319025369661940e-01 -3.4338695023461541e-01 3.8752961018509118e+00 -1.1574560526987842e-03 -1.1574560526954884e-03
33 5.1562500000000000e-05 -4.2438046260445065e-04 -4.2201445145616945e-04 3.5729873821494145e+01 9.9442478776294074e-01 -3.4082102113683871e-01 3.8479982265166024e+00 -1.1965564922903900e-03 -1.1965564922888007e-03
34 5.3125000000000004e-05 -2.0601357446143684e-04 -2.0513562677830082e-04 3.5038835844081468e+01 9.9573839886312754e-01 -3.3797907952595996e-01 3.8216853482428910e+00 -1.2313178157457600e-03 -1.2313178157433869e-03
35 5.4687500000000001e-05 2.6993240671377498e-05 2.6915619081809033e-05 3.4378097799639015e+01 9.9712440642035349e-01 -3.3480022783170427e-01 3.7962956316352852e+00 -1.2619697778110059e-03 -1.2619697778078263e-03
36 5.6250000000000005e-05 2.7330360876991737e-04 2.7291454703615864e-04 3.3745148208776669e+01 9.9857644860413730e-01 -3.3147870849877581e-01 3.7717723931137734e+00 -1.2887422356352243e-03 -1.2887422356325261e-03
37 5.7812500000000003e-05 5.3164945175057708e-04 5.3169649695835632e-04 3.3137753378312617e+01 1.0000884891494279e+00 -3.2769491893157904e-01 3.7480635297953371e+00 -1.3118621605351787e-03 -1.3118621605332011e-03
38 5.9375000000000000e-05 8.0083236018499491e-04 8.0215759224600491e-04 3.2553923792821131e+01 1.0016548183201586e+00 -3.2390393956884850e-01 3.7251210316962666e+00 -1.3315514203326474e-03 -1.3315514203306521e-03
39 6.0937500000000004e-05 1.0797237419348316e-03 1.0832544919561894e-03 3.1991884769539915e+01 1.0032700494434168e+00 -3.1976144048145816e-01 3.7029005627735359e+00 -1.3480251720040940e-03 -1.3480251720015077e-03
40 6.2500000000000001e-05 1.3672640301432767e-03 1.3740034278834226e-03 3.1450050800125030e+01 1.0049291121477391e+00 -3.1529879466506011e-01 3.6813610990629648e+00 -1.3614907354763909e-03 -1.3614907354734898e-03
41 6.4062500000000005e-05 1.6624611802959811e-03 1.6734787148534485e-03 3.0927003090375024e+01 1.0066272432030599e+00 -3.1085725930146424e-01 3.6604646143696113e+00 -1.3721468447406365e-03 -1.3721468447387452e-03
42 6.5625000000000009e-05 1.9643886417197312e-03 1.9808108829705391e-03 3.0421469880595115e+01 1.0083599756697996e+00 -3.0609220577592516e-01 3.6401758057335813e+00 -1.3801831930289883e-03 -1.3801831930264599e-03
43 6.7187500000000000e-05 2.2721829523930145e-03 2.2951845487878442e-03 2.9932309188420867e+01 1.0101231269122080e+00 -3.0104839479916323e-01 3.6204618523184067e+00 -1.3857802054560700e-03 -1.3857802054531932e-03
44 6.8750000000000004e-05 2.5850410759935515e-03 2.6158361168971368e-03 2.9458493665344346e+01 1.0119127859087305e+00 -2.9608798827628163e-01 3.6012922025193346e+00 -1.3891089859815681e-03 -1.3891089859789645e-03
45 7.0312500000000008e-05 2.9022175755947814e-03 2.9420513830497757e-03 2.8999097299857919e+01 1.0137253001945696e+00 -2.9087320443529879e-01 3.5826383850186776e+00 -1.3903313963979462e-03 -1.3903313963965049e-03
46 7.1874999999999999e-05 3.2230216984133419e-03 3.2731630936427224e-03 2.8553283735529316e+01 1.0155572626935974e+00 -2.8542721675173260e-01 3.5644738402684526e+00 -1.3896002337780320e-03 -1.3896002337743995e-03
47 7.3437500000000003e-05 3.5468144297204234e-03 3.6085485034349058e-03 2.8120296002580211e+01 1.0174054986348267e+00 -2.7999737828887744e-01 3.5467737694922605e+00 -1.3870594798328808e-03 -1.3870594798303501e-03
48 7.5000000000000007e-05 3.8730055608071105e-03 3.9476269630519057e-03 2.7699447487529195e+01 1.0192670526993111e+00 -2.7448215287663141e-01 3.5295149987940344e+00 -1.3828446012604399e-03 -1.3828446012572387e-03
49 7.6562499999999998e-05 4.2010508051943223e-03 4.2898575596697986e-03 2.7290113987880801e+01 1.0211391765045241e+00 -2.6878950083783554e-01 3.5126758563666227e+00 -1.3770828846763035e-03 -1.3770828846732912e-03
50 7.8125000000000002e-05 4.5304489886505662e-03 4.6347368278185017e-03 2.6891726718236761e+01 1.0230193165024464e+00 -2.6295585396134996e-01 3.4962360611220720e+00 -1.3698937933260846e-03 -1.3698937933229900e-03
51 7.9687500000000006e-05 4.8607393316494529e-03 4.9817965421695629e-03 2.6503766151038249e+01 1.0249051023435627e+00 -2.5726767599423911e-01 3.4801766213356360e+00 -1.3613893356616408e-03 -1.3613893356581685e-03
52 8.1250000000000010e-05 5.1914988373590390e-03 5.3306016002018222e-03 2.6125756589776643e+01 1.0267943357401474e+00 -2.5144660998418550e-01 3.4644797421157709e+00 -1.3516744381603441e-03 -1.3516744381566242e-03
53 8.2812500000000000e-05 5.5223397938462902e-03 5.6807479995443040e-03 2.5757261385254292e+01 1.0286849798475879e+00 -2.4550720401963336e-01 3.4491287406939710e+00 -1.3408473165944527e-03 -1.3408473165902252e-03
54 8.4375000000000004e-05 5.8529073956971617e-03 6.0318609124065323e-03 2.5397878716586924e+01 1.0305751491713213e+00 -2.3954583570977922e-01 3.4341079686774130e+00 -1.3289998414078312e-03 -1.3289998414038565e-03
55 8.5937500000000009e-05 6.1828774875207319e-03 6.3835928576757807e-03 2.5047237868339799e+01 1.0324630999983688e+00 -2.3369579624278486e-01 3.4194027405307588e+00 -1.3162178940047480e-03 -1.3162178940008744e-03
56 8.7499999999999999e-05 6.5119544296834003e-03 6.7356219698748799e-03 2.4704995943665654e+01 1.0343472213460121e+00 -2.2776121130093890e-01 3.4049992676553349e+00 -1.3025817116602103e-03 -1.3025817116569670e-03
57 8.9062500000000003e-05 6.8398690849899363e-03 7.0876503631411847e-03 2.4370834960721663e+01 1.0362260264154768e+00 -2.2175306722860189e-01 3.3908845975190434e+00 -1.2881662194719555e-03 -1.2881662194689852e-03
58 9.0625000000000007e-05 7.1663769237973072e-03 7.4394025876324127e-03 2.4044459286127758e+01 1.0380981445349982e+00 -2.1580164801203652e-01 3.3770465573613198e+00 -1.2730413483290326e-03 -1.2730413483244775e-03
59 9.2187499999999998e-05 7.4912562441365495e-03 7.7906241752302031e-03 2.3725593364901755e+01 1.0399623135743048e+00 -2.0994782359520131e-01 3.3634737020564587e+00 -1.2572723383033433e-03 -1.2572723382992990e-03
60 9.3750000000000002e-05 7.8143065027630621e-03 8.1410802710484616e-03 2.3413979711277310e+01 1.0418173728109916e+00 -2.0404566429794804e-01 3.3501552657691285e+00 -1.2409200272021441e-03 -1.2409200271973533e-03
61 9.5312500000000006e-05 8.1353467526068760e-03 8.4905543470254648e-03 2.3109377129162120e+01 1.0436622562283244e+00 -1.9810338785915366e-01 3.3370811170780001e+00 -1.2240411242734517e-03 -1.2240411242684787e-03
62 9.6875000000000010e-05 8.4542141818057318e-03 8.8388469937524163e-03 2.2811559134808526e+01 1.0454959862235866e+00 -1.9228433944465681e-01 3.3242417172792487e+00 -1.2066884692466695e-03 -1.2066884692445456e-03
63 9.8437500000000001e-05 8.7707627493450978e-03 9.1857747866467606e-03 2.2520312557610531e+01 1.0473176677059988e+00 -1.8654466996125735e-01 3.3116280816129104e+00 -1.1889112770326323e-03 -1.1889112770277280e-03
64 1.0000000000000000e-04 9.0848619122685780e-03 9.5311692225933317e-03 2.2235436297871235e+01 1.0491264825634874e+00 -1.8078334153792350e-01 3.2992317431809512e+00 -1.1707553685092629e-03 -1.1707553685049788e-03
65 1.0156250000000001e-04 9.3963954394404997e-03 9.8748757232379417e-03 2.1956740222954707e+01 1.0509216844779719e+00 -1.7500643776399805e-01 3.2870447193491317e+00 -1.1522633878909905e-03 -1.1522633878877969e-03
66 1.0312500000000000e-04 9.7052603069176166e-03 1.0216752701211645e-02 2.1684044185487544e+01 1.0527025940694710e+00 -1.6942502432378942e-01 3.2750594804444790e+00 -1.1334750072274637e-03 -1.1334750072222960e-03
67 1.0468750000000000e-04 1.0011365670108673e-02 1.0556670685682874e-02 2.1417177149253540e+01 1.0544685943499537e+00 -1.6388527375220843e-01 3.2632689205773890e+00 -1.1144271186061200e-03 -1.1144271186025435e-03
68 1.0625000000000001e-04 1.0314631908052931e-02 1.0894511503769589e-02 2.1155976410157422e+01 1.0562191264686751e+00 -1.5834311652423153e-01 3.2516663304328701e+00 -1.0951540146476549e-03 -1.0951540146437765e-03
69 1.0781250000000001e-04 1.0614989735324296e-02 1.1230167514488678e-02 2.0900286901154775e+01 1.0579536857315281e+00 -1.5283416100963909e-01 3.2402453718885025e+00 -1.0756875578867388e-03 -1.0756875578837935e-03
70 1.0937500000000000e-04 1.0912379377260457e-02 1.1563540892072947e-02 2.0649960571381794e+01 1.0596718178777216e+00 -1.4754692494672977e-01 3.2290000543290680e+00 -1.0560573396254335e-03 -1.0560573396225664e-03
71 1.1093750000000001e-04 1.1206749804414698e-02 1.1894542955639433e-02 2.0404855830888305e+01 1.0613731155980470e+00 -1.4226732165301004e-01 3.2179247125379713e+00 -1.0362908288355157e-03 -1.0362908288312610e-03
72 1.1250000000000001e-04 1.1498058022336336e-02 1.2223093542348951e-02 2.0164837053408743e+01 1.0630572152796713e+00 -1.3699883615452435e-01 3.2070139860554496e+00 -1.0164135116701623e-03 -1.0164135116665421e-03
73 1.1406250000000000e-04 1.1786268412989690e-02 1.2549120421348819e-02 1.9929774130507440e+01 1.0647237939633538e+00 -1.3188169470391115e-01 3.1962627999021178e+00 -9.9644902212640135e-04 -9.9644902212312446e-04
74 1.1562500000000001e-04 1.2071352124327916e-02 1.2872558745940847e-02 1.9699542071229466e+01 1.0663725664996735e+00 -1.2688461437476581e-01 3.1856663465737411e+00 -9.7641926437861662e-04 -9.7641926437427179e-04
75 1.1718750000000001e-04 1.2353286504737842e-02 1.3193350541561654e-02 1.9474020642084906e+01 1.0680032828916923e+00 -1.2190531577377406e-01 3.1752200692209183e+00 -9.5634452728071868e-04 -9.5634452727645116e-04
76 1.1875000000000000e-04 1.2632054579267782e-02 1.3511444227302461e-02 1.9253094042806993e+01 1.0696157258121706e+00 -1.1698060668976577e-01 3.1649196459327853e+00 -9.3624359151139316e-04 -9.3624359150890090e-04
77 1.2031250000000000e-04 1.2907644564738988e-02 1.3826794168830054e-02 1.9036650613863785e+01 1.0712097082841894e+00 -1.1227931230813229e-01 3.1547609750506789e+00 -9.1613382981310166e-04 -9.1613382980904143e-04
78 1.2187500000000001e-04 1.3180049421022152e-02 1.4139360260698381e-02 1.8824582572175270e+01 1.0727850715146887e+00 -1.0760048832300709e-01 3.1447401614421615e+00 -8.9603130075216442e-04 -8.9603130074865475e-04
79 1.2343750000000001e-04 1.3449266435934097e-02 1.4449107536162987e-02 1.8616785771905420e+01 1.0743416828710812e+00 -1.0294602865125635e-01 3.1348535036714256e+00 -8.7595083640399664e-04 -8.7595083640044328e-04
80 1.2500000000000000e-04 1.3715296841374833e-02 1.4756005802726685e-02 1.8413159487564080e+01 1.0758794339917130e+00 -9.8516422399491904e-02 3.1250974820059740e+00 -8.5590612434510640e-04 -8.5590612434170916e-04
81 1.2656249999999999e-04 1.3978145458480841e-02 1.5060029301753635e-02 1.8213606216975855e+01 1.0773982390215000e+00 -9.4144047627698721e-02 3.1154687472042526e+00 -8.3590978431156754e-04 -8.3590978430765975e-04
82 1.2812500000000001e-04 1.4237820369719692e-02 1.5361156390594499e-02 1.8018031501957445e+01 1.0788980329646427e+00 -8.9798651474042882e-02 3.1059641100322364e+00 -8.1597343986274410e-04 -8.1597343985849880e-04
83 1.2968750000000000e-04 1.4494332615990174e-02 1.5659369245762014e-02 1.7826343764793542e+01 1.0803787701467931e+00 -8.5643560690825501e-02 3.0965805314606816e+00 -7.9610778536882163e-04 -7.9610778536552977e-04
84 1.3125000000000002e-04 1.4747695916923908e-02 1.5954653585789583e-02 1.7638454158822356e+01 1.0818404227795757e+00 -8.1579151130621572e-02 3.0873151134982182e+00 -7.7632264862157851e-04 -7.7632264861822486e-04
85 1.3281250000000001e-04 1.4997926412708404e-02 1.6246998412491821e-02 1.7454276431635076e+01 1.0832829796207710e+00 -7.7543142967292839e-02 3.0781650906183162e+00 -7.5662704934947660e-04 -7.5662704934584333e-04
86 1.3437500000000000e-04 1.5245042425867439e-02 1.6536395769428381e-02 1.7273726799564333e+01 1.0847064447239454e+00 -7.3692801958200910e-02 3.0691278217408589e+00 -7.3702925390094741e-04 -7.3702925389734449e-04
87 1.3593750000000002e-04 1.5489064241543922e-02 1.6822840516448917e-02 1.7096723832287445e+01 1.0861108362716718e+00 -6.9934168936870933e-02 3.0602007827320503e+00 -7.1753682634311726e-04 -7.1753682633934662e-04
88 1.3750000000000001e-04 1.5730013904931461e-02 1.7106330119268449e-02 1.6923188346503085e+01 1.0874961854868739e+00 -6.6204417201297300e-02 3.0513815593885405e+00 -6.9815667620806026e-04 -6.9815667620423487e-04
89 1.3906250000000000e-04 1.5967915034597675e-02 1.7386864453092014e-02 1.6753043307757359e+01 1.0888625356171988e+00 -6.2682423424109443e-02 3.0426678408739369e+00 -6.7889510310366948e-04 -6.7889510309978511e-04
90 1.4062500000000002e-04 1.6202792650529541e-02 1.7664445619368453e-02 1.6586213739597920e+01 1.0902099409876200e+00 -5.9224333085178570e-02 3.0340574135781222e+00 -6.5975783839276631e-04 -6.5975783838948703e-04
91 1.4218750000000001e-04 1.6434673015815502e-02 1.7939077774814481e-02 1.6422626639327643e+01 1.0915384661168039e+00 -5.5811236416268367e-02 3.0255481553716281e+00 -6.4075008413095843e-04 -6.4075008412783061e-04
92 1.4375000000000000e-04 1.6663583490955848e-02 1.8210766971905212e-02 1.6262210899708393e+01 1.0928481848930691e+00 -5.2618522236360883e-02 3.0171380302292818e+00 -6.2187654944160652e-04 -6.2187654943754759e-04
93 1.4531250000000002e-04 1.6889552399865424e-02 1.8479521010079332e-02 1.6104897236038191e+01 1.0941391798060069e+00 -4.9453268138433489e-02 3.0088250831988517e+00 -6.0314148449486368e-04 -6.0314148449178899e-04
94 1.4687500000000001e-04 1.7112608906699599e-02 1.8745349296956339e-02 1.5950618118087347e+01 1.0954115412301348e+00 -4.6404961500452195e-02 3.0006074356922432e+00 -5.8454871224697478e-04 -5.8454871224366796e-04
95 1.4843750000000000e-04 1.7332782902697803e-02 1.9008262718908903e-02 1.5799307706435528e+01 1.0966653667571360e+00 -4.3496497487985834e-02 2.9924832810781701e+00 -5.6610165808592967e-04 -5.6610165808160674e-04
96 1.5000000000000001e-04 1.7550104902295815e-02 1.9268273520375526e-02 1.5650901792800678e+01 1.0979007605735136e+00 -4.0614394511673167e-02 2.9844508805565741e+00 -5.4780337752023201e-04 -5.4780337751672049e-04
97 1.5156250000000000e-04 1.7764605947814077e-02 1.9525395191340313e-02 1.5505337743994950e+01 1.0991178328806612e+00 -3.7937516234247154e-02 2.9765085592963261e+00 -5.2965658203854256e-04 -5.2965658203520441e-04
98 1.5312500000000000e-04 1.7976317522077470e-02 1.9779642362441827e-02 1.5362554449181436e+01 1.1003166993545601e+00 -3.5302395271882926e-02 2.9686547028192973e+00 -5.1166366325982010e-04 -5.1166366325614942e-04
99 1.5468750000000001e-04 1.8185271468370914e-02 2.0031030707210441e-02 1.5222492270139984e+01 1.1014974806424969e+00 -3.2785285443713029e-02 2.9608877536144349e+00 -4.9382671548572378e-04 -4.9382671548119106e-04
100 1.5625000000000000e-04 1.8391499917177066e-02 2.0279576850964390e-02 1.5085092994280670e+01 1.1026603018943508e+00 -3.0388102865216118e-02 2.9532062079670105e+00 -4.7614755675978834e-04 -4.7614755675604102e-04
101 1.5781250000000002e-04 1.8595035219183251e-02 2.0525298285926506e-02 1.4950299790171201e+01 1.1038052923261974e+00 -2.8044903490065626e-02 2.9456086129890275e+00 -4.5862774853115554e-04 -4.5862774852757870e-04
102 1.5937500000000001e-04 1.8795909884083035e-02 2.0768213292152074e-02 1.4818057165367971e+01 1.1049325848140636e+00 -2.5876011468737407e-02 2.9380935638376382e+00 -4.4126861401418328e-04 -4.4126861401055066e-04
103 1.6093750000000000e-04 1.8994156524731246e-02 2.1008340863884475e-02 1.4688310926362337e+01 1.1060423155158625e+00 -2.3728541838276208e-02 2.9306597011093700e+00 -4.2407125532936614e-04 -4.2407125532554346e-04
104 1.6250000000000002e-04 1.9189807806244685e-02 2.1245700640981323e-02 1.4561008140472675e+01 1.1071346235196591e+00 -2.1766976103221446e-02 2.9233057083986553e+00 -4.0703656950542063e-04 -4.0703656950154255e-04
105 1.6406250000000001e-04 1.9382896399670127e-02 2.1480312845075868e-02 1.4436097099529492e+01 1.1082096505164953e+00 -1.9835823200763335e-02 2.9160303100101435e+00 -3.9016526341714106e-04 -3.9016526341329155e-04
106 1.6562500000000000e-04 1.9573454939869749e-02 2.1712198220162009e-02 1.4313527285216411e+01 1.1092675404961743e+00 -1.8058361975275512e-02 2.9088322688145625e+00 -3.7345786772884505e-04 -3.7345786772511930e-04
107 1.6718750000000002e-04 1.9761515987298771e-02 2.1941377977310026e-02 1.4193249335942982e+01 1.1103084394644778e+00 -1.6332901879729800e-02 2.9017103842390135e+00 -3.5691474990856646e-04 -3.5691474990444475e-04
108 1.6875000000000001e-04 1.9947111993375129e-02 2.2167873743240505e-02 1.4075215015137150e+01 1.1113324951804020e+00 -1.4744198752959528e-02 2.8946634903828579e+00 -3.4053612637397921e-04 -3.4053612637026165e-04
109 1.7031250000000000e-04 2.0130275269162928e-02 2.2391707512501111e-02 1.3959377180856633e+01 1.1123398569120619e+00 -1.3213447116733551e-02 2.8876904542510689e+00 -3.2432207382701426e-04 -3.2432207382316849e-04
110 1.7187500000000002e-04 2.0311037957111033e-02 2.2612901603008013e-02 1.3845689756627234e+01 1.1133306752100811e+00 -1.1815337908729514e-02 2.8807901740974384e+00 -3.0827253983041714e-04 -3.0827253982661207e-04
111 1.7343750000000001e-04 2.0489432005609449e-02 2.2831478614728871e-02 1.3734107703425117e+01 1.1143051016972181e+00 -1.0468013467819578e-02 2.8739615778705265e+00 -2.9238735267598723e-04 -2.9238735267190353e-04
112 1.7500000000000000e-04 2.0665489146141140e-02 2.3047461391299741e-02 1.3624586992727673e+01 1.1152632888732463e+00 -9.2596116019860644e-03 2.8672036217555958e+00 -2.7666623059106535e-04 -2.7666623058748884e-04
113 1.7656250000000002e-04 2.0839240872825161e-02 2.3260872984380589e-02 1.3517084580564525e+01 1.1162053899340110e+00 -8.0882377777050513e-03 2.8605152888065386e+00 -2.6110879032667424e-04 -2.6110879032303273e-04
114 1.7812500000000001e-04 2.1010718424162217e-02 2.3471736620568496e-02 1.3411558382506115e+01 1.1171315586037325e+00 -7.0619918586782180e-03 2.8538955876616865e+00 -2.4571455516797860e-04 -2.4571455516434073e-04
115 1.7968750000000000e-04 2.1179952766806336e-02 2.3680075670697888e-02 1.3307967249533281e+01 1.1180419489796878e+00 -6.0810973323770379e-03 2.8473435513382865e+00 -2.3048296240501954e-04 -2.3048296240112907e-04
116 1.8125000000000001e-04 2.1346974581201349e-02 2.3885913621369700e-02 1.3206270944735580e+01 1.1189367153884280e+00 -5.2047490444809301e-03 2.8408582361005452e+00 -2.1541337029919947e-04 -2.1541337029530041e-04
117 1.8281250000000001e-04 2.1511814248931487e-02 2.4089274048560767e-02 1.3106430120791307e+01 1.1198160122527696e+00 -4.4060657167796311e-03 2.8344387203962800e+00 -2.0050506457870763e-04 -2.0050506457500888e-04
118 1.8437500000000000e-04 2.1674501841647410e-02 2.4290180593174979e-02 1.3008406298185454e+01 1.1206799939688377e+00 -3.6676088274585710e-03 2.8280841038580884e+00 -1.8575726449382245e-04 -1.8575726448984825e-04
119 1.8593750000000001e-04 2.1835067111439063e-02 2.4488656938406812e-02 1.2912161844125915e+01 1.1215288147924938e+00 -3.0405249796372118e-03 2.8217935063645316e+00 -1.7116912846112597e-04 -1.7116912845740445e-04
120 1.8750000000000000e-04 2.1993539482536770e-02 2.4684726788795925e-02 1.2817659952121335e+01 1.1223626287344972e+00 -2.4640013841976780e-03 2.8155660671577296e+00 -1.5673975932361652e-04 -1.5673975931972564e-04
121 1.8906250000000002e-04 2.2149948044230421e-02 2.4878413850860343e-02 1.2724864622186875e+01 1.1231815894638466e+00 -1.9595772032086813e-03 2.8094009440135816e+00 -1.4246820925207477e-04 -1.4246820924827263e-04
122 1.9062500000000001e-04 2.2304321544904918e-02 2.5069741815201829e-02 1.2633740641646975e+01 1.1239858502187272e+00 -1.5377520149465306e-03 2.8032973124612930e+00 -1.2835348431130107e-04 -1.2835348430755857e-04
123 1.9218750000000000e-04 2.2456688387098755e-02 2.5258734339985524e-02 1.2544253566506459e+01 1.1247755637245485e+00 -1.1664067803886854e-03 2.7972543650489947e+00 -1.1439454871328900e-04 -1.1439454870951523e-04
124 1.9375000000000002e-04 2.2607076623497577e-02 2.5445415035701111e-02 1.2456369703363405e+01 1.1255508821186280e+00 -8.5213616122152471e-04 2.7912713106525358e+00 -1.0059032877803413e-04 -1.0059032877422852e-04
125 1.9531250000000001e-04 2.2755513953783599e-02 2.5629807451119428e-02 1.2370056091839423e+01 1.1263119568810229e+00 -6.1078365908400671e-04 2.7853473738247181e+00 -8.6939716621194110e-05 -8.6939716617257548e-05
126 1.9687500000000000e-04 2.2902027722266211e-02 2.5811935060364503e-02 1.2285280487504572e+01 1.1270589387711365e+00 -4.1289424725571283e-04 2.7794817941822267e+00 -7.3441573586696955e-05 -7.3441573582903183e-05
127 1.9843750000000002e-04 2.3046644916225271e-02 2.5991821251025202e-02 1.2202011345275590e+01 1.1277919777696783e+00 -2.5777474460728626e-04 2.7736738258280247e+00 -6.0094733441099478e-05 -6.0094733437271946e-05
128 2.0000000000000001e-04 2.3189392164903847e-02 2.6169489313236437e-02 1.2120217803268181e+01 1.1285112230256229e+00 -1.4432634195818536e-04 2.7679227368068933e+00 -4.6898005345452742e-05 -4.6898005341574849e-05
129 2.0156250000000000e-04 2.3330295739091768e-02 2.6344962429664588e-02 1.2039869667084549e+01 1.1292168228078441e+00 -7.4395508849289468e-05 2.7622278085918635e+00 -3.3850176619387202e-05 -3.3850176615510468e-05
130 2.0312500000000002e-04 2.3469381551246477e-02 2.6518263666335418e-02 1.1960937394519451e+01 1.1299089244610714e+00 -3.0693779029111340e-05 2.7565883355998544e+00 -2.0950015311159700e-05 -2.0950015307266767e-05
131 2.0468750000000001e-04 2.3606675156101091e-02 2.6689415964247596e-02 1.1883392080668482e+01 1.1305876743658998e+00 -8.1962725865020788e-06 2.7510036247342966e+00 -8.1962725865020788e-06 -8.1962725826087986e-06
132 2.0625000000000000e-04 2.3742201751713737e-02 2.6858442131717952e-02 1.1807205443423683e+01 1.1312532179025596e+00 -5.6758823715640683e-07 2.7454729949534307e+00 4.4123150517172901e-06 4.4123150556742985e-06
133 2.0781250000000002e-04 2.3875986180915649e-02 2.7025364837408569e-02 1.1732349809342441e+01 1.1319056994181984e+00 8.3813409713661772e-07 2.7399957768622851e+00 1.6877023701792351e-05 1.6877023705683315e-05
134 2.0937500000000001e-04 2.4008052933119559e-02 2.7190206603989561e-02 1.1658798099876281e+01 1.1325452621974255e+00 2.2277851863084821e-06 2.7345713123270241e+00 2.9199140148984611e-05 2.9199140152923066e-05
135 2.1093750000000000e-04 2.4138426146451626e-02 2.7352989802392886e-02 1.1586523817947153e+01 1.1331720484358838e+00 3.6015107267169557e-06 2.7291989541103061e+00 4.1379960089033338e-05 4.1379960092990588e-05
136 2.1250000000000002e-04 2.4267129610174000e-02 2.7513736646617538e-02 1.1515501034859534e+01 1.1337861992166720e+00 4.9594572591621337e-06 2.7238780655261312e+00 5.3420786480188409e-05 5.3420786484139174e-05
137 2.1406250000000001e-04 2.4394186767368087e-02 2.7672469189047311e-02 1.1445704377536977e+01 1.1343878544893555e+00 6.3017719949378317e-06 2.7186080201131388e+00 6.5322928015264483e-05 6.5322928019304532e-05
138 2.1562500000000002e-04 2.4519620717849123e-02 2.7829209316246113e-02 1.1377109016072801e+01 1.1349771530514650e+00 7.6286026546184939e-06 2.7133882013250878e+00 7.7087697705680342e-05 7.7087697709612256e-05
139 2.1718750000000001e-04 2.4643454221287105e-02 2.7983978745197119e-02 1.1309690651584848e+01 1.1355542325322421e+00 8.9400973187380723e-06 2.7082180022374822e+00 8.8716411570060729e-05 8.8716411574114317e-05
140 2.1875000000000000e-04 2.4765709700510587e-02 2.8136799019955475e-02 1.1243425504364957e+01 1.1361192293784896e+00 1.0236404289562729e-05 2.7030968252693239e+00 1.0021038742038598e-04 1.0021038742424936e-04
141 2.2031250000000002e-04 2.4886409244969872e-02 2.8287691508684817e-02 1.1178290302313847e+01 1.1366722788424137e+00 1.1517671963219390e-05 2.6980240819190442e+00 1.1157094373919644e-04 1.1157094374320878e-04
142 2.2187500000000001e-04 2.5005574614341552e-02 2.8436677401051179e-02 1.1114262269653278e+01 1.1372135149712486e+00 1.2784048711488868e-05 2.6929991925137604e+00 1.2279939864177144e-04 1.2279939864583866e-04
143 2.2343750000000000e-04 2.5123227242254412e-02 2.8583777705949030e-02 1.1051319115906910e+01 1.1377430705986038e+00 1.4035682772609335e-05 2.6880215859709700e+00 1.3389706891753494e-04 1.3389706892157847e-04
144 2.2500000000000002e-04 2.5239388240120342e-02 2.8729013249535224e-02 1.0989439025142410e+01 1.1382610773373580e+00 1.5272722150496949e-05 2.6830906995720363e+00 1.4486526914546358e-04 1.4486526914934074e-04
145 2.2656250000000001e-04 2.5354078401054699e-02 2.8872404673549689e-02 1.0928600645467080e+01 1.1387676655740180e+00 1.6495314521807948e-05 2.6782059787465444e+00 1.5570531087844033e-04 1.5570531088269490e-04
146 2.2812500000000000e-04 2.5467318203872005e-02 2.9013972433901952e-02 1.0868783078770148e+01 1.1392629644644217e+00 1.7703607150321982e-05 2.6733668768670635e+00 1.6641850189197540e-04 1.6641850189625984e-04
147 2.2968750000000002e-04 2.5579127817143731e-02 2.9153736799504153e-02 1.0809965870704488e+01 1.1397471019306857e+00 1.8897746808151034e-05 2.6685728550535317e+00 1.7700614549293761e-04 1.7700614549721649e-04
148 2.3125000000000001e-04 2.5689527103306228e-02 2.9291717851332930e-02 1.0752129000901816e+01 1.1402202046593182e+00 2.0077879703311797e-05 2.6638233819867625e+00 1.8746953988423018e-04 1.8746953988847963e-04
149 2.3281250000000000e-04 2.5798535622808507e-02 2.9427935481703429e-02 1.0695252873414477e+01 1.1406823981003855e+00 2.1244151413235064e-05 2.6591179337304860e+00 1.9780997758166212e-04 1.9780997758571175e-04
150 2.3437500000000002e-04 2.5906172638288795e-02 2.9562409393739528e-02 1.0639318307378220e+01 1.1411338064676868e+00 2.2396706823805320e-05 2.6544559935613572e+00 2.0802874487943734e-04 2.0802874488363160e-04
151 2.3593750000000001e-04 2.6012457118772422e-02 2.9695159101026321e-02 1.0584306527889851e+01 1.1415745527398180e+00 2.3535690073559995e-05 2.6498370518066281e+00 2.1812712136100366e-04 2.1812712136497794e-04
152 2.3750000000000000e-04 2.6117407743881046e-02 2.9826203927430565e-02 1.0530199157094312e+01 1.1420047586621012e+00 2.4661244502695203e-05 2.6452606056887431e+00 2.2810637945215270e-04 2.2810637945622149e-04
153 2.3906250000000002e-04 2.6221042908047169e-02 2.9955563007076948e-02 1.0476978205475927e+01 1.1424245447492734e+00 2.5773512606548909e-05 2.6407261591767055e+00 2.3796778401348186e-04 2.3796778401756455e-04
154 2.4062500000000001e-04 2.6323380724726415e-02 3.0083255284468244e-02 1.0424626063348176e+01 1.1428340302889004e+00 2.6872635993257044e-05 2.6362332228437118e+00 2.4771259196953690e-04 2.4771259197368635e-04
155 2.4218750000000000e-04 2.6424439030601380e-02 3.0209299514738011e-02 1.0373125492537485e+01 1.1432333333454494e+00 2.7958755345299379e-05 2.6317813137306016e+00 2.5734205197214542e-04 2.5734205197659320e-04
156 2.4375000000000002e-04 2.6524235389772013e-02 3.0333714264025976e-02 1.0322459618255802e+01 1.1436225707649590e+00 2.9032010384659853e-05 2.6273699552149128e+00 2.6685740409552300e-04 2.6685740409975551e-04
157 2.4531250000000003e-04 2.6622787097926738e-02 3.0456517909966219e-02 1.0272611921157504e+01 1.1440018581802818e+00 3.0092539841362611e-05 2.6229986768852083e+00 2.7625987956104715e-04 2.7625987956525933e-04
158 2.4687500000000002e-04 2.6720111186490651e-02 3.0577728642279107e-02 1.0223566229575836e+01 1.1443713100168094e+00 3.1140481425142607e-05 2.6186670144202169e+00 2.8555070048958564e-04 2.8555070049405916e-04
159 2.4843750000000001e-04 2.6816224426745985e-02 3.0697364463459297e-02 1.0175306711934759e+01 1.1447310394986976e+00 3.2175971800036367e-05 2.6143745094726549e+00 2.9473107967948622e-04 2.9473107968387924e-04
160 2.5000000000000001e-04 2.6911143333921604e-02 3.0815443189550915e-02 1.0127817869331835e+01 1.1450811586554899e+00 3.3199146561689825e-05 2.6101207095574965e+00 3.0380222040844718e-04 3.0380222041294478e-04
161 2.5156250000000000e-04 2.7004884171247925e-02 3.0931982451003544e-02 1.0081084528287814e+01 1.1454217783291512e+00 3.4210140217192450e-05 2.6059051679442340e+00 3.1276531625759000e-04 3.1276531626190263e-04
162 2.5312499999999999e-04 2.7097462953975276e-02 3.1046999693602018e-02 1.0035091833659321e+01 1.1457530081814296e+00 3.5209086167262339e-05 2.6017274435531270e+00 3.2162155095618922e-04 3.2162155096084462e-04
163 2.5468750000000003e-04 2.7188895453351607e-02 3.1160512179463640e-02 9.9898252417103581e+00 1.1460749567015767e+00 3.6196116690610154e-05 2.5975871008550686e+00 3.3037209824555199e-04 3.3037209824979074e-04
164 2.5625000000000002e-04 2.7279197200558766e-02 3.1272536988096629e-02 9.9452705133391035e+00 1.1463877312143214e+00 3.7171362930342897e-05 2.5934837097749530e+00 3.3901812176081818e-04 3.3901812176518437e-04
165 2.5781250000000001e-04 2.7368383490604539e-02 3.1383091017515220e-02 9.9014137074561628e+00 1.1466914378881352e+00 3.8134954882242034e-05 2.5894168455982793e+00 3.4756077492923104e-04 3.4756077493402701e-04
166 2.5937500000000000e-04 2.7456469386168837e-02 3.1492190985405143e-02 9.8582411745109315e+00 1.1469861817437204e+00 3.9087021384797166e-05 2.5853860888809082e+00 3.5600120088382959e-04 3.5600120088838595e-04
167 2.6093749999999999e-04 2.7543469721403053e-02 3.1599853430335903e-02 9.8157395501622275e+00 1.1472720666627116e+00 4.0027690110865163e-05 2.5813910253616625e+00 3.6434053239142538e-04 3.6434053239590866e-04
168 2.6250000000000004e-04 2.7629399105680456e-02 3.1706094713014367e-02 9.7738957490902116e+00 1.1475491953965717e+00 4.0957087560835008e-05 2.5774312458777882e+00 3.7257989179380037e-04 3.7257989179852305e-04
169 2.6406250000000003e-04 2.7714271927297095e-02 3.1810931017576323e-02 9.7326969589461427e+00 1.1478176695756612e+00 4.1875339057189979e-05 2.5735063462829619e+00 3.8072039096118468e-04 3.8072039096605296e-04
170 2.6562500000000002e-04 2.7798102357122618e-02 3.1914378352911811e-02 9.6921306344366496e+00 1.1480775897184397e+00 4.2782568740368208e-05 2.5696159273678498e+00 3.8876313125713318e-04 3.8876313126165772e-04
171 2.6718750000000001e-04 2.7880904352199344e-02 3.2016452554020594e-02 9.6521844915396375e+00 1.1483290552408147e+00 4.3678899565817497e-05 2.5657595947829419e+00 3.9670920351389451e-04 3.9670920351873065e-04
172 2.6875000000000000e-04 2.7962691659290027e-02 3.2117169283395038e-02 9.6128465018487059e+00 1.1485721644656040e+00 4.4564453302166171e-05 2.5619369589637158e+00 4.0455968801757854e-04 4.0455968802252760e-04
173 2.7031249999999999e-04 2.8043477818373148e-02 3.2216544032426103e-02 9.5741048870429495e+00 1.1488070146320761e+00 4.5439350530419777e-05 2.5581476350578254e+00 4.1231565450233320e-04 4.1231565450725613e-04
174 2.7187500000000004e-04 2.8123276166085596e-02 3.2314592122831144e-02 9.5359481134796127e+00 1.1490337019056100e+00 4.6303710644107125e-05 2.5543912428543591e+00 4.1997816215285342e-04 4.1997816215771309e-04
175 2.7343750000000003e-04 2.8202099839113030e-02 3.2411328708099506e-02 9.4983648869065469e+00 1.1492523213873871e+00 4.7157651850302965e-05 2.5506674067149953e+00 4.2754825961458860e-04 4.2754825961983445e-04
176 2.7500000000000002e-04 2.8279961777527011e-02 3.2506768774954210e-02 9.4613441472916726e+00 1.1494629671241663e+00 4.8001291171464777e-05 2.5469757555069652e+00 4.3502698501109507e-04 4.3502698501615673e-04
177 2.7656250000000001e-04 2.8356874728069432e-02 3.2600927144827048e-02 9.4248750637670611e+00 1.1496657321180950e+00 4.8834744448011442e-05 2.5433159225377868e+00 4.4241536596789877e-04 4.4241536597310191e-04
178 2.7812500000000000e-04 2.8432851247384466e-02 3.2693818475345381e-02 9.3889470296847861e+00 1.1498607083365542e+00 4.9658126341593835e-05 2.5396875454915873e+00 4.4971441964243114e-04 4.4971441964735277e-04
179 2.7968749999999999e-04 2.8507903705197450e-02 3.2785457261827994e-02 9.3535496577821142e+00 1.1500479867220359e+00 5.0471550338995179e-05 2.5360902663669944e+00 4.5692515275948828e-04 4.5692515276477935e-04
180 2.8125000000000003e-04 2.8582044287441946e-02 3.2875857838788831e-02 9.3186727754535923e+00 1.1502276572020236e+00 5.1275128756619468e-05 2.5325237314166555e+00 4.6404856165185008e-04 4.6404856165627281e-04
181 2.8281250000000002e-04 2.8655284999334188e-02 3.2965034381446441e-02 9.2843064201273862e+00 1.1503998086988976e+00 5.2068972745506070e-05 2.5289875910879251e+00 4.7108563230551436e-04 4.7108563231104201e-04
182 2.8437500000000001e-04 2.8727637668396640e-02 3.3053000907238082e-02 9.2504408347439124e+00 1.1505645291398181e+00 5.2853192296844366e-05 2.5254814999652320e+00 4.7803734040931267e-04 4.7803734041463035e-04
183 2.8593750000000000e-04 2.8799113947429487e-02 3.3139771277336243e-02 9.2170664633340937e+00 1.1507219054666156e+00 5.3627896247927687e-05 2.5220051167134736e+00 4.8490465140838121e-04 4.8490465141403548e-04
184 2.8750000000000000e-04 2.8869725317431504e-02 3.3225359198166847e-02 9.1841739466951449e+00 1.1508720236456638e+00 5.4393192288521795e-05 2.5185581040227989e+00 4.9168852056126131e-04 4.9168852056573093e-04
185 2.8906250000000004e-04 2.8939483090470699e-02 3.3309778222927779e-02 9.1517541181617972e+00 1.1510149686777282e+00 5.5149186967610580e-05 2.5151401285546151e+00 4.9838989300030707e-04 4.9838989300551482e-04
186 2.9062500000000003e-04 2.9008398412505198e-02 3.3393041753106631e-02 9.1197979994705118e+00 1.1511508246077888e+00 5.5895985700474449e-05 2.5117508608885997e+00 5.0500970379500465e-04 5.0500970379998764e-04
187 2.9218750000000002e-04 2.9076482266154662e-02 3.3475163039996127e-02 9.0882967967149924e+00 1.1512796745348242e+00 5.6633692776087105e-05 2.5083899754709149e+00 5.1154887801808143e-04 5.1154887802294983e-04
188 2.9375000000000001e-04 2.9143745473422775e-02 3.3556155186206721e-02 9.0572418963905950e+00 1.1514016006215735e+00 5.7362411364783075e-05 2.5050571505634580e+00 5.1800833081398301e-04 5.1800833081906607e-04
189 2.9531250000000000e-04 2.9210198698372089e-02 3.3636031147175581e-02 9.0266248615258817e+00 1.1515166841042457e+00 5.8082243526187480e-05 2.5017520681940719e+00 5.2438896746964431e-04 5.2438896747535187e-04
190 2.9687499999999999e-04 2.9275852449751168e-02 3.3714803732670488e-02 8.9964374278991954e+00 1.1516250053021786e+00 5.8793290217367381e-05 2.4984744141078128e+00 5.3069168348719958e-04 5.3069168349193212e-04
191 2.9843750000000004e-04 2.9340717083574833e-02 3.3792485608288750e-02 8.9666715003385509e+00 1.1517266436274678e+00 5.9495651301190943e-05 2.4952238777190026e+00 5.3691736465850579e-04 5.3691736466371365e-04
192 3.0000000000000003e-04 2.9404802805658506e-02 3.3869089296949401e-02 8.9373191491027146e+00 1.1518216775945123e+00 6.0189425554868073e-05 2.4920001520643709e+00 5.4306688714125210e-04 5.4306688714677882e-04
193 3.0156250000000002e-04 2.9468119674106386e-02 3.3944627180378974e-02 8.9083726063419864e+00 1.1519101848295428e+00 6.0874710678653283e-05 2.4888029337568893e+00 5.4914111753648505e-04 5.4914111754224000e-04
194 3.0312500000000001e-04 2.9530677601755661e-02 3.4019111500589616e-02 8.8798242626364985e+00 1.1519922420800499e+00 6.1551603304694404e-05 2.4856319229405388e+00 5.5514091296740228e-04 5.5514091297263811e-04
195 3.0468750000000000e-04 2.9592486358575976e-02 3.4092554361349642e-02 8.8516666636108035e+00 1.1520679252241857e+00 6.2220199006002985e-05 2.4824868232458206e+00 5.6106712115921054e-04 5.6106712116452400e-04
196 3.0624999999999999e-04 2.9653555574025520e-02 3.4164967729645071e-02 8.8238925066224887e+00 1.1521373092800797e+00 6.2880592305539232e-05 2.4793673417461206e+00 5.6692058051997373e-04 5.6692058052540233e-04
197 3.0781250000000003e-04 2.9713894739364671e-02 3.4236363437132801e-02 8.7964946375236863e+00 1.1522004684150950e+00 6.3532876685386166e-05 2.4762731889146976e+00 5.7270212022223963e-04 5.7270212022776830e-04
198 3.0937500000000003e-04 2.9773513209927042e-02 3.4306753181584056e-02 8.7694660474934683e+00 1.1522574759550226e+00 6.4177144596011060e-05 2.4732040785825311e+00 5.7841256028542270e-04 5.7841256029023504e-04
199 3.1093750000000002e-04 2.9832420207349657e-02 3.4376148528318384e-02 8.7427998699397751e+00 1.1523084043931948e+00 6.4813487465586631e-05 2.4701597278968075e+00 5.8405271165869698e-04 5.8405271166448076e-04
200 3.1250000000000001e-04 2.9890624821762198e-02 3.4444560911627779e-02 8.7164893774692178e+00 1.1523533253995426e+00 6.5441995709374055e-05 2.4671398572800092e+00 5.8962337630443071e-04 5.8962337630982808e-04
201 3.1406250000000000e-04 2.9948136013936314e-02 3.4512001636189962e-02 8.6905279789232637e+00 1.1523923098295621e+00 6.6062758739146129e-05 2.4641441903898302e+00 5.9512534728195564e-04 5.9512534728746686e-04
202 3.1562500000000004e-04 3.0004962617395749e-02 3.4578481878471658e-02 8.6649092164794119e+00 1.1524254277332229e+00 6.6675864972646495e-05 2.4611724540795796e+00 6.0055940883164732e-04 6.0055940883758019e-04
203 3.1718750000000003e-04 3.0061113340487878e-02 3.4644012688120750e-02 8.6396267628157606e+00 1.1524527483637934e+00 6.7281401843069638e-05 2.4582243783592692e+00 6.0592633645917694e-04 6.0592633646519979e-04
204 3.1875000000000002e-04 3.0116596768417339e-02 3.4708604989347323e-02 8.6146744183376747e+00 1.1524743401865887e+00 6.7879455808560240e-05 2.4552996963573097e+00 6.1122689701992425e-04 6.1122689702533539e-04
205 3.2031250000000001e-04 3.0171421365241959e-02 3.4772269582293486e-02 8.5900461084651401e+00 1.1524902708876616e+00 6.8470112361717112e-05 2.4523981442827014e+00 6.1646184880341959e-04 6.1646184880919470e-04
206 3.2187500000000000e-04 3.0225595475833467e-02 3.4835017144392182e-02 8.5657358809794655e+00 1.1525006073823798e+00 6.9053456039094255e-05 2.4495194613879692e+00 6.2163194161775023e-04 6.2163194162385483e-04
207 3.2343749999999999e-04 3.0279127327800675e-02 3.4896858231713596e-02 8.5417379034279168e+00 1.1525054158239616e+00 6.9629570430699482e-05 2.4466633899324686e+00 6.2673791687393814e-04 6.2673791687993801e-04
208 3.2500000000000004e-04 3.0332025033378743e-02 3.4957803280300855e-02 8.5180464605852233e+00 1.1525047616119166e+00 7.0198538189474317e-05 2.4438296751462762e+00 6.3178050767014060e-04 6.3178050767564856e-04
209 3.2656250000000003e-04 3.0384296591283257e-02 3.5017862607493115e-02 8.4946559519703762e+00 1.1524987094004062e+00 7.0760441040752144e-05 2.4410180651947204e+00 6.3676043887565380e-04 6.3676043888117424e-04
210 3.2812500000000002e-04 3.0435949888530846e-02 3.5077046413237230e-02 8.4715608894178640e+00 1.1524873231065242e+00 7.1315359791698270e-05 2.4382283111432570e+00 6.4167842721474201e-04 6.4167842722090429e-04
211 3.2968750000000001e-04 3.0486992702225740e-02 3.5135364781387152e-02 8.4487558947017583e+00 1.1524706659185198e+00 7.1863374340710244e-05 2.4354601669229359e+00 6.4653518135011467e-04 6.4653518135601197e-04
212 3.3125000000000000e-04 3.0537432701315096e-02 3.5192827680991842e-02 8.4262356972117001e+00 1.1524488003039057e+00 7.2404563686785745e-05 2.4327133892963340e+00 6.5133140196610428e-04 6.5133140197249305e-04
213 3.3281249999999999e-04 3.0587277448310773e-02 3.5249444967570216e-02 8.4039951316796895e+00 1.1524217880175183e+00 7.2939005938852967e-05 2.4299877378239589e+00 6.5606778185150789e-04 6.5606778185720038e-04
214 3.3437500000000004e-04 3.0636534400980804e-02 3.5305226384374805e-02 8.3820291359563424e+00 1.1523896901094837e+00 7.3466778325055398e-05 2.4272829748311273e+00 6.6074500598201687e-04 6.6074500598770102e-04
215 3.3593750000000003e-04 3.0685210914009796e-02 3.5360181563642942e-02 8.3603327488356491e+00 1.1523525669331058e+00 7.3987957201984188e-05 2.4245988653752697e+00 6.6536375160217945e-04 6.6536375160831083e-04
216 3.3750000000000002e-04 3.0733314240628824e-02 3.5414320027835539e-02 8.3389011079271924e+00 1.1523104781526790e+00 7.4502618063871810e-05 2.4219351772137223e+00 6.6992468830701036e-04 6.6992468831340380e-04
217 3.3906250000000001e-04 3.0780851534216402e-02 3.5467651190864334e-02 8.3177294475746351e+00 1.1522634827512170e+00 7.5010835551716617e-05 2.4192916807718858e+00 6.7442847812298665e-04 6.7442847812926635e-04
218 3.4062500000000000e-04 3.0827829849869735e-02 3.5520184359306428e-02 8.2968130968195748e+00 1.1522116390381116e+00 7.5512683462363871e-05 2.4166681491118771e+00 6.7887577558865364e-04 6.7887577559486091e-04
219 3.4218749999999999e-04 3.0874256145948079e-02 3.5571928733607039e-02 8.2761474774097437e+00 1.1521550046567026e+00 7.6008234757521753e-05 2.4140643579015544e+00 6.8326722783464524e-04 6.8326722784077000e-04
220 3.4375000000000003e-04 3.0920137285587599e-02 3.5622893409269697e-02 8.2557281018505169e+00 1.1520936365917798e+00 7.6497561572714881e-05 2.4114800853839538e+00 6.8760347466315216e-04 6.8760347466959503e-04
221 3.4531250000000002e-04 3.0965480038189972e-02 3.5673087378035200e-02 8.2355505714987807e+00 1.1520275911769913e+00 7.6980735226178494e-05 2.4089151123471577e+00 6.9188514862685631e-04 6.9188514863308234e-04
222 3.4687500000000002e-04 3.1010291080882692e-02 3.5722519529047543e-02 8.2156105746982888e+00 1.1519569241022010e+00 7.7457826227682056e-05 2.4063692220944812e+00 6.9611287510723801e-04 6.9611287511324926e-04
223 3.4843750000000001e-04 3.1054576999954467e-02 3.5771198650008572e-02 8.1959038849554986e+00 1.1518816904207396e+00 7.7928904287294531e-05 2.4038422004151583e+00 7.0028727239236123e-04 7.0028727239914595e-04
224 3.5000000000000000e-04 3.1098344292264012e-02 3.5819133428320424e-02 8.1764263591550606e+00 1.1518019445566030e+00 7.8394038324072101e-05 2.4013338355552154e+00 7.0440895175397002e-04 7.0440895176070628e-04
225 3.5156250000000004e-04 3.1141599366623831e-02 3.5866332452215835e-02 8.1571739358140363e+00 1.1517177403115577e+00 7.8853296474683317e-05 2.3988439181889771e+00 7.0847851752402419e-04 7.0847851753096623e-04
226 3.5312500000000003e-04 3.1184348545159772e-02 3.5912804211877453e-02 8.1381426333739988e+00 1.1516291308721791e+00 7.9306746101957874e-05 2.3963722413907060e+00 7.1249656717056005e-04 7.1249656717664047e-04
227 3.5468750000000002e-04 3.1226598064645048e-02 3.5958557100543929e-02 8.1193285485302322e+00 1.1515361688168151e+00 7.9754453803369918e-05 2.3939186006066651e+00 7.1646369137296103e-04 7.1646369137888543e-04
228 3.5625000000000001e-04 3.1268354077812102e-02 3.6003599415606026e-02 8.1007278545970731e+00 1.1514389061224695e+00 8.0196485419441502e-05 2.3914827936276177e+00 7.2038047409652502e-04 7.2038047410314906e-04
229 3.5781250000000000e-04 3.1309622654640018e-02 3.6047939359689772e-02 8.0823367999087985e+00 1.1513373941716141e+00 8.0632906042077935e-05 2.3890646205615376e+00 7.2424749266642276e-04 7.2424749267302111e-04
230 3.5937499999999999e-04 3.1350409783619249e-02 3.6091585041728609e-02 8.0641517062550516e+00 1.1512316837589360e+00 8.1063780022828941e-05 2.3866638838067562e+00 7.2806531784099361e-04 7.2806531784735853e-04
231 3.6093750000000004e-04 3.1390721372994659e-02 3.6134544478024083e-02 8.0461689673502228e+00 1.1511218250979895e+00 8.1489170981071754e-05 2.3842803880254024e+00 7.3183451388435250e-04 7.3183451389122645e-04
232 3.6250000000000003e-04 3.1430563251985476e-02 3.6176825593294888e-02 8.0283850473359042e+00 1.1510078678278091e+00 8.1909141812123410e-05 2.3819139401171534e+00 7.3555563863835979e-04 7.3555563864501896e-04
233 3.6406250000000002e-04 3.1469941171985157e-02 3.6218436221714854e-02 8.0107964793158253e+00 1.1508898610194052e+00 8.2323754695272548e-05 2.3795643491933589e+00 7.3922924359388616e-04 7.3922924360085747e-04
234 3.6562500000000001e-04 3.1508860807738868e-02 3.6259384107939600e-02 7.9933998639223480e+00 1.1507678531822376e+00 8.2733071101738831e-05 2.3772314265514227e+00 7.4285587396142379e-04 7.4285587396807386e-04
235 3.6718750000000000e-04 3.1547327758500832e-02 3.6299676908121879e-02 7.9761918679140837e+00 1.1506418922705890e+00 8.3137151802559862e-05 2.3749149856495588e+00 7.4643606874105880e-04 7.4643606874815306e-04
236 3.6874999999999999e-04 3.1585347549171867e-02 3.6339322190916123e-02 7.9591692228036948e+00 1.1505120256898647e+00 8.3536056876393536e-05 2.3726148420817768e+00 7.4997036079168958e-04 7.4997036079876129e-04
237 3.7031250000000004e-04 3.1622925631416304e-02 3.6378327438472011e-02 7.9423287235153719e+00 1.1503783003028467e+00 8.3929845717250045e-05 2.3703308135532470e+00 7.5345927689962589e-04 7.5345927690650570e-04
238 3.7187500000000003e-04 3.1660067384759995e-02 3.6416700047416886e-02 7.9256672270713597e+00 1.1502407624358550e+00 8.4318577042150758e-05 2.3680627198559128e+00 7.5690333784652871e-04 7.5690333785387342e-04
239 3.7343750000000002e-04 3.1696778117668786e-02 3.6454447329827548e-02 7.9091816513066107e+00 1.1500994578848596e+00 8.4702308898702830e-05 2.3658103828444190e+00 7.6030305847660663e-04 7.6030305848325951e-04
240 3.7500000000000001e-04 3.1733063068609013e-02 3.6491576514191604e-02 7.8928689736114270e+00 1.1499544319215060e+00 8.5081098672604180e-05 2.3635736264123395e+00 7.6365894776319893e-04 7.6365894777009088e-04
241 3.7656250000000000e-04 3.1768927407088893e-02 3.6528094746357709e-02 7.8767262297009779e+00 1.1498057292990904e+00 8.5455003095071767e-05 2.3613522764686290e+00 7.6697150887466666e-04 7.6697150888139739e-04
242 3.7812500000000004e-04 3.1804376234682491e-02 3.6564009090475864e-02 7.8607505124114123e+00 1.1496533942584612e+00 8.5824078250188701e-05 2.3591461609144138e+00 7.7024123923957299e-04 7.7024123924675225e-04
243 3.7968750000000003e-04 3.1839414586035598e-02 3.6599326529926680e-02 7.8449389705218913e+00 1.1494974705338561e+00 8.6188379582187902e-05 2.3569551096201113e+00 7.7346863061129184e-04 7.7346863061829936e-04
244 3.8125000000000002e-04 3.1874047429855203e-02 3.6634053968241237e-02 7.8292888076019267e+00 1.1493380013586703e+00 8.6547961902649976e-05 2.3547789544026467e+00 7.7665416913186129e-04 7.7665416913878294e-04
245 3.8281250000000001e-04 3.1908279669880718e-02 3.6668198230009469e-02 7.8137972808835734e+00 1.1491750294711687e+00 8.6902879397629412e-05 2.3526175290031408e+00 7.7979833539519681e-04 7.7979833540339316e-04
246 3.8437500000000001e-04 3.1942116145840062e-02 3.6701766061779661e-02 7.7984617001577776e+00 1.1490085971201212e+00 8.7253185634709264e-05 2.3504706690647161e+00 7.8290160450966966e-04 7.8290160451688286e-04
247 3.8593750000000000e-04 3.1975561634388493e-02 3.6734764132947330e-02 7.7832794266945102e+00 1.1488387460703895e+00 8.7598933569977546e-05 2.3483382121106384e+00 7.8596444615999502e-04 7.8596444616741801e-04
248 3.8750000000000004e-04 3.2008620850031783e-02 3.6767199036634168e-02 7.7682478721860182e+00 1.1486655176084433e+00 8.7940175554936231e-05 2.3462199975226876e+00 7.8898732466851386e-04 7.8898732467605449e-04
249 3.8906250000000003e-04 3.2041298446033713e-02 3.6799077290557210e-02 7.7533644977128127e+00 1.1484889525478155e+00 8.8276963343328590e-05 2.3441158665198283e+00 7.9197069905575666e-04 7.9197069906294937e-04
250 3.9062500000000002e-04 3.2073599015308402e-02 3.6830405337888457e-02 7.7386268127317663e+00 1.1483090912344973e+00 8.8609348097901013e-05 2.3420256621370279e+00 7.9491502310042315e-04 7.9491502310811491e-04
251 3.9218750000000001e-04 3.2105527091297603e-02 3.6861189548104772e-02 7.7240323740860166e+00 1.1481259735522680e+00 8.8937380397091382e-05 2.3399492292044775e+00 7.9782074539870823e-04 7.9782074540635229e-04
252 3.9375000000000000e-04 3.2137087148832837e-02 3.6891436217828005e-02 7.7095787850358590e+00 1.1479396389279741e+00 8.9261110241642852e-05 2.3378864143268814e+00 8.0068830942297100e-04 8.0068830943091603e-04
253 3.9531249999999999e-04 3.2168283604983618e-02 3.6921151571656069e-02 7.6952636943106665e+00 1.1477501263367411e+00 8.9580587061149225e-05 2.3358370658631498e+00 8.0351815357978954e-04 8.0351815358772004e-04
254 3.9687500000000004e-04 3.2199120819891312e-02 3.6950341762984444e-02 7.6810847951808396e+00 1.1475574743071253e+00 8.9895859720525502e-05 2.3338010339062096e+00 8.0631071126735954e-04 8.0631071127500035e-04
255 3.9843750000000003e-04 3.2229603097588801e-02 3.6979012874818425e-02 7.6670398245498079e+00 1.1473617209262170e+00 9.0206976526417438e-05 2.3317781702631306e+00 8.0906641093234468e-04 8.0906641094006778e-04
256 4.0000000000000002e-04 3.2259734686806867e-02 3.7007170920576302e-02 7.6531265620652675e+00 1.1471629038446796e+00 9.0513985233530101e-05 2.3297683284354602e+00 8.1178567612601312e-04 8.1178567613351342e-04
257 4.0156250000000001e-04 3.2289519781767313e-02 3.7034821844883666e-02 7.6393428292494985e+00 1.1469610602817280e+00 9.0816933050895396e-05 2.3277713635997013e+00 8.1446892555982892e-04 8.1446892556705285e-04
258 4.0312500000000000e-04 3.2318962522962430e-02 3.7061971524358216e-02 7.6256864886482383e+00 1.1467562270300573e+00 9.1115866648066920e-05 2.3257871325882116e+00 8.1711657316040152e-04 8.1711657316809578e-04
259 4.0468750000000005e-04 3.2348066997922163e-02 3.7088625768386382e-02 7.6121554429976577e+00 1.1465484404607151e+00 9.1410832161249042e-05 2.3238154938701241e+00 8.1972902812385031e-04 8.1972902813176921e-04
260 4.0625000000000004e-04 3.2376837241968139e-02 3.7114790319890581e-02 7.5987476344091496e+00 1.1463377365279188e+00 9.1701875199359662e-05 2.3218563075325931e+00 8.2230669496957979e-04 8.2230669497766946e-04
261 4.0781250000000003e-04 3.2405277238956018e-02 3.7140470856088230e-02 7.5854610435714855e+00 1.1461241507738067e+00 9.1989040850023738e-05 2.3199094352622716e+00 8.2484997359344144e-04 8.2484997360079439e-04
262 4.0937500000000002e-04 3.2433390922004909e-02 3.7165672989241935e-02 7.5722936889699000e+00 1.1459077183331559e+00 9.2272373685502667e-05 2.3179747403269144e+00 8.2735925932032591e-04 8.2735925932829566e-04
263 4.1093750000000001e-04 3.2461182174215293e-02 3.7190402267401189e-02 7.5592436261217992e+00 1.1456884739380326e+00 9.2551917768551927e-05 2.3160520875573107e+00 8.2983494295612258e-04 8.2983494296349819e-04
264 4.1250000000000000e-04 3.2488654829375498e-02 3.7214664175135997e-02 7.5463089468288498e+00 1.1454664519223907e+00 9.2827716658227063e-05 2.3141413433293181e+00 8.3227741083921082e-04 8.3227741084738235e-04
265 4.1406250000000004e-04 3.2515812672656089e-02 3.7238464134261538e-02 7.5334877784447833e+00 1.1452416862266193e+00 9.3099813415610812e-05 2.3122423755461923e+00 8.3468704489126635e-04 8.3468704489896484e-04
266 4.1562500000000003e-04 3.2542659441293281e-02 3.7261807504555260e-02 7.5207782831588066e+00 1.1450142104020504e+00 9.3368250609487092e-05 2.3103550536210329e+00 8.3706422266758033e-04 8.3706422267605381e-04
267 4.1718750000000002e-04 3.2569198825261846e-02 3.7284699584465675e-02 7.5081786572943310e+00 1.1447840576153907e+00 9.3633070321944627e-05 2.3084792484595442e+00 8.3940931740676640e-04 8.3940931741526589e-04
268 4.1875000000000001e-04 3.2595434467936231e-02 3.7307145611812635e-02 7.4956871306223745e+00 1.1445512606531218e+00 9.3894314153924560e-05 2.3066148324428926e+00 8.4172269807996475e-04 8.4172269808696003e-04
269 4.2031250000000000e-04 3.2621369966741691e-02 3.7329150764480470e-02 7.4833019656896926e+00 1.1443158519258536e+00 9.4152023230699566e-05 2.3047616794107935e+00 8.4400472943944090e-04 8.4400472944762446e-04
270 4.2187500000000000e-04 3.2647008873795083e-02 3.7350720161102517e-02 7.4710214571610116e+00 1.1440778634726008e+00 9.4406238207296665e-05 2.3029196646448304e+00 8.4625577206668269e-04 8.4625577207589234e-04
271 4.2343750000000004e-04 3.2672354696534282e-02 3.7371858861738168e-02 7.4588439311752790e+00 1.1438373269650621e+00 9.4656999273856502e-05 2.3010886648519153e+00 8.4847618241993585e-04 8.4847618242747560e-04
272 4.2500000000000003e-04 3.2697410898339795e-02 3.7392571868542591e-02 7.4467677447154488e+00 1.1435942737117817e+00 9.4904346160933832e-05 2.2992685581479950e+00 8.5066631288121760e-04 8.5066631288900684e-04
273 4.2656250000000002e-04 3.2722180899143964e-02 3.7412864126428004e-02 7.4347912849916327e+00 1.1433487346623266e+00 9.5148318144739697e-05 2.2974592240418690e+00 8.5282651180281313e-04 8.5282651181041729e-04
274 4.2812500000000001e-04 3.2746668076032298e-02 3.7432740523718207e-02 7.4229129688372710e+00 1.1431007404113795e+00 9.5388954052322023e-05 2.2956605434192490e+00 8.5495712355322195e-04 8.5495712356168957e-04
275 4.2968750000000000e-04 3.2770875763834376e-02 3.7452205892795236e-02 7.4111312421180138e+00 1.1428503212028021e+00 9.5626292266689781e-05 2.2938723985270166e+00 8.5705848856261133e-04 8.5705848857141982e-04
276 4.3125000000000005e-04 3.2794807255705966e-02 3.7471265010738795e-02 7.3994445791531138e+00 1.1425975069336374e+00 9.5860370731878892e-05 2.2920946729576266e+00 8.5913094336774649e-04 8.5913094337702206e-04
277 4.3281250000000004e-04 3.2818465803701569e-02 3.7489922599958425e-02 7.3878514821489878e+00 1.1423423271580833e+00 9.6091226957962663e-05 2.2903272516336695e+00 8.6117482065642902e-04 8.6117482066547387e-04
278 4.3437500000000003e-04 3.2841854619338348e-02 3.7508183328818417e-02 7.3763504806447155e+00 1.1420848110914048e+00 9.6318898025999004e-05 2.2885700207926836e+00 8.6319044931138064e-04 8.6319044932097312e-04
279 4.3593750000000002e-04 3.2864976874150742e-02 3.7526051812255497e-02 7.3649401309691553e+00 1.1418249876138153e+00 9.6543420592933786e-05 2.2868228679720706e+00 8.6517815445372919e-04 8.6517815446277382e-04
280 4.3750000000000001e-04 3.2887835700237074e-02 3.7543532612389879e-02 7.3536190157095565e+00 1.1415628852743036e+00 9.6764830896439065e-05 2.2850856819942309e+00 8.6713825748592466e-04 8.6713825749429817e-04
281 4.3906250000000000e-04 3.2910434190796957e-02 3.7560630239128832e-02 7.3423857431912749e+00 1.1412985322944251e+00 9.6983164759697276e-05 2.2833583529518298e+00 8.6907107613416919e-04 8.6907107614315473e-04
282 4.4062500000000004e-04 3.2932775400660891e-02 3.7577349150763821e-02 7.3312389469684458e+00 1.1410319565720453e+00 9.7198457596136805e-05 2.2816407721932883e+00 8.7097692449042408e-04 8.7097692449933676e-04
283 4.4218750000000003e-04 3.2954862346811491e-02 3.7593693754560460e-02 7.3201772853253004e+00 1.1407631856850342e+00 9.7410744414114082e-05 2.2799328323083863e+00 8.7285611305393045e-04 8.7285611306360815e-04
284 4.4375000000000003e-04 3.2976698008896320e-02 3.7609668407341951e-02 7.3091994407879843e+00 1.1404922468949368e+00 9.7620059821531006e-05 2.2782344271140569e+00 8.7470894877216985e-04 8.7470894878133559e-04
285 4.4531250000000002e-04 3.2998285329733444e-02 3.7625277416065944e-02 7.2983041196465441e+00 1.1402191671505824e+00 9.7826438030413775e-05 2.2765454516403323e+00 8.7653573508147270e-04 8.7653573508978300e-04
286 4.4687500000000001e-04 3.3019627215808825e-02 3.7640525038394587e-02 7.2874900514869720e+00 1.1399439730916590e+00 9.8029912861437719e-05 2.2748658021164880e+00 8.7833677194715037e-04 8.7833677195667411e-04
287 4.4843750000000000e-04 3.3040726537765845e-02 3.7655415483258264e-02 7.2767559887329938e+00 1.1396666910522621e+00 9.8230517748390452e-05 2.2731953759572763e+00 8.8011235590308267e-04 8.8011235591075091e-04
288 4.5000000000000004e-04 3.3061586130888033e-02 3.7669952911412750e-02 7.2661007061974630e+00 1.1393873470643721e+00 9.8428285742595153e-05 2.2715340717494064e+00 8.8186278009095111e-04 8.8186278009889073e-04
289 4.5156250000000003e-04 3.3082208795573671e-02 3.7684141435990109e-02 7.2555230006431097e+00 1.1391059668613230e+00 9.8623249517281261e-05 2.2698817892380778e+00 8.8358833429899987e-04 8.8358833430756940e-04
290 4.5312500000000002e-04 3.3102597297803911e-02 3.7697985123043426e-02 7.2450216903523863e+00 1.1388225758812098e+00 9.8815441371903349e-05 2.2682384293137492e+00 8.8528930500034490e-04 8.8528930500833666e-04
291 4.5468750000000001e-04 3.3122754369603061e-02 3.7711487992084923e-02 7.2345956147064214e+00 1.1385371992702686e+00 9.9004893236412343e-05 2.2666038939990623e+00 8.8696597539085703e-04 8.8696597539965306e-04
292 4.5625000000000000e-04 3.3142682709492374e-02 3.7724654016618377e-02 7.2242436337726126e+00 1.1382498618862160e+00 9.9191636675475300e-05 2.2649780864358169e+00 8.8861862542658756e-04 8.8861862543599280e-04
293 4.5781250000000005e-04 3.3162384982936964e-02 3.7737487124665306e-02 7.2139646279008565e+00 1.1379605883015462e+00 9.9375702892653630e-05 2.2633609108722346e+00 8.9024753186082832e-04 8.9024753186968159e-04
294 4.5937500000000004e-04 3.3181863822785519e-02 3.7749991199284738e-02 7.2037574973281249e+00 1.1376694028067933e+00 9.9557122734526368e-05 2.2617522726502264e+00 8.9185296828068095e-04 8.9185296828945865e-04
295 4.6093750000000003e-04 3.3201121829704215e-02 3.7762170079088025e-02 7.1936211617913628e+00 1.1373763294137595e+00 9.9735926694774959e-05 2.2601520781929576e+00 8.9343520514328727e-04 8.9343520515285492e-04
296 4.6250000000000002e-04 3.3220161572603248e-02 3.7774027558746572e-02 7.1835545601483011e+00 1.1370813918586991e+00 9.9912144918210382e-05 2.2585602349924114e+00 8.9499450981154582e-04 8.9499450982002602e-04
297 4.6406250000000001e-04 3.3238985589057586e-02 3.7785567389494699e-02 7.1735566500061729e+00 1.1367846136054727e+00 1.0008580720476461e-04 2.2569766515971663e+00 8.9653114658951841e-04 8.9653114659995483e-04
298 4.6562500000000000e-04 3.3257596385721337e-02 3.7796793279626484e-02 7.1636264073581390e+00 1.1364860178486615e+00 1.0025694301343510e-04 2.2554012376003723e+00 8.9804537675740748e-04 8.9804537676609476e-04
299 4.6718750000000005e-04 3.3275996438735349e-02 3.7807708894986532e-02 7.1537628262272630e+00 1.1361856275166560e+00 1.0042558146617496e-04 2.2538339036276982e+00 8.9953745860606735e-04 8.9953745861494100e-04
300 4.6875000000000004e-04 3.3294188194129992e-02 3.7818317859455775e-02 7.1439649183177583e+00 1.1358834652746816e+00 1.0059175135175341e-04 2.2522745613255832e+00 9.0100764747123754e-04 9.0100764748094668e-04
301 4.7031250000000003e-04 3.3312174068220672e-02 3.7828623755431279e-02 7.1342317126735226e+00 1.1355795535278268e+00 1.0075548112955831e-04 2.2507231233495384e+00 9.0245619576727397e-04 9.0245619577617624e-04
302 4.7187500000000002e-04 3.3329956447998195e-02 3.7838630124300825e-02 7.1245622553436911e+00 1.1352739144240143e+00 1.0091679893336569e-04 2.2491795033526176e+00 9.0388335302057866e-04 9.0388335303068744e-04
303 4.7343750000000001e-04 3.3347537691513295e-02 3.7848340466911781e-02 7.1149556090550945e+00 1.1349665698569376e+00 1.0107573257506271e-04 2.2476436159739914e+00 9.0528936590262166e-04 9.0528936591290413e-04
304 4.7500000000000000e-04 3.3364920128255440e-02 3.7857758244034985e-02 7.1054108528914686e+00 1.1346575414689735e+00 1.0123230954832490e-04 2.2461153768276398e+00 9.0667447826255694e-04 9.0667447827217989e-04
305 4.7656250000000004e-04 3.3382106059525921e-02 3.7866886876822901e-02 7.0959270819792568e+00 1.1343468506540559e+00 1.0138655703225736e-04 2.2445947024912511e+00 9.0803893115951311e-04 9.0803893116790278e-04
306 4.7812500000000003e-04 3.3399097758805868e-02 3.7875729747263144e-02 7.0865034071798512e+00 1.1340345185605196e+00 1.0153850189498947e-04 2.2430815104951609e+00 9.0938296289448141e-04 9.0938296290478328e-04
307 4.7968750000000002e-04 3.3415897472118303e-02 3.7884290198625908e-02 7.0771389547882446e+00 1.1337205660939067e+00 1.0168817069722924e-04 2.2415757193114558e+00 9.1070680904183716e-04 9.1070680905140763e-04
308 4.8125000000000002e-04 3.3432507418385646e-02 3.7892571535907298e-02 7.0678328662377634e+00 1.1334050139197431e+00 1.0183558969578529e-04 2.2400772483432112e+00 9.1201070248057847e-04 9.1201070248971526e-04
309 4.8281250000000001e-04 3.3448929789781090e-02 3.7900577026266792e-02 7.0585842978109135e+00 1.1330878824662940e+00 1.0198078484703461e-04 2.2385860179138271e+00 9.1329487342508176e-04 9.1329487343427905e-04
310 4.8437500000000000e-04 3.3465166752076128e-02 3.7908309899460389e-02 7.0493924203561633e+00 1.1327691919272631e+00 1.0212378181035822e-04 2.2371019492565249e+00 9.1455954945557718e-04 9.1455954946541176e-04
311 4.8593750000000004e-04 3.3481220444981662e-02 3.7915773348267928e-02 7.0402564190104453e+00 1.1324489622644847e+00 1.0226460595154272e-04 2.2356249645038941e+00 9.1580495554831342e-04 9.1580495555863308e-04
312 4.8750000000000003e-04 3.3497092982485023e-02 3.7922970528916425e-02 7.0311754929274697e+00 1.1321272132105795e+00 1.0240328234613370e-04 2.2341549866776464e+00 9.1703131410530449e-04 9.1703131411486542e-04
313 4.8906250000000002e-04 3.3512786453182307e-02 3.7929904561498209e-02 7.0221488550114017e+00 1.1318039642715672e+00 1.0253983578275640e-04 2.2326919396784288e+00 9.1823884498377798e-04 9.1823884499426644e-04
314 4.9062500000000007e-04 3.3528302920605130e-02 3.7936578530383958e-02 7.0131757316561627e+00 1.1314792347294644e+00 1.0267429076639439e-04 2.2312357482757492e+00 9.1942776552525766e-04 9.1942776553478325e-04
315 4.9218750000000000e-04 3.3543644423543156e-02 3.7942995484631446e-02 7.0042553624899409e+00 1.1311530436448503e+00 1.0280667152163502e-04 2.2297863380980827e+00 9.2059829058434935e-04 9.2059829059508056e-04
316 4.9375000000000005e-04 3.3558812976362290e-02 3.7949158438389662e-02 6.9953870001248974e+00 1.1308254098593948e+00 1.0293700199587878e-04 2.2283436356229696e+00 9.2175063255719948e-04 9.2175063256763688e-04
317 4.9531249999999998e-04 3.3573810569317714e-02 3.7955070371297722e-02 6.9865699099120198e+00 1.1304963519983620e+00 1.0306530586250411e-04 2.2269075681674173e+00 9.2288500140957300e-04 9.2288500141876292e-04
318 4.9687500000000003e-04 3.3588639168862969e-02 3.7960734228880008e-02 6.9778033697009167e+00 1.1301658884730887e+00 1.0319160652400387e-04 2.2254780638781644e+00 9.2400160470466615e-04 9.2400160471443091e-04
319 4.9843750000000007e-04 3.3603300717954039e-02 3.7966152922936071e-02 6.9690866696045255e+00 1.1298340374834364e+00 1.0331592711508698e-04 2.2240550517222961e+00 9.2510064763061850e-04 9.2510064764137498e-04
320 5.0000000000000001e-04 3.3617797136350207e-02 3.7971329331926831e-02 6.9604191117685632e+00 1.1295008170201979e+00 1.0343829050573157e-04 2.2226384614778021e+00 9.2618233302759010e-04 9.2618233303837770e-04
321 5.0156250000000006e-04 3.3632130320908983e-02 3.7976266301355331e-02 6.9518000101456465e+00 1.1291662448675044e+00 1.0355871930422301e-04 2.2212282237243040e+00 9.2724686141471035e-04 9.2724686142501016e-04
322 5.0312499999999999e-04 3.3646302145878840e-02 3.7980966644144402e-02 6.9432286902740019e+00 1.1288303386051739e+00 1.0367723586014034e-04 2.2198242698339148e+00 9.2829443101656161e-04 9.2829443102637017e-04
323 5.0468750000000004e-04 3.3660314463185903e-02 3.7985433141008856e-02 6.9347044890606409e+00 1.1284931156110651e+00 1.0379386226731667e-04 2.2184265319621574e+00 9.2932523778943956e-04 9.2932523780073098e-04
324 5.0624999999999997e-04 3.3674169102718039e-02 3.7989668540824133e-02 6.9262267545689449e+00 1.1281545930633747e+00 1.0390862036676730e-04 2.2170349430389935e+00 9.3033947544731951e-04 9.3033947545845882e-04
325 5.0781250000000002e-04 3.3687867872604083e-02 3.7993675560990377e-02 6.9177948458104801e+00 1.1278147879429288e+00 1.0402153174957681e-04 2.2156494367599553e+00 9.3133733548746676e-04 9.3133733549766477e-04
326 5.0937500000000006e-04 3.3701412559489788e-02 3.7997456887792755e-02 6.9094081325410217e+00 1.1274737170354383e+00 1.0413261775976073e-04 2.2142699475774439e+00 9.3231900721581652e-04 9.3231900722676078e-04
327 5.1093750000000000e-04 3.3714804928809246e-02 3.8001015176757087e-02 6.9010659950607520e+00 1.1271313969337335e+00 1.0424189949708975e-04 2.2128964106919873e+00 9.3328467777202128e-04 9.3328467778301281e-04
328 5.1250000000000004e-04 3.3728046725053168e-02 3.8004353053001837e-02 6.8927678240183665e+00 1.1267878440399643e+00 1.0434939781988454e-04 2.2115287620437636e+00 9.3423453215423944e-04 9.3423453216528291e-04
329 5.1406249999999998e-04 3.3741139672032718e-02 3.8007473111585872e-02 6.8845130202192237e+00 1.1264430745677931e+00 1.0445513334777708e-04 2.2101669383041016e+00 9.3516875324362980e-04 9.3516875325403825e-04
330 5.1562500000000002e-04 3.3754085473140655e-02 3.8010377917852591e-02 6.8763009944372513e+00 1.1260971045445394e+00 1.0455912646443918e-04 2.2088108768670858e+00 9.3608752182854549e-04 9.3608752183899926e-04
331 5.1718750000000007e-04 3.3766885811607812e-02 3.8013070007769462e-02 6.8681311672307030e+00 1.1257499498133159e+00 1.0466139732028592e-04 2.2074605158413592e+00 9.3699101662851657e-04 9.3699101663987684e-04
332 5.1875000000000001e-04 3.3779542350756468e-02 3.8015551888264325e-02 6.8600029687615276e+00 1.1254016260351436e+00 1.0476196583513619e-04 2.2061157940418941e+00 9.3787941431784628e-04 9.3787941432892704e-04
333 5.2031250000000005e-04 3.3792056734250536e-02 3.8017826037557538e-02 6.8519158386184218e+00 1.1250521486910237e+00 1.0486085170085707e-04 2.2047766509819344e+00 9.3875288954906250e-04 9.3875288955969159e-04
334 5.2187499999999999e-04 3.3804430586341708e-02 3.8019894905490216e-02 6.8438692256433615e+00 1.1247015330840011e+00 1.0495807438397033e-04 2.2034430268650183e+00 9.3961161497603898e-04 9.3961161498664302e-04
335 5.2343750000000003e-04 3.3816665512112654e-02 3.8021760913849144e-02 6.8358625877616568e+00 1.1243497943412040e+00 1.0505365312822621e-04 2.2021148625770510e+00 9.4045576127682075e-04 9.4045576128701214e-04
336 5.2500000000000008e-04 3.3828763097716541e-02 3.8023426456687444e-02 6.8278953918152778e+00 1.1239969474158529e+00 1.0514760695715511e-04 2.2007920996785186e+00 9.4128549717625485e-04 9.4128549718661819e-04
337 5.2656250000000001e-04 3.3840724910613636e-02 3.8024893900642058e-02 6.8199671133996613e+00 1.1236430070892518e+00 1.0523995467658446e-04 2.1994746803967922e+00 9.4210098946831704e-04 9.4210098948024098e-04
338 5.2812500000000006e-04 3.3852552499804310e-02 3.8026165585247212e-02 6.8120772367036260e+00 1.1232879879727542e+00 1.0533071487713056e-04 2.1981625476184457e+00 9.4290240303820960e-04 9.4290240304908371e-04
339 5.2968749999999999e-04 3.3864247396059005e-02 3.8027243823244385e-02 6.8042252543525095e+00 1.1229319045097057e+00 1.0541990593665869e-04 2.1968556448817749e+00 9.4368990088418132e-04 9.4368990089606093e-04
340 5.3125000000000004e-04 3.3875811112145139e-02 3.8028130900889093e-02 6.7964106672544693e+00 1.1225747709773735e+00 1.0550754602271762e-04 2.1955539163693052e+00 9.4446364413912104e-04 9.4446364414943679e-04
341 5.3281249999999997e-04 3.3887245143050936e-02 3.8028829078253661e-02 6.7886329844497473e+00 1.1222166014888353e+00 1.0559365309494671e-04 2.1942573069004294e+00 9.4522379209190544e-04 9.4522379210284276e-04
342 5.3437500000000002e-04 3.3898550966205844e-02 3.8029340589526783e-02 6.7808917229629504e+00 1.1218574099948699e+00 1.0567824490745091e-04 2.1929657619241412e+00 9.4597050220846467e-04 9.4597050222109834e-04
343 5.3593750000000006e-04 3.3909730041698574e-02 3.8029667643309645e-02 6.7731864076582795e+00 1.1214972102858032e+00 1.0576133901115416e-04 2.1916792275117931e+00 9.4670393015265511e-04 9.4670393016313035e-04
344 5.3750000000000000e-04 3.3920783812491438e-02 3.8029812422908482e-02 6.7655165710975709e+00 1.1211360159933534e+00 1.0584295275612364e-04 2.1903976503500178e+00 9.4742422980687404e-04 9.4742422981689749e-04
345 5.3906250000000005e-04 3.3931713704632799e-02 3.8029777086624340e-02 6.7578817534011666e+00 1.1207738405924372e+00 1.0592310329386651e-04 2.1891209777336824e+00 9.4813155329242897e-04 9.4813155330339220e-04
346 5.4062499999999998e-04 3.3942521127465430e-02 3.8029563768038649e-02 6.7502815021114850e+00 1.1204106974029719e+00 1.0600180757959965e-04 2.1878491575589218e+00 9.4882605098967217e-04 9.4882605100101510e-04
347 5.4218750000000003e-04 3.3953207473833194e-02 3.8029174576296287e-02 6.7427153720593473e+00 1.1200465995916389e+00 1.0607908237449843e-04 2.1865821383162451e+00 9.4950787155794001e-04 9.4950787156849407e-04
348 5.4375000000000007e-04 3.3963774120284111e-02 3.8028611596385153e-02 6.7351829252328628e+00 1.1196815601736501e+00 1.0615494424791417e-04 2.1853198690837816e+00 9.5017716195522524e-04 9.5017716196707633e-04
349 5.4531250000000001e-04 3.3974222427271106e-02 3.8027876889412233e-02 6.7276837306488986e+00 1.1193155920144697e+00 1.0622940957956848e-04 2.1840622995205217e+00 9.5083406745763769e-04 9.5083406746780392e-04
350 5.4687500000000005e-04 3.3984553739350269e-02 3.8026972492877183e-02 6.7202173642271017e+00 1.1189487078315303e+00 1.0630249456172499e-04 2.1828093798596764e+00 9.5147873167866488e-04 9.5147873169080415e-04
351 5.4843749999999999e-04 3.3994769385375670e-02 3.8025900420942005e-02 6.7127834086663407e+00 1.1185809201959318e+00 1.0637421520132862e-04 2.1815610609021276e+00 9.5211129658814679e-04 9.5211129660019650e-04
352 5.5000000000000003e-04 3.4004870678692560e-02 3.8024662664698235e-02 6.7053814533236071e+00 1.1182122415341069e+00 1.0644458732213008e-04 2.1803172940099196e+00 9.5273190253111967e-04 9.5273190254229129e-04
353 5.5156250000000008e-04 3.4014858917327348e-02 3.8023261192431011e-02 6.6980110940952198e+00 1.1178426841294868e+00 1.0651362656677817e-04 2.1790780310998592e+00 9.5334068824637157e-04 9.5334068825723083e-04
354 5.5312500000000001e-04 3.4024735384175088e-02 3.8021697949879529e-02 6.6906719333004201e+00 1.1174722601241280e+00 1.0658134839889539e-04 2.1778432246371424e+00 9.5393779088485161e-04 9.5393779089536111e-04
355 5.5468750000000006e-04 3.4034501347184977e-02 3.8019974860495444e-02 6.6833635795671977e+00 1.1171009815203332e+00 1.0664776810512083e-04 2.1766128276290826e+00 9.5452334602779158e-04 9.5452334603942290e-04
356 5.5625000000000000e-04 3.4044158059542570e-02 3.8018093825697437e-02 6.6760856477202868e+00 1.1167288601822529e+00 1.0671290079713920e-04 2.1753867936189537e+00 9.5509748770469859e-04 9.5509748771692101e-04
357 5.5781250000000004e-04 3.4053706759850345e-02 3.8016056725123468e-02 6.6688377586714216e+00 1.1163559078374625e+00 1.0677676141367973e-04 2.1741650766798100e+00 9.5566034841108568e-04 9.5566034842267992e-04
358 5.5937499999999998e-04 3.4063148672305733e-02 3.8013865416880108e-02 6.6616195393116886e+00 1.1159821360785245e+00 1.0683936472249558e-04 2.1729476314084555e+00 9.5621205912602841e-04 9.5621205913703307e-04
359 5.6093750000000002e-04 3.4072485006875923e-02 3.8011521737788372e-02 6.6544306224059335e+00 1.1156075563645429e+00 1.0690072532231779e-04 2.1717344129194243e+00 9.5675274932949218e-04 9.5675274934073969e-04
360 5.6250000000000007e-04 3.4081716959472062e-02 3.8009027503627751e-02 6.6472706464892219e+00 1.1152321800226734e+00 1.0696085764479266e-04 2.1705253768391111e+00 9.5728254701952077e-04 9.5728254703135462e-04
361 5.6406250000000000e-04 3.4090845712119559e-02 3.8006384509376580e-02 6.6401392557653809e+00 1.1148560182496445e+00 1.0701977595638899e-04 2.1693204792998371e+00 9.5780157872914608e-04 9.5780157874069121e-04
362 5.6562500000000005e-04 3.4099872433126739e-02 3.8003594529450097e-02 6.6330361000073328e+00 1.1144790821132526e+00 1.0707749436028917e-04 2.1681196769341460e+00 9.5830996954316490e-04 9.5830996955664890e-04
363 5.6718749999999998e-04 3.4108798277251655e-02 3.8000659317935656e-02 6.6259608344595033e+00 1.1141013825538268e+00 1.0713402679825874e-04 2.1669229268690415e+00 9.5880784311471866e-04 9.5880784312757903e-04
364 5.6875000000000003e-04 3.4117624385866303e-02 3.7997580608825382e-02 6.6189131197420386e+00 1.1137229303856926e+00 1.0718938705248858e-04 2.1657301867203103e+00 9.5929532168163314e-04 9.5929532169357118e-04
365 5.7031250000000007e-04 3.4126351887118510e-02 3.7994360116245990e-02 6.6118926217568603e+00 1.1133437362986203e+00 1.0724358874742497e-04 2.1645414145869868e+00 9.5977252608265239e-04 9.5977252609445718e-04
366 5.7187500000000001e-04 3.4134981896092320e-02 3.7990999534685904e-02 6.6048990115955251e+00 1.1129638108592350e+00 1.0729664535157347e-04 2.1633565690457766e+00 9.6023957577343034e-04 9.6023957578581767e-04
367 5.7343750000000005e-04 3.4143515514965715e-02 3.7987500539220176e-02 6.5979319654488835e+00 1.1125831645124409e+00 1.0734857017927901e-04 2.1621756091456259e+00 9.6069658884232736e-04 9.6069658885426183e-04
368 5.7499999999999999e-04 3.4151953833166611e-02 3.7983864785732374e-02 6.5909911645183961e+00 1.1122018075828040e+00 1.0739937639249198e-04 2.1609984944022886e+00 9.6114368202607095e-04 9.6114368203925561e-04
369 5.7656250000000004e-04 3.4160297927526714e-02 3.7980093911134223e-02 6.5840762949292522e+00 1.1118197502759330e+00 1.0744907700251425e-04 2.1598251847930219e+00 9.6158097072523952e-04 9.6158097073821417e-04
370 5.7812500000000008e-04 3.4168548862433333e-02 3.7976189533582609e-02 6.5771870476450092e+00 1.1114370026798415e+00 1.0749768487171696e-04 2.1586556407512787e+00 9.6200856901950034e-04 9.6200856903196845e-04
371 5.7968750000000002e-04 3.4176707689979359e-02 3.7972153252694124e-02 6.5703231183839756e+00 1.1110535747662902e+00 1.0754521271524642e-04 2.1574898231614985e+00 9.6242658968274171e-04 9.6242658969495102e-04
372 5.8125000000000006e-04 3.4184775450111123e-02 3.7967986649757181e-02 6.5634842075371083e+00 1.1106694763921219e+00 1.0759167310271256e-04 2.1563276933539703e+00 9.6283514419804326e-04 9.6283514420902069e-04
373 5.8281250000000000e-04 3.4192753170774741e-02 3.7963691287941706e-02 6.5566700200875347e+00 1.1102847173005672e+00 1.0763707845984576e-04 2.1551692130996836e+00 9.6323434277237427e-04 9.6323434278529027e-04
374 5.8437500000000004e-04 3.4200641868059850e-02 3.7959268712506364e-02 6.5498802655315256e+00 1.1098993071225576e+00 1.0768144107014959e-04 2.1540143446053537e+00 9.6362429435125285e-04 9.6362429436339884e-04
375 5.8593749999999998e-04 3.4208442546342324e-02 3.7954720451003544e-02 6.5431146578010333e+00 1.1095132553779998e+00 1.0772477307652325e-04 2.1528630505083903e+00 9.6400510663313286e-04 9.6400510664425385e-04
376 5.8750000000000002e-04 3.4216156198424566e-02 3.7950048013481834e-02 6.5363729151876315e+00 1.1091265714770495e+00 1.0776708648287346e-04 2.1517152938719524e+00 9.6437688608370345e-04 9.6437688609621547e-04
377 5.8906250000000007e-04 3.4223783805674028e-02 3.7945252892686167e-02 6.5296547602679693e+00 1.1087392647213705e+00 1.0780839315570022e-04 2.1505710381801602e+00 9.6473973794995228e-04 9.6473973796273643e-04
378 5.9062500000000000e-04 3.4231326338160610e-02 3.7940336564256168e-02 6.5229599198305639e+00 1.1083513443053710e+00 1.0784870482567723e-04 2.1494302473332172e+00 9.6509376627418103e-04 9.6509376628710016e-04
379 5.9218750000000005e-04 3.4238784754791321e-02 3.7935300486921321e-02 6.5162881248039666e+00 1.1079628193174325e+00 1.0788803308919474e-04 2.1482928856426242e+00 9.6543907390769302e-04 9.6543907392006084e-04
380 5.9374999999999999e-04 3.4246160003444000e-02 3.7930146102694851e-02 6.5096391101863649e+00 1.1075736987411251e+00 1.0792638940990217e-04 2.1471589178265642e+00 9.6577576252447161e-04 9.6577576253694135e-04
381 5.9531250000000003e-04 3.4253453021098806e-02 3.7924874837064589e-02 6.5030126149763774e+00 1.1071839914564037e+00 1.0796378512022493e-04 2.1460283090051808e+00 9.6610393263463689e-04 9.6610393264600139e-04
382 5.9687500000000007e-04 3.4260664733968500e-02 3.7919488099182434e-02 6.4964083821052796e+00 1.1067937062407991e+00 1.0800023142286626e-04 2.1449010246959994e+00 9.6642368359776173e-04 9.6642368361026464e-04
383 5.9843750000000001e-04 3.4267796057626733e-02 3.7913987282050879e-02 6.4898261583704073e+00 1.1064028517705806e+00 1.0803573939229081e-04 2.1437770308093924e+00 9.6673511363603432e-04 9.6673511364897427e-04
384 6.0000000000000006e-04 3.4274847897134683e-02 3.7908373762707850e-02 6.4832656943698197e+00 1.1060114366219236e+00 1.0807031997619212e-04 2.1426562936440630e+00 9.6703831984727045e-04 9.6703831986014849e-04
385 6.0156249999999999e-04 3.4281821147166415e-02 3.7902648902409540e-02 6.4767267444381984e+00 1.1056194692720520e+00 1.0810398399694036e-04 2.1415387798826502e+00 9.6733339821775599e-04 9.6733339823003924e-04
386 6.0312500000000004e-04 3.4288716692132327e-02 3.7896814046810674e-02 6.4702090665839602e+00 1.1052269581003664e+00 1.0813674215301929e-04 2.1404244565872577e+00 9.6762044363499125e-04 9.6762044364768378e-04
387 6.0468750000000008e-04 3.4295535406301057e-02 3.7890870526143143e-02 6.4637124224274736e+00 1.1048339113895718e+00 1.0816860502044164e-04 2.1393132911952022e+00 9.6789954990024278e-04 9.6789954991327251e-04
388 6.0625000000000002e-04 3.4302278153920181e-02 3.7884819655392463e-02 6.4572365771405069e+00 1.1044403373267748e+00 1.0819958305415168e-04 2.1382052515146821e+00 9.6817080974098593e-04 9.6817080975342834e-04
389 6.0781250000000006e-04 3.4308945789334785e-02 3.7878662734472136e-02 6.4507812993867137e+00 1.1040462440045893e+00 1.0822968658940695e-04 2.1371003057204958e+00 9.6843431482315789e-04 9.6843431483539463e-04
390 6.0937500000000000e-04 3.4315539157105231e-02 3.7872401048395919e-02 6.4443463612633085e+00 1.1036516394222009e+00 1.0825892584315067e-04 2.1359984223499184e+00 9.6869015576333173e-04 9.6869015577613030e-04
391 6.1093750000000004e-04 3.4322059092123026e-02 3.7866035867448758e-02 6.4379315382437055e+00 1.1032565314864540e+00 1.0828731091536438e-04 2.1348995702985230e+00 9.6893842214071022e-04 9.6893842215285990e-04
392 6.1249999999999998e-04 3.4328506419725159e-02 3.7859568447354712e-02 6.4315366091213679e+00 1.1028609280128949e+00 1.0831485179040396e-04 2.1338037188160808e+00 9.6917920250897977e-04 9.6917920252162732e-04
393 6.1406250000000002e-04 3.4334881955807368e-02 3.7853000029443924e-02 6.4251613559545593e+00 1.1024648367268233e+00 1.0834155833832772e-04 2.1327108375025183e+00 9.6941258440808367e-04 9.6941258442093386e-04
394 6.1562500000000007e-04 3.4341186506935503e-02 3.7846331840817156e-02 6.4188055640121631e+00 1.1020682652643279e+00 1.0836744031619419e-04 2.1316208963038950e+00 9.6963865437574119e-04 9.6963865438810901e-04
395 6.1718750000000001e-04 3.4347420870456072e-02 3.7839565094508497e-02 6.4124690217205007e+00 1.1016712211732962e+00 1.0839250736936714e-04 2.1305338655084674e+00 9.6985749795901286e-04 9.6985749797167959e-04
396 6.1875000000000005e-04 3.4353585834604870e-02 3.7832700989646396e-02 6.4061515206111492e+00 1.1012737119144331e+00 1.0841676903278429e-04 2.1294497157427723e+00 9.7006919972555917e-04 9.7006919973864571e-04
397 6.2031249999999999e-04 3.4359682178614619e-02 3.7825740711612738e-02 6.3998528552696188e+00 1.1008757448622557e+00 1.0844023473222011e-04 2.1283684179677342e+00 9.7027384327484005e-04 9.7027384328830530e-04
398 6.2187500000000003e-04 3.4365710672821057e-02 3.7818685432200148e-02 6.3935728232851172e+00 1.1004773273060802e+00 1.0846291378554207e-04 2.1272899434748780e+00 9.7047151124925385e-04 9.7047151126243992e-04
399 6.2343750000000008e-04 3.4371672078767589e-02 3.7811536309767302e-02 6.3873112252010609e+00 1.1000784664509999e+00 1.0848481540393933e-04 2.1262142638825132e+00 9.7066228534503770e-04 9.7066228535877606e-04
400 6.2500000000000001e-04 3.4377567149309195e-02 3.7804294489392661e-02 6.3810678644666607e+00 1.0996791694188379e+00 1.0850594869314315e-04 2.1251413511320072e+00 9.7084624632309184e-04 9.7084624633680505e-04
401 6.2656250000000006e-04 3.4383396628714410e-02 3.7796961103026626e-02 6.3748425473892496e+00 1.0992794432491135e+00 1.0852632265463539e-04 2.1240711774841063e+00 9.7102347401969622e-04 9.7102347403233585e-04
402 6.2812499999999999e-04 3.4389161252766198e-02 3.7789537269641328e-02 6.3686350830875371e+00 1.0988792948999770e+00 1.0854594618684193e-04 2.1230037155152552e+00 9.7119404735709664e-04 9.7119404737059094e-04
403 6.2968750000000004e-04 3.4394861748861964e-02 3.7782024095379486e-02 6.3624452834457319e+00 1.0984787312491406e+00 1.0856482808630905e-04 2.1219389381140328e+00 9.7135804435393759e-04 9.7135804436584300e-04
404 6.3125000000000008e-04 3.4400498836111744e-02 3.7774422673700951e-02 6.3562729630684398e+00 1.0980777590948028e+00 1.0858297704886626e-04 2.1208768184775058e+00 9.7151554213557802e-04 9.7151554214797218e-04
405 6.3281250000000002e-04 3.4406073225435582e-02 3.7766734085527824e-02 6.3501179392364095e+00 1.0976763851565539e+00 1.0860040167078616e-04 2.1198173301077770e+00 9.7166661694437475e-04 9.7166661695773657e-04
406 6.3437500000000006e-04 3.4411585619659610e-02 3.7758959399387892e-02 6.3439800318630901e+00 1.0972746160762759e+00 1.0861711044991685e-04 2.1187604468084507e+00 9.7181134414973003e-04 9.7181134416277927e-04
407 6.3593750000000000e-04 3.4417036713610828e-02 3.7751099671556619e-02 6.3378590634519290e+00 1.0968724584190386e+00 1.0863311178681295e-04 2.1177061426812154e+00 9.7194979825811971e-04 9.7194979827108915e-04
408 6.3750000000000005e-04 3.4422427194210903e-02 3.7743155946197045e-02 6.3317548590544961e+00 1.0964699186739688e+00 1.0864841398584351e-04 2.1166543921223977e+00 9.7208205292292113e-04 9.7208205293682114e-04
409 6.3906249999999998e-04 3.4427757740568478e-02 3.7735129255498372e-02 6.3256672462292851e+00 1.0960670032551263e+00 1.0866302525629480e-04 2.1156051698196241e+00 9.7220818095419446e-04 9.7220818096830047e-04
410 6.4062500000000003e-04 3.4433029024070826e-02 3.7727020619813194e-02 6.3195960550013188e+00 1.0956637185023619e+00 1.0867695371345871e-04 2.1145584507484858e+00 9.7232825432833482e-04 9.7232825434111876e-04
411 6.4218750000000007e-04 3.4438241708474114e-02 3.7718831047792702e-02 6.3135411178224796e+00 1.0952600706821609e+00 1.0869020737970627e-04 2.1135142101692082e+00 9.7244234419759513e-04 9.7244234421159489e-04
412 6.4375000000000001e-04 3.4443396449992371e-02 3.7710561536520568e-02 6.3075022695324607e+00 1.0948560659884901e+00 1.0870279418555290e-04 2.1124724236234629e+00 9.7255052089953247e-04 9.7255052091240943e-04
413 6.4531250000000005e-04 3.4448493897385669e-02 3.7702213071645389e-02 6.3014793473205213e+00 1.0944517105436256e+00 1.0871472197070534e-04 2.1114330669310863e+00 9.7265285396629553e-04 9.7265285397952540e-04
414 6.4687499999999999e-04 3.4453534692047198e-02 3.7693786627511439e-02 6.2954721906878657e+00 1.0940470103989701e+00 1.0872599848510532e-04 2.1103961161869305e+00 9.7274941213388005e-04 9.7274941214745925e-04
415 6.4843750000000003e-04 3.4458519468088845e-02 3.7685283167287899e-02 6.2894806414107114e+00 1.0936419715358716e+00 1.0873663138995330e-04 2.1093615477576964e+00 9.7284026335120813e-04 9.7284026336456018e-04
416 6.5000000000000008e-04 3.4463448852426630e-02 3.7676703643096859e-02 6.2835045435039811e+00 1.0932365998664111e+00 1.0874662825872437e-04 2.1083293382788653e+00 9.7292547478913924e-04 9.7292547480392396e-04
417 6.5156250000000001e-04 3.4468323464864010e-02 3.7668048996139680e-02 6.2775437431856984e+00 1.0928309012342121e+00 1.0875599657817117e-04 2.1072994646515784e+00 9.7300511284936612e-04 9.7300511286266560e-04
418 6.5312500000000006e-04 3.4473143918174944e-02 3.7659320156821829e-02 6.2715980888419249e+00 1.0924248814152129e+00 1.0876474374931801e-04 2.1062719040396227e+00 9.7307924317323151e-04 9.7307924318738523e-04
419 6.5468750000000000e-04 3.4477910818185818e-02 3.7650518044876534e-02 6.2656674309924121e+00 1.0920185461184406e+00 1.0877287708843978e-04 2.1052466338664235e+00 9.7314793065040922e-04 9.7314793066470887e-04
420 6.5625000000000004e-04 3.4482624763855822e-02 3.7641643569486731e-02 6.2597516222567959e+00 1.0916119009867875e+00 1.0878040382803231e-04 2.1042236318120717e+00 9.7321123942751241e-04 9.7321123944093418e-04
421 6.5781250000000009e-04 3.4487286347357114e-02 3.7632697629405805e-02 6.2538505173214212e+00 1.0912049515977569e+00 1.0878733111777038e-04 2.1032028758103936e+00 9.7326923291658817e-04 9.7326923293221629e-04
422 6.5937500000000002e-04 3.4491896154153510e-02 3.7623681113076929e-02 6.2479639729066854e+00 1.0907977034642176e+00 1.0879366602545416e-04 2.1021843440460395e+00 9.7332197380351414e-04 9.7332197381547311e-04
423 6.6093750000000007e-04 3.4496454763078631e-02 3.7614594898751151e-02 6.2420918477350691e+00 1.0903901620351391e+00 1.0879941553794500e-04 2.1011680149516243e+00 9.7336952405629789e-04 9.7336952407094948e-04
424 6.6250000000000000e-04 3.4500962746412525e-02 3.7605439854603774e-02 6.2362340024995975e+00 1.0899823326963263e+00 1.0880458656209902e-04 2.1001538672049085e+00 9.7341194493335507e-04 9.7341194494656520e-04
425 6.6406250000000005e-04 3.4505420669957682e-02 3.7596216838849672e-02 6.2303902998329557e+00 1.0895742207711441e+00 1.0880918592567115e-04 2.0991418797259422e+00 9.7344929699153058e-04 9.7344929700411741e-04
426 6.6562499999999998e-04 3.4509829093114452e-02 3.7586926699857394e-02 6.2245606042770865e+00 1.0891658315212258e+00 1.0881322037822807e-04 2.0981320316743481e+00 9.7348164009419390e-04 9.7348164010836627e-04
427 6.6718750000000003e-04 3.4514188568954829e-02 3.7577570276261629e-02 6.2187447822533084e+00 1.0887571701471863e+00 1.0881669659203823e-04 2.0971243024465434e+00 9.7350903341913303e-04 9.7350903343249235e-04
428 6.6875000000000007e-04 3.4518499644296111e-02 3.7568148397074709e-02 6.2129427020330414e+00 1.0883482417893133e+00 1.0881962116295998e-04 2.0961186716730844e+00 9.7353153546643196e-04 9.7353153548065171e-04
429 6.7031250000000001e-04 3.4522762859772897e-02 3.7558661881796622e-02 6.2071542337089118e+00 1.0879390515282674e+00 1.0882200061131194e-04 2.0951151192159116e+00 9.7354920406619036e-04 9.7354920408070035e-04
430 6.7187500000000005e-04 3.4526978749908850e-02 3.7549111540523740e-02 6.2013792491664450e+00 1.0875296043857550e+00 1.0882384138274028e-04 2.0941136251657637e+00 9.7356209638621636e-04 9.7356209639983720e-04
431 6.7343749999999999e-04 3.4531147843187462e-02 3.7539498174056662e-02 6.1956176220562531e+00 1.0871199053252065e+00 1.0882514984907009e-04 2.0931141698395379e+00 9.7357026893957492e-04 9.7357026895297176e-04
432 6.7500000000000004e-04 3.4535270662121448e-02 3.7529822574006305e-02 6.1898692277666134e+00 1.0867099592524492e+00 1.0882593230915031e-04 2.0921167337777340e+00 9.7357377759208625e-04 9.7357377760818058e-04
433 6.7656250000000008e-04 3.4539347723322317e-02 3.7520085522899177e-02 6.1841339433966551e+00 1.0862997710163516e+00 1.0882619498969178e-04 2.0911212977418137e+00 9.7357267756975423e-04 9.7357267758488894e-04
434 6.7812500000000002e-04 3.4543379537567885e-02 3.7510287794281311e-02 6.1784116477298827e+00 1.0858893454094942e+00 1.0882594404609030e-04 2.0901278427117860e+00 9.7356702346606812e-04 9.7356702348006365e-04
435 6.7968750000000006e-04 3.4547366609869963e-02 3.7500430152820910e-02 6.1727022212082101e+00 1.0854786871688007e+00 1.0882518556324065e-04 2.0891363498836282e+00 9.7355686924922424e-04 9.7355686926348431e-04
436 6.8125000000000000e-04 3.4551309439540795e-02 3.7490513354410011e-02 6.1670055459064539e+00 1.0850678009761785e+00 1.0882392555634604e-04 2.0881468006668484e+00 9.7354226826930259e-04 9.7354226828465478e-04
437 6.8281250000000004e-04 3.4555208520258715e-02 3.7480538146264814e-02 6.1613215055072397e+00 1.0846566914591489e+00 1.0882216997171312e-04 2.0871591766820252e+00 9.7352327326531859e-04 9.7352327328007967e-04
438 6.8437499999999998e-04 3.4559064340133228e-02 3.7470505267025042e-02 6.1556499852763125e+00 1.0842453631914675e+00 1.0881992468754201e-04 2.0861734597584181e+00 9.7349993637223080e-04 9.7349993638563327e-04
439 6.8593750000000002e-04 3.4562877381768879e-02 3.7460415446851983e-02 6.1499908720383409e+00 1.0838338206937450e+00 1.0881719551470535e-04 2.0851896319315455e+00 9.7347230912785045e-04 9.7347230914165267e-04
440 6.8750000000000007e-04 3.4566648122328840e-02 3.7450269407525445e-02 6.1443440541530512e+00 1.0834220684340490e+00 1.0881398819751477e-04 2.0842076754408696e+00 9.7344044247963995e-04 9.7344044249402949e-04
441 6.8906250000000000e-04 3.4570377033597506e-02 3.7440067862539818e-02 6.1387094214918472e+00 1.0830101108285102e+00 1.0881030841448890e-04 2.0832275727274476e+00 9.7340438679152175e-04 9.7340438680585068e-04
442 6.9062500000000005e-04 3.4574064582042256e-02 3.7429811517198583e-02 6.1330868654147190e+00 1.0825979522419125e+00 1.0880616177910085e-04 2.0822493064315819e+00 9.7336419185051226e-04 9.7336419186431166e-04
443 6.9218749999999999e-04 3.4577711228874791e-02 3.7419501068708463e-02 6.1274762787476931e+00 1.0821855969882870e+00 1.0880155384052377e-04 2.0812728593906233e+00 9.7331990687333147e-04 9.7331990688762744e-04
444 6.9375000000000003e-04 3.4581317430111384e-02 3.7409137206271530e-02 6.1218775557604959e+00 1.0817730493314823e+00 1.0879649008436646e-04 2.0802982146366613e+00 9.7327158051292923e-04 9.7327158052830788e-04
445 6.9531250000000008e-04 3.4584883636632424e-02 3.7398720611177105e-02 6.1162905921447370e+00 1.0813603134857523e+00 1.0879097593340140e-04 2.0793253553942961e+00 9.7321926086493859e-04 9.7321926088006884e-04
446 6.9687500000000001e-04 3.4588410294241707e-02 3.7388251956892306e-02 6.1107152849923683e+00 1.0809473936163154e+00 1.0878501674828331e-04 2.0783542650784645e+00 9.7316299547405450e-04 9.7316299548765538e-04
447 6.9843750000000006e-04 3.4591897843724503e-02 3.7377731909151425e-02 6.1051515327745518e+00 1.0805342938399176e+00 1.0877861782825789e-04 2.0773849272922296e+00 9.7310283134031581e-04 9.7310283135448124e-04
448 6.9999999999999999e-04 3.4595346720905244e-02 3.7367161126044303e-02 6.0995992353208548e+00 1.0801210182253820e+00 1.0877178441186649e-04 2.0764173258246994e+00 9.7303881492535589e-04 9.7303881494044625e-04
449 7.0156250000000004e-04 3.4598757356704278e-02 3.7356540258104171e-02 6.0940582937988035e+00 1.0797075707941721e+00 1.0876452167763856e-04 2.0754514446487971e+00 9.7297099215854573e-04 9.7297099217321379e-04
450 7.0312500000000008e-04 3.4602130177194178e-02 3.7345869948393604e-02 6.0885286106938166e+00 1.0792939555209173e+00 1.0875683474478137e-04 2.0744872679192388e+00 9.7289940844310936e-04 9.7289940845839747e-04
451 7.0468750000000002e-04 3.4605465603655287e-02 3.7335150832590286e-02 6.0830100897893820e+00 1.0788801763339566e+00 1.0874872867385643e-04 2.0735247799704153e+00 9.7282410866212450e-04 9.7282410867774167e-04
452 7.0625000000000006e-04 3.4608764052630539e-02 3.7324383539071596e-02 6.0775026361476678e+00 1.0784662371158744e+00 1.0874020846744930e-04 2.0725639653143633e+00 9.7274513718446334e-04 9.7274513719967221e-04
453 7.0781250000000000e-04 3.4612025935979840e-02 3.7313568688997788e-02 6.0720061560903797e+00 1.0780521417040094e+00 1.0873127907083602e-04 2.0716048086386936e+00 9.7266253787070111e-04 9.7266253788548063e-04
454 7.0937500000000004e-04 3.4615251660933655e-02 3.7302706896394963e-02 6.0665205571799810e+00 1.0776378938909850e+00 1.0872194537263607e-04 2.0706472948046466e+00 9.7257635407891035e-04 9.7257635409296204e-04
455 7.1093749999999998e-04 3.4618441630145581e-02 3.7291798768236191e-02 6.0610457482011819e+00 1.0772234974252182e+00 1.0871221220546021e-04 2.0696914088450455e+00 9.7248662867040637e-04 9.7248662868623800e-04
456 7.1250000000000003e-04 3.4621596241745586e-02 3.7280844904522950e-02 6.0555816391428090e+00 1.0768089560114196e+00 1.0870208434655371e-04 2.0687371359623627e+00 9.7239340401545022e-04 9.7239340403139070e-04
457 7.1406250000000007e-04 3.4624715889390340e-02 3.7269845898363879e-02 6.0501281411798660e+00 1.0763942733111078e+00 1.0869156651843028e-04 2.0677844615267742e+00 9.7229672199887181e-04 9.7229672201356156e-04
458 7.1562500000000001e-04 3.4627800962315929e-02 3.7258802336054699e-02 6.0446851666559915e+00 1.0759794529430842e+00 1.0868066338949223e-04 2.0668333710742579e+00 9.7219662402557247e-04 9.7219662403986149e-04
459 7.1718750000000005e-04 3.4630851845387063e-02 3.7247714797155336e-02 6.0392526290661408e+00 1.0755644984839392e+00 1.0866937957465418e-04 2.0658838503046479e+00 9.7209315102605542e-04 9.7209315104155398e-04
460 7.1874999999999999e-04 3.4633868919147763e-02 3.7236583854567400e-02 6.0338304430396086e+00 1.0751494134685222e+00 1.0865771963595841e-04 2.0649358850798434e+00 9.7198634346188045e-04 9.7198634347696506e-04
461 7.2031250000000003e-04 3.4636852559870118e-02 3.7225410074610304e-02 6.0284185243232473e+00 1.0747342013904364e+00 1.0864568808317053e-04 2.0639894614218752e+00 9.7187624133095391e-04 9.7187624134530788e-04
462 7.2187500000000008e-04 3.4639803139603645e-02 3.7214194017096580e-02 6.0230167897650340e+00 1.0743188657024911e+00 1.0863328937438729e-04 2.0630445655111078e+00 9.7176288417291298e-04 9.7176288418813789e-04
463 7.2343750000000001e-04 3.4642721026222865e-02 3.7202936235406124e-02 6.0176251572979051e+00 1.0739034098171820e+00 1.0862052791661954e-04 2.0621011836844394e+00 9.7164631107429984e-04 9.7164631108935290e-04
464 7.2500000000000006e-04 3.4645606583475347e-02 3.7191637276560094e-02 6.0122435459237851e+00 1.0734878371071472e+00 1.0860740806638172e-04 2.0611593024335009e+00 9.7152656067378876e-04 9.7152656068901714e-04
465 7.2656249999999999e-04 3.4648460171028538e-02 3.7180297681293502e-02 6.0068718756979465e+00 1.0730721509056258e+00 1.0859393413026610e-04 2.0602189084028937e+00 9.7140367116727933e-04 9.7140367118263391e-04
466 7.2812500000000004e-04 3.4651282144516161e-02 3.7168917984126977e-02 6.0015100677135935e+00 1.0726563545069068e+00 1.0858011036552013e-04 2.0592799883883957e+00 9.7127768031301707e-04 9.7127768032842141e-04
467 7.2968750000000008e-04 3.4654072855584500e-02 3.7157498713438340e-02 5.9961580440867071e+00 1.0722404511667787e+00 1.0856594098060214e-04 2.0583425293353095e+00 9.7114862543652247e-04 9.7114862545095092e-04
468 7.3125000000000002e-04 3.4656832651937364e-02 3.7146040391532333e-02 5.9908157279411078e+00 1.0718244441029674e+00 1.0855143013574495e-04 2.0574065183367014e+00 9.7101654343558982e-04 9.7101654345169673e-04
469 7.3281250000000007e-04 3.4659561877381360e-02 3.7134543534710442e-02 5.9854830433938222e+00 1.0714083364955700e+00 1.0853658194350798e-04 2.0564719426317200e+00 9.7088147078518388e-04 9.7088147079957710e-04
470 7.3437500000000000e-04 3.4662260871870021e-02 3.7123008653339520e-02 5.9801599155405718e+00 1.0709921314874906e+00 1.0852140046932014e-04 2.0555387896039301e+00 9.7074344354225429e-04 9.7074344355751237e-04
471 7.3593750000000005e-04 3.4664929971547652e-02 3.7111436251919615e-02 5.9748462704416507e+00 1.0705758321848626e+00 1.0850588973201898e-04 2.0546070467796675e+00 9.7060249735051883e-04 9.7060249736605328e-04
472 7.3749999999999998e-04 3.4667569508792746e-02 3.7099826829151139e-02 5.9695420351079065e+00 1.0701594416574689e+00 1.0849005370438848e-04 2.0536767018263875e+00 9.7045866744523135e-04 9.7045866746084365e-04
473 7.3906250000000003e-04 3.4670179812260761e-02 3.7088180878001337e-02 5.9642471374869555e+00 1.0697429629391617e+00 1.0847389631367800e-04 2.0527477425510643e+00 9.7031198865778646e-04 9.7031198867371133e-04
474 7.4062500000000007e-04 3.4672761206926118e-02 3.7076498885769492e-02 5.9589615064497359e+00 1.0693263990282726e+00 1.0845742144212806e-04 2.0518201568986063e+00 9.7016249542038278e-04 9.7016249543448803e-04
475 7.4218750000000001e-04 3.4675314014124652e-02 3.7064781334152398e-02 5.9536850717770919e+00 1.0689097528880176e+00 1.0844063292748695e-04 2.0508939329502565e+00 9.7001022177060296e-04 9.7001022178519643e-04
476 7.4375000000000005e-04 3.4677838551594384e-02 3.7053028699307856e-02 5.9484177641467477e+00 1.0684930274468987e+00 1.0842353456351666e-04 2.0499690589220338e+00 9.6985520135590151e-04 9.6985520137131973e-04
477 7.4531249999999999e-04 3.4680335133516607e-02 3.7041241451918401e-02 5.9431595151203700e+00 1.0680762255991036e+00 1.0840613010049452e-04 2.0490455231632345e+00 9.6969746743805630e-04 9.6969746745271558e-04
478 7.4687500000000003e-04 3.4682804070556177e-02 3.7029420057253848e-02 5.9379102571308815e+00 1.0676593502048994e+00 1.0838842324571539e-04 2.0481233141548478e+00 9.6953705289761969e-04 9.6953705291271037e-04
479 7.4843750000000008e-04 3.4685245669901464e-02 3.7017564975233154e-02 5.9326699234700095e+00 1.0672424040910164e+00 1.0837041766397989e-04 2.0472024205080852e+00 9.6937399023824984e-04 9.6937399025373453e-04
480 7.5000000000000002e-04 3.4687660235303841e-02 3.7005676660485889e-02 5.9274384482759288e+00 1.0668253900510376e+00 1.0835211697808117e-04 2.0462828309628911e+00 9.6920831159102939e-04 9.6920831160641683e-04
481 7.5156250000000006e-04 3.4690048067116459e-02 3.6993755562412370e-02 5.9222157665212194e+00 1.0664083108457740e+00 1.0833352476928725e-04 2.0453645343864615e+00 9.6904004871874139e-04 9.6904004873358651e-04
482 7.5312500000000000e-04 3.4692409462333026e-02 3.6981802125243796e-02 5.9170018140009439e+00 1.0659911692036397e+00 1.0831464457781305e-04 2.0444475197717726e+00 9.6886923302005662e-04 9.6886923303572984e-04
483 7.5468750000000004e-04 3.4694744714625581e-02 3.6969816788101253e-02 5.9117965273209272e+00 1.0655739678210290e+00 1.0829547990329360e-04 2.0435317762361955e+00 9.6869589553373115e-04 9.6869589554989953e-04
484 7.5625000000000009e-04 3.4697054114382557e-02 3.6957799985054343e-02 5.9065998438862275e+00 1.0651567093626737e+00 1.0827603420524459e-04 2.0426172930200113e+00 9.6852006694269103e-04 9.6852006695808096e-04
485 7.5781250000000002e-04 3.4699337948745419e-02 3.6945752145178604e-02 5.9014117018897823e+00 1.0647393964620124e+00 1.0825631090352421e-04 2.0417040594850548e+00 9.6834177757812705e-04 9.6834177759374152e-04
486 7.5937500000000007e-04 3.4701596501645851e-02 3.6933673692613141e-02 5.8962320403012214e+00 1.0643220317215498e+00 1.0823631337878497e-04 2.0407920651132874e+00 9.6816105742350523e-04 9.6816105744001112e-04
487 7.6093750000000000e-04 3.4703830053842068e-02 3.6921565046616797e-02 5.8910607988559036e+00 1.0639046177132025e+00 1.0821604497292355e-04 2.0398812995054478e+00 9.6797793611855146e-04 9.6797793613368421e-04
488 7.6250000000000005e-04 3.4706038882954468e-02 3.6909426621624011e-02 5.8858979180440461e+00 1.0634871569786581e+00 1.0819550898952264e-04 2.0389717523796840e+00 9.6779244296317740e-04 9.6779244297940758e-04
489 7.6406249999999998e-04 3.4708223263501405e-02 3.6897258827300182e-02 5.8807433391000892e+00 1.0630696520297174e+00 1.0817470869429152e-04 2.0380634135702271e+00 9.6760460692138126e-04 9.6760460693803916e-04
490 7.6562500000000003e-04 3.4710383466934044e-02 3.6885062068595965e-02 5.8755970039922136e+00 1.0626521053486364e+00 1.0815364731549895e-04 2.0371562730260373e+00 9.6741445662509135e-04 9.6741445664047206e-04
491 7.6718750000000007e-04 3.4712519761671334e-02 3.6872836745801524e-02 5.8704588554119752e+00 1.0622345193884644e+00 1.0813232804439884e-04 2.0362503208095024e+00 9.6722202037793968e-04 9.6722202039345581e-04
492 7.6875000000000001e-04 3.4714632413133863e-02 3.6860583254599663e-02 5.8653288367641752e+00 1.0618168965733858e+00 1.0811075403565535e-04 2.0353455470951460e+00 9.6702732615903399e-04 9.6702732617486627e-04
493 7.7031250000000006e-04 3.4716721683778276e-02 3.6848301986118513e-02 5.8602068921568149e+00 1.0613992392990332e+00 1.0808892840776261e-04 2.0344419421683440e+00 9.6683040162667702e-04 9.6683040164207345e-04
494 7.7187499999999999e-04 3.4718787833130323e-02 3.6835993326983792e-02 5.8550929663912781e+00 1.0609815499328330e+00 1.0806685424345691e-04 2.0335394964240621e+00 9.6663127412202838e-04 9.6663127413776243e-04
495 7.7343750000000004e-04 3.4720831117818145e-02 3.6823657659370214e-02 5.8499870049525775e+00 1.0605638308143186e+00 1.0804453459012634e-04 2.0326382003655934e+00 9.6642997067273087e-04 9.6642997068884147e-04
496 7.7500000000000008e-04 3.4722851791604996e-02 3.6811295361052494e-02 5.8448889539998419e+00 1.0601460842554535e+00 1.0802197246021489e-04 2.0317380446033129e+00 9.6622651799650001e-04 9.6622651801189937e-04
497 7.7656250000000002e-04 3.4724850105421604e-02 3.6798906805455639e-02 5.8397987603568922e+00 1.0597283125409436e+00 1.0799917083162465e-04 2.0308390198534787e+00 9.6602094250468611e-04 9.6602094252120881e-04
498 7.7812500000000006e-04 3.4726826307398040e-02 3.6786492361704663e-02 5.8347163715029620e+00 1.0593105179285514e+00 1.0797613264810754e-04 2.0299411169369934e+00 9.6581327030575417e-04 9.6581327032217821e-04
499 7.7968750000000000e-04 3.4728780642895501e-02 3.6774052394673962e-02 5.8296417355636052e+00 1.0588927026494050e+00 1.0795286081965655e-04 2.0290443267782434e+00 9.6560352720874941e-04 9.6560352722553948e-04
500 7.8125000000000004e-04 3.4730713354537389e-02 3.6761587265035769e-02 5.8245748013016883e+00 1.0584748689083019e+00 1.0792935822289255e-04 2.0281486404038631e+00 9.6539173872673214e-04 9.6539173874225532e-04
501 7.8281250000000009e-04 3.4732624682240254e-02 3.6749097329308318e-02 5.8195155181085525e+00 1.0580570188840104e+00 1.0790562770144812e-04 2.0272540489415998e+00 9.6517793008017781e-04 9.6517793009588790e-04
502 7.8437500000000002e-04 3.4734514863244199e-02 3.6736582939903319e-02 5.8144638359953227e+00 1.0576391547295712e+00 1.0788167206634258e-04 2.0263605436191798e+00 9.6496212620030529e-04 9.6496212621495947e-04
503 7.8593750000000007e-04 3.4736384132143347e-02 3.6724044445173083e-02 5.8094197055843004e+00 1.0572212785725861e+00 1.0785749409635408e-04 2.0254681157631231e+00 9.6474435173237783e-04 9.6474435174859544e-04
504 7.8750000000000001e-04 3.4738232720915439e-02 3.6711482189456794e-02 5.8043830781005328e+00 1.0568033925155118e+00 1.0783309653839326e-04 2.0245767567976207e+00 9.6452463103901588e-04 9.6452463105451899e-04
505 7.8906250000000005e-04 3.4740060858951267e-02 3.6698896513126585e-02 5.7993539053634953e+00 1.0563854986359529e+00 1.0780848210785919e-04 2.0236864582434300e+00 9.6430298820335497e-04 9.6430298821942415e-04
506 7.9062499999999999e-04 3.4741868773083925e-02 3.6686287752632746e-02 5.7943321397788878e+00 1.0559675989869390e+00 1.0778365348901078e-04 2.0227972117167847e+00 9.6407944703233970e-04 9.6407944704951661e-04
507 7.9218750000000003e-04 3.4743656687617856e-02 3.6673656240548864e-02 5.7893177343305835e+00 1.0555496955972061e+00 1.0775861333531505e-04 2.0219090089282781e+00 9.6385403105980966e-04 9.6385403107633475e-04
508 7.9375000000000008e-04 3.4745424824356622e-02 3.6661002305615892e-02 5.7843106425726614e+00 1.0551317904714881e+00 1.0773336426980180e-04 2.0210218416817809e+00 9.6362676354965079e-04 9.6362676356475285e-04
509 7.9531250000000001e-04 3.4747173402631865e-02 3.6648326272786108e-02 5.7793108186215818e+00 1.0547138855907698e+00 1.0770790888541215e-04 2.0201357018733899e+00 9.6339766749888262e-04 9.6339766751480066e-04
510 7.9687500000000006e-04 3.4748902639330684e-02 3.6635628463266623e-02 5.7743182171484859e+00 1.0542959829125782e+00 1.0768224974534169e-04 2.0192505814903949e+00 9.6316676564070253e-04 9.6316676565766108e-04
511 7.9843749999999999e-04 3.4750612748923299e-02 3.6622909194562146e-02 5.7693327933716070e+00 1.0538780843712421e+00 1.0765638938338257e-04 2.0183664726101735e+00 9.6293408044752086e-04 9.6293408046476553e-04
512 8.0000000000000004e-04 3.4752303943490180e-02 3.6610168780517066e-02 5.7643545030487751e+00 1.0534601918781532e+00 1.0763033030425833e-04 2.0174833673992225e+00 9.6269963413392887e-04 9.6269963414924865e-04
513 8.0156250000000008e-04 3.4753976432748718e-02 3.6597407531357776e-02 5.7593833024700540e+00 1.0530423073220476e+00 1.0760407498395920e-04 2.0166012581121184e+00 9.6246344865967396e-04 9.6246344867504383e-04
514 8.0312500000000002e-04 3.4755630424080280e-02 3.6584625753733793e-02 5.7544191484504914e+00 1.0526244325692422e+00 1.0757762587006572e-04 2.0157201370904931e+00 9.6222554573253038e-04 9.6222554574960668e-04
515 8.0468750000000006e-04 3.4757266122556120e-02 3.6571823750758847e-02 5.7494619983229489e+00 1.0522065694639069e+00 1.0755098538207692e-04 2.0148399967620638e+00 9.6198594681120859e-04 9.6198594682791745e-04
516 8.0625000000000000e-04 3.4758883730963509e-02 3.6559001822051157e-02 5.7445118099310770e+00 1.0517887198283093e+00 1.0752415591173340e-04 2.0139608296396463e+00 9.6174467310822080e-04 9.6174467312448546e-04
517 8.0781250000000005e-04 3.4760483449831237e-02 3.6546160263773608e-02 5.7395685416223827e+00 1.0513708854630743e+00 1.0749713982333100e-04 2.0130826283201433e+00 9.6150174559266456e-04 9.6150174560934837e-04
518 8.0937500000000009e-04 3.4762065477455098e-02 3.6533299368673118e-02 5.7346321522413701e+00 1.0509530681474251e+00 1.0746993945403794e-04 2.0122053854836608e+00 9.6125718499303432e-04 9.6125718500879884e-04
519 8.1093750000000003e-04 3.4763630009923129e-02 3.6520419426119957e-02 5.7297026011228231e+00 1.0505352696394294e+00 1.0744255711420392e-04 2.0113290938924613e+00 9.6101101179996325e-04 9.6101101181629935e-04
520 8.1250000000000007e-04 3.4765177241140179e-02 3.6507520722146157e-02 5.7247798480851699e+00 1.0501174916762437e+00 1.0741499508766522e-04 2.0104537463901080e+00 9.6076324626892865e-04 9.6076324628520534e-04
521 8.1406250000000001e-04 3.4766707362852332e-02 3.6494603539483764e-02 5.7198638534239405e+00 1.0496997359743552e+00 1.0738725563205096e-04 2.0095793359004888e+00 9.6051390842296909e-04 9.6051390844040729e-04
522 8.1562500000000005e-04 3.4768220564671673e-02 3.6481668157602759e-02 5.7149545779053375e+00 1.0492820042298092e+00 1.0735934097908249e-04 2.0087058554269070e+00 9.6026301805534015e-04 9.6026301807178251e-04
523 8.1718749999999999e-04 3.4769717034099555e-02 3.6468714852748101e-02 5.7100519827598717e+00 1.0488642981184544e+00 1.0733125333486754e-04 2.0078332980511893e+00 9.6001059473212115e-04 9.6001059474947403e-04
524 8.1875000000000003e-04 3.4771196956550884e-02 3.6455743897977004e-02 5.7051560296761243e+00 1.0484466192961688e+00 1.0730299488019366e-04 2.0069616569327664e+00 9.5975665779482206e-04 9.5975665781115828e-04
525 8.2031250000000008e-04 3.4772660515377085e-02 3.6442755563194956e-02 5.7002666807945985e+00 1.0480289693990865e+00 1.0727456777082252e-04 2.0060909253077890e+00 9.5950122636298768e-04 9.5950122637914327e-04
526 8.2187500000000001e-04 3.4774107891889547e-02 3.6429750115192228e-02 5.6953838987016248e+00 1.0476113500438304e+00 1.0724597413776933e-04 2.0052210964882753e+00 9.5924431933668160e-04 9.5924431935309263e-04
527 8.2343750000000006e-04 3.4775539265382495e-02 3.6416727817679226e-02 5.6905076464233701e+00 1.0471937628277259e+00 1.0721721608758989e-04 2.0043521638612036e+00 9.5898595539902886e-04 9.5898595541511896e-04
528 8.2500000000000000e-04 3.4776954813155375e-02 3.6403688931321891e-02 5.6856378874200111e+00 1.0467762093290340e+00 1.0718829570266269e-04 2.0034841208876983e+00 9.5872615301871860e-04 9.5872615303560461e-04
529 8.2656250000000004e-04 3.4778354710535413e-02 3.6390633713776356e-02 5.6807745855798464e+00 1.0463586911071596e+00 1.0715921504145991e-04 2.0026169611021420e+00 9.5846493045240817e-04 9.5846493046919932e-04
530 8.2812500000000009e-04 3.4779739130899753e-02 3.6377562419723647e-02 5.6759177052136192e+00 1.0459412097028733e+00 1.0712997613882351e-04 2.0017506781113710e+00 9.5820230574717065e-04 9.5820230576391626e-04
531 8.2968750000000002e-04 3.4781108245697245e-02 3.6364475300903511e-02 5.6710672110488565e+00 1.0455237666385211e+00 1.0710058100623401e-04 2.0008852655938383e+00 9.5793829674288339e-04 9.5793829676040334e-04
532 8.3125000000000007e-04 3.4782462224469991e-02 3.6351372606148194e-02 5.6662230682243413e+00 1.0451063634182416e+00 1.0707103163208481e-04 2.0000207172987667e+00 9.5767292107465222e-04 9.5767292109085248e-04
533 8.3281250000000000e-04 3.4783801234874900e-02 3.6338254581415576e-02 5.6613852422845952e+00 1.0446890015281640e+00 1.0704132998193664e-04 1.9991570270453880e+00 9.5740619617507635e-04 9.5740619619245990e-04
534 8.3437500000000005e-04 3.4785125442704713e-02 3.6325121469822363e-02 5.6565536991745127e+00 1.0442716824366267e+00 1.0701147799878442e-04 1.9982941887221046e+00 9.5713813927661190e-04 9.5713813929251053e-04
535 8.3593750000000009e-04 3.4786435011908680e-02 3.6311973511676081e-02 5.6517284052340147e+00 1.0438544075943728e+00 1.0698147760331480e-04 1.9974321962857151e+00 9.5686876741385505e-04 9.5686876742984172e-04
536 8.3750000000000003e-04 3.4787730104613786e-02 3.6298810944507875e-02 5.6469093271928372e+00 1.0434371784347516e+00 1.0695133069415850e-04 1.9965710437606257e+00 9.5659809742578317e-04 9.5659809744283854e-04
537 8.3906250000000007e-04 3.4789010881144257e-02 3.6285634003103626e-02 5.6420964321653351e+00 1.0430199963739279e+00 1.0692103914814688e-04 1.9957107252380997e+00 9.5632614595802840e-04 9.5632614597416252e-04
538 8.4062500000000001e-04 3.4790277500042814e-02 3.6272442919535977e-02 5.6372896876453931e+00 1.0426028628110637e+00 1.0689060482055860e-04 1.9948512348754470e+00 9.5605292946506501e-04 9.5605292948166610e-04
539 8.4218750000000005e-04 3.4791530118089602e-02 3.6259237923194798e-02 5.6324890615014302e+00 1.0421857791285263e+00 1.0686002954536810e-04 1.9939925668953187e+00 9.5577846421241385e-04 9.5577846422966112e-04
540 8.4374999999999999e-04 3.4792768890322769e-02 3.6246019240818411e-02 5.6276945219714118e+00 1.0417687466920704e+00 1.0682931513548564e-04 1.9931347155849393e+00 9.5550276627877275e-04 9.5550276629510344e-04
541 8.4531250000000004e-04 3.4793993970057321e-02 3.6232787096523542e-02 5.6229060376580158e+00 1.0413517668510377e+00 1.0679846338300317e-04 1.9922776752953524e+00 9.5522585155819492e-04 9.5522585157523283e-04
542 8.4687500000000008e-04 3.4795205508904713e-02 3.6219541711835550e-02 5.6181235775237894e+00 1.0409348409385404e+00 1.0676747605942959e-04 1.9914214404407151e+00 9.5494773576217551e-04 9.5494773577847812e-04
543 8.4843750000000002e-04 3.4796403656792013e-02 3.6206283305717991e-02 5.6133471108864263e+00 1.0405179702716427e+00 1.0673635491592581e-04 1.9905660054975822e+00 9.5466843442173989e-04 9.5466843443900874e-04
544 8.5000000000000006e-04 3.4797588561980300e-02 3.6193012094601892e-02 5.6085766074140970e+00 1.0401011561515565e+00 1.0670510168354028e-04 1.9897113650041509e+00 9.5438796288952691e-04 9.5438796290618492e-04
545 8.5156250000000000e-04 3.4798760371083981e-02 3.6179728292414948e-02 5.6038120371208393e+00 1.0396843998638090e+00 1.0667371807343496e-04 1.9888575135596112e+00 9.5410633634179949e-04 9.5410633635874546e-04
546 8.5312500000000004e-04 3.4799919229088414e-02 3.6166432110609811e-02 5.5990533703620304e+00 1.0392677026784349e+00 1.0664220577711628e-04 1.9880044458234112e+00 9.5382356978048919e-04 9.5382356979680481e-04
547 8.5468750000000009e-04 3.4801065279368763e-02 3.6153123758192768e-02 5.5943005778298662e+00 1.0388510658501466e+00 1.0661056646666121e-04 1.9871521565145802e+00 9.5353967803519959e-04 9.5353967805203866e-04
548 8.5625000000000002e-04 3.4802198663707720e-02 3.6139803441751488e-02 5.5895536305490321e+00 1.0384344906185092e+00 1.0657880179493295e-04 1.9863006404110479e+00 9.5325467576512588e-04 9.5325467578149983e-04
549 8.5781250000000007e-04 3.4803319522313317e-02 3.6126471365482873e-02 5.5848124998722879e+00 1.0380179782081203e+00 1.0654691339580951e-04 1.9854498923489705e+00 9.5296857746107408e-04 9.5296857747707690e-04
550 8.5937500000000000e-04 3.4804427993836540e-02 3.6113127731220294e-02 5.5800771574761860e+00 1.0376015298287766e+00 1.0651490288439309e-04 1.9845999072220697e+00 9.5268139744732498e-04 9.5268139746440290e-04
551 8.6093750000000005e-04 3.4805524215388885e-02 3.6099772738460718e-02 5.5753475753568722e+00 1.0371851466756417e+00 1.0648277185723198e-04 1.9837506799809566e+00 9.5239314988359723e-04 9.5239314990103597e-04
552 8.6250000000000009e-04 3.4806608322559190e-02 3.6086406584391356e-02 5.5706237258259135e+00 1.0367688299294215e+00 1.0645052189252443e-04 1.9829022056325190e+00 9.5210384876686001e-04 9.5210384878446355e-04
553 8.6406250000000003e-04 3.4807680449431042e-02 3.6073029463916294e-02 5.5659055815061595e+00 1.0363525807565248e+00 1.0641815455033832e-04 1.9820544792392281e+00 9.5181350793327641e-04 9.5181350794955506e-04
554 8.6562500000000007e-04 3.4808740728599338e-02 3.6059641569682242e-02 5.5611931153277299e+00 1.0359364003092231e+00 1.0638567137281081e-04 1.9812074959185590e+00 9.5152214105997815e-04 9.5152214107656623e-04
555 8.6718750000000001e-04 3.4809789291187034e-02 3.6046243092104906e-02 5.5564863005240026e+00 1.0355202897258247e+00 1.0635307388435462e-04 1.9803612508422954e+00 9.5122976166689519e-04 9.5122976168458991e-04
556 8.6875000000000006e-04 3.4810826266861709e-02 3.6032834219394037e-02 5.5517851106276535e+00 1.0351042501308170e+00 1.0632036359186850e-04 1.9795157392359841e+00 9.5093638311861701e-04 9.5093638313592239e-04
557 8.7031249999999999e-04 3.4811851783851322e-02 3.6019415137578857e-02 5.5470895194668248e+00 1.0346882826350452e+00 1.0628754198492471e-04 1.9786709563782621e+00 9.5064201862606371e-04 9.5064201864443021e-04
558 8.7187500000000004e-04 3.4812865968960820e-02 3.6005986030533114e-02 5.5423995011612686e+00 1.0342723883358549e+00 1.0625461053597871e-04 1.9778268976002740e+00 9.5034668124833880e-04 9.5034668126536424e-04
559 8.7343750000000008e-04 3.4813868947587881e-02 3.5992547079999597e-02 5.5377150301185409e+00 1.0338565683172476e+00 1.0622157070055874e-04 1.9769835582850792e+00 9.5005038389441433e-04 9.5005038391209387e-04
560 8.7500000000000002e-04 3.4814860843738478e-02 3.5979098465614638e-02 5.5330360810303363e+00 1.0334408236500405e+00 1.0618842391746162e-04 1.9761409338670266e+00 9.4975313932486730e-04 9.4975313934155567e-04
561 8.7656250000000006e-04 3.4815841780042336e-02 3.5965640364932057e-02 5.5283626288687797e+00 1.0330251553920153e+00 1.0615517160894430e-04 1.9752990198312133e+00 9.4945496015357619e-04 9.4945496017098782e-04
562 8.7812500000000000e-04 3.4816811877768868e-02 3.5952172953447249e-02 5.5236946488828140e+00 1.0326095645880584e+00 1.0612181518091199e-04 1.9744578117128671e+00 9.4915585884939116e-04 9.4915585886701595e-04
563 8.7968750000000004e-04 3.4817771256841518e-02 3.5938696404620461e-02 5.5190321165946283e+00 1.0321940522703241e+00 1.0608835602310541e-04 1.9736173050967898e+00 9.4885584773779800e-04 9.4885584775511239e-04
564 8.8125000000000009e-04 3.4818720035853380e-02 3.5925210889900333e-02 5.5143750077961737e+00 1.0317786194583713e+00 1.0605479550928540e-04 1.9727774956167983e+00 9.4855493900254813e-04 9.4855493901923184e-04
565 8.8281250000000003e-04 3.4819658332081824e-02 3.5911716578746776e-02 5.5097232985456248e+00 1.0313632671593094e+00 1.0602113499741852e-04 1.9719383789551419e+00 9.4825314468731207e-04 9.4825314470472230e-04
566 8.8437500000000007e-04 3.4820586261503222e-02 3.5898213638653684e-02 5.5050769651640108e+00 1.0309479963679375e+00 1.0598737582985556e-04 1.9710999508419766e+00 9.4795047669725776e-04 9.4795047671468642e-04
567 8.8593750000000001e-04 3.4821503938807508e-02 3.5884702235171713e-02 5.5004359842318191e+00 1.0305328080668941e+00 1.0595351933350863e-04 1.9702622070547904e+00 9.4764694680062327e-04 9.4764694681798579e-04
568 8.8750000000000005e-04 3.4822411477412156e-02 3.5871182531930022e-02 5.4958003325856586e+00 1.0301177032267901e+00 1.0591956682003103e-04 1.9694251434178809e+00 9.4734256663031244e-04 9.4734256664742137e-04
569 8.8906250000000010e-04 3.4823308989476970e-02 3.5857654690658838e-02 5.4911699873150095e+00 1.0297026828063476e+00 1.0588551958598904e-04 1.9685887558018138e+00 9.4703734768541905e-04 9.4703734770264420e-04
570 8.9062500000000003e-04 3.4824196585917747e-02 3.5844118871210910e-02 5.4865449257589312e+00 1.0292877477525382e+00 1.0585137891303948e-04 1.9677530401228991e+00 9.4673130133279793e-04 9.4673130134979150e-04
571 8.9218750000000008e-04 3.4825074376420025e-02 3.5830575231582791e-02 5.4819251255029391e+00 1.0288728990007150e+00 1.0581714606809187e-04 1.9669179923426656e+00 9.4642443880850675e-04 9.4642443882585214e-04
572 8.9375000000000001e-04 3.4825942469453128e-02 3.5817023927936453e-02 5.4773105643757676e+00 1.0284581374747470e+00 1.0578282230348248e-04 1.9660836084673339e+00 9.4611677121935074e-04 9.4611677123575646e-04
573 8.9531250000000006e-04 3.4826800972283523e-02 3.5803465114620202e-02 5.4727012204463392e+00 1.0280434640871536e+00 1.0574840885714435e-04 1.9652498845473205e+00 9.4580830954438743e-04 9.4580830956219870e-04
574 8.9687499999999999e-04 3.4827649990988141e-02 3.5789898944189144e-02 5.4680970720206687e+00 1.0276288797392299e+00 1.0571390695276580e-04 1.9644168166767293e+00 9.4549906463633289e-04 9.4549906465435927e-04
575 8.9843750000000004e-04 3.4828489630467918e-02 3.5776325567426173e-02 5.4634980976388254e+00 1.0272143853211795e+00 1.0567931779995507e-04 1.9635844009928498e+00 9.4518904722302479e-04 9.4518904724136526e-04
576 9.0000000000000008e-04 3.4829319994460629e-02 3.5762745133361827e-02 5.4589042760720048e+00 1.0267999817122371e+00 1.0564464259440497e-04 1.9627526336756653e+00 9.4487826790887978e-04 9.4487826792610580e-04
577 9.0156250000000002e-04 3.4830141185553949e-02 3.5749157789294626e-02 5.4543155863195025e+00 1.0263856697808003e+00 1.0560988251804696e-04 1.9619215109473707e+00 9.4456673717626023e-04 9.4456673719505498e-04
578 9.0312500000000006e-04 3.4830953305198260e-02 3.5735563680810774e-02 5.4497320076059292e+00 1.0259714503845494e+00 1.0557503873921190e-04 1.9610910290718655e+00 9.4425446538690290e-04 9.4425446540408306e-04
579 9.0468750000000000e-04 3.4831756453719318e-02 3.5721962951803750e-02 5.4451535193782199e+00 1.0255573243705709e+00 1.0554011241278466e-04 1.9602611843543150e+00 9.4394146278328707e-04 9.4394146279992133e-04
580 9.0625000000000005e-04 3.4832550730330765e-02 3.5708355744493783e-02 5.4405801013029125e+00 1.0251432925754818e+00 1.0550510468035922e-04 1.9594319731406442e+00 9.4362773949001159e-04 9.4362773950706468e-04
581 9.0781250000000009e-04 3.4833336233146626e-02 3.5694742199446905e-02 5.4360117332633227e+00 1.0247293558255435e+00 1.0547001667038742e-04 1.9586033918171037e+00 9.4331330551511330e-04 9.4331330553322924e-04
582 9.0937500000000003e-04 3.4834113059193199e-02 3.5681122455593899e-02 5.4314483953567994e+00 1.0243155149367915e+00 1.0543484949833152e-04 1.9577754368097791e+00 9.4299817075142235e-04 9.4299817076971522e-04
583 9.1093750000000007e-04 3.4834881304421639e-02 3.5667496650249063e-02 5.4268900678920149e+00 1.0239017707151405e+00 1.0539960426681510e-04 1.9569481045841630e+00 9.4268234497789697e-04 9.4268234499577384e-04
584 9.1250000000000001e-04 3.4835641063719683e-02 3.5653864919128704e-02 5.4223367313863022e+00 1.0234881239565066e+00 1.0536428206576554e-04 1.9561213916446742e+00 9.4236583786089147e-04 9.4236583787860582e-04
585 9.1406250000000005e-04 3.4836392430923416e-02 3.5640227396369378e-02 5.4177883665630313e+00 1.0230745754469230e+00 1.0532888397256543e-04 1.9552952945342474e+00 9.4204865895549370e-04 9.4204865897372662e-04
586 9.1562500000000010e-04 3.4837135498829143e-02 3.5626584214545988e-02 5.4132449543489605e+00 1.0226611259626492e+00 1.0529341105218596e-04 1.9544698098338653e+00 9.4173081770671495e-04 9.4173081772496521e-04
587 9.1718750000000003e-04 3.4837870359204694e-02 3.5612935504689636e-02 5.4087064758717229e+00 1.0222477762702897e+00 1.0525786435734008e-04 1.9536449341621445e+00 9.4141232345084128e-04 9.4141232346737526e-04
588 9.1875000000000008e-04 3.4838597102801357e-02 3.5599281396305513e-02 5.4041729124572520e+00 1.0218345271268972e+00 1.0522224492861460e-04 1.9528206641748833e+00 9.4109318541661104e-04 9.4109318543378329e-04
589 9.2031250000000002e-04 3.4839315819364676e-02 3.5585622017389990e-02 5.3996442456273268e+00 1.0214213792800861e+00 1.0518655379461424e-04 1.9519969965646582e+00 9.4077341272648894e-04 9.4077341274460195e-04
590 9.2187500000000006e-04 3.4840026597645936e-02 3.5571957494448192e-02 5.3951204570970921e+00 1.0210083334681412e+00 1.0515079197209594e-04 1.9511739280603961e+00 9.4045301439785840e-04 9.4045301441583436e-04
591 9.2343750000000000e-04 3.4840729525413089e-02 3.5558287952510911e-02 5.3906015287726063e+00 1.0205953904201239e+00 1.0511496046610460e-04 1.9503514554269572e+00 9.4013199934422551e-04 9.4013199936271127e-04
592 9.2500000000000004e-04 3.4841424689461775e-02 3.5544613515151591e-02 5.3860874427484751e+00 1.0201825508559788e+00 1.0507906027010851e-04 1.9495295754647273e+00 9.3981037637642006e-04 9.3981037639350698e-04
593 9.2656250000000009e-04 3.4842112175626133e-02 3.5530934304502847e-02 5.3815781813054633e+00 1.0197698154866335e+00 1.0504309236612948e-04 1.9487082850091928e+00 9.3948815420375050e-04 9.3948815422154443e-04
594 9.2812500000000002e-04 3.4842792068789430e-02 3.5517250441273192e-02 5.3770737269081712e+00 1.0193571850141112e+00 1.0500705772487672e-04 1.9478875809305880e+00 9.3916534143518964e-04 9.3916534145282646e-04
595 9.2968750000000007e-04 3.4843464452894692e-02 3.5503562044763182e-02 5.3725740622027356e+00 1.0189446601316263e+00 1.0497095730587320e-04 1.9470674601334486e+00 9.3884194658049654e-04 9.3884194659731295e-04
596 9.3125000000000000e-04 3.4844129410955015e-02 3.5489869232881381e-02 5.3680791700145392e+00 1.0185322415236853e+00 1.0493479205758751e-04 1.9462479195562428e+00 9.3851797805138645e-04 9.3851797806928522e-04
597 9.3281250000000005e-04 3.4844787025064314e-02 3.5476172122160768e-02 5.3635890333460017e+00 1.0181199298661889e+00 1.0489856291755428e-04 1.9454289561709688e+00 9.3819344416259725e-04 9.3819344418006950e-04
598 9.3437500000000009e-04 3.4845437376406968e-02 3.5462470827773970e-02 5.3591036353743213e+00 1.0177077258265319e+00 1.0486227081250691e-04 1.9446105669828035e+00 9.3786835313306924e-04 9.3786835315077047e-04
599 9.3593750000000003e-04 3.4846080545268422e-02 3.5448765463549130e-02 5.3546229594493449e+00 1.0172956300636957e+00 1.0482591665849550e-04 1.9437927490296876e+00 9.3754271308698820e-04 9.3754271310499463e-04
600 9.3750000000000007e-04 3.4846716611044805e-02 3.5435056141985291e-02 5.3501469890913693e+00 1.0168836432283554e+00 1.0478950136101197e-04 1.9429754993819786e+00 9.3721653205489552e-04 9.3721653207358034e-04
601 9.3906250000000001e-04 3.4847345652253163e-02 3.5421342974267390e-02 5.3456757079890309e+00 1.0164717659629583e+00 1.0475302581510714e-04 1.9421588151420537e+00 9.3688981797473080e-04 9.3688981799241447e-04
602 9.4062500000000005e-04 3.4847967746540927e-02 3.5407626070281577e-02 5.3412090999972266e+00 1.0160599989018355e+00 1.0471649090551554e-04 1.9413426934439693e+00 9.3656257869293249e-04 9.3656257870970878e-04
603 9.4218749999999999e-04 3.4848582970695811e-02 3.5393905538629943e-02 5.3367471491350171e+00 1.0156483426712843e+00 1.0467989750676973e-04 1.9405271314530874e+00 9.3623482196545640e-04 9.3623482198199786e-04
604 9.4375000000000004e-04 3.4849191400655136e-02 3.5380181486645193e-02 5.3322898395836162e+00 1.0152367978896657e+00 1.0464324648331823e-04 1.9397121263657280e+00 9.3590655545881894e-04 9.3590655547741344e-04
605 9.4531250000000008e-04 3.4849793111515495e-02 3.5366454020405287e-02 5.3278371556843300e+00 1.0148253651674928e+00 1.0460653868964027e-04 1.9388976754087845e+00 9.3557778675111797e-04 9.3557778676949975e-04
606 9.4687500000000002e-04 3.4850388177541998e-02 3.5352723244747697e-02 5.3233890819366199e+00 1.0144140451075208e+00 1.0456977497036228e-04 1.9380837758394174e+00 9.3524852333306218e-04 9.3524852335031031e-04
607 9.4843750000000006e-04 3.4850976672177479e-02 3.5338989263283653e-02 5.3189456029961004e+00 1.0140028383048378e+00 1.0453295616036660e-04 1.9372704249446857e+00 9.3491877260893828e-04 9.3491877262604254e-04
608 9.5000000000000000e-04 3.4851558668051702e-02 3.5325252178412231e-02 5.3145067036726399e+00 1.0135917453469523e+00 1.0449608308490557e-04 1.9364576200412034e+00 9.3458854189762235e-04 9.3458854191630965e-04
609 9.5156250000000004e-04 3.4852134236990330e-02 3.5311512091334110e-02 5.3100723689284068e+00 1.0131807668138790e+00 1.0445915655971124e-04 1.9356453584748146e+00 9.3425783843355020e-04 9.3425783845195844e-04
610 9.5312500000000009e-04 3.4852703450023809e-02 3.5297769102065321e-02 5.3056425838760193e+00 1.0127699032782265e+00 1.0442217739110503e-04 1.9348336376202393e+00 9.3392666936769470e-04 9.3392666938525509e-04
611 9.5468750000000002e-04 3.4853266377396497e-02 3.5284023309451025e-02 5.3012173337766697e+00 1.0123591553052798e+00 1.0438514637610447e-04 1.9340224548807696e+00 9.3359504176850864e-04 9.3359504178661156e-04
612 9.5625000000000007e-04 3.4853823088574883e-02 3.5270274811178656e-02 5.2967966040382937e+00 1.0119485234530925e+00 1.0434806430253024e-04 1.9332118076879201e+00 9.3326296262287434e-04 9.3326296264058337e-04
613 9.5781250000000001e-04 3.4854373652256784e-02 3.5256523703791169e-02 5.2923803802137472e+00 1.0115380082725527e+00 1.0431093194910812e-04 1.9324016935011297e+00 9.3293043883701165e-04 9.3293043885460066e-04
614 9.5937500000000005e-04 3.4854918136379462e-02 3.5242770082700353e-02 5.2879686479990244e+00 1.0111276103074842e+00 1.0427375008557957e-04 1.9315921098074165e+00 9.3259747723745394e-04 9.3259747725496717e-04
615 9.6093750000000009e-04 3.4855456608128145e-02 3.5229014042199594e-02 5.2835613932315022e+00 1.0107173300947185e+00 1.0423651947280036e-04 1.9307830541210738e+00 9.3226408457192404e-04 9.3226408458976957e-04
616 9.6250000000000003e-04 3.4855989133944693e-02 3.5215255675476828e-02 5.2791586018881844e+00 1.0103071681641724e+00 1.0419924086284044e-04 1.9299745239833734e+00 9.3193026751022413e-04 9.3193026752815065e-04
617 9.6406250000000008e-04 3.4856515779535364e-02 3.5201495074627089e-02 5.2747602600839816e+00 1.0098971250389366e+00 1.0416191499909066e-04 1.9291665169622350e+00 9.3159603264517739e-04 9.3159603266321938e-04
618 9.6562500000000001e-04 3.4857036609879342e-02 3.5187732330664995e-02 5.2703663540700321e+00 1.0094872012353433e+00 1.0412454261635530e-04 1.9283590306519343e+00 9.3126138649344788e-04 9.3126138651205117e-04
619 9.6718750000000006e-04 3.4857551689236682e-02 3.5173967533537298e-02 5.2659768702320067e+00 1.0090773972630533e+00 1.0408712444095345e-04 1.9275520626727907e+00 9.3092633549644649e-04 9.3092633551459592e-04
620 9.6874999999999999e-04 3.4858061081156258e-02 3.5160200772134866e-02 5.2615917950884699e+00 1.0086677136251259e+00 1.0404966119081669e-04 1.9267456106709040e+00 9.3059088602119046e-04 9.3059088603949939e-04
621 9.7031250000000004e-04 3.4858564848483729e-02 3.5146432134304934e-02 5.2572111152892234e+00 1.0082581508180972e+00 1.0401215357558602e-04 1.9259396723178008e+00 9.3025504436116486e-04 9.3025504437973725e-04
622 9.7187500000000008e-04 3.4859063053369353e-02 3.5132661706863119e-02 5.2528348176137438e+00 1.0078487093320576e+00 1.0397460229670192e-04 1.9251342453102083e+00 9.2991881673712504e-04 9.2991881675552580e-04
623 9.7343750000000002e-04 3.4859555757275520e-02 3.5118889575604967e-02 5.2484628889695397e+00 1.0074393896507221e+00 1.0393700804750452e-04 1.9243293273697095e+00 9.2958220929797932e-04 9.2958220931723193e-04
624 9.7500000000000006e-04 3.4860043020984770e-02 3.5105115825317917e-02 5.2440953163906201e+00 1.0070301922515019e+00 1.0389937151332088e-04 1.9235249162425185e+00 9.2924522812156698e-04 9.2924522813918884e-04
625 9.7656250000000000e-04 3.4860524904606761e-02 3.5091340539792619e-02 5.2397320870359243e+00 1.0066211176055859e+00 1.0386169337156046e-04 1.9227210096991298e+00 9.2890787921550311e-04 9.2890787923315663e-04
626 9.7812500000000004e-04 3.4861001467586375e-02 3.5077563801834556e-02 5.2353731881878165e+00 1.0062121661780010e+00 1.0382397429180205e-04 1.9219176055341070e+00 9.2857016851795261e-04 9.2857016853631650e-04
627 9.7968750000000009e-04 3.4861472768710731e-02 3.5063785693275194e-02 5.2310186072505402e+00 1.0058033384276881e+00 1.0378621493588659e-04 1.9211147015657677e+00 9.2823210189844961e-04 9.2823210191745611e-04
628 9.8125000000000013e-04 3.4861938866116229e-02 3.5050006294983026e-02 5.2266683317487921e+00 1.0053946348075777e+00 1.0374841595800577e-04 1.9203122956359338e+00 9.2789368515868462e-04 9.2789368517624100e-04
629 9.8281249999999996e-04 3.4862399817296601e-02 3.5036225686874985e-02 5.2223223493261699e+00 1.0049860557646448e+00 1.0371057800478842e-04 1.9195103856096398e+00 9.2755492403327126e-04 9.2755492405085539e-04
630 9.8437500000000001e-04 3.4862855679109066e-02 3.5022443947926862e-02 5.2179806477437749e+00 1.0045776017399926e+00 1.0367270171538447e-04 1.9187089693748982e+00 9.2721582419049234e-04 9.2721582420781496e-04
631 9.8593750000000005e-04 3.4863306507782049e-02 3.5008661156184437e-02 5.2136432148787888e+00 1.0041692731689102e+00 1.0363478772155716e-04 1.9179080448424000e+00 9.2687639123311392e-04 9.2687639125069838e-04
632 9.8750000000000010e-04 3.4863752358922029e-02 3.4994877388773958e-02 5.2093100387230153e+00 1.0037610704809397e+00 1.0359683664775986e-04 1.9171076099452917e+00 9.2653663069906973e-04 9.2653663071723717e-04
633 9.8906250000000014e-04 3.4864193287520058e-02 3.4981092721912618e-02 5.2049811073815233e+00 1.0033529940999497e+00 1.0355884911122475e-04 1.9163076626389084e+00 9.2619654806224794e-04 9.2619654808186170e-04
634 9.9062499999999997e-04 3.4864629347959239e-02 3.4967307230919370e-02 5.2006564090712546e+00 1.0029450444441952e+00 1.0352082572204499e-04 1.9155082009005020e+00 9.2585614873321625e-04 9.2585614875206380e-04
635 9.9218750000000001e-04 3.4865060594020808e-02 3.4953520990224501e-02 5.1963359321196583e+00 1.0025372219263793e+00 1.0348276708325504e-04 1.9147092227290123e+00 9.2551543805993979e-04 9.2551543807858254e-04
636 9.9375000000000006e-04 3.4865487078891318e-02 3.4939734073380441e-02 5.1920196649633645e+00 1.0021295269537214e+00 1.0344467379091216e-04 1.9139107261448218e+00 9.2517442132849788e-04 9.2517442134630991e-04
637 9.9531250000000010e-04 3.4865908855169006e-02 3.4925946553071623e-02 5.1877075961468382e+00 1.0017219599280205e+00 1.0340654643417474e-04 1.9131127091894826e+00 9.2483310376378512e-04 9.2483310378302125e-04
638 9.9687500000000015e-04 3.4866325974870223e-02 3.4912158501124245e-02 5.1833997143210908e+00 1.0013145212457160e+00 1.0336838559538452e-04 1.9123151699255099e+00 9.2449149053023475e-04 9.2449149054846204e-04
639 9.9843749999999998e-04 3.4866738489436021e-02 3.4898369988516274e-02 5.1790960082423849e+00 1.0009072112979491e+00 1.0333019185014062e-04 1.9115181064361173e+00 9.2414958673247964e-04 9.2414958675035455e-04
640 1.0000000000000000e-03 3.4867146449738602e-02 3.4884581085387181e-02 5.1747964667709425e+00 1.0005000304706240e+00 1.0329196576738124e-04 1.9107215168249947e+00 9.2380739741607402e-04 9.2380739743530289e-04
