case,theta,alpha,rho,lambda_c,lambda_r,alpha_plus_rho,time,energy_ratio,mass,center_ratio
G1,1,0.3,0.4,2,2.667,0.7,0,1,0.5000000000000001,0
G1,1,0.3,0.4,2,2.667,0.7,0.00333251953125,0.9312962192251384,0.5000000000002881,0.00676308510971083
G1,1,0.3,0.4,2,2.667,0.7,0.0066650390625,0.8732771609644946,0.5000000000005761,0.01370798755600106
G1,1,0.3,0.4,2,2.667,0.7,0.009997558593750001,0.824170983030964,0.5000000000008629,0.02081181868187552
G1,1,0.3,0.4,2,2.667,0.7,0.013330078125,0.7824998327753019,0.5000000000011495,0.02805039322805861
G1,1,0.3,0.4,2,2.667,0.7,0.01666259765625,0.7470314082034184,0.5000000000014361,0.03539862089446311
G1,1,0.3,0.4,2,2.667,0.7,0.0199951171875,0.7167384551193371,0.5000000000017223,0.0428309119003123
G1,1,0.3,0.4,2,2.667,0.7,0.02332763671875,0.6907649049420821,0.5000000000020079,0.05032158278287048
G1,1,0.3,0.4,2,2.667,0.7,0.02666015625,0.6683975687768169,0.5000000000022932,0.05784524917529796
G1,1,0.3,0.4,2,2.667,0.7,0.02999267578125,0.6490424799559504,0.5000000000025787,0.06537719351599966
G1,1,0.3,0.4,2,2.667,0.7,0.0333251953125,0.6322051251760201,0.5000000000028635,0.07289369743897475
G1,1,0.3,0.4,2,2.667,0.7,0.03665771484375,0.6174739282078506,0.5000000000031485,0.0803723308122538
G1,1,0.3,0.4,2,2.667,0.7,0.039990234375,0.6045064538595195,0.5000000000034328,0.08779219184503087
G1,1,0.3,0.4,2,2.667,0.7,0.04332275390625,0.593017886698799,0.5000000000037172,0.09513409518946886
G1,1,0.3,0.4,2,2.667,0.7,0.04665527343750001,0.5827714117362419,0.5000000000040014,0.1023807073536651
G1,1,0.3,0.4,2,2.667,0.7,0.04998779296875,0.5735701851294495,0.5000000000042855,0.1095166308818691
G1,1,0.3,0.4,2,2.667,0.7,0.0533203125,0.5652506339172795,0.5000000000045698,0.1165284405490274
G1,1,0.3,0.4,2,2.667,0.7,0.05665283203125,0.5576768664414883,0.5000000000048536,0.1234046762022277
G1,1,0.3,0.4,2,2.667,0.7,0.0599853515625,0.5507360108122934,0.5000000000051372,0.130135797843573
G1,1,0.3,0.4,2,2.667,0.7,0.06331787109375001,0.54433432865409,0.5000000000054207,0.1367141091023494
G1,1,0.3,0.4,2,2.667,0.7,0.066650390625,0.5383939763749277,0.5000000000057041,0.1431336554295192
G1,1,0.3,0.4,2,2.667,0.7,0.06998291015625001,0.5328503071311352,0.500000000005988,0.1493901032218672
G1,1,0.3,0.4,2,2.667,0.7,0.0733154296875,0.5276496241709138,0.5000000000062708,0.1554806057126562
G1,1,0.3,0.4,2,2.667,0.7,0.07664794921875001,0.5227473108937452,0.5000000000065546,0.1614036609182396
G1,1,0.3,0.4,2,2.667,0.7,0.07998046875000001,0.5181062752218785,0.5000000000068372,0.1671589662697613
G1,1,0.3,0.4,2,2.667,0.7,0.08331298828125,0.5136956561359113,0.5000000000071201,0.1727472738424452
G1,1,0.3,0.4,2,2.667,0.7,0.08664550781250001,0.5094897488050506,0.500000000007403,0.1781702493688705
G1,1,0.3,0.4,2,2.667,0.7,0.08997802734375,0.5054671119175542,0.500000000007686,0.183430337523304
G1,1,0.3,0.4,2,2.667,0.7,0.09331054687500001,0.5016098268169289,0.5000000000079693,0.1885306353178187
G1,1,0.3,0.4,2,2.667,0.7,0.09664306640625001,0.4979028830664289,0.5000000000082523,0.19347477487422
G1,1,0.3,0.4,2,2.667,0.7,0.0999755859375,0.4943336692587552,0.5000000000085347,0.1982668163378427
G1,1,0.3,0.4,2,2.667,0.7,0.10330810546875,0.4908915513938575,0.5000000000088179,0.2029111512824173
G1,1,0.3,0.4,2,2.667,0.7,0.106640625,0.4875675240778961,0.5000000000091009,0.2074124166175841
G1,1,0.3,0.4,2,2.667,0.7,0.10997314453125,0.484353922244908,0.500000000009384,0.211775418746604
G1,1,0.3,0.4,2,2.667,0.7,0.1133056640625,0.4812441831481966,0.5000000000096669,0.2160050675239525
G1,1,0.3,0.4,2,2.667,0.7,0.11663818359375,0.4782326500770468,0.5000000000099497,0.2201063194222495
G1,1,0.3,0.4,2,2.667,0.7,0.119970703125,0.4753144106810711,0.5000000000102323,0.2240841292262867
G1,1,0.3,0.4,2,2.667,0.7,0.12330322265625,0.472485163975669,0.5000000000105157,0.2279434095203879
G1,1,0.3,0.4,2,2.667,0.7,0.1266357421875,0.469741111096222,0.5000000000107981,0.2316889972156068
G1,1,0.3,0.4,2,2.667,0.7,0.12996826171875,0.4670788656981756,0.500000000011081,0.2353256263684256
G1,1,0.3,0.4,2,2.667,0.7,0.13330078125,0.4644953805921359,0.5000000000113637,0.2388579065661527
G1,1,0.3,0.4,2,2.667,0.7,0.13663330078125,0.4619878877800694,0.5000000000116461,0.2422903061909615
G1,1,0.3,0.4,2,2.667,0.7,0.1399658203125,0.4595538495396579,0.5000000000119293,0.2456271399200417
G1,1,0.3,0.4,2,2.667,0.7,0.14329833984375,0.457190918604614,0.500000000012212,0.2488725598700375
G1,1,0.3,0.4,2,2.667,0.7,0.146630859375,0.4548969058225066,0.5000000000124951,0.2520305498472568
G1,1,0.3,0.4,2,2.667,0.7,0.14996337890625,0.4526697539495602,0.5000000000127778,0.2551049222186254
G1,1,0.3,0.4,2,2.667,0.7,0.1532958984375,0.4505075164730469,0.5000000000130608,0.2580993169707506
G1,1,0.3,0.4,2,2.667,0.7,0.15662841796875,0.4484083405441872,0.5000000000133435,0.2610172025744971
G1,1,0.3,0.4,2,2.667,0.7,0.1599609375,0.4463704532642991,0.5000000000136268,0.2638618783193918
G1,1,0.3,0.4,2,2.667,0.7,0.16329345703125,0.4443921506996476,0.5000000000139094,0.2666364778256445
G1,1,0.3,0.4,2,2.667,0.7,0.1666259765625,0.4424717891106438,0.5000000000141923,0.2693439734812308
G1,1,0.3,0.4,2,2.667,0.7,0.16995849609375,0.4406077779724065,0.500000000014475,0.2719871815873729
G1,1,0.3,0.4,2,2.667,0.7,0.173291015625,0.438798574439453,0.5000000000147579,0.2745687680279102
G1,1,0.3,0.4,2,2.667,0.7,0.17662353515625,0.4370426789699505,0.5000000000150412,0.2770912543065937
G1,1,0.3,0.4,2,2.667,0.7,0.1799560546875,0.4353386318768512,0.5000000000153235,0.2795570238216056
G1,1,0.3,0.4,2,2.667,0.7,0.18328857421875,0.4336850106160667,0.5000000000156058,0.2819683282685467
G1,1,0.3,0.4,2,2.667,0.7,0.18662109375,0.4320804276572073,0.5000000000158886,0.2843272940825355
G1,1,0.3,0.4,2,2.667,0.7,0.18995361328125,0.4305235288115358,0.5000000000161715,0.2866359288465423
G1,1,0.3,0.4,2,2.667,0.7,0.1932861328125,0.4290129919158053,0.5000000000164548,0.2888961276074504
G1,1,0.3,0.4,2,2.667,0.7,0.19661865234375,0.4275475257903026,0.5000000000167375,0.291109679053611
G1,1,0.3,0.4,2,2.667,0.7,0.199951171875,0.4261258694056319,0.5000000000170202,0.2932782715179867
G1,1,0.3,0.4,2,2.667,0.7,0.20328369140625,0.4247467912059554,0.5000000000173028,0.2954034987798727
G1,1,0.3,0.4,2,2.667,0.7,0.2066162109375,0.4234090885472422,0.5000000000175862,0.2974868656454601
G1,1,0.3,0.4,2,2.667,0.7,0.20994873046875,0.4221115872178492,0.500000000017869,0.2995297932938077
G1,1,0.3,0.4,2,2.667,0.7,0.21328125,0.4208531410159251,0.500000000018152,0.3015336243797838
G1,1,0.3,0.4,2,2.667,0.7,0.21661376953125,0.419632631363897,0.5000000000184348,0.3034996278898248
G1,1,0.3,0.4,2,2.667,0.7,0.2199462890625,0.4184489669449814,0.5000000000187178,0.3054290037496994
G1,1,0.3,0.4,2,2.667,0.7,0.22327880859375,0.4173010833503891,0.5000000000190012,0.3073228871863034
G1,1,0.3,0.4,2,2.667,0.7,0.226611328125,0.4161879427289124,0.5000000000192841,0.3091823528476264
G1,1,0.3,0.4,2,2.667,0.7,0.22994384765625,0.4151085334329455,0.5000000000195676,0.3110084186867265
G1,1,0.3,0.4,2,2.667,0.7,0.2332763671875,0.4140618696568665,0.5000000000198506,0.3128020496169807
G1,1,0.3,0.4,2,2.667,0.7,0.23660888671875,0.4130469910651955,0.5000000000201336,0.3145641609466714
G1,1,0.3,0.4,2,2.667,0.7,0.23994140625,0.4120629624090527,0.5000000000204169,0.3162956216017576
G1,1,0.3,0.4,2,2.667,0.7,0.24327392578125,0.4111088731303459,0.5000000000206998,0.3179972571461509
G1,1,0.3,0.4,2,2.667,0.7,0.2466064453125,0.4101838369537279,0.5000000000209835,0.31966985260901
G1,1,0.3,0.4,2,2.667,0.7,0.24993896484375,0.4092869914668938,0.5000000000212662,0.3213141551287241
G1,1,0.3,0.4,2,2.667,0.7,0.253271484375,0.4084174976900937,0.5000000000215495,0.3229308764232357
G1,1,0.3,0.4,2,2.667,0.7,0.25660400390625,0.4075745396359867,0.5000000000218321,0.3245206950962286
G1,1,0.3,0.4,2,2.667,0.7,0.2599365234375,0.406757323861123,0.5000000000221158,0.3260842587884995
G1,1,0.3,0.4,2,2.667,0.7,0.26326904296875,0.4059650790103979,0.5000000000223989,0.3276221861836298
G1,1,0.3,0.4,2,2.667,0.7,0.2666015625,0.4051970553558807,0.5000000000226825,0.3291350688767324
G1,1,0.3,0.4,2,2.667,0.7,0.26993408203125,0.4044525243313944,0.5000000000229654,0.3306234731146797
G1,1,0.3,0.4,2,2.667,0.7,0.2732666015625,0.4037307780641977,0.5000000000232483,0.332087941415986
G1,1,0.3,0.4,2,2.667,0.7,0.27659912109375,0.4030311289050655,0.5000000000235318,0.3335289940780099
G1,1,0.3,0.4,2,2.667,0.7,0.279931640625,0.4023529089579783,0.5000000000238151,0.3349471305788521
G1,1,0.3,0.4,2,2.667,0.7,0.28326416015625,0.4016954696105698,0.5000000000240979,0.336342830880934
G1,1,0.3,0.4,2,2.667,0.7,0.2865966796875,0.4010581810663857,0.5000000000243813,0.3377165566428084
G1,1,0.3,0.4,2,2.667,0.7,0.28992919921875,0.4004404318799153,0.5000000000246645,0.3390687523454978
G1,1,0.3,0.4,2,2.667,0.7,0.29326171875,0.3998416284952748,0.5000000000249477,0.3403998463391711
G1,1,0.3,0.4,2,2.667,0.7,0.29659423828125,0.3992611947893323,0.5000000000252306,0.3417102518156963
G1,1,0.3,0.4,2,2.667,0.7,0.2999267578125,0.3986985716199767,0.5000000000255144,0.3430003677122345
G1,1,0.3,0.4,2,2.667,0.7,0.30325927734375,0.3981532163801545,0.5000000000257975,0.3442705795507695
G1,1,0.3,0.4,2,2.667,0.7,0.306591796875,0.3976246025582187,0.5000000000260808,0.3455212602180612
G1,1,0.3,0.4,2,2.667,0.7,0.30992431640625,0.3971122193050663,0.5000000000263638,0.3467527706903154
G1,1,0.3,0.4,2,2.667,0.7,0.3132568359375,0.3966155710084683,0.5000000000266474,0.3479654607065191
G1,1,0.3,0.4,2,2.667,0.7,0.31658935546875,0.3961341768749367,0.5000000000269305,0.3491596693941399
G1,1,0.3,0.4,2,2.667,0.7,0.319921875,0.395667570519415,0.5000000000272145,0.3503357258506678
G1,1,0.3,0.4,2,2.667,0.7,0.32325439453125,0.3952152995630227,0.5000000000274974,0.351493949684188
G1,1,0.3,0.4,2,2.667,0.7,0.3265869140625,0.3947769252390497,0.5000000000277808,0.3526346515159793
G1,1,0.3,0.4,2,2.667,0.7,0.32991943359375,0.3943520220073232,0.500000000028064,0.3537581334479415
G1,1,0.3,0.4,2,2.667,0.7,0.333251953125,0.393940177177069,0.5000000000283475,0.3548646894974156
G1,1,0.3,0.4,2,2.667,0.7,0.33658447265625,0.3935409905383205,0.5000000000286302,0.3559546060018176
G1,1,0.3,0.4,2,2.667,0.7,0.3399169921875,0.3931540740019151,0.5000000000289139,0.3570281619952945
G1,1,0.3,0.4,2,2.667,0.7,0.34324951171875,0.3927790512480819,0.5000000000291969,0.3580856295594964
G1,1,0.3,0.4,2,2.667,0.7,0.34658203125,0.3924155573836089,0.5000000000294798,0.3591272741503743
G1,1,0.3,0.4,2,2.667,0.7,0.34991455078125,0.3920632386075288,0.5000000000297639,0.3601533549027739
G1,1,0.3,0.4,2,2.667,0.7,0.3532470703125,0.391721751885289,0.5000000000300471,0.3611641249144765
G1,1,0.3,0.4,2,2.667,0.7,0.35657958984375,0.3913907646313038,0.5000000000303306,0.3621598315112564
G1,1,0.3,0.4,2,2.667,0.7,0.359912109375,0.3910699543998074,0.5000000000306137,0.3631407164942756
G1,1,0.3,0.4,2,2.667,0.7,0.36324462890625,0.3907590085838986,0.5000000000308973,0.3641070163712425
G1,1,0.3,0.4,2,2.667,0.7,0.3665771484375,0.3904576241226549,0.5000000000311807,0.3650589625724437
G1,1,0.3,0.4,2,2.667,0.7,0.36990966796875,0.3901655072161976,0.5000000000314637,0.3659967816528331
G1,1,0.3,0.4,2,2.667,0.7,0.3732421875,0.3898823730485609,0.5000000000317472,0.3669206954811827
G1,1,0.3,0.4,2,2.667,0.7,0.37657470703125,0.3896079455182375,0.5000000000320304,0.3678309214172997
G1,1,0.3,0.4,2,2.667,0.7,0.3799072265625,0.389341956976236,0.5000000000323139,0.3687276724781208
G1,1,0.3,0.4,2,2.667,0.7,0.38323974609375,0.3890841479715184,0.5000000000325973,0.3696111574935668
G1,1,0.3,0.4,2,2.667,0.7,0.386572265625,0.3888342670036414,0.5000000000328805,0.370481581252909
G1,1,0.3,0.4,2,2.667,0.7,0.38990478515625,0.3885920702824665,0.5000000000331644,0.3713391446423087
G1,1,0.3,0.4,2,2.667,0.7,0.3932373046875,0.3883573214947589,0.5000000000334478,0.3721840447742129
G1,1,0.3,0.4,2,2.667,0.7,0.39656982421875,0.3881297915775332,0.5000000000337314,0.3730164751091997
G1,1,0.3,0.4,2,2.667,0.7,0.39990234375,0.3879092584979684,0.5000000000340147,0.3738366255708115
G1,1,0.3,0.4,2,2.667,0.7,0.40323486328125,0.3876955070397505,0.5000000000342978,0.3746446826538897
G1,1,0.3,0.4,2,2.667,0.7,0.4065673828125,0.3874883285956683,0.5000000000345812,0.3754408295268915
G1,1,0.3,0.4,2,2.667,0.7,0.40989990234375,0.3872875209663089,0.5000000000348643,0.376225246128609
G1,1,0.3,0.4,2,2.667,0.7,0.413232421875,0.3870928881646991,0.5000000000351481,0.3769981092597131
G1,1,0.3,0.4,2,2.667,0.7,0.41656494140625,0.3869042402267304,0.5000000000354317,0.3777595926694857
G1,1,0.3,0.4,2,2.667,0.7,0.4198974609375,0.3867213930272206,0.5000000000357151,0.3785098671380523
G1,1,0.3,0.4,2,2.667,0.7,0.42322998046875,0.386544168101459,0.5000000000359986,0.3792491005544817
G1,1,0.3,0.4,2,2.667,0.7,0.4265625,0.3863723924720806,0.500000000036282,0.3799774579910182
G1,1,0.3,0.4,2,2.667,0.7,0.42989501953125,0.3862058984811335,0.5000000000365652,0.3806951017737066
G1,1,0.3,0.4,2,2.667,0.7,0.4332275390625,0.3860445236271814,0.5000000000368482,0.3814021915496859
G1,1,0.3,0.4,2,2.667,0.7,0.43656005859375,0.3858881104073197,0.5000000000371323,0.3820988843513648
G1,1,0.3,0.4,2,2.667,0.7,0.439892578125,0.3857365061639427,0.5000000000374155,0.38278533465768
G1,1,0.3,0.4,2,2.667,0.7,0.44322509765625,0.3855895629361501,0.5000000000376993,0.3834616944526733
G1,1,0.3,0.4,2,2.667,0.7,0.4465576171875,0.3854471373156456,0.5000000000379824,0.3841281132815206
G1,1,0.3,0.4,2,2.667,0.7,0.44989013671875,0.3853090903070006,0.5000000000382657,0.3847847383042344
G1,1,0.3,0.4,2,2.667,0.7,0.45322265625,0.3851752871921625,0.5000000000385492,0.3854317143471231
G1,1,0.3,0.4,2,2.667,0.7,0.45655517578125,0.3850455973990791,0.5000000000388327,0.386069183952223
G1,1,0.3,0.4,2,2.667,0.7,0.4598876953125,0.3849198943743208,0.5000000000391162,0.3866972874247971
G1,1,0.3,0.4,2,2.667,0.7,0.46322021484375,0.384798055459576,0.5000000000393994,0.3873161628790265
G1,1,0.3,0.4,2,2.667,0.7,0.466552734375,0.3846799617719269,0.5000000000396829,0.3879259462820149
G1,1,0.3,0.4,2,2.667,0.7,0.46988525390625,0.384565498087762,0.5000000000399668,0.3885267714962082
G1,1,0.3,0.4,2,2.667,0.7,0.4732177734375,0.3844545527302469,0.5000000000402499,0.3891187703203197
G1,1,0.3,0.4,2,2.667,0.7,0.47655029296875,0.3843470174602308,0.5000000000405339,0.3897020725288531
G1,1,0.3,0.4,2,2.667,0.7,0.4798828125,0.3842427873704874,0.500000000040817,0.3902768059103358
G1,1,0.3,0.4,2,2.667,0.7,0.48321533203125,0.3841417607832016,0.5000000000411006,0.3908430963042744
G1,1,0.3,0.4,2,2.667,0.7,0.4865478515625,0.3840438391505872,0.5000000000413847,0.391401067636969
G1,1,0.3,0.4,2,2.667,0.7,0.48988037109375,0.3839489269585556,0.5000000000416681,0.3919508419562244
G1,1,0.3,0.4,2,2.667,0.7,0.493212890625,0.3838569316333417,0.5000000000419522,0.3924925394649991
G1,1,0.3,0.4,2,2.667,0.7,0.49654541015625,0.3837677634509853,0.5000000000422355,0.3930262785540989
G1,1,0.3,0.4,2,2.667,0.7,0.4998779296875,0.3836813354496008,0.5000000000425189,0.3935521758339156
G1,1,0.3,0.4,2,2.667,0.7,0.50321044921875,0.3835975633443358,0.5000000000428025,0.3940703461653069
G1,1,0.3,0.4,2,2.667,0.7,0.50654296875,0.3835163654449416,0.5000000000430859,0.3945809026896102
G1,1,0.3,0.4,2,2.667,0.7,0.5098754882812501,0.3834376625758795,0.5000000000433695,0.3950839568578833
G1,1,0.3,0.4,2,2.667,0.7,0.5132080078125,0.3833613779988798,0.5000000000436532,0.3955796184593914
G1,1,0.3,0.4,2,2.667,0.7,0.51654052734375,0.3832874373378851,0.500000000043937,0.3960679956493597
G1,1,0.3,0.4,2,2.667,0.7,0.519873046875,0.3832157685063013,0.5000000000442205,0.3965491949760426
G1,1,0.3,0.4,2,2.667,0.7,0.52320556640625,0.3831463016364836,0.5000000000445041,0.397023321407147
G1,1,0.3,0.4,2,2.667,0.7,0.5265380859375001,0.3830789690113961,0.5000000000447878,0.3974904783556433
G1,1,0.3,0.4,2,2.667,0.7,0.52987060546875,0.3830137049983727,0.5000000000450713,0.3979507677049468
G1,1,0.3,0.4,2,2.667,0.7,0.533203125,0.3829504459849157,0.5000000000453549,0.398404289833552
G1,1,0.3,0.4,2,2.667,0.7,0.53653564453125,0.3828891303164772,0.500000000045638,0.3988511436391211
G1,1,0.3,0.4,2,2.667,0.7,0.5398681640625,0.3828296982361448,0.5000000000459217,0.3992914265620362
G1,1,0.3,0.4,2,2.667,0.7,0.5432006835937501,0.3827720918261965,0.500000000046205,0.3997252346084484
G1,1,0.3,0.4,2,2.667,0.7,0.546533203125,0.3827162549514497,0.5000000000464893,0.400152662372854
G1,1,0.3,0.4,2,2.667,0.7,0.54986572265625,0.3826621332043537,0.5000000000467727,0.400573803060201
G1,1,0.3,0.4,2,2.667,0.7,0.5531982421875,0.3826096738517781,0.5000000000470558,0.4009887485075332
G1,1,0.3,0.4,2,2.667,0.7,0.55653076171875,0.3825588257834383,0.5000000000473392,0.4013975892052192
G1,1,0.3,0.4,2,2.667,0.7,0.5598632812500001,0.3825095394619089,0.5000000000476228,0.4018004143177546
G1,1,0.3,0.4,2,2.667,0.7,0.56319580078125,0.3824617668741795,0.5000000000479066,0.4021973117041787
G1,1,0.3,0.4,2,2.667,0.7,0.5665283203125,0.3824154614847006,0.5000000000481905,0.4025883679380597
G1,1,0.3,0.4,2,2.667,0.7,0.56986083984375,0.3823705781898807,0.5000000000484734,0.4029736683271568
G1,1,0.3,0.4,2,2.667,0.7,0.573193359375,0.3823270732739788,0.5000000000487577,0.4033532969326866
G1,1,0.3,0.4,2,2.667,0.7,0.5765258789062501,0.3822849043663648,0.500000000049041,0.4037273365882262
G1,1,0.3,0.4,2,2.667,0.7,0.5798583984375,0.3822440304000892,0.5000000000493243,0.4040958689183005
G1,1,0.3,0.4,2,2.667,0.7,0.58319091796875,0.3822044115717325,0.5000000000496082,0.4044589743566282
G1,1,0.3,0.4,2,2.667,0.7,0.5865234375,0.3821660093024974,0.5000000000498914,0.4048167321640297
G1,1,0.3,0.4,2,2.667,0.7,0.58985595703125,0.3821287862004881,0.5000000000501752,0.4051692204460414
G1,1,0.3,0.4,2,2.667,0.7,0.5931884765625001,0.382092706024165,0.5000000000504586,0.4055165161702024
G1,1,0.3,0.4,2,2.667,0.7,0.59652099609375,0.3820577336469169,0.5000000000507417,0.4058586951830772
G1,1,0.3,0.4,2,2.667,0.7,0.599853515625,0.3820238350227299,0.5000000000510257,0.4061958322269418
G1,1,0.3,0.4,2,2.667,0.7,0.60318603515625,0.3819909771529104,0.5000000000513092,0.4065280009562399
G1,1,0.3,0.4,2,2.667,0.7,0.6065185546875,0.381959128053839,0.5000000000515926,0.406855273953714
G1,1,0.3,0.4,2,2.667,0.7,0.6098510742187501,0.3819282567257132,0.5000000000518765,0.4071777227463086
G1,1,0.3,0.4,2,2.667,0.7,0.6131835937500001,0.3818983331222554,0.5000000000521601,0.4074954178207866
G1,1,0.3,0.4,2,2.667,0.7,0.61651611328125,0.3818693281213559,0.5000000000524434,0.4078084286390992
G1,1,0.3,0.4,2,2.667,0.7,0.6198486328125,0.3818412134966184,0.5000000000527269,0.408116823653507
G1,1,0.3,0.4,2,2.667,0.7,0.62318115234375,0.3818139618897825,0.5000000000530104,0.4084206703214538
G1,1,0.3,0.4,2,2.667,0.7,0.6265136718750001,0.3817875467839993,0.500000000053294,0.4087200351202014
G1,1,0.3,0.4,2,2.667,0.7,0.6298461914062501,0.3817619424779257,0.5000000000535778,0.4090149835612206
G1,1,0.3,0.4,2,2.667,0.7,0.6331787109375,0.3817371240606202,0.5000000000538611,0.4093055802043906
G1,1,0.3,0.4,2,2.667,0.7,0.63651123046875,0.3817130673872125,0.5000000000541449,0.4095918886719163
G1,1,0.3,0.4,2,2.667,0.7,0.63984375,0.3816897490553211,0.5000000000544286,0.4098739716620859
G1,1,0.3,0.4,2,2.667,0.7,0.6431762695312501,0.3816671463821982,0.5000000000547126,0.4101518909627658
G1,1,0.3,0.4,2,2.667,0.7,0.6465087890625001,0.381645237382579,0.500000000054996,0.4104257074647177
G1,1,0.3,0.4,2,2.667,0.7,0.64984130859375,0.3816240007472149,0.5000000000552797,0.4106954811746915
G1,1,0.3,0.4,2,2.667,0.7,0.653173828125,0.3816034158220652,0.5000000000555633,0.4109612712283237
G1,1,0.3,0.4,2,2.667,0.7,0.65650634765625,0.3815834625881327,0.5000000000558465,0.411223135902834
G1,1,0.3,0.4,2,2.667,0.7,0.6598388671875001,0.3815641216419167,0.5000000000561305,0.4114811326295264
G1,1,0.3,0.4,2,2.667,0.7,0.6631713867187501,0.3815453741764752,0.5000000000564137,0.4117353180061096
G1,1,0.3,0.4,2,2.667,0.7,0.66650390625,0.3815272019630627,0.5000000000566973,0.4119857478088107
G1,1,0.3,0.4,2,2.667,0.7,0.66983642578125,0.3815095873333377,0.5000000000569814,0.4122324770043233
G1,1,0.3,0.4,2,2.667,0.7,0.6731689453125,0.3814925131621199,0.5000000000572647,0.4124755597615639
G1,1,0.3,0.4,2,2.667,0.7,0.6765014648437501,0.3814759628506728,0.5000000000575482,0.412715049463255
G1,1,0.3,0.4,2,2.667,0.7,0.6798339843750001,0.3814599203105095,0.5000000000578322,0.412950998717343
G1,1,0.3,0.4,2,2.667,0.7,0.68316650390625,0.3814443699476881,0.5000000000581158,0.4131834593682133
G1,1,0.3,0.4,2,2.667,0.7,0.6864990234375,0.3814292966475977,0.5000000000583995,0.4134124825077818
G1,1,0.3,0.4,2,2.667,0.7,0.68983154296875,0.3814146857602103,0.5000000000586832,0.4136381184863908
G1,1,0.3,0.4,2,2.667,0.7,0.6931640625000001,0.3814005230857888,0.5000000000589669,0.4138604169235453
G1,1,0.3,0.4,2,2.667,0.7,0.6964965820312501,0.3813867948610314,0.5000000000592506,0.4140794267184992
G1,1,0.3,0.4,2,2.667,0.7,0.6998291015625,0.3813734877456462,0.5000000000595343,0.4142951960606772
G1,1,0.3,0.4,2,2.667,0.7,0.70316162109375,0.3813605888093372,0.5000000000598179,0.4145077724399452
G1,1,0.3,0.4,2,2.667,0.7,0.706494140625,0.3813480855191941,0.5000000000601013,0.4147172026567293
G1,1,0.3,0.4,2,2.667,0.7,0.7098266601562501,0.381335965727466,0.5000000000603853,0.4149235328319849
G1,1,0.3,0.4,2,2.667,0.7,0.7131591796875001,0.3813242176597129,0.5000000000606686,0.4151268084170123
G1,1,0.3,0.4,2,2.667,0.7,0.71649169921875,0.3813128299033286,0.5000000000609518,0.4153270742031523
G1,1,0.3,0.4,2,2.667,0.7,0.71982421875,0.3813017913964039,0.500000000061236,0.4155243743312889
G1,1,0.3,0.4,2,2.667,0.7,0.72315673828125,0.3812910914169447,0.5000000000615193,0.4157187523012756
G1,1,0.3,0.4,2,2.667,0.7,0.7264892578125001,0.3812807195724178,0.5000000000618037,0.4159102509811767
G1,1,0.3,0.4,2,2.667,0.7,0.7298217773437501,0.3812706657896137,0.5000000000620869,0.4160989126163902
G1,1,0.3,0.4,2,2.667,0.7,0.733154296875,0.3812609203048321,0.5000000000623709,0.4162847788386406
G1,1,0.3,0.4,2,2.667,0.7,0.73648681640625,0.3812514736543594,0.5000000000626542,0.4164678906748356
G1,1,0.3,0.4,2,2.667,0.7,0.7398193359375,0.3812423166652448,0.5000000000629382,0.4166482885557942
G1,1,0.3,0.4,2,2.667,0.7,0.7431518554687501,0.3812334404463587,0.5000000000632219,0.4168260123248377
G1,1,0.3,0.4,2,2.667,0.7,0.7464843750000001,0.3812248363797269,0.5000000000635058,0.4170011012462843
G1,1,0.3,0.4,2,2.667,0.7,0.74981689453125,0.3812164961121294,0.5000000000637894,0.4171735940137833
G1,1,0.3,0.4,2,2.667,0.7,0.7531494140625,0.3812084115469632,0.5000000000640727,0.4173435287585589
G1,1,0.3,0.4,2,2.667,0.7,0.75648193359375,0.3812005748363491,0.5000000000643567,0.4175109430575229
G1,1,0.3,0.4,2,2.667,0.7,0.7598144531250001,0.381192978373484,0.50000000006464,0.4176758739412501
G1,1,0.3,0.4,2,2.667,0.7,0.7631469726562501,0.3811856147852318,0.5000000000649237,0.4178383579018798
G1,1,0.3,0.4,2,2.667,0.7,0.7664794921875,0.3811784769249358,0.5000000000652074,0.4179984309008661
G1,1,0.3,0.4,2,2.667,0.7,0.76981201171875,0.3811715578654587,0.5000000000654916,0.4181561283766352
G1,1,0.3,0.4,2,2.667,0.7,0.77314453125,0.3811648508924314,0.5000000000657752,0.4183114852521221
G1,1,0.3,0.4,2,2.667,0.7,0.7764770507812501,0.3811583494977147,0.5000000000660588,0.4184645359422069
G1,1,0.3,0.4,2,2.667,0.7,0.7798095703125001,0.3811520473730582,0.500000000066342,0.4186153143610398
G1,1,0.3,0.4,2,2.667,0.7,0.78314208984375,0.3811459384039551,0.5000000000666256,0.4187638539292599
G1,1,0.3,0.4,2,2.667,0.7,0.786474609375,0.3811400166636875,0.5000000000669091,0.418910187581105
G1,1,0.3,0.4,2,2.667,0.7,0.78980712890625,0.3811342764075547,0.5000000000671927,0.4190543477714338
G1,1,0.3,0.4,2,2.667,0.7,0.7931396484375001,0.3811287120672771,0.5000000000674757,0.4191963664826296
G1,1,0.3,0.4,2,2.667,0.7,0.7964721679687501,0.3811233182455748,0.50000000006776,0.4193362752314105
G1,1,0.3,0.4,2,2.667,0.7,0.7998046875,0.3811180897109103,0.5000000000680439,0.4194741050755524
G1,1,0.3,0.4,2,2.667,0.7,0.80313720703125,0.3811130213923959,0.5000000000683273,0.4196098866205005
G1,1,0.3,0.4,2,2.667,0.7,0.8064697265625,0.3811081083748562,0.5000000000686114,0.4197436500258918
G1,1,0.3,0.4,2,2.667,0.7,0.8098022460937501,0.3811033458940405,0.5000000000688948,0.4198754250119787
G1,1,0.3,0.4,2,2.667,0.7,0.8131347656250001,0.381098729331989,0.5000000000691787,0.4200052408659735
G1,1,0.3,0.4,2,2.667,0.7,0.81646728515625,0.3810942542125318,0.500000000069462,0.4201331264482888
G1,1,0.3,0.4,2,2.667,0.7,0.8197998046875,0.3810899161969354,0.5000000000697458,0.4202591101986971
G1,1,0.3,0.4,2,2.667,0.7,0.82313232421875,0.3810857110796794,0.5000000000700298,0.4203832201423833
G1,1,0.3,0.4,2,2.667,0.7,0.8264648437500001,0.3810816347843591,0.5000000000703133,0.4205054838959442
G1,1,0.3,0.4,2,2.667,0.7,0.8297973632812501,0.3810776833597227,0.5000000000705965,0.4206259286732649
G1,1,0.3,0.4,2,2.667,0.7,0.8331298828125,0.3810738529758233,0.5000000000708806,0.4207445812913428
G1,1,0.3,0.4,2,2.667,0.7,0.83646240234375,0.3810701399202912,0.5000000000711643,0.4208614681760005
G1,1,0.3,0.4,2,2.667,0.7,0.839794921875,0.381066540594724,0.5000000000714482,0.4209766153675392
G1,1,0.3,0.4,2,2.667,0.7,0.8431274414062501,0.3810630515111815,0.5000000000717321,0.4210900485263011
G1,1,0.3,0.4,2,2.667,0.7,0.8464599609375001,0.3810596692887951,0.5000000000720158,0.4212017929381421
G1,1,0.3,0.4,2,2.667,0.7,0.84979248046875,0.3810563906504756,0.5000000000722989,0.4213118735198501
G1,1,0.3,0.4,2,2.667,0.7,0.853125,0.3810532124197282,0.5000000000725827,0.4214203148244583
G1,1,0.3,0.4,2,2.667,0.7,0.85645751953125,0.3810501315175578,0.5000000000728666,0.4215271410465151
G1,1,0.3,0.4,2,2.667,0.7,0.8597900390625001,0.3810471449594772,0.5000000000731499,0.4216323760272382
G1,1,0.3,0.4,2,2.667,0.7,0.8631225585937501,0.3810442498526024,0.5000000000734337,0.4217360432596306
G1,1,0.3,0.4,2,2.667,0.7,0.866455078125,0.3810414433928395,0.5000000000737169,0.4218381658935014
G1,1,0.3,0.4,2,2.667,0.7,0.86978759765625,0.3810387228621566,0.5000000000740007,0.4219387667404323
G1,1,0.3,0.4,2,2.667,0.7,0.8731201171875,0.3810360856259409,0.5000000000742845,0.4220378682786505
G1,1,0.3,0.4,2,2.667,0.7,0.8764526367187501,0.3810335291304338,0.5000000000745679,0.4221354926578502
G1,1,0.3,0.4,2,2.667,0.7,0.8797851562500001,0.3810310509002528,0.5000000000748516,0.4222316617039349
G1,1,0.3,0.4,2,2.667,0.7,0.88311767578125,0.381028648535978,0.5000000000751352,0.4223263969237081
G1,1,0.3,0.4,2,2.667,0.7,0.8864501953125,0.3810263197118239,0.5000000000754186,0.4224197195094728
G1,1,0.3,0.4,2,2.667,0.7,0.88978271484375,0.3810240621733749,0.5000000000757026,0.4225116503435748
G1,1,0.3,0.4,2,2.667,0.7,0.8931152343750001,0.3810218737353955,0.500000000075986,0.4226022100028963
G1,1,0.3,0.4,2,2.667,0.7,0.8964477539062501,0.3810197522797037,0.50000000007627,0.4226914187632677
G1,1,0.3,0.4,2,2.667,0.7,0.8997802734375,0.3810176957531125,0.5000000000765533,0.4227792966038158
G1,1,0.3,0.4,2,2.667,0.7,0.90311279296875,0.3810157021654339,0.5000000000768372,0.4228658632112483
G1,1,0.3,0.4,2,2.667,0.7,0.9064453125,0.3810137695875465,0.500000000077121,0.422951137984109
G1,1,0.3,0.4,2,2.667,0.7,0.9097778320312501,0.3810118961495146,0.5000000000774049,0.4230351400369144
G1,1,0.3,0.4,2,2.667,0.7,0.9131103515625001,0.3810100800387783,0.500000000077688,0.423117888204287
G1,1,0.3,0.4,2,2.667,0.7,0.91644287109375,0.3810083194983847,0.5000000000779716,0.4231994010450005
G1,1,0.3,0.4,2,2.667,0.7,0.919775390625,0.3810066128252848,0.5000000000782555,0.4232796968459617
G1,1,0.3,0.4,2,2.667,0.7,0.92310791015625,0.3810049583686769,0.5000000000785391,0.4233587936261538
G1,1,0.3,0.4,2,2.667,0.7,0.9264404296875001,0.381003354528402,0.5000000000788227,0.423436709140524
G1,1,0.3,0.4,2,2.667,0.7,0.9297729492187501,0.381001799753391,0.5000000000791068,0.4235134608837925
G1,1,0.3,0.4,2,2.667,0.7,0.93310546875,0.3810002925401538,0.5000000000793908,0.4235890660942235
G1,1,0.3,0.4,2,2.667,0.7,0.93643798828125,0.3809988314313216,0.5000000000796745,0.4236635417573441
G1,1,0.3,0.4,2,2.667,0.7,0.9397705078125,0.3809974150142296,0.5000000000799583,0.4237369046096067
G1,1,0.3,0.4,2,2.667,0.7,0.9431030273437501,0.3809960419195461,0.5000000000802415,0.4238091711419991
G1,1,0.3,0.4,2,2.667,0.7,0.9464355468750001,0.3809947108199407,0.5000000000805257,0.4238803576035969
G1,1,0.3,0.4,2,2.667,0.7,0.94976806640625,0.380993420428793,0.5000000000808091,0.423950480005074
G1,1,0.3,0.4,2,2.667,0.7,0.9531005859375,0.3809921694989486,0.5000000000810929,0.4240195541221577
G1,1,0.3,0.4,2,2.667,0.7,0.95643310546875,0.3809909568215013,0.5000000000813759,0.4240875954990327
G1,1,0.3,0.4,2,2.667,0.7,0.9597656250000001,0.3809897812246231,0.5000000000816601,0.4241546194517042
G1,1,0.3,0.4,2,2.667,0.7,0.9630981445312501,0.3809886415724246,0.5000000000819439,0.4242206410713047
G1,1,0.3,0.4,2,2.667,0.7,0.9664306640625,0.3809875367638519,0.500000000082227,0.4242856752273559
G1,1,0.3,0.4,2,2.667,0.7,0.96976318359375,0.3809864657316175,0.500000000082511,0.4243497365709922
G1,1,0.3,0.4,2,2.667,0.7,0.973095703125,0.3809854274411633,0.5000000000827949,0.4244128395381187
G1,1,0.3,0.4,2,2.667,0.7,0.9764282226562501,0.3809844208896572,0.5000000000830787,0.4244749983525407
G1,1,0.3,0.4,2,2.667,0.7,0.9797607421875001,0.3809834451050191,0.5000000000833622,0.4245362270290435
G1,1,0.3,0.4,2,2.667,0.7,0.98309326171875,0.3809824991449756,0.5000000000836458,0.424596539376429
G1,1,0.3,0.4,2,2.667,0.7,0.98642578125,0.3809815820961467,0.5000000000839298,0.4246559490005081
G1,1,0.3,0.4,2,2.667,0.7,0.98975830078125,0.38098069307316,0.5000000000842133,0.424714469307039
G1,1,0.3,0.4,2,2.667,0.7,0.9930908203125001,0.3809798312177874,0.5000000000844973,0.4247721135046528
G1,1,0.3,0.4,2,2.667,0.7,0.9964233398437501,0.3809789956981171,0.5000000000847806,0.4248288946076978
G1,1,0.3,0.4,2,2.667,0.7,0.999755859375,0.3809781857077417,0.5000000000850644,0.4248848254390843
G1,1,0.3,0.4,2,2.667,0.7,1.00308837890625,0.3809774004649775,0.5000000000853481,0.4249399186330522
G1,1,0.3,0.4,2,2.667,0.7,1.0064208984375,0.3809766392121067,0.5000000000856322,0.4249941866379157
G1,1,0.3,0.4,2,2.667,0.7,1.00975341796875,0.3809759012146399,0.5000000000859159,0.4250476417187754
G1,1,0.3,0.4,2,2.667,0.7,1.0130859375,0.3809751857606041,0.5000000000861996,0.4251002959601744
G1,1,0.3,0.4,2,2.667,0.7,1.01641845703125,0.3809744921598536,0.5000000000864835,0.4251521612687341
G1,1,0.3,0.4,2,2.667,0.7,1.0197509765625,0.3809738197433976,0.5000000000867669,0.4252032493757388
G1,1,0.3,0.4,2,2.667,0.7,1.02308349609375,0.3809731678627517,0.500000000087051,0.425253571839683
G1,1,0.3,0.4,2,2.667,0.7,1.026416015625,0.3809725358893106,0.500000000087335,0.4253031400487985
G1,1,0.3,0.4,2,2.667,0.7,1.02974853515625,0.3809719232137367,0.5000000000876187,0.4253519652235233
G1,1,0.3,0.4,2,2.667,0.7,1.0330810546875,0.3809713292453672,0.5000000000879021,0.4254000584189506
G1,1,0.3,0.4,2,2.667,0.7,1.03641357421875,0.3809707534116457,0.5000000000881861,0.4254474305272281
G1,1,0.3,0.4,2,2.667,0.7,1.03974609375,0.3809701951575631,0.5000000000884695,0.4254940922799531
G1,1,0.3,0.4,2,2.667,0.7,1.04307861328125,0.3809696539451199,0.5000000000887528,0.4255400542504852
G1,1,0.3,0.4,2,2.667,0.7,1.0464111328125,0.3809691292528055,0.5000000000890366,0.4255853268562679
G1,1,0.3,0.4,2,2.667,0.7,1.04974365234375,0.3809686205750909,0.5000000000893204,0.4256299203611046
G1,1,0.3,0.4,2,2.667,0.7,1.053076171875,0.3809681274219401,0.5000000000896039,0.4256738448773873
G1,1,0.3,0.4,2,2.667,0.7,1.05640869140625,0.3809676493183331,0.5000000000898874,0.4257171103683152
G1,1,0.3,0.4,2,2.667,0.7,1.0597412109375,0.3809671858038068,0.5000000000901714,0.425759726650061
G1,1,0.3,0.4,2,2.667,0.7,1.06307373046875,0.3809667364320069,0.500000000090455,0.4258017033939264
G1,1,0.3,0.4,2,2.667,0.7,1.06640625,0.3809663007702575,0.5000000000907381,0.4258430501284505
G1,1,0.3,0.4,2,2.667,0.7,1.06973876953125,0.3809658783991394,0.5000000000910222,0.4258837762414874
G1,1,0.3,0.4,2,2.667,0.7,1.0730712890625,0.3809654689120847,0.5000000000913059,0.425923890982275
G1,1,0.3,0.4,2,2.667,0.7,1.07640380859375,0.3809650719149815,0.5000000000915895,0.4259634034634472
G1,1,0.3,0.4,2,2.667,0.7,1.079736328125,0.3809646870257926,0.5000000000918734,0.4260023226630269
G1,1,0.3,0.4,2,2.667,0.7,1.08306884765625,0.3809643138741858,0.5000000000921567,0.4260406574264005
G1,1,0.3,0.4,2,2.667,0.7,1.0864013671875,0.3809639521011735,0.5000000000924405,0.4260784164682546
G1,1,0.3,0.4,2,2.667,0.7,1.08973388671875,0.3809636013587669,0.5000000000927244,0.4261156083744769
G1,1,0.3,0.4,2,2.667,0.7,1.09306640625,0.3809632613096357,0.5000000000930077,0.4261522416040499
G1,1,0.3,0.4,2,2.667,0.7,1.09639892578125,0.3809629316267848,0.5000000000932918,0.426188324490902
G1,1,0.3,0.4,2,2.667,0.7,1.0997314453125,0.3809626119932336,0.5000000000935754,0.4262238652457314
G1,1,0.3,0.4,2,2.667,0.7,1.10306396484375,0.3809623021017117,0.500000000093859,0.4262588719578128
G1,1,0.3,0.4,2,2.667,0.7,1.106396484375,0.3809620016543604,0.5000000000941427,0.426293352596773
G1,1,0.3,0.4,2,2.667,0.7,1.10972900390625,0.3809617103624435,0.5000000000944269,0.4263273150143406
G1,1,0.3,0.4,2,2.667,0.7,1.1130615234375,0.380961427946069,0.5000000000947104,0.4263607669460706
G1,1,0.3,0.4,2,2.667,0.7,1.11639404296875,0.3809611541339157,0.5000000000949942,0.4263937160130419
G1,1,0.3,0.4,2,2.667,0.7,1.1197265625,0.3809608886629718,0.5000000000952779,0.4264261697235422
G1,1,0.3,0.4,2,2.667,0.7,1.12305908203125,0.3809606312782816,0.5000000000955612,0.42645813547471
G1,1,0.3,0.4,2,2.667,0.7,1.1263916015625,0.3809603817326961,0.5000000000958454,0.4264896205541636
G1,1,0.3,0.4,2,2.667,0.7,1.12972412109375,0.3809601397866327,0.5000000000961289,0.4265206321416103
G1,1,0.3,0.4,2,2.667,0.7,1.133056640625,0.3809599052078478,0.5000000000964127,0.4265511773104234
G1,1,0.3,0.4,2,2.667,0.7,1.13638916015625,0.3809596777712079,0.5000000000966963,0.4265812630292072
G1,1,0.3,0.4,2,2.667,0.7,1.1397216796875,0.3809594572584723,0.50000000009698,0.4266108961633113
G1,1,0.3,0.4,2,2.667,0.7,1.14305419921875,0.3809592434580827,0.500000000097264,0.4266400834763712
G1,1,0.3,0.4,2,2.667,0.7,1.14638671875,0.3809590361649585,0.5000000000975479,0.426668831631783
G1,1,0.3,0.4,2,2.667,0.7,1.14971923828125,0.3809588351802963,0.5000000000978312,0.4266971471941775
G1,1,0.3,0.4,2,2.667,0.7,1.1530517578125,0.3809586403113804,0.5000000000981154,0.4267250366308684
G1,1,0.3,0.4,2,2.667,0.7,1.15638427734375,0.3809584513713933,0.500000000098399,0.4267525063132771
G1,1,0.3,0.4,2,2.667,0.7,1.159716796875,0.3809582681792372,0.5000000000986828,0.4267795625183522
G1,1,0.3,0.4,2,2.667,0.7,1.16304931640625,0.3809580905593583,0.5000000000989664,0.426806211429939
G1,1,0.3,0.4,2,2.667,0.7,1.1663818359375,0.3809579183415744,0.5000000000992504,0.4268324591401554
G1,1,0.3,0.4,2,2.667,0.7,1.16971435546875,0.3809577513609136,0.500000000099534,0.4268583116507323
G1,1,0.3,0.4,2,2.667,0.7,1.173046875,0.380957589457453,0.5000000000998175,0.426883774874352
G1,1,0.3,0.4,2,2.667,0.7,1.17637939453125,0.3809574324761654,0.5000000001001015,0.426908854635944
G1,1,0.3,0.4,2,2.667,0.7,1.1797119140625,0.3809572802667651,0.5000000001003853,0.4269335566739837
G1,1,0.3,0.4,2,2.667,0.7,1.18304443359375,0.3809571326835686,0.500000000100669,0.4269578866417508
G1,1,0.3,0.4,2,2.667,0.7,1.186376953125,0.3809569895853486,0.5000000001009526,0.4269818501085929
G1,1,0.3,0.4,2,2.667,0.7,1.18970947265625,0.3809568508351998,0.5000000001012365,0.4270054525611591
G1,1,0.3,0.4,2,2.667,0.7,1.1930419921875,0.3809567163004073,0.5000000001015199,0.4270286994045993
G1,1,0.3,0.4,2,2.667,0.7,1.19637451171875,0.380956585852315,0.5000000001018037,0.4270515959637872
G1,1,0.3,0.4,2,2.667,0.7,1.19970703125,0.3809564593662058,0.5000000001020873,0.4270741474844721
G1,1,0.3,0.4,2,2.667,0.7,1.20303955078125,0.3809563367211742,0.5000000001023708,0.4270963591344715
G1,1,0.3,0.4,2,2.667,0.7,1.2063720703125,0.3809562178000173,0.5000000001026544,0.4271182360048028
G1,1,0.3,0.4,2,2.667,0.7,1.20970458984375,0.3809561024891173,0.5000000001029383,0.4271397831108131
G1,1,0.3,0.4,2,2.667,0.7,1.213037109375,0.3809559906783304,0.5000000001032221,0.4271610053932858
G1,1,0.3,0.4,2,2.667,0.7,1.21636962890625,0.3809558822608818,0.5000000001035055,0.4271819077195629
G1,1,0.3,0.4,2,2.667,0.7,1.2197021484375,0.3809557771332646,0.5000000001037888,0.4272024948845961
G1,1,0.3,0.4,2,2.667,0.7,1.22303466796875,0.3809556751951371,0.5000000001040729,0.4272227716120373
G1,1,0.3,0.4,2,2.667,0.7,1.2263671875,0.3809555763492261,0.5000000001043567,0.427242742555273
G1,1,0.3,0.4,2,2.667,0.7,1.22969970703125,0.3809554805012336,0.5000000001046405,0.4272624122984637
G1,1,0.3,0.4,2,2.667,0.7,1.2330322265625,0.3809553875597446,0.5000000001049244,0.4272817853575652
G1,1,0.3,0.4,2,2.667,0.7,1.23636474609375,0.3809552974361402,0.5000000001052075,0.4273008661813392
G1,1,0.3,0.4,2,2.667,0.7,1.239697265625,0.3809552100445129,0.5000000001054915,0.4273196591523279
G1,1,0.3,0.4,2,2.667,0.7,1.24302978515625,0.3809551253015792,0.5000000001057751,0.427338168587843
G1,1,0.3,0.4,2,2.667,0.7,1.2463623046875,0.380955043126604,0.5000000001060588,0.427356398740927
G1,1,0.3,0.4,2,2.667,0.7,1.24969482421875,0.380954963441319,0.5000000001063429,0.4273743538012978
G1,1,0.3,0.4,2,2.667,0.7,1.25302734375,0.3809548861698503,0.5000000001066263,0.4273920378962766
G1,1,0.3,0.4,2,2.667,0.7,1.25635986328125,0.380954811238644,0.5000000001069097,0.4274094550917252
G1,1,0.3,0.4,2,2.667,0.7,1.2596923828125,0.3809547385763917,0.5000000001071937,0.4274266093929304
G1,1,0.3,0.4,2,2.667,0.7,1.26302490234375,0.3809546681139673,0.5000000001074774,0.4274435047455171
G1,1,0.3,0.4,2,2.667,0.7,1.266357421875,0.3809545997843566,0.5000000001077611,0.4274601450363189
G1,1,0.3,0.4,2,2.667,0.7,1.26968994140625,0.3809545335225944,0.5000000001080445,0.4274765340942523
G1,1,0.3,0.4,2,2.667,0.7,1.2730224609375,0.3809544692657,0.5000000001083286,0.4274926756911608
G1,1,0.3,0.4,2,2.667,0.7,1.27635498046875,0.3809544069526183,0.500000000108612,0.427508573542666
G1,1,0.3,0.4,2,2.667,0.7,1.2796875,0.3809543465241585,0.500000000108896,0.4275242313090004
G1,1,0.3,0.4,2,2.667,0.7,1.28302001953125,0.3809542879229402,0.5000000001091796,0.4275396525958275
G1,1,0.3,0.4,2,2.667,0.7,1.2863525390625,0.3809542310933355,0.5000000001094633,0.4275548409550326
G1,1,0.3,0.4,2,2.667,0.7,1.28968505859375,0.3809541759814148,0.5000000001097471,0.4275697998855288
G1,1,0.3,0.4,2,2.667,0.7,1.293017578125,0.3809541225348985,0.5000000001100305,0.4275845328340476
G1,1,0.3,0.4,2,2.667,0.7,1.29635009765625,0.3809540707031034,0.5000000001103136,0.4275990431958878
G1,1,0.3,0.4,2,2.667,0.7,1.2996826171875,0.380954020436893,0.5000000001105978,0.4276133343157023
G1,1,0.3,0.4,2,2.667,0.7,1.30301513671875,0.3809539716886338,0.5000000001108814,0.4276274094882238
G1,1,0.3,0.4,2,2.667,0.7,1.30634765625,0.3809539244121453,0.5000000001111652,0.4276412719590217
G1,1,0.3,0.4,2,2.667,0.7,1.30968017578125,0.3809538785626593,0.5000000001114489,0.4276549249252124
G1,1,0.3,0.4,2,2.667,0.7,1.3130126953125,0.3809538340967725,0.5000000001117327,0.4276683715361939
G1,1,0.3,0.4,2,2.667,0.7,1.31634521484375,0.380953790972409,0.5000000001120163,0.4276816148943362
G1,1,0.3,0.4,2,2.667,0.7,1.319677734375,0.3809537491487771,0.5000000001123004,0.4276946580556882
G1,1,0.3,0.4,2,2.667,0.7,1.32301025390625,0.3809537085863293,0.5000000001125838,0.4277075040306574
G1,1,0.3,0.4,2,2.667,0.7,1.3263427734375,0.3809536692467286,0.5000000001128674,0.4277201557846899
G1,1,0.3,0.4,2,2.667,0.7,1.32967529296875,0.380953631092805,0.5000000001131514,0.4277326162389266
G1,1,0.3,0.4,2,2.667,0.7,1.3330078125,0.3809535940885254,0.5000000001134356,0.4277448882708778
G1,1,0.3,0.4,2,2.667,0.7,1.33634033203125,0.3809535581989548,0.500000000113719,0.4277569747150418
G1,1,0.3,0.4,2,2.667,0.7,1.3396728515625,0.3809535233902259,0.5000000001140024,0.4277688783635721
G1,1,0.3,0.4,2,2.667,0.7,1.34300537109375,0.3809534896295053,0.5000000001142865,0.4277806019668921
G1,1,0.3,0.4,2,2.667,0.7,1.346337890625,0.3809534568849602,0.50000000011457,0.4277921482343026
G1,1,0.3,0.4,2,2.667,0.7,1.34967041015625,0.3809534251257296,0.5000000001148538,0.4278035198346066
G1,1,0.3,0.4,2,2.667,0.7,1.3530029296875,0.3809533943218957,0.5000000001151378,0.4278147193967059
G1,1,0.3,0.4,2,2.667,0.7,1.35633544921875,0.3809533644444503,0.5000000001154211,0.427825749510186
G1,1,0.3,0.4,2,2.667,0.7,1.35966796875,0.3809533354652736,0.5000000001157046,0.4278366127259134
G1,1,0.3,0.4,2,2.667,0.7,1.36300048828125,0.3809533073571013,0.5000000001159888,0.4278473115565888
G1,1,0.3,0.4,2,2.667,0.7,1.3663330078125,0.3809532800935014,0.500000000116272,0.4278578484773338
G1,1,0.3,0.4,2,2.667,0.7,1.36966552734375,0.3809532536488493,0.5000000001165555,0.4278682259262364
G1,1,0.3,0.4,2,2.667,0.7,1.372998046875,0.3809532279982996,0.5000000001168395,0.4278784463049079
G1,1,0.3,0.4,2,2.667,0.7,1.37633056640625,0.3809532031177663,0.500000000117123,0.4278885119790135
G1,1,0.3,0.4,2,2.667,0.7,1.3796630859375,0.3809531789838969,0.5000000001174062,0.4278984252788193
G1,1,0.3,0.4,2,2.667,0.7,1.38299560546875,0.3809531555740515,0.5000000001176903,0.4279081884997067
G1,1,0.3,0.4,2,2.667,0.7,1.386328125,0.3809531328662807,0.5000000001179734,0.4279178039026972
G1,1,0.3,0.4,2,2.667,0.7,1.38966064453125,0.3809531108393032,0.5000000001182575,0.427927273714958
G1,1,0.3,0.4,2,2.667,0.7,1.3929931640625,0.3809530894724864,0.5000000001185414,0.4279366001303082
G1,1,0.3,0.4,2,2.667,0.7,1.39632568359375,0.3809530687458276,0.5000000001188247,0.4279457853097152
G1,1,0.3,0.4,2,2.667,0.7,1.399658203125,0.3809530486399329,0.5000000001191088,0.4279548313817759
G1,1,0.3,0.4,2,2.667,0.7,1.40299072265625,0.3809530291360001,0.5000000001193919,0.4279637404432151
G1,1,0.3,0.4,2,2.667,0.7,1.4063232421875,0.3809530102157992,0.5000000001196763,0.427972514559328
G1,1,0.3,0.4,2,2.667,0.7,1.40965576171875,0.3809529918616554,0.5000000001199595,0.4279811557644766
G1,1,0.3,0.4,2,2.667,0.7,1.41298828125,0.380952974056433,0.500000000120243,0.42798966606254
G1,1,0.3,0.4,2,2.667,0.7,1.41632080078125,0.380952956783519,0.5000000001205267,0.4279980474273646
G1,1,0.3,0.4,2,2.667,0.7,1.4196533203125,0.3809529400268042,0.5000000001208107,0.4280063018032083
G1,1,0.3,0.4,2,2.667,0.7,1.42298583984375,0.3809529237706714,0.5000000001210949,0.4280144311051912
G1,1,0.3,0.4,2,2.667,0.7,1.426318359375,0.3809529079999785,0.500000000121378,0.4280224372197219
G1,1,0.3,0.4,2,2.667,0.7,1.42965087890625,0.3809528927000455,0.5000000001216618,0.4280303220049247
G1,1,0.3,0.4,2,2.667,0.7,1.4329833984375,0.380952877856638,0.5000000001219457,0.4280380872910595
G1,1,0.3,0.4,2,2.667,0.7,1.43631591796875,0.3809528634559551,0.5000000001222294,0.4280457348809398
G1,1,0.3,0.4,2,2.667,0.7,1.4396484375,0.380952849484617,0.5000000001225132,0.4280532665503371
G1,1,0.3,0.4,2,2.667,0.7,1.44298095703125,0.3809528359296504,0.5000000001227969,0.4280606840483897
G1,1,0.3,0.4,2,2.667,0.7,1.4463134765625,0.3809528227784757,0.5000000001230804,0.4280679890979934
G1,1,0.3,0.4,2,2.667,0.7,1.44964599609375,0.3809528100188984,0.5000000001233642,0.4280751833962009
G1,1,0.3,0.4,2,2.667,0.7,1.452978515625,0.3809527976390936,0.5000000001236474,0.4280822686145875
G1,1,0.3,0.4,2,2.667,0.7,1.45631103515625,0.3809527856275958,0.5000000001239315,0.4280892463996516
G1,1,0.3,0.4,2,2.667,0.7,1.4596435546875,0.380952773973289,0.5000000001242154,0.4280961183731834
G1,1,0.3,0.4,2,2.667,0.7,1.46297607421875,0.3809527626653946,0.5000000001244987,0.4281028861326207
G1,1,0.3,0.4,2,2.667,0.7,1.46630859375,0.3809527516934628,0.5000000001247823,0.4281095512514232
G1,1,0.3,0.4,2,2.667,0.7,1.46964111328125,0.38095274104736,0.5000000001250662,0.4281161152794314
G1,1,0.3,0.4,2,2.667,0.7,1.4729736328125,0.3809527307172626,0.5000000001253507,0.4281225797432124
G1,1,0.3,0.4,2,2.667,0.7,1.47630615234375,0.3809527206936433,0.5000000001256339,0.4281289461464094
G1,1,0.3,0.4,2,2.667,0.7,1.479638671875,0.3809527109672663,0.5000000001259169,0.4281352159700795
G1,1,0.3,0.4,2,2.667,0.7,1.48297119140625,0.3809527015291758,0.5000000001262014,0.4281413906730371
G1,1,0.3,0.4,2,2.667,0.7,1.4863037109375,0.3809526923706885,0.5000000001264853,0.4281474716921853
G1,1,0.3,0.4,2,2.667,0.7,1.48963623046875,0.3809526834833827,0.5000000001267687,0.4281534604428361
G1,1,0.3,0.4,2,2.667,0.7,1.49296875,0.3809526748590961,0.5000000001270528,0.4281593583190376
G1,1,0.3,0.4,2,2.667,0.7,1.49630126953125,0.3809526664899115,0.5000000001273366,0.4281651666938879
G1,1,0.3,0.4,2,2.667,0.7,1.4996337890625,0.3809526583681546,0.5000000001276205,0.4281708869198559
G1,1,0.3,0.4,2,2.667,0.7,1.50296630859375,0.3809526504863796,0.500000000127904,0.4281765203290795
G1,1,0.3,0.4,2,2.667,0.7,1.506298828125,0.3809526428373717,0.5000000001281871,0.428182068233673
G1,1,0.3,0.4,2,2.667,0.7,1.50963134765625,0.380952635414134,0.5000000001284708,0.4281875319260204
G1,1,0.3,0.4,2,2.667,0.7,1.5129638671875,0.3809526282098807,0.500000000128755,0.4281929126790836
G1,1,0.3,0.4,2,2.667,0.7,1.51629638671875,0.3809526212180308,0.5000000001290386,0.4281982117466809
G1,1,0.3,0.4,2,2.667,0.7,1.51962890625,0.3809526144322062,0.500000000129322,0.4282034303637759
G1,1,0.3,0.4,2,2.667,0.7,1.52296142578125,0.3809526078462193,0.5000000001296057,0.4282085697467612
G1,1,0.3,0.4,2,2.667,0.7,1.5262939453125,0.3809526014540721,0.5000000001298889,0.4282136310937288
G1,1,0.3,0.4,2,2.667,0.7,1.52962646484375,0.3809525952499484,0.5000000001301728,0.4282186155847519
G1,1,0.3,0.4,2,2.667,0.7,1.532958984375,0.3809525892282074,0.5000000001304569,0.4282235243821544
G1,1,0.3,0.4,2,2.667,0.7,1.53629150390625,0.3809525833833792,0.5000000001307401,0.4282283586307686
G1,1,0.3,0.4,2,2.667,0.7,1.5396240234375,0.3809525777101607,0.5000000001310247,0.4282331194582013
G1,1,0.3,0.4,2,2.667,0.7,1.54295654296875,0.3809525722034081,0.5000000001313081,0.4282378079750936
G1,1,0.3,0.4,2,2.667,0.7,1.5462890625,0.3809525668581344,0.5000000001315918,0.4282424252753688
G1,1,0.3,0.4,2,2.667,0.7,1.54962158203125,0.3809525616695044,0.5000000001318751,0.4282469724364826
G1,1,0.3,0.4,2,2.667,0.7,1.5529541015625,0.3809525566328273,0.5000000001321586,0.4282514505196764
G1,1,0.3,0.4,2,2.667,0.7,1.55628662109375,0.3809525517435576,0.5000000001324418,0.4282558605702105
G1,1,0.3,0.4,2,2.667,0.7,1.559619140625,0.3809525469972836,0.5000000001327251,0.4282602036176115
G1,1,0.3,0.4,2,2.667,0.7,1.56295166015625,0.38095254238973,0.5000000001330089,0.4282644806759059
G1,1,0.3,0.4,2,2.667,0.7,1.5662841796875,0.380952537916749,0.5000000001332925,0.428268692743845
G1,1,0.3,0.4,2,2.667,0.7,1.56961669921875,0.3809525335743202,0.5000000001335762,0.4282728408051436
G1,1,0.3,0.4,2,2.667,0.7,1.57294921875,0.3809525293585441,0.50000000013386,0.4282769258286928
G1,1,0.3,0.4,2,2.667,0.7,1.57628173828125,0.3809525252656372,0.5000000001341441,0.428280948768802
G1,1,0.3,0.4,2,2.667,0.7,1.5796142578125,0.3809525212919325,0.5000000001344279,0.4282849105653933
G1,1,0.3,0.4,2,2.667,0.7,1.58294677734375,0.3809525174338738,0.5000000001347117,0.4282888121442318
G1,1,0.3,0.4,2,2.667,0.7,1.586279296875,0.3809525136880114,0.5000000001349951,0.4282926544171299
G1,1,0.3,0.4,2,2.667,0.7,1.58961181640625,0.380952510051001,0.5000000001352787,0.428296438282165
G1,1,0.3,0.4,2,2.667,0.7,1.5929443359375,0.3809525065195991,0.5000000001355621,0.4283001646238812
G1,1,0.3,0.4,2,2.667,0.7,1.59627685546875,0.3809525030906593,0.5000000001358457,0.4283038343134825
G1,1,0.3,0.4,2,2.667,0.7,1.599609375,0.3809524997611314,0.5000000001361302,0.4283074482090475
G1,1,0.3,0.4,2,2.667,0.7,1.60294189453125,0.3809524965280558,0.5000000001364133,0.428311007155721
G1,1,0.3,0.4,2,2.667,0.7,1.6062744140625,0.3809524933885642,0.5000000001366975,0.4283145119859008
G1,1,0.3,0.4,2,2.667,0.7,1.60960693359375,0.3809524903398729,0.500000000136981,0.4283179635194425
G1,1,0.3,0.4,2,2.667,0.7,1.612939453125,0.3809524873792836,0.5000000001372648,0.4283213625638312
G1,1,0.3,0.4,2,2.667,0.7,1.61627197265625,0.3809524845041783,0.5000000001375483,0.428324709914377
G1,1,0.3,0.4,2,2.667,0.7,1.6196044921875,0.3809524817120198,0.5000000001378314,0.4283280063543983
G1,1,0.3,0.4,2,2.667,0.7,1.62293701171875,0.3809524790003454,0.5000000001381152,0.4283312526553988
G1,1,0.3,0.4,2,2.667,0.7,1.62626953125,0.3809524763667675,0.5000000001383991,0.4283344495772367
G1,1,0.3,0.4,2,2.667,0.7,1.62960205078125,0.3809524738089713,0.5000000001386833,0.4283375978683183
G1,1,0.3,0.4,2,2.667,0.7,1.6329345703125,0.3809524713247093,0.5000000001389674,0.4283406982657516
G1,1,0.3,0.4,2,2.667,0.7,1.63626708984375,0.3809524689118037,0.5000000001392516,0.428343751495528
G1,1,0.3,0.4,2,2.667,0.7,1.639599609375,0.3809524665681421,0.5000000001395355,0.4283467582726797
G1,1,0.3,0.4,2,2.667,0.7,1.64293212890625,0.3809524642916746,0.5000000001398194,0.4283497193014502
G1,1,0.3,0.4,2,2.667,0.7,1.6462646484375,0.3809524620804145,0.5000000001401034,0.4283526352754538
G1,1,0.3,0.4,2,2.667,0.7,1.64959716796875,0.3809524599324339,0.5000000001403873,0.4283555068778326
G1,1,0.3,0.4,2,2.667,0.7,1.6529296875,0.3809524578458627,0.5000000001406708,0.428358334781423
G1,1,0.3,0.4,2,2.667,0.7,1.65626220703125,0.380952455818888,0.5000000001409542,0.4283611196488958
G1,1,0.3,0.4,2,2.667,0.7,1.6595947265625,0.3809524538497505,0.5000000001412378,0.4283638621329302
G1,1,0.3,0.4,2,2.667,0.7,1.66292724609375,0.3809524519367443,0.500000000141522,0.4283665628763407
G1,1,0.3,0.4,2,2.667,0.7,1.666259765625,0.3809524500782152,0.5000000001418052,0.4283692225122324
G1,1,0.3,0.4,2,2.667,0.7,1.66959228515625,0.3809524482725568,0.5000000001420887,0.4283718416641563
G1,1,0.3,0.4,2,2.667,0.7,1.6729248046875,0.3809524465182136,0.5000000001423729,0.4283744209462428
G1,1,0.3,0.4,2,2.667,0.7,1.67625732421875,0.3809524448136743,0.500000000142656,0.4283769609633474
G1,1,0.3,0.4,2,2.667,0.7,1.67958984375,0.3809524431574754,0.5000000001429403,0.4283794623111865
G1,1,0.3,0.4,2,2.667,0.7,1.68292236328125,0.3809524415481945,0.5000000001432239,0.4283819255764827
G1,1,0.3,0.4,2,2.667,0.7,1.6862548828125,0.3809524399844535,0.5000000001435078,0.4283843513370864
G1,1,0.3,0.4,2,2.667,0.7,1.68958740234375,0.3809524384649163,0.5000000001437911,0.4283867401621314
G1,1,0.3,0.4,2,2.667,0.7,1.692919921875,0.3809524369882848,0.5000000001440746,0.4283890926121354
G1,1,0.3,0.4,2,2.667,0.7,1.69625244140625,0.3809524355533011,0.5000000001443579,0.4283914092391559
G1,1,0.3,0.4,2,2.667,0.7,1.6995849609375,0.3809524341587447,0.5000000001446409,0.4283936905869012
G1,1,0.3,0.4,2,2.667,0.7,1.70291748046875,0.380952432803433,0.5000000001449241,0.4283959371908658
G1,1,0.3,0.4,2,2.667,0.7,1.70625,0.3809524314862176,0.5000000001452078,0.4283981495784448
G1,1,0.3,0.4,2,2.667,0.7,1.70958251953125,0.3809524302059834,0.5000000001454916,0.4284003282690697
G1,1,0.3,0.4,2,2.667,0.7,1.7129150390625,0.3809524289616493,0.5000000001457751,0.428402473774316
G1,1,0.3,0.4,2,2.667,0.7,1.71624755859375,0.3809524277521679,0.5000000001460588,0.4284045865980193
G1,1,0.3,0.4,2,2.667,0.7,1.719580078125,0.3809524265765211,0.5000000001463424,0.4284066672364024
G1,1,0.3,0.4,2,2.667,0.7,1.72291259765625,0.3809524254337233,0.500000000146626,0.4284087161781788
G1,1,0.3,0.4,2,2.667,0.7,1.7262451171875,0.3809524243228168,0.5000000001469092,0.4284107339046765
G1,1,0.3,0.4,2,2.667,0.7,1.72957763671875,0.3809524232428723,0.500000000147193,0.4284127208899464
G1,1,0.3,0.4,2,2.667,0.7,1.73291015625,0.3809524221929896,0.5000000001474768,0.4284146776008639
G1,1,0.3,0.4,2,2.667,0.7,1.73624267578125,0.3809524211722935,0.5000000001477602,0.428416604497242
G1,1,0.3,0.4,2,2.667,0.7,1.7395751953125,0.3809524201799362,0.5000000001480432,0.4284185020319402
G1,1,0.3,0.4,2,2.667,0.7,1.74290771484375,0.3809524192150959,0.5000000001483271,0.428420370650967
G1,1,0.3,0.4,2,2.667,0.7,1.746240234375,0.3809524182769743,0.5000000001486109,0.4284222107935796
G1,1,0.3,0.4,2,2.667,0.7,1.74957275390625,0.3809524173647962,0.500000000148895,0.428424022892392
G1,1,0.3,0.4,2,2.667,0.7,1.7529052734375,0.3809524164778095,0.5000000001491784,0.4284258073734741
G1,1,0.3,0.4,2,2.667,0.7,1.75623779296875,0.3809524156152861,0.5000000001494617,0.4284275646564435
G1,1,0.3,0.4,2,2.667,0.7,1.7595703125,0.3809524147765173,0.5000000001497452,0.4284292951545692
G1,1,0.3,0.4,2,2.667,0.7,1.76290283203125,0.3809524139608186,0.5000000001500284,0.4284309992748608
G1,1,0.3,0.4,2,2.667,0.7,1.7662353515625,0.3809524131675222,0.500000000150312,0.4284326774181736
G1,1,0.3,0.4,2,2.667,0.7,1.76956787109375,0.3809524123959836,0.5000000001505953,0.4284343299792899
G1,1,0.3,0.4,2,2.667,0.7,1.772900390625,0.3809524116455742,0.5000000001508789,0.4284359573470185
G1,1,0.3,0.4,2,2.667,0.7,1.77623291015625,0.3809524109156868,0.5000000001511624,0.4284375599042797
G1,1,0.3,0.4,2,2.667,0.7,1.7795654296875,0.38095241020573,0.5000000001514459,0.4284391380281944
G1,1,0.3,0.4,2,2.667,0.7,1.78289794921875,0.3809524095151312,0.5000000001517293,0.4284406920901753
G1,1,0.3,0.4,2,2.667,0.7,1.78623046875,0.3809524088433345,0.5000000001520126,0.4284422224560101
G1,1,0.3,0.4,2,2.667,0.7,1.78956298828125,0.3809524081898006,0.5000000001522963,0.4284437294859507
G1,1,0.3,0.4,2,2.667,0.7,1.7928955078125,0.3809524075540061,0.5000000001525796,0.4284452135347818
G1,1,0.3,0.4,2,2.667,0.7,1.79622802734375,0.3809524069354427,0.5000000001528632,0.428446674951925
G1,1,0.3,0.4,2,2.667,0.7,1.799560546875,0.3809524063336177,0.5000000001531473,0.4284481140815002
G1,1,0.3,0.4,2,2.667,0.7,1.80289306640625,0.3809524057480515,0.5000000001534309,0.4284495312624258
G1,1,0.3,0.4,2,2.667,0.7,1.8062255859375,0.3809524051782811,0.5000000001537143,0.4284509268284731
G1,1,0.3,0.4,2,2.667,0.7,1.80955810546875,0.3809524046238557,0.5000000001539984,0.4284523011083622
G1,1,0.3,0.4,2,2.667,0.7,1.812890625,0.3809524040843377,0.500000000154282,0.4284536544258323
G1,1,0.3,0.4,2,2.667,0.7,1.81622314453125,0.3809524035593019,0.5000000001545655,0.4284549870997157
G1,1,0.3,0.4,2,2.667,0.7,1.8195556640625,0.3809524030483374,0.5000000001548494,0.4284562994440156
G1,1,0.3,0.4,2,2.667,0.7,1.82288818359375,0.380952402551044,0.5000000001551331,0.428457591767971
G1,1,0.3,0.4,2,2.667,0.7,1.826220703125,0.3809524020670343,0.5000000001554176,0.4284588643761328
G1,1,0.3,0.4,2,2.667,0.7,1.82955322265625,0.3809524015959312,0.500000000155701,0.428460117568446
G1,1,0.3,0.4,2,2.667,0.7,1.8328857421875,0.3809524011373691,0.5000000001559852,0.4284613516402981
G1,1,0.3,0.4,2,2.667,0.7,1.83621826171875,0.3809524006909944,0.5000000001562701,0.4284625668826017
G1,1,0.3,0.4,2,2.667,0.7,1.83955078125,0.3809524002564615,0.5000000001565547,0.4284637635818609
G1,1,0.3,0.4,2,2.667,0.7,1.84288330078125,0.3809523998334352,0.5000000001568392,0.4284649420202366
G1,1,0.3,0.4,2,2.667,0.7,1.8462158203125,0.3809523994215918,0.5000000001571231,0.4284661024756115
G1,1,0.3,0.4,2,2.667,0.7,1.84954833984375,0.3809523990206159,0.5000000001574073,0.4284672452216479
G1,1,0.3,0.4,2,2.667,0.7,1.852880859375,0.3809523986302021,0.5000000001576911,0.4284683705278667
G1,1,0.3,0.4,2,2.667,0.7,1.85621337890625,0.3809523982500541,0.5000000001579751,0.4284694786596929
G1,1,0.3,0.4,2,2.667,0.7,1.8595458984375,0.3809523978798837,0.5000000001582589,0.4284705698785287
G1,1,0.3,0.4,2,2.667,0.7,1.86287841796875,0.3809523975194105,0.5000000001585432,0.4284716444418157
G1,1,0.3,0.4,2,2.667,0.7,1.8662109375,0.3809523971683635,0.5000000001588272,0.4284727026030833
G1,1,0.3,0.4,2,2.667,0.7,1.86954345703125,0.380952396826479,0.5000000001591108,0.4284737446120185
G1,1,0.3,0.4,2,2.667,0.7,1.8728759765625,0.380952396493501,0.5000000001593948,0.4284747707145203
G1,1,0.3,0.4,2,2.667,0.7,1.87620849609375,0.3809523961691809,0.5000000001596785,0.4284757811527589
G1,1,0.3,0.4,2,2.667,0.7,1.879541015625,0.3809523958532772,0.5000000001599618,0.4284767761652267
G1,1,0.3,0.4,2,2.667,0.7,1.88287353515625,0.3809523955455565,0.500000000160245,0.4284777559867963
G1,1,0.3,0.4,2,2.667,0.7,1.8862060546875,0.3809523952457914,0.5000000001605297,0.4284787208487788
G1,1,0.3,0.4,2,2.667,0.7,1.88953857421875,0.3809523949537608,0.5000000001608133,0.4284796709789709
G1,1,0.3,0.4,2,2.667,0.7,1.89287109375,0.38095239466925,0.5000000001610971,0.4284806066017157
G1,1,0.3,0.4,2,2.667,0.7,1.89620361328125,0.3809523943920515,0.500000000161381,0.4284815279379525
G1,1,0.3,0.4,2,2.667,0.7,1.8995361328125,0.3809523941219634,0.5000000001616655,0.4284824352052628
G1,1,0.3,0.4,2,2.667,0.7,1.90286865234375,0.3809523938587883,0.5000000001619491,0.4284833286179269
G1,1,0.3,0.4,2,2.667,0.7,1.906201171875,0.3809523936023358,0.5000000001622332,0.428484208386974
G1,1,0.3,0.4,2,2.667,0.7,1.90953369140625,0.3809523933524215,0.500000000162517,0.4284850747202266
G1,1,0.3,0.4,2,2.667,0.7,1.9128662109375,0.3809523931088659,0.500000000162801,0.4284859278223523
G1,1,0.3,0.4,2,2.667,0.7,1.91619873046875,0.380952392871493,0.5000000001630857,0.4284867678949126
G1,1,0.3,0.4,2,2.667,0.7,1.91953125,0.3809523926401339,0.5000000001633691,0.4284875951364061
G1,1,0.3,0.4,2,2.667,0.7,1.92286376953125,0.3809523924146251,0.5000000001636531,0.4284884097423153
G1,1,0.3,0.4,2,2.667,0.7,1.9261962890625,0.3809523921948054,0.5000000001639371,0.428489211905162
G1,1,0.3,0.4,2,2.667,0.7,1.92952880859375,0.3809523919805206,0.5000000001642217,0.4284900018145376
G1,1,0.3,0.4,2,2.667,0.7,1.932861328125,0.3809523917716184,0.5000000001645054,0.4284907796571533
G1,1,0.3,0.4,2,2.667,0.7,1.93619384765625,0.3809523915679538,0.50000000016479,0.4284915456168852
G1,1,0.3,0.4,2,2.667,0.7,1.9395263671875,0.3809523913693835,0.5000000001650733,0.4284922998748165
G1,1,0.3,0.4,2,2.667,0.7,1.94285888671875,0.3809523911757691,0.5000000001653573,0.4284930426092818
G1,1,0.3,0.4,2,2.667,0.7,1.94619140625,0.380952390986977,0.5000000001656407,0.4284937739959032
G1,1,0.3,0.4,2,2.667,0.7,1.94952392578125,0.3809523908028765,0.5000000001659241,0.4284944942076355
G1,1,0.3,0.4,2,2.667,0.7,1.9528564453125,0.380952390623342,0.500000000166208,0.428495203414805
G1,1,0.3,0.4,2,2.667,0.7,1.95618896484375,0.3809523904482486,0.500000000166492,0.4284959017851517
G1,1,0.3,0.4,2,2.667,0.7,1.959521484375,0.3809523902774786,0.5000000001667756,0.4284965894838643
G1,1,0.3,0.4,2,2.667,0.7,1.96285400390625,0.3809523901109149,0.50000000016706,0.4284972666736224
G1,1,0.3,0.4,2,2.667,0.7,1.9661865234375,0.3809523899484448,0.5000000001673442,0.4284979335146326
G1,1,0.3,0.4,2,2.667,0.7,1.96951904296875,0.3809523897899587,0.5000000001676284,0.4284985901646658
G1,1,0.3,0.4,2,2.667,0.7,1.9728515625,0.3809523896353506,0.5000000001679121,0.4284992367791018
G1,1,0.3,0.4,2,2.667,0.7,1.97618408203125,0.3809523894845158,0.5000000001681965,0.4284998735109469
G1,1,0.3,0.4,2,2.667,0.7,1.9795166015625,0.380952389337354,0.50000000016848,0.4285005005108891
G1,1,0.3,0.4,2,2.667,0.7,1.98284912109375,0.3809523891937681,0.5000000001687642,0.4285011179273218
G1,1,0.3,0.4,2,2.667,0.7,1.986181640625,0.3809523890536632,0.5000000001690483,0.4285017259063841
G1,1,0.3,0.4,2,2.667,0.7,1.98951416015625,0.3809523889169463,0.5000000001693317,0.4285023245919946
G1,1,0.3,0.4,2,2.667,0.7,1.9928466796875,0.3809523887835281,0.5000000001696155,0.4285029141258843
G1,1,0.3,0.4,2,2.667,0.7,1.99617919921875,0.3809523886533218,0.5000000001698992,0.4285034946476248
G1,1,0.3,0.4,2,2.667,0.7,1.99951171875,0.3809523885262418,0.500000000170183,0.428504066294668
G1,1,0.3,0.4,2,2.667,0.7,2.00284423828125,0.3809523884022066,0.5000000001704666,0.4285046292023753
G1,1,0.3,0.4,2,2.667,0.7,2.0061767578125,0.3809523882811368,0.5000000001707501,0.4285051835040492
G1,1,0.3,0.4,2,2.667,0.7,2.00950927734375,0.3809523881629535,0.5000000001710339,0.4285057293309608
G1,1,0.3,0.4,2,2.667,0.7,2.012841796875,0.3809523880475821,0.500000000171318,0.4285062668123923
G1,1,0.3,0.4,2,2.667,0.7,2.01617431640625,0.3809523879349475,0.5000000001716012,0.4285067960756547
G1,1,0.3,0.4,2,2.667,0.7,2.0195068359375,0.3809523878249807,0.5000000001718845,0.4285073172461222
G1,1,0.3,0.4,2,2.667,0.7,2.02283935546875,0.3809523877176106,0.5000000001721683,0.4285078304472618
G1,1,0.3,0.4,2,2.667,0.7,2.026171875,0.3809523876127703,0.5000000001724518,0.428508335800666
G1,1,0.3,0.4,2,2.667,0.7,2.02950439453125,0.3809523875103943,0.5000000001727353,0.4285088334260711
G1,1,0.3,0.4,2,2.667,0.7,2.0328369140625,0.3809523874104195,0.500000000173019,0.4285093234413965
G1,1,0.3,0.4,2,2.667,0.7,2.03616943359375,0.3809523873127825,0.5000000001733024,0.4285098059627667
G1,1,0.3,0.4,2,2.667,0.7,2.039501953125,0.3809523872174241,0.5000000001735864,0.4285102811045361
G1,1,0.3,0.4,2,2.667,0.7,2.04283447265625,0.380952387124285,0.5000000001738698,0.4285107489793192
G1,1,0.3,0.4,2,2.667,0.7,2.0461669921875,0.3809523870333089,0.5000000001741539,0.4285112096980198
G1,1,0.3,0.4,2,2.667,0.7,2.04949951171875,0.3809523869444406,0.5000000001744372,0.4285116633698531
G1,1,0.3,0.4,2,2.667,0.7,2.05283203125,0.3809523868576244,0.5000000001747206,0.4285121101023703
G1,1,0.3,0.4,2,2.667,0.7,2.05616455078125,0.3809523867728096,0.500000000175004,0.428512550001487
G1,1,0.3,0.4,2,2.667,0.7,2.0594970703125,0.3809523866899454,0.5000000001752879,0.4285129831715063
G1,1,0.3,0.4,2,2.667,0.7,2.06282958984375,0.3809523866089815,0.5000000001755716,0.4285134097151411
G1,1,0.3,0.4,2,2.667,0.7,2.066162109375,0.3809523865298708,0.5000000001758553,0.4285138297335444
G1,1,0.3,0.4,2,2.667,0.7,2.06949462890625,0.3809523864525649,0.5000000001761388,0.4285142433263293
G1,1,0.3,0.4,2,2.667,0.7,2.0728271484375,0.3809523863770188,0.500000000176422,0.4285146505915881
G1,1,0.3,0.4,2,2.667,0.7,2.07615966796875,0.3809523863031887,0.5000000001767055,0.4285150516259212
G1,1,0.3,0.4,2,2.667,0.7,2.0794921875,0.3809523862310313,0.5000000001769891,0.4285154465244607
G1,1,0.3,0.4,2,2.667,0.7,2.08282470703125,0.3809523861605044,0.500000000177273,0.428515835380889
G1,1,0.3,0.4,2,2.667,0.7,2.0861572265625,0.3809523860915668,0.500000000177556,0.4285162182874602
G1,1,0.3,0.4,2,2.667,0.7,2.08948974609375,0.3809523860241796,0.5000000001778394,0.4285165953350241
G1,1,0.3,0.4,2,2.667,0.7,2.092822265625,0.3809523859583041,0.5000000001781231,0.4285169666130473
G1,1,0.3,0.4,2,2.667,0.7,2.09615478515625,0.3809523858939022,0.5000000001784066,0.4285173322096357
G1,1,0.3,0.4,2,2.667,0.7,2.0994873046875,0.3809523858309384,0.5000000001786901,0.4285176922115462
G1,1,0.3,0.4,2,2.667,0.7,2.10281982421875,0.380952385769376,0.5000000001789737,0.428518046704224
G1,1,0.3,0.4,2,2.667,0.7,2.10615234375,0.3809523857091806,0.5000000001792573,0.4285183957718083
G1,1,0.3,0.4,2,2.667,0.7,2.10948486328125,0.3809523856503195,0.500000000179541,0.4285187394971542
G1,1,0.3,0.4,2,2.667,0.7,2.1128173828125,0.380952385592759,0.5000000001798246,0.4285190779618587
G1,1,0.3,0.4,2,2.667,0.7,2.11614990234375,0.3809523855364671,0.5000000001801085,0.4285194112462728
G1,1,0.3,0.4,2,2.667,0.7,2.119482421875,0.3809523854814127,0.5000000001803917,0.4285197394295221
G1,1,0.3,0.4,2,2.667,0.7,2.12281494140625,0.3809523854275665,0.5000000001806753,0.4285200625895307
G1,1,0.3,0.4,2,2.667,0.7,2.1261474609375,0.3809523853748986,0.5000000001809594,0.428520380803031
G1,1,0.3,0.4,2,2.667,0.7,2.12947998046875,0.3809523853233809,0.500000000181243,0.4285206941455908
G1,1,0.3,0.4,2,2.667,0.7,2.1328125,0.3809523852729841,0.5000000001815263,0.4285210026916236
G1,1,0.3,0.4,2,2.667,0.7,2.13614501953125,0.3809523852236815,0.5000000001818098,0.4285213065144093
G1,1,0.3,0.4,2,2.667,0.7,2.1394775390625,0.3809523851754481,0.5000000001820937,0.4285216056861142
G1,1,0.3,0.4,2,2.667,0.7,2.14281005859375,0.3809523851282567,0.5000000001823773,0.4285219002777953
G1,1,0.3,0.4,2,2.667,0.7,2.146142578125,0.3809523850820835,0.5000000001826607,0.4285221903594346
G1,1,0.3,0.4,2,2.667,0.7,2.14947509765625,0.3809523850369027,0.5000000001829441,0.4285224759999461
G1,1,0.3,0.4,2,2.667,0.7,2.1528076171875,0.3809523849926915,0.5000000001832279,0.4285227572671955
G1,1,0.3,0.4,2,2.667,0.7,2.15614013671875,0.3809523849494267,0.500000000183511,0.4285230342280072
G1,1,0.3,0.4,2,2.667,0.7,2.15947265625,0.3809523849070862,0.5000000001837948,0.4285233069481915
G1,1,0.3,0.4,2,2.667,0.7,2.16280517578125,0.3809523848656478,0.5000000001840781,0.428523575492555
G1,1,0.3,0.4,2,2.667,0.7,2.1661376953125,0.3809523848250899,0.5000000001843619,0.4285238399249172
G1,1,0.3,0.4,2,2.667,0.7,2.16947021484375,0.3809523847853916,0.5000000001846457,0.4285241003081242
G1,1,0.3,0.4,2,2.667,0.7,2.172802734375,0.3809523847465333,0.5000000001849293,0.4285243567040605
G1,1,0.3,0.4,2,2.667,0.7,2.17613525390625,0.3809523847084941,0.5000000001852125,0.4285246091736723
G1,1,0.3,0.4,2,2.667,0.7,2.1794677734375,0.3809523846712559,0.500000000185496,0.4285248577769745
G1,1,0.3,0.4,2,2.667,0.7,2.18280029296875,0.3809523846348002,0.5000000001857795,0.4285251025730623
G1,1,0.3,0.4,2,2.667,0.7,2.1861328125,0.3809523845991081,0.5000000001860631,0.4285253436201373
G1,1,0.3,0.4,2,2.667,0.7,2.18946533203125,0.3809523845641627,0.500000000186347,0.4285255809755065
G1,1,0.3,0.4,2,2.667,0.7,2.1927978515625,0.3809523845299456,0.5000000001866306,0.4285258146956059
G1,1,0.3,0.4,2,2.667,0.7,2.19613037109375,0.3809523844964404,0.5000000001869142,0.4285260448360135
G1,1,0.3,0.4,2,2.667,0.7,2.199462890625,0.3809523844636311,0.5000000001871974,0.4285262714514543
G1,1,0.3,0.4,2,2.667,0.7,2.20279541015625,0.380952384431501,0.5000000001874815,0.4285264945958214
G1,1,0.3,0.4,2,2.667,0.7,2.2061279296875,0.3809523844000355,0.5000000001877652,0.4285267143221873
G1,1,0.3,0.4,2,2.667,0.7,2.20946044921875,0.3809523843692184,0.5000000001880491,0.4285269306828102
G1,1,0.3,0.4,2,2.667,0.7,2.21279296875,0.3809523843390343,0.5000000001883328,0.4285271437291576
G1,1,0.3,0.4,2,2.667,0.7,2.21612548828125,0.3809523843094711,0.5000000001886163,0.4285273535119041
G1,1,0.3,0.4,2,2.667,0.7,2.2194580078125,0.3809523842805123,0.5000000001888997,0.4285275600809587
G1,1,0.3,0.4,2,2.667,0.7,2.22279052734375,0.3809523842521453,0.5000000001891832,0.4285277634854669
G1,1,0.3,0.4,2,2.667,0.7,2.226123046875,0.3809523842243571,0.5000000001894667,0.4285279637738197
G1,1,0.3,0.4,2,2.667,0.7,2.22945556640625,0.3809523841971336,0.5000000001897501,0.4285281609936724
G1,1,0.3,0.4,2,2.667,0.7,2.2327880859375,0.3809523841704636,0.5000000001900341,0.4285283551919554
G1,1,0.3,0.4,2,2.667,0.7,2.23612060546875,0.3809523841443339,0.5000000001903174,0.4285285464148822
G1,1,0.3,0.4,2,2.667,0.7,2.239453125,0.3809523841187314,0.5000000001906012,0.4285287347079577
G1,1,0.3,0.4,2,2.667,0.7,2.24278564453125,0.3809523840936458,0.5000000001908846,0.4285289201159948
G1,1,0.3,0.4,2,2.667,0.7,2.2461181640625,0.3809523840690651,0.5000000001911681,0.4285291026831216
G1,1,0.3,0.4,2,2.667,0.7,2.24945068359375,0.3809523840449782,0.5000000001914512,0.4285292824527965
G1,1,0.3,0.4,2,2.667,0.7,2.252783203125,0.3809523840213739,0.5000000001917346,0.4285294594678088
G1,1,0.3,0.4,2,2.667,0.7,2.25611572265625,0.3809523839982414,0.5000000001920181,0.428529633770297
G1,1,0.3,0.4,2,2.667,0.7,2.2594482421875,0.3809523839755716,0.5000000001923013,0.4285298054017578
G1,1,0.3,0.4,2,2.667,0.7,2.26278076171875,0.3809523839533526,0.5000000001925848,0.4285299744030523
G1,1,0.3,0.4,2,2.667,0.7,2.26611328125,0.3809523839315758,0.5000000001928685,0.42853014081442
G1,1,0.3,0.4,2,2.667,0.7,2.26944580078125,0.3809523839102312,0.5000000001931515,0.4285303046754846
G1,1,0.3,0.4,2,2.667,0.7,2.2727783203125,0.3809523838893087,0.5000000001934349,0.428530466025266
G1,1,0.3,0.4,2,2.667,0.7,2.27611083984375,0.3809523838688003,0.5000000001937183,0.4285306249021845
G1,1,0.3,0.4,2,2.667,0.7,2.279443359375,0.3809523838486965,0.500000000194002,0.428530781344078
G1,1,0.3,0.4,2,2.667,0.7,2.28277587890625,0.3809523838289879,0.500000000194285,0.4285309353882064
G1,1,0.3,0.4,2,2.667,0.7,2.2861083984375,0.3809523838096673,0.5000000001945685,0.4285310870712586
G1,1,0.3,0.4,2,2.667,0.7,2.28944091796875,0.3809523837907252,0.5000000001948514,0.428531236429369
G1,1,0.3,0.4,2,2.667,0.7,2.2927734375,0.3809523837721541,0.5000000001951349,0.4285313834981073
G1,1,0.3,0.4,2,2.667,0.7,2.29610595703125,0.3809523837539456,0.500000000195418,0.4285315283125113
G1,1,0.3,0.4,2,2.667,0.7,2.2994384765625,0.3809523837360929,0.5000000001957013,0.428531670907084
G1,1,0.3,0.4,2,2.667,0.7,2.30277099609375,0.3809523837185873,0.5000000001959847,0.4285318113157925
G1,1,0.3,0.4,2,2.667,0.7,2.306103515625,0.3809523837014221,0.5000000001962674,0.4285319495720945
G1,1,0.3,0.4,2,2.667,0.7,2.30943603515625,0.3809523836845896,0.5000000001965506,0.428532085708932
G1,1,0.3,0.4,2,2.667,0.7,2.3127685546875,0.3809523836680837,0.5000000001968335,0.4285322197587438
G1,1,0.3,0.4,2,2.667,0.7,2.31610107421875,0.3809523836518973,0.500000000197117,0.4285323517534749
G1,1,0.3,0.4,2,2.667,0.7,2.31943359375,0.3809523836360225,0.5000000001974,0.4285324817245818
G1,1,0.3,0.4,2,2.667,0.7,2.32276611328125,0.3809523836204534,0.5000000001976828,0.4285326097030396
G1,1,0.3,0.4,2,2.667,0.7,2.3260986328125,0.3809523836051845,0.5000000001979658,0.4285327357193516
G1,1,0.3,0.4,2,2.667,0.7,2.32943115234375,0.3809523835902094,0.5000000001982486,0.4285328598035525
G1,1,0.3,0.4,2,2.667,0.7,2.332763671875,0.3809523835755208,0.5000000001985312,0.4285329819852211
G1,1,0.3,0.4,2,2.667,0.7,2.33609619140625,0.380952383561114,0.5000000001988147,0.4285331022934805
G1,1,0.3,0.4,2,2.667,0.7,2.3394287109375,0.3809523835469831,0.500000000199098,0.4285332207570156
G1,1,0.3,0.4,2,2.667,0.7,2.34276123046875,0.3809523835331214,0.500000000199381,0.4285333374040692
G1,1,0.3,0.4,2,2.667,0.7,2.34609375,0.3809523835195241,0.500000000199664,0.4285334522624457
G1,1,0.3,0.4,2,2.667,0.7,2.34942626953125,0.3809523835061865,0.5000000001999476,0.4285335653595348
G1,1,0.3,0.4,2,2.667,0.7,2.3527587890625,0.3809523834931015,0.5000000002002306,0.4285336767223032
G1,1,0.3,0.4,2,2.667,0.7,2.35609130859375,0.3809523834802648,0.5000000002005136,0.428533786377307
G1,1,0.3,0.4,2,2.667,0.7,2.359423828125,0.3809523834676718,0.5000000002007964,0.4285338943506948
G1,1,0.3,0.4,2,2.667,0.7,2.36275634765625,0.3809523834553166,0.5000000002010787,0.4285340006682171
G1,1,0.3,0.4,2,2.667,0.7,2.3660888671875,0.3809523834431956,0.5000000002013626,0.428534105355227
G1,1,0.3,0.4,2,2.667,0.7,2.36942138671875,0.3809523834313033,0.5000000002016456,0.428534208436697
G1,1,0.3,0.4,2,2.667,0.7,2.37275390625,0.3809523834196357,0.5000000002019285,0.4285343099372132
G1,1,0.3,0.4,2,2.667,0.7,2.37608642578125,0.3809523834081872,0.500000000202212,0.4285344098809866
G1,1,0.3,0.4,2,2.667,0.7,2.3794189453125,0.3809523833969541,0.500000000202495,0.4285345082918571
G1,1,0.3,0.4,2,2.667,0.7,2.38275146484375,0.3809523833859325,0.5000000002027779,0.4285346051933024
G1,1,0.3,0.4,2,2.667,0.7,2.386083984375,0.3809523833751173,0.5000000002030606,0.4285347006084392
G1,1,0.3,0.4,2,2.667,0.7,2.38941650390625,0.3809523833645048,0.5000000002033435,0.4285347945600337
G1,1,0.3,0.4,2,2.667,0.7,2.3927490234375,0.3809523833540909,0.5000000002036271,0.4285348870705004
G1,1,0.3,0.4,2,2.667,0.7,2.39608154296875,0.3809523833438726,0.5000000002039096,0.4285349781619119
G1,1,0.3,0.4,2,2.667,0.7,2.3994140625,0.3809523833338446,0.500000000204193,0.4285350678560078
G1,1,0.3,0.4,2,2.667,0.7,2.40274658203125,0.3809523833240036,0.5000000002044755,0.4285351561741888
G1,1,0.3,0.4,2,2.667,0.7,2.4060791015625,0.3809523833143465,0.5000000002047589,0.4285352431375331
G1,1,0.3,0.4,2,2.667,0.7,2.40941162109375,0.3809523833048695,0.5000000002050417,0.4285353287667928
G1,1,0.3,0.4,2,2.667,0.7,2.412744140625,0.3809523832955684,0.5000000002053252,0.4285354130824072
G1,1,0.3,0.4,2,2.667,0.7,2.41607666015625,0.3809523832864405,0.5000000002056083,0.4285354961044972
G1,1,0.3,0.4,2,2.667,0.7,2.4194091796875,0.3809523832774824,0.500000000205892,0.4285355778528846
G1,1,0.3,0.4,2,2.667,0.7,2.42274169921875,0.3809523832686903,0.5000000002061746,0.4285356583470771
G1,1,0.3,0.4,2,2.667,0.7,2.42607421875,0.3809523832600614,0.5000000002064582,0.4285357376062943
G1,1,0.3,0.4,2,2.667,0.7,2.42940673828125,0.380952383251592,0.5000000002067411,0.4285358156494563
G1,1,0.3,0.4,2,2.667,0.7,2.4327392578125,0.38095238324328,0.5000000002070243,0.4285358924951941
G1,1,0.3,0.4,2,2.667,0.7,2.43607177734375,0.3809523832351216,0.5000000002073077,0.4285359681618556
G1,1,0.3,0.4,2,2.667,0.7,2.439404296875,0.3809523832271146,0.5000000002075908,0.4285360426675063
G1,1,0.3,0.4,2,2.667,0.7,2.44273681640625,0.3809523832192553,0.5000000002078742,0.4285361160299345
G1,1,0.3,0.4,2,2.667,0.7,2.4460693359375,0.3809523832115407,0.5000000002081573,0.4285361882666602
G1,1,0.3,0.4,2,2.667,0.7,2.44940185546875,0.3809523832039685,0.50000000020844,0.4285362593949344
G1,1,0.3,0.4,2,2.667,0.7,2.452734375,0.3809523831965358,0.500000000208723,0.4285363294317402
G1,1,0.3,0.4,2,2.667,0.7,2.45606689453125,0.3809523831892406,0.5000000002090059,0.4285363983938045
G1,1,0.3,0.4,2,2.667,0.7,2.4593994140625,0.3809523831820798,0.5000000002092896,0.4285364662975978
G1,1,0.3,0.4,2,2.667,0.7,2.46273193359375,0.3809523831750506,0.5000000002095732,0.4285365331593368
G1,1,0.3,0.4,2,2.667,0.7,2.466064453125,0.3809523831681504,0.500000000209856,0.4285365989949921
G1,1,0.3,0.4,2,2.667,0.7,2.46939697265625,0.3809523831613772,0.5000000002101384,0.428536663820292
G1,1,0.3,0.4,2,2.667,0.7,2.4727294921875,0.3809523831547282,0.5000000002104212,0.4285367276507192
G1,1,0.3,0.4,2,2.667,0.7,2.47606201171875,0.3809523831482023,0.5000000002107043,0.4285367905015226
G1,1,0.3,0.4,2,2.667,0.7,2.47939453125,0.3809523831417965,0.5000000002109874,0.4285368523877153
G1,1,0.3,0.4,2,2.667,0.7,2.48272705078125,0.3809523831355075,0.5000000002112698,0.4285369133240859
G1,1,0.3,0.4,2,2.667,0.7,2.4860595703125,0.380952383129334,0.5000000002115529,0.4285369733251901
G1,1,0.3,0.4,2,2.667,0.7,2.48939208984375,0.3809523831232743,0.500000000211836,0.4285370324053653
G1,1,0.3,0.4,2,2.667,0.7,2.492724609375,0.3809523831173257,0.5000000002121188,0.4285370905787282
G1,1,0.3,0.4,2,2.667,0.7,2.49605712890625,0.3809523831114869,0.5000000002124017,0.4285371478591777
G1,1,0.3,0.4,2,2.667,0.7,2.4993896484375,0.3809523831057546,0.5000000002126841,0.428537204260403
G1,1,0.3,0.4,2,2.667,0.7,2.50272216796875,0.3809523831001282,0.5000000002129675,0.4285372597958837
G1,1,0.3,0.4,2,2.667,0.7,2.5060546875,0.3809523830946044,0.5000000002132502,0.4285373144788896
G1,1,0.3,0.4,2,2.667,0.7,2.50938720703125,0.3809523830891824,0.5000000002135332,0.4285373683224913
G1,1,0.3,0.4,2,2.667,0.7,2.5127197265625,0.3809523830838604,0.5000000002138163,0.428537421339557
G1,1,0.3,0.4,2,2.667,0.7,2.51605224609375,0.3809523830786357,0.5000000002140994,0.4285374735427574
G1,1,0.3,0.4,2,2.667,0.7,2.519384765625,0.3809523830735067,0.5000000002143823,0.4285375249445718
G1,1,0.3,0.4,2,2.667,0.7,2.52271728515625,0.3809523830684727,0.500000000214665,0.4285375755572869
G1,1,0.3,0.4,2,2.667,0.7,2.5260498046875,0.3809523830635308,0.5000000002149485,0.4285376253929993
G1,1,0.3,0.4,2,2.667,0.7,2.52938232421875,0.3809523830586801,0.5000000002152314,0.4285376744636287
G1,1,0.3,0.4,2,2.667,0.7,2.53271484375,0.3809523830539177,0.5000000002155141,0.4285377227809017
G1,1,0.3,0.4,2,2.667,0.7,2.53604736328125,0.3809523830492432,0.5000000002157969,0.4285377703563717
G1,1,0.3,0.4,2,2.667,0.7,2.5393798828125,0.3809523830446546,0.5000000002160804,0.4285378172014115
G1,1,0.3,0.4,2,2.667,0.7,2.54271240234375,0.3809523830401504,0.5000000002163628,0.4285378633272236
G1,1,0.3,0.4,2,2.667,0.7,2.546044921875,0.3809523830357294,0.5000000002166453,0.428537908744836
G1,1,0.3,0.4,2,2.667,0.7,2.54937744140625,0.3809523830313893,0.5000000002169288,0.4285379534651094
G1,1,0.3,0.4,2,2.667,0.7,2.5527099609375,0.3809523830271297,0.5000000002172115,0.428537997498738
G1,1,0.3,0.4,2,2.667,0.7,2.55604248046875,0.3809523830229485,0.500000000217494,0.4285380408562515
G1,1,0.3,0.4,2,2.667,0.7,2.559375,0.3809523830188446,0.5000000002177774,0.4285380835480205
G1,1,0.3,0.4,2,2.667,0.7,2.56270751953125,0.3809523830148167,0.50000000021806,0.4285381255842527
G1,1,0.3,0.4,2,2.667,0.7,2.5660400390625,0.3809523830108624,0.500000000218343,0.4285381669750034
G1,1,0.3,0.4,2,2.667,0.7,2.56937255859375,0.3809523830069817,0.5000000002186258,0.4285382077301718
G1,1,0.3,0.4,2,2.667,0.7,2.572705078125,0.3809523830031731,0.500000000218909,0.4285382478595063
G1,1,0.3,0.4,2,2.667,0.7,2.57603759765625,0.3809523829994346,0.5000000002191921,0.4285382873726056
G1,1,0.3,0.4,2,2.667,0.7,2.5793701171875,0.3809523829957653,0.5000000002194748,0.428538326278925
G1,1,0.3,0.4,2,2.667,0.7,2.58270263671875,0.380952382992164,0.5000000002197572,0.4285383645877663
G1,1,0.3,0.4,2,2.667,0.7,2.58603515625,0.3809523829886294,0.5000000002200398,0.4285384023082979
G1,1,0.3,0.4,2,2.667,0.7,2.58936767578125,0.3809523829851606,0.5000000002203226,0.4285384394495406
G1,1,0.3,0.4,2,2.667,0.7,2.5927001953125,0.380952382981757,0.5000000002206055,0.4285384760203844
G1,1,0.3,0.4,2,2.667,0.7,2.59603271484375,0.3809523829784171,0.5000000002208888,0.4285385120295773
G1,1,0.3,0.4,2,2.667,0.7,2.599365234375,0.3809523829751384,0.5000000002211716,0.4285385474857348
G1,1,0.3,0.4,2,2.667,0.7,2.60269775390625,0.3809523829719212,0.5000000002214546,0.4285385823973406
G1,1,0.3,0.4,2,2.667,0.7,2.6060302734375,0.3809523829687648,0.5000000002217374,0.4285386167727501
G1,1,0.3,0.4,2,2.667,0.7,2.60936279296875,0.380952382965667,0.5000000002220202,0.4285386506201889
G1,1,0.3,0.4,2,2.667,0.7,2.6126953125,0.3809523829626276,0.5000000002223031,0.4285386839477615
G1,1,0.3,0.4,2,2.667,0.7,2.61602783203125,0.380952382959645,0.5000000002225862,0.4285387167634337
G1,1,0.3,0.4,2,2.667,0.7,2.6193603515625,0.3809523829567192,0.5000000002228695,0.4285387490750639
G1,1,0.3,0.4,2,2.667,0.7,2.62269287109375,0.3809523829538475,0.5000000002231518,0.4285387808903858
G1,1,0.3,0.4,2,2.667,0.7,2.626025390625,0.3809523829510308,0.5000000002234352,0.4285388122170151
G1,1,0.3,0.4,2,2.667,0.7,2.62935791015625,0.3809523829482667,0.5000000002237179,0.4285388430624479
G1,1,0.3,0.4,2,2.667,0.7,2.6326904296875,0.3809523829455546,0.5000000002240003,0.4285388734340695
G1,1,0.3,0.4,2,2.667,0.7,2.63602294921875,0.3809523829428949,0.5000000002242836,0.4285389033391495
G1,1,0.3,0.4,2,2.667,0.7,2.63935546875,0.3809523829402854,0.500000000224567,0.4285389327848457
G1,1,0.3,0.4,2,2.667,0.7,2.64268798828125,0.3809523829377257,0.500000000224849,0.4285389617782082
G1,1,0.3,0.4,2,2.667,0.7,2.6460205078125,0.3809523829352146,0.5000000002251324,0.4285389903261788
G1,1,0.3,0.4,2,2.667,0.7,2.64935302734375,0.3809523829327515,0.5000000002254158,0.4285390184355902
G1,1,0.3,0.4,2,2.667,0.7,2.652685546875,0.3809523829303352,0.5000000002256979,0.4285390461131739
G1,1,0.3,0.4,2,2.667,0.7,2.65601806640625,0.3809523829279661,0.5000000002259812,0.4285390733655556
G1,1,0.3,0.4,2,2.667,0.7,2.6593505859375,0.380952382925642,0.5000000002262642,0.4285391001992617
G1,1,0.3,0.4,2,2.667,0.7,2.66268310546875,0.3809523829233625,0.5000000002265469,0.4285391266207184
G1,1,0.3,0.4,2,2.667,0.7,2.666015625,0.3809523829211276,0.5000000002268301,0.4285391526362485
G1,1,0.3,0.4,2,2.667,0.7,2.66934814453125,0.3809523829189361,0.5000000002271137,0.428539178252085
G1,1,0.3,0.4,2,2.667,0.7,2.6726806640625,0.3809523829167869,0.5000000002273958,0.4285392034743616
G1,1,0.3,0.4,2,2.667,0.7,2.67601318359375,0.3809523829146793,0.5000000002276791,0.4285392283091209
G1,1,0.3,0.4,2,2.667,0.7,2.679345703125,0.3809523829126129,0.5000000002279616,0.4285392527623052
G1,1,0.3,0.4,2,2.667,0.7,2.68267822265625,0.3809523829105876,0.5000000002282452,0.4285392768397738
G1,1,0.3,0.4,2,2.667,0.7,2.6860107421875,0.3809523829086006,0.500000000228528,0.4285393005472929
G1,1,0.3,0.4,2,2.667,0.7,2.68934326171875,0.3809523829066538,0.5000000002288107,0.4285393238905422
G1,1,0.3,0.4,2,2.667,0.7,2.69267578125,0.3809523829047449,0.5000000002290934,0.4285393468751127
G1,1,0.3,0.4,2,2.667,0.7,2.69600830078125,0.3809523829028745,0.5000000002293766,0.4285393695065092
G1,1,0.3,0.4,2,2.667,0.7,2.6993408203125,0.380952382901041,0.5000000002296598,0.4285393917901547
G1,1,0.3,0.4,2,2.667,0.7,2.70267333984375,0.3809523828992438,0.5000000002299432,0.4285394137313839
G1,1,0.3,0.4,2,2.667,0.7,2.706005859375,0.3809523828974825,0.5000000002302259,0.4285394353354551
G1,1,0.3,0.4,2,2.667,0.7,2.70933837890625,0.3809523828957566,0.5000000002305086,0.4285394566075462
G1,1,0.3,0.4,2,2.667,0.7,2.7126708984375,0.3809523828940656,0.5000000002307918,0.4285394775527499
G1,1,0.3,0.4,2,2.667,0.7,2.71600341796875,0.380952382892408,0.5000000002310747,0.4285394981760841
G1,1,0.3,0.4,2,2.667,0.7,2.7193359375,0.3809523828907843,0.5000000002313575,0.4285395184824945
G1,1,0.3,0.4,2,2.667,0.7,2.72266845703125,0.3809523828891935,0.5000000002316406,0.4285395384768417
G1,1,0.3,0.4,2,2.667,0.7,2.7260009765625,0.3809523828876354,0.5000000002319238,0.4285395581639206
G1,1,0.3,0.4,2,2.667,0.7,2.72933349609375,0.3809523828861091,0.5000000002322061,0.4285395775484467
G1,1,0.3,0.4,2,2.667,0.7,2.732666015625,0.3809523828846135,0.500000000232489,0.4285395966350654
G1,1,0.3,0.4,2,2.667,0.7,2.73599853515625,0.3809523828831498,0.5000000002327718,0.4285396154283495
G1,1,0.3,0.4,2,2.667,0.7,2.7393310546875,0.3809523828817161,0.5000000002330548,0.4285396339328031
G1,1,0.3,0.4,2,2.667,0.7,2.74266357421875,0.3809523828803125,0.5000000002333375,0.4285396521528613
G1,1,0.3,0.4,2,2.667,0.7,2.74599609375,0.3809523828789383,0.5000000002336205,0.4285396700928916
G1,1,0.3,0.4,2,2.667,0.7,2.74932861328125,0.3809523828775938,0.5000000002339041,0.4285396877571914
G1,1,0.3,0.4,2,2.667,0.7,2.7526611328125,0.3809523828762766,0.500000000234187,0.4285397051499956
G1,1,0.3,0.4,2,2.667,0.7,2.75599365234375,0.3809523828749872,0.5000000002344699,0.4285397222754734
G1,1,0.3,0.4,2,2.667,0.7,2.759326171875,0.3809523828737255,0.5000000002347531,0.4285397391377306
G1,1,0.3,0.4,2,2.667,0.7,2.76265869140625,0.3809523828724908,0.5000000002350358,0.4285397557408044
G1,1,0.3,0.4,2,2.667,0.7,2.7659912109375,0.3809523828712829,0.5000000002353193,0.4285397720886817
G1,1,0.3,0.4,2,2.667,0.7,2.76932373046875,0.3809523828701014,0.5000000002356021,0.4285397881852779
G1,1,0.3,0.4,2,2.667,0.7,2.77265625,0.380952382868945,0.5000000002358852,0.4285398040344497
G1,1,0.3,0.4,2,2.667,0.7,2.77598876953125,0.3809523828678138,0.5000000002361676,0.4285398196400019
G1,1,0.3,0.4,2,2.667,0.7,2.7793212890625,0.3809523828667072,0.5000000002364505,0.4285398350056713
G1,1,0.3,0.4,2,2.667,0.7,2.78265380859375,0.380952382865626,0.5000000002367337,0.428539850135143
G1,1,0.3,0.4,2,2.667,0.7,2.785986328125,0.380952382864568,0.5000000002370157,0.4285398650320462
G1,1,0.3,0.4,2,2.667,0.7,2.78931884765625,0.3809523828635339,0.5000000002372994,0.4285398796999504
G1,1,0.3,0.4,2,2.667,0.7,2.7926513671875,0.3809523828625237,0.5000000002375822,0.4285398941423738
G1,1,0.3,0.4,2,2.667,0.7,2.79598388671875,0.3809523828615362,0.5000000002378653,0.4285399083627778
G1,1,0.3,0.4,2,2.667,0.7,2.79931640625,0.3809523828605716,0.5000000002381484,0.428539922364574
G1,1,0.3,0.4,2,2.667,0.7,2.80264892578125,0.3809523828596285,0.5000000002384315,0.4285399361511184
G1,1,0.3,0.4,2,2.667,0.7,2.8059814453125,0.380952382858708,0.5000000002387147,0.4285399497257185
G1,1,0.3,0.4,2,2.667,0.7,2.80931396484375,0.3809523828578085,0.5000000002389978,0.4285399630916308
G1,1,0.3,0.4,2,2.667,0.7,2.812646484375,0.3809523828569301,0.5000000002392807,0.4285399762520579
G1,1,0.3,0.4,2,2.667,0.7,2.81597900390625,0.3809523828560722,0.5000000002395641,0.4285399892101572
G1,1,0.3,0.4,2,2.667,0.7,2.8193115234375,0.380952382855235,0.5000000002398466,0.4285400019690368
G1,1,0.3,0.4,2,2.667,0.7,2.82264404296875,0.3809523828544186,0.5000000002401306,0.4285400145317556
G1,1,0.3,0.4,2,2.667,0.7,2.8259765625,0.3809523828536212,0.5000000002404136,0.4285400269013282
G1,1,0.3,0.4,2,2.667,0.7,2.82930908203125,0.3809523828528434,0.5000000002406965,0.4285400390807202
G1,1,0.3,0.4,2,2.667,0.7,2.8326416015625,0.3809523828520844,0.50000000024098,0.4285400510728555
G1,1,0.3,0.4,2,2.667,0.7,2.83597412109375,0.3809523828513448,0.5000000002412631,0.4285400628806094
G1,1,0.3,0.4,2,2.667,0.7,2.839306640625,0.3809523828506233,0.5000000002415462,0.4285400745068136
G1,1,0.3,0.4,2,2.667,0.7,2.84263916015625,0.3809523828499199,0.500000000241829,0.4285400859542575
G1,1,0.3,0.4,2,2.667,0.7,2.8459716796875,0.3809523828492341,0.5000000002421128,0.4285400972256873
G1,1,0.3,0.4,2,2.667,0.7,2.84930419921875,0.3809523828485666,0.5000000002423953,0.4285401083238042
G1,1,0.3,0.4,2,2.667,0.7,2.85263671875,0.3809523828479168,0.5000000002426788,0.4285401192512754
G1,1,0.3,0.4,2,2.667,0.7,2.85596923828125,0.3809523828472839,0.5000000002429617,0.4285401300107211
G1,1,0.3,0.4,2,2.667,0.7,2.8593017578125,0.3809523828466672,0.5000000002432453,0.4285401406047242
G1,1,0.3,0.4,2,2.667,0.7,2.86263427734375,0.3809523828460673,0.5000000002435281,0.4285401510358214
G1,1,0.3,0.4,2,2.667,0.7,2.865966796875,0.3809523828454837,0.5000000002438113,0.4285401613065213
G1,1,0.3,0.4,2,2.667,0.7,2.86929931640625,0.380952382844916,0.5000000002440947,0.4285401714192841
G1,1,0.3,0.4,2,2.667,0.7,2.8726318359375,0.3809523828443638,0.5000000002443776,0.4285401813765362
G1,1,0.3,0.4,2,2.667,0.7,2.87596435546875,0.3809523828438277,0.5000000002446608,0.428540191180673
G1,1,0.3,0.4,2,2.667,0.7,2.879296875,0.3809523828433065,0.5000000002449443,0.4285402008340407
G1,1,0.3,0.4,2,2.667,0.7,2.88262939453125,0.3809523828428005,0.5000000002452272,0.428540210338958
G1,1,0.3,0.4,2,2.667,0.7,2.8859619140625,0.3809523828423092,0.5000000002455104,0.4285402196977073
G1,1,0.3,0.4,2,2.667,0.7,2.88929443359375,0.3809523828418322,0.5000000002457937,0.4285402289125321
G1,1,0.3,0.4,2,2.667,0.7,2.892626953125,0.3809523828413696,0.5000000002460768,0.4285402379856442
G1,1,0.3,0.4,2,2.667,0.7,2.89595947265625,0.3809523828409218,0.5000000002463602,0.4285402469192238
G1,1,0.3,0.4,2,2.667,0.7,2.8992919921875,0.3809523828404873,0.5000000002466436,0.4285402557154121
G1,1,0.3,0.4,2,2.667,0.7,2.90262451171875,0.3809523828400664,0.5000000002469267,0.4285402643763214
G1,1,0.3,0.4,2,2.667,0.7,2.90595703125,0.3809523828396589,0.5000000002472104,0.4285402729040316
G1,1,0.3,0.4,2,2.667,0.7,2.90928955078125,0.3809523828392641,0.500000000247493,0.4285402813005862
G1,1,0.3,0.4,2,2.667,0.7,2.9126220703125,0.3809523828388826,0.5000000002477767,0.4285402895680016
G1,1,0.3,0.4,2,2.667,0.7,2.91595458984375,0.3809523828385138,0.5000000002480596,0.4285402977082667
G1,1,0.3,0.4,2,2.667,0.7,2.919287109375,0.3809523828381576,0.5000000002483425,0.4285403057233335
G1,1,0.3,0.4,2,2.667,0.7,2.92261962890625,0.3809523828378141,0.5000000002486263,0.4285403136151245
G1,1,0.3,0.4,2,2.667,0.7,2.9259521484375,0.3809523828374823,0.5000000002489096,0.4285403213855349
G1,1,0.3,0.4,2,2.667,0.7,2.92928466796875,0.3809523828371632,0.5000000002491928,0.4285403290364306
G1,1,0.3,0.4,2,2.667,0.7,2.9326171875,0.3809523828368548,0.5000000002494756,0.4285403365696467
G1,1,0.3,0.4,2,2.667,0.7,2.93594970703125,0.3809523828365589,0.5000000002497593,0.428540343986995
G1,1,0.3,0.4,2,2.667,0.7,2.9392822265625,0.3809523828362741,0.5000000002500424,0.4285403512902509
G1,1,0.3,0.4,2,2.667,0.7,2.94261474609375,0.380952382836,0.5000000002503258,0.4285403584811743
G1,1,0.3,0.4,2,2.667,0.7,2.945947265625,0.3809523828357369,0.5000000002506085,0.4285403655614884
G1,1,0.3,0.4,2,2.667,0.7,2.94927978515625,0.3809523828354853,0.5000000002508916,0.4285403725328922
G1,1,0.3,0.4,2,2.667,0.7,2.9526123046875,0.3809523828352446,0.500000000251175,0.4285403793970634
G1,1,0.3,0.4,2,2.667,0.7,2.95594482421875,0.3809523828350135,0.500000000251458,0.4285403861556457
G1,1,0.3,0.4,2,2.667,0.7,2.95927734375,0.3809523828347939,0.5000000002517418,0.4285403928102694
G1,1,0.3,0.4,2,2.667,0.7,2.96260986328125,0.3809523828345833,0.5000000002520245,0.4285403993625221
G1,1,0.3,0.4,2,2.667,0.7,2.9659423828125,0.380952382834383,0.500000000252307,0.4285404058139836
G1,1,0.3,0.4,2,2.667,0.7,2.96927490234375,0.3809523828341927,0.5000000002525906,0.4285404121662001
G1,1,0.3,0.4,2,2.667,0.7,2.972607421875,0.3809523828340127,0.5000000002528738,0.428540418420703
G1,1,0.3,0.4,2,2.667,0.7,2.97593994140625,0.3809523828338425,0.5000000002531578,0.4285404245789886
G1,1,0.3,0.4,2,2.667,0.7,2.9792724609375,0.3809523828336811,0.5000000002534412,0.4285404306425367
G1,1,0.3,0.4,2,2.667,0.7,2.98260498046875,0.3809523828335291,0.5000000002537239,0.4285404366128062
G1,1,0.3,0.4,2,2.667,0.7,2.9859375,0.3809523828333861,0.5000000002540077,0.428540442491227
G1,1,0.3,0.4,2,2.667,0.7,2.98927001953125,0.3809523828332524,0.500000000254291,0.4285404482792181
G1,1,0.3,0.4,2,2.667,0.7,2.9926025390625,0.3809523828331274,0.5000000002545738,0.4285404539781623
G1,1,0.3,0.4,2,2.667,0.7,2.99593505859375,0.3809523828330107,0.5000000002548569,0.4285404595894315
G1,1,0.3,0.4,2,2.667,0.7,2.999267578125,0.3809523828329031,0.5000000002551401,0.4285404651143722
G1,1,0.3,0.4,2,2.667,0.7,3.00260009765625,0.3809523828328036,0.5000000002554239,0.4285404705543145
G1,1,0.3,0.4,2,2.667,0.7,3.0059326171875,0.3809523828327128,0.500000000255707,0.4285404759105633
G1,1,0.3,0.4,2,2.667,0.7,3.00926513671875,0.3809523828326296,0.50000000025599,0.4285404811844049
G1,1,0.3,0.4,2,2.667,0.7,3.01259765625,0.380952382832555,0.5000000002562742,0.4285404863771085
G1,1,0.3,0.4,2,2.667,0.7,3.01593017578125,0.3809523828324886,0.5000000002565576,0.4285404914899178
G1,1,0.3,0.4,2,2.667,0.7,3.0192626953125,0.3809523828324291,0.5000000002568405,0.4285404965240645
G1,1,0.3,0.4,2,2.667,0.7,3.02259521484375,0.3809523828323777,0.5000000002571244,0.4285405014807531
G1,1,0.3,0.4,2,2.667,0.7,3.025927734375,0.3809523828323336,0.5000000002574072,0.4285405063611831
G1,1,0.3,0.4,2,2.667,0.7,3.02926025390625,0.3809523828322976,0.500000000257691,0.4285405111665183
G1,1,0.3,0.4,2,2.667,0.7,3.0325927734375,0.3809523828322681,0.5000000002579743,0.4285405158979207
G1,1,0.3,0.4,2,2.667,0.7,3.03592529296875,0.3809523828322465,0.5000000002582581,0.42854052055652
G1,1,0.3,0.4,2,2.667,0.7,3.0392578125,0.3809523828322316,0.5000000002585414,0.4285405251434378
G1,1,0.3,0.4,2,2.667,0.7,3.04259033203125,0.380952382832224,0.500000000258825,0.4285405296597822
G1,1,0.3,0.4,2,2.667,0.7,3.0459228515625,0.380952382832223,0.5000000002591081,0.4285405341066285
G1,1,0.3,0.4,2,2.667,0.7,3.04925537109375,0.3809523828322283,0.5000000002593914,0.4285405384850546
G1,1,0.3,0.4,2,2.667,0.7,3.052587890625,0.3809523828322407,0.5000000002596749,0.4285405427961043
G1,1,0.3,0.4,2,2.667,0.7,3.05592041015625,0.38095238283226,0.5000000002599586,0.4285405470408217
G1,1,0.3,0.4,2,2.667,0.7,3.0592529296875,0.3809523828322849,0.5000000002602419,0.4285405512202208
G1,1,0.3,0.4,2,2.667,0.7,3.06258544921875,0.3809523828323169,0.5000000002605256,0.4285405553353081
G1,1,0.3,0.4,2,2.667,0.7,3.06591796875,0.3809523828323542,0.5000000002608087,0.4285405593870696
G1,1,0.3,0.4,2,2.667,0.7,3.06925048828125,0.3809523828323984,0.5000000002610924,0.428540563376488
G1,1,0.3,0.4,2,2.667,0.7,3.0725830078125,0.3809523828324488,0.500000000261376,0.4285405673045088
G1,1,0.3,0.4,2,2.667,0.7,3.07591552734375,0.3809523828325037,0.5000000002616587,0.4285405711720906
G1,1,0.3,0.4,2,2.667,0.7,3.079248046875,0.3809523828325661,0.5000000002619426,0.4285405749801526
G1,1,0.3,0.4,2,2.667,0.7,3.08258056640625,0.3809523828326354,0.5000000002622274,0.4285405787296073
G1,1,0.3,0.4,2,2.667,0.7,3.0859130859375,0.3809523828327095,0.5000000002625111,0.4285405824213704
G1,1,0.3,0.4,2,2.667,0.7,3.08924560546875,0.3809523828327895,0.5000000002627953,0.428540586056317
G1,1,0.3,0.4,2,2.667,0.7,3.092578125,0.3809523828328747,0.5000000002630796,0.4285405896353211
G1,1,0.3,0.4,2,2.667,0.7,3.09591064453125,0.3809523828329645,0.5000000002633628,0.4285405931592528
G1,1,0.3,0.4,2,2.667,0.7,3.0992431640625,0.3809523828330602,0.5000000002636464,0.4285405966289506
G1,1,0.3,0.4,2,2.667,0.7,3.10257568359375,0.3809523828331606,0.5000000002639302,0.4285406000452485
G1,1,0.3,0.4,2,2.667,0.7,3.105908203125,0.3809523828332666,0.500000000264214,0.4285406034089727
G1,1,0.3,0.4,2,2.667,0.7,3.10924072265625,0.3809523828333774,0.5000000002644979,0.428540606720924
G1,1,0.3,0.4,2,2.667,0.7,3.1125732421875,0.3809523828334938,0.5000000002647814,0.4285406099819064
G1,1,0.3,0.4,2,2.667,0.7,3.11590576171875,0.3809523828336144,0.5000000002650649,0.4285406131927031
G1,1,0.3,0.4,2,2.667,0.7,3.11923828125,0.38095238283374,0.5000000002653491,0.4285406163540801
G1,1,0.3,0.4,2,2.667,0.7,3.12257080078125,0.3809523828338707,0.5000000002656327,0.428540619466803
G1,1,0.3,0.4,2,2.667,0.7,3.1259033203125,0.3809523828340056,0.5000000002659162,0.42854062253162
G1,1,0.3,0.4,2,2.667,0.7,3.12923583984375,0.3809523828341454,0.5000000002662,0.4285406255492641
G1,1,0.3,0.4,2,2.667,0.7,3.132568359375,0.3809523828342898,0.5000000002664836,0.4285406285204671
G1,1,0.3,0.4,2,2.667,0.7,3.13590087890625,0.3809523828344385,0.5000000002667675,0.4285406314459396
G1,1,0.3,0.4,2,2.667,0.7,3.1392333984375,0.3809523828345913,0.5000000002670517,0.4285406343263816
G1,1,0.3,0.4,2,2.667,0.7,3.14256591796875,0.3809523828347492,0.5000000002673352,0.4285406371624892
G1,1,0.3,0.4,2,2.667,0.7,3.1458984375,0.3809523828349107,0.5000000002676187,0.4285406399549479
G1,1,0.3,0.4,2,2.667,0.7,3.14923095703125,0.3809523828350773,0.5000000002679026,0.4285406427044218
G1,1,0.3,0.4,2,2.667,0.7,3.1525634765625,0.3809523828352468,0.5000000002681863,0.428540645411578
G1,1,0.3,0.4,2,2.667,0.7,3.15589599609375,0.3809523828354207,0.5000000002684697,0.4285406480770613
G1,1,0.3,0.4,2,2.667,0.7,3.159228515625,0.3809523828355985,0.5000000002687534,0.4285406507015176
G1,1,0.3,0.4,2,2.667,0.7,3.16256103515625,0.3809523828357813,0.500000000269037,0.4285406532855807
G1,1,0.3,0.4,2,2.667,0.7,3.1658935546875,0.3809523828359663,0.5000000002693206,0.4285406558298674
G1,1,0.3,0.4,2,2.667,0.7,3.16922607421875,0.3809523828361569,0.500000000269604,0.4285406583349866
G1,1,0.3,0.4,2,2.667,0.7,3.17255859375,0.3809523828363499,0.5000000002698877,0.4285406608015462
G1,1,0.3,0.4,2,2.667,0.7,3.17589111328125,0.3809523828365479,0.5000000002701722,0.4285406632301433
G1,1,0.3,0.4,2,2.667,0.7,3.1792236328125,0.380952382836748,0.5000000002704549,0.4285406656213459
G1,1,0.3,0.4,2,2.667,0.7,3.18255615234375,0.3809523828369523,0.5000000002707392,0.4285406679757522
G1,1,0.3,0.4,2,2.667,0.7,3.185888671875,0.3809523828371603,0.5000000002710229,0.4285406702939047
G1,1,0.3,0.4,2,2.667,0.7,3.18922119140625,0.380952382837372,0.500000000271306,0.4285406725763808
G1,1,0.3,0.4,2,2.667,0.7,3.1925537109375,0.3809523828375867,0.5000000002715901,0.4285406748237208
G1,1,0.3,0.4,2,2.667,0.7,3.19588623046875,0.3809523828378052,0.5000000002718737,0.428540677036458
G1,1,0.3,0.4,2,2.667,0.7,3.19921875,0.3809523828380275,0.5000000002721577,0.4285406792151361
G1,1,0.3,0.4,2,2.667,0.7,3.20255126953125,0.3809523828382524,0.5000000002724415,0.4285406813602736
G1,1,0.3,0.4,2,2.667,0.7,3.2058837890625,0.380952382838481,0.5000000002727258,0.4285406834723928
G1,1,0.3,0.4,2,2.667,0.7,3.20921630859375,0.3809523828387135,0.5000000002730098,0.4285406855519926
G1,1,0.3,0.4,2,2.667,0.7,3.212548828125,0.3809523828389485,0.5000000002732941,0.4285406875995791
G1,1,0.3,0.4,2,2.667,0.7,3.21588134765625,0.3809523828391867,0.5000000002735786,0.4285406896156481
G1,1,0.3,0.4,2,2.667,0.7,3.2192138671875,0.3809523828394272,0.5000000002738618,0.428540691600674
G1,1,0.3,0.4,2,2.667,0.7,3.22254638671875,0.3809523828396721,0.5000000002741469,0.4285406935551374
G1,1,0.3,0.4,2,2.667,0.7,3.22587890625,0.3809523828399191,0.5000000002744308,0.4285406954795123
G1,1,0.3,0.4,2,2.667,0.7,3.22921142578125,0.3809523828401694,0.5000000002747155,0.4285406973742683
G1,1,0.3,0.4,2,2.667,0.7,3.2325439453125,0.380952382840423,0.5000000002750006,0.4285406992398492
G1,1,0.3,0.4,2,2.667,0.7,3.23587646484375,0.3809523828406784,0.5000000002752845,0.4285407010767096
G1,1,0.3,0.4,2,2.667,0.7,3.239208984375,0.3809523828409364,0.5000000002755686,0.4285407028852882
G1,1,0.3,0.4,2,2.667,0.7,3.24254150390625,0.3809523828411978,0.5000000002758527,0.4285407046660284
G1,1,0.3,0.4,2,2.667,0.7,3.2458740234375,0.3809523828414612,0.5000000002761364,0.4285407064193484
G1,1,0.3,0.4,2,2.667,0.7,3.24920654296875,0.3809523828417272,0.5000000002764207,0.4285407081456791
G1,1,0.3,0.4,2,2.667,0.7,3.2525390625,0.3809523828419963,0.5000000002767045,0.4285407098454193
G1,1,0.3,0.4,2,2.667,0.7,3.25587158203125,0.3809523828422677,0.5000000002769891,0.4285407115190007
G1,1,0.3,0.4,2,2.667,0.7,3.2592041015625,0.380952382842541,0.5000000002772726,0.4285407131668092
G1,1,0.3,0.4,2,2.667,0.7,3.26253662109375,0.3809523828428181,0.5000000002775569,0.4285407147892502
G1,1,0.3,0.4,2,2.667,0.7,3.265869140625,0.3809523828430971,0.5000000002778411,0.428540716386708
G1,1,0.3,0.4,2,2.667,0.7,3.26920166015625,0.3809523828433785,0.5000000002781254,0.4285407179595703
G1,1,0.3,0.4,2,2.667,0.7,3.2725341796875,0.3809523828436609,0.5000000002784094,0.4285407195082189
G1,1,0.3,0.4,2,2.667,0.7,3.27586669921875,0.3809523828439472,0.5000000002786936,0.4285407210330199
G1,1,0.3,0.4,2,2.667,0.7,3.27919921875,0.380952382844236,0.500000000278978,0.4285407225343415
G1,1,0.3,0.4,2,2.667,0.7,3.28253173828125,0.3809523828445255,0.5000000002792618,0.4285407240125411
G1,1,0.3,0.4,2,2.667,0.7,3.2858642578125,0.3809523828448183,0.5000000002795457,0.4285407254679933
G1,1,0.3,0.4,2,2.667,0.7,3.28919677734375,0.3809523828451141,0.500000000279831,0.4285407269010281
G1,1,0.3,0.4,2,2.667,0.7,3.292529296875,0.3809523828454103,0.5000000002801144,0.4285407283119959
G1,1,0.3,0.4,2,2.667,0.7,3.29586181640625,0.3809523828457091,0.5000000002803986,0.4285407297012457
G1,1,0.3,0.4,2,2.667,0.7,3.2991943359375,0.3809523828460097,0.5000000002806823,0.4285407310691009
G1,1,0.3,0.4,2,2.667,0.7,3.30252685546875,0.3809523828463133,0.5000000002809666,0.4285407324158892
G1,1,0.3,0.4,2,2.667,0.7,3.305859375,0.3809523828466182,0.5000000002812511,0.4285407337419399
G1,1,0.3,0.4,2,2.667,0.7,3.30919189453125,0.3809523828469252,0.5000000002815347,0.4285407350475724
G1,1,0.3,0.4,2,2.667,0.7,3.3125244140625,0.3809523828472324,0.5000000002818181,0.4285407363330988
G1,1,0.3,0.4,2,2.667,0.7,3.31585693359375,0.3809523828475431,0.5000000002821016,0.4285407375988268
G1,1,0.3,0.4,2,2.667,0.7,3.319189453125,0.3809523828478563,0.5000000002823863,0.4285407388450723
G1,1,0.3,0.4,2,2.667,0.7,3.32252197265625,0.3809523828481709,0.5000000002826704,0.4285407400721249
G1,1,0.3,0.4,2,2.667,0.7,3.3258544921875,0.3809523828484873,0.5000000002829545,0.4285407412802841
G1,1,0.3,0.4,2,2.667,0.7,3.32918701171875,0.3809523828488041,0.5000000002832377,0.4285407424698333
G1,1,0.3,0.4,2,2.667,0.7,3.33251953125,0.3809523828491232,0.500000000283521,0.4285407436410667
G1,1,0.3,0.4,2,2.667,0.7,3.33585205078125,0.3809523828494444,0.5000000002838048,0.4285407447942647
G1,1,0.3,0.4,2,2.667,0.7,3.3391845703125,0.3809523828497687,0.5000000002840891,0.4285407459296978
G1,1,0.3,0.4,2,2.667,0.7,3.34251708984375,0.3809523828500925,0.5000000002843725,0.4285407470476468
G1,1,0.3,0.4,2,2.667,0.7,3.345849609375,0.3809523828504189,0.5000000002846562,0.4285407481483942
G1,1,0.3,0.4,2,2.667,0.7,3.34918212890625,0.3809523828507465,0.5000000002849397,0.4285407492321749
G1,1,0.3,0.4,2,2.667,0.7,3.3525146484375,0.3809523828510763,0.5000000002852235,0.428540750299271
G1,1,0.3,0.4,2,2.667,0.7,3.35584716796875,0.3809523828514091,0.5000000002855082,0.4285407513499244
G1,1,0.3,0.4,2,2.667,0.7,3.3591796875,0.3809523828517434,0.5000000002857929,0.4285407523844149
G1,1,0.3,0.4,2,2.667,0.7,3.36251220703125,0.3809523828520789,0.5000000002860777,0.42854075340296
G1,1,0.3,0.4,2,2.667,0.7,3.3658447265625,0.3809523828524141,0.5000000002863604,0.4285407544058301
G1,1,0.3,0.4,2,2.667,0.7,3.36917724609375,0.3809523828527507,0.5000000002866445,0.4285407553932464
G1,1,0.3,0.4,2,2.667,0.7,3.372509765625,0.3809523828530892,0.5000000002869281,0.4285407563654581
G1,1,0.3,0.4,2,2.667,0.7,3.37584228515625,0.3809523828534302,0.5000000002872119,0.4285407573226923
G1,1,0.3,0.4,2,2.667,0.7,3.3791748046875,0.380952382853772,0.500000000287496,0.4285407582651927
G1,1,0.3,0.4,2,2.667,0.7,3.38250732421875,0.3809523828541153,0.5000000002877798,0.428540759193182
G1,1,0.3,0.4,2,2.667,0.7,3.38583984375,0.3809523828544606,0.5000000002880644,0.4285407601068607
G1,1,0.3,0.4,2,2.667,0.7,3.38917236328125,0.3809523828548067,0.5000000002883483,0.4285407610064932
G1,1,0.3,0.4,2,2.667,0.7,3.3925048828125,0.3809523828551525,0.5000000002886315,0.4285407618922543
G1,1,0.3,0.4,2,2.667,0.7,3.39583740234375,0.3809523828555011,0.5000000002889148,0.4285407627643599
G1,1,0.3,0.4,2,2.667,0.7,3.399169921875,0.3809523828558498,0.5000000002891979,0.4285407636230595
G1,1,0.3,0.4,2,2.667,0.7,3.40250244140625,0.3809523828562034,0.5000000002894832,0.4285407644685181
G1,1,0.3,0.4,2,2.667,0.7,3.4058349609375,0.3809523828565575,0.5000000002897681,0.4285407653009563
G1,1,0.3,0.4,2,2.667,0.7,3.40916748046875,0.380952382856911,0.5000000002900523,0.4285407661205797
G1,1,0.3,0.4,2,2.667,0.7,3.4125,0.3809523828572642,0.5000000002903348,0.4285407669275752
G1,1,0.3,0.4,2,2.667,0.7,3.41583251953125,0.3809523828576208,0.5000000002906194,0.4285407677221408
G1,1,0.3,0.4,2,2.667,0.7,3.4191650390625,0.3809523828579794,0.5000000002909035,0.4285407685044794
G1,1,0.3,0.4,2,2.667,0.7,3.42249755859375,0.3809523828583365,0.5000000002911869,0.4285407692747604
G1,1,0.3,0.4,2,2.667,0.7,3.425830078125,0.3809523828586962,0.5000000002914706,0.4285407700331696
G1,1,0.3,0.4,2,2.667,0.7,3.42916259765625,0.3809523828590598,0.5000000002917562,0.4285407707798924
G1,1,0.3,0.4,2,2.667,0.7,3.4324951171875,0.3809523828594217,0.5000000002920403,0.4285407715151204
G1,1,0.3,0.4,2,2.667,0.7,3.43582763671875,0.3809523828597852,0.5000000002923245,0.4285407722390316
G1,1,0.3,0.4,2,2.667,0.7,3.43916015625,0.3809523828601498,0.5000000002926084,0.4285407729517935
G1,1,0.3,0.4,2,2.667,0.7,3.44249267578125,0.3809523828605149,0.5000000002928932,0.4285407736535734
G1,1,0.3,0.4,2,2.667,0.7,3.4458251953125,0.3809523828608807,0.5000000002931765,0.4285407743445407
G1,1,0.3,0.4,2,2.667,0.7,3.44915771484375,0.3809523828612472,0.5000000002934596,0.4285407750248659
G1,1,0.3,0.4,2,2.667,0.7,3.452490234375,0.3809523828616119,0.5000000002937413,0.4285407756947093
G1,1,0.3,0.4,2,2.667,0.7,3.45582275390625,0.3809523828619845,0.5000000002940274,0.4285407763542367
G1,1,0.3,0.4,2,2.667,0.7,3.4591552734375,0.3809523828623558,0.500000000294312,0.4285407770036014
G1,1,0.3,0.4,2,2.667,0.7,3.46248779296875,0.3809523828627268,0.500000000294596,0.4285407776429677
G1,1,0.3,0.4,2,2.667,0.7,3.4658203125,0.3809523828631029,0.5000000002948823,0.4285407782724839
G1,1,0.3,0.4,2,2.667,0.7,3.46915283203125,0.3809523828634744,0.5000000002951652,0.4285407788923106
G1,1,0.3,0.4,2,2.667,0.7,3.4724853515625,0.3809523828638523,0.5000000002954518,0.4285407795025827
G1,1,0.3,0.4,2,2.667,0.7,3.47581787109375,0.3809523828642248,0.5000000002957342,0.4285407801034672
G1,1,0.3,0.4,2,2.667,0.7,3.479150390625,0.3809523828646028,0.5000000002960197,0.4285407806950808
G1,1,0.3,0.4,2,2.667,0.7,3.48248291015625,0.3809523828649783,0.5000000002963025,0.428540781277585
G1,1,0.3,0.4,2,2.667,0.7,3.4858154296875,0.3809523828653559,0.5000000002965868,0.4285407818511048
G1,1,0.3,0.4,2,2.667,0.7,3.48914794921875,0.3809523828657337,0.5000000002968704,0.4285407824158094
G1,1,0.3,0.4,2,2.667,0.7,3.49248046875,0.3809523828661129,0.5000000002971539,0.4285407829718086
G1,1,0.3,0.4,2,2.667,0.7,3.49581298828125,0.3809523828664934,0.5000000002974386,0.4285407835192372
G1,1,0.3,0.4,2,2.667,0.7,3.4991455078125,0.3809523828668755,0.5000000002977232,0.4285407840582236
G1,1,0.3,0.4,2,2.667,0.7,3.50247802734375,0.3809523828672563,0.5000000002980065,0.4285407845889029
G1,1,0.3,0.4,2,2.667,0.7,3.505810546875,0.380952382867642,0.5000000002982929,0.4285407851114355
G1,1,0.3,0.4,2,2.667,0.7,3.50914306640625,0.3809523828680239,0.5000000002985758,0.4285407856259192
G1,1,0.3,0.4,2,2.667,0.7,3.5124755859375,0.3809523828684133,0.5000000002988629,0.4285407861324582
G1,1,0.3,0.4,2,2.667,0.7,3.51580810546875,0.3809523828687953,0.5000000002991454,0.4285407866311825
G1,1,0.3,0.4,2,2.667,0.7,3.519140625,0.3809523828691854,0.5000000002994323,0.4285407871222371
G1,1,0.3,0.4,2,2.667,0.7,3.52247314453125,0.3809523828695706,0.5000000002997151,0.4285407876057539
G1,1,0.3,0.4,2,2.667,0.7,3.5258056640625,0.3809523828699574,0.5000000002999992,0.4285407880818
G1,1,0.3,0.4,2,2.667,0.7,3.52913818359375,0.3809523828703451,0.500000000300283,0.4285407885505038
G1,1,0.3,0.4,2,2.667,0.7,3.532470703125,0.3809523828707308,0.5000000003005656,0.4285407890119977
G1,1,0.3,0.4,2,2.667,0.7,3.53580322265625,0.3809523828711196,0.5000000003008495,0.428540789466383
G1,1,0.3,0.4,2,2.667,0.7,3.5391357421875,0.3809523828715037,0.5000000003011291,0.42854078991376
G1,1,0.3,0.4,2,2.667,0.7,3.54246826171875,0.3809523828718986,0.5000000003014163,0.4285407903542515
G1,1,0.3,0.4,2,2.667,0.7,3.54580078125,0.3809523828722877,0.5000000003016988,0.4285407907879399
G1,1,0.3,0.4,2,2.667,0.7,3.54913330078125,0.3809523828726817,0.5000000003019848,0.4285407912149706
G1,1,0.3,0.4,2,2.667,0.7,3.5524658203125,0.3809523828730748,0.5000000003022695,0.4285407916354083
G1,1,0.3,0.4,2,2.667,0.7,3.55579833984375,0.3809523828734665,0.5000000003025522,0.4285407920493427
G1,1,0.3,0.4,2,2.667,0.7,3.559130859375,0.3809523828738626,0.5000000003028376,0.428540792456959
G1,1,0.3,0.4,2,2.667,0.7,3.56246337890625,0.3809523828742581,0.5000000003031225,0.4285407928582458
G1,1,0.3,0.4,2,2.667,0.7,3.5657958984375,0.3809523828746479,0.5000000003034032,0.4285407932533746
G1,1,0.3,0.4,2,2.667,0.7,3.56912841796875,0.3809523828750523,0.5000000003036936,0.428540793642419
G1,1,0.3,0.4,2,2.667,0.7,3.5724609375,0.380952382875449,0.5000000003039776,0.4285407940254253
G1,1,0.3,0.4,2,2.667,0.7,3.57579345703125,0.3809523828758428,0.5000000003042598,0.4285407944026093
G1,1,0.3,0.4,2,2.667,0.7,3.5791259765625,0.3809523828762466,0.5000000003045483,0.4285407947739003
G1,1,0.3,0.4,2,2.667,0.7,3.58245849609375,0.3809523828766447,0.5000000003048328,0.4285407951395327
G1,1,0.3,0.4,2,2.667,0.7,3.585791015625,0.3809523828770372,0.5000000003051126,0.428540795499509
G1,1,0.3,0.4,2,2.667,0.7,3.58912353515625,0.3809523828774422,0.500000000305401,0.4285407958539261
G1,1,0.3,0.4,2,2.667,0.7,3.5924560546875,0.380952382877841,0.5000000003056851,0.428540796202908
G1,1,0.3,0.4,2,2.667,0.7,3.59578857421875,0.3809523828782357,0.5000000003059651,0.4285407965465026
G1,1,0.3,0.4,2,2.667,0.7,3.59912109375,0.3809523828786384,0.5000000003062508,0.428540796884808
G1,1,0.3,0.4,2,2.667,0.7,3.60245361328125,0.3809523828790388,0.5000000003065344,0.4285407972178962
G1,1,0.3,0.4,2,2.667,0.7,3.6057861328125,0.3809523828794341,0.5000000003068145,0.4285407975458386
G1,1,0.3,0.4,2,2.667,0.7,3.60911865234375,0.3809523828798362,0.5000000003070987,0.4285407978687582
G1,1,0.3,0.4,2,2.667,0.7,3.612451171875,0.3809523828802395,0.5000000003073835,0.4285407981866572
G1,1,0.3,0.4,2,2.667,0.7,3.61578369140625,0.3809523828806423,0.5000000003076676,0.4285407984997052
G1,1,0.3,0.4,2,2.667,0.7,3.6191162109375,0.3809523828810423,0.5000000003079498,0.4285407988078812
G1,1,0.3,0.4,2,2.667,0.7,3.62244873046875,0.3809523828814513,0.5000000003082371,0.4285407991113591
G1,1,0.3,0.4,2,2.667,0.7,3.62578125,0.3809523828818551,0.5000000003085209,0.4285407994101232
G1,1,0.3,0.4,2,2.667,0.7,3.62911376953125,0.3809523828822607,0.5000000003088053,0.4285407997042974
G1,1,0.3,0.4,2,2.667,0.7,3.6324462890625,0.3809523828826687,0.5000000003090914,0.4285407999939477
G1,1,0.3,0.4,2,2.667,0.7,3.63577880859375,0.3809523828830761,0.5000000003093766,0.4285408002790957
G1,1,0.3,0.4,2,2.667,0.7,3.639111328125,0.3809523828834818,0.5000000003096604,0.4285408005599176
G1,1,0.3,0.4,2,2.667,0.7,3.64244384765625,0.3809523828838867,0.5000000003099442,0.4285408008363181
G1,1,0.3,0.4,2,2.667,0.7,3.6457763671875,0.3809523828842955,0.5000000003102292,0.4285408011085767
G1,1,0.3,0.4,2,2.667,0.7,3.64910888671875,0.3809523828847034,0.5000000003105136,0.4285408013765514
G1,1,0.3,0.4,2,2.667,0.7,3.65244140625,0.3809523828851133,0.5000000003107993,0.4285408016404284
G1,1,0.3,0.4,2,2.667,0.7,3.65577392578125,0.3809523828855201,0.5000000003110829,0.4285408019002549
G1,1,0.3,0.4,2,2.667,0.7,3.6591064453125,0.3809523828859278,0.500000000311366,0.4285408021560287
G1,1,0.3,0.4,2,2.667,0.7,3.66243896484375,0.3809523828863424,0.5000000003116543,0.428540802407916
G1,1,0.3,0.4,2,2.667,0.7,3.665771484375,0.3809523828867531,0.5000000003119395,0.4285408026558718
G1,1,0.3,0.4,2,2.667,0.7,3.66910400390625,0.3809523828871581,0.5000000003122204,0.4285408029000361
G1,1,0.3,0.4,2,2.667,0.7,3.6724365234375,0.3809523828875664,0.5000000003125037,0.4285408031404661
G1,1,0.3,0.4,2,2.667,0.7,3.67576904296875,0.3809523828879861,0.5000000003127942,0.4285408033771445
G1,1,0.3,0.4,2,2.667,0.7,3.6791015625,0.3809523828883969,0.500000000313078,0.4285408036101759
G1,1,0.3,0.4,2,2.667,0.7,3.68243408203125,0.3809523828888075,0.5000000003133622,0.4285408038396434
G1,1,0.3,0.4,2,2.667,0.7,3.6857666015625,0.3809523828892139,0.5000000003136431,0.428540804065584
G1,1,0.3,0.4,2,2.667,0.7,3.68909912109375,0.38095238288962,0.5000000003139236,0.4285408042880004
G1,1,0.3,0.4,2,2.667,0.7,3.692431640625,0.3809523828900408,0.5000000003142134,0.4285408045070028
G1,1,0.3,0.4,2,2.667,0.7,3.69576416015625,0.3809523828904534,0.5000000003144978,0.4285408047226717
G1,1,0.3,0.4,2,2.667,0.7,3.6990966796875,0.3809523828908623,0.5000000003147794,0.4285408049349438
G1,1,0.3,0.4,2,2.667,0.7,3.70242919921875,0.3809523828912738,0.5000000003150622,0.4285408051439994
G1,1,0.3,0.4,2,2.667,0.7,3.70576171875,0.3809523828916779,0.5000000003153411,0.4285408053498625
G1,1,0.3,0.4,2,2.667,0.7,3.70909423828125,0.3809523828920897,0.5000000003156234,0.4285408055524799
G1,1,0.3,0.4,2,2.667,0.7,3.7124267578125,0.3809523828925083,0.5000000003159116,0.4285408057519888
G1,1,0.3,0.4,2,2.667,0.7,3.71575927734375,0.3809523828929179,0.5000000003161921,0.4285408059484891
G1,1,0.3,0.4,2,2.667,0.7,3.719091796875,0.3809523828933319,0.5000000003164757,0.4285408061418934
G1,1,0.3,0.4,2,2.667,0.7,3.72242431640625,0.3809523828937355,0.5000000003167526,0.4285408063322768
G1,1,0.3,0.4,2,2.667,0.7,3.7257568359375,0.380952382894151,0.5000000003170372,0.4285408065198666
G1,1,0.3,0.4,2,2.667,0.7,3.72908935546875,0.3809523828945628,0.5000000003173195,0.4285408067044892
G1,1,0.3,0.4,2,2.667,0.7,3.732421875,0.3809523828949827,0.5000000003176065,0.428540806886194
G1,1,0.3,0.4,2,2.667,0.7,3.73575439453125,0.3809523828953962,0.5000000003178892,0.4285408070651835
G1,1,0.3,0.4,2,2.667,0.7,3.7390869140625,0.3809523828958104,0.5000000003181717,0.4285408072414367
G1,1,0.3,0.4,2,2.667,0.7,3.74241943359375,0.3809523828962224,0.500000000318453,0.4285408074149067
G1,1,0.3,0.4,2,2.667,0.7,3.745751953125,0.3809523828966301,0.500000000318731,0.4285408075856954
G1,1,0.3,0.4,2,2.667,0.7,3.74908447265625,0.380952382897056,0.5000000003190215,0.4285408077539183
G1,1,0.3,0.4,2,2.667,0.7,3.7524169921875,0.3809523828974743,0.5000000003193065,0.4285408079195366
G1,1,0.3,0.4,2,2.667,0.7,3.75574951171875,0.3809523828978907,0.5000000003195899,0.4285408080825423
G1,1,0.3,0.4,2,2.667,0.7,3.75908203125,0.3809523828983046,0.5000000003198715,0.4285408082430682
G1,1,0.3,0.4,2,2.667,0.7,3.76241455078125,0.3809523828987256,0.5000000003201578,0.4285408084011334
G1,1,0.3,0.4,2,2.667,0.7,3.7657470703125,0.3809523828991409,0.5000000003204402,0.4285408085567727
G1,1,0.3,0.4,2,2.667,0.7,3.76907958984375,0.3809523828995578,0.5000000003207231,0.4285408087099669
G1,1,0.3,0.4,2,2.667,0.7,3.772412109375,0.3809523828999882,0.5000000003210153,0.4285408088608478
G1,1,0.3,0.4,2,2.667,0.7,3.77574462890625,0.3809523829004028,0.5000000003212965,0.428540809009353
G1,1,0.3,0.4,2,2.667,0.7,3.7790771484375,0.3809523829008289,0.5000000003215858,0.4285408091556277
G1,1,0.3,0.4,2,2.667,0.7,3.78240966796875,0.3809523829012485,0.5000000003218702,0.428540809299604
G1,1,0.3,0.4,2,2.667,0.7,3.7857421875,0.3809523829016655,0.5000000003221524,0.4285408094414163
G1,1,0.3,0.4,2,2.667,0.7,3.78907470703125,0.3809523829020868,0.5000000003224376,0.4285408095809909
G1,1,0.3,0.4,2,2.667,0.7,3.7924072265625,0.3809523829024963,0.5000000003227149,0.4285408097183913
G1,1,0.3,0.4,2,2.667,0.7,3.79573974609375,0.3809523829029264,0.5000000003230056,0.4285408098537075
G1,1,0.3,0.4,2,2.667,0.7,3.799072265625,0.380952382903357,0.5000000003232971,0.4285408099869864
G1,1,0.3,0.4,2,2.667,0.7,3.80240478515625,0.3809523829037778,0.5000000003235807,0.4285408101181852
G1,1,0.3,0.4,2,2.667,0.7,3.8057373046875,0.3809523829042019,0.5000000003238674,0.4285408102473128
G1,1,0.3,0.4,2,2.667,0.7,3.80906982421875,0.3809523829046206,0.50000000032415,0.4285408103744118
G1,1,0.3,0.4,2,2.667,0.7,3.81240234375,0.3809523829050445,0.5000000003244363,0.4285408104996513
G1,1,0.3,0.4,2,2.667,0.7,3.81573486328125,0.3809523829054626,0.5000000003247188,0.4285408106229931
G1,1,0.3,0.4,2,2.667,0.7,3.8190673828125,0.3809523829058867,0.5000000003250045,0.4285408107443878
G1,1,0.3,0.4,2,2.667,0.7,3.82239990234375,0.3809523829062862,0.5000000003252745,0.4285408108638858
G1,1,0.3,0.4,2,2.667,0.7,3.825732421875,0.380952382906736,0.5000000003255763,0.4285408109814617
G1,1,0.3,0.4,2,2.667,0.7,3.82906494140625,0.3809523829071714,0.5000000003258702,0.4285408110973108
G1,1,0.3,0.4,2,2.667,0.7,3.8323974609375,0.3809523829075925,0.5000000003261535,0.4285408112114517
G1,1,0.3,0.4,2,2.667,0.7,3.83572998046875,0.380952382908016,0.5000000003264384,0.4285408113237906
G1,1,0.3,0.4,2,2.667,0.7,3.8390625,0.3809523829084434,0.5000000003267255,0.4285408114343554
G1,1,0.3,0.4,2,2.667,0.7,3.84239501953125,0.3809523829088668,0.5000000003270102,0.4285408115431791
G1,1,0.3,0.4,2,2.667,0.7,3.8457275390625,0.3809523829092885,0.5000000003272939,0.4285408116503288
G1,1,0.3,0.4,2,2.667,0.7,3.84906005859375,0.380952382909707,0.5000000003275752,0.4285408117558994
G1,1,0.3,0.4,2,2.667,0.7,3.852392578125,0.3809523829101346,0.5000000003278624,0.4285408118598764
G1,1,0.3,0.4,2,2.667,0.7,3.85572509765625,0.3809523829105478,0.5000000003281397,0.4285408119622208
G1,1,0.3,0.4,2,2.667,0.7,3.8590576171875,0.380952382910986,0.5000000003284337,0.4285408120629261
G1,1,0.3,0.4,2,2.667,0.7,3.86239013671875,0.3809523829114301,0.5000000003287317,0.4285408121620361
G1,1,0.3,0.4,2,2.667,0.7,3.86572265625,0.3809523829118597,0.5000000003290196,0.4285408122597005
G1,1,0.3,0.4,2,2.667,0.7,3.86905517578125,0.3809523829122811,0.5000000003293019,0.4285408123558389
G1,1,0.3,0.4,2,2.667,0.7,3.8723876953125,0.3809523829127029,0.5000000003295848,0.4285408124505318
G1,1,0.3,0.4,2,2.667,0.7,3.87572021484375,0.3809523829131305,0.5000000003298716,0.4285408125437781
G1,1,0.3,0.4,2,2.667,0.7,3.879052734375,0.3809523829135528,0.5000000003301541,0.4285408126355506
G1,1,0.3,0.4,2,2.667,0.7,3.88238525390625,0.3809523829139782,0.5000000003304391,0.4285408127258755
G1,1,0.3,0.4,2,2.667,0.7,3.8857177734375,0.3809523829143995,0.5000000003307209,0.4285408128148794
G1,1,0.3,0.4,2,2.667,0.7,3.88905029296875,0.3809523829148158,0.5000000003309996,0.4285408129024876
G1,1,0.3,0.4,2,2.667,0.7,3.8923828125,0.3809523829152442,0.5000000003312863,0.4285408129887054
G1,1,0.3,0.4,2,2.667,0.7,3.89571533203125,0.3809523829156479,0.500000000331557,0.4285408130736028
G1,1,0.3,0.4,2,2.667,0.7,3.8990478515625,0.3809523829160888,0.500000000331851,0.4285408131572173
G1,1,0.3,0.4,2,2.667,0.7,3.90238037109375,0.3809523829165125,0.5000000003321344,0.4285408132395256
G1,1,0.3,0.4,2,2.667,0.7,3.905712890625,0.3809523829169557,0.500000000332431,0.4285408133205905
G1,1,0.3,0.4,2,2.667,0.7,3.90904541015625,0.3809523829173858,0.5000000003327179,0.4285408134004246
G1,1,0.3,0.4,2,2.667,0.7,3.9123779296875,0.3809523829178041,0.5000000003329973,0.428540813479013
G1,1,0.3,0.4,2,2.667,0.7,3.91571044921875,0.3809523829182346,0.500000000333285,0.4285408135563528
G1,1,0.3,0.4,2,2.667,0.7,3.91904296875,0.3809523829186527,0.5000000003335638,0.4285408136324802
G1,1,0.3,0.4,2,2.667,0.7,3.92237548828125,0.3809523829190812,0.5000000003338498,0.4285408137073954
G1,1,0.3,0.4,2,2.667,0.7,3.9257080078125,0.3809523829195032,0.5000000003341312,0.428540813781204
G1,1,0.3,0.4,2,2.667,0.7,3.92904052734375,0.3809523829199328,0.5000000003344176,0.4285408138539572
G1,1,0.3,0.4,2,2.667,0.7,3.932373046875,0.3809523829203583,0.5000000003347016,0.4285408139256076
G1,1,0.3,0.4,2,2.667,0.7,3.93570556640625,0.380952382920769,0.5000000003349754,0.4285408139961372
G1,1,0.3,0.4,2,2.667,0.7,3.9390380859375,0.380952382921194,0.5000000003352586,0.4285408140655419
G1,1,0.3,0.4,2,2.667,0.7,3.94237060546875,0.3809523829216213,0.500000000335543,0.4285408141338521
G1,1,0.3,0.4,2,2.667,0.7,3.945703125,0.3809523829220338,0.5000000003358182,0.4285408142010972
G1,1,0.3,0.4,2,2.667,0.7,3.94903564453125,0.380952382922485,0.500000000336118,0.428540814267217
G1,1,0.3,0.4,2,2.667,0.7,3.9523681640625,0.3809523829229017,0.5000000003363961,0.4285408143323333
G1,1,0.3,0.4,2,2.667,0.7,3.95570068359375,0.3809523829233316,0.5000000003366823,0.4285408143965271
G1,1,0.3,0.4,2,2.667,0.7,3.959033203125,0.3809523829237744,0.5000000003369764,0.4285408144598042
G1,1,0.3,0.4,2,2.667,0.7,3.96236572265625,0.3809523829242019,0.5000000003372609,0.4285408145221033
G1,1,0.3,0.4,2,2.667,0.7,3.9656982421875,0.380952382924626,0.5000000003375435,0.4285408145834209
G1,1,0.3,0.4,2,2.667,0.7,3.96903076171875,0.3809523829250511,0.5000000003378265,0.4285408146437731
G1,1,0.3,0.4,2,2.667,0.7,3.97236328125,0.380952382925478,0.5000000003381099,0.4285408147031724
G1,1,0.3,0.4,2,2.667,0.7,3.97569580078125,0.3809523829258922,0.5000000003383861,0.4285408147616354
G1,1,0.3,0.4,2,2.667,0.7,3.9790283203125,0.3809523829263275,0.5000000003386749,0.4285408148191631
G1,1,0.3,0.4,2,2.667,0.7,3.98236083984375,0.380952382926748,0.5000000003389542,0.428540814875852
G1,1,0.3,0.4,2,2.667,0.7,3.985693359375,0.3809523829271781,0.5000000003392399,0.4285408149316882
G1,1,0.3,0.4,2,2.667,0.7,3.98902587890625,0.3809523829276047,0.5000000003395239,0.4285408149866423
G1,1,0.3,0.4,2,2.667,0.7,3.9923583984375,0.3809523829280286,0.5000000003398051,0.4285408150407319
G1,1,0.3,0.4,2,2.667,0.7,3.99569091796875,0.3809523829284494,0.5000000003400847,0.428540815094021
G1,1,0.3,0.4,2,2.667,0.7,3.9990234375,0.3809523829288586,0.5000000003403565,0.4285408151465416
G1,1,0.3,0.4,2,2.667,0.7,4.00235595703125,0.3809523829292822,0.5000000003406379,0.4285408151982217
G1,1,0.3,0.4,2,2.667,0.7,4.0056884765625,0.380952382929707,0.5000000003409198,0.4285408152490887
G1,1,0.3,0.4,2,2.667,0.7,4.00902099609375,0.380952382930112,0.5000000003411886,0.4285408152991564
G1,1,0.3,0.4,2,2.667,0.7,4.012353515625001,0.3809523829305581,0.5000000003414841,0.428540815348409
G1,1,0.3,0.4,2,2.667,0.7,4.01568603515625,0.380952382930986,0.5000000003417685,0.4285408153969879
G1,1,0.3,0.4,2,2.667,0.7,4.0190185546875,0.3809523829314075,0.5000000003420481,0.4285408154448128
G1,1,0.3,0.4,2,2.667,0.7,4.02235107421875,0.3809523829318297,0.5000000003423277,0.4285408154918873
G1,1,0.3,0.4,2,2.667,0.7,4.02568359375,0.3809523829322501,0.5000000003426068,0.428540815538213
G1,1,0.3,0.4,2,2.667,0.7,4.029016113281251,0.3809523829326895,0.5000000003428976,0.4285408155837896
G1,1,0.3,0.4,2,2.667,0.7,4.0323486328125,0.3809523829331177,0.500000000343182,0.4285408156286544
G1,1,0.3,0.4,2,2.667,0.7,4.03568115234375,0.3809523829335442,0.5000000003434643,0.4285408156728094
G1,1,0.3,0.4,2,2.667,0.7,4.039013671875,0.3809523829339664,0.5000000003437443,0.4285408157162687
G1,1,0.3,0.4,2,2.667,0.7,4.04234619140625,0.3809523829343806,0.500000000344019,0.4285408157591152
G1,1,0.3,0.4,2,2.667,0.7,4.045678710937501,0.3809523829348192,0.5000000003443089,0.4285408158013218
G1,1,0.3,0.4,2,2.667,0.7,4.04901123046875,0.3809523829352459,0.5000000003445917,0.4285408158429496
G1,1,0.3,0.4,2,2.667,0.7,4.05234375,0.38095238293567,0.5000000003448728,0.4285408158839464
G1,1,0.3,0.4,2,2.667,0.7,4.05567626953125,0.3809523829360917,0.5000000003451524,0.4285408159242995
G1,1,0.3,0.4,2,2.667,0.7,4.0590087890625,0.3809523829365284,0.5000000003454412,0.4285408159639996
G1,1,0.3,0.4,2,2.667,0.7,4.062341308593751,0.3809523829369506,0.5000000003457203,0.4285408160030807
G1,1,0.3,0.4,2,2.667,0.7,4.065673828125,0.3809523829373682,0.500000000345997,0.4285408160415455
G1,1,0.3,0.4,2,2.667,0.7,4.06900634765625,0.3809523829378083,0.500000000346288,0.4285408160793877
G1,1,0.3,0.4,2,2.667,0.7,4.0723388671875,0.380952382938234,0.5000000003465698,0.4285408161166394
G1,1,0.3,0.4,2,2.667,0.7,4.07567138671875,0.3809523829386592,0.5000000003468511,0.4285408161533004
G1,1,0.3,0.4,2,2.667,0.7,4.079003906250001,0.3809523829390824,0.5000000003471317,0.4285408161893817
G1,1,0.3,0.4,2,2.667,0.7,4.08233642578125,0.3809523829395053,0.5000000003474113,0.4285408162248899
G1,1,0.3,0.4,2,2.667,0.7,4.0856689453125,0.3809523829399233,0.5000000003476877,0.4285408162598373
G1,1,0.3,0.4,2,2.667,0.7,4.08900146484375,0.3809523829403312,0.5000000003479573,0.4285408162943556
G1,1,0.3,0.4,2,2.667,0.7,4.092333984375,0.3809523829407495,0.5000000003482336,0.4285408163283123
G1,1,0.3,0.4,2,2.667,0.7,4.095666503906251,0.3809523829411749,0.5000000003485154,0.4285408163617335
G1,1,0.3,0.4,2,2.667,0.7,4.0989990234375,0.3809523829415773,0.5000000003487813,0.4285408163946433
G1,1,0.3,0.4,2,2.667,0.7,4.10233154296875,0.3809523829420311,0.5000000003490813,0.4285408164270822
G1,1,0.3,0.4,2,2.667,0.7,4.1056640625,0.3809523829424654,0.5000000003493683,0.4285408164590213
G1,1,0.3,0.4,2,2.667,0.7,4.10899658203125,0.3809523829428916,0.5000000003496498,0.4285408164904805
G1,1,0.3,0.4,2,2.667,0.7,4.112329101562501,0.3809523829433192,0.5000000003499329,0.4285408165214423
G1,1,0.3,0.4,2,2.667,0.7,4.11566162109375,0.3809523829437408,0.5000000003502106,0.4285408165519154
G1,1,0.3,0.4,2,2.667,0.7,4.118994140625,0.3809523829441566,0.5000000003504856,0.4285408165819108
G1,1,0.3,0.4,2,2.667,0.7,4.12232666015625,0.3809523829445751,0.5000000003507624,0.4285408166114264
G1,1,0.3,0.4,2,2.667,0.7,4.1256591796875,0.3809523829450055,0.5000000003510465,0.4285408166404683
G1,1,0.3,0.4,2,2.667,0.7,4.128991699218751,0.3809523829454227,0.500000000351322,0.4285408166690576
G1,1,0.3,0.4,2,2.667,0.7,4.13232421875,0.3809523829458559,0.5000000003516083,0.4285408166972601
G1,1,0.3,0.4,2,2.667,0.7,4.13565673828125,0.3809523829462984,0.5000000003519004,0.4285408167250418
G1,1,0.3,0.4,2,2.667,0.7,4.1389892578125,0.3809523829467299,0.5000000003521854,0.4285408167523889
G1,1,0.3,0.4,2,2.667,0.7,4.14232177734375,0.3809523829471602,0.5000000003524692,0.4285408167793064
G1,1,0.3,0.4,2,2.667,0.7,4.145654296875001,0.380952382947588,0.5000000003527519,0.4285408168057929
G1,1,0.3,0.4,2,2.667,0.7,4.14898681640625,0.3809523829480064,0.5000000003530283,0.4285408168318658
G1,1,0.3,0.4,2,2.667,0.7,4.1523193359375,0.3809523829484303,0.5000000003533075,0.4285408168575141
G1,1,0.3,0.4,2,2.667,0.7,4.15565185546875,0.3809523829488346,0.5000000003535747,0.4285408168827741
G1,1,0.3,0.4,2,2.667,0.7,4.158984375,0.3809523829492751,0.5000000003538653,0.4285408169076119
G1,1,0.3,0.4,2,2.667,0.7,4.162316894531251,0.380952382949703,0.5000000003541478,0.4285408169320558
G1,1,0.3,0.4,2,2.667,0.7,4.1656494140625,0.3809523829501323,0.5000000003544305,0.4285408169561105
G1,1,0.3,0.4,2,2.667,0.7,4.16898193359375,0.3809523829505591,0.500000000354712,0.4285408169797905
G1,1,0.3,0.4,2,2.667,0.7,4.172314453125,0.3809523829509805,0.5000000003549903,0.428540817003098
G1,1,0.3,0.4,2,2.667,0.7,4.17564697265625,0.3809523829514003,0.5000000003552677,0.4285408170260349
G1,1,0.3,0.4,2,2.667,0.7,4.178979492187501,0.3809523829518171,0.5000000003555426,0.4285408170486536
G1,1,0.3,0.4,2,2.667,0.7,4.18231201171875,0.3809523829522332,0.5000000003558168,0.4285408170710446
G1,1,0.3,0.4,2,2.667,0.7,4.18564453125,0.3809523829526819,0.5000000003561126,0.4285408170931139
G1,1,0.3,0.4,2,2.667,0.7,4.18897705078125,0.3809523829531165,0.5000000003563992,0.4285408171148425
G1,1,0.3,0.4,2,2.667,0.7,4.1923095703125,0.3809523829535412,0.5000000003566791,0.4285408171362312
G1,1,0.3,0.4,2,2.667,0.7,4.195642089843751,0.3809523829539618,0.5000000003569566,0.4285408171572814
G1,1,0.3,0.4,2,2.667,0.7,4.198974609375,0.3809523829543746,0.5000000003572288,0.4285408171780026
G1,1,0.3,0.4,2,2.667,0.7,4.20230712890625,0.3809523829548244,0.5000000003575253,0.4285408171983664
G1,1,0.3,0.4,2,2.667,0.7,4.2056396484375,0.3809523829552625,0.5000000003578138,0.4285408172184165
G1,1,0.3,0.4,2,2.667,0.7,4.20897216796875,0.3809523829556954,0.5000000003580998,0.4285408172381514
G1,1,0.3,0.4,2,2.667,0.7,4.212304687500001,0.3809523829561294,0.5000000003583853,0.4285408172575664
G1,1,0.3,0.4,2,2.667,0.7,4.21563720703125,0.3809523829565564,0.5000000003586667,0.4285408172766849
G1,1,0.3,0.4,2,2.667,0.7,4.2189697265625,0.3809523829569816,0.5000000003589473,0.428540817295488
G1,1,0.3,0.4,2,2.667,0.7,4.22230224609375,0.3809523829574053,0.5000000003592261,0.4285408173140041
G1,1,0.3,0.4,2,2.667,0.7,4.225634765625,0.3809523829578276,0.5000000003595044,0.4285408173322109
G1,1,0.3,0.4,2,2.667,0.7,4.228967285156251,0.3809523829582489,0.5000000003597822,0.4285408173501356
G1,1,0.3,0.4,2,2.667,0.7,4.2322998046875,0.3809523829586693,0.500000000360059,0.4285408173677755
G1,1,0.3,0.4,2,2.667,0.7,4.23563232421875,0.3809523829590888,0.5000000003603357,0.4285408173851301
G1,1,0.3,0.4,2,2.667,0.7,4.23896484375,0.3809523829595052,0.5000000003606097,0.4285408174022322
G1,1,0.3,0.4,2,2.667,0.7,4.24229736328125,0.3809523829599095,0.5000000003608762,0.4285408174191624
G1,1,0.3,0.4,2,2.667,0.7,4.245629882812501,0.3809523829603143,0.5000000003611427,0.4285408174358177
G1,1,0.3,0.4,2,2.667,0.7,4.24896240234375,0.3809523829607133,0.5000000003614058,0.4285408174522138
G1,1,0.3,0.4,2,2.667,0.7,4.252294921875,0.3809523829611173,0.5000000003616721,0.4285408174683478
G1,1,0.3,0.4,2,2.667,0.7,4.25562744140625,0.3809523829615041,0.5000000003619265,0.4285408174842377
G1,1,0.3,0.4,2,2.667,0.7,4.2589599609375,0.3809523829618985,0.5000000003621864,0.4285408174998598
G1,1,0.3,0.4,2,2.667,0.7,4.262292480468751,0.3809523829622967,0.5000000003624488,0.4285408175152403
G1,1,0.3,0.4,2,2.667,0.7,4.265625,0.3809523829627011,0.5000000003627149,0.4285408175303723
G1,1,0.3,0.4,2,2.667,0.7,4.26895751953125,0.3809523829631101,0.5000000003629843,0.4285408175452581
G1,1,0.3,0.4,2,2.667,0.7,4.2722900390625,0.3809523829635257,0.5000000003632583,0.4285408175599011
G1,1,0.3,0.4,2,2.667,0.7,4.27562255859375,0.3809523829639419,0.5000000003635325,0.4285408175743091
G1,1,0.3,0.4,2,2.667,0.7,4.278955078125001,0.3809523829643591,0.5000000003638073,0.4285408175884847
G1,1,0.3,0.4,2,2.667,0.7,4.28228759765625,0.3809523829647747,0.5000000003640803,0.4285408176024338
G1,1,0.3,0.4,2,2.667,0.7,4.2856201171875,0.380952382965192,0.5000000003643558,0.4285408176161599
G1,1,0.3,0.4,2,2.667,0.7,4.28895263671875,0.3809523829656149,0.5000000003646331,0.4285408176296655
G1,1,0.3,0.4,2,2.667,0.7,4.29228515625,0.3809523829660387,0.5000000003649123,0.4285408176429425
G1,1,0.3,0.4,2,2.667,0.7,4.295617675781251,0.3809523829664583,0.5000000003651888,0.4285408176560124
G1,1,0.3,0.4,2,2.667,0.7,4.2989501953125,0.3809523829668796,0.5000000003654658,0.4285408176688778
G1,1,0.3,0.4,2,2.667,0.7,4.30228271484375,0.3809523829673018,0.5000000003657441,0.4285408176816373
G1,1,0.3,0.4,2,2.667,0.7,4.305615234375,0.3809523829677254,0.5000000003660225,0.4285408176942011
G1,1,0.3,0.4,2,2.667,0.7,4.30894775390625,0.380952382968151,0.5000000003663029,0.428540817706665
G1,1,0.3,0.4,2,2.667,0.7,4.312280273437501,0.380952382968569,0.5000000003665775,0.4285408177189551
G1,1,0.3,0.4,2,2.667,0.7,4.31561279296875,0.3809523829689791,0.5000000003668477,0.4285408177310425
G1,1,0.3,0.4,2,2.667,0.7,4.3189453125,0.3809523829693819,0.5000000003671128,0.42854081774295
G1,1,0.3,0.4,2,2.667,0.7,4.32227783203125,0.3809523829698168,0.5000000003673986,0.4285408177546419
G1,1,0.3,0.4,2,2.667,0.7,4.3256103515625,0.3809523829702539,0.5000000003676865,0.4285408177661526
G1,1,0.3,0.4,2,2.667,0.7,4.328942871093751,0.3809523829706826,0.5000000003679684,0.4285408177774816
G1,1,0.3,0.4,2,2.667,0.7,4.332275390625,0.3809523829711098,0.5000000003682494,0.4285408177886265
G1,1,0.3,0.4,2,2.667,0.7,4.33560791015625,0.3809523829715289,0.5000000003685252,0.428540817799597
G1,1,0.3,0.4,2,2.667,0.7,4.3389404296875,0.3809523829719454,0.5000000003687991,0.428540817810398
G1,1,0.3,0.4,2,2.667,0.7,4.34227294921875,0.3809523829723443,0.5000000003690617,0.4285408178210273
G1,1,0.3,0.4,2,2.667,0.7,4.345605468750001,0.3809523829727537,0.500000000369331,0.4285408178314937
G1,1,0.3,0.4,2,2.667,0.7,4.34893798828125,0.3809523829731945,0.5000000003696212,0.42854081784175
G1,1,0.3,0.4,2,2.667,0.7,4.3522705078125,0.3809523829736374,0.5000000003699124,0.4285408178518563
G1,1,0.3,0.4,2,2.667,0.7,4.35560302734375,0.3809523829740704,0.5000000003701972,0.4285408178618075
G1,1,0.3,0.4,2,2.667,0.7,4.358935546875,0.3809523829745036,0.5000000003704818,0.4285408178715797
G1,1,0.3,0.4,2,2.667,0.7,4.362268066406251,0.3809523829749339,0.500000000370765,0.4285408178812053
G1,1,0.3,0.4,2,2.667,0.7,4.3656005859375,0.3809523829753648,0.5000000003710486,0.4285408178906852
G1,1,0.3,0.4,2,2.667,0.7,4.36893310546875,0.3809523829757912,0.5000000003713283,0.4285408179000009
G1,1,0.3,0.4,2,2.667,0.7,4.372265625,0.3809523829762173,0.5000000003716093,0.4285408179091655
G1,1,0.3,0.4,2,2.667,0.7,4.37559814453125,0.3809523829766443,0.5000000003718897,0.4285408179181861
G1,1,0.3,0.4,2,2.667,0.7,4.378930664062501,0.3809523829770718,0.500000000372171,0.4285408179270679
G1,1,0.3,0.4,2,2.667,0.7,4.38226318359375,0.3809523829774989,0.5000000003724517,0.4285408179358285
G1,1,0.3,0.4,2,2.667,0.7,4.385595703125,0.3809523829779242,0.5000000003727314,0.428540817944529
G1,1,0.3,0.4,2,2.667,0.7,4.38892822265625,0.3809523829783548,0.5000000003730142,0.4285408179530898
G1,1,0.3,0.4,2,2.667,0.7,4.3922607421875,0.380952382978782,0.5000000003732952,0.4285408179615161
G1,1,0.3,0.4,2,2.667,0.7,4.395593261718751,0.3809523829792054,0.5000000003735739,0.4285408179698089
G1,1,0.3,0.4,2,2.667,0.7,4.39892578125,0.3809523829796259,0.5000000003738504,0.4285408179779691
G1,1,0.3,0.4,2,2.667,0.7,4.40225830078125,0.3809523829800416,0.5000000003741232,0.4285408179860035
G1,1,0.3,0.4,2,2.667,0.7,4.4055908203125,0.3809523829804475,0.5000000003743899,0.4285408179939164
G1,1,0.3,0.4,2,2.667,0.7,4.40892333984375,0.3809523829808373,0.5000000003746465,0.4285408180017096
G1,1,0.3,0.4,2,2.667,0.7,4.412255859375001,0.380952382981233,0.5000000003749063,0.4285408180093686
G1,1,0.3,0.4,2,2.667,0.7,4.41558837890625,0.3809523829816187,0.5000000003751601,0.4285408180169126
G1,1,0.3,0.4,2,2.667,0.7,4.4189208984375,0.3809523829820227,0.5000000003754259,0.4285408180243219
G1,1,0.3,0.4,2,2.667,0.7,4.42225341796875,0.3809523829824359,0.5000000003756973,0.4285408180315988
G1,1,0.3,0.4,2,2.667,0.7,4.4255859375,0.3809523829828385,0.5000000003759622,0.4285408180387679
G1,1,0.3,0.4,2,2.667,0.7,4.428918457031251,0.3809523829832668,0.5000000003762438,0.428540818045803
G1,1,0.3,0.4,2,2.667,0.7,4.4322509765625,0.3809523829837098,0.5000000003765351,0.4285408180527153
G1,1,0.3,0.4,2,2.667,0.7,4.43558349609375,0.3809523829841497,0.5000000003768239,0.428540818059515
G1,1,0.3,0.4,2,2.667,0.7,4.438916015625,0.3809523829845851,0.5000000003771101,0.428540818066207
G1,1,0.3,0.4,2,2.667,0.7,4.44224853515625,0.3809523829850179,0.5000000003773944,0.4285408180727929
G1,1,0.3,0.4,2,2.667,0.7,4.445581054687501,0.380952382985448,0.5000000003776771,0.4285408180792737
G1,1,0.3,0.4,2,2.667,0.7,4.44891357421875,0.3809523829858735,0.5000000003779568,0.4285408180856538
G1,1,0.3,0.4,2,2.667,0.7,4.45224609375,0.3809523829862977,0.5000000003782353,0.4285408180919342
G1,1,0.3,0.4,2,2.667,0.7,4.45557861328125,0.3809523829867155,0.5000000003785103,0.4285408180981169
G1,1,0.3,0.4,2,2.667,0.7,4.4589111328125,0.3809523829871407,0.5000000003787894,0.4285408181041788
G1,1,0.3,0.4,2,2.667,0.7,4.462243652343751,0.3809523829875681,0.5000000003790707,0.4285408181101397
G1,1,0.3,0.4,2,2.667,0.7,4.465576171875,0.380952382987996,0.5000000003793512,0.4285408181160069
G1,1,0.3,0.4,2,2.667,0.7,4.46890869140625,0.3809523829884261,0.5000000003796342,0.4285408181218601
G1,1,0.3,0.4,2,2.667,0.7,4.4722412109375,0.3809523829888565,0.5000000003799172,0.4285408181276661
G1,1,0.3,0.4,2,2.667,0.7,4.47557373046875,0.3809523829892835,0.5000000003801975,0.4285408181333653
G1,1,0.3,0.4,2,2.667,0.7,4.478906250000001,0.3809523829897082,0.5000000003804772,0.4285408181389667
G1,1,0.3,0.4,2,2.667,0.7,4.48223876953125,0.3809523829901346,0.5000000003807565,0.428540818144485
G1,1,0.3,0.4,2,2.667,0.7,4.4855712890625,0.3809523829905632,0.5000000003810384,0.4285408181499229
G1,1,0.3,0.4,2,2.667,0.7,4.48890380859375,0.380952382990986,0.5000000003813161,0.4285408181552589
G1,1,0.3,0.4,2,2.667,0.7,4.492236328125,0.3809523829914064,0.5000000003815928,0.4285408181605034
G1,1,0.3,0.4,2,2.667,0.7,4.495568847656251,0.380952382991826,0.5000000003818682,0.4285408181656747
G1,1,0.3,0.4,2,2.667,0.7,4.4989013671875,0.3809523829922466,0.5000000003821444,0.4285408181707702
G1,1,0.3,0.4,2,2.667,0.7,4.50223388671875,0.3809523829926652,0.5000000003824194,0.4285408181757526
G1,1,0.3,0.4,2,2.667,0.7,4.50556640625,0.3809523829930824,0.5000000003826931,0.4285408181806709
G1,1,0.3,0.4,2,2.667,0.7,4.50889892578125,0.3809523829934962,0.5000000003829653,0.4285408181855264
G1,1,0.3,0.4,2,2.667,0.7,4.512231445312501,0.3809523829939048,0.500000000383234,0.4285408181902687
G1,1,0.3,0.4,2,2.667,0.7,4.51556396484375,0.3809523829943038,0.5000000003834956,0.4285408181949634
G1,1,0.3,0.4,2,2.667,0.7,4.518896484375,0.380952382994675,0.50000000038374,0.4285408181996038
G1,1,0.3,0.4,2,2.667,0.7,4.52222900390625,0.3809523829950756,0.5000000003840032,0.4285408182041188
G1,1,0.3,0.4,2,2.667,0.7,4.5255615234375,0.3809523829954895,0.5000000003842753,0.4285408182085806
G1,1,0.3,0.4,2,2.667,0.7,4.528894042968751,0.3809523829959181,0.5000000003845566,0.4285408182129448
G1,1,0.3,0.4,2,2.667,0.7,4.5322265625,0.3809523829963495,0.5000000003848404,0.4285408182172341
G1,1,0.3,0.4,2,2.667,0.7,4.53555908203125,0.380952382996783,0.500000000385125,0.4285408182214735
G1,1,0.3,0.4,2,2.667,0.7,4.5388916015625,0.3809523829972199,0.5000000003854118,0.4285408182256019
G1,1,0.3,0.4,2,2.667,0.7,4.54222412109375,0.3809523829976565,0.5000000003856986,0.4285408182296997
G1,1,0.3,0.4,2,2.667,0.7,4.545556640625001,0.3809523829980817,0.5000000003859777,0.4285408182337003
G1,1,0.3,0.4,2,2.667,0.7,4.54888916015625,0.3809523829985075,0.5000000003862578,0.428540818237659
G1,1,0.3,0.4,2,2.667,0.7,4.5522216796875,0.3809523829989301,0.5000000003865355,0.4285408182415406
G1,1,0.3,0.4,2,2.667,0.7,4.55555419921875,0.3809523829993564,0.500000000386815,0.4285408182454765
G1,1,0.3,0.4,2,2.667,0.7,4.55888671875,0.380952382999783,0.5000000003870954,0.4285408182493568
G1,1,0.3,0.4,2,2.667,0.7,4.562219238281251,0.3809523830002104,0.5000000003873756,0.4285408182532204
G1,1,0.3,0.4,2,2.667,0.7,4.5655517578125,0.3809523830006399,0.5000000003876582,0.4285408182570961
G1,1,0.3,0.4,2,2.667,0.7,4.56888427734375,0.3809523830010675,0.5000000003879387,0.4285408182608759
G1,1,0.3,0.4,2,2.667,0.7,4.572216796875,0.3809523830014949,0.5000000003882195,0.4285408182646335
G1,1,0.3,0.4,2,2.667,0.7,4.57554931640625,0.3809523830019179,0.5000000003884972,0.4285408182682836
G1,1,0.3,0.4,2,2.667,0.7,4.578881835937501,0.3809523830023416,0.5000000003887759,0.4285408182719223
G1,1,0.3,0.4,2,2.667,0.7,4.58221435546875,0.380952383002765,0.5000000003890539,0.4285408182754464
G1,1,0.3,0.4,2,2.667,0.7,4.585546875,0.3809523830031909,0.5000000003893333,0.4285408182789625
G1,1,0.3,0.4,2,2.667,0.7,4.58887939453125,0.3809523830036112,0.5000000003896092,0.4285408182823717
G1,1,0.3,0.4,2,2.667,0.7,4.5922119140625,0.3809523830040326,0.5000000003898865,0.4285408182857696
G1,1,0.3,0.4,2,2.667,0.7,4.595544433593751,0.3809523830044497,0.5000000003901602,0.4285408182890713
G1,1,0.3,0.4,2,2.667,0.7,4.598876953125,0.3809523830048659,0.5000000003904335,0.4285408182923512
G1,1,0.3,0.4,2,2.667,0.7,4.60220947265625,0.380952383005275,0.5000000003907024,0.4285408182955575
G1,1,0.3,0.4,2,2.667,0.7,4.6055419921875,0.3809523830056784,0.5000000003909673,0.4285408182987244
G1,1,0.3,0.4,2,2.667,0.7,4.60887451171875,0.3809523830060771,0.5000000003912287,0.428540818301847
G1,1,0.3,0.4,2,2.667,0.7,4.612207031250001,0.3809523830064619,0.5000000003914818,0.4285408183049015
G1,1,0.3,0.4,2,2.667,0.7,4.61553955078125,0.380952383006849,0.5000000003917361,0.4285408183079471
G1,1,0.3,0.4,2,2.667,0.7,4.6188720703125,0.3809523830072682,0.5000000003920111,0.428540818310862
G1,1,0.3,0.4,2,2.667,0.7,4.62220458984375,0.3809523830076896,0.5000000003922883,0.428540818313777
G1,1,0.3,0.4,2,2.667,0.7,4.625537109375,0.3809523830081242,0.5000000003925733,0.4285408183166055
G1,1,0.3,0.4,2,2.667,0.7,4.628869628906251,0.3809523830085684,0.5000000003928651,0.4285408183193857
G1,1,0.3,0.4,2,2.667,0.7,4.6322021484375,0.3809523830090151,0.5000000003931583,0.4285408183221494
G1,1,0.3,0.4,2,2.667,0.7,4.63553466796875,0.3809523830094582,0.5000000003934491,0.4285408183248084
G1,1,0.3,0.4,2,2.667,0.7,4.6388671875,0.380952383009902,0.5000000003937409,0.4285408183274682
G1,1,0.3,0.4,2,2.667,0.7,4.64219970703125,0.380952383010344,0.5000000003940311,0.4285408183300666
G1,1,0.3,0.4,2,2.667,0.7,4.645532226562501,0.3809523830107811,0.5000000003943185,0.4285408183326078
G1,1,0.3,0.4,2,2.667,0.7,4.64886474609375,0.3809523830112206,0.5000000003946068,0.4285408183351477
G1,1,0.3,0.4,2,2.667,0.7,4.652197265625,0.3809523830116543,0.5000000003948915,0.4285408183375978
G1,1,0.3,0.4,2,2.667,0.7,4.65552978515625,0.3809523830120857,0.5000000003951748,0.4285408183400213
G1,1,0.3,0.4,2,2.667,0.7,4.6588623046875,0.3809523830125206,0.5000000003954602,0.4285408183424447
G1,1,0.3,0.4,2,2.667,0.7,4.662194824218751,0.380952383012954,0.5000000003957449,0.4285408183448338
G1,1,0.3,0.4,2,2.667,0.7,4.66552734375,0.38095238301339,0.500000000396031,0.4285408183472532
G1,1,0.3,0.4,2,2.667,0.7,4.66885986328125,0.3809523830138284,0.5000000003963188,0.4285408183496666
G1,1,0.3,0.4,2,2.667,0.7,4.6721923828125,0.3809523830142609,0.500000000396603,0.428540818351968
G1,1,0.3,0.4,2,2.667,0.7,4.67552490234375,0.380952383014695,0.5000000003968879,0.4285408183542688
G1,1,0.3,0.4,2,2.667,0.7,4.678857421875001,0.3809523830151298,0.5000000003971733,0.4285408183565623
G1,1,0.3,0.4,2,2.667,0.7,4.68218994140625,0.3809523830155559,0.5000000003974531,0.4285408183587466
G1,1,0.3,0.4,2,2.667,0.7,4.6855224609375,0.3809523830159827,0.5000000003977336,0.4285408183609303
G1,1,0.3,0.4,2,2.667,0.7,4.68885498046875,0.3809523830164117,0.5000000003980145,0.4285408183631135
G1,1,0.3,0.4,2,2.667,0.7,4.6921875,0.3809523830168401,0.5000000003982964,0.4285408183651867
G1,1,0.3,0.4,2,2.667,0.7,4.695520019531251,0.3809523830172691,0.5000000003985779,0.4285408183672493
G1,1,0.3,0.4,2,2.667,0.7,4.6988525390625,0.3809523830176989,0.5000000003988602,0.4285408183693113
G1,1,0.3,0.4,2,2.667,0.7,4.70218505859375,0.3809523830181309,0.5000000003991438,0.4285408183713005
G1,1,0.3,0.4,2,2.667,0.7,4.705517578125,0.3809523830185652,0.5000000003994289,0.4285408183732379
G1,1,0.3,0.4,2,2.667,0.7,4.70885009765625,0.3809523830190003,0.5000000003997144,0.4285408183751749
G1,1,0.3,0.4,2,2.667,0.7,4.712182617187501,0.3809523830194358,0.5000000004000004,0.4285408183770997
G1,1,0.3,0.4,2,2.667,0.7,4.71551513671875,0.3809523830198627,0.5000000004002804,0.4285408183789202
G1,1,0.3,0.4,2,2.667,0.7,4.71884765625,0.3809523830202912,0.5000000004005621,0.4285408183807398
G1,1,0.3,0.4,2,2.667,0.7,4.72218017578125,0.38095238302072,0.5000000004008437,0.4285408183825586
G1,1,0.3,0.4,2,2.667,0.7,4.7255126953125,0.3809523830211494,0.5000000004011254,0.4285408183843304
G1,1,0.3,0.4,2,2.667,0.7,4.728845214843751,0.3809523830215747,0.5000000004014047,0.4285408183860303
G1,1,0.3,0.4,2,2.667,0.7,4.732177734375,0.3809523830220019,0.5000000004016849,0.428540818387729
G1,1,0.3,0.4,2,2.667,0.7,4.73551025390625,0.3809523830224297,0.5000000004019658,0.4285408183894272
G1,1,0.3,0.4,2,2.667,0.7,4.7388427734375,0.380952383022858,0.500000000402247,0.4285408183910689
G1,1,0.3,0.4,2,2.667,0.7,4.74217529296875,0.3809523830232842,0.500000000402527,0.4285408183926467
G1,1,0.3,0.4,2,2.667,0.7,4.745507812500001,0.3809523830237116,0.5000000004028072,0.4285408183942239
G1,1,0.3,0.4,2,2.667,0.7,4.74884033203125,0.3809523830241396,0.5000000004030882,0.4285408183958008
G1,1,0.3,0.4,2,2.667,0.7,4.7521728515625,0.3809523830245682,0.5000000004033698,0.4285408183973457
G1,1,0.3,0.4,2,2.667,0.7,4.75550537109375,0.3809523830249916,0.5000000004036482,0.4285408183988046
G1,1,0.3,0.4,2,2.667,0.7,4.758837890625,0.380952383025416,0.5000000004039259,0.428540818400263
G1,1,0.3,0.4,2,2.667,0.7,4.762170410156251,0.3809523830258408,0.5000000004042056,0.4285408184017208
G1,1,0.3,0.4,2,2.667,0.7,4.7655029296875,0.3809523830262706,0.5000000004044873,0.4285408184032366
G1,1,0.3,0.4,2,2.667,0.7,4.76883544921875,0.3809523830266977,0.5000000004047681,0.4285408184047116
G1,1,0.3,0.4,2,2.667,0.7,4.77216796875,0.380952383027126,0.5000000004050482,0.4285408184061678
G1,1,0.3,0.4,2,2.667,0.7,4.77550048828125,0.3809523830275539,0.5000000004053299,0.4285408184076235
G1,1,0.3,0.4,2,2.667,0.7,4.778833007812501,0.3809523830279836,0.500000000405612,0.4285408184090788
G1,1,0.3,0.4,2,2.667,0.7,4.78216552734375,0.380952383028413,0.5000000004058935,0.4285408184104944
G1,1,0.3,0.4,2,2.667,0.7,4.785498046875,0.3809523830288393,0.5000000004061734,0.4285408184118305
G1,1,0.3,0.4,2,2.667,0.7,4.78883056640625,0.3809523830292653,0.5000000004064538,0.4285408184131663
G1,1,0.3,0.4,2,2.667,0.7,4.7921630859375,0.3809523830296933,0.5000000004067338,0.4285408184145015
G1,1,0.3,0.4,2,2.667,0.7,4.795495605468751,0.3809523830301209,0.500000000407015,0.4285408184158369
G1,1,0.3,0.4,2,2.667,0.7,4.798828125,0.3809523830305484,0.5000000004072955,0.4285408184171134
G1,1,0.3,0.4,2,2.667,0.7,4.80216064453125,0.3809523830309731,0.500000000407574,0.4285408184183292
G1,1,0.3,0.4,2,2.667,0.7,4.805493164062501,0.3809523830313986,0.500000000407854,0.4285408184195447
G1,1,0.3,0.4,2,2.667,0.7,4.80882568359375,0.3809523830318253,0.5000000004081333,0.4285408184207595
G1,1,0.3,0.4,2,2.667,0.7,4.812158203125001,0.3809523830322514,0.5000000004084139,0.4285408184219736
G1,1,0.3,0.4,2,2.667,0.7,4.81549072265625,0.3809523830326789,0.5000000004086942,0.4285408184231589
G1,1,0.3,0.4,2,2.667,0.7,4.8188232421875,0.3809523830331001,0.5000000004089705,0.4285408184242556
G1,1,0.3,0.4,2,2.667,0.7,4.822155761718751,0.3809523830335219,0.5000000004092477,0.4285408184253516
G1,1,0.3,0.4,2,2.667,0.7,4.82548828125,0.3809523830339451,0.5000000004095249,0.4285408184264476
G1,1,0.3,0.4,2,2.667,0.7,4.828820800781251,0.3809523830343682,0.5000000004098029,0.4285408184275429
G1,1,0.3,0.4,2,2.667,0.7,4.8321533203125,0.380952383034791,0.5000000004100803,0.428540818428638
G1,1,0.3,0.4,2,2.667,0.7,4.83548583984375,0.3809523830352142,0.5000000004103584,0.4285408184296697
G1,1,0.3,0.4,2,2.667,0.7,4.838818359375001,0.3809523830356356,0.5000000004106345,0.4285408184306441
G1,1,0.3,0.4,2,2.667,0.7,4.84215087890625,0.3809523830360567,0.5000000004109112,0.428540818431619
G1,1,0.3,0.4,2,2.667,0.7,4.845483398437501,0.380952383036478,0.500000000411188,0.4285408184325941
G1,1,0.3,0.4,2,2.667,0.7,4.84881591796875,0.3809523830368994,0.5000000004114648,0.4285408184335683
G1,1,0.3,0.4,2,2.667,0.7,4.8521484375,0.3809523830373225,0.5000000004117422,0.4285408184345428
G1,1,0.3,0.4,2,2.667,0.7,4.855480957031251,0.3809523830377448,0.5000000004120192,0.4285408184354894
G1,1,0.3,0.4,2,2.667,0.7,4.8588134765625,0.3809523830381639,0.5000000004122945,0.4285408184363443
G1,1,0.3,0.4,2,2.667,0.7,4.862145996093751,0.3809523830385828,0.5000000004125691,0.4285408184371987
G1,1,0.3,0.4,2,2.667,0.7,4.865478515625,0.3809523830390021,0.500000000412845,0.4285408184380528
G1,1,0.3,0.4,2,2.667,0.7,4.86881103515625,0.3809523830394227,0.5000000004131206,0.4285408184389073
G1,1,0.3,0.4,2,2.667,0.7,4.872143554687501,0.3809523830398451,0.5000000004133978,0.4285408184397616
G1,1,0.3,0.4,2,2.667,0.7,4.87547607421875,0.3809523830402684,0.500000000413676,0.4285408184407198
G1,1,0.3,0.4,2,2.667,0.7,4.878808593750001,0.3809523830406933,0.5000000004139546,0.4285408184416423
G1,1,0.3,0.4,2,2.667,0.7,4.88214111328125,0.3809523830411169,0.5000000004142322,0.4285408184424957
G1,1,0.3,0.4,2,2.667,0.7,4.8854736328125,0.3809523830415402,0.5000000004145109,0.4285408184433483
G1,1,0.3,0.4,2,2.667,0.7,4.888806152343751,0.3809523830419644,0.5000000004147892,0.4285408184442006
G1,1,0.3,0.4,2,2.667,0.7,4.892138671875,0.3809523830423907,0.5000000004150685,0.4285408184450527
G1,1,0.3,0.4,2,2.667,0.7,4.895471191406251,0.3809523830428163,0.5000000004153474,0.4285408184459042
G1,1,0.3,0.4,2,2.667,0.7,4.8988037109375,0.3809523830432426,0.500000000415628,0.4285408184467554
G1,1,0.3,0.4,2,2.667,0.7,4.90213623046875,0.3809523830436674,0.5000000004159059,0.4285408184475575
G1,1,0.3,0.4,2,2.667,0.7,4.905468750000001,0.3809523830440859,0.5000000004161818,0.4285408184482927
G1,1,0.3,0.4,2,2.667,0.7,4.90880126953125,0.3809523830445048,0.5000000004164561,0.4285408184490275
G1,1,0.3,0.4,2,2.667,0.7,4.912133789062501,0.380952383044924,0.5000000004167311,0.4285408184497618
G1,1,0.3,0.4,2,2.667,0.7,4.91546630859375,0.3809523830453432,0.5000000004170072,0.4285408184504961
G1,1,0.3,0.4,2,2.667,0.7,4.918798828125,0.3809523830457636,0.5000000004172828,0.4285408184512297
G1,1,0.3,0.4,2,2.667,0.7,4.922131347656251,0.3809523830461841,0.500000000417559,0.4285408184519635
G1,1,0.3,0.4,2,2.667,0.7,4.9254638671875,0.3809523830466062,0.5000000004178357,0.4285408184526964
G1,1,0.3,0.4,2,2.667,0.7,4.928796386718751,0.3809523830470283,0.5000000004181121,0.4285408184533618
G1,1,0.3,0.4,2,2.667,0.7,4.93212890625,0.3809523830474497,0.5000000004183895,0.428540818453973
G1,1,0.3,0.4,2,2.667,0.7,4.93546142578125,0.3809523830478717,0.5000000004186661,0.4285408184545839
G1,1,0.3,0.4,2,2.667,0.7,4.938793945312501,0.3809523830482942,0.5000000004189439,0.428540818455195
G1,1,0.3,0.4,2,2.667,0.7,4.94212646484375,0.3809523830487166,0.5000000004192205,0.4285408184558054
G1,1,0.3,0.4,2,2.667,0.7,4.945458984375001,0.3809523830491394,0.5000000004194983,0.4285408184564157
G1,1,0.3,0.4,2,2.667,0.7,4.94879150390625,0.3809523830495622,0.5000000004197757,0.4285408184570264
G1,1,0.3,0.4,2,2.667,0.7,4.9521240234375,0.3809523830499864,0.5000000004200542,0.4285408184576369
G1,1,0.3,0.4,2,2.667,0.7,4.955456542968751,0.3809523830504095,0.500000000420332,0.4285408184582468
G1,1,0.3,0.4,2,2.667,0.7,4.9587890625,0.3809523830508296,0.5000000004206083,0.4285408184587909
G1,1,0.3,0.4,2,2.667,0.7,4.962121582031251,0.3809523830512445,0.5000000004208802,0.4285408184592857
G1,1,0.3,0.4,2,2.667,0.7,4.9654541015625,0.380952383051659,0.500000000421152,0.4285408184597796
G1,1,0.3,0.4,2,2.667,0.7,4.96878662109375,0.380952383052074,0.5000000004214238,0.4285408184602736
G1,1,0.3,0.4,2,2.667,0.7,4.972119140625001,0.3809523830524895,0.5000000004216971,0.4285408184607669
G1,1,0.3,0.4,2,2.667,0.7,4.97545166015625,0.3809523830529047,0.5000000004219701,0.4285408184612608
G1,1,0.3,0.4,2,2.667,0.7,4.978784179687501,0.3809523830533205,0.5000000004222426,0.4285408184617542
G1,1,0.3,0.4,2,2.667,0.7,4.98211669921875,0.3809523830537365,0.5000000004225149,0.4285408184622472
G1,1,0.3,0.4,2,2.667,0.7,4.98544921875,0.3809523830541571,0.5000000004227919,0.4285408184627724
G1,1,0.3,0.4,2,2.667,0.7,4.988781738281251,0.3809523830545823,0.5000000004230707,0.4285408184633778
G1,1,0.3,0.4,2,2.667,0.7,4.9921142578125,0.3809523830550057,0.5000000004233487,0.4285408184639401
G1,1,0.3,0.4,2,2.667,0.7,4.995446777343751,0.3809523830554248,0.5000000004236234,0.4285408184644323
G1,1,0.3,0.4,2,2.667,0.7,4.998779296875,0.3809523830558432,0.500000000423898,0.4285408184649243
G1,1,0.3,0.4,2,2.667,0.7,5,0.3809523830559962,0.5000000004239989,0.4285408184651048
G2,1,0.5,0.5,2,2,1,0,1,0.5000000000000001,0
G2,1,0.5,0.5,2,2,1,0.00333251953125,0.9461692010325947,0.4999999999999563,0.00672813889553622
G2,1,0.5,0.5,2,2,1,0.0066650390625,0.8984778028859975,0.4999999999999127,0.01357440246079564
G2,1,0.5,0.5,2,2,1,0.009997558593750001,0.8561630870195148,0.4999999999998685,0.02052607091062003
G2,1,0.5,0.5,2,2,1,0.013330078125,0.8185579533149976,0.4999999999998243,0.02756998654614812
G2,1,0.5,0.5,2,2,1,0.01666259765625,0.7850789814927055,0.4999999999997797,0.034692669406993
G2,1,0.5,0.5,2,2,1,0.0199951171875,0.7552159765208476,0.4999999999997354,0.04188043526733386
G2,1,0.5,0.5,2,2,1,0.02332763671875,0.7285228141296366,0.4999999999996904,0.04911951380558798
G2,1,0.5,0.5,2,2,1,0.02666015625,0.7046094252820846,0.4999999999996453,0.05639616483247513
G2,1,0.5,0.5,2,2,1,0.02999267578125,0.6831347783859392,0.4999999999996,0.06369679058001543
G2,1,0.5,0.5,2,2,1,0.0333251953125,0.6638007355014407,0.4999999999995546,0.07100804222719451
G2,1,0.5,0.5,2,2,1,0.03665771484375,0.6463466741113464,0.4999999999995086,0.07831691905745082
G2,1,0.5,0.5,2,2,1,0.039990234375,0.6305447794396645,0.4999999999994624,0.08561085889798226
G2,1,0.5,0.5,2,2,1,0.04332275390625,0.616195924067123,0.499999999999416,0.09287781876942428
G2,1,0.5,0.5,2,2,1,0.04665527343750001,0.603126061899447,0.4999999999993702,0.1001063449649293
G2,1,0.5,0.5,2,2,1,0.04998779296875,0.5911830725783691,0.4999999999993239,0.1072856320686396
G2,1,0.5,0.5,2,2,1,0.0533203125,0.580234000342353,0.4999999999992779,0.1144055707046754
G2,1,0.5,0.5,2,2,1,0.05665283203125,0.5701626382821996,0.4999999999992317,0.1214567840700933
G2,1,0.5,0.5,2,2,1,0.0599853515625,0.5608674150168411,0.4999999999991855,0.1284306535416624
G2,1,0.5,0.5,2,2,1,0.06331787109375001,0.5522595461427664,0.4999999999991395,0.1353193338514058
G2,1,0.5,0.5,2,2,1,0.066650390625,0.5442614174795165,0.4999999999990936,0.1421157584963369
G2,1,0.5,0.5,2,2,1,0.06998291015625001,0.5368051712249733,0.4999999999990477,0.1488136361820546
G2,1,0.5,0.5,2,2,1,0.0733154296875,0.529831469719115,0.4999999999990021,0.1554074391980039
G2,1,0.5,0.5,2,2,1,0.07664794921875001,0.5232884146561203,0.4999999999989564,0.1618923846856734
G2,1,0.5,0.5,2,2,1,0.07998046875000001,0.5171306023369859,0.4999999999989113,0.1682644097924768
G2,1,0.5,0.5,2,2,1,0.08331298828125,0.5113182979662153,0.4999999999988656,0.1745201417069022
G2,1,0.5,0.5,2,2,1,0.08664550781250001,0.5058167141089106,0.4999999999988204,0.1806568635487491
G2,1,0.5,0.5,2,2,1,0.08997802734375,0.5005953802754951,0.499999999998775,0.1866724770461519
G2,1,0.5,0.5,2,2,1,0.09331054687500001,0.495627592222847,0.4999999999987294,0.1925654628728591
G2,1,0.5,0.5,2,2,1,0.09664306640625001,0.4908899309811176,0.4999999999986837,0.198334839449123
G2,1,0.5,0.5,2,2,1,0.0999755859375,0.4863618428598533,0.4999999999986384,0.2039801209313249
G2,1,0.5,0.5,2,2,1,0.10330810546875,0.4820252727769879,0.4999999999985928,0.2095012750327015
G2,1,0.5,0.5,2,2,1,0.106640625,0.4778643442089939,0.4999999999985474,0.2148986812330993
G2,1,0.5,0.5,2,2,1,0.10997314453125,0.4738650798966504,0.4999999999985021,0.2201730898522531
G2,1,0.5,0.5,2,2,1,0.1133056640625,0.4700151581732217,0.4999999999984561,0.2253255823805568
G2,1,0.5,0.5,2,2,1,0.11663818359375,0.4663037004231814,0.4999999999984108,0.2303575333852959
G2,1,0.5,0.5,2,2,1,0.119970703125,0.4627210857412489,0.4999999999983658,0.2352705742399791
G2,1,0.5,0.5,2,2,1,0.12330322265625,0.4592587893532955,0.4999999999983206,0.2400665588604412
G2,1,0.5,0.5,2,2,1,0.1266357421875,0.4559092417912594,0.4999999999982752,0.2447475315742415
G2,1,0.5,0.5,2,2,1,0.12996826171875,0.4526657061912564,0.49999999999823,0.2493156971996806
G2,1,0.5,0.5,2,2,1,0.13330078125,0.4495221714140583,0.4999999999981851,0.2537733933673954
G2,1,0.5,0.5,2,2,1,0.13663330078125,0.4464732589760974,0.4999999999981401,0.258123065080731
G2,1,0.5,0.5,2,2,1,0.1399658203125,0.443514142032016,0.4999999999980952,0.2623672414805637
G2,1,0.5,0.5,2,2,1,0.14329833984375,0.4406404748711217,0.4999999999980499,0.2665085147553667
G2,1,0.5,0.5,2,2,1,0.146630859375,0.4378483315838486,0.4999999999980054,0.2705495211177563
G2,1,0.5,0.5,2,2,1,0.14996337890625,0.4351341527238089,0.4999999999979607,0.2744929237537044
G2,1,0.5,0.5,2,2,1,0.1532958984375,0.4324946989393387,0.4999999999979158,0.2783413976397927
G2,1,0.5,0.5,2,2,1,0.15662841796875,0.4299270106782156,0.4999999999978711,0.2820976161164347
G2,1,0.5,0.5,2,2,1,0.1599609375,0.4274283731827138,0.4999999999978271,0.2857642391007614
G2,1,0.5,0.5,2,2,1,0.16329345703125,0.4249962860914655,0.4999999999977824,0.2893439028209475
G2,1,0.5,0.5,2,2,1,0.1666259765625,0.4226284370514094,0.4999999999977382,0.2928392109541895
G2,1,0.5,0.5,2,2,1,0.16995849609375,0.4203226788190382,0.4999999999976944,0.2962527270523899
G2,1,0.5,0.5,2,2,1,0.173291015625,0.4180770093965314,0.49999999999765,0.2995869681430597
G2,1,0.5,0.5,2,2,1,0.17662353515625,0.415889554806405,0.4999999999976059,0.3028443993971935
G2,1,0.5,0.5,2,2,1,0.1799560546875,0.4137585541590062,0.4999999999975612,0.3060274297610667
G2,1,0.5,0.5,2,2,1,0.18328857421875,0.4116823467114922,0.4999999999975172,0.309138408454456
G2,1,0.5,0.5,2,2,1,0.18662109375,0.4096593606557061,0.4999999999974726,0.3121796222438631
G2,1,0.5,0.5,2,2,1,0.18995361328125,0.4076881034061196,0.4999999999974281,0.3151532934053795
G2,1,0.5,0.5,2,2,1,0.1932861328125,0.405767153188605,0.4999999999973838,0.3180615782980337
G2,1,0.5,0.5,2,2,1,0.19661865234375,0.403895151756568,0.4999999999973395,0.3209065664746716
G2,1,0.5,0.5,2,2,1,0.199951171875,0.4020707980834978,0.4999999999972951,0.3236902802632848
G2,1,0.5,0.5,2,2,1,0.20328369140625,0.4002928429006381,0.4999999999972507,0.326414674757602
G2,1,0.5,0.5,2,2,1,0.2066162109375,0.3985600839656445,0.4999999999972061,0.3290816381611723
G2,1,0.5,0.5,2,2,1,0.20994873046875,0.3968713619630169,0.4999999999971615,0.3316929924345196
G2,1,0.5,0.5,2,2,1,0.21328125,0.3952255569501791,0.4999999999971173,0.3342504941998038
G2,1,0.5,0.5,2,2,1,0.21661376953125,0.3936215852744067,0.4999999999970733,0.3367558358620557
G2,1,0.5,0.5,2,2,1,0.2199462890625,0.3920583968957434,0.499999999997029,0.3392106469103616
G2,1,0.5,0.5,2,2,1,0.22327880859375,0.3905349730596591,0.4999999999969846,0.3416164953663531
G2,1,0.5,0.5,2,2,1,0.226611328125,0.389050324270718,0.4999999999969394,0.343974889350959
G2,1,0.5,0.5,2,2,1,0.22994384765625,0.3876034885250787,0.4999999999968957,0.346287278743782
G2,1,0.5,0.5,2,2,1,0.2332763671875,0.3861935297653254,0.4999999999968513,0.3485550569125374
G2,1,0.5,0.5,2,2,1,0.23660888671875,0.3848195365260987,0.4999999999968068,0.3507795624926765
G2,1,0.5,0.5,2,2,1,0.23994140625,0.3834806207432664,0.4999999999967621,0.3529620811999792
G2,1,0.5,0.5,2,2,1,0.24327392578125,0.382175916703155,0.4999999999967176,0.3551038476610704
G2,1,0.5,0.5,2,2,1,0.2466064453125,0.3809045801115631,0.4999999999966735,0.3572060472489296
G2,1,0.5,0.5,2,2,1,0.24993896484375,0.3796657872651326,0.4999999999966289,0.3592698179122646
G2,1,0.5,0.5,2,2,1,0.253271484375,0.3784587343100805,0.4999999999965846,0.361296251989313
G2,1,0.5,0.5,2,2,1,0.25660400390625,0.3772826365753978,0.4999999999965403,0.3632863979980446
G2,1,0.5,0.5,2,2,1,0.2599365234375,0.3761367279694856,0.4999999999964959,0.3652412623961399
G2,1,0.5,0.5,2,2,1,0.26326904296875,0.3750202604307605,0.4999999999964512,0.3671618113051628
G2,1,0.5,0.5,2,2,1,0.2666015625,0.3739325034241412,0.499999999996407,0.3690489721944531
G2,1,0.5,0.5,2,2,1,0.26993408203125,0.3728727434765123,0.4999999999963625,0.3709036355211429
G2,1,0.5,0.5,2,2,1,0.2732666015625,0.3718402837452909,0.4999999999963177,0.3727266563234869
G2,1,0.5,0.5,2,2,1,0.27659912109375,0.3708344436150873,0.4999999999962735,0.3745188557653678
G2,1,0.5,0.5,2,2,1,0.279931640625,0.3698545583182233,0.4999999999962287,0.376281022630501
G2,1,0.5,0.5,2,2,1,0.28326416015625,0.3688999785755199,0.4999999999961848,0.3780139147653079
G2,1,0.5,0.5,2,2,1,0.2865966796875,0.3679700702543276,0.4999999999961403,0.3797182604699346
G2,1,0.5,0.5,2,2,1,0.28992919921875,0.3670642140412471,0.4999999999960961,0.3813947598372622
G2,1,0.5,0.5,2,2,1,0.29326171875,0.3661818051274081,0.499999999996051,0.3830440860400604
G2,1,0.5,0.5,2,2,1,0.29659423828125,0.3653222529045229,0.4999999999960069,0.3846668865667481
G2,1,0.5,0.5,2,2,1,0.2999267578125,0.364484980670222,0.4999999999959625,0.3862637844064579
G2,1,0.5,0.5,2,2,1,0.30325927734375,0.3636694253414554,0.4999999999959177,0.3878353791842586
G2,1,0.5,0.5,2,2,1,0.306591796875,0.3628750371749325,0.4999999999958736,0.3893822482475905
G2,1,0.5,0.5,2,2,1,0.30992431640625,0.3621012794937814,0.4999999999958293,0.3909049477050928
G2,1,0.5,0.5,2,2,1,0.3132568359375,0.361347628419747,0.4999999999957851,0.3924040134190662
G2,1,0.5,0.5,2,2,1,0.31658935546875,0.3606135726103867,0.4999999999957397,0.3938799619529605
G2,1,0.5,0.5,2,2,1,0.319921875,0.3598986130008286,0.4999999999956956,0.395333291475277
G2,1,0.5,0.5,2,2,1,0.32325439453125,0.3592022625497412,0.4999999999956511,0.3967644826213242
G2,1,0.5,0.5,2,2,1,0.3265869140625,0.3585240459892597,0.4999999999956066,0.3981739993143573
G2,1,0.5,0.5,2,2,1,0.32991943359375,0.3578634995786546,0.4999999999955623,0.3995622895475433
G2,1,0.5,0.5,2,2,1,0.333251953125,0.3572201708615838,0.499999999995518,0.4009297861282884
G2,1,0.5,0.5,2,2,1,0.33658447265625,0.3565936184268259,0.4999999999954727,0.4022769073863859
G2,1,0.5,0.5,2,2,1,0.3399169921875,0.3559834116724154,0.4999999999954287,0.4036040578475075
G2,1,0.5,0.5,2,2,1,0.34324951171875,0.3553891305731109,0.4999999999953846,0.4049116288734307
G2,1,0.5,0.5,2,2,1,0.34658203125,0.3548103654511947,0.4999999999953402,0.4061999992704968
G2,1,0.5,0.5,2,2,1,0.34991455078125,0.3542467167505583,0.4999999999952957,0.4074695358676547
G2,1,0.5,0.5,2,2,1,0.3532470703125,0.3536977948140937,0.4999999999952514,0.4087205940654661
G2,1,0.5,0.5,2,2,1,0.35657958984375,0.3531632196643863,0.4999999999952065,0.4099535183573993
G2,1,0.5,0.5,2,2,1,0.359912109375,0.3526426207877253,0.4999999999951621,0.4111686428247052
G2,1,0.5,0.5,2,2,1,0.36324462890625,0.3521356369214436,0.4999999999951178,0.4123662916061019
G2,1,0.5,0.5,2,2,1,0.3665771484375,0.3516419158446129,0.4999999999950737,0.4135467793435051
G2,1,0.5,0.5,2,2,1,0.36990966796875,0.3511611141721053,0.4999999999950292,0.4147104116049073
G2,1,0.5,0.5,2,2,1,0.3732421875,0.3506928971520439,0.4999999999949849,0.4158574852855869
G2,1,0.5,0.5,2,2,1,0.37657470703125,0.3502369384666542,0.4999999999949403,0.4169882889886666
G2,1,0.5,0.5,2,2,1,0.3799072265625,0.3497929200365404,0.4999999999948966,0.4181031033861059
G2,1,0.5,0.5,2,2,1,0.38323974609375,0.349360531828378,0.4999999999948517,0.4192022015610435
G2,1,0.5,0.5,2,2,1,0.386572265625,0.3489394716660539,0.4999999999948073,0.420285849332503
G2,1,0.5,0.5,2,2,1,0.38990478515625,0.3485294450452404,0.499999999994763,0.4213543055633258
G2,1,0.5,0.5,2,2,1,0.3932373046875,0.3481301649514097,0.4999999999947185,0.4224078224522038
G2,1,0.5,0.5,2,2,1,0.39656982421875,0.3477413516812889,0.4999999999946742,0.4234466458106611
G2,1,0.5,0.5,2,2,1,0.39990234375,0.3473627326677402,0.4999999999946296,0.4244710153257213
G2,1,0.5,0.5,2,2,1,0.40323486328125,0.3469940423080623,0.4999999999945848,0.4254811648090529
G2,1,0.5,0.5,2,2,1,0.4065673828125,0.3466350217956965,0.4999999999945413,0.4264773224332956
G2,1,0.5,0.5,2,2,1,0.40989990234375,0.3462854189553166,0.4999999999944961,0.4274597109562382
G2,1,0.5,0.5,2,2,1,0.413232421875,0.3459449880812858,0.4999999999944519,0.4284285479334945
G2,1,0.5,0.5,2,2,1,0.41656494140625,0.3456134897794504,0.4999999999944074,0.4293840459203052
G2,1,0.5,0.5,2,2,1,0.4198974609375,0.3452906908122517,0.4999999999943635,0.4303264126630393
G2,1,0.5,0.5,2,2,1,0.42322998046875,0.3449763639471116,0.4999999999943188,0.4312558512809507
G2,1,0.5,0.5,2,2,1,0.4265625,0.3446702878080771,0.4999999999942745,0.4321725604387132
G2,1,0.5,0.5,2,2,1,0.42989501953125,0.3443722467306717,0.4999999999942302,0.4330767345102261
G2,1,0.5,0.5,2,2,1,0.4332275390625,0.3440820306199264,0.4999999999941856,0.4339685637342015
G2,1,0.5,0.5,2,2,1,0.43656005859375,0.3437994348115472,0.4999999999941412,0.4348482343619121
G2,1,0.5,0.5,2,2,1,0.439892578125,0.3435242599361789,0.4999999999940971,0.4357159287976002
G2,1,0.5,0.5,2,2,1,0.44322509765625,0.3432563117867239,0.4999999999940526,0.4365718257318866
G2,1,0.5,0.5,2,2,1,0.4465576171875,0.3429954011886678,0.4999999999940081,0.4374161002686121
G2,1,0.5,0.5,2,2,1,0.44989013671875,0.3427413438733712,0.4999999999939641,0.4382489240454233
G2,1,0.5,0.5,2,2,1,0.45322265625,0.3424939603542781,0.499999999993919,0.4390704653484931
G2,1,0.5,0.5,2,2,1,0.45655517578125,0.3422530758059967,0.4999999999938747,0.439880889221649
G2,1,0.5,0.5,2,2,1,0.4598876953125,0.3420185199461994,0.4999999999938305,0.4406803575702615
G2,1,0.5,0.5,2,2,1,0.46322021484375,0.3417901269202991,0.4999999999937864,0.4414690292601408
G2,1,0.5,0.5,2,2,1,0.466552734375,0.3415677351888528,0.4999999999937418,0.4422470602117498
G2,1,0.5,0.5,2,2,1,0.46988525390625,0.3413511874176343,0.4999999999936976,0.4430146034899464
G2,1,0.5,0.5,2,2,1,0.4732177734375,0.3411403303703393,0.4999999999936529,0.4437718093895631
G2,1,0.5,0.5,2,2,1,0.47655029296875,0.3409350148038623,0.4999999999936087,0.4445188255169789
G2,1,0.5,0.5,2,2,1,0.4798828125,0.3407350953661021,0.4999999999935644,0.4452557968679674
G2,1,0.5,0.5,2,2,1,0.48321533203125,0.3405404304962411,0.4999999999935202,0.4459828659019811
G2,1,0.5,0.5,2,2,1,0.4865478515625,0.340350882327456,0.4999999999934757,0.4467001726130884
G2,1,0.5,0.5,2,2,1,0.48988037109375,0.3401663165919994,0.4999999999934314,0.4474078545977396
G2,1,0.5,0.5,2,2,1,0.493212890625,0.339986602528616,0.499999999993387,0.448106047119522
G2,1,0.5,0.5,2,2,1,0.49654541015625,0.3398116127922337,0.4999999999933427,0.4487948831711018
G2,1,0.5,0.5,2,2,1,0.4998779296875,0.3396412233658865,0.4999999999932985,0.4494744935334727
G2,1,0.5,0.5,2,2,1,0.50321044921875,0.3394753134748226,0.499999999993254,0.4501450068326631
G2,1,0.5,0.5,2,2,1,0.50654296875,0.3393137655027442,0.4999999999932093,0.4508065495940462
G2,1,0.5,0.5,2,2,1,0.5098754882812501,0.3391564649101388,0.4999999999931653,0.4514592462943967
G2,1,0.5,0.5,2,2,1,0.5132080078125,0.33900330015465,0.49999999999312,0.4521032194117663
G2,1,0.5,0.5,2,2,1,0.51654052734375,0.3388541626134476,0.4999999999930759,0.4527385894733568
G2,1,0.5,0.5,2,2,1,0.519873046875,0.3387089465075447,0.4999999999930312,0.453365475101445
G2,1,0.5,0.5,2,2,1,0.52320556640625,0.338567548828025,0.4999999999929869,0.4539839930575037
G2,1,0.5,0.5,2,2,1,0.5265380859375001,0.3384298692641298,0.4999999999929423,0.4545942582845841
G2,1,0.5,0.5,2,2,1,0.52987060546875,0.3382958101331653,0.4999999999928984,0.455196383948062
G2,1,0.5,0.5,2,2,1,0.533203125,0.33816527631219,0.4999999999928542,0.45579048147484
G2,1,0.5,0.5,2,2,1,0.53653564453125,0.3380381751714316,0.4999999999928099,0.4563766605910763
G2,1,0.5,0.5,2,2,1,0.5398681640625,0.337914416509403,0.4999999999927655,0.4569550293585334
G2,1,0.5,0.5,2,2,1,0.5432006835937501,0.337793912489668,0.4999999999927214,0.4575256942095812
G2,1,0.5,0.5,2,2,1,0.546533203125,0.337676577579227,0.499999999992677,0.4580887599809669
G2,1,0.5,0.5,2,2,1,0.54986572265625,0.3375623284884728,0.4999999999926328,0.4586443299463933
G2,1,0.5,0.5,2,2,1,0.5531982421875,0.3374510841126876,0.4999999999925886,0.4591925058479672
G2,1,0.5,0.5,2,2,1,0.55653076171875,0.3373427654750373,0.4999999999925445,0.4597333879265687
G2,1,0.5,0.5,2,2,1,0.5598632812500001,0.3372372956710329,0.4999999999924993,0.4602670749512222
G2,1,0.5,0.5,2,2,1,0.56319580078125,0.3371345998144172,0.4999999999924558,0.4607936642474633
G2,1,0.5,0.5,2,2,1,0.5665283203125,0.3370346049844445,0.4999999999924115,0.4613132517248343
G2,1,0.5,0.5,2,2,1,0.56986083984375,0.3369372401745221,0.4999999999923671,0.4618259319034638
G2,1,0.5,0.5,2,2,1,0.573193359375,0.3368424362421719,0.4999999999923229,0.4623317979398424
G2,1,0.5,0.5,2,2,1,0.5765258789062501,0.3367501258602863,0.4999999999922784,0.4628309416517805
G2,1,0.5,0.5,2,2,1,0.5798583984375,0.3366602434696456,0.4999999999922339,0.4633234535426405
G2,1,0.5,0.5,2,2,1,0.58319091796875,0.3365727252326604,0.4999999999921891,0.4638094228248283
G2,1,0.5,0.5,2,2,1,0.5865234375,0.3364875089883177,0.4999999999921448,0.4642889374426085
G2,1,0.5,0.5,2,2,1,0.58985595703125,0.3364045342082834,0.499999999992101,0.4647620840942652
G2,1,0.5,0.5,2,2,1,0.5931884765625001,0.3363237419541565,0.4999999999920567,0.4652289482536395
G2,1,0.5,0.5,2,2,1,0.59652099609375,0.3362450748358241,0.4999999999920121,0.4656896141910751
G2,1,0.5,0.5,2,2,1,0.599853515625,0.3361684769709002,0.4999999999919675,0.466144164993796
G2,1,0.5,0.5,2,2,1,0.60318603515625,0.3360938939452184,0.4999999999919227,0.4665926825857295
G2,1,0.5,0.5,2,2,1,0.6065185546875,0.3360212727743541,0.4999999999918791,0.4670352477468243
G2,1,0.5,0.5,2,2,1,0.6098510742187501,0.335950561866144,0.4999999999918346,0.4674719401318727
G2,1,0.5,0.5,2,2,1,0.6131835937500001,0.3358817109841837,0.4999999999917901,0.4679028382888414
G2,1,0.5,0.5,2,2,1,0.61651611328125,0.3358146712122786,0.4999999999917454,0.4683280196767669
G2,1,0.5,0.5,2,2,1,0.6198486328125,0.3357493949198138,0.4999999999917015,0.4687475606832051
G2,1,0.5,0.5,2,2,1,0.62318115234375,0.3356858357280373,0.499999999991657,0.4691615366412533
G2,1,0.5,0.5,2,2,1,0.6265136718750001,0.3356239484772129,0.499999999991613,0.4695700218461997
G2,1,0.5,0.5,2,2,1,0.6298461914062501,0.3355636891946356,0.4999999999915681,0.4699730895717483
G2,1,0.5,0.5,2,2,1,0.6331787109375,0.3355050150634834,0.4999999999915239,0.4703708120859141
G2,1,0.5,0.5,2,2,1,0.63651123046875,0.3354478843924767,0.4999999999914799,0.47076326066653
G2,1,0.5,0.5,2,2,1,0.63984375,0.3353922565863378,0.4999999999914359,0.4711505056164353
G2,1,0.5,0.5,2,2,1,0.6431762695312501,0.3353380921170144,0.4999999999913913,0.4715326162783171
G2,1,0.5,0.5,2,2,1,0.6465087890625001,0.3352853524956655,0.499999999991347,0.4719096610492534
G2,1,0.5,0.5,2,2,1,0.64984130859375,0.3352340002453682,0.4999999999913021,0.4722817073949362
G2,1,0.5,0.5,2,2,1,0.653173828125,0.3351839988745512,0.4999999999912574,0.4726488218635942
G2,1,0.5,0.5,2,2,1,0.65650634765625,0.3351353128511109,0.4999999999912129,0.4730110700996725
G2,1,0.5,0.5,2,2,1,0.6598388671875001,0.3350879075772151,0.4999999999911687,0.4733685168571726
G2,1,0.5,0.5,2,2,1,0.6631713867187501,0.3350417493647614,0.4999999999911246,0.4737212260127949
G2,1,0.5,0.5,2,2,1,0.66650390625,0.3349968054114788,0.49999999999108,0.4740692605787777
G2,1,0.5,0.5,2,2,1,0.66983642578125,0.3349530437776573,0.4999999999910359,0.4744126827155122
G2,1,0.5,0.5,2,2,1,0.6731689453125,0.3349104333634846,0.4999999999909911,0.4747515537439048
G2,1,0.5,0.5,2,2,1,0.6765014648437501,0.3348689438869791,0.4999999999909466,0.4750859341575292
G2,1,0.5,0.5,2,2,1,0.6798339843750001,0.3348285458625002,0.499999999990902,0.4754158836345325
G2,1,0.5,0.5,2,2,1,0.68316650390625,0.334789210579822,0.4999999999908581,0.4757414610493307
G2,1,0.5,0.5,2,2,1,0.6864990234375,0.3347509100837538,0.499999999990814,0.4760627244840951
G2,1,0.5,0.5,2,2,1,0.68983154296875,0.3347136171543,0.4999999999907691,0.4763797312400433
G2,1,0.5,0.5,2,2,1,0.6931640625000001,0.3346773052873366,0.4999999999907246,0.4766925378484942
G2,1,0.5,0.5,2,2,1,0.6964965820312501,0.3346419486757942,0.49999999999068,0.4770012000817966
G2,1,0.5,0.5,2,2,1,0.6998291015625,0.334607522191337,0.4999999999906355,0.4773057729640053
G2,1,0.5,0.5,2,2,1,0.70316162109375,0.3345740013665222,0.4999999999905911,0.4776063107814041
G2,1,0.5,0.5,2,2,1,0.706494140625,0.3345413623774259,0.4999999999905473,0.47790286709286
G2,1,0.5,0.5,2,2,1,0.7098266601562501,0.3345095820267259,0.4999999999905029,0.4781954947399791
G2,1,0.5,0.5,2,2,1,0.7131591796875001,0.3344786377272309,0.499999999990458,0.478484245857116
G2,1,0.5,0.5,2,2,1,0.71649169921875,0.3344485074858367,0.4999999999904133,0.4787691718812092
G2,1,0.5,0.5,2,2,1,0.71982421875,0.3344191698879113,0.4999999999903691,0.479050323561461
G2,1,0.5,0.5,2,2,1,0.72315673828125,0.3343906040820813,0.4999999999903251,0.4793277509688559
G2,1,0.5,0.5,2,2,1,0.7264892578125001,0.3343627897654253,0.4999999999902806,0.4796015035055365
G2,1,0.5,0.5,2,2,1,0.7298217773437501,0.3343357071690527,0.499999999990236,0.4798716299140219
G2,1,0.5,0.5,2,2,1,0.733154296875,0.3343093370440601,0.4999999999901917,0.4801381782862817
G2,1,0.5,0.5,2,2,1,0.73648681640625,0.3342836606478611,0.4999999999901475,0.4804011960726751
G2,1,0.5,0.5,2,2,1,0.7398193359375,0.3342586597308689,0.4999999999901029,0.4806607300907488
G2,1,0.5,0.5,2,2,1,0.7431518554687501,0.3342343165235365,0.4999999999900588,0.480916826533896
G2,1,0.5,0.5,2,2,1,0.7464843750000001,0.334210613723729,0.4999999999900144,0.4811695309798867
G2,1,0.5,0.5,2,2,1,0.74981689453125,0.3341875344844342,0.4999999999899695,0.4814188883992659
G2,1,0.5,0.5,2,2,1,0.7531494140625,0.3341650624017939,0.4999999999899256,0.4816649431636274
G2,1,0.5,0.5,2,2,1,0.75648193359375,0.3341431815034483,0.499999999989881,0.4819077390537652
G2,1,0.5,0.5,2,2,1,0.7598144531250001,0.3341218762371893,0.4999999999898364,0.4821473192677003
G2,1,0.5,0.5,2,2,1,0.7631469726562501,0.3341011314599115,0.4999999999897926,0.4823837264285772
G2,1,0.5,0.5,2,2,1,0.7664794921875,0.3340809324268497,0.4999999999897476,0.4826170025924751
G2,1,0.5,0.5,2,2,1,0.76981201171875,0.3340612647811061,0.4999999999897027,0.4828471892560757
G2,1,0.5,0.5,2,2,1,0.77314453125,0.3340421145434467,0.4999999999896582,0.4830743273642255
G2,1,0.5,0.5,2,2,1,0.7764770507812501,0.3340234681023712,0.4999999999896143,0.4832984573173951
G2,1,0.5,0.5,2,2,1,0.7798095703125001,0.3340053122044361,0.4999999999895695,0.4835196189790199
G2,1,0.5,0.5,2,2,1,0.78314208984375,0.3339876339448423,0.4999999999895248,0.4837378516827499
G2,1,0.5,0.5,2,2,1,0.786474609375,0.3339704207582627,0.4999999999894803,0.4839531942395799
G2,1,0.5,0.5,2,2,1,0.78980712890625,0.3339536604099146,0.4999999999894361,0.4841656849448896
G2,1,0.5,0.5,2,2,1,0.7931396484375001,0.3339373409868626,0.4999999999893915,0.4843753615853733
G2,1,0.5,0.5,2,2,1,0.7964721679687501,0.3339214508895577,0.4999999999893474,0.484582261445877
G2,1,0.5,0.5,2,2,1,0.7998046875,0.3339059788235896,0.4999999999893027,0.484786421316138
G2,1,0.5,0.5,2,2,1,0.80313720703125,0.3338909137916638,0.4999999999892581,0.4849878774974333
G2,1,0.5,0.5,2,2,1,0.8064697265625,0.3338762450857847,0.4999999999892137,0.4851866658091191
G2,1,0.5,0.5,2,2,1,0.8098022460937501,0.3338619622796473,0.4999999999891689,0.4853828215950991
G2,1,0.5,0.5,2,2,1,0.8131347656250001,0.3338480552212268,0.4999999999891238,0.4855763797301932
G2,1,0.5,0.5,2,2,1,0.81646728515625,0.3338345140255629,0.4999999999890792,0.4857673746264105
G2,1,0.5,0.5,2,2,1,0.8197998046875,0.3338213290677369,0.4999999999890344,0.4859558402391458
G2,1,0.5,0.5,2,2,1,0.82313232421875,0.3338084909760312,0.49999999998899,0.4861418100732825
G2,1,0.5,0.5,2,2,1,0.8264648437500001,0.3337959906252654,0.4999999999889453,0.4863253171892157
G2,1,0.5,0.5,2,2,1,0.8297973632812501,0.3337838191303166,0.4999999999889005,0.4865063942087894
G2,1,0.5,0.5,2,2,1,0.8331298828125,0.3337719678398003,0.4999999999888559,0.4866850733211561
G2,1,0.5,0.5,2,2,1,0.83646240234375,0.3337604283299251,0.4999999999888111,0.486861386288546
G2,1,0.5,0.5,2,2,1,0.839794921875,0.3337491923985035,0.4999999999887663,0.4870353644519677
G2,1,0.5,0.5,2,2,1,0.8431274414062501,0.3337382520591226,0.4999999999887216,0.4872070387368261
G2,1,0.5,0.5,2,2,1,0.8464599609375001,0.3337275995354693,0.4999999999886765,0.4873764396584642
G2,1,0.5,0.5,2,2,1,0.84979248046875,0.3337172272558033,0.4999999999886313,0.4875435973276267
G2,1,0.5,0.5,2,2,1,0.853125,0.3337071278475749,0.4999999999885864,0.4877085414558454
G2,1,0.5,0.5,2,2,1,0.85645751953125,0.3336972941321851,0.4999999999885411,0.4878713013607656
G2,1,0.5,0.5,2,2,1,0.8597900390625001,0.333687719119885,0.4999999999884958,0.4880319059713911
G2,1,0.5,0.5,2,2,1,0.8631225585937501,0.3336783960048055,0.4999999999884502,0.4881903838332464
G2,1,0.5,0.5,2,2,1,0.866455078125,0.3336693181601227,0.4999999999884056,0.4883467631134935
G2,1,0.5,0.5,2,2,1,0.86978759765625,0.3336604791333458,0.4999999999883605,0.4885010716059582
G2,1,0.5,0.5,2,2,1,0.8731201171875,0.3336518726417317,0.4999999999883152,0.4886533367361012
G2,1,0.5,0.5,2,2,1,0.8764526367187501,0.3336434925678196,0.4999999999882698,0.4888035855659111
G2,1,0.5,0.5,2,2,1,0.8797851562500001,0.3336353329550849,0.4999999999882244,0.4889518447987426
G2,1,0.5,0.5,2,2,1,0.88311767578125,0.3336273880037012,0.4999999999881784,0.4890981407840758
G2,1,0.5,0.5,2,2,1,0.8864501953125,0.3336196520664231,0.4999999999881337,0.4892424995222254
G2,1,0.5,0.5,2,2,1,0.88978271484375,0.3336121196445676,0.499999999988088,0.4893849466689889
G2,1,0.5,0.5,2,2,1,0.8931152343750001,0.3336047853841092,0.499999999988043,0.4895255075402078
G2,1,0.5,0.5,2,2,1,0.8964477539062501,0.3335976440718733,0.4999999999879975,0.4896642071162866
G2,1,0.5,0.5,2,2,1,0.8997802734375,0.3335906906318312,0.4999999999879517,0.4898010700466636
G2,1,0.5,0.5,2,2,1,0.90311279296875,0.3335839201214916,0.4999999999879061,0.4899361206541767
G2,1,0.5,0.5,2,2,1,0.9064453125,0.3335773277283883,0.4999999999878603,0.4900693829394356
G2,1,0.5,0.5,2,2,1,0.9097778320312501,0.3335709087666591,0.4999999999878151,0.4902008805850642
G2,1,0.5,0.5,2,2,1,0.9131103515625001,0.3335646586737151,0.4999999999877696,0.4903306369599575
G2,1,0.5,0.5,2,2,1,0.91644287109375,0.3335585730069987,0.499999999987724,0.4904586751234031
G2,1,0.5,0.5,2,2,1,0.919775390625,0.3335526474408255,0.4999999999876786,0.4905850178292384
G2,1,0.5,0.5,2,2,1,0.92310791015625,0.3335468777633077,0.4999999999876328,0.4907096875298606
G2,1,0.5,0.5,2,2,1,0.9264404296875001,0.3335412598733646,0.499999999987587,0.4908327063802452
G2,1,0.5,0.5,2,2,1,0.9297729492187501,0.3335357897778037,0.4999999999875412,0.4909540962418963
G2,1,0.5,0.5,2,2,1,0.93310546875,0.3335304635884855,0.4999999999874954,0.4910738786867366
G2,1,0.5,0.5,2,2,1,0.93643798828125,0.3335252775195562,0.4999999999874494,0.491192075000949
G2,1,0.5,0.5,2,2,1,0.9397705078125,0.3335202278847611,0.4999999999874036,0.4913087061887296
G2,1,0.5,0.5,2,2,1,0.9431030273437501,0.3335153110948201,0.4999999999873576,0.4914237929761187
G2,1,0.5,0.5,2,2,1,0.9464355468750001,0.3335105236548805,0.4999999999873116,0.4915373558145785
G2,1,0.5,0.5,2,2,1,0.94976806640625,0.3335058621620299,0.4999999999872655,0.4916494148847131
G2,1,0.5,0.5,2,2,1,0.9531005859375,0.33350132330288,0.4999999999872195,0.491759990099837
G2,1,0.5,0.5,2,2,1,0.95643310546875,0.3334969038512087,0.4999999999871734,0.4918691011095052
G2,1,0.5,0.5,2,2,1,0.9597656250000001,0.3334926006656697,0.4999999999871279,0.4919767673030213
G2,1,0.5,0.5,2,2,1,0.9630981445312501,0.3334884106875565,0.4999999999870821,0.4920830078128858
G2,1,0.5,0.5,2,2,1,0.9664306640625,0.3334843309386326,0.4999999999870357,0.4921878415182092
G2,1,0.5,0.5,2,2,1,0.96976318359375,0.33348035851901,0.4999999999869898,0.4922912870480555
G2,1,0.5,0.5,2,2,1,0.973095703125,0.3334764906050908,0.4999999999869436,0.4923933627847723
G2,1,0.5,0.5,2,2,1,0.9764282226562501,0.3334727244475614,0.4999999999868973,0.4924940868672168
G2,1,0.5,0.5,2,2,1,0.9797607421875001,0.3334690573694334,0.4999999999868517,0.4925934771940613
G2,1,0.5,0.5,2,2,1,0.98309326171875,0.3334654867641455,0.4999999999868057,0.4926915514269398
G2,1,0.5,0.5,2,2,1,0.98642578125,0.3334620100937102,0.4999999999867601,0.492788326993512
G2,1,0.5,0.5,2,2,1,0.98975830078125,0.3334586248869055,0.4999999999867139,0.4928838210907152
G2,1,0.5,0.5,2,2,1,0.9930908203125001,0.3334553287375258,0.4999999999866683,0.4929780506877003
G2,1,0.5,0.5,2,2,1,0.9964233398437501,0.3334521193026644,0.4999999999866222,0.4930710325288821
G2,1,0.5,0.5,2,2,1,0.999755859375,0.3334489943010519,0.4999999999865766,0.4931627831369527
G2,1,0.5,0.5,2,2,1,1.00308837890625,0.3334459515114353,0.4999999999865307,0.4932533188157751
G2,1,0.5,0.5,2,2,1,1.0064208984375,0.3334429887709959,0.4999999999864851,0.4933426556532718
G2,1,0.5,0.5,2,2,1,1.00975341796875,0.333440103973815,0.4999999999864389,0.4934308095244116
G2,1,0.5,0.5,2,2,1,1.0130859375,0.3334372950693764,0.4999999999863932,0.4935177960937578
G2,1,0.5,0.5,2,2,1,1.01641845703125,0.3334345600611082,0.4999999999863475,0.493603630818613
G2,1,0.5,0.5,2,2,1,1.0197509765625,0.3334318970049621,0.4999999999863015,0.4936883289515193
G2,1,0.5,0.5,2,2,1,1.02308349609375,0.3334293040080351,0.4999999999862563,0.4937719055429211
G2,1,0.5,0.5,2,2,1,1.026416015625,0.3334267792272234,0.4999999999862099,0.4938543754441222
G2,1,0.5,0.5,2,2,1,1.02974853515625,0.3334243208679087,0.4999999999861645,0.4939357533096952
G2,1,0.5,0.5,2,2,1,1.0330810546875,0.3334219271826863,0.4999999999861183,0.4940160536001422
G2,1,0.5,0.5,2,2,1,1.03641357421875,0.3334195964701224,0.4999999999860732,0.4940952905843606
G2,1,0.5,0.5,2,2,1,1.03974609375,0.3334173270735427,0.4999999999860271,0.494173478342485
G2,1,0.5,0.5,2,2,1,1.04307861328125,0.3334151173798587,0.4999999999859818,0.4942506307681258
G2,1,0.5,0.5,2,2,1,1.0464111328125,0.3334129658184162,0.4999999999859366,0.4943267615708868
G2,1,0.5,0.5,2,2,1,1.04974365234375,0.3334108708598824,0.4999999999858907,0.4944018842788313
G2,1,0.5,0.5,2,2,1,1.053076171875,0.3334088310151584,0.4999999999858453,0.494476012240775
G2,1,0.5,0.5,2,2,1,1.05640869140625,0.3334068448343197,0.4999999999857998,0.4945491586289432
G2,1,0.5,0.5,2,2,1,1.0597412109375,0.3334049109055854,0.4999999999857536,0.4946213364410736
G2,1,0.5,0.5,2,2,1,1.06307373046875,0.3334030278543185,0.4999999999857083,0.4946925585027702
G2,1,0.5,0.5,2,2,1,1.06640625,0.3334011943420419,0.4999999999856627,0.4947628374697939
G2,1,0.5,0.5,2,2,1,1.06973876953125,0.3333994090654928,0.4999999999856174,0.4948321858303187
G2,1,0.5,0.5,2,2,1,1.0730712890625,0.3333976707556944,0.4999999999855724,0.4949006159071352
G2,1,0.5,0.5,2,2,1,1.07640380859375,0.3333959781770527,0.4999999999855269,0.4949681398598853
G2,1,0.5,0.5,2,2,1,1.079736328125,0.3333943301264828,0.4999999999854825,0.4950347696870534
G2,1,0.5,0.5,2,2,1,1.08306884765625,0.333392725432545,0.4999999999854373,0.4951005172284598
G2,1,0.5,0.5,2,2,1,1.0864013671875,0.3333911629546217,0.499999999985392,0.4951653941670544
G2,1,0.5,0.5,2,2,1,1.08973388671875,0.3333896415821013,0.4999999999853472,0.4952294120310566
G2,1,0.5,0.5,2,2,1,1.09306640625,0.3333881602335896,0.4999999999853017,0.4952925821960588
G2,1,0.5,0.5,2,2,1,1.09639892578125,0.3333867178561418,0.4999999999852556,0.4953549158869896
G2,1,0.5,0.5,2,2,1,1.0997314453125,0.3333853134245151,0.4999999999852099,0.4954164241801612
G2,1,0.5,0.5,2,2,1,1.10306396484375,0.3333839459404375,0.4999999999851651,0.4954771180051801
G2,1,0.5,0.5,2,2,1,1.106396484375,0.3333826144318976,0.499999999985121,0.4955370081469571
G2,1,0.5,0.5,2,2,1,1.10972900390625,0.3333813179524571,0.4999999999850752,0.4955961052475867
G2,1,0.5,0.5,2,2,1,1.1130615234375,0.3333800555805752,0.499999999985028,0.4956544198082463
G2,1,0.5,0.5,2,2,1,1.11639404296875,0.333378826418958,0.4999999999849809,0.4957119621910233
G2,1,0.5,0.5,2,2,1,1.1197265625,0.3333776295939176,0.4999999999849356,0.4957687426208288
G2,1,0.5,0.5,2,2,1,1.12305908203125,0.3333764642547478,0.4999999999848909,0.4958247711871616
G2,1,0.5,0.5,2,2,1,1.1263916015625,0.3333753295731219,0.4999999999848456,0.4958800578459309
G2,1,0.5,0.5,2,2,1,1.12972412109375,0.3333742247425078,0.4999999999848011,0.4959346124211683
G2,1,0.5,0.5,2,2,1,1.133056640625,0.333373148977589,0.4999999999847557,0.4959884446068719
G2,1,0.5,0.5,2,2,1,1.13638916015625,0.3333721015137118,0.4999999999847106,0.4960415639685736
G2,1,0.5,0.5,2,2,1,1.1397216796875,0.3333710816063355,0.4999999999846653,0.4960939799452552
G2,1,0.5,0.5,2,2,1,1.14305419921875,0.3333700885305093,0.4999999999846201,0.4961457018509171
G2,1,0.5,0.5,2,2,1,1.14638671875,0.3333691215803518,0.499999999984574,0.4961967388762257
G2,1,0.5,0.5,2,2,1,1.14971923828125,0.3333681800685543,0.499999999984528,0.4962471000900204
G2,1,0.5,0.5,2,2,1,1.1530517578125,0.3333672633258895,0.4999999999844815,0.4962967944412057
G2,1,0.5,0.5,2,2,1,1.15638427734375,0.3333663707007352,0.4999999999844361,0.4963458307600687
G2,1,0.5,0.5,2,2,1,1.159716796875,0.3333655015586131,0.4999999999843908,0.4963942177600528
G2,1,0.5,0.5,2,2,1,1.16304931640625,0.3333646552817335,0.4999999999843462,0.4964419640391957
G2,1,0.5,0.5,2,2,1,1.1663818359375,0.3333638312685618,0.4999999999843007,0.4964890780816093
G2,1,0.5,0.5,2,2,1,1.16971435546875,0.3333630289333895,0.4999999999842558,0.4965355682592065
G2,1,0.5,0.5,2,2,1,1.173046875,0.333362247705914,0.4999999999842113,0.4965814428329203
G2,1,0.5,0.5,2,2,1,1.17637939453125,0.3333614870308389,0.4999999999841662,0.4966267099542919
G2,1,0.5,0.5,2,2,1,1.1797119140625,0.333360746367475,0.4999999999841227,0.4966713776670443
G2,1,0.5,0.5,2,2,1,1.18304443359375,0.333360025189358,0.4999999999840798,0.4967154539083181
G2,1,0.5,0.5,2,2,1,1.186376953125,0.3333593229838716,0.4999999999840364,0.4967589465100343
G2,1,0.5,0.5,2,2,1,1.18970947265625,0.3333586392518867,0.4999999999839924,0.4968018632005841
G2,1,0.5,0.5,2,2,1,1.1930419921875,0.3333579735074057,0.4999999999839479,0.4968442116059799
G2,1,0.5,0.5,2,2,1,1.19637451171875,0.3333573252772177,0.4999999999839038,0.4968859992512248
G2,1,0.5,0.5,2,2,1,1.19970703125,0.3333566941005579,0.4999999999838584,0.4969272335616556
G2,1,0.5,0.5,2,2,1,1.20303955078125,0.3333560795287859,0.4999999999838133,0.4969679218642539
G2,1,0.5,0.5,2,2,1,1.2063720703125,0.3333554811250609,0.4999999999837665,0.497008071389098
G2,1,0.5,0.5,2,2,1,1.20970458984375,0.3333548984640414,0.4999999999837215,0.4970476892704812
G2,1,0.5,0.5,2,2,1,1.213037109375,0.3333543311315703,0.4999999999836775,0.4970867825482108
G2,1,0.5,0.5,2,2,1,1.21636962890625,0.3333537787243823,0.4999999999836315,0.4971253581688797
G2,1,0.5,0.5,2,2,1,1.2197021484375,0.3333532408498286,0.4999999999835862,0.497163422987103
G2,1,0.5,0.5,2,2,1,1.22303466796875,0.333352717125587,0.4999999999835405,0.4972009837666279
G2,1,0.5,0.5,2,2,1,1.2263671875,0.3333522071793904,0.4999999999834935,0.4972380471817574
G2,1,0.5,0.5,2,2,1,1.22969970703125,0.3333517106487773,0.4999999999834504,0.4972746198184029
G2,1,0.5,0.5,2,2,1,1.2330322265625,0.3333512271808075,0.4999999999834074,0.4973107081753003
G2,1,0.5,0.5,2,2,1,1.23636474609375,0.333350756431824,0.4999999999833606,0.4973463186651041
G2,1,0.5,0.5,2,2,1,1.239697265625,0.3333502980672238,0.4999999999833139,0.4973814576154907
G2,1,0.5,0.5,2,2,1,1.24302978515625,0.3333498517612072,0.4999999999832709,0.497416131270376
G2,1,0.5,0.5,2,2,1,1.2463623046875,0.3333494171965338,0.4999999999832291,0.4974503457910509
G2,1,0.5,0.5,2,2,1,1.24969482421875,0.3333489940643094,0.4999999999831841,0.4974841072571967
G2,1,0.5,0.5,2,2,1,1.25302734375,0.3333485820637693,0.4999999999831347,0.4975174216679732
G2,1,0.5,0.5,2,2,1,1.25635986328125,0.3333481809020699,0.4999999999830867,0.4975502949430693
G2,1,0.5,0.5,2,2,1,1.2596923828125,0.3333477902940686,0.4999999999830424,0.4975827329238031
G2,1,0.5,0.5,2,2,1,1.26302490234375,0.3333474099621195,0.4999999999830007,0.4976147413740823
G2,1,0.5,0.5,2,2,1,1.266357421875,0.3333470396358785,0.4999999999829597,0.4976463259817007
G2,1,0.5,0.5,2,2,1,1.26968994140625,0.3333466790521113,0.4999999999829144,0.4976774923590079
G2,1,0.5,0.5,2,2,1,1.2730224609375,0.3333463279545146,0.4999999999828655,0.4977082460440461
G2,1,0.5,0.5,2,2,1,1.27635498046875,0.3333459860935292,0.4999999999828137,0.4977385925015179
G2,1,0.5,0.5,2,2,1,1.2796875,0.3333456532261629,0.4999999999827617,0.4977685371237295
G2,1,0.5,0.5,2,2,1,1.28302001953125,0.3333453291158178,0.4999999999827126,0.4977980852316176
G2,1,0.5,0.5,2,2,1,1.2863525390625,0.3333450135321143,0.4999999999826657,0.4978272420756666
G2,1,0.5,0.5,2,2,1,1.28968505859375,0.3333447062507348,0.4999999999826206,0.4978560128368354
G2,1,0.5,0.5,2,2,1,1.293017578125,0.3333444070532601,0.499999999982575,0.4978844026274798
G2,1,0.5,0.5,2,2,1,1.29635009765625,0.3333441157270209,0.4999999999825296,0.497912416492259
G2,1,0.5,0.5,2,2,1,1.2996826171875,0.3333438320649106,0.4999999999824608,0.4979400594090332
G2,1,0.5,0.5,2,2,1,1.30301513671875,0.3333435558653041,0.4999999999823705,0.4979673362897438
G2,1,0.5,0.5,2,2,1,1.30634765625,0.3333432869319079,0.4999999999822808,0.4979942519812883
G2,1,0.5,0.5,2,2,1,1.30968017578125,0.3333430250735689,0.4999999999821943,0.4980208112663861
G2,1,0.5,0.5,2,2,1,1.3130126953125,0.3333427701041556,0.4999999999821115,0.4980470188644261
G2,1,0.5,0.5,2,2,1,1.31634521484375,0.3333425218424386,0.4999999999820329,0.4980728794323024
G2,1,0.5,0.5,2,2,1,1.319677734375,0.333342280111945,0.4999999999819537,0.4980983975652451
G2,1,0.5,0.5,2,2,1,1.32301025390625,0.3333420447408612,0.4999999999818799,0.4981235777976158
G2,1,0.5,0.5,2,2,1,1.3263427734375,0.3333418155618932,0.4999999999818175,0.4981484246037432
G2,1,0.5,0.5,2,2,1,1.32967529296875,0.3333415924121467,0.4999999999817714,0.4981729423986981
G2,1,0.5,0.5,2,2,1,1.3330078125,0.3333413751330267,0.4999999999817563,0.4981971355390961
G2,1,0.5,0.5,2,2,1,1.33634033203125,0.3333411635700687,0.4999999999817563,0.4982210083239025
G2,1,0.5,0.5,2,2,1,1.3396728515625,0.3333409575728733,0.4999999999817563,0.4982445649951769
G2,1,0.5,0.5,2,2,1,1.34300537109375,0.3333407569950177,0.4999999999817563,0.4982678097387643
G2,1,0.5,0.5,2,2,1,1.346337890625,0.3333405616939304,0.4999999999817563,0.4982907466850811
G2,1,0.5,0.5,2,2,1,1.34967041015625,0.3333403715307916,0.4999999999817563,0.4983133799098518
G2,1,0.5,0.5,2,2,1,1.3530029296875,0.3333401863704332,0.4999999999817563,0.498335713434831
G2,1,0.5,0.5,2,2,1,1.35633544921875,0.3333400060812416,0.4999999999817563,0.498357751228518
G2,1,0.5,0.5,2,2,1,1.35966796875,0.3333398305350687,0.4999999999817563,0.4983794972068667
G2,1,0.5,0.5,2,2,1,1.36300048828125,0.3333396596071346,0.4999999999817563,0.4984009552339748
G2,1,0.5,0.5,2,2,1,1.3663330078125,0.3333394931759439,0.4999999999817563,0.4984221291227723
G2,1,0.5,0.5,2,2,1,1.36966552734375,0.3333393311231973,0.4999999999817563,0.4984430226357019
G2,1,0.5,0.5,2,2,1,1.372998046875,0.3333391733337071,0.4999999999817563,0.4984636394853836
G2,1,0.5,0.5,2,2,1,1.37633056640625,0.3333390196953163,0.4999999999817563,0.4984839833352783
G2,1,0.5,0.5,2,2,1,1.3796630859375,0.3333388700988184,0.4999999999817563,0.4985040578003366
G2,1,0.5,0.5,2,2,1,1.38299560546875,0.3333387244378804,0.4999999999817563,0.4985238664476392
G2,1,0.5,0.5,2,2,1,1.386328125,0.3333385826089659,0.4999999999817563,0.4985434127970362
G2,1,0.5,0.5,2,2,1,1.38966064453125,0.3333384445112625,0.4999999999817563,0.4985627003217685
G2,1,0.5,0.5,2,2,1,1.3929931640625,0.3333383100466104,0.4999999999817563,0.4985817324490848
G2,1,0.5,0.5,2,2,1,1.39632568359375,0.3333381791194318,0.4999999999817563,0.4986005125608508
G2,1,0.5,0.5,2,2,1,1.399658203125,0.3333380516366637,0.4999999999817563,0.4986190439941516
G2,1,0.5,0.5,2,2,1,1.40299072265625,0.3333379275076904,0.4999999999817563,0.498637330041887
G2,1,0.5,0.5,2,2,1,1.4063232421875,0.3333378066442817,0.4999999999817563,0.4986553739533477
G2,1,0.5,0.5,2,2,1,1.40965576171875,0.3333376889605271,0.4999999999817563,0.498673178934805
G2,1,0.5,0.5,2,2,1,1.41298828125,0.3333375743727771,0.4999999999817563,0.4986907481500694
G2,1,0.5,0.5,2,2,1,1.41632080078125,0.3333374627995823,0.4999999999817563,0.4987080847210607
G2,1,0.5,0.5,2,2,1,1.4196533203125,0.3333373541616366,0.4999999999817563,0.4987251917283573
G2,1,0.5,0.5,2,2,1,1.42298583984375,0.3333372483817196,0.4999999999817563,0.4987420722117449
G2,1,0.5,0.5,2,2,1,1.426318359375,0.3333371453846432,0.4999999999817563,0.4987587291707625
G2,1,0.5,0.5,2,2,1,1.42965087890625,0.3333370450971964,0.4999999999817563,0.4987751655652254
G2,1,0.5,0.5,2,2,1,1.4329833984375,0.3333369474480946,0.4999999999817563,0.4987913843157572
G2,1,0.5,0.5,2,2,1,1.43631591796875,0.3333368523679291,0.4999999999817563,0.4988073883043119
G2,1,0.5,0.5,2,2,1,1.4396484375,0.3333367597891171,0.4999999999817563,0.498823180374674
G2,1,0.5,0.5,2,2,1,1.44298095703125,0.3333366696458527,0.4999999999817563,0.4988387633329823
G2,1,0.5,0.5,2,2,1,1.4463134765625,0.3333365818740623,0.4999999999817563,0.4988541399482072
G2,1,0.5,0.5,2,2,1,1.44964599609375,0.3333364964113572,0.4999999999817563,0.4988693129526587
G2,1,0.5,0.5,2,2,1,1.452978515625,0.3333364131969909,0.4999999999817563,0.4988842850424681
G2,1,0.5,0.5,2,2,1,1.45631103515625,0.3333363321718142,0.4999999999817563,0.4988990588780641
G2,1,0.5,0.5,2,2,1,1.4596435546875,0.3333362532782341,0.4999999999817563,0.4989136370846455
G2,1,0.5,0.5,2,2,1,1.46297607421875,0.3333361764601731,0.4999999999817563,0.4989280222526515
G2,1,0.5,0.5,2,2,1,1.46630859375,0.3333361016630288,0.4999999999817563,0.4989422169382179
G2,1,0.5,0.5,2,2,1,1.46964111328125,0.3333360288336352,0.4999999999817563,0.4989562236636351
G2,1,0.5,0.5,2,2,1,1.4729736328125,0.3333359579202251,0.4999999999817563,0.4989700449177963
G2,1,0.5,0.5,2,2,1,1.47630615234375,0.3333358888723933,0.4999999999817563,0.4989836831566303
G2,1,0.5,0.5,2,2,1,1.479638671875,0.33333582164106,0.4999999999817563,0.4989971408035533
G2,1,0.5,0.5,2,2,1,1.48297119140625,0.3333357561784375,0.4999999999817563,0.4990104202498888
G2,1,0.5,0.5,2,2,1,1.4863037109375,0.3333356924379945,0.4999999999817563,0.4990235238552918
G2,1,0.5,0.5,2,2,1,1.48963623046875,0.3333356303744244,0.4999999999817563,0.4990364539481799
G2,1,0.5,0.5,2,2,1,1.49296875,0.3333355699436126,0.4999999999817563,0.4990492128261325
G2,1,0.5,0.5,2,2,1,1.49630126953125,0.3333355111026044,0.4999999999817563,0.4990618027563051
G2,1,0.5,0.5,2,2,1,1.4996337890625,0.3333354538095753,0.4999999999817563,0.4990742259758332
G2,1,0.5,0.5,2,2,1,1.50296630859375,0.3333353980238018,0.4999999999817563,0.4990864846922329
G2,1,0.5,0.5,2,2,1,1.506298828125,0.3333353437056312,0.4999999999817563,0.4990985810837864
G2,1,0.5,0.5,2,2,1,1.50963134765625,0.3333352908164535,0.4999999999817563,0.4991105172999312
G2,1,0.5,0.5,2,2,1,1.5129638671875,0.3333352393186759,0.4999999999817563,0.4991222954616439
G2,1,0.5,0.5,2,2,1,1.51629638671875,0.333335189175693,0.4999999999817563,0.4991339176618156
G2,1,0.5,0.5,2,2,1,1.51962890625,0.3333351403518633,0.4999999999817563,0.4991453859656244
G2,1,0.5,0.5,2,2,1,1.52296142578125,0.3333350928124827,0.4999999999817563,0.4991567024109024
G2,1,0.5,0.5,2,2,1,1.5262939453125,0.3333350465237603,0.4999999999817563,0.4991678690084986
G2,1,0.5,0.5,2,2,1,1.52962646484375,0.3333350014527936,0.4999999999817563,0.4991788877426331
G2,1,0.5,0.5,2,2,1,1.532958984375,0.3333349575675466,0.4999999999817563,0.4991897605712509
G2,1,0.5,0.5,2,2,1,1.53629150390625,0.333334914836825,0.4999999999817563,0.4992004894263747
G2,1,0.5,0.5,2,2,1,1.5396240234375,0.3333348732302561,0.4999999999817563,0.4992110762144417
G2,1,0.5,0.5,2,2,1,1.54295654296875,0.3333348327182661,0.4999999999817563,0.4992215228166449
G2,1,0.5,0.5,2,2,1,1.5462890625,0.3333347932720585,0.4999999999817563,0.4992318310892652
G2,1,0.5,0.5,2,2,1,1.54962158203125,0.3333347548635953,0.4999999999817563,0.4992420028640105
G2,1,0.5,0.5,2,2,1,1.5529541015625,0.3333347174655757,0.4999999999817563,0.4992520399483251
G2,1,0.5,0.5,2,2,1,1.55628662109375,0.3333346810514165,0.4999999999817563,0.4992619441257251
G2,1,0.5,0.5,2,2,1,1.559619140625,0.3333346455952352,0.4999999999817563,0.4992717171561092
G2,1,0.5,0.5,2,2,1,1.56295166015625,0.333334611071829,0.4999999999817563,0.4992813607760713
G2,1,0.5,0.5,2,2,1,1.5662841796875,0.3333345774566589,0.4999999999817563,0.499290876699211
G2,1,0.5,0.5,2,2,1,1.56961669921875,0.3333345447258306,0.4999999999817563,0.4993002666164349
G2,1,0.5,0.5,2,2,1,1.57294921875,0.33333451285608,0.4999999999817563,0.4993095321962632
G2,1,0.5,0.5,2,2,1,1.57628173828125,0.3333344818247534,0.4999999999817563,0.4993186750851209
G2,1,0.5,0.5,2,2,1,1.5796142578125,0.3333344516097933,0.4999999999817563,0.4993276969076299
G2,1,0.5,0.5,2,2,1,1.58294677734375,0.333334422189724,0.4999999999817563,0.4993365992668999
G2,1,0.5,0.5,2,2,1,1.586279296875,0.3333343935436328,0.4999999999817563,0.4993453837448154
G2,1,0.5,0.5,2,2,1,1.58961181640625,0.3333343656511575,0.4999999999817563,0.4993540519023105
G2,1,0.5,0.5,2,2,1,1.5929443359375,0.3333343384924733,0.4999999999817563,0.4993626052796523
G2,1,0.5,0.5,2,2,1,1.59627685546875,0.3333343120482752,0.4999999999817563,0.4993710453967145
G2,1,0.5,0.5,2,2,1,1.599609375,0.3333342862997664,0.4999999999817563,0.4993793737532398
G2,1,0.5,0.5,2,2,1,1.60294189453125,0.3333342612286454,0.4999999999817563,0.4993875918291175
G2,1,0.5,0.5,2,2,1,1.6062744140625,0.333334236817091,0.4999999999817563,0.4993957010846358
G2,1,0.5,0.5,2,2,1,1.60960693359375,0.3333342130477518,0.4999999999817563,0.4994037029607508
G2,1,0.5,0.5,2,2,1,1.612939453125,0.3333341899037323,0.4999999999817563,0.4994115988793374
G2,1,0.5,0.5,2,2,1,1.61627197265625,0.3333341673685818,0.4999999999817563,0.4994193902434375
G2,1,0.5,0.5,2,2,1,1.6196044921875,0.3333341454262821,0.4999999999817563,0.4994270784375214
G2,1,0.5,0.5,2,2,1,1.62293701171875,0.3333341240612372,0.4999999999817563,0.4994346648277227
G2,1,0.5,0.5,2,2,1,1.62626953125,0.3333341032582599,0.4999999999817563,0.499442150762085
G2,1,0.5,0.5,2,2,1,1.62960205078125,0.3333340830025643,0.4999999999817563,0.4994495375708045
G2,1,0.5,0.5,2,2,1,1.6329345703125,0.3333340632797518,0.4999999999817563,0.4994568265664602
G2,1,0.5,0.5,2,2,1,1.63626708984375,0.3333340440758035,0.4999999999817563,0.4994640190442534
G2,1,0.5,0.5,2,2,1,1.639599609375,0.33333402537707,0.4999999999817563,0.4994711162822343
G2,1,0.5,0.5,2,2,1,1.64293212890625,0.333334007170259,0.4999999999817563,0.499478119541528
G2,1,0.5,0.5,2,2,1,1.6462646484375,0.3333339894424303,0.4999999999817563,0.4994850300665627
G2,1,0.5,0.5,2,2,1,1.64959716796875,0.3333339721809822,0.4999999999817563,0.4994918490852847
G2,1,0.5,0.5,2,2,1,1.6529296875,0.3333339553736452,0.4999999999817563,0.499498577809385
G2,1,0.5,0.5,2,2,1,1.65626220703125,0.333333939008473,0.4999999999817563,0.4995052174345072
G2,1,0.5,0.5,2,2,1,1.6595947265625,0.3333339230738327,0.4999999999817563,0.4995117691404622
G2,1,0.5,0.5,2,2,1,1.66292724609375,0.3333339075583989,0.4999999999817563,0.4995182340914402
G2,1,0.5,0.5,2,2,1,1.666259765625,0.3333338924511421,0.4999999999817563,0.4995246134362139
G2,1,0.5,0.5,2,2,1,1.66959228515625,0.3333338777413245,0.4999999999817563,0.4995309083083446
G2,1,0.5,0.5,2,2,1,1.6729248046875,0.3333338634184899,0.4999999999817563,0.499537119826387
G2,1,0.5,0.5,2,2,1,1.67625732421875,0.3333338494724589,0.4999999999817563,0.499543249094077
G2,1,0.5,0.5,2,2,1,1.67958984375,0.333333835893317,0.4999999999817563,0.4995492972005426
G2,1,0.5,0.5,2,2,1,1.68292236328125,0.3333338226714131,0.4999999999817563,0.4995552652204869
G2,1,0.5,0.5,2,2,1,1.6862548828125,0.333333809797349,0.4999999999817563,0.4995611542143822
G2,1,0.5,0.5,2,2,1,1.68958740234375,0.333333797261974,0.4999999999817563,0.4995669652286596
G2,1,0.5,0.5,2,2,1,1.692919921875,0.3333337850563767,0.4999999999817563,0.4995726992958912
G2,1,0.5,0.5,2,2,1,1.69625244140625,0.3333337731718824,0.4999999999817563,0.4995783574349797
G2,1,0.5,0.5,2,2,1,1.6995849609375,0.3333337616000439,0.4999999999817563,0.4995839406513332
G2,1,0.5,0.5,2,2,1,1.70291748046875,0.333333750332635,0.4999999999817563,0.4995894499370478
G2,1,0.5,0.5,2,2,1,1.70625,0.3333337393616473,0.4999999999817563,0.4995948862710813
G2,1,0.5,0.5,2,2,1,1.70958251953125,0.3333337286792823,0.4999999999817563,0.4996002506194293
G2,1,0.5,0.5,2,2,1,1.7129150390625,0.3333337182779472,0.4999999999817563,0.4996055439352974
G2,1,0.5,0.5,2,2,1,1.71624755859375,0.3333337081502493,0.4999999999817563,0.4996107671592693
G2,1,0.5,0.5,2,2,1,1.719580078125,0.3333336982889886,0.4999999999817563,0.4996159212194728
G2,1,0.5,0.5,2,2,1,1.72291259765625,0.3333336886871562,0.4999999999817563,0.4996210070317441
G2,1,0.5,0.5,2,2,1,1.7262451171875,0.3333336793379278,0.4999999999817563,0.499626025499797
G2,1,0.5,0.5,2,2,1,1.72957763671875,0.3333336702346567,0.4999999999817563,0.499630977515373
G2,1,0.5,0.5,2,2,1,1.73291015625,0.3333336613708732,0.4999999999817563,0.499635863958409
G2,1,0.5,0.5,2,2,1,1.73624267578125,0.3333336527402768,0.4999999999817563,0.4996406856971889
G2,1,0.5,0.5,2,2,1,1.7395751953125,0.333333644336732,0.4999999999817563,0.4996454435884991
G2,1,0.5,0.5,2,2,1,1.74290771484375,0.3333336361542669,0.4999999999817563,0.4996501384777834
G2,1,0.5,0.5,2,2,1,1.746240234375,0.3333336281870648,0.4999999999817563,0.4996547711992871
G2,1,0.5,0.5,2,2,1,1.74957275390625,0.3333336204294621,0.4999999999817563,0.4996593425762111
G2,1,0.5,0.5,2,2,1,1.7529052734375,0.3333336128759453,0.4999999999817563,0.4996638534208546
G2,1,0.5,0.5,2,2,1,1.75623779296875,0.3333336055211449,0.4999999999817563,0.4996683045347605
G2,1,0.5,0.5,2,2,1,1.7595703125,0.3333335983598336,0.4999999999817563,0.4996726967088602
G2,1,0.5,0.5,2,2,1,1.76290283203125,0.3333335913869209,0.4999999999817563,0.4996770307236094
G2,1,0.5,0.5,2,2,1,1.7662353515625,0.3333335845974504,0.4999999999817563,0.4996813073491295
G2,1,0.5,0.5,2,2,1,1.76956787109375,0.3333335779865959,0.4999999999817563,0.4996855273453444
G2,1,0.5,0.5,2,2,1,1.772900390625,0.3333335715496591,0.4999999999817563,0.4996896914621181
G2,1,0.5,0.5,2,2,1,1.77623291015625,0.333333565282064,0.4999999999817563,0.4996938004393806
G2,1,0.5,0.5,2,2,1,1.7795654296875,0.3333335591793558,0.4999999999817563,0.4996978550072683
G2,1,0.5,0.5,2,2,1,1.78289794921875,0.3333335532371966,0.4999999999817563,0.4997018558862462
G2,1,0.5,0.5,2,2,1,1.78623046875,0.3333335474513623,0.4999999999817563,0.4997058037872409
G2,1,0.5,0.5,2,2,1,1.78956298828125,0.3333335418177413,0.4999999999817563,0.4997096994117659
G2,1,0.5,0.5,2,2,1,1.7928955078125,0.3333335363323282,0.4999999999817563,0.4997135434520436
G2,1,0.5,0.5,2,2,1,1.79622802734375,0.3333335309912248,0.4999999999817563,0.4997173365911313
G2,1,0.5,0.5,2,2,1,1.799560546875,0.3333335257906346,0.4999999999817563,0.4997210795030416
G2,1,0.5,0.5,2,2,1,1.80289306640625,0.3333335207268598,0.4999999999817563,0.4997247728528633
G2,1,0.5,0.5,2,2,1,1.8062255859375,0.3333335157963024,0.4999999999817563,0.4997284172968743
G2,1,0.5,0.5,2,2,1,1.80955810546875,0.3333335109954573,0.4999999999817563,0.4997320134826686
G2,1,0.5,0.5,2,2,1,1.812890625,0.3333335063209119,0.4999999999817563,0.4997355620492588
G2,1,0.5,0.5,2,2,1,1.81622314453125,0.3333335017693437,0.4999999999817563,0.4997390636271996
G2,1,0.5,0.5,2,2,1,1.8195556640625,0.3333334973375175,0.4999999999817563,0.499742518838696
G2,1,0.5,0.5,2,2,1,1.82288818359375,0.3333334930222826,0.4999999999817563,0.4997459282977106
G2,1,0.5,0.5,2,2,1,1.826220703125,0.3333334888205728,0.4999999999817563,0.4997492926100824
G2,1,0.5,0.5,2,2,1,1.82955322265625,0.3333334847294007,0.4999999999817563,0.4997526123736226
G2,1,0.5,0.5,2,2,1,1.8328857421875,0.3333334807458583,0.4999999999817563,0.4997558881782274
G2,1,0.5,0.5,2,2,1,1.83621826171875,0.3333334768671139,0.4999999999817563,0.4997591206059848
G2,1,0.5,0.5,2,2,1,1.83955078125,0.3333334730904116,0.4999999999817563,0.49976231023127
G2,1,0.5,0.5,2,2,1,1.84288330078125,0.333333469413066,0.4999999999817563,0.4997654576208593
G2,1,0.5,0.5,2,2,1,1.8462158203125,0.3333334658324628,0.4999999999817563,0.499768563334019
G2,1,0.5,0.5,2,2,1,1.84954833984375,0.3333334623460582,0.4999999999817563,0.4997716279226105
G2,1,0.5,0.5,2,2,1,1.852880859375,0.333333458951373,0.4999999999817563,0.4997746519311897
G2,1,0.5,0.5,2,2,1,1.85621337890625,0.3333334556459948,0.4999999999817563,0.499777635897099
G2,1,0.5,0.5,2,2,1,1.8595458984375,0.3333334524275738,0.4999999999817563,0.4997805803505673
G2,1,0.5,0.5,2,2,1,1.86287841796875,0.3333334492938222,0.4999999999817563,0.4997834858148018
G2,1,0.5,0.5,2,2,1,1.8662109375,0.3333334462425136,0.4999999999817563,0.4997863528060815
G2,1,0.5,0.5,2,2,1,1.86954345703125,0.3333334432714776,0.4999999999817563,0.4997891818338491
G2,1,0.5,0.5,2,2,1,1.8728759765625,0.3333334403786032,0.4999999999817563,0.4997919734008021
G2,1,0.5,0.5,2,2,1,1.87620849609375,0.3333334375618346,0.4999999999817563,0.4997947280029816
G2,1,0.5,0.5,2,2,1,1.879541015625,0.3333334348191685,0.4999999999817563,0.4997974461298619
G2,1,0.5,0.5,2,2,1,1.88287353515625,0.3333334321486562,0.4999999999817563,0.4998001282644308
G2,1,0.5,0.5,2,2,1,1.8862060546875,0.3333334295483993,0.4999999999817563,0.499802774883284
G2,1,0.5,0.5,2,2,1,1.88953857421875,0.3333334270165493,0.4999999999817563,0.499805386456706
G2,1,0.5,0.5,2,2,1,1.89287109375,0.3333334245513073,0.4999999999817563,0.4998079634487539
G2,1,0.5,0.5,2,2,1,1.89620361328125,0.3333334221509199,0.4999999999817563,0.4998105063173391
G2,1,0.5,0.5,2,2,1,1.8995361328125,0.3333334198136818,0.4999999999817563,0.4998130155143136
G2,1,0.5,0.5,2,2,1,1.90286865234375,0.3333334175379312,0.4999999999817563,0.4998154914855386
G2,1,0.5,0.5,2,2,1,1.906201171875,0.333333415322051,0.4999999999817563,0.4998179346709779
G2,1,0.5,0.5,2,2,1,1.90953369140625,0.3333334131644655,0.4999999999817563,0.4998203455047665
G2,1,0.5,0.5,2,2,1,1.9128662109375,0.3333334110636416,0.4999999999817563,0.4998227244152937
G2,1,0.5,0.5,2,2,1,1.91619873046875,0.3333334090180857,0.4999999999817563,0.499825071825272
G2,1,0.5,0.5,2,2,1,1.91953125,0.3333334070263438,0.4999999999817563,0.4998273881518209
G2,1,0.5,0.5,2,2,1,1.92286376953125,0.3333334050870004,0.4999999999817563,0.4998296738065314
G2,1,0.5,0.5,2,2,1,1.9261962890625,0.3333334031986771,0.4999999999817563,0.4998319291955489
G2,1,0.5,0.5,2,2,1,1.92952880859375,0.3333334013600315,0.4999999999817563,0.4998341547196385
G2,1,0.5,0.5,2,2,1,1.932861328125,0.3333333995697562,0.4999999999817563,0.4998363507742594
G2,1,0.5,0.5,2,2,1,1.93619384765625,0.3333333978265797,0.4999999999817563,0.4998385177496343
G2,1,0.5,0.5,2,2,1,1.9395263671875,0.3333333961292624,0.4999999999817563,0.4998406560308182
G2,1,0.5,0.5,2,2,1,1.94285888671875,0.3333333944765977,0.4999999999817563,0.4998427659977694
G2,1,0.5,0.5,2,2,1,1.94619140625,0.3333333928674107,0.4999999999817563,0.4998448480254118
G2,1,0.5,0.5,2,2,1,1.94952392578125,0.3333333913005584,0.4999999999817563,0.4998469024837062
G2,1,0.5,0.5,2,2,1,1.9528564453125,0.3333333897749264,0.4999999999817563,0.4998489297377135
G2,1,0.5,0.5,2,2,1,1.95618896484375,0.3333333882894304,0.4999999999817563,0.4998509301476622
G2,1,0.5,0.5,2,2,1,1.959521484375,0.3333333868430148,0.4999999999817563,0.4998529040690114
G2,1,0.5,0.5,2,2,1,1.96285400390625,0.3333333854346511,0.4999999999817563,0.4998548518525113
G2,1,0.5,0.5,2,2,1,1.9661865234375,0.3333333840633383,0.4999999999817563,0.4998567738442687
G2,1,0.5,0.5,2,2,1,1.96951904296875,0.3333333827281018,0.4999999999817563,0.4998586703858063
G2,1,0.5,0.5,2,2,1,1.9728515625,0.3333333814279927,0.4999999999817563,0.4998605418141271
G2,1,0.5,0.5,2,2,1,1.97618408203125,0.3333333801620863,0.4999999999817563,0.4998623884617694
G2,1,0.5,0.5,2,2,1,1.9795166015625,0.3333333789294836,0.4999999999817563,0.4998642106568668
G2,1,0.5,0.5,2,2,1,1.98284912109375,0.3333333777293077,0.4999999999817563,0.499866008723214
G2,1,0.5,0.5,2,2,1,1.986181640625,0.333333376560706,0.4999999999817563,0.4998677829803085
G2,1,0.5,0.5,2,2,1,1.98951416015625,0.3333333754228473,0.4999999999817563,0.4998695337434264
G2,1,0.5,0.5,2,2,1,1.9928466796875,0.3333333743149236,0.4999999999817563,0.4998712613236634
G2,1,0.5,0.5,2,2,1,1.99617919921875,0.3333333732361468,0.4999999999817563,0.4998729660279979
G2,1,0.5,0.5,2,2,1,1.99951171875,0.3333333721857503,0.4999999999817563,0.4998746481593428
G2,1,0.5,0.5,2,2,1,2.00284423828125,0.3333333711629873,0.4999999999817563,0.4998763080166016
G2,1,0.5,0.5,2,2,1,2.0061767578125,0.3333333701671309,0.4999999999817563,0.4998779458947168
G2,1,0.5,0.5,2,2,1,2.00950927734375,0.333333369197474,0.4999999999817563,0.4998795620847289
G2,1,0.5,0.5,2,2,1,2.012841796875,0.333333368253326,0.4999999999817563,0.4998811568738237
G2,1,0.5,0.5,2,2,1,2.01617431640625,0.3333333673340166,0.4999999999817563,0.4998827305453806
G2,1,0.5,0.5,2,2,1,2.0195068359375,0.3333333664388926,0.4999999999817563,0.4998842833790296
G2,1,0.5,0.5,2,2,1,2.02283935546875,0.3333333655673174,0.4999999999817563,0.4998858156506998
G2,1,0.5,0.5,2,2,1,2.026171875,0.3333333647186709,0.4999999999817563,0.4998873276326617
G2,1,0.5,0.5,2,2,1,2.02950439453125,0.3333333638923508,0.4999999999817563,0.4998888195935846
G2,1,0.5,0.5,2,2,1,2.0328369140625,0.3333333630877694,0.4999999999817563,0.4998902917985796
G2,1,0.5,0.5,2,2,1,2.03616943359375,0.3333333623043545,0.4999999999817563,0.4998917445092448
G2,1,0.5,0.5,2,2,1,2.039501953125,0.33333336154155,0.4999999999817563,0.4998931779837171
G2,1,0.5,0.5,2,2,1,2.04283447265625,0.3333333607988129,0.4999999999817563,0.4998945924767146
G2,1,0.5,0.5,2,2,1,2.0461669921875,0.3333333600756158,0.4999999999817563,0.4998959882395811
G2,1,0.5,0.5,2,2,1,2.04949951171875,0.3333333593714444,0.4999999999817563,0.499897365520333
G2,1,0.5,0.5,2,2,1,2.05283203125,0.3333333586857981,0.4999999999817563,0.4998987245637036
G2,1,0.5,0.5,2,2,1,2.05616455078125,0.3333333580181896,0.4999999999817563,0.4999000656111844
G2,1,0.5,0.5,2,2,1,2.0594970703125,0.3333333573681447,0.4999999999817563,0.4999013889010698
G2,1,0.5,0.5,2,2,1,2.06282958984375,0.333333356735201,0.4999999999817563,0.4999026946684979
G2,1,0.5,0.5,2,2,1,2.066162109375,0.3333333561189087,0.4999999999817563,0.4999039831454954
G2,1,0.5,0.5,2,2,1,2.06949462890625,0.3333333555188295,0.4999999999817563,0.499905254561015
G2,1,0.5,0.5,2,2,1,2.0728271484375,0.3333333549345374,0.4999999999817563,0.4999065091409773
G2,1,0.5,0.5,2,2,1,2.07615966796875,0.3333333543656165,0.4999999999817563,0.49990774710831
G2,1,0.5,0.5,2,2,1,2.0794921875,0.333333353811663,0.4999999999817563,0.499908968682992
G2,1,0.5,0.5,2,2,1,2.08282470703125,0.3333333532722826,0.4999999999817563,0.4999101740820862
G2,1,0.5,0.5,2,2,1,2.0861572265625,0.333333352747092,0.4999999999817563,0.4999113635197852
G2,1,0.5,0.5,2,2,1,2.08948974609375,0.3333333522357179,0.4999999999817563,0.4999125372074432
G2,1,0.5,0.5,2,2,1,2.092822265625,0.3333333517377972,0.4999999999817563,0.4999136953536146
G2,1,0.5,0.5,2,2,1,2.09615478515625,0.3333333512529757,0.4999999999817563,0.4999148381640945
G2,1,0.5,0.5,2,2,1,2.0994873046875,0.3333333507809093,0.4999999999817563,0.4999159658419505
G2,1,0.5,0.5,2,2,1,2.10281982421875,0.3333333503212612,0.4999999999817563,0.4999170785875636
G2,1,0.5,0.5,2,2,1,2.10615234375,0.3333333498737054,0.4999999999817563,0.4999181765986602
G2,1,0.5,0.5,2,2,1,2.10948486328125,0.3333333494379245,0.4999999999817563,0.4999192600703478
G2,1,0.5,0.5,2,2,1,2.1128173828125,0.3333333490136076,0.4999999999817563,0.4999203291951527
G2,1,0.5,0.5,2,2,1,2.11614990234375,0.3333333486004534,0.4999999999817563,0.4999213841630503
G2,1,0.5,0.5,2,2,1,2.119482421875,0.3333333481981686,0.4999999999817563,0.4999224251614992
G2,1,0.5,0.5,2,2,1,2.12281494140625,0.3333333478064672,0.4999999999817563,0.4999234523754775
G2,1,0.5,0.5,2,2,1,2.1261474609375,0.3333333474250705,0.4999999999817563,0.4999244659875129
G2,1,0.5,0.5,2,2,1,2.12947998046875,0.3333333470537074,0.4999999999817563,0.499925466177718
G2,1,0.5,0.5,2,2,1,2.1328125,0.333333346692114,0.4999999999817563,0.4999264531238208
G2,1,0.5,0.5,2,2,1,2.13614501953125,0.3333333463400336,0.4999999999817563,0.4999274270011891
G2,1,0.5,0.5,2,2,1,2.1394775390625,0.3333333459972156,0.4999999999817563,0.499928387982878
G2,1,0.5,0.5,2,2,1,2.14281005859375,0.3333333456634164,0.4999999999817563,0.4999293362396461
G2,1,0.5,0.5,2,2,1,2.146142578125,0.3333333453383988,0.4999999999817563,0.4999302719399912
G2,1,0.5,0.5,2,2,1,2.14947509765625,0.3333333450219313,0.4999999999817563,0.4999311952501771
G2,1,0.5,0.5,2,2,1,2.1528076171875,0.3333333447137898,0.4999999999817563,0.499932106334271
G2,1,0.5,0.5,2,2,1,2.15614013671875,0.3333333444137548,0.4999999999817563,0.4999330053541674
G2,1,0.5,0.5,2,2,1,2.15947265625,0.3333333441216126,0.4999999999817563,0.4999338924696149
G2,1,0.5,0.5,2,2,1,2.16280517578125,0.3333333438371568,0.4999999999817563,0.4999347678382471
G2,1,0.5,0.5,2,2,1,2.1661376953125,0.3333333435601841,0.4999999999817563,0.4999356316156103
G2,1,0.5,0.5,2,2,1,2.16947021484375,0.3333333432904979,0.4999999999817563,0.4999364839551912
G2,1,0.5,0.5,2,2,1,2.172802734375,0.3333333430279066,0.4999999999817563,0.499937325008444
G2,1,0.5,0.5,2,2,1,2.17613525390625,0.3333333427722229,0.4999999999817563,0.4999381549248181
G2,1,0.5,0.5,2,2,1,2.1794677734375,0.3333333425232664,0.4999999999817563,0.4999389738517836
G2,1,0.5,0.5,2,2,1,2.18280029296875,0.3333333422808592,0.4999999999817563,0.4999397819348569
G2,1,0.5,0.5,2,2,1,2.1861328125,0.3333333420448293,0.4999999999817563,0.4999405793176314
G2,1,0.5,0.5,2,2,1,2.18946533203125,0.3333333418150088,0.4999999999817563,0.499941366141791
G2,1,0.5,0.5,2,2,1,2.1927978515625,0.3333333415912346,0.4999999999817563,0.49994214254715
G2,1,0.5,0.5,2,2,1,2.19613037109375,0.3333333413733467,0.4999999999817563,0.4999429086716713
G2,1,0.5,0.5,2,2,1,2.199462890625,0.3333333411611916,0.4999999999817563,0.4999436646514881
G2,1,0.5,0.5,2,2,1,2.20279541015625,0.3333333409546178,0.4999999999817563,0.4999444106209349
G2,1,0.5,0.5,2,2,1,2.2061279296875,0.3333333407534786,0.4999999999817563,0.4999451467125618
G2,1,0.5,0.5,2,2,1,2.20946044921875,0.3333333405576306,0.4999999999817563,0.4999458730571696
G2,1,0.5,0.5,2,2,1,2.21279296875,0.3333333403669351,0.4999999999817563,0.4999465897838221
G2,1,0.5,0.5,2,2,1,2.21612548828125,0.3333333401812563,0.4999999999817563,0.4999472970198778
G2,1,0.5,0.5,2,2,1,2.2194580078125,0.3333333400004622,0.4999999999817563,0.4999479948910062
G2,1,0.5,0.5,2,2,1,2.22279052734375,0.3333333398244245,0.4999999999817563,0.4999486835212145
G2,1,0.5,0.5,2,2,1,2.226123046875,0.3333333396530184,0.4999999999817563,0.4999493630328651
G2,1,0.5,0.5,2,2,1,2.22945556640625,0.3333333394861211,0.4999999999817563,0.4999500335467042
G2,1,0.5,0.5,2,2,1,2.2327880859375,0.3333333393236148,0.4999999999817563,0.4999506951818764
G2,1,0.5,0.5,2,2,1,2.23612060546875,0.3333333391653831,0.4999999999817563,0.4999513480559514
G2,1,0.5,0.5,2,2,1,2.239453125,0.3333333390113148,0.4999999999817563,0.4999519922849368
G2,1,0.5,0.5,2,2,1,2.24278564453125,0.3333333388612993,0.4999999999817563,0.4999526279833088
G2,1,0.5,0.5,2,2,1,2.2461181640625,0.3333333387152307,0.4999999999817563,0.4999532552640272
G2,1,0.5,0.5,2,2,1,2.24945068359375,0.3333333385730048,0.4999999999817563,0.4999538742385521
G2,1,0.5,0.5,2,2,1,2.252783203125,0.3333333384345204,0.4999999999817563,0.4999544850168735
G2,1,0.5,0.5,2,2,1,2.25611572265625,0.3333333382996793,0.4999999999817563,0.4999550877075213
G2,1,0.5,0.5,2,2,1,2.2594482421875,0.3333333381683855,0.4999999999817563,0.4999556824175877
G2,1,0.5,0.5,2,2,1,2.26278076171875,0.3333333380405458,0.4999999999817563,0.4999562692527512
G2,1,0.5,0.5,2,2,1,2.26611328125,0.3333333379160692,0.4999999999817563,0.4999568483172881
G2,1,0.5,0.5,2,2,1,2.26944580078125,0.3333333377948675,0.4999999999817563,0.4999574197140902
G2,1,0.5,0.5,2,2,1,2.2727783203125,0.3333333376768541,0.4999999999817563,0.4999579835446928
G2,1,0.5,0.5,2,2,1,2.27611083984375,0.3333333375619456,0.4999999999817563,0.4999585399092829
G2,1,0.5,0.5,2,2,1,2.279443359375,0.33333333745006,0.4999999999817563,0.4999590889067245
G2,1,0.5,0.5,2,2,1,2.28277587890625,0.3333333373411181,0.4999999999817563,0.4999596306345691
G2,1,0.5,0.5,2,2,1,2.2861083984375,0.3333333372350419,0.4999999999817563,0.4999601651890767
G2,1,0.5,0.5,2,2,1,2.28944091796875,0.3333333371317564,0.4999999999817563,0.4999606926652361
G2,1,0.5,0.5,2,2,1,2.2927734375,0.3333333370311882,0.4999999999817563,0.4999612131567746
G2,1,0.5,0.5,2,2,1,2.29610595703125,0.3333333369332658,0.4999999999817563,0.4999617267561821
G2,1,0.5,0.5,2,2,1,2.2994384765625,0.3333333368379194,0.4999999999817563,0.4999622335547162
G2,1,0.5,0.5,2,2,1,2.30277099609375,0.3333333367450816,0.4999999999817563,0.4999627336424343
G2,1,0.5,0.5,2,2,1,2.306103515625,0.3333333366546856,0.4999999999817563,0.4999632271081979
G2,1,0.5,0.5,2,2,1,2.30943603515625,0.3333333365666684,0.4999999999817563,0.4999637140396921
G2,1,0.5,0.5,2,2,1,2.3127685546875,0.3333333364809665,0.4999999999817563,0.4999641945234413
G2,1,0.5,0.5,2,2,1,2.31610107421875,0.3333333363975188,0.4999999999817563,0.4999646686448242
G2,1,0.5,0.5,2,2,1,2.31943359375,0.3333333363162669,0.4999999999817563,0.4999651364880868
G2,1,0.5,0.5,2,2,1,2.32276611328125,0.3333333362371523,0.4999999999817563,0.4999655981363633
G2,1,0.5,0.5,2,2,1,2.3260986328125,0.3333333361601192,0.4999999999817563,0.4999660536716832
G2,1,0.5,0.5,2,2,1,2.32943115234375,0.3333333360851129,0.4999999999817563,0.4999665031749952
G2,1,0.5,0.5,2,2,1,2.332763671875,0.3333333360120796,0.4999999999817563,0.4999669467261691
G2,1,0.5,0.5,2,2,1,2.33609619140625,0.3333333359409675,0.4999999999817563,0.4999673844040224
G2,1,0.5,0.5,2,2,1,2.3394287109375,0.3333333358717263,0.4999999999817563,0.499967816286326
G2,1,0.5,0.5,2,2,1,2.34276123046875,0.3333333358043069,0.4999999999817563,0.4999682424498237
G2,1,0.5,0.5,2,2,1,2.34609375,0.3333333357386609,0.4999999999817563,0.4999686629702412
G2,1,0.5,0.5,2,2,1,2.34942626953125,0.3333333356747419,0.4999999999817563,0.4999690779222992
G2,1,0.5,0.5,2,2,1,2.3527587890625,0.3333333356125047,0.4999999999817563,0.4999694873797351
G2,1,0.5,0.5,2,2,1,2.35609130859375,0.3333333355519046,0.4999999999817563,0.4999698914153056
G2,1,0.5,0.5,2,2,1,2.359423828125,0.333333335492899,0.4999999999817563,0.4999702901008045
G2,1,0.5,0.5,2,2,1,2.36275634765625,0.3333333354354455,0.4999999999817563,0.4999706835070747
G2,1,0.5,0.5,2,2,1,2.3660888671875,0.3333333353795036,0.4999999999817563,0.4999710717040213
G2,1,0.5,0.5,2,2,1,2.36942138671875,0.3333333353250331,0.4999999999817563,0.4999714547606255
G2,1,0.5,0.5,2,2,1,2.37275390625,0.3333333352719962,0.4999999999817563,0.4999718327449514
G2,1,0.5,0.5,2,2,1,2.37608642578125,0.3333333352203542,0.4999999999817563,0.4999722057241663
G2,1,0.5,0.5,2,2,1,2.3794189453125,0.3333333351700707,0.4999999999817563,0.4999725737645451
G2,1,0.5,0.5,2,2,1,2.38275146484375,0.3333333351211103,0.4999999999817563,0.4999729369314852
G2,1,0.5,0.5,2,2,1,2.386083984375,0.3333333350734375,0.4999999999817563,0.4999732952895189
G2,1,0.5,0.5,2,2,1,2.38941650390625,0.3333333350270195,0.4999999999817563,0.4999736489023247
G2,1,0.5,0.5,2,2,1,2.3927490234375,0.3333333349818225,0.4999999999817563,0.4999739978327364
G2,1,0.5,0.5,2,2,1,2.39608154296875,0.333333334937814,0.4999999999817563,0.4999743421427563
G2,1,0.5,0.5,2,2,1,2.3994140625,0.333333334894964,0.4999999999817563,0.4999746818935681
G2,1,0.5,0.5,2,2,1,2.40274658203125,0.3333333348532408,0.4999999999817563,0.4999750171455367
G2,1,0.5,0.5,2,2,1,2.4060791015625,0.3333333348126155,0.4999999999817563,0.4999753479582381
G2,1,0.5,0.5,2,2,1,2.40941162109375,0.3333333347730586,0.4999999999817563,0.4999756743904541
G2,1,0.5,0.5,2,2,1,2.412744140625,0.3333333347345428,0.4999999999817563,0.4999759965001906
G2,1,0.5,0.5,2,2,1,2.41607666015625,0.3333333346970401,0.4999999999817563,0.4999763143446864
G2,1,0.5,0.5,2,2,1,2.4194091796875,0.3333333346605238,0.4999999999817563,0.4999766279804138
G2,1,0.5,0.5,2,2,1,2.42274169921875,0.3333333346249684,0.4999999999817563,0.4999769374631065
G2,1,0.5,0.5,2,2,1,2.42607421875,0.3333333345903484,0.4999999999817563,0.4999772428477576
G2,1,0.5,0.5,2,2,1,2.42940673828125,0.3333333345566389,0.4999999999817563,0.4999775441886313
G2,1,0.5,0.5,2,2,1,2.4327392578125,0.3333333345238167,0.4999999999817563,0.499977841539275
G2,1,0.5,0.5,2,2,1,2.43607177734375,0.3333333344918575,0.4999999999817563,0.4999781349525237
G2,1,0.5,0.5,2,2,1,2.439404296875,0.3333333344607395,0.4999999999817563,0.4999784244805158
G2,1,0.5,0.5,2,2,1,2.44273681640625,0.3333333344304401,0.4999999999817563,0.4999787101746982
G2,1,0.5,0.5,2,2,1,2.4460693359375,0.3333333344009376,0.4999999999817563,0.4999789920858366
G2,1,0.5,0.5,2,2,1,2.44940185546875,0.3333333343722112,0.4999999999817563,0.4999792702640228
G2,1,0.5,0.5,2,2,1,2.452734375,0.3333333343442407,0.4999999999817563,0.4999795447586902
G2,1,0.5,0.5,2,2,1,2.45606689453125,0.3333333343170057,0.4999999999817563,0.4999798156186125
G2,1,0.5,0.5,2,2,1,2.4593994140625,0.3333333342904877,0.4999999999817563,0.4999800828919194
G2,1,0.5,0.5,2,2,1,2.46273193359375,0.3333333342646672,0.4999999999817563,0.4999803466261048
G2,1,0.5,0.5,2,2,1,2.466064453125,0.3333333342395258,0.4999999999817563,0.499980606868031
G2,1,0.5,0.5,2,2,1,2.46939697265625,0.3333333342150457,0.4999999999817563,0.499980863663942
G2,1,0.5,0.5,2,2,1,2.4727294921875,0.33333333419121,0.4999999999817563,0.4999811170594674
G2,1,0.5,0.5,2,2,1,2.47606201171875,0.3333333341680015,0.4999999999817563,0.4999813670996341
G2,1,0.5,0.5,2,2,1,2.47939453125,0.3333333341454029,0.4999999999817563,0.4999816138288731
G2,1,0.5,0.5,2,2,1,2.48272705078125,0.3333333341233993,0.4999999999817563,0.4999818572910246
G2,1,0.5,0.5,2,2,1,2.4860595703125,0.3333333341019742,0.4999999999817563,0.4999820975293514
G2,1,0.5,0.5,2,2,1,2.48939208984375,0.3333333340811131,0.4999999999817563,0.4999823345865418
G2,1,0.5,0.5,2,2,1,2.492724609375,0.3333333340608006,0.4999999999817563,0.4999825685047194
G2,1,0.5,0.5,2,2,1,2.49605712890625,0.3333333340410225,0.4999999999817563,0.4999827993254488
G2,1,0.5,0.5,2,2,1,2.4993896484375,0.3333333340217649,0.4999999999817563,0.4999830270897459
G2,1,0.5,0.5,2,2,1,2.50272216796875,0.3333333340030138,0.4999999999817563,0.499983251838083
G2,1,0.5,0.5,2,2,1,2.5060546875,0.3333333339847562,0.4999999999817563,0.4999834736103955
G2,1,0.5,0.5,2,2,1,2.50938720703125,0.3333333339669785,0.4999999999817563,0.4999836924460928
G2,1,0.5,0.5,2,2,1,2.5127197265625,0.3333333339496689,0.4999999999817563,0.4999839083840559
G2,1,0.5,0.5,2,2,1,2.51605224609375,0.3333333339328145,0.4999999999817563,0.4999841214626579
G2,1,0.5,0.5,2,2,1,2.519384765625,0.3333333339164035,0.4999999999817563,0.4999843317197618
G2,1,0.5,0.5,2,2,1,2.52271728515625,0.3333333339004241,0.4999999999817563,0.4999845391927283
G2,1,0.5,0.5,2,2,1,2.5260498046875,0.3333333338848654,0.4999999999817563,0.4999847439184235
G2,1,0.5,0.5,2,2,1,2.52938232421875,0.3333333338697158,0.4999999999817563,0.4999849459332255
G2,1,0.5,0.5,2,2,1,2.53271484375,0.3333333338549651,0.4999999999817563,0.4999851452730295
G2,1,0.5,0.5,2,2,1,2.53604736328125,0.333333333840602,0.4999999999817563,0.4999853419732602
G2,1,0.5,0.5,2,2,1,2.5393798828125,0.3333333338266167,0.4999999999817563,0.4999855360688685
G2,1,0.5,0.5,2,2,1,2.54271240234375,0.3333333338129997,0.4999999999817563,0.4999857275943425
G2,1,0.5,0.5,2,2,1,2.546044921875,0.3333333337997405,0.4999999999817563,0.4999859165837161
G2,1,0.5,0.5,2,2,1,2.54937744140625,0.3333333337868305,0.4999999999817563,0.4999861030705704
G2,1,0.5,0.5,2,2,1,2.5527099609375,0.3333333337742601,0.4999999999817563,0.4999862870880428
G2,1,0.5,0.5,2,2,1,2.55604248046875,0.3333333337620203,0.4999999999817563,0.4999864686688324
G2,1,0.5,0.5,2,2,1,2.559375,0.3333333337501025,0.4999999999817563,0.4999866478452031
G2,1,0.5,0.5,2,2,1,2.56270751953125,0.3333333337384983,0.4999999999817563,0.4999868246489951
G2,1,0.5,0.5,2,2,1,2.5660400390625,0.3333333337271995,0.4999999999817563,0.4999869991116248
G2,1,0.5,0.5,2,2,1,2.56937255859375,0.3333333337161976,0.4999999999817563,0.499987171264092
G2,1,0.5,0.5,2,2,1,2.572705078125,0.3333333337054855,0.4999999999817563,0.4999873411369875
G2,1,0.5,0.5,2,2,1,2.57603759765625,0.3333333336950548,0.4999999999817563,0.4999875087604975
G2,1,0.5,0.5,2,2,1,2.5793701171875,0.3333333336848989,0.4999999999817563,0.4999876741644055
G2,1,0.5,0.5,2,2,1,2.58270263671875,0.3333333336750101,0.4999999999817563,0.499987837378104
G2,1,0.5,0.5,2,2,1,2.58603515625,0.3333333336653811,0.4999999999817563,0.4999879984305937
G2,1,0.5,0.5,2,2,1,2.58936767578125,0.3333333336560059,0.4999999999817563,0.4999881573504926
G2,1,0.5,0.5,2,2,1,2.5927001953125,0.3333333336468771,0.4999999999817563,0.4999883141660405
G2,1,0.5,0.5,2,2,1,2.59603271484375,0.3333333336379884,0.4999999999817563,0.4999884689051023
G2,1,0.5,0.5,2,2,1,2.599365234375,0.3333333336293338,0.4999999999817563,0.4999886215951724
G2,1,0.5,0.5,2,2,1,2.60269775390625,0.3333333336209068,0.4999999999817563,0.4999887722633852
G2,1,0.5,0.5,2,2,1,2.6060302734375,0.3333333336127013,0.4999999999817563,0.499988920936511
G2,1,0.5,0.5,2,2,1,2.60936279296875,0.3333333336047121,0.4999999999817563,0.4999890676409693
G2,1,0.5,0.5,2,2,1,2.6126953125,0.3333333335969328,0.4999999999817563,0.4999892124028288
G2,1,0.5,0.5,2,2,1,2.61602783203125,0.3333333335893579,0.4999999999817563,0.4999893552478106
G2,1,0.5,0.5,2,2,1,2.6193603515625,0.3333333335819826,0.4999999999817563,0.4999894962012985
G2,1,0.5,0.5,2,2,1,2.62269287109375,0.3333333335748012,0.4999999999817563,0.4999896352883408
G2,1,0.5,0.5,2,2,1,2.626025390625,0.3333333335678088,0.4999999999817563,0.4999897725336474
G2,1,0.5,0.5,2,2,1,2.62935791015625,0.333333333561,0.4999999999817563,0.4999899079616084
G2,1,0.5,0.5,2,2,1,2.6326904296875,0.3333333335543708,0.4999999999817563,0.4999900415962882
G2,1,0.5,0.5,2,2,1,2.63602294921875,0.3333333335479159,0.4999999999817563,0.4999901734614343
G2,1,0.5,0.5,2,2,1,2.63935546875,0.3333333335416306,0.4999999999817563,0.4999903035804757
G2,1,0.5,0.5,2,2,1,2.64268798828125,0.3333333335355112,0.4999999999817563,0.4999904319765347
G2,1,0.5,0.5,2,2,1,2.6460205078125,0.3333333335295522,0.4999999999817563,0.4999905586724262
G2,1,0.5,0.5,2,2,1,2.64935302734375,0.3333333335237501,0.4999999999817563,0.4999906836906641
G2,1,0.5,0.5,2,2,1,2.652685546875,0.333333333518101,0.4999999999817563,0.4999908070534612
G2,1,0.5,0.5,2,2,1,2.65601806640625,0.3333333335126,0.4999999999817563,0.4999909287827394
G2,1,0.5,0.5,2,2,1,2.6593505859375,0.333333333507244,0.4999999999817563,0.4999910489001297
G2,1,0.5,0.5,2,2,1,2.66268310546875,0.3333333335020291,0.4999999999817563,0.4999911674269736
G2,1,0.5,0.5,2,2,1,2.666015625,0.3333333334969508,0.4999999999817563,0.4999912843843348
G2,1,0.5,0.5,2,2,1,2.66934814453125,0.3333333334920067,0.4999999999817563,0.4999913997929955
G2,1,0.5,0.5,2,2,1,2.6726806640625,0.3333333334871921,0.4999999999817563,0.499991513673462
G2,1,0.5,0.5,2,2,1,2.67601318359375,0.3333333334825045,0.4999999999817563,0.4999916260459711
G2,1,0.5,0.5,2,2,1,2.679345703125,0.3333333334779402,0.4999999999817563,0.4999917369304895
G2,1,0.5,0.5,2,2,1,2.68267822265625,0.3333333334734962,0.4999999999817563,0.4999918463467232
G2,1,0.5,0.5,2,2,1,2.6860107421875,0.3333333334691687,0.4999999999817563,0.4999919543141098
G2,1,0.5,0.5,2,2,1,2.68934326171875,0.3333333334649554,0.4999999999817563,0.4999920608518381
G2,1,0.5,0.5,2,2,1,2.69267578125,0.3333333334608527,0.4999999999817563,0.4999921659788374
G2,1,0.5,0.5,2,2,1,2.69600830078125,0.3333333334568579,0.4999999999817563,0.4999922697137884
G2,1,0.5,0.5,2,2,1,2.6993408203125,0.3333333334529682,0.4999999999817563,0.4999923720751246
G2,1,0.5,0.5,2,2,1,2.70267333984375,0.3333333334491809,0.4999999999817563,0.4999924730810341
G2,1,0.5,0.5,2,2,1,2.706005859375,0.3333333334454933,0.4999999999817563,0.4999925727494705
G2,1,0.5,0.5,2,2,1,2.70933837890625,0.3333333334419028,0.4999999999817563,0.4999926710981336
G2,1,0.5,0.5,2,2,1,2.7126708984375,0.3333333334384068,0.4999999999817563,0.4999927681445047
G2,1,0.5,0.5,2,2,1,2.71600341796875,0.3333333334350025,0.4999999999817563,0.4999928639058274
G2,1,0.5,0.5,2,2,1,2.7193359375,0.3333333334316879,0.4999999999817563,0.4999929583991186
G2,1,0.5,0.5,2,2,1,2.72266845703125,0.3333333334284604,0.4999999999817563,0.4999930516411689
G2,1,0.5,0.5,2,2,1,2.7260009765625,0.3333333334253177,0.4999999999817563,0.4999931436485464
G2,1,0.5,0.5,2,2,1,2.72933349609375,0.3333333334222581,0.4999999999817563,0.4999932344376007
G2,1,0.5,0.5,2,2,1,2.732666015625,0.3333333334192785,0.4999999999817563,0.4999933240244626
G2,1,0.5,0.5,2,2,1,2.73599853515625,0.3333333334163777,0.4999999999817563,0.4999934124250529
G2,1,0.5,0.5,2,2,1,2.7393310546875,0.3333333334135532,0.4999999999817563,0.4999934996550793
G2,1,0.5,0.5,2,2,1,2.74266357421875,0.3333333334108028,0.4999999999817563,0.4999935857300413
G2,1,0.5,0.5,2,2,1,2.74599609375,0.3333333334081248,0.4999999999817563,0.499993670665235
G2,1,0.5,0.5,2,2,1,2.74932861328125,0.333333333405517,0.4999999999817563,0.4999937544757521
G2,1,0.5,0.5,2,2,1,2.7526611328125,0.3333333334029783,0.4999999999817563,0.4999938371764854
G2,1,0.5,0.5,2,2,1,2.75599365234375,0.3333333334005057,0.4999999999817563,0.4999939187821295
G2,1,0.5,0.5,2,2,1,2.759326171875,0.3333333333980988,0.4999999999817563,0.499993999307185
G2,1,0.5,0.5,2,2,1,2.76265869140625,0.3333333333957551,0.4999999999817563,0.4999940787659594
G2,1,0.5,0.5,2,2,1,2.7659912109375,0.3333333333934729,0.4999999999817563,0.4999941571725753
G2,1,0.5,0.5,2,2,1,2.76932373046875,0.3333333333912511,0.4999999999817563,0.4999942345409637
G2,1,0.5,0.5,2,2,1,2.77265625,0.3333333333890875,0.4999999999817563,0.4999943108848714
G2,1,0.5,0.5,2,2,1,2.77598876953125,0.3333333333869807,0.4999999999817563,0.4999943862178646
G2,1,0.5,0.5,2,2,1,2.7793212890625,0.3333333333849294,0.4999999999817563,0.4999944605533304
G2,1,0.5,0.5,2,2,1,2.78265380859375,0.3333333333829324,0.4999999999817563,0.4999945339044763
G2,1,0.5,0.5,2,2,1,2.785986328125,0.3333333333809875,0.4999999999817563,0.4999946062843376
G2,1,0.5,0.5,2,2,1,2.78931884765625,0.3333333333790937,0.4999999999817563,0.4999946777057734
G2,1,0.5,0.5,2,2,1,2.7926513671875,0.33333333337725,0.4999999999817563,0.4999947481814764
G2,1,0.5,0.5,2,2,1,2.79598388671875,0.3333333333754547,0.4999999999817563,0.4999948177239684
G2,1,0.5,0.5,2,2,1,2.79931640625,0.3333333333737063,0.4999999999817563,0.4999948863456083
G2,1,0.5,0.5,2,2,1,2.80264892578125,0.3333333333720045,0.4999999999817563,0.4999949540585891
G2,1,0.5,0.5,2,2,1,2.8059814453125,0.3333333333703472,0.4999999999817563,0.4999950208749427
G2,1,0.5,0.5,2,2,1,2.80931396484375,0.3333333333687336,0.4999999999817563,0.4999950868065411
G2,1,0.5,0.5,2,2,1,2.812646484375,0.3333333333671624,0.4999999999817563,0.4999951518651015
G2,1,0.5,0.5,2,2,1,2.81597900390625,0.3333333333656325,0.4999999999817563,0.4999952160621831
G2,1,0.5,0.5,2,2,1,2.8193115234375,0.3333333333641427,0.4999999999817563,0.4999952794091933
G2,1,0.5,0.5,2,2,1,2.82264404296875,0.3333333333626922,0.4999999999817563,0.4999953419173886
G2,1,0.5,0.5,2,2,1,2.8259765625,0.3333333333612799,0.4999999999817563,0.4999954035978771
G2,1,0.5,0.5,2,2,1,2.82930908203125,0.3333333333599048,0.4999999999817563,0.4999954644616177
G2,1,0.5,0.5,2,2,1,2.8326416015625,0.3333333333585659,0.4999999999817563,0.499995524519425
G2,1,0.5,0.5,2,2,1,2.83597412109375,0.3333333333572619,0.4999999999817563,0.4999955837819761
G2,1,0.5,0.5,2,2,1,2.839306640625,0.3333333333559924,0.4999999999817563,0.4999956422597932
G2,1,0.5,0.5,2,2,1,2.84263916015625,0.3333333333547567,0.4999999999817563,0.4999956999632711
G2,1,0.5,0.5,2,2,1,2.8459716796875,0.3333333333535532,0.4999999999817563,0.4999957569026641
G2,1,0.5,0.5,2,2,1,2.84930419921875,0.3333333333523813,0.4999999999817563,0.4999958130880887
G2,1,0.5,0.5,2,2,1,2.85263671875,0.33333333335124,0.4999999999817563,0.4999958685295293
G2,1,0.5,0.5,2,2,1,2.85596923828125,0.3333333333501293,0.4999999999817563,0.4999959232368372
G2,1,0.5,0.5,2,2,1,2.8593017578125,0.3333333333490476,0.4999999999817563,0.4999959772197332
G2,1,0.5,0.5,2,2,1,2.86263427734375,0.3333333333479939,0.4999999999817563,0.4999960304878102
G2,1,0.5,0.5,2,2,1,2.865966796875,0.3333333333469683,0.4999999999817563,0.4999960830505336
G2,1,0.5,0.5,2,2,1,2.86929931640625,0.3333333333459699,0.4999999999817563,0.4999961349172427
G2,1,0.5,0.5,2,2,1,2.8726318359375,0.3333333333449972,0.4999999999817563,0.4999961860971547
G2,1,0.5,0.5,2,2,1,2.87596435546875,0.3333333333440506,0.4999999999817563,0.4999962365993642
G2,1,0.5,0.5,2,2,1,2.879296875,0.3333333333431289,0.4999999999817563,0.4999962864328434
G2,1,0.5,0.5,2,2,1,2.88262939453125,0.333333333342231,0.4999999999817563,0.4999963356064486
G2,1,0.5,0.5,2,2,1,2.8859619140625,0.333333333341357,0.4999999999817563,0.4999963841289176
G2,1,0.5,0.5,2,2,1,2.88929443359375,0.3333333333405062,0.4999999999817563,0.4999964320088716
G2,1,0.5,0.5,2,2,1,2.892626953125,0.3333333333396773,0.4999999999817563,0.4999964792548196
G2,1,0.5,0.5,2,2,1,2.89595947265625,0.3333333333388706,0.4999999999817563,0.4999965258751557
G2,1,0.5,0.5,2,2,1,2.8992919921875,0.3333333333380849,0.4999999999817563,0.4999965718781653
G2,1,0.5,0.5,2,2,1,2.90262451171875,0.33333333333732,0.4999999999817563,0.4999966172720219
G2,1,0.5,0.5,2,2,1,2.90595703125,0.3333333333365751,0.4999999999817563,0.4999966620647916
G2,1,0.5,0.5,2,2,1,2.90928955078125,0.3333333333358499,0.4999999999817563,0.4999967062644342
G2,1,0.5,0.5,2,2,1,2.9126220703125,0.3333333333351439,0.4999999999817563,0.4999967498788033
G2,1,0.5,0.5,2,2,1,2.91595458984375,0.3333333333344561,0.4999999999817563,0.4999967929156491
G2,1,0.5,0.5,2,2,1,2.919287109375,0.3333333333337868,0.4999999999817563,0.4999968353826187
G2,1,0.5,0.5,2,2,1,2.92261962890625,0.3333333333331349,0.4999999999817563,0.4999968772872583
G2,1,0.5,0.5,2,2,1,2.9259521484375,0.3333333333325001,0.4999999999817563,0.499996918637014
G2,1,0.5,0.5,2,2,1,2.92928466796875,0.3333333333318822,0.4999999999817563,0.4999969594392334
G2,1,0.5,0.5,2,2,1,2.9326171875,0.3333333333312806,0.4999999999817563,0.4999969997011669
G2,1,0.5,0.5,2,2,1,2.93594970703125,0.3333333333306946,0.4999999999817563,0.499997039429973
G2,1,0.5,0.5,2,2,1,2.9392822265625,0.3333333333301238,0.4999999999817563,0.4999970786327016
G2,1,0.5,0.5,2,2,1,2.94261474609375,0.3333333333295685,0.4999999999817563,0.4999971173163246
G2,1,0.5,0.5,2,2,1,2.945947265625,0.3333333333290274,0.4999999999817563,0.4999971554877147
G2,1,0.5,0.5,2,2,1,2.94927978515625,0.3333333333285011,0.4999999999817563,0.4999971931536556
G2,1,0.5,0.5,2,2,1,2.9526123046875,0.3333333333279882,0.4999999999817563,0.4999972303208393
G2,1,0.5,0.5,2,2,1,2.95594482421875,0.3333333333274888,0.4999999999817563,0.4999972669958705
G2,1,0.5,0.5,2,2,1,2.95927734375,0.3333333333270029,0.4999999999817563,0.4999973031852666
G2,1,0.5,0.5,2,2,1,2.96260986328125,0.3333333333265292,0.4999999999817563,0.4999973388954572
G2,1,0.5,0.5,2,2,1,2.9659423828125,0.3333333333260681,0.4999999999817563,0.4999973741327883
G2,1,0.5,0.5,2,2,1,2.96927490234375,0.3333333333256197,0.4999999999817563,0.4999974089035208
G2,1,0.5,0.5,2,2,1,2.972607421875,0.3333333333251823,0.4999999999817563,0.499997443213834
G2,1,0.5,0.5,2,2,1,2.97593994140625,0.3333333333247568,0.4999999999817563,0.4999974770698248
G2,1,0.5,0.5,2,2,1,2.9792724609375,0.3333333333243427,0.4999999999817563,0.4999975104775081
G2,1,0.5,0.5,2,2,1,2.98260498046875,0.3333333333239393,0.4999999999817563,0.4999975434428211
G2,1,0.5,0.5,2,2,1,2.9859375,0.3333333333235465,0.4999999999817563,0.4999975759716207
G2,1,0.5,0.5,2,2,1,2.98927001953125,0.3333333333231638,0.4999999999817563,0.4999976080696873
G2,1,0.5,0.5,2,2,1,2.9926025390625,0.3333333333227916,0.4999999999817563,0.4999976397427248
G2,1,0.5,0.5,2,2,1,2.99593505859375,0.333333333322429,0.4999999999817563,0.4999976709963609
G2,1,0.5,0.5,2,2,1,2.999267578125,0.3333333333220758,0.4999999999817563,0.4999977018361494
G2,1,0.5,0.5,2,2,1,3.00260009765625,0.333333333321732,0.4999999999817563,0.4999977322675704
G2,1,0.5,0.5,2,2,1,3.0059326171875,0.3333333333213974,0.4999999999817563,0.4999977622960306
G2,1,0.5,0.5,2,2,1,3.00926513671875,0.3333333333210715,0.4999999999817563,0.4999977919268662
G2,1,0.5,0.5,2,2,1,3.01259765625,0.3333333333207541,0.4999999999817563,0.4999978211653429
G2,1,0.5,0.5,2,2,1,3.01593017578125,0.333333333320445,0.4999999999817563,0.4999978500166558
G2,1,0.5,0.5,2,2,1,3.0192626953125,0.3333333333201441,0.4999999999817563,0.4999978784859312
G2,1,0.5,0.5,2,2,1,3.02259521484375,0.3333333333198513,0.4999999999817563,0.4999979065782286
G2,1,0.5,0.5,2,2,1,3.025927734375,0.3333333333195661,0.4999999999817563,0.4999979342985398
G2,1,0.5,0.5,2,2,1,3.02926025390625,0.3333333333192883,0.4999999999817563,0.4999979616517897
G2,1,0.5,0.5,2,2,1,3.0325927734375,0.333333333319018,0.4999999999817563,0.4999979886428393
G2,1,0.5,0.5,2,2,1,3.03592529296875,0.3333333333187547,0.4999999999817563,0.4999980152764852
G2,1,0.5,0.5,2,2,1,3.0392578125,0.3333333333184982,0.4999999999817563,0.4999980415574588
G2,1,0.5,0.5,2,2,1,3.04259033203125,0.3333333333182488,0.4999999999817563,0.4999980674904305
G2,1,0.5,0.5,2,2,1,3.0459228515625,0.3333333333180055,0.4999999999817563,0.4999980930800086
G2,1,0.5,0.5,2,2,1,3.04925537109375,0.3333333333177688,0.4999999999817563,0.49999811833074
G2,1,0.5,0.5,2,2,1,3.052587890625,0.3333333333175383,0.4999999999817563,0.499998143247112
G2,1,0.5,0.5,2,2,1,3.05592041015625,0.3333333333173139,0.4999999999817563,0.4999981678335515
G2,1,0.5,0.5,2,2,1,3.0592529296875,0.3333333333170952,0.4999999999817563,0.4999981920944278
G2,1,0.5,0.5,2,2,1,3.06258544921875,0.3333333333168825,0.4999999999817563,0.4999982160340523
G2,1,0.5,0.5,2,2,1,3.06591796875,0.3333333333166755,0.4999999999817563,0.4999982396566775
G2,1,0.5,0.5,2,2,1,3.06925048828125,0.3333333333164738,0.4999999999817563,0.4999982629665025
G2,1,0.5,0.5,2,2,1,3.0725830078125,0.3333333333162772,0.4999999999817563,0.4999982859676677
G2,1,0.5,0.5,2,2,1,3.07591552734375,0.3333333333160859,0.4999999999817563,0.4999983086642614
G2,1,0.5,0.5,2,2,1,3.079248046875,0.3333333333158999,0.4999999999817563,0.4999983310603162
G2,1,0.5,0.5,2,2,1,3.08258056640625,0.3333333333157187,0.4999999999817563,0.4999983531598109
G2,1,0.5,0.5,2,2,1,3.0859130859375,0.3333333333155422,0.4999999999817563,0.4999983749666735
G2,1,0.5,0.5,2,2,1,3.08924560546875,0.3333333333153702,0.4999999999817563,0.4999983964847785
G2,1,0.5,0.5,2,2,1,3.092578125,0.3333333333152028,0.4999999999817563,0.49999841771795
G2,1,0.5,0.5,2,2,1,3.09591064453125,0.3333333333150398,0.4999999999817563,0.4999984386699602
G2,1,0.5,0.5,2,2,1,3.0992431640625,0.3333333333148812,0.4999999999817563,0.4999984593445327
G2,1,0.5,0.5,2,2,1,3.10257568359375,0.3333333333147266,0.4999999999817563,0.4999984797453411
G2,1,0.5,0.5,2,2,1,3.105908203125,0.3333333333145764,0.4999999999817563,0.49999849987601
G2,1,0.5,0.5,2,2,1,3.10924072265625,0.3333333333144298,0.4999999999817563,0.4999985197401169
G2,1,0.5,0.5,2,2,1,3.1125732421875,0.3333333333142871,0.4999999999817563,0.4999985393411917
G2,1,0.5,0.5,2,2,1,3.11590576171875,0.3333333333141481,0.4999999999817563,0.4999985586827175
G2,1,0.5,0.5,2,2,1,3.11923828125,0.333333333314013,0.4999999999817563,0.4999985777681308
G2,1,0.5,0.5,2,2,1,3.12257080078125,0.3333333333138814,0.4999999999817563,0.4999985966008229
G2,1,0.5,0.5,2,2,1,3.1259033203125,0.3333333333137534,0.4999999999817563,0.4999986151841402
G2,1,0.5,0.5,2,2,1,3.12923583984375,0.3333333333136285,0.4999999999817563,0.499998633521385
G2,1,0.5,0.5,2,2,1,3.132568359375,0.3333333333135069,0.4999999999817563,0.4999986516158157
G2,1,0.5,0.5,2,2,1,3.13590087890625,0.3333333333133885,0.4999999999817563,0.4999986694706474
G2,1,0.5,0.5,2,2,1,3.1392333984375,0.3333333333132733,0.4999999999817563,0.4999986870890525
G2,1,0.5,0.5,2,2,1,3.14256591796875,0.3333333333131612,0.4999999999817563,0.4999987044741622
G2,1,0.5,0.5,2,2,1,3.1458984375,0.3333333333130518,0.4999999999817563,0.499998721629066
G2,1,0.5,0.5,2,2,1,3.14923095703125,0.3333333333129456,0.4999999999817563,0.4999987385568112
G2,1,0.5,0.5,2,2,1,3.1525634765625,0.3333333333128417,0.4999999999817563,0.499998755260406
G2,1,0.5,0.5,2,2,1,3.15589599609375,0.3333333333127411,0.4999999999817563,0.4999987717428189
G2,1,0.5,0.5,2,2,1,3.159228515625,0.3333333333126428,0.4999999999817563,0.499998788006979
G2,1,0.5,0.5,2,2,1,3.16256103515625,0.3333333333125471,0.4999999999817563,0.4999988040557754
G2,1,0.5,0.5,2,2,1,3.1658935546875,0.3333333333124541,0.4999999999817563,0.4999988198920607
G2,1,0.5,0.5,2,2,1,3.16922607421875,0.3333333333123637,0.4999999999817563,0.4999988355186478
G2,1,0.5,0.5,2,2,1,3.17255859375,0.3333333333122752,0.4999999999817563,0.499998850938314
G2,1,0.5,0.5,2,2,1,3.17589111328125,0.3333333333121894,0.4999999999817563,0.4999988661537996
G2,1,0.5,0.5,2,2,1,3.1792236328125,0.3333333333121057,0.4999999999817563,0.4999988811678079
G2,1,0.5,0.5,2,2,1,3.18255615234375,0.3333333333120241,0.4999999999817563,0.4999988959830081
G2,1,0.5,0.5,2,2,1,3.185888671875,0.3333333333119448,0.4999999999817563,0.4999989106020304
G2,1,0.5,0.5,2,2,1,3.18922119140625,0.3333333333118678,0.4999999999817563,0.4999989250274738
G2,1,0.5,0.5,2,2,1,3.1925537109375,0.3333333333117925,0.4999999999817563,0.4999989392619013
G2,1,0.5,0.5,2,2,1,3.19588623046875,0.3333333333117191,0.4999999999817563,0.4999989533078426
G2,1,0.5,0.5,2,2,1,3.19921875,0.3333333333116479,0.4999999999817563,0.4999989671677934
G2,1,0.5,0.5,2,2,1,3.20255126953125,0.3333333333115784,0.4999999999817563,0.4999989808442168
G2,1,0.5,0.5,2,2,1,3.2058837890625,0.3333333333115107,0.4999999999817563,0.4999989943395423
G2,1,0.5,0.5,2,2,1,3.20921630859375,0.3333333333114448,0.4999999999817563,0.4999990076561674
G2,1,0.5,0.5,2,2,1,3.212548828125,0.3333333333113808,0.4999999999817563,0.4999990207964599
G2,1,0.5,0.5,2,2,1,3.21588134765625,0.3333333333113185,0.4999999999817563,0.4999990337627545
G2,1,0.5,0.5,2,2,1,3.2192138671875,0.3333333333112577,0.4999999999817563,0.4999990465573547
G2,1,0.5,0.5,2,2,1,3.22254638671875,0.3333333333111984,0.4999999999817563,0.4999990591825338
G2,1,0.5,0.5,2,2,1,3.22587890625,0.333333333311141,0.4999999999817563,0.499999071640536
G2,1,0.5,0.5,2,2,1,3.22921142578125,0.333333333311085,0.4999999999817563,0.4999990839335741
G2,1,0.5,0.5,2,2,1,3.2325439453125,0.33333333331103,0.4999999999817563,0.4999990960638333
G2,1,0.5,0.5,2,2,1,3.23587646484375,0.333333333310977,0.4999999999817563,0.4999991080334678
G2,1,0.5,0.5,2,2,1,3.239208984375,0.3333333333109249,0.4999999999817563,0.4999991198446063
G2,1,0.5,0.5,2,2,1,3.24254150390625,0.3333333333108744,0.4999999999817563,0.4999991314993464
G2,1,0.5,0.5,2,2,1,3.2458740234375,0.3333333333108257,0.4999999999817563,0.4999991429997596
G2,1,0.5,0.5,2,2,1,3.24920654296875,0.333333333310778,0.4999999999817563,0.4999991543478893
G2,1,0.5,0.5,2,2,1,3.2525390625,0.3333333333107312,0.4999999999817563,0.4999991655457511
G2,1,0.5,0.5,2,2,1,3.25587158203125,0.333333333310686,0.4999999999817563,0.4999991765953353
G2,1,0.5,0.5,2,2,1,3.2592041015625,0.3333333333106419,0.4999999999817563,0.4999991874986053
G2,1,0.5,0.5,2,2,1,3.26253662109375,0.333333333310599,0.4999999999817563,0.4999991982574989
G2,1,0.5,0.5,2,2,1,3.265869140625,0.3333333333105569,0.4999999999817563,0.4999992088739278
G2,1,0.5,0.5,2,2,1,3.26920166015625,0.3333333333105163,0.4999999999817563,0.4999992193497784
G2,1,0.5,0.5,2,2,1,3.2725341796875,0.3333333333104766,0.4999999999817563,0.4999992296869119
G2,1,0.5,0.5,2,2,1,3.27586669921875,0.3333333333104382,0.4999999999817563,0.4999992398871655
G2,1,0.5,0.5,2,2,1,3.27919921875,0.3333333333104005,0.4999999999817563,0.4999992499523513
G2,1,0.5,0.5,2,2,1,3.28253173828125,0.3333333333103637,0.4999999999817563,0.4999992598842635
G2,1,0.5,0.5,2,2,1,3.2858642578125,0.3333333333103279,0.4999999999817563,0.4999992696846562
G2,1,0.5,0.5,2,2,1,3.28919677734375,0.3333333333102935,0.4999999999817563,0.4999992793552761
G2,1,0.5,0.5,2,2,1,3.292529296875,0.3333333333102594,0.4999999999817563,0.4999992888978418
G2,1,0.5,0.5,2,2,1,3.29586181640625,0.3333333333102267,0.4999999999817563,0.4999992983140489
G2,1,0.5,0.5,2,2,1,3.2991943359375,0.3333333333101948,0.4999999999817563,0.4999993076055703
G2,1,0.5,0.5,2,2,1,3.30252685546875,0.3333333333101635,0.4999999999817563,0.4999993167740572
G2,1,0.5,0.5,2,2,1,3.305859375,0.333333333310133,0.4999999999817563,0.4999993258211388
G2,1,0.5,0.5,2,2,1,3.30919189453125,0.3333333333101035,0.4999999999817563,0.4999993347484227
G2,1,0.5,0.5,2,2,1,3.3125244140625,0.3333333333100748,0.4999999999817563,0.499999343557496
G2,1,0.5,0.5,2,2,1,3.31585693359375,0.3333333333100466,0.4999999999817563,0.4999993522499224
G2,1,0.5,0.5,2,2,1,3.319189453125,0.3333333333100194,0.4999999999817563,0.4999993608272477
G2,1,0.5,0.5,2,2,1,3.32252197265625,0.3333333333099926,0.4999999999817563,0.4999993692909949
G2,1,0.5,0.5,2,2,1,3.3258544921875,0.333333333309967,0.4999999999817563,0.4999993776426688
G2,1,0.5,0.5,2,2,1,3.32918701171875,0.3333333333099415,0.4999999999817563,0.4999993858837536
G2,1,0.5,0.5,2,2,1,3.33251953125,0.3333333333099172,0.4999999999817563,0.4999993940157131
G2,1,0.5,0.5,2,2,1,3.33585205078125,0.333333333309893,0.4999999999817563,0.4999994020399928
G2,1,0.5,0.5,2,2,1,3.3391845703125,0.3333333333098699,0.4999999999817563,0.4999994099580179
G2,1,0.5,0.5,2,2,1,3.34251708984375,0.3333333333098473,0.4999999999817563,0.4999994177711962
G2,1,0.5,0.5,2,2,1,3.345849609375,0.333333333309825,0.4999999999817563,0.4999994254809156
G2,1,0.5,0.5,2,2,1,3.34918212890625,0.333333333309804,0.4999999999817563,0.499999433088546
G2,1,0.5,0.5,2,2,1,3.3525146484375,0.333333333309783,0.4999999999817563,0.4999994405954394
G2,1,0.5,0.5,2,2,1,3.35584716796875,0.3333333333097625,0.4999999999817563,0.4999994480029294
G2,1,0.5,0.5,2,2,1,3.3591796875,0.3333333333097425,0.4999999999817563,0.4999994553123326
G2,1,0.5,0.5,2,2,1,3.36251220703125,0.3333333333097233,0.4999999999817563,0.4999994625249478
G2,1,0.5,0.5,2,2,1,3.3658447265625,0.3333333333097044,0.4999999999817563,0.4999994696420564
G2,1,0.5,0.5,2,2,1,3.36917724609375,0.333333333309686,0.4999999999817563,0.4999994766649234
G2,1,0.5,0.5,2,2,1,3.372509765625,0.3333333333096682,0.4999999999817563,0.4999994835947962
G2,1,0.5,0.5,2,2,1,3.37584228515625,0.333333333309651,0.4999999999817563,0.4999994904329067
G2,1,0.5,0.5,2,2,1,3.3791748046875,0.3333333333096339,0.4999999999817563,0.4999994971804697
G2,1,0.5,0.5,2,2,1,3.38250732421875,0.3333333333096175,0.4999999999817563,0.4999995038386871
G2,1,0.5,0.5,2,2,1,3.38583984375,0.3333333333096014,0.4999999999817563,0.4999995104087365
G2,1,0.5,0.5,2,2,1,3.38917236328125,0.3333333333095861,0.4999999999817563,0.499999516891788
G2,1,0.5,0.5,2,2,1,3.3925048828125,0.333333333309571,0.4999999999817563,0.4999995232889934
G2,1,0.5,0.5,2,2,1,3.39583740234375,0.333333333309556,0.4999999999817563,0.4999995296014896
G2,1,0.5,0.5,2,2,1,3.399169921875,0.3333333333095417,0.4999999999817563,0.4999995358303988
G2,1,0.5,0.5,2,2,1,3.40250244140625,0.3333333333095275,0.4999999999817563,0.4999995419768268
G2,1,0.5,0.5,2,2,1,3.4058349609375,0.3333333333095139,0.4999999999817563,0.4999995480418666
G2,1,0.5,0.5,2,2,1,3.40916748046875,0.3333333333095008,0.4999999999817563,0.4999995540265954
G2,1,0.5,0.5,2,2,1,3.4125,0.3333333333094877,0.4999999999817563,0.4999995599320773
G2,1,0.5,0.5,2,2,1,3.41583251953125,0.3333333333094753,0.4999999999817563,0.4999995657593612
G2,1,0.5,0.5,2,2,1,3.4191650390625,0.3333333333094627,0.4999999999817563,0.4999995715094825
G2,1,0.5,0.5,2,2,1,3.42249755859375,0.3333333333094511,0.4999999999817563,0.4999995771834632
G2,1,0.5,0.5,2,2,1,3.425830078125,0.3333333333094393,0.4999999999817563,0.4999995827823111
G2,1,0.5,0.5,2,2,1,3.42916259765625,0.3333333333094277,0.4999999999817563,0.4999995883070216
G2,1,0.5,0.5,2,2,1,3.4324951171875,0.3333333333094167,0.4999999999817563,0.4999995937585763
G2,1,0.5,0.5,2,2,1,3.43582763671875,0.333333333309406,0.4999999999817563,0.4999995991379436
G2,1,0.5,0.5,2,2,1,3.43916015625,0.3333333333093958,0.4999999999817563,0.4999996044460793
G2,1,0.5,0.5,2,2,1,3.44249267578125,0.3333333333093854,0.4999999999817563,0.4999996096839271
G2,1,0.5,0.5,2,2,1,3.4458251953125,0.3333333333093755,0.4999999999817563,0.4999996148524178
G2,1,0.5,0.5,2,2,1,3.44915771484375,0.3333333333093658,0.4999999999817563,0.4999996199524692
G2,1,0.5,0.5,2,2,1,3.452490234375,0.3333333333093565,0.4999999999817563,0.4999996249849878
G2,1,0.5,0.5,2,2,1,3.45582275390625,0.3333333333093472,0.4999999999817563,0.4999996299508668
G2,1,0.5,0.5,2,2,1,3.4591552734375,0.3333333333093385,0.4999999999817563,0.4999996348509909
G2,1,0.5,0.5,2,2,1,3.46248779296875,0.3333333333093296,0.4999999999817563,0.4999996396862296
G2,1,0.5,0.5,2,2,1,3.4658203125,0.3333333333093213,0.4999999999817563,0.4999996444574419
G2,1,0.5,0.5,2,2,1,3.46915283203125,0.333333333309313,0.4999999999817563,0.4999996491654758
G2,1,0.5,0.5,2,2,1,3.4724853515625,0.3333333333093049,0.4999999999817563,0.4999996538111678
G2,1,0.5,0.5,2,2,1,3.47581787109375,0.333333333309297,0.4999999999817563,0.4999996583953436
G2,1,0.5,0.5,2,2,1,3.479150390625,0.3333333333092897,0.4999999999817563,0.4999996629188177
G2,1,0.5,0.5,2,2,1,3.48248291015625,0.3333333333092821,0.4999999999817563,0.4999996673823938
G2,1,0.5,0.5,2,2,1,3.4858154296875,0.3333333333092753,0.4999999999817563,0.4999996717868649
G2,1,0.5,0.5,2,2,1,3.48914794921875,0.3333333333092681,0.4999999999817563,0.4999996761330139
G2,1,0.5,0.5,2,2,1,3.49248046875,0.333333333309261,0.4999999999817563,0.4999996804216129
G2,1,0.5,0.5,2,2,1,3.49581298828125,0.3333333333092546,0.4999999999817563,0.4999996846534246
G2,1,0.5,0.5,2,2,1,3.4991455078125,0.333333333309248,0.4999999999817563,0.4999996888292002
G2,1,0.5,0.5,2,2,1,3.50247802734375,0.3333333333092419,0.4999999999817563,0.4999996929496818
G2,1,0.5,0.5,2,2,1,3.505810546875,0.3333333333092358,0.4999999999817563,0.4999996970156018
G2,1,0.5,0.5,2,2,1,3.50914306640625,0.3333333333092294,0.4999999999817563,0.4999997010276825
G2,1,0.5,0.5,2,2,1,3.5124755859375,0.3333333333092238,0.4999999999817563,0.4999997049866391
G2,1,0.5,0.5,2,2,1,3.51580810546875,0.3333333333092182,0.4999999999817563,0.4999997088931705
G2,1,0.5,0.5,2,2,1,3.519140625,0.3333333333092125,0.4999999999817563,0.4999997127479732
G2,1,0.5,0.5,2,2,1,3.52247314453125,0.3333333333092074,0.4999999999817563,0.4999997165517323
G2,1,0.5,0.5,2,2,1,3.5258056640625,0.333333333309202,0.4999999999817563,0.4999997203051235
G2,1,0.5,0.5,2,2,1,3.52913818359375,0.3333333333091967,0.4999999999817563,0.4999997240088136
G2,1,0.5,0.5,2,2,1,3.532470703125,0.3333333333091918,0.4999999999817563,0.4999997276634613
G2,1,0.5,0.5,2,2,1,3.53580322265625,0.3333333333091873,0.4999999999817563,0.4999997312697155
G2,1,0.5,0.5,2,2,1,3.5391357421875,0.3333333333091824,0.4999999999817563,0.4999997348282172
G2,1,0.5,0.5,2,2,1,3.54246826171875,0.3333333333091779,0.4999999999817563,0.4999997383395987
G2,1,0.5,0.5,2,2,1,3.54580078125,0.3333333333091734,0.4999999999817563,0.499999741804484
G2,1,0.5,0.5,2,2,1,3.54913330078125,0.3333333333091693,0.4999999999817563,0.4999997452234888
G2,1,0.5,0.5,2,2,1,3.5524658203125,0.3333333333091647,0.4999999999817563,0.4999997485972204
G2,1,0.5,0.5,2,2,1,3.55579833984375,0.3333333333091608,0.4999999999817563,0.4999997519262794
G2,1,0.5,0.5,2,2,1,3.559130859375,0.3333333333091567,0.4999999999817563,0.4999997552112556
G2,1,0.5,0.5,2,2,1,3.56246337890625,0.3333333333091528,0.4999999999817563,0.4999997584527335
G2,1,0.5,0.5,2,2,1,3.5657958984375,0.333333333309149,0.4999999999817563,0.4999997616512891
G2,1,0.5,0.5,2,2,1,3.56912841796875,0.3333333333091454,0.4999999999817563,0.4999997648074908
G2,1,0.5,0.5,2,2,1,3.5724609375,0.3333333333091418,0.4999999999817563,0.4999997679218995
G2,1,0.5,0.5,2,2,1,3.57579345703125,0.3333333333091384,0.4999999999817563,0.4999997709950683
G2,1,0.5,0.5,2,2,1,3.5791259765625,0.3333333333091347,0.4999999999817563,0.4999997740275434
G2,1,0.5,0.5,2,2,1,3.58245849609375,0.3333333333091313,0.4999999999817563,0.4999997770198635
G2,1,0.5,0.5,2,2,1,3.585791015625,0.3333333333091283,0.4999999999817563,0.4999997799725607
G2,1,0.5,0.5,2,2,1,3.58912353515625,0.3333333333091254,0.4999999999817563,0.4999997828861596
G2,1,0.5,0.5,2,2,1,3.5924560546875,0.3333333333091217,0.4999999999817563,0.4999997857611778
G2,1,0.5,0.5,2,2,1,3.59578857421875,0.3333333333091193,0.4999999999817563,0.4999997885981255
G2,1,0.5,0.5,2,2,1,3.59912109375,0.333333333309116,0.4999999999817563,0.4999997913975082
G2,1,0.5,0.5,2,2,1,3.60245361328125,0.3333333333091132,0.4999999999817563,0.4999997941598227
G2,1,0.5,0.5,2,2,1,3.6057861328125,0.3333333333091107,0.4999999999817563,0.4999997968855597
G2,1,0.5,0.5,2,2,1,3.60911865234375,0.3333333333091079,0.4999999999817563,0.4999997995752036
G2,1,0.5,0.5,2,2,1,3.612451171875,0.3333333333091053,0.4999999999817563,0.499999802229232
G2,1,0.5,0.5,2,2,1,3.61578369140625,0.3333333333091026,0.4999999999817563,0.4999998048481173
G2,1,0.5,0.5,2,2,1,3.6191162109375,0.3333333333091001,0.4999999999817563,0.4999998074323247
G2,1,0.5,0.5,2,2,1,3.62244873046875,0.333333333309098,0.4999999999817563,0.4999998099823129
G2,1,0.5,0.5,2,2,1,3.62578125,0.3333333333090955,0.4999999999817563,0.499999812498535
G2,1,0.5,0.5,2,2,1,3.62911376953125,0.3333333333090932,0.4999999999817563,0.4999998149814393
G2,1,0.5,0.5,2,2,1,3.6324462890625,0.3333333333090909,0.4999999999817563,0.499999817431465
G2,1,0.5,0.5,2,2,1,3.63577880859375,0.3333333333090888,0.4999999999817563,0.4999998198490486
G2,1,0.5,0.5,2,2,1,3.639111328125,0.3333333333090865,0.4999999999817563,0.4999998222346195
G2,1,0.5,0.5,2,2,1,3.64244384765625,0.3333333333090845,0.4999999999817563,0.4999998245886016
G2,1,0.5,0.5,2,2,1,3.6457763671875,0.3333333333090829,0.4999999999817563,0.4999998269114134
G2,1,0.5,0.5,2,2,1,3.64910888671875,0.3333333333090805,0.4999999999817563,0.4999998292034675
G2,1,0.5,0.5,2,2,1,3.65244140625,0.3333333333090788,0.4999999999817563,0.4999998314651712
G2,1,0.5,0.5,2,2,1,3.65577392578125,0.3333333333090769,0.4999999999817563,0.4999998336969263
G2,1,0.5,0.5,2,2,1,3.6591064453125,0.333333333309075,0.4999999999817563,0.4999998358991296
G2,1,0.5,0.5,2,2,1,3.66243896484375,0.3333333333090733,0.4999999999817563,0.4999998380721722
G2,1,0.5,0.5,2,2,1,3.665771484375,0.3333333333090717,0.4999999999817563,0.4999998402164402
G2,1,0.5,0.5,2,2,1,3.66910400390625,0.33333333330907,0.4999999999817563,0.4999998423323143
G2,1,0.5,0.5,2,2,1,3.6724365234375,0.3333333333090684,0.4999999999817563,0.499999844420171
G2,1,0.5,0.5,2,2,1,3.67576904296875,0.3333333333090669,0.4999999999817563,0.4999998464803815
G2,1,0.5,0.5,2,2,1,3.6791015625,0.3333333333090651,0.4999999999817563,0.4999998485133113
G2,1,0.5,0.5,2,2,1,3.68243408203125,0.3333333333090637,0.4999999999817563,0.4999998505193222
G2,1,0.5,0.5,2,2,1,3.6857666015625,0.3333333333090623,0.4999999999817563,0.4999998524987708
G2,1,0.5,0.5,2,2,1,3.68909912109375,0.3333333333090608,0.4999999999817563,0.4999998544520076
G2,1,0.5,0.5,2,2,1,3.692431640625,0.3333333333090594,0.4999999999817563,0.4999998563793803
G2,1,0.5,0.5,2,2,1,3.69576416015625,0.3333333333090582,0.4999999999817563,0.4999998582812318
G2,1,0.5,0.5,2,2,1,3.6990966796875,0.333333333309057,0.4999999999817563,0.4999998601578998
G2,1,0.5,0.5,2,2,1,3.70242919921875,0.3333333333090555,0.4999999999817563,0.4999998620097176
G2,1,0.5,0.5,2,2,1,3.70576171875,0.3333333333090541,0.4999999999817563,0.4999998638370144
G2,1,0.5,0.5,2,2,1,3.70909423828125,0.3333333333090531,0.4999999999817563,0.4999998656401152
G2,1,0.5,0.5,2,2,1,3.7124267578125,0.333333333309052,0.4999999999817563,0.4999998674193398
G2,1,0.5,0.5,2,2,1,3.71575927734375,0.3333333333090512,0.4999999999817563,0.4999998691750043
G2,1,0.5,0.5,2,2,1,3.719091796875,0.3333333333090498,0.4999999999817563,0.4999998709074217
G2,1,0.5,0.5,2,2,1,3.72242431640625,0.3333333333090485,0.4999999999817563,0.4999998726168988
G2,1,0.5,0.5,2,2,1,3.7257568359375,0.3333333333090475,0.4999999999817563,0.4999998743037398
G2,1,0.5,0.5,2,2,1,3.72908935546875,0.3333333333090464,0.4999999999817563,0.4999998759682436
G2,1,0.5,0.5,2,2,1,3.732421875,0.3333333333090454,0.4999999999817563,0.4999998776107075
G2,1,0.5,0.5,2,2,1,3.73575439453125,0.3333333333090446,0.4999999999817563,0.4999998792314224
G2,1,0.5,0.5,2,2,1,3.7390869140625,0.3333333333090436,0.4999999999817563,0.4999998808306765
G2,1,0.5,0.5,2,2,1,3.74241943359375,0.3333333333090427,0.4999999999817563,0.4999998824087539
G2,1,0.5,0.5,2,2,1,3.745751953125,0.3333333333090417,0.4999999999817563,0.4999998839659351
G2,1,0.5,0.5,2,2,1,3.74908447265625,0.333333333309041,0.4999999999817563,0.4999998855024966
G2,1,0.5,0.5,2,2,1,3.7524169921875,0.33333333330904,0.4999999999817563,0.4999998870187117
G2,1,0.5,0.5,2,2,1,3.75574951171875,0.333333333309039,0.4999999999817563,0.4999998885148498
G2,1,0.5,0.5,2,2,1,3.75908203125,0.3333333333090385,0.4999999999817563,0.4999998899911766
G2,1,0.5,0.5,2,2,1,3.76241455078125,0.3333333333090377,0.4999999999817563,0.4999998914479544
G2,1,0.5,0.5,2,2,1,3.7657470703125,0.3333333333090371,0.4999999999817563,0.4999998928854422
G2,1,0.5,0.5,2,2,1,3.76907958984375,0.3333333333090363,0.4999999999817563,0.4999998943038953
G2,1,0.5,0.5,2,2,1,3.772412109375,0.3333333333090355,0.4999999999817563,0.499999895703566
G2,1,0.5,0.5,2,2,1,3.77574462890625,0.3333333333090348,0.4999999999817563,0.4999998970847028
G2,1,0.5,0.5,2,2,1,3.7790771484375,0.333333333309034,0.4999999999817563,0.4999998984475515
G2,1,0.5,0.5,2,2,1,3.78240966796875,0.3333333333090334,0.4999999999817563,0.4999998997923535
G2,1,0.5,0.5,2,2,1,3.7857421875,0.3333333333090326,0.4999999999817563,0.4999999011193486
G2,1,0.5,0.5,2,2,1,3.78907470703125,0.333333333309032,0.4999999999817563,0.4999999024287721
G2,1,0.5,0.5,2,2,1,3.7924072265625,0.3333333333090315,0.4999999999817563,0.4999999037208566
G2,1,0.5,0.5,2,2,1,3.79573974609375,0.3333333333090305,0.4999999999817563,0.4999999049958317
G2,1,0.5,0.5,2,2,1,3.799072265625,0.33333333330903,0.4999999999817563,0.4999999062539241
G2,1,0.5,0.5,2,2,1,3.80240478515625,0.3333333333090295,0.4999999999817563,0.4999999074953572
G2,1,0.5,0.5,2,2,1,3.8057373046875,0.333333333309029,0.4999999999817563,0.4999999087203519
G2,1,0.5,0.5,2,2,1,3.80906982421875,0.3333333333090286,0.4999999999817563,0.4999999099291259
G2,1,0.5,0.5,2,2,1,3.81240234375,0.333333333309028,0.4999999999817563,0.4999999111218939
G2,1,0.5,0.5,2,2,1,3.81573486328125,0.3333333333090276,0.4999999999817563,0.4999999122988679
G2,1,0.5,0.5,2,2,1,3.8190673828125,0.333333333309027,0.4999999999817563,0.4999999134602571
G2,1,0.5,0.5,2,2,1,3.82239990234375,0.3333333333090264,0.4999999999817563,0.4999999146062674
G2,1,0.5,0.5,2,2,1,3.825732421875,0.333333333309026,0.4999999999817563,0.4999999157371029
G2,1,0.5,0.5,2,2,1,3.82906494140625,0.3333333333090255,0.4999999999817563,0.499999916852964
G2,1,0.5,0.5,2,2,1,3.8323974609375,0.333333333309025,0.4999999999817563,0.4999999179540492
G2,1,0.5,0.5,2,2,1,3.83572998046875,0.3333333333090246,0.4999999999817563,0.4999999190405545
G2,1,0.5,0.5,2,2,1,3.8390625,0.3333333333090243,0.4999999999817563,0.4999999201126725
G2,1,0.5,0.5,2,2,1,3.84239501953125,0.3333333333090238,0.4999999999817563,0.4999999211705939
G2,1,0.5,0.5,2,2,1,3.8457275390625,0.3333333333090236,0.4999999999817563,0.4999999222145071
G2,1,0.5,0.5,2,2,1,3.84906005859375,0.3333333333090231,0.4999999999817563,0.4999999232445968
G2,1,0.5,0.5,2,2,1,3.852392578125,0.3333333333090227,0.4999999999817563,0.4999999242610466
G2,1,0.5,0.5,2,2,1,3.85572509765625,0.3333333333090225,0.4999999999817563,0.4999999252640369
G2,1,0.5,0.5,2,2,1,3.8590576171875,0.3333333333090222,0.4999999999817563,0.499999926253746
G2,1,0.5,0.5,2,2,1,3.86239013671875,0.3333333333090217,0.4999999999817563,0.4999999272303501
G2,1,0.5,0.5,2,2,1,3.86572265625,0.3333333333090215,0.4999999999817563,0.4999999281940223
G2,1,0.5,0.5,2,2,1,3.86905517578125,0.3333333333090211,0.4999999999817563,0.4999999291449344
G2,1,0.5,0.5,2,2,1,3.8723876953125,0.3333333333090207,0.4999999999817563,0.4999999300832544
G2,1,0.5,0.5,2,2,1,3.87572021484375,0.3333333333090204,0.4999999999817563,0.4999999310091498
G2,1,0.5,0.5,2,2,1,3.879052734375,0.3333333333090202,0.4999999999817563,0.4999999319227847
G2,1,0.5,0.5,2,2,1,3.88238525390625,0.3333333333090197,0.4999999999817563,0.4999999328243216
G2,1,0.5,0.5,2,2,1,3.8857177734375,0.3333333333090195,0.4999999999817563,0.4999999337139209
G2,1,0.5,0.5,2,2,1,3.88905029296875,0.3333333333090192,0.4999999999817563,0.4999999345917404
G2,1,0.5,0.5,2,2,1,3.8923828125,0.3333333333090188,0.4999999999817563,0.4999999354579359
G2,1,0.5,0.5,2,2,1,3.89571533203125,0.3333333333090184,0.4999999999817563,0.4999999363126619
G2,1,0.5,0.5,2,2,1,3.8990478515625,0.333333333309018,0.4999999999817563,0.4999999371560699
G2,1,0.5,0.5,2,2,1,3.90238037109375,0.3333333333090178,0.4999999999817563,0.4999999379883099
G2,1,0.5,0.5,2,2,1,3.905712890625,0.3333333333090177,0.4999999999817563,0.4999999388095297
G2,1,0.5,0.5,2,2,1,3.90904541015625,0.3333333333090174,0.4999999999817563,0.4999999396198752
G2,1,0.5,0.5,2,2,1,3.9123779296875,0.3333333333090173,0.4999999999817563,0.4999999404194906
G2,1,0.5,0.5,2,2,1,3.91571044921875,0.3333333333090169,0.4999999999817563,0.4999999412085177
G2,1,0.5,0.5,2,2,1,3.91904296875,0.3333333333090167,0.4999999999817563,0.4999999419870967
G2,1,0.5,0.5,2,2,1,3.92237548828125,0.3333333333090165,0.4999999999817563,0.499999942755366
G2,1,0.5,0.5,2,2,1,3.9257080078125,0.3333333333090163,0.4999999999817563,0.4999999435134623
G2,1,0.5,0.5,2,2,1,3.92904052734375,0.3333333333090162,0.4999999999817563,0.4999999442615203
G2,1,0.5,0.5,2,2,1,3.932373046875,0.333333333309016,0.4999999999817563,0.4999999449996727
G2,1,0.5,0.5,2,2,1,3.93570556640625,0.3333333333090159,0.4999999999817563,0.4999999457280507
G2,1,0.5,0.5,2,2,1,3.9390380859375,0.3333333333090155,0.4999999999817563,0.4999999464467842
G2,1,0.5,0.5,2,2,1,3.94237060546875,0.3333333333090154,0.4999999999817563,0.4999999471560002
G2,1,0.5,0.5,2,2,1,3.945703125,0.3333333333090151,0.4999999999817563,0.4999999478558252
G2,1,0.5,0.5,2,2,1,3.94903564453125,0.3333333333090149,0.4999999999817563,0.4999999485463834
G2,1,0.5,0.5,2,2,1,3.9523681640625,0.3333333333090148,0.4999999999817563,0.4999999492277976
G2,1,0.5,0.5,2,2,1,3.95570068359375,0.3333333333090145,0.4999999999817563,0.4999999499001886
G2,1,0.5,0.5,2,2,1,3.959033203125,0.3333333333090145,0.4999999999817563,0.4999999505636763
G2,1,0.5,0.5,2,2,1,3.96236572265625,0.3333333333090143,0.4999999999817563,0.4999999512183783
G2,1,0.5,0.5,2,2,1,3.9656982421875,0.333333333309014,0.4999999999817563,0.4999999518644109
G2,1,0.5,0.5,2,2,1,3.96903076171875,0.3333333333090139,0.4999999999817563,0.4999999525018893
G2,1,0.5,0.5,2,2,1,3.97236328125,0.3333333333090138,0.4999999999817563,0.4999999531309263
G2,1,0.5,0.5,2,2,1,3.97569580078125,0.3333333333090138,0.4999999999817563,0.4999999537516339
G2,1,0.5,0.5,2,2,1,3.9790283203125,0.3333333333090136,0.4999999999817563,0.4999999543641223
G2,1,0.5,0.5,2,2,1,3.98236083984375,0.3333333333090134,0.4999999999817563,0.4999999549684999
G2,1,0.5,0.5,2,2,1,3.985693359375,0.3333333333090133,0.4999999999817563,0.4999999555648753
G2,1,0.5,0.5,2,2,1,3.98902587890625,0.3333333333090132,0.4999999999817563,0.4999999561533535
G2,1,0.5,0.5,2,2,1,3.9923583984375,0.333333333309013,0.4999999999817563,0.4999999567340395
G2,1,0.5,0.5,2,2,1,3.99569091796875,0.3333333333090129,0.4999999999817563,0.499999957307036
G2,1,0.5,0.5,2,2,1,3.9990234375,0.3333333333090127,0.4999999999817563,0.4999999578724452
G2,1,0.5,0.5,2,2,1,4.00235595703125,0.3333333333090126,0.4999999999817563,0.4999999584303675
G2,1,0.5,0.5,2,2,1,4.0056884765625,0.3333333333090125,0.4999999999817563,0.4999999589809019
G2,1,0.5,0.5,2,2,1,4.00902099609375,0.3333333333090123,0.4999999999817563,0.4999999595241464
G2,1,0.5,0.5,2,2,1,4.012353515625001,0.3333333333090121,0.4999999999817563,0.4999999600601974
G2,1,0.5,0.5,2,2,1,4.01568603515625,0.333333333309012,0.4999999999817563,0.4999999605891505
G2,1,0.5,0.5,2,2,1,4.0190185546875,0.3333333333090119,0.4999999999817563,0.4999999611110994
G2,1,0.5,0.5,2,2,1,4.02235107421875,0.3333333333090118,0.4999999999817563,0.4999999616261365
G2,1,0.5,0.5,2,2,1,4.02568359375,0.3333333333090117,0.4999999999817563,0.4999999621343538
G2,1,0.5,0.5,2,2,1,4.029016113281251,0.3333333333090116,0.4999999999817563,0.4999999626358417
G2,1,0.5,0.5,2,2,1,4.0323486328125,0.3333333333090115,0.4999999999817563,0.4999999631306893
G2,1,0.5,0.5,2,2,1,4.03568115234375,0.3333333333090115,0.4999999999817563,0.4999999636189837
G2,1,0.5,0.5,2,2,1,4.039013671875,0.3333333333090114,0.4999999999817563,0.4999999641008127
G2,1,0.5,0.5,2,2,1,4.04234619140625,0.3333333333090113,0.4999999999817563,0.499999964576262
G2,1,0.5,0.5,2,2,1,4.045678710937501,0.3333333333090113,0.4999999999817563,0.4999999650454149
G2,1,0.5,0.5,2,2,1,4.04901123046875,0.3333333333090113,0.4999999999817563,0.4999999655083556
G2,1,0.5,0.5,2,2,1,4.05234375,0.3333333333090113,0.4999999999817563,0.4999999659651664
G2,1,0.5,0.5,2,2,1,4.05567626953125,0.3333333333090112,0.4999999999817563,0.4999999664159283
G2,1,0.5,0.5,2,2,1,4.0590087890625,0.3333333333090112,0.4999999999817563,0.4999999668607215
G2,1,0.5,0.5,2,2,1,4.062341308593751,0.3333333333090112,0.4999999999817563,0.4999999672996246
G2,1,0.5,0.5,2,2,1,4.065673828125,0.333333333309011,0.4999999999817563,0.4999999677327162
G2,1,0.5,0.5,2,2,1,4.06900634765625,0.3333333333090109,0.4999999999817563,0.499999968160073
G2,1,0.5,0.5,2,2,1,4.0723388671875,0.3333333333090109,0.4999999999817563,0.4999999685817708
G2,1,0.5,0.5,2,2,1,4.07567138671875,0.3333333333090108,0.4999999999817563,0.4999999689978848
G2,1,0.5,0.5,2,2,1,4.079003906250001,0.3333333333090107,0.4999999999817563,0.4999999694084886
G2,1,0.5,0.5,2,2,1,4.08233642578125,0.3333333333090106,0.4999999999817563,0.4999999698136552
G2,1,0.5,0.5,2,2,1,4.0856689453125,0.3333333333090106,0.4999999999817563,0.4999999702134569
G2,1,0.5,0.5,2,2,1,4.08900146484375,0.3333333333090105,0.4999999999817563,0.4999999706079648
G2,1,0.5,0.5,2,2,1,4.092333984375,0.3333333333090104,0.4999999999817563,0.4999999709972487
G2,1,0.5,0.5,2,2,1,4.095666503906251,0.3333333333090104,0.4999999999817563,0.4999999713813779
G2,1,0.5,0.5,2,2,1,4.0989990234375,0.3333333333090103,0.4999999999817563,0.4999999717604204
G2,1,0.5,0.5,2,2,1,4.10233154296875,0.3333333333090103,0.4999999999817563,0.4999999721344439
G2,1,0.5,0.5,2,2,1,4.1056640625,0.3333333333090102,0.4999999999817563,0.4999999725035143
G2,1,0.5,0.5,2,2,1,4.10899658203125,0.3333333333090102,0.4999999999817563,0.4999999728676979
G2,1,0.5,0.5,2,2,1,4.112329101562501,0.3333333333090102,0.4999999999817563,0.4999999732270595
G2,1,0.5,0.5,2,2,1,4.11566162109375,0.3333333333090102,0.4999999999817563,0.4999999735816625
G2,1,0.5,0.5,2,2,1,4.118994140625,0.33333333330901,0.4999999999817563,0.4999999739315695
G2,1,0.5,0.5,2,2,1,4.12232666015625,0.33333333330901,0.4999999999817563,0.4999999742768436
G2,1,0.5,0.5,2,2,1,4.1256591796875,0.3333333333090099,0.4999999999817563,0.4999999746175459
G2,1,0.5,0.5,2,2,1,4.128991699218751,0.3333333333090099,0.4999999999817563,0.4999999749537363
G2,1,0.5,0.5,2,2,1,4.13232421875,0.3333333333090098,0.4999999999817563,0.4999999752854749
G2,1,0.5,0.5,2,2,1,4.13565673828125,0.3333333333090098,0.4999999999817563,0.499999975612821
G2,1,0.5,0.5,2,2,1,4.1389892578125,0.3333333333090098,0.4999999999817563,0.4999999759358328
G2,1,0.5,0.5,2,2,1,4.14232177734375,0.3333333333090098,0.4999999999817563,0.4999999762545673
G2,1,0.5,0.5,2,2,1,4.145654296875001,0.3333333333090098,0.4999999999817563,0.4999999765690809
G2,1,0.5,0.5,2,2,1,4.14898681640625,0.3333333333090097,0.4999999999817563,0.49999997687943
G2,1,0.5,0.5,2,2,1,4.1523193359375,0.3333333333090097,0.4999999999817563,0.4999999771856696
G2,1,0.5,0.5,2,2,1,4.15565185546875,0.3333333333090097,0.4999999999817563,0.499999977487854
G2,1,0.5,0.5,2,2,1,4.158984375,0.3333333333090096,0.4999999999817563,0.4999999777860371
G2,1,0.5,0.5,2,2,1,4.162316894531251,0.3333333333090096,0.4999999999817563,0.4999999780802718
G2,1,0.5,0.5,2,2,1,4.1656494140625,0.3333333333090096,0.4999999999817563,0.4999999783706103
G2,1,0.5,0.5,2,2,1,4.16898193359375,0.3333333333090096,0.4999999999817563,0.4999999786571048
G2,1,0.5,0.5,2,2,1,4.172314453125,0.3333333333090095,0.4999999999817563,0.4999999789398052
G2,1,0.5,0.5,2,2,1,4.17564697265625,0.3333333333090095,0.4999999999817563,0.4999999792187623
G2,1,0.5,0.5,2,2,1,4.178979492187501,0.3333333333090095,0.4999999999817563,0.4999999794940255
G2,1,0.5,0.5,2,2,1,4.18231201171875,0.3333333333090095,0.4999999999817563,0.4999999797656439
G2,1,0.5,0.5,2,2,1,4.18564453125,0.3333333333090095,0.4999999999817563,0.499999980033665
G2,1,0.5,0.5,2,2,1,4.18897705078125,0.3333333333090094,0.4999999999817563,0.4999999802981376
G2,1,0.5,0.5,2,2,1,4.1923095703125,0.3333333333090094,0.4999999999817563,0.4999999805591083
G2,1,0.5,0.5,2,2,1,4.195642089843751,0.3333333333090094,0.4999999999817563,0.499999980816623
G2,1,0.5,0.5,2,2,1,4.198974609375,0.3333333333090094,0.4999999999817563,0.4999999810707279
G2,1,0.5,0.5,2,2,1,4.20230712890625,0.3333333333090094,0.4999999999817563,0.4999999813214684
G2,1,0.5,0.5,2,2,1,4.2056396484375,0.3333333333090093,0.4999999999817563,0.499999981568888
G2,1,0.5,0.5,2,2,1,4.20897216796875,0.3333333333090094,0.4999999999817563,0.499999981813032
G2,1,0.5,0.5,2,2,1,4.212304687500001,0.3333333333090093,0.4999999999817563,0.4999999820539426
G2,1,0.5,0.5,2,2,1,4.21563720703125,0.3333333333090093,0.4999999999817563,0.4999999822916635
G2,1,0.5,0.5,2,2,1,4.2189697265625,0.3333333333090093,0.4999999999817563,0.4999999825262366
G2,1,0.5,0.5,2,2,1,4.22230224609375,0.3333333333090093,0.4999999999817563,0.499999982757704
G2,1,0.5,0.5,2,2,1,4.225634765625,0.3333333333090093,0.4999999999817563,0.4999999829861058
G2,1,0.5,0.5,2,2,1,4.228967285156251,0.3333333333090092,0.4999999999817563,0.4999999832114833
G2,1,0.5,0.5,2,2,1,4.2322998046875,0.3333333333090092,0.4999999999817563,0.4999999834338762
G2,1,0.5,0.5,2,2,1,4.23563232421875,0.3333333333090092,0.4999999999817563,0.4999999836533246
G2,1,0.5,0.5,2,2,1,4.23896484375,0.3333333333090092,0.4999999999817563,0.4999999838698673
G2,1,0.5,0.5,2,2,1,4.24229736328125,0.3333333333090092,0.4999999999817563,0.4999999840835425
G2,1,0.5,0.5,2,2,1,4.245629882812501,0.3333333333090091,0.4999999999817563,0.4999999842943887
G2,1,0.5,0.5,2,2,1,4.24896240234375,0.3333333333090092,0.4999999999817563,0.4999999845024423
G2,1,0.5,0.5,2,2,1,4.252294921875,0.3333333333090092,0.4999999999817563,0.4999999847077409
G2,1,0.5,0.5,2,2,1,4.25562744140625,0.3333333333090092,0.4999999999817563,0.4999999849103212
G2,1,0.5,0.5,2,2,1,4.2589599609375,0.3333333333090091,0.4999999999817563,0.499999985110219
G2,1,0.5,0.5,2,2,1,4.262292480468751,0.3333333333090091,0.4999999999817563,0.4999999853074699
G2,1,0.5,0.5,2,2,1,4.265625,0.3333333333090091,0.4999999999817563,0.4999999855021089
G2,1,0.5,0.5,2,2,1,4.26895751953125,0.3333333333090091,0.4999999999817563,0.4999999856941708
G2,1,0.5,0.5,2,2,1,4.2722900390625,0.3333333333090091,0.4999999999817563,0.499999985883689
G2,1,0.5,0.5,2,2,1,4.27562255859375,0.3333333333090091,0.4999999999817563,0.499999986070698
G2,1,0.5,0.5,2,2,1,4.278955078125001,0.3333333333090091,0.4999999999817563,0.4999999862552306
G2,1,0.5,0.5,2,2,1,4.28228759765625,0.3333333333090091,0.4999999999817563,0.4999999864373197
G2,1,0.5,0.5,2,2,1,4.2856201171875,0.3333333333090091,0.4999999999817563,0.4999999866169977
G2,1,0.5,0.5,2,2,1,4.28895263671875,0.3333333333090091,0.4999999999817563,0.4999999867942966
G2,1,0.5,0.5,2,2,1,4.29228515625,0.3333333333090091,0.4999999999817563,0.499999986969248
G2,1,0.5,0.5,2,2,1,4.295617675781251,0.333333333309009,0.4999999999817563,0.4999999871418826
G2,1,0.5,0.5,2,2,1,4.2989501953125,0.333333333309009,0.4999999999817563,0.4999999873122307
G2,1,0.5,0.5,2,2,1,4.30228271484375,0.333333333309009,0.4999999999817563,0.4999999874803234
G2,1,0.5,0.5,2,2,1,4.305615234375,0.333333333309009,0.4999999999817563,0.4999999876461901
G2,1,0.5,0.5,2,2,1,4.30894775390625,0.333333333309009,0.4999999999817563,0.4999999878098607
G2,1,0.5,0.5,2,2,1,4.312280273437501,0.333333333309009,0.4999999999817563,0.4999999879713643
G2,1,0.5,0.5,2,2,1,4.31561279296875,0.333333333309009,0.4999999999817563,0.499999988130729
G2,1,0.5,0.5,2,2,1,4.3189453125,0.333333333309009,0.4999999999817563,0.4999999882879842
G2,1,0.5,0.5,2,2,1,4.32227783203125,0.333333333309009,0.4999999999817563,0.4999999884431564
G2,1,0.5,0.5,2,2,1,4.3256103515625,0.333333333309009,0.4999999999817563,0.499999988596274
G2,1,0.5,0.5,2,2,1,4.328942871093751,0.3333333333090089,0.4999999999817563,0.4999999887473635
G2,1,0.5,0.5,2,2,1,4.332275390625,0.3333333333090089,0.4999999999817563,0.4999999888964535
G2,1,0.5,0.5,2,2,1,4.33560791015625,0.3333333333090089,0.4999999999817563,0.4999999890435686
G2,1,0.5,0.5,2,2,1,4.3389404296875,0.3333333333090089,0.4999999999817563,0.499999989188736
G2,1,0.5,0.5,2,2,1,4.34227294921875,0.3333333333090089,0.4999999999817563,0.4999999893319806
G2,1,0.5,0.5,2,2,1,4.345605468750001,0.3333333333090089,0.4999999999817563,0.4999999894733284
G2,1,0.5,0.5,2,2,1,4.34893798828125,0.3333333333090089,0.4999999999817563,0.4999999896128049
G2,1,0.5,0.5,2,2,1,4.3522705078125,0.3333333333090089,0.4999999999817563,0.4999999897504347
G2,1,0.5,0.5,2,2,1,4.35560302734375,0.3333333333090089,0.4999999999817563,0.4999999898862417
G2,1,0.5,0.5,2,2,1,4.358935546875,0.3333333333090089,0.4999999999817563,0.4999999900202504
G2,1,0.5,0.5,2,2,1,4.362268066406251,0.3333333333090089,0.4999999999817563,0.4999999901524855
G2,1,0.5,0.5,2,2,1,4.3656005859375,0.3333333333090089,0.4999999999817563,0.4999999902829679
G2,1,0.5,0.5,2,2,1,4.36893310546875,0.3333333333090089,0.4999999999817563,0.4999999904117235
G2,1,0.5,0.5,2,2,1,4.372265625,0.3333333333090088,0.4999999999817563,0.4999999905387741
G2,1,0.5,0.5,2,2,1,4.37559814453125,0.3333333333090088,0.4999999999817563,0.4999999906641425
G2,1,0.5,0.5,2,2,1,4.378930664062501,0.3333333333090088,0.4999999999817563,0.4999999907878512
G2,1,0.5,0.5,2,2,1,4.38226318359375,0.3333333333090089,0.4999999999817563,0.4999999909099207
G2,1,0.5,0.5,2,2,1,4.385595703125,0.3333333333090089,0.4999999999817563,0.4999999910303743
G2,1,0.5,0.5,2,2,1,4.38892822265625,0.3333333333090089,0.4999999999817563,0.4999999911492332
G2,1,0.5,0.5,2,2,1,4.3922607421875,0.3333333333090088,0.4999999999817563,0.499999991266518
G2,1,0.5,0.5,2,2,1,4.395593261718751,0.3333333333090088,0.4999999999817563,0.4999999913822499
G2,1,0.5,0.5,2,2,1,4.39892578125,0.3333333333090088,0.4999999999817563,0.4999999914964494
G2,1,0.5,0.5,2,2,1,4.40225830078125,0.3333333333090087,0.4999999999817563,0.4999999916091366
G2,1,0.5,0.5,2,2,1,4.4055908203125,0.3333333333090088,0.4999999999817563,0.499999991720331
G2,1,0.5,0.5,2,2,1,4.40892333984375,0.3333333333090088,0.4999999999817563,0.4999999918300536
G2,1,0.5,0.5,2,2,1,4.412255859375001,0.3333333333090087,0.4999999999817563,0.4999999919383233
G2,1,0.5,0.5,2,2,1,4.41558837890625,0.3333333333090088,0.4999999999817563,0.4999999920451599
G2,1,0.5,0.5,2,2,1,4.4189208984375,0.3333333333090088,0.4999999999817563,0.4999999921505808
G2,1,0.5,0.5,2,2,1,4.42225341796875,0.3333333333090088,0.4999999999817563,0.4999999922546066
G2,1,0.5,0.5,2,2,1,4.4255859375,0.3333333333090088,0.4999999999817563,0.4999999923572539
G2,1,0.5,0.5,2,2,1,4.428918457031251,0.3333333333090087,0.4999999999817563,0.4999999924585426
G2,1,0.5,0.5,2,2,1,4.4322509765625,0.3333333333090088,0.4999999999817563,0.49999999255849
G2,1,0.5,0.5,2,2,1,4.43558349609375,0.3333333333090087,0.4999999999817563,0.499999992657114
G2,1,0.5,0.5,2,2,1,4.438916015625,0.3333333333090088,0.4999999999817563,0.4999999927544329
G2,1,0.5,0.5,2,2,1,4.44224853515625,0.3333333333090087,0.4999999999817563,0.4999999928504617
G2,1,0.5,0.5,2,2,1,4.445581054687501,0.3333333333090087,0.4999999999817563,0.4999999929452203
G2,1,0.5,0.5,2,2,1,4.44891357421875,0.3333333333090087,0.4999999999817563,0.4999999930387226
G2,1,0.5,0.5,2,2,1,4.45224609375,0.3333333333090087,0.4999999999817563,0.4999999931309874
G2,1,0.5,0.5,2,2,1,4.45557861328125,0.3333333333090087,0.4999999999817563,0.4999999932220306
G2,1,0.5,0.5,2,2,1,4.4589111328125,0.3333333333090087,0.4999999999817563,0.4999999933118684
G2,1,0.5,0.5,2,2,1,4.462243652343751,0.3333333333090087,0.4999999999817563,0.4999999934005171
G2,1,0.5,0.5,2,2,1,4.465576171875,0.3333333333090087,0.4999999999817563,0.4999999934879911
G2,1,0.5,0.5,2,2,1,4.46890869140625,0.3333333333090087,0.4999999999817563,0.4999999935743069
G2,1,0.5,0.5,2,2,1,4.4722412109375,0.3333333333090087,0.4999999999817563,0.4999999936594797
G2,1,0.5,0.5,2,2,1,4.47557373046875,0.3333333333090087,0.4999999999817563,0.4999999937435257
G2,1,0.5,0.5,2,2,1,4.478906250000001,0.3333333333090087,0.4999999999817563,0.4999999938264587
G2,1,0.5,0.5,2,2,1,4.48223876953125,0.3333333333090087,0.4999999999817563,0.4999999939082928
G2,1,0.5,0.5,2,2,1,4.4855712890625,0.3333333333090087,0.4999999999817563,0.4999999939890425
G2,1,0.5,0.5,2,2,1,4.48890380859375,0.3333333333090087,0.4999999999817563,0.4999999940687229
G2,1,0.5,0.5,2,2,1,4.492236328125,0.3333333333090087,0.4999999999817563,0.4999999941473493
G2,1,0.5,0.5,2,2,1,4.495568847656251,0.3333333333090087,0.4999999999817563,0.4999999942249347
G2,1,0.5,0.5,2,2,1,4.4989013671875,0.3333333333090087,0.4999999999817563,0.4999999943014922
G2,1,0.5,0.5,2,2,1,4.50223388671875,0.3333333333090087,0.4999999999817563,0.4999999943770355
G2,1,0.5,0.5,2,2,1,4.50556640625,0.3333333333090087,0.4999999999817563,0.4999999944515794
G2,1,0.5,0.5,2,2,1,4.50889892578125,0.3333333333090087,0.4999999999817563,0.4999999945251363
G2,1,0.5,0.5,2,2,1,4.512231445312501,0.3333333333090087,0.4999999999817563,0.4999999945977187
G2,1,0.5,0.5,2,2,1,4.51556396484375,0.3333333333090087,0.4999999999817563,0.4999999946693395
G2,1,0.5,0.5,2,2,1,4.518896484375,0.3333333333090087,0.4999999999817563,0.4999999947400123
G2,1,0.5,0.5,2,2,1,4.52222900390625,0.3333333333090087,0.4999999999817563,0.4999999948097507
G2,1,0.5,0.5,2,2,1,4.5255615234375,0.3333333333090087,0.4999999999817563,0.4999999948785635
G2,1,0.5,0.5,2,2,1,4.528894042968751,0.3333333333090087,0.4999999999817563,0.4999999949464669
G2,1,0.5,0.5,2,2,1,4.5322265625,0.3333333333090087,0.4999999999817563,0.4999999950134693
G2,1,0.5,0.5,2,2,1,4.53555908203125,0.3333333333090087,0.4999999999817563,0.4999999950795861
G2,1,0.5,0.5,2,2,1,4.5388916015625,0.3333333333090087,0.4999999999817563,0.4999999951448278
G2,1,0.5,0.5,2,2,1,4.54222412109375,0.3333333333090087,0.4999999999817563,0.4999999952092048
G2,1,0.5,0.5,2,2,1,4.545556640625001,0.3333333333090087,0.4999999999817563,0.4999999952727293
G2,1,0.5,0.5,2,2,1,4.54888916015625,0.3333333333090087,0.4999999999817563,0.4999999953354118
G2,1,0.5,0.5,2,2,1,4.5522216796875,0.3333333333090087,0.4999999999817563,0.4999999953972639
G2,1,0.5,0.5,2,2,1,4.55555419921875,0.3333333333090087,0.4999999999817563,0.4999999954582977
G2,1,0.5,0.5,2,2,1,4.55888671875,0.3333333333090087,0.4999999999817563,0.4999999955185254
G2,1,0.5,0.5,2,2,1,4.562219238281251,0.3333333333090087,0.4999999999817563,0.4999999955779519
G2,1,0.5,0.5,2,2,1,4.5655517578125,0.3333333333090087,0.4999999999817563,0.4999999956365955
G2,1,0.5,0.5,2,2,1,4.56888427734375,0.3333333333090087,0.4999999999817563,0.4999999956944585
G2,1,0.5,0.5,2,2,1,4.572216796875,0.3333333333090087,0.4999999999817563,0.4999999957515575
G2,1,0.5,0.5,2,2,1,4.57554931640625,0.3333333333090087,0.4999999999817563,0.4999999958079012
G2,1,0.5,0.5,2,2,1,4.578881835937501,0.3333333333090087,0.4999999999817563,0.4999999958634989
G2,1,0.5,0.5,2,2,1,4.58221435546875,0.3333333333090087,0.4999999999817563,0.4999999959183596
G2,1,0.5,0.5,2,2,1,4.585546875,0.3333333333090087,0.4999999999817563,0.4999999959724932
G2,1,0.5,0.5,2,2,1,4.58887939453125,0.3333333333090087,0.4999999999817563,0.4999999960259094
G2,1,0.5,0.5,2,2,1,4.5922119140625,0.3333333333090087,0.4999999999817563,0.4999999960786183
G2,1,0.5,0.5,2,2,1,4.595544433593751,0.3333333333090087,0.4999999999817563,0.4999999961306303
G2,1,0.5,0.5,2,2,1,4.598876953125,0.3333333333090087,0.4999999999817563,0.4999999961819558
G2,1,0.5,0.5,2,2,1,4.60220947265625,0.3333333333090087,0.4999999999817563,0.4999999962325969
G2,1,0.5,0.5,2,2,1,4.6055419921875,0.3333333333090087,0.4999999999817563,0.4999999962825721
G2,1,0.5,0.5,2,2,1,4.60887451171875,0.3333333333090087,0.4999999999817563,0.4999999963318811
G2,1,0.5,0.5,2,2,1,4.612207031250001,0.3333333333090087,0.4999999999817563,0.4999999963805405
G2,1,0.5,0.5,2,2,1,4.61553955078125,0.3333333333090087,0.4999999999817563,0.4999999964285552
G2,1,0.5,0.5,2,2,1,4.6188720703125,0.3333333333090087,0.4999999999817563,0.499999996475932
G2,1,0.5,0.5,2,2,1,4.62220458984375,0.3333333333090087,0.4999999999817563,0.4999999965226824
G2,1,0.5,0.5,2,2,1,4.625537109375,0.3333333333090087,0.4999999999817563,0.4999999965688142
G2,1,0.5,0.5,2,2,1,4.628869628906251,0.3333333333090087,0.4999999999817563,0.4999999966143352
G2,1,0.5,0.5,2,2,1,4.6322021484375,0.3333333333090087,0.4999999999817563,0.4999999966592534
G2,1,0.5,0.5,2,2,1,4.63553466796875,0.3333333333090087,0.4999999999817563,0.499999996703577
G2,1,0.5,0.5,2,2,1,4.6388671875,0.3333333333090087,0.4999999999817563,0.4999999967473148
G2,1,0.5,0.5,2,2,1,4.64219970703125,0.3333333333090087,0.4999999999817563,0.4999999967904724
G2,1,0.5,0.5,2,2,1,4.645532226562501,0.3333333333090087,0.4999999999817563,0.4999999968330563
G2,1,0.5,0.5,2,2,1,4.64886474609375,0.3333333333090087,0.4999999999817563,0.4999999968750795
G2,1,0.5,0.5,2,2,1,4.652197265625,0.3333333333090087,0.4999999999817563,0.4999999969165446
G2,1,0.5,0.5,2,2,1,4.65552978515625,0.3333333333090087,0.4999999999817563,0.4999999969574609
G2,1,0.5,0.5,2,2,1,4.6588623046875,0.3333333333090087,0.4999999999817563,0.4999999969978352
G2,1,0.5,0.5,2,2,1,4.662194824218751,0.3333333333090087,0.4999999999817563,0.4999999970376772
G2,1,0.5,0.5,2,2,1,4.66552734375,0.3333333333090087,0.4999999999817563,0.4999999970769873
G2,1,0.5,0.5,2,2,1,4.66885986328125,0.3333333333090087,0.4999999999817563,0.4999999971157794
G2,1,0.5,0.5,2,2,1,4.6721923828125,0.3333333333090087,0.4999999999817563,0.4999999971540592
G2,1,0.5,0.5,2,2,1,4.67552490234375,0.3333333333090087,0.4999999999817563,0.499999997191832
G2,1,0.5,0.5,2,2,1,4.678857421875001,0.3333333333090087,0.4999999999817563,0.499999997229102
G2,1,0.5,0.5,2,2,1,4.68218994140625,0.3333333333090087,0.4999999999817563,0.4999999972658792
G2,1,0.5,0.5,2,2,1,4.6855224609375,0.3333333333090087,0.4999999999817563,0.49999999730217
G2,1,0.5,0.5,2,2,1,4.68885498046875,0.3333333333090087,0.4999999999817563,0.4999999973379809
G2,1,0.5,0.5,2,2,1,4.6921875,0.3333333333090087,0.4999999999817563,0.4999999973733177
G2,1,0.5,0.5,2,2,1,4.695520019531251,0.3333333333090087,0.4999999999817563,0.4999999974081837
G2,1,0.5,0.5,2,2,1,4.6988525390625,0.3333333333090087,0.4999999999817563,0.4999999974425888
G2,1,0.5,0.5,2,2,1,4.70218505859375,0.3333333333090087,0.4999999999817563,0.4999999974765399
G2,1,0.5,0.5,2,2,1,4.705517578125,0.3333333333090087,0.4999999999817563,0.4999999975100446
G2,1,0.5,0.5,2,2,1,4.70885009765625,0.3333333333090087,0.4999999999817563,0.4999999975430985
G2,1,0.5,0.5,2,2,1,4.712182617187501,0.3333333333090087,0.4999999999817563,0.4999999975757192
G2,1,0.5,0.5,2,2,1,4.71551513671875,0.3333333333090087,0.4999999999817563,0.4999999976079071
G2,1,0.5,0.5,2,2,1,4.71884765625,0.3333333333090087,0.4999999999817563,0.4999999976396685
G2,1,0.5,0.5,2,2,1,4.72218017578125,0.3333333333090087,0.4999999999817563,0.4999999976710094
G2,1,0.5,0.5,2,2,1,4.7255126953125,0.3333333333090087,0.4999999999817563,0.4999999977019375
G2,1,0.5,0.5,2,2,1,4.728845214843751,0.3333333333090087,0.4999999999817563,0.4999999977324513
G2,1,0.5,0.5,2,2,1,4.732177734375,0.3333333333090087,0.4999999999817563,0.4999999977625652
G2,1,0.5,0.5,2,2,1,4.73551025390625,0.3333333333090087,0.4999999999817563,0.4999999977922815
G2,1,0.5,0.5,2,2,1,4.7388427734375,0.3333333333090087,0.4999999999817563,0.4999999978215989
G2,1,0.5,0.5,2,2,1,4.74217529296875,0.3333333333090087,0.4999999999817563,0.49999999785053
G2,1,0.5,0.5,2,2,1,4.745507812500001,0.3333333333090087,0.4999999999817563,0.499999997879079
G2,1,0.5,0.5,2,2,1,4.74884033203125,0.3333333333090087,0.4999999999817563,0.4999999979072504
G2,1,0.5,0.5,2,2,1,4.7521728515625,0.3333333333090087,0.4999999999817563,0.4999999979350488
G2,1,0.5,0.5,2,2,1,4.75550537109375,0.3333333333090087,0.4999999999817563,0.4999999979624787
G2,1,0.5,0.5,2,2,1,4.758837890625,0.3333333333090087,0.4999999999817563,0.4999999979895451
G2,1,0.5,0.5,2,2,1,4.762170410156251,0.3333333333090087,0.4999999999817563,0.4999999980162528
G2,1,0.5,0.5,2,2,1,4.7655029296875,0.3333333333090087,0.4999999999817563,0.4999999980426068
G2,1,0.5,0.5,2,2,1,4.76883544921875,0.3333333333090087,0.4999999999817563,0.4999999980686124
G2,1,0.5,0.5,2,2,1,4.77216796875,0.3333333333090087,0.4999999999817563,0.4999999980942749
G2,1,0.5,0.5,2,2,1,4.77550048828125,0.3333333333090086,0.4999999999817563,0.4999999981195997
G2,1,0.5,0.5,2,2,1,4.778833007812501,0.3333333333090087,0.4999999999817563,0.4999999981445826
G2,1,0.5,0.5,2,2,1,4.78216552734375,0.3333333333090087,0.4999999999817563,0.4999999981692361
G2,1,0.5,0.5,2,2,1,4.785498046875,0.3333333333090087,0.4999999999817563,0.4999999981935675
G2,1,0.5,0.5,2,2,1,4.78883056640625,0.3333333333090087,0.4999999999817563,0.4999999982175736
G2,1,0.5,0.5,2,2,1,4.7921630859375,0.3333333333090087,0.4999999999817563,0.4999999982412604
G2,1,0.5,0.5,2,2,1,4.795495605468751,0.3333333333090087,0.4999999999817563,0.4999999982646406
G2,1,0.5,0.5,2,2,1,4.798828125,0.3333333333090087,0.4999999999817563,0.4999999982877008
G2,1,0.5,0.5,2,2,1,4.80216064453125,0.3333333333090087,0.4999999999817563,0.4999999983104666
G2,1,0.5,0.5,2,2,1,4.805493164062501,0.3333333333090087,0.4999999999817563,0.4999999983329196
G2,1,0.5,0.5,2,2,1,4.80882568359375,0.3333333333090087,0.4999999999817563,0.4999999983550854
G2,1,0.5,0.5,2,2,1,4.812158203125001,0.3333333333090087,0.4999999999817563,0.4999999983769495
G2,1,0.5,0.5,2,2,1,4.81549072265625,0.3333333333090087,0.4999999999817563,0.499999998398528
G2,1,0.5,0.5,2,2,1,4.8188232421875,0.3333333333090087,0.4999999999817563,0.4999999984198251
G2,1,0.5,0.5,2,2,1,4.822155761718751,0.3333333333090087,0.4999999999817563,0.4999999984408308
G2,1,0.5,0.5,2,2,1,4.82548828125,0.3333333333090087,0.4999999999817563,0.4999999984615631
G2,1,0.5,0.5,2,2,1,4.828820800781251,0.3333333333090087,0.4999999999817563,0.4999999984820244
G2,1,0.5,0.5,2,2,1,4.8321533203125,0.3333333333090087,0.4999999999817563,0.4999999985022119
G2,1,0.5,0.5,2,2,1,4.83548583984375,0.3333333333090087,0.4999999999817563,0.4999999985221283
G2,1,0.5,0.5,2,2,1,4.838818359375001,0.3333333333090087,0.4999999999817563,0.4999999985417831
G2,1,0.5,0.5,2,2,1,4.84215087890625,0.3333333333090087,0.4999999999817563,0.4999999985611788
G2,1,0.5,0.5,2,2,1,4.845483398437501,0.3333333333090087,0.4999999999817563,0.4999999985803184
G2,1,0.5,0.5,2,2,1,4.84881591796875,0.3333333333090087,0.4999999999817563,0.4999999985992048
G2,1,0.5,0.5,2,2,1,4.8521484375,0.3333333333090087,0.4999999999817563,0.4999999986178409
G2,1,0.5,0.5,2,2,1,4.855480957031251,0.3333333333090087,0.4999999999817563,0.4999999986362299
G2,1,0.5,0.5,2,2,1,4.8588134765625,0.3333333333090087,0.4999999999817563,0.4999999986543749
G2,1,0.5,0.5,2,2,1,4.862145996093751,0.3333333333090087,0.4999999999817563,0.4999999986722791
G2,1,0.5,0.5,2,2,1,4.865478515625,0.3333333333090087,0.4999999999817563,0.4999999986899458
G2,1,0.5,0.5,2,2,1,4.86881103515625,0.3333333333090087,0.4999999999817563,0.4999999987073785
G2,1,0.5,0.5,2,2,1,4.872143554687501,0.3333333333090087,0.4999999999817563,0.4999999987245807
G2,1,0.5,0.5,2,2,1,4.87547607421875,0.3333333333090087,0.4999999999817563,0.4999999987415559
G2,1,0.5,0.5,2,2,1,4.878808593750001,0.3333333333090087,0.4999999999817563,0.4999999987583079
G2,1,0.5,0.5,2,2,1,4.88214111328125,0.3333333333090087,0.4999999999817563,0.4999999987748405
G2,1,0.5,0.5,2,2,1,4.8854736328125,0.3333333333090087,0.4999999999817563,0.4999999987911486
G2,1,0.5,0.5,2,2,1,4.888806152343751,0.3333333333090087,0.4999999999817563,0.4999999988072383
G2,1,0.5,0.5,2,2,1,4.892138671875,0.3333333333090087,0.4999999999817563,0.4999999988231186
G2,1,0.5,0.5,2,2,1,4.895471191406251,0.3333333333090087,0.4999999999817563,0.4999999988387939
G2,1,0.5,0.5,2,2,1,4.8988037109375,0.3333333333090087,0.4999999999817563,0.4999999988542546
G2,1,0.5,0.5,2,2,1,4.90213623046875,0.3333333333090087,0.4999999999817563,0.4999999988695092
G2,1,0.5,0.5,2,2,1,4.905468750000001,0.3333333333090087,0.4999999999817563,0.49999999888457
G2,1,0.5,0.5,2,2,1,4.90880126953125,0.3333333333090087,0.4999999999817563,0.4999999988994246
G2,1,0.5,0.5,2,2,1,4.912133789062501,0.3333333333090087,0.4999999999817563,0.4999999989140822
G2,1,0.5,0.5,2,2,1,4.91546630859375,0.3333333333090087,0.4999999999817563,0.4999999989285561
G2,1,0.5,0.5,2,2,1,4.918798828125,0.3333333333090086,0.4999999999817563,0.4999999989428217
G2,1,0.5,0.5,2,2,1,4.922131347656251,0.3333333333090087,0.4999999999817563,0.4999999989569133
G2,1,0.5,0.5,2,2,1,4.9254638671875,0.3333333333090087,0.4999999999817563,0.499999998970806
G2,1,0.5,0.5,2,2,1,4.928796386718751,0.3333333333090087,0.4999999999817563,0.4999999989845256
G2,1,0.5,0.5,2,2,1,4.93212890625,0.3333333333090087,0.4999999999817563,0.4999999989980536
G2,1,0.5,0.5,2,2,1,4.93546142578125,0.3333333333090087,0.4999999999817563,0.4999999990114141
G2,1,0.5,0.5,2,2,1,4.938793945312501,0.3333333333090087,0.4999999999817563,0.499999999024584
G2,1,0.5,0.5,2,2,1,4.94212646484375,0.3333333333090087,0.4999999999817563,0.4999999990375956
G2,1,0.5,0.5,2,2,1,4.945458984375001,0.3333333333090087,0.4999999999817563,0.4999999990504175
G2,1,0.5,0.5,2,2,1,4.94879150390625,0.3333333333090087,0.4999999999817563,0.4999999990630803
G2,1,0.5,0.5,2,2,1,4.9521240234375,0.3333333333090087,0.4999999999817563,0.4999999990755757
G2,1,0.5,0.5,2,2,1,4.955456542968751,0.3333333333090087,0.4999999999817563,0.4999999990878973
G2,1,0.5,0.5,2,2,1,4.9587890625,0.3333333333090087,0.4999999999817563,0.4999999991000665
G2,1,0.5,0.5,2,2,1,4.962121582031251,0.3333333333090087,0.4999999999817563,0.4999999991120701
G2,1,0.5,0.5,2,2,1,4.9654541015625,0.3333333333090087,0.4999999999817563,0.4999999991239087
G2,1,0.5,0.5,2,2,1,4.96878662109375,0.3333333333090087,0.4999999999817563,0.4999999991355987
G2,1,0.5,0.5,2,2,1,4.972119140625001,0.3333333333090087,0.4999999999817563,0.4999999991471401
G2,1,0.5,0.5,2,2,1,4.97545166015625,0.3333333333090087,0.4999999999817563,0.499999999158511
G2,1,0.5,0.5,2,2,1,4.978784179687501,0.3333333333090087,0.4999999999817563,0.4999999991697373
G2,1,0.5,0.5,2,2,1,4.98211669921875,0.3333333333090087,0.4999999999817563,0.49999999918082
G2,1,0.5,0.5,2,2,1,4.98544921875,0.3333333333090087,0.4999999999817563,0.4999999991917601
G2,1,0.5,0.5,2,2,1,4.988781738281251,0.3333333333090087,0.4999999999817563,0.4999999992025486
G2,1,0.5,0.5,2,2,1,4.9921142578125,0.3333333333090087,0.4999999999817563,0.4999999992131891
G2,1,0.5,0.5,2,2,1,4.995446777343751,0.3333333333090087,0.4999999999817563,0.4999999992236918
G2,1,0.5,0.5,2,2,1,4.998779296875,0.3333333333090087,0.4999999999817563,0.4999999992340577
G2,1,0.5,0.5,2,2,1,5,0.3333333333090087,0.4999999999817563,0.4999999992378324
G3,0.5,0.2,0.3,2,3,0.5,0,1,0.5000000000000001,0
G3,0.5,0.2,0.3,2,3,0.5,0.00333251953125,1.265512914530337e+75,-1.841792103609438e+20,-1.3865149774881
G3,0.5,0.2,0.3,2,3,0.5,0.0066650390625,1.319666721640135e+184,-3.450873173395282e+74,-1.386514996800638
G3,0.5,0.2,0.3,2,3,0.5,0.009997558593750001,1.577192227865752e+293,4.74860300396912e+128,-1.38651499103347
