case,alpha,rho,lambda_c,lambda_r,d_effective,eq_fraction,q1,time,variance,mass,center_ratio
E1,0.1,0.3,2,6,0.9,0.25,0.6000000000000001,0,0.001599999999999999,1,0
E1,0.1,0.3,2,6,0.9,0.25,0.6000000000000001,3.242418462712188e-05,0.001658364868004411,1.000000000000004,6.53843098204075e-05
E1,0.1,0.3,2,6,0.9,0.25,0.6000000000000001,6.484836925424376e-05,0.001716732258502535,1.000000000000008,0.0001318705530053071
E1,0.1,0.3,2,6,0.9,0.25,0.6000000000000001,9.727255388136563e-05,0.001775102170840141,1.000000000000013,0.0001994020660235723
E1,0.1,0.3,2,6,0.9,0.25,0.6000000000000001,0.0001296967385084875,0.001833474604363178,1.000000000000017,0.0002679267433376975
E1,0.1,0.3,2,6,0.9,0.25,0.6000000000000001,0.0001621209231356094,0.001891849558417748,1.000000000000022,0.000337396542080757
E1,0.1,0.3,2,6,0.9,0.25,0.6000000000000001,0.0001945451077627313,0.001950227032350137,1.000000000000025,0.00040776705355551
E1,0.1,0.3,2,6,0.9,0.25,0.6000000000000001,0.0002269692923898531,0.002008607025506791,1.00000000000003,0.0004789971309070729
E1,0.1,0.3,2,6,0.9,0.25,0.6000000000000001,0.000259393477016975,0.002066989537234333,1.000000000000034,0.000551048564260767
E1,0.1,0.3,2,6,0.9,0.25,0.6000000000000001,0.0002918176616440969,0.00212537456687955,1.000000000000038,0.0006238857961619091
E1,0.1,0.3,2,6,0.9,0.25,0.6000000000000001,0.0003242418462712188,0.002183762113789404,1.000000000000041,0.0006974756713928615
E1,0.1,0.3,2,6,0.9,0.25,0.6000000000000001,0.0003566660308983406,0.002242152177311015,1.000000000000046,0.0007717872162414211
E1,0.1,0.3,2,6,0.9,0.25,0.6000000000000001,0.0003890902155254625,0.002300544756791686,1.000000000000049,0.0008467914431047787
E1,0.1,0.3,2,6,0.9,0.25,0.6000000000000001,0.0004215144001525844,0.002358939851578877,1.000000000000054,0.0009224611769739552
E1,0.1,0.3,2,6,0.9,0.25,0.6000000000000001,0.0004539385847797063,0.002417337461020229,1.000000000000058,0.0009987709008853188
E1,0.1,0.3,2,6,0.9,0.25,0.6000000000000001,0.0004863627694068281,0.002475737584463553,1.000000000000063,0.00107569661787206
E1,0.1,0.3,2,6,0.9,0.25,0.6000000000000001,0.0005187869540339501,0.002534140221256807,1.000000000000067,0.001153215727317968
E1,0.1,0.3,2,6,0.9,0.25,0.6000000000000001,0.0005512111386610719,0.002592545370748147,1.00000000000007,0.00123130691392306
E1,0.1,0.3,2,6,0.9,0.25,0.6000000000000001,0.0005836353232881937,0.002650953032285876,1.000000000000074,0.001309950047747225
E1,0.1,0.3,2,6,0.9,0.25,0.6000000000000001,0.0006160595079153157,0.002709363205218483,1.000000000000079,0.001389126094013211
E1,0.1,0.3,2,6,0.9,0.25,0.6000000000000001,0.0006484836925424375,0.002767775888894609,1.000000000000084,0.001468817031531437
E1,0.1,0.3,2,6,0.9,0.25,0.6000000000000001,0.0006809078771695594,0.002826191082663081,1.000000000000088,0.001549005778762233
E1,0.1,0.3,2,6,0.9,0.25,0.6000000000000001,0.0007133320617966813,0.002884608785872887,1.000000000000091,0.001629676126660984
E1,0.1,0.3,2,6,0.9,0.25,0.6000000000000001,0.0007457562464238032,0.002943028997873181,1.000000000000096,0.001710812677562141
E1,0.1,0.3,2,6,0.9,0.25,0.6000000000000001,0.000778180431050925,0.003001451718013289,1.0000000000001,0.001792400789452494
E1,0.1,0.3,2,6,0.9,0.25,0.6000000000000001,0.0008106046156780469,0.003059876945642696,1.000000000000105,0.001874426525064925
E1,0.1,0.3,2,6,0.9,0.25,0.6000000000000001,0.0008430288003051688,0.003118304680111084,1.000000000000108,0.001956876605293371
E1,0.1,0.3,2,6,0.9,0.25,0.6000000000000001,0.0008754529849322907,0.003176734920768266,1.000000000000113,0.002039738366489605
E1,0.1,0.3,2,6,0.9,0.25,0.6000000000000001,0.0009078771695594126,0.003235167666964251,1.000000000000117,0.002122999721254205
E1,0.1,0.3,2,6,0.9,0.25,0.6000000000000001,0.0009403013541865344,0.003293602918049208,1.000000000000122,0.002206649122378945
E1,0.1,0.3,2,6,0.9,0.25,0.6000000000000001,0.0009727255388136563,0.003352040673373476,1.000000000000126,0.002290675529636824
E1,0.1,0.3,2,6,0.9,0.25,0.6000000000000001,0.001005149723440778,0.003410480932287554,1.000000000000131,0.00237506837914994
E1,0.1,0.3,2,6,0.9,0.25,0.6000000000000001,0.0010375739080679,0.003468923694142119,1.000000000000135,0.00245981755509502
E1,0.1,0.3,2,6,0.9,0.25,0.6000000000000001,0.001069998092695022,0.003527368958288026,1.000000000000137,0.002544913363532462
E1,0.1,0.3,2,6,0.9,0.25,0.6000000000000001,0.001102422277322144,0.003585816724076268,1.000000000000143,0.002630346508167467
E1,0.1,0.3,2,6,0.9,0.25,0.6000000000000001,0.001134846461949266,0.003644266990858031,1.000000000000147,0.002716108067871896
E1,0.1,0.3,2,6,0.9,0.25,0.6000000000000001,0.001167270646576387,0.003702719757984665,1.00000000000015,0.002802189475813171
E1,0.1,0.3,2,6,0.9,0.25,0.6000000000000001,0.00119969483120351,0.003761175024807668,1.000000000000156,0.002888582500052089
E1,0.1,0.3,2,6,0.9,0.25,0.6000000000000001,0.001232119015830631,0.003819632790678765,1.000000000000159,0.002975279225485238
E1,0.1,0.3,2,6,0.9,0.25,0.6000000000000001,0.001264543200457753,0.003878093054949762,1.000000000000164,0.003062272037019944
E1,0.1,0.3,2,6,0.9,0.25,0.6000000000000001,0.001296967385084875,0.003936555816972695,1.000000000000168,0.003149553603880527
E1,0.1,0.3,2,6,0.9,0.25,0.6000000000000001,0.001329391569711997,0.003995021076099766,1.000000000000172,0.003237116864954338
E1,0.1,0.3,2,6,0.9,0.25,0.6000000000000001,0.001361815754339119,0.004053488831683295,1.000000000000175,0.003324955015094616
E1,0.1,0.3,2,6,0.9,0.25,0.6000000000000001,0.001394239938966241,0.004111959083075823,1.000000000000181,0.003413061492305003
E1,0.1,0.3,2,6,0.9,0.25,0.6000000000000001,0.001426664123593363,0.004170431829630034,1.000000000000185,0.003501429965737307
E1,0.1,0.3,2,6,0.9,0.25,0.6000000000000001,0.001459088308220484,0.004228907070698769,1.000000000000189,0.003590054324440387
E1,0.1,0.3,2,6,0.9,0.25,0.6000000000000001,0.001491512492847606,0.004287384805635052,1.000000000000193,0.00367892866680352
E1,0.1,0.3,2,6,0.9,0.25,0.6000000000000001,0.001523936677474728,0.00434586503379203,1.000000000000197,0.00376804729064257
E1,0.1,0.3,2,6,0.9,0.25,0.6000000000000001,0.00155636086210185,0.004404347754523049,1.000000000000202,0.003857404683881801
E1,0.1,0.3,2,6,0.9,0.25,0.6000000000000001,0.001588785046728972,0.004462832967181607,1.000000000000205,0.00394699551578817
E1,0.1,0.3,2,6,0.9,0.25,0.6000000000000001,0.001621209231356094,0.004521320671121329,1.000000000000209,0.004036814628718609
E1,0.1,0.3,2,6,0.9,0.25,0.6000000000000001,0.001653633415983216,0.004579810865696004,1.000000000000214,0.004126857030344082
E1,0.1,0.3,2,6,0.9,0.25,0.6000000000000001,0.001686057600610338,0.004638303550259567,1.000000000000217,0.0042171178863172
E1,0.1,0.3,2,6,0.9,0.25,0.6000000000000001,0.001718481785237459,0.004696798724166047,1.000000000000222,0.004307592513352852
E1,0.1,0.3,2,6,0.9,0.25,0.6000000000000001,0.001750905969864581,0.004755296386769656,1.000000000000227,0.004398276372693763
E1,0.1,0.3,2,6,0.9,0.25,0.6000000000000001,0.001783330154491703,0.004813796537424679,1.000000000000231,0.004489165063935189
E1,0.1,0.3,2,6,0.9,0.25,0.6000000000000001,0.001815754339118825,0.004872299175485476,1.000000000000235,0.004580254319184842
E1,0.1,0.3,2,6,0.9,0.25,0.6000000000000001,0.001848178523745947,0.00493080430030654,1.000000000000238,0.004671539997536149
E1,0.1,0.3,2,6,0.9,0.25,0.6000000000000001,0.001880602708373069,0.004989311911242356,1.000000000000243,0.004763018079834475
E1,0.1,0.3,2,6,0.9,0.25,0.6000000000000001,0.001913026893000191,0.005047822007647459,1.000000000000249,0.004854684663717609
E1,0.1,0.3,2,6,0.9,0.25,0.6000000000000001,0.001945451077627313,0.005106334588876413,1.000000000000251,0.004946535958913118
E1,0.1,0.3,2,6,0.9,0.25,0.6000000000000001,0.001977875262254434,0.00516484965428364,1.000000000000255,0.005038568282776505
E1,0.1,0.3,2,6,0.9,0.25,0.6000000000000001,0.002010299446881556,0.005223367203223545,1.000000000000261,0.005130778056055264
E1,0.1,0.3,2,6,0.9,0.25,0.6000000000000001,0.002042723631508678,0.005281887235050367,1.000000000000264,0.005223161798865044
E1,0.1,0.3,2,6,0.9,0.25,0.6000000000000001,0.0020751478161358,0.005340409749118074,1.000000000000269,0.005315716126865017
E1,0.1,0.3,2,6,0.9,0.25,0.6000000000000001,0.002107572000762922,0.005398934744780375,1.000000000000273,0.005408437747620609
E1,0.1,0.3,2,6,0.9,0.25,0.6000000000000001,0.002139996185390044,0.005457462221390603,1.000000000000277,0.005501323457142419
E1,0.1,0.3,2,6,0.9,0.25,0.6000000000000001,0.002172420370017166,0.00551599217830154,1.000000000000282,0.005594370136591078
E1,0.1,0.3,2,6,0.9,0.25,0.6000000000000001,0.002204844554644288,0.00557452461486537,1.000000000000286,0.005687574749138368
E1,0.1,0.3,2,6,0.9,0.25,0.6000000000000001,0.002237268739271409,0.005633059530433538,1.000000000000289,0.005780934336975649
E1,0.1,0.3,2,6,0.9,0.25,0.6000000000000001,0.002269692923898531,0.005691596924356512,1.000000000000293,0.005874446018461302
E1,0.1,0.3,2,6,0.9,0.25,0.6000000000000001,0.002302117108525653,0.005750136795983665,1.000000000000297,0.005968106985399235
E1,0.1,0.3,2,6,0.9,0.25,0.6000000000000001,0.002334541293152775,0.005808679144663063,1.000000000000302,0.006061914500441311
E1,0.1,0.3,2,6,0.9,0.25,0.6000000000000001,0.002366965477779897,0.005867223969741157,1.000000000000307,0.006155865894606771
E1,0.1,0.3,2,6,0.9,0.25,0.6000000000000001,0.002399389662407019,0.005925771270562615,1.00000000000031,0.006249958564912303
E1,0.1,0.3,2,6,0.9,0.25,0.6000000000000001,0.002431813847034141,0.005984321046469895,1.000000000000315,0.00634418997210681
E1,0.1,0.3,2,6,0.9,0.25,0.6000000000000001,0.002464238031661263,0.006042873296802986,1.000000000000319,0.006438557638505255
E1,0.1,0.3,2,6,0.9,0.25,0.6000000000000001,0.002496662216288385,0.006101428020899018,1.000000000000324,0.006533059145916301
E1,0.1,0.3,2,6,0.9,0.25,0.6000000000000001,0.002529086400915506,0.006159985218091765,1.000000000000327,0.00662769213365891
E1,0.1,0.3,2,6,0.9,0.25,0.6000000000000001,0.002561510585542628,0.006218544887711235,1.000000000000331,0.006722454296663198
E1,0.1,0.3,2,6,0.9,0.25,0.6000000000000001,0.00259393477016975,0.006277107029083109,1.000000000000335,0.006817343383651281
E1,0.1,0.3,2,6,0.9,0.25,0.6000000000000001,0.002626358954796872,0.006335671641528162,1.00000000000034,0.006912357195393938
E1,0.1,0.3,2,6,0.9,0.25,0.6000000000000001,0.002658783139423994,0.006394238724361623,1.000000000000344,0.007007493583039377
E1,0.1,0.3,2,6,0.9,0.25,0.6000000000000001,0.002691207324051116,0.006452808276892433,1.000000000000348,0.00710275044651044
E1,0.1,0.3,2,6,0.9,0.25,0.6000000000000001,0.002723631508678238,0.006511380298422501,1.000000000000353,0.007198125732966762
E1,0.1,0.3,2,6,0.9,0.25,0.6000000000000001,0.00275605569330536,0.006569954788245823,1.000000000000358,0.007293617435328893
E1,0.1,0.3,2,6,0.9,0.25,0.6000000000000001,0.002788479877932481,0.006628531745647599,1.000000000000361,0.007389223590861142
E1,0.1,0.3,2,6,0.9,0.25,0.6000000000000001,0.002820904062559603,0.00668711116990314,1.000000000000365,0.0074849422798105
E1,0.1,0.3,2,6,0.9,0.25,0.6000000000000001,0.002853328247186725,0.00674569306027686,1.000000000000369,0.007580771624098832
E1,0.1,0.3,2,6,0.9,0.25,0.6000000000000001,0.002885752431813847,0.006804277416021006,1.000000000000373,0.007676709786065796
E1,0.1,0.3,2,6,0.9,0.25,0.6000000000000001,0.002918176616440969,0.006862864236374436,1.000000000000379,0.007772754967260239
E1,0.1,0.3,2,6,0.9,0.25,0.6000000000000001,0.002950600801068091,0.006921453520561199,1.000000000000383,0.007868905407277657
E1,0.1,0.3,2,6,0.9,0.25,0.6000000000000001,0.002983024985695213,0.006980045267789061,1.000000000000386,0.007965159382641696
E1,0.1,0.3,2,6,0.9,0.25,0.6000000000000001,0.003015449170322335,0.007038639477247847,1.000000000000391,0.008061515205727576
E1,0.1,0.3,2,6,0.9,0.25,0.6000000000000001,0.003047873354949457,0.007097236148107824,1.000000000000394,0.008157971223725611
E1,0.1,0.3,2,6,0.9,0.25,0.6000000000000001,0.003080297539576578,0.007155835279517777,1.000000000000398,0.008254525817643013
E1,0.1,0.3,2,6,0.9,0.25,0.6000000000000001,0.0031127217242037,0.007214436870603109,1.000000000000403,0.008351177401342178
E1,0.1,0.3,2,6,0.9,0.25,0.6000000000000001,0.003145145908830822,0.007273040920463698,1.000000000000407,0.008447924420613963
E1,0.1,0.3,2,6,0.9,0.25,0.6000000000000001,0.003177570093457944,0.007331647428171707,1.000000000000412,0.008544765352284276
E1,0.1,0.3,2,6,0.9,0.25,0.6000000000000001,0.003209994278085066,0.007390256392769259,1.000000000000416,0.008641698703352652
E1,0.1,0.3,2,6,0.9,0.25,0.6000000000000001,0.003242418462712188,0.007448867813265898,1.00000000000042,0.008738723010161344
E1,0.1,0.3,2,6,0.9,0.25,0.6000000000000001,0.003274842647339309,0.00750748168863589,1.000000000000424,0.008835836837593633
E1,0.1,0.3,2,6,0.9,0.25,0.6000000000000001,0.003307266831966432,0.007566098017815584,1.000000000000429,0.008933038778300147
E1,0.1,0.3,2,6,0.9,0.25,0.6000000000000001,0.003339691016593553,0.00762471679970032,1.000000000000433,0.009030327451951932
E1,0.1,0.3,2,6,0.9,0.25,0.6000000000000001,0.003372115201220675,0.007683338033141402,1.000000000000437,0.009127701504519256
E1,0.1,0.3,2,6,0.9,0.25,0.6000000000000001,0.003404539385847797,0.007741961716942837,1.000000000000441,0.009225159607574921
E1,0.1,0.3,2,6,0.9,0.25,0.6000000000000001,0.003436963570474919,0.007800587849857891,1.000000000000445,0.009322700457621258
E1,0.1,0.3,2,6,0.9,0.25,0.6000000000000001,0.003469387755102041,0.007859216430585481,1.00000000000045,0.009420322775439638
E1,0.1,0.3,2,6,0.9,0.25,0.6000000000000001,0.003501811939729163,0.007917847457766504,1.000000000000455,0.009518025305461749
E1,0.1,0.3,2,6,0.9,0.25,0.6000000000000001,0.003534236124356284,0.007976480929979882,1.000000000000458,0.009615806815161644
E1,0.1,0.3,2,6,0.9,0.25,0.6000000000000001,0.003566660308983406,0.008035116845738367,1.000000000000462,0.009713666094467771
E1,0.1,0.3,2,6,0.9,0.25,0.6000000000000001,0.003599084493610528,0.008093755203484427,1.000000000000465,0.009811601955194196
E1,0.1,0.3,2,6,0.9,0.25,0.6000000000000001,0.00363150867823765,0.008152396001585672,1.000000000000471,0.009909613230490192
E1,0.1,0.3,2,6,0.9,0.25,0.6000000000000001,0.003663932862864772,0.00821103923833035,1.000000000000475,0.01000769877430763
E1,0.1,0.3,2,6,0.9,0.25,0.6000000000000001,0.003696357047491894,0.008269684911922464,1.000000000000479,0.01010585746088525
E1,0.1,0.3,2,6,0.9,0.25,0.6000000000000001,0.003728781232119016,0.00832833302047685,1.000000000000483,0.01020408818424937
E1,0.1,0.3,2,6,0.9,0.25,0.6000000000000001,0.003761205416746138,0.008386983562013941,1.000000000000488,0.01030238985773025
E1,0.1,0.3,2,6,0.9,0.25,0.6000000000000001,0.00379362960137326,0.008445636534454532,1.000000000000491,0.01040076141349361
E1,0.1,0.3,2,6,0.9,0.25,0.6000000000000001,0.003826053786000381,0.00850429193561422,1.000000000000495,0.01049920180208669
E1,0.1,0.3,2,6,0.9,0.25,0.6000000000000001,0.003858477970627503,0.008562949763197721,1.0000000000005,0.01059770999199824
E1,0.1,0.3,2,6,0.9,0.25,0.6000000000000001,0.003890902155254625,0.008621610014792988,1.000000000000504,0.0106962849692321
E1,0.1,0.3,2,6,0.9,0.25,0.6000000000000001,0.003923326339881747,0.008680272687865217,1.000000000000508,0.01079492573689361
E1,0.1,0.3,2,6,0.9,0.25,0.6000000000000001,0.003955750524508869,0.008738937779750527,1.000000000000513,0.01089363131478861
E1,0.1,0.3,2,6,0.9,0.25,0.6000000000000001,0.003988174709135991,0.008797605287649694,1.000000000000516,0.01099240073903444
E1,0.1,0.3,2,6,0.9,0.25,0.6000000000000001,0.004020598893763112,0.008856275208621499,1.00000000000052,0.01109123306168251
E1,0.1,0.3,2,6,0.9,0.25,0.6000000000000001,0.004053023078390235,0.008914947539576015,1.000000000000525,0.01119012735035208
E1,0.1,0.3,2,6,0.9,0.25,0.6000000000000001,0.004085447263017357,0.00897362227726773,1.000000000000528,0.01128908268787475
E1,0.1,0.3,2,6,0.9,0.25,0.6000000000000001,0.004117871447644478,0.009032299418288455,1.000000000000533,0.01138809817194947
E1,0.1,0.3,2,6,0.9,0.25,0.6000000000000001,0.004150295632271601,0.009090978959060098,1.000000000000537,0.01148717291480736
E1,0.1,0.3,2,6,0.9,0.25,0.6000000000000001,0.004182719816898722,0.009149660895827298,1.000000000000542,0.01158630604288641
E1,0.1,0.3,2,6,0.9,0.25,0.6000000000000001,0.004215144001525844,0.009208345224649904,1.000000000000546,0.01168549669651533
E1,0.1,0.3,2,6,0.9,0.25,0.6000000000000001,0.004247568186152966,0.009267031941395202,1.000000000000552,0.01178474402960654
E1,0.1,0.3,2,6,0.9,0.25,0.6000000000000001,0.004279992370780088,0.009325721041730206,1.000000000000554,0.01188404720935772
E1,0.1,0.3,2,6,0.9,0.25,0.6000000000000001,0.004312416555407209,0.0093844125211135,1.000000000000558,0.01198340541596188
E1,0.1,0.3,2,6,0.9,0.25,0.6000000000000001,0.004344840740034332,0.009443106374787307,1.000000000000565,0.01208281784232537
E1,0.1,0.3,2,6,0.9,0.25,0.6000000000000001,0.004377264924661453,0.009501802597769164,1.000000000000568,0.01218228369379395
E1,0.1,0.3,2,6,0.9,0.25,0.6000000000000001,0.004409689109288575,0.009560501184843553,1.00000000000057,0.01228180218788617
E1,0.1,0.3,2,6,0.9,0.25,0.6000000000000001,0.004442113293915697,0.009619202130553204,1.000000000000576,0.01238137255403424
E1,0.1,0.3,2,6,0.9,0.25,0.6000000000000001,0.004474537478542819,0.009677905429190878,1.000000000000581,0.01248099403333191
E1,0.1,0.3,2,6,0.9,0.25,0.6000000000000001,0.004506961663169941,0.00973661107479025,1.000000000000585,0.01258066587828912
E1,0.1,0.3,2,6,0.9,0.25,0.6000000000000001,0.004539385847797063,0.009795319061117282,1.000000000000588,0.01268038735259338
E1,0.1,0.3,2,6,0.9,0.25,0.6000000000000001,0.004571810032424185,0.009854029381661142,1.000000000000592,0.01278015773087742
E1,0.1,0.3,2,6,0.9,0.25,0.6000000000000001,0.004604234217051306,0.009912742029625219,1.000000000000597,0.01287997629849313
E1,0.1,0.3,2,6,0.9,0.25,0.6000000000000001,0.004636658401678428,0.009971456997918116,1.000000000000601,0.01297984235129136
E1,0.1,0.3,2,6,0.9,0.25,0.6000000000000001,0.00466908258630555,0.01003017427914413,1.000000000000605,0.01307975519540769
E1,0.1,0.3,2,6,0.9,0.25,0.6000000000000001,0.004701506770932672,0.01008889386559426,1.00000000000061,0.01317971414705358
E1,0.1,0.3,2,6,0.9,0.25,0.6000000000000001,0.004733930955559794,0.01014761574923667,1.000000000000613,0.01327971853231311
E1,0.1,0.3,2,6,0.9,0.25,0.6000000000000001,0.004766355140186916,0.01020633992170725,1.000000000000618,0.01337976768694493
E1,0.1,0.3,2,6,0.9,0.25,0.6000000000000001,0.004798779324814038,0.01026506637430022,1.000000000000622,0.01347986095618926
E1,0.1,0.3,2,6,0.9,0.25,0.6000000000000001,0.004831203509441159,0.01032379509795849,1.000000000000626,0.01357999769457993
E1,0.1,0.3,2,6,0.9,0.25,0.6000000000000001,0.004863627694068282,0.01038252608326415,1.00000000000063,0.01368017726576103
E1,0.1,0.3,2,6,0.9,0.25,0.6000000000000001,0.004896051878695403,0.0104412593204287,1.000000000000635,0.01378039904230837
E1,0.1,0.3,2,6,0.9,0.25,0.6000000000000001,0.004928476063322525,0.01049999479928355,1.000000000000639,0.01388066240555525
E1,0.1,0.3,2,6,0.9,0.25,0.6000000000000001,0.004960900247949647,0.0105587325092702,1.000000000000643,0.01398096674542275
E1,0.1,0.3,2,6,0.9,0.25,0.6000000000000001,0.004993324432576769,0.01061747243943059,1.000000000000647,0.01408131146025413
E1,0.1,0.3,2,6,0.9,0.25,0.6000000000000001,0.005025748617203891,0.01067621457839728,1.000000000000651,0.01418169595665333
E1,0.1,0.3,2,6,0.9,0.25,0.6000000000000001,0.005058172801831013,0.01073495891438389,1.000000000000655,0.0142821196493275
E1,0.1,0.3,2,6,0.9,0.25,0.6000000000000001,0.005090596986458135,0.01079370543517517,1.00000000000066,0.01438258196093326
E1,0.1,0.3,2,6,0.9,0.25,0.6000000000000001,0.005123021171085256,0.01085245412811741,1.000000000000664,0.01448308232192688
E1,0.1,0.3,2,6,0.9,0.25,0.6000000000000001,0.005155445355712379,0.0109112049801086,1.000000000000668,0.01458362017041786
E1,0.1,0.3,2,6,0.9,0.25,0.6000000000000001,0.0051878695403395,0.01096995797758891,1.000000000000673,0.01468419495202625
E1,0.1,0.3,2,6,0.9,0.25,0.6000000000000001,0.005220293724966622,0.01102871310653079,1.000000000000676,0.01478480611974316
E1,0.1,0.3,2,6,0.9,0.25,0.6000000000000001,0.005252717909593744,0.01108747035242949,1.00000000000068,0.01488545313379483
E1,0.1,0.3,2,6,0.9,0.25,0.6000000000000001,0.005285142094220866,0.01114622970029344,1.000000000000685,0.01498613546150969
E1,0.1,0.3,2,6,0.9,0.25,0.6000000000000001,0.005317566278847987,0.01120499113463467,1.000000000000689,0.01508685257718867
E1,0.1,0.3,2,6,0.9,0.25,0.6000000000000001,0.00534999046347511,0.01126375463945919,1.000000000000694,0.01518760396197859
E1,0.1,0.3,2,6,0.9,0.25,0.6000000000000001,0.005382414648102232,0.0113225201982578,1.000000000000697,0.01528838910374834
E1,0.1,0.3,2,6,0.9,0.25,0.6000000000000001,0.005414838832729353,0.01138128779399643,1.000000000000702,0.0153892074969681
E1,0.1,0.3,2,6,0.9,0.25,0.6000000000000001,0.005447263017356476,0.011440057409107,1.000000000000707,0.01549005864259123
E1,0.1,0.3,2,6,0.9,0.25,0.6000000000000001,0.005479687201983597,0.0114988290254781,1.00000000000071,0.01559094204793889
E1,0.1,0.3,2,6,0.9,0.25,0.6000000000000001,0.005512111386610719,0.01155760262444581,1.000000000000714,0.01569185722658734
E1,0.1,0.3,2,6,0.9,0.25,0.6000000000000001,0.005544535571237841,0.0116163781867847,1.000000000000718,0.01579280369825779
E1,0.1,0.3,2,6,0.9,0.25,0.6000000000000001,0.005576959755864963,0.01167515569269876,1.000000000000723,0.01589378098870865
E1,0.1,0.3,2,6,0.9,0.25,0.6000000000000001,0.005609383940492084,0.01173393512181254,1.000000000000728,0.01599478862963033
E1,0.1,0.3,2,6,0.9,0.25,0.6000000000000001,0.005641808125119207,0.01179271645316235,1.000000000000731,0.01609582615854226
E1,0.1,0.3,2,6,0.9,0.25,0.6000000000000001,0.005674232309746329,0.01185149966518765,1.000000000000735,0.01619689311869235
E1,0.1,0.3,2,6,0.9,0.25,0.6000000000000001,0.00570665649437345,0.01191028473572233,1.000000000000738,0.01629798905895853
E1,0.1,0.3,2,6,0.9,0.25,0.6000000000000001,0.005739080679000572,0.0119690716419864,1.000000000000744,0.01639911353375259
E1,0.1,0.3,2,6,0.9,0.25,0.6000000000000001,0.005771504863627694,0.01202786036057753,1.000000000000749,0.016500266102926
E1,0.1,0.3,2,6,0.9,0.25,0.6000000000000001,0.005803929048254816,0.01208665086746306,1.000000000000752,0.01660144633167785
E1,0.1,0.3,2,6,0.9,0.25,0.6000000000000001,0.005836353232881938,0.01214544313797158,1.000000000000757,0.01670265379046485
E1,0.1,0.3,2,6,0.9,0.25,0.6000000000000001,0.00586877741750906,0.0122042371467853,1.00000000000076,0.01680388805491318
E1,0.1,0.3,2,6,0.9,0.25,0.6000000000000001,0.005901201602136181,0.01226303286793212,1.000000000000764,0.01690514870573223
E1,0.1,0.3,2,6,0.9,0.25,0.6000000000000001,0.005933625786763303,0.01232183027477788,1.000000000000769,0.01700643532863026
E1,0.1,0.3,2,6,0.9,0.25,0.6000000000000001,0.005966049971390426,0.01238062934001909,1.000000000000773,0.01710774751423182
E1,0.1,0.3,2,6,0.9,0.25,0.6000000000000001,0.005998474156017547,0.01243943003567526,1.000000000000777,0.0172090848579969
E1,0.1,0.3,2,6,0.9,0.25,0.6000000000000001,0.006030898340644669,0.01249823233308192,1.000000000000781,0.01731044696014182
E1,0.1,0.3,2,6,0.9,0.25,0.6000000000000001,0.006063322525271791,0.01255703620288348,1.000000000000785,0.01741183342556174
E1,0.1,0.3,2,6,0.9,0.25,0.6000000000000001,0.006095746709898913,0.01261584161502628,1.000000000000789,0.01751324386375484
E1,0.1,0.3,2,6,0.9,0.25,0.6000000000000001,0.006128170894526034,0.012674648538752,1.000000000000794,0.01761467788874807
E1,0.1,0.3,2,6,0.9,0.25,0.6000000000000001,0.006160595079153157,0.01273345694259093,1.000000000000798,0.01771613511902438
E1,0.1,0.3,2,6,0.9,0.25,0.6000000000000001,0.006193019263780278,0.0127922667943557,1.000000000000802,0.01781761517745149
E1,0.1,0.3,2,6,0.9,0.25,0.6000000000000001,0.0062254434484074,0.01285107806113495,1.000000000000807,0.01791911769121213
E1,0.1,0.3,2,6,0.9,0.25,0.6000000000000001,0.006257867633034522,0.0129098907092874,1.00000000000081,0.01802064229173574
E1,0.1,0.3,2,6,0.9,0.25,0.6000000000000001,0.006290291817661644,0.01296870470443581,1.000000000000814,0.01812218861463143
E1,0.1,0.3,2,6,0.9,0.25,0.6000000000000001,0.006322716002288766,0.01302752001146149,1.00000000000082,0.01822375629962243
E1,0.1,0.3,2,6,0.9,0.25,0.6000000000000001,0.006355140186915888,0.01308633659449858,1.000000000000823,0.0183253449904818
E1,0.1,0.3,2,6,0.9,0.25,0.6000000000000001,0.00638756437154301,0.01314515441692879,1.000000000000828,0.01842695433496947
E1,0.1,0.3,2,6,0.9,0.25,0.6000000000000001,0.006419988556170131,0.01320397344137631,1.000000000000832,0.01852858398477044
E1,0.1,0.3,2,6,0.9,0.25,0.6000000000000001,0.006452412740797254,0.01326279362970283,1.000000000000835,0.01863023359543431
E1,0.1,0.3,2,6,0.9,0.25,0.6000000000000001,0.006484836925424375,0.01332161494300255,1.000000000000839,0.01873190282631603
E1,0.1,0.3,2,6,0.9,0.25,0.6000000000000001,0.006517261110051497,0.01338043734159789,1.000000000000845,0.01883359134051764
E1,0.1,0.3,2,6,0.9,0.25,0.6000000000000001,0.006549685294678619,0.013439260785035,1.000000000000848,0.01893529880483136
E1,0.1,0.3,2,6,0.9,0.25,0.6000000000000001,0.006582109479305741,0.01349808523207936,1.000000000000852,0.01903702488968368
E1,0.1,0.3,2,6,0.9,0.25,0.6000000000000001,0.006614533663932863,0.01355691064071199,1.000000000000858,0.0191387692690806
E1,0.1,0.3,2,6,0.9,0.25,0.6000000000000001,0.006646957848559985,0.01361573696812553,1.000000000000861,0.01924053162055378
E1,0.1,0.3,2,6,0.9,0.25,0.6000000000000001,0.006679382033187107,0.01367456417072056,1.000000000000866,0.0193423116251079
E1,0.1,0.3,2,6,0.9,0.25,0.6000000000000001,0.006711806217814228,0.01373339220410221,1.00000000000087,0.01944410896716904
E1,0.1,0.3,2,6,0.9,0.25,0.6000000000000001,0.006744230402441351,0.01379222102307693,1.000000000000874,0.0195459233345339
E1,0.1,0.3,2,6,0.9,0.25,0.6000000000000001,0.006776654587068472,0.01385105058164941,1.000000000000878,0.01964775441832002
E1,0.1,0.3,2,6,0.9,0.25,0.6000000000000001,0.006809078771695594,0.01390988083301962,1.000000000000883,0.01974960191291707
E1,0.1,0.3,2,6,0.9,0.25,0.6000000000000001,0.006841502956322716,0.01396871172958033,1.000000000000886,0.01985146551593894
E1,0.1,0.3,2,6,0.9,0.25,0.6000000000000001,0.006873927140949838,0.0140275432229145,1.000000000000891,0.01995334492817678
E1,0.1,0.3,2,6,0.9,0.25,0.6000000000000001,0.00690635132557696,0.014086375263793,1.000000000000895,0.02005523985355288
E1,0.1,0.3,2,6,0.9,0.25,0.6000000000000001,0.006938775510204082,0.01414520780217261,1.000000000000899,0.02015714999907544
E1,0.1,0.3,2,6,0.9,0.25,0.6000000000000001,0.006971199694831204,0.014204040787194,1.000000000000904,0.02025907507479415
E1,0.1,0.3,2,6,0.9,0.25,0.6000000000000001,0.007003623879458325,0.01426287416718016,1.000000000000909,0.02036101479375668
E1,0.1,0.3,2,6,0.9,0.25,0.6000000000000001,0.007036048064085447,0.01432170788963481,1.000000000000911,0.02046296887196579
E1,0.1,0.3,2,6,0.9,0.25,0.6000000000000001,0.007068472248712569,0.01438054190124103,1.000000000000915,0.02056493702833749
E1,0.1,0.3,2,6,0.9,0.25,0.6000000000000001,0.007100896433339691,0.01443937614786022,1.00000000000092,0.02066691898465967
E1,0.1,0.3,2,6,0.9,0.25,0.6000000000000001,0.007133320617966813,0.01449821057453118,1.000000000000925,0.0207689144655517
E1,0.1,0.3,2,6,0.9,0.25,0.6000000000000001,0.007165744802593935,0.01455704512546925,1.000000000000929,0.02087092319842467
E1,0.1,0.3,2,6,0.9,0.25,0.6000000000000001,0.007198168987221056,0.01461587974406578,1.000000000000933,0.02097294491344235
E1,0.1,0.3,2,6,0.9,0.25,0.6000000000000001,0.007230593171848178,0.01467471437288785,1.000000000000937,0.02107497934348294
E1,0.1,0.3,2,6,0.9,0.25,0.6000000000000001,0.007263017356475301,0.01473354895367786,1.000000000000941,0.02117702622410128
E1,0.1,0.3,2,6,0.9,0.25,0.6000000000000001,0.007295441541102422,0.01479238342735377,1.000000000000946,0.02127908529349205
E1,0.1,0.3,2,6,0.9,0.25,0.6000000000000001,0.007327865725729544,0.01485121773400913,1.000000000000949,0.02138115629245333
E1,0.1,0.3,2,6,0.9,0.25,0.6000000000000001,0.007360289910356666,0.01491005181291334,1.000000000000954,0.02148323896435097
E1,0.1,0.3,2,6,0.9,0.25,0.6000000000000001,0.007392714094983788,0.01496888560251243,1.000000000000958,0.02158533305508355
E1,0.1,0.3,2,6,0.9,0.25,0.6000000000000001,0.007425138279610909,0.01502771904042952,1.000000000000961,0.02168743831304797
E1,0.1,0.3,2,6,0.9,0.25,0.6000000000000001,0.007457562464238032,0.01508655206346582,1.000000000000967,0.02178955448910561
E1,0.1,0.3,2,6,0.9,0.25,0.6000000000000001,0.007489986648865153,0.01514538460760174,1.000000000000971,0.02189168133654905
E1,0.1,0.3,2,6,0.9,0.25,0.6000000000000001,0.007522410833492275,0.01520421660799796,1.000000000000974,0.02199381861106945
E1,0.1,0.3,2,6,0.9,0.25,0.6000000000000001,0.007554835018119398,0.01526304799899694,1.000000000000979,0.02209596607072442
E1,0.1,0.3,2,6,0.9,0.25,0.6000000000000001,0.007587259202746519,0.01532187871412448,1.000000000000984,0.02219812347590654
E1,0.1,0.3,2,6,0.9,0.25,0.6000000000000001,0.007619683387373641,0.01538070868609146,1.000000000000987,0.02230029058931229
E1,0.1,0.3,2,6,0.9,0.25,0.6000000000000001,0.007652107572000763,0.01543953784679563,1.000000000000991,0.02240246717591155
E1,0.1,0.3,2,6,0.9,0.25,0.6000000000000001,0.007684531756627885,0.01549836612732378,1.000000000000996,0.02250465300291774
E1,0.1,0.3,2,6,0.9,0.25,0.6000000000000001,0.007716955941255006,0.01555719345795403,1.000000000001,0.02260684783975827
E1,0.1,0.3,2,6,0.9,0.25,0.6000000000000001,0.007749380125882129,0.01561601976815795,1.000000000001005,0.02270905145804562
E1,0.1,0.3,2,6,0.9,0.25,0.6000000000000001,0.00778180431050925,0.01567484498660335,1.000000000001009,0.02281126363154888
E1,0.1,0.3,2,6,0.9,0.25,0.6000000000000001,0.007814228495136372,0.01573366904115689,1.000000000001012,0.02291348413616577
E1,0.1,0.3,2,6,0.9,0.25,0.6000000000000001,0.007846652679763495,0.0157924918588868,1.000000000001017,0.02301571274989505
E1,0.1,0.3,2,6,0.9,0.25,0.6000000000000001,0.007879076864390617,0.01585131336606605,1.000000000001021,0.02311794925280956
E1,0.1,0.3,2,6,0.9,0.25,0.6000000000000001,0.007911501049017737,0.01591013348817533,1.000000000001025,0.02322019342702951
E1,0.1,0.3,2,6,0.9,0.25,0.6000000000000001,0.00794392523364486,0.01596895214990651,1.00000000000103,0.02332244505669635
E1,0.1,0.3,2,6,0.9,0.25,0.6000000000000001,0.007976349418271982,0.01602776927516588,1.000000000001034,0.02342470392794697
E1,0.1,0.3,2,6,0.9,0.25,0.6000000000000001,0.008008773602899104,0.01608658478707777,1.000000000001038,0.02352696982888843
E1,0.1,0.3,2,6,0.9,0.25,0.6000000000000001,0.008041197787526225,0.01614539860798828,1.000000000001042,0.023629242549573
E1,0.1,0.3,2,6,0.9,0.25,0.6000000000000001,0.008073621972153347,0.01620421065946913,1.000000000001046,0.02373152188197372
E1,0.1,0.3,2,6,0.9,0.25,0.6000000000000001,0.008106046156780469,0.01626302086232159,1.00000000000105,0.02383380761996018
E1,0.1,0.3,2,6,0.9,0.25,0.6000000000000001,0.008138470341407592,0.01632182913658048,1.000000000001054,0.0239360995592749
E1,0.1,0.3,2,6,0.9,0.25,0.6000000000000001,0.008170894526034714,0.01638063540151862,1.000000000001059,0.02403839749750998
E1,0.1,0.3,2,6,0.9,0.25,0.6000000000000001,0.008203318710661834,0.01643943957565103,1.000000000001063,0.02414070123408398
E1,0.1,0.3,2,6,0.9,0.25,0.6000000000000001,0.008235742895288957,0.01649824157673936,1.000000000001066,0.02424301057021955
E1,0.1,0.3,2,6,0.9,0.25,0.6000000000000001,0.008268167079916079,0.01655704132179654,1.000000000001071,0.02434532530892103
E1,0.1,0.3,2,6,0.9,0.25,0.6000000000000001,0.008300591264543201,0.0166158387270916,1.000000000001075,0.02444764525495262
E1,0.1,0.3,2,6,0.9,0.25,0.6000000000000001,0.008333015449170322,0.01667463370815427,1.000000000001081,0.02454997021481682
E1,0.1,0.3,2,6,0.9,0.25,0.6000000000000001,0.008365439633797444,0.01673342617978015,1.000000000001084,0.02465229999673324
E1,0.1,0.3,2,6,0.9,0.25,0.6000000000000001,0.008397863818424566,0.01679221605603557,1.000000000001088,0.02475463441061772
E1,0.1,0.3,2,6,0.9,0.25,0.6000000000000001,0.008430288003051688,0.01685100325026273,1.000000000001093,0.02485697326806178
E1,0.1,0.3,2,6,0.9,0.25,0.6000000000000001,0.008462712187678811,0.01690978767508525,1.000000000001096,0.02495931638231236
E1,0.1,0.3,2,6,0.9,0.25,0.6000000000000001,0.008495136372305931,0.01696856924241315,1.000000000001101,0.02506166356825208
E1,0.1,0.3,2,6,0.9,0.25,0.6000000000000001,0.008527560556933053,0.01702734786344858,1.000000000001105,0.02516401464237941
E1,0.1,0.3,2,6,0.9,0.25,0.6000000000000001,0.008559984741560176,0.01708612344869124,1.000000000001109,0.02526636942278947
E1,0.1,0.3,2,6,0.9,0.25,0.6000000000000001,0.008592408926187298,0.01714489590794413,1.000000000001113,0.02536872772915507
E1,0.1,0.3,2,6,0.9,0.25,0.6000000000000001,0.008624833110814419,0.01720366515031914,1.000000000001118,0.02547108938270792
E1,0.1,0.3,2,6,0.9,0.25,0.6000000000000001,0.008657257295441541,0.01726243108424309,1.000000000001122,0.02557345420622022
E1,0.1,0.3,2,6,0.9,0.25,0.6000000000000001,0.008689681480068663,0.01732119361746354,1.000000000001126,0.02567582202398659
E1,0.1,0.3,2,6,0.9,0.25,0.6000000000000001,0.008722105664695785,0.01737995265705478,1.00000000000113,0.02577819266180609
E1,0.1,0.3,2,6,0.9,0.25,0.6000000000000001,0.008754529849322906,0.01743870810942392,1.000000000001135,0.02588056594696467
E1,0.1,0.3,2,6,0.9,0.25,0.6000000000000001,0.008786954033950028,0.01749745988031717,1.000000000001139,0.02598294170821784
E1,0.1,0.3,2,6,0.9,0.25,0.6000000000000001,0.00881937821857715,0.01755620787482596,1.000000000001144,0.02608531977577358
E1,0.1,0.3,2,6,0.9,0.25,0.6000000000000001,0.008851802403204273,0.01761495199739335,1.000000000001147,0.02618769998127546
E1,0.1,0.3,2,6,0.9,0.25,0.6000000000000001,0.008884226587831395,0.01767369215182034,1.000000000001151,0.02629008215778622
E1,0.1,0.3,2,6,0.9,0.25,0.6000000000000001,0.008916650772458515,0.01773242824127236,1.000000000001155,0.0263924661397713
E1,0.1,0.3,2,6,0.9,0.25,0.6000000000000001,0.008949074957085638,0.01779116016828592,1.000000000001159,0.0264948517630828
E1,0.1,0.3,2,6,0.9,0.25,0.6000000000000001,0.00898149914171276,0.01784988783477503,1.000000000001163,0.02659723886494365
E1,0.1,0.3,2,6,0.9,0.25,0.6000000000000001,0.009013923326339882,0.01790861114203789,1.000000000001169,0.02669962728393199
E1,0.1,0.3,2,6,0.9,0.25,0.6000000000000001,0.009046347510967003,0.01796732999076392,1.000000000001172,0.02680201685996578
E1,0.1,0.3,2,6,0.9,0.25,0.6000000000000001,0.009078771695594125,0.01802604428104001,1.000000000001177,0.02690440743428766
E1,0.1,0.3,2,6,0.9,0.25,0.6000000000000001,0.009111195880221247,0.01808475391235784,1.000000000001181,0.02700679884944999
E1,0.1,0.3,2,6,0.9,0.25,0.6000000000000001,0.00914362006484837,0.01814345878362041,1.000000000001185,0.02710919094930011
E1,0.1,0.3,2,6,0.9,0.25,0.6000000000000001,0.009176044249475492,0.0182021587931493,1.000000000001189,0.02721158357896589
E1,0.1,0.3,2,6,0.9,0.25,0.6000000000000001,0.009208468434102612,0.01826085383869141,1.000000000001193,0.02731397658484133
E1,0.1,0.3,2,6,0.9,0.25,0.6000000000000001,0.009240892618729735,0.01831954381742612,1.000000000001196,0.02741636981457264
E1,0.1,0.3,2,6,0.9,0.25,0.6000000000000001,0.009273316803356857,0.01837822862597228,1.000000000001202,0.02751876311704411
E1,0.1,0.3,2,6,0.9,0.25,0.6000000000000001,0.009305740987983979,0.01843690816039562,1.000000000001206,0.02762115634236462
E1,0.1,0.3,2,6,0.9,0.25,0.6000000000000001,0.0093381651726111,0.01849558231621558,1.00000000000121,0.02772354934185407
E1,0.1,0.3,2,6,0.9,0.25,0.6000000000000001,0.009370589357238222,0.01855425098841266,1.000000000001214,0.02782594196803004
E1,0.1,0.3,2,6,0.9,0.25,0.6000000000000001,0.009403013541865344,0.01861291407143561,1.000000000001218,0.02792833407459468
E1,0.1,0.3,2,6,0.9,0.25,0.6000000000000001,0.009435437726492467,0.01867157145920883,1.000000000001223,0.02803072551642181
E1,0.1,0.3,2,6,0.9,0.25,0.6000000000000001,0.009467861911119589,0.01873022304513973,1.000000000001227,0.02813311614954413
E1,0.1,0.3,2,6,0.9,0.25,0.6000000000000001,0.009500286095746709,0.01878886872212569,1.000000000001231,0.02823550583114069
E1,0.1,0.3,2,6,0.9,0.25,0.6000000000000001,0.009532710280373832,0.01884750838256193,1.000000000001235,0.02833789441952446
E1,0.1,0.3,2,6,0.9,0.25,0.6000000000000001,0.009565134465000954,0.01890614191834854,1.000000000001239,0.02844028177413014
E1,0.1,0.3,2,6,0.9,0.25,0.6000000000000001,0.009597558649628076,0.01896476922089806,1.000000000001244,0.028542667755502
E1,0.1,0.3,2,6,0.9,0.25,0.6000000000000001,0.009629982834255197,0.01902339018114303,1.000000000001248,0.02864505222528212
E1,0.1,0.3,2,6,0.9,0.25,0.6000000000000001,0.009662407018882319,0.01908200468954324,1.000000000001251,0.02874743504619859
E1,0.1,0.3,2,6,0.9,0.25,0.6000000000000001,0.009694831203509441,0.01914061263609327,1.000000000001256,0.02884981608205399
E1,0.1,0.3,2,6,0.9,0.25,0.6000000000000001,0.009727255388136563,0.01919921391033016,1.00000000000126,0.02895219519771392
E1,0.1,0.3,2,6,0.9,0.25,0.6000000000000001,0.009759679572763686,0.01925780840134066,1.000000000001265,0.02905457225909579
E1,0.1,0.3,2,6,0.9,0.25,0.6000000000000001,0.009792103757390806,0.01931639599776907,1.000000000001269,0.02915694713315777
E1,0.1,0.3,2,6,0.9,0.25,0.6000000000000001,0.009824527942017929,0.01937497658782457,1.000000000001274,0.0292593196878878
E1,0.1,0.3,2,6,0.9,0.25,0.6000000000000001,0.009856952126645051,0.01943355005928879,1.000000000001277,0.02936168979229272
E1,0.1,0.3,2,6,0.9,0.25,0.6000000000000001,0.009889376311272173,0.01949211629952348,1.000000000001282,0.02946405731638774
E1,0.1,0.3,2,6,0.9,0.25,0.6000000000000001,0.009921800495899294,0.01955067519547805,1.000000000001285,0.02956642213118585
E1,0.1,0.3,2,6,0.9,0.25,0.6000000000000001,0.009954224680526416,0.01960922663369698,1.000000000001289,0.02966878410868751
E1,0.1,0.3,2,6,0.9,0.25,0.6000000000000001,0.009986648865153538,0.0196677705003277,1.000000000001294,0.02977114312187041
E1,0.1,0.3,2,6,0.9,0.25,0.6000000000000001,0.01,0.01969187457093242,1.000000000001295,0.02981329005973896
E2,0.3,0.3,2,2,0.7,0.5,0.4,0,0.001599999999999999,1,0
E2,0.3,0.3,2,2,0.7,0.5,0.4,3.242418462712188e-05,0.00164539474897139,0.9999999999999954,6.526958198680201e-05
E2,0.3,0.3,2,2,0.7,0.5,0.4,6.484836925424376e-05,0.001690791179836196,0.999999999999992,0.0001314113776565032
E2,0.3,0.3,2,2,0.7,0.5,0.4,9.727255388136563e-05,0.001736189292376299,0.9999999999999877,0.0001983902146183587
E2,0.3,0.3,2,2,0.7,0.5,0.4,0.0001296967385084875,0.001781589086373606,0.9999999999999845,0.0002661731792046118
E2,0.3,0.3,2,2,0.7,0.5,0.4,0.0001621209231356094,0.001826990561610052,0.9999999999999801,0.0003347294192767012
E2,0.3,0.3,2,2,0.7,0.5,0.4,0.0001945451077627313,0.001872393717867602,0.9999999999999761,0.0004040299685358096
E2,0.3,0.3,2,2,0.7,0.5,0.4,0.0002269692923898531,0.001917798554928246,0.9999999999999722,0.0004740475895512509
E2,0.3,0.3,2,2,0.7,0.5,0.4,0.000259393477016975,0.001963205072574007,0.9999999999999678,0.0005447566331353199
E2,0.3,0.3,2,2,0.7,0.5,0.4,0.0002918176616440969,0.00200861327058693,0.9999999999999645,0.0006161329120389107
E2,0.3,0.3,2,2,0.7,0.5,0.4,0.0003242418462712188,0.002054023148749091,0.999999999999961,0.0006881535872312273
E2,0.3,0.3,2,2,0.7,0.5,0.4,0.0003566660308983406,0.002099434706842601,0.9999999999999561,0.0007607970652695632
E2,0.3,0.3,2,2,0.7,0.5,0.4,0.0003890902155254625,0.002144847944649594,0.9999999999999524,0.0008340429054696104
E2,0.3,0.3,2,2,0.7,0.5,0.4,0.0004215144001525844,0.002190262861952221,0.9999999999999482,0.000907871735759725
E2,0.3,0.3,2,2,0.7,0.5,0.4,0.0004539385847797063,0.002235679458532684,0.9999999999999436,0.000982265176249405
E2,0.3,0.3,2,2,0.7,0.5,0.4,0.0004863627694068281,0.002281097734173193,0.9999999999999397,0.001057205769667302
E2,0.3,0.3,2,2,0.7,0.5,0.4,0.0005187869540339501,0.002326517688655997,0.9999999999999363,0.001132676917930923
E2,0.3,0.3,2,2,0.7,0.5,0.4,0.0005512111386610719,0.002371939321763369,0.9999999999999323,0.001208662824201837
E2,0.3,0.3,2,2,0.7,0.5,0.4,0.0005836353232881937,0.002417362633277609,0.9999999999999291,0.001285148439858912
E2,0.3,0.3,2,2,0.7,0.5,0.4,0.0006160595079153157,0.002462787622981065,0.9999999999999239,0.001362119415890073
E2,0.3,0.3,2,2,0.7,0.5,0.4,0.0006484836925424375,0.002508214290656072,0.9999999999999202,0.001439562058261769
E2,0.3,0.3,2,2,0.7,0.5,0.4,0.0006809078771695594,0.002553642636085035,0.999999999999917,0.001517463286876292
E2,0.3,0.3,2,2,0.7,0.5,0.4,0.0007133320617966813,0.002599072659050363,0.9999999999999126,0.001595810597771336
E2,0.3,0.3,2,2,0.7,0.5,0.4,0.0007457562464238032,0.002644504359334499,0.9999999999999093,0.00167459202825478
E2,0.3,0.3,2,2,0.7,0.5,0.4,0.000778180431050925,0.002689937736719918,0.999999999999905,0.00175379612470139
E2,0.3,0.3,2,2,0.7,0.5,0.4,0.0008106046156780469,0.002735372790989123,0.9999999999999007,0.001833411912767646
E2,0.3,0.3,2,2,0.7,0.5,0.4,0.0008430288003051688,0.002780809521924635,0.9999999999998973,0.001913428869806793
E2,0.3,0.3,2,2,0.7,0.5,0.4,0.0008754529849322907,0.002826247929309013,0.9999999999998929,0.001993836899289033
E2,0.3,0.3,2,2,0.7,0.5,0.4,0.0009078771695594126,0.002871688012924846,0.9999999999998899,0.002074626307051818
E2,0.3,0.3,2,2,0.7,0.5,0.4,0.0009403013541865344,0.002917129772554752,0.9999999999998842,0.002155787779222998
E2,0.3,0.3,2,2,0.7,0.5,0.4,0.0009727255388136563,0.002962573207981357,0.9999999999998805,0.00223731236167524
E2,0.3,0.3,2,2,0.7,0.5,0.4,0.001005149723440778,0.003008018318987339,0.9999999999998773,0.00231919144088403
E2,0.3,0.3,2,2,0.7,0.5,0.4,0.0010375739080679,0.003053465105355397,0.9999999999998732,0.002401416726074049
E2,0.3,0.3,2,2,0.7,0.5,0.4,0.001069998092695022,0.003098913566868258,0.9999999999998689,0.002483980232549596
E2,0.3,0.3,2,2,0.7,0.5,0.4,0.001102422277322144,0.003144363703308675,0.9999999999998646,0.002566874266114604
E2,0.3,0.3,2,2,0.7,0.5,0.4,0.001134846461949266,0.003189815514459418,0.999999999999861,0.002650091408496591
E2,0.3,0.3,2,2,0.7,0.5,0.4,0.001167270646576387,0.003235269000103314,0.9999999999998578,0.00273362450369666
E2,0.3,0.3,2,2,0.7,0.5,0.4,0.00119969483120351,0.003280724160023202,0.999999999999853,0.002817466645194731
E2,0.3,0.3,2,2,0.7,0.5,0.4,0.001232119015830631,0.003326180994001936,0.9999999999998491,0.00290161116394552
E2,0.3,0.3,2,2,0.7,0.5,0.4,0.001264543200457753,0.003371639501822419,0.9999999999998455,0.002986051617106353
E2,0.3,0.3,2,2,0.7,0.5,0.4,0.001296967385084875,0.003417099683267575,0.9999999999998418,0.003070781777443136
E2,0.3,0.3,2,2,0.7,0.5,0.4,0.001329391569711997,0.00346256153812035,0.9999999999998371,0.003155795623365266
E2,0.3,0.3,2,2,0.7,0.5,0.4,0.001361815754339119,0.003508025066163727,0.9999999999998334,0.00324108732954452
E2,0.3,0.3,2,2,0.7,0.5,0.4,0.001394239938966241,0.003553490267180714,0.9999999999998288,0.003326651258076673
E2,0.3,0.3,2,2,0.7,0.5,0.4,0.001426664123593363,0.003598957140954343,0.9999999999998248,0.003412481950147971
E2,0.3,0.3,2,2,0.7,0.5,0.4,0.001459088308220484,0.00364442568726768,0.9999999999998221,0.003498574118171715
E2,0.3,0.3,2,2,0.7,0.5,0.4,0.001491512492847606,0.003689895905903819,0.9999999999998183,0.003584922638362931
E2,0.3,0.3,2,2,0.7,0.5,0.4,0.001523936677474728,0.003735367796645878,0.9999999999998139,0.003671522543721743
E2,0.3,0.3,2,2,0.7,0.5,0.4,0.00155636086210185,0.003780841359277008,0.9999999999998096,0.003758369017398251
E2,0.3,0.3,2,2,0.7,0.5,0.4,0.001588785046728972,0.00382631659358037,0.9999999999998064,0.003845457386413928
E2,0.3,0.3,2,2,0.7,0.5,0.4,0.001621209231356094,0.003871793499339193,0.9999999999998019,0.003932783115716382
E2,0.3,0.3,2,2,0.7,0.5,0.4,0.001653633415983216,0.003917272076336679,0.9999999999997993,0.004020341802546151
E2,0.3,0.3,2,2,0.7,0.5,0.4,0.001686057600610338,0.003962752324356122,0.9999999999997949,0.004108129171095732
E2,0.3,0.3,2,2,0.7,0.5,0.4,0.001718481785237459,0.004008234243180774,0.9999999999997906,0.004196141067442559
E2,0.3,0.3,2,2,0.7,0.5,0.4,0.001750905969864581,0.004053717832593983,0.9999999999997859,0.004284373454738942
E2,0.3,0.3,2,2,0.7,0.5,0.4,0.001783330154491703,0.004099203092379066,0.9999999999997818,0.004372822408643247
E2,0.3,0.3,2,2,0.7,0.5,0.4,0.001815754339118825,0.004144690022319402,0.9999999999997788,0.004461484112977692
E2,0.3,0.3,2,2,0.7,0.5,0.4,0.001848178523745947,0.004190178622198395,0.9999999999997748,0.004550354855599169
E2,0.3,0.3,2,2,0.7,0.5,0.4,0.001880602708373069,0.004235668891799459,0.9999999999997697,0.004639431024470496
E2,0.3,0.3,2,2,0.7,0.5,0.4,0.001913026893000191,0.00428116083090603,0.9999999999997669,0.004728709103920301
E2,0.3,0.3,2,2,0.7,0.5,0.4,0.001945451077627313,0.004326654439301613,0.9999999999997623,0.004818185671080609
E2,0.3,0.3,2,2,0.7,0.5,0.4,0.001977875262254434,0.004372149716769685,0.9999999999997593,0.004907857392491953
E2,0.3,0.3,2,2,0.7,0.5,0.4,0.002010299446881556,0.004417646663093781,0.9999999999997548,0.004997721020866431
E2,0.3,0.3,2,2,0.7,0.5,0.4,0.002042723631508678,0.00446314527805745,0.9999999999997509,0.005087773391999869
E2,0.3,0.3,2,2,0.7,0.5,0.4,0.0020751478161358,0.00450864556144425,0.9999999999997465,0.005178011421824762
E2,0.3,0.3,2,2,0.7,0.5,0.4,0.002107572000762922,0.004554147513037772,0.999999999999743,0.005268432103596241
E2,0.3,0.3,2,2,0.7,0.5,0.4,0.002139996185390044,0.004599651132621645,0.9999999999997388,0.005359032505203802
E2,0.3,0.3,2,2,0.7,0.5,0.4,0.002172420370017166,0.004645156419979477,0.9999999999997342,0.005449809766601975
E2,0.3,0.3,2,2,0.7,0.5,0.4,0.002204844554644288,0.004690663374894898,0.9999999999997313,0.005540761097353609
E2,0.3,0.3,2,2,0.7,0.5,0.4,0.002237268739271409,0.004736171997151587,0.9999999999997277,0.005631883774279788
E2,0.3,0.3,2,2,0.7,0.5,0.4,0.002269692923898531,0.004781682286533196,0.9999999999997229,0.00572317513921073
E2,0.3,0.3,2,2,0.7,0.5,0.4,0.002302117108525653,0.004827194242823373,0.9999999999997196,0.005814632596832489
E2,0.3,0.3,2,2,0.7,0.5,0.4,0.002334541293152775,0.004872707865805796,0.9999999999997148,0.005906253612624469
E2,0.3,0.3,2,2,0.7,0.5,0.4,0.002366965477779897,0.00491822315526412,0.9999999999997119,0.005998035710883135
E2,0.3,0.3,2,2,0.7,0.5,0.4,0.002399389662407019,0.004963740110981987,0.9999999999997063,0.006089976472827586
E2,0.3,0.3,2,2,0.7,0.5,0.4,0.002431813847034141,0.005009258732743007,0.999999999999702,0.006182073534782799
E2,0.3,0.3,2,2,0.7,0.5,0.4,0.002464238031661263,0.005054779020330782,0.999999999999699,0.006274324586436811
E2,0.3,0.3,2,2,0.7,0.5,0.4,0.002496662216288385,0.005100300973528872,0.9999999999996946,0.006366727369168075
E2,0.3,0.3,2,2,0.7,0.5,0.4,0.002529086400915506,0.00514582459212077,0.9999999999996909,0.006459279674439658
E2,0.3,0.3,2,2,0.7,0.5,0.4,0.002561510585542628,0.005191349875889911,0.9999999999996877,0.006551979342257
E2,0.3,0.3,2,2,0.7,0.5,0.4,0.00259393477016975,0.005236876824619659,0.9999999999996833,0.006644824259686185
E2,0.3,0.3,2,2,0.7,0.5,0.4,0.002626358954796872,0.005282405438093264,0.9999999999996796,0.006737812359429894
E2,0.3,0.3,2,2,0.7,0.5,0.4,0.002658783139423994,0.005327935716093871,0.9999999999996748,0.006830941618458245
E2,0.3,0.3,2,2,0.7,0.5,0.4,0.002691207324051116,0.005373467658404481,0.9999999999996718,0.006924210056692021
E2,0.3,0.3,2,2,0.7,0.5,0.4,0.002723631508678238,0.00541900126480792,0.9999999999996669,0.00701761573573586
E2,0.3,0.3,2,2,0.7,0.5,0.4,0.00275605569330536,0.005464536535086839,0.9999999999996632,0.007111156757659011
E2,0.3,0.3,2,2,0.7,0.5,0.4,0.002788479877932481,0.005510073469023653,0.9999999999996582,0.00720483126382165
E2,0.3,0.3,2,2,0.7,0.5,0.4,0.002820904062559603,0.005555612066400505,0.9999999999996554,0.007298637433744554
E2,0.3,0.3,2,2,0.7,0.5,0.4,0.002853328247186725,0.005601152326999261,0.9999999999996514,0.00739257348402025
E2,0.3,0.3,2,2,0.7,0.5,0.4,0.002885752431813847,0.005646694250601401,0.9999999999996472,0.007486637667263817
E2,0.3,0.3,2,2,0.7,0.5,0.4,0.002918176616440969,0.005692237836988077,0.9999999999996434,0.007580828271101535
E2,0.3,0.3,2,2,0.7,0.5,0.4,0.002950600801068091,0.005737783085939903,0.9999999999996384,0.007675143617195784
E2,0.3,0.3,2,2,0.7,0.5,0.4,0.002983024985695213,0.005783329997237046,0.9999999999996352,0.007769582060304551
E2,0.3,0.3,2,2,0.7,0.5,0.4,0.003015449170322335,0.005828878570659062,0.9999999999996314,0.007864141987374108
E2,0.3,0.3,2,2,0.7,0.5,0.4,0.003047873354949457,0.005874428805984874,0.9999999999996281,0.007958821816663457
E2,0.3,0.3,2,2,0.7,0.5,0.4,0.003080297539576578,0.005919980702992665,0.9999999999996239,0.008053619996899122
E2,0.3,0.3,2,2,0.7,0.5,0.4,0.0031127217242037,0.005965534261459786,0.9999999999996195,0.008148535006459061
E2,0.3,0.3,2,2,0.7,0.5,0.4,0.003145145908830822,0.006011089481162664,0.9999999999996158,0.008243565352584505
E2,0.3,0.3,2,2,0.7,0.5,0.4,0.003177570093457944,0.00605664636187674,0.9999999999996121,0.008338709570618491
E2,0.3,0.3,2,2,0.7,0.5,0.4,0.003209994278085066,0.006102204903376253,0.9999999999996073,0.008433966223270065
E2,0.3,0.3,2,2,0.7,0.5,0.4,0.003242418462712188,0.006147765105434221,0.9999999999996039,0.008529333899903071
E2,0.3,0.3,2,2,0.7,0.5,0.4,0.003274842647339309,0.006193326967822228,0.9999999999995993,0.008624811215848521
E2,0.3,0.3,2,2,0.7,0.5,0.4,0.003307266831966432,0.006238890490310326,0.9999999999995951,0.00872039681173963
E2,0.3,0.3,2,2,0.7,0.5,0.4,0.003339691016593553,0.00628445567266682,0.9999999999995917,0.008816089352868567
E2,0.3,0.3,2,2,0.7,0.5,0.4,0.003372115201220675,0.006330022514658183,0.9999999999995882,0.008911887528564122
E2,0.3,0.3,2,2,0.7,0.5,0.4,0.003404539385847797,0.006375591016048753,0.9999999999995843,0.00900779005158937
E2,0.3,0.3,2,2,0.7,0.5,0.4,0.003436963570474919,0.006421161176600636,0.9999999999995804,0.00910379565755866
E2,0.3,0.3,2,2,0.7,0.5,0.4,0.003469387755102041,0.006466732996073429,0.9999999999995762,0.009199903104373106
E2,0.3,0.3,2,2,0.7,0.5,0.4,0.003501811939729163,0.006512306474224001,0.9999999999995725,0.009296111171673883
E2,0.3,0.3,2,2,0.7,0.5,0.4,0.003534236124356284,0.006557881610806254,0.999999999999568,0.00939241866031267
E2,0.3,0.3,2,2,0.7,0.5,0.4,0.003566660308983406,0.006603458405570876,0.999999999999564,0.00948882439183852
E2,0.3,0.3,2,2,0.7,0.5,0.4,0.003599084493610528,0.006649036858264979,0.99999999999956,0.009585327208000635
E2,0.3,0.3,2,2,0.7,0.5,0.4,0.00363150867823765,0.006694616968631908,0.9999999999995565,0.009681925970266387
E2,0.3,0.3,2,2,0.7,0.5,0.4,0.003663932862864772,0.00674019873641082,0.999999999999552,0.009778619559354032
E2,0.3,0.3,2,2,0.7,0.5,0.4,0.003696357047491894,0.0067857821613364,0.9999999999995486,0.009875406874779526
E2,0.3,0.3,2,2,0.7,0.5,0.4,0.003728781232119016,0.006831367243138479,0.9999999999995446,0.009972286834417048
E2,0.3,0.3,2,2,0.7,0.5,0.4,0.003761205416746138,0.006876953981541642,0.9999999999995401,0.01006925837407258
E2,0.3,0.3,2,2,0.7,0.5,0.4,0.00379362960137326,0.006922542376264818,0.9999999999995366,0.01016632044707017
E2,0.3,0.3,2,2,0.7,0.5,0.4,0.003826053786000381,0.006968132427020872,0.999999999999532,0.01026347202385041
E2,0.3,0.3,2,2,0.7,0.5,0.4,0.003858477970627503,0.007013724133516101,0.9999999999995282,0.01036071209158065
E2,0.3,0.3,2,2,0.7,0.5,0.4,0.003890902155254625,0.007059317495449802,0.9999999999995242,0.01045803965377656
E2,0.3,0.3,2,2,0.7,0.5,0.4,0.003923326339881747,0.007104912512513707,0.9999999999995204,0.01055545372993461
E2,0.3,0.3,2,2,0.7,0.5,0.4,0.003955750524508869,0.007150509184391519,0.9999999999995159,0.01065295335517519
E2,0.3,0.3,2,2,0.7,0.5,0.4,0.003988174709135991,0.007196107510758257,0.9999999999995125,0.01075053757989577
E2,0.3,0.3,2,2,0.7,0.5,0.4,0.004020598893763112,0.007241707491279776,0.9999999999995086,0.0108482054694341
E2,0.3,0.3,2,2,0.7,0.5,0.4,0.004053023078390235,0.007287309125612007,0.9999999999995034,0.01094595610374067
E2,0.3,0.3,2,2,0.7,0.5,0.4,0.004085447263017357,0.007332912413400425,0.9999999999995003,0.0110437885770606
E2,0.3,0.3,2,2,0.7,0.5,0.4,0.004117871447644478,0.007378517354279334,0.9999999999994956,0.01114170199762411
E2,0.3,0.3,2,2,0.7,0.5,0.4,0.004150295632271601,0.007424123947871098,0.9999999999994927,0.01123969548734581
E2,0.3,0.3,2,2,0.7,0.5,0.4,0.004182719816898722,0.007469732193785496,0.9999999999994881,0.01133776818153209
E2,0.3,0.3,2,2,0.7,0.5,0.4,0.004215144001525844,0.007515342091618814,0.999999999999485,0.01143591922859659
E2,0.3,0.3,2,2,0.7,0.5,0.4,0.004247568186152966,0.007560953640953151,0.999999999999481,0.01153414778978332
E2,0.3,0.3,2,2,0.7,0.5,0.4,0.004279992370780088,0.007606566841355519,0.9999999999994772,0.01163245303889738
E2,0.3,0.3,2,2,0.7,0.5,0.4,0.004312416555407209,0.007652181692376974,0.999999999999473,0.0117308341620428
E2,0.3,0.3,2,2,0.7,0.5,0.4,0.004344840740034332,0.007697798193551673,0.9999999999994685,0.01182929035736741
E2,0.3,0.3,2,2,0.7,0.5,0.4,0.004377264924661453,0.007743416344395951,0.9999999999994644,0.01192782083481448
E2,0.3,0.3,2,2,0.7,0.5,0.4,0.004409689109288575,0.007789036144407339,0.9999999999994612,0.01202642481588093
E2,0.3,0.3,2,2,0.7,0.5,0.4,0.004442113293915697,0.007834657593063525,0.9999999999994562,0.01212510153338184
E2,0.3,0.3,2,2,0.7,0.5,0.4,0.004474537478542819,0.007880280689821295,0.999999999999453,0.0122238502312211
E2,0.3,0.3,2,2,0.7,0.5,0.4,0.004506961663169941,0.007925905434115406,0.9999999999994483,0.01232267016416808
E2,0.3,0.3,2,2,0.7,0.5,0.4,0.004539385847797063,0.007971531825357512,0.9999999999994459,0.01242156059763991
E2,0.3,0.3,2,2,0.7,0.5,0.4,0.004571810032424185,0.008017159862934968,0.9999999999994403,0.0125205208074895
E2,0.3,0.3,2,2,0.7,0.5,0.4,0.004604234217051306,0.008062789546209483,0.9999999999994376,0.01261955007979881
E2,0.3,0.3,2,2,0.7,0.5,0.4,0.004636658401678428,0.008108420874516182,0.9999999999994331,0.01271864771067748
E2,0.3,0.3,2,2,0.7,0.5,0.4,0.00466908258630555,0.008154053847161958,0.9999999999994288,0.01281781300606646
E2,0.3,0.3,2,2,0.7,0.5,0.4,0.004701506770932672,0.008199688463424342,0.9999999999994255,0.0129170452815466
E2,0.3,0.3,2,2,0.7,0.5,0.4,0.004733930955559794,0.008245324722550131,0.9999999999994207,0.01301634386215192
E2,0.3,0.3,2,2,0.7,0.5,0.4,0.004766355140186916,0.008290962623753862,0.9999999999994172,0.01311570808218767
E2,0.3,0.3,2,2,0.7,0.5,0.4,0.004798779324814038,0.008336602166216549,0.9999999999994129,0.0132151372850527
E2,0.3,0.3,2,2,0.7,0.5,0.4,0.004831203509441159,0.008382243349083968,0.9999999999994099,0.01331463082306626
E2,0.3,0.3,2,2,0.7,0.5,0.4,0.004863627694068282,0.008427886171465324,0.9999999999994064,0.01341418805729908
E2,0.3,0.3,2,2,0.7,0.5,0.4,0.004896051878695403,0.008473530632431583,0.9999999999994008,0.01351380835740842
E2,0.3,0.3,2,2,0.7,0.5,0.4,0.004928476063322525,0.008519176731013838,0.9999999999993966,0.01361349110147718
E2,0.3,0.3,2,2,0.7,0.5,0.4,0.004960900247949647,0.008564824466201767,0.9999999999993935,0.01371323567585683
E2,0.3,0.3,2,2,0.7,0.5,0.4,0.004993324432576769,0.008610473836941822,0.9999999999993905,0.01381304147501415
E2,0.3,0.3,2,2,0.7,0.5,0.4,0.005025748617203891,0.008656124842135671,0.9999999999993847,0.0139129079013815
E2,0.3,0.3,2,2,0.7,0.5,0.4,0.005058172801831013,0.008701777480638186,0.9999999999993816,0.01401283436521071
E2,0.3,0.3,2,2,0.7,0.5,0.4,0.005090596986458135,0.008747431751255903,0.9999999999993781,0.01411282028443039
E2,0.3,0.3,2,2,0.7,0.5,0.4,0.005123021171085256,0.008793087652744995,0.9999999999993739,0.01421286508450652
E2,0.3,0.3,2,2,0.7,0.5,0.4,0.005155445355712379,0.008838745183809475,0.9999999999993707,0.01431296819830635
E2,0.3,0.3,2,2,0.7,0.5,0.4,0.0051878695403395,0.008884404343099301,0.9999999999993664,0.01441312906596541
E2,0.3,0.3,2,2,0.7,0.5,0.4,0.005220293724966622,0.008930065129208273,0.9999999999993618,0.01451334713475751
E2,0.3,0.3,2,2,0.7,0.5,0.4,0.005252717909593744,0.008975727540672277,0.9999999999993571,0.01461362185896791
E2,0.3,0.3,2,2,0.7,0.5,0.4,0.005285142094220866,0.009021391575967019,0.9999999999993532,0.01471395269976914
E2,0.3,0.3,2,2,0.7,0.5,0.4,0.005317566278847987,0.009067057233506102,0.9999999999993502,0.01481433912509981
E2,0.3,0.3,2,2,0.7,0.5,0.4,0.00534999046347511,0.009112724511638965,0.9999999999993459,0.01491478060954603
E2,0.3,0.3,2,2,0.7,0.5,0.4,0.005382414648102232,0.009158393408648621,0.9999999999993417,0.01501527663422563
E2,0.3,0.3,2,2,0.7,0.5,0.4,0.005414838832729353,0.009204063922749566,0.999999999999338,0.01511582668667476
E2,0.3,0.3,2,2,0.7,0.5,0.4,0.005447263017356476,0.009249736052085586,0.9999999999993333,0.01521643026073728
E2,0.3,0.3,2,2,0.7,0.5,0.4,0.005479687201983597,0.009295409794727425,0.9999999999993294,0.01531708685645627
E2,0.3,0.3,2,2,0.7,0.5,0.4,0.005512111386610719,0.009341085148670696,0.999999999999326,0.0154177959799682
E2,0.3,0.3,2,2,0.7,0.5,0.4,0.005544535571237841,0.009386762111833464,0.999999999999322,0.01551855714339932
E2,0.3,0.3,2,2,0.7,0.5,0.4,0.005576959755864963,0.009432440682053881,0.999999999999318,0.01561936986476425
E2,0.3,0.3,2,2,0.7,0.5,0.4,0.005609383940492084,0.009478120857088001,0.9999999999993138,0.01572023366786682
E2,0.3,0.3,2,2,0.7,0.5,0.4,0.005641808125119207,0.009523802634607198,0.99999999999931,0.01582114808220305
E2,0.3,0.3,2,2,0.7,0.5,0.4,0.005674232309746329,0.00956948601219589,0.9999999999993051,0.01592211264286617
E2,0.3,0.3,2,2,0.7,0.5,0.4,0.00570665649437345,0.00961517098734903,0.9999999999993018,0.01602312689045381
E2,0.3,0.3,2,2,0.7,0.5,0.4,0.005739080679000572,0.009660857557469654,0.9999999999992987,0.01612419037097692
E2,0.3,0.3,2,2,0.7,0.5,0.4,0.005771504863627694,0.009706545719866531,0.9999999999992942,0.01622530263577084
E2,0.3,0.3,2,2,0.7,0.5,0.4,0.005803929048254816,0.009752235471751289,0.9999999999992893,0.01632646324140812
E2,0.3,0.3,2,2,0.7,0.5,0.4,0.005836353232881938,0.009797926810236333,0.9999999999992865,0.01642767174961322
E2,0.3,0.3,2,2,0.7,0.5,0.4,0.00586877741750906,0.009843619732331922,0.9999999999992824,0.01652892772717898
E2,0.3,0.3,2,2,0.7,0.5,0.4,0.005901201602136181,0.009889314234943793,0.999999999999278,0.01663023074588478
E2,0.3,0.3,2,2,0.7,0.5,0.4,0.005933625786763303,0.009935010314870448,0.999999999999274,0.01673158038241645
E2,0.3,0.3,2,2,0.7,0.5,0.4,0.005966049971390426,0.009980707968800615,0.9999999999992701,0.01683297621828779
E2,0.3,0.3,2,2,0.7,0.5,0.4,0.005998474156017547,0.01002640719331058,0.9999999999992659,0.01693441783976375
E2,0.3,0.3,2,2,0.7,0.5,0.4,0.006030898340644669,0.0100721079848615,0.9999999999992616,0.01703590483778512
E2,0.3,0.3,2,2,0.7,0.5,0.4,0.006063322525271791,0.01011781033979677,0.9999999999992576,0.01713743680789478
E2,0.3,0.3,2,2,0.7,0.5,0.4,0.006095746709898913,0.01016351425433929,0.9999999999992547,0.01723901335016539
E2,0.3,0.3,2,2,0.7,0.5,0.4,0.006128170894526034,0.01020921972458891,0.9999999999992496,0.01734063406912863
E2,0.3,0.3,2,2,0.7,0.5,0.4,0.006160595079153157,0.01025492674651947,0.9999999999992459,0.01744229857370573
E2,0.3,0.3,2,2,0.7,0.5,0.4,0.006193019263780278,0.0103006353159763,0.9999999999992422,0.01754400647713955
E2,0.3,0.3,2,2,0.7,0.5,0.4,0.0062254434484074,0.01034634542867335,0.9999999999992386,0.01764575739692783
E2,0.3,0.3,2,2,0.7,0.5,0.4,0.006257867633034522,0.01039205708019054,0.9999999999992339,0.01774755095475787
E2,0.3,0.3,2,2,0.7,0.5,0.4,0.006290291817661644,0.0104377702659709,0.9999999999992311,0.01784938677644249
E2,0.3,0.3,2,2,0.7,0.5,0.4,0.006322716002288766,0.01048348498131796,0.9999999999992263,0.01795126449185718
E2,0.3,0.3,2,2,0.7,0.5,0.4,0.006355140186915888,0.01052920122139277,0.9999999999992224,0.01805318373487857
E2,0.3,0.3,2,2,0.7,0.5,0.4,0.00638756437154301,0.01057491898121141,0.9999999999992187,0.018155144143324
E2,0.3,0.3,2,2,0.7,0.5,0.4,0.006419988556170131,0.01062063825564196,0.9999999999992147,0.01825714535889234
E2,0.3,0.3,2,2,0.7,0.5,0.4,0.006452412740797254,0.01066635903940186,0.9999999999992104,0.01835918702710585
E2,0.3,0.3,2,2,0.7,0.5,0.4,0.006484836925424375,0.01071208132705506,0.9999999999992064,0.01846126879725329
E2,0.3,0.3,2,2,0.7,0.5,0.4,0.006517261110051497,0.01075780511300937,0.9999999999992024,0.01856339032233397
E2,0.3,0.3,2,2,0.7,0.5,0.4,0.006549685294678619,0.01080353039151355,0.9999999999991975,0.01866555125900303
E2,0.3,0.3,2,2,0.7,0.5,0.4,0.006582109479305741,0.01084925715665452,0.9999999999991943,0.01876775126751756
E2,0.3,0.3,2,2,0.7,0.5,0.4,0.006614533663932863,0.01089498540235475,0.9999999999991908,0.0188699900116839
E2,0.3,0.3,2,2,0.7,0.5,0.4,0.006646957848559985,0.01094071512236936,0.999999999999187,0.01897226715880583
E2,0.3,0.3,2,2,0.7,0.5,0.4,0.006679382033187107,0.0109864463102834,0.9999999999991823,0.01907458237963378
E2,0.3,0.3,2,2,0.7,0.5,0.4,0.006711806217814228,0.01103217895950903,0.9999999999991784,0.019176935348315
E2,0.3,0.3,2,2,0.7,0.5,0.4,0.006744230402441351,0.01107791306328292,0.9999999999991745,0.01927932574234458
E2,0.3,0.3,2,2,0.7,0.5,0.4,0.006776654587068472,0.01112364861466337,0.9999999999991711,0.0193817532425174
E2,0.3,0.3,2,2,0.7,0.5,0.4,0.006809078771695594,0.01116938560652763,0.9999999999991661,0.01948421753288107
E2,0.3,0.3,2,2,0.7,0.5,0.4,0.006841502956322716,0.01121512403156918,0.9999999999991627,0.01958671830068956
E2,0.3,0.3,2,2,0.7,0.5,0.4,0.006873927140949838,0.01126086388229505,0.9999999999991582,0.01968925523635776
E2,0.3,0.3,2,2,0.7,0.5,0.4,0.00690635132557696,0.0113066051510231,0.9999999999991551,0.01979182803341696
E2,0.3,0.3,2,2,0.7,0.5,0.4,0.006938775510204082,0.01135234782987935,0.9999999999991512,0.0198944363884709
E2,0.3,0.3,2,2,0.7,0.5,0.4,0.006971199694831204,0.0113980919107953,0.9999999999991463,0.0199970800011529
E2,0.3,0.3,2,2,0.7,0.5,0.4,0.007003623879458325,0.01144383738550528,0.9999999999991425,0.02009975857408344
E2,0.3,0.3,2,2,0.7,0.5,0.4,0.007036048064085447,0.01148958424554386,0.9999999999991389,0.02020247181282883
E2,0.3,0.3,2,2,0.7,0.5,0.4,0.007068472248712569,0.01153533248224319,0.9999999999991347,0.02030521942586039
E2,0.3,0.3,2,2,0.7,0.5,0.4,0.007100896433339691,0.01158108208673043,0.9999999999991309,0.02040800112451439
E2,0.3,0.3,2,2,0.7,0.5,0.4,0.007133320617966813,0.01162683304992519,0.9999999999991267,0.02051081662295276
E2,0.3,0.3,2,2,0.7,0.5,0.4,0.007165744802593935,0.01167258536253691,0.9999999999991224,0.02061366563812445
E2,0.3,0.3,2,2,0.7,0.5,0.4,0.007198168987221056,0.01171833901506238,0.999999999999118,0.02071654788972749
E2,0.3,0.3,2,2,0.7,0.5,0.4,0.007230593171848178,0.01176409399778324,0.9999999999991147,0.02081946310017166
E2,0.3,0.3,2,2,0.7,0.5,0.4,0.007263017356475301,0.01180985030076353,0.9999999999991106,0.02092241099454192
E2,0.3,0.3,2,2,0.7,0.5,0.4,0.007295441541102422,0.01185560791384709,0.9999999999991062,0.02102539130056227
E2,0.3,0.3,2,2,0.7,0.5,0.4,0.007327865725729544,0.01190136682665522,0.9999999999991029,0.02112840374856051
E2,0.3,0.3,2,2,0.7,0.5,0.4,0.007360289910356666,0.01194712702858432,0.9999999999990988,0.02123144807143336
E2,0.3,0.3,2,2,0.7,0.5,0.4,0.007392714094983788,0.01199288850880339,0.9999999999990945,0.02133452400461234
E2,0.3,0.3,2,2,0.7,0.5,0.4,0.007425138279610909,0.01203865125625171,0.9999999999990909,0.02143763128603011
E2,0.3,0.3,2,2,0.7,0.5,0.4,0.007457562464238032,0.01208441525963665,0.9999999999990868,0.0215407696560875
E2,0.3,0.3,2,2,0.7,0.5,0.4,0.007489986648865153,0.01213018050743114,0.9999999999990821,0.02164393885762098
E2,0.3,0.3,2,2,0.7,0.5,0.4,0.007522410833492275,0.01217594698787146,0.9999999999990788,0.02174713863587078
E2,0.3,0.3,2,2,0.7,0.5,0.4,0.007554835018119398,0.01222171468895526,0.9999999999990752,0.0218503687384495
E2,0.3,0.3,2,2,0.7,0.5,0.4,0.007587259202746519,0.01226748359843894,0.9999999999990705,0.02195362891531122
E2,0.3,0.3,2,2,0.7,0.5,0.4,0.007619683387373641,0.01231325370383583,0.9999999999990663,0.02205691891872119
E2,0.3,0.3,2,2,0.7,0.5,0.4,0.007652107572000763,0.01235902499241385,0.9999999999990634,0.02216023850322597
E2,0.3,0.3,2,2,0.7,0.5,0.4,0.007684531756627885,0.0124047974511934,0.9999999999990585,0.02226358742562409
E2,0.3,0.3,2,2,0.7,0.5,0.4,0.007716955941255006,0.01245057106694542,0.9999999999990549,0.02236696544493719
E2,0.3,0.3,2,2,0.7,0.5,0.4,0.007749380125882129,0.01249634582618922,0.9999999999990514,0.02247037232238155
E2,0.3,0.3,2,2,0.7,0.5,0.4,0.00778180431050925,0.01254212171519052,0.9999999999990474,0.02257380782134035
E2,0.3,0.3,2,2,0.7,0.5,0.4,0.007814228495136372,0.01258789871995953,0.9999999999990419,0.02267727170733599
E2,0.3,0.3,2,2,0.7,0.5,0.4,0.007846652679763495,0.01263367682624888,0.9999999999990388,0.02278076374800325
E2,0.3,0.3,2,2,0.7,0.5,0.4,0.007879076864390617,0.01267945601955185,0.9999999999990348,0.02288428371306255
E2,0.3,0.3,2,2,0.7,0.5,0.4,0.007911501049017737,0.01272523628510048,0.9999999999990314,0.02298783137429393
E2,0.3,0.3,2,2,0.7,0.5,0.4,0.00794392523364486,0.01277101760786371,0.9999999999990266,0.0230914065055112
E2,0.3,0.3,2,2,0.7,0.5,0.4,0.007976349418271982,0.01281679997254562,0.999999999999024,0.02319500888253671
E2,0.3,0.3,2,2,0.7,0.5,0.4,0.008008773602899104,0.01286258336358371,0.9999999999990192,0.02329863828317635
E2,0.3,0.3,2,2,0.7,0.5,0.4,0.008041197787526225,0.01290836776514709,0.9999999999990155,0.02340229448719511
E2,0.3,0.3,2,2,0.7,0.5,0.4,0.008073621972153347,0.01295415316113494,0.9999999999990118,0.02350597727629291
E2,0.3,0.3,2,2,0.7,0.5,0.4,0.008106046156780469,0.01299993953517484,0.999999999999007,0.02360968643408082
E2,0.3,0.3,2,2,0.7,0.5,0.4,0.008138470341407592,0.01304572687062108,0.999999999999003,0.02371342174605772
E2,0.3,0.3,2,2,0.7,0.5,0.4,0.008170894526034714,0.01309151515055327,0.999999999998999,0.02381718299958728
E2,0.3,0.3,2,2,0.7,0.5,0.4,0.008203318710661834,0.01313730435777469,0.999999999998995,0.02392096998387534
E2,0.3,0.3,2,2,0.7,0.5,0.4,0.008235742895288957,0.01318309447481099,0.9999999999989911,0.0240247824899475
E2,0.3,0.3,2,2,0.7,0.5,0.4,0.008268167079916079,0.01322888548390844,0.9999999999989887,0.02412862031062735
E2,0.3,0.3,2,2,0.7,0.5,0.4,0.008300591264543201,0.01327467736703311,0.9999999999989837,0.02423248324051468
E2,0.3,0.3,2,2,0.7,0.5,0.4,0.008333015449170322,0.01332047010586881,0.9999999999989803,0.0243363710759643
E2,0.3,0.3,2,2,0.7,0.5,0.4,0.008365439633797444,0.01336626368181639,0.9999999999989758,0.02444028361506506
E2,0.3,0.3,2,2,0.7,0.5,0.4,0.008397863818424566,0.01341205807599218,0.999999999998972,0.02454422065761924
E2,0.3,0.3,2,2,0.7,0.5,0.4,0.008430288003051688,0.01345785326922681,0.9999999999989678,0.02464818200512221
E2,0.3,0.3,2,2,0.7,0.5,0.4,0.008462712187678811,0.0135036492420641,0.9999999999989636,0.02475216746074243
E2,0.3,0.3,2,2,0.7,0.5,0.4,0.008495136372305931,0.01354944597475984,0.9999999999989593,0.02485617682930174
E2,0.3,0.3,2,2,0.7,0.5,0.4,0.008527560556933053,0.01359524344728081,0.9999999999989554,0.02496020991725596
E2,0.3,0.3,2,2,0.7,0.5,0.4,0.008559984741560176,0.01364104163930357,0.9999999999989506,0.02506426653267578
E2,0.3,0.3,2,2,0.7,0.5,0.4,0.008592408926187298,0.01368684053021364,0.9999999999989484,0.02516834648522798
E2,0.3,0.3,2,2,0.7,0.5,0.4,0.008624833110814419,0.01373264009910445,0.9999999999989431,0.02527244958615672
E2,0.3,0.3,2,2,0.7,0.5,0.4,0.008657257295441541,0.01377844032477636,0.9999999999989396,0.0253765756482655
E2,0.3,0.3,2,2,0.7,0.5,0.4,0.008689681480068663,0.01382424118573584,0.9999999999989356,0.02548072448589897
E2,0.3,0.3,2,2,0.7,0.5,0.4,0.008722105664695785,0.01387004266019472,0.9999999999989307,0.02558489591492531
E2,0.3,0.3,2,2,0.7,0.5,0.4,0.008754529849322906,0.01391584472606921,0.9999999999989274,0.02568908975271874
E2,0.3,0.3,2,2,0.7,0.5,0.4,0.008786954033950028,0.01396164736097932,0.9999999999989241,0.02579330581814225
E2,0.3,0.3,2,2,0.7,0.5,0.4,0.00881937821857715,0.01400745054224811,0.9999999999989188,0.02589754393153073
E2,0.3,0.3,2,2,0.7,0.5,0.4,0.008851802403204273,0.01405325424690093,0.9999999999989162,0.02600180391467422
E2,0.3,0.3,2,2,0.7,0.5,0.4,0.008884226587831395,0.01409905845166498,0.9999999999989123,0.02610608559080134
E2,0.3,0.3,2,2,0.7,0.5,0.4,0.008916650772458515,0.01414486313296859,0.999999999998908,0.02621038878456328
E2,0.3,0.3,2,2,0.7,0.5,0.4,0.008949074957085638,0.01419066826694071,0.9999999999989033,0.02631471332201759
E2,0.3,0.3,2,2,0.7,0.5,0.4,0.00898149914171276,0.01423647382941044,0.9999999999988997,0.02641905903061256
E2,0.3,0.3,2,2,0.7,0.5,0.4,0.009013923326339882,0.01428227979590663,0.9999999999988944,0.0265234257391716
E2,0.3,0.3,2,2,0.7,0.5,0.4,0.009046347510967003,0.01432808614165737,0.9999999999988912,0.02662781327787793
E2,0.3,0.3,2,2,0.7,0.5,0.4,0.009078771695594125,0.01437389284158971,0.9999999999988877,0.02673222147825956
E2,0.3,0.3,2,2,0.7,0.5,0.4,0.009111195880221247,0.01441969987032931,0.9999999999988837,0.02683665017317435
E2,0.3,0.3,2,2,0.7,0.5,0.4,0.00914362006484837,0.0144655072022002,0.9999999999988789,0.0269410991967953
E2,0.3,0.3,2,2,0.7,0.5,0.4,0.009176044249475492,0.01451131481122432,0.9999999999988762,0.02704556838459622
E2,0.3,0.3,2,2,0.7,0.5,0.4,0.009208468434102612,0.01455712267112173,0.9999999999988731,0.02715005757333733
E2,0.3,0.3,2,2,0.7,0.5,0.4,0.009240892618729735,0.01460293075531015,0.9999999999988683,0.02725456660105131
E2,0.3,0.3,2,2,0.7,0.5,0.4,0.009273316803356857,0.01464873903690486,0.9999999999988638,0.02735909530702931
E2,0.3,0.3,2,2,0.7,0.5,0.4,0.009305740987983979,0.01469454748871873,0.9999999999988596,0.02746364353180744
E2,0.3,0.3,2,2,0.7,0.5,0.4,0.0093381651726111,0.01474035608326217,0.9999999999988552,0.02756821111715321
E2,0.3,0.3,2,2,0.7,0.5,0.4,0.009370589357238222,0.0147861647927431,0.9999999999988529,0.02767279790605225
E2,0.3,0.3,2,2,0.7,0.5,0.4,0.009403013541865344,0.01483197358906702,0.9999999999988485,0.02777740374269524
E2,0.3,0.3,2,2,0.7,0.5,0.4,0.009435437726492467,0.01487778244383713,0.9999999999988438,0.02788202847246488
E2,0.3,0.3,2,2,0.7,0.5,0.4,0.009467861911119589,0.01492359132835431,0.9999999999988403,0.02798667194192329
E2,0.3,0.3,2,2,0.7,0.5,0.4,0.009500286095746709,0.01496940021361753,0.9999999999988357,0.02809133399879934
E2,0.3,0.3,2,2,0.7,0.5,0.4,0.009532710280373832,0.01501520907032385,0.9999999999988312,0.02819601449197628
E2,0.3,0.3,2,2,0.7,0.5,0.4,0.009565134465000954,0.01506101786886876,0.9999999999988278,0.02830071327147955
E2,0.3,0.3,2,2,0.7,0.5,0.4,0.009597558649628076,0.01510682657934645,0.9999999999988241,0.02840543018846464
E2,0.3,0.3,2,2,0.7,0.5,0.4,0.009629982834255197,0.01515263517155019,0.9999999999988192,0.02851016509520522
E2,0.3,0.3,2,2,0.7,0.5,0.4,0.009662407018882319,0.01519844361497248,0.9999999999988161,0.02861491784508144
E2,0.3,0.3,2,2,0.7,0.5,0.4,0.009694831203509441,0.01524425187880574,0.9999999999988118,0.02871968829256832
E2,0.3,0.3,2,2,0.7,0.5,0.4,0.009727255388136563,0.01529005993194257,0.999999999998808,0.02882447629322433
E2,0.3,0.3,2,2,0.7,0.5,0.4,0.009759679572763686,0.01533586774297626,0.9999999999988045,0.02892928170368007
E2,0.3,0.3,2,2,0.7,0.5,0.4,0.009792103757390806,0.01538167528020124,0.9999999999988008,0.02903410438162722
E2,0.3,0.3,2,2,0.7,0.5,0.4,0.009824527942017929,0.01542748251161379,0.9999999999987965,0.02913894418580756
E2,0.3,0.3,2,2,0.7,0.5,0.4,0.009856952126645051,0.01547328940491241,0.9999999999987917,0.02924380097600207
E2,0.3,0.3,2,2,0.7,0.5,0.4,0.009889376311272173,0.01551909592749861,0.9999999999987883,0.02934867461302034
E2,0.3,0.3,2,2,0.7,0.5,0.4,0.009921800495899294,0.01556490204647751,0.9999999999987838,0.02945356495868996
E2,0.3,0.3,2,2,0.7,0.5,0.4,0.009954224680526416,0.01561070772865845,0.9999999999987799,0.02955847187584616
E2,0.3,0.3,2,2,0.7,0.5,0.4,0.009986648865153538,0.01565651294055577,0.9999999999987764,0.02966339522832148
E2,0.3,0.3,2,2,0.7,0.5,0.4,0.01,0.01567537376558605,0.9999999999987748,0.02970660370712077
E3,0.5,0.3,2,1.2,0.5,0.625,0.2,0,0.001599999999999999,1,0
E3,0.5,0.3,2,1.2,0.5,0.625,0.2,3.242418462712188e-05,0.001632424629878136,0.9999999999999962,6.51502015723904e-05
E3,0.5,0.3,2,1.2,0.5,0.625,0.2,6.484836925424376e-05,0.001664850100726073,0.9999999999999934,0.0001309302269741918
E3,0.5,0.3,2,1.2,0.5,0.625,0.2,9.727255388136563e-05,0.001697276412456566,0.9999999999999897,0.0001973215709433649
E3,0.5,0.3,2,1.2,0.5,0.625,0.2,0.0001296967385084875,0.001729703564982368,0.9999999999999859,0.0002643065990588679
E3,0.5,0.3,2,1.2,0.5,0.625,0.2,0.0001621209231356094,0.001762131558216247,0.9999999999999832,0.000331868491612685
E3,0.5,0.3,2,1.2,0.5,0.625,0.2,0.0001945451077627313,0.001794560392070978,0.9999999999999798,0.0003999911920322962
E3,0.5,0.3,2,1.2,0.5,0.625,0.2,0.0002269692923898531,0.001826990066459345,0.9999999999999757,0.0004686593594123267
E3,0.5,0.3,2,1.2,0.5,0.625,0.2,0.000259393477016975,0.001859420581294141,0.9999999999999718,0.0005378583247636142
E3,0.5,0.3,2,1.2,0.5,0.625,0.2,0.0002918176616440969,0.001891851936488165,0.9999999999999689,0.0006075740506311776
E3,0.5,0.3,2,1.2,0.5,0.625,0.2,0.0003242418462712188,0.001924284131954233,0.999999999999966,0.0006777930937703899
E3,0.5,0.3,2,1.2,0.5,0.625,0.2,0.0003566660308983406,0.001956717167605166,0.9999999999999624,0.000748502570603864
E3,0.5,0.3,2,1.2,0.5,0.625,0.2,0.0003890902155254625,0.001989151043353791,0.9999999999999586,0.0008196901252107353
E3,0.5,0.3,2,1.2,0.5,0.625,0.2,0.0004215144001525844,0.002021585759112945,0.9999999999999554,0.0008913438996257275
E3,0.5,0.3,2,1.2,0.5,0.625,0.2,0.0004539385847797063,0.002054021314795481,0.9999999999999514,0.0009634525062480928
E3,0.5,0.3,2,1.2,0.5,0.625,0.2,0.0004863627694068281,0.002086457710314245,0.9999999999999482,0.001036005002180588
E3,0.5,0.3,2,1.2,0.5,0.625,0.2,0.0005187869540339501,0.002118894945582109,0.9999999999999453,0.001108990865336417
E3,0.5,0.3,2,1.2,0.5,0.625,0.2,0.0005512111386610719,0.002151333020511955,0.9999999999999419,0.001182399972167912
E3,0.5,0.3,2,1.2,0.5,0.625,0.2,0.0005836353232881937,0.002183771935016652,0.9999999999999388,0.001256222576884719
E3,0.5,0.3,2,1.2,0.5,0.625,0.2,0.0006160595079153157,0.002216211689009104,0.9999999999999348,0.001330449292041832
E3,0.5,0.3,2,1.2,0.5,0.625,0.2,0.0006484836925424375,0.002248652282402213,0.9999999999999312,0.001405071070388924
E3,0.5,0.3,2,1.2,0.5,0.625,0.2,0.0006809078771695594,0.002281093715108883,0.9999999999999278,0.001480079187882509
E3,0.5,0.3,2,1.2,0.5,0.625,0.2,0.0007133320617966813,0.002313535987042031,0.9999999999999244,0.001555465227771289
E3,0.5,0.3,2,1.2,0.5,0.625,0.2,0.0007457562464238032,0.002345979098114597,0.999999999999921,0.001631221065673219
E3,0.5,0.3,2,1.2,0.5,0.625,0.2,0.000778180431050925,0.002378423048239512,0.9999999999999181,0.001707338855569867
E3,0.5,0.3,2,1.2,0.5,0.625,0.2,0.0008106046156780469,0.00241086783732972,0.9999999999999152,0.001783811016650272
E3,0.5,0.3,2,1.2,0.5,0.625,0.2,0.0008430288003051688,0.002443313465298186,0.9999999999999116,0.001860630220942258
E3,0.5,0.3,2,1.2,0.5,0.625,0.2,0.0008754529849322907,0.002475759932057867,0.999999999999908,0.001937789381674447
E3,0.5,0.3,2,1.2,0.5,0.625,0.2,0.0009078771695594126,0.002508207237521744,0.9999999999999049,0.002015281642317016
E3,0.5,0.3,2,1.2,0.5,0.625,0.2,0.0009403013541865344,0.002540655381602793,0.9999999999999016,0.002093100366253498
E3,0.5,0.3,2,1.2,0.5,0.625,0.2,0.0009727255388136563,0.00257310436421401,0.9999999999998981,0.002171239127039855
E3,0.5,0.3,2,1.2,0.5,0.625,0.2,0.001005149723440778,0.002605554185268393,0.9999999999998938,0.002249691699210589
E3,0.5,0.3,2,1.2,0.5,0.625,0.2,0.0010375739080679,0.002638004844678961,0.9999999999998905,0.002328452049594855
E3,0.5,0.3,2,1.2,0.5,0.625,0.2,0.001069998092695022,0.00267045634235872,0.999999999999888,0.002407514329108493
E3,0.5,0.3,2,1.2,0.5,0.625,0.2,0.001102422277322144,0.002702908678220704,0.9999999999998832,0.002486872864990508
E3,0.5,0.3,2,1.2,0.5,0.625,0.2,0.001134846461949266,0.002735361852177951,0.9999999999998807,0.002566522153454977
E3,0.5,0.3,2,1.2,0.5,0.625,0.2,0.001167270646576387,0.002767815864143509,0.9999999999998778,0.002646456852731591
E3,0.5,0.3,2,1.2,0.5,0.625,0.2,0.00119969483120351,0.00280027071403043,0.9999999999998734,0.002726671776470018
E3,0.5,0.3,2,1.2,0.5,0.625,0.2,0.001232119015830631,0.002832726401751784,0.9999999999998703,0.002807161887485147
E3,0.5,0.3,2,1.2,0.5,0.625,0.2,0.001264543200457753,0.002865182927220634,0.9999999999998664,0.002887922291821936
E3,0.5,0.3,2,1.2,0.5,0.625,0.2,0.001296967385084875,0.002897640290350066,0.999999999999863,0.002968948233120177
E3,0.5,0.3,2,1.2,0.5,0.625,0.2,0.001329391569711997,0.002930098491053177,0.9999999999998602,0.003050235087260865
E3,0.5,0.3,2,1.2,0.5,0.625,0.2,0.001361815754339119,0.002962557529243066,0.9999999999998554,0.003131778357277195
E3,0.5,0.3,2,1.2,0.5,0.625,0.2,0.001394239938966241,0.002995017404832835,0.9999999999998531,0.003213573668514367
E3,0.5,0.3,2,1.2,0.5,0.625,0.2,0.001426664123593363,0.003027478117735604,0.99999999999985,0.003295616764023531
E3,0.5,0.3,2,1.2,0.5,0.625,0.2,0.001459088308220484,0.003059939667864509,0.9999999999998466,0.003377903500176192
E3,0.5,0.3,2,1.2,0.5,0.625,0.2,0.001491512492847606,0.003092402055132685,0.9999999999998418,0.003460429842486306
E3,0.5,0.3,2,1.2,0.5,0.625,0.2,0.001523936677474728,0.003124865279453264,0.99999999999984,0.003543191861628197
E3,0.5,0.3,2,1.2,0.5,0.625,0.2,0.00155636086210185,0.003157329340739417,0.9999999999998355,0.003626185729639213
E3,0.5,0.3,2,1.2,0.5,0.625,0.2,0.001588785046728972,0.003189794238904298,0.9999999999998322,0.003709407716296737
E3,0.5,0.3,2,1.2,0.5,0.625,0.2,0.001621209231356094,0.003222259973861077,0.999999999999829,0.0037928541856599
E3,0.5,0.3,2,1.2,0.5,0.625,0.2,0.001653633415983216,0.003254726545522949,0.9999999999998256,0.003876521592766944
E3,0.5,0.3,2,1.2,0.5,0.625,0.2,0.001686057600610338,0.003287193953803085,0.9999999999998221,0.003960406480479741
E3,0.5,0.3,2,1.2,0.5,0.625,0.2,0.001718481785237459,0.003319662198614701,0.9999999999998196,0.00404450547646757
E3,0.5,0.3,2,1.2,0.5,0.625,0.2,0.001750905969864581,0.003352131279870997,0.9999999999998158,0.004128815290322697
E3,0.5,0.3,2,1.2,0.5,0.625,0.2,0.001783330154491703,0.003384601197485192,0.9999999999998115,0.004213332710800801
E3,0.5,0.3,2,1.2,0.5,0.625,0.2,0.001815754339118825,0.003417071951370521,0.9999999999998075,0.004298054603179723
E3,0.5,0.3,2,1.2,0.5,0.625,0.2,0.001848178523745947,0.003449543541440199,0.9999999999998048,0.004382977906730369
E3,0.5,0.3,2,1.2,0.5,0.625,0.2,0.001880602708373069,0.003482015967607496,0.9999999999998009,0.004468099632294033
E3,0.5,0.3,2,1.2,0.5,0.625,0.2,0.001913026893000191,0.003514489229785641,0.9999999999997977,0.004553416859960709
E3,0.5,0.3,2,1.2,0.5,0.625,0.2,0.001945451077627313,0.003546963327887917,0.9999999999997942,0.004638926736843311
E3,0.5,0.3,2,1.2,0.5,0.625,0.2,0.001977875262254434,0.003579438261827578,0.9999999999997914,0.004724626474942966
E3,0.5,0.3,2,1.2,0.5,0.625,0.2,0.002010299446881556,0.003611914031517918,0.9999999999997878,0.004810513349100941
E3,0.5,0.3,2,1.2,0.5,0.625,0.2,0.002042723631508678,0.003644390636872223,0.999999999999784,0.004896584695032869
E3,0.5,0.3,2,1.2,0.5,0.625,0.2,0.0020751478161358,0.003676868077803781,0.999999999999781,0.00498283790744133
E3,0.5,0.3,2,1.2,0.5,0.625,0.2,0.002107572000762922,0.003709346354225919,0.9999999999997771,0.005069270438202983
E3,0.5,0.3,2,1.2,0.5,0.625,0.2,0.002139996185390044,0.00374182546605193,0.9999999999997745,0.005155879794626662
E3,0.5,0.3,2,1.2,0.5,0.625,0.2,0.002172420370017166,0.003774305413195162,0.9999999999997705,0.005242663537779109
E3,0.5,0.3,2,1.2,0.5,0.625,0.2,0.002204844554644288,0.00380678619556893,0.9999999999997676,0.005329619280875166
E3,0.5,0.3,2,1.2,0.5,0.625,0.2,0.002237268739271409,0.003839267813086595,0.9999999999997633,0.005416744687729365
E3,0.5,0.3,2,1.2,0.5,0.625,0.2,0.002269692923898531,0.003871750265661498,0.9999999999997609,0.005504037471266141
E3,0.5,0.3,2,1.2,0.5,0.625,0.2,0.002302117108525653,0.003904233553206999,0.9999999999997574,0.005591495392085949
E3,0.5,0.3,2,1.2,0.5,0.625,0.2,0.002334541293152775,0.003936717675636478,0.9999999999997529,0.005679116257084759
E3,0.5,0.3,2,1.2,0.5,0.625,0.2,0.002366965477779897,0.003969202632863299,0.9999999999997498,0.005766897918124493
E3,0.5,0.3,2,1.2,0.5,0.625,0.2,0.002399389662407019,0.004001688424800863,0.9999999999997476,0.005854838270752161
E3,0.5,0.3,2,1.2,0.5,0.625,0.2,0.002431813847034141,0.004034175051362567,0.9999999999997429,0.005942935252965503
E3,0.5,0.3,2,1.2,0.5,0.625,0.2,0.002464238031661263,0.004066662512461796,0.9999999999997398,0.006031186844023137
E3,0.5,0.3,2,1.2,0.5,0.625,0.2,0.002496662216288385,0.004099150808011995,0.9999999999997367,0.006119591063297211
E3,0.5,0.3,2,1.2,0.5,0.625,0.2,0.002529086400915506,0.004131639937926569,0.9999999999997319,0.006208145969166751
E3,0.5,0.3,2,1.2,0.5,0.625,0.2,0.002561510585542628,0.004164129902118942,0.9999999999997301,0.006296849657949946
E3,0.5,0.3,2,1.2,0.5,0.625,0.2,0.00259393477016975,0.004196620700502572,0.9999999999997267,0.00638570026287372
E3,0.5,0.3,2,1.2,0.5,0.625,0.2,0.002626358954796872,0.004229112332990904,0.999999999999722,0.006474695953079023
E3,0.5,0.3,2,1.2,0.5,0.625,0.2,0.002658783139423994,0.004261604799497385,0.9999999999997193,0.006563834932660276
E3,0.5,0.3,2,1.2,0.5,0.625,0.2,0.002691207324051116,0.004294098099935492,0.999999999999716,0.006653115439737642
E3,0.5,0.3,2,1.2,0.5,0.625,0.2,0.002723631508678238,0.004326592234218695,0.9999999999997131,0.006742535745560682
E3,0.5,0.3,2,1.2,0.5,0.625,0.2,0.00275605569330536,0.004359087202260468,0.9999999999997089,0.006832094153642163
E3,0.5,0.3,2,1.2,0.5,0.625,0.2,0.002788479877932481,0.004391583003974328,0.9999999999997048,0.006921788998920745
E3,0.5,0.3,2,1.2,0.5,0.625,0.2,0.002820904062559603,0.004424079639273732,0.9999999999997025,0.007011618646951423
E3,0.5,0.3,2,1.2,0.5,0.625,0.2,0.002853328247186725,0.004456577108072223,0.9999999999996987,0.007101581493122578
E3,0.5,0.3,2,1.2,0.5,0.625,0.2,0.002885752431813847,0.004489075410283296,0.9999999999996954,0.007191675961898568
E3,0.5,0.3,2,1.2,0.5,0.625,0.2,0.002918176616440969,0.004521574545820473,0.9999999999996919,0.007281900506086894
E3,0.5,0.3,2,1.2,0.5,0.625,0.2,0.002950600801068091,0.004554074514597285,0.9999999999996886,0.007372253606128918
E3,0.5,0.3,2,1.2,0.5,0.625,0.2,0.002983024985695213,0.004586575316527252,0.9999999999996867,0.007462733769413241
E3,0.5,0.3,2,1.2,0.5,0.625,0.2,0.003015449170322335,0.00461907695152394,0.9999999999996824,0.007553339529610895
E3,0.5,0.3,2,1.2,0.5,0.625,0.2,0.003047873354949457,0.00465157941950088,0.9999999999996783,0.007644069446031439
E3,0.5,0.3,2,1.2,0.5,0.625,0.2,0.003080297539576578,0.004684082720371616,0.9999999999996737,0.007734922102999188
E3,0.5,0.3,2,1.2,0.5,0.625,0.2,0.0031127217242037,0.004716586854049708,0.999999999999671,0.0078258961092489
E3,0.5,0.3,2,1.2,0.5,0.625,0.2,0.003145145908830822,0.004749091820448723,0.9999999999996675,0.007916990097339977
E3,0.5,0.3,2,1.2,0.5,0.625,0.2,0.003177570093457944,0.004781597619482206,0.9999999999996649,0.008008202723088751
E3,0.5,0.3,2,1.2,0.5,0.625,0.2,0.003209994278085066,0.004814104251063747,0.999999999999661,0.00809953266501796
E3,0.5,0.3,2,1.2,0.5,0.625,0.2,0.003242418462712188,0.0048466117151069,0.9999999999996577,0.008190978623822903
E3,0.5,0.3,2,1.2,0.5,0.625,0.2,0.003274842647339309,0.00487912001152522,0.9999999999996539,0.008282539321853601
E3,0.5,0.3,2,1.2,0.5,0.625,0.2,0.003307266831966432,0.004911629140232307,0.9999999999996503,0.008374213502612455
E3,0.5,0.3,2,1.2,0.5,0.625,0.2,0.003339691016593553,0.004944139101141682,0.9999999999996472,0.008465999930266734
E3,0.5,0.3,2,1.2,0.5,0.625,0.2,0.003372115201220675,0.004976649894166947,0.9999999999996435,0.008557897389175463
E3,0.5,0.3,2,1.2,0.5,0.625,0.2,0.003404539385847797,0.005009161519221629,0.9999999999996401,0.008649904683430094
E3,0.5,0.3,2,1.2,0.5,0.625,0.2,0.003436963570474919,0.005041673976219308,0.9999999999996366,0.008742020636408606
E3,0.5,0.3,2,1.2,0.5,0.625,0.2,0.003469387755102041,0.0050741872650735,0.9999999999996337,0.008834244090342407
E3,0.5,0.3,2,1.2,0.5,0.625,0.2,0.003501811939729163,0.005106701385697755,0.9999999999996297,0.008926573905895683
E3,0.5,0.3,2,1.2,0.5,0.625,0.2,0.003534236124356284,0.005139216338005568,0.9999999999996276,0.00901900896175677
E3,0.5,0.3,2,1.2,0.5,0.625,0.2,0.003566660308983406,0.005171732121910484,0.9999999999996234,0.009111548154241065
E3,0.5,0.3,2,1.2,0.5,0.625,0.2,0.003599084493610528,0.005204248737325965,0.999999999999619,0.009204190396905142
E3,0.5,0.3,2,1.2,0.5,0.625,0.2,0.00363150867823765,0.005236766184165454,0.9999999999996166,0.009296934620171633
E3,0.5,0.3,2,1.2,0.5,0.625,0.2,0.003663932862864772,0.005269284462342425,0.9999999999996134,0.009389779770964578
E3,0.5,0.3,2,1.2,0.5,0.625,0.2,0.003696357047491894,0.005301803571770288,0.9999999999996092,0.009482724812354836
E3,0.5,0.3,2,1.2,0.5,0.625,0.2,0.003728781232119016,0.005334323512362412,0.9999999999996059,0.009575768723215208
E3,0.5,0.3,2,1.2,0.5,0.625,0.2,0.003761205416746138,0.005366844284032129,0.9999999999996025,0.009668910497885016
E3,0.5,0.3,2,1.2,0.5,0.625,0.2,0.00379362960137326,0.005399365886692761,0.9999999999995982,0.009762149145843774
E3,0.5,0.3,2,1.2,0.5,0.625,0.2,0.003826053786000381,0.005431888320257547,0.9999999999995945,0.009855483691393644
E3,0.5,0.3,2,1.2,0.5,0.625,0.2,0.003858477970627503,0.0054644115846397,0.9999999999995921,0.009948913173350419
E3,0.5,0.3,2,1.2,0.5,0.625,0.2,0.003890902155254625,0.00549693567975235,0.9999999999995894,0.01004243664474275
E3,0.5,0.3,2,1.2,0.5,0.625,0.2,0.003923326339881747,0.005529460605508595,0.9999999999995862,0.01013605317251931
E3,0.5,0.3,2,1.2,0.5,0.625,0.2,0.003955750524508869,0.005561986361821435,0.9999999999995827,0.01022976183726371
E3,0.5,0.3,2,1.2,0.5,0.625,0.2,0.003988174709135991,0.005594512948603784,0.9999999999995776,0.01032356173291685
E3,0.5,0.3,2,1.2,0.5,0.625,0.2,0.004020598893763112,0.005627040365768485,0.9999999999995738,0.01041745196650656
E3,0.5,0.3,2,1.2,0.5,0.625,0.2,0.004053023078390235,0.005659568613228271,0.9999999999995717,0.0105114316578841
E3,0.5,0.3,2,1.2,0.5,0.625,0.2,0.004085447263017357,0.005692097690895782,0.9999999999995682,0.01060549993946763
E3,0.5,0.3,2,1.2,0.5,0.625,0.2,0.004117871447644478,0.005724627598683545,0.9999999999995638,0.01069965595599212
E3,0.5,0.3,2,1.2,0.5,0.625,0.2,0.004150295632271601,0.005757158336503911,0.9999999999995607,0.01079389886426563
E3,0.5,0.3,2,1.2,0.5,0.625,0.2,0.004182719816898722,0.005789689904269124,0.9999999999995574,0.01088822783293179
E3,0.5,0.3,2,1.2,0.5,0.625,0.2,0.004215144001525844,0.005822222301891282,0.9999999999995548,0.01098264204223827
E3,0.5,0.3,2,1.2,0.5,0.625,0.2,0.004247568186152966,0.005854755529282325,0.9999999999995498,0.01107714068381102
E3,0.5,0.3,2,1.2,0.5,0.625,0.2,0.004279992370780088,0.005887289586353945,0.9999999999995474,0.01117172296043412
E3,0.5,0.3,2,1.2,0.5,0.625,0.2,0.004312416555407209,0.005919824473017699,0.9999999999995446,0.01126638808583505
E3,0.5,0.3,2,1.2,0.5,0.625,0.2,0.004344840740034332,0.005952360189184893,0.9999999999995415,0.01136113528447537
E3,0.5,0.3,2,1.2,0.5,0.625,0.2,0.004377264924661453,0.005984896734766634,0.9999999999995364,0.01145596379134638
E3,0.5,0.3,2,1.2,0.5,0.625,0.2,0.004409689109288575,0.006017434109673717,0.999999999999533,0.01155087285176981
E3,0.5,0.3,2,1.2,0.5,0.625,0.2,0.004442113293915697,0.006049972313816702,0.999999999999531,0.01164586172120335
E3,0.5,0.3,2,1.2,0.5,0.625,0.2,0.004474537478542819,0.006082511347105871,0.9999999999995268,0.01174092966505085
E3,0.5,0.3,2,1.2,0.5,0.625,0.2,0.004506961663169941,0.006115051209451146,0.999999999999523,0.01183607595847711
E3,0.5,0.3,2,1.2,0.5,0.625,0.2,0.004539385847797063,0.006147591900762103,0.9999999999995198,0.01193129988622696
E3,0.5,0.3,2,1.2,0.5,0.625,0.2,0.004571810032424185,0.006180133420947979,0.9999999999995182,0.01202660074244877
E3,0.5,0.3,2,1.2,0.5,0.625,0.2,0.004604234217051306,0.006212675769917593,0.9999999999995142,0.01212197783052208
E3,0.5,0.3,2,1.2,0.5,0.625,0.2,0.004636658401678428,0.006245218947579342,0.9999999999995112,0.01221743046288918
E3,0.5,0.3,2,1.2,0.5,0.625,0.2,0.00466908258630555,0.006277762953841168,0.9999999999995058,0.01231295796089079
E3,0.5,0.3,2,1.2,0.5,0.625,0.2,0.004701506770932672,0.006310307788610509,0.9999999999995033,0.01240855965460538
E3,0.5,0.3,2,1.2,0.5,0.625,0.2,0.004733930955559794,0.006342853451794274,0.9999999999994993,0.01250423488269235
E3,0.5,0.3,2,1.2,0.5,0.625,0.2,0.004766355140186916,0.00637539994329882,0.999999999999497,0.01259998299223872
E3,0.5,0.3,2,1.2,0.5,0.625,0.2,0.004798779324814038,0.006407947263029934,0.9999999999994919,0.01269580333860932
E3,0.5,0.3,2,1.2,0.5,0.625,0.2,0.004831203509441159,0.006440495410892704,0.9999999999994893,0.01279169528530046
E3,0.5,0.3,2,1.2,0.5,0.625,0.2,0.004863627694068282,0.006473044386791558,0.999999999999486,0.01288765820379685
E3,0.5,0.3,2,1.2,0.5,0.625,0.2,0.004896051878695403,0.006505594190630216,0.9999999999994826,0.01298369147343182
E3,0.5,0.3,2,1.2,0.5,0.625,0.2,0.004928476063322525,0.006538144822311599,0.9999999999994794,0.01307979448125047
E3,0.5,0.3,2,1.2,0.5,0.625,0.2,0.004960900247949647,0.006570696281737814,0.9999999999994756,0.0131759666218762
E3,0.5,0.3,2,1.2,0.5,0.625,0.2,0.004993324432576769,0.006603248568810086,0.9999999999994723,0.01327220729737987
E3,0.5,0.3,2,1.2,0.5,0.625,0.2,0.005025748617203891,0.006635801683428723,0.9999999999994689,0.01336851591715206
E3,0.5,0.3,2,1.2,0.5,0.625,0.2,0.005058172801831013,0.006668355625493039,0.9999999999994641,0.0134648918977781
E3,0.5,0.3,2,1.2,0.5,0.625,0.2,0.005090596986458135,0.006700910394901286,0.9999999999994631,0.01356133466291571
E3,0.5,0.3,2,1.2,0.5,0.625,0.2,0.005123021171085256,0.006733465991550662,0.9999999999994585,0.01365784364317548
E3,0.5,0.3,2,1.2,0.5,0.625,0.2,0.005155445355712379,0.006766022415337122,0.9999999999994548,0.01375441827600381
E3,0.5,0.3,2,1.2,0.5,0.625,0.2,0.0051878695403395,0.006798579666155435,0.9999999999994509,0.01385105800556845
E3,0.5,0.3,2,1.2,0.5,0.625,0.2,0.005220293724966622,0.006831137743899048,0.9999999999994469,0.01394776228264641
E3,0.5,0.3,2,1.2,0.5,0.625,0.2,0.005252717909593744,0.006863696648460003,0.9999999999994437,0.01404453056451433
E3,0.5,0.3,2,1.2,0.5,0.625,0.2,0.005285142094220866,0.006896256379728904,0.9999999999994419,0.01414136231484121
E3,0.5,0.3,2,1.2,0.5,0.625,0.2,0.005317566278847987,0.006928816937594839,0.9999999999994389,0.01423825700358328
E3,0.5,0.3,2,1.2,0.5,0.625,0.2,0.00534999046347511,0.006961378321945226,0.9999999999994351,0.01433521410688122
E3,0.5,0.3,2,1.2,0.5,0.625,0.2,0.005382414648102232,0.006993940532665817,0.9999999999994308,0.01443223310695944
E3,0.5,0.3,2,1.2,0.5,0.625,0.2,0.005414838832729353,0.007026503569640526,0.9999999999994279,0.01452931349202749
E3,0.5,0.3,2,1.2,0.5,0.625,0.2,0.005447263017356476,0.007059067432751434,0.9999999999994234,0.01462645475618355
E3,0.5,0.3,2,1.2,0.5,0.625,0.2,0.005479687201983597,0.007091632121878561,0.9999999999994208,0.01472365639931987
E3,0.5,0.3,2,1.2,0.5,0.625,0.2,0.005512111386610719,0.007124197636899911,0.9999999999994166,0.01482091792703014
E3,0.5,0.3,2,1.2,0.5,0.625,0.2,0.005544535571237841,0.007156763977691262,0.9999999999994144,0.01491823885051882
E3,0.5,0.3,2,1.2,0.5,0.625,0.2,0.005576959755864963,0.007189331144126097,0.9999999999994096,0.01501561868651226
E3,0.5,0.3,2,1.2,0.5,0.625,0.2,0.005609383940492084,0.007221899136075503,0.9999999999994068,0.01511305695717165
E3,0.5,0.3,2,1.2,0.5,0.625,0.2,0.005641808125119207,0.007254467953408024,0.9999999999994031,0.01521055319000772
E3,0.5,0.3,2,1.2,0.5,0.625,0.2,0.005674232309746329,0.007287037595989585,0.9999999999994,0.01530810691779713
E3,0.5,0.3,2,1.2,0.5,0.625,0.2,0.00570665649437345,0.007319608063683311,0.9999999999993969,0.01540571767850058
E3,0.5,0.3,2,1.2,0.5,0.625,0.2,0.005739080679000572,0.007352179356349488,0.9999999999993926,0.01550338501518258
E3,0.5,0.3,2,1.2,0.5,0.625,0.2,0.005771504863627694,0.007384751473845316,0.9999999999993888,0.01560110847593268
E3,0.5,0.3,2,1.2,0.5,0.625,0.2,0.005803929048254816,0.007417324416024837,0.9999999999993857,0.01569888761378838
E3,0.5,0.3,2,1.2,0.5,0.625,0.2,0.005836353232881938,0.007449898182738861,0.9999999999993837,0.01579672198665947
E3,0.5,0.3,2,1.2,0.5,0.625,0.2,0.00586877741750906,0.007482472773834695,0.9999999999993789,0.01589461115725396
E3,0.5,0.3,2,1.2,0.5,0.625,0.2,0.005901201602136181,0.007515048189156054,0.9999999999993754,0.01599255469300534
E3,0.5,0.3,2,1.2,0.5,0.625,0.2,0.005933625786763303,0.007547624428542924,0.9999999999993717,0.01609055216600134
E3,0.5,0.3,2,1.2,0.5,0.625,0.2,0.005966049971390426,0.007580201491831351,0.9999999999993694,0.01618860315291396
E3,0.5,0.3,2,1.2,0.5,0.625,0.2,0.005998474156017547,0.007612779378853374,0.9999999999993655,0.01628670723493098
E3,0.5,0.3,2,1.2,0.5,0.625,0.2,0.006030898340644669,0.007645358089436741,0.9999999999993617,0.01638486399768866
E3,0.5,0.3,2,1.2,0.5,0.625,0.2,0.006063322525271791,0.007677937623404811,0.9999999999993597,0.01648307303120585
E3,0.5,0.3,2,1.2,0.5,0.625,0.2,0.006095746709898913,0.007710517980576388,0.9999999999993552,0.01658133392981919
E3,0.5,0.3,2,1.2,0.5,0.625,0.2,0.006128170894526034,0.007743099160765475,0.9999999999993517,0.0166796462921197
E3,0.5,0.3,2,1.2,0.5,0.625,0.2,0.006160595079153157,0.007775681163781143,0.9999999999993479,0.01677800972089046
E3,0.5,0.3,2,1.2,0.5,0.625,0.2,0.006193019263780278,0.007808263989427292,0.9999999999993453,0.01687642382304546
E3,0.5,0.3,2,1.2,0.5,0.625,0.2,0.0062254434484074,0.007840847637502518,0.9999999999993426,0.01697488820956971
E3,0.5,0.3,2,1.2,0.5,0.625,0.2,0.006257867633034522,0.007873432107799899,0.9999999999993388,0.01707340249546028
E3,0.5,0.3,2,1.2,0.5,0.625,0.2,0.006290291817661644,0.007906017400106696,0.9999999999993353,0.01717196629966861
E3,0.5,0.3,2,1.2,0.5,0.625,0.2,0.006322716002288766,0.007938603514204294,0.999999999999332,0.01727057924504369
E3,0.5,0.3,2,1.2,0.5,0.625,0.2,0.006355140186915888,0.007971190449867833,0.9999999999993275,0.01736924095827655
E3,0.5,0.3,2,1.2,0.5,0.625,0.2,0.00638756437154301,0.008003778206866135,0.9999999999993248,0.01746795106984547
E3,0.5,0.3,2,1.2,0.5,0.625,0.2,0.006419988556170131,0.008036366784961325,0.9999999999993214,0.01756670921396246
E3,0.5,0.3,2,1.2,0.5,0.625,0.2,0.006452412740797254,0.008068956183908722,0.9999999999993183,0.01766551502852043
E3,0.5,0.3,2,1.2,0.5,0.625,0.2,0.006484836925424375,0.008101546403456564,0.9999999999993143,0.01776436815504165
E3,0.5,0.3,2,1.2,0.5,0.625,0.2,0.006517261110051497,0.008134137443345792,0.999999999999312,0.0178632682386268
E3,0.5,0.3,2,1.2,0.5,0.625,0.2,0.006549685294678619,0.008166729303309651,0.9999999999993074,0.0179622149279052
E3,0.5,0.3,2,1.2,0.5,0.625,0.2,0.006582109479305741,0.008199321983073667,0.9999999999993038,0.01806120787498574
E3,0.5,0.3,2,1.2,0.5,0.625,0.2,0.006614533663932863,0.008231915482355254,0.9999999999993008,0.01816024673540883
E3,0.5,0.3,2,1.2,0.5,0.625,0.2,0.006646957848559985,0.008264509800863452,0.9999999999992975,0.01825933116809904
E3,0.5,0.3,2,1.2,0.5,0.625,0.2,0.006679382033187107,0.00829710493829873,0.999999999999294,0.01835846083531879
E3,0.5,0.3,2,1.2,0.5,0.625,0.2,0.006711806217814228,0.008329700894352608,0.9999999999992895,0.01845763540262267
E3,0.5,0.3,2,1.2,0.5,0.625,0.2,0.006744230402441351,0.008362297668707466,0.9999999999992862,0.01855685453881261
E3,0.5,0.3,2,1.2,0.5,0.625,0.2,0.006776654587068472,0.008394895261036261,0.9999999999992845,0.01865611791589386
E3,0.5,0.3,2,1.2,0.5,0.625,0.2,0.006809078771695594,0.008427493671002149,0.9999999999992801,0.01875542520903178
E3,0.5,0.3,2,1.2,0.5,0.625,0.2,0.006841502956322716,0.008460092898258316,0.9999999999992774,0.01885477609650922
E3,0.5,0.3,2,1.2,0.5,0.625,0.2,0.006873927140949838,0.008492692942447543,0.9999999999992732,0.01895417025968483
E3,0.5,0.3,2,1.2,0.5,0.625,0.2,0.00690635132557696,0.008525293803202019,0.9999999999992701,0.01905360738295188
E3,0.5,0.3,2,1.2,0.5,0.625,0.2,0.006938775510204082,0.008557895480142944,0.9999999999992664,0.01915308715369804
E3,0.5,0.3,2,1.2,0.5,0.625,0.2,0.006971199694831204,0.008590497972880298,0.9999999999992628,0.0192526092622656
E3,0.5,0.3,2,1.2,0.5,0.625,0.2,0.007003623879458325,0.008623101281012419,0.99999999999926,0.01935217340191248
E3,0.5,0.3,2,1.2,0.5,0.625,0.2,0.007036048064085447,0.00865570540412579,0.9999999999992562,0.01945177926877393
E3,0.5,0.3,2,1.2,0.5,0.625,0.2,0.007068472248712569,0.008688310341794585,0.9999999999992527,0.01955142656182478
E3,0.5,0.3,2,1.2,0.5,0.625,0.2,0.007100896433339691,0.008720916093580449,0.9999999999992489,0.01965111498284242
E3,0.5,0.3,2,1.2,0.5,0.625,0.2,0.007133320617966813,0.008753522659032105,0.9999999999992462,0.01975084423637035
E3,0.5,0.3,2,1.2,0.5,0.625,0.2,0.007165744802593935,0.008786130037684961,0.9999999999992424,0.01985061402968233
E3,0.5,0.3,2,1.2,0.5,0.625,0.2,0.007198168987221056,0.008818738229060851,0.9999999999992396,0.01995042407274713
E3,0.5,0.3,2,1.2,0.5,0.625,0.2,0.007230593171848178,0.008851347232667627,0.9999999999992358,0.0200502740781939
E3,0.5,0.3,2,1.2,0.5,0.625,0.2,0.007263017356475301,0.008883957047998789,0.9999999999992316,0.02015016376127811
E3,0.5,0.3,2,1.2,0.5,0.625,0.2,0.007295441541102422,0.008916567674533124,0.9999999999992291,0.02025009283984792
E3,0.5,0.3,2,1.2,0.5,0.625,0.2,0.007327865725729544,0.008949179111734408,0.9999999999992251,0.02035006103431133
E3,0.5,0.3,2,1.2,0.5,0.625,0.2,0.007360289910356666,0.008981791359050889,0.9999999999992212,0.02045006806760368
E3,0.5,0.3,2,1.2,0.5,0.625,0.2,0.007392714094983788,0.009014404415915004,0.999999999999218,0.02055011366515569
E3,0.5,0.3,2,1.2,0.5,0.625,0.2,0.007425138279610909,0.009047018281743027,0.9999999999992155,0.02065019755486216
E3,0.5,0.3,2,1.2,0.5,0.625,0.2,0.007457562464238032,0.009079632955934582,0.9999999999992112,0.02075031946705104
E3,0.5,0.3,2,1.2,0.5,0.625,0.2,0.007489986648865153,0.009112248437872259,0.9999999999992087,0.02085047913445307
E3,0.5,0.3,2,1.2,0.5,0.625,0.2,0.007522410833492275,0.009144864726921352,0.9999999999992047,0.02095067629217175
E3,0.5,0.3,2,1.2,0.5,0.625,0.2,0.007554835018119398,0.009177481822429256,0.9999999999992013,0.02105091067765406
E3,0.5,0.3,2,1.2,0.5,0.625,0.2,0.007587259202746519,0.009210099723725202,0.9999999999991983,0.02115118203066146
E3,0.5,0.3,2,1.2,0.5,0.625,0.2,0.007619683387373641,0.009242718430119774,0.9999999999991954,0.02125149009324131
E3,0.5,0.3,2,1.2,0.5,0.625,0.2,0.007652107572000763,0.009275337940904564,0.9999999999991904,0.02135183460969893
E3,0.5,0.3,2,1.2,0.5,0.625,0.2,0.007684531756627885,0.009307958255351625,0.9999999999991864,0.02145221532656995
E3,0.5,0.3,2,1.2,0.5,0.625,0.2,0.007716955941255006,0.009340579372713166,0.9999999999991843,0.02155263199259308
E3,0.5,0.3,2,1.2,0.5,0.625,0.2,0.007749380125882129,0.009373201292221123,0.9999999999991808,0.02165308435868343
E3,0.5,0.3,2,1.2,0.5,0.625,0.2,0.00778180431050925,0.009405824013086634,0.9999999999991769,0.02175357217790615
E3,0.5,0.3,2,1.2,0.5,0.625,0.2,0.007814228495136372,0.009438447534499643,0.9999999999991744,0.0218540952054505
E3,0.5,0.3,2,1.2,0.5,0.625,0.2,0.007846652679763495,0.009471071855628517,0.9999999999991692,0.02195465319860432
E3,0.5,0.3,2,1.2,0.5,0.625,0.2,0.007879076864390617,0.009503696975619457,0.9999999999991683,0.02205524591672887
E3,0.5,0.3,2,1.2,0.5,0.625,0.2,0.007911501049017737,0.009536322893596299,0.9999999999991632,0.02215587312123421
E3,0.5,0.3,2,1.2,0.5,0.625,0.2,0.00794392523364486,0.009568949608659746,0.9999999999991602,0.02225653457555462
E3,0.5,0.3,2,1.2,0.5,0.625,0.2,0.007976349418271982,0.009601577119887196,0.9999999999991573,0.02235723004512483
E3,0.5,0.3,2,1.2,0.5,0.625,0.2,0.008008773602899104,0.009634205426332084,0.9999999999991536,0.02245795929735623
E3,0.5,0.3,2,1.2,0.5,0.625,0.2,0.008041197787526225,0.009666834527023542,0.99999999999915,0.02255872210161364
E3,0.5,0.3,2,1.2,0.5,0.625,0.2,0.008073621972153347,0.009699464420965875,0.9999999999991462,0.02265951822919242
E3,0.5,0.3,2,1.2,0.5,0.625,0.2,0.008106046156780469,0.009732095107138084,0.9999999999991429,0.0227603474532959
E3,0.5,0.3,2,1.2,0.5,0.625,0.2,0.008138470341407592,0.009764726584493452,0.9999999999991397,0.02286120954901305
E3,0.5,0.3,2,1.2,0.5,0.625,0.2,0.008170894526034714,0.009797358851958994,0.9999999999991376,0.02296210429329669
E3,0.5,0.3,2,1.2,0.5,0.625,0.2,0.008203318710661834,0.009829991908435101,0.9999999999991325,0.02306303146494184
E3,0.5,0.3,2,1.2,0.5,0.625,0.2,0.008235742895288957,0.009862625752794833,0.9999999999991295,0.02316399084456452
E3,0.5,0.3,2,1.2,0.5,0.625,0.2,0.008268167079916079,0.009895260383883744,0.9999999999991256,0.02326498221458072
E3,0.5,0.3,2,1.2,0.5,0.625,0.2,0.008300591264543201,0.009927895800519065,0.9999999999991224,0.02336600535918582
E3,0.5,0.3,2,1.2,0.5,0.625,0.2,0.008333015449170322,0.009960532001489542,0.9999999999991194,0.02346706006433428
E3,0.5,0.3,2,1.2,0.5,0.625,0.2,0.008365439633797444,0.009993168985554701,0.9999999999991163,0.02356814611771954
E3,0.5,0.3,2,1.2,0.5,0.625,0.2,0.008397863818424566,0.01002580675144442,0.9999999999991123,0.02366926330875441
E3,0.5,0.3,2,1.2,0.5,0.625,0.2,0.008430288003051688,0.01005844529785852,0.9999999999991095,0.02377041142855142
E3,0.5,0.3,2,1.2,0.5,0.625,0.2,0.008462712187678811,0.01009108462346618,0.9999999999991049,0.0238715902699038
E3,0.5,0.3,2,1.2,0.5,0.625,0.2,0.008495136372305931,0.01012372472690539,0.9999999999991028,0.02397279962726658
E3,0.5,0.3,2,1.2,0.5,0.625,0.2,0.008527560556933053,0.01015636560678263,0.9999999999990983,0.02407403929673786
E3,0.5,0.3,2,1.2,0.5,0.625,0.2,0.008559984741560176,0.01018900726167221,0.9999999999990953,0.02417530907604059
E3,0.5,0.3,2,1.2,0.5,0.625,0.2,0.008592408926187298,0.0102216496901158,0.9999999999990923,0.0242766087645044
E3,0.5,0.3,2,1.2,0.5,0.625,0.2,0.008624833110814419,0.01025429289062194,0.9999999999990874,0.02437793816304777
E3,0.5,0.3,2,1.2,0.5,0.625,0.2,0.008657257295441541,0.01028693686166552,0.9999999999990847,0.02447929707416049
E3,0.5,0.3,2,1.2,0.5,0.625,0.2,0.008689681480068663,0.01031958160168732,0.999999999999081,0.02458068530188633
E3,0.5,0.3,2,1.2,0.5,0.625,0.2,0.008722105664695785,0.01035222710909343,0.9999999999990774,0.02468210265180589
E3,0.5,0.3,2,1.2,0.5,0.625,0.2,0.008754529849322906,0.01038487338225475,0.9999999999990746,0.02478354893101985
E3,0.5,0.3,2,1.2,0.5,0.625,0.2,0.008786954033950028,0.01041752041950655,0.9999999999990712,0.02488502394813228
E3,0.5,0.3,2,1.2,0.5,0.625,0.2,0.00881937821857715,0.01045016821914788,0.9999999999990676,0.02498652751323435
E3,0.5,0.3,2,1.2,0.5,0.625,0.2,0.008851802403204273,0.01048281677944103,0.9999999999990637,0.02508805943788817
E3,0.5,0.3,2,1.2,0.5,0.625,0.2,0.008884226587831395,0.01051546609861111,0.9999999999990606,0.02518961953511074
E3,0.5,0.3,2,1.2,0.5,0.625,0.2,0.008916650772458515,0.01054811617484554,0.9999999999990575,0.02529120761935846
E3,0.5,0.3,2,1.2,0.5,0.625,0.2,0.008949074957085638,0.01058076700629338,0.9999999999990541,0.02539282350651151
E3,0.5,0.3,2,1.2,0.5,0.625,0.2,0.00898149914171276,0.01061341859106499,0.9999999999990505,0.02549446701385863
E3,0.5,0.3,2,1.2,0.5,0.625,0.2,0.009013923326339882,0.01064607092723142,0.9999999999990467,0.02559613796008205
E3,0.5,0.3,2,1.2,0.5,0.625,0.2,0.009046347510967003,0.01067872401282389,0.9999999999990429,0.02569783616524263
E3,0.5,0.3,2,1.2,0.5,0.625,0.2,0.009078771695594125,0.01071137784583332,0.9999999999990405,0.02579956145076526
E3,0.5,0.3,2,1.2,0.5,0.625,0.2,0.009111195880221247,0.01074403242420983,0.9999999999990372,0.02590131363942438
E3,0.5,0.3,2,1.2,0.5,0.625,0.2,0.00914362006484837,0.01077668774586211,0.9999999999990331,0.02600309255532971
E3,0.5,0.3,2,1.2,0.5,0.625,0.2,0.009176044249475492,0.01080934380865701,0.9999999999990306,0.0261048980239122
E3,0.5,0.3,2,1.2,0.5,0.625,0.2,0.009208468434102612,0.01084200061041903,0.9999999999990264,0.02620672987191017
E3,0.5,0.3,2,1.2,0.5,0.625,0.2,0.009240892618729735,0.01087465814892966,0.9999999999990234,0.02630858792735569
E3,0.5,0.3,2,1.2,0.5,0.625,0.2,0.009273316803356857,0.01090731642192715,0.9999999999990196,0.02641047201956096
E3,0.5,0.3,2,1.2,0.5,0.625,0.2,0.009305740987983979,0.01093997542710565,0.9999999999990166,0.02651238197910512
E3,0.5,0.3,2,1.2,0.5,0.625,0.2,0.0093381651726111,0.01097263516211495,0.9999999999990129,0.02661431763782097
E3,0.5,0.3,2,1.2,0.5,0.625,0.2,0.009370589357238222,0.01100529562455985,0.9999999999990093,0.02671627882878216
E3,0.5,0.3,2,1.2,0.5,0.625,0.2,0.009403013541865344,0.01103795681199969,0.9999999999990067,0.02681826538629027
E3,0.5,0.3,2,1.2,0.5,0.625,0.2,0.009435437726492467,0.01107061872194789,0.9999999999990019,0.02692027714586229
E3,0.5,0.3,2,1.2,0.5,0.625,0.2,0.009467861911119589,0.01110328135187126,0.999999999998999,0.0270223139442181
E3,0.5,0.3,2,1.2,0.5,0.625,0.2,0.009500286095746709,0.01113594469918973,0.9999999999989956,0.02712437561926815
E3,0.5,0.3,2,1.2,0.5,0.625,0.2,0.009532710280373832,0.01116860876127566,0.9999999999989911,0.02722646201010142
E3,0.5,0.3,2,1.2,0.5,0.625,0.2,0.009565134465000954,0.01120127353545343,0.9999999999989881,0.02732857295697337
E3,0.5,0.3,2,1.2,0.5,0.625,0.2,0.009597558649628076,0.0112339390189989,0.9999999999989849,0.02743070830129418
E3,0.5,0.3,2,1.2,0.5,0.625,0.2,0.009629982834255197,0.01126660520913894,0.9999999999989821,0.02753286788561702
E3,0.5,0.3,2,1.2,0.5,0.625,0.2,0.009662407018882319,0.01129927210305091,0.9999999999989791,0.02763505155362664
E3,0.5,0.3,2,1.2,0.5,0.625,0.2,0.009694831203509441,0.01133193969786213,0.9999999999989748,0.02773725915012787
E3,0.5,0.3,2,1.2,0.5,0.625,0.2,0.009727255388136563,0.01136460799064945,0.9999999999989708,0.02783949052103452
E3,0.5,0.3,2,1.2,0.5,0.625,0.2,0.009759679572763686,0.01139727697843865,0.9999999999989683,0.0279417455133583
E3,0.5,0.3,2,1.2,0.5,0.625,0.2,0.009792103757390806,0.01142994665820418,0.9999999999989634,0.02804402397519777
E3,0.5,0.3,2,1.2,0.5,0.625,0.2,0.009824527942017929,0.0114626170268683,0.9999999999989627,0.02814632575572773
E3,0.5,0.3,2,1.2,0.5,0.625,0.2,0.009856952126645051,0.01149528808130102,0.9999999999989584,0.02824865070518841
E3,0.5,0.3,2,1.2,0.5,0.625,0.2,0.009889376311272173,0.01152795981831925,0.9999999999989548,0.02835099867487504
E3,0.5,0.3,2,1.2,0.5,0.625,0.2,0.009921800495899294,0.01156063223468651,0.9999999999989506,0.02845336951712745
E3,0.5,0.3,2,1.2,0.5,0.625,0.2,0.009954224680526416,0.01159330532711245,0.9999999999989476,0.02855576308531979
E3,0.5,0.3,2,1.2,0.5,0.625,0.2,0.009986648865153538,0.01162597909225228,0.9999999999989438,0.02865817923385044
E3,0.5,0.3,2,1.2,0.5,0.625,0.2,0.01,0.01163943319028196,0.9999999999989424,0.02870035711845135
E4,0.7,0.3,2,0.857,0.3,0.7,5.551115123125783e-17,0,0.001599999999999999,1,0
E4,0.7,0.3,2,0.857,0.3,0.7,5.551115123125783e-17,3.242418462712188e-05,0.001619454510776274,0.9999999999999993,6.502924034422699e-05
E4,0.7,0.3,2,0.857,0.3,0.7,5.551115123125783e-17,6.484836925424376e-05,0.001638909021552546,0.9999999999999992,0.0001304390176301132
E4,0.7,0.3,2,0.857,0.3,0.7,5.551115123125783e-17,9.727255388136563e-05,0.001658363532328821,0.9999999999999988,0.0001962224285512957
E4,0.7,0.3,2,0.857,0.3,0.7,5.551115123125783e-17,0.0001296967385084875,0.001677818043105093,0.999999999999999,0.0002623727695949885
E4,0.7,0.3,2,0.857,0.3,0.7,5.551115123125783e-17,0.0001621209231356094,0.001697272553881365,0.9999999999999998,0.000328883529051933
E4,0.7,0.3,2,0.857,0.3,0.7,5.551115123125783e-17,0.0001945451077627313,0.00171672706465764,0.9999999999999988,0.0003957483794314783
E4,0.7,0.3,2,0.857,0.3,0.7,5.551115123125783e-17,0.0002269692923898531,0.001736181575433913,0.9999999999999983,0.0004629611702570442
E4,0.7,0.3,2,0.857,0.3,0.7,5.551115123125783e-17,0.000259393477016975,0.001755636086210184,0.9999999999999976,0.0005305159212189683
E4,0.7,0.3,2,0.857,0.3,0.7,5.551115123125783e-17,0.0002918176616440969,0.001775090596986458,0.9999999999999979,0.0005984068156633677
E4,0.7,0.3,2,0.857,0.3,0.7,5.551115123125783e-17,0.0003242418462712188,0.001794545107762729,0.999999999999998,0.0006666281943971373
E4,0.7,0.3,2,0.857,0.3,0.7,5.551115123125783e-17,0.0003566660308983406,0.001813999618539005,0.9999999999999966,0.0007351745497905645
E4,0.7,0.3,2,0.857,0.3,0.7,5.551115123125783e-17,0.0003890902155254625,0.001833454129315277,0.999999999999997,0.0008040405201603239
E4,0.7,0.3,2,0.857,0.3,0.7,5.551115123125783e-17,0.0004215144001525844,0.001852908640091551,0.999999999999997,0.0008732208844167609
E4,0.7,0.3,2,0.857,0.3,0.7,5.551115123125783e-17,0.0004539385847797063,0.001872363150867824,0.9999999999999966,0.0009427105569604709
E4,0.7,0.3,2,0.857,0.3,0.7,5.551115123125783e-17,0.0004863627694068281,0.001891817661644097,0.9999999999999963,0.001012504582814148
E4,0.7,0.3,2,0.857,0.3,0.7,5.551115123125783e-17,0.0005187869540339501,0.001911272172420369,0.9999999999999964,0.001082598132976625
E4,0.7,0.3,2,0.857,0.3,0.7,5.551115123125783e-17,0.0005512111386610719,0.001930726683196643,0.9999999999999961,0.001152986499986855
E4,0.7,0.3,2,0.857,0.3,0.7,5.551115123125783e-17,0.0005836353232881937,0.001950181193972917,0.9999999999999952,0.001223665093686383
E4,0.7,0.3,2,0.857,0.3,0.7,5.551115123125783e-17,0.0006160595079153157,0.001969635704749187,0.9999999999999958,0.001294629437169572
E4,0.7,0.3,2,0.857,0.3,0.7,5.551115123125783e-17,0.0006484836925424375,0.00198909021552546,0.9999999999999954,0.00136587516291156
E4,0.7,0.3,2,0.857,0.3,0.7,5.551115123125783e-17,0.0006809078771695594,0.002008544726301735,0.9999999999999954,0.001437398009064496
E4,0.7,0.3,2,0.857,0.3,0.7,5.551115123125783e-17,0.0007133320617966813,0.002027999237078013,0.9999999999999937,0.001509193815913246
E4,0.7,0.3,2,0.857,0.3,0.7,5.551115123125783e-17,0.0007457562464238032,0.002047453747854281,0.9999999999999939,0.001581258522482249
E4,0.7,0.3,2,0.857,0.3,0.7,5.551115123125783e-17,0.000778180431050925,0.002066908258630558,0.9999999999999942,0.001653588163285757
E4,0.7,0.3,2,0.857,0.3,0.7,5.551115123125783e-17,0.0008106046156780469,0.002086362769406826,0.9999999999999941,0.001726178865214116
E4,0.7,0.3,2,0.857,0.3,0.7,5.551115123125783e-17,0.0008430288003051688,0.002105817280183104,0.9999999999999936,0.001799026844549215
E4,0.7,0.3,2,0.857,0.3,0.7,5.551115123125783e-17,0.0008754529849322907,0.002125271790959376,0.9999999999999929,0.00187212840410262
E4,0.7,0.3,2,0.857,0.3,0.7,5.551115123125783e-17,0.0009078771695594126,0.002144726301735649,0.9999999999999937,0.001945479930470297
E4,0.7,0.3,2,0.857,0.3,0.7,5.551115123125783e-17,0.0009403013541865344,0.002164180812511925,0.999999999999992,0.002019077891398189
E4,0.7,0.3,2,0.857,0.3,0.7,5.551115123125783e-17,0.0009727255388136563,0.002183635323288193,0.9999999999999929,0.002092918833253219
E4,0.7,0.3,2,0.857,0.3,0.7,5.551115123125783e-17,0.001005149723440778,0.002203089834064468,0.9999999999999917,0.00216699937859461
E4,0.7,0.3,2,0.857,0.3,0.7,5.551115123125783e-17,0.0010375739080679,0.002222544344840739,0.9999999999999925,0.002241316223840746
E4,0.7,0.3,2,0.857,0.3,0.7,5.551115123125783e-17,0.001069998092695022,0.002241998855617012,0.9999999999999923,0.002315866137026981
E4,0.7,0.3,2,0.857,0.3,0.7,5.551115123125783e-17,0.001102422277322144,0.002261453366393285,0.9999999999999925,0.002390645955650142
E4,0.7,0.3,2,0.857,0.3,0.7,5.551115123125783e-17,0.001134846461949266,0.002280907877169558,0.9999999999999919,0.002465652584595636
E4,0.7,0.3,2,0.857,0.3,0.7,5.551115123125783e-17,0.001167270646576387,0.002300362387945831,0.9999999999999917,0.00254088299414337
E4,0.7,0.3,2,0.857,0.3,0.7,5.551115123125783e-17,0.00119969483120351,0.002319816898722106,0.9999999999999905,0.002616334218048821
E4,0.7,0.3,2,0.857,0.3,0.7,5.551115123125783e-17,0.001232119015830631,0.00233927140949838,0.9999999999999903,0.002692003351695843
E4,0.7,0.3,2,0.857,0.3,0.7,5.551115123125783e-17,0.001264543200457753,0.002358725920274652,0.9999999999999905,0.002767887550317979
E4,0.7,0.3,2,0.857,0.3,0.7,5.551115123125783e-17,0.001296967385084875,0.002378180431050928,0.99999999999999,0.002843984027285169
E4,0.7,0.3,2,0.857,0.3,0.7,5.551115123125783e-17,0.001329391569711997,0.002397634941827197,0.9999999999999903,0.002920290052452969
E4,0.7,0.3,2,0.857,0.3,0.7,5.551115123125783e-17,0.001361815754339119,0.00241708945260347,0.9999999999999901,0.002996802950571517
E4,0.7,0.3,2,0.857,0.3,0.7,5.551115123125783e-17,0.001394239938966241,0.002436543963379743,0.9999999999999895,0.003073520099751604
E4,0.7,0.3,2,0.857,0.3,0.7,5.551115123125783e-17,0.001426664123593363,0.002455998474156018,0.9999999999999896,0.003150438929985405
E4,0.7,0.3,2,0.857,0.3,0.7,5.551115123125783e-17,0.001459088308220484,0.002475452984932291,0.9999999999999896,0.003227556921719479
E4,0.7,0.3,2,0.857,0.3,0.7,5.551115123125783e-17,0.001491512492847606,0.002494907495708562,0.9999999999999885,0.003304871604477811
E4,0.7,0.3,2,0.857,0.3,0.7,5.551115123125783e-17,0.001523936677474728,0.002514362006484834,0.9999999999999891,0.003382380555532774
E4,0.7,0.3,2,0.857,0.3,0.7,5.551115123125783e-17,0.00155636086210185,0.002533816517261108,0.9999999999999883,0.003460081398621998
E4,0.7,0.3,2,0.857,0.3,0.7,5.551115123125783e-17,0.001588785046728972,0.002553271028037384,0.9999999999999886,0.003537971802709185
E4,0.7,0.3,2,0.857,0.3,0.7,5.551115123125783e-17,0.001621209231356094,0.002572725538813655,0.9999999999999877,0.003616049480787112
E4,0.7,0.3,2,0.857,0.3,0.7,5.551115123125783e-17,0.001653633415983216,0.00259218004958993,0.9999999999999882,0.00369431218872102
E4,0.7,0.3,2,0.857,0.3,0.7,5.551115123125783e-17,0.001686057600610338,0.002611634560366198,0.9999999999999873,0.003772757724130768
E4,0.7,0.3,2,0.857,0.3,0.7,5.551115123125783e-17,0.001718481785237459,0.002631089071142476,0.9999999999999866,0.003851383925310169
E4,0.7,0.3,2,0.857,0.3,0.7,5.551115123125783e-17,0.001750905969864581,0.002650543581918752,0.9999999999999869,0.00393018867018203
E4,0.7,0.3,2,0.857,0.3,0.7,5.551115123125783e-17,0.001783330154491703,0.002669998092695023,0.9999999999999867,0.004009169875287408
E4,0.7,0.3,2,0.857,0.3,0.7,5.551115123125783e-17,0.001815754339118825,0.002689452603471291,0.9999999999999868,0.004088325494807804
E4,0.7,0.3,2,0.857,0.3,0.7,5.551115123125783e-17,0.001848178523745947,0.002708907114247569,0.9999999999999856,0.004167653519618926
E4,0.7,0.3,2,0.857,0.3,0.7,5.551115123125783e-17,0.001880602708373069,0.002728361625023836,0.9999999999999863,0.004247151976374828
E4,0.7,0.3,2,0.857,0.3,0.7,5.551115123125783e-17,0.001913026893000191,0.002747816135800114,0.9999999999999855,0.004326818926621203
E4,0.7,0.3,2,0.857,0.3,0.7,5.551115123125783e-17,0.001945451077627313,0.002767270646576392,0.9999999999999853,0.004406652465936758
E4,0.7,0.3,2,0.857,0.3,0.7,5.551115123125783e-17,0.001977875262254434,0.002786725157352662,0.9999999999999851,0.00448665072310154
E4,0.7,0.3,2,0.857,0.3,0.7,5.551115123125783e-17,0.002010299446881556,0.002806179668128934,0.9999999999999852,0.00456681185929122
E4,0.7,0.3,2,0.857,0.3,0.7,5.551115123125783e-17,0.002042723631508678,0.002825634178905203,0.9999999999999852,0.004647134067296307
E4,0.7,0.3,2,0.857,0.3,0.7,5.551115123125783e-17,0.0020751478161358,0.002845088689681477,0.9999999999999845,0.004727615570765465
E4,0.7,0.3,2,0.857,0.3,0.7,5.551115123125783e-17,0.002107572000762922,0.002864543200457755,0.9999999999999838,0.004808254623471873
E4,0.7,0.3,2,0.857,0.3,0.7,5.551115123125783e-17,0.002139996185390044,0.002883997711234026,0.9999999999999837,0.004889049508601919
E4,0.7,0.3,2,0.857,0.3,0.7,5.551115123125783e-17,0.002172420370017166,0.002903452222010302,0.9999999999999835,0.004969998538065309
E4,0.7,0.3,2,0.857,0.3,0.7,5.551115123125783e-17,0.002204844554644288,0.002922906732786578,0.9999999999999822,0.005051100051825856
E4,0.7,0.3,2,0.857,0.3,0.7,5.551115123125783e-17,0.002237268739271409,0.002942361243562842,0.9999999999999843,0.005132352417252178
E4,0.7,0.3,2,0.857,0.3,0.7,5.551115123125783e-17,0.002269692923898531,0.002961815754339115,0.9999999999999833,0.005213754028487604
E4,0.7,0.3,2,0.857,0.3,0.7,5.551115123125783e-17,0.002302117108525653,0.002981270265115394,0.9999999999999821,0.005295303305838578
E4,0.7,0.3,2,0.857,0.3,0.7,5.551115123125783e-17,0.002334541293152775,0.003000724775891664,0.9999999999999825,0.00537699869518091
E4,0.7,0.3,2,0.857,0.3,0.7,5.551115123125783e-17,0.002366965477779897,0.003020179286667938,0.9999999999999816,0.005458838667383237
E4,0.7,0.3,2,0.857,0.3,0.7,5.551115123125783e-17,0.002399389662407019,0.003039633797444211,0.9999999999999821,0.005540821717747103
E4,0.7,0.3,2,0.857,0.3,0.7,5.551115123125783e-17,0.002431813847034141,0.003059088308220478,0.9999999999999837,0.005622946365463068
E4,0.7,0.3,2,0.857,0.3,0.7,5.551115123125783e-17,0.002464238031661263,0.003078542818996759,0.9999999999999817,0.005705211153082294
E4,0.7,0.3,2,0.857,0.3,0.7,5.551115123125783e-17,0.002496662216288385,0.003097997329773029,0.9999999999999817,0.005787614646003034
E4,0.7,0.3,2,0.857,0.3,0.7,5.551115123125783e-17,0.002529086400915506,0.003117451840549301,0.9999999999999816,0.005870155431971591
E4,0.7,0.3,2,0.857,0.3,0.7,5.551115123125783e-17,0.002561510585542628,0.003136906351325572,0.999999999999981,0.005952832120597171
E4,0.7,0.3,2,0.857,0.3,0.7,5.551115123125783e-17,0.00259393477016975,0.00315636086210185,0.9999999999999807,0.006035643342880235
E4,0.7,0.3,2,0.857,0.3,0.7,5.551115123125783e-17,0.002626358954796872,0.00317581537287812,0.9999999999999815,0.006118587750753818
E4,0.7,0.3,2,0.857,0.3,0.7,5.551115123125783e-17,0.002658783139423994,0.003195269883654396,0.9999999999999798,0.006201664016637456
E4,0.7,0.3,2,0.857,0.3,0.7,5.551115123125783e-17,0.002691207324051116,0.003214724394430666,0.9999999999999808,0.006284870833003241
E4,0.7,0.3,2,0.857,0.3,0.7,5.551115123125783e-17,0.002723631508678238,0.003234178905206943,0.9999999999999799,0.006368206911953612
E4,0.7,0.3,2,0.857,0.3,0.7,5.551115123125783e-17,0.00275605569330536,0.003253633415983217,0.9999999999999791,0.006451670984810566
E4,0.7,0.3,2,0.857,0.3,0.7,5.551115123125783e-17,0.002788479877932481,0.00327308792675949,0.9999999999999792,0.006535261801715801
E4,0.7,0.3,2,0.857,0.3,0.7,5.551115123125783e-17,0.002820904062559603,0.003292542437535763,0.9999999999999787,0.00661897813124154
E4,0.7,0.3,2,0.857,0.3,0.7,5.551115123125783e-17,0.002853328247186725,0.003311996948312038,0.9999999999999787,0.006702818760011615
E4,0.7,0.3,2,0.857,0.3,0.7,5.551115123125783e-17,0.002885752431813847,0.003331451459088309,0.9999999999999781,0.006786782492332525
E4,0.7,0.3,2,0.857,0.3,0.7,5.551115123125783e-17,0.002918176616440969,0.003350905969864578,0.9999999999999785,0.006870868149834145
E4,0.7,0.3,2,0.857,0.3,0.7,5.551115123125783e-17,0.002950600801068091,0.003370360480640854,0.9999999999999786,0.006955074571119751
E4,0.7,0.3,2,0.857,0.3,0.7,5.551115123125783e-17,0.002983024985695213,0.003389814991417126,0.999999999999978,0.007039400611425123
E4,0.7,0.3,2,0.857,0.3,0.7,5.551115123125783e-17,0.003015449170322335,0.003409269502193403,0.999999999999977,0.00712384514228634
E4,0.7,0.3,2,0.857,0.3,0.7,5.551115123125783e-17,0.003047873354949457,0.003428724012969675,0.9999999999999774,0.007208407051216154
E4,0.7,0.3,2,0.857,0.3,0.7,5.551115123125783e-17,0.003080297539576578,0.003448178523745946,0.9999999999999772,0.007293085241388495
E4,0.7,0.3,2,0.857,0.3,0.7,5.551115123125783e-17,0.0031127217242037,0.003467633034522216,0.9999999999999775,0.007377878631330996
E4,0.7,0.3,2,0.857,0.3,0.7,5.551115123125783e-17,0.003145145908830822,0.003487087545298491,0.9999999999999768,0.007462786154625225
E4,0.7,0.3,2,0.857,0.3,0.7,5.551115123125783e-17,0.003177570093457944,0.003506542056074767,0.9999999999999766,0.007547806759614415
E4,0.7,0.3,2,0.857,0.3,0.7,5.551115123125783e-17,0.003209994278085066,0.00352599656685104,0.9999999999999761,0.007632939409118441
E4,0.7,0.3,2,0.857,0.3,0.7,5.551115123125783e-17,0.003242418462712188,0.003545451077627311,0.9999999999999757,0.007718183080155849
E4,0.7,0.3,2,0.857,0.3,0.7,5.551115123125783e-17,0.003274842647339309,0.003564905588403586,0.999999999999976,0.00780353676367268
E4,0.7,0.3,2,0.857,0.3,0.7,5.551115123125783e-17,0.003307266831966432,0.003584360099179854,0.9999999999999758,0.007888999464277995
E4,0.7,0.3,2,0.857,0.3,0.7,5.551115123125783e-17,0.003339691016593553,0.003603814609956131,0.9999999999999754,0.007974570199985742
E4,0.7,0.3,2,0.857,0.3,0.7,5.551115123125783e-17,0.003372115201220675,0.003623269120732405,0.9999999999999755,0.008060248001962927
E4,0.7,0.3,2,0.857,0.3,0.7,5.551115123125783e-17,0.003404539385847797,0.00364272363150868,0.9999999999999744,0.008146031914283789
E4,0.7,0.3,2,0.857,0.3,0.7,5.551115123125783e-17,0.003436963570474919,0.003662178142284951,0.9999999999999738,0.008231920993689919
E4,0.7,0.3,2,0.857,0.3,0.7,5.551115123125783e-17,0.003469387755102041,0.003681632653061218,0.9999999999999752,0.008317914309356007
E4,0.7,0.3,2,0.857,0.3,0.7,5.551115123125783e-17,0.003501811939729163,0.003701087163837491,0.9999999999999741,0.008404010942661194
E4,0.7,0.3,2,0.857,0.3,0.7,5.551115123125783e-17,0.003534236124356284,0.003720541674613768,0.9999999999999738,0.008490209986965785
E4,0.7,0.3,2,0.857,0.3,0.7,5.551115123125783e-17,0.003566660308983406,0.003739996185390039,0.9999999999999732,0.008576510547393189
E4,0.7,0.3,2,0.857,0.3,0.7,5.551115123125783e-17,0.003599084493610528,0.003759450696166311,0.9999999999999734,0.008662911740616926
E4,0.7,0.3,2,0.857,0.3,0.7,5.551115123125783e-17,0.00363150867823765,0.003778905206942577,0.9999999999999734,0.008749412694652596
E4,0.7,0.3,2,0.857,0.3,0.7,5.551115123125783e-17,0.003663932862864772,0.003798359717718855,0.999999999999973,0.008836012548654659
E4,0.7,0.3,2,0.857,0.3,0.7,5.551115123125783e-17,0.003696357047491894,0.003817814228495125,0.9999999999999731,0.008922710452717805
E4,0.7,0.3,2,0.857,0.3,0.7,5.551115123125783e-17,0.003728781232119016,0.003837268739271397,0.9999999999999725,0.00900950556768295
E4,0.7,0.3,2,0.857,0.3,0.7,5.551115123125783e-17,0.003761205416746138,0.003856723250047666,0.9999999999999727,0.009096397064947552
E4,0.7,0.3,2,0.857,0.3,0.7,5.551115123125783e-17,0.00379362960137326,0.003876177760823937,0.9999999999999719,0.009183384126280291
E4,0.7,0.3,2,0.857,0.3,0.7,5.551115123125783e-17,0.003826053786000381,0.003895632271600208,0.9999999999999718,0.009270465943639851
E4,0.7,0.3,2,0.857,0.3,0.7,5.551115123125783e-17,0.003858477970627503,0.003915086782376483,0.9999999999999709,0.009357641718997795
E4,0.7,0.3,2,0.857,0.3,0.7,5.551115123125783e-17,0.003890902155254625,0.003934541293152742,0.9999999999999712,0.009444910664165369
E4,0.7,0.3,2,0.857,0.3,0.7,5.551115123125783e-17,0.003923326339881747,0.003953995803929012,0.9999999999999714,0.009532272000624138
E4,0.7,0.3,2,0.857,0.3,0.7,5.551115123125783e-17,0.003955750524508869,0.003973450314705286,0.999999999999971,0.009619724959360375
E4,0.7,0.3,2,0.857,0.3,0.7,5.551115123125783e-17,0.003988174709135991,0.003992904825481542,0.9999999999999715,0.009707268780703051
E4,0.7,0.3,2,0.857,0.3,0.7,5.551115123125783e-17,0.004020598893763112,0.004012359336257812,0.9999999999999708,0.009794902714165379
E4,0.7,0.3,2,0.857,0.3,0.7,5.551115123125783e-17,0.004053023078390235,0.004031813847034075,0.9999999999999701,0.009882626018289827
E4,0.7,0.3,2,0.857,0.3,0.7,5.551115123125783e-17,0.004085447263017357,0.004051268357810336,0.9999999999999697,0.009970437960496419
E4,0.7,0.3,2,0.857,0.3,0.7,5.551115123125783e-17,0.004117871447644478,0.004070722868586595,0.9999999999999706,0.01005833781693435
E4,0.7,0.3,2,0.857,0.3,0.7,5.551115123125783e-17,0.004150295632271601,0.004090177379362859,0.9999999999999684,0.01014632487233677
E4,0.7,0.3,2,0.857,0.3,0.7,5.551115123125783e-17,0.004182719816898722,0.004109631890139118,0.9999999999999682,0.01023439841987862
E4,0.7,0.3,2,0.857,0.3,0.7,5.551115123125783e-17,0.004215144001525844,0.004129086400915368,0.9999999999999691,0.01032255776103759
E4,0.7,0.3,2,0.857,0.3,0.7,5.551115123125783e-17,0.004247568186152966,0.004148540911691619,0.9999999999999697,0.01041080220545785
E4,0.7,0.3,2,0.857,0.3,0.7,5.551115123125783e-17,0.004279992370780088,0.00416799542246787,0.9999999999999677,0.01049913107081682
E4,0.7,0.3,2,0.857,0.3,0.7,5.551115123125783e-17,0.004312416555407209,0.004187449933244112,0.9999999999999684,0.01058754368269457
E4,0.7,0.3,2,0.857,0.3,0.7,5.551115123125783e-17,0.004344840740034332,0.00420690444402036,0.9999999999999671,0.01067603937444608
E4,0.7,0.3,2,0.857,0.3,0.7,5.551115123125783e-17,0.004377264924661453,0.004226358954796598,0.9999999999999671,0.01076461748707599
E4,0.7,0.3,2,0.857,0.3,0.7,5.551115123125783e-17,0.004409689109288575,0.00424581346557282,0.999999999999967,0.01085327736911612
E4,0.7,0.3,2,0.857,0.3,0.7,5.551115123125783e-17,0.004442113293915697,0.004265267976349048,0.9999999999999669,0.0109420183765053
E4,0.7,0.3,2,0.857,0.3,0.7,5.551115123125783e-17,0.004474537478542819,0.004284722487125267,0.9999999999999671,0.01103083987247184
E4,0.7,0.3,2,0.857,0.3,0.7,5.551115123125783e-17,0.004506961663169941,0.004304176997901476,0.9999999999999669,0.01111974122741829
E4,0.7,0.3,2,0.857,0.3,0.7,5.551115123125783e-17,0.004539385847797063,0.004323631508677683,0.9999999999999654,0.01120872181880857
E4,0.7,0.3,2,0.857,0.3,0.7,5.551115123125783e-17,0.004571810032424185,0.004343086019453867,0.9999999999999666,0.01129778103105729
E4,0.7,0.3,2,0.857,0.3,0.7,5.551115123125783e-17,0.004604234217051306,0.00436254053023005,0.9999999999999646,0.01138691825542147
E4,0.7,0.3,2,0.857,0.3,0.7,5.551115123125783e-17,0.004636658401678428,0.004381995041006225,0.9999999999999657,0.01147613288989421
E4,0.7,0.3,2,0.857,0.3,0.7,5.551115123125783e-17,0.00466908258630555,0.004401449551782376,0.9999999999999656,0.0115654243391007
E4,0.7,0.3,2,0.857,0.3,0.7,5.551115123125783e-17,0.004701506770932672,0.004420904062558516,0.9999999999999649,0.01165479201419605
E4,0.7,0.3,2,0.857,0.3,0.7,5.551115123125783e-17,0.004733930955559794,0.004440358573334645,0.9999999999999649,0.01174423533276538
E4,0.7,0.3,2,0.857,0.3,0.7,5.551115123125783e-17,0.004766355140186916,0.004459813084110757,0.9999999999999645,0.01183375371872561
E4,0.7,0.3,2,0.857,0.3,0.7,5.551115123125783e-17,0.004798779324814038,0.004479267594886824,0.9999999999999649,0.01192334660222943
E4,0.7,0.3,2,0.857,0.3,0.7,5.551115123125783e-17,0.004831203509441159,0.004498722105662891,0.9999999999999645,0.01201301341957096
E4,0.7,0.3,2,0.857,0.3,0.7,5.551115123125783e-17,0.004863627694068282,0.004518176616438927,0.9999999999999641,0.0121027536130933
E4,0.7,0.3,2,0.857,0.3,0.7,5.551115123125783e-17,0.004896051878695403,0.004537631127214926,0.9999999999999641,0.0121925666310979
E4,0.7,0.3,2,0.857,0.3,0.7,5.551115123125783e-17,0.004928476063322525,0.004557085637990906,0.9999999999999638,0.01228245192775557
E4,0.7,0.3,2,0.857,0.3,0.7,5.551115123125783e-17,0.004960900247949647,0.00457654014876685,0.9999999999999635,0.01237240896301928
E4,0.7,0.3,2,0.857,0.3,0.7,5.551115123125783e-17,0.004993324432576769,0.004595994659542737,0.9999999999999629,0.01246243720253861
E4,0.7,0.3,2,0.857,0.3,0.7,5.551115123125783e-17,0.005025748617203891,0.004615449170318595,0.9999999999999623,0.01255253611757578
E4,0.7,0.3,2,0.857,0.3,0.7,5.551115123125783e-17,0.005058172801831013,0.004634903681094399,0.9999999999999623,0.01264270518492333
E4,0.7,0.3,2,0.857,0.3,0.7,5.551115123125783e-17,0.005090596986458135,0.004654358191870139,0.9999999999999626,0.01273294388682329
E4,0.7,0.3,2,0.857,0.3,0.7,5.551115123125783e-17,0.005123021171085256,0.004673812702645829,0.9999999999999627,0.01282325171088789
E4,0.7,0.3,2,0.857,0.3,0.7,5.551115123125783e-17,0.005155445355712379,0.004693267213421449,0.9999999999999626,0.01291362815002175
E4,0.7,0.3,2,0.857,0.3,0.7,5.551115123125783e-17,0.0051878695403395,0.004712721724196992,0.9999999999999627,0.0130040727023455
E4,0.7,0.3,2,0.857,0.3,0.7,5.551115123125783e-17,0.005220293724966622,0.004732176234972458,0.9999999999999614,0.01309458487112084
E4,0.7,0.3,2,0.857,0.3,0.7,5.551115123125783e-17,0.005252717909593744,0.004751630745747837,0.9999999999999613,0.01318516416467697
E4,0.7,0.3,2,0.857,0.3,0.7,5.551115123125783e-17,0.005285142094220866,0.004771085256523112,0.9999999999999609,0.01327581009633833
E4,0.7,0.3,2,0.857,0.3,0.7,5.551115123125783e-17,0.005317566278847987,0.004790539767298275,0.9999999999999616,0.01336652218435378
E4,0.7,0.3,2,0.857,0.3,0.7,5.551115123125783e-17,0.00534999046347511,0.004809994278073338,0.9999999999999596,0.01345729995182687
E4,0.7,0.3,2,0.857,0.3,0.7,5.551115123125783e-17,0.005382414648102232,0.004829448788848242,0.9999999999999608,0.01354814292664759
E4,0.7,0.3,2,0.857,0.3,0.7,5.551115123125783e-17,0.005414838832729353,0.004848903299623011,0.9999999999999603,0.01363905064142517
E4,0.7,0.3,2,0.857,0.3,0.7,5.551115123125783e-17,0.005447263017356476,0.004868357810397632,0.9999999999999598,0.01373002263342226
E4,0.7,0.3,2,0.857,0.3,0.7,5.551115123125783e-17,0.005479687201983597,0.004887812321172071,0.9999999999999598,0.0138210584444901
E4,0.7,0.3,2,0.857,0.3,0.7,5.551115123125783e-17,0.005512111386610719,0.004907266831946314,0.9999999999999595,0.01391215762100505
E4,0.7,0.3,2,0.857,0.3,0.7,5.551115123125783e-17,0.005544535571237841,0.004926721342720364,0.9999999999999595,0.01400331971380604
E4,0.7,0.3,2,0.857,0.3,0.7,5.551115123125783e-17,0.005576959755864963,0.004946175853494172,0.9999999999999585,0.01409454427813333
E4,0.7,0.3,2,0.857,0.3,0.7,5.551115123125783e-17,0.005609383940492084,0.004965630364267732,0.9999999999999596,0.01418583087356817
E4,0.7,0.3,2,0.857,0.3,0.7,5.551115123125783e-17,0.005641808125119207,0.00498508487504104,0.9999999999999579,0.01427717906397366
E4,0.7,0.3,2,0.857,0.3,0.7,5.551115123125783e-17,0.005674232309746329,0.00500453938581403,0.9999999999999578,0.01436858841743649
E4,0.7,0.3,2,0.857,0.3,0.7,5.551115123125783e-17,0.00570665649437345,0.005023993896586702,0.9999999999999584,0.01446005850620994
E4,0.7,0.3,2,0.857,0.3,0.7,5.551115123125783e-17,0.005739080679000572,0.005043448407359019,0.9999999999999579,0.01455158890665759
E4,0.7,0.3,2,0.857,0.3,0.7,5.551115123125783e-17,0.005771504863627694,0.005062902918130956,0.9999999999999576,0.01464317919919818
E4,0.7,0.3,2,0.857,0.3,0.7,5.551115123125783e-17,0.005803929048254816,0.005082357428902483,0.9999999999999559,0.01473482896825139
E4,0.7,0.3,2,0.857,0.3,0.7,5.551115123125783e-17,0.005836353232881938,0.005101811939673546,0.9999999999999573,0.01482653780218448
E4,0.7,0.3,2,0.857,0.3,0.7,5.551115123125783e-17,0.00586877741750906,0.005121266450444121,0.999999999999955,0.01491830529325997
E4,0.7,0.3,2,0.857,0.3,0.7,5.551115123125783e-17,0.005901201602136181,0.005140720961214148,0.9999999999999549,0.01501013103758405
E4,0.7,0.3,2,0.857,0.3,0.7,5.551115123125783e-17,0.005933625786763303,0.005160175471983598,0.9999999999999568,0.01510201463505599
E4,0.7,0.3,2,0.857,0.3,0.7,5.551115123125783e-17,0.005966049971390426,0.005179629982752418,0.9999999999999568,0.01519395568931843
E4,0.7,0.3,2,0.857,0.3,0.7,5.551115123125783e-17,0.005998474156017547,0.005199084493520556,0.9999999999999549,0.01528595380770829
E4,0.7,0.3,2,0.857,0.3,0.7,5.551115123125783e-17,0.006030898340644669,0.005218539004287944,0.9999999999999556,0.01537800860120881
E4,0.7,0.3,2,0.857,0.3,0.7,5.551115123125783e-17,0.006063322525271791,0.005237993515054535,0.999999999999955,0.01547011968440213
E4,0.7,0.3,2,0.857,0.3,0.7,5.551115123125783e-17,0.006095746709898913,0.00525744802582025,0.9999999999999546,0.01556228667542285
E4,0.7,0.3,2,0.857,0.3,0.7,5.551115123125783e-17,0.006128170894526034,0.005276902536585038,0.9999999999999546,0.0156545091959122
E4,0.7,0.3,2,0.857,0.3,0.7,5.551115123125783e-17,0.006160595079153157,0.005296357047348799,0.9999999999999536,0.01574678687097309
E4,0.7,0.3,2,0.857,0.3,0.7,5.551115123125783e-17,0.006193019263780278,0.00531581155811148,0.9999999999999537,0.01583911932912585
E4,0.7,0.3,2,0.857,0.3,0.7,5.551115123125783e-17,0.0062254434484074,0.005335266068872953,0.9999999999999547,0.01593150620226468
E4,0.7,0.3,2,0.857,0.3,0.7,5.551115123125783e-17,0.006257867633034522,0.005354720579633169,0.999999999999953,0.01602394712561485
E4,0.7,0.3,2,0.857,0.3,0.7,5.551115123125783e-17,0.006290291817661644,0.005374175090392004,0.9999999999999528,0.01611644173769058
E4,0.7,0.3,2,0.857,0.3,0.7,5.551115123125783e-17,0.006322716002288766,0.005393629601149343,0.999999999999953,0.01620898968025361
E4,0.7,0.3,2,0.857,0.3,0.7,5.551115123125783e-17,0.006355140186915888,0.005413084111905104,0.9999999999999525,0.01630159059827237
E4,0.7,0.3,2,0.857,0.3,0.7,5.551115123125783e-17,0.00638756437154301,0.00543253862265913,0.9999999999999531,0.01639424413988199
E4,0.7,0.3,2,0.857,0.3,0.7,5.551115123125783e-17,0.006419988556170131,0.005451993133411314,0.9999999999999527,0.01648694995634468
E4,0.7,0.3,2,0.857,0.3,0.7,5.551115123125783e-17,0.006452412740797254,0.005471447644161522,0.9999999999999523,0.01657970770201105
E4,0.7,0.3,2,0.857,0.3,0.7,5.551115123125783e-17,0.006484836925424375,0.005490902154909569,0.9999999999999519,0.01667251703428179
E4,0.7,0.3,2,0.857,0.3,0.7,5.551115123125783e-17,0.006517261110051497,0.005510356665655343,0.9999999999999518,0.01676537761357008
E4,0.7,0.3,2,0.857,0.3,0.7,5.551115123125783e-17,0.006549685294678619,0.005529811176398653,0.9999999999999504,0.0168582891032646
E4,0.7,0.3,2,0.857,0.3,0.7,5.551115123125783e-17,0.006582109479305741,0.005549265687139313,0.9999999999999499,0.0169512511696931
E4,0.7,0.3,2,0.857,0.3,0.7,5.551115123125783e-17,0.006614533663932863,0.005568720197877145,0.9999999999999512,0.01704426348208648
E4,0.7,0.3,2,0.857,0.3,0.7,5.551115123125783e-17,0.006646957848559985,0.00558817470861194,0.99999999999995,0.01713732571254361
E4,0.7,0.3,2,0.857,0.3,0.7,5.551115123125783e-17,0.006679382033187107,0.005607629219343482,0.9999999999999497,0.01723043753599644
E4,0.7,0.3,2,0.857,0.3,0.7,5.551115123125783e-17,0.006711806217814228,0.005627083730071552,0.9999999999999494,0.01732359863017592
E4,0.7,0.3,2,0.857,0.3,0.7,5.551115123125783e-17,0.006744230402441351,0.005646538240795896,0.999999999999949,0.01741680867557827
E4,0.7,0.3,2,0.857,0.3,0.7,5.551115123125783e-17,0.006776654587068472,0.005665992751516255,0.9999999999999485,0.01751006735543183
E4,0.7,0.3,2,0.857,0.3,0.7,5.551115123125783e-17,0.006809078771695594,0.005685447262232348,0.9999999999999486,0.01760337435566436
E4,0.7,0.3,2,0.857,0.3,0.7,5.551115123125783e-17,0.006841502956322716,0.005704901772943903,0.9999999999999485,0.01769672936487104
E4,0.7,0.3,2,0.857,0.3,0.7,5.551115123125783e-17,0.006873927140949838,0.005724356283650587,0.9999999999999493,0.01779013207428266
E4,0.7,0.3,2,0.857,0.3,0.7,5.551115123125783e-17,0.00690635132557696,0.005743810794352101,0.9999999999999484,0.01788358217773454
E4,0.7,0.3,2,0.857,0.3,0.7,5.551115123125783e-17,0.006938775510204082,0.005763265305048073,0.9999999999999478,0.01797707937163581
E4,0.7,0.3,2,0.857,0.3,0.7,5.551115123125783e-17,0.006971199694831204,0.005782719815738148,0.999999999999947,0.01807062335493917
E4,0.7,0.3,2,0.857,0.3,0.7,5.551115123125783e-17,0.007003623879458325,0.005802174326421922,0.9999999999999476,0.01816421382911113
E4,0.7,0.3,2,0.857,0.3,0.7,5.551115123125783e-17,0.007036048064085447,0.005821628837099004,0.9999999999999474,0.01825785049810265
E4,0.7,0.3,2,0.857,0.3,0.7,5.551115123125783e-17,0.007068472248712569,0.005841083347768938,0.9999999999999474,0.01835153306832028
E4,0.7,0.3,2,0.857,0.3,0.7,5.551115123125783e-17,0.007100896433339691,0.005860537858431286,0.9999999999999464,0.01844526124859771
E4,0.7,0.3,2,0.857,0.3,0.7,5.551115123125783e-17,0.007133320617966813,0.005879992369085538,0.9999999999999457,0.01853903475016767
E4,0.7,0.3,2,0.857,0.3,0.7,5.551115123125783e-17,0.007165744802593935,0.005899446879731192,0.9999999999999456,0.01863285328663439
E4,0.7,0.3,2,0.857,0.3,0.7,5.551115123125783e-17,0.007198168987221056,0.00591890139036768,0.999999999999947,0.01872671657394637
E4,0.7,0.3,2,0.857,0.3,0.7,5.551115123125783e-17,0.007230593171848178,0.005938355900994481,0.9999999999999462,0.01882062433036949
E4,0.7,0.3,2,0.857,0.3,0.7,5.551115123125783e-17,0.007263017356475301,0.00595781041161095,0.9999999999999452,0.01891457627646072
E4,0.7,0.3,2,0.857,0.3,0.7,5.551115123125783e-17,0.007295441541102422,0.005977264922216462,0.9999999999999453,0.01900857213504202
E4,0.7,0.3,2,0.857,0.3,0.7,5.551115123125783e-17,0.007327865725729544,0.005996719432810327,0.9999999999999445,0.01910261163117466
E4,0.7,0.3,2,0.857,0.3,0.7,5.551115123125783e-17,0.007360289910356666,0.006016173943391864,0.9999999999999448,0.01919669449213401
E4,0.7,0.3,2,0.857,0.3,0.7,5.551115123125783e-17,0.007392714094983788,0.006035628453960295,0.9999999999999445,0.01929082044738462
E4,0.7,0.3,2,0.857,0.3,0.7,5.551115123125783e-17,0.007425138279610909,0.00605508296451487,0.999999999999945,0.01938498922855559
E4,0.7,0.3,2,0.857,0.3,0.7,5.551115123125783e-17,0.007457562464238032,0.006074537475054734,0.9999999999999444,0.01947920056941645
E4,0.7,0.3,2,0.857,0.3,0.7,5.551115123125783e-17,0.007489986648865153,0.006093991985579032,0.9999999999999443,0.01957345420585332
E4,0.7,0.3,2,0.857,0.3,0.7,5.551115123125783e-17,0.007522410833492275,0.006113446496086833,0.9999999999999438,0.01966774987584537
E4,0.7,0.3,2,0.857,0.3,0.7,5.551115123125783e-17,0.007554835018119398,0.006132901006577191,0.9999999999999438,0.01976208731944161
E4,0.7,0.3,2,0.857,0.3,0.7,5.551115123125783e-17,0.007587259202746519,0.006152355517049066,0.9999999999999438,0.0198564662787381
E4,0.7,0.3,2,0.857,0.3,0.7,5.551115123125783e-17,0.007619683387373641,0.006171810027501423,0.9999999999999438,0.01995088649785545
E4,0.7,0.3,2,0.857,0.3,0.7,5.551115123125783e-17,0.007652107572000763,0.006191264537933146,0.9999999999999425,0.02004534772291655
E4,0.7,0.3,2,0.857,0.3,0.7,5.551115123125783e-17,0.007684531756627885,0.006210719048343035,0.9999999999999427,0.02013984970202473
E4,0.7,0.3,2,0.857,0.3,0.7,5.551115123125783e-17,0.007716955941255006,0.006230173558729883,0.9999999999999412,0.02023439218524212
E4,0.7,0.3,2,0.857,0.3,0.7,5.551115123125783e-17,0.007749380125882129,0.006249628069092386,0.9999999999999418,0.02032897492456848
E4,0.7,0.3,2,0.857,0.3,0.7,5.551115123125783e-17,0.00778180431050925,0.006269082579429204,0.9999999999999407,0.02042359767392009
E4,0.7,0.3,2,0.857,0.3,0.7,5.551115123125783e-17,0.007814228495136372,0.006288537089738895,0.9999999999999407,0.02051826018910915
E4,0.7,0.3,2,0.857,0.3,0.7,5.551115123125783e-17,0.007846652679763495,0.006307991600020002,0.9999999999999405,0.02061296222782335
E4,0.7,0.3,2,0.857,0.3,0.7,5.551115123125783e-17,0.007879076864390617,0.006327446110270924,0.9999999999999402,0.02070770354960572
E4,0.7,0.3,2,0.857,0.3,0.7,5.551115123125783e-17,0.007911501049017737,0.006346900620490056,0.9999999999999397,0.02080248391583481
E4,0.7,0.3,2,0.857,0.3,0.7,5.551115123125783e-17,0.00794392523364486,0.006366355130675674,0.9999999999999405,0.02089730308970515
E4,0.7,0.3,2,0.857,0.3,0.7,5.551115123125783e-17,0.007976349418271982,0.00638580964082601,0.9999999999999396,0.02099216083620787
E4,0.7,0.3,2,0.857,0.3,0.7,5.551115123125783e-17,0.008008773602899104,0.006405264150939164,0.9999999999999386,0.02108705692211171
E4,0.7,0.3,2,0.857,0.3,0.7,5.551115123125783e-17,0.008041197787526225,0.006424718661013192,0.9999999999999389,0.02118199111594424
E4,0.7,0.3,2,0.857,0.3,0.7,5.551115123125783e-17,0.008073621972153347,0.00644417317104604,0.9999999999999387,0.02127696318797335
E4,0.7,0.3,2,0.857,0.3,0.7,5.551115123125783e-17,0.008106046156780469,0.006463627681035556,0.9999999999999393,0.0213719729101889
E4,0.7,0.3,2,0.857,0.3,0.7,5.551115123125783e-17,0.008138470341407592,0.006483082190979513,0.9999999999999392,0.02146702005628478
E4,0.7,0.3,2,0.857,0.3,0.7,5.551115123125783e-17,0.008170894526034714,0.006502536700875566,0.9999999999999392,0.02156210440164103
E4,0.7,0.3,2,0.857,0.3,0.7,5.551115123125783e-17,0.008203318710661834,0.006521991210721298,0.9999999999999383,0.02165722572330639
E4,0.7,0.3,2,0.857,0.3,0.7,5.551115123125783e-17,0.008235742895288957,0.006541445720514114,0.999999999999938,0.02175238379998095
E4,0.7,0.3,2,0.857,0.3,0.7,5.551115123125783e-17,0.008268167079916079,0.00656090023025137,0.9999999999999374,0.02184757841199905
E4,0.7,0.3,2,0.857,0.3,0.7,5.551115123125783e-17,0.008300591264543201,0.006580354739930305,0.9999999999999373,0.02194280934131241
E4,0.7,0.3,2,0.857,0.3,0.7,5.551115123125783e-17,0.008333015449170322,0.006599809249547993,0.9999999999999364,0.02203807637147353
E4,0.7,0.3,2,0.857,0.3,0.7,5.551115123125783e-17,0.008365439633797444,0.006619263759101412,0.9999999999999377,0.02213337928761927
E4,0.7,0.3,2,0.857,0.3,0.7,5.551115123125783e-17,0.008397863818424566,0.00663871826858744,0.9999999999999375,0.02222871787645469
E4,0.7,0.3,2,0.857,0.3,0.7,5.551115123125783e-17,0.008430288003051688,0.006658172778002768,0.9999999999999367,0.02232409192623697
E4,0.7,0.3,2,0.857,0.3,0.7,5.551115123125783e-17,0.008462712187678811,0.006677627287343975,0.9999999999999357,0.02241950122675974
E4,0.7,0.3,2,0.857,0.3,0.7,5.551115123125783e-17,0.008495136372305931,0.006697081796607501,0.9999999999999359,0.02251494556933746
E4,0.7,0.3,2,0.857,0.3,0.7,5.551115123125783e-17,0.008527560556933053,0.006716536305789615,0.9999999999999363,0.02261042474679003
E4,0.7,0.3,2,0.857,0.3,0.7,5.551115123125783e-17,0.008559984741560176,0.006735990814886476,0.9999999999999357,0.02270593855342771
E4,0.7,0.3,2,0.857,0.3,0.7,5.551115123125783e-17,0.008592408926187298,0.006755445323894051,0.9999999999999358,0.02280148678503605
E4,0.7,0.3,2,0.857,0.3,0.7,5.551115123125783e-17,0.008624833110814419,0.006774899832808156,0.9999999999999348,0.02289706923886117
E4,0.7,0.3,2,0.857,0.3,0.7,5.551115123125783e-17,0.008657257295441541,0.006794354341624416,0.9999999999999346,0.02299268571359517
E4,0.7,0.3,2,0.857,0.3,0.7,5.551115123125783e-17,0.008689681480068663,0.006813808850338312,0.9999999999999348,0.02308833600936171
E4,0.7,0.3,2,0.857,0.3,0.7,5.551115123125783e-17,0.008722105664695785,0.006833263358945143,0.9999999999999349,0.02318401992770184
E4,0.7,0.3,2,0.857,0.3,0.7,5.551115123125783e-17,0.008754529849322906,0.00685271786744,0.9999999999999335,0.02327973727155989
E4,0.7,0.3,2,0.857,0.3,0.7,5.551115123125783e-17,0.008786954033950028,0.006872172375817801,0.9999999999999344,0.02337548784526975
E4,0.7,0.3,2,0.857,0.3,0.7,5.551115123125783e-17,0.00881937821857715,0.006891626884073253,0.9999999999999328,0.02347127145454099
E4,0.7,0.3,2,0.857,0.3,0.7,5.551115123125783e-17,0.008851802403204273,0.006911081392200859,0.9999999999999347,0.02356708790644551
E4,0.7,0.3,2,0.857,0.3,0.7,5.551115123125783e-17,0.008884226587831395,0.006930535900194951,0.9999999999999333,0.02366293700940419
E4,0.7,0.3,2,0.857,0.3,0.7,5.551115123125783e-17,0.008916650772458515,0.006949990408049564,0.9999999999999326,0.02375881857317365
E4,0.7,0.3,2,0.857,0.3,0.7,5.551115123125783e-17,0.008949074957085638,0.006969444915758585,0.9999999999999335,0.02385473240883332
E4,0.7,0.3,2,0.857,0.3,0.7,5.551115123125783e-17,0.00898149914171276,0.006988899423315619,0.9999999999999332,0.02395067832877257
E4,0.7,0.3,2,0.857,0.3,0.7,5.551115123125783e-17,0.009013923326339882,0.007008353930714081,0.9999999999999317,0.02404665614667798
E4,0.7,0.3,2,0.857,0.3,0.7,5.551115123125783e-17,0.009046347510967003,0.007027808437947065,0.9999999999999333,0.02414266567752092
E4,0.7,0.3,2,0.857,0.3,0.7,5.551115123125783e-17,0.009078771695594125,0.007047262945007511,0.9999999999999318,0.02423870673754512
E4,0.7,0.3,2,0.857,0.3,0.7,5.551115123125783e-17,0.009111195880221247,0.007066717451888028,0.9999999999999309,0.02433477914425448
E4,0.7,0.3,2,0.857,0.3,0.7,5.551115123125783e-17,0.00914362006484837,0.007086171958580949,0.9999999999999315,0.02443088271640095
E4,0.7,0.3,2,0.857,0.3,0.7,5.551115123125783e-17,0.009176044249475492,0.007105626465078372,0.9999999999999319,0.02452701727397268
E4,0.7,0.3,2,0.857,0.3,0.7,5.551115123125783e-17,0.009208468434102612,0.007125080971372103,0.9999999999999314,0.02462318263818226
E4,0.7,0.3,2,0.857,0.3,0.7,5.551115123125783e-17,0.009240892618729735,0.007144535477453663,0.9999999999999307,0.02471937863145502
E4,0.7,0.3,2,0.857,0.3,0.7,5.551115123125783e-17,0.009273316803356857,0.007163989983314208,0.9999999999999313,0.02481560507741764
E4,0.7,0.3,2,0.857,0.3,0.7,5.551115123125783e-17,0.009305740987983979,0.007183444488944698,0.9999999999999291,0.0249118618008867
E4,0.7,0.3,2,0.857,0.3,0.7,5.551115123125783e-17,0.0093381651726111,0.007202898994335634,0.9999999999999303,0.02500814862785762
E4,0.7,0.3,2,0.857,0.3,0.7,5.551115123125783e-17,0.009370589357238222,0.007222353499477324,0.9999999999999289,0.02510446538549341
E4,0.7,0.3,2,0.857,0.3,0.7,5.551115123125783e-17,0.009403013541865344,0.007241808004359641,0.9999999999999294,0.02520081190211396
E4,0.7,0.3,2,0.857,0.3,0.7,5.551115123125783e-17,0.009435437726492467,0.007261262508972187,0.9999999999999292,0.02529718800718493
E4,0.7,0.3,2,0.857,0.3,0.7,5.551115123125783e-17,0.009467861911119589,0.007280717013304143,0.9999999999999289,0.02539359353130743
E4,0.7,0.3,2,0.857,0.3,0.7,5.551115123125783e-17,0.009500286095746709,0.007300171517344349,0.9999999999999287,0.02549002830620715
E4,0.7,0.3,2,0.857,0.3,0.7,5.551115123125783e-17,0.009532710280373832,0.00731962602108129,0.9999999999999286,0.0255864921647242
E4,0.7,0.3,2,0.857,0.3,0.7,5.551115123125783e-17,0.009565134465000954,0.007339080524503049,0.9999999999999283,0.02568298494080261
E4,0.7,0.3,2,0.857,0.3,0.7,5.551115123125783e-17,0.009597558649628076,0.007358535027597321,0.9999999999999281,0.02577950646948031
E4,0.7,0.3,2,0.857,0.3,0.7,5.551115123125783e-17,0.009629982834255197,0.007377989530351368,0.9999999999999276,0.02587605658687899
E4,0.7,0.3,2,0.857,0.3,0.7,5.551115123125783e-17,0.009662407018882319,0.007397444032752064,0.9999999999999274,0.02597263513019413
E4,0.7,0.3,2,0.857,0.3,0.7,5.551115123125783e-17,0.009694831203509441,0.00741689853478584,0.9999999999999275,0.02606924193768529
E4,0.7,0.3,2,0.857,0.3,0.7,5.551115123125783e-17,0.009727255388136563,0.007436353036438709,0.9999999999999269,0.02616587684866638
E4,0.7,0.3,2,0.857,0.3,0.7,5.551115123125783e-17,0.009759679572763686,0.00745580753769619,0.9999999999999273,0.026262539703496
E4,0.7,0.3,2,0.857,0.3,0.7,5.551115123125783e-17,0.009792103757390806,0.007475262038543409,0.9999999999999266,0.026359230343568
E4,0.7,0.3,2,0.857,0.3,0.7,5.551115123125783e-17,0.009824527942017929,0.007494716538964919,0.9999999999999273,0.02645594861130217
E4,0.7,0.3,2,0.857,0.3,0.7,5.551115123125783e-17,0.009856952126645051,0.007514171038944912,0.9999999999999261,0.02655269435013488
E4,0.7,0.3,2,0.857,0.3,0.7,5.551115123125783e-17,0.009889376311272173,0.007533625538466975,0.9999999999999253,0.02664946740451007
E4,0.7,0.3,2,0.857,0.3,0.7,5.551115123125783e-17,0.009921800495899294,0.007553080037514232,0.9999999999999256,0.02674626761987004
E4,0.7,0.3,2,0.857,0.3,0.7,5.551115123125783e-17,0.009954224680526416,0.007572534536069283,0.9999999999999248,0.02684309484264661
E4,0.7,0.3,2,0.857,0.3,0.7,5.551115123125783e-17,0.009986648865153538,0.007591989034114191,0.9999999999999249,0.02693994892025227
E4,0.7,0.3,2,0.857,0.3,0.7,5.551115123125783e-17,0.01,0.007599999709627152,0.9999999999999253,0.02697983778112637
