group,case,alpha,rho,lambda_c,lambda_r,theta,time,x,psi,v,u,ratio
B,B1,0.2,0.2,2,2,1,0,0.001953125,3.764908042772954e-05,0,3.764908042772954e-05,0
B,B1,0.2,0.2,2,2,1,0,0.005859375,0.0003388077058252495,0,0.0003388077058252495,0
B,B1,0.2,0.2,2,2,1,0,0.009765625,0.0009409435499253964,0,0.0009409435499253964,0
B,B1,0.2,0.2,2,2,1,0,0.013671875,0.001843693908610993,0,0.001843693908610993,0
B,B1,0.2,0.2,2,2,1,0,0.017578125,0.003046514998821978,0,0.003046514998821978,0
B,B1,0.2,0.2,2,2,1,0,0.021484375,0.004548682286109986,0,0.004548682286109986,0
B,B1,0.2,0.2,2,2,1,0,0.025390625,0.00634929092107081,0,0.00634929092107081,0
B,B1,0.2,0.2,2,2,1,0,0.029296875,0.008447256284391835,0,0.008447256284391835,0
B,B1,0.2,0.2,2,2,1,0,0.033203125,0.01084131464018618,0,0.01084131464018618,0
B,B1,0.2,0.2,2,2,1,0,0.037109375,0.01353002389721992,0,0.01353002389721992,0
B,B1,0.2,0.2,2,2,1,0,0.041015625,0.01651176447757394,0,0.01651176447757394,0
B,B1,0.2,0.2,2,2,1,0,0.044921875,0.01978474029221709,0,0.01978474029221709,0
B,B1,0.2,0.2,2,2,1,0,0.048828125,0.02334697982290308,0,0.02334697982290308,0
B,B1,0.2,0.2,2,2,1,0,0.052734375,0.02719633730973934,0,0.02719633730973934,0
B,B1,0.2,0.2,2,2,1,0,0.056640625,0.03133049404371253,0,0.03133049404371253,0
B,B1,0.2,0.2,2,2,1,0,0.060546875,0.03574695976339221,0,0.03574695976339221,0
B,B1,0.2,0.2,2,2,1,0,0.064453125,0.04044307415497112,0,0.04044307415497112,0
B,B1,0.2,0.2,2,2,1,0,0.068359375,0.04541600845473881,0,0.04541600845473881,0
B,B1,0.2,0.2,2,2,1,0,0.072265625,0.05066276715302308,0,0.05066276715302308,0
B,B1,0.2,0.2,2,2,1,0,0.076171875,0.05618018979857302,0,0.05618018979857302,0
B,B1,0.2,0.2,2,2,1,0,0.080078125,0.06196495290229669,0,0.06196495290229669,0
B,B1,0.2,0.2,2,2,1,0,0.083984375,0.06801357193920662,0,0.06801357193920662,0
B,B1,0.2,0.2,2,2,1,0,0.087890625,0.07432240344736743,0,0.07432240344736743,0
B,B1,0.2,0.2,2,2,1,0,0.091796875,0.080887647222581,0,0.080887647222581,0
B,B1,0.2,0.2,2,2,1,0,0.095703125,0.08770534860748734,0,0.08770534860748734,0
B,B1,0.2,0.2,2,2,1,0,0.099609375,0.09477140087370259,0,0.09477140087370259,0
B,B1,0.2,0.2,2,2,1,0,0.103515625,0.1020815476955582,0,0.1020815476955582,0
B,B1,0.2,0.2,2,2,1,0,0.107421875,0.1096313857139528,0,0.1096313857139528,0
B,B1,0.2,0.2,2,2,1,0,0.111328125,0.1174163671887705,0,0.1174163671887705,0
B,B1,0.2,0.2,2,2,1,0,0.115234375,0.1254318027382703,0,0.1254318027382703,0
B,B1,0.2,0.2,2,2,1,0,0.119140625,0.1336728641637936,0,0.1336728641637936,0
B,B1,0.2,0.2,2,2,1,0,0.123046875,0.1421345873580907,0,0.1421345873580907,0
B,B1,0.2,0.2,2,2,1,0,0.126953125,0.1508118752955135,0,0.1508118752955135,0
B,B1,0.2,0.2,2,2,1,0,0.130859375,0.1596995011022734,0,0.1596995011022734,0
B,B1,0.2,0.2,2,2,1,0,0.134765625,0.1687921112049141,0,0.1687921112049141,0
B,B1,0.2,0.2,2,2,1,0,0.138671875,0.1780842285551043,0,0.1780842285551043,0
B,B1,0.2,0.2,2,2,1,0,0.142578125,0.1875702559288068,0,0.1875702559288068,0
B,B1,0.2,0.2,2,2,1,0,0.146484375,0.1972444792978372,0,0.1972444792978372,0
B,B1,0.2,0.2,2,2,1,0,0.150390625,0.2071010712717806,0,0.2071010712717806,0
B,B1,0.2,0.2,2,2,1,0,0.154296875,0.2171340946081934,0,0.2171340946081934,0
B,B1,0.2,0.2,2,2,1,0,0.158203125,0.2273375057889767,0,0.2273375057889767,0
B,B1,0.2,0.2,2,2,1,0,0.162109375,0.2377051586607656,0,0.2377051586607656,0
B,B1,0.2,0.2,2,2,1,0,0.166015625,0.2482308081371412,0,0.2482308081371412,0
B,B1,0.2,0.2,2,2,1,0,0.169921875,0.2589081139604386,0,0.2589081139604386,0
B,B1,0.2,0.2,2,2,1,0,0.173828125,0.26973064452088,0,0.26973064452088,0
B,B1,0.2,0.2,2,2,1,0,0.177734375,0.2806918807307361,0,0.2806918807307361,0
B,B1,0.2,0.2,2,2,1,0,0.181640625,0.2917852199511814,0,0.2917852199511814,0
B,B1,0.2,0.2,2,2,1,0,0.185546875,0.303003979969476,0,0.303003979969476,0
B,B1,0.2,0.2,2,2,1,0,0.189453125,0.3143414030240813,0,0.3143414030240813,0
B,B1,0.2,0.2,2,2,1,0,0.193359375,0.3257906598752827,0,0.3257906598752827,0
B,B1,0.2,0.2,2,2,1,0,0.197265625,0.3373448539188685,0,0.3373448539188685,0
B,B1,0.2,0.2,2,2,1,0,0.201171875,0.3489970253403859,0,0.3489970253403859,0
B,B1,0.2,0.2,2,2,1,0,0.205078125,0.3607401553074735,0,0.3607401553074735,0
B,B1,0.2,0.2,2,2,1,0,0.208984375,0.3725671701977427,0,0.3725671701977427,0
B,B1,0.2,0.2,2,2,1,0,0.212890625,0.3844709458596643,0,0.3844709458596643,0
B,B1,0.2,0.2,2,2,1,0,0.216796875,0.3964443119038907,0,0.3964443119038907,0
B,B1,0.2,0.2,2,2,1,0,0.220703125,0.4084800560224295,0,0.4084800560224295,0
B,B1,0.2,0.2,2,2,1,0,0.224609375,0.4205709283330692,0,0.4205709283330692,0
B,B1,0.2,0.2,2,2,1,0,0.228515625,0.4327096457464369,0,0.4327096457464369,0
B,B1,0.2,0.2,2,2,1,0,0.232421875,0.4448888963530584,0,0.4448888963530584,0
B,B1,0.2,0.2,2,2,1,0,0.236328125,0.45710134382778,0,0.45710134382778,0
B,B1,0.2,0.2,2,2,1,0,0.240234375,0.4693396318488957,0,0.4693396318488957,0
B,B1,0.2,0.2,2,2,1,0,0.244140625,0.4815963885293206,0,0.4815963885293206,0
B,B1,0.2,0.2,2,2,1,0,0.248046875,0.49386423085714,0,0.49386423085714,0
B,B1,0.2,0.2,2,2,1,0,0.251953125,0.50613576914286,0,0.50613576914286,0
B,B1,0.2,0.2,2,2,1,0,0.255859375,0.5184036114706795,0,0.5184036114706795,0
B,B1,0.2,0.2,2,2,1,0,0.259765625,0.5306603681511043,0,0.5306603681511043,0
B,B1,0.2,0.2,2,2,1,0,0.263671875,0.5428986561722198,0,0.5428986561722198,0
B,B1,0.2,0.2,2,2,1,0,0.267578125,0.5551111036469415,0,0.5551111036469415,0
B,B1,0.2,0.2,2,2,1,0,0.271484375,0.567290354253563,0,0.567290354253563,0
B,B1,0.2,0.2,2,2,1,0,0.275390625,0.5794290716669307,0,0.5794290716669307,0
B,B1,0.2,0.2,2,2,1,0,0.279296875,0.5915199439775704,0,0.5915199439775704,0
B,B1,0.2,0.2,2,2,1,0,0.283203125,0.6035556880961093,0,0.6035556880961093,0
B,B1,0.2,0.2,2,2,1,0,0.287109375,0.6155290541403355,0,0.6155290541403355,0
B,B1,0.2,0.2,2,2,1,0,0.291015625,0.6274328298022573,0,0.6274328298022573,0
B,B1,0.2,0.2,2,2,1,0,0.294921875,0.6392598446925265,0,0.6392598446925265,0
B,B1,0.2,0.2,2,2,1,0,0.298828125,0.651002974659614,0,0.651002974659614,0
B,B1,0.2,0.2,2,2,1,0,0.302734375,0.6626551460811314,0,0.6626551460811314,0
B,B1,0.2,0.2,2,2,1,0,0.306640625,0.6742093401247172,0,0.6742093401247172,0
B,B1,0.2,0.2,2,2,1,0,0.310546875,0.6856585969759188,0,0.6856585969759188,0
B,B1,0.2,0.2,2,2,1,0,0.314453125,0.696996020030524,0,0.696996020030524,0
B,B1,0.2,0.2,2,2,1,0,0.318359375,0.7082147800488184,0,0.7082147800488184,0
B,B1,0.2,0.2,2,2,1,0,0.322265625,0.7193081192692636,0,0.7193081192692636,0
B,B1,0.2,0.2,2,2,1,0,0.326171875,0.7302693554791201,0,0.7302693554791201,0
B,B1,0.2,0.2,2,2,1,0,0.330078125,0.7410918860395614,0,0.7410918860395614,0
B,B1,0.2,0.2,2,2,1,0,0.333984375,0.7517691918628587,0,0.7517691918628587,0
B,B1,0.2,0.2,2,2,1,0,0.337890625,0.7622948413392344,0,0.7622948413392344,0
B,B1,0.2,0.2,2,2,1,0,0.341796875,0.7726624942110231,0,0.7726624942110231,0
B,B1,0.2,0.2,2,2,1,0,0.345703125,0.7828659053918066,0,0.7828659053918066,0
B,B1,0.2,0.2,2,2,1,0,0.349609375,0.7928989287282194,0,0.7928989287282194,0
B,B1,0.2,0.2,2,2,1,0,0.353515625,0.8027555207021627,0,0.8027555207021627,0
B,B1,0.2,0.2,2,2,1,0,0.357421875,0.8124297440711932,0,0.8124297440711932,0
B,B1,0.2,0.2,2,2,1,0,0.361328125,0.8219157714448957,0,0.8219157714448957,0
B,B1,0.2,0.2,2,2,1,0,0.365234375,0.8312078887950859,0,0.8312078887950859,0
B,B1,0.2,0.2,2,2,1,0,0.369140625,0.8403004988977266,0,0.8403004988977266,0
B,B1,0.2,0.2,2,2,1,0,0.373046875,0.8491881247044863,0,0.8491881247044863,0
B,B1,0.2,0.2,2,2,1,0,0.376953125,0.8578654126419092,0,0.8578654126419092,0
B,B1,0.2,0.2,2,2,1,0,0.380859375,0.8663271358362064,0,0.8663271358362064,0
B,B1,0.2,0.2,2,2,1,0,0.384765625,0.8745681972617295,0,0.8745681972617295,0
B,B1,0.2,0.2,2,2,1,0,0.388671875,0.8825836328112294,0,0.8825836328112294,0
B,B1,0.2,0.2,2,2,1,0,0.392578125,0.8903686142860473,0,0.8903686142860473,0
B,B1,0.2,0.2,2,2,1,0,0.396484375,0.8979184523044417,0,0.8979184523044417,0
B,B1,0.2,0.2,2,2,1,0,0.400390625,0.9052285991262974,0,0.9052285991262974,0
B,B1,0.2,0.2,2,2,1,0,0.404296875,0.9122946513925125,0,0.9122946513925125,0
B,B1,0.2,0.2,2,2,1,0,0.408203125,0.9191123527774191,0,0.9191123527774191,0
B,B1,0.2,0.2,2,2,1,0,0.412109375,0.9256775965526325,0,0.9256775965526325,0
B,B1,0.2,0.2,2,2,1,0,0.416015625,0.9319864280607935,0,0.9319864280607935,0
B,B1,0.2,0.2,2,2,1,0,0.419921875,0.9380350470977032,0,0.9380350470977032,0
B,B1,0.2,0.2,2,2,1,0,0.423828125,0.943819810201427,0,0.943819810201427,0
B,B1,0.2,0.2,2,2,1,0,0.427734375,0.9493372328469769,0,0.9493372328469769,0
B,B1,0.2,0.2,2,2,1,0,0.431640625,0.9545839915452613,0,0.9545839915452613,0
B,B1,0.2,0.2,2,2,1,0,0.435546875,0.9595569258450288,0,0.9595569258450288,0
B,B1,0.2,0.2,2,2,1,0,0.439453125,0.9642530402366077,0,0.9642530402366077,0
B,B1,0.2,0.2,2,2,1,0,0.443359375,0.9686695059562873,0,0.9686695059562873,0
B,B1,0.2,0.2,2,2,1,0,0.447265625,0.9728036626902608,0,0.9728036626902608,0
B,B1,0.2,0.2,2,2,1,0,0.451171875,0.9766530201770969,0,0.9766530201770969,0
B,B1,0.2,0.2,2,2,1,0,0.455078125,0.9802152597077829,0,0.9802152597077829,0
B,B1,0.2,0.2,2,2,1,0,0.458984375,0.983488235522426,0,0.983488235522426,0
B,B1,0.2,0.2,2,2,1,0,0.462890625,0.98646997610278,0,0.98646997610278,0
B,B1,0.2,0.2,2,2,1,0,0.466796875,0.9891586853598138,0,0.9891586853598138,0
B,B1,0.2,0.2,2,2,1,0,0.470703125,0.9915527437156082,0,0.9915527437156082,0
B,B1,0.2,0.2,2,2,1,0,0.474609375,0.9936507090789291,0,0.9936507090789291,0
B,B1,0.2,0.2,2,2,1,0,0.478515625,0.9954513177138901,0,0.9954513177138901,0
B,B1,0.2,0.2,2,2,1,0,0.482421875,0.9969534850011781,0,0.9969534850011781,0
B,B1,0.2,0.2,2,2,1,0,0.486328125,0.9981563060913889,0,0.9981563060913889,0
B,B1,0.2,0.2,2,2,1,0,0.490234375,0.9990590564500745,0,0.9990590564500745,0
B,B1,0.2,0.2,2,2,1,0,0.494140625,0.9996611922941747,0,0.9996611922941747,0
B,B1,0.2,0.2,2,2,1,0,0.498046875,0.9999623509195722,0,0.9999623509195722,0
B,B1,0.2,0.2,2,2,1,0,0.501953125,0.9999623509195722,0,0.9999623509195722,0
B,B1,0.2,0.2,2,2,1,0,0.505859375,0.9996611922941747,0,0.9996611922941747,0
B,B1,0.2,0.2,2,2,1,0,0.509765625,0.9990590564500745,0,0.9990590564500745,0
B,B1,0.2,0.2,2,2,1,0,0.513671875,0.9981563060913889,0,0.9981563060913889,0
B,B1,0.2,0.2,2,2,1,0,0.517578125,0.9969534850011781,0,0.9969534850011781,0
B,B1,0.2,0.2,2,2,1,0,0.521484375,0.9954513177138901,0,0.9954513177138901,0
B,B1,0.2,0.2,2,2,1,0,0.525390625,0.9936507090789293,0,0.9936507090789293,0
B,B1,0.2,0.2,2,2,1,0,0.529296875,0.9915527437156082,0,0.9915527437156082,0
B,B1,0.2,0.2,2,2,1,0,0.533203125,0.9891586853598138,0,0.9891586853598138,0
B,B1,0.2,0.2,2,2,1,0,0.537109375,0.98646997610278,0,0.98646997610278,0
B,B1,0.2,0.2,2,2,1,0,0.541015625,0.983488235522426,0,0.983488235522426,0
B,B1,0.2,0.2,2,2,1,0,0.544921875,0.9802152597077829,0,0.9802152597077829,0
B,B1,0.2,0.2,2,2,1,0,0.548828125,0.9766530201770969,0,0.9766530201770969,0
B,B1,0.2,0.2,2,2,1,0,0.552734375,0.9728036626902608,0,0.9728036626902608,0
B,B1,0.2,0.2,2,2,1,0,0.556640625,0.9686695059562873,0,0.9686695059562873,0
B,B1,0.2,0.2,2,2,1,0,0.560546875,0.9642530402366077,0,0.9642530402366077,0
B,B1,0.2,0.2,2,2,1,0,0.564453125,0.9595569258450288,0,0.9595569258450288,0
B,B1,0.2,0.2,2,2,1,0,0.568359375,0.9545839915452613,0,0.9545839915452613,0
B,B1,0.2,0.2,2,2,1,0,0.572265625,0.9493372328469769,0,0.9493372328469769,0
B,B1,0.2,0.2,2,2,1,0,0.576171875,0.943819810201427,0,0.943819810201427,0
B,B1,0.2,0.2,2,2,1,0,0.580078125,0.9380350470977035,0,0.9380350470977035,0
B,B1,0.2,0.2,2,2,1,0,0.583984375,0.9319864280607935,0,0.9319864280607935,0
B,B1,0.2,0.2,2,2,1,0,0.587890625,0.9256775965526325,0,0.9256775965526325,0
B,B1,0.2,0.2,2,2,1,0,0.591796875,0.9191123527774191,0,0.9191123527774191,0
B,B1,0.2,0.2,2,2,1,0,0.595703125,0.9122946513925125,0,0.9122946513925125,0
B,B1,0.2,0.2,2,2,1,0,0.599609375,0.9052285991262974,0,0.9052285991262974,0
B,B1,0.2,0.2,2,2,1,0,0.603515625,0.8979184523044419,0,0.8979184523044419,0
B,B1,0.2,0.2,2,2,1,0,0.607421875,0.8903686142860473,0,0.8903686142860473,0
B,B1,0.2,0.2,2,2,1,0,0.611328125,0.8825836328112294,0,0.8825836328112294,0
B,B1,0.2,0.2,2,2,1,0,0.615234375,0.8745681972617297,0,0.8745681972617297,0
B,B1,0.2,0.2,2,2,1,0,0.619140625,0.8663271358362064,0,0.8663271358362064,0
B,B1,0.2,0.2,2,2,1,0,0.623046875,0.8578654126419094,0,0.8578654126419094,0
B,B1,0.2,0.2,2,2,1,0,0.626953125,0.8491881247044866,0,0.8491881247044866,0
B,B1,0.2,0.2,2,2,1,0,0.630859375,0.8403004988977266,0,0.8403004988977266,0
B,B1,0.2,0.2,2,2,1,0,0.634765625,0.8312078887950859,0,0.8312078887950859,0
B,B1,0.2,0.2,2,2,1,0,0.638671875,0.8219157714448957,0,0.8219157714448957,0
B,B1,0.2,0.2,2,2,1,0,0.642578125,0.8124297440711932,0,0.8124297440711932,0
B,B1,0.2,0.2,2,2,1,0,0.646484375,0.8027555207021628,0,0.8027555207021628,0
B,B1,0.2,0.2,2,2,1,0,0.650390625,0.7928989287282197,0,0.7928989287282197,0
B,B1,0.2,0.2,2,2,1,0,0.654296875,0.7828659053918068,0,0.7828659053918068,0
B,B1,0.2,0.2,2,2,1,0,0.658203125,0.7726624942110233,0,0.7726624942110233,0
B,B1,0.2,0.2,2,2,1,0,0.662109375,0.7622948413392346,0,0.7622948413392346,0
B,B1,0.2,0.2,2,2,1,0,0.666015625,0.751769191862859,0,0.751769191862859,0
B,B1,0.2,0.2,2,2,1,0,0.669921875,0.7410918860395612,0,0.7410918860395612,0
B,B1,0.2,0.2,2,2,1,0,0.673828125,0.7302693554791201,0,0.7302693554791201,0
B,B1,0.2,0.2,2,2,1,0,0.677734375,0.7193081192692637,0,0.7193081192692637,0
B,B1,0.2,0.2,2,2,1,0,0.681640625,0.7082147800488187,0,0.7082147800488187,0
B,B1,0.2,0.2,2,2,1,0,0.685546875,0.6969960200305242,0,0.6969960200305242,0
B,B1,0.2,0.2,2,2,1,0,0.689453125,0.6856585969759188,0,0.6856585969759188,0
B,B1,0.2,0.2,2,2,1,0,0.693359375,0.6742093401247174,0,0.6742093401247174,0
B,B1,0.2,0.2,2,2,1,0,0.697265625,0.6626551460811317,0,0.6626551460811317,0
B,B1,0.2,0.2,2,2,1,0,0.701171875,0.6510029746596143,0,0.6510029746596143,0
B,B1,0.2,0.2,2,2,1,0,0.705078125,0.6392598446925268,0,0.6392598446925268,0
B,B1,0.2,0.2,2,2,1,0,0.708984375,0.6274328298022571,0,0.6274328298022571,0
B,B1,0.2,0.2,2,2,1,0,0.712890625,0.6155290541403354,0,0.6155290541403354,0
B,B1,0.2,0.2,2,2,1,0,0.716796875,0.6035556880961093,0,0.6035556880961093,0
B,B1,0.2,0.2,2,2,1,0,0.720703125,0.5915199439775704,0,0.5915199439775704,0
B,B1,0.2,0.2,2,2,1,0,0.724609375,0.5794290716669308,0,0.5794290716669308,0
B,B1,0.2,0.2,2,2,1,0,0.728515625,0.5672903542535631,0,0.5672903542535631,0
B,B1,0.2,0.2,2,2,1,0,0.732421875,0.5551111036469417,0,0.5551111036469417,0
B,B1,0.2,0.2,2,2,1,0,0.736328125,0.5428986561722201,0,0.5428986561722201,0
B,B1,0.2,0.2,2,2,1,0,0.740234375,0.5306603681511044,0,0.5306603681511044,0
B,B1,0.2,0.2,2,2,1,0,0.744140625,0.5184036114706796,0,0.5184036114706796,0
B,B1,0.2,0.2,2,2,1,0,0.748046875,0.5061357691428603,0,0.5061357691428603,0
B,B1,0.2,0.2,2,2,1,0,0.751953125,0.4938642308571399,0,0.4938642308571399,0
B,B1,0.2,0.2,2,2,1,0,0.755859375,0.4815963885293206,0,0.4815963885293206,0
B,B1,0.2,0.2,2,2,1,0,0.759765625,0.4693396318488957,0,0.4693396318488957,0
B,B1,0.2,0.2,2,2,1,0,0.763671875,0.45710134382778,0,0.45710134382778,0
B,B1,0.2,0.2,2,2,1,0,0.767578125,0.4448888963530586,0,0.4448888963530586,0
B,B1,0.2,0.2,2,2,1,0,0.771484375,0.432709645746437,0,0.432709645746437,0
B,B1,0.2,0.2,2,2,1,0,0.775390625,0.4205709283330694,0,0.4205709283330694,0
B,B1,0.2,0.2,2,2,1,0,0.779296875,0.4084800560224296,0,0.4084800560224296,0
B,B1,0.2,0.2,2,2,1,0,0.783203125,0.396444311903891,0,0.396444311903891,0
B,B1,0.2,0.2,2,2,1,0,0.787109375,0.3844709458596647,0,0.3844709458596647,0
B,B1,0.2,0.2,2,2,1,0,0.791015625,0.372567170197743,0,0.372567170197743,0
B,B1,0.2,0.2,2,2,1,0,0.794921875,0.3607401553074734,0,0.3607401553074734,0
B,B1,0.2,0.2,2,2,1,0,0.798828125,0.3489970253403859,0,0.3489970253403859,0
B,B1,0.2,0.2,2,2,1,0,0.802734375,0.3373448539188685,0,0.3373448539188685,0
B,B1,0.2,0.2,2,2,1,0,0.806640625,0.3257906598752827,0,0.3257906598752827,0
B,B1,0.2,0.2,2,2,1,0,0.810546875,0.3143414030240814,0,0.3143414030240814,0
B,B1,0.2,0.2,2,2,1,0,0.814453125,0.3030039799694761,0,0.3030039799694761,0
B,B1,0.2,0.2,2,2,1,0,0.818359375,0.2917852199511815,0,0.2917852199511815,0
B,B1,0.2,0.2,2,2,1,0,0.822265625,0.2806918807307364,0,0.2806918807307364,0
B,B1,0.2,0.2,2,2,1,0,0.826171875,0.2697306445208801,0,0.2697306445208801,0
B,B1,0.2,0.2,2,2,1,0,0.830078125,0.2589081139604389,0,0.2589081139604389,0
B,B1,0.2,0.2,2,2,1,0,0.833984375,0.2482308081371411,0,0.2482308081371411,0
B,B1,0.2,0.2,2,2,1,0,0.837890625,0.2377051586607655,0,0.2377051586607655,0
B,B1,0.2,0.2,2,2,1,0,0.841796875,0.2273375057889767,0,0.2273375057889767,0
B,B1,0.2,0.2,2,2,1,0,0.845703125,0.2171340946081934,0,0.2171340946081934,0
B,B1,0.2,0.2,2,2,1,0,0.849609375,0.2071010712717806,0,0.2071010712717806,0
B,B1,0.2,0.2,2,2,1,0,0.853515625,0.1972444792978373,0,0.1972444792978373,0
B,B1,0.2,0.2,2,2,1,0,0.857421875,0.1875702559288069,0,0.1875702559288069,0
B,B1,0.2,0.2,2,2,1,0,0.861328125,0.1780842285551044,0,0.1780842285551044,0
B,B1,0.2,0.2,2,2,1,0,0.865234375,0.1687921112049143,0,0.1687921112049143,0
B,B1,0.2,0.2,2,2,1,0,0.869140625,0.1596995011022737,0,0.1596995011022737,0
B,B1,0.2,0.2,2,2,1,0,0.873046875,0.1508118752955138,0,0.1508118752955138,0
B,B1,0.2,0.2,2,2,1,0,0.876953125,0.1421345873580906,0,0.1421345873580906,0
B,B1,0.2,0.2,2,2,1,0,0.880859375,0.1336728641637935,0,0.1336728641637935,0
B,B1,0.2,0.2,2,2,1,0,0.884765625,0.1254318027382703,0,0.1254318027382703,0
B,B1,0.2,0.2,2,2,1,0,0.888671875,0.1174163671887706,0,0.1174163671887706,0
B,B1,0.2,0.2,2,2,1,0,0.892578125,0.1096313857139528,0,0.1096313857139528,0
B,B1,0.2,0.2,2,2,1,0,0.896484375,0.1020815476955583,0,0.1020815476955583,0
B,B1,0.2,0.2,2,2,1,0,0.900390625,0.09477140087370269,0,0.09477140087370269,0
B,B1,0.2,0.2,2,2,1,0,0.904296875,0.08770534860748748,0,0.08770534860748748,0
B,B1,0.2,0.2,2,2,1,0,0.908203125,0.08088764722258113,0,0.08088764722258113,0
B,B1,0.2,0.2,2,2,1,0,0.912109375,0.07432240344736758,0,0.07432240344736758,0
B,B1,0.2,0.2,2,2,1,0,0.916015625,0.0680135719392068,0,0.0680135719392068,0
B,B1,0.2,0.2,2,2,1,0,0.919921875,0.06196495290229666,0,0.06196495290229666,0
B,B1,0.2,0.2,2,2,1,0,0.923828125,0.05618018979857301,0,0.05618018979857301,0
B,B1,0.2,0.2,2,2,1,0,0.927734375,0.05066276715302308,0,0.05066276715302308,0
B,B1,0.2,0.2,2,2,1,0,0.931640625,0.04541600845473883,0,0.04541600845473883,0
B,B1,0.2,0.2,2,2,1,0,0.935546875,0.04044307415497117,0,0.04044307415497117,0
B,B1,0.2,0.2,2,2,1,0,0.939453125,0.03574695976339227,0,0.03574695976339227,0
B,B1,0.2,0.2,2,2,1,0,0.943359375,0.0313304940437126,0,0.0313304940437126,0
B,B1,0.2,0.2,2,2,1,0,0.947265625,0.02719633730973941,0,0.02719633730973941,0
B,B1,0.2,0.2,2,2,1,0,0.951171875,0.02334697982290316,0,0.02334697982290316,0
B,B1,0.2,0.2,2,2,1,0,0.955078125,0.01978474029221718,0,0.01978474029221718,0
B,B1,0.2,0.2,2,2,1,0,0.958984375,0.01651176447757392,0,0.01651176447757392,0
B,B1,0.2,0.2,2,2,1,0,0.962890625,0.01353002389721991,0,0.01353002389721991,0
B,B1,0.2,0.2,2,2,1,0,0.966796875,0.01084131464018618,0,0.01084131464018618,0
B,B1,0.2,0.2,2,2,1,0,0.970703125,0.00844725628439184,0,0.00844725628439184,0
B,B1,0.2,0.2,2,2,1,0,0.974609375,0.006349290921070821,0,0.006349290921070821,0
B,B1,0.2,0.2,2,2,1,0,0.978515625,0.004548682286110003,0,0.004548682286110003,0
B,B1,0.2,0.2,2,2,1,0,0.982421875,0.003046514998821996,0,0.003046514998821996,0
B,B1,0.2,0.2,2,2,1,0,0.986328125,0.001843693908611011,0,0.001843693908611011,0
B,B1,0.2,0.2,2,2,1,0,0.990234375,0.0009409435499254112,0,0.0009409435499254112,0
B,B1,0.2,0.2,2,2,1,0,0.994140625,0.0003388077058252599,0,0.0003388077058252599,0
B,B1,0.2,0.2,2,2,1,0,0.998046875,3.764908042773351e-05,0,3.764908042773351e-05,0
B,B1,0.2,0.2,2,2,1,0.1,0.001953125,0.4939453834952611,0.06122570047314391,0.4327196830221172,0.1239523690653773
B,B1,0.2,0.2,2,2,1,0.1,0.005859375,0.4939490305698314,0.06123846588754867,0.4327105646822828,0.1239772974488937
B,B1,0.2,0.2,2,2,1,0.1,0.009765625,0.493956322522149,0.06126398902689846,0.4326923334952506,0.1240271380961044
B,B1,0.2,0.2,2,2,1,0.1,0.013671875,0.4939672549597567,0.06130225451708655,0.4326650004426701,0.1241018587802562
B,B1,0.2,0.2,2,2,1,0.1,0.017578125,0.4939818212974313,0.06135323930832011,0.4326285819891112,0.1242014111919692
B,B1,0.2,0.2,2,2,1,0.1,0.021484375,0.4940000127609339,0.0614169126892963,0.4325831000716376,0.1243257309772953
B,B1,0.2,0.2,2,2,1,0.1,0.025390625,0.4940218183923493,0.06149323630562892,0.4325285820867203,0.1244747377873731
B,B1,0.2,0.2,2,2,1,0.1,0.029296875,0.4940472250568581,0.06158216418272204,0.4324650608741361,0.1246483353400776
B,B1,0.2,0.2,2,2,1,0.1,0.033203125,0.4940762174503913,0.0616836427538066,0.4323925746965847,0.1248464114952063
B,B1,0.2,0.2,2,2,1,0.1,0.037109375,0.4941087781090042,0.06179761089200049,0.4323111672170037,0.1250688383406284
B,B1,0.2,0.2,2,2,1,0.1,0.041015625,0.4941448874194452,0.06192399994706303,0.4322208874723822,0.1253154722908224
B,B1,0.2,0.2,2,2,1,0.1,0.044921875,0.494184523630744,0.06206273378704995,0.432121789843694,0.1255861541981905
B,B1,0.2,0.2,2,2,1,0.1,0.048828125,0.4942276628675527,0.06221372884385153,0.4320139340237012,0.1258807094748237
B,B1,0.2,0.2,2,2,1,0.1,0.052734375,0.4942742791444077,0.06237689416369258,0.4318973849807152,0.1261989482270197
B,B1,0.2,0.2,2,2,1,0.1,0.056640625,0.4943243443814073,0.06255213146188536,0.4317722129195219,0.1265406654008968
B,B1,0.2,0.2,2,2,1,0.1,0.060546875,0.4943778284211243,0.06273933518203434,0.43163849323909,0.1269056409394462
B,B1,0.2,0.2,2,2,1,0.1,0.064453125,0.494434699046773,0.06293839255961885,0.4314963064871541,0.127293639950753
B,B1,0.2,0.2,2,2,1,0.1,0.068359375,0.4944949220016156,0.06314918368991666,0.4313457383116989,0.1277044128871971
B,B1,0.2,0.2,2,2,1,0.1,0.072265625,0.4945584610095958,0.0633715816002336,0.4311868794093622,0.1281376957354371
B,B1,0.2,0.2,2,2,1,0.1,0.076171875,0.4946252777971904,0.06360545232638512,0.4310198254708053,0.1285932102169373
B,B1,0.2,0.2,2,2,1,0.1,0.080078125,0.4946953321164662,0.06385065499338925,0.4308446771230769,0.1290706639988204
B,B1,0.2,0.2,2,2,1,0.1,0.083984375,0.4947685817693201,0.06410704190032911,0.430661539868991,0.1295697509148191
B,B1,0.2,0.2,2,2,1,0.1,0.087890625,0.4948449826329,0.06437445860931894,0.430470524023581,0.1300901511960464
B,B1,0.2,0.2,2,2,1,0.1,0.091796875,0.4949244886861832,0.06465274403853168,0.4302717446476516,0.1306315317113477
B,B1,0.2,0.2,2,2,1,0.1,0.095703125,0.4950070520376951,0.0649417305592318,0.4300653214784633,0.1311935462169667
B,B1,0.2,0.2,2,2,1,0.1,0.099609375,0.4950926229543608,0.06524124409674459,0.4298513788576162,0.1317758356152254
B,B1,0.2,0.2,2,2,1,0.1,0.103515625,0.4951811498914593,0.06555110423531466,0.4296300456561447,0.1323780282219609
B,B1,0.2,0.2,2,2,1,0.1,0.107421875,0.4952725795236743,0.06587112432678081,0.4294014551968935,0.1329997400424066
B,B1,0.2,0.2,2,2,1,0.1,0.111328125,0.4953668567772143,0.06620111160300564,0.4291657451742086,0.1336405750552239
B,B1,0.2,0.2,2,2,1,0.1,0.115234375,0.4954639248629865,0.06654086729199399,0.4289230575709925,0.1343001255043844
B,B1,0.2,0.2,2,2,1,0.1,0.119140625,0.4955637253108065,0.06689018673762166,0.4286735385731849,0.1349779721985697
B,B1,0.2,0.2,2,2,1,0.1,0.123046875,0.4956661980046144,0.06724885952291951,0.4284173384816949,0.1356736848178085
B,B1,0.2,0.2,2,2,1,0.1,0.126953125,0.4957712812186928,0.06761666959681083,0.428154611621882,0.1363868222269696
B,B1,0.2,0.2,2,2,1,0.1,0.130859375,0.4958789116548433,0.06799339540426,0.4278855162505832,0.1371169327958573
B,B1,0.2,0.2,2,2,1,0.1,0.134765625,0.4959890244805142,0.06837881001972899,0.4276102144607852,0.1378635547255247
B,B1,0.2,0.2,2,2,1,0.1,0.138671875,0.4961015533678578,0.06877268128386373,0.4273288720839941,0.1386262163804776
B,B1,0.2,0.2,2,2,1,0.1,0.142578125,0.4962164305336793,0.06917477194334365,0.4270416585903356,0.1394044366264664
B,B1,0.2,0.2,2,2,1,0.1,0.146484375,0.4963335867802698,0.06958483979378999,0.4267487469864799,0.1401977251734843
B,B1,0.2,0.2,2,2,1,0.1,0.150390625,0.4964529515370875,0.07000263782566282,0.4264503137114247,0.1410055829236686
B,B1,0.2,0.2,2,2,1,0.1,0.154296875,0.4965744529032662,0.07042791437305027,0.4261465385302159,0.1418275023237447
B,B1,0.2,0.2,2,2,1,0.1,0.158203125,0.4966980176909252,0.07086041326526336,0.4258376044256618,0.1426629677216809
B,B1,0.2,0.2,2,2,1,0.1,0.162109375,0.4968235714692582,0.07129987398113992,0.4255236974881182,0.1435114557272002
B,B1,0.2,0.2,2,2,1,0.1,0.166015625,0.4969510386093636,0.0717460318059773,0.4252050068033864,0.1443724355758403
B,B1,0.2,0.2,2,2,1,0.1,0.169921875,0.4970803423298015,0.07219861799098644,0.4248817243388151,0.1452453694961936
B,B1,0.2,0.2,2,2,1,0.1,0.173828125,0.4972114047428459,0.0726573599151723,0.4245540448276736,0.1461297130799929
B,B1,0.2,0.2,2,2,1,0.1,0.177734375,0.4973441469014009,0.07312198124955184,0.4242221656518491,0.1470249156547294
B,B1,0.2,0.2,2,2,1,0.1,0.181640625,0.4974784888465529,0.07359220212360787,0.423886286722945,0.1479304206584646
B,B1,0.2,0.2,2,2,1,0.1,0.185546875,0.4976143496557378,0.07406773929386798,0.4235466103618698,0.1488456660164843
B,B1,0.2,0.2,2,2,1,0.1,0.189453125,0.4977516474914842,0.07454830631452233,0.4232033411769618,0.1497700845195048
B,B1,0.2,0.2,2,2,1,0.1,0.193359375,0.4978902996507095,0.07503361370996771,0.4228566859407418,0.1507031042030883
B,B1,0.2,0.2,2,2,1,0.1,0.197265625,0.4980302226145377,0.07552336914917571,0.422506853465362,0.1516441487279554
B,B1,0.2,0.2,2,2,1,0.1,0.201171875,0.4981713320986085,0.07601727762178143,0.4221540544768271,0.1525926377608868
B,B1,0.2,0.2,2,2,1,0.1,0.205078125,0.498313543103843,0.07651504161579224,0.4217985014880508,0.1535479873559193
B,B1,0.2,0.2,2,2,1,0.1,0.208984375,0.4984567699676516,0.07701636129678743,0.4214404086708642,0.1545096103354872
B,B1,0.2,0.2,2,2,1,0.1,0.212890625,0.4986009264155253,0.0775209346885396,0.4210799917269857,0.1554769166713
B,B1,0.2,0.2,2,2,1,0.1,0.216796875,0.4987459256130117,0.07802845785490266,0.420717467758109,0.1564493138645642
B,B1,0.2,0.2,2,2,1,0.1,0.220703125,0.4988916802180136,0.07853862508290184,0.4203530551351117,0.1574262073253673
B,B1,0.2,0.2,2,2,1,0.1,0.224609375,0.4990381024334097,0.07905112906687181,0.4199869733665379,0.1584070007508498
B,B1,0.2,0.2,2,2,1,0.1,0.228515625,0.4991851040599322,0.07956566109357725,0.4196194429663549,0.1593910965019994
B,B1,0.2,0.2,2,2,1,0.1,0.232421875,0.4993325965492973,0.08008191122816556,0.4192506853211317,0.1603778959787164
B,B1,0.2,0.2,2,2,1,0.1,0.236328125,0.4994804910575441,0.0805995685008602,0.4188809225566839,0.1613667999929441
B,B1,0.2,0.2,2,2,1,0.1,0.240234375,0.4996286984985521,0.08111832109427468,0.4185103774042774,0.1623572091395982
B,B1,0.2,0.2,2,2,1,0.1,0.244140625,0.4997771295976993,0.08163785653124615,0.4181392730664531,0.1633485241650841
B,B1,0.2,0.2,2,2,1,0.1,0.248046875,0.4999256949456432,0.08215786186305216,0.417767833082591,0.1643401463331169
B,B1,0.2,0.2,2,2,1,0.1,0.251953125,0.5000743050521728,0.08267802385792594,0.4173962811942468,0.1653314777876863
B,B1,0.2,0.2,2,2,1,0.1,0.255859375,0.5002228704001164,0.08319802918973261,0.4170248412103837,0.1663219219128955
B,B1,0.2,0.2,2,2,1,0.1,0.259765625,0.5003713014992641,0.08371756462670329,0.4166537368725608,0.1673108836894924
B,B1,0.2,0.2,2,2,1,0.1,0.263671875,0.5005195089402722,0.08423631722011803,0.4162831917201542,0.1682977700479005
B,B1,0.2,0.2,2,2,1,0.1,0.267578125,0.5006674034485187,0.08475397449281313,0.4159134289557055,0.1692819902175397
B,B1,0.2,0.2,2,2,1,0.1,0.271484375,0.5008148959378838,0.08527022462740179,0.415544671310482,0.1702629560722529
B,B1,0.2,0.2,2,2,1,0.1,0.275390625,0.5009618975644062,0.08578475665410772,0.4151771409102985,0.1712400824716989
B,B1,0.2,0.2,2,2,1,0.1,0.279296875,0.5011083197798032,0.0862972606380773,0.4148110591417259,0.1722127875984937
B,B1,0.2,0.2,2,2,1,0.1,0.283203125,0.5012540743848062,0.08680742786607551,0.4144466465187306,0.1731804932909824
B,B1,0.2,0.2,2,2,1,0.1,0.287109375,0.501399073582292,0.08731495103243991,0.4140841225498521,0.1741426253714635
B,B1,0.2,0.2,2,2,1,0.1,0.291015625,0.501543230030167,0.08781952442419093,0.413723705605976,0.1750986139697444
B,B1,0.2,0.2,2,2,1,0.1,0.294921875,0.501686456893975,0.08832084410518772,0.4133656127887873,0.1760478938418966
B,B1,0.2,0.2,2,2,1,0.1,0.298828125,0.5018286678992105,0.08881860809919778,0.4130100598000128,0.1769899046840355
B,B1,0.2,0.2,2,2,1,0.1,0.302734375,0.5019697773832816,0.08931251657180411,0.4126572608114775,0.1779240914410851
B,B1,0.2,0.2,2,2,1,0.1,0.306640625,0.5021097003471113,0.08980227201101093,0.4123074283361004,0.1788499046103473
B,B1,0.2,0.2,2,2,1,0.1,0.310546875,0.5022483525063371,0.09028757940645635,0.4119607730998808,0.1797668005398129
B,B1,0.2,0.2,2,2,1,0.1,0.314453125,0.5023856503420834,0.09076814642711181,0.4116175039149715,0.1806742417210885
B,B1,0.2,0.2,2,2,1,0.1,0.318359375,0.50252151115127,0.0912436835973706,0.4112778275538994,0.1815716970768725
B,B1,0.2,0.2,2,2,1,0.1,0.322265625,0.5026558530964221,0.09171390447142741,0.4109419486249947,0.1824586422429152
B,B1,0.2,0.2,2,2,1,0.1,0.326171875,0.502788595254978,0.09217852580580697,0.410610069449171,0.1833345598443033
B,B1,0.2,0.2,2,2,1,0.1,0.330078125,0.5029196576680227,0.09263726772999335,0.4102823899380293,0.1841989397661271
B,B1,0.2,0.2,2,2,1,0.1,0.333984375,0.5030489613884617,0.09308985391500225,0.4099591074734594,0.1850512794183406
B,B1,0.2,0.2,2,2,1,0.1,0.337890625,0.5031764285285668,0.09353601173984125,0.4096404167887255,0.1858910839948675
B,B1,0.2,0.2,2,2,1,0.1,0.341796875,0.5033019823069002,0.09397547245571852,0.4093265098511816,0.1867178667268089
B,B1,0.2,0.2,2,2,1,0.1,0.345703125,0.5034255470945612,0.09440797134793004,0.4090175757466312,0.1875311491297776
B,B1,0.2,0.2,2,2,1,0.1,0.349609375,0.5035470484607407,0.09483324789531779,0.4087138005654229,0.1883304612452942
B,B1,0.2,0.2,2,2,1,0.1,0.353515625,0.5036664132175601,0.09525104592718993,0.4084153672903702,0.1891153418761834
B,B1,0.2,0.2,2,2,1,0.1,0.357421875,0.5037835694641515,0.0956611137776366,0.4081224556865149,0.1898853388160046
B,B1,0.2,0.2,2,2,1,0.1,0.361328125,0.5038984466299744,0.09606320443711612,0.4078352421928583,0.1906400090724189
B,B1,0.2,0.2,2,2,1,0.1,0.365234375,0.5040109755173184,0.09645707570125195,0.4075538998160665,0.1913789190845459
B,B1,0.2,0.2,2,2,1,0.1,0.369140625,0.5041210883429906,0.096842490316721,0.4072785980262696,0.1921016449342265
B,B1,0.2,0.2,2,2,1,0.1,0.373046875,0.5042287187791419,0.09721921612417075,0.4070095026549712,0.1928077725512376
B,B1,0.2,0.2,2,2,1,0.1,0.376953125,0.504333801993222,0.09758702619806163,0.4067467757951603,0.1934968979124131
B,B1,0.2,0.2,2,2,1,0.1,0.380859375,0.5044362746870312,0.09794569898335961,0.4064905757036716,0.1941686272346856
B,B1,0.2,0.2,2,2,1,0.1,0.384765625,0.5045360751348527,0.09829501842898762,0.406241056705865,0.1948225771620301
B,B1,0.2,0.2,2,2,1,0.1,0.388671875,0.5046331432206258,0.09863477411797665,0.4059983691026491,0.1954583749463588
B,B1,0.2,0.2,2,2,1,0.1,0.392578125,0.5047274204741669,0.09896476139420217,0.4057626590799647,0.1960756586222908
B,B1,0.2,0.2,2,2,1,0.1,0.396484375,0.5048188501063842,0.09928478148566722,0.4055340686207169,0.1966740771758903
B,B1,0.2,0.2,2,2,1,0.1,0.400390625,0.5049073770434838,0.09959464162423777,0.405312735419246,0.1972532907073379
B,B1,0.2,0.2,2,2,1,0.1,0.404296875,0.504992947960151,0.09989415516175049,0.4050987927984006,0.1978129705875281
B,B1,0.2,0.2,2,2,1,0.1,0.408203125,0.5050755113116651,0.1001831416824503,0.4048923696292148,0.1983527996086721
B,B1,0.2,0.2,2,2,1,0.1,0.412109375,0.5051550173649486,0.1004614271116649,0.4046935902532837,0.1988724721288608
B,B1,0.2,0.2,2,2,1,0.1,0.416015625,0.5052314182285312,0.1007288438206536,0.4045025744078776,0.1993716942106141
B,B1,0.2,0.2,2,2,1,0.1,0.419921875,0.5053046678813861,0.1009852307275945,0.4043194371537915,0.1998501837534965
B,B1,0.2,0.2,2,2,1,0.1,0.423828125,0.5053747222006628,0.1012304333945998,0.404144288806063,0.2003076706207034
B,B1,0.2,0.2,2,2,1,0.1,0.427734375,0.5054415389882595,0.1014643041207513,0.4039772348675083,0.2007438967597558
B,B1,0.2,0.2,2,2,1,0.1,0.431640625,0.5055050779962418,0.101686702031068,0.4038183759651738,0.2011586163172509
B,B1,0.2,0.2,2,2,1,0.1,0.435546875,0.5055653009510869,0.1018974931613652,0.4036678077897217,0.2015515957477148
B,B1,0.2,0.2,2,2,1,0.1,0.439453125,0.5056221715767378,0.1020965505389493,0.4035256210377886,0.2019226139165738
B,B1,0.2,0.2,2,2,1,0.1,0.443359375,0.5056756556164561,0.1022837542590993,0.4033919013573568,0.2022714621972612
B,B1,0.2,0.2,2,2,1,0.1,0.447265625,0.5057257208534568,0.1024589915572934,0.4032667292961634,0.2025979445624889
B,B1,0.2,0.2,2,2,1,0.1,0.451171875,0.5057723371303143,0.1026221568771341,0.4031501802531802,0.2029018776697016
B,B1,0.2,0.2,2,2,1,0.1,0.455078125,0.5058154763671251,0.1027731519339359,0.4030423244331892,0.2031830909407412
B,B1,0.2,0.2,2,2,1,0.1,0.458984375,0.5058551125784256,0.102911885773923,0.4029432268045026,0.2034414266357109
B,B1,0.2,0.2,2,2,1,0.1,0.462890625,0.5058912218888456,0.1030382748290162,0.4028529470598294,0.2036767399210887
B,B1,0.2,0.2,2,2,1,0.1,0.466796875,0.5059237825474858,0.1031522429671756,0.4027715395803102,0.2038888989321109
B,B1,0.2,0.2,2,2,1,0.1,0.470703125,0.5059527749410228,0.1032537215382568,0.402699053402766,0.2040777848294097
B,B1,0.2,0.2,2,2,1,0.1,0.474609375,0.505978181605524,0.1033426494153612,0.4026355321901628,0.2042432918499444
B,B1,0.2,0.2,2,2,1,0.1,0.478515625,0.5059999872369634,0.103418973031663,0.4025810142053003,0.2043853273522539
B,B1,0.2,0.2,2,2,1,0.1,0.482421875,0.5060181787004453,0.103482646412668,0.4025355322877773,0.2045038118559927
B,B1,0.2,0.2,2,2,1,0.1,0.486328125,0.5060327450381111,0.1035336312039136,0.4024991138341975,0.2045986790758297
B,B1,0.2,0.2,2,2,1,0.1,0.490234375,0.5060436774757436,0.1035718966940682,0.4024717807816754,0.2046698759496561
B,B1,0.2,0.2,2,2,1,0.1,0.494140625,0.5060509694280524,0.1035974198334299,0.4024535495946224,0.2047173626611516
B,B1,0.2,0.2,2,2,1,0.1,0.498046875,0.5060546165026377,0.1036101852478143,0.4024444312548234,0.2047411126567092
B,B1,0.2,0.2,2,2,1,0.1,0.501953125,0.5060546165026372,0.1036101852478146,0.4024444312548225,0.20474111265671
B,B1,0.2,0.2,2,2,1,0.1,0.505859375,0.5060509694280513,0.1035974198334299,0.4024535495946214,0.2047173626611519
B,B1,0.2,0.2,2,2,1,0.1,0.509765625,0.506043677475742,0.1035718966940678,0.4024717807816742,0.2046698759496559
B,B1,0.2,0.2,2,2,1,0.1,0.513671875,0.5060327450381077,0.1035336312039143,0.4024991138341934,0.2045986790758324
B,B1,0.2,0.2,2,2,1,0.1,0.517578125,0.5060181787004414,0.1034826464126682,0.4025355322877732,0.2045038118559948
B,B1,0.2,0.2,2,2,1,0.1,0.521484375,0.5059999872369598,0.103418973031662,0.4025810142052978,0.2043853273522532
B,B1,0.2,0.2,2,2,1,0.1,0.525390625,0.5059781816055193,0.1033426494153605,0.4026355321901589,0.2042432918499449
B,B1,0.2,0.2,2,2,1,0.1,0.529296875,0.5059527749410171,0.1032537215382562,0.4026990534027609,0.2040777848294108
B,B1,0.2,0.2,2,2,1,0.1,0.533203125,0.5059237825474785,0.103152242967176,0.4027715395803025,0.2038888989321146
B,B1,0.2,0.2,2,2,1,0.1,0.537109375,0.5058912218888378,0.103038274829016,0.4028529470598219,0.2036767399210914
B,B1,0.2,0.2,2,2,1,0.1,0.541015625,0.5058551125784175,0.1029118857739223,0.4029432268044952,0.2034414266357127
B,B1,0.2,0.2,2,2,1,0.1,0.544921875,0.505815476367116,0.1027731519339355,0.4030423244331804,0.2031830909407441
B,B1,0.2,0.2,2,2,1,0.1,0.548828125,0.505772337130305,0.1026221568771331,0.403150180253172,0.2029018776697032
B,B1,0.2,0.2,2,2,1,0.1,0.552734375,0.5057257208534467,0.1024589915572924,0.4032667292961543,0.2025979445624909
B,B1,0.2,0.2,2,2,1,0.1,0.556640625,0.5056756556164452,0.1022837542590983,0.4033919013573469,0.2022714621972636
B,B1,0.2,0.2,2,2,1,0.1,0.560546875,0.5056221715767255,0.1020965505389492,0.4035256210377763,0.2019226139165786
B,B1,0.2,0.2,2,2,1,0.1,0.564453125,0.5055653009510738,0.1018974931613651,0.4036678077897087,0.2015515957477197
B,B1,0.2,0.2,2,2,1,0.1,0.568359375,0.5055050779962281,0.1016867020310675,0.4038183759651606,0.2011586163172555
B,B1,0.2,0.2,2,2,1,0.1,0.572265625,0.5054415389882451,0.1014643041207507,0.4039772348674944,0.2007438967597604
B,B1,0.2,0.2,2,2,1,0.1,0.576171875,0.5053747222006484,0.1012304333945982,0.4041442888060501,0.2003076706207059
B,B1,0.2,0.2,2,2,1,0.1,0.580078125,0.5053046678813701,0.1009852307275939,0.4043194371537762,0.1998501837535016
B,B1,0.2,0.2,2,2,1,0.1,0.583984375,0.5052314182285143,0.1007288438206531,0.4045025744078612,0.1993716942106197
B,B1,0.2,0.2,2,2,1,0.1,0.587890625,0.5051550173649318,0.1004614271116632,0.4046935902532686,0.198872472128864
B,B1,0.2,0.2,2,2,1,0.1,0.591796875,0.5050755113116471,0.100183141682449,0.4048923696291981,0.1983527996086767
B,B1,0.2,0.2,2,2,1,0.1,0.595703125,0.5049929479601326,0.09989415516174882,0.4050987927983838,0.1978129705875321
B,B1,0.2,0.2,2,2,1,0.1,0.599609375,0.504907377043464,0.09959464162423672,0.4053127354192273,0.1972532907073435
B,B1,0.2,0.2,2,2,1,0.1,0.603515625,0.5048188501063624,0.09928478148566737,0.405534068620695,0.1966740771758991
B,B1,0.2,0.2,2,2,1,0.1,0.607421875,0.5047274204741454,0.09896476139420053,0.4057626590799449,0.1960756586222959
B,B1,0.2,0.2,2,2,1,0.1,0.611328125,0.5046331432206028,0.09863477411797578,0.405998369102627,0.1954583749463659
B,B1,0.2,0.2,2,2,1,0.1,0.615234375,0.5045360751348291,0.09829501842898629,0.4062410567058428,0.1948225771620365
B,B1,0.2,0.2,2,2,1,0.1,0.619140625,0.5044362746870069,0.09794569898335823,0.4064905757036487,0.1941686272346922
B,B1,0.2,0.2,2,2,1,0.1,0.623046875,0.5043338019931974,0.09758702619805945,0.406746775795138,0.1934968979124182
B,B1,0.2,0.2,2,2,1,0.1,0.626953125,0.5042287187791158,0.09721921612416927,0.4070095026549465,0.1928077725512447
B,B1,0.2,0.2,2,2,1,0.1,0.630859375,0.5041210883429637,0.09684249031671942,0.4072785980262442,0.1921016449342336
B,B1,0.2,0.2,2,2,1,0.1,0.634765625,0.5040109755172906,0.09645707570125045,0.4075538998160401,0.1913789190845535
B,B1,0.2,0.2,2,2,1,0.1,0.638671875,0.5038984466299454,0.09606320443711462,0.4078352421928308,0.1906400090724269
B,B1,0.2,0.2,2,2,1,0.1,0.642578125,0.5037835694641217,0.09566111377763477,0.408122455686487,0.1898853388160122
B,B1,0.2,0.2,2,2,1,0.1,0.646484375,0.5036664132175289,0.09525104592718864,0.4084153672903403,0.1891153418761925
B,B1,0.2,0.2,2,2,1,0.1,0.650390625,0.5035470484607086,0.09483324789531646,0.4087138005653922,0.1883304612453035
B,B1,0.2,0.2,2,2,1,0.1,0.654296875,0.5034255470945284,0.09440797134792851,0.4090175757465999,0.1875311491297868
B,B1,0.2,0.2,2,2,1,0.1,0.658203125,0.5033019823068666,0.09397547245571654,0.4093265098511501,0.1867178667268174
B,B1,0.2,0.2,2,2,1,0.1,0.662109375,0.5031764285285325,0.09353601173983901,0.4096404167886935,0.1858910839948757
B,B1,0.2,0.2,2,2,1,0.1,0.666015625,0.503048961388427,0.09308985391499905,0.409959107473428,0.185051279418347
B,B1,0.2,0.2,2,2,1,0.1,0.669921875,0.502919657667987,0.09263726772999031,0.4102823899379966,0.1841989397661341
B,B1,0.2,0.2,2,2,1,0.1,0.673828125,0.5027885952549402,0.09217852580580503,0.4106100694491352,0.1833345598443132
B,B1,0.2,0.2,2,2,1,0.1,0.677734375,0.5026558530963834,0.0917139044714257,0.4109419486249577,0.1824586422429259
B,B1,0.2,0.2,2,2,1,0.1,0.681640625,0.5025215111512303,0.09124368359736865,0.4112778275538617,0.1815716970768829
B,B1,0.2,0.2,2,2,1,0.1,0.685546875,0.5023856503420439,0.0907681464271084,0.4116175039149355,0.1806742417210959
B,B1,0.2,0.2,2,2,1,0.1,0.689453125,0.5022483525062956,0.09028757940645421,0.4119607730998414,0.1797668005398235
B,B1,0.2,0.2,2,2,1,0.1,0.693359375,0.502109700347068,0.08980227201100953,0.4123074283360585,0.1788499046103599
B,B1,0.2,0.2,2,2,1,0.1,0.697265625,0.5019697773832379,0.08931251657180167,0.4126572608114362,0.1779240914410957
B,B1,0.2,0.2,2,2,1,0.1,0.701171875,0.5018286678991661,0.08881860809919483,0.4130100597999713,0.1769899046840453
B,B1,0.2,0.2,2,2,1,0.1,0.705078125,0.5016864568939292,0.08832084410518504,0.4133656127887442,0.1760478938419073
B,B1,0.2,0.2,2,2,1,0.1,0.708984375,0.5015432300301199,0.08781952442418832,0.4137237056059316,0.1750986139697556
B,B1,0.2,0.2,2,2,1,0.1,0.712890625,0.5013990735822447,0.08731495103243621,0.4140841225498085,0.1741426253714725
B,B1,0.2,0.2,2,2,1,0.1,0.716796875,0.5012540743847576,0.08680742786607223,0.4144466465186853,0.1731804932909926
B,B1,0.2,0.2,2,2,1,0.1,0.720703125,0.501108319779753,0.08629726063807454,0.4148110591416785,0.1722127875985054
B,B1,0.2,0.2,2,2,1,0.1,0.724609375,0.5009618975643555,0.08578475665410436,0.4151771409102512,0.1712400824717096
B,B1,0.2,0.2,2,2,1,0.1,0.728515625,0.5008148959378321,0.08527022462739828,0.4155446713104338,0.1702629560722634
B,B1,0.2,0.2,2,2,1,0.1,0.732421875,0.5006674034484666,0.08475397449280864,0.415913428955658,0.1692819902175483
B,B1,0.2,0.2,2,2,1,0.1,0.736328125,0.5005195089402174,0.08423631722011556,0.4162831917201018,0.168297770047914
B,B1,0.2,0.2,2,2,1,0.1,0.740234375,0.5003713014992086,0.08371756462670005,0.4166537368725086,0.1673108836895044
B,B1,0.2,0.2,2,2,1,0.1,0.744140625,0.5002228704000595,0.08319802918972902,0.4170248412103305,0.1663219219129072
B,B1,0.2,0.2,2,2,1,0.1,0.748046875,0.5000743050521147,0.08267802385792229,0.4173962811941924,0.1653314777876982
B,B1,0.2,0.2,2,2,1,0.1,0.751953125,0.499925694945584,0.08215786186304802,0.417767833082536,0.1643401463331281
B,B1,0.2,0.2,2,2,1,0.1,0.755859375,0.4997771295976385,0.08163785653124227,0.4181392730663963,0.1633485241650962
B,B1,0.2,0.2,2,2,1,0.1,0.759765625,0.4996286984984902,0.08111832109427045,0.4185103774042198,0.1623572091396098
B,B1,0.2,0.2,2,2,1,0.1,0.763671875,0.4994804910574813,0.08059956850085533,0.418880922556626,0.1613667999929546
B,B1,0.2,0.2,2,2,1,0.1,0.767578125,0.4993325965492322,0.08008191122816191,0.4192506853210703,0.16037789597873
B,B1,0.2,0.2,2,2,1,0.1,0.771484375,0.4991851040598662,0.07956566109357274,0.4196194429662935,0.1593910965020114
B,B1,0.2,0.2,2,2,1,0.1,0.775390625,0.4990381024333429,0.0790511290668665,0.4199869733664764,0.1584070007508604
B,B1,0.2,0.2,2,2,1,0.1,0.779296875,0.4988916802179453,0.07853862508289657,0.4203530551350487,0.1574262073253783
B,B1,0.2,0.2,2,2,1,0.1,0.783203125,0.4987459256129413,0.07802845785489815,0.4207174677580431,0.1564493138645772
B,B1,0.2,0.2,2,2,1,0.1,0.787109375,0.4986009264154539,0.07752093468853449,0.4210799917269195,0.155476916671312
B,B1,0.2,0.2,2,2,1,0.1,0.791015625,0.4984567699675783,0.07701636129678301,0.4214404086707952,0.1545096103355011
B,B1,0.2,0.2,2,2,1,0.1,0.794921875,0.4983135431037686,0.07651504161578698,0.4217985014879816,0.1535479873559317
B,B1,0.2,0.2,2,2,1,0.1,0.798828125,0.4981713320985321,0.07601727762177657,0.4221540544767556,0.1525926377609005
B,B1,0.2,0.2,2,2,1,0.1,0.802734375,0.4980302226144603,0.07552336914917009,0.4225068534652902,0.1516441487279677
B,B1,0.2,0.2,2,2,1,0.1,0.806640625,0.4978902996506304,0.07503361370996219,0.4228566859406682,0.1507031042031011
B,B1,0.2,0.2,2,2,1,0.1,0.810546875,0.4977516474914034,0.07454830631451691,0.4232033411768865,0.1497700845195182
B,B1,0.2,0.2,2,2,1,0.1,0.814453125,0.4976143496556557,0.07406773929386197,0.4235466103617937,0.1488456660164968
B,B1,0.2,0.2,2,2,1,0.1,0.818359375,0.4974784888464688,0.07359220212360235,0.4238862867228664,0.1479304206584785
B,B1,0.2,0.2,2,2,1,0.1,0.822265625,0.4973441469013155,0.07312198124954605,0.4242221656517694,0.1470249156547431
B,B1,0.2,0.2,2,2,1,0.1,0.826171875,0.4972114047427594,0.07265735991516561,0.4245540448275937,0.1461297130800049
B,B1,0.2,0.2,2,2,1,0.1,0.830078125,0.4970803423297127,0.07219861799098073,0.4248817243387319,0.1452453694962081
B,B1,0.2,0.2,2,2,1,0.1,0.833984375,0.4969510386092733,0.07174603180597137,0.4252050068033019,0.1443724355758547
B,B1,0.2,0.2,2,2,1,0.1,0.837890625,0.4968235714691671,0.07129987398113265,0.4255236974880344,0.1435114557272119
B,B1,0.2,0.2,2,2,1,0.1,0.841796875,0.4966980176908327,0.07086041326525573,0.425837604425577,0.1426629677216921
B,B1,0.2,0.2,2,2,1,0.1,0.845703125,0.4965744529031718,0.07042791437304279,0.426146538530129,0.1418275023237567
B,B1,0.2,0.2,2,2,1,0.1,0.849609375,0.4964529515369913,0.07000263782565538,0.4264503137113359,0.1410055829236809
B,B1,0.2,0.2,2,2,1,0.1,0.853515625,0.4963335867801714,0.06958483979378305,0.4267487469863883,0.1401977251734981
B,B1,0.2,0.2,2,2,1,0.1,0.857421875,0.4962164305335792,0.06917477194333635,0.4270416585902429,0.1394044366264798
B,B1,0.2,0.2,2,2,1,0.1,0.861328125,0.4961015533677559,0.06877268128385659,0.4273288720838992,0.1386262163804917
B,B1,0.2,0.2,2,2,1,0.1,0.865234375,0.4959890244804106,0.06837881001972154,0.427610214460689,0.1378635547255385
B,B1,0.2,0.2,2,2,1,0.1,0.869140625,0.495878911654738,0.06799339540425216,0.4278855162504858,0.1371169327958706
B,B1,0.2,0.2,2,2,1,0.1,0.873046875,0.4957712812185864,0.06761666959680207,0.4281546116217843,0.1363868222269813
B,B1,0.2,0.2,2,2,1,0.1,0.876953125,0.4956661980045055,0.06724885952291161,0.4284173384815939,0.1356736848178224
B,B1,0.2,0.2,2,2,1,0.1,0.880859375,0.4955637253106954,0.066890186737614,0.4286735385730814,0.1349779721985845
B,B1,0.2,0.2,2,2,1,0.1,0.884765625,0.495463924862874,0.06654086729198518,0.4289230575708889,0.1343001255043971
B,B1,0.2,0.2,2,2,1,0.1,0.888671875,0.4953668567770997,0.06620111160299692,0.4291657451741028,0.1336405750552372
B,B1,0.2,0.2,2,2,1,0.1,0.892578125,0.495272579523558,0.06587112432677145,0.4294014551967866,0.1329997400424189
B,B1,0.2,0.2,2,2,1,0.1,0.896484375,0.4951811498913412,0.06555110423530519,0.429630045656036,0.1323780282219734
B,B1,0.2,0.2,2,2,1,0.1,0.900390625,0.4950926229542406,0.06524124409673498,0.4298513788575056,0.1317758356152379
B,B1,0.2,0.2,2,2,1,0.1,0.904296875,0.4950070520375728,0.06494173055922249,0.4300653214783503,0.1311935462169803
B,B1,0.2,0.2,2,2,1,0.1,0.908203125,0.4949244886860589,0.06465274403852186,0.430271744647537,0.1306315317113607
B,B1,0.2,0.2,2,2,1,0.1,0.912109375,0.4948449826327741,0.06437445860930845,0.4304705240234656,0.1300901511960584
B,B1,0.2,0.2,2,2,1,0.1,0.916015625,0.4947685817691918,0.06410704190031895,0.4306615398688728,0.1295697509148322
B,B1,0.2,0.2,2,2,1,0.1,0.919921875,0.4946953321163363,0.06385065499337844,0.4308446771229579,0.1290706639988324
B,B1,0.2,0.2,2,2,1,0.1,0.923828125,0.4946252777970583,0.06360545232637418,0.4310198254706842,0.1285932102169495
B,B1,0.2,0.2,2,2,1,0.1,0.927734375,0.4945584610094615,0.06337158160022247,0.4311868794092391,0.1281376957354493
B,B1,0.2,0.2,2,2,1,0.1,0.931640625,0.494494922001479,0.06314918368990573,0.4313457383115733,0.1277044128872103
B,B1,0.2,0.2,2,2,1,0.1,0.935546875,0.4944346990466343,0.06293839255960761,0.4314963064870267,0.127293639950766
B,B1,0.2,0.2,2,2,1,0.1,0.939453125,0.4943778284209837,0.06273933518202264,0.431638493238961,0.1269056409394586
B,B1,0.2,0.2,2,2,1,0.1,0.943359375,0.4943243443812649,0.06255213146187294,0.4317722129193919,0.1265406654009082
B,B1,0.2,0.2,2,2,1,0.1,0.947265625,0.4942742791442629,0.06237689416368023,0.4318973849805827,0.1261989482270316
B,B1,0.2,0.2,2,2,1,0.1,0.951171875,0.4942276628674057,0.06221372884383874,0.432013934023567,0.1258807094748353
B,B1,0.2,0.2,2,2,1,0.1,0.955078125,0.4941845236305951,0.06206273378703667,0.4321217898435584,0.1255861541982015
B,B1,0.2,0.2,2,2,1,0.1,0.958984375,0.4941448874192941,0.06192399994704988,0.4322208874722442,0.1253154722908341
B,B1,0.2,0.2,2,2,1,0.1,0.962890625,0.4941087781088738,0.06179761089195689,0.4323111672169169,0.1250688383405732
B,B1,0.2,0.2,2,2,1,0.1,0.966796875,0.4940762174502336,0.06168364275379726,0.4323925746964363,0.1248464114952273
B,B1,0.2,0.2,2,2,1,0.1,0.970703125,0.494047225056696,0.06158216418271675,0.4324650608739792,0.1246483353401078
B,B1,0.2,0.2,2,2,1,0.1,0.974609375,0.4940218183921949,0.06149323630561171,0.4325285820865832,0.1244747377873771
B,B1,0.2,0.2,2,2,1,0.1,0.978515625,0.4940000127607548,0.06141691268931053,0.4325831000714442,0.1243257309773692
B,B1,0.2,0.2,2,2,1,0.1,0.982421875,0.4939818212972734,0.06135323930830476,0.4326285819889686,0.1242014111919778
B,B1,0.2,0.2,2,2,1,0.1,0.986328125,0.4939672549596079,0.06130225451705861,0.4326650004425492,0.1241018587802371
B,B1,0.2,0.2,2,2,1,0.1,0.990234375,0.4939563225219746,0.06126398902690489,0.4326923334950697,0.1240271380961612
B,B1,0.2,0.2,2,2,1,0.1,0.994140625,0.4939490305696662,0.06123846588754275,0.4327105646821234,0.1239772974489232
B,B1,0.2,0.2,2,2,1,0.1,0.998046875,0.4939453834950847,0.06122570047315309,0.4327196830219316,0.1239523690654401
B,B1,0.2,0.2,2,2,1,0.5,0.001953125,0.5020758880219514,0.2139089679876888,0.2881669200342626,0.4260490756296514
B,B1,0.2,0.2,2,2,1,0.5,0.005859375,0.5020746375844255,0.2139103270256294,0.2881643105587961,0.4260528435668286
B,B1,0.2,0.2,2,2,1,0.5,0.009765625,0.5020721374631106,0.2139130442821834,0.2881590931809273,0.4260603772259727
B,B1,0.2,0.2,2,2,1,0.5,0.013671875,0.5020683891632101,0.2139171181216125,0.2881512710415975,0.4260716721842317
B,B1,0.2,0.2,2,2,1,0.5,0.017578125,0.5020633949434732,0.2139225460887695,0.2881408488547036,0.4260867218030401
B,B1,0.2,0.2,2,2,1,0.5,0.021484375,0.5020571578119487,0.2139293249144265,0.2881278328975222,0.4261055172418361
B,B1,0.2,0.2,2,2,1,0.5,0.025390625,0.5020496815248716,0.2139374505163124,0.2881122310085592,0.4261280474604064
B,B1,0.2,0.2,2,2,1,0.5,0.029296875,0.5020409705867179,0.2139469179984816,0.2880940525882363,0.4261542992167537
B,B1,0.2,0.2,2,2,1,0.5,0.033203125,0.5020310302440201,0.2139577216588914,0.2880733085851286,0.4261842570864472
B,B1,0.2,0.2,2,2,1,0.5,0.037109375,0.5020198664843594,0.2139698549899667,0.2880500114943927,0.4262179034634538
B,B1,0.2,0.2,2,2,1,0.5,0.041015625,0.5020074860332956,0.213983310681804,0.2880241753514916,0.4262552185678196
B,B1,0.2,0.2,2,2,1,0.5,0.044921875,0.5019938963474034,0.2139980806304605,0.287995815716943,0.426296180466632
B,B1,0.2,0.2,2,2,1,0.5,0.048828125,0.5019791056129019,0.2140141559386699,0.287964949674232,0.4263407650750021
B,B1,0.2,0.2,2,2,1,0.5,0.052734375,0.5019631227391805,0.2140315269232625,0.287931595815918,0.4263889461745839
B,B1,0.2,0.2,2,2,1,0.5,0.056640625,0.5019459573537254,0.2140501831206063,0.2878957742331191,0.4264406954268254
B,B1,0.2,0.2,2,2,1,0.5,0.060546875,0.5019276197963204,0.2140701132929088,0.2878575065034116,0.4264959823884116
B,B1,0.2,0.2,2,2,1,0.5,0.064453125,0.5019081211128256,0.2140913054349778,0.2878168156778478,0.4265547745278493
B,B1,0.2,0.2,2,2,1,0.5,0.068359375,0.5018874730485174,0.2141137467814613,0.2877737262670562,0.4266170372432525
B,B1,0.2,0.2,2,2,1,0.5,0.072265625,0.5018656880410204,0.2141374238145275,0.2877282642264929,0.4266827338812308
B,B1,0.2,0.2,2,2,1,0.5,0.076171875,0.5018427792128068,0.2141623222720194,0.2876804569407874,0.4267518257569742
B,B1,0.2,0.2,2,2,1,0.5,0.080078125,0.5018187603632969,0.2141884271560391,0.2876303332072577,0.4268242721754268
B,B1,0.2,0.2,2,2,1,0.5,0.083984375,0.5017936459605483,0.2142157227419792,0.2875779232185691,0.4269000304535963
B,B1,0.2,0.2,2,2,1,0.5,0.087890625,0.5017674511325392,0.214244192587998,0.2875232585445411,0.4269790559439986
B,B1,0.2,0.2,2,2,1,0.5,0.091796875,0.5017401916580543,0.2142738195449255,0.2874663721131288,0.4270613020592084
B,B1,0.2,0.2,2,2,1,0.5,0.095703125,0.5017118839571818,0.21430458576659,0.2874072981905919,0.4271467202974997
B,B1,0.2,0.2,2,2,1,0.5,0.099609375,0.5016825450814204,0.2143364727205725,0.2873460723608479,0.4272352602695931
B,B1,0.2,0.2,2,2,1,0.5,0.103515625,0.5016521927034123,0.2143694611993638,0.2872827315040485,0.4273268697264594
B,B1,0.2,0.2,2,2,1,0.5,0.107421875,0.5016208451062975,0.2144035313319348,0.2872173137743627,0.4274214945882104
B,B1,0.2,0.2,2,2,1,0.5,0.111328125,0.5015885211726925,0.2144386625957163,0.2871498585769762,0.4275190789740719
B,B1,0.2,0.2,2,2,1,0.5,0.115234375,0.5015552403733332,0.2144748338289394,0.2870804065443938,0.4276195652333227
B,B1,0.2,0.2,2,2,1,0.5,0.119140625,0.5015210227553212,0.2145120232434158,0.2870089995119054,0.4277228939774086
B,B1,0.2,0.2,2,2,1,0.5,0.123046875,0.5014858889300746,0.2145502084376265,0.2869356804924481,0.4278290041129006
B,B1,0.2,0.2,2,2,1,0.5,0.126953125,0.5014498600608891,0.2145893664102481,0.2868604936506409,0.4279378328756366
B,B1,0.2,0.2,2,2,1,0.5,0.130859375,0.5014129578502209,0.2146294735739648,0.2867834842762561,0.4280493158656615
B,B1,0.2,0.2,2,2,1,0.5,0.134765625,0.5013752045265688,0.2146705057697386,0.2867046987568302,0.4281633870834209
B,B1,0.2,0.2,2,2,1,0.5,0.138671875,0.5013366228311293,0.2147124382813008,0.2866241845498285,0.428279978966597
B,B1,0.2,0.2,2,2,1,0.5,0.142578125,0.5012972360040748,0.2147552458500725,0.2865419901540023,0.4283990224281365
B,B1,0.2,0.2,2,2,1,0.5,0.146484375,0.5012570677705539,0.2147989026903787,0.2864581650801752,0.428520446895127
B,B1,0.2,0.2,2,2,1,0.5,0.150390625,0.501216142326408,0.2148433825049723,0.2863727598214356,0.428644180348564
B,B1,0.2,0.2,2,2,1,0.5,0.154296875,0.5011744843235986,0.2148886585008704,0.2862858258227282,0.4287701493640306
B,B1,0.2,0.2,2,2,1,0.5,0.158203125,0.5011321188553459,0.2149347034055099,0.2861974154498361,0.42889827915331
B,B1,0.2,0.2,2,2,1,0.5,0.162109375,0.501089071441023,0.2149814894831633,0.2861075819578597,0.429028493606782
B,B1,0.2,0.2,2,2,1,0.5,0.166015625,0.5010453680107857,0.2150289885516429,0.2860163794591428,0.429160715336688
B,B1,0.2,0.2,2,2,1,0.5,0.169921875,0.5010010348899403,0.2150771719992935,0.2859238628906468,0.4292948657212686
B,B1,0.2,0.2,2,2,1,0.5,0.173828125,0.5009560987831073,0.2151260108021996,0.2858300879809078,0.4294308649495851
B,B1,0.2,0.2,2,2,1,0.5,0.177734375,0.5009105867581154,0.2151754755416951,0.2857351112164203,0.4295686320672658
B,B1,0.2,0.2,2,2,1,0.5,0.181640625,0.5008645262297065,0.2152255364220706,0.2856389898076358,0.4297080850229028
B,B1,0.2,0.2,2,2,1,0.5,0.185546875,0.5008179449430188,0.2152761632885262,0.2855417816544926,0.4298491407152344
B,B1,0.2,0.2,2,2,1,0.5,0.189453125,0.5007708709568803,0.2153273256453268,0.2854435453115536,0.429991715041005
B,B1,0.2,0.2,2,2,1,0.5,0.193359375,0.5007233326268974,0.2153789926741858,0.2853443399527116,0.4301357229435733
B,B1,0.2,0.2,2,2,1,0.5,0.197265625,0.5006753585883862,0.2154311332528117,0.2852442253355745,0.4302810784621044
B,B1,0.2,0.2,2,2,1,0.5,0.201171875,0.5006269777391105,0.2154837159736736,0.2851432617654369,0.4304276947814979
B,B1,0.2,0.2,2,2,1,0.5,0.205078125,0.5005782192218844,0.2155367091629072,0.2850415100589772,0.4305754842828454
B,B1,0.2,0.2,2,2,1,0.5,0.208984375,0.5005291124070168,0.2155900808993952,0.2849390315076216,0.430724358594517
B,B1,0.2,0.2,2,2,1,0.5,0.212890625,0.5004796868746226,0.2156437990339917,0.284835887840631,0.4308742286437962
B,B1,0.2,0.2,2,2,1,0.5,0.216796875,0.5004299723967779,0.2156978312089228,0.2847321411878551,0.4310250047091537
B,B1,0.2,0.2,2,2,1,0.5,0.220703125,0.5003799989196431,0.2157521448772027,0.2846278540424404,0.4311765964727354
B,B1,0.2,0.2,2,2,1,0.5,0.224609375,0.5003297965453614,0.2158067073223233,0.284523089223038,0.4313289130737543
B,B1,0.2,0.2,2,2,1,0.5,0.228515625,0.5002793955139742,0.2158614856778967,0.2844179098360775,0.4314818631619361
B,B1,0.2,0.2,2,2,1,0.5,0.232421875,0.50022882618517,0.2159164469475006,0.2843123792376694,0.431635354951685
B,B1,0.2,0.2,2,2,1,0.5,0.236328125,0.500178119020026,0.2159715580245153,0.2842065609955107,0.4317892962764097
B,B1,0.2,0.2,2,2,1,0.5,0.240234375,0.5001273045626388,0.2160267857120937,0.284100518850545,0.4319435946433861
B,B1,0.2,0.2,2,2,1,0.5,0.244140625,0.5000764134217416,0.2160820967431364,0.2839943166786052,0.4320981572888195
B,B1,0.2,0.2,2,2,1,0.5,0.248046875,0.5000254762522522,0.2161374578003499,0.2838880184519024,0.4322528912333121
B,B1,0.2,0.2,2,2,1,0.5,0.251953125,0.4999745237368232,0.2161928355362948,0.2837816882005285,0.4324077033374893
B,B1,0.2,0.2,2,2,1,0.5,0.255859375,0.4999235865673328,0.2162481965935097,0.2836753899738231,0.4325625003580104
B,B1,0.2,0.2,2,2,1,0.5,0.259765625,0.4998726954264366,0.216303507624551,0.2835691878018856,0.4327171890035413
B,B1,0.2,0.2,2,2,1,0.5,0.263671875,0.4998218809690506,0.2163587353121282,0.2834631456569224,0.4328716759911624
B,B1,0.2,0.2,2,2,1,0.5,0.267578125,0.4997711738039069,0.2164138463891426,0.2833573274147643,0.4330258681027008
B,B1,0.2,0.2,2,2,1,0.5,0.271484375,0.4997206044751043,0.2164688076587444,0.2832517968163599,0.4331796722412889
B,B1,0.2,0.2,2,2,1,0.5,0.275390625,0.4996702034437137,0.2165235860143225,0.2831466174293912,0.4333329954879193
B,B1,0.2,0.2,2,2,1,0.5,0.279296875,0.4996200010694347,0.2165781484594399,0.2830418526099948,0.4334857451580305
B,B1,0.2,0.2,2,2,1,0.5,0.283203125,0.4995700275922969,0.2166324621277243,0.2829375654645725,0.4336378288581392
B,B1,0.2,0.2,2,2,1,0.5,0.287109375,0.4995203131144582,0.2166864943026475,0.2828338188118107,0.4337891545423435
B,B1,0.2,0.2,2,2,1,0.5,0.291015625,0.4994708875820598,0.2167402124372499,0.2827306751448099,0.4339396305688406
B,B1,0.2,0.2,2,2,1,0.5,0.294921875,0.4994217807671936,0.2167935841737366,0.2826281965934569,0.4340891657562596
B,B1,0.2,0.2,2,2,1,0.5,0.298828125,0.4993730222499668,0.2168465773629717,0.2825264448869951,0.4342376694398736
B,B1,0.2,0.2,2,2,1,0.5,0.302734375,0.4993246414006935,0.2168991600838308,0.2824254813168628,0.4343850515275802
B,B1,0.2,0.2,2,2,1,0.5,0.306640625,0.4992766673621798,0.2169513006624603,0.2823253666997195,0.4345312225557736
B,B1,0.2,0.2,2,2,1,0.5,0.310546875,0.4992291290321967,0.2170029676913199,0.2822261613408767,0.4346760937447718
B,B1,0.2,0.2,2,2,1,0.5,0.314453125,0.4991820550460599,0.217054130048119,0.2821279249979409,0.4348195770540895
B,B1,0.2,0.2,2,2,1,0.5,0.318359375,0.4991354737593739,0.2171047569145728,0.2820307168448011,0.4349615852373497
B,B1,0.2,0.2,2,2,1,0.5,0.322265625,0.499089413230964,0.2171548177949504,0.2819345954360136,0.4351020318967526
B,B1,0.2,0.2,2,2,1,0.5,0.326171875,0.499043901205971,0.217204282534448,0.281839618671523,0.4352408315371858
B,B1,0.2,0.2,2,2,1,0.5,0.330078125,0.4989989650991407,0.2172531213373513,0.2817458437617893,0.4353778996198672
B,B1,0.2,0.2,2,2,1,0.5,0.333984375,0.4989546319782969,0.2173013047850003,0.2816533271932967,0.4355131526155513
B,B1,0.2,0.2,2,2,1,0.5,0.337890625,0.4989109285480595,0.2173488038534804,0.2815621246945791,0.4356465080570859
B,B1,0.2,0.2,2,2,1,0.5,0.341796875,0.4988678811337345,0.2173955899311376,0.2814722912025969,0.4357778845915701
B,B1,0.2,0.2,2,2,1,0.5,0.345703125,0.4988255156654823,0.2174416348357773,0.281383880829705,0.4359072020317341
B,B1,0.2,0.2,2,2,1,0.5,0.349609375,0.4987838576626731,0.2174869108316761,0.2812969468309969,0.4360343814068703
B,B1,0.2,0.2,2,2,1,0.5,0.353515625,0.4987429322185296,0.2175313906462675,0.2812115415722621,0.436159345012941
B,B1,0.2,0.2,2,2,1,0.5,0.357421875,0.4987027639850089,0.2175750474865746,0.2811277164984344,0.4362820164620441
B,B1,0.2,0.2,2,2,1,0.5,0.361328125,0.4986633771579553,0.2176178550553458,0.2810455221026095,0.4364023207311126
B,B1,0.2,0.2,2,2,1,0.5,0.365234375,0.4986247954625155,0.2176597875669096,0.2809650078956059,0.4365201842098771
B,B1,0.2,0.2,2,2,1,0.5,0.369140625,0.4985870421388653,0.2177008197626818,0.2808862223761835,0.4366355347479092
B,B1,0.2,0.2,2,2,1,0.5,0.373046875,0.4985501399281961,0.2177409269264012,0.2808092130017949,0.436748301700931
B,B1,0.2,0.2,2,2,1,0.5,0.376953125,0.4985141110590134,0.21778008489902,0.2807340261599934,0.4368584159761918
B,B1,0.2,0.2,2,2,1,0.5,0.380859375,0.4984789772337663,0.2178182700932326,0.2806607071405337,0.4369658100768505
B,B1,0.2,0.2,2,2,1,0.5,0.384765625,0.4984447596157541,0.2178554595077105,0.2805893001080436,0.4370704181455393
B,B1,0.2,0.2,2,2,1,0.5,0.388671875,0.4984114788163921,0.2178916307409383,0.2805198480754538,0.4371721760068182
B,B1,0.2,0.2,2,2,1,0.5,0.392578125,0.4983791548827897,0.2179267620047176,0.2804523928780721,0.4372710212086824
B,B1,0.2,0.2,2,2,1,0.5,0.396484375,0.4983478072856735,0.2179608321372916,0.2803869751483819,0.4373668930629958
B,B1,0.2,0.2,2,2,1,0.5,0.400390625,0.4983174549076704,0.2179938206160777,0.2803236342915927,0.4374597326847967
B,B1,0.2,0.2,2,2,1,0.5,0.404296875,0.4982881160319106,0.2180257075700598,0.2802624084618508,0.4375494830306114
B,B1,0.2,0.2,2,2,1,0.5,0.408203125,0.4982598083310377,0.2180564737917263,0.2802033345393114,0.437636088935458
B,B1,0.2,0.2,2,2,1,0.5,0.412109375,0.4982325488565529,0.2180861007486549,0.280146448107898,0.4377194971487993
B,B1,0.2,0.2,2,2,1,0.5,0.416015625,0.4982063540285449,0.2181145705946742,0.2800917834338706,0.4377996563692507
B,B1,0.2,0.2,2,2,1,0.5,0.419921875,0.4981812396257993,0.2181418661806118,0.2800393734451875,0.4378765172780604
B,B1,0.2,0.2,2,2,1,0.5,0.423828125,0.4981572207762904,0.2181679710646318,0.2799892497116586,0.4379500325713545
B,B1,0.2,0.2,2,2,1,0.5,0.427734375,0.4981343119480755,0.2181928695221272,0.2799414424259483,0.438020156991055
B,B1,0.2,0.2,2,2,1,0.5,0.431640625,0.4981125269405768,0.2182165465551974,0.2798959803853794,0.4380868473545333
B,B1,0.2,0.2,2,2,1,0.5,0.435546875,0.4980918788762727,0.2182389879016771,0.2798528909745956,0.4381500625829079
B,B1,0.2,0.2,2,2,1,0.5,0.439453125,0.4980723801927811,0.2182601800437436,0.2798122001490375,0.4382097637280449
B,B1,0.2,0.2,2,2,1,0.5,0.443359375,0.4980540426353736,0.218280110216051,0.2797739324193225,0.4382659139981208
B,B1,0.2,0.2,2,2,1,0.5,0.447265625,0.4980368772499174,0.2182987664133981,0.2797381108365193,0.4383184787817523
B,B1,0.2,0.2,2,2,1,0.5,0.451171875,0.4980208943761988,0.2183161373979891,0.2797047569782097,0.438367425670851
B,B1,0.2,0.2,2,2,1,0.5,0.455078125,0.4980061036417024,0.2183322127061935,0.2796738909355089,0.4384127244819387
B,B1,0.2,0.2,2,2,1,0.5,0.458984375,0.4979925139558088,0.2183469826548531,0.2796455313009557,0.4384543472760494
B,B1,0.2,0.2,2,2,1,0.5,0.462890625,0.4979801335044413,0.2183604383470971,0.2796196951573442,0.4384922683771071
B,B1,0.2,0.2,2,2,1,0.5,0.466796875,0.4979689697451206,0.2183725716777196,0.279596398067401,0.4385264643889175
B,B1,0.2,0.2,2,2,1,0.5,0.470703125,0.497959029402477,0.2183833753380574,0.2795756540644196,0.4385569142106033
B,B1,0.2,0.2,2,2,1,0.5,0.474609375,0.4979503184641982,0.2183928428203937,0.2795574756438045,0.4385835990505463
B,B1,0.2,0.2,2,2,1,0.5,0.478515625,0.4979428421774331,0.2184009684218636,0.2795418737555695,0.4386065024387685
B,B1,0.2,0.2,2,2,1,0.5,0.482421875,0.4979366050456171,0.218407747247909,0.2795288577977081,0.4386256102378739
B,B1,0.2,0.2,2,2,1,0.5,0.486328125,0.4979316108257602,0.2184131752152251,0.2795184356105351,0.4386409106523944
B,B1,0.2,0.2,2,2,1,0.5,0.490234375,0.4979278625261971,0.2184172490542029,0.2795106134719942,0.4386523942365477
B,B1,0.2,0.2,2,2,1,0.5,0.494140625,0.4979253624047619,0.2184199663109161,0.2795053960938458,0.4386600539005345
B,B1,0.2,0.2,2,2,1,0.5,0.498046875,0.4979241119674365,0.2184213253485878,0.2795027866188487,0.4386638849152021
B,B1,0.2,0.2,2,2,1,0.5,0.501953125,0.4979241119674342,0.2184213253485888,0.2795027866188455,0.4386638849152061
B,B1,0.2,0.2,2,2,1,0.5,0.505859375,0.4979253624047599,0.218419966310913,0.2795053960938469,0.4386600539005302
B,B1,0.2,0.2,2,2,1,0.5,0.509765625,0.4979278625261916,0.2184172490542007,0.2795106134719909,0.438652394236548
B,B1,0.2,0.2,2,2,1,0.5,0.513671875,0.4979316108257521,0.2184131752152227,0.2795184356105294,0.4386409106523967
B,B1,0.2,0.2,2,2,1,0.5,0.517578125,0.4979366050456053,0.2184077472479077,0.2795288577976975,0.4386256102378817
B,B1,0.2,0.2,2,2,1,0.5,0.521484375,0.4979428421774219,0.2184009684218577,0.2795418737555642,0.4386065024387665
B,B1,0.2,0.2,2,2,1,0.5,0.525390625,0.4979503184641851,0.2183928428203865,0.2795574756437986,0.4385835990505432
B,B1,0.2,0.2,2,2,1,0.5,0.529296875,0.4979590294024593,0.2183833753380529,0.2795756540644064,0.4385569142106098
B,B1,0.2,0.2,2,2,1,0.5,0.533203125,0.4979689697451016,0.218372571677713,0.2795963980673886,0.438526464388921
B,B1,0.2,0.2,2,2,1,0.5,0.537109375,0.4979801335044208,0.2183604383470884,0.2796196951573324,0.4384922683771076
B,B1,0.2,0.2,2,2,1,0.5,0.541015625,0.4979925139557855,0.2183469826548444,0.2796455313009411,0.4384543472760526
B,B1,0.2,0.2,2,2,1,0.5,0.544921875,0.4980061036416759,0.2183322127061852,0.2796738909354907,0.4384127244819455
B,B1,0.2,0.2,2,2,1,0.5,0.548828125,0.4980208943761704,0.2183161373979795,0.2797047569781909,0.4383674256708569
B,B1,0.2,0.2,2,2,1,0.5,0.552734375,0.4980368772498892,0.2182987664133844,0.2797381108365048,0.4383184787817497
B,B1,0.2,0.2,2,2,1,0.5,0.556640625,0.498054042635342,0.218280110216038,0.279773932419304,0.4382659139981224
B,B1,0.2,0.2,2,2,1,0.5,0.560546875,0.4980723801927452,0.2182601800437323,0.2798122001490129,0.4382097637280539
B,B1,0.2,0.2,2,2,1,0.5,0.564453125,0.4980918788762361,0.218238987901663,0.2798528909745731,0.4381500625829118
B,B1,0.2,0.2,2,2,1,0.5,0.568359375,0.4981125269405396,0.2182165465551802,0.2798959803853594,0.4380868473545317
B,B1,0.2,0.2,2,2,1,0.5,0.572265625,0.498134311948035,0.2181928695221106,0.2799414424259243,0.4380201569910573
B,B1,0.2,0.2,2,2,1,0.5,0.576171875,0.4981572207762451,0.2181679710646177,0.2799892497116274,0.437950032571366
B,B1,0.2,0.2,2,2,1,0.5,0.580078125,0.4981812396257536,0.2181418661805944,0.2800393734451592,0.4378765172780656
B,B1,0.2,0.2,2,2,1,0.5,0.583984375,0.4982063540284971,0.2181145705946558,0.2800917834338412,0.4377996563692558
B,B1,0.2,0.2,2,2,1,0.5,0.587890625,0.4982325488565009,0.2180861007486384,0.2801464481078625,0.4377194971488119
B,B1,0.2,0.2,2,2,1,0.5,0.591796875,0.4982598083309854,0.2180564737917065,0.2802033345392788,0.4376360889354644
B,B1,0.2,0.2,2,2,1,0.5,0.595703125,0.4982881160318557,0.2180257075700396,0.2802624084618162,0.4375494830306191
B,B1,0.2,0.2,2,2,1,0.5,0.599609375,0.4983174549076145,0.2179938206160552,0.2803236342915593,0.4374597326848006
B,B1,0.2,0.2,2,2,1,0.5,0.603515625,0.4983478072856163,0.2179608321372669,0.2803869751483494,0.4373668930629964
B,B1,0.2,0.2,2,2,1,0.5,0.607421875,0.4983791548827299,0.2179267620046926,0.2804523928780372,0.4372710212086849
B,B1,0.2,0.2,2,2,1,0.5,0.611328125,0.4984114788163295,0.2178916307409133,0.2805198480754162,0.4371721760068229
B,B1,0.2,0.2,2,2,1,0.5,0.615234375,0.4984447596156881,0.217855459507686,0.2805893001080021,0.4370704181455481
B,B1,0.2,0.2,2,2,1,0.5,0.619140625,0.4984789772337002,0.2178182700932046,0.2806607071404955,0.4369658100768523
B,B1,0.2,0.2,2,2,1,0.5,0.623046875,0.4985141110589422,0.2177800848989948,0.2807340261599474,0.4368584159762038
B,B1,0.2,0.2,2,2,1,0.5,0.626953125,0.4985501399281218,0.2177409269263763,0.2808092130017456,0.4367483017009462
B,B1,0.2,0.2,2,2,1,0.5,0.630859375,0.4985870421387895,0.2177008197626552,0.2808862223761343,0.4366355347479223
B,B1,0.2,0.2,2,2,1,0.5,0.634765625,0.4986247954624377,0.2176597875668818,0.2809650078955559,0.4365201842098895
B,B1,0.2,0.2,2,2,1,0.5,0.638671875,0.498663377157876,0.2176178550553161,0.2810455221025598,0.4364023207311226
B,B1,0.2,0.2,2,2,1,0.5,0.642578125,0.4987027639849279,0.2175750474865433,0.2811277164983846,0.4362820164620523
B,B1,0.2,0.2,2,2,1,0.5,0.646484375,0.4987429322184442,0.2175313906462384,0.2812115415722058,0.4361593450129573
B,B1,0.2,0.2,2,2,1,0.5,0.650390625,0.498783857662587,0.2174869108316443,0.2812969468309428,0.4360343814068817
B,B1,0.2,0.2,2,2,1,0.5,0.654296875,0.4988255156653942,0.2174416348357444,0.2813838808296498,0.435907202031745
B,B1,0.2,0.2,2,2,1,0.5,0.658203125,0.4988678811336449,0.2173955899311028,0.2814722912025421,0.4357778845915785
B,B1,0.2,0.2,2,2,1,0.5,0.662109375,0.4989109285479651,0.2173488038534484,0.2815621246945167,0.4356465080571041
B,B1,0.2,0.2,2,2,1,0.5,0.666015625,0.4989546319782041,0.2173013047849622,0.281653327193242,0.435513152615556
B,B1,0.2,0.2,2,2,1,0.5,0.669921875,0.4989989650990438,0.2172531213373147,0.2817458437617292,0.4353778996198783
B,B1,0.2,0.2,2,2,1,0.5,0.673828125,0.4990439012058726,0.2172042825344097,0.2818396186714629,0.4352408315371948
B,B1,0.2,0.2,2,2,1,0.5,0.677734375,0.4990894132308633,0.2171548177949114,0.2819345954359519,0.4351020318967621
B,B1,0.2,0.2,2,2,1,0.5,0.681640625,0.4991354737592676,0.2171047569145375,0.28203071684473,0.4349615852373716
B,B1,0.2,0.2,2,2,1,0.5,0.685546875,0.4991820550459541,0.2170541300480789,0.2821279249978752,0.4348195770541014
B,B1,0.2,0.2,2,2,1,0.5,0.689453125,0.4992291290320908,0.2170029676912763,0.2822261613408146,0.4346760937447766
B,B1,0.2,0.2,2,2,1,0.5,0.693359375,0.4992766673620696,0.2169513006624186,0.282325366699651,0.4345312225557859
B,B1,0.2,0.2,2,2,1,0.5,0.697265625,0.4993246414005804,0.2168991600837892,0.2824254813167911,0.4343850515275954
B,B1,0.2,0.2,2,2,1,0.5,0.701171875,0.4993730222498539,0.2168465773629261,0.2825264448869279,0.4342376694398803
B,B1,0.2,0.2,2,2,1,0.5,0.705078125,0.4994217807670753,0.2167935841736944,0.2826281965933809,0.4340891657562779
B,B1,0.2,0.2,2,2,1,0.5,0.708984375,0.4994708875819399,0.2167402124372061,0.2827306751447338,0.433939630568857
B,B1,0.2,0.2,2,2,1,0.5,0.712890625,0.4995203131143365,0.2166864943026023,0.2828338188117342,0.4337891545423586
B,B1,0.2,0.2,2,2,1,0.5,0.716796875,0.4995700275921757,0.2166324621276744,0.2829375654645013,0.4336378288581444
B,B1,0.2,0.2,2,2,1,0.5,0.720703125,0.4996200010693104,0.2165781484593903,0.2830418526099201,0.4334857451580391
B,B1,0.2,0.2,2,2,1,0.5,0.724609375,0.4996702034435853,0.2165235860142748,0.2831466174293105,0.4333329954879352
B,B1,0.2,0.2,2,2,1,0.5,0.728515625,0.4997206044749738,0.2164688076586956,0.2832517968162782,0.4331796722413044
B,B1,0.2,0.2,2,2,1,0.5,0.732421875,0.4997711738037743,0.2164138463890928,0.2833573274146814,0.4330258681027162
B,B1,0.2,0.2,2,2,1,0.5,0.736328125,0.4998218809689185,0.216358735312074,0.2834631456568445,0.4328716759911683
B,B1,0.2,0.2,2,2,1,0.5,0.740234375,0.4998726954263027,0.2163035076244957,0.2835691878018071,0.4327171890035465
B,B1,0.2,0.2,2,2,1,0.5,0.744140625,0.4999235865671948,0.2162481965934558,0.283675389973739,0.4325625003580219
B,B1,0.2,0.2,2,2,1,0.5,0.748046875,0.4999745237366791,0.2161928355362453,0.2837816882004337,0.4324077033375151
B,B1,0.2,0.2,2,2,1,0.5,0.751953125,0.5000254762521106,0.2161374578002933,0.2838880184518173,0.4322528912333213
B,B1,0.2,0.2,2,2,1,0.5,0.755859375,0.5000764134215977,0.2160820967430788,0.2839943166785188,0.4320981572888287
B,B1,0.2,0.2,2,2,1,0.5,0.759765625,0.5001273045624911,0.2160267857120374,0.2841005188504537,0.4319435946434009
B,B1,0.2,0.2,2,2,1,0.5,0.763671875,0.5001781190198757,0.2159715580244586,0.2842065609954171,0.431789296276426
B,B1,0.2,0.2,2,2,1,0.5,0.767578125,0.500228826185018,0.2159164469474426,0.2843123792375754,0.4316353549517002
B,B1,0.2,0.2,2,2,1,0.5,0.771484375,0.5002793955138194,0.2158614856778386,0.2844179098359808,0.4314818631619534
B,B1,0.2,0.2,2,2,1,0.5,0.775390625,0.5003297965452083,0.2158067073222592,0.2845230892229491,0.431328913073758
B,B1,0.2,0.2,2,2,1,0.5,0.779296875,0.5003799989194861,0.2157521448771399,0.2846278540423463,0.4311765964727451
B,B1,0.2,0.2,2,2,1,0.5,0.783203125,0.5004299723966168,0.2156978312088616,0.2847321411877552,0.43102500470917
B,B1,0.2,0.2,2,2,1,0.5,0.787109375,0.5004796868744581,0.2156437990339312,0.2848358878405269,0.4308742286438169
B,B1,0.2,0.2,2,2,1,0.5,0.791015625,0.5005291124068549,0.2155900808993275,0.2849390315075274,0.4307243585945211
B,B1,0.2,0.2,2,2,1,0.5,0.794921875,0.5005782192217186,0.2155367091628407,0.285041510058878,0.430575484282855
B,B1,0.2,0.2,2,2,1,0.5,0.798828125,0.5006269777389389,0.2154837159736108,0.2851432617653282,0.4304276947815199
B,B1,0.2,0.2,2,2,1,0.5,0.802734375,0.5006753585882135,0.2154311332527465,0.285244225335467,0.4302810784621227
B,B1,0.2,0.2,2,2,1,0.5,0.806640625,0.5007233326267244,0.2153789926741176,0.2853443399526068,0.4301357229435856
B,B1,0.2,0.2,2,2,1,0.5,0.810546875,0.5007708709567041,0.2153273256452594,0.2854435453114448,0.4299917150410217
B,B1,0.2,0.2,2,2,1,0.5,0.814453125,0.5008179449428412,0.2152761632884568,0.2855417816543844,0.4298491407152483
B,B1,0.2,0.2,2,2,1,0.5,0.818359375,0.5008645262295262,0.2152255364220009,0.2856389898075252,0.4297080850229183
B,B1,0.2,0.2,2,2,1,0.5,0.822265625,0.5009105867579325,0.2151754755416249,0.2857351112163077,0.4295686320672824
B,B1,0.2,0.2,2,2,1,0.5,0.826171875,0.5009560987829239,0.2151260108021262,0.2858300879807977,0.4294308649495959
B,B1,0.2,0.2,2,2,1,0.5,0.830078125,0.5010010348897552,0.2150771719992185,0.2859238628905367,0.4292948657212774
B,B1,0.2,0.2,2,2,1,0.5,0.833984375,0.501045368010596,0.2150289885515705,0.2860163794590255,0.429160715336706
B,B1,0.2,0.2,2,2,1,0.5,0.837890625,0.5010890714408318,0.2149814894830893,0.2861075819577426,0.4290284936067981
B,B1,0.2,0.2,2,2,1,0.5,0.841796875,0.5011321188551516,0.2149347034054362,0.2861974154497154,0.4288982791533293
B,B1,0.2,0.2,2,2,1,0.5,0.845703125,0.5011744843234021,0.2148886585007959,0.2862858258226062,0.4287701493640501
B,B1,0.2,0.2,2,2,1,0.5,0.849609375,0.50121614232621,0.2148433825048961,0.2863727598213139,0.4286441803485812
B,B1,0.2,0.2,2,2,1,0.5,0.853515625,0.5012570677703536,0.2147989026903018,0.2864581650800518,0.4285204468951448
B,B1,0.2,0.2,2,2,1,0.5,0.857421875,0.5012972360038714,0.2147552458499958,0.2865419901538756,0.4283990224281574
B,B1,0.2,0.2,2,2,1,0.5,0.861328125,0.5013366228309258,0.2147124382812207,0.2866241845497051,0.4282799789666111
B,B1,0.2,0.2,2,2,1,0.5,0.865234375,0.5013752045263629,0.2146705057696582,0.2867046987567047,0.4281633870834363
B,B1,0.2,0.2,2,2,1,0.5,0.869140625,0.5014129578500105,0.2146294735738865,0.286783484276124,0.428049315865685
B,B1,0.2,0.2,2,2,1,0.5,0.873046875,0.5014498600606786,0.2145893664101661,0.2868604936505125,0.4279378328756526
B,B1,0.2,0.2,2,2,1,0.5,0.876953125,0.5014858889298601,0.2145502084375461,0.286935680492314,0.4278290041129232
B,B1,0.2,0.2,2,2,1,0.5,0.880859375,0.5015210227551061,0.2145120232433321,0.287008999511774,0.4277228939774252
B,B1,0.2,0.2,2,2,1,0.5,0.884765625,0.5015552403731156,0.2144748338288556,0.28708040654426,0.427619565233341
B,B1,0.2,0.2,2,2,1,0.5,0.888671875,0.5015885211724764,0.2144386625956267,0.2871498585768497,0.4275190789740775
B,B1,0.2,0.2,2,2,1,0.5,0.892578125,0.5016208451060787,0.2144035313318451,0.2872173137742337,0.4274214945882178
B,B1,0.2,0.2,2,2,1,0.5,0.896484375,0.5016521927031899,0.2143694611992753,0.2872827315039146,0.4273268697264725
B,B1,0.2,0.2,2,2,1,0.5,0.900390625,0.5016825450811944,0.2143364727204849,0.2873460723607094,0.4272352602696111
B,B1,0.2,0.2,2,2,1,0.5,0.904296875,0.5017118839569551,0.2143045857664993,0.2874072981904557,0.4271467202975121
B,B1,0.2,0.2,2,2,1,0.5,0.908203125,0.5017401916578241,0.2142738195448357,0.2874663721129884,0.4270613020592255
B,B1,0.2,0.2,2,2,1,0.5,0.912109375,0.5017674511323067,0.2142441925879079,0.2875232585443989,0.4269790559440167
B,B1,0.2,0.2,2,2,1,0.5,0.916015625,0.5017936459603151,0.2142157227418862,0.2875779232184289,0.4269000304536094
B,B1,0.2,0.2,2,2,1,0.5,0.919921875,0.5018187603630608,0.2141884271559461,0.2876303332071147,0.4268242721754423
B,B1,0.2,0.2,2,2,1,0.5,0.923828125,0.5018427792125688,0.2141623222719254,0.2876804569406434,0.4267518257569893
B,B1,0.2,0.2,2,2,1,0.5,0.927734375,0.5018656880407816,0.2141374238144307,0.2877282642263508,0.4266827338812411
B,B1,0.2,0.2,2,2,1,0.5,0.931640625,0.5018874730482774,0.2141137467813623,0.2877737262669151,0.4266170372432593
B,B1,0.2,0.2,2,2,1,0.5,0.935546875,0.5019081211125825,0.2140913054348791,0.2878168156777035,0.4265547745278592
B,B1,0.2,0.2,2,2,1,0.5,0.939453125,0.5019276197960738,0.214070113292811,0.2878575065032628,0.4264959823884263
B,B1,0.2,0.2,2,2,1,0.5,0.943359375,0.5019459573534765,0.2140501831205079,0.2878957742329686,0.4264406954268408
B,B1,0.2,0.2,2,2,1,0.5,0.947265625,0.5019631227389322,0.2140315269231595,0.2879315958157727,0.4263889461745897
B,B1,0.2,0.2,2,2,1,0.5,0.951171875,0.5019791056126501,0.2140141559385675,0.2879649496740826,0.426340765075012
B,B1,0.2,0.2,2,2,1,0.5,0.955078125,0.5019938963471453,0.213998080630363,0.2879958157167822,0.4262961804666572
B,B1,0.2,0.2,2,2,1,0.5,0.958984375,0.502007486033037,0.2139833106817041,0.288024175351333,0.42625521856784
B,B1,0.2,0.2,2,2,1,0.5,0.962890625,0.5020198664844058,0.2139698549894568,0.288050011494949,0.4262179034623987
B,B1,0.2,0.2,2,2,1,0.5,0.966796875,0.5020310302437253,0.2139577216588339,0.2880733085848913,0.426184257086583
B,B1,0.2,0.2,2,2,1,0.5,0.970703125,0.502040970586368,0.2139469179984955,0.2880940525878725,0.4261542992170783
B,B1,0.2,0.2,2,2,1,0.5,0.974609375,0.5020496815246448,0.2139374505161602,0.2881122310084846,0.4261280474602958
B,B1,0.2,0.2,2,2,1,0.5,0.978515625,0.5020571578114066,0.213929324914693,0.2881278328967136,0.4261055172428269
B,B1,0.2,0.2,2,2,1,0.5,0.982421875,0.5020633949432254,0.213922546088642,0.2881408488545834,0.4260867218029964
B,B1,0.2,0.2,2,2,1,0.5,0.986328125,0.5020683891630804,0.2139171181213268,0.2881512710417536,0.4260716721837727
B,B1,0.2,0.2,2,2,1,0.5,0.990234375,0.5020721374626402,0.2139130442823518,0.2881590931802884,0.4260603772267074
B,B1,0.2,0.2,2,2,1,0.5,0.994140625,0.5020746375840754,0.213910327025637,0.2881643105584384,0.4260528435671408
B,B1,0.2,0.2,2,2,1,0.5,0.998046875,0.5020758880214512,0.2139089679878969,0.2881669200335544,0.4260490756304903
B,B1,0.2,0.2,2,2,1,1,0.001953125,0.5001119589388676,0.2452991384453574,0.2548128204935102,0.4904884477584391
B,B1,0.2,0.2,2,2,1,1,0.005859375,0.5001118914986956,0.2452992117366148,0.2548126797620809,0.4904886604506075
B,B1,0.2,0.2,2,2,1,1,0.009765625,0.5001117566597231,0.2452993582739837,0.2548123983857393,0.4904890857042696
B,B1,0.2,0.2,2,2,1,1,0.013671875,0.5001115545020447,0.2452995779706993,0.2548119765313455,0.4904897232677242
B,B1,0.2,0.2,2,2,1,1,0.017578125,0.5001112851487619,0.2452998706926514,0.2548114144561106,0.4904905727525926
B,B1,0.2,0.2,2,2,1,1,0.021484375,0.5001109487617185,0.2453002362640548,0.2548107124976636,0.4904916336493363
B,B1,0.2,0.2,2,2,1,1,0.025390625,0.5001105455423969,0.2453006744662294,0.2548098710761675,0.490492905323937
B,B1,0.2,0.2,2,2,1,1,0.029296875,0.5001100757352048,0.2453011850331868,0.254808890702018,0.4904943870058467
B,B1,0.2,0.2,2,2,1,1,0.033203125,0.5001095396222424,0.2453017676585734,0.2548077719636689,0.4904960778069982
B,B1,0.2,0.2,2,2,1,1,0.037109375,0.5001089375262853,0.2453024219916486,0.2548065155346367,0.4904979767108355
B,B1,0.2,0.2,2,2,1,1,0.041015625,0.5001082698113608,0.2453031476364701,0.2548051221748907,0.4905000825701156
B,B1,0.2,0.2,2,2,1,1,0.044921875,0.5001075368783028,0.2453039441577675,0.2548035927205353,0.4905023941230069
B,B1,0.2,0.2,2,2,1,1,0.048828125,0.5001067391690411,0.2453048110751612,0.2548019280938799,0.4905049099773192
B,B1,0.2,0.2,2,2,1,1,0.052734375,0.5001058771640933,0.2453057478664435,0.2548001292976498,0.4905076286195182
B,B1,0.2,0.2,2,2,1,1,0.056640625,0.5001049513826937,0.2453067539673331,0.2547981974153607,0.4905105484141023
B,B1,0.2,0.2,2,2,1,1,0.060546875,0.5001039623824961,0.2453078287717955,0.2547961336107006,0.4905136676045288
B,B1,0.2,0.2,2,2,1,1,0.064453125,0.5001029107592434,0.2453089716324005,0.2547939391268429,0.490516984314246
B,B1,0.2,0.2,2,2,1,1,0.068359375,0.5001017971463881,0.2453101818607395,0.2547916152856486,0.490520496547892
B,B1,0.2,0.2,2,2,1,1,0.072265625,0.5001006222147308,0.245311458727814,0.2547891634869168,0.4905242021924206
B,B1,0.2,0.2,2,2,1,1,0.076171875,0.5000993866720089,0.2453128014644836,0.2547865852075254,0.4905280990183905
B,B1,0.2,0.2,2,2,1,1,0.080078125,0.5000980912624676,0.2453142092619332,0.2547838820005345,0.4905321846813135
B,B1,0.2,0.2,2,2,1,1,0.083984375,0.5000967367664102,0.2453156812721623,0.2547810554942479,0.4905364567230652
B,B1,0.2,0.2,2,2,1,1,0.087890625,0.5000953239997347,0.2453172166084868,0.2547781073912478,0.4905409125733336
B,B1,0.2,0.2,2,2,1,1,0.091796875,0.5000938538134359,0.2453188143460814,0.2547750394673545,0.490545549551184
B,B1,0.2,0.2,2,2,1,1,0.095703125,0.500092327093108,0.2453204735225165,0.2547718535705916,0.4905503648666105
B,B1,0.2,0.2,2,2,1,1,0.099609375,0.5000907447583827,0.2453221931383767,0.254768551620006,0.4905553556223148
B,B1,0.2,0.2,2,2,1,1,0.103515625,0.5000891077624029,0.2453239721578248,0.2547651356045781,0.4905605188153399
B,B1,0.2,0.2,2,2,1,1,0.107421875,0.5000874170912311,0.2453258095092496,0.2547616075819815,0.4905658513389364
B,B1,0.2,0.2,2,2,1,1,0.111328125,0.5000856737632663,0.2453277040858964,0.2547579696773699,0.4905713499843852
B,B1,0.2,0.2,2,2,1,1,0.115234375,0.5000838788286253,0.2453296547465418,0.2547542240820835,0.4905770114429429
B,B1,0.2,0.2,2,2,1,1,0.119140625,0.5000820333685037,0.2453316603161886,0.2547503730523151,0.4905828323078485
B,B1,0.2,0.2,2,2,1,1,0.123046875,0.5000801384945427,0.2453337195867498,0.2547464189077929,0.4905888090763018
B,B1,0.2,0.2,2,2,1,1,0.126953125,0.5000781953481452,0.2453358313177954,0.2547423640303498,0.4905949381516167
B,B1,0.2,0.2,2,2,1,1,0.130859375,0.5000762050997839,0.2453379942373063,0.2547382108624776,0.4906012158453975
B,B1,0.2,0.2,2,2,1,1,0.134765625,0.5000741689483135,0.2453402070424154,0.254733961905898,0.4906076383796845
B,B1,0.2,0.2,2,2,1,1,0.138671875,0.5000720881202378,0.2453424684002085,0.2547296197200293,0.4906142018892646
B,B1,0.2,0.2,2,2,1,1,0.142578125,0.5000699638689681,0.245344776948531,0.2547251869204371,0.4906209024240015
B,B1,0.2,0.2,2,2,1,1,0.146484375,0.5000677974740728,0.2453471312968009,0.2547206661772719,0.4906277359511867
B,B1,0.2,0.2,2,2,1,1,0.150390625,0.5000655902405071,0.2453495300268469,0.2547160602136602,0.490634698357961
B,B1,0.2,0.2,2,2,1,1,0.154296875,0.5000633434978248,0.2453519716937655,0.2547113718040593,0.4906417854537917
B,B1,0.2,0.2,2,2,1,1,0.158203125,0.500061058599382,0.2453544548267846,0.2547066037725974,0.490648992972971
B,B1,0.2,0.2,2,2,1,1,0.162109375,0.5000587369215159,0.2453569779301581,0.2547017589913578,0.4906563165772
B,B1,0.2,0.2,2,2,1,1,0.166015625,0.5000563798627142,0.2453595394840683,0.2546968403786459,0.4906637518581994
B,B1,0.2,0.2,2,2,1,1,0.169921875,0.5000539888427915,0.2453621379455171,0.2546918508972744,0.4906712943402894
B,B1,0.2,0.2,2,2,1,1,0.173828125,0.5000515653019999,0.2453647717493002,0.2546867935526996,0.4906789394832016
B,B1,0.2,0.2,2,2,1,1,0.177734375,0.5000491107001899,0.2453674393089128,0.2546816713912771,0.4906866826847046
B,B1,0.2,0.2,2,2,1,1,0.181640625,0.500046626515926,0.2453701390175104,0.2546764874984156,0.4906945192833844
B,B1,0.2,0.2,2,2,1,1,0.185546875,0.5000441142455857,0.2453728692488933,0.2546712449966924,0.4907024445614889
B,B1,0.2,0.2,2,2,1,1,0.189453125,0.5000415754024647,0.2453756283584745,0.2546659470439903,0.4907104537477326
B,B1,0.2,0.2,2,2,1,1,0.193359375,0.5000390115158717,0.2453784146842635,0.2546605968316082,0.4907185420201459
B,B1,0.2,0.2,2,2,1,1,0.197265625,0.5000364241301933,0.2453812265478857,0.2546551975823076,0.4907267045090226
B,B1,0.2,0.2,2,2,1,1,0.201171875,0.5000338148039729,0.245384062255581,0.2546497525483919,0.4907349362998147
B,B1,0.2,0.2,2,2,1,1,0.205078125,0.5000311851089716,0.2453869200992242,0.2546442650097474,0.4907432324360873
B,B1,0.2,0.2,2,2,1,1,0.208984375,0.5000285366292205,0.2453897983573556,0.254638738271865,0.4907515879225033
B,B1,0.2,0.2,2,2,1,1,0.212890625,0.5000258709600658,0.2453926952962185,0.2546331756638472,0.4907599977278309
B,B1,0.2,0.2,2,2,1,1,0.216796875,0.5000231897072058,0.2453956091708073,0.2546275805363986,0.490768456787977
B,B1,0.2,0.2,2,2,1,1,0.220703125,0.5000204944857249,0.2453985382259153,0.2546219562598097,0.4907769600090285
B,B1,0.2,0.2,2,2,1,1,0.224609375,0.5000177869191255,0.245401480697187,0.2546163062219385,0.4907855022703003
B,B1,0.2,0.2,2,2,1,1,0.228515625,0.5000150686383459,0.2454044348121855,0.2546106338261603,0.4907940784274308
B,B1,0.2,0.2,2,2,1,1,0.232421875,0.5000123412807748,0.2454073987914656,0.2546049424893091,0.4908026833154916
B,B1,0.2,0.2,2,2,1,1,0.236328125,0.5000096064892728,0.2454103708496334,0.2545992356396394,0.4908113117520642
B,B1,0.2,0.2,2,2,1,1,0.240234375,0.5000068659111718,0.2454133491964383,0.2545935167147336,0.4908199585404031
B,B1,0.2,0.2,2,2,1,1,0.244140625,0.5000041211972991,0.2454163320378277,0.2545877891594713,0.4908286184725019
B,B1,0.2,0.2,2,2,1,1,0.248046875,0.5000013740009592,0.2454193175770611,0.2545820564238981,0.4908372863323177
B,B1,0.2,0.2,2,2,1,1,0.251953125,0.4999986259769685,0.2454223040157504,0.2545763219612181,0.4908459568988002
B,B1,0.2,0.2,2,2,1,1,0.255859375,0.4999958787806325,0.2454252895549787,0.2545705892256538,0.4908546249491313
B,B1,0.2,0.2,2,2,1,1,0.259765625,0.4999931340667568,0.245428272396372,0.2545648616703848,0.4908632852618402
B,B1,0.2,0.2,2,2,1,1,0.263671875,0.4999903934886574,0.2454312507431748,0.2545591427454826,0.4908719326199265
B,B1,0.2,0.2,2,2,1,1,0.267578125,0.499987658697154,0.2454342228013446,0.2545534358958094,0.4908805618140383
B,B1,0.2,0.2,2,2,1,1,0.271484375,0.4999849313395827,0.2454371867806252,0.2545477445589575,0.4908891676455899
B,B1,0.2,0.2,2,2,1,1,0.275390625,0.4999822130588031,0.2454401408956241,0.254542072163179,0.4908977449298937
B,B1,0.2,0.2,2,2,1,1,0.279296875,0.4999795054922035,0.245443083366896,0.2545364221253075,0.4909062884993061
B,B1,0.2,0.2,2,2,1,1,0.283203125,0.4999768102707255,0.2454460124220004,0.2545307978487251,0.4909147932063034
B,B1,0.2,0.2,2,2,1,1,0.287109375,0.4999741290178646,0.2454489262965905,0.2545252027212741,0.4909232539266454
B,B1,0.2,0.2,2,2,1,1,0.291015625,0.4999714633487088,0.2454518232354555,0.2545196401132532,0.490931665562407
B,B1,0.2,0.2,2,2,1,1,0.294921875,0.4999688148689581,0.2454547014935866,0.2545141133753716,0.4909400230450778
B,B1,0.2,0.2,2,2,1,1,0.298828125,0.4999661851739575,0.245457559337229,0.2545086258367285,0.4909483213386218
B,B1,0.2,0.2,2,2,1,1,0.302734375,0.499963575847738,0.2454603950449235,0.2545031808028145,0.4909565554425058
B,B1,0.2,0.2,2,2,1,1,0.306640625,0.4999609884620601,0.2454632069085455,0.2544977815535145,0.4909647203947247
B,B1,0.2,0.2,2,2,1,1,0.310546875,0.4999584245754666,0.2454659932343358,0.2544924313411308,0.4909728112747977
B,B1,0.2,0.2,2,2,1,1,0.314453125,0.4999558857323461,0.2454687523439169,0.2544871333884292,0.4909808232067295
B,B1,0.2,0.2,2,2,1,1,0.318359375,0.499953373462005,0.2454714825753014,0.2544818908867036,0.4909887513619439
B,B1,0.2,0.2,2,2,1,1,0.322265625,0.4999508892777406,0.2454741822839007,0.25447670699384,0.4909965909622194
B,B1,0.2,0.2,2,2,1,1,0.326171875,0.4999484346759325,0.2454768498435111,0.2544715848324214,0.4910043372825633
B,B1,0.2,0.2,2,2,1,1,0.330078125,0.4999460111351412,0.2454794836472944,0.2544665274878468,0.4910119856540639
B,B1,0.2,0.2,2,2,1,1,0.333984375,0.4999436201152165,0.2454820821087464,0.25446153800647,0.491019531466714
B,B1,0.2,0.2,2,2,1,1,0.337890625,0.4999412630564172,0.2454846436626544,0.2544566193937628,0.491026970172198
B,B1,0.2,0.2,2,2,1,1,0.341796875,0.4999389413785523,0.2454871667660271,0.2544517746125252,0.4910342972866059
B,B1,0.2,0.2,2,2,1,1,0.345703125,0.4999366564801112,0.2454896498990447,0.2544470065810664,0.4910415083931957
B,B1,0.2,0.2,2,2,1,1,0.349609375,0.4999344097374298,0.245492091565963,0.2544423181714667,0.4910485991450314
B,B1,0.2,0.2,2,2,1,1,0.353515625,0.4999322025038651,0.2454944902960087,0.2544377122078563,0.491055565267594
B,B1,0.2,0.2,2,2,1,1,0.357421875,0.4999300361089679,0.245496844644282,0.2544331914646859,0.4910624025614096
B,B1,0.2,0.2,2,2,1,1,0.361328125,0.499927911857697,0.2454991531926069,0.2544287586650901,0.4910691069045321
B,B1,0.2,0.2,2,2,1,1,0.365234375,0.499925831029621,0.2455014145504014,0.2544244164792195,0.4910756742550782
B,B1,0.2,0.2,2,2,1,1,0.369140625,0.499923794878155,0.2455036273555056,0.2544201675226494,0.4910821006536437
B,B1,0.2,0.2,2,2,1,1,0.373046875,0.4999218046297932,0.245505790275018,0.2544160143547751,0.4910883822257409
B,B1,0.2,0.2,2,2,1,1,0.376953125,0.4999198614833946,0.2455079020060663,0.2544119594773284,0.4910945151840523
B,B1,0.2,0.2,2,2,1,1,0.380859375,0.4999179666094365,0.2455099612766247,0.2544080053328118,0.4911004958308102
B,B1,0.2,0.2,2,2,1,1,0.384765625,0.4999161211493151,0.2455119668462725,0.2544041543030425,0.4911063205600104
B,B1,0.2,0.2,2,2,1,1,0.388671875,0.4999143262146759,0.2455139175069166,0.2544004087077592,0.4911119858595266
B,B1,0.2,0.2,2,2,1,1,0.392578125,0.4999125828867105,0.2455158120835655,0.254396770803145,0.4911174883133597
B,B1,0.2,0.2,2,2,1,1,0.396484375,0.4999108922155394,0.2455176494349904,0.254393242780549,0.4911228246035776
B,B1,0.2,0.2,2,2,1,1,0.400390625,0.4999092552195601,0.2455194284544392,0.2543898267651209,0.4911279915123938
B,B1,0.2,0.2,2,2,1,1,0.404296875,0.4999076728848356,0.2455211480702996,0.2543865248145361,0.491132985924104
B,B1,0.2,0.2,2,2,1,1,0.408203125,0.4999061461645077,0.2455228072467362,0.2543833389177714,0.491137804826949
B,B1,0.2,0.2,2,2,1,1,0.412109375,0.4999046759782113,0.2455244049843289,0.2543802709938824,0.491142445314975
B,B1,0.2,0.2,2,2,1,1,0.416015625,0.4999032632115383,0.2455259403206514,0.2543773228908869,0.4911469045897287
B,B1,0.2,0.2,2,2,1,1,0.419921875,0.4999019087154799,0.2455274123308834,0.2543744963845965,0.4911511799620388
B,B1,0.2,0.2,2,2,1,1,0.423828125,0.499900613305936,0.245528820128338,0.2543717931775981,0.4911552688535629
B,B1,0.2,0.2,2,2,1,1,0.427734375,0.4998993777632145,0.2455301628650088,0.2543692148982057,0.491159168798382
B,B1,0.2,0.2,2,2,1,1,0.431640625,0.4998982028315612,0.2455314397320796,0.2543667630994816,0.4911628774444913
B,B1,0.2,0.2,2,2,1,1,0.435546875,0.4998970892187085,0.2455326499604168,0.2543644392582917,0.4911663925552375
B,B1,0.2,0.2,2,2,1,1,0.439453125,0.4998960375954549,0.2455337928210249,0.25436224477443,0.4911697120106505
B,B1,0.2,0.2,2,2,1,1,0.443359375,0.4998950485952601,0.2455348676254853,0.2543601809697748,0.4911728338087272
B,B1,0.2,0.2,2,2,1,1,0.447265625,0.4998941228138598,0.2455358737263777,0.2543582490874821,0.4911757560666607
B,B1,0.2,0.2,2,2,1,1,0.451171875,0.4998932608089106,0.245536810517664,0.2543564502912466,0.4911784770219637
B,B1,0.2,0.2,2,2,1,1,0.455078125,0.4998924630996549,0.2455376774350518,0.2543547856646031,0.4911809950335323
B,B1,0.2,0.2,2,2,1,1,0.458984375,0.4998917301665979,0.2455384739563494,0.2543532562102486,0.491183308582679
B,B1,0.2,0.2,2,2,1,1,0.462890625,0.4998910624512337,0.2455391996017589,0.2543518628494748,0.4911854162739951
B,B1,0.2,0.2,2,2,1,1,0.466796875,0.4998904603557688,0.2455398539341786,0.2543506064215901,0.4911873168362315
B,B1,0.2,0.2,2,2,1,1,0.470703125,0.4998899242428826,0.245540436559464,0.2543494876834186,0.4911890091230619
B,B1,0.2,0.2,2,2,1,1,0.474609375,0.4998894544355114,0.2455409471266609,0.2543485073088505,0.4911904921137661
B,B1,0.2,0.2,2,2,1,1,0.478515625,0.4998890512166435,0.2455413853282304,0.2543476658884132,0.4911917649138846
B,B1,0.2,0.2,2,2,1,1,0.482421875,0.4998887148291734,0.2455417509002024,0.254346963928971,0.4911928267556734
B,B1,0.2,0.2,2,2,1,1,0.486328125,0.4998884454757182,0.2455420436223837,0.2543464018533345,0.4911936769987031
B,B1,0.2,0.2,2,2,1,1,0.490234375,0.4998882433185302,0.2455422633184441,0.2543459800000861,0.4911943151301196
B,B1,0.2,0.2,2,2,1,1,0.494140625,0.4998881084793851,0.2455424098560416,0.2543456986233435,0.4911947407650077
B,B1,0.2,0.2,2,2,1,1,0.498046875,0.499888041039499,0.2455424831469161,0.254345557892583,0.4911949536466593
B,B1,0.2,0.2,2,2,1,1,0.501953125,0.499888041039497,0.2455424831469169,0.2543455578925801,0.491194953646663
B,B1,0.2,0.2,2,2,1,1,0.505859375,0.4998881084793818,0.2455424098560406,0.2543456986233412,0.491194740765009
B,B1,0.2,0.2,2,2,1,1,0.509765625,0.4998882433185245,0.2455422633184423,0.2543459800000822,0.4911943151301217
B,B1,0.2,0.2,2,2,1,1,0.513671875,0.4998884454757115,0.2455420436223795,0.254346401853332,0.4911936769987011
B,B1,0.2,0.2,2,2,1,1,0.517578125,0.4998887148291624,0.2455417509002002,0.2543469639289623,0.4911928267556797
B,B1,0.2,0.2,2,2,1,1,0.521484375,0.4998890512166342,0.2455413853282221,0.2543476658884122,0.4911917649138771
B,B1,0.2,0.2,2,2,1,1,0.525390625,0.4998894544354965,0.2455409471266565,0.25434850730884,0.491190492113772
B,B1,0.2,0.2,2,2,1,1,0.529296875,0.4998899242428681,0.2455404365594555,0.2543494876834126,0.4911890091230592
B,B1,0.2,0.2,2,2,1,1,0.533203125,0.4998904603557521,0.2455398539341693,0.2543506064215829,0.4911873168362292
B,B1,0.2,0.2,2,2,1,1,0.537109375,0.4998910624512135,0.2455391996017504,0.2543518628494631,0.4911854162739979
B,B1,0.2,0.2,2,2,1,1,0.541015625,0.4998917301665743,0.2455384739563417,0.2543532562102325,0.4911833085826869
B,B1,0.2,0.2,2,2,1,1,0.544921875,0.49989246309963,0.2455376774350419,0.2543547856645881,0.491180995033537
B,B1,0.2,0.2,2,2,1,1,0.548828125,0.4998932608088861,0.2455368105176497,0.2543564502912364,0.4911784770219592
B,B1,0.2,0.2,2,2,1,1,0.552734375,0.4998941228138332,0.2455358737263628,0.2543582490874704,0.4911757560666569
B,B1,0.2,0.2,2,2,1,1,0.556640625,0.4998950485952304,0.2455348676254707,0.2543601809697597,0.4911728338087272
B,B1,0.2,0.2,2,2,1,1,0.560546875,0.4998960375954234,0.2455337928210086,0.2543622447744148,0.4911697120106489
B,B1,0.2,0.2,2,2,1,1,0.564453125,0.4998970892186752,0.2455326499603995,0.2543644392582756,0.4911663925552358
B,B1,0.2,0.2,2,2,1,1,0.568359375,0.4998982028315255,0.2455314397320615,0.2543667630994639,0.4911628774444904
B,B1,0.2,0.2,2,2,1,1,0.572265625,0.499899377763176,0.2455301628649906,0.2543692148981854,0.4911591687983834
B,B1,0.2,0.2,2,2,1,1,0.576171875,0.499900613305896,0.2455288201283181,0.2543717931775779,0.4911552688535624
B,B1,0.2,0.2,2,2,1,1,0.580078125,0.4999019087154368,0.2455274123308637,0.2543744963845731,0.4911511799620418
B,B1,0.2,0.2,2,2,1,1,0.583984375,0.4999032632114925,0.2455259403206316,0.2543773228908608,0.4911469045897341
B,B1,0.2,0.2,2,2,1,1,0.587890625,0.4999046759781657,0.2455244049843051,0.2543802709938606,0.4911424453149721
B,B1,0.2,0.2,2,2,1,1,0.591796875,0.4999061461644586,0.2455228072467132,0.2543833389177454,0.4911378048269511
B,B1,0.2,0.2,2,2,1,1,0.595703125,0.4999076728847838,0.2455211480702764,0.2543865248145074,0.4911329859241085
B,B1,0.2,0.2,2,2,1,1,0.599609375,0.499909255219506,0.2455194284544152,0.2543898267650908,0.4911279915123989
B,B1,0.2,0.2,2,2,1,1,0.603515625,0.4999108922154842,0.2455176494349642,0.2543932427805201,0.4911228246035794
B,B1,0.2,0.2,2,2,1,1,0.607421875,0.4999125828866539,0.2455158120835373,0.2543967708031165,0.491117488313359
B,B1,0.2,0.2,2,2,1,1,0.611328125,0.4999143262146172,0.2455139175068874,0.2544004087077298,0.4911119858595257
B,B1,0.2,0.2,2,2,1,1,0.615234375,0.4999161211492563,0.2455119668462394,0.2544041543030169,0.4911063205600019
B,B1,0.2,0.2,2,2,1,1,0.619140625,0.4999179666093729,0.2455099612765946,0.2544080053327784,0.4911004958308124
B,B1,0.2,0.2,2,2,1,1,0.623046875,0.4999198614833291,0.2455079020060349,0.2544119594772942,0.4910945151840539
B,B1,0.2,0.2,2,2,1,1,0.626953125,0.4999218046297269,0.2455057902749838,0.254416014354743,0.4910883822257376
B,B1,0.2,0.2,2,2,1,1,0.630859375,0.4999237948780845,0.2455036273554733,0.2544201675226112,0.4910821006536482
B,B1,0.2,0.2,2,2,1,1,0.634765625,0.4999258310295495,0.2455014145503668,0.2544244164791827,0.4910756742550791
B,B1,0.2,0.2,2,2,1,1,0.638671875,0.4999279118576255,0.2454991531925684,0.2544287586650571,0.4910691069045253
B,B1,0.2,0.2,2,2,1,1,0.642578125,0.4999300361088937,0.2454968446442433,0.2544331914646504,0.491062402561405
B,B1,0.2,0.2,2,2,1,1,0.646484375,0.4999322025037866,0.2454944902959719,0.2544377122078147,0.4910555652675974
B,B1,0.2,0.2,2,2,1,1,0.650390625,0.4999344097373528,0.2454920915659205,0.2544423181714324,0.4910485991450219
B,B1,0.2,0.2,2,2,1,1,0.654296875,0.4999366564800271,0.2454896498990078,0.2544470065810192,0.4910415083932046
B,B1,0.2,0.2,2,2,1,1,0.658203125,0.4999389413784677,0.2454871667659869,0.2544517746124808,0.4910342972866086
B,B1,0.2,0.2,2,2,1,1,0.662109375,0.4999412630563311,0.2454846436626126,0.2544566193937186,0.491026970172199
B,B1,0.2,0.2,2,2,1,1,0.666015625,0.4999436201151284,0.2454820821087037,0.2544615380064247,0.491019531466715
B,B1,0.2,0.2,2,2,1,1,0.669921875,0.499946011135051,0.2454794836472505,0.2544665274878005,0.4910119856540646
B,B1,0.2,0.2,2,2,1,1,0.673828125,0.4999484346758405,0.2454768498434658,0.2544715848323746,0.491004337282563
B,B1,0.2,0.2,2,2,1,1,0.677734375,0.4999508892776466,0.2454741822838543,0.2544767069937923,0.490996590962219
B,B1,0.2,0.2,2,2,1,1,0.681640625,0.4999533734619096,0.2454714825752534,0.2544818908866562,0.4909887513619415
B,B1,0.2,0.2,2,2,1,1,0.685546875,0.4999558857322495,0.2454687523438667,0.2544871333883828,0.490980823206724
B,B1,0.2,0.2,2,2,1,1,0.689453125,0.4999584245753664,0.2454659932342865,0.2544924313410799,0.4909728112747976
B,B1,0.2,0.2,2,2,1,1,0.693359375,0.499960988461957,0.2454632069084965,0.2544977815534605,0.490964720394728
B,B1,0.2,0.2,2,2,1,1,0.697265625,0.4999635758476337,0.2454603950448722,0.2545031808027616,0.4909565554425057
B,B1,0.2,0.2,2,2,1,1,0.701171875,0.4999661851738533,0.2454575593371739,0.2545086258366793,0.4909483213386141
B,B1,0.2,0.2,2,2,1,1,0.705078125,0.4999688148688496,0.2454547014935334,0.2545141133753163,0.490940023045078
B,B1,0.2,0.2,2,2,1,1,0.708984375,0.4999714633485971,0.245451823235403,0.2545196401131942,0.4909316655624115
B,B1,0.2,0.2,2,2,1,1,0.712890625,0.4999741290177527,0.2454489262965346,0.2545252027212181,0.4909232539266433
B,B1,0.2,0.2,2,2,1,1,0.716796875,0.4999768102706118,0.2454460124219431,0.2545307978486687,0.4909147932063003
B,B1,0.2,0.2,2,2,1,1,0.720703125,0.4999795054920877,0.2454430833668377,0.25453642212525,0.4909062884993031
B,B1,0.2,0.2,2,2,1,1,0.724609375,0.4999822130586821,0.2454401408955687,0.2545420721631134,0.4908977449299016
B,B1,0.2,0.2,2,2,1,1,0.728515625,0.4999849313394628,0.2454371867805647,0.2545477445588981,0.4908891676455867
B,B1,0.2,0.2,2,2,1,1,0.732421875,0.4999876586970327,0.2454342228012823,0.2545534358957503,0.4908805618140329
B,B1,0.2,0.2,2,2,1,1,0.736328125,0.4999903934885345,0.2454312507431107,0.2545591427454237,0.4908719326199191
B,B1,0.2,0.2,2,2,1,1,0.740234375,0.4999931340666282,0.2454282723963119,0.2545648616703163,0.4908632852618463
B,B1,0.2,0.2,2,2,1,1,0.744140625,0.4999958787805036,0.2454252895549151,0.2545705892255885,0.4908546249491307
B,B1,0.2,0.2,2,2,1,1,0.748046875,0.4999986259768395,0.2454223040156832,0.2545763219611564,0.4908459568987923
B,B1,0.2,0.2,2,2,1,1,0.751953125,0.5000013740008264,0.2454193175769949,0.2545820564238315,0.4908372863323157
B,B1,0.2,0.2,2,2,1,1,0.755859375,0.500004121197162,0.2454163320377634,0.2545877891593985,0.490828618472508
B,B1,0.2,0.2,2,2,1,1,0.759765625,0.5000068659110357,0.245413349196369,0.2545935167146667,0.4908199585403982
B,B1,0.2,0.2,2,2,1,1,0.763671875,0.5000096064891335,0.2454103708495648,0.2545992356395688,0.4908113117520637
B,B1,0.2,0.2,2,2,1,1,0.767578125,0.5000123412806354,0.2454073987913933,0.2546049424892421,0.4908026833154837
B,B1,0.2,0.2,2,2,1,1,0.771484375,0.5000150686382041,0.2454044348121129,0.2546106338260913,0.4907940784274246
B,B1,0.2,0.2,2,2,1,1,0.775390625,0.5000177869189807,0.2454014806971142,0.2546163062218665,0.4907855022702969
B,B1,0.2,0.2,2,2,1,1,0.779296875,0.5000204944855773,0.2453985382258426,0.2546219562597347,0.490776960009028
B,B1,0.2,0.2,2,2,1,1,0.783203125,0.5000231897070566,0.2453956091707329,0.2546275805363237,0.4907684567879748
B,B1,0.2,0.2,2,2,1,1,0.787109375,0.5000258709599152,0.2453926952961423,0.2546331756637729,0.4907599977278262
B,B1,0.2,0.2,2,2,1,1,0.791015625,0.500028536629068,0.245389798357278,0.25463873827179,0.4907515879224978
B,B1,0.2,0.2,2,2,1,1,0.794921875,0.5000311851088169,0.2453869200991459,0.2546442650096711,0.4907432324360824
B,B1,0.2,0.2,2,2,1,1,0.798828125,0.5000338148038125,0.2453840622555066,0.2546497525483059,0.4907349362998235
B,B1,0.2,0.2,2,2,1,1,0.802734375,0.5000364241300321,0.2453812265478087,0.2546551975822234,0.4907267045090269
B,B1,0.2,0.2,2,2,1,1,0.806640625,0.5000390115157103,0.2453784146841831,0.2546605968315272,0.4907185420201434
B,B1,0.2,0.2,2,2,1,1,0.810546875,0.5000415754023011,0.245375628358393,0.254665947043908,0.4907104537477303
B,B1,0.2,0.2,2,2,1,1,0.814453125,0.5000441142454189,0.2453728692488124,0.2546712449966066,0.4907024445614906
B,B1,0.2,0.2,2,2,1,1,0.818359375,0.5000466265157577,0.2453701390174279,0.2546764874983298,0.4906945192833845
B,B1,0.2,0.2,2,2,1,1,0.822265625,0.5000491107000209,0.2453674393088272,0.2546816713911937,0.4906866826846992
B,B1,0.2,0.2,2,2,1,1,0.826171875,0.5000515653018249,0.245364771749219,0.2546867935526059,0.4906789394832109
B,B1,0.2,0.2,2,2,1,1,0.830078125,0.5000539888426189,0.2453621379454291,0.2546918508971898,0.4906712943402827
B,B1,0.2,0.2,2,2,1,1,0.833984375,0.500056379862541,0.2453595394839773,0.2546968403785638,0.4906637518581873
B,B1,0.2,0.2,2,2,1,1,0.837890625,0.5000587369213372,0.2453569779300707,0.2547017589912665,0.4906563165772007
B,B1,0.2,0.2,2,2,1,1,0.841796875,0.5000610585992042,0.2453544548266924,0.2547066037725119,0.4906489929729609
B,B1,0.2,0.2,2,2,1,1,0.845703125,0.5000633434976408,0.2453519716936776,0.2547113718039632,0.4906417854537965
B,B1,0.2,0.2,2,2,1,1,0.849609375,0.5000655902403209,0.2453495300267582,0.2547160602135627,0.4906346983579662
B,B1,0.2,0.2,2,2,1,1,0.853515625,0.5000677974738853,0.2453471312967102,0.254720666177175,0.4906277359511894
B,B1,0.2,0.2,2,2,1,1,0.857421875,0.5000699638687788,0.2453447769484389,0.2547251869203399,0.4906209024240032
B,B1,0.2,0.2,2,2,1,1,0.861328125,0.5000720881200496,0.2453424684001113,0.2547296197199382,0.4906142018892551
B,B1,0.2,0.2,2,2,1,1,0.865234375,0.5000741689481265,0.2453402070423127,0.2547339619058139,0.4906076383796624
B,B1,0.2,0.2,2,2,1,1,0.869140625,0.5000762050995879,0.2453379942372119,0.254738210862376,0.490601215845401
B,B1,0.2,0.2,2,2,1,1,0.873046875,0.5000781953479481,0.2453358313176991,0.254742364030249,0.4905949381516176
B,B1,0.2,0.2,2,2,1,1,0.876953125,0.5000801384943443,0.2453337195866512,0.2547464189076931,0.4905888090762993
B,B1,0.2,0.2,2,2,1,1,0.880859375,0.5000820333683018,0.2453316603160909,0.2547503730522109,0.4905828323078513
B,B1,0.2,0.2,2,2,1,1,0.884765625,0.5000838788284198,0.2453296547464456,0.2547542240819741,0.4905770114429523
B,B1,0.2,0.2,2,2,1,1,0.888671875,0.5000856737630599,0.2453277040857978,0.2547579696772621,0.4905713499843905
B,B1,0.2,0.2,2,2,1,1,0.892578125,0.5000874170910236,0.2453258095091486,0.2547616075818749,0.4905658513389381
B,B1,0.2,0.2,2,2,1,1,0.896484375,0.5000891077621954,0.24532397215772,0.2547651356044754,0.4905605188153339
B,B1,0.2,0.2,2,2,1,1,0.900390625,0.5000907447581708,0.2453221931382741,0.2547685516198968,0.4905553556223175
B,B1,0.2,0.2,2,2,1,1,0.904296875,0.5000923270928962,0.24532047352241,0.2547718535704862,0.4905503648666054
B,B1,0.2,0.2,2,2,1,1,0.908203125,0.5000938538132242,0.2453188143459706,0.2547750394672537,0.49054554955117
B,B1,0.2,0.2,2,2,1,1,0.912109375,0.5000953239995167,0.2453172166083808,0.2547781073911359,0.4905409125733355
B,B1,0.2,0.2,2,2,1,1,0.916015625,0.5000967367661906,0.2453156812720549,0.2547810554941357,0.4905364567230659
B,B1,0.2,0.2,2,2,1,1,0.919921875,0.5000980912622455,0.2453142092618255,0.2547838820004199,0.4905321846813163
B,B1,0.2,0.2,2,2,1,1,0.923828125,0.5000993866717865,0.2453128014643725,0.254786585207414,0.4905280990183865
B,B1,0.2,0.2,2,2,1,1,0.927734375,0.5001006222145056,0.2453114587277031,0.2547891634868025,0.4905242021924198
B,B1,0.2,0.2,2,2,1,1,0.931640625,0.5001017971461592,0.2453101818606296,0.2547916152855296,0.4905204965478969
B,B1,0.2,0.2,2,2,1,1,0.935546875,0.5001029107590133,0.2453089716322885,0.2547939391267248,0.4905169843142476
B,B1,0.2,0.2,2,2,1,1,0.939453125,0.5001039623822665,0.2453078287716789,0.2547961336105876,0.4905136676045209
B,B1,0.2,0.2,2,2,1,1,0.943359375,0.5001049513824608,0.245306753967217,0.2547981974152438,0.4905105484140986
B,B1,0.2,0.2,2,2,1,1,0.947265625,0.5001058771638557,0.2453057478663298,0.2548001292975259,0.4905076286195239
B,B1,0.2,0.2,2,2,1,1,0.951171875,0.5001067391688013,0.2453048110750464,0.2548019280937549,0.4905049099773249
B,B1,0.2,0.2,2,2,1,1,0.955078125,0.5001075368780609,0.2453039441576516,0.2548035927204092,0.4905023941230126
B,B1,0.2,0.2,2,2,1,1,0.958984375,0.500108269811115,0.2453031476363559,0.254805122174759,0.4905000825701283
B,B1,0.2,0.2,2,2,1,1,0.962890625,0.5001089375264816,0.2453024219909416,0.2548065155355399,0.4904979767092295
B,B1,0.2,0.2,2,2,1,1,0.966796875,0.5001095396219467,0.2453017676585197,0.254807771963427,0.4904960778071807
B,B1,0.2,0.2,2,2,1,1,0.970703125,0.5001100757348298,0.2453011850332369,0.2548088907015928,0.4904943870063146
B,B1,0.2,0.2,2,2,1,1,0.974609375,0.5001105455422022,0.245300674466037,0.2548098710761653,0.4904929053237432
B,B1,0.2,0.2,2,2,1,1,0.978515625,0.5001109487610678,0.2453002362644691,0.2548107124965987,0.4904916336508028
B,B1,0.2,0.2,2,2,1,1,0.982421875,0.500111285148536,0.245299870692498,0.2548114144560381,0.4904905727525074
B,B1,0.2,0.2,2,2,1,1,0.986328125,0.5001115545019905,0.2452995779703162,0.2548119765316743,0.4904897232670113
B,B1,0.2,0.2,2,2,1,1,0.990234375,0.500111756659174,0.2452993582742603,0.2548123983849137,0.4904890857053612
B,B1,0.2,0.2,2,2,1,1,0.994140625,0.500111891498322,0.2452992117366572,0.2548126797616649,0.4904886604510587
B,B1,0.2,0.2,2,2,1,1,0.998046875,0.5001119589382786,0.2452991384456874,0.2548128204925912,0.4904884477596766
B,B1,0.2,0.2,2,2,1,5,0.001953125,0.4999999999449855,0.2499999994576526,0.2500000004873329,0.4999999989703197
B,B1,0.2,0.2,2,2,1,5,0.005859375,0.4999999999446501,0.2499999994580996,0.2500000004865505,0.4999999989715492
B,B1,0.2,0.2,2,2,1,5,0.009765625,0.4999999999448338,0.2499999994578539,0.2500000004869798,0.4999999989708741
B,B1,0.2,0.2,2,2,1,5,0.013671875,0.4999999999443125,0.2499999994585484,0.2500000004857642,0.4999999989727842
B,B1,0.2,0.2,2,2,1,5,0.017578125,0.4999999999444945,0.2499999994583047,0.2500000004861898,0.499999998972115
B,B1,0.2,0.2,2,2,1,5,0.021484375,0.4999999999449469,0.2499999994576996,0.2500000004872473,0.4999999989704523
B,B1,0.2,0.2,2,2,1,5,0.025390625,0.4999999999444628,0.2499999994583429,0.2500000004861199,0.4999999989722231
B,B1,0.2,0.2,2,2,1,5,0.029296875,0.4999999999446523,0.2499999994580878,0.2500000004865645,0.4999999989715234
B,B1,0.2,0.2,2,2,1,5,0.033203125,0.4999999999445692,0.2499999994581959,0.2500000004863733,0.4999999989718226
B,B1,0.2,0.2,2,2,1,5,0.037109375,0.4999999999440448,0.249999999458892,0.2500000004851527,0.4999999989737393
B,B1,0.2,0.2,2,2,1,5,0.041015625,0.4999999999445124,0.2499999994582646,0.2500000004862477,0.4999999989720169
B,B1,0.2,0.2,2,2,1,5,0.044921875,0.4999999999445088,0.2499999994582657,0.2500000004862432,0.4999999989720226
B,B1,0.2,0.2,2,2,1,5,0.048828125,0.4999999999445063,0.2499999994582649,0.2500000004862414,0.4999999989720236
B,B1,0.2,0.2,2,2,1,5,0.052734375,0.4999999999445041,0.2499999994582637,0.2500000004862404,0.4999999989720234
B,B1,0.2,0.2,2,2,1,5,0.056640625,0.4999999999445017,0.2499999994582629,0.2500000004862388,0.499999998972024
B,B1,0.2,0.2,2,2,1,5,0.060546875,0.4999999999444995,0.2499999994582617,0.2500000004862378,0.499999998972024
B,B1,0.2,0.2,2,2,1,5,0.064453125,0.4999999999444971,0.2499999994582608,0.2500000004862363,0.4999999989720245
B,B1,0.2,0.2,2,2,1,5,0.068359375,0.4999999999444948,0.2499999994582599,0.2500000004862349,0.499999998972025
B,B1,0.2,0.2,2,2,1,5,0.072265625,0.4999999999444926,0.2499999994582589,0.2500000004862337,0.4999999989720252
B,B1,0.2,0.2,2,2,1,5,0.076171875,0.4999999999444905,0.2499999994582578,0.2500000004862326,0.4999999989720252
B,B1,0.2,0.2,2,2,1,5,0.080078125,0.4999999999444883,0.2499999994582568,0.2500000004862315,0.4999999989720252
B,B1,0.2,0.2,2,2,1,5,0.083984375,0.4999999999444861,0.2499999994582557,0.2500000004862303,0.4999999989720254
B,B1,0.2,0.2,2,2,1,5,0.087890625,0.4999999999444839,0.2499999994582549,0.2500000004862289,0.499999998972026
B,B1,0.2,0.2,2,2,1,5,0.091796875,0.4999999999444817,0.2499999994582539,0.2500000004862278,0.4999999989720261
B,B1,0.2,0.2,2,2,1,5,0.095703125,0.4999999999444795,0.2499999994582531,0.2500000004862264,0.4999999989720267
B,B1,0.2,0.2,2,2,1,5,0.099609375,0.4999999999444773,0.2499999994582523,0.250000000486225,0.4999999989720273
B,B1,0.2,0.2,2,2,1,5,0.103515625,0.4999999999444752,0.2499999994582514,0.2500000004862237,0.4999999989720277
B,B1,0.2,0.2,2,2,1,5,0.107421875,0.499999999944473,0.2499999994582507,0.2500000004862223,0.4999999989720285
B,B1,0.2,0.2,2,2,1,5,0.111328125,0.4999999999444709,0.2499999994582498,0.2500000004862211,0.4999999989720287
B,B1,0.2,0.2,2,2,1,5,0.115234375,0.4999999999444688,0.249999999458249,0.2500000004862198,0.4999999989720292
B,B1,0.2,0.2,2,2,1,5,0.119140625,0.4999999999444666,0.2499999994582482,0.2500000004862184,0.4999999989720297
B,B1,0.2,0.2,2,2,1,5,0.123046875,0.4999999999444646,0.2499999994582472,0.2500000004862175,0.4999999989720297
B,B1,0.2,0.2,2,2,1,5,0.126953125,0.4999999999444626,0.2499999994582463,0.2500000004862163,0.49999999897203
B,B1,0.2,0.2,2,2,1,5,0.130859375,0.4999999999444605,0.2499999994582455,0.250000000486215,0.4999999989720305
B,B1,0.2,0.2,2,2,1,5,0.134765625,0.4999999999444584,0.2499999994582447,0.2500000004862137,0.499999998972031
B,B1,0.2,0.2,2,2,1,5,0.138671875,0.4999999999444562,0.2499999994582441,0.2500000004862121,0.499999998972032
B,B1,0.2,0.2,2,2,1,5,0.142578125,0.4999999999444542,0.2499999994582432,0.250000000486211,0.4999999989720322
B,B1,0.2,0.2,2,2,1,5,0.146484375,0.4999999999444521,0.2499999994582426,0.2500000004862095,0.4999999989720331
B,B1,0.2,0.2,2,2,1,5,0.150390625,0.4999999999444502,0.2499999994582416,0.2500000004862086,0.4999999989720331
B,B1,0.2,0.2,2,2,1,5,0.154296875,0.4999999999444483,0.2499999994582408,0.2500000004862075,0.4999999989720333
B,B1,0.2,0.2,2,2,1,5,0.158203125,0.4999999999444462,0.2499999994582401,0.2500000004862061,0.499999998972034
B,B1,0.2,0.2,2,2,1,5,0.162109375,0.4999999999444441,0.2499999994582395,0.2500000004862046,0.4999999989720348
B,B1,0.2,0.2,2,2,1,5,0.166015625,0.4999999999444422,0.2499999994582385,0.2500000004862037,0.4999999989720348
B,B1,0.2,0.2,2,2,1,5,0.169921875,0.4999999999444401,0.2499999994582378,0.2500000004862023,0.4999999989720356
B,B1,0.2,0.2,2,2,1,5,0.173828125,0.4999999999444381,0.2499999994582372,0.2500000004862009,0.4999999989720364
B,B1,0.2,0.2,2,2,1,5,0.177734375,0.4999999999444361,0.2499999994582363,0.2500000004861997,0.4999999989720366
B,B1,0.2,0.2,2,2,1,5,0.181640625,0.4999999999444341,0.2499999994582357,0.2500000004861984,0.4999999989720373
B,B1,0.2,0.2,2,2,1,5,0.185546875,0.4999999999444322,0.249999999458235,0.2500000004861972,0.4999999989720377
B,B1,0.2,0.2,2,2,1,5,0.189453125,0.4999999999444301,0.2499999994582342,0.250000000486196,0.4999999989720382
B,B1,0.2,0.2,2,2,1,5,0.193359375,0.499999999944428,0.2499999994582336,0.2500000004861944,0.4999999989720392
B,B1,0.2,0.2,2,2,1,5,0.197265625,0.4999999999444261,0.2499999994582328,0.2500000004861933,0.4999999989720396
B,B1,0.2,0.2,2,2,1,5,0.201171875,0.4999999999444242,0.2499999994582321,0.2500000004861921,0.4999999989720399
B,B1,0.2,0.2,2,2,1,5,0.205078125,0.4999999999444222,0.2499999994582316,0.2500000004861906,0.499999998972041
B,B1,0.2,0.2,2,2,1,5,0.208984375,0.4999999999444202,0.2499999994582309,0.2500000004861893,0.4999999989720416
B,B1,0.2,0.2,2,2,1,5,0.212890625,0.4999999999444183,0.2499999994582302,0.2500000004861881,0.4999999989720421
B,B1,0.2,0.2,2,2,1,5,0.216796875,0.4999999999444165,0.2499999994582296,0.2500000004861869,0.4999999989720427
B,B1,0.2,0.2,2,2,1,5,0.220703125,0.4999999999444145,0.2499999994582291,0.2500000004861854,0.4999999989720436
B,B1,0.2,0.2,2,2,1,5,0.224609375,0.4999999999444126,0.2499999994582285,0.2500000004861841,0.4999999989720443
B,B1,0.2,0.2,2,2,1,5,0.228515625,0.4999999999444107,0.2499999994582278,0.2500000004861829,0.4999999989720449
B,B1,0.2,0.2,2,2,1,5,0.232421875,0.4999999999444089,0.2499999994582272,0.2500000004861818,0.4999999989720454
B,B1,0.2,0.2,2,2,1,5,0.236328125,0.499999999944407,0.2499999994582267,0.2500000004861804,0.4999999989720463
B,B1,0.2,0.2,2,2,1,5,0.240234375,0.4999999999444054,0.249999999458226,0.2500000004861794,0.4999999989720466
B,B1,0.2,0.2,2,2,1,5,0.244140625,0.4999999999444034,0.2499999994582255,0.2500000004861778,0.4999999989720477
B,B1,0.2,0.2,2,2,1,5,0.248046875,0.4999999999444015,0.2499999994582249,0.2500000004861767,0.4999999989720482
B,B1,0.2,0.2,2,2,1,5,0.251953125,0.4999999999443997,0.2499999994582242,0.2500000004861754,0.4999999989720488
B,B1,0.2,0.2,2,2,1,5,0.255859375,0.4999999999443979,0.2499999994582237,0.2500000004861743,0.4999999989720494
B,B1,0.2,0.2,2,2,1,5,0.259765625,0.4999999999443959,0.2499999994582232,0.2500000004861727,0.4999999989720505
B,B1,0.2,0.2,2,2,1,5,0.263671875,0.4999999999443941,0.2499999994582226,0.2500000004861715,0.4999999989720511
B,B1,0.2,0.2,2,2,1,5,0.267578125,0.4999999999443924,0.249999999458222,0.2500000004861703,0.4999999989720517
B,B1,0.2,0.2,2,2,1,5,0.271484375,0.4999999999443905,0.2499999994582216,0.2500000004861689,0.4999999989720527
B,B1,0.2,0.2,2,2,1,5,0.275390625,0.499999999944389,0.2499999994582206,0.2500000004861684,0.4999999989720522
B,B1,0.2,0.2,2,2,1,5,0.279296875,0.4999999999443874,0.2499999994582199,0.2500000004861674,0.4999999989720525
B,B1,0.2,0.2,2,2,1,5,0.283203125,0.4999999999443856,0.2499999994582194,0.2500000004861662,0.4999999989720532
B,B1,0.2,0.2,2,2,1,5,0.287109375,0.4999999999443837,0.249999999458219,0.2500000004861648,0.4999999989720542
B,B1,0.2,0.2,2,2,1,5,0.291015625,0.4999999999443819,0.2499999994582184,0.2500000004861636,0.4999999989720549
B,B1,0.2,0.2,2,2,1,5,0.294921875,0.49999999994438,0.2499999994582181,0.2500000004861619,0.4999999989720562
B,B1,0.2,0.2,2,2,1,5,0.298828125,0.4999999999443783,0.2499999994582175,0.2500000004861608,0.4999999989720568
B,B1,0.2,0.2,2,2,1,5,0.302734375,0.4999999999443766,0.2499999994582169,0.2500000004861597,0.4999999989720572
B,B1,0.2,0.2,2,2,1,5,0.306640625,0.4999999999443749,0.2499999994582163,0.2500000004861587,0.4999999989720576
B,B1,0.2,0.2,2,2,1,5,0.310546875,0.4999999999443734,0.2499999994582155,0.2500000004861579,0.4999999989720577
B,B1,0.2,0.2,2,2,1,5,0.314453125,0.4999999999443717,0.249999999458215,0.2500000004861567,0.4999999989720584
B,B1,0.2,0.2,2,2,1,5,0.318359375,0.4999999999443702,0.2499999994582145,0.2500000004861557,0.4999999989720588
B,B1,0.2,0.2,2,2,1,5,0.322265625,0.4999999999443684,0.2499999994582141,0.2500000004861543,0.4999999989720597
B,B1,0.2,0.2,2,2,1,5,0.326171875,0.4999999999443666,0.2499999994582137,0.250000000486153,0.4999999989720607
B,B1,0.2,0.2,2,2,1,5,0.330078125,0.4999999999443652,0.2499999994582129,0.2500000004861522,0.4999999989720607
B,B1,0.2,0.2,2,2,1,5,0.333984375,0.4999999999443635,0.2499999994582124,0.2500000004861511,0.4999999989720613
B,B1,0.2,0.2,2,2,1,5,0.337890625,0.4999999999443618,0.2499999994582119,0.2500000004861499,0.499999998972062
B,B1,0.2,0.2,2,2,1,5,0.341796875,0.4999999999443603,0.2499999994582114,0.2500000004861489,0.4999999989720625
B,B1,0.2,0.2,2,2,1,5,0.345703125,0.4999999999443587,0.2499999994582109,0.2500000004861478,0.4999999989720631
B,B1,0.2,0.2,2,2,1,5,0.349609375,0.4999999999443571,0.2499999994582105,0.2500000004861466,0.499999998972064
B,B1,0.2,0.2,2,2,1,5,0.353515625,0.4999999999443556,0.2499999994582099,0.2500000004861457,0.4999999989720643
B,B1,0.2,0.2,2,2,1,5,0.357421875,0.499999999944354,0.2499999994582095,0.2500000004861445,0.499999998972065
B,B1,0.2,0.2,2,2,1,5,0.361328125,0.4999999999443525,0.2499999994582091,0.2500000004861435,0.4999999989720656
B,B1,0.2,0.2,2,2,1,5,0.365234375,0.4999999999443511,0.2499999994582085,0.2500000004861426,0.499999998972066
B,B1,0.2,0.2,2,2,1,5,0.369140625,0.4999999999443497,0.2499999994582079,0.2500000004861418,0.4999999989720661
B,B1,0.2,0.2,2,2,1,5,0.373046875,0.4999999999443481,0.2499999994582075,0.2500000004861406,0.499999998972067
B,B1,0.2,0.2,2,2,1,5,0.376953125,0.4999999999443466,0.2499999994582069,0.2500000004861397,0.4999999989720673
B,B1,0.2,0.2,2,2,1,5,0.380859375,0.4999999999443453,0.2499999994582063,0.250000000486139,0.4999999989720674
B,B1,0.2,0.2,2,2,1,5,0.384765625,0.4999999999443439,0.2499999994582058,0.2500000004861381,0.4999999989720677
B,B1,0.2,0.2,2,2,1,5,0.388671875,0.4999999999443423,0.2499999994582054,0.2500000004861369,0.4999999989720684
B,B1,0.2,0.2,2,2,1,5,0.392578125,0.499999999944341,0.2499999994582048,0.2500000004861362,0.4999999989720686
B,B1,0.2,0.2,2,2,1,5,0.396484375,0.4999999999443396,0.2499999994582043,0.2500000004861354,0.4999999989720689
B,B1,0.2,0.2,2,2,1,5,0.400390625,0.4999999999443383,0.2499999994582037,0.2500000004861346,0.4999999989720691
B,B1,0.2,0.2,2,2,1,5,0.404296875,0.499999999944337,0.2499999994582031,0.2500000004861338,0.4999999989720693
B,B1,0.2,0.2,2,2,1,5,0.408203125,0.4999999999443356,0.2499999994582028,0.2500000004861328,0.49999999897207
B,B1,0.2,0.2,2,2,1,5,0.412109375,0.4999999999443342,0.2499999994582023,0.2500000004861319,0.4999999989720704
B,B1,0.2,0.2,2,2,1,5,0.416015625,0.4999999999443329,0.2499999994582018,0.2500000004861311,0.4999999989720706
B,B1,0.2,0.2,2,2,1,5,0.419921875,0.4999999999443316,0.2499999994582012,0.2500000004861305,0.4999999989720708
B,B1,0.2,0.2,2,2,1,5,0.423828125,0.4999999999443304,0.2499999994582008,0.2500000004861296,0.4999999989720711
B,B1,0.2,0.2,2,2,1,5,0.427734375,0.4999999999443293,0.2499999994582002,0.250000000486129,0.4999999989720711
B,B1,0.2,0.2,2,2,1,5,0.431640625,0.4999999999443281,0.2499999994581998,0.2500000004861284,0.4999999989720714
B,B1,0.2,0.2,2,2,1,5,0.435546875,0.4999999999443271,0.2499999994581991,0.250000000486128,0.4999999989720711
B,B1,0.2,0.2,2,2,1,5,0.439453125,0.4999999999443258,0.2499999994581986,0.2500000004861271,0.4999999989720715
B,B1,0.2,0.2,2,2,1,5,0.443359375,0.4999999999443246,0.249999999458198,0.2500000004861266,0.4999999989720714
B,B1,0.2,0.2,2,2,1,5,0.447265625,0.4999999999443235,0.2499999994581975,0.250000000486126,0.4999999989720715
B,B1,0.2,0.2,2,2,1,5,0.451171875,0.4999999999443223,0.2499999994581971,0.2500000004861251,0.499999998972072
B,B1,0.2,0.2,2,2,1,5,0.455078125,0.4999999999443212,0.2499999994581966,0.2500000004861246,0.499999998972072
B,B1,0.2,0.2,2,2,1,5,0.458984375,0.4999999999443201,0.249999999458196,0.250000000486124,0.499999998972072
B,B1,0.2,0.2,2,2,1,5,0.462890625,0.499999999944319,0.2499999994581956,0.2500000004861234,0.4999999989720722
B,B1,0.2,0.2,2,2,1,5,0.466796875,0.4999999999443179,0.2499999994581951,0.2500000004861228,0.4999999989720723
B,B1,0.2,0.2,2,2,1,5,0.470703125,0.4999999999443167,0.2499999994581946,0.2500000004861221,0.4999999989720725
B,B1,0.2,0.2,2,2,1,5,0.474609375,0.4999999999443155,0.2499999994581941,0.2500000004861214,0.4999999989720728
B,B1,0.2,0.2,2,2,1,5,0.478515625,0.4999999999443143,0.2499999994581937,0.2500000004861206,0.4999999989720731
B,B1,0.2,0.2,2,2,1,5,0.482421875,0.4999999999443132,0.2499999994581933,0.2500000004861199,0.4999999989720734
B,B1,0.2,0.2,2,2,1,5,0.486328125,0.499999999944312,0.2499999994581928,0.2500000004861193,0.4999999989720735
B,B1,0.2,0.2,2,2,1,5,0.490234375,0.4999999999443109,0.2499999994581923,0.2500000004861186,0.4999999989720737
B,B1,0.2,0.2,2,2,1,5,0.494140625,0.4999999999443098,0.249999999458192,0.2500000004861178,0.4999999989720742
B,B1,0.2,0.2,2,2,1,5,0.498046875,0.4999999999443088,0.2499999994581914,0.2500000004861174,0.499999998972074
B,B1,0.2,0.2,2,2,1,5,0.501953125,0.499999999944308,0.2499999994581908,0.2500000004861173,0.4999999989720735
B,B1,0.2,0.2,2,2,1,5,0.505859375,0.4999999999443069,0.2499999994581905,0.2500000004861164,0.4999999989720741
B,B1,0.2,0.2,2,2,1,5,0.509765625,0.4999999999443059,0.24999999945819,0.2500000004861158,0.4999999989720742
B,B1,0.2,0.2,2,2,1,5,0.513671875,0.4999999999443051,0.2499999994581893,0.2500000004861157,0.4999999989720736
B,B1,0.2,0.2,2,2,1,5,0.517578125,0.4999999999443041,0.2499999994581888,0.2500000004861153,0.4999999989720735
B,B1,0.2,0.2,2,2,1,5,0.521484375,0.4999999999443032,0.2499999994581882,0.250000000486115,0.4999999989720733
B,B1,0.2,0.2,2,2,1,5,0.525390625,0.4999999999443023,0.2499999994581877,0.2500000004861146,0.4999999989720731
B,B1,0.2,0.2,2,2,1,5,0.529296875,0.4999999999443014,0.2499999994581874,0.250000000486114,0.4999999989720734
B,B1,0.2,0.2,2,2,1,5,0.533203125,0.4999999999443006,0.2499999994581868,0.2500000004861137,0.4999999989720731
B,B1,0.2,0.2,2,2,1,5,0.537109375,0.4999999999442998,0.2499999994581862,0.2500000004861136,0.4999999989720725
B,B1,0.2,0.2,2,2,1,5,0.541015625,0.499999999944299,0.2499999994581857,0.2500000004861134,0.4999999989720723
B,B1,0.2,0.2,2,2,1,5,0.544921875,0.4999999999442981,0.2499999994581852,0.2500000004861129,0.4999999989720723
B,B1,0.2,0.2,2,2,1,5,0.548828125,0.4999999999442972,0.2499999994581849,0.2500000004861124,0.4999999989720725
B,B1,0.2,0.2,2,2,1,5,0.552734375,0.4999999999442964,0.2499999994581843,0.2500000004861122,0.4999999989720721
B,B1,0.2,0.2,2,2,1,5,0.556640625,0.4999999999442956,0.2499999994581838,0.2500000004861117,0.4999999989720721
B,B1,0.2,0.2,2,2,1,5,0.560546875,0.499999999944295,0.2499999994581832,0.2500000004861118,0.4999999989720714
B,B1,0.2,0.2,2,2,1,5,0.564453125,0.4999999999442942,0.2499999994581827,0.2500000004861115,0.4999999989720711
B,B1,0.2,0.2,2,2,1,5,0.568359375,0.4999999999442934,0.2499999994581822,0.2500000004861113,0.4999999989720709
B,B1,0.2,0.2,2,2,1,5,0.572265625,0.4999999999442928,0.2499999994581816,0.2500000004861113,0.4999999989720704
B,B1,0.2,0.2,2,2,1,5,0.576171875,0.4999999999442921,0.2499999994581811,0.2500000004861109,0.4999999989720701
B,B1,0.2,0.2,2,2,1,5,0.580078125,0.4999999999442913,0.2499999994581805,0.2500000004861108,0.4999999989720697
B,B1,0.2,0.2,2,2,1,5,0.583984375,0.4999999999442908,0.2499999994581799,0.2500000004861109,0.499999998972069
B,B1,0.2,0.2,2,2,1,5,0.587890625,0.49999999994429,0.2499999994581796,0.2500000004861104,0.4999999989720691
B,B1,0.2,0.2,2,2,1,5,0.591796875,0.4999999999442893,0.2499999994581791,0.2500000004861102,0.4999999989720689
B,B1,0.2,0.2,2,2,1,5,0.595703125,0.4999999999442886,0.2499999994581787,0.2500000004861099,0.4999999989720689
B,B1,0.2,0.2,2,2,1,5,0.599609375,0.499999999944288,0.2499999994581783,0.2500000004861097,0.4999999989720686
B,B1,0.2,0.2,2,2,1,5,0.603515625,0.4999999999442872,0.249999999458178,0.2500000004861092,0.4999999989720689
B,B1,0.2,0.2,2,2,1,5,0.607421875,0.4999999999442866,0.2499999994581774,0.2500000004861093,0.4999999989720681
B,B1,0.2,0.2,2,2,1,5,0.611328125,0.499999999944286,0.2499999994581769,0.2500000004861091,0.4999999989720678
B,B1,0.2,0.2,2,2,1,5,0.615234375,0.4999999999442853,0.2499999994581764,0.2500000004861089,0.4999999989720674
B,B1,0.2,0.2,2,2,1,5,0.619140625,0.4999999999442848,0.2499999994581759,0.2500000004861089,0.499999998972067
B,B1,0.2,0.2,2,2,1,5,0.623046875,0.4999999999442843,0.2499999994581754,0.2500000004861089,0.4999999989720665
B,B1,0.2,0.2,2,2,1,5,0.626953125,0.4999999999442837,0.2499999994581749,0.2500000004861087,0.4999999989720662
B,B1,0.2,0.2,2,2,1,5,0.630859375,0.4999999999442833,0.2499999994581743,0.250000000486109,0.4999999989720652
B,B1,0.2,0.2,2,2,1,5,0.634765625,0.4999999999442827,0.2499999994581739,0.2500000004861088,0.4999999989720652
B,B1,0.2,0.2,2,2,1,5,0.638671875,0.4999999999442822,0.2499999994581734,0.2500000004861088,0.4999999989720645
B,B1,0.2,0.2,2,2,1,5,0.642578125,0.4999999999442818,0.2499999994581729,0.2500000004861089,0.499999998972064
B,B1,0.2,0.2,2,2,1,5,0.646484375,0.4999999999442816,0.2499999994581722,0.2500000004861094,0.4999999989720629
B,B1,0.2,0.2,2,2,1,5,0.650390625,0.4999999999442812,0.2499999994581718,0.2500000004861094,0.4999999989720625
B,B1,0.2,0.2,2,2,1,5,0.654296875,0.4999999999442807,0.2499999994581714,0.2500000004861093,0.4999999989720622
B,B1,0.2,0.2,2,2,1,5,0.658203125,0.4999999999442803,0.2499999994581709,0.2500000004861094,0.4999999989720615
B,B1,0.2,0.2,2,2,1,5,0.662109375,0.4999999999442799,0.2499999994581704,0.2500000004861095,0.4999999989720609
B,B1,0.2,0.2,2,2,1,5,0.666015625,0.4999999999442796,0.2499999994581698,0.2500000004861098,0.49999999897206
B,B1,0.2,0.2,2,2,1,5,0.669921875,0.4999999999442793,0.2499999994581692,0.2500000004861101,0.4999999989720591
B,B1,0.2,0.2,2,2,1,5,0.673828125,0.4999999999442788,0.2499999994581688,0.25000000048611,0.4999999989720588
B,B1,0.2,0.2,2,2,1,5,0.677734375,0.4999999999442784,0.2499999994581684,0.2500000004861099,0.4999999989720585
B,B1,0.2,0.2,2,2,1,5,0.681640625,0.4999999999442779,0.2499999994581681,0.2500000004861098,0.4999999989720583
B,B1,0.2,0.2,2,2,1,5,0.685546875,0.4999999999442775,0.2499999994581678,0.2500000004861096,0.4999999989720582
B,B1,0.2,0.2,2,2,1,5,0.689453125,0.4999999999442772,0.2499999994581673,0.2500000004861099,0.4999999989720574
B,B1,0.2,0.2,2,2,1,5,0.693359375,0.4999999999442769,0.2499999994581669,0.25000000048611,0.4999999989720569
B,B1,0.2,0.2,2,2,1,5,0.697265625,0.4999999999442766,0.2499999994581664,0.2500000004861102,0.4999999989720562
B,B1,0.2,0.2,2,2,1,5,0.701171875,0.4999999999442762,0.249999999458166,0.2500000004861103,0.4999999989720557
B,B1,0.2,0.2,2,2,1,5,0.705078125,0.4999999999442761,0.2499999994581653,0.2500000004861108,0.4999999989720544
B,B1,0.2,0.2,2,2,1,5,0.708984375,0.4999999999442758,0.2499999994581649,0.2500000004861109,0.499999998972054
B,B1,0.2,0.2,2,2,1,5,0.712890625,0.4999999999442756,0.2499999994581645,0.2500000004861112,0.4999999989720533
B,B1,0.2,0.2,2,2,1,5,0.716796875,0.4999999999442752,0.249999999458164,0.2500000004861113,0.4999999989720528
B,B1,0.2,0.2,2,2,1,5,0.720703125,0.4999999999442751,0.2499999994581634,0.2500000004861117,0.4999999989720518
B,B1,0.2,0.2,2,2,1,5,0.724609375,0.4999999999442749,0.249999999458163,0.2500000004861119,0.4999999989720511
B,B1,0.2,0.2,2,2,1,5,0.728515625,0.4999999999442747,0.2499999994581625,0.2500000004861122,0.4999999989720504
B,B1,0.2,0.2,2,2,1,5,0.732421875,0.4999999999442744,0.2499999994581622,0.2500000004861122,0.49999999897205
B,B1,0.2,0.2,2,2,1,5,0.736328125,0.4999999999442741,0.2499999994581618,0.2500000004861123,0.4999999989720496
B,B1,0.2,0.2,2,2,1,5,0.740234375,0.4999999999442739,0.2499999994581616,0.2500000004861124,0.4999999989720492
B,B1,0.2,0.2,2,2,1,5,0.744140625,0.4999999999442738,0.2499999994581612,0.2500000004861126,0.4999999989720486
B,B1,0.2,0.2,2,2,1,5,0.748046875,0.4999999999442735,0.249999999458161,0.2500000004861125,0.4999999989720485
B,B1,0.2,0.2,2,2,1,5,0.751953125,0.4999999999442734,0.2499999994581606,0.2500000004861127,0.4999999989720479
B,B1,0.2,0.2,2,2,1,5,0.755859375,0.4999999999442732,0.2499999994581602,0.2500000004861129,0.4999999989720473
B,B1,0.2,0.2,2,2,1,5,0.759765625,0.499999999944273,0.2499999994581599,0.2500000004861131,0.4999999989720468
B,B1,0.2,0.2,2,2,1,5,0.763671875,0.499999999944273,0.2499999994581595,0.2500000004861135,0.4999999989720461
B,B1,0.2,0.2,2,2,1,5,0.767578125,0.499999999944273,0.2499999994581589,0.2500000004861141,0.4999999989720448
B,B1,0.2,0.2,2,2,1,5,0.771484375,0.4999999999442729,0.2499999994581585,0.2500000004861143,0.4999999989720442
B,B1,0.2,0.2,2,2,1,5,0.775390625,0.4999999999442726,0.2499999994581582,0.2500000004861144,0.4999999989720438
B,B1,0.2,0.2,2,2,1,5,0.779296875,0.4999999999442724,0.2499999994581578,0.2500000004861145,0.4999999989720433
B,B1,0.2,0.2,2,2,1,5,0.783203125,0.4999999999442722,0.2499999994581575,0.2500000004861148,0.4999999989720427
B,B1,0.2,0.2,2,2,1,5,0.787109375,0.4999999999442721,0.249999999458157,0.2500000004861151,0.4999999989720419
B,B1,0.2,0.2,2,2,1,5,0.791015625,0.499999999944272,0.2499999994581567,0.2500000004861153,0.4999999989720414
B,B1,0.2,0.2,2,2,1,5,0.794921875,0.4999999999442718,0.2499999994581565,0.2500000004861154,0.4999999989720411
B,B1,0.2,0.2,2,2,1,5,0.798828125,0.4999999999442718,0.249999999458156,0.2500000004861158,0.4999999989720403
B,B1,0.2,0.2,2,2,1,5,0.802734375,0.4999999999442719,0.2499999994581555,0.2500000004861165,0.499999998972039
B,B1,0.2,0.2,2,2,1,5,0.806640625,0.4999999999442718,0.2499999994581552,0.2500000004861166,0.4999999989720386
B,B1,0.2,0.2,2,2,1,5,0.810546875,0.4999999999442716,0.249999999458155,0.2500000004861166,0.4999999989720385
B,B1,0.2,0.2,2,2,1,5,0.814453125,0.4999999999442716,0.2499999994581548,0.2500000004861168,0.499999998972038
B,B1,0.2,0.2,2,2,1,5,0.818359375,0.4999999999442715,0.2499999994581545,0.2500000004861169,0.4999999989720376
B,B1,0.2,0.2,2,2,1,5,0.822265625,0.4999999999442715,0.2499999994581542,0.2500000004861173,0.499999998972037
B,B1,0.2,0.2,2,2,1,5,0.826171875,0.4999999999442715,0.2499999994581539,0.2500000004861176,0.4999999989720363
B,B1,0.2,0.2,2,2,1,5,0.830078125,0.4999999999442716,0.2499999994581536,0.250000000486118,0.4999999989720356
B,B1,0.2,0.2,2,2,1,5,0.833984375,0.4999999999442717,0.2499999994581533,0.2500000004861184,0.4999999989720348
B,B1,0.2,0.2,2,2,1,5,0.837890625,0.4999999999442717,0.249999999458153,0.2500000004861187,0.4999999989720342
B,B1,0.2,0.2,2,2,1,5,0.841796875,0.4999999999442718,0.2499999994581527,0.250000000486119,0.4999999989720337
B,B1,0.2,0.2,2,2,1,5,0.845703125,0.4999999999442718,0.2499999994581525,0.2500000004861193,0.4999999989720333
B,B1,0.2,0.2,2,2,1,5,0.849609375,0.4999999999442718,0.2499999994581524,0.2500000004861194,0.499999998972033
B,B1,0.2,0.2,2,2,1,5,0.853515625,0.4999999999442718,0.2499999994581522,0.2500000004861196,0.4999999989720325
B,B1,0.2,0.2,2,2,1,5,0.857421875,0.4999999999442717,0.249999999458152,0.2500000004861197,0.4999999989720322
B,B1,0.2,0.2,2,2,1,5,0.861328125,0.4999999999442717,0.2499999994581518,0.2500000004861199,0.4999999989720319
B,B1,0.2,0.2,2,2,1,5,0.865234375,0.4999999999442717,0.2499999994581517,0.25000000048612,0.4999999989720316
B,B1,0.2,0.2,2,2,1,5,0.869140625,0.4999999999442717,0.2499999994581514,0.2500000004861203,0.4999999989720311
B,B1,0.2,0.2,2,2,1,5,0.873046875,0.4999999999442719,0.2499999994581512,0.2500000004861206,0.4999999989720306
B,B1,0.2,0.2,2,2,1,5,0.876953125,0.499999999944272,0.249999999458151,0.250000000486121,0.49999999897203
B,B1,0.2,0.2,2,2,1,5,0.880859375,0.499999999944272,0.2499999994581509,0.2500000004861211,0.4999999989720298
B,B1,0.2,0.2,2,2,1,5,0.884765625,0.4999999999442721,0.2499999994581509,0.2500000004861213,0.4999999989720296
B,B1,0.2,0.2,2,2,1,5,0.888671875,0.4999999999442722,0.2499999994581506,0.2500000004861217,0.4999999989720289
B,B1,0.2,0.2,2,2,1,5,0.892578125,0.4999999999442723,0.2499999994581505,0.2500000004861218,0.4999999989720286
B,B1,0.2,0.2,2,2,1,5,0.896484375,0.4999999999442724,0.2499999994581504,0.250000000486122,0.4999999989720283
B,B1,0.2,0.2,2,2,1,5,0.900390625,0.4999999999442726,0.2499999994581501,0.2500000004861225,0.4999999989720277
B,B1,0.2,0.2,2,2,1,5,0.904296875,0.4999999999442728,0.2499999994581499,0.2500000004861229,0.499999998972027
B,B1,0.2,0.2,2,2,1,5,0.908203125,0.4999999999442728,0.2499999994581499,0.2500000004861229,0.499999998972027
B,B1,0.2,0.2,2,2,1,5,0.912109375,0.499999999944273,0.2499999994581497,0.2500000004861233,0.4999999989720265
B,B1,0.2,0.2,2,2,1,5,0.916015625,0.4999999999442731,0.2499999994581496,0.2500000004861235,0.4999999989720262
B,B1,0.2,0.2,2,2,1,5,0.919921875,0.4999999999442732,0.2499999994581495,0.2500000004861237,0.4999999989720258
B,B1,0.2,0.2,2,2,1,5,0.923828125,0.4999999999442732,0.2499999994581494,0.2500000004861238,0.4999999989720256
B,B1,0.2,0.2,2,2,1,5,0.927734375,0.4999999999442733,0.2499999994581494,0.2500000004861239,0.4999999989720256
B,B1,0.2,0.2,2,2,1,5,0.931640625,0.4999999999442735,0.2499999994581494,0.2500000004861241,0.4999999989720253
B,B1,0.2,0.2,2,2,1,5,0.935546875,0.4999999999442736,0.2499999994581494,0.2500000004861241,0.4999999989720252
B,B1,0.2,0.2,2,2,1,5,0.939453125,0.4999999999442737,0.2499999994581494,0.2500000004861243,0.4999999989720251
B,B1,0.2,0.2,2,2,1,5,0.943359375,0.4999999999442739,0.2499999994581494,0.2500000004861245,0.4999999989720249
B,B1,0.2,0.2,2,2,1,5,0.947265625,0.4999999999442741,0.2499999994581494,0.2500000004861247,0.4999999989720247
B,B1,0.2,0.2,2,2,1,5,0.951171875,0.4999999999442743,0.2499999994581494,0.2500000004861249,0.4999999989720245
B,B1,0.2,0.2,2,2,1,5,0.955078125,0.4999999999442745,0.2499999994581494,0.250000000486125,0.4999999989720244
B,B1,0.2,0.2,2,2,1,5,0.958984375,0.4999999999442747,0.2499999994581495,0.2500000004861253,0.4999999989720242
B,B1,0.2,0.2,2,2,1,5,0.962890625,0.4999999999442749,0.2499999994581495,0.2500000004861255,0.499999998972024
B,B1,0.2,0.2,2,2,1,5,0.966796875,0.4999999999442752,0.2499999994581495,0.2500000004861257,0.4999999989720238
B,B1,0.2,0.2,2,2,1,5,0.970703125,0.4999999999442755,0.2499999994581495,0.250000000486126,0.4999999989720235
B,B1,0.2,0.2,2,2,1,5,0.974609375,0.4999999999442757,0.2499999994581496,0.2500000004861261,0.4999999989720235
B,B1,0.2,0.2,2,2,1,5,0.978515625,0.4999999999442759,0.2499999994581496,0.2500000004861263,0.4999999989720234
B,B1,0.2,0.2,2,2,1,5,0.982421875,0.499999999944276,0.2499999994581498,0.2500000004861262,0.4999999989720236
B,B1,0.2,0.2,2,2,1,5,0.986328125,0.4999999999442762,0.24999999945815,0.2500000004861263,0.4999999989720237
B,B1,0.2,0.2,2,2,1,5,0.990234375,0.4999999999442764,0.2499999994581501,0.2500000004861263,0.4999999989720239
B,B1,0.2,0.2,2,2,1,5,0.994140625,0.4999999999442766,0.2499999994581503,0.2500000004861263,0.499999998972024
B,B1,0.2,0.2,2,2,1,5,0.998046875,0.4999999999443507,0.2499999994580519,0.2500000004862988,0.4999999989717531
B,B2,0.3,0.3,2,2,1,0,0.001953125,3.764908042772954e-05,0,3.764908042772954e-05,0
B,B2,0.3,0.3,2,2,1,0,0.005859375,0.0003388077058252495,0,0.0003388077058252495,0
B,B2,0.3,0.3,2,2,1,0,0.009765625,0.0009409435499253964,0,0.0009409435499253964,0
B,B2,0.3,0.3,2,2,1,0,0.013671875,0.001843693908610993,0,0.001843693908610993,0
B,B2,0.3,0.3,2,2,1,0,0.017578125,0.003046514998821978,0,0.003046514998821978,0
B,B2,0.3,0.3,2,2,1,0,0.021484375,0.004548682286109986,0,0.004548682286109986,0
B,B2,0.3,0.3,2,2,1,0,0.025390625,0.00634929092107081,0,0.00634929092107081,0
B,B2,0.3,0.3,2,2,1,0,0.029296875,0.008447256284391835,0,0.008447256284391835,0
B,B2,0.3,0.3,2,2,1,0,0.033203125,0.01084131464018618,0,0.01084131464018618,0
B,B2,0.3,0.3,2,2,1,0,0.037109375,0.01353002389721992,0,0.01353002389721992,0
B,B2,0.3,0.3,2,2,1,0,0.041015625,0.01651176447757394,0,0.01651176447757394,0
B,B2,0.3,0.3,2,2,1,0,0.044921875,0.01978474029221709,0,0.01978474029221709,0
B,B2,0.3,0.3,2,2,1,0,0.048828125,0.02334697982290308,0,0.02334697982290308,0
B,B2,0.3,0.3,2,2,1,0,0.052734375,0.02719633730973934,0,0.02719633730973934,0
B,B2,0.3,0.3,2,2,1,0,0.056640625,0.03133049404371253,0,0.03133049404371253,0
B,B2,0.3,0.3,2,2,1,0,0.060546875,0.03574695976339221,0,0.03574695976339221,0
B,B2,0.3,0.3,2,2,1,0,0.064453125,0.04044307415497112,0,0.04044307415497112,0
B,B2,0.3,0.3,2,2,1,0,0.068359375,0.04541600845473881,0,0.04541600845473881,0
B,B2,0.3,0.3,2,2,1,0,0.072265625,0.05066276715302308,0,0.05066276715302308,0
B,B2,0.3,0.3,2,2,1,0,0.076171875,0.05618018979857302,0,0.05618018979857302,0
B,B2,0.3,0.3,2,2,1,0,0.080078125,0.06196495290229669,0,0.06196495290229669,0
B,B2,0.3,0.3,2,2,1,0,0.083984375,0.06801357193920662,0,0.06801357193920662,0
B,B2,0.3,0.3,2,2,1,0,0.087890625,0.07432240344736743,0,0.07432240344736743,0
B,B2,0.3,0.3,2,2,1,0,0.091796875,0.080887647222581,0,0.080887647222581,0
B,B2,0.3,0.3,2,2,1,0,0.095703125,0.08770534860748734,0,0.08770534860748734,0
B,B2,0.3,0.3,2,2,1,0,0.099609375,0.09477140087370259,0,0.09477140087370259,0
B,B2,0.3,0.3,2,2,1,0,0.103515625,0.1020815476955582,0,0.1020815476955582,0
B,B2,0.3,0.3,2,2,1,0,0.107421875,0.1096313857139528,0,0.1096313857139528,0
B,B2,0.3,0.3,2,2,1,0,0.111328125,0.1174163671887705,0,0.1174163671887705,0
B,B2,0.3,0.3,2,2,1,0,0.115234375,0.1254318027382703,0,0.1254318027382703,0
B,B2,0.3,0.3,2,2,1,0,0.119140625,0.1336728641637936,0,0.1336728641637936,0
B,B2,0.3,0.3,2,2,1,0,0.123046875,0.1421345873580907,0,0.1421345873580907,0
B,B2,0.3,0.3,2,2,1,0,0.126953125,0.1508118752955135,0,0.1508118752955135,0
B,B2,0.3,0.3,2,2,1,0,0.130859375,0.1596995011022734,0,0.1596995011022734,0
B,B2,0.3,0.3,2,2,1,0,0.134765625,0.1687921112049141,0,0.1687921112049141,0
B,B2,0.3,0.3,2,2,1,0,0.138671875,0.1780842285551043,0,0.1780842285551043,0
B,B2,0.3,0.3,2,2,1,0,0.142578125,0.1875702559288068,0,0.1875702559288068,0
B,B2,0.3,0.3,2,2,1,0,0.146484375,0.1972444792978372,0,0.1972444792978372,0
B,B2,0.3,0.3,2,2,1,0,0.150390625,0.2071010712717806,0,0.2071010712717806,0
B,B2,0.3,0.3,2,2,1,0,0.154296875,0.2171340946081934,0,0.2171340946081934,0
B,B2,0.3,0.3,2,2,1,0,0.158203125,0.2273375057889767,0,0.2273375057889767,0
B,B2,0.3,0.3,2,2,1,0,0.162109375,0.2377051586607656,0,0.2377051586607656,0
B,B2,0.3,0.3,2,2,1,0,0.166015625,0.2482308081371412,0,0.2482308081371412,0
B,B2,0.3,0.3,2,2,1,0,0.169921875,0.2589081139604386,0,0.2589081139604386,0
B,B2,0.3,0.3,2,2,1,0,0.173828125,0.26973064452088,0,0.26973064452088,0
B,B2,0.3,0.3,2,2,1,0,0.177734375,0.2806918807307361,0,0.2806918807307361,0
B,B2,0.3,0.3,2,2,1,0,0.181640625,0.2917852199511814,0,0.2917852199511814,0
B,B2,0.3,0.3,2,2,1,0,0.185546875,0.303003979969476,0,0.303003979969476,0
B,B2,0.3,0.3,2,2,1,0,0.189453125,0.3143414030240813,0,0.3143414030240813,0
B,B2,0.3,0.3,2,2,1,0,0.193359375,0.3257906598752827,0,0.3257906598752827,0
B,B2,0.3,0.3,2,2,1,0,0.197265625,0.3373448539188685,0,0.3373448539188685,0
B,B2,0.3,0.3,2,2,1,0,0.201171875,0.3489970253403859,0,0.3489970253403859,0
B,B2,0.3,0.3,2,2,1,0,0.205078125,0.3607401553074735,0,0.3607401553074735,0
B,B2,0.3,0.3,2,2,1,0,0.208984375,0.3725671701977427,0,0.3725671701977427,0
B,B2,0.3,0.3,2,2,1,0,0.212890625,0.3844709458596643,0,0.3844709458596643,0
B,B2,0.3,0.3,2,2,1,0,0.216796875,0.3964443119038907,0,0.3964443119038907,0
B,B2,0.3,0.3,2,2,1,0,0.220703125,0.4084800560224295,0,0.4084800560224295,0
B,B2,0.3,0.3,2,2,1,0,0.224609375,0.4205709283330692,0,0.4205709283330692,0
B,B2,0.3,0.3,2,2,1,0,0.228515625,0.4327096457464369,0,0.4327096457464369,0
B,B2,0.3,0.3,2,2,1,0,0.232421875,0.4448888963530584,0,0.4448888963530584,0
B,B2,0.3,0.3,2,2,1,0,0.236328125,0.45710134382778,0,0.45710134382778,0
B,B2,0.3,0.3,2,2,1,0,0.240234375,0.4693396318488957,0,0.4693396318488957,0
B,B2,0.3,0.3,2,2,1,0,0.244140625,0.4815963885293206,0,0.4815963885293206,0
B,B2,0.3,0.3,2,2,1,0,0.248046875,0.49386423085714,0,0.49386423085714,0
B,B2,0.3,0.3,2,2,1,0,0.251953125,0.50613576914286,0,0.50613576914286,0
B,B2,0.3,0.3,2,2,1,0,0.255859375,0.5184036114706795,0,0.5184036114706795,0
B,B2,0.3,0.3,2,2,1,0,0.259765625,0.5306603681511043,0,0.5306603681511043,0
B,B2,0.3,0.3,2,2,1,0,0.263671875,0.5428986561722198,0,0.5428986561722198,0
B,B2,0.3,0.3,2,2,1,0,0.267578125,0.5551111036469415,0,0.5551111036469415,0
B,B2,0.3,0.3,2,2,1,0,0.271484375,0.567290354253563,0,0.567290354253563,0
B,B2,0.3,0.3,2,2,1,0,0.275390625,0.5794290716669307,0,0.5794290716669307,0
B,B2,0.3,0.3,2,2,1,0,0.279296875,0.5915199439775704,0,0.5915199439775704,0
B,B2,0.3,0.3,2,2,1,0,0.283203125,0.6035556880961093,0,0.6035556880961093,0
B,B2,0.3,0.3,2,2,1,0,0.287109375,0.6155290541403355,0,0.6155290541403355,0
B,B2,0.3,0.3,2,2,1,0,0.291015625,0.6274328298022573,0,0.6274328298022573,0
B,B2,0.3,0.3,2,2,1,0,0.294921875,0.6392598446925265,0,0.6392598446925265,0
B,B2,0.3,0.3,2,2,1,0,0.298828125,0.651002974659614,0,0.651002974659614,0
B,B2,0.3,0.3,2,2,1,0,0.302734375,0.6626551460811314,0,0.6626551460811314,0
B,B2,0.3,0.3,2,2,1,0,0.306640625,0.6742093401247172,0,0.6742093401247172,0
B,B2,0.3,0.3,2,2,1,0,0.310546875,0.6856585969759188,0,0.6856585969759188,0
B,B2,0.3,0.3,2,2,1,0,0.314453125,0.696996020030524,0,0.696996020030524,0
B,B2,0.3,0.3,2,2,1,0,0.318359375,0.7082147800488184,0,0.7082147800488184,0
B,B2,0.3,0.3,2,2,1,0,0.322265625,0.7193081192692636,0,0.7193081192692636,0
B,B2,0.3,0.3,2,2,1,0,0.326171875,0.7302693554791201,0,0.7302693554791201,0
B,B2,0.3,0.3,2,2,1,0,0.330078125,0.7410918860395614,0,0.7410918860395614,0
B,B2,0.3,0.3,2,2,1,0,0.333984375,0.7517691918628587,0,0.7517691918628587,0
B,B2,0.3,0.3,2,2,1,0,0.337890625,0.7622948413392344,0,0.7622948413392344,0
B,B2,0.3,0.3,2,2,1,0,0.341796875,0.7726624942110231,0,0.7726624942110231,0
B,B2,0.3,0.3,2,2,1,0,0.345703125,0.7828659053918066,0,0.7828659053918066,0
B,B2,0.3,0.3,2,2,1,0,0.349609375,0.7928989287282194,0,0.7928989287282194,0
B,B2,0.3,0.3,2,2,1,0,0.353515625,0.8027555207021627,0,0.8027555207021627,0
B,B2,0.3,0.3,2,2,1,0,0.357421875,0.8124297440711932,0,0.8124297440711932,0
B,B2,0.3,0.3,2,2,1,0,0.361328125,0.8219157714448957,0,0.8219157714448957,0
B,B2,0.3,0.3,2,2,1,0,0.365234375,0.8312078887950859,0,0.8312078887950859,0
B,B2,0.3,0.3,2,2,1,0,0.369140625,0.8403004988977266,0,0.8403004988977266,0
B,B2,0.3,0.3,2,2,1,0,0.373046875,0.8491881247044863,0,0.8491881247044863,0
B,B2,0.3,0.3,2,2,1,0,0.376953125,0.8578654126419092,0,0.8578654126419092,0
B,B2,0.3,0.3,2,2,1,0,0.380859375,0.8663271358362064,0,0.8663271358362064,0
B,B2,0.3,0.3,2,2,1,0,0.384765625,0.8745681972617295,0,0.8745681972617295,0
B,B2,0.3,0.3,2,2,1,0,0.388671875,0.8825836328112294,0,0.8825836328112294,0
B,B2,0.3,0.3,2,2,1,0,0.392578125,0.8903686142860473,0,0.8903686142860473,0
B,B2,0.3,0.3,2,2,1,0,0.396484375,0.8979184523044417,0,0.8979184523044417,0
B,B2,0.3,0.3,2,2,1,0,0.400390625,0.9052285991262974,0,0.9052285991262974,0
B,B2,0.3,0.3,2,2,1,0,0.404296875,0.9122946513925125,0,0.9122946513925125,0
B,B2,0.3,0.3,2,2,1,0,0.408203125,0.9191123527774191,0,0.9191123527774191,0
B,B2,0.3,0.3,2,2,1,0,0.412109375,0.9256775965526325,0,0.9256775965526325,0
B,B2,0.3,0.3,2,2,1,0,0.416015625,0.9319864280607935,0,0.9319864280607935,0
B,B2,0.3,0.3,2,2,1,0,0.419921875,0.9380350470977032,0,0.9380350470977032,0
B,B2,0.3,0.3,2,2,1,0,0.423828125,0.943819810201427,0,0.943819810201427,0
B,B2,0.3,0.3,2,2,1,0,0.427734375,0.9493372328469769,0,0.9493372328469769,0
B,B2,0.3,0.3,2,2,1,0,0.431640625,0.9545839915452613,0,0.9545839915452613,0
B,B2,0.3,0.3,2,2,1,0,0.435546875,0.9595569258450288,0,0.9595569258450288,0
B,B2,0.3,0.3,2,2,1,0,0.439453125,0.9642530402366077,0,0.9642530402366077,0
B,B2,0.3,0.3,2,2,1,0,0.443359375,0.9686695059562873,0,0.9686695059562873,0
B,B2,0.3,0.3,2,2,1,0,0.447265625,0.9728036626902608,0,0.9728036626902608,0
B,B2,0.3,0.3,2,2,1,0,0.451171875,0.9766530201770969,0,0.9766530201770969,0
B,B2,0.3,0.3,2,2,1,0,0.455078125,0.9802152597077829,0,0.9802152597077829,0
B,B2,0.3,0.3,2,2,1,0,0.458984375,0.983488235522426,0,0.983488235522426,0
B,B2,0.3,0.3,2,2,1,0,0.462890625,0.98646997610278,0,0.98646997610278,0
B,B2,0.3,0.3,2,2,1,0,0.466796875,0.9891586853598138,0,0.9891586853598138,0
B,B2,0.3,0.3,2,2,1,0,0.470703125,0.9915527437156082,0,0.9915527437156082,0
B,B2,0.3,0.3,2,2,1,0,0.474609375,0.9936507090789291,0,0.9936507090789291,0
B,B2,0.3,0.3,2,2,1,0,0.478515625,0.9954513177138901,0,0.9954513177138901,0
B,B2,0.3,0.3,2,2,1,0,0.482421875,0.9969534850011781,0,0.9969534850011781,0
B,B2,0.3,0.3,2,2,1,0,0.486328125,0.9981563060913889,0,0.9981563060913889,0
B,B2,0.3,0.3,2,2,1,0,0.490234375,0.9990590564500745,0,0.9990590564500745,0
B,B2,0.3,0.3,2,2,1,0,0.494140625,0.9996611922941747,0,0.9996611922941747,0
B,B2,0.3,0.3,2,2,1,0,0.498046875,0.9999623509195722,0,0.9999623509195722,0
B,B2,0.3,0.3,2,2,1,0,0.501953125,0.9999623509195722,0,0.9999623509195722,0
B,B2,0.3,0.3,2,2,1,0,0.505859375,0.9996611922941747,0,0.9996611922941747,0
B,B2,0.3,0.3,2,2,1,0,0.509765625,0.9990590564500745,0,0.9990590564500745,0
B,B2,0.3,0.3,2,2,1,0,0.513671875,0.9981563060913889,0,0.9981563060913889,0
B,B2,0.3,0.3,2,2,1,0,0.517578125,0.9969534850011781,0,0.9969534850011781,0
B,B2,0.3,0.3,2,2,1,0,0.521484375,0.9954513177138901,0,0.9954513177138901,0
B,B2,0.3,0.3,2,2,1,0,0.525390625,0.9936507090789293,0,0.9936507090789293,0
B,B2,0.3,0.3,2,2,1,0,0.529296875,0.9915527437156082,0,0.9915527437156082,0
B,B2,0.3,0.3,2,2,1,0,0.533203125,0.9891586853598138,0,0.9891586853598138,0
B,B2,0.3,0.3,2,2,1,0,0.537109375,0.98646997610278,0,0.98646997610278,0
B,B2,0.3,0.3,2,2,1,0,0.541015625,0.983488235522426,0,0.983488235522426,0
B,B2,0.3,0.3,2,2,1,0,0.544921875,0.9802152597077829,0,0.9802152597077829,0
B,B2,0.3,0.3,2,2,1,0,0.548828125,0.9766530201770969,0,0.9766530201770969,0
B,B2,0.3,0.3,2,2,1,0,0.552734375,0.9728036626902608,0,0.9728036626902608,0
B,B2,0.3,0.3,2,2,1,0,0.556640625,0.9686695059562873,0,0.9686695059562873,0
B,B2,0.3,0.3,2,2,1,0,0.560546875,0.9642530402366077,0,0.9642530402366077,0
B,B2,0.3,0.3,2,2,1,0,0.564453125,0.9595569258450288,0,0.9595569258450288,0
B,B2,0.3,0.3,2,2,1,0,0.568359375,0.9545839915452613,0,0.9545839915452613,0
B,B2,0.3,0.3,2,2,1,0,0.572265625,0.9493372328469769,0,0.9493372328469769,0
B,B2,0.3,0.3,2,2,1,0,0.576171875,0.943819810201427,0,0.943819810201427,0
B,B2,0.3,0.3,2,2,1,0,0.580078125,0.9380350470977035,0,0.9380350470977035,0
B,B2,0.3,0.3,2,2,1,0,0.583984375,0.9319864280607935,0,0.9319864280607935,0
B,B2,0.3,0.3,2,2,1,0,0.587890625,0.9256775965526325,0,0.9256775965526325,0
B,B2,0.3,0.3,2,2,1,0,0.591796875,0.9191123527774191,0,0.9191123527774191,0
B,B2,0.3,0.3,2,2,1,0,0.595703125,0.9122946513925125,0,0.9122946513925125,0
B,B2,0.3,0.3,2,2,1,0,0.599609375,0.9052285991262974,0,0.9052285991262974,0
B,B2,0.3,0.3,2,2,1,0,0.603515625,0.8979184523044419,0,0.8979184523044419,0
B,B2,0.3,0.3,2,2,1,0,0.607421875,0.8903686142860473,0,0.8903686142860473,0
B,B2,0.3,0.3,2,2,1,0,0.611328125,0.8825836328112294,0,0.8825836328112294,0
B,B2,0.3,0.3,2,2,1,0,0.615234375,0.8745681972617297,0,0.8745681972617297,0
B,B2,0.3,0.3,2,2,1,0,0.619140625,0.8663271358362064,0,0.8663271358362064,0
B,B2,0.3,0.3,2,2,1,0,0.623046875,0.8578654126419094,0,0.8578654126419094,0
B,B2,0.3,0.3,2,2,1,0,0.626953125,0.8491881247044866,0,0.8491881247044866,0
B,B2,0.3,0.3,2,2,1,0,0.630859375,0.8403004988977266,0,0.8403004988977266,0
B,B2,0.3,0.3,2,2,1,0,0.634765625,0.8312078887950859,0,0.8312078887950859,0
B,B2,0.3,0.3,2,2,1,0,0.638671875,0.8219157714448957,0,0.8219157714448957,0
B,B2,0.3,0.3,2,2,1,0,0.642578125,0.8124297440711932,0,0.8124297440711932,0
B,B2,0.3,0.3,2,2,1,0,0.646484375,0.8027555207021628,0,0.8027555207021628,0
B,B2,0.3,0.3,2,2,1,0,0.650390625,0.7928989287282197,0,0.7928989287282197,0
B,B2,0.3,0.3,2,2,1,0,0.654296875,0.7828659053918068,0,0.7828659053918068,0
B,B2,0.3,0.3,2,2,1,0,0.658203125,0.7726624942110233,0,0.7726624942110233,0
B,B2,0.3,0.3,2,2,1,0,0.662109375,0.7622948413392346,0,0.7622948413392346,0
B,B2,0.3,0.3,2,2,1,0,0.666015625,0.751769191862859,0,0.751769191862859,0
B,B2,0.3,0.3,2,2,1,0,0.669921875,0.7410918860395612,0,0.7410918860395612,0
B,B2,0.3,0.3,2,2,1,0,0.673828125,0.7302693554791201,0,0.7302693554791201,0
B,B2,0.3,0.3,2,2,1,0,0.677734375,0.7193081192692637,0,0.7193081192692637,0
B,B2,0.3,0.3,2,2,1,0,0.681640625,0.7082147800488187,0,0.7082147800488187,0
B,B2,0.3,0.3,2,2,1,0,0.685546875,0.6969960200305242,0,0.6969960200305242,0
B,B2,0.3,0.3,2,2,1,0,0.689453125,0.6856585969759188,0,0.6856585969759188,0
B,B2,0.3,0.3,2,2,1,0,0.693359375,0.6742093401247174,0,0.6742093401247174,0
B,B2,0.3,0.3,2,2,1,0,0.697265625,0.6626551460811317,0,0.6626551460811317,0
B,B2,0.3,0.3,2,2,1,0,0.701171875,0.6510029746596143,0,0.6510029746596143,0
B,B2,0.3,0.3,2,2,1,0,0.705078125,0.6392598446925268,0,0.6392598446925268,0
B,B2,0.3,0.3,2,2,1,0,0.708984375,0.6274328298022571,0,0.6274328298022571,0
B,B2,0.3,0.3,2,2,1,0,0.712890625,0.6155290541403354,0,0.6155290541403354,0
B,B2,0.3,0.3,2,2,1,0,0.716796875,0.6035556880961093,0,0.6035556880961093,0
B,B2,0.3,0.3,2,2,1,0,0.720703125,0.5915199439775704,0,0.5915199439775704,0
B,B2,0.3,0.3,2,2,1,0,0.724609375,0.5794290716669308,0,0.5794290716669308,0
B,B2,0.3,0.3,2,2,1,0,0.728515625,0.5672903542535631,0,0.5672903542535631,0
B,B2,0.3,0.3,2,2,1,0,0.732421875,0.5551111036469417,0,0.5551111036469417,0
B,B2,0.3,0.3,2,2,1,0,0.736328125,0.5428986561722201,0,0.5428986561722201,0
B,B2,0.3,0.3,2,2,1,0,0.740234375,0.5306603681511044,0,0.5306603681511044,0
B,B2,0.3,0.3,2,2,1,0,0.744140625,0.5184036114706796,0,0.5184036114706796,0
B,B2,0.3,0.3,2,2,1,0,0.748046875,0.5061357691428603,0,0.5061357691428603,0
B,B2,0.3,0.3,2,2,1,0,0.751953125,0.4938642308571399,0,0.4938642308571399,0
B,B2,0.3,0.3,2,2,1,0,0.755859375,0.4815963885293206,0,0.4815963885293206,0
B,B2,0.3,0.3,2,2,1,0,0.759765625,0.4693396318488957,0,0.4693396318488957,0
B,B2,0.3,0.3,2,2,1,0,0.763671875,0.45710134382778,0,0.45710134382778,0
B,B2,0.3,0.3,2,2,1,0,0.767578125,0.4448888963530586,0,0.4448888963530586,0
B,B2,0.3,0.3,2,2,1,0,0.771484375,0.432709645746437,0,0.432709645746437,0
B,B2,0.3,0.3,2,2,1,0,0.775390625,0.4205709283330694,0,0.4205709283330694,0
B,B2,0.3,0.3,2,2,1,0,0.779296875,0.4084800560224296,0,0.4084800560224296,0
B,B2,0.3,0.3,2,2,1,0,0.783203125,0.396444311903891,0,0.396444311903891,0
B,B2,0.3,0.3,2,2,1,0,0.787109375,0.3844709458596647,0,0.3844709458596647,0
B,B2,0.3,0.3,2,2,1,0,0.791015625,0.372567170197743,0,0.372567170197743,0
B,B2,0.3,0.3,2,2,1,0,0.794921875,0.3607401553074734,0,0.3607401553074734,0
B,B2,0.3,0.3,2,2,1,0,0.798828125,0.3489970253403859,0,0.3489970253403859,0
B,B2,0.3,0.3,2,2,1,0,0.802734375,0.3373448539188685,0,0.3373448539188685,0
B,B2,0.3,0.3,2,2,1,0,0.806640625,0.3257906598752827,0,0.3257906598752827,0
B,B2,0.3,0.3,2,2,1,0,0.810546875,0.3143414030240814,0,0.3143414030240814,0
B,B2,0.3,0.3,2,2,1,0,0.814453125,0.3030039799694761,0,0.3030039799694761,0
B,B2,0.3,0.3,2,2,1,0,0.818359375,0.2917852199511815,0,0.2917852199511815,0
B,B2,0.3,0.3,2,2,1,0,0.822265625,0.2806918807307364,0,0.2806918807307364,0
B,B2,0.3,0.3,2,2,1,0,0.826171875,0.2697306445208801,0,0.2697306445208801,0
B,B2,0.3,0.3,2,2,1,0,0.830078125,0.2589081139604389,0,0.2589081139604389,0
B,B2,0.3,0.3,2,2,1,0,0.833984375,0.2482308081371411,0,0.2482308081371411,0
B,B2,0.3,0.3,2,2,1,0,0.837890625,0.2377051586607655,0,0.2377051586607655,0
B,B2,0.3,0.3,2,2,1,0,0.841796875,0.2273375057889767,0,0.2273375057889767,0
B,B2,0.3,0.3,2,2,1,0,0.845703125,0.2171340946081934,0,0.2171340946081934,0
B,B2,0.3,0.3,2,2,1,0,0.849609375,0.2071010712717806,0,0.2071010712717806,0
B,B2,0.3,0.3,2,2,1,0,0.853515625,0.1972444792978373,0,0.1972444792978373,0
B,B2,0.3,0.3,2,2,1,0,0.857421875,0.1875702559288069,0,0.1875702559288069,0
B,B2,0.3,0.3,2,2,1,0,0.861328125,0.1780842285551044,0,0.1780842285551044,0
B,B2,0.3,0.3,2,2,1,0,0.865234375,0.1687921112049143,0,0.1687921112049143,0
B,B2,0.3,0.3,2,2,1,0,0.869140625,0.1596995011022737,0,0.1596995011022737,0
B,B2,0.3,0.3,2,2,1,0,0.873046875,0.1508118752955138,0,0.1508118752955138,0
B,B2,0.3,0.3,2,2,1,0,0.876953125,0.1421345873580906,0,0.1421345873580906,0
B,B2,0.3,0.3,2,2,1,0,0.880859375,0.1336728641637935,0,0.1336728641637935,0
B,B2,0.3,0.3,2,2,1,0,0.884765625,0.1254318027382703,0,0.1254318027382703,0
B,B2,0.3,0.3,2,2,1,0,0.888671875,0.1174163671887706,0,0.1174163671887706,0
B,B2,0.3,0.3,2,2,1,0,0.892578125,0.1096313857139528,0,0.1096313857139528,0
B,B2,0.3,0.3,2,2,1,0,0.896484375,0.1020815476955583,0,0.1020815476955583,0
B,B2,0.3,0.3,2,2,1,0,0.900390625,0.09477140087370269,0,0.09477140087370269,0
B,B2,0.3,0.3,2,2,1,0,0.904296875,0.08770534860748748,0,0.08770534860748748,0
B,B2,0.3,0.3,2,2,1,0,0.908203125,0.08088764722258113,0,0.08088764722258113,0
B,B2,0.3,0.3,2,2,1,0,0.912109375,0.07432240344736758,0,0.07432240344736758,0
B,B2,0.3,0.3,2,2,1,0,0.916015625,0.0680135719392068,0,0.0680135719392068,0
B,B2,0.3,0.3,2,2,1,0,0.919921875,0.06196495290229666,0,0.06196495290229666,0
B,B2,0.3,0.3,2,2,1,0,0.923828125,0.05618018979857301,0,0.05618018979857301,0
B,B2,0.3,0.3,2,2,1,0,0.927734375,0.05066276715302308,0,0.05066276715302308,0
B,B2,0.3,0.3,2,2,1,0,0.931640625,0.04541600845473883,0,0.04541600845473883,0
B,B2,0.3,0.3,2,2,1,0,0.935546875,0.04044307415497117,0,0.04044307415497117,0
B,B2,0.3,0.3,2,2,1,0,0.939453125,0.03574695976339227,0,0.03574695976339227,0
B,B2,0.3,0.3,2,2,1,0,0.943359375,0.0313304940437126,0,0.0313304940437126,0
B,B2,0.3,0.3,2,2,1,0,0.947265625,0.02719633730973941,0,0.02719633730973941,0
B,B2,0.3,0.3,2,2,1,0,0.951171875,0.02334697982290316,0,0.02334697982290316,0
B,B2,0.3,0.3,2,2,1,0,0.955078125,0.01978474029221718,0,0.01978474029221718,0
B,B2,0.3,0.3,2,2,1,0,0.958984375,0.01651176447757392,0,0.01651176447757392,0
B,B2,0.3,0.3,2,2,1,0,0.962890625,0.01353002389721991,0,0.01353002389721991,0
B,B2,0.3,0.3,2,2,1,0,0.966796875,0.01084131464018618,0,0.01084131464018618,0
B,B2,0.3,0.3,2,2,1,0,0.970703125,0.00844725628439184,0,0.00844725628439184,0
B,B2,0.3,0.3,2,2,1,0,0.974609375,0.006349290921070821,0,0.006349290921070821,0
B,B2,0.3,0.3,2,2,1,0,0.978515625,0.004548682286110003,0,0.004548682286110003,0
B,B2,0.3,0.3,2,2,1,0,0.982421875,0.003046514998821996,0,0.003046514998821996,0
B,B2,0.3,0.3,2,2,1,0,0.986328125,0.001843693908611011,0,0.001843693908611011,0
B,B2,0.3,0.3,2,2,1,0,0.990234375,0.0009409435499254112,0,0.0009409435499254112,0
B,B2,0.3,0.3,2,2,1,0,0.994140625,0.0003388077058252599,0,0.0003388077058252599,0
B,B2,0.3,0.3,2,2,1,0,0.998046875,3.764908042773351e-05,0,3.764908042773351e-05,0
B,B2,0.3,0.3,2,2,1,0.1,0.001953125,0.4810282810114044,0.05794875126086299,0.4230795297505414,0.1204684912475845
B,B2,0.3,0.3,2,2,1,0.1,0.005859375,0.4810397088655241,0.05796349058692199,0.4230762182786021,0.1204962698892823
B,B2,0.3,0.3,2,2,1,0.1,0.009765625,0.4810625576900593,0.05799296036060681,0.4230695973294525,0.1205518064824549
B,B2,0.3,0.3,2,2,1,0.1,0.013671875,0.4810968137217155,0.05803714283045729,0.4230596708912582,0.1206350596701897
B,B2,0.3,0.3,2,2,1,0.1,0.017578125,0.4811424563259606,0.05809601138256956,0.4230464449433911,0.1207459674754022
B,B2,0.3,0.3,2,2,1,0.1,0.021484375,0.4811994580093791,0.05816953055676113,0.4230299274526179,0.1208844473711509
B,B2,0.3,0.3,2,2,1,0.1,0.025390625,0.4812677844362976,0.05825765606781367,0.4230101283684839,0.1210503963735077
B,B2,0.3,0.3,2,2,1,0.1,0.029296875,0.4813473944494134,0.05836033483224608,0.4229870596171674,0.1212436911578201
B,B2,0.3,0.3,2,2,1,0.1,0.033203125,0.4814382400946695,0.05847750500014297,0.4229607350945265,0.1214641881971071
B,B2,0.3,0.3,2,2,1,0.1,0.037109375,0.4815402666500088,0.05860909599264206,0.4229311706573667,0.1217117239236819
B,B2,0.3,0.3,2,2,1,0.1,0.041015625,0.4816534126584678,0.05875502854421764,0.4228983841142501,0.1219861149118024
B,B2,0.3,0.3,2,2,1,0.1,0.044921875,0.4817776099651182,0.0589152147505638,0.4228623952145544,0.1222871580828121
B,B2,0.3,0.3,2,2,1,0.1,0.048828125,0.4819127837581463,0.05908955812150002,0.4228232256366463,0.122614630931133
B,B2,0.3,0.3,2,2,1,0.1,0.052734375,0.4820588526139138,0.05927795363909837,0.4227808989748155,0.12296829177116
B,B2,0.3,0.3,2,2,1,0.1,0.056640625,0.482215728546004,0.05948028782094353,0.4227354407250605,0.1233478800044346
B,B2,0.3,0.3,2,2,1,0.1,0.060546875,0.4823833170582211,0.05969643878849055,0.4226868782697306,0.1237531164065641
B,B2,0.3,0.3,2,2,1,0.1,0.064453125,0.4825615172015116,0.05992627634047952,0.4226352408610321,0.1241837034333077
B,B2,0.3,0.3,2,2,1,0.1,0.068359375,0.4827502216347733,0.06016966203136209,0.4225805596034112,0.1246393255452168
B,B2,0.3,0.3,2,2,1,0.1,0.072265625,0.4829493166895114,0.06042644925469949,0.4225228674348119,0.1251196495501985
B,B2,0.3,0.3,2,2,1,0.1,0.076171875,0.4831586824383097,0.06069648333146976,0.4224621991068399,0.1256243249632993
B,B2,0.3,0.3,2,2,1,0.1,0.080078125,0.4833781927670694,0.06097960160324301,0.4223985911638264,0.1261529843830334
B,B2,0.3,0.3,2,2,1,0.1,0.083984375,0.4836077154509767,0.06127563353015855,0.4223320819208182,0.1267052438835006
B,B2,0.3,0.3,2,2,1,0.1,0.087890625,0.4838471122341494,0.06158440079365256,0.4222627114404968,0.127280703421559
B,B2,0.3,0.3,2,2,1,0.1,0.091796875,0.4840962389129165,0.06190571740387184,0.4221905215090446,0.1278789472582703
B,B2,0.3,0.3,2,2,1,0.1,0.095703125,0.4843549454226826,0.06223938981170429,0.4221155556109784,0.1284995443938118
B,B2,0.3,0.3,2,2,1,0.1,0.099609375,0.4846230759283198,0.06258521702536871,0.4220378589029511,0.1291420490150693
B,B2,0.3,0.3,2,2,1,0.1,0.103515625,0.4849004689180372,0.062942990731483,0.4219574781865542,0.1298060009550584
B,B2,0.3,0.3,2,2,1,0.1,0.107421875,0.4851869573006706,0.06331249542054435,0.4218744618801262,0.1304909261633543
B,B2,0.3,0.3,2,2,1,0.1,0.111328125,0.4854823685063304,0.06369350851674503,0.4217888599895853,0.131196337186681
B,B2,0.3,0.3,2,2,1,0.1,0.115234375,0.4857865245903529,0.06408580051204255,0.4217007240783103,0.1319217336587998
B,B2,0.3,0.3,2,2,1,0.1,0.119140625,0.4860992423404857,0.06448913510440822,0.4216101072360774,0.1326666027988522
B,B2,0.3,0.3,2,2,1,0.1,0.123046875,0.4864203333872498,0.06490326934016467,0.4215170640470852,0.1334304199172812
B,B2,0.3,0.3,2,2,1,0.1,0.126953125,0.486749604317405,0.06532795376033383,0.4214216505570711,0.1342126489284911
B,B2,0.3,0.3,2,2,1,0.1,0.130859375,0.4870868567904547,0.0657629325509017,0.421323924239553,0.1350127428693749
B,B2,0.3,0.3,2,2,1,0.1,0.134765625,0.4874318876581207,0.06620794369690836,0.4212239439612123,0.135830144422857
B,B2,0.3,0.3,2,2,1,0.1,0.138671875,0.4877844890867089,0.06666271914028095,0.421121769946428,0.1366642864456293
B,B2,0.3,0.3,2,2,1,0.1,0.142578125,0.4881444486823038,0.06712698494129662,0.4210174637410072,0.1375145924992061
B,B2,0.3,0.3,2,2,1,0.1,0.146484375,0.4885115496187048,0.06760046144359723,0.4209110881751076,0.1383804773835154
B,B2,0.3,0.3,2,2,1,0.1,0.150390625,0.4888855707680346,0.06808286344264189,0.4208027073253927,0.139261347672185
B,B2,0.3,0.3,2,2,1,0.1,0.154296875,0.4892662868339383,0.06857390035750503,0.4206923864764333,0.1401566022487457
B,B2,0.3,0.3,2,2,1,0.1,0.158203125,0.4896534684872937,0.06907327640590985,0.4205801920813839,0.1410656328429588
B,B2,0.3,0.3,2,2,1,0.1,0.162109375,0.4900468825043506,0.06958069078239756,0.420466191721953,0.1419878245665196
B,B2,0.3,0.3,2,2,1,0.1,0.166015625,0.4904462919072159,0.0700958378395211,0.4203504540676948,0.1429225564473878
B,B2,0.3,0.3,2,2,1,0.1,0.169921875,0.4908514561065994,0.07061840727195737,0.4202330488346421,0.143869201962031
B,B2,0.3,0.3,2,2,1,0.1,0.173828125,0.4912621310467387,0.07114808430341819,0.4201140467433205,0.144827129564866
B,B2,0.3,0.3,2,2,1,0.1,0.177734375,0.4916780693524054,0.0716845498762663,0.4199935194761392,0.1457957032142654
B,B2,0.3,0.3,2,2,1,0.1,0.181640625,0.4920990204779164,0.07222748084370199,0.4198715396342144,0.1467742828944389
B,B2,0.3,0.3,2,2,1,0.1,0.185546875,0.4925247308580551,0.07277655016440984,0.4197481806936453,0.147762225132577
B,B2,0.3,0.3,2,2,1,0.1,0.189453125,0.4929549440608066,0.07333142709956295,0.4196235169612437,0.1487588835106955
B,B2,0.3,0.3,2,2,1,0.1,0.193359375,0.4933894009418245,0.07389177741204314,0.4194976235297814,0.1497636091715633
B,B2,0.3,0.3,2,2,1,0.1,0.197265625,0.4938278398005279,0.07445726356777711,0.4193705762327508,0.1507757513182178
B,B2,0.3,0.3,2,2,1,0.1,0.201171875,0.4942699965377437,0.07502754493904769,0.419242451598696,0.1517946577065161
B,B2,0.3,0.3,2,2,1,0.1,0.205078125,0.4947156048147864,0.07560227800968142,0.4191133268051049,0.1528196751302917
B,B2,0.3,0.3,2,2,1,0.1,0.208984375,0.4951643962138925,0.07618111658196657,0.4189832796319259,0.1538501498986191
B,B2,0.3,0.3,2,2,1,0.1,0.212890625,0.4956161003999038,0.07676371198519298,0.4188523884147108,0.1548854283047982
B,B2,0.3,0.3,2,2,1,0.1,0.216796875,0.4960704452831102,0.07734971328567215,0.418720731997438,0.1559248570866346
B,B2,0.3,0.3,2,2,1,0.1,0.220703125,0.4965271571831419,0.07793876749813486,0.4185883896850071,0.1569677838777054
B,B2,0.3,0.3,2,2,1,0.1,0.224609375,0.4969859609938283,0.07853051979834885,0.4184554411954794,0.1580135576492151
B,B2,0.3,0.3,2,2,1,0.1,0.228515625,0.4974465803489101,0.07912461373685464,0.4183219666120555,0.1590615291421975
B,B2,0.3,0.3,2,2,1,0.1,0.232421875,0.4979087377885108,0.07972069145367962,0.4181880463348312,0.1601110512897674
B,B2,0.3,0.3,2,2,1,0.1,0.236328125,0.4983721549262703,0.08031839389389521,0.4180537610323751,0.1611614796291691
B,B2,0.3,0.3,2,2,1,0.1,0.240234375,0.4988365526170331,0.08091736102390118,0.417919191593132,0.1622121727034367
B,B2,0.3,0.3,2,2,1,0.1,0.244140625,0.4993016511249951,0.08151723204829528,0.4177844190766998,0.1632624924524599
B,B2,0.3,0.3,2,2,1,0.1,0.248046875,0.4997671702922061,0.0821176456272035,0.4176495246650026,0.1643118045933081
B,B2,0.3,0.3,2,2,1,0.1,0.251953125,0.5002328297073272,0.08271824009393536,0.4175145896133918,0.1653594789896768
B,B2,0.3,0.3,2,2,1,0.1,0.255859375,0.500698348874539,0.08331865367284211,0.4173796952016969,0.1664048900103711
B,B2,0.3,0.3,2,2,1,0.1,0.259765625,0.5011634473825008,0.08391852469723657,0.4172449226852643,0.1674474168767296
B,B2,0.3,0.3,2,2,1,0.1,0.263671875,0.5016278450732635,0.08451749182724275,0.4171103532460207,0.1684864439989348
B,B2,0.3,0.3,2,2,1,0.1,0.267578125,0.5020912622110231,0.08511519426745832,0.4169760679435647,0.1695213613012158
B,B2,0.3,0.3,2,2,1,0.1,0.271484375,0.5025534196506243,0.08571127198428254,0.4168421476663418,0.1705515645359037
B,B2,0.3,0.3,2,2,1,0.1,0.275390625,0.5030140390057061,0.08630536592278858,0.4167086730829175,0.1715764555863808
B,B2,0.3,0.3,2,2,1,0.1,0.279296875,0.5034728428163929,0.08689711822300206,0.4165757245933909,0.172595442758949
B,B2,0.3,0.3,2,2,1,0.1,0.283203125,0.5039295547164245,0.08748617243546523,0.4164433822809593,0.1736079410636993
B,B2,0.3,0.3,2,2,1,0.1,0.287109375,0.504383899599631,0.08807217373594459,0.4163117258636865,0.1746133724844396
B,B2,0.3,0.3,2,2,1,0.1,0.291015625,0.5048356037856423,0.08865476913917153,0.4161808346464708,0.1756111662378217
B,B2,0.3,0.3,2,2,1,0.1,0.294921875,0.505284395184749,0.08923360771145623,0.4160507874732928,0.1766007590217177
B,B2,0.3,0.3,2,2,1,0.1,0.298828125,0.5057300034617916,0.08980834078209005,0.4159216626797016,0.1775815952530788
B,B2,0.3,0.3,2,2,1,0.1,0.302734375,0.5061721601990078,0.09037862215336001,0.4157935380456478,0.1785531272953189
B,B2,0.3,0.3,2,2,1,0.1,0.306640625,0.5066105990577113,0.0909441083090942,0.4156664907486171,0.1795148156754892
B,B2,0.3,0.3,2,2,1,0.1,0.310546875,0.5070450559387294,0.0915044586215743,0.4155405973171551,0.1804661292913416
B,B2,0.3,0.3,2,2,1,0.1,0.314453125,0.5074752691414807,0.09205933555672821,0.4154159335847525,0.1814065456085559
B,B2,0.3,0.3,2,2,1,0.1,0.318359375,0.5079009795216199,0.09260840487743584,0.4152925746441841,0.1823355508482412
B,B2,0.3,0.3,2,2,1,0.1,0.322265625,0.5083219306471316,0.09315133584487092,0.4151705948022607,0.1832526401650276
B,B2,0.3,0.3,2,2,1,0.1,0.326171875,0.508737868952798,0.09368780141772019,0.4150500675350778,0.1841573178158923
B,B2,0.3,0.3,2,2,1,0.1,0.330078125,0.5091485438929374,0.09421747844918135,0.414931065443756,0.1850490973200017
B,B2,0.3,0.3,2,2,1,0.1,0.333984375,0.5095537080923223,0.09474004788161582,0.4148136602107064,0.185927501609802
B,B2,0.3,0.3,2,2,1,0.1,0.337890625,0.5099531174951876,0.09525519493873973,0.4146979225564478,0.1867920631736086
B,B2,0.3,0.3,2,2,1,0.1,0.341796875,0.5103465315122446,0.09576260931522798,0.4145839221970167,0.187642324189932
B,B2,0.3,0.3,2,2,1,0.1,0.345703125,0.5107337131656006,0.09626198536363287,0.4144717278019677,0.1884778366538354
B,B2,0.3,0.3,2,2,1,0.1,0.349609375,0.5111144292315042,0.09675302227849679,0.4143614069530074,0.1892981624955719
B,B2,0.3,0.3,2,2,1,0.1,0.353515625,0.5114884503808343,0.09723542427754164,0.4142530261032927,0.1901028736917597
B,B2,0.3,0.3,2,2,1,0.1,0.357421875,0.5118555513172358,0.09770890077984215,0.4141466505373936,0.1908915523693998
B,B2,0.3,0.3,2,2,1,0.1,0.361328125,0.512215510912831,0.09817316658085816,0.4140423443319728,0.1916637909029766
B,B2,0.3,0.3,2,2,1,0.1,0.365234375,0.5125681123414201,0.09862794202422988,0.4139401703171902,0.1924191920049332
B,B2,0.3,0.3,2,2,1,0.1,0.369140625,0.512913143209086,0.09907295317023758,0.4138401900388484,0.1931573688098125
B,B2,0.3,0.3,2,2,1,0.1,0.373046875,0.5132503956821368,0.09950793196080411,0.4137424637213327,0.1938779449522934
B,B2,0.3,0.3,2,2,1,0.1,0.376953125,0.5135796666122924,0.09993261638097341,0.413647050231319,0.194580554639469
B,B2,0.3,0.3,2,2,1,0.1,0.380859375,0.5139007576590566,0.1003467506167303,0.4135540070423263,0.1952648427175595
B,B2,0.3,0.3,2,2,1,0.1,0.384765625,0.51421347540919,0.100750085209096,0.4134633902000941,0.1959304647333934
B,B2,0.3,0.3,2,2,1,0.1,0.388671875,0.5145176314932127,0.1011423772043939,0.4133752542888188,0.1965770869909015
B,B2,0.3,0.3,2,2,1,0.1,0.392578125,0.5148130426988734,0.1015233903005941,0.4132896523982793,0.1972043866028811
B,B2,0.3,0.3,2,2,1,0.1,0.396484375,0.5150995310815071,0.101892894989656,0.4132066360918511,0.197812051538313
B,B2,0.3,0.3,2,2,1,0.1,0.400390625,0.5153769240712252,0.1022506686957704,0.4131262553754548,0.1983997806654597
B,B2,0.3,0.3,2,2,1,0.1,0.404296875,0.5156450545768632,0.1025964959094344,0.4130485586674288,0.198967283791027
B,B2,0.3,0.3,2,2,1,0.1,0.408203125,0.5159037610866295,0.1029301683172673,0.4129735927693622,0.1995142816956193
B,B2,0.3,0.3,2,2,1,0.1,0.412109375,0.5161528877653976,0.103251484927486,0.4129014028379116,0.2000405061657157
B,B2,0.3,0.3,2,2,1,0.1,0.416015625,0.5163922845485701,0.1035602521909813,0.4128320323575888,0.2005457000224425
B,B2,0.3,0.3,2,2,1,0.1,0.419921875,0.5166218072324787,0.1038562841178958,0.4127655231145829,0.2010296171473085
B,B2,0.3,0.3,2,2,1,0.1,0.423828125,0.5168413175612387,0.1041394023896699,0.4127019151715688,0.201492022505207
B,B2,0.3,0.3,2,2,1,0.1,0.427734375,0.5170506833100381,0.1044094364664395,0.4126412468435987,0.2019326921647885
B,B2,0.3,0.3,2,2,1,0.1,0.431640625,0.5172497783647766,0.1046662236897775,0.4125835546749991,0.2023514133165358
B,B2,0.3,0.3,2,2,1,0.1,0.435546875,0.5174384827980397,0.104909609380659,0.4125288734173808,0.2027479842886097
B,B2,0.3,0.3,2,2,1,0.1,0.439453125,0.5176166829413307,0.1051394469326489,0.4124772360086817,0.2031222145607814
B,B2,0.3,0.3,2,2,1,0.1,0.443359375,0.517784271453549,0.1053555979001953,0.4124286735533537,0.203473924776502
B,B2,0.3,0.3,2,2,1,0.1,0.447265625,0.5179411473856398,0.1055579320820411,0.4123832153035987,0.2038029467534206
B,B2,0.3,0.3,2,2,1,0.1,0.451171875,0.5180872162414079,0.1057463275996401,0.4123408886417678,0.2041091234923784
B,B2,0.3,0.3,2,2,1,0.1,0.455078125,0.5182223900344365,0.1059206709705767,0.4123017190638598,0.2043923091851321
B,B2,0.3,0.3,2,2,1,0.1,0.458984375,0.518346587341088,0.1060808571769223,0.4122657301641657,0.2046523692209008
B,B2,0.3,0.3,2,2,1,0.1,0.462890625,0.518459733349548,0.1062267897284975,0.4122329436210505,0.2048891801918953
B,B2,0.3,0.3,2,2,1,0.1,0.466796875,0.5185617599048916,0.1063583807209901,0.4122033791839015,0.2051026298979259
B,B2,0.3,0.3,2,2,1,0.1,0.470703125,0.5186526055501374,0.106475550888906,0.4121770546612313,0.2052926173502337
B,B2,0.3,0.3,2,2,1,0.1,0.474609375,0.5187322155632661,0.1065782296533165,0.4121539859099497,0.2054590527746351
B,B2,0.3,0.3,2,2,1,0.1,0.478515625,0.5188005419901809,0.1066663551643764,0.4121341868258045,0.2056018576140871
B,B2,0.3,0.3,2,2,1,0.1,0.482421875,0.5188575436735988,0.1067398743385695,0.4121176693350294,0.2057209645307134
B,B2,0.3,0.3,2,2,1,0.1,0.486328125,0.5189031862778362,0.1067987428906969,0.4121044433871393,0.2058163174074511
B,B2,0.3,0.3,2,2,1,0.1,0.490234375,0.5189374423094957,0.1068429253605421,0.4120945169489536,0.2058878713492804
B,B2,0.3,0.3,2,2,1,0.1,0.494140625,0.5189602911340238,0.1068723951342392,0.4120878959997845,0.2059355926841789
B,B2,0.3,0.3,2,2,1,0.1,0.498046875,0.5189717189881442,0.1068871344602965,0.4120845845278477,0.2059594589637712
B,B2,0.3,0.3,2,2,1,0.1,0.501953125,0.5189717189881444,0.106887134460296,0.4120845845278485,0.2059594589637701
B,B2,0.3,0.3,2,2,1,0.1,0.505859375,0.5189602911340235,0.1068723951342389,0.4120878959997846,0.2059355926841785
B,B2,0.3,0.3,2,2,1,0.1,0.509765625,0.5189374423094949,0.1068429253605422,0.4120945169489527,0.205887871349281
B,B2,0.3,0.3,2,2,1,0.1,0.513671875,0.518903186277835,0.1067987428906971,0.412104443387138,0.205816317407452
B,B2,0.3,0.3,2,2,1,0.1,0.517578125,0.5188575436735979,0.106739874338569,0.4121176693350289,0.2057209645307128
B,B2,0.3,0.3,2,2,1,0.1,0.521484375,0.5188005419901798,0.1066663551643756,0.4121341868258042,0.205601857614086
B,B2,0.3,0.3,2,2,1,0.1,0.525390625,0.518732215563264,0.1065782296533171,0.4121539859099468,0.2054590527746372
B,B2,0.3,0.3,2,2,1,0.1,0.529296875,0.5186526055501351,0.1064755508889065,0.4121770546612286,0.2052926173502355
B,B2,0.3,0.3,2,2,1,0.1,0.533203125,0.5185617599048894,0.1063583807209901,0.4122033791838993,0.2051026298979268
B,B2,0.3,0.3,2,2,1,0.1,0.537109375,0.5184597333495458,0.1062267897284973,0.4122329436210485,0.2048891801918956
B,B2,0.3,0.3,2,2,1,0.1,0.541015625,0.5183465873410855,0.106080857176922,0.4122657301641635,0.2046523692209013
B,B2,0.3,0.3,2,2,1,0.1,0.544921875,0.5182223900344342,0.105920670970576,0.4123017190638582,0.2043923091851317
B,B2,0.3,0.3,2,2,1,0.1,0.548828125,0.5180872162414051,0.1057463275996394,0.4123408886417657,0.2041091234923782
B,B2,0.3,0.3,2,2,1,0.1,0.552734375,0.5179411473856359,0.1055579320820419,0.412383215303594,0.2038029467534236
B,B2,0.3,0.3,2,2,1,0.1,0.556640625,0.5177842714535457,0.1053555979001949,0.4124286735533508,0.2034739247765024
B,B2,0.3,0.3,2,2,1,0.1,0.560546875,0.5176166829413273,0.1051394469326478,0.4124772360086795,0.2031222145607806
B,B2,0.3,0.3,2,2,1,0.1,0.564453125,0.5174384827980352,0.1049096093806598,0.4125288734173754,0.202747984288613
B,B2,0.3,0.3,2,2,1,0.1,0.568359375,0.5172497783647719,0.1046662236897782,0.4125835546749937,0.202351413316539
B,B2,0.3,0.3,2,2,1,0.1,0.572265625,0.5170506833100335,0.1044094364664396,0.4126412468435939,0.2019326921647905
B,B2,0.3,0.3,2,2,1,0.1,0.576171875,0.5168413175612339,0.1041394023896698,0.412701915171564,0.2014920225052087
B,B2,0.3,0.3,2,2,1,0.1,0.580078125,0.5166218072324741,0.103856284117895,0.4127655231145791,0.2010296171473087
B,B2,0.3,0.3,2,2,1,0.1,0.583984375,0.5163922845485658,0.1035602521909798,0.412832032357586,0.2005457000224413
B,B2,0.3,0.3,2,2,1,0.1,0.587890625,0.516152887765392,0.1032514849274859,0.4129014028379061,0.2000405061657178
B,B2,0.3,0.3,2,2,1,0.1,0.591796875,0.5159037610866239,0.1029301683172668,0.4129735927693572,0.1995142816956205
B,B2,0.3,0.3,2,2,1,0.1,0.595703125,0.5156450545768569,0.1025964959094341,0.4130485586674228,0.198967283791029
B,B2,0.3,0.3,2,2,1,0.1,0.599609375,0.5153769240712192,0.1022506686957695,0.4131262553754497,0.1983997806654603
B,B2,0.3,0.3,2,2,1,0.1,0.603515625,0.515099531081501,0.101892894989655,0.413206636091846,0.1978120515383135
B,B2,0.3,0.3,2,2,1,0.1,0.607421875,0.5148130426988663,0.1015233903005943,0.413289652398272,0.197204386602884
B,B2,0.3,0.3,2,2,1,0.1,0.611328125,0.5145176314932056,0.1011423772043935,0.4133752542888121,0.1965770869909035
B,B2,0.3,0.3,2,2,1,0.1,0.615234375,0.5142134754091831,0.1007500852090949,0.4134633902000882,0.195930464733394
B,B2,0.3,0.3,2,2,1,0.1,0.619140625,0.5139007576590491,0.1003467506167299,0.4135540070423191,0.1952648427175615
B,B2,0.3,0.3,2,2,1,0.1,0.623046875,0.5135796666122839,0.09993261638097374,0.4136470502313102,0.1945805546394728
B,B2,0.3,0.3,2,2,1,0.1,0.626953125,0.5132503956821285,0.09950793196080363,0.4137424637213248,0.1938779449522956
B,B2,0.3,0.3,2,2,1,0.1,0.630859375,0.5129131432090781,0.09907295317023569,0.4138401900388424,0.1931573688098117
B,B2,0.3,0.3,2,2,1,0.1,0.634765625,0.5125681123414111,0.09862794202422924,0.4139401703171818,0.1924191920049353
B,B2,0.3,0.3,2,2,1,0.1,0.638671875,0.5122155109128214,0.09817316658085792,0.4140423443319634,0.1916637909029797
B,B2,0.3,0.3,2,2,1,0.1,0.642578125,0.5118555513172257,0.09770890077984173,0.414146650537384,0.1908915523694028
B,B2,0.3,0.3,2,2,1,0.1,0.646484375,0.5114884503808245,0.09723542427754038,0.4142530261032841,0.1901028736917609
B,B2,0.3,0.3,2,2,1,0.1,0.650390625,0.5111144292314943,0.096753022278495,0.4143614069529993,0.1892981624955721
B,B2,0.3,0.3,2,2,1,0.1,0.654296875,0.5107337131655896,0.09626198536363235,0.4144717278019572,0.1884778366538384
B,B2,0.3,0.3,2,2,1,0.1,0.658203125,0.5103465315122335,0.09576260931522758,0.414583922197006,0.1876423241899353
B,B2,0.3,0.3,2,2,1,0.1,0.662109375,0.5099531174951752,0.09525519493874066,0.4146979225564346,0.1867920631736149
B,B2,0.3,0.3,2,2,1,0.1,0.666015625,0.5095537080923099,0.09474004788161587,0.414813660210694,0.1859275016098066
B,B2,0.3,0.3,2,2,1,0.1,0.669921875,0.5091485438929254,0.09421747844918014,0.4149310654437453,0.1850490973200037
B,B2,0.3,0.3,2,2,1,0.1,0.673828125,0.5087378689527859,0.09368780141771861,0.4150500675350673,0.1841573178158936
B,B2,0.3,0.3,2,2,1,0.1,0.677734375,0.5083219306471183,0.09315133584487087,0.4151705948022474,0.1832526401650323
B,B2,0.3,0.3,2,2,1,0.1,0.681640625,0.5079009795216065,0.09260840487743517,0.4152925746441714,0.1823355508482447
B,B2,0.3,0.3,2,2,1,0.1,0.685546875,0.507475269141467,0.09205933555672736,0.4154159335847397,0.1814065456085591
B,B2,0.3,0.3,2,2,1,0.1,0.689453125,0.5070450559387151,0.09150445862157394,0.4155405973171411,0.180466129291346
B,B2,0.3,0.3,2,2,1,0.1,0.693359375,0.5066105990576968,0.0909441083090933,0.4156664907486035,0.1795148156754925
B,B2,0.3,0.3,2,2,1,0.1,0.697265625,0.506172160198993,0.09037862215335912,0.4157935380456339,0.1785531272953224
B,B2,0.3,0.3,2,2,1,0.1,0.701171875,0.5057300034617761,0.0898083407820896,0.4159216626796865,0.1775815952530834
B,B2,0.3,0.3,2,2,1,0.1,0.705078125,0.5052843951847332,0.08923360771145529,0.4160507874732779,0.1766007590217213
B,B2,0.3,0.3,2,2,1,0.1,0.708984375,0.5048356037856263,0.08865476913917068,0.4161808346464556,0.1756111662378256
B,B2,0.3,0.3,2,2,1,0.1,0.712890625,0.5043838995996149,0.08807217373594339,0.4163117258636715,0.1746133724844429
B,B2,0.3,0.3,2,2,1,0.1,0.716796875,0.5039295547164082,0.0874861724354638,0.4164433822809444,0.173607941063702
B,B2,0.3,0.3,2,2,1,0.1,0.720703125,0.5034728428163759,0.08689711822300115,0.4165757245933748,0.172595442758953
B,B2,0.3,0.3,2,2,1,0.1,0.724609375,0.5030140390056889,0.08630536592278738,0.4167086730829015,0.1715764555863843
B,B2,0.3,0.3,2,2,1,0.1,0.728515625,0.5025534196506061,0.08571127198428218,0.4168421476663239,0.1705515645359091
B,B2,0.3,0.3,2,2,1,0.1,0.732421875,0.5020912622110045,0.08511519426745753,0.416976067943547,0.1695213613012205
B,B2,0.3,0.3,2,2,1,0.1,0.736328125,0.501627845073245,0.08451749182724115,0.4171103532460038,0.1684864439989378
B,B2,0.3,0.3,2,2,1,0.1,0.740234375,0.5011634473824816,0.08391852469723525,0.4172449226852464,0.1674474168767334
B,B2,0.3,0.3,2,2,1,0.1,0.744140625,0.5006983488745188,0.08331865367284168,0.4173796952016771,0.166404890010377
B,B2,0.3,0.3,2,2,1,0.1,0.748046875,0.5002328297073073,0.08271824009393361,0.4175145896133737,0.1653594789896799
B,B2,0.3,0.3,2,2,1,0.1,0.751953125,0.499767170292186,0.08211764562720106,0.417649524664985,0.1643118045933098
B,B2,0.3,0.3,2,2,1,0.1,0.755859375,0.4993016511249739,0.08151723204829379,0.4177844190766801,0.1632624924524639
B,B2,0.3,0.3,2,2,1,0.1,0.759765625,0.4988365526170111,0.08091736102390029,0.4179191915931108,0.1622121727034421
B,B2,0.3,0.3,2,2,1,0.1,0.763671875,0.4983721549262481,0.08031839389389381,0.4180537610323543,0.1611614796291735
B,B2,0.3,0.3,2,2,1,0.1,0.767578125,0.4979087377884882,0.07972069145367787,0.4181880463348103,0.1601110512897712
B,B2,0.3,0.3,2,2,1,0.1,0.771484375,0.4974465803488869,0.07912461373685299,0.418321966612034,0.1590615291422016
B,B2,0.3,0.3,2,2,1,0.1,0.775390625,0.4969859609938047,0.07853051979834702,0.4184554411954576,0.1580135576492189
B,B2,0.3,0.3,2,2,1,0.1,0.779296875,0.4965271571831176,0.07793876749813312,0.4185883896849845,0.1569677838777095
B,B2,0.3,0.3,2,2,1,0.1,0.783203125,0.4960704452830855,0.07734971328567015,0.4187207319974154,0.1559248570866383
B,B2,0.3,0.3,2,2,1,0.1,0.787109375,0.4956161003998786,0.07676371198519077,0.4188523884146879,0.1548854283048016
B,B2,0.3,0.3,2,2,1,0.1,0.791015625,0.4951643962138663,0.07618111658196512,0.4189832796319012,0.1538501498986243
B,B2,0.3,0.3,2,2,1,0.1,0.794921875,0.4947156048147601,0.07560227800967906,0.4191133268050811,0.152819675130295
B,B2,0.3,0.3,2,2,1,0.1,0.798828125,0.4942699965377168,0.0750275449390457,0.4192424515986711,0.1517946577065203
B,B2,0.3,0.3,2,2,1,0.1,0.802734375,0.4938278398005008,0.07445726356777495,0.4193705762327258,0.1507757513182217
B,B2,0.3,0.3,2,2,1,0.1,0.806640625,0.4933894009417963,0.07389177741204196,0.4194976235297543,0.1497636091715694
B,B2,0.3,0.3,2,2,1,0.1,0.810546875,0.4929549440607777,0.07333142709956175,0.419623516961216,0.1487588835107018
B,B2,0.3,0.3,2,2,1,0.1,0.814453125,0.4925247308580262,0.07277655016440762,0.4197481806936185,0.1477622251325812
B,B2,0.3,0.3,2,2,1,0.1,0.818359375,0.4920990204778869,0.0722274808436995,0.4198715396341874,0.1467742828944426
B,B2,0.3,0.3,2,2,1,0.1,0.822265625,0.4916780693523752,0.07168454987626409,0.4199935194761111,0.1457957032142699
B,B2,0.3,0.3,2,2,1,0.1,0.826171875,0.4912621310467082,0.07114808430341531,0.4201140467432929,0.1448271295648691
B,B2,0.3,0.3,2,2,1,0.1,0.830078125,0.4908514561065686,0.07061840727195451,0.420233048834614,0.1438692019620343
B,B2,0.3,0.3,2,2,1,0.1,0.833984375,0.490446291907184,0.07009583783951902,0.420350454067665,0.1429225564473929
B,B2,0.3,0.3,2,2,1,0.1,0.837890625,0.4900468825043183,0.06958069078239525,0.420466191721923,0.1419878245665242
B,B2,0.3,0.3,2,2,1,0.1,0.841796875,0.4896534684872608,0.06907327640590728,0.4205801920813535,0.141065632842963
B,B2,0.3,0.3,2,2,1,0.1,0.845703125,0.4892662868339049,0.06857390035750209,0.4206923864764028,0.1401566022487493
B,B2,0.3,0.3,2,2,1,0.1,0.849609375,0.4888855707680005,0.0680828634426392,0.4208027073253613,0.1392613476721892
B,B2,0.3,0.3,2,2,1,0.1,0.853515625,0.4885115496186699,0.06760046144359456,0.4209110881750753,0.1383804773835198
B,B2,0.3,0.3,2,2,1,0.1,0.857421875,0.4881444486822679,0.06712698494129447,0.4210174637409734,0.1375145924992118
B,B2,0.3,0.3,2,2,1,0.1,0.861328125,0.4877844890866726,0.06666271914027799,0.4211217699463946,0.1366642864456335
B,B2,0.3,0.3,2,2,1,0.1,0.865234375,0.4874318876580837,0.06620794369690546,0.4212239439611782,0.1358301444228614
B,B2,0.3,0.3,2,2,1,0.1,0.869140625,0.4870868567904169,0.06576293255089896,0.4213239242395179,0.1350127428693798
B,B2,0.3,0.3,2,2,1,0.1,0.873046875,0.4867496043173666,0.06532795376033083,0.4214216505570358,0.1342126489284955
B,B2,0.3,0.3,2,2,1,0.1,0.876953125,0.4864203333872109,0.06490326934016152,0.4215170640470494,0.1334304199172854
B,B2,0.3,0.3,2,2,1,0.1,0.880859375,0.4860992423404459,0.06448913510440532,0.4216101072360405,0.1326666027988571
B,B2,0.3,0.3,2,2,1,0.1,0.884765625,0.4857865245903125,0.06408580051203937,0.4217007240782731,0.1319217336588042
B,B2,0.3,0.3,2,2,1,0.1,0.888671875,0.4854823685062892,0.06369350851674191,0.4217888599895473,0.1311963371866857
B,B2,0.3,0.3,2,2,1,0.1,0.892578125,0.4851869573006285,0.06331249542054135,0.4218744618800871,0.1304909261633594
B,B2,0.3,0.3,2,2,1,0.1,0.896484375,0.4849004689179946,0.06294299073147959,0.421957478186515,0.1298060009550628
B,B2,0.3,0.3,2,2,1,0.1,0.900390625,0.4846230759282762,0.06258521702536554,0.4220378589029107,0.1291420490150743
B,B2,0.3,0.3,2,2,1,0.1,0.904296875,0.4843549454226385,0.06223938981170086,0.4221155556109377,0.1284995443938164
B,B2,0.3,0.3,2,2,1,0.1,0.908203125,0.4840962389128718,0.06190571740386826,0.4221905215090035,0.1278789472582747
B,B2,0.3,0.3,2,2,1,0.1,0.912109375,0.483847112234104,0.06158440079364884,0.4222627114404552,0.1272807034215633
B,B2,0.3,0.3,2,2,1,0.1,0.916015625,0.4836077154509306,0.06127563353015469,0.4223320819207759,0.1267052438835047
B,B2,0.3,0.3,2,2,1,0.1,0.919921875,0.4833781927670225,0.06097960160323938,0.4223985911637831,0.1261529843830381
B,B2,0.3,0.3,2,2,1,0.1,0.923828125,0.4831586824382622,0.06069648333146582,0.4224621991067963,0.1256243249633035
B,B2,0.3,0.3,2,2,1,0.1,0.927734375,0.4829493166894633,0.06042644925469508,0.4225228674347682,0.1251196495502018
B,B2,0.3,0.3,2,2,1,0.1,0.931640625,0.4827502216347243,0.06016966203135788,0.4225805596033664,0.1246393255452208
B,B2,0.3,0.3,2,2,1,0.1,0.935546875,0.4825615172014616,0.05992627634047538,0.4226352408609862,0.124183703433312
B,B2,0.3,0.3,2,2,1,0.1,0.939453125,0.4823833170581699,0.05969643878848657,0.4226868782696834,0.123753116406569
B,B2,0.3,0.3,2,2,1,0.1,0.943359375,0.4822157285459517,0.05948028782093964,0.4227354407250121,0.1233478800044399
B,B2,0.3,0.3,2,2,1,0.1,0.947265625,0.4820588526138608,0.05927795363909415,0.4227808989747666,0.1229682917711648
B,B2,0.3,0.3,2,2,1,0.1,0.951171875,0.4819127837580928,0.0590895581214951,0.4228232256365977,0.1226146309311364
B,B2,0.3,0.3,2,2,1,0.1,0.955078125,0.4817776099650637,0.05891521475055909,0.4228623952145046,0.1222871580828161
B,B2,0.3,0.3,2,2,1,0.1,0.958984375,0.4816534126584124,0.05875502854421288,0.4228983841141996,0.1219861149118066
B,B2,0.3,0.3,2,2,1,0.1,0.962890625,0.4815402666499526,0.05860909599263746,0.4229311706573151,0.1217117239236866
B,B2,0.3,0.3,2,2,1,0.1,0.966796875,0.4814382400946088,0.05847750500014511,0.4229607350944637,0.1214641881971269
B,B2,0.3,0.3,2,2,1,0.1,0.970703125,0.4813473944493631,0.05836033483222897,0.4229870596171342,0.1212436911577972
B,B2,0.3,0.3,2,2,1,0.1,0.974609375,0.481267784436235,0.05825765606781757,0.4230101283684174,0.1210503963735315
B,B2,0.3,0.3,2,2,1,0.1,0.978515625,0.4811994580093195,0.05816953055675889,0.4230299274525606,0.1208844473711612
B,B2,0.3,0.3,2,2,1,0.1,0.982421875,0.4811424563259014,0.05809601138256577,0.4230464449433356,0.1207459674754092
B,B2,0.3,0.3,2,2,1,0.1,0.986328125,0.4810968137216639,0.05803714283043861,0.4230596708912253,0.1206350596701638
B,B2,0.3,0.3,2,2,1,0.1,0.990234375,0.4810625576900044,0.05799296036059311,0.4230695973294113,0.1205518064824401
B,B2,0.3,0.3,2,2,1,0.1,0.994140625,0.481039708865476,0.05796349058689628,0.4230762182785798,0.1204962698892409
B,B2,0.3,0.3,2,2,1,0.1,0.998046875,0.4810282810113412,0.0579487512608643,0.4230795297504769,0.1204684912476031
B,B2,0.3,0.3,2,2,1,0.5,0.001953125,0.502272031412595,0.2129677809124884,0.2893042505001066,0.4240088390220249
B,B2,0.3,0.3,2,2,1,0.5,0.005859375,0.502270662825816,0.2129697068860843,0.2893009559397317,0.4240138288943638
B,B2,0.3,0.3,2,2,1,0.5,0.009765625,0.5022679264767635,0.2129735576729312,0.2892943688038324,0.4240238057143472
B,B2,0.3,0.3,2,2,1,0.5,0.013671875,0.5022638240134665,0.2129793309538885,0.289284493059578,0.4240387636362561
B,B2,0.3,0.3,2,2,1,0.5,0.017578125,0.5022583579073978,0.2129870232508176,0.2892713346565802,0.4240586938925293
B,B2,0.3,0.3,2,2,1,0.5,0.021484375,0.5022515314508563,0.2129966299306567,0.2892549015201996,0.4240835848033602
B,B2,0.3,0.3,2,2,1,0.5,0.025390625,0.5022433487559972,0.2130081452064328,0.2892352035495644,0.4241134217785683
B,B2,0.3,0.3,2,2,1,0.5,0.029296875,0.5022338147515109,0.2130215621422273,0.2892122526092836,0.4241481873290899
B,B2,0.3,0.3,2,2,1,0.5,0.033203125,0.502222935180872,0.2130368726552225,0.2891860625256495,0.4241878610710975
B,B2,0.3,0.3,2,2,1,0.5,0.037109375,0.502210716596989,0.2130540675238797,0.2891566490731093,0.4242324197451366
B,B2,0.3,0.3,2,2,1,0.5,0.041015625,0.5021971663601457,0.213073136390188,0.2891240299699577,0.4242818372204528
B,B2,0.3,0.3,2,2,1,0.5,0.044921875,0.5021822926324415,0.2130940677678744,0.2890882248645671,0.4243360845139212
B,B2,0.3,0.3,2,2,1,0.5,0.048828125,0.5021661043732576,0.2131168490486526,0.289049255324605,0.4243951298039898
B,B2,0.3,0.3,2,2,1,0.5,0.052734375,0.5021486113337947,0.2131414665099338,0.2890071448238609,0.4244589384481074
B,B2,0.3,0.3,2,2,1,0.5,0.056640625,0.5021298240512052,0.2131679053230808,0.2889619187281244,0.4245274730013702
B,B2,0.3,0.3,2,2,1,0.5,0.060546875,0.5021097538422478,0.213196149562337,0.2889136042799108,0.4246006932367196
B,B2,0.3,0.3,2,2,1,0.5,0.064453125,0.5020884127964612,0.213226182214437,0.2888622305820242,0.4246785561667116
B,B2,0.3,0.3,2,2,1,0.5,0.068359375,0.5020658137688961,0.2132579851888298,0.2888078285800664,0.4247610160666978
B,B2,0.3,0.3,2,2,1,0.5,0.072265625,0.5020419703723603,0.2132915393285951,0.2887504310437652,0.4248480244996221
B,B2,0.3,0.3,2,2,1,0.5,0.076171875,0.5020168969692296,0.2133268244219648,0.2886900725472648,0.4249395303422235
B,B2,0.3,0.3,2,2,1,0.5,0.080078125,0.5019906086627787,0.2133638192145275,0.2886267894482512,0.4250354798128476
B,B2,0.3,0.3,2,2,1,0.5,0.083984375,0.5019631212880999,0.2134025014220047,0.2885606198660952,0.4251358165005973
B,B2,0.3,0.3,2,2,1,0.5,0.087890625,0.5019344514025653,0.2134428477436718,0.2884916036588935,0.4252404813960155
B,B2,0.3,0.3,2,2,1,0.5,0.091796875,0.5019046162758365,0.2134848338764227,0.2884197823994138,0.425349412923303
B,B2,0.3,0.3,2,2,1,0.5,0.095703125,0.5018736338794821,0.213528434529374,0.2883451993501082,0.4254625469738261
B,B2,0.3,0.3,2,2,1,0.5,0.099609375,0.5018415228761393,0.2135736234391225,0.2882678994370168,0.4255798169412041
B,B2,0.3,0.3,2,2,1,0.5,0.103515625,0.5018083026082703,0.2136203733855683,0.2881879292227019,0.425701153757769
B,B2,0.3,0.3,2,2,1,0.5,0.107421875,0.5017739930865289,0.21366865620828,0.2881053368782489,0.4258264859323503
B,B2,0.3,0.3,2,2,1,0.5,0.111328125,0.5017386149776811,0.2137184428235035,0.2880201721541776,0.4259557395896474
B,B2,0.3,0.3,2,2,1,0.5,0.115234375,0.501702189592187,0.2137697032416247,0.2879324863505623,0.4260888385107294
B,B2,0.3,0.3,2,2,1,0.5,0.119140625,0.5016647388713258,0.2138224065853041,0.2878423322860216,0.4262257041752109
B,B2,0.3,0.3,2,2,1,0.5,0.123046875,0.5016262853740193,0.2138765211080044,0.2877497642660149,0.4263662558044286
B,B2,0.3,0.3,2,2,1,0.5,0.126953125,0.5015868522632113,0.2139320142131695,0.2876548380500418,0.4265104104062664
B,B2,0.3,0.3,2,2,1,0.5,0.130859375,0.5015464632919366,0.2139888524738218,0.2875576108181148,0.426658082821062
B,B2,0.3,0.3,2,2,1,0.5,0.134765625,0.5015051427889999,0.214047001652721,0.287458141136279,0.4268091857689638
B,B2,0.3,0.3,2,2,1,0.5,0.138671875,0.5014629156443265,0.2141064267229772,0.2873564889213494,0.4269636298984805
B,B2,0.3,0.3,2,2,1,0.5,0.142578125,0.5014198072939703,0.2141670918891484,0.2872527154048219,0.4271213238363108
B,B2,0.3,0.3,2,2,1,0.5,0.146484375,0.5013758437047896,0.2142289606088066,0.287146883095983,0.4272821742384236
B,B2,0.3,0.3,2,2,1,0.5,0.150390625,0.5013310513588055,0.2142919956145508,0.2870390557442548,0.4274460858423484
B,B2,0.3,0.3,2,2,1,0.5,0.154296875,0.5012854572372566,0.2143561589364432,0.2869292983008134,0.4276129615206236
B,B2,0.3,0.3,2,2,1,0.5,0.158203125,0.5012390888043319,0.2144214119249063,0.2868176768794256,0.4277827023355111
B,B2,0.3,0.3,2,2,1,0.5,0.162109375,0.5011919739906406,0.2144877152739816,0.286704258716659,0.427955207594739
B,B2,0.3,0.3,2,2,1,0.5,0.166015625,0.5011441411763902,0.2145550290450017,0.2865891121313885,0.4281303749084112
B,B2,0.3,0.3,2,2,1,0.5,0.169921875,0.5010956191742755,0.2146233126906743,0.2864723064836012,0.4283081002470922
B,B2,0.3,0.3,2,2,1,0.5,0.173828125,0.5010464372121366,0.2146925250794841,0.2863539121326525,0.4284882780008393
B,B2,0.3,0.3,2,2,1,0.5,0.177734375,0.5009966249153514,0.2147626245204707,0.2862340003948807,0.4286708010393425
B,B2,0.3,0.3,2,2,1,0.5,0.181640625,0.5009462122889806,0.2148335687883595,0.2861126435006211,0.4288555607731167
B,B2,0.3,0.3,2,2,1,0.5,0.185546875,0.5008952296997082,0.2149053151489714,0.2859899145507368,0.4290424472155771
B,B2,0.3,0.3,2,2,1,0.5,0.189453125,0.5008437078575374,0.2149778203849855,0.2858658874725519,0.4292313490461877
B,B2,0.3,0.3,2,2,1,0.5,0.193359375,0.5007916777973014,0.2150510408219552,0.2857406369753461,0.4294221536744436
B,B2,0.3,0.3,2,2,1,0.5,0.197265625,0.5007391708599613,0.2151249323546298,0.2856142385053316,0.4296147473048247
B,B2,0.3,0.3,2,2,1,0.5,0.201171875,0.500686218673737,0.2151994504735062,0.2854867682002308,0.429809015002542
B,B2,0.3,0.3,2,2,1,0.5,0.205078125,0.5006328531350387,0.2152745502916673,0.2853583028433714,0.4300048407602208
B,B2,0.3,0.3,2,2,1,0.5,0.208984375,0.5005791063892775,0.2153501865717804,0.2852289198174971,0.4302021075652175
B,B2,0.3,0.3,2,2,1,0.5,0.212890625,0.5005250108114787,0.2154263137533869,0.2850986970580918,0.4304006974678966
B,B2,0.3,0.3,2,2,1,0.5,0.216796875,0.5004705989867988,0.2155028859803133,0.2849677130064855,0.4306004916504549
B,B2,0.3,0.3,2,2,1,0.5,0.220703125,0.5004159036908842,0.2155798571283171,0.284836046562567,0.4308013704965793
B,B2,0.3,0.3,2,2,1,0.5,0.224609375,0.5003609578701373,0.2156571808328545,0.2847037770372828,0.4310032136616577
B,B2,0.3,0.3,2,2,1,0.5,0.228515625,0.5003057946218681,0.2157348105170138,0.2845709841048543,0.4312059001436642
B,B2,0.3,0.3,2,2,1,0.5,0.232421875,0.5002504471743499,0.2158126994195844,0.2844377477547654,0.4314093083546376
B,B2,0.3,0.3,2,2,1,0.5,0.236328125,0.5001949488668171,0.2158908006232007,0.2843041482436165,0.4316133161926115
B,B2,0.3,0.3,2,2,1,0.5,0.240234375,0.5001393331293773,0.2159690670826141,0.2841702660467632,0.4318178011141282
B,B2,0.3,0.3,2,2,1,0.5,0.244140625,0.5000836334628688,0.2160474516530404,0.2840361818098284,0.4320226402072044
B,B2,0.3,0.3,2,2,1,0.5,0.248046875,0.5000278834186898,0.2161259071185413,0.2839019763001485,0.4322277102646533
B,B2,0.3,0.3,2,2,1,0.5,0.251953125,0.4999721165785811,0.2162043862204805,0.2837677303581007,0.4324328878578559
B,B2,0.3,0.3,2,2,1,0.5,0.255859375,0.4999163665344013,0.2162828416859829,0.2836335248484184,0.4326380494108101
B,B2,0.3,0.3,2,2,1,0.5,0.259765625,0.49986066686789,0.2163612262564139,0.2834994406114761,0.4328430712744933
B,B2,0.3,0.3,2,2,1,0.5,0.263671875,0.4998050511304517,0.2164394927158247,0.283365558414627,0.4330478298014098
B,B2,0.3,0.3,2,2,1,0.5,0.267578125,0.4997495528229206,0.2165175939194383,0.2832319589034823,0.433252201420495
B,B2,0.3,0.3,2,2,1,0.5,0.271484375,0.4996942053754035,0.2165954828220068,0.2830987225533966,0.4334560627119659
B,B2,0.3,0.3,2,2,1,0.5,0.275390625,0.4996390421271332,0.2166731125061684,0.2829659296209648,0.4336592904824196
B,B2,0.3,0.3,2,2,1,0.5,0.279296875,0.499584096306387,0.2167504362107049,0.2828336600956821,0.4338617618399431
B,B2,0.3,0.3,2,2,1,0.5,0.283203125,0.4995294010104722,0.2168274073587093,0.2827019936517629,0.434063354269239
B,B2,0.3,0.3,2,2,1,0.5,0.287109375,0.4994749891857928,0.2169039795856349,0.2825710096001579,0.4342639457067024
B,B2,0.3,0.3,2,2,1,0.5,0.291015625,0.4994208936079939,0.2169801067672416,0.2824407868407522,0.4344634146154766
B,B2,0.3,0.3,2,2,1,0.5,0.294921875,0.4993671468622322,0.2170557430473557,0.2823114038148765,0.4346616400602703
B,B2,0.3,0.3,2,2,1,0.5,0.298828125,0.4993137813235342,0.2171308428655167,0.2821829384580175,0.4348585017821192
B,B2,0.3,0.3,2,2,1,0.5,0.302734375,0.4992608291373068,0.2172053609843986,0.2820554681529083,0.4350538802727956
B,B2,0.3,0.3,2,2,1,0.5,0.306640625,0.4992083221999675,0.2172792525170724,0.281929069682895,0.435247656849032
B,B2,0.3,0.3,2,2,1,0.5,0.310546875,0.4991562921397346,0.217352472954037,0.2818038191856975,0.4354397137263594
B,B2,0.3,0.3,2,2,1,0.5,0.314453125,0.4991047702975628,0.217424978190053,0.2816797921075098,0.435629934092647
B,B2,0.3,0.3,2,2,1,0.5,0.318359375,0.4990537877082921,0.2174967245506624,0.2815570631576297,0.4358182021810323
B,B2,0.3,0.3,2,2,1,0.5,0.322265625,0.4990033750819197,0.2175676688185545,0.2814357062633652,0.4360044033426371
B,B2,0.3,0.3,2,2,1,0.5,0.326171875,0.4989535627851341,0.2176377682595424,0.2813157945255917,0.4361884241184674
B,B2,0.3,0.3,2,2,1,0.5,0.330078125,0.4989043808229974,0.2177069806483488,0.2811974001746486,0.4363701523109846
B,B2,0.3,0.3,2,2,1,0.5,0.333984375,0.4988558588208829,0.2177752642940214,0.2810805945268615,0.4365494770548839
B,B2,0.3,0.3,2,2,1,0.5,0.337890625,0.4988080260066308,0.2178425780650448,0.280965447941586,0.4367262888872381
B,B2,0.3,0.3,2,2,1,0.5,0.341796875,0.4987609111929441,0.2179088814141127,0.2808520297788313,0.4369004798169024
B,B2,0.3,0.3,2,2,1,0.5,0.345703125,0.4987145427600179,0.2179741344025789,0.280740408357439,0.4370719433932135
B,B2,0.3,0.3,2,2,1,0.5,0.349609375,0.4986689486384681,0.2180382977244733,0.2806306509139948,0.4372405747736856
B,B2,0.3,0.3,2,2,1,0.5,0.353515625,0.4986241562924825,0.2181013327302208,0.2805228235622617,0.4374062707910348
B,B2,0.3,0.3,2,2,1,0.5,0.357421875,0.4985801927033022,0.218163201449879,0.2804169912534232,0.4375689300190566
B,B2,0.3,0.3,2,2,1,0.5,0.361328125,0.4985370843529465,0.2182238666160498,0.2803132177368968,0.4377284528377332
B,B2,0.3,0.3,2,2,1,0.5,0.365234375,0.4984948572082743,0.2182832916863044,0.2802115655219699,0.437884741497151
B,B2,0.3,0.3,2,2,1,0.5,0.369140625,0.4984535367053395,0.218341440865201,0.2801120958401385,0.438037700180415
B,B2,0.3,0.3,2,2,1,0.5,0.373046875,0.4984131477340651,0.2183982791258535,0.2800148686082116,0.4381872350654418
B,B2,0.3,0.3,2,2,1,0.5,0.376953125,0.4983737146232578,0.2184537722310182,0.2799199423922396,0.4383332543855304
B,B2,0.3,0.3,2,2,1,0.5,0.380859375,0.4983352611259509,0.2185078867537197,0.2798273743722313,0.4384756684887552
B,B2,0.3,0.3,2,2,1,0.5,0.384765625,0.4982978104050906,0.2185605900973984,0.2797372203076922,0.4386143898961142
B,B2,0.3,0.3,2,2,1,0.5,0.388671875,0.4982613850195938,0.2186118505155251,0.2796495345040687,0.4387493333582901
B,B2,0.3,0.3,2,2,1,0.5,0.392578125,0.4982260069107477,0.2186616371307463,0.2795643697800014,0.4388804159111618
B,B2,0.3,0.3,2,2,1,0.5,0.396484375,0.4981916973890082,0.2187099199534556,0.2794817774355526,0.4390075569297938
B,B2,0.3,0.3,2,2,1,0.5,0.400390625,0.49815847712114,0.2187566698999006,0.2794018072212394,0.4391306781811611
B,B2,0.3,0.3,2,2,1,0.5,0.404296875,0.4981263661177945,0.2188018588096547,0.2793245073081398,0.4392497038751678
B,B2,0.3,0.3,2,2,1,0.5,0.408203125,0.498095383721439,0.2188454594626086,0.2792499242588304,0.4393645607143359
B,B2,0.3,0.3,2,2,1,0.5,0.412109375,0.4980655485947118,0.2188874455953576,0.2791781029993542,0.4394751779418328
B,B2,0.3,0.3,2,2,1,0.5,0.416015625,0.4980368787091776,0.2189277919170249,0.2791090867921527,0.4395814873879351
B,B2,0.3,0.3,2,2,1,0.5,0.419921875,0.498009391334502,0.2189664741244975,0.2790429172100045,0.439683423514844
B,B2,0.3,0.3,2,2,1,0.5,0.423828125,0.497983103028052,0.2190034689170599,0.2789796341109921,0.439780923459813
B,B2,0.3,0.3,2,2,1,0.5,0.427734375,0.4979580296249178,0.2190387540104365,0.2789192756144812,0.4398739270765961
B,B2,0.3,0.3,2,2,1,0.5,0.431640625,0.497934186228384,0.2190723081501993,0.2788618780781847,0.4399623769750946
B,B2,0.3,0.3,2,2,1,0.5,0.435546875,0.4979115872008212,0.2191041111245893,0.2788074760762319,0.4400462185593176
B,B2,0.3,0.3,2,2,1,0.5,0.439453125,0.4978902461550352,0.2191341437766897,0.2787561023783455,0.4401254000634807
B,B2,0.3,0.3,2,2,1,0.5,0.443359375,0.4978701759460761,0.21916238801595,0.2787077879301261,0.4401998725862368
B,B2,0.3,0.3,2,2,1,0.5,0.447265625,0.4978513886634884,0.2191888268290947,0.2786625618343936,0.4402695901231091
B,B2,0.3,0.3,2,2,1,0.5,0.451171875,0.4978338956240248,0.2192134442903784,0.2786204513336464,0.4403345095970189
B,B2,0.3,0.3,2,2,1,0.5,0.455078125,0.4978177073648408,0.219236225571158,0.2785814817936828,0.4403945908868285
B,B2,0.3,0.3,2,2,1,0.5,0.458984375,0.4978028336371395,0.2192571569488401,0.2785456766882994,0.440449796854033
B,B2,0.3,0.3,2,2,1,0.5,0.462890625,0.4977892834002983,0.2192762258151454,0.2785130575851529,0.4405000933674459
B,B2,0.3,0.3,2,2,1,0.5,0.466796875,0.4977770648164688,0.2192934206837095,0.2784836441327593,0.4405454493259214
B,B2,0.3,0.3,2,2,1,0.5,0.470703125,0.4977661852456751,0.2193087311969759,0.2784574540486991,0.4405858366789921
B,B2,0.3,0.3,2,2,1,0.5,0.474609375,0.4977566512413584,0.2193221481324733,0.2784345031088851,0.4406212304456494
B,B2,0.3,0.3,2,2,1,0.5,0.478515625,0.4977484685464488,0.2193336634083375,0.2784148051381113,0.440651608730906
B,B2,0.3,0.3,2,2,1,0.5,0.482421875,0.4977416420898998,0.2193432700881897,0.2783983720017101,0.4406769527404197
B,B2,0.3,0.3,2,2,1,0.5,0.486328125,0.4977361759837049,0.2193509623853404,0.2783852135983645,0.4406972467930914
B,B2,0.3,0.3,2,2,1,0.5,0.490234375,0.4977320735204485,0.219356735666226,0.2783753378542225,0.4407124783314052
B,B2,0.3,0.3,2,2,1,0.5,0.494140625,0.4977293371712989,0.2193605864532417,0.2783687507180571,0.4407226379299126
B,B2,0.3,0.3,2,2,1,0.5,0.498046875,0.4977279685845323,0.2193625124268146,0.2783654561577177,0.4407277193014699
B,B2,0.3,0.3,2,2,1,0.5,0.501953125,0.4977279685845314,0.2193625124268149,0.2783654561577165,0.4407277193014713
B,B2,0.3,0.3,2,2,1,0.5,0.505859375,0.4977293371712962,0.2193605864532425,0.2783687507180538,0.4407226379299164
B,B2,0.3,0.3,2,2,1,0.5,0.509765625,0.4977320735204459,0.2193567356662242,0.2783753378542217,0.4407124783314038
B,B2,0.3,0.3,2,2,1,0.5,0.513671875,0.4977361759836995,0.2193509623853415,0.278385213598358,0.4406972467930985
B,B2,0.3,0.3,2,2,1,0.5,0.517578125,0.497741642089893,0.219343270088191,0.278398372001702,0.4406769527404283
B,B2,0.3,0.3,2,2,1,0.5,0.521484375,0.4977484685464443,0.2193336634083324,0.2784148051381118,0.4406516087309
B,B2,0.3,0.3,2,2,1,0.5,0.525390625,0.4977566512413512,0.2193221481324707,0.2784345031088805,0.4406212304456505
B,B2,0.3,0.3,2,2,1,0.5,0.529296875,0.4977661852456666,0.219308731196973,0.2784574540486936,0.4405858366789937
B,B2,0.3,0.3,2,2,1,0.5,0.533203125,0.49777706481646,0.2192934206837047,0.2784836441327553,0.4405454493259194
B,B2,0.3,0.3,2,2,1,0.5,0.537109375,0.4977892834002846,0.2192762258151469,0.2785130575851377,0.440500093367461
B,B2,0.3,0.3,2,2,1,0.5,0.541015625,0.4978028336371279,0.2192571569488357,0.2785456766882922,0.4404497968540344
B,B2,0.3,0.3,2,2,1,0.5,0.544921875,0.4978177073648288,0.219236225571152,0.2785814817936768,0.4403945908868271
B,B2,0.3,0.3,2,2,1,0.5,0.548828125,0.4978338956240107,0.2192134442903735,0.2786204513336372,0.4403345095970215
B,B2,0.3,0.3,2,2,1,0.5,0.552734375,0.4978513886634716,0.2191888268290924,0.2786625618343792,0.4402695901231193
B,B2,0.3,0.3,2,2,1,0.5,0.556640625,0.4978701759460606,0.2191623880159429,0.2787077879301177,0.4401998725862363
B,B2,0.3,0.3,2,2,1,0.5,0.560546875,0.4978902461550169,0.2191341437766853,0.2787561023783316,0.4401254000634879
B,B2,0.3,0.3,2,2,1,0.5,0.564453125,0.4979115872008038,0.219104111124581,0.2788074760762227,0.4400462185593164
B,B2,0.3,0.3,2,2,1,0.5,0.568359375,0.4979341862283642,0.2190723081501929,0.2788618780781713,0.4399623769750994
B,B2,0.3,0.3,2,2,1,0.5,0.572265625,0.4979580296248967,0.2190387540104299,0.2789192756144667,0.4398739270766014
B,B2,0.3,0.3,2,2,1,0.5,0.576171875,0.4979831030280294,0.2190034689170536,0.2789796341109758,0.4397809234598202
B,B2,0.3,0.3,2,2,1,0.5,0.580078125,0.498009391334478,0.2189664741244917,0.2790429172099863,0.4396834235148535
B,B2,0.3,0.3,2,2,1,0.5,0.583984375,0.4980368787091536,0.2189277919170167,0.2791090867921369,0.4395814873879397
B,B2,0.3,0.3,2,2,1,0.5,0.587890625,0.4980655485946869,0.2188874455953485,0.2791781029993384,0.4394751779418366
B,B2,0.3,0.3,2,2,1,0.5,0.591796875,0.498095383721412,0.2188454594626009,0.2792499242588111,0.4393645607143442
B,B2,0.3,0.3,2,2,1,0.5,0.595703125,0.4981263661177677,0.2188018588096443,0.2793245073081234,0.4392497038751706
B,B2,0.3,0.3,2,2,1,0.5,0.599609375,0.4981584771211114,0.2187566698998911,0.2794018072212203,0.4391306781811672
B,B2,0.3,0.3,2,2,1,0.5,0.603515625,0.4981916973889773,0.2187099199534475,0.2794817774355298,0.4390075569298046
B,B2,0.3,0.3,2,2,1,0.5,0.607421875,0.4982260069107169,0.2186616371307355,0.2795643697799814,0.4388804159111672
B,B2,0.3,0.3,2,2,1,0.5,0.611328125,0.4982613850195629,0.2186118505155125,0.2796495345040504,0.4387493333582921
B,B2,0.3,0.3,2,2,1,0.5,0.615234375,0.4982978104050576,0.2185605900973872,0.2797372203076703,0.4386143898961208
B,B2,0.3,0.3,2,2,1,0.5,0.619140625,0.4983352611259156,0.2185078867537099,0.2798273743722057,0.4384756684887666
B,B2,0.3,0.3,2,2,1,0.5,0.623046875,0.4983737146232223,0.2184537722310064,0.279919942392216,0.4383332543855379
B,B2,0.3,0.3,2,2,1,0.5,0.626953125,0.4984131477340277,0.2183982791258427,0.2800148686081849,0.438187235065453
B,B2,0.3,0.3,2,2,1,0.5,0.630859375,0.4984535367053007,0.2183414408651902,0.2801120958401105,0.4380377001804275
B,B2,0.3,0.3,2,2,1,0.5,0.634765625,0.4984948572082347,0.2182832916862925,0.2802115655219422,0.4378847414971619
B,B2,0.3,0.3,2,2,1,0.5,0.638671875,0.4985370843529059,0.2182238666160375,0.2803132177368683,0.4377284528377444
B,B2,0.3,0.3,2,2,1,0.5,0.642578125,0.4985801927032628,0.2181632014498623,0.2804169912534005,0.4375689300190577
B,B2,0.3,0.3,2,2,1,0.5,0.646484375,0.4986241562924414,0.2181013327302047,0.2805228235622367,0.4374062707910386
B,B2,0.3,0.3,2,2,1,0.5,0.650390625,0.4986689486384241,0.2180382977244598,0.2806306509139643,0.4372405747736972
B,B2,0.3,0.3,2,2,1,0.5,0.654296875,0.4987145427599715,0.2179741344025673,0.2807404083574042,0.4370719433932309
B,B2,0.3,0.3,2,2,1,0.5,0.658203125,0.4987609111928978,0.2179088814140983,0.2808520297787995,0.4369004798169141
B,B2,0.3,0.3,2,2,1,0.5,0.662109375,0.4988080260065858,0.217842578065026,0.2809654479415599,0.4367262888872397
B,B2,0.3,0.3,2,2,1,0.5,0.666015625,0.4988558588208349,0.2177752642940054,0.2810805945268295,0.4365494770548938
B,B2,0.3,0.3,2,2,1,0.5,0.669921875,0.4989043808229477,0.2177069806483334,0.2811974001746144,0.4363701523109971
B,B2,0.3,0.3,2,2,1,0.5,0.673828125,0.4989535627850863,0.2176377682595216,0.2813157945255648,0.4361884241184674
B,B2,0.3,0.3,2,2,1,0.5,0.677734375,0.4990033750818693,0.2175676688185361,0.2814357062633332,0.4360044033426441
B,B2,0.3,0.3,2,2,1,0.5,0.681640625,0.4990537877082393,0.2174967245506459,0.2815570631575934,0.4358182021810453
B,B2,0.3,0.3,2,2,1,0.5,0.685546875,0.4991047702975087,0.2174249781900363,0.2816797921074725,0.4356299340926607
B,B2,0.3,0.3,2,2,1,0.5,0.689453125,0.4991562921396792,0.2173524729540201,0.281803819185659,0.4354397137263739
B,B2,0.3,0.3,2,2,1,0.5,0.693359375,0.4992083221999115,0.2172792525170541,0.2819290696828574,0.4352476568490442
B,B2,0.3,0.3,2,2,1,0.5,0.697265625,0.4992608291372507,0.2172053609843783,0.2820554681528724,0.435053880272804
B,B2,0.3,0.3,2,2,1,0.5,0.701171875,0.499313781323476,0.2171308428654976,0.2821829384579784,0.4348585017821315
B,B2,0.3,0.3,2,2,1,0.5,0.705078125,0.499367146862173,0.2170557430473363,0.2823114038148367,0.434661640060283
B,B2,0.3,0.3,2,2,1,0.5,0.708984375,0.4994208936079346,0.2169801067672198,0.2824407868407148,0.4344634146154844
B,B2,0.3,0.3,2,2,1,0.5,0.712890625,0.4994749891857315,0.2169039795856145,0.2825710096001171,0.4342639457067148
B,B2,0.3,0.3,2,2,1,0.5,0.716796875,0.4995294010104108,0.2168274073586868,0.282701993651724,0.4340633542692472
B,B2,0.3,0.3,2,2,1,0.5,0.720703125,0.4995840963063242,0.2167504362106826,0.2828336600956415,0.4338617618399531
B,B2,0.3,0.3,2,2,1,0.5,0.724609375,0.4996390421270683,0.2166731125061473,0.282965929620921,0.4336592904824339
B,B2,0.3,0.3,2,2,1,0.5,0.728515625,0.4996942053753382,0.2165954828219845,0.2830987225533537,0.4334560627119778
B,B2,0.3,0.3,2,2,1,0.5,0.732421875,0.4997495528228543,0.2165175939194154,0.2832319589034389,0.4332522014205066
B,B2,0.3,0.3,2,2,1,0.5,0.736328125,0.4998050511303844,0.2164394927158014,0.283365558414583,0.4330478298014213
B,B2,0.3,0.3,2,2,1,0.5,0.740234375,0.4998606668678239,0.2163612262563862,0.2834994406114378,0.4328430712744951
B,B2,0.3,0.3,2,2,1,0.5,0.744140625,0.4999163665343324,0.2162828416859578,0.2836335248483745,0.4326380494108195
B,B2,0.3,0.3,2,2,1,0.5,0.748046875,0.499972116578509,0.2162043862204585,0.2837677303580505,0.4324328878578744
B,B2,0.3,0.3,2,2,1,0.5,0.751953125,0.5000278834186178,0.2161259071185164,0.2839019763001014,0.4322277102646658
B,B2,0.3,0.3,2,2,1,0.5,0.755859375,0.5000836334627973,0.2160474516530123,0.284036181809785,0.4320226402072099
B,B2,0.3,0.3,2,2,1,0.5,0.759765625,0.5001393331293045,0.2159690670825864,0.284170266046718,0.4318178011141356
B,B2,0.3,0.3,2,2,1,0.5,0.763671875,0.5001949488667419,0.215890800623175,0.2843041482435669,0.4316133161926252
B,B2,0.3,0.3,2,2,1,0.5,0.767578125,0.5002504471742724,0.2158126994195606,0.2844377477547118,0.4314093083546568
B,B2,0.3,0.3,2,2,1,0.5,0.771484375,0.5003057946217879,0.2157348105169923,0.2845709841047956,0.4312059001436902
B,B2,0.3,0.3,2,2,1,0.5,0.775390625,0.5003609578700597,0.215657180832826,0.2847037770372338,0.4310032136616675
B,B2,0.3,0.3,2,2,1,0.5,0.779296875,0.5004159036908052,0.2155798571282885,0.2848360465625167,0.43080137049659
B,B2,0.3,0.3,2,2,1,0.5,0.783203125,0.5004705989867203,0.2155028859802814,0.2849677130064389,0.4306004916504588
B,B2,0.3,0.3,2,2,1,0.5,0.787109375,0.5005250108113968,0.2154263137533589,0.2850986970580379,0.430400697467911
B,B2,0.3,0.3,2,2,1,0.5,0.791015625,0.5005791063891956,0.21535018657175,0.2852289198174455,0.4302021075652273
B,B2,0.3,0.3,2,2,1,0.5,0.794921875,0.5006328531349561,0.2152745502916357,0.2853583028433204,0.4300048407602286
B,B2,0.3,0.3,2,2,1,0.5,0.798828125,0.5006862186736524,0.2151994504734757,0.2854867682001767,0.4298090150025535
B,B2,0.3,0.3,2,2,1,0.5,0.802734375,0.5007391708598763,0.2151249323545978,0.2856142385052785,0.429614747304834
B,B2,0.3,0.3,2,2,1,0.5,0.806640625,0.500791677797214,0.215051040821925,0.2857406369752891,0.4294221536744582
B,B2,0.3,0.3,2,2,1,0.5,0.810546875,0.5008437078574488,0.2149778203849549,0.2858658874724939,0.4292313490462026
B,B2,0.3,0.3,2,2,1,0.5,0.814453125,0.5008952296996176,0.214905315148942,0.2859899145506757,0.4290424472155959
B,B2,0.3,0.3,2,2,1,0.5,0.818359375,0.5009462122888891,0.2148335687883293,0.2861126435005599,0.4288555607731346
B,B2,0.3,0.3,2,2,1,0.5,0.822265625,0.5009966249152598,0.2147626245204384,0.2862340003948214,0.4286708010393565
B,B2,0.3,0.3,2,2,1,0.5,0.826171875,0.5010464372120442,0.2146925250794506,0.2863539121325936,0.4284882780008515
B,B2,0.3,0.3,2,2,1,0.5,0.830078125,0.5010956191741808,0.2146233126906429,0.2864723064835378,0.4283081002471105
B,B2,0.3,0.3,2,2,1,0.5,0.833984375,0.5011441411762956,0.2145550290449674,0.2865891121313282,0.4281303749084236
B,B2,0.3,0.3,2,2,1,0.5,0.837890625,0.5011919739905459,0.2144877152739451,0.2867042587166009,0.4279552075947469
B,B2,0.3,0.3,2,2,1,0.5,0.841796875,0.501239088804234,0.214421411924873,0.2868176768793609,0.4277827023355282
B,B2,0.3,0.3,2,2,1,0.5,0.845703125,0.5012854572371571,0.2143561589364102,0.2869292983007469,0.4276129615206427
B,B2,0.3,0.3,2,2,1,0.5,0.849609375,0.5013310513587081,0.2142919956145116,0.2870390557441965,0.4274460858423534
B,B2,0.3,0.3,2,2,1,0.5,0.853515625,0.5013758437046907,0.2142289606087675,0.2871468830959232,0.4272821742384301
B,B2,0.3,0.3,2,2,1,0.5,0.857421875,0.5014198072938676,0.2141670918891136,0.2872527154047539,0.4271213238363289
B,B2,0.3,0.3,2,2,1,0.5,0.861328125,0.5014629156442235,0.214106426722941,0.2873564889212825,0.426963629898496
B,B2,0.3,0.3,2,2,1,0.5,0.865234375,0.5015051427888946,0.2140470016526865,0.287458141136208,0.4268091857689847
B,B2,0.3,0.3,2,2,1,0.5,0.869140625,0.5015464632918324,0.2139888524737832,0.2875576108180492,0.4266580828210736
B,B2,0.3,0.3,2,2,1,0.5,0.873046875,0.5015868522631061,0.2139320142131302,0.2876548380499758,0.4265104104062774
B,B2,0.3,0.3,2,2,1,0.5,0.876953125,0.5016262853739103,0.2138765211079694,0.2877497642659409,0.4263662558044514
B,B2,0.3,0.3,2,2,1,0.5,0.880859375,0.5016647388712161,0.2138224065852678,0.2878423322859483,0.4262257041752317
B,B2,0.3,0.3,2,2,1,0.5,0.884765625,0.501702189592077,0.2137697032415865,0.2879324863504905,0.4260888385107466
B,B2,0.3,0.3,2,2,1,0.5,0.888671875,0.5017386149775738,0.2137184428234583,0.2880201721541155,0.4259557395896484
B,B2,0.3,0.3,2,2,1,0.5,0.892578125,0.5017739930864166,0.2136686562082414,0.2881053368781752,0.4258264859323685
B,B2,0.3,0.3,2,2,1,0.5,0.896484375,0.5018083026081557,0.2136203733855312,0.2881879292226245,0.4257011537577922
B,B2,0.3,0.3,2,2,1,0.5,0.900390625,0.5018415228760245,0.2135736234390836,0.2882678994369409,0.425579816941224
B,B2,0.3,0.3,2,2,1,0.5,0.904296875,0.5018736338793663,0.2135284345293345,0.2883451993500319,0.4254625469738455
B,B2,0.3,0.3,2,2,1,0.5,0.908203125,0.5019046162757215,0.2134848338763796,0.2884197823993419,0.4253494129233145
B,B2,0.3,0.3,2,2,1,0.5,0.912109375,0.5019344514024484,0.2134428477436297,0.2884916036588187,0.4252404813960307
B,B2,0.3,0.3,2,2,1,0.5,0.916015625,0.5019631212879825,0.2134025014219611,0.2885606198660214,0.4251358165006099
B,B2,0.3,0.3,2,2,1,0.5,0.919921875,0.501990608662659,0.2133638192144855,0.2886267894481735,0.4250354798128652
B,B2,0.3,0.3,2,2,1,0.5,0.923828125,0.5020168969691086,0.2133268244219227,0.2886900725471859,0.424939530342242
B,B2,0.3,0.3,2,2,1,0.5,0.927734375,0.5020419703722401,0.2132915393285494,0.2887504310436907,0.4248480244996328
B,B2,0.3,0.3,2,2,1,0.5,0.931640625,0.5020658137687729,0.2132579851887868,0.2888078285799861,0.4247610160667164
B,B2,0.3,0.3,2,2,1,0.5,0.935546875,0.5020884127963374,0.2132261822143926,0.2888622305819448,0.4246785561667278
B,B2,0.3,0.3,2,2,1,0.5,0.939453125,0.5021097538421231,0.2131961495622918,0.2889136042798313,0.4246006932367349
B,B2,0.3,0.3,2,2,1,0.5,0.943359375,0.5021298240510803,0.2131679053230335,0.2889619187280469,0.4245274730013816
B,B2,0.3,0.3,2,2,1,0.5,0.947265625,0.5021486113336679,0.2131414665098874,0.2890071448237805,0.4244589384481222
B,B2,0.3,0.3,2,2,1,0.5,0.951171875,0.5021661043731293,0.2131168490486064,0.2890492553245229,0.4243951298040063
B,B2,0.3,0.3,2,2,1,0.5,0.955078125,0.5021822926323133,0.2130940677678255,0.2890882248644878,0.4243360845139321
B,B2,0.3,0.3,2,2,1,0.5,0.958984375,0.5021971663600141,0.2130731363901431,0.289124029969871,0.4242818372204745
B,B2,0.3,0.3,2,2,1,0.5,0.962890625,0.5022107165968555,0.2130540675238364,0.289156649073019,0.4242324197451633
B,B2,0.3,0.3,2,2,1,0.5,0.966796875,0.5022229351806831,0.2130368726552742,0.2891860625254089,0.4241878610713599
B,B2,0.3,0.3,2,2,1,0.5,0.970703125,0.5022338147514787,0.2130215621420034,0.2892122526094753,0.4241481873286713
B,B2,0.3,0.3,2,2,1,0.5,0.974609375,0.5022433487557948,0.2130081452065058,0.289235203549289,0.4241134217788844
B,B2,0.3,0.3,2,2,1,0.5,0.978515625,0.5022515314507006,0.212996629930647,0.2892549015200535,0.4240835848034724
B,B2,0.3,0.3,2,2,1,0.5,0.982421875,0.5022583579072519,0.2129870232507897,0.2892713346564623,0.4240586938925968
B,B2,0.3,0.3,2,2,1,0.5,0.986328125,0.5022638240134442,0.2129793309536428,0.2892844930598014,0.4240387636357858
B,B2,0.3,0.3,2,2,1,0.5,0.990234375,0.5022679264767017,0.2129735576727542,0.2892943688039474,0.4240238057140471
B,B2,0.3,0.3,2,2,1,0.5,0.994140625,0.5022706628258504,0.2129697068857389,0.2893009559401116,0.4240138288936471
B,B2,0.3,0.3,2,2,1,0.5,0.998046875,0.5022720314124046,0.2129677809125368,0.2893042504998678,0.424008839022282
B,B2,0.3,0.3,2,2,1,1,0.001953125,0.5001511164972831,0.2452082440405268,0.2549428724567563,0.4902683128207289
B,B2,0.3,0.3,2,2,1,1,0.005859375,0.5001510254703381,0.245208372082822,0.254942653387516,0.4902686580562942
B,B2,0.3,0.3,2,2,1,1,0.009765625,0.5001508434714522,0.2452086280899817,0.2549422153814705,0.4902693483190692
B,B2,0.3,0.3,2,2,1,1,0.013671875,0.5001505706098965,0.2452090119084226,0.2549415587014739,0.4902703831956212
B,B2,0.3,0.3,2,2,1,1,0.017578125,0.5001502070504739,0.2452095233061754,0.2549406837442985,0.490271762061731
B,B2,0.3,0.3,2,2,1,1,0.021484375,0.5001497530117768,0.2452101619758979,0.2549395910358789,0.4902734840901222
B,B2,0.3,0.3,2,2,1,1,0.025390625,0.5001492087675179,0.2452109275324995,0.2549382812350184,0.4902755482444037
B,B2,0.3,0.3,2,2,1,1,0.029296875,0.5001485746451479,0.2452118195155053,0.2549367551296426,0.4902779532851442
B,B2,0.3,0.3,2,2,1,1,0.033203125,0.5001478510274492,0.2452128373861993,0.2549350136412499,0.4902806977625932
B,B2,0.3,0.3,2,2,1,1,0.037109375,0.5001470383495101,0.2452139805328398,0.2549330578166703,0.4902837800300652
B,B2,0.3,0.3,2,2,1,1,0.041015625,0.5001461371012391,0.2452152482661705,0.2549308888350686,0.4902871982324923
B,B2,0.3,0.3,2,2,1,1,0.044921875,0.5001451478254459,0.2452166398226759,0.2549285080027701,0.4902909503148037
B,B2,0.3,0.3,2,2,1,1,0.048828125,0.5001440711180268,0.2452181543641456,0.2549259167538813,0.4902950340208623
B,B2,0.3,0.3,2,2,1,1,0.052734375,0.5001429076275534,0.2452197909782709,0.2549231166492825,0.4902994468950487
B,B2,0.3,0.3,2,2,1,1,0.056640625,0.5001416580548657,0.2452215486792226,0.2549201093756431,0.4903041862838022
B,B2,0.3,0.3,2,2,1,1,0.060546875,0.500140323152661,0.2452234264082244,0.2549168967444365,0.4903092493371572
B,B2,0.3,0.3,2,2,1,1,0.064453125,0.5001389037250359,0.2452254230342001,0.2549134806908357,0.4903146330104708
B,B2,0.3,0.3,2,2,1,1,0.068359375,0.5001374006269987,0.2452275373544604,0.2549098632725383,0.490320334066259
B,B2,0.3,0.3,2,2,1,1,0.072265625,0.5001358147639574,0.2452297680954214,0.254906046668536,0.4903263490761191
B,B2,0.3,0.3,2,2,1,1,0.076171875,0.5001341470911813,0.2452321139133597,0.2549020331778216,0.4903326744227495
B,B2,0.3,0.3,2,2,1,1,0.080078125,0.5001323986132111,0.2452345733952473,0.2548978252179638,0.4903393063021801
B,B2,0.3,0.3,2,2,1,1,0.083984375,0.5001305703832649,0.2452371450595845,0.2548934253236804,0.4903462407260008
B,B2,0.3,0.3,2,2,1,1,0.087890625,0.500128663502602,0.2452398273572926,0.2548888361453094,0.4903534735237519
B,B2,0.3,0.3,2,2,1,1,0.091796875,0.5001266791198533,0.245242618672661,0.2548840604471923,0.4903610003454537
B,B2,0.3,0.3,2,2,1,1,0.095703125,0.5001246184303372,0.2452455173243049,0.2548791011060322,0.4903688166641719
B,B2,0.3,0.3,2,2,1,1,0.099609375,0.5001224826753363,0.245248521566184,0.2548739611091523,0.4903769177787425
B,B2,0.3,0.3,2,2,1,1,0.103515625,0.500120273141352,0.2452516295886515,0.2548686435527005,0.4903852988165799
B,B2,0.3,0.3,2,2,1,1,0.107421875,0.5001179911593228,0.2452548395195542,0.2548631516397686,0.4903939547366199
B,B2,0.3,0.3,2,2,1,1,0.111328125,0.5001156381038248,0.2452581494253583,0.2548574886784665,0.490402880332333
B,B2,0.3,0.3,2,2,1,1,0.115234375,0.5001132153922618,0.2452615573122803,0.2548516580799816,0.4904120702347575
B,B2,0.3,0.3,2,2,1,1,0.119140625,0.5001107244839744,0.2452650611275551,0.2548456633564193,0.4904215189158863
B,B2,0.3,0.3,2,2,1,1,0.123046875,0.5001081668793986,0.2452686587606044,0.2548395081187943,0.4904312206918049
B,B2,0.3,0.3,2,2,1,1,0.126953125,0.500105544119134,0.2452723480443587,0.2548331960747753,0.4904411697262257
B,B2,0.3,0.3,2,2,1,1,0.130859375,0.5001028577830395,0.2452761267565208,0.2548267310265188,0.4904513600338779
B,B2,0.3,0.3,2,2,1,1,0.134765625,0.5001001094892626,0.245279992620937,0.2548201168683256,0.4904617854841787
B,B2,0.3,0.3,2,2,1,1,0.138671875,0.5000973008932664,0.2452839433089666,0.2548133575842999,0.490472439804902
B,B2,0.3,0.3,2,2,1,1,0.142578125,0.500094433686852,0.2452879764408486,0.2548064572460034,0.490483316585848
B,B2,0.3,0.3,2,2,1,1,0.146484375,0.5000915095971112,0.2452920895871863,0.2547994200099249,0.490494409282815
B,B2,0.3,0.3,2,2,1,1,0.150390625,0.5000885303854115,0.245296280270365,0.2547922501150465,0.4905057112214081
B,B2,0.3,0.3,2,2,1,1,0.154296875,0.5000854978463183,0.2453005459660741,0.2547849518802441,0.4905172156011164
B,B2,0.3,0.3,2,2,1,1,0.158203125,0.500082413806514,0.2453048841048285,0.2547775297016855,0.490528915499394
B,B2,0.3,0.3,2,2,1,1,0.162109375,0.5000792801237137,0.2453092920734869,0.2547699880502268,0.490540803875738
B,B2,0.3,0.3,2,2,1,1,0.166015625,0.5000760986855272,0.24531376721686,0.2547623314686671,0.4905528735759986
B,B2,0.3,0.3,2,2,1,1,0.169921875,0.5000728714083403,0.2453183068392775,0.2547545645690629,0.490565117336589
B,B2,0.3,0.3,2,2,1,1,0.173828125,0.5000696002361376,0.2453229082062524,0.2547466920298852,0.490577527788949
B,B2,0.3,0.3,2,2,1,1,0.177734375,0.5000662871393533,0.2453275685460884,0.2547387185932649,0.4905900974638649
B,B2,0.3,0.3,2,2,1,1,0.181640625,0.5000629341136757,0.2453322850515672,0.2547306490621085,0.4906028187959989
B,B2,0.3,0.3,2,2,1,1,0.185546875,0.5000595431788356,0.2453370548816534,0.2547224882971822,0.4906156841284676
B,B2,0.3,0.3,2,2,1,1,0.189453125,0.500056116377414,0.2453418751631645,0.2547142412142495,0.4906286857173334
B,B2,0.3,0.3,2,2,1,1,0.193359375,0.5000526557735792,0.2453467429925581,0.2547059127810211,0.4906418157364005
B,B2,0.3,0.3,2,2,1,1,0.197265625,0.5000491634518747,0.245351655437627,0.2546975080142476,0.4906550662817777
B,B2,0.3,0.3,2,2,1,1,0.201171875,0.5000456415159431,0.2453566095393006,0.2546890319766425,0.4906684293767169
B,B2,0.3,0.3,2,2,1,1,0.205078125,0.5000420920872676,0.2453616023134119,0.2546804897738557,0.4906818969763675
B,B2,0.3,0.3,2,2,1,1,0.208984375,0.5000385173038921,0.2453666307524991,0.2546718865513931,0.4906954609726206
B,B2,0.3,0.3,2,2,1,1,0.212890625,0.5000349193191289,0.2453716918276249,0.2546632274915041,0.4907091131990032
B,B2,0.3,0.3,2,2,1,1,0.216796875,0.5000313003002722,0.2453767824901817,0.2546545178100905,0.4907228454355382
B,B2,0.3,0.3,2,2,1,1,0.220703125,0.5000276624272855,0.2453818996737419,0.2546457627535436,0.4907366494137222
B,B2,0.3,0.3,2,2,1,1,0.224609375,0.500024007891483,0.245387040295913,0.25463696759557,0.4907505168215198
B,B2,0.3,0.3,2,2,1,1,0.228515625,0.5000203388942227,0.2453922012601727,0.25462813763405,0.4907644393083067
B,B2,0.3,0.3,2,2,1,1,0.232421875,0.5000166576455728,0.2453973794577466,0.2546192781878262,0.4907784084899264
B,B2,0.3,0.3,2,2,1,1,0.236328125,0.5000129663629773,0.2454025717694861,0.2546103945934912,0.4907924159537487
B,B2,0.3,0.3,2,2,1,1,0.240234375,0.5000092672699288,0.2454077750677336,0.2546014922021951,0.4908064532636969
B,B2,0.3,0.3,2,2,1,1,0.244140625,0.5000055625946201,0.2454129862182212,0.2545925763763989,0.4908205119653638
B,B2,0.3,0.3,2,2,1,1,0.248046875,0.5000018545686108,0.2454182020819439,0.2545836524866669,0.4908345835910641
B,B2,0.3,0.3,2,2,1,1,0.251953125,0.4999981454254778,0.2454234195170589,0.2545747259084189,0.4908486596649548
B,B2,0.3,0.3,2,2,1,1,0.255859375,0.4999944373994692,0.2454286353807803,0.2545658020186889,0.4908627317081444
B,B2,0.3,0.3,2,2,1,1,0.259765625,0.4999907327241614,0.2454338465312666,0.2545568861928948,0.4908767912437876
B,B2,0.3,0.3,2,2,1,1,0.263671875,0.4999870336311103,0.245439049829519,0.2545479838015913,0.4908908298022055
B,B2,0.3,0.3,2,2,1,1,0.267578125,0.4999833423485153,0.2454442421412579,0.2545391002072575,0.4909048389259537
B,B2,0.3,0.3,2,2,1,1,0.271484375,0.4999796610998638,0.2454494203388346,0.2545302407610292,0.4909188101749795
B,B2,0.3,0.3,2,2,1,1,0.275390625,0.4999759921026061,0.24545458130309,0.2545214107995162,0.4909327351316446
B,B2,0.3,0.3,2,2,1,1,0.279296875,0.4999723375668045,0.24545972192526,0.2545126156415446,0.4909466054058691
B,B2,0.3,0.3,2,2,1,1,0.283203125,0.4999686996938155,0.2454648391088243,0.2545038605849912,0.4909604126401288
B,B2,0.3,0.3,2,2,1,1,0.287109375,0.4999650806749621,0.2454699297713758,0.2544951509035863,0.490974148514506
B,B2,0.3,0.3,2,2,1,1,0.291015625,0.4999614826901992,0.2454749908465011,0.2544864918436981,0.4909878047517703
B,B2,0.3,0.3,2,2,1,1,0.294921875,0.4999579079068222,0.2454800192855914,0.2544778886212308,0.4910013731222786
B,B2,0.3,0.3,2,2,1,1,0.298828125,0.4999543584781448,0.2454850120597065,0.2544693464184383,0.4910148454490126
B,B2,0.3,0.3,2,2,1,1,0.302734375,0.4999508365422163,0.2454899661613749,0.2544608703808414,0.4910282136124509
B,B2,0.3,0.3,2,2,1,1,0.306640625,0.4999473442205112,0.2454948786064452,0.254452465614066,0.4910414695555719
B,B2,0.3,0.3,2,2,1,1,0.310546875,0.4999438836166783,0.2454997464358359,0.2544441371808425,0.4910546052885962
B,B2,0.3,0.3,2,2,1,1,0.314453125,0.4999404568152548,0.2455045667173504,0.2544358900979043,0.4910676128938947
B,B2,0.3,0.3,2,2,1,1,0.318359375,0.4999370658804162,0.2455093365474343,0.2544277293329819,0.4910804845307461
B,B2,0.3,0.3,2,2,1,1,0.322265625,0.4999337128547354,0.245514053052919,0.2544196598018164,0.491093212440061
B,B2,0.3,0.3,2,2,1,1,0.326171875,0.4999303997579518,0.2455187133927546,0.2544116863651973,0.4911057889490734
B,B2,0.3,0.3,2,2,1,1,0.330078125,0.4999271285857514,0.245523314759726,0.2544038138260254,0.4911182064759902
B,B2,0.3,0.3,2,2,1,1,0.333984375,0.499923901308563,0.245527854382147,0.2543960469264159,0.4911304575345806
B,B2,0.3,0.3,2,2,1,1,0.337890625,0.4999207198703811,0.2455323295255125,0.2543883903448686,0.4911425347386559
B,B2,0.3,0.3,2,2,1,1,0.341796875,0.4999175861875793,0.2455367374941743,0.2543808486934049,0.4911544308066088
B,B2,0.3,0.3,2,2,1,1,0.345703125,0.4999145021477752,0.2455410756329289,0.2543734265148462,0.4911661385657237
B,B2,0.3,0.3,2,2,1,1,0.349609375,0.4999114696086815,0.2455453413286396,0.2543661282800419,0.4911776509565713
B,B2,0.3,0.3,2,2,1,1,0.353515625,0.4999084903969804,0.2455495320118214,0.2543589583851589,0.4911889610373072
B,B2,0.3,0.3,2,2,1,1,0.357421875,0.4999055663072406,0.2455536451581582,0.2543519211490823,0.4912000619877908
B,B2,0.3,0.3,2,2,1,1,0.361328125,0.4999026991008263,0.2455576782900406,0.2543450208107857,0.4912109471137575
B,B2,0.3,0.3,2,2,1,1,0.365234375,0.4998998905048319,0.2455616289780679,0.254338261526764,0.4912216098508915
B,B2,0.3,0.3,2,2,1,1,0.369140625,0.4998971422110542,0.2455654948424861,0.2543316473685682,0.4912320437687349
B,B2,0.3,0.3,2,2,1,1,0.373046875,0.4998944558749596,0.2455692735546491,0.2543251823203105,0.4912422425746489
B,B2,0.3,0.3,2,2,1,1,0.376953125,0.4998918331146984,0.2455729628383981,0.2543188702763003,0.4912522001175648
B,B2,0.3,0.3,2,2,1,1,0.380859375,0.4998892755101204,0.2455765604714522,0.2543127150386683,0.4912619103917551
B,B2,0.3,0.3,2,2,1,1,0.384765625,0.4998867846018349,0.2455800642867245,0.2543067203151104,0.4912713675404153
B,B2,0.3,0.3,2,2,1,1,0.388671875,0.4998843618902685,0.2455834721736532,0.2543008897166153,0.491280565859274
B,B2,0.3,0.3,2,2,1,1,0.392578125,0.4998820088347732,0.2455867820794534,0.2542952267553198,0.491289499799997
B,B2,0.3,0.3,2,2,1,1,0.396484375,0.4998797268527444,0.2455899920103566,0.2542897348423878,0.4912981639735571
B,B2,0.3,0.3,2,2,1,1,0.400390625,0.4998775173187601,0.245593100032825,0.2542844172859351,0.491306553153532
B,B2,0.3,0.3,2,2,1,1,0.404296875,0.4998753815637601,0.2455961042747035,0.2542792772890566,0.4913146622792369
B,B2,0.3,0.3,2,2,1,1,0.408203125,0.4998733208742456,0.2455990029263452,0.2542743179479004,0.4913224864587866
B,B2,0.3,0.3,2,2,1,1,0.412109375,0.4998713364914991,0.2456017942417108,0.2542695422497883,0.4913300209720818
B,B2,0.3,0.3,2,2,1,1,0.416015625,0.4998694296108328,0.2456044765394259,0.254264953071407,0.4913372612736854
B,B2,0.3,0.3,2,2,1,1,0.419921875,0.4998676013808874,0.2456070482037625,0.2542605531771249,0.4913442029954961
B,B2,0.3,0.3,2,2,1,1,0.423828125,0.4998658529029185,0.2456095076856492,0.2542563452172694,0.4913508419494905
B,B2,0.3,0.3,2,2,1,1,0.427734375,0.4998641852301428,0.2456118535035877,0.254252331726555,0.4913571741302199
B,B2,0.3,0.3,2,2,1,1,0.431640625,0.4998625993671044,0.2456140842445445,0.2542485151225599,0.4913631957172353
B,B2,0.3,0.3,2,2,1,1,0.435546875,0.4998610962690654,0.2456161985648092,0.2542448977042562,0.4913689030774238
B,B2,0.3,0.3,2,2,1,1,0.439453125,0.4998596768414398,0.245618195190787,0.2542414816506529,0.4913742927671666
B,B2,0.3,0.3,2,2,1,1,0.443359375,0.4998583419392361,0.2456200729197885,0.2542382690194476,0.4913793615344857
B,B2,0.3,0.3,2,2,1,1,0.447265625,0.4998570923665503,0.2456218306207379,0.2542352617458124,0.4913841063209741
B,B2,0.3,0.3,2,2,1,1,0.451171875,0.499855928876076,0.2456234672348664,0.2542324616412096,0.4913885242636809
B,B2,0.3,0.3,2,2,1,1,0.455078125,0.4998548521686588,0.245624981776334,0.2542298703923248,0.4913926126968081
B,B2,0.3,0.3,2,2,1,1,0.458984375,0.4998538628928655,0.2456263733328403,0.2542274895600253,0.4913963691533695
B,B2,0.3,0.3,2,2,1,1,0.462890625,0.4998529616445989,0.2456276410661639,0.2542253205784349,0.4913997913666619
B,B2,0.3,0.3,2,2,1,1,0.466796875,0.4998521489667394,0.245628784212666,0.2542233647540734,0.4914028772716357
B,B2,0.3,0.3,2,2,1,1,0.470703125,0.4998514253488099,0.2456298020837639,0.254221623265046,0.4914056250061842
B,B2,0.3,0.3,2,2,1,1,0.474609375,0.4998507912266922,0.2456306940663283,0.2542200971603639,0.4914080329122255
B,B2,0.3,0.3,2,2,1,1,0.478515625,0.4998502469823612,0.2456314596230557,0.2542187873593055,0.491410099536719
B,B2,0.3,0.3,2,2,1,1,0.482421875,0.4998497929436452,0.2456320982928111,0.2542176946508342,0.4914118236325937
B,B2,0.3,0.3,2,2,1,1,0.486328125,0.4998494293840424,0.2456326096908794,0.254216819693163,0.4914132041594388
B,B2,0.3,0.3,2,2,1,1,0.490234375,0.4998491565225462,0.2456329935092163,0.2542161630133299,0.4914142402841821
B,B2,0.3,0.3,2,2,1,1,0.494140625,0.4998489745235177,0.2456332495166243,0.2542157250068934,0.4914149313815734
B,B2,0.3,0.3,2,2,1,1,0.498046875,0.4998488834965871,0.2456333775588929,0.2542155059376942,0.4914152770345641
B,B2,0.3,0.3,2,2,1,1,0.501953125,0.4998488834965876,0.2456333775588908,0.2542155059376968,0.4914152770345593
B,B2,0.3,0.3,2,2,1,1,0.505859375,0.4998489745235154,0.2456332495166245,0.2542157250068909,0.4914149313815761
B,B2,0.3,0.3,2,2,1,1,0.509765625,0.4998491565225418,0.2456329935092176,0.2542161630133242,0.4914142402841891
B,B2,0.3,0.3,2,2,1,1,0.513671875,0.4998494293840376,0.2456326096908791,0.2542168196931585,0.491413204159443
B,B2,0.3,0.3,2,2,1,1,0.517578125,0.4998497929436386,0.2456320982928112,0.2542176946508274,0.4914118236326006
B,B2,0.3,0.3,2,2,1,1,0.521484375,0.4998502469823544,0.2456314596230538,0.2542187873593005,0.491410099536722
B,B2,0.3,0.3,2,2,1,1,0.525390625,0.4998507912266851,0.2456306940663243,0.2542200971603608,0.4914080329122245
B,B2,0.3,0.3,2,2,1,1,0.529296875,0.4998514253488009,0.2456298020837608,0.2542216232650401,0.4914056250061868
B,B2,0.3,0.3,2,2,1,1,0.533203125,0.4998521489667289,0.2456287842126628,0.2542233647540662,0.4914028772716396
B,B2,0.3,0.3,2,2,1,1,0.537109375,0.499852961644588,0.245627641066159,0.254225320578429,0.4913997913666627
B,B2,0.3,0.3,2,2,1,1,0.541015625,0.4998538628928529,0.245626373332836,0.254227489560017,0.4913963691533733
B,B2,0.3,0.3,2,2,1,1,0.544921875,0.4998548521686462,0.2456249817763272,0.254229870392319,0.4913926126968067
B,B2,0.3,0.3,2,2,1,1,0.548828125,0.4998559288760621,0.2456234672348593,0.2542324616412028,0.4913885242636803
B,B2,0.3,0.3,2,2,1,1,0.552734375,0.4998570923665349,0.2456218306207313,0.2542352617458035,0.4913841063209761
B,B2,0.3,0.3,2,2,1,1,0.556640625,0.4998583419392214,0.2456200729197783,0.2542382690194431,0.4913793615344799
B,B2,0.3,0.3,2,2,1,1,0.560546875,0.4998596768414233,0.2456181951907778,0.2542414816506454,0.4913742927671647
B,B2,0.3,0.3,2,2,1,1,0.564453125,0.4998610962690486,0.245616198564798,0.2542448977042506,0.4913689030774179
B,B2,0.3,0.3,2,2,1,1,0.568359375,0.4998625993670839,0.2456140842445372,0.2542485151225468,0.4913631957172408
B,B2,0.3,0.3,2,2,1,1,0.572265625,0.4998641852301209,0.2456118535035803,0.2542523317265407,0.4913571741302263
B,B2,0.3,0.3,2,2,1,1,0.576171875,0.499865852902898,0.245609507685637,0.254256345217261,0.4913508419494863
B,B2,0.3,0.3,2,2,1,1,0.580078125,0.4998676013808673,0.2456070482037472,0.2542605531771202,0.4913442029954853
B,B2,0.3,0.3,2,2,1,1,0.583984375,0.49986942961081,0.2456044765394126,0.2542649530713975,0.4913372612736812
B,B2,0.3,0.3,2,2,1,1,0.587890625,0.4998713364914735,0.2456017942417,0.2542695422497735,0.4913300209720854
B,B2,0.3,0.3,2,2,1,1,0.591796875,0.4998733208742169,0.2455990029263375,0.2542743179478794,0.4913224864587995
B,B2,0.3,0.3,2,2,1,1,0.595703125,0.4998753815637318,0.2455961042746928,0.254279277289039,0.4913146622792433
B,B2,0.3,0.3,2,2,1,1,0.599609375,0.4998775173187323,0.245593100032811,0.2542844172859213,0.4913065531535313
B,B2,0.3,0.3,2,2,1,1,0.603515625,0.4998797268527156,0.2455899920103417,0.254289734842374,0.4912981639735556
B,B2,0.3,0.3,2,2,1,1,0.607421875,0.4998820088347443,0.2455867820794362,0.2542952267553081,0.491289499799991
B,B2,0.3,0.3,2,2,1,1,0.611328125,0.4998843618902375,0.245583472173637,0.2543008897166006,0.4912805658592719
B,B2,0.3,0.3,2,2,1,1,0.615234375,0.4998867846018025,0.2455800642867081,0.2543067203150944,0.4912713675404145
B,B2,0.3,0.3,2,2,1,1,0.619140625,0.4998892755100864,0.2455765604714362,0.2543127150386503,0.4912619103917565
B,B2,0.3,0.3,2,2,1,1,0.623046875,0.4998918331146628,0.2455729628383826,0.2543188702762802,0.4912522001175688
B,B2,0.3,0.3,2,2,1,1,0.626953125,0.4998944558749244,0.2455692735546304,0.254325182320294,0.4912422425746462
B,B2,0.3,0.3,2,2,1,1,0.630859375,0.4998971422110159,0.2455654948424703,0.2543316473685456,0.491232043768741
B,B2,0.3,0.3,2,2,1,1,0.634765625,0.4998998905047938,0.2455616289780492,0.2543382615267446,0.4912216098508915
B,B2,0.3,0.3,2,2,1,1,0.638671875,0.4999026991007877,0.2455576782900203,0.2543450208107674,0.4912109471137548
B,B2,0.3,0.3,2,2,1,1,0.642578125,0.4999055663072002,0.2455536451581383,0.2543519211490619,0.4912000619877906
B,B2,0.3,0.3,2,2,1,1,0.646484375,0.499908490396938,0.245549532011803,0.2543589583851349,0.491188961037312
B,B2,0.3,0.3,2,2,1,1,0.650390625,0.4999114696086394,0.2455453413286182,0.2543661282800211,0.49117765095657
B,B2,0.3,0.3,2,2,1,1,0.654296875,0.4999145021477328,0.2455410756329056,0.2543734265148272,0.4911661385657186
B,B2,0.3,0.3,2,2,1,1,0.658203125,0.499917586187534,0.2455367374941537,0.2543808486933803,0.4911544308066121
B,B2,0.3,0.3,2,2,1,1,0.662109375,0.4999207198703333,0.2455323295254939,0.2543883903448393,0.4911425347386658
B,B2,0.3,0.3,2,2,1,1,0.666015625,0.4999239013085166,0.2455278543821234,0.2543960469263933,0.4911304575345787
B,B2,0.3,0.3,2,2,1,1,0.669921875,0.499927128585704,0.2455233147597018,0.2544038138260022,0.4911182064759884
B,B2,0.3,0.3,2,2,1,1,0.673828125,0.4999303997579035,0.2455187133927294,0.2544116863651742,0.4911057889490704
B,B2,0.3,0.3,2,2,1,1,0.677734375,0.4999337128546855,0.2455140530528943,0.2544196598017912,0.4910932124400606
B,B2,0.3,0.3,2,2,1,1,0.681640625,0.499937065880365,0.2455093365474091,0.254427729332956,0.4910804845307458
B,B2,0.3,0.3,2,2,1,1,0.685546875,0.4999404568152012,0.245504566717327,0.2544358900978742,0.4910676128939005
B,B2,0.3,0.3,2,2,1,1,0.689453125,0.4999438836166246,0.2454997464358101,0.2544441371808145,0.4910546052885975
B,B2,0.3,0.3,2,2,1,1,0.693359375,0.4999473442204552,0.245494878606421,0.2544524656140342,0.4910414695555785
B,B2,0.3,0.3,2,2,1,1,0.697265625,0.4999508365421593,0.2454899661613497,0.2544608703808097,0.4910282136124564
B,B2,0.3,0.3,2,2,1,1,0.701171875,0.4999543584780896,0.2454850120596758,0.2544693464184138,0.4910148454490054
B,B2,0.3,0.3,2,2,1,1,0.705078125,0.4999579079067626,0.2454800192855661,0.2544778886211966,0.4910013731222864
B,B2,0.3,0.3,2,2,1,1,0.708984375,0.4999614826901397,0.2454749908464732,0.2544864918436665,0.4909878047517729
B,B2,0.3,0.3,2,2,1,1,0.712890625,0.4999650806749005,0.2454699297713491,0.2544951509035515,0.490974148514513
B,B2,0.3,0.3,2,2,1,1,0.716796875,0.4999686996937557,0.2454648391087922,0.2545038605849634,0.4909604126401234
B,B2,0.3,0.3,2,2,1,1,0.720703125,0.4999723375667404,0.2454597219252327,0.2545126156415077,0.4909466054058776
B,B2,0.3,0.3,2,2,1,1,0.724609375,0.4999759921025416,0.2454545813030613,0.2545214107994803,0.4909327351316506
B,B2,0.3,0.3,2,2,1,1,0.728515625,0.4999796610998005,0.2454494203388013,0.2545302407609992,0.490918810174975
B,B2,0.3,0.3,2,2,1,1,0.732421875,0.4999833423484503,0.2454442421412251,0.2545391002072251,0.490904838925952
B,B2,0.3,0.3,2,2,1,1,0.736328125,0.4999870336310461,0.2454390498294823,0.2545479838015638,0.4908908298021952
B,B2,0.3,0.3,2,2,1,1,0.740234375,0.4999907327240939,0.2454338465312334,0.2545568861928604,0.4908767912437876
B,B2,0.3,0.3,2,2,1,1,0.744140625,0.4999944373994008,0.2454286353807462,0.2545658020186546,0.4908627317081434
B,B2,0.3,0.3,2,2,1,1,0.748046875,0.4999981454254084,0.2454234195170241,0.2545747259083844,0.4908486596649532
B,B2,0.3,0.3,2,2,1,1,0.751953125,0.5000018545685407,0.2454182020819078,0.2545836524866329,0.4908345835910607
B,B2,0.3,0.3,2,2,1,1,0.755859375,0.5000055625945491,0.2454129862181845,0.2545925763763646,0.4908205119653602
B,B2,0.3,0.3,2,2,1,1,0.759765625,0.5000092672698548,0.2454077750676994,0.2546014922021554,0.490806453263701
B,B2,0.3,0.3,2,2,1,1,0.763671875,0.5000129663629026,0.2454025717694506,0.254610394593452,0.4907924159537509
B,B2,0.3,0.3,2,2,1,1,0.767578125,0.5000166576454969,0.2453973794577106,0.2546192781877862,0.490778408489929
B,B2,0.3,0.3,2,2,1,1,0.771484375,0.5000203388941462,0.2453922012601352,0.254628137634011,0.4907644393083068
B,B2,0.3,0.3,2,2,1,1,0.775390625,0.500024007891405,0.2453870402958757,0.2546369675955293,0.4907505168215217
B,B2,0.3,0.3,2,2,1,1,0.779296875,0.5000276624272054,0.2453818996737055,0.2546457627534999,0.4907366494137282
B,B2,0.3,0.3,2,2,1,1,0.783203125,0.5000313003001937,0.2453767824901401,0.2546545178100537,0.4907228454355321
B,B2,0.3,0.3,2,2,1,1,0.787109375,0.5000349193190475,0.2453716918275856,0.2546632274914619,0.4907091131990046
B,B2,0.3,0.3,2,2,1,1,0.791015625,0.5000385173038092,0.24536663075246,0.2546718865513492,0.4906954609726238
B,B2,0.3,0.3,2,2,1,1,0.794921875,0.5000420920871832,0.2453616023133727,0.2546804897738105,0.490681896976372
B,B2,0.3,0.3,2,2,1,1,0.798828125,0.5000456415158577,0.2453566095392605,0.2546890319765972,0.4906684293767204
B,B2,0.3,0.3,2,2,1,1,0.802734375,0.5000491634517898,0.2453516554375837,0.2546975080142061,0.4906550662817742
B,B2,0.3,0.3,2,2,1,1,0.806640625,0.5000526557734915,0.2453467429925172,0.2547059127809742,0.4906418157364048
B,B2,0.3,0.3,2,2,1,1,0.810546875,0.5000561163773247,0.2453418751631239,0.2547142412142008,0.4906286857173398
B,B2,0.3,0.3,2,2,1,1,0.814453125,0.5000595431787472,0.2453370548816092,0.2547224882971381,0.4906156841284658
B,B2,0.3,0.3,2,2,1,1,0.818359375,0.5000629341135849,0.2453322850515248,0.2547306490620602,0.4906028187960031
B,B2,0.3,0.3,2,2,1,1,0.822265625,0.5000662871392622,0.245327568546044,0.2547387185932182,0.4905900974638655
B,B2,0.3,0.3,2,2,1,1,0.826171875,0.5000696002360441,0.2453229082062089,0.2547466920298351,0.4905775277889537
B,B2,0.3,0.3,2,2,1,1,0.830078125,0.5000728714082471,0.2453183068392309,0.2547545645690162,0.4905651173365874
B,B2,0.3,0.3,2,2,1,1,0.833984375,0.500076098685434,0.2453137672168107,0.2547623314686234,0.4905528735759913
B,B2,0.3,0.3,2,2,1,1,0.837890625,0.5000792801236159,0.2453092920734428,0.254769988050173,0.4905408038757458
B,B2,0.3,0.3,2,2,1,1,0.841796875,0.5000824138064155,0.2453048841047834,0.2547775297016321,0.4905289154994004
B,B2,0.3,0.3,2,2,1,1,0.845703125,0.500085497846217,0.2453005459660314,0.2547849518801857,0.4905172156011302
B,B2,0.3,0.3,2,2,1,1,0.849609375,0.500088530385313,0.2452962802703149,0.2547922501149981,0.4905057112214044
B,B2,0.3,0.3,2,2,1,1,0.853515625,0.500091509597011,0.2452920895871367,0.2547994200098743,0.4904944092828141
B,B2,0.3,0.3,2,2,1,1,0.857421875,0.50009443368675,0.2452879764407996,0.2548064572459504,0.4904833165858501
B,B2,0.3,0.3,2,2,1,1,0.861328125,0.5000973008931641,0.2452839433089155,0.2548133575842485,0.4904724398049003
B,B2,0.3,0.3,2,2,1,1,0.865234375,0.5001001094891584,0.2452799926208869,0.2548201168682716,0.4904617854841807
B,B2,0.3,0.3,2,2,1,1,0.869140625,0.5001028577829356,0.2452761267564674,0.2548267310264682,0.4904513600338732
B,B2,0.3,0.3,2,2,1,1,0.873046875,0.500105544119028,0.2452723480443066,0.2548331960747213,0.4904411697262256
B,B2,0.3,0.3,2,2,1,1,0.876953125,0.500108166879291,0.2452686587605525,0.2548395081187386,0.4904312206918067
B,B2,0.3,0.3,2,2,1,1,0.880859375,0.5001107244838666,0.2452650611275012,0.2548456633563654,0.4904215189158843
B,B2,0.3,0.3,2,2,1,1,0.884765625,0.5001132153921517,0.2452615573122281,0.2548516580799236,0.490412070234761
B,B2,0.3,0.3,2,2,1,1,0.888671875,0.5001156381037174,0.2452581494252988,0.2548574886784186,0.4904028803323192
B,B2,0.3,0.3,2,2,1,1,0.892578125,0.5001179911592092,0.2452548395195031,0.2548631516397061,0.490393954736629
B,B2,0.3,0.3,2,2,1,1,0.896484375,0.5001202731412384,0.2452516295885976,0.2548686435526408,0.4903852988165836
B,B2,0.3,0.3,2,2,1,1,0.900390625,0.5001224826752237,0.2452485215661257,0.254873961109098,0.4903769177787364
B,B2,0.3,0.3,2,2,1,1,0.904296875,0.5001246184302217,0.2452455173242493,0.2548791011059724,0.4903688166641739
B,B2,0.3,0.3,2,2,1,1,0.908203125,0.500126679119737,0.2452426186726047,0.2548840604471323,0.4903610003454552
B,B2,0.3,0.3,2,2,1,1,0.912109375,0.5001286635024852,0.2452398273572347,0.2548888361452505,0.4903534735237507
B,B2,0.3,0.3,2,2,1,1,0.916015625,0.5001305703831458,0.245237145059528,0.2548934253236178,0.4903462407260046
B,B2,0.3,0.3,2,2,1,1,0.919921875,0.5001323986130928,0.2452345733951872,0.2548978252179056,0.4903393063021758
B,B2,0.3,0.3,2,2,1,1,0.923828125,0.500134147091061,0.2452321139133002,0.2549020331777607,0.4903326744227486
B,B2,0.3,0.3,2,2,1,1,0.927734375,0.5001358147638356,0.2452297680953623,0.2549060466684733,0.4903263490761203
B,B2,0.3,0.3,2,2,1,1,0.931640625,0.5001374006268753,0.2452275373544019,0.2549098632724733,0.4903203340662631
B,B2,0.3,0.3,2,2,1,1,0.935546875,0.5001389037249113,0.245225423034141,0.2549134806907704,0.4903146330104746
B,B2,0.3,0.3,2,2,1,1,0.939453125,0.500140323152537,0.2452234264081616,0.2549168967443754,0.4903092493371531
B,B2,0.3,0.3,2,2,1,1,0.943359375,0.5001416580547384,0.245221548679163,0.2549201093755755,0.4903041862838078
B,B2,0.3,0.3,2,2,1,1,0.947265625,0.5001429076274262,0.2452197909782088,0.2549231166492174,0.4902994468950493
B,B2,0.3,0.3,2,2,1,1,0.951171875,0.5001440711178988,0.2452181543640825,0.2549259167538163,0.4902950340208618
B,B2,0.3,0.3,2,2,1,1,0.955078125,0.500145147825316,0.2452166398226136,0.2549285080027025,0.4902909503148065
B,B2,0.3,0.3,2,2,1,1,0.958984375,0.5001461371011087,0.2452152482661069,0.2549308888350017,0.4902871982324931
B,B2,0.3,0.3,2,2,1,1,0.962890625,0.500147038349375,0.2452139805327827,0.2549330578165923,0.4902837800300835
B,B2,0.3,0.3,2,2,1,1,0.966796875,0.5001478510272345,0.2452128373862797,0.2549350136409547,0.4902806977629645
B,B2,0.3,0.3,2,2,1,1,0.970703125,0.5001485746451624,0.2452118195151836,0.2549367551299788,0.4902779532844868
B,B2,0.3,0.3,2,2,1,1,0.974609375,0.5001492087672783,0.2452109275326212,0.2549382812346571,0.4902755482448818
B,B2,0.3,0.3,2,2,1,1,0.978515625,0.5001497530116115,0.2452101619758884,0.2549395910357231,0.4902734840902653
B,B2,0.3,0.3,2,2,1,1,0.982421875,0.5001502070503262,0.2452095233061342,0.254940683744192,0.4902717620617933
B,B2,0.3,0.3,2,2,1,1,0.986328125,0.5001505706099277,0.2452090119080667,0.254941558701861,0.4902703831948791
B,B2,0.3,0.3,2,2,1,1,0.990234375,0.5001508434714247,0.2452086280897275,0.2549422153816971,0.4902693483185881
B,B2,0.3,0.3,2,2,1,1,0.994140625,0.500151025470452,0.2452083720823207,0.2549426533881313,0.4902686580551801
B,B2,0.3,0.3,2,2,1,1,0.998046875,0.5001511164970653,0.245208244040606,0.2549428724564594,0.4902683128211007
B,B2,0.3,0.3,2,2,1,5,0.001953125,0.4999999999839747,0.2499999994773214,0.2500000005066533,0.4999999989706682
B,B2,0.3,0.3,2,2,1,5,0.005859375,0.4999999999838868,0.2499999994774754,0.2500000005064114,0.4999999989710641
B,B2,0.3,0.3,2,2,1,5,0.009765625,0.4999999999840392,0.2499999994772084,0.2500000005068308,0.4999999989703777
B,B2,0.3,0.3,2,2,1,5,0.013671875,0.4999999999839741,0.2499999994773215,0.2500000005066526,0.499999998970669
B,B2,0.3,0.3,2,2,1,5,0.017578125,0.4999999999841669,0.2499999994769821,0.2500000005071848,0.4999999989697974
B,B2,0.3,0.3,2,2,1,5,0.021484375,0.4999999999841894,0.2499999994769415,0.2500000005072479,0.4999999989696936
B,B2,0.3,0.3,2,2,1,5,0.025390625,0.4999999999842658,0.2499999994768067,0.2500000005074591,0.4999999989693477
B,B2,0.3,0.3,2,2,1,5,0.029296875,0.4999999999839923,0.2499999994772843,0.250000000506708,0.4999999989705762
B,B2,0.3,0.3,2,2,1,5,0.033203125,0.4999999999842368,0.2499999994768547,0.250000000507382,0.4999999989694727
B,B2,0.3,0.3,2,2,1,5,0.037109375,0.4999999999841531,0.2499999994769994,0.2500000005071537,0.4999999989698457
B,B2,0.3,0.3,2,2,1,5,0.041015625,0.4999999999841478,0.2499999994770062,0.2500000005071416,0.4999999989698646
B,B2,0.3,0.3,2,2,1,5,0.044921875,0.4999999999841462,0.2499999994770067,0.2500000005071394,0.4999999989698673
B,B2,0.3,0.3,2,2,1,5,0.048828125,0.4999999999841446,0.2499999994770067,0.2500000005071378,0.4999999989698689
B,B2,0.3,0.3,2,2,1,5,0.052734375,0.499999999984143,0.2499999994770067,0.2500000005071363,0.4999999989698704
B,B2,0.3,0.3,2,2,1,5,0.056640625,0.4999999999841415,0.2499999994770068,0.2500000005071347,0.4999999989698721
B,B2,0.3,0.3,2,2,1,5,0.060546875,0.4999999999841399,0.2499999994770069,0.250000000507133,0.499999998969874
B,B2,0.3,0.3,2,2,1,5,0.064453125,0.4999999999841382,0.2499999994770072,0.2500000005071311,0.4999999989698761
B,B2,0.3,0.3,2,2,1,5,0.068359375,0.4999999999841367,0.2499999994770073,0.2500000005071293,0.499999998969878
B,B2,0.3,0.3,2,2,1,5,0.072265625,0.499999999984135,0.2499999994770075,0.2500000005071276,0.4999999989698799
B,B2,0.3,0.3,2,2,1,5,0.076171875,0.4999999999841333,0.2499999994770079,0.2500000005071254,0.4999999989698825
B,B2,0.3,0.3,2,2,1,5,0.080078125,0.4999999999841317,0.2499999994770082,0.2500000005071236,0.4999999989698846
B,B2,0.3,0.3,2,2,1,5,0.083984375,0.4999999999841299,0.2499999994770086,0.2500000005071213,0.4999999989698872
B,B2,0.3,0.3,2,2,1,5,0.087890625,0.499999999984128,0.2499999994770092,0.2500000005071188,0.4999999989698904
B,B2,0.3,0.3,2,2,1,5,0.091796875,0.4999999999841263,0.2499999994770097,0.2500000005071166,0.4999999989698931
B,B2,0.3,0.3,2,2,1,5,0.095703125,0.4999999999841245,0.2499999994770102,0.2500000005071142,0.499999998969896
B,B2,0.3,0.3,2,2,1,5,0.099609375,0.4999999999841226,0.249999999477011,0.2500000005071116,0.4999999989698995
B,B2,0.3,0.3,2,2,1,5,0.103515625,0.4999999999841208,0.2499999994770116,0.2500000005071092,0.4999999989699024
B,B2,0.3,0.3,2,2,1,5,0.107421875,0.499999999984119,0.2499999994770121,0.2500000005071069,0.4999999989699052
B,B2,0.3,0.3,2,2,1,5,0.111328125,0.499999999984117,0.2499999994770129,0.2500000005071041,0.4999999989699087
B,B2,0.3,0.3,2,2,1,5,0.115234375,0.499999999984115,0.2499999994770138,0.2500000005071012,0.4999999989699125
B,B2,0.3,0.3,2,2,1,5,0.119140625,0.4999999999841132,0.2499999994770146,0.2500000005070986,0.499999998969916
B,B2,0.3,0.3,2,2,1,5,0.123046875,0.4999999999841112,0.2499999994770154,0.2500000005070957,0.4999999989699197
B,B2,0.3,0.3,2,2,1,5,0.126953125,0.4999999999841092,0.2499999994770163,0.2500000005070928,0.4999999989699235
B,B2,0.3,0.3,2,2,1,5,0.130859375,0.4999999999841073,0.2499999994770173,0.25000000050709,0.4999999989699273
B,B2,0.3,0.3,2,2,1,5,0.134765625,0.4999999999841053,0.249999999477018,0.2500000005070873,0.4999999989699307
B,B2,0.3,0.3,2,2,1,5,0.138671875,0.4999999999841032,0.2499999994770193,0.2500000005070838,0.4999999989699355
B,B2,0.3,0.3,2,2,1,5,0.142578125,0.4999999999841012,0.2499999994770202,0.2500000005070809,0.4999999989699392
B,B2,0.3,0.3,2,2,1,5,0.146484375,0.499999999984099,0.2499999994770215,0.2500000005070775,0.4999999989699439
B,B2,0.3,0.3,2,2,1,5,0.150390625,0.4999999999840969,0.2499999994770226,0.2500000005070744,0.4999999989699482
B,B2,0.3,0.3,2,2,1,5,0.154296875,0.4999999999840947,0.2499999994770238,0.2500000005070709,0.4999999989699529
B,B2,0.3,0.3,2,2,1,5,0.158203125,0.4999999999840926,0.2499999994770248,0.2500000005070678,0.4999999989699569
B,B2,0.3,0.3,2,2,1,5,0.162109375,0.4999999999840904,0.2499999994770261,0.2500000005070643,0.4999999989699618
B,B2,0.3,0.3,2,2,1,5,0.166015625,0.4999999999840882,0.2499999994770273,0.2500000005070609,0.4999999989699663
B,B2,0.3,0.3,2,2,1,5,0.169921875,0.4999999999840861,0.2499999994770285,0.2500000005070576,0.4999999989699709
B,B2,0.3,0.3,2,2,1,5,0.173828125,0.499999999984084,0.2499999994770297,0.2500000005070542,0.4999999989699755
B,B2,0.3,0.3,2,2,1,5,0.177734375,0.4999999999840818,0.2499999994770309,0.250000000507051,0.4999999989699799
B,B2,0.3,0.3,2,2,1,5,0.181640625,0.4999999999840796,0.2499999994770321,0.2500000005070476,0.4999999989699845
B,B2,0.3,0.3,2,2,1,5,0.185546875,0.4999999999840773,0.2499999994770337,0.2500000005070436,0.4999999989699901
B,B2,0.3,0.3,2,2,1,5,0.189453125,0.4999999999840752,0.2499999994770349,0.2500000005070403,0.4999999989699946
B,B2,0.3,0.3,2,2,1,5,0.193359375,0.4999999999840728,0.2499999994770366,0.2500000005070362,0.4999999989700005
B,B2,0.3,0.3,2,2,1,5,0.197265625,0.4999999999840707,0.2499999994770378,0.250000000507033,0.4999999989700048
B,B2,0.3,0.3,2,2,1,5,0.201171875,0.4999999999840684,0.2499999994770395,0.2500000005070289,0.4999999989700106
B,B2,0.3,0.3,2,2,1,5,0.205078125,0.499999999984066,0.2499999994770411,0.2500000005070249,0.4999999989700162
B,B2,0.3,0.3,2,2,1,5,0.208984375,0.4999999999840639,0.2499999994770423,0.2500000005070216,0.4999999989700207
B,B2,0.3,0.3,2,2,1,5,0.212890625,0.4999999999840616,0.2499999994770436,0.250000000507018,0.4999999989700257
B,B2,0.3,0.3,2,2,1,5,0.216796875,0.4999999999840594,0.2499999994770449,0.2500000005070145,0.4999999989700304
B,B2,0.3,0.3,2,2,1,5,0.220703125,0.499999999984057,0.2499999994770467,0.2500000005070103,0.4999999989700363
B,B2,0.3,0.3,2,2,1,5,0.224609375,0.4999999999840547,0.2499999994770483,0.2500000005070064,0.4999999989700418
B,B2,0.3,0.3,2,2,1,5,0.228515625,0.4999999999840524,0.2499999994770499,0.2500000005070024,0.4999999989700474
B,B2,0.3,0.3,2,2,1,5,0.232421875,0.4999999999840501,0.2499999994770513,0.2500000005069988,0.4999999989700526
B,B2,0.3,0.3,2,2,1,5,0.236328125,0.4999999999840479,0.2499999994770529,0.2500000005069949,0.499999998970058
B,B2,0.3,0.3,2,2,1,5,0.240234375,0.4999999999840457,0.2499999994770544,0.2500000005069913,0.4999999989700631
B,B2,0.3,0.3,2,2,1,5,0.244140625,0.4999999999840432,0.249999999477056,0.2500000005069872,0.4999999989700687
B,B2,0.3,0.3,2,2,1,5,0.248046875,0.499999999984041,0.2499999994770575,0.2500000005069835,0.499999998970074
B,B2,0.3,0.3,2,2,1,5,0.251953125,0.499999999984039,0.2499999994770588,0.2500000005069802,0.4999999989700786
B,B2,0.3,0.3,2,2,1,5,0.255859375,0.4999999999840367,0.2499999994770607,0.2500000005069759,0.4999999989700848
B,B2,0.3,0.3,2,2,1,5,0.259765625,0.4999999999840345,0.2499999994770621,0.2500000005069725,0.4999999989700896
B,B2,0.3,0.3,2,2,1,5,0.263671875,0.4999999999840324,0.2499999994770637,0.2500000005069687,0.4999999989700949
B,B2,0.3,0.3,2,2,1,5,0.267578125,0.4999999999840302,0.2499999994770653,0.2500000005069649,0.4999999989701004
B,B2,0.3,0.3,2,2,1,5,0.271484375,0.499999999984028,0.249999999477067,0.250000000506961,0.4999999989701059
B,B2,0.3,0.3,2,2,1,5,0.275390625,0.4999999999840259,0.2499999994770686,0.2500000005069574,0.4999999989701112
B,B2,0.3,0.3,2,2,1,5,0.279296875,0.4999999999840238,0.2499999994770701,0.2500000005069537,0.4999999989701163
B,B2,0.3,0.3,2,2,1,5,0.283203125,0.4999999999840216,0.2499999994770717,0.2500000005069499,0.4999999989701218
B,B2,0.3,0.3,2,2,1,5,0.287109375,0.4999999999840196,0.249999999477073,0.2500000005069465,0.4999999989701265
B,B2,0.3,0.3,2,2,1,5,0.291015625,0.4999999999840173,0.2499999994770745,0.2500000005069428,0.4999999989701317
B,B2,0.3,0.3,2,2,1,5,0.294921875,0.4999999999840152,0.249999999477076,0.2500000005069392,0.4999999989701368
B,B2,0.3,0.3,2,2,1,5,0.298828125,0.4999999999840129,0.2499999994770776,0.2500000005069353,0.4999999989701424
B,B2,0.3,0.3,2,2,1,5,0.302734375,0.499999999984011,0.2499999994770789,0.2500000005069322,0.4999999989701467
B,B2,0.3,0.3,2,2,1,5,0.306640625,0.4999999999840089,0.2499999994770804,0.2500000005069285,0.4999999989701518
B,B2,0.3,0.3,2,2,1,5,0.310546875,0.4999999999840066,0.2499999994770821,0.2500000005069245,0.4999999989701576
B,B2,0.3,0.3,2,2,1,5,0.314453125,0.4999999999840045,0.2499999994770837,0.2500000005069207,0.499999998970163
B,B2,0.3,0.3,2,2,1,5,0.318359375,0.4999999999840025,0.249999999477085,0.2500000005069175,0.4999999989701674
B,B2,0.3,0.3,2,2,1,5,0.322265625,0.4999999999840004,0.2499999994770863,0.250000000506914,0.4999999989701723
B,B2,0.3,0.3,2,2,1,5,0.326171875,0.4999999999839983,0.2499999994770876,0.2500000005069107,0.4999999989701769
B,B2,0.3,0.3,2,2,1,5,0.330078125,0.4999999999839964,0.2499999994770889,0.2500000005069075,0.4999999989701813
B,B2,0.3,0.3,2,2,1,5,0.333984375,0.4999999999839943,0.2499999994770904,0.250000000506904,0.4999999989701864
B,B2,0.3,0.3,2,2,1,5,0.337890625,0.4999999999839922,0.2499999994770917,0.2500000005069005,0.4999999989701912
B,B2,0.3,0.3,2,2,1,5,0.341796875,0.4999999999839904,0.2499999994770928,0.2500000005068975,0.4999999989701953
B,B2,0.3,0.3,2,2,1,5,0.345703125,0.4999999999839885,0.249999999477094,0.2500000005068945,0.4999999989701995
B,B2,0.3,0.3,2,2,1,5,0.349609375,0.4999999999839866,0.2499999994770952,0.2500000005068914,0.4999999989702039
B,B2,0.3,0.3,2,2,1,5,0.353515625,0.4999999999839845,0.2499999994770969,0.2500000005068875,0.4999999989702094
B,B2,0.3,0.3,2,2,1,5,0.357421875,0.4999999999839825,0.2499999994770982,0.2500000005068843,0.4999999989702139
B,B2,0.3,0.3,2,2,1,5,0.361328125,0.4999999999839807,0.2499999994770993,0.2500000005068814,0.499999998970218
B,B2,0.3,0.3,2,2,1,5,0.365234375,0.4999999999839788,0.2499999994771005,0.2500000005068783,0.4999999989702221
B,B2,0.3,0.3,2,2,1,5,0.369140625,0.4999999999839773,0.2499999994771013,0.250000000506876,0.4999999989702252
B,B2,0.3,0.3,2,2,1,5,0.373046875,0.4999999999839754,0.2499999994771026,0.2500000005068728,0.4999999989702299
B,B2,0.3,0.3,2,2,1,5,0.376953125,0.4999999999839738,0.2499999994771034,0.2500000005068704,0.4999999989702331
B,B2,0.3,0.3,2,2,1,5,0.380859375,0.4999999999839723,0.2499999994771041,0.2500000005068681,0.499999998970236
B,B2,0.3,0.3,2,2,1,5,0.384765625,0.4999999999839706,0.2499999994771052,0.2500000005068654,0.4999999989702398
B,B2,0.3,0.3,2,2,1,5,0.388671875,0.4999999999839691,0.249999999477106,0.2500000005068631,0.4999999989702429
B,B2,0.3,0.3,2,2,1,5,0.392578125,0.4999999999839675,0.249999999477107,0.2500000005068606,0.4999999989702464
B,B2,0.3,0.3,2,2,1,5,0.396484375,0.4999999999839658,0.2499999994771082,0.2500000005068576,0.4999999989702507
B,B2,0.3,0.3,2,2,1,5,0.400390625,0.4999999999839642,0.2499999994771093,0.2500000005068549,0.4999999989702544
B,B2,0.3,0.3,2,2,1,5,0.404296875,0.4999999999839627,0.24999999947711,0.2500000005068527,0.4999999989702573
B,B2,0.3,0.3,2,2,1,5,0.408203125,0.4999999999839613,0.2499999994771107,0.2500000005068506,0.49999999897026
B,B2,0.3,0.3,2,2,1,5,0.412109375,0.4999999999839597,0.2499999994771118,0.250000000506848,0.4999999989702638
B,B2,0.3,0.3,2,2,1,5,0.416015625,0.4999999999839584,0.2499999994771122,0.2500000005068462,0.4999999989702659
B,B2,0.3,0.3,2,2,1,5,0.419921875,0.4999999999839572,0.2499999994771129,0.2500000005068442,0.4999999989702687
B,B2,0.3,0.3,2,2,1,5,0.423828125,0.4999999999839558,0.2499999994771137,0.250000000506842,0.4999999989702717
B,B2,0.3,0.3,2,2,1,5,0.427734375,0.4999999999839546,0.2499999994771141,0.2500000005068405,0.4999999989702736
B,B2,0.3,0.3,2,2,1,5,0.431640625,0.4999999999839533,0.2499999994771148,0.2500000005068385,0.4999999989702762
B,B2,0.3,0.3,2,2,1,5,0.435546875,0.4999999999839522,0.249999999477115,0.2500000005068371,0.4999999989702779
B,B2,0.3,0.3,2,2,1,5,0.439453125,0.4999999999839511,0.2499999994771153,0.2500000005068357,0.4999999989702796
B,B2,0.3,0.3,2,2,1,5,0.443359375,0.49999999998395,0.2499999994771157,0.2500000005068343,0.4999999989702814
B,B2,0.3,0.3,2,2,1,5,0.447265625,0.499999999983949,0.249999999477116,0.2500000005068329,0.4999999989702831
B,B2,0.3,0.3,2,2,1,5,0.451171875,0.499999999983948,0.2499999994771163,0.2500000005068317,0.4999999989702846
B,B2,0.3,0.3,2,2,1,5,0.455078125,0.499999999983947,0.2499999994771165,0.2500000005068305,0.499999998970286
B,B2,0.3,0.3,2,2,1,5,0.458984375,0.4999999999839461,0.2499999994771167,0.2500000005068294,0.4999999989702873
B,B2,0.3,0.3,2,2,1,5,0.462890625,0.4999999999839452,0.2499999994771167,0.2500000005068285,0.4999999989702883
B,B2,0.3,0.3,2,2,1,5,0.466796875,0.4999999999839443,0.249999999477117,0.2500000005068274,0.4999999989702896
B,B2,0.3,0.3,2,2,1,5,0.470703125,0.4999999999839435,0.249999999477117,0.2500000005068265,0.4999999989702905
B,B2,0.3,0.3,2,2,1,5,0.474609375,0.4999999999839427,0.249999999477117,0.2500000005068257,0.4999999989702913
B,B2,0.3,0.3,2,2,1,5,0.478515625,0.499999999983942,0.249999999477117,0.2500000005068249,0.4999999989702921
B,B2,0.3,0.3,2,2,1,5,0.482421875,0.4999999999839412,0.249999999477117,0.2500000005068242,0.4999999989702928
B,B2,0.3,0.3,2,2,1,5,0.486328125,0.4999999999839405,0.2499999994771167,0.2500000005068238,0.4999999989702928
B,B2,0.3,0.3,2,2,1,5,0.490234375,0.4999999999839398,0.2499999994771166,0.2500000005068231,0.4999999989702935
B,B2,0.3,0.3,2,2,1,5,0.494140625,0.4999999999839392,0.2499999994771165,0.2500000005068227,0.4999999989702938
B,B2,0.3,0.3,2,2,1,5,0.498046875,0.4999999999839387,0.2499999994771162,0.2500000005068225,0.4999999989702938
B,B2,0.3,0.3,2,2,1,5,0.501953125,0.4999999999839382,0.249999999477116,0.2500000005068222,0.4999999989702938
B,B2,0.3,0.3,2,2,1,5,0.505859375,0.4999999999839377,0.2499999994771157,0.250000000506822,0.4999999989702937
B,B2,0.3,0.3,2,2,1,5,0.509765625,0.4999999999839372,0.2499999994771154,0.2500000005068218,0.4999999989702936
B,B2,0.3,0.3,2,2,1,5,0.513671875,0.4999999999839368,0.2499999994771149,0.2500000005068219,0.499999998970293
B,B2,0.3,0.3,2,2,1,5,0.517578125,0.4999999999839363,0.2499999994771146,0.2500000005068217,0.499999998970293
B,B2,0.3,0.3,2,2,1,5,0.521484375,0.4999999999839358,0.2499999994771144,0.2500000005068215,0.499999998970293
B,B2,0.3,0.3,2,2,1,5,0.525390625,0.4999999999839355,0.249999999477114,0.2500000005068216,0.4999999989702924
B,B2,0.3,0.3,2,2,1,5,0.529296875,0.4999999999839352,0.2499999994771133,0.2500000005068219,0.4999999989702914
B,B2,0.3,0.3,2,2,1,5,0.533203125,0.499999999983935,0.2499999994771129,0.250000000506822,0.4999999989702909
B,B2,0.3,0.3,2,2,1,5,0.537109375,0.4999999999839349,0.2499999994771122,0.2500000005068227,0.4999999989702895
B,B2,0.3,0.3,2,2,1,5,0.541015625,0.4999999999839346,0.2499999994771116,0.250000000506823,0.4999999989702886
B,B2,0.3,0.3,2,2,1,5,0.544921875,0.4999999999839345,0.2499999994771107,0.2500000005068238,0.4999999989702869
B,B2,0.3,0.3,2,2,1,5,0.548828125,0.4999999999839344,0.2499999994771101,0.2500000005068244,0.4999999989702857
B,B2,0.3,0.3,2,2,1,5,0.552734375,0.4999999999839344,0.2499999994771092,0.2500000005068252,0.499999998970284
B,B2,0.3,0.3,2,2,1,5,0.556640625,0.4999999999839343,0.2499999994771082,0.250000000506826,0.4999999989702822
B,B2,0.3,0.3,2,2,1,5,0.560546875,0.4999999999839345,0.249999999477107,0.2500000005068275,0.4999999989702796
B,B2,0.3,0.3,2,2,1,5,0.564453125,0.4999999999839345,0.249999999477106,0.2500000005068285,0.4999999989702775
B,B2,0.3,0.3,2,2,1,5,0.568359375,0.4999999999839345,0.2499999994771051,0.2500000005068294,0.4999999989702757
B,B2,0.3,0.3,2,2,1,5,0.572265625,0.4999999999839349,0.2499999994771037,0.2500000005068312,0.4999999989702725
B,B2,0.3,0.3,2,2,1,5,0.576171875,0.499999999983935,0.2499999994771024,0.2500000005068326,0.4999999989702698
B,B2,0.3,0.3,2,2,1,5,0.580078125,0.4999999999839353,0.2499999994771012,0.2500000005068341,0.4999999989702671
B,B2,0.3,0.3,2,2,1,5,0.583984375,0.4999999999839355,0.2499999994771001,0.2500000005068355,0.4999999989702646
B,B2,0.3,0.3,2,2,1,5,0.587890625,0.4999999999839356,0.249999999477099,0.2500000005068366,0.4999999989702624
B,B2,0.3,0.3,2,2,1,5,0.591796875,0.4999999999839357,0.2499999994770979,0.2500000005068378,0.4999999989702602
B,B2,0.3,0.3,2,2,1,5,0.595703125,0.4999999999839359,0.2499999994770968,0.2500000005068391,0.4999999989702577
B,B2,0.3,0.3,2,2,1,5,0.599609375,0.4999999999839362,0.2499999994770956,0.2500000005068406,0.499999998970255
B,B2,0.3,0.3,2,2,1,5,0.603515625,0.4999999999839366,0.2499999994770942,0.2500000005068424,0.4999999989702518
B,B2,0.3,0.3,2,2,1,5,0.607421875,0.4999999999839372,0.2499999994770924,0.2500000005068447,0.4999999989702477
B,B2,0.3,0.3,2,2,1,5,0.611328125,0.4999999999839376,0.249999999477091,0.2500000005068466,0.4999999989702444
B,B2,0.3,0.3,2,2,1,5,0.615234375,0.499999999983938,0.2499999994770896,0.2500000005068484,0.4999999989702412
B,B2,0.3,0.3,2,2,1,5,0.619140625,0.4999999999839387,0.2499999994770878,0.2500000005068509,0.4999999989702369
B,B2,0.3,0.3,2,2,1,5,0.623046875,0.4999999999839395,0.2499999994770859,0.2500000005068536,0.4999999989702323
B,B2,0.3,0.3,2,2,1,5,0.626953125,0.4999999999839398,0.2499999994770845,0.2500000005068553,0.4999999989702291
B,B2,0.3,0.3,2,2,1,5,0.630859375,0.4999999999839403,0.2499999994770832,0.2500000005068571,0.4999999989702261
B,B2,0.3,0.3,2,2,1,5,0.634765625,0.4999999999839407,0.2499999994770817,0.250000000506859,0.4999999989702227
B,B2,0.3,0.3,2,2,1,5,0.638671875,0.4999999999839415,0.2499999994770801,0.2500000005068614,0.4999999989702187
B,B2,0.3,0.3,2,2,1,5,0.642578125,0.4999999999839422,0.2499999994770784,0.2500000005068638,0.4999999989702147
B,B2,0.3,0.3,2,2,1,5,0.646484375,0.4999999999839432,0.2499999994770763,0.2500000005068669,0.4999999989702095
B,B2,0.3,0.3,2,2,1,5,0.650390625,0.499999999983944,0.2499999994770746,0.2500000005068694,0.4999999989702052
B,B2,0.3,0.3,2,2,1,5,0.654296875,0.4999999999839449,0.2499999994770725,0.2500000005068724,0.4999999989702
B,B2,0.3,0.3,2,2,1,5,0.658203125,0.4999999999839458,0.2499999994770705,0.2500000005068754,0.4999999989701951
B,B2,0.3,0.3,2,2,1,5,0.662109375,0.4999999999839464,0.2499999994770692,0.2500000005068772,0.4999999989701919
B,B2,0.3,0.3,2,2,1,5,0.666015625,0.4999999999839473,0.2499999994770674,0.2500000005068799,0.4999999989701874
B,B2,0.3,0.3,2,2,1,5,0.669921875,0.499999999983948,0.2499999994770656,0.2500000005068824,0.4999999989701833
B,B2,0.3,0.3,2,2,1,5,0.673828125,0.4999999999839487,0.2499999994770641,0.2500000005068846,0.4999999989701794
B,B2,0.3,0.3,2,2,1,5,0.677734375,0.4999999999839498,0.2499999994770617,0.2500000005068881,0.4999999989701736
B,B2,0.3,0.3,2,2,1,5,0.681640625,0.4999999999839511,0.2499999994770593,0.2500000005068918,0.4999999989701674
B,B2,0.3,0.3,2,2,1,5,0.685546875,0.499999999983952,0.2499999994770573,0.2500000005068947,0.4999999989701625
B,B2,0.3,0.3,2,2,1,5,0.689453125,0.4999999999839531,0.2499999994770552,0.2500000005068979,0.4999999989701574
B,B2,0.3,0.3,2,2,1,5,0.693359375,0.4999999999839536,0.2499999994770539,0.2500000005068997,0.4999999989701542
B,B2,0.3,0.3,2,2,1,5,0.697265625,0.4999999999839546,0.249999999477052,0.2500000005069026,0.4999999989701494
B,B2,0.3,0.3,2,2,1,5,0.701171875,0.4999999999839557,0.2499999994770497,0.250000000506906,0.4999999989701437
B,B2,0.3,0.3,2,2,1,5,0.705078125,0.4999999999839568,0.2499999994770476,0.2500000005069092,0.4999999989701384
B,B2,0.3,0.3,2,2,1,5,0.708984375,0.499999999983958,0.2499999994770454,0.2500000005069126,0.4999999989701329
B,B2,0.3,0.3,2,2,1,5,0.712890625,0.4999999999839591,0.2499999994770433,0.2500000005069157,0.4999999989701275
B,B2,0.3,0.3,2,2,1,5,0.716796875,0.4999999999839603,0.249999999477041,0.2500000005069193,0.4999999989701217
B,B2,0.3,0.3,2,2,1,5,0.720703125,0.4999999999839609,0.2499999994770395,0.2500000005069215,0.499999998970118
B,B2,0.3,0.3,2,2,1,5,0.724609375,0.4999999999839621,0.2499999994770374,0.2500000005069247,0.4999999989701126
B,B2,0.3,0.3,2,2,1,5,0.728515625,0.4999999999839631,0.2499999994770355,0.2500000005069276,0.4999999989701079
B,B2,0.3,0.3,2,2,1,5,0.732421875,0.4999999999839642,0.2499999994770333,0.2500000005069309,0.4999999989701024
B,B2,0.3,0.3,2,2,1,5,0.736328125,0.4999999999839658,0.2499999994770306,0.2500000005069352,0.4999999989700954
B,B2,0.3,0.3,2,2,1,5,0.740234375,0.4999999999839669,0.2499999994770287,0.2500000005069382,0.4999999989700905
B,B2,0.3,0.3,2,2,1,5,0.744140625,0.499999999983968,0.2499999994770266,0.2500000005069415,0.4999999989700851
B,B2,0.3,0.3,2,2,1,5,0.748046875,0.4999999999839691,0.2499999994770245,0.2500000005069446,0.49999999897008
B,B2,0.3,0.3,2,2,1,5,0.751953125,0.4999999999839702,0.2499999994770226,0.2500000005069475,0.4999999989700751
B,B2,0.3,0.3,2,2,1,5,0.755859375,0.4999999999839712,0.2499999994770206,0.2500000005069505,0.4999999989700701
B,B2,0.3,0.3,2,2,1,5,0.759765625,0.4999999999839725,0.2499999994770183,0.2500000005069542,0.4999999989700641
B,B2,0.3,0.3,2,2,1,5,0.763671875,0.4999999999839738,0.2499999994770159,0.2500000005069579,0.499999998970058
B,B2,0.3,0.3,2,2,1,5,0.767578125,0.4999999999839749,0.2499999994770138,0.2500000005069611,0.4999999989700527
B,B2,0.3,0.3,2,2,1,5,0.771484375,0.499999999983976,0.2499999994770119,0.2500000005069641,0.4999999989700478
B,B2,0.3,0.3,2,2,1,5,0.775390625,0.4999999999839771,0.24999999947701,0.2500000005069671,0.4999999989700429
B,B2,0.3,0.3,2,2,1,5,0.779296875,0.4999999999839784,0.2499999994770077,0.2500000005069707,0.499999998970037
B,B2,0.3,0.3,2,2,1,5,0.783203125,0.4999999999839795,0.2499999994770057,0.2500000005069738,0.4999999989700319
B,B2,0.3,0.3,2,2,1,5,0.787109375,0.4999999999839804,0.2499999994770041,0.2500000005069763,0.4999999989700278
B,B2,0.3,0.3,2,2,1,5,0.791015625,0.4999999999839817,0.2499999994770015,0.2500000005069802,0.4999999989700213
B,B2,0.3,0.3,2,2,1,5,0.794921875,0.4999999999839828,0.2499999994769997,0.2500000005069831,0.4999999989700165
B,B2,0.3,0.3,2,2,1,5,0.798828125,0.4999999999839839,0.2499999994769976,0.2500000005069863,0.4999999989700113
B,B2,0.3,0.3,2,2,1,5,0.802734375,0.4999999999839851,0.2499999994769955,0.2500000005069896,0.4999999989700059
B,B2,0.3,0.3,2,2,1,5,0.806640625,0.4999999999839861,0.2499999994769936,0.2500000005069926,0.499999998970001
B,B2,0.3,0.3,2,2,1,5,0.810546875,0.499999999983987,0.2499999994769919,0.2500000005069951,0.4999999989699969
B,B2,0.3,0.3,2,2,1,5,0.814453125,0.4999999999839881,0.24999999947699,0.2500000005069982,0.4999999989699918
B,B2,0.3,0.3,2,2,1,5,0.818359375,0.4999999999839893,0.249999999476988,0.2500000005070013,0.4999999989699866
B,B2,0.3,0.3,2,2,1,5,0.822265625,0.4999999999839904,0.2499999994769861,0.2500000005070043,0.4999999989699817
B,B2,0.3,0.3,2,2,1,5,0.826171875,0.4999999999839917,0.249999999476984,0.2500000005070077,0.4999999989699764
B,B2,0.3,0.3,2,2,1,5,0.830078125,0.4999999999839927,0.2499999994769823,0.2500000005070104,0.4999999989699719
B,B2,0.3,0.3,2,2,1,5,0.833984375,0.4999999999839938,0.2499999994769804,0.2500000005070134,0.499999998969967
B,B2,0.3,0.3,2,2,1,5,0.837890625,0.4999999999839948,0.2499999994769788,0.250000000507016,0.4999999989699627
B,B2,0.3,0.3,2,2,1,5,0.841796875,0.4999999999839957,0.2499999994769771,0.2500000005070185,0.4999999989699586
B,B2,0.3,0.3,2,2,1,5,0.845703125,0.4999999999839966,0.2499999994769752,0.2500000005070214,0.4999999989699538
B,B2,0.3,0.3,2,2,1,5,0.849609375,0.4999999999839974,0.249999999476974,0.2500000005070234,0.4999999989699505
B,B2,0.3,0.3,2,2,1,5,0.853515625,0.4999999999839985,0.249999999476972,0.2500000005070264,0.4999999989699456
B,B2,0.3,0.3,2,2,1,5,0.857421875,0.4999999999839994,0.2499999994769704,0.250000000507029,0.4999999989699414
B,B2,0.3,0.3,2,2,1,5,0.861328125,0.4999999999840002,0.2499999994769688,0.2500000005070314,0.4999999989699374
B,B2,0.3,0.3,2,2,1,5,0.865234375,0.4999999999840013,0.249999999476967,0.2500000005070343,0.4999999989699327
B,B2,0.3,0.3,2,2,1,5,0.869140625,0.4999999999840021,0.2499999994769657,0.2500000005070364,0.4999999989699294
B,B2,0.3,0.3,2,2,1,5,0.873046875,0.499999999984003,0.2499999994769643,0.2500000005070387,0.4999999989699256
B,B2,0.3,0.3,2,2,1,5,0.876953125,0.4999999999840039,0.2499999994769629,0.250000000507041,0.4999999989699219
B,B2,0.3,0.3,2,2,1,5,0.880859375,0.4999999999840048,0.2499999994769614,0.2500000005070434,0.499999998969918
B,B2,0.3,0.3,2,2,1,5,0.884765625,0.4999999999840058,0.2499999994769597,0.2500000005070461,0.4999999989699136
B,B2,0.3,0.3,2,2,1,5,0.888671875,0.4999999999840065,0.2499999994769585,0.250000000507048,0.4999999989699105
B,B2,0.3,0.3,2,2,1,5,0.892578125,0.4999999999840073,0.2499999994769571,0.2500000005070502,0.499999998969907
B,B2,0.3,0.3,2,2,1,5,0.896484375,0.4999999999840079,0.249999999476956,0.2500000005070518,0.4999999989699042
B,B2,0.3,0.3,2,2,1,5,0.900390625,0.4999999999840086,0.2499999994769548,0.2500000005070537,0.499999998969901
B,B2,0.3,0.3,2,2,1,5,0.904296875,0.4999999999840092,0.2499999994769537,0.2500000005070556,0.4999999989698981
B,B2,0.3,0.3,2,2,1,5,0.908203125,0.4999999999840097,0.2499999994769528,0.250000000507057,0.4999999989698958
B,B2,0.3,0.3,2,2,1,5,0.912109375,0.4999999999840103,0.2499999994769516,0.2500000005070588,0.4999999989698928
B,B2,0.3,0.3,2,2,1,5,0.916015625,0.499999999984011,0.2499999994769505,0.2500000005070605,0.4999999989698899
B,B2,0.3,0.3,2,2,1,5,0.919921875,0.4999999999840116,0.2499999994769494,0.2500000005070622,0.4999999989698872
B,B2,0.3,0.3,2,2,1,5,0.923828125,0.4999999999840121,0.2499999994769484,0.2500000005070637,0.4999999989698847
B,B2,0.3,0.3,2,2,1,5,0.927734375,0.4999999999840127,0.2499999994769473,0.2500000005070653,0.499999998969882
B,B2,0.3,0.3,2,2,1,5,0.931640625,0.4999999999840131,0.2499999994769466,0.2500000005070666,0.49999999896988
B,B2,0.3,0.3,2,2,1,5,0.935546875,0.4999999999840136,0.2499999994769458,0.2500000005070678,0.499999998969878
B,B2,0.3,0.3,2,2,1,5,0.939453125,0.499999999984014,0.2499999994769452,0.2500000005070688,0.4999999989698763
B,B2,0.3,0.3,2,2,1,5,0.943359375,0.4999999999840146,0.2499999994769444,0.2500000005070702,0.4999999989698743
B,B2,0.3,0.3,2,2,1,5,0.947265625,0.499999999984015,0.2499999994769439,0.2500000005070711,0.4999999989698728
B,B2,0.3,0.3,2,2,1,5,0.951171875,0.4999999999840154,0.2499999994769433,0.2500000005070722,0.4999999989698711
B,B2,0.3,0.3,2,2,1,5,0.955078125,0.4999999999840158,0.2499999994769427,0.2500000005070731,0.4999999989698697
B,B2,0.3,0.3,2,2,1,5,0.958984375,0.4999999999840161,0.2499999994769423,0.2500000005070738,0.4999999989698684
B,B2,0.3,0.3,2,2,1,5,0.962890625,0.4999999999840163,0.2499999994769419,0.2500000005070744,0.4999999989698675
B,B2,0.3,0.3,2,2,1,5,0.966796875,0.4999999999840166,0.2499999994769416,0.250000000507075,0.4999999989698665
B,B2,0.3,0.3,2,2,1,5,0.970703125,0.4999999999840168,0.2499999994769413,0.2500000005070756,0.4999999989698657
B,B2,0.3,0.3,2,2,1,5,0.974609375,0.499999999984017,0.249999999476941,0.2500000005070759,0.499999998969865
B,B2,0.3,0.3,2,2,1,5,0.978515625,0.4999999999840172,0.2499999994769408,0.2500000005070764,0.4999999989698644
B,B2,0.3,0.3,2,2,1,5,0.982421875,0.4999999999840175,0.2499999994769405,0.250000000507077,0.4999999989698634
B,B2,0.3,0.3,2,2,1,5,0.986328125,0.4999999999840177,0.2499999994769403,0.2500000005070774,0.499999998969863
B,B2,0.3,0.3,2,2,1,5,0.990234375,0.4999999999840178,0.2499999994769403,0.2500000005070776,0.4999999989698627
B,B2,0.3,0.3,2,2,1,5,0.994140625,0.4999999999840181,0.2499999994769402,0.2500000005070779,0.4999999989698622
B,B2,0.3,0.3,2,2,1,5,0.998046875,0.4999999999836801,0.2499999994775321,0.250000000506148,0.4999999989713841
B,B3,0.4,0.4,2,2,1,0,0.001953125,3.764908042772954e-05,0,3.764908042772954e-05,0
B,B3,0.4,0.4,2,2,1,0,0.005859375,0.0003388077058252495,0,0.0003388077058252495,0
B,B3,0.4,0.4,2,2,1,0,0.009765625,0.0009409435499253964,0,0.0009409435499253964,0
B,B3,0.4,0.4,2,2,1,0,0.013671875,0.001843693908610993,0,0.001843693908610993,0
B,B3,0.4,0.4,2,2,1,0,0.017578125,0.003046514998821978,0,0.003046514998821978,0
B,B3,0.4,0.4,2,2,1,0,0.021484375,0.004548682286109986,0,0.004548682286109986,0
B,B3,0.4,0.4,2,2,1,0,0.025390625,0.00634929092107081,0,0.00634929092107081,0
B,B3,0.4,0.4,2,2,1,0,0.029296875,0.008447256284391835,0,0.008447256284391835,0
B,B3,0.4,0.4,2,2,1,0,0.033203125,0.01084131464018618,0,0.01084131464018618,0
B,B3,0.4,0.4,2,2,1,0,0.037109375,0.01353002389721992,0,0.01353002389721992,0
B,B3,0.4,0.4,2,2,1,0,0.041015625,0.01651176447757394,0,0.01651176447757394,0
B,B3,0.4,0.4,2,2,1,0,0.044921875,0.01978474029221709,0,0.01978474029221709,0
B,B3,0.4,0.4,2,2,1,0,0.048828125,0.02334697982290308,0,0.02334697982290308,0
B,B3,0.4,0.4,2,2,1,0,0.052734375,0.02719633730973934,0,0.02719633730973934,0
B,B3,0.4,0.4,2,2,1,0,0.056640625,0.03133049404371253,0,0.03133049404371253,0
B,B3,0.4,0.4,2,2,1,0,0.060546875,0.03574695976339221,0,0.03574695976339221,0
B,B3,0.4,0.4,2,2,1,0,0.064453125,0.04044307415497112,0,0.04044307415497112,0
B,B3,0.4,0.4,2,2,1,0,0.068359375,0.04541600845473881,0,0.04541600845473881,0
B,B3,0.4,0.4,2,2,1,0,0.072265625,0.05066276715302308,0,0.05066276715302308,0
B,B3,0.4,0.4,2,2,1,0,0.076171875,0.05618018979857302,0,0.05618018979857302,0
B,B3,0.4,0.4,2,2,1,0,0.080078125,0.06196495290229669,0,0.06196495290229669,0
B,B3,0.4,0.4,2,2,1,0,0.083984375,0.06801357193920662,0,0.06801357193920662,0
B,B3,0.4,0.4,2,2,1,0,0.087890625,0.07432240344736743,0,0.07432240344736743,0
B,B3,0.4,0.4,2,2,1,0,0.091796875,0.080887647222581,0,0.080887647222581,0
B,B3,0.4,0.4,2,2,1,0,0.095703125,0.08770534860748734,0,0.08770534860748734,0
B,B3,0.4,0.4,2,2,1,0,0.099609375,0.09477140087370259,0,0.09477140087370259,0
B,B3,0.4,0.4,2,2,1,0,0.103515625,0.1020815476955582,0,0.1020815476955582,0
B,B3,0.4,0.4,2,2,1,0,0.107421875,0.1096313857139528,0,0.1096313857139528,0
B,B3,0.4,0.4,2,2,1,0,0.111328125,0.1174163671887705,0,0.1174163671887705,0
B,B3,0.4,0.4,2,2,1,0,0.115234375,0.1254318027382703,0,0.1254318027382703,0
B,B3,0.4,0.4,2,2,1,0,0.119140625,0.1336728641637936,0,0.1336728641637936,0
B,B3,0.4,0.4,2,2,1,0,0.123046875,0.1421345873580907,0,0.1421345873580907,0
B,B3,0.4,0.4,2,2,1,0,0.126953125,0.1508118752955135,0,0.1508118752955135,0
B,B3,0.4,0.4,2,2,1,0,0.130859375,0.1596995011022734,0,0.1596995011022734,0
B,B3,0.4,0.4,2,2,1,0,0.134765625,0.1687921112049141,0,0.1687921112049141,0
B,B3,0.4,0.4,2,2,1,0,0.138671875,0.1780842285551043,0,0.1780842285551043,0
B,B3,0.4,0.4,2,2,1,0,0.142578125,0.1875702559288068,0,0.1875702559288068,0
B,B3,0.4,0.4,2,2,1,0,0.146484375,0.1972444792978372,0,0.1972444792978372,0
B,B3,0.4,0.4,2,2,1,0,0.150390625,0.2071010712717806,0,0.2071010712717806,0
B,B3,0.4,0.4,2,2,1,0,0.154296875,0.2171340946081934,0,0.2171340946081934,0
B,B3,0.4,0.4,2,2,1,0,0.158203125,0.2273375057889767,0,0.2273375057889767,0
B,B3,0.4,0.4,2,2,1,0,0.162109375,0.2377051586607656,0,0.2377051586607656,0
B,B3,0.4,0.4,2,2,1,0,0.166015625,0.2482308081371412,0,0.2482308081371412,0
B,B3,0.4,0.4,2,2,1,0,0.169921875,0.2589081139604386,0,0.2589081139604386,0
B,B3,0.4,0.4,2,2,1,0,0.173828125,0.26973064452088,0,0.26973064452088,0
B,B3,0.4,0.4,2,2,1,0,0.177734375,0.2806918807307361,0,0.2806918807307361,0
B,B3,0.4,0.4,2,2,1,0,0.181640625,0.2917852199511814,0,0.2917852199511814,0
B,B3,0.4,0.4,2,2,1,0,0.185546875,0.303003979969476,0,0.303003979969476,0
B,B3,0.4,0.4,2,2,1,0,0.189453125,0.3143414030240813,0,0.3143414030240813,0
B,B3,0.4,0.4,2,2,1,0,0.193359375,0.3257906598752827,0,0.3257906598752827,0
B,B3,0.4,0.4,2,2,1,0,0.197265625,0.3373448539188685,0,0.3373448539188685,0
B,B3,0.4,0.4,2,2,1,0,0.201171875,0.3489970253403859,0,0.3489970253403859,0
B,B3,0.4,0.4,2,2,1,0,0.205078125,0.3607401553074735,0,0.3607401553074735,0
B,B3,0.4,0.4,2,2,1,0,0.208984375,0.3725671701977427,0,0.3725671701977427,0
B,B3,0.4,0.4,2,2,1,0,0.212890625,0.3844709458596643,0,0.3844709458596643,0
B,B3,0.4,0.4,2,2,1,0,0.216796875,0.3964443119038907,0,0.3964443119038907,0
B,B3,0.4,0.4,2,2,1,0,0.220703125,0.4084800560224295,0,0.4084800560224295,0
B,B3,0.4,0.4,2,2,1,0,0.224609375,0.4205709283330692,0,0.4205709283330692,0
B,B3,0.4,0.4,2,2,1,0,0.228515625,0.4327096457464369,0,0.4327096457464369,0
B,B3,0.4,0.4,2,2,1,0,0.232421875,0.4448888963530584,0,0.4448888963530584,0
B,B3,0.4,0.4,2,2,1,0,0.236328125,0.45710134382778,0,0.45710134382778,0
B,B3,0.4,0.4,2,2,1,0,0.240234375,0.4693396318488957,0,0.4693396318488957,0
B,B3,0.4,0.4,2,2,1,0,0.244140625,0.4815963885293206,0,0.4815963885293206,0
B,B3,0.4,0.4,2,2,1,0,0.248046875,0.49386423085714,0,0.49386423085714,0
B,B3,0.4,0.4,2,2,1,0,0.251953125,0.50613576914286,0,0.50613576914286,0
B,B3,0.4,0.4,2,2,1,0,0.255859375,0.5184036114706795,0,0.5184036114706795,0
B,B3,0.4,0.4,2,2,1,0,0.259765625,0.5306603681511043,0,0.5306603681511043,0
B,B3,0.4,0.4,2,2,1,0,0.263671875,0.5428986561722198,0,0.5428986561722198,0
B,B3,0.4,0.4,2,2,1,0,0.267578125,0.5551111036469415,0,0.5551111036469415,0
B,B3,0.4,0.4,2,2,1,0,0.271484375,0.567290354253563,0,0.567290354253563,0
B,B3,0.4,0.4,2,2,1,0,0.275390625,0.5794290716669307,0,0.5794290716669307,0
B,B3,0.4,0.4,2,2,1,0,0.279296875,0.5915199439775704,0,0.5915199439775704,0
B,B3,0.4,0.4,2,2,1,0,0.283203125,0.6035556880961093,0,0.6035556880961093,0
B,B3,0.4,0.4,2,2,1,0,0.287109375,0.6155290541403355,0,0.6155290541403355,0
B,B3,0.4,0.4,2,2,1,0,0.291015625,0.6274328298022573,0,0.6274328298022573,0
B,B3,0.4,0.4,2,2,1,0,0.294921875,0.6392598446925265,0,0.6392598446925265,0
B,B3,0.4,0.4,2,2,1,0,0.298828125,0.651002974659614,0,0.651002974659614,0
B,B3,0.4,0.4,2,2,1,0,0.302734375,0.6626551460811314,0,0.6626551460811314,0
B,B3,0.4,0.4,2,2,1,0,0.306640625,0.6742093401247172,0,0.6742093401247172,0
B,B3,0.4,0.4,2,2,1,0,0.310546875,0.6856585969759188,0,0.6856585969759188,0
B,B3,0.4,0.4,2,2,1,0,0.314453125,0.696996020030524,0,0.696996020030524,0
B,B3,0.4,0.4,2,2,1,0,0.318359375,0.7082147800488184,0,0.7082147800488184,0
B,B3,0.4,0.4,2,2,1,0,0.322265625,0.7193081192692636,0,0.7193081192692636,0
B,B3,0.4,0.4,2,2,1,0,0.326171875,0.7302693554791201,0,0.7302693554791201,0
B,B3,0.4,0.4,2,2,1,0,0.330078125,0.7410918860395614,0,0.7410918860395614,0
B,B3,0.4,0.4,2,2,1,0,0.333984375,0.7517691918628587,0,0.7517691918628587,0
B,B3,0.4,0.4,2,2,1,0,0.337890625,0.7622948413392344,0,0.7622948413392344,0
B,B3,0.4,0.4,2,2,1,0,0.341796875,0.7726624942110231,0,0.7726624942110231,0
B,B3,0.4,0.4,2,2,1,0,0.345703125,0.7828659053918066,0,0.7828659053918066,0
B,B3,0.4,0.4,2,2,1,0,0.349609375,0.7928989287282194,0,0.7928989287282194,0
B,B3,0.4,0.4,2,2,1,0,0.353515625,0.8027555207021627,0,0.8027555207021627,0
B,B3,0.4,0.4,2,2,1,0,0.357421875,0.8124297440711932,0,0.8124297440711932,0
B,B3,0.4,0.4,2,2,1,0,0.361328125,0.8219157714448957,0,0.8219157714448957,0
B,B3,0.4,0.4,2,2,1,0,0.365234375,0.8312078887950859,0,0.8312078887950859,0
B,B3,0.4,0.4,2,2,1,0,0.369140625,0.8403004988977266,0,0.8403004988977266,0
B,B3,0.4,0.4,2,2,1,0,0.373046875,0.8491881247044863,0,0.8491881247044863,0
B,B3,0.4,0.4,2,2,1,0,0.376953125,0.8578654126419092,0,0.8578654126419092,0
B,B3,0.4,0.4,2,2,1,0,0.380859375,0.8663271358362064,0,0.8663271358362064,0
B,B3,0.4,0.4,2,2,1,0,0.384765625,0.8745681972617295,0,0.8745681972617295,0
B,B3,0.4,0.4,2,2,1,0,0.388671875,0.8825836328112294,0,0.8825836328112294,0
B,B3,0.4,0.4,2,2,1,0,0.392578125,0.8903686142860473,0,0.8903686142860473,0
B,B3,0.4,0.4,2,2,1,0,0.396484375,0.8979184523044417,0,0.8979184523044417,0
B,B3,0.4,0.4,2,2,1,0,0.400390625,0.9052285991262974,0,0.9052285991262974,0
B,B3,0.4,0.4,2,2,1,0,0.404296875,0.9122946513925125,0,0.9122946513925125,0
B,B3,0.4,0.4,2,2,1,0,0.408203125,0.9191123527774191,0,0.9191123527774191,0
B,B3,0.4,0.4,2,2,1,0,0.412109375,0.9256775965526325,0,0.9256775965526325,0
B,B3,0.4,0.4,2,2,1,0,0.416015625,0.9319864280607935,0,0.9319864280607935,0
B,B3,0.4,0.4,2,2,1,0,0.419921875,0.9380350470977032,0,0.9380350470977032,0
B,B3,0.4,0.4,2,2,1,0,0.423828125,0.943819810201427,0,0.943819810201427,0
B,B3,0.4,0.4,2,2,1,0,0.427734375,0.9493372328469769,0,0.9493372328469769,0
B,B3,0.4,0.4,2,2,1,0,0.431640625,0.9545839915452613,0,0.9545839915452613,0
B,B3,0.4,0.4,2,2,1,0,0.435546875,0.9595569258450288,0,0.9595569258450288,0
B,B3,0.4,0.4,2,2,1,0,0.439453125,0.9642530402366077,0,0.9642530402366077,0
B,B3,0.4,0.4,2,2,1,0,0.443359375,0.9686695059562873,0,0.9686695059562873,0
B,B3,0.4,0.4,2,2,1,0,0.447265625,0.9728036626902608,0,0.9728036626902608,0
B,B3,0.4,0.4,2,2,1,0,0.451171875,0.9766530201770969,0,0.9766530201770969,0
B,B3,0.4,0.4,2,2,1,0,0.455078125,0.9802152597077829,0,0.9802152597077829,0
B,B3,0.4,0.4,2,2,1,0,0.458984375,0.983488235522426,0,0.983488235522426,0
B,B3,0.4,0.4,2,2,1,0,0.462890625,0.98646997610278,0,0.98646997610278,0
B,B3,0.4,0.4,2,2,1,0,0.466796875,0.9891586853598138,0,0.9891586853598138,0
B,B3,0.4,0.4,2,2,1,0,0.470703125,0.9915527437156082,0,0.9915527437156082,0
B,B3,0.4,0.4,2,2,1,0,0.474609375,0.9936507090789291,0,0.9936507090789291,0
B,B3,0.4,0.4,2,2,1,0,0.478515625,0.9954513177138901,0,0.9954513177138901,0
B,B3,0.4,0.4,2,2,1,0,0.482421875,0.9969534850011781,0,0.9969534850011781,0
B,B3,0.4,0.4,2,2,1,0,0.486328125,0.9981563060913889,0,0.9981563060913889,0
B,B3,0.4,0.4,2,2,1,0,0.490234375,0.9990590564500745,0,0.9990590564500745,0
B,B3,0.4,0.4,2,2,1,0,0.494140625,0.9996611922941747,0,0.9996611922941747,0
B,B3,0.4,0.4,2,2,1,0,0.498046875,0.9999623509195722,0,0.9999623509195722,0
B,B3,0.4,0.4,2,2,1,0,0.501953125,0.9999623509195722,0,0.9999623509195722,0
B,B3,0.4,0.4,2,2,1,0,0.505859375,0.9996611922941747,0,0.9996611922941747,0
B,B3,0.4,0.4,2,2,1,0,0.509765625,0.9990590564500745,0,0.9990590564500745,0
B,B3,0.4,0.4,2,2,1,0,0.513671875,0.9981563060913889,0,0.9981563060913889,0
B,B3,0.4,0.4,2,2,1,0,0.517578125,0.9969534850011781,0,0.9969534850011781,0
B,B3,0.4,0.4,2,2,1,0,0.521484375,0.9954513177138901,0,0.9954513177138901,0
B,B3,0.4,0.4,2,2,1,0,0.525390625,0.9936507090789293,0,0.9936507090789293,0
B,B3,0.4,0.4,2,2,1,0,0.529296875,0.9915527437156082,0,0.9915527437156082,0
B,B3,0.4,0.4,2,2,1,0,0.533203125,0.9891586853598138,0,0.9891586853598138,0
B,B3,0.4,0.4,2,2,1,0,0.537109375,0.98646997610278,0,0.98646997610278,0
B,B3,0.4,0.4,2,2,1,0,0.541015625,0.983488235522426,0,0.983488235522426,0
B,B3,0.4,0.4,2,2,1,0,0.544921875,0.9802152597077829,0,0.9802152597077829,0
B,B3,0.4,0.4,2,2,1,0,0.548828125,0.9766530201770969,0,0.9766530201770969,0
B,B3,0.4,0.4,2,2,1,0,0.552734375,0.9728036626902608,0,0.9728036626902608,0
B,B3,0.4,0.4,2,2,1,0,0.556640625,0.9686695059562873,0,0.9686695059562873,0
B,B3,0.4,0.4,2,2,1,0,0.560546875,0.9642530402366077,0,0.9642530402366077,0
B,B3,0.4,0.4,2,2,1,0,0.564453125,0.9595569258450288,0,0.9595569258450288,0
B,B3,0.4,0.4,2,2,1,0,0.568359375,0.9545839915452613,0,0.9545839915452613,0
B,B3,0.4,0.4,2,2,1,0,0.572265625,0.9493372328469769,0,0.9493372328469769,0
B,B3,0.4,0.4,2,2,1,0,0.576171875,0.943819810201427,0,0.943819810201427,0
B,B3,0.4,0.4,2,2,1,0,0.580078125,0.9380350470977035,0,0.9380350470977035,0
B,B3,0.4,0.4,2,2,1,0,0.583984375,0.9319864280607935,0,0.9319864280607935,0
B,B3,0.4,0.4,2,2,1,0,0.587890625,0.9256775965526325,0,0.9256775965526325,0
B,B3,0.4,0.4,2,2,1,0,0.591796875,0.9191123527774191,0,0.9191123527774191,0
B,B3,0.4,0.4,2,2,1,0,0.595703125,0.9122946513925125,0,0.9122946513925125,0
B,B3,0.4,0.4,2,2,1,0,0.599609375,0.9052285991262974,0,0.9052285991262974,0
B,B3,0.4,0.4,2,2,1,0,0.603515625,0.8979184523044419,0,0.8979184523044419,0
B,B3,0.4,0.4,2,2,1,0,0.607421875,0.8903686142860473,0,0.8903686142860473,0
B,B3,0.4,0.4,2,2,1,0,0.611328125,0.8825836328112294,0,0.8825836328112294,0
B,B3,0.4,0.4,2,2,1,0,0.615234375,0.8745681972617297,0,0.8745681972617297,0
B,B3,0.4,0.4,2,2,1,0,0.619140625,0.8663271358362064,0,0.8663271358362064,0
B,B3,0.4,0.4,2,2,1,0,0.623046875,0.8578654126419094,0,0.8578654126419094,0
B,B3,0.4,0.4,2,2,1,0,0.626953125,0.8491881247044866,0,0.8491881247044866,0
B,B3,0.4,0.4,2,2,1,0,0.630859375,0.8403004988977266,0,0.8403004988977266,0
B,B3,0.4,0.4,2,2,1,0,0.634765625,0.8312078887950859,0,0.8312078887950859,0
B,B3,0.4,0.4,2,2,1,0,0.638671875,0.8219157714448957,0,0.8219157714448957,0
B,B3,0.4,0.4,2,2,1,0,0.642578125,0.8124297440711932,0,0.8124297440711932,0
B,B3,0.4,0.4,2,2,1,0,0.646484375,0.8027555207021628,0,0.8027555207021628,0
B,B3,0.4,0.4,2,2,1,0,0.650390625,0.7928989287282197,0,0.7928989287282197,0
B,B3,0.4,0.4,2,2,1,0,0.654296875,0.7828659053918068,0,0.7828659053918068,0
B,B3,0.4,0.4,2,2,1,0,0.658203125,0.7726624942110233,0,0.7726624942110233,0
B,B3,0.4,0.4,2,2,1,0,0.662109375,0.7622948413392346,0,0.7622948413392346,0
B,B3,0.4,0.4,2,2,1,0,0.666015625,0.751769191862859,0,0.751769191862859,0
B,B3,0.4,0.4,2,2,1,0,0.669921875,0.7410918860395612,0,0.7410918860395612,0
B,B3,0.4,0.4,2,2,1,0,0.673828125,0.7302693554791201,0,0.7302693554791201,0
B,B3,0.4,0.4,2,2,1,0,0.677734375,0.7193081192692637,0,0.7193081192692637,0
B,B3,0.4,0.4,2,2,1,0,0.681640625,0.7082147800488187,0,0.7082147800488187,0
B,B3,0.4,0.4,2,2,1,0,0.685546875,0.6969960200305242,0,0.6969960200305242,0
B,B3,0.4,0.4,2,2,1,0,0.689453125,0.6856585969759188,0,0.6856585969759188,0
B,B3,0.4,0.4,2,2,1,0,0.693359375,0.6742093401247174,0,0.6742093401247174,0
B,B3,0.4,0.4,2,2,1,0,0.697265625,0.6626551460811317,0,0.6626551460811317,0
B,B3,0.4,0.4,2,2,1,0,0.701171875,0.6510029746596143,0,0.6510029746596143,0
B,B3,0.4,0.4,2,2,1,0,0.705078125,0.6392598446925268,0,0.6392598446925268,0
B,B3,0.4,0.4,2,2,1,0,0.708984375,0.6274328298022571,0,0.6274328298022571,0
B,B3,0.4,0.4,2,2,1,0,0.712890625,0.6155290541403354,0,0.6155290541403354,0
B,B3,0.4,0.4,2,2,1,0,0.716796875,0.6035556880961093,0,0.6035556880961093,0
B,B3,0.4,0.4,2,2,1,0,0.720703125,0.5915199439775704,0,0.5915199439775704,0
B,B3,0.4,0.4,2,2,1,0,0.724609375,0.5794290716669308,0,0.5794290716669308,0
B,B3,0.4,0.4,2,2,1,0,0.728515625,0.5672903542535631,0,0.5672903542535631,0
B,B3,0.4,0.4,2,2,1,0,0.732421875,0.5551111036469417,0,0.5551111036469417,0
B,B3,0.4,0.4,2,2,1,0,0.736328125,0.5428986561722201,0,0.5428986561722201,0
B,B3,0.4,0.4,2,2,1,0,0.740234375,0.5306603681511044,0,0.5306603681511044,0
B,B3,0.4,0.4,2,2,1,0,0.744140625,0.5184036114706796,0,0.5184036114706796,0
B,B3,0.4,0.4,2,2,1,0,0.748046875,0.5061357691428603,0,0.5061357691428603,0
B,B3,0.4,0.4,2,2,1,0,0.751953125,0.4938642308571399,0,0.4938642308571399,0
B,B3,0.4,0.4,2,2,1,0,0.755859375,0.4815963885293206,0,0.4815963885293206,0
B,B3,0.4,0.4,2,2,1,0,0.759765625,0.4693396318488957,0,0.4693396318488957,0
B,B3,0.4,0.4,2,2,1,0,0.763671875,0.45710134382778,0,0.45710134382778,0
B,B3,0.4,0.4,2,2,1,0,0.767578125,0.4448888963530586,0,0.4448888963530586,0
B,B3,0.4,0.4,2,2,1,0,0.771484375,0.432709645746437,0,0.432709645746437,0
B,B3,0.4,0.4,2,2,1,0,0.775390625,0.4205709283330694,0,0.4205709283330694,0
B,B3,0.4,0.4,2,2,1,0,0.779296875,0.4084800560224296,0,0.4084800560224296,0
B,B3,0.4,0.4,2,2,1,0,0.783203125,0.396444311903891,0,0.396444311903891,0
B,B3,0.4,0.4,2,2,1,0,0.787109375,0.3844709458596647,0,0.3844709458596647,0
B,B3,0.4,0.4,2,2,1,0,0.791015625,0.372567170197743,0,0.372567170197743,0
B,B3,0.4,0.4,2,2,1,0,0.794921875,0.3607401553074734,0,0.3607401553074734,0
B,B3,0.4,0.4,2,2,1,0,0.798828125,0.3489970253403859,0,0.3489970253403859,0
B,B3,0.4,0.4,2,2,1,0,0.802734375,0.3373448539188685,0,0.3373448539188685,0
B,B3,0.4,0.4,2,2,1,0,0.806640625,0.3257906598752827,0,0.3257906598752827,0
B,B3,0.4,0.4,2,2,1,0,0.810546875,0.3143414030240814,0,0.3143414030240814,0
B,B3,0.4,0.4,2,2,1,0,0.814453125,0.3030039799694761,0,0.3030039799694761,0
B,B3,0.4,0.4,2,2,1,0,0.818359375,0.2917852199511815,0,0.2917852199511815,0
B,B3,0.4,0.4,2,2,1,0,0.822265625,0.2806918807307364,0,0.2806918807307364,0
B,B3,0.4,0.4,2,2,1,0,0.826171875,0.2697306445208801,0,0.2697306445208801,0
B,B3,0.4,0.4,2,2,1,0,0.830078125,0.2589081139604389,0,0.2589081139604389,0
B,B3,0.4,0.4,2,2,1,0,0.833984375,0.2482308081371411,0,0.2482308081371411,0
B,B3,0.4,0.4,2,2,1,0,0.837890625,0.2377051586607655,0,0.2377051586607655,0
B,B3,0.4,0.4,2,2,1,0,0.841796875,0.2273375057889767,0,0.2273375057889767,0
B,B3,0.4,0.4,2,2,1,0,0.845703125,0.2171340946081934,0,0.2171340946081934,0
B,B3,0.4,0.4,2,2,1,0,0.849609375,0.2071010712717806,0,0.2071010712717806,0
B,B3,0.4,0.4,2,2,1,0,0.853515625,0.1972444792978373,0,0.1972444792978373,0
B,B3,0.4,0.4,2,2,1,0,0.857421875,0.1875702559288069,0,0.1875702559288069,0
B,B3,0.4,0.4,2,2,1,0,0.861328125,0.1780842285551044,0,0.1780842285551044,0
B,B3,0.4,0.4,2,2,1,0,0.865234375,0.1687921112049143,0,0.1687921112049143,0
B,B3,0.4,0.4,2,2,1,0,0.869140625,0.1596995011022737,0,0.1596995011022737,0
B,B3,0.4,0.4,2,2,1,0,0.873046875,0.1508118752955138,0,0.1508118752955138,0
B,B3,0.4,0.4,2,2,1,0,0.876953125,0.1421345873580906,0,0.1421345873580906,0
B,B3,0.4,0.4,2,2,1,0,0.880859375,0.1336728641637935,0,0.1336728641637935,0
B,B3,0.4,0.4,2,2,1,0,0.884765625,0.1254318027382703,0,0.1254318027382703,0
B,B3,0.4,0.4,2,2,1,0,0.888671875,0.1174163671887706,0,0.1174163671887706,0
B,B3,0.4,0.4,2,2,1,0,0.892578125,0.1096313857139528,0,0.1096313857139528,0
B,B3,0.4,0.4,2,2,1,0,0.896484375,0.1020815476955583,0,0.1020815476955583,0
B,B3,0.4,0.4,2,2,1,0,0.900390625,0.09477140087370269,0,0.09477140087370269,0
B,B3,0.4,0.4,2,2,1,0,0.904296875,0.08770534860748748,0,0.08770534860748748,0
B,B3,0.4,0.4,2,2,1,0,0.908203125,0.08088764722258113,0,0.08088764722258113,0
B,B3,0.4,0.4,2,2,1,0,0.912109375,0.07432240344736758,0,0.07432240344736758,0
B,B3,0.4,0.4,2,2,1,0,0.916015625,0.0680135719392068,0,0.0680135719392068,0
B,B3,0.4,0.4,2,2,1,0,0.919921875,0.06196495290229666,0,0.06196495290229666,0
B,B3,0.4,0.4,2,2,1,0,0.923828125,0.05618018979857301,0,0.05618018979857301,0
B,B3,0.4,0.4,2,2,1,0,0.927734375,0.05066276715302308,0,0.05066276715302308,0
B,B3,0.4,0.4,2,2,1,0,0.931640625,0.04541600845473883,0,0.04541600845473883,0
B,B3,0.4,0.4,2,2,1,0,0.935546875,0.04044307415497117,0,0.04044307415497117,0
B,B3,0.4,0.4,2,2,1,0,0.939453125,0.03574695976339227,0,0.03574695976339227,0
B,B3,0.4,0.4,2,2,1,0,0.943359375,0.0313304940437126,0,0.0313304940437126,0
B,B3,0.4,0.4,2,2,1,0,0.947265625,0.02719633730973941,0,0.02719633730973941,0
B,B3,0.4,0.4,2,2,1,0,0.951171875,0.02334697982290316,0,0.02334697982290316,0
B,B3,0.4,0.4,2,2,1,0,0.955078125,0.01978474029221718,0,0.01978474029221718,0
B,B3,0.4,0.4,2,2,1,0,0.958984375,0.01651176447757392,0,0.01651176447757392,0
B,B3,0.4,0.4,2,2,1,0,0.962890625,0.01353002389721991,0,0.01353002389721991,0
B,B3,0.4,0.4,2,2,1,0,0.966796875,0.01084131464018618,0,0.01084131464018618,0
B,B3,0.4,0.4,2,2,1,0,0.970703125,0.00844725628439184,0,0.00844725628439184,0
B,B3,0.4,0.4,2,2,1,0,0.974609375,0.006349290921070821,0,0.006349290921070821,0
B,B3,0.4,0.4,2,2,1,0,0.978515625,0.004548682286110003,0,0.004548682286110003,0
B,B3,0.4,0.4,2,2,1,0,0.982421875,0.003046514998821996,0,0.003046514998821996,0
B,B3,0.4,0.4,2,2,1,0,0.986328125,0.001843693908611011,0,0.001843693908611011,0
B,B3,0.4,0.4,2,2,1,0,0.990234375,0.0009409435499254112,0,0.0009409435499254112,0
B,B3,0.4,0.4,2,2,1,0,0.994140625,0.0003388077058252599,0,0.0003388077058252599,0
B,B3,0.4,0.4,2,2,1,0,0.998046875,3.764908042773351e-05,0,3.764908042773351e-05,0
B,B3,0.4,0.4,2,2,1,0.1,0.001953125,0.4610639839998977,0.05384518920710948,0.4072187947927882,0.1167846352690203
B,B3,0.4,0.4,2,2,1,0.1,0.005859375,0.4610874376000259,0.0538624003655041,0.4072250372345217,0.1168160222405094
B,B3,0.4,0.4,2,2,1,0.1,0.009765625,0.4611343306727054,0.05389681231495086,0.4072375183577545,0.1168787677038183
B,B3,0.4,0.4,2,2,1,0.1,0.013671875,0.4612046349713088,0.05394840432695935,0.4072562306443495,0.1169728147470058
B,B3,0.4,0.4,2,2,1,0.1,0.017578125,0.4612983081471638,0.0540171453244062,0.4072811628227576,0.1170980781207929
B,B3,0.4,0.4,2,2,1,0.1,0.021484375,0.4614152937750313,0.0541029939003464,0.4073122998746849,0.1172544443806949
B,B3,0.4,0.4,2,2,1,0.1,0.025390625,0.4615555213871578,0.05420589834276531,0.4073496230443925,0.1174417720751234
B,B3,0.4,0.4,2,2,1,0.1,0.029296875,0.4617189065156705,0.05432579666588225,0.4073931098497882,0.1176598919802702
B,B3,0.4,0.4,2,2,1,0.1,0.033203125,0.4619053507434688,0.05446261664745723,0.4074427340960116,0.1179086073798363
B,B3,0.4,0.4,2,2,1,0.1,0.037109375,0.4621147417635348,0.05461627587220893,0.4074984658913259,0.1181876943890186
B,B3,0.4,0.4,2,2,1,0.1,0.041015625,0.4623469534465419,0.0547866817815834,0.4075602716649585,0.1184969023223336
B,B3,0.4,0.4,2,2,1,0.1,0.044921875,0.4626018459168551,0.05497373172943241,0.4076281141874227,0.1188359541032031
B,B3,0.4,0.4,2,2,1,0.1,0.048828125,0.4628792656367816,0.0551773130438612,0.4077019525929204,0.1192045467146902
B,B3,0.4,0.4,2,2,1,0.1,0.052734375,0.4631790454990549,0.05539730309509946,0.4077817424039554,0.1196023516897474
B,B3,0.4,0.4,2,2,1,0.1,0.056640625,0.4635010049274957,0.05563356936936541,0.4078674355581303,0.120029015639498
B,B3,0.4,0.4,2,2,1,0.1,0.060546875,0.4638449499857832,0.05588596954869013,0.4079589804370931,0.1204841608179695
B,B3,0.4,0.4,2,2,1,0.1,0.064453125,0.4642106734942752,0.05615435159664358,0.4080563218976317,0.1209673857215523
B,B3,0.4,0.4,2,2,1,0.1,0.068359375,0.4645979551548054,0.05643855384991573,0.4081594013048896,0.1214782657214026
B,B3,0.4,0.4,2,2,1,0.1,0.072265625,0.4650065616833827,0.05673840511569637,0.4082681565676863,0.1220163537269155
B,B3,0.4,0.4,2,2,1,0.1,0.076171875,0.4654362469507137,0.05705372477479425,0.4083825221759195,0.1225811808783251
B,B3,0.4,0.4,2,2,1,0.1,0.080078125,0.4658867521304597,0.0573843228904382,0.4085024292400215,0.123172257266438
B,B3,0.4,0.4,2,2,1,0.1,0.083984375,0.4663578058551461,0.05773000032268472,0.4086278055324614,0.1237890726774198
B,B3,0.4,0.4,2,2,1,0.1,0.087890625,0.4668491243796232,0.05809054884837389,0.4087585755312493,0.1244310973605617
B,B3,0.4,0.4,2,2,1,0.1,0.091796875,0.467360411751983,0.05846575128655706,0.4088946604654259,0.1250977828168797
B,B3,0.4,0.4,2,2,1,0.1,0.095703125,0.4678913599918307,0.05885538162931418,0.4090359783625165,0.1257885626063747
B,B3,0.4,0.4,2,2,1,0.1,0.099609375,0.4684416492758007,0.05925920517789544,0.4091824440979052,0.1265028531718064
B,B3,0.4,0.4,2,2,1,0.1,0.103515625,0.4690109481302042,0.0596769786840966,0.4093339694461076,0.1272400546767821
B,B3,0.4,0.4,2,2,1,0.1,0.107421875,0.4695989136306992,0.06010845049677783,0.4094904631339214,0.1279995518559657
B,B3,0.4,0.4,2,2,1,0.1,0.111328125,0.4702051916088534,0.06055336071345419,0.4096518308953992,0.1287807148752758
B,B3,0.4,0.4,2,2,1,0.1,0.115234375,0.4708294168654832,0.06101144133684592,0.4098179755286373,0.1295829001998764
B,B3,0.4,0.4,2,2,1,0.1,0.119140625,0.4714712133906351,0.06148241643631546,0.4099887969543197,0.130405451467881
B,B3,0.4,0.4,2,2,1,0.1,0.123046875,0.4721301945900812,0.06196600231407227,0.4101641922760089,0.1312477003676352
B,B3,0.4,0.4,2,2,1,0.1,0.126953125,0.4728059635181869,0.06246190767606781,0.4103440558421191,0.1321089675165765
B,B3,0.4,0.4,2,2,1,0.1,0.130859375,0.4734981131170191,0.06296983380745448,0.4105282793095646,0.1329885633396226
B,B3,0.4,0.4,2,2,1,0.1,0.134765625,0.4742062264615404,0.06348947475252324,0.4107167517090171,0.1338857889451868
B,B3,0.4,0.4,2,2,1,0.1,0.138671875,0.4749298770107507,0.06402051749899822,0.4109093595117525,0.1347999369969075
B,B3,0.4,0.4,2,2,1,0.1,0.142578125,0.4756686288646174,0.06456264216658811,0.4111059866980293,0.1357302925792981
B,B3,0.4,0.4,2,2,1,0.1,0.146484375,0.4764220370266479,0.06511552219966289,0.411306514826985,0.1366761340555302
B,B3,0.4,0.4,2,2,1,0.1,0.150390625,0.4771896476719371,0.06567882456396477,0.4115108231079723,0.137636733915733
B,B3,0.4,0.4,2,2,1,0.1,0.154296875,0.4779709984205349,0.06625220994721297,0.4117187884733219,0.1386113596141707
B,B3,0.4,0.4,2,2,1,0.1,0.158203125,0.4787656186159673,0.06683533296349191,0.4119302856524754,0.1395992743938085
B,B3,0.4,0.4,2,2,1,0.1,0.162109375,0.479573029608741,0.06742784236130182,0.4121451872474391,0.1405997380968499
B,B3,0.4,0.4,2,2,1,0.1,0.166015625,0.4803927450446649,0.06802938123513698,0.4123633638095279,0.1416120079598868
B,B3,0.4,0.4,2,2,1,0.1,0.169921875,0.481224271157812,0.06863958724047177,0.4125846839173402,0.1426353393924352
B,B3,0.4,0.4,2,2,1,0.1,0.173828125,0.482067107067944,0.06925809281202672,0.4128090142559173,0.1436689867377018
B,B3,0.4,0.4,2,2,1,0.1,0.177734375,0.4829207450822248,0.06988452538517201,0.4130362196970527,0.1447122040144974
B,B3,0.4,0.4,2,2,1,0.1,0.181640625,0.4837846710010337,0.07051850762035042,0.4132661633806832,0.1457642456393575
B,B3,0.4,0.4,2,2,1,0.1,0.185546875,0.4846583644277017,0.07115965763036886,0.4134987067973329,0.1468243671279587
B,B3,0.4,0.4,2,2,1,0.1,0.189453125,0.4855412990819782,0.07180758921043527,0.4137337098715429,0.1478918257750745
B,B3,0.4,0.4,2,2,1,0.1,0.193359375,0.4864329431170419,0.07246191207079522,0.4139710310462467,0.14896588131236
B,B3,0.4,0.4,2,2,1,0.1,0.197265625,0.4873327594398683,0.07312223207182064,0.4142105273680476,0.1500457965433435
B,B3,0.4,0.4,2,2,1,0.1,0.201171875,0.488240206034749,0.07378815146143811,0.4144520545733109,0.1511308379551733
B,B3,0.4,0.4,2,2,1,0.1,0.205078125,0.4891547362897882,0.07445926911470482,0.4146954671750833,0.152220276306582
B,B3,0.4,0.4,2,2,1,0.1,0.208984375,0.4900757993261559,0.07513518077544271,0.4149406185507132,0.1533133871918426
B,B3,0.4,0.4,2,2,1,0.1,0.212890625,0.4910028403299198,0.07581547929974176,0.415187361030178,0.1544094515803596
B,B3,0.4,0.4,2,2,1,0.1,0.216796875,0.4919353008862446,0.07649975490120572,0.4154355459850388,0.155507756331753
B,B3,0.4,0.4,2,2,1,0.1,0.220703125,0.4928726193157573,0.07718759539780118,0.4156850239179561,0.1566075946863487
B,B3,0.4,0.4,2,2,1,0.1,0.224609375,0.4938142310128841,0.07787858646013435,0.4159356445527498,0.1577082667309813
B,B3,0.4,0.4,2,2,1,0.1,0.228515625,0.4947595687859483,0.07857231186102585,0.4161872569249224,0.1588090798401904
B,B3,0.4,0.4,2,2,1,0.1,0.232421875,0.4957080631988241,0.07926835372623309,0.416439709472591,0.1599093490929141
B,B3,0.4,0.4,2,2,1,0.1,0.236328125,0.4966591429139429,0.07996629278616557,0.4166928501277773,0.1610083976648377
B,B3,0.4,0.4,2,2,1,0.1,0.240234375,0.4976122350364484,0.08066570862842877,0.4169465264080196,0.1621055571965997
B,B3,0.4,0.4,2,2,1,0.1,0.244140625,0.498566765459284,0.08136617995107308,0.4172005855082109,0.1632001681381988
B,B3,0.4,0.4,2,2,1,0.1,0.248046875,0.4995221592090152,0.08206728481636623,0.4174548743926489,0.1642915800698779
B,B3,0.4,0.4,2,2,1,0.1,0.251953125,0.5004778407921718,0.08276860090495279,0.417709239887219,0.1653791519999049
B,B3,0.4,0.4,2,2,1,0.1,0.255859375,0.5014332345419025,0.08346970577024776,0.4179635287716547,0.1664622526396833
B,B3,0.4,0.4,2,2,1,0.1,0.259765625,0.5023877649647381,0.08417017709289178,0.4182175878718464,0.1675402606566256
B,B3,0.4,0.4,2,2,1,0.1,0.263671875,0.5033408570872433,0.08486959293515543,0.4184712641520879,0.168612564905386
B,B3,0.4,0.4,2,2,1,0.1,0.267578125,0.5042919368023624,0.08556753199508638,0.418724404807276,0.16967856463789
B,B3,0.4,0.4,2,2,1,0.1,0.271484375,0.5052404312152379,0.08626357386029419,0.4189768573549437,0.1707376696928377
B,B3,0.4,0.4,2,2,1,0.1,0.275390625,0.506185768988302,0.08695729926118499,0.419228469727117,0.171789300665216
B,B3,0.4,0.4,2,2,1,0.1,0.279296875,0.507127380685429,0.08764829032351708,0.4194790903619119,0.1728328890564978
B,B3,0.4,0.4,2,2,1,0.1,0.283203125,0.5080646991149407,0.08833613082011421,0.4197285682948265,0.1738678774061603
B,B3,0.4,0.4,2,2,1,0.1,0.287109375,0.5089971596712648,0.08902040642157917,0.4199767532496856,0.1748937194051788
B,B3,0.4,0.4,2,2,1,0.1,0.291015625,0.5099242006750287,0.08970070494587681,0.420223495729152,0.1759098799922275
B,B3,0.4,0.4,2,2,1,0.1,0.294921875,0.5108452637113958,0.09037661660661546,0.4204686471047804,0.1769158354332401
B,B3,0.4,0.4,2,2,1,0.1,0.298828125,0.5117597939664346,0.09104773425988183,0.4207120597065527,0.1779110733850528
B,B3,0.4,0.4,2,2,1,0.1,0.302734375,0.5126672405613152,0.09171365364949829,0.4209535869118169,0.1788950929438787
B,B3,0.4,0.4,2,2,1,0.1,0.306640625,0.5135670568841404,0.09237397365052563,0.4211930832336148,0.1798674046792783
B,B3,0.4,0.4,2,2,1,0.1,0.310546875,0.5144587009192043,0.09302829651088371,0.4214304044083206,0.1808275306543873
B,B3,0.4,0.4,2,2,1,0.1,0.314453125,0.5153416355734802,0.09367622809095061,0.4216654074825296,0.1817750044331393
B,B3,0.4,0.4,2,2,1,0.1,0.318359375,0.5162153290001477,0.09431737810096896,0.4218979508991787,0.1827093710751507
B,B3,0.4,0.4,2,2,1,0.1,0.322265625,0.5170792549189561,0.09495136033614693,0.4221278945828092,0.1836301871190501
B,B3,0.4,0.4,2,2,1,0.1,0.326171875,0.517932892933236,0.09557779290929305,0.4223551000239429,0.1845370205549264
B,B3,0.4,0.4,2,2,1,0.1,0.330078125,0.5187757288433678,0.09619629848084693,0.4225794303625208,0.185429450786606
B,B3,0.4,0.4,2,2,1,0.1,0.333984375,0.5196072549565142,0.09680650448618178,0.4228007504703324,0.1863070685844898
B,B3,0.4,0.4,2,2,1,0.1,0.337890625,0.5204269703924376,0.09740804336001634,0.4230189270324212,0.1871694760295839
B,B3,0.4,0.4,2,2,1,0.1,0.341796875,0.5212343813852103,0.09800055275782731,0.423233828627383,0.1880162864494572
B,B3,0.4,0.4,2,2,1,0.1,0.345703125,0.5220290015806418,0.09858367577410633,0.4234453258065355,0.1888471243467445
B,B3,0.4,0.4,2,2,1,0.1,0.349609375,0.5228103523292391,0.09915706115735383,0.4236532911718853,0.1896616253208961
B,B3,0.4,0.4,2,2,1,0.1,0.353515625,0.5235779629745272,0.09972036352165618,0.423857599452871,0.1904594359837634
B,B3,0.4,0.4,2,2,1,0.1,0.357421875,0.5243313711365569,0.1002732435547311,0.4240581275818258,0.1912402138696675
B,B3,0.4,0.4,2,2,1,0.1,0.361328125,0.5250701229904233,0.1008153682223191,0.4242547547681042,0.1920036273405674
B,B3,0.4,0.4,2,2,1,0.1,0.365234375,0.525793773539632,0.1013464109687961,0.4244473625708359,0.1927493554869132
B,B3,0.4,0.4,2,2,1,0.1,0.369140625,0.5265018868841524,0.1018660519138643,0.4246358349702881,0.1934770880247161
B,B3,0.4,0.4,2,2,1,0.1,0.373046875,0.5271940364829838,0.1023739780452502,0.4248200584377336,0.1941865251894868
B,B3,0.4,0.4,2,2,1,0.1,0.376953125,0.5278698054110885,0.1028698834072454,0.4249999220038431,0.1948773776274882
B,B3,0.4,0.4,2,2,1,0.1,0.380859375,0.5285287866105332,0.103353469285003,0.4251753173255302,0.1955493662848736
B,B3,0.4,0.4,2,2,1,0.1,0.384765625,0.5291705831356843,0.1038244443844712,0.4253461387512131,0.1962022222952058
B,B3,0.4,0.4,2,2,1,0.1,0.388671875,0.5297948083923129,0.1042825250078631,0.4255122833844497,0.1968356868658515
B,B3,0.4,0.4,2,2,1,0.1,0.392578125,0.530401086370466,0.1047274352245386,0.4256736511459274,0.19744951116369
B,B3,0.4,0.4,2,2,1,0.1,0.396484375,0.5309890518709595,0.105158907037221,0.4258301448337384,0.1980434562006311
B,B3,0.4,0.4,2,2,1,0.1,0.400390625,0.5315583507253622,0.1055766805434207,0.4259816701819414,0.1986172927193247
B,B3,0.4,0.4,2,2,1,0.1,0.404296875,0.5321086400093303,0.1059805040920034,0.426128135917327,0.1991708010795409
B,B3,0.4,0.4,2,2,1,0.1,0.408203125,0.532639588249177,0.1063701344347597,0.4262694538144173,0.1997037711455239
B,B3,0.4,0.4,2,2,1,0.1,0.412109375,0.5331508756215354,0.1067453368729426,0.4264055387485928,0.2002160021748089
B,B3,0.4,0.4,2,2,1,0.1,0.416015625,0.5336421941460111,0.1071058853986315,0.4265363087473796,0.2007073027087621
B,B3,0.4,0.4,2,2,1,0.1,0.419921875,0.5341132478706956,0.1074515628308792,0.4266616850398164,0.2011774904652662
B,B3,0.4,0.4,2,2,1,0.1,0.423828125,0.5345637530504406,0.1077821609465218,0.4267815921039187,0.2016263922338027
B,B3,0.4,0.4,2,2,1,0.1,0.427734375,0.5349934383177695,0.1080974806056204,0.4268959577121491,0.2020538437733397
B,B3,0.4,0.4,2,2,1,0.1,0.431640625,0.5354020448463457,0.1083973318713997,0.427004712974946,0.2024596897131921
B,B3,0.4,0.4,2,2,1,0.1,0.435546875,0.5357893265068743,0.1086815341246717,0.4271077923822026,0.2028437834572602
B,B3,0.4,0.4,2,2,1,0.1,0.439453125,0.5361550500153643,0.1089499161726258,0.4272051338427386,0.2032059870918005
B,B3,0.4,0.4,2,2,1,0.1,0.443359375,0.5364989950736503,0.10920231635195,0.4272966787217003,0.203546171297038
B,B3,0.4,0.4,2,2,1,0.1,0.447265625,0.5368209545020893,0.109438582626216,0.4273823718758733,0.2038642152628379
B,B3,0.4,0.4,2,2,1,0.1,0.451171875,0.5371207343643614,0.1096585726774528,0.4274621616869085,0.2041600066086162
B,B3,0.4,0.4,2,2,1,0.1,0.455078125,0.5373981540842857,0.1098621539918827,0.427536000092403,0.2044334413077495
B,B3,0.4,0.4,2,2,1,0.1,0.458984375,0.5376530465545976,0.1100492039397307,0.4276038426148668,0.2046844236165886
B,B3,0.4,0.4,2,2,1,0.1,0.462890625,0.5378852582376029,0.1102196098491057,0.4276656483884972,0.2049128660083446
B,B3,0.4,0.4,2,2,1,0.1,0.466796875,0.5380946492576675,0.1103732690738573,0.4277213801838102,0.2051186891118943
B,B3,0.4,0.4,2,2,1,0.1,0.470703125,0.5382810934854708,0.1105100890554138,0.427771004430057,0.2053018216557455
B,B3,0.4,0.4,2,2,1,0.1,0.474609375,0.5384444786139805,0.1106299873785377,0.4278144912354428,0.205462200417232
B,B3,0.4,0.4,2,2,1,0.1,0.478515625,0.5385847062261055,0.1107328918209587,0.4278518144051469,0.2055997701770451
B,B3,0.4,0.4,2,2,1,0.1,0.482421875,0.5387016918539749,0.1108187403968916,0.4278829514570833,0.2057144836792736
B,B3,0.4,0.4,2,2,1,0.1,0.486328125,0.5387953650298216,0.1108874813943615,0.4279078836354601,0.2058063015969413
B,B3,0.4,0.4,2,2,1,0.1,0.490234375,0.5388656693284269,0.1109390734063639,0.4279265959220631,0.2058751925032153
B,B3,0.4,0.4,2,2,1,0.1,0.494140625,0.5389125624011103,0.1109734853557984,0.4279390770453119,0.2059211328482659
B,B3,0.4,0.4,2,2,1,0.1,0.498046875,0.5389360160012375,0.1109906965141959,0.4279453194870416,0.2059441069418917
B,B3,0.4,0.4,2,2,1,0.1,0.501953125,0.5389360160012379,0.1109906965141958,0.4279453194870421,0.2059441069418913
B,B3,0.4,0.4,2,2,1,0.1,0.505859375,0.5389125624011109,0.1109734853557989,0.427939077045312,0.2059211328482665
B,B3,0.4,0.4,2,2,1,0.1,0.509765625,0.5388656693284277,0.1109390734063645,0.4279265959220632,0.2058751925032162
B,B3,0.4,0.4,2,2,1,0.1,0.513671875,0.5387953650298231,0.1108874813943617,0.4279078836354614,0.205806301596941
B,B3,0.4,0.4,2,2,1,0.1,0.517578125,0.538701691853977,0.1108187403968905,0.4278829514570864,0.2057144836792708
B,B3,0.4,0.4,2,2,1,0.1,0.521484375,0.5385847062261077,0.1107328918209585,0.4278518144051492,0.205599770177044
B,B3,0.4,0.4,2,2,1,0.1,0.525390625,0.5384444786139831,0.110629987378537,0.4278144912354461,0.2054622004172298
B,B3,0.4,0.4,2,2,1,0.1,0.529296875,0.5382810934854736,0.1105100890554144,0.4277710044300592,0.2053018216557456
B,B3,0.4,0.4,2,2,1,0.1,0.533203125,0.5380946492576709,0.1103732690738573,0.4277213801838137,0.2051186891118929
B,B3,0.4,0.4,2,2,1,0.1,0.537109375,0.5378852582376067,0.1102196098491054,0.4276656483885013,0.2049128660083425
B,B3,0.4,0.4,2,2,1,0.1,0.541015625,0.5376530465546017,0.1100492039397308,0.4276038426148708,0.2046844236165873
B,B3,0.4,0.4,2,2,1,0.1,0.544921875,0.5373981540842901,0.109862153991883,0.4275360000924072,0.2044334413077482
B,B3,0.4,0.4,2,2,1,0.1,0.548828125,0.5371207343643658,0.1096585726774544,0.4274621616869114,0.2041600066086175
B,B3,0.4,0.4,2,2,1,0.1,0.552734375,0.5368209545020949,0.109438582626216,0.4273823718758789,0.2038642152628358
B,B3,0.4,0.4,2,2,1,0.1,0.556640625,0.5364989950736561,0.1092023163519504,0.4272966787217056,0.2035461712970367
B,B3,0.4,0.4,2,2,1,0.1,0.560546875,0.5361550500153706,0.1089499161726259,0.4272051338427447,0.2032059870917984
B,B3,0.4,0.4,2,2,1,0.1,0.564453125,0.5357893265068804,0.1086815341246729,0.4271077923822075,0.2028437834572602
B,B3,0.4,0.4,2,2,1,0.1,0.568359375,0.5354020448463523,0.1083973318714006,0.4270047129749517,0.2024596897131913
B,B3,0.4,0.4,2,2,1,0.1,0.572265625,0.534993438317777,0.1080974806056203,0.4268959577121567,0.2020538437733366
B,B3,0.4,0.4,2,2,1,0.1,0.576171875,0.5345637530504481,0.1077821609465224,0.4267815921039257,0.2016263922338011
B,B3,0.4,0.4,2,2,1,0.1,0.580078125,0.5341132478707038,0.1074515628308796,0.4266616850398242,0.2011774904652638
B,B3,0.4,0.4,2,2,1,0.1,0.583984375,0.5336421941460197,0.1071058853986326,0.4265363087473871,0.200707302708761
B,B3,0.4,0.4,2,2,1,0.1,0.587890625,0.5331508756215446,0.1067453368729429,0.4264055387486018,0.2002160021748059
B,B3,0.4,0.4,2,2,1,0.1,0.591796875,0.5326395882491863,0.1063701344347606,0.4262694538144257,0.199703771145522
B,B3,0.4,0.4,2,2,1,0.1,0.595703125,0.5321086400093404,0.1059805040920034,0.426128135917337,0.1991708010795372
B,B3,0.4,0.4,2,2,1,0.1,0.599609375,0.5315583507253727,0.105576680543421,0.4259816701819517,0.1986172927193213
B,B3,0.4,0.4,2,2,1,0.1,0.603515625,0.5309890518709708,0.1051589070372207,0.42583014483375,0.1980434562006264
B,B3,0.4,0.4,2,2,1,0.1,0.607421875,0.5304010863704772,0.1047274352245404,0.4256736511459368,0.1974495111636891
B,B3,0.4,0.4,2,2,1,0.1,0.611328125,0.5297948083923248,0.104282525007864,0.4255122833844608,0.1968356868658488
B,B3,0.4,0.4,2,2,1,0.1,0.615234375,0.5291705831356968,0.1038244443844726,0.4253461387512242,0.1962022222952037
B,B3,0.4,0.4,2,2,1,0.1,0.619140625,0.5285287866105463,0.1033534692850037,0.4251753173255425,0.1955493662848702
B,B3,0.4,0.4,2,2,1,0.1,0.623046875,0.5278698054111022,0.1028698834072464,0.4249999220038558,0.1948773776274849
B,B3,0.4,0.4,2,2,1,0.1,0.626953125,0.527194036482998,0.1023739780452512,0.4248200584377468,0.1941865251894836
B,B3,0.4,0.4,2,2,1,0.1,0.630859375,0.5265018868841675,0.1018660519138641,0.4246358349703034,0.1934770880247103
B,B3,0.4,0.4,2,2,1,0.1,0.634765625,0.5257937735396472,0.101346410968797,0.4244473625708501,0.1927493554869094
B,B3,0.4,0.4,2,2,1,0.1,0.638671875,0.5250701229904386,0.1008153682223215,0.4242547547681171,0.1920036273405663
B,B3,0.4,0.4,2,2,1,0.1,0.642578125,0.5243313711365734,0.1002732435547318,0.4240581275818416,0.1912402138696627
B,B3,0.4,0.4,2,2,1,0.1,0.646484375,0.5235779629745444,0.09972036352165663,0.4238575994528878,0.1904594359837579
B,B3,0.4,0.4,2,2,1,0.1,0.650390625,0.5228103523292564,0.09915706115735558,0.4236532911719009,0.1896616253208932
B,B3,0.4,0.4,2,2,1,0.1,0.654296875,0.5220290015806601,0.09858367577410684,0.4234453258065533,0.1888471243467388
B,B3,0.4,0.4,2,2,1,0.1,0.658203125,0.5212343813852293,0.09800055275782744,0.4232338286274018,0.1880162864494506
B,B3,0.4,0.4,2,2,1,0.1,0.662109375,0.5204269703924569,0.09740804336001813,0.4230189270324388,0.1871694760295804
B,B3,0.4,0.4,2,2,1,0.1,0.666015625,0.5196072549565344,0.0968065044861828,0.4228007504703516,0.1863070685844846
B,B3,0.4,0.4,2,2,1,0.1,0.669921875,0.5187757288433885,0.09619629848084818,0.4225794303625403,0.185429450786601
B,B3,0.4,0.4,2,2,1,0.1,0.673828125,0.5179328929332575,0.09557779290929416,0.4223551000239634,0.1845370205549209
B,B3,0.4,0.4,2,2,1,0.1,0.677734375,0.5170792549189783,0.09495136033614844,0.4221278945828299,0.1836301871190452
B,B3,0.4,0.4,2,2,1,0.1,0.681640625,0.5162153290001703,0.09431737810097089,0.4218979508991994,0.1827093710751464
B,B3,0.4,0.4,2,2,1,0.1,0.685546875,0.5153416355735035,0.09367622809095226,0.4216654074825513,0.1817750044331342
B,B3,0.4,0.4,2,2,1,0.1,0.689453125,0.5144587009192283,0.0930282965108854,0.4214304044083429,0.1808275306543822
B,B3,0.4,0.4,2,2,1,0.1,0.693359375,0.5135670568841656,0.09237397365052578,0.4211930832336398,0.1798674046792698
B,B3,0.4,0.4,2,2,1,0.1,0.697265625,0.5126672405613407,0.09171365364949964,0.4209535869118411,0.1788950929438724
B,B3,0.4,0.4,2,2,1,0.1,0.701171875,0.5117597939664608,0.0910477342598833,0.4207120597065774,0.1779110733850466
B,B3,0.4,0.4,2,2,1,0.1,0.705078125,0.5108452637114229,0.09037661660661667,0.4204686471048062,0.1769158354332331
B,B3,0.4,0.4,2,2,1,0.1,0.708984375,0.5099242006750564,0.08970070494587841,0.420223495729178,0.175909879992221
B,B3,0.4,0.4,2,2,1,0.1,0.712890625,0.5089971596712931,0.08902040642158081,0.4199767532497123,0.1748937194051723
B,B3,0.4,0.4,2,2,1,0.1,0.716796875,0.5080646991149702,0.08833613082011479,0.4197285682948554,0.1738678774061513
B,B3,0.4,0.4,2,2,1,0.1,0.720703125,0.5071273806854587,0.08764829032351917,0.4194790903619395,0.1728328890564918
B,B3,0.4,0.4,2,2,1,0.1,0.724609375,0.5061857689883326,0.08695729926118682,0.4192284697271457,0.1717893006652093
B,B3,0.4,0.4,2,2,1,0.1,0.728515625,0.5052404312152694,0.08626357386029558,0.4189768573549738,0.1707376696928298
B,B3,0.4,0.4,2,2,1,0.1,0.732421875,0.5042919368023946,0.08556753199508842,0.4187244048073062,0.1696785646378832
B,B3,0.4,0.4,2,2,1,0.1,0.736328125,0.5033408570872766,0.08486959293515664,0.41847126415212,0.1686125649053772
B,B3,0.4,0.4,2,2,1,0.1,0.740234375,0.5023877649647723,0.08417017709289286,0.4182175878718795,0.1675402606566163
B,B3,0.4,0.4,2,2,1,0.1,0.744140625,0.5014332345419372,0.08346970577024944,0.4179635287716878,0.1664622526396752
B,B3,0.4,0.4,2,2,1,0.1,0.748046875,0.5004778407922074,0.08276860090495529,0.4177092398872521,0.1653791519998981
B,B3,0.4,0.4,2,2,1,0.1,0.751953125,0.4995221592090516,0.08206728481636887,0.4174548743926828,0.1642915800698712
B,B3,0.4,0.4,2,2,1,0.1,0.755859375,0.4985667654593216,0.08136617995107484,0.4172005855082468,0.16320016813819
B,B3,0.4,0.4,2,2,1,0.1,0.759765625,0.4976122350364869,0.08066570862843035,0.4169465264080565,0.1621055571965903
B,B3,0.4,0.4,2,2,1,0.1,0.763671875,0.4966591429139824,0.079966292786167,0.4166928501278154,0.1610083976648278
B,B3,0.4,0.4,2,2,1,0.1,0.767578125,0.4957080631988641,0.07926835372623607,0.416439709472628,0.1599093490929072
B,B3,0.4,0.4,2,2,1,0.1,0.771484375,0.4947595687859893,0.07857231186102889,0.4161872569249604,0.1588090798401834
B,B3,0.4,0.4,2,2,1,0.1,0.775390625,0.4938142310129263,0.07787858646013709,0.4159356445527892,0.1577082667309734
B,B3,0.4,0.4,2,2,1,0.1,0.779296875,0.4928726193158,0.07718759539780527,0.4156850239179947,0.1566075946863435
B,B3,0.4,0.4,2,2,1,0.1,0.783203125,0.491935300886289,0.0764997549012081,0.4154355459850809,0.1555077563317438
B,B3,0.4,0.4,2,2,1,0.1,0.787109375,0.4910028403299653,0.07581547929974389,0.4151873610302215,0.1544094515803495
B,B3,0.4,0.4,2,2,1,0.1,0.791015625,0.490075799326202,0.07513518077544604,0.414940618550756,0.153313387191835
B,B3,0.4,0.4,2,2,1,0.1,0.794921875,0.4891547362898355,0.07445926911470764,0.4146954671751279,0.1522202763065731
B,B3,0.4,0.4,2,2,1,0.1,0.798828125,0.4882402060347972,0.07378815146144174,0.4144520545733555,0.1511308379551659
B,B3,0.4,0.4,2,2,1,0.1,0.802734375,0.4873327594399177,0.07312223207182388,0.4142105273680938,0.1500457965433349
B,B3,0.4,0.4,2,2,1,0.1,0.806640625,0.4864329431170926,0.07246191207079802,0.4139710310462946,0.1489658813123502
B,B3,0.4,0.4,2,2,1,0.1,0.810546875,0.4855412990820298,0.07180758921043866,0.4137337098715911,0.1478918257750658
B,B3,0.4,0.4,2,2,1,0.1,0.814453125,0.4846583644277543,0.07115965763037248,0.4134987067973819,0.1468243671279502
B,B3,0.4,0.4,2,2,1,0.1,0.818359375,0.4837846710010874,0.07051850762035411,0.4132661633807333,0.1457642456393489
B,B3,0.4,0.4,2,2,1,0.1,0.822265625,0.4829207450822799,0.06988452538517527,0.4130362196971046,0.1447122040144876
B,B3,0.4,0.4,2,2,1,0.1,0.826171875,0.4820671070680002,0.06925809281203056,0.4128090142559696,0.143668986737693
B,B3,0.4,0.4,2,2,1,0.1,0.830078125,0.4812242711578694,0.0686395872404755,0.4125846839173939,0.1426353393924259
B,B3,0.4,0.4,2,2,1,0.1,0.833984375,0.4803927450447235,0.06802938123514086,0.4123633638095826,0.1416120079598777
B,B3,0.4,0.4,2,2,1,0.1,0.837890625,0.4795730296088008,0.0674278423613056,0.4121451872474952,0.1405997380968402
B,B3,0.4,0.4,2,2,1,0.1,0.841796875,0.4787656186160283,0.06683533296349635,0.4119302856525319,0.1395992743938
B,B3,0.4,0.4,2,2,1,0.1,0.845703125,0.4779709984205972,0.06625220994721738,0.4117187884733798,0.1386113596141618
B,B3,0.4,0.4,2,2,1,0.1,0.849609375,0.4771896476720009,0.06567882456396895,0.4115108231080319,0.1376367339157233
B,B3,0.4,0.4,2,2,1,0.1,0.853515625,0.4764220370267132,0.06511552219966706,0.4113065148270461,0.1366761340555202
B,B3,0.4,0.4,2,2,1,0.1,0.857421875,0.4756686288646836,0.06456264216659305,0.4111059866980906,0.1357302925792896
B,B3,0.4,0.4,2,2,1,0.1,0.861328125,0.4749298770108182,0.06402051749900339,0.4109093595118148,0.1347999369968992
B,B3,0.4,0.4,2,2,1,0.1,0.865234375,0.4742062264616095,0.06348947475252774,0.4107167517090817,0.1338857889451767
B,B3,0.4,0.4,2,2,1,0.1,0.869140625,0.4734981131170893,0.06296983380745955,0.4105282793096298,0.1329885633396136
B,B3,0.4,0.4,2,2,1,0.1,0.873046875,0.4728059635182584,0.06246190767607349,0.4103440558421849,0.1321089675165685
B,B3,0.4,0.4,2,2,1,0.1,0.876953125,0.4721301945901542,0.06196600231407796,0.4101641922760763,0.131247700367627
B,B3,0.4,0.4,2,2,1,0.1,0.880859375,0.4714712133907098,0.06148241643632085,0.4099887969543889,0.1304054514678718
B,B3,0.4,0.4,2,2,1,0.1,0.884765625,0.4708294168655593,0.06101144133685148,0.4098179755287079,0.1295829001998673
B,B3,0.4,0.4,2,2,1,0.1,0.888671875,0.4702051916089311,0.06055336071345977,0.4096518308954713,0.1287807148752664
B,B3,0.4,0.4,2,2,1,0.1,0.892578125,0.4695989136307783,0.06010845049678396,0.4094904631339944,0.1279995518559572
B,B3,0.4,0.4,2,2,1,0.1,0.896484375,0.4690109481302849,0.05967697868410261,0.4093339694461823,0.127240054676773
B,B3,0.4,0.4,2,2,1,0.1,0.900390625,0.4684416492758829,0.05925920517790188,0.409182444097981,0.1265028531717979
B,B3,0.4,0.4,2,2,1,0.1,0.904296875,0.4678913599919145,0.05885538162932091,0.4090359783625936,0.1257885626063665
B,B3,0.4,0.4,2,2,1,0.1,0.908203125,0.4673604117520684,0.05846575128656366,0.4088946604655048,0.125097782816871
B,B3,0.4,0.4,2,2,1,0.1,0.912109375,0.4668491243797104,0.0580905488483807,0.4087585755313297,0.1244310973605531
B,B3,0.4,0.4,2,2,1,0.1,0.916015625,0.466357805855235,0.05773000032269142,0.4086278055325436,0.1237890726774106
B,B3,0.4,0.4,2,2,1,0.1,0.919921875,0.4658867521305502,0.05738432289044541,0.4085024292401048,0.1231722572664295
B,B3,0.4,0.4,2,2,1,0.1,0.923828125,0.465436246950806,0.05705372477480124,0.4083825221760048,0.1225811808783159
B,B3,0.4,0.4,2,2,1,0.1,0.927734375,0.4650065616834769,0.05673840511570366,0.4082681565677732,0.1220163537269065
B,B3,0.4,0.4,2,2,1,0.1,0.931640625,0.4645979551549012,0.05643855384992326,0.408159401304978,0.1214782657213937
B,B3,0.4,0.4,2,2,1,0.1,0.935546875,0.4642106734943728,0.05615435159665143,0.4080563218977214,0.1209673857215438
B,B3,0.4,0.4,2,2,1,0.1,0.939453125,0.4638449499858827,0.05588596954869827,0.4079589804371844,0.1204841608179612
B,B3,0.4,0.4,2,2,1,0.1,0.943359375,0.463501004927597,0.05563356936937357,0.4078674355582234,0.1200290156394894
B,B3,0.4,0.4,2,2,1,0.1,0.947265625,0.463179045499158,0.05539730309510756,0.4077817424040505,0.1196023516897382
B,B3,0.4,0.4,2,2,1,0.1,0.951171875,0.4628792656368864,0.05517731304387018,0.4077019525930162,0.1192045467146825
B,B3,0.4,0.4,2,2,1,0.1,0.955078125,0.462601845916962,0.05497373172944122,0.4076281141875208,0.1188359541031946
B,B3,0.4,0.4,2,2,1,0.1,0.958984375,0.4623469534466508,0.05478668178159173,0.4075602716650591,0.1184969023223237
B,B3,0.4,0.4,2,2,1,0.1,0.962890625,0.4621147417636452,0.05461627587221825,0.407498465891427,0.1181876943890106
B,B3,0.4,0.4,2,2,1,0.1,0.966796875,0.4619053507435806,0.054462616647467,0.4074427340961136,0.1179086073798289
B,B3,0.4,0.4,2,2,1,0.1,0.970703125,0.4617189065157778,0.05432579666590936,0.4073931098498685,0.1176598919803015
B,B3,0.4,0.4,2,2,1,0.1,0.974609375,0.461555521387268,0.05420589834278669,0.4073496230444813,0.1174417720751416
B,B3,0.4,0.4,2,2,1,0.1,0.978515625,0.4614152937751433,0.05410299390036486,0.4073122998747785,0.1172544443807064
B,B3,0.4,0.4,2,2,1,0.1,0.982421875,0.4612983081472738,0.05401714532443289,0.4072811628228409,0.1170980781208229
B,B3,0.4,0.4,2,2,1,0.1,0.986328125,0.4612046349714272,0.05394840432696262,0.4072562306444645,0.1169728147469829
B,B3,0.4,0.4,2,2,1,0.1,0.990234375,0.4611343306728219,0.05389681231496031,0.4072375183578616,0.1168787677038092
B,B3,0.4,0.4,2,2,1,0.1,0.994140625,0.461087437600139,0.05386240036552468,0.4072250372346143,0.1168160222405253
B,B3,0.4,0.4,2,2,1,0.1,0.998046875,0.461063984000008,0.05384518920713865,0.4072187947928693,0.1167846352690557
B,B3,0.4,0.4,2,2,1,0.5,0.001953125,0.5020646824765863,0.211223161049138,0.2908415214274483,0.4207090608469324
B,B3,0.4,0.4,2,2,1,0.5,0.005859375,0.5020634387890798,0.2112261379164476,0.2908373008726322,0.4207160322725374
B,B3,0.4,0.4,2,2,1,0.5,0.009765625,0.5020609521631315,0.211232089858172,0.2908288623049595,0.4207299710285729
B,B3,0.4,0.4,2,2,1,0.5,0.013671875,0.5020572240966955,0.2112410132887733,0.2908162108079222,0.4207508689250304
B,B3,0.4,0.4,2,2,1,0.5,0.017578125,0.5020522568355504,0.2112529028327187,0.2907993540028317,0.4207787136826188
B,B3,0.4,0.4,2,2,1,0.5,0.021484375,0.502046053371459,0.2112677513291793,0.2907783020422797,0.4208134889427451
B,B3,0.4,0.4,2,2,1,0.5,0.025390625,0.5020386174413807,0.2112855498333026,0.2907530676080781,0.420855174269483
B,B3,0.4,0.4,2,2,1,0.5,0.029296875,0.5020299535244056,0.2113062876240427,0.2907236659003629,0.4209037451662141
B,B3,0.4,0.4,2,2,1,0.5,0.033203125,0.5020200668392091,0.2113299522101651,0.2906901146290439,0.4209591730878988
B,B3,0.4,0.4,2,2,1,0.5,0.037109375,0.5020089633413763,0.21135652933636,0.2906524340050163,0.4210214254533804
B,B3,0.4,0.4,2,2,1,0.5,0.041015625,0.5019966497191489,0.2113860029938304,0.2906106467253186,0.4210904656676376
B,B3,0.4,0.4,2,2,1,0.5,0.044921875,0.5019831333897958,0.2114183554287373,0.2905647779610585,0.4211662531389645
B,B3,0.4,0.4,2,2,1,0.5,0.048828125,0.501968422495043,0.2114535671531996,0.2905148553418434,0.4212487433017517
B,B3,0.4,0.4,2,2,1,0.5,0.052734375,0.5019525258961866,0.2114916169569819,0.2904609089392047,0.421337887640638
B,B3,0.4,0.4,2,2,1,0.5,0.056640625,0.5019354531687397,0.2115324819203149,0.2904029712484247,0.4214336337170476
B,B3,0.4,0.4,2,2,1,0.5,0.060546875,0.5019172145966775,0.2115761374276656,0.2903410771690119,0.4215359251977052
B,B3,0.4,0.4,2,2,1,0.5,0.064453125,0.5018978211662339,0.2116225571825887,0.2902752639836452,0.4216447018854402
B,B3,0.4,0.4,2,2,1,0.5,0.068359375,0.5018772845592844,0.211671713223565,0.2902055713357194,0.4217598997520702
B,B3,0.4,0.4,2,2,1,0.5,0.072265625,0.5018556171463151,0.2117235759408268,0.2901320412054883,0.4218814509733766
B,B3,0.4,0.4,2,2,1,0.5,0.076171875,0.5018328319789648,0.2117781140942151,0.2900547178847497,0.4220092839662833
B,B3,0.4,0.4,2,2,1,0.5,0.080078125,0.5018089427821654,0.2118352948319885,0.2899736479501769,0.422143323428068
B,B3,0.4,0.4,2,2,1,0.5,0.083984375,0.5017839639458782,0.2118950837106008,0.2898888802352775,0.4222834903776548
B,B3,0.4,0.4,2,2,1,0.5,0.087890625,0.5017579105164169,0.2119574447154768,0.2898004658009402,0.4224297021990683
B,B3,0.4,0.4,2,2,1,0.5,0.091796875,0.5017307981873966,0.2120223402826695,0.2897084579047271,0.4225818726867931
B,B3,0.4,0.4,2,2,1,0.5,0.095703125,0.5017026432902669,0.2120897313215264,0.2896129119687405,0.4227399120933453
B,B3,0.4,0.4,2,2,1,0.5,0.099609375,0.5016734627844872,0.2121595772381992,0.289513885546288,0.4229037271786895
B,B3,0.4,0.4,2,2,1,0.5,0.103515625,0.5016432742473037,0.2122318359601175,0.2894114382871862,0.4230732212617884
B,B3,0.4,0.4,2,2,1,0.5,0.107421875,0.5016120958631607,0.2123064639613345,0.2893056319018262,0.4232482942740908
B,B3,0.4,0.4,2,2,1,0.5,0.111328125,0.5015799464127519,0.2123834162887289,0.289196530124023,0.4234288428149355
B,B3,0.4,0.4,2,2,1,0.5,0.115234375,0.5015468452617025,0.212462646589102,0.2890841986726005,0.423614760208971
B,B3,0.4,0.4,2,2,1,0.5,0.119140625,0.5015128123489112,0.2125441071370735,0.2889687052118377,0.423805936565391
B,B3,0.4,0.4,2,2,1,0.5,0.123046875,0.5014778681745298,0.212627748863863,0.2888501193106668,0.4240022588391916
B,B3,0.4,0.4,2,2,1,0.5,0.126953125,0.5014420337876228,0.2127135213868196,0.2887285124008031,0.4242036108941573
B,B3,0.4,0.4,2,2,1,0.5,0.130859375,0.5014053307734853,0.212801373039782,0.2886039577337033,0.4244098735677724
B,B3,0.4,0.4,2,2,1,0.5,0.134765625,0.5013677812406404,0.2128912509041999,0.2884765303364406,0.4246209247379199
B,B3,0.4,0.4,2,2,1,0.5,0.138671875,0.5013294078075218,0.2129831008410117,0.2883463069665101,0.4248366393913669
B,B3,0.4,0.4,2,2,1,0.5,0.142578125,0.5012902335888528,0.2130768675232429,0.2882133660656099,0.4250568896939728
B,B3,0.4,0.4,2,2,1,0.5,0.146484375,0.5012502821817161,0.2131724944693561,0.28807778771236,0.425281545062703
B,B3,0.4,0.4,2,2,1,0.5,0.150390625,0.5012095776513457,0.2132699240772534,0.2879396535740922,0.4255104722392385
B,B3,0.4,0.4,2,2,1,0.5,0.154296875,0.5011681445166288,0.2133690976589822,0.2877990468576466,0.4257435353653102
B,B3,0.4,0.4,2,2,1,0.5,0.158203125,0.501126007735338,0.2134699554760814,0.2876560522592566,0.4259805960596288
B,B3,0.4,0.4,2,2,1,0.5,0.162109375,0.5010831926890913,0.2135724367755825,0.2875107559135088,0.4262215134964594
B,B3,0.4,0.4,2,2,1,0.5,0.166015625,0.5010397251680742,0.213676479826575,0.2873632453414992,0.4264661444856435
B,B3,0.4,0.4,2,2,1,0.5,0.169921875,0.5009956313554956,0.2137820219574169,0.2872136093980787,0.4267143435542691
B,B3,0.4,0.4,2,2,1,0.5,0.173828125,0.5009509378118198,0.2138889995934746,0.2870619382183451,0.4269659630297392
B,B3,0.4,0.4,2,2,1,0.5,0.177734375,0.5009056714587661,0.2139973482954201,0.286908323163346,0.4272208531243114
B,B3,0.4,0.4,2,2,1,0.5,0.181640625,0.5008598595630929,0.2141070027980473,0.2867528567650455,0.427478862021037
B,B3,0.4,0.4,2,2,1,0.5,0.185546875,0.5008135297201716,0.2142178970495881,0.2865956326705834,0.427739835961065
B,B3,0.4,0.4,2,2,1,0.5,0.189453125,0.5007667098373706,0.2143299642514825,0.2864367455858882,0.4280036193322205
B,B3,0.4,0.4,2,2,1,0.5,0.193359375,0.5007194281172324,0.2144431368986504,0.2862762912185819,0.4282700547589763
B,B3,0.4,0.4,2,2,1,0.5,0.197265625,0.5006717130405,0.2145573468201134,0.2861143662203866,0.4285389831934795
B,B3,0.4,0.4,2,2,1,0.5,0.201171875,0.5006235933489501,0.2146725252200889,0.2859510681288612,0.4288102440079277
B,B3,0.4,0.4,2,2,1,0.5,0.205078125,0.5005750980280881,0.2147886027194086,0.2857864953086795,0.4290836750879615
B,B3,0.4,0.4,2,2,1,0.5,0.208984375,0.5005262562896784,0.2149055093973372,0.2856207468923412,0.4293591129272569
B,B3,0.4,0.4,2,2,1,0.5,0.212890625,0.5004770975541611,0.2150231748336538,0.2854539227205074,0.429636392723014
B,B3,0.4,0.4,2,2,1,0.5,0.216796875,0.5004276514329173,0.2151415281511086,0.2852861232818088,0.4299153484726022
B,B3,0.4,0.4,2,2,1,0.5,0.220703125,0.5003779477104449,0.2152604980580788,0.2851174496523661,0.4301958130709713
B,B3,0.4,0.4,2,2,1,0.5,0.224609375,0.5003280163264038,0.2153800128915528,0.2849480034348509,0.4304776184091264
B,B3,0.4,0.4,2,2,1,0.5,0.228515625,0.5002778873575954,0.2155000006602557,0.2847778866973397,0.4307605954732469
B,B3,0.4,0.4,2,2,1,0.5,0.232421875,0.5002275909998358,0.215620389088043,0.2846072019117929,0.4310445744447425
B,B3,0.4,0.4,2,2,1,0.5,0.236328125,0.5001771575497701,0.2157411056574279,0.2844360518923422,0.4313293848009454
B,B3,0.4,0.4,2,2,1,0.5,0.240234375,0.5001266173866228,0.2158620776532628,0.28426453973336,0.4316148554164848
B,B3,0.4,0.4,2,2,1,0.5,0.244140625,0.5000760009538984,0.2159832322065411,0.2840927687473573,0.4319008146652741
B,B3,0.4,0.4,2,2,1,0.5,0.248046875,0.5000253387410417,0.2161044963382941,0.2839208424027476,0.4321870905230517
B,B3,0.4,0.4,2,2,1,0.5,0.251953125,0.4999746612650783,0.2162257970035351,0.2837488642615431,0.4324735106703654
B,B3,0.4,0.4,2,2,1,0.5,0.255859375,0.4999239990522215,0.2163470611352884,0.2835769379169332,0.4327599025960924
B,B3,0.4,0.4,2,2,1,0.5,0.259765625,0.4998733826194967,0.2164682156885674,0.2834051669309292,0.4330460937011782
B,B3,0.4,0.4,2,2,1,0.5,0.263671875,0.4998228424563495,0.2165891876844018,0.2832336547719477,0.4333319114028227
B,B3,0.4,0.4,2,2,1,0.5,0.267578125,0.4997724090062828,0.2167099042537895,0.2830625047524933,0.4336171832388314
B,B3,0.4,0.4,2,2,1,0.5,0.271484375,0.4997221126485242,0.2168302926815736,0.2828918199669506,0.433901736972123
B,B3,0.4,0.4,2,2,1,0.5,0.275390625,0.4996719836797139,0.2169502804502814,0.2827217032294325,0.4341854006954791
B,B3,0.4,0.4,2,2,1,0.5,0.279296875,0.4996220522956754,0.2170697952837471,0.2825522570119282,0.4344680029361188
B,B3,0.4,0.4,2,2,1,0.5,0.283203125,0.4995723485732004,0.2171887651907242,0.2823835833824762,0.4347493727605711
B,B3,0.4,0.4,2,2,1,0.5,0.287109375,0.4995229024519585,0.217307118508173,0.2822157839437855,0.4350293398791109
B,B3,0.4,0.4,2,2,1,0.5,0.291015625,0.4994737437164393,0.2174247839444948,0.2820489597719445,0.4353077347503795
B,B3,0.4,0.4,2,2,1,0.5,0.294921875,0.4994249019780306,0.2175416906224197,0.281883211355611,0.4355843886855069
B,B3,0.4,0.4,2,2,1,0.5,0.298828125,0.4993764066571666,0.217657768121744,0.2817186385354227,0.4358591339521794
B,B3,0.4,0.4,2,2,1,0.5,0.302734375,0.4993282869656174,0.2177729465217166,0.2815553404439008,0.4361318038781808
B,B3,0.4,0.4,2,2,1,0.5,0.306640625,0.4992805718888857,0.2178871564431767,0.281393415445709,0.4364022329546346
B,B3,0.4,0.4,2,2,1,0.5,0.310546875,0.4992332901687487,0.21800032909034,0.2812329610784087,0.4366702569386999
B,B3,0.4,0.4,2,2,1,0.5,0.314453125,0.4991864702859452,0.2181123962922406,0.2810740739937047,0.4369357129557235
B,B3,0.4,0.4,2,2,1,0.5,0.318359375,0.4991401404430236,0.2182232905437815,0.2809168498992421,0.4371984396007347
B,B3,0.4,0.4,2,2,1,0.5,0.322265625,0.4990943285473499,0.2183329450464089,0.280761383500941,0.4374582770392977
B,B3,0.4,0.4,2,2,1,0.5,0.326171875,0.499049062194295,0.2184412937483564,0.2806077684459385,0.4377150671075915
B,B3,0.4,0.4,2,2,1,0.5,0.330078125,0.4990043686506189,0.2185482713844132,0.2804560972662057,0.437968653411592
B,B3,0.4,0.4,2,2,1,0.5,0.333984375,0.4989602748380403,0.2186538135152534,0.2803064613227869,0.4382188814254345
B,B3,0.4,0.4,2,2,1,0.5,0.337890625,0.498916807317023,0.2187578565662451,0.280158950750778,0.4384655985887471
B,B3,0.4,0.4,2,2,1,0.5,0.341796875,0.4988739922707769,0.2188603378657425,0.2800136544050345,0.4387086544029545
B,B3,0.4,0.4,2,2,1,0.5,0.345703125,0.4988318554894839,0.2189611956828462,0.2798706598066377,0.4389479005264976
B,B3,0.4,0.4,2,2,1,0.5,0.349609375,0.4987904223547667,0.2190603692645748,0.2797300530901919,0.4391831908688238
B,B3,0.4,0.4,2,2,1,0.5,0.353515625,0.4987497178243968,0.2191577988724689,0.2795919189519279,0.4394143816831823
B,B3,0.4,0.4,2,2,1,0.5,0.357421875,0.4987097664172583,0.2192534258185852,0.2794563405986731,0.4396413316581035
B,B3,0.4,0.4,2,2,1,0.5,0.361328125,0.4986705921985893,0.2193471925008145,0.2793233996977748,0.4398639020074042
B,B3,0.4,0.4,2,2,1,0.5,0.365234375,0.4986322187654716,0.2194390424376215,0.2791931763278501,0.4400819565589146
B,B3,0.4,0.4,2,2,1,0.5,0.369140625,0.4985946692326246,0.219528920302044,0.2790657489305806,0.4402953618415453
B,B3,0.4,0.4,2,2,1,0.5,0.373046875,0.498557966218486,0.2196167719550078,0.2789411942634782,0.4405039871707994
B,B3,0.4,0.4,2,2,1,0.5,0.376953125,0.4985221318315792,0.2197025444779616,0.2788195873536177,0.4407077047327277
B,B3,0.4,0.4,2,2,1,0.5,0.380859375,0.4984871876571963,0.219786186204753,0.2787010014524433,0.4409063896661219
B,B3,0.4,0.4,2,2,1,0.5,0.384765625,0.498453154744403,0.219867646752728,0.278585507991675,0.4410999201428905
B,B3,0.4,0.4,2,2,1,0.5,0.388671875,0.4984200535933549,0.2199468770530946,0.2784731765402603,0.4412881774466929
B,B3,0.4,0.4,2,2,1,0.5,0.392578125,0.4983879041429454,0.2200238293804886,0.2783640747624567,0.4414710460496698
B,B3,0.4,0.4,2,2,1,0.5,0.396484375,0.4983567257588012,0.220098457381706,0.2782582683770953,0.4416484136871688
B,B3,0.4,0.4,2,2,1,0.5,0.400390625,0.4983265372216159,0.2201707161036268,0.2781558211179891,0.44182017143051
B,B3,0.4,0.4,2,2,1,0.5,0.404296875,0.4982973567158365,0.2202405620202957,0.2780567946955408,0.4419862137576862
B,B3,0.4,0.4,2,2,1,0.5,0.408203125,0.4982692018187057,0.2203079530591533,0.2779612487595524,0.4421464386219719
B,B3,0.4,0.4,2,2,1,0.5,0.412109375,0.4982420894896841,0.2203728486263473,0.2778692408633368,0.4423007475182604
B,B3,0.4,0.4,2,2,1,0.5,0.416015625,0.4982160360602222,0.2204352096312218,0.2777808264290004,0.4424490455473348
B,B3,0.4,0.4,2,2,1,0.5,0.419921875,0.4981910572239334,0.2204949985098358,0.2776960587140976,0.4425912414777146
B,B3,0.4,0.4,2,2,1,0.5,0.423828125,0.4981671680271336,0.2205521792476069,0.2776149887795267,0.4427272478052872
B,B3,0.4,0.4,2,2,1,0.5,0.427734375,0.4981443828597831,0.2206067174009928,0.2775376654587903,0.442856980810499
B,B3,0.4,0.4,2,2,1,0.5,0.431640625,0.4981227154468131,0.2206585801182539,0.2774641353285593,0.4429803606131963
B,B3,0.4,0.4,2,2,1,0.5,0.435546875,0.4981021788398632,0.2207077361592278,0.2773944426806354,0.4430973112249404
B,B3,0.4,0.4,2,2,1,0.5,0.439453125,0.498082785409418,0.220754155914152,0.277328629495266,0.4432077605988626
B,B3,0.4,0.4,2,2,1,0.5,0.443359375,0.4980645468373551,0.2207978114215017,0.2772667354158533,0.4433116406769745
B,B3,0.4,0.4,2,2,1,0.5,0.447265625,0.4980474741099084,0.2208386763848305,0.2772087977250778,0.4434088874348878
B,B3,0.4,0.4,2,2,1,0.5,0.451171875,0.498031577511049,0.2208767261886173,0.2771548513224317,0.4434994409239384
B,B3,0.4,0.4,2,2,1,0.5,0.455078125,0.4980168666162954,0.2209119379130786,0.2771049287032168,0.4435832453106122
B,B3,0.4,0.4,2,2,1,0.5,0.458984375,0.4980033502869389,0.2209442903479921,0.2770590599389469,0.4436602489133631
B,B3,0.4,0.4,2,2,1,0.5,0.462890625,0.4979910366647148,0.22097376400545,0.2770172726592648,0.4437304042366252
B,B3,0.4,0.4,2,2,1,0.5,0.466796875,0.4979799331668827,0.2210003411316399,0.2769795920352429,0.4437936680022373
B,B3,0.4,0.4,2,2,1,0.5,0.470703125,0.4979700464817781,0.2210240057174852,0.276946040764293,0.443850001177878
B,B3,0.4,0.4,2,2,1,0.5,0.474609375,0.4979613825647718,0.2210447435083193,0.2769166390564525,0.4438993690029109
B,B3,0.4,0.4,2,2,1,0.5,0.478515625,0.4979539466346811,0.2210625420124797,0.2768914046222014,0.4439417410113631
B,B3,0.4,0.4,2,2,1,0.5,0.482421875,0.4979477431706308,0.2210773905088176,0.2768703526618131,0.4439770910520253
B,B3,0.4,0.4,2,2,1,0.5,0.486328125,0.4979427759093578,0.2210892800531477,0.2768534958562102,0.4440053973057203
B,B3,0.4,0.4,2,2,1,0.5,0.490234375,0.4979390478429555,0.2210982034836502,0.2768408443593053,0.4440266422997662
B,B3,0.4,0.4,2,2,1,0.5,0.494140625,0.4979365612170704,0.2211041554251878,0.2768324057918826,0.4440408129195391
B,B3,0.4,0.4,2,2,1,0.5,0.498046875,0.4979353175295517,0.2211071322925375,0.2768281852370142,0.4440479004171362
B,B3,0.4,0.4,2,2,1,0.5,0.501953125,0.497935317529554,0.2211071322925343,0.2768281852370197,0.4440479004171278
B,B3,0.4,0.4,2,2,1,0.5,0.505859375,0.4979365612170744,0.2211041554251872,0.2768324057918872,0.4440408129195344
B,B3,0.4,0.4,2,2,1,0.5,0.509765625,0.4979390478429623,0.2210982034836484,0.2768408443593138,0.4440266422997567
B,B3,0.4,0.4,2,2,1,0.5,0.513671875,0.4979427759093668,0.2210892800531467,0.2768534958562201,0.4440053973057103
B,B3,0.4,0.4,2,2,1,0.5,0.517578125,0.4979477431706392,0.2210773905088259,0.2768703526618133,0.4439770910520345
B,B3,0.4,0.4,2,2,1,0.5,0.521484375,0.4979539466346916,0.221062542012489,0.2768914046222026,0.4439417410113725
B,B3,0.4,0.4,2,2,1,0.5,0.525390625,0.497961382564786,0.2210447435083246,0.2769166390564615,0.4438993690029088
B,B3,0.4,0.4,2,2,1,0.5,0.529296875,0.4979700464817957,0.2210240057174876,0.2769460407643081,0.4438500011778672
B,B3,0.4,0.4,2,2,1,0.5,0.533203125,0.4979799331669013,0.2210003411316468,0.2769795920352544,0.4437936680022348
B,B3,0.4,0.4,2,2,1,0.5,0.537109375,0.4979910366647355,0.2209737640054574,0.2770172726592782,0.4437304042366216
B,B3,0.4,0.4,2,2,1,0.5,0.541015625,0.4980033502869632,0.2209442903479965,0.2770590599389666,0.4436602489133504
B,B3,0.4,0.4,2,2,1,0.5,0.544921875,0.4980168666163204,0.2209119379130882,0.2771049287032322,0.4435832453106092
B,B3,0.4,0.4,2,2,1,0.5,0.548828125,0.4980315775110763,0.2208767261886278,0.2771548513224485,0.4434994409239351
B,B3,0.4,0.4,2,2,1,0.5,0.552734375,0.4980474741099373,0.2208386763848435,0.2772087977250938,0.443408887434888
B,B3,0.4,0.4,2,2,1,0.5,0.556640625,0.4980645468373872,0.2207978114215125,0.2772667354158747,0.4433116406769676
B,B3,0.4,0.4,2,2,1,0.5,0.560546875,0.4980827854094534,0.2207541559141606,0.2773286294952927,0.4432077605988485
B,B3,0.4,0.4,2,2,1,0.5,0.564453125,0.4981021788399,0.2207077361592394,0.2773944426806607,0.4430973112249309
B,B3,0.4,0.4,2,2,1,0.5,0.568359375,0.4981227154468519,0.220658580118267,0.2774641353285849,0.4429803606131882
B,B3,0.4,0.4,2,2,1,0.5,0.572265625,0.4981443828598241,0.2206067174010071,0.277537665458817,0.4428569808104912
B,B3,0.4,0.4,2,2,1,0.5,0.576171875,0.4981671680271765,0.2205521792476232,0.2776149887795534,0.4427272478052816
B,B3,0.4,0.4,2,2,1,0.5,0.580078125,0.4981910572239792,0.2204949985098509,0.2776960587141283,0.4425912414777041
B,B3,0.4,0.4,2,2,1,0.5,0.583984375,0.4982160360602708,0.2204352096312361,0.2777808264290347,0.4424490455473202
B,B3,0.4,0.4,2,2,1,0.5,0.587890625,0.4982420894897343,0.2203728486263636,0.2778692408633707,0.4423007475182487
B,B3,0.4,0.4,2,2,1,0.5,0.591796875,0.4982692018187579,0.2203079530591714,0.2779612487595864,0.442146438621962
B,B3,0.4,0.4,2,2,1,0.5,0.595703125,0.4982973567158913,0.2202405620203134,0.2780567946955779,0.4419862137576731
B,B3,0.4,0.4,2,2,1,0.5,0.599609375,0.4983265372216729,0.220170716103645,0.2781558211180279,0.441820171430496
B,B3,0.4,0.4,2,2,1,0.5,0.603515625,0.4983567257588606,0.2200984573817246,0.278258268377136,0.4416484136871536
B,B3,0.4,0.4,2,2,1,0.5,0.607421875,0.4983879041430061,0.2200238293805106,0.2783640747624955,0.4414710460496601
B,B3,0.4,0.4,2,2,1,0.5,0.611328125,0.4984200535934179,0.2199468770531171,0.2784731765403008,0.4412881774466822
B,B3,0.4,0.4,2,2,1,0.5,0.615234375,0.4984531547444702,0.2198676467527456,0.2785855079917245,0.4410999201428664
B,B3,0.4,0.4,2,2,1,0.5,0.619140625,0.4984871876572647,0.2197861862047743,0.2787010014524904,0.4409063896661041
B,B3,0.4,0.4,2,2,1,0.5,0.623046875,0.4985221318316488,0.2197025444779866,0.2788195873536623,0.4407077047327163
B,B3,0.4,0.4,2,2,1,0.5,0.626953125,0.4985579662185587,0.2196167719550309,0.2789411942635278,0.4405039871707815
B,B3,0.4,0.4,2,2,1,0.5,0.630859375,0.4985946692327,0.2195289203020668,0.2790657489306332,0.4402953618415244
B,B3,0.4,0.4,2,2,1,0.5,0.634765625,0.4986322187655473,0.2194390424376511,0.2791931763278962,0.4400819565589072
B,B3,0.4,0.4,2,2,1,0.5,0.638671875,0.4986705921986685,0.2193471925008411,0.2793233996978274,0.4398639020073876
B,B3,0.4,0.4,2,2,1,0.5,0.642578125,0.4987097664173401,0.2192534258186114,0.2794563405987287,0.439641331658084
B,B3,0.4,0.4,2,2,1,0.5,0.646484375,0.4987497178244799,0.2191577988724988,0.279591918951981,0.439414381683169
B,B3,0.4,0.4,2,2,1,0.5,0.650390625,0.4987904223548527,0.219060369264603,0.2797300530902497,0.4391831908688048
B,B3,0.4,0.4,2,2,1,0.5,0.654296875,0.4988318554895728,0.2189611956828738,0.279870659806699,0.4389479005264748
B,B3,0.4,0.4,2,2,1,0.5,0.658203125,0.498873992270867,0.218860337865774,0.280013654405093,0.4387086544029385
B,B3,0.4,0.4,2,2,1,0.5,0.662109375,0.4989168073171155,0.2187578565662767,0.2801589507508389,0.4384655985887291
B,B3,0.4,0.4,2,2,1,0.5,0.666015625,0.4989602748381345,0.2186538135152871,0.2803064613228475,0.4382188814254192
B,B3,0.4,0.4,2,2,1,0.5,0.669921875,0.4990043686507162,0.2185482713844444,0.2804560972662717,0.4379686534115692
B,B3,0.4,0.4,2,2,1,0.5,0.673828125,0.4990490621943935,0.2184412937483914,0.2806077684460021,0.4377150671075752
B,B3,0.4,0.4,2,2,1,0.5,0.677734375,0.4990943285474505,0.2183329450464448,0.2807613835010058,0.4374582770392815
B,B3,0.4,0.4,2,2,1,0.5,0.681640625,0.4991401404431278,0.2182232905438144,0.2809168498993134,0.4371984396007094
B,B3,0.4,0.4,2,2,1,0.5,0.685546875,0.4991864702860508,0.2181123962922771,0.2810740739937737,0.4369357129557043
B,B3,0.4,0.4,2,2,1,0.5,0.689453125,0.4992332901688549,0.2180003290903826,0.2812329610784723,0.4366702569386923
B,B3,0.4,0.4,2,2,1,0.5,0.693359375,0.4992805718889945,0.2178871564432188,0.2813934154457757,0.4364022329546238
B,B3,0.4,0.4,2,2,1,0.5,0.697265625,0.49932828696573,0.217772946521755,0.281555340443975,0.4361318038781593
B,B3,0.4,0.4,2,2,1,0.5,0.701171875,0.4993764066572822,0.2176577681217808,0.2817186385355013,0.4358591339521523
B,B3,0.4,0.4,2,2,1,0.5,0.705078125,0.4994249019781479,0.2175416906224588,0.2818832113556891,0.4355843886854829
B,B3,0.4,0.4,2,2,1,0.5,0.708984375,0.4994737437165579,0.2174247839445376,0.2820489597720204,0.4353077347503618
B,B3,0.4,0.4,2,2,1,0.5,0.712890625,0.4995229024520805,0.2173071185082135,0.282215783943867,0.4350293398790857
B,B3,0.4,0.4,2,2,1,0.5,0.716796875,0.4995723485733258,0.217188765190762,0.2823835833825639,0.4347493727605375
B,B3,0.4,0.4,2,2,1,0.5,0.720703125,0.4996220522958016,0.2170697952837898,0.2825522570120118,0.4344680029360943
B,B3,0.4,0.4,2,2,1,0.5,0.724609375,0.4996719836798432,0.2169502804503225,0.2827217032295207,0.4341854006954489
B,B3,0.4,0.4,2,2,1,0.5,0.728515625,0.4997221126486544,0.2168302926816194,0.2828918199670349,0.4339017369721017
B,B3,0.4,0.4,2,2,1,0.5,0.732421875,0.4997724090064162,0.2167099042538331,0.2830625047525831,0.4336171832388028
B,B3,0.4,0.4,2,2,1,0.5,0.736328125,0.4998228424564847,0.2165891876844478,0.2832336547720369,0.4333319114027975
B,B3,0.4,0.4,2,2,1,0.5,0.740234375,0.4998733826196349,0.2164682156886123,0.2834051669310226,0.4330460937011481
B,B3,0.4,0.4,2,2,1,0.5,0.744140625,0.4999239990523615,0.2163470611353359,0.2835769379170255,0.4327599025960663
B,B3,0.4,0.4,2,2,1,0.5,0.748046875,0.4999746612652198,0.2162257970035856,0.2837488642616342,0.4324735106703439
B,B3,0.4,0.4,2,2,1,0.5,0.751953125,0.5000253387411864,0.2161044963383429,0.2839208424028435,0.4321870905230241
B,B3,0.4,0.4,2,2,1,0.5,0.755859375,0.5000760009540449,0.2159832322065917,0.2840927687474532,0.4319008146652488
B,B3,0.4,0.4,2,2,1,0.5,0.759765625,0.5001266173867717,0.2158620776533145,0.2842645397334572,0.4316148554164596
B,B3,0.4,0.4,2,2,1,0.5,0.763671875,0.5001771575499209,0.2157411056574814,0.2844360518924395,0.4313293848009224
B,B3,0.4,0.4,2,2,1,0.5,0.767578125,0.5002275909999899,0.2156203890880941,0.2846072019118958,0.4310445744447119
B,B3,0.4,0.4,2,2,1,0.5,0.771484375,0.5002778873577518,0.2155000006603079,0.2847778866974439,0.4307605954732165
B,B3,0.4,0.4,2,2,1,0.5,0.775390625,0.5003280163265623,0.2153800128916065,0.2849480034349559,0.4304776184090972
B,B3,0.4,0.4,2,2,1,0.5,0.779296875,0.5003779477106043,0.2152604980581371,0.2851174496524672,0.4301958130709507
B,B3,0.4,0.4,2,2,1,0.5,0.783203125,0.5004276514330795,0.2151415281511661,0.2852861232819135,0.4299153484725778
B,B3,0.4,0.4,2,2,1,0.5,0.787109375,0.500477097554325,0.2150231748337131,0.2854539227206119,0.4296363927229919
B,B3,0.4,0.4,2,2,1,0.5,0.791015625,0.5005262562898454,0.2149055093973943,0.2856207468924511,0.4293591129272277
B,B3,0.4,0.4,2,2,1,0.5,0.794921875,0.5005750980282562,0.2147886027194701,0.2857864953087861,0.4290836750879403
B,B3,0.4,0.4,2,2,1,0.5,0.798828125,0.5006235933491212,0.214672525220149,0.2859510681289722,0.4288102440079014
B,B3,0.4,0.4,2,2,1,0.5,0.802734375,0.5006717130406739,0.2145573468201727,0.2861143662205012,0.428538983193449
B,B3,0.4,0.4,2,2,1,0.5,0.806640625,0.5007194281174079,0.2144431368987129,0.2862762912186949,0.4282700547589511
B,B3,0.4,0.4,2,2,1,0.5,0.810546875,0.5007667098375475,0.2143299642515486,0.2864367455859989,0.4280036193322014
B,B3,0.4,0.4,2,2,1,0.5,0.814453125,0.5008135297203513,0.2142178970496537,0.2865956326706975,0.4277398359610425
B,B3,0.4,0.4,2,2,1,0.5,0.818359375,0.5008598595632753,0.2141070027981125,0.2867528567651628,0.4274788620210114
B,B3,0.4,0.4,2,2,1,0.5,0.822265625,0.5009056714589515,0.2139973482954844,0.2869083231634671,0.4272208531242817
B,B3,0.4,0.4,2,2,1,0.5,0.826171875,0.5009509378120072,0.2138889995935409,0.2870619382184663,0.4269659630297117
B,B3,0.4,0.4,2,2,1,0.5,0.830078125,0.5009956313556854,0.2137820219574838,0.2872136093982015,0.426714343554241
B,B3,0.4,0.4,2,2,1,0.5,0.833984375,0.5010397251682662,0.2136764798266423,0.2873632453416239,0.4264661444856144
B,B3,0.4,0.4,2,2,1,0.5,0.837890625,0.5010831926892856,0.2135724367756504,0.2875107559136352,0.4262215134964296
B,B3,0.4,0.4,2,2,1,0.5,0.841796875,0.5011260077355333,0.2134699554761536,0.2876560522593797,0.4259805960596068
B,B3,0.4,0.4,2,2,1,0.5,0.845703125,0.501168144516827,0.2133690976590539,0.2877990468577731,0.4257435353652848
B,B3,0.4,0.4,2,2,1,0.5,0.849609375,0.5012095776515465,0.2132699240773245,0.287939653574222,0.42551047223921
B,B3,0.4,0.4,2,2,1,0.5,0.853515625,0.501250282181918,0.2131724944694313,0.2880777877124867,0.4252815450626817
B,B3,0.4,0.4,2,2,1,0.5,0.857421875,0.5012902335890581,0.2130768675233158,0.2882133660657423,0.4250568896939441
B,B3,0.4,0.4,2,2,1,0.5,0.861328125,0.5013294078077299,0.2129831008410835,0.2883463069666464,0.4248366393913339
B,B3,0.4,0.4,2,2,1,0.5,0.865234375,0.5013677812408501,0.2128912509042752,0.2884765303365749,0.4246209247378925
B,B3,0.4,0.4,2,2,1,0.5,0.869140625,0.5014053307736973,0.2128013730398576,0.2886039577338397,0.4244098735677437
B,B3,0.4,0.4,2,2,1,0.5,0.873046875,0.5014420337878372,0.2127135213868956,0.2887285124009416,0.4242036108941275
B,B3,0.4,0.4,2,2,1,0.5,0.876953125,0.5014778681747454,0.2126277488639428,0.2888501193108026,0.4240022588391685
B,B3,0.4,0.4,2,2,1,0.5,0.880859375,0.5015128123491303,0.212544107137151,0.2889687052119793,0.4238059365653604
B,B3,0.4,0.4,2,2,1,0.5,0.884765625,0.5015468452619237,0.2124626465891807,0.289084198672743,0.4236147602089411
B,B3,0.4,0.4,2,2,1,0.5,0.888671875,0.5015799464129749,0.2123834162888106,0.2891965301241643,0.4234288428149101
B,B3,0.4,0.4,2,2,1,0.5,0.892578125,0.5016120958633864,0.2123064639614158,0.2893056319019706,0.4232482942740625
B,B3,0.4,0.4,2,2,1,0.5,0.896484375,0.501643274247532,0.2122318359601993,0.2894114382873326,0.4230732212617589
B,B3,0.4,0.4,2,2,1,0.5,0.900390625,0.5016734627847176,0.2121595772382826,0.289513885546435,0.4229037271786615
B,B3,0.4,0.4,2,2,1,0.5,0.904296875,0.5017026432904993,0.2120897313216112,0.2896129119688881,0.4227399120933185
B,B3,0.4,0.4,2,2,1,0.5,0.908203125,0.5017307981876308,0.212022340282757,0.2897084579048738,0.4225818726867702
B,B3,0.4,0.4,2,2,1,0.5,0.912109375,0.5017579105166553,0.2119574447155591,0.2898004658010962,0.4224297021990318
B,B3,0.4,0.4,2,2,1,0.5,0.916015625,0.501783963946118,0.2118950837106864,0.2898888802354316,0.4222834903776237
B,B3,0.4,0.4,2,2,1,0.5,0.919921875,0.5018089427824078,0.2118352948320738,0.289973647950334,0.422143323428034
B,B3,0.4,0.4,2,2,1,0.5,0.923828125,0.5018328319792087,0.2117781140943039,0.2900547178849048,0.4220092839662551
B,B3,0.4,0.4,2,2,1,0.5,0.927734375,0.5018556171465628,0.2117235759409121,0.2901320412056507,0.4218814509733383
B,B3,0.4,0.4,2,2,1,0.5,0.931640625,0.5018772845595334,0.2116717132236536,0.2902055713358798,0.4217598997520375
B,B3,0.4,0.4,2,2,1,0.5,0.935546875,0.5018978211664842,0.2116225571826814,0.2902752639838028,0.4216447018854146
B,B3,0.4,0.4,2,2,1,0.5,0.939453125,0.5019172145969311,0.2115761374277565,0.2903410771691746,0.4215359251976733
B,B3,0.4,0.4,2,2,1,0.5,0.943359375,0.5019354531689947,0.2115324819204092,0.2904029712485855,0.4214336337170213
B,B3,0.4,0.4,2,2,1,0.5,0.947265625,0.5019525258964431,0.2114916169570791,0.290460908939364,0.4213378876406164
B,B3,0.4,0.4,2,2,1,0.5,0.951171875,0.5019684224953035,0.2114535671532935,0.29051485534201,0.4212487433017201
B,B3,0.4,0.4,2,2,1,0.5,0.955078125,0.501983133390058,0.2114183554288338,0.2905647779612242,0.4211662531389368
B,B3,0.4,0.4,2,2,1,0.5,0.958984375,0.5019966497194149,0.2113860029939226,0.2906106467254923,0.4210904656675982
B,B3,0.4,0.4,2,2,1,0.5,0.962890625,0.5020089633416422,0.2113565293364595,0.2906524340051827,0.4210214254533555
B,B3,0.4,0.4,2,2,1,0.5,0.966796875,0.5020200668394736,0.2113299522102752,0.2906901146291985,0.4209591730878962
B,B3,0.4,0.4,2,2,1,0.5,0.970703125,0.5020299535245798,0.2113062876244294,0.2907236659001504,0.4209037451668384
B,B3,0.4,0.4,2,2,1,0.5,0.974609375,0.5020386174415885,0.2112855498335914,0.2907530676079971,0.4208551742698841
B,B3,0.4,0.4,2,2,1,0.5,0.978515625,0.5020460533716813,0.2112677513294284,0.2907783020422529,0.420813488943055
B,B3,0.4,0.4,2,2,1,0.5,0.982421875,0.5020522568357316,0.2112529028330938,0.2907993540026379,0.420778713683214
B,B3,0.4,0.4,2,2,1,0.5,0.986328125,0.5020572240970048,0.2112410132887669,0.2908162108082379,0.4207508689247583
B,B3,0.4,0.4,2,2,1,0.5,0.990234375,0.5020609521634083,0.2112320898582649,0.2908288623051434,0.4207299710285258
B,B3,0.4,0.4,2,2,1,0.5,0.994140625,0.5020634387892953,0.2112261379167249,0.2908373008725704,0.4207160322729092
B,B3,0.4,0.4,2,2,1,0.5,0.998046875,0.5020646824767557,0.2112231610495532,0.2908415214272025,0.4207090608476176
B,B3,0.4,0.4,2,2,1,1,0.001953125,0.5001843164079054,0.2449808000316697,0.2552035163762357,0.4897810506954907
B,B3,0.4,0.4,2,2,1,1,0.005859375,0.5001842053826151,0.2449810650776516,0.2552031403049635,0.4897816893083494
B,B3,0.4,0.4,2,2,1,1,0.009765625,0.5001839833987813,0.2449815950103538,0.2552023883884276,0.4897829661511522
B,B3,0.4,0.4,2,2,1,1,0.013671875,0.5001836505902733,0.2449823895101016,0.2552012610801717,0.489784880455398
B,B3,0.4,0.4,2,2,1,1,0.017578125,0.500183207157774,0.2449834480976828,0.2551997590600912,0.4897874310690464
B,B3,0.4,0.4,2,2,1,1,0.021484375,0.5001826533678719,0.2449847701369995,0.2551978832308724,0.4897906164627009
B,B3,0.4,0.4,2,2,1,1,0.025390625,0.5001819895544998,0.2449863548306541,0.2551956347238457,0.4897944347193662
B,B3,0.4,0.4,2,2,1,1,0.029296875,0.500181216117461,0.2449882012242454,0.2551930148932156,0.4897988835444655
B,B3,0.4,0.4,2,2,1,1,0.033203125,0.5001803335224173,0.2449903082062583,0.255190025316159,0.4898039602656194
B,B3,0.4,0.4,2,2,1,1,0.037109375,0.5001793423013455,0.2449926745065225,0.2551866677948231,0.4898096618290975
B,B3,0.4,0.4,2,2,1,1,0.041015625,0.5001782430511872,0.244995298700065,0.2551829443511222,0.4898159848088248
B,B3,0.4,0.4,2,2,1,1,0.044921875,0.5001770364340836,0.2449981792061877,0.2551788572278959,0.4898229254042835
B,B3,0.4,0.4,2,2,1,1,0.048828125,0.500175723176856,0.245001314289781,0.255174408887075,0.4898304794436246
B,B3,0.4,0.4,2,2,1,1,0.052734375,0.5001743040705613,0.2450047020623868,0.2551696020081745,0.4898386423862014
B,B3,0.4,0.4,2,2,1,1,0.056640625,0.5001727799700161,0.2450083404833384,0.2551644394866777,0.4898474093252855
B,B3,0.4,0.4,2,2,1,1,0.060546875,0.5001711517932796,0.2450122273609925,0.2551589244322872,0.4898567749910052
B,B3,0.4,0.4,2,2,1,1,0.064453125,0.5001694205211085,0.2450163603540278,0.2551530601670806,0.4898667337534433
B,B3,0.4,0.4,2,2,1,1,0.068359375,0.5001675871963516,0.2450207369728985,0.2551468502234531,0.4898772796260993
B,B3,0.4,0.4,2,2,1,1,0.072265625,0.50016565292334,0.2450253545812778,0.2551402983420623,0.4898884062693377
B,B3,0.4,0.4,2,2,1,1,0.076171875,0.5001636188672038,0.2450302103977031,0.2551334084695008,0.4899001069943072
B,B3,0.4,0.4,2,2,1,1,0.080078125,0.5001614862531868,0.2450353014971983,0.2551261847559885,0.4899123747668148
B,B3,0.4,0.4,2,2,1,1,0.083984375,0.5001592563658893,0.2450406248130951,0.2551186315527942,0.4899252022116666
B,B3,0.4,0.4,2,2,1,1,0.087890625,0.5001569305485181,0.2450461771388095,0.2551107534097086,0.4899385816169123
B,B3,0.4,0.4,2,2,1,1,0.091796875,0.5001545102020554,0.245051955129837,0.2551025550722184,0.4899525049386028
B,B3,0.4,0.4,2,2,1,1,0.095703125,0.5001519967844286,0.2450579553057283,0.2550940414787003,0.4899669638055072
B,B3,0.4,0.4,2,2,1,1,0.099609375,0.5001493918096247,0.2450641740522075,0.2550852177574172,0.4899819495241693
B,B3,0.4,0.4,2,2,1,1,0.103515625,0.5001466968467861,0.2450706076233255,0.2550760892234607,0.4899974530840496
B,B3,0.4,0.4,2,2,1,1,0.107421875,0.5001439135192558,0.2450772521437449,0.2550666613755109,0.4900134651629811
B,B3,0.4,0.4,2,2,1,1,0.111328125,0.5001410435036051,0.2450841036110583,0.2550569398925467,0.4900299761327061
B,B3,0.4,0.4,2,2,1,1,0.115234375,0.5001380885286268,0.2450911578981905,0.2550469306304364,0.4900469760646153
B,B3,0.4,0.4,2,2,1,1,0.119140625,0.5001350503742877,0.2450984107559013,0.2550366396183864,0.4900644547357282
B,B3,0.4,0.4,2,2,1,1,0.123046875,0.5001319308706537,0.2451058578153544,0.2550260730552992,0.4900824016348294
B,B3,0.4,0.4,2,2,1,1,0.126953125,0.5001287318968026,0.2451134945907028,0.2550152373060999,0.4901008059686518
B,B3,0.4,0.4,2,2,1,1,0.130859375,0.5001254553796727,0.2451213164818511,0.2550041388978216,0.4901196566684775
B,B3,0.4,0.4,2,2,1,1,0.134765625,0.5001221032929168,0.2451293187771795,0.2549927845157374,0.4901389423966521
B,B3,0.4,0.4,2,2,1,1,0.138671875,0.5001186776557079,0.2451374966564017,0.2549811809993062,0.4901586515534209
B,B3,0.4,0.4,2,2,1,1,0.142578125,0.5001151805315203,0.2451458451934733,0.254969335338047,0.4901787722838833
B,B3,0.4,0.4,2,2,1,1,0.146484375,0.5001116140268912,0.2451543593595463,0.2549572546673449,0.4901992924850657
B,B3,0.4,0.4,2,2,1,1,0.150390625,0.5001079802901489,0.2451630340260075,0.2549449462641414,0.4902201998131896
B,B3,0.4,0.4,2,2,1,1,0.154296875,0.5001042815101212,0.2451718639675603,0.2549324175425609,0.490241481691051
B,B3,0.4,0.4,2,2,1,1,0.158203125,0.5001005199148155,0.2451808438653767,0.2549196760494389,0.4902631253155655
B,B3,0.4,0.4,2,2,1,1,0.162109375,0.5000966977700749,0.2451899683103052,0.2549067294597698,0.490285117665452
B,B3,0.4,0.4,2,2,1,1,0.166015625,0.5000928173782171,0.2451992318061195,0.2548935855720976,0.4903074455090141
B,B3,0.4,0.4,2,2,1,1,0.169921875,0.5000888810766458,0.2452086287728339,0.2548802523038119,0.4903300954120837
B,B3,0.4,0.4,2,2,1,1,0.173828125,0.5000848912364415,0.2452181535500688,0.2548667376863727,0.490353053746087
B,B3,0.4,0.4,2,2,1,1,0.177734375,0.5000808502609331,0.2452278004004596,0.2548530498604734,0.4903763066962157
B,B3,0.4,0.4,2,2,1,1,0.181640625,0.5000767605842547,0.2452375635130989,0.2548391970711558,0.4903998402696828
B,B3,0.4,0.4,2,2,1,1,0.185546875,0.5000726246698747,0.2452474370070523,0.2548251876628224,0.490423640304153
B,B3,0.4,0.4,2,2,1,1,0.189453125,0.5000684450091131,0.2452574149348974,0.2548110300742157,0.4904476924762327
B,B3,0.4,0.4,2,2,1,1,0.193359375,0.5000642241196419,0.2452674912863015,0.2547967328333405,0.4904719823100571
B,B3,0.4,0.4,2,2,1,1,0.197265625,0.5000599645439643,0.2452776599916552,0.2547823045523091,0.4904964951860106
B,B3,0.4,0.4,2,2,1,1,0.201171875,0.5000556688478927,0.2452879149257015,0.2547677539221911,0.4905212163494408
B,B3,0.4,0.4,2,2,1,1,0.205078125,0.5000513396189933,0.2452982499112526,0.2547530897077407,0.4905461309195852
B,B3,0.4,0.4,2,2,1,1,0.208984375,0.5000469794650303,0.245308658722904,0.2547383207421263,0.4905712238984921
B,B3,0.4,0.4,2,2,1,1,0.212890625,0.5000425910123946,0.2453191350907851,0.2547234559216095,0.490596480180034
B,B3,0.4,0.4,2,2,1,1,0.216796875,0.5000381769045361,0.245329672704293,0.2547085042002431,0.4906218845588858
B,B3,0.4,0.4,2,2,1,1,0.220703125,0.5000337398003366,0.2453402652159994,0.2546934745843372,0.4906474217399084
B,B3,0.4,0.4,2,2,1,1,0.224609375,0.5000292823725481,0.2453509062453516,0.2546783761271965,0.4906730763470613
B,B3,0.4,0.4,2,2,1,1,0.228515625,0.5000248073061563,0.2453615893825981,0.2546632179235582,0.4906988329328381
B,B3,0.4,0.4,2,2,1,1,0.232421875,0.5000203172967757,0.2453723081926106,0.254648009104165,0.4907246759874669
B,B3,0.4,0.4,2,2,1,1,0.236328125,0.5000158150490193,0.2453830562187814,0.2546327588302379,0.4907505899482902
B,B3,0.4,0.4,2,2,1,1,0.240234375,0.500011303274872,0.2453938269869034,0.2546174762879686,0.4907765592091078
B,B3,0.4,0.4,2,2,1,1,0.244140625,0.5000067846920582,0.245404614009068,0.2546021706829902,0.4908025681295638
B,B3,0.4,0.4,2,2,1,1,0.248046875,0.5000022620224038,0.2454154107875742,0.2545868512348296,0.4908286010445644
B,B3,0.4,0.4,2,2,1,1,0.251953125,0.4999977379901945,0.2454262108188512,0.2545715271713433,0.4908546422737302
B,B3,0.4,0.4,2,2,1,1,0.255859375,0.4999932153205404,0.2454370075973569,0.2545562077231835,0.4908806761307947
B,B3,0.4,0.4,2,2,1,1,0.259765625,0.4999886967377259,0.2454477946195233,0.2545409021182026,0.4909066869331157
B,B3,0.4,0.4,2,2,1,1,0.263671875,0.4999841849635788,0.2454585653876443,0.2545256195759345,0.4909326590110539
B,B3,0.4,0.4,2,2,1,1,0.267578125,0.4999796827158219,0.2454693134138161,0.2545103693020058,0.4909585767174779
B,B3,0.4,0.4,2,2,1,1,0.271484375,0.4999751927064403,0.2454800322238311,0.2544951604826092,0.4909844244371627
B,B3,0.4,0.4,2,2,1,1,0.275390625,0.4999707176400495,0.2454907153610742,0.2544800022789753,0.491010186596195
B,B3,0.4,0.4,2,2,1,1,0.279296875,0.4999662602122614,0.2455013563904244,0.2544649038218371,0.4910358476713937
B,B3,0.4,0.4,2,2,1,1,0.283203125,0.4999618231080644,0.2455119489021228,0.2544498742059416,0.4910613921996531
B,B3,0.4,0.4,2,2,1,1,0.287109375,0.499957409000201,0.245522486515645,0.254434922484556,0.4910868047872979
B,B3,0.4,0.4,2,2,1,1,0.291015625,0.4999530205475672,0.2455329628835199,0.2544200576640473,0.4911120701193145
B,B3,0.4,0.4,2,2,1,1,0.294921875,0.4999486603936034,0.245543371695173,0.2544052886984304,0.4911371729686398
B,B3,0.4,0.4,2,2,1,1,0.298828125,0.4999443311647045,0.2455537066807221,0.2543906244839824,0.4911620982053409
B,B3,0.4,0.4,2,2,1,1,0.302734375,0.4999400354686319,0.2455639616147708,0.2543760738538611,0.4911868308057885
B,B3,0.4,0.4,2,2,1,1,0.306640625,0.4999357758929546,0.2455741303201228,0.2543616455728318,0.4912113558616472
B,B3,0.4,0.4,2,2,1,1,0.310546875,0.4999315550034826,0.2455842066715283,0.2543473483319543,0.4912356585889393
B,B3,0.4,0.4,2,2,1,1,0.314453125,0.4999273753427209,0.2455941845993724,0.2543331907433485,0.4912597243369748
B,B3,0.4,0.4,2,2,1,1,0.318359375,0.4999232394283406,0.2456040580933258,0.2543191813350149,0.4912835385971907
B,B3,0.4,0.4,2,2,1,1,0.322265625,0.4999191497516615,0.2456138212059658,0.2543053285456957,0.4913070870119224
B,B3,0.4,0.4,2,2,1,1,0.326171875,0.499915108776154,0.2456234680563522,0.2542916407198017,0.4913303553830669
B,B3,0.4,0.4,2,2,1,1,0.330078125,0.4999111189359491,0.2456329928335875,0.2542781261023616,0.491353329680709
B,B3,0.4,0.4,2,2,1,1,0.333984375,0.4999071826343761,0.2456423898003061,0.25426479283407,0.4913759960515808
B,B3,0.4,0.4,2,2,1,1,0.337890625,0.4999033022425193,0.2456516532961162,0.2542516489464032,0.4913983408274078
B,B3,0.4,0.4,2,2,1,1,0.341796875,0.4998994800977787,0.245660777741043,0.2542387023567357,0.4914203505332562
B,B3,0.4,0.4,2,2,1,1,0.345703125,0.4998957185024717,0.2456697576388619,0.2542259608636098,0.4914420118956213
B,B3,0.4,0.4,2,2,1,1,0.349609375,0.4998920197224444,0.245678587580412,0.2542134321420324,0.491463311850468
B,B3,0.4,0.4,2,2,1,1,0.353515625,0.4998883859857015,0.2456872622468734,0.2542011237388281,0.4914842375511818
B,B3,0.4,0.4,2,2,1,1,0.357421875,0.4998848194810717,0.2456957764129464,0.2541890430681253,0.4915047763762904
B,B3,0.4,0.4,2,2,1,1,0.361328125,0.499881322356882,0.2457041249500222,0.2541771974068598,0.4915249159371587
B,B3,0.4,0.4,2,2,1,1,0.365234375,0.4998778967196732,0.2457123028292421,0.2541655938904311,0.4915446440854239
B,B3,0.4,0.4,2,2,1,1,0.369140625,0.4998745446329164,0.2457203051245714,0.254154239508345,0.4915639489204566
B,B3,0.4,0.4,2,2,1,1,0.373046875,0.4998712681157863,0.2457281270157181,0.2541431411000682,0.4915828187964576
B,B3,0.4,0.4,2,2,1,1,0.376953125,0.4998680691419341,0.245735763791068,0.2541323053508661,0.4916012423295896
B,B3,0.4,0.4,2,2,1,1,0.380859375,0.4998649496382995,0.2457432108505202,0.2541217387877793,0.4916192084048683
B,B3,0.4,0.4,2,2,1,1,0.384765625,0.4998619114839588,0.2457504637082334,0.2541114477757253,0.4916367061828433
B,B3,0.4,0.4,2,2,1,1,0.388671875,0.4998589565089805,0.2457575179953629,0.2541014385136176,0.4916537251062492
B,B3,0.4,0.4,2,2,1,1,0.392578125,0.4998560864933292,0.2457643694626759,0.2540917170306534,0.4916702549063703
B,B3,0.4,0.4,2,2,1,1,0.396484375,0.4998533031657979,0.2457710139830954,0.2540822891827025,0.4916862856092297
B,B3,0.4,0.4,2,2,1,1,0.400390625,0.499850608202959,0.2457774475542116,0.2540731606487474,0.4917018075416971
B,B3,0.4,0.4,2,2,1,1,0.404296875,0.4998480032281558,0.245783666300686,0.2540643369274698,0.4917168113373417
B,B3,0.4,0.4,2,2,1,1,0.408203125,0.4998454898105265,0.2457896664765824,0.2540558233339441,0.4917312879421047
B,B3,0.4,0.4,2,2,1,1,0.412109375,0.4998430694640652,0.2457954444676028,0.2540476249964624,0.4917452286197469
B,B3,0.4,0.4,2,2,1,1,0.416015625,0.4998407436466922,0.2458009967933193,0.2540397468533728,0.4917586249572754
B,B3,0.4,0.4,2,2,1,1,0.419921875,0.4998385137593942,0.2458063201092144,0.2540321936501798,0.4917714688699188
B,B3,0.4,0.4,2,2,1,1,0.423828125,0.4998363811453744,0.2458114112087146,0.2540249699366598,0.491783752606079
B,B3,0.4,0.4,2,2,1,1,0.427734375,0.4998343470892379,0.2458162670251375,0.2540180800641003,0.4917954687520719
B,B3,0.4,0.4,2,2,1,1,0.431640625,0.4998324128162245,0.2458208846335194,0.2540115281827051,0.4918066102365822
B,B3,0.4,0.4,2,2,1,1,0.435546875,0.499830579491469,0.2458252612523828,0.2540053182390862,0.4918171703349704
B,B3,0.4,0.4,2,2,1,1,0.439453125,0.4998288482192953,0.2458293942454231,0.2539994539738722,0.4918271426733811
B,B3,0.4,0.4,2,2,1,1,0.443359375,0.4998272200425601,0.24583328112307,0.2539939389194901,0.491836521232552
B,B3,0.4,0.4,2,2,1,1,0.447265625,0.4998256959420129,0.2458369195440241,0.2539887763979888,0.4918453003515546
B,B3,0.4,0.4,2,2,1,1,0.451171875,0.4998242768357162,0.2458403073166325,0.2539839695190838,0.4918534747311525
B,B3,0.4,0.4,2,2,1,1,0.455078125,0.4998229635784879,0.2458434424002241,0.2539795211782638,0.4918610394370545
B,B3,0.4,0.4,2,2,1,1,0.458984375,0.4998217569613828,0.2458463229063484,0.2539754340550343,0.4918679899029346
B,B3,0.4,0.4,2,2,1,1,0.462890625,0.4998206577112236,0.2458489470998911,0.2539717106113324,0.4918743219331539
B,B3,0.4,0.4,2,2,1,1,0.466796875,0.4998196664901568,0.245851313400138,0.2539683530900189,0.4918800317053544
B,B3,0.4,0.4,2,2,1,1,0.470703125,0.4998187838952578,0.2458534203817158,0.253965363513542,0.4918851157727535
B,B3,0.4,0.4,2,2,1,1,0.474609375,0.4998180104581677,0.2458552667754612,0.2539627436827065,0.4918895710662632
B,B3,0.4,0.4,2,2,1,1,0.478515625,0.499817346644776,0.2458568514691751,0.2539604951756009,0.4918933948963309
B,B3,0.4,0.4,2,2,1,1,0.482421875,0.4998167928549398,0.2458581735082956,0.2539586193466442,0.4918965849545801
B,B3,0.4,0.4,2,2,1,1,0.486328125,0.4998163494222401,0.2458592320964798,0.2539571173257603,0.4918991393152293
B,B3,0.4,0.4,2,2,1,1,0.490234375,0.4998160166137862,0.2458600265960673,0.2539559900177188,0.4919010564362252
B,B3,0.4,0.4,2,2,1,1,0.494140625,0.499815794630048,0.2458605565284857,0.2539552381015623,0.4919023351602283
B,B3,0.4,0.4,2,2,1,1,0.498046875,0.4998156836047415,0.24586082157452,0.2539548620302216,0.4919029747152728
B,B3,0.4,0.4,2,2,1,1,0.501953125,0.4998156836047427,0.2458608215745203,0.2539548620302224,0.4919029747152723
B,B3,0.4,0.4,2,2,1,1,0.505859375,0.499815794630051,0.2458605565284887,0.2539552381015623,0.4919023351602314
B,B3,0.4,0.4,2,2,1,1,0.509765625,0.4998160166137928,0.2458600265960678,0.2539559900177251,0.4919010564362196
B,B3,0.4,0.4,2,2,1,1,0.513671875,0.4998163494222494,0.2458592320964801,0.2539571173257693,0.4918991393152208
B,B3,0.4,0.4,2,2,1,1,0.517578125,0.4998167928549504,0.2458581735083002,0.2539586193466502,0.4918965849545787
B,B3,0.4,0.4,2,2,1,1,0.521484375,0.4998173466447882,0.2458568514691827,0.2539604951756054,0.4918933948963342
B,B3,0.4,0.4,2,2,1,1,0.525390625,0.4998180104581826,0.2458552667754681,0.2539627436827145,0.4918895710662624
B,B3,0.4,0.4,2,2,1,1,0.529296875,0.4998187838952752,0.2458534203817232,0.253965363513552,0.4918851157727512
B,B3,0.4,0.4,2,2,1,1,0.533203125,0.4998196664901762,0.2458513134001474,0.2539683530900289,0.491880031705354
B,B3,0.4,0.4,2,2,1,1,0.537109375,0.4998206577112463,0.2458489470998983,0.2539717106113479,0.491874321933146
B,B3,0.4,0.4,2,2,1,1,0.541015625,0.4998217569614074,0.2458463229063575,0.2539754340550499,0.4918679899029285
B,B3,0.4,0.4,2,2,1,1,0.544921875,0.4998229635785146,0.2458434424002351,0.2539795211782795,0.4918610394370502
B,B3,0.4,0.4,2,2,1,1,0.548828125,0.4998242768357449,0.2458403073166452,0.2539839695190997,0.4918534747311495
B,B3,0.4,0.4,2,2,1,1,0.552734375,0.4998256959420423,0.2458369195440422,0.253988776398,0.4918453003515619
B,B3,0.4,0.4,2,2,1,1,0.556640625,0.4998272200425928,0.2458332811230858,0.253993938919507,0.4918365212325513
B,B3,0.4,0.4,2,2,1,1,0.560546875,0.4998288482193305,0.2458293942454391,0.2539994539738913,0.4918271426733786
B,B3,0.4,0.4,2,2,1,1,0.564453125,0.4998305794915064,0.2458252612524003,0.2540053182391062,0.4918171703349686
B,B3,0.4,0.4,2,2,1,1,0.568359375,0.4998324128162646,0.2458208846335371,0.2540115281827274,0.4918066102365782
B,B3,0.4,0.4,2,2,1,1,0.572265625,0.4998343470892804,0.245816267025156,0.2540180800641244,0.491795468752067
B,B3,0.4,0.4,2,2,1,1,0.576171875,0.4998363811454188,0.245811411208735,0.2540249699366838,0.4917837526060762
B,B3,0.4,0.4,2,2,1,1,0.580078125,0.4998385137594409,0.2458063201092355,0.2540321936502054,0.4917714688699151
B,B3,0.4,0.4,2,2,1,1,0.583984375,0.4998407436467389,0.245800996793348,0.2540397468533909,0.4917586249572868
B,B3,0.4,0.4,2,2,1,1,0.587890625,0.4998430694641151,0.2457954444676299,0.2540476249964852,0.491745228619752
B,B3,0.4,0.4,2,2,1,1,0.591796875,0.4998454898105811,0.2457896664766034,0.2540558233339776,0.4917312879420931
B,B3,0.4,0.4,2,2,1,1,0.595703125,0.4998480032282108,0.2457836663007141,0.2540643369274966,0.4917168113373437
B,B3,0.4,0.4,2,2,1,1,0.599609375,0.4998506082030151,0.2457774475542443,0.2540731606487708,0.4917018075417074
B,B3,0.4,0.4,2,2,1,1,0.603515625,0.4998533031658592,0.2457710139831207,0.2540822891827386,0.49168628560922
B,B3,0.4,0.4,2,2,1,1,0.607421875,0.4998560864933921,0.2457643694627035,0.2540917170306887,0.4916702549063636
B,B3,0.4,0.4,2,2,1,1,0.611328125,0.4998589565090448,0.2457575179953943,0.2541014385136504,0.4916537251062489
B,B3,0.4,0.4,2,2,1,1,0.615234375,0.4998619114840264,0.2457504637082627,0.2541114477757637,0.4916367061828353
B,B3,0.4,0.4,2,2,1,1,0.619140625,0.4998649496383687,0.2457432108505528,0.2541217387878159,0.4916192084048655
B,B3,0.4,0.4,2,2,1,1,0.623046875,0.4998680691420048,0.2457357637911038,0.2541323053509009,0.4916012423295918
B,B3,0.4,0.4,2,2,1,1,0.626953125,0.4998712681158601,0.2457281270157526,0.2541431411001075,0.4915828187964542
B,B3,0.4,0.4,2,2,1,1,0.630859375,0.4998745446329931,0.2457203051246046,0.2541542395083885,0.4915639489204476
B,B3,0.4,0.4,2,2,1,1,0.634765625,0.4998778967197502,0.2457123028292821,0.2541655938904681,0.4915446440854283
B,B3,0.4,0.4,2,2,1,1,0.638671875,0.4998813223569628,0.2457041249500588,0.254177197406904,0.4915249159371526
B,B3,0.4,0.4,2,2,1,1,0.642578125,0.4998848194811547,0.2456957764129846,0.25418904306817,0.4915047763762851
B,B3,0.4,0.4,2,2,1,1,0.646484375,0.4998883859857858,0.2456872622469153,0.2542011237388705,0.4914842375511828
B,B3,0.4,0.4,2,2,1,1,0.650390625,0.4998920197225317,0.2456785875804529,0.2542134321420788,0.491463311850464
B,B3,0.4,0.4,2,2,1,1,0.654296875,0.4998957185025606,0.2456697576389061,0.2542259608636546,0.4914420118956223
B,B3,0.4,0.4,2,2,1,1,0.658203125,0.4998994800978704,0.2456607777410868,0.2542387023567836,0.4914203505332537
B,B3,0.4,0.4,2,2,1,1,0.662109375,0.4999033022426133,0.2456516532961609,0.2542516489464524,0.4913983408274049
B,B3,0.4,0.4,2,2,1,1,0.666015625,0.499907182634472,0.2456423898003528,0.2542647928341192,0.49137599605158
B,B3,0.4,0.4,2,2,1,1,0.669921875,0.4999111189360468,0.2456329928336365,0.2542781261024102,0.491353329680711
B,B3,0.4,0.4,2,2,1,1,0.673828125,0.4999151087762552,0.2456234680563987,0.2542916407198565,0.4913303553830603
B,B3,0.4,0.4,2,2,1,1,0.677734375,0.4999191497517643,0.2456138212060155,0.2543053285457487,0.4913070870119209
B,B3,0.4,0.4,2,2,1,1,0.681640625,0.4999232394284459,0.2456040580933756,0.2543191813350703,0.4912835385971869
B,B3,0.4,0.4,2,2,1,1,0.685546875,0.4999273753428275,0.2455941845994261,0.2543331907434014,0.4912597243369775
B,B3,0.4,0.4,2,2,1,1,0.689453125,0.4999315550035922,0.2455842066715807,0.2543473483320115,0.4912356585889364
B,B3,0.4,0.4,2,2,1,1,0.693359375,0.4999357758930671,0.2455741303201744,0.2543616455728928,0.4912113558616398
B,B3,0.4,0.4,2,2,1,1,0.697265625,0.4999400354687454,0.2455639616148268,0.2543760738539187,0.4911868308057889
B,B3,0.4,0.4,2,2,1,1,0.701171875,0.4999443311648201,0.2455537066807801,0.2543906244840399,0.4911620982053435
B,B3,0.4,0.4,2,2,1,1,0.705078125,0.4999486603937239,0.2455433716952246,0.2544052886984993,0.4911371729686247
B,B3,0.4,0.4,2,2,1,1,0.708984375,0.4999530205476888,0.2455329628835762,0.2544200576641126,0.4911120701193076
B,B3,0.4,0.4,2,2,1,1,0.712890625,0.4999574090003233,0.2455224865157068,0.2544349224846165,0.4910868047873014
B,B3,0.4,0.4,2,2,1,1,0.716796875,0.4999618231081885,0.2455119489021866,0.2544498742060019,0.4910613921996589
B,B3,0.4,0.4,2,2,1,1,0.720703125,0.4999662602123888,0.2455013563904862,0.2544649038219026,0.4910358476713923
B,B3,0.4,0.4,2,2,1,1,0.724609375,0.4999707176401788,0.2454907153611375,0.2544800022790413,0.4910101865961946
B,B3,0.4,0.4,2,2,1,1,0.728515625,0.4999751927065732,0.2454800322238914,0.2544951604826818,0.4909844244371527
B,B3,0.4,0.4,2,2,1,1,0.732421875,0.4999796827159558,0.2454693134138811,0.2545103693020748,0.4909585767174763
B,B3,0.4,0.4,2,2,1,1,0.736328125,0.4999841849637147,0.2454585653877109,0.2545256195760038,0.4909326590110537
B,B3,0.4,0.4,2,2,1,1,0.740234375,0.4999886967378644,0.2454477946195898,0.2545409021182746,0.4909066869331127
B,B3,0.4,0.4,2,2,1,1,0.744140625,0.4999932153206821,0.2454370075974215,0.2545562077232606,0.4908806761307848
B,B3,0.4,0.4,2,2,1,1,0.748046875,0.4999977379903365,0.2454262108189228,0.2545715271714137,0.4908546422737339
B,B3,0.4,0.4,2,2,1,1,0.751953125,0.500002262022549,0.2454154107876443,0.2545868512349048,0.490828601044562
B,B3,0.4,0.4,2,2,1,1,0.755859375,0.5000067846922058,0.2454046140091386,0.2546021706830672,0.4908025681295601
B,B3,0.4,0.4,2,2,1,1,0.759765625,0.5000113032750207,0.2453938269869789,0.2546174762880418,0.4907765592091129
B,B3,0.4,0.4,2,2,1,1,0.763671875,0.5000158150491715,0.2453830562188543,0.2546327588303172,0.4907505899482866
B,B3,0.4,0.4,2,2,1,1,0.767578125,0.5000203172969307,0.2453723081926828,0.254648009104248,0.4907246759874589
B,B3,0.4,0.4,2,2,1,1,0.771484375,0.5000248073063126,0.2453615893826742,0.2546632179236384,0.4906988329328368
B,B3,0.4,0.4,2,2,1,1,0.775390625,0.5000292823727071,0.2453509062454279,0.2546783761272792,0.4906730763470579
B,B3,0.4,0.4,2,2,1,1,0.779296875,0.5000337398004965,0.2453402652160807,0.2546934745844158,0.4906474217399142
B,B3,0.4,0.4,2,2,1,1,0.783203125,0.5000381769046978,0.245329672704377,0.2547085042003208,0.490621884558895
B,B3,0.4,0.4,2,2,1,1,0.787109375,0.5000425910125624,0.2453191350908578,0.2547234559217046,0.4905964801800147
B,B3,0.4,0.4,2,2,1,1,0.791015625,0.5000469794651973,0.2453086587229872,0.2547383207422101,0.4905712238984944
B,B3,0.4,0.4,2,2,1,1,0.794921875,0.500051339619162,0.2452982499113383,0.2547530897078238,0.4905461309195909
B,B3,0.4,0.4,2,2,1,1,0.798828125,0.5000556688480647,0.2452879149257847,0.2547677539222801,0.4905212163494383
B,B3,0.4,0.4,2,2,1,1,0.802734375,0.500059964544139,0.2452776599917382,0.2547823045524008,0.4904964951860051
B,B3,0.4,0.4,2,2,1,1,0.806640625,0.5000642241198171,0.2452674912863909,0.2547967328334262,0.4904719823100642
B,B3,0.4,0.4,2,2,1,1,0.810546875,0.5000684450092925,0.2452574149349822,0.2548110300743103,0.4904476924762264
B,B3,0.4,0.4,2,2,1,1,0.814453125,0.5000726246700554,0.2452474370071404,0.254825187662915,0.4904236403041519
B,B3,0.4,0.4,2,2,1,1,0.818359375,0.5000767605844383,0.2452375635131862,0.2548391970712521,0.4903998402696773
B,B3,0.4,0.4,2,2,1,1,0.822265625,0.5000808502611178,0.2452278004005511,0.2548530498605667,0.4903763066962174
B,B3,0.4,0.4,2,2,1,1,0.826171875,0.5000848912366286,0.245218153550161,0.2548667376864676,0.4903530537460878
B,B3,0.4,0.4,2,2,1,1,0.830078125,0.5000888810768359,0.2452086287729249,0.254880252303911,0.4903300954120792
B,B3,0.4,0.4,2,2,1,1,0.833984375,0.5000928173784086,0.2451992318062133,0.2548935855721953,0.490307445509014
B,B3,0.4,0.4,2,2,1,1,0.837890625,0.5000966977702683,0.2451899683104007,0.2549067294598676,0.4902851176654534
B,B3,0.4,0.4,2,2,1,1,0.841796875,0.500100519915011,0.2451808438654738,0.2549196760495372,0.490263125315568
B,B3,0.4,0.4,2,2,1,1,0.845703125,0.500104281510318,0.2451718639676615,0.2549324175426566,0.4902414816910604
B,B3,0.4,0.4,2,2,1,1,0.849609375,0.5001079802903494,0.2451630340261052,0.2549449462642442,0.4902201998131884
B,B3,0.4,0.4,2,2,1,1,0.853515625,0.5001116140270933,0.2451543593596472,0.2549572546674461,0.4901992924850693
B,B3,0.4,0.4,2,2,1,1,0.857421875,0.5001151805317254,0.245145845193573,0.2549693353381525,0.4901787722838816
B,B3,0.4,0.4,2,2,1,1,0.861328125,0.5001186776559154,0.2451374966565023,0.2549811809994132,0.4901586515534184
B,B3,0.4,0.4,2,2,1,1,0.865234375,0.500122103293126,0.2451293187772825,0.2549927845158435,0.4901389423966532
B,B3,0.4,0.4,2,2,1,1,0.869140625,0.5001254553798846,0.245121316481953,0.2550041388979317,0.4901196566684734
B,B3,0.4,0.4,2,2,1,1,0.873046875,0.500128731897016,0.2451134945908082,0.2550152373062078,0.4901008059686536
B,B3,0.4,0.4,2,2,1,1,0.876953125,0.50013193087087,0.2451058578154586,0.2550260730554115,0.4900824016348256
B,B3,0.4,0.4,2,2,1,1,0.880859375,0.5001350503745047,0.2450984107560117,0.2550366396184929,0.4900644547357365
B,B3,0.4,0.4,2,2,1,1,0.884765625,0.5001380885288486,0.2450911578982948,0.2550469306305537,0.4900469760646068
B,B3,0.4,0.4,2,2,1,1,0.888671875,0.5001410435038295,0.2450841036111631,0.2550569398926664,0.4900299761326958
B,B3,0.4,0.4,2,2,1,1,0.892578125,0.5001439135194811,0.2450772521438546,0.2550666613756264,0.4900134651629798
B,B3,0.4,0.4,2,2,1,1,0.896484375,0.5001466968470135,0.2450706076234366,0.2550760892235769,0.489997453084049
B,B3,0.4,0.4,2,2,1,1,0.900390625,0.5001493918098553,0.2450641740523171,0.2550852177575382,0.4899819495241626
B,B3,0.4,0.4,2,2,1,1,0.904296875,0.5001519967846597,0.245057955305844,0.2550940414788156,0.4899669638055122
B,B3,0.4,0.4,2,2,1,1,0.908203125,0.5001545102022896,0.2450519551299507,0.2551025550723389,0.4899525049386006
B,B3,0.4,0.4,2,2,1,1,0.912109375,0.5001569305487552,0.2450461771389227,0.2551107534098326,0.4899385816169063
B,B3,0.4,0.4,2,2,1,1,0.916015625,0.5001592563661286,0.2450406248132098,0.2551186315529188,0.4899252022116616
B,B3,0.4,0.4,2,2,1,1,0.919921875,0.5001614862534265,0.2450353014973197,0.2551261847561068,0.4899123747668226
B,B3,0.4,0.4,2,2,1,1,0.923828125,0.5001636188674472,0.2450302103978214,0.2551334084696258,0.4899001069943055
B,B3,0.4,0.4,2,2,1,1,0.927734375,0.5001656529235857,0.2450253545813972,0.2551402983421885,0.4898884062693359
B,B3,0.4,0.4,2,2,1,1,0.931640625,0.5001675871966001,0.2450207369730168,0.2551468502235834,0.4898772796260923
B,B3,0.4,0.4,2,2,1,1,0.935546875,0.5001694205213584,0.2450163603541503,0.2551530601672081,0.4898667337534434
B,B3,0.4,0.4,2,2,1,1,0.939453125,0.5001711517935323,0.2450122273611141,0.2551589244324183,0.4898567749910008
B,B3,0.4,0.4,2,2,1,1,0.943359375,0.5001727799702695,0.2450083404834653,0.2551644394868042,0.489847409325291
B,B3,0.4,0.4,2,2,1,1,0.947265625,0.5001743040708181,0.2450047020625113,0.2551696020083067,0.4898386423861988
B,B3,0.4,0.4,2,2,1,1,0.951171875,0.5001757231771142,0.2450013142899087,0.2551744088872056,0.4898304794436268
B,B3,0.4,0.4,2,2,1,1,0.955078125,0.5001770364343452,0.2449981792063132,0.255178857228032,0.4898229254042782
B,B3,0.4,0.4,2,2,1,1,0.958984375,0.5001782430514501,0.2449952987001935,0.2551829443512565,0.4898159848088244
B,B3,0.4,0.4,2,2,1,1,0.962890625,0.5001793423016105,0.2449926745066513,0.2551866677949592,0.4898096618290955
B,B3,0.4,0.4,2,2,1,1,0.966796875,0.5001803335226781,0.2449903082064058,0.2551900253162723,0.4898039602656588
B,B3,0.4,0.4,2,2,1,1,0.970703125,0.50018121611758,0.244988201224823,0.255193014892757,0.4897988835455037
B,B3,0.4,0.4,2,2,1,1,0.974609375,0.500181989554671,0.2449863548310792,0.2551956347235918,0.4897944347200483
B,B3,0.4,0.4,2,2,1,1,0.978515625,0.5001826533680633,0.2449847701373667,0.2551978832306966,0.4897906164632478
B,B3,0.4,0.4,2,2,1,1,0.982421875,0.5001832071579003,0.2449834480982477,0.2551997590596526,0.489787431070052
B,B3,0.4,0.4,2,2,1,1,0.986328125,0.5001836505906013,0.2449823895100635,0.2552012610805379,0.4897848804550006
B,B3,0.4,0.4,2,2,1,1,0.990234375,0.5001839833990557,0.2449815950104787,0.255202388388577,0.4897829661511332
B,B3,0.4,0.4,2,2,1,1,0.994140625,0.5001842053827954,0.2449810650780597,0.2552031403047357,0.4897816893089887
B,B3,0.4,0.4,2,2,1,1,0.998046875,0.5001843164080143,0.2449808000322918,0.2552035163757225,0.4897810506966279
B,B3,0.4,0.4,2,2,1,5,0.001953125,0.5000000000331382,0.2499999994981192,0.2500000005350189,0.4999999989631003
B,B3,0.4,0.4,2,2,1,5,0.005859375,0.5000000000330966,0.249999999498244,0.2500000005348527,0.4999999989633913
B,B3,0.4,0.4,2,2,1,5,0.009765625,0.5000000000329929,0.2499999994985558,0.2500000005344372,0.4999999989641186
B,B3,0.4,0.4,2,2,1,5,0.013671875,0.5000000000329349,0.2499999994987314,0.2500000005342035,0.4999999989645278
B,B3,0.4,0.4,2,2,1,5,0.017578125,0.5000000000331496,0.249999999498089,0.2500000005350606,0.4999999989630284
B,B3,0.4,0.4,2,2,1,5,0.021484375,0.5000000000330804,0.2499999994982983,0.2500000005347821,0.4999999989635163
B,B3,0.4,0.4,2,2,1,5,0.025390625,0.5000000000330963,0.2499999994982528,0.2500000005348435,0.4999999989634094
B,B3,0.4,0.4,2,2,1,5,0.029296875,0.50000000003315,0.2499999994980946,0.2500000005350554,0.4999999989630391
B,B3,0.4,0.4,2,2,1,5,0.033203125,0.5000000000329947,0.2499999994985639,0.2500000005344308,0.499999998964133
B,B3,0.4,0.4,2,2,1,5,0.037109375,0.5000000000329867,0.2499999994985925,0.2500000005343942,0.4999999989641983
B,B3,0.4,0.4,2,2,1,5,0.041015625,0.5000000000329841,0.2499999994986052,0.2500000005343789,0.4999999989642263
B,B3,0.4,0.4,2,2,1,5,0.044921875,0.5000000000329816,0.2499999994986176,0.250000000534364,0.4999999989642536
B,B3,0.4,0.4,2,2,1,5,0.048828125,0.5000000000329787,0.249999999498631,0.2500000005343477,0.4999999989642833
B,B3,0.4,0.4,2,2,1,5,0.052734375,0.5000000000329756,0.2499999994986456,0.25000000053433,0.4999999989643156
B,B3,0.4,0.4,2,2,1,5,0.056640625,0.5000000000329722,0.249999999498661,0.2500000005343112,0.4999999989643499
B,B3,0.4,0.4,2,2,1,5,0.060546875,0.5000000000329681,0.2499999994986775,0.2500000005342906,0.4999999989643869
B,B3,0.4,0.4,2,2,1,5,0.064453125,0.5000000000329639,0.2499999994986944,0.2500000005342695,0.4999999989644249
B,B3,0.4,0.4,2,2,1,5,0.068359375,0.5000000000329591,0.2499999994987127,0.2500000005342463,0.4999999989644664
B,B3,0.4,0.4,2,2,1,5,0.072265625,0.500000000032954,0.2499999994987318,0.2500000005342221,0.4999999989645097
B,B3,0.4,0.4,2,2,1,5,0.076171875,0.5000000000329482,0.2499999994987524,0.2500000005341958,0.4999999989645566
B,B3,0.4,0.4,2,2,1,5,0.080078125,0.5000000000329423,0.2499999994987732,0.2500000005341691,0.4999999989646041
B,B3,0.4,0.4,2,2,1,5,0.083984375,0.5000000000329359,0.2499999994987954,0.2500000005341405,0.4999999989646549
B,B3,0.4,0.4,2,2,1,5,0.087890625,0.500000000032929,0.2499999994988184,0.2500000005341105,0.4999999989647079
B,B3,0.4,0.4,2,2,1,5,0.091796875,0.5000000000329219,0.2499999994988421,0.2500000005340798,0.4999999989647622
B,B3,0.4,0.4,2,2,1,5,0.095703125,0.5000000000329142,0.249999999498867,0.2500000005340473,0.4999999989648198
B,B3,0.4,0.4,2,2,1,5,0.099609375,0.5000000000329062,0.2499999994988926,0.2500000005340136,0.499999998964879
B,B3,0.4,0.4,2,2,1,5,0.103515625,0.5000000000328981,0.2499999994989184,0.2500000005339797,0.4999999989649387
B,B3,0.4,0.4,2,2,1,5,0.107421875,0.5000000000328895,0.249999999498946,0.2500000005339434,0.4999999989650026
B,B3,0.4,0.4,2,2,1,5,0.111328125,0.5000000000328805,0.2499999994989742,0.2500000005339063,0.4999999989650679
B,B3,0.4,0.4,2,2,1,5,0.115234375,0.5000000000328712,0.249999999499003,0.2500000005338682,0.4999999989651348
B,B3,0.4,0.4,2,2,1,5,0.119140625,0.5000000000328615,0.2499999994990329,0.2500000005338286,0.4999999989652043
B,B3,0.4,0.4,2,2,1,5,0.123046875,0.5000000000328515,0.2499999994990631,0.2500000005337883,0.4999999989652748
B,B3,0.4,0.4,2,2,1,5,0.126953125,0.5000000000328414,0.2499999994990939,0.2500000005337475,0.4999999989653464
B,B3,0.4,0.4,2,2,1,5,0.130859375,0.500000000032831,0.2499999994991257,0.2500000005337053,0.4999999989654204
B,B3,0.4,0.4,2,2,1,5,0.134765625,0.5000000000328202,0.2499999994991583,0.2500000005336619,0.4999999989654964
B,B3,0.4,0.4,2,2,1,5,0.138671875,0.5000000000328091,0.2499999994991914,0.2500000005336177,0.4999999989655737
B,B3,0.4,0.4,2,2,1,5,0.142578125,0.5000000000327977,0.2499999994992254,0.2500000005335722,0.4999999989656532
B,B3,0.4,0.4,2,2,1,5,0.146484375,0.500000000032786,0.2499999994992596,0.2500000005335263,0.4999999989657333
B,B3,0.4,0.4,2,2,1,5,0.150390625,0.500000000032774,0.249999999499295,0.250000000533479,0.4999999989658159
B,B3,0.4,0.4,2,2,1,5,0.154296875,0.5000000000327617,0.249999999499331,0.2500000005334306,0.4999999989659004
B,B3,0.4,0.4,2,2,1,5,0.158203125,0.5000000000327494,0.2499999994993674,0.250000000533382,0.4999999989659854
B,B3,0.4,0.4,2,2,1,5,0.162109375,0.5000000000327368,0.2499999994994043,0.2500000005333325,0.4999999989660717
B,B3,0.4,0.4,2,2,1,5,0.166015625,0.5000000000327239,0.2499999994994418,0.2500000005332821,0.4999999989661597
B,B3,0.4,0.4,2,2,1,5,0.169921875,0.5000000000327109,0.2499999994994798,0.2500000005332312,0.4999999989662486
B,B3,0.4,0.4,2,2,1,5,0.173828125,0.5000000000326975,0.2499999994995186,0.2500000005331789,0.4999999989663397
B,B3,0.4,0.4,2,2,1,5,0.177734375,0.5000000000326841,0.2499999994995571,0.2500000005331269,0.4999999989664302
B,B3,0.4,0.4,2,2,1,5,0.181640625,0.5000000000326702,0.2499999994995969,0.2500000005330733,0.4999999989665236
B,B3,0.4,0.4,2,2,1,5,0.185546875,0.5000000000326563,0.2499999994996365,0.2500000005330199,0.4999999989666167
B,B3,0.4,0.4,2,2,1,5,0.189453125,0.5000000000326423,0.2499999994996765,0.2500000005329658,0.4999999989667107
B,B3,0.4,0.4,2,2,1,5,0.193359375,0.500000000032628,0.2499999994997175,0.2500000005329105,0.499999998966807
B,B3,0.4,0.4,2,2,1,5,0.197265625,0.5000000000326137,0.2499999994997583,0.2500000005328554,0.4999999989669028
B,B3,0.4,0.4,2,2,1,5,0.201171875,0.5000000000325994,0.2499999994997994,0.2500000005328,0.4999999989669994
B,B3,0.4,0.4,2,2,1,5,0.205078125,0.5000000000325845,0.2499999994998417,0.2500000005327428,0.4999999989670988
B,B3,0.4,0.4,2,2,1,5,0.208984375,0.5000000000325699,0.2499999994998831,0.2500000005326868,0.4999999989671963
B,B3,0.4,0.4,2,2,1,5,0.212890625,0.5000000000325552,0.2499999994999251,0.2500000005326301,0.499999998967295
B,B3,0.4,0.4,2,2,1,5,0.216796875,0.5000000000325401,0.2499999994999678,0.2500000005325723,0.4999999989673954
B,B3,0.4,0.4,2,2,1,5,0.220703125,0.5000000000325249,0.2499999995000106,0.2500000005325143,0.4999999989674964
B,B3,0.4,0.4,2,2,1,5,0.224609375,0.5000000000325098,0.2499999995000535,0.2500000005324563,0.4999999989675972
B,B3,0.4,0.4,2,2,1,5,0.228515625,0.5000000000324947,0.2499999995000963,0.2500000005323983,0.4999999989676979
B,B3,0.4,0.4,2,2,1,5,0.232421875,0.5000000000324794,0.2499999995001394,0.2500000005323399,0.4999999989677994
B,B3,0.4,0.4,2,2,1,5,0.236328125,0.500000000032464,0.2499999995001829,0.2500000005322811,0.4999999989679018
B,B3,0.4,0.4,2,2,1,5,0.240234375,0.5000000000324487,0.2499999995002263,0.2500000005322224,0.4999999989680038
B,B3,0.4,0.4,2,2,1,5,0.244140625,0.5000000000324332,0.24999999950027,0.2500000005321631,0.4999999989681069
B,B3,0.4,0.4,2,2,1,5,0.248046875,0.500000000032418,0.249999999500313,0.2500000005321049,0.4999999989682081
B,B3,0.4,0.4,2,2,1,5,0.251953125,0.5000000000324024,0.2499999995003568,0.2500000005320456,0.4999999989683113
B,B3,0.4,0.4,2,2,1,5,0.255859375,0.500000000032387,0.2499999995004004,0.2500000005319866,0.4999999989684138
B,B3,0.4,0.4,2,2,1,5,0.259765625,0.5000000000323717,0.2499999995004436,0.2500000005319281,0.4999999989685156
B,B3,0.4,0.4,2,2,1,5,0.263671875,0.5000000000323562,0.2499999995004872,0.250000000531869,0.4999999989686181
B,B3,0.4,0.4,2,2,1,5,0.267578125,0.5000000000323408,0.2499999995005305,0.2500000005318103,0.4999999989687202
B,B3,0.4,0.4,2,2,1,5,0.271484375,0.5000000000323255,0.2499999995005733,0.2500000005317521,0.4999999989688212
B,B3,0.4,0.4,2,2,1,5,0.275390625,0.5000000000323104,0.2499999995006162,0.2500000005316942,0.499999998968922
B,B3,0.4,0.4,2,2,1,5,0.279296875,0.5000000000322951,0.2499999995006589,0.2500000005316362,0.4999999989690228
B,B3,0.4,0.4,2,2,1,5,0.283203125,0.50000000003228,0.2499999995007014,0.2500000005315786,0.4999999989691228
B,B3,0.4,0.4,2,2,1,5,0.287109375,0.5000000000322649,0.2499999995007438,0.250000000531521,0.4999999989692227
B,B3,0.4,0.4,2,2,1,5,0.291015625,0.5000000000322499,0.2499999995007861,0.2500000005314638,0.4999999989693223
B,B3,0.4,0.4,2,2,1,5,0.294921875,0.500000000032235,0.249999999500828,0.250000000531407,0.499999998969421
B,B3,0.4,0.4,2,2,1,5,0.298828125,0.5000000000322202,0.2499999995008696,0.2500000005313506,0.4999999989695189
B,B3,0.4,0.4,2,2,1,5,0.302734375,0.5000000000322058,0.2499999995009104,0.2500000005312955,0.4999999989696149
B,B3,0.4,0.4,2,2,1,5,0.306640625,0.5000000000321912,0.2499999995009514,0.2500000005312399,0.4999999989697115
B,B3,0.4,0.4,2,2,1,5,0.310546875,0.5000000000321767,0.2499999995009924,0.2500000005311843,0.4999999989698081
B,B3,0.4,0.4,2,2,1,5,0.314453125,0.5000000000321625,0.2499999995010324,0.25000000053113,0.4999999989699024
B,B3,0.4,0.4,2,2,1,5,0.318359375,0.5000000000321485,0.2499999995010719,0.2500000005310766,0.4999999989699954
B,B3,0.4,0.4,2,2,1,5,0.322265625,0.5000000000321344,0.2499999995011115,0.2500000005310229,0.4999999989700886
B,B3,0.4,0.4,2,2,1,5,0.326171875,0.500000000032121,0.2499999995011496,0.2500000005309714,0.4999999989701783
B,B3,0.4,0.4,2,2,1,5,0.330078125,0.5000000000321074,0.2499999995011881,0.2500000005309193,0.4999999989702688
B,B3,0.4,0.4,2,2,1,5,0.333984375,0.5000000000320941,0.2499999995012261,0.250000000530868,0.4999999989703581
B,B3,0.4,0.4,2,2,1,5,0.337890625,0.5000000000320808,0.2499999995012638,0.250000000530817,0.4999999989704468
B,B3,0.4,0.4,2,2,1,5,0.341796875,0.5000000000320679,0.2499999995013004,0.2500000005307675,0.4999999989705328
B,B3,0.4,0.4,2,2,1,5,0.345703125,0.5000000000320549,0.2499999995013371,0.2500000005307178,0.4999999989706193
B,B3,0.4,0.4,2,2,1,5,0.349609375,0.5000000000320425,0.2499999995013725,0.25000000053067,0.4999999989707025
B,B3,0.4,0.4,2,2,1,5,0.353515625,0.5000000000320303,0.2499999995014078,0.2500000005306224,0.4999999989707854
B,B3,0.4,0.4,2,2,1,5,0.357421875,0.5000000000320182,0.2499999995014424,0.2500000005305758,0.4999999989708666
B,B3,0.4,0.4,2,2,1,5,0.361328125,0.5000000000320065,0.2499999995014762,0.2500000005305303,0.4999999989709459
B,B3,0.4,0.4,2,2,1,5,0.365234375,0.5000000000319951,0.2499999995015093,0.2500000005304858,0.4999999989710235
B,B3,0.4,0.4,2,2,1,5,0.369140625,0.500000000031984,0.2499999995015415,0.2500000005304425,0.499999998971099
B,B3,0.4,0.4,2,2,1,5,0.373046875,0.5000000000319729,0.2499999995015734,0.2500000005303994,0.499999998971174
B,B3,0.4,0.4,2,2,1,5,0.376953125,0.5000000000319622,0.2499999995016044,0.2500000005303579,0.4999999989712465
B,B3,0.4,0.4,2,2,1,5,0.380859375,0.5000000000319519,0.2499999995016346,0.2500000005303173,0.4999999989713172
B,B3,0.4,0.4,2,2,1,5,0.384765625,0.5000000000319417,0.2499999995016643,0.2500000005302773,0.499999998971387
B,B3,0.4,0.4,2,2,1,5,0.388671875,0.5000000000319321,0.2499999995016924,0.2500000005302397,0.4999999989714528
B,B3,0.4,0.4,2,2,1,5,0.392578125,0.5000000000319227,0.2499999995017204,0.2500000005302023,0.499999998971518
B,B3,0.4,0.4,2,2,1,5,0.396484375,0.5000000000319135,0.2499999995017477,0.2500000005301658,0.4999999989715819
B,B3,0.4,0.4,2,2,1,5,0.400390625,0.5000000000319046,0.2499999995017739,0.2500000005301307,0.4999999989716432
B,B3,0.4,0.4,2,2,1,5,0.404296875,0.5000000000318963,0.2499999995017992,0.2500000005300971,0.4999999989717021
B,B3,0.4,0.4,2,2,1,5,0.408203125,0.5000000000318883,0.2499999995018234,0.2500000005300649,0.4999999989717585
B,B3,0.4,0.4,2,2,1,5,0.412109375,0.5000000000318803,0.2499999995018473,0.250000000530033,0.4999999989718144
B,B3,0.4,0.4,2,2,1,5,0.416015625,0.5000000000318727,0.2499999995018701,0.2500000005300027,0.4999999989718674
B,B3,0.4,0.4,2,2,1,5,0.419921875,0.5000000000318656,0.2499999995018917,0.2500000005299739,0.4999999989719178
B,B3,0.4,0.4,2,2,1,5,0.423828125,0.5000000000318591,0.2499999995019124,0.2500000005299466,0.4999999989719657
B,B3,0.4,0.4,2,2,1,5,0.427734375,0.5000000000318525,0.2499999995019325,0.25000000052992,0.4999999989720125
B,B3,0.4,0.4,2,2,1,5,0.431640625,0.5000000000318465,0.2499999995019512,0.2500000005298953,0.4999999989720559
B,B3,0.4,0.4,2,2,1,5,0.435546875,0.500000000031841,0.2499999995019691,0.2500000005298718,0.4999999989720973
B,B3,0.4,0.4,2,2,1,5,0.439453125,0.5000000000318358,0.2499999995019862,0.2500000005298495,0.4999999989721367
B,B3,0.4,0.4,2,2,1,5,0.443359375,0.5000000000318309,0.2499999995020026,0.2500000005298282,0.4999999989721744
B,B3,0.4,0.4,2,2,1,5,0.447265625,0.5000000000318267,0.2499999995020171,0.2500000005298095,0.4999999989722075
B,B3,0.4,0.4,2,2,1,5,0.451171875,0.5000000000318225,0.2499999995020311,0.2500000005297914,0.4999999989722397
B,B3,0.4,0.4,2,2,1,5,0.455078125,0.5000000000318189,0.2499999995020442,0.2500000005297747,0.4999999989722696
B,B3,0.4,0.4,2,2,1,5,0.458984375,0.5000000000318156,0.2499999995020561,0.2500000005297594,0.4999999989722967
B,B3,0.4,0.4,2,2,1,5,0.462890625,0.5000000000318124,0.2499999995020674,0.250000000529745,0.4999999989723224
B,B3,0.4,0.4,2,2,1,5,0.466796875,0.5000000000318099,0.2499999995020772,0.2500000005297327,0.4999999989723445
B,B3,0.4,0.4,2,2,1,5,0.470703125,0.5000000000318077,0.2499999995020864,0.2500000005297213,0.4999999989723652
B,B3,0.4,0.4,2,2,1,5,0.474609375,0.500000000031806,0.2499999995020943,0.2500000005297117,0.4999999989723826
B,B3,0.4,0.4,2,2,1,5,0.478515625,0.5000000000318048,0.249999999502101,0.2500000005297038,0.4999999989723972
B,B3,0.4,0.4,2,2,1,5,0.482421875,0.5000000000318039,0.2499999995021066,0.2500000005296973,0.4999999989724094
B,B3,0.4,0.4,2,2,1,5,0.486328125,0.5000000000318032,0.2499999995021117,0.2500000005296915,0.4999999989724201
B,B3,0.4,0.4,2,2,1,5,0.490234375,0.5000000000318033,0.2499999995021152,0.2500000005296882,0.499999998972427
B,B3,0.4,0.4,2,2,1,5,0.494140625,0.5000000000318037,0.2499999995021178,0.2500000005296859,0.499999998972432
B,B3,0.4,0.4,2,2,1,5,0.498046875,0.5000000000318044,0.2499999995021193,0.2500000005296852,0.4999999989724341
B,B3,0.4,0.4,2,2,1,5,0.501953125,0.5000000000318054,0.2499999995021198,0.2500000005296856,0.4999999989724342
B,B3,0.4,0.4,2,2,1,5,0.505859375,0.500000000031807,0.2499999995021193,0.2500000005296877,0.4999999989724316
B,B3,0.4,0.4,2,2,1,5,0.509765625,0.5000000000318089,0.249999999502118,0.2500000005296909,0.4999999989724271
B,B3,0.4,0.4,2,2,1,5,0.513671875,0.5000000000318112,0.2499999995021155,0.2500000005296957,0.4999999989724197
B,B3,0.4,0.4,2,2,1,5,0.517578125,0.5000000000318141,0.2499999995021116,0.2500000005297025,0.4999999989724091
B,B3,0.4,0.4,2,2,1,5,0.521484375,0.5000000000318173,0.2499999995021068,0.2500000005297105,0.4999999989723963
B,B3,0.4,0.4,2,2,1,5,0.525390625,0.5000000000318208,0.2499999995021014,0.2500000005297194,0.499999998972382
B,B3,0.4,0.4,2,2,1,5,0.529296875,0.5000000000318248,0.2499999995020942,0.2500000005297305,0.4999999989723637
B,B3,0.4,0.4,2,2,1,5,0.533203125,0.500000000031829,0.2499999995020868,0.2500000005297421,0.4999999989723447
B,B3,0.4,0.4,2,2,1,5,0.537109375,0.5000000000318339,0.2499999995020777,0.2500000005297561,0.4999999989723216
B,B3,0.4,0.4,2,2,1,5,0.541015625,0.5000000000318392,0.2499999995020675,0.2500000005297717,0.4999999989722958
B,B3,0.4,0.4,2,2,1,5,0.544921875,0.5000000000318445,0.249999999502057,0.2500000005297875,0.4999999989722695
B,B3,0.4,0.4,2,2,1,5,0.548828125,0.5000000000318505,0.249999999502045,0.2500000005298055,0.4999999989722395
B,B3,0.4,0.4,2,2,1,5,0.552734375,0.500000000031857,0.2499999995020316,0.2500000005298254,0.4999999989722061
B,B3,0.4,0.4,2,2,1,5,0.556640625,0.5000000000318636,0.2499999995020177,0.2500000005298459,0.4999999989721717
B,B3,0.4,0.4,2,2,1,5,0.560546875,0.5000000000318707,0.2499999995020029,0.2500000005298678,0.499999998972135
B,B3,0.4,0.4,2,2,1,5,0.564453125,0.5000000000318782,0.249999999501987,0.2500000005298911,0.4999999989720958
B,B3,0.4,0.4,2,2,1,5,0.568359375,0.5000000000318862,0.2499999995019699,0.2500000005299163,0.4999999989720535
B,B3,0.4,0.4,2,2,1,5,0.572265625,0.5000000000318943,0.2499999995019522,0.2500000005299421,0.4999999989720101
B,B3,0.4,0.4,2,2,1,5,0.576171875,0.5000000000319027,0.2499999995019335,0.2500000005299692,0.4999999989719643
B,B3,0.4,0.4,2,2,1,5,0.580078125,0.5000000000319117,0.2499999995019137,0.2500000005299979,0.4999999989719158
B,B3,0.4,0.4,2,2,1,5,0.583984375,0.5000000000319211,0.2499999995018929,0.2500000005300282,0.4999999989718646
B,B3,0.4,0.4,2,2,1,5,0.587890625,0.5000000000319309,0.2499999995018714,0.2500000005300596,0.4999999989718118
B,B3,0.4,0.4,2,2,1,5,0.591796875,0.500000000031941,0.249999999501849,0.2500000005300921,0.4999999989717569
B,B3,0.4,0.4,2,2,1,5,0.595703125,0.5000000000319514,0.2499999995018256,0.2500000005301258,0.4999999989716998
B,B3,0.4,0.4,2,2,1,5,0.599609375,0.5000000000319622,0.2499999995018011,0.2500000005301611,0.49999999897164
B,B3,0.4,0.4,2,2,1,5,0.603515625,0.5000000000319731,0.2499999995017762,0.2500000005301969,0.4999999989715794
B,B3,0.4,0.4,2,2,1,5,0.607421875,0.5000000000319846,0.2499999995017501,0.2500000005302345,0.4999999989715155
B,B3,0.4,0.4,2,2,1,5,0.611328125,0.5000000000319962,0.2499999995017236,0.2500000005302725,0.4999999989714511
B,B3,0.4,0.4,2,2,1,5,0.615234375,0.5000000000320083,0.2499999995016956,0.2500000005303127,0.499999998971383
B,B3,0.4,0.4,2,2,1,5,0.619140625,0.5000000000320207,0.2499999995016671,0.2500000005303536,0.4999999989713135
B,B3,0.4,0.4,2,2,1,5,0.623046875,0.5000000000320333,0.2499999995016381,0.2500000005303951,0.499999998971243
B,B3,0.4,0.4,2,2,1,5,0.626953125,0.5000000000320463,0.2499999995016081,0.2500000005304381,0.49999999897117
B,B3,0.4,0.4,2,2,1,5,0.630859375,0.5000000000320596,0.2499999995015773,0.2500000005304823,0.499999998971095
B,B3,0.4,0.4,2,2,1,5,0.634765625,0.5000000000320731,0.249999999501546,0.2500000005305272,0.4999999989710188
B,B3,0.4,0.4,2,2,1,5,0.638671875,0.5000000000320868,0.2499999995015142,0.2500000005305726,0.4999999989709416
B,B3,0.4,0.4,2,2,1,5,0.642578125,0.5000000000321007,0.2499999995014821,0.2500000005306185,0.4999999989708636
B,B3,0.4,0.4,2,2,1,5,0.646484375,0.5000000000321151,0.2499999995014489,0.2500000005306662,0.4999999989707827
B,B3,0.4,0.4,2,2,1,5,0.650390625,0.5000000000321297,0.249999999501415,0.2500000005307147,0.4999999989707004
B,B3,0.4,0.4,2,2,1,5,0.654296875,0.5000000000321445,0.2499999995013807,0.2500000005307638,0.4999999989706169
B,B3,0.4,0.4,2,2,1,5,0.658203125,0.5000000000321593,0.249999999501346,0.2500000005308133,0.4999999989705327
B,B3,0.4,0.4,2,2,1,5,0.662109375,0.5000000000321746,0.24999999950131,0.2500000005308646,0.4999999989704454
B,B3,0.4,0.4,2,2,1,5,0.666015625,0.50000000003219,0.2499999995012739,0.2500000005309161,0.4999999989703577
B,B3,0.4,0.4,2,2,1,5,0.669921875,0.5000000000322057,0.2499999995012374,0.2500000005309683,0.4999999989702691
B,B3,0.4,0.4,2,2,1,5,0.673828125,0.5000000000322213,0.2499999995012004,0.2500000005310209,0.4999999989701795
B,B3,0.4,0.4,2,2,1,5,0.677734375,0.5000000000322374,0.2499999995011625,0.250000000531075,0.4999999989700875
B,B3,0.4,0.4,2,2,1,5,0.681640625,0.5000000000322535,0.2499999995011246,0.2500000005311289,0.4999999989699958
B,B3,0.4,0.4,2,2,1,5,0.685546875,0.50000000003227,0.2499999995010859,0.2500000005311841,0.4999999989699018
B,B3,0.4,0.4,2,2,1,5,0.689453125,0.5000000000322866,0.2499999995010468,0.2500000005312398,0.4999999989698069
B,B3,0.4,0.4,2,2,1,5,0.693359375,0.5000000000323032,0.2499999995010076,0.2500000005312956,0.499999998969712
B,B3,0.4,0.4,2,2,1,5,0.697265625,0.5000000000323199,0.2499999995009677,0.2500000005313522,0.4999999989696154
B,B3,0.4,0.4,2,2,1,5,0.701171875,0.5000000000323369,0.2499999995009273,0.2500000005314096,0.4999999989695177
B,B3,0.4,0.4,2,2,1,5,0.705078125,0.5000000000323539,0.2499999995008871,0.2500000005314669,0.4999999989694202
B,B3,0.4,0.4,2,2,1,5,0.708984375,0.5000000000323711,0.2499999995008461,0.2500000005315249,0.4999999989693212
B,B3,0.4,0.4,2,2,1,5,0.712890625,0.5000000000323882,0.2499999995008054,0.2500000005315828,0.4999999989692226
B,B3,0.4,0.4,2,2,1,5,0.716796875,0.5000000000324056,0.2499999995007638,0.2500000005316418,0.4999999989691219
B,B3,0.4,0.4,2,2,1,5,0.720703125,0.5000000000324232,0.249999999500722,0.2500000005317011,0.4999999989690209
B,B3,0.4,0.4,2,2,1,5,0.724609375,0.5000000000324405,0.2499999995006806,0.25000000053176,0.4999999989689206
B,B3,0.4,0.4,2,2,1,5,0.728515625,0.500000000032458,0.2499999995006388,0.2500000005318192,0.4999999989688196
B,B3,0.4,0.4,2,2,1,5,0.732421875,0.5000000000324757,0.2499999995005967,0.250000000531879,0.4999999989687177
B,B3,0.4,0.4,2,2,1,5,0.736328125,0.5000000000324933,0.2499999995005546,0.2500000005319387,0.4999999989686159
B,B3,0.4,0.4,2,2,1,5,0.740234375,0.5000000000325109,0.2499999995005127,0.2500000005319982,0.4999999989685145
B,B3,0.4,0.4,2,2,1,5,0.744140625,0.5000000000325285,0.2499999995004702,0.2500000005320583,0.4999999989684119
B,B3,0.4,0.4,2,2,1,5,0.748046875,0.5000000000325463,0.2499999995004277,0.2500000005321186,0.499999998968309
B,B3,0.4,0.4,2,2,1,5,0.751953125,0.500000000032564,0.2499999995003857,0.2500000005321783,0.4999999989682073
B,B3,0.4,0.4,2,2,1,5,0.755859375,0.5000000000325816,0.2499999995003433,0.2500000005322384,0.4999999989681049
B,B3,0.4,0.4,2,2,1,5,0.759765625,0.5000000000325993,0.2499999995003008,0.2500000005322984,0.4999999989680023
B,B3,0.4,0.4,2,2,1,5,0.763671875,0.5000000000326168,0.2499999995002584,0.2500000005323584,0.4999999989679001
B,B3,0.4,0.4,2,2,1,5,0.767578125,0.5000000000326345,0.2499999995002163,0.2500000005324181,0.4999999989677982
B,B3,0.4,0.4,2,2,1,5,0.771484375,0.500000000032652,0.2499999995001745,0.2500000005324775,0.499999998967697
B,B3,0.4,0.4,2,2,1,5,0.775390625,0.5000000000326693,0.2499999995001326,0.2500000005325367,0.4999999989675959
B,B3,0.4,0.4,2,2,1,5,0.779296875,0.5000000000326867,0.2499999995000906,0.2500000005325962,0.4999999989674944
B,B3,0.4,0.4,2,2,1,5,0.783203125,0.500000000032704,0.2499999995000491,0.2500000005326549,0.4999999989673942
B,B3,0.4,0.4,2,2,1,5,0.787109375,0.500000000032721,0.249999999500008,0.250000000532713,0.499999998967295
B,B3,0.4,0.4,2,2,1,5,0.791015625,0.5000000000327383,0.2499999994999663,0.2500000005327719,0.4999999989671944
B,B3,0.4,0.4,2,2,1,5,0.794921875,0.5000000000327552,0.2499999994999256,0.2500000005328297,0.499999998967096
B,B3,0.4,0.4,2,2,1,5,0.798828125,0.500000000032772,0.2499999994998852,0.2500000005328868,0.4999999989669984
B,B3,0.4,0.4,2,2,1,5,0.802734375,0.5000000000327889,0.2499999994998445,0.2500000005329444,0.4999999989669001
B,B3,0.4,0.4,2,2,1,5,0.806640625,0.5000000000328053,0.249999999499805,0.2500000005330003,0.4999999989668047
B,B3,0.4,0.4,2,2,1,5,0.810546875,0.5000000000328217,0.2499999994997654,0.2500000005330563,0.4999999989667091
B,B3,0.4,0.4,2,2,1,5,0.814453125,0.5000000000328381,0.2499999994997261,0.250000000533112,0.4999999989666141
B,B3,0.4,0.4,2,2,1,5,0.818359375,0.5000000000328541,0.2499999994996876,0.2500000005331665,0.4999999989665211
B,B3,0.4,0.4,2,2,1,5,0.822265625,0.50000000003287,0.2499999994996491,0.2500000005332209,0.4999999989664282
B,B3,0.4,0.4,2,2,1,5,0.826171875,0.5000000000328859,0.2499999994996112,0.2500000005332748,0.4999999989663365
B,B3,0.4,0.4,2,2,1,5,0.830078125,0.5000000000329013,0.249999999499574,0.2500000005333274,0.4999999989662466
B,B3,0.4,0.4,2,2,1,5,0.833984375,0.5000000000329166,0.2499999994995372,0.2500000005333794,0.4999999989661578
B,B3,0.4,0.4,2,2,1,5,0.837890625,0.5000000000329318,0.2499999994995006,0.2500000005334312,0.4999999989660694
B,B3,0.4,0.4,2,2,1,5,0.841796875,0.5000000000329464,0.2499999994994654,0.250000000533481,0.4999999989659843
B,B3,0.4,0.4,2,2,1,5,0.845703125,0.5000000000329612,0.2499999994994292,0.2500000005335319,0.4999999989658973
B,B3,0.4,0.4,2,2,1,5,0.849609375,0.5000000000329754,0.249999999499395,0.2500000005335804,0.4999999989658147
B,B3,0.4,0.4,2,2,1,5,0.853515625,0.5000000000329897,0.2499999994993606,0.2500000005336291,0.4999999989657314
B,B3,0.4,0.4,2,2,1,5,0.857421875,0.5000000000330036,0.2499999994993273,0.2500000005336763,0.499999998965651
B,B3,0.4,0.4,2,2,1,5,0.861328125,0.5000000000330171,0.2499999994992947,0.2500000005337225,0.4999999989655722
B,B3,0.4,0.4,2,2,1,5,0.865234375,0.5000000000330306,0.2499999994992623,0.2500000005337683,0.4999999989654941
B,B3,0.4,0.4,2,2,1,5,0.869140625,0.5000000000330437,0.249999999499231,0.2500000005338127,0.4999999989654183
B,B3,0.4,0.4,2,2,1,5,0.873046875,0.5000000000330564,0.2499999994992,0.2500000005338564,0.4999999989653436
B,B3,0.4,0.4,2,2,1,5,0.876953125,0.500000000033069,0.2499999994991701,0.2500000005338989,0.4999999989652711
B,B3,0.4,0.4,2,2,1,5,0.880859375,0.500000000033081,0.2499999994991409,0.2500000005339401,0.4999999989652008
B,B3,0.4,0.4,2,2,1,5,0.884765625,0.5000000000330928,0.2499999994991124,0.2500000005339803,0.4999999989651321
B,B3,0.4,0.4,2,2,1,5,0.888671875,0.5000000000331043,0.2499999994990846,0.2500000005340197,0.499999998965065
B,B3,0.4,0.4,2,2,1,5,0.892578125,0.5000000000331156,0.2499999994990576,0.250000000534058,0.4999999989649995
B,B3,0.4,0.4,2,2,1,5,0.896484375,0.5000000000331264,0.2499999994990318,0.2500000005340945,0.4999999989649372
B,B3,0.4,0.4,2,2,1,5,0.900390625,0.5000000000331367,0.2499999994990066,0.2500000005341302,0.4999999989648764
B,B3,0.4,0.4,2,2,1,5,0.904296875,0.500000000033147,0.2499999994989817,0.2500000005341654,0.4999999989648163
B,B3,0.4,0.4,2,2,1,5,0.908203125,0.5000000000331566,0.2499999994989583,0.2500000005341982,0.4999999989647601
B,B3,0.4,0.4,2,2,1,5,0.912109375,0.5000000000331659,0.2499999994989356,0.2500000005342303,0.4999999989647052
B,B3,0.4,0.4,2,2,1,5,0.916015625,0.5000000000331749,0.2499999994989138,0.2500000005342611,0.4999999989646526
B,B3,0.4,0.4,2,2,1,5,0.919921875,0.5000000000331835,0.2499999994988929,0.2500000005342905,0.4999999989646024
B,B3,0.4,0.4,2,2,1,5,0.923828125,0.5000000000331917,0.2499999994988728,0.2500000005343188,0.499999998964554
B,B3,0.4,0.4,2,2,1,5,0.927734375,0.5000000000331996,0.2499999994988535,0.250000000534346,0.4999999989645075
B,B3,0.4,0.4,2,2,1,5,0.931640625,0.500000000033207,0.2499999994988356,0.2500000005343714,0.4999999989644642
B,B3,0.4,0.4,2,2,1,5,0.935546875,0.5000000000332142,0.2499999994988183,0.2500000005343959,0.4999999989644224
B,B3,0.4,0.4,2,2,1,5,0.939453125,0.5000000000332208,0.2499999994988022,0.2500000005344185,0.4999999989643837
B,B3,0.4,0.4,2,2,1,5,0.943359375,0.5000000000332272,0.2499999994987866,0.2500000005344406,0.499999998964346
B,B3,0.4,0.4,2,2,1,5,0.947265625,0.500000000033233,0.2499999994987725,0.2500000005344605,0.499999998964312
B,B3,0.4,0.4,2,2,1,5,0.951171875,0.5000000000332384,0.2499999994987594,0.250000000534479,0.4999999989642803
B,B3,0.4,0.4,2,2,1,5,0.955078125,0.5000000000332435,0.2499999994987471,0.2500000005344964,0.4999999989642506
B,B3,0.4,0.4,2,2,1,5,0.958984375,0.5000000000332485,0.2499999994987351,0.2500000005345134,0.4999999989642216
B,B3,0.4,0.4,2,2,1,5,0.962890625,0.5000000000332526,0.2499999994987247,0.2500000005345279,0.4999999989641968
B,B3,0.4,0.4,2,2,1,5,0.966796875,0.5000000000332563,0.2499999994987158,0.2500000005345405,0.4999999989641753
B,B3,0.4,0.4,2,2,1,5,0.970703125,0.5000000000332596,0.2499999994987075,0.2500000005345522,0.4999999989641553
B,B3,0.4,0.4,2,2,1,5,0.974609375,0.5000000000332626,0.2499999994987003,0.2500000005345623,0.499999998964138
B,B3,0.4,0.4,2,2,1,5,0.978515625,0.5000000000332652,0.2499999994986938,0.2500000005345714,0.4999999989641223
B,B3,0.4,0.4,2,2,1,5,0.982421875,0.5000000000332673,0.2499999994986885,0.2500000005345788,0.4999999989641096
B,B3,0.4,0.4,2,2,1,5,0.986328125,0.5000000000332688,0.2499999994986844,0.2500000005345844,0.4999999989641
B,B3,0.4,0.4,2,2,1,5,0.990234375,0.5000000000332701,0.2499999994986815,0.2500000005345886,0.4999999989640929
B,B3,0.4,0.4,2,2,1,5,0.994140625,0.5000000000332708,0.2499999994986791,0.2500000005345917,0.4999999989640874
B,B3,0.4,0.4,2,2,1,5,0.998046875,0.5000000000331736,0.2499999994989706,0.2500000005342029,0.4999999989647677
B,B4,0.5,0.5,2,2,1,0,0.001953125,3.764908042772954e-05,0,3.764908042772954e-05,0
B,B4,0.5,0.5,2,2,1,0,0.005859375,0.0003388077058252495,0,0.0003388077058252495,0
B,B4,0.5,0.5,2,2,1,0,0.009765625,0.0009409435499253964,0,0.0009409435499253964,0
B,B4,0.5,0.5,2,2,1,0,0.013671875,0.001843693908610993,0,0.001843693908610993,0
B,B4,0.5,0.5,2,2,1,0,0.017578125,0.003046514998821978,0,0.003046514998821978,0
B,B4,0.5,0.5,2,2,1,0,0.021484375,0.004548682286109986,0,0.004548682286109986,0
B,B4,0.5,0.5,2,2,1,0,0.025390625,0.00634929092107081,0,0.00634929092107081,0
B,B4,0.5,0.5,2,2,1,0,0.029296875,0.008447256284391835,0,0.008447256284391835,0
B,B4,0.5,0.5,2,2,1,0,0.033203125,0.01084131464018618,0,0.01084131464018618,0
B,B4,0.5,0.5,2,2,1,0,0.037109375,0.01353002389721992,0,0.01353002389721992,0
B,B4,0.5,0.5,2,2,1,0,0.041015625,0.01651176447757394,0,0.01651176447757394,0
B,B4,0.5,0.5,2,2,1,0,0.044921875,0.01978474029221709,0,0.01978474029221709,0
B,B4,0.5,0.5,2,2,1,0,0.048828125,0.02334697982290308,0,0.02334697982290308,0
B,B4,0.5,0.5,2,2,1,0,0.052734375,0.02719633730973934,0,0.02719633730973934,0
B,B4,0.5,0.5,2,2,1,0,0.056640625,0.03133049404371253,0,0.03133049404371253,0
B,B4,0.5,0.5,2,2,1,0,0.060546875,0.03574695976339221,0,0.03574695976339221,0
B,B4,0.5,0.5,2,2,1,0,0.064453125,0.04044307415497112,0,0.04044307415497112,0
B,B4,0.5,0.5,2,2,1,0,0.068359375,0.04541600845473881,0,0.04541600845473881,0
B,B4,0.5,0.5,2,2,1,0,0.072265625,0.05066276715302308,0,0.05066276715302308,0
B,B4,0.5,0.5,2,2,1,0,0.076171875,0.05618018979857302,0,0.05618018979857302,0
B,B4,0.5,0.5,2,2,1,0,0.080078125,0.06196495290229669,0,0.06196495290229669,0
B,B4,0.5,0.5,2,2,1,0,0.083984375,0.06801357193920662,0,0.06801357193920662,0
B,B4,0.5,0.5,2,2,1,0,0.087890625,0.07432240344736743,0,0.07432240344736743,0
B,B4,0.5,0.5,2,2,1,0,0.091796875,0.080887647222581,0,0.080887647222581,0
B,B4,0.5,0.5,2,2,1,0,0.095703125,0.08770534860748734,0,0.08770534860748734,0
B,B4,0.5,0.5,2,2,1,0,0.099609375,0.09477140087370259,0,0.09477140087370259,0
B,B4,0.5,0.5,2,2,1,0,0.103515625,0.1020815476955582,0,0.1020815476955582,0
B,B4,0.5,0.5,2,2,1,0,0.107421875,0.1096313857139528,0,0.1096313857139528,0
B,B4,0.5,0.5,2,2,1,0,0.111328125,0.1174163671887705,0,0.1174163671887705,0
B,B4,0.5,0.5,2,2,1,0,0.115234375,0.1254318027382703,0,0.1254318027382703,0
B,B4,0.5,0.5,2,2,1,0,0.119140625,0.1336728641637936,0,0.1336728641637936,0
B,B4,0.5,0.5,2,2,1,0,0.123046875,0.1421345873580907,0,0.1421345873580907,0
B,B4,0.5,0.5,2,2,1,0,0.126953125,0.1508118752955135,0,0.1508118752955135,0
B,B4,0.5,0.5,2,2,1,0,0.130859375,0.1596995011022734,0,0.1596995011022734,0
B,B4,0.5,0.5,2,2,1,0,0.134765625,0.1687921112049141,0,0.1687921112049141,0
B,B4,0.5,0.5,2,2,1,0,0.138671875,0.1780842285551043,0,0.1780842285551043,0
B,B4,0.5,0.5,2,2,1,0,0.142578125,0.1875702559288068,0,0.1875702559288068,0
B,B4,0.5,0.5,2,2,1,0,0.146484375,0.1972444792978372,0,0.1972444792978372,0
B,B4,0.5,0.5,2,2,1,0,0.150390625,0.2071010712717806,0,0.2071010712717806,0
B,B4,0.5,0.5,2,2,1,0,0.154296875,0.2171340946081934,0,0.2171340946081934,0
B,B4,0.5,0.5,2,2,1,0,0.158203125,0.2273375057889767,0,0.2273375057889767,0
B,B4,0.5,0.5,2,2,1,0,0.162109375,0.2377051586607656,0,0.2377051586607656,0
B,B4,0.5,0.5,2,2,1,0,0.166015625,0.2482308081371412,0,0.2482308081371412,0
B,B4,0.5,0.5,2,2,1,0,0.169921875,0.2589081139604386,0,0.2589081139604386,0
B,B4,0.5,0.5,2,2,1,0,0.173828125,0.26973064452088,0,0.26973064452088,0
B,B4,0.5,0.5,2,2,1,0,0.177734375,0.2806918807307361,0,0.2806918807307361,0
B,B4,0.5,0.5,2,2,1,0,0.181640625,0.2917852199511814,0,0.2917852199511814,0
B,B4,0.5,0.5,2,2,1,0,0.185546875,0.303003979969476,0,0.303003979969476,0
B,B4,0.5,0.5,2,2,1,0,0.189453125,0.3143414030240813,0,0.3143414030240813,0
B,B4,0.5,0.5,2,2,1,0,0.193359375,0.3257906598752827,0,0.3257906598752827,0
B,B4,0.5,0.5,2,2,1,0,0.197265625,0.3373448539188685,0,0.3373448539188685,0
B,B4,0.5,0.5,2,2,1,0,0.201171875,0.3489970253403859,0,0.3489970253403859,0
B,B4,0.5,0.5,2,2,1,0,0.205078125,0.3607401553074735,0,0.3607401553074735,0
B,B4,0.5,0.5,2,2,1,0,0.208984375,0.3725671701977427,0,0.3725671701977427,0
B,B4,0.5,0.5,2,2,1,0,0.212890625,0.3844709458596643,0,0.3844709458596643,0
B,B4,0.5,0.5,2,2,1,0,0.216796875,0.3964443119038907,0,0.3964443119038907,0
B,B4,0.5,0.5,2,2,1,0,0.220703125,0.4084800560224295,0,0.4084800560224295,0
B,B4,0.5,0.5,2,2,1,0,0.224609375,0.4205709283330692,0,0.4205709283330692,0
B,B4,0.5,0.5,2,2,1,0,0.228515625,0.4327096457464369,0,0.4327096457464369,0
B,B4,0.5,0.5,2,2,1,0,0.232421875,0.4448888963530584,0,0.4448888963530584,0
B,B4,0.5,0.5,2,2,1,0,0.236328125,0.45710134382778,0,0.45710134382778,0
B,B4,0.5,0.5,2,2,1,0,0.240234375,0.4693396318488957,0,0.4693396318488957,0
B,B4,0.5,0.5,2,2,1,0,0.244140625,0.4815963885293206,0,0.4815963885293206,0
B,B4,0.5,0.5,2,2,1,0,0.248046875,0.49386423085714,0,0.49386423085714,0
B,B4,0.5,0.5,2,2,1,0,0.251953125,0.50613576914286,0,0.50613576914286,0
B,B4,0.5,0.5,2,2,1,0,0.255859375,0.5184036114706795,0,0.5184036114706795,0
B,B4,0.5,0.5,2,2,1,0,0.259765625,0.5306603681511043,0,0.5306603681511043,0
B,B4,0.5,0.5,2,2,1,0,0.263671875,0.5428986561722198,0,0.5428986561722198,0
B,B4,0.5,0.5,2,2,1,0,0.267578125,0.5551111036469415,0,0.5551111036469415,0
B,B4,0.5,0.5,2,2,1,0,0.271484375,0.567290354253563,0,0.567290354253563,0
B,B4,0.5,0.5,2,2,1,0,0.275390625,0.5794290716669307,0,0.5794290716669307,0
B,B4,0.5,0.5,2,2,1,0,0.279296875,0.5915199439775704,0,0.5915199439775704,0
B,B4,0.5,0.5,2,2,1,0,0.283203125,0.6035556880961093,0,0.6035556880961093,0
B,B4,0.5,0.5,2,2,1,0,0.287109375,0.6155290541403355,0,0.6155290541403355,0
B,B4,0.5,0.5,2,2,1,0,0.291015625,0.6274328298022573,0,0.6274328298022573,0
B,B4,0.5,0.5,2,2,1,0,0.294921875,0.6392598446925265,0,0.6392598446925265,0
B,B4,0.5,0.5,2,2,1,0,0.298828125,0.651002974659614,0,0.651002974659614,0
B,B4,0.5,0.5,2,2,1,0,0.302734375,0.6626551460811314,0,0.6626551460811314,0
B,B4,0.5,0.5,2,2,1,0,0.306640625,0.6742093401247172,0,0.6742093401247172,0
B,B4,0.5,0.5,2,2,1,0,0.310546875,0.6856585969759188,0,0.6856585969759188,0
B,B4,0.5,0.5,2,2,1,0,0.314453125,0.696996020030524,0,0.696996020030524,0
B,B4,0.5,0.5,2,2,1,0,0.318359375,0.7082147800488184,0,0.7082147800488184,0
B,B4,0.5,0.5,2,2,1,0,0.322265625,0.7193081192692636,0,0.7193081192692636,0
B,B4,0.5,0.5,2,2,1,0,0.326171875,0.7302693554791201,0,0.7302693554791201,0
B,B4,0.5,0.5,2,2,1,0,0.330078125,0.7410918860395614,0,0.7410918860395614,0
B,B4,0.5,0.5,2,2,1,0,0.333984375,0.7517691918628587,0,0.7517691918628587,0
B,B4,0.5,0.5,2,2,1,0,0.337890625,0.7622948413392344,0,0.7622948413392344,0
B,B4,0.5,0.5,2,2,1,0,0.341796875,0.7726624942110231,0,0.7726624942110231,0
B,B4,0.5,0.5,2,2,1,0,0.345703125,0.7828659053918066,0,0.7828659053918066,0
B,B4,0.5,0.5,2,2,1,0,0.349609375,0.7928989287282194,0,0.7928989287282194,0
B,B4,0.5,0.5,2,2,1,0,0.353515625,0.8027555207021627,0,0.8027555207021627,0
B,B4,0.5,0.5,2,2,1,0,0.357421875,0.8124297440711932,0,0.8124297440711932,0
B,B4,0.5,0.5,2,2,1,0,0.361328125,0.8219157714448957,0,0.8219157714448957,0
B,B4,0.5,0.5,2,2,1,0,0.365234375,0.8312078887950859,0,0.8312078887950859,0
B,B4,0.5,0.5,2,2,1,0,0.369140625,0.8403004988977266,0,0.8403004988977266,0
B,B4,0.5,0.5,2,2,1,0,0.373046875,0.8491881247044863,0,0.8491881247044863,0
B,B4,0.5,0.5,2,2,1,0,0.376953125,0.8578654126419092,0,0.8578654126419092,0
B,B4,0.5,0.5,2,2,1,0,0.380859375,0.8663271358362064,0,0.8663271358362064,0
B,B4,0.5,0.5,2,2,1,0,0.384765625,0.8745681972617295,0,0.8745681972617295,0
B,B4,0.5,0.5,2,2,1,0,0.388671875,0.8825836328112294,0,0.8825836328112294,0
B,B4,0.5,0.5,2,2,1,0,0.392578125,0.8903686142860473,0,0.8903686142860473,0
B,B4,0.5,0.5,2,2,1,0,0.396484375,0.8979184523044417,0,0.8979184523044417,0
B,B4,0.5,0.5,2,2,1,0,0.400390625,0.9052285991262974,0,0.9052285991262974,0
B,B4,0.5,0.5,2,2,1,0,0.404296875,0.9122946513925125,0,0.9122946513925125,0
B,B4,0.5,0.5,2,2,1,0,0.408203125,0.9191123527774191,0,0.9191123527774191,0
B,B4,0.5,0.5,2,2,1,0,0.412109375,0.9256775965526325,0,0.9256775965526325,0
B,B4,0.5,0.5,2,2,1,0,0.416015625,0.9319864280607935,0,0.9319864280607935,0
B,B4,0.5,0.5,2,2,1,0,0.419921875,0.9380350470977032,0,0.9380350470977032,0
B,B4,0.5,0.5,2,2,1,0,0.423828125,0.943819810201427,0,0.943819810201427,0
B,B4,0.5,0.5,2,2,1,0,0.427734375,0.9493372328469769,0,0.9493372328469769,0
B,B4,0.5,0.5,2,2,1,0,0.431640625,0.9545839915452613,0,0.9545839915452613,0
B,B4,0.5,0.5,2,2,1,0,0.435546875,0.9595569258450288,0,0.9595569258450288,0
B,B4,0.5,0.5,2,2,1,0,0.439453125,0.9642530402366077,0,0.9642530402366077,0
B,B4,0.5,0.5,2,2,1,0,0.443359375,0.9686695059562873,0,0.9686695059562873,0
B,B4,0.5,0.5,2,2,1,0,0.447265625,0.9728036626902608,0,0.9728036626902608,0
B,B4,0.5,0.5,2,2,1,0,0.451171875,0.9766530201770969,0,0.9766530201770969,0
B,B4,0.5,0.5,2,2,1,0,0.455078125,0.9802152597077829,0,0.9802152597077829,0
B,B4,0.5,0.5,2,2,1,0,0.458984375,0.983488235522426,0,0.983488235522426,0
B,B4,0.5,0.5,2,2,1,0,0.462890625,0.98646997610278,0,0.98646997610278,0
B,B4,0.5,0.5,2,2,1,0,0.466796875,0.9891586853598138,0,0.9891586853598138,0
B,B4,0.5,0.5,2,2,1,0,0.470703125,0.9915527437156082,0,0.9915527437156082,0
B,B4,0.5,0.5,2,2,1,0,0.474609375,0.9936507090789291,0,0.9936507090789291,0
B,B4,0.5,0.5,2,2,1,0,0.478515625,0.9954513177138901,0,0.9954513177138901,0
B,B4,0.5,0.5,2,2,1,0,0.482421875,0.9969534850011781,0,0.9969534850011781,0
B,B4,0.5,0.5,2,2,1,0,0.486328125,0.9981563060913889,0,0.9981563060913889,0
B,B4,0.5,0.5,2,2,1,0,0.490234375,0.9990590564500745,0,0.9990590564500745,0
B,B4,0.5,0.5,2,2,1,0,0.494140625,0.9996611922941747,0,0.9996611922941747,0
B,B4,0.5,0.5,2,2,1,0,0.498046875,0.9999623509195722,0,0.9999623509195722,0
B,B4,0.5,0.5,2,2,1,0,0.501953125,0.9999623509195722,0,0.9999623509195722,0
B,B4,0.5,0.5,2,2,1,0,0.505859375,0.9996611922941747,0,0.9996611922941747,0
B,B4,0.5,0.5,2,2,1,0,0.509765625,0.9990590564500745,0,0.9990590564500745,0
B,B4,0.5,0.5,2,2,1,0,0.513671875,0.9981563060913889,0,0.9981563060913889,0
B,B4,0.5,0.5,2,2,1,0,0.517578125,0.9969534850011781,0,0.9969534850011781,0
B,B4,0.5,0.5,2,2,1,0,0.521484375,0.9954513177138901,0,0.9954513177138901,0
B,B4,0.5,0.5,2,2,1,0,0.525390625,0.9936507090789293,0,0.9936507090789293,0
B,B4,0.5,0.5,2,2,1,0,0.529296875,0.9915527437156082,0,0.9915527437156082,0
B,B4,0.5,0.5,2,2,1,0,0.533203125,0.9891586853598138,0,0.9891586853598138,0
B,B4,0.5,0.5,2,2,1,0,0.537109375,0.98646997610278,0,0.98646997610278,0
B,B4,0.5,0.5,2,2,1,0,0.541015625,0.983488235522426,0,0.983488235522426,0
B,B4,0.5,0.5,2,2,1,0,0.544921875,0.9802152597077829,0,0.9802152597077829,0
B,B4,0.5,0.5,2,2,1,0,0.548828125,0.9766530201770969,0,0.9766530201770969,0
B,B4,0.5,0.5,2,2,1,0,0.552734375,0.9728036626902608,0,0.9728036626902608,0
B,B4,0.5,0.5,2,2,1,0,0.556640625,0.9686695059562873,0,0.9686695059562873,0
B,B4,0.5,0.5,2,2,1,0,0.560546875,0.9642530402366077,0,0.9642530402366077,0
B,B4,0.5,0.5,2,2,1,0,0.564453125,0.9595569258450288,0,0.9595569258450288,0
B,B4,0.5,0.5,2,2,1,0,0.568359375,0.9545839915452613,0,0.9545839915452613,0
B,B4,0.5,0.5,2,2,1,0,0.572265625,0.9493372328469769,0,0.9493372328469769,0
B,B4,0.5,0.5,2,2,1,0,0.576171875,0.943819810201427,0,0.943819810201427,0
B,B4,0.5,0.5,2,2,1,0,0.580078125,0.9380350470977035,0,0.9380350470977035,0
B,B4,0.5,0.5,2,2,1,0,0.583984375,0.9319864280607935,0,0.9319864280607935,0
B,B4,0.5,0.5,2,2,1,0,0.587890625,0.9256775965526325,0,0.9256775965526325,0
B,B4,0.5,0.5,2,2,1,0,0.591796875,0.9191123527774191,0,0.9191123527774191,0
B,B4,0.5,0.5,2,2,1,0,0.595703125,0.9122946513925125,0,0.9122946513925125,0
B,B4,0.5,0.5,2,2,1,0,0.599609375,0.9052285991262974,0,0.9052285991262974,0
B,B4,0.5,0.5,2,2,1,0,0.603515625,0.8979184523044419,0,0.8979184523044419,0
B,B4,0.5,0.5,2,2,1,0,0.607421875,0.8903686142860473,0,0.8903686142860473,0
B,B4,0.5,0.5,2,2,1,0,0.611328125,0.8825836328112294,0,0.8825836328112294,0
B,B4,0.5,0.5,2,2,1,0,0.615234375,0.8745681972617297,0,0.8745681972617297,0
B,B4,0.5,0.5,2,2,1,0,0.619140625,0.8663271358362064,0,0.8663271358362064,0
B,B4,0.5,0.5,2,2,1,0,0.623046875,0.8578654126419094,0,0.8578654126419094,0
B,B4,0.5,0.5,2,2,1,0,0.626953125,0.8491881247044866,0,0.8491881247044866,0
B,B4,0.5,0.5,2,2,1,0,0.630859375,0.8403004988977266,0,0.8403004988977266,0
B,B4,0.5,0.5,2,2,1,0,0.634765625,0.8312078887950859,0,0.8312078887950859,0
B,B4,0.5,0.5,2,2,1,0,0.638671875,0.8219157714448957,0,0.8219157714448957,0
B,B4,0.5,0.5,2,2,1,0,0.642578125,0.8124297440711932,0,0.8124297440711932,0
B,B4,0.5,0.5,2,2,1,0,0.646484375,0.8027555207021628,0,0.8027555207021628,0
B,B4,0.5,0.5,2,2,1,0,0.650390625,0.7928989287282197,0,0.7928989287282197,0
B,B4,0.5,0.5,2,2,1,0,0.654296875,0.7828659053918068,0,0.7828659053918068,0
B,B4,0.5,0.5,2,2,1,0,0.658203125,0.7726624942110233,0,0.7726624942110233,0
B,B4,0.5,0.5,2,2,1,0,0.662109375,0.7622948413392346,0,0.7622948413392346,0
B,B4,0.5,0.5,2,2,1,0,0.666015625,0.751769191862859,0,0.751769191862859,0
B,B4,0.5,0.5,2,2,1,0,0.669921875,0.7410918860395612,0,0.7410918860395612,0
B,B4,0.5,0.5,2,2,1,0,0.673828125,0.7302693554791201,0,0.7302693554791201,0
B,B4,0.5,0.5,2,2,1,0,0.677734375,0.7193081192692637,0,0.7193081192692637,0
B,B4,0.5,0.5,2,2,1,0,0.681640625,0.7082147800488187,0,0.7082147800488187,0
B,B4,0.5,0.5,2,2,1,0,0.685546875,0.6969960200305242,0,0.6969960200305242,0
B,B4,0.5,0.5,2,2,1,0,0.689453125,0.6856585969759188,0,0.6856585969759188,0
B,B4,0.5,0.5,2,2,1,0,0.693359375,0.6742093401247174,0,0.6742093401247174,0
B,B4,0.5,0.5,2,2,1,0,0.697265625,0.6626551460811317,0,0.6626551460811317,0
B,B4,0.5,0.5,2,2,1,0,0.701171875,0.6510029746596143,0,0.6510029746596143,0
B,B4,0.5,0.5,2,2,1,0,0.705078125,0.6392598446925268,0,0.6392598446925268,0
B,B4,0.5,0.5,2,2,1,0,0.708984375,0.6274328298022571,0,0.6274328298022571,0
B,B4,0.5,0.5,2,2,1,0,0.712890625,0.6155290541403354,0,0.6155290541403354,0
B,B4,0.5,0.5,2,2,1,0,0.716796875,0.6035556880961093,0,0.6035556880961093,0
B,B4,0.5,0.5,2,2,1,0,0.720703125,0.5915199439775704,0,0.5915199439775704,0
B,B4,0.5,0.5,2,2,1,0,0.724609375,0.5794290716669308,0,0.5794290716669308,0
B,B4,0.5,0.5,2,2,1,0,0.728515625,0.5672903542535631,0,0.5672903542535631,0
B,B4,0.5,0.5,2,2,1,0,0.732421875,0.5551111036469417,0,0.5551111036469417,0
B,B4,0.5,0.5,2,2,1,0,0.736328125,0.5428986561722201,0,0.5428986561722201,0
B,B4,0.5,0.5,2,2,1,0,0.740234375,0.5306603681511044,0,0.5306603681511044,0
B,B4,0.5,0.5,2,2,1,0,0.744140625,0.5184036114706796,0,0.5184036114706796,0
B,B4,0.5,0.5,2,2,1,0,0.748046875,0.5061357691428603,0,0.5061357691428603,0
B,B4,0.5,0.5,2,2,1,0,0.751953125,0.4938642308571399,0,0.4938642308571399,0
B,B4,0.5,0.5,2,2,1,0,0.755859375,0.4815963885293206,0,0.4815963885293206,0
B,B4,0.5,0.5,2,2,1,0,0.759765625,0.4693396318488957,0,0.4693396318488957,0
B,B4,0.5,0.5,2,2,1,0,0.763671875,0.45710134382778,0,0.45710134382778,0
B,B4,0.5,0.5,2,2,1,0,0.767578125,0.4448888963530586,0,0.4448888963530586,0
B,B4,0.5,0.5,2,2,1,0,0.771484375,0.432709645746437,0,0.432709645746437,0
B,B4,0.5,0.5,2,2,1,0,0.775390625,0.4205709283330694,0,0.4205709283330694,0
B,B4,0.5,0.5,2,2,1,0,0.779296875,0.4084800560224296,0,0.4084800560224296,0
B,B4,0.5,0.5,2,2,1,0,0.783203125,0.396444311903891,0,0.396444311903891,0
B,B4,0.5,0.5,2,2,1,0,0.787109375,0.3844709458596647,0,0.3844709458596647,0
B,B4,0.5,0.5,2,2,1,0,0.791015625,0.372567170197743,0,0.372567170197743,0
B,B4,0.5,0.5,2,2,1,0,0.794921875,0.3607401553074734,0,0.3607401553074734,0
B,B4,0.5,0.5,2,2,1,0,0.798828125,0.3489970253403859,0,0.3489970253403859,0
B,B4,0.5,0.5,2,2,1,0,0.802734375,0.3373448539188685,0,0.3373448539188685,0
B,B4,0.5,0.5,2,2,1,0,0.806640625,0.3257906598752827,0,0.3257906598752827,0
B,B4,0.5,0.5,2,2,1,0,0.810546875,0.3143414030240814,0,0.3143414030240814,0
B,B4,0.5,0.5,2,2,1,0,0.814453125,0.3030039799694761,0,0.3030039799694761,0
B,B4,0.5,0.5,2,2,1,0,0.818359375,0.2917852199511815,0,0.2917852199511815,0
B,B4,0.5,0.5,2,2,1,0,0.822265625,0.2806918807307364,0,0.2806918807307364,0
B,B4,0.5,0.5,2,2,1,0,0.826171875,0.2697306445208801,0,0.2697306445208801,0
B,B4,0.5,0.5,2,2,1,0,0.830078125,0.2589081139604389,0,0.2589081139604389,0
B,B4,0.5,0.5,2,2,1,0,0.833984375,0.2482308081371411,0,0.2482308081371411,0
B,B4,0.5,0.5,2,2,1,0,0.837890625,0.2377051586607655,0,0.2377051586607655,0
B,B4,0.5,0.5,2,2,1,0,0.841796875,0.2273375057889767,0,0.2273375057889767,0
B,B4,0.5,0.5,2,2,1,0,0.845703125,0.2171340946081934,0,0.2171340946081934,0
B,B4,0.5,0.5,2,2,1,0,0.849609375,0.2071010712717806,0,0.2071010712717806,0
B,B4,0.5,0.5,2,2,1,0,0.853515625,0.1972444792978373,0,0.1972444792978373,0
B,B4,0.5,0.5,2,2,1,0,0.857421875,0.1875702559288069,0,0.1875702559288069,0
B,B4,0.5,0.5,2,2,1,0,0.861328125,0.1780842285551044,0,0.1780842285551044,0
B,B4,0.5,0.5,2,2,1,0,0.865234375,0.1687921112049143,0,0.1687921112049143,0
B,B4,0.5,0.5,2,2,1,0,0.869140625,0.1596995011022737,0,0.1596995011022737,0
B,B4,0.5,0.5,2,2,1,0,0.873046875,0.1508118752955138,0,0.1508118752955138,0
B,B4,0.5,0.5,2,2,1,0,0.876953125,0.1421345873580906,0,0.1421345873580906,0
B,B4,0.5,0.5,2,2,1,0,0.880859375,0.1336728641637935,0,0.1336728641637935,0
B,B4,0.5,0.5,2,2,1,0,0.884765625,0.1254318027382703,0,0.1254318027382703,0
B,B4,0.5,0.5,2,2,1,0,0.888671875,0.1174163671887706,0,0.1174163671887706,0
B,B4,0.5,0.5,2,2,1,0,0.892578125,0.1096313857139528,0,0.1096313857139528,0
B,B4,0.5,0.5,2,2,1,0,0.896484375,0.1020815476955583,0,0.1020815476955583,0
B,B4,0.5,0.5,2,2,1,0,0.900390625,0.09477140087370269,0,0.09477140087370269,0
B,B4,0.5,0.5,2,2,1,0,0.904296875,0.08770534860748748,0,0.08770534860748748,0
B,B4,0.5,0.5,2,2,1,0,0.908203125,0.08088764722258113,0,0.08088764722258113,0
B,B4,0.5,0.5,2,2,1,0,0.912109375,0.07432240344736758,0,0.07432240344736758,0
B,B4,0.5,0.5,2,2,1,0,0.916015625,0.0680135719392068,0,0.0680135719392068,0
B,B4,0.5,0.5,2,2,1,0,0.919921875,0.06196495290229666,0,0.06196495290229666,0
B,B4,0.5,0.5,2,2,1,0,0.923828125,0.05618018979857301,0,0.05618018979857301,0
B,B4,0.5,0.5,2,2,1,0,0.927734375,0.05066276715302308,0,0.05066276715302308,0
B,B4,0.5,0.5,2,2,1,0,0.931640625,0.04541600845473883,0,0.04541600845473883,0
B,B4,0.5,0.5,2,2,1,0,0.935546875,0.04044307415497117,0,0.04044307415497117,0
B,B4,0.5,0.5,2,2,1,0,0.939453125,0.03574695976339227,0,0.03574695976339227,0
B,B4,0.5,0.5,2,2,1,0,0.943359375,0.0313304940437126,0,0.0313304940437126,0
B,B4,0.5,0.5,2,2,1,0,0.947265625,0.02719633730973941,0,0.02719633730973941,0
B,B4,0.5,0.5,2,2,1,0,0.951171875,0.02334697982290316,0,0.02334697982290316,0
B,B4,0.5,0.5,2,2,1,0,0.955078125,0.01978474029221718,0,0.01978474029221718,0
B,B4,0.5,0.5,2,2,1,0,0.958984375,0.01651176447757392,0,0.01651176447757392,0
B,B4,0.5,0.5,2,2,1,0,0.962890625,0.01353002389721991,0,0.01353002389721991,0
B,B4,0.5,0.5,2,2,1,0,0.966796875,0.01084131464018618,0,0.01084131464018618,0
B,B4,0.5,0.5,2,2,1,0,0.970703125,0.00844725628439184,0,0.00844725628439184,0
B,B4,0.5,0.5,2,2,1,0,0.974609375,0.006349290921070821,0,0.006349290921070821,0
B,B4,0.5,0.5,2,2,1,0,0.978515625,0.004548682286110003,0,0.004548682286110003,0
B,B4,0.5,0.5,2,2,1,0,0.982421875,0.003046514998821996,0,0.003046514998821996,0
B,B4,0.5,0.5,2,2,1,0,0.986328125,0.001843693908611011,0,0.001843693908611011,0
B,B4,0.5,0.5,2,2,1,0,0.990234375,0.0009409435499254112,0,0.0009409435499254112,0
B,B4,0.5,0.5,2,2,1,0,0.994140625,0.0003388077058252599,0,0.0003388077058252599,0
B,B4,0.5,0.5,2,2,1,0,0.998046875,3.764908042773351e-05,0,3.764908042773351e-05,0
B,B4,0.5,0.5,2,2,1,0.1,0.001953125,0.4305303667544922,0.04865691031567222,0.38187345643882,0.1130162099423258
B,B4,0.5,0.5,2,2,1,0.1,0.005859375,0.4305722126639224,0.04867724669929606,0.3818949659646263,0.1130524573291274
B,B4,0.5,0.5,2,2,1,0.1,0.009765625,0.4306558792763715,0.04871790721659153,0.38193797205978,0.1131249091466067
B,B4,0.5,0.5,2,2,1,0.1,0.013671875,0.4307813161942011,0.04877886737525795,0.3820024488189431,0.1132334795905306
B,B4,0.5,0.5,2,2,1,0.1,0.017578125,0.4309484478589019,0.0488600904551259,0.3820883574037759,0.1133780402223965
B,B4,0.5,0.5,2,2,1,0.1,0.021484375,0.4311571735966087,0.04896152753052465,0.3821956460660841,0.1135584202904464
B,B4,0.5,0.5,2,2,1,0.1,0.025390625,0.4314073676787418,0.04908311749945113,0.3823242501792906,0.1137744071538484
B,B4,0.5,0.5,2,2,1,0.1,0.029296875,0.4316988793977415,0.04922478712073131,0.3824740922770102,0.1140257468108425
B,B4,0.5,0.5,2,2,1,0.1,0.033203125,0.4320315331578489,0.04938645105788317,0.3826450820999657,0.1143121445254301
B,B4,0.5,0.5,2,2,1,0.1,0.037109375,0.4324051285808772,0.04956801193054412,0.382837116650333,0.1146332655517357
B,B4,0.5,0.5,2,2,1,0.1,0.041015625,0.4328194406269133,0.04976936037325934,0.3830500802536539,0.1149887359522746
B,B4,0.5,0.5,2,2,1,0.1,0.044921875,0.4332742197298731,0.04999037510125544,0.3832838446286176,0.115378143505566
B,B4,0.5,0.5,2,2,1,0.1,0.048828125,0.4337691919478301,0.05023092298352498,0.3835382689643051,0.1158010386997846
B,B4,0.5,0.5,2,2,1,0.1,0.052734375,0.4343040591280283,0.05049085912301872,0.3838132000050096,0.1162569358075802
B,B4,0.5,0.5,2,2,1,0.1,0.056640625,0.4348784990864782,0.05077002694392452,0.3841084721425537,0.1167453140373091
B,B4,0.5,0.5,2,2,1,0.1,0.060546875,0.4354921658020288,0.05106825828598742,0.3844239075160413,0.1172656187555912
B,B4,0.5,0.5,2,2,1,0.1,0.064453125,0.4361446896247969,0.051385373505798,0.3847593161189989,0.1178172627758082
B,B4,0.5,0.5,2,2,1,0.1,0.068359375,0.4368356774988313,0.05172118158500464,0.3851144959138267,0.1183996277070181
B,B4,0.5,0.5,2,2,1,0.1,0.072265625,0.4375647131988744,0.05207548024537823,0.3854892329534961,0.1190120653575412
B,B4,0.5,0.5,2,2,1,0.1,0.076171875,0.4383313575810805,0.05244805607065423,0.3858833015104263,0.1196538991873349
B,B4,0.5,0.5,2,2,1,0.1,0.080078125,0.4391351488475409,0.05283868463508552,0.3862964642124554,0.1203244258032055
B,B4,0.5,0.5,2,2,1,0.1,0.083984375,0.4399756028244522,0.05324713063863239,0.3867284721858198,0.1210229164908439
B,B4,0.5,0.5,2,2,1,0.1,0.087890625,0.4408522132537653,0.05367314804869441,0.3871790652050709,0.1217486187776012
B,B4,0.5,0.5,2,2,1,0.1,0.091796875,0.4417644520981361,0.05411648024831444,0.3876479718498216,0.1225007580200063
B,B4,0.5,0.5,2,2,1,0.1,0.095703125,0.4427117698589957,0.0545768601907519,0.3881349096682438,0.123278539010008
B,B4,0.5,0.5,2,2,1,0.1,0.099609375,0.4436935959075474,0.05505401056034467,0.3886395853472028,0.1240811475940624
B,B4,0.5,0.5,2,2,1,0.1,0.103515625,0.4447093388284922,0.05554764393955165,0.3891616948889406,0.124907752299248
B,B4,0.5,0.5,2,2,1,0.1,0.107421875,0.4457583867762759,0.05605746298208369,0.3897009237941922,0.1257575059607766
B,B4,0.5,0.5,2,2,1,0.1,0.111328125,0.4468401078436409,0.05658316059201342,0.3902569472516275,0.1266295473454077
B,B4,0.5,0.5,2,2,1,0.1,0.115234375,0.4479538504422645,0.05712442010875494,0.3908294303335096,0.1275230027654769
B,B4,0.5,0.5,2,2,1,0.1,0.119140625,0.4490989436952509,0.0576809154978187,0.3914180281974323,0.1284369876785098
B,B4,0.5,0.5,2,2,1,0.1,0.123046875,0.4502746978412422,0.05825231154718759,0.3920223862940546,0.1293706082675029
B,B4,0.5,0.5,2,2,1,0.1,0.126953125,0.4514804046499051,0.05883826406924838,0.3926421405806567,0.1303229629974169
B,B4,0.5,0.5,2,2,1,0.1,0.130859375,0.4527153378485423,0.05943842010811267,0.3932769177404297,0.1312931441434795
B,B4,0.5,0.5,2,2,1,0.1,0.134765625,0.4539787535595724,0.06005241815222311,0.3939263354073493,0.1322802392873279
B,B4,0.5,0.5,2,2,1,0.1,0.138671875,0.455269890748613,0.06067988835211693,0.3945900023964961,0.133283332777266
B,B4,0.5,0.5,2,2,1,0.1,0.142578125,0.4565879716829002,0.06132045274320848,0.3952675189396918,0.1343015071491972
B,B4,0.5,0.5,2,2,1,0.1,0.146484375,0.4579322023997653,0.06197372547346094,0.3959584769263044,0.1353338445051287
B,B4,0.5,0.5,2,2,1,0.1,0.150390625,0.4593017731848885,0.06263931303580854,0.39666246014908,0.1363794278464358
B,B4,0.5,0.5,2,2,1,0.1,0.154296875,0.4606958590600404,0.0633168145051926,0.3973790445548478,0.1374373423593999
B,B4,0.5,0.5,2,2,1,0.1,0.158203125,0.4621136202800181,0.06400582178006027,0.3981077984999578,0.1385066766508113
B,B4,0.5,0.5,2,2,1,0.1,0.162109375,0.463554202838476,0.06470591982819326,0.3988482830102827,0.1395865239317867
B,B4,0.5,0.5,2,2,1,0.1,0.166015625,0.4650167389823482,0.06541668693670591,0.3996000520456423,0.1406759831481875
B,B4,0.5,0.5,2,2,1,0.1,0.169921875,0.466500347734549,0.06613769496606887,0.4003626527684801,0.1417741600563671
B,B4,0.5,0.5,2,2,1,0.1,0.173828125,0.4680041354246418,0.06686850960800701,0.4011356258166348,0.1428801682432445
B,B4,0.5,0.5,2,2,1,0.1,0.177734375,0.4695271962271525,0.06760869064710527,0.4019185055800472,0.1439931300899488
B,B4,0.5,0.5,2,2,1,0.1,0.181640625,0.4710686127072044,0.06835779222598208,0.4027108204812223,0.1451121776786056
B,B4,0.5,0.5,2,2,1,0.1,0.185546875,0.4726274563731472,0.06911536311385892,0.4035120932592883,0.1462364536420229
B,B4,0.5,0.5,2,2,1,0.1,0.189453125,0.4742027882358454,0.06988094697836078,0.4043218412574847,0.1473651119562911
B,B4,0.5,0.5,2,2,1,0.1,0.193359375,0.4757936593742905,0.07065408266039214,0.4051395767138984,0.1484973186765631
B,B4,0.5,0.5,2,2,1,0.1,0.197265625,0.4773991115071953,0.07143430445192958,0.4059648070552657,0.1496322526164838
B,B4,0.5,0.5,2,2,1,0.1,0.201171875,0.4790181775702265,0.07222114237653997,0.4067970351936865,0.1507691059718751
B,B4,0.5,0.5,2,2,1,0.1,0.205078125,0.4806498822985286,0.07301412247247872,0.4076357598260498,0.1519070848895582
B,B4,0.5,0.5,2,2,1,0.1,0.208984375,0.4822932428141866,0.07381276707818844,0.4084804757359982,0.1530454099822965
B,B4,0.5,0.5,2,2,1,0.1,0.212890625,0.4839472692182749,0.07461659512001943,0.4093306740982555,0.1541833167909975
B,B4,0.5,0.5,2,2,1,0.1,0.216796875,0.485610965187136,0.07542512240202003,0.4101858427851159,0.1553200561955063
B,B4,0.5,0.5,2,2,1,0.1,0.220703125,0.4872833285725278,0.07623786189758598,0.4110454666749419,0.1564548947753271
B,B4,0.5,0.5,2,2,1,0.1,0.224609375,0.4889633520052806,0.07705432404283537,0.4119090279624453,0.1575871151218777
B,B4,0.5,0.5,2,2,1,0.1,0.228515625,0.4906500235020985,0.07787401703150308,0.4127760064705954,0.1587160161038289
B,B4,0.5,0.5,2,2,1,0.1,0.232421875,0.4923423270751406,0.07869644711118,0.4136458799639606,0.1598409130872257
B,B4,0.5,0.5,2,2,1,0.1,0.236328125,0.4940392433440139,0.07952111888074229,0.4145181244632716,0.1609611381121994
B,B4,0.5,0.5,2,2,1,0.1,0.240234375,0.4957397501498096,0.08034753558875125,0.4153922145610584,0.162076040028
B,B4,0.5,0.5,2,2,1,0.1,0.244140625,0.4974428231708143,0.0811751994326817,0.4162676237381326,0.1631849845882838
B,B4,0.5,0.5,2,2,1,0.1,0.248046875,0.4991474365395219,0.0820036118587852,0.4171438246807367,0.1642873545085155
B,B4,0.5,0.5,2,2,1,0.1,0.251953125,0.5008525634605787,0.08283227386239007,0.4180202895981887,0.1653825494873596
B,B4,0.5,0.5,2,2,1,0.1,0.255859375,0.5025571768292862,0.0836606862884933,0.4188964905407929,0.1664699861940525
B,B4,0.5,0.5,2,2,1,0.1,0.259765625,0.5042602498502908,0.08448835013242402,0.4197718997178668,0.1675490982236011
B,B4,0.5,0.5,2,2,1,0.1,0.263671875,0.5059607566560868,0.08531476684043188,0.4206459898156549,0.1686193360217901
B,B4,0.5,0.5,2,2,1,0.1,0.267578125,0.50765767292496,0.086139438609993,0.421518234314967,0.1696801667818499
B,B4,0.5,0.5,2,2,1,0.1,0.271484375,0.5093499764980021,0.08696186868967164,0.4223881078083304,0.1707310743147011
B,B4,0.5,0.5,2,2,1,0.1,0.275390625,0.51103664799482,0.08778156167833867,0.4232550863164813,0.1717715588945951
B,B4,0.5,0.5,2,2,1,0.1,0.279296875,0.5127166714275727,0.08859802382358881,0.4241186476039839,0.1728011370820118
B,B4,0.5,0.5,2,2,1,0.1,0.283203125,0.5143890348129644,0.08941076331915448,0.4249782714938099,0.1738193415255535
B,B4,0.5,0.5,2,2,1,0.1,0.287109375,0.5160527307818255,0.09021929060115522,0.4258334401806703,0.1748257207446069
B,B4,0.5,0.5,2,2,1,0.1,0.291015625,0.5177067571859139,0.09102311864298697,0.4266836385429269,0.1758198388944335
B,B4,0.5,0.5,2,2,1,0.1,0.294921875,0.5193501177015719,0.09182176324869647,0.4275283544528755,0.1768012755153719
B,B4,0.5,0.5,2,2,1,0.1,0.298828125,0.520981822429874,0.09261474334463475,0.4283670790852392,0.1777696252676858
B,B4,0.5,0.5,2,2,1,0.1,0.302734375,0.5226008884929053,0.09340158126924417,0.4291993072236612,0.1787244976536471
B,B4,0.5,0.5,2,2,1,0.1,0.306640625,0.52420634062581,0.09418180306078248,0.4300245375650275,0.1796655167282906
B,B4,0.5,0.5,2,2,1,0.1,0.310546875,0.5257972117642551,0.09495493874281427,0.4308422730214408,0.1805923208002632
B,B4,0.5,0.5,2,2,1,0.1,0.314453125,0.5273725436269535,0.09572052260731452,0.431652021019639,0.1815045621241597
B,B4,0.5,0.5,2,2,1,0.1,0.318359375,0.5289313872928963,0.09647809349519319,0.4324532937977031,0.1824019065856047
B,B4,0.5,0.5,2,2,1,0.1,0.322265625,0.5304728037729481,0.0972271950740709,0.4332456086988772,0.1832840333803161
B,B4,0.5,0.5,2,2,1,0.1,0.326171875,0.5319958645754586,0.09796737611316818,0.4340284884622904,0.1841506346883876
B,B4,0.5,0.5,2,2,1,0.1,0.330078125,0.5334996522655514,0.09869819075510468,0.4348014615104467,0.1850014153448357
B,B4,0.5,0.5,2,2,1,0.1,0.333984375,0.5349832610177521,0.09941919878446959,0.4355640622332825,0.1858360925075198
B,B4,0.5,0.5,2,2,1,0.1,0.337890625,0.536445797161624,0.1001299658929812,0.4363158312686428,0.1866543953233982
B,B4,0.5,0.5,2,2,1,0.1,0.341796875,0.5378863797200821,0.1008300639411147,0.4370563157789674,0.1874560645941379
B,B4,0.5,0.5,2,2,1,0.1,0.345703125,0.5393041409400597,0.1015190712159823,0.4377850697240774,0.1882408524418609
B,B4,0.5,0.5,2,2,1,0.1,0.349609375,0.5406982268152117,0.1021965726853648,0.4385016541298469,0.1890085219759587
B,B4,0.5,0.5,2,2,1,0.1,0.353515625,0.5420677976003349,0.1028621602477132,0.4392056373526217,0.1897588469617101
B,B4,0.5,0.5,2,2,1,0.1,0.357421875,0.5434120283171999,0.1035154329779662,0.4398965953392337,0.190491611491423
B,B4,0.5,0.5,2,2,1,0.1,0.361328125,0.544730109251487,0.1041559973690578,0.4405741118824292,0.1912066096588242
B,B4,0.5,0.5,2,2,1,0.1,0.365234375,0.5460212464405275,0.1047834675689511,0.4412377788715764,0.1919036452372996
B,B4,0.5,0.5,2,2,1,0.1,0.369140625,0.5472846621515576,0.1053974656130617,0.4418871965384959,0.1925825313625806
B,B4,0.5,0.5,2,2,1,0.1,0.373046875,0.548519595350195,0.1059976216519264,0.4425219736982686,0.1932430902204208
B,B4,0.5,0.5,2,2,1,0.1,0.376953125,0.549725302158858,0.1065835741739867,0.4431417279848712,0.1938851527397706
B,B4,0.5,0.5,2,2,1,0.1,0.380859375,0.5509010563048492,0.1071549702233571,0.4437460860814921,0.1945085582919292
B,B4,0.5,0.5,2,2,1,0.1,0.384765625,0.5520461495578357,0.107711465612418,0.4443346839454176,0.1951131543960412
B,B4,0.5,0.5,2,2,1,0.1,0.388671875,0.5531598921564594,0.1082527251291613,0.4449071670272981,0.1956987964314347
B,B4,0.5,0.5,2,2,1,0.1,0.392578125,0.5542416132238245,0.1087784227390903,0.4454631904847342,0.1962653473570223
B,B4,0.5,0.5,2,2,1,0.1,0.396484375,0.5552906611716081,0.1092882417816218,0.4460024193899862,0.1968126774382168
B,B4,0.5,0.5,2,2,1,0.1,0.400390625,0.5563064040925529,0.1097818751608297,0.4465245289317233,0.1973406639815802
B,B4,0.5,0.5,2,2,1,0.1,0.404296875,0.5572882301411045,0.1102590255304235,0.447029204610681,0.1978491910774899
B,B4,0.5,0.5,2,2,1,0.1,0.408203125,0.5582355479019641,0.1107194054728603,0.4475161424291038,0.1983381493510774
B,B4,0.5,0.5,2,2,1,0.1,0.412109375,0.5591477867463348,0.11116273767248,0.4479850490738548,0.1988074357216593
B,B4,0.5,0.5,2,2,1,0.1,0.416015625,0.5600243971756479,0.1115887550825421,0.4484356420931058,0.1992569531708152
B,B4,0.5,0.5,2,2,1,0.1,0.419921875,0.5608648511525591,0.1119972010860893,0.4488676500664698,0.1996866105193411
B,B4,0.5,0.5,2,2,1,0.1,0.423828125,0.5616686424190195,0.11238782965052,0.4492808127684994,0.2000963222131881
B,B4,0.5,0.5,2,2,1,0.1,0.427734375,0.5624352868012257,0.1127604054757965,0.4496748813254292,0.2004860081185623
B,B4,0.5,0.5,2,2,1,0.1,0.431640625,0.5631643225012686,0.113114704136169,0.4500496183650995,0.200855593326252
B,B4,0.5,0.5,2,2,1,0.1,0.435546875,0.5638553103753029,0.1134505122153768,0.4504047981599261,0.2012050079653661
B,B4,0.5,0.5,2,2,1,0.1,0.439453125,0.5645078341980709,0.1137676274351873,0.4507402067628836,0.2015341870264802
B,B4,0.5,0.5,2,2,1,0.1,0.443359375,0.5651215009136215,0.1140658587772496,0.4510556421363718,0.201843070194359
B,B4,0.5,0.5,2,2,1,0.1,0.447265625,0.5656959408720714,0.1143450265981561,0.4513509142739153,0.2021316016902701
B,B4,0.5,0.5,2,2,1,0.1,0.451171875,0.5662308080522697,0.1146049627376501,0.4516258453146195,0.2023997301239581
B,B4,0.5,0.5,2,2,1,0.1,0.455078125,0.5667257802702265,0.1148455106199203,0.4518802696503061,0.2026474083553418
B,B4,0.5,0.5,2,2,1,0.1,0.458984375,0.5671805593731861,0.1150665253479162,0.45211403402527,0.2028745933659658
B,B4,0.5,0.5,2,2,1,0.1,0.462890625,0.5675948714192224,0.1152678737906304,0.452326997628592,0.2030812461402496
B,B4,0.5,0.5,2,2,1,0.1,0.466796875,0.5679684668422508,0.1154494346632909,0.4525190321789599,0.203267331556553
B,B4,0.5,0.5,2,2,1,0.1,0.470703125,0.5683011206023579,0.1156110986004164,0.4526900220019415,0.2034328182880883
B,B4,0.5,0.5,2,2,1,0.1,0.474609375,0.5685926323213578,0.1157527682216986,0.4528398640996592,0.2035776787137075
B,B4,0.5,0.5,2,2,1,0.1,0.478515625,0.5688428264034912,0.1158743581906514,0.4529684682128398,0.2037018888385514
B,B4,0.5,0.5,2,2,1,0.1,0.482421875,0.5690515521411981,0.1159757952660235,0.4530757568751745,0.2038054282246235
B,B4,0.5,0.5,2,2,1,0.1,0.486328125,0.5692186838058989,0.1160570183459161,0.4531616654599828,0.2038882799312523
B,B4,0.5,0.5,2,2,1,0.1,0.490234375,0.5693441207237286,0.1161179785045823,0.4532261422191464,0.2039504304654583
B,B4,0.5,0.5,2,2,1,0.1,0.494140625,0.5694277873361779,0.1161586390219036,0.4532691483142743,0.2039918697422577
B,B4,0.5,0.5,2,2,1,0.1,0.498046875,0.5694696332456083,0.1161789754055022,0.4532906578401061,0.2040125910548685
B,B4,0.5,0.5,2,2,1,0.1,0.501953125,0.5694696332456083,0.1161789754055023,0.453290657840106,0.2040125910548685
B,B4,0.5,0.5,2,2,1,0.1,0.505859375,0.5694277873361782,0.1161586390219036,0.4532691483142745,0.2039918697422576
B,B4,0.5,0.5,2,2,1,0.1,0.509765625,0.5693441207237288,0.1161179785045824,0.4532261422191463,0.2039504304654585
B,B4,0.5,0.5,2,2,1,0.1,0.513671875,0.569218683805899,0.1160570183459165,0.4531616654599825,0.2038882799312529
B,B4,0.5,0.5,2,2,1,0.1,0.517578125,0.5690515521411982,0.1159757952660232,0.453075756875175,0.2038054282246228
B,B4,0.5,0.5,2,2,1,0.1,0.521484375,0.5688428264034913,0.1158743581906498,0.4529684682128415,0.2037018888385486
B,B4,0.5,0.5,2,2,1,0.1,0.525390625,0.5685926323213579,0.1157527682216976,0.4528398640996603,0.2035776787137057
B,B4,0.5,0.5,2,2,1,0.1,0.529296875,0.568301120602358,0.1156110986004172,0.4526900220019409,0.2034328182880895
B,B4,0.5,0.5,2,2,1,0.1,0.533203125,0.5679684668422509,0.1154494346632913,0.4525190321789596,0.2032673315565537
B,B4,0.5,0.5,2,2,1,0.1,0.537109375,0.5675948714192224,0.115267873790631,0.4523269976285914,0.2030812461402506
B,B4,0.5,0.5,2,2,1,0.1,0.541015625,0.5671805593731862,0.1150665253479155,0.4521140340252707,0.2028745933659647
B,B4,0.5,0.5,2,2,1,0.1,0.544921875,0.5667257802702265,0.1148455106199195,0.451880269650307,0.2026474083553403
B,B4,0.5,0.5,2,2,1,0.1,0.548828125,0.5662308080522696,0.11460496273765,0.4516258453146196,0.2023997301239579
B,B4,0.5,0.5,2,2,1,0.1,0.552734375,0.5656959408720715,0.1143450265981568,0.4513509142739147,0.2021316016902713
B,B4,0.5,0.5,2,2,1,0.1,0.556640625,0.5651215009136218,0.1140658587772497,0.4510556421363721,0.2018430701943591
B,B4,0.5,0.5,2,2,1,0.1,0.560546875,0.5645078341980713,0.1137676274351865,0.4507402067628847,0.2015341870264787
B,B4,0.5,0.5,2,2,1,0.1,0.564453125,0.5638553103753033,0.1134505122153769,0.4504047981599265,0.2012050079653661
B,B4,0.5,0.5,2,2,1,0.1,0.568359375,0.5631643225012691,0.1131147041361686,0.4500496183651005,0.2008555933262511
B,B4,0.5,0.5,2,2,1,0.1,0.572265625,0.5624352868012265,0.1127604054757965,0.44967488132543,0.200486008118562
B,B4,0.5,0.5,2,2,1,0.1,0.576171875,0.5616686424190203,0.1123878296505201,0.4492808127685002,0.2000963222131878
B,B4,0.5,0.5,2,2,1,0.1,0.580078125,0.5608648511525599,0.1119972010860889,0.4488676500664709,0.1996866105193402
B,B4,0.5,0.5,2,2,1,0.1,0.583984375,0.5600243971756488,0.1115887550825418,0.4484356420931069,0.1992569531708145
B,B4,0.5,0.5,2,2,1,0.1,0.587890625,0.5591477867463359,0.1111627376724808,0.4479850490738552,0.1988074357216602
B,B4,0.5,0.5,2,2,1,0.1,0.591796875,0.5582355479019652,0.1107194054728605,0.4475161424291046,0.1983381493510775
B,B4,0.5,0.5,2,2,1,0.1,0.595703125,0.5572882301411057,0.1102590255304227,0.447029204610683,0.197849191077488
B,B4,0.5,0.5,2,2,1,0.1,0.599609375,0.5563064040925542,0.1097818751608301,0.4465245289317241,0.1973406639815806
B,B4,0.5,0.5,2,2,1,0.1,0.603515625,0.5552906611716093,0.1092882417816226,0.4460024193899866,0.1968126774382178
B,B4,0.5,0.5,2,2,1,0.1,0.607421875,0.5542416132238258,0.1087784227390901,0.4454631904847357,0.1962653473570215
B,B4,0.5,0.5,2,2,1,0.1,0.611328125,0.5531598921564608,0.1082527251291626,0.4449071670272982,0.1956987964314365
B,B4,0.5,0.5,2,2,1,0.1,0.615234375,0.5520461495578372,0.1077114656124183,0.4443346839454189,0.1951131543960412
B,B4,0.5,0.5,2,2,1,0.1,0.619140625,0.5509010563048508,0.1071549702233565,0.4437460860814942,0.1945085582919276
B,B4,0.5,0.5,2,2,1,0.1,0.623046875,0.5497253021588595,0.1065835741739871,0.4431417279848724,0.1938851527397708
B,B4,0.5,0.5,2,2,1,0.1,0.626953125,0.5485195953501967,0.1059976216519265,0.4425219736982702,0.1932430902204203
B,B4,0.5,0.5,2,2,1,0.1,0.630859375,0.5472846621515594,0.1053974656130611,0.4418871965384982,0.192582531362579
B,B4,0.5,0.5,2,2,1,0.1,0.634765625,0.5460212464405293,0.1047834675689509,0.4412377788715784,0.1919036452372985
B,B4,0.5,0.5,2,2,1,0.1,0.638671875,0.5447301092514889,0.1041559973690592,0.4405741118824297,0.1912066096588262
B,B4,0.5,0.5,2,2,1,0.1,0.642578125,0.5434120283172019,0.1035154329779661,0.4398965953392359,0.1904916114914221
B,B4,0.5,0.5,2,2,1,0.1,0.646484375,0.542067797600337,0.1028621602477139,0.4392056373526231,0.1897588469617107
B,B4,0.5,0.5,2,2,1,0.1,0.650390625,0.540698226815214,0.1021965726853661,0.4385016541298479,0.1890085219759603
B,B4,0.5,0.5,2,2,1,0.1,0.654296875,0.5393041409400621,0.101519071215982,0.4377850697240801,0.1882408524418594
B,B4,0.5,0.5,2,2,1,0.1,0.658203125,0.5378863797200845,0.1008300639411139,0.4370563157789705,0.1874560645941357
B,B4,0.5,0.5,2,2,1,0.1,0.662109375,0.5364457971616265,0.1001299658929814,0.4363158312686451,0.1866543953233976
B,B4,0.5,0.5,2,2,1,0.1,0.666015625,0.5349832610177545,0.09941919878446913,0.4355640622332854,0.1858360925075181
B,B4,0.5,0.5,2,2,1,0.1,0.669921875,0.5334996522655537,0.09869819075510512,0.4348014615104486,0.1850014153448357
B,B4,0.5,0.5,2,2,1,0.1,0.673828125,0.531995864575461,0.09796737611316909,0.4340284884622919,0.1841506346883885
B,B4,0.5,0.5,2,2,1,0.1,0.677734375,0.5304728037729505,0.09722719507407057,0.4332456086988799,0.1832840333803147
B,B4,0.5,0.5,2,2,1,0.1,0.681640625,0.5289313872928987,0.09647809349519307,0.4324532937977056,0.1824019065856037
B,B4,0.5,0.5,2,2,1,0.1,0.685546875,0.527372543626956,0.09572052260731578,0.4316520210196402,0.1815045621241613
B,B4,0.5,0.5,2,2,1,0.1,0.689453125,0.5257972117642578,0.09495493874281458,0.4308422730214432,0.1805923208002629
B,B4,0.5,0.5,2,2,1,0.1,0.693359375,0.5242063406258126,0.09418180306078218,0.4300245375650305,0.1796655167282891
B,B4,0.5,0.5,2,2,1,0.1,0.697265625,0.5226008884929079,0.09340158126924571,0.4291993072236622,0.1787244976536492
B,B4,0.5,0.5,2,2,1,0.1,0.701171875,0.5209818224298768,0.09261474334463554,0.4283670790852412,0.1777696252676864
B,B4,0.5,0.5,2,2,1,0.1,0.705078125,0.5193501177015747,0.09182176324869684,0.4275283544528778,0.1768012755153717
B,B4,0.5,0.5,2,2,1,0.1,0.708984375,0.5177067571859167,0.09102311864298628,0.4266836385429305,0.1758198388944312
B,B4,0.5,0.5,2,2,1,0.1,0.712890625,0.5160527307818283,0.09021929060115538,0.4258334401806729,0.1748257207446062
B,B4,0.5,0.5,2,2,1,0.1,0.716796875,0.5143890348129673,0.08941076331915532,0.424978271493812,0.1738193415255541
B,B4,0.5,0.5,2,2,1,0.1,0.720703125,0.5127166714275755,0.08859802382358792,0.4241186476039875,0.1728011370820091
B,B4,0.5,0.5,2,2,1,0.1,0.724609375,0.5110366479948228,0.08778156167833893,0.4232550863164839,0.1717715588945946
B,B4,0.5,0.5,2,2,1,0.1,0.728515625,0.509349976498005,0.08696186868967257,0.4223881078083324,0.1707310743147019
B,B4,0.5,0.5,2,2,1,0.1,0.732421875,0.5076576729249629,0.08613943860999383,0.421518234314969,0.1696801667818505
B,B4,0.5,0.5,2,2,1,0.1,0.736328125,0.5059607566560896,0.0853147668404321,0.4206459898156575,0.1686193360217896
B,B4,0.5,0.5,2,2,1,0.1,0.740234375,0.5042602498502939,0.08448835013242421,0.4197718997178697,0.1675490982236005
B,B4,0.5,0.5,2,2,1,0.1,0.744140625,0.5025571768292895,0.0836606862884941,0.4188964905407954,0.1664699861940531
B,B4,0.5,0.5,2,2,1,0.1,0.748046875,0.500852563460582,0.08283227386239024,0.4180202895981918,0.1653825494873588
B,B4,0.5,0.5,2,2,1,0.1,0.751953125,0.4991474365395253,0.08200361185878571,0.4171438246807396,0.1642873545085154
B,B4,0.5,0.5,2,2,1,0.1,0.755859375,0.4974428231708179,0.08117519943268149,0.4162676237381364,0.1631849845882822
B,B4,0.5,0.5,2,2,1,0.1,0.759765625,0.4957397501498133,0.08034753558874956,0.4153922145610637,0.1620760400279954
B,B4,0.5,0.5,2,2,1,0.1,0.763671875,0.4940392433440175,0.0795211188807433,0.4145181244632742,0.1609611381122002
B,B4,0.5,0.5,2,2,1,0.1,0.767578125,0.4923423270751444,0.07869644711118141,0.413645879963963,0.1598409130872274
B,B4,0.5,0.5,2,2,1,0.1,0.771484375,0.4906500235021022,0.0778740170315036,0.4127760064705986,0.1587160161038287
B,B4,0.5,0.5,2,2,1,0.1,0.775390625,0.4889633520052845,0.07705432404283524,0.4119090279624492,0.1575871151218762
B,B4,0.5,0.5,2,2,1,0.1,0.779296875,0.4872833285725318,0.07623786189758586,0.4110454666749459,0.1564548947753256
B,B4,0.5,0.5,2,2,1,0.1,0.783203125,0.4856109651871401,0.07542512240202044,0.4101858427851197,0.1553200561955058
B,B4,0.5,0.5,2,2,1,0.1,0.787109375,0.4839472692182791,0.07461659512002018,0.409330674098259,0.1541833167909977
B,B4,0.5,0.5,2,2,1,0.1,0.791015625,0.4822932428141908,0.07381276707818776,0.4084804757360031,0.1530454099822937
B,B4,0.5,0.5,2,2,1,0.1,0.794921875,0.4806498822985329,0.07301412247247854,0.4076357598260544,0.1519070848895564
B,B4,0.5,0.5,2,2,1,0.1,0.798828125,0.4790181775702309,0.07222114237654045,0.4067970351936905,0.1507691059718747
B,B4,0.5,0.5,2,2,1,0.1,0.802734375,0.4773991115071998,0.07143430445193001,0.4059648070552698,0.1496322526164833
B,B4,0.5,0.5,2,2,1,0.1,0.806640625,0.4757936593742951,0.07065408266039178,0.4051395767139033,0.1484973186765609
B,B4,0.5,0.5,2,2,1,0.1,0.810546875,0.47420278823585,0.06988094697836086,0.4043218412574892,0.1473651119562899
B,B4,0.5,0.5,2,2,1,0.1,0.814453125,0.4726274563731519,0.06911536311385977,0.4035120932592922,0.1462364536420232
B,B4,0.5,0.5,2,2,1,0.1,0.818359375,0.4710686127072092,0.06835779222598257,0.4027108204812266,0.1451121776786051
B,B4,0.5,0.5,2,2,1,0.1,0.822265625,0.4695271962271574,0.06760869064710519,0.4019185055800523,0.1439931300899471
B,B4,0.5,0.5,2,2,1,0.1,0.826171875,0.468004135424647,0.06686850960800705,0.4011356258166399,0.142880168243243
B,B4,0.5,0.5,2,2,1,0.1,0.830078125,0.4665003477345542,0.0661376949660693,0.4003626527684849,0.1417741600563665
B,B4,0.5,0.5,2,2,1,0.1,0.833984375,0.4650167389823536,0.06541668693670671,0.3996000520456469,0.1406759831481876
B,B4,0.5,0.5,2,2,1,0.1,0.837890625,0.4635542028384817,0.06470591982819394,0.3988482830102877,0.1395865239317865
B,B4,0.5,0.5,2,2,1,0.1,0.841796875,0.4621136202800237,0.06400582178006038,0.3981077984999633,0.1385066766508099
B,B4,0.5,0.5,2,2,1,0.1,0.845703125,0.4606958590600462,0.06331681450519293,0.3973790445548532,0.1374373423593989
B,B4,0.5,0.5,2,2,1,0.1,0.849609375,0.4593017731848944,0.06263931303580912,0.3966624601490853,0.1363794278464354
B,B4,0.5,0.5,2,2,1,0.1,0.853515625,0.4579322023997714,0.06197372547346178,0.3959584769263096,0.1353338445051287
B,B4,0.5,0.5,2,2,1,0.1,0.857421875,0.4565879716829064,0.06132045274320919,0.3952675189396972,0.1343015071491969
B,B4,0.5,0.5,2,2,1,0.1,0.861328125,0.4552698907486196,0.06067988835211744,0.3945900023965021,0.1332833327772652
B,B4,0.5,0.5,2,2,1,0.1,0.865234375,0.4539787535595791,0.06005241815222356,0.3939263354073556,0.132280239287327
B,B4,0.5,0.5,2,2,1,0.1,0.869140625,0.4527153378485493,0.0594384201081133,0.393276917740436,0.1312931441434788
B,B4,0.5,0.5,2,2,1,0.1,0.873046875,0.4514804046499121,0.05883826406924916,0.3926421405806629,0.1303229629974166
B,B4,0.5,0.5,2,2,1,0.1,0.876953125,0.4502746978412493,0.0582523115471882,0.3920223862940612,0.1293706082675022
B,B4,0.5,0.5,2,2,1,0.1,0.880859375,0.4490989436952582,0.0576809154978191,0.391418028197439,0.1284369876785086
B,B4,0.5,0.5,2,2,1,0.1,0.884765625,0.4479538504422719,0.0571244201087559,0.390829430333516,0.127523002765477
B,B4,0.5,0.5,2,2,1,0.1,0.888671875,0.4468401078436484,0.05658316059201315,0.3902569472516352,0.126629547345405
B,B4,0.5,0.5,2,2,1,0.1,0.892578125,0.4457583867762835,0.05605746298208455,0.389700923794199,0.1257575059607764
B,B4,0.5,0.5,2,2,1,0.1,0.896484375,0.4447093388285001,0.05554764393955252,0.3891616948889475,0.1249077522992477
B,B4,0.5,0.5,2,2,1,0.1,0.900390625,0.4436935959075554,0.05505401056034565,0.3886395853472098,0.1240811475940624
B,B4,0.5,0.5,2,2,1,0.1,0.904296875,0.4427117698590041,0.05457686019075263,0.3881349096682514,0.1232785390100073
B,B4,0.5,0.5,2,2,1,0.1,0.908203125,0.4417644520981447,0.05411648024831468,0.38764797184983,0.1225007580200045
B,B4,0.5,0.5,2,2,1,0.1,0.912109375,0.4408522132537741,0.05367314804869521,0.3871790652050789,0.1217486187776006
B,B4,0.5,0.5,2,2,1,0.1,0.916015625,0.4399756028244612,0.0532471306386333,0.386728472185828,0.1210229164908435
B,B4,0.5,0.5,2,2,1,0.1,0.919921875,0.4391351488475501,0.05283868463508589,0.3862964642124642,0.1203244258032038
B,B4,0.5,0.5,2,2,1,0.1,0.923828125,0.4383313575810898,0.05244805607065457,0.3858833015104353,0.1196538991873331
B,B4,0.5,0.5,2,2,1,0.1,0.927734375,0.4375647131988837,0.05207548024537947,0.3854892329535043,0.1190120653575415
B,B4,0.5,0.5,2,2,1,0.1,0.931640625,0.4368356774988411,0.05172118158500594,0.3851144959138351,0.1183996277070184
B,B4,0.5,0.5,2,2,1,0.1,0.935546875,0.4361446896248069,0.05138537350579845,0.3847593161190084,0.1178172627758065
B,B4,0.5,0.5,2,2,1,0.1,0.939453125,0.435492165802039,0.05106825828598865,0.3844239075160503,0.1172656187555913
B,B4,0.5,0.5,2,2,1,0.1,0.943359375,0.4348784990864886,0.05077002694392548,0.3841084721425632,0.1167453140373085
B,B4,0.5,0.5,2,2,1,0.1,0.947265625,0.4343040591280389,0.05049085912301941,0.3838132000050195,0.116256935807579
B,B4,0.5,0.5,2,2,1,0.1,0.951171875,0.4337691919478409,0.05023092298352585,0.3835382689643151,0.1158010386997837
B,B4,0.5,0.5,2,2,1,0.1,0.955078125,0.4332742197298842,0.04999037510125626,0.383283844628628,0.115378143505565
B,B4,0.5,0.5,2,2,1,0.1,0.958984375,0.4328194406269247,0.0497693603732599,0.3830500802536648,0.1149887359522729
B,B4,0.5,0.5,2,2,1,0.1,0.962890625,0.4324051285808885,0.04956801193054498,0.3828371166503435,0.1146332655517347
B,B4,0.5,0.5,2,2,1,0.1,0.966796875,0.4320315331578602,0.04938645105788417,0.3826450820999761,0.1143121445254294
B,B4,0.5,0.5,2,2,1,0.1,0.970703125,0.4316988793977531,0.04922478712075814,0.382474092276995,0.1140257468109016
B,B4,0.5,0.5,2,2,1,0.1,0.974609375,0.4314073676787534,0.04908311749947775,0.3823242501792756,0.113774407153907
B,B4,0.5,0.5,2,2,1,0.1,0.978515625,0.4311571735966203,0.04896152753052503,0.3821956460660953,0.1135584202904442
B,B4,0.5,0.5,2,2,1,0.1,0.982421875,0.4309484478589136,0.04886009045515214,0.3820883574037614,0.1133780402224543
B,B4,0.5,0.5,2,2,1,0.1,0.986328125,0.4307813161942127,0.04877886737525945,0.3820024488189532,0.113233479590531
B,B4,0.5,0.5,2,2,1,0.1,0.990234375,0.4306558792763832,0.04871790721659264,0.3819379720597906,0.1131249091466062
B,B4,0.5,0.5,2,2,1,0.1,0.994140625,0.4305722126639341,0.04867724669927217,0.3818949659646619,0.1130524573290689
B,B4,0.5,0.5,2,2,1,0.1,0.998046875,0.430530366754504,0.04865691031567337,0.3818734564388306,0.1130162099423254
B,B4,0.5,0.5,2,2,1,0.5,0.001953125,0.4999741083084601,0.2075696729149843,0.2924044353934758,0.4151608442630068
B,B4,0.5,0.5,2,2,1,0.5,0.005859375,0.4999741239046471,0.2075748505074539,0.2923992733971932,0.4151711870333547
B,B4,0.5,0.5,2,2,1,0.5,0.009765625,0.4999741550876261,0.2075852025721509,0.2923889525154753,0.4151918663391095
B,B4,0.5,0.5,2,2,1,0.5,0.013671875,0.4999742018386144,0.2076007228748299,0.2923734789637845,0.415222869722868
B,B4,0.5,0.5,2,2,1,0.5,0.017578125,0.4999742641294506,0.2076214020656735,0.2923528620637771,0.4152641785016304
B,B4,0.5,0.5,2,2,1,0.5,0.021484375,0.499974341922613,0.2076472276897715,0.2923271142328415,0.4153157677877628
B,B4,0.5,0.5,2,2,1,0.5,0.025390625,0.499974435171242,0.2076781841887802,0.2922962509824618,0.4153776064923202
B,B4,0.5,0.5,2,2,1,0.5,0.029296875,0.4999745438191679,0.2077142529171281,0.2922602909020399,0.4154496573574648
B,B4,0.5,0.5,2,2,1,0.5,0.033203125,0.4999746678009457,0.2077554121483586,0.2922192556525872,0.4155318769691587
B,B4,0.5,0.5,2,2,1,0.5,0.037109375,0.4999748070418928,0.2078016370887153,0.2921731699531775,0.4156242157843438
B,B4,0.5,0.5,2,2,1,0.5,0.041015625,0.4999749614581362,0.2078528998945201,0.2921220615636161,0.4157266181657059
B,B4,0.5,0.5,2,2,1,0.5,0.044921875,0.4999751309566614,0.2079091696869628,0.2920659612696986,0.415839022411266
B,B4,0.5,0.5,2,2,1,0.5,0.048828125,0.4999753154353684,0.2079704125712243,0.2920049028641441,0.4159613607926381
B,B4,0.5,0.5,2,2,1,0.5,0.052734375,0.4999755147831342,0.2080365916568935,0.2919389231262407,0.4160935595958733
B,B4,0.5,0.5,2,2,1,0.5,0.056640625,0.4999757288798793,0.2081076670801519,0.2918680617997275,0.4162355391658429
B,B4,0.5,0.5,2,2,1,0.5,0.060546875,0.4999759575966398,0.208183596027829,0.2917923615688108,0.4163872139543618
B,B4,0.5,0.5,2,2,1,0.5,0.064453125,0.4999762007956453,0.2082643327631609,0.2917118680324844,0.4165484925717185
B,B4,0.5,0.5,2,2,1,0.5,0.068359375,0.4999764583304016,0.2083498286533611,0.2916266296770404,0.4167192778418307
B,B4,0.5,0.5,2,2,1,0.5,0.072265625,0.4999767300457796,0.2084400321989019,0.2915366978468777,0.4168994668608206
B,B4,0.5,0.5,2,2,1,0.5,0.076171875,0.4999770157781081,0.2085348890645407,0.2914421267135674,0.4170889510590811
B,B4,0.5,0.5,2,2,1,0.5,0.080078125,0.4999773153552725,0.2086343421120442,0.2913429732432283,0.4172876162667367
B,B4,0.5,0.5,2,2,1,0.5,0.083984375,0.4999776285968188,0.2087383314346185,0.2912392971622003,0.4174953427825164
B,B4,0.5,0.5,2,2,1,0.5,0.087890625,0.499977955314062,0.2088467943929844,0.2911311609210776,0.417712005445914
B,B4,0.5,0.5,2,2,1,0.5,0.091796875,0.4999782953101999,0.2089596656531141,0.2910186296570858,0.4179374737126738
B,B4,0.5,0.5,2,2,1,0.5,0.095703125,0.4999786483804315,0.2090768772255721,0.2909017711548594,0.4181716117334804
B,B4,0.5,0.5,2,2,1,0.5,0.099609375,0.4999790143120805,0.2091983585064998,0.2907806558055807,0.4184142784359363
B,B4,0.5,0.5,2,2,1,0.5,0.103515625,0.4999793928847233,0.2093240363201127,0.2906553565646106,0.4186653276095622
B,B4,0.5,0.5,2,2,1,0.5,0.107421875,0.4999797838703218,0.2094538349627932,0.2905259489075286,0.4189246079939876
B,B4,0.5,0.5,2,2,1,0.5,0.111328125,0.4999801870333611,0.2095876762486949,0.2903925107846662,0.419191963370161
B,B4,0.5,0.5,2,2,1,0.5,0.115234375,0.4999806021309908,0.2097254795568303,0.2902551225741605,0.419467232654526
B,B4,0.5,0.5,2,2,1,0.5,0.119140625,0.4999810289131717,0.2098671618796438,0.2901138670335279,0.4197502499961654
B,B4,0.5,0.5,2,2,1,0.5,0.123046875,0.4999814671228262,0.2100126378729903,0.2899688292498358,0.4200408448767529
B,B4,0.5,0.5,2,2,1,0.5,0.126953125,0.4999819164959929,0.2101618199075815,0.2898200965884115,0.4203388422134379
B,B4,0.5,0.5,2,2,1,0.5,0.130859375,0.4999823767619864,0.2103146181217379,0.2896677586402484,0.4206440624643396
B,B4,0.5,0.5,2,2,1,0.5,0.134765625,0.4999828476435597,0.2104709404755272,0.2895119071680324,0.4209563217368069
B,B4,0.5,0.5,2,2,1,0.5,0.138671875,0.4999833288570713,0.2106306928062045,0.2893526360508668,0.421275431898284
B,B4,0.5,0.5,2,2,1,0.5,0.142578125,0.4999838201126561,0.2107937788849452,0.2891900412277109,0.4216012006897528
B,B4,0.5,0.5,2,2,1,0.5,0.146484375,0.4999843211144002,0.21096010047479,0.2890242206396102,0.4219334318415972
B,B4,0.5,0.5,2,2,1,0.5,0.150390625,0.4999848315605189,0.2111295573898339,0.288855274170685,0.4222719251919514
B,B4,0.5,0.5,2,2,1,0.5,0.154296875,0.4999853511435385,0.2113020475555642,0.2886833035879743,0.4226164768073424
B,B4,0.5,0.5,2,2,1,0.5,0.158203125,0.4999858795504815,0.2114774670703638,0.2885084124801177,0.4229668791056564
B,B4,0.5,0.5,2,2,1,0.5,0.162109375,0.4999864164630556,0.2116557102680695,0.2883307061949862,0.423322920981212
B,B4,0.5,0.5,2,2,1,0.5,0.166015625,0.4999869615578445,0.2118366697816401,0.2881502917762044,0.4236843879320486
B,B4,0.5,0.5,2,2,1,0.5,0.169921875,0.4999875145065036,0.2120202366078421,0.2879672778986615,0.4240510621892424
B,B4,0.5,0.5,2,2,1,0.5,0.173828125,0.4999880749759573,0.2122063001728722,0.2877817748030851,0.4244227228480928
B,B4,0.5,0.5,2,2,1,0.5,0.177734375,0.4999886426285997,0.2123947483990065,0.2875938942295932,0.4247991460013563
B,B4,0.5,0.5,2,2,1,0.5,0.181640625,0.4999892171224981,0.212585467772069,0.2874037493504291,0.4251801048741122
B,B4,0.5,0.5,2,2,1,0.5,0.185546875,0.4999897981115989,0.2127783434098508,0.2872114547017481,0.425565369960525
B,B4,0.5,0.5,2,2,1,0.5,0.189453125,0.499990385245936,0.2129732591312744,0.2870171261146616,0.4259547091620908
B,B4,0.5,0.5,2,2,1,0.5,0.193359375,0.4999909781718415,0.2131700975263967,0.2868208806454448,0.4263478879275546
B,B4,0.5,0.5,2,2,1,0.5,0.197265625,0.499991576532159,0.2133687400271358,0.2866228365050232,0.4267446693942695
B,B4,0.5,0.5,2,2,1,0.5,0.201171875,0.4999921799664588,0.2135690669786678,0.2864231129877911,0.4271448145308887
B,B4,0.5,0.5,2,2,1,0.5,0.205078125,0.4999927881112546,0.2137709577115346,0.28622183039972,0.4275480822814747
B,B4,0.5,0.5,2,2,1,0.5,0.208984375,0.4999934006002226,0.213974290614305,0.2860191099859176,0.4279542297107066
B,B4,0.5,0.5,2,2,1,0.5,0.212890625,0.4999940170644225,0.2141789432068401,0.2858150738575825,0.428363012150291
B,B4,0.5,0.5,2,2,1,0.5,0.216796875,0.4999946371325192,0.2143847922140741,0.2856098449184451,0.4287741833463972
B,B4,0.5,0.5,2,2,1,0.5,0.220703125,0.4999952604310068,0.2145917136402629,0.2854035467907439,0.4291874956080187
B,B4,0.5,0.5,2,2,1,0.5,0.224609375,0.4999958865844338,0.2147995828436723,0.2851963037407615,0.4296026999562111
B,B4,0.5,0.5,2,2,1,0.5,0.228515625,0.4999965152156287,0.2150082746116678,0.2849882406039608,0.4300195462741241
B,B4,0.5,0.5,2,2,1,0.5,0.232421875,0.4999971459459274,0.2152176632361329,0.2847794827097946,0.4304377834576835
B,B4,0.5,0.5,2,2,1,0.5,0.236328125,0.4999977783954018,0.2154276225891906,0.2845701558062112,0.4308571595668749
B,B4,0.5,0.5,2,2,1,0.5,0.240234375,0.4999984121830879,0.2156380261991752,0.2843603859839127,0.4312774219775193
B,B4,0.5,0.5,2,2,1,0.5,0.244140625,0.4999990469272158,0.2158487473268228,0.284150299600393,0.4316983175334805
B,B4,0.5,0.5,2,2,1,0.5,0.248046875,0.4999996822454391,0.2160596590416047,0.2839400232038344,0.4321195926991523
B,B4,0.5,0.5,2,2,1,0.5,0.251953125,0.5000003177550661,0.2162706342981879,0.2837296834568783,0.4325409937121916
B,B4,0.5,0.5,2,2,1,0.5,0.255859375,0.5000009530732894,0.2164815460129702,0.2835194070603192,0.4329622667363969
B,B4,0.5,0.5,2,2,1,0.5,0.259765625,0.5000015878174171,0.2166922671406127,0.2833093206768044,0.4333831580145723
B,B4,0.5,0.5,2,2,1,0.5,0.263671875,0.5000022216051031,0.2169026707506002,0.2830995508545029,0.4338034140214438
B,B4,0.5,0.5,2,2,1,0.5,0.267578125,0.5000028540545775,0.2171126301036579,0.2828902239509196,0.4342227816162808
B,B4,0.5,0.5,2,2,1,0.5,0.271484375,0.5000034847848762,0.2173220187281243,0.2826814660567519,0.4346410081954248
B,B4,0.5,0.5,2,2,1,0.5,0.275390625,0.5000041134160711,0.2175307104961199,0.2824734029199513,0.4350578418444027
B,B4,0.5,0.5,2,2,1,0.5,0.279296875,0.500004739569498,0.2177385796995334,0.2822661598699645,0.4354730314896724
B,B4,0.5,0.5,2,2,1,0.5,0.283203125,0.5000053628679856,0.2179455011257157,0.2820598617422699,0.435886327049774
B,B4,0.5,0.5,2,2,1,0.5,0.287109375,0.5000059829360822,0.2181513501329492,0.2818546328031331,0.4362974795860319
B,B4,0.5,0.5,2,2,1,0.5,0.291015625,0.500006599400282,0.2183560027254871,0.2816505966747949,0.4367062414523882
B,B4,0.5,0.5,2,2,1,0.5,0.294921875,0.5000072118892501,0.2185593356282584,0.2814478762609917,0.4371123664445636
B,B4,0.5,0.5,2,2,1,0.5,0.298828125,0.500007820034046,0.2187612263611221,0.2812465936729239,0.4375156099483133
B,B4,0.5,0.5,2,2,1,0.5,0.302734375,0.5000084234683457,0.2189615533126572,0.2810468701556885,0.4379157290867502
B,B4,0.5,0.5,2,2,1,0.5,0.306640625,0.5000090218286632,0.2191601958133943,0.2808488260152689,0.4383124828665459
B,B4,0.5,0.5,2,2,1,0.5,0.310546875,0.5000096147545688,0.2193570342085198,0.2806525805460491,0.438705632323074
B,B4,0.5,0.5,2,2,1,0.5,0.314453125,0.500010201888906,0.2195519499299419,0.2804582519589641,0.4390949406642761
B,B4,0.5,0.5,2,2,1,0.5,0.318359375,0.5000107828780067,0.2197448255677247,0.280265957310282,0.4394801734132568
B,B4,0.5,0.5,2,2,1,0.5,0.322265625,0.5000113573719052,0.2199355449407885,0.2800758124311166,0.4398610985494114
B,B4,0.5,0.5,2,2,1,0.5,0.326171875,0.5000119250245476,0.2201239931669227,0.2798879318576249,0.4402374866481752
B,B4,0.5,0.5,2,2,1,0.5,0.330078125,0.5000124854940013,0.2203100567319516,0.2797024287620498,0.440609111019078
B,B4,0.5,0.5,2,2,1,0.5,0.333984375,0.5000130384426604,0.220493623558151,0.2795194148845094,0.4409757478422962
B,B4,0.5,0.5,2,2,1,0.5,0.337890625,0.5000135835374494,0.2206745830717238,0.2793390004657256,0.4413371763033234
B,B4,0.5,0.5,2,2,1,0.5,0.341796875,0.5000141204500235,0.2208528262694285,0.279161294180595,0.4416931787259452
B,B4,0.5,0.5,2,2,1,0.5,0.345703125,0.5000146488569667,0.2210282457842244,0.2789864030727423,0.4420435407032473
B,B4,0.5,0.5,2,2,1,0.5,0.349609375,0.5000151684399865,0.2212007359499557,0.2788144324900309,0.4423880512266998
B,B4,0.5,0.5,2,2,1,0.5,0.353515625,0.5000156788861052,0.221370192865,0.2786454860211052,0.4427265028131733
B,B4,0.5,0.5,2,2,1,0.5,0.357421875,0.5000161798878493,0.2215365144548467,0.2784796654330026,0.4430586916298109
B,B4,0.5,0.5,2,2,1,0.5,0.361328125,0.5000166711434341,0.2216996005335858,0.2783170706098482,0.4433844176167266
B,B4,0.5,0.5,2,2,1,0.5,0.365234375,0.5000171523569457,0.2218593528642679,0.2781577994926777,0.4437034846074438
B,B4,0.5,0.5,2,2,1,0.5,0.369140625,0.5000176232385191,0.2220156752180515,0.2780019480204675,0.4440157004469127
B,B4,0.5,0.5,2,2,1,0.5,0.373046875,0.5000180835045125,0.2221684734322074,0.277849610072305,0.4443208771072426
B,B4,0.5,0.5,2,2,1,0.5,0.376953125,0.5000185328776793,0.2223176554668014,0.2777008774108779,0.4446188308007925
B,B4,0.5,0.5,2,2,1,0.5,0.380859375,0.500018971087334,0.222463131460152,0.2775558396271819,0.4449093820908174
B,B4,0.5,0.5,2,2,1,0.5,0.384765625,0.5000193978695148,0.2226048137829607,0.2774145840865541,0.4451923559994601
B,B4,0.5,0.5,2,2,1,0.5,0.388671875,0.5000198129671445,0.2227426170910966,0.2772771958760479,0.4454675821130565
B,B4,0.5,0.5,2,2,1,0.5,0.392578125,0.5000202161301838,0.2228764583770008,0.277143757753183,0.4457348946846848
B,B4,0.5,0.5,2,2,1,0.5,0.396484375,0.5000206071157824,0.2230062570196801,0.2770143500961023,0.4459941327338972
B,B4,0.5,0.5,2,2,1,0.5,0.400390625,0.5000209856884253,0.2231319348332909,0.2768890508551345,0.446245140143637
B,B4,0.5,0.5,2,2,1,0.5,0.404296875,0.5000213516200742,0.2232534161142167,0.2767679355058575,0.446487765754149
B,B4,0.5,0.5,2,2,1,0.5,0.408203125,0.5000217046903058,0.2233706276866811,0.2766510770036247,0.4467218634539641
B,B4,0.5,0.5,2,2,1,0.5,0.412109375,0.5000220446864436,0.2234834989468058,0.2765385457396378,0.4469472922677819
B,B4,0.5,0.5,2,2,1,0.5,0.416015625,0.5000223714036868,0.2235919619051761,0.2764304094985107,0.4471639164413745
B,B4,0.5,0.5,2,2,1,0.5,0.419921875,0.5000226846452331,0.2236959512277481,0.276326733417485,0.4473716055231788
B,B4,0.5,0.5,2,2,1,0.5,0.423828125,0.5000229842223977,0.2237954042752501,0.2762275799471476,0.4475702344428861
B,B4,0.5,0.5,2,2,1,0.5,0.427734375,0.500023269954726,0.2238902611408882,0.2761330088138378,0.447759683586646
B,B4,0.5,0.5,2,2,1,0.5,0.431640625,0.500023541670104,0.2239804646864308,0.2760430769836733,0.4479398388690353
B,B4,0.5,0.5,2,2,1,0.5,0.435546875,0.5000237992048604,0.2240659605766292,0.2759578386282312,0.4481105918017096
B,B4,0.5,0.5,2,2,1,0.5,0.439453125,0.5000240424038658,0.2241466973119637,0.2758773450919021,0.4482718395587106
B,B4,0.5,0.5,2,2,1,0.5,0.443359375,0.5000242711206262,0.2242226262596415,0.2758016448609847,0.4484234850382889
B,B4,0.5,0.5,2,2,1,0.5,0.447265625,0.5000244852173714,0.2242937016828996,0.2757307835344719,0.4485654369213425
B,B4,0.5,0.5,2,2,1,0.5,0.451171875,0.5000246845651373,0.2243598807685661,0.2756648037965712,0.4486976097263837
B,B4,0.5,0.5,2,2,1,0.5,0.455078125,0.5000248690438444,0.2244211236528335,0.2756037453910108,0.4488199238609377
B,B4,0.5,0.5,2,2,1,0.5,0.458984375,0.5000250385423695,0.2244773934452746,0.2755476450970948,0.4489323056694361
B,B4,0.5,0.5,2,2,1,0.5,0.462890625,0.500025192958613,0.2245286562510683,0.2754965367075448,0.4490346874775417
B,B4,0.5,0.5,2,2,1,0.5,0.466796875,0.5000253321995605,0.2245748811914327,0.2754504510081278,0.4491270076328947
B,B4,0.5,0.5,2,2,1,0.5,0.470703125,0.5000254561813384,0.2246160404221774,0.2754094157591611,0.4492092105421098
B,B4,0.5,0.5,2,2,1,0.5,0.474609375,0.5000255648292647,0.2246521091505259,0.2753734556787389,0.449281246704324
B,B4,0.5,0.5,2,2,1,0.5,0.478515625,0.500025658077894,0.2246830656500219,0.2753425924278721,0.4493430727409208
B,B4,0.5,0.5,2,2,1,0.5,0.482421875,0.5000257358710567,0.2247088912736275,0.2753168445974292,0.44939465142165
B,B4,0.5,0.5,2,2,1,0.5,0.486328125,0.5000257981618931,0.2247295704649652,0.2752962276969279,0.4494359516870461
B,B4,0.5,0.5,2,2,1,0.5,0.490234375,0.5000258449128816,0.2247450907676431,0.2752807541452384,0.4494669486670234
B,B4,0.5,0.5,2,2,1,0.5,0.494140625,0.5000258760958612,0.2247554428328232,0.2752704332630381,0.449487623695968
B,B4,0.5,0.5,2,2,1,0.5,0.498046875,0.5000258916920484,0.2247606204248103,0.275265271267238,0.4494979643238833
B,B4,0.5,0.5,2,2,1,0.5,0.501953125,0.5000258916920486,0.22476062042481,0.2752652712672385,0.4494979643238826
B,B4,0.5,0.5,2,2,1,0.5,0.505859375,0.5000258760958618,0.2247554428328245,0.2752704332630374,0.4494876236959701
B,B4,0.5,0.5,2,2,1,0.5,0.509765625,0.5000258449128825,0.2247450907676419,0.2752807541452406,0.4494669486670201
B,B4,0.5,0.5,2,2,1,0.5,0.513671875,0.5000257981618943,0.2247295704649586,0.2752962276969357,0.4494359516870317
B,B4,0.5,0.5,2,2,1,0.5,0.517578125,0.5000257358710581,0.2247088912736289,0.2753168445974293,0.4493946514216513
B,B4,0.5,0.5,2,2,1,0.5,0.521484375,0.5000256580778957,0.224683065650023,0.2753425924278727,0.4493430727409214
B,B4,0.5,0.5,2,2,1,0.5,0.525390625,0.5000255648292666,0.2246521091505263,0.2753734556787404,0.4492812467043232
B,B4,0.5,0.5,2,2,1,0.5,0.529296875,0.5000254561813408,0.2246160404221776,0.2754094157591631,0.4492092105421083
B,B4,0.5,0.5,2,2,1,0.5,0.533203125,0.5000253321995631,0.224574881191434,0.2754504510081291,0.4491270076328949
B,B4,0.5,0.5,2,2,1,0.5,0.537109375,0.5000251929586159,0.2245286562510711,0.2754965367075448,0.4490346874775447
B,B4,0.5,0.5,2,2,1,0.5,0.541015625,0.5000250385423726,0.2244773934452694,0.2755476450971032,0.4489323056694229
B,B4,0.5,0.5,2,2,1,0.5,0.544921875,0.5000248690438477,0.2244211236528328,0.275603745391015,0.4488199238609331
B,B4,0.5,0.5,2,2,1,0.5,0.548828125,0.5000246845651409,0.2243598807685697,0.2756648037965713,0.4486976097263876
B,B4,0.5,0.5,2,2,1,0.5,0.552734375,0.5000244852173754,0.2242937016829011,0.2757307835344743,0.4485654369213419
B,B4,0.5,0.5,2,2,1,0.5,0.556640625,0.5000242711206306,0.22422262625964,0.2758016448609906,0.4484234850382821
B,B4,0.5,0.5,2,2,1,0.5,0.560546875,0.5000240424038704,0.2241466973119628,0.2758773450919076,0.4482718395587048
B,B4,0.5,0.5,2,2,1,0.5,0.564453125,0.5000237992048652,0.2240659605766298,0.2759578386282353,0.4481105918017066
B,B4,0.5,0.5,2,2,1,0.5,0.568359375,0.500023541670109,0.223980464686431,0.276043076983678,0.4479398388690314
B,B4,0.5,0.5,2,2,1,0.5,0.572265625,0.5000232699547312,0.2238902611408909,0.2761330088138403,0.4477596835866468
B,B4,0.5,0.5,2,2,1,0.5,0.576171875,0.5000229842224032,0.2237954042752545,0.2762275799471487,0.44757023444289
B,B4,0.5,0.5,2,2,1,0.5,0.580078125,0.5000226846452391,0.2236959512277521,0.276326733417487,0.4473716055231814
B,B4,0.5,0.5,2,2,1,0.5,0.583984375,0.500022371403693,0.2235919619051738,0.2764304094985192,0.4471639164413643
B,B4,0.5,0.5,2,2,1,0.5,0.587890625,0.5000220446864501,0.2234834989468083,0.2765385457396418,0.4469472922677811
B,B4,0.5,0.5,2,2,1,0.5,0.591796875,0.5000217046903124,0.2233706276866819,0.2766510770036305,0.4467218634539596
B,B4,0.5,0.5,2,2,1,0.5,0.595703125,0.5000213516200811,0.2232534161142187,0.2767679355058624,0.4464877657541469
B,B4,0.5,0.5,2,2,1,0.5,0.599609375,0.5000209856884325,0.2231319348332938,0.2768890508551387,0.4462451401436364
B,B4,0.5,0.5,2,2,1,0.5,0.603515625,0.5000206071157899,0.2230062570196806,0.2770143500961093,0.4459941327338915
B,B4,0.5,0.5,2,2,1,0.5,0.607421875,0.5000202161301915,0.2228764583770016,0.27714375775319,0.4457348946846794
B,B4,0.5,0.5,2,2,1,0.5,0.611328125,0.5000198129671525,0.2227426170910989,0.2772771958760536,0.445467582113054
B,B4,0.5,0.5,2,2,1,0.5,0.615234375,0.5000193978695229,0.2226048137829628,0.2774145840865601,0.4451923559994571
B,B4,0.5,0.5,2,2,1,0.5,0.619140625,0.5000189710873423,0.222463131460154,0.2775558396271883,0.4449093820908138
B,B4,0.5,0.5,2,2,1,0.5,0.623046875,0.5000185328776882,0.2223176554668017,0.2777008774108864,0.4446188308007852
B,B4,0.5,0.5,2,2,1,0.5,0.626953125,0.5000180835045216,0.2221684734322119,0.2778496100723097,0.4443208771072434
B,B4,0.5,0.5,2,2,1,0.5,0.630859375,0.5000176232385285,0.2220156752180572,0.2780019480204713,0.4440157004469157
B,B4,0.5,0.5,2,2,1,0.5,0.634765625,0.5000171523569555,0.2218593528642659,0.2781577994926897,0.4437034846074309
B,B4,0.5,0.5,2,2,1,0.5,0.638671875,0.5000166711434443,0.2216996005335874,0.2783170706098569,0.4433844176167206
B,B4,0.5,0.5,2,2,1,0.5,0.642578125,0.5000161798878597,0.2215365144548495,0.2784796654330103,0.4430586916298072
B,B4,0.5,0.5,2,2,1,0.5,0.646484375,0.500015678886116,0.2213701928650048,0.2786454860211112,0.4427265028131733
B,B4,0.5,0.5,2,2,1,0.5,0.650390625,0.5000151684399976,0.2212007359499613,0.2788144324900363,0.4423880512267013
B,B4,0.5,0.5,2,2,1,0.5,0.654296875,0.5000146488569783,0.2210282457842263,0.278986403072752,0.4420435407032408
B,B4,0.5,0.5,2,2,1,0.5,0.658203125,0.5000141204500355,0.2208528262694303,0.2791612941806052,0.4416931787259381
B,B4,0.5,0.5,2,2,1,0.5,0.662109375,0.5000135835374618,0.2206745830717287,0.2793390004657331,0.4413371763033222
B,B4,0.5,0.5,2,2,1,0.5,0.666015625,0.5000130384426732,0.2204936235581537,0.2795194148845195,0.4409757478422905
B,B4,0.5,0.5,2,2,1,0.5,0.669921875,0.5000124854940144,0.2203100567319543,0.2797024287620601,0.440609111019072
B,B4,0.5,0.5,2,2,1,0.5,0.673828125,0.5000119250245612,0.2201239931669258,0.2798879318576353,0.4402374866481696
B,B4,0.5,0.5,2,2,1,0.5,0.677734375,0.500011357371919,0.2199355449407913,0.2800758124311277,0.4398610985494048
B,B4,0.5,0.5,2,2,1,0.5,0.681640625,0.500010782878021,0.2197448255677293,0.2802659573102917,0.4394801734132535
B,B4,0.5,0.5,2,2,1,0.5,0.685546875,0.5000102018889205,0.2195519499299484,0.2804582519589721,0.4390949406642763
B,B4,0.5,0.5,2,2,1,0.5,0.689453125,0.5000096147545837,0.2193570342085212,0.2806525805460625,0.4387056323230639
B,B4,0.5,0.5,2,2,1,0.5,0.693359375,0.5000090218286786,0.2191601958133967,0.2808488260152819,0.4383124828665371
B,B4,0.5,0.5,2,2,1,0.5,0.697265625,0.5000084234683613,0.2189615533126625,0.2810468701556987,0.4379157290867474
B,B4,0.5,0.5,2,2,1,0.5,0.701171875,0.5000078200340617,0.2187612263611244,0.2812465936729374,0.437515609948304
B,B4,0.5,0.5,2,2,1,0.5,0.705078125,0.5000072118892662,0.2185593356282627,0.2814478762610035,0.4371123664445581
B,B4,0.5,0.5,2,2,1,0.5,0.708984375,0.5000065994002985,0.218356002725494,0.2816505966748045,0.4367062414523876
B,B4,0.5,0.5,2,2,1,0.5,0.712890625,0.5000059829360989,0.2181513501329539,0.2818546328031449,0.4362974795860269
B,B4,0.5,0.5,2,2,1,0.5,0.716796875,0.5000053628680025,0.2179455011257202,0.2820598617422823,0.4358863270497683
B,B4,0.5,0.5,2,2,1,0.5,0.720703125,0.5000047395695151,0.2177385796995341,0.282266159869981,0.4354730314896588
B,B4,0.5,0.5,2,2,1,0.5,0.724609375,0.5000041134160884,0.2175307104961241,0.2824734029199643,0.4350578418443962
B,B4,0.5,0.5,2,2,1,0.5,0.728515625,0.5000034847848939,0.2173220187281283,0.2826814660567655,0.4346410081954175
B,B4,0.5,0.5,2,2,1,0.5,0.732421875,0.5000028540545954,0.2171126301036627,0.2828902239509327,0.4342227816162749
B,B4,0.5,0.5,2,2,1,0.5,0.736328125,0.5000022216051214,0.2169026707506075,0.2830995508545139,0.4338034140214425
B,B4,0.5,0.5,2,2,1,0.5,0.740234375,0.5000015878174356,0.2166922671406189,0.2833093206768167,0.4333831580145686
B,B4,0.5,0.5,2,2,1,0.5,0.744140625,0.5000009530733082,0.2164815460129737,0.2835194070603345,0.4329622667363877
B,B4,0.5,0.5,2,2,1,0.5,0.748046875,0.5000003177550851,0.2162706342981962,0.283729683456889,0.4325409937121917
B,B4,0.5,0.5,2,2,1,0.5,0.751953125,0.4999996822454585,0.2160596590416083,0.2839400232038501,0.4321195926991427
B,B4,0.5,0.5,2,2,1,0.5,0.755859375,0.4999990469272355,0.2158487473268302,0.2841502996004053,0.4316983175334782
B,B4,0.5,0.5,2,2,1,0.5,0.759765625,0.499998412183108,0.2156380261991822,0.2843603859839259,0.4312774219775158
B,B4,0.5,0.5,2,2,1,0.5,0.763671875,0.4999977783954223,0.2154276225891971,0.2845701558062251,0.4308571595668704
B,B4,0.5,0.5,2,2,1,0.5,0.767578125,0.4999971459459481,0.2152176632361408,0.2847794827098074,0.4304377834576815
B,B4,0.5,0.5,2,2,1,0.5,0.771484375,0.4999965152156497,0.2150082746116764,0.2849882406039733,0.4300195462741231
B,B4,0.5,0.5,2,2,1,0.5,0.775390625,0.499995886584455,0.2147995828436784,0.2851963037407766,0.4296026999562052
B,B4,0.5,0.5,2,2,1,0.5,0.779296875,0.4999952604310284,0.2145917136402699,0.2854035467907584,0.4291874956080143
B,B4,0.5,0.5,2,2,1,0.5,0.783203125,0.4999946371325411,0.2143847922140818,0.2856098449184593,0.4287741833463938
B,B4,0.5,0.5,2,2,1,0.5,0.787109375,0.4999940170644448,0.2141789432068474,0.2858150738575974,0.4283630121502867
B,B4,0.5,0.5,2,2,1,0.5,0.791015625,0.4999934006002453,0.2139742906143118,0.2860191099859335,0.4279542297107008
B,B4,0.5,0.5,2,2,1,0.5,0.794921875,0.4999927881112776,0.21377095771154,0.2862218303997375,0.4275480822814659
B,B4,0.5,0.5,2,2,1,0.5,0.798828125,0.4999921799664822,0.2135690669786764,0.2864231129878058,0.427144814530886
B,B4,0.5,0.5,2,2,1,0.5,0.802734375,0.4999915765321827,0.2133687400271429,0.2866228365050398,0.4267446693942635
B,B4,0.5,0.5,2,2,1,0.5,0.806640625,0.4999909781718655,0.2131700975264064,0.2868208806454591,0.4263478879275537
B,B4,0.5,0.5,2,2,1,0.5,0.810546875,0.4999903852459602,0.212973259131281,0.2870171261146792,0.4259547091620834
B,B4,0.5,0.5,2,2,1,0.5,0.814453125,0.4999897981116235,0.2127783434098583,0.2872114547017652,0.4255653699605191
B,B4,0.5,0.5,2,2,1,0.5,0.818359375,0.4999892171225231,0.2125854677720784,0.2874037493504447,0.4251801048741098
B,B4,0.5,0.5,2,2,1,0.5,0.822265625,0.4999886426286251,0.2123947483990146,0.2875938942296105,0.424799146001351
B,B4,0.5,0.5,2,2,1,0.5,0.826171875,0.4999880749759829,0.2122063001728788,0.2877817748031041,0.4244227228480844
B,B4,0.5,0.5,2,2,1,0.5,0.830078125,0.4999875145065297,0.2120202366078494,0.2879672778986803,0.4240510621892349
B,B4,0.5,0.5,2,2,1,0.5,0.833984375,0.4999869615578709,0.2118366697816483,0.2881502917762226,0.4236843879320427
B,B4,0.5,0.5,2,2,1,0.5,0.837890625,0.4999864164630822,0.2116557102680743,0.2883307061950079,0.4233229209811992
B,B4,0.5,0.5,2,2,1,0.5,0.841796875,0.4999858795505085,0.211477467070372,0.2885084124801365,0.4229668791056499
B,B4,0.5,0.5,2,2,1,0.5,0.845703125,0.4999853511435656,0.2113020475555744,0.2886833035879912,0.42261647680734
B,B4,0.5,0.5,2,2,1,0.5,0.849609375,0.4999848315605464,0.2111295573898417,0.2888552741707047,0.422271925191944
B,B4,0.5,0.5,2,2,1,0.5,0.853515625,0.499984321114428,0.2109601004748016,0.2890242206396264,0.4219334318415969
B,B4,0.5,0.5,2,2,1,0.5,0.857421875,0.4999838201126842,0.2107937788849535,0.2891900412277306,0.4216012006897458
B,B4,0.5,0.5,2,2,1,0.5,0.861328125,0.4999833288570996,0.210630692806213,0.2893526360508866,0.4212754318982772
B,B4,0.5,0.5,2,2,1,0.5,0.865234375,0.4999828476435884,0.2104709404755359,0.2895119071680525,0.4209563217368
B,B4,0.5,0.5,2,2,1,0.5,0.869140625,0.4999823767620156,0.2103146181217501,0.2896677586402655,0.4206440624643392
B,B4,0.5,0.5,2,2,1,0.5,0.873046875,0.4999819164960224,0.2101618199075905,0.2898200965884319,0.4203388422134312
B,B4,0.5,0.5,2,2,1,0.5,0.876953125,0.499981467122856,0.2100126378730005,0.2899688292498556,0.420040844876748
B,B4,0.5,0.5,2,2,1,0.5,0.880859375,0.499981028913202,0.2098671618796477,0.2901138670335543,0.4197502499961477
B,B4,0.5,0.5,2,2,1,0.5,0.884765625,0.4999806021310213,0.20972547955684,0.2902551225741813,0.4194672326545197
B,B4,0.5,0.5,2,2,1,0.5,0.888671875,0.4999801870333918,0.2095876762487035,0.2903925107846882,0.4191919633701525
B,B4,0.5,0.5,2,2,1,0.5,0.892578125,0.4999797838703527,0.2094538349628013,0.2905259489075515,0.4189246079939778
B,B4,0.5,0.5,2,2,1,0.5,0.896484375,0.4999793928847543,0.2093240363201229,0.2906553565646315,0.4186653276095565
B,B4,0.5,0.5,2,2,1,0.5,0.900390625,0.4999790143121118,0.2091983585065146,0.2907806558055973,0.4184142784359395
B,B4,0.5,0.5,2,2,1,0.5,0.904296875,0.4999786483804631,0.2090768772255849,0.2909017711548783,0.4181716117334795
B,B4,0.5,0.5,2,2,1,0.5,0.908203125,0.4999782953102319,0.2089596656531237,0.2910186296571082,0.4179374737126662
B,B4,0.5,0.5,2,2,1,0.5,0.912109375,0.4999779553140943,0.2088467943929926,0.2911311609211016,0.4177120054459035
B,B4,0.5,0.5,2,2,1,0.5,0.916015625,0.4999776285968514,0.2087383314346309,0.2912392971622204,0.417495342782514
B,B4,0.5,0.5,2,2,1,0.5,0.919921875,0.4999773153553054,0.208634342112054,0.2913429732432514,0.417287616266729
B,B4,0.5,0.5,2,2,1,0.5,0.923828125,0.4999770157781415,0.2085348890645503,0.2914421267135912,0.4170889510590724
B,B4,0.5,0.5,2,2,1,0.5,0.927734375,0.4999767300458134,0.2084400321989155,0.291536697846898,0.4168994668608194
B,B4,0.5,0.5,2,2,1,0.5,0.931640625,0.4999764583304358,0.2083498286533744,0.2916266296770614,0.4167192778418288
B,B4,0.5,0.5,2,2,1,0.5,0.935546875,0.4999762007956798,0.208264332763173,0.2917118680325068,0.4165484925717139
B,B4,0.5,0.5,2,2,1,0.5,0.939453125,0.4999759575966746,0.208183596027839,0.2917923615688356,0.4163872139543529
B,B4,0.5,0.5,2,2,1,0.5,0.943359375,0.4999757288799144,0.2081076670801612,0.2918680617997532,0.4162355391658323
B,B4,0.5,0.5,2,2,1,0.5,0.947265625,0.4999755147831695,0.2080365916569052,0.2919389231262643,0.4160935595958674
B,B4,0.5,0.5,2,2,1,0.5,0.951171875,0.499975315435404,0.2079704125712395,0.2920049028641645,0.4159613607926389
B,B4,0.5,0.5,2,2,1,0.5,0.955078125,0.4999751309566973,0.20790916968697,0.2920659612697273,0.4158390224112506
B,B4,0.5,0.5,2,2,1,0.5,0.958984375,0.4999749614581726,0.2078528998945292,0.2921220615636434,0.4157266181656938
B,B4,0.5,0.5,2,2,1,0.5,0.962890625,0.4999748070419294,0.2078016370887306,0.2921731699531988,0.4156242157843441
B,B4,0.5,0.5,2,2,1,0.5,0.966796875,0.4999746678009822,0.2077554121483706,0.2922192556526115,0.4155318769691526
B,B4,0.5,0.5,2,2,1,0.5,0.970703125,0.4999745438192046,0.2077142529176255,0.2922602909015791,0.4154496573584293
B,B4,0.5,0.5,2,2,1,0.5,0.974609375,0.4999744351712787,0.2076781841892794,0.2922962509819993,0.4153776064932881
B,B4,0.5,0.5,2,2,1,0.5,0.978515625,0.4999743419226499,0.2076472276897855,0.2923271142328644,0.4153157677877603
B,B4,0.5,0.5,2,2,1,0.5,0.982421875,0.4999742641294875,0.2076214020661746,0.292352862063313,0.4152641785026019
B,B4,0.5,0.5,2,2,1,0.5,0.986328125,0.4999742018386515,0.2076007228748412,0.2923734789638103,0.4152228697228598
B,B4,0.5,0.5,2,2,1,0.5,0.990234375,0.4999741550876633,0.2075852025721633,0.2923889525155,0.4151918663391034
B,B4,0.5,0.5,2,2,1,0.5,0.994140625,0.4999741239046842,0.2075748505069794,0.2923992733977048,0.4151711870323749
B,B4,0.5,0.5,2,2,1,0.5,0.998046875,0.4999741083084974,0.2075696729149964,0.292404435393501,0.415160844263
B,B4,0.5,0.5,2,2,1,1,0.001953125,0.4999999986596465,0.2442570592892508,0.2557429393703957,0.4885141198880648
B,B4,0.5,0.5,2,2,1,1,0.005859375,0.499999998660454,0.2442577602904589,0.2557422383699951,0.4885155218896958
B,B4,0.5,0.5,2,2,1,1,0.009765625,0.4999999986620686,0.2442591618681807,0.2557408367938879,0.4885183250435694
B,B4,0.5,0.5,2,2,1,1,0.013671875,0.4999999986644896,0.2442612631805937,0.2557387354838959,0.4885225276660412
B,B4,0.5,0.5,2,2,1,1,0.017578125,0.4999999986677153,0.2442640629603249,0.2557359357073904,0.4885281272223668
B,B4,0.5,0.5,2,2,1,1,0.021484375,0.4999999986717439,0.2442675595233224,0.2557324391484216,0.4885351203444442
B,B4,0.5,0.5,2,2,1,1,0.025390625,0.4999999986765729,0.2442717507601435,0.2557282479164293,0.4885435028133905
B,B4,0.5,0.5,2,2,1,1,0.029296875,0.4999999986821992,0.2442766341485786,0.2557233645336207,0.4885532695847889
B,B4,0.5,0.5,2,2,1,1,0.033203125,0.49999999868862,0.2442822067470573,0.2557177919415626,0.4885644147755019
B,B4,0.5,0.5,2,2,1,1,0.037109375,0.4999999986958308,0.2442884651972297,0.255711533498601,0.4885769316688335
B,B4,0.5,0.5,2,2,1,1,0.041015625,0.4999999987038274,0.2442954057300565,0.2557045929737709,0.488590812726709
B,B4,0.5,0.5,2,2,1,1,0.044921875,0.4999999987126054,0.2443030241648113,0.2556969745477941,0.4886060495876802
B,B4,0.5,0.5,2,2,1,1,0.048828125,0.4999999987221591,0.2443113159124345,0.2556886828097247,0.4886226330736329
B,B4,0.5,0.5,2,2,1,1,0.052734375,0.4999999987324828,0.2443202759783024,0.2556797227541804,0.4886405531953255
B,B4,0.5,0.5,2,2,1,1,0.056640625,0.4999999987435704,0.2443298989651872,0.2556700997783832,0.4886597991583077
B,B4,0.5,0.5,2,2,1,1,0.060546875,0.4999999987554151,0.2443401790765793,0.2556598196788358,0.4886803593695669
B,B4,0.5,0.5,2,2,1,1,0.064453125,0.4999999987680097,0.2443511101201064,0.2556488886479034,0.4887022214443655
B,B4,0.5,0.5,2,2,1,1,0.068359375,0.4999999987813469,0.2443626855113288,0.2556373132700182,0.4887253722138309
B,B4,0.5,0.5,2,2,1,1,0.072265625,0.4999999987954186,0.2443748982776579,0.2556251005177607,0.4887497977327936
B,B4,0.5,0.5,2,2,1,1,0.076171875,0.499999998810216,0.244387741062583,0.255612257747633,0.4887754832882405
B,B4,0.5,0.5,2,2,1,1,0.080078125,0.4999999988257305,0.2444012061300877,0.2555987926956428,0.4888024134081469
B,B4,0.5,0.5,2,2,1,1,0.083984375,0.4999999988419526,0.244415285369322,0.2555847134726306,0.4888305718708219
B,B4,0.5,0.5,2,2,1,1,0.087890625,0.4999999988588724,0.2444299702994759,0.2555700285593965,0.488859941714655
B,B4,0.5,0.5,2,2,1,1,0.091796875,0.4999999988764799,0.2444452520748986,0.2555547468015814,0.4888905052483538
B,B4,0.5,0.5,2,2,1,1,0.095703125,0.4999999988947646,0.2444611214904165,0.2555388774043481,0.4889222440615812
B,B4,0.5,0.5,2,2,1,1,0.099609375,0.4999999989137153,0.244477568986894,0.2555224299268213,0.488955139036077
B,B4,0.5,0.5,2,2,1,1,0.103515625,0.4999999989333206,0.2444945846569672,0.2555054142763534,0.4889891703571237
B,B4,0.5,0.5,2,2,1,1,0.107421875,0.4999999989535688,0.2445121582510356,0.2554878407025332,0.4890243175255319
B,B4,0.5,0.5,2,2,1,1,0.111328125,0.4999999989744476,0.2445302791834236,0.2554697197910241,0.4890605593699616
B,B4,0.5,0.5,2,2,1,1,0.115234375,0.4999999989959445,0.2445489365387623,0.2554510624571822,0.4890978740596875
B,B4,0.5,0.5,2,2,1,1,0.119140625,0.4999999990180466,0.2445681190785492,0.2554318799394974,0.4891362391177164
B,B4,0.5,0.5,2,2,1,1,0.123046875,0.4999999990407404,0.244587815247948,0.2554121837927924,0.4891756314343889
B,B4,0.5,0.5,2,2,1,1,0.126953125,0.4999999990640122,0.2446080131827224,0.2553919858812899,0.4892160272812451
B,B4,0.5,0.5,2,2,1,1,0.130859375,0.4999999990878482,0.2446287007163845,0.2553712983714637,0.4892574023253231
B,B4,0.5,0.5,2,2,1,1,0.134765625,0.499999999112234,0.2446498653875464,0.2553501337246876,0.4892997316438601
B,B4,0.5,0.5,2,2,1,1,0.138671875,0.4999999991371549,0.2446714944473999,0.255328504689755,0.4893429897392543
B,B4,0.5,0.5,2,2,1,1,0.142578125,0.499999999162596,0.244693574867401,0.255306424295195,0.4893871505544314
B,B4,0.5,0.5,2,2,1,1,0.146484375,0.4999999991885415,0.2447160933471346,0.2552839058414069,0.489432187488577
B,B4,0.5,0.5,2,2,1,1,0.150390625,0.4999999992149763,0.2447390363223124,0.2552609628926639,0.4894780734131285
B,B4,0.5,0.5,2,2,1,1,0.154296875,0.4999999992418842,0.2447623899729431,0.2552376092689411,0.4895247806881192
B,B4,0.5,0.5,2,2,1,1,0.158203125,0.499999999269249,0.2447861402316629,0.2552138590375862,0.4895722811788366
B,B4,0.5,0.5,2,2,1,1,0.162109375,0.4999999992970544,0.2448102727921989,0.2551897265048555,0.489620546272751
B,B4,0.5,0.5,2,2,1,1,0.166015625,0.4999999993252835,0.2448347731180028,0.2551652262072807,0.4896695468967819
B,B4,0.5,0.5,2,2,1,1,0.169921875,0.4999999993539194,0.244859626450992,0.2551403729029273,0.4897192535347803
B,B4,0.5,0.5,2,2,1,1,0.173828125,0.4999999993829448,0.2448848178204487,0.2551151815624961,0.4897696362453272
B,B4,0.5,0.5,2,2,1,1,0.177734375,0.4999999994123421,0.2449103320520394,0.2550896673603026,0.4898206646797729
B,B4,0.5,0.5,2,2,1,1,0.181640625,0.4999999994420937,0.2449361537769375,0.2550638456651562,0.4898723081004808
B,B4,0.5,0.5,2,2,1,1,0.185546875,0.4999999994721815,0.2449622674411027,0.2550377320310788,0.4899245353993879
B,B4,0.5,0.5,2,2,1,1,0.189453125,0.4999999995025877,0.2449886573146424,0.2550113421879453,0.4899773151167263
B,B4,0.5,0.5,2,2,1,1,0.193359375,0.4999999995332939,0.2450153075012818,0.2549846920320121,0.4900306154599641
B,B4,0.5,0.5,2,2,1,1,0.197265625,0.4999999995642814,0.2450422019479465,0.2549577976163349,0.4900844043229708
B,B4,0.5,0.5,2,2,1,1,0.201171875,0.4999999995955318,0.2450693244544307,0.2549306751411011,0.4901386493053523
B,B4,0.5,0.5,2,2,1,1,0.205078125,0.4999999996270261,0.2450966586831442,0.2549033409438818,0.4901933177319471
B,B4,0.5,0.5,2,2,1,1,0.208984375,0.4999999996587453,0.2451241881689709,0.2548758114897743,0.490248376672541
B,B4,0.5,0.5,2,2,1,1,0.212890625,0.4999999996906704,0.2451518963291807,0.2548481033614897,0.4903037929616924
B,B4,0.5,0.5,2,2,1,1,0.216796875,0.4999999997227823,0.2451797664734144,0.2548202332493679,0.4903595332187015
B,B4,0.5,0.5,2,2,1,1,0.220703125,0.4999999997550615,0.2452077818137365,0.2547922179413249,0.4904155638677164
B,B4,0.5,0.5,2,2,1,1,0.224609375,0.4999999997874884,0.2452359254747555,0.2547640743127329,0.4904718511579729
B,B4,0.5,0.5,2,2,1,1,0.228515625,0.4999999998200437,0.2452641805037791,0.2547358193162646,0.4905283611841056
B,B4,0.5,0.5,2,2,1,1,0.232421875,0.4999999998527076,0.2452925298810405,0.2547074699716672,0.4905850599065998
B,B4,0.5,0.5,2,2,1,1,0.236328125,0.4999999998854606,0.2453209565299257,0.2546790433555349,0.4906419131722471
B,B4,0.5,0.5,2,2,1,1,0.240234375,0.499999999918283,0.2453494433272973,0.2546505565909857,0.4906988867347916
B,B4,0.5,0.5,2,2,1,1,0.244140625,0.4999999999511548,0.2453779731137656,0.2546220268373893,0.4907559462754732
B,B4,0.5,0.5,2,2,1,1,0.248046875,0.4999999999840564,0.2454065287040405,0.2545934712800159,0.4908130574237317
B,B4,0.5,0.5,2,2,1,1,0.251953125,0.5000000000169679,0.2454350928973309,0.254564907119637,0.4908701857780037
B,B4,0.5,0.5,2,2,1,1,0.255859375,0.5000000000498696,0.245463648487619,0.2545363515622505,0.4909272969262734
B,B4,0.5,0.5,2,2,1,1,0.259765625,0.5000000000827414,0.2454921782740832,0.2545078218086582,0.4909843564669169
B,B4,0.5,0.5,2,2,1,1,0.263671875,0.5000000001155637,0.2455206650714513,0.2544793350441124,0.4910413300294095
B,B4,0.5,0.5,2,2,1,1,0.267578125,0.5000000001483167,0.2455490917203386,0.254450908427978,0.4910981832950012
B,B4,0.5,0.5,2,2,1,1,0.271484375,0.5000000001809806,0.245577441097599,0.2544225590833815,0.4911548820174191
B,B4,0.5,0.5,2,2,1,1,0.275390625,0.5000000002135357,0.2456056961266199,0.2543943040869158,0.4912113920434575
B,B4,0.5,0.5,2,2,1,1,0.279296875,0.5000000002459627,0.2456338397876422,0.2543661604583205,0.4912676793336174
B,B4,0.5,0.5,2,2,1,1,0.283203125,0.5000000002782418,0.245661855127962,0.2543381451502797,0.4913237099825104
B,B4,0.5,0.5,2,2,1,1,0.287109375,0.5000000003103535,0.2456897252721963,0.2543102750381572,0.4913794502393899
B,B4,0.5,0.5,2,2,1,1,0.291015625,0.5000000003422786,0.2457174334324069,0.2542825669098718,0.4914348665283984
B,B4,0.5,0.5,2,2,1,1,0.294921875,0.5000000003739979,0.2457449629182369,0.2542550374557611,0.4914899254688413
B,B4,0.5,0.5,2,2,1,1,0.298828125,0.5000000004054923,0.2457722971469486,0.2542277032585437,0.4915445938952622
B,B4,0.5,0.5,2,2,1,1,0.302734375,0.5000000004367426,0.2457994196534294,0.2542005807833132,0.4915988388774545
B,B4,0.5,0.5,2,2,1,1,0.306640625,0.5000000004677304,0.2458263141000962,0.2541736863676342,0.4916526277402706
B,B4,0.5,0.5,2,2,1,1,0.310546875,0.5000000004984366,0.2458529642867369,0.2541470362116998,0.4917059280833053
B,B4,0.5,0.5,2,2,1,1,0.314453125,0.5000000005288429,0.2458793541602759,0.2541206463685669,0.4917587078004257
B,B4,0.5,0.5,2,2,1,1,0.318359375,0.5000000005589308,0.2459054678244443,0.2540945327344866,0.4918109350991119
B,B4,0.5,0.5,2,2,1,1,0.322265625,0.5000000005886824,0.2459312895493431,0.2540687110393393,0.4918625785195845
B,B4,0.5,0.5,2,2,1,1,0.326171875,0.5000000006180797,0.2459568037809285,0.2540431968371512,0.4919136069537735
B,B4,0.5,0.5,2,2,1,1,0.330078125,0.5000000006471048,0.2459819951503865,0.2540180054967183,0.4919639896640685
B,B4,0.5,0.5,2,2,1,1,0.333984375,0.5000000006757406,0.2460068484833773,0.2539931521923633,0.4920136963018073
B,B4,0.5,0.5,2,2,1,1,0.337890625,0.5000000007039698,0.2460313488091801,0.2539686518947897,0.4920626969255657
B,B4,0.5,0.5,2,2,1,1,0.341796875,0.5000000007317751,0.2460554813697166,0.2539445193620584,0.4921109620192042
B,B4,0.5,0.5,2,2,1,1,0.345703125,0.50000000075914,0.2460792316284362,0.2539207691307038,0.4921584625096381
B,B4,0.5,0.5,2,2,1,1,0.349609375,0.5000000007860479,0.2461025852790653,0.2538974155069826,0.4922051697843369
B,B4,0.5,0.5,2,2,1,1,0.353515625,0.5000000008124826,0.2461255282542411,0.2538744725582416,0.4922510557085912
B,B4,0.5,0.5,2,2,1,1,0.357421875,0.5000000008384283,0.2461480467339787,0.2538519541044496,0.4922960926424474
B,B4,0.5,0.5,2,2,1,1,0.361328125,0.5000000008638693,0.2461701271539847,0.2538298737098846,0.4923402534573342
B,B4,0.5,0.5,2,2,1,1,0.365234375,0.5000000008887902,0.2461917562138334,0.2538082446749567,0.4923835115524156
B,B4,0.5,0.5,2,2,1,1,0.369140625,0.5000000009131759,0.2462129208849932,0.2537870800281827,0.4924258408706436
B,B4,0.5,0.5,2,2,1,1,0.373046875,0.5000000009370119,0.2462336084186575,0.2537663925183544,0.4924672159144198
B,B4,0.5,0.5,2,2,1,1,0.376953125,0.5000000009602839,0.2462538063534302,0.2537461946068537,0.4925076117609661
B,B4,0.5,0.5,2,2,1,1,0.380859375,0.5000000009829777,0.2462735025228305,0.2537264984601472,0.4925470040773356
B,B4,0.5,0.5,2,2,1,1,0.384765625,0.5000000010050797,0.2462926850626199,0.2537073159424598,0.4925853691350648
B,B4,0.5,0.5,2,2,1,1,0.388671875,0.5000000010265766,0.2463113424179511,0.2536886586086254,0.4926226838244724
B,B4,0.5,0.5,2,2,1,1,0.392578125,0.5000000010474553,0.2463294633503423,0.2536705376971131,0.4926589256686081
B,B4,0.5,0.5,2,2,1,1,0.396484375,0.5000000010677035,0.2463470369444108,0.2536529641232926,0.4926940728367193
B,B4,0.5,0.5,2,2,1,1,0.400390625,0.5000000010873089,0.2463640526144865,0.2536359484728224,0.4927281041574776
B,B4,0.5,0.5,2,2,1,1,0.404296875,0.5000000011062598,0.2463805001109606,0.2536195009952992,0.4927609991316779
B,B4,0.5,0.5,2,2,1,1,0.408203125,0.5000000011245446,0.2463963695264841,0.2536036315980604,0.4927927379446334
B,B4,0.5,0.5,2,2,1,1,0.412109375,0.5000000011421522,0.246411651301905,0.2535883498402471,0.4928233014780516
B,B4,0.5,0.5,2,2,1,1,0.416015625,0.5000000011590719,0.2464263362320599,0.2535736649270121,0.4928526713216164
B,B4,0.5,0.5,2,2,1,1,0.419921875,0.5000000011752939,0.2464404154712921,0.2535595857040017,0.4928808297840246
B,B4,0.5,0.5,2,2,1,1,0.423828125,0.5000000011908083,0.2464538805387966,0.2535461206520117,0.4929077599036759
B,B4,0.5,0.5,2,2,1,1,0.427734375,0.5000000012056057,0.2464667233237225,0.2535332778818832,0.4929334454588783
B,B4,0.5,0.5,2,2,1,1,0.431640625,0.5000000012196774,0.2464789360900524,0.253521065129625,0.4929578709776057
B,B4,0.5,0.5,2,2,1,1,0.435546875,0.5000000012330146,0.2464905114812713,0.2535094897517433,0.4929810217468369
B,B4,0.5,0.5,2,2,1,1,0.439453125,0.5000000012456094,0.2465014425247991,0.2534985587208103,0.49300288382142
B,B4,0.5,0.5,2,2,1,1,0.443359375,0.5000000012574543,0.2465117226361896,0.2534882786212647,0.4930234440324703
B,B4,0.5,0.5,2,2,1,1,0.447265625,0.5000000012685419,0.2465213456230752,0.2534786556454668,0.4930426899952597
B,B4,0.5,0.5,2,2,1,1,0.451171875,0.5000000012788658,0.246530305688939,0.2534696955899267,0.4930606101167614
B,B4,0.5,0.5,2,2,1,1,0.455078125,0.5000000012884195,0.2465385974365711,0.2534614038518483,0.4930771936025617
B,B4,0.5,0.5,2,2,1,1,0.458984375,0.5000000012971976,0.2465462158713243,0.2534537854258733,0.493092430463372
B,B4,0.5,0.5,2,2,1,1,0.462890625,0.5000000013051945,0.2465531564041467,0.2534468449010477,0.4931063115210942
B,B4,0.5,0.5,2,2,1,1,0.466796875,0.5000000013124055,0.2465594148543211,0.2534405864580844,0.4931188284142985
B,B4,0.5,0.5,2,2,1,1,0.470703125,0.5000000013188264,0.2465649874519885,0.2534350138668379,0.4931299736032714
B,B4,0.5,0.5,2,2,1,1,0.474609375,0.5000000013244532,0.2465698708404253,0.2534301304840278,0.4931397403745696
B,B4,0.5,0.5,2,2,1,1,0.478515625,0.5000000013292824,0.2465740620780557,0.2534259392512267,0.4931481228450452
B,B4,0.5,0.5,2,2,1,1,0.482421875,0.5000000013333112,0.2465775586402461,0.2534224426930651,0.4931551159654337
B,B4,0.5,0.5,2,2,1,1,0.486328125,0.5000000013365372,0.2465803584207871,0.2534196429157501,0.4931607155233189
B,B4,0.5,0.5,2,2,1,1,0.490234375,0.5000000013389585,0.2465824597331994,0.2534175416057591,0.493164918145744
B,B4,0.5,0.5,2,2,1,1,0.494140625,0.5000000013405735,0.2465838613117335,0.25341614002884,0.4931677213012119
B,B4,0.5,0.5,2,2,1,1,0.498046875,0.5000000013413813,0.2465845623121284,0.253415439029253,0.4931691233012011
B,B4,0.5,0.5,2,2,1,1,0.501953125,0.5000000013413815,0.2465845623121282,0.2534154390292532,0.4931691233012006
B,B4,0.5,0.5,2,2,1,1,0.505859375,0.5000000013405739,0.2465838613117333,0.2534161400288406,0.4931677213012111
B,B4,0.5,0.5,2,2,1,1,0.509765625,0.5000000013389592,0.2465824597331989,0.2534175416057602,0.4931649181457424
B,B4,0.5,0.5,2,2,1,1,0.513671875,0.5000000013365383,0.2465803584207881,0.2534196429157503,0.4931607155233197
B,B4,0.5,0.5,2,2,1,1,0.517578125,0.5000000013333126,0.2465775586402449,0.2534224426930677,0.4931551159654299
B,B4,0.5,0.5,2,2,1,1,0.521484375,0.5000000013292841,0.2465740620780591,0.253425939251225,0.4931481228450503
B,B4,0.5,0.5,2,2,1,1,0.525390625,0.5000000013244552,0.2465698708404254,0.2534301304840298,0.4931397403745678
B,B4,0.5,0.5,2,2,1,1,0.529296875,0.5000000013188288,0.2465649874519899,0.2534350138668389,0.4931299736032718
B,B4,0.5,0.5,2,2,1,1,0.533203125,0.5000000013124083,0.2465594148543215,0.2534405864580868,0.4931188284142966
B,B4,0.5,0.5,2,2,1,1,0.537109375,0.5000000013051975,0.2465531564041485,0.253446844901049,0.4931063115210947
B,B4,0.5,0.5,2,2,1,1,0.541015625,0.5000000012972008,0.2465462158713254,0.2534537854258754,0.4930924304633711
B,B4,0.5,0.5,2,2,1,1,0.544921875,0.5000000012884231,0.2465385974365722,0.253461403851851,0.4930771936025602
B,B4,0.5,0.5,2,2,1,1,0.548828125,0.5000000012788697,0.2465303056889443,0.2534696955899254,0.493060610116768
B,B4,0.5,0.5,2,2,1,1,0.552734375,0.5000000012685462,0.2465213456230785,0.2534786556454677,0.4930426899952621
B,B4,0.5,0.5,2,2,1,1,0.556640625,0.5000000012574589,0.246511722636189,0.2534882786212699,0.4930234440324646
B,B4,0.5,0.5,2,2,1,1,0.560546875,0.5000000012456143,0.2465014425248022,0.2534985587208121,0.4930028838214216
B,B4,0.5,0.5,2,2,1,1,0.564453125,0.5000000012330197,0.2464905114812727,0.253509489751747,0.4929810217468348
B,B4,0.5,0.5,2,2,1,1,0.568359375,0.5000000012196828,0.2464789360900546,0.2535210651296282,0.4929578709776047
B,B4,0.5,0.5,2,2,1,1,0.572265625,0.5000000012056117,0.2464667233237246,0.2535332778818872,0.4929334454588765
B,B4,0.5,0.5,2,2,1,1,0.576171875,0.5000000011908147,0.2464538805387999,0.2535461206520148,0.4929077599036761
B,B4,0.5,0.5,2,2,1,1,0.580078125,0.5000000011753005,0.2464404154712952,0.2535595857040053,0.4928808297840243
B,B4,0.5,0.5,2,2,1,1,0.583984375,0.5000000011590788,0.246426336232062,0.2535736649270168,0.4928526713216139
B,B4,0.5,0.5,2,2,1,1,0.587890625,0.5000000011421593,0.2464116513019084,0.2535883498402508,0.4928233014780515
B,B4,0.5,0.5,2,2,1,1,0.591796875,0.500000001124552,0.2463963695264865,0.2536036315980655,0.4927927379446309
B,B4,0.5,0.5,2,2,1,1,0.595703125,0.5000000011062677,0.2463805001109662,0.2536195009953016,0.4927609991316811
B,B4,0.5,0.5,2,2,1,1,0.599609375,0.5000000010873173,0.2463640526144922,0.2536359484728251,0.4927281041574808
B,B4,0.5,0.5,2,2,1,1,0.603515625,0.5000000010677124,0.2463470369444138,0.2536529641232985,0.4926940728367166
B,B4,0.5,0.5,2,2,1,1,0.607421875,0.5000000010474644,0.2463294633503456,0.2536705376971188,0.4926589256686058
B,B4,0.5,0.5,2,2,1,1,0.611328125,0.5000000010265859,0.2463113424179564,0.2536886586086295,0.4926226838244738
B,B4,0.5,0.5,2,2,1,1,0.615234375,0.5000000010050893,0.2462926850626238,0.2537073159424655,0.4925853691350631
B,B4,0.5,0.5,2,2,1,1,0.619140625,0.5000000009829876,0.2462735025228349,0.2537264984601527,0.4925470040773346
B,B4,0.5,0.5,2,2,1,1,0.623046875,0.5000000009602942,0.2462538063534349,0.2537461946068593,0.4925076117609654
B,B4,0.5,0.5,2,2,1,1,0.626953125,0.5000000009370227,0.2462336084186641,0.2537663925183586,0.4924672159144223
B,B4,0.5,0.5,2,2,1,1,0.630859375,0.5000000009131869,0.2462129208849974,0.2537870800281894,0.4924258408706413
B,B4,0.5,0.5,2,2,1,1,0.634765625,0.5000000008888015,0.2461917562138382,0.2538082446749633,0.4923835115524139
B,B4,0.5,0.5,2,2,1,1,0.638671875,0.5000000008638811,0.246170127153986,0.2538298737098951,0.4923402534573251
B,B4,0.5,0.5,2,2,1,1,0.642578125,0.5000000008384405,0.2461480467339832,0.2538519541044573,0.4922960926424444
B,B4,0.5,0.5,2,2,1,1,0.646484375,0.5000000008124952,0.246125528254248,0.2538744725582471,0.4922510557085929
B,B4,0.5,0.5,2,2,1,1,0.650390625,0.5000000007860608,0.2461025852790716,0.2538974155069892,0.4922051697843369
B,B4,0.5,0.5,2,2,1,1,0.654296875,0.5000000007591532,0.2460792316284411,0.253920769130712,0.492158462509635
B,B4,0.5,0.5,2,2,1,1,0.658203125,0.5000000007317886,0.2460554813697232,0.2539445193620654,0.492110962019204
B,B4,0.5,0.5,2,2,1,1,0.662109375,0.5000000007039835,0.2460313488091867,0.2539686518947968,0.4920626969255653
B,B4,0.5,0.5,2,2,1,1,0.666015625,0.5000000006757549,0.2460068484833837,0.2539931521923712,0.4920136963018061
B,B4,0.5,0.5,2,2,1,1,0.669921875,0.5000000006471195,0.2459819951503929,0.2540180054967266,0.4919639896640668
B,B4,0.5,0.5,2,2,1,1,0.673828125,0.5000000006180945,0.2459568037809346,0.2540431968371599,0.491913606953771
B,B4,0.5,0.5,2,2,1,1,0.677734375,0.5000000005886975,0.2459312895493478,0.2540687110393497,0.491862578519579
B,B4,0.5,0.5,2,2,1,1,0.681640625,0.5000000005589463,0.2459054678244532,0.2540945327344932,0.4918109350991145
B,B4,0.5,0.5,2,2,1,1,0.685546875,0.5000000005288586,0.2458793541602872,0.2541206463685714,0.4917587078004328
B,B4,0.5,0.5,2,2,1,1,0.689453125,0.5000000004984527,0.245852964286745,0.2541470362117078,0.4917059280833057
B,B4,0.5,0.5,2,2,1,1,0.693359375,0.500000000467747,0.2458263141001012,0.2541736863676457,0.4916526277402644
B,B4,0.5,0.5,2,2,1,1,0.697265625,0.5000000004367597,0.2457994196534392,0.2542005807833205,0.4915988388774573
B,B4,0.5,0.5,2,2,1,1,0.701171875,0.5000000004055097,0.2457722971469561,0.2542277032585537,0.4915445938952599
B,B4,0.5,0.5,2,2,1,1,0.705078125,0.5000000003740157,0.245744962918246,0.2542550374557697,0.4914899254688421
B,B4,0.5,0.5,2,2,1,1,0.708984375,0.5000000003422966,0.2457174334324143,0.2542825669098823,0.4914348665283956
B,B4,0.5,0.5,2,2,1,1,0.712890625,0.500000000310372,0.2456897252722035,0.2543102750381684,0.4913794502393863
B,B4,0.5,0.5,2,2,1,1,0.716796875,0.5000000002782604,0.2456618551279699,0.2543381451502905,0.4913237099825079
B,B4,0.5,0.5,2,2,1,1,0.720703125,0.5000000002459816,0.2456338397876493,0.2543661604583323,0.491267679333613
B,B4,0.5,0.5,2,2,1,1,0.724609375,0.500000000213555,0.2456056961266302,0.2543943040869248,0.4912113920434591
B,B4,0.5,0.5,2,2,1,1,0.728515625,0.5000000001810001,0.245577441097609,0.2544225590833911,0.4911548820174198
B,B4,0.5,0.5,2,2,1,1,0.732421875,0.5000000001483366,0.2455490917203471,0.2544509084279895,0.4910981832949986
B,B4,0.5,0.5,2,2,1,1,0.736328125,0.5000000001155838,0.2455206650714594,0.2544793350441243,0.4910413300294061
B,B4,0.5,0.5,2,2,1,1,0.740234375,0.5000000000827618,0.2454921782740923,0.2545078218086695,0.4909843564669151
B,B4,0.5,0.5,2,2,1,1,0.744140625,0.5000000000498903,0.2454636484876252,0.2545363515622651,0.4909272969262654
B,B4,0.5,0.5,2,2,1,1,0.748046875,0.5000000000169893,0.2454350928973491,0.2545649071196402,0.4908701857780191
B,B4,0.5,0.5,2,2,1,1,0.751953125,0.4999999999840781,0.245406528704054,0.2545934712800241,0.4908130574237373
B,B4,0.5,0.5,2,2,1,1,0.755859375,0.4999999999511768,0.245377973113772,0.2546220268374049,0.4907559462754645
B,B4,0.5,0.5,2,2,1,1,0.759765625,0.4999999999183052,0.245349443327307,0.2546505565909981,0.4906988867347892
B,B4,0.5,0.5,2,2,1,1,0.763671875,0.4999999998854832,0.2453209565299357,0.2546790433555475,0.4906419131722448
B,B4,0.5,0.5,2,2,1,1,0.767578125,0.4999999998527305,0.2452925298810497,0.2547074699716808,0.4905850599065959
B,B4,0.5,0.5,2,2,1,1,0.771484375,0.4999999998200668,0.2452641805037915,0.2547358193162753,0.4905283611841076
B,B4,0.5,0.5,2,2,1,1,0.775390625,0.499999999787512,0.2452359254747675,0.2547640743127445,0.4904718511579737
B,B4,0.5,0.5,2,2,1,1,0.779296875,0.4999999997550854,0.2452077818137482,0.2547922179413371,0.4904155638677163
B,B4,0.5,0.5,2,2,1,1,0.783203125,0.4999999997228066,0.2451797664734252,0.2548202332493814,0.4903595332186992
B,B4,0.5,0.5,2,2,1,1,0.787109375,0.4999999996906953,0.2451518963291934,0.2548481033615019,0.4903037929616934
B,B4,0.5,0.5,2,2,1,1,0.791015625,0.4999999996587705,0.2451241881689834,0.254875811489787,0.4902483766725413
B,B4,0.5,0.5,2,2,1,1,0.794921875,0.4999999996270516,0.2450966586831549,0.2549033409438967,0.4901933177319435
B,B4,0.5,0.5,2,2,1,1,0.798828125,0.4999999995955576,0.245069324454443,0.2549306751411147,0.4901386493053517
B,B4,0.5,0.5,2,2,1,1,0.802734375,0.4999999995643076,0.2450422019479588,0.2549577976163487,0.4900844043229697
B,B4,0.5,0.5,2,2,1,1,0.806640625,0.4999999995333202,0.2450153075012944,0.2549846920320258,0.4900306154599636
B,B4,0.5,0.5,2,2,1,1,0.810546875,0.4999999995026144,0.2449886573146547,0.2550113421879596,0.4899773151167248
B,B4,0.5,0.5,2,2,1,1,0.814453125,0.4999999994722085,0.2449622674411173,0.2550377320310911,0.4899245353993907
B,B4,0.5,0.5,2,2,1,1,0.818359375,0.4999999994421209,0.2449361537769486,0.2550638456651723,0.4898723081004763
B,B4,0.5,0.5,2,2,1,1,0.822265625,0.4999999994123696,0.2449103320520509,0.2550896673603187,0.4898206646797688
B,B4,0.5,0.5,2,2,1,1,0.826171875,0.4999999993829726,0.2448848178204613,0.2551151815625113,0.489769636245325
B,B4,0.5,0.5,2,2,1,1,0.830078125,0.4999999993539477,0.2448596264510041,0.2551403729029436,0.4897192535347767
B,B4,0.5,0.5,2,2,1,1,0.833984375,0.4999999993253122,0.2448347731180178,0.2551652262072944,0.4896695468967838
B,B4,0.5,0.5,2,2,1,1,0.837890625,0.4999999992970836,0.2448102727922125,0.2551897265048711,0.4896205462727496
B,B4,0.5,0.5,2,2,1,1,0.841796875,0.4999999992692785,0.2447861402316759,0.2552138590376026,0.4895722811788337
B,B4,0.5,0.5,2,2,1,1,0.845703125,0.499999999241914,0.2447623899729577,0.2552376092689562,0.4895247806881193
B,B4,0.5,0.5,2,2,1,1,0.849609375,0.4999999992150064,0.2447390363223277,0.2552609628926787,0.4894780734131297
B,B4,0.5,0.5,2,2,1,1,0.853515625,0.499999999188572,0.2447160933471504,0.2552839058414216,0.4894321874885788
B,B4,0.5,0.5,2,2,1,1,0.857421875,0.4999999991626267,0.2446935748674167,0.2553064242952099,0.4893871505544329
B,B4,0.5,0.5,2,2,1,1,0.861328125,0.4999999991371861,0.2446714944474143,0.2553285046897718,0.4893429897392526
B,B4,0.5,0.5,2,2,1,1,0.865234375,0.4999999991122656,0.2446498653875607,0.2553501337247048,0.4892997316438579
B,B4,0.5,0.5,2,2,1,1,0.869140625,0.4999999990878801,0.2446287007163979,0.2553712983714823,0.4892574023253186
B,B4,0.5,0.5,2,2,1,1,0.873046875,0.4999999990640445,0.2446080131827369,0.2553919858813076,0.4892160272812427
B,B4,0.5,0.5,2,2,1,1,0.876953125,0.4999999990407729,0.2445878152479653,0.2554121837928076,0.4891756314343916
B,B4,0.5,0.5,2,2,1,1,0.880859375,0.4999999990180793,0.2445681190785647,0.2554318799395147,0.4891362391177154
B,B4,0.5,0.5,2,2,1,1,0.884765625,0.4999999989959777,0.244548936538777,0.2554510624572007,0.4890978740596844
B,B4,0.5,0.5,2,2,1,1,0.888671875,0.4999999989744812,0.2445302791834411,0.2554697197910401,0.4890605593699638
B,B4,0.5,0.5,2,2,1,1,0.892578125,0.4999999989536026,0.2445121582510512,0.2554878407025514,0.4890243175255299
B,B4,0.5,0.5,2,2,1,1,0.896484375,0.4999999989333548,0.2444945846569849,0.2555054142763699,0.4889891703571256
B,B4,0.5,0.5,2,2,1,1,0.900390625,0.4999999989137498,0.2444775689869103,0.2555224299268395,0.4889551390360757
B,B4,0.5,0.5,2,2,1,1,0.904296875,0.4999999988947994,0.244461121490433,0.2555388774043664,0.4889222440615804
B,B4,0.5,0.5,2,2,1,1,0.908203125,0.499999998876515,0.2444452520749141,0.2555547468016009,0.4888905052483505
B,B4,0.5,0.5,2,2,1,1,0.912109375,0.4999999988589078,0.2444299702994915,0.2555700285594162,0.4888599417146516
B,B4,0.5,0.5,2,2,1,1,0.916015625,0.4999999988419882,0.2444152853693394,0.2555847134726488,0.488830571870822
B,B4,0.5,0.5,2,2,1,1,0.919921875,0.4999999988257666,0.2444012061301038,0.2555987926956628,0.4888024134081438
B,B4,0.5,0.5,2,2,1,1,0.923828125,0.4999999988102526,0.2443877410626013,0.2556122577476513,0.4887754832882414
B,B4,0.5,0.5,2,2,1,1,0.927734375,0.4999999987954555,0.2443748982776748,0.2556251005177808,0.4887497977327913
B,B4,0.5,0.5,2,2,1,1,0.931640625,0.4999999987813845,0.2443626855113439,0.2556373132700406,0.4887253722138244
B,B4,0.5,0.5,2,2,1,1,0.935546875,0.4999999987680477,0.244351110120126,0.2556488886479217,0.4887022214443676
B,B4,0.5,0.5,2,2,1,1,0.939453125,0.4999999987554533,0.2443401790765975,0.2556598196788559,0.488680359369566
B,B4,0.5,0.5,2,2,1,1,0.943359375,0.4999999987436088,0.2443298989652052,0.2556700997784036,0.4886597991583061
B,B4,0.5,0.5,2,2,1,1,0.947265625,0.4999999987325215,0.2443202759783213,0.2556797227542003,0.4886405531953254
B,B4,0.5,0.5,2,2,1,1,0.951171875,0.4999999987221981,0.2443113159124566,0.2556886828097416,0.488622633073639
B,B4,0.5,0.5,2,2,1,1,0.955078125,0.4999999987126447,0.2443030241648261,0.2556969745478185,0.4886060495876715
B,B4,0.5,0.5,2,2,1,1,0.958984375,0.499999998703867,0.244295405730073,0.255704592973794,0.4885908127267033
B,B4,0.5,0.5,2,2,1,1,0.962890625,0.4999999986958705,0.24428846519725,0.2557115334986205,0.4885769316688352
B,B4,0.5,0.5,2,2,1,1,0.966796875,0.4999999986886599,0.244282206747075,0.2557177919415849,0.4885644147754981
B,B4,0.5,0.5,2,2,1,1,0.970703125,0.4999999986822395,0.2442766341494083,0.2557233645328312,0.488553269586409
B,B4,0.5,0.5,2,2,1,1,0.974609375,0.4999999986766131,0.2442717507609748,0.2557282479156383,0.4885435028150137
B,B4,0.5,0.5,2,2,1,1,0.978515625,0.4999999986717842,0.2442675595233428,0.2557324391484415,0.4885351203444457
B,B4,0.5,0.5,2,2,1,1,0.982421875,0.4999999986677558,0.2442640629611534,0.2557359357066024,0.4885281272239843
B,B4,0.5,0.5,2,2,1,1,0.986328125,0.4999999986645302,0.2442612631806124,0.2557387354839178,0.488522527666039
B,B4,0.5,0.5,2,2,1,1,0.990234375,0.4999999986621093,0.2442591618682,0.2557408367939092,0.4885183250435683
B,B4,0.5,0.5,2,2,1,1,0.994140625,0.4999999986604946,0.2442577602896663,0.2557422383708283,0.4885155218880709
B,B4,0.5,0.5,2,2,1,1,0.998046875,0.4999999986596872,0.2442570592892728,0.2557429393704144,0.4885141198880691
B,B4,0.5,0.5,2,2,1,5,0.001953125,0.4999999999999982,0.249999999353559,0.2500000006464392,0.4999999987071197
B,B4,0.5,0.5,2,2,1,5,0.005859375,0.4999999999999983,0.2499999993545474,0.2500000006454509,0.4999999987090966
B,B4,0.5,0.5,2,2,1,5,0.009765625,0.4999999999999984,0.2499999993537958,0.2500000006462026,0.4999999987075932
B,B4,0.5,0.5,2,2,1,5,0.013671875,0.4999999999999991,0.2499999993540321,0.2500000006459669,0.4999999987080651
B,B4,0.5,0.5,2,2,1,5,0.017578125,0.4999999999999999,0.2499999993534377,0.2500000006465621,0.4999999987068756
B,B4,0.5,0.5,2,2,1,5,0.021484375,0.500000000000001,0.249999999354741,0.25000000064526,0.499999998709481
B,B4,0.5,0.5,2,2,1,5,0.025390625,0.5000000000000024,0.249999999354303,0.2500000006456995,0.4999999987086035
B,B4,0.5,0.5,2,2,1,5,0.029296875,0.5000000000000044,0.2499999993548528,0.2500000006451516,0.4999999987097012
B,B4,0.5,0.5,2,2,1,5,0.033203125,0.500000000000007,0.2499999993563899,0.250000000643617,0.4999999987127728
B,B4,0.5,0.5,2,2,1,5,0.037109375,0.5000000000000095,0.2499999993570945,0.2500000006429151,0.4999999987141794
B,B4,0.5,0.5,2,2,1,5,0.041015625,0.5000000000000127,0.2499999993578758,0.2500000006421368,0.499999998715739
B,B4,0.5,0.5,2,2,1,5,0.044921875,0.5000000000000164,0.2499999993587335,0.250000000641283,0.4999999987174505
B,B4,0.5,0.5,2,2,1,5,0.048828125,0.5000000000000208,0.2499999993596661,0.2500000006403547,0.4999999987193115
B,B4,0.5,0.5,2,2,1,5,0.052734375,0.5000000000000255,0.2499999993606752,0.2500000006393504,0.4999999987213248
B,B4,0.5,0.5,2,2,1,5,0.056640625,0.5000000000000306,0.2499999993617587,0.250000000638272,0.4999999987234867
B,B4,0.5,0.5,2,2,1,5,0.060546875,0.500000000000036,0.2499999993629154,0.2500000006371206,0.4999999987257948
B,B4,0.5,0.5,2,2,1,5,0.064453125,0.5000000000000415,0.2499999993641458,0.2500000006358957,0.4999999987282501
B,B4,0.5,0.5,2,2,1,5,0.068359375,0.5000000000000474,0.2499999993654491,0.2500000006345984,0.4999999987308507
B,B4,0.5,0.5,2,2,1,5,0.072265625,0.5000000000000537,0.2499999993668238,0.25000000063323,0.4999999987335938
B,B4,0.5,0.5,2,2,1,5,0.076171875,0.5000000000000605,0.2499999993682696,0.250000000631791,0.4999999987364786
B,B4,0.5,0.5,2,2,1,5,0.080078125,0.5000000000000675,0.2499999993697845,0.250000000630283,0.4999999987395014
B,B4,0.5,0.5,2,2,1,5,0.083984375,0.5000000000000748,0.2499999993713699,0.250000000628705,0.4999999987426649
B,B4,0.5,0.5,2,2,1,5,0.087890625,0.5000000000000826,0.2499999993730223,0.2500000006270603,0.4999999987459621
B,B4,0.5,0.5,2,2,1,5,0.091796875,0.5000000000000906,0.2499999993747427,0.2500000006253479,0.4999999987493947
B,B4,0.5,0.5,2,2,1,5,0.095703125,0.5000000000000988,0.2499999993765293,0.2500000006235695,0.4999999987529599
B,B4,0.5,0.5,2,2,1,5,0.099609375,0.5000000000001075,0.2499999993783802,0.2500000006217273,0.4999999987566529
B,B4,0.5,0.5,2,2,1,5,0.103515625,0.5000000000001166,0.2499999993802958,0.2500000006198208,0.499999998760475
B,B4,0.5,0.5,2,2,1,5,0.107421875,0.5000000000001259,0.2499999993822735,0.2500000006178523,0.4999999987644212
B,B4,0.5,0.5,2,2,1,5,0.111328125,0.5000000000001356,0.2499999993843139,0.2500000006158217,0.4999999987684922
B,B4,0.5,0.5,2,2,1,5,0.115234375,0.5000000000001453,0.2499999993864139,0.2500000006137315,0.4999999987726824
B,B4,0.5,0.5,2,2,1,5,0.119140625,0.5000000000001555,0.2499999993885728,0.2500000006115828,0.49999999877699
B,B4,0.5,0.5,2,2,1,5,0.123046875,0.5000000000001661,0.2499999993907897,0.2500000006093763,0.4999999987814134
B,B4,0.5,0.5,2,2,1,5,0.126953125,0.5000000000001771,0.2499999993930638,0.2500000006071133,0.4999999987859505
B,B4,0.5,0.5,2,2,1,5,0.130859375,0.5000000000001883,0.2499999993953924,0.2500000006047959,0.4999999987905965
B,B4,0.5,0.5,2,2,1,5,0.134765625,0.5000000000001997,0.2499999993977745,0.2500000006024252,0.4999999987953493
B,B4,0.5,0.5,2,2,1,5,0.138671875,0.5000000000002116,0.2499999994002096,0.250000000600002,0.4999999988002076
B,B4,0.5,0.5,2,2,1,5,0.142578125,0.5000000000002238,0.2499999994026948,0.250000000597529,0.4999999988051658
B,B4,0.5,0.5,2,2,1,5,0.146484375,0.5000000000002365,0.2499999994052293,0.2500000005950072,0.4999999988102221
B,B4,0.5,0.5,2,2,1,5,0.150390625,0.5000000000002494,0.2499999994078123,0.2500000005924371,0.4999999988153752
B,B4,0.5,0.5,2,2,1,5,0.154296875,0.5000000000002628,0.2499999994104407,0.2500000005898221,0.4999999988206186
B,B4,0.5,0.5,2,2,1,5,0.158203125,0.5000000000002767,0.249999999413114,0.2500000005871627,0.4999999988259513
B,B4,0.5,0.5,2,2,1,5,0.162109375,0.5000000000002909,0.2499999994158306,0.2500000005844603,0.4999999988313703
B,B4,0.5,0.5,2,2,1,5,0.166015625,0.5000000000003055,0.2499999994185884,0.2500000005817171,0.4999999988368712
B,B4,0.5,0.5,2,2,1,5,0.169921875,0.5000000000003206,0.2499999994213859,0.2500000005789347,0.4999999988424512
B,B4,0.5,0.5,2,2,1,5,0.173828125,0.5000000000003362,0.2499999994242214,0.2500000005761147,0.4999999988481067
B,B4,0.5,0.5,2,2,1,5,0.177734375,0.5000000000003518,0.2499999994270932,0.2500000005732586,0.4999999988538346
B,B4,0.5,0.5,2,2,1,5,0.181640625,0.5000000000003677,0.2499999994299997,0.250000000570368,0.4999999988596318
B,B4,0.5,0.5,2,2,1,5,0.185546875,0.5000000000003841,0.2499999994329395,0.2500000005674446,0.499999998865495
B,B4,0.5,0.5,2,2,1,5,0.189453125,0.5000000000004008,0.2499999994359101,0.2500000005644907,0.4999999988714193
B,B4,0.5,0.5,2,2,1,5,0.193359375,0.5000000000004181,0.2499999994389095,0.2500000005615086,0.4999999988774008
B,B4,0.5,0.5,2,2,1,5,0.197265625,0.5000000000004358,0.2499999994428468,0.2500000005575889,0.4999999988852579
B,B4,0.5,0.5,2,2,1,5,0.201171875,0.5000000000004539,0.2499999994458992,0.2500000005545547,0.4999999988913445
B,B4,0.5,0.5,2,2,1,5,0.205078125,0.5000000000004722,0.2499999994489764,0.2500000005514957,0.4999999988974806
B,B4,0.5,0.5,2,2,1,5,0.208984375,0.5000000000004907,0.2499999994520753,0.2500000005484154,0.4999999989036599
B,B4,0.5,0.5,2,2,1,5,0.212890625,0.5000000000005096,0.2499999994551943,0.2500000005453153,0.499999998909879
B,B4,0.5,0.5,2,2,1,5,0.216796875,0.5000000000005288,0.2499999994583315,0.2500000005421973,0.4999999989161342
B,B4,0.5,0.5,2,2,1,5,0.220703125,0.5000000000005482,0.249999999461485,0.2500000005390632,0.4999999989224217
B,B4,0.5,0.5,2,2,1,5,0.224609375,0.5000000000005682,0.2499999994646531,0.2500000005359151,0.4999999989287379
B,B4,0.5,0.5,2,2,1,5,0.228515625,0.5000000000005886,0.2499999994678332,0.2500000005327554,0.4999999989350778
B,B4,0.5,0.5,2,2,1,5,0.232421875,0.5000000000006096,0.249999999471024,0.2500000005295857,0.4999999989414383
B,B4,0.5,0.5,2,2,1,5,0.236328125,0.5000000000006309,0.249999999474224,0.2500000005264069,0.4999999989478171
B,B4,0.5,0.5,2,2,1,5,0.240234375,0.5000000000006526,0.2499999994774305,0.2500000005232221,0.4999999989542084
B,B4,0.5,0.5,2,2,1,5,0.244140625,0.5000000000006743,0.249999999480642,0.2500000005200324,0.4999999989606097
B,B4,0.5,0.5,2,2,1,5,0.248046875,0.5000000000006963,0.2499999994838564,0.25000000051684,0.4999999989670164
B,B4,0.5,0.5,2,2,1,5,0.251953125,0.5000000000007185,0.2499999994870711,0.2500000005136475,0.4999999989734237
B,B4,0.5,0.5,2,2,1,5,0.255859375,0.5000000000007409,0.2499999994902861,0.2500000005104548,0.4999999989798313
B,B4,0.5,0.5,2,2,1,5,0.259765625,0.5000000000007635,0.2499999994934971,0.2500000005072663,0.4999999989862308
B,B4,0.5,0.5,2,2,1,5,0.263671875,0.5000000000007861,0.2499999994967033,0.2500000005040828,0.4999999989926205
B,B4,0.5,0.5,2,2,1,5,0.267578125,0.5000000000008084,0.2499999994999035,0.2500000005009049,0.4999999989989987
B,B4,0.5,0.5,2,2,1,5,0.271484375,0.5000000000008304,0.2499999995030942,0.2500000004977362,0.499999999005358
B,B4,0.5,0.5,2,2,1,5,0.275390625,0.5000000000008522,0.2499999995062747,0.2500000004945775,0.4999999990116972
B,B4,0.5,0.5,2,2,1,5,0.279296875,0.5000000000008737,0.2499999995094431,0.2500000004914307,0.4999999990180124
B,B4,0.5,0.5,2,2,1,5,0.283203125,0.500000000000895,0.2499999995125964,0.2500000004882985,0.4999999990242979
B,B4,0.5,0.5,2,2,1,5,0.287109375,0.5000000000009158,0.2499999995157338,0.250000000485182,0.4999999990305518
B,B4,0.5,0.5,2,2,1,5,0.291015625,0.5000000000009361,0.2499999995188522,0.250000000482084,0.4999999990367682
B,B4,0.5,0.5,2,2,1,5,0.294921875,0.5000000000009561,0.2499999995219513,0.2500000004790048,0.4999999990429465
B,B4,0.5,0.5,2,2,1,5,0.298828125,0.5000000000009756,0.2499999995250283,0.2500000004759473,0.499999999049081
B,B4,0.5,0.5,2,2,1,5,0.302734375,0.5000000000009948,0.249999999528081,0.2500000004729138,0.4999999990551672
B,B4,0.5,0.5,2,2,1,5,0.306640625,0.5000000000010134,0.249999999531108,0.2500000004699053,0.4999999990612027
B,B4,0.5,0.5,2,2,1,5,0.310546875,0.5000000000010316,0.2499999995341081,0.2500000004669235,0.4999999990671847
B,B4,0.5,0.5,2,2,1,5,0.314453125,0.5000000000010494,0.2499999995370783,0.2500000004639711,0.4999999990731073
B,B4,0.5,0.5,2,2,1,5,0.318359375,0.5000000000010668,0.2499999995400181,0.2500000004610486,0.4999999990789695
B,B4,0.5,0.5,2,2,1,5,0.322265625,0.500000000001084,0.249999999542925,0.2500000004581591,0.4999999990847659
B,B4,0.5,0.5,2,2,1,5,0.326171875,0.5000000000011009,0.2499999995457965,0.2500000004553043,0.4999999990904922
B,B4,0.5,0.5,2,2,1,5,0.330078125,0.5000000000011173,0.2499999995486323,0.250000000452485,0.4999999990961473
B,B4,0.5,0.5,2,2,1,5,0.333984375,0.5000000000011332,0.2499999995514294,0.2500000004497038,0.4999999991017257
B,B4,0.5,0.5,2,2,1,5,0.337890625,0.5000000000011491,0.2499999995541876,0.2500000004469615,0.4999999991072261
B,B4,0.5,0.5,2,2,1,5,0.341796875,0.5000000000011645,0.249999999556904,0.2500000004442605,0.4999999991126435
B,B4,0.5,0.5,2,2,1,5,0.345703125,0.5000000000011796,0.2499999995595776,0.2500000004416021,0.4999999991179755
B,B4,0.5,0.5,2,2,1,5,0.349609375,0.5000000000011944,0.249999999562206,0.2500000004389884,0.4999999991232176
B,B4,0.5,0.5,2,2,1,5,0.353515625,0.5000000000012088,0.2499999995647889,0.25000000043642,0.4999999991283689
B,B4,0.5,0.5,2,2,1,5,0.357421875,0.5000000000012228,0.2499999995673234,0.2500000004338994,0.4999999991334241
B,B4,0.5,0.5,2,2,1,5,0.361328125,0.5000000000012366,0.2499999995698086,0.250000000431428,0.4999999991383806
B,B4,0.5,0.5,2,2,1,5,0.365234375,0.50000000000125,0.2499999995722436,0.2500000004290064,0.4999999991432373
B,B4,0.5,0.5,2,2,1,5,0.369140625,0.5000000000012631,0.2499999995746257,0.2500000004266374,0.4999999991479882
B,B4,0.5,0.5,2,2,1,5,0.373046875,0.5000000000012759,0.2499999995769544,0.2500000004243215,0.499999999152633
B,B4,0.5,0.5,2,2,1,5,0.376953125,0.5000000000012881,0.2499999995792279,0.2500000004220602,0.4999999991571677
B,B4,0.5,0.5,2,2,1,5,0.380859375,0.5000000000012997,0.249999999581445,0.2500000004198548,0.4999999991615902
B,B4,0.5,0.5,2,2,1,5,0.384765625,0.5000000000013111,0.2499999995836042,0.2500000004177068,0.4999999991658974
B,B4,0.5,0.5,2,2,1,5,0.388671875,0.5000000000013218,0.2499999995857042,0.2500000004156176,0.4999999991700866
B,B4,0.5,0.5,2,2,1,5,0.392578125,0.5000000000013323,0.2499999995877443,0.2500000004135879,0.4999999991741563
B,B4,0.5,0.5,2,2,1,5,0.396484375,0.5000000000013425,0.2499999995897222,0.2500000004116203,0.499999999178102
B,B4,0.5,0.5,2,2,1,5,0.400390625,0.5000000000013523,0.2499999995916375,0.2500000004097147,0.4999999991819228
B,B4,0.5,0.5,2,2,1,5,0.404296875,0.5000000000013616,0.2499999995934889,0.2500000004078726,0.4999999991856163
B,B4,0.5,0.5,2,2,1,5,0.408203125,0.5000000000013706,0.2499999995952752,0.2500000004060954,0.4999999991891799
B,B4,0.5,0.5,2,2,1,5,0.412109375,0.5000000000013791,0.2499999995969955,0.2500000004043836,0.499999999192612
B,B4,0.5,0.5,2,2,1,5,0.416015625,0.5000000000013871,0.2499999995986482,0.2500000004027388,0.4999999991959094
B,B4,0.5,0.5,2,2,1,5,0.419921875,0.5000000000013946,0.2499999996002334,0.2500000004011612,0.4999999991990722
B,B4,0.5,0.5,2,2,1,5,0.423828125,0.5000000000014019,0.249999999601749,0.2500000003996529,0.4999999992020961
B,B4,0.5,0.5,2,2,1,5,0.427734375,0.5000000000014089,0.2499999996031947,0.2500000003982142,0.4999999992049805
B,B4,0.5,0.5,2,2,1,5,0.431640625,0.5000000000014153,0.2499999996045689,0.2500000003968464,0.4999999992077224
B,B4,0.5,0.5,2,2,1,5,0.435546875,0.5000000000014214,0.2499999996058723,0.2500000003955491,0.4999999992103231
B,B4,0.5,0.5,2,2,1,5,0.439453125,0.5000000000014273,0.2499999996071022,0.2500000003943251,0.4999999992127771
B,B4,0.5,0.5,2,2,1,5,0.443359375,0.5000000000014327,0.24999999960826,0.2500000003931727,0.4999999992150873
B,B4,0.5,0.5,2,2,1,5,0.447265625,0.5000000000014376,0.249999999609343,0.2500000003920946,0.4999999992172484
B,B4,0.5,0.5,2,2,1,5,0.451171875,0.5000000000014422,0.2499999996103518,0.2500000003910904,0.4999999992192614
B,B4,0.5,0.5,2,2,1,5,0.455078125,0.5000000000014466,0.2499999996112846,0.250000000390162,0.4999999992211226
B,B4,0.5,0.5,2,2,1,5,0.458984375,0.5000000000014505,0.2499999996121423,0.2500000003893083,0.4999999992228341
B,B4,0.5,0.5,2,2,1,5,0.462890625,0.5000000000014542,0.2499999996129235,0.2500000003885307,0.4999999992243929
B,B4,0.5,0.5,2,2,1,5,0.466796875,0.5000000000014575,0.2499999996136282,0.2500000003878293,0.4999999992257989
B,B4,0.5,0.5,2,2,1,5,0.470703125,0.5000000000014604,0.2499999996142554,0.2500000003872049,0.4999999992270505
B,B4,0.5,0.5,2,2,1,5,0.474609375,0.5000000000014631,0.2499999996148051,0.2500000003866579,0.4999999992281471
B,B4,0.5,0.5,2,2,1,5,0.478515625,0.5000000000014653,0.2499999996152769,0.2500000003861884,0.4999999992290884
B,B4,0.5,0.5,2,2,1,5,0.482421875,0.5000000000014672,0.2499999996156705,0.2500000003857966,0.4999999992298739
B,B4,0.5,0.5,2,2,1,5,0.486328125,0.5000000000014687,0.2499999996159857,0.2500000003854831,0.4999999992305026
B,B4,0.5,0.5,2,2,1,5,0.490234375,0.5000000000014697,0.2499999996162221,0.2500000003852476,0.4999999992309745
B,B4,0.5,0.5,2,2,1,5,0.494140625,0.5000000000014704,0.2499999996163795,0.2500000003850908,0.4999999992312886
B,B4,0.5,0.5,2,2,1,5,0.498046875,0.5000000000014706,0.2499999996164587,0.2500000003850119,0.4999999992314468
B,B4,0.5,0.5,2,2,1,5,0.501953125,0.5000000000014706,0.2499999996164587,0.2500000003850119,0.4999999992314468
B,B4,0.5,0.5,2,2,1,5,0.505859375,0.5000000000014702,0.2499999996163795,0.2500000003850906,0.4999999992312888
B,B4,0.5,0.5,2,2,1,5,0.509765625,0.5000000000014693,0.2499999996162221,0.2500000003852472,0.4999999992309749
B,B4,0.5,0.5,2,2,1,5,0.513671875,0.5000000000014682,0.2499999996159857,0.2500000003854825,0.4999999992305031
B,B4,0.5,0.5,2,2,1,5,0.517578125,0.5000000000014667,0.2499999996156705,0.2500000003857962,0.4999999992298744
B,B4,0.5,0.5,2,2,1,5,0.521484375,0.5000000000014648,0.2499999996152769,0.250000000386188,0.4999999992290889
B,B4,0.5,0.5,2,2,1,5,0.525390625,0.5000000000014628,0.2499999996148051,0.2500000003866577,0.4999999992281474
B,B4,0.5,0.5,2,2,1,5,0.529296875,0.5000000000014604,0.2499999996142554,0.2500000003872049,0.4999999992270505
B,B4,0.5,0.5,2,2,1,5,0.533203125,0.5000000000014577,0.2499999996136282,0.2500000003878295,0.4999999992257986
B,B4,0.5,0.5,2,2,1,5,0.537109375,0.5000000000014544,0.2499999996129235,0.2500000003885309,0.4999999992243926
B,B4,0.5,0.5,2,2,1,5,0.541015625,0.5000000000014506,0.2499999996121423,0.2500000003893084,0.4999999992228339
B,B4,0.5,0.5,2,2,1,5,0.544921875,0.5000000000014464,0.2499999996112846,0.2500000003901618,0.4999999992211229
B,B4,0.5,0.5,2,2,1,5,0.548828125,0.5000000000014418,0.2499999996103518,0.25000000039109,0.4999999992192617
B,B4,0.5,0.5,2,2,1,5,0.552734375,0.5000000000014371,0.249999999609343,0.2500000003920941,0.4999999992172489
B,B4,0.5,0.5,2,2,1,5,0.556640625,0.5000000000014321,0.24999999960826,0.2500000003931721,0.499999999215088
B,B4,0.5,0.5,2,2,1,5,0.560546875,0.5000000000014269,0.2499999996071022,0.2500000003943247,0.4999999992127775
B,B4,0.5,0.5,2,2,1,5,0.564453125,0.5000000000014211,0.2499999996058723,0.2500000003955488,0.4999999992103235
B,B4,0.5,0.5,2,2,1,5,0.568359375,0.5000000000014151,0.2499999996045689,0.2500000003968462,0.4999999992077226
B,B4,0.5,0.5,2,2,1,5,0.572265625,0.5000000000014085,0.2499999996031947,0.2500000003982139,0.4999999992049808
B,B4,0.5,0.5,2,2,1,5,0.576171875,0.5000000000014019,0.249999999601749,0.2500000003996529,0.4999999992020961
B,B4,0.5,0.5,2,2,1,5,0.580078125,0.5000000000013947,0.2499999996002334,0.2500000004011613,0.4999999991990721
B,B4,0.5,0.5,2,2,1,5,0.583984375,0.5000000000013871,0.2499999995986482,0.2500000004027388,0.4999999991959094
B,B4,0.5,0.5,2,2,1,5,0.587890625,0.5000000000013791,0.2499999995969955,0.2500000004043836,0.499999999192612
B,B4,0.5,0.5,2,2,1,5,0.591796875,0.5000000000013707,0.2499999995952752,0.2500000004060955,0.4999999991891798
B,B4,0.5,0.5,2,2,1,5,0.595703125,0.5000000000013619,0.2499999995934889,0.250000000407873,0.4999999991856159
B,B4,0.5,0.5,2,2,1,5,0.599609375,0.5000000000013526,0.2499999995916375,0.250000000409715,0.4999999991819225
B,B4,0.5,0.5,2,2,1,5,0.603515625,0.5000000000013431,0.2499999995897222,0.250000000411621,0.4999999991781013
B,B4,0.5,0.5,2,2,1,5,0.607421875,0.5000000000013334,0.2499999995877443,0.2500000004135891,0.4999999991741552
B,B4,0.5,0.5,2,2,1,5,0.611328125,0.5000000000013232,0.2499999995857042,0.2500000004156189,0.4999999991700853
B,B4,0.5,0.5,2,2,1,5,0.615234375,0.5000000000013125,0.2499999995836042,0.2500000004177083,0.499999999165896
B,B4,0.5,0.5,2,2,1,5,0.619140625,0.5000000000013015,0.249999999581445,0.2500000004198565,0.4999999991615884
B,B4,0.5,0.5,2,2,1,5,0.623046875,0.5000000000012902,0.2499999995792279,0.2500000004220623,0.4999999991571656
B,B4,0.5,0.5,2,2,1,5,0.626953125,0.5000000000012785,0.2499999995769544,0.2500000004243241,0.4999999991526303
B,B4,0.5,0.5,2,2,1,5,0.630859375,0.5000000000012665,0.2499999995746257,0.2500000004266409,0.4999999991479848
B,B4,0.5,0.5,2,2,1,5,0.634765625,0.5000000000012543,0.2499999995722436,0.2500000004290107,0.499999999143233
B,B4,0.5,0.5,2,2,1,5,0.638671875,0.5000000000012417,0.2499999995698086,0.2500000004314331,0.4999999991383755
B,B4,0.5,0.5,2,2,1,5,0.642578125,0.5000000000012288,0.2499999995673234,0.2500000004339054,0.4999999991334181
B,B4,0.5,0.5,2,2,1,5,0.646484375,0.5000000000012154,0.2499999995647889,0.2500000004364265,0.4999999991283623
B,B4,0.5,0.5,2,2,1,5,0.650390625,0.5000000000012015,0.249999999562206,0.2500000004389955,0.4999999991232105
B,B4,0.5,0.5,2,2,1,5,0.654296875,0.5000000000011873,0.2499999995595776,0.2500000004416097,0.4999999991179678
B,B4,0.5,0.5,2,2,1,5,0.658203125,0.5000000000011727,0.249999999556904,0.2500000004442687,0.4999999991126353
B,B4,0.5,0.5,2,2,1,5,0.662109375,0.5000000000011579,0.2499999995541876,0.2500000004469702,0.4999999991072173
B,B4,0.5,0.5,2,2,1,5,0.666015625,0.5000000000011426,0.2499999995514294,0.2500000004497132,0.4999999991017162
B,B4,0.5,0.5,2,2,1,5,0.669921875,0.500000000001127,0.2499999995486323,0.2500000004524947,0.4999999990961376
B,B4,0.5,0.5,2,2,1,5,0.673828125,0.5000000000011109,0.2499999995457965,0.2500000004553143,0.4999999990904822
B,B4,0.5,0.5,2,2,1,5,0.677734375,0.5000000000010946,0.249999999542925,0.2500000004581696,0.4999999990847553
B,B4,0.5,0.5,2,2,1,5,0.681640625,0.5000000000010779,0.2499999995400181,0.2500000004610597,0.4999999990789584
B,B4,0.5,0.5,2,2,1,5,0.685546875,0.5000000000010607,0.2499999995370783,0.2500000004639824,0.4999999990730959
B,B4,0.5,0.5,2,2,1,5,0.689453125,0.5000000000010432,0.2499999995341081,0.250000000466935,0.4999999990671731
B,B4,0.5,0.5,2,2,1,5,0.693359375,0.5000000000010251,0.249999999531108,0.250000000469917,0.499999999061191
B,B4,0.5,0.5,2,2,1,5,0.697265625,0.5000000000010068,0.249999999528081,0.2500000004729258,0.4999999990551552
B,B4,0.5,0.5,2,2,1,5,0.701171875,0.5000000000009881,0.2499999995250283,0.2500000004759598,0.4999999990490684
B,B4,0.5,0.5,2,2,1,5,0.705078125,0.5000000000009688,0.2499999995219513,0.2500000004790175,0.4999999990429339
B,B4,0.5,0.5,2,2,1,5,0.708984375,0.5000000000009492,0.2499999995188522,0.2500000004820971,0.4999999990367551
B,B4,0.5,0.5,2,2,1,5,0.712890625,0.5000000000009294,0.2499999995157338,0.2500000004851956,0.4999999990305382
B,B4,0.5,0.5,2,2,1,5,0.716796875,0.5000000000009091,0.2499999995125964,0.2500000004883126,0.4999999990242838
B,B4,0.5,0.5,2,2,1,5,0.720703125,0.5000000000008885,0.2499999995094431,0.2500000004914454,0.4999999990179976
B,B4,0.5,0.5,2,2,1,5,0.724609375,0.5000000000008678,0.2499999995062747,0.250000000494593,0.4999999990116817
B,B4,0.5,0.5,2,2,1,5,0.728515625,0.5000000000008464,0.2499999995030942,0.2500000004977522,0.499999999005342
B,B4,0.5,0.5,2,2,1,5,0.732421875,0.5000000000008251,0.2499999994999035,0.2500000005009216,0.4999999989989819
B,B4,0.5,0.5,2,2,1,5,0.736328125,0.5000000000008031,0.2499999994967033,0.2500000005040998,0.4999999989926035
B,B4,0.5,0.5,2,2,1,5,0.740234375,0.5000000000007812,0.2499999994934971,0.250000000507284,0.4999999989862131
B,B4,0.5,0.5,2,2,1,5,0.744140625,0.5000000000007593,0.2499999994902861,0.2500000005104732,0.4999999989798129
B,B4,0.5,0.5,2,2,1,5,0.748046875,0.5000000000007376,0.2499999994870711,0.2500000005136666,0.4999999989734046
B,B4,0.5,0.5,2,2,1,5,0.751953125,0.5000000000007164,0.2499999994838564,0.2500000005168601,0.4999999989669963
B,B4,0.5,0.5,2,2,1,5,0.755859375,0.5000000000006952,0.249999999480642,0.2500000005200532,0.4999999989605888
B,B4,0.5,0.5,2,2,1,5,0.759765625,0.5000000000006743,0.2499999994774305,0.2500000005232439,0.4999999989541866
B,B4,0.5,0.5,2,2,1,5,0.763671875,0.5000000000006539,0.249999999474224,0.2500000005264299,0.4999999989477941
B,B4,0.5,0.5,2,2,1,5,0.767578125,0.5000000000006337,0.249999999471024,0.2500000005296097,0.4999999989414142
B,B4,0.5,0.5,2,2,1,5,0.771484375,0.5000000000006138,0.2499999994678332,0.2500000005327806,0.4999999989350526
B,B4,0.5,0.5,2,2,1,5,0.775390625,0.5000000000005943,0.2499999994646531,0.2500000005359412,0.4999999989287118
B,B4,0.5,0.5,2,2,1,5,0.779296875,0.5000000000005749,0.249999999461485,0.2500000005390899,0.4999999989223951
B,B4,0.5,0.5,2,2,1,5,0.783203125,0.5000000000005558,0.2499999994583315,0.2500000005422243,0.4999999989161072
B,B4,0.5,0.5,2,2,1,5,0.787109375,0.5000000000005371,0.2499999994551943,0.2500000005453429,0.4999999989098514
B,B4,0.5,0.5,2,2,1,5,0.791015625,0.5000000000005189,0.2499999994520753,0.2500000005484436,0.4999999989036317
B,B4,0.5,0.5,2,2,1,5,0.794921875,0.5000000000005012,0.2499999994489764,0.2500000005515247,0.4999999988974517
B,B4,0.5,0.5,2,2,1,5,0.798828125,0.5000000000004837,0.2499999994458992,0.2500000005545845,0.4999999988913146
B,B4,0.5,0.5,2,2,1,5,0.802734375,0.5000000000004665,0.2499999994428468,0.2500000005576197,0.4999999988852272
B,B4,0.5,0.5,2,2,1,5,0.806640625,0.5000000000004495,0.2499999994389095,0.25000000056154,0.4999999988773694
B,B4,0.5,0.5,2,2,1,5,0.810546875,0.5000000000004328,0.2499999994359101,0.2500000005645227,0.4999999988713874
B,B4,0.5,0.5,2,2,1,5,0.814453125,0.5000000000004163,0.2499999994329395,0.2500000005674768,0.4999999988654628
B,B4,0.5,0.5,2,2,1,5,0.818359375,0.5000000000004001,0.2499999994299997,0.2500000005704004,0.4999999988595993
B,B4,0.5,0.5,2,2,1,5,0.822265625,0.5000000000003844,0.2499999994270932,0.2500000005732911,0.4999999988538021
B,B4,0.5,0.5,2,2,1,5,0.826171875,0.5000000000003689,0.2499999994242214,0.2500000005761475,0.4999999988480739
B,B4,0.5,0.5,2,2,1,5,0.830078125,0.5000000000003539,0.2499999994213859,0.250000000578968,0.4999999988424179
B,B4,0.5,0.5,2,2,1,5,0.833984375,0.5000000000003395,0.2499999994185884,0.2500000005817511,0.4999999988368373
B,B4,0.5,0.5,2,2,1,5,0.837890625,0.5000000000003255,0.2499999994158306,0.2500000005844949,0.4999999988313357
B,B4,0.5,0.5,2,2,1,5,0.841796875,0.500000000000312,0.249999999413114,0.250000000587198,0.4999999988259159
B,B4,0.5,0.5,2,2,1,5,0.845703125,0.5000000000002985,0.2499999994104407,0.2500000005898578,0.4999999988205828
B,B4,0.5,0.5,2,2,1,5,0.849609375,0.5000000000002852,0.2499999994078123,0.250000000592473,0.4999999988153393
B,B4,0.5,0.5,2,2,1,5,0.853515625,0.5000000000002724,0.2499999994052293,0.2500000005950432,0.4999999988101861
B,B4,0.5,0.5,2,2,1,5,0.857421875,0.50000000000026,0.2499999994026948,0.2500000005975652,0.4999999988051296
B,B4,0.5,0.5,2,2,1,5,0.861328125,0.5000000000002479,0.2499999994002096,0.2500000006000383,0.4999999988001713
B,B4,0.5,0.5,2,2,1,5,0.865234375,0.500000000000236,0.2499999993977745,0.2500000006024615,0.499999998795313
B,B4,0.5,0.5,2,2,1,5,0.869140625,0.5000000000002245,0.2499999993953924,0.2500000006048321,0.4999999987905603
B,B4,0.5,0.5,2,2,1,5,0.873046875,0.5000000000002133,0.2499999993930638,0.2500000006071495,0.4999999987859143
B,B4,0.5,0.5,2,2,1,5,0.876953125,0.5000000000002025,0.2499999993907897,0.2500000006094127,0.499999998781377
B,B4,0.5,0.5,2,2,1,5,0.880859375,0.500000000000192,0.2499999993885728,0.2500000006116192,0.4999999987769536
B,B4,0.5,0.5,2,2,1,5,0.884765625,0.5000000000001819,0.2499999993864139,0.250000000613768,0.4999999987726459
B,B4,0.5,0.5,2,2,1,5,0.888671875,0.5000000000001721,0.2499999993843139,0.2500000006158583,0.4999999987684556
B,B4,0.5,0.5,2,2,1,5,0.892578125,0.5000000000001628,0.2499999993822735,0.2500000006178892,0.4999999987643843
B,B4,0.5,0.5,2,2,1,5,0.896484375,0.5000000000001538,0.2499999993802958,0.250000000619858,0.4999999987604378
B,B4,0.5,0.5,2,2,1,5,0.900390625,0.500000000000145,0.2499999993783802,0.2500000006217648,0.4999999987566154
B,B4,0.5,0.5,2,2,1,5,0.904296875,0.5000000000001366,0.2499999993765293,0.2500000006236072,0.4999999987529221
B,B4,0.5,0.5,2,2,1,5,0.908203125,0.5000000000001286,0.2499999993747427,0.2500000006253859,0.4999999987493567
B,B4,0.5,0.5,2,2,1,5,0.912109375,0.5000000000001211,0.2499999993730223,0.2500000006270988,0.4999999987459235
B,B4,0.5,0.5,2,2,1,5,0.916015625,0.5000000000001138,0.2499999993713699,0.2500000006287439,0.4999999987426259
B,B4,0.5,0.5,2,2,1,5,0.919921875,0.5000000000001067,0.2499999993697845,0.2500000006303222,0.4999999987394622
B,B4,0.5,0.5,2,2,1,5,0.923828125,0.5000000000000999,0.2499999993682696,0.2500000006318304,0.4999999987364392
B,B4,0.5,0.5,2,2,1,5,0.927734375,0.5000000000000936,0.2499999993668238,0.2500000006332698,0.4999999987335539
B,B4,0.5,0.5,2,2,1,5,0.931640625,0.5000000000000877,0.2499999993654491,0.2500000006346387,0.4999999987308104
B,B4,0.5,0.5,2,2,1,5,0.935546875,0.500000000000082,0.2499999993641458,0.2500000006359362,0.4999999987282095
B,B4,0.5,0.5,2,2,1,5,0.939453125,0.5000000000000767,0.2499999993629154,0.2500000006371613,0.4999999987257541
B,B4,0.5,0.5,2,2,1,5,0.943359375,0.5000000000000718,0.2499999993617587,0.2500000006383132,0.4999999987234455
B,B4,0.5,0.5,2,2,1,5,0.947265625,0.5000000000000673,0.2499999993606752,0.2500000006393921,0.499999998721283
B,B4,0.5,0.5,2,2,1,5,0.951171875,0.5000000000000629,0.2499999993596661,0.2500000006403968,0.4999999987192693
B,B4,0.5,0.5,2,2,1,5,0.955078125,0.5000000000000591,0.2499999993587335,0.2500000006413256,0.4999999987174079
B,B4,0.5,0.5,2,2,1,5,0.958984375,0.5000000000000555,0.2499999993578758,0.2500000006421796,0.4999999987156962
B,B4,0.5,0.5,2,2,1,5,0.962890625,0.500000000000052,0.2499999993570945,0.2500000006429575,0.499999998714137
B,B4,0.5,0.5,2,2,1,5,0.966796875,0.5000000000000488,0.2499999993563899,0.2500000006436589,0.499999998712731
B,B4,0.5,0.5,2,2,1,5,0.970703125,0.5000000000000462,0.2499999993557623,0.2500000006442838,0.4999999987114785
B,B4,0.5,0.5,2,2,1,5,0.974609375,0.5000000000000441,0.2499999993552125,0.2500000006448316,0.4999999987103809
B,B4,0.5,0.5,2,2,1,5,0.978515625,0.5000000000000422,0.249999999354741,0.2500000006453011,0.4999999987094398
B,B4,0.5,0.5,2,2,1,5,0.982421875,0.5000000000000409,0.2499999993543472,0.2500000006456936,0.4999999987086536
B,B4,0.5,0.5,2,2,1,5,0.986328125,0.5000000000000395,0.2499999993540321,0.2500000006460075,0.4999999987080246
B,B4,0.5,0.5,2,2,1,5,0.990234375,0.5000000000000384,0.2499999993537958,0.2500000006462426,0.4999999987075531
B,B4,0.5,0.5,2,2,1,5,0.994140625,0.500000000000038,0.2499999993536379,0.2500000006464,0.4999999987072378
B,B4,0.5,0.5,2,2,1,5,0.998046875,0.500000000000038,0.249999999353559,0.250000000646479,0.49999999870708
