case,alpha,rho,lambda_c,lambda_r,eq_fraction,q1,time,center_ratio,energy_ratio,mass
C1,0.1,0.5,2,10,0.1666666666666667,0.4,0,0,1,0.5000000000000001
C1,0.1,0.5,2,10,0.1666666666666667,0.4,0.0099945068359375,0.02036806036911738,0.7994095048617045,0.5000000000001769
C1,0.1,0.5,2,10,0.1666666666666667,0.4,0.019989013671875,0.04071221348828085,0.6968047106914392,0.5000000000003532
C1,0.1,0.5,2,10,0.1666666666666667,0.4,0.0299835205078125,0.05995052068945439,0.642882834212617,0.50000000000053
C1,0.1,0.5,2,10,0.1666666666666667,0.4,0.03997802734375,0.07729045475324244,0.6133227631081152,0.5000000000007074
C1,0.1,0.5,2,10,0.1666666666666667,0.4,0.0499725341796875,0.09231550223041848,0.5961445452547788,0.5000000000008843
C1,0.1,0.5,2,10,0.1666666666666667,0.4,0.059967041015625,0.1049488104048125,0.5854405133697521,0.5000000000010619
C1,0.1,0.5,2,10,0.1666666666666667,0.4,0.0699615478515625,0.1153499126254595,0.5782791708972801,0.5000000000012399
C1,0.1,0.5,2,10,0.1666666666666667,0.4,0.0799560546875,0.1238033187646585,0.5731833650339098,0.5000000000014179
C1,0.1,0.5,2,10,0.1666666666666667,0.4,0.0899505615234375,0.1306323847527273,0.5693862523095927,0.5000000000015961
C1,0.1,0.5,2,10,0.1666666666666667,0.4,0.099945068359375,0.1361464339422936,0.5664695599983947,0.500000000001774
C1,0.1,0.5,2,10,0.1666666666666667,0.4,0.1099395751953125,0.1406152624647361,0.5641886034903514,0.5000000000019523
C1,0.1,0.5,2,10,0.1666666666666667,0.4,0.11993408203125,0.1442614715063398,0.5623878910335998,0.5000000000021306
C1,0.1,0.5,2,10,0.1666666666666667,0.4,0.1299285888671875,0.1472624496945351,0.5609603239520666,0.5000000000023093
C1,0.1,0.5,2,10,0.1666666666666667,0.4,0.139923095703125,0.1497565411758479,0.5598272099295154,0.5000000000024878
C1,0.1,0.5,2,10,0.1666666666666667,0.4,0.1499176025390625,0.1518502937633514,0.5589281477372748,0.5000000000026669
C1,0.1,0.5,2,10,0.1666666666666667,0.4,0.159912109375,0.1536252721149469,0.5582155861842948,0.5000000000028451
C1,0.1,0.5,2,10,0.1666666666666667,0.4,0.1699066162109375,0.1551438455487895,0.5576516187843162,0.5000000000030237
C1,0.1,0.5,2,10,0.1666666666666667,0.4,0.179901123046875,0.1564538364700157,0.5572058839019312,0.5000000000032028
C1,0.1,0.5,2,10,0.1666666666666667,0.4,0.1898956298828125,0.1575921286550608,0.5568540509938594,0.500000000003382
C1,0.1,0.5,2,10,0.1666666666666667,0.4,0.19989013671875,0.1585874083967248,0.5565766534781078,0.5000000000035614
C1,0.1,0.5,2,10,0.1666666666666667,0.4,0.2098846435546875,0.1594622184441664,0.5563581542963374,0.5000000000037407
C1,0.1,0.5,2,10,0.1666666666666667,0.4,0.219879150390625,0.1602344839418572,0.556186185328303,0.5000000000039208
C1,0.1,0.5,2,10,0.1666666666666667,0.4,0.2298736572265625,0.1609186406695437,0.5560509256951696,0.5000000000041006
C1,0.1,0.5,2,10,0.1666666666666667,0.4,0.2398681640625,0.1615264676070462,0.5559445945525983,0.5000000000042801
C1,0.1,0.5,2,10,0.1666666666666667,0.4,0.2498626708984375,0.1620677015436829,0.5558610391331053,0.5000000000044601
C1,0.1,0.5,2,10,0.1666666666666667,0.4,0.259857177734375,0.1625504918897365,0.5557954018833455,0.5000000000046408
C1,0.1,0.5,2,10,0.1666666666666667,0.4,0.2698516845703125,0.1629817386917261,0.5557438528626539,0.5000000000048207
C1,0.1,0.5,2,10,0.1666666666666667,0.4,0.27984619140625,0.1633673453903482,0.5557033755776488,0.500000000005001
C1,0.1,0.5,2,10,0.1666666666666667,0.4,0.2898406982421875,0.1637124093263869,0.5556715962463237,0.500000000005181
C1,0.1,0.5,2,10,0.1666666666666667,0.4,0.299835205078125,0.1640213667151312,0.5556466481259472,0.5000000000053614
C1,0.1,0.5,2,10,0.1666666666666667,0.4,0.3098297119140625,0.1642981042158357,0.5556270639912291,0.500000000005542
C1,0.1,0.5,2,10,0.1666666666666667,0.4,0.31982421875,0.1645460458821034,0.5556116911065692,0.5000000000057225
C1,0.1,0.5,2,10,0.1666666666666667,0.4,0.3298187255859375,0.1647682218588934,0.5555996241038104,0.5000000000059031
C1,0.1,0.5,2,10,0.1666666666666667,0.4,0.339813232421875,0.1649673234427641,0.5555901520687251,0.5000000000060832
C1,0.1,0.5,2,10,0.1666666666666667,0.4,0.3498077392578125,0.1651457478600788,0.5555827168745684,0.5000000000062635
C1,0.1,0.5,2,10,0.1666666666666667,0.4,0.35980224609375,0.1653056352082443,0.5555768804006337,0.500000000006444
C1,0.1,0.5,2,10,0.1666666666666667,0.4,0.3697967529296875,0.1654488993495131,0.5555722987587171,0.5000000000066249
C1,0.1,0.5,2,10,0.1666666666666667,0.4,0.379791259765625,0.1655772540742839,0.5555687020400587,0.5000000000068054
C1,0.1,0.5,2,10,0.1666666666666667,0.4,0.3897857666015625,0.1656922355097542,0.5555658784067687,0.500000000006986
C1,0.1,0.5,2,10,0.1666666666666667,0.4,0.3997802734375,0.1657952215031848,0.5555636615996384,0.5000000000071664
C1,0.1,0.5,2,10,0.1666666666666667,0.4,0.4097747802734375,0.165887448530359,0.5555619211309024,0.5000000000073467
C1,0.1,0.5,2,10,0.1666666666666667,0.4,0.419769287109375,0.165970026549749,0.5555605545861677,0.5000000000075272
C1,0.1,0.5,2,10,0.1666666666666667,0.4,0.4297637939453125,0.1660439521279042,0.5555594815826043,0.5000000000077081
C1,0.1,0.5,2,10,0.1666666666666667,0.4,0.43975830078125,0.1661101200917316,0.5555586390274375,0.5000000000078884
C1,0.1,0.5,2,10,0.1666666666666667,0.4,0.4497528076171875,0.1661693339115395,0.5555579773970529,0.5000000000080687
C1,0.1,0.5,2,10,0.1666666666666667,0.4,0.459747314453125,0.1662223149800499,0.5555574578171074,0.5000000000082491
C1,0.1,0.5,2,10,0.1666666666666667,0.4,0.4697418212890625,0.16626971092332,0.555557049771224,0.50000000000843
C1,0.1,0.5,2,10,0.1666666666666667,0.4,0.479736328125,0.1663121030571313,0.5555567293029251,0.5000000000086109
C1,0.1,0.5,2,10,0.1666666666666667,0.4,0.4897308349609375,0.166350013085003,0.5555564776045989,0.5000000000087912
C1,0.1,0.5,2,10,0.1666666666666667,0.4,0.499725341796875,0.1663839091203213,0.5555562799101694,0.5000000000089718
C1,0.1,0.5,2,10,0.1666666666666667,0.4,0.5097198486328125,0.1664142111040433,0.5555561246260503,0.5000000000091521
C1,0.1,0.5,2,10,0.1666666666666667,0.4,0.51971435546875,0.1664412956805252,0.5555560026490973,0.5000000000093329
C1,0.1,0.5,2,10,0.1666666666666667,0.4,0.5297088623046875,0.1664655005866054,0.5555559068312846,0.5000000000095136
C1,0.1,0.5,2,10,0.1666666666666667,0.4,0.539703369140625,0.1664871286028283,0.5555558315595275,0.5000000000096945
C1,0.1,0.5,2,10,0.1666666666666667,0.4,0.5496978759765625,0.1665064511104206,0.555555772425865,0.5000000000098745
C1,0.1,0.5,2,10,0.1666666666666667,0.4,0.5596923828125,0.1665237112930181,0.5555557259685635,0.5000000000100553
C1,0.1,0.5,2,10,0.1666666666666667,0.4,0.5696868896484375,0.166539127018161,0.55555568946887,0.5000000000102361
C1,0.1,0.5,2,10,0.1666666666666667,0.4,0.579681396484375,0.1665528934300582,0.5555556607914512,0.5000000000104171
C1,0.1,0.5,2,10,0.1666666666666667,0.4,0.5896759033203125,0.1665651852819986,0.5555556382591236,0.5000000000105975
C1,0.1,0.5,2,10,0.1666666666666667,0.4,0.59967041015625,0.1665761590340104,0.5555556205545,0.5000000000107783
C1,0.1,0.5,2,10,0.1666666666666667,0.4,0.6096649169921875,0.1665859547388811,0.5555556066427583,0.5000000000109586
C1,0.1,0.5,2,10,0.1666666666666667,0.4,0.619659423828125,0.1665946977374015,0.5555555957110031,0.5000000000111392
C1,0.1,0.5,2,10,0.1666666666666667,0.4,0.6296539306640625,0.1666025001817086,0.5555555871206421,0.5000000000113197
C1,0.1,0.5,2,10,0.1666666666666667,0.4,0.6396484375,0.1666094624037409,0.5555555803699956,0.5000000000115006
C1,0.1,0.5,2,10,0.1666666666666667,0.4,0.6496429443359375,0.1666156741442163,0.5555555750649253,0.5000000000116817
C1,0.1,0.5,2,10,0.1666666666666667,0.4,0.659637451171875,0.1666212156560197,0.5555555708957718,0.5000000000118623
C1,0.1,0.5,2,10,0.1666666666666667,0.4,0.6696319580078125,0.16662615869456,0.5555555676192356,0.5000000000120428
C1,0.1,0.5,2,10,0.1666666666666667,0.4,0.67962646484375,0.1666305674064196,0.5555555650441533,0.5000000000122232
C1,0.1,0.5,2,10,0.1666666666666667,0.4,0.6896209716796875,0.1666344991265355,0.5555555630203177,0.5000000000124039
C1,0.1,0.5,2,10,0.1666666666666667,0.4,0.699615478515625,0.1666380050931255,0.5555555614296991,0.5000000000125845
C1,0.1,0.5,2,10,0.1666666666666667,0.4,0.7096099853515625,0.1666411310886916,0.5555555601795494,0.5000000000127647
C1,0.1,0.5,2,10,0.1666666666666667,0.4,0.7196044921875,0.1666439180145836,0.5555555591969862,0.500000000012946
C1,0.1,0.5,2,10,0.1666666666666667,0.4,0.7295989990234375,0.1666464024058925,0.5555555584247327,0.5000000000131264
C1,0.1,0.5,2,10,0.1666666666666667,0.4,0.739593505859375,0.1666486168927618,0.5555555578177779,0.500000000013307
C1,0.1,0.5,2,10,0.1666666666666667,0.4,0.7495880126953125,0.1666505906135879,0.5555555573407471,0.5000000000134878
C1,0.1,0.5,2,10,0.1666666666666667,0.4,0.75958251953125,0.1666523495850479,0.5555555569658395,0.500000000013669
C1,0.1,0.5,2,10,0.1666666666666667,0.4,0.7695770263671875,0.1666539170333983,0.5555555566712037,0.5000000000138494
C1,0.1,0.5,2,10,0.1666666666666667,0.4,0.779571533203125,0.1666553136910199,0.555555556439665,0.5000000000140298
C1,0.1,0.5,2,10,0.1666666666666667,0.4,0.7895660400390625,0.1666565580618161,0.5555555562577275,0.5000000000142104
C1,0.1,0.5,2,10,0.1666666666666667,0.4,0.799560546875,0.1666576666586778,0.5555555561147782,0.5000000000143908
C1,0.1,0.5,2,10,0.1666666666666667,0.4,0.8095550537109375,0.1666586542159176,0.5555555560024804,0.5000000000145712
C1,0.1,0.5,2,10,0.1666666666666667,0.4,0.819549560546875,0.1666595338792709,0.5555555559142776,0.5000000000147521
C1,0.1,0.5,2,10,0.1666666666666667,0.4,0.8295440673828125,0.1666603173758169,0.5555555558450174,0.5000000000149324
C1,0.1,0.5,2,10,0.1666666666666667,0.4,0.83953857421875,0.1666610151658837,0.5555555557906489,0.5000000000151128
C1,0.1,0.5,2,10,0.1666666666666667,0.4,0.8495330810546875,0.166661636578862,0.5555555557479873,0.5000000000152932
C1,0.1,0.5,2,10,0.1666666666666667,0.4,0.859527587890625,0.1666621899345799,0.5555555557145299,0.5000000000154734
C1,0.1,0.5,2,10,0.1666666666666667,0.4,0.8695220947265625,0.1666626826517757,0.5555555556883101,0.5000000000156547
C1,0.1,0.5,2,10,0.1666666666666667,0.4,0.8795166015625,0.1666631213450107,0.5555555556677795,0.5000000000158347
C1,0.1,0.5,2,10,0.1666666666666667,0.4,0.8895111083984375,0.1666635119112571,0.5555555556517217,0.5000000000160159
C1,0.1,0.5,2,10,0.1666666666666667,0.4,0.899505615234375,0.1666638596072309,0.5555555556391812,0.500000000016196
C1,0.1,0.5,2,10,0.1666666666666667,0.4,0.9095001220703125,0.166664169118463,0.5555555556294063,0.5000000000163762
C1,0.1,0.5,2,10,0.1666666666666667,0.4,0.91949462890625,0.1666644446209757,0.5555555556218055,0.5000000000165573
C1,0.1,0.5,2,10,0.1666666666666667,0.4,0.9294891357421875,0.1666646898363483,0.5555555556159151,0.5000000000167379
C1,0.1,0.5,2,10,0.1666666666666667,0.4,0.939483642578125,0.1666649080808787,0.5555555556113668,0.5000000000169182
C1,0.1,0.5,2,10,0.1666666666666667,0.4,0.9494781494140625,0.1666651023094621,0.5555555556078778,0.5000000000170984
C1,0.1,0.5,2,10,0.1666666666666667,0.4,0.95947265625,0.1666652751547509,0.5555555556052194,0.5000000000172794
C1,0.1,0.5,2,10,0.1666666666666667,0.4,0.9694671630859375,0.1666654289621091,0.5555555556032146,0.5000000000174603
C1,0.1,0.5,2,10,0.1666666666666667,0.4,0.979461669921875,0.1666655658207888,0.5555555556017232,0.5000000000176402
C1,0.1,0.5,2,10,0.1666666666666667,0.4,0.9894561767578125,0.1666656875917536,0.5555555556006371,0.5000000000178213
C1,0.1,0.5,2,10,0.1666666666666667,0.4,0.99945068359375,0.1666657959324926,0.5555555555998677,0.5000000000180014
C1,0.1,0.5,2,10,0.1666666666666667,0.4,1.009445190429688,0.1666658923191577,0.5555555555993485,0.5000000000181816
C1,0.1,0.5,2,10,0.1666666666666667,0.4,1.019439697265625,0.1666659780663098,0.5555555555990257,0.5000000000183622
C1,0.1,0.5,2,10,0.1666666666666667,0.4,1.029434204101562,0.1666660543445178,0.5555555555988581,0.5000000000185431
C1,0.1,0.5,2,10,0.1666666666666667,0.4,1.0394287109375,0.1666661221960604,0.555555555598811,0.5000000000187236
C1,0.1,0.5,2,10,0.1666666666666667,0.4,1.049423217773438,0.1666661825489206,0.5555555555988602,0.5000000000189037
C1,0.1,0.5,2,10,0.1666666666666667,0.4,1.059417724609375,0.166666236229266,0.5555555555989842,0.5000000000190841
C1,0.1,0.5,2,10,0.1666666666666667,0.4,1.069412231445312,0.1666662839725683,0.5555555555991684,0.500000000019265
C1,0.1,0.5,2,10,0.1666666666666667,0.4,1.07940673828125,0.1666663264335183,0.555555555599399,0.5000000000194459
C1,0.1,0.5,2,10,0.1666666666666667,0.4,1.089401245117188,0.1666663641948654,0.5555555555996655,0.5000000000196264
C1,0.1,0.5,2,10,0.1666666666666667,0.4,1.099395751953125,0.1666663977752841,0.5555555555999604,0.5000000000198066
C1,0.1,0.5,2,10,0.1666666666666667,0.4,1.109390258789062,0.1666664276363969,0.5555555556002789,0.5000000000199872
C1,0.1,0.5,2,10,0.1666666666666667,0.4,1.119384765625,0.1666664541890222,0.5555555556006138,0.5000000000201679
C1,0.1,0.5,2,10,0.1666666666666667,0.4,1.129379272460938,0.1666664777987459,0.5555555556009623,0.5000000000203481
C1,0.1,0.5,2,10,0.1666666666666667,0.4,1.139373779296875,0.1666664987908818,0.5555555556013214,0.5000000000205275
C1,0.1,0.5,2,10,0.1666666666666667,0.4,1.149368286132812,0.166666517454894,0.5555555556016888,0.5000000000207072
C1,0.1,0.5,2,10,0.1666666666666667,0.4,1.15936279296875,0.1666665340483302,0.555555555602063,0.5000000000208868
C1,0.1,0.5,2,10,0.1666666666666667,0.4,1.169357299804688,0.1666665488003306,0.5555555556024429,0.5000000000210665
C1,0.1,0.5,2,10,0.1666666666666667,0.4,1.179351806640625,0.1666665619147507,0.555555555602828,0.500000000021247
C1,0.1,0.5,2,10,0.1666666666666667,0.4,1.189346313476562,0.1666665735729426,0.5555555556032168,0.5000000000214271
C1,0.1,0.5,2,10,0.1666666666666667,0.4,1.1993408203125,0.1666665839362283,0.5555555556036083,0.5000000000216077
C1,0.1,0.5,2,10,0.1666666666666667,0.4,1.209335327148438,0.1666665931481081,0.5555555556040024,0.5000000000217886
C1,0.1,0.5,2,10,0.1666666666666667,0.4,1.219329833984375,0.1666666013362209,0.5555555556043985,0.5000000000219695
C1,0.1,0.5,2,10,0.1666666666666667,0.4,1.229324340820312,0.1666666086140928,0.5555555556047964,0.5000000000221507
C1,0.1,0.5,2,10,0.1666666666666667,0.4,1.23931884765625,0.1666666150826928,0.5555555556051939,0.5000000000223315
C1,0.1,0.5,2,10,0.1666666666666667,0.4,1.249313354492188,0.1666666208318196,0.5555555556055933,0.5000000000225122
C1,0.1,0.5,2,10,0.1666666666666667,0.4,1.259307861328125,0.1666666259413294,0.555555555605993,0.5000000000226932
C1,0.1,0.5,2,10,0.1666666666666667,0.4,1.269302368164062,0.1666666304822377,0.5555555556063931,0.500000000022874
C1,0.1,0.5,2,10,0.1666666666666667,0.4,1.279296875,0.1666666345176942,0.5555555556067937,0.5000000000230553
C1,0.1,0.5,2,10,0.1666666666666667,0.4,1.289291381835938,0.1666666381038491,0.5555555556071952,0.5000000000232362
C1,0.1,0.5,2,10,0.1666666666666667,0.4,1.299285888671875,0.1666666412906313,0.5555555556075957,0.5000000000234166
C1,0.1,0.5,2,10,0.1666666666666667,0.4,1.309280395507812,0.1666666441224326,0.5555555556079974,0.500000000023598
C1,0.1,0.5,2,10,0.1666666666666667,0.4,1.31927490234375,0.1666666466387213,0.5555555556083989,0.5000000000237788
C1,0.1,0.5,2,10,0.1666666666666667,0.4,1.329269409179688,0.1666666488745868,0.5555555556087992,0.5000000000239595
C1,0.1,0.5,2,10,0.1666666666666667,0.4,1.339263916015625,0.1666666508612244,0.5555555556092018,0.5000000000241402
C1,0.1,0.5,2,10,0.1666666666666667,0.4,1.349258422851562,0.1666666526263669,0.555555555609603,0.500000000024321
C1,0.1,0.5,2,10,0.1666666666666667,0.4,1.3592529296875,0.1666666541946658,0.5555555556100042,0.5000000000245015
C1,0.1,0.5,2,10,0.1666666666666667,0.4,1.369247436523438,0.1666666555880351,0.5555555556104056,0.5000000000246825
C1,0.1,0.5,2,10,0.1666666666666667,0.4,1.379241943359375,0.1666666568259546,0.5555555556108074,0.5000000000248631
C1,0.1,0.5,2,10,0.1666666666666667,0.4,1.389236450195312,0.166666657925738,0.5555555556112095,0.5000000000250439
C1,0.1,0.5,2,10,0.1666666666666667,0.4,1.39923095703125,0.1666666589027751,0.5555555556116102,0.5000000000252247
C1,0.1,0.5,2,10,0.1666666666666667,0.4,1.409225463867188,0.1666666597707443,0.5555555556120126,0.5000000000254061
C1,0.1,0.5,2,10,0.1666666666666667,0.4,1.419219970703125,0.1666666605418015,0.5555555556124144,0.5000000000255865
C1,0.1,0.5,2,10,0.1666666666666667,0.4,1.429214477539062,0.1666666612267513,0.5555555556128169,0.5000000000257677
C1,0.1,0.5,2,10,0.1666666666666667,0.4,1.439208984375,0.1666666618351952,0.5555555556132188,0.5000000000259488
C1,0.1,0.5,2,10,0.1666666666666667,0.4,1.449203491210938,0.1666666623756656,0.5555555556136204,0.5000000000261295
C1,0.1,0.5,2,10,0.1666666666666667,0.4,1.459197998046875,0.1666666628557459,0.5555555556140225,0.5000000000263101
C1,0.1,0.5,2,10,0.1666666666666667,0.4,1.469192504882812,0.1666666632821737,0.5555555556144247,0.500000000026491
C1,0.1,0.5,2,10,0.1666666666666667,0.4,1.47918701171875,0.1666666636609365,0.5555555556148257,0.5000000000266718
C1,0.1,0.5,2,10,0.1666666666666667,0.4,1.489181518554688,0.1666666639973558,0.5555555556152276,0.5000000000268525
C1,0.1,0.5,2,10,0.1666666666666667,0.4,1.499176025390625,0.1666666642961585,0.55555555561563,0.5000000000270333
C1,0.1,0.5,2,10,0.1666666666666667,0.4,1.509170532226562,0.1666666645615454,0.5555555556160304,0.5000000000272138
C1,0.1,0.5,2,10,0.1666666666666667,0.4,1.5191650390625,0.1666666647972483,0.5555555556164324,0.5000000000273948
C1,0.1,0.5,2,10,0.1666666666666667,0.4,1.529159545898438,0.1666666650065831,0.5555555556168353,0.5000000000275762
C1,0.1,0.5,2,10,0.1666666666666667,0.4,1.539154052734375,0.1666666651924956,0.5555555556172367,0.5000000000277568
C1,0.1,0.5,2,10,0.1666666666666667,0.4,1.549148559570312,0.1666666653576039,0.5555555556176377,0.5000000000279371
C1,0.1,0.5,2,10,0.1666666666666667,0.4,1.55914306640625,0.166666665504233,0.5555555556180396,0.5000000000281182
C1,0.1,0.5,2,10,0.1666666666666667,0.4,1.569137573242188,0.1666666656344493,0.5555555556184408,0.5000000000282988
C1,0.1,0.5,2,10,0.1666666666666667,0.4,1.579132080078125,0.1666666657500871,0.5555555556188425,0.5000000000284794
C1,0.1,0.5,2,10,0.1666666666666667,0.4,1.589126586914062,0.1666666658527761,0.5555555556192453,0.5000000000286607
C1,0.1,0.5,2,10,0.1666666666666667,0.4,1.59912109375,0.1666666659439645,0.5555555556196471,0.5000000000288415
C1,0.1,0.5,2,10,0.1666666666666667,0.4,1.609115600585938,0.1666666660249411,0.555555555620049,0.500000000029022
C1,0.1,0.5,2,10,0.1666666666666667,0.4,1.619110107421875,0.166666666096846,0.555555555620451,0.500000000029203
C1,0.1,0.5,2,10,0.1666666666666667,0.4,1.629104614257812,0.1666666661606936,0.5555555556208527,0.5000000000293839
C1,0.1,0.5,2,10,0.1666666666666667,0.4,1.63909912109375,0.1666666662173894,0.5555555556212536,0.5000000000295642
C1,0.1,0.5,2,10,0.1666666666666667,0.4,1.649093627929688,0.1666666662677316,0.5555555556216563,0.5000000000297458
C1,0.1,0.5,2,10,0.1666666666666667,0.4,1.659088134765625,0.1666666663124318,0.5555555556220564,0.5000000000299255
C1,0.1,0.5,2,10,0.1666666666666667,0.4,1.669082641601562,0.1666666663521191,0.5555555556224582,0.5000000000301066
C1,0.1,0.5,2,10,0.1666666666666667,0.4,1.6790771484375,0.1666666663873602,0.5555555556228592,0.5000000000302868
C1,0.1,0.5,2,10,0.1666666666666667,0.4,1.689071655273438,0.1666666664186457,0.555555555623262,0.5000000000304682
C1,0.1,0.5,2,10,0.1666666666666667,0.4,1.699066162109375,0.1666666664464266,0.5555555556236638,0.5000000000306489
C1,0.1,0.5,2,10,0.1666666666666667,0.4,1.709060668945312,0.1666666664710935,0.5555555556240659,0.50000000003083
C1,0.1,0.5,2,10,0.1666666666666667,0.4,1.71905517578125,0.1666666664929884,0.555555555624464,0.5000000000310088
C1,0.1,0.5,2,10,0.1666666666666667,0.4,1.729049682617188,0.1666666665124332,0.5555555556248646,0.5000000000311893
C1,0.1,0.5,2,10,0.1666666666666667,0.4,1.739044189453125,0.1666666665296906,0.5555555556252703,0.500000000031372
C1,0.1,0.5,2,10,0.1666666666666667,0.4,1.749038696289062,0.1666666665450153,0.5555555556256701,0.5000000000315518
C1,0.1,0.5,2,10,0.1666666666666667,0.4,1.759033203125,0.1666666665586204,0.5555555556260735,0.5000000000317331
C1,0.1,0.5,2,10,0.1666666666666667,0.4,1.769027709960938,0.1666666665706991,0.5555555556264784,0.5000000000319154
C1,0.1,0.5,2,10,0.1666666666666667,0.4,1.779022216796875,0.1666666665814257,0.5555555556268772,0.5000000000320947
C1,0.1,0.5,2,10,0.1666666666666667,0.4,1.789016723632812,0.1666666665909403,0.5555555556272727,0.5000000000322731
C1,0.1,0.5,2,10,0.1666666666666667,0.4,1.79901123046875,0.1666666665993902,0.5555555556276668,0.5000000000324504
C1,0.1,0.5,2,10,0.1666666666666667,0.4,1.809005737304688,0.166666666606897,0.5555555556280627,0.5000000000326285
C1,0.1,0.5,2,10,0.1666666666666667,0.4,1.819000244140625,0.1666666666135498,0.5555555556284593,0.5000000000328069
C1,0.1,0.5,2,10,0.1666666666666667,0.4,1.828994750976562,0.1666666666194631,0.5555555556288662,0.5000000000329899
C1,0.1,0.5,2,10,0.1666666666666667,0.4,1.8389892578125,0.166666666624704,0.5555555556292772,0.500000000033175
C1,0.1,0.5,2,10,0.1666666666666667,0.4,1.848983764648438,0.1666666666293561,0.5555555556296861,0.5000000000333583
C1,0.1,0.5,2,10,0.1666666666666667,0.4,1.858978271484375,0.1666666666334934,0.5555555556300973,0.5000000000335441
C1,0.1,0.5,2,10,0.1666666666666667,0.4,1.868972778320312,0.1666666666371711,0.5555555556305061,0.5000000000337279
C1,0.1,0.5,2,10,0.1666666666666667,0.4,1.87896728515625,0.1666666666404191,0.5555555556309113,0.5000000000339101
C1,0.1,0.5,2,10,0.1666666666666667,0.4,1.888961791992188,0.1666666666433042,0.555555555631316,0.5000000000340923
C1,0.1,0.5,2,10,0.1666666666666667,0.4,1.898956298828125,0.166666666645882,0.5555555556317558,0.5000000000342903
C1,0.1,0.5,2,10,0.1666666666666667,0.4,1.908950805664062,0.1666666666481643,0.5555555556321544,0.5000000000344695
C1,0.1,0.5,2,10,0.1666666666666667,0.4,1.9189453125,0.1666666666501738,0.5555555556325551,0.5000000000346501
C1,0.1,0.5,2,10,0.1666666666666667,0.4,1.928939819335938,0.1666666666519589,0.5555555556329655,0.5000000000348348
C1,0.1,0.5,2,10,0.1666666666666667,0.4,1.938934326171875,0.1666666666535701,0.5555555556333711,0.5000000000350171
C1,0.1,0.5,2,10,0.1666666666666667,0.4,1.948928833007812,0.1666666666549984,0.5555555556337624,0.5000000000351931
C1,0.1,0.5,2,10,0.1666666666666667,0.4,1.95892333984375,0.1666666666562568,0.5555555556341387,0.5000000000353628
C1,0.1,0.5,2,10,0.1666666666666667,0.4,1.968917846679688,0.1666666666573649,0.5555555556345135,0.500000000035531
C1,0.1,0.5,2,10,0.1666666666666667,0.4,1.978912353515625,0.1666666666583635,0.5555555556349118,0.5000000000357105
C1,0.1,0.5,2,10,0.1666666666666667,0.4,1.988906860351562,0.1666666666592391,0.5555555556353069,0.5000000000358883
C1,0.1,0.5,2,10,0.1666666666666667,0.4,1.9989013671875,0.1666666666600102,0.5555555556356829,0.5000000000360573
C1,0.1,0.5,2,10,0.1666666666666667,0.4,2.008895874023438,0.1666666666606829,0.5555555556360665,0.5000000000362302
C1,0.1,0.5,2,10,0.1666666666666667,0.4,2.018890380859375,0.1666666666612789,0.5555555556364535,0.5000000000364043
C1,0.1,0.5,2,10,0.1666666666666667,0.4,2.028884887695312,0.1666666666618564,0.5555555556368497,0.5000000000365824
C1,0.1,0.5,2,10,0.1666666666666667,0.4,2.03887939453125,0.1666666666623603,0.5555555556372505,0.5000000000367629
C1,0.1,0.5,2,10,0.1666666666666667,0.4,2.048873901367188,0.1666666666627979,0.5555555556376455,0.5000000000369407
C1,0.1,0.5,2,10,0.1666666666666667,0.4,2.058868408203125,0.1666666666631795,0.5555555556380457,0.5000000000371205
C1,0.1,0.5,2,10,0.1666666666666667,0.4,2.068862915039062,0.1666666666635068,0.5555555556384475,0.5000000000373016
C1,0.1,0.5,2,10,0.1666666666666667,0.4,2.078857421875,0.1666666666637959,0.5555555556388392,0.5000000000374778
C1,0.1,0.5,2,10,0.1666666666666667,0.4,2.088851928710938,0.1666666666640726,0.5555555556392426,0.5000000000376589
C1,0.1,0.5,2,10,0.1666666666666667,0.4,2.098846435546875,0.1666666666643095,0.5555555556396479,0.5000000000378423
C1,0.1,0.5,2,10,0.1666666666666667,0.4,2.108840942382812,0.1666666666645107,0.5555555556400524,0.5000000000380236
C1,0.1,0.5,2,10,0.1666666666666667,0.4,2.11883544921875,0.1666666666646813,0.555555555640453,0.5000000000382042
C1,0.1,0.5,2,10,0.1666666666666667,0.4,2.128829956054688,0.1666666666648274,0.555555555640858,0.5000000000383866
C1,0.1,0.5,2,10,0.1666666666666667,0.4,2.138824462890625,0.1666666666649488,0.5555555556412739,0.5000000000385729
C1,0.1,0.5,2,10,0.1666666666666667,0.4,2.148818969726562,0.1666666666650774,0.5555555556416885,0.50000000003876
C1,0.1,0.5,2,10,0.1666666666666667,0.4,2.1588134765625,0.1666666666652097,0.5555555556421022,0.5000000000389463
C1,0.1,0.5,2,10,0.1666666666666667,0.4,2.168807983398438,0.1666666666653291,0.5555555556425171,0.5000000000391328
C1,0.1,0.5,2,10,0.1666666666666667,0.4,2.178802490234375,0.1666666666654306,0.5555555556429186,0.5000000000393133
C1,0.1,0.5,2,10,0.1666666666666667,0.4,2.188796997070312,0.1666666666655188,0.5555555556433001,0.5000000000394849
C1,0.1,0.5,2,10,0.1666666666666667,0.4,2.19879150390625,0.1666666666655883,0.5555555556436734,0.5000000000396531
C1,0.1,0.5,2,10,0.1666666666666667,0.4,2.208786010742188,0.1666666666656645,0.555555555644053,0.5000000000398238
C1,0.1,0.5,2,10,0.1666666666666667,0.4,2.218780517578125,0.1666666666657408,0.5555555556444406,0.5000000000399981
C1,0.1,0.5,2,10,0.1666666666666667,0.4,2.228775024414062,0.1666666666657932,0.5555555556448176,0.5000000000401678
C1,0.1,0.5,2,10,0.1666666666666667,0.4,2.23876953125,0.1666666666658453,0.5555555556451958,0.500000000040338
C1,0.1,0.5,2,10,0.1666666666666667,0.4,2.248764038085938,0.1666666666658757,0.5555555556455711,0.500000000040507
C1,0.1,0.5,2,10,0.1666666666666667,0.4,2.258758544921875,0.1666666666658927,0.5555555556459431,0.5000000000406747
C1,0.1,0.5,2,10,0.1666666666666667,0.4,2.268753051757812,0.1666666666659095,0.5555555556463166,0.5000000000408432
C1,0.1,0.5,2,10,0.1666666666666667,0.4,2.27874755859375,0.1666666666659511,0.5555555556467013,0.5000000000410142
C1,0.1,0.5,2,10,0.1666666666666667,0.4,2.288742065429688,0.1666666666659682,0.5555555556470784,0.5000000000411848
C1,0.1,0.5,2,10,0.1666666666666667,0.4,2.298736572265625,0.166666666665984,0.5555555556474544,0.5000000000413546
C1,0.1,0.5,2,10,0.1666666666666667,0.4,2.308731079101562,0.1666666666660001,0.5555555556478322,0.5000000000415247
C1,0.1,0.5,2,10,0.1666666666666667,0.4,2.3187255859375,0.1666666666660159,0.5555555556482111,0.5000000000416952
C1,0.1,0.5,2,10,0.1666666666666667,0.4,2.328720092773438,0.1666666666659988,0.5555555556485819,0.500000000041861
C1,0.1,0.5,2,10,0.1666666666666667,0.4,2.338714599609375,0.1666666666659797,0.55555555564895,0.500000000042028
C1,0.1,0.5,2,10,0.1666666666666667,0.4,2.348709106445312,0.1666666666660221,0.5555555556493257,0.5000000000421967
C1,0.1,0.5,2,10,0.1666666666666667,0.4,2.35870361328125,0.1666666666660745,0.5555555556497035,0.5000000000423662
C1,0.1,0.5,2,10,0.1666666666666667,0.4,2.368698120117188,0.1666666666660962,0.5555555556500786,0.5000000000425354
C1,0.1,0.5,2,10,0.1666666666666667,0.4,2.378692626953125,0.1666666666661128,0.555555555650455,0.5000000000427054
C1,0.1,0.5,2,10,0.1666666666666667,0.4,2.388687133789062,0.1666666666661294,0.555555555650832,0.5000000000428749
C1,0.1,0.5,2,10,0.1666666666666667,0.4,2.398681640625,0.1666666666661458,0.5555555556512094,0.5000000000430447
C1,0.1,0.5,2,10,0.1666666666666667,0.4,2.408676147460938,0.1666666666661334,0.5555555556515781,0.5000000000432108
C1,0.1,0.5,2,10,0.1666666666666667,0.4,2.418670654296875,0.1666666666661402,0.5555555556519516,0.5000000000433785
C1,0.1,0.5,2,10,0.1666666666666667,0.4,2.428665161132812,0.1666666666661568,0.5555555556523271,0.5000000000435474
C1,0.1,0.5,2,10,0.1666666666666667,0.4,2.43865966796875,0.166666666666173,0.5555555556527036,0.5000000000437167
C1,0.1,0.5,2,10,0.1666666666666667,0.4,2.448654174804688,0.1666666666661807,0.5555555556530796,0.500000000043886
C1,0.1,0.5,2,10,0.1666666666666667,0.4,2.458648681640625,0.1666666666661619,0.5555555556534488,0.5000000000440518
C1,0.1,0.5,2,10,0.1666666666666667,0.4,2.468643188476562,0.166666666666143,0.5555555556538194,0.5000000000442189
C1,0.1,0.5,2,10,0.1666666666666667,0.4,2.4786376953125,0.166666666666124,0.5555555556541903,0.5000000000443863
C1,0.1,0.5,2,10,0.1666666666666667,0.4,2.488632202148438,0.1666666666661253,0.5555555556545655,0.5000000000445545
C1,0.1,0.5,2,10,0.1666666666666667,0.4,2.498626708984375,0.1666666666661412,0.5555555556549429,0.5000000000447247
C1,0.1,0.5,2,10,0.1666666666666667,0.4,2.508621215820312,0.1666666666661442,0.5555555556553189,0.5000000000448931
C1,0.1,0.5,2,10,0.1666666666666667,0.4,2.51861572265625,0.1666666666661253,0.5555555556556884,0.5000000000450606
C1,0.1,0.5,2,10,0.1666666666666667,0.4,2.528610229492188,0.1666666666661063,0.555555555656059,0.5000000000452267
C1,0.1,0.5,2,10,0.1666666666666667,0.4,2.538604736328125,0.1666666666660901,0.5555555556564291,0.5000000000453936
C1,0.1,0.5,2,10,0.1666666666666667,0.4,2.548599243164062,0.1666666666661071,0.5555555556568017,0.500000000045561
C1,0.1,0.5,2,10,0.1666666666666667,0.4,2.55859375,0.1666666666661406,0.5555555556571758,0.500000000045729
C1,0.1,0.5,2,10,0.1666666666666667,0.4,2.568588256835938,0.1666666666661598,0.5555555556575495,0.5000000000458974
C1,0.1,0.5,2,10,0.1666666666666667,0.4,2.578582763671875,0.1666666666661765,0.5555555556579226,0.5000000000460656
C1,0.1,0.5,2,10,0.1666666666666667,0.4,2.588577270507812,0.166666666666193,0.5555555556582981,0.5000000000462346
C1,0.1,0.5,2,10,0.1666666666666667,0.4,2.59857177734375,0.1666666666662092,0.555555555658674,0.5000000000464035
C1,0.1,0.5,2,10,0.1666666666666667,0.4,2.608566284179688,0.1666666666661945,0.555555555659039,0.5000000000465675
C1,0.1,0.5,2,10,0.1666666666666667,0.4,2.618560791015625,0.1666666666661763,0.555555555659403,0.500000000046731
C1,0.1,0.5,2,10,0.1666666666666667,0.4,2.628555297851562,0.1666666666661688,0.555555555659772,0.5000000000468977
C1,0.1,0.5,2,10,0.1666666666666667,0.4,2.6385498046875,0.1666666666661852,0.5555555556601479,0.5000000000470666
C1,0.1,0.5,2,10,0.1666666666666667,0.4,2.648544311523438,0.1666666666662014,0.5555555556605249,0.5000000000472363
C1,0.1,0.5,2,10,0.1666666666666667,0.4,2.658538818359375,0.1666666666661983,0.5555555556608945,0.5000000000474029
C1,0.1,0.5,2,10,0.1666666666666667,0.4,2.668533325195312,0.1666666666661801,0.55555555566126,0.5000000000475671
C1,0.1,0.5,2,10,0.1666666666666667,0.4,2.67852783203125,0.1666666666661619,0.5555555556616252,0.5000000000477307
C1,0.1,0.5,2,10,0.1666666666666667,0.4,2.688522338867188,0.1666666666661431,0.5555555556619921,0.5000000000478978
C1,0.1,0.5,2,10,0.1666666666666667,0.4,2.698516845703125,0.1666666666661283,0.555555555662362,0.5000000000480633
C1,0.1,0.5,2,10,0.1666666666666667,0.4,2.708511352539062,0.1666666666661448,0.5555555556627375,0.5000000000482326
C1,0.1,0.5,2,10,0.1666666666666667,0.4,2.718505859375,0.1666666666661503,0.5555555556631115,0.5000000000484007
C1,0.1,0.5,2,10,0.1666666666666667,0.4,2.728500366210938,0.1666666666661324,0.5555555556634753,0.500000000048564
C1,0.1,0.5,2,10,0.1666666666666667,0.4,2.738494873046875,0.1666666666661144,0.5555555556638387,0.5000000000487274
C1,0.1,0.5,2,10,0.1666666666666667,0.4,2.748489379882812,0.1666666666661278,0.5555555556642062,0.5000000000488931
C1,0.1,0.5,2,10,0.1666666666666667,0.4,2.75848388671875,0.1666666666661455,0.5555555556645727,0.500000000049058
C1,0.1,0.5,2,10,0.1666666666666667,0.4,2.768478393554688,0.1666666666661611,0.5555555556649407,0.5000000000492228
C1,0.1,0.5,2,10,0.1666666666666667,0.4,2.778472900390625,0.1666666666661755,0.5555555556653095,0.5000000000493889
C1,0.1,0.5,2,10,0.1666666666666667,0.4,2.788467407226562,0.1666666666661925,0.5555555556656805,0.5000000000495561
C1,0.1,0.5,2,10,0.1666666666666667,0.4,2.7984619140625,0.1666666666662095,0.5555555556660512,0.5000000000497234
C1,0.1,0.5,2,10,0.1666666666666667,0.4,2.808456420898438,0.1666666666662264,0.5555555556664242,0.5000000000498911
C1,0.1,0.5,2,10,0.1666666666666667,0.4,2.818450927734375,0.1666666666662114,0.5555555556667827,0.5000000000500524
C1,0.1,0.5,2,10,0.1666666666666667,0.4,2.828445434570312,0.1666666666661946,0.5555555556671388,0.5000000000502128
C1,0.1,0.5,2,10,0.1666666666666667,0.4,2.83843994140625,0.1666666666661772,0.5555555556674985,0.5000000000503744
C1,0.1,0.5,2,10,0.1666666666666667,0.4,2.848434448242188,0.1666666666661812,0.5555555556678662,0.5000000000505396
C1,0.1,0.5,2,10,0.1666666666666667,0.4,2.858428955078125,0.1666666666661978,0.5555555556682381,0.500000000050707
C1,0.1,0.5,2,10,0.1666666666666667,0.4,2.868423461914062,0.1666666666662059,0.5555555556686089,0.5000000000508737
C1,0.1,0.5,2,10,0.1666666666666667,0.4,2.87841796875,0.1666666666661889,0.5555555556689681,0.5000000000510354
C1,0.1,0.5,2,10,0.1666666666666667,0.4,2.888412475585938,0.1666666666661716,0.5555555556693269,0.5000000000511972
C1,0.1,0.5,2,10,0.1666666666666667,0.4,2.898406982421875,0.166666666666154,0.5555555556696872,0.5000000000513594
C1,0.1,0.5,2,10,0.1666666666666667,0.4,2.908401489257812,0.1666666666661359,0.5555555556700504,0.5000000000515221
C1,0.1,0.5,2,10,0.1666666666666667,0.4,2.91839599609375,0.1666666666661292,0.5555555556704203,0.5000000000516881
C1,0.1,0.5,2,10,0.1666666666666667,0.4,2.928390502929688,0.1666666666661455,0.5555555556707942,0.500000000051857
C1,0.1,0.5,2,10,0.1666666666666667,0.4,2.938385009765625,0.1666666666661363,0.5555555556711569,0.5000000000520209
C1,0.1,0.5,2,10,0.1666666666666667,0.4,2.948379516601562,0.1666666666661346,0.5555555556715182,0.5000000000521828
C1,0.1,0.5,2,10,0.1666666666666667,0.4,2.9583740234375,0.166666666666152,0.555555555671886,0.5000000000523493
C1,0.1,0.5,2,10,0.1666666666666667,0.4,2.968368530273438,0.1666666666661696,0.5555555556722546,0.5000000000525148
C1,0.1,0.5,2,10,0.1666666666666667,0.4,2.978363037109375,0.1666666666661844,0.5555555556726235,0.5000000000526799
C1,0.1,0.5,2,10,0.1666666666666667,0.4,2.988357543945312,0.1666666666661719,0.5555555556729814,0.5000000000528425
C1,0.1,0.5,2,10,0.1666666666666667,0.4,2.99835205078125,0.1666666666661886,0.5555555556733542,0.5000000000530094
C1,0.1,0.5,2,10,0.1666666666666667,0.4,3.008346557617188,0.1666666666662051,0.5555555556737286,0.5000000000531776
C1,0.1,0.5,2,10,0.1666666666666667,0.4,3.018341064453125,0.1666666666662211,0.5555555556741052,0.5000000000533469
C1,0.1,0.5,2,10,0.1666666666666667,0.4,3.028335571289062,0.1666666666662184,0.5555555556744731,0.5000000000535135
C1,0.1,0.5,2,10,0.1666666666666667,0.4,3.038330078125,0.1666666666662012,0.5555555556748326,0.500000000053675
C1,0.1,0.5,2,10,0.1666666666666667,0.4,3.048324584960938,0.1666666666661842,0.5555555556751902,0.5000000000538358
C1,0.1,0.5,2,10,0.1666666666666667,0.4,3.058319091796875,0.1666666666661667,0.5555555556755495,0.5000000000539973
C1,0.1,0.5,2,10,0.1666666666666667,0.4,3.068313598632812,0.1666666666661791,0.5555555556759217,0.500000000054165
C1,0.1,0.5,2,10,0.1666666666666667,0.4,3.07830810546875,0.1666666666661955,0.5555555556762967,0.500000000054334
C1,0.1,0.5,2,10,0.1666666666666667,0.4,3.088302612304688,0.1666666666661889,0.5555555556766621,0.5000000000544979
C1,0.1,0.5,2,10,0.1666666666666667,0.4,3.098297119140625,0.1666666666661719,0.5555555556770188,0.5000000000546584
C1,0.1,0.5,2,10,0.1666666666666667,0.4,3.108291625976562,0.166666666666155,0.5555555556773752,0.5000000000548193
C1,0.1,0.5,2,10,0.1666666666666667,0.4,3.1182861328125,0.1666666666661375,0.5555555556777341,0.5000000000549805
C1,0.1,0.5,2,10,0.1666666666666667,0.4,3.128280639648438,0.1666666666661204,0.5555555556780917,0.5000000000551414
C1,0.1,0.5,2,10,0.1666666666666667,0.4,3.138275146484375,0.1666666666661217,0.5555555556784568,0.5000000000553059
C1,0.1,0.5,2,10,0.1666666666666667,0.4,3.148269653320312,0.1666666666661358,0.5555555556788296,0.5000000000554735
C1,0.1,0.5,2,10,0.1666666666666667,0.4,3.15826416015625,0.1666666666661536,0.5555555556791955,0.5000000000556382
C1,0.1,0.5,2,10,0.1666666666666667,0.4,3.168258666992188,0.166666666666171,0.5555555556795639,0.5000000000558038
C1,0.1,0.5,2,10,0.1666666666666667,0.4,3.178253173828125,0.1666666666661881,0.5555555556799348,0.5000000000559705
C1,0.1,0.5,2,10,0.1666666666666667,0.4,3.188247680664062,0.1666666666662045,0.5555555556803065,0.5000000000561384
C1,0.1,0.5,2,10,0.1666666666666667,0.4,3.1982421875,0.166666666666188,0.5555555556806627,0.5000000000562982
C1,0.1,0.5,2,10,0.1666666666666667,0.4,3.208236694335938,0.1666666666661833,0.5555555556810216,0.5000000000564597
C1,0.1,0.5,2,10,0.1666666666666667,0.4,3.218231201171875,0.1666666666662008,0.5555555556813886,0.5000000000566249
C1,0.1,0.5,2,10,0.1666666666666667,0.4,3.228225708007812,0.166666666666218,0.5555555556817593,0.5000000000567918
C1,0.1,0.5,2,10,0.1666666666666667,0.4,3.23822021484375,0.1666666666662304,0.5555555556821272,0.5000000000569575
C1,0.1,0.5,2,10,0.1666666666666667,0.4,3.248214721679688,0.1666666666662139,0.5555555556824823,0.5000000000571168
C1,0.1,0.5,2,10,0.1666666666666667,0.4,3.258209228515625,0.1666666666661974,0.555555555682835,0.500000000057276
C1,0.1,0.5,2,10,0.1666666666666667,0.4,3.268203735351562,0.1666666666661808,0.5555555556831897,0.5000000000574357
C1,0.1,0.5,2,10,0.1666666666666667,0.4,3.2781982421875,0.1666666666661636,0.5555555556835452,0.5000000000575953
C1,0.1,0.5,2,10,0.1666666666666667,0.4,3.288192749023438,0.1666666666661788,0.5555555556839179,0.5000000000577636
C1,0.1,0.5,2,10,0.1666666666666667,0.4,3.298187255859375,0.1666666666661941,0.5555555556842948,0.5000000000579329
C1,0.1,0.5,2,10,0.1666666666666667,0.4,3.308181762695312,0.1666666666661766,0.5555555556846545,0.5000000000580946
C1,0.1,0.5,2,10,0.1666666666666667,0.4,3.31817626953125,0.1666666666661593,0.5555555556850138,0.5000000000582568
C1,0.1,0.5,2,10,0.1666666666666667,0.4,3.328170776367188,0.166666666666142,0.5555555556853713,0.500000000058417
C1,0.1,0.5,2,10,0.1666666666666667,0.4,3.338165283203125,0.1666666666661247,0.5555555556857292,0.5000000000585783
C1,0.1,0.5,2,10,0.1666666666666667,0.4,3.348159790039062,0.1666666666661074,0.5555555556860867,0.500000000058739
C1,0.1,0.5,2,10,0.1666666666666667,0.4,3.358154296875,0.1666666666661268,0.5555555556864527,0.5000000000589042
C1,0.1,0.5,2,10,0.1666666666666667,0.4,3.368148803710938,0.1666666666661564,0.555555555686823,0.5000000000590703
C1,0.1,0.5,2,10,0.1666666666666667,0.4,3.378143310546875,0.1666666666661737,0.5555555556871907,0.5000000000592366
C1,0.1,0.5,2,10,0.1666666666666667,0.4,3.388137817382812,0.1666666666661905,0.5555555556875625,0.5000000000594034
C1,0.1,0.5,2,10,0.1666666666666667,0.4,3.39813232421875,0.1666666666662072,0.5555555556879357,0.5000000000595711
C1,0.1,0.5,2,10,0.1666666666666667,0.4,3.408126831054688,0.1666666666662029,0.5555555556882981,0.5000000000597343
C1,0.1,0.5,2,10,0.1666666666666667,0.4,3.418121337890625,0.1666666666661858,0.5555555556886567,0.5000000000598953
C1,0.1,0.5,2,10,0.1666666666666667,0.4,3.428115844726562,0.1666666666661844,0.5555555556890184,0.5000000000600583
C1,0.1,0.5,2,10,0.1666666666666667,0.4,3.4381103515625,0.1666666666662012,0.5555555556893876,0.5000000000602247
C1,0.1,0.5,2,10,0.1666666666666667,0.4,3.448104858398438,0.1666666666662177,0.5555555556897622,0.5000000000603932
C1,0.1,0.5,2,10,0.1666666666666667,0.4,3.458099365234375,0.1666666666662174,0.5555555556901295,0.5000000000605587
C1,0.1,0.5,2,10,0.1666666666666667,0.4,3.468093872070312,0.1666666666662,0.555555555690488,0.5000000000607201
C1,0.1,0.5,2,10,0.1666666666666667,0.4,3.47808837890625,0.1666666666661828,0.5555555556908466,0.5000000000608813
C1,0.1,0.5,2,10,0.1666666666666667,0.4,3.488082885742188,0.1666666666661656,0.5555555556912043,0.5000000000610422
C1,0.1,0.5,2,10,0.1666666666666667,0.4,3.498077392578125,0.1666666666661536,0.5555555556915637,0.5000000000612036
C1,0.1,0.5,2,10,0.1666666666666667,0.4,3.508071899414062,0.1666666666661704,0.5555555556919353,0.5000000000613707
C1,0.1,0.5,2,10,0.1666666666666667,0.4,3.51806640625,0.1666666666661773,0.5555555556923032,0.5000000000615368
C1,0.1,0.5,2,10,0.1666666666666667,0.4,3.528060913085938,0.16666666666616,0.5555555556926615,0.5000000000616976
C1,0.1,0.5,2,10,0.1666666666666667,0.4,3.538055419921875,0.1666666666661432,0.5555555556930167,0.5000000000618573
C1,0.1,0.5,2,10,0.1666666666666667,0.4,3.548049926757812,0.1666666666661266,0.55555555569337,0.5000000000620168
C1,0.1,0.5,2,10,0.1666666666666667,0.4,3.55804443359375,0.1666666666661099,0.5555555556937251,0.5000000000621765
C1,0.1,0.5,2,10,0.1666666666666667,0.4,3.568038940429688,0.1666666666661228,0.5555555556940819,0.5000000000623371
C1,0.1,0.5,2,10,0.1666666666666667,0.4,3.578033447265625,0.1666666666661594,0.5555555556944439,0.5000000000624999
C1,0.1,0.5,2,10,0.1666666666666667,0.4,3.588027954101562,0.1666666666661774,0.5555555556948069,0.5000000000626637
C1,0.1,0.5,2,10,0.1666666666666667,0.4,3.5980224609375,0.1666666666661952,0.5555555556951735,0.500000000062828
C1,0.1,0.5,2,10,0.1666666666666667,0.4,3.608016967773438,0.1666666666662131,0.5555555556955386,0.5000000000629922
C1,0.1,0.5,2,10,0.1666666666666667,0.4,3.618011474609375,0.1666666666662229,0.5555555556959022,0.5000000000631555
C1,0.1,0.5,2,10,0.1666666666666667,0.4,3.628005981445312,0.1666666666662071,0.5555555556962514,0.5000000000633132
C1,0.1,0.5,2,10,0.1666666666666667,0.4,3.63800048828125,0.1666666666661913,0.5555555556966018,0.5000000000634706
C1,0.1,0.5,2,10,0.1666666666666667,0.4,3.647994995117188,0.166666666666189,0.5555555556969566,0.5000000000636307
C1,0.1,0.5,2,10,0.1666666666666667,0.4,3.657989501953125,0.1666666666662068,0.5555555556973218,0.5000000000637947
C1,0.1,0.5,2,10,0.1666666666666667,0.4,3.667984008789062,0.1666666666662244,0.5555555556976874,0.5000000000639596
C1,0.1,0.5,2,10,0.1666666666666667,0.4,3.677978515625,0.1666666666662154,0.5555555556980443,0.5000000000641204
C1,0.1,0.5,2,10,0.1666666666666667,0.4,3.687973022460938,0.1666666666661995,0.5555555556983944,0.5000000000642779
C1,0.1,0.5,2,10,0.1666666666666667,0.4,3.697967529296875,0.1666666666661835,0.555555555698745,0.5000000000644355
C1,0.1,0.5,2,10,0.1666666666666667,0.4,3.707962036132812,0.1666666666661675,0.5555555556990933,0.5000000000645922
C1,0.1,0.5,2,10,0.1666666666666667,0.4,3.71795654296875,0.166666666666151,0.5555555556994448,0.5000000000647495
C1,0.1,0.5,2,10,0.1666666666666667,0.4,3.727951049804688,0.1666666666661649,0.5555555556998151,0.5000000000649163
C1,0.1,0.5,2,10,0.1666666666666667,0.4,3.737945556640625,0.1666666666661702,0.5555555557001862,0.5000000000650849
C1,0.1,0.5,2,10,0.1666666666666667,0.4,3.747940063476562,0.166666666666153,0.555555555700544,0.5000000000652443
C1,0.1,0.5,2,10,0.1666666666666667,0.4,3.7579345703125,0.1666666666661356,0.5555555557009021,0.5000000000654061
C1,0.1,0.5,2,10,0.1666666666666667,0.4,3.767929077148438,0.1666666666661195,0.5555555557012608,0.5000000000655681
C1,0.1,0.5,2,10,0.1666666666666667,0.4,3.777923583984375,0.1666666666661379,0.5555555557016236,0.5000000000657309
C1,0.1,0.5,2,10,0.1666666666666667,0.4,3.787918090820312,0.1666666666661553,0.5555555557019897,0.5000000000658952
C1,0.1,0.5,2,10,0.1666666666666667,0.4,3.79791259765625,0.1666666666661737,0.5555555557023582,0.5000000000660609
C1,0.1,0.5,2,10,0.1666666666666667,0.4,3.807907104492188,0.1666666666661914,0.555555555702725,0.5000000000662267
C1,0.1,0.5,2,10,0.1666666666666667,0.4,3.817901611328125,0.1666666666662087,0.5555555557030947,0.5000000000663924
C1,0.1,0.5,2,10,0.1666666666666667,0.4,3.827896118164062,0.1666666666662258,0.5555555557034643,0.5000000000665591
C1,0.1,0.5,2,10,0.1666666666666667,0.4,3.837890625,0.1666666666662223,0.5555555557038265,0.5000000000667223
C1,0.1,0.5,2,10,0.1666666666666667,0.4,3.847885131835938,0.1666666666662055,0.5555555557041816,0.5000000000668818
C1,0.1,0.5,2,10,0.1666666666666667,0.4,3.857879638671875,0.1666666666661887,0.5555555557045357,0.5000000000670408
C1,0.1,0.5,2,10,0.1666666666666667,0.4,3.867874145507812,0.1666666666661841,0.5555555557048946,0.5000000000672024
C1,0.1,0.5,2,10,0.1666666666666667,0.4,3.87786865234375,0.1666666666662004,0.5555555557052662,0.50000000006737
C1,0.1,0.5,2,10,0.1666666666666667,0.4,3.887863159179688,0.1666666666662169,0.5555555557056402,0.5000000000675386
C1,0.1,0.5,2,10,0.1666666666666667,0.4,3.897857666015625,0.1666666666662015,0.5555555557060008,0.5000000000677007
C1,0.1,0.5,2,10,0.1666666666666667,0.4,3.907852172851562,0.1666666666661842,0.5555555557063591,0.5000000000678615
C1,0.1,0.5,2,10,0.1666666666666667,0.4,3.9178466796875,0.1666666666661669,0.5555555557067176,0.5000000000680233
C1,0.1,0.5,2,10,0.1666666666666667,0.4,3.927841186523438,0.1666666666661495,0.5555555557070762,0.5000000000681842
C1,0.1,0.5,2,10,0.1666666666666667,0.4,3.937835693359375,0.1666666666661335,0.5555555557074334,0.5000000000683449
C1,0.1,0.5,2,10,0.1666666666666667,0.4,3.947830200195312,0.1666666666661508,0.5555555557077998,0.5000000000685105
C1,0.1,0.5,2,10,0.1666666666666667,0.4,3.95782470703125,0.166666666666153,0.5555555557081628,0.5000000000686737
C1,0.1,0.5,2,10,0.1666666666666667,0.4,3.967819213867188,0.1666666666661365,0.5555555557085171,0.5000000000688327
C1,0.1,0.5,2,10,0.1666666666666667,0.4,3.977813720703125,0.1666666666661351,0.5555555557088734,0.500000000068993
C1,0.1,0.5,2,10,0.1666666666666667,0.4,3.987808227539062,0.1666666666661534,0.5555555557092346,0.5000000000691561
C1,0.1,0.5,2,10,0.1666666666666667,0.4,3.997802734375,0.1666666666661715,0.5555555557095986,0.5000000000693197
C1,0.1,0.5,2,10,0.1666666666666667,0.4,4.007797241210938,0.1666666666661764,0.555555555709956,0.50000000006948
C1,0.1,0.5,2,10,0.1666666666666667,0.4,4.017791748046875,0.1666666666661832,0.5555555557103128,0.500000000069641
C1,0.1,0.5,2,10,0.1666666666666667,0.4,4.027786254882812,0.1666666666662005,0.5555555557106809,0.5000000000698063
C1,0.1,0.5,2,10,0.1666666666666667,0.4,4.03778076171875,0.1666666666662179,0.5555555557110498,0.5000000000699726
C1,0.1,0.5,2,10,0.1666666666666667,0.4,4.047775268554688,0.1666666666662349,0.5555555557114201,0.5000000000701391
C1,0.1,0.5,2,10,0.1666666666666667,0.4,4.057769775390625,0.1666666666662183,0.5555555557117762,0.5000000000702995
C1,0.1,0.5,2,10,0.1666666666666667,0.4,4.067764282226562,0.166666666666202,0.5555555557121283,0.500000000070458
C1,0.1,0.5,2,10,0.1666666666666667,0.4,4.0777587890625,0.1666666666661855,0.5555555557124823,0.5000000000706171
C1,0.1,0.5,2,10,0.1666666666666667,0.4,4.087753295898438,0.1666666666661799,0.5555555557128378,0.5000000000707772
C1,0.1,0.5,2,10,0.1666666666666667,0.4,4.097747802734375,0.166666666666197,0.5555555557132056,0.500000000070943
C1,0.1,0.5,2,10,0.1666666666666667,0.4,4.107742309570312,0.1666666666662099,0.5555555557135761,0.5000000000711092
C1,0.1,0.5,2,10,0.1666666666666667,0.4,4.11773681640625,0.1666666666661938,0.5555555557139277,0.5000000000712678
C1,0.1,0.5,2,10,0.1666666666666667,0.4,4.127731323242188,0.1666666666661773,0.5555555557142812,0.5000000000714266
C1,0.1,0.5,2,10,0.1666666666666667,0.4,4.137725830078125,0.1666666666661609,0.5555555557146328,0.5000000000715848
C1,0.1,0.5,2,10,0.1666666666666667,0.4,4.147720336914062,0.1666666666661445,0.5555555557149843,0.5000000000717433
C1,0.1,0.5,2,10,0.1666666666666667,0.4,4.15771484375,0.1666666666661278,0.5555555557153375,0.5000000000719019
C1,0.1,0.5,2,10,0.1666666666666667,0.4,4.167709350585938,0.1666666666661414,0.5555555557156998,0.5000000000720649
C1,0.1,0.5,2,10,0.1666666666666667,0.4,4.177703857421875,0.1666666666661434,0.5555555557160601,0.5000000000722276
C1,0.1,0.5,2,10,0.1666666666666667,0.4,4.187698364257812,0.1666666666661505,0.5555555557164116,0.5000000000723855
C1,0.1,0.5,2,10,0.1666666666666667,0.4,4.19769287109375,0.1666666666661702,0.5555555557167663,0.5000000000725452
C1,0.1,0.5,2,10,0.1666666666666667,0.4,4.207687377929688,0.1666666666661893,0.5555555557171232,0.5000000000727052
C1,0.1,0.5,2,10,0.1666666666666667,0.4,4.217681884765625,0.1666666666662082,0.5555555557174801,0.5000000000728658
C1,0.1,0.5,2,10,0.1666666666666667,0.4,4.227676391601562,0.1666666666661926,0.5555555557178279,0.5000000000730227
C1,0.1,0.5,2,10,0.1666666666666667,0.4,4.2376708984375,0.1666666666661913,0.5555555557181791,0.5000000000731809
C1,0.1,0.5,2,10,0.1666666666666667,0.4,4.247665405273438,0.1666666666662094,0.5555555557185416,0.5000000000733436
C1,0.1,0.5,2,10,0.1666666666666667,0.4,4.257659912109375,0.1666666666662275,0.5555555557189055,0.5000000000735075
C1,0.1,0.5,2,10,0.1666666666666667,0.4,4.267654418945312,0.166666666666239,0.5555555557192698,0.5000000000736714
C1,0.1,0.5,2,10,0.1666666666666667,0.4,4.27764892578125,0.1666666666662233,0.5555555557196209,0.5000000000738293
C1,0.1,0.5,2,10,0.1666666666666667,0.4,4.287643432617188,0.1666666666662075,0.5555555557199696,0.5000000000739865
C1,0.1,0.5,2,10,0.1666666666666667,0.4,4.297637939453125,0.1666666666661915,0.555555555720318,0.5000000000741431
C1,0.1,0.5,2,10,0.1666666666666667,0.4,4.307632446289062,0.1666666666661758,0.5555555557206671,0.5000000000743
C1,0.1,0.5,2,10,0.1666666666666667,0.4,4.317626953125,0.1666666666661913,0.5555555557210323,0.5000000000744653
C1,0.1,0.5,2,10,0.1666666666666667,0.4,4.327621459960938,0.1666666666662071,0.5555555557214031,0.500000000074632
C1,0.1,0.5,2,10,0.1666666666666667,0.4,4.337615966796875,0.1666666666661904,0.5555555557217583,0.500000000074792
C1,0.1,0.5,2,10,0.1666666666666667,0.4,4.347610473632812,0.1666666666661733,0.5555555557221143,0.5000000000749512
C1,0.1,0.5,2,10,0.1666666666666667,0.4,4.35760498046875,0.1666666666661566,0.5555555557224687,0.5000000000751108
C1,0.1,0.5,2,10,0.1666666666666667,0.4,4.367599487304688,0.1666666666661398,0.555555555722823,0.5000000000752707
C1,0.1,0.5,2,10,0.1666666666666667,0.4,4.377593994140625,0.1666666666661233,0.5555555557231743,0.5000000000754289
C1,0.1,0.5,2,10,0.1666666666666667,0.4,4.387588500976562,0.1666666666661248,0.5555555557235347,0.5000000000755911
C1,0.1,0.5,2,10,0.1666666666666667,0.4,4.3975830078125,0.1666666666661526,0.5555555557239027,0.500000000075757
C1,0.1,0.5,2,10,0.1666666666666667,0.4,4.407577514648438,0.1666666666661701,0.5555555557242687,0.5000000000759212
C1,0.1,0.5,2,10,0.1666666666666667,0.4,4.417572021484375,0.1666666666661876,0.555555555724637,0.500000000076086
C1,0.1,0.5,2,10,0.1666666666666667,0.4,4.427566528320312,0.1666666666662048,0.5555555557250057,0.5000000000762537
C1,0.1,0.5,2,10,0.1666666666666667,0.4,4.43756103515625,0.1666666666662107,0.5555555557253693,0.5000000000764164
C1,0.1,0.5,2,10,0.1666666666666667,0.4,4.447555541992188,0.1666666666661945,0.5555555557257235,0.5000000000765756
C1,0.1,0.5,2,10,0.1666666666666667,0.4,4.457550048828125,0.1666666666661869,0.5555555557260787,0.5000000000767353
C1,0.1,0.5,2,10,0.1666666666666667,0.4,4.467544555664062,0.1666666666662045,0.5555555557264451,0.5000000000769004
C1,0.1,0.5,2,10,0.1666666666666667,0.4,4.4775390625,0.1666666666662217,0.5555555557268144,0.5000000000770658
C1,0.1,0.5,2,10,0.1666666666666667,0.4,4.487533569335938,0.16666666666623,0.5555555557271801,0.5000000000772309
C1,0.1,0.5,2,10,0.1666666666666667,0.4,4.497528076171875,0.1666666666662133,0.5555555557275342,0.5000000000773914
C1,0.1,0.5,2,10,0.1666666666666667,0.4,4.507522583007812,0.1666666666661968,0.5555555557278882,0.5000000000775499
C1,0.1,0.5,2,10,0.1666666666666667,0.4,4.51751708984375,0.1666666666661809,0.5555555557282379,0.5000000000777071
C1,0.1,0.5,2,10,0.1666666666666667,0.4,4.527511596679688,0.1666666666661648,0.5555555557285883,0.5000000000778647
C1,0.1,0.5,2,10,0.1666666666666667,0.4,4.537506103515625,0.1666666666661773,0.5555555557289518,0.5000000000780288
C1,0.1,0.5,2,10,0.1666666666666667,0.4,4.547500610351562,0.1666666666661934,0.5555555557293221,0.5000000000781952
C1,0.1,0.5,2,10,0.1666666666666667,0.4,4.5574951171875,0.1666666666661769,0.5555555557296762,0.5000000000783547
C1,0.1,0.5,2,10,0.1666666666666667,0.4,4.567489624023438,0.1666666666661607,0.5555555557300289,0.5000000000785133
C1,0.1,0.5,2,10,0.1666666666666667,0.4,4.577484130859375,0.1666666666661445,0.5555555557303804,0.5000000000786714
C1,0.1,0.5,2,10,0.1666666666666667,0.4,4.587478637695312,0.166666666666128,0.5555555557307317,0.5000000000788295
C1,0.1,0.5,2,10,0.1666666666666667,0.4,4.59747314453125,0.1666666666661117,0.555555555731083,0.5000000000789872
C1,0.1,0.5,2,10,0.1666666666666667,0.4,4.607467651367188,0.166666666666139,0.5555555557314389,0.5000000000791477
C1,0.1,0.5,2,10,0.1666666666666667,0.4,4.617462158203125,0.1666666666661671,0.5555555557318027,0.5000000000793123
C1,0.1,0.5,2,10,0.1666666666666667,0.4,4.627456665039062,0.1666666666661853,0.5555555557321665,0.5000000000794749
C1,0.1,0.5,2,10,0.1666666666666667,0.4,4.637451171875,0.1666666666662034,0.5555555557325307,0.5000000000796391
C1,0.1,0.5,2,10,0.1666666666666667,0.4,4.647445678710938,0.1666666666662213,0.5555555557328957,0.5000000000798036
C1,0.1,0.5,2,10,0.1666666666666667,0.4,4.657440185546875,0.166666666666216,0.5555555557332512,0.5000000000799634
C1,0.1,0.5,2,10,0.1666666666666667,0.4,4.667434692382812,0.1666666666661998,0.5555555557336034,0.5000000000801222
C1,0.1,0.5,2,10,0.1666666666666667,0.4,4.67742919921875,0.1666666666661846,0.5555555557339552,0.5000000000802799
C1,0.1,0.5,2,10,0.1666666666666667,0.4,4.687423706054688,0.1666666666662019,0.555555555734321,0.5000000000804448
C1,0.1,0.5,2,10,0.1666666666666667,0.4,4.697418212890625,0.1666666666662187,0.5555555557346922,0.500000000080612
C1,0.1,0.5,2,10,0.1666666666666667,0.4,4.707412719726562,0.1666666666662245,0.5555555557350605,0.5000000000807769
C1,0.1,0.5,2,10,0.1666666666666667,0.4,4.7174072265625,0.1666666666662076,0.5555555557354162,0.5000000000809381
C1,0.1,0.5,2,10,0.1666666666666667,0.4,4.727401733398438,0.1666666666661907,0.5555555557357725,0.5000000000810979
C1,0.1,0.5,2,10,0.1666666666666667,0.4,4.737396240234375,0.1666666666661737,0.5555555557361278,0.5000000000812582
C1,0.1,0.5,2,10,0.1666666666666667,0.4,4.747390747070312,0.1666666666661571,0.5555555557364819,0.5000000000814167
C1,0.1,0.5,2,10,0.1666666666666667,0.4,4.75738525390625,0.1666666666661634,0.5555555557368428,0.5000000000815792
C1,0.1,0.5,2,10,0.1666666666666667,0.4,4.767379760742188,0.1666666666661806,0.5555555557372105,0.5000000000817447
C1,0.1,0.5,2,10,0.1666666666666667,0.4,4.777374267578125,0.1666666666661658,0.5555555557375658,0.5000000000819049
C1,0.1,0.5,2,10,0.1666666666666667,0.4,4.787368774414062,0.1666666666661493,0.5555555557379181,0.5000000000820638
C1,0.1,0.5,2,10,0.1666666666666667,0.4,4.79736328125,0.1666666666661333,0.5555555557382688,0.5000000000822212
C1,0.1,0.5,2,10,0.1666666666666667,0.4,4.807357788085938,0.1666666666661174,0.5555555557386227,0.5000000000823814
C1,0.1,0.5,2,10,0.1666666666666667,0.4,4.817352294921875,0.1666666666661352,0.5555555557389877,0.5000000000825446
C1,0.1,0.5,2,10,0.1666666666666667,0.4,4.827346801757812,0.1666666666661606,0.5555555557393552,0.500000000082709
C1,0.1,0.5,2,10,0.1666666666666667,0.4,4.83734130859375,0.1666666666661781,0.5555555557397236,0.500000000082876
C1,0.1,0.5,2,10,0.1666666666666667,0.4,4.847335815429688,0.1666666666661956,0.5555555557400912,0.5000000000830415
C1,0.1,0.5,2,10,0.1666666666666667,0.4,4.857330322265625,0.1666666666662126,0.5555555557404621,0.5000000000832078
C1,0.1,0.5,2,10,0.1666666666666667,0.4,4.867324829101562,0.1666666666662286,0.5555555557408332,0.5000000000833749
C1,0.1,0.5,2,10,0.1666666666666667,0.4,4.8773193359375,0.1666666666662117,0.5555555557411901,0.5000000000835353
C1,0.1,0.5,2,10,0.1666666666666667,0.4,4.887313842773438,0.166666666666195,0.5555555557415454,0.5000000000836957
C1,0.1,0.5,2,10,0.1666666666666667,0.4,4.897308349609375,0.1666666666661784,0.5555555557419013,0.5000000000838556
C1,0.1,0.5,2,10,0.1666666666666667,0.4,4.907302856445312,0.1666666666661953,0.5555555557422704,0.5000000000840222
C1,0.1,0.5,2,10,0.1666666666666667,0.4,4.91729736328125,0.166666666666212,0.5555555557426441,0.5000000000841901
C1,0.1,0.5,2,10,0.1666666666666667,0.4,4.927291870117188,0.166666666666212,0.5555555557430119,0.5000000000843557
C1,0.1,0.5,2,10,0.1666666666666667,0.4,4.937286376953125,0.1666666666661949,0.5555555557433695,0.5000000000845165
C1,0.1,0.5,2,10,0.1666666666666667,0.4,4.947280883789062,0.1666666666661781,0.5555555557437251,0.5000000000846765
C1,0.1,0.5,2,10,0.1666666666666667,0.4,4.957275390625,0.1666666666661615,0.5555555557440798,0.5000000000848358
C1,0.1,0.5,2,10,0.1666666666666667,0.4,4.967269897460938,0.1666666666661447,0.5555555557444336,0.5000000000849953
C1,0.1,0.5,2,10,0.1666666666666667,0.4,4.977264404296875,0.1666666666661503,0.5555555557447971,0.5000000000851587
C1,0.1,0.5,2,10,0.1666666666666667,0.4,4.987258911132812,0.1666666666661662,0.5555555557451666,0.5000000000853251
C1,0.1,0.5,2,10,0.1666666666666667,0.4,4.99725341796875,0.1666666666661504,0.5555555557455176,0.5000000000854831
C1,0.1,0.5,2,10,0.1666666666666667,0.4,5.007247924804688,0.1666666666661344,0.5555555557458688,0.5000000000856409
C1,0.1,0.5,2,10,0.1666666666666667,0.4,5.017242431640625,0.1666666666661315,0.5555555557462241,0.5000000000858008
C1,0.1,0.5,2,10,0.1666666666666667,0.4,5.027236938476562,0.1666666666661503,0.5555555557465814,0.5000000000859623
C1,0.1,0.5,2,10,0.1666666666666667,0.4,5.0372314453125,0.1666666666661691,0.5555555557469412,0.5000000000861234
C1,0.1,0.5,2,10,0.1666666666666667,0.4,5.047225952148438,0.1666666666661732,0.555555555747296,0.5000000000862835
C1,0.1,0.5,2,10,0.1666666666666667,0.4,5.057220458984375,0.1666666666661907,0.5555555557476617,0.5000000000864468
C1,0.1,0.5,2,10,0.1666666666666667,0.4,5.067214965820312,0.1666666666662079,0.5555555557480321,0.5000000000866152
C1,0.1,0.5,2,10,0.1666666666666667,0.4,5.07720947265625,0.1666666666662251,0.555555555748402,0.5000000000867811
C1,0.1,0.5,2,10,0.1666666666666667,0.4,5.087203979492188,0.1666666666662274,0.5555555557487689,0.500000000086945
C1,0.1,0.5,2,10,0.1666666666666667,0.4,5.097198486328125,0.1666666666662105,0.5555555557491246,0.5000000000871064
C1,0.1,0.5,2,10,0.1666666666666667,0.4,5.107192993164062,0.166666666666194,0.5555555557494789,0.500000000087266
C1,0.1,0.5,2,10,0.1666666666666667,0.4,5.1171875,0.1666666666661771,0.5555555557498331,0.5000000000874261
C1,0.1,0.5,2,10,0.1666666666666667,0.4,5.127182006835938,0.1666666666661923,0.5555555557501998,0.5000000000875904
C1,0.1,0.5,2,10,0.1666666666666667,0.4,5.137176513671875,0.1666666666662092,0.5555555557505705,0.5000000000877562
C1,0.1,0.5,2,10,0.1666666666666667,0.4,5.147171020507812,0.1666666666662046,0.5555555557509324,0.5000000000879198
C1,0.1,0.5,2,10,0.1666666666666667,0.4,5.15716552734375,0.1666666666661879,0.5555555557512857,0.5000000000880794
C1,0.1,0.5,2,10,0.1666666666666667,0.4,5.167160034179688,0.1666666666661709,0.5555555557516415,0.5000000000882382
C1,0.1,0.5,2,10,0.1666666666666667,0.4,5.177154541015625,0.1666666666661547,0.5555555557519938,0.5000000000883974
C1,0.1,0.5,2,10,0.1666666666666667,0.4,5.187149047851562,0.1666666666661383,0.5555555557523462,0.5000000000885557
C1,0.1,0.5,2,10,0.1666666666666667,0.4,5.1971435546875,0.1666666666661395,0.5555555557527054,0.5000000000887173
C1,0.1,0.5,2,10,0.1666666666666667,0.4,5.207138061523438,0.1666666666661553,0.5555555557530725,0.500000000088883
C1,0.1,0.5,2,10,0.1666666666666667,0.4,5.217132568359375,0.1666666666661391,0.5555555557534253,0.5000000000890417
C1,0.1,0.5,2,10,0.1666666666666667,0.4,5.227127075195312,0.1666666666661458,0.5555555557537808,0.5000000000892014
C1,0.1,0.5,2,10,0.1666666666666667,0.4,5.23712158203125,0.1666666666661643,0.5555555557541414,0.5000000000893636
C1,0.1,0.5,2,10,0.1666666666666667,0.4,5.247116088867188,0.1666666666661823,0.555555555754505,0.5000000000895276
C1,0.1,0.5,2,10,0.1666666666666667,0.4,5.257110595703125,0.1666666666661905,0.5555555557548635,0.5000000000896886
C1,0.1,0.5,2,10,0.1666666666666667,0.4,5.267105102539062,0.1666666666661795,0.5555555557552141,0.5000000000898466
C1,0.1,0.5,2,10,0.1666666666666667,0.4,5.277099609375,0.1666666666661973,0.5555555557555788,0.5000000000900104
C1,0.1,0.5,2,10,0.1666666666666667,0.4,5.287094116210938,0.1666666666662145,0.5555555557559481,0.5000000000901768
C1,0.1,0.5,2,10,0.1666666666666667,0.4,5.297088623046875,0.1666666666662314,0.5555555557563188,0.5000000000903436
C1,0.1,0.5,2,10,0.1666666666666667,0.4,5.307083129882812,0.1666666666662251,0.5555555557566803,0.5000000000905062
C1,0.1,0.5,2,10,0.1666666666666667,0.4,5.31707763671875,0.1666666666662085,0.5555555557570346,0.5000000000906656
C1,0.1,0.5,2,10,0.1666666666666667,0.4,5.327072143554688,0.1666666666661919,0.5555555557573895,0.5000000000908251
C1,0.1,0.5,2,10,0.1666666666666667,0.4,5.337066650390625,0.1666666666661753,0.5555555557577418,0.500000000090984
C1,0.1,0.5,2,10,0.1666666666666667,0.4,5.347061157226562,0.1666666666661854,0.5555555557581077,0.5000000000911482
C1,0.1,0.5,2,10,0.1666666666666667,0.4,5.3570556640625,0.1666666666662025,0.555555555758477,0.500000000091315
C1,0.1,0.5,2,10,0.1666666666666667,0.4,5.367050170898438,0.1666666666661959,0.5555555557588365,0.5000000000914768
C1,0.1,0.5,2,10,0.1666666666666667,0.4,5.377044677734375,0.1666666666661794,0.5555555557591905,0.500000000091636
C1,0.1,0.5,2,10,0.1666666666666667,0.4,5.387039184570312,0.1666666666661626,0.5555555557595457,0.5000000000917955
C1,0.1,0.5,2,10,0.1666666666666667,0.4,5.39703369140625,0.1666666666661458,0.5555555557598986,0.500000000091955
C1,0.1,0.5,2,10,0.1666666666666667,0.4,5.407028198242188,0.1666666666661292,0.5555555557602512,0.5000000000921132
C1,0.1,0.5,2,10,0.1666666666666667,0.4,5.417022705078125,0.1666666666661252,0.555555555760608,0.5000000000922739
C1,0.1,0.5,2,10,0.1666666666666667,0.4,5.427017211914062,0.166666666666142,0.5555555557609775,0.5000000000924402
C1,0.1,0.5,2,10,0.1666666666666667,0.4,5.43701171875,0.1666666666661566,0.5555555557613417,0.5000000000926037
C1,0.1,0.5,2,10,0.1666666666666667,0.4,5.447006225585938,0.1666666666661742,0.5555555557617071,0.5000000000927687
C1,0.1,0.5,2,10,0.1666666666666667,0.4,5.457000732421875,0.1666666666661918,0.5555555557620744,0.5000000000929338
C1,0.1,0.5,2,10,0.1666666666666667,0.4,5.466995239257812,0.1666666666662093,0.5555555557624428,0.5000000000930994
C1,0.1,0.5,2,10,0.1666666666666667,0.4,5.47698974609375,0.1666666666661961,0.5555555557627978,0.5000000000932592
C1,0.1,0.5,2,10,0.1666666666666667,0.4,5.486984252929688,0.1666666666661831,0.55555555576315,0.5000000000934177
C1,0.1,0.5,2,10,0.1666666666666667,0.4,5.496978759765625,0.1666666666662014,0.5555555557635122,0.500000000093581
C1,0.1,0.5,2,10,0.1666666666666667,0.4,5.506973266601562,0.1666666666662192,0.5555555557638787,0.5000000000937455
C1,0.1,0.5,2,10,0.1666666666666667,0.4,5.5169677734375,0.1666666666662368,0.5555555557642453,0.5000000000939105
C1,0.1,0.5,2,10,0.1666666666666667,0.4,5.526962280273438,0.1666666666662218,0.5555555557645984,0.5000000000940699
C1,0.1,0.5,2,10,0.1666666666666667,0.4,5.536956787109375,0.1666666666662057,0.5555555557649501,0.5000000000942277
C1,0.1,0.5,2,10,0.1666666666666667,0.4,5.546951293945312,0.1666666666661898,0.5555555557652989,0.5000000000943852
C1,0.1,0.5,2,10,0.1666666666666667,0.4,5.55694580078125,0.166666666666174,0.5555555557656497,0.5000000000945423
C1,0.1,0.5,2,10,0.1666666666666667,0.4,5.566940307617188,0.1666666666661785,0.5555555557660103,0.5000000000947045
C1,0.1,0.5,2,10,0.1666666666666667,0.4,5.576934814453125,0.1666666666661951,0.5555555557663822,0.5000000000948728
C1,0.1,0.5,2,10,0.1666666666666667,0.4,5.586929321289062,0.1666666666661861,0.5555555557667444,0.5000000000950349
C1,0.1,0.5,2,10,0.1666666666666667,0.4,5.596923828125,0.1666666666661692,0.5555555557670997,0.5000000000951953
C1,0.1,0.5,2,10,0.1666666666666667,0.4,5.606918334960938,0.1666666666661521,0.5555555557674557,0.5000000000953563
C1,0.1,0.5,2,10,0.1666666666666667,0.4,5.616912841796875,0.1666666666661352,0.5555555557678109,0.5000000000955143
C1,0.1,0.5,2,10,0.1666666666666667,0.4,5.626907348632812,0.1666666666661183,0.5555555557681657,0.500000000095674
C1,0.1,0.5,2,10,0.1666666666666667,0.4,5.63690185546875,0.1666666666661121,0.5555555557685224,0.5000000000958356
C1,0.1,0.5,2,10,0.1666666666666667,0.4,5.646896362304688,0.1666666666661543,0.5555555557688899,0.5000000000960007
C1,0.1,0.5,2,10,0.1666666666666667,0.4,5.656890869140625,0.1666666666661722,0.5555555557692541,0.5000000000961647
C1,0.1,0.5,2,10,0.1666666666666667,0.4,5.666885375976562,0.1666666666661899,0.555555555769621,0.5000000000963298
C1,0.1,0.5,2,10,0.1666666666666667,0.4,5.6768798828125,0.1666666666662076,0.5555555557699876,0.5000000000964944
C1,0.1,0.5,2,10,0.1666666666666667,0.4,5.686874389648438,0.1666666666662154,0.5555555557703504,0.5000000000966577
C1,0.1,0.5,2,10,0.1666666666666667,0.4,5.696868896484375,0.1666666666661988,0.5555555557707046,0.5000000000968173
C1,0.1,0.5,2,10,0.1666666666666667,0.4,5.706863403320312,0.166666666666183,0.5555555557710542,0.5000000000969743
C1,0.1,0.5,2,10,0.1666666666666667,0.4,5.71685791015625,0.1666666666661985,0.5555555557714181,0.5000000000971385
C1,0.1,0.5,2,10,0.1666666666666667,0.4,5.726852416992188,0.1666666666662158,0.5555555557717867,0.5000000000973038
C1,0.1,0.5,2,10,0.1666666666666667,0.4,5.736846923828125,0.1666666666662301,0.5555555557721572,0.5000000000974714
C1,0.1,0.5,2,10,0.1666666666666667,0.4,5.746841430664062,0.1666666666662139,0.5555555557725103,0.50000000009763
C1,0.1,0.5,2,10,0.1666666666666667,0.4,5.7568359375,0.1666666666661979,0.5555555557728615,0.5000000000977882
C1,0.1,0.5,2,10,0.1666666666666667,0.4,5.766830444335938,0.166666666666181,0.5555555557732159,0.5000000000979467
C1,0.1,0.5,2,10,0.1666666666666667,0.4,5.776824951171875,0.1666666666661643,0.5555555557735696,0.5000000000981062
C1,0.1,0.5,2,10,0.1666666666666667,0.4,5.786819458007812,0.1666666666661659,0.5555555557739306,0.5000000000982687
C1,0.1,0.5,2,10,0.1666666666666667,0.4,5.79681396484375,0.166666666666183,0.5555555557742999,0.5000000000984351
C1,0.1,0.5,2,10,0.1666666666666667,0.4,5.806808471679688,0.1666666666661734,0.5555555557746603,0.5000000000985967
C1,0.1,0.5,2,10,0.1666666666666667,0.4,5.816802978515625,0.1666666666661569,0.5555555557750153,0.5000000000987568
C1,0.1,0.5,2,10,0.1666666666666667,0.4,5.826797485351562,0.1666666666661401,0.55555555577537,0.500000000098917
C1,0.1,0.5,2,10,0.1666666666666667,0.4,5.8367919921875,0.1666666666661235,0.5555555557757235,0.5000000000990756
C1,0.1,0.5,2,10,0.1666666666666667,0.4,5.846786499023438,0.1666666666661172,0.5555555557760778,0.5000000000992356
C1,0.1,0.5,2,10,0.1666666666666667,0.4,5.856781005859375,0.1666666666661406,0.555555555776444,0.5000000000994
C1,0.1,0.5,2,10,0.1666666666666667,0.4,5.866775512695312,0.1666666666661684,0.5555555557768109,0.5000000000995652
C1,0.1,0.5,2,10,0.1666666666666667,0.4,5.87677001953125,0.1666666666661858,0.5555555557771794,0.5000000000997306
C1,0.1,0.5,2,10,0.1666666666666667,0.4,5.886764526367188,0.1666666666662035,0.5555555557775469,0.5000000000998964
C1,0.1,0.5,2,10,0.1666666666666667,0.4,5.896759033203125,0.1666666666662204,0.5555555557779182,0.5000000001000632
C1,0.1,0.5,2,10,0.1666666666666667,0.4,5.906753540039062,0.1666666666662144,0.5555555557782789,0.5000000001002255
C1,0.1,0.5,2,10,0.1666666666666667,0.4,5.916748046875,0.1666666666661981,0.5555555557786321,0.5000000001003845
C1,0.1,0.5,2,10,0.1666666666666667,0.4,5.926742553710938,0.1666666666661819,0.5555555557789849,0.500000000100543
C1,0.1,0.5,2,10,0.1666666666666667,0.4,5.936737060546875,0.1666666666661947,0.5555555557793497,0.5000000001007076
C1,0.1,0.5,2,10,0.1666666666666667,0.4,5.946731567382812,0.1666666666662118,0.55555555577972,0.5000000001008741
C1,0.1,0.5,2,10,0.1666666666666667,0.4,5.95672607421875,0.1666666666662203,0.5555555557800893,0.5000000001010403
C1,0.1,0.5,2,10,0.1666666666666667,0.4,5.966720581054688,0.1666666666662036,0.5555555557804457,0.5000000001012006
C1,0.1,0.5,2,10,0.1666666666666667,0.4,5.976715087890625,0.1666666666661873,0.555555555780798,0.5000000001013595
C1,0.1,0.5,2,10,0.1666666666666667,0.4,5.986709594726562,0.1666666666661707,0.5555555557811518,0.5000000001015188
C1,0.1,0.5,2,10,0.1666666666666667,0.4,5.9967041015625,0.1666666666661542,0.5555555557815048,0.5000000001016768
C1,0.1,0.5,2,10,0.1666666666666667,0.4,6.006698608398438,0.1666666666661537,0.5555555557818648,0.5000000001018391
C1,0.1,0.5,2,10,0.1666666666666667,0.4,6.016693115234375,0.1666666666661709,0.5555555557822334,0.5000000001020053
C1,0.1,0.5,2,10,0.1666666666666667,0.4,6.026687622070312,0.1666666666661605,0.5555555557825903,0.5000000001021658
C1,0.1,0.5,2,10,0.1666666666666667,0.4,6.03668212890625,0.1666666666661441,0.5555555557829434,0.5000000001023244
C1,0.1,0.5,2,10,0.1666666666666667,0.4,6.046676635742188,0.1666666666661276,0.5555555557832945,0.5000000001024829
C1,0.1,0.5,2,10,0.1666666666666667,0.4,6.056671142578125,0.166666666666132,0.5555555557836507,0.5000000001026428
C1,0.1,0.5,2,10,0.1666666666666667,0.4,6.066665649414062,0.1666666666661502,0.5555555557840115,0.5000000001028055
C1,0.1,0.5,2,10,0.1666666666666667,0.4,6.07666015625,0.1666666666661662,0.5555555557843748,0.5000000001029687
C1,0.1,0.5,2,10,0.1666666666666667,0.4,6.086654663085938,0.166666666666185,0.5555555557847348,0.5000000001031312
C1,0.1,0.5,2,10,0.1666666666666667,0.4,6.096649169921875,0.1666666666662038,0.5555555557850944,0.5000000001032932
C1,0.1,0.5,2,10,0.1666666666666667,0.4,6.106643676757812,0.1666666666662223,0.5555555557854566,0.5000000001034558
C1,0.1,0.5,2,10,0.1666666666666667,0.4,6.11663818359375,0.1666666666662372,0.5555555557858178,0.5000000001036188
C1,0.1,0.5,2,10,0.1666666666666667,0.4,6.126632690429688,0.1666666666662213,0.5555555557861692,0.5000000001037762
C1,0.1,0.5,2,10,0.1666666666666667,0.4,6.136627197265625,0.1666666666662047,0.5555555557865209,0.5000000001039346
C1,0.1,0.5,2,10,0.1666666666666667,0.4,6.146621704101562,0.1666666666661886,0.555555555786871,0.5000000001040921
C1,0.1,0.5,2,10,0.1666666666666667,0.4,6.1566162109375,0.166666666666196,0.555555555787223,0.5000000001042506
C1,0.1,0.5,2,10,0.1666666666666667,0.4,6.166610717773438,0.1666666666662143,0.5555555557875839,0.5000000001044128
C1,0.1,0.5,2,10,0.1666666666666667,0.4,6.176605224609375,0.1666666666662206,0.5555555557879455,0.500000000104576
C1,0.1,0.5,2,10,0.1666666666666667,0.4,6.186599731445312,0.1666666666662046,0.5555555557882961,0.5000000001047334
C1,0.1,0.5,2,10,0.1666666666666667,0.4,6.19659423828125,0.1666666666661884,0.5555555557886467,0.5000000001048918
C1,0.1,0.5,2,10,0.1666666666666667,0.4,6.206588745117188,0.1666666666661721,0.5555555557889968,0.5000000001050494
C1,0.1,0.5,2,10,0.1666666666666667,0.4,6.216583251953125,0.1666666666661559,0.5555555557893468,0.5000000001052064
C1,0.1,0.5,2,10,0.1666666666666667,0.4,6.226577758789062,0.1666666666661444,0.5555555557897029,0.5000000001053665
C1,0.1,0.5,2,10,0.1666666666666667,0.4,6.236572265625,0.1666666666661612,0.5555555557900738,0.5000000001055335
C1,0.1,0.5,2,10,0.1666666666666667,0.4,6.246566772460938,0.1666666666661539,0.5555555557904351,0.500000000105696
C1,0.1,0.5,2,10,0.1666666666666667,0.4,6.256561279296875,0.1666666666661366,0.555555555790793,0.5000000001058569
C1,0.1,0.5,2,10,0.1666666666666667,0.4,6.266555786132812,0.1666666666661434,0.5555555557911555,0.5000000001060205
C1,0.1,0.5,2,10,0.1666666666666667,0.4,6.27655029296875,0.166666666666161,0.555555555791522,0.5000000001061849
C1,0.1,0.5,2,10,0.1666666666666667,0.4,6.286544799804688,0.1666666666661784,0.5555555557918894,0.5000000001063502
C1,0.1,0.5,2,10,0.1666666666666667,0.4,6.296539306640625,0.1666666666661735,0.555555555792248,0.5000000001065119
C1,0.1,0.5,2,10,0.1666666666666667,0.4,6.306533813476562,0.1666666666661874,0.5555555557926113,0.5000000001066752
C1,0.1,0.5,2,10,0.1666666666666667,0.4,6.3165283203125,0.1666666666662055,0.5555555557929759,0.5000000001068398
C1,0.1,0.5,2,10,0.1666666666666667,0.4,6.326522827148438,0.1666666666662234,0.5555555557933441,0.5000000001070045
C1,0.1,0.5,2,10,0.1666666666666667,0.4,6.336517333984375,0.1666666666662334,0.5555555557937082,0.5000000001071683
C1,0.1,0.5,2,10,0.1666666666666667,0.4,6.346511840820312,0.1666666666662172,0.5555555557940594,0.5000000001073271
C1,0.1,0.5,2,10,0.1666666666666667,0.4,6.35650634765625,0.1666666666662003,0.5555555557944145,0.5000000001074864
C1,0.1,0.5,2,10,0.1666666666666667,0.4,6.366500854492188,0.1666666666661832,0.5555555557947716,0.5000000001076478
C1,0.1,0.5,2,10,0.1666666666666667,0.4,6.376495361328125,0.1666666666661832,0.5555555557951366,0.5000000001078119
C1,0.1,0.5,2,10,0.1666666666666667,0.4,6.386489868164062,0.1666666666661995,0.5555555557955093,0.5000000001079793
C1,0.1,0.5,2,10,0.1666666666666667,0.4,6.396484375,0.1666666666662047,0.5555555557958765,0.5000000001081448
C1,0.1,0.5,2,10,0.1666666666666667,0.4,6.406478881835938,0.1666666666661877,0.5555555557962346,0.5000000001083056
C1,0.1,0.5,2,10,0.1666666666666667,0.4,6.416473388671875,0.1666666666661705,0.5555555557965912,0.5000000001084668
C1,0.1,0.5,2,10,0.1666666666666667,0.4,6.426467895507812,0.1666666666661533,0.5555555557969498,0.5000000001086276
C1,0.1,0.5,2,10,0.1666666666666667,0.4,6.43646240234375,0.166666666666136,0.5555555557973075,0.5000000001087881
C1,0.1,0.5,2,10,0.1666666666666667,0.4,6.446456909179688,0.1666666666661246,0.5555555557976659,0.5000000001089497
C1,0.1,0.5,2,10,0.1666666666666667,0.4,6.456451416015625,0.1666666666661416,0.5555555557980358,0.5000000001091164
C1,0.1,0.5,2,10,0.1666666666666667,0.4,6.466445922851562,0.1666666666661363,0.5555555557983975,0.5000000001092793
C1,0.1,0.5,2,10,0.1666666666666667,0.4,6.4764404296875,0.1666666666661547,0.555555555798761,0.5000000001094425
C1,0.1,0.5,2,10,0.1666666666666667,0.4,6.486434936523438,0.1666666666661724,0.5555555557991272,0.500000000109607
C1,0.1,0.5,2,10,0.1666666666666667,0.4,6.496429443359375,0.1666666666661897,0.5555555557994942,0.500000000109773
C1,0.1,0.5,2,10,0.1666666666666667,0.4,6.506423950195312,0.1666666666661953,0.5555555557998586,0.5000000001099366
C1,0.1,0.5,2,10,0.1666666666666667,0.4,6.51641845703125,0.1666666666661787,0.5555555558002132,0.500000000110096
C1,0.1,0.5,2,10,0.1666666666666667,0.4,6.526412963867188,0.1666666666661927,0.5555555558005769,0.5000000001102599
C1,0.1,0.5,2,10,0.1666666666666667,0.4,6.536407470703125,0.1666666666662099,0.555555555800948,0.5000000001104267
C1,0.1,0.5,2,10,0.1666666666666667,0.4,6.546401977539062,0.1666666666662267,0.5555555558013179,0.5000000001105929
C1,0.1,0.5,2,10,0.1666666666666667,0.4,6.556396484375,0.166666666666224,0.5555555558016811,0.5000000001107567
C1,0.1,0.5,2,10,0.1666666666666667,0.4,6.566390991210938,0.1666666666662072,0.5555555558020373,0.5000000001109175
C1,0.1,0.5,2,10,0.1666666666666667,0.4,6.576385498046875,0.1666666666661901,0.5555555558023941,0.5000000001110766
C1,0.1,0.5,2,10,0.1666666666666667,0.4,6.586380004882812,0.1666666666661733,0.555555555802749,0.5000000001112369
C1,0.1,0.5,2,10,0.1666666666666667,0.4,6.59637451171875,0.1666666666661761,0.5555555558031078,0.5000000001113987
C1,0.1,0.5,2,10,0.1666666666666667,0.4,6.606369018554688,0.1666666666661931,0.5555555558034774,0.5000000001115653
C1,0.1,0.5,2,10,0.1666666666666667,0.4,6.616363525390625,0.1666666666661921,0.5555555558038412,0.5000000001117284
C1,0.1,0.5,2,10,0.1666666666666667,0.4,6.626358032226562,0.1666666666661756,0.5555555558041949,0.5000000001118875
C1,0.1,0.5,2,10,0.1666666666666667,0.4,6.6363525390625,0.1666666666661588,0.5555555558045495,0.5000000001120474
C1,0.1,0.5,2,10,0.1666666666666667,0.4,6.646347045898438,0.1666666666661425,0.5555555558049009,0.5000000001122058
C1,0.1,0.5,2,10,0.1666666666666667,0.4,6.656341552734375,0.1666666666661262,0.5555555558052523,0.5000000001123641
C1,0.1,0.5,2,10,0.1666666666666667,0.4,6.666336059570312,0.1666666666661133,0.5555555558056089,0.5000000001125239
C1,0.1,0.5,2,10,0.1666666666666667,0.4,6.67633056640625,0.1666666666661431,0.5555555558059755,0.5000000001126899
C1,0.1,0.5,2,10,0.1666666666666667,0.4,6.686325073242188,0.1666666666661621,0.5555555558063396,0.5000000001128525
C1,0.1,0.5,2,10,0.1666666666666667,0.4,6.696319580078125,0.1666666666661801,0.5555555558067051,0.5000000001130175
C1,0.1,0.5,2,10,0.1666666666666667,0.4,6.706314086914062,0.1666666666661977,0.5555555558070712,0.5000000001131824
C1,0.1,0.5,2,10,0.1666666666666667,0.4,6.71630859375,0.1666666666662152,0.5555555558074405,0.5000000001133479
C1,0.1,0.5,2,10,0.1666666666666667,0.4,6.726303100585938,0.1666666666662012,0.5555555558077936,0.5000000001135065
C1,0.1,0.5,2,10,0.1666666666666667,0.4,6.736297607421875,0.1666666666661853,0.555555555808144,0.5000000001136649
C1,0.1,0.5,2,10,0.1666666666666667,0.4,6.746292114257812,0.1666666666661969,0.5555555558085069,0.5000000001138282
C1,0.1,0.5,2,10,0.1666666666666667,0.4,6.75628662109375,0.1666666666662144,0.5555555558088734,0.5000000001139934
C1,0.1,0.5,2,10,0.1666666666666667,0.4,6.766281127929688,0.1666666666662321,0.5555555558092413,0.5000000001141586
C1,0.1,0.5,2,10,0.1666666666666667,0.4,6.776275634765625,0.1666666666662213,0.5555555558095964,0.5000000001143183
C1,0.1,0.5,2,10,0.1666666666666667,0.4,6.786270141601562,0.1666666666662052,0.5555555558099496,0.5000000001144771
C1,0.1,0.5,2,10,0.1666666666666667,0.4,6.7962646484375,0.1666666666661884,0.555555555810301,0.5000000001146359
C1,0.1,0.5,2,10,0.1666666666666667,0.4,6.806259155273438,0.1666666666661718,0.5555555558106539,0.5000000001147945
C1,0.1,0.5,2,10,0.1666666666666667,0.4,6.816253662109375,0.166666666666169,0.5555555558110109,0.5000000001149544
C1,0.1,0.5,2,10,0.1666666666666667,0.4,6.826248168945312,0.1666666666661859,0.5555555558113803,0.5000000001151215
C1,0.1,0.5,2,10,0.1666666666666667,0.4,6.83624267578125,0.166666666666183,0.5555555558117435,0.5000000001152841
C1,0.1,0.5,2,10,0.1666666666666667,0.4,6.846237182617188,0.1666666666661663,0.555555555812098,0.5000000001154444
C1,0.1,0.5,2,10,0.1666666666666667,0.4,6.856231689453125,0.1666666666661497,0.5555555558124525,0.5000000001156037
C1,0.1,0.5,2,10,0.1666666666666667,0.4,6.866226196289062,0.166666666666133,0.5555555558128065,0.500000000115763
C1,0.1,0.5,2,10,0.1666666666666667,0.4,6.876220703125,0.1666666666661165,0.5555555558131584,0.5000000001159213
C1,0.1,0.5,2,10,0.1666666666666667,0.4,6.886215209960938,0.1666666666661173,0.555555555813515,0.5000000001160821
C1,0.1,0.5,2,10,0.1666666666666667,0.4,6.896209716796875,0.1666666666661589,0.5555555558138812,0.5000000001162467
C1,0.1,0.5,2,10,0.1666666666666667,0.4,6.906204223632812,0.1666666666661768,0.5555555558142464,0.5000000001164109
C1,0.1,0.5,2,10,0.1666666666666667,0.4,6.91619873046875,0.1666666666661949,0.5555555558146106,0.5000000001165749
C1,0.1,0.5,2,10,0.1666666666666667,0.4,6.926193237304688,0.1666666666662124,0.5555555558149774,0.5000000001167401
C1,0.1,0.5,2,10,0.1666666666666667,0.4,6.936187744140625,0.1666666666662199,0.5555555558153433,0.5000000001169047
C1,0.1,0.5,2,10,0.1666666666666667,0.4,6.946182250976562,0.1666666666662032,0.5555555558156972,0.5000000001170642
C1,0.1,0.5,2,10,0.1666666666666667,0.4,6.9561767578125,0.1666666666661869,0.5555555558160501,0.5000000001172228
C1,0.1,0.5,2,10,0.1666666666666667,0.4,6.966171264648438,0.166666666666193,0.5555555558164136,0.5000000001173865
C1,0.1,0.5,2,10,0.1666666666666667,0.4,6.976165771484375,0.1666666666662091,0.5555555558167883,0.500000000117555
C1,0.1,0.5,2,10,0.1666666666666667,0.4,6.986160278320312,0.1666666666662254,0.5555555558171639,0.5000000001177239
C1,0.1,0.5,2,10,0.1666666666666667,0.4,6.99615478515625,0.1666666666662101,0.555555555817523,0.5000000001178855
C1,0.1,0.5,2,10,0.1666666666666667,0.4,7.006149291992188,0.1666666666661932,0.5555555558178786,0.5000000001180457
C1,0.1,0.5,2,10,0.1666666666666667,0.4,7.016143798828125,0.1666666666661762,0.5555555558182355,0.500000000118206
C1,0.1,0.5,2,10,0.1666666666666667,0.4,7.026138305664062,0.1666666666661593,0.5555555558185911,0.5000000001183661
C1,0.1,0.5,2,10,0.1666666666666667,0.4,7.0361328125,0.1666666666661543,0.5555555558189524,0.500000000118529
C1,0.1,0.5,2,10,0.1666666666666667,0.4,7.046127319335938,0.1666666666661718,0.5555555558193213,0.5000000001186949
C1,0.1,0.5,2,10,0.1666666666666667,0.4,7.056121826171875,0.1666666666661682,0.5555555558196819,0.5000000001188567
C1,0.1,0.5,2,10,0.1666666666666667,0.4,7.066116333007812,0.1666666666661513,0.5555555558200358,0.5000000001190164
C1,0.1,0.5,2,10,0.1666666666666667,0.4,7.07611083984375,0.1666666666661347,0.5555555558203902,0.5000000001191756
C1,0.1,0.5,2,10,0.1666666666666667,0.4,7.086105346679688,0.1666666666661182,0.5555555558207417,0.5000000001193339
C1,0.1,0.5,2,10,0.1666666666666667,0.4,7.096099853515625,0.1666666666661312,0.5555555558210971,0.5000000001194941
C1,0.1,0.5,2,10,0.1666666666666667,0.4,7.106094360351562,0.1666666666661502,0.5555555558214552,0.500000000119655
C1,0.1,0.5,2,10,0.1666666666666667,0.4,7.1160888671875,0.166666666666175,0.5555555558218179,0.5000000001198185
C1,0.1,0.5,2,10,0.1666666666666667,0.4,7.126083374023438,0.1666666666661928,0.5555555558221841,0.5000000001199822
C1,0.1,0.5,2,10,0.1666666666666667,0.4,7.136077880859375,0.1666666666662105,0.55555555582255,0.5000000001201477
C1,0.1,0.5,2,10,0.1666666666666667,0.4,7.146072387695312,0.1666666666662279,0.5555555558229175,0.5000000001203131
C1,0.1,0.5,2,10,0.1666666666666667,0.4,7.15606689453125,0.166666666666221,0.5555555558232737,0.5000000001204734
C1,0.1,0.5,2,10,0.1666666666666667,0.4,7.166061401367188,0.1666666666662047,0.5555555558236256,0.5000000001206316
C1,0.1,0.5,2,10,0.1666666666666667,0.4,7.176055908203125,0.1666666666661888,0.5555555558239758,0.5000000001207894
C1,0.1,0.5,2,10,0.1666666666666667,0.4,7.186050415039062,0.1666666666661921,0.5555555558243344,0.5000000001209502
C1,0.1,0.5,2,10,0.1666666666666667,0.4,7.196044921875,0.1666666666662099,0.5555555558246992,0.5000000001211148
C1,0.1,0.5,2,10,0.1666666666666667,0.4,7.206039428710938,0.1666666666662234,0.5555555558250658,0.5000000001212794
C1,0.1,0.5,2,10,0.1666666666666667,0.4,7.216033935546875,0.1666666666662072,0.5555555558254169,0.5000000001214379
C1,0.1,0.5,2,10,0.1666666666666667,0.4,7.226028442382812,0.1666666666661913,0.5555555558257681,0.5000000001215957
C1,0.1,0.5,2,10,0.1666666666666667,0.4,7.23602294921875,0.1666666666661753,0.5555555558261176,0.5000000001217531
C1,0.1,0.5,2,10,0.1666666666666667,0.4,7.246017456054688,0.1666666666661592,0.555555555826467,0.5000000001219104
C1,0.1,0.5,2,10,0.1666666666666667,0.4,7.256011962890625,0.1666666666661462,0.5555555558268176,0.5000000001220678
C1,0.1,0.5,2,10,0.1666666666666667,0.4,7.266006469726562,0.1666666666661631,0.555555555827187,0.5000000001222337
C1,0.1,0.5,2,10,0.1666666666666667,0.4,7.2760009765625,0.1666666666661611,0.555555555827547,0.5000000001223969
C1,0.1,0.5,2,10,0.1666666666666667,0.4,7.285995483398438,0.1666666666661444,0.5555555558279007,0.5000000001225562
C1,0.1,0.5,2,10,0.1666666666666667,0.4,7.295989990234375,0.1666666666661278,0.5555555558282543,0.5000000001227142
C1,0.1,0.5,2,10,0.1666666666666667,0.4,7.305984497070312,0.1666666666661446,0.5555555558286154,0.5000000001228776
C1,0.1,0.5,2,10,0.1666666666666667,0.4,7.31597900390625,0.1666666666661622,0.5555555558289822,0.5000000001230416
C1,0.1,0.5,2,10,0.1666666666666667,0.4,7.325973510742188,0.1666666666661724,0.5555555558293439,0.5000000001232054
C1,0.1,0.5,2,10,0.1666666666666667,0.4,7.335968017578125,0.1666666666661826,0.5555555558297067,0.5000000001233679
C1,0.1,0.5,2,10,0.1666666666666667,0.4,7.345962524414062,0.1666666666662006,0.5555555558300715,0.5000000001235322
C1,0.1,0.5,2,10,0.1666666666666667,0.4,7.35595703125,0.166666666666218,0.5555555558304391,0.5000000001236983
C1,0.1,0.5,2,10,0.1666666666666667,0.4,7.365951538085938,0.1666666666662357,0.5555555558308082,0.5000000001238637
C1,0.1,0.5,2,10,0.1666666666666667,0.4,7.375946044921875,0.1666666666662202,0.5555555558311638,0.500000000124024
C1,0.1,0.5,2,10,0.1666666666666667,0.4,7.385940551757812,0.1666666666662039,0.5555555558315169,0.5000000001241827
C1,0.1,0.5,2,10,0.1666666666666667,0.4,7.39593505859375,0.1666666666661877,0.5555555558318681,0.5000000001243408
C1,0.1,0.5,2,10,0.1666666666666667,0.4,7.405929565429688,0.1666666666661845,0.5555555558322254,0.5000000001245017
C1,0.1,0.5,2,10,0.1666666666666667,0.4,7.415924072265625,0.1666666666662019,0.5555555558325935,0.5000000001246673
C1,0.1,0.5,2,10,0.1666666666666667,0.4,7.425918579101562,0.1666666666662154,0.5555555558329571,0.5000000001248307
C1,0.1,0.5,2,10,0.1666666666666667,0.4,7.4359130859375,0.1666666666661988,0.5555555558333093,0.5000000001249888
C1,0.1,0.5,2,10,0.1666666666666667,0.4,7.445907592773438,0.1666666666661825,0.5555555558336603,0.5000000001251467
C1,0.1,0.5,2,10,0.1666666666666667,0.4,7.455902099609375,0.166666666666166,0.5555555558340135,0.5000000001253058
C1,0.1,0.5,2,10,0.1666666666666667,0.4,7.465896606445312,0.1666666666661498,0.5555555558343636,0.5000000001254638
C1,0.1,0.5,2,10,0.1666666666666667,0.4,7.47589111328125,0.1666666666661334,0.5555555558347158,0.5000000001256223
C1,0.1,0.5,2,10,0.1666666666666667,0.4,7.485885620117188,0.1666666666661489,0.5555555558350787,0.5000000001257856
C1,0.1,0.5,2,10,0.1666666666666667,0.4,7.495880126953125,0.1666666666661499,0.5555555558354378,0.5000000001259473
C1,0.1,0.5,2,10,0.1666666666666667,0.4,7.505874633789062,0.1666666666661386,0.5555555558357896,0.5000000001261052
C1,0.1,0.5,2,10,0.1666666666666667,0.4,7.515869140625,0.166666666666157,0.5555555558361502,0.5000000001262677
C1,0.1,0.5,2,10,0.1666666666666667,0.4,7.525863647460938,0.1666666666661759,0.555555555836509,0.5000000001264292
C1,0.1,0.5,2,10,0.1666666666666667,0.4,7.535858154296875,0.1666666666661945,0.5555555558368706,0.5000000001265916
C1,0.1,0.5,2,10,0.1666666666666667,0.4,7.545852661132812,0.1666666666661867,0.5555555558372202,0.5000000001267492
C1,0.1,0.5,2,10,0.1666666666666667,0.4,7.55584716796875,0.1666666666661886,0.5555555558375761,0.5000000001269091
C1,0.1,0.5,2,10,0.1666666666666667,0.4,7.565841674804688,0.1666666666662069,0.5555555558379379,0.5000000001270717
C1,0.1,0.5,2,10,0.1666666666666667,0.4,7.575836181640625,0.1666666666662252,0.5555555558383007,0.5000000001272358
C1,0.1,0.5,2,10,0.1666666666666667,0.4,7.585830688476562,0.1666666666662393,0.5555555558386637,0.5000000001273988
C1,0.1,0.5,2,10,0.1666666666666667,0.4,7.5958251953125,0.1666666666662235,0.5555555558390138,0.5000000001275563
C1,0.1,0.5,2,10,0.1666666666666667,0.4,7.605819702148438,0.1666666666662076,0.5555555558393626,0.5000000001277133
C1,0.1,0.5,2,10,0.1666666666666667,0.4,7.615814208984375,0.1666666666661916,0.5555555558397112,0.5000000001278704
C1,0.1,0.5,2,10,0.1666666666666667,0.4,7.625808715820312,0.1666666666661775,0.5555555558400628,0.5000000001280281
C1,0.1,0.5,2,10,0.1666666666666667,0.4,7.63580322265625,0.1666666666661954,0.555555555840426,0.5000000001281921
C1,0.1,0.5,2,10,0.1666666666666667,0.4,7.645797729492188,0.1666666666662115,0.5555555558407901,0.5000000001283559
C1,0.1,0.5,2,10,0.1666666666666667,0.4,7.655792236328125,0.1666666666661952,0.5555555558411427,0.5000000001285143
C1,0.1,0.5,2,10,0.1666666666666667,0.4,7.665786743164062,0.1666666666661792,0.5555555558414922,0.5000000001286721
C1,0.1,0.5,2,10,0.1666666666666667,0.4,7.67578125,0.1666666666661632,0.5555555558418425,0.5000000001288293
C1,0.1,0.5,2,10,0.1666666666666667,0.4,7.685775756835938,0.1666666666661471,0.5555555558421912,0.5000000001289867
C1,0.1,0.5,2,10,0.1666666666666667,0.4,7.695770263671875,0.1666666666661313,0.5555555558425407,0.5000000001291431
C1,0.1,0.5,2,10,0.1666666666666667,0.4,7.705764770507812,0.1666666666661336,0.5555555558428977,0.5000000001293038
C1,0.1,0.5,2,10,0.1666666666666667,0.4,7.71575927734375,0.1666666666661476,0.5555555558432603,0.5000000001294673
C1,0.1,0.5,2,10,0.1666666666666667,0.4,7.725753784179688,0.1666666666661653,0.5555555558436246,0.5000000001296311
C1,0.1,0.5,2,10,0.1666666666666667,0.4,7.735748291015625,0.1666666666661831,0.5555555558439906,0.5000000001297961
C1,0.1,0.5,2,10,0.1666666666666667,0.4,7.745742797851562,0.1666666666662005,0.5555555558443586,0.5000000001299618
C1,0.1,0.5,2,10,0.1666666666666667,0.4,7.7557373046875,0.1666666666662124,0.5555555558447242,0.500000000130126
C1,0.1,0.5,2,10,0.1666666666666667,0.4,7.765731811523438,0.1666666666661959,0.5555555558450789,0.5000000001302851
C1,0.1,0.5,2,10,0.1666666666666667,0.4,7.775726318359375,0.1666666666661883,0.5555555558454336,0.5000000001304457
C1,0.1,0.5,2,10,0.1666666666666667,0.4,7.785720825195312,0.1666666666662065,0.5555555558457975,0.5000000001306085
C1,0.1,0.5,2,10,0.1666666666666667,0.4,7.79571533203125,0.1666666666662242,0.5555555558461633,0.5000000001307739
C1,0.1,0.5,2,10,0.1666666666666667,0.4,7.805709838867188,0.1666666666662359,0.5555555558465292,0.5000000001309383
C1,0.1,0.5,2,10,0.1666666666666667,0.4,7.815704345703125,0.1666666666662198,0.5555555558468814,0.5000000001310964
C1,0.1,0.5,2,10,0.1666666666666667,0.4,7.825698852539062,0.1666666666662038,0.5555555558472303,0.5000000001312539
C1,0.1,0.5,2,10,0.1666666666666667,0.4,7.835693359375,0.1666666666661876,0.5555555558475818,0.5000000001314117
C1,0.1,0.5,2,10,0.1666666666666667,0.4,7.845687866210938,0.1666666666661714,0.5555555558479315,0.5000000001315698
C1,0.1,0.5,2,10,0.1666666666666667,0.4,7.855682373046875,0.1666666666661823,0.5555555558482926,0.5000000001317317
C1,0.1,0.5,2,10,0.1666666666666667,0.4,7.865676879882812,0.1666666666661992,0.5555555558486618,0.5000000001318974
C1,0.1,0.5,2,10,0.1666666666666667,0.4,7.87567138671875,0.166666666666184,0.5555555558490213,0.50000000013206
C1,0.1,0.5,2,10,0.1666666666666667,0.4,7.885665893554688,0.1666666666661672,0.555555555849375,0.5000000001322196
C1,0.1,0.5,2,10,0.1666666666666667,0.4,7.895660400390625,0.1666666666661503,0.5555555558497307,0.5000000001323784
C1,0.1,0.5,2,10,0.1666666666666667,0.4,7.905654907226562,0.1666666666661338,0.5555555558500829,0.5000000001325368
C1,0.1,0.5,2,10,0.1666666666666667,0.4,7.9156494140625,0.1666666666661175,0.555555555850433,0.5000000001326946
C1,0.1,0.5,2,10,0.1666666666666667,0.4,7.925643920898438,0.1666666666661233,0.5555555558507921,0.5000000001328569
C1,0.1,0.5,2,10,0.1666666666666667,0.4,7.935638427734375,0.1666666666661585,0.5555555558511618,0.5000000001330228
C1,0.1,0.5,2,10,0.1666666666666667,0.4,7.945632934570312,0.1666666666661758,0.5555555558515299,0.5000000001331888
C1,0.1,0.5,2,10,0.1666666666666667,0.4,7.95562744140625,0.1666666666661926,0.5555555558519005,0.5000000001333559
C1,0.1,0.5,2,10,0.1666666666666667,0.4,7.965621948242188,0.1666666666662091,0.5555555558522735,0.5000000001335229
C1,0.1,0.5,2,10,0.1666666666666667,0.4,7.975616455078125,0.1666666666662099,0.5555555558526392,0.5000000001336879
C1,0.1,0.5,2,10,0.1666666666666667,0.4,7.985610961914062,0.1666666666661928,0.5555555558529977,0.5000000001338489
C1,0.1,0.5,2,10,0.1666666666666667,0.4,7.99560546875,0.1666666666661815,0.5555555558533566,0.5000000001340108
C1,0.1,0.5,2,10,0.1666666666666667,0.4,8.005599975585938,0.1666666666661986,0.5555555558537268,0.500000000134177
C1,0.1,0.5,2,10,0.1666666666666667,0.4,8.015594482421875,0.1666666666662154,0.5555555558540997,0.500000000134345
C1,0.1,0.5,2,10,0.1666666666666667,0.4,8.025588989257812,0.1666666666662225,0.5555555558544701,0.5000000001345115
C1,0.1,0.5,2,10,0.1666666666666667,0.4,8.03558349609375,0.1666666666662053,0.5555555558548275,0.5000000001346727
C1,0.1,0.5,2,10,0.1666666666666667,0.4,8.045578002929688,0.1666666666661886,0.555555555855183,0.5000000001348327
C1,0.1,0.5,2,10,0.1666666666666667,0.4,8.055572509765625,0.1666666666661723,0.5555555558555373,0.5000000001349918
C1,0.1,0.5,2,10,0.1666666666666667,0.4,8.065567016601562,0.1666666666661558,0.5555555558558898,0.5000000001351509
C1,0.1,0.5,2,10,0.1666666666666667,0.4,8.0755615234375,0.1666666666661665,0.5555555558562576,0.5000000001353159
C1,0.1,0.5,2,10,0.1666666666666667,0.4,8.085556030273438,0.166666666666183,0.5555555558566285,0.5000000001354827
C1,0.1,0.5,2,10,0.1666666666666667,0.4,8.095550537109375,0.1666666666661663,0.5555555558569831,0.5000000001356426
C1,0.1,0.5,2,10,0.1666666666666667,0.4,8.105545043945312,0.1666666666661502,0.5555555558573355,0.5000000001358007
C1,0.1,0.5,2,10,0.1666666666666667,0.4,8.11553955078125,0.166666666666134,0.555555555857686,0.5000000001359592
C1,0.1,0.5,2,10,0.1666666666666667,0.4,8.125534057617188,0.1666666666661172,0.5555555558580406,0.5000000001361183
C1,0.1,0.5,2,10,0.1666666666666667,0.4,8.135528564453125,0.1666666666661228,0.5555555558584006,0.5000000001362803
C1,0.1,0.5,2,10,0.1666666666666667,0.4,8.145523071289062,0.1666666666661563,0.5555555558587636,0.500000000136444
C1,0.1,0.5,2,10,0.1666666666666667,0.4,8.155517578125,0.1666666666661748,0.555555555859125,0.5000000001366064
C1,0.1,0.5,2,10,0.1666666666666667,0.4,8.165512084960938,0.1666666666661932,0.5555555558594871,0.5000000001367697
C1,0.1,0.5,2,10,0.1666666666666667,0.4,8.175506591796875,0.1666666666662113,0.5555555558598526,0.5000000001369334
C1,0.1,0.5,2,10,0.1666666666666667,0.4,8.185501098632812,0.1666666666662291,0.5555555558602184,0.5000000001370984
C1,0.1,0.5,2,10,0.1666666666666667,0.4,8.19549560546875,0.1666666666662142,0.5555555558605692,0.5000000001372567
C1,0.1,0.5,2,10,0.1666666666666667,0.4,8.205490112304688,0.1666666666661989,0.5555555558609165,0.5000000001374126
C1,0.1,0.5,2,10,0.1666666666666667,0.4,8.215484619140625,0.1666666666661835,0.5555555558612678,0.5000000001375707
C1,0.1,0.5,2,10,0.1666666666666667,0.4,8.225479125976562,0.1666666666662011,0.5555555558616325,0.5000000001377353
C1,0.1,0.5,2,10,0.1666666666666667,0.4,8.2354736328125,0.1666666666662184,0.5555555558620004,0.5000000001379004
C1,0.1,0.5,2,10,0.1666666666666667,0.4,8.245468139648438,0.1666666666662205,0.5555555558623615,0.5000000001380627
C1,0.1,0.5,2,10,0.1666666666666667,0.4,8.255462646484375,0.1666666666662042,0.5555555558627128,0.5000000001382208
C1,0.1,0.5,2,10,0.1666666666666667,0.4,8.265457153320312,0.1666666666661875,0.5555555558630675,0.5000000001383804
C1,0.1,0.5,2,10,0.1666666666666667,0.4,8.27545166015625,0.1666666666661714,0.5555555558634165,0.5000000001385377
C1,0.1,0.5,2,10,0.1666666666666667,0.4,8.285446166992188,0.1666666666661551,0.555555555863768,0.5000000001386955
C1,0.1,0.5,2,10,0.1666666666666667,0.4,8.295440673828125,0.1666666666661577,0.5555555558641304,0.5000000001388579
C1,0.1,0.5,2,10,0.1666666666666667,0.4,8.305435180664062,0.1666666666661742,0.5555555558645033,0.5000000001390269
C1,0.1,0.5,2,10,0.1666666666666667,0.4,8.3154296875,0.166666666666158,0.5555555558648601,0.5000000001391869
C1,0.1,0.5,2,10,0.1666666666666667,0.4,8.325424194335938,0.166666666666141,0.5555555558652159,0.5000000001393474
C1,0.1,0.5,2,10,0.1666666666666667,0.4,8.335418701171875,0.1666666666661239,0.5555555558655723,0.5000000001395081
C1,0.1,0.5,2,10,0.1666666666666667,0.4,8.345413208007812,0.1666666666661361,0.5555555558659363,0.5000000001396715
C1,0.1,0.5,2,10,0.1666666666666667,0.4,8.35540771484375,0.1666666666661538,0.5555555558663016,0.5000000001398358
C1,0.1,0.5,2,10,0.1666666666666667,0.4,8.365402221679688,0.1666666666661691,0.5555555558666654,0.5000000001399997
C1,0.1,0.5,2,10,0.1666666666666667,0.4,8.375396728515625,0.1666666666661867,0.5555555558670315,0.5000000001401643
C1,0.1,0.5,2,10,0.1666666666666667,0.4,8.385391235351562,0.1666666666662042,0.5555555558673992,0.5000000001403299
C1,0.1,0.5,2,10,0.1666666666666667,0.4,8.3953857421875,0.1666666666662218,0.5555555558677672,0.5000000001404955
C1,0.1,0.5,2,10,0.1666666666666667,0.4,8.405380249023438,0.1666666666662293,0.5555555558681335,0.5000000001406602
C1,0.1,0.5,2,10,0.1666666666666667,0.4,8.415374755859375,0.1666666666662131,0.5555555558684855,0.5000000001408187
C1,0.1,0.5,2,10,0.1666666666666667,0.4,8.425369262695312,0.1666666666661969,0.5555555558688378,0.500000000140977
C1,0.1,0.5,2,10,0.1666666666666667,0.4,8.43536376953125,0.1666666666661802,0.5555555558691903,0.5000000001411361
C1,0.1,0.5,2,10,0.1666666666666667,0.4,8.445358276367188,0.1666666666661959,0.5555555558695553,0.5000000001412995
C1,0.1,0.5,2,10,0.1666666666666667,0.4,8.455352783203125,0.1666666666662133,0.555555555869923,0.5000000001414655
C1,0.1,0.5,2,10,0.1666666666666667,0.4,8.465347290039062,0.1666666666662111,0.5555555558702834,0.5000000001416277
C1,0.1,0.5,2,10,0.1666666666666667,0.4,8.475341796875,0.1666666666661946,0.5555555558706361,0.5000000001417866
C1,0.1,0.5,2,10,0.1666666666666667,0.4,8.485336303710938,0.1666666666661784,0.5555555558709877,0.5000000001419448
C1,0.1,0.5,2,10,0.1666666666666667,0.4,8.495330810546875,0.166666666666162,0.5555555558713403,0.5000000001421029
C1,0.1,0.5,2,10,0.1666666666666667,0.4,8.505325317382812,0.1666666666661448,0.5555555558716935,0.5000000001422621
C1,0.1,0.5,2,10,0.1666666666666667,0.4,8.51531982421875,0.1666666666661451,0.555555555872055,0.5000000001424247
C1,0.1,0.5,2,10,0.1666666666666667,0.4,8.525314331054688,0.1666666666661616,0.5555555558724277,0.5000000001425932
C1,0.1,0.5,2,10,0.1666666666666667,0.4,8.535308837890625,0.1666666666661447,0.5555555558727837,0.5000000001427518
C1,0.1,0.5,2,10,0.1666666666666667,0.4,8.545303344726562,0.1666666666661314,0.555555555873142,0.5000000001429137
C1,0.1,0.5,2,10,0.1666666666666667,0.4,8.5552978515625,0.1666666666661494,0.5555555558735056,0.5000000001430773
C1,0.1,0.5,2,10,0.1666666666666667,0.4,8.565292358398438,0.1666666666661673,0.5555555558738701,0.500000000143242
C1,0.1,0.5,2,10,0.1666666666666667,0.4,8.575286865234375,0.1666666666661846,0.5555555558742362,0.5000000001434058
C1,0.1,0.5,2,10,0.1666666666666667,0.4,8.585281372070312,0.1666666666661755,0.5555555558745886,0.500000000143565
C1,0.1,0.5,2,10,0.1666666666666667,0.4,8.59527587890625,0.1666666666661928,0.5555555558749565,0.5000000001437305
C1,0.1,0.5,2,10,0.1666666666666667,0.4,8.605270385742188,0.1666666666662105,0.555555555875324,0.5000000001438961
C1,0.1,0.5,2,10,0.1666666666666667,0.4,8.615264892578125,0.1666666666662276,0.5555555558756944,0.5000000001440624
C1,0.1,0.5,2,10,0.1666666666666667,0.4,8.625259399414062,0.1666666666662252,0.5555555558760579,0.5000000001442262
C1,0.1,0.5,2,10,0.1666666666666667,0.4,8.63525390625,0.1666666666662084,0.5555555558764126,0.5000000001443859
C1,0.1,0.5,2,10,0.1666666666666667,0.4,8.645248413085938,0.1666666666661921,0.5555555558767651,0.5000000001445444
C1,0.1,0.5,2,10,0.1666666666666667,0.4,8.655242919921875,0.1666666666661756,0.5555555558771195,0.5000000001447037
C1,0.1,0.5,2,10,0.1666666666666667,0.4,8.665237426757812,0.1666666666661882,0.5555555558774808,0.5000000001448668
C1,0.1,0.5,2,10,0.1666666666666667,0.4,8.67523193359375,0.1666666666662062,0.5555555558778462,0.500000000145031
C1,0.1,0.5,2,10,0.1666666666666667,0.4,8.685226440429688,0.1666666666662009,0.5555555558782033,0.5000000001451915
C1,0.1,0.5,2,10,0.1666666666666667,0.4,8.695220947265625,0.166666666666185,0.5555555558785524,0.5000000001453492
C1,0.1,0.5,2,10,0.1666666666666667,0.4,8.705215454101562,0.1666666666661689,0.5555555558789042,0.5000000001455068
C1,0.1,0.5,2,10,0.1666666666666667,0.4,8.7152099609375,0.166666666666153,0.5555555558792535,0.5000000001456644
C1,0.1,0.5,2,10,0.1666666666666667,0.4,8.725204467773438,0.1666666666661366,0.5555555558796047,0.5000000001458224
C1,0.1,0.5,2,10,0.1666666666666667,0.4,8.735198974609375,0.166666666666132,0.5555555558799661,0.5000000001459849
C1,0.1,0.5,2,10,0.1666666666666667,0.4,8.745193481445312,0.1666666666661486,0.555555555880338,0.5000000001461521
C1,0.1,0.5,2,10,0.1666666666666667,0.4,8.75518798828125,0.1666666666661444,0.5555555558806952,0.5000000001463132
C1,0.1,0.5,2,10,0.1666666666666667,0.4,8.765182495117188,0.1666666666661621,0.5555555558810608,0.5000000001464771
C1,0.1,0.5,2,10,0.1666666666666667,0.4,8.775177001953125,0.1666666666661796,0.5555555558814284,0.5000000001466431
C1,0.1,0.5,2,10,0.1666666666666667,0.4,8.785171508789062,0.1666666666661968,0.5555555558817977,0.5000000001468097
C1,0.1,0.5,2,10,0.1666666666666667,0.4,8.795166015625,0.1666666666661928,0.5555555558821582,0.5000000001469709
C1,0.1,0.5,2,10,0.1666666666666667,0.4,8.805160522460938,0.1666666666661803,0.5555555558825116,0.5000000001471291
C1,0.1,0.5,2,10,0.1666666666666667,0.4,8.815155029296875,0.1666666666661974,0.5555555558828824,0.5000000001472971
C1,0.1,0.5,2,10,0.1666666666666667,0.4,8.825149536132812,0.1666666666662141,0.5555555558832554,0.5000000001474647
C1,0.1,0.5,2,10,0.1666666666666667,0.4,8.83514404296875,0.1666666666662303,0.5555555558836305,0.5000000001476332
C1,0.1,0.5,2,10,0.1666666666666667,0.4,8.845138549804688,0.1666666666662188,0.5555555558839911,0.5000000001477959
C1,0.1,0.5,2,10,0.1666666666666667,0.4,8.855133056640625,0.1666666666662019,0.5555555558843467,0.5000000001479568
C1,0.1,0.5,2,10,0.1666666666666667,0.4,8.865127563476562,0.1666666666661846,0.5555555558847054,0.5000000001481176
C1,0.1,0.5,2,10,0.1666666666666667,0.4,8.8751220703125,0.1666666666661677,0.5555555558850622,0.5000000001482782
C1,0.1,0.5,2,10,0.1666666666666667,0.4,8.885116577148438,0.1666666666661785,0.5555555558854299,0.5000000001484435
C1,0.1,0.5,2,10,0.1666666666666667,0.4,8.895111083984375,0.1666666666661952,0.5555555558858016,0.5000000001486111
C1,0.1,0.5,2,10,0.1666666666666667,0.4,8.905105590820312,0.1666666666661857,0.5555555558861608,0.5000000001487725
C1,0.1,0.5,2,10,0.1666666666666667,0.4,8.91510009765625,0.1666666666661688,0.5555555558865174,0.5000000001489325
C1,0.1,0.5,2,10,0.1666666666666667,0.4,8.925094604492188,0.1666666666661522,0.5555555558868699,0.5000000001490917
C1,0.1,0.5,2,10,0.1666666666666667,0.4,8.935089111328125,0.1666666666661356,0.5555555558872233,0.5000000001492506
C1,0.1,0.5,2,10,0.1666666666666667,0.4,8.945083618164062,0.1666666666661191,0.5555555558875763,0.5000000001494097
C1,0.1,0.5,2,10,0.1666666666666667,0.4,8.955078125,0.1666666666661161,0.5555555558879346,0.5000000001495706
C1,0.1,0.5,2,10,0.1666666666666667,0.4,8.965072631835938,0.1666666666661495,0.5555555558882992,0.5000000001497348
C1,0.1,0.5,2,10,0.1666666666666667,0.4,8.975067138671875,0.1666666666661675,0.5555555558886629,0.5000000001498984
C1,0.1,0.5,2,10,0.1666666666666667,0.4,8.985061645507812,0.1666666666661853,0.5555555558890278,0.500000000150063
C1,0.1,0.5,2,10,0.1666666666666667,0.4,8.99505615234375,0.1666666666662029,0.5555555558893954,0.5000000001502277
C1,0.1,0.5,2,10,0.1666666666666667,0.4,9.005050659179688,0.166666666666213,0.5555555558897582,0.5000000001503914
C1,0.1,0.5,2,10,0.1666666666666667,0.4,9.015045166015625,0.1666666666661967,0.5555555558901105,0.5000000001505502
C1,0.1,0.5,2,10,0.1666666666666667,0.4,9.025039672851562,0.1666666666661836,0.5555555558904629,0.5000000001507083
C1,0.1,0.5,2,10,0.1666666666666667,0.4,9.0350341796875,0.1666666666662018,0.5555555558908257,0.5000000001508719
C1,0.1,0.5,2,10,0.1666666666666667,0.4,9.045028686523438,0.1666666666662197,0.5555555558911904,0.5000000001510361
C1,0.1,0.5,2,10,0.1666666666666667,0.4,9.055023193359375,0.1666666666662328,0.5555555558915584,0.5000000001512013
C1,0.1,0.5,2,10,0.1666666666666667,0.4,9.065017700195312,0.1666666666662162,0.5555555558919119,0.5000000001513605
C1,0.1,0.5,2,10,0.1666666666666667,0.4,9.07501220703125,0.1666666666661997,0.5555555558922651,0.5000000001515192
C1,0.1,0.5,2,10,0.1666666666666667,0.4,9.085006713867188,0.1666666666661837,0.5555555558926152,0.5000000001516767
C1,0.1,0.5,2,10,0.1666666666666667,0.4,9.095001220703125,0.1666666666661678,0.5555555558929648,0.5000000001518341
C1,0.1,0.5,2,10,0.1666666666666667,0.4,9.104995727539062,0.166666666666174,0.5555555558933214,0.5000000001519946
C1,0.1,0.5,2,10,0.1666666666666667,0.4,9.114990234375,0.1666666666661914,0.5555555558936869,0.5000000001521597
C1,0.1,0.5,2,10,0.1666666666666667,0.4,9.124984741210938,0.1666666666661806,0.5555555558940415,0.5000000001523187
C1,0.1,0.5,2,10,0.1666666666666667,0.4,9.134979248046875,0.1666666666661648,0.5555555558943897,0.5000000001524757
C1,0.1,0.5,2,10,0.1666666666666667,0.4,9.144973754882812,0.166666666666149,0.5555555558947379,0.500000000152632
C1,0.1,0.5,2,10,0.1666666666666667,0.4,9.15496826171875,0.1666666666661332,0.5555555558950852,0.5000000001527878
C1,0.1,0.5,2,10,0.1666666666666667,0.4,9.164962768554688,0.166666666666117,0.5555555558954359,0.5000000001529465
C1,0.1,0.5,2,10,0.1666666666666667,0.4,9.174957275390625,0.1666666666661314,0.5555555558957931,0.5000000001531074
C1,0.1,0.5,2,10,0.1666666666666667,0.4,9.184951782226562,0.166666666666166,0.555555555896156,0.5000000001532697
C1,0.1,0.5,2,10,0.1666666666666667,0.4,9.1949462890625,0.1666666666661837,0.5555555558965211,0.5000000001534352
C1,0.1,0.5,2,10,0.1666666666666667,0.4,9.204940795898438,0.1666666666662013,0.5555555558968885,0.5000000001536
C1,0.1,0.5,2,10,0.1666666666666667,0.4,9.214935302734375,0.1666666666662189,0.5555555558972562,0.500000000153765
C1,0.1,0.5,2,10,0.1666666666666667,0.4,9.224929809570312,0.166666666666219,0.5555555558976166,0.5000000001539275
C1,0.1,0.5,2,10,0.1666666666666667,0.4,9.23492431640625,0.1666666666662027,0.5555555558979695,0.5000000001540865
C1,0.1,0.5,2,10,0.1666666666666667,0.4,9.244918823242188,0.1666666666661863,0.555555555898322,0.5000000001542451
C1,0.1,0.5,2,10,0.1666666666666667,0.4,9.254913330078125,0.1666666666661974,0.5555555558986852,0.5000000001544083
C1,0.1,0.5,2,10,0.1666666666666667,0.4,9.264907836914062,0.1666666666662144,0.5555555558990551,0.5000000001545746
C1,0.1,0.5,2,10,0.1666666666666667,0.4,9.27490234375,0.1666666666662272,0.5555555558994236,0.5000000001547413
C1,0.1,0.5,2,10,0.1666666666666667,0.4,9.284896850585938,0.16666666666621,0.5555555558997816,0.5000000001549013
C1,0.1,0.5,2,10,0.1666666666666667,0.4,9.294891357421875,0.1666666666661936,0.5555555559001338,0.5000000001550603
C1,0.1,0.5,2,10,0.1666666666666667,0.4,9.304885864257812,0.1666666666661771,0.5555555559004889,0.5000000001552201
C1,0.1,0.5,2,10,0.1666666666666667,0.4,9.31488037109375,0.1666666666661605,0.5555555559008424,0.5000000001553793
C1,0.1,0.5,2,10,0.1666666666666667,0.4,9.324874877929688,0.1666666666661583,0.5555555559012015,0.5000000001555406
C1,0.1,0.5,2,10,0.1666666666666667,0.4,9.334869384765625,0.1666666666661756,0.5555555559015692,0.5000000001557063
C1,0.1,0.5,2,10,0.1666666666666667,0.4,9.344863891601562,0.1666666666661678,0.5555555559019285,0.5000000001558683
C1,0.1,0.5,2,10,0.1666666666666667,0.4,9.3548583984375,0.1666666666661512,0.5555555559022834,0.5000000001560276
C1,0.1,0.5,2,10,0.1666666666666667,0.4,9.364852905273438,0.1666666666661347,0.5555555559026357,0.5000000001561864
C1,0.1,0.5,2,10,0.1666666666666667,0.4,9.374847412109375,0.1666666666661181,0.5555555559029886,0.500000000156345
C1,0.1,0.5,2,10,0.1666666666666667,0.4,9.384841918945312,0.1666666666661364,0.5555555559033467,0.5000000001565058
C1,0.1,0.5,2,10,0.1666666666666667,0.4,9.39483642578125,0.166666666666156,0.5555555559037081,0.5000000001566689
C1,0.1,0.5,2,10,0.1666666666666667,0.4,9.404830932617188,0.1666666666661779,0.5555555559040726,0.5000000001568331
C1,0.1,0.5,2,10,0.1666666666666667,0.4,9.414825439453125,0.1666666666661958,0.5555555559044378,0.5000000001569969
C1,0.1,0.5,2,10,0.1666666666666667,0.4,9.424819946289062,0.1666666666662136,0.5555555559048038,0.5000000001571622
C1,0.1,0.5,2,10,0.1666666666666667,0.4,9.434814453125,0.1666666666662308,0.5555555559051732,0.5000000001573276
C1,0.1,0.5,2,10,0.1666666666666667,0.4,9.444808959960938,0.1666666666662194,0.5555555559055279,0.5000000001574881
C1,0.1,0.5,2,10,0.1666666666666667,0.4,9.454803466796875,0.1666666666662027,0.5555555559058833,0.5000000001576475
C1,0.1,0.5,2,10,0.1666666666666667,0.4,9.464797973632812,0.1666666666661865,0.5555555559062336,0.5000000001578055
C1,0.1,0.5,2,10,0.1666666666666667,0.4,9.47479248046875,0.1666666666661933,0.5555555559065966,0.5000000001579684
C1,0.1,0.5,2,10,0.1666666666666667,0.4,9.484786987304688,0.1666666666662106,0.5555555559069649,0.5000000001581345
C1,0.1,0.5,2,10,0.1666666666666667,0.4,9.494781494140625,0.1666666666662199,0.5555555559073315,0.5000000001582997
C1,0.1,0.5,2,10,0.1666666666666667,0.4,9.504776000976562,0.1666666666662034,0.5555555559076855,0.5000000001584586
C1,0.1,0.5,2,10,0.1666666666666667,0.4,9.5147705078125,0.1666666666661869,0.5555555559080387,0.5000000001586175
C1,0.1,0.5,2,10,0.1666666666666667,0.4,9.524765014648438,0.1666666666661706,0.5555555559083897,0.5000000001587758
C1,0.1,0.5,2,10,0.1666666666666667,0.4,9.534759521484375,0.166666666666154,0.5555555559087421,0.500000000158934
C1,0.1,0.5,2,10,0.1666666666666667,0.4,9.544754028320312,0.1666666666661466,0.5555555559090934,0.500000000159092
C1,0.1,0.5,2,10,0.1666666666666667,0.4,9.55474853515625,0.1666666666661641,0.5555555559094614,0.5000000001592576
C1,0.1,0.5,2,10,0.1666666666666667,0.4,9.564743041992188,0.1666666666661572,0.5555555559098204,0.5000000001594196
C1,0.1,0.5,2,10,0.1666666666666667,0.4,9.574737548828125,0.1666666666661409,0.5555555559101719,0.5000000001595775
C1,0.1,0.5,2,10,0.1666666666666667,0.4,9.584732055664062,0.1666666666661305,0.5555555559105239,0.5000000001597357
C1,0.1,0.5,2,10,0.1666666666666667,0.4,9.5947265625,0.1666666666661483,0.5555555559108871,0.5000000001599
C1,0.1,0.5,2,10,0.1666666666666667,0.4,9.604721069335938,0.1666666666661663,0.5555555559112512,0.5000000001600623
C1,0.1,0.5,2,10,0.1666666666666667,0.4,9.614715576171875,0.1666666666661711,0.5555555559116097,0.5000000001602246
C1,0.1,0.5,2,10,0.1666666666666667,0.4,9.624710083007812,0.1666666666661855,0.5555555559119725,0.5000000001603874
C1,0.1,0.5,2,10,0.1666666666666667,0.4,9.63470458984375,0.1666666666662033,0.5555555559123388,0.5000000001605526
C1,0.1,0.5,2,10,0.1666666666666667,0.4,9.644699096679688,0.1666666666662208,0.5555555559127063,0.500000000160718
C1,0.1,0.5,2,10,0.1666666666666667,0.4,9.654693603515625,0.1666666666662346,0.5555555559130725,0.5000000001608831
C1,0.1,0.5,2,10,0.1666666666666667,0.4,9.664688110351562,0.1666666666662183,0.5555555559134263,0.5000000001610418
C1,0.1,0.5,2,10,0.1666666666666667,0.4,9.6746826171875,0.1666666666662024,0.5555555559137759,0.5000000001611994
C1,0.1,0.5,2,10,0.1666666666666667,0.4,9.684677124023438,0.1666666666661864,0.5555555559141268,0.5000000001613569
C1,0.1,0.5,2,10,0.1666666666666667,0.4,9.694671630859375,0.166666666666187,0.5555555559144827,0.5000000001615174
C1,0.1,0.5,2,10,0.1666666666666667,0.4,9.704666137695312,0.1666666666662048,0.5555555559148484,0.5000000001616816
C1,0.1,0.5,2,10,0.1666666666666667,0.4,9.71466064453125,0.1666666666662134,0.5555555559152117,0.5000000001618453
C1,0.1,0.5,2,10,0.1666666666666667,0.4,9.724655151367188,0.166666666666197,0.555555555915566,0.5000000001620044
C1,0.1,0.5,2,10,0.1666666666666667,0.4,9.734649658203125,0.1666666666661802,0.5555555559159187,0.5000000001621635
C1,0.1,0.5,2,10,0.1666666666666667,0.4,9.744644165039062,0.1666666666661641,0.5555555559162695,0.5000000001623208
C1,0.1,0.5,2,10,0.1666666666666667,0.4,9.754638671875,0.1666666666661478,0.5555555559166194,0.5000000001624789
C1,0.1,0.5,2,10,0.1666666666666667,0.4,9.764633178710938,0.1666666666661324,0.5555555559169709,0.500000000162637
C1,0.1,0.5,2,10,0.1666666666666667,0.4,9.774627685546875,0.1666666666661501,0.555555555917336,0.5000000001628016
C1,0.1,0.5,2,10,0.1666666666666667,0.4,9.784622192382812,0.1666666666661474,0.5555555559176927,0.5000000001629619
C1,0.1,0.5,2,10,0.1666666666666667,0.4,9.79461669921875,0.1666666666661428,0.555555555918044,0.5000000001631199
C1,0.1,0.5,2,10,0.1666666666666667,0.4,9.804611206054688,0.1666666666661618,0.5555555559184016,0.5000000001632811
C1,0.1,0.5,2,10,0.1666666666666667,0.4,9.814605712890625,0.1666666666661811,0.5555555559187583,0.5000000001634417
C1,0.1,0.5,2,10,0.1666666666666667,0.4,9.824600219726562,0.1666666666661993,0.5555555559191216,0.500000000163605
C1,0.1,0.5,2,10,0.1666666666666667,0.4,9.8345947265625,0.1666666666661862,0.5555555559194714,0.5000000001637622
C1,0.1,0.5,2,10,0.1666666666666667,0.4,9.844589233398438,0.1666666666661913,0.5555555559198244,0.5000000001639213
C1,0.1,0.5,2,10,0.1666666666666667,0.4,9.854583740234375,0.1666666666662095,0.5555555559201872,0.5000000001640841
C1,0.1,0.5,2,10,0.1666666666666667,0.4,9.864578247070312,0.1666666666662276,0.5555555559205517,0.5000000001642483
C1,0.1,0.5,2,10,0.1666666666666667,0.4,9.87457275390625,0.1666666666662377,0.5555555559209143,0.5000000001644116
C1,0.1,0.5,2,10,0.1666666666666667,0.4,9.884567260742188,0.1666666666662217,0.555555555921265,0.5000000001645694
C1,0.1,0.5,2,10,0.1666666666666667,0.4,9.894561767578125,0.1666666666662054,0.5555555559216168,0.5000000001647279
C1,0.1,0.5,2,10,0.1666666666666667,0.4,9.904556274414062,0.1666666666661894,0.5555555559219656,0.5000000001648849
C1,0.1,0.5,2,10,0.1666666666666667,0.4,9.91455078125,0.1666666666661787,0.5555555559223164,0.5000000001650425
C1,0.1,0.5,2,10,0.1666666666666667,0.4,9.924545288085938,0.1666666666661958,0.5555555559226841,0.5000000001652085
C1,0.1,0.5,2,10,0.1666666666666667,0.4,9.934539794921875,0.1666666666662076,0.5555555559230531,0.5000000001653739
C1,0.1,0.5,2,10,0.1666666666666667,0.4,9.944534301757812,0.166666666666191,0.5555555559234078,0.5000000001655336
C1,0.1,0.5,2,10,0.1666666666666667,0.4,9.95452880859375,0.1666666666661745,0.5555555559237599,0.5000000001656926
C1,0.1,0.5,2,10,0.1666666666666667,0.4,9.964523315429688,0.1666666666661577,0.555555555924115,0.500000000165852
C1,0.1,0.5,2,10,0.1666666666666667,0.4,9.974517822265625,0.1666666666661407,0.5555555559244698,0.5000000001660114
C1,0.1,0.5,2,10,0.1666666666666667,0.4,9.984512329101562,0.1666666666661241,0.5555555559248221,0.5000000001661703
C1,0.1,0.5,2,10,0.1666666666666667,0.4,9.9945068359375,0.1666666666661323,0.5555555559251839,0.5000000001663332
C1,0.1,0.5,2,10,0.1666666666666667,0.4,10,0.1666666666661417,0.5555555559253864,0.5000000001664242
C2,0.2,0.4,2,4,0.3333333333333333,0.4,0,0,1,0.5000000000000001
C2,0.2,0.4,2,4,0.3333333333333333,0.4,0.0099945068359375,0.02083318997151302,0.8104768901689035,0.4999999999999795
C2,0.2,0.4,2,4,0.3333333333333333,0.4,0.019989013671875,0.042783783094681,0.70320245892261,0.4999999999999581
C2,0.2,0.4,2,4,0.3333333333333333,0.4,0.0299835205078125,0.06495937889582581,0.6402180293780207,0.4999999999999366
C2,0.2,0.4,2,4,0.3333333333333333,0.4,0.03997802734375,0.08654810075462561,0.6011981453649177,0.4999999999999145
C2,0.2,0.4,2,4,0.3333333333333333,0.4,0.0499725341796875,0.1069288784958092,0.5752960595291412,0.4999999999998923
C2,0.2,0.4,2,4,0.3333333333333333,0.4,0.059967041015625,0.1257143362392392,0.5567408351599964,0.4999999999998694
C2,0.2,0.4,2,4,0.3333333333333333,0.4,0.0699615478515625,0.1427344221531632,0.5424669847008876,0.499999999999846
C2,0.2,0.4,2,4,0.3333333333333333,0.4,0.0799560546875,0.1579861953457302,0.5308430465444552,0.4999999999998226
C2,0.2,0.4,2,4,0.3333333333333333,0.4,0.0899505615234375,0.1715751147972172,0.5209927883596209,0.4999999999997986
C2,0.2,0.4,2,4,0.3333333333333333,0.4,0.099945068359375,0.1836639610577448,0.5124349399834676,0.4999999999997742
C2,0.2,0.4,2,4,0.3333333333333333,0.4,0.1099395751953125,0.1944356879156428,0.5048934065586977,0.4999999999997493
C2,0.2,0.4,2,4,0.3333333333333333,0.4,0.11993408203125,0.204070054936098,0.4981982268546204,0.4999999999997235
C2,0.2,0.4,2,4,0.3333333333333333,0.4,0.1299285888671875,0.2127310576351396,0.4922344935499117,0.4999999999996974
C2,0.2,0.4,2,4,0.3333333333333333,0.4,0.139923095703125,0.2205616771878713,0.4869163897720669,0.4999999999996707
C2,0.2,0.4,2,4,0.3333333333333333,0.4,0.1499176025390625,0.2276830424125584,0.4821742189299604,0.4999999999996448
C2,0.2,0.4,2,4,0.3333333333333333,0.4,0.159912109375,0.234195938375675,0.4779480477735337,0.4999999999996179
C2,0.2,0.4,2,4,0.3333333333333333,0.4,0.1699066162109375,0.2401833456373037,0.4741846417617285,0.4999999999995912
C2,0.2,0.4,2,4,0.3333333333333333,0.4,0.179901123046875,0.2457132459971504,0.4708359897963252,0.4999999999995638
C2,0.2,0.4,2,4,0.3333333333333333,0.4,0.1898956298828125,0.2508412942068377,0.4678585630342513,0.4999999999995363
C2,0.2,0.4,2,4,0.3333333333333333,0.4,0.19989013671875,0.2556131760337003,0.4652128908965965,0.4999999999995081
C2,0.2,0.4,2,4,0.3333333333333333,0.4,0.2098846435546875,0.2600665977634685,0.4628632601213089,0.4999999999994805
C2,0.2,0.4,2,4,0.3333333333333333,0.4,0.219879150390625,0.2642329168507614,0.460777452998067,0.4999999999994523
C2,0.2,0.4,2,4,0.3333333333333333,0.4,0.2298736572265625,0.2681384527561171,0.458926493466706,0.4999999999994242
C2,0.2,0.4,2,4,0.3333333333333333,0.4,0.2398681640625,0.2718055268066026,0.4572843932623163,0.4999999999993952
C2,0.2,0.4,2,4,0.3333333333333333,0.4,0.2498626708984375,0.2752532796671354,0.4558278996354616,0.4999999999993661
C2,0.2,0.4,2,4,0.3333333333333333,0.4,0.259857177734375,0.2784983101552271,0.4545362489504933,0.4999999999993374
C2,0.2,0.4,2,4,0.3333333333333333,0.4,0.2698516845703125,0.2815551726464574,0.4533909304399685,0.4999999999993077
C2,0.2,0.4,2,4,0.3333333333333333,0.4,0.27984619140625,0.2844367637262121,0.4523754633740883,0.4999999999992781
C2,0.2,0.4,2,4,0.3333333333333333,0.4,0.2898406982421875,0.2871546227503617,0.4514751897032369,0.4999999999992489
C2,0.2,0.4,2,4,0.3333333333333333,0.4,0.299835205078125,0.2897191658445138,0.4506770831743255,0.4999999999992182
C2,0.2,0.4,2,4,0.3333333333333333,0.4,0.3098297119140625,0.2921398686321854,0.4499695751044664,0.4999999999991886
C2,0.2,0.4,2,4,0.3333333333333333,0.4,0.31982421875,0.2944254095636666,0.4493423964166316,0.499999999999158
C2,0.2,0.4,2,4,0.3333333333333333,0.4,0.3298187255859375,0.2965837830062816,0.4487864351629802,0.4999999999991278
C2,0.2,0.4,2,4,0.3333333333333333,0.4,0.339813232421875,0.2986223891319565,0.4482936085364889,0.4999999999990977
C2,0.2,0.4,2,4,0.3333333333333333,0.4,0.3498077392578125,0.3005481059876747,0.4478567482583112,0.4999999999990671
C2,0.2,0.4,2,4,0.3333333333333333,0.4,0.35980224609375,0.3023673478607349,0.4474694981927481,0.4999999999990366
C2,0.2,0.4,2,4,0.3333333333333333,0.4,0.3697967529296875,0.3040861130730931,0.4471262230576715,0.4999999999990055
C2,0.2,0.4,2,4,0.3333333333333333,0.4,0.379791259765625,0.3057100235913141,0.4468219271466253,0.4999999999989742
C2,0.2,0.4,2,4,0.3333333333333333,0.4,0.3897857666015625,0.3072443582687261,0.4465521820460694,0.4999999999989434
C2,0.2,0.4,2,4,0.3333333333333333,0.4,0.3997802734375,0.3086940811028293,0.4463130624080149,0.4999999999989114
C2,0.2,0.4,2,4,0.3333333333333333,0.4,0.4097747802734375,0.3100638655619057,0.4461010889183833,0.4999999999988801
C2,0.2,0.4,2,4,0.3333333333333333,0.4,0.419769287109375,0.3113581157851474,0.4459131776808082,0.4999999999988481
C2,0.2,0.4,2,4,0.3333333333333333,0.4,0.4297637939453125,0.3125809852716795,0.4457465953117427,0.4999999999988166
C2,0.2,0.4,2,4,0.3333333333333333,0.4,0.43975830078125,0.3137363935305686,0.4455989191142555,0.4999999999987847
C2,0.2,0.4,2,4,0.3333333333333333,0.4,0.4497528076171875,0.3148280410555583,0.4454680017640397,0.4999999999987537
C2,0.2,0.4,2,4,0.3333333333333333,0.4,0.459747314453125,0.3158594229060767,0.4453519400016676,0.4999999999987224
C2,0.2,0.4,2,4,0.3333333333333333,0.4,0.4697418212890625,0.316833841113851,0.4452490468800456,0.4999999999986914
C2,0.2,0.4,2,4,0.3333333333333333,0.4,0.479736328125,0.3177544160870968,0.4451578271655975,0.4999999999986603
C2,0.2,0.4,2,4,0.3333333333333333,0.4,0.4897308349609375,0.318624097148309,0.4450769555361928,0.4999999999986307
C2,0.2,0.4,2,4,0.3333333333333333,0.4,0.499725341796875,0.3194456723142462,0.445005257258721,0.4999999999986002
C2,0.2,0.4,2,4,0.3333333333333333,0.4,0.5097198486328125,0.3202217774056651,0.4449416910647946,0.4999999999985697
C2,0.2,0.4,2,4,0.3333333333333333,0.4,0.51971435546875,0.3209549045582734,0.444885333974783,0.4999999999985393
C2,0.2,0.4,2,4,0.3333333333333333,0.4,0.5297088623046875,0.3216474101938787,0.4448353678486209,0.4999999999985091
C2,0.2,0.4,2,4,0.3333333333333333,0.4,0.539703369140625,0.3223015225010435,0.4447910674669344,0.4999999999984784
C2,0.2,0.4,2,4,0.3333333333333333,0.4,0.5496978759765625,0.3229193484670278,0.4447517899683184,0.4999999999984484
C2,0.2,0.4,2,4,0.3333333333333333,0.4,0.5596923828125,0.3235028804967923,0.4447169654883885,0.4999999999984182
C2,0.2,0.4,2,4,0.3333333333333333,0.4,0.5696868896484375,0.3240540026501299,0.4446860888637909,0.4999999999983873
C2,0.2,0.4,2,4,0.3333333333333333,0.4,0.579681396484375,0.3245744965242011,0.4446587122799195,0.4999999999983573
C2,0.2,0.4,2,4,0.3333333333333333,0.4,0.5896759033203125,0.3250660468056288,0.4446344387549004,0.4999999999983271
C2,0.2,0.4,2,4,0.3333333333333333,0.4,0.59967041015625,0.3255302465137781,0.4446129163646317,0.4999999999982963
C2,0.2,0.4,2,4,0.3333333333333333,0.4,0.6096649169921875,0.3259686019548258,0.4445938331245183,0.4999999999982662
C2,0.2,0.4,2,4,0.3333333333333333,0.4,0.619659423828125,0.326382537404309,0.4445769124531556,0.4999999999982356
C2,0.2,0.4,2,4,0.3333333333333333,0.4,0.6296539306640625,0.3267733995344657,0.4445619091517222,0.4999999999982055
C2,0.2,0.4,2,4,0.3333333333333333,0.4,0.6396484375,0.3271424616013446,0.4445486058403929,0.4999999999981748
C2,0.2,0.4,2,4,0.3333333333333333,0.4,0.6496429443359375,0.3274909274055006,0.4445368097997714,0.4999999999981445
C2,0.2,0.4,2,4,0.3333333333333333,0.4,0.659637451171875,0.3278199350391593,0.4445263501712662,0.4999999999981141
C2,0.2,0.4,2,4,0.3333333333333333,0.4,0.6696319580078125,0.3281305604318001,0.4445170754755673,0.4999999999980839
C2,0.2,0.4,2,4,0.3333333333333333,0.4,0.67962646484375,0.3284238207053607,0.4445088514130555,0.4999999999980536
C2,0.2,0.4,2,4,0.3333333333333333,0.4,0.6896209716796875,0.3287006773495284,0.4445015589140752,0.4999999999980232
C2,0.2,0.4,2,4,0.3333333333333333,0.4,0.699615478515625,0.3289620392269379,0.4444950924106598,0.4999999999979934
C2,0.2,0.4,2,4,0.3333333333333333,0.4,0.7096099853515625,0.3292087654174976,0.4444893583045359,0.4999999999979628
C2,0.2,0.4,2,4,0.3333333333333333,0.4,0.7196044921875,0.3294416679105614,0.4444842736090971,0.4999999999979325
C2,0.2,0.4,2,4,0.3333333333333333,0.4,0.7295989990234375,0.3296615141530911,0.4444797647455579,0.4999999999979021
C2,0.2,0.4,2,4,0.3333333333333333,0.4,0.739593505859375,0.3298690294615603,0.4444757664757924,0.4999999999978721
C2,0.2,0.4,2,4,0.3333333333333333,0.4,0.7495880126953125,0.3300648993048333,0.444472220956302,0.4999999999978418
C2,0.2,0.4,2,4,0.3333333333333333,0.4,0.75958251953125,0.3302497714649542,0.4444690768995687,0.4999999999978111
C2,0.2,0.4,2,4,0.3333333333333333,0.4,0.7695770263671875,0.3304242580823046,0.4444662888305811,0.4999999999977811
C2,0.2,0.4,2,4,0.3333333333333333,0.4,0.779571533203125,0.3305889375912759,0.444463816427732,0.4999999999977508
C2,0.2,0.4,2,4,0.3333333333333333,0.4,0.7895660400390625,0.3307443565522739,0.4444616239385059,0.4999999999977197
C2,0.2,0.4,2,4,0.3333333333333333,0.4,0.799560546875,0.3308910313855654,0.4444596796614554,0.4999999999976895
C2,0.2,0.4,2,4,0.3333333333333333,0.4,0.8095550537109375,0.3310294500121451,0.4444579554869462,0.4999999999976592
C2,0.2,0.4,2,4,0.3333333333333333,0.4,0.819549560546875,0.3311600734065596,0.4444564264900016,0.4999999999976291
C2,0.2,0.4,2,4,0.3333333333333333,0.4,0.8295440673828125,0.331283337066352,0.4444550705693226,0.4999999999975985
C2,0.2,0.4,2,4,0.3333333333333333,0.4,0.83953857421875,0.3313996524025436,0.4444538681272535,0.4999999999975679
C2,0.2,0.4,2,4,0.3333333333333333,0.4,0.8495330810546875,0.3315094080553357,0.4444528017860381,0.4999999999975376
C2,0.2,0.4,2,4,0.3333333333333333,0.4,0.859527587890625,0.331612971138998,0.4444518561362484,0.4999999999975074
C2,0.2,0.4,2,4,0.3333333333333333,0.4,0.8695220947265625,0.3317106884196764,0.4444510175137421,0.4999999999974769
C2,0.2,0.4,2,4,0.3333333333333333,0.4,0.8795166015625,0.3318028874297129,0.4444502738019077,0.4999999999974465
C2,0.2,0.4,2,4,0.3333333333333333,0.4,0.8895111083984375,0.3318898775218153,0.4444496142563228,0.4999999999974163
C2,0.2,0.4,2,4,0.3333333333333333,0.4,0.899505615234375,0.3319719508662941,0.4444490293492958,0.4999999999973855
C2,0.2,0.4,2,4,0.3333333333333333,0.4,0.9095001220703125,0.3320493833943702,0.4444485106320243,0.4999999999973549
C2,0.2,0.4,2,4,0.3333333333333333,0.4,0.91949462890625,0.3321224356904398,0.444448050612377,0.4999999999973251
C2,0.2,0.4,2,4,0.3333333333333333,0.4,0.9294891357421875,0.3321913538360105,0.444447642646528,0.4999999999972948
C2,0.2,0.4,2,4,0.3333333333333333,0.4,0.939483642578125,0.3322563702078588,0.4444472808428733,0.499999999997264
C2,0.2,0.4,2,4,0.3333333333333333,0.4,0.9494781494140625,0.332317704232899,0.4444469599768312,0.4999999999972338
C2,0.2,0.4,2,4,0.3333333333333333,0.4,0.95947265625,0.3323755631020213,0.4444466754152978,0.4999999999972038
C2,0.2,0.4,2,4,0.3333333333333333,0.4,0.9694671630859375,0.332430142445128,0.4444464230496641,0.4999999999971732
C2,0.2,0.4,2,4,0.3333333333333333,0.4,0.979461669921875,0.3324816269694254,0.4444461992364226,0.499999999997143
C2,0.2,0.4,2,4,0.3333333333333333,0.4,0.9894561767578125,0.3325301910629451,0.4444460007444945,0.4999999999971127
C2,0.2,0.4,2,4,0.3333333333333333,0.4,0.99945068359375,0.3325759993651533,0.4444458247085361,0.4999999999970824
C2,0.2,0.4,2,4,0.3333333333333333,0.4,1.009445190429688,0.3326192073064116,0.4444456685875238,0.4999999999970517
C2,0.2,0.4,2,4,0.3333333333333333,0.4,1.019439697265625,0.3326599616179864,0.4444455301280347,0.4999999999970219
C2,0.2,0.4,2,4,0.3333333333333333,0.4,1.029434204101562,0.3326984008141431,0.4444454073316867,0.4999999999969912
C2,0.2,0.4,2,4,0.3333333333333333,0.4,1.0394287109375,0.3327346556478685,0.4444452984262652,0.4999999999969609
C2,0.2,0.4,2,4,0.3333333333333333,0.4,1.049423217773438,0.3327688495416383,0.4444452018401167,0.4999999999969301
C2,0.2,0.4,2,4,0.3333333333333333,0.4,1.059417724609375,0.3328010989945483,0.4444451161794502,0.4999999999969
C2,0.2,0.4,2,4,0.3333333333333333,0.4,1.069412231445312,0.3328315139671097,0.444445040208199,0.4999999999968691
C2,0.2,0.4,2,4,0.3333333333333333,0.4,1.07940673828125,0.3328601982449145,0.4444449728301689,0.4999999999968389
C2,0.2,0.4,2,4,0.3333333333333333,0.4,1.089401245117188,0.3328872497823007,0.4444449130732082,0.4999999999968087
C2,0.2,0.4,2,4,0.3333333333333333,0.4,1.099395751953125,0.3329127610271105,0.4444448600751649,0.4999999999967787
C2,0.2,0.4,2,4,0.3333333333333333,0.4,1.109390258789062,0.3329368192275701,0.4444448130714385,0.4999999999967484
C2,0.2,0.4,2,4,0.3333333333333333,0.4,1.119384765625,0.3329595067222461,0.4444447713839412,0.4999999999967178
C2,0.2,0.4,2,4,0.3333333333333333,0.4,1.129379272460938,0.3329809012140206,0.4444447344113071,0.4999999999966875
C2,0.2,0.4,2,4,0.3333333333333333,0.4,1.139373779296875,0.3330010760289254,0.4444447016202037,0.4999999999966572
C2,0.2,0.4,2,4,0.3333333333333333,0.4,1.149368286132812,0.3330201003607006,0.4444446725376425,0.499999999996627
C2,0.2,0.4,2,4,0.3333333333333333,0.4,1.15936279296875,0.3330380395018031,0.4444446467441444,0.4999999999965968
C2,0.2,0.4,2,4,0.3333333333333333,0.4,1.169357299804688,0.3330549550616473,0.4444446238676845,0.4999999999965666
C2,0.2,0.4,2,4,0.3333333333333333,0.4,1.179351806640625,0.3330709051727604,0.4444446035783253,0.499999999996536
C2,0.2,0.4,2,4,0.3333333333333333,0.4,1.189346313476562,0.3330859446855087,0.4444445855834539,0.4999999999965057
C2,0.2,0.4,2,4,0.3333333333333333,0.4,1.1993408203125,0.3331001253520272,0.4444445696235578,0.4999999999964748
C2,0.2,0.4,2,4,0.3333333333333333,0.4,1.209335327148438,0.3331134959999347,0.4444445554684805,0.4999999999964445
C2,0.2,0.4,2,4,0.3333333333333333,0.4,1.219329833984375,0.3331261026964091,0.4444445429141005,0.4999999999964144
C2,0.2,0.4,2,4,0.3333333333333333,0.4,1.229324340820312,0.3331379889031301,0.4444445317793838,0.4999999999963833
C2,0.2,0.4,2,4,0.3333333333333333,0.4,1.23931884765625,0.3331491956226235,0.4444445219037757,0.4999999999963531
C2,0.2,0.4,2,4,0.3333333333333333,0.4,1.249313354492188,0.3331597615364346,0.4444445131448796,0.4999999999963234
C2,0.2,0.4,2,4,0.3333333333333333,0.4,1.259307861328125,0.3331697231356311,0.4444445053764063,0.4999999999962924
C2,0.2,0.4,2,4,0.3333333333333333,0.4,1.269302368164062,0.3331791148440117,0.4444444984863511,0.4999999999962622
C2,0.2,0.4,2,4,0.3333333333333333,0.4,1.279296875,0.3331879691344601,0.4444444923753751,0.4999999999962311
C2,0.2,0.4,2,4,0.3333333333333333,0.4,1.289291381835938,0.3331963166387901,0.4444444869553768,0.4999999999962007
C2,0.2,0.4,2,4,0.3333333333333333,0.4,1.299285888671875,0.3332041862514677,0.4444444821482182,0.4999999999961701
C2,0.2,0.4,2,4,0.3333333333333333,0.4,1.309280395507812,0.3332116052275322,0.4444444778845986,0.4999999999961398
C2,0.2,0.4,2,4,0.3333333333333333,0.4,1.31927490234375,0.333218599275045,0.4444444741030543,0.4999999999961096
C2,0.2,0.4,2,4,0.3333333333333333,0.4,1.329269409179688,0.3332251926423592,0.4444444707490723,0.499999999996079
C2,0.2,0.4,2,4,0.3333333333333333,0.4,1.339263916015625,0.3332314082005185,0.4444444677743056,0.4999999999960487
C2,0.2,0.4,2,4,0.3333333333333333,0.4,1.349258422851562,0.3332372675210172,0.4444444651358743,0.4999999999960184
C2,0.2,0.4,2,4,0.3333333333333333,0.4,1.3592529296875,0.3332427909492315,0.4444444627957472,0.4999999999959885
C2,0.2,0.4,2,4,0.3333333333333333,0.4,1.369247436523438,0.3332479976737063,0.4444444607201951,0.4999999999959575
C2,0.2,0.4,2,4,0.3333333333333333,0.4,1.379241943359375,0.3332529057915713,0.444444458879301,0.4999999999959269
C2,0.2,0.4,2,4,0.3333333333333333,0.4,1.389236450195312,0.3332575323702684,0.4444444572465335,0.4999999999958969
C2,0.2,0.4,2,4,0.3333333333333333,0.4,1.39923095703125,0.3332618935058405,0.4444444557983591,0.4999999999958663
C2,0.2,0.4,2,4,0.3333333333333333,0.4,1.409225463867188,0.3332660043779064,0.444444454513906,0.4999999999958359
C2,0.2,0.4,2,4,0.3333333333333333,0.4,1.419219970703125,0.3332698793015741,0.4444444533746634,0.4999999999958055
C2,0.2,0.4,2,4,0.3333333333333333,0.4,1.429214477539062,0.3332735317764239,0.4444444523642131,0.4999999999957749
C2,0.2,0.4,2,4,0.3333333333333333,0.4,1.439208984375,0.3332769745327294,0.4444444514679933,0.4999999999957445
C2,0.2,0.4,2,4,0.3333333333333333,0.4,1.449203491210938,0.3332802195750795,0.4444444506730896,0.4999999999957144
C2,0.2,0.4,2,4,0.3333333333333333,0.4,1.459197998046875,0.3332832782235448,0.4444444499680461,0.4999999999956843
C2,0.2,0.4,2,4,0.3333333333333333,0.4,1.469192504882812,0.3332861611525191,0.4444444493427036,0.499999999995654
C2,0.2,0.4,2,4,0.3333333333333333,0.4,1.47918701171875,0.3332888784273815,0.44444444878805,0.4999999999956233
C2,0.2,0.4,2,4,0.3333333333333333,0.4,1.489181518554688,0.3332914395390654,0.4444444482960946,0.4999999999955927
C2,0.2,0.4,2,4,0.3333333333333333,0.4,1.499176025390625,0.3332938534366989,0.444444447859749,0.4999999999955624
C2,0.2,0.4,2,4,0.3333333333333333,0.4,1.509170532226562,0.3332961285584022,0.4444444474727253,0.499999999995532
C2,0.2,0.4,2,4,0.3333333333333333,0.4,1.5191650390625,0.3332982728603256,0.4444444471294476,0.4999999999955011
C2,0.2,0.4,2,4,0.3333333333333333,0.4,1.529159545898438,0.3333002938440581,0.444444446824971,0.4999999999954709
C2,0.2,0.4,2,4,0.3333333333333333,0.4,1.539154052734375,0.3333021985824942,0.4444444465549085,0.4999999999954405
C2,0.2,0.4,2,4,0.3333333333333333,0.4,1.549148559570312,0.3333039937442198,0.4444444463153696,0.4999999999954101
C2,0.2,0.4,2,4,0.3333333333333333,0.4,1.55914306640625,0.3333056856165326,0.4444444461029032,0.4999999999953797
C2,0.2,0.4,2,4,0.3333333333333333,0.4,1.569137573242188,0.3333072801271468,0.4444444459144483,0.4999999999953492
C2,0.2,0.4,2,4,0.3333333333333333,0.4,1.579132080078125,0.3333087828646814,0.4444444457472914,0.4999999999953184
C2,0.2,0.4,2,4,0.3333333333333333,0.4,1.589126586914062,0.3333101990979785,0.4444444455990241,0.4999999999952882
C2,0.2,0.4,2,4,0.3333333333333333,0.4,1.59912109375,0.3333115337943208,0.4444444454675115,0.4999999999952578
C2,0.2,0.4,2,4,0.3333333333333333,0.4,1.609115600585938,0.3333127916366379,0.4444444453508594,0.4999999999952274
C2,0.2,0.4,2,4,0.3333333333333333,0.4,1.619110107421875,0.3333139770397139,0.4444444452473876,0.4999999999951965
C2,0.2,0.4,2,4,0.3333333333333333,0.4,1.629104614257812,0.3333150941654784,0.4444444451556065,0.4999999999951669
C2,0.2,0.4,2,4,0.3333333333333333,0.4,1.63909912109375,0.3333161469374518,0.4444444450741937,0.4999999999951364
C2,0.2,0.4,2,4,0.3333333333333333,0.4,1.649093627929688,0.3333171390543322,0.4444444450019775,0.4999999999951056
C2,0.2,0.4,2,4,0.3333333333333333,0.4,1.659088134765625,0.3333180740028443,0.4444444449379192,0.4999999999950752
C2,0.2,0.4,2,4,0.3333333333333333,0.4,1.669082641601562,0.3333189550698433,0.4444444448810957,0.499999999995045
C2,0.2,0.4,2,4,0.3333333333333333,0.4,1.6790771484375,0.3333197853537292,0.4444444448306898,0.4999999999950147
C2,0.2,0.4,2,4,0.3333333333333333,0.4,1.689071655273438,0.3333205677752165,0.4444444447859747,0.4999999999949846
C2,0.2,0.4,2,4,0.3333333333333333,0.4,1.699066162109375,0.3333213050874854,0.4444444447463086,0.4999999999949543
C2,0.2,0.4,2,4,0.3333333333333333,0.4,1.709060668945312,0.3333219998857693,0.4444444447111193,0.4999999999949235
C2,0.2,0.4,2,4,0.3333333333333333,0.4,1.71905517578125,0.3333226546163734,0.444444444679902,0.499999999994893
C2,0.2,0.4,2,4,0.3333333333333333,0.4,1.729049682617188,0.3333232715852076,0.4444444446522072,0.4999999999948629
C2,0.2,0.4,2,4,0.3333333333333333,0.4,1.739044189453125,0.333323852965807,0.4444444446276367,0.499999999994832
C2,0.2,0.4,2,4,0.3333333333333333,0.4,1.749038696289062,0.3333244008069126,0.4444444446058369,0.4999999999948014
C2,0.2,0.4,2,4,0.3333333333333333,0.4,1.759033203125,0.3333249170396104,0.4444444445864957,0.499999999994771
C2,0.2,0.4,2,4,0.3333333333333333,0.4,1.769027709960938,0.3333254034840695,0.4444444445693354,0.4999999999947407
C2,0.2,0.4,2,4,0.3333333333333333,0.4,1.779022216796875,0.3333258618559009,0.4444444445541078,0.4999999999947106
C2,0.2,0.4,2,4,0.3333333333333333,0.4,1.789016723632812,0.3333262937721327,0.4444444445405958,0.4999999999946801
C2,0.2,0.4,2,4,0.3333333333333333,0.4,1.79901123046875,0.3333267007568669,0.4444444445286053,0.49999999999465
C2,0.2,0.4,2,4,0.3333333333333333,0.4,1.809005737304688,0.3333270842466019,0.4444444445179632,0.4999999999946201
C2,0.2,0.4,2,4,0.3333333333333333,0.4,1.819000244140625,0.3333274455952545,0.4444444445085182,0.4999999999945893
C2,0.2,0.4,2,4,0.3333333333333333,0.4,1.828994750976562,0.3333277860788959,0.4444444445001351,0.4999999999945585
C2,0.2,0.4,2,4,0.3333333333333333,0.4,1.8389892578125,0.3333281069002103,0.4444444444926922,0.4999999999945279
C2,0.2,0.4,2,4,0.3333333333333333,0.4,1.848983764648438,0.3333284091927087,0.4444444444860853,0.4999999999944973
C2,0.2,0.4,2,4,0.3333333333333333,0.4,1.858978271484375,0.3333286940246941,0.4444444444802179,0.4999999999944666
C2,0.2,0.4,2,4,0.3333333333333333,0.4,1.868972778320312,0.3333289624030025,0.4444444444750077,0.4999999999944361
C2,0.2,0.4,2,4,0.3333333333333333,0.4,1.87896728515625,0.333329215276537,0.4444444444703802,0.4999999999944048
C2,0.2,0.4,2,4,0.3333333333333333,0.4,1.888961791992188,0.333329453539582,0.4444444444662691,0.4999999999943741
C2,0.2,0.4,2,4,0.3333333333333333,0.4,1.898956298828125,0.3333296780349471,0.4444444444626171,0.4999999999943429
C2,0.2,0.4,2,4,0.3333333333333333,0.4,1.908950805664062,0.3333298895569198,0.4444444444593704,0.4999999999943113
C2,0.2,0.4,2,4,0.3333333333333333,0.4,1.9189453125,0.333330088854054,0.4444444444564849,0.4999999999942802
C2,0.2,0.4,2,4,0.3333333333333333,0.4,1.928939819335938,0.3333302766317857,0.4444444444539199,0.4999999999942497
C2,0.2,0.4,2,4,0.3333333333333333,0.4,1.938934326171875,0.3333304535549372,0.4444444444516391,0.4999999999942191
C2,0.2,0.4,2,4,0.3333333333333333,0.4,1.948928833007812,0.3333306202500219,0.44444444444961,0.4999999999941886
C2,0.2,0.4,2,4,0.3333333333333333,0.4,1.95892333984375,0.3333307773074615,0.4444444444478034,0.499999999994158
C2,0.2,0.4,2,4,0.3333333333333333,0.4,1.968917846679688,0.3333309252836553,0.4444444444461951,0.4999999999941269
C2,0.2,0.4,2,4,0.3333333333333333,0.4,1.978912353515625,0.3333310647029398,0.4444444444447612,0.4999999999940952
C2,0.2,0.4,2,4,0.3333333333333333,0.4,1.988906860351562,0.3333311960594312,0.4444444444434836,0.4999999999940643
C2,0.2,0.4,2,4,0.3333333333333333,0.4,1.9989013671875,0.3333313198187609,0.4444444444423445,0.4999999999940334
C2,0.2,0.4,2,4,0.3333333333333333,0.4,2.008895874023438,0.3333314364197118,0.4444444444413275,0.4999999999940026
C2,0.2,0.4,2,4,0.3333333333333333,0.4,2.018890380859375,0.3333315462757748,0.4444444444404202,0.4999999999939716
C2,0.2,0.4,2,4,0.3333333333333333,0.4,2.028884887695312,0.3333316497765929,0.4444444444396096,0.4999999999939411
C2,0.2,0.4,2,4,0.3333333333333333,0.4,2.03887939453125,0.3333317472893347,0.4444444444388855,0.499999999993911
C2,0.2,0.4,2,4,0.3333333333333333,0.4,2.048873901367188,0.3333318391599939,0.444444444438237,0.4999999999938808
C2,0.2,0.4,2,4,0.3333333333333333,0.4,2.058868408203125,0.3333319257146031,0.4444444444376557,0.4999999999938511
C2,0.2,0.4,2,4,0.3333333333333333,0.4,2.068862915039062,0.3333320072603825,0.4444444444371339,0.4999999999938211
C2,0.2,0.4,2,4,0.3333333333333333,0.4,2.078857421875,0.3333320840868295,0.4444444444366641,0.4999999999937902
C2,0.2,0.4,2,4,0.3333333333333333,0.4,2.088851928710938,0.3333321564667285,0.4444444444362406,0.4999999999937595
C2,0.2,0.4,2,4,0.3333333333333333,0.4,2.098846435546875,0.3333322246571255,0.4444444444358593,0.4999999999937287
C2,0.2,0.4,2,4,0.3333333333333333,0.4,2.108840942382812,0.3333322889002274,0.4444444444355147,0.4999999999936981
C2,0.2,0.4,2,4,0.3333333333333333,0.4,2.11883544921875,0.3333323494242577,0.4444444444352018,0.4999999999936664
C2,0.2,0.4,2,4,0.3333333333333333,0.4,2.128829956054688,0.3333324064442677,0.4444444444349179,0.499999999993635
C2,0.2,0.4,2,4,0.3333333333333333,0.4,2.138824462890625,0.3333324601628898,0.4444444444346604,0.499999999993604
C2,0.2,0.4,2,4,0.3333333333333333,0.4,2.148818969726562,0.3333325107710498,0.4444444444344259,0.4999999999935729
C2,0.2,0.4,2,4,0.3333333333333333,0.4,2.1588134765625,0.3333325584486529,0.4444444444342124,0.4999999999935424
C2,0.2,0.4,2,4,0.3333333333333333,0.4,2.168807983398438,0.3333326033652125,0.4444444444340167,0.4999999999935119
C2,0.2,0.4,2,4,0.3333333333333333,0.4,2.178802490234375,0.3333326456804481,0.4444444444338371,0.4999999999934809
C2,0.2,0.4,2,4,0.3333333333333333,0.4,2.188796997070312,0.3333326855448551,0.4444444444336723,0.4999999999934506
C2,0.2,0.4,2,4,0.3333333333333333,0.4,2.19879150390625,0.3333327231002278,0.4444444444335197,0.4999999999934202
C2,0.2,0.4,2,4,0.3333333333333333,0.4,2.208786010742188,0.3333327584801745,0.4444444444333787,0.4999999999933901
C2,0.2,0.4,2,4,0.3333333333333333,0.4,2.218780517578125,0.3333327918105751,0.4444444444332475,0.49999999999336
C2,0.2,0.4,2,4,0.3333333333333333,0.4,2.228775024414062,0.3333328232100408,0.4444444444331253,0.4999999999933296
C2,0.2,0.4,2,4,0.3333333333333333,0.4,2.23876953125,0.3333328527903258,0.4444444444330106,0.4999999999933001
C2,0.2,0.4,2,4,0.3333333333333333,0.4,2.248764038085938,0.3333328806567231,0.4444444444329037,0.4999999999932698
C2,0.2,0.4,2,4,0.3333333333333333,0.4,2.258758544921875,0.3333329069084381,0.4444444444328025,0.4999999999932396
C2,0.2,0.4,2,4,0.3333333333333333,0.4,2.268753051757812,0.3333329316389399,0.4444444444327073,0.4999999999932104
C2,0.2,0.4,2,4,0.3333333333333333,0.4,2.27874755859375,0.3333329549363001,0.444444444432617,0.499999999993181
C2,0.2,0.4,2,4,0.3333333333333333,0.4,2.288742065429688,0.3333329768834883,0.444444444432532,0.4999999999931518
C2,0.2,0.4,2,4,0.3333333333333333,0.4,2.298736572265625,0.3333329975586818,0.4444444444324496,0.4999999999931217
C2,0.2,0.4,2,4,0.3333333333333333,0.4,2.308731079101562,0.3333330170355334,0.4444444444323711,0.499999999993093
C2,0.2,0.4,2,4,0.3333333333333333,0.4,2.3187255859375,0.3333330353834381,0.4444444444322956,0.499999999993063
C2,0.2,0.4,2,4,0.3333333333333333,0.4,2.328720092773438,0.333333052667777,0.4444444444322228,0.4999999999930337
C2,0.2,0.4,2,4,0.3333333333333333,0.4,2.338714599609375,0.3333330689501419,0.4444444444321516,0.4999999999930044
C2,0.2,0.4,2,4,0.3333333333333333,0.4,2.348709106445312,0.3333330842885739,0.4444444444320824,0.4999999999929745
C2,0.2,0.4,2,4,0.3333333333333333,0.4,2.35870361328125,0.3333330987377462,0.4444444444320156,0.4999999999929449
C2,0.2,0.4,2,4,0.3333333333333333,0.4,2.368698120117188,0.3333331123491725,0.4444444444319496,0.4999999999929155
C2,0.2,0.4,2,4,0.3333333333333333,0.4,2.378692626953125,0.3333331251713832,0.444444444431885,0.4999999999928855
C2,0.2,0.4,2,4,0.3333333333333333,0.4,2.388687133789062,0.3333331372500996,0.4444444444318221,0.4999999999928554
C2,0.2,0.4,2,4,0.3333333333333333,0.4,2.398681640625,0.3333331486284011,0.4444444444317595,0.4999999999928254
C2,0.2,0.4,2,4,0.3333333333333333,0.4,2.408676147460938,0.33333315934687,0.4444444444316981,0.499999999992795
C2,0.2,0.4,2,4,0.3333333333333333,0.4,2.418670654296875,0.3333331694437381,0.4444444444316375,0.4999999999927654
C2,0.2,0.4,2,4,0.3333333333333333,0.4,2.428665161132812,0.3333331789550297,0.4444444444315784,0.4999999999927351
C2,0.2,0.4,2,4,0.3333333333333333,0.4,2.43865966796875,0.3333331879146784,0.4444444444315193,0.4999999999927052
C2,0.2,0.4,2,4,0.3333333333333333,0.4,2.448654174804688,0.3333331963546548,0.4444444444314609,0.4999999999926751
C2,0.2,0.4,2,4,0.3333333333333333,0.4,2.458648681640625,0.3333332043050791,0.4444444444314036,0.4999999999926453
C2,0.2,0.4,2,4,0.3333333333333333,0.4,2.468643188476562,0.3333332117943246,0.4444444444313468,0.4999999999926158
C2,0.2,0.4,2,4,0.3333333333333333,0.4,2.4786376953125,0.3333332188491267,0.4444444444312899,0.4999999999925855
C2,0.2,0.4,2,4,0.3333333333333333,0.4,2.488632202148438,0.3333332254946669,0.4444444444312334,0.4999999999925556
C2,0.2,0.4,2,4,0.3333333333333333,0.4,2.498626708984375,0.3333332317546701,0.4444444444311771,0.4999999999925253
C2,0.2,0.4,2,4,0.3333333333333333,0.4,2.508621215820312,0.3333332376514869,0.4444444444311219,0.4999999999924957
C2,0.2,0.4,2,4,0.3333333333333333,0.4,2.51861572265625,0.3333332432061756,0.4444444444310662,0.4999999999924655
C2,0.2,0.4,2,4,0.3333333333333333,0.4,2.528610229492188,0.3333332484385727,0.4444444444310108,0.4999999999924355
C2,0.2,0.4,2,4,0.3333333333333333,0.4,2.538604736328125,0.3333332533673655,0.4444444444309554,0.4999999999924054
C2,0.2,0.4,2,4,0.3333333333333333,0.4,2.548599243164062,0.3333332580101587,0.4444444444309005,0.4999999999923755
C2,0.2,0.4,2,4,0.3333333333333333,0.4,2.55859375,0.3333332623835368,0.4444444444308459,0.4999999999923456
C2,0.2,0.4,2,4,0.3333333333333333,0.4,2.568588256835938,0.3333332665031229,0.4444444444307917,0.4999999999923158
C2,0.2,0.4,2,4,0.3333333333333333,0.4,2.578582763671875,0.3333332703836368,0.4444444444307373,0.4999999999922852
C2,0.2,0.4,2,4,0.3333333333333333,0.4,2.588577270507812,0.3333332740389429,0.4444444444306828,0.4999999999922554
C2,0.2,0.4,2,4,0.3333333333333333,0.4,2.59857177734375,0.3333332774821035,0.4444444444306282,0.4999999999922249
C2,0.2,0.4,2,4,0.3333333333333333,0.4,2.608566284179688,0.3333332807254245,0.4444444444305746,0.499999999992195
C2,0.2,0.4,2,4,0.3333333333333333,0.4,2.618560791015625,0.3333332837804963,0.4444444444305207,0.4999999999921648
C2,0.2,0.4,2,4,0.3333333333333333,0.4,2.628555297851562,0.3333332866582397,0.4444444444304668,0.4999999999921347
C2,0.2,0.4,2,4,0.3333333333333333,0.4,2.6385498046875,0.3333332893689403,0.4444444444304121,0.499999999992105
C2,0.2,0.4,2,4,0.3333333333333333,0.4,2.648544311523438,0.3333332919222907,0.4444444444303589,0.499999999992075
C2,0.2,0.4,2,4,0.3333333333333333,0.4,2.658538818359375,0.333333294327418,0.4444444444303053,0.4999999999920452
C2,0.2,0.4,2,4,0.3333333333333333,0.4,2.668533325195312,0.3333332965929236,0.4444444444302512,0.4999999999920151
C2,0.2,0.4,2,4,0.3333333333333333,0.4,2.67852783203125,0.3333332987269058,0.4444444444301975,0.4999999999919847
C2,0.2,0.4,2,4,0.3333333333333333,0.4,2.688522338867188,0.333333300736997,0.4444444444301441,0.4999999999919551
C2,0.2,0.4,2,4,0.3333333333333333,0.4,2.698516845703125,0.3333333026303866,0.4444444444300896,0.4999999999919242
C2,0.2,0.4,2,4,0.3333333333333333,0.4,2.708511352539062,0.3333333044138467,0.4444444444300359,0.4999999999918944
C2,0.2,0.4,2,4,0.3333333333333333,0.4,2.718505859375,0.3333333060937561,0.4444444444299823,0.4999999999918642
C2,0.2,0.4,2,4,0.3333333333333333,0.4,2.728500366210938,0.3333333076761231,0.4444444444299285,0.4999999999918343
C2,0.2,0.4,2,4,0.3333333333333333,0.4,2.738494873046875,0.3333333091666135,0.4444444444298746,0.4999999999918039
C2,0.2,0.4,2,4,0.3333333333333333,0.4,2.748489379882812,0.3333333105705512,0.4444444444298211,0.4999999999917737
C2,0.2,0.4,2,4,0.3333333333333333,0.4,2.75848388671875,0.3333333118929636,0.4444444444297673,0.4999999999917435
C2,0.2,0.4,2,4,0.3333333333333333,0.4,2.768478393554688,0.3333333131385825,0.444444444429714,0.4999999999917136
C2,0.2,0.4,2,4,0.3333333333333333,0.4,2.778472900390625,0.3333333143118651,0.4444444444296599,0.4999999999916834
C2,0.2,0.4,2,4,0.3333333333333333,0.4,2.788467407226562,0.3333333154170096,0.4444444444296063,0.4999999999916532
C2,0.2,0.4,2,4,0.3333333333333333,0.4,2.7984619140625,0.3333333164579727,0.4444444444295524,0.499999999991623
C2,0.2,0.4,2,4,0.3333333333333333,0.4,2.808456420898438,0.333333317438479,0.4444444444294995,0.4999999999915933
C2,0.2,0.4,2,4,0.3333333333333333,0.4,2.818450927734375,0.3333333183620378,0.4444444444294457,0.4999999999915631
C2,0.2,0.4,2,4,0.3333333333333333,0.4,2.828445434570312,0.3333333192319562,0.4444444444293917,0.4999999999915328
C2,0.2,0.4,2,4,0.3333333333333333,0.4,2.83843994140625,0.333333320051347,0.4444444444293382,0.4999999999915029
C2,0.2,0.4,2,4,0.3333333333333333,0.4,2.848434448242188,0.3333333208231449,0.4444444444292839,0.4999999999914719
C2,0.2,0.4,2,4,0.3333333333333333,0.4,2.858428955078125,0.333333321550113,0.4444444444292309,0.4999999999914423
C2,0.2,0.4,2,4,0.3333333333333333,0.4,2.868423461914062,0.3333333222348525,0.4444444444291766,0.4999999999914119
C2,0.2,0.4,2,4,0.3333333333333333,0.4,2.87841796875,0.3333333228798168,0.4444444444291232,0.4999999999913817
C2,0.2,0.4,2,4,0.3333333333333333,0.4,2.888412475585938,0.3333333234873141,0.4444444444290702,0.4999999999913523
C2,0.2,0.4,2,4,0.3333333333333333,0.4,2.898406982421875,0.3333333240595227,0.4444444444290156,0.4999999999913214
C2,0.2,0.4,2,4,0.3333333333333333,0.4,2.908401489257812,0.3333333245984889,0.4444444444289616,0.4999999999912909
C2,0.2,0.4,2,4,0.3333333333333333,0.4,2.91839599609375,0.3333333251061441,0.4444444444289087,0.4999999999912612
C2,0.2,0.4,2,4,0.3333333333333333,0.4,2.928390502929688,0.3333333255843071,0.4444444444288539,0.4999999999912304
C2,0.2,0.4,2,4,0.3333333333333333,0.4,2.938385009765625,0.3333333260346892,0.444444444428801,0.4999999999912005
C2,0.2,0.4,2,4,0.3333333333333333,0.4,2.948379516601562,0.3333333264589063,0.4444444444287469,0.4999999999911702
C2,0.2,0.4,2,4,0.3333333333333333,0.4,2.9583740234375,0.3333333268584746,0.4444444444286942,0.4999999999911408
C2,0.2,0.4,2,4,0.3333333333333333,0.4,2.968368530273438,0.3333333272348279,0.4444444444286393,0.4999999999911095
C2,0.2,0.4,2,4,0.3333333333333333,0.4,2.978363037109375,0.3333333275893147,0.4444444444285848,0.4999999999910792
C2,0.2,0.4,2,4,0.3333333333333333,0.4,2.988357543945312,0.3333333279232035,0.444444444428531,0.4999999999910487
C2,0.2,0.4,2,4,0.3333333333333333,0.4,2.99835205078125,0.3333333282376935,0.4444444444284768,0.4999999999910183
C2,0.2,0.4,2,4,0.3333333333333333,0.4,3.008346557617188,0.3333333285339078,0.4444444444284233,0.4999999999909881
C2,0.2,0.4,2,4,0.3333333333333333,0.4,3.018341064453125,0.3333333288129108,0.4444444444283698,0.4999999999909583
C2,0.2,0.4,2,4,0.3333333333333333,0.4,3.028335571289062,0.333333329075702,0.4444444444283152,0.4999999999909277
C2,0.2,0.4,2,4,0.3333333333333333,0.4,3.038330078125,0.3333333293232216,0.4444444444282608,0.4999999999908968
C2,0.2,0.4,2,4,0.3333333333333333,0.4,3.048324584960938,0.3333333295563567,0.4444444444282067,0.4999999999908669
C2,0.2,0.4,2,4,0.3333333333333333,0.4,3.058319091796875,0.3333333297759429,0.4444444444281531,0.4999999999908363
C2,0.2,0.4,2,4,0.3333333333333333,0.4,3.068313598632812,0.3333333299827695,0.4444444444280992,0.4999999999908056
C2,0.2,0.4,2,4,0.3333333333333333,0.4,3.07830810546875,0.3333333301775776,0.4444444444280439,0.4999999999907747
C2,0.2,0.4,2,4,0.3333333333333333,0.4,3.088302612304688,0.3333333303610617,0.4444444444279901,0.4999999999907443
C2,0.2,0.4,2,4,0.3333333333333333,0.4,3.098297119140625,0.3333333305338818,0.444444444427937,0.4999999999907149
C2,0.2,0.4,2,4,0.3333333333333333,0.4,3.108291625976562,0.3333333306966604,0.4444444444278832,0.499999999990685
C2,0.2,0.4,2,4,0.3333333333333333,0.4,3.1182861328125,0.3333333308499777,0.4444444444278295,0.4999999999906541
C2,0.2,0.4,2,4,0.3333333333333333,0.4,3.128280639648438,0.3333333309943814,0.444444444427774,0.4999999999906229
C2,0.2,0.4,2,4,0.3333333333333333,0.4,3.138275146484375,0.3333333311303989,0.4444444444277194,0.4999999999905924
C2,0.2,0.4,2,4,0.3333333333333333,0.4,3.148269653320312,0.3333333312585069,0.4444444444276645,0.4999999999905615
C2,0.2,0.4,2,4,0.3333333333333333,0.4,3.15826416015625,0.3333333313791688,0.4444444444276096,0.4999999999905306
C2,0.2,0.4,2,4,0.3333333333333333,0.4,3.168258666992188,0.3333333314928155,0.4444444444275559,0.4999999999905001
C2,0.2,0.4,2,4,0.3333333333333333,0.4,3.178253173828125,0.333333331599858,0.444444444427502,0.4999999999904698
C2,0.2,0.4,2,4,0.3333333333333333,0.4,3.188247680664062,0.3333333317006743,0.4444444444274495,0.4999999999904399
C2,0.2,0.4,2,4,0.3333333333333333,0.4,3.1982421875,0.3333333317956328,0.4444444444273966,0.4999999999904107
C2,0.2,0.4,2,4,0.3333333333333333,0.4,3.208236694335938,0.3333333318850741,0.4444444444273431,0.4999999999903808
C2,0.2,0.4,2,4,0.3333333333333333,0.4,3.218231201171875,0.3333333319693172,0.4444444444272889,0.4999999999903507
C2,0.2,0.4,2,4,0.3333333333333333,0.4,3.228225708007812,0.3333333320486586,0.4444444444272349,0.4999999999903196
C2,0.2,0.4,2,4,0.3333333333333333,0.4,3.23822021484375,0.3333333321233914,0.4444444444271801,0.4999999999902888
C2,0.2,0.4,2,4,0.3333333333333333,0.4,3.248214721679688,0.333333332193777,0.4444444444271241,0.4999999999902571
C2,0.2,0.4,2,4,0.3333333333333333,0.4,3.258209228515625,0.3333333322600697,0.4444444444270669,0.499999999990225
C2,0.2,0.4,2,4,0.3333333333333333,0.4,3.268203735351562,0.3333333323225163,0.4444444444270098,0.499999999990193
C2,0.2,0.4,2,4,0.3333333333333333,0.4,3.2781982421875,0.3333333323813226,0.4444444444269536,0.4999999999901616
C2,0.2,0.4,2,4,0.3333333333333333,0.4,3.288192749023438,0.3333333324367231,0.4444444444268975,0.4999999999901299
C2,0.2,0.4,2,4,0.3333333333333333,0.4,3.298187255859375,0.3333333324888959,0.4444444444268423,0.4999999999900986
C2,0.2,0.4,2,4,0.3333333333333333,0.4,3.308181762695312,0.3333333325380269,0.444444444426787,0.4999999999900679
C2,0.2,0.4,2,4,0.3333333333333333,0.4,3.31817626953125,0.3333333325843143,0.4444444444267312,0.4999999999900366
C2,0.2,0.4,2,4,0.3333333333333333,0.4,3.328170776367188,0.333333332627901,0.4444444444266748,0.4999999999900049
C2,0.2,0.4,2,4,0.3333333333333333,0.4,3.338165283203125,0.3333333326689605,0.444444444426622,0.4999999999899752
C2,0.2,0.4,2,4,0.3333333333333333,0.4,3.348159790039062,0.3333333327076333,0.4444444444265674,0.4999999999899444
C2,0.2,0.4,2,4,0.3333333333333333,0.4,3.358154296875,0.3333333327440478,0.4444444444265128,0.4999999999899135
C2,0.2,0.4,2,4,0.3333333333333333,0.4,3.368148803710938,0.3333333327783519,0.4444444444264612,0.4999999999898842
C2,0.2,0.4,2,4,0.3333333333333333,0.4,3.378143310546875,0.3333333328106628,0.4444444444264045,0.4999999999898527
C2,0.2,0.4,2,4,0.3333333333333333,0.4,3.388137817382812,0.3333333328410956,0.444444444426355,0.4999999999898251
C2,0.2,0.4,2,4,0.3333333333333333,0.4,3.39813232421875,0.3333333328697511,0.4444444444263014,0.4999999999897944
C2,0.2,0.4,2,4,0.3333333333333333,0.4,3.408126831054688,0.3333333328967481,0.44444444442625,0.4999999999897659
C2,0.2,0.4,2,4,0.3333333333333333,0.4,3.418121337890625,0.3333333329221754,0.4444444444262027,0.4999999999897392
C2,0.2,0.4,2,4,0.3333333333333333,0.4,3.428115844726562,0.3333333329461073,0.4444444444261409,0.4999999999897046
C2,0.2,0.4,2,4,0.3333333333333333,0.4,3.4381103515625,0.3333333329686657,0.4444444444260962,0.4999999999896793
C2,0.2,0.4,2,4,0.3333333333333333,0.4,3.448104858398438,0.3333333329899075,0.4444444444260461,0.4999999999896517
C2,0.2,0.4,2,4,0.3333333333333333,0.4,3.458099365234375,0.333333333009922,0.4444444444259877,0.499999999989618
C2,0.2,0.4,2,4,0.3333333333333333,0.4,3.468093872070312,0.3333333330287466,0.4444444444259464,0.4999999999895952
C2,0.2,0.4,2,4,0.3333333333333333,0.4,3.47808837890625,0.3333333330465126,0.444444444425898,0.499999999989568
C2,0.2,0.4,2,4,0.3333333333333333,0.4,3.488082885742188,0.3333333330632028,0.4444444444258325,0.499999999989531
C2,0.2,0.4,2,4,0.3333333333333333,0.4,3.498077392578125,0.333333333078974,0.4444444444257837,0.4999999999895033
C2,0.2,0.4,2,4,0.3333333333333333,0.4,3.508071899414062,0.3333333330937846,0.4444444444257384,0.4999999999894781
C2,0.2,0.4,2,4,0.3333333333333333,0.4,3.51806640625,0.3333333331077426,0.444444444425687,0.4999999999894492
C2,0.2,0.4,2,4,0.3333333333333333,0.4,3.528060913085938,0.3333333331209088,0.4444444444256411,0.4999999999894228
C2,0.2,0.4,2,4,0.3333333333333333,0.4,3.538055419921875,0.3333333331333057,0.4444444444255771,0.4999999999893875
C2,0.2,0.4,2,4,0.3333333333333333,0.4,3.548049926757812,0.3333333331449599,0.4444444444255325,0.4999999999893625
C2,0.2,0.4,2,4,0.3333333333333333,0.4,3.55804443359375,0.3333333331559342,0.4444444444254937,0.4999999999893404
C2,0.2,0.4,2,4,0.3333333333333333,0.4,3.568038940429688,0.3333333331663104,0.44444444442545,0.4999999999893159
C2,0.2,0.4,2,4,0.3333333333333333,0.4,3.578033447265625,0.3333333331760615,0.4444444444254003,0.4999999999892882
C2,0.2,0.4,2,4,0.3333333333333333,0.4,3.588027954101562,0.3333333331852135,0.4444444444253372,0.4999999999892528
C2,0.2,0.4,2,4,0.3333333333333333,0.4,3.5980224609375,0.3333333331938567,0.4444444444252728,0.4999999999892163
C2,0.2,0.4,2,4,0.3333333333333333,0.4,3.608016967773438,0.3333333332020434,0.4444444444252219,0.4999999999891875
C2,0.2,0.4,2,4,0.3333333333333333,0.4,3.618011474609375,0.3333333332097148,0.4444444444251964,0.4999999999891728
C2,0.2,0.4,2,4,0.3333333333333333,0.4,3.628005981445312,0.3333333332169177,0.4444444444251436,0.4999999999891435
C2,0.2,0.4,2,4,0.3333333333333333,0.4,3.63800048828125,0.3333333332237048,0.4444444444250931,0.4999999999891148
C2,0.2,0.4,2,4,0.3333333333333333,0.4,3.647994995117188,0.3333333332301142,0.4444444444250363,0.4999999999890836
C2,0.2,0.4,2,4,0.3333333333333333,0.4,3.657989501953125,0.333333333236151,0.4444444444249868,0.4999999999890555
C2,0.2,0.4,2,4,0.3333333333333333,0.4,3.667984008789062,0.3333333332418532,0.4444444444249456,0.4999999999890322
C2,0.2,0.4,2,4,0.3333333333333333,0.4,3.677978515625,0.3333333332472039,0.4444444444249036,0.4999999999890083
C2,0.2,0.4,2,4,0.3333333333333333,0.4,3.687973022460938,0.3333333332522331,0.4444444444248382,0.4999999999889714
C2,0.2,0.4,2,4,0.3333333333333333,0.4,3.697967529296875,0.3333333332570174,0.4444444444247747,0.4999999999889359
C2,0.2,0.4,2,4,0.3333333333333333,0.4,3.707962036132812,0.3333333332615078,0.4444444444247165,0.499999999988903
C2,0.2,0.4,2,4,0.3333333333333333,0.4,3.71795654296875,0.333333333265715,0.4444444444246713,0.4999999999888774
C2,0.2,0.4,2,4,0.3333333333333333,0.4,3.727951049804688,0.3333333332696586,0.4444444444246412,0.4999999999888607
C2,0.2,0.4,2,4,0.3333333333333333,0.4,3.737945556640625,0.3333333332733568,0.4444444444246111,0.4999999999888437
C2,0.2,0.4,2,4,0.3333333333333333,0.4,3.747940063476562,0.3333333332768366,0.4444444444245516,0.4999999999888102
C2,0.2,0.4,2,4,0.3333333333333333,0.4,3.7579345703125,0.333333333280128,0.4444444444244983,0.4999999999887804
C2,0.2,0.4,2,4,0.3333333333333333,0.4,3.767929077148438,0.3333333332832523,0.4444444444244617,0.4999999999887602
C2,0.2,0.4,2,4,0.3333333333333333,0.4,3.777923583984375,0.3333333332862241,0.444444444424425,0.4999999999887397
C2,0.2,0.4,2,4,0.3333333333333333,0.4,3.787918090820312,0.3333333332890449,0.4444444444243829,0.4999999999887145
C2,0.2,0.4,2,4,0.3333333333333333,0.4,3.79791259765625,0.3333333332916876,0.4444444444243406,0.4999999999886926
C2,0.2,0.4,2,4,0.3333333333333333,0.4,3.807907104492188,0.3333333332941702,0.4444444444242995,0.4999999999886682
C2,0.2,0.4,2,4,0.3333333333333333,0.4,3.817901611328125,0.3333333332965004,0.4444444444242567,0.499999999988645
C2,0.2,0.4,2,4,0.3333333333333333,0.4,3.827896118164062,0.3333333332986919,0.4444444444242,0.4999999999886123
C2,0.2,0.4,2,4,0.3333333333333333,0.4,3.837890625,0.333333333300745,0.4444444444241514,0.4999999999885863
C2,0.2,0.4,2,4,0.3333333333333333,0.4,3.847885131835938,0.3333333333026697,0.4444444444241241,0.49999999998857
C2,0.2,0.4,2,4,0.3333333333333333,0.4,3.857879638671875,0.3333333333044753,0.4444444444240721,0.4999999999885421
C2,0.2,0.4,2,4,0.3333333333333333,0.4,3.867874145507812,0.3333333333061759,0.444444444424024,0.4999999999885145
C2,0.2,0.4,2,4,0.3333333333333333,0.4,3.87786865234375,0.3333333333077624,0.444444444423983,0.4999999999884899
C2,0.2,0.4,2,4,0.3333333333333333,0.4,3.887863159179688,0.3333333333092636,0.4444444444239285,0.4999999999884602
C2,0.2,0.4,2,4,0.3333333333333333,0.4,3.897857666015625,0.3333333333106786,0.4444444444238573,0.4999999999884191
C2,0.2,0.4,2,4,0.3333333333333333,0.4,3.907852172851562,0.3333333333120005,0.4444444444237908,0.4999999999883833
C2,0.2,0.4,2,4,0.3333333333333333,0.4,3.9178466796875,0.3333333333132429,0.4444444444237225,0.4999999999883447
C2,0.2,0.4,2,4,0.3333333333333333,0.4,3.927841186523438,0.3333333333144111,0.4444444444236531,0.4999999999883054
C2,0.2,0.4,2,4,0.3333333333333333,0.4,3.937835693359375,0.333333333315511,0.4444444444235841,0.4999999999882658
C2,0.2,0.4,2,4,0.3333333333333333,0.4,3.947830200195312,0.3333333333165485,0.4444444444235095,0.4999999999882239
C2,0.2,0.4,2,4,0.3333333333333333,0.4,3.95782470703125,0.3333333333175232,0.4444444444234297,0.4999999999881791
C2,0.2,0.4,2,4,0.3333333333333333,0.4,3.967819213867188,0.3333333333184412,0.4444444444233562,0.499999999988138
C2,0.2,0.4,2,4,0.3333333333333333,0.4,3.977813720703125,0.3333333333193611,0.4444444444232896,0.4999999999880999
C2,0.2,0.4,2,4,0.3333333333333333,0.4,3.987808227539062,0.333333333320228,0.4444444444232264,0.4999999999880686
C2,0.2,0.4,2,4,0.3333333333333333,0.4,3.997802734375,0.3333333333210469,0.4444444444231762,0.4999999999880356
C2,0.2,0.4,2,4,0.3333333333333333,0.4,4.007797241210938,0.3333333333217963,0.4444444444231234,0.4999999999880062
C2,0.2,0.4,2,4,0.3333333333333333,0.4,4.017791748046875,0.3333333333225159,0.444444444423067,0.4999999999879742
C2,0.2,0.4,2,4,0.3333333333333333,0.4,4.027786254882812,0.3333333333231954,0.4444444444230037,0.4999999999879399
C2,0.2,0.4,2,4,0.3333333333333333,0.4,4.03778076171875,0.333333333323825,0.4444444444229424,0.4999999999879051
C2,0.2,0.4,2,4,0.3333333333333333,0.4,4.047775268554688,0.3333333333244275,0.4444444444228875,0.4999999999878728
C2,0.2,0.4,2,4,0.3333333333333333,0.4,4.057769775390625,0.3333333333249777,0.4444444444228338,0.4999999999878428
C2,0.2,0.4,2,4,0.3333333333333333,0.4,4.067764282226562,0.3333333333255065,0.4444444444227814,0.4999999999878137
C2,0.2,0.4,2,4,0.3333333333333333,0.4,4.0777587890625,0.3333333333259983,0.4444444444227364,0.499999999987787
C2,0.2,0.4,2,4,0.3333333333333333,0.4,4.087753295898438,0.3333333333264517,0.4444444444226878,0.4999999999877657
C2,0.2,0.4,2,4,0.3333333333333333,0.4,4.097747802734375,0.3333333333269043,0.4444444444226464,0.4999999999877392
C2,0.2,0.4,2,4,0.3333333333333333,0.4,4.107742309570312,0.3333333333272915,0.4444444444226056,0.4999999999877146
C2,0.2,0.4,2,4,0.3333333333333333,0.4,4.11773681640625,0.3333333333276696,0.444444444422567,0.4999999999876925
C2,0.2,0.4,2,4,0.3333333333333333,0.4,4.127731323242188,0.3333333333280473,0.4444444444225298,0.4999999999876719
C2,0.2,0.4,2,4,0.3333333333333333,0.4,4.137725830078125,0.333333333328371,0.4444444444224865,0.4999999999876488
C2,0.2,0.4,2,4,0.3333333333333333,0.4,4.147720336914062,0.3333333333286759,0.4444444444224495,0.4999999999876294
C2,0.2,0.4,2,4,0.3333333333333333,0.4,4.15771484375,0.333333333328979,0.4444444444224179,0.49999999998761
C2,0.2,0.4,2,4,0.3333333333333333,0.4,4.167709350585938,0.3333333333292812,0.4444444444223891,0.4999999999875933
C2,0.2,0.4,2,4,0.3333333333333333,0.4,4.177703857421875,0.3333333333295235,0.4444444444223526,0.499999999987574
C2,0.2,0.4,2,4,0.3333333333333333,0.4,4.187698364257812,0.3333333333297541,0.4444444444223183,0.4999999999875571
C2,0.2,0.4,2,4,0.3333333333333333,0.4,4.19769287109375,0.3333333333299827,0.4444444444222926,0.499999999987538
C2,0.2,0.4,2,4,0.3333333333333333,0.4,4.207687377929688,0.3333333333302099,0.4444444444222689,0.4999999999875236
C2,0.2,0.4,2,4,0.3333333333333333,0.4,4.217681884765625,0.3333333333304369,0.4444444444222423,0.4999999999875149
C2,0.2,0.4,2,4,0.3333333333333333,0.4,4.227676391601562,0.3333333333306198,0.4444444444222134,0.4999999999874948
C2,0.2,0.4,2,4,0.3333333333333333,0.4,4.2376708984375,0.3333333333307761,0.4444444444221846,0.4999999999874816
C2,0.2,0.4,2,4,0.3333333333333333,0.4,4.247665405273438,0.3333333333309313,0.4444444444221572,0.4999999999874661
C2,0.2,0.4,2,4,0.3333333333333333,0.4,4.257659912109375,0.3333333333310849,0.4444444444221371,0.4999999999874518
C2,0.2,0.4,2,4,0.3333333333333333,0.4,4.267654418945312,0.3333333333312369,0.4444444444221169,0.4999999999874385
C2,0.2,0.4,2,4,0.3333333333333333,0.4,4.27764892578125,0.3333333333313881,0.4444444444220993,0.4999999999874328
C2,0.2,0.4,2,4,0.3333333333333333,0.4,4.287643432617188,0.3333333333315392,0.444444444422081,0.4999999999874207
C2,0.2,0.4,2,4,0.3333333333333333,0.4,4.297637939453125,0.3333333333316903,0.4444444444220658,0.4999999999874153
C2,0.2,0.4,2,4,0.3333333333333333,0.4,4.307632446289062,0.3333333333317799,0.4444444444220436,0.4999999999874021
C2,0.2,0.4,2,4,0.3333333333333333,0.4,4.317626953125,0.3333333333318598,0.4444444444220216,0.4999999999873874
C2,0.2,0.4,2,4,0.3333333333333333,0.4,4.327621459960938,0.3333333333319398,0.4444444444220007,0.4999999999873747
C2,0.2,0.4,2,4,0.3333333333333333,0.4,4.337615966796875,0.3333333333320209,0.4444444444219767,0.4999999999873608
C2,0.2,0.4,2,4,0.3333333333333333,0.4,4.347610473632812,0.3333333333321016,0.444444444421957,0.4999999999873544
C2,0.2,0.4,2,4,0.3333333333333333,0.4,4.35760498046875,0.3333333333321801,0.4444444444219419,0.4999999999873427
C2,0.2,0.4,2,4,0.3333333333333333,0.4,4.367599487304688,0.3333333333322599,0.4444444444219234,0.4999999999873299
C2,0.2,0.4,2,4,0.3333333333333333,0.4,4.377593994140625,0.3333333333323389,0.4444444444219053,0.4999999999873254
C2,0.2,0.4,2,4,0.3333333333333333,0.4,4.387588500976562,0.3333333333324171,0.4444444444218923,0.4999999999873144
C2,0.2,0.4,2,4,0.3333333333333333,0.4,4.3975830078125,0.3333333333324956,0.4444444444218784,0.4999999999873035
C2,0.2,0.4,2,4,0.3333333333333333,0.4,4.407577514648438,0.3333333333325741,0.4444444444218613,0.4999999999872984
C2,0.2,0.4,2,4,0.3333333333333333,0.4,4.417572021484375,0.3333333333326511,0.4444444444218484,0.499999999987289
C2,0.2,0.4,2,4,0.3333333333333333,0.4,4.427566528320312,0.3333333333327284,0.4444444444218379,0.4999999999872858
C2,0.2,0.4,2,4,0.3333333333333333,0.4,4.43756103515625,0.3333333333328048,0.4444444444218249,0.4999999999872754
C2,0.2,0.4,2,4,0.3333333333333333,0.4,4.447555541992188,0.3333333333328812,0.4444444444218174,0.4999999999872721
C2,0.2,0.4,2,4,0.3333333333333333,0.4,4.457550048828125,0.3333333333329379,0.4444444444218092,0.4999999999872694
C2,0.2,0.4,2,4,0.3333333333333333,0.4,4.467544555664062,0.3333333333329379,0.4444444444218089,0.4999999999872691
C2,0.2,0.4,2,4,0.3333333333333333,0.4,4.4775390625,0.3333333333329379,0.4444444444218089,0.4999999999872691
C2,0.2,0.4,2,4,0.3333333333333333,0.4,4.487533569335938,0.3333333333329379,0.4444444444218089,0.4999999999872691
C2,0.2,0.4,2,4,0.3333333333333333,0.4,4.497528076171875,0.3333333333329379,0.4444444444218089,0.4999999999872691
C2,0.2,0.4,2,4,0.3333333333333333,0.4,4.507522583007812,0.3333333333329379,0.4444444444218089,0.4999999999872691
C2,0.2,0.4,2,4,0.3333333333333333,0.4,4.51751708984375,0.3333333333329379,0.4444444444218089,0.4999999999872691
C2,0.2,0.4,2,4,0.3333333333333333,0.4,4.527511596679688,0.3333333333329379,0.4444444444218089,0.4999999999872691
C2,0.2,0.4,2,4,0.3333333333333333,0.4,4.537506103515625,0.3333333333329379,0.4444444444218089,0.4999999999872691
C2,0.2,0.4,2,4,0.3333333333333333,0.4,4.547500610351562,0.3333333333329379,0.4444444444218089,0.4999999999872691
C2,0.2,0.4,2,4,0.3333333333333333,0.4,4.5574951171875,0.3333333333329379,0.4444444444218089,0.4999999999872691
C2,0.2,0.4,2,4,0.3333333333333333,0.4,4.567489624023438,0.3333333333329379,0.4444444444218089,0.4999999999872691
C2,0.2,0.4,2,4,0.3333333333333333,0.4,4.577484130859375,0.3333333333329379,0.4444444444218089,0.4999999999872691
C2,0.2,0.4,2,4,0.3333333333333333,0.4,4.587478637695312,0.3333333333329379,0.4444444444218089,0.4999999999872691
C2,0.2,0.4,2,4,0.3333333333333333,0.4,4.59747314453125,0.3333333333329379,0.4444444444218089,0.4999999999872691
C2,0.2,0.4,2,4,0.3333333333333333,0.4,4.607467651367188,0.3333333333329379,0.4444444444218089,0.4999999999872691
C2,0.2,0.4,2,4,0.3333333333333333,0.4,4.617462158203125,0.3333333333329379,0.4444444444218089,0.4999999999872691
C2,0.2,0.4,2,4,0.3333333333333333,0.4,4.627456665039062,0.3333333333329379,0.4444444444218089,0.4999999999872691
C2,0.2,0.4,2,4,0.3333333333333333,0.4,4.637451171875,0.3333333333329379,0.4444444444218089,0.4999999999872691
C2,0.2,0.4,2,4,0.3333333333333333,0.4,4.647445678710938,0.3333333333329379,0.4444444444218089,0.4999999999872691
C2,0.2,0.4,2,4,0.3333333333333333,0.4,4.657440185546875,0.3333333333329379,0.4444444444218089,0.4999999999872691
C2,0.2,0.4,2,4,0.3333333333333333,0.4,4.667434692382812,0.3333333333329379,0.4444444444218089,0.4999999999872691
C2,0.2,0.4,2,4,0.3333333333333333,0.4,4.67742919921875,0.3333333333329379,0.4444444444218089,0.4999999999872691
C2,0.2,0.4,2,4,0.3333333333333333,0.4,4.687423706054688,0.3333333333329379,0.4444444444218089,0.4999999999872691
C2,0.2,0.4,2,4,0.3333333333333333,0.4,4.697418212890625,0.3333333333329379,0.4444444444218089,0.4999999999872691
C2,0.2,0.4,2,4,0.3333333333333333,0.4,4.707412719726562,0.3333333333329379,0.4444444444218089,0.4999999999872691
C2,0.2,0.4,2,4,0.3333333333333333,0.4,4.7174072265625,0.3333333333329379,0.4444444444218089,0.4999999999872691
C2,0.2,0.4,2,4,0.3333333333333333,0.4,4.727401733398438,0.3333333333329379,0.4444444444218089,0.4999999999872691
C2,0.2,0.4,2,4,0.3333333333333333,0.4,4.737396240234375,0.3333333333329379,0.4444444444218089,0.4999999999872691
C2,0.2,0.4,2,4,0.3333333333333333,0.4,4.747390747070312,0.3333333333329379,0.4444444444218089,0.4999999999872691
C2,0.2,0.4,2,4,0.3333333333333333,0.4,4.75738525390625,0.3333333333329379,0.4444444444218089,0.4999999999872691
C2,0.2,0.4,2,4,0.3333333333333333,0.4,4.767379760742188,0.3333333333329379,0.4444444444218089,0.4999999999872691
C2,0.2,0.4,2,4,0.3333333333333333,0.4,4.777374267578125,0.3333333333329379,0.4444444444218089,0.4999999999872691
C2,0.2,0.4,2,4,0.3333333333333333,0.4,4.787368774414062,0.3333333333329379,0.4444444444218089,0.4999999999872691
C2,0.2,0.4,2,4,0.3333333333333333,0.4,4.79736328125,0.3333333333329379,0.4444444444218089,0.4999999999872691
C2,0.2,0.4,2,4,0.3333333333333333,0.4,4.807357788085938,0.3333333333329379,0.4444444444218089,0.4999999999872691
C2,0.2,0.4,2,4,0.3333333333333333,0.4,4.817352294921875,0.3333333333329379,0.4444444444218089,0.4999999999872691
C2,0.2,0.4,2,4,0.3333333333333333,0.4,4.827346801757812,0.3333333333329379,0.4444444444218089,0.4999999999872691
C2,0.2,0.4,2,4,0.3333333333333333,0.4,4.83734130859375,0.3333333333329379,0.4444444444218089,0.4999999999872691
C2,0.2,0.4,2,4,0.3333333333333333,0.4,4.847335815429688,0.3333333333329379,0.4444444444218089,0.4999999999872691
C2,0.2,0.4,2,4,0.3333333333333333,0.4,4.857330322265625,0.3333333333329379,0.4444444444218089,0.4999999999872691
C2,0.2,0.4,2,4,0.3333333333333333,0.4,4.867324829101562,0.3333333333329379,0.4444444444218089,0.4999999999872691
C2,0.2,0.4,2,4,0.3333333333333333,0.4,4.8773193359375,0.3333333333329379,0.4444444444218089,0.4999999999872691
C2,0.2,0.4,2,4,0.3333333333333333,0.4,4.887313842773438,0.3333333333329379,0.4444444444218089,0.4999999999872691
C2,0.2,0.4,2,4,0.3333333333333333,0.4,4.897308349609375,0.3333333333329379,0.4444444444218089,0.4999999999872691
C2,0.2,0.4,2,4,0.3333333333333333,0.4,4.907302856445312,0.3333333333329379,0.4444444444218089,0.4999999999872691
C2,0.2,0.4,2,4,0.3333333333333333,0.4,4.91729736328125,0.3333333333329379,0.4444444444218089,0.4999999999872691
C2,0.2,0.4,2,4,0.3333333333333333,0.4,4.927291870117188,0.3333333333329379,0.4444444444218089,0.4999999999872691
C2,0.2,0.4,2,4,0.3333333333333333,0.4,4.937286376953125,0.3333333333329379,0.4444444444218089,0.4999999999872691
C2,0.2,0.4,2,4,0.3333333333333333,0.4,4.947280883789062,0.3333333333329379,0.4444444444218089,0.4999999999872691
C2,0.2,0.4,2,4,0.3333333333333333,0.4,4.957275390625,0.3333333333329379,0.4444444444218089,0.4999999999872691
C2,0.2,0.4,2,4,0.3333333333333333,0.4,4.967269897460938,0.3333333333329379,0.4444444444218089,0.4999999999872691
C2,0.2,0.4,2,4,0.3333333333333333,0.4,4.977264404296875,0.3333333333329379,0.4444444444218089,0.4999999999872691
C2,0.2,0.4,2,4,0.3333333333333333,0.4,4.987258911132812,0.3333333333329379,0.4444444444218089,0.4999999999872691
C2,0.2,0.4,2,4,0.3333333333333333,0.4,4.99725341796875,0.3333333333329379,0.4444444444218089,0.4999999999872691
C2,0.2,0.4,2,4,0.3333333333333333,0.4,5.007247924804688,0.3333333333329379,0.4444444444218089,0.4999999999872691
C2,0.2,0.4,2,4,0.3333333333333333,0.4,5.017242431640625,0.3333333333329379,0.4444444444218089,0.4999999999872691
C2,0.2,0.4,2,4,0.3333333333333333,0.4,5.027236938476562,0.3333333333329379,0.4444444444218089,0.4999999999872691
C2,0.2,0.4,2,4,0.3333333333333333,0.4,5.0372314453125,0.3333333333329379,0.4444444444218089,0.4999999999872691
C2,0.2,0.4,2,4,0.3333333333333333,0.4,5.047225952148438,0.3333333333329379,0.4444444444218089,0.4999999999872691
C2,0.2,0.4,2,4,0.3333333333333333,0.4,5.057220458984375,0.3333333333329379,0.4444444444218089,0.4999999999872691
C2,0.2,0.4,2,4,0.3333333333333333,0.4,5.067214965820312,0.3333333333329379,0.4444444444218089,0.4999999999872691
C2,0.2,0.4,2,4,0.3333333333333333,0.4,5.07720947265625,0.3333333333329379,0.4444444444218089,0.4999999999872691
C2,0.2,0.4,2,4,0.3333333333333333,0.4,5.087203979492188,0.3333333333329379,0.4444444444218089,0.4999999999872691
C2,0.2,0.4,2,4,0.3333333333333333,0.4,5.097198486328125,0.3333333333329379,0.4444444444218089,0.4999999999872691
C2,0.2,0.4,2,4,0.3333333333333333,0.4,5.107192993164062,0.3333333333329379,0.4444444444218089,0.4999999999872691
C2,0.2,0.4,2,4,0.3333333333333333,0.4,5.1171875,0.3333333333329379,0.4444444444218089,0.4999999999872691
C2,0.2,0.4,2,4,0.3333333333333333,0.4,5.127182006835938,0.3333333333329379,0.4444444444218089,0.4999999999872691
C2,0.2,0.4,2,4,0.3333333333333333,0.4,5.137176513671875,0.3333333333329379,0.4444444444218089,0.4999999999872691
C2,0.2,0.4,2,4,0.3333333333333333,0.4,5.147171020507812,0.3333333333329379,0.4444444444218089,0.4999999999872691
C2,0.2,0.4,2,4,0.3333333333333333,0.4,5.15716552734375,0.3333333333329379,0.4444444444218089,0.4999999999872691
C2,0.2,0.4,2,4,0.3333333333333333,0.4,5.167160034179688,0.3333333333329379,0.4444444444218089,0.4999999999872691
C2,0.2,0.4,2,4,0.3333333333333333,0.4,5.177154541015625,0.3333333333329379,0.4444444444218089,0.4999999999872691
C2,0.2,0.4,2,4,0.3333333333333333,0.4,5.187149047851562,0.3333333333329379,0.4444444444218089,0.4999999999872691
C2,0.2,0.4,2,4,0.3333333333333333,0.4,5.1971435546875,0.3333333333329379,0.4444444444218089,0.4999999999872691
C2,0.2,0.4,2,4,0.3333333333333333,0.4,5.207138061523438,0.3333333333329379,0.4444444444218089,0.4999999999872691
C2,0.2,0.4,2,4,0.3333333333333333,0.4,5.217132568359375,0.3333333333329379,0.4444444444218089,0.4999999999872691
C2,0.2,0.4,2,4,0.3333333333333333,0.4,5.227127075195312,0.3333333333329379,0.4444444444218089,0.4999999999872691
C2,0.2,0.4,2,4,0.3333333333333333,0.4,5.23712158203125,0.3333333333329379,0.4444444444218089,0.4999999999872691
C2,0.2,0.4,2,4,0.3333333333333333,0.4,5.247116088867188,0.3333333333329379,0.4444444444218089,0.4999999999872691
C2,0.2,0.4,2,4,0.3333333333333333,0.4,5.257110595703125,0.3333333333329379,0.4444444444218089,0.4999999999872691
C2,0.2,0.4,2,4,0.3333333333333333,0.4,5.267105102539062,0.3333333333329379,0.4444444444218089,0.4999999999872691
C2,0.2,0.4,2,4,0.3333333333333333,0.4,5.277099609375,0.3333333333329379,0.4444444444218089,0.4999999999872691
C2,0.2,0.4,2,4,0.3333333333333333,0.4,5.287094116210938,0.3333333333329379,0.4444444444218089,0.4999999999872691
C2,0.2,0.4,2,4,0.3333333333333333,0.4,5.297088623046875,0.3333333333329379,0.4444444444218089,0.4999999999872691
C2,0.2,0.4,2,4,0.3333333333333333,0.4,5.307083129882812,0.3333333333329379,0.4444444444218089,0.4999999999872691
C2,0.2,0.4,2,4,0.3333333333333333,0.4,5.31707763671875,0.3333333333329379,0.4444444444218089,0.4999999999872691
C2,0.2,0.4,2,4,0.3333333333333333,0.4,5.327072143554688,0.3333333333329379,0.4444444444218089,0.4999999999872691
C2,0.2,0.4,2,4,0.3333333333333333,0.4,5.337066650390625,0.3333333333329379,0.4444444444218089,0.4999999999872691
C2,0.2,0.4,2,4,0.3333333333333333,0.4,5.347061157226562,0.3333333333329379,0.4444444444218089,0.4999999999872691
C2,0.2,0.4,2,4,0.3333333333333333,0.4,5.3570556640625,0.3333333333329379,0.4444444444218089,0.4999999999872691
C2,0.2,0.4,2,4,0.3333333333333333,0.4,5.367050170898438,0.3333333333329379,0.4444444444218089,0.4999999999872691
C2,0.2,0.4,2,4,0.3333333333333333,0.4,5.377044677734375,0.3333333333329379,0.4444444444218089,0.4999999999872691
C2,0.2,0.4,2,4,0.3333333333333333,0.4,5.387039184570312,0.3333333333329379,0.4444444444218089,0.4999999999872691
C2,0.2,0.4,2,4,0.3333333333333333,0.4,5.39703369140625,0.3333333333329379,0.4444444444218089,0.4999999999872691
C2,0.2,0.4,2,4,0.3333333333333333,0.4,5.407028198242188,0.3333333333329379,0.4444444444218089,0.4999999999872691
C2,0.2,0.4,2,4,0.3333333333333333,0.4,5.417022705078125,0.3333333333329379,0.4444444444218089,0.4999999999872691
C2,0.2,0.4,2,4,0.3333333333333333,0.4,5.427017211914062,0.3333333333329379,0.4444444444218089,0.4999999999872691
C2,0.2,0.4,2,4,0.3333333333333333,0.4,5.43701171875,0.3333333333329379,0.4444444444218089,0.4999999999872691
C2,0.2,0.4,2,4,0.3333333333333333,0.4,5.447006225585938,0.3333333333329379,0.4444444444218089,0.4999999999872691
C2,0.2,0.4,2,4,0.3333333333333333,0.4,5.457000732421875,0.3333333333329379,0.4444444444218089,0.4999999999872691
C2,0.2,0.4,2,4,0.3333333333333333,0.4,5.466995239257812,0.3333333333329379,0.4444444444218089,0.4999999999872691
C2,0.2,0.4,2,4,0.3333333333333333,0.4,5.47698974609375,0.3333333333329379,0.4444444444218089,0.4999999999872691
C2,0.2,0.4,2,4,0.3333333333333333,0.4,5.486984252929688,0.3333333333329379,0.4444444444218089,0.4999999999872691
C2,0.2,0.4,2,4,0.3333333333333333,0.4,5.496978759765625,0.3333333333329379,0.4444444444218089,0.4999999999872691
C2,0.2,0.4,2,4,0.3333333333333333,0.4,5.506973266601562,0.3333333333329379,0.4444444444218089,0.4999999999872691
C2,0.2,0.4,2,4,0.3333333333333333,0.4,5.5169677734375,0.3333333333329379,0.4444444444218089,0.4999999999872691
C2,0.2,0.4,2,4,0.3333333333333333,0.4,5.526962280273438,0.3333333333329379,0.4444444444218089,0.4999999999872691
C2,0.2,0.4,2,4,0.3333333333333333,0.4,5.536956787109375,0.3333333333329379,0.4444444444218089,0.4999999999872691
C2,0.2,0.4,2,4,0.3333333333333333,0.4,5.546951293945312,0.3333333333329379,0.4444444444218089,0.4999999999872691
C2,0.2,0.4,2,4,0.3333333333333333,0.4,5.55694580078125,0.3333333333329379,0.4444444444218089,0.4999999999872691
C2,0.2,0.4,2,4,0.3333333333333333,0.4,5.566940307617188,0.3333333333329379,0.4444444444218089,0.4999999999872691
C2,0.2,0.4,2,4,0.3333333333333333,0.4,5.576934814453125,0.3333333333329379,0.4444444444218089,0.4999999999872691
C2,0.2,0.4,2,4,0.3333333333333333,0.4,5.586929321289062,0.3333333333329379,0.4444444444218089,0.4999999999872691
C2,0.2,0.4,2,4,0.3333333333333333,0.4,5.596923828125,0.3333333333329379,0.4444444444218089,0.4999999999872691
C2,0.2,0.4,2,4,0.3333333333333333,0.4,5.606918334960938,0.3333333333329379,0.4444444444218089,0.4999999999872691
C2,0.2,0.4,2,4,0.3333333333333333,0.4,5.616912841796875,0.3333333333329379,0.4444444444218089,0.4999999999872691
C2,0.2,0.4,2,4,0.3333333333333333,0.4,5.626907348632812,0.3333333333329379,0.4444444444218089,0.4999999999872691
C2,0.2,0.4,2,4,0.3333333333333333,0.4,5.63690185546875,0.3333333333329379,0.4444444444218089,0.4999999999872691
C2,0.2,0.4,2,4,0.3333333333333333,0.4,5.646896362304688,0.3333333333329379,0.4444444444218089,0.4999999999872691
C2,0.2,0.4,2,4,0.3333333333333333,0.4,5.656890869140625,0.3333333333329379,0.4444444444218089,0.4999999999872691
C2,0.2,0.4,2,4,0.3333333333333333,0.4,5.666885375976562,0.3333333333329379,0.4444444444218089,0.4999999999872691
C2,0.2,0.4,2,4,0.3333333333333333,0.4,5.6768798828125,0.3333333333329379,0.4444444444218089,0.4999999999872691
C2,0.2,0.4,2,4,0.3333333333333333,0.4,5.686874389648438,0.3333333333329379,0.4444444444218089,0.4999999999872691
C2,0.2,0.4,2,4,0.3333333333333333,0.4,5.696868896484375,0.3333333333329379,0.4444444444218089,0.4999999999872691
C2,0.2,0.4,2,4,0.3333333333333333,0.4,5.706863403320312,0.3333333333329379,0.4444444444218089,0.4999999999872691
C2,0.2,0.4,2,4,0.3333333333333333,0.4,5.71685791015625,0.3333333333329379,0.4444444444218089,0.4999999999872691
C2,0.2,0.4,2,4,0.3333333333333333,0.4,5.726852416992188,0.3333333333329379,0.4444444444218089,0.4999999999872691
C2,0.2,0.4,2,4,0.3333333333333333,0.4,5.736846923828125,0.3333333333329379,0.4444444444218089,0.4999999999872691
C2,0.2,0.4,2,4,0.3333333333333333,0.4,5.746841430664062,0.3333333333329379,0.4444444444218089,0.4999999999872691
C2,0.2,0.4,2,4,0.3333333333333333,0.4,5.7568359375,0.3333333333329379,0.4444444444218089,0.4999999999872691
C2,0.2,0.4,2,4,0.3333333333333333,0.4,5.766830444335938,0.3333333333329379,0.4444444444218089,0.4999999999872691
C2,0.2,0.4,2,4,0.3333333333333333,0.4,5.776824951171875,0.3333333333329379,0.4444444444218089,0.4999999999872691
C2,0.2,0.4,2,4,0.3333333333333333,0.4,5.786819458007812,0.3333333333329379,0.4444444444218089,0.4999999999872691
C2,0.2,0.4,2,4,0.3333333333333333,0.4,5.79681396484375,0.3333333333329379,0.4444444444218089,0.4999999999872691
C2,0.2,0.4,2,4,0.3333333333333333,0.4,5.806808471679688,0.3333333333329379,0.4444444444218089,0.4999999999872691
C2,0.2,0.4,2,4,0.3333333333333333,0.4,5.816802978515625,0.3333333333329379,0.4444444444218089,0.4999999999872691
C2,0.2,0.4,2,4,0.3333333333333333,0.4,5.826797485351562,0.3333333333329379,0.4444444444218089,0.4999999999872691
C2,0.2,0.4,2,4,0.3333333333333333,0.4,5.8367919921875,0.3333333333329379,0.4444444444218089,0.4999999999872691
C2,0.2,0.4,2,4,0.3333333333333333,0.4,5.846786499023438,0.3333333333329379,0.4444444444218089,0.4999999999872691
C2,0.2,0.4,2,4,0.3333333333333333,0.4,5.856781005859375,0.3333333333329379,0.4444444444218089,0.4999999999872691
C2,0.2,0.4,2,4,0.3333333333333333,0.4,5.866775512695312,0.3333333333329379,0.4444444444218089,0.4999999999872691
C2,0.2,0.4,2,4,0.3333333333333333,0.4,5.87677001953125,0.3333333333329379,0.4444444444218089,0.4999999999872691
C2,0.2,0.4,2,4,0.3333333333333333,0.4,5.886764526367188,0.3333333333329379,0.4444444444218089,0.4999999999872691
C2,0.2,0.4,2,4,0.3333333333333333,0.4,5.896759033203125,0.3333333333329379,0.4444444444218089,0.4999999999872691
C2,0.2,0.4,2,4,0.3333333333333333,0.4,5.906753540039062,0.3333333333329379,0.4444444444218089,0.4999999999872691
C2,0.2,0.4,2,4,0.3333333333333333,0.4,5.916748046875,0.3333333333329379,0.4444444444218089,0.4999999999872691
C2,0.2,0.4,2,4,0.3333333333333333,0.4,5.926742553710938,0.3333333333329379,0.4444444444218089,0.4999999999872691
C2,0.2,0.4,2,4,0.3333333333333333,0.4,5.936737060546875,0.3333333333329379,0.4444444444218089,0.4999999999872691
C2,0.2,0.4,2,4,0.3333333333333333,0.4,5.946731567382812,0.3333333333329379,0.4444444444218089,0.4999999999872691
C2,0.2,0.4,2,4,0.3333333333333333,0.4,5.95672607421875,0.3333333333329379,0.4444444444218089,0.4999999999872691
C2,0.2,0.4,2,4,0.3333333333333333,0.4,5.966720581054688,0.3333333333329379,0.4444444444218089,0.4999999999872691
C2,0.2,0.4,2,4,0.3333333333333333,0.4,5.976715087890625,0.3333333333329379,0.4444444444218089,0.4999999999872691
C2,0.2,0.4,2,4,0.3333333333333333,0.4,5.986709594726562,0.3333333333329379,0.4444444444218089,0.4999999999872691
C2,0.2,0.4,2,4,0.3333333333333333,0.4,5.9967041015625,0.3333333333329379,0.4444444444218089,0.4999999999872691
C2,0.2,0.4,2,4,0.3333333333333333,0.4,6.006698608398438,0.3333333333329379,0.4444444444218089,0.4999999999872691
C2,0.2,0.4,2,4,0.3333333333333333,0.4,6.016693115234375,0.3333333333329379,0.4444444444218089,0.4999999999872691
C2,0.2,0.4,2,4,0.3333333333333333,0.4,6.026687622070312,0.3333333333329379,0.4444444444218089,0.4999999999872691
C2,0.2,0.4,2,4,0.3333333333333333,0.4,6.03668212890625,0.3333333333329379,0.4444444444218089,0.4999999999872691
C2,0.2,0.4,2,4,0.3333333333333333,0.4,6.046676635742188,0.3333333333329379,0.4444444444218089,0.4999999999872691
C2,0.2,0.4,2,4,0.3333333333333333,0.4,6.056671142578125,0.3333333333329379,0.4444444444218089,0.4999999999872691
C2,0.2,0.4,2,4,0.3333333333333333,0.4,6.066665649414062,0.3333333333329379,0.4444444444218089,0.4999999999872691
C2,0.2,0.4,2,4,0.3333333333333333,0.4,6.07666015625,0.3333333333329379,0.4444444444218089,0.4999999999872691
C2,0.2,0.4,2,4,0.3333333333333333,0.4,6.086654663085938,0.3333333333329379,0.4444444444218089,0.4999999999872691
C2,0.2,0.4,2,4,0.3333333333333333,0.4,6.096649169921875,0.3333333333329379,0.4444444444218089,0.4999999999872691
C2,0.2,0.4,2,4,0.3333333333333333,0.4,6.106643676757812,0.3333333333329379,0.4444444444218089,0.4999999999872691
C2,0.2,0.4,2,4,0.3333333333333333,0.4,6.11663818359375,0.3333333333329379,0.4444444444218089,0.4999999999872691
C2,0.2,0.4,2,4,0.3333333333333333,0.4,6.126632690429688,0.3333333333329379,0.4444444444218089,0.4999999999872691
C2,0.2,0.4,2,4,0.3333333333333333,0.4,6.136627197265625,0.3333333333329379,0.4444444444218089,0.4999999999872691
C2,0.2,0.4,2,4,0.3333333333333333,0.4,6.146621704101562,0.3333333333329379,0.4444444444218089,0.4999999999872691
C2,0.2,0.4,2,4,0.3333333333333333,0.4,6.1566162109375,0.3333333333329379,0.4444444444218089,0.4999999999872691
C2,0.2,0.4,2,4,0.3333333333333333,0.4,6.166610717773438,0.3333333333329379,0.4444444444218089,0.4999999999872691
C2,0.2,0.4,2,4,0.3333333333333333,0.4,6.176605224609375,0.3333333333329379,0.4444444444218089,0.4999999999872691
C2,0.2,0.4,2,4,0.3333333333333333,0.4,6.186599731445312,0.3333333333329379,0.4444444444218089,0.4999999999872691
C2,0.2,0.4,2,4,0.3333333333333333,0.4,6.19659423828125,0.3333333333329379,0.4444444444218089,0.4999999999872691
C2,0.2,0.4,2,4,0.3333333333333333,0.4,6.206588745117188,0.3333333333329379,0.4444444444218089,0.4999999999872691
C2,0.2,0.4,2,4,0.3333333333333333,0.4,6.216583251953125,0.3333333333329379,0.4444444444218089,0.4999999999872691
C2,0.2,0.4,2,4,0.3333333333333333,0.4,6.226577758789062,0.3333333333329379,0.4444444444218089,0.4999999999872691
C2,0.2,0.4,2,4,0.3333333333333333,0.4,6.236572265625,0.3333333333329379,0.4444444444218089,0.4999999999872691
C2,0.2,0.4,2,4,0.3333333333333333,0.4,6.246566772460938,0.3333333333329379,0.4444444444218089,0.4999999999872691
C2,0.2,0.4,2,4,0.3333333333333333,0.4,6.256561279296875,0.3333333333329379,0.4444444444218089,0.4999999999872691
C2,0.2,0.4,2,4,0.3333333333333333,0.4,6.266555786132812,0.3333333333329379,0.4444444444218089,0.4999999999872691
C2,0.2,0.4,2,4,0.3333333333333333,0.4,6.27655029296875,0.3333333333329379,0.4444444444218089,0.4999999999872691
C2,0.2,0.4,2,4,0.3333333333333333,0.4,6.286544799804688,0.3333333333329379,0.4444444444218089,0.4999999999872691
C2,0.2,0.4,2,4,0.3333333333333333,0.4,6.296539306640625,0.3333333333329379,0.4444444444218089,0.4999999999872691
C2,0.2,0.4,2,4,0.3333333333333333,0.4,6.306533813476562,0.3333333333329379,0.4444444444218089,0.4999999999872691
C2,0.2,0.4,2,4,0.3333333333333333,0.4,6.3165283203125,0.3333333333329379,0.4444444444218089,0.4999999999872691
C2,0.2,0.4,2,4,0.3333333333333333,0.4,6.326522827148438,0.3333333333329379,0.4444444444218089,0.4999999999872691
C2,0.2,0.4,2,4,0.3333333333333333,0.4,6.336517333984375,0.3333333333329379,0.4444444444218089,0.4999999999872691
C2,0.2,0.4,2,4,0.3333333333333333,0.4,6.346511840820312,0.3333333333329379,0.4444444444218089,0.4999999999872691
C2,0.2,0.4,2,4,0.3333333333333333,0.4,6.35650634765625,0.3333333333329379,0.4444444444218089,0.4999999999872691
C2,0.2,0.4,2,4,0.3333333333333333,0.4,6.366500854492188,0.3333333333329379,0.4444444444218089,0.4999999999872691
C2,0.2,0.4,2,4,0.3333333333333333,0.4,6.376495361328125,0.3333333333329379,0.4444444444218089,0.4999999999872691
C2,0.2,0.4,2,4,0.3333333333333333,0.4,6.386489868164062,0.3333333333329379,0.4444444444218089,0.4999999999872691
C2,0.2,0.4,2,4,0.3333333333333333,0.4,6.396484375,0.3333333333329379,0.4444444444218089,0.4999999999872691
C2,0.2,0.4,2,4,0.3333333333333333,0.4,6.406478881835938,0.3333333333329379,0.4444444444218089,0.4999999999872691
C2,0.2,0.4,2,4,0.3333333333333333,0.4,6.416473388671875,0.3333333333329379,0.4444444444218089,0.4999999999872691
C2,0.2,0.4,2,4,0.3333333333333333,0.4,6.426467895507812,0.3333333333329379,0.4444444444218089,0.4999999999872691
C2,0.2,0.4,2,4,0.3333333333333333,0.4,6.43646240234375,0.3333333333329379,0.4444444444218089,0.4999999999872691
C2,0.2,0.4,2,4,0.3333333333333333,0.4,6.446456909179688,0.3333333333329379,0.4444444444218089,0.4999999999872691
C2,0.2,0.4,2,4,0.3333333333333333,0.4,6.456451416015625,0.3333333333329379,0.4444444444218089,0.4999999999872691
C2,0.2,0.4,2,4,0.3333333333333333,0.4,6.466445922851562,0.3333333333329379,0.4444444444218089,0.4999999999872691
C2,0.2,0.4,2,4,0.3333333333333333,0.4,6.4764404296875,0.3333333333329379,0.4444444444218089,0.4999999999872691
C2,0.2,0.4,2,4,0.3333333333333333,0.4,6.486434936523438,0.3333333333329379,0.4444444444218089,0.4999999999872691
C2,0.2,0.4,2,4,0.3333333333333333,0.4,6.496429443359375,0.3333333333329379,0.4444444444218089,0.4999999999872691
C2,0.2,0.4,2,4,0.3333333333333333,0.4,6.506423950195312,0.3333333333329379,0.4444444444218089,0.4999999999872691
C2,0.2,0.4,2,4,0.3333333333333333,0.4,6.51641845703125,0.3333333333329379,0.4444444444218089,0.4999999999872691
C2,0.2,0.4,2,4,0.3333333333333333,0.4,6.526412963867188,0.3333333333329379,0.4444444444218089,0.4999999999872691
C2,0.2,0.4,2,4,0.3333333333333333,0.4,6.536407470703125,0.3333333333329379,0.4444444444218089,0.4999999999872691
C2,0.2,0.4,2,4,0.3333333333333333,0.4,6.546401977539062,0.3333333333329379,0.4444444444218089,0.4999999999872691
C2,0.2,0.4,2,4,0.3333333333333333,0.4,6.556396484375,0.3333333333329379,0.4444444444218089,0.4999999999872691
C2,0.2,0.4,2,4,0.3333333333333333,0.4,6.566390991210938,0.3333333333329379,0.4444444444218089,0.4999999999872691
C2,0.2,0.4,2,4,0.3333333333333333,0.4,6.576385498046875,0.3333333333329379,0.4444444444218089,0.4999999999872691
C2,0.2,0.4,2,4,0.3333333333333333,0.4,6.586380004882812,0.3333333333329379,0.4444444444218089,0.4999999999872691
C2,0.2,0.4,2,4,0.3333333333333333,0.4,6.59637451171875,0.3333333333329379,0.4444444444218089,0.4999999999872691
C2,0.2,0.4,2,4,0.3333333333333333,0.4,6.606369018554688,0.3333333333329379,0.4444444444218089,0.4999999999872691
C2,0.2,0.4,2,4,0.3333333333333333,0.4,6.616363525390625,0.3333333333329379,0.4444444444218089,0.4999999999872691
C2,0.2,0.4,2,4,0.3333333333333333,0.4,6.626358032226562,0.3333333333329379,0.4444444444218089,0.4999999999872691
C2,0.2,0.4,2,4,0.3333333333333333,0.4,6.6363525390625,0.3333333333329379,0.4444444444218089,0.4999999999872691
C2,0.2,0.4,2,4,0.3333333333333333,0.4,6.646347045898438,0.3333333333329379,0.4444444444218089,0.4999999999872691
C2,0.2,0.4,2,4,0.3333333333333333,0.4,6.656341552734375,0.3333333333329379,0.4444444444218089,0.4999999999872691
C2,0.2,0.4,2,4,0.3333333333333333,0.4,6.666336059570312,0.3333333333329379,0.4444444444218089,0.4999999999872691
C2,0.2,0.4,2,4,0.3333333333333333,0.4,6.67633056640625,0.3333333333329379,0.4444444444218089,0.4999999999872691
C2,0.2,0.4,2,4,0.3333333333333333,0.4,6.686325073242188,0.3333333333329379,0.4444444444218089,0.4999999999872691
C2,0.2,0.4,2,4,0.3333333333333333,0.4,6.696319580078125,0.3333333333329379,0.4444444444218089,0.4999999999872691
C2,0.2,0.4,2,4,0.3333333333333333,0.4,6.706314086914062,0.3333333333329379,0.4444444444218089,0.4999999999872691
C2,0.2,0.4,2,4,0.3333333333333333,0.4,6.71630859375,0.3333333333329379,0.4444444444218089,0.4999999999872691
C2,0.2,0.4,2,4,0.3333333333333333,0.4,6.726303100585938,0.3333333333329379,0.4444444444218089,0.4999999999872691
C2,0.2,0.4,2,4,0.3333333333333333,0.4,6.736297607421875,0.3333333333329379,0.4444444444218089,0.4999999999872691
C2,0.2,0.4,2,4,0.3333333333333333,0.4,6.746292114257812,0.3333333333329379,0.4444444444218089,0.4999999999872691
C2,0.2,0.4,2,4,0.3333333333333333,0.4,6.75628662109375,0.3333333333329379,0.4444444444218089,0.4999999999872691
C2,0.2,0.4,2,4,0.3333333333333333,0.4,6.766281127929688,0.3333333333329379,0.4444444444218089,0.4999999999872691
C2,0.2,0.4,2,4,0.3333333333333333,0.4,6.776275634765625,0.3333333333329379,0.4444444444218089,0.4999999999872691
C2,0.2,0.4,2,4,0.3333333333333333,0.4,6.786270141601562,0.3333333333329379,0.4444444444218089,0.4999999999872691
C2,0.2,0.4,2,4,0.3333333333333333,0.4,6.7962646484375,0.3333333333329379,0.4444444444218089,0.4999999999872691
C2,0.2,0.4,2,4,0.3333333333333333,0.4,6.806259155273438,0.3333333333329379,0.4444444444218089,0.4999999999872691
C2,0.2,0.4,2,4,0.3333333333333333,0.4,6.816253662109375,0.3333333333329379,0.4444444444218089,0.4999999999872691
C2,0.2,0.4,2,4,0.3333333333333333,0.4,6.826248168945312,0.3333333333329379,0.4444444444218089,0.4999999999872691
C2,0.2,0.4,2,4,0.3333333333333333,0.4,6.83624267578125,0.3333333333329379,0.4444444444218089,0.4999999999872691
C2,0.2,0.4,2,4,0.3333333333333333,0.4,6.846237182617188,0.3333333333329379,0.4444444444218089,0.4999999999872691
C2,0.2,0.4,2,4,0.3333333333333333,0.4,6.856231689453125,0.3333333333329379,0.4444444444218089,0.4999999999872691
C2,0.2,0.4,2,4,0.3333333333333333,0.4,6.866226196289062,0.3333333333329379,0.4444444444218089,0.4999999999872691
C2,0.2,0.4,2,4,0.3333333333333333,0.4,6.876220703125,0.3333333333329379,0.4444444444218089,0.4999999999872691
C2,0.2,0.4,2,4,0.3333333333333333,0.4,6.886215209960938,0.3333333333329379,0.4444444444218089,0.4999999999872691
C2,0.2,0.4,2,4,0.3333333333333333,0.4,6.896209716796875,0.3333333333329379,0.4444444444218089,0.4999999999872691
C2,0.2,0.4,2,4,0.3333333333333333,0.4,6.906204223632812,0.3333333333329379,0.4444444444218089,0.4999999999872691
C2,0.2,0.4,2,4,0.3333333333333333,0.4,6.91619873046875,0.3333333333329379,0.4444444444218089,0.4999999999872691
C2,0.2,0.4,2,4,0.3333333333333333,0.4,6.926193237304688,0.3333333333329379,0.4444444444218089,0.4999999999872691
C2,0.2,0.4,2,4,0.3333333333333333,0.4,6.936187744140625,0.3333333333329379,0.4444444444218089,0.4999999999872691
C2,0.2,0.4,2,4,0.3333333333333333,0.4,6.946182250976562,0.3333333333329379,0.4444444444218089,0.4999999999872691
C2,0.2,0.4,2,4,0.3333333333333333,0.4,6.9561767578125,0.3333333333329379,0.4444444444218089,0.4999999999872691
C2,0.2,0.4,2,4,0.3333333333333333,0.4,6.966171264648438,0.3333333333329379,0.4444444444218089,0.4999999999872691
C2,0.2,0.4,2,4,0.3333333333333333,0.4,6.976165771484375,0.3333333333329379,0.4444444444218089,0.4999999999872691
C2,0.2,0.4,2,4,0.3333333333333333,0.4,6.986160278320312,0.3333333333329379,0.4444444444218089,0.4999999999872691
C2,0.2,0.4,2,4,0.3333333333333333,0.4,6.99615478515625,0.3333333333329379,0.4444444444218089,0.4999999999872691
C2,0.2,0.4,2,4,0.3333333333333333,0.4,7.006149291992188,0.3333333333329379,0.4444444444218089,0.4999999999872691
C2,0.2,0.4,2,4,0.3333333333333333,0.4,7.016143798828125,0.3333333333329379,0.4444444444218089,0.4999999999872691
C2,0.2,0.4,2,4,0.3333333333333333,0.4,7.026138305664062,0.3333333333329379,0.4444444444218089,0.4999999999872691
C2,0.2,0.4,2,4,0.3333333333333333,0.4,7.0361328125,0.3333333333329379,0.4444444444218089,0.4999999999872691
C2,0.2,0.4,2,4,0.3333333333333333,0.4,7.046127319335938,0.3333333333329379,0.4444444444218089,0.4999999999872691
C2,0.2,0.4,2,4,0.3333333333333333,0.4,7.056121826171875,0.3333333333329379,0.4444444444218089,0.4999999999872691
C2,0.2,0.4,2,4,0.3333333333333333,0.4,7.066116333007812,0.3333333333329379,0.4444444444218089,0.4999999999872691
C2,0.2,0.4,2,4,0.3333333333333333,0.4,7.07611083984375,0.3333333333329379,0.4444444444218089,0.4999999999872691
C2,0.2,0.4,2,4,0.3333333333333333,0.4,7.086105346679688,0.3333333333329379,0.4444444444218089,0.4999999999872691
C2,0.2,0.4,2,4,0.3333333333333333,0.4,7.096099853515625,0.3333333333329379,0.4444444444218089,0.4999999999872691
C2,0.2,0.4,2,4,0.3333333333333333,0.4,7.106094360351562,0.3333333333329379,0.4444444444218089,0.4999999999872691
C2,0.2,0.4,2,4,0.3333333333333333,0.4,7.1160888671875,0.3333333333329379,0.4444444444218089,0.4999999999872691
C2,0.2,0.4,2,4,0.3333333333333333,0.4,7.126083374023438,0.3333333333329379,0.4444444444218089,0.4999999999872691
C2,0.2,0.4,2,4,0.3333333333333333,0.4,7.136077880859375,0.3333333333329379,0.4444444444218089,0.4999999999872691
C2,0.2,0.4,2,4,0.3333333333333333,0.4,7.146072387695312,0.3333333333329379,0.4444444444218089,0.4999999999872691
C2,0.2,0.4,2,4,0.3333333333333333,0.4,7.15606689453125,0.3333333333329379,0.4444444444218089,0.4999999999872691
C2,0.2,0.4,2,4,0.3333333333333333,0.4,7.166061401367188,0.3333333333329379,0.4444444444218089,0.4999999999872691
C2,0.2,0.4,2,4,0.3333333333333333,0.4,7.176055908203125,0.3333333333329379,0.4444444444218089,0.4999999999872691
C2,0.2,0.4,2,4,0.3333333333333333,0.4,7.186050415039062,0.3333333333329379,0.4444444444218089,0.4999999999872691
C2,0.2,0.4,2,4,0.3333333333333333,0.4,7.196044921875,0.3333333333329379,0.4444444444218089,0.4999999999872691
C2,0.2,0.4,2,4,0.3333333333333333,0.4,7.206039428710938,0.3333333333329379,0.4444444444218089,0.4999999999872691
C2,0.2,0.4,2,4,0.3333333333333333,0.4,7.216033935546875,0.3333333333329379,0.4444444444218089,0.4999999999872691
C2,0.2,0.4,2,4,0.3333333333333333,0.4,7.226028442382812,0.3333333333329379,0.4444444444218089,0.4999999999872691
C2,0.2,0.4,2,4,0.3333333333333333,0.4,7.23602294921875,0.3333333333329379,0.4444444444218089,0.4999999999872691
C2,0.2,0.4,2,4,0.3333333333333333,0.4,7.246017456054688,0.3333333333329379,0.4444444444218089,0.4999999999872691
C2,0.2,0.4,2,4,0.3333333333333333,0.4,7.256011962890625,0.3333333333329379,0.4444444444218089,0.4999999999872691
C2,0.2,0.4,2,4,0.3333333333333333,0.4,7.266006469726562,0.3333333333329379,0.4444444444218089,0.4999999999872691
C2,0.2,0.4,2,4,0.3333333333333333,0.4,7.2760009765625,0.3333333333329379,0.4444444444218089,0.4999999999872691
C2,0.2,0.4,2,4,0.3333333333333333,0.4,7.285995483398438,0.3333333333329379,0.4444444444218089,0.4999999999872691
C2,0.2,0.4,2,4,0.3333333333333333,0.4,7.295989990234375,0.3333333333329379,0.4444444444218089,0.4999999999872691
C2,0.2,0.4,2,4,0.3333333333333333,0.4,7.305984497070312,0.3333333333329379,0.4444444444218089,0.4999999999872691
C2,0.2,0.4,2,4,0.3333333333333333,0.4,7.31597900390625,0.3333333333329379,0.4444444444218089,0.4999999999872691
C2,0.2,0.4,2,4,0.3333333333333333,0.4,7.325973510742188,0.3333333333329379,0.4444444444218089,0.4999999999872691
C2,0.2,0.4,2,4,0.3333333333333333,0.4,7.335968017578125,0.3333333333329379,0.4444444444218089,0.4999999999872691
C2,0.2,0.4,2,4,0.3333333333333333,0.4,7.345962524414062,0.3333333333329379,0.4444444444218089,0.4999999999872691
C2,0.2,0.4,2,4,0.3333333333333333,0.4,7.35595703125,0.3333333333329379,0.4444444444218089,0.4999999999872691
C2,0.2,0.4,2,4,0.3333333333333333,0.4,7.365951538085938,0.3333333333329379,0.4444444444218089,0.4999999999872691
C2,0.2,0.4,2,4,0.3333333333333333,0.4,7.375946044921875,0.3333333333329379,0.4444444444218089,0.4999999999872691
C2,0.2,0.4,2,4,0.3333333333333333,0.4,7.385940551757812,0.3333333333329379,0.4444444444218089,0.4999999999872691
C2,0.2,0.4,2,4,0.3333333333333333,0.4,7.39593505859375,0.3333333333329379,0.4444444444218089,0.4999999999872691
C2,0.2,0.4,2,4,0.3333333333333333,0.4,7.405929565429688,0.3333333333329379,0.4444444444218089,0.4999999999872691
C2,0.2,0.4,2,4,0.3333333333333333,0.4,7.415924072265625,0.3333333333329379,0.4444444444218089,0.4999999999872691
C2,0.2,0.4,2,4,0.3333333333333333,0.4,7.425918579101562,0.3333333333329379,0.4444444444218089,0.4999999999872691
C2,0.2,0.4,2,4,0.3333333333333333,0.4,7.4359130859375,0.3333333333329379,0.4444444444218089,0.4999999999872691
C2,0.2,0.4,2,4,0.3333333333333333,0.4,7.445907592773438,0.3333333333329379,0.4444444444218089,0.4999999999872691
C2,0.2,0.4,2,4,0.3333333333333333,0.4,7.455902099609375,0.3333333333329379,0.4444444444218089,0.4999999999872691
C2,0.2,0.4,2,4,0.3333333333333333,0.4,7.465896606445312,0.3333333333329379,0.4444444444218089,0.4999999999872691
C2,0.2,0.4,2,4,0.3333333333333333,0.4,7.47589111328125,0.3333333333329379,0.4444444444218089,0.4999999999872691
C2,0.2,0.4,2,4,0.3333333333333333,0.4,7.485885620117188,0.3333333333329379,0.4444444444218089,0.4999999999872691
C2,0.2,0.4,2,4,0.3333333333333333,0.4,7.495880126953125,0.3333333333329379,0.4444444444218089,0.4999999999872691
C2,0.2,0.4,2,4,0.3333333333333333,0.4,7.505874633789062,0.3333333333329379,0.4444444444218089,0.4999999999872691
C2,0.2,0.4,2,4,0.3333333333333333,0.4,7.515869140625,0.3333333333329379,0.4444444444218089,0.4999999999872691
C2,0.2,0.4,2,4,0.3333333333333333,0.4,7.525863647460938,0.3333333333329379,0.4444444444218089,0.4999999999872691
C2,0.2,0.4,2,4,0.3333333333333333,0.4,7.535858154296875,0.3333333333329379,0.4444444444218089,0.4999999999872691
C2,0.2,0.4,2,4,0.3333333333333333,0.4,7.545852661132812,0.3333333333329379,0.4444444444218089,0.4999999999872691
C2,0.2,0.4,2,4,0.3333333333333333,0.4,7.55584716796875,0.3333333333329379,0.4444444444218089,0.4999999999872691
C2,0.2,0.4,2,4,0.3333333333333333,0.4,7.565841674804688,0.3333333333329379,0.4444444444218089,0.4999999999872691
C2,0.2,0.4,2,4,0.3333333333333333,0.4,7.575836181640625,0.3333333333329379,0.4444444444218089,0.4999999999872691
C2,0.2,0.4,2,4,0.3333333333333333,0.4,7.585830688476562,0.3333333333329379,0.4444444444218089,0.4999999999872691
C2,0.2,0.4,2,4,0.3333333333333333,0.4,7.5958251953125,0.3333333333329379,0.4444444444218089,0.4999999999872691
C2,0.2,0.4,2,4,0.3333333333333333,0.4,7.605819702148438,0.3333333333329379,0.4444444444218089,0.4999999999872691
C2,0.2,0.4,2,4,0.3333333333333333,0.4,7.615814208984375,0.3333333333329379,0.4444444444218089,0.4999999999872691
C2,0.2,0.4,2,4,0.3333333333333333,0.4,7.625808715820312,0.3333333333329379,0.4444444444218089,0.4999999999872691
C2,0.2,0.4,2,4,0.3333333333333333,0.4,7.63580322265625,0.3333333333329379,0.4444444444218089,0.4999999999872691
C2,0.2,0.4,2,4,0.3333333333333333,0.4,7.645797729492188,0.3333333333329379,0.4444444444218089,0.4999999999872691
C2,0.2,0.4,2,4,0.3333333333333333,0.4,7.655792236328125,0.3333333333329379,0.4444444444218089,0.4999999999872691
C2,0.2,0.4,2,4,0.3333333333333333,0.4,7.665786743164062,0.3333333333329379,0.4444444444218089,0.4999999999872691
C2,0.2,0.4,2,4,0.3333333333333333,0.4,7.67578125,0.3333333333329379,0.4444444444218089,0.4999999999872691
C2,0.2,0.4,2,4,0.3333333333333333,0.4,7.685775756835938,0.3333333333329379,0.4444444444218089,0.4999999999872691
C2,0.2,0.4,2,4,0.3333333333333333,0.4,7.695770263671875,0.3333333333329379,0.4444444444218089,0.4999999999872691
C2,0.2,0.4,2,4,0.3333333333333333,0.4,7.705764770507812,0.3333333333329379,0.4444444444218089,0.4999999999872691
C2,0.2,0.4,2,4,0.3333333333333333,0.4,7.71575927734375,0.3333333333329379,0.4444444444218089,0.4999999999872691
C2,0.2,0.4,2,4,0.3333333333333333,0.4,7.725753784179688,0.3333333333329379,0.4444444444218089,0.4999999999872691
C2,0.2,0.4,2,4,0.3333333333333333,0.4,7.735748291015625,0.3333333333329379,0.4444444444218089,0.4999999999872691
C2,0.2,0.4,2,4,0.3333333333333333,0.4,7.745742797851562,0.3333333333329379,0.4444444444218089,0.4999999999872691
C2,0.2,0.4,2,4,0.3333333333333333,0.4,7.7557373046875,0.3333333333329379,0.4444444444218089,0.4999999999872691
C2,0.2,0.4,2,4,0.3333333333333333,0.4,7.765731811523438,0.3333333333329379,0.4444444444218089,0.4999999999872691
C2,0.2,0.4,2,4,0.3333333333333333,0.4,7.775726318359375,0.3333333333329379,0.4444444444218089,0.4999999999872691
C2,0.2,0.4,2,4,0.3333333333333333,0.4,7.785720825195312,0.3333333333329379,0.4444444444218089,0.4999999999872691
C2,0.2,0.4,2,4,0.3333333333333333,0.4,7.79571533203125,0.3333333333329379,0.4444444444218089,0.4999999999872691
C2,0.2,0.4,2,4,0.3333333333333333,0.4,7.805709838867188,0.3333333333329379,0.4444444444218089,0.4999999999872691
C2,0.2,0.4,2,4,0.3333333333333333,0.4,7.815704345703125,0.3333333333329379,0.4444444444218089,0.4999999999872691
C2,0.2,0.4,2,4,0.3333333333333333,0.4,7.825698852539062,0.3333333333329379,0.4444444444218089,0.4999999999872691
C2,0.2,0.4,2,4,0.3333333333333333,0.4,7.835693359375,0.3333333333329379,0.4444444444218089,0.4999999999872691
C2,0.2,0.4,2,4,0.3333333333333333,0.4,7.845687866210938,0.3333333333329379,0.4444444444218089,0.4999999999872691
C2,0.2,0.4,2,4,0.3333333333333333,0.4,7.855682373046875,0.3333333333329379,0.4444444444218089,0.4999999999872691
C2,0.2,0.4,2,4,0.3333333333333333,0.4,7.865676879882812,0.3333333333329379,0.4444444444218089,0.4999999999872691
C2,0.2,0.4,2,4,0.3333333333333333,0.4,7.87567138671875,0.3333333333329379,0.4444444444218089,0.4999999999872691
C2,0.2,0.4,2,4,0.3333333333333333,0.4,7.885665893554688,0.3333333333329379,0.4444444444218089,0.4999999999872691
C2,0.2,0.4,2,4,0.3333333333333333,0.4,7.895660400390625,0.3333333333329379,0.4444444444218089,0.4999999999872691
C2,0.2,0.4,2,4,0.3333333333333333,0.4,7.905654907226562,0.3333333333329379,0.4444444444218089,0.4999999999872691
C2,0.2,0.4,2,4,0.3333333333333333,0.4,7.9156494140625,0.3333333333329379,0.4444444444218089,0.4999999999872691
C2,0.2,0.4,2,4,0.3333333333333333,0.4,7.925643920898438,0.3333333333329379,0.4444444444218089,0.4999999999872691
C2,0.2,0.4,2,4,0.3333333333333333,0.4,7.935638427734375,0.3333333333329379,0.4444444444218089,0.4999999999872691
C2,0.2,0.4,2,4,0.3333333333333333,0.4,7.945632934570312,0.3333333333329379,0.4444444444218089,0.4999999999872691
C2,0.2,0.4,2,4,0.3333333333333333,0.4,7.95562744140625,0.3333333333329379,0.4444444444218089,0.4999999999872691
C2,0.2,0.4,2,4,0.3333333333333333,0.4,7.965621948242188,0.3333333333329379,0.4444444444218089,0.4999999999872691
C2,0.2,0.4,2,4,0.3333333333333333,0.4,7.975616455078125,0.3333333333329379,0.4444444444218089,0.4999999999872691
C2,0.2,0.4,2,4,0.3333333333333333,0.4,7.985610961914062,0.3333333333329379,0.4444444444218089,0.4999999999872691
C2,0.2,0.4,2,4,0.3333333333333333,0.4,7.99560546875,0.3333333333329379,0.4444444444218089,0.4999999999872691
C2,0.2,0.4,2,4,0.3333333333333333,0.4,8.005599975585938,0.3333333333329379,0.4444444444218089,0.4999999999872691
C2,0.2,0.4,2,4,0.3333333333333333,0.4,8.015594482421875,0.3333333333329379,0.4444444444218089,0.4999999999872691
C2,0.2,0.4,2,4,0.3333333333333333,0.4,8.025588989257812,0.3333333333329379,0.4444444444218089,0.4999999999872691
C2,0.2,0.4,2,4,0.3333333333333333,0.4,8.03558349609375,0.3333333333329379,0.4444444444218089,0.4999999999872691
C2,0.2,0.4,2,4,0.3333333333333333,0.4,8.045578002929688,0.3333333333329379,0.4444444444218089,0.4999999999872691
C2,0.2,0.4,2,4,0.3333333333333333,0.4,8.055572509765625,0.3333333333329379,0.4444444444218089,0.4999999999872691
C2,0.2,0.4,2,4,0.3333333333333333,0.4,8.065567016601562,0.3333333333329379,0.4444444444218089,0.4999999999872691
C2,0.2,0.4,2,4,0.3333333333333333,0.4,8.0755615234375,0.3333333333329379,0.4444444444218089,0.4999999999872691
C2,0.2,0.4,2,4,0.3333333333333333,0.4,8.085556030273438,0.3333333333329379,0.4444444444218089,0.4999999999872691
C2,0.2,0.4,2,4,0.3333333333333333,0.4,8.095550537109375,0.3333333333329379,0.4444444444218089,0.4999999999872691
C2,0.2,0.4,2,4,0.3333333333333333,0.4,8.105545043945312,0.3333333333329379,0.4444444444218089,0.4999999999872691
C2,0.2,0.4,2,4,0.3333333333333333,0.4,8.11553955078125,0.3333333333329379,0.4444444444218089,0.4999999999872691
C2,0.2,0.4,2,4,0.3333333333333333,0.4,8.125534057617188,0.3333333333329379,0.4444444444218089,0.4999999999872691
C2,0.2,0.4,2,4,0.3333333333333333,0.4,8.135528564453125,0.3333333333329379,0.4444444444218089,0.4999999999872691
C2,0.2,0.4,2,4,0.3333333333333333,0.4,8.145523071289062,0.3333333333329379,0.4444444444218089,0.4999999999872691
C2,0.2,0.4,2,4,0.3333333333333333,0.4,8.155517578125,0.3333333333329379,0.4444444444218089,0.4999999999872691
C2,0.2,0.4,2,4,0.3333333333333333,0.4,8.165512084960938,0.3333333333329379,0.4444444444218089,0.4999999999872691
C2,0.2,0.4,2,4,0.3333333333333333,0.4,8.175506591796875,0.3333333333329379,0.4444444444218089,0.4999999999872691
C2,0.2,0.4,2,4,0.3333333333333333,0.4,8.185501098632812,0.3333333333329379,0.4444444444218089,0.4999999999872691
C2,0.2,0.4,2,4,0.3333333333333333,0.4,8.19549560546875,0.3333333333329379,0.4444444444218089,0.4999999999872691
C2,0.2,0.4,2,4,0.3333333333333333,0.4,8.205490112304688,0.3333333333329379,0.4444444444218089,0.4999999999872691
C2,0.2,0.4,2,4,0.3333333333333333,0.4,8.215484619140625,0.3333333333329379,0.4444444444218089,0.4999999999872691
C2,0.2,0.4,2,4,0.3333333333333333,0.4,8.225479125976562,0.3333333333329379,0.4444444444218089,0.4999999999872691
C2,0.2,0.4,2,4,0.3333333333333333,0.4,8.2354736328125,0.3333333333329379,0.4444444444218089,0.4999999999872691
C2,0.2,0.4,2,4,0.3333333333333333,0.4,8.245468139648438,0.3333333333329379,0.4444444444218089,0.4999999999872691
C2,0.2,0.4,2,4,0.3333333333333333,0.4,8.255462646484375,0.3333333333329379,0.4444444444218089,0.4999999999872691
C2,0.2,0.4,2,4,0.3333333333333333,0.4,8.265457153320312,0.3333333333329379,0.4444444444218089,0.4999999999872691
C2,0.2,0.4,2,4,0.3333333333333333,0.4,8.27545166015625,0.3333333333329379,0.4444444444218089,0.4999999999872691
C2,0.2,0.4,2,4,0.3333333333333333,0.4,8.285446166992188,0.3333333333329379,0.4444444444218089,0.4999999999872691
C2,0.2,0.4,2,4,0.3333333333333333,0.4,8.295440673828125,0.3333333333329379,0.4444444444218089,0.4999999999872691
C2,0.2,0.4,2,4,0.3333333333333333,0.4,8.305435180664062,0.3333333333329379,0.4444444444218089,0.4999999999872691
C2,0.2,0.4,2,4,0.3333333333333333,0.4,8.3154296875,0.3333333333329379,0.4444444444218089,0.4999999999872691
C2,0.2,0.4,2,4,0.3333333333333333,0.4,8.325424194335938,0.3333333333329379,0.4444444444218089,0.4999999999872691
C2,0.2,0.4,2,4,0.3333333333333333,0.4,8.335418701171875,0.3333333333329379,0.4444444444218089,0.4999999999872691
C2,0.2,0.4,2,4,0.3333333333333333,0.4,8.345413208007812,0.3333333333329379,0.4444444444218089,0.4999999999872691
C2,0.2,0.4,2,4,0.3333333333333333,0.4,8.35540771484375,0.3333333333329379,0.4444444444218089,0.4999999999872691
C2,0.2,0.4,2,4,0.3333333333333333,0.4,8.365402221679688,0.3333333333329379,0.4444444444218089,0.4999999999872691
C2,0.2,0.4,2,4,0.3333333333333333,0.4,8.375396728515625,0.3333333333329379,0.4444444444218089,0.4999999999872691
C2,0.2,0.4,2,4,0.3333333333333333,0.4,8.385391235351562,0.3333333333329379,0.4444444444218089,0.4999999999872691
C2,0.2,0.4,2,4,0.3333333333333333,0.4,8.3953857421875,0.3333333333329379,0.4444444444218089,0.4999999999872691
C2,0.2,0.4,2,4,0.3333333333333333,0.4,8.405380249023438,0.3333333333329379,0.4444444444218089,0.4999999999872691
C2,0.2,0.4,2,4,0.3333333333333333,0.4,8.415374755859375,0.3333333333329379,0.4444444444218089,0.4999999999872691
C2,0.2,0.4,2,4,0.3333333333333333,0.4,8.425369262695312,0.3333333333329379,0.4444444444218089,0.4999999999872691
C2,0.2,0.4,2,4,0.3333333333333333,0.4,8.43536376953125,0.3333333333329379,0.4444444444218089,0.4999999999872691
C2,0.2,0.4,2,4,0.3333333333333333,0.4,8.445358276367188,0.3333333333329379,0.4444444444218089,0.4999999999872691
C2,0.2,0.4,2,4,0.3333333333333333,0.4,8.455352783203125,0.3333333333329379,0.4444444444218089,0.4999999999872691
C2,0.2,0.4,2,4,0.3333333333333333,0.4,8.465347290039062,0.3333333333329379,0.4444444444218089,0.4999999999872691
C2,0.2,0.4,2,4,0.3333333333333333,0.4,8.475341796875,0.3333333333329379,0.4444444444218089,0.4999999999872691
C2,0.2,0.4,2,4,0.3333333333333333,0.4,8.485336303710938,0.3333333333329379,0.4444444444218089,0.4999999999872691
C2,0.2,0.4,2,4,0.3333333333333333,0.4,8.495330810546875,0.3333333333329379,0.4444444444218089,0.4999999999872691
C2,0.2,0.4,2,4,0.3333333333333333,0.4,8.505325317382812,0.3333333333329379,0.4444444444218089,0.4999999999872691
C2,0.2,0.4,2,4,0.3333333333333333,0.4,8.51531982421875,0.3333333333329379,0.4444444444218089,0.4999999999872691
C2,0.2,0.4,2,4,0.3333333333333333,0.4,8.525314331054688,0.3333333333329379,0.4444444444218089,0.4999999999872691
C2,0.2,0.4,2,4,0.3333333333333333,0.4,8.535308837890625,0.3333333333329379,0.4444444444218089,0.4999999999872691
C2,0.2,0.4,2,4,0.3333333333333333,0.4,8.545303344726562,0.3333333333329379,0.4444444444218089,0.4999999999872691
C2,0.2,0.4,2,4,0.3333333333333333,0.4,8.5552978515625,0.3333333333329379,0.4444444444218089,0.4999999999872691
C2,0.2,0.4,2,4,0.3333333333333333,0.4,8.565292358398438,0.3333333333329379,0.4444444444218089,0.4999999999872691
C2,0.2,0.4,2,4,0.3333333333333333,0.4,8.575286865234375,0.3333333333329379,0.4444444444218089,0.4999999999872691
C2,0.2,0.4,2,4,0.3333333333333333,0.4,8.585281372070312,0.3333333333329379,0.4444444444218089,0.4999999999872691
C2,0.2,0.4,2,4,0.3333333333333333,0.4,8.59527587890625,0.3333333333329379,0.4444444444218089,0.4999999999872691
C2,0.2,0.4,2,4,0.3333333333333333,0.4,8.605270385742188,0.3333333333329379,0.4444444444218089,0.4999999999872691
C2,0.2,0.4,2,4,0.3333333333333333,0.4,8.615264892578125,0.3333333333329379,0.4444444444218089,0.4999999999872691
C2,0.2,0.4,2,4,0.3333333333333333,0.4,8.625259399414062,0.3333333333329379,0.4444444444218089,0.4999999999872691
C2,0.2,0.4,2,4,0.3333333333333333,0.4,8.63525390625,0.3333333333329379,0.4444444444218089,0.4999999999872691
C2,0.2,0.4,2,4,0.3333333333333333,0.4,8.645248413085938,0.3333333333329379,0.4444444444218089,0.4999999999872691
C2,0.2,0.4,2,4,0.3333333333333333,0.4,8.655242919921875,0.3333333333329379,0.4444444444218089,0.4999999999872691
C2,0.2,0.4,2,4,0.3333333333333333,0.4,8.665237426757812,0.3333333333329379,0.4444444444218089,0.4999999999872691
C2,0.2,0.4,2,4,0.3333333333333333,0.4,8.67523193359375,0.3333333333329379,0.4444444444218089,0.4999999999872691
C2,0.2,0.4,2,4,0.3333333333333333,0.4,8.685226440429688,0.3333333333329379,0.4444444444218089,0.4999999999872691
C2,0.2,0.4,2,4,0.3333333333333333,0.4,8.695220947265625,0.3333333333329379,0.4444444444218089,0.4999999999872691
C2,0.2,0.4,2,4,0.3333333333333333,0.4,8.705215454101562,0.3333333333329379,0.4444444444218089,0.4999999999872691
C2,0.2,0.4,2,4,0.3333333333333333,0.4,8.7152099609375,0.3333333333329379,0.4444444444218089,0.4999999999872691
C2,0.2,0.4,2,4,0.3333333333333333,0.4,8.725204467773438,0.3333333333329379,0.4444444444218089,0.4999999999872691
C2,0.2,0.4,2,4,0.3333333333333333,0.4,8.735198974609375,0.3333333333329379,0.4444444444218089,0.4999999999872691
C2,0.2,0.4,2,4,0.3333333333333333,0.4,8.745193481445312,0.3333333333329379,0.4444444444218089,0.4999999999872691
C2,0.2,0.4,2,4,0.3333333333333333,0.4,8.75518798828125,0.3333333333329379,0.4444444444218089,0.4999999999872691
C2,0.2,0.4,2,4,0.3333333333333333,0.4,8.765182495117188,0.3333333333329379,0.4444444444218089,0.4999999999872691
C2,0.2,0.4,2,4,0.3333333333333333,0.4,8.775177001953125,0.3333333333329379,0.4444444444218089,0.4999999999872691
C2,0.2,0.4,2,4,0.3333333333333333,0.4,8.785171508789062,0.3333333333329379,0.4444444444218089,0.4999999999872691
C2,0.2,0.4,2,4,0.3333333333333333,0.4,8.795166015625,0.3333333333329379,0.4444444444218089,0.4999999999872691
C2,0.2,0.4,2,4,0.3333333333333333,0.4,8.805160522460938,0.3333333333329379,0.4444444444218089,0.4999999999872691
C2,0.2,0.4,2,4,0.3333333333333333,0.4,8.815155029296875,0.3333333333329379,0.4444444444218089,0.4999999999872691
C2,0.2,0.4,2,4,0.3333333333333333,0.4,8.825149536132812,0.3333333333329379,0.4444444444218089,0.4999999999872691
C2,0.2,0.4,2,4,0.3333333333333333,0.4,8.83514404296875,0.3333333333329379,0.4444444444218089,0.4999999999872691
C2,0.2,0.4,2,4,0.3333333333333333,0.4,8.845138549804688,0.3333333333329379,0.4444444444218089,0.4999999999872691
C2,0.2,0.4,2,4,0.3333333333333333,0.4,8.855133056640625,0.3333333333329379,0.4444444444218089,0.4999999999872691
C2,0.2,0.4,2,4,0.3333333333333333,0.4,8.865127563476562,0.3333333333329379,0.4444444444218089,0.4999999999872691
C2,0.2,0.4,2,4,0.3333333333333333,0.4,8.8751220703125,0.3333333333329379,0.4444444444218089,0.4999999999872691
C2,0.2,0.4,2,4,0.3333333333333333,0.4,8.885116577148438,0.3333333333329379,0.4444444444218089,0.4999999999872691
C2,0.2,0.4,2,4,0.3333333333333333,0.4,8.895111083984375,0.3333333333329379,0.4444444444218089,0.4999999999872691
C2,0.2,0.4,2,4,0.3333333333333333,0.4,8.905105590820312,0.3333333333329379,0.4444444444218089,0.4999999999872691
C2,0.2,0.4,2,4,0.3333333333333333,0.4,8.91510009765625,0.3333333333329379,0.4444444444218089,0.4999999999872691
C2,0.2,0.4,2,4,0.3333333333333333,0.4,8.925094604492188,0.3333333333329379,0.4444444444218089,0.4999999999872691
C2,0.2,0.4,2,4,0.3333333333333333,0.4,8.935089111328125,0.3333333333329379,0.4444444444218089,0.4999999999872691
C2,0.2,0.4,2,4,0.3333333333333333,0.4,8.945083618164062,0.3333333333329379,0.4444444444218089,0.4999999999872691
C2,0.2,0.4,2,4,0.3333333333333333,0.4,8.955078125,0.3333333333329379,0.4444444444218089,0.4999999999872691
C2,0.2,0.4,2,4,0.3333333333333333,0.4,8.965072631835938,0.3333333333329379,0.4444444444218089,0.4999999999872691
C2,0.2,0.4,2,4,0.3333333333333333,0.4,8.975067138671875,0.3333333333329379,0.4444444444218089,0.4999999999872691
C2,0.2,0.4,2,4,0.3333333333333333,0.4,8.985061645507812,0.3333333333329379,0.4444444444218089,0.4999999999872691
C2,0.2,0.4,2,4,0.3333333333333333,0.4,8.99505615234375,0.3333333333329379,0.4444444444218089,0.4999999999872691
C2,0.2,0.4,2,4,0.3333333333333333,0.4,9.005050659179688,0.3333333333329379,0.4444444444218089,0.4999999999872691
C2,0.2,0.4,2,4,0.3333333333333333,0.4,9.015045166015625,0.3333333333329379,0.4444444444218089,0.4999999999872691
C2,0.2,0.4,2,4,0.3333333333333333,0.4,9.025039672851562,0.3333333333329379,0.4444444444218089,0.4999999999872691
C2,0.2,0.4,2,4,0.3333333333333333,0.4,9.0350341796875,0.3333333333329379,0.4444444444218089,0.4999999999872691
C2,0.2,0.4,2,4,0.3333333333333333,0.4,9.045028686523438,0.3333333333329379,0.4444444444218089,0.4999999999872691
C2,0.2,0.4,2,4,0.3333333333333333,0.4,9.055023193359375,0.3333333333329379,0.4444444444218089,0.4999999999872691
C2,0.2,0.4,2,4,0.3333333333333333,0.4,9.065017700195312,0.3333333333329379,0.4444444444218089,0.4999999999872691
C2,0.2,0.4,2,4,0.3333333333333333,0.4,9.07501220703125,0.3333333333329379,0.4444444444218089,0.4999999999872691
C2,0.2,0.4,2,4,0.3333333333333333,0.4,9.085006713867188,0.3333333333329379,0.4444444444218089,0.4999999999872691
C2,0.2,0.4,2,4,0.3333333333333333,0.4,9.095001220703125,0.3333333333329379,0.4444444444218089,0.4999999999872691
C2,0.2,0.4,2,4,0.3333333333333333,0.4,9.104995727539062,0.3333333333329379,0.4444444444218089,0.4999999999872691
C2,0.2,0.4,2,4,0.3333333333333333,0.4,9.114990234375,0.3333333333329379,0.4444444444218089,0.4999999999872691
C2,0.2,0.4,2,4,0.3333333333333333,0.4,9.124984741210938,0.3333333333329379,0.4444444444218089,0.4999999999872691
C2,0.2,0.4,2,4,0.3333333333333333,0.4,9.134979248046875,0.3333333333329379,0.4444444444218089,0.4999999999872691
C2,0.2,0.4,2,4,0.3333333333333333,0.4,9.144973754882812,0.3333333333329379,0.4444444444218089,0.4999999999872691
C2,0.2,0.4,2,4,0.3333333333333333,0.4,9.15496826171875,0.3333333333329379,0.4444444444218089,0.4999999999872691
C2,0.2,0.4,2,4,0.3333333333333333,0.4,9.164962768554688,0.3333333333329379,0.4444444444218089,0.4999999999872691
C2,0.2,0.4,2,4,0.3333333333333333,0.4,9.174957275390625,0.3333333333329379,0.4444444444218089,0.4999999999872691
C2,0.2,0.4,2,4,0.3333333333333333,0.4,9.184951782226562,0.3333333333329379,0.4444444444218089,0.4999999999872691
C2,0.2,0.4,2,4,0.3333333333333333,0.4,9.1949462890625,0.3333333333329379,0.4444444444218089,0.4999999999872691
C2,0.2,0.4,2,4,0.3333333333333333,0.4,9.204940795898438,0.3333333333329379,0.4444444444218089,0.4999999999872691
C2,0.2,0.4,2,4,0.3333333333333333,0.4,9.214935302734375,0.3333333333329379,0.4444444444218089,0.4999999999872691
C2,0.2,0.4,2,4,0.3333333333333333,0.4,9.224929809570312,0.3333333333329379,0.4444444444218089,0.4999999999872691
C2,0.2,0.4,2,4,0.3333333333333333,0.4,9.23492431640625,0.3333333333329379,0.4444444444218089,0.4999999999872691
C2,0.2,0.4,2,4,0.3333333333333333,0.4,9.244918823242188,0.3333333333329379,0.4444444444218089,0.4999999999872691
C2,0.2,0.4,2,4,0.3333333333333333,0.4,9.254913330078125,0.3333333333329379,0.4444444444218089,0.4999999999872691
C2,0.2,0.4,2,4,0.3333333333333333,0.4,9.264907836914062,0.3333333333329379,0.4444444444218089,0.4999999999872691
C2,0.2,0.4,2,4,0.3333333333333333,0.4,9.27490234375,0.3333333333329379,0.4444444444218089,0.4999999999872691
C2,0.2,0.4,2,4,0.3333333333333333,0.4,9.284896850585938,0.3333333333329379,0.4444444444218089,0.4999999999872691
C2,0.2,0.4,2,4,0.3333333333333333,0.4,9.294891357421875,0.3333333333329379,0.4444444444218089,0.4999999999872691
C2,0.2,0.4,2,4,0.3333333333333333,0.4,9.304885864257812,0.3333333333329379,0.4444444444218089,0.4999999999872691
C2,0.2,0.4,2,4,0.3333333333333333,0.4,9.31488037109375,0.3333333333329379,0.4444444444218089,0.4999999999872691
C2,0.2,0.4,2,4,0.3333333333333333,0.4,9.324874877929688,0.3333333333329379,0.4444444444218089,0.4999999999872691
C2,0.2,0.4,2,4,0.3333333333333333,0.4,9.334869384765625,0.3333333333329379,0.4444444444218089,0.4999999999872691
C2,0.2,0.4,2,4,0.3333333333333333,0.4,9.344863891601562,0.3333333333329379,0.4444444444218089,0.4999999999872691
C2,0.2,0.4,2,4,0.3333333333333333,0.4,9.3548583984375,0.3333333333329379,0.4444444444218089,0.4999999999872691
C2,0.2,0.4,2,4,0.3333333333333333,0.4,9.364852905273438,0.3333333333329379,0.4444444444218089,0.4999999999872691
C2,0.2,0.4,2,4,0.3333333333333333,0.4,9.374847412109375,0.3333333333329379,0.4444444444218089,0.4999999999872691
C2,0.2,0.4,2,4,0.3333333333333333,0.4,9.384841918945312,0.3333333333329379,0.4444444444218089,0.4999999999872691
C2,0.2,0.4,2,4,0.3333333333333333,0.4,9.39483642578125,0.3333333333329379,0.4444444444218089,0.4999999999872691
C2,0.2,0.4,2,4,0.3333333333333333,0.4,9.404830932617188,0.3333333333329379,0.4444444444218089,0.4999999999872691
C2,0.2,0.4,2,4,0.3333333333333333,0.4,9.414825439453125,0.3333333333329379,0.4444444444218089,0.4999999999872691
C2,0.2,0.4,2,4,0.3333333333333333,0.4,9.424819946289062,0.3333333333329379,0.4444444444218089,0.4999999999872691
C2,0.2,0.4,2,4,0.3333333333333333,0.4,9.434814453125,0.3333333333329379,0.4444444444218089,0.4999999999872691
C2,0.2,0.4,2,4,0.3333333333333333,0.4,9.444808959960938,0.3333333333329379,0.4444444444218089,0.4999999999872691
C2,0.2,0.4,2,4,0.3333333333333333,0.4,9.454803466796875,0.3333333333329379,0.4444444444218089,0.4999999999872691
C2,0.2,0.4,2,4,0.3333333333333333,0.4,9.464797973632812,0.3333333333329379,0.4444444444218089,0.4999999999872691
C2,0.2,0.4,2,4,0.3333333333333333,0.4,9.47479248046875,0.3333333333329379,0.4444444444218089,0.4999999999872691
C2,0.2,0.4,2,4,0.3333333333333333,0.4,9.484786987304688,0.3333333333329379,0.4444444444218089,0.4999999999872691
C2,0.2,0.4,2,4,0.3333333333333333,0.4,9.494781494140625,0.3333333333329379,0.4444444444218089,0.4999999999872691
C2,0.2,0.4,2,4,0.3333333333333333,0.4,9.504776000976562,0.3333333333329379,0.4444444444218089,0.4999999999872691
C2,0.2,0.4,2,4,0.3333333333333333,0.4,9.5147705078125,0.3333333333329379,0.4444444444218089,0.4999999999872691
C2,0.2,0.4,2,4,0.3333333333333333,0.4,9.524765014648438,0.3333333333329379,0.4444444444218089,0.4999999999872691
C2,0.2,0.4,2,4,0.3333333333333333,0.4,9.534759521484375,0.3333333333329379,0.4444444444218089,0.4999999999872691
C2,0.2,0.4,2,4,0.3333333333333333,0.4,9.544754028320312,0.3333333333329379,0.4444444444218089,0.4999999999872691
C2,0.2,0.4,2,4,0.3333333333333333,0.4,9.55474853515625,0.3333333333329379,0.4444444444218089,0.4999999999872691
C2,0.2,0.4,2,4,0.3333333333333333,0.4,9.564743041992188,0.3333333333329379,0.4444444444218089,0.4999999999872691
C2,0.2,0.4,2,4,0.3333333333333333,0.4,9.574737548828125,0.3333333333329379,0.4444444444218089,0.4999999999872691
C2,0.2,0.4,2,4,0.3333333333333333,0.4,9.584732055664062,0.3333333333329379,0.4444444444218089,0.4999999999872691
C2,0.2,0.4,2,4,0.3333333333333333,0.4,9.5947265625,0.3333333333329379,0.4444444444218089,0.4999999999872691
C2,0.2,0.4,2,4,0.3333333333333333,0.4,9.604721069335938,0.3333333333329379,0.4444444444218089,0.4999999999872691
C2,0.2,0.4,2,4,0.3333333333333333,0.4,9.614715576171875,0.3333333333329379,0.4444444444218089,0.4999999999872691
C2,0.2,0.4,2,4,0.3333333333333333,0.4,9.624710083007812,0.3333333333329379,0.4444444444218089,0.4999999999872691
C2,0.2,0.4,2,4,0.3333333333333333,0.4,9.63470458984375,0.3333333333329379,0.4444444444218089,0.4999999999872691
C2,0.2,0.4,2,4,0.3333333333333333,0.4,9.644699096679688,0.3333333333329379,0.4444444444218089,0.4999999999872691
C2,0.2,0.4,2,4,0.3333333333333333,0.4,9.654693603515625,0.3333333333329379,0.4444444444218089,0.4999999999872691
C2,0.2,0.4,2,4,0.3333333333333333,0.4,9.664688110351562,0.3333333333329379,0.4444444444218089,0.4999999999872691
C2,0.2,0.4,2,4,0.3333333333333333,0.4,9.6746826171875,0.3333333333329379,0.4444444444218089,0.4999999999872691
C2,0.2,0.4,2,4,0.3333333333333333,0.4,9.684677124023438,0.3333333333329379,0.4444444444218089,0.4999999999872691
C2,0.2,0.4,2,4,0.3333333333333333,0.4,9.694671630859375,0.3333333333329379,0.4444444444218089,0.4999999999872691
C2,0.2,0.4,2,4,0.3333333333333333,0.4,9.704666137695312,0.3333333333329379,0.4444444444218089,0.4999999999872691
C2,0.2,0.4,2,4,0.3333333333333333,0.4,9.71466064453125,0.3333333333329379,0.4444444444218089,0.4999999999872691
C2,0.2,0.4,2,4,0.3333333333333333,0.4,9.724655151367188,0.3333333333329379,0.4444444444218089,0.4999999999872691
C2,0.2,0.4,2,4,0.3333333333333333,0.4,9.734649658203125,0.3333333333329379,0.4444444444218089,0.4999999999872691
C2,0.2,0.4,2,4,0.3333333333333333,0.4,9.744644165039062,0.3333333333329379,0.4444444444218089,0.4999999999872691
C2,0.2,0.4,2,4,0.3333333333333333,0.4,9.754638671875,0.3333333333329379,0.4444444444218089,0.4999999999872691
C2,0.2,0.4,2,4,0.3333333333333333,0.4,9.764633178710938,0.3333333333329379,0.4444444444218089,0.4999999999872691
C2,0.2,0.4,2,4,0.3333333333333333,0.4,9.774627685546875,0.3333333333329379,0.4444444444218089,0.4999999999872691
C2,0.2,0.4,2,4,0.3333333333333333,0.4,9.784622192382812,0.3333333333329379,0.4444444444218089,0.4999999999872691
C2,0.2,0.4,2,4,0.3333333333333333,0.4,9.79461669921875,0.3333333333329379,0.4444444444218089,0.4999999999872691
C2,0.2,0.4,2,4,0.3333333333333333,0.4,9.804611206054688,0.3333333333329379,0.4444444444218089,0.4999999999872691
C2,0.2,0.4,2,4,0.3333333333333333,0.4,9.814605712890625,0.3333333333329379,0.4444444444218089,0.4999999999872691
C2,0.2,0.4,2,4,0.3333333333333333,0.4,9.824600219726562,0.3333333333329379,0.4444444444218089,0.4999999999872691
C2,0.2,0.4,2,4,0.3333333333333333,0.4,9.8345947265625,0.3333333333329379,0.4444444444218089,0.4999999999872691
C2,0.2,0.4,2,4,0.3333333333333333,0.4,9.844589233398438,0.3333333333329379,0.4444444444218089,0.4999999999872691
C2,0.2,0.4,2,4,0.3333333333333333,0.4,9.854583740234375,0.3333333333329379,0.4444444444218089,0.4999999999872691
C2,0.2,0.4,2,4,0.3333333333333333,0.4,9.864578247070312,0.3333333333329379,0.4444444444218089,0.4999999999872691
C2,0.2,0.4,2,4,0.3333333333333333,0.4,9.87457275390625,0.3333333333329379,0.4444444444218089,0.4999999999872691
C2,0.2,0.4,2,4,0.3333333333333333,0.4,9.884567260742188,0.3333333333329379,0.4444444444218089,0.4999999999872691
C2,0.2,0.4,2,4,0.3333333333333333,0.4,9.894561767578125,0.3333333333329379,0.4444444444218089,0.4999999999872691
C2,0.2,0.4,2,4,0.3333333333333333,0.4,9.904556274414062,0.3333333333329379,0.4444444444218089,0.4999999999872691
C2,0.2,0.4,2,4,0.3333333333333333,0.4,9.91455078125,0.3333333333329379,0.4444444444218089,0.4999999999872691
C2,0.2,0.4,2,4,0.3333333333333333,0.4,9.924545288085938,0.3333333333329379,0.4444444444218089,0.4999999999872691
C2,0.2,0.4,2,4,0.3333333333333333,0.4,9.934539794921875,0.3333333333329379,0.4444444444218089,0.4999999999872691
C2,0.2,0.4,2,4,0.3333333333333333,0.4,9.944534301757812,0.3333333333329379,0.4444444444218089,0.4999999999872691
C2,0.2,0.4,2,4,0.3333333333333333,0.4,9.95452880859375,0.3333333333329379,0.4444444444218089,0.4999999999872691
C2,0.2,0.4,2,4,0.3333333333333333,0.4,9.964523315429688,0.3333333333329379,0.4444444444218089,0.4999999999872691
C2,0.2,0.4,2,4,0.3333333333333333,0.4,9.974517822265625,0.3333333333329379,0.4444444444218089,0.4999999999872691
C2,0.2,0.4,2,4,0.3333333333333333,0.4,9.984512329101562,0.3333333333329379,0.4444444444218089,0.4999999999872691
C2,0.2,0.4,2,4,0.3333333333333333,0.4,9.9945068359375,0.3333333333329379,0.4444444444218089,0.4999999999872691
C2,0.2,0.4,2,4,0.3333333333333333,0.4,10,0.3333333333329379,0.4444444444218089,0.4999999999872691
C3,0.3,0.3,2,2,0.5,0.4,0,0,1,0.5000000000000001
C3,0.3,0.3,2,2,0.5,0.4,0.0099945068359375,0.02087713450429527,0.8238333544246477,0.4999999999999767
C3,0.3,0.3,2,2,0.5,0.4,0.019989013671875,0.04312840582587463,0.7156142315589942,0.4999999999999537
C3,0.3,0.3,2,2,0.5,0.4,0.0299835205078125,0.06609429899930437,0.6469789779798877,0.4999999999999301
C3,0.3,0.3,2,2,0.5,0.4,0.03997802734375,0.08911846734397362,0.6014410291944181,0.4999999999999066
C3,0.3,0.3,2,2,0.5,0.4,0.0499725341796875,0.1116266842740201,0.5694529544302246,0.4999999999998828
C3,0.3,0.3,2,2,0.5,0.4,0.059967041015625,0.1331772276522697,0.5455086049997038,0.4999999999998585
C3,0.3,0.3,2,2,0.5,0.4,0.0699615478515625,0.1534778320972975,0.5264461979421612,0.4999999999998339
C3,0.3,0.3,2,2,0.5,0.4,0.0799560546875,0.1723752508261047,0.5104573369153778,0.4999999999998094
C3,0.3,0.3,2,2,0.5,0.4,0.0899505615234375,0.1898286046187397,0.4965102602057745,0.4999999999997848
C3,0.3,0.3,2,2,0.5,0.4,0.099945068359375,0.2058773294725194,0.4840156061995703,0.49999999999976
C3,0.3,0.3,2,2,0.5,0.4,0.1099395751953125,0.2206112262904979,0.4726337688430136,0.4999999999997345
C3,0.3,0.3,2,2,0.5,0.4,0.11993408203125,0.2341463646593014,0.4621646270479546,0.4999999999997085
C3,0.3,0.3,2,2,0.5,0.4,0.1299285888671875,0.2466077592417965,0.4524849834223231,0.4999999999996818
C3,0.3,0.3,2,2,0.5,0.4,0.139923095703125,0.2581181256564982,0.4435134776147263,0.4999999999996556
C3,0.3,0.3,2,2,0.5,0.4,0.1499176025390625,0.2687913824473058,0.4351912051608207,0.4999999999996285
C3,0.3,0.3,2,2,0.5,0.4,0.159912109375,0.2787295112824628,0.427471227878257,0.4999999999996012
C3,0.3,0.3,2,2,0.5,0.4,0.1699066162109375,0.2880216038669048,0.4203130539056721,0.4999999999995741
C3,0.3,0.3,2,2,0.5,0.4,0.179901123046875,0.2967442160061434,0.4136798472563544,0.4999999999995466
C3,0.3,0.3,2,2,0.5,0.4,0.1898956298828125,0.3049624201525411,0.4075371001935819,0.4999999999995188
C3,0.3,0.3,2,2,0.5,0.4,0.19989013671875,0.3127311625590795,0.401852061805691,0.4999999999994911
C3,0.3,0.3,2,2,0.5,0.4,0.2098846435546875,0.3200966864204718,0.3965935358911782,0.4999999999994626
C3,0.3,0.3,2,2,0.5,0.4,0.219879150390625,0.3270978875016664,0.3917318419155498,0.4999999999994342
C3,0.3,0.3,2,2,0.5,0.4,0.2298736572265625,0.3337675362124337,0.3872388334563262,0.4999999999994051
C3,0.3,0.3,2,2,0.5,0.4,0.2398681640625,0.3401333411976757,0.3830879235580065,0.4999999999993763
C3,0.3,0.3,2,2,0.5,0.4,0.2498626708984375,0.3462188531161822,0.3792540956472675,0.4999999999993469
C3,0.3,0.3,2,2,0.5,0.4,0.259857177734375,0.3520442197353371,0.3757138935373305,0.4999999999993178
C3,0.3,0.3,2,2,0.5,0.4,0.2698516845703125,0.3576268091090719,0.3724453910977244,0.4999999999992878
C3,0.3,0.3,2,2,0.5,0.4,0.27984619140625,0.3629817192671765,0.3694281450605636,0.4999999999992579
C3,0.3,0.3,2,2,0.5,0.4,0.2898406982421875,0.3681221923205792,0.3666431352234263,0.499999999999228
C3,0.3,0.3,2,2,0.5,0.4,0.299835205078125,0.3730599492785464,0.3640726961077638,0.4999999999991977
C3,0.3,0.3,2,2,0.5,0.4,0.3098297119140625,0.3778054598297826,0.3617004435310258,0.4999999999991674
C3,0.3,0.3,2,2,0.5,0.4,0.31982421875,0.3823681592261691,0.3595111988490323,0.4999999999991369
C3,0.3,0.3,2,2,0.5,0.4,0.3298187255859375,0.386756622418545,0.3574909129622696,0.4999999999991074
C3,0.3,0.3,2,2,0.5,0.4,0.339813232421875,0.3909787038169297,0.3556265916112819,0.4999999999990768
C3,0.3,0.3,2,2,0.5,0.4,0.3498077392578125,0.3950416495126328,0.3539062230255149,0.4999999999990477
C3,0.3,0.3,2,2,0.5,0.4,0.35980224609375,0.3989521875033381,0.3523187086301784,0.4999999999990183
C3,0.3,0.3,2,2,0.5,0.4,0.3697967529296875,0.4027166003849184,0.350853797242836,0.499999999998989
C3,0.3,0.3,2,2,0.5,0.4,0.379791259765625,0.4063407840890184,0.349502022989278,0.4999999999989598
C3,0.3,0.3,2,2,0.5,0.4,0.3897857666015625,0.4098302955253607,0.3482546470219421,0.4999999999989304
C3,0.3,0.3,2,2,0.5,0.4,0.3997802734375,0.4131903914057753,0.3471036030207486,0.4999999999989006
C3,0.3,0.3,2,2,0.5,0.4,0.4097747802734375,0.4164260600591494,0.3460414463852166,0.4999999999988717
C3,0.3,0.3,2,2,0.5,0.4,0.419769287109375,0.4195420476721933,0.3450613069798604,0.4999999999988421
C3,0.3,0.3,2,2,0.5,0.4,0.4297637939453125,0.4225428800922685,0.3441568452656182,0.4999999999988124
C3,0.3,0.3,2,2,0.5,0.4,0.43975830078125,0.4254328810913008,0.3433222116336019,0.4999999999987826
C3,0.3,0.3,2,2,0.5,0.4,0.4497528076171875,0.4282161878014373,0.3425520087500883,0.4999999999987521
C3,0.3,0.3,2,2,0.5,0.4,0.459747314453125,0.4308967638839831,0.3418412567206523,0.4999999999987223
C3,0.3,0.3,2,2,0.5,0.4,0.4697418212890625,0.4334784108754406,0.3411853608846808,0.4999999999986923
C3,0.3,0.3,2,2,0.5,0.4,0.479736328125,0.4359647780613636,0.3405800820577181,0.4999999999986621
C3,0.3,0.3,2,2,0.5,0.4,0.4897308349609375,0.4383593711554044,0.3400215090471301,0.4999999999986316
C3,0.3,0.3,2,2,0.5,0.4,0.499725341796875,0.4406655600031532,0.339506033275688,0.499999999998601
C3,0.3,0.3,2,2,0.5,0.4,0.5097198486328125,0.4428865854848059,0.3390303253572754,0.4999999999985704
C3,0.3,0.3,2,2,0.5,0.4,0.51971435546875,0.4450255657548541,0.3385913134787193,0.4999999999985395
C3,0.3,0.3,2,2,0.5,0.4,0.5297088623046875,0.4470855019288273,0.3381861634514027,0.4999999999985086
C3,0.3,0.3,2,2,0.5,0.4,0.539703369140625,0.4490692833047965,0.3378122603057145,0.4999999999984781
C3,0.3,0.3,2,2,0.5,0.4,0.5496978759765625,0.4509796921899438,0.337467191310396,0.4999999999984471
C3,0.3,0.3,2,2,0.5,0.4,0.5596923828125,0.452819408388639,0.3371487303074062,0.4999999999984163
C3,0.3,0.3,2,2,0.5,0.4,0.5696868896484375,0.4545910133976029,0.3368548232609881,0.4999999999983848
C3,0.3,0.3,2,2,0.5,0.4,0.579681396484375,0.4562969943451615,0.3365835749271981,0.499999999998354
C3,0.3,0.3,2,2,0.5,0.4,0.5896759033203125,0.457939747704736,0.3363332365572356,0.4999999999983225
C3,0.3,0.3,2,2,0.5,0.4,0.59967041015625,0.4595215828073824,0.3361021945544983,0.4999999999982914
C3,0.3,0.3,2,2,0.5,0.4,0.6096649169921875,0.4610447251738513,0.3358889600114182,0.4999999999982601
C3,0.3,0.3,2,2,0.5,0.4,0.619659423828125,0.4625113196832846,0.3356921590578129,0.4999999999982289
C3,0.3,0.3,2,2,0.5,0.4,0.6296539306640625,0.4639234335928645,0.3355105239577574,0.4999999999981976
C3,0.3,0.3,2,2,0.5,0.4,0.6396484375,0.4652830594206279,0.3353428848968504,0.4999999999981662
C3,0.3,0.3,2,2,0.5,0.4,0.6496429443359375,0.4665921177017868,0.3351881624062406,0.4999999999981345
C3,0.3,0.3,2,2,0.5,0.4,0.659637451171875,0.4678524596275613,0.3350453603739653,0.4999999999981031
C3,0.3,0.3,2,2,0.5,0.4,0.6696319580078125,0.4690658695743321,0.3349135595979643,0.4999999999980714
C3,0.3,0.3,2,2,0.5,0.4,0.67962646484375,0.4702340675299408,0.3347919118387049,0.4999999999980397
C3,0.3,0.3,2,2,0.5,0.4,0.6896209716796875,0.4713587114232153,0.3346796343326076,0.4999999999980076
C3,0.3,0.3,2,2,0.5,0.4,0.699615478515625,0.4724413993621553,0.3345760047304944,0.4999999999979765
C3,0.3,0.3,2,2,0.5,0.4,0.7096099853515625,0.473483671785597,0.3344803564280503,0.4999999999979438
C3,0.3,0.3,2,2,0.5,0.4,0.7196044921875,0.474487013532828,0.3343920742578792,0.4999999999979122
C3,0.3,0.3,2,2,0.5,0.4,0.7295989990234375,0.475452855835126,0.3343105905150743,0.4999999999978804
C3,0.3,0.3,2,2,0.5,0.4,0.739593505859375,0.4763825782329472,0.3342353812904362,0.4999999999978483
C3,0.3,0.3,2,2,0.5,0.4,0.7495880126953125,0.4772775104221154,0.3341659630874658,0.4999999999978162
C3,0.3,0.3,2,2,0.5,0.4,0.75958251953125,0.478138934032222,0.3341018897011205,0.4999999999977845
C3,0.3,0.3,2,2,0.5,0.4,0.7695770263671875,0.4789680843401299,0.3340427493380375,0.4999999999977527
C3,0.3,0.3,2,2,0.5,0.4,0.779571533203125,0.4797661519213159,0.333988161959504,0.4999999999977208
C3,0.3,0.3,2,2,0.5,0.4,0.7895660400390625,0.4805342842416545,0.3339377768299054,0.4999999999976887
C3,0.3,0.3,2,2,0.5,0.4,0.799560546875,0.4812735871920198,0.3338912702547362,0.4999999999976567
C3,0.3,0.3,2,2,0.5,0.4,0.8095550537109375,0.4819851265679982,0.3338483434934747,0.4999999999976246
C3,0.3,0.3,2,2,0.5,0.4,0.819549560546875,0.4826699294968724,0.3338087208337896,0.4999999999975928
C3,0.3,0.3,2,2,0.5,0.4,0.8295440673828125,0.4833289858138869,0.3337721478145747,0.4999999999975602
C3,0.3,0.3,2,2,0.5,0.4,0.83953857421875,0.4839632493897619,0.3337383895862959,0.4999999999975286
C3,0.3,0.3,2,2,0.5,0.4,0.8495330810546875,0.4845736394112545,0.3337072293980101,0.4999999999974964
C3,0.3,0.3,2,2,0.5,0.4,0.859527587890625,0.485161041616567,0.3336784672012684,0.499999999997464
C3,0.3,0.3,2,2,0.5,0.4,0.8695220947265625,0.485726309487222,0.3336519183618418,0.4999999999974316
C3,0.3,0.3,2,2,0.5,0.4,0.8795166015625,0.4862702653980319,0.333627412470939,0.4999999999973987
C3,0.3,0.3,2,2,0.5,0.4,0.8895111083984375,0.4867937017266602,0.3336047922482145,0.4999999999973672
C3,0.3,0.3,2,2,0.5,0.4,0.899505615234375,0.4872973819242619,0.3335839125294735,0.4999999999973344
C3,0.3,0.3,2,2,0.5,0.4,0.9095001220703125,0.4877820415485682,0.3335646393325161,0.4999999999973023
C3,0.3,0.3,2,2,0.5,0.4,0.91949462890625,0.4882483892607635,0.3335468489950903,0.4999999999972704
C3,0.3,0.3,2,2,0.5,0.4,0.9294891357421875,0.4886971077874647,0.3335304273793694,0.4999999999972377
C3,0.3,0.3,2,2,0.5,0.4,0.939483642578125,0.4891288548489684,0.3335152691378208,0.4999999999972053
C3,0.3,0.3,2,2,0.5,0.4,0.9494781494140625,0.4895442640550406,0.3335012770357168,0.4999999999971729
C3,0.3,0.3,2,2,0.5,0.4,0.95947265625,0.4899439457692979,0.333488361325914,0.4999999999971406
C3,0.3,0.3,2,2,0.5,0.4,0.9694671630859375,0.4903284879433387,0.3334764391718597,0.4999999999971083
C3,0.3,0.3,2,2,0.5,0.4,0.979461669921875,0.4906984569216419,0.3334654341151077,0.4999999999970757
C3,0.3,0.3,2,2,0.5,0.4,0.9894561767578125,0.4910543982182641,0.3334552755839005,0.4999999999970433
C3,0.3,0.3,2,2,0.5,0.4,0.99945068359375,0.491396837266297,0.3334458984396417,0.4999999999970105
C3,0.3,0.3,2,2,0.5,0.4,1.009445190429688,0.491726280141054,0.3334372425583498,0.4999999999969782
C3,0.3,0.3,2,2,0.5,0.4,1.019439697265625,0.4920432142578423,0.3334292524443718,0.4999999999969454
C3,0.3,0.3,2,2,0.5,0.4,1.029434204101562,0.4923481090452587,0.3334218768738865,0.4999999999969127
C3,0.3,0.3,2,2,0.5,0.4,1.0394287109375,0.4926414165948022,0.333415068565883,0.4999999999968799
C3,0.3,0.3,2,2,0.5,0.4,1.049423217773438,0.4929235722876327,0.3334087838785013,0.4999999999968474
C3,0.3,0.3,2,2,0.5,0.4,1.059417724609375,0.4931949953992678,0.3334029825287798,0.4999999999968148
C3,0.3,0.3,2,2,0.5,0.4,1.069412231445312,0.4934560896829784,0.3333976273339977,0.499999999996782
C3,0.3,0.3,2,2,0.5,0.4,1.07940673828125,0.4937072439325902,0.3333926839729534,0.4999999999967495
C3,0.3,0.3,2,2,0.5,0.4,1.089401245117188,0.4939488325254352,0.333388120765633,0.4999999999967168
C3,0.3,0.3,2,2,0.5,0.4,1.099395751953125,0.4941812159460889,0.333383908469859,0.4999999999966842
C3,0.3,0.3,2,2,0.5,0.4,1.109390258789062,0.4944047412916047,0.3333800200936058,0.4999999999966518
C3,0.3,0.3,2,2,0.5,0.4,1.119384765625,0.4946197427588332,0.3333764307217696,0.4999999999966194
C3,0.3,0.3,2,2,0.5,0.4,1.129379272460938,0.4948265421144755,0.3333731173562892,0.4999999999965863
C3,0.3,0.3,2,2,0.5,0.4,1.139373779296875,0.4950254491484513,0.3333700587685761,0.4999999999965545
C3,0.3,0.3,2,2,0.5,0.4,1.149368286132812,0.4952167621111521,0.3333672353633127,0.4999999999965216
C3,0.3,0.3,2,2,0.5,0.4,1.15936279296875,0.4954007681351461,0.3333646290527423,0.4999999999964885
C3,0.3,0.3,2,2,0.5,0.4,1.169357299804688,0.4955777436418537,0.3333622231406375,0.4999999999964561
C3,0.3,0.3,2,2,0.5,0.4,1.179351806640625,0.4957479547337372,0.3333600022152047,0.4999999999964237
C3,0.3,0.3,2,2,0.5,0.4,1.189346313476562,0.4959116575724701,0.3333579520502353,0.4999999999963909
C3,0.3,0.3,2,2,0.5,0.4,1.1993408203125,0.4960690987436169,0.3333560595138692,0.4999999999963586
C3,0.3,0.3,2,2,0.5,0.4,1.209335327148438,0.4962205156082368,0.3333543124843805,0.4999999999963256
C3,0.3,0.3,2,2,0.5,0.4,1.219329833984375,0.4963661366419027,0.3333526997724492,0.4999999999962927
C3,0.3,0.3,2,2,0.5,0.4,1.229324340820312,0.4965061817615736,0.3333512110494161,0.4999999999962602
C3,0.3,0.3,2,2,0.5,0.4,1.23931884765625,0.4966408626407047,0.3333498367810594,0.4999999999962278
C3,0.3,0.3,2,2,0.5,0.4,1.249313354492188,0.4967703830130548,0.3333485681664714,0.4999999999961953
C3,0.3,0.3,2,2,0.5,0.4,1.259307861328125,0.4968949389655316,0.3333473970816383,0.4999999999961627
C3,0.3,0.3,2,2,0.5,0.4,1.269302368164062,0.4970147192205053,0.3333463160273619,0.49999999999613
C3,0.3,0.3,2,2,0.5,0.4,1.279296875,0.4971299054079372,0.333345318081194,0.4999999999960976
C3,0.3,0.3,2,2,0.5,0.4,1.289291381835938,0.4972406723276557,0.3333443968530634,0.4999999999960644
C3,0.3,0.3,2,2,0.5,0.4,1.299285888671875,0.4973471882021849,0.3333435464443238,0.4999999999960318
C3,0.3,0.3,2,2,0.5,0.4,1.309280395507812,0.4974496149203804,0.3333427614099504,0.4999999999959989
C3,0.3,0.3,2,2,0.5,0.4,1.31927490234375,0.4975481082722751,0.333342036723645,0.4999999999959662
C3,0.3,0.3,2,2,0.5,0.4,1.329269409179688,0.4976428181753659,0.3333413677456286,0.4999999999959338
C3,0.3,0.3,2,2,0.5,0.4,1.339263916015625,0.4977338888927166,0.3333407501929099,0.4999999999959011
C3,0.3,0.3,2,2,0.5,0.4,1.349258422851562,0.4978214592430955,0.3333401801118426,0.4999999999958678
C3,0.3,0.3,2,2,0.5,0.4,1.3592529296875,0.4979056628034961,0.3333396538527951,0.4999999999958354
C3,0.3,0.3,2,2,0.5,0.4,1.369247436523438,0.4979866281042552,0.3333391680467668,0.4999999999958026
C3,0.3,0.3,2,2,0.5,0.4,1.379241943359375,0.4980644788170479,0.3333387195838049,0.4999999999957702
C3,0.3,0.3,2,2,0.5,0.4,1.389236450195312,0.4981393339360423,0.3333383055930829,0.4999999999957375
C3,0.3,0.3,2,2,0.5,0.4,1.39923095703125,0.4982113079524171,0.333337923424507,0.4999999999957047
C3,0.3,0.3,2,2,0.5,0.4,1.409225463867188,0.4982805110224809,0.3333375706317447,0.4999999999956719
C3,0.3,0.3,2,2,0.5,0.4,1.419219970703125,0.4983470491296511,0.3333372449565528,0.499999999995639
C3,0.3,0.3,2,2,0.5,0.4,1.429214477539062,0.4984110242404853,0.3333369443143127,0.4999999999956064
C3,0.3,0.3,2,2,0.5,0.4,1.439208984375,0.4984725344549802,0.3333366667806791,0.4999999999955734
C3,0.3,0.3,2,2,0.5,0.4,1.449203491210938,0.498531674151359,0.3333364105792568,0.4999999999955403
C3,0.3,0.3,2,2,0.5,0.4,1.459197998046875,0.4985885341255272,0.3333361740702225,0.4999999999955078
C3,0.3,0.3,2,2,0.5,0.4,1.469192504882812,0.4986432017253866,0.3333359557398219,0.4999999999954746
C3,0.3,0.3,2,2,0.5,0.4,1.47918701171875,0.4986957609802162,0.3333357541906788,0.499999999995442
C3,0.3,0.3,2,2,0.5,0.4,1.489181518554688,0.4987462927252611,0.3333355681328436,0.4999999999954091
C3,0.3,0.3,2,2,0.5,0.4,1.499176025390625,0.4987948747217469,0.3333353963755363,0.4999999999953764
C3,0.3,0.3,2,2,0.5,0.4,1.509170532226562,0.4988415817724304,0.3333352378195173,0.4999999999953435
C3,0.3,0.3,2,2,0.5,0.4,1.5191650390625,0.4988864858328979,0.3333350914500542,0.499999999995311
C3,0.3,0.3,2,2,0.5,0.4,1.529159545898438,0.4989296561187384,0.3333349563304197,0.4999999999952784
C3,0.3,0.3,2,2,0.5,0.4,1.539154052734375,0.4989711592087362,0.3333348315958965,0.4999999999952458
C3,0.3,0.3,2,2,0.5,0.4,1.549148559570312,0.4990110591442564,0.3333347164482403,0.4999999999952127
C3,0.3,0.3,2,2,0.5,0.4,1.55914306640625,0.4990494175249077,0.3333346101505696,0.4999999999951802
C3,0.3,0.3,2,2,0.5,0.4,1.569137573242188,0.4990862936006981,0.3333345120226474,0.4999999999951473
C3,0.3,0.3,2,2,0.5,0.4,1.579132080078125,0.4991217443607263,0.3333344214365268,0.4999999999951142
C3,0.3,0.3,2,2,0.5,0.4,1.589126586914062,0.4991558246185893,0.3333343378125311,0.4999999999950818
C3,0.3,0.3,2,2,0.5,0.4,1.59912109375,0.499188587094604,0.3333342606155414,0.4999999999950488
C3,0.3,0.3,2,2,0.5,0.4,1.609115600585938,0.4992200824949732,0.3333341893515738,0.499999999995016
C3,0.3,0.3,2,2,0.5,0.4,1.619110107421875,0.4992503595879908,0.3333341235646147,0.4999999999949838
C3,0.3,0.3,2,2,0.5,0.4,1.629104614257812,0.4992794652774052,0.3333340628337015,0.4999999999949507
C3,0.3,0.3,2,2,0.5,0.4,1.63909912109375,0.4993074446730455,0.3333340067702312,0.4999999999949182
C3,0.3,0.3,2,2,0.5,0.4,1.649093627929688,0.4993343411588042,0.3333339550154693,0.4999999999948856
C3,0.3,0.3,2,2,0.5,0.4,1.659088134765625,0.4993601964580739,0.3333339072382565,0.4999999999948526
C3,0.3,0.3,2,2,0.5,0.4,1.669082641601562,0.4993850506967425,0.3333338631328866,0.4999999999948197
C3,0.3,0.3,2,2,0.5,0.4,1.6790771484375,0.4994089424638292,0.3333338224171517,0.4999999999947875
C3,0.3,0.3,2,2,0.5,0.4,1.689071655273438,0.4994319088698315,0.3333337848305342,0.4999999999947546
C3,0.3,0.3,2,2,0.5,0.4,1.699066162109375,0.4994539856028965,0.3333337501325413,0.4999999999947221
C3,0.3,0.3,2,2,0.5,0.4,1.709060668945312,0.4994752069828931,0.3333337181011648,0.4999999999946892
C3,0.3,0.3,2,2,0.5,0.4,1.71905517578125,0.499495606013436,0.3333336885314594,0.4999999999946562
C3,0.3,0.3,2,2,0.5,0.4,1.729049682617188,0.4995152144319531,0.3333336612342323,0.4999999999946233
C3,0.3,0.3,2,2,0.5,0.4,1.739044189453125,0.4995340627578856,0.3333336360348328,0.4999999999945907
C3,0.3,0.3,2,2,0.5,0.4,1.749038696289062,0.4995521803390629,0.3333336127720333,0.4999999999945582
C3,0.3,0.3,2,2,0.5,0.4,1.759033203125,0.4995695953963333,0.333333591296997,0.4999999999945249
C3,0.3,0.3,2,2,0.5,0.4,1.769027709960938,0.4995863350665154,0.3333335714723282,0.4999999999944921
C3,0.3,0.3,2,2,0.5,0.4,1.779022216796875,0.4996024254437218,0.33333355317119,0.4999999999944594
C3,0.3,0.3,2,2,0.5,0.4,1.789016723632812,0.4996178916191381,0.3333335362764939,0.4999999999944268
C3,0.3,0.3,2,2,0.5,0.4,1.79901123046875,0.4996327577192873,0.3333335206801507,0.4999999999943935
C3,0.3,0.3,2,2,0.5,0.4,1.809005737304688,0.4996470469428571,0.3333335062823787,0.4999999999943608
C3,0.3,0.3,2,2,0.5,0.4,1.819000244140625,0.4996607815961264,0.3333334929910652,0.4999999999943283
C3,0.3,0.3,2,2,0.5,0.4,1.828994750976562,0.4996739831270654,0.3333334807211763,0.4999999999942952
C3,0.3,0.3,2,2,0.5,0.4,1.8389892578125,0.4996866721581275,0.3333334693942138,0.4999999999942625
C3,0.3,0.3,2,2,0.5,0.4,1.848983764648438,0.499698868517823,0.333333458937712,0.4999999999942299
C3,0.3,0.3,2,2,0.5,0.4,1.858978271484375,0.4997105912710763,0.3333334492847757,0.499999999994197
C3,0.3,0.3,2,2,0.5,0.4,1.868972778320312,0.499721858748445,0.3333334403736501,0.4999999999941643
C3,0.3,0.3,2,2,0.5,0.4,1.87896728515625,0.4997326885742258,0.3333334321473254,0.4999999999941315
C3,0.3,0.3,2,2,0.5,0.4,1.888961791992188,0.4997430976934909,0.3333334245531751,0.4999999999940986
C3,0.3,0.3,2,2,0.5,0.4,1.898956298828125,0.4997531023981125,0.333333417542617,0.4999999999940661
C3,0.3,0.3,2,2,0.5,0.4,1.908950805664062,0.4997627183517808,0.3333334110708013,0.4999999999940328
C3,0.3,0.3,2,2,0.5,0.4,1.9189453125,0.4997719606140837,0.3333334050963256,0.4999999999940001
C3,0.3,0.3,2,2,0.5,0.4,1.928939819335938,0.4997808436636695,0.3333333995809704,0.4999999999939672
C3,0.3,0.3,2,2,0.5,0.4,1.938934326171875,0.4997893814205316,0.333333394489452,0.4999999999939349
C3,0.3,0.3,2,2,0.5,0.4,1.948928833007812,0.4997975872674256,0.3333333897891986,0.4999999999939018
C3,0.3,0.3,2,2,0.5,0.4,1.95892333984375,0.4998054740705058,0.3333333854501423,0.4999999999938686
C3,0.3,0.3,2,2,0.5,0.4,1.968917846679688,0.4998130541991431,0.3333333814445262,0.4999999999938359
C3,0.3,0.3,2,2,0.5,0.4,1.978912353515625,0.4998203395450101,0.3333333777467253,0.4999999999938034
C3,0.3,0.3,2,2,0.5,0.4,1.988906860351562,0.499827341540426,0.333333374333084,0.4999999999937706
C3,0.3,0.3,2,2,0.5,0.4,1.9989013671875,0.4998340711760086,0.3333333711817662,0.499999999993738
C3,0.3,0.3,2,2,0.5,0.4,2.008895874023438,0.49984053901766,0.3333333682726118,0.4999999999937046
C3,0.3,0.3,2,2,0.5,0.4,2.018890380859375,0.4998467552228735,0.3333333655870114,0.4999999999936716
C3,0.3,0.3,2,2,0.5,0.4,2.028884887695312,0.4998527295564637,0.3333333631077863,0.4999999999936388
C3,0.3,0.3,2,2,0.5,0.4,2.03887939453125,0.4998584714056503,0.3333333608190758,0.4999999999936063
C3,0.3,0.3,2,2,0.5,0.4,2.048873901367188,0.4998639897946075,0.3333333587062405,0.4999999999935736
C3,0.3,0.3,2,2,0.5,0.4,2.058868408203125,0.4998692933984324,0.3333333567557644,0.4999999999935411
C3,0.3,0.3,2,2,0.5,0.4,2.068862915039062,0.4998743905565766,0.33333335495517,0.4999999999935078
C3,0.3,0.3,2,2,0.5,0.4,2.078857421875,0.4998792892857693,0.3333333532929398,0.4999999999934749
C3,0.3,0.3,2,2,0.5,0.4,2.088851928710938,0.4998839972924593,0.3333333517584411,0.4999999999934416
C3,0.3,0.3,2,2,0.5,0.4,2.098846435546875,0.4998885219847723,0.3333333503418583,0.4999999999934088
C3,0.3,0.3,2,2,0.5,0.4,2.108840942382812,0.4998928704839923,0.3333333490341301,0.4999999999933764
C3,0.3,0.3,2,2,0.5,0.4,2.11883544921875,0.4998970496356347,0.3333333478268909,0.4999999999933432
C3,0.3,0.3,2,2,0.5,0.4,2.128829956054688,0.4999010660200708,0.3333333467124184,0.4999999999933106
C3,0.3,0.3,2,2,0.5,0.4,2.138824462890625,0.4999049259627574,0.3333333456835846,0.4999999999932778
C3,0.3,0.3,2,2,0.5,0.4,2.148818969726562,0.4999086355440643,0.3333333447338077,0.4999999999932445
C3,0.3,0.3,2,2,0.5,0.4,2.1588134765625,0.4999122006087409,0.3333333438570131,0.4999999999932118
C3,0.3,0.3,2,2,0.5,0.4,2.168807983398438,0.4999156267750021,0.3333333430475922,0.499999999993179
C3,0.3,0.3,2,2,0.5,0.4,2.178802490234375,0.4999189194432763,0.3333333423003679,0.4999999999931462
C3,0.3,0.3,2,2,0.5,0.4,2.188796997070312,0.499922083804614,0.3333333416105606,0.4999999999931135
C3,0.3,0.3,2,2,0.5,0.4,2.19879150390625,0.4999251248487802,0.3333333409737578,0.4999999999930806
C3,0.3,0.3,2,2,0.5,0.4,2.208786010742188,0.4999280473720109,0.3333333403858857,0.4999999999930481
C3,0.3,0.3,2,2,0.5,0.4,2.218780517578125,0.499930855984514,0.3333333398431854,0.4999999999930155
C3,0.3,0.3,2,2,0.5,0.4,2.228775024414062,0.4999335551176443,0.3333333393421851,0.4999999999929825
C3,0.3,0.3,2,2,0.5,0.4,2.23876953125,0.4999361490308188,0.3333333388796806,0.4999999999929495
C3,0.3,0.3,2,2,0.5,0.4,2.248764038085938,0.4999386418181666,0.3333333384527126,0.4999999999929166
C3,0.3,0.3,2,2,0.5,0.4,2.258758544921875,0.4999410374149167,0.3333333380585515,0.4999999999928831
C3,0.3,0.3,2,2,0.5,0.4,2.268753051757812,0.4999433396035509,0.3333333376946759,0.4999999999928504
C3,0.3,0.3,2,2,0.5,0.4,2.27874755859375,0.4999455520197,0.3333333373587594,0.4999999999928172
C3,0.3,0.3,2,2,0.5,0.4,2.288742065429688,0.4999476781578379,0.333333337048652,0.4999999999927848
C3,0.3,0.3,2,2,0.5,0.4,2.298736572265625,0.4999497213767368,0.3333333367623718,0.499999999992752
C3,0.3,0.3,2,2,0.5,0.4,2.308731079101562,0.4999516849047235,0.3333333364980871,0.4999999999927194
C3,0.3,0.3,2,2,0.5,0.4,2.3187255859375,0.4999535718447233,0.3333333362541071,0.4999999999926868
C3,0.3,0.3,2,2,0.5,0.4,2.328720092773438,0.4999553851791281,0.3333333360288725,0.4999999999926543
C3,0.3,0.3,2,2,0.5,0.4,2.338714599609375,0.4999571277744431,0.3333333358209427,0.4999999999926213
C3,0.3,0.3,2,2,0.5,0.4,2.348709106445312,0.4999588023858009,0.3333333356289873,0.4999999999925891
C3,0.3,0.3,2,2,0.5,0.4,2.35870361328125,0.4999604116612561,0.3333333354517792,0.4999999999925559
C3,0.3,0.3,2,2,0.5,0.4,2.368698120117188,0.4999619581459426,0.333333335288185,0.4999999999925236
C3,0.3,0.3,2,2,0.5,0.4,2.378692626953125,0.4999634442860589,0.3333333351371583,0.4999999999924905
C3,0.3,0.3,2,2,0.5,0.4,2.388687133789062,0.4999648724327095,0.3333333349977342,0.4999999999924581
C3,0.3,0.3,2,2,0.5,0.4,2.398681640625,0.4999662448455812,0.3333333348690192,0.4999999999924251
C3,0.3,0.3,2,2,0.5,0.4,2.408676147460938,0.4999675636964924,0.3333333347501928,0.499999999992392
C3,0.3,0.3,2,2,0.5,0.4,2.418670654296875,0.4999688310728023,0.3333333346404934,0.4999999999923591
C3,0.3,0.3,2,2,0.5,0.4,2.428665161132812,0.4999700489806843,0.3333333345392204,0.4999999999923258
C3,0.3,0.3,2,2,0.5,0.4,2.43865966796875,0.4999712193482744,0.3333333344457267,0.4999999999922931
C3,0.3,0.3,2,2,0.5,0.4,2.448654174804688,0.4999723440287011,0.333333334359413,0.4999999999922594
C3,0.3,0.3,2,2,0.5,0.4,2.458648681640625,0.4999734248029902,0.3333333342797291,0.4999999999922267
C3,0.3,0.3,2,2,0.5,0.4,2.468643188476562,0.4999744633828731,0.3333333342061645,0.4999999999921934
C3,0.3,0.3,2,2,0.5,0.4,2.4786376953125,0.4999754614134686,0.3333333341382496,0.4999999999921602
C3,0.3,0.3,2,2,0.5,0.4,2.488632202148438,0.4999764204758643,0.3333333340755506,0.499999999992127
C3,0.3,0.3,2,2,0.5,0.4,2.498626708984375,0.4999773420896145,0.3333333340176647,0.4999999999920934
C3,0.3,0.3,2,2,0.5,0.4,2.508621215820312,0.4999782277151197,0.3333333339642243,0.4999999999920599
C3,0.3,0.3,2,2,0.5,0.4,2.51861572265625,0.4999790787559243,0.3333333339148872,0.4999999999920269
C3,0.3,0.3,2,2,0.5,0.4,2.528610229492188,0.4999798965609334,0.3333333338693374,0.4999999999919936
C3,0.3,0.3,2,2,0.5,0.4,2.538604736328125,0.4999806824265284,0.3333333338272839,0.4999999999919597
C3,0.3,0.3,2,2,0.5,0.4,2.548599243164062,0.4999814375986081,0.3333333337884593,0.4999999999919263
C3,0.3,0.3,2,2,0.5,0.4,2.55859375,0.4999821632745418,0.3333333337526148,0.4999999999918935
C3,0.3,0.3,2,2,0.5,0.4,2.568588256835938,0.4999828606050774,0.333333333719521,0.4999999999918596
C3,0.3,0.3,2,2,0.5,0.4,2.578582763671875,0.4999835306961297,0.3333333336889669,0.4999999999918265
C3,0.3,0.3,2,2,0.5,0.4,2.588577270507812,0.4999841746105394,0.3333333336607571,0.4999999999917932
C3,0.3,0.3,2,2,0.5,0.4,2.59857177734375,0.4999847933697344,0.3333333336347123,0.4999999999917603
C3,0.3,0.3,2,2,0.5,0.4,2.608566284179688,0.4999853879553505,0.3333333336106653,0.4999999999917274
C3,0.3,0.3,2,2,0.5,0.4,2.618560791015625,0.4999859593107698,0.3333333335884618,0.4999999999916933
C3,0.3,0.3,2,2,0.5,0.4,2.628555297851562,0.4999865083426192,0.3333333335679612,0.4999999999916595
C3,0.3,0.3,2,2,0.5,0.4,2.6385498046875,0.4999870359221896,0.3333333335490334,0.4999999999916271
C3,0.3,0.3,2,2,0.5,0.4,2.648544311523438,0.4999875428868115,0.3333333335315569,0.4999999999915939
C3,0.3,0.3,2,2,0.5,0.4,2.658538818359375,0.499988030041183,0.33333333351542,0.4999999999915616
C3,0.3,0.3,2,2,0.5,0.4,2.668533325195312,0.4999884981586325,0.3333333335005194,0.4999999999915281
C3,0.3,0.3,2,2,0.5,0.4,2.67852783203125,0.4999889479823422,0.333333333486759,0.4999999999914944
C3,0.3,0.3,2,2,0.5,0.4,2.688522338867188,0.4999893802265195,0.3333333334740535,0.499999999991461
C3,0.3,0.3,2,2,0.5,0.4,2.698516845703125,0.4999897955775243,0.3333333334623209,0.4999999999914282
C3,0.3,0.3,2,2,0.5,0.4,2.708511352539062,0.4999901946949563,0.333333333451488,0.4999999999913954
C3,0.3,0.3,2,2,0.5,0.4,2.718505859375,0.4999905782126932,0.333333333441484,0.499999999991363
C3,0.3,0.3,2,2,0.5,0.4,2.728500366210938,0.499990946739893,0.333333333432245,0.4999999999913309
C3,0.3,0.3,2,2,0.5,0.4,2.738494873046875,0.4999913008619563,0.333333333423712,0.4999999999912972
C3,0.3,0.3,2,2,0.5,0.4,2.748489379882812,0.4999916411414539,0.3333333334158308,0.4999999999912637
C3,0.3,0.3,2,2,0.5,0.4,2.75848388671875,0.4999919681190056,0.3333333334085516,0.4999999999912305
C3,0.3,0.3,2,2,0.5,0.4,2.768478393554688,0.4999922823141479,0.3333333334018285,0.4999999999911967
C3,0.3,0.3,2,2,0.5,0.4,2.778472900390625,0.4999925842261503,0.3333333333956197,0.4999999999911638
C3,0.3,0.3,2,2,0.5,0.4,2.788467407226562,0.4999928743348047,0.3333333333898847,0.4999999999911315
C3,0.3,0.3,2,2,0.5,0.4,2.7984619140625,0.4999931531011768,0.3333333333845871,0.4999999999910988
C3,0.3,0.3,2,2,0.5,0.4,2.808456420898438,0.499993420968349,0.3333333333796937,0.4999999999910667
C3,0.3,0.3,2,2,0.5,0.4,2.818450927734375,0.4999936783621135,0.3333333333751728,0.4999999999910342
C3,0.3,0.3,2,2,0.5,0.4,2.828445434570312,0.4999939256916446,0.3333333333709956,0.4999999999910018
C3,0.3,0.3,2,2,0.5,0.4,2.83843994140625,0.4999941633501511,0.3333333333671359,0.4999999999909689
C3,0.3,0.3,2,2,0.5,0.4,2.848434448242188,0.4999943917154914,0.3333333333635687,0.4999999999909357
C3,0.3,0.3,2,2,0.5,0.4,2.858428955078125,0.499994611150777,0.3333333333602724,0.4999999999909024
C3,0.3,0.3,2,2,0.5,0.4,2.868423461914062,0.4999948220049499,0.3333333333572252,0.4999999999908685
C3,0.3,0.3,2,2,0.5,0.4,2.87841796875,0.4999950246133246,0.3333333333544086,0.499999999990835
C3,0.3,0.3,2,2,0.5,0.4,2.888412475585938,0.4999952192981319,0.3333333333518059,0.4999999999908016
C3,0.3,0.3,2,2,0.5,0.4,2.898406982421875,0.4999954063690218,0.3333333333494,0.4999999999907684
C3,0.3,0.3,2,2,0.5,0.4,2.908401489257812,0.4999955861235543,0.3333333333471755,0.4999999999907358
C3,0.3,0.3,2,2,0.5,0.4,2.91839599609375,0.4999957588476717,0.3333333333451193,0.4999999999907033
C3,0.3,0.3,2,2,0.5,0.4,2.928390502929688,0.4999959248161521,0.333333333343218,0.4999999999906711
C3,0.3,0.3,2,2,0.5,0.4,2.938385009765625,0.4999960842930416,0.33333333334146,0.4999999999906389
C3,0.3,0.3,2,2,0.5,0.4,2.948379516601562,0.4999962375320801,0.333333333339834,0.4999999999906073
C3,0.3,0.3,2,2,0.5,0.4,2.9583740234375,0.499996384777097,0.3333333333383299,0.4999999999905755
C3,0.3,0.3,2,2,0.5,0.4,2.968368530273438,0.4999965262623953,0.3333333333369379,0.4999999999905441
C3,0.3,0.3,2,2,0.5,0.4,2.978363037109375,0.4999966622131309,0.3333333333356491,0.4999999999905115
C3,0.3,0.3,2,2,0.5,0.4,2.988357543945312,0.4999967928456654,0.3333333333344556,0.4999999999904789
C3,0.3,0.3,2,2,0.5,0.4,2.99835205078125,0.4999969183679097,0.3333333333333508,0.4999999999904464
C3,0.3,0.3,2,2,0.5,0.4,3.008346557617188,0.4999970389796509,0.3333333333323268,0.4999999999904136
C3,0.3,0.3,2,2,0.5,0.4,3.018341064453125,0.499997154872878,0.3333333333313775,0.4999999999903809
C3,0.3,0.3,2,2,0.5,0.4,3.028335571289062,0.4999972662320743,0.3333333333304982,0.4999999999903474
C3,0.3,0.3,2,2,0.5,0.4,3.038330078125,0.4999973732345154,0.3333333333296824,0.4999999999903141
C3,0.3,0.3,2,2,0.5,0.4,3.048324584960938,0.4999974760505561,0.3333333333289263,0.4999999999902809
C3,0.3,0.3,2,2,0.5,0.4,3.058319091796875,0.4999975748438907,0.3333333333282248,0.4999999999902471
C3,0.3,0.3,2,2,0.5,0.4,3.068313598632812,0.4999976697718191,0.3333333333275733,0.4999999999902137
C3,0.3,0.3,2,2,0.5,0.4,3.07830810546875,0.4999977609854969,0.3333333333269679,0.4999999999901794
C3,0.3,0.3,2,2,0.5,0.4,3.088302612304688,0.4999978486301727,0.333333333326405,0.4999999999901454
C3,0.3,0.3,2,2,0.5,0.4,3.098297119140625,0.4999979328454164,0.333333333325883,0.4999999999901117
C3,0.3,0.3,2,2,0.5,0.4,3.108291625976562,0.4999980137653443,0.3333333333253981,0.4999999999900784
C3,0.3,0.3,2,2,0.5,0.4,3.1182861328125,0.4999980915188344,0.3333333333249467,0.4999999999900451
C3,0.3,0.3,2,2,0.5,0.4,3.128280639648438,0.4999981662297304,0.3333333333245274,0.4999999999900125
C3,0.3,0.3,2,2,0.5,0.4,3.138275146484375,0.4999982380170293,0.3333333333241368,0.4999999999899793
C3,0.3,0.3,2,2,0.5,0.4,3.148269653320312,0.4999983069950802,0.3333333333237731,0.4999999999899464
C3,0.3,0.3,2,2,0.5,0.4,3.15826416015625,0.4999983732737607,0.3333333333234336,0.4999999999899137
C3,0.3,0.3,2,2,0.5,0.4,3.168258666992188,0.4999984369586584,0.3333333333231169,0.4999999999898804
C3,0.3,0.3,2,2,0.5,0.4,3.178253173828125,0.4999984981512284,0.333333333322821,0.4999999999898472
C3,0.3,0.3,2,2,0.5,0.4,3.188247680664062,0.4999985569489668,0.3333333333225449,0.4999999999898151
C3,0.3,0.3,2,2,0.5,0.4,3.1982421875,0.4999986134455495,0.3333333333222872,0.4999999999897822
C3,0.3,0.3,2,2,0.5,0.4,3.208236694335938,0.4999986677309957,0.3333333333220455,0.4999999999897501
C3,0.3,0.3,2,2,0.5,0.4,3.218231201171875,0.4999987198918043,0.3333333333218194,0.4999999999897169
C3,0.3,0.3,2,2,0.5,0.4,3.228225708007812,0.4999987700110912,0.3333333333216077,0.4999999999896854
C3,0.3,0.3,2,2,0.5,0.4,3.23822021484375,0.4999988181687277,0.3333333333214088,0.4999999999896526
C3,0.3,0.3,2,2,0.5,0.4,3.248214721679688,0.4999988644414536,0.3333333333212214,0.4999999999896201
C3,0.3,0.3,2,2,0.5,0.4,3.258209228515625,0.4999989089030176,0.3333333333210455,0.4999999999895876
C3,0.3,0.3,2,2,0.5,0.4,3.268203735351562,0.499998951624277,0.3333333333208804,0.4999999999895554
C3,0.3,0.3,2,2,0.5,0.4,3.2781982421875,0.499998992673323,0.3333333333207237,0.499999999989523
C3,0.3,0.3,2,2,0.5,0.4,3.288192749023438,0.4999990321155859,0.3333333333205764,0.4999999999894915
C3,0.3,0.3,2,2,0.5,0.4,3.298187255859375,0.4999990700139286,0.3333333333204374,0.4999999999894595
C3,0.3,0.3,2,2,0.5,0.4,3.308181762695312,0.499999106428767,0.3333333333203055,0.4999999999894272
C3,0.3,0.3,2,2,0.5,0.4,3.31817626953125,0.4999991414181478,0.3333333333201806,0.4999999999893951
C3,0.3,0.3,2,2,0.5,0.4,3.328170776367188,0.4999991750378487,0.3333333333200625,0.4999999999893631
C3,0.3,0.3,2,2,0.5,0.4,3.338165283203125,0.4999992073414642,0.3333333333199505,0.4999999999893321
C3,0.3,0.3,2,2,0.5,0.4,3.348159790039062,0.499999238380497,0.3333333333198439,0.4999999999893006
C3,0.3,0.3,2,2,0.5,0.4,3.358154296875,0.4999992682044337,0.3333333333197424,0.4999999999892688
C3,0.3,0.3,2,2,0.5,0.4,3.368148803710938,0.4999992968608211,0.3333333333196448,0.4999999999892375
C3,0.3,0.3,2,2,0.5,0.4,3.378143310546875,0.4999993243953518,0.3333333333195517,0.4999999999892058
C3,0.3,0.3,2,2,0.5,0.4,3.388137817382812,0.4999993508519291,0.3333333333194627,0.4999999999891742
C3,0.3,0.3,2,2,0.5,0.4,3.39813232421875,0.4999993762727379,0.333333333319377,0.4999999999891426
C3,0.3,0.3,2,2,0.5,0.4,3.408126831054688,0.4999994006983177,0.3333333333192947,0.4999999999891104
C3,0.3,0.3,2,2,0.5,0.4,3.418121337890625,0.4999994241676163,0.3333333333192156,0.4999999999890788
C3,0.3,0.3,2,2,0.5,0.4,3.428115844726562,0.4999994467180597,0.3333333333191386,0.4999999999890466
C3,0.3,0.3,2,2,0.5,0.4,3.4381103515625,0.4999994683856114,0.3333333333190642,0.4999999999890143
C3,0.3,0.3,2,2,0.5,0.4,3.448104858398438,0.4999994892048251,0.3333333333189921,0.4999999999889821
C3,0.3,0.3,2,2,0.5,0.4,3.458099365234375,0.4999995092089083,0.3333333333189222,0.4999999999889499
C3,0.3,0.3,2,2,0.5,0.4,3.468093872070312,0.4999995284297572,0.3333333333188548,0.4999999999889179
C3,0.3,0.3,2,2,0.5,0.4,3.47808837890625,0.4999995468980394,0.3333333333187884,0.4999999999888858
C3,0.3,0.3,2,2,0.5,0.4,3.488082885742188,0.4999995646432067,0.3333333333187246,0.4999999999888535
C3,0.3,0.3,2,2,0.5,0.4,3.498077392578125,0.4999995816935622,0.3333333333186621,0.499999999988821
C3,0.3,0.3,2,2,0.5,0.4,3.508071899414062,0.4999995980763061,0.3333333333186009,0.4999999999887887
C3,0.3,0.3,2,2,0.5,0.4,3.51806640625,0.4999996138175686,0.3333333333185413,0.4999999999887563
C3,0.3,0.3,2,2,0.5,0.4,3.528060913085938,0.4999996289424596,0.3333333333184826,0.4999999999887242
C3,0.3,0.3,2,2,0.5,0.4,3.538055419921875,0.4999996434751092,0.3333333333184254,0.4999999999886916
C3,0.3,0.3,2,2,0.5,0.4,3.548049926757812,0.4999996574387002,0.3333333333183692,0.4999999999886591
C3,0.3,0.3,2,2,0.5,0.4,3.55804443359375,0.4999996708555107,0.3333333333183134,0.4999999999886264
C3,0.3,0.3,2,2,0.5,0.4,3.568038940429688,0.4999996837469453,0.3333333333182591,0.4999999999885942
C3,0.3,0.3,2,2,0.5,0.4,3.578033447265625,0.4999996961335675,0.3333333333182054,0.4999999999885615
C3,0.3,0.3,2,2,0.5,0.4,3.588027954101562,0.4999997080351417,0.3333333333181527,0.4999999999885291
C3,0.3,0.3,2,2,0.5,0.4,3.5980224609375,0.4999997194706571,0.3333333333181009,0.499999999988497
C3,0.3,0.3,2,2,0.5,0.4,3.608016967773438,0.4999997304583617,0.3333333333180488,0.499999999988464
C3,0.3,0.3,2,2,0.5,0.4,3.618011474609375,0.4999997410157833,0.3333333333179981,0.4999999999884315
C3,0.3,0.3,2,2,0.5,0.4,3.628005981445312,0.4999997511597697,0.3333333333179482,0.4999999999883992
C3,0.3,0.3,2,2,0.5,0.4,3.63800048828125,0.4999997609065061,0.3333333333178983,0.4999999999883665
C3,0.3,0.3,2,2,0.5,0.4,3.647994995117188,0.4999997702715473,0.3333333333178491,0.4999999999883341
C3,0.3,0.3,2,2,0.5,0.4,3.657989501953125,0.499999779269837,0.3333333333178005,0.4999999999883014
C3,0.3,0.3,2,2,0.5,0.4,3.667984008789062,0.4999997879157317,0.3333333333177526,0.4999999999882697
C3,0.3,0.3,2,2,0.5,0.4,3.677978515625,0.4999997962230315,0.333333333317705,0.4999999999882374
C3,0.3,0.3,2,2,0.5,0.4,3.687973022460938,0.4999998042049951,0.3333333333176576,0.499999999988205
C3,0.3,0.3,2,2,0.5,0.4,3.697967529296875,0.4999998118743572,0.3333333333176106,0.4999999999881726
C3,0.3,0.3,2,2,0.5,0.4,3.707962036132812,0.4999998192433593,0.3333333333175639,0.4999999999881404
C3,0.3,0.3,2,2,0.5,0.4,3.71795654296875,0.4999998263237612,0.333333333317517,0.4999999999881081
C3,0.3,0.3,2,2,0.5,0.4,3.727951049804688,0.4999998331268627,0.3333333333174702,0.4999999999880749
C3,0.3,0.3,2,2,0.5,0.4,3.737945556640625,0.4999998396635201,0.3333333333174243,0.4999999999880428
C3,0.3,0.3,2,2,0.5,0.4,3.747940063476562,0.4999998459441721,0.3333333333173784,0.4999999999880104
C3,0.3,0.3,2,2,0.5,0.4,3.7579345703125,0.49999985197884,0.3333333333173328,0.4999999999879776
C3,0.3,0.3,2,2,0.5,0.4,3.767929077148438,0.4999998577771552,0.3333333333172869,0.4999999999879453
C3,0.3,0.3,2,2,0.5,0.4,3.777923583984375,0.499999863348374,0.3333333333172416,0.4999999999879125
C3,0.3,0.3,2,2,0.5,0.4,3.787918090820312,0.4999998687013875,0.3333333333171957,0.4999999999878797
C3,0.3,0.3,2,2,0.5,0.4,3.79791259765625,0.4999998738447414,0.3333333333171506,0.4999999999878475
C3,0.3,0.3,2,2,0.5,0.4,3.807907104492188,0.4999998787866457,0.3333333333171054,0.4999999999878146
C3,0.3,0.3,2,2,0.5,0.4,3.817901611328125,0.4999998835349881,0.3333333333170606,0.4999999999877819
C3,0.3,0.3,2,2,0.5,0.4,3.827896118164062,0.4999998880973499,0.3333333333170159,0.49999999998775
C3,0.3,0.3,2,2,0.5,0.4,3.837890625,0.4999998924810116,0.3333333333169712,0.4999999999877175
C3,0.3,0.3,2,2,0.5,0.4,3.847885131835938,0.4999998966929767,0.3333333333169263,0.4999999999876841
C3,0.3,0.3,2,2,0.5,0.4,3.857879638671875,0.4999999007399637,0.333333333316882,0.4999999999876519
C3,0.3,0.3,2,2,0.5,0.4,3.867874145507812,0.499999904628433,0.333333333316838,0.4999999999876193
C3,0.3,0.3,2,2,0.5,0.4,3.87786865234375,0.4999999083645961,0.3333333333167925,0.4999999999875863
C3,0.3,0.3,2,2,0.5,0.4,3.887863159179688,0.4999999119544161,0.3333333333167485,0.4999999999875537
C3,0.3,0.3,2,2,0.5,0.4,3.897857666015625,0.4999999154036235,0.3333333333167042,0.4999999999875212
C3,0.3,0.3,2,2,0.5,0.4,3.907852172851562,0.4999999187177246,0.3333333333166609,0.4999999999874897
C3,0.3,0.3,2,2,0.5,0.4,3.9178466796875,0.4999999219020144,0.3333333333166159,0.4999999999874558
C3,0.3,0.3,2,2,0.5,0.4,3.927841186523438,0.4999999249615729,0.3333333333165712,0.499999999987423
C3,0.3,0.3,2,2,0.5,0.4,3.937835693359375,0.4999999279012858,0.3333333333165275,0.4999999999873904
C3,0.3,0.3,2,2,0.5,0.4,3.947830200195312,0.4999999307258479,0.3333333333164833,0.4999999999873578
C3,0.3,0.3,2,2,0.5,0.4,3.95782470703125,0.499999933439767,0.3333333333164398,0.4999999999873257
C3,0.3,0.3,2,2,0.5,0.4,3.967819213867188,0.499999936047378,0.3333333333163959,0.4999999999872929
C3,0.3,0.3,2,2,0.5,0.4,3.977813720703125,0.4999999385528463,0.3333333333163504,0.4999999999872594
C3,0.3,0.3,2,2,0.5,0.4,3.987808227539062,0.4999999409601696,0.3333333333163057,0.4999999999872262
C3,0.3,0.3,2,2,0.5,0.4,3.997802734375,0.499999943273192,0.3333333333162618,0.4999999999871937
C3,0.3,0.3,2,2,0.5,0.4,4.007797241210938,0.49999994549561,0.3333333333162179,0.4999999999871605
C3,0.3,0.3,2,2,0.5,0.4,4.017791748046875,0.4999999476309663,0.3333333333161737,0.4999999999871277
C3,0.3,0.3,2,2,0.5,0.4,4.027786254882812,0.4999999496826757,0.3333333333161301,0.4999999999870954
C3,0.3,0.3,2,2,0.5,0.4,4.03778076171875,0.4999999516540131,0.3333333333160867,0.4999999999870627
C3,0.3,0.3,2,2,0.5,0.4,4.047775268554688,0.4999999535481284,0.3333333333160433,0.4999999999870308
C3,0.3,0.3,2,2,0.5,0.4,4.057769775390625,0.4999999553680446,0.333333333315999,0.4999999999869975
C3,0.3,0.3,2,2,0.5,0.4,4.067764282226562,0.4999999571166675,0.3333333333159548,0.4999999999869646
C3,0.3,0.3,2,2,0.5,0.4,4.0777587890625,0.499999958796788,0.3333333333159114,0.4999999999869322
C3,0.3,0.3,2,2,0.5,0.4,4.087753295898438,0.4999999604110905,0.3333333333158685,0.4999999999868999
C3,0.3,0.3,2,2,0.5,0.4,4.097747802734375,0.4999999619621554,0.333333333315825,0.4999999999868671
C3,0.3,0.3,2,2,0.5,0.4,4.107742309570312,0.4999999634524597,0.3333333333157807,0.4999999999868345
C3,0.3,0.3,2,2,0.5,0.4,4.11773681640625,0.4999999648843796,0.3333333333157367,0.4999999999868012
C3,0.3,0.3,2,2,0.5,0.4,4.127731323242188,0.4999999662602047,0.3333333333156926,0.4999999999867686
C3,0.3,0.3,2,2,0.5,0.4,4.137725830078125,0.4999999675821317,0.3333333333156493,0.4999999999867361
C3,0.3,0.3,2,2,0.5,0.4,4.147720336914062,0.499999968852269,0.3333333333156067,0.4999999999867042
C3,0.3,0.3,2,2,0.5,0.4,4.15771484375,0.4999999700726482,0.3333333333155637,0.4999999999866714
C3,0.3,0.3,2,2,0.5,0.4,4.167709350585938,0.4999999712452197,0.3333333333155203,0.4999999999866397
C3,0.3,0.3,2,2,0.5,0.4,4.177703857421875,0.4999999723718545,0.3333333333154772,0.4999999999866072
C3,0.3,0.3,2,2,0.5,0.4,4.187698364257812,0.4999999734543541,0.3333333333154334,0.4999999999865745
C3,0.3,0.3,2,2,0.5,0.4,4.19769287109375,0.4999999744944448,0.3333333333153892,0.4999999999865414
C3,0.3,0.3,2,2,0.5,0.4,4.207687377929688,0.4999999754937879,0.3333333333153448,0.4999999999865088
C3,0.3,0.3,2,2,0.5,0.4,4.217681884765625,0.4999999764539796,0.3333333333153008,0.4999999999864754
C3,0.3,0.3,2,2,0.5,0.4,4.227676391601562,0.4999999773765534,0.333333333315257,0.4999999999864425
C3,0.3,0.3,2,2,0.5,0.4,4.2376708984375,0.4999999782629836,0.3333333333152138,0.49999999998641
C3,0.3,0.3,2,2,0.5,0.4,4.247665405273438,0.4999999791146857,0.333333333315171,0.499999999986378
C3,0.3,0.3,2,2,0.5,0.4,4.257659912109375,0.4999999799330201,0.333333333315128,0.4999999999863456
C3,0.3,0.3,2,2,0.5,0.4,4.267654418945312,0.4999999807192936,0.3333333333150853,0.4999999999863139
C3,0.3,0.3,2,2,0.5,0.4,4.27764892578125,0.499999981474763,0.333333333315043,0.4999999999862817
C3,0.3,0.3,2,2,0.5,0.4,4.287643432617188,0.4999999822006341,0.3333333333150003,0.49999999998625
C3,0.3,0.3,2,2,0.5,0.4,4.297637939453125,0.4999999828980679,0.3333333333149572,0.4999999999862179
C3,0.3,0.3,2,2,0.5,0.4,4.307632446289062,0.4999999835681774,0.3333333333149144,0.4999999999861858
C3,0.3,0.3,2,2,0.5,0.4,4.317626953125,0.4999999842120342,0.3333333333148708,0.499999999986153
C3,0.3,0.3,2,2,0.5,0.4,4.327621459960938,0.4999999848306663,0.3333333333148275,0.4999999999861205
C3,0.3,0.3,2,2,0.5,0.4,4.337615966796875,0.499999985425061,0.3333333333147833,0.4999999999860878
C3,0.3,0.3,2,2,0.5,0.4,4.347610473632812,0.4999999859961679,0.3333333333147392,0.4999999999860545
C3,0.3,0.3,2,2,0.5,0.4,4.35760498046875,0.4999999865449006,0.3333333333146949,0.4999999999860214
C3,0.3,0.3,2,2,0.5,0.4,4.367599487304688,0.4999999870721333,0.33333333331465,0.4999999999859875
C3,0.3,0.3,2,2,0.5,0.4,4.377593994140625,0.4999999875787107,0.3333333333146056,0.4999999999859543
C3,0.3,0.3,2,2,0.5,0.4,4.387588500976562,0.4999999880654394,0.3333333333145609,0.4999999999859205
C3,0.3,0.3,2,2,0.5,0.4,4.3975830078125,0.4999999885330997,0.3333333333145162,0.4999999999858874
C3,0.3,0.3,2,2,0.5,0.4,4.407577514648438,0.4999999889824369,0.3333333333144716,0.4999999999858538
C3,0.3,0.3,2,2,0.5,0.4,4.417572021484375,0.4999999894141688,0.3333333333144269,0.4999999999858202
C3,0.3,0.3,2,2,0.5,0.4,4.427566528320312,0.4999999898289864,0.333333333314383,0.4999999999857869
C3,0.3,0.3,2,2,0.5,0.4,4.43756103515625,0.499999990227551,0.3333333333143377,0.4999999999857538
C3,0.3,0.3,2,2,0.5,0.4,4.447555541992188,0.4999999906104987,0.3333333333142934,0.4999999999857202
C3,0.3,0.3,2,2,0.5,0.4,4.457550048828125,0.4999999909784434,0.3333333333142497,0.4999999999856875
C3,0.3,0.3,2,2,0.5,0.4,4.467544555664062,0.4999999913319724,0.3333333333142061,0.499999999985655
C3,0.3,0.3,2,2,0.5,0.4,4.4775390625,0.4999999916716482,0.3333333333141626,0.4999999999856221
C3,0.3,0.3,2,2,0.5,0.4,4.487533569335938,0.4999999919980161,0.3333333333141189,0.4999999999855892
C3,0.3,0.3,2,2,0.5,0.4,4.497528076171875,0.4999999923115975,0.3333333333140756,0.4999999999855571
C3,0.3,0.3,2,2,0.5,0.4,4.507522583007812,0.4999999926128905,0.3333333333140325,0.4999999999855248
C3,0.3,0.3,2,2,0.5,0.4,4.51751708984375,0.4999999929023795,0.3333333333139898,0.4999999999854926
C3,0.3,0.3,2,2,0.5,0.4,4.527511596679688,0.499999993180524,0.3333333333139471,0.4999999999854604
C3,0.3,0.3,2,2,0.5,0.4,4.537506103515625,0.4999999934477712,0.3333333333139045,0.499999999985429
C3,0.3,0.3,2,2,0.5,0.4,4.547500610351562,0.4999999937045487,0.3333333333138622,0.4999999999853971
C3,0.3,0.3,2,2,0.5,0.4,4.5574951171875,0.4999999939512639,0.3333333333138196,0.4999999999853652
C3,0.3,0.3,2,2,0.5,0.4,4.567489624023438,0.499999994188312,0.3333333333137786,0.4999999999853338
C3,0.3,0.3,2,2,0.5,0.4,4.577484130859375,0.4999999944160727,0.3333333333137353,0.4999999999853018
C3,0.3,0.3,2,2,0.5,0.4,4.587478637695312,0.4999999946349099,0.3333333333136945,0.4999999999852713
C3,0.3,0.3,2,2,0.5,0.4,4.59747314453125,0.4999999948451711,0.3333333333136529,0.49999999998524
C3,0.3,0.3,2,2,0.5,0.4,4.607467651367188,0.4999999950471949,0.333333333313611,0.4999999999852081
C3,0.3,0.3,2,2,0.5,0.4,4.617462158203125,0.4999999952413024,0.3333333333135691,0.499999999985177
C3,0.3,0.3,2,2,0.5,0.4,4.627456665039062,0.499999995427804,0.3333333333135281,0.4999999999851463
C3,0.3,0.3,2,2,0.5,0.4,4.637451171875,0.4999999956069978,0.3333333333134868,0.4999999999851154
C3,0.3,0.3,2,2,0.5,0.4,4.647445678710938,0.4999999957791689,0.3333333333134456,0.4999999999850842
C3,0.3,0.3,2,2,0.5,0.4,4.657440185546875,0.499999995944598,0.3333333333134051,0.4999999999850544
C3,0.3,0.3,2,2,0.5,0.4,4.667434692382812,0.4999999961035432,0.3333333333133631,0.4999999999850228
C3,0.3,0.3,2,2,0.5,0.4,4.67742919921875,0.4999999962562598,0.3333333333133226,0.4999999999849921
C3,0.3,0.3,2,2,0.5,0.4,4.687423706054688,0.4999999964029925,0.3333333333132819,0.4999999999849614
C3,0.3,0.3,2,2,0.5,0.4,4.697418212890625,0.4999999965439769,0.3333333333132398,0.4999999999849299
C3,0.3,0.3,2,2,0.5,0.4,4.707412719726562,0.4999999966794372,0.3333333333132,0.4999999999849002
C3,0.3,0.3,2,2,0.5,0.4,4.7174072265625,0.4999999968095879,0.3333333333131589,0.4999999999848693
C3,0.3,0.3,2,2,0.5,0.4,4.727401733398438,0.4999999969346429,0.3333333333131157,0.4999999999848369
C3,0.3,0.3,2,2,0.5,0.4,4.737396240234375,0.499999997054794,0.3333333333130762,0.4999999999848073
C3,0.3,0.3,2,2,0.5,0.4,4.747390747070312,0.4999999971702378,0.3333333333130351,0.4999999999847763
C3,0.3,0.3,2,2,0.5,0.4,4.75738525390625,0.4999999972811596,0.3333333333129951,0.4999999999847465
C3,0.3,0.3,2,2,0.5,0.4,4.767379760742188,0.4999999973877369,0.3333333333129527,0.4999999999847148
C3,0.3,0.3,2,2,0.5,0.4,4.777374267578125,0.4999999974901334,0.3333333333129122,0.4999999999846842
C3,0.3,0.3,2,2,0.5,0.4,4.787368774414062,0.4999999975885193,0.333333333312871,0.4999999999846536
C3,0.3,0.3,2,2,0.5,0.4,4.79736328125,0.4999999976830518,0.333333333312831,0.4999999999846234
C3,0.3,0.3,2,2,0.5,0.4,4.807357788085938,0.4999999977738794,0.3333333333127886,0.499999999984592
C3,0.3,0.3,2,2,0.5,0.4,4.817352294921875,0.4999999978611457,0.3333333333127471,0.4999999999845606
C3,0.3,0.3,2,2,0.5,0.4,4.827346801757812,0.4999999979449959,0.3333333333127061,0.4999999999845294
C3,0.3,0.3,2,2,0.5,0.4,4.83734130859375,0.4999999980255574,0.333333333312668,0.4999999999845009
C3,0.3,0.3,2,2,0.5,0.4,4.847335815429688,0.4999999981029655,0.3333333333126292,0.4999999999844718
C3,0.3,0.3,2,2,0.5,0.4,4.857330322265625,0.4999999981773369,0.3333333333125882,0.4999999999844418
C3,0.3,0.3,2,2,0.5,0.4,4.867324829101562,0.4999999982487967,0.3333333333125495,0.4999999999844122
C3,0.3,0.3,2,2,0.5,0.4,4.8773193359375,0.4999999983174548,0.3333333333125046,0.4999999999843789
C3,0.3,0.3,2,2,0.5,0.4,4.887313842773438,0.4999999983834206,0.3333333333124672,0.4999999999843504
C3,0.3,0.3,2,2,0.5,0.4,4.897308349609375,0.4999999984468067,0.333333333312428,0.4999999999843211
C3,0.3,0.3,2,2,0.5,0.4,4.907302856445312,0.4999999985077064,0.3333333333123835,0.4999999999842877
C3,0.3,0.3,2,2,0.5,0.4,4.91729736328125,0.4999999985662207,0.3333333333123463,0.4999999999842598
C3,0.3,0.3,2,2,0.5,0.4,4.927291870117188,0.4999999986224373,0.3333333333123053,0.4999999999842287
C3,0.3,0.3,2,2,0.5,0.4,4.937286376953125,0.4999999986764577,0.333333333312263,0.4999999999841981
C3,0.3,0.3,2,2,0.5,0.4,4.947280883789062,0.4999999987283575,0.3333333333122234,0.4999999999841676
C3,0.3,0.3,2,2,0.5,0.4,4.957275390625,0.4999999987782318,0.3333333333121773,0.4999999999841338
C3,0.3,0.3,2,2,0.5,0.4,4.967269897460938,0.4999999988261386,0.3333333333121418,0.4999999999841063
C3,0.3,0.3,2,2,0.5,0.4,4.977264404296875,0.4999999988721823,0.3333333333120964,0.4999999999840726
C3,0.3,0.3,2,2,0.5,0.4,4.987258911132812,0.4999999989164021,0.3333333333120615,0.4999999999840459
C3,0.3,0.3,2,2,0.5,0.4,4.99725341796875,0.4999999989589066,0.3333333333120165,0.4999999999840125
C3,0.3,0.3,2,2,0.5,0.4,5.007247924804688,0.4999999989997346,0.3333333333119801,0.4999999999839848
C3,0.3,0.3,2,2,0.5,0.4,5.017242431640625,0.4999999990389702,0.3333333333119379,0.4999999999839529
C3,0.3,0.3,2,2,0.5,0.4,5.027236938476562,0.4999999990766676,0.3333333333118987,0.4999999999839239
C3,0.3,0.3,2,2,0.5,0.4,5.0372314453125,0.499999999112884,0.3333333333118586,0.4999999999838942
C3,0.3,0.3,2,2,0.5,0.4,5.047225952148438,0.4999999991476862,0.3333333333118138,0.4999999999838597
C3,0.3,0.3,2,2,0.5,0.4,5.057220458984375,0.4999999991811188,0.3333333333117791,0.4999999999838351
C3,0.3,0.3,2,2,0.5,0.4,5.067214965820312,0.4999999992132476,0.3333333333117394,0.4999999999838056
C3,0.3,0.3,2,2,0.5,0.4,5.07720947265625,0.4999999992441217,0.3333333333116926,0.4999999999837692
C3,0.3,0.3,2,2,0.5,0.4,5.087203979492188,0.499999999273769,0.3333333333116608,0.4999999999837466
C3,0.3,0.3,2,2,0.5,0.4,5.097198486328125,0.4999999993022585,0.3333333333116183,0.499999999983714
C3,0.3,0.3,2,2,0.5,0.4,5.107192993164062,0.4999999993296455,0.3333333333115771,0.4999999999836827
C3,0.3,0.3,2,2,0.5,0.4,5.1171875,0.4999999993559497,0.3333333333115443,0.4999999999836585
C3,0.3,0.3,2,2,0.5,0.4,5.127182006835938,0.4999999993812184,0.3333333333115022,0.4999999999836278
C3,0.3,0.3,2,2,0.5,0.4,5.137176513671875,0.4999999994055127,0.3333333333114674,0.4999999999836007
C3,0.3,0.3,2,2,0.5,0.4,5.147171020507812,0.4999999994288529,0.3333333333114133,0.49999999998356
C3,0.3,0.3,2,2,0.5,0.4,5.15716552734375,0.499999999451254,0.3333333333113814,0.4999999999835371
C3,0.3,0.3,2,2,0.5,0.4,5.167160034179688,0.4999999994728038,0.3333333333113445,0.4999999999835094
C3,0.3,0.3,2,2,0.5,0.4,5.177154541015625,0.4999999994934942,0.333333333311302,0.4999999999834766
C3,0.3,0.3,2,2,0.5,0.4,5.187149047851562,0.4999999995133911,0.3333333333112561,0.4999999999834418
C3,0.3,0.3,2,2,0.5,0.4,5.1971435546875,0.4999999995324861,0.3333333333112147,0.4999999999834108
C3,0.3,0.3,2,2,0.5,0.4,5.207138061523438,0.4999999995508493,0.333333333311192,0.4999999999833947
C3,0.3,0.3,2,2,0.5,0.4,5.217132568359375,0.4999999995684678,0.3333333333111452,0.4999999999833579
C3,0.3,0.3,2,2,0.5,0.4,5.227127075195312,0.4999999995854337,0.3333333333111091,0.4999999999833312
C3,0.3,0.3,2,2,0.5,0.4,5.23712158203125,0.4999999996017135,0.333333333311059,0.4999999999832944
C3,0.3,0.3,2,2,0.5,0.4,5.247116088867188,0.4999999996173665,0.3333333333110075,0.4999999999832556
C3,0.3,0.3,2,2,0.5,0.4,5.257110595703125,0.4999999996323926,0.333333333310983,0.4999999999832375
C3,0.3,0.3,2,2,0.5,0.4,5.267105102539062,0.499999999646825,0.333333333310945,0.4999999999832088
C3,0.3,0.3,2,2,0.5,0.4,5.277099609375,0.4999999996607,0.333333333310905,0.4999999999831782
C3,0.3,0.3,2,2,0.5,0.4,5.287094116210938,0.4999999996740496,0.3333333333108666,0.4999999999831498
C3,0.3,0.3,2,2,0.5,0.4,5.297088623046875,0.4999999996868297,0.3333333333108178,0.4999999999831133
C3,0.3,0.3,2,2,0.5,0.4,5.307083129882812,0.4999999996991708,0.3333333333107726,0.4999999999830795
C3,0.3,0.3,2,2,0.5,0.4,5.31707763671875,0.4999999997110027,0.3333333333107283,0.4999999999830468
C3,0.3,0.3,2,2,0.5,0.4,5.327072143554688,0.4999999997223422,0.3333333333106983,0.4999999999830238
C3,0.3,0.3,2,2,0.5,0.4,5.337066650390625,0.4999999997332494,0.3333333333106728,0.4999999999830063
C3,0.3,0.3,2,2,0.5,0.4,5.347061157226562,0.499999999743745,0.3333333333106331,0.4999999999829757
C3,0.3,0.3,2,2,0.5,0.4,5.3570556640625,0.4999999997538327,0.333333333310594,0.4999999999829444
C3,0.3,0.3,2,2,0.5,0.4,5.367050170898438,0.4999999997635097,0.3333333333105516,0.4999999999829128
C3,0.3,0.3,2,2,0.5,0.4,5.377044677734375,0.4999999997727916,0.3333333333105122,0.499999999982884
C3,0.3,0.3,2,2,0.5,0.4,5.387039184570312,0.4999999997817542,0.3333333333104734,0.499999999982855
C3,0.3,0.3,2,2,0.5,0.4,5.39703369140625,0.4999999997903689,0.3333333333104261,0.499999999982822
C3,0.3,0.3,2,2,0.5,0.4,5.407028198242188,0.4999999997986156,0.3333333333103763,0.4999999999827824
C3,0.3,0.3,2,2,0.5,0.4,5.417022705078125,0.4999999998065008,0.3333333333103313,0.4999999999827506
C3,0.3,0.3,2,2,0.5,0.4,5.427017211914062,0.4999999998141315,0.3333333333103085,0.4999999999827295
C3,0.3,0.3,2,2,0.5,0.4,5.43701171875,0.4999999998214643,0.3333333333102967,0.4999999999827227
C3,0.3,0.3,2,2,0.5,0.4,5.447006225585938,0.4999999998284954,0.3333333333102577,0.4999999999826942
C3,0.3,0.3,2,2,0.5,0.4,5.457000732421875,0.4999999998352324,0.3333333333102084,0.4999999999826562
C3,0.3,0.3,2,2,0.5,0.4,5.466995239257812,0.4999999998417201,0.333333333310169,0.4999999999826266
C3,0.3,0.3,2,2,0.5,0.4,5.47698974609375,0.4999999998479561,0.3333333333101226,0.499999999982594
C3,0.3,0.3,2,2,0.5,0.4,5.486984252929688,0.4999999998539598,0.3333333333100865,0.4999999999825668
C3,0.3,0.3,2,2,0.5,0.4,5.496978759765625,0.4999999998597269,0.3333333333100553,0.4999999999825415
C3,0.3,0.3,2,2,0.5,0.4,5.506973266601562,0.4999999998652482,0.3333333333100189,0.4999999999825142
C3,0.3,0.3,2,2,0.5,0.4,5.5169677734375,0.499999999870575,0.3333333333099786,0.4999999999824837
C3,0.3,0.3,2,2,0.5,0.4,5.526962280273438,0.4999999998756966,0.3333333333099454,0.499999999982459
C3,0.3,0.3,2,2,0.5,0.4,5.536956787109375,0.4999999998806193,0.3333333333098839,0.4999999999824129
C3,0.3,0.3,2,2,0.5,0.4,5.546951293945312,0.4999999998853227,0.333333333309829,0.4999999999823718
C3,0.3,0.3,2,2,0.5,0.4,5.55694580078125,0.4999999998898257,0.3333333333097727,0.4999999999823296
C3,0.3,0.3,2,2,0.5,0.4,5.566940307617188,0.4999999998941569,0.3333333333097288,0.4999999999822979
C3,0.3,0.3,2,2,0.5,0.4,5.576934814453125,0.4999999998983389,0.3333333333096909,0.4999999999822694
C3,0.3,0.3,2,2,0.5,0.4,5.586929321289062,0.4999999999024052,0.333333333309663,0.4999999999822469
C3,0.3,0.3,2,2,0.5,0.4,5.596923828125,0.4999999999062849,0.3333333333096434,0.4999999999822324
C3,0.3,0.3,2,2,0.5,0.4,5.606918334960938,0.4999999999099915,0.333333333309634,0.4999999999822266
C3,0.3,0.3,2,2,0.5,0.4,5.616912841796875,0.4999999999135499,0.333333333309611,0.4999999999822096
C3,0.3,0.3,2,2,0.5,0.4,5.626907348632812,0.4999999999169658,0.3333333333095742,0.4999999999821806
C3,0.3,0.3,2,2,0.5,0.4,5.63690185546875,0.4999999999202399,0.333333333309528,0.4999999999821454
C3,0.3,0.3,2,2,0.5,0.4,5.646896362304688,0.4999999999233755,0.3333333333094783,0.4999999999821091
C3,0.3,0.3,2,2,0.5,0.4,5.656890869140625,0.4999999999263677,0.3333333333094377,0.4999999999820799
C3,0.3,0.3,2,2,0.5,0.4,5.666885375976562,0.4999999999292496,0.3333333333093946,0.4999999999820445
C3,0.3,0.3,2,2,0.5,0.4,5.6768798828125,0.4999999999320741,0.3333333333093422,0.4999999999820087
C3,0.3,0.3,2,2,0.5,0.4,5.686874389648438,0.4999999999347696,0.3333333333092948,0.4999999999819709
C3,0.3,0.3,2,2,0.5,0.4,5.696868896484375,0.4999999999373746,0.333333333309258,0.4999999999819436
C3,0.3,0.3,2,2,0.5,0.4,5.706863403320312,0.4999999999399066,0.3333333333092228,0.4999999999819172
C3,0.3,0.3,2,2,0.5,0.4,5.71685791015625,0.4999999999423264,0.3333333333091897,0.4999999999818918
C3,0.3,0.3,2,2,0.5,0.4,5.726852416992188,0.4999999999446432,0.3333333333091564,0.4999999999818688
C3,0.3,0.3,2,2,0.5,0.4,5.736846923828125,0.499999999946866,0.3333333333091261,0.4999999999818446
C3,0.3,0.3,2,2,0.5,0.4,5.746841430664062,0.4999999999489929,0.3333333333090799,0.4999999999818099
C3,0.3,0.3,2,2,0.5,0.4,5.7568359375,0.4999999999510301,0.333333333309038,0.4999999999817786
C3,0.3,0.3,2,2,0.5,0.4,5.766830444335938,0.4999999999529759,0.3333333333090066,0.4999999999817564
C3,0.3,0.3,2,2,0.5,0.4,5.776824951171875,0.4999999999548325,0.3333333333089826,0.4999999999817373
C3,0.3,0.3,2,2,0.5,0.4,5.786819458007812,0.4999999999566214,0.3333333333089435,0.499999999981709
C3,0.3,0.3,2,2,0.5,0.4,5.79681396484375,0.4999999999583367,0.3333333333089008,0.4999999999816742
C3,0.3,0.3,2,2,0.5,0.4,5.806808471679688,0.499999999959978,0.3333333333088553,0.4999999999816416
C3,0.3,0.3,2,2,0.5,0.4,5.816802978515625,0.4999999999616072,0.3333333333088189,0.499999999981614
C3,0.3,0.3,2,2,0.5,0.4,5.826797485351562,0.4999999999631672,0.3333333333087896,0.4999999999815923
C3,0.3,0.3,2,2,0.5,0.4,5.8367919921875,0.4999999999646547,0.3333333333087679,0.4999999999815758
C3,0.3,0.3,2,2,0.5,0.4,5.846786499023438,0.4999999999660922,0.3333333333087282,0.4999999999815448
C3,0.3,0.3,2,2,0.5,0.4,5.856781005859375,0.4999999999674836,0.3333333333086702,0.4999999999815011
C3,0.3,0.3,2,2,0.5,0.4,5.866775512695312,0.4999999999688191,0.3333333333086141,0.4999999999814586
C3,0.3,0.3,2,2,0.5,0.4,5.87677001953125,0.4999999999700862,0.3333333333085723,0.4999999999814281
C3,0.3,0.3,2,2,0.5,0.4,5.886764526367188,0.4999999999713006,0.3333333333085158,0.4999999999813864
C3,0.3,0.3,2,2,0.5,0.4,5.896759033203125,0.499999999972469,0.3333333333084624,0.4999999999813462
C3,0.3,0.3,2,2,0.5,0.4,5.906753540039062,0.4999999999735988,0.3333333333084102,0.499999999981307
C3,0.3,0.3,2,2,0.5,0.4,5.916748046875,0.4999999999746627,0.3333333333083522,0.4999999999812629
C3,0.3,0.3,2,2,0.5,0.4,5.926742553710938,0.4999999999756971,0.3333333333082953,0.4999999999812209
C3,0.3,0.3,2,2,0.5,0.4,5.936737060546875,0.4999999999766878,0.333333333308235,0.4999999999811754
C3,0.3,0.3,2,2,0.5,0.4,5.946731567382812,0.4999999999776323,0.3333333333081746,0.4999999999811304
C3,0.3,0.3,2,2,0.5,0.4,5.95672607421875,0.4999999999785498,0.3333333333081157,0.4999999999810866
C3,0.3,0.3,2,2,0.5,0.4,5.966720581054688,0.4999999999794091,0.3333333333080603,0.4999999999810446
C3,0.3,0.3,2,2,0.5,0.4,5.976715087890625,0.4999999999802458,0.3333333333080113,0.4999999999810087
C3,0.3,0.3,2,2,0.5,0.4,5.986709594726562,0.4999999999810299,0.3333333333079644,0.4999999999809727
C3,0.3,0.3,2,2,0.5,0.4,5.9967041015625,0.4999999999817891,0.3333333333079226,0.499999999980942
C3,0.3,0.3,2,2,0.5,0.4,6.006698608398438,0.4999999999825194,0.3333333333078751,0.499999999980906
C3,0.3,0.3,2,2,0.5,0.4,6.016693115234375,0.499999999983216,0.3333333333078188,0.4999999999808665
C3,0.3,0.3,2,2,0.5,0.4,6.026687622070312,0.4999999999839105,0.3333333333077647,0.4999999999808253
C3,0.3,0.3,2,2,0.5,0.4,6.03668212890625,0.4999999999845355,0.3333333333077139,0.4999999999807853
C3,0.3,0.3,2,2,0.5,0.4,6.046676635742188,0.4999999999851538,0.3333333333076653,0.4999999999807476
C3,0.3,0.3,2,2,0.5,0.4,6.056671142578125,0.4999999999857619,0.3333333333076167,0.4999999999807133
C3,0.3,0.3,2,2,0.5,0.4,6.066665649414062,0.4999999999863047,0.3333333333075713,0.4999999999806778
C3,0.3,0.3,2,2,0.5,0.4,6.07666015625,0.4999999999868454,0.3333333333075278,0.4999999999806457
C3,0.3,0.3,2,2,0.5,0.4,6.086654663085938,0.4999999999873856,0.3333333333074868,0.4999999999806151
C3,0.3,0.3,2,2,0.5,0.4,6.096649169921875,0.4999999999878594,0.3333333333074446,0.499999999980584
C3,0.3,0.3,2,2,0.5,0.4,6.106643676757812,0.4999999999883238,0.3333333333074058,0.4999999999805551
C3,0.3,0.3,2,2,0.5,0.4,6.11663818359375,0.4999999999887877,0.3333333333073685,0.4999999999805272
C3,0.3,0.3,2,2,0.5,0.4,6.126632690429688,0.4999999999892402,0.333333333307333,0.4999999999804998
C3,0.3,0.3,2,2,0.5,0.4,6.136627197265625,0.4999999999896308,0.3333333333072965,0.4999999999804723
C3,0.3,0.3,2,2,0.5,0.4,6.146621704101562,0.4999999999900193,0.3333333333072639,0.4999999999804475
C3,0.3,0.3,2,2,0.5,0.4,6.1566162109375,0.4999999999904072,0.3333333333072321,0.4999999999804247
C3,0.3,0.3,2,2,0.5,0.4,6.166610717773438,0.4999999999907935,0.3333333333072017,0.499999999980401
C3,0.3,0.3,2,2,0.5,0.4,6.176605224609375,0.4999999999911349,0.3333333333071684,0.499999999980376
C3,0.3,0.3,2,2,0.5,0.4,6.186599731445312,0.4999999999914496,0.3333333333071347,0.4999999999803527
C3,0.3,0.3,2,2,0.5,0.4,6.19659423828125,0.4999999999917617,0.3333333333071045,0.4999999999803282
C3,0.3,0.3,2,2,0.5,0.4,6.206588745117188,0.4999999999920728,0.3333333333070759,0.4999999999803063
C3,0.3,0.3,2,2,0.5,0.4,6.216583251953125,0.4999999999923825,0.3333333333070495,0.4999999999802877
C3,0.3,0.3,2,2,0.5,0.4,6.226577758789062,0.4999999999926913,0.3333333333070245,0.4999999999802678
C3,0.3,0.3,2,2,0.5,0.4,6.236572265625,0.4999999999929315,0.3333333333069936,0.4999999999802464
C3,0.3,0.3,2,2,0.5,0.4,6.246566772460938,0.4999999999931699,0.3333333333069656,0.4999999999802237
C3,0.3,0.3,2,2,0.5,0.4,6.256561279296875,0.4999999999934069,0.3333333333069398,0.4999999999802059
C3,0.3,0.3,2,2,0.5,0.4,6.266555786132812,0.4999999999936421,0.3333333333069161,0.4999999999801871
C3,0.3,0.3,2,2,0.5,0.4,6.27655029296875,0.4999999999938766,0.3333333333068946,0.4999999999801696
C3,0.3,0.3,2,2,0.5,0.4,6.286544799804688,0.4999999999941098,0.3333333333068734,0.4999999999801544
C3,0.3,0.3,2,2,0.5,0.4,6.296539306640625,0.4999999999943424,0.3333333333068555,0.4999999999801401
C3,0.3,0.3,2,2,0.5,0.4,6.306533813476562,0.4999999999945416,0.3333333333068319,0.4999999999801238
C3,0.3,0.3,2,2,0.5,0.4,6.3165283203125,0.4999999999947063,0.3333333333068085,0.4999999999801064
C3,0.3,0.3,2,2,0.5,0.4,6.326522827148438,0.4999999999948694,0.3333333333067864,0.4999999999800899
C3,0.3,0.3,2,2,0.5,0.4,6.336517333984375,0.4999999999950316,0.3333333333067653,0.4999999999800742
C3,0.3,0.3,2,2,0.5,0.4,6.346511840820312,0.4999999999951932,0.3333333333067452,0.499999999980059
C3,0.3,0.3,2,2,0.5,0.4,6.35650634765625,0.4999999999953528,0.3333333333067263,0.4999999999800447
C3,0.3,0.3,2,2,0.5,0.4,6.366500854492188,0.4999999999955115,0.3333333333067108,0.4999999999800306
C3,0.3,0.3,2,2,0.5,0.4,6.376495361328125,0.4999999999956699,0.3333333333066927,0.4999999999800224
C3,0.3,0.3,2,2,0.5,0.4,6.386489868164062,0.4999999999958274,0.333333333306679,0.4999999999800094
C3,0.3,0.3,2,2,0.5,0.4,6.396484375,0.4999999999959844,0.3333333333066623,0.4999999999799969
C3,0.3,0.3,2,2,0.5,0.4,6.406478881835938,0.4999999999961408,0.3333333333066497,0.4999999999799906
C3,0.3,0.3,2,2,0.5,0.4,6.416473388671875,0.4999999999962809,0.3333333333066346,0.4999999999799779
C3,0.3,0.3,2,2,0.5,0.4,6.426467895507812,0.4999999999963671,0.3333333333066145,0.4999999999799635
C3,0.3,0.3,2,2,0.5,0.4,6.43646240234375,0.4999999999964524,0.3333333333065954,0.4999999999799494
C3,0.3,0.3,2,2,0.5,0.4,6.446456909179688,0.4999999999965374,0.3333333333065771,0.4999999999799357
C3,0.3,0.3,2,2,0.5,0.4,6.456451416015625,0.4999999999966224,0.3333333333065593,0.4999999999799222
C3,0.3,0.3,2,2,0.5,0.4,6.466445922851562,0.4999999999967069,0.3333333333065452,0.499999999979909
C3,0.3,0.3,2,2,0.5,0.4,6.4764404296875,0.4999999999967908,0.3333333333065281,0.4999999999798961
C3,0.3,0.3,2,2,0.5,0.4,6.486434936523438,0.4999999999968746,0.3333333333065115,0.4999999999798836
C3,0.3,0.3,2,2,0.5,0.4,6.496429443359375,0.499999999996958,0.3333333333064987,0.4999999999798719
C3,0.3,0.3,2,2,0.5,0.4,6.506423950195312,0.4999999999970412,0.3333333333064838,0.4999999999798651
C3,0.3,0.3,2,2,0.5,0.4,6.51641845703125,0.4999999999971239,0.3333333333064713,0.4999999999798534
C3,0.3,0.3,2,2,0.5,0.4,6.526412963867188,0.4999999999972064,0.3333333333064597,0.4999999999798425
C3,0.3,0.3,2,2,0.5,0.4,6.536407470703125,0.4999999999972884,0.3333333333064484,0.4999999999798364
C3,0.3,0.3,2,2,0.5,0.4,6.546401977539062,0.4999999999973704,0.3333333333064373,0.4999999999798255
C3,0.3,0.3,2,2,0.5,0.4,6.556396484375,0.499999999997452,0.3333333333064233,0.4999999999798203
C3,0.3,0.3,2,2,0.5,0.4,6.566390991210938,0.4999999999975331,0.3333333333064128,0.4999999999798097
C3,0.3,0.3,2,2,0.5,0.4,6.576385498046875,0.4999999999976143,0.3333333333064027,0.4999999999798048
C3,0.3,0.3,2,2,0.5,0.4,6.586380004882812,0.499999999997695,0.3333333333063919,0.499999999979794
C3,0.3,0.3,2,2,0.5,0.4,6.59637451171875,0.499999999997776,0.3333333333063804,0.4999999999797882
C3,0.3,0.3,2,2,0.5,0.4,6.606369018554688,0.4999999999978557,0.3333333333063719,0.4999999999797762
C3,0.3,0.3,2,2,0.5,0.4,6.616363525390625,0.4999999999979349,0.3333333333063592,0.4999999999797692
C3,0.3,0.3,2,2,0.5,0.4,6.626358032226562,0.499999999998014,0.3333333333063457,0.4999999999797629
C3,0.3,0.3,2,2,0.5,0.4,6.6363525390625,0.4999999999980919,0.3333333333063362,0.4999999999797491
C3,0.3,0.3,2,2,0.5,0.4,6.646347045898438,0.4999999999981167,0.3333333333063223,0.4999999999797416
C3,0.3,0.3,2,2,0.5,0.4,6.656341552734375,0.4999999999981165,0.333333333306312,0.4999999999797339
C3,0.3,0.3,2,2,0.5,0.4,6.666336059570312,0.4999999999981164,0.3333333333062994,0.4999999999797247
C3,0.3,0.3,2,2,0.5,0.4,6.67633056640625,0.4999999999981164,0.3333333333062865,0.4999999999797148
C3,0.3,0.3,2,2,0.5,0.4,6.686325073242188,0.4999999999981164,0.3333333333062738,0.4999999999797052
C3,0.3,0.3,2,2,0.5,0.4,6.696319580078125,0.4999999999981164,0.3333333333062611,0.4999999999796957
C3,0.3,0.3,2,2,0.5,0.4,6.706314086914062,0.4999999999981164,0.3333333333062484,0.4999999999796862
C3,0.3,0.3,2,2,0.5,0.4,6.71630859375,0.4999999999981164,0.3333333333062357,0.4999999999796768
C3,0.3,0.3,2,2,0.5,0.4,6.726303100585938,0.4999999999981161,0.3333333333062232,0.4999999999796674
C3,0.3,0.3,2,2,0.5,0.4,6.736297607421875,0.4999999999981161,0.333333333306211,0.4999999999796582
C3,0.3,0.3,2,2,0.5,0.4,6.746292114257812,0.4999999999981153,0.3333333333061988,0.4999999999796491
C3,0.3,0.3,2,2,0.5,0.4,6.75628662109375,0.4999999999981533,0.3333333333061869,0.4999999999796402
C3,0.3,0.3,2,2,0.5,0.4,6.766281127929688,0.4999999999982468,0.333333333306175,0.4999999999796313
C3,0.3,0.3,2,2,0.5,0.4,6.776275634765625,0.4999999999983396,0.3333333333061634,0.4999999999796227
C3,0.3,0.3,2,2,0.5,0.4,6.786270141601562,0.4999999999984331,0.3333333333061518,0.4999999999796139
C3,0.3,0.3,2,2,0.5,0.4,6.7962646484375,0.4999999999985267,0.3333333333061401,0.499999999979605
C3,0.3,0.3,2,2,0.5,0.4,6.806259155273438,0.499999999998619,0.3333333333061286,0.4999999999795964
C3,0.3,0.3,2,2,0.5,0.4,6.816253662109375,0.4999999999987108,0.3333333333061175,0.4999999999795882
C3,0.3,0.3,2,2,0.5,0.4,6.826248168945312,0.4999999999988012,0.333333333306106,0.4999999999795798
C3,0.3,0.3,2,2,0.5,0.4,6.83624267578125,0.4999999999988925,0.3333333333060954,0.4999999999795716
C3,0.3,0.3,2,2,0.5,0.4,6.846237182617188,0.4999999999989844,0.3333333333060873,0.4999999999795656
C3,0.3,0.3,2,2,0.5,0.4,6.856231689453125,0.4999999999990762,0.3333333333060819,0.4999999999795616
C3,0.3,0.3,2,2,0.5,0.4,6.866226196289062,0.4999999999991675,0.3333333333060799,0.49999999997956
C3,0.3,0.3,2,2,0.5,0.4,6.876220703125,0.4999999999992605,0.3333333333060789,0.4999999999795592
C3,0.3,0.3,2,2,0.5,0.4,6.886215209960938,0.499999999999354,0.3333333333060779,0.4999999999795586
C3,0.3,0.3,2,2,0.5,0.4,6.896209716796875,0.4999999999994474,0.3333333333060769,0.4999999999795577
C3,0.3,0.3,2,2,0.5,0.4,6.906204223632812,0.499999999999541,0.333333333306076,0.499999999979557
C3,0.3,0.3,2,2,0.5,0.4,6.91619873046875,0.4999999999996343,0.333333333306075,0.4999999999795562
C3,0.3,0.3,2,2,0.5,0.4,6.926193237304688,0.499999999999728,0.333333333306074,0.4999999999795556
C3,0.3,0.3,2,2,0.5,0.4,6.936187744140625,0.4999999999998212,0.3333333333060731,0.4999999999795548
C3,0.3,0.3,2,2,0.5,0.4,6.946182250976562,0.4999999999999147,0.3333333333060721,0.4999999999795541
C3,0.3,0.3,2,2,0.5,0.4,6.9561767578125,0.5000000000000082,0.3333333333060712,0.4999999999795535
C3,0.3,0.3,2,2,0.5,0.4,6.966171264648438,0.5000000000001018,0.3333333333060703,0.4999999999795528
C3,0.3,0.3,2,2,0.5,0.4,6.976165771484375,0.5000000000001953,0.3333333333060694,0.4999999999795521
C3,0.3,0.3,2,2,0.5,0.4,6.986160278320312,0.5000000000002067,0.3333333333060686,0.4999999999795516
C3,0.3,0.3,2,2,0.5,0.4,6.99615478515625,0.5000000000002067,0.333333333306068,0.499999999979551
C3,0.3,0.3,2,2,0.5,0.4,7.006149291992188,0.5000000000002067,0.3333333333060672,0.4999999999795505
C3,0.3,0.3,2,2,0.5,0.4,7.016143798828125,0.5000000000002067,0.3333333333060664,0.4999999999795499
C3,0.3,0.3,2,2,0.5,0.4,7.026138305664062,0.5000000000002067,0.3333333333060656,0.4999999999795492
C3,0.3,0.3,2,2,0.5,0.4,7.0361328125,0.5000000000002067,0.333333333306065,0.4999999999795488
C3,0.3,0.3,2,2,0.5,0.4,7.046127319335938,0.5000000000002067,0.3333333333060644,0.4999999999795484
C3,0.3,0.3,2,2,0.5,0.4,7.056121826171875,0.5000000000002067,0.333333333306064,0.499999999979548
C3,0.3,0.3,2,2,0.5,0.4,7.066116333007812,0.5000000000002067,0.3333333333060636,0.4999999999795477
C3,0.3,0.3,2,2,0.5,0.4,7.07611083984375,0.5000000000002067,0.3333333333060634,0.4999999999795476
C3,0.3,0.3,2,2,0.5,0.4,7.086105346679688,0.5000000000002067,0.3333333333060632,0.4999999999795474
C3,0.3,0.3,2,2,0.5,0.4,7.096099853515625,0.5000000000002067,0.3333333333060631,0.4999999999795474
C3,0.3,0.3,2,2,0.5,0.4,7.106094360351562,0.5000000000002067,0.3333333333060631,0.4999999999795474
C3,0.3,0.3,2,2,0.5,0.4,7.1160888671875,0.5000000000002067,0.3333333333060631,0.4999999999795474
C3,0.3,0.3,2,2,0.5,0.4,7.126083374023438,0.5000000000002067,0.3333333333060631,0.4999999999795474
C3,0.3,0.3,2,2,0.5,0.4,7.136077880859375,0.5000000000002067,0.3333333333060631,0.4999999999795474
C3,0.3,0.3,2,2,0.5,0.4,7.146072387695312,0.5000000000002067,0.3333333333060631,0.4999999999795474
C3,0.3,0.3,2,2,0.5,0.4,7.15606689453125,0.5000000000002067,0.3333333333060631,0.4999999999795474
C3,0.3,0.3,2,2,0.5,0.4,7.166061401367188,0.5000000000002067,0.3333333333060631,0.4999999999795474
C3,0.3,0.3,2,2,0.5,0.4,7.176055908203125,0.5000000000002067,0.3333333333060631,0.4999999999795474
C3,0.3,0.3,2,2,0.5,0.4,7.186050415039062,0.5000000000002067,0.3333333333060631,0.4999999999795474
C3,0.3,0.3,2,2,0.5,0.4,7.196044921875,0.5000000000002067,0.3333333333060631,0.4999999999795474
C3,0.3,0.3,2,2,0.5,0.4,7.206039428710938,0.5000000000002067,0.3333333333060631,0.4999999999795474
C3,0.3,0.3,2,2,0.5,0.4,7.216033935546875,0.5000000000002067,0.3333333333060631,0.4999999999795474
C3,0.3,0.3,2,2,0.5,0.4,7.226028442382812,0.5000000000002067,0.3333333333060631,0.4999999999795474
C3,0.3,0.3,2,2,0.5,0.4,7.23602294921875,0.5000000000002067,0.3333333333060631,0.4999999999795474
C3,0.3,0.3,2,2,0.5,0.4,7.246017456054688,0.5000000000002067,0.3333333333060631,0.4999999999795474
C3,0.3,0.3,2,2,0.5,0.4,7.256011962890625,0.5000000000002067,0.3333333333060631,0.4999999999795474
C3,0.3,0.3,2,2,0.5,0.4,7.266006469726562,0.5000000000002067,0.3333333333060631,0.4999999999795474
C3,0.3,0.3,2,2,0.5,0.4,7.2760009765625,0.5000000000002067,0.3333333333060631,0.4999999999795474
C3,0.3,0.3,2,2,0.5,0.4,7.285995483398438,0.5000000000002067,0.3333333333060631,0.4999999999795474
C3,0.3,0.3,2,2,0.5,0.4,7.295989990234375,0.5000000000002067,0.3333333333060631,0.4999999999795474
C3,0.3,0.3,2,2,0.5,0.4,7.305984497070312,0.5000000000002067,0.3333333333060631,0.4999999999795474
C3,0.3,0.3,2,2,0.5,0.4,7.31597900390625,0.5000000000002067,0.3333333333060631,0.4999999999795474
C3,0.3,0.3,2,2,0.5,0.4,7.325973510742188,0.5000000000002067,0.3333333333060631,0.4999999999795474
C3,0.3,0.3,2,2,0.5,0.4,7.335968017578125,0.5000000000002067,0.3333333333060631,0.4999999999795474
C3,0.3,0.3,2,2,0.5,0.4,7.345962524414062,0.5000000000002067,0.3333333333060631,0.4999999999795474
C3,0.3,0.3,2,2,0.5,0.4,7.35595703125,0.5000000000002067,0.3333333333060631,0.4999999999795474
C3,0.3,0.3,2,2,0.5,0.4,7.365951538085938,0.5000000000002067,0.3333333333060631,0.4999999999795474
C3,0.3,0.3,2,2,0.5,0.4,7.375946044921875,0.5000000000002067,0.3333333333060631,0.4999999999795474
C3,0.3,0.3,2,2,0.5,0.4,7.385940551757812,0.5000000000002067,0.3333333333060631,0.4999999999795474
C3,0.3,0.3,2,2,0.5,0.4,7.39593505859375,0.5000000000002067,0.3333333333060631,0.4999999999795474
C3,0.3,0.3,2,2,0.5,0.4,7.405929565429688,0.5000000000002067,0.3333333333060631,0.4999999999795474
C3,0.3,0.3,2,2,0.5,0.4,7.415924072265625,0.5000000000002067,0.3333333333060631,0.4999999999795474
C3,0.3,0.3,2,2,0.5,0.4,7.425918579101562,0.5000000000002067,0.3333333333060631,0.4999999999795474
C3,0.3,0.3,2,2,0.5,0.4,7.4359130859375,0.5000000000002067,0.3333333333060631,0.4999999999795474
C3,0.3,0.3,2,2,0.5,0.4,7.445907592773438,0.5000000000002067,0.3333333333060631,0.4999999999795474
C3,0.3,0.3,2,2,0.5,0.4,7.455902099609375,0.5000000000002067,0.3333333333060631,0.4999999999795474
C3,0.3,0.3,2,2,0.5,0.4,7.465896606445312,0.5000000000002067,0.3333333333060631,0.4999999999795474
C3,0.3,0.3,2,2,0.5,0.4,7.47589111328125,0.5000000000002067,0.3333333333060631,0.4999999999795474
C3,0.3,0.3,2,2,0.5,0.4,7.485885620117188,0.5000000000002067,0.3333333333060631,0.4999999999795474
C3,0.3,0.3,2,2,0.5,0.4,7.495880126953125,0.5000000000002067,0.3333333333060631,0.4999999999795474
C3,0.3,0.3,2,2,0.5,0.4,7.505874633789062,0.5000000000002067,0.3333333333060631,0.4999999999795474
C3,0.3,0.3,2,2,0.5,0.4,7.515869140625,0.5000000000002067,0.3333333333060631,0.4999999999795474
C3,0.3,0.3,2,2,0.5,0.4,7.525863647460938,0.5000000000002067,0.3333333333060631,0.4999999999795474
C3,0.3,0.3,2,2,0.5,0.4,7.535858154296875,0.5000000000002067,0.3333333333060631,0.4999999999795474
C3,0.3,0.3,2,2,0.5,0.4,7.545852661132812,0.5000000000002067,0.3333333333060631,0.4999999999795474
C3,0.3,0.3,2,2,0.5,0.4,7.55584716796875,0.5000000000002067,0.3333333333060631,0.4999999999795474
C3,0.3,0.3,2,2,0.5,0.4,7.565841674804688,0.5000000000002067,0.3333333333060631,0.4999999999795474
C3,0.3,0.3,2,2,0.5,0.4,7.575836181640625,0.5000000000002067,0.3333333333060631,0.4999999999795474
C3,0.3,0.3,2,2,0.5,0.4,7.585830688476562,0.5000000000002067,0.3333333333060631,0.4999999999795474
C3,0.3,0.3,2,2,0.5,0.4,7.5958251953125,0.5000000000002067,0.3333333333060631,0.4999999999795474
C3,0.3,0.3,2,2,0.5,0.4,7.605819702148438,0.5000000000002067,0.3333333333060631,0.4999999999795474
C3,0.3,0.3,2,2,0.5,0.4,7.615814208984375,0.5000000000002067,0.3333333333060631,0.4999999999795474
C3,0.3,0.3,2,2,0.5,0.4,7.625808715820312,0.5000000000002067,0.3333333333060631,0.4999999999795474
C3,0.3,0.3,2,2,0.5,0.4,7.63580322265625,0.5000000000002067,0.3333333333060631,0.4999999999795474
C3,0.3,0.3,2,2,0.5,0.4,7.645797729492188,0.5000000000002067,0.3333333333060631,0.4999999999795474
C3,0.3,0.3,2,2,0.5,0.4,7.655792236328125,0.5000000000002067,0.3333333333060631,0.4999999999795474
C3,0.3,0.3,2,2,0.5,0.4,7.665786743164062,0.5000000000002067,0.3333333333060631,0.4999999999795474
C3,0.3,0.3,2,2,0.5,0.4,7.67578125,0.5000000000002067,0.3333333333060631,0.4999999999795474
C3,0.3,0.3,2,2,0.5,0.4,7.685775756835938,0.5000000000002067,0.3333333333060631,0.4999999999795474
C3,0.3,0.3,2,2,0.5,0.4,7.695770263671875,0.5000000000002067,0.3333333333060631,0.4999999999795474
C3,0.3,0.3,2,2,0.5,0.4,7.705764770507812,0.5000000000002067,0.3333333333060631,0.4999999999795474
C3,0.3,0.3,2,2,0.5,0.4,7.71575927734375,0.5000000000002067,0.3333333333060631,0.4999999999795474
C3,0.3,0.3,2,2,0.5,0.4,7.725753784179688,0.5000000000002067,0.3333333333060631,0.4999999999795474
C3,0.3,0.3,2,2,0.5,0.4,7.735748291015625,0.5000000000002067,0.3333333333060631,0.4999999999795474
C3,0.3,0.3,2,2,0.5,0.4,7.745742797851562,0.5000000000002067,0.3333333333060631,0.4999999999795474
C3,0.3,0.3,2,2,0.5,0.4,7.7557373046875,0.5000000000002067,0.3333333333060631,0.4999999999795474
C3,0.3,0.3,2,2,0.5,0.4,7.765731811523438,0.5000000000002067,0.3333333333060631,0.4999999999795474
C3,0.3,0.3,2,2,0.5,0.4,7.775726318359375,0.5000000000002067,0.3333333333060631,0.4999999999795474
C3,0.3,0.3,2,2,0.5,0.4,7.785720825195312,0.5000000000002067,0.3333333333060631,0.4999999999795474
C3,0.3,0.3,2,2,0.5,0.4,7.79571533203125,0.5000000000002067,0.3333333333060631,0.4999999999795474
C3,0.3,0.3,2,2,0.5,0.4,7.805709838867188,0.5000000000002067,0.3333333333060631,0.4999999999795474
C3,0.3,0.3,2,2,0.5,0.4,7.815704345703125,0.5000000000002067,0.3333333333060631,0.4999999999795474
C3,0.3,0.3,2,2,0.5,0.4,7.825698852539062,0.5000000000002067,0.3333333333060631,0.4999999999795474
C3,0.3,0.3,2,2,0.5,0.4,7.835693359375,0.5000000000002067,0.3333333333060631,0.4999999999795474
C3,0.3,0.3,2,2,0.5,0.4,7.845687866210938,0.5000000000002067,0.3333333333060631,0.4999999999795474
C3,0.3,0.3,2,2,0.5,0.4,7.855682373046875,0.5000000000002067,0.3333333333060631,0.4999999999795474
C3,0.3,0.3,2,2,0.5,0.4,7.865676879882812,0.5000000000002067,0.3333333333060631,0.4999999999795474
C3,0.3,0.3,2,2,0.5,0.4,7.87567138671875,0.5000000000002067,0.3333333333060631,0.4999999999795474
C3,0.3,0.3,2,2,0.5,0.4,7.885665893554688,0.5000000000002067,0.3333333333060631,0.4999999999795474
C3,0.3,0.3,2,2,0.5,0.4,7.895660400390625,0.5000000000002067,0.3333333333060631,0.4999999999795474
C3,0.3,0.3,2,2,0.5,0.4,7.905654907226562,0.5000000000002067,0.3333333333060631,0.4999999999795474
C3,0.3,0.3,2,2,0.5,0.4,7.9156494140625,0.5000000000002067,0.3333333333060631,0.4999999999795474
C3,0.3,0.3,2,2,0.5,0.4,7.925643920898438,0.5000000000002067,0.3333333333060631,0.4999999999795474
C3,0.3,0.3,2,2,0.5,0.4,7.935638427734375,0.5000000000002067,0.3333333333060631,0.4999999999795474
C3,0.3,0.3,2,2,0.5,0.4,7.945632934570312,0.5000000000002067,0.3333333333060631,0.4999999999795474
C3,0.3,0.3,2,2,0.5,0.4,7.95562744140625,0.5000000000002067,0.3333333333060631,0.4999999999795474
C3,0.3,0.3,2,2,0.5,0.4,7.965621948242188,0.5000000000002067,0.3333333333060631,0.4999999999795474
C3,0.3,0.3,2,2,0.5,0.4,7.975616455078125,0.5000000000002067,0.3333333333060631,0.4999999999795474
C3,0.3,0.3,2,2,0.5,0.4,7.985610961914062,0.5000000000002067,0.3333333333060631,0.4999999999795474
C3,0.3,0.3,2,2,0.5,0.4,7.99560546875,0.5000000000002067,0.3333333333060631,0.4999999999795474
C3,0.3,0.3,2,2,0.5,0.4,8.005599975585938,0.5000000000002067,0.3333333333060631,0.4999999999795474
C3,0.3,0.3,2,2,0.5,0.4,8.015594482421875,0.5000000000002067,0.3333333333060631,0.4999999999795474
C3,0.3,0.3,2,2,0.5,0.4,8.025588989257812,0.5000000000002067,0.3333333333060631,0.4999999999795474
C3,0.3,0.3,2,2,0.5,0.4,8.03558349609375,0.5000000000002067,0.3333333333060631,0.4999999999795474
C3,0.3,0.3,2,2,0.5,0.4,8.045578002929688,0.5000000000002067,0.3333333333060631,0.4999999999795474
C3,0.3,0.3,2,2,0.5,0.4,8.055572509765625,0.5000000000002067,0.3333333333060631,0.4999999999795474
C3,0.3,0.3,2,2,0.5,0.4,8.065567016601562,0.5000000000002067,0.3333333333060631,0.4999999999795474
C3,0.3,0.3,2,2,0.5,0.4,8.0755615234375,0.5000000000002067,0.3333333333060631,0.4999999999795474
C3,0.3,0.3,2,2,0.5,0.4,8.085556030273438,0.5000000000002067,0.3333333333060631,0.4999999999795474
C3,0.3,0.3,2,2,0.5,0.4,8.095550537109375,0.5000000000002067,0.3333333333060631,0.4999999999795474
C3,0.3,0.3,2,2,0.5,0.4,8.105545043945312,0.5000000000002067,0.3333333333060631,0.4999999999795474
C3,0.3,0.3,2,2,0.5,0.4,8.11553955078125,0.5000000000002067,0.3333333333060631,0.4999999999795474
C3,0.3,0.3,2,2,0.5,0.4,8.125534057617188,0.5000000000002067,0.3333333333060631,0.4999999999795474
C3,0.3,0.3,2,2,0.5,0.4,8.135528564453125,0.5000000000002067,0.3333333333060631,0.4999999999795474
C3,0.3,0.3,2,2,0.5,0.4,8.145523071289062,0.5000000000002067,0.3333333333060631,0.4999999999795474
C3,0.3,0.3,2,2,0.5,0.4,8.155517578125,0.5000000000002067,0.3333333333060631,0.4999999999795474
C3,0.3,0.3,2,2,0.5,0.4,8.165512084960938,0.5000000000002067,0.3333333333060631,0.4999999999795474
C3,0.3,0.3,2,2,0.5,0.4,8.175506591796875,0.5000000000002067,0.3333333333060631,0.4999999999795474
C3,0.3,0.3,2,2,0.5,0.4,8.185501098632812,0.5000000000002067,0.3333333333060631,0.4999999999795474
C3,0.3,0.3,2,2,0.5,0.4,8.19549560546875,0.5000000000002067,0.3333333333060631,0.4999999999795474
C3,0.3,0.3,2,2,0.5,0.4,8.205490112304688,0.5000000000002067,0.3333333333060631,0.4999999999795474
C3,0.3,0.3,2,2,0.5,0.4,8.215484619140625,0.5000000000002067,0.3333333333060631,0.4999999999795474
C3,0.3,0.3,2,2,0.5,0.4,8.225479125976562,0.5000000000002067,0.3333333333060631,0.4999999999795474
C3,0.3,0.3,2,2,0.5,0.4,8.2354736328125,0.5000000000002067,0.3333333333060631,0.4999999999795474
C3,0.3,0.3,2,2,0.5,0.4,8.245468139648438,0.5000000000002067,0.3333333333060631,0.4999999999795474
C3,0.3,0.3,2,2,0.5,0.4,8.255462646484375,0.5000000000002067,0.3333333333060631,0.4999999999795474
C3,0.3,0.3,2,2,0.5,0.4,8.265457153320312,0.5000000000002067,0.3333333333060631,0.4999999999795474
C3,0.3,0.3,2,2,0.5,0.4,8.27545166015625,0.5000000000002067,0.3333333333060631,0.4999999999795474
C3,0.3,0.3,2,2,0.5,0.4,8.285446166992188,0.5000000000002067,0.3333333333060631,0.4999999999795474
C3,0.3,0.3,2,2,0.5,0.4,8.295440673828125,0.5000000000002067,0.3333333333060631,0.4999999999795474
C3,0.3,0.3,2,2,0.5,0.4,8.305435180664062,0.5000000000002067,0.3333333333060631,0.4999999999795474
C3,0.3,0.3,2,2,0.5,0.4,8.3154296875,0.5000000000002067,0.3333333333060631,0.4999999999795474
C3,0.3,0.3,2,2,0.5,0.4,8.325424194335938,0.5000000000002067,0.3333333333060631,0.4999999999795474
C3,0.3,0.3,2,2,0.5,0.4,8.335418701171875,0.5000000000002067,0.3333333333060631,0.4999999999795474
C3,0.3,0.3,2,2,0.5,0.4,8.345413208007812,0.5000000000002067,0.3333333333060631,0.4999999999795474
C3,0.3,0.3,2,2,0.5,0.4,8.35540771484375,0.5000000000002067,0.3333333333060631,0.4999999999795474
C3,0.3,0.3,2,2,0.5,0.4,8.365402221679688,0.5000000000002067,0.3333333333060631,0.4999999999795474
C3,0.3,0.3,2,2,0.5,0.4,8.375396728515625,0.5000000000002067,0.3333333333060631,0.4999999999795474
C3,0.3,0.3,2,2,0.5,0.4,8.385391235351562,0.5000000000002067,0.3333333333060631,0.4999999999795474
C3,0.3,0.3,2,2,0.5,0.4,8.3953857421875,0.5000000000002067,0.3333333333060631,0.4999999999795474
C3,0.3,0.3,2,2,0.5,0.4,8.405380249023438,0.5000000000002067,0.3333333333060631,0.4999999999795474
C3,0.3,0.3,2,2,0.5,0.4,8.415374755859375,0.5000000000002067,0.3333333333060631,0.4999999999795474
C3,0.3,0.3,2,2,0.5,0.4,8.425369262695312,0.5000000000002067,0.3333333333060631,0.4999999999795474
C3,0.3,0.3,2,2,0.5,0.4,8.43536376953125,0.5000000000002067,0.3333333333060631,0.4999999999795474
C3,0.3,0.3,2,2,0.5,0.4,8.445358276367188,0.5000000000002067,0.3333333333060631,0.4999999999795474
C3,0.3,0.3,2,2,0.5,0.4,8.455352783203125,0.5000000000002067,0.3333333333060631,0.4999999999795474
C3,0.3,0.3,2,2,0.5,0.4,8.465347290039062,0.5000000000002067,0.3333333333060631,0.4999999999795474
C3,0.3,0.3,2,2,0.5,0.4,8.475341796875,0.5000000000002067,0.3333333333060631,0.4999999999795474
C3,0.3,0.3,2,2,0.5,0.4,8.485336303710938,0.5000000000002067,0.3333333333060631,0.4999999999795474
C3,0.3,0.3,2,2,0.5,0.4,8.495330810546875,0.5000000000002067,0.3333333333060631,0.4999999999795474
C3,0.3,0.3,2,2,0.5,0.4,8.505325317382812,0.5000000000002067,0.3333333333060631,0.4999999999795474
C3,0.3,0.3,2,2,0.5,0.4,8.51531982421875,0.5000000000002067,0.3333333333060631,0.4999999999795474
C3,0.3,0.3,2,2,0.5,0.4,8.525314331054688,0.5000000000002067,0.3333333333060631,0.4999999999795474
C3,0.3,0.3,2,2,0.5,0.4,8.535308837890625,0.5000000000002067,0.3333333333060631,0.4999999999795474
C3,0.3,0.3,2,2,0.5,0.4,8.545303344726562,0.5000000000002067,0.3333333333060631,0.4999999999795474
C3,0.3,0.3,2,2,0.5,0.4,8.5552978515625,0.5000000000002067,0.3333333333060631,0.4999999999795474
C3,0.3,0.3,2,2,0.5,0.4,8.565292358398438,0.5000000000002067,0.3333333333060631,0.4999999999795474
C3,0.3,0.3,2,2,0.5,0.4,8.575286865234375,0.5000000000002067,0.3333333333060631,0.4999999999795474
C3,0.3,0.3,2,2,0.5,0.4,8.585281372070312,0.5000000000002067,0.3333333333060631,0.4999999999795474
C3,0.3,0.3,2,2,0.5,0.4,8.59527587890625,0.5000000000002067,0.3333333333060631,0.4999999999795474
C3,0.3,0.3,2,2,0.5,0.4,8.605270385742188,0.5000000000002067,0.3333333333060631,0.4999999999795474
C3,0.3,0.3,2,2,0.5,0.4,8.615264892578125,0.5000000000002067,0.3333333333060631,0.4999999999795474
C3,0.3,0.3,2,2,0.5,0.4,8.625259399414062,0.5000000000002067,0.3333333333060631,0.4999999999795474
C3,0.3,0.3,2,2,0.5,0.4,8.63525390625,0.5000000000002067,0.3333333333060631,0.4999999999795474
C3,0.3,0.3,2,2,0.5,0.4,8.645248413085938,0.5000000000002067,0.3333333333060631,0.4999999999795474
C3,0.3,0.3,2,2,0.5,0.4,8.655242919921875,0.5000000000002067,0.3333333333060631,0.4999999999795474
C3,0.3,0.3,2,2,0.5,0.4,8.665237426757812,0.5000000000002067,0.3333333333060631,0.4999999999795474
C3,0.3,0.3,2,2,0.5,0.4,8.67523193359375,0.5000000000002067,0.3333333333060631,0.4999999999795474
C3,0.3,0.3,2,2,0.5,0.4,8.685226440429688,0.5000000000002067,0.3333333333060631,0.4999999999795474
C3,0.3,0.3,2,2,0.5,0.4,8.695220947265625,0.5000000000002067,0.3333333333060631,0.4999999999795474
C3,0.3,0.3,2,2,0.5,0.4,8.705215454101562,0.5000000000002067,0.3333333333060631,0.4999999999795474
C3,0.3,0.3,2,2,0.5,0.4,8.7152099609375,0.5000000000002067,0.3333333333060631,0.4999999999795474
C3,0.3,0.3,2,2,0.5,0.4,8.725204467773438,0.5000000000002067,0.3333333333060631,0.4999999999795474
C3,0.3,0.3,2,2,0.5,0.4,8.735198974609375,0.5000000000002067,0.3333333333060631,0.4999999999795474
C3,0.3,0.3,2,2,0.5,0.4,8.745193481445312,0.5000000000002067,0.3333333333060631,0.4999999999795474
C3,0.3,0.3,2,2,0.5,0.4,8.75518798828125,0.5000000000002067,0.3333333333060631,0.4999999999795474
C3,0.3,0.3,2,2,0.5,0.4,8.765182495117188,0.5000000000002067,0.3333333333060631,0.4999999999795474
C3,0.3,0.3,2,2,0.5,0.4,8.775177001953125,0.5000000000002067,0.3333333333060631,0.4999999999795474
C3,0.3,0.3,2,2,0.5,0.4,8.785171508789062,0.5000000000002067,0.3333333333060631,0.4999999999795474
C3,0.3,0.3,2,2,0.5,0.4,8.795166015625,0.5000000000002067,0.3333333333060631,0.4999999999795474
C3,0.3,0.3,2,2,0.5,0.4,8.805160522460938,0.5000000000002067,0.3333333333060631,0.4999999999795474
C3,0.3,0.3,2,2,0.5,0.4,8.815155029296875,0.5000000000002067,0.3333333333060631,0.4999999999795474
C3,0.3,0.3,2,2,0.5,0.4,8.825149536132812,0.5000000000002067,0.3333333333060631,0.4999999999795474
C3,0.3,0.3,2,2,0.5,0.4,8.83514404296875,0.5000000000002067,0.3333333333060631,0.4999999999795474
C3,0.3,0.3,2,2,0.5,0.4,8.845138549804688,0.5000000000002067,0.3333333333060631,0.4999999999795474
C3,0.3,0.3,2,2,0.5,0.4,8.855133056640625,0.5000000000002067,0.3333333333060631,0.4999999999795474
C3,0.3,0.3,2,2,0.5,0.4,8.865127563476562,0.5000000000002067,0.3333333333060631,0.4999999999795474
C3,0.3,0.3,2,2,0.5,0.4,8.8751220703125,0.5000000000002067,0.3333333333060631,0.4999999999795474
C3,0.3,0.3,2,2,0.5,0.4,8.885116577148438,0.5000000000002067,0.3333333333060631,0.4999999999795474
C3,0.3,0.3,2,2,0.5,0.4,8.895111083984375,0.5000000000002067,0.3333333333060631,0.4999999999795474
C3,0.3,0.3,2,2,0.5,0.4,8.905105590820312,0.5000000000002067,0.3333333333060631,0.4999999999795474
C3,0.3,0.3,2,2,0.5,0.4,8.91510009765625,0.5000000000002067,0.3333333333060631,0.4999999999795474
C3,0.3,0.3,2,2,0.5,0.4,8.925094604492188,0.5000000000002067,0.3333333333060631,0.4999999999795474
C3,0.3,0.3,2,2,0.5,0.4,8.935089111328125,0.5000000000002067,0.3333333333060631,0.4999999999795474
C3,0.3,0.3,2,2,0.5,0.4,8.945083618164062,0.5000000000002067,0.3333333333060631,0.4999999999795474
C3,0.3,0.3,2,2,0.5,0.4,8.955078125,0.5000000000002067,0.3333333333060631,0.4999999999795474
C3,0.3,0.3,2,2,0.5,0.4,8.965072631835938,0.5000000000002067,0.3333333333060631,0.4999999999795474
C3,0.3,0.3,2,2,0.5,0.4,8.975067138671875,0.5000000000002067,0.3333333333060631,0.4999999999795474
C3,0.3,0.3,2,2,0.5,0.4,8.985061645507812,0.5000000000002067,0.3333333333060631,0.4999999999795474
C3,0.3,0.3,2,2,0.5,0.4,8.99505615234375,0.5000000000002067,0.3333333333060631,0.4999999999795474
C3,0.3,0.3,2,2,0.5,0.4,9.005050659179688,0.5000000000002067,0.3333333333060631,0.4999999999795474
C3,0.3,0.3,2,2,0.5,0.4,9.015045166015625,0.5000000000002067,0.3333333333060631,0.4999999999795474
C3,0.3,0.3,2,2,0.5,0.4,9.025039672851562,0.5000000000002067,0.3333333333060631,0.4999999999795474
C3,0.3,0.3,2,2,0.5,0.4,9.0350341796875,0.5000000000002067,0.3333333333060631,0.4999999999795474
C3,0.3,0.3,2,2,0.5,0.4,9.045028686523438,0.5000000000002067,0.3333333333060631,0.4999999999795474
C3,0.3,0.3,2,2,0.5,0.4,9.055023193359375,0.5000000000002067,0.3333333333060631,0.4999999999795474
C3,0.3,0.3,2,2,0.5,0.4,9.065017700195312,0.5000000000002067,0.3333333333060631,0.4999999999795474
C3,0.3,0.3,2,2,0.5,0.4,9.07501220703125,0.5000000000002067,0.3333333333060631,0.4999999999795474
C3,0.3,0.3,2,2,0.5,0.4,9.085006713867188,0.5000000000002067,0.3333333333060631,0.4999999999795474
C3,0.3,0.3,2,2,0.5,0.4,9.095001220703125,0.5000000000002067,0.3333333333060631,0.4999999999795474
C3,0.3,0.3,2,2,0.5,0.4,9.104995727539062,0.5000000000002067,0.3333333333060631,0.4999999999795474
C3,0.3,0.3,2,2,0.5,0.4,9.114990234375,0.5000000000002067,0.3333333333060631,0.4999999999795474
C3,0.3,0.3,2,2,0.5,0.4,9.124984741210938,0.5000000000002067,0.3333333333060631,0.4999999999795474
C3,0.3,0.3,2,2,0.5,0.4,9.134979248046875,0.5000000000002067,0.3333333333060631,0.4999999999795474
C3,0.3,0.3,2,2,0.5,0.4,9.144973754882812,0.5000000000002067,0.3333333333060631,0.4999999999795474
C3,0.3,0.3,2,2,0.5,0.4,9.15496826171875,0.5000000000002067,0.3333333333060631,0.4999999999795474
C3,0.3,0.3,2,2,0.5,0.4,9.164962768554688,0.5000000000002067,0.3333333333060631,0.4999999999795474
C3,0.3,0.3,2,2,0.5,0.4,9.174957275390625,0.5000000000002067,0.3333333333060631,0.4999999999795474
C3,0.3,0.3,2,2,0.5,0.4,9.184951782226562,0.5000000000002067,0.3333333333060631,0.4999999999795474
C3,0.3,0.3,2,2,0.5,0.4,9.1949462890625,0.5000000000002067,0.3333333333060631,0.4999999999795474
C3,0.3,0.3,2,2,0.5,0.4,9.204940795898438,0.5000000000002067,0.3333333333060631,0.4999999999795474
C3,0.3,0.3,2,2,0.5,0.4,9.214935302734375,0.5000000000002067,0.3333333333060631,0.4999999999795474
C3,0.3,0.3,2,2,0.5,0.4,9.224929809570312,0.5000000000002067,0.3333333333060631,0.4999999999795474
C3,0.3,0.3,2,2,0.5,0.4,9.23492431640625,0.5000000000002067,0.3333333333060631,0.4999999999795474
C3,0.3,0.3,2,2,0.5,0.4,9.244918823242188,0.5000000000002067,0.3333333333060631,0.4999999999795474
C3,0.3,0.3,2,2,0.5,0.4,9.254913330078125,0.5000000000002067,0.3333333333060631,0.4999999999795474
C3,0.3,0.3,2,2,0.5,0.4,9.264907836914062,0.5000000000002067,0.3333333333060631,0.4999999999795474
C3,0.3,0.3,2,2,0.5,0.4,9.27490234375,0.5000000000002067,0.3333333333060631,0.4999999999795474
C3,0.3,0.3,2,2,0.5,0.4,9.284896850585938,0.5000000000002067,0.3333333333060631,0.4999999999795474
C3,0.3,0.3,2,2,0.5,0.4,9.294891357421875,0.5000000000002067,0.3333333333060631,0.4999999999795474
C3,0.3,0.3,2,2,0.5,0.4,9.304885864257812,0.5000000000002067,0.3333333333060631,0.4999999999795474
C3,0.3,0.3,2,2,0.5,0.4,9.31488037109375,0.5000000000002067,0.3333333333060631,0.4999999999795474
C3,0.3,0.3,2,2,0.5,0.4,9.324874877929688,0.5000000000002067,0.3333333333060631,0.4999999999795474
C3,0.3,0.3,2,2,0.5,0.4,9.334869384765625,0.5000000000002067,0.3333333333060631,0.4999999999795474
C3,0.3,0.3,2,2,0.5,0.4,9.344863891601562,0.5000000000002067,0.3333333333060631,0.4999999999795474
C3,0.3,0.3,2,2,0.5,0.4,9.3548583984375,0.5000000000002067,0.3333333333060631,0.4999999999795474
C3,0.3,0.3,2,2,0.5,0.4,9.364852905273438,0.5000000000002067,0.3333333333060631,0.4999999999795474
C3,0.3,0.3,2,2,0.5,0.4,9.374847412109375,0.5000000000002067,0.3333333333060631,0.4999999999795474
C3,0.3,0.3,2,2,0.5,0.4,9.384841918945312,0.5000000000002067,0.3333333333060631,0.4999999999795474
C3,0.3,0.3,2,2,0.5,0.4,9.39483642578125,0.5000000000002067,0.3333333333060631,0.4999999999795474
C3,0.3,0.3,2,2,0.5,0.4,9.404830932617188,0.5000000000002067,0.3333333333060631,0.4999999999795474
C3,0.3,0.3,2,2,0.5,0.4,9.414825439453125,0.5000000000002067,0.3333333333060631,0.4999999999795474
C3,0.3,0.3,2,2,0.5,0.4,9.424819946289062,0.5000000000002067,0.3333333333060631,0.4999999999795474
C3,0.3,0.3,2,2,0.5,0.4,9.434814453125,0.5000000000002067,0.3333333333060631,0.4999999999795474
C3,0.3,0.3,2,2,0.5,0.4,9.444808959960938,0.5000000000002067,0.3333333333060631,0.4999999999795474
C3,0.3,0.3,2,2,0.5,0.4,9.454803466796875,0.5000000000002067,0.3333333333060631,0.4999999999795474
C3,0.3,0.3,2,2,0.5,0.4,9.464797973632812,0.5000000000002067,0.3333333333060631,0.4999999999795474
C3,0.3,0.3,2,2,0.5,0.4,9.47479248046875,0.5000000000002067,0.3333333333060631,0.4999999999795474
C3,0.3,0.3,2,2,0.5,0.4,9.484786987304688,0.5000000000002067,0.3333333333060631,0.4999999999795474
C3,0.3,0.3,2,2,0.5,0.4,9.494781494140625,0.5000000000002067,0.3333333333060631,0.4999999999795474
C3,0.3,0.3,2,2,0.5,0.4,9.504776000976562,0.5000000000002067,0.3333333333060631,0.4999999999795474
C3,0.3,0.3,2,2,0.5,0.4,9.5147705078125,0.5000000000002067,0.3333333333060631,0.4999999999795474
C3,0.3,0.3,2,2,0.5,0.4,9.524765014648438,0.5000000000002067,0.3333333333060631,0.4999999999795474
C3,0.3,0.3,2,2,0.5,0.4,9.534759521484375,0.5000000000002067,0.3333333333060631,0.4999999999795474
C3,0.3,0.3,2,2,0.5,0.4,9.544754028320312,0.5000000000002067,0.3333333333060631,0.4999999999795474
C3,0.3,0.3,2,2,0.5,0.4,9.55474853515625,0.5000000000002067,0.3333333333060631,0.4999999999795474
C3,0.3,0.3,2,2,0.5,0.4,9.564743041992188,0.5000000000002067,0.3333333333060631,0.4999999999795474
C3,0.3,0.3,2,2,0.5,0.4,9.574737548828125,0.5000000000002067,0.3333333333060631,0.4999999999795474
C3,0.3,0.3,2,2,0.5,0.4,9.584732055664062,0.5000000000002067,0.3333333333060631,0.4999999999795474
C3,0.3,0.3,2,2,0.5,0.4,9.5947265625,0.5000000000002067,0.3333333333060631,0.4999999999795474
C3,0.3,0.3,2,2,0.5,0.4,9.604721069335938,0.5000000000002067,0.3333333333060631,0.4999999999795474
C3,0.3,0.3,2,2,0.5,0.4,9.614715576171875,0.5000000000002067,0.3333333333060631,0.4999999999795474
C3,0.3,0.3,2,2,0.5,0.4,9.624710083007812,0.5000000000002067,0.3333333333060631,0.4999999999795474
C3,0.3,0.3,2,2,0.5,0.4,9.63470458984375,0.5000000000002067,0.3333333333060631,0.4999999999795474
C3,0.3,0.3,2,2,0.5,0.4,9.644699096679688,0.5000000000002067,0.3333333333060631,0.4999999999795474
C3,0.3,0.3,2,2,0.5,0.4,9.654693603515625,0.5000000000002067,0.3333333333060631,0.4999999999795474
C3,0.3,0.3,2,2,0.5,0.4,9.664688110351562,0.5000000000002067,0.3333333333060631,0.4999999999795474
C3,0.3,0.3,2,2,0.5,0.4,9.6746826171875,0.5000000000002067,0.3333333333060631,0.4999999999795474
C3,0.3,0.3,2,2,0.5,0.4,9.684677124023438,0.5000000000002067,0.3333333333060631,0.4999999999795474
C3,0.3,0.3,2,2,0.5,0.4,9.694671630859375,0.5000000000002067,0.3333333333060631,0.4999999999795474
C3,0.3,0.3,2,2,0.5,0.4,9.704666137695312,0.5000000000002067,0.3333333333060631,0.4999999999795474
C3,0.3,0.3,2,2,0.5,0.4,9.71466064453125,0.5000000000002067,0.3333333333060631,0.4999999999795474
C3,0.3,0.3,2,2,0.5,0.4,9.724655151367188,0.5000000000002067,0.3333333333060631,0.4999999999795474
C3,0.3,0.3,2,2,0.5,0.4,9.734649658203125,0.5000000000002067,0.3333333333060631,0.4999999999795474
C3,0.3,0.3,2,2,0.5,0.4,9.744644165039062,0.5000000000002067,0.3333333333060631,0.4999999999795474
C3,0.3,0.3,2,2,0.5,0.4,9.754638671875,0.5000000000002067,0.3333333333060631,0.4999999999795474
C3,0.3,0.3,2,2,0.5,0.4,9.764633178710938,0.5000000000002067,0.3333333333060631,0.4999999999795474
C3,0.3,0.3,2,2,0.5,0.4,9.774627685546875,0.5000000000002067,0.3333333333060631,0.4999999999795474
C3,0.3,0.3,2,2,0.5,0.4,9.784622192382812,0.5000000000002067,0.3333333333060631,0.4999999999795474
C3,0.3,0.3,2,2,0.5,0.4,9.79461669921875,0.5000000000002067,0.3333333333060631,0.4999999999795474
C3,0.3,0.3,2,2,0.5,0.4,9.804611206054688,0.5000000000002067,0.3333333333060631,0.4999999999795474
C3,0.3,0.3,2,2,0.5,0.4,9.814605712890625,0.5000000000002067,0.3333333333060631,0.4999999999795474
C3,0.3,0.3,2,2,0.5,0.4,9.824600219726562,0.5000000000002067,0.3333333333060631,0.4999999999795474
C3,0.3,0.3,2,2,0.5,0.4,9.8345947265625,0.5000000000002067,0.3333333333060631,0.4999999999795474
C3,0.3,0.3,2,2,0.5,0.4,9.844589233398438,0.5000000000002067,0.3333333333060631,0.4999999999795474
C3,0.3,0.3,2,2,0.5,0.4,9.854583740234375,0.5000000000002067,0.3333333333060631,0.4999999999795474
C3,0.3,0.3,2,2,0.5,0.4,9.864578247070312,0.5000000000002067,0.3333333333060631,0.4999999999795474
C3,0.3,0.3,2,2,0.5,0.4,9.87457275390625,0.5000000000002067,0.3333333333060631,0.4999999999795474
C3,0.3,0.3,2,2,0.5,0.4,9.884567260742188,0.5000000000002067,0.3333333333060631,0.4999999999795474
C3,0.3,0.3,2,2,0.5,0.4,9.894561767578125,0.5000000000002067,0.3333333333060631,0.4999999999795474
C3,0.3,0.3,2,2,0.5,0.4,9.904556274414062,0.5000000000002067,0.3333333333060631,0.4999999999795474
C3,0.3,0.3,2,2,0.5,0.4,9.91455078125,0.5000000000002067,0.3333333333060631,0.4999999999795474
C3,0.3,0.3,2,2,0.5,0.4,9.924545288085938,0.5000000000002067,0.3333333333060631,0.4999999999795474
C3,0.3,0.3,2,2,0.5,0.4,9.934539794921875,0.5000000000002067,0.3333333333060631,0.4999999999795474
C3,0.3,0.3,2,2,0.5,0.4,9.944534301757812,0.5000000000002067,0.3333333333060631,0.4999999999795474
C3,0.3,0.3,2,2,0.5,0.4,9.95452880859375,0.5000000000002067,0.3333333333060631,0.4999999999795474
C3,0.3,0.3,2,2,0.5,0.4,9.964523315429688,0.5000000000002067,0.3333333333060631,0.4999999999795474
C3,0.3,0.3,2,2,0.5,0.4,9.974517822265625,0.5000000000002067,0.3333333333060631,0.4999999999795474
C3,0.3,0.3,2,2,0.5,0.4,9.984512329101562,0.5000000000002067,0.3333333333060631,0.4999999999795474
C3,0.3,0.3,2,2,0.5,0.4,9.9945068359375,0.5000000000002067,0.3333333333060631,0.4999999999795474
C3,0.3,0.3,2,2,0.5,0.4,10,0.5000000000002067,0.3333333333060631,0.4999999999795474
C4,0.4,0.2,2,1,0.6666666666666666,0.4,0,0,1,0.5000000000000001
C4,0.4,0.2,2,1,0.6666666666666666,0.4,0.0099945068359375,0.02080993721062797,0.8386743040357474,0.4999999999999094
C4,0.4,0.2,2,1,0.6666666666666666,0.4,0.019989013671875,0.04298994467971643,0.7316743162982174,0.499999999999819
C4,0.4,0.2,2,1,0.6666666666666666,0.4,0.0299835205078125,0.06608182597034143,0.6589710892167558,0.4999999999997301
C4,0.4,0.2,2,1,0.6666666666666666,0.4,0.03997802734375,0.08960210633385098,0.6079122482955017,0.4999999999996418
C4,0.4,0.2,2,1,0.6666666666666666,0.4,0.0499725341796875,0.1130880579845045,0.5705329086126861,0.4999999999995536
C4,0.4,0.2,2,1,0.6666666666666666,0.4,0.059967041015625,0.1361353424553491,0.5418390807401409,0.4999999999994657
C4,0.4,0.2,2,1,0.6666666666666666,0.4,0.0699615478515625,0.1584219370294499,0.5187137475324133,0.4999999999993787
C4,0.4,0.2,2,1,0.6666666666666666,0.4,0.0799560546875,0.1797172186158454,0.499221189939749,0.499999999999292
C4,0.4,0.2,2,1,0.6666666666666666,0.4,0.0899505615234375,0.1998785164104873,0.4821656886239766,0.4999999999992065
C4,0.4,0.2,2,1,0.6666666666666666,0.4,0.099945068359375,0.2188392469427894,0.466812444879145,0.4999999999991209
C4,0.4,0.2,2,1,0.6666666666666666,0.4,0.1099395751953125,0.2365929432313083,0.4527117511791353,0.4999999999990359
C4,0.4,0.2,2,1,0.6666666666666666,0.4,0.11993408203125,0.2531766501885845,0.4395887238008161,0.4999999999989507
C4,0.4,0.2,2,1,0.6666666666666666,0.4,0.1299285888671875,0.2686559344565496,0.4272745470803557,0.4999999999988656
C4,0.4,0.2,2,1,0.6666666666666666,0.4,0.139923095703125,0.2831126158778998,0.4156639089516584,0.499999999998781
C4,0.4,0.2,2,1,0.6666666666666666,0.4,0.1499176025390625,0.2966354888324062,0.4046888898157224,0.4999999999986968
C4,0.4,0.2,2,1,0.6666666666666666,0.4,0.159912109375,0.3093137965333972,0.3943031315225154,0.4999999999986126
C4,0.4,0.2,2,1,0.6666666666666666,0.4,0.1699066162109375,0.3212329857056191,0.3844723857902181,0.4999999999985283
C4,0.4,0.2,2,1,0.6666666666666666,0.4,0.179901123046875,0.3324722121076175,0.3751689872351479,0.4999999999984456
C4,0.4,0.2,2,1,0.6666666666666666,0.4,0.1898956298828125,0.3431031093108411,0.3663687138167521,0.4999999999983622
C4,0.4,0.2,2,1,0.6666666666666666,0.4,0.19989013671875,0.3531894175909722,0.358049078145421,0.4999999999982798
C4,0.4,0.2,2,1,0.6666666666666666,0.4,0.2098846435546875,0.3627871627953672,0.3501884591548176,0.4999999999981972
C4,0.4,0.2,2,1,0.6666666666666666,0.4,0.219879150390625,0.3719451593883262,0.3427657133552349,0.499999999998115
C4,0.4,0.2,2,1,0.6666666666666666,0.4,0.2298736572265625,0.3807056808745594,0.3357600482151279,0.4999999999980326
C4,0.4,0.2,2,1,0.6666666666666666,0.4,0.2398681640625,0.3891051936151836,0.3291510290013371,0.4999999999979511
C4,0.4,0.2,2,1,0.6666666666666666,0.4,0.2498626708984375,0.3971750885488138,0.3229186448920822,0.4999999999978684
C4,0.4,0.2,2,1,0.6666666666666666,0.4,0.259857177734375,0.4049423722960724,0.3170433932051531,0.4999999999977871
C4,0.4,0.2,2,1,0.6666666666666666,0.4,0.2698516845703125,0.4124302973406733,0.3115063602794717,0.4999999999977059
C4,0.4,0.2,2,1,0.6666666666666666,0.4,0.27984619140625,0.4196589228340487,0.3062892890286334,0.4999999999976243
C4,0.4,0.2,2,1,0.6666666666666666,0.4,0.2898406982421875,0.4266456049551976,0.3013746296583272,0.4999999999975437
C4,0.4,0.2,2,1,0.6666666666666666,0.4,0.299835205078125,0.4334054200936779,0.2967455735052587,0.4999999999974628
C4,0.4,0.2,2,1,0.6666666666666666,0.4,0.3098297119140625,0.439951526439152,0.2923860716500484,0.4999999999973826
C4,0.4,0.2,2,1,0.6666666666666666,0.4,0.31982421875,0.4462954705778033,0.2882808406379533,0.4999999999973024
C4,0.4,0.2,2,1,0.6666666666666666,0.4,0.3298187255859375,0.4524474459091658,0.2844153577671235,0.4999999999972226
C4,0.4,0.2,2,1,0.6666666666666666,0.4,0.339813232421875,0.4584165094384487,0.2807758482465297,0.4999999999971427
C4,0.4,0.2,2,1,0.6666666666666666,0.4,0.3498077392578125,0.4642107629864178,0.2773492662424056,0.4999999999970636
C4,0.4,0.2,2,1,0.6666666666666666,0.4,0.35980224609375,0.4698375042297755,0.2741232715112578,0.4999999999969846
C4,0.4,0.2,2,1,0.6666666666666666,0.4,0.3697967529296875,0.475303352325452,0.271086203005763,0.4999999999969051
C4,0.4,0.2,2,1,0.6666666666666666,0.4,0.379791259765625,0.480614352232178,0.2682270505593701,0.4999999999968264
C4,0.4,0.2,2,1,0.6666666666666666,0.4,0.3897857666015625,0.4857760612498576,0.265535425514406,0.499999999996748
C4,0.4,0.2,2,1,0.6666666666666666,0.4,0.3997802734375,0.4907936207641343,0.2630015309577005,0.4999999999966694
C4,0.4,0.2,2,1,0.6666666666666666,0.4,0.4097747802734375,0.4956718157143116,0.2606161320641663,0.4999999999965909
C4,0.4,0.2,2,1,0.6666666666666666,0.4,0.419769287109375,0.5004151238958945,0.2583705269177524,0.4999999999965128
C4,0.4,0.2,2,1,0.6666666666666666,0.4,0.4297637939453125,0.5050277568602903,0.2562565180757007,0.499999999996435
C4,0.4,0.2,2,1,0.6666666666666666,0.4,0.43975830078125,0.5095136938779614,0.2542663850612477,0.4999999999963567
C4,0.4,0.2,2,1,0.6666666666666666,0.4,0.4497528076171875,0.5138767101812147,0.2523928579075458,0.4999999999962785
C4,0.4,0.2,2,1,0.6666666666666666,0.4,0.459747314453125,0.5181204004931915,0.2506290918279241,0.4999999999962011
C4,0.4,0.2,2,1,0.6666666666666666,0.4,0.4697418212890625,0.5222481986743456,0.2489686430516044,0.4999999999961247
C4,0.4,0.2,2,1,0.6666666666666666,0.4,0.479736328125,0.526263394171806,0.247405445837129,0.4999999999960481
C4,0.4,0.2,2,1,0.6666666666666666,0.4,0.4897308349609375,0.5301691458361738,0.2459337906559944,0.4999999999959718
C4,0.4,0.2,2,1,0.6666666666666666,0.4,0.499725341796875,0.5339684935700134,0.2445483035247196,0.4999999999958954
C4,0.4,0.2,2,1,0.6666666666666666,0.4,0.5097198486328125,0.5376643681896545,0.2432439264535281,0.4999999999958197
C4,0.4,0.2,2,1,0.6666666666666666,0.4,0.51971435546875,0.5412595998137163,0.2420158989730022,0.4999999999957436
C4,0.4,0.2,2,1,0.6666666666666666,0.4,0.5297088623046875,0.5447569250356608,0.2408597406956687,0.4999999999956674
C4,0.4,0.2,2,1,0.6666666666666666,0.4,0.539703369140625,0.548158993091469,0.2397712348669002,0.4999999999955914
C4,0.4,0.2,2,1,0.6666666666666666,0.4,0.5496978759765625,0.5514683711956859,0.2387464128583266,0.4999999999955154
C4,0.4,0.2,2,1,0.6666666666666666,0.4,0.5596923828125,0.5546875491880096,0.2377815395567407,0.4999999999954391
C4,0.4,0.2,2,1,0.6666666666666666,0.4,0.5696868896484375,0.5578189436069595,0.236873099602011,0.4999999999953629
C4,0.4,0.2,2,1,0.6666666666666666,0.4,0.579681396484375,0.5608649012864868,0.2360177844285468,0.4999999999952871
C4,0.4,0.2,2,1,0.6666666666666666,0.4,0.5896759033203125,0.5638277025540427,0.2352124800662715,0.4999999999952118
C4,0.4,0.2,2,1,0.6666666666666666,0.4,0.59967041015625,0.5667095640947346,0.234454255658688,0.4999999999951364
C4,0.4,0.2,2,1,0.6666666666666666,0.4,0.6096649169921875,0.5695126415348187,0.2337403526573992,0.4999999999950609
C4,0.4,0.2,2,1,0.6666666666666666,0.4,0.619659423828125,0.5722390317880789,0.2330681746543194,0.4999999999949864
C4,0.4,0.2,2,1,0.6666666666666666,0.4,0.6296539306640625,0.5748907752013338,0.2324352778146958,0.499999999994911
C4,0.4,0.2,2,1,0.6666666666666666,0.4,0.6396484375,0.5774698575287437,0.2318393618759512,0.4999999999948369
C4,0.4,0.2,2,1,0.6666666666666666,0.4,0.6496429443359375,0.5799782117595629,0.2312782616792095,0.4999999999947617
C4,0.4,0.2,2,1,0.6666666666666666,0.4,0.659637451171875,0.5824177198196598,0.2307499392021884,0.4999999999946872
C4,0.4,0.2,2,1,0.6666666666666666,0.4,0.6696319580078125,0.584790214163872,0.2302524760638615,0.4999999999946124
C4,0.4,0.2,2,1,0.6666666666666666,0.4,0.67962646484375,0.5870974792731281,0.229784066472993,0.4999999999945379
C4,0.4,0.2,2,1,0.6666666666666666,0.4,0.6896209716796875,0.5893412530681549,0.2293430105942379,0.499999999994463
C4,0.4,0.2,2,1,0.6666666666666666,0.4,0.699615478515625,0.591523228249654,0.2289277083070226,0.4999999999943893
C4,0.4,0.2,2,1,0.6666666666666666,0.4,0.7096099853515625,0.5936450535731238,0.2285366533338765,0.4999999999943149
C4,0.4,0.2,2,1,0.6666666666666666,0.4,0.7196044921875,0.5957083350653025,0.2281684277162529,0.4999999999942413
C4,0.4,0.2,2,1,0.6666666666666666,0.4,0.7295989990234375,0.5977146371881765,0.2278216966171689,0.4999999999941673
C4,0.4,0.2,2,1,0.6666666666666666,0.4,0.739593505859375,0.5996654839554492,0.2274952034312392,0.4999999999940925
C4,0.4,0.2,2,1,0.6666666666666666,0.4,0.7495880126953125,0.6015623600058578,0.2271877651838015,0.4999999999940167
C4,0.4,0.2,2,1,0.6666666666666666,0.4,0.75958251953125,0.6034067116368244,0.2268982682019582,0.4999999999939406
C4,0.4,0.2,2,1,0.6666666666666666,0.4,0.7695770263671875,0.605199947801764,0.2266256640413531,0.4999999999938641
C4,0.4,0.2,2,1,0.6666666666666666,0.4,0.779571533203125,0.6069434410736054,0.2263689656534855,0.4999999999937888
C4,0.4,0.2,2,1,0.6666666666666666,0.4,0.7895660400390625,0.6086385285769893,0.2261272437792702,0.4999999999937126
C4,0.4,0.2,2,1,0.6666666666666666,0.4,0.799560546875,0.610286512891181,0.2258996235554006,0.499999999993637
C4,0.4,0.2,2,1,0.6666666666666666,0.4,0.8095550537109375,0.6118886629254763,0.2256852813208832,0.499999999993561
C4,0.4,0.2,2,1,0.6666666666666666,0.4,0.819549560546875,0.6134462147687305,0.2254834416118595,0.4999999999934855
C4,0.4,0.2,2,1,0.6666666666666666,0.4,0.8295440673828125,0.6149603725144169,0.2252933743335542,0.4999999999934097
C4,0.4,0.2,2,1,0.6666666666666666,0.4,0.83953857421875,0.6164323090625043,0.2251143920988328,0.4999999999933344
C4,0.4,0.2,2,1,0.6666666666666666,0.4,0.8495330810546875,0.6178631668992426,0.2249458477235146,0.4999999999932597
C4,0.4,0.2,2,1,0.6666666666666666,0.4,0.859527587890625,0.6192540588559228,0.224787131869138,0.4999999999931844
C4,0.4,0.2,2,1,0.6666666666666666,0.4,0.8695220947265625,0.6206060688474848,0.2246376708244597,0.499999999993109
C4,0.4,0.2,2,1,0.6666666666666666,0.4,0.8795166015625,0.6219202525918768,0.2244969244174745,0.4999999999930342
C4,0.4,0.2,2,1,0.6666666666666666,0.4,0.8895111083984375,0.6231976383108824,0.2243643840502332,0.4999999999929593
C4,0.4,0.2,2,1,0.6666666666666666,0.4,0.899505615234375,0.6244392274131187,0.2242395708492057,0.4999999999928845
C4,0.4,0.2,2,1,0.6666666666666666,0.4,0.9095001220703125,0.6256459951599017,0.2241220339243518,0.4999999999928096
C4,0.4,0.2,2,1,0.6666666666666666,0.4,0.91949462890625,0.626818891314521,0.224011348730489,0.4999999999927343
C4,0.4,0.2,2,1,0.6666666666666666,0.4,0.9294891357421875,0.6279588407755157,0.2239071155249128,0.4999999999926593
C4,0.4,0.2,2,1,0.6666666666666666,0.4,0.939483642578125,0.6290667441944573,0.2238089579155858,0.4999999999925847
C4,0.4,0.2,2,1,0.6666666666666666,0.4,0.9494781494140625,0.6301434785787046,0.2237165214945633,0.4999999999925106
C4,0.4,0.2,2,1,0.6666666666666666,0.4,0.95947265625,0.6311898978796593,0.2236294725516177,0.4999999999924355
C4,0.4,0.2,2,1,0.6666666666666666,0.4,0.9694671630859375,0.6322068335667841,0.2235474968633454,0.4999999999923613
C4,0.4,0.2,2,1,0.6666666666666666,0.4,0.979461669921875,0.633195095188004,0.2234702985533001,0.4999999999922866
C4,0.4,0.2,2,1,0.6666666666666666,0.4,0.9894561767578125,0.6341554709167005,0.2233975990189773,0.4999999999922115
C4,0.4,0.2,2,1,0.6666666666666666,0.4,0.99945068359375,0.6350887280857233,0.2233291359217081,0.4999999999921373
C4,0.4,0.2,2,1,0.6666666666666666,0.4,1.009445190429688,0.6359956137087792,0.2232646622357641,0.4999999999920628
C4,0.4,0.2,2,1,0.6666666666666666,0.4,1.019439697265625,0.6368768549894522,0.2232039453531866,0.4999999999919878
C4,0.4,0.2,2,1,0.6666666666666666,0.4,1.029434204101562,0.6377331598182735,0.2231467662410675,0.499999999991914
C4,0.4,0.2,2,1,0.6666666666666666,0.4,1.0394287109375,0.6385652172580536,0.2230929186481934,0.4999999999918397
C4,0.4,0.2,2,1,0.6666666666666666,0.4,1.049423217773438,0.6393736980177541,0.2230422083581532,0.4999999999917656
C4,0.4,0.2,2,1,0.6666666666666666,0.4,1.059417724609375,0.6401592549152845,0.2229944524861835,0.4999999999916914
C4,0.4,0.2,2,1,0.6666666666666666,0.4,1.069412231445312,0.6409225233293492,0.2229494788171745,0.4999999999916166
C4,0.4,0.2,2,1,0.6666666666666666,0.4,1.07940673828125,0.6416641216406866,0.2229071251824268,0.4999999999915428
C4,0.4,0.2,2,1,0.6666666666666666,0.4,1.089401245117188,0.6423846516629246,0.2228672388728812,0.499999999991469
C4,0.4,0.2,2,1,0.6666666666666666,0.4,1.099395751953125,0.6430846990632867,0.2228296760866816,0.499999999991395
C4,0.4,0.2,2,1,0.6666666666666666,0.4,1.109390258789062,0.6437648337733629,0.2227943014090547,0.4999999999913208
C4,0.4,0.2,2,1,0.6666666666666666,0.4,1.119384765625,0.6444256103901831,0.2227609873226161,0.4999999999912469
C4,0.4,0.2,2,1,0.6666666666666666,0.4,1.129379272460938,0.6450675685678601,0.2227296137463099,0.4999999999911731
C4,0.4,0.2,2,1,0.6666666666666666,0.4,1.139373779296875,0.6456912333998887,0.2227000676013146,0.4999999999910991
C4,0.4,0.2,2,1,0.6666666666666666,0.4,1.149368286132812,0.6462971157924319,0.2226722424023227,0.4999999999910247
C4,0.4,0.2,2,1,0.6666666666666666,0.4,1.15936279296875,0.646885712828743,0.2226460378727152,0.4999999999909516
C4,0.4,0.2,2,1,0.6666666666666666,0.4,1.169357299804688,0.6474575081248646,0.2226213595822286,0.499999999990878
C4,0.4,0.2,2,1,0.6666666666666666,0.4,1.179351806640625,0.6480129721768912,0.2225981186057966,0.4999999999908043
C4,0.4,0.2,2,1,0.6666666666666666,0.4,1.189346313476562,0.648552562699932,0.2225762312023263,0.4999999999907306
C4,0.4,0.2,2,1,0.6666666666666666,0.4,1.1993408203125,0.64907672495893,0.222555618512242,0.4999999999906567
C4,0.4,0.2,2,1,0.6666666666666666,0.4,1.209335327148438,0.6495858920915567,0.2225362062726982,0.499999999990583
C4,0.4,0.2,2,1,0.6666666666666666,0.4,1.219329833984375,0.6500804854233299,0.2225179245494283,0.4999999999905093
C4,0.4,0.2,2,1,0.6666666666666666,0.4,1.229324340820312,0.6505609147751381,0.2225007074842516,0.499999999990435
C4,0.4,0.2,2,1,0.6666666666666666,0.4,1.23931884765625,0.6510275787633218,0.2224844930573295,0.499999999990362
C4,0.4,0.2,2,1,0.6666666666666666,0.4,1.249313354492188,0.651480865092495,0.2224692228632998,0.4999999999902888
C4,0.4,0.2,2,1,0.6666666666666666,0.4,1.259307861328125,0.6519211508412193,0.2224548419004843,0.499999999990215
C4,0.4,0.2,2,1,0.6666666666666666,0.4,1.269302368164062,0.6523488027407529,0.2224412983724026,0.4999999999901411
C4,0.4,0.2,2,1,0.6666666666666666,0.4,1.279296875,0.6527641774469451,0.2224285435008707,0.4999999999900676
C4,0.4,0.2,2,1,0.6666666666666666,0.4,1.289291381835938,0.653167621805536,0.2224165313500085,0.4999999999899942
C4,0.4,0.2,2,1,0.6666666666666666,0.4,1.299285888671875,0.6535594731108633,0.222405218660521,0.499999999989921
C4,0.4,0.2,2,1,0.6666666666666666,0.4,1.309280395507812,0.6539400593582722,0.2223945646936492,0.4999999999898473
C4,0.4,0.2,2,1,0.6666666666666666,0.4,1.31927490234375,0.654309699490247,0.2223845310842249,0.4999999999897734
C4,0.4,0.2,2,1,0.6666666666666666,0.4,1.329269409179688,0.6546687036364427,0.2223750817023045,0.4999999999896999
C4,0.4,0.2,2,1,0.6666666666666666,0.4,1.339263916015625,0.6550173733478042,0.2223661825228706,0.4999999999896266
C4,0.4,0.2,2,1,0.6666666666666666,0.4,1.349258422851562,0.6553560018248188,0.2223578015031376,0.4999999999895534
C4,0.4,0.2,2,1,0.6666666666666666,0.4,1.3592529296875,0.6556848741400876,0.222349908467014,0.49999999998948
C4,0.4,0.2,2,1,0.6666666666666666,0.4,1.369247436523438,0.6560042674553231,0.2223424749963037,0.4999999999894066
C4,0.4,0.2,2,1,0.6666666666666666,0.4,1.379241943359375,0.6563144512329351,0.2223354743282547,0.499999999989334
C4,0.4,0.2,2,1,0.6666666666666666,0.4,1.389236450195312,0.6566156874422188,0.2223288812590798,0.4999999999892604
C4,0.4,0.2,2,1,0.6666666666666666,0.4,1.39923095703125,0.6569082307604488,0.2223226720531075,0.4999999999891871
C4,0.4,0.2,2,1,0.6666666666666666,0.4,1.409225463867188,0.6571923287687922,0.2223168243572278,0.4999999999891134
C4,0.4,0.2,2,1,0.6666666666666666,0.4,1.419219970703125,0.6574682221433243,0.22231131712033,0.4999999999890403
C4,0.4,0.2,2,1,0.6666666666666666,0.4,1.429214477539062,0.6577361448411637,0.2223061305174324,0.4999999999889671
C4,0.4,0.2,2,1,0.6666666666666666,0.4,1.439208984375,0.6579963242818647,0.2223012458782421,0.4999999999888938
C4,0.4,0.2,2,1,0.6666666666666666,0.4,1.449203491210938,0.6582489815241869,0.2222966456198757,0.4999999999888208
C4,0.4,0.2,2,1,0.6666666666666666,0.4,1.459197998046875,0.6584943314383503,0.2222923131835023,0.4999999999887477
C4,0.4,0.2,2,1,0.6666666666666666,0.4,1.469192504882812,0.6587325828738431,0.222288232974682,0.4999999999886741
C4,0.4,0.2,2,1,0.6666666666666666,0.4,1.47918701171875,0.6589639388229254,0.2222843903071812,0.4999999999886012
C4,0.4,0.2,2,1,0.6666666666666666,0.4,1.489181518554688,0.6591885965799611,0.2222807713500603,0.4999999999885277
C4,0.4,0.2,2,1,0.6666666666666666,0.4,1.499176025390625,0.6594067478965577,0.2222773630778511,0.4999999999884545
C4,0.4,0.2,2,1,0.6666666666666666,0.4,1.509170532226562,0.659618579132744,0.2222741532236323,0.4999999999883813
C4,0.4,0.2,2,1,0.6666666666666666,0.4,1.5191650390625,0.6598242714042162,0.2222711302348432,0.499999999988308
C4,0.4,0.2,2,1,0.6666666666666666,0.4,1.529159545898438,0.6600240007257313,0.2222682832316708,0.499999999988235
C4,0.4,0.2,2,1,0.6666666666666666,0.4,1.539154052734375,0.6602179381507901,0.2222656019678632,0.4999999999881621
C4,0.4,0.2,2,1,0.6666666666666666,0.4,1.549148559570312,0.6604062499076532,0.2222630767938261,0.499999999988089
C4,0.4,0.2,2,1,0.6666666666666666,0.4,1.55914306640625,0.6605890975318101,0.2222606986218689,0.499999999988015
C4,0.4,0.2,2,1,0.6666666666666666,0.4,1.569137573242188,0.6607666379949365,0.2222584588934775,0.4999999999879421
C4,0.4,0.2,2,1,0.6666666666666666,0.4,1.579132080078125,0.6609390238305476,0.2222563495484921,0.4999999999878693
C4,0.4,0.2,2,1,0.6666666666666666,0.4,1.589126586914062,0.6611064032562354,0.2222543629960819,0.4999999999877961
C4,0.4,0.2,2,1,0.6666666666666666,0.4,1.59912109375,0.6612689202927551,0.2222524920874113,0.4999999999877234
C4,0.4,0.2,2,1,0.6666666666666666,0.4,1.609115600585938,0.6614267148799218,0.2222507300898979,0.49999999998765
C4,0.4,0.2,2,1,0.6666666666666666,0.4,1.619110107421875,0.6615799229894609,0.222249070662971,0.4999999999875767
C4,0.4,0.2,2,1,0.6666666666666666,0.4,1.629104614257812,0.661728676734846,0.2222475078352406,0.4999999999875038
C4,0.4,0.2,2,1,0.6666666666666666,0.4,1.63909912109375,0.661873104478239,0.2222460359829978,0.4999999999874309
C4,0.4,0.2,2,1,0.6666666666666666,0.4,1.649093627929688,0.6620133309345468,0.2222446498099681,0.4999999999873578
C4,0.4,0.2,2,1,0.6666666666666666,0.4,1.659088134765625,0.6621494772727309,0.2222433443282442,0.4999999999872849
C4,0.4,0.2,2,1,0.6666666666666666,0.4,1.669082641601562,0.662281661214372,0.2222421148403261,0.4999999999872118
C4,0.4,0.2,2,1,0.6666666666666666,0.4,1.6790771484375,0.6624099971296608,0.2222409569222117,0.4999999999871386
C4,0.4,0.2,2,1,0.6666666666666666,0.4,1.689071655273438,0.6625345961307181,0.2222398664074713,0.4999999999870658
C4,0.4,0.2,2,1,0.6666666666666666,0.4,1.699066162109375,0.6626555661625002,0.2222388393722468,0.4999999999869928
C4,0.4,0.2,2,1,0.6666666666666666,0.4,1.709060668945312,0.6627730120911912,0.2222378721211294,0.4999999999869196
C4,0.4,0.2,2,1,0.6666666666666666,0.4,1.71905517578125,0.6628870357902408,0.2222369611738547,0.4999999999868468
C4,0.4,0.2,2,1,0.6666666666666666,0.4,1.729049682617188,0.6629977362240728,0.2222361032527774,0.4999999999867739
C4,0.4,0.2,2,1,0.6666666666666666,0.4,1.739044189453125,0.6631052095295255,0.2222352952710718,0.4999999999867008
C4,0.4,0.2,2,1,0.6666666666666666,0.4,1.749038696289062,0.6632095490950873,0.2222345343216219,0.4999999999866282
C4,0.4,0.2,2,1,0.6666666666666666,0.4,1.759033203125,0.6633108456379982,0.2222338176665566,0.4999999999865551
C4,0.4,0.2,2,1,0.6666666666666666,0.4,1.769027709960938,0.6634091872792093,0.2222331427273981,0.499999999986482
C4,0.4,0.2,2,1,0.6666666666666666,0.4,1.779022216796875,0.6635046596163564,0.2222325070757771,0.4999999999864091
C4,0.4,0.2,2,1,0.6666666666666666,0.4,1.789016723632812,0.6635973457947236,0.2222319084246971,0.4999999999863361
C4,0.4,0.2,2,1,0.6666666666666666,0.4,1.79901123046875,0.6636873265762511,0.2222313446203004,0.4999999999862635
C4,0.4,0.2,2,1,0.6666666666666666,0.4,1.809005737304688,0.6637746804066748,0.2222308136341177,0.4999999999861908
C4,0.4,0.2,2,1,0.6666666666666666,0.4,1.819000244140625,0.6638594834808385,0.222230313555767,0.4999999999861179
C4,0.4,0.2,2,1,0.6666666666666666,0.4,1.828994750976562,0.6639418098061894,0.2222298425860792,0.4999999999860446
C4,0.4,0.2,2,1,0.6666666666666666,0.4,1.8389892578125,0.6640217312645461,0.2222293990306232,0.4999999999859715
C4,0.4,0.2,2,1,0.6666666666666666,0.4,1.848983764648438,0.6640993176721838,0.2222289812936078,0.4999999999858991
C4,0.4,0.2,2,1,0.6666666666666666,0.4,1.858978271484375,0.6641746368382405,0.2222285878721381,0.4999999999858261
C4,0.4,0.2,2,1,0.6666666666666666,0.4,1.868972778320312,0.6642477546215035,0.2222282173508086,0.4999999999857528
C4,0.4,0.2,2,1,0.6666666666666666,0.4,1.87896728515625,0.6643187349856832,0.2222278683966083,0.4999999999856805
C4,0.4,0.2,2,1,0.6666666666666666,0.4,1.888961791992188,0.6643876400530982,0.222227539754126,0.4999999999856077
C4,0.4,0.2,2,1,0.6666666666666666,0.4,1.898956298828125,0.6644545301569339,0.2222272302410289,0.4999999999855347
C4,0.4,0.2,2,1,0.6666666666666666,0.4,1.908950805664062,0.6645194638919955,0.2222269387438124,0.4999999999854613
C4,0.4,0.2,2,1,0.6666666666666666,0.4,1.9189453125,0.6645824981640853,0.2222266642137911,0.4999999999853888
C4,0.4,0.2,2,1,0.6666666666666666,0.4,1.928939819335938,0.6646436882380456,0.2222264056633236,0.4999999999853161
C4,0.4,0.2,2,1,0.6666666666666666,0.4,1.938934326171875,0.6647030877843757,0.2222261621622628,0.4999999999852432
C4,0.4,0.2,2,1,0.6666666666666666,0.4,1.948928833007812,0.6647607489246486,0.2222259328346054,0.4999999999851705
C4,0.4,0.2,2,1,0.6666666666666666,0.4,1.95892333984375,0.6648167222756061,0.2222257168553412,0.4999999999850973
C4,0.4,0.2,2,1,0.6666666666666666,0.4,1.968917846679688,0.6648710569920288,0.222225513447484,0.4999999999850245
C4,0.4,0.2,2,1,0.6666666666666666,0.4,1.978912353515625,0.6649238008084466,0.222225321879278,0.4999999999849514
C4,0.4,0.2,2,1,0.6666666666666666,0.4,1.988906860351562,0.6649750000796347,0.2222251414615609,0.4999999999848788
C4,0.4,0.2,2,1,0.6666666666666666,0.4,1.9989013671875,0.6650246998200194,0.2222249715452884,0.4999999999848061
C4,0.4,0.2,2,1,0.6666666666666666,0.4,2.008895874023438,0.6650729437419622,0.2222248115191961,0.4999999999847332
C4,0.4,0.2,2,1,0.6666666666666666,0.4,2.018890380859375,0.6651197742929706,0.2222246608076013,0.4999999999846602
C4,0.4,0.2,2,1,0.6666666666666666,0.4,2.028884887695312,0.6651652326918701,0.222224518868331,0.4999999999845875
C4,0.4,0.2,2,1,0.6666666666666666,0.4,2.03887939453125,0.6652093589639527,0.2222243851907728,0.4999999999845146
C4,0.4,0.2,2,1,0.6666666666666666,0.4,2.048873901367188,0.6652521919751608,0.2222242592940354,0.4999999999844417
C4,0.4,0.2,2,1,0.6666666666666666,0.4,2.058868408203125,0.6652937694653007,0.2222241407252203,0.4999999999843692
C4,0.4,0.2,2,1,0.6666666666666666,0.4,2.068862915039062,0.6653341280802818,0.2222240290577918,0.4999999999842966
C4,0.4,0.2,2,1,0.6666666666666666,0.4,2.078857421875,0.6653733034035247,0.2222239238900419,0.4999999999842235
C4,0.4,0.2,2,1,0.6666666666666666,0.4,2.088851928710938,0.6654113299864276,0.2222238248436461,0.499999999984151
C4,0.4,0.2,2,1,0.6666666666666666,0.4,2.098846435546875,0.665448241377966,0.2222237315623,0.4999999999840783
C4,0.4,0.2,2,1,0.6666666666666666,0.4,2.108840942382812,0.6654840701535157,0.2222236437104404,0.499999999984005
C4,0.4,0.2,2,1,0.6666666666666666,0.4,2.11883544921875,0.6655188479428052,0.222223560972036,0.4999999999839324
C4,0.4,0.2,2,1,0.6666666666666666,0.4,2.128829956054688,0.6655526054571006,0.2222234830494513,0.4999999999838599
C4,0.4,0.2,2,1,0.6666666666666666,0.4,2.138824462890625,0.6655853725156191,0.2222234096623757,0.4999999999837866
C4,0.4,0.2,2,1,0.6666666666666666,0.4,2.148818969726562,0.6656171780711941,0.2222233405468138,0.499999999983714
C4,0.4,0.2,2,1,0.6666666666666666,0.4,2.1588134765625,0.6656480502352153,0.2222232754541375,0.4999999999836413
C4,0.4,0.2,2,1,0.6666666666666666,0.4,2.168807983398438,0.6656780163018579,0.2222232141501909,0.4999999999835685
C4,0.4,0.2,2,1,0.6666666666666666,0.4,2.178802490234375,0.6657071027716357,0.222223156414447,0.4999999999834953
C4,0.4,0.2,2,1,0.6666666666666666,0.4,2.188796997070312,0.6657353353742506,0.2222231020392153,0.4999999999834226
C4,0.4,0.2,2,1,0.6666666666666666,0.4,2.19879150390625,0.6657627390908371,0.2222230508288948,0.4999999999833502
C4,0.4,0.2,2,1,0.6666666666666666,0.4,2.208786010742188,0.6657893381755585,0.2222230025992687,0.4999999999832775
C4,0.4,0.2,2,1,0.6666666666666666,0.4,2.218780517578125,0.6658151561765814,0.2222229571768445,0.4999999999832049
C4,0.4,0.2,2,1,0.6666666666666666,0.4,2.228775024414062,0.6658402159564434,0.2222229143982264,0.4999999999831322
C4,0.4,0.2,2,1,0.6666666666666666,0.4,2.23876953125,0.6658645397118819,0.2222228741095299,0.499999999983059
C4,0.4,0.2,2,1,0.6666666666666666,0.4,2.248764038085938,0.6658881489930266,0.2222228361658292,0.4999999999829863
C4,0.4,0.2,2,1,0.6666666666666666,0.4,2.258758544921875,0.6659110647221427,0.2222228004306317,0.4999999999829134
C4,0.4,0.2,2,1,0.6666666666666666,0.4,2.268753051757812,0.6659333072117375,0.2222227667753908,0.4999999999828403
C4,0.4,0.2,2,1,0.6666666666666666,0.4,2.27874755859375,0.665954896182221,0.2222227350790417,0.4999999999827677
C4,0.4,0.2,2,1,0.6666666666666666,0.4,2.288742065429688,0.6659758507790399,0.2222227052275667,0.4999999999826947
C4,0.4,0.2,2,1,0.6666666666666666,0.4,2.298736572265625,0.6659961895892943,0.2222226771135845,0.4999999999826217
C4,0.4,0.2,2,1,0.6666666666666666,0.4,2.308731079101562,0.6660159306579201,0.2222226506359637,0.499999999982549
C4,0.4,0.2,2,1,0.6666666666666666,0.4,2.3187255859375,0.666035091503404,0.2222226256994602,0.4999999999824757
C4,0.4,0.2,2,1,0.6666666666666666,0.4,2.328720092773438,0.6660536891330241,0.222222602214373,0.4999999999824032
C4,0.4,0.2,2,1,0.6666666666666666,0.4,2.338714599609375,0.6660717400576571,0.2222225800962218,0.4999999999823305
C4,0.4,0.2,2,1,0.6666666666666666,0.4,2.348709106445312,0.6660892603061912,0.2222225592654443,0.4999999999822576
C4,0.4,0.2,2,1,0.6666666666666666,0.4,2.35870361328125,0.666106265439482,0.2222225396471092,0.4999999999821847
C4,0.4,0.2,2,1,0.6666666666666666,0.4,2.368698120117188,0.6661227705639454,0.2222225211706459,0.4999999999821123
C4,0.4,0.2,2,1,0.6666666666666666,0.4,2.378692626953125,0.666138790344741,0.2222225037695919,0.4999999999820398
C4,0.4,0.2,2,1,0.6666666666666666,0.4,2.388687133789062,0.666154339018581,0.2222224873813537,0.4999999999819669
C4,0.4,0.2,2,1,0.6666666666666666,0.4,2.398681640625,0.6661694304061686,0.2222224719469798,0.4999999999818943
C4,0.4,0.2,2,1,0.6666666666666666,0.4,2.408676147460938,0.666184077924292,0.2222224574109509,0.4999999999818216
C4,0.4,0.2,2,1,0.6666666666666666,0.4,2.418670654296875,0.666198294597543,0.2222224437209796,0.4999999999817485
C4,0.4,0.2,2,1,0.6666666666666666,0.4,2.428665161132812,0.6662120930697091,0.2222224308278203,0.4999999999816756
C4,0.4,0.2,2,1,0.6666666666666666,0.4,2.43865966796875,0.6662254856148756,0.2222224186850955,0.4999999999816021
C4,0.4,0.2,2,1,0.6666666666666666,0.4,2.448654174804688,0.6662384841481533,0.2222224072491265,0.4999999999815297
C4,0.4,0.2,2,1,0.6666666666666666,0.4,2.458648681640625,0.6662511002361081,0.2222223964787765,0.4999999999814568
C4,0.4,0.2,2,1,0.6666666666666666,0.4,2.468643188476562,0.6662633451069224,0.222222386335304,0.4999999999813844
C4,0.4,0.2,2,1,0.6666666666666666,0.4,2.4786376953125,0.6662752296602493,0.222222376782221,0.4999999999813117
C4,0.4,0.2,2,1,0.6666666666666666,0.4,2.488632202148438,0.6662867644767403,0.2222223677851646,0.4999999999812387
C4,0.4,0.2,2,1,0.6666666666666666,0.4,2.498626708984375,0.6662979598273649,0.222222359311771,0.4999999999811656
C4,0.4,0.2,2,1,0.6666666666666666,0.4,2.508621215820312,0.6663088256824065,0.2222223513315615,0.4999999999810927
C4,0.4,0.2,2,1,0.6666666666666666,0.4,2.51861572265625,0.6663193717202365,0.2222223438158301,0.4999999999810195
C4,0.4,0.2,2,1,0.6666666666666666,0.4,2.528610229492188,0.6663296073358238,0.2222223367375421,0.4999999999809469
C4,0.4,0.2,2,1,0.6666666666666666,0.4,2.538604736328125,0.6663395416489752,0.2222223300712366,0.4999999999808741
C4,0.4,0.2,2,1,0.6666666666666666,0.4,2.548599243164062,0.6663491835123563,0.2222223237929341,0.4999999999808015
C4,0.4,0.2,2,1,0.6666666666666666,0.4,2.55859375,0.6663585415193095,0.2222223178800516,0.4999999999807285
C4,0.4,0.2,2,1,0.6666666666666666,0.4,2.568588256835938,0.6663676240113833,0.2222223123113198,0.4999999999806563
C4,0.4,0.2,2,1,0.6666666666666666,0.4,2.578582763671875,0.6663764390856992,0.2222223070667075,0.4999999999805837
C4,0.4,0.2,2,1,0.6666666666666666,0.4,2.588577270507812,0.6663849946020591,0.222222302127349,0.4999999999805108
C4,0.4,0.2,2,1,0.6666666666666666,0.4,2.59857177734375,0.6663932981898882,0.2222222974754782,0.4999999999804383
C4,0.4,0.2,2,1,0.6666666666666666,0.4,2.608566284179688,0.6664013572549642,0.2222222930943617,0.4999999999803654
C4,0.4,0.2,2,1,0.6666666666666666,0.4,2.618560791015625,0.6664091789859271,0.2222222889682399,0.4999999999802925
C4,0.4,0.2,2,1,0.6666666666666666,0.4,2.628555297851562,0.6664167703606291,0.2222222850822715,0.4999999999802194
C4,0.4,0.2,2,1,0.6666666666666666,0.4,2.6385498046875,0.6664241381522854,0.2222222814224787,0.4999999999801462
C4,0.4,0.2,2,1,0.6666666666666666,0.4,2.648544311523438,0.66643128893548,0.2222222779756967,0.4999999999800729
C4,0.4,0.2,2,1,0.6666666666666666,0.4,2.658538818359375,0.6664382290919145,0.2222222747295282,0.4999999999800003
C4,0.4,0.2,2,1,0.6666666666666666,0.4,2.668533325195312,0.6664449648161005,0.2222222716722958,0.4999999999799276
C4,0.4,0.2,2,1,0.6666666666666666,0.4,2.67852783203125,0.6664515021207762,0.2222222687930032,0.4999999999798549
C4,0.4,0.2,2,1,0.6666666666666666,0.4,2.688522338867188,0.6664578468422768,0.2222222660812933,0.4999999999797821
C4,0.4,0.2,2,1,0.6666666666666666,0.4,2.698516845703125,0.6664640046456419,0.2222222635274121,0.4999999999797095
C4,0.4,0.2,2,1,0.6666666666666666,0.4,2.708511352539062,0.666469981029655,0.2222222611221733,0.4999999999796367
C4,0.4,0.2,2,1,0.6666666666666666,0.4,2.718505859375,0.6664757813316868,0.2222222588569255,0.4999999999795648
C4,0.4,0.2,2,1,0.6666666666666666,0.4,2.728500366210938,0.6664814107324382,0.2222222567235204,0.4999999999794925
C4,0.4,0.2,2,1,0.6666666666666666,0.4,2.738494873046875,0.6664868742605071,0.2222222547142841,0.4999999999794197
C4,0.4,0.2,2,1,0.6666666666666666,0.4,2.748489379882812,0.6664921767968401,0.2222222528219897,0.499999999979347
C4,0.4,0.2,2,1,0.6666666666666666,0.4,2.75848388671875,0.66649732307906,0.2222222510398304,0.4999999999792745
C4,0.4,0.2,2,1,0.6666666666666666,0.4,2.768478393554688,0.6665023177056546,0.2222222493613964,0.4999999999792021
C4,0.4,0.2,2,1,0.6666666666666666,0.4,2.778472900390625,0.6665071651400567,0.2222222477806501,0.4999999999791293
C4,0.4,0.2,2,1,0.6666666666666666,0.4,2.788467407226562,0.6665118697145846,0.2222222462919054,0.4999999999790565
C4,0.4,0.2,2,1,0.6666666666666666,0.4,2.7984619140625,0.6665164356343111,0.2222222448898078,0.4999999999789834
C4,0.4,0.2,2,1,0.6666666666666666,0.4,2.808456420898438,0.6665208669807492,0.2222222435693137,0.4999999999789106
C4,0.4,0.2,2,1,0.6666666666666666,0.4,2.818450927734375,0.666525167715506,0.2222222423256741,0.4999999999788376
C4,0.4,0.2,2,1,0.6666666666666666,0.4,2.828445434570312,0.666529341683765,0.2222222411544152,0.4999999999787645
C4,0.4,0.2,2,1,0.6666666666666666,0.4,2.83843994140625,0.6665333926177338,0.2222222400513248,0.4999999999786915
C4,0.4,0.2,2,1,0.6666666666666666,0.4,2.848434448242188,0.6665373241399246,0.2222222390124346,0.4999999999786188
C4,0.4,0.2,2,1,0.6666666666666666,0.4,2.858428955078125,0.6665411397663821,0.2222222380340077,0.4999999999785453
C4,0.4,0.2,2,1,0.6666666666666666,0.4,2.868423461914062,0.6665448429097945,0.2222222371125255,0.4999999999784721
C4,0.4,0.2,2,1,0.6666666666666666,0.4,2.87841796875,0.6665484368825356,0.2222222362446733,0.499999999978399
C4,0.4,0.2,2,1,0.6666666666666666,0.4,2.888412475585938,0.6665519248996031,0.2222222354273299,0.4999999999783251
C4,0.4,0.2,2,1,0.6666666666666666,0.4,2.898406982421875,0.6665553100814667,0.2222222346575552,0.499999999978252
C4,0.4,0.2,2,1,0.6666666666666666,0.4,2.908401489257812,0.6665585954568464,0.2222222339325804,0.4999999999781791
C4,0.4,0.2,2,1,0.6666666666666666,0.4,2.91839599609375,0.6665617839653929,0.2222222332497981,0.4999999999781052
C4,0.4,0.2,2,1,0.6666666666666666,0.4,2.928390502929688,0.666564878460319,0.2222222326067526,0.4999999999780322
C4,0.4,0.2,2,1,0.6666666666666666,0.4,2.938385009765625,0.6665678817109331,0.2222222320011316,0.499999999977959
C4,0.4,0.2,2,1,0.6666666666666666,0.4,2.948379516601562,0.6665707964050764,0.2222222314307551,0.499999999977885
C4,0.4,0.2,2,1,0.6666666666666666,0.4,2.9583740234375,0.6665736251515351,0.2222222308935739,0.499999999977812
C4,0.4,0.2,2,1,0.6666666666666666,0.4,2.968368530273438,0.6665763704823623,0.2222222303876545,0.4999999999777385
C4,0.4,0.2,2,1,0.6666666666666666,0.4,2.978363037109375,0.6665790348551137,0.2222222299111781,0.4999999999776649
C4,0.4,0.2,2,1,0.6666666666666666,0.4,2.988357543945312,0.6665816206550569,0.2222222294624309,0.4999999999775921
C4,0.4,0.2,2,1,0.6666666666666666,0.4,2.99835205078125,0.6665841301972601,0.2222222290397989,0.499999999977519
C4,0.4,0.2,2,1,0.6666666666666666,0.4,3.008346557617188,0.6665865657286969,0.2222222286417612,0.4999999999774458
C4,0.4,0.2,2,1,0.6666666666666666,0.4,3.018341064453125,0.6665889294302004,0.2222222282668877,0.4999999999773725
C4,0.4,0.2,2,1,0.6666666666666666,0.4,3.028335571289062,0.6665912234184448,0.2222222279138289,0.4999999999772993
C4,0.4,0.2,2,1,0.6666666666666666,0.4,3.038330078125,0.6665934497477914,0.2222222275813166,0.4999999999772267
C4,0.4,0.2,2,1,0.6666666666666666,0.4,3.048324584960938,0.666595610412162,0.222222227268153,0.499999999977153
C4,0.4,0.2,2,1,0.6666666666666666,0.4,3.058319091796875,0.6665977073467756,0.2222222269732137,0.4999999999770803
C4,0.4,0.2,2,1,0.6666666666666666,0.4,3.068313598632812,0.6665997424298893,0.2222222266954371,0.4999999999770071
C4,0.4,0.2,2,1,0.6666666666666666,0.4,3.07830810546875,0.6666017174844869,0.2222222264338242,0.4999999999769341
C4,0.4,0.2,2,1,0.6666666666666666,0.4,3.088302612304688,0.6666036342798652,0.2222222261874351,0.4999999999768607
C4,0.4,0.2,2,1,0.6666666666666666,0.4,3.098297119140625,0.6666054945332416,0.2222222259553818,0.4999999999767875
C4,0.4,0.2,2,1,0.6666666666666666,0.4,3.108291625976562,0.6666072999112838,0.2222222257368316,0.4999999999767143
C4,0.4,0.2,2,1,0.6666666666666666,0.4,3.1182861328125,0.6666090520315704,0.2222222255309987,0.4999999999766414
C4,0.4,0.2,2,1,0.6666666666666666,0.4,3.128280639648438,0.6666107524640774,0.2222222253371414,0.4999999999765683
C4,0.4,0.2,2,1,0.6666666666666666,0.4,3.138275146484375,0.6666124027325263,0.2222222251545638,0.4999999999764952
C4,0.4,0.2,2,1,0.6666666666666666,0.4,3.148269653320312,0.6666140043157838,0.2222222249826099,0.4999999999764225
C4,0.4,0.2,2,1,0.6666666666666666,0.4,3.15826416015625,0.6666155586491636,0.22222222482066,0.4999999999763496
C4,0.4,0.2,2,1,0.6666666666666666,0.4,3.168258666992188,0.6666170671256929,0.2222222246681319,0.4999999999762761
C4,0.4,0.2,2,1,0.6666666666666666,0.4,3.178253173828125,0.6666185310973849,0.222222224524479,0.4999999999762034
C4,0.4,0.2,2,1,0.6666666666666666,0.4,3.188247680664062,0.6666199518764286,0.2222222243891832,0.499999999976131
C4,0.4,0.2,2,1,0.6666666666666666,0.4,3.1982421875,0.6666213307363728,0.2222222242617575,0.4999999999760575
C4,0.4,0.2,2,1,0.6666666666666666,0.4,3.208236694335938,0.6666226689132404,0.2222222241417451,0.4999999999759843
C4,0.4,0.2,2,1,0.6666666666666666,0.4,3.218231201171875,0.6666239676066341,0.2222222240287148,0.499999999975912
C4,0.4,0.2,2,1,0.6666666666666666,0.4,3.228225708007812,0.6666252279808412,0.2222222239222591,0.4999999999758393
C4,0.4,0.2,2,1,0.6666666666666666,0.4,3.23822021484375,0.6666264511658362,0.2222222238219949,0.4999999999757658
C4,0.4,0.2,2,1,0.6666666666666666,0.4,3.248214721679688,0.666627638258299,0.2222222237275634,0.4999999999756925
C4,0.4,0.2,2,1,0.6666666666666666,0.4,3.258209228515625,0.6666287903226065,0.2222222236386248,0.4999999999756207
C4,0.4,0.2,2,1,0.6666666666666666,0.4,3.268203735351562,0.6666299083917676,0.2222222235548593,0.499999999975548
C4,0.4,0.2,2,1,0.6666666666666666,0.4,3.2781982421875,0.6666309934683607,0.2222222234759647,0.4999999999754747
C4,0.4,0.2,2,1,0.6666666666666666,0.4,3.288192749023438,0.6666320465254292,0.2222222234016576,0.4999999999754012
C4,0.4,0.2,2,1,0.6666666666666666,0.4,3.298187255859375,0.6666330685073106,0.2222222233316721,0.4999999999753281
C4,0.4,0.2,2,1,0.6666666666666666,0.4,3.308181762695312,0.6666340603305431,0.2222222232657577,0.4999999999752559
C4,0.4,0.2,2,1,0.6666666666666666,0.4,3.31817626953125,0.666635022884645,0.2222222232036754,0.4999999999751839
C4,0.4,0.2,2,1,0.6666666666666666,0.4,3.328170776367188,0.6666359570329287,0.2222222231452024,0.4999999999751105
C4,0.4,0.2,2,1,0.6666666666666666,0.4,3.338165283203125,0.6666368636132576,0.2222222230901283,0.4999999999750369
C4,0.4,0.2,2,1,0.6666666666666666,0.4,3.348159790039062,0.6666377434387926,0.2222222230382563,0.4999999999749637
C4,0.4,0.2,2,1,0.6666666666666666,0.4,3.358154296875,0.6666385972987264,0.2222222229894003,0.4999999999748915
C4,0.4,0.2,2,1,0.6666666666666666,0.4,3.368148803710938,0.6666394259590078,0.2222222229433847,0.4999999999748197
C4,0.4,0.2,2,1,0.6666666666666666,0.4,3.378143310546875,0.6666402301629928,0.2222222229000435,0.4999999999747471
C4,0.4,0.2,2,1,0.6666666666666666,0.4,3.388137817382812,0.666641010632129,0.2222222228592202,0.4999999999746745
C4,0.4,0.2,2,1,0.6666666666666666,0.4,3.39813232421875,0.6666417680665984,0.2222222228207688,0.4999999999746005
C4,0.4,0.2,2,1,0.6666666666666666,0.4,3.408126831054688,0.6666425031459337,0.2222222227845515,0.4999999999745272
C4,0.4,0.2,2,1,0.6666666666666666,0.4,3.418121337890625,0.666643216529645,0.2222222227504391,0.4999999999744542
C4,0.4,0.2,2,1,0.6666666666666666,0.4,3.428115844726562,0.6666439088577975,0.2222222227183089,0.4999999999743822
C4,0.4,0.2,2,1,0.6666666666666666,0.4,3.4381103515625,0.6666445807515762,0.2222222226880457,0.4999999999743102
C4,0.4,0.2,2,1,0.6666666666666666,0.4,3.448104858398438,0.6666452328138732,0.2222222226595401,0.4999999999742381
C4,0.4,0.2,2,1,0.6666666666666666,0.4,3.458099365234375,0.6666458656297828,0.2222222226326891,0.4999999999741657
C4,0.4,0.2,2,1,0.6666666666666666,0.4,3.468093872070312,0.6666464797671546,0.2222222226073971,0.4999999999740928
C4,0.4,0.2,2,1,0.6666666666666666,0.4,3.47808837890625,0.6666470757771018,0.222222222583573,0.4999999999740198
C4,0.4,0.2,2,1,0.6666666666666666,0.4,3.488082885742188,0.6666476541944721,0.2222222225611316,0.4999999999739461
C4,0.4,0.2,2,1,0.6666666666666666,0.4,3.498077392578125,0.6666482155383593,0.222222222539993,0.4999999999738732
C4,0.4,0.2,2,1,0.6666666666666666,0.4,3.508071899414062,0.6666487603125401,0.2222222225200813,0.4999999999738006
C4,0.4,0.2,2,1,0.6666666666666666,0.4,3.51806640625,0.666649289005929,0.2222222225013252,0.4999999999737285
C4,0.4,0.2,2,1,0.6666666666666666,0.4,3.528060913085938,0.6666498020930316,0.2222222224836574,0.4999999999736571
C4,0.4,0.2,2,1,0.6666666666666666,0.4,3.538055419921875,0.6666503000343647,0.2222222224670139,0.4999999999735847
C4,0.4,0.2,2,1,0.6666666666666666,0.4,3.548049926757812,0.6666507832768555,0.2222222224513349,0.4999999999735122
C4,0.4,0.2,2,1,0.6666666666666666,0.4,3.55804443359375,0.6666512522542531,0.2222222224365649,0.4999999999734399
C4,0.4,0.2,2,1,0.6666666666666666,0.4,3.568038940429688,0.6666517073875069,0.2222222224226501,0.4999999999733669
C4,0.4,0.2,2,1,0.6666666666666666,0.4,3.578033447265625,0.6666521490851678,0.2222222224095411,0.4999999999732926
C4,0.4,0.2,2,1,0.6666666666666666,0.4,3.588027954101562,0.6666525777437133,0.2222222223971911,0.4999999999732191
C4,0.4,0.2,2,1,0.6666666666666666,0.4,3.5980224609375,0.6666529937479448,0.2222222223855564,0.4999999999731461
C4,0.4,0.2,2,1,0.6666666666666666,0.4,3.608016967773438,0.6666533974713059,0.2222222223745957,0.4999999999730731
C4,0.4,0.2,2,1,0.6666666666666666,0.4,3.618011474609375,0.6666537892762265,0.2222222223642695,0.4999999999730004
C4,0.4,0.2,2,1,0.6666666666666666,0.4,3.628005981445312,0.6666541695144484,0.2222222223545405,0.499999999972928
C4,0.4,0.2,2,1,0.6666666666666666,0.4,3.63800048828125,0.6666545385273371,0.2222222223453747,0.499999999972856
C4,0.4,0.2,2,1,0.6666666666666666,0.4,3.647994995117188,0.6666548966461731,0.2222222223367383,0.4999999999727844
C4,0.4,0.2,2,1,0.6666666666666666,0.4,3.657989501953125,0.6666552441924873,0.2222222223286011,0.4999999999727125
C4,0.4,0.2,2,1,0.6666666666666666,0.4,3.667984008789062,0.6666555814783168,0.222222222320934,0.4999999999726408
C4,0.4,0.2,2,1,0.6666666666666666,0.4,3.677978515625,0.6666559088064917,0.2222222223137092,0.4999999999725688
C4,0.4,0.2,2,1,0.6666666666666666,0.4,3.687973022460938,0.6666562264709102,0.2222222223069002,0.4999999999724963
C4,0.4,0.2,2,1,0.6666666666666666,0.4,3.697967529296875,0.6666565347567951,0.2222222223004839,0.4999999999724233
C4,0.4,0.2,2,1,0.6666666666666666,0.4,3.707962036132812,0.6666568339409621,0.2222222222944371,0.49999999997235
C4,0.4,0.2,2,1,0.6666666666666666,0.4,3.71795654296875,0.6666571242920453,0.2222222222887381,0.4999999999722764
C4,0.4,0.2,2,1,0.6666666666666666,0.4,3.727951049804688,0.6666574060707728,0.222222222283367,0.4999999999722032
C4,0.4,0.2,2,1,0.6666666666666666,0.4,3.737945556640625,0.6666576795301735,0.2222222222783045,0.4999999999721292
C4,0.4,0.2,2,1,0.6666666666666666,0.4,3.747940063476562,0.6666579449158012,0.2222222222735328,0.4999999999720558
C4,0.4,0.2,2,1,0.6666666666666666,0.4,3.7579345703125,0.666658202465971,0.2222222222690354,0.4999999999719822
C4,0.4,0.2,2,1,0.6666666666666666,0.4,3.767929077148438,0.666658452411968,0.2222222222647963,0.4999999999719095
C4,0.4,0.2,2,1,0.6666666666666666,0.4,3.777923583984375,0.6666586949782481,0.2222222222608002,0.4999999999718363
C4,0.4,0.2,2,1,0.6666666666666666,0.4,3.787918090820312,0.6666589303826507,0.2222222222570333,0.4999999999717641
C4,0.4,0.2,2,1,0.6666666666666666,0.4,3.79791259765625,0.666659158836591,0.2222222222534817,0.4999999999716914
C4,0.4,0.2,2,1,0.6666666666666666,0.4,3.807907104492188,0.6666593805452224,0.2222222222501337,0.4999999999716191
C4,0.4,0.2,2,1,0.6666666666666666,0.4,3.817901611328125,0.6666595957076742,0.2222222222469768,0.4999999999715471
C4,0.4,0.2,2,1,0.6666666666666666,0.4,3.827896118164062,0.6666598045171864,0.222222222244,0.4999999999714754
C4,0.4,0.2,2,1,0.6666666666666666,0.4,3.837890625,0.6666600071612905,0.2222222222411927,0.4999999999714035
C4,0.4,0.2,2,1,0.6666666666666666,0.4,3.847885131835938,0.666660203821996,0.2222222222385456,0.4999999999713322
C4,0.4,0.2,2,1,0.6666666666666666,0.4,3.857879638671875,0.6666603946759306,0.2222222222360485,0.4999999999712604
C4,0.4,0.2,2,1,0.6666666666666666,0.4,3.867874145507812,0.6666605798945155,0.2222222222336932,0.4999999999711885
C4,0.4,0.2,2,1,0.6666666666666666,0.4,3.87786865234375,0.666660759644123,0.222222222231471,0.4999999999711165
C4,0.4,0.2,2,1,0.6666666666666666,0.4,3.887863159179688,0.6666609340861862,0.222222222229374,0.4999999999710441
C4,0.4,0.2,2,1,0.6666666666666666,0.4,3.897857666015625,0.6666611033774005,0.2222222222273949,0.4999999999709719
C4,0.4,0.2,2,1,0.6666666666666666,0.4,3.907852172851562,0.6666612676698277,0.2222222222255275,0.499999999970899
C4,0.4,0.2,2,1,0.6666666666666666,0.4,3.9178466796875,0.6666614271110463,0.2222222222237651,0.4999999999708262
C4,0.4,0.2,2,1,0.6666666666666666,0.4,3.927841186523438,0.6666615818442694,0.222222222222101,0.4999999999707537
C4,0.4,0.2,2,1,0.6666666666666666,0.4,3.937835693359375,0.6666617320084934,0.2222222222205304,0.4999999999706805
C4,0.4,0.2,2,1,0.6666666666666666,0.4,3.947830200195312,0.6666618777386142,0.2222222222190471,0.4999999999706077
C4,0.4,0.2,2,1,0.6666666666666666,0.4,3.95782470703125,0.66666201916553,0.2222222222176461,0.499999999970534
C4,0.4,0.2,2,1,0.6666666666666666,0.4,3.967819213867188,0.6666621564162852,0.2222222222163225,0.4999999999704609
C4,0.4,0.2,2,1,0.6666666666666666,0.4,3.977813720703125,0.6666622896141799,0.2222222222150724,0.4999999999703877
C4,0.4,0.2,2,1,0.6666666666666666,0.4,3.987808227539062,0.6666624188788733,0.2222222222138912,0.4999999999703142
C4,0.4,0.2,2,1,0.6666666666666666,0.4,3.997802734375,0.6666625443264842,0.2222222222127747,0.4999999999702406
C4,0.4,0.2,2,1,0.6666666666666666,0.4,4.007797241210938,0.6666626660697138,0.2222222222117195,0.4999999999701665
C4,0.4,0.2,2,1,0.6666666666666666,0.4,4.017791748046875,0.6666627842179292,0.2222222222107219,0.4999999999700933
C4,0.4,0.2,2,1,0.6666666666666666,0.4,4.027786254882812,0.6666628988772696,0.2222222222097781,0.4999999999700192
C4,0.4,0.2,2,1,0.6666666666666666,0.4,4.03778076171875,0.6666630101507556,0.2222222222088857,0.4999999999699455
C4,0.4,0.2,2,1,0.6666666666666666,0.4,4.047775268554688,0.6666631181383444,0.2222222222080416,0.4999999999698715
C4,0.4,0.2,2,1,0.6666666666666666,0.4,4.057769775390625,0.6666632229370562,0.222222222207243,0.499999999969798
C4,0.4,0.2,2,1,0.6666666666666666,0.4,4.067764282226562,0.6666633246410444,0.2222222222064869,0.4999999999697249
C4,0.4,0.2,2,1,0.6666666666666666,0.4,4.0777587890625,0.6666634233416843,0.2222222222057716,0.4999999999696518
C4,0.4,0.2,2,1,0.6666666666666666,0.4,4.087753295898438,0.6666635191276488,0.2222222222050941,0.4999999999695786
C4,0.4,0.2,2,1,0.6666666666666666,0.4,4.097747802734375,0.6666636120850052,0.2222222222044523,0.4999999999695061
C4,0.4,0.2,2,1,0.6666666666666666,0.4,4.107742309570312,0.6666637022972688,0.2222222222038447,0.4999999999694334
C4,0.4,0.2,2,1,0.6666666666666666,0.4,4.11773681640625,0.6666637898454909,0.2222222222032678,0.4999999999693604
C4,0.4,0.2,2,1,0.6666666666666666,0.4,4.127731323242188,0.6666638748083306,0.2222222222027211,0.4999999999692873
C4,0.4,0.2,2,1,0.6666666666666666,0.4,4.137725830078125,0.6666639572621337,0.2222222222022022,0.4999999999692144
C4,0.4,0.2,2,1,0.6666666666666666,0.4,4.147720336914062,0.666664037280978,0.2222222222017098,0.4999999999691417
C4,0.4,0.2,2,1,0.6666666666666666,0.4,4.15771484375,0.6666641149367609,0.2222222222012425,0.4999999999690687
C4,0.4,0.2,2,1,0.6666666666666666,0.4,4.167709350585938,0.6666641902992611,0.2222222222007988,0.4999999999689958
C4,0.4,0.2,2,1,0.6666666666666666,0.4,4.177703857421875,0.6666642634361937,0.222222222200377,0.4999999999689232
C4,0.4,0.2,2,1,0.6666666666666666,0.4,4.187698364257812,0.6666643344132765,0.2222222221999763,0.499999999968851
C4,0.4,0.2,2,1,0.6666666666666666,0.4,4.19769287109375,0.6666644032942858,0.2222222221995951,0.4999999999687788
C4,0.4,0.2,2,1,0.6666666666666666,0.4,4.207687377929688,0.6666644701411109,0.2222222221992322,0.499999999968706
C4,0.4,0.2,2,1,0.6666666666666666,0.4,4.217681884765625,0.6666645350138225,0.2222222221988873,0.4999999999686337
C4,0.4,0.2,2,1,0.6666666666666666,0.4,4.227676391601562,0.6666645979707106,0.2222222221985583,0.4999999999685614
C4,0.4,0.2,2,1,0.6666666666666666,0.4,4.2376708984375,0.6666646590683526,0.2222222221982446,0.4999999999684887
C4,0.4,0.2,2,1,0.6666666666666666,0.4,4.247665405273438,0.6666647183616428,0.2222222221979457,0.4999999999684169
C4,0.4,0.2,2,1,0.6666666666666666,0.4,4.257659912109375,0.6666647759038647,0.2222222221976605,0.4999999999683443
C4,0.4,0.2,2,1,0.6666666666666666,0.4,4.267654418945312,0.6666648317467243,0.2222222221973881,0.4999999999682727
C4,0.4,0.2,2,1,0.6666666666666666,0.4,4.27764892578125,0.666664885940403,0.2222222221971281,0.4999999999682001
C4,0.4,0.2,2,1,0.6666666666666666,0.4,4.287643432617188,0.6666649385336046,0.2222222221968795,0.4999999999681282
C4,0.4,0.2,2,1,0.6666666666666666,0.4,4.297637939453125,0.6666649895735858,0.2222222221966415,0.4999999999680563
C4,0.4,0.2,2,1,0.6666666666666666,0.4,4.307632446289062,0.6666650391062157,0.2222222221964142,0.4999999999679845
C4,0.4,0.2,2,1,0.6666666666666666,0.4,4.317626953125,0.6666650871760004,0.2222222221961959,0.4999999999679129
C4,0.4,0.2,2,1,0.6666666666666666,0.4,4.327621459960938,0.6666651338261438,0.2222222221959872,0.4999999999678413
C4,0.4,0.2,2,1,0.6666666666666666,0.4,4.337615966796875,0.6666651790985623,0.2222222221957868,0.49999999996777
C4,0.4,0.2,2,1,0.6666666666666666,0.4,4.347610473632812,0.6666652230339494,0.2222222221955942,0.4999999999676984
C4,0.4,0.2,2,1,0.6666666666666666,0.4,4.35760498046875,0.6666652656717814,0.2222222221954096,0.4999999999676268
C4,0.4,0.2,2,1,0.6666666666666666,0.4,4.367599487304688,0.6666653070503777,0.2222222221952316,0.4999999999675555
C4,0.4,0.2,2,1,0.6666666666666666,0.4,4.377593994140625,0.6666653472069259,0.2222222221950607,0.4999999999674842
C4,0.4,0.2,2,1,0.6666666666666666,0.4,4.387588500976562,0.6666653861775096,0.2222222221948957,0.4999999999674125
C4,0.4,0.2,2,1,0.6666666666666666,0.4,4.3975830078125,0.6666654239971573,0.2222222221947368,0.4999999999673413
C4,0.4,0.2,2,1,0.6666666666666666,0.4,4.407577514648438,0.6666654606998523,0.2222222221945833,0.4999999999672695
C4,0.4,0.2,2,1,0.6666666666666666,0.4,4.417572021484375,0.6666654963185836,0.222222222194435,0.4999999999671979
C4,0.4,0.2,2,1,0.6666666666666666,0.4,4.427566528320312,0.6666655308853607,0.2222222221942917,0.4999999999671266
C4,0.4,0.2,2,1,0.6666666666666666,0.4,4.43756103515625,0.6666655644312489,0.2222222221941531,0.4999999999670555
C4,0.4,0.2,2,1,0.6666666666666666,0.4,4.447555541992188,0.6666655969863972,0.2222222221940186,0.4999999999669832
C4,0.4,0.2,2,1,0.6666666666666666,0.4,4.457550048828125,0.6666656285800651,0.2222222221938883,0.4999999999669116
C4,0.4,0.2,2,1,0.6666666666666666,0.4,4.467544555664062,0.6666656592406401,0.2222222221937618,0.4999999999668404
C4,0.4,0.2,2,1,0.6666666666666666,0.4,4.4775390625,0.6666656889956819,0.222222222193639,0.499999999966768
C4,0.4,0.2,2,1,0.6666666666666666,0.4,4.487533569335938,0.6666657178719343,0.2222222221935193,0.4999999999666963
C4,0.4,0.2,2,1,0.6666666666666666,0.4,4.497528076171875,0.6666657458953489,0.2222222221934032,0.4999999999666247
C4,0.4,0.2,2,1,0.6666666666666666,0.4,4.507522583007812,0.6666657730911109,0.2222222221932902,0.4999999999665531
C4,0.4,0.2,2,1,0.6666666666666666,0.4,4.51751708984375,0.6666657994836646,0.2222222221931792,0.4999999999664805
C4,0.4,0.2,2,1,0.6666666666666666,0.4,4.527511596679688,0.6666658250967302,0.2222222221930717,0.4999999999664085
C4,0.4,0.2,2,1,0.6666666666666666,0.4,4.537506103515625,0.6666658499533247,0.2222222221929667,0.4999999999663368
C4,0.4,0.2,2,1,0.6666666666666666,0.4,4.547500610351562,0.6666658740757962,0.2222222221928641,0.4999999999662655
C4,0.4,0.2,2,1,0.6666666666666666,0.4,4.5574951171875,0.6666658974858165,0.2222222221927634,0.499999999966193
C4,0.4,0.2,2,1,0.6666666666666666,0.4,4.567489624023438,0.6666659202044299,0.2222222221926654,0.4999999999661216
C4,0.4,0.2,2,1,0.6666666666666666,0.4,4.577484130859375,0.6666659422520546,0.2222222221925687,0.4999999999660494
C4,0.4,0.2,2,1,0.6666666666666666,0.4,4.587478637695312,0.6666659636485092,0.2222222221924747,0.4999999999659778
C4,0.4,0.2,2,1,0.6666666666666666,0.4,4.59747314453125,0.6666659844130238,0.2222222221923819,0.499999999965906
C4,0.4,0.2,2,1,0.6666666666666666,0.4,4.607467651367188,0.6666660045642582,0.2222222221922911,0.4999999999658342
C4,0.4,0.2,2,1,0.6666666666666666,0.4,4.617462158203125,0.6666660241203286,0.2222222221922016,0.4999999999657622
C4,0.4,0.2,2,1,0.6666666666666666,0.4,4.627456665039062,0.6666660430988121,0.2222222221921138,0.4999999999656904
C4,0.4,0.2,2,1,0.6666666666666666,0.4,4.637451171875,0.6666660615167641,0.2222222221920276,0.4999999999656193
C4,0.4,0.2,2,1,0.6666666666666666,0.4,4.647445678710938,0.6666660793907393,0.2222222221919422,0.4999999999655474
C4,0.4,0.2,2,1,0.6666666666666666,0.4,4.657440185546875,0.6666660967368054,0.2222222221918584,0.4999999999654752
C4,0.4,0.2,2,1,0.6666666666666666,0.4,4.667434692382812,0.6666661135705524,0.2222222221917755,0.4999999999654031
C4,0.4,0.2,2,1,0.6666666666666666,0.4,4.67742919921875,0.6666661299071056,0.2222222221916937,0.4999999999653316
C4,0.4,0.2,2,1,0.6666666666666666,0.4,4.687423706054688,0.6666661457611605,0.2222222221916131,0.4999999999652593
C4,0.4,0.2,2,1,0.6666666666666666,0.4,4.697418212890625,0.6666661611469574,0.2222222221915332,0.4999999999651874
C4,0.4,0.2,2,1,0.6666666666666666,0.4,4.707412719726562,0.6666661760783287,0.2222222221914545,0.4999999999651157
C4,0.4,0.2,2,1,0.6666666666666666,0.4,4.7174072265625,0.6666661905686941,0.2222222221913766,0.4999999999650441
C4,0.4,0.2,2,1,0.6666666666666666,0.4,4.727401733398438,0.6666662046310821,0.2222222221912991,0.4999999999649715
C4,0.4,0.2,2,1,0.6666666666666666,0.4,4.737396240234375,0.6666662182781337,0.222222222191223,0.4999999999648995
C4,0.4,0.2,2,1,0.6666666666666666,0.4,4.747390747070312,0.666666231522111,0.2222222221911472,0.4999999999648276
C4,0.4,0.2,2,1,0.6666666666666666,0.4,4.75738525390625,0.6666662443749185,0.222222222191072,0.4999999999647557
C4,0.4,0.2,2,1,0.6666666666666666,0.4,4.767379760742188,0.666666256848107,0.2222222221909977,0.4999999999646836
C4,0.4,0.2,2,1,0.6666666666666666,0.4,4.777374267578125,0.6666662689528902,0.2222222221909237,0.4999999999646114
C4,0.4,0.2,2,1,0.6666666666666666,0.4,4.787368774414062,0.666666280700151,0.2222222221908506,0.4999999999645396
C4,0.4,0.2,2,1,0.6666666666666666,0.4,4.79736328125,0.6666662921004485,0.2222222221907782,0.499999999964468
C4,0.4,0.2,2,1,0.6666666666666666,0.4,4.807357788085938,0.6666663031640369,0.2222222221907058,0.4999999999643956
C4,0.4,0.2,2,1,0.6666666666666666,0.4,4.817352294921875,0.6666663139008477,0.2222222221906341,0.4999999999643235
C4,0.4,0.2,2,1,0.6666666666666666,0.4,4.827346801757812,0.666666324320535,0.2222222221905629,0.4999999999642513
C4,0.4,0.2,2,1,0.6666666666666666,0.4,4.83734130859375,0.6666663344324636,0.222222222190492,0.4999999999641796
C4,0.4,0.2,2,1,0.6666666666666666,0.4,4.847335815429688,0.6666663442457307,0.2222222221904209,0.4999999999641073
C4,0.4,0.2,2,1,0.6666666666666666,0.4,4.857330322265625,0.6666663537691517,0.2222222221903511,0.4999999999640348
C4,0.4,0.2,2,1,0.6666666666666666,0.4,4.867324829101562,0.66666636301129,0.2222222221902816,0.4999999999639633
C4,0.4,0.2,2,1,0.6666666666666666,0.4,4.8773193359375,0.6666663719804515,0.2222222221902125,0.4999999999638917
C4,0.4,0.2,2,1,0.6666666666666666,0.4,4.887313842773438,0.6666663806847026,0.2222222221901435,0.4999999999638195
C4,0.4,0.2,2,1,0.6666666666666666,0.4,4.897308349609375,0.6666663891318633,0.2222222221900746,0.4999999999637471
C4,0.4,0.2,2,1,0.6666666666666666,0.4,4.907302856445312,0.6666663973295253,0.2222222221900061,0.4999999999636758
C4,0.4,0.2,2,1,0.6666666666666666,0.4,4.91729736328125,0.6666664052850597,0.222222222189938,0.4999999999636036
C4,0.4,0.2,2,1,0.6666666666666666,0.4,4.927291870117188,0.6666664130056177,0.2222222221898696,0.4999999999635312
C4,0.4,0.2,2,1,0.6666666666666666,0.4,4.937286376953125,0.6666664204981387,0.2222222221898019,0.4999999999634593
C4,0.4,0.2,2,1,0.6666666666666666,0.4,4.947280883789062,0.6666664277693578,0.2222222221897341,0.4999999999633871
C4,0.4,0.2,2,1,0.6666666666666666,0.4,4.957275390625,0.6666664348258119,0.2222222221896668,0.4999999999633148
C4,0.4,0.2,2,1,0.6666666666666666,0.4,4.967269897460938,0.6666664416738436,0.2222222221895996,0.4999999999632426
C4,0.4,0.2,2,1,0.6666666666666666,0.4,4.977264404296875,0.6666664483196105,0.2222222221895324,0.4999999999631705
C4,0.4,0.2,2,1,0.6666666666666666,0.4,4.987258911132812,0.6666664547690848,0.2222222221894654,0.4999999999630985
C4,0.4,0.2,2,1,0.6666666666666666,0.4,4.99725341796875,0.6666664610280655,0.2222222221893987,0.4999999999630259
C4,0.4,0.2,2,1,0.6666666666666666,0.4,5.007247924804688,0.6666664671021768,0.2222222221893321,0.499999999962954
C4,0.4,0.2,2,1,0.6666666666666666,0.4,5.017242431640625,0.6666664729968831,0.2222222221892656,0.4999999999628815
C4,0.4,0.2,2,1,0.6666666666666666,0.4,5.027236938476562,0.6666664787174806,0.222222222189199,0.4999999999628097
C4,0.4,0.2,2,1,0.6666666666666666,0.4,5.0372314453125,0.6666664842691117,0.2222222221891325,0.499999999962737
C4,0.4,0.2,2,1,0.6666666666666666,0.4,5.047225952148438,0.6666664896567652,0.2222222221890667,0.4999999999626645
C4,0.4,0.2,2,1,0.6666666666666666,0.4,5.057220458984375,0.6666664948852853,0.2222222221890008,0.4999999999625925
C4,0.4,0.2,2,1,0.6666666666666666,0.4,5.067214965820312,0.6666664999593737,0.2222222221889344,0.4999999999625201
C4,0.4,0.2,2,1,0.6666666666666666,0.4,5.07720947265625,0.666666504883591,0.2222222221888685,0.4999999999624476
C4,0.4,0.2,2,1,0.6666666666666666,0.4,5.087203979492188,0.6666665096623625,0.2222222221888025,0.4999999999623752
C4,0.4,0.2,2,1,0.6666666666666666,0.4,5.097198486328125,0.666666514299985,0.2222222221887369,0.4999999999623031
C4,0.4,0.2,2,1,0.6666666666666666,0.4,5.107192993164062,0.666666518800626,0.2222222221886714,0.4999999999622305
C4,0.4,0.2,2,1,0.6666666666666666,0.4,5.1171875,0.6666665231683346,0.2222222221886059,0.4999999999621582
C4,0.4,0.2,2,1,0.6666666666666666,0.4,5.127182006835938,0.6666665274070325,0.2222222221885404,0.4999999999620862
C4,0.4,0.2,2,1,0.6666666666666666,0.4,5.137176513671875,0.6666665315205319,0.2222222221884751,0.4999999999620143
C4,0.4,0.2,2,1,0.6666666666666666,0.4,5.147171020507812,0.6666665355125323,0.2222222221884098,0.4999999999619418
C4,0.4,0.2,2,1,0.6666666666666666,0.4,5.15716552734375,0.6666665393866217,0.2222222221883444,0.4999999999618695
C4,0.4,0.2,2,1,0.6666666666666666,0.4,5.167160034179688,0.6666665431462835,0.2222222221882793,0.4999999999617971
C4,0.4,0.2,2,1,0.6666666666666666,0.4,5.177154541015625,0.6666665467948977,0.2222222221882143,0.4999999999617248
C4,0.4,0.2,2,1,0.6666666666666666,0.4,5.187149047851562,0.6666665503357418,0.222222222188149,0.4999999999616527
C4,0.4,0.2,2,1,0.6666666666666666,0.4,5.1971435546875,0.6666665537720003,0.2222222221880838,0.4999999999615803
C4,0.4,0.2,2,1,0.6666666666666666,0.4,5.207138061523438,0.6666665571067619,0.2222222221880187,0.4999999999615079
C4,0.4,0.2,2,1,0.6666666666666666,0.4,5.217132568359375,0.666666560343024,0.2222222221879539,0.4999999999614356
C4,0.4,0.2,2,1,0.6666666666666666,0.4,5.227127075195312,0.6666665634836964,0.2222222221878887,0.4999999999613628
C4,0.4,0.2,2,1,0.6666666666666666,0.4,5.23712158203125,0.6666665665316038,0.2222222221878238,0.499999999961291
C4,0.4,0.2,2,1,0.6666666666666666,0.4,5.247116088867188,0.6666665694894858,0.2222222221877588,0.4999999999612181
C4,0.4,0.2,2,1,0.6666666666666666,0.4,5.257110595703125,0.6666665723600014,0.222222222187694,0.4999999999611459
C4,0.4,0.2,2,1,0.6666666666666666,0.4,5.267105102539062,0.666666575145727,0.2222222221876291,0.4999999999610736
C4,0.4,0.2,2,1,0.6666666666666666,0.4,5.277099609375,0.6666665778491716,0.2222222221875643,0.499999999961001
C4,0.4,0.2,2,1,0.6666666666666666,0.4,5.287094116210938,0.6666665804727643,0.2222222221874993,0.4999999999609285
C4,0.4,0.2,2,1,0.6666666666666666,0.4,5.297088623046875,0.6666665830188676,0.2222222221874346,0.4999999999608561
C4,0.4,0.2,2,1,0.6666666666666666,0.4,5.307083129882812,0.6666665854897635,0.2222222221873697,0.4999999999607835
C4,0.4,0.2,2,1,0.6666666666666666,0.4,5.31707763671875,0.6666665878876775,0.2222222221873051,0.4999999999607113
C4,0.4,0.2,2,1,0.6666666666666666,0.4,5.327072143554688,0.6666665902147646,0.2222222221872403,0.4999999999606387
C4,0.4,0.2,2,1,0.6666666666666666,0.4,5.337066650390625,0.6666665924731137,0.2222222221871758,0.4999999999605667
C4,0.4,0.2,2,1,0.6666666666666666,0.4,5.347061157226562,0.6666665946647586,0.222222222187111,0.4999999999604945
C4,0.4,0.2,2,1,0.6666666666666666,0.4,5.3570556640625,0.6666665967916688,0.2222222221870462,0.4999999999604216
C4,0.4,0.2,2,1,0.6666666666666666,0.4,5.367050170898438,0.6666665988557575,0.2222222221869816,0.4999999999603493
C4,0.4,0.2,2,1,0.6666666666666666,0.4,5.377044677734375,0.6666666008588774,0.2222222221869171,0.4999999999602773
C4,0.4,0.2,2,1,0.6666666666666666,0.4,5.387039184570312,0.6666666028028315,0.2222222221868525,0.4999999999602049
C4,0.4,0.2,2,1,0.6666666666666666,0.4,5.39703369140625,0.6666666046893662,0.2222222221867877,0.4999999999601322
C4,0.4,0.2,2,1,0.6666666666666666,0.4,5.407028198242188,0.666666606520179,0.2222222221867231,0.4999999999600595
C4,0.4,0.2,2,1,0.6666666666666666,0.4,5.417022705078125,0.666666608296913,0.2222222221866587,0.4999999999599874
C4,0.4,0.2,2,1,0.6666666666666666,0.4,5.427017211914062,0.6666666100211668,0.222222222186594,0.4999999999599147
C4,0.4,0.2,2,1,0.6666666666666666,0.4,5.43701171875,0.6666666116944908,0.2222222221865293,0.4999999999598422
C4,0.4,0.2,2,1,0.6666666666666666,0.4,5.447006225585938,0.6666666133183895,0.2222222221864652,0.4999999999597701
C4,0.4,0.2,2,1,0.6666666666666666,0.4,5.457000732421875,0.6666666148943223,0.2222222221864006,0.4999999999596982
C4,0.4,0.2,2,1,0.6666666666666666,0.4,5.466995239257812,0.6666666164237077,0.2222222221863358,0.4999999999596252
C4,0.4,0.2,2,1,0.6666666666666666,0.4,5.47698974609375,0.6666666179079186,0.2222222221862712,0.4999999999595522
C4,0.4,0.2,2,1,0.6666666666666666,0.4,5.486984252929688,0.6666666193482882,0.2222222221862061,0.4999999999594793
C4,0.4,0.2,2,1,0.6666666666666666,0.4,5.496978759765625,0.666666620746114,0.2222222221861415,0.499999999959407
C4,0.4,0.2,2,1,0.6666666666666666,0.4,5.506973266601562,0.6666666221026506,0.2222222221860773,0.4999999999593349
C4,0.4,0.2,2,1,0.6666666666666666,0.4,5.5169677734375,0.6666666234191199,0.2222222221860129,0.4999999999592628
C4,0.4,0.2,2,1,0.6666666666666666,0.4,5.526962280273438,0.6666666246967038,0.2222222221859484,0.49999999995919
C4,0.4,0.2,2,1,0.6666666666666666,0.4,5.536956787109375,0.6666666259365518,0.2222222221858838,0.4999999999591173
C4,0.4,0.2,2,1,0.6666666666666666,0.4,5.546951293945312,0.6666666271397772,0.222222222185819,0.4999999999590444
C4,0.4,0.2,2,1,0.6666666666666666,0.4,5.55694580078125,0.6666666283074635,0.2222222221857542,0.4999999999589718
C4,0.4,0.2,2,1,0.6666666666666666,0.4,5.566940307617188,0.6666666294406579,0.2222222221856894,0.4999999999588993
C4,0.4,0.2,2,1,0.6666666666666666,0.4,5.576934814453125,0.6666666305403808,0.2222222221856254,0.4999999999588268
C4,0.4,0.2,2,1,0.6666666666666666,0.4,5.586929321289062,0.6666666316076191,0.222222222185561,0.4999999999587548
C4,0.4,0.2,2,1,0.6666666666666666,0.4,5.596923828125,0.6666666326433346,0.2222222221854964,0.4999999999586823
C4,0.4,0.2,2,1,0.6666666666666666,0.4,5.606918334960938,0.6666666336484585,0.2222222221854319,0.4999999999586098
C4,0.4,0.2,2,1,0.6666666666666666,0.4,5.616912841796875,0.6666666346238932,0.2222222221853674,0.4999999999585376
C4,0.4,0.2,2,1,0.6666666666666666,0.4,5.626907348632812,0.6666666355705148,0.2222222221853027,0.4999999999584645
C4,0.4,0.2,2,1,0.6666666666666666,0.4,5.63690185546875,0.6666666364891791,0.2222222221852382,0.4999999999583919
C4,0.4,0.2,2,1,0.6666666666666666,0.4,5.646896362304688,0.6666666373807074,0.2222222221851737,0.4999999999583196
C4,0.4,0.2,2,1,0.6666666666666666,0.4,5.656890869140625,0.6666666382459011,0.2222222221851086,0.4999999999582466
C4,0.4,0.2,2,1,0.6666666666666666,0.4,5.666885375976562,0.6666666390855389,0.2222222221850443,0.4999999999581738
C4,0.4,0.2,2,1,0.6666666666666666,0.4,5.6768798828125,0.6666666399003757,0.2222222221849799,0.4999999999581018
C4,0.4,0.2,2,1,0.6666666666666666,0.4,5.686874389648438,0.6666666406911437,0.2222222221849158,0.4999999999580296
C4,0.4,0.2,2,1,0.6666666666666666,0.4,5.696868896484375,0.6666666414585538,0.2222222221848511,0.4999999999579571
C4,0.4,0.2,2,1,0.6666666666666666,0.4,5.706863403320312,0.6666666422032982,0.2222222221847873,0.4999999999578852
C4,0.4,0.2,2,1,0.6666666666666666,0.4,5.71685791015625,0.6666666429260427,0.2222222221847232,0.499999999957813
C4,0.4,0.2,2,1,0.6666666666666666,0.4,5.726852416992188,0.6666666436274395,0.2222222221846588,0.4999999999577409
C4,0.4,0.2,2,1,0.6666666666666666,0.4,5.736846923828125,0.666666644308118,0.2222222221845937,0.4999999999576679
C4,0.4,0.2,2,1,0.6666666666666666,0.4,5.746841430664062,0.6666666449686948,0.2222222221845289,0.4999999999575944
C4,0.4,0.2,2,1,0.6666666666666666,0.4,5.7568359375,0.6666666456097549,0.222222222184464,0.4999999999575216
C4,0.4,0.2,2,1,0.6666666666666666,0.4,5.766830444335938,0.6666666462318817,0.2222222221843995,0.4999999999574494
C4,0.4,0.2,2,1,0.6666666666666666,0.4,5.776824951171875,0.6666666468356329,0.2222222221843336,0.4999999999573754
C4,0.4,0.2,2,1,0.6666666666666666,0.4,5.786819458007812,0.6666666474215525,0.222222222184268,0.4999999999573014
C4,0.4,0.2,2,1,0.6666666666666666,0.4,5.79681396484375,0.6666666479901643,0.2222222221842029,0.499999999957228
C4,0.4,0.2,2,1,0.6666666666666666,0.4,5.806808471679688,0.6666666485419807,0.222222222184138,0.4999999999571546
C4,0.4,0.2,2,1,0.6666666666666666,0.4,5.816802978515625,0.6666666490774974,0.2222222221840733,0.4999999999570822
C4,0.4,0.2,2,1,0.6666666666666666,0.4,5.826797485351562,0.6666666495971941,0.2222222221840082,0.4999999999570088
C4,0.4,0.2,2,1,0.6666666666666666,0.4,5.8367919921875,0.6666666501015424,0.2222222221839429,0.4999999999569354
C4,0.4,0.2,2,1,0.6666666666666666,0.4,5.846786499023438,0.6666666505909914,0.2222222221838788,0.4999999999568641
C4,0.4,0.2,2,1,0.6666666666666666,0.4,5.856781005859375,0.666666651065986,0.2222222221838145,0.4999999999567911
C4,0.4,0.2,2,1,0.6666666666666666,0.4,5.866775512695312,0.6666666515269494,0.2222222221837513,0.4999999999567202
C4,0.4,0.2,2,1,0.6666666666666666,0.4,5.87677001953125,0.6666666519742952,0.2222222221836863,0.4999999999566472
C4,0.4,0.2,2,1,0.6666666666666666,0.4,5.886764526367188,0.6666666524084284,0.2222222221836216,0.4999999999565741
C4,0.4,0.2,2,1,0.6666666666666666,0.4,5.896759033203125,0.666666652829738,0.2222222221835583,0.4999999999565026
C4,0.4,0.2,2,1,0.6666666666666666,0.4,5.906753540039062,0.6666666532386001,0.2222222221834933,0.4999999999564299
C4,0.4,0.2,2,1,0.6666666666666666,0.4,5.916748046875,0.6666666536353887,0.22222222218343,0.4999999999563586
C4,0.4,0.2,2,1,0.6666666666666666,0.4,5.926742553710938,0.666666654020457,0.2222222221833659,0.4999999999562865
C4,0.4,0.2,2,1,0.6666666666666666,0.4,5.936737060546875,0.6666666543941523,0.2222222221833022,0.4999999999562146
C4,0.4,0.2,2,1,0.6666666666666666,0.4,5.946731567382812,0.666666654756806,0.2222222221832379,0.4999999999561421
C4,0.4,0.2,2,1,0.6666666666666666,0.4,5.95672607421875,0.6666666551087506,0.2222222221831739,0.4999999999560703
C4,0.4,0.2,2,1,0.6666666666666666,0.4,5.966720581054688,0.6666666554502992,0.2222222221831103,0.4999999999559987
C4,0.4,0.2,2,1,0.6666666666666666,0.4,5.976715087890625,0.6666666557817578,0.2222222221830456,0.4999999999559266
C4,0.4,0.2,2,1,0.6666666666666666,0.4,5.986709594726562,0.6666666561034194,0.2222222221829816,0.4999999999558548
C4,0.4,0.2,2,1,0.6666666666666666,0.4,5.9967041015625,0.6666666564155922,0.2222222221829182,0.4999999999557835
C4,0.4,0.2,2,1,0.6666666666666666,0.4,6.006698608398438,0.6666666567185351,0.2222222221828546,0.4999999999557119
C4,0.4,0.2,2,1,0.6666666666666666,0.4,6.016693115234375,0.6666666570125308,0.2222222221827914,0.4999999999556403
C4,0.4,0.2,2,1,0.6666666666666666,0.4,6.026687622070312,0.6666666572978464,0.2222222221827274,0.4999999999555689
C4,0.4,0.2,2,1,0.6666666666666666,0.4,6.03668212890625,0.666666657574732,0.2222222221826632,0.4999999999554966
C4,0.4,0.2,2,1,0.6666666666666666,0.4,6.046676635742188,0.6666666578434376,0.2222222221825997,0.4999999999554251
C4,0.4,0.2,2,1,0.6666666666666666,0.4,6.056671142578125,0.6666666581042127,0.2222222221825367,0.4999999999553541
C4,0.4,0.2,2,1,0.6666666666666666,0.4,6.066665649414062,0.6666666583572778,0.222222222182473,0.499999999955282
C4,0.4,0.2,2,1,0.6666666666666666,0.4,6.07666015625,0.6666666586028721,0.2222222221824099,0.4999999999552107
C4,0.4,0.2,2,1,0.6666666666666666,0.4,6.086654663085938,0.666666658841207,0.2222222221823464,0.4999999999551394
C4,0.4,0.2,2,1,0.6666666666666666,0.4,6.096649169921875,0.6666666590725082,0.2222222221822816,0.4999999999550666
C4,0.4,0.2,2,1,0.6666666666666666,0.4,6.106643676757812,0.6666666592969733,0.2222222221822176,0.4999999999549952
C4,0.4,0.2,2,1,0.6666666666666666,0.4,6.11663818359375,0.6666666595148085,0.2222222221821546,0.4999999999549241
C4,0.4,0.2,2,1,0.6666666666666666,0.4,6.126632690429688,0.6666666597262085,0.2222222221820929,0.4999999999548544
C4,0.4,0.2,2,1,0.6666666666666666,0.4,6.136627197265625,0.6666666599313664,0.222222222182028,0.4999999999547813
C4,0.4,0.2,2,1,0.6666666666666666,0.4,6.146621704101562,0.6666666601304665,0.2222222221819638,0.4999999999547096
C4,0.4,0.2,2,1,0.6666666666666666,0.4,6.1566162109375,0.6666666603236786,0.2222222221819013,0.4999999999546388
C4,0.4,0.2,2,1,0.6666666666666666,0.4,6.166610717773438,0.6666666605111854,0.222222222181837,0.4999999999545653
C4,0.4,0.2,2,1,0.6666666666666666,0.4,6.176605224609375,0.6666666606931605,0.2222222221817739,0.4999999999544943
C4,0.4,0.2,2,1,0.6666666666666666,0.4,6.186599731445312,0.6666666608697518,0.2222222221817081,0.4999999999544212
C4,0.4,0.2,2,1,0.6666666666666666,0.4,6.19659423828125,0.6666666610411325,0.2222222221816459,0.4999999999543512
C4,0.4,0.2,2,1,0.6666666666666666,0.4,6.206588745117188,0.6666666612074478,0.2222222221815799,0.4999999999542779
C4,0.4,0.2,2,1,0.6666666666666666,0.4,6.216583251953125,0.6666666613688527,0.2222222221815197,0.4999999999542092
C4,0.4,0.2,2,1,0.6666666666666666,0.4,6.226577758789062,0.6666666615254927,0.2222222221814561,0.4999999999541375
C4,0.4,0.2,2,1,0.6666666666666666,0.4,6.236572265625,0.6666666616775017,0.2222222221813912,0.499999999954065
C4,0.4,0.2,2,1,0.6666666666666666,0.4,6.246566772460938,0.666666661825018,0.2222222221813278,0.4999999999539944
C4,0.4,0.2,2,1,0.6666666666666666,0.4,6.256561279296875,0.6666666619681818,0.2222222221812667,0.499999999953925
C4,0.4,0.2,2,1,0.6666666666666666,0.4,6.266555786132812,0.6666666621071109,0.2222222221812034,0.499999999953854
C4,0.4,0.2,2,1,0.6666666666666666,0.4,6.27655029296875,0.6666666622419426,0.2222222221811417,0.4999999999537849
C4,0.4,0.2,2,1,0.6666666666666666,0.4,6.286544799804688,0.6666666623727934,0.2222222221810776,0.4999999999537124
C4,0.4,0.2,2,1,0.6666666666666666,0.4,6.296539306640625,0.666666662499773,0.2222222221810127,0.4999999999536384
C4,0.4,0.2,2,1,0.6666666666666666,0.4,6.306533813476562,0.6666666626229981,0.222222222180947,0.4999999999535631
C4,0.4,0.2,2,1,0.6666666666666666,0.4,6.3165283203125,0.6666666627425963,0.2222222221808837,0.4999999999534941
C4,0.4,0.2,2,1,0.6666666666666666,0.4,6.326522827148438,0.6666666628586584,0.222222222180822,0.4999999999534226
C4,0.4,0.2,2,1,0.6666666666666666,0.4,6.336517333984375,0.6666666629712815,0.2222222221807575,0.49999999995335
C4,0.4,0.2,2,1,0.6666666666666666,0.4,6.346511840820312,0.6666666630805906,0.2222222221806949,0.4999999999532804
C4,0.4,0.2,2,1,0.6666666666666666,0.4,6.35650634765625,0.6666666631866587,0.2222222221806289,0.4999999999532074
C4,0.4,0.2,2,1,0.6666666666666666,0.4,6.366500854492188,0.6666666632896087,0.2222222221805651,0.499999999953136
C4,0.4,0.2,2,1,0.6666666666666666,0.4,6.376495361328125,0.6666666633895053,0.2222222221805022,0.4999999999530645
C4,0.4,0.2,2,1,0.6666666666666666,0.4,6.386489868164062,0.6666666634864619,0.2222222221804405,0.4999999999529955
C4,0.4,0.2,2,1,0.6666666666666666,0.4,6.396484375,0.6666666635805377,0.2222222221803808,0.4999999999529264
C4,0.4,0.2,2,1,0.6666666666666666,0.4,6.406478881835938,0.6666666636718432,0.2222222221803157,0.4999999999528539
C4,0.4,0.2,2,1,0.6666666666666666,0.4,6.416473388671875,0.6666666637604628,0.2222222221802508,0.4999999999527819
C4,0.4,0.2,2,1,0.6666666666666666,0.4,6.426467895507812,0.6666666638464577,0.2222222221801899,0.4999999999527118
C4,0.4,0.2,2,1,0.6666666666666666,0.4,6.43646240234375,0.6666666639299083,0.2222222221801278,0.4999999999526437
C4,0.4,0.2,2,1,0.6666666666666666,0.4,6.446456909179688,0.6666666640108972,0.2222222221800619,0.4999999999525693
C4,0.4,0.2,2,1,0.6666666666666666,0.4,6.456451416015625,0.6666666640894868,0.2222222221799961,0.4999999999524961
C4,0.4,0.2,2,1,0.6666666666666666,0.4,6.466445922851562,0.6666666641657629,0.2222222221799357,0.4999999999524262
C4,0.4,0.2,2,1,0.6666666666666666,0.4,6.4764404296875,0.6666666642397784,0.2222222221798701,0.4999999999523537
C4,0.4,0.2,2,1,0.6666666666666666,0.4,6.486434936523438,0.666666664311606,0.222222222179807,0.4999999999522832
C4,0.4,0.2,2,1,0.6666666666666666,0.4,6.496429443359375,0.6666666643813239,0.2222222221797462,0.4999999999522131
C4,0.4,0.2,2,1,0.6666666666666666,0.4,6.506423950195312,0.6666666644489854,0.2222222221796811,0.499999999952141
C4,0.4,0.2,2,1,0.6666666666666666,0.4,6.51641845703125,0.6666666645146376,0.2222222221796228,0.4999999999520733
C4,0.4,0.2,2,1,0.6666666666666666,0.4,6.526412963867188,0.6666666645783571,0.2222222221795575,0.499999999952001
C4,0.4,0.2,2,1,0.6666666666666666,0.4,6.536407470703125,0.6666666646401834,0.2222222221794997,0.4999999999519388
C4,0.4,0.2,2,1,0.6666666666666666,0.4,6.546401977539062,0.6666666647001953,0.2222222221794327,0.4999999999518595
C4,0.4,0.2,2,1,0.6666666666666666,0.4,6.556396484375,0.6666666647584206,0.2222222221793732,0.4999999999517961
C4,0.4,0.2,2,1,0.6666666666666666,0.4,6.566390991210938,0.6666666648149332,0.2222222221793018,0.4999999999517143
C4,0.4,0.2,2,1,0.6666666666666666,0.4,6.576385498046875,0.6666666648697782,0.222222222179241,0.4999999999516442
C4,0.4,0.2,2,1,0.6666666666666666,0.4,6.586380004882812,0.6666666649230213,0.2222222221791768,0.4999999999515724
C4,0.4,0.2,2,1,0.6666666666666666,0.4,6.59637451171875,0.66666666497468,0.2222222221791115,0.4999999999515001
C4,0.4,0.2,2,1,0.6666666666666666,0.4,6.606369018554688,0.6666666650247939,0.2222222221790477,0.499999999951429
C4,0.4,0.2,2,1,0.6666666666666666,0.4,6.616363525390625,0.6666666650734611,0.2222222221789855,0.4999999999513575
C4,0.4,0.2,2,1,0.6666666666666666,0.4,6.626358032226562,0.6666666651206657,0.2222222221789286,0.4999999999512964
C4,0.4,0.2,2,1,0.6666666666666666,0.4,6.6363525390625,0.6666666651664663,0.2222222221788549,0.4999999999512134
C4,0.4,0.2,2,1,0.6666666666666666,0.4,6.646347045898438,0.6666666652109311,0.222222222178795,0.4999999999511433
C4,0.4,0.2,2,1,0.6666666666666666,0.4,6.656341552734375,0.6666666652540899,0.2222222221787329,0.4999999999510732
C4,0.4,0.2,2,1,0.6666666666666666,0.4,6.666336059570312,0.6666666652959725,0.222222222178664,0.4999999999509988
C4,0.4,0.2,2,1,0.6666666666666666,0.4,6.67633056640625,0.6666666653366056,0.2222222221786066,0.4999999999509308
C4,0.4,0.2,2,1,0.6666666666666666,0.4,6.686325073242188,0.6666666653760106,0.22222222217854,0.4999999999508575
C4,0.4,0.2,2,1,0.6666666666666666,0.4,6.696319580078125,0.666666665414326,0.2222222221784786,0.4999999999507881
C4,0.4,0.2,2,1,0.6666666666666666,0.4,6.706314086914062,0.6666666654514307,0.2222222221784135,0.4999999999507155
C4,0.4,0.2,2,1,0.6666666666666666,0.4,6.71630859375,0.6666666654874843,0.2222222221783593,0.499999999950656
C4,0.4,0.2,2,1,0.6666666666666666,0.4,6.726303100585938,0.6666666655224588,0.2222222221782876,0.4999999999505741
C4,0.4,0.2,2,1,0.6666666666666666,0.4,6.736297607421875,0.6666666655564242,0.2222222221782256,0.4999999999505029
C4,0.4,0.2,2,1,0.6666666666666666,0.4,6.746292114257812,0.6666666655893511,0.2222222221781632,0.4999999999504326
C4,0.4,0.2,2,1,0.6666666666666666,0.4,6.75628662109375,0.6666666656213404,0.2222222221781036,0.499999999950365
C4,0.4,0.2,2,1,0.6666666666666666,0.4,6.766281127929688,0.666666665652361,0.2222222221780317,0.4999999999502878
C4,0.4,0.2,2,1,0.6666666666666666,0.4,6.776275634765625,0.6666666656824807,0.2222222221779681,0.4999999999502164
C4,0.4,0.2,2,1,0.6666666666666666,0.4,6.786270141601562,0.6666666657116894,0.2222222221779128,0.4999999999501496
C4,0.4,0.2,2,1,0.6666666666666666,0.4,6.7962646484375,0.666666665740028,0.2222222221778423,0.4999999999500748
C4,0.4,0.2,2,1,0.6666666666666666,0.4,6.806259155273438,0.6666666657675742,0.2222222221777829,0.4999999999500053
C4,0.4,0.2,2,1,0.6666666666666666,0.4,6.816253662109375,0.6666666657942892,0.2222222221777163,0.4999999999499324
C4,0.4,0.2,2,1,0.6666666666666666,0.4,6.826248168945312,0.6666666658201729,0.2222222221776549,0.4999999999498629
C4,0.4,0.2,2,1,0.6666666666666666,0.4,6.83624267578125,0.6666666658453467,0.2222222221776013,0.4999999999498023
C4,0.4,0.2,2,1,0.6666666666666666,0.4,6.846237182617188,0.6666666658697598,0.222222222177531,0.4999999999497221
C4,0.4,0.2,2,1,0.6666666666666666,0.4,6.856231689453125,0.6666666658934125,0.2222222221774603,0.4999999999496449
C4,0.4,0.2,2,1,0.6666666666666666,0.4,6.866226196289062,0.6666666659164638,0.2222222221774007,0.4999999999495767
C4,0.4,0.2,2,1,0.6666666666666666,0.4,6.876220703125,0.6666666659387369,0.222222222177338,0.4999999999495064
C4,0.4,0.2,2,1,0.6666666666666666,0.4,6.886215209960938,0.6666666659603574,0.2222222221772717,0.4999999999494331
C4,0.4,0.2,2,1,0.6666666666666666,0.4,6.896209716796875,0.6666666659814173,0.2222222221772158,0.4999999999493671
C4,0.4,0.2,2,1,0.6666666666666666,0.4,6.906204223632812,0.6666666660017855,0.2222222221771473,0.4999999999492925
C4,0.4,0.2,2,1,0.6666666666666666,0.4,6.91619873046875,0.6666666660215951,0.2222222221770753,0.4999999999492101
C4,0.4,0.2,2,1,0.6666666666666666,0.4,6.926193237304688,0.6666666660407857,0.2222222221770128,0.4999999999491385
C4,0.4,0.2,2,1,0.6666666666666666,0.4,6.936187744140625,0.6666666660594065,0.2222222221769571,0.4999999999490765
C4,0.4,0.2,2,1,0.6666666666666666,0.4,6.946182250976562,0.6666666660775145,0.2222222221769094,0.4999999999490231
C4,0.4,0.2,2,1,0.6666666666666666,0.4,6.9561767578125,0.6666666660950474,0.2222222221768431,0.4999999999489483
C4,0.4,0.2,2,1,0.6666666666666666,0.4,6.966171264648438,0.6666666661120317,0.2222222221767675,0.4999999999488631
C4,0.4,0.2,2,1,0.6666666666666666,0.4,6.976165771484375,0.6666666661286181,0.2222222221767103,0.4999999999487976
C4,0.4,0.2,2,1,0.6666666666666666,0.4,6.986160278320312,0.6666666661446989,0.2222222221766462,0.4999999999487268
C4,0.4,0.2,2,1,0.6666666666666666,0.4,6.99615478515625,0.6666666661602407,0.2222222221765816,0.4999999999486547
C4,0.4,0.2,2,1,0.6666666666666666,0.4,7.006149291992188,0.6666666661752686,0.2222222221765106,0.4999999999485736
C4,0.4,0.2,2,1,0.6666666666666666,0.4,7.016143798828125,0.66666666618995,0.222222222176466,0.4999999999485243
C4,0.4,0.2,2,1,0.6666666666666666,0.4,7.026138305664062,0.6666666662042242,0.2222222221764133,0.4999999999484651
C4,0.4,0.2,2,1,0.6666666666666666,0.4,7.0361328125,0.6666666662180323,0.2222222221763497,0.4999999999483938
C4,0.4,0.2,2,1,0.6666666666666666,0.4,7.046127319335938,0.6666666662313837,0.2222222221762823,0.499999999948318
C4,0.4,0.2,2,1,0.6666666666666666,0.4,7.056121826171875,0.6666666662444257,0.2222222221762063,0.4999999999482346
C4,0.4,0.2,2,1,0.6666666666666666,0.4,7.066116333007812,0.6666666662570345,0.2222222221761333,0.4999999999481515
C4,0.4,0.2,2,1,0.6666666666666666,0.4,7.07611083984375,0.6666666662693101,0.2222222221760695,0.4999999999480796
C4,0.4,0.2,2,1,0.6666666666666666,0.4,7.086105346679688,0.6666666662811953,0.2222222221760094,0.4999999999480111
C4,0.4,0.2,2,1,0.6666666666666666,0.4,7.096099853515625,0.6666666662927175,0.2222222221759499,0.4999999999479421
C4,0.4,0.2,2,1,0.6666666666666666,0.4,7.106094360351562,0.6666666663039387,0.2222222221759029,0.4999999999478909
C4,0.4,0.2,2,1,0.6666666666666666,0.4,7.1160888671875,0.6666666663148072,0.222222222175837,0.4999999999478207
C4,0.4,0.2,2,1,0.6666666666666666,0.4,7.126083374023438,0.6666666663253134,0.2222222221757703,0.4999999999477404
C4,0.4,0.2,2,1,0.6666666666666666,0.4,7.136077880859375,0.6666666663354772,0.222222222175694,0.4999999999476553
C4,0.4,0.2,2,1,0.6666666666666666,0.4,7.146072387695312,0.6666666663453835,0.222222222175635,0.4999999999475865
C4,0.4,0.2,2,1,0.6666666666666666,0.4,7.15606689453125,0.6666666663550849,0.2222222221755816,0.4999999999475281
C4,0.4,0.2,2,1,0.6666666666666666,0.4,7.166061401367188,0.6666666663645124,0.2222222221755129,0.4999999999474529
C4,0.4,0.2,2,1,0.6666666666666666,0.4,7.176055908203125,0.6666666663736044,0.222222222175461,0.4999999999473939
C4,0.4,0.2,2,1,0.6666666666666666,0.4,7.186050415039062,0.6666666663824163,0.2222222221753898,0.4999999999473122
C4,0.4,0.2,2,1,0.6666666666666666,0.4,7.196044921875,0.6666666663909286,0.2222222221753228,0.4999999999472388
C4,0.4,0.2,2,1,0.6666666666666666,0.4,7.206039428710938,0.6666666663991577,0.2222222221752532,0.4999999999471573
C4,0.4,0.2,2,1,0.6666666666666666,0.4,7.216033935546875,0.6666666664071308,0.2222222221751853,0.4999999999470827
C4,0.4,0.2,2,1,0.6666666666666666,0.4,7.226028442382812,0.6666666664149414,0.2222222221751245,0.4999999999470146
C4,0.4,0.2,2,1,0.6666666666666666,0.4,7.23602294921875,0.6666666664225486,0.2222222221750762,0.4999999999469589
C4,0.4,0.2,2,1,0.6666666666666666,0.4,7.246017456054688,0.6666666664299592,0.222222222175029,0.4999999999469102
C4,0.4,0.2,2,1,0.6666666666666666,0.4,7.256011962890625,0.6666666664371206,0.2222222221749798,0.4999999999468536
C4,0.4,0.2,2,1,0.6666666666666666,0.4,7.266006469726562,0.6666666664440529,0.2222222221749281,0.4999999999467959
C4,0.4,0.2,2,1,0.6666666666666666,0.4,7.2760009765625,0.6666666664507706,0.2222222221748647,0.4999999999467224
C4,0.4,0.2,2,1,0.6666666666666666,0.4,7.285995483398438,0.6666666664572626,0.2222222221747976,0.4999999999466456
C4,0.4,0.2,2,1,0.6666666666666666,0.4,7.295989990234375,0.6666666664635403,0.2222222221747319,0.4999999999465728
C4,0.4,0.2,2,1,0.6666666666666666,0.4,7.305984497070312,0.6666666664697305,0.2222222221746679,0.4999999999465017
C4,0.4,0.2,2,1,0.6666666666666666,0.4,7.31597900390625,0.666666666475741,0.222222222174593,0.4999999999464169
C4,0.4,0.2,2,1,0.6666666666666666,0.4,7.325973510742188,0.6666666664815527,0.2222222221745265,0.4999999999463433
C4,0.4,0.2,2,1,0.6666666666666666,0.4,7.335968017578125,0.6666666664871439,0.2222222221744639,0.4999999999462724
C4,0.4,0.2,2,1,0.6666666666666666,0.4,7.345962524414062,0.6666666664925783,0.2222222221743839,0.4999999999461854
C4,0.4,0.2,2,1,0.6666666666666666,0.4,7.35595703125,0.66666666649784,0.2222222221743052,0.4999999999460914
C4,0.4,0.2,2,1,0.6666666666666666,0.4,7.365951538085938,0.6666666665029234,0.2222222221742295,0.4999999999460062
C4,0.4,0.2,2,1,0.6666666666666666,0.4,7.375946044921875,0.6666666665078722,0.2222222221741662,0.4999999999459355
C4,0.4,0.2,2,1,0.6666666666666666,0.4,7.385940551757812,0.6666666665127233,0.2222222221741076,0.49999999994587
C4,0.4,0.2,2,1,0.6666666666666666,0.4,7.39593505859375,0.6666666665174198,0.2222222221740457,0.4999999999458041
C4,0.4,0.2,2,1,0.6666666666666666,0.4,7.405929565429688,0.6666666665219519,0.2222222221739897,0.4999999999457373
C4,0.4,0.2,2,1,0.6666666666666666,0.4,7.415924072265625,0.6666666665264042,0.2222222221739402,0.4999999999456811
C4,0.4,0.2,2,1,0.6666666666666666,0.4,7.425918579101562,0.6666666665307666,0.2222222221738924,0.4999999999456294
C4,0.4,0.2,2,1,0.6666666666666666,0.4,7.4359130859375,0.6666666665349821,0.2222222221738444,0.4999999999455754
C4,0.4,0.2,2,1,0.6666666666666666,0.4,7.445907592773438,0.6666666665390638,0.2222222221737922,0.4999999999455164
C4,0.4,0.2,2,1,0.6666666666666666,0.4,7.455902099609375,0.6666666665430188,0.222222222173736,0.4999999999454534
C4,0.4,0.2,2,1,0.6666666666666666,0.4,7.465896606445312,0.6666666665468389,0.2222222221736835,0.4999999999453935
C4,0.4,0.2,2,1,0.6666666666666666,0.4,7.47589111328125,0.6666666665505285,0.2222222221736347,0.4999999999453371
C4,0.4,0.2,2,1,0.6666666666666666,0.4,7.485885620117188,0.6666666665540932,0.2222222221735873,0.4999999999452897
C4,0.4,0.2,2,1,0.6666666666666666,0.4,7.495880126953125,0.6666666665575423,0.2222222221735266,0.499999999945219
C4,0.4,0.2,2,1,0.6666666666666666,0.4,7.505874633789062,0.66666666656089,0.222222222173459,0.4999999999451383
C4,0.4,0.2,2,1,0.6666666666666666,0.4,7.515869140625,0.6666666665641373,0.22222222217339,0.4999999999450641
C4,0.4,0.2,2,1,0.6666666666666666,0.4,7.525863647460938,0.6666666665672913,0.2222222221733236,0.4999999999449903
C4,0.4,0.2,2,1,0.6666666666666666,0.4,7.535858154296875,0.6666666665703067,0.2222222221732541,0.4999999999449085
C4,0.4,0.2,2,1,0.6666666666666666,0.4,7.545852661132812,0.6666666665732446,0.2222222221731811,0.4999999999448281
C4,0.4,0.2,2,1,0.6666666666666666,0.4,7.55584716796875,0.6666666665761072,0.222222222173114,0.4999999999447535
C4,0.4,0.2,2,1,0.6666666666666666,0.4,7.565841674804688,0.6666666665788401,0.2222222221730363,0.4999999999446673
C4,0.4,0.2,2,1,0.6666666666666666,0.4,7.575836181640625,0.666666666581522,0.2222222221729526,0.4999999999445708
C4,0.4,0.2,2,1,0.6666666666666666,0.4,7.585830688476562,0.6666666665841283,0.2222222221728626,0.4999999999444713
C4,0.4,0.2,2,1,0.6666666666666666,0.4,7.5958251953125,0.6666666665866801,0.2222222221727777,0.4999999999443743
C4,0.4,0.2,2,1,0.6666666666666666,0.4,7.605819702148438,0.6666666665892542,0.222222222172708,0.4999999999442978
C4,0.4,0.2,2,1,0.6666666666666666,0.4,7.615814208984375,0.6666666665916949,0.2222222221726322,0.499999999944213
C4,0.4,0.2,2,1,0.6666666666666666,0.4,7.625808715820312,0.6666666665940929,0.2222222221725612,0.4999999999441317
C4,0.4,0.2,2,1,0.6666666666666666,0.4,7.63580322265625,0.6666666665963904,0.2222222221724819,0.4999999999440423
C4,0.4,0.2,2,1,0.6666666666666666,0.4,7.645797729492188,0.6666666665986346,0.2222222221724131,0.4999999999439655
C4,0.4,0.2,2,1,0.6666666666666666,0.4,7.655792236328125,0.6666666666007759,0.2222222221723447,0.4999999999438899
C4,0.4,0.2,2,1,0.6666666666666666,0.4,7.665786743164062,0.6666666666028815,0.2222222221722777,0.4999999999438126
C4,0.4,0.2,2,1,0.6666666666666666,0.4,7.67578125,0.6666666666048998,0.222222222172192,0.4999999999437183
C4,0.4,0.2,2,1,0.6666666666666666,0.4,7.685775756835938,0.6666666666069013,0.2222222221721196,0.4999999999436331
C4,0.4,0.2,2,1,0.6666666666666666,0.4,7.695770263671875,0.6666666666087792,0.2222222221720294,0.4999999999435336
C4,0.4,0.2,2,1,0.6666666666666666,0.4,7.705764770507812,0.6666666666106446,0.2222222221719504,0.499999999943446
C4,0.4,0.2,2,1,0.6666666666666666,0.4,7.71575927734375,0.6666666666124268,0.2222222221718669,0.49999999994335
C4,0.4,0.2,2,1,0.6666666666666666,0.4,7.725753784179688,0.6666666666141529,0.2222222221717833,0.4999999999432548
C4,0.4,0.2,2,1,0.6666666666666666,0.4,7.735748291015625,0.6666666666158657,0.2222222221717077,0.4999999999431751
C4,0.4,0.2,2,1,0.6666666666666666,0.4,7.745742797851562,0.6666666666174467,0.2222222221716262,0.4999999999430789
C4,0.4,0.2,2,1,0.6666666666666666,0.4,7.7557373046875,0.6666666666190196,0.2222222221715461,0.4999999999429919
C4,0.4,0.2,2,1,0.6666666666666666,0.4,7.765731811523438,0.6666666666205674,0.2222222221714727,0.4999999999429087
C4,0.4,0.2,2,1,0.6666666666666666,0.4,7.775726318359375,0.6666666666219894,0.2222222221713993,0.4999999999428235
C4,0.4,0.2,2,1,0.6666666666666666,0.4,7.785720825195312,0.6666666666234062,0.2222222221713261,0.4999999999427404
C4,0.4,0.2,2,1,0.6666666666666666,0.4,7.79571533203125,0.666666666624816,0.2222222221712591,0.4999999999426665
C4,0.4,0.2,2,1,0.6666666666666666,0.4,7.805709838867188,0.6666666666261105,0.2222222221711836,0.4999999999425817
C4,0.4,0.2,2,1,0.6666666666666666,0.4,7.815704345703125,0.6666666666273811,0.2222222221711105,0.4999999999424992
C4,0.4,0.2,2,1,0.6666666666666666,0.4,7.825698852539062,0.6666666666286463,0.2222222221710431,0.4999999999424252
C4,0.4,0.2,2,1,0.6666666666666666,0.4,7.835693359375,0.6666666666298731,0.2222222221709738,0.4999999999423434
C4,0.4,0.2,2,1,0.6666666666666666,0.4,7.845687866210938,0.6666666666310049,0.2222222221708989,0.4999999999422584
C4,0.4,0.2,2,1,0.6666666666666666,0.4,7.855682373046875,0.6666666666321261,0.2222222221708295,0.4999999999421828
C4,0.4,0.2,2,1,0.6666666666666666,0.4,7.865676879882812,0.6666666666332393,0.2222222221707649,0.4999999999421106
C4,0.4,0.2,2,1,0.6666666666666666,0.4,7.87567138671875,0.6666666666343261,0.2222222221707031,0.4999999999420389
C4,0.4,0.2,2,1,0.6666666666666666,0.4,7.885665893554688,0.6666666666353043,0.2222222221706306,0.4999999999419626
C4,0.4,0.2,2,1,0.6666666666666666,0.4,7.895660400390625,0.6666666666362728,0.2222222221705677,0.4999999999418901
C4,0.4,0.2,2,1,0.6666666666666666,0.4,7.905654907226562,0.6666666666372338,0.2222222221705069,0.4999999999418209
C4,0.4,0.2,2,1,0.6666666666666666,0.4,7.9156494140625,0.6666666666381866,0.2222222221704528,0.499999999941761
C4,0.4,0.2,2,1,0.6666666666666666,0.4,7.925643920898438,0.6666666666390986,0.2222222221703904,0.4999999999416901
C4,0.4,0.2,2,1,0.6666666666666666,0.4,7.935638427734375,0.6666666666399373,0.2222222221703149,0.4999999999416054
C4,0.4,0.2,2,1,0.6666666666666666,0.4,7.945632934570312,0.6666666666407706,0.2222222221702447,0.4999999999415229
C4,0.4,0.2,2,1,0.6666666666666666,0.4,7.95562744140625,0.6666666666415975,0.2222222221701774,0.4999999999414504
C4,0.4,0.2,2,1,0.6666666666666666,0.4,7.965621948242188,0.6666666666424178,0.2222222221701158,0.4999999999413803
C4,0.4,0.2,2,1,0.6666666666666666,0.4,7.975616455078125,0.6666666666432286,0.2222222221700592,0.4999999999413143
C4,0.4,0.2,2,1,0.6666666666666666,0.4,7.985610961914062,0.6666666666439707,0.222222222169992,0.4999999999412396
C4,0.4,0.2,2,1,0.6666666666666666,0.4,7.99560546875,0.6666666666446625,0.2222222221699185,0.4999999999411564
C4,0.4,0.2,2,1,0.6666666666666666,0.4,8.005599975585938,0.6666666666453468,0.2222222221698499,0.499999999941081
C4,0.4,0.2,2,1,0.6666666666666666,0.4,8.015594482421875,0.6666666666460247,0.2222222221697843,0.4999999999410088
C4,0.4,0.2,2,1,0.6666666666666666,0.4,8.025588989257812,0.6666666666466983,0.2222222221697243,0.4999999999409381
C4,0.4,0.2,2,1,0.6666666666666666,0.4,8.03558349609375,0.6666666666473671,0.2222222221696649,0.49999999994087
C4,0.4,0.2,2,1,0.6666666666666666,0.4,8.045578002929688,0.666666666648034,0.2222222221696057,0.4999999999408083
C4,0.4,0.2,2,1,0.6666666666666666,0.4,8.055572509765625,0.666666666648675,0.2222222221695293,0.4999999999407224
C4,0.4,0.2,2,1,0.6666666666666666,0.4,8.065567016601562,0.6666666666492712,0.2222222221694247,0.4999999999406027
C4,0.4,0.2,2,1,0.6666666666666666,0.4,8.0755615234375,0.666666666649857,0.2222222221693256,0.4999999999404918
C4,0.4,0.2,2,1,0.6666666666666666,0.4,8.085556030273438,0.6666666666504338,0.2222222221692301,0.4999999999403854
C4,0.4,0.2,2,1,0.6666666666666666,0.4,8.095550537109375,0.6666666666510028,0.2222222221691407,0.4999999999402818
C4,0.4,0.2,2,1,0.6666666666666666,0.4,8.105545043945312,0.6666666666515634,0.2222222221690552,0.4999999999401871
C4,0.4,0.2,2,1,0.6666666666666666,0.4,8.11553955078125,0.6666666666521156,0.2222222221689757,0.4999999999400979
C4,0.4,0.2,2,1,0.6666666666666666,0.4,8.125534057617188,0.6666666666526626,0.2222222221689033,0.4999999999400161
C4,0.4,0.2,2,1,0.6666666666666666,0.4,8.135528564453125,0.6666666666532033,0.2222222221688344,0.4999999999399392
C4,0.4,0.2,2,1,0.6666666666666666,0.4,8.145523071289062,0.6666666666537299,0.2222222221687697,0.4999999999398663
C4,0.4,0.2,2,1,0.6666666666666666,0.4,8.155517578125,0.6666666666541754,0.2222222221686891,0.499999999939776
C4,0.4,0.2,2,1,0.6666666666666666,0.4,8.165512084960938,0.6666666666545946,0.2222222221686036,0.4999999999396795
C4,0.4,0.2,2,1,0.6666666666666666,0.4,8.175506591796875,0.6666666666550098,0.2222222221685201,0.4999999999395858
C4,0.4,0.2,2,1,0.6666666666666666,0.4,8.185501098632812,0.666666666655423,0.2222222221684394,0.4999999999394945
C4,0.4,0.2,2,1,0.6666666666666666,0.4,8.19549560546875,0.6666666666558306,0.2222222221683625,0.4999999999394072
C4,0.4,0.2,2,1,0.6666666666666666,0.4,8.205490112304688,0.6666666666562346,0.2222222221682879,0.4999999999393236
C4,0.4,0.2,2,1,0.6666666666666666,0.4,8.215484619140625,0.6666666666566325,0.2222222221682139,0.4999999999392409
C4,0.4,0.2,2,1,0.6666666666666666,0.4,8.225479125976562,0.6666666666570253,0.2222222221681449,0.4999999999391637
C4,0.4,0.2,2,1,0.6666666666666666,0.4,8.2354736328125,0.6666666666574121,0.2222222221680812,0.4999999999390918
C4,0.4,0.2,2,1,0.6666666666666666,0.4,8.245468139648438,0.6666666666577945,0.2222222221680207,0.4999999999390235
C4,0.4,0.2,2,1,0.6666666666666666,0.4,8.255462646484375,0.6666666666581755,0.2222222221679626,0.4999999999389577
C4,0.4,0.2,2,1,0.6666666666666666,0.4,8.265457153320312,0.6666666666585521,0.2222222221679061,0.4999999999388938
C4,0.4,0.2,2,1,0.6666666666666666,0.4,8.27545166015625,0.6666666666589258,0.2222222221678516,0.4999999999388333
C4,0.4,0.2,2,1,0.6666666666666666,0.4,8.285446166992188,0.6666666666592977,0.2222222221677978,0.4999999999387734
C4,0.4,0.2,2,1,0.6666666666666666,0.4,8.295440673828125,0.6666666666596258,0.2222222221677442,0.4999999999387107
C4,0.4,0.2,2,1,0.6666666666666666,0.4,8.305435180664062,0.6666666666598406,0.2222222221676947,0.4999999999386602
C4,0.4,0.2,2,1,0.6666666666666666,0.4,8.3154296875,0.6666666666600507,0.2222222221676528,0.4999999999386068
C4,0.4,0.2,2,1,0.6666666666666666,0.4,8.325424194335938,0.6666666666602608,0.2222222221676085,0.4999999999385606
C4,0.4,0.2,2,1,0.6666666666666666,0.4,8.335418701171875,0.6666666666604709,0.2222222221675644,0.4999999999385091
C4,0.4,0.2,2,1,0.6666666666666666,0.4,8.345413208007812,0.6666666666606809,0.2222222221675225,0.4999999999384634
C4,0.4,0.2,2,1,0.6666666666666666,0.4,8.35540771484375,0.666666666660891,0.2222222221674787,0.4999999999384156
C4,0.4,0.2,2,1,0.6666666666666666,0.4,8.365402221679688,0.666666666661101,0.2222222221674373,0.4999999999383647
C4,0.4,0.2,2,1,0.6666666666666666,0.4,8.375396728515625,0.6666666666613111,0.2222222221673918,0.4999999999383193
C4,0.4,0.2,2,1,0.6666666666666666,0.4,8.385391235351562,0.6666666666615213,0.2222222221673505,0.4999999999382677
C4,0.4,0.2,2,1,0.6666666666666666,0.4,8.3953857421875,0.6666666666617312,0.2222222221673064,0.4999999999382224
C4,0.4,0.2,2,1,0.6666666666666666,0.4,8.405380249023438,0.6666666666619414,0.2222222221672651,0.4999999999381702
C4,0.4,0.2,2,1,0.6666666666666666,0.4,8.415374755859375,0.6666666666621515,0.2222222221672217,0.4999999999381246
C4,0.4,0.2,2,1,0.6666666666666666,0.4,8.425369262695312,0.6666666666623614,0.2222222221671805,0.4999999999380789
C4,0.4,0.2,2,1,0.6666666666666666,0.4,8.43536376953125,0.6666666666625716,0.2222222221671369,0.4999999999380267
C4,0.4,0.2,2,1,0.6666666666666666,0.4,8.445358276367188,0.6666666666627815,0.2222222221670934,0.4999999999379827
C4,0.4,0.2,2,1,0.6666666666666666,0.4,8.455352783203125,0.6666666666629912,0.222222222167052,0.4999999999379304
C4,0.4,0.2,2,1,0.6666666666666666,0.4,8.465347290039062,0.6666666666632013,0.2222222221670082,0.4999999999378848
C4,0.4,0.2,2,1,0.6666666666666666,0.4,8.475341796875,0.6666666666634107,0.2222222221669671,0.4999999999378392
C4,0.4,0.2,2,1,0.6666666666666666,0.4,8.485336303710938,0.6666666666636207,0.2222222221669237,0.4999999999377872
C4,0.4,0.2,2,1,0.6666666666666666,0.4,8.495330810546875,0.6666666666638296,0.2222222221668831,0.4999999999377437
C4,0.4,0.2,2,1,0.6666666666666666,0.4,8.505325317382812,0.6666666666640386,0.2222222221668397,0.4999999999376951
C4,0.4,0.2,2,1,0.6666666666666666,0.4,8.51531982421875,0.6666666666642473,0.2222222221667994,0.4999999999376469
C4,0.4,0.2,2,1,0.6666666666666666,0.4,8.525314331054688,0.6666666666644562,0.2222222221667564,0.4999999999376035
C4,0.4,0.2,2,1,0.6666666666666666,0.4,8.535308837890625,0.6666666666646661,0.2222222221667154,0.4999999999375518
C4,0.4,0.2,2,1,0.6666666666666666,0.4,8.545303344726562,0.6666666666648764,0.2222222221666723,0.499999999937507
C4,0.4,0.2,2,1,0.6666666666666666,0.4,8.5552978515625,0.6666666666650864,0.2222222221666318,0.4999999999374616
C4,0.4,0.2,2,1,0.6666666666666666,0.4,8.565292358398438,0.6666666666652964,0.2222222221665878,0.4999999999374105
C4,0.4,0.2,2,1,0.6666666666666666,0.4,8.575286865234375,0.6666666666655063,0.2222222221665465,0.4999999999373674
C4,0.4,0.2,2,1,0.6666666666666666,0.4,8.585281372070312,0.6666666666656188,0.2222222221665222,0.4999999999373403
C4,0.4,0.2,2,1,0.6666666666666666,0.4,8.59527587890625,0.6666666666656188,0.2222222221665219,0.4999999999373398
C4,0.4,0.2,2,1,0.6666666666666666,0.4,8.605270385742188,0.6666666666656188,0.2222222221665219,0.4999999999373398
C4,0.4,0.2,2,1,0.6666666666666666,0.4,8.615264892578125,0.6666666666656188,0.2222222221665219,0.4999999999373398
C4,0.4,0.2,2,1,0.6666666666666666,0.4,8.625259399414062,0.6666666666656188,0.2222222221665219,0.4999999999373398
C4,0.4,0.2,2,1,0.6666666666666666,0.4,8.63525390625,0.6666666666656188,0.2222222221665219,0.4999999999373398
C4,0.4,0.2,2,1,0.6666666666666666,0.4,8.645248413085938,0.6666666666656188,0.2222222221665219,0.4999999999373398
C4,0.4,0.2,2,1,0.6666666666666666,0.4,8.655242919921875,0.6666666666656188,0.2222222221665219,0.4999999999373398
C4,0.4,0.2,2,1,0.6666666666666666,0.4,8.665237426757812,0.6666666666656188,0.2222222221665219,0.4999999999373398
C4,0.4,0.2,2,1,0.6666666666666666,0.4,8.67523193359375,0.6666666666656188,0.2222222221665219,0.4999999999373398
C4,0.4,0.2,2,1,0.6666666666666666,0.4,8.685226440429688,0.6666666666656188,0.2222222221665219,0.4999999999373398
C4,0.4,0.2,2,1,0.6666666666666666,0.4,8.695220947265625,0.6666666666656188,0.2222222221665219,0.4999999999373398
C4,0.4,0.2,2,1,0.6666666666666666,0.4,8.705215454101562,0.6666666666656188,0.2222222221665219,0.4999999999373398
C4,0.4,0.2,2,1,0.6666666666666666,0.4,8.7152099609375,0.6666666666656188,0.2222222221665219,0.4999999999373398
C4,0.4,0.2,2,1,0.6666666666666666,0.4,8.725204467773438,0.6666666666656188,0.2222222221665219,0.4999999999373398
C4,0.4,0.2,2,1,0.6666666666666666,0.4,8.735198974609375,0.6666666666656188,0.2222222221665219,0.4999999999373398
C4,0.4,0.2,2,1,0.6666666666666666,0.4,8.745193481445312,0.6666666666656188,0.2222222221665219,0.4999999999373398
C4,0.4,0.2,2,1,0.6666666666666666,0.4,8.75518798828125,0.6666666666656188,0.2222222221665219,0.4999999999373398
C4,0.4,0.2,2,1,0.6666666666666666,0.4,8.765182495117188,0.6666666666656188,0.2222222221665219,0.4999999999373398
C4,0.4,0.2,2,1,0.6666666666666666,0.4,8.775177001953125,0.6666666666656188,0.2222222221665219,0.4999999999373398
C4,0.4,0.2,2,1,0.6666666666666666,0.4,8.785171508789062,0.6666666666656188,0.2222222221665219,0.4999999999373398
C4,0.4,0.2,2,1,0.6666666666666666,0.4,8.795166015625,0.6666666666656188,0.2222222221665219,0.4999999999373398
C4,0.4,0.2,2,1,0.6666666666666666,0.4,8.805160522460938,0.6666666666656188,0.2222222221665219,0.4999999999373398
C4,0.4,0.2,2,1,0.6666666666666666,0.4,8.815155029296875,0.6666666666656188,0.2222222221665219,0.4999999999373398
C4,0.4,0.2,2,1,0.6666666666666666,0.4,8.825149536132812,0.6666666666656188,0.2222222221665219,0.4999999999373398
C4,0.4,0.2,2,1,0.6666666666666666,0.4,8.83514404296875,0.6666666666656188,0.2222222221665219,0.4999999999373398
C4,0.4,0.2,2,1,0.6666666666666666,0.4,8.845138549804688,0.6666666666656188,0.2222222221665219,0.4999999999373398
C4,0.4,0.2,2,1,0.6666666666666666,0.4,8.855133056640625,0.6666666666656188,0.2222222221665219,0.4999999999373398
C4,0.4,0.2,2,1,0.6666666666666666,0.4,8.865127563476562,0.6666666666656188,0.2222222221665219,0.4999999999373398
C4,0.4,0.2,2,1,0.6666666666666666,0.4,8.8751220703125,0.6666666666656188,0.2222222221665219,0.4999999999373398
C4,0.4,0.2,2,1,0.6666666666666666,0.4,8.885116577148438,0.6666666666656188,0.2222222221665219,0.4999999999373398
C4,0.4,0.2,2,1,0.6666666666666666,0.4,8.895111083984375,0.6666666666656188,0.2222222221665219,0.4999999999373398
C4,0.4,0.2,2,1,0.6666666666666666,0.4,8.905105590820312,0.6666666666656188,0.2222222221665219,0.4999999999373398
C4,0.4,0.2,2,1,0.6666666666666666,0.4,8.91510009765625,0.6666666666656188,0.2222222221665219,0.4999999999373398
C4,0.4,0.2,2,1,0.6666666666666666,0.4,8.925094604492188,0.6666666666656188,0.2222222221665219,0.4999999999373398
C4,0.4,0.2,2,1,0.6666666666666666,0.4,8.935089111328125,0.6666666666656188,0.2222222221665219,0.4999999999373398
C4,0.4,0.2,2,1,0.6666666666666666,0.4,8.945083618164062,0.6666666666656188,0.2222222221665219,0.4999999999373398
C4,0.4,0.2,2,1,0.6666666666666666,0.4,8.955078125,0.6666666666656188,0.2222222221665219,0.4999999999373398
C4,0.4,0.2,2,1,0.6666666666666666,0.4,8.965072631835938,0.6666666666656188,0.2222222221665219,0.4999999999373398
C4,0.4,0.2,2,1,0.6666666666666666,0.4,8.975067138671875,0.6666666666656188,0.2222222221665219,0.4999999999373398
C4,0.4,0.2,2,1,0.6666666666666666,0.4,8.985061645507812,0.6666666666656188,0.2222222221665219,0.4999999999373398
C4,0.4,0.2,2,1,0.6666666666666666,0.4,8.99505615234375,0.6666666666656188,0.2222222221665219,0.4999999999373398
C4,0.4,0.2,2,1,0.6666666666666666,0.4,9.005050659179688,0.6666666666656188,0.2222222221665219,0.4999999999373398
C4,0.4,0.2,2,1,0.6666666666666666,0.4,9.015045166015625,0.6666666666656188,0.2222222221665219,0.4999999999373398
C4,0.4,0.2,2,1,0.6666666666666666,0.4,9.025039672851562,0.6666666666656188,0.2222222221665219,0.4999999999373398
C4,0.4,0.2,2,1,0.6666666666666666,0.4,9.0350341796875,0.6666666666656188,0.2222222221665219,0.4999999999373398
C4,0.4,0.2,2,1,0.6666666666666666,0.4,9.045028686523438,0.6666666666656188,0.2222222221665219,0.4999999999373398
C4,0.4,0.2,2,1,0.6666666666666666,0.4,9.055023193359375,0.6666666666656188,0.2222222221665219,0.4999999999373398
C4,0.4,0.2,2,1,0.6666666666666666,0.4,9.065017700195312,0.6666666666656188,0.2222222221665219,0.4999999999373398
C4,0.4,0.2,2,1,0.6666666666666666,0.4,9.07501220703125,0.6666666666656188,0.2222222221665219,0.4999999999373398
C4,0.4,0.2,2,1,0.6666666666666666,0.4,9.085006713867188,0.6666666666656188,0.2222222221665219,0.4999999999373398
C4,0.4,0.2,2,1,0.6666666666666666,0.4,9.095001220703125,0.6666666666656188,0.2222222221665219,0.4999999999373398
C4,0.4,0.2,2,1,0.6666666666666666,0.4,9.104995727539062,0.6666666666656188,0.2222222221665219,0.4999999999373398
C4,0.4,0.2,2,1,0.6666666666666666,0.4,9.114990234375,0.6666666666656188,0.2222222221665219,0.4999999999373398
C4,0.4,0.2,2,1,0.6666666666666666,0.4,9.124984741210938,0.6666666666656188,0.2222222221665219,0.4999999999373398
C4,0.4,0.2,2,1,0.6666666666666666,0.4,9.134979248046875,0.6666666666656188,0.2222222221665219,0.4999999999373398
C4,0.4,0.2,2,1,0.6666666666666666,0.4,9.144973754882812,0.6666666666656188,0.2222222221665219,0.4999999999373398
C4,0.4,0.2,2,1,0.6666666666666666,0.4,9.15496826171875,0.6666666666656188,0.2222222221665219,0.4999999999373398
C4,0.4,0.2,2,1,0.6666666666666666,0.4,9.164962768554688,0.6666666666656188,0.2222222221665219,0.4999999999373398
C4,0.4,0.2,2,1,0.6666666666666666,0.4,9.174957275390625,0.6666666666656188,0.2222222221665219,0.4999999999373398
C4,0.4,0.2,2,1,0.6666666666666666,0.4,9.184951782226562,0.6666666666656188,0.2222222221665219,0.4999999999373398
C4,0.4,0.2,2,1,0.6666666666666666,0.4,9.1949462890625,0.6666666666656188,0.2222222221665219,0.4999999999373398
C4,0.4,0.2,2,1,0.6666666666666666,0.4,9.204940795898438,0.6666666666656188,0.2222222221665219,0.4999999999373398
C4,0.4,0.2,2,1,0.6666666666666666,0.4,9.214935302734375,0.6666666666656188,0.2222222221665219,0.4999999999373398
C4,0.4,0.2,2,1,0.6666666666666666,0.4,9.224929809570312,0.6666666666656188,0.2222222221665219,0.4999999999373398
C4,0.4,0.2,2,1,0.6666666666666666,0.4,9.23492431640625,0.6666666666656188,0.2222222221665219,0.4999999999373398
C4,0.4,0.2,2,1,0.6666666666666666,0.4,9.244918823242188,0.6666666666656188,0.2222222221665219,0.4999999999373398
C4,0.4,0.2,2,1,0.6666666666666666,0.4,9.254913330078125,0.6666666666656188,0.2222222221665219,0.4999999999373398
C4,0.4,0.2,2,1,0.6666666666666666,0.4,9.264907836914062,0.6666666666656188,0.2222222221665219,0.4999999999373398
C4,0.4,0.2,2,1,0.6666666666666666,0.4,9.27490234375,0.6666666666656188,0.2222222221665219,0.4999999999373398
C4,0.4,0.2,2,1,0.6666666666666666,0.4,9.284896850585938,0.6666666666656188,0.2222222221665219,0.4999999999373398
C4,0.4,0.2,2,1,0.6666666666666666,0.4,9.294891357421875,0.6666666666656188,0.2222222221665219,0.4999999999373398
C4,0.4,0.2,2,1,0.6666666666666666,0.4,9.304885864257812,0.6666666666656188,0.2222222221665219,0.4999999999373398
C4,0.4,0.2,2,1,0.6666666666666666,0.4,9.31488037109375,0.6666666666656188,0.2222222221665219,0.4999999999373398
C4,0.4,0.2,2,1,0.6666666666666666,0.4,9.324874877929688,0.6666666666656188,0.2222222221665219,0.4999999999373398
C4,0.4,0.2,2,1,0.6666666666666666,0.4,9.334869384765625,0.6666666666656188,0.2222222221665219,0.4999999999373398
C4,0.4,0.2,2,1,0.6666666666666666,0.4,9.344863891601562,0.6666666666656188,0.2222222221665219,0.4999999999373398
C4,0.4,0.2,2,1,0.6666666666666666,0.4,9.3548583984375,0.6666666666656188,0.2222222221665219,0.4999999999373398
C4,0.4,0.2,2,1,0.6666666666666666,0.4,9.364852905273438,0.6666666666656188,0.2222222221665219,0.4999999999373398
C4,0.4,0.2,2,1,0.6666666666666666,0.4,9.374847412109375,0.6666666666656188,0.2222222221665219,0.4999999999373398
C4,0.4,0.2,2,1,0.6666666666666666,0.4,9.384841918945312,0.6666666666656188,0.2222222221665219,0.4999999999373398
C4,0.4,0.2,2,1,0.6666666666666666,0.4,9.39483642578125,0.6666666666656188,0.2222222221665219,0.4999999999373398
C4,0.4,0.2,2,1,0.6666666666666666,0.4,9.404830932617188,0.6666666666656188,0.2222222221665219,0.4999999999373398
C4,0.4,0.2,2,1,0.6666666666666666,0.4,9.414825439453125,0.6666666666656188,0.2222222221665219,0.4999999999373398
C4,0.4,0.2,2,1,0.6666666666666666,0.4,9.424819946289062,0.6666666666656188,0.2222222221665219,0.4999999999373398
C4,0.4,0.2,2,1,0.6666666666666666,0.4,9.434814453125,0.6666666666656188,0.2222222221665219,0.4999999999373398
C4,0.4,0.2,2,1,0.6666666666666666,0.4,9.444808959960938,0.6666666666656188,0.2222222221665219,0.4999999999373398
C4,0.4,0.2,2,1,0.6666666666666666,0.4,9.454803466796875,0.6666666666656188,0.2222222221665219,0.4999999999373398
C4,0.4,0.2,2,1,0.6666666666666666,0.4,9.464797973632812,0.6666666666656188,0.2222222221665219,0.4999999999373398
C4,0.4,0.2,2,1,0.6666666666666666,0.4,9.47479248046875,0.6666666666656188,0.2222222221665219,0.4999999999373398
C4,0.4,0.2,2,1,0.6666666666666666,0.4,9.484786987304688,0.6666666666656188,0.2222222221665219,0.4999999999373398
C4,0.4,0.2,2,1,0.6666666666666666,0.4,9.494781494140625,0.6666666666656188,0.2222222221665219,0.4999999999373398
C4,0.4,0.2,2,1,0.6666666666666666,0.4,9.504776000976562,0.6666666666656188,0.2222222221665219,0.4999999999373398
C4,0.4,0.2,2,1,0.6666666666666666,0.4,9.5147705078125,0.6666666666656188,0.2222222221665219,0.4999999999373398
C4,0.4,0.2,2,1,0.6666666666666666,0.4,9.524765014648438,0.6666666666656188,0.2222222221665219,0.4999999999373398
C4,0.4,0.2,2,1,0.6666666666666666,0.4,9.534759521484375,0.6666666666656188,0.2222222221665219,0.4999999999373398
C4,0.4,0.2,2,1,0.6666666666666666,0.4,9.544754028320312,0.6666666666656188,0.2222222221665219,0.4999999999373398
C4,0.4,0.2,2,1,0.6666666666666666,0.4,9.55474853515625,0.6666666666656188,0.2222222221665219,0.4999999999373398
C4,0.4,0.2,2,1,0.6666666666666666,0.4,9.564743041992188,0.6666666666656188,0.2222222221665219,0.4999999999373398
C4,0.4,0.2,2,1,0.6666666666666666,0.4,9.574737548828125,0.6666666666656188,0.2222222221665219,0.4999999999373398
C4,0.4,0.2,2,1,0.6666666666666666,0.4,9.584732055664062,0.6666666666656188,0.2222222221665219,0.4999999999373398
C4,0.4,0.2,2,1,0.6666666666666666,0.4,9.5947265625,0.6666666666656188,0.2222222221665219,0.4999999999373398
C4,0.4,0.2,2,1,0.6666666666666666,0.4,9.604721069335938,0.6666666666656188,0.2222222221665219,0.4999999999373398
C4,0.4,0.2,2,1,0.6666666666666666,0.4,9.614715576171875,0.6666666666656188,0.2222222221665219,0.4999999999373398
C4,0.4,0.2,2,1,0.6666666666666666,0.4,9.624710083007812,0.6666666666656188,0.2222222221665219,0.4999999999373398
C4,0.4,0.2,2,1,0.6666666666666666,0.4,9.63470458984375,0.6666666666656188,0.2222222221665219,0.4999999999373398
C4,0.4,0.2,2,1,0.6666666666666666,0.4,9.644699096679688,0.6666666666656188,0.2222222221665219,0.4999999999373398
C4,0.4,0.2,2,1,0.6666666666666666,0.4,9.654693603515625,0.6666666666656188,0.2222222221665219,0.4999999999373398
C4,0.4,0.2,2,1,0.6666666666666666,0.4,9.664688110351562,0.6666666666656188,0.2222222221665219,0.4999999999373398
C4,0.4,0.2,2,1,0.6666666666666666,0.4,9.6746826171875,0.6666666666656188,0.2222222221665219,0.4999999999373398
C4,0.4,0.2,2,1,0.6666666666666666,0.4,9.684677124023438,0.6666666666656188,0.2222222221665219,0.4999999999373398
C4,0.4,0.2,2,1,0.6666666666666666,0.4,9.694671630859375,0.6666666666656188,0.2222222221665219,0.4999999999373398
C4,0.4,0.2,2,1,0.6666666666666666,0.4,9.704666137695312,0.6666666666656188,0.2222222221665219,0.4999999999373398
C4,0.4,0.2,2,1,0.6666666666666666,0.4,9.71466064453125,0.6666666666656188,0.2222222221665219,0.4999999999373398
C4,0.4,0.2,2,1,0.6666666666666666,0.4,9.724655151367188,0.6666666666656188,0.2222222221665219,0.4999999999373398
C4,0.4,0.2,2,1,0.6666666666666666,0.4,9.734649658203125,0.6666666666656188,0.2222222221665219,0.4999999999373398
C4,0.4,0.2,2,1,0.6666666666666666,0.4,9.744644165039062,0.6666666666656188,0.2222222221665219,0.4999999999373398
C4,0.4,0.2,2,1,0.6666666666666666,0.4,9.754638671875,0.6666666666656188,0.2222222221665219,0.4999999999373398
C4,0.4,0.2,2,1,0.6666666666666666,0.4,9.764633178710938,0.6666666666656188,0.2222222221665219,0.4999999999373398
C4,0.4,0.2,2,1,0.6666666666666666,0.4,9.774627685546875,0.6666666666656188,0.2222222221665219,0.4999999999373398
C4,0.4,0.2,2,1,0.6666666666666666,0.4,9.784622192382812,0.6666666666656188,0.2222222221665219,0.4999999999373398
C4,0.4,0.2,2,1,0.6666666666666666,0.4,9.79461669921875,0.6666666666656188,0.2222222221665219,0.4999999999373398
C4,0.4,0.2,2,1,0.6666666666666666,0.4,9.804611206054688,0.6666666666656188,0.2222222221665219,0.4999999999373398
C4,0.4,0.2,2,1,0.6666666666666666,0.4,9.814605712890625,0.6666666666656188,0.2222222221665219,0.4999999999373398
C4,0.4,0.2,2,1,0.6666666666666666,0.4,9.824600219726562,0.6666666666656188,0.2222222221665219,0.4999999999373398
C4,0.4,0.2,2,1,0.6666666666666666,0.4,9.8345947265625,0.6666666666656188,0.2222222221665219,0.4999999999373398
C4,0.4,0.2,2,1,0.6666666666666666,0.4,9.844589233398438,0.6666666666656188,0.2222222221665219,0.4999999999373398
C4,0.4,0.2,2,1,0.6666666666666666,0.4,9.854583740234375,0.6666666666656188,0.2222222221665219,0.4999999999373398
C4,0.4,0.2,2,1,0.6666666666666666,0.4,9.864578247070312,0.6666666666656188,0.2222222221665219,0.4999999999373398
C4,0.4,0.2,2,1,0.6666666666666666,0.4,9.87457275390625,0.6666666666656188,0.2222222221665219,0.4999999999373398
C4,0.4,0.2,2,1,0.6666666666666666,0.4,9.884567260742188,0.6666666666656188,0.2222222221665219,0.4999999999373398
C4,0.4,0.2,2,1,0.6666666666666666,0.4,9.894561767578125,0.6666666666656188,0.2222222221665219,0.4999999999373398
C4,0.4,0.2,2,1,0.6666666666666666,0.4,9.904556274414062,0.6666666666656188,0.2222222221665219,0.4999999999373398
C4,0.4,0.2,2,1,0.6666666666666666,0.4,9.91455078125,0.6666666666656188,0.2222222221665219,0.4999999999373398
C4,0.4,0.2,2,1,0.6666666666666666,0.4,9.924545288085938,0.6666666666656188,0.2222222221665219,0.4999999999373398
C4,0.4,0.2,2,1,0.6666666666666666,0.4,9.934539794921875,0.6666666666656188,0.2222222221665219,0.4999999999373398
C4,0.4,0.2,2,1,0.6666666666666666,0.4,9.944534301757812,0.6666666666656188,0.2222222221665219,0.4999999999373398
C4,0.4,0.2,2,1,0.6666666666666666,0.4,9.95452880859375,0.6666666666656188,0.2222222221665219,0.4999999999373398
C4,0.4,0.2,2,1,0.6666666666666666,0.4,9.964523315429688,0.6666666666656188,0.2222222221665219,0.4999999999373398
C4,0.4,0.2,2,1,0.6666666666666666,0.4,9.974517822265625,0.6666666666656188,0.2222222221665219,0.4999999999373398
C4,0.4,0.2,2,1,0.6666666666666666,0.4,9.984512329101562,0.6666666666656188,0.2222222221665219,0.4999999999373398
C4,0.4,0.2,2,1,0.6666666666666666,0.4,9.9945068359375,0.6666666666656188,0.2222222221665219,0.4999999999373398
C4,0.4,0.2,2,1,0.6666666666666666,0.4,10,0.6666666666656188,0.2222222221665219,0.4999999999373398
C5,0.5,0.1,2,0.4,0.8333333333333334,0.4,0,0,1,0.5000000000000001
C5,0.5,0.1,2,0.4,0.8333333333333334,0.4,0.0099945068359375,0.02069574609897789,0.8549050417698563,0.5000000000001025
C5,0.5,0.1,2,0.4,0.8333333333333334,0.4,0.019989013671875,0.04263491574331086,0.7512022926390466,0.5000000000002041
C5,0.5,0.1,2,0.4,0.8333333333333334,0.4,0.0299835205078125,0.06552535951334224,0.6758716321737904,0.5000000000003045
C5,0.5,0.1,2,0.4,0.8333333333333334,0.4,0.03997802734375,0.08904507617041535,0.6199589372355417,0.5000000000004048
C5,0.5,0.1,2,0.4,0.8333333333333334,0.4,0.0499725341796875,0.1128637441640958,0.5773254948383835,0.5000000000005045
C5,0.5,0.1,2,0.4,0.8333333333333334,0.4,0.059967041015625,0.1366637275592671,0.5437777599275496,0.5000000000006033
C5,0.5,0.1,2,0.4,0.8333333333333334,0.4,0.0699615478515625,0.160157896481149,0.516462643846584,0.5000000000007025
C5,0.5,0.1,2,0.4,0.8333333333333334,0.4,0.0799560546875,0.1831024565040414,0.4934480088453921,0.5000000000008015
C5,0.5,0.1,2,0.4,0.8333333333333334,0.4,0.0899505615234375,0.2053040707748903,0.4734322063122565,0.5000000000009001
C5,0.5,0.1,2,0.4,0.8333333333333334,0.4,0.099945068359375,0.2266215706238611,0.4555434172482575,0.5000000000009989
C5,0.5,0.1,2,0.4,0.8333333333333334,0.4,0.1099395751953125,0.2469632672721805,0.4392013978752204,0.5000000000010979
C5,0.5,0.1,2,0.4,0.8333333333333334,0.4,0.11993408203125,0.2662812211894173,0.4240225199544956,0.5000000000011964
C5,0.5,0.1,2,0.4,0.8333333333333334,0.4,0.1299285888671875,0.2845638389948572,0.4097547896149908,0.5000000000012949
C5,0.5,0.1,2,0.4,0.8333333333333334,0.4,0.139923095703125,0.3018279586984752,0.3962335771926009,0.5000000000013922
C5,0.5,0.1,2,0.4,0.8333333333333334,0.4,0.1499176025390625,0.3181112716602342,0.3833516174076854,0.5000000000014903
C5,0.5,0.1,2,0.4,0.8333333333333334,0.4,0.159912109375,0.3334656085048059,0.3710388111362759,0.5000000000015876
C5,0.5,0.1,2,0.4,0.8333333333333334,0.4,0.1699066162109375,0.3479513436652072,0.3592487341742271,0.5000000000016852
C5,0.5,0.1,2,0.4,0.8333333333333334,0.4,0.179901123046875,0.361632972602513,0.347949714815137,0.5000000000017819
C5,0.5,0.1,2,0.4,0.8333333333333334,0.4,0.1898956298828125,0.3745757870025609,0.3371190068129885,0.5000000000018789
C5,0.5,0.1,2,0.4,0.8333333333333334,0.4,0.19989013671875,0.3868435039814442,0.3267390455740934,0.5000000000019762
C5,0.5,0.1,2,0.4,0.8333333333333334,0.4,0.2098846435546875,0.3984966791479906,0.3167950948932058,0.5000000000020737
C5,0.5,0.1,2,0.4,0.8333333333333334,0.4,0.219879150390625,0.4095917348529537,0.3072738123135969,0.5000000000021699
C5,0.5,0.1,2,0.4,0.8333333333333334,0.4,0.2298736572265625,0.4201804518536023,0.2981624133451851,0.500000000002267
C5,0.5,0.1,2,0.4,0.8333333333333334,0.4,0.2398681640625,0.430309796305552,0.289448219314389,0.500000000002365
C5,0.5,0.1,2,0.4,0.8333333333333334,0.4,0.2498626708984375,0.4400219789873829,0.281118445177615,0.5000000000024617
C5,0.5,0.1,2,0.4,0.8333333333333334,0.4,0.259857177734375,0.4493546668917571,0.2731601323937745,0.5000000000025585
C5,0.5,0.1,2,0.4,0.8333333333333334,0.4,0.2698516845703125,0.458341287339631,0.2655601650015367,0.500000000002656
C5,0.5,0.1,2,0.4,0.8333333333333334,0.4,0.27984619140625,0.4670113811712863,0.2583053292991833,0.5000000000027528
C5,0.5,0.1,2,0.4,0.8333333333333334,0.4,0.2898406982421875,0.4753909744907443,0.251382392383829,0.5000000000028505
C5,0.5,0.1,2,0.4,0.8333333333333334,0.4,0.299835205078125,0.4835029483140921,0.2447781846261806,0.5000000000029475
C5,0.5,0.1,2,0.4,0.8333333333333334,0.4,0.3098297119140625,0.4913673928173249,0.2384796775595934,0.5000000000030451
C5,0.5,0.1,2,0.4,0.8333333333333334,0.4,0.31982421875,0.499001938207991,0.2324740527634074,0.5000000000031423
C5,0.5,0.1,2,0.4,0.8333333333333334,0.4,0.3298187255859375,0.5064220580142311,0.2267487598842664,0.5000000000032395
C5,0.5,0.1,2,0.4,0.8333333333333334,0.4,0.339813232421875,0.5136413431769918,0.2212915634862137,0.5000000000033366
C5,0.5,0.1,2,0.4,0.8333333333333334,0.4,0.3498077392578125,0.5206717470542429,0.2160905793040798,0.5000000000034333
C5,0.5,0.1,2,0.4,0.8333333333333334,0.4,0.35980224609375,0.5275238025396117,0.2111343009330552,0.5000000000035304
C5,0.5,0.1,2,0.4,0.8333333333333334,0.4,0.3697967529296875,0.5342068131444532,0.2064116181795412,0.5000000000036269
C5,0.5,0.1,2,0.4,0.8333333333333334,0.4,0.379791259765625,0.5407290202287973,0.2019118283296377,0.5000000000037231
C5,0.5,0.1,2,0.4,0.8333333333333334,0.4,0.3897857666015625,0.5470977486926042,0.1976246415307421,0.5000000000038201
C5,0.5,0.1,2,0.4,0.8333333333333334,0.4,0.3997802734375,0.553319533426794,0.193540181372833,0.5000000000039163
C5,0.5,0.1,2,0.4,0.8333333333333334,0.4,0.4097747802734375,0.5594002287253207,0.1896489816267548,0.5000000000040121
C5,0.5,0.1,2,0.4,0.8333333333333334,0.4,0.419769287109375,0.5653451027106839,0.1859419799639769,0.5000000000041089
C5,0.5,0.1,2,0.4,0.8333333333333334,0.4,0.4297637939453125,0.5711589186508037,0.182410509355493,0.5000000000042049
C5,0.5,0.1,2,0.4,0.8333333333333334,0.4,0.43975830078125,0.5768460048615339,0.1790462877318266,0.5000000000043008
C5,0.5,0.1,2,0.4,0.8333333333333334,0.4,0.4497528076171875,0.5824103147068646,0.1758414063836754,0.5000000000043969
C5,0.5,0.1,2,0.4,0.8333333333333334,0.4,0.459747314453125,0.5878554780351596,0.1727883174939785,0.5000000000044929
C5,0.5,0.1,2,0.4,0.8333333333333334,0.4,0.4697418212890625,0.5931848452277184,0.1698798211165918,0.5000000000045884
C5,0.5,0.1,2,0.4,0.8333333333333334,0.4,0.479736328125,0.59840152488828,0.1671090518531367,0.5000000000046841
C5,0.5,0.1,2,0.4,0.8333333333333334,0.4,0.4897308349609375,0.6035084160687788,0.1644694654266403,0.5000000000047802
C5,0.5,0.1,2,0.4,0.8333333333333334,0.4,0.499725341796875,0.6085082358078009,0.1619548253069133,0.5000000000048758
C5,0.5,0.1,2,0.4,0.8333333333333334,0.4,0.5097198486328125,0.6134035426532978,0.1595591895068394,0.5000000000049717
C5,0.5,0.1,2,0.4,0.8333333333333334,0.4,0.51971435546875,0.6181967567484692,0.1572768976396941,0.5000000000050674
C5,0.5,0.1,2,0.4,0.8333333333333334,0.4,0.5297088623046875,0.6228901769794536,0.1551025583041288,0.5000000000051624
C5,0.5,0.1,2,0.4,0.8333333333333334,0.4,0.539703369140625,0.6274859956128345,0.153031036844628,0.5000000000052581
C5,0.5,0.1,2,0.4,0.8333333333333334,0.4,0.5496978759765625,0.6319863107904321,0.1510574435202334,0.5000000000053538
C5,0.5,0.1,2,0.4,0.8333333333333334,0.4,0.5596923828125,0.6363931371959735,0.1491771221024469,0.5000000000054488
C5,0.5,0.1,2,0.4,0.8333333333333334,0.4,0.5696868896484375,0.6407084151629415,0.1473856389138883,0.5000000000055448
C5,0.5,0.1,2,0.4,0.8333333333333334,0.4,0.579681396484375,0.6449340184539095,0.1456787723120264,0.5000000000056398
C5,0.5,0.1,2,0.4,0.8333333333333334,0.4,0.5896759033203125,0.6490717609079253,0.144052502616687,0.5000000000057347
C5,0.5,0.1,2,0.4,0.8333333333333334,0.4,0.59967041015625,0.653123402123897,0.1425030024757968,0.5000000000058297
C5,0.5,0.1,2,0.4,0.8333333333333334,0.4,0.6096649169921875,0.6570906523231954,0.1410266276606248,0.5000000000059245
C5,0.5,0.1,2,0.4,0.8333333333333334,0.4,0.619659423828125,0.6609751765135948,0.1396199082794559,0.5000000000060195
C5,0.5,0.1,2,0.4,0.8333333333333334,0.4,0.6296539306640625,0.6647785980586447,0.1382795403969737,0.5000000000061146
C5,0.5,0.1,2,0.4,0.8333333333333334,0.4,0.6396484375,0.6685025017411779,0.1370023780455021,0.5000000000062093
C5,0.5,0.1,2,0.4,0.8333333333333334,0.4,0.6496429443359375,0.6721484363964423,0.135785425613561,0.5000000000063038
C5,0.5,0.1,2,0.4,0.8333333333333334,0.4,0.659637451171875,0.675717917179244,0.1346258305968036,0.5000000000063987
C5,0.5,0.1,2,0.4,0.8333333333333334,0.4,0.6696319580078125,0.6792124275197812,0.1335208766962841,0.500000000006494
C5,0.5,0.1,2,0.4,0.8333333333333334,0.4,0.67962646484375,0.6826334208148317,0.1324679772490629,0.5000000000065885
C5,0.5,0.1,2,0.4,0.8333333333333334,0.4,0.6896209716796875,0.6859823218938964,0.1314646689763726,0.500000000006683
C5,0.5,0.1,2,0.4,0.8333333333333334,0.4,0.699615478515625,0.6892605282941371,0.1305086060348793,0.5000000000067781
C5,0.5,0.1,2,0.4,0.8333333333333334,0.4,0.7096099853515625,0.6924694113726677,0.1295975543569749,0.5000000000068725
C5,0.5,0.1,2,0.4,0.8333333333333334,0.4,0.7196044921875,0.6956103172808051,0.1287293862664813,0.5000000000069666
C5,0.5,0.1,2,0.4,0.8333333333333334,0.4,0.7295989990234375,0.6986845678209239,0.1279020753566318,0.5000000000070612
C5,0.5,0.1,2,0.4,0.8333333333333334,0.4,0.739593505859375,0.701693461203642,0.1271136916177066,0.5000000000071557
C5,0.5,0.1,2,0.4,0.8333333333333334,0.4,0.7495880126953125,0.7046382727204042,0.1263623968022102,0.5000000000072501
C5,0.5,0.1,2,0.4,0.8333333333333334,0.4,0.75958251953125,0.7075202553441797,0.1256464400160064,0.5000000000073441
C5,0.5,0.1,2,0.4,0.8333333333333334,0.4,0.7695770263671875,0.7103406402691925,0.1249641535243362,0.500000000007439
C5,0.5,0.1,2,0.4,0.8333333333333334,0.4,0.779571533203125,0.7131006373989616,0.1243139487621517,0.5000000000075332
C5,0.5,0.1,2,0.4,0.8333333333333334,0.4,0.7895660400390625,0.7158014357904541,0.1236943125387024,0.5000000000076276
C5,0.5,0.1,2,0.4,0.8333333333333334,0.4,0.799560546875,0.7184442040610854,0.1231038034267757,0.5000000000077223
C5,0.5,0.1,2,0.4,0.8333333333333334,0.4,0.8095550537109375,0.7210300907642263,0.1225410483274706,0.5000000000078157
C5,0.5,0.1,2,0.4,0.8333333333333334,0.4,0.819549560546875,0.7235602247380818,0.1220047392018245,0.5000000000079109
C5,0.5,0.1,2,0.4,0.8333333333333334,0.4,0.8295440673828125,0.7260357154319634,0.1214936299610381,0.5000000000080049
C5,0.5,0.1,2,0.4,0.8333333333333334,0.4,0.83953857421875,0.7284576532135895,0.1210065335074583,0.5000000000080994
C5,0.5,0.1,2,0.4,0.8333333333333334,0.4,0.8495330810546875,0.7308271096601858,0.1205423189188694,0.5000000000081931
C5,0.5,0.1,2,0.4,0.8333333333333334,0.4,0.859527587890625,0.7331451378360343,0.1200999087690115,0.500000000008287
C5,0.5,0.1,2,0.4,0.8333333333333334,0.4,0.8695220947265625,0.7354127725585561,0.1196782765776072,0.5000000000083809
C5,0.5,0.1,2,0.4,0.8333333333333334,0.4,0.8795166015625,0.7376310306547024,0.1192764443835081,0.5000000000084749
C5,0.5,0.1,2,0.4,0.8333333333333334,0.4,0.8895111083984375,0.7398009112092091,0.1188934804349047,0.5000000000085683
C5,0.5,0.1,2,0.4,0.8333333333333334,0.4,0.899505615234375,0.7419233958059551,0.1185284969908362,0.5000000000086624
C5,0.5,0.1,2,0.4,0.8333333333333334,0.4,0.9095001220703125,0.7439994487635562,0.1181806482285372,0.5000000000087561
C5,0.5,0.1,2,0.4,0.8333333333333334,0.4,0.91949462890625,0.7460300173660946,0.1178491282514284,0.5000000000088503
C5,0.5,0.1,2,0.4,0.8333333333333334,0.4,0.9294891357421875,0.7480160320896955,0.1175331691928202,0.5000000000089441
C5,0.5,0.1,2,0.4,0.8333333333333334,0.4,0.939483642578125,0.7499584068256696,0.1172320394106463,0.5000000000090372
C5,0.5,0.1,2,0.4,0.8333333333333334,0.4,0.9494781494140625,0.751858039100669,0.1169450417687833,0.5000000000091313
C5,0.5,0.1,2,0.4,0.8333333333333334,0.4,0.95947265625,0.7537158102943244,0.1166715120007272,0.5000000000092263
C5,0.5,0.1,2,0.4,0.8333333333333334,0.4,0.9694671630859375,0.7555325858547887,0.1164108171516137,0.500000000009323
C5,0.5,0.1,2,0.4,0.8333333333333334,0.4,0.979461669921875,0.757309215512344,0.1161623540947759,0.5000000000094204
C5,0.5,0.1,2,0.4,0.8333333333333334,0.4,0.9894561767578125,0.7590465334914375,0.1159255481192104,0.5000000000095171
C5,0.5,0.1,2,0.4,0.8333333333333334,0.4,0.99945068359375,0.7607453587212792,0.1156998515845166,0.5000000000096149
C5,0.5,0.1,2,0.4,0.8333333333333334,0.4,1.009445190429688,0.7624064950451329,0.1154847426400304,0.5000000000097116
C5,0.5,0.1,2,0.4,0.8333333333333334,0.4,1.019439697265625,0.7640307314284581,0.1152797240050526,0.5000000000098084
C5,0.5,0.1,2,0.4,0.8333333333333334,0.4,1.029434204101562,0.7656188421659225,0.1150843218072118,0.500000000009906
C5,0.5,0.1,2,0.4,0.8333333333333334,0.4,1.0394287109375,0.7671715870874702,0.1148980844761566,0.5000000000100033
C5,0.5,0.1,2,0.4,0.8333333333333334,0.4,1.049423217773438,0.7686897117633072,0.1147205816899071,0.5000000000101004
C5,0.5,0.1,2,0.4,0.8333333333333334,0.4,1.059417724609375,0.770173947707964,0.1145514033713287,0.5000000000101973
C5,0.5,0.1,2,0.4,0.8333333333333334,0.4,1.069412231445312,0.7716250125833742,0.114390158732312,0.5000000000102942
C5,0.5,0.1,2,0.4,0.8333333333333334,0.4,1.07940673828125,0.7730436104010305,0.1142364753633697,0.5000000000103911
C5,0.5,0.1,2,0.4,0.8333333333333334,0.4,1.089401245117188,0.7744304317230754,0.1140899983664615,0.5000000000104883
C5,0.5,0.1,2,0.4,0.8333333333333334,0.4,1.099395751953125,0.7757861538624475,0.1139503895289811,0.5000000000105852
C5,0.5,0.1,2,0.4,0.8333333333333334,0.4,1.109390258789062,0.7771114410819582,0.1138173265369229,0.5000000000106823
C5,0.5,0.1,2,0.4,0.8333333333333334,0.4,1.119384765625,0.7784069447922952,0.1136905022253545,0.5000000000107793
C5,0.5,0.1,2,0.4,0.8333333333333334,0.4,1.129379272460938,0.7796733037488991,0.1135696238644123,0.5000000000108762
C5,0.5,0.1,2,0.4,0.8333333333333334,0.4,1.139373779296875,0.7809111442476976,0.1134544124791162,0.5000000000109739
C5,0.5,0.1,2,0.4,0.8333333333333334,0.4,1.149368286132812,0.7821210803196081,0.1133446022013892,0.5000000000110708
C5,0.5,0.1,2,0.4,0.8333333333333334,0.4,1.15936279296875,0.7833037139237986,0.1132399396527452,0.5000000000111677
C5,0.5,0.1,2,0.4,0.8333333333333334,0.4,1.169357299804688,0.784459635139665,0.1131401833561797,0.5000000000112649
C5,0.5,0.1,2,0.4,0.8333333333333334,0.4,1.179351806640625,0.7855894223574088,0.1130451031758719,0.5000000000113617
C5,0.5,0.1,2,0.4,0.8333333333333334,0.4,1.189346313476562,0.7866936424672607,0.1129544797833731,0.5000000000114587
C5,0.5,0.1,2,0.4,0.8333333333333334,0.4,1.1993408203125,0.7877728510472376,0.1128681041490186,0.5000000000115554
C5,0.5,0.1,2,0.4,0.8333333333333334,0.4,1.209335327148438,0.788827592549426,0.1127857770573663,0.5000000000116525
C5,0.5,0.1,2,0.4,0.8333333333333334,0.4,1.219329833984375,0.7898584004846757,0.112707308645514,0.500000000011749
C5,0.5,0.1,2,0.4,0.8333333333333334,0.4,1.229324340820312,0.7908657976057822,0.1126325179632137,0.5000000000118459
C5,0.5,0.1,2,0.4,0.8333333333333334,0.4,1.23931884765625,0.7918502960889747,0.112561232553744,0.5000000000119429
C5,0.5,0.1,2,0.4,0.8333333333333334,0.4,1.249313354492188,0.792812397713802,0.1124932880545552,0.500000000012039
C5,0.5,0.1,2,0.4,0.8333333333333334,0.4,1.259307861328125,0.7937525940412581,0.1124285278167501,0.5000000000121358
C5,0.5,0.1,2,0.4,0.8333333333333334,0.4,1.269302368164062,0.794671366590208,0.1123668025425077,0.5000000000122332
C5,0.5,0.1,2,0.4,0.8333333333333334,0.4,1.279296875,0.7955691870119862,0.1123079699395965,0.5000000000123298
C5,0.5,0.1,2,0.4,0.8333333333333334,0.4,1.289291381835938,0.7964465172632464,0.1122518943921699,0.5000000000124264
C5,0.5,0.1,2,0.4,0.8333333333333334,0.4,1.299285888671875,0.7973038097769344,0.1121984466470739,0.5000000000125236
C5,0.5,0.1,2,0.4,0.8333333333333334,0.4,1.309280395507812,0.7981415076313945,0.1121475035149277,0.50000000001262
C5,0.5,0.1,2,0.4,0.8333333333333334,0.4,1.31927490234375,0.7989600447175653,0.1120989475852859,0.5000000000127169
C5,0.5,0.1,2,0.4,0.8333333333333334,0.4,1.329269409179688,0.7997598459042951,0.1120526669552068,0.5000000000128135
C5,0.5,0.1,2,0.4,0.8333333333333334,0.4,1.339263916015625,0.8005413272016891,0.1120085549706013,0.5000000000129102
C5,0.5,0.1,2,0.4,0.8333333333333334,0.4,1.349258422851562,0.8013048959224788,0.1119665099797551,0.5000000000130063
C5,0.5,0.1,2,0.4,0.8333333333333334,0.4,1.3592529296875,0.8020509508414483,0.1119264350984468,0.5000000000131033
C5,0.5,0.1,2,0.4,0.8333333333333334,0.4,1.369247436523438,0.8027798823528313,0.1118882379861184,0.5000000000131999
C5,0.5,0.1,2,0.4,0.8333333333333334,0.4,1.379241943359375,0.8034920726257275,0.111851830632573,0.5000000000132965
C5,0.5,0.1,2,0.4,0.8333333333333334,0.4,1.389236450195312,0.8041878957574559,0.1118171291547053,0.500000000013393
C5,0.5,0.1,2,0.4,0.8333333333333334,0.4,1.39923095703125,0.8048677179249163,0.1117840536027896,0.5000000000134894
C5,0.5,0.1,2,0.4,0.8333333333333334,0.4,1.409225463867188,0.8055318975338928,0.1117525277758755,0.5000000000135857
C5,0.5,0.1,2,0.4,0.8333333333333334,0.4,1.419219970703125,0.8061807853663058,0.1117224790458615,0.5000000000136831
C5,0.5,0.1,2,0.4,0.8333333333333334,0.4,1.429214477539062,0.8068147247254162,0.1116938381898373,0.5000000000137796
C5,0.5,0.1,2,0.4,0.8333333333333334,0.4,1.439208984375,0.8074340515789665,0.1116665392303059,0.5000000000138761
C5,0.5,0.1,2,0.4,0.8333333333333334,0.4,1.449203491210938,0.8080390947003003,0.1116405192829119,0.5000000000139723
C5,0.5,0.1,2,0.4,0.8333333333333334,0.4,1.459197998046875,0.8086301758073622,0.1116157184113259,0.5000000000140694
C5,0.5,0.1,2,0.4,0.8333333333333334,0.4,1.469192504882812,0.8092076096997088,0.1115920794889443,0.5000000000141661
C5,0.5,0.1,2,0.4,0.8333333333333334,0.4,1.47918701171875,0.809771704393429,0.1115695480670865,0.5000000000142623
C5,0.5,0.1,2,0.4,0.8333333333333334,0.4,1.489181518554688,0.8103227612540223,0.1115480722493822,0.5000000000143591
C5,0.5,0.1,2,0.4,0.8333333333333334,0.4,1.499176025390625,0.8108610751272541,0.1115276025720562,0.5000000000144553
C5,0.5,0.1,2,0.4,0.8333333333333334,0.4,1.509170532226562,0.8113869344679534,0.1115080918898371,0.5000000000145518
C5,0.5,0.1,2,0.4,0.8333333333333334,0.4,1.5191650390625,0.8119006214668063,0.1114894952672209,0.5000000000146488
C5,0.5,0.1,2,0.4,0.8333333333333334,0.4,1.529159545898438,0.8124024121750916,0.1114717698748396,0.5000000000147451
C5,0.5,0.1,2,0.4,0.8333333333333334,0.4,1.539154052734375,0.8128925766274815,0.1114548748906955,0.5000000000148418
C5,0.5,0.1,2,0.4,0.8333333333333334,0.4,1.549148559570312,0.8133713789627748,0.1114387714060308,0.5000000000149383
C5,0.5,0.1,2,0.4,0.8333333333333334,0.4,1.55914306640625,0.8138390775426964,0.1114234223356147,0.5000000000150348
C5,0.5,0.1,2,0.4,0.8333333333333334,0.4,1.569137573242188,0.8142959250686947,0.1114087923322431,0.5000000000151315
C5,0.5,0.1,2,0.4,0.8333333333333334,0.4,1.579132080078125,0.8147421686968187,0.1113948477052466,0.5000000000152279
C5,0.5,0.1,2,0.4,0.8333333333333334,0.4,1.589126586914062,0.8151780501506061,0.1113815563428264,0.5000000000153247
C5,0.5,0.1,2,0.4,0.8333333333333334,0.4,1.59912109375,0.8156038058321124,0.1113688876380321,0.5000000000154211
C5,0.5,0.1,2,0.4,0.8333333333333334,0.4,1.609115600585938,0.8160196669309714,0.1113568124182131,0.5000000000155177
C5,0.5,0.1,2,0.4,0.8333333333333334,0.4,1.619110107421875,0.8164258595316106,0.111345302877779,0.5000000000156138
C5,0.5,0.1,2,0.4,0.8333333333333334,0.4,1.629104614257812,0.8168226047185555,0.1113343325141152,0.5000000000157101
C5,0.5,0.1,2,0.4,0.8333333333333334,0.4,1.63909912109375,0.8172101186798995,0.1113238760665042,0.500000000015807
C5,0.5,0.1,2,0.4,0.8333333333333334,0.4,1.649093627929688,0.8175886128089382,0.1113139094579121,0.5000000000159031
C5,0.5,0.1,2,0.4,0.8333333333333334,0.4,1.659088134765625,0.8179582938039799,0.1113044097395044,0.5000000000159995
C5,0.5,0.1,2,0.4,0.8333333333333334,0.4,1.669082641601562,0.8183193637663695,0.111295355037766,0.5000000000160963
C5,0.5,0.1,2,0.4,0.8333333333333334,0.4,1.6790771484375,0.818672020296726,0.111286724504099,0.500000000016193
C5,0.5,0.1,2,0.4,0.8333333333333334,0.4,1.689071655273438,0.8190164565894186,0.1112784982667859,0.5000000000162897
C5,0.5,0.1,2,0.4,0.8333333333333334,0.4,1.699066162109375,0.8193528615253161,0.1112706573852045,0.5000000000163861
C5,0.5,0.1,2,0.4,0.8333333333333334,0.4,1.709060668945312,0.8196814197628309,0.1112631838061897,0.5000000000164825
C5,0.5,0.1,2,0.4,0.8333333333333334,0.4,1.71905517578125,0.8200023118272343,0.1112560603224419,0.5000000000165793
C5,0.5,0.1,2,0.4,0.8333333333333334,0.4,1.729049682617188,0.8203157141983473,0.1112492705328856,0.5000000000166757
C5,0.5,0.1,2,0.4,0.8333333333333334,0.4,1.739044189453125,0.8206217993965368,0.1112427988048855,0.5000000000167717
C5,0.5,0.1,2,0.4,0.8333333333333334,0.4,1.749038696289062,0.8209207360670985,0.1112366302382359,0.5000000000168687
C5,0.5,0.1,2,0.4,0.8333333333333334,0.4,1.759033203125,0.8212126890630693,0.1112307506308367,0.5000000000169651
C5,0.5,0.1,2,0.4,0.8333333333333334,0.4,1.769027709960938,0.8214978195263957,0.1112251464459789,0.5000000000170611
C5,0.5,0.1,2,0.4,0.8333333333333334,0.4,1.779022216796875,0.8217762849675671,0.1112198047811645,0.5000000000171582
C5,0.5,0.1,2,0.4,0.8333333333333334,0.4,1.789016723632812,0.8220482393437341,0.1112147133383872,0.5000000000172546
C5,0.5,0.1,2,0.4,0.8333333333333334,0.4,1.79901123046875,0.8223138331352523,0.1112098603958065,0.5000000000173512
C5,0.5,0.1,2,0.4,0.8333333333333334,0.4,1.809005737304688,0.8225732134207844,0.1112052347807498,0.5000000000174473
C5,0.5,0.1,2,0.4,0.8333333333333334,0.4,1.819000244140625,0.8228265239509281,0.1112008258439793,0.5000000000175441
C5,0.5,0.1,2,0.4,0.8333333333333334,0.4,1.828994750976562,0.8230739052203268,0.1111966234351653,0.5000000000176408
C5,0.5,0.1,2,0.4,0.8333333333333334,0.4,1.8389892578125,0.8233154945384421,0.1111926178795099,0.5000000000177371
C5,0.5,0.1,2,0.4,0.8333333333333334,0.4,1.848983764648438,0.8235514260988613,0.1111887999554656,0.5000000000178334
C5,0.5,0.1,2,0.4,0.8333333333333334,0.4,1.858978271484375,0.8237818310472419,0.1111851608734974,0.5000000000179298
C5,0.5,0.1,2,0.4,0.8333333333333334,0.4,1.868972778320312,0.8240068375478715,0.1111816922558421,0.5000000000180262
C5,0.5,0.1,2,0.4,0.8333333333333334,0.4,1.87896728515625,0.8242265708489607,0.1111783861172146,0.5000000000181227
C5,0.5,0.1,2,0.4,0.8333333333333334,0.4,1.888961791992188,0.8244411533465129,0.1111752348464191,0.5000000000182194
C5,0.5,0.1,2,0.4,0.8333333333333334,0.4,1.898956298828125,0.8246507046469561,0.1111722311888219,0.500000000018316
C5,0.5,0.1,2,0.4,0.8333333333333334,0.4,1.908950805664062,0.8248553416285432,0.1111693682296459,0.5000000000184123
C5,0.5,0.1,2,0.4,0.8333333333333334,0.4,1.9189453125,0.8250551785013928,0.1111666393780476,0.5000000000185092
C5,0.5,0.1,2,0.4,0.8333333333333334,0.4,1.928939819335938,0.8252503268663922,0.1111640383519398,0.5000000000186052
C5,0.5,0.1,2,0.4,0.8333333333333334,0.4,1.938934326171875,0.8254408957728571,0.1111615591635271,0.5000000000187016
C5,0.5,0.1,2,0.4,0.8333333333333334,0.4,1.948928833007812,0.8256269917749625,0.1111591961055172,0.500000000018798
C5,0.5,0.1,2,0.4,0.8333333333333334,0.4,1.95892333984375,0.8258087189870956,0.1111569437379798,0.5000000000188946
C5,0.5,0.1,2,0.4,0.8333333333333334,0.4,1.968917846679688,0.8259861791379838,0.1111547968758207,0.5000000000189908
C5,0.5,0.1,2,0.4,0.8333333333333334,0.4,1.978912353515625,0.8261594716237193,0.1111527505768429,0.5000000000190873
C5,0.5,0.1,2,0.4,0.8333333333333334,0.4,1.988906860351562,0.8263286935596722,0.1111508001303664,0.5000000000191837
C5,0.5,0.1,2,0.4,0.8333333333333334,0.4,1.9989013671875,0.8264939398313355,0.1111489410463833,0.5000000000192798
C5,0.5,0.1,2,0.4,0.8333333333333334,0.4,2.008895874023438,0.8266553031440761,0.1111471690452184,0.5000000000193763
C5,0.5,0.1,2,0.4,0.8333333333333334,0.4,2.018890380859375,0.8268128740718553,0.1111454800476763,0.500000000019473
C5,0.5,0.1,2,0.4,0.8333333333333334,0.4,2.028884887695312,0.826966741104927,0.1111438701656488,0.5000000000195695
C5,0.5,0.1,2,0.4,0.8333333333333334,0.4,2.03887939453125,0.8271169906964918,0.1111423356931633,0.5000000000196657
C5,0.5,0.1,2,0.4,0.8333333333333334,0.4,2.048873901367188,0.8272637073083953,0.1111408730978504,0.5000000000197626
C5,0.5,0.1,2,0.4,0.8333333333333334,0.4,2.058868408203125,0.8274069734558379,0.1111394790128107,0.5000000000198587
C5,0.5,0.1,2,0.4,0.8333333333333334,0.4,2.068862915039062,0.8275468697511585,0.1111381502288631,0.500000000019955
C5,0.5,0.1,2,0.4,0.8333333333333334,0.4,2.078857421875,0.827683474946616,0.111136883687157,0.5000000000200518
C5,0.5,0.1,2,0.4,0.8333333333333334,0.4,2.088851928710938,0.8278168659763415,0.1111356764721288,0.5000000000201481
C5,0.5,0.1,2,0.4,0.8333333333333334,0.4,2.098846435546875,0.8279471179973171,0.1111345258047903,0.5000000000202447
C5,0.5,0.1,2,0.4,0.8333333333333334,0.4,2.108840942382812,0.8280743044295057,0.11113342903633,0.500000000020341
C5,0.5,0.1,2,0.4,0.8333333333333334,0.4,2.11883544921875,0.8281984969951249,0.1111323836420157,0.5000000000204372
C5,0.5,0.1,2,0.4,0.8333333333333334,0.4,2.128829956054688,0.8283197657570257,0.1111313872153817,0.5000000000205341
C5,0.5,0.1,2,0.4,0.8333333333333334,0.4,2.138824462890625,0.8284381791563142,0.111130437462688,0.5000000000206299
C5,0.5,0.1,2,0.4,0.8333333333333334,0.4,2.148818969726562,0.8285538040490722,0.1111295321976407,0.5000000000207268
C5,0.5,0.1,2,0.4,0.8333333333333334,0.4,2.1588134765625,0.8286667057423502,0.1111286693363573,0.5000000000208228
C5,0.5,0.1,2,0.4,0.8333333333333334,0.4,2.168807983398438,0.8287769480293292,0.1111278468925709,0.5000000000209194
C5,0.5,0.1,2,0.4,0.8333333333333334,0.4,2.178802490234375,0.8288845932237451,0.1111270629730566,0.5000000000210161
C5,0.5,0.1,2,0.4,0.8333333333333334,0.4,2.188796997070312,0.8289897021935486,0.1111263157732723,0.5000000000211122
C5,0.5,0.1,2,0.4,0.8333333333333334,0.4,2.19879150390625,0.8290923343937916,0.1111256035732063,0.5000000000212089
C5,0.5,0.1,2,0.4,0.8333333333333334,0.4,2.208786010742188,0.8291925478988974,0.1111249247334153,0.5000000000213053
C5,0.5,0.1,2,0.4,0.8333333333333334,0.4,2.218780517578125,0.8292903994340812,0.1111242776912526,0.5000000000214013
C5,0.5,0.1,2,0.4,0.8333333333333334,0.4,2.228775024414062,0.8293859444061925,0.1111236609572684,0.500000000021498
C5,0.5,0.1,2,0.4,0.8333333333333334,0.4,2.23876953125,0.8294792369338169,0.1111230731117828,0.5000000000215946
C5,0.5,0.1,2,0.4,0.8333333333333334,0.4,2.248764038085938,0.8295703298767231,0.111122512801616,0.5000000000216911
C5,0.5,0.1,2,0.4,0.8333333333333334,0.4,2.258758544921875,0.8296592748646865,0.1111219787369747,0.5000000000217871
C5,0.5,0.1,2,0.4,0.8333333333333334,0.4,2.268753051757812,0.8297461223256433,0.1111214696884823,0.5000000000218834
C5,0.5,0.1,2,0.4,0.8333333333333334,0.4,2.27874755859375,0.8298309215132048,0.1111209844843478,0.50000000002198
C5,0.5,0.1,2,0.4,0.8333333333333334,0.4,2.288742065429688,0.8299137205336424,0.11112052200767,0.5000000000220761
C5,0.5,0.1,2,0.4,0.8333333333333334,0.4,2.298736572265625,0.8299945663721529,0.1111200811938652,0.5000000000221724
C5,0.5,0.1,2,0.4,0.8333333333333334,0.4,2.308731079101562,0.8300735049186372,0.1111196610282163,0.5000000000222689
C5,0.5,0.1,2,0.4,0.8333333333333334,0.4,2.3187255859375,0.830150580992851,0.1111192605435379,0.5000000000223653
C5,0.5,0.1,2,0.4,0.8333333333333334,0.4,2.328720092773438,0.8302258383690292,0.1111188788179493,0.5000000000224611
C5,0.5,0.1,2,0.4,0.8333333333333334,0.4,2.338714599609375,0.8302993197999178,0.1111185149727515,0.5000000000225578
C5,0.5,0.1,2,0.4,0.8333333333333334,0.4,2.348709106445312,0.8303710670402986,0.1111181681704064,0.5000000000226542
C5,0.5,0.1,2,0.4,0.8333333333333334,0.4,2.35870361328125,0.830441120869988,0.1111178376126067,0.5000000000227505
C5,0.5,0.1,2,0.4,0.8333333333333334,0.4,2.368698120117188,0.8305095211162851,0.1111175225384392,0.5000000000228468
C5,0.5,0.1,2,0.4,0.8333333333333334,0.4,2.378692626953125,0.8305763066759532,0.1111172222226332,0.5000000000229429
C5,0.5,0.1,2,0.4,0.8333333333333334,0.4,2.388687133789062,0.8306415155367068,0.1111169359738908,0.5000000000230397
C5,0.5,0.1,2,0.4,0.8333333333333334,0.4,2.398681640625,0.8307051847981726,0.1111166631332951,0.5000000000231359
C5,0.5,0.1,2,0.4,0.8333333333333334,0.4,2.408676147460938,0.8307673506924169,0.1111164030727946,0.5000000000232322
C5,0.5,0.1,2,0.4,0.8333333333333334,0.4,2.418670654296875,0.8308280486040041,0.1111161551937557,0.5000000000233285
C5,0.5,0.1,2,0.4,0.8333333333333334,0.4,2.428665161132812,0.8308873130895892,0.1111159189255864,0.5000000000234252
C5,0.5,0.1,2,0.4,0.8333333333333334,0.4,2.43865966796875,0.830945177897068,0.1111156937244217,0.5000000000235212
C5,0.5,0.1,2,0.4,0.8333333333333334,0.4,2.448654174804688,0.8310016759843176,0.1111154790718717,0.5000000000236177
C5,0.5,0.1,2,0.4,0.8333333333333334,0.4,2.458648681640625,0.8310568395374732,0.111115274473829,0.5000000000237137
C5,0.5,0.1,2,0.4,0.8333333333333334,0.4,2.468643188476562,0.831110699988815,0.1111150794593305,0.5000000000238102
C5,0.5,0.1,2,0.4,0.8333333333333334,0.4,2.4786376953125,0.8311632880342646,0.1111148935794736,0.5000000000239067
C5,0.5,0.1,2,0.4,0.8333333333333334,0.4,2.488632202148438,0.8312146336504402,0.1111147164063833,0.5000000000240034
C5,0.5,0.1,2,0.4,0.8333333333333334,0.4,2.498626708984375,0.8312647661113493,0.1111145475322262,0.5000000000240997
C5,0.5,0.1,2,0.4,0.8333333333333334,0.4,2.508621215820312,0.831313714004708,0.1111143865682723,0.5000000000241963
C5,0.5,0.1,2,0.4,0.8333333333333334,0.4,2.51861572265625,0.8313615052478729,0.1111142331440007,0.5000000000242925
C5,0.5,0.1,2,0.4,0.8333333333333334,0.4,2.528610229492188,0.8314081671034322,0.1111140869062457,0.5000000000243892
C5,0.5,0.1,2,0.4,0.8333333333333334,0.4,2.538604736328125,0.8314537261943992,0.1111139475183846,0.500000000024485
C5,0.5,0.1,2,0.4,0.8333333333333334,0.4,2.548599243164062,0.8314982085190971,0.1111138146595618,0.5000000000245817
C5,0.5,0.1,2,0.4,0.8333333333333334,0.4,2.55859375,0.83154163946569,0.1111136880239516,0.5000000000246781
C5,0.5,0.1,2,0.4,0.8333333333333334,0.4,2.568588256835938,0.8315840438263948,0.1111135673200536,0.5000000000247742
C5,0.5,0.1,2,0.4,0.8333333333333334,0.4,2.578582763671875,0.8316254458113325,0.1111134522700208,0.5000000000248706
C5,0.5,0.1,2,0.4,0.8333333333333334,0.4,2.588577270507812,0.8316658690620888,0.1111133426090218,0.5000000000249673
C5,0.5,0.1,2,0.4,0.8333333333333334,0.4,2.59857177734375,0.8317053366649827,0.1111132380846291,0.5000000000250634
C5,0.5,0.1,2,0.4,0.8333333333333334,0.4,2.608566284179688,0.8317438711639691,0.1111131384562401,0.5000000000251598
C5,0.5,0.1,2,0.4,0.8333333333333334,0.4,2.618560791015625,0.8317814945733257,0.1111130434945219,0.5000000000252561
C5,0.5,0.1,2,0.4,0.8333333333333334,0.4,2.628555297851562,0.8318182283899669,0.1111129529808837,0.5000000000253521
C5,0.5,0.1,2,0.4,0.8333333333333334,0.4,2.6385498046875,0.8318540936055332,0.1111128667069737,0.5000000000254485
C5,0.5,0.1,2,0.4,0.8333333333333334,0.4,2.648544311523438,0.8318891107181863,0.1111127844741999,0.5000000000255453
C5,0.5,0.1,2,0.4,0.8333333333333334,0.4,2.658538818359375,0.8319232997441253,0.1111127060932719,0.5000000000256418
C5,0.5,0.1,2,0.4,0.8333333333333334,0.4,2.668533325195312,0.831956680228834,0.1111126313837664,0.5000000000257382
C5,0.5,0.1,2,0.4,0.8333333333333334,0.4,2.67852783203125,0.8319892712580829,0.1111125601737107,0.5000000000258348
C5,0.5,0.1,2,0.4,0.8333333333333334,0.4,2.688522338867188,0.8320210914686712,0.1111124922991882,0.5000000000259309
C5,0.5,0.1,2,0.4,0.8333333333333334,0.4,2.698516845703125,0.8320521590589233,0.1111124276039594,0.5000000000260275
C5,0.5,0.1,2,0.4,0.8333333333333334,0.4,2.708511352539062,0.832082491798927,0.111112365939104,0.5000000000261231
C5,0.5,0.1,2,0.4,0.8333333333333334,0.4,2.718505859375,0.8321121070405703,0.1111123071626771,0.5000000000262199
C5,0.5,0.1,2,0.4,0.8333333333333334,0.4,2.728500366210938,0.8321410217273069,0.1111122511393823,0.5000000000263159
C5,0.5,0.1,2,0.4,0.8333333333333334,0.4,2.738494873046875,0.8321692524037103,0.111112197740261,0.5000000000264124
C5,0.5,0.1,2,0.4,0.8333333333333334,0.4,2.748489379882812,0.832196815224838,0.1111121468423946,0.5000000000265089
C5,0.5,0.1,2,0.4,0.8333333333333334,0.4,2.75848388671875,0.8322237259653005,0.1111120983286225,0.5000000000266052
C5,0.5,0.1,2,0.4,0.8333333333333334,0.4,2.768478393554688,0.8322500000282326,0.1111120520872722,0.500000000026702
C5,0.5,0.1,2,0.4,0.8333333333333334,0.4,2.778472900390625,0.832275652453944,0.1111120080119015,0.5000000000267983
C5,0.5,0.1,2,0.4,0.8333333333333334,0.4,2.788467407226562,0.8323006979284414,0.1111119660010541,0.5000000000268949
C5,0.5,0.1,2,0.4,0.8333333333333334,0.4,2.7984619140625,0.8323251507917304,0.1111119259580266,0.5000000000269912
C5,0.5,0.1,2,0.4,0.8333333333333334,0.4,2.808456420898438,0.8323490250459155,0.1111118877906446,0.500000000027087
C5,0.5,0.1,2,0.4,0.8333333333333334,0.4,2.818450927734375,0.8323723343631489,0.1111118514110514,0.5000000000271837
C5,0.5,0.1,2,0.4,0.8333333333333334,0.4,2.828445434570312,0.8323950920933321,0.1111118167355061,0.5000000000272798
C5,0.5,0.1,2,0.4,0.8333333333333334,0.4,2.83843994140625,0.8324173112717101,0.1111117836841895,0.5000000000273764
C5,0.5,0.1,2,0.4,0.8333333333333334,0.4,2.848434448242188,0.8324390046262233,0.1111117521810216,0.5000000000274722
C5,0.5,0.1,2,0.4,0.8333333333333334,0.4,2.858428955078125,0.8324601845847318,0.1111117221534861,0.5000000000275691
C5,0.5,0.1,2,0.4,0.8333333333333334,0.4,2.868423461914062,0.832480863282048,0.1111116935324631,0.5000000000276659
C5,0.5,0.1,2,0.4,0.8333333333333334,0.4,2.87841796875,0.8325010525668597,0.1111116662520707,0.5000000000277616
C5,0.5,0.1,2,0.4,0.8333333333333334,0.4,2.888412475585938,0.8325207640083929,0.1111116402495127,0.5000000000278577
C5,0.5,0.1,2,0.4,0.8333333333333334,0.4,2.898406982421875,0.8325400089029775,0.1111116154649345,0.5000000000279543
C5,0.5,0.1,2,0.4,0.8333333333333334,0.4,2.908401489257812,0.8325587982805158,0.1111115918412851,0.5000000000280508
C5,0.5,0.1,2,0.4,0.8333333333333334,0.4,2.91839599609375,0.8325771429106804,0.1111115693241858,0.5000000000281475
C5,0.5,0.1,2,0.4,0.8333333333333334,0.4,2.928390502929688,0.8325950533090519,0.111111547861805,0.5000000000282441
C5,0.5,0.1,2,0.4,0.8333333333333334,0.4,2.938385009765625,0.8326125397430921,0.1111115274047387,0.5000000000283406
C5,0.5,0.1,2,0.4,0.8333333333333334,0.4,2.948379516601562,0.8326296122379737,0.1111115079058974,0.500000000028437
C5,0.5,0.1,2,0.4,0.8333333333333334,0.4,2.9583740234375,0.8326462805822771,0.1111114893203973,0.5000000000285333
C5,0.5,0.1,2,0.4,0.8333333333333334,0.4,2.968368530273438,0.8326625543335578,0.1111114716054565,0.5000000000286295
C5,0.5,0.1,2,0.4,0.8333333333333334,0.4,2.978363037109375,0.8326784428237682,0.1111114547202978,0.5000000000287264
C5,0.5,0.1,2,0.4,0.8333333333333334,0.4,2.988357543945312,0.8326939551645735,0.1111114386260532,0.5000000000288227
C5,0.5,0.1,2,0.4,0.8333333333333334,0.4,2.99835205078125,0.8327091002525342,0.1111114232856762,0.5000000000289185
C5,0.5,0.1,2,0.4,0.8333333333333334,0.4,3.008346557617188,0.8327238867741661,0.1111114086638547,0.5000000000290151
C5,0.5,0.1,2,0.4,0.8333333333333334,0.4,3.018341064453125,0.8327383232108789,0.1111113947269314,0.5000000000291113
C5,0.5,0.1,2,0.4,0.8333333333333334,0.4,3.028335571289062,0.8327524178437994,0.111111381442825,0.5000000000292074
C5,0.5,0.1,2,0.4,0.8333333333333334,0.4,3.038330078125,0.832766178758506,0.1111113687809571,0.5000000000293037
C5,0.5,0.1,2,0.4,0.8333333333333334,0.4,3.048324584960938,0.8327796138496074,0.1111113567121818,0.5000000000294
C5,0.5,0.1,2,0.4,0.8333333333333334,0.4,3.058319091796875,0.8327927308252686,0.1111113452087178,0.5000000000294962
C5,0.5,0.1,2,0.4,0.8333333333333334,0.4,3.068313598632812,0.8328055372115645,0.111111334244086,0.5000000000295916
C5,0.5,0.1,2,0.4,0.8333333333333334,0.4,3.07830810546875,0.8328180403567903,0.1111113237930468,0.5000000000296878
C5,0.5,0.1,2,0.4,0.8333333333333334,0.4,3.088302612304688,0.8328302474356662,0.1111113138315434,0.5000000000297838
C5,0.5,0.1,2,0.4,0.8333333333333334,0.4,3.098297119140625,0.8328421654533794,0.1111113043366456,0.5000000000298794
C5,0.5,0.1,2,0.4,0.8333333333333334,0.4,3.108291625976562,0.8328538012496232,0.111111295286497,0.5000000000299756
C5,0.5,0.1,2,0.4,0.8333333333333334,0.4,3.1182861328125,0.832865161502478,0.1111112866602656,0.5000000000300711
C5,0.5,0.1,2,0.4,0.8333333333333334,0.4,3.128280639648438,0.832876252732226,0.1111112784380947,0.5000000000301672
C5,0.5,0.1,2,0.4,0.8333333333333334,0.4,3.138275146484375,0.832887081305059,0.1111112706010579,0.5000000000302632
C5,0.5,0.1,2,0.4,0.8333333333333334,0.4,3.148269653320312,0.832897653436719,0.1111112631311151,0.5000000000303588
C5,0.5,0.1,2,0.4,0.8333333333333334,0.4,3.15826416015625,0.8329079751960436,0.1111112560110713,0.5000000000304547
C5,0.5,0.1,2,0.4,0.8333333333333334,0.4,3.168258666992188,0.8329180525084262,0.1111112492245373,0.5000000000305508
C5,0.5,0.1,2,0.4,0.8333333333333334,0.4,3.178253173828125,0.8329278911592177,0.111111242755891,0.5000000000306468
C5,0.5,0.1,2,0.4,0.8333333333333334,0.4,3.188247680664062,0.832937496796996,0.1111112365902423,0.5000000000307421
C5,0.5,0.1,2,0.4,0.8333333333333334,0.4,3.1982421875,0.832946874936811,0.1111112307133988,0.5000000000308383
C5,0.5,0.1,2,0.4,0.8333333333333334,0.4,3.208236694335938,0.8329560309633478,0.1111112251118327,0.5000000000309341
C5,0.5,0.1,2,0.4,0.8333333333333334,0.4,3.218231201171875,0.8329649701339719,0.1111112197726497,0.5000000000310302
C5,0.5,0.1,2,0.4,0.8333333333333334,0.4,3.228225708007812,0.8329736975817552,0.1111112146835595,0.5000000000311262
C5,0.5,0.1,2,0.4,0.8333333333333334,0.4,3.23822021484375,0.8329822183183894,0.1111112098328479,0.5000000000312225
C5,0.5,0.1,2,0.4,0.8333333333333334,0.4,3.248214721679688,0.8329905372370822,0.1111112052093488,0.5000000000313183
C5,0.5,0.1,2,0.4,0.8333333333333334,0.4,3.258209228515625,0.8329986591153156,0.1111112008024193,0.5000000000314141
C5,0.5,0.1,2,0.4,0.8333333333333334,0.4,3.268203735351562,0.8330065886175982,0.1111111966019155,0.5000000000315099
C5,0.5,0.1,2,0.4,0.8333333333333334,0.4,3.2781982421875,0.8330143302981381,0.1111111925981681,0.5000000000316062
C5,0.5,0.1,2,0.4,0.8333333333333334,0.4,3.288192749023438,0.8330218886034134,0.1111111887819609,0.5000000000317023
C5,0.5,0.1,2,0.4,0.8333333333333334,0.4,3.298187255859375,0.8330292678747772,0.1111111851445094,0.5000000000317983
C5,0.5,0.1,2,0.4,0.8333333333333334,0.4,3.308181762695312,0.8330364723508537,0.1111111816774405,0.500000000031894
C5,0.5,0.1,2,0.4,0.8333333333333334,0.4,3.31817626953125,0.833043506170041,0.1111111783727733,0.50000000003199
C5,0.5,0.1,2,0.4,0.8333333333333334,0.4,3.328170776367188,0.8330503733728402,0.1111111752229011,0.5000000000320858
C5,0.5,0.1,2,0.4,0.8333333333333334,0.4,3.338165283203125,0.8330570779041696,0.111111172220573,0.500000000032182
C5,0.5,0.1,2,0.4,0.8333333333333334,0.4,3.348159790039062,0.83306362361564,0.111111169358878,0.5000000000322786
C5,0.5,0.1,2,0.4,0.8333333333333334,0.4,3.358154296875,0.8330700142677254,0.1111111666312289,0.500000000032375
C5,0.5,0.1,2,0.4,0.8333333333333334,0.4,3.368148803710938,0.8330762535319499,0.1111111640313463,0.5000000000324708
C5,0.5,0.1,2,0.4,0.8333333333333334,0.4,3.378143310546875,0.8330823449929728,0.111111161553246,0.5000000000325665
C5,0.5,0.1,2,0.4,0.8333333333333334,0.4,3.388137817382812,0.8330882921506306,0.1111111591912237,0.500000000032663
C5,0.5,0.1,2,0.4,0.8333333333333334,0.4,3.39813232421875,0.8330940984219659,0.1111111569398423,0.5000000000327592
C5,0.5,0.1,2,0.4,0.8333333333333334,0.4,3.408126831054688,0.8330997671431744,0.1111111547939189,0.5000000000328558
C5,0.5,0.1,2,0.4,0.8333333333333334,0.4,3.418121337890625,0.8331053015714874,0.1111111527485137,0.5000000000329516
C5,0.5,0.1,2,0.4,0.8333333333333334,0.4,3.428115844726562,0.8331107048870662,0.1111111507989192,0.5000000000330487
C5,0.5,0.1,2,0.4,0.8333333333333334,0.4,3.4381103515625,0.833115980194843,0.1111111489406466,0.5000000000331444
C5,0.5,0.1,2,0.4,0.8333333333333334,0.4,3.448104858398438,0.8331211305262433,0.1111111471694187,0.50000000003324
C5,0.5,0.1,2,0.4,0.8333333333333334,0.4,3.458099365234375,0.8331261588409703,0.1111111454811588,0.5000000000333369
C5,0.5,0.1,2,0.4,0.8333333333333334,0.4,3.468093872070312,0.8331310680286901,0.1111111438719795,0.5000000000334326
C5,0.5,0.1,2,0.4,0.8333333333333334,0.4,3.47808837890625,0.8331358609106541,0.1111111423381775,0.5000000000335291
C5,0.5,0.1,2,0.4,0.8333333333333334,0.4,3.488082885742188,0.8331405402413498,0.111111140876222,0.5000000000336257
C5,0.5,0.1,2,0.4,0.8333333333333334,0.4,3.498077392578125,0.833145108710092,0.111111139482747,0.500000000033721
C5,0.5,0.1,2,0.4,0.8333333333333334,0.4,3.508071899414062,0.8331495689425265,0.111111138154546,0.5000000000338186
C5,0.5,0.1,2,0.4,0.8333333333333334,0.4,3.51806640625,0.8331539235021604,0.1111111368885599,0.5000000000339134
C5,0.5,0.1,2,0.4,0.8333333333333334,0.4,3.528060913085938,0.8331581748918109,0.1111111356818764,0.5000000000340106
C5,0.5,0.1,2,0.4,0.8333333333333334,0.4,3.538055419921875,0.8331623255550566,0.1111111345317159,0.5000000000341059
C5,0.5,0.1,2,0.4,0.8333333333333334,0.4,3.548049926757812,0.8331663778776326,0.1111111334354324,0.5000000000342031
C5,0.5,0.1,2,0.4,0.8333333333333334,0.4,3.55804443359375,0.8331703341888048,0.1111111323905011,0.5000000000342985
C5,0.5,0.1,2,0.4,0.8333333333333334,0.4,3.568038940429688,0.8331741967626874,0.1111111313945174,0.5000000000343958
C5,0.5,0.1,2,0.4,0.8333333333333334,0.4,3.578033447265625,0.8331779678195783,0.1111111304451878,0.5000000000344909
C5,0.5,0.1,2,0.4,0.8333333333333334,0.4,3.588027954101562,0.8331816495271908,0.1111111295403281,0.5000000000345882
C5,0.5,0.1,2,0.4,0.8333333333333334,0.4,3.5980224609375,0.8331852440019363,0.1111111286778538,0.5000000000346836
C5,0.5,0.1,2,0.4,0.8333333333333334,0.4,3.608016967773438,0.8331887533101128,0.1111111278557813,0.500000000034781
C5,0.5,0.1,2,0.4,0.8333333333333334,0.4,3.618011474609375,0.833192179469101,0.1111111270722163,0.5000000000348761
C5,0.5,0.1,2,0.4,0.8333333333333334,0.4,3.628005981445312,0.8331955244485142,0.1111111263253568,0.5000000000349736
C5,0.5,0.1,2,0.4,0.8333333333333334,0.4,3.63800048828125,0.8331987901713348,0.1111111256134825,0.5000000000350702
C5,0.5,0.1,2,0.4,0.8333333333333334,0.4,3.647994995117188,0.8332019785150206,0.1111111249349546,0.5000000000351656
C5,0.5,0.1,2,0.4,0.8333333333333334,0.4,3.657989501953125,0.8332050913125657,0.1111111242882119,0.500000000035263
C5,0.5,0.1,2,0.4,0.8333333333333334,0.4,3.667984008789062,0.8332081303535752,0.1111111236717644,0.5000000000353587
C5,0.5,0.1,2,0.4,0.8333333333333334,0.4,3.677978515625,0.8332110973852676,0.111111123084194,0.5000000000354549
C5,0.5,0.1,2,0.4,0.8333333333333334,0.4,3.687973022460938,0.8332139941134898,0.1111111225241482,0.5000000000355521
C5,0.5,0.1,2,0.4,0.8333333333333334,0.4,3.697967529296875,0.8332168222037142,0.1111111219903365,0.5000000000356475
C5,0.5,0.1,2,0.4,0.8333333333333334,0.4,3.707962036132812,0.8332195832819451,0.1111111214815317,0.5000000000357446
C5,0.5,0.1,2,0.4,0.8333333333333334,0.4,3.71795654296875,0.8332222789357006,0.1111111209965616,0.5000000000358411
C5,0.5,0.1,2,0.4,0.8333333333333334,0.4,3.727951049804688,0.8332249107149053,0.1111111205343089,0.5000000000359365
C5,0.5,0.1,2,0.4,0.8333333333333334,0.4,3.737945556640625,0.8332274801327799,0.1111111200937115,0.5000000000360335
C5,0.5,0.1,2,0.4,0.8333333333333334,0.4,3.747940063476562,0.8332299886667071,0.1111111196737539,0.5000000000361305
C5,0.5,0.1,2,0.4,0.8333333333333334,0.4,3.7579345703125,0.8332324377590854,0.1111111192734683,0.5000000000362259
C5,0.5,0.1,2,0.4,0.8333333333333334,0.4,3.767929077148438,0.8332348288181473,0.1111111188919353,0.5000000000363224
C5,0.5,0.1,2,0.4,0.8333333333333334,0.4,3.777923583984375,0.8332371632187749,0.1111111185282757,0.5000000000364198
C5,0.5,0.1,2,0.4,0.8333333333333334,0.4,3.787918090820312,0.8332394423033006,0.1111111181816515,0.5000000000365149
C5,0.5,0.1,2,0.4,0.8333333333333334,0.4,3.79791259765625,0.8332416673822614,0.1111111178512655,0.5000000000366108
C5,0.5,0.1,2,0.4,0.8333333333333334,0.4,3.807907104492188,0.8332438397351399,0.1111111175363579,0.5000000000367089
C5,0.5,0.1,2,0.4,0.8333333333333334,0.4,3.817901611328125,0.8332459606111395,0.1111111172362024,0.500000000036806
C5,0.5,0.1,2,0.4,0.8333333333333334,0.4,3.827896118164062,0.8332480312298703,0.1111111169501077,0.500000000036901
C5,0.5,0.1,2,0.4,0.8333333333333334,0.4,3.837890625,0.8332500527820418,0.111111116677416,0.500000000036997
C5,0.5,0.1,2,0.4,0.8333333333333334,0.4,3.847885131835938,0.8332520264301639,0.1111111164175004,0.500000000037095
C5,0.5,0.1,2,0.4,0.8333333333333334,0.4,3.857879638671875,0.8332539533092325,0.1111111161697608,0.5000000000371921
C5,0.5,0.1,2,0.4,0.8333333333333334,0.4,3.867874145507812,0.8332558345273435,0.1111111159336269,0.5000000000372867
C5,0.5,0.1,2,0.4,0.8333333333333334,0.4,3.87786865234375,0.8332576711663494,0.1111111157085558,0.5000000000373824
C5,0.5,0.1,2,0.4,0.8333333333333334,0.4,3.887863159179688,0.8332594642824829,0.11111111549403,0.5000000000374797
C5,0.5,0.1,2,0.4,0.8333333333333334,0.4,3.897857666015625,0.8332612149069488,0.1111111152895547,0.5000000000375768
C5,0.5,0.1,2,0.4,0.8333333333333334,0.4,3.907852172851562,0.8332629240465269,0.1111111150946586,0.5000000000376732
C5,0.5,0.1,2,0.4,0.8333333333333334,0.4,3.9178466796875,0.8332645926841569,0.1111111149088931,0.500000000037768
C5,0.5,0.1,2,0.4,0.8333333333333334,0.4,3.927841186523438,0.8332662217794883,0.1111111147318315,0.5000000000378646
C5,0.5,0.1,2,0.4,0.8333333333333334,0.4,3.937835693359375,0.8332678122694342,0.1111111145630666,0.5000000000379627
C5,0.5,0.1,2,0.4,0.8333333333333334,0.4,3.947830200195312,0.8332693650687347,0.1111111144022082,0.50000000003806
C5,0.5,0.1,2,0.4,0.8333333333333334,0.4,3.95782470703125,0.8332708810704417,0.1111111142488859,0.5000000000381556
C5,0.5,0.1,2,0.4,0.8333333333333334,0.4,3.967819213867188,0.8332723611464552,0.1111111141027469,0.5000000000382503
C5,0.5,0.1,2,0.4,0.8333333333333334,0.4,3.977813720703125,0.8332738061480183,0.1111111139634558,0.5000000000383465
C5,0.5,0.1,2,0.4,0.8333333333333334,0.4,3.987808227539062,0.8332752169062186,0.111111113830692,0.5000000000384446
C5,0.5,0.1,2,0.4,0.8333333333333334,0.4,3.997802734375,0.8332765942324446,0.1111111137041489,0.5000000000385423
C5,0.5,0.1,2,0.4,0.8333333333333334,0.4,4.007797241210938,0.833277938918883,0.1111111135835346,0.5000000000386392
C5,0.5,0.1,2,0.4,0.8333333333333334,0.4,4.017791748046875,0.8332792517389263,0.1111111134685715,0.5000000000387346
C5,0.5,0.1,2,0.4,0.8333333333333334,0.4,4.027786254882812,0.8332805334476659,0.111111113358995,0.5000000000388295
C5,0.5,0.1,2,0.4,0.8333333333333334,0.4,4.03778076171875,0.8332817847822943,0.1111111132545537,0.5000000000389254
C5,0.5,0.1,2,0.4,0.8333333333333334,0.4,4.047775268554688,0.8332830064625391,0.1111111131550071,0.5000000000390227
C5,0.5,0.1,2,0.4,0.8333333333333334,0.4,4.057769775390625,0.8332841991910799,0.1111111130601257,0.5000000000391208
C5,0.5,0.1,2,0.4,0.8333333333333334,0.4,4.067764282226562,0.8332853636539573,0.11111111296969,0.5000000000392177
C5,0.5,0.1,2,0.4,0.8333333333333334,0.4,4.0777587890625,0.8332865005209539,0.1111111128834922,0.5000000000393137
C5,0.5,0.1,2,0.4,0.8333333333333334,0.4,4.087753295898438,0.8332876104459862,0.1111111128013332,0.5000000000394084
C5,0.5,0.1,2,0.4,0.8333333333333334,0.4,4.097747802734375,0.833288694067463,0.1111111127230247,0.5000000000395037
C5,0.5,0.1,2,0.4,0.8333333333333334,0.4,4.107742309570312,0.8332897520086764,0.1111111126483868,0.5000000000395999
C5,0.5,0.1,2,0.4,0.8333333333333334,0.4,4.11773681640625,0.8332907848781559,0.1111111125772474,0.5000000000396975
C5,0.5,0.1,2,0.4,0.8333333333333334,0.4,4.127731323242188,0.8332917932700175,0.1111111125094429,0.5000000000397957
C5,0.5,0.1,2,0.4,0.8333333333333334,0.4,4.137725830078125,0.8332927777642931,0.1111111124448159,0.5000000000398935
C5,0.5,0.1,2,0.4,0.8333333333333334,0.4,4.147720336914062,0.833293738927268,0.1111111123832175,0.5000000000399895
C5,0.5,0.1,2,0.4,0.8333333333333334,0.4,4.15771484375,0.8332946773118243,0.1111111123245064,0.5000000000400855
C5,0.5,0.1,2,0.4,0.8333333333333334,0.4,4.167709350585938,0.8332955934577382,0.1111111122685467,0.5000000000401801
C5,0.5,0.1,2,0.4,0.8333333333333334,0.4,4.177703857421875,0.8332964878920005,0.1111111122152102,0.5000000000402751
C5,0.5,0.1,2,0.4,0.8333333333333334,0.4,4.187698364257812,0.8332973611290969,0.1111111121643748,0.500000000040371
C5,0.5,0.1,2,0.4,0.8333333333333334,0.4,4.19769287109375,0.833298213671346,0.1111111121159226,0.5000000000404676
C5,0.5,0.1,2,0.4,0.8333333333333334,0.4,4.207687377929688,0.8332990460091569,0.1111111120697426,0.5000000000405658
C5,0.5,0.1,2,0.4,0.8333333333333334,0.4,4.217681884765625,0.8332998586213184,0.1111111120257278,0.500000000040664
C5,0.5,0.1,2,0.4,0.8333333333333334,0.4,4.227676391601562,0.8333006519752695,0.1111111119837765,0.5000000000407614
C5,0.5,0.1,2,0.4,0.8333333333333334,0.4,4.2376708984375,0.8333014265273905,0.1111111119437917,0.5000000000408581
C5,0.5,0.1,2,0.4,0.8333333333333334,0.4,4.247665405273438,0.8333021827232262,0.1111111119056818,0.5000000000409542
C5,0.5,0.1,2,0.4,0.8333333333333334,0.4,4.257659912109375,0.8333029209977927,0.1111111118693585,0.5000000000410493
C5,0.5,0.1,2,0.4,0.8333333333333334,0.4,4.267654418945312,0.8333036417757691,0.1111111118347383,0.5000000000411441
C5,0.5,0.1,2,0.4,0.8333333333333334,0.4,4.27764892578125,0.8333043454717819,0.1111111118017417,0.5000000000412392
C5,0.5,0.1,2,0.4,0.8333333333333334,0.4,4.287643432617188,0.8333050324906358,0.1111111117702934,0.500000000041335
C5,0.5,0.1,2,0.4,0.8333333333333334,0.4,4.297637939453125,0.8333057032275571,0.1111111117403202,0.5000000000414311
C5,0.5,0.1,2,0.4,0.8333333333333334,0.4,4.307632446289062,0.8333063580683751,0.1111111117117532,0.500000000041528
C5,0.5,0.1,2,0.4,0.8333333333333334,0.4,4.317626953125,0.8333069973897971,0.1111111116845269,0.5000000000416264
C5,0.5,0.1,2,0.4,0.8333333333333334,0.4,4.327621459960938,0.8333076215596112,0.111111111658578,0.5000000000417244
C5,0.5,0.1,2,0.4,0.8333333333333334,0.4,4.337615966796875,0.8333082309368768,0.1111111116338462,0.5000000000418227
C5,0.5,0.1,2,0.4,0.8333333333333334,0.4,4.347610473632812,0.833308825872157,0.1111111116102751,0.5000000000419199
C5,0.5,0.1,2,0.4,0.8333333333333334,0.4,4.35760498046875,0.833309406707696,0.1111111115878094,0.5000000000420162
C5,0.5,0.1,2,0.4,0.8333333333333334,0.4,4.367599487304688,0.8333099737776324,0.1111111115663983,0.5000000000421131
C5,0.5,0.1,2,0.4,0.8333333333333334,0.4,4.377593994140625,0.8333105274081943,0.1111111115459918,0.5000000000422097
C5,0.5,0.1,2,0.4,0.8333333333333334,0.4,4.387588500976562,0.8333110679178656,0.1111111115265427,0.5000000000423043
C5,0.5,0.1,2,0.4,0.8333333333333334,0.4,4.3975830078125,0.8333115956175928,0.1111111115080063,0.5000000000423985
C5,0.5,0.1,2,0.4,0.8333333333333334,0.4,4.407577514648438,0.833312110810954,0.1111111114903402,0.5000000000424933
C5,0.5,0.1,2,0.4,0.8333333333333334,0.4,4.417572021484375,0.833312613794333,0.1111111114735037,0.5000000000425884
C5,0.5,0.1,2,0.4,0.8333333333333334,0.4,4.427566528320312,0.8333131048570852,0.1111111114574585,0.5000000000426851
C5,0.5,0.1,2,0.4,0.8333333333333334,0.4,4.43756103515625,0.8333135842817208,0.1111111114421669,0.5000000000427812
C5,0.5,0.1,2,0.4,0.8333333333333334,0.4,4.447555541992188,0.8333140523440411,0.1111111114275934,0.5000000000428779
C5,0.5,0.1,2,0.4,0.8333333333333334,0.4,4.457550048828125,0.833314509313324,0.1111111114137051,0.500000000042975
C5,0.5,0.1,2,0.4,0.8333333333333334,0.4,4.467544555664062,0.8333149554524599,0.1111111114004696,0.5000000000430731
C5,0.5,0.1,2,0.4,0.8333333333333334,0.4,4.4775390625,0.8333153910181125,0.1111111113878562,0.500000000043171
C5,0.5,0.1,2,0.4,0.8333333333333334,0.4,4.487533569335938,0.8333158162608579,0.1111111113758356,0.5000000000432693
C5,0.5,0.1,2,0.4,0.8333333333333334,0.4,4.497528076171875,0.8333162314253357,0.1111111113643799,0.5000000000433669
C5,0.5,0.1,2,0.4,0.8333333333333334,0.4,4.507522583007812,0.8333166367504079,0.1111111113534626,0.5000000000434642
C5,0.5,0.1,2,0.4,0.8333333333333334,0.4,4.51751708984375,0.8333170324692475,0.1111111113430584,0.5000000000435606
C5,0.5,0.1,2,0.4,0.8333333333333334,0.4,4.527511596679688,0.8333174188095183,0.1111111113331432,0.5000000000436563
C5,0.5,0.1,2,0.4,0.8333333333333334,0.4,4.537506103515625,0.8333177959934773,0.1111111113236949,0.5000000000437528
C5,0.5,0.1,2,0.4,0.8333333333333334,0.4,4.547500610351562,0.8333181642381277,0.1111111113146907,0.500000000043849
C5,0.5,0.1,2,0.4,0.8333333333333334,0.4,4.5574951171875,0.8333185237553243,0.1111111113061101,0.500000000043944
C5,0.5,0.1,2,0.4,0.8333333333333334,0.4,4.567489624023438,0.8333188747518913,0.1111111112979334,0.500000000044039
C5,0.5,0.1,2,0.4,0.8333333333333334,0.4,4.577484130859375,0.8333192174297749,0.1111111112901414,0.5000000000441337
C5,0.5,0.1,2,0.4,0.8333333333333334,0.4,4.587478637695312,0.8333195519861034,0.1111111112827165,0.5000000000442287
C5,0.5,0.1,2,0.4,0.8333333333333334,0.4,4.59747314453125,0.8333198786133835,0.1111111112756414,0.5000000000443238
C5,0.5,0.1,2,0.4,0.8333333333333334,0.4,4.607467651367188,0.8333201974995101,0.1111111112688994,0.5000000000444186
C5,0.5,0.1,2,0.4,0.8333333333333334,0.4,4.617462158203125,0.833320508827945,0.1111111112624758,0.5000000000445142
C5,0.5,0.1,2,0.4,0.8333333333333334,0.4,4.627456665039062,0.8333208127778006,0.1111111112563552,0.5000000000446102
C5,0.5,0.1,2,0.4,0.8333333333333334,0.4,4.637451171875,0.8333211095239467,0.1111111112505232,0.5000000000447066
C5,0.5,0.1,2,0.4,0.8333333333333334,0.4,4.647445678710938,0.8333213992371072,0.1111111112449667,0.5000000000448032
C5,0.5,0.1,2,0.4,0.8333333333333334,0.4,4.657440185546875,0.8333216820839655,0.1111111112396723,0.500000000044899
C5,0.5,0.1,2,0.4,0.8333333333333334,0.4,4.667434692382812,0.8333219582272499,0.1111111112346282,0.5000000000449957
C5,0.5,0.1,2,0.4,0.8333333333333334,0.4,4.67742919921875,0.8333222278258309,0.1111111112298224,0.5000000000450926
C5,0.5,0.1,2,0.4,0.8333333333333334,0.4,4.687423706054688,0.8333224910348145,0.111111111225244,0.5000000000451901
C5,0.5,0.1,2,0.4,0.8333333333333334,0.4,4.697418212890625,0.8333227480056333,0.1111111112208821,0.5000000000452883
C5,0.5,0.1,2,0.4,0.8333333333333334,0.4,4.707412719726562,0.833322998886137,0.1111111112167265,0.5000000000453859
C5,0.5,0.1,2,0.4,0.8333333333333334,0.4,4.7174072265625,0.8333232438206516,0.1111111112127678,0.5000000000454834
C5,0.5,0.1,2,0.4,0.8333333333333334,0.4,4.727401733398438,0.8333234829501048,0.1111111112089962,0.5000000000455807
C5,0.5,0.1,2,0.4,0.8333333333333334,0.4,4.737396240234375,0.8333237164120788,0.1111111112054034,0.5000000000456781
C5,0.5,0.1,2,0.4,0.8333333333333334,0.4,4.747390747070312,0.8333239443408826,0.111111111201981,0.5000000000457759
C5,0.5,0.1,2,0.4,0.8333333333333334,0.4,4.75738525390625,0.8333241668676602,0.1111111111987207,0.5000000000458729
C5,0.5,0.1,2,0.4,0.8333333333333334,0.4,4.767379760742188,0.8333243841204382,0.111111111195615,0.5000000000459698
C5,0.5,0.1,2,0.4,0.8333333333333334,0.4,4.777374267578125,0.8333245962241995,0.1111111111926572,0.5000000000460673
C5,0.5,0.1,2,0.4,0.8333333333333334,0.4,4.787368774414062,0.8333248033009866,0.1111111111898393,0.5000000000461632
C5,0.5,0.1,2,0.4,0.8333333333333334,0.4,4.79736328125,0.8333250054699461,0.1111111111871553,0.5000000000462596
C5,0.5,0.1,2,0.4,0.8333333333333334,0.4,4.807357788085938,0.8333252028473708,0.1111111111845995,0.5000000000463568
C5,0.5,0.1,2,0.4,0.8333333333333334,0.4,4.817352294921875,0.8333253955468375,0.1111111111821654,0.5000000000464534
C5,0.5,0.1,2,0.4,0.8333333333333334,0.4,4.827346801757812,0.8333255836792181,0.1111111111798467,0.5000000000465487
C5,0.5,0.1,2,0.4,0.8333333333333334,0.4,4.83734130859375,0.8333257673527464,0.1111111111776387,0.5000000000466449
C5,0.5,0.1,2,0.4,0.8333333333333334,0.4,4.847335815429688,0.833325946673094,0.1111111111755362,0.5000000000467407
C5,0.5,0.1,2,0.4,0.8333333333333334,0.4,4.857330322265625,0.8333261217434255,0.1111111111735344,0.5000000000468371
C5,0.5,0.1,2,0.4,0.8333333333333334,0.4,4.867324829101562,0.8333262926644854,0.1111111111716282,0.5000000000469333
C5,0.5,0.1,2,0.4,0.8333333333333334,0.4,4.8773193359375,0.8333264595345991,0.111111111169813,0.5000000000470283
C5,0.5,0.1,2,0.4,0.8333333333333334,0.4,4.887313842773438,0.8333266224497825,0.1111111111680847,0.5000000000471237
C5,0.5,0.1,2,0.4,0.8333333333333334,0.4,4.897308349609375,0.8333267815037656,0.1111111111664394,0.5000000000472191
C5,0.5,0.1,2,0.4,0.8333333333333334,0.4,4.907302856445312,0.8333269367880497,0.1111111111648736,0.5000000000473148
C5,0.5,0.1,2,0.4,0.8333333333333334,0.4,4.91729736328125,0.8333270883919847,0.1111111111633831,0.5000000000474119
C5,0.5,0.1,2,0.4,0.8333333333333334,0.4,4.927291870117188,0.8333272364028069,0.1111111111619642,0.5000000000475072
C5,0.5,0.1,2,0.4,0.8333333333333334,0.4,4.937286376953125,0.8333273809056593,0.1111111111606132,0.5000000000476021
C5,0.5,0.1,2,0.4,0.8333333333333334,0.4,4.947280883789062,0.833327521983693,0.1111111111593277,0.5000000000476963
C5,0.5,0.1,2,0.4,0.8333333333333334,0.4,4.957275390625,0.8333276597180691,0.1111111111581043,0.5000000000477915
C5,0.5,0.1,2,0.4,0.8333333333333334,0.4,4.967269897460938,0.8333277941880392,0.1111111111569404,0.5000000000478867
C5,0.5,0.1,2,0.4,0.8333333333333334,0.4,4.977264404296875,0.833327925470958,0.1111111111558334,0.5000000000479831
C5,0.5,0.1,2,0.4,0.8333333333333334,0.4,4.987258911132812,0.8333280536423686,0.1111111111547804,0.5000000000480795
C5,0.5,0.1,2,0.4,0.8333333333333334,0.4,4.99725341796875,0.8333281787760215,0.1111111111537786,0.5000000000481757
C5,0.5,0.1,2,0.4,0.8333333333333334,0.4,5.007247924804688,0.8333283009439143,0.1111111111528253,0.5000000000482712
C5,0.5,0.1,2,0.4,0.8333333333333334,0.4,5.017242431640625,0.8333284202163307,0.1111111111519183,0.5000000000483658
C5,0.5,0.1,2,0.4,0.8333333333333334,0.4,5.027236938476562,0.83332853666189,0.111111111151056,0.5000000000484609
C5,0.5,0.1,2,0.4,0.8333333333333334,0.4,5.0372314453125,0.8333286503476002,0.1111111111502365,0.500000000048557
C5,0.5,0.1,2,0.4,0.8333333333333334,0.4,5.047225952148438,0.8333287613388627,0.1111111111494572,0.5000000000486523
C5,0.5,0.1,2,0.4,0.8333333333333334,0.4,5.057220458984375,0.8333288696995439,0.1111111111487164,0.5000000000487482
C5,0.5,0.1,2,0.4,0.8333333333333334,0.4,5.067214965820312,0.8333289754919797,0.1111111111480124,0.5000000000488442
C5,0.5,0.1,2,0.4,0.8333333333333334,0.4,5.07720947265625,0.8333290787770424,0.1111111111473437,0.5000000000489406
C5,0.5,0.1,2,0.4,0.8333333333333334,0.4,5.087203979492188,0.8333291796141507,0.1111111111467088,0.5000000000490381
C5,0.5,0.1,2,0.4,0.8333333333333334,0.4,5.097198486328125,0.8333292780613327,0.111111111146106,0.5000000000491368
C5,0.5,0.1,2,0.4,0.8333333333333334,0.4,5.107192993164062,0.8333293741752351,0.1111111111455332,0.5000000000492344
C5,0.5,0.1,2,0.4,0.8333333333333334,0.4,5.1171875,0.833329468011161,0.1111111111449891,0.5000000000493315
C5,0.5,0.1,2,0.4,0.8333333333333334,0.4,5.127182006835938,0.8333295596230949,0.1111111111444719,0.5000000000494278
C5,0.5,0.1,2,0.4,0.8333333333333334,0.4,5.137176513671875,0.8333296490637436,0.1111111111439805,0.5000000000495229
C5,0.5,0.1,2,0.4,0.8333333333333334,0.4,5.147171020507812,0.8333297363845705,0.1111111111435139,0.5000000000496175
C5,0.5,0.1,2,0.4,0.8333333333333334,0.4,5.15716552734375,0.833329821635815,0.1111111111430713,0.5000000000497126
C5,0.5,0.1,2,0.4,0.8333333333333334,0.4,5.167160034179688,0.8333299048665268,0.111111111142652,0.500000000049809
C5,0.5,0.1,2,0.4,0.8333333333333334,0.4,5.177154541015625,0.8333299861245923,0.1111111111422545,0.5000000000499053
C5,0.5,0.1,2,0.4,0.8333333333333334,0.4,5.187149047851562,0.8333300654567666,0.1111111111418775,0.5000000000500018
C5,0.5,0.1,2,0.4,0.8333333333333334,0.4,5.1971435546875,0.833330142908701,0.11111111114152,0.5000000000500978
C5,0.5,0.1,2,0.4,0.8333333333333334,0.4,5.207138061523438,0.8333302185249525,0.1111111111411814,0.5000000000501944
C5,0.5,0.1,2,0.4,0.8333333333333334,0.4,5.217132568359375,0.8333302923490288,0.1111111111408606,0.5000000000502907
C5,0.5,0.1,2,0.4,0.8333333333333334,0.4,5.227127075195312,0.833330364423402,0.1111111111405568,0.5000000000503867
C5,0.5,0.1,2,0.4,0.8333333333333334,0.4,5.23712158203125,0.833330434789547,0.1111111111402694,0.5000000000504832
C5,0.5,0.1,2,0.4,0.8333333333333334,0.4,5.247116088867188,0.8333305034879464,0.1111111111399975,0.5000000000505801
C5,0.5,0.1,2,0.4,0.8333333333333334,0.4,5.257110595703125,0.8333305705581209,0.1111111111397404,0.5000000000506768
C5,0.5,0.1,2,0.4,0.8333333333333334,0.4,5.267105102539062,0.8333306360386643,0.1111111111394976,0.5000000000507736
C5,0.5,0.1,2,0.4,0.8333333333333334,0.4,5.277099609375,0.8333306999672533,0.1111111111392686,0.5000000000508718
C5,0.5,0.1,2,0.4,0.8333333333333334,0.4,5.287094116210938,0.8333307623806721,0.1111111111390527,0.5000000000509709
C5,0.5,0.1,2,0.4,0.8333333333333334,0.4,5.297088623046875,0.8333308233148242,0.1111111111388494,0.5000000000510707
C5,0.5,0.1,2,0.4,0.8333333333333334,0.4,5.307083129882812,0.8333308828047769,0.1111111111386578,0.5000000000511708
C5,0.5,0.1,2,0.4,0.8333333333333334,0.4,5.31707763671875,0.8333309408847593,0.1111111111384775,0.5000000000512718
C5,0.5,0.1,2,0.4,0.8333333333333334,0.4,5.327072143554688,0.8333309975881921,0.1111111111383077,0.5000000000513725
C5,0.5,0.1,2,0.4,0.8333333333333334,0.4,5.337066650390625,0.8333310529476973,0.1111111111381481,0.5000000000514729
C5,0.5,0.1,2,0.4,0.8333333333333334,0.4,5.347061157226562,0.8333311069951292,0.1111111111379978,0.5000000000515736
C5,0.5,0.1,2,0.4,0.8333333333333334,0.4,5.3570556640625,0.8333311597615823,0.1111111111378563,0.5000000000516731
C5,0.5,0.1,2,0.4,0.8333333333333334,0.4,5.367050170898438,0.8333312112774232,0.1111111111377236,0.5000000000517727
C5,0.5,0.1,2,0.4,0.8333333333333334,0.4,5.377044677734375,0.8333312615722868,0.1111111111375989,0.5000000000518716
C5,0.5,0.1,2,0.4,0.8333333333333334,0.4,5.387039184570312,0.8333313106751121,0.1111111111374818,0.50000000005197
C5,0.5,0.1,2,0.4,0.8333333333333334,0.4,5.39703369140625,0.833331358614152,0.1111111111373718,0.5000000000520674
C5,0.5,0.1,2,0.4,0.8333333333333334,0.4,5.407028198242188,0.8333314054169884,0.1111111111372688,0.5000000000521647
C5,0.5,0.1,2,0.4,0.8333333333333334,0.4,5.417022705078125,0.8333314511105464,0.1111111111371724,0.5000000000522609
C5,0.5,0.1,2,0.4,0.8333333333333334,0.4,5.427017211914062,0.8333314957211208,0.1111111111370821,0.500000000052357
C5,0.5,0.1,2,0.4,0.8333333333333334,0.4,5.43701171875,0.8333315392743819,0.111111111136998,0.500000000052452
C5,0.5,0.1,2,0.4,0.8333333333333334,0.4,5.447006225585938,0.8333315817953859,0.1111111111369194,0.5000000000525465
C5,0.5,0.1,2,0.4,0.8333333333333334,0.4,5.457000732421875,0.8333316233085963,0.1111111111368463,0.5000000000526406
C5,0.5,0.1,2,0.4,0.8333333333333334,0.4,5.466995239257812,0.8333316638379011,0.1111111111367783,0.5000000000527344
C5,0.5,0.1,2,0.4,0.8333333333333334,0.4,5.47698974609375,0.833331703406619,0.1111111111367157,0.5000000000528285
C5,0.5,0.1,2,0.4,0.8333333333333334,0.4,5.486984252929688,0.8333317420375167,0.1111111111366577,0.5000000000529223
C5,0.5,0.1,2,0.4,0.8333333333333334,0.4,5.496978759765625,0.8333317797528237,0.1111111111366041,0.5000000000530149
C5,0.5,0.1,2,0.4,0.8333333333333334,0.4,5.506973266601562,0.8333318165742367,0.1111111111365552,0.5000000000531083
C5,0.5,0.1,2,0.4,0.8333333333333334,0.4,5.5169677734375,0.8333318525229453,0.1111111111365105,0.5000000000532019
C5,0.5,0.1,2,0.4,0.8333333333333334,0.4,5.526962280273438,0.8333318876196306,0.1111111111364698,0.500000000053295
C5,0.5,0.1,2,0.4,0.8333333333333334,0.4,5.536956787109375,0.8333319218844867,0.1111111111364331,0.5000000000533887
C5,0.5,0.1,2,0.4,0.8333333333333334,0.4,5.546951293945312,0.8333319553372296,0.1111111111363999,0.500000000053482
C5,0.5,0.1,2,0.4,0.8333333333333334,0.4,5.55694580078125,0.8333319879971081,0.1111111111363706,0.500000000053576
C5,0.5,0.1,2,0.4,0.8333333333333334,0.4,5.566940307617188,0.8333320198829107,0.1111111111363444,0.50000000005367
C5,0.5,0.1,2,0.4,0.8333333333333334,0.4,5.576934814453125,0.8333320510129842,0.1111111111363214,0.5000000000537629
C5,0.5,0.1,2,0.4,0.8333333333333334,0.4,5.586929321289062,0.8333320814052402,0.1111111111363014,0.500000000053857
C5,0.5,0.1,2,0.4,0.8333333333333334,0.4,5.596923828125,0.833332111077169,0.1111111111362845,0.5000000000539508
C5,0.5,0.1,2,0.4,0.8333333333333334,0.4,5.606918334960938,0.8333321400458398,0.1111111111362705,0.5000000000540457
C5,0.5,0.1,2,0.4,0.8333333333333334,0.4,5.616912841796875,0.8333321683279213,0.1111111111362587,0.5000000000541392
C5,0.5,0.1,2,0.4,0.8333333333333334,0.4,5.626907348632812,0.8333321959396851,0.1111111111362498,0.5000000000542334
C5,0.5,0.1,2,0.4,0.8333333333333334,0.4,5.63690185546875,0.833332222897021,0.1111111111362433,0.5000000000543278
C5,0.5,0.1,2,0.4,0.8333333333333334,0.4,5.646896362304688,0.833332249215438,0.111111111136239,0.5000000000544224
C5,0.5,0.1,2,0.4,0.8333333333333334,0.4,5.656890869140625,0.8333322749100796,0.111111111136237,0.5000000000545165
C5,0.5,0.1,2,0.4,0.8333333333333334,0.4,5.666885375976562,0.8333322999957317,0.1111111111362369,0.5000000000546111
C5,0.5,0.1,2,0.4,0.8333333333333334,0.4,5.6768798828125,0.833332324486826,0.1111111111362389,0.5000000000547054
C5,0.5,0.1,2,0.4,0.8333333333333334,0.4,5.686874389648438,0.8333323483974521,0.1111111111362429,0.5000000000548003
C5,0.5,0.1,2,0.4,0.8333333333333334,0.4,5.696868896484375,0.8333323717413744,0.1111111111362486,0.5000000000548951
C5,0.5,0.1,2,0.4,0.8333333333333334,0.4,5.706863403320312,0.833332394532016,0.1111111111362559,0.5000000000549898
C5,0.5,0.1,2,0.4,0.8333333333333334,0.4,5.71685791015625,0.833332416782495,0.111111111136265,0.5000000000550843
C5,0.5,0.1,2,0.4,0.8333333333333334,0.4,5.726852416992188,0.8333324385056147,0.1111111111362756,0.5000000000551788
C5,0.5,0.1,2,0.4,0.8333333333333334,0.4,5.736846923828125,0.8333324597138696,0.1111111111362875,0.5000000000552732
C5,0.5,0.1,2,0.4,0.8333333333333334,0.4,5.746841430664062,0.8333324804194684,0.1111111111363008,0.5000000000553676
C5,0.5,0.1,2,0.4,0.8333333333333334,0.4,5.7568359375,0.83333250063432,0.1111111111363157,0.5000000000554621
C5,0.5,0.1,2,0.4,0.8333333333333334,0.4,5.766830444335938,0.8333325203700552,0.1111111111363316,0.5000000000555567
C5,0.5,0.1,2,0.4,0.8333333333333334,0.4,5.776824951171875,0.8333325396380326,0.111111111136349,0.5000000000556514
C5,0.5,0.1,2,0.4,0.8333333333333334,0.4,5.786819458007812,0.8333325584493386,0.1111111111363675,0.5000000000557461
C5,0.5,0.1,2,0.4,0.8333333333333334,0.4,5.79681396484375,0.8333325768147948,0.111111111136387,0.5000000000558406
C5,0.5,0.1,2,0.4,0.8333333333333334,0.4,5.806808471679688,0.8333325947449689,0.1111111111364076,0.5000000000559353
C5,0.5,0.1,2,0.4,0.8333333333333334,0.4,5.816802978515625,0.8333326122501764,0.1111111111364292,0.5000000000560297
C5,0.5,0.1,2,0.4,0.8333333333333334,0.4,5.826797485351562,0.8333326293404905,0.1111111111364517,0.5000000000561241
C5,0.5,0.1,2,0.4,0.8333333333333334,0.4,5.8367919921875,0.833332646025744,0.1111111111364752,0.500000000056219
C5,0.5,0.1,2,0.4,0.8333333333333334,0.4,5.846786499023438,0.8333326623155397,0.1111111111364996,0.5000000000563138
C5,0.5,0.1,2,0.4,0.8333333333333334,0.4,5.856781005859375,0.8333326782192462,0.1111111111365249,0.5000000000564089
C5,0.5,0.1,2,0.4,0.8333333333333334,0.4,5.866775512695312,0.8333326937460181,0.111111111136551,0.5000000000565036
C5,0.5,0.1,2,0.4,0.8333333333333334,0.4,5.87677001953125,0.8333327089047898,0.1111111111365779,0.5000000000565985
C5,0.5,0.1,2,0.4,0.8333333333333334,0.4,5.886764526367188,0.8333327237042802,0.1111111111366052,0.5000000000566931
C5,0.5,0.1,2,0.4,0.8333333333333334,0.4,5.896759033203125,0.8333327381530047,0.1111111111366335,0.5000000000567879
C5,0.5,0.1,2,0.4,0.8333333333333334,0.4,5.906753540039062,0.8333327522592804,0.1111111111366625,0.5000000000568829
C5,0.5,0.1,2,0.4,0.8333333333333334,0.4,5.916748046875,0.8333327660312201,0.1111111111366921,0.5000000000569778
C5,0.5,0.1,2,0.4,0.8333333333333334,0.4,5.926742553710938,0.83333277947675,0.1111111111367221,0.5000000000570726
C5,0.5,0.1,2,0.4,0.8333333333333334,0.4,5.936737060546875,0.8333327926036026,0.1111111111367521,0.500000000057166
C5,0.5,0.1,2,0.4,0.8333333333333334,0.4,5.946731567382812,0.8333328054193351,0.1111111111367833,0.5000000000572609
C5,0.5,0.1,2,0.4,0.8333333333333334,0.4,5.95672607421875,0.8333328179313216,0.111111111136815,0.5000000000573555
C5,0.5,0.1,2,0.4,0.8333333333333334,0.4,5.966720581054688,0.8333328301467605,0.1111111111368472,0.5000000000574502
C5,0.5,0.1,2,0.4,0.8333333333333334,0.4,5.976715087890625,0.8333328420726798,0.1111111111368795,0.5000000000575445
C5,0.5,0.1,2,0.4,0.8333333333333334,0.4,5.986709594726562,0.8333328537159416,0.1111111111369124,0.500000000057639
C5,0.5,0.1,2,0.4,0.8333333333333334,0.4,5.9967041015625,0.8333328650832423,0.1111111111369456,0.5000000000577332
C5,0.5,0.1,2,0.4,0.8333333333333334,0.4,6.006698608398438,0.8333328761811252,0.1111111111369792,0.5000000000578269
C5,0.5,0.1,2,0.4,0.8333333333333334,0.4,6.016693115234375,0.8333328870159784,0.1111111111370132,0.5000000000579211
C5,0.5,0.1,2,0.4,0.8333333333333334,0.4,6.026687622070312,0.8333328975940311,0.1111111111370476,0.5000000000580153
C5,0.5,0.1,2,0.4,0.8333333333333334,0.4,6.03668212890625,0.8333329079213718,0.1111111111370823,0.5000000000581096
C5,0.5,0.1,2,0.4,0.8333333333333334,0.4,6.046676635742188,0.8333329180039437,0.1111111111371171,0.5000000000582034
C5,0.5,0.1,2,0.4,0.8333333333333334,0.4,6.056671142578125,0.833332927847546,0.1111111111371524,0.5000000000582973
C5,0.5,0.1,2,0.4,0.8333333333333334,0.4,6.066665649414062,0.8333329374578459,0.1111111111371878,0.5000000000583906
C5,0.5,0.1,2,0.4,0.8333333333333334,0.4,6.07666015625,0.8333329468403701,0.1111111111372235,0.5000000000584844
C5,0.5,0.1,2,0.4,0.8333333333333334,0.4,6.086654663085938,0.8333329560005175,0.1111111111372595,0.5000000000585778
C5,0.5,0.1,2,0.4,0.8333333333333334,0.4,6.096649169921875,0.8333329649435582,0.1111111111372956,0.500000000058671
C5,0.5,0.1,2,0.4,0.8333333333333334,0.4,6.106643676757812,0.83333297367464,0.1111111111373321,0.5000000000587643
C5,0.5,0.1,2,0.4,0.8333333333333334,0.4,6.11663818359375,0.833332982198783,0.1111111111373687,0.5000000000588575
C5,0.5,0.1,2,0.4,0.8333333333333334,0.4,6.126632690429688,0.8333329905208954,0.1111111111374052,0.5000000000589506
C5,0.5,0.1,2,0.4,0.8333333333333334,0.4,6.136627197265625,0.8333329986457656,0.1111111111374421,0.5000000000590432
C5,0.5,0.1,2,0.4,0.8333333333333334,0.4,6.146621704101562,0.8333330065780647,0.1111111111374793,0.5000000000591363
C5,0.5,0.1,2,0.4,0.8333333333333334,0.4,6.1566162109375,0.8333330143223587,0.1111111111375167,0.5000000000592294
C5,0.5,0.1,2,0.4,0.8333333333333334,0.4,6.166610717773438,0.8333330218831038,0.1111111111375538,0.5000000000593217
C5,0.5,0.1,2,0.4,0.8333333333333334,0.4,6.176605224609375,0.8333330292646502,0.1111111111375915,0.5000000000594146
C5,0.5,0.1,2,0.4,0.8333333333333334,0.4,6.186599731445312,0.833333036471247,0.1111111111376291,0.500000000059507
C5,0.5,0.1,2,0.4,0.8333333333333334,0.4,6.19659423828125,0.8333330435070391,0.1111111111376671,0.5000000000595997
C5,0.5,0.1,2,0.4,0.8333333333333334,0.4,6.206588745117188,0.8333330503760741,0.111111111137705,0.5000000000596923
C5,0.5,0.1,2,0.4,0.8333333333333334,0.4,6.216583251953125,0.8333330570823042,0.1111111111377431,0.5000000000597844
C5,0.5,0.1,2,0.4,0.8333333333333334,0.4,6.226577758789062,0.8333330636295849,0.1111111111377806,0.5000000000598754
C5,0.5,0.1,2,0.4,0.8333333333333334,0.4,6.236572265625,0.8333330700216905,0.111111111137819,0.500000000059968
C5,0.5,0.1,2,0.4,0.8333333333333334,0.4,6.246566772460938,0.8333330762622966,0.1111111111378576,0.5000000000600607
C5,0.5,0.1,2,0.4,0.8333333333333334,0.4,6.256561279296875,0.8333330823549944,0.1111111111378961,0.5000000000601529
C5,0.5,0.1,2,0.4,0.8333333333333334,0.4,6.266555786132812,0.8333330883032871,0.111111111137935,0.5000000000602459
C5,0.5,0.1,2,0.4,0.8333333333333334,0.4,6.27655029296875,0.8333330941105984,0.1111111111379736,0.5000000000603376
C5,0.5,0.1,2,0.4,0.8333333333333334,0.4,6.286544799804688,0.8333330997802699,0.1111111111380125,0.5000000000604299
C5,0.5,0.1,2,0.4,0.8333333333333334,0.4,6.296539306640625,0.8333331053155656,0.1111111111380514,0.5000000000605221
C5,0.5,0.1,2,0.4,0.8333333333333334,0.4,6.306533813476562,0.8333331107196649,0.1111111111380904,0.5000000000606144
C5,0.5,0.1,2,0.4,0.8333333333333334,0.4,6.3165283203125,0.8333331159956824,0.1111111111381297,0.5000000000607068
C5,0.5,0.1,2,0.4,0.8333333333333334,0.4,6.326522827148438,0.8333331211466505,0.1111111111381689,0.5000000000607995
C5,0.5,0.1,2,0.4,0.8333333333333334,0.4,6.336517333984375,0.8333331261755336,0.1111111111382082,0.5000000000608914
C5,0.5,0.1,2,0.4,0.8333333333333334,0.4,6.346511840820312,0.8333331310852276,0.1111111111382475,0.5000000000609837
C5,0.5,0.1,2,0.4,0.8333333333333334,0.4,6.35650634765625,0.833333135878556,0.1111111111382869,0.5000000000610757
C5,0.5,0.1,2,0.4,0.8333333333333334,0.4,6.366500854492188,0.8333331405582777,0.1111111111383265,0.5000000000611677
C5,0.5,0.1,2,0.4,0.8333333333333334,0.4,6.376495361328125,0.8333331451270838,0.111111111138366,0.5000000000612599
C5,0.5,0.1,2,0.4,0.8333333333333334,0.4,6.386489868164062,0.8333331495876037,0.1111111111384056,0.500000000061352
C5,0.5,0.1,2,0.4,0.8333333333333334,0.4,6.396484375,0.8333331539424025,0.1111111111384451,0.5000000000614437
C5,0.5,0.1,2,0.4,0.8333333333333334,0.4,6.406478881835938,0.8333331581939903,0.1111111111384849,0.5000000000615362
C5,0.5,0.1,2,0.4,0.8333333333333334,0.4,6.416473388671875,0.8333331623448096,0.1111111111385251,0.5000000000616286
C5,0.5,0.1,2,0.4,0.8333333333333334,0.4,6.426467895507812,0.8333331663972474,0.1111111111385648,0.5000000000617211
C5,0.5,0.1,2,0.4,0.8333333333333334,0.4,6.43646240234375,0.8333331703536394,0.1111111111386045,0.5000000000618131
C5,0.5,0.1,2,0.4,0.8333333333333334,0.4,6.446456909179688,0.8333331742162602,0.1111111111386448,0.500000000061905
C5,0.5,0.1,2,0.4,0.8333333333333334,0.4,6.456451416015625,0.8333331779873322,0.1111111111386849,0.500000000061998
C5,0.5,0.1,2,0.4,0.8333333333333334,0.4,6.466445922851562,0.833333181669027,0.1111111111387249,0.5000000000620902
C5,0.5,0.1,2,0.4,0.8333333333333334,0.4,6.4764404296875,0.8333331852634597,0.1111111111387653,0.5000000000621824
C5,0.5,0.1,2,0.4,0.8333333333333334,0.4,6.486434936523438,0.8333331887726997,0.1111111111388054,0.5000000000622749
C5,0.5,0.1,2,0.4,0.8333333333333334,0.4,6.496429443359375,0.833333192198768,0.1111111111388456,0.5000000000623664
C5,0.5,0.1,2,0.4,0.8333333333333334,0.4,6.506423950195312,0.8333331955436325,0.111111111138886,0.5000000000624594
C5,0.5,0.1,2,0.4,0.8333333333333334,0.4,6.51641845703125,0.8333331988092252,0.1111111111389267,0.5000000000625523
C5,0.5,0.1,2,0.4,0.8333333333333334,0.4,6.526412963867188,0.8333332019974145,0.1111111111389671,0.5000000000626452
C5,0.5,0.1,2,0.4,0.8333333333333334,0.4,6.536407470703125,0.8333332051100406,0.1111111111390072,0.5000000000627371
C5,0.5,0.1,2,0.4,0.8333333333333334,0.4,6.546401977539062,0.8333332081488922,0.111111111139048,0.5000000000628299
C5,0.5,0.1,2,0.4,0.8333333333333334,0.4,6.556396484375,0.8333332111157218,0.1111111111390884,0.5000000000629226
C5,0.5,0.1,2,0.4,0.8333333333333334,0.4,6.566390991210938,0.8333332140122323,0.1111111111391292,0.5000000000630151
C5,0.5,0.1,2,0.4,0.8333333333333334,0.4,6.576385498046875,0.8333332168400921,0.1111111111391695,0.5000000000631076
C5,0.5,0.1,2,0.4,0.8333333333333334,0.4,6.586380004882812,0.8333332196009288,0.1111111111392102,0.5000000000631997
C5,0.5,0.1,2,0.4,0.8333333333333334,0.4,6.59637451171875,0.8333332222963293,0.1111111111392507,0.5000000000632924
C5,0.5,0.1,2,0.4,0.8333333333333334,0.4,6.606369018554688,0.8333332249278463,0.1111111111392916,0.5000000000633845
C5,0.5,0.1,2,0.4,0.8333333333333334,0.4,6.616363525390625,0.8333332274969926,0.111111111139332,0.5000000000634777
C5,0.5,0.1,2,0.4,0.8333333333333334,0.4,6.626358032226562,0.8333332300052493,0.1111111111393727,0.500000000063569
C5,0.5,0.1,2,0.4,0.8333333333333334,0.4,6.6363525390625,0.8333332324540565,0.1111111111394131,0.5000000000636621
C5,0.5,0.1,2,0.4,0.8333333333333334,0.4,6.646347045898438,0.8333332348448241,0.1111111111394541,0.5000000000637538
C5,0.5,0.1,2,0.4,0.8333333333333334,0.4,6.656341552734375,0.8333332371789257,0.111111111139495,0.5000000000638474
C5,0.5,0.1,2,0.4,0.8333333333333334,0.4,6.666336059570312,0.833333239457708,0.1111111111395358,0.5000000000639394
C5,0.5,0.1,2,0.4,0.8333333333333334,0.4,6.67633056640625,0.8333332416824801,0.1111111111395766,0.5000000000640324
C5,0.5,0.1,2,0.4,0.8333333333333334,0.4,6.686325073242188,0.8333332438545225,0.1111111111396168,0.5000000000641236
C5,0.5,0.1,2,0.4,0.8333333333333334,0.4,6.696319580078125,0.8333332459750847,0.1111111111396579,0.5000000000642169
C5,0.5,0.1,2,0.4,0.8333333333333334,0.4,6.706314086914062,0.8333332480453869,0.1111111111396984,0.5000000000643089
C5,0.5,0.1,2,0.4,0.8333333333333334,0.4,6.71630859375,0.8333332500666212,0.1111111111397395,0.5000000000644017
C5,0.5,0.1,2,0.4,0.8333333333333334,0.4,6.726303100585938,0.8333332520399481,0.1111111111397804,0.5000000000644937
C5,0.5,0.1,2,0.4,0.8333333333333334,0.4,6.736297607421875,0.8333332539665065,0.111111111139821,0.5000000000645868
C5,0.5,0.1,2,0.4,0.8333333333333334,0.4,6.746292114257812,0.8333332558474043,0.1111111111398622,0.5000000000646787
C5,0.5,0.1,2,0.4,0.8333333333333334,0.4,6.75628662109375,0.8333332576837217,0.1111111111399024,0.5000000000647707
C5,0.5,0.1,2,0.4,0.8333333333333334,0.4,6.766281127929688,0.8333332594765166,0.1111111111399435,0.500000000064863
C5,0.5,0.1,2,0.4,0.8333333333333334,0.4,6.776275634765625,0.8333332612268191,0.1111111111399844,0.5000000000649557
C5,0.5,0.1,2,0.4,0.8333333333333334,0.4,6.786270141601562,0.8333332629356385,0.1111111111400251,0.5000000000650479
C5,0.5,0.1,2,0.4,0.8333333333333334,0.4,6.7962646484375,0.8333332646039556,0.1111111111400662,0.50000000006514
C5,0.5,0.1,2,0.4,0.8333333333333334,0.4,6.806259155273438,0.833333266232729,0.1111111111401067,0.5000000000652327
C5,0.5,0.1,2,0.4,0.8333333333333334,0.4,6.816253662109375,0.833333267822903,0.1111111111401477,0.500000000065324
C5,0.5,0.1,2,0.4,0.8333333333333334,0.4,6.826248168945312,0.8333332693753852,0.1111111111401882,0.5000000000654172
C5,0.5,0.1,2,0.4,0.8333333333333334,0.4,6.83624267578125,0.8333332708910718,0.1111111111402294,0.5000000000655087
C5,0.5,0.1,2,0.4,0.8333333333333334,0.4,6.846237182617188,0.8333332723708342,0.1111111111402706,0.5000000000656025
C5,0.5,0.1,2,0.4,0.8333333333333334,0.4,6.856231689453125,0.8333332738155269,0.1111111111403112,0.5000000000656937
C5,0.5,0.1,2,0.4,0.8333333333333334,0.4,6.866226196289062,0.8333332752259779,0.1111111111403523,0.5000000000657869
C5,0.5,0.1,2,0.4,0.8333333333333334,0.4,6.876220703125,0.8333332766030002,0.1111111111403926,0.5000000000658782
C5,0.5,0.1,2,0.4,0.8333333333333334,0.4,6.886215209960938,0.8333332779473857,0.1111111111404338,0.500000000065969
C5,0.5,0.1,2,0.4,0.8333333333333334,0.4,6.896209716796875,0.8333332792599065,0.1111111111404741,0.5000000000660627
C5,0.5,0.1,2,0.4,0.8333333333333334,0.4,6.906204223632812,0.8333332805413202,0.1111111111405153,0.5000000000661535
C5,0.5,0.1,2,0.4,0.8333333333333334,0.4,6.91619873046875,0.8333332817923619,0.1111111111405555,0.5000000000662469
C5,0.5,0.1,2,0.4,0.8333333333333334,0.4,6.926193237304688,0.8333332830137543,0.1111111111405966,0.5000000000663375
C5,0.5,0.1,2,0.4,0.8333333333333334,0.4,6.936187744140625,0.833333284206198,0.1111111111406366,0.5000000000664275
C5,0.5,0.1,2,0.4,0.8333333333333334,0.4,6.946182250976562,0.833333285370377,0.1111111111406779,0.5000000000665212
C5,0.5,0.1,2,0.4,0.8333333333333334,0.4,6.9561767578125,0.8333332865069665,0.111111111140718,0.5000000000666118
C5,0.5,0.1,2,0.4,0.8333333333333334,0.4,6.966171264648438,0.833333287616614,0.1111111111407595,0.5000000000667061
C5,0.5,0.1,2,0.4,0.8333333333333334,0.4,6.976165771484375,0.8333332886999647,0.1111111111407999,0.500000000066796
C5,0.5,0.1,2,0.4,0.8333333333333334,0.4,6.986160278320312,0.833333289757637,0.1111111111408407,0.5000000000668866
C5,0.5,0.1,2,0.4,0.8333333333333334,0.4,6.99615478515625,0.8333332907902402,0.1111111111408818,0.5000000000669805
C5,0.5,0.1,2,0.4,0.8333333333333334,0.4,7.006149291992188,0.8333332917983728,0.111111111140922,0.5000000000670706
C5,0.5,0.1,2,0.4,0.8333333333333334,0.4,7.016143798828125,0.8333332927826081,0.1111111111409632,0.5000000000671645
C5,0.5,0.1,2,0.4,0.8333333333333334,0.4,7.026138305664062,0.8333332937435166,0.1111111111410034,0.5000000000672548
C5,0.5,0.1,2,0.4,0.8333333333333334,0.4,7.0361328125,0.8333332946816516,0.1111111111410448,0.500000000067349
C5,0.5,0.1,2,0.4,0.8333333333333334,0.4,7.046127319335938,0.8333332955975483,0.111111111141086,0.5000000000674394
C5,0.5,0.1,2,0.4,0.8333333333333334,0.4,7.056121826171875,0.8333332964917404,0.1111111111411262,0.5000000000675333
C5,0.5,0.1,2,0.4,0.8333333333333334,0.4,7.066116333007812,0.8333332973647378,0.1111111111411676,0.5000000000676238
C5,0.5,0.1,2,0.4,0.8333333333333334,0.4,7.07611083984375,0.8333332982170469,0.1111111111412077,0.5000000000677175
C5,0.5,0.1,2,0.4,0.8333333333333334,0.4,7.086105346679688,0.8333332990491513,0.1111111111412492,0.5000000000678084
C5,0.5,0.1,2,0.4,0.8333333333333334,0.4,7.096099853515625,0.8333332998615371,0.1111111111412891,0.500000000067898
C5,0.5,0.1,2,0.4,0.8333333333333334,0.4,7.106094360351562,0.8333333006546683,0.1111111111413307,0.5000000000679928
C5,0.5,0.1,2,0.4,0.8333333333333334,0.4,7.1160888671875,0.8333333014290011,0.1111111111413717,0.5000000000680823
C5,0.5,0.1,2,0.4,0.8333333333333334,0.4,7.126083374023438,0.8333333021849794,0.1111111111414119,0.5000000000681766
C5,0.5,0.1,2,0.4,0.8333333333333334,0.4,7.136077880859375,0.83333330292304,0.1111111111414531,0.5000000000682667
C5,0.5,0.1,2,0.4,0.8333333333333334,0.4,7.146072387695312,0.8333333036436096,0.1111111111414933,0.5000000000683605
C5,0.5,0.1,2,0.4,0.8333333333333334,0.4,7.15606689453125,0.8333333043471,0.1111111111415348,0.5000000000684514
C5,0.5,0.1,2,0.4,0.8333333333333334,0.4,7.166061401367188,0.8333333050339174,0.1111111111415761,0.5000000000685453
C5,0.5,0.1,2,0.4,0.8333333333333334,0.4,7.176055908203125,0.8333333057044591,0.111111111141616,0.5000000000686351
C5,0.5,0.1,2,0.4,0.8333333333333334,0.4,7.186050415039062,0.8333333063591033,0.1111111111416574,0.5000000000687288
C5,0.5,0.1,2,0.4,0.8333333333333334,0.4,7.196044921875,0.8333333069982338,0.1111111111416977,0.5000000000688197
C5,0.5,0.1,2,0.4,0.8333333333333334,0.4,7.206039428710938,0.8333333076222165,0.1111111111417389,0.5000000000689097
C5,0.5,0.1,2,0.4,0.8333333333333334,0.4,7.216033935546875,0.8333333082314075,0.1111111111417802,0.500000000069004
C5,0.5,0.1,2,0.4,0.8333333333333334,0.4,7.226028442382812,0.833333308826162,0.1111111111418205,0.5000000000690948
C5,0.5,0.1,2,0.4,0.8333333333333334,0.4,7.23602294921875,0.8333333094068192,0.1111111111418617,0.5000000000691883
C5,0.5,0.1,2,0.4,0.8333333333333334,0.4,7.246017456054688,0.8333333099737147,0.1111111111419028,0.5000000000692782
C5,0.5,0.1,2,0.4,0.8333333333333334,0.4,7.256011962890625,0.8333333105271743,0.1111111111419428,0.5000000000693717
C5,0.5,0.1,2,0.4,0.8333333333333334,0.4,7.266006469726562,0.833333311067516,0.1111111111419844,0.5000000000694627
C5,0.5,0.1,2,0.4,0.8333333333333334,0.4,7.2760009765625,0.8333333115950498,0.1111111111420243,0.500000000069556
C5,0.5,0.1,2,0.4,0.8333333333333334,0.4,7.285995483398438,0.8333333121100824,0.1111111111420656,0.5000000000696464
C5,0.5,0.1,2,0.4,0.8333333333333334,0.4,7.295989990234375,0.8333333126129068,0.1111111111421068,0.5000000000697398
C5,0.5,0.1,2,0.4,0.8333333333333334,0.4,7.305984497070312,0.8333333131038122,0.1111111111421474,0.5000000000698311
C5,0.5,0.1,2,0.4,0.8333333333333334,0.4,7.31597900390625,0.8333333135830865,0.1111111111421883,0.5000000000699243
C5,0.5,0.1,2,0.4,0.8333333333333334,0.4,7.325973510742188,0.833333314050999,0.1111111111422294,0.5000000000700143
C5,0.5,0.1,2,0.4,0.8333333333333334,0.4,7.335968017578125,0.8333333145078201,0.1111111111422699,0.5000000000701083
C5,0.5,0.1,2,0.4,0.8333333333333334,0.4,7.345962524414062,0.833333314953817,0.1111111111423112,0.5000000000701991
C5,0.5,0.1,2,0.4,0.8333333333333334,0.4,7.35595703125,0.8333333153892412,0.1111111111423513,0.500000000070289
C5,0.5,0.1,2,0.4,0.8333333333333334,0.4,7.365951538085938,0.8333333158143453,0.1111111111423925,0.5000000000703829
C5,0.5,0.1,2,0.4,0.8333333333333334,0.4,7.375946044921875,0.8333333162293759,0.1111111111424336,0.5000000000704733
C5,0.5,0.1,2,0.4,0.8333333333333334,0.4,7.385940551757812,0.8333333166345649,0.1111111111424743,0.5000000000705681
C5,0.5,0.1,2,0.4,0.8333333333333334,0.4,7.39593505859375,0.8333333170301559,0.1111111111425155,0.5000000000706579
C5,0.5,0.1,2,0.4,0.8333333333333334,0.4,7.405929565429688,0.8333333174163707,0.1111111111425551,0.5000000000707507
C5,0.5,0.1,2,0.4,0.8333333333333334,0.4,7.415924072265625,0.8333333177934267,0.1111111111425968,0.5000000000708418
C5,0.5,0.1,2,0.4,0.8333333333333334,0.4,7.425918579101562,0.8333333181615525,0.1111111111426364,0.5000000000709337
C5,0.5,0.1,2,0.4,0.8333333333333334,0.4,7.4359130859375,0.8333333185209483,0.1111111111426784,0.5000000000710264
C5,0.5,0.1,2,0.4,0.8333333333333334,0.4,7.445907592773438,0.8333333188718319,0.1111111111427178,0.5000000000711141
C5,0.5,0.1,2,0.4,0.8333333333333334,0.4,7.455902099609375,0.8333333192143957,0.111111111142759,0.5000000000712087
C5,0.5,0.1,2,0.4,0.8333333333333334,0.4,7.465896606445312,0.8333333195488364,0.1111111111428007,0.5000000000712993
C5,0.5,0.1,2,0.4,0.8333333333333334,0.4,7.47589111328125,0.8333333198753581,0.1111111111428411,0.5000000000713928
C5,0.5,0.1,2,0.4,0.8333333333333334,0.4,7.485885620117188,0.8333333201941368,0.1111111111428815,0.5000000000714824
C5,0.5,0.1,2,0.4,0.8333333333333334,0.4,7.495880126953125,0.8333333205053582,0.1111111111429229,0.5000000000715766
C5,0.5,0.1,2,0.4,0.8333333333333334,0.4,7.505874633789062,0.8333333208092059,0.1111111111429628,0.5000000000716666
C5,0.5,0.1,2,0.4,0.8333333333333334,0.4,7.515869140625,0.8333333211058505,0.1111111111430042,0.5000000000717603
C5,0.5,0.1,2,0.4,0.8333333333333334,0.4,7.525863647460938,0.8333333213954655,0.1111111111430453,0.5000000000718504
C5,0.5,0.1,2,0.4,0.8333333333333334,0.4,7.535858154296875,0.8333333216782163,0.1111111111430853,0.5000000000719401
C5,0.5,0.1,2,0.4,0.8333333333333334,0.4,7.545852661132812,0.8333333219542666,0.1111111111431266,0.5000000000720343
C5,0.5,0.1,2,0.4,0.8333333333333334,0.4,7.55584716796875,0.8333333222237731,0.111111111143167,0.5000000000721242
C5,0.5,0.1,2,0.4,0.8333333333333334,0.4,7.565841674804688,0.8333333224868887,0.1111111111432086,0.5000000000722197
C5,0.5,0.1,2,0.4,0.8333333333333334,0.4,7.575836181640625,0.8333333227437705,0.1111111111432498,0.5000000000723109
C5,0.5,0.1,2,0.4,0.8333333333333334,0.4,7.585830688476562,0.8333333229945667,0.1111111111432892,0.5000000000724018
C5,0.5,0.1,2,0.4,0.8333333333333334,0.4,7.5958251953125,0.8333333232394184,0.1111111111433306,0.500000000072492
C5,0.5,0.1,2,0.4,0.8333333333333334,0.4,7.605819702148438,0.8333333234784595,0.1111111111433723,0.5000000000725869
C5,0.5,0.1,2,0.4,0.8333333333333334,0.4,7.615814208984375,0.8333333237118434,0.1111111111434117,0.5000000000726754
C5,0.5,0.1,2,0.4,0.8333333333333334,0.4,7.625808715820312,0.8333333239396904,0.1111111111434534,0.5000000000727702
C5,0.5,0.1,2,0.4,0.8333333333333334,0.4,7.63580322265625,0.8333333241621441,0.1111111111434923,0.5000000000728578
C5,0.5,0.1,2,0.4,0.8333333333333334,0.4,7.645797729492188,0.8333333243793201,0.1111111111435345,0.5000000000729534
C5,0.5,0.1,2,0.4,0.8333333333333334,0.4,7.655792236328125,0.8333333245913539,0.1111111111435737,0.500000000073042
C5,0.5,0.1,2,0.4,0.8333333333333334,0.4,7.665786743164062,0.8333333247983511,0.1111111111436156,0.5000000000731328
C5,0.5,0.1,2,0.4,0.8333333333333334,0.4,7.67578125,0.8333333250004523,0.1111111111436546,0.5000000000732248
C5,0.5,0.1,2,0.4,0.8333333333333334,0.4,7.685775756835938,0.833333325197764,0.111111111143696,0.500000000073315
C5,0.5,0.1,2,0.4,0.8333333333333334,0.4,7.695770263671875,0.8333333253903933,0.111111111143738,0.5000000000734108
C5,0.5,0.1,2,0.4,0.8333333333333334,0.4,7.705764770507812,0.8333333255784625,0.1111111111437767,0.5000000000734979
C5,0.5,0.1,2,0.4,0.8333333333333334,0.4,7.71575927734375,0.8333333257620734,0.1111111111438162,0.5000000000735865
C5,0.5,0.1,2,0.4,0.8333333333333334,0.4,7.725753784179688,0.8333333259413254,0.1111111111438575,0.5000000000736805
C5,0.5,0.1,2,0.4,0.8333333333333334,0.4,7.735748291015625,0.8333333261163337,0.1111111111438983,0.500000000073772
C5,0.5,0.1,2,0.4,0.8333333333333334,0.4,7.745742797851562,0.8333333262871979,0.1111111111439394,0.5000000000738655
C5,0.5,0.1,2,0.4,0.8333333333333334,0.4,7.7557373046875,0.8333333264540067,0.1111111111439788,0.5000000000739544
C5,0.5,0.1,2,0.4,0.8333333333333334,0.4,7.765731811523438,0.8333333266168708,0.11111111114402,0.500000000074044
C5,0.5,0.1,2,0.4,0.8333333333333334,0.4,7.775726318359375,0.8333333267758677,0.1111111111440593,0.5000000000741357
C5,0.5,0.1,2,0.4,0.8333333333333334,0.4,7.785720825195312,0.8333333269310994,0.1111111111441006,0.5000000000742264
C5,0.5,0.1,2,0.4,0.8333333333333334,0.4,7.79571533203125,0.8333333270826436,0.1111111111441414,0.5000000000743151
C5,0.5,0.1,2,0.4,0.8333333333333334,0.4,7.805709838867188,0.8333333272306024,0.1111111111441814,0.5000000000744095
C5,0.5,0.1,2,0.4,0.8333333333333334,0.4,7.815704345703125,0.8333333273750553,0.1111111111442223,0.5000000000744984
C5,0.5,0.1,2,0.4,0.8333333333333334,0.4,7.825698852539062,0.8333333275160871,0.1111111111442623,0.5000000000745924
C5,0.5,0.1,2,0.4,0.8333333333333334,0.4,7.835693359375,0.8333333276537673,0.111111111144303,0.5000000000746812
C5,0.5,0.1,2,0.4,0.8333333333333334,0.4,7.845687866210938,0.8333333277881897,0.1111111111443445,0.5000000000747757
C5,0.5,0.1,2,0.4,0.8333333333333334,0.4,7.855682373046875,0.8333333279194244,0.1111111111443848,0.5000000000748659
C5,0.5,0.1,2,0.4,0.8333333333333334,0.4,7.865676879882812,0.83333332804755,0.1111111111444266,0.5000000000749608
C5,0.5,0.1,2,0.4,0.8333333333333334,0.4,7.87567138671875,0.8333333281726317,0.1111111111444665,0.50000000007505
C5,0.5,0.1,2,0.4,0.8333333333333334,0.4,7.885665893554688,0.833333328294765,0.1111111111445063,0.5000000000751373
C5,0.5,0.1,2,0.4,0.8333333333333334,0.4,7.895660400390625,0.8333333284139988,0.1111111111445454,0.5000000000752289
C5,0.5,0.1,2,0.4,0.8333333333333334,0.4,7.905654907226562,0.8333333285304033,0.1111111111445866,0.5000000000753193
C5,0.5,0.1,2,0.4,0.8333333333333334,0.4,7.9156494140625,0.8333333286440413,0.111111111144629,0.5000000000754157
C5,0.5,0.1,2,0.4,0.8333333333333334,0.4,7.925643920898438,0.8333333287549898,0.1111111111446692,0.5000000000755055
C5,0.5,0.1,2,0.4,0.8333333333333334,0.4,7.935638427734375,0.8333333288633153,0.111111111144707,0.5000000000755909
C5,0.5,0.1,2,0.4,0.8333333333333334,0.4,7.945632934570312,0.8333333289690701,0.1111111111447483,0.5000000000756846
C5,0.5,0.1,2,0.4,0.8333333333333334,0.4,7.95562744140625,0.8333333290723111,0.1111111111447909,0.5000000000757776
C5,0.5,0.1,2,0.4,0.8333333333333334,0.4,7.965621948242188,0.8333333291731067,0.1111111111448298,0.5000000000758683
C5,0.5,0.1,2,0.4,0.8333333333333334,0.4,7.975616455078125,0.8333333292715371,0.1111111111448689,0.5000000000759576
C5,0.5,0.1,2,0.4,0.8333333333333334,0.4,7.985610961914062,0.833333329367607,0.1111111111449109,0.5000000000760484
C5,0.5,0.1,2,0.4,0.8333333333333334,0.4,7.99560546875,0.8333333294614215,0.111111111144951,0.50000000007614
C5,0.5,0.1,2,0.4,0.8333333333333334,0.4,8.005599975585938,0.8333333295529926,0.1111111111449892,0.5000000000762261
C5,0.5,0.1,2,0.4,0.8333333333333334,0.4,8.015594482421875,0.8333333296423964,0.1111111111450333,0.5000000000763264
C5,0.5,0.1,2,0.4,0.8333333333333334,0.4,8.025588989257812,0.8333333297296986,0.1111111111450708,0.5000000000764105
C5,0.5,0.1,2,0.4,0.8333333333333334,0.4,8.03558349609375,0.833333329814907,0.1111111111451129,0.5000000000765019
C5,0.5,0.1,2,0.4,0.8333333333333334,0.4,8.045578002929688,0.8333333298981217,0.1111111111451521,0.5000000000765942
C5,0.5,0.1,2,0.4,0.8333333333333334,0.4,8.055572509765625,0.8333333299793487,0.1111111111451907,0.5000000000766813
C5,0.5,0.1,2,0.4,0.8333333333333334,0.4,8.065567016601562,0.8333333300586429,0.1111111111452327,0.5000000000767756
C5,0.5,0.1,2,0.4,0.8333333333333334,0.4,8.0755615234375,0.8333333301360778,0.1111111111452716,0.5000000000768634
C5,0.5,0.1,2,0.4,0.8333333333333334,0.4,8.085556030273438,0.8333333302116588,0.111111111145316,0.5000000000769595
C5,0.5,0.1,2,0.4,0.8333333333333334,0.4,8.095550537109375,0.8333333302854534,0.111111111145354,0.5000000000770465
C5,0.5,0.1,2,0.4,0.8333333333333334,0.4,8.105545043945312,0.8333333303574998,0.1111111111453963,0.5000000000771401
C5,0.5,0.1,2,0.4,0.8333333333333334,0.4,8.11553955078125,0.8333333304278454,0.1111111111454338,0.5000000000772247
C5,0.5,0.1,2,0.4,0.8333333333333334,0.4,8.125534057617188,0.8333333304965036,0.1111111111454764,0.5000000000773214
C5,0.5,0.1,2,0.4,0.8333333333333334,0.4,8.135528564453125,0.8333333305635751,0.1111111111455123,0.500000000077405
C5,0.5,0.1,2,0.4,0.8333333333333334,0.4,8.145523071289062,0.833333330629032,0.1111111111455541,0.5000000000774958
C5,0.5,0.1,2,0.4,0.8333333333333334,0.4,8.155517578125,0.8333333306929279,0.1111111111455963,0.500000000077592
C5,0.5,0.1,2,0.4,0.8333333333333334,0.4,8.165512084960938,0.8333333307553213,0.1111111111456338,0.5000000000776765
C5,0.5,0.1,2,0.4,0.8333333333333334,0.4,8.175506591796875,0.8333333308162199,0.1111111111456777,0.5000000000777762
C5,0.5,0.1,2,0.4,0.8333333333333334,0.4,8.185501098632812,0.8333333308757078,0.1111111111457142,0.5000000000778577
C5,0.5,0.1,2,0.4,0.8333333333333334,0.4,8.19549560546875,0.8333333309337552,0.111111111145757,0.5000000000779512
C5,0.5,0.1,2,0.4,0.8333333333333334,0.4,8.205490112304688,0.8333333309904398,0.1111111111457965,0.5000000000780445
C5,0.5,0.1,2,0.4,0.8333333333333334,0.4,8.215484619140625,0.8333333310457939,0.1111111111458347,0.5000000000781302
C5,0.5,0.1,2,0.4,0.8333333333333334,0.4,8.225479125976562,0.8333333310998058,0.1111111111458812,0.500000000078233
C5,0.5,0.1,2,0.4,0.8333333333333334,0.4,8.2354736328125,0.8333333311525689,0.1111111111459186,0.5000000000783175
C5,0.5,0.1,2,0.4,0.8333333333333334,0.4,8.245468139648438,0.8333333312040673,0.1111111111459576,0.5000000000784047
C5,0.5,0.1,2,0.4,0.8333333333333334,0.4,8.255462646484375,0.8333333312543261,0.1111111111460011,0.500000000078503
C5,0.5,0.1,2,0.4,0.8333333333333334,0.4,8.265457153320312,0.8333333313034196,0.1111111111460362,0.5000000000785813
C5,0.5,0.1,2,0.4,0.8333333333333334,0.4,8.27545166015625,0.8333333313513491,0.1111111111460783,0.5000000000786746
C5,0.5,0.1,2,0.4,0.8333333333333334,0.4,8.285446166992188,0.8333333313981177,0.1111111111461229,0.5000000000787755
C5,0.5,0.1,2,0.4,0.8333333333333334,0.4,8.295440673828125,0.8333333314438041,0.1111111111461564,0.5000000000788531
C5,0.5,0.1,2,0.4,0.8333333333333334,0.4,8.305435180664062,0.8333333314883927,0.1111111111461968,0.5000000000789423
C5,0.5,0.1,2,0.4,0.8333333333333334,0.4,8.3154296875,0.8333333315319306,0.1111111111462444,0.5000000000790469
C5,0.5,0.1,2,0.4,0.8333333333333334,0.4,8.325424194335938,0.8333333315744423,0.1111111111462835,0.5000000000791391
C5,0.5,0.1,2,0.4,0.8333333333333334,0.4,8.335418701171875,0.8333333316159344,0.1111111111463197,0.5000000000792167
C5,0.5,0.1,2,0.4,0.8333333333333334,0.4,8.345413208007812,0.8333333316564472,0.1111111111463611,0.5000000000793136
C5,0.5,0.1,2,0.4,0.8333333333333334,0.4,8.35540771484375,0.8333333316959918,0.1111111111464066,0.5000000000794138
C5,0.5,0.1,2,0.4,0.8333333333333334,0.4,8.365402221679688,0.8333333317346213,0.11111111114644,0.5000000000794881
C5,0.5,0.1,2,0.4,0.8333333333333334,0.4,8.375396728515625,0.8333333317723429,0.1111111111464802,0.500000000079582
C5,0.5,0.1,2,0.4,0.8333333333333334,0.4,8.385391235351562,0.8333333318091115,0.111111111146523,0.5000000000796769
C5,0.5,0.1,2,0.4,0.8333333333333334,0.4,8.3953857421875,0.8333333318450591,0.1111111111465675,0.5000000000797781
C5,0.5,0.1,2,0.4,0.8333333333333334,0.4,8.405380249023438,0.8333333318801651,0.1111111111466028,0.5000000000798561
C5,0.5,0.1,2,0.4,0.8333333333333334,0.4,8.415374755859375,0.8333333319143879,0.1111111111466405,0.5000000000799408
C5,0.5,0.1,2,0.4,0.8333333333333334,0.4,8.425369262695312,0.8333333319478564,0.1111111111466856,0.5000000000800405
C5,0.5,0.1,2,0.4,0.8333333333333334,0.4,8.43536376953125,0.8333333319804561,0.1111111111467293,0.5000000000801431
C5,0.5,0.1,2,0.4,0.8333333333333334,0.4,8.445358276367188,0.833333332012357,0.1111111111467694,0.5000000000802314
C5,0.5,0.1,2,0.4,0.8333333333333334,0.4,8.455352783203125,0.8333333320434809,0.1111111111468023,0.5000000000803052
C5,0.5,0.1,2,0.4,0.8333333333333334,0.4,8.465347290039062,0.8333333320738683,0.1111111111468425,0.5000000000803946
C5,0.5,0.1,2,0.4,0.8333333333333334,0.4,8.475341796875,0.8333333321035132,0.1111111111468861,0.5000000000804925
C5,0.5,0.1,2,0.4,0.8333333333333334,0.4,8.485336303710938,0.8333333321324666,0.1111111111469324,0.5000000000805999
C5,0.5,0.1,2,0.4,0.8333333333333334,0.4,8.495330810546875,0.8333333321607544,0.1111111111469657,0.5000000000806742
C5,0.5,0.1,2,0.4,0.8333333333333334,0.4,8.505325317382812,0.8333333321883796,0.1111111111470034,0.5000000000807587
C5,0.5,0.1,2,0.4,0.8333333333333334,0.4,8.51531982421875,0.8333333322153225,0.1111111111470437,0.5000000000808468
C5,0.5,0.1,2,0.4,0.8333333333333334,0.4,8.525314331054688,0.8333333322416251,0.1111111111470856,0.5000000000809421
C5,0.5,0.1,2,0.4,0.8333333333333334,0.4,8.535308837890625,0.8333333322672895,0.1111111111471336,0.5000000000810513
C5,0.5,0.1,2,0.4,0.8333333333333334,0.4,8.545303344726562,0.833333332292354,0.1111111111471695,0.5000000000811294
C5,0.5,0.1,2,0.4,0.8333333333333334,0.4,8.5552978515625,0.8333333323168801,0.1111111111472071,0.5000000000812164
C5,0.5,0.1,2,0.4,0.8333333333333334,0.4,8.565292358398438,0.833333332340758,0.1111111111472433,0.5000000000812979
C5,0.5,0.1,2,0.4,0.8333333333333334,0.4,8.575286865234375,0.8333333323641213,0.1111111111472861,0.5000000000813949
C5,0.5,0.1,2,0.4,0.8333333333333334,0.4,8.585281372070312,0.8333333323868597,0.1111111111473293,0.5000000000814929
C5,0.5,0.1,2,0.4,0.8333333333333334,0.4,8.59527587890625,0.8333333324090834,0.1111111111473756,0.5000000000815953
C5,0.5,0.1,2,0.4,0.8333333333333334,0.4,8.605270385742188,0.8333333324308085,0.1111111111474183,0.5000000000816922
C5,0.5,0.1,2,0.4,0.8333333333333334,0.4,8.615264892578125,0.8333333324520225,0.1111111111474555,0.500000000081773
C5,0.5,0.1,2,0.4,0.8333333333333334,0.4,8.625259399414062,0.8333333324727282,0.1111111111474884,0.5000000000818491
C5,0.5,0.1,2,0.4,0.8333333333333334,0.4,8.63525390625,0.8333333324929365,0.111111111147529,0.5000000000819403
C5,0.5,0.1,2,0.4,0.8333333333333334,0.4,8.645248413085938,0.8333333325126905,0.1111111111475701,0.5000000000820335
C5,0.5,0.1,2,0.4,0.8333333333333334,0.4,8.655242919921875,0.8333333325319069,0.1111111111476112,0.5000000000821236
C5,0.5,0.1,2,0.4,0.8333333333333334,0.4,8.665237426757812,0.8333333325507087,0.1111111111476607,0.5000000000822364
C5,0.5,0.1,2,0.4,0.8333333333333334,0.4,8.67523193359375,0.8333333325690701,0.1111111111477057,0.500000000082336
C5,0.5,0.1,2,0.4,0.8333333333333334,0.4,8.685226440429688,0.8333333325869519,0.1111111111477375,0.5000000000824067
C5,0.5,0.1,2,0.4,0.8333333333333334,0.4,8.695220947265625,0.8333333326045149,0.1111111111477774,0.5000000000825003
C5,0.5,0.1,2,0.4,0.8333333333333334,0.4,8.705215454101562,0.8333333326216346,0.1111111111478142,0.5000000000825825
C5,0.5,0.1,2,0.4,0.8333333333333334,0.4,8.7152099609375,0.8333333326382706,0.1111111111478491,0.5000000000826605
C5,0.5,0.1,2,0.4,0.8333333333333334,0.4,8.725204467773438,0.8333333326545631,0.1111111111478899,0.5000000000827534
C5,0.5,0.1,2,0.4,0.8333333333333334,0.4,8.735198974609375,0.8333333326704955,0.1111111111479346,0.5000000000828549
C5,0.5,0.1,2,0.4,0.8333333333333334,0.4,8.745193481445312,0.8333333326859761,0.1111111111479775,0.5000000000829512
C5,0.5,0.1,2,0.4,0.8333333333333334,0.4,8.75518798828125,0.8333333327010519,0.1111111111480188,0.5000000000830426
C5,0.5,0.1,2,0.4,0.8333333333333334,0.4,8.765182495117188,0.8333333327159002,0.1111111111480662,0.5000000000831507
C5,0.5,0.1,2,0.4,0.8333333333333334,0.4,8.775177001953125,0.8333333327303714,0.1111111111481052,0.5000000000832385
C5,0.5,0.1,2,0.4,0.8333333333333334,0.4,8.785171508789062,0.8333333327444504,0.1111111111481388,0.5000000000833134
C5,0.5,0.1,2,0.4,0.8333333333333334,0.4,8.795166015625,0.8333333327582485,0.1111111111481639,0.5000000000833698
C5,0.5,0.1,2,0.4,0.8333333333333334,0.4,8.805160522460938,0.8333333327717348,0.1111111111482048,0.5000000000834601
C5,0.5,0.1,2,0.4,0.8333333333333334,0.4,8.815155029296875,0.8333333327848708,0.1111111111482466,0.5000000000835549
C5,0.5,0.1,2,0.4,0.8333333333333334,0.4,8.825149536132812,0.833333332797638,0.1111111111482872,0.5000000000836448
C5,0.5,0.1,2,0.4,0.8333333333333334,0.4,8.83514404296875,0.8333333328101368,0.1111111111483262,0.5000000000837338
C5,0.5,0.1,2,0.4,0.8333333333333334,0.4,8.845138549804688,0.8333333328223482,0.1111111111483683,0.5000000000838273
C5,0.5,0.1,2,0.4,0.8333333333333334,0.4,8.855133056640625,0.8333333328342699,0.1111111111484176,0.50000000008394
C5,0.5,0.1,2,0.4,0.8333333333333334,0.4,8.865127563476562,0.8333333328458592,0.1111111111484668,0.5000000000840498
C5,0.5,0.1,2,0.4,0.8333333333333334,0.4,8.8751220703125,0.8333333328571964,0.1111111111485105,0.5000000000841486
C5,0.5,0.1,2,0.4,0.8333333333333334,0.4,8.885116577148438,0.8333333328683062,0.1111111111485464,0.5000000000842302
C5,0.5,0.1,2,0.4,0.8333333333333334,0.4,8.895111083984375,0.8333333328791311,0.111111111148586,0.5000000000843188
C5,0.5,0.1,2,0.4,0.8333333333333334,0.4,8.905105590820312,0.8333333328897368,0.1111111111486259,0.5000000000844086
C5,0.5,0.1,2,0.4,0.8333333333333334,0.4,8.91510009765625,0.8333333329000796,0.1111111111486543,0.5000000000844714
C5,0.5,0.1,2,0.4,0.8333333333333334,0.4,8.925094604492188,0.8333333329101752,0.111111111148694,0.5000000000845607
C5,0.5,0.1,2,0.4,0.8333333333333334,0.4,8.935089111328125,0.8333333329200359,0.1111111111487308,0.5000000000846456
C5,0.5,0.1,2,0.4,0.8333333333333334,0.4,8.945083618164062,0.8333333329296145,0.1111111111487674,0.5000000000847251
C5,0.5,0.1,2,0.4,0.8333333333333334,0.4,8.955078125,0.8333333329389983,0.1111111111488095,0.5000000000848207
C5,0.5,0.1,2,0.4,0.8333333333333334,0.4,8.965072631835938,0.8333333329481576,0.1111111111488502,0.5000000000849131
C5,0.5,0.1,2,0.4,0.8333333333333334,0.4,8.975067138671875,0.8333333329570831,0.111111111148893,0.500000000085009
C5,0.5,0.1,2,0.4,0.8333333333333334,0.4,8.985061645507812,0.8333333329658392,0.1111111111489402,0.5000000000851149
C5,0.5,0.1,2,0.4,0.8333333333333334,0.4,8.99505615234375,0.8333333329743401,0.1111111111489831,0.5000000000852121
C5,0.5,0.1,2,0.4,0.8333333333333334,0.4,9.005050659179688,0.8333333329825996,0.1111111111490258,0.5000000000853086
C5,0.5,0.1,2,0.4,0.8333333333333334,0.4,9.015045166015625,0.833333332990684,0.1111111111490753,0.5000000000854197
C5,0.5,0.1,2,0.4,0.8333333333333334,0.4,9.025039672851562,0.8333333329985914,0.1111111111491215,0.5000000000855224
C5,0.5,0.1,2,0.4,0.8333333333333334,0.4,9.0350341796875,0.8333333330063215,0.1111111111491625,0.5000000000856171
C5,0.5,0.1,2,0.4,0.8333333333333334,0.4,9.045028686523438,0.8333333330139358,0.1111111111492058,0.5000000000857135
C5,0.5,0.1,2,0.4,0.8333333333333334,0.4,9.055023193359375,0.8333333330213284,0.1111111111492478,0.5000000000858079
C5,0.5,0.1,2,0.4,0.8333333333333334,0.4,9.065017700195312,0.8333333330285516,0.1111111111492799,0.5000000000858794
C5,0.5,0.1,2,0.4,0.8333333333333334,0.4,9.07501220703125,0.833333333035584,0.1111111111493056,0.500000000085938
C5,0.5,0.1,2,0.4,0.8333333333333334,0.4,9.085006713867188,0.8333333330424675,0.1111111111493309,0.5000000000859957
C5,0.5,0.1,2,0.4,0.8333333333333334,0.4,9.095001220703125,0.8333333330492085,0.1111111111493681,0.5000000000860794
C5,0.5,0.1,2,0.4,0.8333333333333334,0.4,9.104995727539062,0.8333333330557262,0.111111111149405,0.5000000000861614
C5,0.5,0.1,2,0.4,0.8333333333333334,0.4,9.114990234375,0.8333333330621856,0.1111111111494476,0.5000000000862573
C5,0.5,0.1,2,0.4,0.8333333333333334,0.4,9.124984741210938,0.8333333330684739,0.111111111149489,0.5000000000863499
C5,0.5,0.1,2,0.4,0.8333333333333334,0.4,9.134979248046875,0.8333333330745715,0.1111111111495286,0.5000000000864385
C5,0.5,0.1,2,0.4,0.8333333333333334,0.4,9.144973754882812,0.8333333330805044,0.1111111111495645,0.50000000008652
C5,0.5,0.1,2,0.4,0.8333333333333334,0.4,9.15496826171875,0.8333333330862751,0.1111111111495981,0.5000000000865946
C5,0.5,0.1,2,0.4,0.8333333333333334,0.4,9.164962768554688,0.8333333330918695,0.111111111149634,0.5000000000866776
C5,0.5,0.1,2,0.4,0.8333333333333334,0.4,9.174957275390625,0.8333333330973939,0.11111111114968,0.5000000000867793
C5,0.5,0.1,2,0.4,0.8333333333333334,0.4,9.184951782226562,0.8333333331027689,0.1111111111497271,0.5000000000868866
C5,0.5,0.1,2,0.4,0.8333333333333334,0.4,9.1949462890625,0.8333333331080587,0.1111111111497734,0.5000000000869899
C5,0.5,0.1,2,0.4,0.8333333333333334,0.4,9.204940795898438,0.8333333331132587,0.1111111111498188,0.5000000000870926
C5,0.5,0.1,2,0.4,0.8333333333333334,0.4,9.214935302734375,0.8333333331183133,0.1111111111498621,0.5000000000871907
C5,0.5,0.1,2,0.4,0.8333333333333334,0.4,9.224929809570312,0.8333333331232258,0.111111111149904,0.5000000000872825
C5,0.5,0.1,2,0.4,0.8333333333333334,0.4,9.23492431640625,0.8333333331279558,0.1111111111499573,0.500000000087405
C5,0.5,0.1,2,0.4,0.8333333333333334,0.4,9.244918823242188,0.8333333331325808,0.1111111111500016,0.5000000000875043
C5,0.5,0.1,2,0.4,0.8333333333333334,0.4,9.254913330078125,0.8333333331370811,0.1111111111500426,0.500000000087595
C5,0.5,0.1,2,0.4,0.8333333333333334,0.4,9.264907836914062,0.8333333331414789,0.1111111111500797,0.5000000000876806
C5,0.5,0.1,2,0.4,0.8333333333333334,0.4,9.27490234375,0.8333333331458284,0.111111111150126,0.5000000000877846
C5,0.5,0.1,2,0.4,0.8333333333333334,0.4,9.284896850585938,0.8333333331500541,0.1111111111501718,0.5000000000878859
C5,0.5,0.1,2,0.4,0.8333333333333334,0.4,9.294891357421875,0.8333333331541759,0.1111111111502132,0.5000000000879801
C5,0.5,0.1,2,0.4,0.8333333333333334,0.4,9.304885864257812,0.8333333331583025,0.1111111111502582,0.5000000000880819
C5,0.5,0.1,2,0.4,0.8333333333333334,0.4,9.31488037109375,0.8333333331623238,0.1111111111503007,0.5000000000881779
C5,0.5,0.1,2,0.4,0.8333333333333334,0.4,9.324874877929688,0.8333333331662468,0.1111111111503391,0.500000000088264
C5,0.5,0.1,2,0.4,0.8333333333333334,0.4,9.334869384765625,0.8333333331700429,0.1111111111503735,0.5000000000883416
C5,0.5,0.1,2,0.4,0.8333333333333334,0.4,9.344863891601562,0.8333333331737252,0.1111111111504099,0.5000000000884227
C5,0.5,0.1,2,0.4,0.8333333333333334,0.4,9.3548583984375,0.8333333331773173,0.111111111150444,0.5000000000884998
C5,0.5,0.1,2,0.4,0.8333333333333334,0.4,9.364852905273438,0.8333333331808208,0.1111111111504771,0.5000000000885754
C5,0.5,0.1,2,0.4,0.8333333333333334,0.4,9.374847412109375,0.8333333331842592,0.1111111111504942,0.5000000000886107
C5,0.5,0.1,2,0.4,0.8333333333333334,0.4,9.384841918945312,0.8333333331875754,0.1111111111505146,0.5000000000886583
C5,0.5,0.1,2,0.4,0.8333333333333334,0.4,9.39483642578125,0.8333333331908821,0.1111111111505508,0.5000000000887415
C5,0.5,0.1,2,0.4,0.8333333333333334,0.4,9.404830932617188,0.8333333331941164,0.1111111111505814,0.5000000000888069
C5,0.5,0.1,2,0.4,0.8333333333333334,0.4,9.414825439453125,0.833333333197238,0.1111111111506139,0.5000000000888813
C5,0.5,0.1,2,0.4,0.8333333333333334,0.4,9.424819946289062,0.833333333200279,0.1111111111506522,0.5000000000889678
C5,0.5,0.1,2,0.4,0.8333333333333334,0.4,9.434814453125,0.833333333203222,0.1111111111506885,0.5000000000890495
C5,0.5,0.1,2,0.4,0.8333333333333334,0.4,9.444808959960938,0.8333333332061931,0.111111111150731,0.5000000000891447
C5,0.5,0.1,2,0.4,0.8333333333333334,0.4,9.454803466796875,0.8333333332090896,0.111111111150773,0.5000000000892387
C5,0.5,0.1,2,0.4,0.8333333333333334,0.4,9.464797973632812,0.8333333332118753,0.1111111111508128,0.5000000000893285
C5,0.5,0.1,2,0.4,0.8333333333333334,0.4,9.47479248046875,0.8333333332146061,0.1111111111508555,0.5000000000894244
C5,0.5,0.1,2,0.4,0.8333333333333334,0.4,9.484786987304688,0.8333333332172365,0.1111111111508904,0.5000000000895044
C5,0.5,0.1,2,0.4,0.8333333333333334,0.4,9.494781494140625,0.8333333332198141,0.1111111111509278,0.5000000000895892
C5,0.5,0.1,2,0.4,0.8333333333333334,0.4,9.504776000976562,0.8333333332222962,0.1111111111509645,0.5000000000896706
C5,0.5,0.1,2,0.4,0.8333333333333334,0.4,9.5147705078125,0.8333333332247163,0.1111111111510024,0.5000000000897565
C5,0.5,0.1,2,0.4,0.8333333333333334,0.4,9.524765014648438,0.8333333332270584,0.1111111111510374,0.5000000000898334
C5,0.5,0.1,2,0.4,0.8333333333333334,0.4,9.534759521484375,0.8333333332293434,0.1111111111510739,0.500000000089916
C5,0.5,0.1,2,0.4,0.8333333333333334,0.4,9.544754028320312,0.8333333332315672,0.1111111111511118,0.500000000090002
C5,0.5,0.1,2,0.4,0.8333333333333334,0.4,9.55474853515625,0.8333333332338299,0.1111111111511577,0.5000000000901049
C5,0.5,0.1,2,0.4,0.8333333333333334,0.4,9.564743041992188,0.8333333332359872,0.1111111111512031,0.5000000000902061
C5,0.5,0.1,2,0.4,0.8333333333333334,0.4,9.574737548828125,0.833333333238113,0.1111111111512521,0.5000000000903174
C5,0.5,0.1,2,0.4,0.8333333333333334,0.4,9.584732055664062,0.8333333332401434,0.1111111111512931,0.5000000000904083
C5,0.5,0.1,2,0.4,0.8333333333333334,0.4,9.5947265625,0.833333333242164,0.1111111111513361,0.5000000000905054
C5,0.5,0.1,2,0.4,0.8333333333333334,0.4,9.604721069335938,0.8333333332440883,0.1111111111513741,0.500000000090591
C5,0.5,0.1,2,0.4,0.8333333333333334,0.4,9.614715576171875,0.8333333332459747,0.1111111111514136,0.5000000000906806
C5,0.5,0.1,2,0.4,0.8333333333333334,0.4,9.624710083007812,0.8333333332478123,0.1111111111514535,0.5000000000907714
C5,0.5,0.1,2,0.4,0.8333333333333334,0.4,9.63470458984375,0.8333333332496557,0.1111111111514934,0.5000000000908599
C5,0.5,0.1,2,0.4,0.8333333333333334,0.4,9.644699096679688,0.8333333332515223,0.111111111151538,0.5000000000909607
C5,0.5,0.1,2,0.4,0.8333333333333334,0.4,9.654693603515625,0.8333333332532891,0.111111111151578,0.5000000000910506
C5,0.5,0.1,2,0.4,0.8333333333333334,0.4,9.664688110351562,0.8333333332550202,0.1111111111516202,0.5000000000911463
C5,0.5,0.1,2,0.4,0.8333333333333334,0.4,9.6746826171875,0.8333333332567183,0.1111111111516645,0.5000000000912462
C5,0.5,0.1,2,0.4,0.8333333333333334,0.4,9.684677124023438,0.8333333332583209,0.1111111111517038,0.5000000000913335
C5,0.5,0.1,2,0.4,0.8333333333333334,0.4,9.694671630859375,0.8333333332599058,0.1111111111517462,0.5000000000914302
C5,0.5,0.1,2,0.4,0.8333333333333334,0.4,9.704666137695312,0.8333333332614448,0.11111111115179,0.5000000000915259
C5,0.5,0.1,2,0.4,0.8333333333333334,0.4,9.71466064453125,0.8333333332628947,0.11111111115183,0.5000000000916182
C5,0.5,0.1,2,0.4,0.8333333333333334,0.4,9.724655151367188,0.833333333264328,0.111111111151875,0.5000000000917182
C5,0.5,0.1,2,0.4,0.8333333333333334,0.4,9.734649658203125,0.8333333332657513,0.111111111151924,0.5000000000918281
C5,0.5,0.1,2,0.4,0.8333333333333334,0.4,9.744644165039062,0.8333333332671525,0.1111111111519757,0.5000000000919459
C5,0.5,0.1,2,0.4,0.8333333333333334,0.4,9.754638671875,0.8333333332685448,0.1111111111520299,0.5000000000920674
C5,0.5,0.1,2,0.4,0.8333333333333334,0.4,9.764633178710938,0.8333333332699253,0.1111111111520863,0.5000000000921947
C5,0.5,0.1,2,0.4,0.8333333333333334,0.4,9.774627685546875,0.8333333332711943,0.1111111111521361,0.5000000000923075
C5,0.5,0.1,2,0.4,0.8333333333333334,0.4,9.784622192382812,0.833333333272453,0.1111111111521883,0.5000000000924244
C5,0.5,0.1,2,0.4,0.8333333333333334,0.4,9.79461669921875,0.8333333332737054,0.1111111111522419,0.5000000000925444
C5,0.5,0.1,2,0.4,0.8333333333333334,0.4,9.804611206054688,0.8333333332748856,0.1111111111522924,0.5000000000926577
C5,0.5,0.1,2,0.4,0.8333333333333334,0.4,9.814605712890625,0.833333333276013,0.1111111111523412,0.5000000000927687
C5,0.5,0.1,2,0.4,0.8333333333333334,0.4,9.824600219726562,0.8333333332771292,0.111111111152393,0.5000000000928845
C5,0.5,0.1,2,0.4,0.8333333333333334,0.4,9.8345947265625,0.8333333332782346,0.1111111111524467,0.5000000000930057
C5,0.5,0.1,2,0.4,0.8333333333333334,0.4,9.844589233398438,0.8333333332792685,0.1111111111524905,0.5000000000931033
C5,0.5,0.1,2,0.4,0.8333333333333334,0.4,9.854583740234375,0.8333333332802765,0.1111111111525321,0.5000000000931981
C5,0.5,0.1,2,0.4,0.8333333333333334,0.4,9.864578247070312,0.8333333332812758,0.1111111111525763,0.5000000000932969
C5,0.5,0.1,2,0.4,0.8333333333333334,0.4,9.87457275390625,0.8333333332822641,0.1111111111526218,0.5000000000933993
C5,0.5,0.1,2,0.4,0.8333333333333334,0.4,9.884567260742188,0.833333333283201,0.1111111111526646,0.5000000000934963
C5,0.5,0.1,2,0.4,0.8333333333333334,0.4,9.894561767578125,0.8333333332840762,0.1111111111527028,0.5000000000935824
C5,0.5,0.1,2,0.4,0.8333333333333334,0.4,9.904556274414062,0.8333333332849415,0.1111111111527439,0.5000000000936744
C5,0.5,0.1,2,0.4,0.8333333333333334,0.4,9.91455078125,0.8333333332857964,0.1111111111527867,0.5000000000937692
C5,0.5,0.1,2,0.4,0.8333333333333334,0.4,9.924545288085938,0.8333333332866431,0.1111111111528309,0.5000000000938697
C5,0.5,0.1,2,0.4,0.8333333333333334,0.4,9.934539794921875,0.8333333332874368,0.1111111111528709,0.5000000000939596
C5,0.5,0.1,2,0.4,0.8333333333333334,0.4,9.944534301757812,0.8333333332882176,0.111111111152907,0.5000000000940407
C5,0.5,0.1,2,0.4,0.8333333333333334,0.4,9.95452880859375,0.833333333289071,0.1111111111529503,0.5000000000941367
C5,0.5,0.1,2,0.4,0.8333333333333334,0.4,9.964523315429688,0.8333333332899358,0.1111111111529966,0.5000000000942426
C5,0.5,0.1,2,0.4,0.8333333333333334,0.4,9.974517822265625,0.8333333332908907,0.1111111111530509,0.5000000000943653
C5,0.5,0.1,2,0.4,0.8333333333333334,0.4,9.984512329101562,0.8333333332917642,0.1111111111531027,0.5000000000944816
C5,0.5,0.1,2,0.4,0.8333333333333334,0.4,9.9945068359375,0.8333333332925933,0.1111111111531531,0.5000000000945924
C5,0.5,0.1,2,0.4,0.8333333333333334,0.4,10,0.8333333332930466,0.1111111111531805,0.5000000000946581
