case,initial_fraction,eq_fraction,time,center_ratio,energy_ratio,mass
F,0,0.6,0,0,1,0.5000000000000001
F,0,0.6,0.00499725341796875,0.01018913703061958,0.913039542227845,0.4999999999999379
F,0,0.6,0.0099945068359375,0.02073717399123692,0.8421509391315258,0.4999999999998764
F,0,0.6,0.01499176025390625,0.03159332758434624,0.7841148030452358,0.4999999999998146
F,0,0.6,0.019989013671875,0.04270306567117664,0.7363555715503396,0.4999999999997533
F,0,0.6,0.02498626708984375,0.05400943392221563,0.696813979963934,0.4999999999996916
F,0,0.6,0.0299835205078125,0.06545443417288425,0.6638446114867139,0.4999999999996303
F,0,0.6,0.03498077392578125,0.07698038499170956,0.6361336168244062,0.4999999999995686
F,0,0.6,0.03997802734375,0.08853119967414232,0.6126326528682243,0.499999999999508
F,0,0.6,0.04497528076171875,0.1000535265558514,0.5925058612432823,0.4999999999994468
F,0,0.6,0.0499725341796875,0.1114977098072426,0.5750873285014151,0.4999999999993858
F,0,0.6,0.05496978759765625,0.1228185440501797,0.5598469696829356,0.4999999999993246
F,0,0.6,0.059967041015625,0.1339758115356303,0.5463631794528057,0.4999999999992634
F,0,0.6,0.06496429443359375,0.144934604762625,0.5343009190033369,0.4999999999992027
F,0,0.6,0.0699615478515625,0.155665449209959,0.5233941676907682,0.4999999999991417
F,0,0.6,0.07495880126953125,0.1661442496506669,0.5134318782476428,0.499999999999081
F,0,0.6,0.0799560546875,0.1763520891263344,0.5042467433023106,0.49999999999902
F,0,0.6,0.08495330810546875,0.1862749122447466,0.4957062168278929,0.4999999999989591
F,0,0.6,0.0899505615234375,0.1959031244641506,0.4877053434677356,0.4999999999988979
F,0,0.6,0.09494781494140625,0.2052311370216722,0.4801610366232876,0.4999999999988374
F,0,0.6,0.099945068359375,0.2142568837767089,0.4730075169151097,0.499999999998776
F,0,0.6,0.1049423217773438,0.2229813320605467,0.4661926794978938,0.4999999999987152
F,0,0.6,0.1099395751953125,0.2314080051510296,0.4596752044308969,0.4999999999986549
F,0,0.6,0.1149368286132812,0.2395425296125486,0.453422261054197,0.4999999999985936
F,0,0.6,0.11993408203125,0.2473922167262172,0.4474076868520366,0.4999999999985326
F,0,0.6,0.1249313354492188,0.2549656837453386,0.4416105450089904,0.4999999999984714
F,0,0.6,0.1299285888671875,0.2622725178211585,0.4360139839189742,0.49999999999841
F,0,0.6,0.1349258422851562,0.2693229831611006,0.4306043372058471,0.499999999998349
F,0,0.6,0.139923095703125,0.2761277702676611,0.4253704150936012,0.4999999999982875
F,0,0.6,0.1449203491210938,0.2826977848954176,0.4203029478161318,0.4999999999982263
F,0,0.6,0.1499176025390625,0.289043973577039,0.4153941496579299,0.4999999999981649
F,0,0.6,0.1549148559570312,0.2951771821252425,0.4106373785511478,0.4999999999981041
F,0,0.6,0.159912109375,0.301108043339162,0.406026871229634,0.4999999999980427
F,0,0.6,0.1649093627929688,0.3068468901615751,0.4015575380048287,0.4999999999979815
F,0,0.6,0.1699066162109375,0.3124036906896269,0.3972248044812022,0.4999999999979201
F,0,0.6,0.1749038696289062,0.3177880016882869,0.3930244901305132,0.4999999999978587
F,0,0.6,0.179901123046875,0.3230089375553821,0.388952715723443,0.4999999999977975
F,0,0.6,0.1848983764648438,0.3280751520112795,0.3850058332776319,0.499999999997736
F,0,0.6,0.1898956298828125,0.3329948301145806,0.3811803735059664,0.4999999999976742
F,0,0.6,0.1948928833007812,0.3377756885230562,0.3774730068049885,0.4999999999976125
F,0,0.6,0.19989013671875,0.3424249822174002,0.3738805146640651,0.4999999999975512
F,0,0.6,0.2048873901367188,0.3469495161785269,0.3703997690445822,0.4999999999974895
F,0,0.6,0.2098846435546875,0.3513556607544509,0.3670277178094079,0.4999999999974279
F,0,0.6,0.2148818969726562,0.3556493696697069,0.3637613747038612,0.4999999999973661
F,0,0.6,0.219879150390625,0.3598361998194174,0.3605978127227083,0.4999999999973043
F,0,0.6,0.2248764038085938,0.3639213321531463,0.3575341599609669,0.4999999999972426
F,0,0.6,0.2298736572265625,0.3679095930927765,0.3545675972538371,0.4999999999971805
F,0,0.6,0.2348709106445312,0.3718054760461418,0.351695357074268,0.4999999999971189
F,0,0.6,0.2398681640625,0.375613162676539,0.3489147232846188,0.4999999999970567
F,0,0.6,0.2448654174804688,0.3793365436699085,0.3462230314388668,0.4999999999969947
F,0,0.6,0.2498626708984375,0.382979238808723,0.3436176694096615,0.4999999999969329
F,0,0.6,0.2548599243164062,0.3865446162164601,0.341096078174875,0.4999999999968712
F,0,0.6,0.259857177734375,0.390035810680868,0.3386557526448143,0.499999999996809
F,0,0.6,0.2648544311523438,0.3934557409997388,0.336294242446957,0.4999999999967472
F,0,0.6,0.2698516845703125,0.3968071263210092,0.3340091526121552,0.4999999999966843
F,0,0.6,0.2748489379882812,0.4000925014709241,0.3317981441267458,0.4999999999966224
F,0,0.6,0.27984619140625,0.4033142312808965,0.3296589343302385,0.4999999999965604
F,0,0.6,0.2848434448242188,0.4064745239364265,0.327589297149454,0.4999999999964981
F,0,0.6,0.2898406982421875,0.4095754433807725,0.3255870631680912,0.4999999999964356
F,0,0.6,0.2948379516601562,0.4126189208126831,0.3236501195363766,0.4999999999963732
F,0,0.6,0.299835205078125,0.4156067653219458,0.3217764097293095,0.4999999999963111
F,0,0.6,0.3048324584960938,0.4185406737091744,0.3199639331645119,0.4999999999962488
F,0,0.6,0.3098297119140625,0.4214222395376258,0.3182107446921076,0.4999999999961861
F,0,0.6,0.3148269653320312,0.4242529614650931,0.3165149539697599,0.4999999999961241
F,0,0.6,0.31982421875,0.4270342509033567,0.3148747247361053,0.4999999999960619
F,0,0.6,0.3248214721679688,0.4297674390515926,0.3132882739955515,0.4999999999959988
F,0,0.6,0.3298187255859375,0.4324537833485186,0.3117538711268749,0.4999999999959364
F,0,0.6,0.3348159790039062,0.4350944733861977,0.3102698369273284,0.4999999999958736
F,0,0.6,0.339813232421875,0.437690636326261,0.3088345426031446,0.499999999995811
F,0,0.6,0.3448104858398438,0.4402433418571697,0.3074464087164535,0.4999999999957482
F,0,0.6,0.3498077392578125,0.4427536067288113,0.3061039040977195,0.4999999999956857
F,0,0.6,0.3548049926757812,0.4452223988984251,0.3048055447319369,0.4999999999956226
F,0,0.6,0.35980224609375,0.4476506413196438,0.3035498926259574,0.4999999999955598
F,0,0.6,0.3647994995117188,0.4500392154041721,0.3023355546635192,0.4999999999954975
F,0,0.6,0.3697967529296875,0.4523889641835506,0.3011611814537825,0.4999999999954347
F,0,0.6,0.3747940063476562,0.454700695196386,0.3000254661784718,0.4999999999953717
F,0,0.6,0.379791259765625,0.456975183124504,0.2989271434420803,0.4999999999953091
F,0,0.6,0.3847885131835938,0.4592131721996663,0.2978649881289924,0.4999999999952467
F,0,0.6,0.3897857666015625,0.4614153784007629,0.2968378142708509,0.4999999999951842
F,0,0.6,0.3947830200195312,0.4635824914597469,0.2958444739270036,0.4999999999951216
F,0,0.6,0.3997802734375,0.4657151766931833,0.2948838560804368,0.4999999999950589
F,0,0.6,0.4047775268554688,0.4678140766747426,0.2939548855512036,0.4999999999949957
F,0,0.6,0.4097747802734375,0.4698798127627939,0.2930565219290251,0.4999999999949328
F,0,0.6,0.4147720336914062,0.471912986495992,0.2921877585264145,0.4999999999948703
F,0,0.6,0.419769287109375,0.4739141808686412,0.2913476213534268,0.4999999999948073
F,0,0.6,0.4247665405273438,0.4758839614966442,0.2905351681148788,0.4999999999947449
F,0,0.6,0.4297637939453125,0.4778228776838397,0.2897494872306874,0.4999999999946819
F,0,0.6,0.4347610473632812,0.4797314633977244,0.2889896968797854,0.4999999999946195
F,0,0.6,0.43975830078125,0.481610238162727,0.2882549440679215,0.4999999999945565
F,0,0.6,0.4447555541992188,0.4834597078784899,0.2875444037195046,0.4999999999944938
F,0,0.6,0.4497528076171875,0.4852803655699348,0.2868572777935426,0.4999999999944313
F,0,0.6,0.4547500610351562,0.4870726920753121,0.2861927944236176,0.4999999999943683
F,0,0.6,0.459747314453125,0.4888371566778162,0.2855502070817622,0.4999999999943059
F,0,0.6,0.4647445678710938,0.49057421768591,0.2849287937660071,0.499999999994243
F,0,0.6,0.4697418212890625,0.4922843229669899,0.2843278562113363,0.4999999999941797
F,0,0.6,0.4747390747070312,0.4939679104386148,0.2837467191237076,0.499999999994117
F,0,0.6,0.479736328125,0.4956254085211422,0.2831847294367701,0.4999999999940535
F,0,0.6,0.4847335815429688,0.4972572365552455,0.2826412555908678,0.4999999999939914
F,0,0.6,0.4897308349609375,0.4988638051874955,0.2821156868338903,0.4999999999939284
F,0,0.6,0.4947280883789062,0.5004455167268669,0.2816074325435097,0.4999999999938651
F,0,0.6,0.499725341796875,0.5020027654747792,0.2811159215703291,0.4999999999938022
F,0,0.6,0.5047225952148438,0.5035359380310577,0.2806406016014453,0.499999999993739
F,0,0.6,0.5097198486328125,0.5050454135779436,0.2801809385439339,0.4999999999936761
F,0,0.6,0.5147171020507812,0.5065315641441254,0.2797364159277428,0.4999999999936126
F,0,0.6,0.51971435546875,0.5079947548505287,0.2793065343274914,0.4999999999935499
F,0,0.6,0.5247116088867188,0.5094353441395254,0.2788908108026679,0.4999999999934865
F,0,0.6,0.5297088623046875,0.510853683988975,0.2784887783557094,0.4999999999934234
F,0,0.6,0.5347061157226562,0.5122501201124218,0.2780999854074756,0.4999999999933606
F,0,0.6,0.539703369140625,0.5136249921466929,0.2777239952896044,0.4999999999932971
F,0,0.6,0.5447006225585938,0.51497863382793,0.2773603857532658,0.4999999999932339
F,0,0.6,0.5496978759765625,0.5163113731570808,0.2770087484938298,0.4999999999931707
F,0,0.6,0.5546951293945312,0.5176235325557453,0.2766686886909677,0.4999999999931073
F,0,0.6,0.5596923828125,0.5189154290131546,0.276339824563726,0.4999999999930441
F,0,0.6,0.5646896362304688,0.5201873742250737,0.2760217869401096,0.4999999999929803
F,0,0.6,0.5696868896484375,0.5214396747252819,0.2757142188407344,0.4999999999929168
F,0,0.6,0.5746841430664062,0.5226726320101933,0.2754167750761032,0.4999999999928538
F,0,0.6,0.579681396484375,0.5238865426572389,0.2751291218570875,0.4999999999927907
F,0,0.6,0.5846786499023438,0.5250816984375087,0.2748509364181917,0.499999999992727
F,0,0.6,0.5896759033203125,0.526258386423015,0.2745819066532007,0.4999999999926634
F,0,0.6,0.5946731567382812,0.527416889089134,0.274321730762813,0.4999999999925994
F,0,0.6,0.59967041015625,0.5285574844124921,0.2740701169138787,0.4999999999925362
F,0,0.6,0.6046676635742188,0.5296804459646921,0.2738267829098664,0.4999999999924726
F,0,0.6,0.6096649169921875,0.5307860430021775,0.2735914558721979,0.4999999999924089
F,0,0.6,0.6146621704101562,0.5318745405525102,0.2733638719321036,0.4999999999923455
F,0,0.6,0.619659423828125,0.5329461994973569,0.2731437759326505,0.4999999999922816
F,0,0.6,0.6246566772460938,0.5340012766523676,0.2729309211406166,0.4999999999922185
F,0,0.6,0.6296539306640625,0.5350400248442023,0.2727250689678895,0.4999999999921543
F,0,0.6,0.6346511840820312,0.5360626929848635,0.2725259887020766,0.4999999999920909
F,0,0.6,0.6396484375,0.5370695261435688,0.2723334572460263,0.4999999999920272
F,0,0.6,0.6446456909179688,0.538060765616273,0.2721472588659705,0.4999999999919634
F,0,0.6,0.6496429443359375,0.5390366489930105,0.2719671849480003,0.4999999999919
F,0,0.6,0.6546401977539062,0.539997410223189,0.2717930337626042,0.4999999999918357
F,0,0.6,0.659637451171875,0.5409432796789845,0.271624610237003,0.4999999999917717
F,0,0.6,0.6646347045898438,0.5418744842168937,0.2714617257350222,0.4999999999917077
F,0,0.6,0.6696319580078125,0.54279124723762,0.2713041978442586,0.4999999999916439
F,0,0.6,0.6746292114257812,0.5436937887443426,0.2711518501702918,0.4999999999915801
F,0,0.6,0.67962646484375,0.5445823253994464,0.2710045121377158,0.4999999999915165
F,0,0.6,0.6846237182617188,0.5454570705798357,0.2708620187977593,0.4999999999914529
F,0,0.6,0.6896209716796875,0.5463182344308941,0.2707242106422812,0.4999999999913885
F,0,0.6,0.6946182250976562,0.5471660239191268,0.2705909334239286,0.4999999999913251
F,0,0.6,0.699615478515625,0.54800064288357,0.2704620379822489,0.4999999999912613
F,0,0.6,0.7046127319335938,0.5488222920860568,0.2703373800755667,0.499999999991197
F,0,0.6,0.7096099853515625,0.5496311692603272,0.2702168202184296,0.4999999999911334
F,0,0.6,0.7146072387695312,0.5504274691600887,0.2701002235244351,0.4999999999910695
F,0,0.6,0.7196044921875,0.5512113836060479,0.2699874595542694,0.4999999999910056
F,0,0.6,0.7246017456054688,0.5519831015319676,0.2698784021687759,0.4999999999909416
F,0,0.6,0.7295989990234375,0.5527428090297614,0.2697729293868914,0.4999999999908776
F,0,0.6,0.7345962524414062,0.5534906893937034,0.2696709232482886,0.4999999999908134
F,0,0.6,0.739593505859375,0.5542269231637662,0.2695722696805654,0.4999999999907498
F,0,0.6,0.7445907592773438,0.5549516881680964,0.2694768583708339,0.4999999999906855
F,0,0.6,0.7495880126953125,0.5556651595647046,0.269384582641561,0.4999999999906213
F,0,0.6,0.7545852661132812,0.5563675098823787,0.2692953393305193,0.4999999999905576
F,0,0.6,0.75958251953125,0.5570589090608136,0.2692090286747134,0.4999999999904934
F,0,0.6,0.7645797729492188,0.5577395244900268,0.2691255541981479,0.4999999999904298
F,0,0.6,0.7695770263671875,0.5584095210490712,0.2690448226033106,0.4999999999903657
F,0,0.6,0.7745742797851562,0.5590690611440582,0.2689667436662485,0.4999999999903014
F,0,0.6,0.779571533203125,0.5597183047454976,0.2688912301351135,0.4999999999902373
F,0,0.6,0.7845687866210938,0.5603574094250171,0.2688181976320689,0.4999999999901734
F,0,0.6,0.7895660400390625,0.5609865303914419,0.2687475645584385,0.49999999999011
F,0,0.6,0.7945632934570312,0.5616058205262449,0.2686792520029951,0.4999999999900455
F,0,0.6,0.799560546875,0.5622154304184315,0.2686131836532842,0.4999999999899815
F,0,0.6,0.8045578002929688,0.5628155083988161,0.268549285709879,0.4999999999899173
F,0,0.6,0.8095550537109375,0.5634062005737651,0.268487486803472,0.4999999999898532
F,0,0.6,0.8145523071289062,0.5639876508583492,0.2684277179147091,0.4999999999897894
F,0,0.6,0.819549560546875,0.5645600010089962,0.2683699122966733,0.499999999989726
F,0,0.6,0.8245468139648438,0.5651233906555916,0.2683140053999337,0.4999999999896618
F,0,0.6,0.8295440673828125,0.5656779573330654,0.2682599348000698,0.4999999999895978
F,0,0.6,0.8345413208007812,0.5662238365124986,0.2682076401275936,0.4999999999895338
F,0,0.6,0.83953857421875,0.5667611616317095,0.2681570630001879,0.4999999999894706
F,0,0.6,0.8445358276367188,0.5672900641253921,0.2681081469571833,0.4999999999894065
F,0,0.6,0.8495330810546875,0.5678106734547442,0.2680608373962004,0.4999999999893435
F,0,0.6,0.8545303344726562,0.568323117136674,0.2680150815118878,0.4999999999892803
F,0,0.6,0.859527587890625,0.5688275207725374,0.2679708282366821,0.4999999999892167
F,0,0.6,0.8645248413085938,0.5693240080764228,0.2679280281835243,0.4999999999891534
F,0,0.6,0.8695220947265625,0.5698127009030275,0.2678866335904733,0.4999999999890897
F,0,0.6,0.8745193481445312,0.5702937192750803,0.2678465982671429,0.4999999999890266
F,0,0.6,0.8795166015625,0.5707671814103754,0.2678078775429108,0.4999999999889632
F,0,0.6,0.8845138549804688,0.5712332037483825,0.2677704282168389,0.4999999999888999
F,0,0.6,0.8895111083984375,0.5716919009764413,0.2677342085092456,0.4999999999888366
F,0,0.6,0.8945083618164062,0.5721433860555926,0.2676991780148776,0.4999999999887734
F,0,0.6,0.899505615234375,0.572587770246004,0.2676652976576285,0.4999999999887098
F,0,0.6,0.9045028686523438,0.5730251631320232,0.2676325296467508,0.4999999999886466
F,0,0.6,0.9095001220703125,0.5734556726468394,0.2676008374345148,0.4999999999885831
F,0,0.6,0.9144973754882812,0.5738794050967992,0.2675701856752639,0.4999999999885194
F,0,0.6,0.91949462890625,0.5742964651853697,0.267540540185823,0.4999999999884561
F,0,0.6,0.9244918823242188,0.5747069560367023,0.2675118679072108,0.4999999999883928
F,0,0.6,0.9294891357421875,0.5751109792189046,0.2674841368676166,0.4999999999883294
F,0,0.6,0.9344863891601562,0.57550863476693,0.2674573161466005,0.4999999999882658
F,0,0.6,0.939483642578125,0.5759000212051469,0.2674313758404723,0.4999999999882026
F,0,0.6,0.9444808959960938,0.5762852355695808,0.2674062870288132,0.499999999988139
F,0,0.6,0.9494781494140625,0.5766643734298103,0.2673820217421018,0.4999999999880758
F,0,0.6,0.9544754028320312,0.577037528910566,0.2673585529304103,0.4999999999880124
F,0,0.6,0.95947265625,0.5774047947129998,0.2673358544331277,0.4999999999879482
F,0,0.6,0.9644699096679688,0.5777662621356503,0.2673139009496868,0.4999999999878852
F,0,0.6,0.9694671630859375,0.5781220210951096,0.2672926680112541,0.4999999999878214
F,0,0.6,0.9744644165039062,0.5784721601463596,0.2672721319533534,0.4999999999877579
F,0,0.6,0.979461669921875,0.5788167665028481,0.2672522698893922,0.4999999999876943
F,0,0.6,0.9844589233398438,0.5791559260562518,0.2672330596850597,0.4999999999876314
F,0,0.6,0.9894561767578125,0.5794897233959719,0.2672144799335711,0.4999999999875679
F,0,0.6,0.9944534301757812,0.57981824182833,0.2671965099317273,0.4999999999875041
F,0,0.6,0.99945068359375,0.5801415633954842,0.2671791296567608,0.4999999999874405
F,0,0.6,1.004447937011719,0.5804597688940827,0.2671623197439492,0.499999999987377
F,0,0.6,1.009445190429688,0.5807729378936467,0.2671460614649627,0.4999999999873134
F,0,0.6,1.014442443847656,0.581081148754689,0.2671303367069273,0.49999999998725
F,0,0.6,1.019439697265625,0.5813844786465544,0.2671151279521769,0.499999999987186
F,0,0.6,1.024436950683594,0.5816830035650149,0.2671004182586725,0.4999999999871222
F,0,0.6,1.029434204101562,0.5819767983496342,0.2670861912410687,0.4999999999870591
F,0,0.6,1.034431457519531,0.582265936700835,0.2670724310523993,0.4999999999869954
F,0,0.6,1.0394287109375,0.5825504911967465,0.2670591223663711,0.499999999986932
F,0,0.6,1.044425964355469,0.5828305333098218,0.2670462503602375,0.4999999999868682
F,0,0.6,1.049423217773438,0.5831061334231895,0.2670338006982386,0.4999999999868046
F,0,0.6,1.054420471191406,0.5833773608467785,0.2670217595155843,0.4999999999867411
F,0,0.6,1.059417724609375,0.58364428383322,0.2670101134029682,0.4999999999866773
F,0,0.6,1.064414978027344,0.5839069695935207,0.2669988493915863,0.4999999999866134
F,0,0.6,1.069412231445312,0.5841654843124942,0.2669879549386552,0.4999999999865503
F,0,0.6,1.074409484863281,0.5844198931639745,0.2669774179134028,0.4999999999864868
F,0,0.6,1.07940673828125,0.5846702603258311,0.266967226583521,0.4999999999864226
F,0,0.6,1.084403991699219,0.5849166489947499,0.266957369602066,0.4999999999863591
F,0,0.6,1.089401245117188,0.5851591214007925,0.2669478359947882,0.4999999999862957
F,0,0.6,1.094398498535156,0.5853977388217628,0.2669386151478796,0.4999999999862316
F,0,0.6,1.099395751953125,0.585632561597377,0.2669296967961255,0.4999999999861683
F,0,0.6,1.104393005371094,0.5858636491431992,0.2669210710114439,0.4999999999861041
F,0,0.6,1.109390258789062,0.586091059964392,0.2669127281918054,0.4999999999860409
F,0,0.6,1.114387512207031,0.5863148516692768,0.2669046590505142,0.4999999999859773
F,0,0.6,1.119384765625,0.5865350809826813,0.2668968546058447,0.4999999999859138
F,0,0.6,1.124382019042969,0.5867518037591153,0.2668893061710169,0.4999999999858497
F,0,0.6,1.129379272460938,0.5869650749957384,0.2668820053445043,0.4999999999857858
F,0,0.6,1.134376525878906,0.5871749488451489,0.266874944000658,0.4999999999857226
F,0,0.6,1.139373779296875,0.5873814786279953,0.2668681142806407,0.4999999999856587
F,0,0.6,1.144371032714844,0.5875847168453858,0.2668615085836581,0.4999999999855951
F,0,0.6,1.149368286132812,0.5877847151911337,0.2668551195584806,0.499999999985531
F,0,0.6,1.154365539550781,0.5879815245638386,0.2668489400952425,0.4999999999854681
F,0,0.6,1.15936279296875,0.5881751950787577,0.26684296331751,0.499999999985404
F,0,0.6,1.164360046386719,0.5883657760795362,0.266837182574612,0.4999999999853407
F,0,0.6,1.169357299804688,0.5885533161497638,0.2668315914342227,0.4999999999852768
F,0,0.6,1.174354553222656,0.5887378631243472,0.266826183675188,0.4999999999852134
F,0,0.6,1.179351806640625,0.5889194641007356,0.2668209532805867,0.4999999999851495
F,0,0.6,1.184349060058594,0.5890981654499796,0.2668158944310212,0.499999999985086
F,0,0.6,1.189346313476562,0.5892740128276225,0.2668110014981294,0.4999999999850225
F,0,0.6,1.194343566894531,0.5894470511844492,0.2668062690383085,0.4999999999849583
F,0,0.6,1.1993408203125,0.5896173247770541,0.2668016917866459,0.4999999999848949
F,0,0.6,1.204338073730469,0.5897848771782954,0.2667972646510491,0.499999999984831
F,0,0.6,1.209335327148438,0.5899497512875471,0.2667929827065693,0.4999999999847673
F,0,0.6,1.214332580566406,0.5901119893408474,0.2667888411899118,0.4999999999847035
F,0,0.6,1.219329833984375,0.5902716329208747,0.2667848354941256,0.4999999999846402
F,0,0.6,1.224327087402344,0.5904287229667998,0.2667809611634687,0.4999999999845762
F,0,0.6,1.229324340820312,0.5905832997839557,0.2667772138884436,0.4999999999845125
F,0,0.6,1.234321594238281,0.59073540305341,0.2667735895009903,0.4999999999844482
F,0,0.6,1.23931884765625,0.5908850718413809,0.2667700839698465,0.4999999999843848
F,0,0.6,1.244316101074219,0.5910323446084991,0.2667666933960499,0.4999999999843212
F,0,0.6,1.249313354492188,0.5911772592189679,0.2667634140085982,0.4999999999842572
F,0,0.6,1.254310607910156,0.5913198529495721,0.2667602421602435,0.4999999999841935
F,0,0.6,1.259307861328125,0.5914601624985465,0.2667571743234309,0.4999999999841296
F,0,0.6,1.264305114746094,0.5915982239943326,0.2667542070863675,0.4999999999840661
F,0,0.6,1.269302368164062,0.5917340730041942,0.2667513371492201,0.4999999999840024
F,0,0.6,1.274299621582031,0.5918677445427198,0.2667485613204408,0.4999999999839386
F,0,0.6,1.279296875,0.5919992730801898,0.2667458765132107,0.4999999999838746
F,0,0.6,1.284294128417969,0.5921286925508215,0.2667432797420014,0.4999999999838108
F,0,0.6,1.289291381835938,0.5922560363609071,0.2667407681192495,0.4999999999837471
F,0,0.6,1.294288635253906,0.5923813373968128,0.2667383388521409,0.4999999999836839
F,0,0.6,1.299285888671875,0.5925046280328805,0.266735989239498,0.4999999999836202
F,0,0.6,1.304283142089844,0.5926259401391945,0.2667337166687742,0.4999999999835562
F,0,0.6,1.309280395507812,0.5927453050892478,0.2667315186131425,0.4999999999834925
F,0,0.6,1.314277648925781,0.5928627537674868,0.2667293926286817,0.4999999999834289
F,0,0.6,1.31927490234375,0.5929783165767633,0.2667273363516555,0.4999999999833654
F,0,0.6,1.324272155761719,0.5930920234456558,0.2667253474958793,0.4999999999833015
F,0,0.6,1.329269409179688,0.593203903835686,0.2667234238501753,0.4999999999832377
F,0,0.6,1.334266662597656,0.5933139867484319,0.26672156327591,0.4999999999831742
F,0,0.6,1.339263916015625,0.593422300732559,0.2667197637046129,0.4999999999831104
F,0,0.6,1.344261169433594,0.5935288738907036,0.2667180231356754,0.4999999999830465
F,0,0.6,1.349258422851562,0.5936337338862874,0.2667163396341197,0.4999999999829828
F,0,0.6,1.354255676269531,0.5937369079502254,0.2667147113284483,0.4999999999829192
F,0,0.6,1.3592529296875,0.593838422887535,0.2667131364085573,0.4999999999828553
F,0,0.6,1.364250183105469,0.5939383050838279,0.2667116131237254,0.4999999999827918
F,0,0.6,1.369247436523438,0.5940365805117458,0.2667101397806607,0.4999999999827277
F,0,0.6,1.374244689941406,0.5941332747372537,0.2667087147416192,0.4999999999826639
F,0,0.6,1.379241943359375,0.5942284129258749,0.2667073364225794,0.4999999999826004
F,0,0.6,1.384239196777344,0.5943220198488289,0.2667060032914816,0.4999999999825364
F,0,0.6,1.389236450195312,0.5944141198890649,0.2667047138665204,0.499999999982473
F,0,0.6,1.394233703613281,0.5945047370472107,0.2667034667144974,0.4999999999824093
F,0,0.6,1.39923095703125,0.5945938949474421,0.2667022604492242,0.4999999999823456
F,0,0.6,1.404228210449219,0.5946816168432462,0.2667010937299822,0.4999999999822818
F,0,0.6,1.409225463867188,0.5947679256231303,0.266699965260028,0.4999999999822176
F,0,0.6,1.414222717285156,0.59485284381621,0.2666988737851526,0.499999999982154
F,0,0.6,1.419219970703125,0.594936393597744,0.266697818092284,0.4999999999820903
F,0,0.6,1.424217224121094,0.5950185967945631,0.2666967970081389,0.4999999999820263
F,0,0.6,1.429214477539062,0.5950994748904258,0.2666958093979156,0.4999999999819623
F,0,0.6,1.434211730957031,0.5951790490313139,0.2666948541640322,0.4999999999818986
F,0,0.6,1.439208984375,0.5952573400306191,0.2666939302449053,0.4999999999818349
F,0,0.6,1.444206237792969,0.5953343683742696,0.2666930366137696,0.4999999999817714
F,0,0.6,1.449203491210938,0.5954101542257724,0.2666921722775345,0.4999999999817072
F,0,0.6,1.454200744628906,0.5954847174311901,0.2666913362756785,0.4999999999816435
F,0,0.6,1.459197998046875,0.5955580775240336,0.2666905276791833,0.4999999999815801
F,0,0.6,1.464195251464844,0.5956302537300754,0.2666897455894983,0.499999999981516
F,0,0.6,1.469192504882812,0.5957012649721135,0.2666889891375402,0.4999999999814522
F,0,0.6,1.474189758300781,0.595771129874648,0.2666882574827295,0.4999999999813886
F,0,0.6,1.47918701171875,0.5958398667684865,0.2666875498120519,0.499999999981325
F,0,0.6,1.484184265136719,0.5959074936952857,0.2666868653391555,0.4999999999812611
F,0,0.6,1.489181518554688,0.5959740284120177,0.2666862033034773,0.4999999999811977
F,0,0.6,1.494178771972656,0.5960394883953827,0.2666855629693945,0.4999999999811338
F,0,0.6,1.499176025390625,0.5961038908461535,0.2666849436254087,0.4999999999810701
F,0,0.6,1.504173278808594,0.5961672526934211,0.2666843445833539,0.4999999999810061
F,0,0.6,1.509170532226562,0.5962295905988366,0.2666837651776307,0.4999999999809421
F,0,0.6,1.514167785644531,0.59629092096073,0.2666832047644661,0.4999999999808782
F,0,0.6,1.5191650390625,0.5963512599182135,0.2666826627211974,0.4999999999808149
F,0,0.6,1.524162292480469,0.5964106233551936,0.266682138445581,0.499999999980751
F,0,0.6,1.529159545898438,0.5964690269043215,0.2666816313551203,0.4999999999806871
F,0,0.6,1.534156799316406,0.5965264859509138,0.2666811408864203,0.4999999999806232
F,0,0.6,1.539154052734375,0.5965830156367854,0.2666806664945603,0.4999999999805594
F,0,0.6,1.544151306152344,0.5966386308640297,0.2666802076524872,0.4999999999804953
F,0,0.6,1.549148559570312,0.5966933462987433,0.26667976385043,0.4999999999804317
F,0,0.6,1.554145812988281,0.5967471763747113,0.2666793345953329,0.4999999999803675
F,0,0.6,1.55914306640625,0.5968001352970047,0.2666789194103082,0.4999999999803041
F,0,0.6,1.564140319824219,0.5968522370455513,0.2666785178341033,0.4999999999802404
F,0,0.6,1.569137573242188,0.5969034953786326,0.2666781294205906,0.4999999999801764
F,0,0.6,1.574134826660156,0.5969539238363403,0.2666777537382692,0.4999999999801125
F,0,0.6,1.579132080078125,0.5970035357439841,0.2666773903697885,0.499999999980049
F,0,0.6,1.584129333496094,0.5970523442154322,0.2666770389114795,0.499999999979985
F,0,0.6,1.589126586914062,0.5971003621563995,0.2666766989729109,0.4999999999799215
F,0,0.6,1.594123840332031,0.5971476022677231,0.2666763701764502,0.4999999999798577
F,0,0.6,1.59912109375,0.5971940770485293,0.2666760521568481,0.4999999999797939
F,0,0.6,1.604118347167969,0.5972397987994045,0.2666757445608301,0.4999999999797302
F,0,0.6,1.609115600585938,0.5972847796254908,0.2666754470467045,0.4999999999796661
F,0,0.6,1.614112854003906,0.5973290314395271,0.2666751592839821,0.4999999999796024
F,0,0.6,1.619110107421875,0.5973725659648792,0.2666748809530097,0.4999999999795385
F,0,0.6,1.624107360839844,0.5974153947384887,0.2666746117446136,0.4999999999794745
F,0,0.6,1.629104614257812,0.5974575291137907,0.2666743513597566,0.4999999999794111
F,0,0.6,1.634101867675781,0.5974989802635834,0.266674099509206,0.499999999979347
F,0,0.6,1.63909912109375,0.5975397591828592,0.2666738559132109,0.4999999999792833
F,0,0.6,1.644096374511719,0.5975798766915986,0.2666736203011924,0.4999999999792196
F,0,0.6,1.649093627929688,0.5976193434374912,0.2666733924114423,0.4999999999791556
F,0,0.6,1.654090881347656,0.5976581698986596,0.2666731719908322,0.4999999999790918
F,0,0.6,1.659088134765625,0.5976963663862928,0.2666729587945327,0.4999999999790277
F,0,0.6,1.664085388183594,0.5977339430472947,0.2666727525857397,0.4999999999789641
F,0,0.6,1.669082641601562,0.5977709098668404,0.2666725531354142,0.4999999999789007
F,0,0.6,1.674079895019531,0.5978072766709154,0.2666723602220242,0.4999999999788366
F,0,0.6,1.6790771484375,0.5978430531288201,0.266672173631301,0.4999999999787725
F,0,0.6,1.684074401855469,0.5978782487556342,0.2666719931560002,0.499999999978709
F,0,0.6,1.689071655273438,0.597912872914638,0.2666718185956711,0.4999999999786451
F,0,0.6,1.694068908691406,0.5979469348196913,0.2666716497564348,0.4999999999785814
F,0,0.6,1.699066162109375,0.5979804435375924,0.2666714864507677,0.4999999999785173
F,0,0.6,1.704063415527344,0.5980134079903914,0.2666713284972938,0.4999999999784538
F,0,0.6,1.709060668945312,0.5980458369576576,0.2666711757205831,0.4999999999783904
F,0,0.6,1.714057922363281,0.5980777390787287,0.2666710279509558,0.4999999999783263
F,0,0.6,1.71905517578125,0.5981091228549243,0.2666708850242955,0.4999999999782623
F,0,0.6,1.724052429199219,0.5981399966517023,0.2666707467818643,0.4999999999781987
F,0,0.6,1.729049682617188,0.598170368700828,0.2666706130701298,0.499999999978135
F,0,0.6,1.734046936035156,0.598200247102449,0.266670483740591,0.499999999978071
F,0,0.6,1.739044189453125,0.5982296398271942,0.2666703586496152,0.4999999999780074
F,0,0.6,1.744041442871094,0.5982585547182028,0.2666702376582785,0.4999999999779432
F,0,0.6,1.749038696289062,0.598286999493152,0.2666701206322099,0.4999999999778793
F,0,0.6,1.754035949707031,0.59831498174621,0.2666700074414446,0.4999999999778154
F,0,0.6,1.759033203125,0.5983425089500141,0.2666698979602772,0.4999999999777517
F,0,0.6,1.764030456542969,0.5983695884575648,0.2666697920671227,0.4999999999776881
F,0,0.6,1.769027709960938,0.5983962275041417,0.2666696896443816,0.4999999999776239
F,0,0.6,1.774024963378906,0.5984224332091393,0.2666695905783096,0.4999999999775598
F,0,0.6,1.779022216796875,0.5984482125779154,0.2666694947588907,0.499999999977496
F,0,0.6,1.784019470214844,0.5984735725035855,0.2666694020797153,0.4999999999774321
F,0,0.6,1.789016723632812,0.5984985197688043,0.2666693124378618,0.4999999999773687
F,0,0.6,1.794013977050781,0.5985230610475046,0.2666692257337814,0.4999999999773047
F,0,0.6,1.79901123046875,0.5985472029066269,0.2666691418711891,0.4999999999772411
F,0,0.6,1.804008483886719,0.5985709518078089,0.2666690607569563,0.4999999999771771
F,0,0.6,1.809005737304688,0.5985943141090476,0.2666689823010062,0.4999999999771131
F,0,0.6,1.814002990722656,0.5986172960663494,0.2666689064162142,0.4999999999770493
F,0,0.6,1.819000244140625,0.5986399038353459,0.2666688330183135,0.4999999999769856
F,0,0.6,1.823997497558594,0.5986621434728819,0.2666687620257969,0.499999999976922
F,0,0.6,1.828994750976562,0.5986840209385778,0.2666686933598307,0.4999999999768582
F,0,0.6,1.833992004394531,0.5987055420963744,0.2666686269441637,0.499999999976794
F,0,0.6,1.8389892578125,0.5987267127160559,0.2666685627050447,0.4999999999767302
F,0,0.6,1.843986511230469,0.5987475384747396,0.2666685005711399,0.4999999999766666
F,0,0.6,1.848983764648438,0.5987680249583367,0.2666684404734536,0.4999999999766027
F,0,0.6,1.853981018066406,0.5987881776630215,0.2666683823452518,0.4999999999765387
F,0,0.6,1.858978271484375,0.5988080019966356,0.266668326121987,0.499999999976475
F,0,0.6,1.863975524902344,0.5988275032801054,0.2666682717412278,0.4999999999764113
F,0,0.6,1.868972778320312,0.5988466867488166,0.2666682191425894,0.499999999976347
F,0,0.6,1.873970031738281,0.598865557553978,0.2666681682676649,0.4999999999762836
F,0,0.6,1.87896728515625,0.5988841207639504,0.2666681190599649,0.4999999999762196
F,0,0.6,1.883964538574219,0.5989023813655741,0.2666680714648474,0.4999999999761562
F,0,0.6,1.888961791992188,0.5989203442654581,0.2666680254294637,0.4999999999760922
F,0,0.6,1.893959045410156,0.5989380142912615,0.2666679809026971,0.4999999999760283
F,0,0.6,1.898956298828125,0.5989553961929566,0.266667937835106,0.4999999999759646
F,0,0.6,1.903953552246094,0.5989724946440398,0.2666678961788693,0.4999999999759006
F,0,0.6,1.908950805664062,0.5989893142427877,0.2666678558877332,0.4999999999758369
F,0,0.6,1.913948059082031,0.5990058595134181,0.2666678169169596,0.4999999999757734
F,0,0.6,1.9189453125,0.5990221349072988,0.2666677792232772,0.4999999999757099
F,0,0.6,1.923942565917969,0.5990381448040827,0.2666677427648326,0.4999999999756459
F,0,0.6,1.928939819335938,0.5990538935128701,0.2666677075011445,0.4999999999755823
F,0,0.6,1.933937072753906,0.5990693852733315,0.2666676733930581,0.4999999999755189
F,0,0.6,1.938934326171875,0.5990846242568045,0.2666676404027018,0.4999999999754549
F,0,0.6,1.943931579589844,0.5990996145673861,0.2666676084934452,0.4999999999753911
F,0,0.6,1.948928833007812,0.5991143602430149,0.2666675776298583,0.4999999999753271
F,0,0.6,1.953926086425781,0.5991288652565233,0.2666675477776737,0.4999999999752636
F,0,0.6,1.95892333984375,0.599143133516669,0.2666675189037448,0.4999999999751995
F,0,0.6,1.963920593261719,0.5991571688691651,0.2666674909760131,0.4999999999751358
F,0,0.6,1.968917846679688,0.5991709750976829,0.2666674639634694,0.4999999999750717
F,0,0.6,1.973915100097656,0.5991845559248478,0.2666674378361223,0.4999999999750077
F,0,0.6,1.978912353515625,0.5991979150132163,0.2666674125649628,0.499999999974944
F,0,0.6,1.983909606933594,0.599211055966224,0.2666673881219318,0.4999999999748802
F,0,0.6,1.988906860351562,0.5992239823291355,0.2666673644798905,0.4999999999748162
F,0,0.6,1.993904113769531,0.5992366975899905,0.2666673416125899,0.4999999999747526
F,0,0.6,1.9989013671875,0.5992492051804976,0.2666673194946403,0.4999999999746889
F,0,0.6,2.003898620605469,0.5992615084769336,0.2666672981014852,0.4999999999746248
F,0,0.6,2.008895874023438,0.5992736108010542,0.2666672774093719,0.4999999999745612
F,0,0.6,2.013893127441406,0.5992855154209511,0.2666672573953268,0.4999999999744971
F,0,0.6,2.018890380859375,0.5992972255519013,0.2666672380371286,0.4999999999744334
F,0,0.6,2.023887634277344,0.5993087443572361,0.2666672193132845,0.4999999999743694
F,0,0.6,2.028884887695312,0.5993200749491489,0.2666672012030071,0.4999999999743059
F,0,0.6,2.033882141113281,0.5993312203895365,0.2666671836861887,0.4999999999742419
F,0,0.6,2.03887939453125,0.5993421836907846,0.2666671667433821,0.4999999999741785
F,0,0.6,2.043876647949219,0.5993529678165773,0.2666671503557748,0.4999999999741139
F,0,0.6,2.048873901367188,0.599363575682665,0.2666671345051748,0.4999999999740509
F,0,0.6,2.053871154785156,0.5993740101576415,0.2666671191739825,0.4999999999739871
F,0,0.6,2.058868408203125,0.5993842740636943,0.2666671043451776,0.4999999999739232
F,0,0.6,2.063865661621094,0.5993943701773563,0.266667090002296,0.4999999999738595
F,0,0.6,2.068862915039062,0.5994043012302268,0.2666670761294142,0.4999999999737952
F,0,0.6,2.073860168457031,0.5994140699097054,0.2666670627111304,0.4999999999737319
F,0,0.6,2.078857421875,0.5994236788596901,0.266667049732547,0.4999999999736681
F,0,0.6,2.083854675292969,0.599433130681276,0.2666670371792549,0.4999999999736045
F,0,0.6,2.088851928710938,0.5994424279334606,0.2666670250373175,0.4999999999735406
F,0,0.6,2.093849182128906,0.5994515731337904,0.2666670132932547,0.4999999999734763
F,0,0.6,2.098846435546875,0.5994605687590516,0.2666670019340282,0.4999999999734128
F,0,0.6,2.103843688964844,0.5994694172459066,0.266666990947027,0.4999999999733488
F,0,0.6,2.108840942382812,0.599478120991554,0.2666669803200531,0.4999999999732851
F,0,0.6,2.113838195800781,0.5994866823543511,0.2666669700413086,0.4999999999732211
F,0,0.6,2.11883544921875,0.5994951036544469,0.266666960099382,0.4999999999731575
F,0,0.6,2.123832702636719,0.5995033871743877,0.2666669504832364,0.4999999999730932
F,0,0.6,2.128829956054688,0.5995115351597216,0.2666669411821952,0.4999999999730297
F,0,0.6,2.133827209472656,0.5995195498196151,0.2666669321859332,0.4999999999729658
F,0,0.6,2.138824462890625,0.5995274333274031,0.2666669234844627,0.4999999999729017
F,0,0.6,2.143821716308594,0.5995351878211951,0.2666669150681235,0.4999999999728378
F,0,0.6,2.148818969726562,0.5995428154044175,0.2666669069275722,0.4999999999727739
F,0,0.6,2.153816223144531,0.5995503181463929,0.2666668990537712,0.4999999999727104
F,0,0.6,2.1588134765625,0.5995576980828753,0.2666668914379796,0.4999999999726466
F,0,0.6,2.163810729980469,0.5995649572166011,0.2666668840717419,0.4999999999725826
F,0,0.6,2.168807983398438,0.5995720975178067,0.2666668769468812,0.4999999999725184
F,0,0.6,2.173805236816406,0.5995791209247762,0.2666668700554873,0.4999999999724546
F,0,0.6,2.178802490234375,0.5995860293443211,0.2666668633899095,0.4999999999723909
F,0,0.6,2.183799743652344,0.5995928246523164,0.2666668569427491,0.4999999999723272
F,0,0.6,2.188796997070312,0.5995995086941831,0.2666668507068473,0.4999999999722634
F,0,0.6,2.193794250488281,0.5996060832853954,0.2666668446752825,0.4999999999721995
F,0,0.6,2.19879150390625,0.5996125502119445,0.2666668388413579,0.4999999999721356
F,0,0.6,2.203788757324219,0.599618911230822,0.2666668331985976,0.4999999999720717
F,0,0.6,2.208786010742188,0.5996251680704914,0.2666668277407371,0.4999999999720079
F,0,0.6,2.213783264160156,0.599631322431341,0.2666668224617174,0.499999999971944
F,0,0.6,2.218780517578125,0.5996373759861375,0.2666668173556787,0.4999999999718807
F,0,0.6,2.223777770996094,0.5996433303804756,0.2666668124169519,0.4999999999718165
F,0,0.6,2.228775024414062,0.5996491872332257,0.2666668076400548,0.4999999999717533
F,0,0.6,2.233772277832031,0.5996549481369364,0.2666668030196839,0.4999999999716894
F,0,0.6,2.23876953125,0.599660614658291,0.2666667985507103,0.4999999999716254
F,0,0.6,2.243766784667969,0.5996661883385025,0.2666667942281733,0.4999999999715614
F,0,0.6,2.248764038085938,0.5996716706937369,0.2666667900472744,0.4999999999714976
F,0,0.6,2.253761291503906,0.5996770632155145,0.2666667860033718,0.4999999999714334
F,0,0.6,2.258758544921875,0.5996823673711063,0.2666667820919762,0.4999999999713699
F,0,0.6,2.263755798339844,0.5996875846039289,0.2666667783087464,0.4999999999713057
F,0,0.6,2.268753051757812,0.599692716333926,0.2666667746494823,0.499999999971242
F,0,0.6,2.273750305175781,0.5996977639579492,0.2666667711101211,0.4999999999711786
F,0,0.6,2.27874755859375,0.5997027288501359,0.2666667676867343,0.4999999999711144
F,0,0.6,2.283744812011719,0.5997076123622617,0.2666667643755218,0.4999999999710512
F,0,0.6,2.288742065429688,0.599712415824123,0.2666667611728075,0.4999999999709869
F,0,0.6,2.293739318847656,0.5997171405438751,0.2666667580750361,0.4999999999709234
F,0,0.6,2.298736572265625,0.599721787808391,0.2666667550787688,0.4999999999708595
F,0,0.6,2.303733825683594,0.5997263588835993,0.2666667521806798,0.4999999999707956
F,0,0.6,2.308731079101562,0.5997308550148327,0.2666667493775516,0.4999999999707319
F,0,0.6,2.313728332519531,0.5997352774271485,0.2666667466662725,0.4999999999706679
F,0,0.6,2.3187255859375,0.5997396273256679,0.2666667440438329,0.4999999999706039
F,0,0.6,2.323722839355469,0.5997439058958951,0.2666667415073219,0.49999999997054
F,0,0.6,2.328720092773438,0.5997481143040246,0.2666667390539234,0.4999999999704761
F,0,0.6,2.333717346191406,0.5997522536972709,0.2666667366809145,0.4999999999704122
F,0,0.6,2.338714599609375,0.5997563252041662,0.2666667343856602,0.4999999999703483
F,0,0.6,2.343711853027344,0.5997603299348622,0.2666667321656134,0.4999999999702846
F,0,0.6,2.348709106445312,0.5997642689814277,0.2666667300183092,0.4999999999702202
F,0,0.6,2.353706359863281,0.5997681434181451,0.2666667279413643,0.4999999999701564
F,0,0.6,2.35870361328125,0.5997719543017977,0.2666667259324735,0.4999999999700928
F,0,0.6,2.363700866699219,0.5997757026719516,0.266666723989406,0.4999999999700289
F,0,0.6,2.368698120117188,0.5997793895512354,0.2666667221100051,0.4999999999699657
F,0,0.6,2.373695373535156,0.5997830159456098,0.2666667202921847,0.4999999999699014
F,0,0.6,2.378692626953125,0.5997865828446526,0.2666667185339273,0.4999999999698373
F,0,0.6,2.383689880371094,0.5997900912218004,0.2666667168332808,0.4999999999697735
F,0,0.6,2.388687133789062,0.5997935420346402,0.2666667151883574,0.4999999999697098
F,0,0.6,2.393684387207031,0.5997969362251304,0.2666667135973315,0.499999999969646
F,0,0.6,2.398681640625,0.5998002747198885,0.2666667120584363,0.4999999999695821
F,0,0.6,2.403678894042969,0.5998035584304174,0.2666667105699646,0.4999999999695184
F,0,0.6,2.408676147460938,0.5998067882533624,0.2666667091302631,0.4999999999694544
F,0,0.6,2.413673400878906,0.5998099650707408,0.2666667077377347,0.4999999999693908
F,0,0.6,2.418670654296875,0.5998130897502009,0.266666706390833,0.499999999969327
F,0,0.6,2.423667907714844,0.5998161631452217,0.2666667050880631,0.4999999999692633
F,0,0.6,2.428665161132812,0.5998191860953738,0.2666667038279788,0.4999999999691998
F,0,0.6,2.433662414550781,0.5998221594265291,0.2666667026091816,0.4999999999691362
F,0,0.6,2.43865966796875,0.5998250839510858,0.2666667014303187,0.4999999999690721
F,0,0.6,2.443656921386719,0.5998279604681929,0.2666667002900807,0.4999999999690082
F,0,0.6,2.448654174804688,0.5998307897639507,0.2666666991872033,0.4999999999689442
F,0,0.6,2.453651428222656,0.5998335726116423,0.266666698120461,0.4999999999688803
F,0,0.6,2.458648681640625,0.5998363097719296,0.2666666970886709,0.4999999999688168
F,0,0.6,2.463645935058594,0.5998390019930564,0.2666666960906868,0.4999999999687533
F,0,0.6,2.468643188476562,0.5998416500110575,0.2666666951254014,0.4999999999686889
F,0,0.6,2.473640441894531,0.5998442545499485,0.2666666941917434,0.4999999999686252
F,0,0.6,2.4786376953125,0.5998468163219327,0.2666666932886759,0.4999999999685611
F,0,0.6,2.483634948730469,0.5998493360275911,0.266666692415197,0.4999999999684973
F,0,0.6,2.488632202148438,0.5998518143560546,0.2666666915703372,0.4999999999684333
F,0,0.6,2.493629455566406,0.5998542519852069,0.2666666907531586,0.4999999999683694
F,0,0.6,2.498626708984375,0.5998566495818598,0.2666666899627541,0.499999999968306
F,0,0.6,2.503623962402344,0.599859007801942,0.2666666891982464,0.4999999999682416
F,0,0.6,2.508621215820312,0.5998613272906675,0.2666666884587869,0.499999999968178
F,0,0.6,2.513618469238281,0.5998636086827022,0.2666666877435551,0.4999999999681146
F,0,0.6,2.51861572265625,0.5998658526023617,0.2666666870517568,0.4999999999680508
F,0,0.6,2.523612976074219,0.5998680596637558,0.2666666863826242,0.4999999999679868
F,0,0.6,2.528610229492188,0.5998702304709591,0.2666666857354148,0.4999999999679232
F,0,0.6,2.533607482910156,0.5998723656181844,0.2666666851094099,0.4999999999678594
F,0,0.6,2.538604736328125,0.5998744656899224,0.2666666845039153,0.4999999999677958
F,0,0.6,2.543601989746094,0.5998765312611287,0.2666666839182581,0.4999999999677317
F,0,0.6,2.548599243164062,0.5998785628973508,0.2666666833517889,0.499999999967668
F,0,0.6,2.553596496582031,0.599880561154901,0.2666666828038785,0.4999999999676039
F,0,0.6,2.55859375,0.5998825265809993,0.2666666822739192,0.4999999999675405
F,0,0.6,2.563591003417969,0.599884459713917,0.2666666817613231,0.4999999999674765
F,0,0.6,2.568588256835938,0.5998863610831299,0.2666666812655204,0.4999999999674121
F,0,0.6,2.573585510253906,0.5998882312094548,0.2666666807859611,0.4999999999673486
F,0,0.6,2.578582763671875,0.5998900706052028,0.2666666803221137,0.4999999999672846
F,0,0.6,2.583580017089844,0.5998918797743042,0.2666666798734623,0.4999999999672204
F,0,0.6,2.588577270507812,0.5998936592124376,0.2666666794395094,0.4999999999671566
F,0,0.6,2.593574523925781,0.5998954094071963,0.2666666790197741,0.4999999999670932
F,0,0.6,2.59857177734375,0.5998971308381911,0.2666666786137895,0.4999999999670292
F,0,0.6,2.603569030761719,0.5998988239771865,0.2666666782211051,0.4999999999669653
F,0,0.6,2.608566284179688,0.5999004892882375,0.2666666778412856,0.4999999999669016
F,0,0.6,2.613563537597656,0.5999021272278021,0.2666666774739093,0.4999999999668375
F,0,0.6,2.618560791015625,0.5999037382448758,0.2666666771185682,0.4999999999667742
F,0,0.6,2.623558044433594,0.5999053227811068,0.2666666767748686,0.4999999999667099
F,0,0.6,2.628555297851562,0.5999068812709298,0.2666666764424284,0.4999999999666463
F,0,0.6,2.633552551269531,0.5999084141416524,0.2666666761208789,0.4999999999665824
F,0,0.6,2.6385498046875,0.599909921813607,0.2666666758098633,0.4999999999665188
F,0,0.6,2.643547058105469,0.5999114047002414,0.2666666755090362,0.4999999999664551
F,0,0.6,2.648544311523438,0.5999128632082406,0.266666675218064,0.4999999999663907
F,0,0.6,2.653541564941406,0.5999142977376299,0.2666666749366239,0.4999999999663273
F,0,0.6,2.658538818359375,0.5999157086818896,0.2666666746644036,0.4999999999662637
F,0,0.6,2.663536071777344,0.5999170964280638,0.2666666744011001,0.4999999999661998
F,0,0.6,2.668533325195312,0.5999184613568601,0.2666666741464221,0.4999999999661356
F,0,0.6,2.673530578613281,0.5999198038427515,0.2666666739000865,0.4999999999660721
F,0,0.6,2.67852783203125,0.5999211242540844,0.2666666736618211,0.4999999999660082
F,0,0.6,2.683525085449219,0.5999224229531703,0.2666666734313598,0.4999999999659447
F,0,0.6,2.688522338867188,0.5999237002963957,0.2666666732084481,0.4999999999658808
F,0,0.6,2.693519592285156,0.5999249566343098,0.2666666729928379,0.4999999999658168
F,0,0.6,2.698516845703125,0.5999261923117188,0.2666666727842903,0.4999999999657531
F,0,0.6,2.703514099121094,0.599927407667791,0.2666666725825738,0.4999999999656889
F,0,0.6,2.708511352539062,0.5999286030361336,0.2666666723874648,0.4999999999656255
F,0,0.6,2.713508605957031,0.5999297787448854,0.2666666721987465,0.4999999999655617
F,0,0.6,2.718505859375,0.5999309351168243,0.2666666720162093,0.499999999965498
F,0,0.6,2.723503112792969,0.5999320724694311,0.2666666718396512,0.4999999999654338
F,0,0.6,2.728500366210938,0.599933191114997,0.2666666716688761,0.4999999999653699
F,0,0.6,2.733497619628906,0.5999342913606824,0.2666666715036942,0.4999999999653064
F,0,0.6,2.738494873046875,0.5999353735086329,0.2666666713439226,0.4999999999652429
F,0,0.6,2.743492126464844,0.5999364378560338,0.2666666711893842,0.499999999965179
F,0,0.6,2.748489379882812,0.5999374846952013,0.2666666710399065,0.4999999999651151
F,0,0.6,2.753486633300781,0.5999385143136691,0.266666670895325,0.4999999999650511
F,0,0.6,2.75848388671875,0.599939526994257,0.2666666707554786,0.4999999999649873
F,0,0.6,2.763481140136719,0.5999405230151537,0.2666666706202125,0.4999999999649237
F,0,0.6,2.768478393554688,0.5999415026499786,0.2666666704893759,0.4999999999648601
F,0,0.6,2.773475646972656,0.5999424661678822,0.2666666703628238,0.4999999999647961
F,0,0.6,2.778472900390625,0.5999434138335896,0.2666666702404163,0.4999999999647319
F,0,0.6,2.783470153808594,0.5999443459074928,0.2666666701220176,0.4999999999646682
F,0,0.6,2.788467407226562,0.5999452626457203,0.2666666700074961,0.4999999999646046
F,0,0.6,2.793464660644531,0.5999461643001989,0.2666666698967252,0.4999999999645406
F,0,0.6,2.7984619140625,0.5999470511187268,0.266666669789581,0.4999999999644766
F,0,0.6,2.803459167480469,0.5999479233450414,0.2666666696859456,0.4999999999644125
F,0,0.6,2.808456420898438,0.5999487812188794,0.2666666695857032,0.4999999999643488
F,0,0.6,2.813453674316406,0.5999496249760526,0.2666666694887437,0.4999999999642852
F,0,0.6,2.818450927734375,0.5999504548485025,0.2666666693949591,0.4999999999642212
F,0,0.6,2.823448181152344,0.5999512710643699,0.266666669304245,0.4999999999641578
F,0,0.6,2.828445434570312,0.5999520738480612,0.2666666692165009,0.4999999999640934
F,0,0.6,2.833442687988281,0.5999528634202913,0.2666666691316296,0.4999999999640294
F,0,0.6,2.83843994140625,0.5999536399981642,0.2666666690495368,0.4999999999639652
F,0,0.6,2.843437194824219,0.5999544037952177,0.2666666689701318,0.4999999999639017
F,0,0.6,2.848434448242188,0.5999551550214918,0.2666666688933267,0.4999999999638378
F,0,0.6,2.853431701660156,0.5999558938835804,0.2666666688190358,0.4999999999637742
F,0,0.6,2.858428955078125,0.5999566205846915,0.2666666687471771,0.4999999999637101
F,0,0.6,2.863426208496094,0.599957335324699,0.2666666686776702,0.4999999999636461
F,0,0.6,2.868423461914062,0.599958038300198,0.2666666686104388,0.4999999999635826
F,0,0.6,2.873420715332031,0.5999587297045488,0.2666666685454077,0.4999999999635181
F,0,0.6,2.87841796875,0.5999594097279561,0.2666666684825057,0.4999999999634542
F,0,0.6,2.883415222167969,0.5999600785574966,0.2666666684216626,0.4999999999633909
F,0,0.6,2.888412475585938,0.5999607363771809,0.2666666683628107,0.4999999999633271
F,0,0.6,2.893409729003906,0.5999613833679931,0.2666666683058852,0.4999999999632634
F,0,0.6,2.898406982421875,0.5999620197079565,0.2666666682508225,0.4999999999631995
F,0,0.6,2.903404235839844,0.5999626455721647,0.2666666681975615,0.4999999999631351
F,0,0.6,2.908401489257812,0.5999632611328531,0.2666666681460428,0.499999999963071
F,0,0.6,2.913398742675781,0.5999638665594129,0.2666666680962106,0.499999999963007
F,0,0.6,2.91839599609375,0.5999644620184653,0.2666666680480089,0.4999999999629425
F,0,0.6,2.923393249511719,0.5999650476738951,0.2666666680013843,0.4999999999628786
F,0,0.6,2.928390502929688,0.5999656236869024,0.2666666679562857,0.4999999999628156
F,0,0.6,2.933387756347656,0.599966190216025,0.2666666679126625,0.4999999999627519
F,0,0.6,2.938385009765625,0.5999667474172196,0.2666666678704664,0.4999999999626879
F,0,0.6,2.943382263183594,0.5999672954438733,0.2666666678296503,0.499999999962624
F,0,0.6,2.948379516601562,0.5999678344468581,0.2666666677901695,0.4999999999625599
F,0,0.6,2.953376770019531,0.5999683645745649,0.2666666677519797,0.4999999999624959
F,0,0.6,2.9583740234375,0.5999688859729502,0.266666667715039,0.4999999999624319
F,0,0.6,2.963371276855469,0.5999693987855765,0.2666666676793067,0.4999999999623677
F,0,0.6,2.968368530273438,0.5999699031536461,0.266666667644743,0.4999999999623039
F,0,0.6,2.973365783691406,0.5999703992160466,0.2666666676113101,0.4999999999622404
F,0,0.6,2.978363037109375,0.5999708871093826,0.2666666675789705,0.4999999999621766
F,0,0.6,2.983360290527344,0.5999713669680209,0.2666666675476883,0.499999999962113
F,0,0.6,2.988357543945312,0.599971838924113,0.2666666675174287,0.4999999999620495
F,0,0.6,2.993354797363281,0.5999723031076534,0.2666666674881583,0.4999999999619859
F,0,0.6,2.99835205078125,0.5999727596464901,0.2666666674598445,0.4999999999619221
F,0,0.6,3.003349304199219,0.5999732086663747,0.2666666674324559,0.4999999999618576
F,0,0.6,3.008346557617188,0.5999736502909956,0.2666666674059625,0.4999999999617934
F,0,0.6,3.013343811035156,0.5999740846420097,0.2666666673803347,0.4999999999617291
F,0,0.6,3.018341064453125,0.5999745118390735,0.2666666673555445,0.4999999999616648
F,0,0.6,3.023338317871094,0.5999749319998778,0.2666666673315644,0.4999999999616007
F,0,0.6,3.028335571289062,0.5999753452401843,0.2666666673083685,0.4999999999615369
F,0,0.6,3.033332824707031,0.599975751673849,0.2666666672859301,0.4999999999614734
F,0,0.6,3.038330078125,0.5999761514128644,0.2666666672642252,0.4999999999614099
F,0,0.6,3.043327331542969,0.5999765445673761,0.2666666672432292,0.4999999999613464
F,0,0.6,3.048324584960938,0.5999769312457199,0.2666666672229192,0.499999999961283
F,0,0.6,3.053321838378906,0.5999773115544619,0.2666666672032721,0.4999999999612199
F,0,0.6,3.058319091796875,0.599977685598406,0.2666666671842661,0.4999999999611555
F,0,0.6,3.063316345214844,0.5999780534806414,0.2666666671658809,0.4999999999610921
F,0,0.6,3.068313598632812,0.5999784153025608,0.2666666671480956,0.4999999999610276
F,0,0.6,3.073310852050781,0.5999787711638916,0.2666666671308906,0.4999999999609639
F,0,0.6,3.07830810546875,0.59997912116272,0.2666666671142469,0.4999999999608996
F,0,0.6,3.083305358886719,0.5999794653955219,0.2666666670981461,0.4999999999608351
F,0,0.6,3.088302612304688,0.5999798039571926,0.2666666670825713,0.4999999999607707
F,0,0.6,3.093299865722656,0.5999801369410597,0.2666666670675037,0.4999999999607067
F,0,0.6,3.098297119140625,0.5999804644389236,0.2666666670529286,0.4999999999606427
F,0,0.6,3.103294372558594,0.5999807865410731,0.2666666670388287,0.4999999999605789
F,0,0.6,3.108291625976562,0.5999811033363124,0.2666666670251888,0.4999999999605153
F,0,0.6,3.113288879394531,0.5999814149119916,0.2666666670119934,0.4999999999604513
F,0,0.6,3.1182861328125,0.5999817213540185,0.2666666669992287,0.4999999999603882
F,0,0.6,3.123283386230469,0.5999820227468934,0.2666666669868797,0.4999999999603246
F,0,0.6,3.128280639648438,0.5999823191737275,0.2666666669749329,0.4999999999602613
F,0,0.6,3.133277893066406,0.599982610716257,0.2666666669633764,0.4999999999601981
F,0,0.6,3.138275146484375,0.5999828974548962,0.2666666669521954,0.4999999999601342
F,0,0.6,3.143272399902344,0.5999831794687107,0.2666666669413784,0.4999999999600704
F,0,0.6,3.148269653320312,0.5999834568354843,0.2666666669309136,0.4999999999600065
F,0,0.6,3.153266906738281,0.5999837296317161,0.2666666669207893,0.4999999999599425
F,0,0.6,3.15826416015625,0.5999839979326502,0.2666666669109947,0.499999999959879
F,0,0.6,3.163261413574219,0.59998426181229,0.2666666669015182,0.4999999999598146
F,0,0.6,3.168258666992188,0.5999845213434236,0.26666666689235,0.4999999999597504
F,0,0.6,3.173255920410156,0.5999847765976413,0.26666666688348,0.4999999999596859
F,0,0.6,3.178253173828125,0.5999850276453585,0.2666666668748984,0.4999999999596216
F,0,0.6,3.183250427246094,0.5999852745558342,0.2666666668665953,0.4999999999595574
F,0,0.6,3.188247680664062,0.599985517397186,0.2666666668585625,0.4999999999594931
F,0,0.6,3.193244934082031,0.5999857562364148,0.266666666850791,0.4999999999594291
F,0,0.6,3.1982421875,0.5999859911394055,0.2666666668432718,0.4999999999593651
F,0,0.6,3.203239440917969,0.5999862221709746,0.266666666835997,0.4999999999593011
F,0,0.6,3.208236694335938,0.5999864493948814,0.2666666668289581,0.4999999999592376
F,0,0.6,3.213233947753906,0.5999866728738176,0.2666666668221481,0.4999999999591743
F,0,0.6,3.218231201171875,0.5999868926694466,0.2666666668155591,0.4999999999591108
F,0,0.6,3.223228454589844,0.5999871088424233,0.266666666809184,0.4999999999590475
F,0,0.6,3.228225708007812,0.599987321452406,0.2666666668030154,0.4999999999589836
F,0,0.6,3.233222961425781,0.5999875305580648,0.2666666667970465,0.4999999999589208
F,0,0.6,3.23822021484375,0.5999877362171118,0.2666666667912716,0.4999999999588577
F,0,0.6,3.243217468261719,0.5999879384863037,0.2666666667856835,0.4999999999587947
F,0,0.6,3.248214721679688,0.5999881374214728,0.2666666667802761,0.4999999999587313
F,0,0.6,3.253211975097656,0.5999883330775252,0.2666666667750434,0.4999999999586673
F,0,0.6,3.258209228515625,0.5999885255084699,0.2666666667699797,0.4999999999586037
F,0,0.6,3.263206481933594,0.5999887147674174,0.2666666667650799,0.4999999999585403
F,0,0.6,3.268203735351562,0.5999889009066127,0.2666666667603382,0.4999999999584763
F,0,0.6,3.273200988769531,0.5999890839774379,0.2666666667557495,0.4999999999584125
F,0,0.6,3.2781982421875,0.5999892640304345,0.2666666667513092,0.4999999999583483
F,0,0.6,3.283195495605469,0.5999894411153065,0.2666666667470118,0.4999999999582845
F,0,0.6,3.288192749023438,0.5999896152809365,0.2666666667428523,0.4999999999582204
F,0,0.6,3.293190002441406,0.5999897865754213,0.2666666667388273,0.4999999999581564
F,0,0.6,3.298187255859375,0.5999899550460502,0.2666666667349323,0.4999999999580919
F,0,0.6,3.303184509277344,0.5999901207393381,0.2666666667311621,0.4999999999580274
F,0,0.6,3.308181762695312,0.5999902837010352,0.2666666667275133,0.499999999957963
F,0,0.6,3.313179016113281,0.5999904439761368,0.2666666667239814,0.4999999999578983
F,0,0.6,3.31817626953125,0.5999906016088988,0.2666666667205629,0.4999999999578337
F,0,0.6,3.323173522949219,0.5999907566428546,0.2666666667172544,0.4999999999577696
F,0,0.6,3.328170776367188,0.5999909091208101,0.2666666667140525,0.4999999999577052
F,0,0.6,3.333168029785156,0.5999910590848757,0.2666666667109535,0.4999999999576415
F,0,0.6,3.338165283203125,0.5999912065764654,0.2666666667079539,0.4999999999575775
F,0,0.6,3.343162536621094,0.5999913516363123,0.2666666667050503,0.4999999999575139
F,0,0.6,3.348159790039062,0.5999914943044828,0.2666666667022398,0.49999999995745
F,0,0.6,3.353157043457031,0.5999916346203742,0.2666666666995188,0.4999999999573859
F,0,0.6,3.358154296875,0.5999917726227485,0.2666666666968845,0.499999999957322
F,0,0.6,3.363151550292969,0.5999919083497196,0.266666666694335,0.4999999999572583
F,0,0.6,3.368148803710938,0.5999920418387731,0.2666666666918666,0.4999999999571946
F,0,0.6,3.373146057128906,0.5999921731267842,0.2666666666894771,0.4999999999571308
F,0,0.6,3.378143310546875,0.5999923022500235,0.2666666666871637,0.4999999999570674
F,0,0.6,3.383140563964844,0.599992429244153,0.2666666666849238,0.4999999999570039
F,0,0.6,3.388137817382812,0.5999925541442581,0.2666666666827556,0.4999999999569408
F,0,0.6,3.393135070800781,0.5999926769848426,0.266666666680656,0.4999999999568771
F,0,0.6,3.39813232421875,0.5999927977998433,0.2666666666786226,0.499999999956814
F,0,0.6,3.403129577636719,0.5999929166226375,0.2666666666766539,0.4999999999567505
F,0,0.6,3.408126831054688,0.5999930334860523,0.2666666666747479,0.499999999956688
F,0,0.6,3.413124084472656,0.5999931484223751,0.2666666666729021,0.4999999999566246
F,0,0.6,3.418121337890625,0.5999932614633633,0.2666666666711144,0.4999999999565615
F,0,0.6,3.423118591308594,0.5999933726402523,0.2666666666693828,0.4999999999564981
F,0,0.6,3.428115844726562,0.5999934819837568,0.2666666666677061,0.4999999999564346
F,0,0.6,3.433113098144531,0.5999935895240948,0.2666666666660817,0.4999999999563715
F,0,0.6,3.4381103515625,0.5999936952909768,0.2666666666645084,0.4999999999563081
F,0,0.6,3.443107604980469,0.5999937993136361,0.2666666666629843,0.4999999999562443
F,0,0.6,3.448104858398438,0.5999939016208132,0.2666666666615081,0.4999999999561811
F,0,0.6,3.453102111816406,0.5999940022407834,0.2666666666600776,0.4999999999561172
F,0,0.6,3.458099365234375,0.5999941012013498,0.2666666666586919,0.4999999999560538
F,0,0.6,3.463096618652344,0.5999941985298636,0.2666666666573494,0.4999999999559901
F,0,0.6,3.468093872070312,0.599994294253222,0.2666666666560487,0.4999999999559266
F,0,0.6,3.473091125488281,0.5999943883978803,0.2666666666547882,0.4999999999558628
F,0,0.6,3.47808837890625,0.5999944809898582,0.2666666666535671,0.4999999999557992
F,0,0.6,3.483085632324219,0.5999945720547485,0.2666666666523836,0.4999999999557354
F,0,0.6,3.488082885742188,0.5999946616177223,0.2666666666512363,0.499999999955672
F,0,0.6,3.493080139160156,0.5999947497035291,0.2666666666501246,0.499999999955608
F,0,0.6,3.498077392578125,0.5999948363365258,0.2666666666490468,0.4999999999555438
F,0,0.6,3.503074645996094,0.5999949215406528,0.2666666666480022,0.4999999999554801
F,0,0.6,3.508071899414062,0.5999950053394663,0.2666666666469892,0.4999999999554158
F,0,0.6,3.513069152832031,0.5999950877561281,0.2666666666460076,0.4999999999553513
F,0,0.6,3.51806640625,0.5999951688134239,0.2666666666450553,0.4999999999552872
F,0,0.6,3.523063659667969,0.5999952485337576,0.2666666666441322,0.4999999999552233
F,0,0.6,3.528060913085938,0.5999953269391712,0.2666666666432373,0.4999999999551591
F,0,0.6,3.533058166503906,0.5999954040513399,0.2666666666423693,0.4999999999550949
F,0,0.6,3.538055419921875,0.5999954798915792,0.2666666666415274,0.4999999999550306
F,0,0.6,3.543052673339844,0.5999955544808603,0.2666666666407107,0.4999999999549664
F,0,0.6,3.548049926757812,0.5999956278398058,0.2666666666399184,0.4999999999549014
F,0,0.6,3.553047180175781,0.5999956999886987,0.26666666663915,0.4999999999548373
F,0,0.6,3.55804443359375,0.5999957709474839,0.266666666638404,0.4999999999547728
F,0,0.6,3.563041687011719,0.5999958407357823,0.2666666666376806,0.4999999999547083
F,0,0.6,3.568038940429688,0.5999959093728916,0.2666666666369786,0.4999999999546434
F,0,0.6,3.573036193847656,0.599995976877793,0.2666666666362972,0.4999999999545792
F,0,0.6,3.578033447265625,0.599996043269147,0.266666666635636,0.4999999999545144
F,0,0.6,3.583030700683594,0.5999961085653169,0.2666666666349942,0.4999999999544499
F,0,0.6,3.588027954101562,0.5999961727843582,0.2666666666343714,0.4999999999543853
F,0,0.6,3.593025207519531,0.599996235944026,0.2666666666337668,0.4999999999543214
F,0,0.6,3.5980224609375,0.5999962980617899,0.2666666666331795,0.4999999999542573
F,0,0.6,3.603019714355469,0.5999963591548244,0.2666666666326099,0.499999999954193
F,0,0.6,3.608016967773438,0.5999964192400294,0.2666666666320564,0.4999999999541286
F,0,0.6,3.613014221191406,0.5999964783340211,0.2666666666315188,0.499999999954065
F,0,0.6,3.618011474609375,0.5999965364531424,0.2666666666309966,0.4999999999540006
F,0,0.6,3.623008728027344,0.5999965936134659,0.2666666666304893,0.4999999999539368
F,0,0.6,3.628005981445312,0.5999966498308001,0.2666666666299968,0.4999999999538726
F,0,0.6,3.633003234863281,0.5999967051206934,0.266666666629518,0.4999999999538089
F,0,0.6,3.63800048828125,0.5999967594984451,0.266666666629053,0.4999999999537451
F,0,0.6,3.642997741699219,0.5999968129790875,0.2666666666286007,0.4999999999536814
F,0,0.6,3.647994995117188,0.5999968655774162,0.2666666666281605,0.4999999999536172
F,0,0.6,3.652992248535156,0.5999969173079804,0.2666666666277329,0.4999999999535538
F,0,0.6,3.657989501953125,0.5999969681850889,0.2666666666273169,0.4999999999534894
F,0,0.6,3.662986755371094,0.5999970182228136,0.2666666666269124,0.4999999999534254
F,0,0.6,3.667984008789062,0.5999970674350013,0.2666666666265189,0.499999999953361
F,0,0.6,3.672981262207031,0.5999971158352654,0.2666666666261365,0.4999999999532975
F,0,0.6,3.677978515625,0.5999971634369839,0.2666666666257638,0.4999999999532333
F,0,0.6,3.682975769042969,0.5999972102533321,0.2666666666254014,0.4999999999531697
F,0,0.6,3.687973022460938,0.5999972562972643,0.2666666666250488,0.4999999999531057
F,0,0.6,3.692970275878906,0.5999973015815152,0.2666666666247056,0.499999999953042
F,0,0.6,3.697967529296875,0.5999973461186154,0.266666666624371,0.4999999999529782
F,0,0.6,3.702964782714844,0.5999973899208815,0.2666666666240452,0.4999999999529142
F,0,0.6,3.707962036132812,0.5999974330004365,0.2666666666237285,0.4999999999528507
F,0,0.6,3.712959289550781,0.5999974753691971,0.2666666666234198,0.4999999999527874
F,0,0.6,3.71795654296875,0.5999975170388866,0.2666666666231189,0.4999999999527235
F,0,0.6,3.722953796386719,0.5999975580210344,0.2666666666228258,0.49999999995266
F,0,0.6,3.727951049804688,0.5999975983269807,0.2666666666225397,0.4999999999525967
F,0,0.6,3.732948303222656,0.5999976379678748,0.2666666666222611,0.4999999999525328
F,0,0.6,3.737945556640625,0.599997676954686,0.2666666666219893,0.4999999999524696
F,0,0.6,3.742942810058594,0.5999977152982039,0.2666666666217243,0.4999999999524061
F,0,0.6,3.747940063476562,0.5999977530090373,0.2666666666214656,0.4999999999523426
F,0,0.6,3.752937316894531,0.5999977900976219,0.2666666666212133,0.4999999999522791
F,0,0.6,3.7579345703125,0.5999978265742202,0.2666666666209667,0.4999999999522149
F,0,0.6,3.762931823730469,0.5999978624489244,0.2666666666207264,0.4999999999521516
F,0,0.6,3.767929077148438,0.5999978977316621,0.2666666666204915,0.499999999952088
F,0,0.6,3.772926330566406,0.599997932432199,0.2666666666202619,0.4999999999520245
F,0,0.6,3.777923583984375,0.5999979665601367,0.2666666666200379,0.4999999999519608
F,0,0.6,3.782920837402344,0.5999980001249163,0.2666666666198185,0.4999999999518964
F,0,0.6,3.787918090820312,0.5999980331358321,0.2666666666196045,0.4999999999518334
F,0,0.6,3.792915344238281,0.5999980656020202,0.2666666666193955,0.4999999999517702
F,0,0.6,3.79791259765625,0.5999980975324634,0.2666666666191911,0.4999999999517061
F,0,0.6,3.802909851074219,0.5999981289359978,0.2666666666189912,0.4999999999516432
F,0,0.6,3.807907104492188,0.5999981598213147,0.2666666666187957,0.4999999999515799
F,0,0.6,3.812904357910156,0.5999981901969653,0.2666666666186042,0.4999999999515162
F,0,0.6,3.817901611328125,0.5999982200713539,0.266666666618417,0.4999999999514531
F,0,0.6,3.822898864746094,0.5999982494527466,0.2666666666182336,0.4999999999513896
F,0,0.6,3.827896118164062,0.5999982783492811,0.2666666666180545,0.4999999999513265
F,0,0.6,3.832893371582031,0.5999983067689517,0.2666666666178786,0.4999999999512637
F,0,0.6,3.837890625,0.5999983347196266,0.2666666666177067,0.4999999999512004
F,0,0.6,3.842887878417969,0.5999983622090423,0.2666666666175379,0.4999999999511375
F,0,0.6,3.847885131835938,0.5999983892448074,0.2666666666173725,0.4999999999510742
F,0,0.6,3.852882385253906,0.5999984158344059,0.2666666666172105,0.4999999999510109
F,0,0.6,3.857879638671875,0.5999984419851961,0.2666666666170512,0.499999999950948
F,0,0.6,3.862876892089844,0.5999984677044177,0.2666666666168953,0.4999999999508848
F,0,0.6,3.867874145507812,0.5999984929991923,0.2666666666167422,0.4999999999508214
F,0,0.6,3.872871398925781,0.5999985178765207,0.2666666666165921,0.4999999999507591
F,0,0.6,3.87786865234375,0.5999985423432893,0.2666666666164448,0.4999999999506959
F,0,0.6,3.882865905761719,0.5999985664062746,0.2666666666162999,0.4999999999506327
F,0,0.6,3.887863159179688,0.5999985900721323,0.2666666666161575,0.4999999999505697
F,0,0.6,3.892860412597656,0.5999986133474127,0.2666666666160177,0.4999999999505069
F,0,0.6,3.897857666015625,0.5999986362385646,0.2666666666158802,0.4999999999504439
F,0,0.6,3.902854919433594,0.5999986587519233,0.266666666615745,0.499999999950381
F,0,0.6,3.907852172851562,0.5999986808937227,0.2666666666156119,0.4999999999503176
F,0,0.6,3.912849426269531,0.5999987026700934,0.2666666666154813,0.4999999999502548
F,0,0.6,3.9178466796875,0.5999987240870619,0.2666666666153523,0.4999999999501917
F,0,0.6,3.922843933105469,0.5999987451505585,0.2666666666152254,0.4999999999501286
F,0,0.6,3.927841186523438,0.5999987658664113,0.266666666615101,0.499999999950065
F,0,0.6,3.932838439941406,0.5999987862403647,0.266666666614978,0.4999999999500024
F,0,0.6,3.937835693359375,0.5999988062780548,0.2666666666148567,0.4999999999499391
F,0,0.6,3.942832946777344,0.5999988259850282,0.2666666666147373,0.4999999999498758
F,0,0.6,3.947830200195312,0.5999988453667406,0.2666666666146197,0.4999999999498128
F,0,0.6,3.952827453613281,0.5999988644285641,0.2666666666145034,0.4999999999497496
F,0,0.6,3.95782470703125,0.5999988831757733,0.266666666614389,0.4999999999496865
F,0,0.6,3.962821960449219,0.5999989016135585,0.2666666666142762,0.4999999999496235
F,0,0.6,3.967819213867188,0.5999989197470285,0.2666666666141648,0.4999999999495602
F,0,0.6,3.972816467285156,0.5999989375811992,0.2666666666140545,0.4999999999494968
F,0,0.6,3.977813720703125,0.5999989551210106,0.2666666666139457,0.4999999999494336
F,0,0.6,3.982810974121094,0.5999989723713199,0.2666666666138385,0.4999999999493706
F,0,0.6,3.987808227539062,0.5999989893369044,0.2666666666137325,0.499999999949307
F,0,0.6,3.992805480957031,0.5999990060224618,0.2666666666136271,0.4999999999492433
F,0,0.6,3.997802734375,0.5999990224326122,0.2666666666135239,0.4999999999491802
F,0,0.6,4.002799987792969,0.5999990385719036,0.2666666666134213,0.499999999949117
F,0,0.6,4.007797241210938,0.5999990544448009,0.2666666666133199,0.4999999999490535
F,0,0.6,4.012794494628906,0.5999990700556987,0.2666666666132191,0.4999999999489899
F,0,0.6,4.017791748046875,0.599999085408924,0.2666666666131198,0.4999999999489263
F,0,0.6,4.022789001464844,0.599999100508728,0.2666666666130217,0.4999999999488624
F,0,0.6,4.027786254882812,0.5999991153592876,0.2666666666129244,0.4999999999487996
F,0,0.6,4.032783508300781,0.5999991299647248,0.2666666666128283,0.4999999999487361
F,0,0.6,4.03778076171875,0.5999991443290775,0.2666666666127328,0.4999999999486722
F,0,0.6,4.042778015136719,0.5999991584563261,0.2666666666126383,0.4999999999486085
F,0,0.6,4.047775268554688,0.5999991723503822,0.2666666666125449,0.499999999948545
F,0,0.6,4.052772521972656,0.5999991860150945,0.266666666612452,0.4999999999484818
F,0,0.6,4.057769775390625,0.5999991994542478,0.2666666666123602,0.4999999999484183
F,0,0.6,4.062767028808594,0.5999992126715635,0.2666666666122691,0.4999999999483553
F,0,0.6,4.067764282226562,0.5999992256706994,0.2666666666121791,0.4999999999482915
F,0,0.6,4.072761535644531,0.5999992384552646,0.2666666666120893,0.4999999999482278
F,0,0.6,4.0777587890625,0.599999251028793,0.2666666666120007,0.499999999948165
F,0,0.6,4.082756042480469,0.5999992633947687,0.2666666666119126,0.4999999999481016
F,0,0.6,4.087753295898438,0.599999275556618,0.2666666666118252,0.4999999999480378
F,0,0.6,4.092750549316406,0.5999992875177057,0.266666666611738,0.4999999999479746
F,0,0.6,4.097747802734375,0.5999992992813497,0.2666666666116517,0.4999999999479108
F,0,0.6,4.102745056152344,0.5999993108508073,0.266666666611566,0.4999999999478475
F,0,0.6,4.107742309570312,0.5999993222292825,0.2666666666114811,0.4999999999477833
F,0,0.6,4.112739562988281,0.5999993334199271,0.2666666666113963,0.4999999999477202
F,0,0.6,4.11773681640625,0.5999993444258396,0.2666666666113119,0.4999999999476565
F,0,0.6,4.122734069824219,0.5999993552500691,0.2666666666112286,0.4999999999475928
F,0,0.6,4.127731323242188,0.5999993658956144,0.2666666666111457,0.4999999999475291
F,0,0.6,4.132728576660156,0.5999993763654237,0.2666666666110631,0.499999999947466
F,0,0.6,4.137725830078125,0.5999993866624034,0.2666666666109812,0.4999999999474021
F,0,0.6,4.142723083496094,0.5999993967893957,0.2666666666108997,0.4999999999473386
F,0,0.6,4.147720336914062,0.59999940674921,0.2666666666108183,0.4999999999472752
F,0,0.6,4.152717590332031,0.5999994165446064,0.2666666666107378,0.4999999999472113
F,0,0.6,4.15771484375,0.5999994261782984,0.2666666666106576,0.4999999999471481
F,0,0.6,4.162712097167969,0.599999435652954,0.2666666666105778,0.4999999999470841
F,0,0.6,4.167709350585938,0.5999994449711987,0.2666666666104982,0.4999999999470205
F,0,0.6,4.172706604003906,0.599999454135614,0.2666666666104194,0.499999999946957
F,0,0.6,4.177703857421875,0.5999994631487359,0.2666666666103408,0.4999999999468939
F,0,0.6,4.182701110839844,0.5999994720130652,0.2666666666102624,0.4999999999468298
F,0,0.6,4.187698364257812,0.5999994807310564,0.2666666666101843,0.4999999999467663
F,0,0.6,4.192695617675781,0.5999994893051243,0.266666666610107,0.4999999999467031
F,0,0.6,4.19769287109375,0.5999994977376462,0.2666666666100296,0.4999999999466398
F,0,0.6,4.202690124511719,0.5999995060309555,0.2666666666099527,0.499999999946576
F,0,0.6,4.207687377929688,0.5999995141873508,0.2666666666098759,0.4999999999465131
F,0,0.6,4.212684631347656,0.5999995222090926,0.2666666666098,0.4999999999464491
F,0,0.6,4.217681884765625,0.599999530098404,0.2666666666097237,0.4999999999463852
F,0,0.6,4.222679138183594,0.5999995378574717,0.2666666666096479,0.4999999999463221
F,0,0.6,4.227676391601562,0.5999995454884401,0.2666666666095722,0.499999999946259
F,0,0.6,4.232673645019531,0.5999995529934276,0.2666666666094971,0.4999999999461947
F,0,0.6,4.2376708984375,0.5999995603745126,0.2666666666094221,0.4999999999461312
F,0,0.6,4.242668151855469,0.5999995676337394,0.2666666666093475,0.4999999999460685
F,0,0.6,4.247665405273438,0.5999995747731209,0.2666666666092729,0.4999999999460046
F,0,0.6,4.252662658691406,0.5999995817946345,0.2666666666091984,0.4999999999459406
F,0,0.6,4.257659912109375,0.5999995887002254,0.2666666666091241,0.4999999999458776
F,0,0.6,4.262657165527344,0.5999995954918075,0.2666666666090499,0.4999999999458137
F,0,0.6,4.267654418945312,0.5999996021712637,0.2666666666089763,0.4999999999457503
F,0,0.6,4.272651672363281,0.5999996087404432,0.2666666666089029,0.499999999945687
F,0,0.6,4.27764892578125,0.5999996152011654,0.2666666666088292,0.4999999999456231
F,0,0.6,4.282646179199219,0.5999996215552229,0.266666666608756,0.4999999999455592
F,0,0.6,4.287643432617188,0.5999996278043749,0.266666666608683,0.4999999999454957
F,0,0.6,4.292640686035156,0.5999996339503524,0.2666666666086098,0.4999999999454321
F,0,0.6,4.297637939453125,0.5999996399948587,0.2666666666085372,0.4999999999453688
F,0,0.6,4.302635192871094,0.5999996459395709,0.2666666666084646,0.4999999999453048
F,0,0.6,4.307632446289062,0.5999996517861337,0.2666666666083919,0.499999999945241
F,0,0.6,4.312629699707031,0.5999996575361681,0.2666666666083199,0.4999999999451775
F,0,0.6,4.317626953125,0.5999996631912693,0.2666666666082477,0.4999999999451133
F,0,0.6,4.322624206542969,0.5999996687530004,0.2666666666081754,0.4999999999450501
F,0,0.6,4.327621459960938,0.5999996742229075,0.2666666666081037,0.4999999999449863
F,0,0.6,4.332618713378906,0.5999996796025019,0.2666666666080317,0.4999999999449224
F,0,0.6,4.337615966796875,0.5999996848932769,0.2666666666079601,0.4999999999448592
F,0,0.6,4.342613220214844,0.5999996900966968,0.2666666666078884,0.4999999999447949
F,0,0.6,4.347610473632812,0.599999695214204,0.2666666666078168,0.4999999999447313
F,0,0.6,4.352607727050781,0.5999997002472204,0.2666666666077455,0.4999999999446677
F,0,0.6,4.35760498046875,0.5999997051971366,0.2666666666076746,0.4999999999446049
F,0,0.6,4.362602233886719,0.5999997100653237,0.2666666666076032,0.4999999999445403
F,0,0.6,4.367599487304688,0.599999714853134,0.2666666666075324,0.4999999999444768
F,0,0.6,4.372596740722656,0.599999719561893,0.2666666666074614,0.4999999999444133
F,0,0.6,4.377593994140625,0.5999997241929061,0.2666666666073908,0.4999999999443495
F,0,0.6,4.382591247558594,0.5999997287474559,0.2666666666073199,0.4999999999442858
F,0,0.6,4.387588500976562,0.5999997332268061,0.2666666666072494,0.4999999999442219
F,0,0.6,4.392585754394531,0.5999997376321962,0.2666666666071787,0.4999999999441582
F,0,0.6,4.3975830078125,0.5999997419648483,0.2666666666071082,0.4999999999440943
F,0,0.6,4.402580261230469,0.5999997462259635,0.2666666666070377,0.4999999999440309
F,0,0.6,4.407577514648438,0.5999997504167223,0.2666666666069673,0.4999999999439668
F,0,0.6,4.412574768066406,0.5999997545382871,0.2666666666068969,0.499999999943903
F,0,0.6,4.417572021484375,0.599999758591797,0.2666666666068268,0.4999999999438396
F,0,0.6,4.422569274902344,0.5999997625783776,0.2666666666067566,0.4999999999437755
F,0,0.6,4.427566528320312,0.5999997664991343,0.2666666666066863,0.499999999943712
F,0,0.6,4.432563781738281,0.5999997703551525,0.2666666666066163,0.4999999999436478
F,0,0.6,4.43756103515625,0.5999997741475017,0.2666666666065463,0.4999999999435841
F,0,0.6,4.442558288574219,0.5999997778772345,0.2666666666064765,0.4999999999435202
F,0,0.6,4.447555541992188,0.5999997815453827,0.2666666666064065,0.4999999999434566
F,0,0.6,4.452552795410156,0.5999997851529619,0.2666666666063366,0.4999999999433923
F,0,0.6,4.457550048828125,0.5999997887009739,0.2666666666062668,0.4999999999433288
F,0,0.6,4.462547302246094,0.5999997921904021,0.2666666666061971,0.4999999999432649
F,0,0.6,4.467544555664062,0.5999997956222135,0.2666666666061277,0.4999999999432012
F,0,0.6,4.472541809082031,0.599999798997358,0.2666666666060579,0.4999999999431374
F,0,0.6,4.4775390625,0.5999998023167726,0.2666666666059883,0.4999999999430734
F,0,0.6,4.482536315917969,0.5999998055813759,0.2666666666059188,0.4999999999430094
F,0,0.6,4.487533569335938,0.5999998087920744,0.2666666666058495,0.4999999999429457
F,0,0.6,4.492530822753906,0.5999998119497577,0.26666666660578,0.4999999999428823
F,0,0.6,4.497528076171875,0.5999998150553015,0.2666666666057105,0.4999999999428184
F,0,0.6,4.502525329589844,0.599999818109564,0.2666666666056414,0.4999999999427543
F,0,0.6,4.507522583007812,0.5999998211133933,0.2666666666055723,0.4999999999426906
F,0,0.6,4.512519836425781,0.5999998240676242,0.2666666666055028,0.4999999999426271
F,0,0.6,4.51751708984375,0.5999998269730723,0.2666666666054336,0.499999999942563
F,0,0.6,4.522514343261719,0.5999998298305452,0.2666666666053647,0.4999999999424993
F,0,0.6,4.527511596679688,0.5999998326408338,0.2666666666052953,0.4999999999424354
F,0,0.6,4.532508850097656,0.599999835404718,0.2666666666052263,0.4999999999423716
F,0,0.6,4.537506103515625,0.5999998381229633,0.2666666666051573,0.4999999999423075
F,0,0.6,4.542503356933594,0.5999998407963233,0.2666666666050883,0.4999999999422436
F,0,0.6,4.547500610351562,0.5999998434255382,0.2666666666050191,0.49999999994218
F,0,0.6,4.552497863769531,0.5999998460113353,0.2666666666049503,0.4999999999421165
F,0,0.6,4.5574951171875,0.5999998485544361,0.2666666666048816,0.4999999999420527
F,0,0.6,4.562492370605469,0.5999998510555448,0.2666666666048126,0.4999999999419891
F,0,0.6,4.567489624023438,0.5999998535153532,0.2666666666047435,0.4999999999419251
F,0,0.6,4.572486877441406,0.5999998559345422,0.2666666666046744,0.499999999941861
F,0,0.6,4.577484130859375,0.5999998583137842,0.266666666604606,0.4999999999417973
F,0,0.6,4.582481384277344,0.599999860653736,0.2666666666045373,0.4999999999417336
F,0,0.6,4.587478637695312,0.5999998629550501,0.2666666666044688,0.4999999999416697
F,0,0.6,4.592475891113281,0.5999998652183616,0.2666666666043997,0.4999999999416059
F,0,0.6,4.59747314453125,0.5999998674442996,0.2666666666043309,0.4999999999415425
F,0,0.6,4.602470397949219,0.5999998696334804,0.2666666666042624,0.4999999999414788
F,0,0.6,4.607467651367188,0.5999998717865103,0.2666666666041938,0.4999999999414149
F,0,0.6,4.612464904785156,0.5999998739039866,0.2666666666041254,0.4999999999413511
F,0,0.6,4.617462158203125,0.599999875986497,0.2666666666040569,0.4999999999412872
F,0,0.6,4.622459411621094,0.5999998780346175,0.2666666666039879,0.4999999999412232
F,0,0.6,4.627456665039062,0.5999998800489179,0.2666666666039194,0.4999999999411593
F,0,0.6,4.632453918457031,0.5999998820299551,0.2666666666038509,0.4999999999410957
F,0,0.6,4.637451171875,0.5999998839782775,0.2666666666037822,0.4999999999410322
F,0,0.6,4.642448425292969,0.5999998858944283,0.2666666666037135,0.4999999999409681
F,0,0.6,4.647445678710938,0.5999998877789364,0.2666666666036451,0.4999999999409044
F,0,0.6,4.652442932128906,0.5999998896323235,0.2666666666035766,0.4999999999408405
F,0,0.6,4.657440185546875,0.5999998914551055,0.2666666666035082,0.4999999999407769
F,0,0.6,4.662437438964844,0.5999998932477871,0.2666666666034397,0.4999999999407128
F,0,0.6,4.667434692382812,0.5999998950108636,0.2666666666033713,0.4999999999406491
F,0,0.6,4.672431945800781,0.5999998967448267,0.2666666666033025,0.499999999940585
F,0,0.6,4.67742919921875,0.5999998984501552,0.2666666666032343,0.4999999999405214
F,0,0.6,4.682426452636719,0.5999999001273219,0.2666666666031661,0.4999999999404579
F,0,0.6,4.687423706054688,0.599999901776792,0.2666666666030977,0.4999999999403943
F,0,0.6,4.692420959472656,0.599999903399024,0.2666666666030292,0.49999999994033
F,0,0.6,4.697418212890625,0.5999999049944674,0.2666666666029611,0.4999999999402666
F,0,0.6,4.702415466308594,0.5999999065635635,0.2666666666028925,0.4999999999402028
F,0,0.6,4.707412719726562,0.5999999081067472,0.2666666666028244,0.4999999999401396
F,0,0.6,4.712409973144531,0.5999999096244484,0.2666666666027561,0.4999999999400755
F,0,0.6,4.7174072265625,0.5999999111170847,0.2666666666026878,0.4999999999400117
F,0,0.6,4.722404479980469,0.5999999125850718,0.2666666666026193,0.4999999999399476
F,0,0.6,4.727401733398438,0.5999999140288169,0.2666666666025511,0.499999999939884
F,0,0.6,4.732398986816406,0.5999999154487189,0.2666666666024829,0.4999999999398205
F,0,0.6,4.737396240234375,0.5999999168451721,0.2666666666024148,0.4999999999397566
F,0,0.6,4.742393493652344,0.5999999182185657,0.2666666666023464,0.4999999999396931
F,0,0.6,4.747390747070312,0.599999919569279,0.2666666666022784,0.4999999999396292
F,0,0.6,4.752388000488281,0.5999999208976848,0.2666666666022099,0.4999999999395654
F,0,0.6,4.75738525390625,0.5999999222041548,0.2666666666021419,0.4999999999395019
F,0,0.6,4.762382507324219,0.5999999234890462,0.2666666666020733,0.499999999939438
F,0,0.6,4.767379760742188,0.5999999247527208,0.2666666666020051,0.4999999999393742
F,0,0.6,4.772377014160156,0.5999999259955261,0.2666666666019372,0.4999999999393105
F,0,0.6,4.777374267578125,0.5999999272178083,0.2666666666018685,0.4999999999392464
F,0,0.6,4.782371520996094,0.5999999284199041,0.2666666666018005,0.4999999999391825
F,0,0.6,4.787368774414062,0.5999999296021492,0.2666666666017321,0.4999999999391192
F,0,0.6,4.792366027832031,0.5999999307648697,0.2666666666016637,0.4999999999390549
F,0,0.6,4.79736328125,0.5999999319083866,0.2666666666015957,0.4999999999389913
F,0,0.6,4.802360534667969,0.5999999330330212,0.2666666666015274,0.4999999999389277
F,0,0.6,4.807357788085938,0.5999999341390823,0.2666666666014594,0.4999999999388638
F,0,0.6,4.812355041503906,0.5999999352268768,0.2666666666013912,0.4999999999387998
F,0,0.6,4.817352294921875,0.5999999362967072,0.2666666666013231,0.4999999999387366
F,0,0.6,4.822349548339844,0.5999999373488702,0.2666666666012549,0.4999999999386727
F,0,0.6,4.827346801757812,0.5999999383836576,0.2666666666011869,0.4999999999386089
F,0,0.6,4.832344055175781,0.5999999394013549,0.2666666666011188,0.4999999999385452
F,0,0.6,4.83734130859375,0.5999999404022454,0.2666666666010507,0.4999999999384815
F,0,0.6,4.842338562011719,0.5999999413866067,0.2666666666009826,0.4999999999384176
F,0,0.6,4.847335815429688,0.5999999423547117,0.2666666666009144,0.499999999938354
F,0,0.6,4.852333068847656,0.5999999433068272,0.2666666666008464,0.4999999999382901
F,0,0.6,4.857330322265625,0.5999999442432196,0.266666666600778,0.4999999999382262
F,0,0.6,4.862327575683594,0.5999999451641475,0.2666666666007095,0.4999999999381626
F,0,0.6,4.867324829101562,0.599999946069866,0.2666666666006416,0.499999999938098
F,0,0.6,4.872322082519531,0.599999946960627,0.2666666666005732,0.4999999999380343
F,0,0.6,4.8773193359375,0.5999999478366769,0.2666666666005052,0.4999999999379708
F,0,0.6,4.882316589355469,0.5999999486982593,0.2666666666004369,0.4999999999379067
F,0,0.6,4.887313842773438,0.5999999495456116,0.2666666666003686,0.4999999999378429
F,0,0.6,4.892311096191406,0.5999999503789687,0.2666666666003006,0.4999999999377794
F,0,0.6,4.897308349609375,0.5999999511985658,0.2666666666002325,0.499999999937716
F,0,0.6,4.902305603027344,0.599999952004625,0.2666666666001647,0.4999999999376523
F,0,0.6,4.907302856445312,0.5999999527973729,0.2666666666000966,0.4999999999375887
F,0,0.6,4.912300109863281,0.5999999535770277,0.2666666666000284,0.4999999999375245
F,0,0.6,4.91729736328125,0.599999954343807,0.2666666665999604,0.4999999999374607
F,0,0.6,4.922294616699219,0.5999999550979227,0.2666666665998927,0.4999999999373975
F,0,0.6,4.927291870117188,0.5999999558395835,0.2666666665998249,0.4999999999373338
F,0,0.6,4.932289123535156,0.5999999565689957,0.2666666665997568,0.49999999993727
F,0,0.6,4.937286376953125,0.5999999572863632,0.266666666599689,0.4999999999372069
F,0,0.6,4.942283630371094,0.5999999579918813,0.266666666599621,0.4999999999371432
F,0,0.6,4.947280883789062,0.5999999586857492,0.2666666665995533,0.4999999999370793
F,0,0.6,4.952278137207031,0.599999959368158,0.266666666599485,0.4999999999370152
F,0,0.6,4.957275390625,0.5999999600392948,0.2666666665994168,0.4999999999369514
F,0,0.6,4.962272644042969,0.5999999606993459,0.266666666599349,0.4999999999368879
F,0,0.6,4.967269897460938,0.5999999613484989,0.2666666665992808,0.4999999999368245
F,0,0.6,4.972267150878906,0.5999999619869287,0.2666666665992128,0.4999999999367609
F,0,0.6,4.977264404296875,0.5999999626148168,0.2666666665991448,0.499999999936697
F,0,0.6,4.982261657714844,0.5999999632323342,0.2666666665990767,0.4999999999366333
F,0,0.6,4.987258911132812,0.5999999638396524,0.2666666665990085,0.4999999999365692
F,0,0.6,4.992256164550781,0.5999999644369405,0.2666666665989402,0.499999999936505
F,0,0.6,4.99725341796875,0.5999999650243639,0.2666666665988722,0.4999999999364416
F,0,0.6,5,0.5999999653430809,0.2666666665988348,0.4999999999364064
F,0.3,0.6,0,0.3,1,0.5000000000000001
F,0.3,0.6,0.00499725341796875,0.3249493292709251,0.8954981341539722,0.4999999999999353
F,0.3,0.6,0.0099945068359375,0.3500439359849705,0.8190854422165813,0.4999999999998714
F,0.3,0.6,0.01499176025390625,0.375108914109211,0.7640553212876008,0.4999999999998079
F,0.3,0.6,0.019989013671875,0.3999654308165552,0.7251694482461614,0.4999999999997436
F,0.3,0.6,0.02498626708984375,0.4244353849660675,0.6983517778872089,0.4999999999996799
F,0.3,0.6,0.0299835205078125,0.4483461356441305,0.6804445455728568,0.4999999999996162
F,0.3,0.6,0.03498077392578125,0.4715350387946629,0.6690139165262315,0.4999999999995534
F,0.3,0.6,0.03997802734375,0.4938535422909493,0.6621953624993582,0.4999999999994903
F,0.3,0.6,0.04497528076171875,0.5151706254383063,0.6585708068616462,0.4999999999994273
F,0.3,0.6,0.0499725341796875,0.5353754233290837,0.6570711546354846,0.4999999999993646
F,0.3,0.6,0.05496978759765625,0.5543789427193416,0.6568990898874014,0.4999999999993015
F,0.3,0.6,0.059967041015625,0.5721148459822463,0.6574680397325863,0.4999999999992387
F,0.3,0.6,0.06496429443359375,0.5885393452472355,0.658354020777968,0.4999999999991765
F,0.3,0.6,0.0699615478515625,0.6036303035230134,0.6592577393508718,0.4999999999991139
F,0.3,0.6,0.07495880126953125,0.6173856791446474,0.6599748429117931,0.4999999999990514
F,0.3,0.6,0.0799560546875,0.6298214725413365,0.6603726420383679,0.499999999998989
F,0.3,0.6,0.08495330810546875,0.6409693407008005,0.6603719607340724,0.4999999999989265
F,0.3,0.6,0.0899505615234375,0.6508740372164958,0.6599330440029718,0.4999999999988641
F,0.3,0.6,0.09494781494140625,0.6595908179321238,0.6590446688661489,0.4999999999988015
F,0.3,0.6,0.099945068359375,0.6671829277956874,0.6577157789114363,0.4999999999987391
F,0.3,0.6,0.1049423217773438,0.6737192572311687,0.6559691016163889,0.4999999999986768
F,0.3,0.6,0.1099395751953125,0.6792722291422295,0.653836318938378,0.4999999999986148
F,0.3,0.6,0.1149368286132812,0.6839159527845775,0.651354450548948,0.4999999999985521
F,0.3,0.6,0.11993408203125,0.687724659555951,0.6485631800401492,0.4999999999984894
F,0.3,0.6,0.1249313354492188,0.6907714188935165,0.6455029110132288,0.4999999999984273
F,0.3,0.6,0.1299285888671875,0.6931271199987493,0.6422133850371282,0.4999999999983647
F,0.3,0.6,0.1349258422851562,0.6948596966887539,0.6387327293335668,0.4999999999983024
F,0.3,0.6,0.139923095703125,0.6960335677245133,0.6350968305507392,0.4999999999982401
F,0.3,0.6,0.1449203491210938,0.6967092628110181,0.6313389536077706,0.4999999999981777
F,0.3,0.6,0.1499176025390625,0.6969432044188123,0.6274895425128206,0.4999999999981152
F,0.3,0.6,0.1549148559570312,0.6967876170171947,0.6235761542292609,0.4999999999980527
F,0.3,0.6,0.159912109375,0.6962905377047151,0.6196234878478132,0.49999999999799
F,0.3,0.6,0.1649093627929688,0.6954959051477041,0.6156534801271568,0.4999999999979276
F,0.3,0.6,0.1699066162109375,0.6944437068699675,0.6116854453786575,0.499999999997865
F,0.3,0.6,0.1749038696289062,0.6931701680464273,0.6077362430821768,0.4999999999978026
F,0.3,0.6,0.179901123046875,0.6917079678874374,0.6038204608405977,0.4999999999977399
F,0.3,0.6,0.1848983764648438,0.6900864723667653,0.5999506035591617,0.4999999999976775
F,0.3,0.6,0.1898956298828125,0.6883319743991463,0.5961372822699449,0.4999999999976152
F,0.3,0.6,0.1948928833007812,0.6864679345990701,0.5923893979696072,0.4999999999975524
F,0.3,0.6,0.19989013671875,0.6845152174606927,0.5887143173253466,0.4999999999974898
F,0.3,0.6,0.2048873901367188,0.6824923192117939,0.5851180382295671,0.4999999999974269
F,0.3,0.6,0.2098846435546875,0.6804155847428873,0.5816053440270406,0.4999999999973647
F,0.3,0.6,0.2148818969726562,0.6782994119294528,0.5781799458621629,0.4999999999973019
F,0.3,0.6,0.219879150390625,0.6761564423842651,0.5748446130475838,0.4999999999972393
F,0.3,0.6,0.2248764038085938,0.6739977382297108,0.5716012916781715,0.4999999999971763
F,0.3,0.6,0.2298736572265625,0.6718329448959791,0.5684512119366886,0.4999999999971135
F,0.3,0.6,0.2348709106445312,0.6696704402554693,0.5653949846837623,0.499999999997051
F,0.3,0.6,0.2398681640625,0.6675174706189168,0.5624326880136485,0.499999999996988
F,0.3,0.6,0.2448654174804688,0.6653802742634164,0.5595639445035636,0.4999999999969255
F,0.3,0.6,0.2498626708984375,0.6632641932523105,0.5567879898994114,0.4999999999968626
F,0.3,0.6,0.2548599243164062,0.661173774354502,0.5541037339733926,0.4999999999967998
F,0.3,0.6,0.259857177734375,0.6591128598870655,0.5515098142659808,0.4999999999967366
F,0.3,0.6,0.2648544311523438,0.6570846692978924,0.5490046433912151,0.4999999999966742
F,0.3,0.6,0.2698516845703125,0.6550918722815219,0.5465864505441579,0.499999999996611
F,0.3,0.6,0.2748489379882812,0.6531366541863495,0.5442533178055197,0.4999999999965484
F,0.3,0.6,0.27984619140625,0.6512207744291307,0.5420032117930409,0.4999999999964855
F,0.3,0.6,0.2848434448242188,0.6493456185861114,0.53983401116383,0.4999999999964224
F,0.3,0.6,0.2898406982421875,0.647512244781603,0.5377435304275109,0.4999999999963591
F,0.3,0.6,0.2948379516601562,0.6457214249459946,0.5357295404875172,0.4999999999962965
F,0.3,0.6,0.299835205078125,0.643973681467339,0.5337897862877357,0.4999999999962335
F,0.3,0.6,0.3048324584960938,0.6422693197145771,0.5319220019040604,0.4999999999961704
F,0.3,0.6,0.3098297119140625,0.6406084568666661,0.5301239233856404,0.4999999999961076
F,0.3,0.6,0.3148269653320312,0.6389910474408667,0.5283932996185102,0.499999999996045
F,0.3,0.6,0.31982421875,0.637416905875265,0.5267279014550001,0.4999999999959816
F,0.3,0.6,0.3248214721679688,0.6358857264852122,0.5251255293256191,0.4999999999959187
F,0.3,0.6,0.3298187255859375,0.6343971010811177,0.5235840195259642,0.4999999999958553
F,0.3,0.6,0.3348159790039062,0.6329505345053444,0.5221012493493602,0.4999999999957923
F,0.3,0.6,0.339813232421875,0.6315454583190908,0.5206751412163467,0.4999999999957294
F,0.3,0.6,0.3448104858398438,0.6301812428457636,0.5193036659344998,0.4999999999956658
F,0.3,0.6,0.3498077392578125,0.62885720775523,0.5179848452063511,0.4999999999956031
F,0.3,0.6,0.3548049926757812,0.6275726313535994,0.5167167534891171,0.4999999999955397
F,0.3,0.6,0.35980224609375,0.6263267587252391,0.5154975192974077,0.4999999999954763
F,0.3,0.6,0.3647994995117188,0.6251188088576933,0.5143253260290067,0.4999999999954135
F,0.3,0.6,0.3697967529296875,0.6239479808658812,0.5131984123838778,0.4999999999953502
F,0.3,0.6,0.3747940063476562,0.6228134594190188,0.5121150724378674,0.4999999999952873
F,0.3,0.6,0.379791259765625,0.6217144194622868,0.5110736554247814,0.499999999995224
F,0.3,0.6,0.3847885131835938,0.620650030314992,0.5100725652736947,0.4999999999951606
F,0.3,0.6,0.3897857666015625,0.6196194592178002,0.5091102599423215,0.4999999999950977
F,0.3,0.6,0.3947830200195312,0.6186218743935341,0.508185250581934,0.4999999999950347
F,0.3,0.6,0.3997802734375,0.6176564476787083,0.5072961005646499,0.4999999999949711
F,0.3,0.6,0.4047775268554688,0.6167223567765665,0.5064414243997832,0.4999999999949075
F,0.3,0.6,0.4097747802734375,0.6158187871766164,0.5056198865623328,0.4999999999948442
F,0.3,0.6,0.4147720336914062,0.6149449337805617,0.5048302002535027,0.4999999999947808
F,0.3,0.6,0.419769287109375,0.6141000022699538,0.5040711261103888,0.4999999999947179
F,0.3,0.6,0.4247665405273438,0.6132832102469769,0.5033414708794888,0.4999999999946543
F,0.3,0.6,0.4297637939453125,0.6124937881760022,0.5026400860666028,0.4999999999945914
F,0.3,0.6,0.4347610473632812,0.6117309801505798,0.5019658665738026,0.4999999999945278
F,0.3,0.6,0.43975830078125,0.6109940445075087,0.501317749332528,0.4999999999944641
F,0.3,0.6,0.4447555541992188,0.6102822543073283,0.5006947119404681,0.499999999994401
F,0.3,0.6,0.4497528076171875,0.6095948976981942,0.5000957713086235,0.4999999999943377
F,0.3,0.6,0.4547500610351562,0.608931278178147,0.4995199823239014,0.4999999999942738
F,0.3,0.6,0.459747314453125,0.6082907147691795,0.4989664365316611,0.4999999999942107
F,0.3,0.6,0.4647445678710938,0.6076725421147063,0.4984342608418014,0.4999999999941473
F,0.3,0.6,0.4697418212890625,0.607076110510945,0.4979226162613135,0.4999999999940838
F,0.3,0.6,0.4747390747070312,0.606500785881252,0.4974306966556033,0.4999999999940206
F,0.3,0.6,0.479736328125,0.6059459497015368,0.4969577275403755,0.4999999999939568
F,0.3,0.6,0.4847335815429688,0.6054109988838416,0.4965029649054261,0.4999999999938932
F,0.3,0.6,0.4897308349609375,0.6048953456243807,0.4960656940713111,0.4999999999938298
F,0.3,0.6,0.4947280883789062,0.6043984172214888,0.4956452285795273,0.4999999999937662
F,0.3,0.6,0.499725341796875,0.6039196558684015,0.4952409091165777,0.499999999993703
F,0.3,0.6,0.5047225952148438,0.6034585184250317,0.4948521024720416,0.499999999993639
F,0.3,0.6,0.5097198486328125,0.6030144761725487,0.4944782005305852,0.4999999999935755
F,0.3,0.6,0.5147171020507812,0.6025870145539935,0.4941186192976784,0.4999999999935124
F,0.3,0.6,0.51971435546875,0.6021756329037667,0.4937727979586439,0.4999999999934487
F,0.3,0.6,0.5247116088867188,0.601779844168547,0.4934401979705569,0.4999999999933847
F,0.3,0.6,0.5297088623046875,0.6013991746217308,0.4931203021864001,0.4999999999933211
F,0.3,0.6,0.5347061157226562,0.6010331635733837,0.492812614010844,0.4999999999932572
F,0.3,0.6,0.539703369140625,0.6006813630772584,0.4925166565869179,0.499999999993194
F,0.3,0.6,0.5447006225585938,0.6003433376363456,0.4922319720128069,0.4999999999931304
F,0.3,0.6,0.5496978759765625,0.6000186639081821,0.4919581205880058,0.4999999999930672
F,0.3,0.6,0.5546951293945312,0.5997069304109806,0.4916946800879677,0.4999999999930034
F,0.3,0.6,0.5596923828125,0.5994077372314288,0.4914412450664509,0.4999999999929399
F,0.3,0.6,0.5646896362304688,0.5991206957350061,0.4911974261846831,0.4999999999928754
F,0.3,0.6,0.5696868896484375,0.5988454282794051,0.4909628495665068,0.4999999999928123
F,0.3,0.6,0.5746841430664062,0.5985815679316518,0.4907371561786506,0.4999999999927482
F,0.3,0.6,0.579681396484375,0.5983287581893564,0.4905200012352877,0.4999999999926848
F,0.3,0.6,0.5846786499023438,0.5980866527064667,0.4903110536260318,0.4999999999926212
F,0.3,0.6,0.5896759033203125,0.5978549150238526,0.4901099953665639,0.4999999999925571
F,0.3,0.6,0.5946731567382812,0.5976332183049788,0.4899165210710688,0.4999999999924937
F,0.3,0.6,0.59967041015625,0.5974212450768223,0.4897303374456879,0.4999999999924297
F,0.3,0.6,0.6046676635742188,0.597218686976197,0.4895511628022278,0.4999999999923658
F,0.3,0.6,0.6096649169921875,0.597025244501619,0.4893787265913448,0.499999999992302
F,0.3,0.6,0.6146621704101562,0.5968406267707486,0.4892127689544975,0.4999999999922386
F,0.3,0.6,0.619659423828125,0.5966645512834601,0.4890530402939254,0.4999999999921754
F,0.3,0.6,0.6246566772460938,0.5964967436905699,0.4888993008599816,0.4999999999921114
F,0.3,0.6,0.6296539306640625,0.5963369375682038,0.4887513203551331,0.4999999999920475
F,0.3,0.6,0.6346511840820312,0.5961848741977783,0.4886088775539861,0.4999999999919837
F,0.3,0.6,0.6396484375,0.5960403023515203,0.4884717599386951,0.4999999999919201
F,0.3,0.6,0.6446456909179688,0.5959029780835573,0.488339763349168,0.4999999999918562
F,0.3,0.6,0.6496429443359375,0.5957726645264037,0.4882126916474547,0.4999999999917922
F,0.3,0.6,0.6546401977539062,0.5956491316928304,0.4880903563957731,0.4999999999917286
F,0.3,0.6,0.659637451171875,0.5955321562830163,0.4879725765476166,0.4999999999916647
F,0.3,0.6,0.6646347045898438,0.5954215214968621,0.4878591781514158,0.4999999999916011
F,0.3,0.6,0.6696319580078125,0.5953170168514201,0.4877499940662586,0.4999999999915372
F,0.3,0.6,0.6746292114257812,0.5952184380032817,0.4876448636891645,0.4999999999914736
F,0.3,0.6,0.67962646484375,0.5951255865758562,0.4875436326934617,0.49999999999141
F,0.3,0.6,0.6846237182617188,0.5950382699913945,0.4874461527778013,0.4999999999913459
F,0.3,0.6,0.6896209716796875,0.5949563013077197,0.4873522814253842,0.499999999991282
F,0.3,0.6,0.6946182250976562,0.5948794990594384,0.4872618816729833,0.4999999999912183
F,0.3,0.6,0.699615478515625,0.5948076871036273,0.4871748218893541,0.4999999999911544
F,0.3,0.6,0.7046127319335938,0.5947406944698378,0.4870909755626611,0.4999999999910906
F,0.3,0.6,0.7096099853515625,0.5946783552143101,0.4870102210965361,0.499999999991027
F,0.3,0.6,0.7146072387695312,0.5946205082782848,0.4869324416144279,0.4999999999909631
F,0.3,0.6,0.7196044921875,0.5945669973503083,0.4868575247718999,0.4999999999908999
F,0.3,0.6,0.7246017456054688,0.5945176707324354,0.4867853625765383,0.4999999999908364
F,0.3,0.6,0.7295989990234375,0.594472381210206,0.4867158512151789,0.4999999999907724
F,0.3,0.6,0.7345962524414062,0.5944309859262764,0.4866488908881292,0.4999999999907082
F,0.3,0.6,0.739593505859375,0.5943933462576776,0.4865843856501184,0.4999999999906448
F,0.3,0.6,0.7445907592773438,0.5943593276964845,0.486522243257682,0.4999999999905813
F,0.3,0.6,0.7495880126953125,0.5943287997338984,0.4864623750227281,0.4999999999905176
F,0.3,0.6,0.7545852661132812,0.594301635747615,0.4864046956720283,0.4999999999904537
F,0.3,0.6,0.75958251953125,0.5942777128923514,0.4863491232123826,0.4999999999903902
F,0.3,0.6,0.7645797729492188,0.5942569119934987,0.4862955788012355,0.4999999999903266
F,0.3,0.6,0.7695770263671875,0.5942391174437421,0.4862439866225151,0.4999999999902631
F,0.3,0.6,0.7745742797851562,0.5942242171026374,0.4861942737674756,0.4999999999901997
F,0.3,0.6,0.779571533203125,0.5942121021990335,0.4861463701203467,0.499999999990136
F,0.3,0.6,0.7845687866210938,0.5942026672361754,0.4861002082485835,0.4999999999900726
F,0.3,0.6,0.7895660400390625,0.5941958098995684,0.4860557232975365,0.4999999999900092
F,0.3,0.6,0.7945632934570312,0.5941914309673816,0.4860128528893533,0.4999999999899463
F,0.3,0.6,0.799560546875,0.5941894342233955,0.4859715370259429,0.4999999999898819
F,0.3,0.6,0.8045578002929688,0.594189726372383,0.4859317179958331,0.4999999999898184
F,0.3,0.6,0.8095550537109375,0.5941922169578848,0.4858933402847636,0.499999999989755
F,0.3,0.6,0.8145523071289062,0.5941968182822638,0.4858563504898624,0.4999999999896911
F,0.3,0.6,0.819549560546875,0.594203445329025,0.485820697237257,0.4999999999896274
F,0.3,0.6,0.8245468139648438,0.5942120156873045,0.4857863311029748,0.4999999999895641
F,0.3,0.6,0.8295440673828125,0.5942224494784509,0.4857532045370176,0.4999999999895003
F,0.3,0.6,0.8345413208007812,0.5942346692846746,0.4857212717904516,0.4999999999894367
F,0.3,0.6,0.83953857421875,0.5942486000796955,0.4856904888454154,0.4999999999893732
F,0.3,0.6,0.8445358276367188,0.5942641691612971,0.4856608133479131,0.4999999999893096
F,0.3,0.6,0.8495330810546875,0.5942813060857778,0.4856322045432829,0.4999999999892457
F,0.3,0.6,0.8545303344726562,0.5942999426042206,0.4856046232142331,0.4999999999891818
F,0.3,0.6,0.859527587890625,0.594320012600531,0.485578031621338,0.4999999999891185
F,0.3,0.6,0.8645248413085938,0.5943414520311942,0.4855523934458995,0.4999999999890548
F,0.3,0.6,0.8695220947265625,0.5943641988667089,0.4855276737350697,0.4999999999889909
F,0.3,0.6,0.8745193481445312,0.5943881930346254,0.4855038388491503,0.4999999999889272
F,0.3,0.6,0.8795166015625,0.5944133763641897,0.4854808564109779,0.4999999999888641
F,0.3,0.6,0.8845138549804688,0.5944396925324803,0.4854586952573112,0.4999999999888
F,0.3,0.6,0.8895111083984375,0.5944670870120705,0.4854373253921329,0.499999999988737
F,0.3,0.6,0.8945083618164062,0.594495507020102,0.4854167179418029,0.4999999999886731
F,0.3,0.6,0.899505615234375,0.5945249014687813,0.4853968451119726,0.4999999999886094
F,0.3,0.6,0.9045028686523438,0.594555220917238,0.4853776801461993,0.4999999999885461
F,0.3,0.6,0.9095001220703125,0.5945864175247013,0.4853591972861868,0.4999999999884822
F,0.3,0.6,0.9144973754882812,0.5946184450049702,0.4853413717335914,0.4999999999884187
F,0.3,0.6,0.91949462890625,0.5946512585821443,0.485324179613322,0.4999999999883553
F,0.3,0.6,0.9244918823242188,0.594684814947539,0.4853075979382891,0.4999999999882915
F,0.3,0.6,0.9294891357421875,0.5947190722178073,0.4852916045755238,0.4999999999882279
F,0.3,0.6,0.9344863891601562,0.5947539898942285,0.4852761782136302,0.499999999988164
F,0.3,0.6,0.939483642578125,0.594789528823072,0.4852612983315113,0.4999999999881003
F,0.3,0.6,0.9444808959960938,0.5948256511570708,0.4852469451683106,0.499999999988037
F,0.3,0.6,0.9494781494140625,0.5948623203179539,0.4852330996945313,0.4999999999879735
F,0.3,0.6,0.9544754028320312,0.5948995009599867,0.4852197435842807,0.4999999999879093
F,0.3,0.6,0.95947265625,0.594937158934525,0.4852068591885948,0.4999999999878454
F,0.3,0.6,0.9644699096679688,0.5949752612555413,0.4851944295097994,0.4999999999877819
F,0.3,0.6,0.9694671630859375,0.5950137760660731,0.4851824381768723,0.4999999999877182
F,0.3,0.6,0.9744644165039062,0.5950526726056133,0.4851708694217534,0.4999999999876547
F,0.3,0.6,0.979461669921875,0.5950919211783695,0.4851597080565827,0.4999999999875908
F,0.3,0.6,0.9844589233398438,0.5951314931224121,0.4851489394518166,0.4999999999875273
F,0.3,0.6,0.9894561767578125,0.595171360779663,0.4851385495151881,0.4999999999874636
F,0.3,0.6,0.9944534301757812,0.5952114974666696,0.4851285246714846,0.4999999999873999
F,0.3,0.6,0.99945068359375,0.5952518774462403,0.4851188518431059,0.4999999999873358
F,0.3,0.6,1.004447937011719,0.595292475899785,0.4851095184313686,0.4999999999872723
F,0.3,0.6,1.009445190429688,0.5953332689004778,0.4851005122985401,0.4999999999872085
F,0.3,0.6,1.014442443847656,0.5953742333870996,0.4850918217505507,0.499999999987145
F,0.3,0.6,1.019439697265625,0.5954153471386326,0.4850834355203849,0.4999999999870811
F,0.3,0.6,1.024436950683594,0.5954565887495189,0.4850753427520997,0.4999999999870176
F,0.3,0.6,1.029434204101562,0.5954979376056314,0.4850675329854628,0.499999999986954
F,0.3,0.6,1.034431457519531,0.5955393738608576,0.4850599961411773,0.4999999999868903
F,0.3,0.6,1.0394287109375,0.5955808784143705,0.4850527225066744,0.4999999999868263
F,0.3,0.6,1.044425964355469,0.5956224328884803,0.4850457027224441,0.4999999999867625
F,0.3,0.6,1.049423217773438,0.5956640196071255,0.485038927768897,0.4999999999866986
F,0.3,0.6,1.054420471191406,0.5957056215749358,0.4850323889537206,0.499999999986635
F,0.3,0.6,1.059417724609375,0.5957472224568637,0.4850260778997199,0.4999999999865714
F,0.3,0.6,1.064414978027344,0.5957888065583846,0.4850199865331233,0.4999999999865072
F,0.3,0.6,1.069412231445312,0.5958303588062458,0.4850141070723325,0.499999999986444
F,0.3,0.6,1.074409484863281,0.5958718647297235,0.485008432017098,0.4999999999863796
F,0.3,0.6,1.07940673828125,0.5959133104424202,0.4850029541381095,0.499999999986316
F,0.3,0.6,1.084403991699219,0.5959546826245353,0.4849976664669782,0.4999999999862523
F,0.3,0.6,1.089401245117188,0.5959959685056436,0.4849925622866,0.4999999999861887
F,0.3,0.6,1.094398498535156,0.5960371558479347,0.4849876351218846,0.4999999999861249
F,0.3,0.6,1.099395751953125,0.5960782329299325,0.4849828787308345,0.4999999999860609
F,0.3,0.6,1.104393005371094,0.5961191885306382,0.4849782870959592,0.4999999999859974
F,0.3,0.6,1.109390258789062,0.596160011914124,0.4849738544160186,0.4999999999859335
F,0.3,0.6,1.114387512207031,0.5962006928145539,0.4849695750980703,0.4999999999858705
F,0.3,0.6,1.119384765625,0.5962412214216229,0.4849654437498256,0.4999999999858065
F,0.3,0.6,1.124382019042969,0.5962815883663782,0.4849614551722842,0.4999999999857428
F,0.3,0.6,1.129379272460938,0.5963217847074551,0.4849576043526527,0.4999999999856791
F,0.3,0.6,1.134376525878906,0.5963618019176884,0.4849538864575239,0.4999999999856153
F,0.3,0.6,1.139373779296875,0.596401631871079,0.4849502968263184,0.4999999999855511
F,0.3,0.6,1.144371032714844,0.5964412668301472,0.4849468309649628,0.4999999999854878
F,0.3,0.6,1.149368286132812,0.5964806994336372,0.4849434845398149,0.4999999999854238
F,0.3,0.6,1.154365539550781,0.5965199226845321,0.4849402533718086,0.4999999999853601
F,0.3,0.6,1.15936279296875,0.5965589299384367,0.4849371334308193,0.4999999999852963
F,0.3,0.6,1.164360046386719,0.5965977148922661,0.4849341208302432,0.4999999999852326
F,0.3,0.6,1.169357299804688,0.5966362715732737,0.4849312118217734,0.499999999985169
F,0.3,0.6,1.174354553222656,0.5966745943283484,0.4849284027903759,0.4999999999851052
F,0.3,0.6,1.179351806640625,0.5967126778136425,0.4849256902494485,0.4999999999850412
F,0.3,0.6,1.184349060058594,0.5967505169844833,0.4849230708361609,0.4999999999849769
F,0.3,0.6,1.189346313476562,0.5967881070855638,0.4849205413069691,0.4999999999849136
F,0.3,0.6,1.194343566894531,0.5968254436414194,0.4849180985332963,0.4999999999848495
F,0.3,0.6,1.1993408203125,0.5968625224471528,0.484915739497369,0.4999999999847863
F,0.3,0.6,1.204338073730469,0.5968993395594403,0.4849134612882155,0.4999999999847221
F,0.3,0.6,1.209335327148438,0.5969358912877971,0.4849112610978084,0.4999999999846585
F,0.3,0.6,1.214332580566406,0.5969721741860649,0.4849091362173442,0.4999999999845943
F,0.3,0.6,1.219329833984375,0.5970081850441694,0.4849070840336736,0.4999999999845306
F,0.3,0.6,1.224327087402344,0.5970439208800773,0.4849051020258498,0.4999999999844671
F,0.3,0.6,1.229324340820312,0.5970793789320357,0.4849031877618105,0.4999999999844029
F,0.3,0.6,1.234321594238281,0.5971145566509685,0.484901338895184,0.4999999999843394
F,0.3,0.6,1.23931884765625,0.5971494516931564,0.4848995531622062,0.4999999999842755
F,0.3,0.6,1.244316101074219,0.5971840619130727,0.4848978283787591,0.499999999984212
F,0.3,0.6,1.249313354492188,0.5972183853564579,0.4848961624375113,0.4999999999841485
F,0.3,0.6,1.254310607910156,0.5972524202535703,0.4848945533051649,0.4999999999840842
F,0.3,0.6,1.259307861328125,0.5972861650126428,0.4848929990198069,0.4999999999840206
F,0.3,0.6,1.264305114746094,0.597319618213552,0.4848914976883533,0.4999999999839572
F,0.3,0.6,1.269302368164062,0.5973527786016183,0.4848900474840896,0.4999999999838933
F,0.3,0.6,1.274299621582031,0.5973856450816364,0.484888646644297,0.4999999999838293
F,0.3,0.6,1.279296875,0.5974182167120586,0.484887293467971,0.4999999999837653
F,0.3,0.6,1.284294128417969,0.5974504926993296,0.4848859863136202,0.4999999999837018
F,0.3,0.6,1.289291381835938,0.5974824723924296,0.4848847235971434,0.4999999999836381
F,0.3,0.6,1.294288635253906,0.5975141552775369,0.4848835037897886,0.4999999999835743
F,0.3,0.6,1.299285888671875,0.5975455409728716,0.4848823254161818,0.4999999999835104
F,0.3,0.6,1.304283142089844,0.5975766292236887,0.4848811870524301,0.4999999999834465
F,0.3,0.6,1.309280395507812,0.5976074198974008,0.4848800873242936,0.4999999999833831
F,0.3,0.6,1.314277648925781,0.5976379129788717,0.4848790249054205,0.4999999999833187
F,0.3,0.6,1.31927490234375,0.5976681085658283,0.4848779985156529,0.4999999999832551
F,0.3,0.6,1.324272155761719,0.5976980068644289,0.4848770069193854,0.499999999983191
F,0.3,0.6,1.329269409179688,0.5977276081849444,0.4848760489239886,0.4999999999831273
F,0.3,0.6,1.334266662597656,0.5977569129375839,0.4848751233782908,0.4999999999830636
F,0.3,0.6,1.339263916015625,0.5977859216284286,0.4848742291711075,0.4999999999829997
F,0.3,0.6,1.344261169433594,0.5978146348555218,0.4848733652298323,0.4999999999829359
F,0.3,0.6,1.349258422851562,0.5978430533050291,0.4848725305190738,0.4999999999828721
F,0.3,0.6,1.354255676269531,0.5978711777475596,0.4848717240393423,0.4999999999828079
F,0.3,0.6,1.3592529296875,0.5978990090345713,0.4848709448257839,0.4999999999827444
F,0.3,0.6,1.364250183105469,0.5979265480949018,0.48487019194696,0.4999999999826804
F,0.3,0.6,1.369247436523438,0.5979537959313977,0.4848694645036724,0.4999999999826168
F,0.3,0.6,1.374244689941406,0.5979807536176441,0.4848687616278282,0.4999999999825532
F,0.3,0.6,1.379241943359375,0.5980074222948153,0.4848680824813454,0.4999999999824893
F,0.3,0.6,1.384239196777344,0.5980338031685893,0.4848674262551012,0.4999999999824257
F,0.3,0.6,1.389236450195312,0.5980598975061897,0.4848667921679114,0.4999999999823618
F,0.3,0.6,1.394233703613281,0.5980857066335044,0.4848661794655554,0.4999999999822983
F,0.3,0.6,1.39923095703125,0.5981112319322983,0.4848655874198273,0.4999999999822347
F,0.3,0.6,1.404228210449219,0.5981364748375086,0.4848650153276254,0.4999999999821703
F,0.3,0.6,1.409225463867188,0.5981614368346404,0.484864462510074,0.4999999999821068
F,0.3,0.6,1.414222717285156,0.5981861194572305,0.4848639283116749,0.4999999999820428
F,0.3,0.6,1.419219970703125,0.5982105242843831,0.4848634120994914,0.499999999981979
F,0.3,0.6,1.424217224121094,0.5982346529384275,0.484862913262361,0.4999999999819151
F,0.3,0.6,1.429214477539062,0.5982585070825912,0.48486243121013,0.4999999999818513
F,0.3,0.6,1.434211730957031,0.598282088418792,0.4848619653729274,0.4999999999817872
F,0.3,0.6,1.439208984375,0.5983053986854896,0.4848615152004521,0.4999999999817241
F,0.3,0.6,1.444206237792969,0.5983284396556028,0.4848610801612948,0.4999999999816596
F,0.3,0.6,1.449203491210938,0.5983512131344998,0.4848606597422787,0.4999999999815957
F,0.3,0.6,1.454200744628906,0.5983737209580476,0.4848602534478241,0.4999999999815323
F,0.3,0.6,1.459197998046875,0.5983959649907363,0.4848598607993369,0.4999999999814681
F,0.3,0.6,1.464195251464844,0.5984179471238581,0.4848594813346209,0.4999999999814045
F,0.3,0.6,1.469192504882812,0.5984396692737501,0.484859114607303,0.4999999999813406
F,0.3,0.6,1.474189758300781,0.5984611333800963,0.4848587601862876,0.499999999981277
F,0.3,0.6,1.47918701171875,0.5984823414042896,0.484858417655228,0.4999999999812134
F,0.3,0.6,1.484184265136719,0.5985032953278386,0.4848580866120097,0.4999999999811497
F,0.3,0.6,1.489181518554688,0.5985239971508447,0.484857766668263,0.4999999999810855
F,0.3,0.6,1.494178771972656,0.5985444488905184,0.4848574574488823,0.4999999999810216
F,0.3,0.6,1.499176025390625,0.5985646525797558,0.4848571585915703,0.4999999999809583
F,0.3,0.6,1.504173278808594,0.5985846102657548,0.4848568697463928,0.4999999999808945
F,0.3,0.6,1.509170532226562,0.5986043240087043,0.4848565905753545,0.4999999999808304
F,0.3,0.6,1.514167785644531,0.5986237958804694,0.4848563207519812,0.4999999999807667
F,0.3,0.6,1.5191650390625,0.5986430279633845,0.4848560599609284,0.4999999999807029
F,0.3,0.6,1.524162292480469,0.598662022349048,0.484855807897591,0.4999999999806391
F,0.3,0.6,1.529159545898438,0.5986807811371744,0.484855564267737,0.4999999999805749
F,0.3,0.6,1.534156799316406,0.5986993064344946,0.4848553287871495,0.4999999999805115
F,0.3,0.6,1.539154052734375,0.5987176003536699,0.4848551011812805,0.499999999980447
F,0.3,0.6,1.544151306152344,0.5987356650122839,0.4848548811849168,0.4999999999803834
F,0.3,0.6,1.549148559570312,0.5987535025318473,0.4848546685418622,0.4999999999803198
F,0.3,0.6,1.554145812988281,0.5987711150368287,0.4848544630046253,0.4999999999802562
F,0.3,0.6,1.55914306640625,0.5987885046537643,0.4848542643341184,0.4999999999801923
F,0.3,0.6,1.564140319824219,0.5988056735103618,0.4848540722993726,0.4999999999801282
F,0.3,0.6,1.569137573242188,0.5988226237346597,0.4848538866772575,0.4999999999800646
F,0.3,0.6,1.574134826660156,0.5988393574542035,0.4848537072522097,0.4999999999800009
F,0.3,0.6,1.579132080078125,0.5988558767952659,0.4848535338159769,0.4999999999799368
F,0.3,0.6,1.584129333496094,0.5988721838821023,0.4848533661673642,0.4999999999798732
F,0.3,0.6,1.589126586914062,0.5988882808362186,0.4848532041119954,0.4999999999798093
F,0.3,0.6,1.594123840332031,0.5989041697756857,0.4848530474620764,0.4999999999797455
F,0.3,0.6,1.59912109375,0.5989198528144759,0.4848528960361703,0.4999999999796815
F,0.3,0.6,1.604118347167969,0.5989353320618178,0.4848527496589824,0.4999999999796174
F,0.3,0.6,1.609115600585938,0.5989506096215912,0.4848526081611473,0.4999999999795539
F,0.3,0.6,1.614112854003906,0.5989656875917478,0.4848524713790267,0.4999999999794899
F,0.3,0.6,1.619110107421875,0.5989805680637428,0.4848523391545148,0.4999999999794262
F,0.3,0.6,1.624107360839844,0.5989952531220023,0.4848522113348484,0.4999999999793626
F,0.3,0.6,1.629104614257812,0.5990097448434156,0.4848520877724251,0.4999999999792983
F,0.3,0.6,1.634101867675781,0.5990240452968396,0.4848519683246274,0.4999999999792349
F,0.3,0.6,1.63909912109375,0.5990381565426428,0.4848518528536498,0.4999999999791708
F,0.3,0.6,1.644096374511719,0.5990520806322371,0.4848517412263402,0.4999999999791069
F,0.3,0.6,1.649093627929688,0.5990658196076856,0.4848516333140365,0.4999999999790433
F,0.3,0.6,1.654090881347656,0.5990793755012718,0.4848515289924153,0.4999999999789796
F,0.3,0.6,1.659088134765625,0.5990927503351243,0.4848514281413439,0.4999999999789155
F,0.3,0.6,1.664085388183594,0.5991059461208484,0.4848513306447392,0.4999999999788524
F,0.3,0.6,1.669082641601562,0.5991189648591748,0.484851236390429,0.4999999999787877
F,0.3,0.6,1.674079895019531,0.5991318085396415,0.4848511452700161,0.499999999978724
F,0.3,0.6,1.6790771484375,0.5991444791402625,0.4848510571787562,0.4999999999786605
F,0.3,0.6,1.684074401855469,0.5991569786272489,0.4848509720154278,0.4999999999785966
F,0.3,0.6,1.689071655273438,0.5991693089547103,0.4848508896822158,0.4999999999785322
F,0.3,0.6,1.694068908691406,0.5991814720644052,0.4848508100845952,0.4999999999784689
F,0.3,0.6,1.699066162109375,0.5991934698854785,0.4848507331312191,0.4999999999784048
F,0.3,0.6,1.704063415527344,0.5992053043342334,0.484850658733811,0.4999999999783413
F,0.3,0.6,1.709060668945312,0.599216977313903,0.4848505868070611,0.4999999999782774
F,0.3,0.6,1.714057922363281,0.5992284907144481,0.4848505172685248,0.4999999999782134
F,0.3,0.6,1.71905517578125,0.5992398464123617,0.4848504500385284,0.49999999997815
F,0.3,0.6,1.724052429199219,0.5992510462704803,0.4848503850400691,0.4999999999780861
F,0.3,0.6,1.729049682617188,0.5992620921378246,0.4848503221987334,0.499999999978022
F,0.3,0.6,1.734046936035156,0.5992729858494237,0.4848502614426016,0.4999999999779585
F,0.3,0.6,1.739044189453125,0.5992837292261891,0.4848502027021661,0.4999999999778945
F,0.3,0.6,1.744041442871094,0.5992943240747568,0.4848501459102531,0.4999999999778307
F,0.3,0.6,1.749038696289062,0.599304772187381,0.484850091001939,0.4999999999777671
F,0.3,0.6,1.754035949707031,0.5993150753418093,0.4848500379144754,0.4999999999777033
F,0.3,0.6,1.759033203125,0.5993252353011789,0.4848499865872186,0.4999999999776394
F,0.3,0.6,1.764030456542969,0.5993352538139266,0.4848499369615548,0.4999999999775757
F,0.3,0.6,1.769027709960938,0.5993451326136885,0.4848498889808341,0.4999999999775118
F,0.3,0.6,1.774024963378906,0.5993548734192429,0.4848498425903033,0.4999999999774482
F,0.3,0.6,1.779022216796875,0.5993644779344303,0.4848497977370399,0.4999999999773837
F,0.3,0.6,1.784019470214844,0.5993739478480832,0.4848497543698956,0.4999999999773203
F,0.3,0.6,1.789016723632812,0.5993832848339915,0.4848497124394329,0.4999999999772565
F,0.3,0.6,1.794013977050781,0.5993924905508498,0.4848496718978642,0.4999999999771928
F,0.3,0.6,1.79901123046875,0.5994015666422244,0.4848496326990031,0.4999999999771288
F,0.3,0.6,1.804008483886719,0.599410514736512,0.4848495947982073,0.4999999999770651
F,0.3,0.6,1.809005737304688,0.5994193364469312,0.4848495581523246,0.4999999999770013
F,0.3,0.6,1.814002990722656,0.5994280333714957,0.4848495227196464,0.4999999999769377
F,0.3,0.6,1.819000244140625,0.5994366070930119,0.484849488459857,0.4999999999768734
F,0.3,0.6,1.823997497558594,0.5994450591790645,0.4848494553339872,0.4999999999768101
F,0.3,0.6,1.828994750976562,0.5994533911820278,0.4848494233043685,0.4999999999767462
F,0.3,0.6,1.833992004394531,0.5994616046390682,0.4848493923345902,0.4999999999766823
F,0.3,0.6,1.8389892578125,0.5994697010721642,0.4848493623894569,0.4999999999766182
F,0.3,0.6,1.843986511230469,0.5994776819881137,0.4848493334349486,0.4999999999765543
F,0.3,0.6,1.848983764648438,0.5994855488785559,0.4848493054381778,0.4999999999764906
F,0.3,0.6,1.853981018066406,0.5994933032200176,0.484849278367356,0.499999999976427
F,0.3,0.6,1.858978271484375,0.599500946473928,0.4848492521917547,0.499999999976363
F,0.3,0.6,1.863975524902344,0.5995084800866661,0.4848492268816684,0.4999999999762996
F,0.3,0.6,1.868972778320312,0.599515905489593,0.4848492024083829,0.4999999999762355
F,0.3,0.6,1.873970031738281,0.5995232240991001,0.4848491787441406,0.4999999999761719
F,0.3,0.6,1.87896728515625,0.5995304373166673,0.4848491558621089,0.4999999999761079
F,0.3,0.6,1.883964538574219,0.5995375465289042,0.4848491337363477,0.4999999999760442
F,0.3,0.6,1.888961791992188,0.5995445531076073,0.4848491123417845,0.49999999997598
F,0.3,0.6,1.893959045410156,0.5995514584098259,0.4848490916541766,0.4999999999759162
F,0.3,0.6,1.898956298828125,0.5995582637779255,0.4848490716500928,0.4999999999758526
F,0.3,0.6,1.903953552246094,0.5995649705396499,0.4848490523068789,0.4999999999757882
F,0.3,0.6,1.908950805664062,0.5995715800081879,0.4848490336026363,0.4999999999757244
F,0.3,0.6,1.913948059082031,0.5995780934822522,0.4848490155161938,0.4999999999756603
F,0.3,0.6,1.9189453125,0.5995845122461462,0.4848489980270853,0.4999999999755966
F,0.3,0.6,1.923942565917969,0.5995908375698464,0.4848489811155253,0.4999999999755326
F,0.3,0.6,1.928939819335938,0.5995970707090871,0.4848489647623864,0.4999999999754685
F,0.3,0.6,1.933937072753906,0.5996032129054206,0.4848489489491769,0.4999999999754052
F,0.3,0.6,1.938934326171875,0.5996092653863272,0.4848489336580187,0.4999999999753413
F,0.3,0.6,1.943931579589844,0.5996152293652864,0.4848489188716297,0.4999999999752772
F,0.3,0.6,1.948928833007812,0.5996211060418721,0.4848489045733022,0.4999999999752139
F,0.3,0.6,1.953926086425781,0.5996268966018347,0.4848488907468802,0.4999999999751496
F,0.3,0.6,1.95892333984375,0.5996326022171917,0.4848488773767498,0.4999999999750858
F,0.3,0.6,1.963920593261719,0.5996382240463336,0.4848488644478109,0.4999999999750219
F,0.3,0.6,1.968917846679688,0.5996437632341042,0.4848488519454677,0.4999999999749579
F,0.3,0.6,1.973915100097656,0.5996492209119026,0.484848839855607,0.4999999999748939
F,0.3,0.6,1.978912353515625,0.5996545981977802,0.4848488281645864,0.4999999999748299
F,0.3,0.6,1.983909606933594,0.599659896196538,0.484848816859214,0.499999999974766
F,0.3,0.6,1.988906860351562,0.5996651159998311,0.4848488059267378,0.4999999999747027
F,0.3,0.6,1.993904113769531,0.5996702586862649,0.484848795354827,0.4999999999746391
F,0.3,0.6,1.9989013671875,0.5996753253214921,0.4848487851315609,0.4999999999745753
F,0.3,0.6,2.003898620605469,0.5996803169583228,0.4848487752454143,0.4999999999745109
F,0.3,0.6,2.008895874023438,0.5996852346368305,0.4848487656852434,0.4999999999744472
F,0.3,0.6,2.013893127441406,0.5996900793844417,0.4848487564402754,0.4999999999743829
F,0.3,0.6,2.018890380859375,0.5996948522160623,0.4848487475000931,0.4999999999743196
F,0.3,0.6,2.023887634277344,0.5996995541341674,0.4848487388546256,0.4999999999742555
F,0.3,0.6,2.028884887695312,0.5997041861289114,0.4848487304941358,0.499999999974192
F,0.3,0.6,2.033882141113281,0.5997087491782311,0.4848487224092087,0.4999999999741281
F,0.3,0.6,2.03887939453125,0.5997132442479617,0.4848487145907417,0.4999999999740645
F,0.3,0.6,2.043876647949219,0.5997176722919344,0.4848487070299332,0.4999999999740002
F,0.3,0.6,2.048873901367188,0.5997220342521006,0.4848486997182748,0.4999999999739363
F,0.3,0.6,2.053871154785156,0.5997263310586161,0.4848486926475379,0.4999999999738728
F,0.3,0.6,2.058868408203125,0.5997305636299677,0.4848486858097676,0.4999999999738083
F,0.3,0.6,2.063865661621094,0.5997347328730749,0.4848486791972718,0.4999999999737451
F,0.3,0.6,2.068862915039062,0.5997388396834005,0.4848486728026143,0.4999999999736813
F,0.3,0.6,2.073860168457031,0.5997428849450595,0.4848486666186028,0.4999999999736177
F,0.3,0.6,2.078857421875,0.5997468695309237,0.484848660638286,0.4999999999735532
F,0.3,0.6,2.083854675292969,0.5997507943027379,0.4848486548549401,0.4999999999734896
F,0.3,0.6,2.088851928710938,0.5997546601112187,0.4848486492620646,0.4999999999734257
F,0.3,0.6,2.093849182128906,0.5997584677961774,0.4848486438533756,0.4999999999733621
F,0.3,0.6,2.098846435546875,0.5997622181866115,0.484848638622794,0.4999999999732978
F,0.3,0.6,2.103843688964844,0.5997659121008297,0.4848486335644454,0.499999999973234
F,0.3,0.6,2.108840942382812,0.5997695503465456,0.4848486286726467,0.4999999999731705
F,0.3,0.6,2.113838195800781,0.5997731337209943,0.484848623941905,0.4999999999731067
F,0.3,0.6,2.11883544921875,0.5997766630110433,0.4848486193669064,0.4999999999730427
F,0.3,0.6,2.123832702636719,0.5997801389932859,0.4848486149425163,0.4999999999729791
F,0.3,0.6,2.128829956054688,0.5997835624341639,0.4848486106637662,0.4999999999729151
F,0.3,0.6,2.133827209472656,0.5997869340900625,0.4848486065258542,0.4999999999728508
F,0.3,0.6,2.138824462890625,0.5997902547074268,0.4848486025241367,0.4999999999727873
F,0.3,0.6,2.143821716308594,0.5997935250228652,0.4848485986541236,0.4999999999727235
F,0.3,0.6,2.148818969726562,0.5997967457632445,0.4848485949114714,0.4999999999726598
F,0.3,0.6,2.153816223144531,0.5997999176457994,0.4848485912919832,0.4999999999725963
F,0.3,0.6,2.1588134765625,0.5998030413782582,0.4848485877915984,0.4999999999725325
F,0.3,0.6,2.163810729980469,0.5998061176589145,0.4848485844063914,0.4999999999724682
F,0.3,0.6,2.168807983398438,0.5998091471767591,0.4848485811325658,0.4999999999724045
F,0.3,0.6,2.173805236816406,0.5998121306115612,0.4848485779664521,0.4999999999723404
F,0.3,0.6,2.178802490234375,0.5998150686339779,0.4848485749045003,0.4999999999722766
F,0.3,0.6,2.183799743652344,0.5998179619056657,0.4848485719432776,0.499999999972213
F,0.3,0.6,2.188796997070312,0.5998208110793724,0.4848485690794658,0.4999999999721492
F,0.3,0.6,2.193794250488281,0.5998236167990376,0.4848485663098547,0.4999999999720852
F,0.3,0.6,2.19879150390625,0.5998263796998964,0.4848485636313427,0.4999999999720209
F,0.3,0.6,2.203788757324219,0.5998291004085839,0.484848561040928,0.4999999999719572
F,0.3,0.6,2.208786010742188,0.599831779543223,0.4848485585357083,0.4999999999718938
F,0.3,0.6,2.213783264160156,0.5998344177135302,0.4848485561128779,0.4999999999718295
F,0.3,0.6,2.218780517578125,0.5998370155209146,0.4848485537697236,0.4999999999717656
F,0.3,0.6,2.223777770996094,0.5998395735585607,0.484848551503621,0.4999999999717019
F,0.3,0.6,2.228775024414062,0.5998420924115467,0.4848485493120334,0.499999999971638
F,0.3,0.6,2.233772277832031,0.5998445726569278,0.4848485471925054,0.4999999999715738
F,0.3,0.6,2.23876953125,0.599847014863831,0.4848485451426666,0.49999999997151
F,0.3,0.6,2.243766784667969,0.5998494195935498,0.4848485431602213,0.4999999999714466
F,0.3,0.6,2.248764038085938,0.5998517873996423,0.4848485412429515,0.4999999999713824
F,0.3,0.6,2.253761291503906,0.5998541188280155,0.484848539388711,0.4999999999713184
F,0.3,0.6,2.258758544921875,0.599856414417026,0.4848485375954247,0.4999999999712548
F,0.3,0.6,2.263755798339844,0.5998586746975685,0.4848485358610866,0.4999999999711908
F,0.3,0.6,2.268753051757812,0.5998609001931632,0.4848485341837568,0.499999999971127
F,0.3,0.6,2.273750305175781,0.599863091420052,0.4848485325615581,0.4999999999710632
F,0.3,0.6,2.27874755859375,0.5998652488872782,0.4848485309926776,0.4999999999709994
F,0.3,0.6,2.283744812011719,0.5998673730967827,0.4848485294753592,0.4999999999709354
F,0.3,0.6,2.288742065429688,0.5998694645434908,0.4848485280079066,0.4999999999708711
F,0.3,0.6,2.293739318847656,0.5998715237153969,0.4848485265886794,0.4999999999708076
F,0.3,0.6,2.298736572265625,0.5998735510936487,0.4848485252160902,0.4999999999707436
F,0.3,0.6,2.303733825683594,0.5998755471526358,0.4848485238886043,0.4999999999706801
F,0.3,0.6,2.308731079101562,0.5998775123600759,0.484848522604739,0.4999999999706164
F,0.3,0.6,2.313728332519531,0.5998794471770941,0.4848485213630583,0.4999999999705528
F,0.3,0.6,2.3187255859375,0.5998813520583001,0.4848485201621747,0.4999999999704884
F,0.3,0.6,2.323722839355469,0.5998832274518912,0.4848485190007462,0.4999999999704249
F,0.3,0.6,2.328720092773438,0.5998850737997083,0.4848485178774746,0.4999999999703609
F,0.3,0.6,2.333717346191406,0.5998868915373361,0.4848485167911058,0.4999999999702971
F,0.3,0.6,2.338714599609375,0.5998886810941723,0.484848515740425,0.499999999970233
F,0.3,0.6,2.343711853027344,0.5998904428935065,0.4848485147242596,0.4999999999701692
F,0.3,0.6,2.348709106445312,0.5998921773526037,0.484848513741473,0.4999999999701053
F,0.3,0.6,2.353706359863281,0.5998938848827814,0.4848485127909695,0.499999999970042
F,0.3,0.6,2.35870361328125,0.5998955658894872,0.4848485118716859,0.4999999999699782
F,0.3,0.6,2.363700866699219,0.5998972207723642,0.4848485109825958,0.4999999999699143
F,0.3,0.6,2.368698120117188,0.5998988499253405,0.4848485101227069,0.4999999999698502
F,0.3,0.6,2.373695373535156,0.5999004537366935,0.4848485092910595,0.4999999999697866
F,0.3,0.6,2.378692626953125,0.5999020325891266,0.4848485084867234,0.4999999999697232
F,0.3,0.6,2.383689880371094,0.5999035868598438,0.4848485077088025,0.4999999999696594
F,0.3,0.6,2.388687133789062,0.5999051169206207,0.4848485069564272,0.4999999999695953
F,0.3,0.6,2.393684387207031,0.5999066231378739,0.4848485062287587,0.4999999999695313
F,0.3,0.6,2.398681640625,0.5999081058727377,0.4848485055249841,0.4999999999694678
F,0.3,0.6,2.403678894042969,0.5999095654811195,0.4848485048443186,0.4999999999694043
F,0.3,0.6,2.408676147460938,0.5999110023137967,0.484848504186002,0.49999999996934
F,0.3,0.6,2.413673400878906,0.5999124167164509,0.4848485035492996,0.4999999999692762
F,0.3,0.6,2.418670654296875,0.5999138090297601,0.484848502933502,0.4999999999692127
F,0.3,0.6,2.423667907714844,0.599915179589452,0.4848485023379208,0.4999999999691485
F,0.3,0.6,2.428665161132812,0.5999165287263728,0.4848485017618931,0.4999999999690847
F,0.3,0.6,2.433662414550781,0.5999178567665665,0.4848485012047752,0.4999999999690213
F,0.3,0.6,2.43865966796875,0.5999191640313245,0.484848500665946,0.4999999999689574
F,0.3,0.6,2.443656921386719,0.5999204508372417,0.4848485001448042,0.4999999999688935
F,0.3,0.6,2.448654174804688,0.5999217174963042,0.4848484996407693,0.4999999999688299
F,0.3,0.6,2.453651428222656,0.5999229643159333,0.4848484991532788,0.4999999999687659
F,0.3,0.6,2.458648681640625,0.5999241915990547,0.4848484986817893,0.4999999999687019
F,0.3,0.6,2.463645935058594,0.5999253996441518,0.4848484982257747,0.4999999999686383
F,0.3,0.6,2.468643188476562,0.5999265887453342,0.4848484977847268,0.4999999999685741
F,0.3,0.6,2.473640441894531,0.5999277591924028,0.4848484973581535,0.4999999999685104
F,0.3,0.6,2.4786376953125,0.5999289112708861,0.4848484969455804,0.4999999999684468
F,0.3,0.6,2.483634948730469,0.5999300452621226,0.4848484965465463,0.4999999999683827
F,0.3,0.6,2.488632202148438,0.5999311614433065,0.4848484961606073,0.4999999999683187
F,0.3,0.6,2.493629455566406,0.5999322600875473,0.4848484957873329,0.4999999999682556
F,0.3,0.6,2.498626708984375,0.5999333414639261,0.4848484954263068,0.4999999999681914
F,0.3,0.6,2.503623962402344,0.5999344058375442,0.4848484950771267,0.4999999999681275
F,0.3,0.6,2.508621215820312,0.5999354534695942,0.4848484947394046,0.4999999999680639
F,0.3,0.6,2.513618469238281,0.5999364846173999,0.4848484944127623,0.499999999968
F,0.3,0.6,2.51861572265625,0.5999374995344721,0.4848484940968381,0.4999999999679364
F,0.3,0.6,2.523612976074219,0.5999384984705628,0.4848484937912779,0.4999999999678721
F,0.3,0.6,2.528610229492188,0.5999394816717231,0.4848484934957425,0.4999999999678086
F,0.3,0.6,2.533607482910156,0.5999404493803393,0.4848484932099026,0.4999999999677444
F,0.3,0.6,2.538604736328125,0.5999414018352125,0.4848484929334399,0.4999999999676807
F,0.3,0.6,2.543601989746094,0.5999423392715716,0.4848484926660455,0.4999999999676166
F,0.3,0.6,2.548599243164062,0.5999432619211603,0.4848484924074228,0.4999999999675528
F,0.3,0.6,2.553596496582031,0.5999441700122564,0.4848484921572833,0.4999999999674891
F,0.3,0.6,2.55859375,0.5999450637697369,0.4848484919153482,0.4999999999674256
F,0.3,0.6,2.563591003417969,0.5999459434151165,0.4848484916813482,0.4999999999673616
F,0.3,0.6,2.568588256835938,0.5999468091666066,0.4848484914550228,0.4999999999672975
F,0.3,0.6,2.573585510253906,0.5999476612391474,0.4848484912361201,0.4999999999672337
F,0.3,0.6,2.578582763671875,0.5999484998444651,0.4848484910243965,0.4999999999671701
F,0.3,0.6,2.583580017089844,0.5999493251911195,0.4848484908196159,0.4999999999671056
F,0.3,0.6,2.588577270507812,0.5999501374845378,0.4848484906215509,0.499999999967042
F,0.3,0.6,2.593574523925781,0.5999509369270623,0.4848484904299805,0.4999999999669784
F,0.3,0.6,2.59857177734375,0.5999517237179964,0.4848484902446923,0.4999999999669142
F,0.3,0.6,2.603569030761719,0.599952498053658,0.4848484900654788,0.4999999999668504
F,0.3,0.6,2.608566284179688,0.5999532601274021,0.4848484898921412,0.4999999999667864
F,0.3,0.6,2.613563537597656,0.599954010129674,0.4848484897244871,0.4999999999667227
F,0.3,0.6,2.618560791015625,0.5999547482480521,0.484848489562329,0.4999999999666588
F,0.3,0.6,2.623558044433594,0.5999554746672942,0.4848484894054876,0.499999999966595
F,0.3,0.6,2.628555297851562,0.5999561895693544,0.4848484892537878,0.499999999966531
F,0.3,0.6,2.633552551269531,0.5999568931334514,0.484848489107061,0.499999999966467
F,0.3,0.6,2.6385498046875,0.5999575855360885,0.4848484889651437,0.4999999999664032
F,0.3,0.6,2.643547058105469,0.5999582669511069,0.4848484888278771,0.4999999999663392
F,0.3,0.6,2.648544311523438,0.599958937549719,0.4848484886951102,0.4999999999662758
F,0.3,0.6,2.653541564941406,0.5999595975005272,0.4848484885666957,0.4999999999662121
F,0.3,0.6,2.658538818359375,0.5999602469695973,0.4848484884424887,0.4999999999661485
F,0.3,0.6,2.663536071777344,0.5999608861204758,0.4848484883223527,0.4999999999660843
F,0.3,0.6,2.668533325195312,0.5999615151142172,0.4848484882061528,0.4999999999660203
F,0.3,0.6,2.673530578613281,0.5999621341094354,0.4848484880937611,0.4999999999659568
F,0.3,0.6,2.67852783203125,0.5999627432623318,0.4848484879850516,0.4999999999658926
F,0.3,0.6,2.683525085449219,0.5999633427267353,0.4848484878799043,0.4999999999658287
F,0.3,0.6,2.688522338867188,0.5999639326541351,0.4848484877782024,0.4999999999657647
F,0.3,0.6,2.693519592285156,0.5999645131937098,0.4848484876798316,0.4999999999657008
F,0.3,0.6,2.698516845703125,0.5999650844923683,0.4848484875846843,0.4999999999656373
F,0.3,0.6,2.703514099121094,0.5999656466947741,0.4848484874926537,0.4999999999655737
F,0.3,0.6,2.708511352539062,0.599966199943389,0.4848484874036372,0.4999999999655096
F,0.3,0.6,2.713508605957031,0.5999667443785014,0.484848487317537,0.499999999965446
F,0.3,0.6,2.718505859375,0.5999672801382525,0.4848484872342569,0.4999999999653821
F,0.3,0.6,2.723503112792969,0.5999678073586696,0.4848484871537034,0.4999999999653184
F,0.3,0.6,2.728500366210938,0.5999683261737091,0.4848484870757883,0.4999999999652547
F,0.3,0.6,2.733497619628906,0.5999688367152657,0.4848484870004244,0.4999999999651908
F,0.3,0.6,2.738494873046875,0.5999693391132221,0.4848484869275285,0.4999999999651272
F,0.3,0.6,2.743492126464844,0.5999698334954654,0.4848484868570186,0.4999999999650631
F,0.3,0.6,2.748489379882812,0.5999703199879246,0.4848484867888173,0.4999999999649989
F,0.3,0.6,2.753486633300781,0.5999707987146027,0.4848484867228487,0.4999999999649355
F,0.3,0.6,2.75848388671875,0.5999712697975873,0.4848484866590402,0.4999999999648715
F,0.3,0.6,2.763481140136719,0.5999717333570966,0.4848484865973198,0.4999999999648075
F,0.3,0.6,2.768478393554688,0.5999721895115036,0.4848484865376192,0.499999999964744
F,0.3,0.6,2.773475646972656,0.5999726383773574,0.4848484864798734,0.49999999996468
F,0.3,0.6,2.778472900390625,0.5999730800694194,0.4848484864240168,0.4999999999646169
F,0.3,0.6,2.783470153808594,0.5999735147006754,0.4848484863699876,0.4999999999645522
F,0.3,0.6,2.788467407226562,0.5999739423823787,0.4848484863177269,0.499999999964489
F,0.3,0.6,2.793464660644531,0.5999743632240655,0.4848484862671748,0.499999999964425
F,0.3,0.6,2.7984619140625,0.5999747773335773,0.4848484862182769,0.4999999999643611
F,0.3,0.6,2.803459167480469,0.5999751848171,0.4848484861709786,0.4999999999642975
F,0.3,0.6,2.808456420898438,0.5999755857791831,0.484848486125227,0.499999999964234
F,0.3,0.6,2.813453674316406,0.5999759803227457,0.4848484860809717,0.49999999996417
F,0.3,0.6,2.818450927734375,0.5999763685491333,0.4848484860381642,0.4999999999641061
F,0.3,0.6,2.823448181152344,0.5999767505581184,0.4848484859967557,0.4999999999640422
F,0.3,0.6,2.828445434570312,0.5999771264479224,0.484848485956701,0.4999999999639788
F,0.3,0.6,2.833442687988281,0.5999774963152589,0.484848485917955,0.4999999999639144
F,0.3,0.6,2.83843994140625,0.5999778602553382,0.484848485880476,0.4999999999638507
F,0.3,0.6,2.843437194824219,0.5999782183618926,0.4848484858442221,0.4999999999637864
F,0.3,0.6,2.848434448242188,0.5999785707272105,0.484848485809153,0.4999999999637227
F,0.3,0.6,2.853431701660156,0.5999789174421452,0.4848484857752292,0.4999999999636589
F,0.3,0.6,2.858428955078125,0.5999792585961334,0.4848484857424144,0.4999999999635952
F,0.3,0.6,2.863426208496094,0.5999795942772305,0.4848484857106715,0.4999999999635317
F,0.3,0.6,2.868423461914062,0.5999799245721252,0.4848484856799645,0.4999999999634679
F,0.3,0.6,2.873420715332031,0.5999802495661565,0.4848484856502609,0.499999999963404
F,0.3,0.6,2.87841796875,0.5999805693433352,0.4848484856215266,0.4999999999633399
F,0.3,0.6,2.883415222167969,0.5999808839863726,0.4848484855937307,0.4999999999632759
F,0.3,0.6,2.888412475585938,0.5999811935766811,0.4848484855668417,0.4999999999632121
F,0.3,0.6,2.893409729003906,0.5999814981944142,0.4848484855408302,0.499999999963148
F,0.3,0.6,2.898406982421875,0.5999817979184807,0.4848484855156679,0.4999999999630845
F,0.3,0.6,2.903404235839844,0.5999820928265501,0.4848484854913264,0.4999999999630206
F,0.3,0.6,2.908401489257812,0.5999823829950888,0.4848484854677798,0.499999999962957
F,0.3,0.6,2.913398742675781,0.5999826684993674,0.4848484854450003,0.4999999999628931
F,0.3,0.6,2.91839599609375,0.5999829494134841,0.484848485422964,0.4999999999628292
F,0.3,0.6,2.923393249511719,0.5999832258103786,0.4848484854016464,0.4999999999627656
F,0.3,0.6,2.928390502929688,0.5999834977618508,0.4848484853810234,0.4999999999627022
F,0.3,0.6,2.933387756347656,0.5999837653385749,0.4848484853610722,0.4999999999626381
F,0.3,0.6,2.938385009765625,0.5999840286101441,0.4848484853417705,0.4999999999625742
F,0.3,0.6,2.943382263183594,0.599984287645036,0.484848485323098,0.4999999999625102
F,0.3,0.6,2.948379516601562,0.5999845425106666,0.4848484853050335,0.4999999999624469
F,0.3,0.6,2.953376770019531,0.5999847932734018,0.4848484852875576,0.499999999962383
F,0.3,0.6,2.9583740234375,0.5999850399985602,0.4848484852706497,0.4999999999623188
F,0.3,0.6,2.963371276855469,0.5999852827504435,0.4848484852542919,0.4999999999622549
F,0.3,0.6,2.968368530273438,0.5999855215923416,0.4848484852384674,0.4999999999621911
F,0.3,0.6,2.973365783691406,0.5999857565865551,0.4848484852231577,0.4999999999621273
F,0.3,0.6,2.978363037109375,0.5999859877944115,0.4848484852083458,0.4999999999620636
F,0.3,0.6,2.983360290527344,0.5999862152762726,0.484848485194015,0.4999999999619999
F,0.3,0.6,2.988357543945312,0.5999864390915466,0.4848484851801501,0.4999999999619363
F,0.3,0.6,2.993354797363281,0.5999866592987215,0.4848484851667355,0.4999999999618727
F,0.3,0.6,2.99835205078125,0.599986875955362,0.4848484851537572,0.4999999999618088
F,0.3,0.6,3.003349304199219,0.5999870891181249,0.4848484851411992,0.499999999961745
F,0.3,0.6,3.008346557617188,0.5999872988427852,0.4848484851290492,0.4999999999616806
F,0.3,0.6,3.013343811035156,0.5999875051842275,0.4848484851172937,0.4999999999616171
F,0.3,0.6,3.018341064453125,0.5999877081964832,0.4848484851059187,0.4999999999615531
F,0.3,0.6,3.023338317871094,0.5999879079327328,0.4848484850949127,0.4999999999614889
F,0.3,0.6,3.028335571289062,0.5999881044453185,0.4848484850842629,0.499999999961425
F,0.3,0.6,3.033332824707031,0.5999882977857536,0.4848484850739592,0.4999999999613608
F,0.3,0.6,3.038330078125,0.599988488004751,0.4848484850639886,0.4999999999612968
F,0.3,0.6,3.043327331542969,0.5999886751522188,0.4848484850543412,0.4999999999612332
F,0.3,0.6,3.048324584960938,0.5999888592772693,0.4848484850450059,0.4999999999611692
F,0.3,0.6,3.053321838378906,0.5999890404282598,0.4848484850359728,0.4999999999611052
F,0.3,0.6,3.058319091796875,0.5999892186527715,0.4848484850272317,0.4999999999610412
F,0.3,0.6,3.063316345214844,0.5999893939976397,0.484848485018773,0.4999999999609776
F,0.3,0.6,3.068313598632812,0.599989566508954,0.4848484850105878,0.4999999999609141
F,0.3,0.6,3.073310852050781,0.5999897362320863,0.4848484850026671,0.4999999999608503
F,0.3,0.6,3.07830810546875,0.5999899032116833,0.4848484849950015,0.4999999999607867
F,0.3,0.6,3.083305358886719,0.5999900674916938,0.4848484849875838,0.4999999999607231
F,0.3,0.6,3.088302612304688,0.5999902291153619,0.4848484849804047,0.4999999999606597
F,0.3,0.6,3.093299865722656,0.5999903881252606,0.4848484849734572,0.4999999999605961
F,0.3,0.6,3.098297119140625,0.5999905445632813,0.4848484849667333,0.4999999999605321
F,0.3,0.6,3.103294372558594,0.5999906984706546,0.4848484849602251,0.4999999999604692
F,0.3,0.6,3.108291625976562,0.5999908498879615,0.4848484849539267,0.4999999999604049
F,0.3,0.6,3.113288879394531,0.5999909988551357,0.4848484849478302,0.4999999999603408
F,0.3,0.6,3.1182861328125,0.5999911454114834,0.4848484849419289,0.4999999999602776
F,0.3,0.6,3.123283386230469,0.5999912895956846,0.4848484849362179,0.4999999999602131
F,0.3,0.6,3.128280639648438,0.599991431445803,0.4848484849306897,0.499999999960149
F,0.3,0.6,3.133277893066406,0.5999915709993148,0.4848484849253382,0.499999999960085
F,0.3,0.6,3.138275146484375,0.5999917082930861,0.4848484849201582,0.499999999960021
F,0.3,0.6,3.143272399902344,0.5999918433634012,0.4848484849151435,0.4999999999599566
F,0.3,0.6,3.148269653320312,0.599991976245973,0.4848484849102894,0.4999999999598925
F,0.3,0.6,3.153266906738281,0.5999921069759472,0.4848484849055905,0.4999999999598286
F,0.3,0.6,3.15826416015625,0.5999922355879099,0.4848484849010414,0.4999999999597646
F,0.3,0.6,3.163261413574219,0.5999923621159006,0.484848484896637,0.4999999999596998
F,0.3,0.6,3.168258666992188,0.5999924865934094,0.484848484892373,0.4999999999596365
F,0.3,0.6,3.173255920410156,0.5999926090534083,0.4848484848882452,0.4999999999595725
F,0.3,0.6,3.178253173828125,0.5999927295283366,0.4848484848842488,0.4999999999595087
F,0.3,0.6,3.183250427246094,0.5999928480501184,0.4848484848803789,0.4999999999594447
F,0.3,0.6,3.188247680664062,0.5999929646501716,0.484848484876632,0.4999999999593805
F,0.3,0.6,3.193244934082031,0.5999930793594177,0.4848484848730041,0.4999999999593169
F,0.3,0.6,3.1982421875,0.5999931922082818,0.4848484848694911,0.4999999999592532
F,0.3,0.6,3.203239440917969,0.5999933032267043,0.4848484848660891,0.4999999999591892
F,0.3,0.6,3.208236694335938,0.5999934124441526,0.4848484848627945,0.4999999999591257
F,0.3,0.6,3.213233947753906,0.5999935198896214,0.4848484848596044,0.4999999999590614
F,0.3,0.6,3.218231201171875,0.5999936255916455,0.4848484848565141,0.4999999999589978
F,0.3,0.6,3.223228454589844,0.5999937295783082,0.4848484848535214,0.4999999999589341
F,0.3,0.6,3.228225708007812,0.59999383187724,0.4848484848506232,0.4999999999588712
F,0.3,0.6,3.233222961425781,0.5999939325156367,0.4848484848478153,0.4999999999588072
F,0.3,0.6,3.23822021484375,0.5999940315202534,0.4848484848450959,0.4999999999587434
F,0.3,0.6,3.243217468261719,0.5999941289174255,0.4848484848424621,0.49999999995868
F,0.3,0.6,3.248214721679688,0.5999942247330657,0.4848484848399096,0.4999999999586167
F,0.3,0.6,3.253211975097656,0.5999943189926721,0.4848484848374373,0.4999999999585529
F,0.3,0.6,3.258209228515625,0.5999944117213371,0.4848484848350415,0.4999999999584895
F,0.3,0.6,3.263206481933594,0.5999945029437571,0.4848484848327201,0.4999999999584259
F,0.3,0.6,3.268203735351562,0.5999945926842244,0.4848484848304708,0.4999999999583617
F,0.3,0.6,3.273200988769531,0.5999946809666479,0.484848484828291,0.499999999958298
F,0.3,0.6,3.2781982421875,0.5999947678145566,0.4848484848261787,0.4999999999582342
F,0.3,0.6,3.283195495605469,0.599994853251102,0.4848484848241309,0.4999999999581702
F,0.3,0.6,3.288192749023438,0.5999949372990665,0.4848484848221462,0.4999999999581057
F,0.3,0.6,3.293190002441406,0.5999950199808659,0.4848484848202229,0.499999999958042
F,0.3,0.6,3.298187255859375,0.599995101318563,0.4848484848183585,0.4999999999579783
F,0.3,0.6,3.303184509277344,0.5999951813338598,0.4848484848165502,0.4999999999579143
F,0.3,0.6,3.308181762695312,0.5999952600481174,0.484848484814798,0.4999999999578503
F,0.3,0.6,3.313179016113281,0.5999953374823541,0.4848484848130986,0.4999999999577862
F,0.3,0.6,3.31817626953125,0.599995413657252,0.4848484848114508,0.4999999999577219
F,0.3,0.6,3.323173522949219,0.5999954885931585,0.484848484809853,0.4999999999576579
F,0.3,0.6,3.328170776367188,0.5999955623100967,0.4848484848083044,0.4999999999575939
F,0.3,0.6,3.333168029785156,0.5999956348277724,0.4848484848068011,0.4999999999575298
F,0.3,0.6,3.338165283203125,0.5999957061655758,0.4848484848053433,0.4999999999574652
F,0.3,0.6,3.343162536621094,0.5999957763425814,0.4848484848039292,0.4999999999574009
F,0.3,0.6,3.348159790039062,0.5999958453775602,0.4848484848025573,0.4999999999573365
F,0.3,0.6,3.353157043457031,0.5999959132889865,0.4848484848012258,0.4999999999572722
F,0.3,0.6,3.358154296875,0.5999959800950315,0.4848484847999344,0.4999999999572082
F,0.3,0.6,3.363151550292969,0.5999960458135827,0.4848484847986806,0.4999999999571436
F,0.3,0.6,3.368148803710938,0.5999961104622326,0.4848484847974645,0.4999999999570788
F,0.3,0.6,3.373146057128906,0.5999961740583007,0.4848484847962839,0.4999999999570147
F,0.3,0.6,3.378143310546875,0.5999962366188175,0.4848484847951371,0.4999999999569504
F,0.3,0.6,3.383140563964844,0.5999962981605479,0.4848484847940248,0.4999999999568856
F,0.3,0.6,3.388137817382812,0.5999963586999909,0.4848484847929443,0.4999999999568214
F,0.3,0.6,3.393135070800781,0.5999964182533688,0.4848484847918959,0.4999999999567575
F,0.3,0.6,3.39813232421875,0.5999964768366529,0.4848484847908767,0.4999999999566927
F,0.3,0.6,3.403129577636719,0.5999965344655587,0.484848484789888,0.4999999999566286
F,0.3,0.6,3.408126831054688,0.5999965911555437,0.4848484847889276,0.4999999999565646
F,0.3,0.6,3.413124084472656,0.5999966469218165,0.484848484787994,0.4999999999565007
F,0.3,0.6,3.418121337890625,0.5999967017793479,0.4848484847870875,0.4999999999564366
F,0.3,0.6,3.423118591308594,0.5999967557428616,0.4848484847862065,0.4999999999563719
F,0.3,0.6,3.428115844726562,0.5999968088268488,0.4848484847853506,0.4999999999563083
F,0.3,0.6,3.433113098144531,0.5999968610455647,0.4848484847845181,0.499999999956244
F,0.3,0.6,3.4381103515625,0.5999969124130384,0.4848484847837093,0.4999999999561799
F,0.3,0.6,3.443107604980469,0.5999969629430731,0.4848484847829227,0.499999999956116
F,0.3,0.6,3.448104858398438,0.5999970126492449,0.4848484847821583,0.4999999999560521
F,0.3,0.6,3.453102111816406,0.5999970615449204,0.484848484781414,0.4999999999559878
F,0.3,0.6,3.458099365234375,0.599997109643238,0.484848484780691,0.4999999999559237
F,0.3,0.6,3.463096618652344,0.5999971569571374,0.484848484779987,0.4999999999558597
F,0.3,0.6,3.468093872070312,0.5999972034993293,0.4848484847793023,0.4999999999557956
F,0.3,0.6,3.473091125488281,0.5999972492823631,0.4848484847786361,0.4999999999557317
F,0.3,0.6,3.47808837890625,0.5999972943185455,0.484848484777988,0.4999999999556683
F,0.3,0.6,3.483085632324219,0.599997338619996,0.4848484847773568,0.4999999999556042
F,0.3,0.6,3.488082885742188,0.599997382198646,0.4848484847767423,0.4999999999555404
F,0.3,0.6,3.493080139160156,0.5999974250662237,0.484848484776144,0.4999999999554766
F,0.3,0.6,3.498077392578125,0.5999974672342748,0.4848484847755617,0.4999999999554133
F,0.3,0.6,3.503074645996094,0.5999975087141577,0.484848484774994,0.4999999999553493
F,0.3,0.6,3.508071899414062,0.5999975495170479,0.4848484847744411,0.4999999999552859
F,0.3,0.6,3.513069152832031,0.5999975896539422,0.4848484847739021,0.4999999999552219
F,0.3,0.6,3.51806640625,0.5999976291356588,0.4848484847733772,0.4999999999551584
F,0.3,0.6,3.523063659667969,0.5999976679728412,0.4848484847728651,0.4999999999550943
F,0.3,0.6,3.528060913085938,0.5999977061759634,0.4848484847723663,0.4999999999550309
F,0.3,0.6,3.533058166503906,0.5999977437553211,0.4848484847718793,0.4999999999549675
F,0.3,0.6,3.538055419921875,0.5999977807210535,0.4848484847714047,0.4999999999549041
F,0.3,0.6,3.543052673339844,0.5999978170831342,0.4848484847709407,0.4999999999548402
F,0.3,0.6,3.548049926757812,0.5999978528513775,0.4848484847704887,0.4999999999547768
F,0.3,0.6,3.553047180175781,0.5999978880354332,0.4848484847700472,0.4999999999547127
F,0.3,0.6,3.55804443359375,0.5999979226448005,0.4848484847696157,0.4999999999546493
F,0.3,0.6,3.563041687011719,0.5999979566888242,0.484848484769194,0.4999999999545852
F,0.3,0.6,3.568038940429688,0.5999979901766948,0.484848484768783,0.4999999999545222
F,0.3,0.6,3.573036193847656,0.5999980231174586,0.4848484847683812,0.4999999999544585
F,0.3,0.6,3.578033447265625,0.5999980555200157,0.4848484847679885,0.4999999999543949
F,0.3,0.6,3.583030700683594,0.5999980873931197,0.4848484847676046,0.499999999954331
F,0.3,0.6,3.588027954101562,0.5999981187453853,0.4848484847672292,0.4999999999542675
F,0.3,0.6,3.593025207519531,0.5999981495852826,0.4848484847668624,0.4999999999542034
F,0.3,0.6,3.5980224609375,0.5999981799211521,0.4848484847665035,0.4999999999541407
F,0.3,0.6,3.603019714355469,0.5999982097611952,0.4848484847661526,0.499999999954077
F,0.3,0.6,3.608016967773438,0.5999982391134779,0.4848484847658086,0.4999999999540137
F,0.3,0.6,3.613014221191406,0.5999982679859426,0.4848484847654728,0.4999999999539504
F,0.3,0.6,3.618011474609375,0.5999982963864023,0.4848484847651433,0.4999999999538871
F,0.3,0.6,3.623008728027344,0.5999983243225355,0.4848484847648211,0.4999999999538235
F,0.3,0.6,3.628005981445312,0.5999983518019046,0.4848484847645051,0.4999999999537603
F,0.3,0.6,3.633003234863281,0.5999983788319444,0.4848484847641962,0.4999999999536975
F,0.3,0.6,3.63800048828125,0.599998405419974,0.4848484847638932,0.499999999953634
F,0.3,0.6,3.642997741699219,0.5999984315731973,0.4848484847635958,0.4999999999535706
F,0.3,0.6,3.647994995117188,0.5999984572986913,0.4848484847633046,0.4999999999535077
F,0.3,0.6,3.652992248535156,0.5999984826034226,0.4848484847630193,0.4999999999534448
F,0.3,0.6,3.657989501953125,0.5999985074942462,0.4848484847627379,0.4999999999533816
F,0.3,0.6,3.662986755371094,0.5999985319779069,0.4848484847624628,0.4999999999533183
F,0.3,0.6,3.667984008789062,0.5999985560610387,0.4848484847621925,0.4999999999532549
F,0.3,0.6,3.672981262207031,0.5999985797501665,0.4848484847619279,0.4999999999531925
F,0.3,0.6,3.677978515625,0.5999986030517133,0.4848484847616671,0.499999999953129
F,0.3,0.6,3.682975769042969,0.5999986259719943,0.4848484847614115,0.4999999999530661
F,0.3,0.6,3.687973022460938,0.5999986485172253,0.4848484847611595,0.4999999999530033
F,0.3,0.6,3.692970275878906,0.5999986706935194,0.4848484847609129,0.4999999999529407
F,0.3,0.6,3.697967529296875,0.5999986925068912,0.4848484847606699,0.4999999999528774
F,0.3,0.6,3.702964782714844,0.5999987139632605,0.48484848476043,0.4999999999528146
F,0.3,0.6,3.707962036132812,0.5999987350684448,0.4848484847601943,0.4999999999527515
F,0.3,0.6,3.712959289550781,0.59999875582817,0.4848484847599622,0.4999999999526883
F,0.3,0.6,3.71795654296875,0.5999987762480776,0.4848484847597343,0.4999999999526249
F,0.3,0.6,3.722953796386719,0.5999987963337011,0.4848484847595095,0.4999999999525619
F,0.3,0.6,3.727951049804688,0.5999988160904959,0.4848484847592878,0.4999999999524989
F,0.3,0.6,3.732948303222656,0.5999988355238245,0.4848484847590694,0.4999999999524358
F,0.3,0.6,3.737945556640625,0.5999988546389661,0.4848484847588544,0.4999999999523728
F,0.3,0.6,3.742942810058594,0.5999988734411152,0.4848484847586422,0.4999999999523093
F,0.3,0.6,3.747940063476562,0.5999988919353738,0.4848484847584326,0.4999999999522464
F,0.3,0.6,3.752937316894531,0.5999989101267681,0.484848484758226,0.4999999999521833
F,0.3,0.6,3.7579345703125,0.5999989280202428,0.4848484847580218,0.4999999999521196
F,0.3,0.6,3.762931823730469,0.5999989456206536,0.4848484847578209,0.4999999999520563
F,0.3,0.6,3.767929077148438,0.5999989629327881,0.484848484757622,0.4999999999519931
F,0.3,0.6,3.772926330566406,0.599998979961354,0.4848484847574268,0.4999999999519299
F,0.3,0.6,3.777923583984375,0.5999989967109768,0.4848484847572321,0.4999999999518669
F,0.3,0.6,3.782920837402344,0.5999990131862115,0.4848484847570412,0.4999999999518036
F,0.3,0.6,3.787918090820312,0.5999990293915393,0.484848484756852,0.4999999999517405
F,0.3,0.6,3.792915344238281,0.5999990453313658,0.4848484847566649,0.4999999999516773
F,0.3,0.6,3.79791259765625,0.5999990610100299,0.4848484847564796,0.4999999999516131
F,0.3,0.6,3.802909851074219,0.5999990764317898,0.4848484847562964,0.4999999999515499
F,0.3,0.6,3.807907104492188,0.5999990916008485,0.4848484847561156,0.4999999999514868
F,0.3,0.6,3.812904357910156,0.5999991065213295,0.4848484847559359,0.4999999999514231
F,0.3,0.6,3.817901611328125,0.5999991211972948,0.4848484847557585,0.4999999999513597
F,0.3,0.6,3.822898864746094,0.5999991356327387,0.4848484847555835,0.4999999999512963
F,0.3,0.6,3.827896118164062,0.5999991498315912,0.4848484847554093,0.4999999999512332
F,0.3,0.6,3.832893371582031,0.599999163797716,0.4848484847552373,0.4999999999511696
F,0.3,0.6,3.837890625,0.5999991775349175,0.4848484847550664,0.4999999999511062
F,0.3,0.6,3.842887878417969,0.5999991910469319,0.4848484847548974,0.4999999999510425
F,0.3,0.6,3.847885131835938,0.599999204337446,0.4848484847547294,0.499999999950979
F,0.3,0.6,3.852882385253906,0.5999992174100754,0.484848484754563,0.4999999999509156
F,0.3,0.6,3.857879638671875,0.5999992302683833,0.4848484847543982,0.4999999999508525
F,0.3,0.6,3.862876892089844,0.5999992429158719,0.4848484847542347,0.4999999999507889
F,0.3,0.6,3.867874145507812,0.5999992553559882,0.4848484847540729,0.4999999999507256
F,0.3,0.6,3.872871398925781,0.5999992675921217,0.4848484847539124,0.4999999999506619
F,0.3,0.6,3.87786865234375,0.5999992796276076,0.4848484847537521,0.4999999999505977
F,0.3,0.6,3.882865905761719,0.5999992914657271,0.4848484847535937,0.4999999999505345
F,0.3,0.6,3.887863159179688,0.5999993031097089,0.4848484847534362,0.4999999999504706
F,0.3,0.6,3.892860412597656,0.5999993145627233,0.4848484847532805,0.4999999999504076
F,0.3,0.6,3.897857666015625,0.5999993258278935,0.4848484847531249,0.4999999999503438
F,0.3,0.6,3.902854919433594,0.5999993369082948,0.4848484847529707,0.4999999999502802
F,0.3,0.6,3.907852172851562,0.5999993478069492,0.4848484847528178,0.4999999999502169
F,0.3,0.6,3.912849426269531,0.5999993585268273,0.4848484847526662,0.4999999999501536
F,0.3,0.6,3.9178466796875,0.599999369070854,0.484848484752515,0.4999999999500902
F,0.3,0.6,3.922843933105469,0.5999993794419063,0.4848484847523645,0.4999999999500271
F,0.3,0.6,3.927841186523438,0.5999993896428144,0.484848484752215,0.499999999949963
F,0.3,0.6,3.932838439941406,0.5999993996763608,0.4848484847520665,0.4999999999498999
F,0.3,0.6,3.937835693359375,0.5999994095452844,0.4848484847519196,0.4999999999498363
F,0.3,0.6,3.942832946777344,0.5999994192522794,0.4848484847517728,0.4999999999497726
F,0.3,0.6,3.947830200195312,0.5999994287999966,0.4848484847516266,0.4999999999497089
F,0.3,0.6,3.952827453613281,0.5999994381910391,0.4848484847514809,0.4999999999496455
F,0.3,0.6,3.95782470703125,0.5999994474279748,0.484848484751337,0.4999999999495824
F,0.3,0.6,3.962821960449219,0.5999994565133241,0.484848484751193,0.4999999999495185
F,0.3,0.6,3.967819213867188,0.5999994654495702,0.4848484847510495,0.4999999999494551
F,0.3,0.6,3.972816467285156,0.5999994742391521,0.4848484847509071,0.4999999999493914
F,0.3,0.6,3.977813720703125,0.59999948288447,0.4848484847507651,0.4999999999493283
F,0.3,0.6,3.982810974121094,0.5999994913878846,0.4848484847506236,0.4999999999492641
F,0.3,0.6,3.987808227539062,0.5999994997517228,0.4848484847504828,0.4999999999492009
F,0.3,0.6,3.992805480957031,0.5999995079782681,0.4848484847503429,0.4999999999491375
F,0.3,0.6,3.997802734375,0.5999995160697689,0.4848484847502031,0.4999999999490738
F,0.3,0.6,4.002799987792969,0.5999995240284356,0.4848484847500637,0.4999999999490101
F,0.3,0.6,4.007797241210938,0.5999995318564453,0.4848484847499245,0.4999999999489467
F,0.3,0.6,4.012794494628906,0.5999995395559365,0.4848484847497864,0.4999999999488827
F,0.3,0.6,4.017791748046875,0.5999995471290138,0.4848484847496491,0.4999999999488197
F,0.3,0.6,4.022789001464844,0.5999995545777471,0.4848484847495123,0.4999999999487558
F,0.3,0.6,4.027786254882812,0.5999995619041754,0.4848484847493756,0.4999999999486925
F,0.3,0.6,4.032783508300781,0.5999995691102996,0.4848484847492393,0.4999999999486291
F,0.3,0.6,4.03778076171875,0.5999995761980921,0.4848484847491036,0.4999999999485656
F,0.3,0.6,4.042778015136719,0.599999583169491,0.4848484847489675,0.4999999999485015
F,0.3,0.6,4.047775268554688,0.5999995900264036,0.4848484847488323,0.499999999948438
F,0.3,0.6,4.052772521972656,0.5999995967707059,0.4848484847486973,0.499999999948374
F,0.3,0.6,4.057769775390625,0.5999996034042417,0.4848484847485637,0.4999999999483109
F,0.3,0.6,4.062767028808594,0.5999996099288264,0.4848484847484299,0.499999999948247
F,0.3,0.6,4.067764282226562,0.5999996163462458,0.4848484847482963,0.4999999999481837
F,0.3,0.6,4.072761535644531,0.5999996226582559,0.4848484847481631,0.4999999999481204
F,0.3,0.6,4.0777587890625,0.5999996288665861,0.4848484847480307,0.4999999999480567
F,0.3,0.6,4.082756042480469,0.599999634972934,0.4848484847478983,0.4999999999479933
F,0.3,0.6,4.087753295898438,0.5999996409789687,0.4848484847477662,0.4999999999479301
F,0.3,0.6,4.092750549316406,0.599999646886338,0.4848484847476339,0.499999999947866
F,0.3,0.6,4.097747802734375,0.599999652696658,0.4848484847475022,0.4999999999478026
F,0.3,0.6,4.102745056152344,0.59999965841152,0.4848484847473704,0.499999999947739
F,0.3,0.6,4.107742309570312,0.5999996640324878,0.4848484847472396,0.4999999999476755
F,0.3,0.6,4.112739562988281,0.5999996695611021,0.4848484847471085,0.4999999999476119
F,0.3,0.6,4.11773681640625,0.5999996749988763,0.4848484847469779,0.4999999999475481
F,0.3,0.6,4.122734069824219,0.5999996803472994,0.484848484746847,0.4999999999474848
F,0.3,0.6,4.127731323242188,0.5999996856078382,0.4848484847467169,0.499999999947421
F,0.3,0.6,4.132728576660156,0.5999996907819426,0.4848484847465868,0.4999999999473574
F,0.3,0.6,4.137725830078125,0.5999996958710098,0.4848484847464571,0.499999999947294
F,0.3,0.6,4.142723083496094,0.5999997008764449,0.4848484847463274,0.4999999999472302
F,0.3,0.6,4.147720336914062,0.5999997057996186,0.4848484847461983,0.4999999999471668
F,0.3,0.6,4.152717590332031,0.5999997106418816,0.4848484847460687,0.4999999999471031
F,0.3,0.6,4.15771484375,0.5999997154045601,0.4848484847459399,0.4999999999470395
F,0.3,0.6,4.162712097167969,0.5999997200889596,0.484848484745811,0.4999999999469757
F,0.3,0.6,4.167709350585938,0.5999997246963632,0.4848484847456827,0.4999999999469122
F,0.3,0.6,4.172706604003906,0.599999729228036,0.4848484847455541,0.4999999999468485
F,0.3,0.6,4.177703857421875,0.5999997336852179,0.4848484847454261,0.4999999999467849
F,0.3,0.6,4.182701110839844,0.5999997380691324,0.4848484847452974,0.4999999999467212
F,0.3,0.6,4.187698364257812,0.5999997423809802,0.4848484847451699,0.4999999999466577
F,0.3,0.6,4.192695617675781,0.5999997466219459,0.4848484847450417,0.4999999999465939
F,0.3,0.6,4.19769287109375,0.5999997507931915,0.4848484847449142,0.4999999999465307
F,0.3,0.6,4.202690124511719,0.5999997548958609,0.484848484744787,0.4999999999464672
F,0.3,0.6,4.207687377929688,0.5999997589310783,0.4848484847446592,0.499999999946403
F,0.3,0.6,4.212684631347656,0.5999997628999544,0.4848484847445317,0.4999999999463397
F,0.3,0.6,4.217681884765625,0.5999997668035749,0.4848484847444045,0.499999999946276
F,0.3,0.6,4.222679138183594,0.5999997706430074,0.4848484847442773,0.499999999946212
F,0.3,0.6,4.227676391601562,0.5999997744193116,0.4848484847441503,0.4999999999461486
F,0.3,0.6,4.232673645019531,0.5999997781335218,0.4848484847440234,0.4999999999460852
F,0.3,0.6,4.2376708984375,0.5999997817866564,0.4848484847438969,0.4999999999460212
F,0.3,0.6,4.242668151855469,0.5999997853797171,0.4848484847437701,0.4999999999459577
F,0.3,0.6,4.247665405273438,0.5999997889136909,0.4848484847436436,0.4999999999458942
F,0.3,0.6,4.252662658691406,0.5999997923895481,0.4848484847435173,0.4999999999458304
F,0.3,0.6,4.257659912109375,0.5999997958082418,0.4848484847433909,0.4999999999457668
F,0.3,0.6,4.262657165527344,0.5999997991707118,0.4848484847432651,0.4999999999457034
F,0.3,0.6,4.267654418945312,0.5999998024778785,0.4848484847431394,0.4999999999456393
F,0.3,0.6,4.272651672363281,0.5999998057306539,0.4848484847430129,0.4999999999455764
F,0.3,0.6,4.27764892578125,0.5999998089299298,0.4848484847428868,0.4999999999455125
F,0.3,0.6,4.282646179199219,0.5999998120765827,0.4848484847427606,0.4999999999454484
F,0.3,0.6,4.287643432617188,0.5999998151714784,0.4848484847426347,0.4999999999453847
F,0.3,0.6,4.292640686035156,0.5999998182154653,0.4848484847425089,0.4999999999453213
F,0.3,0.6,4.297637939453125,0.5999998212093789,0.4848484847423832,0.4999999999452573
F,0.3,0.6,4.302635192871094,0.5999998241540447,0.4848484847422576,0.4999999999451941
F,0.3,0.6,4.307632446289062,0.5999998270502684,0.4848484847421316,0.4999999999451301
F,0.3,0.6,4.312629699707031,0.5999998298988479,0.4848484847420064,0.4999999999450667
F,0.3,0.6,4.317626953125,0.5999998327005635,0.4848484847418805,0.499999999945002
F,0.3,0.6,4.322624206542969,0.5999998354561867,0.4848484847417555,0.4999999999449389
F,0.3,0.6,4.327621459960938,0.5999998381664748,0.4848484847416299,0.4999999999448753
F,0.3,0.6,4.332618713378906,0.59999984083217,0.4848484847415045,0.4999999999448119
F,0.3,0.6,4.337615966796875,0.599999843454007,0.4848484847413796,0.4999999999447478
F,0.3,0.6,4.342613220214844,0.599999846032699,0.4848484847412541,0.4999999999446842
F,0.3,0.6,4.347610473632812,0.5999998485689677,0.4848484847411293,0.4999999999446204
F,0.3,0.6,4.352607727050781,0.5999998510635046,0.4848484847410043,0.499999999944557
F,0.3,0.6,4.35760498046875,0.599999853516994,0.4848484847408794,0.4999999999444935
F,0.3,0.6,4.362602233886719,0.5999998559301113,0.4848484847407546,0.4999999999444297
F,0.3,0.6,4.367599487304688,0.5999998583035174,0.4848484847406297,0.4999999999443662
F,0.3,0.6,4.372596740722656,0.5999998606378697,0.4848484847405046,0.4999999999443024
F,0.3,0.6,4.377593994140625,0.5999998629338049,0.4848484847403797,0.4999999999442383
F,0.3,0.6,4.382591247558594,0.599999865191956,0.4848484847402546,0.4999999999441744
F,0.3,0.6,4.387588500976562,0.5999998674129458,0.4848484847401299,0.4999999999441108
F,0.3,0.6,4.392585754394531,0.5999998695973816,0.4848484847400051,0.4999999999440471
F,0.3,0.6,4.3975830078125,0.599999871745868,0.4848484847398798,0.4999999999439831
F,0.3,0.6,4.402580261230469,0.5999998738589923,0.4848484847397558,0.4999999999439195
F,0.3,0.6,4.407577514648438,0.5999998759373377,0.4848484847396308,0.4999999999438556
F,0.3,0.6,4.412574768066406,0.5999998779814748,0.484848484739506,0.499999999943792
F,0.3,0.6,4.417572021484375,0.599999879991967,0.4848484847393815,0.4999999999437285
F,0.3,0.6,4.422569274902344,0.5999998819693654,0.4848484847392567,0.4999999999436643
F,0.3,0.6,4.427566528320312,0.5999998839142161,0.4848484847391322,0.499999999943601
F,0.3,0.6,4.432563781738281,0.5999998858270517,0.4848484847390078,0.499999999943537
F,0.3,0.6,4.43756103515625,0.5999998877084004,0.4848484847388832,0.4999999999434734
F,0.3,0.6,4.442558288574219,0.5999998895587784,0.4848484847387589,0.4999999999434097
F,0.3,0.6,4.447555541992188,0.5999998913786961,0.484848484738634,0.499999999943346
F,0.3,0.6,4.452552795410156,0.599999893168654,0.4848484847385097,0.4999999999432821
F,0.3,0.6,4.457550048828125,0.5999998949291443,0.4848484847383852,0.4999999999432179
F,0.3,0.6,4.462547302246094,0.5999998966606493,0.4848484847382607,0.4999999999431545
F,0.3,0.6,4.467544555664062,0.5999998983636502,0.4848484847381364,0.4999999999430903
F,0.3,0.6,4.472541809082031,0.5999999000386127,0.484848484738012,0.499999999943027
F,0.3,0.6,4.4775390625,0.5999999016859993,0.4848484847378875,0.4999999999429628
F,0.3,0.6,4.482536315917969,0.5999999033062619,0.4848484847377633,0.4999999999428994
F,0.3,0.6,4.487533569335938,0.5999999048998473,0.4848484847376391,0.4999999999428356
F,0.3,0.6,4.492530822753906,0.5999999064671934,0.484848484737515,0.4999999999427718
F,0.3,0.6,4.497528076171875,0.5999999080087323,0.4848484847373913,0.4999999999427084
F,0.3,0.6,4.502525329589844,0.5999999095248898,0.484848484737267,0.499999999942645
F,0.3,0.6,4.507522583007812,0.5999999110160801,0.4848484847371429,0.4999999999425808
F,0.3,0.6,4.512519836425781,0.5999999124827162,0.4848484847370189,0.4999999999425174
F,0.3,0.6,4.51751708984375,0.5999999139252012,0.4848484847368951,0.4999999999424536
F,0.3,0.6,4.522514343261719,0.599999915343933,0.4848484847367706,0.49999999994239
F,0.3,0.6,4.527511596679688,0.5999999167393005,0.4848484847366464,0.499999999942326
F,0.3,0.6,4.532508850097656,0.5999999181116895,0.4848484847365224,0.4999999999422624
F,0.3,0.6,4.537506103515625,0.5999999194614796,0.484848484736399,0.4999999999421987
F,0.3,0.6,4.542503356933594,0.5999999207890393,0.4848484847362745,0.4999999999421345
F,0.3,0.6,4.547500610351562,0.5999999220947342,0.4848484847361502,0.499999999942071
F,0.3,0.6,4.552497863769531,0.5999999233789255,0.4848484847360262,0.4999999999420074
F,0.3,0.6,4.5574951171875,0.5999999246419672,0.4848484847359021,0.4999999999419438
F,0.3,0.6,4.562492370605469,0.5999999258842061,0.4848484847357783,0.49999999994188
F,0.3,0.6,4.567489624023438,0.599999927105987,0.4848484847356546,0.4999999999418161
F,0.3,0.6,4.572486877441406,0.5999999283076428,0.4848484847355303,0.4999999999417525
F,0.3,0.6,4.577484130859375,0.5999999294895064,0.4848484847354068,0.4999999999416886
F,0.3,0.6,4.582481384277344,0.5999999306519037,0.4848484847352829,0.4999999999416251
F,0.3,0.6,4.587478637695312,0.5999999317951549,0.4848484847351588,0.4999999999415615
F,0.3,0.6,4.592475891113281,0.5999999329195739,0.484848484735035,0.4999999999414976
F,0.3,0.6,4.59747314453125,0.5999999340254726,0.4848484847349107,0.4999999999414336
F,0.3,0.6,4.602470397949219,0.599999935113153,0.4848484847347871,0.4999999999413703
F,0.3,0.6,4.607467651367188,0.5999999361829164,0.4848484847346623,0.4999999999413061
F,0.3,0.6,4.612464904785156,0.5999999372350577,0.4848484847345389,0.4999999999412424
F,0.3,0.6,4.617462158203125,0.5999999382698675,0.4848484847344147,0.4999999999411786
F,0.3,0.6,4.622459411621094,0.5999999392876303,0.4848484847342909,0.4999999999411146
F,0.3,0.6,4.627456665039062,0.5999999402886256,0.4848484847341669,0.499999999941051
F,0.3,0.6,4.632453918457031,0.5999999412731309,0.484848484734043,0.4999999999409872
F,0.3,0.6,4.637451171875,0.5999999422414167,0.4848484847339194,0.4999999999409238
F,0.3,0.6,4.642448425292969,0.5999999431937507,0.4848484847337951,0.4999999999408602
F,0.3,0.6,4.647445678710938,0.5999999441303941,0.4848484847336713,0.4999999999407959
F,0.3,0.6,4.652442932128906,0.5999999450516067,0.484848484733548,0.4999999999407322
F,0.3,0.6,4.657440185546875,0.5999999459576396,0.4848484847334245,0.4999999999406685
F,0.3,0.6,4.662437438964844,0.5999999468487457,0.4848484847333004,0.4999999999406054
F,0.3,0.6,4.667434692382812,0.5999999477251704,0.484848484733176,0.4999999999405411
F,0.3,0.6,4.672431945800781,0.5999999485871559,0.4848484847330519,0.4999999999404773
F,0.3,0.6,4.67742919921875,0.5999999494349358,0.484848484732928,0.4999999999404133
F,0.3,0.6,4.682426452636719,0.5999999502687496,0.4848484847328038,0.4999999999403497
F,0.3,0.6,4.687423706054688,0.5999999510888233,0.4848484847326799,0.4999999999402854
F,0.3,0.6,4.692420959472656,0.5999999518953822,0.4848484847325563,0.499999999940222
F,0.3,0.6,4.697418212890625,0.5999999526886528,0.484848484732432,0.4999999999401584
F,0.3,0.6,4.702415466308594,0.5999999534688506,0.4848484847323077,0.4999999999400942
F,0.3,0.6,4.707412719726562,0.5999999542361919,0.4848484847321838,0.4999999999400303
F,0.3,0.6,4.712409973144531,0.5999999549908888,0.48484848473206,0.4999999999399661
F,0.3,0.6,4.7174072265625,0.5999999557331483,0.4848484847319361,0.4999999999399022
F,0.3,0.6,4.722404479980469,0.5999999564631773,0.4848484847318117,0.4999999999398384
F,0.3,0.6,4.727401733398438,0.5999999571811763,0.4848484847316879,0.4999999999397748
F,0.3,0.6,4.732398986816406,0.5999999578873414,0.484848484731564,0.4999999999397108
F,0.3,0.6,4.737396240234375,0.5999999585818696,0.4848484847314399,0.4999999999396467
F,0.3,0.6,4.742393493652344,0.5999999592649504,0.4848484847313158,0.4999999999395831
F,0.3,0.6,4.747390747070312,0.599999959936775,0.4848484847311919,0.4999999999395189
F,0.3,0.6,4.752388000488281,0.5999999605975262,0.4848484847310676,0.4999999999394551
F,0.3,0.6,4.75738525390625,0.59999996124739,0.4848484847309444,0.4999999999393913
F,0.3,0.6,4.762382507324219,0.5999999618865428,0.4848484847308198,0.4999999999393278
F,0.3,0.6,4.767379760742188,0.5999999625151591,0.4848484847306959,0.4999999999392634
F,0.3,0.6,4.772377014160156,0.5999999631334166,0.4848484847305715,0.4999999999391993
F,0.3,0.6,4.777374267578125,0.5999999637414822,0.484848484730448,0.4999999999391362
F,0.3,0.6,4.782371520996094,0.5999999643395258,0.4848484847303234,0.4999999999390719
F,0.3,0.6,4.787368774414062,0.5999999649277136,0.4848484847301996,0.4999999999390077
F,0.3,0.6,4.792366027832031,0.5999999655062058,0.4848484847300756,0.4999999999389438
F,0.3,0.6,4.79736328125,0.5999999660751633,0.4848484847299516,0.4999999999388802
F,0.3,0.6,4.802360534667969,0.5999999666347402,0.4848484847298276,0.4999999999388161
F,0.3,0.6,4.807357788085938,0.5999999671850946,0.4848484847297034,0.4999999999387524
F,0.3,0.6,4.812355041503906,0.5999999677263771,0.4848484847295796,0.4999999999386884
F,0.3,0.6,4.817352294921875,0.5999999682587382,0.4848484847294556,0.4999999999386245
F,0.3,0.6,4.822349548339844,0.5999999687823223,0.4848484847293314,0.4999999999385606
F,0.3,0.6,4.827346801757812,0.5999999692972771,0.4848484847292077,0.4999999999384968
F,0.3,0.6,4.832344055175781,0.5999999698037417,0.4848484847290836,0.4999999999384324
F,0.3,0.6,4.83734130859375,0.5999999703018554,0.4848484847289602,0.499999999938369
F,0.3,0.6,4.842338562011719,0.5999999707917625,0.4848484847288357,0.4999999999383052
F,0.3,0.6,4.847335815429688,0.5999999712735894,0.4848484847287116,0.4999999999382411
F,0.3,0.6,4.852333068847656,0.5999999717474764,0.4848484847285878,0.499999999938177
F,0.3,0.6,4.857330322265625,0.5999999722135484,0.4848484847284635,0.499999999938113
F,0.3,0.6,4.862327575683594,0.5999999726719371,0.4848484847283399,0.4999999999380496
F,0.3,0.6,4.867324829101562,0.5999999731227704,0.4848484847282158,0.4999999999379855
F,0.3,0.6,4.872322082519531,0.5999999735661697,0.484848484728092,0.4999999999379215
F,0.3,0.6,4.8773193359375,0.5999999740022588,0.4848484847279675,0.4999999999378577
F,0.3,0.6,4.882316589355469,0.599999974431159,0.4848484847278434,0.4999999999377939
F,0.3,0.6,4.887313842773438,0.5999999748529873,0.4848484847277194,0.4999999999377296
F,0.3,0.6,4.892311096191406,0.5999999752678629,0.4848484847275952,0.4999999999376657
F,0.3,0.6,4.897308349609375,0.5999999756758951,0.4848484847274707,0.4999999999376019
F,0.3,0.6,4.902305603027344,0.5999999760772042,0.4848484847273472,0.4999999999375379
F,0.3,0.6,4.907302856445312,0.5999999764718921,0.4848484847272229,0.4999999999374735
F,0.3,0.6,4.912300109863281,0.599999976860075,0.4848484847270983,0.4999999999374095
F,0.3,0.6,4.91729736328125,0.5999999772418564,0.4848484847269746,0.4999999999373456
F,0.3,0.6,4.922294616699219,0.599999977617342,0.4848484847268506,0.4999999999372817
F,0.3,0.6,4.927291870117188,0.5999999779866367,0.4848484847267261,0.4999999999372179
F,0.3,0.6,4.932289123535156,0.599999978349843,0.4848484847266018,0.4999999999371537
F,0.3,0.6,4.937286376953125,0.59999997870706,0.4848484847264776,0.4999999999370895
F,0.3,0.6,4.942283630371094,0.5999999790583851,0.4848484847263537,0.4999999999370255
F,0.3,0.6,4.947280883789062,0.599999979403921,0.4848484847262287,0.499999999936961
F,0.3,0.6,4.952278137207031,0.5999999797437575,0.4848484847261049,0.4999999999368976
F,0.3,0.6,4.957275390625,0.5999999800779893,0.4848484847259804,0.4999999999368333
F,0.3,0.6,4.962272644042969,0.5999999804067078,0.4848484847258567,0.4999999999367692
F,0.3,0.6,4.967269897460938,0.5999999807300082,0.4848484847257319,0.4999999999367054
F,0.3,0.6,4.972267150878906,0.5999999810479751,0.4848484847256083,0.4999999999366415
F,0.3,0.6,4.977264404296875,0.5999999813607015,0.484848484725484,0.4999999999365774
F,0.3,0.6,4.982261657714844,0.599999981668269,0.4848484847253602,0.4999999999365136
F,0.3,0.6,4.987258911132812,0.5999999819707661,0.4848484847252358,0.4999999999364494
F,0.3,0.6,4.992256164550781,0.5999999822682729,0.4848484847251114,0.4999999999363854
F,0.3,0.6,4.99725341796875,0.5999999825608736,0.4848484847249874,0.4999999999363209
F,0.3,0.6,5,0.5999999827196334,0.4848484847249188,0.4999999999362861
F,1,0.6,0,1,1,0.5000000000000001
F,1,0.6,0.00499725341796875,1.081563551157431,0.9985489511349921,0.4999999999999302
F,1,0.6,0.0099945068359375,1.165666508437238,1.015020297162397,0.4999999999998611
F,1,0.6,0.01499176025390625,1.251723286999602,1.042378917631199,0.4999999999997921
F,1,0.6,0.019989013671875,1.339042796072919,1.075453532943293,0.4999999999997232
F,1,0.6,0.02498626708984375,1.426837674707816,1.110510950641326,0.4999999999996549
F,1,0.6,0.0299835205078125,1.514239914850987,1.144920941436701,0.4999999999995873
F,1,0.6,0.03498077392578125,1.600322806913002,1.176893164722361,0.4999999999995191
F,1,0.6,0.03997802734375,1.684128507665518,1.205271291864431,0.4999999999994519
F,1,0.6,0.04497528076171875,1.764699864262985,1.229372465317129,0.4999999999993845
F,1,0.6,0.0499725341796875,1.841114532159328,1.248862627826315,0.4999999999993174
F,1,0.6,0.05496978759765625,1.912519005096975,1.263660175518356,0.4999999999992507
F,1,0.6,0.059967041015625,1.978160020484569,1.273861925471161,0.4999999999991843
F,1,0.6,0.06496429443359375,2.037410960419931,1.279686617976004,0.4999999999991173
F,1,0.6,0.0699615478515625,2.089791328210985,1.281432156846982,0.4999999999990506
F,1,0.6,0.07495880126953125,2.134978075923213,1.27944357662091,0.4999999999989843
F,1,0.6,0.0799560546875,2.172808380062597,1.274089352524312,0.499999999998918
F,1,0.6,0.08495330810546875,2.203274281247008,1.265744169160788,0.4999999999988515
F,1,0.6,0.0899505615234375,2.226510300890537,1.254776662281476,0.499999999998786
F,1,0.6,0.09494781494140625,2.242775638482118,1.24154096504525,0.4999999999987199
F,1,0.6,0.099945068359375,2.252432798378286,1.226371142143952,0.4999999999986542
F,1,0.6,0.1049423217773438,2.255924502979952,1.209577795128923,0.4999999999985882
F,1,0.6,0.1099395751953125,2.253750563567576,1.19144628070515,0.4999999999985228
F,1,0.6,0.1149368286132812,2.24644606485438,1.172236109054677,0.4999999999984572
F,1,0.6,0.11993408203125,2.234561842294194,1.152181188136945,0.4999999999983915
F,1,0.6,0.1249313354492188,2.218647851450098,1.13149065777376,0.4999999999983262
F,1,0.6,0.1299285888671875,2.199239689479902,1.110350118467617,0.4999999999982601
F,1,0.6,0.1349258422851562,2.176848255309641,1.088923107767361,0.4999999999981952
F,1,0.6,0.139923095703125,2.151952336614999,1.067352714334648,0.4999999999981294
F,1,0.6,0.1449203491210938,2.124993785536406,1.045763248873998,0.4999999999980643
F,1,0.6,0.1499176025390625,2.096374880847625,1.024261913518354,0.4999999999979992
F,1,0.6,0.1549148559570312,2.066457458341458,1.002940428505324,0.4999999999979337
F,1,0.6,0.159912109375,2.035563409321417,0.9818765881458148,0.4999999999978688
F,1,0.6,0.1649093627929688,2.003976186589376,0.9611357280576791,0.4999999999978036
F,1,0.6,0.1699066162109375,1.971943007913951,0.9407720931115795,0.4999999999977381
F,1,0.6,0.1749038696289062,1.939677501019386,0.9208301010680637,0.499999999997673
F,1,0.6,0.179901123046875,1.907362586480335,0.9013455009116021,0.4999999999976079
F,1,0.6,0.1848983764648438,1.875153442409955,0.8823464277544538,0.4999999999975426
F,1,0.6,0.1898956298828125,1.843180435909775,0.8638543581622552,0.4999999999974775
F,1,0.6,0.1948928833007812,1.811551940422053,0.8458849710575055,0.4999999999974126
F,1,0.6,0.19989013671875,1.780356985613932,0.8284489201535217,0.4999999999973474
F,1,0.6,0.2048873901367188,1.749667707857574,0.8115525242898057,0.4999999999972825
F,1,0.6,0.2098846435546875,1.71954158557844,0.7951983821812556,0.4999999999972174
F,1,0.6,0.2148818969726562,1.690023455603187,0.7793859180359701,0.4999999999971525
F,1,0.6,0.219879150390625,1.661147314987084,0.7641118642995568,0.4999999999970873
F,1,0.6,0.2248764038085938,1.632937918394125,0.7493706874933429,0.4999999999970228
F,1,0.6,0.2298736572265625,1.605412184586901,0.7351549627642402,0.4999999999969579
F,1,0.6,0.2348709106445312,1.578580427494011,0.7214557023809894,0.4999999999968932
F,1,0.6,0.2398681640625,1.55244742809201,0.7082626430140615,0.4999999999968283
F,1,0.6,0.2448654174804688,1.527013363308596,0.6955644962385126,0.4999999999967634
F,1,0.6,0.2498626708984375,1.502274607581873,0.683349166310166,0.4999999999966989
F,1,0.6,0.2548599243164062,1.478224421798375,0.6716039388924713,0.4999999999966337
F,1,0.6,0.259857177734375,1.454853543222144,0.6603156440584337,0.4999999999965686
F,1,0.6,0.2648544311523438,1.43215068882423,0.649470796561854,0.4999999999965037
F,1,0.6,0.2698516845703125,1.410102983199879,0.6390557160658679,0.4999999999964385
F,1,0.6,0.2748489379882812,1.388696321068126,0.6290566297349927,0.4999999999963737
F,1,0.6,0.27984619140625,1.367915673216561,0.6194597593389338,0.4999999999963087
F,1,0.6,0.2848434448242188,1.347745343703321,0.6102513947817253,0.4999999999962437
F,1,0.6,0.2898406982421875,1.328169185165737,0.6014179557570829,0.4999999999961789
F,1,0.6,0.2948379516601562,1.309170778215137,0.5929460430387952,0.4999999999961139
F,1,0.6,0.299835205078125,1.29073358011908,0.5848224807422711,0.4999999999960495
F,1,0.6,0.3048324584960938,1.272841047279845,0.5770343507383523,0.4999999999959847
F,1,0.6,0.3098297119140625,1.255476735407692,0.5695690202618255,0.4999999999959198
F,1,0.6,0.3148269653320312,1.238624380750739,0.56241416363329,0.4999999999958554
F,1,0.6,0.31982421875,1.222267965274947,0.5555577789027389,0.4999999999957905
F,1,0.6,0.3248214721679688,1.20639176827892,0.5489882001251302,0.4999999999957257
F,1,0.6,0.3298187255859375,1.190980406573911,0.5426941058911956,0.4999999999956614
F,1,0.6,0.3348159790039062,1.176018865052576,0.5366645246595465,0.4999999999955966
F,1,0.6,0.339813232421875,1.161492519204558,0.5308888373678813,0.4999999999955318
F,1,0.6,0.3448104858398438,1.147387150908464,0.5253567777406816,0.4999999999954672
F,1,0.6,0.3498077392578125,1.133688958633148,0.5200584306575873,0.4999999999954023
F,1,0.6,0.3548049926757812,1.120384563011887,0.5149842288995714,0.4999999999953379
F,1,0.6,0.35980224609375,1.107461008608053,0.5101249485487236,0.4999999999952731
F,1,0.6,0.3647994995117188,1.094905762566576,0.5054717032810195,0.4999999999952087
F,1,0.6,0.3697967529296875,1.082706710738818,0.5010159377594733,0.4999999999951437
F,1,0.6,0.3747940063476562,1.070852151777603,0.4967494203069839,0.4999999999950795
F,1,0.6,0.379791259765625,1.059330789621257,0.4926642350135488,0.4999999999950147
F,1,0.6,0.3847885131835938,1.048131724719064,0.4887527734109541,0.4999999999949501
F,1,0.6,0.3897857666015625,1.037244444294054,0.4850077258291359,0.4999999999948854
F,1,0.6,0.3947830200195312,1.026658811890576,0.4814220725319319,0.499999999994821
F,1,0.6,0.3997802734375,1.016365056413326,0.4779890747154883,0.4999999999947561
F,1,0.6,0.4047775268554688,1.00635376082931,0.474702265440032,0.4999999999946918
F,1,0.6,0.4097747802734375,0.9966158506747949,0.4715554405547398,0.499999999994627
F,1,0.6,0.4147720336914062,0.9871425824840204,0.4685426496659192,0.499999999994562
F,1,0.6,0.419769287109375,0.9779255322352423,0.4656581871904114,0.4999999999944972
F,1,0.6,0.4247665405273438,0.968956583891585,0.4628965835289505,0.4999999999944327
F,1,0.6,0.4297637939453125,0.9602279180989962,0.4602525963879759,0.4999999999943678
F,1,0.6,0.4347610473632812,0.9517320010907856,0.4577212022730124,0.499999999994303
F,1,0.6,0.43975830078125,0.94346157383745,0.4552975881720833,0.4999999999942386
F,1,0.6,0.4447555541992188,0.9354096414713851,0.4529771434436252,0.4999999999941737
F,1,0.6,0.4497528076171875,0.9275694630086092,0.4507554519199184,0.499999999994109
F,1,0.6,0.4547500610351562,0.9199345413832207,0.4486282842341169,0.4999999999940445
F,1,0.6,0.459747314453125,0.9124986138050912,0.4465915903764303,0.4999999999939799
F,1,0.6,0.4647445678710938,0.9052556424469892,0.444641492482886,0.4999999999939155
F,1,0.6,0.4697418212890625,0.8981998054637637,0.442774277858257,0.4999999999938512
F,1,0.6,0.4747390747070312,0.8913254883432041,0.4409863922332351,0.499999999993786
F,1,0.6,0.479736328125,0.8846272755859804,0.4392744332546243,0.4999999999937217
F,1,0.6,0.4847335815429688,0.878099942710015,0.4376351442062644,0.499999999993657
F,1,0.6,0.4897308349609375,0.87173844857325,0.4360654079575117,0.4999999999935928
F,1,0.6,0.4947280883789062,0.8655379280075044,0.4345622411353659,0.4999999999935281
F,1,0.6,0.499725341796875,0.8594936847552634,0.433122788515754,0.4999999999934633
F,1,0.6,0.5047225952148438,0.8536011847005881,0.4317443176290142,0.4999999999933988
F,1,0.6,0.5097198486328125,0.8478560493847619,0.4304242135742427,0.4999999999933341
F,1,0.6,0.5147171020507812,0.8422540497971135,0.4291599740369145,0.4999999999932699
F,1,0.6,0.51971435546875,0.8367911004311371,0.4279492045039551,0.4999999999932048
F,1,0.6,0.5247116088867188,0.8314632535960431,0.4267896136703351,0.4999999999931409
F,1,0.6,0.5297088623046875,0.8262666939738531,0.4256790090311477,0.499999999993077
F,1,0.6,0.5347061157226562,0.821197733412229,0.4246152926531097,0.4999999999930123
F,1,0.6,0.539703369140625,0.8162528059434038,0.4235964571194294,0.4999999999929478
F,1,0.6,0.5447006225585938,0.8114284630197255,0.4226205816420088,0.4999999999928837
F,1,0.6,0.5496978759765625,0.8067213689565866,0.4216858283350181,0.4999999999928189
F,1,0.6,0.5546951293945312,0.8021282965737587,0.4207904386439648,0.499999999992755
F,1,0.6,0.5596923828125,0.7976461230264028,0.4199327299244817,0.4999999999926901
F,1,0.6,0.5646896362304688,0.7932718258173593,0.4191110921651779,0.499999999992626
F,1,0.6,0.5696868896484375,0.789002478982518,0.4183239848490202,0.4999999999925616
F,1,0.6,0.5746841430664062,0.7848352494415198,0.4175699339478635,0.4999999999924977
F,1,0.6,0.579681396484375,0.7807673935062251,0.4168475290448875,0.4999999999924331
F,1,0.6,0.5846786499023438,0.7767962535397159,0.4161554205798459,0.4999999999923693
F,1,0.6,0.5896759033203125,0.7729192547589065,0.415492317212191,0.4999999999923046
F,1,0.6,0.5946731567382812,0.7691339021741834,0.414856983297303,0.4999999999922404
F,1,0.6,0.59967041015625,0.7654377776596679,0.4142482364711923,0.4999999999921756
F,1,0.6,0.6046676635742188,0.7618285371480862,0.4136649453392136,0.4999999999921116
F,1,0.6,0.6096649169921875,0.7583039079444464,0.4131060272644843,0.4999999999920473
F,1,0.6,0.6146621704101562,0.7548616861530095,0.4125704462518497,0.4999999999919826
F,1,0.6,0.619659423828125,0.7514997342122836,0.4120572109233996,0.4999999999919185
F,1,0.6,0.6246566772460938,0.7482159785330259,0.4115653725816719,0.4999999999918539
F,1,0.6,0.6296539306640625,0.7450084072344978,0.411094023356847,0.4999999999917901
F,1,0.6,0.6346511840820312,0.7418750679743668,0.4106422944343633,0.4999999999917255
F,1,0.6,0.6396484375,0.7388140658679853,0.4102093543595351,0.4999999999916611
F,1,0.6,0.6446456909179688,0.7358235614928601,0.4097944074158753,0.4999999999915968
F,1,0.6,0.6496429443359375,0.7329017689744578,0.4093966920739712,0.4999999999915327
F,1,0.6,0.6546401977539062,0.7300469541495159,0.4090154795078863,0.4999999999914685
F,1,0.6,0.659637451171875,0.727257432803437,0.4086500721761697,0.4999999999914045
F,1,0.6,0.6646347045898438,0.7245315689782317,0.4082998024646913,0.4999999999913403
F,1,0.6,0.6696319580078125,0.7218677733479423,0.4079640313886422,0.4999999999912756
F,1,0.6,0.6746292114257812,0.7192645016583875,0.4076421473511133,0.4999999999912112
F,1,0.6,0.67962646484375,0.7167202532283808,0.4073335649558217,0.4999999999911471
F,1,0.6,0.6846237182617188,0.7142335695096327,0.4070377238716177,0.4999999999910829
F,1,0.6,0.6896209716796875,0.7118030327026831,0.4067540877465329,0.4999999999910186
F,1,0.6,0.6946182250976562,0.7094272644264326,0.4064821431691988,0.4999999999909542
F,1,0.6,0.699615478515625,0.7071049244388193,0.4062213986755874,0.4999999999908894
F,1,0.6,0.7046127319335938,0.7048347094064256,0.4059713837990827,0.499999999990825
F,1,0.6,0.7096099853515625,0.7026153517208376,0.4057316481620014,0.4999999999907612
F,1,0.6,0.7146072387695312,0.7004456183597201,0.4055017606067467,0.4999999999906963
F,1,0.6,0.7196044921875,0.6983243097906634,0.4052813083648663,0.499999999990632
F,1,0.6,0.7246017456054688,0.6962502589159227,0.4050698962623553,0.4999999999905674
F,1,0.6,0.7295989990234375,0.6942223300563058,0.4048671459596195,0.4999999999905033
F,1,0.6,0.7345962524414062,0.6922394179725331,0.4046726952245792,0.4999999999904387
F,1,0.6,0.739593505859375,0.6903004469224381,0.4044861972374649,0.4999999999903744
F,1,0.6,0.7445907592773438,0.6884043697525407,0.4043073199259175,0.49999999999031
F,1,0.6,0.7495880126953125,0.6865501670224613,0.4041357453290665,0.4999999999902451
F,1,0.6,0.7545852661132812,0.6847368461608567,0.4039711689893083,0.4999999999901812
F,1,0.6,0.75958251953125,0.6829634406515773,0.4038132993705842,0.4999999999901168
F,1,0.6,0.7645797729492188,0.6812290092486912,0.403661857301983,0.4999999999900527
F,1,0.6,0.7695770263671875,0.6795326352192851,0.4035165754455711,0.499999999989988
F,1,0.6,0.7745742797851562,0.6778734256128549,0.4033771977873786,0.4999999999899242
F,1,0.6,0.779571533203125,0.6762505105561647,0.4032434791505294,0.4999999999898593
F,1,0.6,0.7845687866210938,0.6746630425726421,0.4031151847295483,0.4999999999897951
F,1,0.6,0.7895660400390625,0.6731101959251857,0.4029920896449128,0.4999999999897311
F,1,0.6,0.7945632934570312,0.6715911659815182,0.4028739785169613,0.4999999999896665
F,1,0.6,0.799560546875,0.6701051686012308,0.4027606450583196,0.4999999999896023
F,1,0.6,0.8045578002929688,0.6686514395435014,0.4026518916840185,0.4999999999895377
F,1,0.6,0.8095550537109375,0.6672292338948491,0.4025475291385428,0.4999999999894741
F,1,0.6,0.8145523071289062,0.6658378255160067,0.4024473761390594,0.4999999999894094
F,1,0.6,0.819549560546875,0.6644765065072374,0.4023512590341244,0.4999999999893456
F,1,0.6,0.8245468139648438,0.6631445866913221,0.4022590114771842,0.4999999999892811
F,1,0.6,0.8295440673828125,0.6618413931136023,0.4021704741142282,0.4999999999892165
F,1,0.6,0.8345413208007812,0.6605662695583491,0.4020854942849715,0.4999999999891528
F,1,0.6,0.83953857421875,0.6593185760808993,0.4020039257369796,0.4999999999890883
F,1,0.6,0.8445358276367188,0.6580976885549147,0.4019256283521618,0.4999999999890243
F,1,0.6,0.8495330810546875,0.6569029982342173,0.4018504678850979,0.49999999998896
F,1,0.6,0.8545303344726562,0.6557339113286391,0.401778315712682,0.4999999999888959
F,1,0.6,0.859527587890625,0.6545898485933821,0.4017090485945879,0.4999999999888317
F,1,0.6,0.8645248413085938,0.6534702449313642,0.4016425484440762,0.4999999999887676
F,1,0.6,0.8695220947265625,0.6523745490080957,0.4015787021087036,0.499999999988703
F,1,0.6,0.8745193481445312,0.6513022228785792,0.4015174011604969,0.4999999999886392
F,1,0.6,0.8795166015625,0.6502527416258931,0.4014585416951726,0.4999999999885745
F,1,0.6,0.8845138549804688,0.6492255930108944,0.4014020241400177,0.4999999999885108
F,1,0.6,0.8895111083984375,0.6482202771327787,0.4013477530700483,0.4999999999884465
F,1,0.6,0.8945083618164062,0.6472363060999946,0.4012956370320869,0.4999999999883819
F,1,0.6,0.899505615234375,0.6462732037112462,0.4012455883764114,0.4999999999883182
F,1,0.6,0.9045028686523438,0.6453305051461091,0.4011975230956469,0.4999999999882536
F,1,0.6,0.9095001220703125,0.644407756665054,0.4011513606705889,0.4999999999881901
F,1,0.6,0.9144973754882812,0.6435045153184171,0.4011070239226506,0.4999999999881257
F,1,0.6,0.91949462890625,0.6426203486641121,0.4010644388726469,0.4999999999880617
F,1,0.6,0.9244918823242188,0.6417548344937156,0.4010235346056441,0.4999999999879978
F,1,0.6,0.9294891357421875,0.6409075605666479,0.4009842431416069,0.4999999999879339
F,1,0.6,0.9344863891601562,0.6400781243522176,0.4009464993115936,0.4999999999878692
F,1,0.6,0.939483642578125,0.639266132779168,0.4009102406392561,0.4999999999878048
F,1,0.6,0.9444808959960938,0.6384712019925846,0.400875407227416,0.4999999999877412
F,1,0.6,0.9494781494140625,0.6376929571178269,0.4008419416494979,0.4999999999876766
F,1,0.6,0.9544754028320312,0.6369310320312931,0.4008097888456075,0.4999999999876122
F,1,0.6,0.95947265625,0.6361850691377553,0.4007788960230504,0.4999999999875487
F,1,0.6,0.9644699096679688,0.6354547191541089,0.4007492125611055,0.4999999999874845
F,1,0.6,0.9694671630859375,0.6347396408992385,0.4007206899198659,0.4999999999874202
F,1,0.6,0.9744644165039062,0.6340395010898927,0.4006932815529662,0.4999999999873561
F,1,0.6,0.979461669921875,0.6333539741422781,0.400666942824037,0.4999999999872919
F,1,0.6,0.9844589233398438,0.6326827419792607,0.4006416309267195,0.4999999999872283
F,1,0.6,0.9894561767578125,0.6320254938429798,0.4006173048080872,0.4999999999871638
F,1,0.6,0.9944534301757812,0.6313819261126314,0.4005939250953278,0.4999999999870998
F,1,0.6,0.99945068359375,0.6307517421273762,0.4005714540255481,0.4999999999870355
F,1,0.6,1.004447937011719,0.6301346520140916,0.4005498553785573,0.4999999999869714
F,1,0.6,1.009445190429688,0.6295303725198982,0.4005290944125146,0.4999999999869078
F,1,0.6,1.014442443847656,0.6289386268492717,0.4005091378023028,0.4999999999868438
F,1,0.6,1.019439697265625,0.6283591445055871,0.4004899535805203,0.4999999999867796
F,1,0.6,1.024436950683594,0.6277916611369896,0.4004715110809783,0.4999999999867155
F,1,0.6,1.029434204101562,0.6272359183864487,0.400453780884587,0.4999999999866514
F,1,0.6,1.034431457519531,0.6266916637458269,0.400436734767538,0.4999999999865872
F,1,0.6,1.0394287109375,0.6261586504139077,0.4004203456516799,0.4999999999865235
F,1,0.6,1.044425964355469,0.6256366371582043,0.4004045875569911,0.4999999999864591
F,1,0.6,1.049423217773438,0.6251253881804679,0.4003894355560608,0.4999999999863952
F,1,0.6,1.054420471191406,0.6246246729857549,0.4003748657304977,0.4999999999863309
F,1,0.6,1.059417724609375,0.6241342662549787,0.4003608551291715,0.4999999999862669
F,1,0.6,1.064414978027344,0.62365394772083,0.4003473817282227,0.4999999999862033
F,1,0.6,1.069412231445312,0.6231835020469321,0.4003344243927509,0.499999999986139
F,1,0.6,1.074409484863281,0.6227227187101894,0.4003219628401263,0.4999999999860753
F,1,0.6,1.07940673828125,0.6222713918861977,0.4003099776048336,0.4999999999860112
F,1,0.6,1.084403991699219,0.6218293203376379,0.4002984500048059,0.4999999999859473
F,1,0.6,1.089401245117188,0.6213963073055634,0.4002873621091658,0.4999999999858832
F,1,0.6,1.094398498535156,0.6209721604035026,0.4002766967073234,0.4999999999858195
F,1,0.6,1.099395751953125,0.6205566915142881,0.4002664372793745,0.499999999985755
F,1,0.6,1.104393005371094,0.6201497166895273,0.400256567967735,0.499999999985691
F,1,0.6,1.109390258789062,0.6197510560516581,0.4002470735499682,0.4999999999856272
F,1,0.6,1.114387512207031,0.6193605336985023,0.4002379394127448,0.499999999985563
F,1,0.6,1.119384765625,0.6189779776102381,0.4002291515269011,0.4999999999854991
F,1,0.6,1.124382019042969,0.6186032195587448,0.40022069642353,0.4999999999854348
F,1,0.6,1.129379272460938,0.6182360950192322,0.400212561171077,0.499999999985371
F,1,0.6,1.134376525878906,0.6178764430840971,0.4002047333533924,0.4999999999853069
F,1,0.6,1.139373779296875,0.6175241063789428,0.4001972010486944,0.499999999985243
F,1,0.6,1.144371032714844,0.6171789309807245,0.4001899528094145,0.499999999985179
F,1,0.6,1.149368286132812,0.6168407663378964,0.400182977642879,0.4999999999851149
F,1,0.6,1.154365539550781,0.616509465192606,0.4001762649927944,0.4999999999850511
F,1,0.6,1.15936279296875,0.6161848835047795,0.4001698047215048,0.499999999984987
F,1,0.6,1.164360046386719,0.6158668803780958,0.4001635870929849,0.4999999999849231
F,1,0.6,1.169357299804688,0.6155553179877993,0.4001576027565376,0.499999999984859
F,1,0.6,1.174354553222656,0.6152500615102938,0.4001518427311711,0.4999999999847951
F,1,0.6,1.179351806640625,0.6149509790544561,0.4001462983906228,0.4999999999847307
F,1,0.6,1.184349060058594,0.614657941594647,0.4001409614489981,0.4999999999846667
F,1,0.6,1.189346313476562,0.6143708229053501,0.4001358239470129,0.4999999999846031
F,1,0.6,1.194343566894531,0.6140894994974099,0.4001308782387967,0.4999999999845385
F,1,0.6,1.1993408203125,0.6138138505558201,0.4001261169792436,0.4999999999844746
F,1,0.6,1.204338073730469,0.6135437578790345,0.4001215331118878,0.4999999999844108
F,1,0.6,1.209335327148438,0.6132791058197141,0.4001171198572742,0.4999999999843467
F,1,0.6,1.214332580566406,0.6130197812269556,0.4001128707018122,0.4999999999842831
F,1,0.6,1.219329833984375,0.6127656733898686,0.4001087793870879,0.4999999999842188
F,1,0.6,1.224327087402344,0.6125166739825287,0.4001048398996128,0.499999999984155
F,1,0.6,1.229324340820312,0.6122726770102629,0.4001010464609971,0.4999999999840908
F,1,0.6,1.234321594238281,0.6120335787571954,0.4000973935185266,0.4999999999840269
F,1,0.6,1.23931884765625,0.6117992777350664,0.4000938757361217,0.4999999999839627
F,1,0.6,1.244316101074219,0.6115696746332535,0.4000904879856742,0.4999999999838993
F,1,0.6,1.249313354492188,0.6113446722700163,0.4000872253387318,0.4999999999838348
F,1,0.6,1.254310607910156,0.6111241755448488,0.4000840830585264,0.499999999983771
F,1,0.6,1.259307861328125,0.6109080913920045,0.4000810565923294,0.4999999999837071
F,1,0.6,1.264305114746094,0.6106963287350911,0.4000781415641163,0.4999999999836431
F,1,0.6,1.269302368164062,0.6104887984427628,0.4000753337675318,0.499999999983579
F,1,0.6,1.274299621582031,0.6102854132854229,0.4000726291591419,0.4999999999835152
F,1,0.6,1.279296875,0.6100860878929703,0.4000700238519625,0.4999999999834516
F,1,0.6,1.284294128417969,0.609890738713541,0.4000675141092462,0.4999999999833868
F,1,0.6,1.289291381835938,0.6096992839731804,0.4000650963385285,0.499999999983323
F,1,0.6,1.294288635253906,0.6095116436365013,0.4000627670859112,0.4999999999832589
F,1,0.6,1.299285888671875,0.6093277393682225,0.4000605230305773,0.499999999983195
F,1,0.6,1.304283142089844,0.6091474944956341,0.4000583609795335,0.4999999999831313
F,1,0.6,1.309280395507812,0.608970833971914,0.4000562778625598,0.4999999999830672
F,1,0.6,1.314277648925781,0.6087976843402998,0.4000542707273659,0.4999999999830029
F,1,0.6,1.31927490234375,0.6086279736990998,0.4000523367349437,0.499999999982939
F,1,0.6,1.324272155761719,0.6084616316675012,0.4000504731551102,0.4999999999828753
F,1,0.6,1.329269409179688,0.6082985893521738,0.4000486773622195,0.4999999999828112
F,1,0.6,1.334266662597656,0.6081387793146373,0.4000469468310647,0.4999999999827475
F,1,0.6,1.339263916015625,0.607982135539393,0.40004527913293,0.4999999999826832
F,1,0.6,1.344261169433594,0.6078285934027711,0.4000436719318082,0.4999999999826197
F,1,0.6,1.349258422851562,0.607678089642506,0.4000421229807693,0.4999999999825556
F,1,0.6,1.354255676269531,0.6075305623279941,0.4000406301184763,0.4999999999824915
F,1,0.6,1.3592529296875,0.6073859508312388,0.400039191265838,0.4999999999824274
F,1,0.6,1.364250183105469,0.6072441957984733,0.4000378044227972,0.4999999999823633
F,1,0.6,1.369247436523438,0.607105239122401,0.4000364676652499,0.4999999999822995
F,1,0.6,1.374244689941406,0.6069690239150887,0.4000351791420813,0.4999999999822352
F,1,0.6,1.379241943359375,0.6068354944814666,0.4000339370723293,0.4999999999821716
F,1,0.6,1.384239196777344,0.6067045962934433,0.4000327397424533,0.4999999999821076
F,1,0.6,1.389236450195312,0.6065762759645827,0.4000315855037154,0.4999999999820435
F,1,0.6,1.394233703613281,0.606450481225371,0.4000304727696661,0.4999999999819796
F,1,0.6,1.39923095703125,0.6063271608990517,0.4000294000137306,0.4999999999819154
F,1,0.6,1.404228210449219,0.6062062648779882,0.4000283657668881,0.4999999999818519
F,1,0.6,1.409225463867188,0.6060877441005549,0.4000273686154468,0.4999999999817878
F,1,0.6,1.414222717285156,0.6059715505285691,0.4000264071989042,0.4999999999817237
F,1,0.6,1.419219970703125,0.6058576371252203,0.4000254802078951,0.4999999999816598
F,1,0.6,1.424217224121094,0.6057459578334853,0.4000245863822186,0.4999999999815961
F,1,0.6,1.429214477539062,0.6056364675550472,0.4000237245089449,0.4999999999815322
F,1,0.6,1.434211730957031,0.6055291221296697,0.4000228934205945,0.4999999999814684
F,1,0.6,1.439208984375,0.6054238783150359,0.4000220919933917,0.4999999999814045
F,1,0.6,1.444206237792969,0.6053206937670425,0.4000213191455876,0.4999999999813405
F,1,0.6,1.449203491210938,0.6052195270205394,0.4000205738358453,0.4999999999812765
F,1,0.6,1.454200744628906,0.6051203374704708,0.4000198550616919,0.4999999999812128
F,1,0.6,1.459197998046875,0.6050230853534789,0.4000191618580316,0.4999999999811491
F,1,0.6,1.464195251464844,0.6049277317298744,0.400018493295715,0.4999999999810848
F,1,0.6,1.469192504882812,0.6048342384660362,0.4000178484801658,0.4999999999810211
F,1,0.6,1.474189758300781,0.6047425682171887,0.4000172265500623,0.4999999999809572
F,1,0.6,1.47918701171875,0.6046526844105615,0.4000166266760681,0.4999999999808936
F,1,0.6,1.484184265136719,0.604564551228933,0.4000160480596152,0.4999999999808297
F,1,0.6,1.489181518554688,0.6044781335945133,0.4000154899317314,0.4999999999807657
F,1,0.6,1.494178771972656,0.6043933971532194,0.4000149515519199,0.4999999999807016
F,1,0.6,1.499176025390625,0.6043103082592524,0.4000144322070705,0.4999999999806379
F,1,0.6,1.504173278808594,0.6042288339600503,0.4000139312104281,0.499999999980574
F,1,0.6,1.509170532226562,0.604148941981572,0.4000134479005908,0.4999999999805099
F,1,0.6,1.514167785644531,0.6040706007138713,0.4000129816405507,0.4999999999804462
F,1,0.6,1.5191650390625,0.6039937791970273,0.4000125318167708,0.4999999999803824
F,1,0.6,1.524162292480469,0.6039184471073598,0.4000120978382998,0.4999999999803183
F,1,0.6,1.529159545898438,0.6038445747439535,0.4000116791359186,0.4999999999802543
F,1,0.6,1.534156799316406,0.6037721330154718,0.4000112751613219,0.4999999999801907
F,1,0.6,1.539154052734375,0.6037010934272767,0.4000108853863303,0.4999999999801269
F,1,0.6,1.544151306152344,0.6036314280688122,0.4000105093021331,0.4999999999800625
F,1,0.6,1.549148559570312,0.6035631096012659,0.4000101464185606,0.4999999999799992
F,1,0.6,1.554145812988281,0.6034961112455076,0.4000097962633838,0.4999999999799349
F,1,0.6,1.55914306640625,0.6034304067702925,0.4000094583816414,0.4999999999798712
F,1,0.6,1.564140319824219,0.6033659704807043,0.4000091323349954,0.4999999999798071
F,1,0.6,1.569137573242188,0.6033027772068711,0.4000088177011044,0.4999999999797431
F,1,0.6,1.574134826660156,0.6032408022929107,0.4000085140730288,0.4999999999796795
F,1,0.6,1.579132080078125,0.6031800215861186,0.4000082210586559,0.4999999999796155
F,1,0.6,1.584129333496094,0.6031204114264145,0.4000079382801426,0.4999999999795515
F,1,0.6,1.589126586914062,0.6030619486359668,0.4000076653733884,0.4999999999794876
F,1,0.6,1.594123840332031,0.6030046105090994,0.4000074019875207,0.4999999999794237
F,1,0.6,1.59912109375,0.6029483748023748,0.4000071477844023,0.4999999999793601
F,1,0.6,1.604118347167969,0.6028932197249109,0.4000069024381603,0.4999999999792963
F,1,0.6,1.609115600585938,0.6028391239289154,0.4000066656347291,0.4999999999792322
F,1,0.6,1.614112854003906,0.6027860665003895,0.400006437071413,0.4999999999791684
F,1,0.6,1.619110107421875,0.6027340269500763,0.400006216456464,0.4999999999791045
F,1,0.6,1.624107360839844,0.6026829852045689,0.4000060035086774,0.4999999999790408
F,1,0.6,1.629104614257812,0.6026329215976376,0.4000057979570021,0.499999999978977
F,1,0.6,1.634101867675781,0.6025838168617244,0.4000055995401642,0.4999999999789131
F,1,0.6,1.63909912109375,0.6025356521196233,0.4000054080063078,0.4999999999788494
F,1,0.6,1.644096374511719,0.6024884088763477,0.4000052231126456,0.4999999999787855
F,1,0.6,1.649093627929688,0.6024420690111707,0.4000050446251272,0.4999999999787219
F,1,0.6,1.654090881347656,0.6023966147698274,0.4000048723181147,0.4999999999786578
F,1,0.6,1.659088134765625,0.6023520287568936,0.4000047059740762,0.499999999978594
F,1,0.6,1.664085388183594,0.6023082939283239,0.4000045453832862,0.4999999999785299
F,1,0.6,1.669082641601562,0.6022653935841492,0.4000043903435405,0.4999999999784664
F,1,0.6,1.674079895019531,0.6022233113613364,0.4000042406598783,0.4999999999784024
F,1,0.6,1.6790771484375,0.6021820312267947,0.4000040961443187,0.4999999999783386
F,1,0.6,1.684074401855469,0.602141537470522,0.4000039566156042,0.4999999999782749
F,1,0.6,1.689071655273438,0.602101814698929,0.4000038218989567,0.4999999999782109
F,1,0.6,1.694068908691406,0.6020628478282629,0.4000036918258382,0.4999999999781472
F,1,0.6,1.699066162109375,0.6020246220782108,0.4000035662337246,0.4999999999780834
F,1,0.6,1.704063415527344,0.6019871229656107,0.4000034449658872,0.4999999999780193
F,1,0.6,1.709060668945312,0.6019503362983135,0.4000033278711788,0.4999999999779553
F,1,0.6,1.714057922363281,0.6019142481691738,0.4000032148038332,0.4999999999778914
F,1,0.6,1.71905517578125,0.6018788449501479,0.4000031056232705,0.499999999977828
F,1,0.6,1.724052429199219,0.6018441132865588,0.4000030001939034,0.4999999999777642
F,1,0.6,1.729049682617188,0.6018100400914306,0.4000028983849617,0.4999999999776999
F,1,0.6,1.734046936035156,0.6017766125399923,0.4000028000703154,0.4999999999776363
F,1,0.6,1.739044189453125,0.6017438180642728,0.4000027051283055,0.4999999999775727
F,1,0.6,1.744041442871094,0.6017116443477959,0.400002613441585,0.4999999999775089
F,1,0.6,1.749038696289062,0.601680079320433,0.4000025248969587,0.499999999977445
F,1,0.6,1.754035949707031,0.6016491111533129,0.4000024393852382,0.4999999999773813
F,1,0.6,1.759033203125,0.60161872825388,0.4000023568010933,0.4999999999773171
F,1,0.6,1.764030456542969,0.6015889192610339,0.4000022770429145,0.4999999999772533
F,1,0.6,1.769027709960938,0.6015596730403844,0.4000022000126793,0.4999999999771895
F,1,0.6,1.774024963378906,0.6015309786795877,0.4000021256158214,0.499999999977126
F,1,0.6,1.779022216796875,0.6015028254838057,0.400002053761108,0.499999999977062
F,1,0.6,1.784019470214844,0.6014752029712498,0.4000019843605199,0.4999999999769978
F,1,0.6,1.789016723632812,0.6014481008688087,0.4000019173291343,0.4999999999769338
F,1,0.6,1.794013977050781,0.6014215091077831,0.4000018525850161,0.4999999999768706
F,1,0.6,1.79901123046875,0.6013954178197091,0.4000017900491086,0.4999999999768067
F,1,0.6,1.804008483886719,0.6013698173322618,0.4000017296451332,0.4999999999767427
F,1,0.6,1.809005737304688,0.6013446981652402,0.4000016712994857,0.4999999999766789
F,1,0.6,1.814002990722656,0.6013200510266495,0.4000016149411445,0.4999999999766149
F,1,0.6,1.819000244140625,0.6012958668088713,0.4000015605015771,0.4999999999765511
F,1,0.6,1.823997497558594,0.6012721365848857,0.4000015079146503,0.4999999999764871
F,1,0.6,1.828994750976562,0.6012488516046053,0.4000014571165461,0.4999999999764233
F,1,0.6,1.833992004394531,0.6012260032912556,0.4000014080456777,0.4999999999763595
F,1,0.6,1.8389892578125,0.601203583237863,0.4000013606426117,0.4999999999762958
F,1,0.6,1.843986511230469,0.6011815832037897,0.4000013148499886,0.4999999999762321
F,1,0.6,1.848983764648438,0.6011599951113463,0.400001270612454,0.4999999999761681
F,1,0.6,1.853981018066406,0.6011388110424926,0.4000012278765809,0.4999999999761043
F,1,0.6,1.858978271484375,0.6011180232355873,0.4000011865908072,0.4999999999760404
F,1,0.6,1.863975524902344,0.6010976240822195,0.4000011467053654,0.4999999999759763
F,1,0.6,1.868972778320312,0.6010776061240815,0.4000011081722218,0.4999999999759125
F,1,0.6,1.873970031738281,0.6010579620499469,0.4000010709450132,0.4999999999758488
F,1,0.6,1.87896728515625,0.6010386846926824,0.400001034978988,0.4999999999757853
F,1,0.6,1.883964538574219,0.6010197670263266,0.40000100023095,0.4999999999757214
F,1,0.6,1.888961791992188,0.6010012021632271,0.4000009666592038,0.499999999975657
F,1,0.6,1.893959045410156,0.6009829833512563,0.4000009342234997,0.4999999999755934
F,1,0.6,1.898956298828125,0.6009651039710571,0.4000009028849855,0.4999999999755291
F,1,0.6,1.903953552246094,0.6009475575333665,0.4000008726061531,0.4999999999754651
F,1,0.6,1.908950805664062,0.6009303376763889,0.4000008433507973,0.4999999999754015
F,1,0.6,1.913948059082031,0.6009134381632175,0.4000008150839632,0.4999999999753377
F,1,0.6,1.9189453125,0.6008968528793286,0.400000787771908,0.4999999999752737
F,1,0.6,1.923942565917969,0.6008805758300917,0.4000007613820543,0.4999999999752101
F,1,0.6,1.928939819335938,0.6008646011383723,0.4000007358829495,0.499999999975146
F,1,0.6,1.933937072753906,0.6008489230421525,0.4000007112442302,0.4999999999750823
F,1,0.6,1.938934326171875,0.6008335358922245,0.4000006874365787,0.4999999999750185
F,1,0.6,1.943931579589844,0.6008184341499181,0.4000006644316897,0.4999999999749541
F,1,0.6,1.948928833007812,0.6008036123848712,0.400000642202235,0.4999999999748909
F,1,0.6,1.953926086425781,0.6007890652728571,0.4000006207218265,0.4999999999748268
F,1,0.6,1.95892333984375,0.6007747875936517,0.4000005999649856,0.4999999999747629
F,1,0.6,1.963920593261719,0.6007607742289607,0.4000005799071117,0.4999999999746993
F,1,0.6,1.968917846679688,0.6007470201603472,0.4000005605244493,0.4999999999746351
F,1,0.6,1.973915100097656,0.600733520467253,0.4000005417940605,0.4999999999745713
F,1,0.6,1.978912353515625,0.6007202703250276,0.4000005236937964,0.4999999999745074
F,1,0.6,1.983909606933594,0.6007072650029988,0.400000506202268,0.4999999999744435
F,1,0.6,1.988906860351562,0.6006944998626157,0.4000004892988214,0.4999999999743797
F,1,0.6,1.993904113769531,0.6006819703555791,0.4000004729635099,0.4999999999743157
F,1,0.6,1.9989013671875,0.6006696720220532,0.4000004571770733,0.4999999999742524
F,1,0.6,2.003898620605469,0.6006576004888829,0.4000004419209097,0.4999999999741882
F,1,0.6,2.008895874023438,0.6006457514678882,0.4000004271770563,0.4999999999741242
F,1,0.6,2.013893127441406,0.600634120754137,0.4000004129281644,0.4999999999740603
F,1,0.6,2.018890380859375,0.600622704224314,0.4000003991574797,0.4999999999739969
F,1,0.6,2.023887634277344,0.6006114978350652,0.4000003858488197,0.4999999999739331
F,1,0.6,2.028884887695312,0.6006004976214248,0.4000003729865576,0.4999999999738693
F,1,0.6,2.033882141113281,0.600589699695243,0.4000003605555988,0.4999999999738052
F,1,0.6,2.03887939453125,0.6005791002436607,0.4000003485413659,0.4999999999737416
F,1,0.6,2.043876647949219,0.6005686955276123,0.4000003369297782,0.4999999999736773
F,1,0.6,2.048873901367188,0.6005584818803595,0.400000325707236,0.4999999999736139
F,1,0.6,2.053871154785156,0.6005484557060523,0.4000003148606041,0.4999999999735501
F,1,0.6,2.058868408203125,0.6005386134783124,0.4000003043771941,0.4999999999734858
F,1,0.6,2.063865661621094,0.6005289517388663,0.4000002942447521,0.4999999999734224
F,1,0.6,2.068862915039062,0.6005194670961904,0.4000002844514386,0.4999999999733584
F,1,0.6,2.073860168457031,0.6005101562241872,0.4000002749858206,0.4999999999732945
F,1,0.6,2.078857421875,0.6005010158608841,0.4000002658368524,0.4999999999732311
F,1,0.6,2.083854675292969,0.6004920428071708,0.400000256993864,0.4999999999731674
F,1,0.6,2.088851928710938,0.6004832339255483,0.4000002484465495,0.4999999999731036
F,1,0.6,2.093849182128906,0.6004745861389131,0.4000002401849527,0.4999999999730393
F,1,0.6,2.098846435546875,0.6004660964293576,0.400000232199456,0.4999999999729753
F,1,0.6,2.103843688964844,0.6004577618370119,0.4000002244807678,0.4999999999729118
F,1,0.6,2.108840942382812,0.60044957945889,0.4000002170199121,0.4999999999728478
F,1,0.6,2.113838195800781,0.6004415464477585,0.4000002098082199,0.4999999999727842
F,1,0.6,2.11883544921875,0.6004336600110474,0.4000002028373131,0.4999999999727204
F,1,0.6,2.123832702636719,0.6004259174097719,0.4000001960990989,0.4999999999726563
F,1,0.6,2.128829956054688,0.6004183159574705,0.4000001895857591,0.4999999999725926
F,1,0.6,2.133827209472656,0.6004108530191798,0.4000001832897406,0.4999999999725288
F,1,0.6,2.138824462890625,0.6004035260104014,0.4000001772037461,0.4999999999724649
F,1,0.6,2.143821716308594,0.6003963323961314,0.4000001713207241,0.4999999999724012
F,1,0.6,2.148818969726562,0.6003892696898792,0.4000001656338645,0.4999999999723373
F,1,0.6,2.153816223144531,0.6003823354526973,0.4000001601365849,0.4999999999722732
F,1,0.6,2.1588134765625,0.6003755272922726,0.4000001548225269,0.4999999999722092
F,1,0.6,2.163810729980469,0.6003688428620013,0.4000001496855464,0.4999999999721456
F,1,0.6,2.168807983398438,0.6003622798600827,0.4000001447197082,0.499999999972082
F,1,0.6,2.173805236816406,0.6003558360286517,0.4000001399192763,0.4999999999720179
F,1,0.6,2.178802490234375,0.6003495091529112,0.4000001352787091,0.4999999999719541
F,1,0.6,2.183799743652344,0.6003432970602887,0.4000001307926518,0.4999999999718906
F,1,0.6,2.188796997070312,0.6003371976196163,0.4000001264559304,0.4999999999718272
F,1,0.6,2.193794250488281,0.6003312087403141,0.4000001222635455,0.4999999999717628
F,1,0.6,2.19879150390625,0.600325328371594,0.4000001182106666,0.4999999999716989
F,1,0.6,2.203788757324219,0.6003195545016894,0.4000001142926258,0.4999999999716349
F,1,0.6,2.208786010742188,0.6003138851570879,0.400000110504912,0.4999999999715713
F,1,0.6,2.213783264160156,0.6003083184017844,0.4000001068431672,0.4999999999715073
F,1,0.6,2.218780517578125,0.6003028523365435,0.4000001033031794,0.4999999999714429
F,1,0.6,2.223777770996094,0.6002974850981929,0.400000099880879,0.4999999999713794
F,1,0.6,2.228775024414062,0.6002922148589213,0.4000000965723327,0.4999999999713159
F,1,0.6,2.233772277832031,0.6002870398255741,0.4000000933737393,0.4999999999712522
F,1,0.6,2.23876953125,0.6002819582389909,0.4000000902814263,0.4999999999711881
F,1,0.6,2.243766784667969,0.6002769683733434,0.4000000872918454,0.4999999999711244
F,1,0.6,2.248764038085938,0.6002720685354794,0.4000000844015654,0.4999999999710605
F,1,0.6,2.253761291503906,0.6002672570642951,0.400000081607272,0.4999999999709968
F,1,0.6,2.258758544921875,0.6002625323301117,0.4000000789057625,0.4999999999709329
F,1,0.6,2.263755798339844,0.6002578927340546,0.4000000762939402,0.4999999999708688
F,1,0.6,2.268753051757812,0.6002533367074736,0.4000000737688141,0.4999999999708051
F,1,0.6,2.273750305175781,0.6002488627113349,0.4000000713274928,0.4999999999707411
F,1,0.6,2.27874755859375,0.6002444692356677,0.4000000689671817,0.4999999999706777
F,1,0.6,2.283744812011719,0.6002401547989831,0.4000000666851801,0.4999999999706137
F,1,0.6,2.288742065429688,0.6002359179477401,0.400000064478878,0.4999999999705502
F,1,0.6,2.293739318847656,0.6002317572557868,0.4000000623457535,0.4999999999704863
F,1,0.6,2.298736572265625,0.6002276713238391,0.4000000602833679,0.4999999999704224
F,1,0.6,2.303733825683594,0.6002236587789669,0.4000000582893654,0.4999999999703584
F,1,0.6,2.308731079101562,0.6002197182740738,0.4000000563614688,0.4999999999702945
F,1,0.6,2.313728332519531,0.600215848487397,0.4000000544974769,0.4999999999702309
F,1,0.6,2.3187255859375,0.6002120481220384,0.4000000526952628,0.499999999970167
F,1,0.6,2.323722839355469,0.6002083159054522,0.4000000509527698,0.4999999999701033
F,1,0.6,2.328720092773438,0.6002046505890076,0.4000000492680106,0.4999999999700393
F,1,0.6,2.333717346191406,0.6002010509475,0.4000000476390652,0.4999999999699759
F,1,0.6,2.338714599609375,0.6001975157787225,0.4000000460640762,0.4999999999699121
F,1,0.6,2.343711853027344,0.6001940439030061,0.4000000445412492,0.499999999969848
F,1,0.6,2.348709106445312,0.6001906341627992,0.4000000430688505,0.4999999999697842
F,1,0.6,2.353706359863281,0.6001872854222376,0.4000000416452033,0.4999999999697203
F,1,0.6,2.35870361328125,0.6001839965667106,0.4000000402686864,0.4999999999696559
F,1,0.6,2.363700866699219,0.6001807665024884,0.4000000389377345,0.4999999999695927
F,1,0.6,2.368698120117188,0.6001775941562864,0.4000000376508331,0.4999999999695285
F,1,0.6,2.373695373535156,0.6001744784748874,0.4000000364065188,0.4999999999694654
F,1,0.6,2.378692626953125,0.6001714184247661,0.400000035203377,0.499999999969401
F,1,0.6,2.383689880371094,0.6001684129916885,0.400000034040041,0.4999999999693371
F,1,0.6,2.388687133789062,0.6001654611803624,0.4000000329151874,0.4999999999692736
F,1,0.6,2.393684387207031,0.6001625620140637,0.4000000318275403,0.4999999999692102
F,1,0.6,2.398681640625,0.6001597145342834,0.4000000307758639,0.4999999999691463
F,1,0.6,2.403678894042969,0.6001569178003833,0.4000000297589646,0.4999999999690819
F,1,0.6,2.408676147460938,0.6001541708892543,0.4000000287756881,0.4999999999690181
F,1,0.6,2.413673400878906,0.6001514728949706,0.4000000278249188,0.4999999999689542
F,1,0.6,2.418670654296875,0.60014882292847,0.4000000269055787,0.4999999999688908
F,1,0.6,2.423667907714844,0.6001462201172316,0.4000000260166255,0.4999999999688266
F,1,0.6,2.428665161132812,0.6001436636049603,0.4000000251570507,0.4999999999687627
F,1,0.6,2.433662414550781,0.6001411525512744,0.4000000243258807,0.4999999999686989
F,1,0.6,2.43865966796875,0.6001386861314034,0.400000023522174,0.4999999999686353
F,1,0.6,2.443656921386719,0.6001362635358892,0.4000000227450193,0.4999999999685713
F,1,0.6,2.448654174804688,0.6001338839703014,0.4000000219935378,0.4999999999685074
F,1,0.6,2.453651428222656,0.6001315466549462,0.4000000212668781,0.4999999999684434
F,1,0.6,2.458648681640625,0.6001292508245766,0.4000000205642179,0.4999999999683793
F,1,0.6,2.463645935058594,0.6001269957281394,0.400000019884762,0.4999999999683161
F,1,0.6,2.468643188476562,0.6001247806284828,0.400000019227741,0.4999999999682522
F,1,0.6,2.473640441894531,0.6001226048021058,0.4000000185924134,0.4999999999681886
F,1,0.6,2.4786376953125,0.6001204675389017,0.4000000179780593,0.4999999999681247
F,1,0.6,2.483634948730469,0.6001183681418886,0.4000000173839852,0.4999999999680609
F,1,0.6,2.488632202148438,0.6001163059269793,0.4000000168095197,0.4999999999679972
F,1,0.6,2.493629455566406,0.6001142802227185,0.4000000162540134,0.4999999999679334
F,1,0.6,2.498626708984375,0.6001122903700583,0.4000000157168382,0.4999999999678695
F,1,0.6,2.503623962402344,0.6001103357221133,0.4000000151973881,0.4999999999678054
F,1,0.6,2.508621215820312,0.6001084156439428,0.4000000146950766,0.499999999967742
F,1,0.6,2.513618469238281,0.6001065295123011,0.4000000142093363,0.4999999999676781
F,1,0.6,2.51861572265625,0.6001046767154444,0.4000000137396194,0.499999999967614
F,1,0.6,2.523612976074219,0.6001028566529027,0.4000000132853955,0.4999999999675506
F,1,0.6,2.528610229492188,0.6001010687352489,0.4000000128461526,0.4999999999674863
F,1,0.6,2.533607482910156,0.6000993123839309,0.4000000124213943,0.4999999999674229
F,1,0.6,2.538604736328125,0.6000975870310206,0.4000000120106429,0.4999999999673591
F,1,0.6,2.543601989746094,0.6000958921190459,0.4000000116134345,0.4999999999672951
F,1,0.6,2.548599243164062,0.6000942271007755,0.4000000112293211,0.4999999999672312
F,1,0.6,2.553596496582031,0.6000925914390399,0.4000000108578708,0.4999999999671673
F,1,0.6,2.55859375,0.6000909846065304,0.4000000104986645,0.4999999999671036
F,1,0.6,2.563591003417969,0.6000894060856196,0.4000000101512978,0.4999999999670396
F,1,0.6,2.568588256835938,0.6000878553681818,0.400000009815379,0.499999999966976
F,1,0.6,2.573585510253906,0.6000863319554044,0.4000000094905302,0.4999999999669121
F,1,0.6,2.578582763671875,0.6000848353576216,0.4000000091763853,0.499999999966848
F,1,0.6,2.583580017089844,0.6000833650941396,0.400000008872591,0.4999999999667843
F,1,0.6,2.588577270507812,0.6000819206930653,0.4000000085788059,0.4999999999667207
F,1,0.6,2.593574523925781,0.6000805016911541,0.4000000082946985,0.4999999999666564
F,1,0.6,2.59857177734375,0.600079107633626,0.4000000080199503,0.4999999999665928
F,1,0.6,2.603569030761719,0.6000777380740306,0.4000000077542508,0.4999999999665288
F,1,0.6,2.608566284179688,0.6000763925740676,0.4000000074973021,0.4999999999664653
F,1,0.6,2.613563537597656,0.6000750707034573,0.4000000072488152,0.4999999999664014
F,1,0.6,2.618560791015625,0.6000737720397711,0.4000000070085114,0.4999999999663376
F,1,0.6,2.623558044433594,0.6000724961682963,0.4000000067761194,0.4999999999662733
F,1,0.6,2.628555297851562,0.6000712426818858,0.4000000065513781,0.4999999999662096
F,1,0.6,2.633552551269531,0.6000700111808213,0.4000000063340367,0.4999999999661457
F,1,0.6,2.6385498046875,0.6000688012726724,0.4000000061238493,0.4999999999660817
F,1,0.6,2.643547058105469,0.6000676125721598,0.4000000059205799,0.4999999999660176
F,1,0.6,2.648544311523438,0.6000664447010193,0.400000005724001,0.4999999999659539
F,1,0.6,2.653541564941406,0.6000652972878816,0.4000000055338916,0.49999999996589
F,1,0.6,2.658538818359375,0.6000641699681305,0.4000000053500383,0.4999999999658266
F,1,0.6,2.663536071777344,0.6000630623837865,0.4000000051722352,0.4999999999657626
F,1,0.6,2.668533325195312,0.6000619741833793,0.4000000050002815,0.4999999999656987
F,1,0.6,2.673530578613281,0.6000609050218233,0.4000000048339855,0.4999999999656349
F,1,0.6,2.67852783203125,0.6000598545603033,0.4000000046731601,0.4999999999655712
F,1,0.6,2.683525085449219,0.6000588224661592,0.4000000045176254,0.4999999999655074
F,1,0.6,2.688522338867188,0.6000578084127717,0.4000000043672058,0.4999999999654437
F,1,0.6,2.693519592285156,0.6000568120794453,0.4000000042217335,0.4999999999653794
F,1,0.6,2.698516845703125,0.6000558331512994,0.4000000040810456,0.4999999999653157
F,1,0.6,2.703514099121094,0.6000548713191628,0.4000000039449844,0.4999999999652518
F,1,0.6,2.708511352539062,0.6000539262794662,0.4000000038133965,0.4999999999651881
F,1,0.6,2.713508605957031,0.6000529977341426,0.4000000036861356,0.4999999999651242
F,1,0.6,2.718505859375,0.6000520853905165,0.4000000035630584,0.4999999999650605
F,1,0.6,2.723503112792969,0.6000511889612149,0.4000000034440267,0.499999999964996
F,1,0.6,2.728500366210938,0.6000503081640609,0.4000000033289085,0.4999999999649328
F,1,0.6,2.733497619628906,0.600049442721977,0.4000000032175733,0.4999999999648689
F,1,0.6,2.738494873046875,0.6000485923628998,0.4000000031098979,0.4999999999648052
F,1,0.6,2.743492126464844,0.6000477568196751,0.4000000030057611,0.4999999999647414
F,1,0.6,2.748489379882812,0.6000469358299806,0.4000000029050463,0.4999999999646779
F,1,0.6,2.753486633300781,0.6000461291362318,0.4000000028076402,0.4999999999646139
F,1,0.6,2.75848388671875,0.6000453364854655,0.4000000027134344,0.4999999999645497
F,1,0.6,2.763481140136719,0.6000445576293143,0.400000002622324,0.4999999999644863
F,1,0.6,2.768478393554688,0.6000437923238749,0.4000000025342061,0.4999999999644227
F,1,0.6,2.773475646972656,0.6000430403296402,0.4000000024489828,0.499999999964359
F,1,0.6,2.778472900390625,0.6000423014114205,0.4000000023665588,0.4999999999642952
F,1,0.6,2.783470153808594,0.6000415753382564,0.4000000022868413,0.4999999999642316
F,1,0.6,2.788467407226562,0.6000408618833498,0.4000000022097412,0.4999999999641679
F,1,0.6,2.793464660644531,0.6000401608239809,0.4000000021351734,0.4999999999641038
F,1,0.6,2.7984619140625,0.6000394719414421,0.400000002063053,0.4999999999640399
F,1,0.6,2.803459167480469,0.6000387950209481,0.4000000019933004,0.4999999999639761
F,1,0.6,2.808456420898438,0.6000381298515767,0.4000000019258381,0.4999999999639121
F,1,0.6,2.813453674316406,0.6000374762261967,0.4000000018605895,0.4999999999638485
F,1,0.6,2.818450927734375,0.6000368339413974,0.4000000017974834,0.4999999999637846
F,1,0.6,2.823448181152344,0.6000362027974131,0.400000001736447,0.4999999999637206
F,1,0.6,2.828445434570312,0.6000355825980676,0.4000000016774141,0.4999999999636568
F,1,0.6,2.833442687988281,0.6000349731507042,0.4000000016203182,0.4999999999635928
F,1,0.6,2.83843994140625,0.6000343742661138,0.4000000015650954,0.499999999963529
F,1,0.6,2.843437194824219,0.6000337857584854,0.400000001511684,0.4999999999634647
F,1,0.6,2.848434448242188,0.6000332074453301,0.4000000014600244,0.4999999999634013
F,1,0.6,2.853431701660156,0.6000326391474322,0.4000000014100589,0.4999999999633371
F,1,0.6,2.858428955078125,0.6000320806887753,0.4000000013617325,0.4999999999632733
F,1,0.6,2.863426208496094,0.6000315318965022,0.4000000013149906,0.4999999999632095
F,1,0.6,2.868423461914062,0.6000309926008427,0.4000000012697815,0.4999999999631455
F,1,0.6,2.873420715332031,0.6000304626350607,0.4000000012260541,0.4999999999630817
F,1,0.6,2.87841796875,0.6000299418354063,0.4000000011837604,0.4999999999630179
F,1,0.6,2.883415222167969,0.6000294300410454,0.4000000011428526,0.4999999999629539
F,1,0.6,2.888412475585938,0.6000289270940227,0.4000000011032852,0.4999999999628902
F,1,0.6,2.893409729003906,0.6000284328392019,0.4000000010650151,0.4999999999628261
F,1,0.6,2.898406982421875,0.6000279471242157,0.4000000010279984,0.4999999999627627
F,1,0.6,2.903404235839844,0.6000274697994104,0.4000000009921943,0.4999999999626985
F,1,0.6,2.908401489257812,0.6000270007178004,0.4000000009575636,0.4999999999626351
F,1,0.6,2.913398742675781,0.6000265397350251,0.4000000009240663,0.4999999999625708
F,1,0.6,2.91839599609375,0.6000260867092918,0.4000000008916663,0.4999999999625065
F,1,0.6,2.923393249511719,0.6000256415013372,0.4000000008603274,0.4999999999624429
F,1,0.6,2.928390502929688,0.6000252039743738,0.4000000008300139,0.4999999999623786
F,1,0.6,2.933387756347656,0.6000247739940497,0.400000000800693,0.4999999999623149
F,1,0.6,2.938385009765625,0.6000243514284032,0.4000000007723318,0.499999999962251
F,1,0.6,2.943382263183594,0.6000239361478251,0.4000000007448992,0.4999999999621874
F,1,0.6,2.948379516601562,0.6000235280249976,0.4000000007183635,0.4999999999621232
F,1,0.6,2.953376770019531,0.6000231269348766,0.4000000006926963,0.4999999999620596
F,1,0.6,2.9583740234375,0.6000227327546321,0.4000000006678681,0.4999999999619957
F,1,0.6,2.963371276855469,0.6000223453636176,0.4000000006438519,0.4999999999619316
F,1,0.6,2.968368530273438,0.6000219646433347,0.4000000006206211,0.4999999999618678
F,1,0.6,2.973365783691406,0.6000215904773817,0.4000000005981501,0.4999999999618037
F,1,0.6,2.978363037109375,0.6000212227514184,0.400000000576413,0.4999999999617399
F,1,0.6,2.983360290527344,0.6000208613531393,0.4000000005553868,0.4999999999616754
F,1,0.6,2.988357543945312,0.6000205061722265,0.4000000005350475,0.4999999999616117
F,1,0.6,2.993354797363281,0.6000201571003134,0.4000000005153723,0.4999999999615474
F,1,0.6,2.99835205078125,0.6000198140309578,0.4000000004963405,0.4999999999614837
F,1,0.6,3.003349304199219,0.6000194768596002,0.4000000004779296,0.49999999996142
F,1,0.6,3.008346557617188,0.6000191454835353,0.4000000004601201,0.4999999999613564
F,1,0.6,3.013343811035156,0.6000188198018699,0.4000000004428918,0.4999999999612922
F,1,0.6,3.018341064453125,0.6000184997154979,0.400000000426226,0.4999999999612287
F,1,0.6,3.023338317871094,0.6000181851270668,0.4000000004101033,0.4999999999611645
F,1,0.6,3.028335571289062,0.6000178759409449,0.4000000003945073,0.4999999999611013
F,1,0.6,3.033332824707031,0.6000175720631863,0.4000000003794196,0.4999999999610366
F,1,0.6,3.038330078125,0.600017273401505,0.4000000003648234,0.4999999999609728
F,1,0.6,3.043327331542969,0.6000169798652515,0.4000000003507037,0.4999999999609092
F,1,0.6,3.048324584960938,0.6000166913653701,0.4000000003370439,0.4999999999608457
F,1,0.6,3.053321838378906,0.6000164078143774,0.400000000323829,0.4999999999607813
F,1,0.6,3.058319091796875,0.6000161291263348,0.4000000003110439,0.4999999999607175
F,1,0.6,3.063316345214844,0.6000158552168142,0.4000000002986757,0.4999999999606535
F,1,0.6,3.068313598632812,0.6000155860028886,0.4000000002867094,0.4999999999605897
F,1,0.6,3.073310852050781,0.6000153214030778,0.4000000002751331,0.4999999999605255
F,1,0.6,3.07830810546875,0.6000150613373427,0.4000000002639332,0.4999999999604616
F,1,0.6,3.083305358886719,0.600014805727055,0.4000000002530978,0.4999999999603979
F,1,0.6,3.088302612304688,0.6000145544949683,0.4000000002426145,0.4999999999603339
F,1,0.6,3.093299865722656,0.6000143075651995,0.4000000002324718,0.4999999999602699
F,1,0.6,3.098297119140625,0.600014064863195,0.4000000002226586,0.4999999999602059
F,1,0.6,3.103294372558594,0.6000138263157151,0.400000000213164,0.499999999960142
F,1,0.6,3.108291625976562,0.6000135918508105,0.4000000002039776,0.4999999999600785
F,1,0.6,3.113288879394531,0.6000133613977892,0.4000000001950891,0.4999999999600137
F,1,0.6,3.1182861328125,0.6000131348872066,0.4000000001864893,0.49999999995995
F,1,0.6,3.123283386230469,0.6000129122508491,0.4000000001781683,0.4999999999598861
F,1,0.6,3.128280639648438,0.6000126934216683,0.4000000001701168,0.4999999999598221
F,1,0.6,3.133277893066406,0.6000124783338223,0.400000000162327,0.4999999999597584
F,1,0.6,3.138275146484375,0.6000122669226148,0.4000000001547889,0.4999999999596946
F,1,0.6,3.143272399902344,0.6000120591244867,0.400000000147495,0.499999999959631
F,1,0.6,3.148269653320312,0.6000118548769909,0.4000000001404367,0.4999999999595668
F,1,0.6,3.153266906738281,0.6000116541187714,0.4000000001336071,0.4999999999595036
F,1,0.6,3.15826416015625,0.6000114567895545,0.4000000001269974,0.4999999999594399
F,1,0.6,3.163261413574219,0.6000112628301206,0.4000000001206027,0.4999999999593757
F,1,0.6,3.168258666992188,0.600011072182287,0.4000000001144134,0.4999999999593124
F,1,0.6,3.173255920410156,0.6000108847888872,0.400000000108424,0.4999999999592484
F,1,0.6,3.178253173828125,0.6000107005937593,0.4000000001026279,0.4999999999591846
F,1,0.6,3.183250427246094,0.6000105195417211,0.4000000000970181,0.4999999999591208
F,1,0.6,3.188247680664062,0.6000103415785553,0.4000000000915894,0.4999999999590569
F,1,0.6,3.193244934082031,0.6000101666509952,0.4000000000863353,0.4999999999589932
F,1,0.6,3.1982421875,0.6000099947067015,0.4000000000812504,0.4999999999589296
F,1,0.6,3.203239440917969,0.6000098256942579,0.4000000000763289,0.499999999958866
F,1,0.6,3.208236694335938,0.6000096595631385,0.4000000000715656,0.4999999999588022
F,1,0.6,3.213233947753906,0.6000094962636986,0.4000000000669548,0.4999999999587382
F,1,0.6,3.218231201171875,0.6000093357471682,0.4000000000624922,0.4999999999586742
F,1,0.6,3.223228454589844,0.6000091779656209,0.4000000000581728,0.4999999999586109
F,1,0.6,3.228225708007812,0.6000090228719736,0.4000000000539911,0.4999999999585468
F,1,0.6,3.233222961425781,0.6000088704199609,0.4000000000499436,0.4999999999584827
F,1,0.6,3.23822021484375,0.6000087205641151,0.4000000000460257,0.4999999999584191
F,1,0.6,3.243217468261719,0.6000085732597836,0.400000000042233,0.4999999999583555
F,1,0.6,3.248214721679688,0.6000084284630721,0.4000000000385613,0.4999999999582919
F,1,0.6,3.253211975097656,0.6000082861308611,0.4000000000350067,0.499999999958228
F,1,0.6,3.258209228515625,0.6000081462207774,0.4000000000315655,0.4999999999581642
F,1,0.6,3.263206481933594,0.6000080086911881,0.4000000000282338,0.4999999999581005
F,1,0.6,3.268203735351562,0.600007873501184,0.4000000000250081,0.4999999999580372
F,1,0.6,3.273200988769531,0.6000077406105681,0.4000000000218845,0.4999999999579733
F,1,0.6,3.2781982421875,0.6000076099798456,0.4000000000188605,0.4999999999579096
F,1,0.6,3.283195495605469,0.6000074815702047,0.4000000000159317,0.4999999999578462
F,1,0.6,3.288192749023438,0.6000073553435108,0.4000000000130967,0.4999999999577825
F,1,0.6,3.293190002441406,0.6000072312622928,0.4000000000103505,0.4999999999577187
F,1,0.6,3.298187255859375,0.6000071092897261,0.4000000000076915,0.4999999999576551
F,1,0.6,3.303184509277344,0.6000069893896305,0.4000000000051162,0.4999999999575919
F,1,0.6,3.308181762695312,0.6000068715264574,0.4000000000026219,0.4999999999575284
F,1,0.6,3.313179016113281,0.6000067556652691,0.4000000000002063,0.4999999999574647
F,1,0.6,3.31817626953125,0.6000066417717355,0.3999999999978666,0.499999999957401
F,1,0.6,3.323173522949219,0.6000065298121279,0.3999999999956,0.4999999999573374
F,1,0.6,3.328170776367188,0.6000064197532966,0.3999999999934042,0.4999999999572737
F,1,0.6,3.333168029785156,0.6000063115626689,0.3999999999912774,0.4999999999572099
F,1,0.6,3.338165283203125,0.6000062052082307,0.3999999999892167,0.4999999999571461
F,1,0.6,3.343162536621094,0.600006100658546,0.3999999999872204,0.4999999999570825
F,1,0.6,3.348159790039062,0.6000059978826955,0.3999999999852863,0.4999999999570189
F,1,0.6,3.353157043457031,0.60000589685031,0.3999999999834116,0.499999999956955
F,1,0.6,3.358154296875,0.6000057975315467,0.3999999999815958,0.4999999999568916
F,1,0.6,3.363151550292969,0.6000056998970676,0.399999999979836,0.499999999956828
F,1,0.6,3.368148803710938,0.6000056039180621,0.3999999999781303,0.4999999999567641
F,1,0.6,3.373146057128906,0.6000055095662056,0.3999999999764775,0.4999999999567003
F,1,0.6,3.378143310546875,0.6000054168136627,0.3999999999748752,0.4999999999566362
F,1,0.6,3.383140563964844,0.6000053256330875,0.3999999999733221,0.4999999999565723
F,1,0.6,3.388137817382812,0.6000052359976035,0.3999999999718166,0.4999999999565083
F,1,0.6,3.393135070800781,0.6000051478807924,0.3999999999703577,0.4999999999564449
F,1,0.6,3.39813232421875,0.6000050612567053,0.3999999999689428,0.4999999999563809
F,1,0.6,3.403129577636719,0.6000049760998301,0.399999999967571,0.4999999999563173
F,1,0.6,3.408126831054688,0.6000048923851018,0.399999999966241,0.4999999999562537
F,1,0.6,3.413124084472656,0.6000048100878882,0.3999999999649513,0.4999999999561903
F,1,0.6,3.418121337890625,0.6000047291839816,0.3999999999637004,0.4999999999561269
F,1,0.6,3.423118591308594,0.6000046496495909,0.399999999962487,0.4999999999560627
F,1,0.6,3.428115844726562,0.6000045714613365,0.3999999999613102,0.499999999955999
F,1,0.6,3.433113098144531,0.6000044945962452,0.3999999999601689,0.4999999999559352
F,1,0.6,3.4381103515625,0.6000044190317364,0.3999999999590615,0.4999999999558714
F,1,0.6,3.443107604980469,0.6000043447456209,0.3999999999579872,0.499999999955808
F,1,0.6,3.448104858398438,0.6000042717160881,0.399999999956944,0.4999999999557442
F,1,0.6,3.453102111816406,0.6000041999217128,0.3999999999559328,0.4999999999556806
F,1,0.6,3.458099365234375,0.6000041293414324,0.3999999999549512,0.4999999999556168
F,1,0.6,3.463096618652344,0.6000040599545434,0.3999999999539979,0.499999999955553
F,1,0.6,3.468093872070312,0.6000039917407064,0.3999999999530727,0.4999999999554896
F,1,0.6,3.473091125488281,0.6000039246799331,0.3999999999521748,0.4999999999554255
F,1,0.6,3.47808837890625,0.6000038587525737,0.3999999999513028,0.4999999999553622
F,1,0.6,3.483085632324219,0.6000037939393158,0.3999999999504558,0.4999999999552981
F,1,0.6,3.488082885742188,0.6000037302211876,0.3999999999496334,0.4999999999552348
F,1,0.6,3.493080139160156,0.6000036675795384,0.3999999999488348,0.4999999999551709
F,1,0.6,3.498077392578125,0.6000036059960357,0.3999999999480587,0.4999999999551071
F,1,0.6,3.503074645996094,0.6000035454526679,0.3999999999473046,0.4999999999550431
F,1,0.6,3.508071899414062,0.6000034859317307,0.399999999946572,0.4999999999549791
F,1,0.6,3.513069152832031,0.6000034274158234,0.3999999999458593,0.499999999954915
F,1,0.6,3.51806640625,0.6000033698878479,0.3999999999451679,0.4999999999548513
F,1,0.6,3.523063659667969,0.600003313330993,0.3999999999444951,0.4999999999547877
F,1,0.6,3.528060913085938,0.6000032577287439,0.3999999999438411,0.4999999999547234
F,1,0.6,3.533058166503906,0.6000032030648657,0.3999999999432055,0.4999999999546597
F,1,0.6,3.538055419921875,0.600003149323402,0.3999999999425867,0.4999999999545959
F,1,0.6,3.543052673339844,0.600003096488674,0.3999999999419848,0.4999999999545323
F,1,0.6,3.548049926757812,0.6000030445452625,0.3999999999413997,0.4999999999544679
F,1,0.6,3.553047180175781,0.6000029934780299,0.3999999999408304,0.4999999999544041
F,1,0.6,3.55804443359375,0.600002943272082,0.3999999999402764,0.4999999999543402
F,1,0.6,3.563041687011719,0.6000028939127857,0.3999999999397369,0.4999999999542757
F,1,0.6,3.568038940429688,0.6000028453857633,0.3999999999392119,0.499999999954212
F,1,0.6,3.573036193847656,0.6000027976768779,0.3999999999387008,0.4999999999541485
F,1,0.6,3.578033447265625,0.6000027507722359,0.3999999999382028,0.499999999954084
F,1,0.6,3.583030700683594,0.6000027046581843,0.3999999999377179,0.4999999999540198
F,1,0.6,3.588027954101562,0.6000026593213026,0.3999999999372452,0.4999999999539563
F,1,0.6,3.593025207519531,0.6000026147484009,0.399999999936785,0.4999999999538917
F,1,0.6,3.5980224609375,0.6000025709265133,0.3999999999363362,0.4999999999538277
F,1,0.6,3.603019714355469,0.6000025278428991,0.3999999999358989,0.4999999999537633
F,1,0.6,3.608016967773438,0.6000024854850335,0.3999999999354724,0.4999999999536991
F,1,0.6,3.613014221191406,0.6000024438406063,0.3999999999350561,0.4999999999536348
F,1,0.6,3.618011474609375,0.6000024028975179,0.3999999999346505,0.4999999999535706
F,1,0.6,3.623008728027344,0.6000023626438764,0.3999999999342546,0.4999999999535067
F,1,0.6,3.628005981445312,0.6000023230679939,0.3999999999338686,0.499999999953442
F,1,0.6,3.633003234863281,0.6000022841583803,0.3999999999334919,0.499999999953378
F,1,0.6,3.63800048828125,0.6000022459037432,0.3999999999331234,0.4999999999533135
F,1,0.6,3.642997741699219,0.6000022082929832,0.3999999999327644,0.4999999999532493
F,1,0.6,3.647994995117188,0.600002171315192,0.3999999999324138,0.4999999999531847
F,1,0.6,3.652992248535156,0.6000021349596447,0.3999999999320711,0.4999999999531208
F,1,0.6,3.657989501953125,0.6000020992158035,0.3999999999317357,0.4999999999530562
F,1,0.6,3.662986755371094,0.6000020640733071,0.3999999999314089,0.4999999999529919
F,1,0.6,3.667984008789062,0.6000020295219755,0.3999999999310888,0.4999999999529279
F,1,0.6,3.672981262207031,0.6000019955517965,0.399999999930776,0.4999999999528634
F,1,0.6,3.677978515625,0.6000019621529356,0.3999999999304698,0.4999999999527991
F,1,0.6,3.682975769042969,0.6000019293157214,0.3999999999301705,0.4999999999527345
F,1,0.6,3.687973022460938,0.60000189703065,0.3999999999298779,0.4999999999526703
F,1,0.6,3.692970275878906,0.6000018652883778,0.3999999999295914,0.4999999999526062
F,1,0.6,3.697967529296875,0.6000018340797185,0.3999999999293108,0.4999999999525416
F,1,0.6,3.702964782714844,0.6000018033956497,0.3999999999290357,0.4999999999524773
F,1,0.6,3.707962036132812,0.6000017732272978,0.3999999999287666,0.499999999952413
F,1,0.6,3.712959289550781,0.6000017435659413,0.3999999999285027,0.4999999999523483
F,1,0.6,3.71795654296875,0.6000017144030074,0.3999999999282442,0.4999999999522838
F,1,0.6,3.722953796386719,0.6000016857300703,0.3999999999279906,0.4999999999522194
F,1,0.6,3.727951049804688,0.6000016575388439,0.3999999999277421,0.4999999999521559
F,1,0.6,3.732948303222656,0.6000016298211899,0.3999999999274983,0.4999999999520908
F,1,0.6,3.737945556640625,0.6000016025691027,0.399999999927259,0.4999999999520264
F,1,0.6,3.742942810058594,0.6000015757747184,0.3999999999270241,0.4999999999519618
F,1,0.6,3.747940063476562,0.6000015494303038,0.399999999926794,0.4999999999518976
F,1,0.6,3.752937316894531,0.6000015235282529,0.3999999999265677,0.4999999999518331
F,1,0.6,3.7579345703125,0.6000014980610924,0.3999999999263454,0.4999999999517686
F,1,0.6,3.762931823730469,0.6000014730214882,0.3999999999261268,0.4999999999517042
F,1,0.6,3.767929077148438,0.6000014484022165,0.3999999999259122,0.4999999999516399
F,1,0.6,3.772926330566406,0.6000014241961783,0.3999999999257013,0.4999999999515752
F,1,0.6,3.777923583984375,0.6000014003963992,0.399999999925494,0.4999999999515105
F,1,0.6,3.782920837402344,0.600001376996018,0.3999999999252898,0.4999999999514464
F,1,0.6,3.787918090820312,0.6000013539883017,0.3999999999250895,0.4999999999513816
F,1,0.6,3.792915344238281,0.6000013313666208,0.3999999999248917,0.499999999951317
F,1,0.6,3.79791259765625,0.6000013091244605,0.3999999999246973,0.4999999999512525
F,1,0.6,3.802909851074219,0.6000012872554187,0.3999999999245061,0.4999999999511885
F,1,0.6,3.807907104492188,0.6000012657532028,0.3999999999243177,0.4999999999511237
F,1,0.6,3.812904357910156,0.600001244611625,0.399999999924132,0.4999999999510594
F,1,0.6,3.817901611328125,0.6000012238246056,0.3999999999239482,0.4999999999509953
F,1,0.6,3.822898864746094,0.600001203386158,0.3999999999237684,0.4999999999509306
F,1,0.6,3.827896118164062,0.600001183290413,0.3999999999235905,0.4999999999508659
F,1,0.6,3.832893371582031,0.6000011635315915,0.3999999999234156,0.4999999999508017
F,1,0.6,3.837890625,0.6000011441040147,0.3999999999232426,0.4999999999507373
F,1,0.6,3.842887878417969,0.6000011250020997,0.3999999999230724,0.499999999950673
F,1,0.6,3.847885131835938,0.6000011062203574,0.3999999999229042,0.4999999999506091
F,1,0.6,3.852882385253906,0.6000010877533942,0.3999999999227382,0.4999999999505447
F,1,0.6,3.857879638671875,0.6000010695959074,0.399999999922574,0.4999999999504806
F,1,0.6,3.862876892089844,0.6000010517426827,0.3999999999224122,0.4999999999504163
F,1,0.6,3.867874145507812,0.6000010341885952,0.399999999922252,0.4999999999503521
F,1,0.6,3.872871398925781,0.6000010169286073,0.3999999999220941,0.4999999999502879
F,1,0.6,3.87786865234375,0.6000009999577693,0.3999999999219384,0.4999999999502235
F,1,0.6,3.882865905761719,0.6000009832712075,0.3999999999217841,0.4999999999501596
F,1,0.6,3.887863159179688,0.6000009668641385,0.3999999999216314,0.4999999999500959
F,1,0.6,3.892860412597656,0.6000009507318549,0.3999999999214808,0.4999999999500311
F,1,0.6,3.897857666015625,0.6000009348697348,0.399999999921331,0.4999999999499672
F,1,0.6,3.902854919433594,0.6000009192732316,0.3999999999211832,0.4999999999499036
F,1,0.6,3.907852172851562,0.6000009039378744,0.3999999999210364,0.4999999999498391
F,1,0.6,3.912849426269531,0.6000008888592679,0.3999999999208915,0.499999999949775
F,1,0.6,3.9178466796875,0.6000008740330938,0.3999999999207476,0.4999999999497105
F,1,0.6,3.922843933105469,0.6000008594551076,0.3999999999206056,0.4999999999496468
F,1,0.6,3.927841186523438,0.6000008451211302,0.3999999999204648,0.499999999949583
F,1,0.6,3.932838439941406,0.60000083102706,0.3999999999203256,0.4999999999495189
F,1,0.6,3.937835693359375,0.600000817168864,0.3999999999201869,0.4999999999494549
F,1,0.6,3.942832946777344,0.6000008035425738,0.3999999999200495,0.4999999999493908
F,1,0.6,3.947830200195312,0.6000007901442902,0.3999999999199135,0.4999999999493267
F,1,0.6,3.952827453613281,0.6000007769701821,0.3999999999197787,0.4999999999492625
F,1,0.6,3.95782470703125,0.6000007640164757,0.3999999999196448,0.4999999999491985
F,1,0.6,3.962821960449219,0.6000007512794759,0.3999999999195125,0.4999999999491347
F,1,0.6,3.967819213867188,0.6000007387555338,0.3999999999193802,0.4999999999490699
F,1,0.6,3.972816467285156,0.6000007264410728,0.399999999919249,0.4999999999490062
F,1,0.6,3.977813720703125,0.6000007143325707,0.3999999999191193,0.4999999999489425
F,1,0.6,3.982810974121094,0.6000007024265671,0.3999999999189901,0.4999999999488783
F,1,0.6,3.987808227539062,0.6000006907196612,0.399999999918862,0.4999999999488142
F,1,0.6,3.992805480957031,0.6000006792085103,0.3999999999187347,0.4999999999487503
F,1,0.6,3.997802734375,0.6000006678898245,0.399999999918608,0.4999999999486864
F,1,0.6,4.002799987792969,0.600000656760374,0.3999999999184824,0.4999999999486217
F,1,0.6,4.007797241210938,0.600000645816976,0.3999999999183572,0.4999999999485579
F,1,0.6,4.012794494628906,0.6000006350565129,0.3999999999182332,0.4999999999484939
F,1,0.6,4.017791748046875,0.6000006244759097,0.3999999999181094,0.4999999999484296
F,1,0.6,4.022789001464844,0.6000006140721467,0.3999999999179866,0.4999999999483656
F,1,0.6,4.027786254882812,0.6000006038422582,0.3999999999178645,0.4999999999483016
F,1,0.6,4.032783508300781,0.6000005937833249,0.3999999999177437,0.4999999999482381
F,1,0.6,4.03778076171875,0.6000005838924766,0.3999999999176225,0.4999999999481739
F,1,0.6,4.042778015136719,0.6000005741668937,0.3999999999175027,0.49999999994811
F,1,0.6,4.047775268554688,0.6000005646038046,0.3999999999173828,0.4999999999480462
F,1,0.6,4.052772521972656,0.6000005552004813,0.3999999999172634,0.4999999999479815
F,1,0.6,4.057769775390625,0.6000005459542437,0.399999999917145,0.4999999999479181
F,1,0.6,4.062767028808594,0.6000005368624559,0.3999999999170274,0.4999999999478542
F,1,0.6,4.067764282226562,0.6000005279225291,0.3999999999169098,0.4999999999477903
F,1,0.6,4.072761535644531,0.6000005191319154,0.3999999999167929,0.4999999999477262
F,1,0.6,4.0777587890625,0.600000510488113,0.399999999916676,0.4999999999476624
F,1,0.6,4.082756042480469,0.6000005019886586,0.3999999999165602,0.4999999999475984
F,1,0.6,4.087753295898438,0.6000004936311312,0.3999999999164442,0.4999999999475339
F,1,0.6,4.092750549316406,0.6000004854131531,0.3999999999163293,0.4999999999474699
F,1,0.6,4.097747802734375,0.600000477332383,0.3999999999162144,0.4999999999474064
F,1,0.6,4.102745056152344,0.6000004693865236,0.3999999999160997,0.4999999999473418
F,1,0.6,4.107742309570312,0.6000004615733027,0.3999999999159858,0.499999999947278
F,1,0.6,4.112739562988281,0.6000004538905174,0.3999999999158724,0.4999999999472138
F,1,0.6,4.11773681640625,0.6000004463359712,0.3999999999157591,0.4999999999471498
F,1,0.6,4.122734069824219,0.6000004389075163,0.3999999999156463,0.4999999999470857
F,1,0.6,4.127731323242188,0.6000004316030394,0.3999999999155337,0.4999999999470221
F,1,0.6,4.132728576660156,0.6000004244204642,0.3999999999154212,0.4999999999469578
F,1,0.6,4.137725830078125,0.6000004173577476,0.3999999999153092,0.4999999999468938
F,1,0.6,4.142723083496094,0.6000004104128849,0.3999999999151976,0.4999999999468297
F,1,0.6,4.147720336914062,0.6000004035838986,0.3999999999150868,0.4999999999467656
F,1,0.6,4.152717590332031,0.6000003968688495,0.3999999999149754,0.4999999999467017
F,1,0.6,4.15771484375,0.6000003902658309,0.3999999999148646,0.4999999999466377
F,1,0.6,4.162712097167969,0.6000003837729627,0.399999999914754,0.4999999999465734
F,1,0.6,4.167709350585938,0.6000003773884065,0.3999999999146441,0.4999999999465092
F,1,0.6,4.172706604003906,0.6000003711103475,0.3999999999145337,0.4999999999464455
F,1,0.6,4.177703857421875,0.600000364937001,0.3999999999144244,0.4999999999463815
F,1,0.6,4.182701110839844,0.6000003588666128,0.399999999914315,0.4999999999463173
F,1,0.6,4.187698364257812,0.6000003528974635,0.3999999999142058,0.4999999999462538
F,1,0.6,4.192695617675781,0.600000347027858,0.3999999999140973,0.4999999999461892
F,1,0.6,4.19769287109375,0.600000341256129,0.399999999913988,0.4999999999461254
F,1,0.6,4.202690124511719,0.60000033558064,0.3999999999138799,0.4999999999460616
F,1,0.6,4.207687377929688,0.6000003299997801,0.3999999999137713,0.4999999999459974
F,1,0.6,4.212684631347656,0.6000003245119658,0.3999999999136629,0.4999999999459334
F,1,0.6,4.217681884765625,0.6000003191156416,0.3999999999135553,0.4999999999458695
F,1,0.6,4.222679138183594,0.6000003138092768,0.3999999999134471,0.4999999999458054
F,1,0.6,4.227676391601562,0.6000003085913621,0.3999999999133392,0.4999999999457413
F,1,0.6,4.232673645019531,0.6000003034604257,0.3999999999132323,0.4999999999456775
F,1,0.6,4.2376708984375,0.6000002984150086,0.3999999999131249,0.4999999999456137
F,1,0.6,4.242668151855469,0.6000002934536821,0.399999999913018,0.4999999999455494
F,1,0.6,4.247665405273438,0.6000002885750403,0.3999999999129106,0.4999999999454852
F,1,0.6,4.252662658691406,0.6000002837776992,0.3999999999128038,0.4999999999454212
F,1,0.6,4.257659912109375,0.6000002790602998,0.3999999999126974,0.4999999999453576
F,1,0.6,4.262657165527344,0.6000002744215066,0.3999999999125909,0.4999999999452936
F,1,0.6,4.267654418945312,0.6000002698600054,0.3999999999124846,0.4999999999452291
F,1,0.6,4.272651672363281,0.6000002653745027,0.3999999999123785,0.4999999999451654
F,1,0.6,4.27764892578125,0.6000002609637307,0.3999999999122722,0.4999999999451015
F,1,0.6,4.282646179199219,0.600000256626439,0.3999999999121664,0.4999999999450374
F,1,0.6,4.287643432617188,0.6000002523614002,0.3999999999120608,0.4999999999449741
F,1,0.6,4.292640686035156,0.6000002481674067,0.3999999999119547,0.4999999999449093
F,1,0.6,4.297637939453125,0.6000002440432717,0.3999999999118491,0.4999999999448458
F,1,0.6,4.302635192871094,0.6000002399878285,0.3999999999117437,0.4999999999447813
F,1,0.6,4.307632446289062,0.6000002359999264,0.3999999999116384,0.4999999999447179
F,1,0.6,4.312629699707031,0.600000232078439,0.3999999999115333,0.4999999999446539
F,1,0.6,4.317626953125,0.6000002282222592,0.399999999911428,0.4999999999445902
F,1,0.6,4.322624206542969,0.6000002244302927,0.3999999999113233,0.4999999999445264
F,1,0.6,4.327621459960938,0.6000002207014712,0.3999999999112182,0.4999999999444618
F,1,0.6,4.332618713378906,0.6000002170347354,0.3999999999111131,0.499999999944398
F,1,0.6,4.337615966796875,0.6000002134290506,0.3999999999110082,0.4999999999443341
F,1,0.6,4.342613220214844,0.6000002098833953,0.3999999999109037,0.4999999999442701
F,1,0.6,4.347610473632812,0.600000206396771,0.3999999999107989,0.4999999999442066
F,1,0.6,4.352607727050781,0.6000002029681897,0.3999999999106943,0.4999999999441422
F,1,0.6,4.35760498046875,0.6000001995966828,0.3999999999105902,0.4999999999440785
F,1,0.6,4.362602233886719,0.6000001962812987,0.3999999999104857,0.4999999999440151
F,1,0.6,4.367599487304688,0.6000001930210987,0.3999999999103816,0.4999999999439508
F,1,0.6,4.372596740722656,0.6000001898151611,0.3999999999102773,0.4999999999438866
F,1,0.6,4.377593994140625,0.6000001866625823,0.3999999999101732,0.4999999999438227
F,1,0.6,4.382591247558594,0.6000001835624694,0.3999999999100689,0.4999999999437589
F,1,0.6,4.387588500976562,0.6000001805139484,0.3999999999099649,0.4999999999436953
F,1,0.6,4.392585754394531,0.6000001775161585,0.399999999909861,0.4999999999436314
F,1,0.6,4.3975830078125,0.6000001745682533,0.3999999999097574,0.4999999999435677
F,1,0.6,4.402580261230469,0.6000001716694012,0.3999999999096532,0.4999999999435032
F,1,0.6,4.407577514648438,0.6000001688187809,0.3999999999095495,0.4999999999434396
F,1,0.6,4.412574768066406,0.6000001660155897,0.3999999999094459,0.4999999999433753
F,1,0.6,4.417572021484375,0.6000001632590363,0.3999999999093421,0.4999999999433117
F,1,0.6,4.422569274902344,0.6000001605483416,0.3999999999092379,0.4999999999432477
F,1,0.6,4.427566528320312,0.6000001578827431,0.3999999999091342,0.4999999999431839
F,1,0.6,4.432563781738281,0.6000001552614822,0.3999999999090305,0.4999999999431198
F,1,0.6,4.43756103515625,0.6000001526838211,0.3999999999089274,0.4999999999430557
F,1,0.6,4.442558288574219,0.6000001501490426,0.3999999999088236,0.499999999942992
F,1,0.6,4.447555541992188,0.6000001476564251,0.3999999999087203,0.499999999942928
F,1,0.6,4.452552795410156,0.600000145205266,0.3999999999086172,0.4999999999428639
F,1,0.6,4.457550048828125,0.6000001427948726,0.3999999999085136,0.4999999999428
F,1,0.6,4.462547302246094,0.600000140424565,0.3999999999084101,0.4999999999427361
F,1,0.6,4.467544555664062,0.6000001380936762,0.3999999999083069,0.4999999999426724
F,1,0.6,4.472541809082031,0.6000001358015487,0.3999999999082036,0.4999999999426084
F,1,0.6,4.4775390625,0.6000001335475373,0.3999999999081003,0.4999999999425445
F,1,0.6,4.482536315917969,0.6000001313310035,0.399999999907997,0.4999999999424807
F,1,0.6,4.487533569335938,0.6000001291513259,0.3999999999078936,0.4999999999424162
F,1,0.6,4.492530822753906,0.6000001270078885,0.39999999990779,0.4999999999423524
F,1,0.6,4.497528076171875,0.600000124900087,0.399999999907687,0.4999999999422882
F,1,0.6,4.502525329589844,0.6000001228273293,0.3999999999075839,0.4999999999422244
F,1,0.6,4.507522583007812,0.6000001207890305,0.399999999907481,0.4999999999421605
F,1,0.6,4.512519836425781,0.6000001187846143,0.3999999999073779,0.4999999999420968
F,1,0.6,4.51751708984375,0.6000001168135192,0.3999999999072749,0.4999999999420331
F,1,0.6,4.522514343261719,0.6000001148751861,0.3999999999071719,0.4999999999419689
F,1,0.6,4.527511596679688,0.6000001129690737,0.3999999999070688,0.499999999941905
F,1,0.6,4.532508850097656,0.6000001110946436,0.3999999999069659,0.4999999999418408
F,1,0.6,4.537506103515625,0.600000109251367,0.3999999999068634,0.4999999999417775
F,1,0.6,4.542503356933594,0.600000107438725,0.3999999999067608,0.4999999999417133
F,1,0.6,4.547500610351562,0.6000001056562085,0.3999999999066576,0.4999999999416494
F,1,0.6,4.552497863769531,0.6000001039033152,0.3999999999065551,0.4999999999415853
F,1,0.6,4.5574951171875,0.6000001021795486,0.3999999999064526,0.4999999999415221
F,1,0.6,4.562492370605469,0.6000001004844295,0.3999999999063498,0.4999999999414584
F,1,0.6,4.567489624023438,0.6000000988174776,0.3999999999062465,0.4999999999413941
F,1,0.6,4.572486877441406,0.6000000971782232,0.3999999999061439,0.4999999999413303
F,1,0.6,4.577484130859375,0.6000000955662066,0.3999999999060408,0.4999999999412666
F,1,0.6,4.582481384277344,0.6000000939809739,0.3999999999059384,0.4999999999412025
F,1,0.6,4.587478637695312,0.6000000924220781,0.3999999999058355,0.4999999999411384
F,1,0.6,4.592475891113281,0.6000000908890823,0.3999999999057328,0.4999999999410747
F,1,0.6,4.59747314453125,0.6000000893815536,0.3999999999056301,0.4999999999410107
F,1,0.6,4.602470397949219,0.6000000878990703,0.3999999999055279,0.4999999999409472
F,1,0.6,4.607467651367188,0.6000000864412133,0.3999999999054253,0.4999999999408832
F,1,0.6,4.612464904785156,0.6000000850075723,0.3999999999053224,0.4999999999408193
F,1,0.6,4.617462158203125,0.6000000835977464,0.3999999999052199,0.4999999999407555
F,1,0.6,4.622459411621094,0.600000082211336,0.3999999999051172,0.4999999999406911
F,1,0.6,4.627456665039062,0.6000000808479553,0.3999999999050144,0.4999999999406276
F,1,0.6,4.632453918457031,0.6000000795072185,0.3999999999049117,0.4999999999405633
F,1,0.6,4.637451171875,0.600000078188749,0.399999999904809,0.4999999999404996
F,1,0.6,4.642448425292969,0.6000000768921792,0.3999999999047067,0.4999999999404353
F,1,0.6,4.647445678710938,0.6000000756171385,0.3999999999046039,0.4999999999403713
F,1,0.6,4.652442932128906,0.6000000743632731,0.3999999999045014,0.4999999999403075
F,1,0.6,4.657440185546875,0.6000000731302282,0.399999999904399,0.499999999940244
F,1,0.6,4.662437438964844,0.6000000719176601,0.3999999999042967,0.4999999999401798
F,1,0.6,4.667434692382812,0.6000000707252253,0.3999999999041938,0.4999999999401163
F,1,0.6,4.672431945800781,0.6000000695525912,0.399999999904092,0.4999999999400525
F,1,0.6,4.67742919921875,0.6000000683994268,0.3999999999039896,0.4999999999399884
F,1,0.6,4.682426452636719,0.6000000672654097,0.3999999999038869,0.4999999999399249
F,1,0.6,4.687423706054688,0.6000000661502199,0.3999999999037851,0.4999999999398611
F,1,0.6,4.692420959472656,0.6000000650535462,0.3999999999036826,0.4999999999397969
F,1,0.6,4.697418212890625,0.6000000639750787,0.3999999999035802,0.4999999999397332
F,1,0.6,4.702415466308594,0.6000000629145157,0.3999999999034779,0.4999999999396695
F,1,0.6,4.707412719726562,0.6000000618715571,0.3999999999033754,0.4999999999396056
F,1,0.6,4.712409973144531,0.6000000608459135,0.3999999999032734,0.4999999999395421
F,1,0.6,4.7174072265625,0.6000000598372955,0.3999999999031706,0.4999999999394779
F,1,0.6,4.722404479980469,0.60000005884542,0.3999999999030682,0.499999999939414
F,1,0.6,4.727401733398438,0.6000000578700074,0.3999999999029656,0.4999999999393503
F,1,0.6,4.732398986816406,0.6000000569107863,0.3999999999028632,0.499999999939286
F,1,0.6,4.737396240234375,0.6000000559674851,0.399999999902761,0.4999999999392226
F,1,0.6,4.742393493652344,0.60000005503984,0.3999999999026586,0.4999999999391583
F,1,0.6,4.747390747070312,0.6000000541275905,0.3999999999025568,0.4999999999390949
F,1,0.6,4.752388000488281,0.6000000532304831,0.3999999999024547,0.499999999939031
F,1,0.6,4.75738525390625,0.6000000523482623,0.3999999999023524,0.4999999999389673
F,1,0.6,4.762382507324219,0.6000000514806854,0.3999999999022498,0.4999999999389031
F,1,0.6,4.767379760742188,0.6000000506275021,0.3999999999021475,0.4999999999388395
F,1,0.6,4.772377014160156,0.6000000497884775,0.3999999999020451,0.4999999999387755
F,1,0.6,4.777374267578125,0.6000000489633753,0.3999999999019426,0.499999999938712
F,1,0.6,4.782371520996094,0.6000000481519643,0.3999999999018403,0.4999999999386477
F,1,0.6,4.787368774414062,0.6000000473540161,0.3999999999017386,0.4999999999385842
F,1,0.6,4.792366027832031,0.6000000465693084,0.3999999999016362,0.4999999999385206
F,1,0.6,4.79736328125,0.6000000457976206,0.3999999999015337,0.4999999999384565
F,1,0.6,4.802360534667969,0.6000000450387357,0.399999999901431,0.4999999999383922
F,1,0.6,4.807357788085938,0.6000000442924424,0.3999999999013288,0.4999999999383284
F,1,0.6,4.812355041503906,0.600000043558532,0.3999999999012265,0.4999999999382646
F,1,0.6,4.817352294921875,0.6000000428367955,0.3999999999011245,0.4999999999382006
F,1,0.6,4.822349548339844,0.6000000421270326,0.3999999999010219,0.4999999999381368
F,1,0.6,4.827346801757812,0.6000000414290447,0.3999999999009194,0.4999999999380727
F,1,0.6,4.832344055175781,0.6000000407426358,0.3999999999008174,0.499999999938009
F,1,0.6,4.83734130859375,0.6000000400676123,0.3999999999007144,0.4999999999379448
F,1,0.6,4.842338562011719,0.6000000394037859,0.3999999999006124,0.499999999937881
F,1,0.6,4.847335815429688,0.6000000387509706,0.3999999999005102,0.4999999999378172
F,1,0.6,4.852333068847656,0.6000000381089844,0.399999999900408,0.4999999999377533
F,1,0.6,4.857330322265625,0.6000000374776466,0.3999999999003059,0.4999999999376896
F,1,0.6,4.862327575683594,0.6000000368567794,0.3999999999002035,0.4999999999376256
F,1,0.6,4.867324829101562,0.6000000362462099,0.3999999999001012,0.4999999999375618
F,1,0.6,4.872322082519531,0.6000000356457679,0.3999999998999989,0.4999999999374982
F,1,0.6,4.8773193359375,0.6000000350552827,0.3999999998998963,0.4999999999374338
F,1,0.6,4.882316589355469,0.6000000344745896,0.3999999998997945,0.4999999999373704
F,1,0.6,4.887313842773438,0.6000000339035277,0.3999999998996924,0.4999999999373066
F,1,0.6,4.892311096191406,0.6000000333419379,0.3999999998995902,0.4999999999372426
F,1,0.6,4.897308349609375,0.6000000327896571,0.3999999998994883,0.4999999999371789
F,1,0.6,4.902305603027344,0.600000032246537,0.3999999998993859,0.4999999999371149
F,1,0.6,4.907302856445312,0.600000031712424,0.3999999998992838,0.4999999999370515
F,1,0.6,4.912300109863281,0.6000000311871665,0.3999999998991814,0.4999999999369874
F,1,0.6,4.91729736328125,0.6000000306706215,0.3999999998990795,0.4999999999369235
F,1,0.6,4.922294616699219,0.600000030162639,0.3999999998989773,0.4999999999368598
F,1,0.6,4.927291870117188,0.6000000296630791,0.3999999998988755,0.4999999999367964
F,1,0.6,4.932289123535156,0.600000029171801,0.3999999998987727,0.4999999999367321
F,1,0.6,4.937286376953125,0.60000002868867,0.3999999998986709,0.4999999999366684
F,1,0.6,4.942283630371094,0.6000000282135483,0.3999999998985687,0.4999999999366045
F,1,0.6,4.947280883789062,0.6000000277463043,0.3999999998984666,0.4999999999365409
F,1,0.6,4.952278137207031,0.6000000272868069,0.3999999998983642,0.499999999936477
F,1,0.6,4.957275390625,0.6000000268349277,0.3999999998982625,0.4999999999364131
F,1,0.6,4.962272644042969,0.600000026390537,0.3999999998981604,0.4999999999363496
F,1,0.6,4.967269897460938,0.6000000259535145,0.3999999998980586,0.4999999999362852
F,1,0.6,4.972267150878906,0.6000000255237357,0.3999999998979561,0.499999999936222
F,1,0.6,4.977264404296875,0.6000000251010839,0.3999999998978542,0.4999999999361578
F,1,0.6,4.982261657714844,0.6000000246854349,0.399999999897752,0.4999999999360941
F,1,0.6,4.987258911132812,0.6000000242766801,0.3999999998976498,0.4999999999360306
F,1,0.6,4.992256164550781,0.6000000238746984,0.3999999998975477,0.4999999999359666
F,1,0.6,4.99725341796875,0.6000000234793793,0.3999999998974461,0.4999999999359032
F,1,0.6,5,0.6000000232649022,0.3999999998973899,0.4999999999358681
