case,alpha,rho,lambda_c,lambda_r,tau_exchange,time,center_ratio,energy_ratio,mass
D1,0.3,0.3,0.25,0.25,2,0,0,1,0.5000000000000001
D1,0.3,0.3,0.25,0.25,2,0.0099945068359375,0.002655401825279207,0.8540440984295233,0.5000000000000679
D1,0.3,0.3,0.25,0.25,2,0.019989013671875,0.005580570594090205,0.7688515855781218,0.5000000000001341
D1,0.3,0.3,0.25,0.25,2,0.0299835205078125,0.008699470582449543,0.7186445072766987,0.5000000000002003
D1,0.3,0.3,0.25,0.25,2,0.03997802734375,0.01193232950529333,0.6885672588348044,0.5000000000002655
D1,0.3,0.3,0.25,0.25,2,0.0499725341796875,0.0152062262565436,0.6700633237902403,0.5000000000003302
D1,0.3,0.3,0.25,0.25,2,0.059967041015625,0.01846214141749718,0.6582078208777409,0.5000000000003945
D1,0.3,0.3,0.25,0.25,2,0.0699615478515625,0.02165778338167829,0.650168761728093,0.5000000000004586
D1,0.3,0.3,0.25,0.25,2,0.0799560546875,0.02476694632693318,0.6443196267422017,0.5000000000005228
D1,0.3,0.3,0.25,0.25,2,0.0899505615234375,0.02777679210850994,0.6397277296841591,0.5000000000005868
D1,0.3,0.3,0.25,0.25,2,0.099945068359375,0.03068437602497856,0.6358593605335411,0.5000000000006508
D1,0.3,0.3,0.25,0.25,2,0.1099395751953125,0.03349331863140531,0.6324099498726056,0.5000000000007142
D1,0.3,0.3,0.25,0.25,2,0.11993408203125,0.0362110754586079,0.6292063139935985,0.5000000000007779
D1,0.3,0.3,0.25,0.25,2,0.1299285888671875,0.03884692671798353,0.626150440977481,0.5000000000008415
D1,0.3,0.3,0.25,0.25,2,0.139923095703125,0.0414106246990736,0.6231872045427708,0.5000000000009049
D1,0.3,0.3,0.25,0.25,2,0.1499176025390625,0.04391156275983427,0.6202858507216472,0.5000000000009679
D1,0.3,0.3,0.25,0.25,2,0.159912109375,0.04635832096760434,0.6174294048630485,0.500000000001031
D1,0.3,0.3,0.25,0.25,2,0.1699066162109375,0.04875846436071179,0.6146086278331663,0.5000000000010943
D1,0.3,0.3,0.25,0.25,2,0.179901123046875,0.05111849931787071,0.6118185809412112,0.5000000000011576
D1,0.3,0.3,0.25,0.25,2,0.1898956298828125,0.05344392133155417,0.609056683647462,0.5000000000012215
D1,0.3,0.3,0.25,0.25,2,0.19989013671875,0.05573930981763688,0.6063216230611282,0.500000000001285
D1,0.3,0.3,0.25,0.25,2,0.2098846435546875,0.05800844198953045,0.6036127476310543,0.5000000000013485
D1,0.3,0.3,0.25,0.25,2,0.219879150390625,0.06025440915262385,0.6009297346640377,0.5000000000014119
D1,0.3,0.3,0.25,0.25,2,0.2298736572265625,0.06247972624283187,0.5982724116227894,0.5000000000014755
D1,0.3,0.3,0.25,0.25,2,0.2398681640625,0.06468643015572423,0.5956406629536992,0.5000000000015391
D1,0.3,0.3,0.25,0.25,2,0.2498626708984375,0.06687616527240864,0.5930343838395244,0.5000000000016026
D1,0.3,0.3,0.25,0.25,2,0.259857177734375,0.06905025622929925,0.5904534591911413,0.5000000000016664
D1,0.3,0.3,0.25,0.25,2,0.2698516845703125,0.07120976884795191,0.5878977558126771,0.5000000000017298
D1,0.3,0.3,0.25,0.25,2,0.27984619140625,0.07335556053715447,0.5853671211169156,0.5000000000017933
D1,0.3,0.3,0.25,0.25,2,0.2898406982421875,0.07548832159683619,0.5828613848259662,0.5000000000018572
D1,0.3,0.3,0.25,0.25,2,0.299835205078125,0.07760860881524312,0.5803803617942644,0.5000000000019206
D1,0.3,0.3,0.25,0.25,2,0.3098297119140625,0.0797168726334517,0.5779238550257799,0.5000000000019837
D1,0.3,0.3,0.25,0.25,2,0.31982421875,0.08181347900040178,0.5754916584608252,0.5000000000020476
D1,0.3,0.3,0.25,0.25,2,0.3298187255859375,0.08389872688360007,0.5730835593713262,0.500000000002111
D1,0.3,0.3,0.25,0.25,2,0.339813232421875,0.08597286224989208,0.5706993403349089,0.5000000000021747
D1,0.3,0.3,0.25,0.25,2,0.3498077392578125,0.08803608919427039,0.5683387808185297,0.5000000000022378
D1,0.3,0.3,0.25,0.25,2,0.35980224609375,0.09008857877530102,0.566001658425533,0.5000000000023006
D1,0.3,0.3,0.25,0.25,2,0.3697967529296875,0.09213047601363004,0.5636877498644912,0.5000000000023641
D1,0.3,0.3,0.25,0.25,2,0.379791259765625,0.09416190542416042,0.561396831694118,0.5000000000024274
D1,0.3,0.3,0.25,0.25,2,0.3897857666015625,0.0961829753811534,0.5591286808911353,0.500000000002491
D1,0.3,0.3,0.25,0.25,2,0.3997802734375,0.09819378155680317,0.5568830752798792,0.5000000000025546
D1,0.3,0.3,0.25,0.25,2,0.4097747802734375,0.1001944096259238,0.5546597938549112,0.5000000000026181
D1,0.3,0.3,0.25,0.25,2,0.419769287109375,0.1021849373905131,0.5524586170213481,0.5000000000026817
D1,0.3,0.3,0.25,0.25,2,0.4297637939453125,0.1041654364465636,0.5502793267722477,0.5000000000027456
D1,0.3,0.3,0.25,0.25,2,0.43975830078125,0.1061359734902868,0.548121706817996,0.5000000000028088
D1,0.3,0.3,0.25,0.25,2,0.4497528076171875,0.1080966113407007,0.5459855426792357,0.500000000002872
D1,0.3,0.3,0.25,0.25,2,0.459747314453125,0.1100474097394375,0.5438706217521235,0.5000000000029358
D1,0.3,0.3,0.25,0.25,2,0.4697418212890625,0.1119884259757688,0.5417767333526787,0.500000000002999
D1,0.3,0.3,0.25,0.25,2,0.479736328125,0.1139197153746869,0.5397036687453136,0.5000000000030624
D1,0.3,0.3,0.25,0.25,2,0.4897308349609375,0.1158413316777877,0.5376512211594603,0.5000000000031263
D1,0.3,0.3,0.25,0.25,2,0.499725341796875,0.1177533273403424,0.5356191857972264,0.5000000000031902
D1,0.3,0.3,0.25,0.25,2,0.5097198486328125,0.1196557537628863,0.5336073598343271,0.5000000000032541
D1,0.3,0.3,0.25,0.25,2,0.51971435546875,0.1215486614717066,0.531615542415976,0.5000000000033177
D1,0.3,0.3,0.25,0.25,2,0.5297088623046875,0.1234321002594758,0.5296435346490209,0.5000000000033811
D1,0.3,0.3,0.25,0.25,2,0.539703369140625,0.1253061192948258,0.5276911395912828,0.5000000000034449
D1,0.3,0.3,0.25,0.25,2,0.5496978759765625,0.1271707672077442,0.5257581622388366,0.5000000000035085
D1,0.3,0.3,0.25,0.25,2,0.5596923828125,0.1290260921561493,0.5238444095117781,0.5000000000035717
D1,0.3,0.3,0.25,0.25,2,0.5696868896484375,0.1308721418778291,0.5219496902388995,0.5000000000036358
D1,0.3,0.3,0.25,0.25,2,0.579681396484375,0.132708963731016,0.5200738151415757,0.5000000000036995
D1,0.3,0.3,0.25,0.25,2,0.5896759033203125,0.1345366047261231,0.5182165968171167,0.5000000000037635
D1,0.3,0.3,0.25,0.25,2,0.59967041015625,0.1363551115506176,0.5163778497217488,0.5000000000038272
D1,0.3,0.3,0.25,0.25,2,0.6096649169921875,0.1381645305885801,0.5145573901533572,0.5000000000038913
D1,0.3,0.3,0.25,0.25,2,0.619659423828125,0.139964907936134,0.5127550362341089,0.5000000000039547
D1,0.3,0.3,0.25,0.25,2,0.6296539306640625,0.1417562894136687,0.5109706078930053,0.500000000004019
D1,0.3,0.3,0.25,0.25,2,0.6396484375,0.1435387205755955,0.5092039268484484,0.500000000004083
D1,0.3,0.3,0.25,0.25,2,0.6496429443359375,0.1453122467181635,0.5074548165908427,0.5000000000041469
D1,0.3,0.3,0.25,0.25,2,0.659637451171875,0.1470769128857991,0.5057231023652723,0.5000000000042103
D1,0.3,0.3,0.25,0.25,2,0.6696319580078125,0.1488327638762883,0.5040086111542764,0.5000000000042745
D1,0.3,0.3,0.25,0.25,2,0.67962646484375,0.1505798442450618,0.502311171660743,0.5000000000043381
D1,0.3,0.3,0.25,0.25,2,0.6896209716796875,0.1523181983087943,0.500630614290923,0.5000000000044018
D1,0.3,0.3,0.25,0.25,2,0.699615478515625,0.1540478701484563,0.4989667711375914,0.5000000000044659
D1,0.3,0.3,0.25,0.25,2,0.7096099853515625,0.1557689036119596,0.497319475963343,0.5000000000045298
D1,0.3,0.3,0.25,0.25,2,0.7196044921875,0.1574813423164751,0.4956885641840387,0.5000000000045942
D1,0.3,0.3,0.25,0.25,2,0.7295989990234375,0.1591852296504969,0.4940738728524051,0.5000000000046578
D1,0.3,0.3,0.25,0.25,2,0.739593505859375,0.1608806087757179,0.4924752406417858,0.5000000000047216
D1,0.3,0.3,0.25,0.25,2,0.7495880126953125,0.1625675226287435,0.4908925078300439,0.500000000004785
D1,0.3,0.3,0.25,0.25,2,0.75958251953125,0.1642460139226975,0.489325516283621,0.5000000000048479
D1,0.3,0.3,0.25,0.25,2,0.7695770263671875,0.1659161251487216,0.4877741094417522,0.5000000000049113
D1,0.3,0.3,0.25,0.25,2,0.779571533203125,0.1675778985774097,0.4862381323008284,0.5000000000049741
D1,0.3,0.3,0.25,0.25,2,0.7895660400390625,0.1692313762601829,0.484717431398918,0.5000000000050376
D1,0.3,0.3,0.25,0.25,2,0.799560546875,0.1708766000306148,0.4832118548004389,0.5000000000051006
D1,0.3,0.3,0.25,0.25,2,0.8095550537109375,0.1725136115057212,0.4817212520809799,0.5000000000051634
D1,0.3,0.3,0.25,0.25,2,0.819549560546875,0.1741424520872176,0.4802454743122715,0.5000000000052269
D1,0.3,0.3,0.25,0.25,2,0.8295440673828125,0.175763162962754,0.4787843740473106,0.5000000000052899
D1,0.3,0.3,0.25,0.25,2,0.83953857421875,0.1773757851071249,0.4773378053056243,0.5000000000053527
D1,0.3,0.3,0.25,0.25,2,0.8495330810546875,0.1789803592834663,0.4759056235586882,0.5000000000054153
D1,0.3,0.3,0.25,0.25,2,0.859527587890625,0.1805769260444366,0.4744876857154831,0.5000000000054786
D1,0.3,0.3,0.25,0.25,2,0.8695220947265625,0.1821655257333784,0.4730838501081995,0.5000000000055412
D1,0.3,0.3,0.25,0.25,2,0.8795166015625,0.1837461984854766,0.4716939764780792,0.5000000000056044
D1,0.3,0.3,0.25,0.25,2,0.8895111083984375,0.1853189842289008,0.4703179259614029,0.5000000000056675
D1,0.3,0.3,0.25,0.25,2,0.899505615234375,0.1868839226859368,0.4689555610756137,0.5000000000057305
D1,0.3,0.3,0.25,0.25,2,0.9095001220703125,0.1884410533741185,0.4676067457055801,0.5000000000057935
D1,0.3,0.3,0.25,0.25,2,0.91949462890625,0.1899904156073411,0.4662713450899936,0.5000000000058565
D1,0.3,0.3,0.25,0.25,2,0.9294891357421875,0.1915320484969674,0.4649492258079053,0.5000000000059204
D1,0.3,0.3,0.25,0.25,2,0.939483642578125,0.1930659909529312,0.4636402557653916,0.5000000000059833
D1,0.3,0.3,0.25,0.25,2,0.9494781494140625,0.1945922816848339,0.4623443041823561,0.5000000000060471
D1,0.3,0.3,0.25,0.25,2,0.95947265625,0.1961109592030274,0.4610612415794599,0.5000000000061098
D1,0.3,0.3,0.25,0.25,2,0.9694671630859375,0.1976220618196925,0.4597909397651871,0.5000000000061736
D1,0.3,0.3,0.25,0.25,2,0.979461669921875,0.1991256276499188,0.4585332718230338,0.500000000006237
D1,0.3,0.3,0.25,0.25,2,0.9894561767578125,0.2006216946127658,0.4572881120988234,0.5000000000063006
D1,0.3,0.3,0.25,0.25,2,0.99945068359375,0.2021103004323213,0.4560553361881534,0.5000000000063642
D1,0.3,0.3,0.25,0.25,2,1.009445190429688,0.2035914826387595,0.454834820923966,0.500000000006428
D1,0.3,0.3,0.25,0.25,2,1.019439697265625,0.2050652785693861,0.4536264443642366,0.5000000000064914
D1,0.3,0.3,0.25,0.25,2,1.029434204101562,0.2065317253696754,0.4524300857797944,0.500000000006555
D1,0.3,0.3,0.25,0.25,2,1.0394287109375,0.2079908599943121,0.4512456256422513,0.500000000006619
D1,0.3,0.3,0.25,0.25,2,1.049423217773438,0.2094427192082117,0.4500729456120671,0.500000000006682
D1,0.3,0.3,0.25,0.25,2,1.059417724609375,0.210887339587546,0.4489119285267166,0.5000000000067454
D1,0.3,0.3,0.25,0.25,2,1.069412231445312,0.2123247575207626,0.4477624583889885,0.5000000000068093
D1,0.3,0.3,0.25,0.25,2,1.07940673828125,0.2137550092095869,0.44662442035539,0.5000000000068725
D1,0.3,0.3,0.25,0.25,2,1.089401245117188,0.2151781306700323,0.4454977007246758,0.5000000000069356
D1,0.3,0.3,0.25,0.25,2,1.099395751953125,0.2165941577333965,0.4443821869264802,0.5000000000069993
D1,0.3,0.3,0.25,0.25,2,1.109390258789062,0.218003126047253,0.4432777675100775,0.5000000000070627
D1,0.3,0.3,0.25,0.25,2,1.119384765625,0.2194050710764375,0.442184332133238,0.5000000000071261
D1,0.3,0.3,0.25,0.25,2,1.129379272460938,0.220800028104029,0.4411017715512055,0.5000000000071896
D1,0.3,0.3,0.25,0.25,2,1.139373779296875,0.2221880322323256,0.4400299776057813,0.5000000000072533
D1,0.3,0.3,0.25,0.25,2,1.149368286132812,0.2235691183838096,0.438968843214517,0.5000000000073166
D1,0.3,0.3,0.25,0.25,2,1.15936279296875,0.224943321302114,0.4379182623600135,0.5000000000073801
D1,0.3,0.3,0.25,0.25,2,1.169357299804688,0.2263106755529791,0.436878130079328,0.5000000000074434
D1,0.3,0.3,0.25,0.25,2,1.179351806640625,0.2276712155252052,0.4358483424534869,0.5000000000075067
D1,0.3,0.3,0.25,0.25,2,1.189346313476562,0.2290249754315991,0.4348287965970996,0.5000000000075701
D1,0.3,0.3,0.25,0.25,2,1.1993408203125,0.2303719893099119,0.433819390648081,0.500000000007634
D1,0.3,0.3,0.25,0.25,2,1.209335327148438,0.2317122910237791,0.4328200237574706,0.5000000000076973
D1,0.3,0.3,0.25,0.25,2,1.219329833984375,0.2330459142636474,0.4318305960793568,0.5000000000077605
D1,0.3,0.3,0.25,0.25,2,1.229324340820312,0.2343728925477008,0.4308510087609013,0.5000000000078242
D1,0.3,0.3,0.25,0.25,2,1.23931884765625,0.2356932592227768,0.4298811639324581,0.5000000000078875
D1,0.3,0.3,0.25,0.25,2,1.249313354492188,0.2370070474652851,0.4289209646977979,0.500000000007951
D1,0.3,0.3,0.25,0.25,2,1.259307861328125,0.2383142902821114,0.427970315124424,0.5000000000080146
D1,0.3,0.3,0.25,0.25,2,1.269302368164062,0.2396150205115249,0.4270291202339883,0.5000000000080776
D1,0.3,0.3,0.25,0.25,2,1.279296875,0.2409092708240707,0.4260972859927971,0.5000000000081412
D1,0.3,0.3,0.25,0.25,2,1.289291381835938,0.2421970737234671,0.4251747193024222,0.5000000000082043
D1,0.3,0.3,0.25,0.25,2,1.299285888671875,0.2434784615474929,0.4242613279903891,0.5000000000082677
D1,0.3,0.3,0.25,0.25,2,1.309280395507812,0.2447534664688677,0.4233570208009768,0.5000000000083311
D1,0.3,0.3,0.25,0.25,2,1.31927490234375,0.2460221204961296,0.4224617073860904,0.500000000008394
D1,0.3,0.3,0.25,0.25,2,1.329269409179688,0.2472844554745096,0.4215752982962413,0.500000000008457
D1,0.3,0.3,0.25,0.25,2,1.339263916015625,0.2485405030867963,0.4206977049716039,0.5000000000085204
D1,0.3,0.3,0.25,0.25,2,1.349258422851562,0.2497902948541992,0.4198288397331706,0.5000000000085835
D1,0.3,0.3,0.25,0.25,2,1.3592529296875,0.2510338621372059,0.4189686157739856,0.5000000000086466
D1,0.3,0.3,0.25,0.25,2,1.369247436523438,0.2522712361364363,0.4181169471504766,0.5000000000087099
D1,0.3,0.3,0.25,0.25,2,1.379241943359375,0.2535024478934827,0.4172737487738643,0.5000000000087733
D1,0.3,0.3,0.25,0.25,2,1.389236450195312,0.2547275282917651,0.4164389364016607,0.5000000000088368
D1,0.3,0.3,0.25,0.25,2,1.39923095703125,0.255946508057358,0.4156124266292548,0.5000000000089
D1,0.3,0.3,0.25,0.25,2,1.409225463867188,0.2571594177598242,0.4147941368815721,0.5000000000089628
D1,0.3,0.3,0.25,0.25,2,1.419219970703125,0.2583662878130518,0.4139839854048293,0.5000000000090261
D1,0.3,0.3,0.25,0.25,2,1.429214477539062,0.2595671484760642,0.4131818912583643,0.5000000000090895
D1,0.3,0.3,0.25,0.25,2,1.439208984375,0.2607620298538534,0.4123877743065462,0.5000000000091523
D1,0.3,0.3,0.25,0.25,2,1.449203491210938,0.2619509618981811,0.4116015552107734,0.5000000000092156
D1,0.3,0.3,0.25,0.25,2,1.459197998046875,0.263133974408394,0.4108231554215397,0.5000000000092788
D1,0.3,0.3,0.25,0.25,2,1.469192504882812,0.2643110970322322,0.4100524971705887,0.500000000009342
D1,0.3,0.3,0.25,0.25,2,1.47918701171875,0.2654823592666203,0.4092895034631457,0.5000000000094051
D1,0.3,0.3,0.25,0.25,2,1.489181518554688,0.2666477904584716,0.4085340980702204,0.5000000000094682
D1,0.3,0.3,0.25,0.25,2,1.499176025390625,0.2678074198054725,0.4077862055209916,0.5000000000095307
D1,0.3,0.3,0.25,0.25,2,1.509170532226562,0.2689612763568746,0.4070457510952675,0.5000000000095944
D1,0.3,0.3,0.25,0.25,2,1.5191650390625,0.2701093890142718,0.4063126608160181,0.5000000000096576
D1,0.3,0.3,0.25,0.25,2,1.529159545898438,0.2712517865323824,0.4055868614419834,0.5000000000097212
D1,0.3,0.3,0.25,0.25,2,1.539154052734375,0.272388497519819,0.4048682804603559,0.5000000000097851
D1,0.3,0.3,0.25,0.25,2,1.549148559570312,0.2735195504398569,0.4041568460795355,0.5000000000098483
D1,0.3,0.3,0.25,0.25,2,1.55914306640625,0.2746449736112041,0.4034524872219574,0.5000000000099117
D1,0.3,0.3,0.25,0.25,2,1.569137573242188,0.2757647952087559,0.4027551335169851,0.5000000000099754
D1,0.3,0.3,0.25,0.25,2,1.579132080078125,0.2768790432643517,0.4020647152938846,0.500000000010039
D1,0.3,0.3,0.25,0.25,2,1.589126586914062,0.2779877456675252,0.4013811635748613,0.500000000010102
D1,0.3,0.3,0.25,0.25,2,1.59912109375,0.2790909301662611,0.4007044100681662,0.5000000000101656
D1,0.3,0.3,0.25,0.25,2,1.609115600585938,0.2801886243677222,0.4000343871612751,0.5000000000102292
D1,0.3,0.3,0.25,0.25,2,1.619110107421875,0.2812808557390014,0.3993710279141298,0.5000000000102932
D1,0.3,0.3,0.25,0.25,2,1.629104614257812,0.2823676516078554,0.398714266052451,0.5000000000103567
D1,0.3,0.3,0.25,0.25,2,1.63909912109375,0.2834490391634272,0.3980640359611175,0.5000000000104203
D1,0.3,0.3,0.25,0.25,2,1.649093627929688,0.2845250454569775,0.3974202726776088,0.5000000000104839
D1,0.3,0.3,0.25,0.25,2,1.659088134765625,0.2855956974026098,0.396782911885514,0.5000000000105479
D1,0.3,0.3,0.25,0.25,2,1.669082641601562,0.2866610217779875,0.3961518899081047,0.5000000000106114
D1,0.3,0.3,0.25,0.25,2,1.6790771484375,0.2877210452250408,0.3955271437019763,0.5000000000106755
D1,0.3,0.3,0.25,0.25,2,1.689071655273438,0.2887757942506881,0.3949086108507446,0.5000000000107392
D1,0.3,0.3,0.25,0.25,2,1.699066162109375,0.2898252952275375,0.3942962295588089,0.5000000000108034
D1,0.3,0.3,0.25,0.25,2,1.709060668945312,0.2908695743945878,0.3936899386451841,0.5000000000108675
D1,0.3,0.3,0.25,0.25,2,1.71905517578125,0.2919086578579264,0.3930896775373787,0.5000000000109308
D1,0.3,0.3,0.25,0.25,2,1.729049682617188,0.2929425715914281,0.3924953862653492,0.500000000010995
D1,0.3,0.3,0.25,0.25,2,1.739044189453125,0.2939713414374419,0.3919070054555063,0.5000000000110585
D1,0.3,0.3,0.25,0.25,2,1.749038696289062,0.2949949931074807,0.3913244763247796,0.5000000000111232
D1,0.3,0.3,0.25,0.25,2,1.759033203125,0.2960135521829024,0.390747740674749,0.5000000000111874
D1,0.3,0.3,0.25,0.25,2,1.769027709960938,0.2970270441155901,0.3901767408858248,0.5000000000112514
D1,0.3,0.3,0.25,0.25,2,1.779022216796875,0.2980354942286298,0.3896114199114963,0.5000000000113154
D1,0.3,0.3,0.25,0.25,2,1.789016723632812,0.2990389277169735,0.3890517212726253,0.5000000000113797
D1,0.3,0.3,0.25,0.25,2,1.79901123046875,0.3000373696481142,0.3884975890518074,0.5000000000114442
D1,0.3,0.3,0.25,0.25,2,1.809005737304688,0.3010308449627525,0.3879489678877825,0.5000000000115086
D1,0.3,0.3,0.25,0.25,2,1.819000244140625,0.3020193784754523,0.3874058029699067,0.5000000000115731
D1,0.3,0.3,0.25,0.25,2,1.828994750976562,0.303002994875295,0.3868680400326707,0.5000000000116374
D1,0.3,0.3,0.25,0.25,2,1.8389892578125,0.303981718726539,0.3863356253502825,0.5000000000117018
D1,0.3,0.3,0.25,0.25,2,1.848983764648438,0.3049555744692673,0.3858085057312968,0.5000000000117663
D1,0.3,0.3,0.25,0.25,2,1.858978271484375,0.3059245864200354,0.3852866285133005,0.5000000000118308
D1,0.3,0.3,0.25,0.25,2,1.868972778320312,0.3068887787725015,0.3847699415576522,0.500000000011895
D1,0.3,0.3,0.25,0.25,2,1.87896728515625,0.3078481755980853,0.3842583932442711,0.5000000000119592
D1,0.3,0.3,0.25,0.25,2,1.888961791992188,0.3088028008465869,0.3837519324664802,0.5000000000120238
D1,0.3,0.3,0.25,0.25,2,1.898956298828125,0.3097526783468298,0.3832505086258999,0.5000000000120878
D1,0.3,0.3,0.25,0.25,2,1.908950805664062,0.3106978318072812,0.3827540716273903,0.5000000000121521
D1,0.3,0.3,0.25,0.25,2,1.9189453125,0.3116382848166787,0.3822625718740506,0.5000000000122161
D1,0.3,0.3,0.25,0.25,2,1.928939819335938,0.3125740608446537,0.3817759602622597,0.5000000000122806
D1,0.3,0.3,0.25,0.25,2,1.938934326171875,0.313505183242349,0.381294188176771,0.5000000000123448
D1,0.3,0.3,0.25,0.25,2,1.948928833007812,0.3144316752430331,0.3808172074858545,0.5000000000124087
D1,0.3,0.3,0.25,0.25,2,1.95892333984375,0.3153535599627104,0.3803449705364887,0.5000000000124736
D1,0.3,0.3,0.25,0.25,2,1.968917846679688,0.3162708604007328,0.3798774301495972,0.5000000000125373
D1,0.3,0.3,0.25,0.25,2,1.978912353515625,0.317183599440394,0.3794145396153405,0.5000000000126014
D1,0.3,0.3,0.25,0.25,2,1.988906860351562,0.3180917998495427,0.3789562526884416,0.5000000000126659
D1,0.3,0.3,0.25,0.25,2,1.9989013671875,0.3189954842811783,0.3785025235835702,0.5000000000127303
D1,0.3,0.3,0.25,0.25,2,2.008895874023438,0.3198946752740369,0.3780533069707639,0.500000000012794
D1,0.3,0.3,0.25,0.25,2,2.018890380859375,0.3207893952531905,0.3776085579709045,0.5000000000128587
D1,0.3,0.3,0.25,0.25,2,2.028884887695312,0.3216796665306337,0.3771682321512302,0.5000000000129228
D1,0.3,0.3,0.25,0.25,2,2.03887939453125,0.3225655113058708,0.3767322855208964,0.5000000000129871
D1,0.3,0.3,0.25,0.25,2,2.048873901367188,0.3234469516664888,0.3763006745265815,0.500000000013051
D1,0.3,0.3,0.25,0.25,2,2.058868408203125,0.3243240095887454,0.3758733560481344,0.5000000000131151
D1,0.3,0.3,0.25,0.25,2,2.068862915039062,0.3251967069381393,0.3754502873942669,0.5000000000131796
D1,0.3,0.3,0.25,0.25,2,2.078857421875,0.3260650654699843,0.375031426298287,0.5000000000132432
D1,0.3,0.3,0.25,0.25,2,2.088851928710938,0.3269291068299795,0.3746167309138774,0.5000000000133077
D1,0.3,0.3,0.25,0.25,2,2.098846435546875,0.3277888525547697,0.374206159810913,0.5000000000133714
D1,0.3,0.3,0.25,0.25,2,2.108840942382812,0.328644324072515,0.3737996719713219,0.5000000000134357
D1,0.3,0.3,0.25,0.25,2,2.11883544921875,0.3294955427034496,0.3733972267849886,0.5000000000135
D1,0.3,0.3,0.25,0.25,2,2.128829956054688,0.3303425296604294,0.3729987840456938,0.5000000000135641
D1,0.3,0.3,0.25,0.25,2,2.138824462890625,0.3311853060495056,0.3726043039470979,0.5000000000136282
D1,0.3,0.3,0.25,0.25,2,2.148818969726562,0.3320238928704444,0.3722137470787665,0.5000000000136926
D1,0.3,0.3,0.25,0.25,2,2.1588134765625,0.3328583110173137,0.3718270744222287,0.5000000000137564
D1,0.3,0.3,0.25,0.25,2,2.168807983398438,0.3336885812789943,0.3714442473470818,0.5000000000138208
D1,0.3,0.3,0.25,0.25,2,2.178802490234375,0.3345147243397365,0.3710652276071298,0.5000000000138844
D1,0.3,0.3,0.25,0.25,2,2.188796997070312,0.3353367607797019,0.3706899773365631,0.5000000000139491
D1,0.3,0.3,0.25,0.25,2,2.19879150390625,0.3361547110754892,0.3703184590461737,0.500000000014013
D1,0.3,0.3,0.25,0.25,2,2.208786010742188,0.3369685956006753,0.3699506356196113,0.5000000000140776
D1,0.3,0.3,0.25,0.25,2,2.218780517578125,0.3377784346263453,0.3695864703096738,0.5000000000141411
D1,0.3,0.3,0.25,0.25,2,2.228775024414062,0.3385842483216108,0.3692259267346354,0.5000000000142054
D1,0.3,0.3,0.25,0.25,2,2.23876953125,0.3393860567541493,0.3688689688746143,0.5000000000142695
D1,0.3,0.3,0.25,0.25,2,2.248764038085938,0.3401838798907081,0.3685155610679684,0.5000000000143332
D1,0.3,0.3,0.25,0.25,2,2.258758544921875,0.3409777375976389,0.3681656680077379,0.5000000000143968
D1,0.3,0.3,0.25,0.25,2,2.268753051757812,0.3417676496414094,0.3678192547381161,0.5000000000144613
D1,0.3,0.3,0.25,0.25,2,2.27874755859375,0.3425536356891014,0.3674762866509532,0.5000000000145252
D1,0.3,0.3,0.25,0.25,2,2.288742065429688,0.3433357153089486,0.3671367294823022,0.5000000000145894
D1,0.3,0.3,0.25,0.25,2,2.298736572265625,0.344113907970822,0.3668005493089958,0.5000000000146534
D1,0.3,0.3,0.25,0.25,2,2.308731079101562,0.344888233046745,0.3664677125452547,0.5000000000147179
D1,0.3,0.3,0.25,0.25,2,2.3187255859375,0.3456587098113935,0.3661381859393336,0.500000000014782
D1,0.3,0.3,0.25,0.25,2,2.328720092773438,0.3464253574425925,0.3658119365701973,0.500000000014846
D1,0.3,0.3,0.25,0.25,2,2.338714599609375,0.3471881950218185,0.3654889318442348,0.5000000000149096
D1,0.3,0.3,0.25,0.25,2,2.348709106445312,0.3479472415346869,0.3651691394919971,0.5000000000149736
D1,0.3,0.3,0.25,0.25,2,2.35870361328125,0.3487025158714515,0.3648525275649805,0.5000000000150375
D1,0.3,0.3,0.25,0.25,2,2.368698120117188,0.3494540368274837,0.3645390644324278,0.5000000000151019
D1,0.3,0.3,0.25,0.25,2,2.378692626953125,0.3502018231037722,0.36422871877817,0.5000000000151652
D1,0.3,0.3,0.25,0.25,2,2.388687133789062,0.3509458933073898,0.3639214595975005,0.5000000000152299
D1,0.3,0.3,0.25,0.25,2,2.398681640625,0.3516862659519922,0.3636172561940732,0.5000000000152937
D1,0.3,0.3,0.25,0.25,2,2.408676147460938,0.3524229594582782,0.3633160781768385,0.5000000000153575
D1,0.3,0.3,0.25,0.25,2,2.418670654296875,0.3531559921544774,0.3630178954570047,0.5000000000154218
D1,0.3,0.3,0.25,0.25,2,2.428665161132812,0.353885382276827,0.3627226782450328,0.5000000000154857
D1,0.3,0.3,0.25,0.25,2,2.43865966796875,0.3546111479700302,0.3624303970476602,0.5000000000155493
D1,0.3,0.3,0.25,0.25,2,2.448654174804688,0.3553333072877334,0.3621410226649544,0.5000000000156136
D1,0.3,0.3,0.25,0.25,2,2.458648681640625,0.3560518781929856,0.3618545261873939,0.500000000015678
D1,0.3,0.3,0.25,0.25,2,2.468643188476562,0.3567668785587096,0.3615708789929812,0.5000000000157417
D1,0.3,0.3,0.25,0.25,2,2.4786376953125,0.3574783261681569,0.3612900527443836,0.5000000000158056
D1,0.3,0.3,0.25,0.25,2,2.488632202148438,0.3581862387153678,0.3610120193860999,0.5000000000158694
D1,0.3,0.3,0.25,0.25,2,2.498626708984375,0.3588906338056286,0.3607367511416599,0.5000000000159333
D1,0.3,0.3,0.25,0.25,2,2.508621215820312,0.3595915289559203,0.3604642205108459,0.5000000000159972
D1,0.3,0.3,0.25,0.25,2,2.51861572265625,0.3602889415953806,0.3601944002669499,0.5000000000160615
D1,0.3,0.3,0.25,0.25,2,2.528610229492188,0.3609828890657395,0.3599272634540478,0.5000000000161249
D1,0.3,0.3,0.25,0.25,2,2.538604736328125,0.3616733886217696,0.3596627833843102,0.5000000000161892
D1,0.3,0.3,0.25,0.25,2,2.548599243164062,0.3623604574317342,0.3594009336353348,0.5000000000162528
D1,0.3,0.3,0.25,0.25,2,2.55859375,0.3630441125778268,0.3591416880475053,0.5000000000163172
D1,0.3,0.3,0.25,0.25,2,2.568588256835938,0.363724371056608,0.3588850207213802,0.5000000000163811
D1,0.3,0.3,0.25,0.25,2,2.578582763671875,0.3644012497794452,0.3586309060151018,0.5000000000164455
D1,0.3,0.3,0.25,0.25,2,2.588577270507812,0.3650747655729484,0.3583793185418382,0.5000000000165088
D1,0.3,0.3,0.25,0.25,2,2.59857177734375,0.3657449351793937,0.3581302331672447,0.5000000000165733
D1,0.3,0.3,0.25,0.25,2,2.608566284179688,0.3664117752571639,0.3578836250069513,0.500000000016637
D1,0.3,0.3,0.25,0.25,2,2.618560791015625,0.3670753023811695,0.357639469424078,0.5000000000167011
D1,0.3,0.3,0.25,0.25,2,2.628555297851562,0.3677355330432827,0.3573977420267769,0.5000000000167647
D1,0.3,0.3,0.25,0.25,2,2.6385498046875,0.3683924836527425,0.3571584186657865,0.5000000000168289
D1,0.3,0.3,0.25,0.25,2,2.648544311523438,0.3690461705366004,0.3569214754320261,0.5000000000168929
D1,0.3,0.3,0.25,0.25,2,2.658538818359375,0.3696966099401136,0.3566868886542064,0.5000000000169562
D1,0.3,0.3,0.25,0.25,2,2.668533325195312,0.3703438180271868,0.3564546348964603,0.5000000000170201
D1,0.3,0.3,0.25,0.25,2,2.67852783203125,0.3709878108807578,0.3562246909560073,0.5000000000170842
D1,0.3,0.3,0.25,0.25,2,2.688522338867188,0.3716286045032386,0.3559970338608278,0.5000000000171472
D1,0.3,0.3,0.25,0.25,2,2.698516845703125,0.3722662148169022,0.3557716408673765,0.5000000000172116
D1,0.3,0.3,0.25,0.25,2,2.708511352539062,0.3729006576643097,0.3555484894583032,0.5000000000172758
D1,0.3,0.3,0.25,0.25,2,2.718505859375,0.3735319488086974,0.3553275573402057,0.5000000000173396
D1,0.3,0.3,0.25,0.25,2,2.728500366210938,0.3741601039343916,0.3551088224414033,0.5000000000174033
D1,0.3,0.3,0.25,0.25,2,2.738494873046875,0.3747851386472089,0.3548922629097303,0.5000000000174672
D1,0.3,0.3,0.25,0.25,2,2.748489379882812,0.3754070684748503,0.3546778571103532,0.5000000000175305
D1,0.3,0.3,0.25,0.25,2,2.75848388671875,0.3760259088672987,0.3544655836236102,0.5000000000175948
D1,0.3,0.3,0.25,0.25,2,2.768478393554688,0.3766416751972306,0.354255421242869,0.5000000000176591
D1,0.3,0.3,0.25,0.25,2,2.778472900390625,0.377254382760378,0.3540473489724085,0.500000000017724
D1,0.3,0.3,0.25,0.25,2,2.788467407226562,0.3778640467759451,0.3538413460253229,0.5000000000177897
D1,0.3,0.3,0.25,0.25,2,2.7984619140625,0.3784706823869866,0.3536373918214435,0.5000000000178551
D1,0.3,0.3,0.25,0.25,2,2.808456420898438,0.3790743046607973,0.3534354659852813,0.5000000000179216
D1,0.3,0.3,0.25,0.25,2,2.818450927734375,0.3796749285892915,0.3532355483439941,0.5000000000179871
D1,0.3,0.3,0.25,0.25,2,2.828445434570312,0.3802725690893931,0.3530376189253689,0.5000000000180526
D1,0.3,0.3,0.25,0.25,2,2.83843994140625,0.380867241003414,0.3528416579558279,0.5000000000181188
D1,0.3,0.3,0.25,0.25,2,2.848434448242188,0.3814589590994248,0.3526476458584514,0.5000000000181851
D1,0.3,0.3,0.25,0.25,2,2.858428955078125,0.3820477380716463,0.3524555632510241,0.5000000000182508
D1,0.3,0.3,0.25,0.25,2,2.868423461914062,0.3826335925408099,0.3522653909440957,0.5000000000183173
D1,0.3,0.3,0.25,0.25,2,2.87841796875,0.383216537054538,0.3520771099390666,0.5000000000183834
D1,0.3,0.3,0.25,0.25,2,2.888412475585938,0.3837965860877128,0.3518907014262871,0.5000000000184487
D1,0.3,0.3,0.25,0.25,2,2.898406982421875,0.3843737540428514,0.3517061467831807,0.5000000000185151
D1,0.3,0.3,0.25,0.25,2,2.908401489257812,0.3849480552504569,0.3515234275723802,0.5000000000185811
D1,0.3,0.3,0.25,0.25,2,2.91839599609375,0.3855195039693984,0.3513425255398911,0.5000000000186473
D1,0.3,0.3,0.25,0.25,2,2.928390502929688,0.3860881143872699,0.3511634226132615,0.5000000000187133
D1,0.3,0.3,0.25,0.25,2,2.938385009765625,0.3866539006207469,0.3509861008997794,0.5000000000187793
D1,0.3,0.3,0.25,0.25,2,2.948379516601562,0.3872168767159484,0.3508105426846864,0.5000000000188447
D1,0.3,0.3,0.25,0.25,2,2.9583740234375,0.3877770566488037,0.3506367304294067,0.5000000000189107
D1,0.3,0.3,0.25,0.25,2,2.968368530273438,0.3883344543253893,0.3504646467697936,0.5000000000189767
D1,0.3,0.3,0.25,0.25,2,2.978363037109375,0.3888890835822917,0.3502942745143964,0.5000000000190424
D1,0.3,0.3,0.25,0.25,2,2.988357543945312,0.3894409581869701,0.3501255966427418,0.5000000000191084
D1,0.3,0.3,0.25,0.25,2,2.99835205078125,0.3899900918380849,0.3499585963036335,0.5000000000191746
D1,0.3,0.3,0.25,0.25,2,3.008346557617188,0.3905364981658678,0.3497932568134696,0.5000000000192406
D1,0.3,0.3,0.25,0.25,2,3.018341064453125,0.3910801907324469,0.3496295616545732,0.5000000000193067
D1,0.3,0.3,0.25,0.25,2,3.028335571289062,0.3916211830322082,0.3494674944735467,0.5000000000193727
D1,0.3,0.3,0.25,0.25,2,3.038330078125,0.3921594884921312,0.349307039079632,0.5000000000194391
D1,0.3,0.3,0.25,0.25,2,3.048324584960938,0.3926951204721286,0.3491481794430989,0.5000000000195045
D1,0.3,0.3,0.25,0.25,2,3.058319091796875,0.3932280922653866,0.3489908996936389,0.5000000000195702
D1,0.3,0.3,0.25,0.25,2,3.068313598632812,0.3937584170987039,0.3488351841187829,0.5000000000196363
D1,0.3,0.3,0.25,0.25,2,3.07830810546875,0.3942861081328277,0.3486810171623286,0.5000000000197025
D1,0.3,0.3,0.25,0.25,2,3.088302612304688,0.3948111784627847,0.3485283834227884,0.5000000000197677
D1,0.3,0.3,0.25,0.25,2,3.098297119140625,0.3953336411182145,0.34837726765185,0.5000000000198336
D1,0.3,0.3,0.25,0.25,2,3.108291625976562,0.3958535090637038,0.3482276547528526,0.5000000000198993
D1,0.3,0.3,0.25,0.25,2,3.1182861328125,0.3963707951991075,0.3480795297792791,0.5000000000199654
D1,0.3,0.3,0.25,0.25,2,3.128280639648438,0.3968855123598791,0.3479328779332623,0.5000000000200308
D1,0.3,0.3,0.25,0.25,2,3.138275146484375,0.3973976733173999,0.3477876845641076,0.5000000000200964
D1,0.3,0.3,0.25,0.25,2,3.148269653320312,0.3979072907792959,0.3476439351668276,0.5000000000201623
D1,0.3,0.3,0.25,0.25,2,3.15826416015625,0.3984143773897684,0.3475016153806938,0.5000000000202277
D1,0.3,0.3,0.25,0.25,2,3.168258666992188,0.3989189457299048,0.3473607109878031,0.5000000000202937
D1,0.3,0.3,0.25,0.25,2,3.178253173828125,0.3994210083180004,0.3472212079116546,0.5000000000203595
D1,0.3,0.3,0.25,0.25,2,3.188247680664062,0.3999205776098774,0.3470830922157446,0.5000000000204254
D1,0.3,0.3,0.25,0.25,2,3.1982421875,0.4004176659992006,0.3469463501021761,0.5000000000204917
D1,0.3,0.3,0.25,0.25,2,3.208236694335938,0.4009122858177891,0.3468109679102762,0.5000000000205567
D1,0.3,0.3,0.25,0.25,2,3.218231201171875,0.4014044493359263,0.3466769321152358,0.5000000000206228
D1,0.3,0.3,0.25,0.25,2,3.228225708007812,0.4018941687626749,0.3465442293267553,0.5000000000206885
D1,0.3,0.3,0.25,0.25,2,3.23822021484375,0.4023814562461828,0.3464128462877063,0.5000000000207543
D1,0.3,0.3,0.25,0.25,2,3.248214721679688,0.4028663238739927,0.3462827698728114,0.5000000000208196
D1,0.3,0.3,0.25,0.25,2,3.258209228515625,0.4033487836733393,0.3461539870873273,0.5000000000208857
D1,0.3,0.3,0.25,0.25,2,3.268203735351562,0.4038288476114664,0.3460264850657501,0.500000000020951
D1,0.3,0.3,0.25,0.25,2,3.2781982421875,0.4043065275959247,0.3459002510705298,0.5000000000210167
D1,0.3,0.3,0.25,0.25,2,3.288192749023438,0.404781835474864,0.3457752724907964,0.500000000021083
D1,0.3,0.3,0.25,0.25,2,3.298187255859375,0.4052547830373428,0.3456515368410997,0.5000000000211487
D1,0.3,0.3,0.25,0.25,2,3.308181762695312,0.4057253820136255,0.345529031760164,0.5000000000212143
D1,0.3,0.3,0.25,0.25,2,3.31817626953125,0.4061936440754726,0.345407745009651,0.5000000000212795
D1,0.3,0.3,0.25,0.25,2,3.328170776367188,0.4066595808364395,0.3452876644729389,0.5000000000213458
D1,0.3,0.3,0.25,0.25,2,3.338165283203125,0.4071232038521638,0.3451687781539101,0.5000000000214113
D1,0.3,0.3,0.25,0.25,2,3.348159790039062,0.4075845246206727,0.3450510741757531,0.500000000021477
D1,0.3,0.3,0.25,0.25,2,3.358154296875,0.4080435545826505,0.3449345407797783,0.5000000000215431
D1,0.3,0.3,0.25,0.25,2,3.368148803710938,0.4085003051217475,0.344819166324239,0.500000000021609
D1,0.3,0.3,0.25,0.25,2,3.378143310546875,0.40895478756486,0.3447049392831715,0.5000000000216743
D1,0.3,0.3,0.25,0.25,2,3.388137817382812,0.4094070131824044,0.3445918482452432,0.5000000000217403
D1,0.3,0.3,0.25,0.25,2,3.39813232421875,0.4098569931886252,0.3444798819126111,0.5000000000218057
D1,0.3,0.3,0.25,0.25,2,3.408126831054688,0.4103047387418546,0.3443690290997949,0.5000000000218713
D1,0.3,0.3,0.25,0.25,2,3.418121337890625,0.4107502609448043,0.3442592787325581,0.5000000000219376
D1,0.3,0.3,0.25,0.25,2,3.428115844726562,0.4111935708448523,0.3441506198468009,0.5000000000220035
D1,0.3,0.3,0.25,0.25,2,3.4381103515625,0.411634679434311,0.3440430415874672,0.5000000000220686
D1,0.3,0.3,0.25,0.25,2,3.448104858398438,0.4120735976506993,0.3439365332074589,0.5000000000221345
D1,0.3,0.3,0.25,0.25,2,3.458099365234375,0.4125103363770332,0.3438310840665625,0.5000000000222006
D1,0.3,0.3,0.25,0.25,2,3.468093872070312,0.4129449064420903,0.3437266836303835,0.5000000000222664
D1,0.3,0.3,0.25,0.25,2,3.47808837890625,0.4133773186206873,0.3436233214692989,0.5000000000223319
D1,0.3,0.3,0.25,0.25,2,3.488082885742188,0.4138075836339447,0.3435209872574106,0.5000000000223978
D1,0.3,0.3,0.25,0.25,2,3.498077392578125,0.414235712149562,0.3434196707715175,0.5000000000224636
D1,0.3,0.3,0.25,0.25,2,3.508071899414062,0.4146617147820892,0.34331936189009,0.5000000000225294
D1,0.3,0.3,0.25,0.25,2,3.51806640625,0.4150856020931848,0.3432200505922631,0.500000000022595
D1,0.3,0.3,0.25,0.25,2,3.528060913085938,0.4155073845918839,0.3431217269568315,0.5000000000226605
D1,0.3,0.3,0.25,0.25,2,3.538055419921875,0.4159270727348739,0.3430243811612617,0.5000000000227268
D1,0.3,0.3,0.25,0.25,2,3.548049926757812,0.4163446769267454,0.3429280034807081,0.5000000000227923
D1,0.3,0.3,0.25,0.25,2,3.55804443359375,0.4167602075202507,0.3428325842870429,0.5000000000228582
D1,0.3,0.3,0.25,0.25,2,3.568038940429688,0.41717367481658,0.3427381140478939,0.500000000022924
D1,0.3,0.3,0.25,0.25,2,3.578033447265625,0.4175850890656115,0.3426445833256908,0.5000000000229898
D1,0.3,0.3,0.25,0.25,2,3.588027954101562,0.4179944604661588,0.3425519827767249,0.5000000000230553
D1,0.3,0.3,0.25,0.25,2,3.5980224609375,0.4184017991662484,0.342460303150213,0.5000000000231208
D1,0.3,0.3,0.25,0.25,2,3.608016967773438,0.4188071152633576,0.3423695352873761,0.5000000000231866
D1,0.3,0.3,0.25,0.25,2,3.618011474609375,0.419210418804677,0.3422796701205217,0.5000000000232523
D1,0.3,0.3,0.25,0.25,2,3.628005981445312,0.4196117197873587,0.3421906986721388,0.5000000000233183
D1,0.3,0.3,0.25,0.25,2,3.63800048828125,0.4200110281587712,0.3421026120539999,0.5000000000233842
D1,0.3,0.3,0.25,0.25,2,3.647994995117188,0.4204083538167497,0.342015401466276,0.5000000000234497
D1,0.3,0.3,0.25,0.25,2,3.657989501953125,0.4208037066098347,0.3419290581966558,0.5000000000235151
D1,0.3,0.3,0.25,0.25,2,3.667984008789062,0.4211970963375322,0.3418435736194737,0.500000000023581
D1,0.3,0.3,0.25,0.25,2,3.677978515625,0.4215885327505524,0.3417589391948503,0.5000000000236471
D1,0.3,0.3,0.25,0.25,2,3.687973022460938,0.4219780255510608,0.341675146467838,0.5000000000237133
D1,0.3,0.3,0.25,0.25,2,3.697967529296875,0.4223655843929115,0.3415921870675764,0.5000000000237786
D1,0.3,0.3,0.25,0.25,2,3.707962036132812,0.4227512188818981,0.3415100527064578,0.5000000000238439
D1,0.3,0.3,0.25,0.25,2,3.71795654296875,0.4231349385759942,0.3414287351792961,0.5000000000239099
D1,0.3,0.3,0.25,0.25,2,3.727951049804688,0.4235167529855893,0.3413482263625087,0.5000000000239755
D1,0.3,0.3,0.25,0.25,2,3.737945556640625,0.4238966715737265,0.3412685182133066,0.5000000000240409
D1,0.3,0.3,0.25,0.25,2,3.747940063476562,0.4242747037563497,0.3411896027688864,0.5000000000241068
D1,0.3,0.3,0.25,0.25,2,3.7579345703125,0.4246508589025265,0.34111147214564,0.5000000000241722
D1,0.3,0.3,0.25,0.25,2,3.767929077148438,0.425025146334693,0.3410341185383634,0.5000000000242379
D1,0.3,0.3,0.25,0.25,2,3.777923583984375,0.4253975753288815,0.3409575342194784,0.5000000000243038
D1,0.3,0.3,0.25,0.25,2,3.787918090820312,0.4257681551149598,0.3408817115382602,0.5000000000243698
D1,0.3,0.3,0.25,0.25,2,3.79791259765625,0.4261368948768508,0.3408066429200726,0.5000000000244357
D1,0.3,0.3,0.25,0.25,2,3.807907104492188,0.4265038037527765,0.3407323208656116,0.5000000000245014
D1,0.3,0.3,0.25,0.25,2,3.817901611328125,0.4268688908354814,0.3406587379501563,0.5000000000245667
D1,0.3,0.3,0.25,0.25,2,3.827896118164062,0.4272321651724544,0.3405858868228286,0.5000000000246325
D1,0.3,0.3,0.25,0.25,2,3.837890625,0.4275936357661683,0.3405137602058562,0.5000000000246984
D1,0.3,0.3,0.25,0.25,2,3.847885131835938,0.4279533115742916,0.3404423508938456,0.5000000000247639
D1,0.3,0.3,0.25,0.25,2,3.857879638671875,0.4283112015099219,0.3403716517530654,0.5000000000248298
D1,0.3,0.3,0.25,0.25,2,3.867874145507812,0.4286673144418048,0.3403016557207302,0.5000000000248954
D1,0.3,0.3,0.25,0.25,2,3.87786865234375,0.4290216591945594,0.3402323558042963,0.5000000000249609
D1,0.3,0.3,0.25,0.25,2,3.887863159179688,0.4293742445488966,0.3401637450807635,0.5000000000250266
D1,0.3,0.3,0.25,0.25,2,3.897857666015625,0.4297250792418424,0.3400958166959828,0.5000000000250917
D1,0.3,0.3,0.25,0.25,2,3.907852172851562,0.4300741719669497,0.3400285638639726,0.5000000000251574
D1,0.3,0.3,0.25,0.25,2,3.9178466796875,0.4304215313745257,0.339961979866239,0.5000000000252232
D1,0.3,0.3,0.25,0.25,2,3.927841186523438,0.4307671660718402,0.3398960580511065,0.5000000000252892
D1,0.3,0.3,0.25,0.25,2,3.937835693359375,0.431111084623342,0.3398307918330515,0.5000000000253547
D1,0.3,0.3,0.25,0.25,2,3.947830200195312,0.4314532955508771,0.3397661746920472,0.5000000000254204
D1,0.3,0.3,0.25,0.25,2,3.95782470703125,0.4317938073339045,0.3397022001729089,0.5000000000254858
D1,0.3,0.3,0.25,0.25,2,3.967819213867188,0.4321326284096942,0.3396388618846508,0.5000000000255517
D1,0.3,0.3,0.25,0.25,2,3.977813720703125,0.4324697671735581,0.3395761534998491,0.500000000025617
D1,0.3,0.3,0.25,0.25,2,3.987808227539062,0.4328052319790414,0.3395140687540067,0.5000000000256829
D1,0.3,0.3,0.25,0.25,2,3.997802734375,0.4331390311381427,0.3394526014449287,0.5000000000257485
D1,0.3,0.3,0.25,0.25,2,4.007797241210938,0.4334711729215253,0.3393917454321035,0.500000000025814
D1,0.3,0.3,0.25,0.25,2,4.017791748046875,0.4338016655587085,0.3393314946360885,0.5000000000258799
D1,0.3,0.3,0.25,0.25,2,4.027786254882812,0.4341305172382876,0.3392718430379029,0.5000000000259458
D1,0.3,0.3,0.25,0.25,2,4.03778076171875,0.4344577361081317,0.3392127846784274,0.5000000000260111
D1,0.3,0.3,0.25,0.25,2,4.047775268554688,0.4347833302755917,0.3391543136578056,0.5000000000260765
D1,0.3,0.3,0.25,0.25,2,4.057769775390625,0.4351073078076963,0.3390964241348595,0.500000000026142
D1,0.3,0.3,0.25,0.25,2,4.067764282226562,0.4354296767313651,0.3390391103265017,0.5000000000262073
D1,0.3,0.3,0.25,0.25,2,4.0777587890625,0.4357504450335931,0.3389823665071601,0.5000000000262732
D1,0.3,0.3,0.25,0.25,2,4.087753295898438,0.436069620661668,0.3389261870082049,0.5000000000263386
D1,0.3,0.3,0.25,0.25,2,4.097747802734375,0.4363872115233502,0.3388705662173823,0.5000000000264041
D1,0.3,0.3,0.25,0.25,2,4.107742309570312,0.4367032254870901,0.3388154985782534,0.5000000000264702
D1,0.3,0.3,0.25,0.25,2,4.11773681640625,0.437017670382207,0.3387609785896408,0.5000000000265356
D1,0.3,0.3,0.25,0.25,2,4.127731323242188,0.437330553999097,0.3387070008050768,0.5000000000266012
D1,0.3,0.3,0.25,0.25,2,4.137725830078125,0.4376418840894194,0.338653559832261,0.5000000000266666
D1,0.3,0.3,0.25,0.25,2,4.147720336914062,0.4379516683662974,0.338600650332521,0.5000000000267329
D1,0.3,0.3,0.25,0.25,2,4.15771484375,0.4382599145045001,0.3385482670202782,0.5000000000267982
D1,0.3,0.3,0.25,0.25,2,4.167709350585938,0.4385666301406523,0.3384964046625207,0.5000000000268634
D1,0.3,0.3,0.25,0.25,2,4.177703857421875,0.4388718228734015,0.3384450580782821,0.5000000000269292
D1,0.3,0.3,0.25,0.25,2,4.187698364257812,0.4391755002636254,0.3383942221381198,0.5000000000269949
D1,0.3,0.3,0.25,0.25,2,4.19769287109375,0.439477669834619,0.3383438917636056,0.5000000000270602
D1,0.3,0.3,0.25,0.25,2,4.207687377929688,0.4397783390722719,0.3382940619268184,0.5000000000271262
D1,0.3,0.3,0.25,0.25,2,4.217681884765625,0.4400775154252658,0.3382447276498405,0.500000000027192
D1,0.3,0.3,0.25,0.25,2,4.227676391601562,0.4403752063052523,0.3381958840042604,0.5000000000272576
D1,0.3,0.3,0.25,0.25,2,4.2376708984375,0.4406714190870508,0.3381475261106816,0.5000000000273229
D1,0.3,0.3,0.25,0.25,2,4.247665405273438,0.4409661611088106,0.3380996491382344,0.5000000000273884
D1,0.3,0.3,0.25,0.25,2,4.257659912109375,0.4412594396722151,0.3380522483040935,0.5000000000274538
D1,0.3,0.3,0.25,0.25,2,4.267654418945312,0.441551262042652,0.3380053188730006,0.5000000000275191
D1,0.3,0.3,0.25,0.25,2,4.27764892578125,0.4418416354494041,0.3379588561567893,0.5000000000275853
D1,0.3,0.3,0.25,0.25,2,4.287643432617188,0.4421305670858179,0.3379128555139185,0.5000000000276505
D1,0.3,0.3,0.25,0.25,2,4.297637939453125,0.4424180641094871,0.3378673123490095,0.5000000000277164
D1,0.3,0.3,0.25,0.25,2,4.307632446289062,0.4427041336424373,0.3378222221123849,0.5000000000277818
D1,0.3,0.3,0.25,0.25,2,4.317626953125,0.4429887827713001,0.3377775802996149,0.5000000000278473
D1,0.3,0.3,0.25,0.25,2,4.327621459960938,0.4432720185474846,0.3377333824510685,0.5000000000279129
D1,0.3,0.3,0.25,0.25,2,4.337615966796875,0.4435538479873621,0.3376896241514654,0.5000000000279783
D1,0.3,0.3,0.25,0.25,2,4.347610473632812,0.4438342780724284,0.3376463010294372,0.5000000000280438
D1,0.3,0.3,0.25,0.25,2,4.35760498046875,0.4441133157494941,0.3376034087570896,0.5000000000281094
D1,0.3,0.3,0.25,0.25,2,4.367599487304688,0.4443909679308424,0.3375609430495696,0.500000000028175
D1,0.3,0.3,0.25,0.25,2,4.377593994140625,0.4446672414944121,0.3375188996646396,0.5000000000282401
D1,0.3,0.3,0.25,0.25,2,4.387588500976562,0.4449421432839618,0.3374772744022512,0.5000000000283048
D1,0.3,0.3,0.25,0.25,2,4.3975830078125,0.4452156801092481,0.3374360631041263,0.5000000000283711
D1,0.3,0.3,0.25,0.25,2,4.407577514648438,0.4454878587461887,0.3373952616533426,0.5000000000284365
D1,0.3,0.3,0.25,0.25,2,4.417572021484375,0.4457586859370327,0.3373548659739207,0.5000000000285024
D1,0.3,0.3,0.25,0.25,2,4.427566528320312,0.4460281683905298,0.3373148720304175,0.5000000000285674
D1,0.3,0.3,0.25,0.25,2,4.43756103515625,0.4462963127820965,0.3372752758275243,0.5000000000286331
D1,0.3,0.3,0.25,0.25,2,4.447555541992188,0.4465631257539805,0.3372360734096668,0.500000000028699
D1,0.3,0.3,0.25,0.25,2,4.457550048828125,0.4468286139154333,0.3371972608606086,0.5000000000287642
D1,0.3,0.3,0.25,0.25,2,4.467544555664062,0.4470927838428658,0.3371588343030622,0.5000000000288297
D1,0.3,0.3,0.25,0.25,2,4.4775390625,0.4473556420800215,0.3371207898983,0.5000000000288952
D1,0.3,0.3,0.25,0.25,2,4.487533569335938,0.447617195138125,0.3370831238457721,0.5000000000289613
D1,0.3,0.3,0.25,0.25,2,4.497528076171875,0.4478774494960597,0.3370458323827249,0.5000000000290264
D1,0.3,0.3,0.25,0.25,2,4.507522583007812,0.4481364116005205,0.3370089117838268,0.5000000000290922
D1,0.3,0.3,0.25,0.25,2,4.51751708984375,0.4483940878661764,0.3369723583607957,0.500000000029158
D1,0.3,0.3,0.25,0.25,2,4.527511596679688,0.4486504846758284,0.3369361684620297,0.5000000000292231
D1,0.3,0.3,0.25,0.25,2,4.537506103515625,0.4489056083805736,0.3369003384722441,0.5000000000292889
D1,0.3,0.3,0.25,0.25,2,4.547500610351562,0.4491594652999567,0.3368648648121066,0.5000000000293544
D1,0.3,0.3,0.25,0.25,2,4.5574951171875,0.449412061722133,0.3368297439378846,0.5000000000294199
D1,0.3,0.3,0.25,0.25,2,4.567489624023438,0.4496634039040208,0.3367949723410868,0.5000000000294854
D1,0.3,0.3,0.25,0.25,2,4.577484130859375,0.449913498071456,0.3367605465481162,0.500000000029551
D1,0.3,0.3,0.25,0.25,2,4.587478637695312,0.4501623504193545,0.3367264631199204,0.5000000000296162
D1,0.3,0.3,0.25,0.25,2,4.59747314453125,0.4504099671118563,0.3366927186516493,0.5000000000296818
D1,0.3,0.3,0.25,0.25,2,4.607467651367188,0.4506563542824861,0.3366593097723149,0.5000000000297474
D1,0.3,0.3,0.25,0.25,2,4.617462158203125,0.4509015180343028,0.3366262331444538,0.5000000000298128
D1,0.3,0.3,0.25,0.25,2,4.627456665039062,0.4511454644400549,0.3365934854637964,0.5000000000298782
D1,0.3,0.3,0.25,0.25,2,4.637451171875,0.4513881995423232,0.3365610634589318,0.500000000029944
D1,0.3,0.3,0.25,0.25,2,4.647445678710938,0.4516297293536836,0.3365289638909852,0.5000000000300097
D1,0.3,0.3,0.25,0.25,2,4.657440185546875,0.4518700598568468,0.3364971835532934,0.5000000000300747
D1,0.3,0.3,0.25,0.25,2,4.667434692382812,0.4521091970048063,0.3364657192710843,0.5000000000301409
D1,0.3,0.3,0.25,0.25,2,4.67742919921875,0.4523471467209968,0.3364345679011591,0.5000000000302061
D1,0.3,0.3,0.25,0.25,2,4.687423706054688,0.4525839148994307,0.3364037263315775,0.5000000000302718
D1,0.3,0.3,0.25,0.25,2,4.697418212890625,0.4528195074048427,0.3363731914813501,0.5000000000303375
D1,0.3,0.3,0.25,0.25,2,4.707412719726562,0.4530539300728613,0.3363429603001279,0.5000000000304026
D1,0.3,0.3,0.25,0.25,2,4.7174072265625,0.4532871887101123,0.3363130297678984,0.5000000000304682
D1,0.3,0.3,0.25,0.25,2,4.727401733398438,0.4535192890943922,0.3362833968946821,0.5000000000305338
D1,0.3,0.3,0.25,0.25,2,4.737396240234375,0.4537502369748121,0.3362540587202371,0.5000000000305994
D1,0.3,0.3,0.25,0.25,2,4.747390747070312,0.4539800380719281,0.3362250123137611,0.5000000000306647
D1,0.3,0.3,0.25,0.25,2,4.75738525390625,0.4542086980778809,0.3361962547735999,0.50000000003073
D1,0.3,0.3,0.25,0.25,2,4.767379760742188,0.4544362226565606,0.3361677832269552,0.5000000000307954
D1,0.3,0.3,0.25,0.25,2,4.777374267578125,0.4546626174437223,0.3361395948296008,0.5000000000308609
D1,0.3,0.3,0.25,0.25,2,4.787368774414062,0.4548878880471319,0.3361116867655955,0.5000000000309268
D1,0.3,0.3,0.25,0.25,2,4.79736328125,0.4551120400467188,0.3360840562470042,0.5000000000309917
D1,0.3,0.3,0.25,0.25,2,4.807357788085938,0.4553350789946983,0.3360567005136172,0.5000000000310572
D1,0.3,0.3,0.25,0.25,2,4.817352294921875,0.4555570104157182,0.3360296168326775,0.5000000000311222
D1,0.3,0.3,0.25,0.25,2,4.827346801757812,0.455777839806998,0.336002802498604,0.5000000000311881
D1,0.3,0.3,0.25,0.25,2,4.83734130859375,0.4559975726384569,0.3359762548327243,0.5000000000312533
D1,0.3,0.3,0.25,0.25,2,4.847335815429688,0.4562162143528553,0.3359499711830042,0.5000000000313189
D1,0.3,0.3,0.25,0.25,2,4.857330322265625,0.4564337703659255,0.3359239489237861,0.5000000000313846
D1,0.3,0.3,0.25,0.25,2,4.867324829101562,0.4566502460665179,0.3358981854555244,0.5000000000314498
D1,0.3,0.3,0.25,0.25,2,4.8773193359375,0.4568656468167188,0.3358726782045267,0.5000000000315153
D1,0.3,0.3,0.25,0.25,2,4.887313842773438,0.4570799779519984,0.3358474246226956,0.5000000000315803
D1,0.3,0.3,0.25,0.25,2,4.897308349609375,0.4572932447813329,0.3358224221872755,0.500000000031646
D1,0.3,0.3,0.25,0.25,2,4.907302856445312,0.4575054525873379,0.3357976684006003,0.5000000000317111
D1,0.3,0.3,0.25,0.25,2,4.91729736328125,0.4577166066264028,0.335773160789843,0.5000000000317764
D1,0.3,0.3,0.25,0.25,2,4.927291870117188,0.4579267121288256,0.3357488969067693,0.5000000000318413
D1,0.3,0.3,0.25,0.25,2,4.937286376953125,0.4581357742989301,0.3357248743274945,0.500000000031907
D1,0.3,0.3,0.25,0.25,2,4.947280883789062,0.4583437983152057,0.3357010906522381,0.5000000000319725
D1,0.3,0.3,0.25,0.25,2,4.957275390625,0.458550789330433,0.3356775435050863,0.5000000000320384
D1,0.3,0.3,0.25,0.25,2,4.967269897460938,0.4587567524718067,0.3356542305337535,0.5000000000321035
D1,0.3,0.3,0.25,0.25,2,4.977264404296875,0.4589616928410755,0.3356311494093486,0.5000000000321694
D1,0.3,0.3,0.25,0.25,2,4.987258911132812,0.4591656155146516,0.3356082978261418,0.5000000000322344
D1,0.3,0.3,0.25,0.25,2,4.99725341796875,0.459368525543752,0.3355856735013349,0.5000000000323009
D1,0.3,0.3,0.25,0.25,2,5.007247924804688,0.4595704279545147,0.33556327417483,0.5000000000323661
D1,0.3,0.3,0.25,0.25,2,5.017242431640625,0.459771327748132,0.3355410976090087,0.5000000000324313
D1,0.3,0.3,0.25,0.25,2,5.027236938476562,0.4599712299009608,0.3355191415885043,0.5000000000324969
D1,0.3,0.3,0.25,0.25,2,5.0372314453125,0.4601701393646607,0.3354974039199841,0.5000000000325625
D1,0.3,0.3,0.25,0.25,2,5.047225952148438,0.4603680610663079,0.3354758824319266,0.5000000000326276
D1,0.3,0.3,0.25,0.25,2,5.057220458984375,0.460564999908519,0.3354545749744069,0.5000000000326931
D1,0.3,0.3,0.25,0.25,2,5.067214965820312,0.4607609607695765,0.335433479418883,0.5000000000327582
D1,0.3,0.3,0.25,0.25,2,5.07720947265625,0.4609559485035482,0.3354125936579792,0.500000000032824
D1,0.3,0.3,0.25,0.25,2,5.087203979492188,0.4611499679404027,0.33539191560528,0.5000000000328899
D1,0.3,0.3,0.25,0.25,2,5.097198486328125,0.4613430238861371,0.3353714431951176,0.5000000000329555
D1,0.3,0.3,0.25,0.25,2,5.107192993164062,0.461535121122887,0.3353511743823685,0.5000000000330209
D1,0.3,0.3,0.25,0.25,2,5.1171875,0.4617262644090545,0.3353311071422484,0.500000000033086
D1,0.3,0.3,0.25,0.25,2,5.127182006835938,0.4619164584794254,0.3353112394701094,0.5000000000331514
D1,0.3,0.3,0.25,0.25,2,5.137176513671875,0.4621057080452725,0.3352915693812411,0.500000000033217
D1,0.3,0.3,0.25,0.25,2,5.147171020507812,0.4622940177944948,0.3352720949106697,0.5000000000332826
D1,0.3,0.3,0.25,0.25,2,5.15716552734375,0.462481392391718,0.3352528141129646,0.5000000000333481
D1,0.3,0.3,0.25,0.25,2,5.167160034179688,0.4626678364784141,0.3352337250620424,0.5000000000334134
D1,0.3,0.3,0.25,0.25,2,5.177154541015625,0.462853354673019,0.3352148258509744,0.5000000000334786
D1,0.3,0.3,0.25,0.25,2,5.187149047851562,0.4630379515710403,0.3351961145917972,0.5000000000335439
D1,0.3,0.3,0.25,0.25,2,5.1971435546875,0.4632216317451844,0.335177589415323,0.5000000000336097
D1,0.3,0.3,0.25,0.25,2,5.207138061523438,0.4634043997454522,0.3351592484709531,0.5000000000336747
D1,0.3,0.3,0.25,0.25,2,5.217132568359375,0.4635862600992678,0.3351410899264949,0.50000000003374
D1,0.3,0.3,0.25,0.25,2,5.227127075195312,0.4637672173115853,0.3351231119679745,0.500000000033806
D1,0.3,0.3,0.25,0.25,2,5.23712158203125,0.4639472758649941,0.3351053127994601,0.5000000000338712
D1,0.3,0.3,0.25,0.25,2,5.247116088867188,0.464126440219836,0.3350876906428798,0.5000000000339365
D1,0.3,0.3,0.25,0.25,2,5.257110595703125,0.4643047148143183,0.3350702437378459,0.5000000000340017
D1,0.3,0.3,0.25,0.25,2,5.267105102539062,0.4644821040646206,0.3350529703414762,0.5000000000340674
D1,0.3,0.3,0.25,0.25,2,5.277099609375,0.4646586123650046,0.3350358687282237,0.5000000000341327
D1,0.3,0.3,0.25,0.25,2,5.287094116210938,0.4648342440879199,0.3350189371897008,0.5000000000341979
D1,0.3,0.3,0.25,0.25,2,5.297088623046875,0.4650090035841184,0.3350021740345105,0.5000000000342633
D1,0.3,0.3,0.25,0.25,2,5.307083129882812,0.4651828951827603,0.3349855775880765,0.5000000000343288
D1,0.3,0.3,0.25,0.25,2,5.31707763671875,0.4653559231915191,0.3349691461924771,0.5000000000343943
D1,0.3,0.3,0.25,0.25,2,5.327072143554688,0.4655280918966846,0.3349528782062778,0.5000000000344594
D1,0.3,0.3,0.25,0.25,2,5.337066650390625,0.4656994055632827,0.3349367720043691,0.5000000000345252
D1,0.3,0.3,0.25,0.25,2,5.347061157226562,0.4658698684351652,0.3349208259778035,0.5000000000345906
D1,0.3,0.3,0.25,0.25,2,5.3570556640625,0.4660394847351274,0.3349050385336347,0.5000000000346554
D1,0.3,0.3,0.25,0.25,2,5.367050170898438,0.4662082586650074,0.3348894080947571,0.500000000034721
D1,0.3,0.3,0.25,0.25,2,5.377044677734375,0.4663761944057894,0.3348739330997516,0.5000000000347863
D1,0.3,0.3,0.25,0.25,2,5.387039184570312,0.4665432961177072,0.3348586120027258,0.500000000034851
D1,0.3,0.3,0.25,0.25,2,5.39703369140625,0.4667095679403504,0.3348434432731626,0.5000000000349166
D1,0.3,0.3,0.25,0.25,2,5.407028198242188,0.4668750139927695,0.3348284253957657,0.5000000000349821
D1,0.3,0.3,0.25,0.25,2,5.417022705078125,0.4670396383735614,0.3348135568703083,0.5000000000350473
D1,0.3,0.3,0.25,0.25,2,5.427017211914062,0.4672034451609957,0.3347988362114833,0.5000000000351127
D1,0.3,0.3,0.25,0.25,2,5.43701171875,0.4673664384130966,0.3347842619487564,0.5000000000351789
D1,0.3,0.3,0.25,0.25,2,5.447006225585938,0.4675286221677542,0.334769832626216,0.5000000000352438
D1,0.3,0.3,0.25,0.25,2,5.457000732421875,0.4676900004428188,0.334755546802431,0.5000000000353094
D1,0.3,0.3,0.25,0.25,2,5.466995239257812,0.4678505772361995,0.334741403050305,0.5000000000353748
D1,0.3,0.3,0.25,0.25,2,5.47698974609375,0.4680103565259698,0.3347273999569349,0.50000000003544
D1,0.3,0.3,0.25,0.25,2,5.486984252929688,0.4681693422704612,0.3347135361234678,0.5000000000355047
D1,0.3,0.3,0.25,0.25,2,5.496978759765625,0.4683275384083635,0.3346998101649636,0.5000000000355704
D1,0.3,0.3,0.25,0.25,2,5.506973266601562,0.4684849488588183,0.3346862207102556,0.5000000000356358
D1,0.3,0.3,0.25,0.25,2,5.5169677734375,0.4686415775215245,0.3346727664018125,0.5000000000357016
D1,0.3,0.3,0.25,0.25,2,5.526962280273438,0.4687974282768249,0.3346594458956046,0.5000000000357664
D1,0.3,0.3,0.25,0.25,2,5.536956787109375,0.4689525049858091,0.3346462578609679,0.5000000000358321
D1,0.3,0.3,0.25,0.25,2,5.546951293945312,0.4691068114904037,0.3346332009804731,0.5000000000358971
D1,0.3,0.3,0.25,0.25,2,5.55694580078125,0.4692603516134749,0.334620273949792,0.5000000000359625
D1,0.3,0.3,0.25,0.25,2,5.566940307617188,0.4694131291589139,0.3346074754775683,0.5000000000360278
D1,0.3,0.3,0.25,0.25,2,5.576934814453125,0.4695651479117424,0.3345948042852884,0.500000000036093
D1,0.3,0.3,0.25,0.25,2,5.586929321289062,0.4697164116381992,0.3345822591071537,0.5000000000361585
D1,0.3,0.3,0.25,0.25,2,5.596923828125,0.4698669240858337,0.3345698386899545,0.5000000000362242
D1,0.3,0.3,0.25,0.25,2,5.606918334960938,0.4700166889835937,0.3345575417929424,0.5000000000362896
D1,0.3,0.3,0.25,0.25,2,5.616912841796875,0.470165710041935,0.3345453671877109,0.5000000000363547
D1,0.3,0.3,0.25,0.25,2,5.626907348632812,0.4703139909528907,0.3345333136580687,0.500000000036421
D1,0.3,0.3,0.25,0.25,2,5.63690185546875,0.4704615353901818,0.3345213799999192,0.500000000036486
D1,0.3,0.3,0.25,0.25,2,5.646896362304688,0.4706083470092994,0.3345095650211423,0.5000000000365514
D1,0.3,0.3,0.25,0.25,2,5.656890869140625,0.4707544294475935,0.3344978675414713,0.5000000000366165
D1,0.3,0.3,0.25,0.25,2,5.666885375976562,0.4708997863243616,0.3344862863923801,0.5000000000366822
D1,0.3,0.3,0.25,0.25,2,5.6768798828125,0.4710444212409509,0.3344748204169616,0.500000000036748
D1,0.3,0.3,0.25,0.25,2,5.686874389648438,0.4711883377808339,0.3344634684698146,0.500000000036813
D1,0.3,0.3,0.25,0.25,2,5.696868896484375,0.4713315395097049,0.3344522294169291,0.5000000000368783
D1,0.3,0.3,0.25,0.25,2,5.706863403320312,0.471474029975564,0.3344411021355742,0.5000000000369434
D1,0.3,0.3,0.25,0.25,2,5.71685791015625,0.4716158127088052,0.3344300855141824,0.5000000000370088
D1,0.3,0.3,0.25,0.25,2,5.726852416992188,0.4717568912223101,0.3344191784522421,0.500000000037074
D1,0.3,0.3,0.25,0.25,2,5.736846923828125,0.4718972690115258,0.3344083798601867,0.5000000000371393
D1,0.3,0.3,0.25,0.25,2,5.746841430664062,0.4720369495545548,0.3343976886592849,0.5000000000372044
D1,0.3,0.3,0.25,0.25,2,5.7568359375,0.4721759363122431,0.3343871037815329,0.5000000000372702
D1,0.3,0.3,0.25,0.25,2,5.766830444335938,0.4723142327282662,0.3343766241695493,0.5000000000373352
D1,0.3,0.3,0.25,0.25,2,5.776824951171875,0.472451842229215,0.3343662487764671,0.5000000000374005
D1,0.3,0.3,0.25,0.25,2,5.786819458007812,0.4725887682246727,0.3343559765658323,0.5000000000374656
D1,0.3,0.3,0.25,0.25,2,5.79681396484375,0.4727250141073086,0.3343458065114968,0.5000000000375314
D1,0.3,0.3,0.25,0.25,2,5.806808471679688,0.4728605832529584,0.3343357375975188,0.5000000000375965
D1,0.3,0.3,0.25,0.25,2,5.816802978515625,0.4729954790207071,0.3343257688180593,0.5000000000376617
D1,0.3,0.3,0.25,0.25,2,5.826797485351562,0.4731297047529764,0.3343158991772828,0.5000000000377273
D1,0.3,0.3,0.25,0.25,2,5.8367919921875,0.4732632637755985,0.3343061276892575,0.5000000000377924
D1,0.3,0.3,0.25,0.25,2,5.846786499023438,0.473396159397906,0.3342964533778565,0.5000000000378579
D1,0.3,0.3,0.25,0.25,2,5.856781005859375,0.4735283949128116,0.3342868752766608,0.5000000000379238
D1,0.3,0.3,0.25,0.25,2,5.866775512695312,0.4736599735968923,0.3342773924288613,0.5000000000379887
D1,0.3,0.3,0.25,0.25,2,5.87677001953125,0.473790898710464,0.3342680038871667,0.5000000000380542
D1,0.3,0.3,0.25,0.25,2,5.886764526367188,0.4739211734976714,0.334258708713705,0.5000000000381195
D1,0.3,0.3,0.25,0.25,2,5.896759033203125,0.4740508011865572,0.3342495059799309,0.5000000000381847
D1,0.3,0.3,0.25,0.25,2,5.906753540039062,0.4741797849891549,0.3342403947665349,0.5000000000382498
D1,0.3,0.3,0.25,0.25,2,5.916748046875,0.4743081281015549,0.33423137416335,0.5000000000383156
D1,0.3,0.3,0.25,0.25,2,5.926742553710938,0.4744358337039922,0.3342224432692598,0.5000000000383807
D1,0.3,0.3,0.25,0.25,2,5.936737060546875,0.4745629049609235,0.3342136011921099,0.5000000000384461
D1,0.3,0.3,0.25,0.25,2,5.946731567382812,0.474689345021104,0.3342048470486186,0.5000000000385112
D1,0.3,0.3,0.25,0.25,2,5.95672607421875,0.474815157017668,0.3341961799642891,0.5000000000385763
D1,0.3,0.3,0.25,0.25,2,5.966720581054688,0.4749403440682031,0.334187599073321,0.5000000000386416
D1,0.3,0.3,0.25,0.25,2,5.976715087890625,0.4750649092748284,0.3341791035185233,0.5000000000387069
D1,0.3,0.3,0.25,0.25,2,5.986709594726562,0.4751888557242751,0.3341706924512308,0.5000000000387722
D1,0.3,0.3,0.25,0.25,2,5.9967041015625,0.4753121864879551,0.334162365031219,0.5000000000388374
D1,0.3,0.3,0.25,0.25,2,6.006698608398438,0.4754349046220493,0.334154120426618,0.5000000000389021
D1,0.3,0.3,0.25,0.25,2,6.016693115234375,0.4755570131675663,0.3341459578138323,0.5000000000389679
D1,0.3,0.3,0.25,0.25,2,6.026687622070312,0.4756785151504296,0.3341378763774556,0.5000000000390331
D1,0.3,0.3,0.25,0.25,2,6.03668212890625,0.4757994135815537,0.3341298753101924,0.5000000000390983
D1,0.3,0.3,0.25,0.25,2,6.046676635742188,0.475919711456912,0.3341219538127744,0.5000000000391639
D1,0.3,0.3,0.25,0.25,2,6.056671142578125,0.4760394117576128,0.3341141110938826,0.5000000000392294
D1,0.3,0.3,0.25,0.25,2,6.066665649414062,0.4761585174499797,0.3341063463700674,0.5000000000392941
D1,0.3,0.3,0.25,0.25,2,6.07666015625,0.4762770314856076,0.3340986588656721,0.50000000003936
D1,0.3,0.3,0.25,0.25,2,6.086654663085938,0.4763949568014598,0.3340910478127519,0.500000000039425
D1,0.3,0.3,0.25,0.25,2,6.096649169921875,0.4765122963199152,0.334083512451,0.5000000000394903
D1,0.3,0.3,0.25,0.25,2,6.106643676757812,0.4766290529488681,0.3340760520276715,0.5000000000395558
D1,0.3,0.3,0.25,0.25,2,6.11663818359375,0.4767452295817772,0.334068665797507,0.5000000000396215
D1,0.3,0.3,0.25,0.25,2,6.126632690429688,0.4768608290977461,0.3340613530226585,0.5000000000396868
D1,0.3,0.3,0.25,0.25,2,6.136627197265625,0.4769758543615923,0.3340541129726164,0.5000000000397518
D1,0.3,0.3,0.25,0.25,2,6.146621704101562,0.4770903082239262,0.3340469449241356,0.5000000000398173
D1,0.3,0.3,0.25,0.25,2,6.1566162109375,0.4772041935212093,0.3340398481611641,0.5000000000398821
D1,0.3,0.3,0.25,0.25,2,6.166610717773438,0.4773175130758336,0.3340328219747714,0.5000000000399472
D1,0.3,0.3,0.25,0.25,2,6.176605224609375,0.4774302696961861,0.3340258656630763,0.5000000000400129
D1,0.3,0.3,0.25,0.25,2,6.186599731445312,0.4775424661767258,0.3340189785311785,0.5000000000400777
D1,0.3,0.3,0.25,0.25,2,6.19659423828125,0.4776541052980416,0.3340121598910883,0.5000000000401432
D1,0.3,0.3,0.25,0.25,2,6.206588745117188,0.4777651898269263,0.3340054090616578,0.5000000000402087
D1,0.3,0.3,0.25,0.25,2,6.216583251953125,0.4778757225164506,0.3339987253685136,0.5000000000402731
D1,0.3,0.3,0.25,0.25,2,6.226577758789062,0.4779857061060243,0.3339921081439889,0.5000000000403386
D1,0.3,0.3,0.25,0.25,2,6.236572265625,0.4780951433214637,0.3339855567270575,0.5000000000404036
D1,0.3,0.3,0.25,0.25,2,6.246566772460938,0.4782040368750675,0.3339790704632651,0.5000000000404686
D1,0.3,0.3,0.25,0.25,2,6.256561279296875,0.4783123894656699,0.3339726487046683,0.5000000000405344
D1,0.3,0.3,0.25,0.25,2,6.266555786132812,0.4784202037787196,0.333966290809766,0.5000000000405996
D1,0.3,0.3,0.25,0.25,2,6.27655029296875,0.4785274824863456,0.3339599961434369,0.5000000000406645
D1,0.3,0.3,0.25,0.25,2,6.286544799804688,0.4786342282474107,0.333953764076877,0.5000000000407301
D1,0.3,0.3,0.25,0.25,2,6.296539306640625,0.4787404437075934,0.3339475939875349,0.5000000000407957
D1,0.3,0.3,0.25,0.25,2,6.306533813476562,0.4788461314994467,0.3339414852590507,0.5000000000408606
D1,0.3,0.3,0.25,0.25,2,6.3165283203125,0.4789512942424572,0.3339354372811943,0.5000000000409262
D1,0.3,0.3,0.25,0.25,2,6.326522827148438,0.4790559345431181,0.3339294494498043,0.500000000040991
D1,0.3,0.3,0.25,0.25,2,6.336517333984375,0.4791600549949914,0.3339235211667274,0.5000000000410564
D1,0.3,0.3,0.25,0.25,2,6.346511840820312,0.479263658178773,0.3339176518397592,0.500000000041122
D1,0.3,0.3,0.25,0.25,2,6.35650634765625,0.4793667466623501,0.3339118408825851,0.5000000000411869
D1,0.3,0.3,0.25,0.25,2,6.366500854492188,0.479469323000879,0.333906087714721,0.5000000000412524
D1,0.3,0.3,0.25,0.25,2,6.376495361328125,0.4795713897368283,0.3339003917614555,0.5000000000413176
D1,0.3,0.3,0.25,0.25,2,6.386489868164062,0.4796729494000632,0.3338947524537934,0.500000000041383
D1,0.3,0.3,0.25,0.25,2,6.396484375,0.4797740045078859,0.3338891692283973,0.5000000000414488
D1,0.3,0.3,0.25,0.25,2,6.406478881835938,0.4798745575651182,0.3338836415275326,0.5000000000415139
D1,0.3,0.3,0.25,0.25,2,6.416473388671875,0.479974611064154,0.3338781687990123,0.5000000000415793
D1,0.3,0.3,0.25,0.25,2,6.426467895507812,0.480074167485021,0.3338727504961391,0.5000000000416441
D1,0.3,0.3,0.25,0.25,2,6.43646240234375,0.4801732292954371,0.333867386077654,0.5000000000417095
D1,0.3,0.3,0.25,0.25,2,6.446456909179688,0.4802717989508867,0.3338620750076801,0.5000000000417747
D1,0.3,0.3,0.25,0.25,2,6.456451416015625,0.4803698788946627,0.3338568167556697,0.5000000000418399
D1,0.3,0.3,0.25,0.25,2,6.466445922851562,0.4804674715579397,0.3338516107963529,0.5000000000419055
D1,0.3,0.3,0.25,0.25,2,6.4764404296875,0.4805645793598345,0.333846456609681,0.5000000000419702
D1,0.3,0.3,0.25,0.25,2,6.486434936523438,0.4806612047074554,0.3338413536807801,0.5000000000420359
D1,0.3,0.3,0.25,0.25,2,6.496429443359375,0.4807573499959708,0.3338363014998946,0.5000000000421008
D1,0.3,0.3,0.25,0.25,2,6.506423950195312,0.4808530176086688,0.3338312995623391,0.5000000000421658
D1,0.3,0.3,0.25,0.25,2,6.51641845703125,0.4809482099170077,0.3338263473684468,0.5000000000422311
D1,0.3,0.3,0.25,0.25,2,6.526412963867188,0.4810429292806878,0.3338214444235209,0.5000000000422965
D1,0.3,0.3,0.25,0.25,2,6.536407470703125,0.4811371780476925,0.3338165902377841,0.5000000000423612
D1,0.3,0.3,0.25,0.25,2,6.546401977539062,0.4812309585543626,0.333811784326329,0.5000000000424262
D1,0.3,0.3,0.25,0.25,2,6.556396484375,0.4813242731254431,0.3338070262090729,0.5000000000424915
D1,0.3,0.3,0.25,0.25,2,6.566390991210938,0.4814171240741552,0.3338023154107054,0.5000000000425567
D1,0.3,0.3,0.25,0.25,2,6.576385498046875,0.4815095137022311,0.3337976514606432,0.5000000000426222
D1,0.3,0.3,0.25,0.25,2,6.586380004882812,0.481601444299989,0.3337930338929843,0.5000000000426874
D1,0.3,0.3,0.25,0.25,2,6.59637451171875,0.4816929181463842,0.3337884622464584,0.5000000000427526
D1,0.3,0.3,0.25,0.25,2,6.606369018554688,0.4817839375090642,0.3337839360643841,0.5000000000428175
D1,0.3,0.3,0.25,0.25,2,6.616363525390625,0.4818745046444237,0.3337794548946204,0.5000000000428827
D1,0.3,0.3,0.25,0.25,2,6.626358032226562,0.48196462179767,0.3337750182895238,0.500000000042948
D1,0.3,0.3,0.25,0.25,2,6.6363525390625,0.4820542912028621,0.3337706258059021,0.5000000000430138
D1,0.3,0.3,0.25,0.25,2,6.646347045898438,0.4821435150829831,0.3337662770049711,0.5000000000430788
D1,0.3,0.3,0.25,0.25,2,6.656341552734375,0.4822322956499768,0.3337619714523089,0.500000000043144
D1,0.3,0.3,0.25,0.25,2,6.666336059570312,0.4823206351048249,0.3337577087178152,0.5000000000432095
D1,0.3,0.3,0.25,0.25,2,6.67633056640625,0.4824085356375782,0.3337534883756673,0.5000000000432745
D1,0.3,0.3,0.25,0.25,2,6.686325073242188,0.4824959994274299,0.3337493100042768,0.5000000000433396
D1,0.3,0.3,0.25,0.25,2,6.696319580078125,0.482583028642757,0.3337451731862472,0.5000000000434052
D1,0.3,0.3,0.25,0.25,2,6.706314086914062,0.4826696254411797,0.3337410775083354,0.5000000000434704
D1,0.3,0.3,0.25,0.25,2,6.71630859375,0.4827557919696099,0.3337370225614049,0.500000000043536
D1,0.3,0.3,0.25,0.25,2,6.726303100585938,0.4828415303643168,0.33373300794039,0.5000000000436012
D1,0.3,0.3,0.25,0.25,2,6.736297607421875,0.4829268427509605,0.3337290332442526,0.5000000000436664
D1,0.3,0.3,0.25,0.25,2,6.746292114257812,0.4830117312446587,0.3337250980759437,0.500000000043732
D1,0.3,0.3,0.25,0.25,2,6.75628662109375,0.4830961979500353,0.3337212020423619,0.5000000000437971
D1,0.3,0.3,0.25,0.25,2,6.766281127929688,0.4831802449612734,0.3337173447543164,0.5000000000438619
D1,0.3,0.3,0.25,0.25,2,6.776275634765625,0.4832638743621642,0.3337135258264857,0.5000000000439276
D1,0.3,0.3,0.25,0.25,2,6.786270141601562,0.483347088226158,0.3337097448773807,0.5000000000439928
D1,0.3,0.3,0.25,0.25,2,6.7962646484375,0.4834298886164222,0.3337060015293067,0.5000000000440583
D1,0.3,0.3,0.25,0.25,2,6.806259155273438,0.4835122775858874,0.3337022954083253,0.5000000000441239
D1,0.3,0.3,0.25,0.25,2,6.816253662109375,0.483594257177292,0.3336986261442151,0.5000000000441887
D1,0.3,0.3,0.25,0.25,2,6.826248168945312,0.4836758294232512,0.3336949933704383,0.5000000000442538
D1,0.3,0.3,0.25,0.25,2,6.83624267578125,0.4837569963462833,0.3336913967241028,0.5000000000443191
D1,0.3,0.3,0.25,0.25,2,6.846237182617188,0.4838377599588778,0.3336878358459234,0.5000000000443842
D1,0.3,0.3,0.25,0.25,2,6.856231689453125,0.4839181222635402,0.3336843103801891,0.5000000000444494
D1,0.3,0.3,0.25,0.25,2,6.866226196289062,0.4839980852528402,0.3336808199747271,0.5000000000445144
D1,0.3,0.3,0.25,0.25,2,6.876220703125,0.4840776509094564,0.3336773642808664,0.5000000000445797
D1,0.3,0.3,0.25,0.25,2,6.886215209960938,0.4841568212062359,0.3336739429534025,0.5000000000446446
D1,0.3,0.3,0.25,0.25,2,6.896209716796875,0.4842355981062306,0.3336705556505658,0.5000000000447103
D1,0.3,0.3,0.25,0.25,2,6.906204223632812,0.4843139835627611,0.3336672020339837,0.5000000000447757
D1,0.3,0.3,0.25,0.25,2,6.91619873046875,0.4843919795194495,0.3336638817686496,0.5000000000448405
D1,0.3,0.3,0.25,0.25,2,6.926193237304688,0.4844695879102799,0.3336605945228894,0.5000000000449062
D1,0.3,0.3,0.25,0.25,2,6.936187744140625,0.4845468106596353,0.3336573399683258,0.5000000000449707
D1,0.3,0.3,0.25,0.25,2,6.946182250976562,0.4846236496823544,0.3336541177798477,0.5000000000450356
D1,0.3,0.3,0.25,0.25,2,6.9561767578125,0.484700106883774,0.3336509276355786,0.5000000000451006
D1,0.3,0.3,0.25,0.25,2,6.966171264648438,0.4847761841597765,0.3336477692168421,0.5000000000451654
D1,0.3,0.3,0.25,0.25,2,6.976165771484375,0.4848518833968398,0.3336446422081306,0.5000000000452306
D1,0.3,0.3,0.25,0.25,2,6.986160278320312,0.4849272064720787,0.333641546297074,0.5000000000452958
D1,0.3,0.3,0.25,0.25,2,6.99615478515625,0.4850021552532949,0.3336384811744099,0.5000000000453612
D1,0.3,0.3,0.25,0.25,2,7.006149291992188,0.4850767315990273,0.3336354465339498,0.5000000000454262
D1,0.3,0.3,0.25,0.25,2,7.016143798828125,0.4851509373585874,0.3336324420725529,0.5000000000454913
D1,0.3,0.3,0.25,0.25,2,7.026138305664062,0.4852247743721171,0.3336294674900896,0.5000000000455566
D1,0.3,0.3,0.25,0.25,2,7.0361328125,0.4852982444706184,0.3336265224894186,0.5000000000456215
D1,0.3,0.3,0.25,0.25,2,7.046127319335938,0.4853713494760182,0.3336236067763504,0.5000000000456866
D1,0.3,0.3,0.25,0.25,2,7.056121826171875,0.4854440912011973,0.3336207200596246,0.5000000000457518
D1,0.3,0.3,0.25,0.25,2,7.066116333007812,0.4855164714500443,0.3336178620508751,0.5000000000458169
D1,0.3,0.3,0.25,0.25,2,7.07611083984375,0.4855884920174964,0.3336150324646034,0.500000000045882
D1,0.3,0.3,0.25,0.25,2,7.086105346679688,0.485660154689584,0.3336122310181514,0.500000000045948
D1,0.3,0.3,0.25,0.25,2,7.096099853515625,0.4857314612434772,0.3336094574316714,0.500000000046013
D1,0.3,0.3,0.25,0.25,2,7.106094360351562,0.4858024134475261,0.3336067114280984,0.500000000046078
D1,0.3,0.3,0.25,0.25,2,7.1160888671875,0.4858730130613063,0.3336039927331244,0.5000000000461438
D1,0.3,0.3,0.25,0.25,2,7.126083374023438,0.4859432618356687,0.3336013010751674,0.5000000000462088
D1,0.3,0.3,0.25,0.25,2,7.136077880859375,0.4860131615127677,0.333598636185348,0.5000000000462743
D1,0.3,0.3,0.25,0.25,2,7.146072387695312,0.486082713826119,0.3335959977974594,0.5000000000463397
D1,0.3,0.3,0.25,0.25,2,7.15606689453125,0.4861519205006375,0.3335933856479428,0.5000000000464049
D1,0.3,0.3,0.25,0.25,2,7.166061401367188,0.4862207832526769,0.3335907994758606,0.5000000000464703
D1,0.3,0.3,0.25,0.25,2,7.176055908203125,0.4862893037900725,0.3335882390228701,0.5000000000465358
D1,0.3,0.3,0.25,0.25,2,7.186050415039062,0.4863574838121913,0.3335857040331975,0.5000000000466009
D1,0.3,0.3,0.25,0.25,2,7.196044921875,0.4864253250099651,0.3335831942536132,0.5000000000466658
D1,0.3,0.3,0.25,0.25,2,7.206039428710938,0.4864928290659341,0.3335807094334053,0.5000000000467314
D1,0.3,0.3,0.25,0.25,2,7.216033935546875,0.4865599976542883,0.3335782493243566,0.5000000000467971
D1,0.3,0.3,0.25,0.25,2,7.226028442382812,0.4866268324409151,0.3335758136807163,0.5000000000468623
D1,0.3,0.3,0.25,0.25,2,7.23602294921875,0.486693335083435,0.3335734022591785,0.500000000046927
D1,0.3,0.3,0.25,0.25,2,7.246017456054688,0.4867595072312367,0.3335710148188588,0.5000000000469927
D1,0.3,0.3,0.25,0.25,2,7.256011962890625,0.4868253505255342,0.3335686511212648,0.5000000000470575
D1,0.3,0.3,0.25,0.25,2,7.266006469726562,0.486890866599393,0.3335663109302788,0.5000000000471232
D1,0.3,0.3,0.25,0.25,2,7.2760009765625,0.4869560570777766,0.3335639940121303,0.5000000000471887
D1,0.3,0.3,0.25,0.25,2,7.285995483398438,0.4870209235775856,0.3335617001353733,0.5000000000472535
D1,0.3,0.3,0.25,0.25,2,7.295989990234375,0.4870854677076926,0.3335594290708642,0.5000000000473194
D1,0.3,0.3,0.25,0.25,2,7.305984497070312,0.4871496910689931,0.3335571805917377,0.5000000000473845
D1,0.3,0.3,0.25,0.25,2,7.31597900390625,0.4872135952544365,0.3335549544733844,0.5000000000474498
D1,0.3,0.3,0.25,0.25,2,7.325973510742188,0.4872771818490672,0.333552750493429,0.5000000000475151
D1,0.3,0.3,0.25,0.25,2,7.335968017578125,0.4873404524300621,0.3335505684317085,0.5000000000475802
D1,0.3,0.3,0.25,0.25,2,7.345962524414062,0.4874034085667786,0.3335484080702484,0.5000000000476453
D1,0.3,0.3,0.25,0.25,2,7.35595703125,0.4874660518207821,0.3335462691932417,0.5000000000477105
D1,0.3,0.3,0.25,0.25,2,7.365951538085938,0.4875283837458869,0.3335441515870287,0.5000000000477753
D1,0.3,0.3,0.25,0.25,2,7.375946044921875,0.4875904058882015,0.3335420550400736,0.50000000004784
D1,0.3,0.3,0.25,0.25,2,7.385940551757812,0.4876521197861634,0.3335399793429443,0.5000000000479058
D1,0.3,0.3,0.25,0.25,2,7.39593505859375,0.4877135269705686,0.3335379242882924,0.5000000000479707
D1,0.3,0.3,0.25,0.25,2,7.405929565429688,0.4877746289646269,0.3335358896708309,0.5000000000480358
D1,0.3,0.3,0.25,0.25,2,7.415924072265625,0.4878354272839803,0.333533875287315,0.5000000000481012
D1,0.3,0.3,0.25,0.25,2,7.425918579101562,0.4878959234367546,0.3335318809365188,0.5000000000481661
D1,0.3,0.3,0.25,0.25,2,7.4359130859375,0.4879561189235908,0.3335299064192211,0.5000000000482311
D1,0.3,0.3,0.25,0.25,2,7.445907592773438,0.4880160152376894,0.3335279515381794,0.5000000000482968
D1,0.3,0.3,0.25,0.25,2,7.455902099609375,0.4880756138648259,0.3335260160981139,0.5000000000483621
D1,0.3,0.3,0.25,0.25,2,7.465896606445312,0.488134916283419,0.3335240999056859,0.5000000000484272
D1,0.3,0.3,0.25,0.25,2,7.47589111328125,0.4881939239645431,0.3335222027694805,0.5000000000484918
D1,0.3,0.3,0.25,0.25,2,7.485885620117188,0.4882526383719725,0.3335203244999865,0.5000000000485574
D1,0.3,0.3,0.25,0.25,2,7.495880126953125,0.4883110609622187,0.3335184649095758,0.5000000000486222
D1,0.3,0.3,0.25,0.25,2,7.505874633789062,0.4883691931845666,0.3335166238124881,0.5000000000486879
D1,0.3,0.3,0.25,0.25,2,7.515869140625,0.4884270364811067,0.3335148010248092,0.5000000000487528
D1,0.3,0.3,0.25,0.25,2,7.525863647460938,0.488484592286778,0.3335129963644545,0.5000000000488176
D1,0.3,0.3,0.25,0.25,2,7.535858154296875,0.4885418620293934,0.3335112096511497,0.500000000048883
D1,0.3,0.3,0.25,0.25,2,7.545852661132812,0.4885988471296773,0.3335094407064143,0.5000000000489481
D1,0.3,0.3,0.25,0.25,2,7.55584716796875,0.4886555490013172,0.3335076893535417,0.5000000000490128
D1,0.3,0.3,0.25,0.25,2,7.565841674804688,0.4887119690509755,0.3335059554175834,0.500000000049078
D1,0.3,0.3,0.25,0.25,2,7.575836181640625,0.4887681086783306,0.3335042387253305,0.500000000049143
D1,0.3,0.3,0.25,0.25,2,7.585830688476562,0.4888239692761254,0.3335025391052961,0.5000000000492081
D1,0.3,0.3,0.25,0.25,2,7.5958251953125,0.4888795522301836,0.3335008563877006,0.5000000000492731
D1,0.3,0.3,0.25,0.25,2,7.605819702148438,0.488934858919453,0.3334991904044495,0.5000000000493382
D1,0.3,0.3,0.25,0.25,2,7.615814208984375,0.4889898907160373,0.3334975409891235,0.5000000000494041
D1,0.3,0.3,0.25,0.25,2,7.625808715820312,0.4890446489852374,0.3334959079769559,0.5000000000494688
D1,0.3,0.3,0.25,0.25,2,7.63580322265625,0.4890991350855707,0.3334942912048195,0.5000000000495337
D1,0.3,0.3,0.25,0.25,2,7.645797729492188,0.489153350368812,0.3334926905112098,0.500000000049599
D1,0.3,0.3,0.25,0.25,2,7.655792236328125,0.489207296180039,0.3334911057362283,0.5000000000496644
D1,0.3,0.3,0.25,0.25,2,7.665786743164062,0.4892609738576438,0.3334895367215653,0.500000000049729
D1,0.3,0.3,0.25,0.25,2,7.67578125,0.4893143847333769,0.3334879833104873,0.5000000000497947
D1,0.3,0.3,0.25,0.25,2,7.685775756835938,0.4893675301323849,0.3334864453478185,0.50000000004986
D1,0.3,0.3,0.25,0.25,2,7.695770263671875,0.4894204113732371,0.3334849226799267,0.5000000000499252
D1,0.3,0.3,0.25,0.25,2,7.705764770507812,0.4894730297679574,0.3334834151547069,0.5000000000499903
D1,0.3,0.3,0.25,0.25,2,7.71575927734375,0.4895253866220564,0.3334819226215687,0.5000000000500555
D1,0.3,0.3,0.25,0.25,2,7.725753784179688,0.4895774832345705,0.3334804449314165,0.5000000000501208
D1,0.3,0.3,0.25,0.25,2,7.735748291015625,0.4896293208980841,0.3334789819366387,0.5000000000501856
D1,0.3,0.3,0.25,0.25,2,7.745742797851562,0.4896809008987691,0.3334775334910928,0.500000000050251
D1,0.3,0.3,0.25,0.25,2,7.7557373046875,0.4897322245164171,0.3334760994500883,0.5000000000503169
D1,0.3,0.3,0.25,0.25,2,7.765731811523438,0.4897832930244651,0.333474679670374,0.5000000000503816
D1,0.3,0.3,0.25,0.25,2,7.775726318359375,0.4898341076900309,0.3334732740101232,0.5000000000504466
D1,0.3,0.3,0.25,0.25,2,7.785720825195312,0.4898846697739399,0.3334718823289204,0.5000000000505118
D1,0.3,0.3,0.25,0.25,2,7.79571533203125,0.4899349805307678,0.3334705044877454,0.5000000000505773
D1,0.3,0.3,0.25,0.25,2,7.805709838867188,0.4899850412088591,0.3334691403489616,0.5000000000506429
D1,0.3,0.3,0.25,0.25,2,7.815704345703125,0.4900348530503668,0.3334677897763,0.5000000000507081
D1,0.3,0.3,0.25,0.25,2,7.825698852539062,0.4900844172912709,0.3334664526348476,0.5000000000507733
D1,0.3,0.3,0.25,0.25,2,7.835693359375,0.4901337351614266,0.3334651287910327,0.5000000000508388
D1,0.3,0.3,0.25,0.25,2,7.845687866210938,0.4901828078845788,0.3334638181126128,0.5000000000509044
D1,0.3,0.3,0.25,0.25,2,7.855682373046875,0.4902316366784041,0.3334625204686592,0.5000000000509693
D1,0.3,0.3,0.25,0.25,2,7.865676879882812,0.4902802227545303,0.3334612357295471,0.5000000000510346
D1,0.3,0.3,0.25,0.25,2,7.87567138671875,0.4903285673185754,0.3334599637669384,0.5000000000511005
D1,0.3,0.3,0.25,0.25,2,7.885665893554688,0.4903766715701728,0.3334587044537733,0.5000000000511658
D1,0.3,0.3,0.25,0.25,2,7.895660400390625,0.4904245367030042,0.3334574576642546,0.5000000000512309
D1,0.3,0.3,0.25,0.25,2,7.905654907226562,0.4904721639048213,0.3334562232738371,0.5000000000512964
D1,0.3,0.3,0.25,0.25,2,7.9156494140625,0.4905195543574833,0.3334550011592126,0.5000000000513621
D1,0.3,0.3,0.25,0.25,2,7.925643920898438,0.4905667092369917,0.3334537911983008,0.5000000000514272
D1,0.3,0.3,0.25,0.25,2,7.935638427734375,0.490613629713497,0.3334525932702345,0.5000000000514923
D1,0.3,0.3,0.25,0.25,2,7.945632934570312,0.4906603169513519,0.3334514072553492,0.500000000051558
D1,0.3,0.3,0.25,0.25,2,7.95562744140625,0.4907067721091305,0.3334502330351694,0.5000000000516228
D1,0.3,0.3,0.25,0.25,2,7.965621948242188,0.4907529963396504,0.3334490704923989,0.5000000000516879
D1,0.3,0.3,0.25,0.25,2,7.975616455078125,0.4907989907900135,0.333447919510908,0.5000000000517536
D1,0.3,0.3,0.25,0.25,2,7.985610961914062,0.4908447566016199,0.3334467799757204,0.5000000000518193
D1,0.3,0.3,0.25,0.25,2,7.99560546875,0.4908902949102167,0.3334456517730051,0.5000000000518841
D1,0.3,0.3,0.25,0.25,2,8.005599975585938,0.4909356068459044,0.3334445347900623,0.5000000000519492
D1,0.3,0.3,0.25,0.25,2,8.015594482421875,0.4909806935331782,0.3334434289153128,0.5000000000520144
D1,0.3,0.3,0.25,0.25,2,8.025588989257812,0.4910255560909509,0.3334423340382882,0.5000000000520801
D1,0.3,0.3,0.25,0.25,2,8.03558349609375,0.4910701956325849,0.3334412500496159,0.5000000000521452
D1,0.3,0.3,0.25,0.25,2,8.045578002929688,0.4911146132659118,0.3334401768410142,0.5000000000522101
D1,0.3,0.3,0.25,0.25,2,8.055572509765625,0.491158810093267,0.333439114305277,0.5000000000522754
D1,0.3,0.3,0.25,0.25,2,8.065567016601562,0.4912027872115144,0.3334380623362636,0.5000000000523405
D1,0.3,0.3,0.25,0.25,2,8.0755615234375,0.4912465457120738,0.3334370208288903,0.5000000000524059
D1,0.3,0.3,0.25,0.25,2,8.085556030273438,0.4912900866809458,0.333435989679117,0.5000000000524706
D1,0.3,0.3,0.25,0.25,2,8.095550537109375,0.4913334111987457,0.3334349687839391,0.500000000052536
D1,0.3,0.3,0.25,0.25,2,8.105545043945312,0.4913765203407162,0.3334339580413772,0.5000000000526015
D1,0.3,0.3,0.25,0.25,2,8.11553955078125,0.4914194151767746,0.3334329573504634,0.5000000000526663
D1,0.3,0.3,0.25,0.25,2,8.125534057617188,0.4914620967715189,0.3334319666112364,0.5000000000527313
D1,0.3,0.3,0.25,0.25,2,8.135528564453125,0.4915045661842653,0.3334309857247281,0.500000000052796
D1,0.3,0.3,0.25,0.25,2,8.145523071289062,0.4915468244690707,0.3334300145929554,0.5000000000528616
D1,0.3,0.3,0.25,0.25,2,8.155517578125,0.4915888726747623,0.3334290531189083,0.5000000000529263
D1,0.3,0.3,0.25,0.25,2,8.165512084960938,0.4916307118449625,0.3334281012065425,0.5000000000529915
D1,0.3,0.3,0.25,0.25,2,8.175506591796875,0.4916723430181133,0.3334271587607684,0.5000000000530567
D1,0.3,0.3,0.25,0.25,2,8.185501098632812,0.4917137672274949,0.333426225687442,0.5000000000531216
D1,0.3,0.3,0.25,0.25,2,8.19549560546875,0.4917549855012676,0.3334253018933565,0.5000000000531866
D1,0.3,0.3,0.25,0.25,2,8.205490112304688,0.4917959988624885,0.3334243872862304,0.5000000000532518
D1,0.3,0.3,0.25,0.25,2,8.215484619140625,0.4918368083291308,0.3334234817747015,0.5000000000533169
D1,0.3,0.3,0.25,0.25,2,8.225479125976562,0.4918774149141115,0.3334225852683155,0.5000000000533819
D1,0.3,0.3,0.25,0.25,2,8.2354736328125,0.4919178196253306,0.3334216976775174,0.500000000053447
D1,0.3,0.3,0.25,0.25,2,8.245468139648438,0.4919580234656748,0.3334208189136427,0.5000000000535116
D1,0.3,0.3,0.25,0.25,2,8.255462646484375,0.4919980274330616,0.3334199488889098,0.5000000000535766
D1,0.3,0.3,0.25,0.25,2,8.265457153320312,0.4920378325204525,0.3334190875164089,0.5000000000536421
D1,0.3,0.3,0.25,0.25,2,8.27545166015625,0.492077439715875,0.3334182347100955,0.5000000000537066
D1,0.3,0.3,0.25,0.25,2,8.285446166992188,0.4921168500024538,0.3334173903847794,0.5000000000537717
D1,0.3,0.3,0.25,0.25,2,8.295440673828125,0.4921560643584367,0.3334165544561193,0.5000000000538368
D1,0.3,0.3,0.25,0.25,2,8.305435180664062,0.4921950837572163,0.333415726840611,0.5000000000539019
D1,0.3,0.3,0.25,0.25,2,8.3154296875,0.4922339091673485,0.3334149074555818,0.5000000000539673
D1,0.3,0.3,0.25,0.25,2,8.325424194335938,0.4922725415525843,0.3334140962191815,0.5000000000540319
D1,0.3,0.3,0.25,0.25,2,8.335418701171875,0.4923109818718924,0.3334132930503724,0.5000000000540966
D1,0.3,0.3,0.25,0.25,2,8.345413208007812,0.4923492310794768,0.333412497868924,0.5000000000541611
D1,0.3,0.3,0.25,0.25,2,8.35540771484375,0.4923872901248078,0.333411710595403,0.5000000000542258
D1,0.3,0.3,0.25,0.25,2,8.365402221679688,0.4924251599526422,0.333410931151167,0.500000000054291
D1,0.3,0.3,0.25,0.25,2,8.375396728515625,0.4924628415030449,0.3334101594583551,0.5000000000543555
D1,0.3,0.3,0.25,0.25,2,8.385391235351562,0.4925003357114153,0.3334093954398799,0.5000000000544202
D1,0.3,0.3,0.25,0.25,2,8.3953857421875,0.4925376435085127,0.3334086390194223,0.5000000000544855
D1,0.3,0.3,0.25,0.25,2,8.405380249023438,0.4925747658204722,0.3334078901214205,0.5000000000545505
D1,0.3,0.3,0.25,0.25,2,8.415374755859375,0.4926117035688312,0.333407148671065,0.5000000000546152
D1,0.3,0.3,0.25,0.25,2,8.425369262695312,0.4926484576705518,0.3334064145942912,0.5000000000546808
D1,0.3,0.3,0.25,0.25,2,8.43536376953125,0.4926850290380495,0.3334056878177688,0.500000000054746
D1,0.3,0.3,0.25,0.25,2,8.445358276367188,0.4927214185792058,0.3334049682688981,0.5000000000548112
D1,0.3,0.3,0.25,0.25,2,8.455352783203125,0.4927576271973991,0.3334042558758011,0.5000000000548753
D1,0.3,0.3,0.25,0.25,2,8.465347290039062,0.4927936557915137,0.3334035505673161,0.5000000000549405
D1,0.3,0.3,0.25,0.25,2,8.475341796875,0.4928295052559815,0.3334028522729872,0.5000000000550051
D1,0.3,0.3,0.25,0.25,2,8.485336303710938,0.4928651764807918,0.3334021609230599,0.5000000000550707
D1,0.3,0.3,0.25,0.25,2,8.495330810546875,0.4929006703515155,0.3334014764484724,0.5000000000551355
D1,0.3,0.3,0.25,0.25,2,8.505325317382812,0.4929359877493251,0.3334007987808513,0.5000000000552003
D1,0.3,0.3,0.25,0.25,2,8.51531982421875,0.4929711295510184,0.333400127852502,0.5000000000552655
D1,0.3,0.3,0.25,0.25,2,8.525314331054688,0.4930060966290433,0.3333994635964048,0.5000000000553301
D1,0.3,0.3,0.25,0.25,2,8.535308837890625,0.493040889851518,0.3333988059462042,0.5000000000553957
D1,0.3,0.3,0.25,0.25,2,8.545303344726562,0.4930755100822444,0.3333981548362068,0.5000000000554609
D1,0.3,0.3,0.25,0.25,2,8.5552978515625,0.4931099581807419,0.3333975102013695,0.5000000000555261
D1,0.3,0.3,0.25,0.25,2,8.565292358398438,0.4931442350022631,0.333396871977299,0.5000000000555908
D1,0.3,0.3,0.25,0.25,2,8.575286865234375,0.4931783413978091,0.3333962401002417,0.5000000000556555
D1,0.3,0.3,0.25,0.25,2,8.585281372070312,0.4932122782141588,0.3333956145070777,0.5000000000557211
D1,0.3,0.3,0.25,0.25,2,8.59527587890625,0.493246046293889,0.3333949951353141,0.5000000000557864
D1,0.3,0.3,0.25,0.25,2,8.605270385742188,0.4932796464753922,0.33339438192308,0.5000000000558514
D1,0.3,0.3,0.25,0.25,2,8.615264892578125,0.4933130795929042,0.3333937748091201,0.5000000000559163
D1,0.3,0.3,0.25,0.25,2,8.625259399414062,0.4933463464765073,0.3333931737327887,0.500000000055981
D1,0.3,0.3,0.25,0.25,2,8.63525390625,0.4933794479521698,0.3333925786340423,0.5000000000560464
D1,0.3,0.3,0.25,0.25,2,8.645248413085938,0.4934123848417607,0.3333919894534348,0.500000000056112
D1,0.3,0.3,0.25,0.25,2,8.655242919921875,0.4934451579630685,0.3333914061321109,0.5000000000561767
D1,0.3,0.3,0.25,0.25,2,8.665237426757812,0.4934777681298161,0.3333908286118018,0.5000000000562418
D1,0.3,0.3,0.25,0.25,2,8.67523193359375,0.4935102161516925,0.3333902568348167,0.5000000000563071
D1,0.3,0.3,0.25,0.25,2,8.685226440429688,0.4935425028343676,0.3333896907440401,0.5000000000563721
D1,0.3,0.3,0.25,0.25,2,8.695220947265625,0.4935746289795026,0.3333891302829234,0.5000000000564377
D1,0.3,0.3,0.25,0.25,2,8.705215454101562,0.4936065953847869,0.3333885753954808,0.5000000000565032
D1,0.3,0.3,0.25,0.25,2,8.7152099609375,0.4936384028439483,0.3333880260262816,0.5000000000565685
D1,0.3,0.3,0.25,0.25,2,8.725204467773438,0.4936700521467702,0.3333874821204493,0.5000000000566333
D1,0.3,0.3,0.25,0.25,2,8.735198974609375,0.4937015440791219,0.3333869436236505,0.5000000000566982
D1,0.3,0.3,0.25,0.25,2,8.745193481445312,0.4937328794229622,0.3333864104820953,0.5000000000567638
D1,0.3,0.3,0.25,0.25,2,8.75518798828125,0.4937640589563708,0.3333858826425257,0.5000000000568289
D1,0.3,0.3,0.25,0.25,2,8.765182495117188,0.493795083453567,0.3333853600522138,0.5000000000568945
D1,0.3,0.3,0.25,0.25,2,8.775177001953125,0.4938259536849279,0.3333848426589573,0.5000000000569601
D1,0.3,0.3,0.25,0.25,2,8.785171508789062,0.4938566704169987,0.3333843304110719,0.5000000000570248
D1,0.3,0.3,0.25,0.25,2,8.795166015625,0.4938872344125234,0.3333838232573878,0.5000000000570899
D1,0.3,0.3,0.25,0.25,2,8.805160522460938,0.4939176464304534,0.3333833211472449,0.5000000000571555
D1,0.3,0.3,0.25,0.25,2,8.815155029296875,0.4939479072259794,0.3333828240304858,0.5000000000572207
D1,0.3,0.3,0.25,0.25,2,8.825149536132812,0.4939780175505415,0.3333823318574519,0.5000000000572858
D1,0.3,0.3,0.25,0.25,2,8.83514404296875,0.4940079781518451,0.3333818445789792,0.5000000000573513
D1,0.3,0.3,0.25,0.25,2,8.845138549804688,0.4940377897738844,0.333381362146391,0.5000000000574166
D1,0.3,0.3,0.25,0.25,2,8.855133056640625,0.4940674531569595,0.3333808845114969,0.5000000000574818
D1,0.3,0.3,0.25,0.25,2,8.865127563476562,0.4940969690376951,0.3333804116265848,0.5000000000575469
D1,0.3,0.3,0.25,0.25,2,8.8751220703125,0.4941263381490587,0.3333799434444162,0.5000000000576122
D1,0.3,0.3,0.25,0.25,2,8.885116577148438,0.4941555612203791,0.3333794799182243,0.500000000057678
D1,0.3,0.3,0.25,0.25,2,8.895111083984375,0.4941846389773629,0.3333790210017053,0.5000000000577434
D1,0.3,0.3,0.25,0.25,2,8.905105590820312,0.4942135721421173,0.3333785666490167,0.5000000000578082
D1,0.3,0.3,0.25,0.25,2,8.91510009765625,0.4942423614331556,0.3333781168147731,0.5000000000578739
D1,0.3,0.3,0.25,0.25,2,8.925094604492188,0.4942710075654304,0.3333776714540381,0.5000000000579389
D1,0.3,0.3,0.25,0.25,2,8.935089111328125,0.4942995112503393,0.3333772305223245,0.5000000000580044
D1,0.3,0.3,0.25,0.25,2,8.945083618164062,0.4943278731957567,0.3333767939755858,0.5000000000580698
D1,0.3,0.3,0.25,0.25,2,8.955078125,0.4943560941060322,0.333376361770215,0.5000000000581351
D1,0.3,0.3,0.25,0.25,2,8.965072631835938,0.4943841746820223,0.3333759338630372,0.5000000000582007
D1,0.3,0.3,0.25,0.25,2,8.975067138671875,0.4944121156211034,0.3333755102113078,0.5000000000582661
D1,0.3,0.3,0.25,0.25,2,8.985061645507812,0.4944399176171872,0.3333750907727077,0.5000000000583311
D1,0.3,0.3,0.25,0.25,2,8.99505615234375,0.4944675813607436,0.3333746755053373,0.5000000000583967
D1,0.3,0.3,0.25,0.25,2,9.005050659179688,0.4944951075388092,0.3333742643677154,0.5000000000584621
D1,0.3,0.3,0.25,0.25,2,9.015045166015625,0.4945224968350095,0.3333738573187724,0.5000000000585284
D1,0.3,0.3,0.25,0.25,2,9.025039672851562,0.4945497499295859,0.3333734543178463,0.500000000058593
D1,0.3,0.3,0.25,0.25,2,9.0350341796875,0.4945768674993867,0.3333730553246803,0.5000000000586586
D1,0.3,0.3,0.25,0.25,2,9.045028686523438,0.4946038502179131,0.3333726602994186,0.5000000000587241
D1,0.3,0.3,0.25,0.25,2,9.055023193359375,0.4946306987553099,0.3333722692026009,0.500000000058789
D1,0.3,0.3,0.25,0.25,2,9.065017700195312,0.4946574137784031,0.3333718819951594,0.5000000000588545
D1,0.3,0.3,0.25,0.25,2,9.07501220703125,0.4946839959507002,0.3333714986384159,0.5000000000589203
D1,0.3,0.3,0.25,0.25,2,9.085006713867188,0.4947104459324164,0.3333711190940745,0.5000000000589858
D1,0.3,0.3,0.25,0.25,2,9.095001220703125,0.4947367643804976,0.3333707433242223,0.5000000000590504
D1,0.3,0.3,0.25,0.25,2,9.104995727539062,0.4947629519486185,0.3333703712913224,0.5000000000591157
D1,0.3,0.3,0.25,0.25,2,9.114990234375,0.4947890092872039,0.3333700029582121,0.5000000000591817
D1,0.3,0.3,0.25,0.25,2,9.124984741210938,0.4948149370434585,0.3333696382880972,0.5000000000592467
D1,0.3,0.3,0.25,0.25,2,9.134979248046875,0.4948407358613651,0.3333692772445504,0.5000000000593119
D1,0.3,0.3,0.25,0.25,2,9.144973754882812,0.4948664063817156,0.3333689197915061,0.5000000000593771
D1,0.3,0.3,0.25,0.25,2,9.15496826171875,0.4948919492421173,0.3333685658932575,0.5000000000594431
D1,0.3,0.3,0.25,0.25,2,9.164962768554688,0.4949173650770088,0.3333682155144514,0.5000000000595086
D1,0.3,0.3,0.25,0.25,2,9.174957275390625,0.4949426545176779,0.3333678686200893,0.5000000000595736
D1,0.3,0.3,0.25,0.25,2,9.184951782226562,0.4949678181922838,0.3333675251755183,0.5000000000596387
D1,0.3,0.3,0.25,0.25,2,9.1949462890625,0.4949928567258614,0.3333671851464316,0.5000000000597041
D1,0.3,0.3,0.25,0.25,2,9.204940795898438,0.4950177707403394,0.333366848498862,0.5000000000597697
D1,0.3,0.3,0.25,0.25,2,9.214935302734375,0.4950425608545622,0.3333665151991813,0.5000000000598351
D1,0.3,0.3,0.25,0.25,2,9.224929809570312,0.4950672276842991,0.3333661852140956,0.5000000000599005
D1,0.3,0.3,0.25,0.25,2,9.23492431640625,0.4950917718422669,0.3333658585106416,0.5000000000599658
D1,0.3,0.3,0.25,0.25,2,9.244918823242188,0.4951161939381332,0.3333655350561839,0.500000000060031
D1,0.3,0.3,0.25,0.25,2,9.254913330078125,0.4951404945785383,0.333365214818412,0.5000000000600964
D1,0.3,0.3,0.25,0.25,2,9.264907836914062,0.4951646743671135,0.3333648977653369,0.5000000000601618
D1,0.3,0.3,0.25,0.25,2,9.27490234375,0.4951887339044868,0.333364583865287,0.5000000000602266
D1,0.3,0.3,0.25,0.25,2,9.284896850585938,0.4952126737883082,0.333364273086907,0.5000000000602922
D1,0.3,0.3,0.25,0.25,2,9.294891357421875,0.4952364946132604,0.3333639653991515,0.5000000000603582
D1,0.3,0.3,0.25,0.25,2,9.304885864257812,0.4952601969710677,0.3333636607712854,0.5000000000604234
D1,0.3,0.3,0.25,0.25,2,9.31488037109375,0.495283781450524,0.3333633591728781,0.5000000000604888
D1,0.3,0.3,0.25,0.25,2,9.324874877929688,0.4953072486374932,0.3333630605738021,0.5000000000605533
D1,0.3,0.3,0.25,0.25,2,9.334869384765625,0.4953305991149299,0.3333627649442299,0.500000000060619
D1,0.3,0.3,0.25,0.25,2,9.344863891601562,0.4953538334628924,0.3333624722546308,0.5000000000606836
D1,0.3,0.3,0.25,0.25,2,9.3548583984375,0.4953769522585635,0.3333621824757675,0.5000000000607485
D1,0.3,0.3,0.25,0.25,2,9.364852905273438,0.495399956076257,0.3333618955786927,0.5000000000608146
D1,0.3,0.3,0.25,0.25,2,9.374847412109375,0.4954228454874292,0.3333616115347481,0.5000000000608795
D1,0.3,0.3,0.25,0.25,2,9.384841918945312,0.4954456210607059,0.3333613303155598,0.5000000000609451
D1,0.3,0.3,0.25,0.25,2,9.39483642578125,0.4954682833618876,0.333361051893035,0.5000000000610105
D1,0.3,0.3,0.25,0.25,2,9.404830932617188,0.4954908329539635,0.3333607762393627,0.5000000000610755
D1,0.3,0.3,0.25,0.25,2,9.414825439453125,0.495513270397127,0.3333605033270059,0.5000000000611405
D1,0.3,0.3,0.25,0.25,2,9.424819946289062,0.4955355962487872,0.3333602331287046,0.5000000000612054
D1,0.3,0.3,0.25,0.25,2,9.434814453125,0.4955578110635884,0.333359965617467,0.5000000000612703
D1,0.3,0.3,0.25,0.25,2,9.444808959960938,0.4955799153934145,0.3333597007665708,0.5000000000613363
D1,0.3,0.3,0.25,0.25,2,9.454803466796875,0.4956019097874181,0.3333594385495606,0.5000000000614019
D1,0.3,0.3,0.25,0.25,2,9.464797973632812,0.4956237947920172,0.3333591789402413,0.5000000000614668
D1,0.3,0.3,0.25,0.25,2,9.47479248046875,0.4956455709509161,0.33335892191268,0.5000000000615317
D1,0.3,0.3,0.25,0.25,2,9.484786987304688,0.4956672388051211,0.3333586674412021,0.5000000000615968
D1,0.3,0.3,0.25,0.25,2,9.494781494140625,0.4956887988929544,0.3333584155003879,0.5000000000616619
D1,0.3,0.3,0.25,0.25,2,9.504776000976562,0.4957102517500587,0.3333581660650704,0.5000000000617267
D1,0.3,0.3,0.25,0.25,2,9.5147705078125,0.4957315979094194,0.3333579191103332,0.5000000000617916
D1,0.3,0.3,0.25,0.25,2,9.524765014648438,0.4957528379013713,0.333357674611507,0.5000000000618566
D1,0.3,0.3,0.25,0.25,2,9.534759521484375,0.4957739722536197,0.3333574325441694,0.5000000000619219
D1,0.3,0.3,0.25,0.25,2,9.544754028320312,0.4957950014912448,0.3333571928841388,0.5000000000619872
D1,0.3,0.3,0.25,0.25,2,9.55474853515625,0.4958159261367267,0.3333569556074749,0.5000000000620526
D1,0.3,0.3,0.25,0.25,2,9.564743041992188,0.4958367467099451,0.3333567206904754,0.5000000000621183
D1,0.3,0.3,0.25,0.25,2,9.574737548828125,0.4958574637281957,0.3333564881096739,0.5000000000621831
D1,0.3,0.3,0.25,0.25,2,9.584732055664062,0.4958780777062076,0.3333562578418376,0.5000000000622477
D1,0.3,0.3,0.25,0.25,2,9.5947265625,0.495898589156152,0.3333560298639647,0.5000000000623124
D1,0.3,0.3,0.25,0.25,2,9.604721069335938,0.4959189985876592,0.3333558041532813,0.5000000000623774
D1,0.3,0.3,0.25,0.25,2,9.614715576171875,0.495939306507825,0.3333555806872422,0.5000000000624426
D1,0.3,0.3,0.25,0.25,2,9.624710083007812,0.4959595134212244,0.3333553594435243,0.5000000000625072
D1,0.3,0.3,0.25,0.25,2,9.63470458984375,0.4959796198299311,0.3333551404000267,0.5000000000625728
D1,0.3,0.3,0.25,0.25,2,9.644699096679688,0.4959996262335227,0.3333549235348685,0.5000000000626382
D1,0.3,0.3,0.25,0.25,2,9.654693603515625,0.4960195331291017,0.3333547088263866,0.5000000000627032
D1,0.3,0.3,0.25,0.25,2,9.664688110351562,0.4960393410112905,0.3333544962531328,0.5000000000627677
D1,0.3,0.3,0.25,0.25,2,9.6746826171875,0.4960590503722622,0.3333542857938738,0.5000000000628327
D1,0.3,0.3,0.25,0.25,2,9.684677124023438,0.4960786617017444,0.333354077427585,0.5000000000628972
D1,0.3,0.3,0.25,0.25,2,9.694671630859375,0.49609817548703,0.3333538711334535,0.5000000000629616
D1,0.3,0.3,0.25,0.25,2,9.704666137695312,0.4961175922129935,0.3333536668908716,0.5000000000630265
D1,0.3,0.3,0.25,0.25,2,9.71466064453125,0.4961369123620959,0.3333534646794376,0.5000000000630908
D1,0.3,0.3,0.25,0.25,2,9.724655151367188,0.4961561364144089,0.3333532644789522,0.5000000000631567
D1,0.3,0.3,0.25,0.25,2,9.734649658203125,0.4961752648476158,0.3333530662694167,0.5000000000632218
D1,0.3,0.3,0.25,0.25,2,9.744644165039062,0.4961942981370334,0.3333528700310315,0.5000000000632873
D1,0.3,0.3,0.25,0.25,2,9.754638671875,0.4962132367556092,0.3333526757441928,0.5000000000633521
D1,0.3,0.3,0.25,0.25,2,9.764633178710938,0.4962320811739439,0.3333524833894938,0.5000000000634168
D1,0.3,0.3,0.25,0.25,2,9.774627685546875,0.4962508318603033,0.333352292947719,0.5000000000634814
D1,0.3,0.3,0.25,0.25,2,9.784622192382812,0.4962694892806219,0.3333521043998458,0.5000000000635461
D1,0.3,0.3,0.25,0.25,2,9.79461669921875,0.4962880538985247,0.3333519177270395,0.5000000000636107
D1,0.3,0.3,0.25,0.25,2,9.804611206054688,0.496306526175333,0.3333517329106534,0.5000000000636757
D1,0.3,0.3,0.25,0.25,2,9.814605712890625,0.4963249065700741,0.333351549932225,0.500000000063741
D1,0.3,0.3,0.25,0.25,2,9.824600219726562,0.4963431955394991,0.3333513687734772,0.5000000000638056
D1,0.3,0.3,0.25,0.25,2,9.8345947265625,0.4963613935380871,0.3333511894163127,0.5000000000638711
D1,0.3,0.3,0.25,0.25,2,9.844589233398438,0.4963795010180609,0.3333510118428153,0.5000000000639362
D1,0.3,0.3,0.25,0.25,2,9.854583740234375,0.4963975184293982,0.3333508360352465,0.500000000064001
D1,0.3,0.3,0.25,0.25,2,9.864578247070312,0.4964154462198409,0.3333506619760445,0.5000000000640659
D1,0.3,0.3,0.25,0.25,2,9.87457275390625,0.4964332848349038,0.3333504896478229,0.5000000000641309
D1,0.3,0.3,0.25,0.25,2,9.884567260742188,0.496451034717892,0.3333503190333666,0.5000000000641952
D1,0.3,0.3,0.25,0.25,2,9.894561767578125,0.4964686963099056,0.333350150115633,0.5000000000642596
D1,0.3,0.3,0.25,0.25,2,9.904556274414062,0.496486270049853,0.333349982877749,0.5000000000643242
D1,0.3,0.3,0.25,0.25,2,9.91455078125,0.4965037563744705,0.3333498173030084,0.5000000000643893
D1,0.3,0.3,0.25,0.25,2,9.924545288085938,0.4965211557183148,0.333349653374872,0.5000000000644544
D1,0.3,0.3,0.25,0.25,2,9.934539794921875,0.4965384685137901,0.3333494910769642,0.5000000000645187
D1,0.3,0.3,0.25,0.25,2,9.944534301757812,0.4965556951911494,0.3333493303930734,0.5000000000645841
D1,0.3,0.3,0.25,0.25,2,9.95452880859375,0.4965728361785123,0.3333491713071474,0.5000000000646496
D1,0.3,0.3,0.25,0.25,2,9.964523315429688,0.4965898919018686,0.3333490138032953,0.5000000000647143
D1,0.3,0.3,0.25,0.25,2,9.974517822265625,0.4966068627850901,0.3333488578657836,0.5000000000647791
D1,0.3,0.3,0.25,0.25,2,9.984512329101562,0.4966237492499474,0.3333487034790347,0.5000000000648438
D1,0.3,0.3,0.25,0.25,2,9.9945068359375,0.4966405517161107,0.3333485506276276,0.5000000000649081
D1,0.3,0.3,0.25,0.25,2,10,0.496649751039778,0.333348467265986,0.5000000000649436
D2,0.3,0.3,1,1,0.5,0,0,1,0.5000000000000001
D2,0.3,0.3,1,1,0.5,0.0099945068359375,0.01054265960434152,0.8408303943194233,0.4999999999998935
D2,0.3,0.3,1,1,0.5,0.019989013671875,0.0219933986555531,0.745079080311961,0.4999999999997884
D2,0.3,0.3,1,1,0.5,0.0299835205078125,0.03403422119316494,0.6859768913218678,0.4999999999996841
D2,0.3,0.3,1,1,0.5,0.03997802734375,0.04633941367141484,0.6480435172915955,0.4999999999995816
D2,0.3,0.3,1,1,0.5,0.0499725341796875,0.05861657818798635,0.6223457538904805,0.4999999999994786
D2,0.3,0.3,1,1,0.5,0.059967041015625,0.07063343564867257,0.6037420459457132,0.4999999999993757
D2,0.3,0.3,1,1,0.5,0.0699615478515625,0.08222786595296,0.5892826818856292,0.4999999999992734
D2,0.3,0.3,1,1,0.5,0.0799560546875,0.09330423301864471,0.5772820009769093,0.4999999999991718
D2,0.3,0.3,1,1,0.5,0.0899505615234375,0.1038215503915556,0.5667811091770243,0.4999999999990709
D2,0.3,0.3,1,1,0.5,0.099945068359375,0.1137787817362494,0.5572373210611645,0.4999999999989698
D2,0.3,0.3,1,1,0.5,0.1099395751953125,0.1232009121991001,0.5483450881398244,0.4999999999988681
D2,0.3,0.3,1,1,0.5,0.11993408203125,0.1321276092824139,0.5399330695974786,0.4999999999987678
D2,0.3,0.3,1,1,0.5,0.1299285888671875,0.140604945806142,0.5319052132791526,0.4999999999986665
D2,0.3,0.3,1,1,0.5,0.139923095703125,0.1486798999007587,0.524207212420188,0.499999999998566
D2,0.3,0.3,1,1,0.5,0.1499176025390625,0.1563970444399499,0.5168075471283434,0.4999999999984654
D2,0.3,0.3,1,1,0.5,0.159912109375,0.1637968060518821,0.5096868734892323,0.4999999999983651
D2,0.3,0.3,1,1,0.5,0.1699066162109375,0.1709147659466979,0.5028321640952449,0.4999999999982643
D2,0.3,0.3,1,1,0.5,0.179901123046875,0.177781602483378,0.4962335331205119,0.4999999999981637
D2,0.3,0.3,1,1,0.5,0.1898956298828125,0.1844233950506915,0.489882563000291,0.4999999999980635
D2,0.3,0.3,1,1,0.5,0.19989013671875,0.1908621045310172,0.4837714594294538,0.4999999999979627
D2,0.3,0.3,1,1,0.5,0.2098846435546875,0.1971161154977262,0.477892654311777,0.499999999997862
D2,0.3,0.3,1,1,0.5,0.219879150390625,0.203200773243429,0.4722386439355932,0.499999999997761
D2,0.3,0.3,1,1,0.5,0.2298736572265625,0.2091288800502507,0.4668019450659665,0.4999999999976605
D2,0.3,0.3,1,1,0.5,0.2398681640625,0.2149111346605813,0.4615751055457376,0.4999999999975602
D2,0.3,0.3,1,1,0.5,0.2498626708984375,0.2205565105260381,0.4565507361415027,0.49999999999746
D2,0.3,0.3,1,1,0.5,0.259857177734375,0.2260725748934245,0.4517215469923085,0.4999999999973598
D2,0.3,0.3,1,1,0.5,0.2698516845703125,0.2314657540532721,0.4470803810017634,0.49999999999726
D2,0.3,0.3,1,1,0.5,0.27984619140625,0.2367415514065591,0.4426202412254177,0.4999999999971602
D2,0.3,0.3,1,1,0.5,0.2898406982421875,0.241904725221341,0.4383343116609884,0.4999999999970602
D2,0.3,0.3,1,1,0.5,0.299835205078125,0.2469594325688769,0.4342159719318544,0.4999999999969603
D2,0.3,0.3,1,1,0.5,0.3098297119140625,0.2519093452621228,0.4302588067695725,0.4999999999968605
D2,0.3,0.3,1,1,0.5,0.31982421875,0.256757742852678,0.4264566112828536,0.4999999999967604
D2,0.3,0.3,1,1,0.5,0.3298187255859375,0.2615075869785484,0.4228033929286742,0.4999999999966608
D2,0.3,0.3,1,1,0.5,0.339813232421875,0.2661615806480203,0.4192933709708296,0.499999999996561
D2,0.3,0.3,1,1,0.5,0.3498077392578125,0.2707222154180097,0.4159209740692711,0.4999999999964612
D2,0.3,0.3,1,1,0.5,0.35980224609375,0.275191808885367,0.4126808365119656,0.4999999999963612
D2,0.3,0.3,1,1,0.5,0.3697967529296875,0.2795725344534503,0.4095677934879026,0.4999999999962612
D2,0.3,0.3,1,1,0.5,0.379791259765625,0.2838664449569503,0.4065768757070161,0.4999999999961619
D2,0.3,0.3,1,1,0.5,0.3897857666015625,0.28807549141552,0.40370330359862,0.4999999999960616
D2,0.3,0.3,1,1,0.5,0.3997802734375,0.2922015379320232,0.4009424812618991,0.4999999999959623
D2,0.3,0.3,1,1,0.5,0.4097747802734375,0.2962463735446313,0.3982899902971795,0.4999999999958629
D2,0.3,0.3,1,1,0.5,0.419769287109375,0.3002117216757083,0.3957415836124323,0.4999999999957629
D2,0.3,0.3,1,1,0.5,0.4297637939453125,0.3040992476867957,0.393293179273507,0.4999999999956635
D2,0.3,0.3,1,1,0.5,0.43975830078125,0.307910564942493,0.3909408544470133,0.4999999999955636
D2,0.3,0.3,1,1,0.5,0.4497528076171875,0.3116472397010456,0.3886808394701368,0.4999999999954639
D2,0.3,0.3,1,1,0.5,0.459747314453125,0.3153107950819746,0.3865095120707398,0.4999999999953645
D2,0.3,0.3,1,1,0.5,0.4697418212890625,0.3189027143077313,0.3844233917529988,0.4999999999952648
D2,0.3,0.3,1,1,0.5,0.479736328125,0.3224244433740884,0.3824191343578595,0.4999999999951657
D2,0.3,0.3,1,1,0.5,0.4897308349609375,0.3258773932706889,0.3804935268031986,0.4999999999950662
D2,0.3,0.3,1,1,0.5,0.499725341796875,0.3292629418469311,0.3786434820053906,0.4999999999949665
D2,0.3,0.3,1,1,0.5,0.5097198486328125,0.3325824353977752,0.3768660339816696,0.4999999999948671
D2,0.3,0.3,1,1,0.5,0.51971435546875,0.3358371900278329,0.3751583331310369,0.4999999999947678
D2,0.3,0.3,1,1,0.5,0.5297088623046875,0.3390284928394096,0.3735176416902953,0.499999999994669
D2,0.3,0.3,1,1,0.5,0.539703369140625,0.3421576029802734,0.3719413293610195,0.4999999999945698
D2,0.3,0.3,1,1,0.5,0.5496978759765625,0.345225752579044,0.3704268691027301,0.4999999999944705
D2,0.3,0.3,1,1,0.5,0.5596923828125,0.3482341475901298,0.3689718330872198,0.4999999999943717
D2,0.3,0.3,1,1,0.5,0.5696868896484375,0.3511839685652766,0.3675738888087958,0.4999999999942725
D2,0.3,0.3,1,1,0.5,0.579681396484375,0.3540763713651787,0.3662307953451283,0.4999999999941735
D2,0.3,0.3,1,1,0.5,0.5896759033203125,0.3569124878216354,0.3649403997633816,0.4999999999940747
D2,0.3,0.3,1,1,0.5,0.59967041015625,0.3596934263585262,0.3637006336663726,0.4999999999939754
D2,0.3,0.3,1,1,0.5,0.6096649169921875,0.3624202725781087,0.3625095098735774,0.4999999999938766
D2,0.3,0.3,1,1,0.5,0.619659423828125,0.3650940898177336,0.3613651192319312,0.4999999999937775
D2,0.3,0.3,1,1,0.5,0.6296539306640625,0.3677159196810832,0.3602656275515033,0.4999999999936785
D2,0.3,0.3,1,1,0.5,0.6396484375,0.3702867825471282,0.3592092726612672,0.4999999999935794
D2,0.3,0.3,1,1,0.5,0.6496429443359375,0.3728076780593898,0.3581943615803382,0.4999999999934802
D2,0.3,0.3,1,1,0.5,0.659637451171875,0.3752795855975711,0.3572192678002269,0.4999999999933812
D2,0.3,0.3,1,1,0.5,0.6696319580078125,0.3777034647332493,0.3562824286737714,0.499999999993282
D2,0.3,0.3,1,1,0.5,0.67962646484375,0.3800802556709911,0.3553823429066209,0.4999999999931836
D2,0.3,0.3,1,1,0.5,0.6896209716796875,0.3824108796760132,0.3545175681472382,0.499999999993085
D2,0.3,0.3,1,1,0.5,0.699615478515625,0.3846962394893069,0.3536867186715907,0.4999999999929872
D2,0.3,0.3,1,1,0.5,0.7096099853515625,0.386937219731067,0.3528884631588096,0.4999999999928897
D2,0.3,0.3,1,1,0.5,0.7196044921875,0.3891346872930144,0.3521215225542502,0.4999999999927926
D2,0.3,0.3,1,1,0.5,0.7295989990234375,0.3912894917202805,0.3513846680165295,0.4999999999926955
D2,0.3,0.3,1,1,0.5,0.739593505859375,0.3934024655832578,0.3506767189452413,0.4999999999925987
D2,0.3,0.3,1,1,0.5,0.7495880126953125,0.3954744248399446,0.3499965410861775,0.4999999999925009
D2,0.3,0.3,1,1,0.5,0.75958251953125,0.3975061691891253,0.3493430447110182,0.4999999999924041
D2,0.3,0.3,1,1,0.5,0.7695770263671875,0.3994984824147634,0.348715182868551,0.4999999999923068
D2,0.3,0.3,1,1,0.5,0.779571533203125,0.4014521327219176,0.3481119497046222,0.4999999999922098
D2,0.3,0.3,1,1,0.5,0.7895660400390625,0.4033678730644933,0.3475323788481068,0.4999999999921125
D2,0.3,0.3,1,1,0.5,0.799560546875,0.4052464414650986,0.3469755418603086,0.4999999999920156
D2,0.3,0.3,1,1,0.5,0.8095550537109375,0.4070885613272592,0.346440546745292,0.4999999999919188
D2,0.3,0.3,1,1,0.5,0.819549560546875,0.4088949417402283,0.3459265365187497,0.4999999999918213
D2,0.3,0.3,1,1,0.5,0.8295440673828125,0.4106662777766531,0.3454326878331144,0.4999999999917248
D2,0.3,0.3,1,1,0.5,0.83953857421875,0.4124032507832409,0.3449582096566806,0.4999999999916279
D2,0.3,0.3,1,1,0.5,0.8495330810546875,0.4141065286647209,0.344502342004642,0.4999999999915304
D2,0.3,0.3,1,1,0.5,0.859527587890625,0.4157767661612332,0.3440643547199776,0.4999999999914336
D2,0.3,0.3,1,1,0.5,0.8695220947265625,0.4174146051193398,0.3436435463022409,0.4999999999913368
D2,0.3,0.3,1,1,0.5,0.8795166015625,0.4190206747568703,0.3432392427823653,0.4999999999912397
D2,0.3,0.3,1,1,0.5,0.8895111083984375,0.4205955919217341,0.3428507966416725,0.4999999999911428
D2,0.3,0.3,1,1,0.5,0.899505615234375,0.4221399613448888,0.3424775857733548,0.4999999999910459
D2,0.3,0.3,1,1,0.5,0.9095001220703125,0.4236543758876217,0.3421190124847505,0.4999999999909487
D2,0.3,0.3,1,1,0.5,0.91949462890625,0.4251394167832788,0.341774502538817,0.4999999999908519
D2,0.3,0.3,1,1,0.5,0.9294891357421875,0.426595653873623,0.3414435042332575,0.4999999999907547
D2,0.3,0.3,1,1,0.5,0.939483642578125,0.4280236458399296,0.3411254875158205,0.4999999999906571
D2,0.3,0.3,1,1,0.5,0.9494781494140625,0.4294239404289796,0.3408199431343529,0.4999999999905601
D2,0.3,0.3,1,1,0.5,0.95947265625,0.4307970746740766,0.3405263818202361,0.4999999999904631
D2,0.3,0.3,1,1,0.5,0.9694671630859375,0.4321435751112047,0.3402443335038958,0.499999999990366
D2,0.3,0.3,1,1,0.5,0.979461669921875,0.4334639579904935,0.3399733465611293,0.4999999999902692
D2,0.3,0.3,1,1,0.5,0.9894561767578125,0.4347587294830477,0.3397129870890256,0.4999999999901719
D2,0.3,0.3,1,1,0.5,0.99945068359375,0.4360283858833028,0.3394628382103335,0.4999999999900751
D2,0.3,0.3,1,1,0.5,1.009445190429688,0.4372734138070223,0.3392224994051411,0.4999999999899775
D2,0.3,0.3,1,1,0.5,1.019439697265625,0.4384942903850095,0.3389915858688115,0.4999999999898805
D2,0.3,0.3,1,1,0.5,1.029434204101562,0.4396914834526771,0.3387697278951232,0.4999999999897837
D2,0.3,0.3,1,1,0.5,1.0394287109375,0.4408654517355645,0.3385565702836457,0.4999999999896863
D2,0.3,0.3,1,1,0.5,1.049423217773438,0.4420166450308893,0.3383517717703798,0.4999999999895889
D2,0.3,0.3,1,1,0.5,1.059417724609375,0.443145504385243,0.3381550044807592,0.4999999999894918
D2,0.3,0.3,1,1,0.5,1.069412231445312,0.4442524622685431,0.3379659534041322,0.4999999999893944
D2,0.3,0.3,1,1,0.5,1.07940673828125,0.445337942744281,0.3377843158888776,0.4999999999892973
D2,0.3,0.3,1,1,0.5,1.089401245117188,0.4464023616362049,0.337609801157346,0.4999999999892004
D2,0.3,0.3,1,1,0.5,1.099395751953125,0.4474461266915005,0.3374421298398453,0.4999999999891038
D2,0.3,0.3,1,1,0.5,1.109390258789062,0.4484696377405605,0.337281033526929,0.4999999999890058
D2,0.3,0.3,1,1,0.5,1.119384765625,0.4494732868533974,0.3371262543392554,0.4999999999889092
D2,0.3,0.3,1,1,0.5,1.129379272460938,0.4504574584928376,0.3369775445143414,0.4999999999888117
D2,0.3,0.3,1,1,0.5,1.139373779296875,0.4514225296644924,0.3368346660095392,0.4999999999887148
D2,0.3,0.3,1,1,0.5,1.149368286132812,0.4523688700636529,0.3366973901205982,0.4999999999886175
D2,0.3,0.3,1,1,0.5,1.15936279296875,0.453296842219146,0.3365654971152043,0.4999999999885203
D2,0.3,0.3,1,1,0.5,1.169357299804688,0.4542068016342076,0.3364387758809066,0.4999999999884229
D2,0.3,0.3,1,1,0.5,1.179351806640625,0.4550990969244852,0.3363170235868624,0.499999999988326
D2,0.3,0.3,1,1,0.5,1.189346313476562,0.4559740699531889,0.3362000453588647,0.4999999999882284
D2,0.3,0.3,1,1,0.5,1.1993408203125,0.4568320559634884,0.3360876539671242,0.4999999999881318
D2,0.3,0.3,1,1,0.5,1.209335327148438,0.4576733837082008,0.3359796695263104,0.4999999999880346
D2,0.3,0.3,1,1,0.5,1.219329833984375,0.4584983755768435,0.3358759192073621,0.4999999999879374
D2,0.3,0.3,1,1,0.5,1.229324340820312,0.4593073477200854,0.3357762369606185,0.4999999999878407
D2,0.3,0.3,1,1,0.5,1.23931884765625,0.4601006101717067,0.3356804632498109,0.4999999999877434
D2,0.3,0.3,1,1,0.5,1.249313354492188,0.4608784669680477,0.3355884447964976,0.4999999999876458
D2,0.3,0.3,1,1,0.5,1.259307861328125,0.4616412162650697,0.3355000343345344,0.4999999999875487
D2,0.3,0.3,1,1,0.5,1.269302368164062,0.4623891504530502,0.3354150903741761,0.4999999999874516
D2,0.3,0.3,1,1,0.5,1.279296875,0.463122556268963,0.3353334769754401,0.4999999999873546
D2,0.3,0.3,1,1,0.5,1.289291381835938,0.4638417149065973,0.3352550635303652,0.4999999999872575
D2,0.3,0.3,1,1,0.5,1.299285888671875,0.4645469021244829,0.3351797245538165,0.4999999999871603
D2,0.3,0.3,1,1,0.5,1.309280395507812,0.4652383883516291,0.3351073394824992,0.4999999999870631
D2,0.3,0.3,1,1,0.5,1.31927490234375,0.4659164387911643,0.3350377924818621,0.4999999999869659
D2,0.3,0.3,1,1,0.5,1.329269409179688,0.4665813135219031,0.3349709722605788,0.4999999999868687
D2,0.3,0.3,1,1,0.5,1.339263916015625,0.4672332675978841,0.3349067718923088,0.499999999986772
D2,0.3,0.3,1,1,0.5,1.349258422851562,0.4678725511459378,0.3348450886444545,0.4999999999866748
D2,0.3,0.3,1,1,0.5,1.3592529296875,0.4684994094612949,0.3347858238136394,0.4999999999865775
D2,0.3,0.3,1,1,0.5,1.369247436523438,0.46911408310131,0.3347288825676403,0.4999999999864811
D2,0.3,0.3,1,1,0.5,1.379241943359375,0.4697168079773268,0.334674173793523,0.4999999999863836
D2,0.3,0.3,1,1,0.5,1.389236450195312,0.4703078154447201,0.3346216099517406,0.4999999999862867
D2,0.3,0.3,1,1,0.5,1.39923095703125,0.4708873323911552,0.3345711069359526,0.4999999999861892
D2,0.3,0.3,1,1,0.5,1.409225463867188,0.4714555813231079,0.3345225839383481,0.4999999999860917
D2,0.3,0.3,1,1,0.5,1.419219970703125,0.4720127804506794,0.334475963320251,0.499999999985995
D2,0.3,0.3,1,1,0.5,1.429214477539062,0.4725591437707387,0.3344311704878055,0.4999999999858973
D2,0.3,0.3,1,1,0.5,1.439208984375,0.473094881148417,0.3343881337725384,0.4999999999858002
D2,0.3,0.3,1,1,0.5,1.449203491210938,0.4736201983970248,0.3343467843166061,0.4999999999857034
D2,0.3,0.3,1,1,0.5,1.459197998046875,0.4741352973563658,0.3343070559625461,0.4999999999856063
D2,0.3,0.3,1,1,0.5,1.469192504882812,0.4746403759695522,0.3342688851473554,0.4999999999855088
D2,0.3,0.3,1,1,0.5,1.47918701171875,0.4751356283582794,0.3342322108007215,0.4999999999854115
D2,0.3,0.3,1,1,0.5,1.489181518554688,0.4756212448966513,0.3341969742472499,0.4999999999853149
D2,0.3,0.3,1,1,0.5,1.499176025390625,0.4760974122835399,0.3341631191125251,0.4999999999852171
D2,0.3,0.3,1,1,0.5,1.509170532226562,0.4765643136135541,0.3341305912328582,0.4999999999851205
D2,0.3,0.3,1,1,0.5,1.5191650390625,0.4770221284466081,0.3340993385685767,0.4999999999850235
D2,0.3,0.3,1,1,0.5,1.529159545898438,0.4774710328761271,0.3340693111207133,0.499999999984926
D2,0.3,0.3,1,1,0.5,1.539154052734375,0.4779111995959394,0.3340404608509661,0.4999999999848289
D2,0.3,0.3,1,1,0.5,1.549148559570312,0.4783427979658478,0.3340127416047979,0.4999999999847318
D2,0.3,0.3,1,1,0.5,1.55914306640625,0.4787659940759393,0.3339861090375521,0.4999999999846344
D2,0.3,0.3,1,1,0.5,1.569137573242188,0.4791809508096329,0.3339605205434671,0.4999999999845376
D2,0.3,0.3,1,1,0.5,1.579132080078125,0.479587827905506,0.3339359351874766,0.4999999999844404
D2,0.3,0.3,1,1,0.5,1.589126586914062,0.4799867820179193,0.3339123136396838,0.4999999999843428
D2,0.3,0.3,1,1,0.5,1.59912109375,0.4803779667764723,0.3338896181124089,0.4999999999842455
D2,0.3,0.3,1,1,0.5,1.609115600585938,0.4807615328442766,0.3338678122997005,0.4999999999841481
D2,0.3,0.3,1,1,0.5,1.619110107421875,0.4811376279751429,0.333846861319228,0.4999999999840511
D2,0.3,0.3,1,1,0.5,1.629104614257812,0.4815063970696193,0.3338267316564471,0.499999999983954
D2,0.3,0.3,1,1,0.5,1.63909912109375,0.4818679822299748,0.3338073911109563,0.4999999999838572
D2,0.3,0.3,1,1,0.5,1.649093627929688,0.4822225228140877,0.3337888087449609,0.4999999999837597
D2,0.3,0.3,1,1,0.5,1.659088134765625,0.482570155488323,0.3337709548337563,0.4999999999836627
D2,0.3,0.3,1,1,0.5,1.669082641601562,0.4829110142793664,0.3337538008181534,0.4999999999835658
D2,0.3,0.3,1,1,0.5,1.6790771484375,0.4832452306250581,0.3337373192587713,0.4999999999834682
D2,0.3,0.3,1,1,0.5,1.689071655273438,0.4835729334242521,0.3337214837921236,0.4999999999833712
D2,0.3,0.3,1,1,0.5,1.699066162109375,0.4838942490857106,0.3337062690884213,0.4999999999832744
D2,0.3,0.3,1,1,0.5,1.709060668945312,0.4842093015760435,0.3336916508110412,0.4999999999831767
D2,0.3,0.3,1,1,0.5,1.71905517578125,0.4845182124667394,0.3336776055775756,0.4999999999830796
D2,0.3,0.3,1,1,0.5,1.729049682617188,0.4848211009802764,0.3336641109224125,0.4999999999829823
D2,0.3,0.3,1,1,0.5,1.739044189453125,0.4851180840353427,0.3336511452607842,0.4999999999828856
D2,0.3,0.3,1,1,0.5,1.749038696289062,0.4854092762912048,0.3336386878542259,0.4999999999827883
D2,0.3,0.3,1,1,0.5,1.759033203125,0.4856947901911964,0.3336267187773865,0.4999999999826911
D2,0.3,0.3,1,1,0.5,1.769027709960938,0.4859747360053769,0.3336152188861463,0.499999999982594
D2,0.3,0.3,1,1,0.5,1.779022216796875,0.4862492218723825,0.3336041697869795,0.4999999999824966
D2,0.3,0.3,1,1,0.5,1.789016723632812,0.4865183538404457,0.3335935538075229,0.4999999999823998
D2,0.3,0.3,1,1,0.5,1.79901123046875,0.4867822359076458,0.3335833539682956,0.4999999999823025
D2,0.3,0.3,1,1,0.5,1.809005737304688,0.4870409700613821,0.33357355395553,0.4999999999822053
D2,0.3,0.3,1,1,0.5,1.819000244140625,0.487294656317071,0.333564138095068,0.4999999999821085
D2,0.3,0.3,1,1,0.5,1.828994750976562,0.4875433927561243,0.3335550913272781,0.4999999999820112
D2,0.3,0.3,1,1,0.5,1.8389892578125,0.4877872755631767,0.3335463991829623,0.499999999981914
D2,0.3,0.3,1,1,0.5,1.848983764648438,0.4880263990626041,0.3335380477602019,0.4999999999818169
D2,0.3,0.3,1,1,0.5,1.858978271484375,0.488260855754346,0.3335300237021146,0.4999999999817195
D2,0.3,0.3,1,1,0.5,1.868972778320312,0.4884907363490227,0.3335223141754834,0.4999999999816224
D2,0.3,0.3,1,1,0.5,1.87896728515625,0.4887161298023984,0.333514906850222,0.4999999999815252
D2,0.3,0.3,1,1,0.5,1.888961791992188,0.488937123349171,0.3335077898796492,0.4999999999814276
D2,0.3,0.3,1,1,0.5,1.898956298828125,0.4891538025361046,0.3335009518815314,0.4999999999813304
D2,0.3,0.3,1,1,0.5,1.908950805664062,0.4893662512545532,0.3334943819198738,0.4999999999812336
D2,0.3,0.3,1,1,0.5,1.9189453125,0.4895745517723157,0.3334880694874244,0.4999999999811366
D2,0.3,0.3,1,1,0.5,1.928939819335938,0.4897787847649236,0.3334820044888597,0.4999999999810388
D2,0.3,0.3,1,1,0.5,1.938934326171875,0.4899790293463013,0.3334761772246375,0.4999999999809421
D2,0.3,0.3,1,1,0.5,1.948928833007812,0.4901753630988486,0.3334705783754763,0.4999999999808449
D2,0.3,0.3,1,1,0.5,1.95892333984375,0.4903678621029368,0.3334651989874459,0.4999999999807475
D2,0.3,0.3,1,1,0.5,1.968917846679688,0.4905566009658533,0.3334600304576431,0.4999999999806504
D2,0.3,0.3,1,1,0.5,1.978912353515625,0.490741652850167,0.3334550645204294,0.499999999980554
D2,0.3,0.3,1,1,0.5,1.988906860351562,0.4909230895015722,0.333450293234206,0.4999999999804565
D2,0.3,0.3,1,1,0.5,1.9989013671875,0.4911009812761941,0.3334457089687087,0.4999999999803594
D2,0.3,0.3,1,1,0.5,2.008895874023438,0.4912753971673472,0.3334413043928037,0.4999999999802622
D2,0.3,0.3,1,1,0.5,2.018890380859375,0.4914464048318218,0.3334370724627583,0.4999999999801644
D2,0.3,0.3,1,1,0.5,2.028884887695312,0.4916140706156171,0.3334330064109714,0.4999999999800678
D2,0.3,0.3,1,1,0.5,2.03887939453125,0.4917784595792267,0.3334290997351489,0.4999999999799705
D2,0.3,0.3,1,1,0.5,2.048873901367188,0.4919396355224027,0.3334253461879013,0.4999999999798734
D2,0.3,0.3,1,1,0.5,2.058868408203125,0.4920976610084717,0.3334217397667506,0.4999999999797761
D2,0.3,0.3,1,1,0.5,2.068862915039062,0.4922525973881625,0.3334182747045265,0.4999999999796787
D2,0.3,0.3,1,1,0.5,2.078857421875,0.4924045048229906,0.3334149454601428,0.4999999999795816
D2,0.3,0.3,1,1,0.5,2.088851928710938,0.4925534423081799,0.333411746709733,0.4999999999794842
D2,0.3,0.3,1,1,0.5,2.098846435546875,0.492699467695178,0.3334086733381346,0.4999999999793872
D2,0.3,0.3,1,1,0.5,2.108840942382812,0.4928426377136817,0.3334057204307039,0.4999999999792905
D2,0.3,0.3,1,1,0.5,2.11883544921875,0.4929830079932985,0.33340288326546,0.4999999999791929
D2,0.3,0.3,1,1,0.5,2.128829956054688,0.4931206330847626,0.3334001573055261,0.4999999999790952
D2,0.3,0.3,1,1,0.5,2.138824462890625,0.4932555664807362,0.3333975381918772,0.4999999999789987
D2,0.3,0.3,1,1,0.5,2.148818969726562,0.4933878606362389,0.3333950217363628,0.4999999999789013
D2,0.3,0.3,1,1,0.5,2.1588134765625,0.49351756698866,0.3333926039150118,0.4999999999788039
D2,0.3,0.3,1,1,0.5,2.168807983398438,0.4936447359773973,0.3333902808615942,0.4999999999787065
D2,0.3,0.3,1,1,0.5,2.178802490234375,0.4937694170631256,0.3333880488614373,0.4999999999786098
D2,0.3,0.3,1,1,0.5,2.188796997070312,0.4938916587466724,0.3333859043454843,0.4999999999785124
D2,0.3,0.3,1,1,0.5,2.19879150390625,0.4940115085875648,0.3333838438845853,0.4999999999784159
D2,0.3,0.3,1,1,0.5,2.208786010742188,0.4941290132221915,0.3333818641840128,0.4999999999783184
D2,0.3,0.3,1,1,0.5,2.218780517578125,0.4942442183816242,0.3333799620781914,0.4999999999782212
D2,0.3,0.3,1,1,0.5,2.228775024414062,0.4943571689091048,0.3333781345256356,0.4999999999781236
D2,0.3,0.3,1,1,0.5,2.23876953125,0.4944679087771903,0.3333763786040844,0.4999999999780266
D2,0.3,0.3,1,1,0.5,2.248764038085938,0.4945764811045677,0.3333746915058272,0.4999999999779293
D2,0.3,0.3,1,1,0.5,2.258758544921875,0.4946829281725466,0.3333730705332143,0.4999999999778316
D2,0.3,0.3,1,1,0.5,2.268753051757812,0.4947872914412379,0.3333715130943404,0.4999999999777351
D2,0.3,0.3,1,1,0.5,2.27874755859375,0.4948896115654249,0.3333700166989008,0.4999999999776381
D2,0.3,0.3,1,1,0.5,2.288742065429688,0.4949899284101086,0.3333685789542072,0.4999999999775404
D2,0.3,0.3,1,1,0.5,2.298736572265625,0.495088281065787,0.3333671975613635,0.4999999999774433
D2,0.3,0.3,1,1,0.5,2.308731079101562,0.4951847078634187,0.3333658703115847,0.4999999999773464
D2,0.3,0.3,1,1,0.5,2.3187255859375,0.4952792463890963,0.3333645950826684,0.4999999999772489
D2,0.3,0.3,1,1,0.5,2.328720092773438,0.4953719334984573,0.3333633698355986,0.4999999999771514
D2,0.3,0.3,1,1,0.5,2.338714599609375,0.4954628053308017,0.3333621926112854,0.4999999999770547
D2,0.3,0.3,1,1,0.5,2.348709106445312,0.4955518973229383,0.3333610615274315,0.4999999999769574
D2,0.3,0.3,1,1,0.5,2.35870361328125,0.4956392442227733,0.3333599747755217,0.49999999997686
D2,0.3,0.3,1,1,0.5,2.368698120117188,0.4957248801026427,0.3333589306179315,0.4999999999767625
D2,0.3,0.3,1,1,0.5,2.378692626953125,0.4958088383723674,0.3333579273851463,0.4999999999766662
D2,0.3,0.3,1,1,0.5,2.388687133789062,0.4958911517920704,0.3333569634730938,0.4999999999765687
D2,0.3,0.3,1,1,0.5,2.398681640625,0.4959718524847532,0.3333560373405771,0.499999999976472
D2,0.3,0.3,1,1,0.5,2.408676147460938,0.4960509719486164,0.3333551475068102,0.4999999999763746
D2,0.3,0.3,1,1,0.5,2.418670654296875,0.496128541069159,0.3333542925490495,0.4999999999762775
D2,0.3,0.3,1,1,0.5,2.428665161132812,0.4962045901310265,0.3333534711003203,0.4999999999761798
D2,0.3,0.3,1,1,0.5,2.43865966796875,0.4962791488296533,0.3333526818472285,0.4999999999760827
D2,0.3,0.3,1,1,0.5,2.448654174804688,0.4963522462826575,0.333351923527862,0.4999999999759855
D2,0.3,0.3,1,1,0.5,2.458648681640625,0.496423911041032,0.3333511949297713,0.4999999999758882
D2,0.3,0.3,1,1,0.5,2.468643188476562,0.496494171100117,0.3333504948880315,0.4999999999757911
D2,0.3,0.3,1,1,0.5,2.4786376953125,0.4965630539103562,0.3333498222833778,0.4999999999756937
D2,0.3,0.3,1,1,0.5,2.488632202148438,0.4966305863878628,0.3333491760404185,0.4999999999755966
D2,0.3,0.3,1,1,0.5,2.498626708984375,0.4966967949247509,0.3333485551259129,0.4999999999754996
D2,0.3,0.3,1,1,0.5,2.508621215820312,0.4967617053993009,0.3333479585471203,0.4999999999754024
D2,0.3,0.3,1,1,0.5,2.51861572265625,0.4968253431859006,0.3333473853502098,0.4999999999753051
D2,0.3,0.3,1,1,0.5,2.528610229492188,0.4968877331648259,0.3333468346187396,0.4999999999752079
D2,0.3,0.3,1,1,0.5,2.538604736328125,0.4969488997318061,0.3333463054721885,0.4999999999751107
D2,0.3,0.3,1,1,0.5,2.548599243164062,0.4970088668074124,0.3333457970645476,0.4999999999750135
D2,0.3,0.3,1,1,0.5,2.55859375,0.4970676578462757,0.3333453085829681,0.4999999999749159
D2,0.3,0.3,1,1,0.5,2.568588256835938,0.4971252958461153,0.3333448392464617,0.4999999999748188
D2,0.3,0.3,1,1,0.5,2.578582763671875,0.4971818033565892,0.3333443883046528,0.4999999999747219
D2,0.3,0.3,1,1,0.5,2.588577270507812,0.4972372024880021,0.3333439550365757,0.4999999999746245
D2,0.3,0.3,1,1,0.5,2.59857177734375,0.4972915149198062,0.3333435387495246,0.4999999999745277
D2,0.3,0.3,1,1,0.5,2.608566284179688,0.4973447619089641,0.3333431387779446,0.4999999999744301
D2,0.3,0.3,1,1,0.5,2.618560791015625,0.4973969642981462,0.3333427544823668,0.4999999999743328
D2,0.3,0.3,1,1,0.5,2.628555297851562,0.4974481425237625,0.3333423852483872,0.4999999999742347
D2,0.3,0.3,1,1,0.5,2.6385498046875,0.4974983166238551,0.333342030485684,0.4999999999741379
D2,0.3,0.3,1,1,0.5,2.648544311523438,0.497547506245807,0.3333416896270728,0.4999999999740403
D2,0.3,0.3,1,1,0.5,2.658538818359375,0.497595730653949,0.3333413621275996,0.4999999999739432
D2,0.3,0.3,1,1,0.5,2.668533325195312,0.4976430087369745,0.3333410474636709,0.4999999999738462
D2,0.3,0.3,1,1,0.5,2.67852783203125,0.4976893590152354,0.3333407451322149,0.4999999999737487
D2,0.3,0.3,1,1,0.5,2.688522338867188,0.497734799647898,0.3333404546498778,0.4999999999736511
D2,0.3,0.3,1,1,0.5,2.698516845703125,0.497779348439946,0.3333401755522511,0.4999999999735537
D2,0.3,0.3,1,1,0.5,2.708511352539062,0.4978230228490688,0.333339907393129,0.4999999999734569
D2,0.3,0.3,1,1,0.5,2.718505859375,0.4978658399923958,0.3333396497437934,0.4999999999733595
D2,0.3,0.3,1,1,0.5,2.728500366210938,0.4979078166531098,0.3333394021923306,0.4999999999732622
D2,0.3,0.3,1,1,0.5,2.738494873046875,0.4979489692869467,0.3333391643429719,0.4999999999731652
D2,0.3,0.3,1,1,0.5,2.748489379882812,0.4979893140285422,0.3333389358154599,0.4999999999730679
D2,0.3,0.3,1,1,0.5,2.75848388671875,0.4980288666976721,0.3333387162444421,0.499999999972971
D2,0.3,0.3,1,1,0.5,2.768478393554688,0.4980676428053691,0.3333385052788845,0.4999999999728739
D2,0.3,0.3,1,1,0.5,2.778472900390625,0.4981056575599312,0.333338302581513,0.499999999972776
D2,0.3,0.3,1,1,0.5,2.788467407226562,0.4981429258728013,0.3333381078282715,0.4999999999726791
D2,0.3,0.3,1,1,0.5,2.7984619140625,0.4981794623643247,0.3333379207078068,0.4999999999725821
D2,0.3,0.3,1,1,0.5,2.808456420898438,0.4982152813694234,0.3333377409209672,0.499999999972485
D2,0.3,0.3,1,1,0.5,2.818450927734375,0.4982503969431362,0.3333375681803257,0.4999999999723878
D2,0.3,0.3,1,1,0.5,2.828445434570312,0.4982848228660606,0.3333374022097232,0.4999999999722903
D2,0.3,0.3,1,1,0.5,2.83843994140625,0.4983185726496972,0.3333372427438214,0.4999999999721928
D2,0.3,0.3,1,1,0.5,2.848434448242188,0.4983516595416678,0.3333370895276843,0.499999999972096
D2,0.3,0.3,1,1,0.5,2.858428955078125,0.4983840965308619,0.3333369423163661,0.4999999999719988
D2,0.3,0.3,1,1,0.5,2.868423461914062,0.4984158963524599,0.3333368008745213,0.4999999999719016
D2,0.3,0.3,1,1,0.5,2.87841796875,0.4984470714928692,0.33333666497603,0.4999999999718042
D2,0.3,0.3,1,1,0.5,2.888412475585938,0.49847763419457,0.3333365344036332,0.499999999971707
D2,0.3,0.3,1,1,0.5,2.898406982421875,0.4985075964608574,0.3333364089485879,0.4999999999716097
D2,0.3,0.3,1,1,0.5,2.908401489257812,0.4985369700604919,0.333336288410332,0.4999999999715125
D2,0.3,0.3,1,1,0.5,2.91839599609375,0.4985657665322677,0.3333361725961645,0.4999999999714153
D2,0.3,0.3,1,1,0.5,2.928390502929688,0.4985939971894851,0.3333360613209378,0.4999999999713185
D2,0.3,0.3,1,1,0.5,2.938385009765625,0.4986216731243477,0.3333359544067591,0.4999999999712212
D2,0.3,0.3,1,1,0.5,2.948379516601562,0.49864880521226,0.3333358516827092,0.4999999999711238
D2,0.3,0.3,1,1,0.5,2.9583740234375,0.4986754041160449,0.3333357529845667,0.4999999999710268
D2,0.3,0.3,1,1,0.5,2.968368530273438,0.4987014802900926,0.3333356581545476,0.4999999999709301
D2,0.3,0.3,1,1,0.5,2.978363037109375,0.4987270439844083,0.3333355670410511,0.4999999999708331
D2,0.3,0.3,1,1,0.5,2.988357543945312,0.4987521052485958,0.3333354794984191,0.4999999999707357
D2,0.3,0.3,1,1,0.5,2.99835205078125,0.4987766739357655,0.3333353953867012,0.4999999999706381
D2,0.3,0.3,1,1,0.5,3.008346557617188,0.4988007597063613,0.3333353145714328,0.4999999999705412
D2,0.3,0.3,1,1,0.5,3.018341064453125,0.4988243720319051,0.3333352369234206,0.499999999970444
D2,0.3,0.3,1,1,0.5,3.028335571289062,0.4988475201986848,0.333335162318531,0.4999999999703466
D2,0.3,0.3,1,1,0.5,3.038330078125,0.4988702133113639,0.3333350906374993,0.4999999999702489
D2,0.3,0.3,1,1,0.5,3.048324584960938,0.4988924602965154,0.3333350217657347,0.4999999999701517
D2,0.3,0.3,1,1,0.5,3.058319091796875,0.4989142699061007,0.3333349555931349,0.4999999999700553
D2,0.3,0.3,1,1,0.5,3.068313598632812,0.4989356507208567,0.3333348920139148,0.4999999999699579
D2,0.3,0.3,1,1,0.5,3.07830810546875,0.498956611153654,0.3333348309264356,0.4999999999698606
D2,0.3,0.3,1,1,0.5,3.088302612304688,0.4989771594527551,0.3333347722330413,0.4999999999697635
D2,0.3,0.3,1,1,0.5,3.098297119140625,0.4989973037050235,0.3333347158399032,0.4999999999696664
D2,0.3,0.3,1,1,0.5,3.108291625976562,0.4990170518390829,0.3333346616568706,0.4999999999695688
D2,0.3,0.3,1,1,0.5,3.1182861328125,0.4990364116283842,0.3333346095973253,0.4999999999694716
D2,0.3,0.3,1,1,0.5,3.128280639648438,0.4990553906942464,0.333334559578044,0.4999999999693743
D2,0.3,0.3,1,1,0.5,3.138275146484375,0.4990739965088168,0.3333345115190659,0.4999999999692767
D2,0.3,0.3,1,1,0.5,3.148269653320312,0.4990922363979861,0.3333344653435636,0.4999999999691797
D2,0.3,0.3,1,1,0.5,3.15826416015625,0.499110117544227,0.3333344209777201,0.4999999999690827
D2,0.3,0.3,1,1,0.5,3.168258666992188,0.499127646989411,0.3333343783506123,0.4999999999689859
D2,0.3,0.3,1,1,0.5,3.178253173828125,0.4991448316375369,0.3333343373940962,0.4999999999688882
D2,0.3,0.3,1,1,0.5,3.188247680664062,0.4991616782574327,0.3333342980426995,0.4999999999687903
D2,0.3,0.3,1,1,0.5,3.1982421875,0.4991781934853786,0.3333342602335147,0.4999999999686937
D2,0.3,0.3,1,1,0.5,3.208236694335938,0.4991943838277073,0.3333342239061,0.4999999999685961
D2,0.3,0.3,1,1,0.5,3.218231201171875,0.4992102556633342,0.3333341890023837,0.4999999999684991
D2,0.3,0.3,1,1,0.5,3.228225708007812,0.4992258152462427,0.3333341554665682,0.4999999999684018
D2,0.3,0.3,1,1,0.5,3.23822021484375,0.4992410687079282,0.333334123245044,0.4999999999683044
D2,0.3,0.3,1,1,0.5,3.248214721679688,0.4992560220597799,0.3333340922863018,0.499999999968207
D2,0.3,0.3,1,1,0.5,3.258209228515625,0.4992706811954339,0.3333340625408518,0.4999999999681097
D2,0.3,0.3,1,1,0.5,3.268203735351562,0.4992850518930786,0.3333340339611438,0.4999999999680123
D2,0.3,0.3,1,1,0.5,3.2781982421875,0.4992991398176847,0.3333340065014906,0.4999999999679152
D2,0.3,0.3,1,1,0.5,3.288192749023438,0.4993129505232434,0.3333339801179961,0.499999999967818
D2,0.3,0.3,1,1,0.5,3.298187255859375,0.4993264894549206,0.3333339547684845,0.4999999999677209
D2,0.3,0.3,1,1,0.5,3.308181762695312,0.4993397619511817,0.3333339304124323,0.4999999999676236
D2,0.3,0.3,1,1,0.5,3.31817626953125,0.4993527732458787,0.3333339070109048,0.4999999999675265
D2,0.3,0.3,1,1,0.5,3.328170776367188,0.4993655284702917,0.3333338845264937,0.4999999999674293
D2,0.3,0.3,1,1,0.5,3.338165283203125,0.4993780326551363,0.3333338629232551,0.4999999999673322
D2,0.3,0.3,1,1,0.5,3.348159790039062,0.4993902907325279,0.3333338421666556,0.499999999967235
D2,0.3,0.3,1,1,0.5,3.358154296875,0.4994023075379027,0.3333338222235142,0.4999999999671381
D2,0.3,0.3,1,1,0.5,3.368148803710938,0.4994140878119143,0.3333338030619509,0.4999999999670404
D2,0.3,0.3,1,1,0.5,3.378143310546875,0.4994256362022781,0.3333337846513345,0.4999999999669432
D2,0.3,0.3,1,1,0.5,3.388137817382812,0.4994369572655985,0.3333337669622349,0.499999999966846
D2,0.3,0.3,1,1,0.5,3.39813232421875,0.4994480554691403,0.3333337499663755,0.499999999966748
D2,0.3,0.3,1,1,0.5,3.408126831054688,0.4994589351925771,0.333333733636588,0.4999999999666512
D2,0.3,0.3,1,1,0.5,3.418121337890625,0.4994696007297084,0.3333337179467672,0.4999999999665541
D2,0.3,0.3,1,1,0.5,3.428115844726562,0.4994800562901293,0.3333337028718324,0.4999999999664572
D2,0.3,0.3,1,1,0.5,3.4381103515625,0.4994903060008866,0.3333336883876872,0.4999999999663599
D2,0.3,0.3,1,1,0.5,3.448104858398438,0.4995003539080894,0.3333336744711762,0.4999999999662632
D2,0.3,0.3,1,1,0.5,3.458099365234375,0.4995102039784856,0.3333336611000535,0.4999999999661658
D2,0.3,0.3,1,1,0.5,3.468093872070312,0.4995198601010271,0.3333336482529459,0.4999999999660686
D2,0.3,0.3,1,1,0.5,3.47808837890625,0.4995293260883767,0.3333336359093162,0.4999999999659713
D2,0.3,0.3,1,1,0.5,3.488082885742188,0.4995386056784088,0.3333336240494326,0.4999999999658736
D2,0.3,0.3,1,1,0.5,3.498077392578125,0.4995477025356765,0.3333336126543369,0.4999999999657761
D2,0.3,0.3,1,1,0.5,3.508071899414062,0.4995566202528343,0.3333336017058143,0.4999999999656788
D2,0.3,0.3,1,1,0.5,3.51806640625,0.4995653623520503,0.3333335911863626,0.499999999965582
D2,0.3,0.3,1,1,0.5,3.528060913085938,0.499573932286387,0.333333581079166,0.4999999999654844
D2,0.3,0.3,1,1,0.5,3.538055419921875,0.4995823334411497,0.333333571368069,0.4999999999653872
D2,0.3,0.3,1,1,0.5,3.548049926757812,0.499590569135222,0.3333335620375479,0.4999999999652903
D2,0.3,0.3,1,1,0.5,3.55804443359375,0.4995986426223524,0.3333335530726869,0.4999999999651929
D2,0.3,0.3,1,1,0.5,3.568038940429688,0.4996065570924328,0.3333335444591558,0.4999999999650959
D2,0.3,0.3,1,1,0.5,3.578033447265625,0.4996143156727562,0.3333335361831862,0.4999999999649983
D2,0.3,0.3,1,1,0.5,3.588027954101562,0.4996219214292333,0.3333335282315493,0.4999999999649017
D2,0.3,0.3,1,1,0.5,3.5980224609375,0.4996293773675964,0.3333335205915325,0.4999999999648042
D2,0.3,0.3,1,1,0.5,3.608016967773438,0.4996366864345739,0.3333335132509255,0.499999999964707
D2,0.3,0.3,1,1,0.5,3.618011474609375,0.4996438515190622,0.3333335061979928,0.4999999999646102
D2,0.3,0.3,1,1,0.5,3.628005981445312,0.4996508754532357,0.3333334994214605,0.4999999999645126
D2,0.3,0.3,1,1,0.5,3.63800048828125,0.4996577610136658,0.3333334929104967,0.4999999999644157
D2,0.3,0.3,1,1,0.5,3.647994995117188,0.4996645109224174,0.3333334866546932,0.4999999999643179
D2,0.3,0.3,1,1,0.5,3.657989501953125,0.4996711278481061,0.3333334806440506,0.4999999999642212
D2,0.3,0.3,1,1,0.5,3.667984008789062,0.4996776144069504,0.3333334748689607,0.4999999999641239
D2,0.3,0.3,1,1,0.5,3.677978515625,0.4996839731637921,0.3333334693201919,0.4999999999640264
D2,0.3,0.3,1,1,0.5,3.687973022460938,0.4996902066331148,0.3333334639888755,0.499999999963929
D2,0.3,0.3,1,1,0.5,3.697967529296875,0.4996963172800167,0.333333458866488,0.4999999999638317
D2,0.3,0.3,1,1,0.5,3.707962036132812,0.4997023075211823,0.3333334539448417,0.4999999999637342
D2,0.3,0.3,1,1,0.5,3.71795654296875,0.4997081797258379,0.3333334492160708,0.4999999999636363
D2,0.3,0.3,1,1,0.5,3.727951049804688,0.499713936216671,0.3333334446726152,0.4999999999635389
D2,0.3,0.3,1,1,0.5,3.737945556640625,0.4997195792707498,0.3333334403072131,0.4999999999634416
D2,0.3,0.3,1,1,0.5,3.747940063476562,0.499725111120411,0.3333334361128863,0.4999999999633444
D2,0.3,0.3,1,1,0.5,3.7579345703125,0.4997305339541478,0.3333334320829295,0.499999999963247
D2,0.3,0.3,1,1,0.5,3.767929077148438,0.4997358499174507,0.3333334282109026,0.4999999999631498
D2,0.3,0.3,1,1,0.5,3.777923583984375,0.4997410611136703,0.3333334244906149,0.4999999999630528
D2,0.3,0.3,1,1,0.5,3.787918090820312,0.4997461696048213,0.3333334209161202,0.4999999999629552
D2,0.3,0.3,1,1,0.5,3.79791259765625,0.4997511774124161,0.3333334174817046,0.4999999999628577
D2,0.3,0.3,1,1,0.5,3.807907104492188,0.4997560865182407,0.3333334141818791,0.4999999999627603
D2,0.3,0.3,1,1,0.5,3.817901611328125,0.4997608988651439,0.3333334110113678,0.4999999999626634
D2,0.3,0.3,1,1,0.5,3.827896118164062,0.4997656163577941,0.3333334079651044,0.4999999999625662
D2,0.3,0.3,1,1,0.5,3.837890625,0.4997702408634347,0.3333334050382184,0.4999999999624691
D2,0.3,0.3,1,1,0.5,3.847885131835938,0.4997747742126116,0.333333402226032,0.4999999999623717
D2,0.3,0.3,1,1,0.5,3.857879638671875,0.4997792181998915,0.3333333995240497,0.4999999999622746
D2,0.3,0.3,1,1,0.5,3.867874145507812,0.4997835745845779,0.3333333969279531,0.4999999999621776
D2,0.3,0.3,1,1,0.5,3.87786865234375,0.4997878450913931,0.3333333944335923,0.4999999999620806
D2,0.3,0.3,1,1,0.5,3.887863159179688,0.4997920314111586,0.3333333920369802,0.4999999999619831
D2,0.3,0.3,1,1,0.5,3.897857666015625,0.4997961352014612,0.3333333897342855,0.4999999999618864
D2,0.3,0.3,1,1,0.5,3.907852172851562,0.4998001580872981,0.3333333875218284,0.4999999999617897
D2,0.3,0.3,1,1,0.5,3.9178466796875,0.4998041016617299,0.3333333853960722,0.4999999999616924
D2,0.3,0.3,1,1,0.5,3.927841186523438,0.4998079674865002,0.3333333833536183,0.499999999961595
D2,0.3,0.3,1,1,0.5,3.937835693359375,0.4998117570926406,0.3333333813912037,0.4999999999614984
D2,0.3,0.3,1,1,0.5,3.947830200195312,0.4998154719810854,0.33333337950569,0.4999999999614012
D2,0.3,0.3,1,1,0.5,3.95782470703125,0.4998191136232664,0.333333377694064,0.4999999999613037
D2,0.3,0.3,1,1,0.5,3.967819213867188,0.49982268346167,0.333333375953431,0.4999999999612071
D2,0.3,0.3,1,1,0.5,3.977813720703125,0.4998261829104251,0.3333333742810076,0.4999999999611098
D2,0.3,0.3,1,1,0.5,3.987808227539062,0.4998296133558612,0.3333333726741205,0.499999999961012
D2,0.3,0.3,1,1,0.5,3.997802734375,0.4998329761570308,0.3333333711302023,0.4999999999609153
D2,0.3,0.3,1,1,0.5,4.007797241210938,0.4998362726462732,0.3333333696467852,0.4999999999608178
D2,0.3,0.3,1,1,0.5,4.017791748046875,0.4998395041297148,0.3333333682214971,0.4999999999607206
D2,0.3,0.3,1,1,0.5,4.027786254882812,0.4998426718878058,0.3333333668520603,0.4999999999606226
D2,0.3,0.3,1,1,0.5,4.03778076171875,0.4998457771758023,0.3333333655362871,0.4999999999605254
D2,0.3,0.3,1,1,0.5,4.047775268554688,0.4998488212242729,0.3333333642720734,0.4999999999604283
D2,0.3,0.3,1,1,0.5,4.057769775390625,0.4998518052395899,0.333333363057398,0.4999999999603297
D2,0.3,0.3,1,1,0.5,4.067764282226562,0.4998547304043852,0.3333333618903201,0.4999999999602321
D2,0.3,0.3,1,1,0.5,4.0777587890625,0.4998575978780326,0.3333333607689758,0.4999999999601349
D2,0.3,0.3,1,1,0.5,4.087753295898438,0.4998604087971023,0.3333333596915715,0.4999999999600377
D2,0.3,0.3,1,1,0.5,4.097747802734375,0.4998631642757952,0.3333333586563852,0.4999999999599394
D2,0.3,0.3,1,1,0.5,4.107742309570312,0.4998658654064048,0.3333333576617615,0.4999999999598422
D2,0.3,0.3,1,1,0.5,4.11773681640625,0.4998685132597183,0.3333333567061129,0.4999999999597449
D2,0.3,0.3,1,1,0.5,4.127731323242188,0.4998711088854726,0.3333333557879107,0.4999999999596479
D2,0.3,0.3,1,1,0.5,4.137725830078125,0.4998736533127441,0.3333333549056868,0.4999999999595501
D2,0.3,0.3,1,1,0.5,4.147720336914062,0.4998761475503579,0.3333333540580319,0.4999999999594521
D2,0.3,0.3,1,1,0.5,4.15771484375,0.4998785925872903,0.333333353243591,0.4999999999593543
D2,0.3,0.3,1,1,0.5,4.167709350585938,0.4998809893930568,0.3333333524610632,0.4999999999592564
D2,0.3,0.3,1,1,0.5,4.177703857421875,0.4998833389180916,0.3333333517091974,0.4999999999591595
D2,0.3,0.3,1,1,0.5,4.187698364257812,0.4998856420941387,0.3333333509867914,0.4999999999590614
D2,0.3,0.3,1,1,0.5,4.19769287109375,0.499887899834586,0.3333333502926905,0.4999999999589633
D2,0.3,0.3,1,1,0.5,4.207687377929688,0.4998901130348575,0.3333333496257869,0.4999999999588663
D2,0.3,0.3,1,1,0.5,4.217681884765625,0.4998922825727521,0.3333333489850141,0.4999999999587683
D2,0.3,0.3,1,1,0.5,4.227676391601562,0.4998944093087901,0.333333348369348,0.499999999958671
D2,0.3,0.3,1,1,0.5,4.2376708984375,0.4998964940865571,0.3333333477778035,0.4999999999585729
D2,0.3,0.3,1,1,0.5,4.247665405273438,0.4998985377330308,0.3333333472094364,0.499999999958475
D2,0.3,0.3,1,1,0.5,4.257659912109375,0.4999005410589127,0.3333333466633387,0.4999999999583771
D2,0.3,0.3,1,1,0.5,4.267654418945312,0.4999025048589425,0.3333333461386372,0.4999999999582797
D2,0.3,0.3,1,1,0.5,4.27764892578125,0.4999044299122199,0.3333333456344939,0.4999999999581818
D2,0.3,0.3,1,1,0.5,4.287643432617188,0.4999063169825105,0.3333333451501019,0.4999999999580841
D2,0.3,0.3,1,1,0.5,4.297637939453125,0.4999081668185377,0.3333333446846875,0.4999999999579856
D2,0.3,0.3,1,1,0.5,4.307632446289062,0.499909980154285,0.333333344237508,0.499999999957888
D2,0.3,0.3,1,1,0.5,4.317626953125,0.499911757709283,0.3333333438078484,0.4999999999577902
D2,0.3,0.3,1,1,0.5,4.327621459960938,0.4999135001889013,0.3333333433950219,0.4999999999576923
D2,0.3,0.3,1,1,0.5,4.337615966796875,0.4999152082846157,0.3333333429983691,0.4999999999575954
D2,0.3,0.3,1,1,0.5,4.347610473632812,0.4999168826742941,0.3333333426172557,0.4999999999574977
D2,0.3,0.3,1,1,0.5,4.35760498046875,0.4999185240224496,0.3333333422510726,0.4999999999574003
D2,0.3,0.3,1,1,0.5,4.367599487304688,0.499920132980517,0.3333333418992343,0.4999999999573015
D2,0.3,0.3,1,1,0.5,4.377593994140625,0.4999217101871007,0.3333333415611793,0.4999999999572036
D2,0.3,0.3,1,1,0.5,4.387588500976562,0.4999232562682212,0.3333333412363679,0.4999999999571058
D2,0.3,0.3,1,1,0.5,4.3975830078125,0.4999247718375784,0.3333333409242811,0.4999999999570083
D2,0.3,0.3,1,1,0.5,4.407577514648438,0.4999262574967892,0.3333333406244199,0.4999999999569111
D2,0.3,0.3,1,1,0.5,4.417572021484375,0.4999277138356151,0.3333333403363054,0.4999999999568142
D2,0.3,0.3,1,1,0.5,4.427566528320312,0.4999291414322081,0.3333333400594758,0.4999999999567162
D2,0.3,0.3,1,1,0.5,4.43756103515625,0.4999305408533329,0.3333333397934898,0.4999999999566184
D2,0.3,0.3,1,1,0.5,4.447555541992188,0.4999319126545843,0.3333333395379224,0.4999999999565202
D2,0.3,0.3,1,1,0.5,4.457550048828125,0.4999332573806219,0.3333333392923656,0.4999999999564219
D2,0.3,0.3,1,1,0.5,4.467544555664062,0.499934575565368,0.3333333390564268,0.4999999999563242
D2,0.3,0.3,1,1,0.5,4.4775390625,0.4999358677322336,0.3333333388297308,0.4999999999562271
D2,0.3,0.3,1,1,0.5,4.487533569335938,0.4999371343943224,0.3333333386119137,0.4999999999561304
D2,0.3,0.3,1,1,0.5,4.497528076171875,0.4999383760546231,0.3333333384026277,0.4999999999560336
D2,0.3,0.3,1,1,0.5,4.507522583007812,0.4999395932062208,0.3333333382015382,0.4999999999559362
D2,0.3,0.3,1,1,0.5,4.51751708984375,0.4999407863324837,0.3333333380083236,0.4999999999558387
D2,0.3,0.3,1,1,0.5,4.527511596679688,0.49994195590726,0.3333333378226757,0.4999999999557412
D2,0.3,0.3,1,1,0.5,4.537506103515625,0.4999431023950608,0.3333333376442971,0.4999999999556428
D2,0.3,0.3,1,1,0.5,4.547500610351562,0.4999442262512442,0.3333333374729045,0.4999999999555451
D2,0.3,0.3,1,1,0.5,4.5574951171875,0.4999453279221981,0.3333333373082233,0.4999999999554467
D2,0.3,0.3,1,1,0.5,4.567489624023438,0.4999464078455143,0.3333333371499916,0.4999999999553492
D2,0.3,0.3,1,1,0.5,4.577484130859375,0.4999474664501622,0.3333333369979561,0.4999999999552514
D2,0.3,0.3,1,1,0.5,4.587478637695312,0.4999485041566623,0.3333333368518741,0.4999999999551544
D2,0.3,0.3,1,1,0.5,4.59747314453125,0.4999495213772425,0.3333333367115123,0.4999999999550579
D2,0.3,0.3,1,1,0.5,4.607467651367188,0.4999505185160127,0.3333333365766463,0.4999999999549607
D2,0.3,0.3,1,1,0.5,4.617462158203125,0.4999514959691204,0.3333333364470598,0.4999999999548634
D2,0.3,0.3,1,1,0.5,4.627456665039062,0.4999524541249039,0.3333333363225465,0.4999999999547665
D2,0.3,0.3,1,1,0.5,4.637451171875,0.4999533933640458,0.3333333362029073,0.4999999999546686
D2,0.3,0.3,1,1,0.5,4.647445678710938,0.4999543140597297,0.333333336087951,0.4999999999545706
D2,0.3,0.3,1,1,0.5,4.657440185546875,0.4999552165777868,0.3333333359774951,0.499999999954473
D2,0.3,0.3,1,1,0.5,4.667434692382812,0.4999561012768331,0.3333333358713621,0.4999999999543748
D2,0.3,0.3,1,1,0.5,4.67742919921875,0.4999569685084167,0.3333333357693835,0.499999999954276
D2,0.3,0.3,1,1,0.5,4.687423706054688,0.4999578186171609,0.333333335671397,0.499999999954179
D2,0.3,0.3,1,1,0.5,4.697418212890625,0.4999586519408977,0.3333333355772456,0.4999999999540817
D2,0.3,0.3,1,1,0.5,4.707412719726562,0.4999594688107948,0.3333333354867795,0.4999999999539844
D2,0.3,0.3,1,1,0.5,4.7174072265625,0.4999602695514934,0.3333333353998539,0.4999999999538872
D2,0.3,0.3,1,1,0.5,4.727401733398438,0.4999610544812383,0.3333333353163302,0.4999999999537914
D2,0.3,0.3,1,1,0.5,4.737396240234375,0.4999618239119982,0.3333333352360743,0.4999999999536948
D2,0.3,0.3,1,1,0.5,4.747390747070312,0.4999625781495967,0.3333333351589584,0.4999999999535978
D2,0.3,0.3,1,1,0.5,4.75738525390625,0.4999633174938229,0.3333333350848595,0.4999999999535008
D2,0.3,0.3,1,1,0.5,4.767379760742188,0.4999640422385589,0.3333333350136589,0.4999999999534039
D2,0.3,0.3,1,1,0.5,4.777374267578125,0.4999647526718956,0.3333333349452435,0.4999999999533059
D2,0.3,0.3,1,1,0.5,4.787368774414062,0.499965449076238,0.3333333348795035,0.4999999999532084
D2,0.3,0.3,1,1,0.5,4.79736328125,0.4999661317284279,0.3333333348163345,0.4999999999531103
D2,0.3,0.3,1,1,0.5,4.807357788085938,0.4999668008998495,0.3333333347556363,0.4999999999530131
D2,0.3,0.3,1,1,0.5,4.817352294921875,0.4999674568565306,0.3333333346973109,0.4999999999529142
D2,0.3,0.3,1,1,0.5,4.827346801757812,0.4999680998592629,0.3333333346412661,0.4999999999528161
D2,0.3,0.3,1,1,0.5,4.83734130859375,0.4999687301636867,0.3333333345874136,0.4999999999527182
D2,0.3,0.3,1,1,0.5,4.847335815429688,0.4999693480204103,0.3333333345356667,0.4999999999526211
D2,0.3,0.3,1,1,0.5,4.857330322265625,0.4999699536750932,0.3333333344859423,0.4999999999525236
D2,0.3,0.3,1,1,0.5,4.867324829101562,0.4999705473685566,0.333333334438162,0.4999999999524261
D2,0.3,0.3,1,1,0.5,4.8773193359375,0.4999711293368682,0.333333334392249,0.4999999999523297
D2,0.3,0.3,1,1,0.5,4.887313842773438,0.499971699811448,0.3333333343481312,0.4999999999522328
D2,0.3,0.3,1,1,0.5,4.897308349609375,0.4999722590191442,0.3333333343057374,0.4999999999521362
D2,0.3,0.3,1,1,0.5,4.907302856445312,0.4999728071823345,0.3333333342649993,0.4999999999520396
D2,0.3,0.3,1,1,0.5,4.91729736328125,0.4999733445190159,0.3333333342258538,0.4999999999519431
D2,0.3,0.3,1,1,0.5,4.927291870117188,0.499973871242878,0.333333334188237,0.4999999999518468
D2,0.3,0.3,1,1,0.5,4.937286376953125,0.499974387563402,0.3333333341520885,0.49999999995175
D2,0.3,0.3,1,1,0.5,4.947280883789062,0.4999748936859338,0.3333333341173522,0.4999999999516531
D2,0.3,0.3,1,1,0.5,4.957275390625,0.4999753898117725,0.3333333340839709,0.499999999951556
D2,0.3,0.3,1,1,0.5,4.967269897460938,0.4999758761382462,0.3333333340518934,0.4999999999514592
D2,0.3,0.3,1,1,0.5,4.977264404296875,0.4999763528587927,0.3333333340210681,0.4999999999513622
D2,0.3,0.3,1,1,0.5,4.987258911132812,0.49997682016303,0.3333333339914447,0.4999999999512649
D2,0.3,0.3,1,1,0.5,4.99725341796875,0.4999772782368408,0.3333333339629769,0.499999999951167
D2,0.3,0.3,1,1,0.5,5.007247924804688,0.4999777272624375,0.3333333339356194,0.4999999999510691
D2,0.3,0.3,1,1,0.5,5.017242431640625,0.4999781674184395,0.3333333339093293,0.4999999999509712
D2,0.3,0.3,1,1,0.5,5.027236938476562,0.4999785988799419,0.3333333338840642,0.4999999999508738
D2,0.3,0.3,1,1,0.5,5.0372314453125,0.4999790218185917,0.333333333859784,0.4999999999507758
D2,0.3,0.3,1,1,0.5,5.047225952148438,0.4999794364026432,0.3333333338364497,0.4999999999506775
D2,0.3,0.3,1,1,0.5,5.057220458984375,0.4999798427970372,0.3333333338140246,0.4999999999505793
D2,0.3,0.3,1,1,0.5,5.067214965820312,0.4999802411634532,0.3333333337924737,0.4999999999504813
D2,0.3,0.3,1,1,0.5,5.07720947265625,0.4999806316603874,0.333333333771763,0.4999999999503837
D2,0.3,0.3,1,1,0.5,5.087203979492188,0.4999810144432092,0.3333333337518588,0.4999999999502863
D2,0.3,0.3,1,1,0.5,5.097198486328125,0.4999813896642181,0.3333333337327294,0.4999999999501888
D2,0.3,0.3,1,1,0.5,5.107192993164062,0.4999817574727124,0.3333333337143453,0.4999999999500918
D2,0.3,0.3,1,1,0.5,5.1171875,0.4999821180150487,0.3333333336966761,0.4999999999499943
D2,0.3,0.3,1,1,0.5,5.127182006835938,0.4999824714346898,0.3333333336796945,0.4999999999498974
D2,0.3,0.3,1,1,0.5,5.137176513671875,0.499982817872268,0.3333333336633736,0.4999999999498007
D2,0.3,0.3,1,1,0.5,5.147171020507812,0.4999831574656426,0.3333333336476878,0.499999999949704
D2,0.3,0.3,1,1,0.5,5.15716552734375,0.4999834903499563,0.3333333336326111,0.4999999999496071
D2,0.3,0.3,1,1,0.5,5.167160034179688,0.49998381665768,0.333333333618121,0.4999999999495107
D2,0.3,0.3,1,1,0.5,5.177154541015625,0.4999841365186735,0.3333333336041938,0.4999999999494144
D2,0.3,0.3,1,1,0.5,5.187149047851562,0.499984450060235,0.333333333590807,0.4999999999493177
D2,0.3,0.3,1,1,0.5,5.1971435546875,0.4999847574071458,0.3333333335779406,0.499999999949222
D2,0.3,0.3,1,1,0.5,5.207138061523438,0.4999850586817338,0.3333333335655732,0.4999999999491259
D2,0.3,0.3,1,1,0.5,5.217132568359375,0.4999853540039073,0.3333333335536856,0.4999999999490298
D2,0.3,0.3,1,1,0.5,5.227127075195312,0.4999856434912122,0.3333333335422584,0.4999999999489333
D2,0.3,0.3,1,1,0.5,5.23712158203125,0.4999859272588641,0.3333333335312737,0.499999999948837
D2,0.3,0.3,1,1,0.5,5.247116088867188,0.4999862054198181,0.3333333335207141,0.4999999999487401
D2,0.3,0.3,1,1,0.5,5.257110595703125,0.4999864780847917,0.3333333335105635,0.4999999999486434
D2,0.3,0.3,1,1,0.5,5.267105102539062,0.4999867453623237,0.3333333335008055,0.4999999999485469
D2,0.3,0.3,1,1,0.5,5.277099609375,0.4999870073588067,0.3333333334914239,0.4999999999484497
D2,0.3,0.3,1,1,0.5,5.287094116210938,0.4999872641785332,0.3333333334824061,0.4999999999483525
D2,0.3,0.3,1,1,0.5,5.297088623046875,0.4999875159237416,0.3333333334737362,0.4999999999482559
D2,0.3,0.3,1,1,0.5,5.307083129882812,0.4999877626946448,0.3333333334654009,0.4999999999481588
D2,0.3,0.3,1,1,0.5,5.31707763671875,0.4999880045894884,0.3333333334573872,0.4999999999480618
D2,0.3,0.3,1,1,0.5,5.327072143554688,0.499988241704571,0.3333333334496825,0.4999999999479648
D2,0.3,0.3,1,1,0.5,5.337066650390625,0.4999884741342948,0.333333333442274,0.4999999999478679
D2,0.3,0.3,1,1,0.5,5.347061157226562,0.4999887019711931,0.3333333334351507,0.4999999999477704
D2,0.3,0.3,1,1,0.5,5.3570556640625,0.4999889253059793,0.3333333334283011,0.4999999999476721
D2,0.3,0.3,1,1,0.5,5.367050170898438,0.4999891442275725,0.3333333334217149,0.4999999999475752
D2,0.3,0.3,1,1,0.5,5.377044677734375,0.4999893588231404,0.3333333334153815,0.4999999999474767
D2,0.3,0.3,1,1,0.5,5.387039184570312,0.4999895691781249,0.3333333334092916,0.4999999999473796
D2,0.3,0.3,1,1,0.5,5.39703369140625,0.4999897753762835,0.3333333334034354,0.4999999999472817
D2,0.3,0.3,1,1,0.5,5.407028198242188,0.4999899774997232,0.3333333333978032,0.499999999947184
D2,0.3,0.3,1,1,0.5,5.417022705078125,0.4999901756289282,0.3333333333923865,0.4999999999470866
D2,0.3,0.3,1,1,0.5,5.427017211914062,0.4999903698427937,0.3333333333871771,0.4999999999469884
D2,0.3,0.3,1,1,0.5,5.43701171875,0.4999905602186534,0.3333333333821665,0.4999999999468909
D2,0.3,0.3,1,1,0.5,5.447006225585938,0.4999907468323221,0.3333333333773468,0.4999999999467927
D2,0.3,0.3,1,1,0.5,5.457000732421875,0.4999909297581128,0.3333333333727102,0.4999999999466938
D2,0.3,0.3,1,1,0.5,5.466995239257812,0.4999911090688715,0.3333333333682502,0.4999999999465958
D2,0.3,0.3,1,1,0.5,5.47698974609375,0.4999912848360112,0.3333333333639602,0.4999999999464972
D2,0.3,0.3,1,1,0.5,5.486984252929688,0.4999914571295297,0.3333333333598335,0.4999999999463989
D2,0.3,0.3,1,1,0.5,5.496978759765625,0.4999916260180445,0.3333333333558633,0.4999999999463006
D2,0.3,0.3,1,1,0.5,5.506973266601562,0.499991791568819,0.3333333333520435,0.4999999999462024
D2,0.3,0.3,1,1,0.5,5.5169677734375,0.4999919538477883,0.3333333333483688,0.4999999999461045
D2,0.3,0.3,1,1,0.5,5.526962280273438,0.499992112919583,0.3333333333448331,0.4999999999460069
D2,0.3,0.3,1,1,0.5,5.536956787109375,0.4999922688475607,0.3333333333414309,0.4999999999459094
D2,0.3,0.3,1,1,0.5,5.546951293945312,0.4999924216938363,0.3333333333381576,0.4999999999458123
D2,0.3,0.3,1,1,0.5,5.55694580078125,0.4999925715192788,0.3333333333350072,0.4999999999457146
D2,0.3,0.3,1,1,0.5,5.566940307617188,0.4999927183835709,0.3333333333319753,0.4999999999456179
D2,0.3,0.3,1,1,0.5,5.576934814453125,0.4999928623452125,0.3333333333290571,0.4999999999455201
D2,0.3,0.3,1,1,0.5,5.586929321289062,0.4999930034615468,0.3333333333262484,0.4999999999454228
D2,0.3,0.3,1,1,0.5,5.596923828125,0.4999931417887899,0.3333333333235443,0.4999999999453251
D2,0.3,0.3,1,1,0.5,5.606918334960938,0.4999932773820392,0.3333333333209411,0.4999999999452279
D2,0.3,0.3,1,1,0.5,5.616912841796875,0.4999934102953108,0.3333333333184345,0.4999999999451301
D2,0.3,0.3,1,1,0.5,5.626907348632812,0.4999935405815538,0.3333333333160218,0.4999999999450331
D2,0.3,0.3,1,1,0.5,5.63690185546875,0.4999936682926688,0.3333333333136982,0.4999999999449359
D2,0.3,0.3,1,1,0.5,5.646896362304688,0.4999937934795337,0.33333333331146,0.4999999999448379
D2,0.3,0.3,1,1,0.5,5.656890869140625,0.4999939161920225,0.3333333333093052,0.4999999999447406
D2,0.3,0.3,1,1,0.5,5.666885375976562,0.4999940364790219,0.3333333333072295,0.4999999999446434
D2,0.3,0.3,1,1,0.5,5.6768798828125,0.4999941543884552,0.3333333333052307,0.4999999999445463
D2,0.3,0.3,1,1,0.5,5.686874389648438,0.4999942699672949,0.3333333333033051,0.4999999999444493
D2,0.3,0.3,1,1,0.5,5.696868896484375,0.4999943832615946,0.3333333333014497,0.4999999999443519
D2,0.3,0.3,1,1,0.5,5.706863403320312,0.4999944943164915,0.3333333332996625,0.4999999999442556
D2,0.3,0.3,1,1,0.5,5.71685791015625,0.4999946031762321,0.3333333332979403,0.4999999999441584
D2,0.3,0.3,1,1,0.5,5.726852416992188,0.4999947098841918,0.3333333332962807,0.499999999944062
D2,0.3,0.3,1,1,0.5,5.736846923828125,0.4999948144828873,0.3333333332946802,0.4999999999439647
D2,0.3,0.3,1,1,0.5,5.746841430664062,0.4999949170139953,0.3333333332931378,0.4999999999438678
D2,0.3,0.3,1,1,0.5,5.7568359375,0.4999950175183712,0.3333333332916507,0.4999999999437707
D2,0.3,0.3,1,1,0.5,5.766830444335938,0.4999951160360618,0.3333333332902174,0.4999999999436743
D2,0.3,0.3,1,1,0.5,5.776824951171875,0.4999952126063231,0.3333333332888346,0.4999999999435772
D2,0.3,0.3,1,1,0.5,5.786819458007812,0.4999953072676407,0.3333333332875015,0.499999999943481
D2,0.3,0.3,1,1,0.5,5.79681396484375,0.4999954000577312,0.333333333286215,0.4999999999433837
D2,0.3,0.3,1,1,0.5,5.806808471679688,0.4999954910135741,0.3333333332849741,0.4999999999432869
D2,0.3,0.3,1,1,0.5,5.816802978515625,0.4999955801714118,0.3333333332837767,0.4999999999431902
D2,0.3,0.3,1,1,0.5,5.826797485351562,0.4999956675667755,0.3333333332826216,0.4999999999430932
D2,0.3,0.3,1,1,0.5,5.8367919921875,0.4999957532344934,0.3333333332815065,0.4999999999429972
D2,0.3,0.3,1,1,0.5,5.846786499023438,0.4999958372087077,0.3333333332804303,0.4999999999429001
D2,0.3,0.3,1,1,0.5,5.856781005859375,0.4999959195228812,0.333333333279391,0.4999999999428039
D2,0.3,0.3,1,1,0.5,5.866775512695312,0.4999960002098211,0.3333333332783877,0.4999999999427073
D2,0.3,0.3,1,1,0.5,5.87677001953125,0.4999960793016845,0.3333333332774188,0.4999999999426111
D2,0.3,0.3,1,1,0.5,5.886764526367188,0.4999961568299924,0.3333333332764826,0.4999999999425142
D2,0.3,0.3,1,1,0.5,5.896759033203125,0.4999962328256448,0.3333333332755786,0.4999999999424183
D2,0.3,0.3,1,1,0.5,5.906753540039062,0.4999963073189296,0.3333333332747045,0.4999999999423216
D2,0.3,0.3,1,1,0.5,5.916748046875,0.499996380339539,0.3333333332738601,0.4999999999422252
D2,0.3,0.3,1,1,0.5,5.926742553710938,0.4999964519165745,0.3333333332730437,0.499999999942129
D2,0.3,0.3,1,1,0.5,5.936737060546875,0.499996522078566,0.3333333332722543,0.4999999999420334
D2,0.3,0.3,1,1,0.5,5.946731567382812,0.4999965908534799,0.3333333332714913,0.4999999999419374
D2,0.3,0.3,1,1,0.5,5.95672607421875,0.4999966582687277,0.3333333332707528,0.499999999941841
D2,0.3,0.3,1,1,0.5,5.966720581054688,0.499996724351182,0.333333333270038,0.499999999941745
D2,0.3,0.3,1,1,0.5,5.976715087890625,0.4999967891271808,0.3333333332693466,0.4999999999416489
D2,0.3,0.3,1,1,0.5,5.986709594726562,0.499996852622549,0.3333333332686769,0.4999999999415528
D2,0.3,0.3,1,1,0.5,5.9967041015625,0.4999969148625931,0.3333333332680289,0.4999999999414573
D2,0.3,0.3,1,1,0.5,6.006698608398438,0.4999969758721271,0.3333333332674016,0.4999999999413607
D2,0.3,0.3,1,1,0.5,6.016693115234375,0.4999970356754704,0.3333333332667934,0.4999999999412653
D2,0.3,0.3,1,1,0.5,6.026687622070312,0.4999970942964589,0.3333333332662038,0.4999999999411696
D2,0.3,0.3,1,1,0.5,6.03668212890625,0.4999971517584625,0.3333333332656323,0.4999999999410729
D2,0.3,0.3,1,1,0.5,6.046676635742188,0.4999972080843885,0.3333333332650785,0.499999999940977
D2,0.3,0.3,1,1,0.5,6.056671142578125,0.4999972632966938,0.3333333332645416,0.4999999999408816
D2,0.3,0.3,1,1,0.5,6.066665649414062,0.4999973174173857,0.3333333332640207,0.4999999999407855
D2,0.3,0.3,1,1,0.5,6.07666015625,0.4999973704680425,0.3333333332635146,0.4999999999406896
D2,0.3,0.3,1,1,0.5,6.086654663085938,0.4999974224698115,0.3333333332630239,0.4999999999405938
D2,0.3,0.3,1,1,0.5,6.096649169921875,0.4999974734434249,0.3333333332625478,0.4999999999404982
D2,0.3,0.3,1,1,0.5,6.106643676757812,0.4999975234092068,0.3333333332620845,0.4999999999404019
D2,0.3,0.3,1,1,0.5,6.11663818359375,0.4999975723870754,0.3333333332616338,0.4999999999403056
D2,0.3,0.3,1,1,0.5,6.126632690429688,0.4999976203965608,0.3333333332611963,0.4999999999402093
D2,0.3,0.3,1,1,0.5,6.136627197265625,0.4999976674568025,0.3333333332607704,0.499999999940113
D2,0.3,0.3,1,1,0.5,6.146621704101562,0.4999977135865628,0.3333333332603561,0.4999999999400163
D2,0.3,0.3,1,1,0.5,6.1566162109375,0.4999977588042351,0.333333333259953,0.4999999999399196
D2,0.3,0.3,1,1,0.5,6.166610717773438,0.4999978031278463,0.3333333332595609,0.4999999999398238
D2,0.3,0.3,1,1,0.5,6.176605224609375,0.4999978465750727,0.3333333332591787,0.4999999999397268
D2,0.3,0.3,1,1,0.5,6.186599731445312,0.4999978891632368,0.3333333332588067,0.49999999993963
D2,0.3,0.3,1,1,0.5,6.19659423828125,0.4999979309093172,0.3333333332584436,0.4999999999395333
D2,0.3,0.3,1,1,0.5,6.206588745117188,0.4999979718299593,0.3333333332580901,0.4999999999394369
D2,0.3,0.3,1,1,0.5,6.216583251953125,0.499998011941481,0.3333333332577452,0.4999999999393399
D2,0.3,0.3,1,1,0.5,6.226577758789062,0.4999980512598755,0.3333333332574095,0.4999999999392434
D2,0.3,0.3,1,1,0.5,6.236572265625,0.4999980898008237,0.3333333332570814,0.4999999999391466
D2,0.3,0.3,1,1,0.5,6.246566772460938,0.4999981275796924,0.3333333332567612,0.4999999999390505
D2,0.3,0.3,1,1,0.5,6.256561279296875,0.4999981646115454,0.3333333332564486,0.4999999999389539
D2,0.3,0.3,1,1,0.5,6.266555786132812,0.4999982009111526,0.3333333332561429,0.4999999999388572
D2,0.3,0.3,1,1,0.5,6.27655029296875,0.4999982364929854,0.3333333332558435,0.4999999999387602
D2,0.3,0.3,1,1,0.5,6.286544799804688,0.4999982713712346,0.3333333332555516,0.4999999999386636
D2,0.3,0.3,1,1,0.5,6.296539306640625,0.4999983055598082,0.3333333332552658,0.4999999999385666
D2,0.3,0.3,1,1,0.5,6.306533813476562,0.4999983390723415,0.333333333254986,0.4999999999384697
D2,0.3,0.3,1,1,0.5,6.3165283203125,0.4999983719221976,0.3333333332547123,0.4999999999383729
D2,0.3,0.3,1,1,0.5,6.326522827148438,0.499998404122478,0.333333333254444,0.4999999999382763
D2,0.3,0.3,1,1,0.5,6.336517333984375,0.4999984356860246,0.3333333332541811,0.499999999938179
D2,0.3,0.3,1,1,0.5,6.346511840820312,0.4999984666254245,0.3333333332539238,0.4999999999380825
D2,0.3,0.3,1,1,0.5,6.35650634765625,0.4999984969530156,0.3333333332536715,0.4999999999379858
D2,0.3,0.3,1,1,0.5,6.366500854492188,0.4999985266808941,0.3333333332534236,0.4999999999378887
D2,0.3,0.3,1,1,0.5,6.376495361328125,0.4999985558209156,0.3333333332531809,0.4999999999377922
D2,0.3,0.3,1,1,0.5,6.386489868164062,0.4999985843847019,0.3333333332529422,0.4999999999376955
D2,0.3,0.3,1,1,0.5,6.396484375,0.4999986123836441,0.3333333332527085,0.4999999999375986
D2,0.3,0.3,1,1,0.5,6.406478881835938,0.4999986398289119,0.3333333332524786,0.499999999937502
D2,0.3,0.3,1,1,0.5,6.416473388671875,0.4999986667314494,0.333333333252252,0.4999999999374049
D2,0.3,0.3,1,1,0.5,6.426467895507812,0.4999986931019859,0.3333333332520297,0.499999999937308
D2,0.3,0.3,1,1,0.5,6.43646240234375,0.4999987189510419,0.3333333332518106,0.4999999999372109
D2,0.3,0.3,1,1,0.5,6.446456909179688,0.4999987442889242,0.3333333332515951,0.499999999937114
D2,0.3,0.3,1,1,0.5,6.456451416015625,0.49999876912574,0.3333333332513835,0.4999999999370173
D2,0.3,0.3,1,1,0.5,6.466445922851562,0.4999987934713971,0.3333333332511748,0.4999999999369198
D2,0.3,0.3,1,1,0.5,6.4764404296875,0.499998817335604,0.3333333332509696,0.4999999999368236
D2,0.3,0.3,1,1,0.5,6.486434936523438,0.499998840727879,0.3333333332507674,0.499999999936727
D2,0.3,0.3,1,1,0.5,6.496429443359375,0.4999988636575547,0.3333333332505675,0.4999999999366296
D2,0.3,0.3,1,1,0.5,6.506423950195312,0.499998886133779,0.333333333250371,0.4999999999365331
D2,0.3,0.3,1,1,0.5,6.51641845703125,0.4999989081655138,0.3333333332501774,0.4999999999364371
D2,0.3,0.3,1,1,0.5,6.526412963867188,0.499998929761545,0.3333333332499852,0.4999999999363398
D2,0.3,0.3,1,1,0.5,6.536407470703125,0.4999989509304931,0.3333333332497957,0.4999999999362425
D2,0.3,0.3,1,1,0.5,6.546401977539062,0.4999989716807996,0.3333333332496091,0.4999999999361456
D2,0.3,0.3,1,1,0.5,6.556396484375,0.4999989920207422,0.3333333332494247,0.499999999936049
D2,0.3,0.3,1,1,0.5,6.566390991210938,0.4999990119584338,0.3333333332492429,0.4999999999359526
D2,0.3,0.3,1,1,0.5,6.576385498046875,0.4999990315018268,0.3333333332490624,0.4999999999358558
D2,0.3,0.3,1,1,0.5,6.586380004882812,0.4999990506587219,0.3333333332488839,0.4999999999357588
D2,0.3,0.3,1,1,0.5,6.59637451171875,0.4999990694367553,0.3333333332487074,0.499999999935662
D2,0.3,0.3,1,1,0.5,6.606369018554688,0.4999990878434208,0.3333333332485336,0.4999999999355654
D2,0.3,0.3,1,1,0.5,6.616363525390625,0.4999991058860604,0.3333333332483609,0.4999999999354685
D2,0.3,0.3,1,1,0.5,6.626358032226562,0.499999123571872,0.3333333332481898,0.4999999999353718
D2,0.3,0.3,1,1,0.5,6.6363525390625,0.4999991409079109,0.3333333332480211,0.4999999999352755
D2,0.3,0.3,1,1,0.5,6.646347045898438,0.4999991579010947,0.3333333332478537,0.4999999999351792
D2,0.3,0.3,1,1,0.5,6.656341552734375,0.4999991745582012,0.3333333332476872,0.499999999935082
D2,0.3,0.3,1,1,0.5,6.666336059570312,0.4999991908858764,0.3333333332475228,0.4999999999349852
D2,0.3,0.3,1,1,0.5,6.67633056640625,0.4999992068906331,0.3333333332473594,0.4999999999348888
D2,0.3,0.3,1,1,0.5,6.686325073242188,0.499999222578857,0.3333333332471971,0.4999999999347921
D2,0.3,0.3,1,1,0.5,6.696319580078125,0.4999992379568083,0.3333333332470368,0.4999999999346947
D2,0.3,0.3,1,1,0.5,6.706314086914062,0.4999992530306185,0.3333333332468777,0.4999999999345986
D2,0.3,0.3,1,1,0.5,6.71630859375,0.4999992678063047,0.3333333332467194,0.4999999999345021
D2,0.3,0.3,1,1,0.5,6.726303100585938,0.4999992822897623,0.3333333332465632,0.4999999999344055
D2,0.3,0.3,1,1,0.5,6.736297607421875,0.4999992964867677,0.3333333332464073,0.499999999934309
D2,0.3,0.3,1,1,0.5,6.746292114257812,0.4999993104029872,0.3333333332462523,0.499999999934212
D2,0.3,0.3,1,1,0.5,6.75628662109375,0.4999993240439719,0.3333333332460984,0.4999999999341156
D2,0.3,0.3,1,1,0.5,6.766281127929688,0.4999993374151641,0.3333333332459458,0.4999999999340194
D2,0.3,0.3,1,1,0.5,6.776275634765625,0.4999993505218995,0.3333333332457932,0.4999999999339222
D2,0.3,0.3,1,1,0.5,6.786270141601562,0.4999993633694064,0.3333333332456432,0.4999999999338263
D2,0.3,0.3,1,1,0.5,6.7962646484375,0.4999993759628125,0.3333333332454934,0.4999999999337297
D2,0.3,0.3,1,1,0.5,6.806259155273438,0.4999993883071412,0.3333333332453443,0.499999999933633
D2,0.3,0.3,1,1,0.5,6.816253662109375,0.4999994004073177,0.3333333332451958,0.4999999999335361
D2,0.3,0.3,1,1,0.5,6.826248168945312,0.4999994122681711,0.3333333332450477,0.4999999999334394
D2,0.3,0.3,1,1,0.5,6.83624267578125,0.4999994238944335,0.3333333332449009,0.4999999999333427
D2,0.3,0.3,1,1,0.5,6.846237182617188,0.4999994352907445,0.3333333332447546,0.4999999999332465
D2,0.3,0.3,1,1,0.5,6.856231689453125,0.4999994464616511,0.3333333332446086,0.4999999999331495
D2,0.3,0.3,1,1,0.5,6.866226196289062,0.4999994574116108,0.3333333332444634,0.4999999999330523
D2,0.3,0.3,1,1,0.5,6.876220703125,0.4999994681449902,0.3333333332443187,0.4999999999329554
D2,0.3,0.3,1,1,0.5,6.886215209960938,0.4999994786660764,0.3333333332441746,0.4999999999328583
D2,0.3,0.3,1,1,0.5,6.896209716796875,0.4999994889790663,0.3333333332440309,0.4999999999327616
D2,0.3,0.3,1,1,0.5,6.906204223632812,0.4999994990880749,0.3333333332438879,0.4999999999326646
D2,0.3,0.3,1,1,0.5,6.91619873046875,0.4999995089971348,0.3333333332437457,0.4999999999325677
D2,0.3,0.3,1,1,0.5,6.926193237304688,0.4999995187101998,0.3333333332436035,0.4999999999324704
D2,0.3,0.3,1,1,0.5,6.936187744140625,0.4999995282311486,0.3333333332434624,0.499999999932374
D2,0.3,0.3,1,1,0.5,6.946182250976562,0.499999537563778,0.3333333332433211,0.4999999999322766
D2,0.3,0.3,1,1,0.5,6.9561767578125,0.4999995467118136,0.3333333332431805,0.4999999999321795
D2,0.3,0.3,1,1,0.5,6.966171264648438,0.4999995556789044,0.3333333332430408,0.4999999999320827
D2,0.3,0.3,1,1,0.5,6.976165771484375,0.4999995644686306,0.3333333332429006,0.4999999999319854
D2,0.3,0.3,1,1,0.5,6.986160278320312,0.4999995730844971,0.3333333332427614,0.4999999999318883
D2,0.3,0.3,1,1,0.5,6.99615478515625,0.4999995815299468,0.3333333332426227,0.4999999999317914
D2,0.3,0.3,1,1,0.5,7.006149291992188,0.4999995898083462,0.3333333332424839,0.4999999999316941
D2,0.3,0.3,1,1,0.5,7.016143798828125,0.4999995979229993,0.3333333332423455,0.4999999999315973
D2,0.3,0.3,1,1,0.5,7.026138305664062,0.4999996058771466,0.3333333332422082,0.4999999999315005
D2,0.3,0.3,1,1,0.5,7.0361328125,0.4999996136739593,0.3333333332420708,0.4999999999314035
D2,0.3,0.3,1,1,0.5,7.046127319335938,0.4999996213165519,0.3333333332419331,0.4999999999313062
D2,0.3,0.3,1,1,0.5,7.056121826171875,0.4999996288079732,0.3333333332417964,0.4999999999312095
D2,0.3,0.3,1,1,0.5,7.066116333007812,0.4999996361512115,0.3333333332416601,0.4999999999311128
D2,0.3,0.3,1,1,0.5,7.07611083984375,0.4999996433491986,0.3333333332415239,0.4999999999310151
D2,0.3,0.3,1,1,0.5,7.086105346679688,0.4999996504048068,0.3333333332413878,0.4999999999309183
D2,0.3,0.3,1,1,0.5,7.096099853515625,0.4999996573208528,0.3333333332412524,0.4999999999308216
D2,0.3,0.3,1,1,0.5,7.106094360351562,0.4999996641000967,0.3333333332411171,0.499999999930725
D2,0.3,0.3,1,1,0.5,7.1160888671875,0.4999996707452429,0.3333333332409821,0.4999999999306285
D2,0.3,0.3,1,1,0.5,7.126083374023438,0.4999996772589462,0.3333333332408468,0.4999999999305308
D2,0.3,0.3,1,1,0.5,7.136077880859375,0.4999996836438031,0.3333333332407121,0.499999999930434
D2,0.3,0.3,1,1,0.5,7.146072387695312,0.4999996899023645,0.3333333332405778,0.4999999999303372
D2,0.3,0.3,1,1,0.5,7.15606689453125,0.4999996960371257,0.333333333240444,0.4999999999302405
D2,0.3,0.3,1,1,0.5,7.166061401367188,0.4999997020505368,0.3333333332403093,0.4999999999301429
D2,0.3,0.3,1,1,0.5,7.176055908203125,0.4999997079449975,0.3333333332401748,0.4999999999300458
D2,0.3,0.3,1,1,0.5,7.186050415039062,0.4999997137228592,0.3333333332400409,0.4999999999299485
D2,0.3,0.3,1,1,0.5,7.196044921875,0.4999997193864296,0.3333333332399075,0.4999999999298514
D2,0.3,0.3,1,1,0.5,7.206039428710938,0.4999997249379678,0.3333333332397748,0.4999999999297552
D2,0.3,0.3,1,1,0.5,7.216033935546875,0.49999973037969,0.3333333332396413,0.4999999999296584
D2,0.3,0.3,1,1,0.5,7.226028442382812,0.4999997357137706,0.3333333332395075,0.4999999999295602
D2,0.3,0.3,1,1,0.5,7.23602294921875,0.4999997409423351,0.3333333332393746,0.499999999929464
D2,0.3,0.3,1,1,0.5,7.246017456054688,0.4999997460674726,0.3333333332392419,0.4999999999293667
D2,0.3,0.3,1,1,0.5,7.256011962890625,0.4999997510912283,0.3333333332391084,0.4999999999292696
D2,0.3,0.3,1,1,0.5,7.266006469726562,0.4999997560156057,0.3333333332389763,0.4999999999291726
D2,0.3,0.3,1,1,0.5,7.2760009765625,0.4999997608425718,0.3333333332388444,0.499999999929076
D2,0.3,0.3,1,1,0.5,7.285995483398438,0.4999997655740541,0.3333333332387117,0.499999999928979
D2,0.3,0.3,1,1,0.5,7.295989990234375,0.49999977021194,0.3333333332385795,0.4999999999288818
D2,0.3,0.3,1,1,0.5,7.305984497070312,0.4999997747580794,0.3333333332384476,0.4999999999287849
D2,0.3,0.3,1,1,0.5,7.31597900390625,0.4999997792142907,0.3333333332383159,0.4999999999286882
D2,0.3,0.3,1,1,0.5,7.325973510742188,0.499999783582351,0.3333333332381839,0.4999999999285915
D2,0.3,0.3,1,1,0.5,7.335968017578125,0.4999997878640062,0.333333333238052,0.499999999928494
D2,0.3,0.3,1,1,0.5,7.345962524414062,0.4999997920609573,0.3333333332379205,0.4999999999283973
D2,0.3,0.3,1,1,0.5,7.35595703125,0.4999997961748848,0.3333333332377887,0.4999999999282999
D2,0.3,0.3,1,1,0.5,7.365951538085938,0.4999998002074323,0.3333333332376571,0.4999999999282029
D2,0.3,0.3,1,1,0.5,7.375946044921875,0.4999998041602063,0.3333333332375257,0.4999999999281061
D2,0.3,0.3,1,1,0.5,7.385940551757812,0.4999998080347869,0.3333333332373948,0.4999999999280093
D2,0.3,0.3,1,1,0.5,7.39593505859375,0.4999998118327207,0.3333333332372633,0.4999999999279121
D2,0.3,0.3,1,1,0.5,7.405929565429688,0.4999998155555234,0.3333333332371319,0.4999999999278154
D2,0.3,0.3,1,1,0.5,7.415924072265625,0.4999998192046802,0.3333333332370005,0.4999999999277178
D2,0.3,0.3,1,1,0.5,7.425918579101562,0.4999998227816479,0.3333333332368699,0.4999999999276213
D2,0.3,0.3,1,1,0.5,7.4359130859375,0.4999998262878539,0.333333333236739,0.4999999999275241
D2,0.3,0.3,1,1,0.5,7.445907592773438,0.499999829724701,0.3333333332366079,0.4999999999274275
D2,0.3,0.3,1,1,0.5,7.455902099609375,0.4999998330935587,0.3333333332364768,0.4999999999273297
D2,0.3,0.3,1,1,0.5,7.465896606445312,0.4999998363957724,0.3333333332363455,0.4999999999272325
D2,0.3,0.3,1,1,0.5,7.47589111328125,0.4999998396326593,0.3333333332362152,0.4999999999271358
D2,0.3,0.3,1,1,0.5,7.485885620117188,0.4999998428055115,0.3333333332360847,0.4999999999270393
D2,0.3,0.3,1,1,0.5,7.495880126953125,0.4999998459155967,0.3333333332359539,0.4999999999269418
D2,0.3,0.3,1,1,0.5,7.505874633789062,0.4999998489641571,0.3333333332358228,0.4999999999268446
D2,0.3,0.3,1,1,0.5,7.515869140625,0.4999998519524089,0.3333333332356923,0.4999999999267471
D2,0.3,0.3,1,1,0.5,7.525863647460938,0.4999998548815441,0.3333333332355613,0.4999999999266502
D2,0.3,0.3,1,1,0.5,7.535858154296875,0.4999998577527311,0.3333333332354309,0.499999999926553
D2,0.3,0.3,1,1,0.5,7.545852661132812,0.4999998605671183,0.3333333332353007,0.4999999999264563
D2,0.3,0.3,1,1,0.5,7.55584716796875,0.4999998633258294,0.3333333332351704,0.4999999999263593
D2,0.3,0.3,1,1,0.5,7.565841674804688,0.4999998660299652,0.3333333332350397,0.4999999999262617
D2,0.3,0.3,1,1,0.5,7.575836181640625,0.4999998686806063,0.3333333332349095,0.499999999926165
D2,0.3,0.3,1,1,0.5,7.585830688476562,0.4999998712788083,0.3333333332347788,0.499999999926068
D2,0.3,0.3,1,1,0.5,7.5958251953125,0.4999998738256102,0.3333333332346484,0.4999999999259707
D2,0.3,0.3,1,1,0.5,7.605819702148438,0.4999998763220282,0.3333333332345182,0.4999999999258737
D2,0.3,0.3,1,1,0.5,7.615814208984375,0.4999998787690587,0.3333333332343882,0.4999999999257768
D2,0.3,0.3,1,1,0.5,7.625808715820312,0.4999998811676786,0.3333333332342583,0.4999999999256795
D2,0.3,0.3,1,1,0.5,7.63580322265625,0.4999998835188466,0.3333333332341283,0.4999999999255828
D2,0.3,0.3,1,1,0.5,7.645797729492188,0.4999998858235006,0.3333333332339983,0.4999999999254855
D2,0.3,0.3,1,1,0.5,7.655792236328125,0.4999998880825601,0.3333333332338674,0.4999999999253885
D2,0.3,0.3,1,1,0.5,7.665786743164062,0.4999998902969296,0.333333333233737,0.499999999925291
D2,0.3,0.3,1,1,0.5,7.67578125,0.499999892467491,0.3333333332336068,0.4999999999251937
D2,0.3,0.3,1,1,0.5,7.685775756835938,0.4999998945951118,0.3333333332334766,0.4999999999250963
D2,0.3,0.3,1,1,0.5,7.695770263671875,0.4999998966806402,0.3333333332333468,0.4999999999249996
D2,0.3,0.3,1,1,0.5,7.705764770507812,0.4999998987249075,0.3333333332332171,0.4999999999249023
D2,0.3,0.3,1,1,0.5,7.71575927734375,0.4999999007287317,0.3333333332330874,0.4999999999248058
D2,0.3,0.3,1,1,0.5,7.725753784179688,0.4999999026929123,0.3333333332329577,0.4999999999247089
D2,0.3,0.3,1,1,0.5,7.735748291015625,0.4999999046182357,0.333333333232828,0.4999999999246121
D2,0.3,0.3,1,1,0.5,7.745742797851562,0.4999999065054685,0.3333333332326977,0.4999999999245148
D2,0.3,0.3,1,1,0.5,7.7557373046875,0.4999999083553651,0.3333333332325679,0.4999999999244174
D2,0.3,0.3,1,1,0.5,7.765731811523438,0.4999999101686651,0.3333333332324373,0.49999999992432
D2,0.3,0.3,1,1,0.5,7.775726318359375,0.4999999119460904,0.3333333332323067,0.4999999999242224
D2,0.3,0.3,1,1,0.5,7.785720825195312,0.4999999136883507,0.3333333332321766,0.4999999999241254
D2,0.3,0.3,1,1,0.5,7.79571533203125,0.499999915396143,0.3333333332320467,0.499999999924028
D2,0.3,0.3,1,1,0.5,7.805709838867188,0.499999917070147,0.3333333332319165,0.4999999999239306
D2,0.3,0.3,1,1,0.5,7.815704345703125,0.4999999187110324,0.3333333332317868,0.4999999999238341
D2,0.3,0.3,1,1,0.5,7.825698852539062,0.4999999203194537,0.3333333332316576,0.4999999999237371
D2,0.3,0.3,1,1,0.5,7.835693359375,0.4999999218960536,0.3333333332315281,0.49999999992364
D2,0.3,0.3,1,1,0.5,7.845687866210938,0.4999999234414624,0.3333333332313986,0.4999999999235434
D2,0.3,0.3,1,1,0.5,7.855682373046875,0.4999999249562957,0.3333333332312691,0.4999999999234465
D2,0.3,0.3,1,1,0.5,7.865676879882812,0.4999999264411598,0.3333333332311396,0.4999999999233494
D2,0.3,0.3,1,1,0.5,7.87567138671875,0.4999999278966468,0.3333333332310098,0.4999999999232524
D2,0.3,0.3,1,1,0.5,7.885665893554688,0.4999999293233419,0.33333333323088,0.499999999923155
D2,0.3,0.3,1,1,0.5,7.895660400390625,0.4999999307218076,0.33333333323075,0.4999999999230574
D2,0.3,0.3,1,1,0.5,7.905654907226562,0.4999999320926059,0.3333333332306194,0.4999999999229602
D2,0.3,0.3,1,1,0.5,7.9156494140625,0.4999999334362844,0.333333333230489,0.4999999999228624
D2,0.3,0.3,1,1,0.5,7.925643920898438,0.4999999347533777,0.333333333230359,0.4999999999227648
D2,0.3,0.3,1,1,0.5,7.935638427734375,0.4999999360444142,0.3333333332302283,0.4999999999226672
D2,0.3,0.3,1,1,0.5,7.945632934570312,0.4999999373099078,0.3333333332300985,0.49999999992257
D2,0.3,0.3,1,1,0.5,7.95562744140625,0.4999999385503633,0.3333333332299688,0.4999999999224731
D2,0.3,0.3,1,1,0.5,7.965621948242188,0.4999999397662777,0.3333333332298393,0.499999999922376
D2,0.3,0.3,1,1,0.5,7.975616455078125,0.4999999409581344,0.3333333332297095,0.4999999999222789
D2,0.3,0.3,1,1,0.5,7.985610961914062,0.4999999421264109,0.3333333332295804,0.4999999999221822
D2,0.3,0.3,1,1,0.5,7.99560546875,0.4999999432715722,0.3333333332294511,0.4999999999220857
D2,0.3,0.3,1,1,0.5,8.005599975585938,0.4999999443940769,0.333333333229322,0.4999999999219886
D2,0.3,0.3,1,1,0.5,8.015594482421875,0.499999945494373,0.3333333332291933,0.499999999921892
D2,0.3,0.3,1,1,0.5,8.025588989257812,0.4999999465728988,0.3333333332290647,0.4999999999217958
D2,0.3,0.3,1,1,0.5,8.03558349609375,0.4999999476300874,0.3333333332289358,0.4999999999216992
D2,0.3,0.3,1,1,0.5,8.045578002929688,0.49999994866636,0.3333333332288063,0.4999999999216028
D2,0.3,0.3,1,1,0.5,8.055572509765625,0.4999999496821296,0.3333333332286773,0.4999999999215056
D2,0.3,0.3,1,1,0.5,8.065567016601562,0.4999999506778031,0.333333333228548,0.4999999999214086
D2,0.3,0.3,1,1,0.5,8.0755615234375,0.4999999516537772,0.3333333332284186,0.4999999999213118
D2,0.3,0.3,1,1,0.5,8.085556030273438,0.4999999526104413,0.3333333332282891,0.4999999999212147
D2,0.3,0.3,1,1,0.5,8.095550537109375,0.499999953548178,0.3333333332281591,0.4999999999211174
D2,0.3,0.3,1,1,0.5,8.105545043945312,0.4999999544673617,0.333333333228029,0.4999999999210199
D2,0.3,0.3,1,1,0.5,8.11553955078125,0.4999999553683598,0.3333333332278989,0.4999999999209224
D2,0.3,0.3,1,1,0.5,8.125534057617188,0.4999999562515313,0.3333333332277687,0.499999999920825
D2,0.3,0.3,1,1,0.5,8.135528564453125,0.4999999571172274,0.3333333332276389,0.4999999999207275
D2,0.3,0.3,1,1,0.5,8.145523071289062,0.499999957965798,0.3333333332275083,0.4999999999206297
D2,0.3,0.3,1,1,0.5,8.155517578125,0.4999999587975792,0.3333333332273782,0.4999999999205322
D2,0.3,0.3,1,1,0.5,8.165512084960938,0.4999999596129034,0.3333333332272477,0.4999999999204343
D2,0.3,0.3,1,1,0.5,8.175506591796875,0.4999999604120961,0.3333333332271175,0.4999999999203364
D2,0.3,0.3,1,1,0.5,8.185501098632812,0.4999999611954756,0.3333333332269875,0.4999999999202396
D2,0.3,0.3,1,1,0.5,8.19549560546875,0.4999999619633561,0.3333333332268578,0.4999999999201424
D2,0.3,0.3,1,1,0.5,8.205490112304688,0.4999999627160438,0.3333333332267274,0.4999999999200445
D2,0.3,0.3,1,1,0.5,8.215484619140625,0.4999999634538383,0.3333333332265975,0.4999999999199473
D2,0.3,0.3,1,1,0.5,8.225479125976562,0.4999999641770352,0.3333333332264676,0.4999999999198497
D2,0.3,0.3,1,1,0.5,8.2354736328125,0.4999999648859232,0.333333333226338,0.499999999919752
D2,0.3,0.3,1,1,0.5,8.245468139648438,0.4999999655807864,0.3333333332262082,0.4999999999196554
D2,0.3,0.3,1,1,0.5,8.255462646484375,0.4999999662619017,0.3333333332260787,0.4999999999195582
D2,0.3,0.3,1,1,0.5,8.265457153320312,0.4999999669295389,0.3333333332259497,0.4999999999194613
D2,0.3,0.3,1,1,0.5,8.27545166015625,0.4999999675839663,0.3333333332258203,0.4999999999193641
D2,0.3,0.3,1,1,0.5,8.285446166992188,0.4999999682254462,0.3333333332256906,0.4999999999192675
D2,0.3,0.3,1,1,0.5,8.295440673828125,0.4999999688542331,0.3333333332255617,0.4999999999191705
D2,0.3,0.3,1,1,0.5,8.305435180664062,0.4999999694705793,0.3333333332254329,0.499999999919074
D2,0.3,0.3,1,1,0.5,8.3154296875,0.4999999700747303,0.3333333332253043,0.4999999999189776
D2,0.3,0.3,1,1,0.5,8.325424194335938,0.4999999706669273,0.3333333332251756,0.4999999999188812
D2,0.3,0.3,1,1,0.5,8.335418701171875,0.4999999712474089,0.3333333332250469,0.4999999999187849
D2,0.3,0.3,1,1,0.5,8.345413208007812,0.4999999718164036,0.3333333332249189,0.4999999999186885
D2,0.3,0.3,1,1,0.5,8.35540771484375,0.4999999723741403,0.3333333332247902,0.4999999999185919
D2,0.3,0.3,1,1,0.5,8.365402221679688,0.4999999729208398,0.3333333332246615,0.4999999999184961
D2,0.3,0.3,1,1,0.5,8.375396728515625,0.4999999734567256,0.3333333332245334,0.4999999999183996
D2,0.3,0.3,1,1,0.5,8.385391235351562,0.4999999739820065,0.3333333332244047,0.499999999918303
D2,0.3,0.3,1,1,0.5,8.3953857421875,0.4999999744968943,0.3333333332242768,0.4999999999182067
D2,0.3,0.3,1,1,0.5,8.405380249023438,0.4999999750015955,0.3333333332241492,0.4999999999181114
D2,0.3,0.3,1,1,0.5,8.415374755859375,0.4999999754963104,0.33333333322402,0.4999999999180152
D2,0.3,0.3,1,1,0.5,8.425369262695312,0.499999975981236,0.3333333332238916,0.4999999999179184
D2,0.3,0.3,1,1,0.5,8.43536376953125,0.4999999764565677,0.3333333332237638,0.499999999917822
D2,0.3,0.3,1,1,0.5,8.445358276367188,0.4999999769224937,0.3333333332236348,0.4999999999177261
D2,0.3,0.3,1,1,0.5,8.455352783203125,0.4999999773792017,0.3333333332235071,0.4999999999176301
D2,0.3,0.3,1,1,0.5,8.465347290039062,0.4999999778268713,0.3333333332233782,0.4999999999175329
D2,0.3,0.3,1,1,0.5,8.475341796875,0.4999999782656863,0.3333333332232494,0.4999999999174367
D2,0.3,0.3,1,1,0.5,8.485336303710938,0.4999999786958163,0.3333333332231214,0.4999999999173404
D2,0.3,0.3,1,1,0.5,8.495330810546875,0.4999999791174362,0.3333333332229918,0.4999999999172435
D2,0.3,0.3,1,1,0.5,8.505325317382812,0.4999999795307145,0.3333333332228627,0.4999999999171469
D2,0.3,0.3,1,1,0.5,8.51531982421875,0.4999999799358147,0.3333333332227335,0.4999999999170502
D2,0.3,0.3,1,1,0.5,8.525314331054688,0.4999999803329018,0.3333333332226047,0.4999999999169535
D2,0.3,0.3,1,1,0.5,8.535308837890625,0.4999999807221297,0.3333333332224758,0.4999999999168568
D2,0.3,0.3,1,1,0.5,8.545303344726562,0.4999999811036578,0.3333333332223466,0.4999999999167595
D2,0.3,0.3,1,1,0.5,8.5552978515625,0.499999981477635,0.3333333332222174,0.4999999999166629
D2,0.3,0.3,1,1,0.5,8.565292358398438,0.4999999818442141,0.3333333332220877,0.4999999999165656
D2,0.3,0.3,1,1,0.5,8.575286865234375,0.4999999822035391,0.3333333332219575,0.4999999999164679
D2,0.3,0.3,1,1,0.5,8.585281372070312,0.4999999825557558,0.3333333332218277,0.4999999999163706
D2,0.3,0.3,1,1,0.5,8.59527587890625,0.4999999829010033,0.3333333332216982,0.4999999999162737
D2,0.3,0.3,1,1,0.5,8.605270385742188,0.4999999832394182,0.3333333332215683,0.4999999999161757
D2,0.3,0.3,1,1,0.5,8.615264892578125,0.499999983571137,0.3333333332214382,0.4999999999160784
D2,0.3,0.3,1,1,0.5,8.625259399414062,0.4999999838962939,0.3333333332213093,0.4999999999159818
D2,0.3,0.3,1,1,0.5,8.63525390625,0.4999999842150159,0.3333333332211783,0.499999999915884
D2,0.3,0.3,1,1,0.5,8.645248413085938,0.4999999845274321,0.3333333332210478,0.499999999915786
D2,0.3,0.3,1,1,0.5,8.655242919921875,0.499999984833666,0.3333333332209185,0.4999999999156889
D2,0.3,0.3,1,1,0.5,8.665237426757812,0.4999999851338426,0.3333333332207874,0.4999999999155906
D2,0.3,0.3,1,1,0.5,8.67523193359375,0.4999999854280781,0.3333333332206573,0.4999999999154929
D2,0.3,0.3,1,1,0.5,8.685226440429688,0.4999999857164915,0.3333333332205278,0.4999999999153957
D2,0.3,0.3,1,1,0.5,8.695220947265625,0.4999999859991991,0.3333333332203959,0.4999999999152965
D2,0.3,0.3,1,1,0.5,8.705215454101562,0.4999999862763101,0.3333333332202658,0.4999999999151994
D2,0.3,0.3,1,1,0.5,8.7152099609375,0.4999999865479425,0.3333333332201349,0.4999999999151013
D2,0.3,0.3,1,1,0.5,8.725204467773438,0.4999999868141951,0.3333333332200047,0.4999999999150036
D2,0.3,0.3,1,1,0.5,8.735198974609375,0.4999999870751844,0.3333333332198746,0.4999999999149058
D2,0.3,0.3,1,1,0.5,8.745193481445312,0.499999987331006,0.3333333332197429,0.4999999999148069
D2,0.3,0.3,1,1,0.5,8.75518798828125,0.4999999875817659,0.3333333332196129,0.4999999999147094
D2,0.3,0.3,1,1,0.5,8.765182495117188,0.4999999878275673,0.3333333332194822,0.4999999999146113
D2,0.3,0.3,1,1,0.5,8.775177001953125,0.499999988068504,0.3333333332193504,0.4999999999145132
D2,0.3,0.3,1,1,0.5,8.785171508789062,0.4999999883046716,0.33333333321922,0.4999999999144151
D2,0.3,0.3,1,1,0.5,8.795166015625,0.4999999885361664,0.3333333332190896,0.4999999999143172
D2,0.3,0.3,1,1,0.5,8.805160522460938,0.4999999887630819,0.3333333332189568,0.4999999999142172
D2,0.3,0.3,1,1,0.5,8.815155029296875,0.4999999889855088,0.3333333332188257,0.4999999999141195
D2,0.3,0.3,1,1,0.5,8.825149536132812,0.4999999892035338,0.3333333332186955,0.4999999999140219
D2,0.3,0.3,1,1,0.5,8.83514404296875,0.4999999894172402,0.3333333332185655,0.4999999999139241
D2,0.3,0.3,1,1,0.5,8.845138549804688,0.4999999896267227,0.3333333332184347,0.4999999999138261
D2,0.3,0.3,1,1,0.5,8.855133056640625,0.499999989832056,0.3333333332183031,0.4999999999137275
D2,0.3,0.3,1,1,0.5,8.865127563476562,0.4999999900333337,0.3333333332181713,0.4999999999136286
D2,0.3,0.3,1,1,0.5,8.8751220703125,0.499999990230623,0.3333333332180399,0.4999999999135298
D2,0.3,0.3,1,1,0.5,8.885116577148438,0.4999999904240085,0.3333333332179071,0.4999999999134302
D2,0.3,0.3,1,1,0.5,8.895111083984375,0.4999999906135698,0.3333333332177769,0.4999999999133328
D2,0.3,0.3,1,1,0.5,8.905105590820312,0.4999999907993796,0.3333333332176452,0.4999999999132343
D2,0.3,0.3,1,1,0.5,8.91510009765625,0.4999999909815114,0.3333333332175141,0.4999999999131357
D2,0.3,0.3,1,1,0.5,8.925094604492188,0.4999999911600418,0.3333333332173836,0.499999999913038
D2,0.3,0.3,1,1,0.5,8.935089111328125,0.499999991335038,0.3333333332172511,0.4999999999129384
D2,0.3,0.3,1,1,0.5,8.945083618164062,0.4999999915065695,0.33333333321712,0.4999999999128403
D2,0.3,0.3,1,1,0.5,8.955078125,0.4999999916747107,0.3333333332169888,0.4999999999127415
D2,0.3,0.3,1,1,0.5,8.965072631835938,0.4999999918395232,0.3333333332168567,0.4999999999126426
D2,0.3,0.3,1,1,0.5,8.975067138671875,0.4999999920010776,0.3333333332167252,0.4999999999125441
D2,0.3,0.3,1,1,0.5,8.985061645507812,0.4999999921594311,0.3333333332165932,0.499999999912445
D2,0.3,0.3,1,1,0.5,8.99505615234375,0.4999999923146495,0.3333333332164606,0.4999999999123454
D2,0.3,0.3,1,1,0.5,9.005050659179688,0.4999999924668009,0.3333333332163311,0.4999999999122483
D2,0.3,0.3,1,1,0.5,9.015045166015625,0.4999999926159368,0.3333333332161992,0.4999999999121493
D2,0.3,0.3,1,1,0.5,9.025039672851562,0.4999999927621275,0.3333333332160681,0.4999999999120506
D2,0.3,0.3,1,1,0.5,9.0350341796875,0.4999999929054236,0.3333333332159341,0.4999999999119505
D2,0.3,0.3,1,1,0.5,9.045028686523438,0.4999999930458852,0.3333333332158011,0.499999999911851
D2,0.3,0.3,1,1,0.5,9.055023193359375,0.4999999931835614,0.3333333332156736,0.4999999999117554
D2,0.3,0.3,1,1,0.5,9.065017700195312,0.499999993318517,0.3333333332155404,0.4999999999116556
D2,0.3,0.3,1,1,0.5,9.07501220703125,0.4999999934508072,0.3333333332154076,0.4999999999115556
D2,0.3,0.3,1,1,0.5,9.085006713867188,0.4999999935804725,0.3333333332152794,0.4999999999114594
D2,0.3,0.3,1,1,0.5,9.095001220703125,0.4999999937075723,0.3333333332151482,0.4999999999113614
D2,0.3,0.3,1,1,0.5,9.104995727539062,0.499999993832166,0.3333333332150151,0.4999999999112614
D2,0.3,0.3,1,1,0.5,9.114990234375,0.4999999939542866,0.333333333214882,0.4999999999111615
D2,0.3,0.3,1,1,0.5,9.124984741210938,0.4999999940739899,0.3333333332147522,0.4999999999110641
D2,0.3,0.3,1,1,0.5,9.134979248046875,0.4999999941913312,0.333333333214618,0.4999999999109637
D2,0.3,0.3,1,1,0.5,9.144973754882812,0.4999999943063437,0.3333333332144872,0.4999999999108656
D2,0.3,0.3,1,1,0.5,9.15496826171875,0.4999999944190845,0.3333333332143551,0.4999999999107667
D2,0.3,0.3,1,1,0.5,9.164962768554688,0.4999999945295934,0.3333333332142203,0.499999999910665
D2,0.3,0.3,1,1,0.5,9.174957275390625,0.4999999946379094,0.3333333332140927,0.4999999999105695
D2,0.3,0.3,1,1,0.5,9.184951782226562,0.4999999947440932,0.3333333332139563,0.4999999999104673
D2,0.3,0.3,1,1,0.5,9.1949462890625,0.4999999948481657,0.333333333213829,0.4999999999103717
D2,0.3,0.3,1,1,0.5,9.204940795898438,0.4999999949501865,0.3333333332136977,0.4999999999102739
D2,0.3,0.3,1,1,0.5,9.214935302734375,0.4999999950501821,0.3333333332135681,0.4999999999101762
D2,0.3,0.3,1,1,0.5,9.224929809570312,0.4999999951482041,0.3333333332134333,0.499999999910075
D2,0.3,0.3,1,1,0.5,9.23492431640625,0.4999999952442812,0.3333333332133048,0.4999999999099789
D2,0.3,0.3,1,1,0.5,9.244918823242188,0.4999999953384602,0.3333333332131737,0.4999999999098804
D2,0.3,0.3,1,1,0.5,9.254913330078125,0.4999999954307813,0.3333333332130425,0.4999999999097822
D2,0.3,0.3,1,1,0.5,9.264907836914062,0.4999999955212642,0.33333333321291,0.4999999999096827
D2,0.3,0.3,1,1,0.5,9.27490234375,0.4999999956099651,0.3333333332127782,0.4999999999095836
D2,0.3,0.3,1,1,0.5,9.284896850585938,0.4999999956969001,0.3333333332126463,0.4999999999094846
D2,0.3,0.3,1,1,0.5,9.294891357421875,0.4999999957821269,0.3333333332125204,0.4999999999093903
D2,0.3,0.3,1,1,0.5,9.304885864257812,0.499999995865665,0.3333333332123859,0.4999999999092897
D2,0.3,0.3,1,1,0.5,9.31488037109375,0.4999999959475471,0.3333333332122586,0.4999999999091941
D2,0.3,0.3,1,1,0.5,9.324874877929688,0.4999999960278194,0.3333333332121196,0.4999999999090902
D2,0.3,0.3,1,1,0.5,9.334869384765625,0.4999999961064829,0.3333333332119962,0.4999999999089977
D2,0.3,0.3,1,1,0.5,9.344863891601562,0.4999999961836035,0.3333333332118616,0.4999999999088959
D2,0.3,0.3,1,1,0.5,9.3548583984375,0.4999999962591963,0.3333333332117338,0.4999999999088005
D2,0.3,0.3,1,1,0.5,9.364852905273438,0.4999999963332884,0.3333333332116053,0.4999999999087043
D2,0.3,0.3,1,1,0.5,9.374847412109375,0.4999999964059187,0.3333333332114663,0.4999999999085998
D2,0.3,0.3,1,1,0.5,9.384841918945312,0.4999999964771061,0.3333333332113413,0.4999999999085064
D2,0.3,0.3,1,1,0.5,9.39483642578125,0.4999999965468941,0.3333333332112062,0.4999999999084048
D2,0.3,0.3,1,1,0.5,9.404830932617188,0.4999999966152981,0.3333333332110749,0.4999999999083062
D2,0.3,0.3,1,1,0.5,9.414825439453125,0.4999999966823476,0.3333333332109468,0.49999999990821
D2,0.3,0.3,1,1,0.5,9.424819946289062,0.4999999967480773,0.3333333332108087,0.499999999908107
D2,0.3,0.3,1,1,0.5,9.434814453125,0.4999999968124958,0.3333333332106833,0.4999999999080125
D2,0.3,0.3,1,1,0.5,9.444808959960938,0.4999999968756393,0.3333333332105523,0.4999999999079144
D2,0.3,0.3,1,1,0.5,9.454803466796875,0.4999999969375363,0.3333333332104143,0.4999999999078109
D2,0.3,0.3,1,1,0.5,9.464797973632812,0.4999999969982065,0.3333333332102854,0.4999999999077144
D2,0.3,0.3,1,1,0.5,9.47479248046875,0.4999999970576808,0.3333333332101585,0.4999999999076195
D2,0.3,0.3,1,1,0.5,9.484786987304688,0.4999999971159812,0.3333333332100233,0.4999999999075176
D2,0.3,0.3,1,1,0.5,9.494781494140625,0.499999997173118,0.333333333209894,0.4999999999074205
D2,0.3,0.3,1,1,0.5,9.504776000976562,0.4999999972291259,0.3333333332097664,0.499999999907325
D2,0.3,0.3,1,1,0.5,9.5147705078125,0.4999999972840372,0.3333333332096347,0.4999999999072261
D2,0.3,0.3,1,1,0.5,9.524765014648438,0.4999999973378589,0.3333333332094967,0.4999999999071222
D2,0.3,0.3,1,1,0.5,9.534759521484375,0.4999999973905995,0.3333333332093679,0.4999999999070261
D2,0.3,0.3,1,1,0.5,9.544754028320312,0.4999999974423087,0.3333333332092457,0.499999999906935
D2,0.3,0.3,1,1,0.5,9.55474853515625,0.4999999974929992,0.3333333332091001,0.4999999999068251
D2,0.3,0.3,1,1,0.5,9.564743041992188,0.4999999975426662,0.333333333208972,0.4999999999067296
D2,0.3,0.3,1,1,0.5,9.574737548828125,0.4999999975913701,0.3333333332088509,0.4999999999066388
D2,0.3,0.3,1,1,0.5,9.584732055664062,0.4999999976391032,0.3333333332087186,0.4999999999065391
D2,0.3,0.3,1,1,0.5,9.5947265625,0.4999999976859069,0.3333333332085754,0.4999999999064323
D2,0.3,0.3,1,1,0.5,9.604721069335938,0.4999999977317606,0.3333333332084558,0.4999999999063417
D2,0.3,0.3,1,1,0.5,9.614715576171875,0.499999997776702,0.3333333332083245,0.4999999999062433
D2,0.3,0.3,1,1,0.5,9.624710083007812,0.4999999978207862,0.333333333208196,0.4999999999061471
D2,0.3,0.3,1,1,0.5,9.63470458984375,0.4999999978639807,0.3333333332080469,0.4999999999060358
D2,0.3,0.3,1,1,0.5,9.644699096679688,0.4999999979063236,0.3333333332079236,0.4999999999059424
D2,0.3,0.3,1,1,0.5,9.654693603515625,0.4999999979478146,0.3333333332077945,0.4999999999058463
D2,0.3,0.3,1,1,0.5,9.664688110351562,0.4999999979885106,0.3333333332076659,0.4999999999057493
D2,0.3,0.3,1,1,0.5,9.6746826171875,0.499999998028377,0.3333333332075266,0.4999999999056451
D2,0.3,0.3,1,1,0.5,9.684677124023438,0.4999999980674768,0.3333333332073915,0.4999999999055434
D2,0.3,0.3,1,1,0.5,9.694671630859375,0.4999999981057806,0.3333333332072668,0.4999999999054505
D2,0.3,0.3,1,1,0.5,9.704666137695312,0.4999999981433333,0.3333333332071408,0.4999999999053556
D2,0.3,0.3,1,1,0.5,9.71466064453125,0.4999999981801377,0.3333333332070076,0.499999999905256
D2,0.3,0.3,1,1,0.5,9.724655151367188,0.4999999982162404,0.3333333332068732,0.4999999999051546
D2,0.3,0.3,1,1,0.5,9.734649658203125,0.4999999982515925,0.3333333332067344,0.4999999999050509
D2,0.3,0.3,1,1,0.5,9.744644165039062,0.4999999982862787,0.3333333332066143,0.4999999999049605
D2,0.3,0.3,1,1,0.5,9.754638671875,0.4999999983202426,0.3333333332064817,0.4999999999048613
D2,0.3,0.3,1,1,0.5,9.764633178710938,0.4999999983535665,0.3333333332063541,0.4999999999047661
D2,0.3,0.3,1,1,0.5,9.774627685546875,0.4999999983862136,0.3333333332062258,0.499999999904669
D2,0.3,0.3,1,1,0.5,9.784622192382812,0.4999999984182195,0.3333333332060806,0.4999999999045606
D2,0.3,0.3,1,1,0.5,9.79461669921875,0.4999999984496072,0.3333333332059499,0.4999999999044631
D2,0.3,0.3,1,1,0.5,9.804611206054688,0.4999999984803454,0.333333333205827,0.4999999999043701
D2,0.3,0.3,1,1,0.5,9.814605712890625,0.4999999985104905,0.333333333205693,0.4999999999042697
D2,0.3,0.3,1,1,0.5,9.824600219726562,0.499999998540042,0.3333333332055688,0.4999999999041768
D2,0.3,0.3,1,1,0.5,9.8345947265625,0.4999999985689843,0.3333333332054336,0.4999999999040753
D2,0.3,0.3,1,1,0.5,9.844589233398438,0.4999999985973957,0.3333333332052981,0.499999999903973
D2,0.3,0.3,1,1,0.5,9.854583740234375,0.4999999986252231,0.3333333332051588,0.4999999999038697
D2,0.3,0.3,1,1,0.5,9.864578247070312,0.499999998652483,0.3333333332050353,0.499999999903776
D2,0.3,0.3,1,1,0.5,9.87457275390625,0.4999999986792212,0.3333333332049068,0.4999999999036795
D2,0.3,0.3,1,1,0.5,9.884567260742188,0.4999999987054387,0.3333333332047862,0.4999999999035895
D2,0.3,0.3,1,1,0.5,9.894561767578125,0.4999999987310992,0.3333333332046479,0.4999999999034861
D2,0.3,0.3,1,1,0.5,9.904556274414062,0.4999999987563029,0.3333333332045225,0.4999999999033926
D2,0.3,0.3,1,1,0.5,9.91455078125,0.4999999987809955,0.3333333332043833,0.4999999999032874
D2,0.3,0.3,1,1,0.5,9.924545288085938,0.4999999988051757,0.3333333332042377,0.4999999999031792
D2,0.3,0.3,1,1,0.5,9.934539794921875,0.4999999988288998,0.3333333332041171,0.4999999999030879
D2,0.3,0.3,1,1,0.5,9.944534301757812,0.4999999988521352,0.3333333332039973,0.4999999999029983
D2,0.3,0.3,1,1,0.5,9.95452880859375,0.4999999988749267,0.3333333332038634,0.4999999999028968
D2,0.3,0.3,1,1,0.5,9.964523315429688,0.4999999988972387,0.3333333332037344,0.4999999999028006
D2,0.3,0.3,1,1,0.5,9.974517822265625,0.4999999989191324,0.3333333332036098,0.4999999999027075
D2,0.3,0.3,1,1,0.5,9.984512329101562,0.4999999989406168,0.3333333332034816,0.4999999999026111
D2,0.3,0.3,1,1,0.5,9.9945068359375,0.4999999989616493,0.333333333203335,0.4999999999025013
D2,0.3,0.3,1,1,0.5,10,0.4999999989730164,0.3333333332032478,0.4999999999024361
D3,0.3,0.3,5,5,0.1,0,0,1,0.5000000000000001
D3,0.3,0.3,5,5,0.1,0.0099945068359375,0.05067074862692431,0.7768370698742145,0.4999999999999297
D3,0.3,0.3,5,5,0.1,0.019989013671875,0.1016902218943621,0.6406644270308443,0.4999999999998592
D3,0.3,0.3,5,5,0.1,0.0299835205078125,0.1514421539561853,0.5557097158809323,0.4999999999997882
D3,0.3,0.3,5,5,0.1,0.03997802734375,0.1984406322594893,0.5009264867352913,0.4999999999997164
D3,0.3,0.3,5,5,0.1,0.0499725341796875,0.2415120663953998,0.4640390228417976,0.4999999999996442
D3,0.3,0.3,5,5,0.1,0.059967041015625,0.2799014085774467,0.4379429110276768,0.4999999999995716
D3,0.3,0.3,5,5,0.1,0.0699615478515625,0.3132880997462762,0.4185490506237961,0.4999999999994988
D3,0.3,0.3,5,5,0.1,0.0799560546875,0.3417276953249941,0.4035054626288501,0.4999999999994255
D3,0.3,0.3,5,5,0.1,0.0899505615234375,0.3655518871174651,0.3914483601915438,0.4999999999993519
D3,0.3,0.3,5,5,0.1,0.099945068359375,0.3852599040173136,0.381569208571536,0.4999999999992782
D3,0.3,0.3,5,5,0.1,0.1099395751953125,0.4014241468710139,0.37336830506816,0.4999999999992048
D3,0.3,0.3,5,5,0.1,0.11993408203125,0.4146204649100817,0.3665169964075534,0.4999999999991313
D3,0.3,0.3,5,5,0.1,0.1299285888671875,0.4253839115013982,0.3607821771531166,0.4999999999990566
D3,0.3,0.3,5,5,0.1,0.139923095703125,0.4341856089703037,0.3559858193655622,0.4999999999989828
D3,0.3,0.3,5,5,0.1,0.1499176025390625,0.4414247009479559,0.351983752353683,0.4999999999989079
D3,0.3,0.3,5,5,0.1,0.159912109375,0.4474297989958622,0.3486547177696215,0.4999999999988337
D3,0.3,0.3,5,5,0.1,0.1699066162109375,0.4524656013417914,0.3458947105611371,0.4999999999987591
D3,0.3,0.3,5,5,0.1,0.179901123046875,0.4567417312891764,0.343613911669177,0.4999999999986849
D3,0.3,0.3,5,5,0.1,0.1898956298828125,0.4604219790245023,0.3417348135891128,0.4999999999986109
D3,0.3,0.3,5,5,0.1,0.19989013671875,0.4636329499959382,0.3401908517487334,0.4999999999985367
D3,0.3,0.3,5,5,0.1,0.2098846435546875,0.4664716588153776,0.3389252322420866,0.4999999999984618
D3,0.3,0.3,5,5,0.1,0.219879150390625,0.4690119293912262,0.3378898368629314,0.4999999999983872
D3,0.3,0.3,5,5,0.1,0.2298736572265625,0.4713096381321716,0.3370441750814065,0.4999999999983125
D3,0.3,0.3,5,5,0.1,0.2398681640625,0.4734069214452432,0.3363543883263462,0.4999999999982382
D3,0.3,0.3,5,5,0.1,0.2498626708984375,0.4753354991855928,0.3357923217574363,0.4999999999981635
D3,0.3,0.3,5,5,0.1,0.259857177734375,0.477119266769313,0.3353346771864997,0.4999999999980885
D3,0.3,0.3,5,5,0.1,0.2698516845703125,0.4787762953642418,0.3349622553765043,0.499999999998013
D3,0.3,0.3,5,5,0.1,0.27984619140625,0.4803203606144469,0.3346592901281383,0.4999999999979379
D3,0.3,0.3,5,5,0.1,0.2898406982421875,0.4817621004385322,0.3344128717905455,0.4999999999978626
D3,0.3,0.3,5,5,0.1,0.299835205078125,0.4831098838954922,0.3342124544928328,0.4999999999977873
D3,0.3,0.3,5,5,0.1,0.3098297119140625,0.4843704569029035,0.3340494393971362,0.4999999999977118
D3,0.3,0.3,5,5,0.1,0.31982421875,0.4855494169569128,0.3339168253551338,0.4999999999976363
D3,0.3,0.3,5,5,0.1,0.3298187255859375,0.48665155781336,0.3338089182096672,0.4999999999975609
D3,0.3,0.3,5,5,0.1,0.339813232421875,0.4876811160595144,0.3337210903568903,0.4999999999974849
D3,0.3,0.3,5,5,0.1,0.3498077392578125,0.4886419443051754,0.333649582862321,0.4999999999974095
D3,0.3,0.3,5,5,0.1,0.35980224609375,0.4895376300298191,0.3335913432528163,0.4999999999973339
D3,0.3,0.3,5,5,0.1,0.3697967529296875,0.4903715746528711,0.3335438929801908,0.4999999999972582
D3,0.3,0.3,5,5,0.1,0.379791259765625,0.4911470439033093,0.3335052194035805,0.4999999999971826
D3,0.3,0.3,5,5,0.1,0.3897857666015625,0.4918671978514686,0.333473687927019,0.4999999999971068
D3,0.3,0.3,5,5,0.1,0.3997802734375,0.4925351068658766,0.3334479706361831,0.4999999999970306
D3,0.3,0.3,5,5,0.1,0.4097747802734375,0.4931537581401777,0.3334269883968112,0.4999999999969544
D3,0.3,0.3,5,5,0.1,0.419769287109375,0.493726056194813,0.3334098639082849,0.4999999999968793
D3,0.3,0.3,5,5,0.1,0.4297637939453125,0.494254819812215,0.333395883655089,0.4999999999968031
D3,0.3,0.3,5,5,0.1,0.43975830078125,0.4947427771476747,0.3333844670748463,0.4999999999967274
D3,0.3,0.3,5,5,0.1,0.4497528076171875,0.4951925602191317,0.3333751415734225,0.4999999999966514
D3,0.3,0.3,5,5,0.1,0.459747314453125,0.4956066995775595,0.3333675222744753,0.4999999999965752
D3,0.3,0.3,5,5,0.1,0.4697418212890625,0.4959876196638746,0.3333612956012431,0.4999999999964994
D3,0.3,0.3,5,5,0.1,0.479736328125,0.4963376351435069,0.3333562059600115,0.4999999999964231
D3,0.3,0.3,5,5,0.1,0.4897308349609375,0.4966589483565643,0.3333520449342375,0.4999999999963471
D3,0.3,0.3,5,5,0.1,0.499725341796875,0.4969536479151846,0.3333486425114703,0.4999999999962708
D3,0.3,0.3,5,5,0.1,0.5097198486328125,0.4972237084080311,0.3333458599567973,0.4999999999961952
D3,0.3,0.3,5,5,0.1,0.51971435546875,0.4974709911263855,0.3333435840205868,0.4999999999961192
D3,0.3,0.3,5,5,0.1,0.5297088623046875,0.4976972456996919,0.333341722228087,0.4999999999960434
D3,0.3,0.3,5,5,0.1,0.539703369140625,0.4979041125154761,0.3333401990467254,0.4999999999959669
D3,0.3,0.3,5,5,0.1,0.5496978759765625,0.4980931257952768,0.3333389527659036,0.4999999999958915
D3,0.3,0.3,5,5,0.1,0.5596923828125,0.4982657172014404,0.333337932955547,0.4999999999958151
D3,0.3,0.3,5,5,0.1,0.5696868896484375,0.4984232198571498,0.3333370983950525,0.4999999999957391
D3,0.3,0.3,5,5,0.1,0.579681396484375,0.4985668726721456,0.3333364153848033,0.4999999999956632
D3,0.3,0.3,5,5,0.1,0.5896759033203125,0.4986978248780463,0.3333358563689952,0.499999999995587
D3,0.3,0.3,5,5,0.1,0.59967041015625,0.4988171406890737,0.3333353988119382,0.4999999999955109
D3,0.3,0.3,5,5,0.1,0.6096649169921875,0.4989258040157458,0.333335024280837,0.4999999999954357
D3,0.3,0.3,5,5,0.1,0.619659423828125,0.499024723170404,0.3333347176968719,0.4999999999953594
D3,0.3,0.3,5,5,0.1,0.6296539306640625,0.4991147355138446,0.3333344667235033,0.4999999999952831
D3,0.3,0.3,5,5,0.1,0.6396484375,0.4991966120018344,0.3333342612667216,0.4999999999952071
D3,0.3,0.3,5,5,0.1,0.6496429443359375,0.4992710615988658,0.3333340930666519,0.4999999999951316
D3,0.3,0.3,5,5,0.1,0.659637451171875,0.4993387355339163,0.3333339553637392,0.4999999999950546
D3,0.3,0.3,5,5,0.1,0.6696319580078125,0.4994002313796099,0.3333338426258385,0.4999999999949786
D3,0.3,0.3,5,5,0.1,0.67962646484375,0.4994560969416765,0.3333337503250546,0.4999999999949025
D3,0.3,0.3,5,5,0.1,0.6896209716796875,0.4995068339504612,0.3333336747552372,0.4999999999948271
D3,0.3,0.3,5,5,0.1,0.699615478515625,0.4995529015500967,0.3333336128826975,0.4999999999947504
D3,0.3,0.3,5,5,0.1,0.7096099853515625,0.4995947195843203,0.3333335622240891,0.4999999999946745
D3,0.3,0.3,5,5,0.1,0.7196044921875,0.4996326716805748,0.3333335207464933,0.4999999999945985
D3,0.3,0.3,5,5,0.1,0.7295989990234375,0.4996671081360975,0.3333334867856653,0.4999999999945228
D3,0.3,0.3,5,5,0.1,0.739593505859375,0.4996983486114575,0.333333458979137,0.4999999999944462
D3,0.3,0.3,5,5,0.1,0.7495880126953125,0.4997266846382171,0.3333334362114667,0.4999999999943702
D3,0.3,0.3,5,5,0.1,0.75958251953125,0.4997523819483329,0.3333334175694306,0.4999999999942946
D3,0.3,0.3,5,5,0.1,0.7695770263671875,0.4997756826335972,0.3333334023053516,0.4999999999942182
D3,0.3,0.3,5,5,0.1,0.779571533203125,0.4997968071437568,0.3333333898070747,0.4999999999941423
D3,0.3,0.3,5,5,0.1,0.7895660400390625,0.4998159561322763,0.3333333795733994,0.4999999999940661
D3,0.3,0.3,5,5,0.1,0.799560546875,0.4998333121586409,0.3333333711939613,0.4999999999939903
D3,0.3,0.3,5,5,0.1,0.8095550537109375,0.4998490412561571,0.3333333643327667,0.499999999993914
D3,0.3,0.3,5,5,0.1,0.819549560546875,0.4998632943739446,0.3333333587147115,0.4999999999938385
D3,0.3,0.3,5,5,0.1,0.8295440673828125,0.499876208701593,0.3333333541145441,0.4999999999937627
D3,0.3,0.3,5,5,0.1,0.83953857421875,0.4998879088847312,0.3333333503478312,0.4999999999936868
D3,0.3,0.3,5,5,0.1,0.8495330810546875,0.4998985081392688,0.3333333472635593,0.4999999999936111
D3,0.3,0.3,5,5,0.1,0.859527587890625,0.4999081092718455,0.3333333447380795,0.4999999999935348
D3,0.3,0.3,5,5,0.1,0.8695220947265625,0.4999168056135201,0.3333333426701457,0.4999999999934586
D3,0.3,0.3,5,5,0.1,0.8795166015625,0.4999246818734057,0.3333333409768591,0.4999999999933832
D3,0.3,0.3,5,5,0.1,0.8895111083984375,0.4999318149185228,0.3333333395903395,0.4999999999933067
D3,0.3,0.3,5,5,0.1,0.899505615234375,0.4999382744857361,0.3333333384550071,0.4999999999932304
D3,0.3,0.3,5,5,0.1,0.9095001220703125,0.4999441238312928,0.3333333375253519,0.4999999999931543
D3,0.3,0.3,5,5,0.1,0.91949462890625,0.4999494203230703,0.33333333676411,0.4999999999930784
D3,0.3,0.3,5,5,0.1,0.9294891357421875,0.4999542159802802,0.333333336140768,0.4999999999930022
D3,0.3,0.3,5,5,0.1,0.939483642578125,0.4999585579650449,0.3333333356303412,0.4999999999929262
D3,0.3,0.3,5,5,0.1,0.9494781494140625,0.4999624890299213,0.3333333352123733,0.4999999999928501
D3,0.3,0.3,5,5,0.1,0.95947265625,0.4999660479251541,0.3333333348701119,0.4999999999927747
D3,0.3,0.3,5,5,0.1,0.9694671630859375,0.4999692697691011,0.3333333345898409,0.4999999999926985
D3,0.3,0.3,5,5,0.1,0.979461669921875,0.4999721863850664,0.3333333343603303,0.4999999999926223
D3,0.3,0.3,5,5,0.1,0.9894561767578125,0.4999748266074606,0.3333333341723819,0.4999999999925469
D3,0.3,0.3,5,5,0.1,0.99945068359375,0.4999772165599831,0.3333333340184668,0.4999999999924705
D3,0.3,0.3,5,5,0.1,1.009445190429688,0.4999793799083426,0.3333333338924184,0.4999999999923946
D3,0.3,0.3,5,5,0.1,1.019439697265625,0.4999813380897296,0.3333333337891883,0.4999999999923188
D3,0.3,0.3,5,5,0.1,1.029434204101562,0.4999831105211723,0.333333333704642,0.499999999992242
D3,0.3,0.3,5,5,0.1,1.0394287109375,0.4999847147886411,0.3333333336353956,0.4999999999921661
D3,0.3,0.3,5,5,0.1,1.049423217773438,0.4999861668186638,0.3333333335786763,0.49999999999209
D3,0.3,0.3,5,5,0.1,1.059417724609375,0.4999874810340192,0.3333333335322143,0.4999999999920142
D3,0.3,0.3,5,5,0.1,1.069412231445312,0.499988670494966,0.3333333334941517,0.4999999999919378
D3,0.3,0.3,5,5,0.1,1.07940673828125,0.4999897470273446,0.333333333462966,0.4999999999918612
D3,0.3,0.3,5,5,0.1,1.089401245117188,0.4999907213387064,0.3333333334374121,0.4999999999917848
D3,0.3,0.3,5,5,0.1,1.099395751953125,0.4999916031236322,0.3333333334164689,0.4999999999917081
D3,0.3,0.3,5,5,0.1,1.109390258789062,0.4999924011591846,0.3333333333993018,0.4999999999916311
D3,0.3,0.3,5,5,0.1,1.119384765625,0.4999931233914415,0.3333333333852263,0.4999999999915549
D3,0.3,0.3,5,5,0.1,1.129379272460938,0.4999937770138994,0.3333333333736821,0.4999999999914782
D3,0.3,0.3,5,5,0.1,1.139373779296875,0.499994368538543,0.3333333333642116,0.4999999999914019
D3,0.3,0.3,5,5,0.1,1.149368286132812,0.4999949038602173,0.3333333333564387,0.4999999999913254
D3,0.3,0.3,5,5,0.1,1.15936279296875,0.4999953883149739,0.3333333333500554,0.4999999999912489
D3,0.3,0.3,5,5,0.1,1.169357299804688,0.4999958267328984,0.33333333334481,0.4999999999911724
D3,0.3,0.3,5,5,0.1,1.179351806640625,0.4999962234859847,0.3333333333404973,0.4999999999910966
D3,0.3,0.3,5,5,0.1,1.189346313476562,0.4999965825314972,0.3333333333369469,0.4999999999910206
D3,0.3,0.3,5,5,0.1,1.1993408203125,0.4999969074512238,0.333333333334021,0.4999999999909446
D3,0.3,0.3,5,5,0.1,1.209335327148438,0.4999972014870467,0.3333333333316076,0.499999999990868
D3,0.3,0.3,5,5,0.1,1.219329833984375,0.4999974675731483,0.3333333333296134,0.4999999999907926
D3,0.3,0.3,5,5,0.1,1.229324340820312,0.4999977083651674,0.3333333333279614,0.4999999999907161
D3,0.3,0.3,5,5,0.1,1.23931884765625,0.4999979262666038,0.3333333333265908,0.4999999999906408
D3,0.3,0.3,5,5,0.1,1.249313354492188,0.4999981234527286,0.3333333333254504,0.499999999990564
D3,0.3,0.3,5,5,0.1,1.259307861328125,0.499998301892235,0.333333333324497,0.499999999990488
D3,0.3,0.3,5,5,0.1,1.269302368164062,0.4999984633668205,0.3333333333236996,0.4999999999904128
D3,0.3,0.3,5,5,0.1,1.279296875,0.4999986094889465,0.3333333333230274,0.4999999999903362
D3,0.3,0.3,5,5,0.1,1.289291381835938,0.4999987417178917,0.3333333333224578,0.4999999999902598
D3,0.3,0.3,5,5,0.1,1.299285888671875,0.499998861374288,0.3333333333219743,0.4999999999901836
D3,0.3,0.3,5,5,0.1,1.309280395507812,0.4999989696532868,0.3333333333215606,0.4999999999901086
D3,0.3,0.3,5,5,0.1,1.31927490234375,0.4999990676364727,0.3333333333212025,0.4999999999900325
D3,0.3,0.3,5,5,0.1,1.329269409179688,0.4999991563026511,0.3333333333208902,0.499999999989956
D3,0.3,0.3,5,5,0.1,1.339263916015625,0.4999992365375985,0.3333333333206159,0.499999999989879
D3,0.3,0.3,5,5,0.1,1.349258422851562,0.4999993091429087,0.3333333333203737,0.499999999989803
D3,0.3,0.3,5,5,0.1,1.3592529296875,0.4999993748439864,0.3333333333201577,0.4999999999897273
D3,0.3,0.3,5,5,0.1,1.369247436523438,0.4999994342972808,0.3333333333199633,0.4999999999896524
D3,0.3,0.3,5,5,0.1,1.379241943359375,0.4999994880968525,0.333333333319785,0.4999999999895771
D3,0.3,0.3,5,5,0.1,1.389236450195312,0.4999995367802794,0.3333333333196206,0.4999999999895007
D3,0.3,0.3,5,5,0.1,1.39923095703125,0.499999580834034,0.333333333319467,0.4999999999894246
D3,0.3,0.3,5,5,0.1,1.409225463867188,0.499999620698344,0.3333333333193225,0.4999999999893483
D3,0.3,0.3,5,5,0.1,1.419219970703125,0.4999996567715853,0.3333333333191846,0.4999999999892706
D3,0.3,0.3,5,5,0.1,1.429214477539062,0.4999996894142554,0.3333333333190533,0.499999999989194
D3,0.3,0.3,5,5,0.1,1.439208984375,0.4999997189525733,0.3333333333189286,0.4999999999891179
D3,0.3,0.3,5,5,0.1,1.449203491210938,0.4999997456817502,0.333333333318808,0.4999999999890412
D3,0.3,0.3,5,5,0.1,1.459197998046875,0.4999997698689252,0.3333333333186906,0.4999999999889653
D3,0.3,0.3,5,5,0.1,1.469192504882812,0.4999997917558291,0.3333333333185768,0.4999999999888893
D3,0.3,0.3,5,5,0.1,1.47918701171875,0.4999998115612134,0.3333333333184658,0.4999999999888138
D3,0.3,0.3,5,5,0.1,1.489181518554688,0.4999998294830287,0.3333333333183568,0.4999999999887385
D3,0.3,0.3,5,5,0.1,1.499176025390625,0.4999998457003992,0.333333333318249,0.4999999999886633
D3,0.3,0.3,5,5,0.1,1.509170532226562,0.4999998603754198,0.3333333333181435,0.4999999999885887
D3,0.3,0.3,5,5,0.1,1.5191650390625,0.4999998736547701,0.33333333331804,0.4999999999885142
D3,0.3,0.3,5,5,0.1,1.529159545898438,0.4999998856711843,0.3333333333179372,0.49999999998844
D3,0.3,0.3,5,5,0.1,1.539154052734375,0.4999998965447643,0.3333333333178348,0.4999999999883655
D3,0.3,0.3,5,5,0.1,1.549148559570312,0.4999999063842,0.3333333333177335,0.4999999999882914
D3,0.3,0.3,5,5,0.1,1.55914306640625,0.4999999152878442,0.3333333333176313,0.4999999999882163
D3,0.3,0.3,5,5,0.1,1.569137573242188,0.4999999233446938,0.3333333333175301,0.4999999999881417
D3,0.3,0.3,5,5,0.1,1.579132080078125,0.4999999306352814,0.3333333333174288,0.4999999999880668
D3,0.3,0.3,5,5,0.1,1.589126586914062,0.4999999372324795,0.3333333333173278,0.499999999987992
D3,0.3,0.3,5,5,0.1,1.59912109375,0.4999999432022343,0.333333333317227,0.499999999987917
D3,0.3,0.3,5,5,0.1,1.609115600585938,0.4999999486042201,0.3333333333171259,0.4999999999878419
D3,0.3,0.3,5,5,0.1,1.619110107421875,0.4999999534924377,0.3333333333170247,0.4999999999877667
D3,0.3,0.3,5,5,0.1,1.629104614257812,0.4999999579157472,0.3333333333169242,0.4999999999876912
D3,0.3,0.3,5,5,0.1,1.63909912109375,0.4999999619183684,0.333333333316823,0.4999999999876161
D3,0.3,0.3,5,5,0.1,1.649093627929688,0.4999999655403072,0.3333333333167225,0.4999999999875409
D3,0.3,0.3,5,5,0.1,1.659088134765625,0.49999996881777,0.3333333333166221,0.4999999999874653
D3,0.3,0.3,5,5,0.1,1.669082641601562,0.4999999717835191,0.3333333333165214,0.4999999999873904
D3,0.3,0.3,5,5,0.1,1.6790771484375,0.4999999744672009,0.3333333333164202,0.4999999999873142
D3,0.3,0.3,5,5,0.1,1.689071655273438,0.4999999768956419,0.3333333333163193,0.4999999999872394
D3,0.3,0.3,5,5,0.1,1.699066162109375,0.4999999790931184,0.3333333333162183,0.4999999999871636
D3,0.3,0.3,5,5,0.1,1.709060668945312,0.4999999810815948,0.3333333333161177,0.4999999999870881
D3,0.3,0.3,5,5,0.1,1.71905517578125,0.4999999828809492,0.3333333333160171,0.4999999999870117
D3,0.3,0.3,5,5,0.1,1.729049682617188,0.4999999845091697,0.3333333333159157,0.4999999999869367
D3,0.3,0.3,5,5,0.1,1.739044189453125,0.4999999859825322,0.3333333333158148,0.4999999999868608
D3,0.3,0.3,5,5,0.1,1.749038696289062,0.4999999873157662,0.3333333333157147,0.4999999999867865
D3,0.3,0.3,5,5,0.1,1.759033203125,0.4999999885221962,0.333333333315615,0.4999999999867111
D3,0.3,0.3,5,5,0.1,1.769027709960938,0.4999999896138846,0.3333333333155157,0.499999999986638
D3,0.3,0.3,5,5,0.1,1.779022216796875,0.4999999906017432,0.3333333333154162,0.4999999999865601
D3,0.3,0.3,5,5,0.1,1.789016723632812,0.4999999914956459,0.3333333333153154,0.4999999999864866
D3,0.3,0.3,5,5,0.1,1.79901123046875,0.4999999923045319,0.3333333333152154,0.4999999999864131
D3,0.3,0.3,5,5,0.1,1.809005737304688,0.4999999930364851,0.3333333333151161,0.4999999999863364
D3,0.3,0.3,5,5,0.1,1.819000244140625,0.4999999936988226,0.3333333333150162,0.499999999986262
D3,0.3,0.3,5,5,0.1,1.828994750976562,0.4999999942981665,0.3333333333149159,0.4999999999861873
D3,0.3,0.3,5,5,0.1,1.8389892578125,0.4999999948405071,0.3333333333148158,0.4999999999861118
D3,0.3,0.3,5,5,0.1,1.848983764648438,0.4999999953312649,0.333333333314717,0.4999999999860384
D3,0.3,0.3,5,5,0.1,1.858978271484375,0.4999999957753481,0.3333333333146182,0.4999999999859635
D3,0.3,0.3,5,5,0.1,1.868972778320312,0.4999999961771941,0.3333333333145187,0.499999999985889
D3,0.3,0.3,5,5,0.1,1.87896728515625,0.4999999965408212,0.3333333333144199,0.4999999999858151
D3,0.3,0.3,5,5,0.1,1.888961791992188,0.4999999968698637,0.3333333333143206,0.4999999999857409
D3,0.3,0.3,5,5,0.1,1.898956298828125,0.4999999971676108,0.333333333314222,0.4999999999856665
D3,0.3,0.3,5,5,0.1,1.908950805664062,0.4999999974370401,0.333333333314123,0.4999999999855924
D3,0.3,0.3,5,5,0.1,1.9189453125,0.4999999976808441,0.3333333333140242,0.4999999999855181
D3,0.3,0.3,5,5,0.1,1.928939819335938,0.4999999979014594,0.3333333333139258,0.4999999999854444
D3,0.3,0.3,5,5,0.1,1.938934326171875,0.499999998101093,0.3333333333138263,0.4999999999853703
D3,0.3,0.3,5,5,0.1,1.948928833007812,0.4999999982817392,0.3333333333137271,0.4999999999852954
D3,0.3,0.3,5,5,0.1,1.95892333984375,0.4999999984452034,0.3333333333136289,0.4999999999852217
D3,0.3,0.3,5,5,0.1,1.968917846679688,0.4999999985931216,0.3333333333135298,0.4999999999851473
D3,0.3,0.3,5,5,0.1,1.978912353515625,0.4999999987269717,0.3333333333134301,0.4999999999850731
D3,0.3,0.3,5,5,0.1,1.988906860351562,0.4999999988480915,0.333333333313331,0.4999999999849986
D3,0.3,0.3,5,5,0.1,1.9989013671875,0.4999999989576908,0.3333333333132321,0.4999999999849241
D3,0.3,0.3,5,5,0.1,2.008895874023438,0.4999999990568654,0.3333333333131321,0.4999999999848492
D3,0.3,0.3,5,5,0.1,2.018890380859375,0.4999999991466098,0.3333333333130329,0.499999999984775
D3,0.3,0.3,5,5,0.1,2.028884887695312,0.4999999992278178,0.3333333333129349,0.499999999984702
D3,0.3,0.3,5,5,0.1,2.03887939453125,0.4999999993013012,0.3333333333128354,0.4999999999846266
D3,0.3,0.3,5,5,0.1,2.048873901367188,0.499999999367799,0.3333333333127345,0.4999999999845509
D3,0.3,0.3,5,5,0.1,2.058868408203125,0.4999999994279708,0.3333333333126336,0.4999999999844756
D3,0.3,0.3,5,5,0.1,2.068862915039062,0.4999999994824155,0.3333333333125363,0.4999999999844028
D3,0.3,0.3,5,5,0.1,2.078857421875,0.4999999995316837,0.3333333333124361,0.499999999984327
D3,0.3,0.3,5,5,0.1,2.088851928710938,0.4999999995762708,0.3333333333123346,0.4999999999842511
D3,0.3,0.3,5,5,0.1,2.098846435546875,0.4999999996166155,0.3333333333122341,0.4999999999841759
D3,0.3,0.3,5,5,0.1,2.108840942382812,0.49999999965312,0.3333333333121353,0.4999999999841015
D3,0.3,0.3,5,5,0.1,2.11883544921875,0.4999999996861518,0.3333333333120355,0.4999999999840268
D3,0.3,0.3,5,5,0.1,2.128829956054688,0.4999999997160456,0.3333333333119388,0.4999999999839543
D3,0.3,0.3,5,5,0.1,2.138824462890625,0.4999999997430961,0.3333333333118411,0.4999999999838808
D3,0.3,0.3,5,5,0.1,2.148818969726562,0.4999999997675712,0.3333333333117377,0.4999999999838033
D3,0.3,0.3,5,5,0.1,2.1588134765625,0.4999999997897217,0.333333333311644,0.4999999999837336
D3,0.3,0.3,5,5,0.1,2.168807983398438,0.4999999998097647,0.3333333333115396,0.4999999999836546
D3,0.3,0.3,5,5,0.1,2.178802490234375,0.4999999998278978,0.3333333333114424,0.4999999999835816
D3,0.3,0.3,5,5,0.1,2.188796997070312,0.4999999998443083,0.333333333311338,0.4999999999835036
D3,0.3,0.3,5,5,0.1,2.19879150390625,0.4999999998591595,0.3333333333112453,0.4999999999834344
D3,0.3,0.3,5,5,0.1,2.208786010742188,0.4999999998726046,0.3333333333111406,0.4999999999833557
D3,0.3,0.3,5,5,0.1,2.218780517578125,0.4999999998847596,0.3333333333110462,0.4999999999832846
D3,0.3,0.3,5,5,0.1,2.228775024414062,0.4999999998957543,0.3333333333109482,0.499999999983211
D3,0.3,0.3,5,5,0.1,2.23876953125,0.4999999999057203,0.333333333310845,0.4999999999831337
D3,0.3,0.3,5,5,0.1,2.248764038085938,0.4999999999147153,0.3333333333107392,0.4999999999830547
D3,0.3,0.3,5,5,0.1,2.258758544921875,0.499999999922886,0.3333333333106517,0.4999999999829888
D3,0.3,0.3,5,5,0.1,2.268753051757812,0.4999999999302428,0.3333333333105536,0.4999999999829152
D3,0.3,0.3,5,5,0.1,2.27874755859375,0.499999999936931,0.3333333333104561,0.4999999999828419
D3,0.3,0.3,5,5,0.1,2.288742065429688,0.4999999999429744,0.3333333333103542,0.4999999999827659
D3,0.3,0.3,5,5,0.1,2.298736572265625,0.4999999999484466,0.3333333333102418,0.4999999999826814
D3,0.3,0.3,5,5,0.1,2.308731079101562,0.4999999999533575,0.3333333333101404,0.4999999999826054
D3,0.3,0.3,5,5,0.1,2.3187255859375,0.4999999999578654,0.3333333333100602,0.4999999999825449
D3,0.3,0.3,5,5,0.1,2.328720092773438,0.4999999999619217,0.3333333333099644,0.4999999999824732
D3,0.3,0.3,5,5,0.1,2.338714599609375,0.4999999999655547,0.3333333333098756,0.4999999999824071
D3,0.3,0.3,5,5,0.1,2.348709106445312,0.4999999999688739,0.3333333333097748,0.499999999982331
D3,0.3,0.3,5,5,0.1,2.35870361328125,0.4999999999718699,0.3333333333096735,0.4999999999822552
D3,0.3,0.3,5,5,0.1,2.368698120117188,0.499999999974575,0.3333333333095528,0.4999999999821648
D3,0.3,0.3,5,5,0.1,2.378692626953125,0.4999999999770068,0.3333333333094426,0.4999999999820819
D3,0.3,0.3,5,5,0.1,2.388687133789062,0.4999999999792399,0.3333333333093419,0.4999999999820064
D3,0.3,0.3,5,5,0.1,2.398681640625,0.4999999999812929,0.3333333333092341,0.4999999999819259
D3,0.3,0.3,5,5,0.1,2.408676147460938,0.4999999999831699,0.3333333333091295,0.4999999999818469
D3,0.3,0.3,5,5,0.1,2.418670654296875,0.4999999999848562,0.3333333333090271,0.4999999999817705
D3,0.3,0.3,5,5,0.1,2.428665161132812,0.4999999999863675,0.3333333333089313,0.4999999999816986
D3,0.3,0.3,5,5,0.1,2.43865966796875,0.4999999999877308,0.3333333333088299,0.4999999999816223
D3,0.3,0.3,5,5,0.1,2.448654174804688,0.4999999999889526,0.3333333333087347,0.4999999999815508
D3,0.3,0.3,5,5,0.1,2.458648681640625,0.4999999999900529,0.3333333333086471,0.499999999981486
D3,0.3,0.3,5,5,0.1,2.468643188476562,0.4999999999910353,0.3333333333085636,0.4999999999814224
D3,0.3,0.3,5,5,0.1,2.4786376953125,0.4999999999919297,0.3333333333084769,0.4999999999813577
D3,0.3,0.3,5,5,0.1,2.488632202148438,0.4999999999927336,0.3333333333083934,0.4999999999812944
D3,0.3,0.3,5,5,0.1,2.498626708984375,0.4999999999934536,0.333333333308319,0.4999999999812391
D3,0.3,0.3,5,5,0.1,2.508621215820312,0.4999999999941148,0.3333333333082211,0.4999999999811657
D3,0.3,0.3,5,5,0.1,2.51861572265625,0.4999999999947264,0.3333333333081072,0.4999999999810804
D3,0.3,0.3,5,5,0.1,2.528610229492188,0.4999999999952658,0.3333333333079961,0.4999999999809973
D3,0.3,0.3,5,5,0.1,2.538604736328125,0.4999999999957149,0.3333333333078842,0.4999999999809134
D3,0.3,0.3,5,5,0.1,2.548599243164062,0.4999999999961075,0.3333333333077749,0.499999999980831
D3,0.3,0.3,5,5,0.1,2.55859375,0.499999999996478,0.3333333333076693,0.499999999980752
D3,0.3,0.3,5,5,0.1,2.568588256835938,0.4999999999968069,0.3333333333075716,0.4999999999806788
D3,0.3,0.3,5,5,0.1,2.578582763671875,0.4999999999970915,0.333333333307484,0.4999999999806131
D3,0.3,0.3,5,5,0.1,2.588577270507812,0.4999999999973715,0.3333333333074009,0.4999999999805507
D3,0.3,0.3,5,5,0.1,2.59857177734375,0.4999999999976185,0.3333333333073142,0.4999999999804858
D3,0.3,0.3,5,5,0.1,2.608566284179688,0.499999999997825,0.3333333333072312,0.4999999999804239
D3,0.3,0.3,5,5,0.1,2.618560791015625,0.4999999999980257,0.3333333333071563,0.4999999999803673
D3,0.3,0.3,5,5,0.1,2.628555297851562,0.4999999999982204,0.3333333333070894,0.4999999999803173
D3,0.3,0.3,5,5,0.1,2.6385498046875,0.4999999999984103,0.3333333333070293,0.4999999999802721
D3,0.3,0.3,5,5,0.1,2.648544311523438,0.4999999999985464,0.3333333333069521,0.4999999999802144
D3,0.3,0.3,5,5,0.1,2.658538818359375,0.4999999999986691,0.3333333333068834,0.4999999999801633
D3,0.3,0.3,5,5,0.1,2.668533325195312,0.4999999999987882,0.333333333306821,0.4999999999801159
D3,0.3,0.3,5,5,0.1,2.67852783203125,0.4999999999989006,0.3333333333067668,0.4999999999800752
D3,0.3,0.3,5,5,0.1,2.688522338867188,0.4999999999990108,0.3333333333067179,0.4999999999800382
D3,0.3,0.3,5,5,0.1,2.698516845703125,0.4999999999991165,0.3333333333066731,0.499999999980005
D3,0.3,0.3,5,5,0.1,2.708511352539062,0.4999999999992198,0.3333333333066333,0.4999999999799751
D3,0.3,0.3,5,5,0.1,2.718505859375,0.4999999999993194,0.3333333333065976,0.4999999999799483
D3,0.3,0.3,5,5,0.1,2.728500366210938,0.4999999999994173,0.333333333306569,0.4999999999799269
D3,0.3,0.3,5,5,0.1,2.738494873046875,0.4999999999994243,0.3333333333065676,0.4999999999799256
D3,0.3,0.3,5,5,0.1,2.748489379882812,0.4999999999994243,0.3333333333065676,0.4999999999799256
D3,0.3,0.3,5,5,0.1,2.75848388671875,0.4999999999994243,0.3333333333065676,0.4999999999799256
D3,0.3,0.3,5,5,0.1,2.768478393554688,0.4999999999994243,0.3333333333065676,0.4999999999799256
D3,0.3,0.3,5,5,0.1,2.778472900390625,0.4999999999994243,0.3333333333065676,0.4999999999799256
D3,0.3,0.3,5,5,0.1,2.788467407226562,0.4999999999994243,0.3333333333065676,0.4999999999799256
D3,0.3,0.3,5,5,0.1,2.7984619140625,0.4999999999994243,0.3333333333065676,0.4999999999799256
D3,0.3,0.3,5,5,0.1,2.808456420898438,0.4999999999994243,0.3333333333065676,0.4999999999799256
D3,0.3,0.3,5,5,0.1,2.818450927734375,0.4999999999994243,0.3333333333065676,0.4999999999799256
D3,0.3,0.3,5,5,0.1,2.828445434570312,0.4999999999994243,0.3333333333065676,0.4999999999799256
D3,0.3,0.3,5,5,0.1,2.83843994140625,0.4999999999994243,0.3333333333065676,0.4999999999799256
D3,0.3,0.3,5,5,0.1,2.848434448242188,0.4999999999994243,0.3333333333065676,0.4999999999799256
D3,0.3,0.3,5,5,0.1,2.858428955078125,0.4999999999994243,0.3333333333065676,0.4999999999799256
D3,0.3,0.3,5,5,0.1,2.868423461914062,0.4999999999994243,0.3333333333065676,0.4999999999799256
D3,0.3,0.3,5,5,0.1,2.87841796875,0.4999999999994243,0.3333333333065676,0.4999999999799256
D3,0.3,0.3,5,5,0.1,2.888412475585938,0.4999999999994243,0.3333333333065676,0.4999999999799256
D3,0.3,0.3,5,5,0.1,2.898406982421875,0.4999999999994243,0.3333333333065676,0.4999999999799256
D3,0.3,0.3,5,5,0.1,2.908401489257812,0.4999999999994243,0.3333333333065676,0.4999999999799256
D3,0.3,0.3,5,5,0.1,2.91839599609375,0.4999999999994243,0.3333333333065676,0.4999999999799256
D3,0.3,0.3,5,5,0.1,2.928390502929688,0.4999999999994243,0.3333333333065676,0.4999999999799256
D3,0.3,0.3,5,5,0.1,2.938385009765625,0.4999999999994243,0.3333333333065676,0.4999999999799256
D3,0.3,0.3,5,5,0.1,2.948379516601562,0.4999999999994243,0.3333333333065676,0.4999999999799256
D3,0.3,0.3,5,5,0.1,2.9583740234375,0.4999999999994243,0.3333333333065676,0.4999999999799256
D3,0.3,0.3,5,5,0.1,2.968368530273438,0.4999999999994243,0.3333333333065676,0.4999999999799256
D3,0.3,0.3,5,5,0.1,2.978363037109375,0.4999999999994243,0.3333333333065676,0.4999999999799256
D3,0.3,0.3,5,5,0.1,2.988357543945312,0.4999999999994243,0.3333333333065676,0.4999999999799256
D3,0.3,0.3,5,5,0.1,2.99835205078125,0.4999999999994243,0.3333333333065676,0.4999999999799256
D3,0.3,0.3,5,5,0.1,3.008346557617188,0.4999999999994243,0.3333333333065676,0.4999999999799256
D3,0.3,0.3,5,5,0.1,3.018341064453125,0.4999999999994243,0.3333333333065676,0.4999999999799256
D3,0.3,0.3,5,5,0.1,3.028335571289062,0.4999999999994243,0.3333333333065676,0.4999999999799256
D3,0.3,0.3,5,5,0.1,3.038330078125,0.4999999999994243,0.3333333333065676,0.4999999999799256
D3,0.3,0.3,5,5,0.1,3.048324584960938,0.4999999999994243,0.3333333333065676,0.4999999999799256
D3,0.3,0.3,5,5,0.1,3.058319091796875,0.4999999999994243,0.3333333333065676,0.4999999999799256
D3,0.3,0.3,5,5,0.1,3.068313598632812,0.4999999999994243,0.3333333333065676,0.4999999999799256
D3,0.3,0.3,5,5,0.1,3.07830810546875,0.4999999999994243,0.3333333333065676,0.4999999999799256
D3,0.3,0.3,5,5,0.1,3.088302612304688,0.4999999999994243,0.3333333333065676,0.4999999999799256
D3,0.3,0.3,5,5,0.1,3.098297119140625,0.4999999999994243,0.3333333333065676,0.4999999999799256
D3,0.3,0.3,5,5,0.1,3.108291625976562,0.4999999999994243,0.3333333333065676,0.4999999999799256
D3,0.3,0.3,5,5,0.1,3.1182861328125,0.4999999999994243,0.3333333333065676,0.4999999999799256
D3,0.3,0.3,5,5,0.1,3.128280639648438,0.4999999999994243,0.3333333333065676,0.4999999999799256
D3,0.3,0.3,5,5,0.1,3.138275146484375,0.4999999999994243,0.3333333333065676,0.4999999999799256
D3,0.3,0.3,5,5,0.1,3.148269653320312,0.4999999999994243,0.3333333333065676,0.4999999999799256
D3,0.3,0.3,5,5,0.1,3.15826416015625,0.4999999999994243,0.3333333333065676,0.4999999999799256
D3,0.3,0.3,5,5,0.1,3.168258666992188,0.4999999999994243,0.3333333333065676,0.4999999999799256
D3,0.3,0.3,5,5,0.1,3.178253173828125,0.4999999999994243,0.3333333333065676,0.4999999999799256
D3,0.3,0.3,5,5,0.1,3.188247680664062,0.4999999999994243,0.3333333333065676,0.4999999999799256
D3,0.3,0.3,5,5,0.1,3.1982421875,0.4999999999994243,0.3333333333065676,0.4999999999799256
D3,0.3,0.3,5,5,0.1,3.208236694335938,0.4999999999994243,0.3333333333065676,0.4999999999799256
D3,0.3,0.3,5,5,0.1,3.218231201171875,0.4999999999994243,0.3333333333065676,0.4999999999799256
D3,0.3,0.3,5,5,0.1,3.228225708007812,0.4999999999994243,0.3333333333065676,0.4999999999799256
D3,0.3,0.3,5,5,0.1,3.23822021484375,0.4999999999994243,0.3333333333065676,0.4999999999799256
D3,0.3,0.3,5,5,0.1,3.248214721679688,0.4999999999994243,0.3333333333065676,0.4999999999799256
D3,0.3,0.3,5,5,0.1,3.258209228515625,0.4999999999994243,0.3333333333065676,0.4999999999799256
D3,0.3,0.3,5,5,0.1,3.268203735351562,0.4999999999994243,0.3333333333065676,0.4999999999799256
D3,0.3,0.3,5,5,0.1,3.2781982421875,0.4999999999994243,0.3333333333065676,0.4999999999799256
D3,0.3,0.3,5,5,0.1,3.288192749023438,0.4999999999994243,0.3333333333065676,0.4999999999799256
D3,0.3,0.3,5,5,0.1,3.298187255859375,0.4999999999994243,0.3333333333065676,0.4999999999799256
D3,0.3,0.3,5,5,0.1,3.308181762695312,0.4999999999994243,0.3333333333065676,0.4999999999799256
D3,0.3,0.3,5,5,0.1,3.31817626953125,0.4999999999994243,0.3333333333065676,0.4999999999799256
D3,0.3,0.3,5,5,0.1,3.328170776367188,0.4999999999994243,0.3333333333065676,0.4999999999799256
D3,0.3,0.3,5,5,0.1,3.338165283203125,0.4999999999994243,0.3333333333065676,0.4999999999799256
D3,0.3,0.3,5,5,0.1,3.348159790039062,0.4999999999994243,0.3333333333065676,0.4999999999799256
D3,0.3,0.3,5,5,0.1,3.358154296875,0.4999999999994243,0.3333333333065676,0.4999999999799256
D3,0.3,0.3,5,5,0.1,3.368148803710938,0.4999999999994243,0.3333333333065676,0.4999999999799256
D3,0.3,0.3,5,5,0.1,3.378143310546875,0.4999999999994243,0.3333333333065676,0.4999999999799256
D3,0.3,0.3,5,5,0.1,3.388137817382812,0.4999999999994243,0.3333333333065676,0.4999999999799256
D3,0.3,0.3,5,5,0.1,3.39813232421875,0.4999999999994243,0.3333333333065676,0.4999999999799256
D3,0.3,0.3,5,5,0.1,3.408126831054688,0.4999999999994243,0.3333333333065676,0.4999999999799256
D3,0.3,0.3,5,5,0.1,3.418121337890625,0.4999999999994243,0.3333333333065676,0.4999999999799256
D3,0.3,0.3,5,5,0.1,3.428115844726562,0.4999999999994243,0.3333333333065676,0.4999999999799256
D3,0.3,0.3,5,5,0.1,3.4381103515625,0.4999999999994243,0.3333333333065676,0.4999999999799256
D3,0.3,0.3,5,5,0.1,3.448104858398438,0.4999999999994243,0.3333333333065676,0.4999999999799256
D3,0.3,0.3,5,5,0.1,3.458099365234375,0.4999999999994243,0.3333333333065676,0.4999999999799256
D3,0.3,0.3,5,5,0.1,3.468093872070312,0.4999999999994243,0.3333333333065676,0.4999999999799256
D3,0.3,0.3,5,5,0.1,3.47808837890625,0.4999999999994243,0.3333333333065676,0.4999999999799256
D3,0.3,0.3,5,5,0.1,3.488082885742188,0.4999999999994243,0.3333333333065676,0.4999999999799256
D3,0.3,0.3,5,5,0.1,3.498077392578125,0.4999999999994243,0.3333333333065676,0.4999999999799256
D3,0.3,0.3,5,5,0.1,3.508071899414062,0.4999999999994243,0.3333333333065676,0.4999999999799256
D3,0.3,0.3,5,5,0.1,3.51806640625,0.4999999999994243,0.3333333333065676,0.4999999999799256
D3,0.3,0.3,5,5,0.1,3.528060913085938,0.4999999999994243,0.3333333333065676,0.4999999999799256
D3,0.3,0.3,5,5,0.1,3.538055419921875,0.4999999999994243,0.3333333333065676,0.4999999999799256
D3,0.3,0.3,5,5,0.1,3.548049926757812,0.4999999999994243,0.3333333333065676,0.4999999999799256
D3,0.3,0.3,5,5,0.1,3.55804443359375,0.4999999999994243,0.3333333333065676,0.4999999999799256
D3,0.3,0.3,5,5,0.1,3.568038940429688,0.4999999999994243,0.3333333333065676,0.4999999999799256
D3,0.3,0.3,5,5,0.1,3.578033447265625,0.4999999999994243,0.3333333333065676,0.4999999999799256
D3,0.3,0.3,5,5,0.1,3.588027954101562,0.4999999999994243,0.3333333333065676,0.4999999999799256
D3,0.3,0.3,5,5,0.1,3.5980224609375,0.4999999999994243,0.3333333333065676,0.4999999999799256
D3,0.3,0.3,5,5,0.1,3.608016967773438,0.4999999999994243,0.3333333333065676,0.4999999999799256
D3,0.3,0.3,5,5,0.1,3.618011474609375,0.4999999999994243,0.3333333333065676,0.4999999999799256
D3,0.3,0.3,5,5,0.1,3.628005981445312,0.4999999999994243,0.3333333333065676,0.4999999999799256
D3,0.3,0.3,5,5,0.1,3.63800048828125,0.4999999999994243,0.3333333333065676,0.4999999999799256
D3,0.3,0.3,5,5,0.1,3.647994995117188,0.4999999999994243,0.3333333333065676,0.4999999999799256
D3,0.3,0.3,5,5,0.1,3.657989501953125,0.4999999999994243,0.3333333333065676,0.4999999999799256
D3,0.3,0.3,5,5,0.1,3.667984008789062,0.4999999999994243,0.3333333333065676,0.4999999999799256
D3,0.3,0.3,5,5,0.1,3.677978515625,0.4999999999994243,0.3333333333065676,0.4999999999799256
D3,0.3,0.3,5,5,0.1,3.687973022460938,0.4999999999994243,0.3333333333065676,0.4999999999799256
D3,0.3,0.3,5,5,0.1,3.697967529296875,0.4999999999994243,0.3333333333065676,0.4999999999799256
D3,0.3,0.3,5,5,0.1,3.707962036132812,0.4999999999994243,0.3333333333065676,0.4999999999799256
D3,0.3,0.3,5,5,0.1,3.71795654296875,0.4999999999994243,0.3333333333065676,0.4999999999799256
D3,0.3,0.3,5,5,0.1,3.727951049804688,0.4999999999994243,0.3333333333065676,0.4999999999799256
D3,0.3,0.3,5,5,0.1,3.737945556640625,0.4999999999994243,0.3333333333065676,0.4999999999799256
D3,0.3,0.3,5,5,0.1,3.747940063476562,0.4999999999994243,0.3333333333065676,0.4999999999799256
D3,0.3,0.3,5,5,0.1,3.7579345703125,0.4999999999994243,0.3333333333065676,0.4999999999799256
D3,0.3,0.3,5,5,0.1,3.767929077148438,0.4999999999994243,0.3333333333065676,0.4999999999799256
D3,0.3,0.3,5,5,0.1,3.777923583984375,0.4999999999994243,0.3333333333065676,0.4999999999799256
D3,0.3,0.3,5,5,0.1,3.787918090820312,0.4999999999994243,0.3333333333065676,0.4999999999799256
D3,0.3,0.3,5,5,0.1,3.79791259765625,0.4999999999994243,0.3333333333065676,0.4999999999799256
D3,0.3,0.3,5,5,0.1,3.807907104492188,0.4999999999994243,0.3333333333065676,0.4999999999799256
D3,0.3,0.3,5,5,0.1,3.817901611328125,0.4999999999994243,0.3333333333065676,0.4999999999799256
D3,0.3,0.3,5,5,0.1,3.827896118164062,0.4999999999994243,0.3333333333065676,0.4999999999799256
D3,0.3,0.3,5,5,0.1,3.837890625,0.4999999999994243,0.3333333333065676,0.4999999999799256
D3,0.3,0.3,5,5,0.1,3.847885131835938,0.4999999999994243,0.3333333333065676,0.4999999999799256
D3,0.3,0.3,5,5,0.1,3.857879638671875,0.4999999999994243,0.3333333333065676,0.4999999999799256
D3,0.3,0.3,5,5,0.1,3.867874145507812,0.4999999999994243,0.3333333333065676,0.4999999999799256
D3,0.3,0.3,5,5,0.1,3.87786865234375,0.4999999999994243,0.3333333333065676,0.4999999999799256
D3,0.3,0.3,5,5,0.1,3.887863159179688,0.4999999999994243,0.3333333333065676,0.4999999999799256
D3,0.3,0.3,5,5,0.1,3.897857666015625,0.4999999999994243,0.3333333333065676,0.4999999999799256
D3,0.3,0.3,5,5,0.1,3.907852172851562,0.4999999999994243,0.3333333333065676,0.4999999999799256
D3,0.3,0.3,5,5,0.1,3.9178466796875,0.4999999999994243,0.3333333333065676,0.4999999999799256
D3,0.3,0.3,5,5,0.1,3.927841186523438,0.4999999999994243,0.3333333333065676,0.4999999999799256
D3,0.3,0.3,5,5,0.1,3.937835693359375,0.4999999999994243,0.3333333333065676,0.4999999999799256
D3,0.3,0.3,5,5,0.1,3.947830200195312,0.4999999999994243,0.3333333333065676,0.4999999999799256
D3,0.3,0.3,5,5,0.1,3.95782470703125,0.4999999999994243,0.3333333333065676,0.4999999999799256
D3,0.3,0.3,5,5,0.1,3.967819213867188,0.4999999999994243,0.3333333333065676,0.4999999999799256
D3,0.3,0.3,5,5,0.1,3.977813720703125,0.4999999999994243,0.3333333333065676,0.4999999999799256
D3,0.3,0.3,5,5,0.1,3.987808227539062,0.4999999999994243,0.3333333333065676,0.4999999999799256
D3,0.3,0.3,5,5,0.1,3.997802734375,0.4999999999994243,0.3333333333065676,0.4999999999799256
D3,0.3,0.3,5,5,0.1,4.007797241210938,0.4999999999994243,0.3333333333065676,0.4999999999799256
D3,0.3,0.3,5,5,0.1,4.017791748046875,0.4999999999994243,0.3333333333065676,0.4999999999799256
D3,0.3,0.3,5,5,0.1,4.027786254882812,0.4999999999994243,0.3333333333065676,0.4999999999799256
D3,0.3,0.3,5,5,0.1,4.03778076171875,0.4999999999994243,0.3333333333065676,0.4999999999799256
D3,0.3,0.3,5,5,0.1,4.047775268554688,0.4999999999994243,0.3333333333065676,0.4999999999799256
D3,0.3,0.3,5,5,0.1,4.057769775390625,0.4999999999994243,0.3333333333065676,0.4999999999799256
D3,0.3,0.3,5,5,0.1,4.067764282226562,0.4999999999994243,0.3333333333065676,0.4999999999799256
D3,0.3,0.3,5,5,0.1,4.0777587890625,0.4999999999994243,0.3333333333065676,0.4999999999799256
D3,0.3,0.3,5,5,0.1,4.087753295898438,0.4999999999994243,0.3333333333065676,0.4999999999799256
D3,0.3,0.3,5,5,0.1,4.097747802734375,0.4999999999994243,0.3333333333065676,0.4999999999799256
D3,0.3,0.3,5,5,0.1,4.107742309570312,0.4999999999994243,0.3333333333065676,0.4999999999799256
D3,0.3,0.3,5,5,0.1,4.11773681640625,0.4999999999994243,0.3333333333065676,0.4999999999799256
D3,0.3,0.3,5,5,0.1,4.127731323242188,0.4999999999994243,0.3333333333065676,0.4999999999799256
D3,0.3,0.3,5,5,0.1,4.137725830078125,0.4999999999994243,0.3333333333065676,0.4999999999799256
D3,0.3,0.3,5,5,0.1,4.147720336914062,0.4999999999994243,0.3333333333065676,0.4999999999799256
D3,0.3,0.3,5,5,0.1,4.15771484375,0.4999999999994243,0.3333333333065676,0.4999999999799256
D3,0.3,0.3,5,5,0.1,4.167709350585938,0.4999999999994243,0.3333333333065676,0.4999999999799256
D3,0.3,0.3,5,5,0.1,4.177703857421875,0.4999999999994243,0.3333333333065676,0.4999999999799256
D3,0.3,0.3,5,5,0.1,4.187698364257812,0.4999999999994243,0.3333333333065676,0.4999999999799256
D3,0.3,0.3,5,5,0.1,4.19769287109375,0.4999999999994243,0.3333333333065676,0.4999999999799256
D3,0.3,0.3,5,5,0.1,4.207687377929688,0.4999999999994243,0.3333333333065676,0.4999999999799256
D3,0.3,0.3,5,5,0.1,4.217681884765625,0.4999999999994243,0.3333333333065676,0.4999999999799256
D3,0.3,0.3,5,5,0.1,4.227676391601562,0.4999999999994243,0.3333333333065676,0.4999999999799256
D3,0.3,0.3,5,5,0.1,4.2376708984375,0.4999999999994243,0.3333333333065676,0.4999999999799256
D3,0.3,0.3,5,5,0.1,4.247665405273438,0.4999999999994243,0.3333333333065676,0.4999999999799256
D3,0.3,0.3,5,5,0.1,4.257659912109375,0.4999999999994243,0.3333333333065676,0.4999999999799256
D3,0.3,0.3,5,5,0.1,4.267654418945312,0.4999999999994243,0.3333333333065676,0.4999999999799256
D3,0.3,0.3,5,5,0.1,4.27764892578125,0.4999999999994243,0.3333333333065676,0.4999999999799256
D3,0.3,0.3,5,5,0.1,4.287643432617188,0.4999999999994243,0.3333333333065676,0.4999999999799256
D3,0.3,0.3,5,5,0.1,4.297637939453125,0.4999999999994243,0.3333333333065676,0.4999999999799256
D3,0.3,0.3,5,5,0.1,4.307632446289062,0.4999999999994243,0.3333333333065676,0.4999999999799256
D3,0.3,0.3,5,5,0.1,4.317626953125,0.4999999999994243,0.3333333333065676,0.4999999999799256
D3,0.3,0.3,5,5,0.1,4.327621459960938,0.4999999999994243,0.3333333333065676,0.4999999999799256
D3,0.3,0.3,5,5,0.1,4.337615966796875,0.4999999999994243,0.3333333333065676,0.4999999999799256
D3,0.3,0.3,5,5,0.1,4.347610473632812,0.4999999999994243,0.3333333333065676,0.4999999999799256
D3,0.3,0.3,5,5,0.1,4.35760498046875,0.4999999999994243,0.3333333333065676,0.4999999999799256
D3,0.3,0.3,5,5,0.1,4.367599487304688,0.4999999999994243,0.3333333333065676,0.4999999999799256
D3,0.3,0.3,5,5,0.1,4.377593994140625,0.4999999999994243,0.3333333333065676,0.4999999999799256
D3,0.3,0.3,5,5,0.1,4.387588500976562,0.4999999999994243,0.3333333333065676,0.4999999999799256
D3,0.3,0.3,5,5,0.1,4.3975830078125,0.4999999999994243,0.3333333333065676,0.4999999999799256
D3,0.3,0.3,5,5,0.1,4.407577514648438,0.4999999999994243,0.3333333333065676,0.4999999999799256
D3,0.3,0.3,5,5,0.1,4.417572021484375,0.4999999999994243,0.3333333333065676,0.4999999999799256
D3,0.3,0.3,5,5,0.1,4.427566528320312,0.4999999999994243,0.3333333333065676,0.4999999999799256
D3,0.3,0.3,5,5,0.1,4.43756103515625,0.4999999999994243,0.3333333333065676,0.4999999999799256
D3,0.3,0.3,5,5,0.1,4.447555541992188,0.4999999999994243,0.3333333333065676,0.4999999999799256
D3,0.3,0.3,5,5,0.1,4.457550048828125,0.4999999999994243,0.3333333333065676,0.4999999999799256
D3,0.3,0.3,5,5,0.1,4.467544555664062,0.4999999999994243,0.3333333333065676,0.4999999999799256
D3,0.3,0.3,5,5,0.1,4.4775390625,0.4999999999994243,0.3333333333065676,0.4999999999799256
D3,0.3,0.3,5,5,0.1,4.487533569335938,0.4999999999994243,0.3333333333065676,0.4999999999799256
D3,0.3,0.3,5,5,0.1,4.497528076171875,0.4999999999994243,0.3333333333065676,0.4999999999799256
D3,0.3,0.3,5,5,0.1,4.507522583007812,0.4999999999994243,0.3333333333065676,0.4999999999799256
D3,0.3,0.3,5,5,0.1,4.51751708984375,0.4999999999994243,0.3333333333065676,0.4999999999799256
D3,0.3,0.3,5,5,0.1,4.527511596679688,0.4999999999994243,0.3333333333065676,0.4999999999799256
D3,0.3,0.3,5,5,0.1,4.537506103515625,0.4999999999994243,0.3333333333065676,0.4999999999799256
D3,0.3,0.3,5,5,0.1,4.547500610351562,0.4999999999994243,0.3333333333065676,0.4999999999799256
D3,0.3,0.3,5,5,0.1,4.5574951171875,0.4999999999994243,0.3333333333065676,0.4999999999799256
D3,0.3,0.3,5,5,0.1,4.567489624023438,0.4999999999994243,0.3333333333065676,0.4999999999799256
D3,0.3,0.3,5,5,0.1,4.577484130859375,0.4999999999994243,0.3333333333065676,0.4999999999799256
D3,0.3,0.3,5,5,0.1,4.587478637695312,0.4999999999994243,0.3333333333065676,0.4999999999799256
D3,0.3,0.3,5,5,0.1,4.59747314453125,0.4999999999994243,0.3333333333065676,0.4999999999799256
D3,0.3,0.3,5,5,0.1,4.607467651367188,0.4999999999994243,0.3333333333065676,0.4999999999799256
D3,0.3,0.3,5,5,0.1,4.617462158203125,0.4999999999994243,0.3333333333065676,0.4999999999799256
D3,0.3,0.3,5,5,0.1,4.627456665039062,0.4999999999994243,0.3333333333065676,0.4999999999799256
D3,0.3,0.3,5,5,0.1,4.637451171875,0.4999999999994243,0.3333333333065676,0.4999999999799256
D3,0.3,0.3,5,5,0.1,4.647445678710938,0.4999999999994243,0.3333333333065676,0.4999999999799256
D3,0.3,0.3,5,5,0.1,4.657440185546875,0.4999999999994243,0.3333333333065676,0.4999999999799256
D3,0.3,0.3,5,5,0.1,4.667434692382812,0.4999999999994243,0.3333333333065676,0.4999999999799256
D3,0.3,0.3,5,5,0.1,4.67742919921875,0.4999999999994243,0.3333333333065676,0.4999999999799256
D3,0.3,0.3,5,5,0.1,4.687423706054688,0.4999999999994243,0.3333333333065676,0.4999999999799256
D3,0.3,0.3,5,5,0.1,4.697418212890625,0.4999999999994243,0.3333333333065676,0.4999999999799256
D3,0.3,0.3,5,5,0.1,4.707412719726562,0.4999999999994243,0.3333333333065676,0.4999999999799256
D3,0.3,0.3,5,5,0.1,4.7174072265625,0.4999999999994243,0.3333333333065676,0.4999999999799256
D3,0.3,0.3,5,5,0.1,4.727401733398438,0.4999999999994243,0.3333333333065676,0.4999999999799256
D3,0.3,0.3,5,5,0.1,4.737396240234375,0.4999999999994243,0.3333333333065676,0.4999999999799256
D3,0.3,0.3,5,5,0.1,4.747390747070312,0.4999999999994243,0.3333333333065676,0.4999999999799256
D3,0.3,0.3,5,5,0.1,4.75738525390625,0.4999999999994243,0.3333333333065676,0.4999999999799256
D3,0.3,0.3,5,5,0.1,4.767379760742188,0.4999999999994243,0.3333333333065676,0.4999999999799256
D3,0.3,0.3,5,5,0.1,4.777374267578125,0.4999999999994243,0.3333333333065676,0.4999999999799256
D3,0.3,0.3,5,5,0.1,4.787368774414062,0.4999999999994243,0.3333333333065676,0.4999999999799256
D3,0.3,0.3,5,5,0.1,4.79736328125,0.4999999999994243,0.3333333333065676,0.4999999999799256
D3,0.3,0.3,5,5,0.1,4.807357788085938,0.4999999999994243,0.3333333333065676,0.4999999999799256
D3,0.3,0.3,5,5,0.1,4.817352294921875,0.4999999999994243,0.3333333333065676,0.4999999999799256
D3,0.3,0.3,5,5,0.1,4.827346801757812,0.4999999999994243,0.3333333333065676,0.4999999999799256
D3,0.3,0.3,5,5,0.1,4.83734130859375,0.4999999999994243,0.3333333333065676,0.4999999999799256
D3,0.3,0.3,5,5,0.1,4.847335815429688,0.4999999999994243,0.3333333333065676,0.4999999999799256
D3,0.3,0.3,5,5,0.1,4.857330322265625,0.4999999999994243,0.3333333333065676,0.4999999999799256
D3,0.3,0.3,5,5,0.1,4.867324829101562,0.4999999999994243,0.3333333333065676,0.4999999999799256
D3,0.3,0.3,5,5,0.1,4.8773193359375,0.4999999999994243,0.3333333333065676,0.4999999999799256
D3,0.3,0.3,5,5,0.1,4.887313842773438,0.4999999999994243,0.3333333333065676,0.4999999999799256
D3,0.3,0.3,5,5,0.1,4.897308349609375,0.4999999999994243,0.3333333333065676,0.4999999999799256
D3,0.3,0.3,5,5,0.1,4.907302856445312,0.4999999999994243,0.3333333333065676,0.4999999999799256
D3,0.3,0.3,5,5,0.1,4.91729736328125,0.4999999999994243,0.3333333333065676,0.4999999999799256
D3,0.3,0.3,5,5,0.1,4.927291870117188,0.4999999999994243,0.3333333333065676,0.4999999999799256
D3,0.3,0.3,5,5,0.1,4.937286376953125,0.4999999999994243,0.3333333333065676,0.4999999999799256
D3,0.3,0.3,5,5,0.1,4.947280883789062,0.4999999999994243,0.3333333333065676,0.4999999999799256
D3,0.3,0.3,5,5,0.1,4.957275390625,0.4999999999994243,0.3333333333065676,0.4999999999799256
D3,0.3,0.3,5,5,0.1,4.967269897460938,0.4999999999994243,0.3333333333065676,0.4999999999799256
D3,0.3,0.3,5,5,0.1,4.977264404296875,0.4999999999994243,0.3333333333065676,0.4999999999799256
D3,0.3,0.3,5,5,0.1,4.987258911132812,0.4999999999994243,0.3333333333065676,0.4999999999799256
D3,0.3,0.3,5,5,0.1,4.99725341796875,0.4999999999994243,0.3333333333065676,0.4999999999799256
D3,0.3,0.3,5,5,0.1,5.007247924804688,0.4999999999994243,0.3333333333065676,0.4999999999799256
D3,0.3,0.3,5,5,0.1,5.017242431640625,0.4999999999994243,0.3333333333065676,0.4999999999799256
D3,0.3,0.3,5,5,0.1,5.027236938476562,0.4999999999994243,0.3333333333065676,0.4999999999799256
D3,0.3,0.3,5,5,0.1,5.0372314453125,0.4999999999994243,0.3333333333065676,0.4999999999799256
D3,0.3,0.3,5,5,0.1,5.047225952148438,0.4999999999994243,0.3333333333065676,0.4999999999799256
D3,0.3,0.3,5,5,0.1,5.057220458984375,0.4999999999994243,0.3333333333065676,0.4999999999799256
D3,0.3,0.3,5,5,0.1,5.067214965820312,0.4999999999994243,0.3333333333065676,0.4999999999799256
D3,0.3,0.3,5,5,0.1,5.07720947265625,0.4999999999994243,0.3333333333065676,0.4999999999799256
D3,0.3,0.3,5,5,0.1,5.087203979492188,0.4999999999994243,0.3333333333065676,0.4999999999799256
D3,0.3,0.3,5,5,0.1,5.097198486328125,0.4999999999994243,0.3333333333065676,0.4999999999799256
D3,0.3,0.3,5,5,0.1,5.107192993164062,0.4999999999994243,0.3333333333065676,0.4999999999799256
D3,0.3,0.3,5,5,0.1,5.1171875,0.4999999999994243,0.3333333333065676,0.4999999999799256
D3,0.3,0.3,5,5,0.1,5.127182006835938,0.4999999999994243,0.3333333333065676,0.4999999999799256
D3,0.3,0.3,5,5,0.1,5.137176513671875,0.4999999999994243,0.3333333333065676,0.4999999999799256
D3,0.3,0.3,5,5,0.1,5.147171020507812,0.4999999999994243,0.3333333333065676,0.4999999999799256
D3,0.3,0.3,5,5,0.1,5.15716552734375,0.4999999999994243,0.3333333333065676,0.4999999999799256
D3,0.3,0.3,5,5,0.1,5.167160034179688,0.4999999999994243,0.3333333333065676,0.4999999999799256
D3,0.3,0.3,5,5,0.1,5.177154541015625,0.4999999999994243,0.3333333333065676,0.4999999999799256
D3,0.3,0.3,5,5,0.1,5.187149047851562,0.4999999999994243,0.3333333333065676,0.4999999999799256
D3,0.3,0.3,5,5,0.1,5.1971435546875,0.4999999999994243,0.3333333333065676,0.4999999999799256
D3,0.3,0.3,5,5,0.1,5.207138061523438,0.4999999999994243,0.3333333333065676,0.4999999999799256
D3,0.3,0.3,5,5,0.1,5.217132568359375,0.4999999999994243,0.3333333333065676,0.4999999999799256
D3,0.3,0.3,5,5,0.1,5.227127075195312,0.4999999999994243,0.3333333333065676,0.4999999999799256
D3,0.3,0.3,5,5,0.1,5.23712158203125,0.4999999999994243,0.3333333333065676,0.4999999999799256
D3,0.3,0.3,5,5,0.1,5.247116088867188,0.4999999999994243,0.3333333333065676,0.4999999999799256
D3,0.3,0.3,5,5,0.1,5.257110595703125,0.4999999999994243,0.3333333333065676,0.4999999999799256
D3,0.3,0.3,5,5,0.1,5.267105102539062,0.4999999999994243,0.3333333333065676,0.4999999999799256
D3,0.3,0.3,5,5,0.1,5.277099609375,0.4999999999994243,0.3333333333065676,0.4999999999799256
D3,0.3,0.3,5,5,0.1,5.287094116210938,0.4999999999994243,0.3333333333065676,0.4999999999799256
D3,0.3,0.3,5,5,0.1,5.297088623046875,0.4999999999994243,0.3333333333065676,0.4999999999799256
D3,0.3,0.3,5,5,0.1,5.307083129882812,0.4999999999994243,0.3333333333065676,0.4999999999799256
D3,0.3,0.3,5,5,0.1,5.31707763671875,0.4999999999994243,0.3333333333065676,0.4999999999799256
D3,0.3,0.3,5,5,0.1,5.327072143554688,0.4999999999994243,0.3333333333065676,0.4999999999799256
D3,0.3,0.3,5,5,0.1,5.337066650390625,0.4999999999994243,0.3333333333065676,0.4999999999799256
D3,0.3,0.3,5,5,0.1,5.347061157226562,0.4999999999994243,0.3333333333065676,0.4999999999799256
D3,0.3,0.3,5,5,0.1,5.3570556640625,0.4999999999994243,0.3333333333065676,0.4999999999799256
D3,0.3,0.3,5,5,0.1,5.367050170898438,0.4999999999994243,0.3333333333065676,0.4999999999799256
D3,0.3,0.3,5,5,0.1,5.377044677734375,0.4999999999994243,0.3333333333065676,0.4999999999799256
D3,0.3,0.3,5,5,0.1,5.387039184570312,0.4999999999994243,0.3333333333065676,0.4999999999799256
D3,0.3,0.3,5,5,0.1,5.39703369140625,0.4999999999994243,0.3333333333065676,0.4999999999799256
D3,0.3,0.3,5,5,0.1,5.407028198242188,0.4999999999994243,0.3333333333065676,0.4999999999799256
D3,0.3,0.3,5,5,0.1,5.417022705078125,0.4999999999994243,0.3333333333065676,0.4999999999799256
D3,0.3,0.3,5,5,0.1,5.427017211914062,0.4999999999994243,0.3333333333065676,0.4999999999799256
D3,0.3,0.3,5,5,0.1,5.43701171875,0.4999999999994243,0.3333333333065676,0.4999999999799256
D3,0.3,0.3,5,5,0.1,5.447006225585938,0.4999999999994243,0.3333333333065676,0.4999999999799256
D3,0.3,0.3,5,5,0.1,5.457000732421875,0.4999999999994243,0.3333333333065676,0.4999999999799256
D3,0.3,0.3,5,5,0.1,5.466995239257812,0.4999999999994243,0.3333333333065676,0.4999999999799256
D3,0.3,0.3,5,5,0.1,5.47698974609375,0.4999999999994243,0.3333333333065676,0.4999999999799256
D3,0.3,0.3,5,5,0.1,5.486984252929688,0.4999999999994243,0.3333333333065676,0.4999999999799256
D3,0.3,0.3,5,5,0.1,5.496978759765625,0.4999999999994243,0.3333333333065676,0.4999999999799256
D3,0.3,0.3,5,5,0.1,5.506973266601562,0.4999999999994243,0.3333333333065676,0.4999999999799256
D3,0.3,0.3,5,5,0.1,5.5169677734375,0.4999999999994243,0.3333333333065676,0.4999999999799256
D3,0.3,0.3,5,5,0.1,5.526962280273438,0.4999999999994243,0.3333333333065676,0.4999999999799256
D3,0.3,0.3,5,5,0.1,5.536956787109375,0.4999999999994243,0.3333333333065676,0.4999999999799256
D3,0.3,0.3,5,5,0.1,5.546951293945312,0.4999999999994243,0.3333333333065676,0.4999999999799256
D3,0.3,0.3,5,5,0.1,5.55694580078125,0.4999999999994243,0.3333333333065676,0.4999999999799256
D3,0.3,0.3,5,5,0.1,5.566940307617188,0.4999999999994243,0.3333333333065676,0.4999999999799256
D3,0.3,0.3,5,5,0.1,5.576934814453125,0.4999999999994243,0.3333333333065676,0.4999999999799256
D3,0.3,0.3,5,5,0.1,5.586929321289062,0.4999999999994243,0.3333333333065676,0.4999999999799256
D3,0.3,0.3,5,5,0.1,5.596923828125,0.4999999999994243,0.3333333333065676,0.4999999999799256
D3,0.3,0.3,5,5,0.1,5.606918334960938,0.4999999999994243,0.3333333333065676,0.4999999999799256
D3,0.3,0.3,5,5,0.1,5.616912841796875,0.4999999999994243,0.3333333333065676,0.4999999999799256
D3,0.3,0.3,5,5,0.1,5.626907348632812,0.4999999999994243,0.3333333333065676,0.4999999999799256
D3,0.3,0.3,5,5,0.1,5.63690185546875,0.4999999999994243,0.3333333333065676,0.4999999999799256
D3,0.3,0.3,5,5,0.1,5.646896362304688,0.4999999999994243,0.3333333333065676,0.4999999999799256
D3,0.3,0.3,5,5,0.1,5.656890869140625,0.4999999999994243,0.3333333333065676,0.4999999999799256
D3,0.3,0.3,5,5,0.1,5.666885375976562,0.4999999999994243,0.3333333333065676,0.4999999999799256
D3,0.3,0.3,5,5,0.1,5.6768798828125,0.4999999999994243,0.3333333333065676,0.4999999999799256
D3,0.3,0.3,5,5,0.1,5.686874389648438,0.4999999999994243,0.3333333333065676,0.4999999999799256
D3,0.3,0.3,5,5,0.1,5.696868896484375,0.4999999999994243,0.3333333333065676,0.4999999999799256
D3,0.3,0.3,5,5,0.1,5.706863403320312,0.4999999999994243,0.3333333333065676,0.4999999999799256
D3,0.3,0.3,5,5,0.1,5.71685791015625,0.4999999999994243,0.3333333333065676,0.4999999999799256
D3,0.3,0.3,5,5,0.1,5.726852416992188,0.4999999999994243,0.3333333333065676,0.4999999999799256
D3,0.3,0.3,5,5,0.1,5.736846923828125,0.4999999999994243,0.3333333333065676,0.4999999999799256
D3,0.3,0.3,5,5,0.1,5.746841430664062,0.4999999999994243,0.3333333333065676,0.4999999999799256
D3,0.3,0.3,5,5,0.1,5.7568359375,0.4999999999994243,0.3333333333065676,0.4999999999799256
D3,0.3,0.3,5,5,0.1,5.766830444335938,0.4999999999994243,0.3333333333065676,0.4999999999799256
D3,0.3,0.3,5,5,0.1,5.776824951171875,0.4999999999994243,0.3333333333065676,0.4999999999799256
D3,0.3,0.3,5,5,0.1,5.786819458007812,0.4999999999994243,0.3333333333065676,0.4999999999799256
D3,0.3,0.3,5,5,0.1,5.79681396484375,0.4999999999994243,0.3333333333065676,0.4999999999799256
D3,0.3,0.3,5,5,0.1,5.806808471679688,0.4999999999994243,0.3333333333065676,0.4999999999799256
D3,0.3,0.3,5,5,0.1,5.816802978515625,0.4999999999994243,0.3333333333065676,0.4999999999799256
D3,0.3,0.3,5,5,0.1,5.826797485351562,0.4999999999994243,0.3333333333065676,0.4999999999799256
D3,0.3,0.3,5,5,0.1,5.8367919921875,0.4999999999994243,0.3333333333065676,0.4999999999799256
D3,0.3,0.3,5,5,0.1,5.846786499023438,0.4999999999994243,0.3333333333065676,0.4999999999799256
D3,0.3,0.3,5,5,0.1,5.856781005859375,0.4999999999994243,0.3333333333065676,0.4999999999799256
D3,0.3,0.3,5,5,0.1,5.866775512695312,0.4999999999994243,0.3333333333065676,0.4999999999799256
D3,0.3,0.3,5,5,0.1,5.87677001953125,0.4999999999994243,0.3333333333065676,0.4999999999799256
D3,0.3,0.3,5,5,0.1,5.886764526367188,0.4999999999994243,0.3333333333065676,0.4999999999799256
D3,0.3,0.3,5,5,0.1,5.896759033203125,0.4999999999994243,0.3333333333065676,0.4999999999799256
D3,0.3,0.3,5,5,0.1,5.906753540039062,0.4999999999994243,0.3333333333065676,0.4999999999799256
D3,0.3,0.3,5,5,0.1,5.916748046875,0.4999999999994243,0.3333333333065676,0.4999999999799256
D3,0.3,0.3,5,5,0.1,5.926742553710938,0.4999999999994243,0.3333333333065676,0.4999999999799256
D3,0.3,0.3,5,5,0.1,5.936737060546875,0.4999999999994243,0.3333333333065676,0.4999999999799256
D3,0.3,0.3,5,5,0.1,5.946731567382812,0.4999999999994243,0.3333333333065676,0.4999999999799256
D3,0.3,0.3,5,5,0.1,5.95672607421875,0.4999999999994243,0.3333333333065676,0.4999999999799256
D3,0.3,0.3,5,5,0.1,5.966720581054688,0.4999999999994243,0.3333333333065676,0.4999999999799256
D3,0.3,0.3,5,5,0.1,5.976715087890625,0.4999999999994243,0.3333333333065676,0.4999999999799256
D3,0.3,0.3,5,5,0.1,5.986709594726562,0.4999999999994243,0.3333333333065676,0.4999999999799256
D3,0.3,0.3,5,5,0.1,5.9967041015625,0.4999999999994243,0.3333333333065676,0.4999999999799256
D3,0.3,0.3,5,5,0.1,6.006698608398438,0.4999999999994243,0.3333333333065676,0.4999999999799256
D3,0.3,0.3,5,5,0.1,6.016693115234375,0.4999999999994243,0.3333333333065676,0.4999999999799256
D3,0.3,0.3,5,5,0.1,6.026687622070312,0.4999999999994243,0.3333333333065676,0.4999999999799256
D3,0.3,0.3,5,5,0.1,6.03668212890625,0.4999999999994243,0.3333333333065676,0.4999999999799256
D3,0.3,0.3,5,5,0.1,6.046676635742188,0.4999999999994243,0.3333333333065676,0.4999999999799256
D3,0.3,0.3,5,5,0.1,6.056671142578125,0.4999999999994243,0.3333333333065676,0.4999999999799256
D3,0.3,0.3,5,5,0.1,6.066665649414062,0.4999999999994243,0.3333333333065676,0.4999999999799256
D3,0.3,0.3,5,5,0.1,6.07666015625,0.4999999999994243,0.3333333333065676,0.4999999999799256
D3,0.3,0.3,5,5,0.1,6.086654663085938,0.4999999999994243,0.3333333333065676,0.4999999999799256
D3,0.3,0.3,5,5,0.1,6.096649169921875,0.4999999999994243,0.3333333333065676,0.4999999999799256
D3,0.3,0.3,5,5,0.1,6.106643676757812,0.4999999999994243,0.3333333333065676,0.4999999999799256
D3,0.3,0.3,5,5,0.1,6.11663818359375,0.4999999999994243,0.3333333333065676,0.4999999999799256
D3,0.3,0.3,5,5,0.1,6.126632690429688,0.4999999999994243,0.3333333333065676,0.4999999999799256
D3,0.3,0.3,5,5,0.1,6.136627197265625,0.4999999999994243,0.3333333333065676,0.4999999999799256
D3,0.3,0.3,5,5,0.1,6.146621704101562,0.4999999999994243,0.3333333333065676,0.4999999999799256
D3,0.3,0.3,5,5,0.1,6.1566162109375,0.4999999999994243,0.3333333333065676,0.4999999999799256
D3,0.3,0.3,5,5,0.1,6.166610717773438,0.4999999999994243,0.3333333333065676,0.4999999999799256
D3,0.3,0.3,5,5,0.1,6.176605224609375,0.4999999999994243,0.3333333333065676,0.4999999999799256
D3,0.3,0.3,5,5,0.1,6.186599731445312,0.4999999999994243,0.3333333333065676,0.4999999999799256
D3,0.3,0.3,5,5,0.1,6.19659423828125,0.4999999999994243,0.3333333333065676,0.4999999999799256
D3,0.3,0.3,5,5,0.1,6.206588745117188,0.4999999999994243,0.3333333333065676,0.4999999999799256
D3,0.3,0.3,5,5,0.1,6.216583251953125,0.4999999999994243,0.3333333333065676,0.4999999999799256
D3,0.3,0.3,5,5,0.1,6.226577758789062,0.4999999999994243,0.3333333333065676,0.4999999999799256
D3,0.3,0.3,5,5,0.1,6.236572265625,0.4999999999994243,0.3333333333065676,0.4999999999799256
D3,0.3,0.3,5,5,0.1,6.246566772460938,0.4999999999994243,0.3333333333065676,0.4999999999799256
D3,0.3,0.3,5,5,0.1,6.256561279296875,0.4999999999994243,0.3333333333065676,0.4999999999799256
D3,0.3,0.3,5,5,0.1,6.266555786132812,0.4999999999994243,0.3333333333065676,0.4999999999799256
D3,0.3,0.3,5,5,0.1,6.27655029296875,0.4999999999994243,0.3333333333065676,0.4999999999799256
D3,0.3,0.3,5,5,0.1,6.286544799804688,0.4999999999994243,0.3333333333065676,0.4999999999799256
D3,0.3,0.3,5,5,0.1,6.296539306640625,0.4999999999994243,0.3333333333065676,0.4999999999799256
D3,0.3,0.3,5,5,0.1,6.306533813476562,0.4999999999994243,0.3333333333065676,0.4999999999799256
D3,0.3,0.3,5,5,0.1,6.3165283203125,0.4999999999994243,0.3333333333065676,0.4999999999799256
D3,0.3,0.3,5,5,0.1,6.326522827148438,0.4999999999994243,0.3333333333065676,0.4999999999799256
D3,0.3,0.3,5,5,0.1,6.336517333984375,0.4999999999994243,0.3333333333065676,0.4999999999799256
D3,0.3,0.3,5,5,0.1,6.346511840820312,0.4999999999994243,0.3333333333065676,0.4999999999799256
D3,0.3,0.3,5,5,0.1,6.35650634765625,0.4999999999994243,0.3333333333065676,0.4999999999799256
D3,0.3,0.3,5,5,0.1,6.366500854492188,0.4999999999994243,0.3333333333065676,0.4999999999799256
D3,0.3,0.3,5,5,0.1,6.376495361328125,0.4999999999994243,0.3333333333065676,0.4999999999799256
D3,0.3,0.3,5,5,0.1,6.386489868164062,0.4999999999994243,0.3333333333065676,0.4999999999799256
D3,0.3,0.3,5,5,0.1,6.396484375,0.4999999999994243,0.3333333333065676,0.4999999999799256
D3,0.3,0.3,5,5,0.1,6.406478881835938,0.4999999999994243,0.3333333333065676,0.4999999999799256
D3,0.3,0.3,5,5,0.1,6.416473388671875,0.4999999999994243,0.3333333333065676,0.4999999999799256
D3,0.3,0.3,5,5,0.1,6.426467895507812,0.4999999999994243,0.3333333333065676,0.4999999999799256
D3,0.3,0.3,5,5,0.1,6.43646240234375,0.4999999999994243,0.3333333333065676,0.4999999999799256
D3,0.3,0.3,5,5,0.1,6.446456909179688,0.4999999999994243,0.3333333333065676,0.4999999999799256
D3,0.3,0.3,5,5,0.1,6.456451416015625,0.4999999999994243,0.3333333333065676,0.4999999999799256
D3,0.3,0.3,5,5,0.1,6.466445922851562,0.4999999999994243,0.3333333333065676,0.4999999999799256
D3,0.3,0.3,5,5,0.1,6.4764404296875,0.4999999999994243,0.3333333333065676,0.4999999999799256
D3,0.3,0.3,5,5,0.1,6.486434936523438,0.4999999999994243,0.3333333333065676,0.4999999999799256
D3,0.3,0.3,5,5,0.1,6.496429443359375,0.4999999999994243,0.3333333333065676,0.4999999999799256
D3,0.3,0.3,5,5,0.1,6.506423950195312,0.4999999999994243,0.3333333333065676,0.4999999999799256
D3,0.3,0.3,5,5,0.1,6.51641845703125,0.4999999999994243,0.3333333333065676,0.4999999999799256
D3,0.3,0.3,5,5,0.1,6.526412963867188,0.4999999999994243,0.3333333333065676,0.4999999999799256
D3,0.3,0.3,5,5,0.1,6.536407470703125,0.4999999999994243,0.3333333333065676,0.4999999999799256
D3,0.3,0.3,5,5,0.1,6.546401977539062,0.4999999999994243,0.3333333333065676,0.4999999999799256
D3,0.3,0.3,5,5,0.1,6.556396484375,0.4999999999994243,0.3333333333065676,0.4999999999799256
D3,0.3,0.3,5,5,0.1,6.566390991210938,0.4999999999994243,0.3333333333065676,0.4999999999799256
D3,0.3,0.3,5,5,0.1,6.576385498046875,0.4999999999994243,0.3333333333065676,0.4999999999799256
D3,0.3,0.3,5,5,0.1,6.586380004882812,0.4999999999994243,0.3333333333065676,0.4999999999799256
D3,0.3,0.3,5,5,0.1,6.59637451171875,0.4999999999994243,0.3333333333065676,0.4999999999799256
D3,0.3,0.3,5,5,0.1,6.606369018554688,0.4999999999994243,0.3333333333065676,0.4999999999799256
D3,0.3,0.3,5,5,0.1,6.616363525390625,0.4999999999994243,0.3333333333065676,0.4999999999799256
D3,0.3,0.3,5,5,0.1,6.626358032226562,0.4999999999994243,0.3333333333065676,0.4999999999799256
D3,0.3,0.3,5,5,0.1,6.6363525390625,0.4999999999994243,0.3333333333065676,0.4999999999799256
D3,0.3,0.3,5,5,0.1,6.646347045898438,0.4999999999994243,0.3333333333065676,0.4999999999799256
D3,0.3,0.3,5,5,0.1,6.656341552734375,0.4999999999994243,0.3333333333065676,0.4999999999799256
D3,0.3,0.3,5,5,0.1,6.666336059570312,0.4999999999994243,0.3333333333065676,0.4999999999799256
D3,0.3,0.3,5,5,0.1,6.67633056640625,0.4999999999994243,0.3333333333065676,0.4999999999799256
D3,0.3,0.3,5,5,0.1,6.686325073242188,0.4999999999994243,0.3333333333065676,0.4999999999799256
D3,0.3,0.3,5,5,0.1,6.696319580078125,0.4999999999994243,0.3333333333065676,0.4999999999799256
D3,0.3,0.3,5,5,0.1,6.706314086914062,0.4999999999994243,0.3333333333065676,0.4999999999799256
D3,0.3,0.3,5,5,0.1,6.71630859375,0.4999999999994243,0.3333333333065676,0.4999999999799256
D3,0.3,0.3,5,5,0.1,6.726303100585938,0.4999999999994243,0.3333333333065676,0.4999999999799256
D3,0.3,0.3,5,5,0.1,6.736297607421875,0.4999999999994243,0.3333333333065676,0.4999999999799256
D3,0.3,0.3,5,5,0.1,6.746292114257812,0.4999999999994243,0.3333333333065676,0.4999999999799256
D3,0.3,0.3,5,5,0.1,6.75628662109375,0.4999999999994243,0.3333333333065676,0.4999999999799256
D3,0.3,0.3,5,5,0.1,6.766281127929688,0.4999999999994243,0.3333333333065676,0.4999999999799256
D3,0.3,0.3,5,5,0.1,6.776275634765625,0.4999999999994243,0.3333333333065676,0.4999999999799256
D3,0.3,0.3,5,5,0.1,6.786270141601562,0.4999999999994243,0.3333333333065676,0.4999999999799256
D3,0.3,0.3,5,5,0.1,6.7962646484375,0.4999999999994243,0.3333333333065676,0.4999999999799256
D3,0.3,0.3,5,5,0.1,6.806259155273438,0.4999999999994243,0.3333333333065676,0.4999999999799256
D3,0.3,0.3,5,5,0.1,6.816253662109375,0.4999999999994243,0.3333333333065676,0.4999999999799256
D3,0.3,0.3,5,5,0.1,6.826248168945312,0.4999999999994243,0.3333333333065676,0.4999999999799256
D3,0.3,0.3,5,5,0.1,6.83624267578125,0.4999999999994243,0.3333333333065676,0.4999999999799256
D3,0.3,0.3,5,5,0.1,6.846237182617188,0.4999999999994243,0.3333333333065676,0.4999999999799256
D3,0.3,0.3,5,5,0.1,6.856231689453125,0.4999999999994243,0.3333333333065676,0.4999999999799256
D3,0.3,0.3,5,5,0.1,6.866226196289062,0.4999999999994243,0.3333333333065676,0.4999999999799256
D3,0.3,0.3,5,5,0.1,6.876220703125,0.4999999999994243,0.3333333333065676,0.4999999999799256
D3,0.3,0.3,5,5,0.1,6.886215209960938,0.4999999999994243,0.3333333333065676,0.4999999999799256
D3,0.3,0.3,5,5,0.1,6.896209716796875,0.4999999999994243,0.3333333333065676,0.4999999999799256
D3,0.3,0.3,5,5,0.1,6.906204223632812,0.4999999999994243,0.3333333333065676,0.4999999999799256
D3,0.3,0.3,5,5,0.1,6.91619873046875,0.4999999999994243,0.3333333333065676,0.4999999999799256
D3,0.3,0.3,5,5,0.1,6.926193237304688,0.4999999999994243,0.3333333333065676,0.4999999999799256
D3,0.3,0.3,5,5,0.1,6.936187744140625,0.4999999999994243,0.3333333333065676,0.4999999999799256
D3,0.3,0.3,5,5,0.1,6.946182250976562,0.4999999999994243,0.3333333333065676,0.4999999999799256
D3,0.3,0.3,5,5,0.1,6.9561767578125,0.4999999999994243,0.3333333333065676,0.4999999999799256
D3,0.3,0.3,5,5,0.1,6.966171264648438,0.4999999999994243,0.3333333333065676,0.4999999999799256
D3,0.3,0.3,5,5,0.1,6.976165771484375,0.4999999999994243,0.3333333333065676,0.4999999999799256
D3,0.3,0.3,5,5,0.1,6.986160278320312,0.4999999999994243,0.3333333333065676,0.4999999999799256
D3,0.3,0.3,5,5,0.1,6.99615478515625,0.4999999999994243,0.3333333333065676,0.4999999999799256
D3,0.3,0.3,5,5,0.1,7.006149291992188,0.4999999999994243,0.3333333333065676,0.4999999999799256
D3,0.3,0.3,5,5,0.1,7.016143798828125,0.4999999999994243,0.3333333333065676,0.4999999999799256
D3,0.3,0.3,5,5,0.1,7.026138305664062,0.4999999999994243,0.3333333333065676,0.4999999999799256
D3,0.3,0.3,5,5,0.1,7.0361328125,0.4999999999994243,0.3333333333065676,0.4999999999799256
D3,0.3,0.3,5,5,0.1,7.046127319335938,0.4999999999994243,0.3333333333065676,0.4999999999799256
D3,0.3,0.3,5,5,0.1,7.056121826171875,0.4999999999994243,0.3333333333065676,0.4999999999799256
D3,0.3,0.3,5,5,0.1,7.066116333007812,0.4999999999994243,0.3333333333065676,0.4999999999799256
D3,0.3,0.3,5,5,0.1,7.07611083984375,0.4999999999994243,0.3333333333065676,0.4999999999799256
D3,0.3,0.3,5,5,0.1,7.086105346679688,0.4999999999994243,0.3333333333065676,0.4999999999799256
D3,0.3,0.3,5,5,0.1,7.096099853515625,0.4999999999994243,0.3333333333065676,0.4999999999799256
D3,0.3,0.3,5,5,0.1,7.106094360351562,0.4999999999994243,0.3333333333065676,0.4999999999799256
D3,0.3,0.3,5,5,0.1,7.1160888671875,0.4999999999994243,0.3333333333065676,0.4999999999799256
D3,0.3,0.3,5,5,0.1,7.126083374023438,0.4999999999994243,0.3333333333065676,0.4999999999799256
D3,0.3,0.3,5,5,0.1,7.136077880859375,0.4999999999994243,0.3333333333065676,0.4999999999799256
D3,0.3,0.3,5,5,0.1,7.146072387695312,0.4999999999994243,0.3333333333065676,0.4999999999799256
D3,0.3,0.3,5,5,0.1,7.15606689453125,0.4999999999994243,0.3333333333065676,0.4999999999799256
D3,0.3,0.3,5,5,0.1,7.166061401367188,0.4999999999994243,0.3333333333065676,0.4999999999799256
D3,0.3,0.3,5,5,0.1,7.176055908203125,0.4999999999994243,0.3333333333065676,0.4999999999799256
D3,0.3,0.3,5,5,0.1,7.186050415039062,0.4999999999994243,0.3333333333065676,0.4999999999799256
D3,0.3,0.3,5,5,0.1,7.196044921875,0.4999999999994243,0.3333333333065676,0.4999999999799256
D3,0.3,0.3,5,5,0.1,7.206039428710938,0.4999999999994243,0.3333333333065676,0.4999999999799256
D3,0.3,0.3,5,5,0.1,7.216033935546875,0.4999999999994243,0.3333333333065676,0.4999999999799256
D3,0.3,0.3,5,5,0.1,7.226028442382812,0.4999999999994243,0.3333333333065676,0.4999999999799256
D3,0.3,0.3,5,5,0.1,7.23602294921875,0.4999999999994243,0.3333333333065676,0.4999999999799256
D3,0.3,0.3,5,5,0.1,7.246017456054688,0.4999999999994243,0.3333333333065676,0.4999999999799256
D3,0.3,0.3,5,5,0.1,7.256011962890625,0.4999999999994243,0.3333333333065676,0.4999999999799256
D3,0.3,0.3,5,5,0.1,7.266006469726562,0.4999999999994243,0.3333333333065676,0.4999999999799256
D3,0.3,0.3,5,5,0.1,7.2760009765625,0.4999999999994243,0.3333333333065676,0.4999999999799256
D3,0.3,0.3,5,5,0.1,7.285995483398438,0.4999999999994243,0.3333333333065676,0.4999999999799256
D3,0.3,0.3,5,5,0.1,7.295989990234375,0.4999999999994243,0.3333333333065676,0.4999999999799256
D3,0.3,0.3,5,5,0.1,7.305984497070312,0.4999999999994243,0.3333333333065676,0.4999999999799256
D3,0.3,0.3,5,5,0.1,7.31597900390625,0.4999999999994243,0.3333333333065676,0.4999999999799256
D3,0.3,0.3,5,5,0.1,7.325973510742188,0.4999999999994243,0.3333333333065676,0.4999999999799256
D3,0.3,0.3,5,5,0.1,7.335968017578125,0.4999999999994243,0.3333333333065676,0.4999999999799256
D3,0.3,0.3,5,5,0.1,7.345962524414062,0.4999999999994243,0.3333333333065676,0.4999999999799256
D3,0.3,0.3,5,5,0.1,7.35595703125,0.4999999999994243,0.3333333333065676,0.4999999999799256
D3,0.3,0.3,5,5,0.1,7.365951538085938,0.4999999999994243,0.3333333333065676,0.4999999999799256
D3,0.3,0.3,5,5,0.1,7.375946044921875,0.4999999999994243,0.3333333333065676,0.4999999999799256
D3,0.3,0.3,5,5,0.1,7.385940551757812,0.4999999999994243,0.3333333333065676,0.4999999999799256
D3,0.3,0.3,5,5,0.1,7.39593505859375,0.4999999999994243,0.3333333333065676,0.4999999999799256
D3,0.3,0.3,5,5,0.1,7.405929565429688,0.4999999999994243,0.3333333333065676,0.4999999999799256
D3,0.3,0.3,5,5,0.1,7.415924072265625,0.4999999999994243,0.3333333333065676,0.4999999999799256
D3,0.3,0.3,5,5,0.1,7.425918579101562,0.4999999999994243,0.3333333333065676,0.4999999999799256
D3,0.3,0.3,5,5,0.1,7.4359130859375,0.4999999999994243,0.3333333333065676,0.4999999999799256
D3,0.3,0.3,5,5,0.1,7.445907592773438,0.4999999999994243,0.3333333333065676,0.4999999999799256
D3,0.3,0.3,5,5,0.1,7.455902099609375,0.4999999999994243,0.3333333333065676,0.4999999999799256
D3,0.3,0.3,5,5,0.1,7.465896606445312,0.4999999999994243,0.3333333333065676,0.4999999999799256
D3,0.3,0.3,5,5,0.1,7.47589111328125,0.4999999999994243,0.3333333333065676,0.4999999999799256
D3,0.3,0.3,5,5,0.1,7.485885620117188,0.4999999999994243,0.3333333333065676,0.4999999999799256
D3,0.3,0.3,5,5,0.1,7.495880126953125,0.4999999999994243,0.3333333333065676,0.4999999999799256
D3,0.3,0.3,5,5,0.1,7.505874633789062,0.4999999999994243,0.3333333333065676,0.4999999999799256
D3,0.3,0.3,5,5,0.1,7.515869140625,0.4999999999994243,0.3333333333065676,0.4999999999799256
D3,0.3,0.3,5,5,0.1,7.525863647460938,0.4999999999994243,0.3333333333065676,0.4999999999799256
D3,0.3,0.3,5,5,0.1,7.535858154296875,0.4999999999994243,0.3333333333065676,0.4999999999799256
D3,0.3,0.3,5,5,0.1,7.545852661132812,0.4999999999994243,0.3333333333065676,0.4999999999799256
D3,0.3,0.3,5,5,0.1,7.55584716796875,0.4999999999994243,0.3333333333065676,0.4999999999799256
D3,0.3,0.3,5,5,0.1,7.565841674804688,0.4999999999994243,0.3333333333065676,0.4999999999799256
D3,0.3,0.3,5,5,0.1,7.575836181640625,0.4999999999994243,0.3333333333065676,0.4999999999799256
D3,0.3,0.3,5,5,0.1,7.585830688476562,0.4999999999994243,0.3333333333065676,0.4999999999799256
D3,0.3,0.3,5,5,0.1,7.5958251953125,0.4999999999994243,0.3333333333065676,0.4999999999799256
D3,0.3,0.3,5,5,0.1,7.605819702148438,0.4999999999994243,0.3333333333065676,0.4999999999799256
D3,0.3,0.3,5,5,0.1,7.615814208984375,0.4999999999994243,0.3333333333065676,0.4999999999799256
D3,0.3,0.3,5,5,0.1,7.625808715820312,0.4999999999994243,0.3333333333065676,0.4999999999799256
D3,0.3,0.3,5,5,0.1,7.63580322265625,0.4999999999994243,0.3333333333065676,0.4999999999799256
D3,0.3,0.3,5,5,0.1,7.645797729492188,0.4999999999994243,0.3333333333065676,0.4999999999799256
D3,0.3,0.3,5,5,0.1,7.655792236328125,0.4999999999994243,0.3333333333065676,0.4999999999799256
D3,0.3,0.3,5,5,0.1,7.665786743164062,0.4999999999994243,0.3333333333065676,0.4999999999799256
D3,0.3,0.3,5,5,0.1,7.67578125,0.4999999999994243,0.3333333333065676,0.4999999999799256
D3,0.3,0.3,5,5,0.1,7.685775756835938,0.4999999999994243,0.3333333333065676,0.4999999999799256
D3,0.3,0.3,5,5,0.1,7.695770263671875,0.4999999999994243,0.3333333333065676,0.4999999999799256
D3,0.3,0.3,5,5,0.1,7.705764770507812,0.4999999999994243,0.3333333333065676,0.4999999999799256
D3,0.3,0.3,5,5,0.1,7.71575927734375,0.4999999999994243,0.3333333333065676,0.4999999999799256
D3,0.3,0.3,5,5,0.1,7.725753784179688,0.4999999999994243,0.3333333333065676,0.4999999999799256
D3,0.3,0.3,5,5,0.1,7.735748291015625,0.4999999999994243,0.3333333333065676,0.4999999999799256
D3,0.3,0.3,5,5,0.1,7.745742797851562,0.4999999999994243,0.3333333333065676,0.4999999999799256
D3,0.3,0.3,5,5,0.1,7.7557373046875,0.4999999999994243,0.3333333333065676,0.4999999999799256
D3,0.3,0.3,5,5,0.1,7.765731811523438,0.4999999999994243,0.3333333333065676,0.4999999999799256
D3,0.3,0.3,5,5,0.1,7.775726318359375,0.4999999999994243,0.3333333333065676,0.4999999999799256
D3,0.3,0.3,5,5,0.1,7.785720825195312,0.4999999999994243,0.3333333333065676,0.4999999999799256
D3,0.3,0.3,5,5,0.1,7.79571533203125,0.4999999999994243,0.3333333333065676,0.4999999999799256
D3,0.3,0.3,5,5,0.1,7.805709838867188,0.4999999999994243,0.3333333333065676,0.4999999999799256
D3,0.3,0.3,5,5,0.1,7.815704345703125,0.4999999999994243,0.3333333333065676,0.4999999999799256
D3,0.3,0.3,5,5,0.1,7.825698852539062,0.4999999999994243,0.3333333333065676,0.4999999999799256
D3,0.3,0.3,5,5,0.1,7.835693359375,0.4999999999994243,0.3333333333065676,0.4999999999799256
D3,0.3,0.3,5,5,0.1,7.845687866210938,0.4999999999994243,0.3333333333065676,0.4999999999799256
D3,0.3,0.3,5,5,0.1,7.855682373046875,0.4999999999994243,0.3333333333065676,0.4999999999799256
D3,0.3,0.3,5,5,0.1,7.865676879882812,0.4999999999994243,0.3333333333065676,0.4999999999799256
D3,0.3,0.3,5,5,0.1,7.87567138671875,0.4999999999994243,0.3333333333065676,0.4999999999799256
D3,0.3,0.3,5,5,0.1,7.885665893554688,0.4999999999994243,0.3333333333065676,0.4999999999799256
D3,0.3,0.3,5,5,0.1,7.895660400390625,0.4999999999994243,0.3333333333065676,0.4999999999799256
D3,0.3,0.3,5,5,0.1,7.905654907226562,0.4999999999994243,0.3333333333065676,0.4999999999799256
D3,0.3,0.3,5,5,0.1,7.9156494140625,0.4999999999994243,0.3333333333065676,0.4999999999799256
D3,0.3,0.3,5,5,0.1,7.925643920898438,0.4999999999994243,0.3333333333065676,0.4999999999799256
D3,0.3,0.3,5,5,0.1,7.935638427734375,0.4999999999994243,0.3333333333065676,0.4999999999799256
D3,0.3,0.3,5,5,0.1,7.945632934570312,0.4999999999994243,0.3333333333065676,0.4999999999799256
D3,0.3,0.3,5,5,0.1,7.95562744140625,0.4999999999994243,0.3333333333065676,0.4999999999799256
D3,0.3,0.3,5,5,0.1,7.965621948242188,0.4999999999994243,0.3333333333065676,0.4999999999799256
D3,0.3,0.3,5,5,0.1,7.975616455078125,0.4999999999994243,0.3333333333065676,0.4999999999799256
D3,0.3,0.3,5,5,0.1,7.985610961914062,0.4999999999994243,0.3333333333065676,0.4999999999799256
D3,0.3,0.3,5,5,0.1,7.99560546875,0.4999999999994243,0.3333333333065676,0.4999999999799256
D3,0.3,0.3,5,5,0.1,8.005599975585938,0.4999999999994243,0.3333333333065676,0.4999999999799256
D3,0.3,0.3,5,5,0.1,8.015594482421875,0.4999999999994243,0.3333333333065676,0.4999999999799256
D3,0.3,0.3,5,5,0.1,8.025588989257812,0.4999999999994243,0.3333333333065676,0.4999999999799256
D3,0.3,0.3,5,5,0.1,8.03558349609375,0.4999999999994243,0.3333333333065676,0.4999999999799256
D3,0.3,0.3,5,5,0.1,8.045578002929688,0.4999999999994243,0.3333333333065676,0.4999999999799256
D3,0.3,0.3,5,5,0.1,8.055572509765625,0.4999999999994243,0.3333333333065676,0.4999999999799256
D3,0.3,0.3,5,5,0.1,8.065567016601562,0.4999999999994243,0.3333333333065676,0.4999999999799256
D3,0.3,0.3,5,5,0.1,8.0755615234375,0.4999999999994243,0.3333333333065676,0.4999999999799256
D3,0.3,0.3,5,5,0.1,8.085556030273438,0.4999999999994243,0.3333333333065676,0.4999999999799256
D3,0.3,0.3,5,5,0.1,8.095550537109375,0.4999999999994243,0.3333333333065676,0.4999999999799256
D3,0.3,0.3,5,5,0.1,8.105545043945312,0.4999999999994243,0.3333333333065676,0.4999999999799256
D3,0.3,0.3,5,5,0.1,8.11553955078125,0.4999999999994243,0.3333333333065676,0.4999999999799256
D3,0.3,0.3,5,5,0.1,8.125534057617188,0.4999999999994243,0.3333333333065676,0.4999999999799256
D3,0.3,0.3,5,5,0.1,8.135528564453125,0.4999999999994243,0.3333333333065676,0.4999999999799256
D3,0.3,0.3,5,5,0.1,8.145523071289062,0.4999999999994243,0.3333333333065676,0.4999999999799256
D3,0.3,0.3,5,5,0.1,8.155517578125,0.4999999999994243,0.3333333333065676,0.4999999999799256
D3,0.3,0.3,5,5,0.1,8.165512084960938,0.4999999999994243,0.3333333333065676,0.4999999999799256
D3,0.3,0.3,5,5,0.1,8.175506591796875,0.4999999999994243,0.3333333333065676,0.4999999999799256
D3,0.3,0.3,5,5,0.1,8.185501098632812,0.4999999999994243,0.3333333333065676,0.4999999999799256
D3,0.3,0.3,5,5,0.1,8.19549560546875,0.4999999999994243,0.3333333333065676,0.4999999999799256
D3,0.3,0.3,5,5,0.1,8.205490112304688,0.4999999999994243,0.3333333333065676,0.4999999999799256
D3,0.3,0.3,5,5,0.1,8.215484619140625,0.4999999999994243,0.3333333333065676,0.4999999999799256
D3,0.3,0.3,5,5,0.1,8.225479125976562,0.4999999999994243,0.3333333333065676,0.4999999999799256
D3,0.3,0.3,5,5,0.1,8.2354736328125,0.4999999999994243,0.3333333333065676,0.4999999999799256
D3,0.3,0.3,5,5,0.1,8.245468139648438,0.4999999999994243,0.3333333333065676,0.4999999999799256
D3,0.3,0.3,5,5,0.1,8.255462646484375,0.4999999999994243,0.3333333333065676,0.4999999999799256
D3,0.3,0.3,5,5,0.1,8.265457153320312,0.4999999999994243,0.3333333333065676,0.4999999999799256
D3,0.3,0.3,5,5,0.1,8.27545166015625,0.4999999999994243,0.3333333333065676,0.4999999999799256
D3,0.3,0.3,5,5,0.1,8.285446166992188,0.4999999999994243,0.3333333333065676,0.4999999999799256
D3,0.3,0.3,5,5,0.1,8.295440673828125,0.4999999999994243,0.3333333333065676,0.4999999999799256
D3,0.3,0.3,5,5,0.1,8.305435180664062,0.4999999999994243,0.3333333333065676,0.4999999999799256
D3,0.3,0.3,5,5,0.1,8.3154296875,0.4999999999994243,0.3333333333065676,0.4999999999799256
D3,0.3,0.3,5,5,0.1,8.325424194335938,0.4999999999994243,0.3333333333065676,0.4999999999799256
D3,0.3,0.3,5,5,0.1,8.335418701171875,0.4999999999994243,0.3333333333065676,0.4999999999799256
D3,0.3,0.3,5,5,0.1,8.345413208007812,0.4999999999994243,0.3333333333065676,0.4999999999799256
D3,0.3,0.3,5,5,0.1,8.35540771484375,0.4999999999994243,0.3333333333065676,0.4999999999799256
D3,0.3,0.3,5,5,0.1,8.365402221679688,0.4999999999994243,0.3333333333065676,0.4999999999799256
D3,0.3,0.3,5,5,0.1,8.375396728515625,0.4999999999994243,0.3333333333065676,0.4999999999799256
D3,0.3,0.3,5,5,0.1,8.385391235351562,0.4999999999994243,0.3333333333065676,0.4999999999799256
D3,0.3,0.3,5,5,0.1,8.3953857421875,0.4999999999994243,0.3333333333065676,0.4999999999799256
D3,0.3,0.3,5,5,0.1,8.405380249023438,0.4999999999994243,0.3333333333065676,0.4999999999799256
D3,0.3,0.3,5,5,0.1,8.415374755859375,0.4999999999994243,0.3333333333065676,0.4999999999799256
D3,0.3,0.3,5,5,0.1,8.425369262695312,0.4999999999994243,0.3333333333065676,0.4999999999799256
D3,0.3,0.3,5,5,0.1,8.43536376953125,0.4999999999994243,0.3333333333065676,0.4999999999799256
D3,0.3,0.3,5,5,0.1,8.445358276367188,0.4999999999994243,0.3333333333065676,0.4999999999799256
D3,0.3,0.3,5,5,0.1,8.455352783203125,0.4999999999994243,0.3333333333065676,0.4999999999799256
D3,0.3,0.3,5,5,0.1,8.465347290039062,0.4999999999994243,0.3333333333065676,0.4999999999799256
D3,0.3,0.3,5,5,0.1,8.475341796875,0.4999999999994243,0.3333333333065676,0.4999999999799256
D3,0.3,0.3,5,5,0.1,8.485336303710938,0.4999999999994243,0.3333333333065676,0.4999999999799256
D3,0.3,0.3,5,5,0.1,8.495330810546875,0.4999999999994243,0.3333333333065676,0.4999999999799256
D3,0.3,0.3,5,5,0.1,8.505325317382812,0.4999999999994243,0.3333333333065676,0.4999999999799256
D3,0.3,0.3,5,5,0.1,8.51531982421875,0.4999999999994243,0.3333333333065676,0.4999999999799256
D3,0.3,0.3,5,5,0.1,8.525314331054688,0.4999999999994243,0.3333333333065676,0.4999999999799256
D3,0.3,0.3,5,5,0.1,8.535308837890625,0.4999999999994243,0.3333333333065676,0.4999999999799256
D3,0.3,0.3,5,5,0.1,8.545303344726562,0.4999999999994243,0.3333333333065676,0.4999999999799256
D3,0.3,0.3,5,5,0.1,8.5552978515625,0.4999999999994243,0.3333333333065676,0.4999999999799256
D3,0.3,0.3,5,5,0.1,8.565292358398438,0.4999999999994243,0.3333333333065676,0.4999999999799256
D3,0.3,0.3,5,5,0.1,8.575286865234375,0.4999999999994243,0.3333333333065676,0.4999999999799256
D3,0.3,0.3,5,5,0.1,8.585281372070312,0.4999999999994243,0.3333333333065676,0.4999999999799256
D3,0.3,0.3,5,5,0.1,8.59527587890625,0.4999999999994243,0.3333333333065676,0.4999999999799256
D3,0.3,0.3,5,5,0.1,8.605270385742188,0.4999999999994243,0.3333333333065676,0.4999999999799256
D3,0.3,0.3,5,5,0.1,8.615264892578125,0.4999999999994243,0.3333333333065676,0.4999999999799256
D3,0.3,0.3,5,5,0.1,8.625259399414062,0.4999999999994243,0.3333333333065676,0.4999999999799256
D3,0.3,0.3,5,5,0.1,8.63525390625,0.4999999999994243,0.3333333333065676,0.4999999999799256
D3,0.3,0.3,5,5,0.1,8.645248413085938,0.4999999999994243,0.3333333333065676,0.4999999999799256
D3,0.3,0.3,5,5,0.1,8.655242919921875,0.4999999999994243,0.3333333333065676,0.4999999999799256
D3,0.3,0.3,5,5,0.1,8.665237426757812,0.4999999999994243,0.3333333333065676,0.4999999999799256
D3,0.3,0.3,5,5,0.1,8.67523193359375,0.4999999999994243,0.3333333333065676,0.4999999999799256
D3,0.3,0.3,5,5,0.1,8.685226440429688,0.4999999999994243,0.3333333333065676,0.4999999999799256
D3,0.3,0.3,5,5,0.1,8.695220947265625,0.4999999999994243,0.3333333333065676,0.4999999999799256
D3,0.3,0.3,5,5,0.1,8.705215454101562,0.4999999999994243,0.3333333333065676,0.4999999999799256
D3,0.3,0.3,5,5,0.1,8.7152099609375,0.4999999999994243,0.3333333333065676,0.4999999999799256
D3,0.3,0.3,5,5,0.1,8.725204467773438,0.4999999999994243,0.3333333333065676,0.4999999999799256
D3,0.3,0.3,5,5,0.1,8.735198974609375,0.4999999999994243,0.3333333333065676,0.4999999999799256
D3,0.3,0.3,5,5,0.1,8.745193481445312,0.4999999999994243,0.3333333333065676,0.4999999999799256
D3,0.3,0.3,5,5,0.1,8.75518798828125,0.4999999999994243,0.3333333333065676,0.4999999999799256
D3,0.3,0.3,5,5,0.1,8.765182495117188,0.4999999999994243,0.3333333333065676,0.4999999999799256
D3,0.3,0.3,5,5,0.1,8.775177001953125,0.4999999999994243,0.3333333333065676,0.4999999999799256
D3,0.3,0.3,5,5,0.1,8.785171508789062,0.4999999999994243,0.3333333333065676,0.4999999999799256
D3,0.3,0.3,5,5,0.1,8.795166015625,0.4999999999994243,0.3333333333065676,0.4999999999799256
D3,0.3,0.3,5,5,0.1,8.805160522460938,0.4999999999994243,0.3333333333065676,0.4999999999799256
D3,0.3,0.3,5,5,0.1,8.815155029296875,0.4999999999994243,0.3333333333065676,0.4999999999799256
D3,0.3,0.3,5,5,0.1,8.825149536132812,0.4999999999994243,0.3333333333065676,0.4999999999799256
D3,0.3,0.3,5,5,0.1,8.83514404296875,0.4999999999994243,0.3333333333065676,0.4999999999799256
D3,0.3,0.3,5,5,0.1,8.845138549804688,0.4999999999994243,0.3333333333065676,0.4999999999799256
D3,0.3,0.3,5,5,0.1,8.855133056640625,0.4999999999994243,0.3333333333065676,0.4999999999799256
D3,0.3,0.3,5,5,0.1,8.865127563476562,0.4999999999994243,0.3333333333065676,0.4999999999799256
D3,0.3,0.3,5,5,0.1,8.8751220703125,0.4999999999994243,0.3333333333065676,0.4999999999799256
D3,0.3,0.3,5,5,0.1,8.885116577148438,0.4999999999994243,0.3333333333065676,0.4999999999799256
D3,0.3,0.3,5,5,0.1,8.895111083984375,0.4999999999994243,0.3333333333065676,0.4999999999799256
D3,0.3,0.3,5,5,0.1,8.905105590820312,0.4999999999994243,0.3333333333065676,0.4999999999799256
D3,0.3,0.3,5,5,0.1,8.91510009765625,0.4999999999994243,0.3333333333065676,0.4999999999799256
D3,0.3,0.3,5,5,0.1,8.925094604492188,0.4999999999994243,0.3333333333065676,0.4999999999799256
D3,0.3,0.3,5,5,0.1,8.935089111328125,0.4999999999994243,0.3333333333065676,0.4999999999799256
D3,0.3,0.3,5,5,0.1,8.945083618164062,0.4999999999994243,0.3333333333065676,0.4999999999799256
D3,0.3,0.3,5,5,0.1,8.955078125,0.4999999999994243,0.3333333333065676,0.4999999999799256
D3,0.3,0.3,5,5,0.1,8.965072631835938,0.4999999999994243,0.3333333333065676,0.4999999999799256
D3,0.3,0.3,5,5,0.1,8.975067138671875,0.4999999999994243,0.3333333333065676,0.4999999999799256
D3,0.3,0.3,5,5,0.1,8.985061645507812,0.4999999999994243,0.3333333333065676,0.4999999999799256
D3,0.3,0.3,5,5,0.1,8.99505615234375,0.4999999999994243,0.3333333333065676,0.4999999999799256
D3,0.3,0.3,5,5,0.1,9.005050659179688,0.4999999999994243,0.3333333333065676,0.4999999999799256
D3,0.3,0.3,5,5,0.1,9.015045166015625,0.4999999999994243,0.3333333333065676,0.4999999999799256
D3,0.3,0.3,5,5,0.1,9.025039672851562,0.4999999999994243,0.3333333333065676,0.4999999999799256
D3,0.3,0.3,5,5,0.1,9.0350341796875,0.4999999999994243,0.3333333333065676,0.4999999999799256
D3,0.3,0.3,5,5,0.1,9.045028686523438,0.4999999999994243,0.3333333333065676,0.4999999999799256
D3,0.3,0.3,5,5,0.1,9.055023193359375,0.4999999999994243,0.3333333333065676,0.4999999999799256
D3,0.3,0.3,5,5,0.1,9.065017700195312,0.4999999999994243,0.3333333333065676,0.4999999999799256
D3,0.3,0.3,5,5,0.1,9.07501220703125,0.4999999999994243,0.3333333333065676,0.4999999999799256
D3,0.3,0.3,5,5,0.1,9.085006713867188,0.4999999999994243,0.3333333333065676,0.4999999999799256
D3,0.3,0.3,5,5,0.1,9.095001220703125,0.4999999999994243,0.3333333333065676,0.4999999999799256
D3,0.3,0.3,5,5,0.1,9.104995727539062,0.4999999999994243,0.3333333333065676,0.4999999999799256
D3,0.3,0.3,5,5,0.1,9.114990234375,0.4999999999994243,0.3333333333065676,0.4999999999799256
D3,0.3,0.3,5,5,0.1,9.124984741210938,0.4999999999994243,0.3333333333065676,0.4999999999799256
D3,0.3,0.3,5,5,0.1,9.134979248046875,0.4999999999994243,0.3333333333065676,0.4999999999799256
D3,0.3,0.3,5,5,0.1,9.144973754882812,0.4999999999994243,0.3333333333065676,0.4999999999799256
D3,0.3,0.3,5,5,0.1,9.15496826171875,0.4999999999994243,0.3333333333065676,0.4999999999799256
D3,0.3,0.3,5,5,0.1,9.164962768554688,0.4999999999994243,0.3333333333065676,0.4999999999799256
D3,0.3,0.3,5,5,0.1,9.174957275390625,0.4999999999994243,0.3333333333065676,0.4999999999799256
D3,0.3,0.3,5,5,0.1,9.184951782226562,0.4999999999994243,0.3333333333065676,0.4999999999799256
D3,0.3,0.3,5,5,0.1,9.1949462890625,0.4999999999994243,0.3333333333065676,0.4999999999799256
D3,0.3,0.3,5,5,0.1,9.204940795898438,0.4999999999994243,0.3333333333065676,0.4999999999799256
D3,0.3,0.3,5,5,0.1,9.214935302734375,0.4999999999994243,0.3333333333065676,0.4999999999799256
D3,0.3,0.3,5,5,0.1,9.224929809570312,0.4999999999994243,0.3333333333065676,0.4999999999799256
D3,0.3,0.3,5,5,0.1,9.23492431640625,0.4999999999994243,0.3333333333065676,0.4999999999799256
D3,0.3,0.3,5,5,0.1,9.244918823242188,0.4999999999994243,0.3333333333065676,0.4999999999799256
D3,0.3,0.3,5,5,0.1,9.254913330078125,0.4999999999994243,0.3333333333065676,0.4999999999799256
D3,0.3,0.3,5,5,0.1,9.264907836914062,0.4999999999994243,0.3333333333065676,0.4999999999799256
D3,0.3,0.3,5,5,0.1,9.27490234375,0.4999999999994243,0.3333333333065676,0.4999999999799256
D3,0.3,0.3,5,5,0.1,9.284896850585938,0.4999999999994243,0.3333333333065676,0.4999999999799256
D3,0.3,0.3,5,5,0.1,9.294891357421875,0.4999999999994243,0.3333333333065676,0.4999999999799256
D3,0.3,0.3,5,5,0.1,9.304885864257812,0.4999999999994243,0.3333333333065676,0.4999999999799256
D3,0.3,0.3,5,5,0.1,9.31488037109375,0.4999999999994243,0.3333333333065676,0.4999999999799256
D3,0.3,0.3,5,5,0.1,9.324874877929688,0.4999999999994243,0.3333333333065676,0.4999999999799256
D3,0.3,0.3,5,5,0.1,9.334869384765625,0.4999999999994243,0.3333333333065676,0.4999999999799256
D3,0.3,0.3,5,5,0.1,9.344863891601562,0.4999999999994243,0.3333333333065676,0.4999999999799256
D3,0.3,0.3,5,5,0.1,9.3548583984375,0.4999999999994243,0.3333333333065676,0.4999999999799256
D3,0.3,0.3,5,5,0.1,9.364852905273438,0.4999999999994243,0.3333333333065676,0.4999999999799256
D3,0.3,0.3,5,5,0.1,9.374847412109375,0.4999999999994243,0.3333333333065676,0.4999999999799256
D3,0.3,0.3,5,5,0.1,9.384841918945312,0.4999999999994243,0.3333333333065676,0.4999999999799256
D3,0.3,0.3,5,5,0.1,9.39483642578125,0.4999999999994243,0.3333333333065676,0.4999999999799256
D3,0.3,0.3,5,5,0.1,9.404830932617188,0.4999999999994243,0.3333333333065676,0.4999999999799256
D3,0.3,0.3,5,5,0.1,9.414825439453125,0.4999999999994243,0.3333333333065676,0.4999999999799256
D3,0.3,0.3,5,5,0.1,9.424819946289062,0.4999999999994243,0.3333333333065676,0.4999999999799256
D3,0.3,0.3,5,5,0.1,9.434814453125,0.4999999999994243,0.3333333333065676,0.4999999999799256
D3,0.3,0.3,5,5,0.1,9.444808959960938,0.4999999999994243,0.3333333333065676,0.4999999999799256
D3,0.3,0.3,5,5,0.1,9.454803466796875,0.4999999999994243,0.3333333333065676,0.4999999999799256
D3,0.3,0.3,5,5,0.1,9.464797973632812,0.4999999999994243,0.3333333333065676,0.4999999999799256
D3,0.3,0.3,5,5,0.1,9.47479248046875,0.4999999999994243,0.3333333333065676,0.4999999999799256
D3,0.3,0.3,5,5,0.1,9.484786987304688,0.4999999999994243,0.3333333333065676,0.4999999999799256
D3,0.3,0.3,5,5,0.1,9.494781494140625,0.4999999999994243,0.3333333333065676,0.4999999999799256
D3,0.3,0.3,5,5,0.1,9.504776000976562,0.4999999999994243,0.3333333333065676,0.4999999999799256
D3,0.3,0.3,5,5,0.1,9.5147705078125,0.4999999999994243,0.3333333333065676,0.4999999999799256
D3,0.3,0.3,5,5,0.1,9.524765014648438,0.4999999999994243,0.3333333333065676,0.4999999999799256
D3,0.3,0.3,5,5,0.1,9.534759521484375,0.4999999999994243,0.3333333333065676,0.4999999999799256
D3,0.3,0.3,5,5,0.1,9.544754028320312,0.4999999999994243,0.3333333333065676,0.4999999999799256
D3,0.3,0.3,5,5,0.1,9.55474853515625,0.4999999999994243,0.3333333333065676,0.4999999999799256
D3,0.3,0.3,5,5,0.1,9.564743041992188,0.4999999999994243,0.3333333333065676,0.4999999999799256
D3,0.3,0.3,5,5,0.1,9.574737548828125,0.4999999999994243,0.3333333333065676,0.4999999999799256
D3,0.3,0.3,5,5,0.1,9.584732055664062,0.4999999999994243,0.3333333333065676,0.4999999999799256
D3,0.3,0.3,5,5,0.1,9.5947265625,0.4999999999994243,0.3333333333065676,0.4999999999799256
D3,0.3,0.3,5,5,0.1,9.604721069335938,0.4999999999994243,0.3333333333065676,0.4999999999799256
D3,0.3,0.3,5,5,0.1,9.614715576171875,0.4999999999994243,0.3333333333065676,0.4999999999799256
D3,0.3,0.3,5,5,0.1,9.624710083007812,0.4999999999994243,0.3333333333065676,0.4999999999799256
D3,0.3,0.3,5,5,0.1,9.63470458984375,0.4999999999994243,0.3333333333065676,0.4999999999799256
D3,0.3,0.3,5,5,0.1,9.644699096679688,0.4999999999994243,0.3333333333065676,0.4999999999799256
D3,0.3,0.3,5,5,0.1,9.654693603515625,0.4999999999994243,0.3333333333065676,0.4999999999799256
D3,0.3,0.3,5,5,0.1,9.664688110351562,0.4999999999994243,0.3333333333065676,0.4999999999799256
D3,0.3,0.3,5,5,0.1,9.6746826171875,0.4999999999994243,0.3333333333065676,0.4999999999799256
D3,0.3,0.3,5,5,0.1,9.684677124023438,0.4999999999994243,0.3333333333065676,0.4999999999799256
D3,0.3,0.3,5,5,0.1,9.694671630859375,0.4999999999994243,0.3333333333065676,0.4999999999799256
D3,0.3,0.3,5,5,0.1,9.704666137695312,0.4999999999994243,0.3333333333065676,0.4999999999799256
D3,0.3,0.3,5,5,0.1,9.71466064453125,0.4999999999994243,0.3333333333065676,0.4999999999799256
D3,0.3,0.3,5,5,0.1,9.724655151367188,0.4999999999994243,0.3333333333065676,0.4999999999799256
D3,0.3,0.3,5,5,0.1,9.734649658203125,0.4999999999994243,0.3333333333065676,0.4999999999799256
D3,0.3,0.3,5,5,0.1,9.744644165039062,0.4999999999994243,0.3333333333065676,0.4999999999799256
D3,0.3,0.3,5,5,0.1,9.754638671875,0.4999999999994243,0.3333333333065676,0.4999999999799256
D3,0.3,0.3,5,5,0.1,9.764633178710938,0.4999999999994243,0.3333333333065676,0.4999999999799256
D3,0.3,0.3,5,5,0.1,9.774627685546875,0.4999999999994243,0.3333333333065676,0.4999999999799256
D3,0.3,0.3,5,5,0.1,9.784622192382812,0.4999999999994243,0.3333333333065676,0.4999999999799256
D3,0.3,0.3,5,5,0.1,9.79461669921875,0.4999999999994243,0.3333333333065676,0.4999999999799256
D3,0.3,0.3,5,5,0.1,9.804611206054688,0.4999999999994243,0.3333333333065676,0.4999999999799256
D3,0.3,0.3,5,5,0.1,9.814605712890625,0.4999999999994243,0.3333333333065676,0.4999999999799256
D3,0.3,0.3,5,5,0.1,9.824600219726562,0.4999999999994243,0.3333333333065676,0.4999999999799256
D3,0.3,0.3,5,5,0.1,9.8345947265625,0.4999999999994243,0.3333333333065676,0.4999999999799256
D3,0.3,0.3,5,5,0.1,9.844589233398438,0.4999999999994243,0.3333333333065676,0.4999999999799256
D3,0.3,0.3,5,5,0.1,9.854583740234375,0.4999999999994243,0.3333333333065676,0.4999999999799256
D3,0.3,0.3,5,5,0.1,9.864578247070312,0.4999999999994243,0.3333333333065676,0.4999999999799256
D3,0.3,0.3,5,5,0.1,9.87457275390625,0.4999999999994243,0.3333333333065676,0.4999999999799256
D3,0.3,0.3,5,5,0.1,9.884567260742188,0.4999999999994243,0.3333333333065676,0.4999999999799256
D3,0.3,0.3,5,5,0.1,9.894561767578125,0.4999999999994243,0.3333333333065676,0.4999999999799256
D3,0.3,0.3,5,5,0.1,9.904556274414062,0.4999999999994243,0.3333333333065676,0.4999999999799256
D3,0.3,0.3,5,5,0.1,9.91455078125,0.4999999999994243,0.3333333333065676,0.4999999999799256
D3,0.3,0.3,5,5,0.1,9.924545288085938,0.4999999999994243,0.3333333333065676,0.4999999999799256
D3,0.3,0.3,5,5,0.1,9.934539794921875,0.4999999999994243,0.3333333333065676,0.4999999999799256
D3,0.3,0.3,5,5,0.1,9.944534301757812,0.4999999999994243,0.3333333333065676,0.4999999999799256
D3,0.3,0.3,5,5,0.1,9.95452880859375,0.4999999999994243,0.3333333333065676,0.4999999999799256
D3,0.3,0.3,5,5,0.1,9.964523315429688,0.4999999999994243,0.3333333333065676,0.4999999999799256
D3,0.3,0.3,5,5,0.1,9.974517822265625,0.4999999999994243,0.3333333333065676,0.4999999999799256
D3,0.3,0.3,5,5,0.1,9.984512329101562,0.4999999999994243,0.3333333333065676,0.4999999999799256
D3,0.3,0.3,5,5,0.1,9.9945068359375,0.4999999999994243,0.3333333333065676,0.4999999999799256
D3,0.3,0.3,5,5,0.1,10,0.4999999999994243,0.3333333333065676,0.4999999999799256
D4,0.3,0.3,25,25,0.02,0,0,1,0.5000000000000001
D4,0.3,0.3,25,25,0.02,0.0099945068359375,0.2093824026561626,0.5761761710987547,0.5000000000000028
D4,0.3,0.3,25,25,0.02,0.019989013671875,0.3525417733488252,0.4277434190424661,0.5000000000000031
D4,0.3,0.3,25,25,0.02,0.0299835205078125,0.445581639114492,0.3744021662705543,0.5000000000000029
D4,0.3,0.3,25,25,0.02,0.03997802734375,0.5008822624300465,0.3535364249681543,0.500000000000002
D4,0.3,0.3,25,25,0.02,0.0499725341796875,0.529185266418123,0.3441604877869544,0.5000000000000003
D4,0.3,0.3,25,25,0.02,0.059967041015625,0.5397467509205076,0.3393324883588252,0.4999999999999983
D4,0.3,0.3,25,25,0.02,0.0699615478515625,0.5399216727540239,0.3366410058140132,0.499999999999996
D4,0.3,0.3,25,25,0.02,0.0799560546875,0.5349558040196203,0.3351112525640242,0.4999999999999944
D4,0.3,0.3,25,25,0.02,0.0899505615234375,0.5281772332304803,0.3342565116808613,0.4999999999999936
D4,0.3,0.3,25,25,0.02,0.099945068359375,0.5214384120519776,0.333794743971253,0.4999999999999922
D4,0.3,0.3,25,25,0.02,0.1099395751953125,0.5156013176910375,0.3335550240665048,0.4999999999999906
D4,0.3,0.3,25,25,0.02,0.11993408203125,0.5109391559054779,0.3334356562562552,0.4999999999999892
D4,0.3,0.3,25,25,0.02,0.1299285888671875,0.5074175569806573,0.3333786668701452,0.4999999999999882
D4,0.3,0.3,25,25,0.02,0.139923095703125,0.5048688518001732,0.3333525887885637,0.4999999999999864
D4,0.3,0.3,25,25,0.02,0.1499176025390625,0.5030891243618131,0.333341161229707,0.4999999999999845
D4,0.3,0.3,25,25,0.02,0.159912109375,0.5018860491282288,0.333336373797224,0.4999999999999832
D4,0.3,0.3,25,25,0.02,0.1699066162109375,0.5010981968168753,0.3333344611613183,0.4999999999999815
D4,0.3,0.3,25,25,0.02,0.179901123046875,0.5005992401760012,0.3333337346738596,0.49999999999998
D4,0.3,0.3,25,25,0.02,0.1898956298828125,0.5002950596384345,0.333333472888102,0.4999999999999789
D4,0.3,0.3,25,25,0.02,0.19989013671875,0.5001181785785265,0.333333383121351,0.4999999999999772
D4,0.3,0.3,25,25,0.02,0.2098846435546875,0.5000217914474595,0.333333353220069,0.499999999999976
D4,0.3,0.3,25,25,0.02,0.219879150390625,0.4999744105922675,0.3333333429031926,0.4999999999999743
D4,0.3,0.3,25,25,0.02,0.2298736572265625,0.4999554910564614,0.3333333387414649,0.4999999999999729
D4,0.3,0.3,25,25,0.02,0.2398681640625,0.4999520596178105,0.3333333366081949,0.4999999999999721
D4,0.3,0.3,25,25,0.02,0.2498626708984375,0.4999562275770763,0.3333333353125454,0.4999999999999702
D4,0.3,0.3,25,25,0.02,0.259857177734375,0.4999634190263768,0.3333333344890094,0.4999999999999685
D4,0.3,0.3,25,25,0.02,0.2698516845703125,0.4999711473767877,0.3333333339784942,0.4999999999999676
D4,0.3,0.3,25,25,0.02,0.27984619140625,0.4999781950361369,0.3333333336771007,0.4999999999999662
D4,0.3,0.3,25,25,0.02,0.2898406982421875,0.4999840796069087,0.3333333335083559,0.4999999999999653
D4,0.3,0.3,25,25,0.02,0.299835205078125,0.4999887176091729,0.3333333334185978,0.4999999999999635
D4,0.3,0.3,25,25,0.02,0.3098297119140625,0.4999922204645624,0.3333333333731109,0.4999999999999623
D4,0.3,0.3,25,25,0.02,0.31982421875,0.4999947764459217,0.3333333333510983,0.4999999999999608
D4,0.3,0.3,25,25,0.02,0.3298187255859375,0.4999965867233118,0.3333333333409128,0.4999999999999594
D4,0.3,0.3,25,25,0.02,0.339813232421875,0.4999978341929515,0.3333333333364056,0.4999999999999583
D4,0.3,0.3,25,25,0.02,0.3498077392578125,0.4999986712512897,0.3333333333345,0.499999999999957
D4,0.3,0.3,25,25,0.02,0.35980224609375,0.4999992178156602,0.3333333333337309,0.4999999999999555
D4,0.3,0.3,25,25,0.02,0.3697967529296875,0.4999995643261586,0.3333333333334355,0.499999999999954
D4,0.3,0.3,25,25,0.02,0.379791259765625,0.49999977668986,0.3333333333333268,0.4999999999999523
D4,0.3,0.3,25,25,0.02,0.3897857666015625,0.4999999015266839,0.3333333333332879,0.4999999999999511
D4,0.3,0.3,25,25,0.02,0.3997802734375,0.4999999709214551,0.3333333333332739,0.4999999999999502
D4,0.3,0.3,25,25,0.02,0.4097747802734375,0.5000000063740226,0.3333333333332676,0.4999999999999482
D4,0.3,0.3,25,25,0.02,0.419769287109375,0.5000000219018023,0.3333333333332644,0.4999999999999472
D4,0.3,0.3,25,25,0.02,0.4297637939453125,0.500000026376036,0.3333333333332618,0.4999999999999457
D4,0.3,0.3,25,25,0.02,0.43975830078125,0.5000000252219655,0.3333333333332594,0.4999999999999438
D4,0.3,0.3,25,25,0.02,0.4497528076171875,0.5000000216198137,0.333333333333257,0.4999999999999429
D4,0.3,0.3,25,25,0.02,0.459747314453125,0.5000000173302708,0.3333333333332553,0.4999999999999413
D4,0.3,0.3,25,25,0.02,0.4697418212890625,0.5000000132468335,0.3333333333332533,0.4999999999999399
D4,0.3,0.3,25,25,0.02,0.479736328125,0.5000000097553829,0.3333333333332517,0.4999999999999386
D4,0.3,0.3,25,25,0.02,0.4897308349609375,0.5000000069613528,0.3333333333332494,0.4999999999999372
D4,0.3,0.3,25,25,0.02,0.499725341796875,0.5000000048283305,0.3333333333332476,0.4999999999999361
D4,0.3,0.3,25,25,0.02,0.5097198486328125,0.5000000032590997,0.3333333333332457,0.4999999999999345
D4,0.3,0.3,25,25,0.02,0.51971435546875,0.5000000021402977,0.3333333333332442,0.4999999999999336
D4,0.3,0.3,25,25,0.02,0.5297088623046875,0.5000000013649397,0.3333333333332429,0.4999999999999323
D4,0.3,0.3,25,25,0.02,0.539703369140625,0.5000000008419925,0.3333333333332407,0.499999999999931
D4,0.3,0.3,25,25,0.02,0.5496978759765625,0.5000000004988435,0.3333333333332389,0.4999999999999291
D4,0.3,0.3,25,25,0.02,0.5596923828125,0.5000000002802027,0.333333333333237,0.4999999999999278
D4,0.3,0.3,25,25,0.02,0.5696868896484375,0.5000000001454742,0.3333333333332354,0.4999999999999267
D4,0.3,0.3,25,25,0.02,0.579681396484375,0.5000000000657511,0.3333333333332338,0.4999999999999259
D4,0.3,0.3,25,25,0.02,0.5896759033203125,0.5000000000210504,0.3333333333332321,0.4999999999999242
D4,0.3,0.3,25,25,0.02,0.59967041015625,0.4999999999979106,0.3333333333332302,0.4999999999999228
D4,0.3,0.3,25,25,0.02,0.6096649169921875,0.4999999999875062,0.3333333333332286,0.4999999999999217
D4,0.3,0.3,25,25,0.02,0.619659423828125,0.4999999999842333,0.3333333333332268,0.4999999999999203
D4,0.3,0.3,25,25,0.02,0.6296539306640625,0.4999999999846393,0.3333333333332252,0.499999999999919
D4,0.3,0.3,25,25,0.02,0.6396484375,0.4999999999866915,0.3333333333332234,0.4999999999999179
D4,0.3,0.3,25,25,0.02,0.6496429443359375,0.4999999999892517,0.3333333333332215,0.4999999999999166
D4,0.3,0.3,25,25,0.02,0.659637451171875,0.4999999999917324,0.3333333333332198,0.4999999999999153
D4,0.3,0.3,25,25,0.02,0.6696319580078125,0.4999999999938764,0.3333333333332184,0.4999999999999138
D4,0.3,0.3,25,25,0.02,0.67962646484375,0.4999999999956086,0.3333333333332162,0.4999999999999118
D4,0.3,0.3,25,25,0.02,0.6896209716796875,0.4999999999969302,0.3333333333332136,0.49999999999991
D4,0.3,0.3,25,25,0.02,0.699615478515625,0.4999999999979086,0.3333333333332116,0.4999999999999087
D4,0.3,0.3,25,25,0.02,0.7096099853515625,0.4999999999986189,0.3333333333332106,0.4999999999999077
D4,0.3,0.3,25,25,0.02,0.7196044921875,0.4999999999990946,0.3333333333332089,0.4999999999999069
D4,0.3,0.3,25,25,0.02,0.7295989990234375,0.4999999999994351,0.3333333333332092,0.499999999999907
D4,0.3,0.3,25,25,0.02,0.739593505859375,0.4999999999996658,0.3333333333332105,0.4999999999999082
D4,0.3,0.3,25,25,0.02,0.7495880126953125,0.4999999999998021,0.3333333333332112,0.4999999999999084
D4,0.3,0.3,25,25,0.02,0.75958251953125,0.4999999999998803,0.3333333333332113,0.4999999999999085
D4,0.3,0.3,25,25,0.02,0.7695770263671875,0.4999999999999267,0.3333333333332122,0.499999999999909
D4,0.3,0.3,25,25,0.02,0.779571533203125,0.4999999999999267,0.3333333333332124,0.4999999999999091
D4,0.3,0.3,25,25,0.02,0.7895660400390625,0.4999999999999267,0.3333333333332124,0.4999999999999091
D4,0.3,0.3,25,25,0.02,0.799560546875,0.4999999999999267,0.3333333333332124,0.4999999999999091
D4,0.3,0.3,25,25,0.02,0.8095550537109375,0.4999999999999267,0.3333333333332124,0.4999999999999091
D4,0.3,0.3,25,25,0.02,0.819549560546875,0.4999999999999267,0.3333333333332124,0.4999999999999091
D4,0.3,0.3,25,25,0.02,0.8295440673828125,0.4999999999999267,0.3333333333332124,0.4999999999999091
D4,0.3,0.3,25,25,0.02,0.83953857421875,0.4999999999999267,0.3333333333332124,0.4999999999999091
D4,0.3,0.3,25,25,0.02,0.8495330810546875,0.4999999999999267,0.3333333333332124,0.4999999999999091
D4,0.3,0.3,25,25,0.02,0.859527587890625,0.4999999999999267,0.3333333333332124,0.4999999999999091
D4,0.3,0.3,25,25,0.02,0.8695220947265625,0.4999999999999267,0.3333333333332124,0.4999999999999091
D4,0.3,0.3,25,25,0.02,0.8795166015625,0.4999999999999267,0.3333333333332124,0.4999999999999091
D4,0.3,0.3,25,25,0.02,0.8895111083984375,0.4999999999999267,0.3333333333332124,0.4999999999999091
D4,0.3,0.3,25,25,0.02,0.899505615234375,0.4999999999999267,0.3333333333332124,0.4999999999999091
D4,0.3,0.3,25,25,0.02,0.9095001220703125,0.4999999999999267,0.3333333333332124,0.4999999999999091
D4,0.3,0.3,25,25,0.02,0.91949462890625,0.4999999999999267,0.3333333333332124,0.4999999999999091
D4,0.3,0.3,25,25,0.02,0.9294891357421875,0.4999999999999267,0.3333333333332124,0.4999999999999091
D4,0.3,0.3,25,25,0.02,0.939483642578125,0.4999999999999267,0.3333333333332124,0.4999999999999091
D4,0.3,0.3,25,25,0.02,0.9494781494140625,0.4999999999999267,0.3333333333332124,0.4999999999999091
D4,0.3,0.3,25,25,0.02,0.95947265625,0.4999999999999267,0.3333333333332124,0.4999999999999091
D4,0.3,0.3,25,25,0.02,0.9694671630859375,0.4999999999999267,0.3333333333332124,0.4999999999999091
D4,0.3,0.3,25,25,0.02,0.979461669921875,0.4999999999999267,0.3333333333332124,0.4999999999999091
D4,0.3,0.3,25,25,0.02,0.9894561767578125,0.4999999999999267,0.3333333333332124,0.4999999999999091
D4,0.3,0.3,25,25,0.02,0.99945068359375,0.4999999999999267,0.3333333333332124,0.4999999999999091
D4,0.3,0.3,25,25,0.02,1.009445190429688,0.4999999999999267,0.3333333333332124,0.4999999999999091
D4,0.3,0.3,25,25,0.02,1.019439697265625,0.4999999999999267,0.3333333333332124,0.4999999999999091
D4,0.3,0.3,25,25,0.02,1.029434204101562,0.4999999999999267,0.3333333333332124,0.4999999999999091
D4,0.3,0.3,25,25,0.02,1.0394287109375,0.4999999999999267,0.3333333333332124,0.4999999999999091
D4,0.3,0.3,25,25,0.02,1.049423217773438,0.4999999999999267,0.3333333333332124,0.4999999999999091
D4,0.3,0.3,25,25,0.02,1.059417724609375,0.4999999999999267,0.3333333333332124,0.4999999999999091
D4,0.3,0.3,25,25,0.02,1.069412231445312,0.4999999999999267,0.3333333333332124,0.4999999999999091
D4,0.3,0.3,25,25,0.02,1.07940673828125,0.4999999999999267,0.3333333333332124,0.4999999999999091
D4,0.3,0.3,25,25,0.02,1.089401245117188,0.4999999999999267,0.3333333333332124,0.4999999999999091
D4,0.3,0.3,25,25,0.02,1.099395751953125,0.4999999999999267,0.3333333333332124,0.4999999999999091
D4,0.3,0.3,25,25,0.02,1.109390258789062,0.4999999999999267,0.3333333333332124,0.4999999999999091
D4,0.3,0.3,25,25,0.02,1.119384765625,0.4999999999999267,0.3333333333332124,0.4999999999999091
D4,0.3,0.3,25,25,0.02,1.129379272460938,0.4999999999999267,0.3333333333332124,0.4999999999999091
D4,0.3,0.3,25,25,0.02,1.139373779296875,0.4999999999999267,0.3333333333332124,0.4999999999999091
D4,0.3,0.3,25,25,0.02,1.149368286132812,0.4999999999999267,0.3333333333332124,0.4999999999999091
D4,0.3,0.3,25,25,0.02,1.15936279296875,0.4999999999999267,0.3333333333332124,0.4999999999999091
D4,0.3,0.3,25,25,0.02,1.169357299804688,0.4999999999999267,0.3333333333332124,0.4999999999999091
D4,0.3,0.3,25,25,0.02,1.179351806640625,0.4999999999999267,0.3333333333332124,0.4999999999999091
D4,0.3,0.3,25,25,0.02,1.189346313476562,0.4999999999999267,0.3333333333332124,0.4999999999999091
D4,0.3,0.3,25,25,0.02,1.1993408203125,0.4999999999999267,0.3333333333332124,0.4999999999999091
D4,0.3,0.3,25,25,0.02,1.209335327148438,0.4999999999999267,0.3333333333332124,0.4999999999999091
D4,0.3,0.3,25,25,0.02,1.219329833984375,0.4999999999999267,0.3333333333332124,0.4999999999999091
D4,0.3,0.3,25,25,0.02,1.229324340820312,0.4999999999999267,0.3333333333332124,0.4999999999999091
D4,0.3,0.3,25,25,0.02,1.23931884765625,0.4999999999999267,0.3333333333332124,0.4999999999999091
D4,0.3,0.3,25,25,0.02,1.249313354492188,0.4999999999999267,0.3333333333332124,0.4999999999999091
D4,0.3,0.3,25,25,0.02,1.259307861328125,0.4999999999999267,0.3333333333332124,0.4999999999999091
D4,0.3,0.3,25,25,0.02,1.269302368164062,0.4999999999999267,0.3333333333332124,0.4999999999999091
D4,0.3,0.3,25,25,0.02,1.279296875,0.4999999999999267,0.3333333333332124,0.4999999999999091
D4,0.3,0.3,25,25,0.02,1.289291381835938,0.4999999999999267,0.3333333333332124,0.4999999999999091
D4,0.3,0.3,25,25,0.02,1.299285888671875,0.4999999999999267,0.3333333333332124,0.4999999999999091
D4,0.3,0.3,25,25,0.02,1.309280395507812,0.4999999999999267,0.3333333333332124,0.4999999999999091
D4,0.3,0.3,25,25,0.02,1.31927490234375,0.4999999999999267,0.3333333333332124,0.4999999999999091
D4,0.3,0.3,25,25,0.02,1.329269409179688,0.4999999999999267,0.3333333333332124,0.4999999999999091
D4,0.3,0.3,25,25,0.02,1.339263916015625,0.4999999999999267,0.3333333333332124,0.4999999999999091
D4,0.3,0.3,25,25,0.02,1.349258422851562,0.4999999999999267,0.3333333333332124,0.4999999999999091
D4,0.3,0.3,25,25,0.02,1.3592529296875,0.4999999999999267,0.3333333333332124,0.4999999999999091
D4,0.3,0.3,25,25,0.02,1.369247436523438,0.4999999999999267,0.3333333333332124,0.4999999999999091
D4,0.3,0.3,25,25,0.02,1.379241943359375,0.4999999999999267,0.3333333333332124,0.4999999999999091
D4,0.3,0.3,25,25,0.02,1.389236450195312,0.4999999999999267,0.3333333333332124,0.4999999999999091
D4,0.3,0.3,25,25,0.02,1.39923095703125,0.4999999999999267,0.3333333333332124,0.4999999999999091
D4,0.3,0.3,25,25,0.02,1.409225463867188,0.4999999999999267,0.3333333333332124,0.4999999999999091
D4,0.3,0.3,25,25,0.02,1.419219970703125,0.4999999999999267,0.3333333333332124,0.4999999999999091
D4,0.3,0.3,25,25,0.02,1.429214477539062,0.4999999999999267,0.3333333333332124,0.4999999999999091
D4,0.3,0.3,25,25,0.02,1.439208984375,0.4999999999999267,0.3333333333332124,0.4999999999999091
D4,0.3,0.3,25,25,0.02,1.449203491210938,0.4999999999999267,0.3333333333332124,0.4999999999999091
D4,0.3,0.3,25,25,0.02,1.459197998046875,0.4999999999999267,0.3333333333332124,0.4999999999999091
D4,0.3,0.3,25,25,0.02,1.469192504882812,0.4999999999999267,0.3333333333332124,0.4999999999999091
D4,0.3,0.3,25,25,0.02,1.47918701171875,0.4999999999999267,0.3333333333332124,0.4999999999999091
D4,0.3,0.3,25,25,0.02,1.489181518554688,0.4999999999999267,0.3333333333332124,0.4999999999999091
D4,0.3,0.3,25,25,0.02,1.499176025390625,0.4999999999999267,0.3333333333332124,0.4999999999999091
D4,0.3,0.3,25,25,0.02,1.509170532226562,0.4999999999999267,0.3333333333332124,0.4999999999999091
D4,0.3,0.3,25,25,0.02,1.5191650390625,0.4999999999999267,0.3333333333332124,0.4999999999999091
D4,0.3,0.3,25,25,0.02,1.529159545898438,0.4999999999999267,0.3333333333332124,0.4999999999999091
D4,0.3,0.3,25,25,0.02,1.539154052734375,0.4999999999999267,0.3333333333332124,0.4999999999999091
D4,0.3,0.3,25,25,0.02,1.549148559570312,0.4999999999999267,0.3333333333332124,0.4999999999999091
D4,0.3,0.3,25,25,0.02,1.55914306640625,0.4999999999999267,0.3333333333332124,0.4999999999999091
D4,0.3,0.3,25,25,0.02,1.569137573242188,0.4999999999999267,0.3333333333332124,0.4999999999999091
D4,0.3,0.3,25,25,0.02,1.579132080078125,0.4999999999999267,0.3333333333332124,0.4999999999999091
D4,0.3,0.3,25,25,0.02,1.589126586914062,0.4999999999999267,0.3333333333332124,0.4999999999999091
D4,0.3,0.3,25,25,0.02,1.59912109375,0.4999999999999267,0.3333333333332124,0.4999999999999091
D4,0.3,0.3,25,25,0.02,1.609115600585938,0.4999999999999267,0.3333333333332124,0.4999999999999091
D4,0.3,0.3,25,25,0.02,1.619110107421875,0.4999999999999267,0.3333333333332124,0.4999999999999091
D4,0.3,0.3,25,25,0.02,1.629104614257812,0.4999999999999267,0.3333333333332124,0.4999999999999091
D4,0.3,0.3,25,25,0.02,1.63909912109375,0.4999999999999267,0.3333333333332124,0.4999999999999091
D4,0.3,0.3,25,25,0.02,1.649093627929688,0.4999999999999267,0.3333333333332124,0.4999999999999091
D4,0.3,0.3,25,25,0.02,1.659088134765625,0.4999999999999267,0.3333333333332124,0.4999999999999091
D4,0.3,0.3,25,25,0.02,1.669082641601562,0.4999999999999267,0.3333333333332124,0.4999999999999091
D4,0.3,0.3,25,25,0.02,1.6790771484375,0.4999999999999267,0.3333333333332124,0.4999999999999091
D4,0.3,0.3,25,25,0.02,1.689071655273438,0.4999999999999267,0.3333333333332124,0.4999999999999091
D4,0.3,0.3,25,25,0.02,1.699066162109375,0.4999999999999267,0.3333333333332124,0.4999999999999091
D4,0.3,0.3,25,25,0.02,1.709060668945312,0.4999999999999267,0.3333333333332124,0.4999999999999091
D4,0.3,0.3,25,25,0.02,1.71905517578125,0.4999999999999267,0.3333333333332124,0.4999999999999091
D4,0.3,0.3,25,25,0.02,1.729049682617188,0.4999999999999267,0.3333333333332124,0.4999999999999091
D4,0.3,0.3,25,25,0.02,1.739044189453125,0.4999999999999267,0.3333333333332124,0.4999999999999091
D4,0.3,0.3,25,25,0.02,1.749038696289062,0.4999999999999267,0.3333333333332124,0.4999999999999091
D4,0.3,0.3,25,25,0.02,1.759033203125,0.4999999999999267,0.3333333333332124,0.4999999999999091
D4,0.3,0.3,25,25,0.02,1.769027709960938,0.4999999999999267,0.3333333333332124,0.4999999999999091
D4,0.3,0.3,25,25,0.02,1.779022216796875,0.4999999999999267,0.3333333333332124,0.4999999999999091
D4,0.3,0.3,25,25,0.02,1.789016723632812,0.4999999999999267,0.3333333333332124,0.4999999999999091
D4,0.3,0.3,25,25,0.02,1.79901123046875,0.4999999999999267,0.3333333333332124,0.4999999999999091
D4,0.3,0.3,25,25,0.02,1.809005737304688,0.4999999999999267,0.3333333333332124,0.4999999999999091
D4,0.3,0.3,25,25,0.02,1.819000244140625,0.4999999999999267,0.3333333333332124,0.4999999999999091
D4,0.3,0.3,25,25,0.02,1.828994750976562,0.4999999999999267,0.3333333333332124,0.4999999999999091
D4,0.3,0.3,25,25,0.02,1.8389892578125,0.4999999999999267,0.3333333333332124,0.4999999999999091
D4,0.3,0.3,25,25,0.02,1.848983764648438,0.4999999999999267,0.3333333333332124,0.4999999999999091
D4,0.3,0.3,25,25,0.02,1.858978271484375,0.4999999999999267,0.3333333333332124,0.4999999999999091
D4,0.3,0.3,25,25,0.02,1.868972778320312,0.4999999999999267,0.3333333333332124,0.4999999999999091
D4,0.3,0.3,25,25,0.02,1.87896728515625,0.4999999999999267,0.3333333333332124,0.4999999999999091
D4,0.3,0.3,25,25,0.02,1.888961791992188,0.4999999999999267,0.3333333333332124,0.4999999999999091
D4,0.3,0.3,25,25,0.02,1.898956298828125,0.4999999999999267,0.3333333333332124,0.4999999999999091
D4,0.3,0.3,25,25,0.02,1.908950805664062,0.4999999999999267,0.3333333333332124,0.4999999999999091
D4,0.3,0.3,25,25,0.02,1.9189453125,0.4999999999999267,0.3333333333332124,0.4999999999999091
D4,0.3,0.3,25,25,0.02,1.928939819335938,0.4999999999999267,0.3333333333332124,0.4999999999999091
D4,0.3,0.3,25,25,0.02,1.938934326171875,0.4999999999999267,0.3333333333332124,0.4999999999999091
D4,0.3,0.3,25,25,0.02,1.948928833007812,0.4999999999999267,0.3333333333332124,0.4999999999999091
D4,0.3,0.3,25,25,0.02,1.95892333984375,0.4999999999999267,0.3333333333332124,0.4999999999999091
D4,0.3,0.3,25,25,0.02,1.968917846679688,0.4999999999999267,0.3333333333332124,0.4999999999999091
D4,0.3,0.3,25,25,0.02,1.978912353515625,0.4999999999999267,0.3333333333332124,0.4999999999999091
D4,0.3,0.3,25,25,0.02,1.988906860351562,0.4999999999999267,0.3333333333332124,0.4999999999999091
D4,0.3,0.3,25,25,0.02,1.9989013671875,0.4999999999999267,0.3333333333332124,0.4999999999999091
D4,0.3,0.3,25,25,0.02,2.008895874023438,0.4999999999999267,0.3333333333332124,0.4999999999999091
D4,0.3,0.3,25,25,0.02,2.018890380859375,0.4999999999999267,0.3333333333332124,0.4999999999999091
D4,0.3,0.3,25,25,0.02,2.028884887695312,0.4999999999999267,0.3333333333332124,0.4999999999999091
D4,0.3,0.3,25,25,0.02,2.03887939453125,0.4999999999999267,0.3333333333332124,0.4999999999999091
D4,0.3,0.3,25,25,0.02,2.048873901367188,0.4999999999999267,0.3333333333332124,0.4999999999999091
D4,0.3,0.3,25,25,0.02,2.058868408203125,0.4999999999999267,0.3333333333332124,0.4999999999999091
D4,0.3,0.3,25,25,0.02,2.068862915039062,0.4999999999999267,0.3333333333332124,0.4999999999999091
D4,0.3,0.3,25,25,0.02,2.078857421875,0.4999999999999267,0.3333333333332124,0.4999999999999091
D4,0.3,0.3,25,25,0.02,2.088851928710938,0.4999999999999267,0.3333333333332124,0.4999999999999091
D4,0.3,0.3,25,25,0.02,2.098846435546875,0.4999999999999267,0.3333333333332124,0.4999999999999091
D4,0.3,0.3,25,25,0.02,2.108840942382812,0.4999999999999267,0.3333333333332124,0.4999999999999091
D4,0.3,0.3,25,25,0.02,2.11883544921875,0.4999999999999267,0.3333333333332124,0.4999999999999091
D4,0.3,0.3,25,25,0.02,2.128829956054688,0.4999999999999267,0.3333333333332124,0.4999999999999091
D4,0.3,0.3,25,25,0.02,2.138824462890625,0.4999999999999267,0.3333333333332124,0.4999999999999091
D4,0.3,0.3,25,25,0.02,2.148818969726562,0.4999999999999267,0.3333333333332124,0.4999999999999091
D4,0.3,0.3,25,25,0.02,2.1588134765625,0.4999999999999267,0.3333333333332124,0.4999999999999091
D4,0.3,0.3,25,25,0.02,2.168807983398438,0.4999999999999267,0.3333333333332124,0.4999999999999091
D4,0.3,0.3,25,25,0.02,2.178802490234375,0.4999999999999267,0.3333333333332124,0.4999999999999091
D4,0.3,0.3,25,25,0.02,2.188796997070312,0.4999999999999267,0.3333333333332124,0.4999999999999091
D4,0.3,0.3,25,25,0.02,2.19879150390625,0.4999999999999267,0.3333333333332124,0.4999999999999091
D4,0.3,0.3,25,25,0.02,2.208786010742188,0.4999999999999267,0.3333333333332124,0.4999999999999091
D4,0.3,0.3,25,25,0.02,2.218780517578125,0.4999999999999267,0.3333333333332124,0.4999999999999091
D4,0.3,0.3,25,25,0.02,2.228775024414062,0.4999999999999267,0.3333333333332124,0.4999999999999091
D4,0.3,0.3,25,25,0.02,2.23876953125,0.4999999999999267,0.3333333333332124,0.4999999999999091
D4,0.3,0.3,25,25,0.02,2.248764038085938,0.4999999999999267,0.3333333333332124,0.4999999999999091
D4,0.3,0.3,25,25,0.02,2.258758544921875,0.4999999999999267,0.3333333333332124,0.4999999999999091
D4,0.3,0.3,25,25,0.02,2.268753051757812,0.4999999999999267,0.3333333333332124,0.4999999999999091
D4,0.3,0.3,25,25,0.02,2.27874755859375,0.4999999999999267,0.3333333333332124,0.4999999999999091
D4,0.3,0.3,25,25,0.02,2.288742065429688,0.4999999999999267,0.3333333333332124,0.4999999999999091
D4,0.3,0.3,25,25,0.02,2.298736572265625,0.4999999999999267,0.3333333333332124,0.4999999999999091
D4,0.3,0.3,25,25,0.02,2.308731079101562,0.4999999999999267,0.3333333333332124,0.4999999999999091
D4,0.3,0.3,25,25,0.02,2.3187255859375,0.4999999999999267,0.3333333333332124,0.4999999999999091
D4,0.3,0.3,25,25,0.02,2.328720092773438,0.4999999999999267,0.3333333333332124,0.4999999999999091
D4,0.3,0.3,25,25,0.02,2.338714599609375,0.4999999999999267,0.3333333333332124,0.4999999999999091
D4,0.3,0.3,25,25,0.02,2.348709106445312,0.4999999999999267,0.3333333333332124,0.4999999999999091
D4,0.3,0.3,25,25,0.02,2.35870361328125,0.4999999999999267,0.3333333333332124,0.4999999999999091
D4,0.3,0.3,25,25,0.02,2.368698120117188,0.4999999999999267,0.3333333333332124,0.4999999999999091
D4,0.3,0.3,25,25,0.02,2.378692626953125,0.4999999999999267,0.3333333333332124,0.4999999999999091
D4,0.3,0.3,25,25,0.02,2.388687133789062,0.4999999999999267,0.3333333333332124,0.4999999999999091
D4,0.3,0.3,25,25,0.02,2.398681640625,0.4999999999999267,0.3333333333332124,0.4999999999999091
D4,0.3,0.3,25,25,0.02,2.408676147460938,0.4999999999999267,0.3333333333332124,0.4999999999999091
D4,0.3,0.3,25,25,0.02,2.418670654296875,0.4999999999999267,0.3333333333332124,0.4999999999999091
D4,0.3,0.3,25,25,0.02,2.428665161132812,0.4999999999999267,0.3333333333332124,0.4999999999999091
D4,0.3,0.3,25,25,0.02,2.43865966796875,0.4999999999999267,0.3333333333332124,0.4999999999999091
D4,0.3,0.3,25,25,0.02,2.448654174804688,0.4999999999999267,0.3333333333332124,0.4999999999999091
D4,0.3,0.3,25,25,0.02,2.458648681640625,0.4999999999999267,0.3333333333332124,0.4999999999999091
D4,0.3,0.3,25,25,0.02,2.468643188476562,0.4999999999999267,0.3333333333332124,0.4999999999999091
D4,0.3,0.3,25,25,0.02,2.4786376953125,0.4999999999999267,0.3333333333332124,0.4999999999999091
D4,0.3,0.3,25,25,0.02,2.488632202148438,0.4999999999999267,0.3333333333332124,0.4999999999999091
D4,0.3,0.3,25,25,0.02,2.498626708984375,0.4999999999999267,0.3333333333332124,0.4999999999999091
D4,0.3,0.3,25,25,0.02,2.508621215820312,0.4999999999999267,0.3333333333332124,0.4999999999999091
D4,0.3,0.3,25,25,0.02,2.51861572265625,0.4999999999999267,0.3333333333332124,0.4999999999999091
D4,0.3,0.3,25,25,0.02,2.528610229492188,0.4999999999999267,0.3333333333332124,0.4999999999999091
D4,0.3,0.3,25,25,0.02,2.538604736328125,0.4999999999999267,0.3333333333332124,0.4999999999999091
D4,0.3,0.3,25,25,0.02,2.548599243164062,0.4999999999999267,0.3333333333332124,0.4999999999999091
D4,0.3,0.3,25,25,0.02,2.55859375,0.4999999999999267,0.3333333333332124,0.4999999999999091
D4,0.3,0.3,25,25,0.02,2.568588256835938,0.4999999999999267,0.3333333333332124,0.4999999999999091
D4,0.3,0.3,25,25,0.02,2.578582763671875,0.4999999999999267,0.3333333333332124,0.4999999999999091
D4,0.3,0.3,25,25,0.02,2.588577270507812,0.4999999999999267,0.3333333333332124,0.4999999999999091
D4,0.3,0.3,25,25,0.02,2.59857177734375,0.4999999999999267,0.3333333333332124,0.4999999999999091
D4,0.3,0.3,25,25,0.02,2.608566284179688,0.4999999999999267,0.3333333333332124,0.4999999999999091
D4,0.3,0.3,25,25,0.02,2.618560791015625,0.4999999999999267,0.3333333333332124,0.4999999999999091
D4,0.3,0.3,25,25,0.02,2.628555297851562,0.4999999999999267,0.3333333333332124,0.4999999999999091
D4,0.3,0.3,25,25,0.02,2.6385498046875,0.4999999999999267,0.3333333333332124,0.4999999999999091
D4,0.3,0.3,25,25,0.02,2.648544311523438,0.4999999999999267,0.3333333333332124,0.4999999999999091
D4,0.3,0.3,25,25,0.02,2.658538818359375,0.4999999999999267,0.3333333333332124,0.4999999999999091
D4,0.3,0.3,25,25,0.02,2.668533325195312,0.4999999999999267,0.3333333333332124,0.4999999999999091
D4,0.3,0.3,25,25,0.02,2.67852783203125,0.4999999999999267,0.3333333333332124,0.4999999999999091
D4,0.3,0.3,25,25,0.02,2.688522338867188,0.4999999999999267,0.3333333333332124,0.4999999999999091
D4,0.3,0.3,25,25,0.02,2.698516845703125,0.4999999999999267,0.3333333333332124,0.4999999999999091
D4,0.3,0.3,25,25,0.02,2.708511352539062,0.4999999999999267,0.3333333333332124,0.4999999999999091
D4,0.3,0.3,25,25,0.02,2.718505859375,0.4999999999999267,0.3333333333332124,0.4999999999999091
D4,0.3,0.3,25,25,0.02,2.728500366210938,0.4999999999999267,0.3333333333332124,0.4999999999999091
D4,0.3,0.3,25,25,0.02,2.738494873046875,0.4999999999999267,0.3333333333332124,0.4999999999999091
D4,0.3,0.3,25,25,0.02,2.748489379882812,0.4999999999999267,0.3333333333332124,0.4999999999999091
D4,0.3,0.3,25,25,0.02,2.75848388671875,0.4999999999999267,0.3333333333332124,0.4999999999999091
D4,0.3,0.3,25,25,0.02,2.768478393554688,0.4999999999999267,0.3333333333332124,0.4999999999999091
D4,0.3,0.3,25,25,0.02,2.778472900390625,0.4999999999999267,0.3333333333332124,0.4999999999999091
D4,0.3,0.3,25,25,0.02,2.788467407226562,0.4999999999999267,0.3333333333332124,0.4999999999999091
D4,0.3,0.3,25,25,0.02,2.7984619140625,0.4999999999999267,0.3333333333332124,0.4999999999999091
D4,0.3,0.3,25,25,0.02,2.808456420898438,0.4999999999999267,0.3333333333332124,0.4999999999999091
D4,0.3,0.3,25,25,0.02,2.818450927734375,0.4999999999999267,0.3333333333332124,0.4999999999999091
D4,0.3,0.3,25,25,0.02,2.828445434570312,0.4999999999999267,0.3333333333332124,0.4999999999999091
D4,0.3,0.3,25,25,0.02,2.83843994140625,0.4999999999999267,0.3333333333332124,0.4999999999999091
D4,0.3,0.3,25,25,0.02,2.848434448242188,0.4999999999999267,0.3333333333332124,0.4999999999999091
D4,0.3,0.3,25,25,0.02,2.858428955078125,0.4999999999999267,0.3333333333332124,0.4999999999999091
D4,0.3,0.3,25,25,0.02,2.868423461914062,0.4999999999999267,0.3333333333332124,0.4999999999999091
D4,0.3,0.3,25,25,0.02,2.87841796875,0.4999999999999267,0.3333333333332124,0.4999999999999091
D4,0.3,0.3,25,25,0.02,2.888412475585938,0.4999999999999267,0.3333333333332124,0.4999999999999091
D4,0.3,0.3,25,25,0.02,2.898406982421875,0.4999999999999267,0.3333333333332124,0.4999999999999091
D4,0.3,0.3,25,25,0.02,2.908401489257812,0.4999999999999267,0.3333333333332124,0.4999999999999091
D4,0.3,0.3,25,25,0.02,2.91839599609375,0.4999999999999267,0.3333333333332124,0.4999999999999091
D4,0.3,0.3,25,25,0.02,2.928390502929688,0.4999999999999267,0.3333333333332124,0.4999999999999091
D4,0.3,0.3,25,25,0.02,2.938385009765625,0.4999999999999267,0.3333333333332124,0.4999999999999091
D4,0.3,0.3,25,25,0.02,2.948379516601562,0.4999999999999267,0.3333333333332124,0.4999999999999091
D4,0.3,0.3,25,25,0.02,2.9583740234375,0.4999999999999267,0.3333333333332124,0.4999999999999091
D4,0.3,0.3,25,25,0.02,2.968368530273438,0.4999999999999267,0.3333333333332124,0.4999999999999091
D4,0.3,0.3,25,25,0.02,2.978363037109375,0.4999999999999267,0.3333333333332124,0.4999999999999091
D4,0.3,0.3,25,25,0.02,2.988357543945312,0.4999999999999267,0.3333333333332124,0.4999999999999091
D4,0.3,0.3,25,25,0.02,2.99835205078125,0.4999999999999267,0.3333333333332124,0.4999999999999091
D4,0.3,0.3,25,25,0.02,3.008346557617188,0.4999999999999267,0.3333333333332124,0.4999999999999091
D4,0.3,0.3,25,25,0.02,3.018341064453125,0.4999999999999267,0.3333333333332124,0.4999999999999091
D4,0.3,0.3,25,25,0.02,3.028335571289062,0.4999999999999267,0.3333333333332124,0.4999999999999091
D4,0.3,0.3,25,25,0.02,3.038330078125,0.4999999999999267,0.3333333333332124,0.4999999999999091
D4,0.3,0.3,25,25,0.02,3.048324584960938,0.4999999999999267,0.3333333333332124,0.4999999999999091
D4,0.3,0.3,25,25,0.02,3.058319091796875,0.4999999999999267,0.3333333333332124,0.4999999999999091
D4,0.3,0.3,25,25,0.02,3.068313598632812,0.4999999999999267,0.3333333333332124,0.4999999999999091
D4,0.3,0.3,25,25,0.02,3.07830810546875,0.4999999999999267,0.3333333333332124,0.4999999999999091
D4,0.3,0.3,25,25,0.02,3.088302612304688,0.4999999999999267,0.3333333333332124,0.4999999999999091
D4,0.3,0.3,25,25,0.02,3.098297119140625,0.4999999999999267,0.3333333333332124,0.4999999999999091
D4,0.3,0.3,25,25,0.02,3.108291625976562,0.4999999999999267,0.3333333333332124,0.4999999999999091
D4,0.3,0.3,25,25,0.02,3.1182861328125,0.4999999999999267,0.3333333333332124,0.4999999999999091
D4,0.3,0.3,25,25,0.02,3.128280639648438,0.4999999999999267,0.3333333333332124,0.4999999999999091
D4,0.3,0.3,25,25,0.02,3.138275146484375,0.4999999999999267,0.3333333333332124,0.4999999999999091
D4,0.3,0.3,25,25,0.02,3.148269653320312,0.4999999999999267,0.3333333333332124,0.4999999999999091
D4,0.3,0.3,25,25,0.02,3.15826416015625,0.4999999999999267,0.3333333333332124,0.4999999999999091
D4,0.3,0.3,25,25,0.02,3.168258666992188,0.4999999999999267,0.3333333333332124,0.4999999999999091
D4,0.3,0.3,25,25,0.02,3.178253173828125,0.4999999999999267,0.3333333333332124,0.4999999999999091
D4,0.3,0.3,25,25,0.02,3.188247680664062,0.4999999999999267,0.3333333333332124,0.4999999999999091
D4,0.3,0.3,25,25,0.02,3.1982421875,0.4999999999999267,0.3333333333332124,0.4999999999999091
D4,0.3,0.3,25,25,0.02,3.208236694335938,0.4999999999999267,0.3333333333332124,0.4999999999999091
D4,0.3,0.3,25,25,0.02,3.218231201171875,0.4999999999999267,0.3333333333332124,0.4999999999999091
D4,0.3,0.3,25,25,0.02,3.228225708007812,0.4999999999999267,0.3333333333332124,0.4999999999999091
D4,0.3,0.3,25,25,0.02,3.23822021484375,0.4999999999999267,0.3333333333332124,0.4999999999999091
D4,0.3,0.3,25,25,0.02,3.248214721679688,0.4999999999999267,0.3333333333332124,0.4999999999999091
D4,0.3,0.3,25,25,0.02,3.258209228515625,0.4999999999999267,0.3333333333332124,0.4999999999999091
D4,0.3,0.3,25,25,0.02,3.268203735351562,0.4999999999999267,0.3333333333332124,0.4999999999999091
D4,0.3,0.3,25,25,0.02,3.2781982421875,0.4999999999999267,0.3333333333332124,0.4999999999999091
D4,0.3,0.3,25,25,0.02,3.288192749023438,0.4999999999999267,0.3333333333332124,0.4999999999999091
D4,0.3,0.3,25,25,0.02,3.298187255859375,0.4999999999999267,0.3333333333332124,0.4999999999999091
D4,0.3,0.3,25,25,0.02,3.308181762695312,0.4999999999999267,0.3333333333332124,0.4999999999999091
D4,0.3,0.3,25,25,0.02,3.31817626953125,0.4999999999999267,0.3333333333332124,0.4999999999999091
D4,0.3,0.3,25,25,0.02,3.328170776367188,0.4999999999999267,0.3333333333332124,0.4999999999999091
D4,0.3,0.3,25,25,0.02,3.338165283203125,0.4999999999999267,0.3333333333332124,0.4999999999999091
D4,0.3,0.3,25,25,0.02,3.348159790039062,0.4999999999999267,0.3333333333332124,0.4999999999999091
D4,0.3,0.3,25,25,0.02,3.358154296875,0.4999999999999267,0.3333333333332124,0.4999999999999091
D4,0.3,0.3,25,25,0.02,3.368148803710938,0.4999999999999267,0.3333333333332124,0.4999999999999091
D4,0.3,0.3,25,25,0.02,3.378143310546875,0.4999999999999267,0.3333333333332124,0.4999999999999091
D4,0.3,0.3,25,25,0.02,3.388137817382812,0.4999999999999267,0.3333333333332124,0.4999999999999091
D4,0.3,0.3,25,25,0.02,3.39813232421875,0.4999999999999267,0.3333333333332124,0.4999999999999091
D4,0.3,0.3,25,25,0.02,3.408126831054688,0.4999999999999267,0.3333333333332124,0.4999999999999091
D4,0.3,0.3,25,25,0.02,3.418121337890625,0.4999999999999267,0.3333333333332124,0.4999999999999091
D4,0.3,0.3,25,25,0.02,3.428115844726562,0.4999999999999267,0.3333333333332124,0.4999999999999091
D4,0.3,0.3,25,25,0.02,3.4381103515625,0.4999999999999267,0.3333333333332124,0.4999999999999091
D4,0.3,0.3,25,25,0.02,3.448104858398438,0.4999999999999267,0.3333333333332124,0.4999999999999091
D4,0.3,0.3,25,25,0.02,3.458099365234375,0.4999999999999267,0.3333333333332124,0.4999999999999091
D4,0.3,0.3,25,25,0.02,3.468093872070312,0.4999999999999267,0.3333333333332124,0.4999999999999091
D4,0.3,0.3,25,25,0.02,3.47808837890625,0.4999999999999267,0.3333333333332124,0.4999999999999091
D4,0.3,0.3,25,25,0.02,3.488082885742188,0.4999999999999267,0.3333333333332124,0.4999999999999091
D4,0.3,0.3,25,25,0.02,3.498077392578125,0.4999999999999267,0.3333333333332124,0.4999999999999091
D4,0.3,0.3,25,25,0.02,3.508071899414062,0.4999999999999267,0.3333333333332124,0.4999999999999091
D4,0.3,0.3,25,25,0.02,3.51806640625,0.4999999999999267,0.3333333333332124,0.4999999999999091
D4,0.3,0.3,25,25,0.02,3.528060913085938,0.4999999999999267,0.3333333333332124,0.4999999999999091
D4,0.3,0.3,25,25,0.02,3.538055419921875,0.4999999999999267,0.3333333333332124,0.4999999999999091
D4,0.3,0.3,25,25,0.02,3.548049926757812,0.4999999999999267,0.3333333333332124,0.4999999999999091
D4,0.3,0.3,25,25,0.02,3.55804443359375,0.4999999999999267,0.3333333333332124,0.4999999999999091
D4,0.3,0.3,25,25,0.02,3.568038940429688,0.4999999999999267,0.3333333333332124,0.4999999999999091
D4,0.3,0.3,25,25,0.02,3.578033447265625,0.4999999999999267,0.3333333333332124,0.4999999999999091
D4,0.3,0.3,25,25,0.02,3.588027954101562,0.4999999999999267,0.3333333333332124,0.4999999999999091
D4,0.3,0.3,25,25,0.02,3.5980224609375,0.4999999999999267,0.3333333333332124,0.4999999999999091
D4,0.3,0.3,25,25,0.02,3.608016967773438,0.4999999999999267,0.3333333333332124,0.4999999999999091
D4,0.3,0.3,25,25,0.02,3.618011474609375,0.4999999999999267,0.3333333333332124,0.4999999999999091
D4,0.3,0.3,25,25,0.02,3.628005981445312,0.4999999999999267,0.3333333333332124,0.4999999999999091
D4,0.3,0.3,25,25,0.02,3.63800048828125,0.4999999999999267,0.3333333333332124,0.4999999999999091
D4,0.3,0.3,25,25,0.02,3.647994995117188,0.4999999999999267,0.3333333333332124,0.4999999999999091
D4,0.3,0.3,25,25,0.02,3.657989501953125,0.4999999999999267,0.3333333333332124,0.4999999999999091
D4,0.3,0.3,25,25,0.02,3.667984008789062,0.4999999999999267,0.3333333333332124,0.4999999999999091
D4,0.3,0.3,25,25,0.02,3.677978515625,0.4999999999999267,0.3333333333332124,0.4999999999999091
D4,0.3,0.3,25,25,0.02,3.687973022460938,0.4999999999999267,0.3333333333332124,0.4999999999999091
D4,0.3,0.3,25,25,0.02,3.697967529296875,0.4999999999999267,0.3333333333332124,0.4999999999999091
D4,0.3,0.3,25,25,0.02,3.707962036132812,0.4999999999999267,0.3333333333332124,0.4999999999999091
D4,0.3,0.3,25,25,0.02,3.71795654296875,0.4999999999999267,0.3333333333332124,0.4999999999999091
D4,0.3,0.3,25,25,0.02,3.727951049804688,0.4999999999999267,0.3333333333332124,0.4999999999999091
D4,0.3,0.3,25,25,0.02,3.737945556640625,0.4999999999999267,0.3333333333332124,0.4999999999999091
D4,0.3,0.3,25,25,0.02,3.747940063476562,0.4999999999999267,0.3333333333332124,0.4999999999999091
D4,0.3,0.3,25,25,0.02,3.7579345703125,0.4999999999999267,0.3333333333332124,0.4999999999999091
D4,0.3,0.3,25,25,0.02,3.767929077148438,0.4999999999999267,0.3333333333332124,0.4999999999999091
D4,0.3,0.3,25,25,0.02,3.777923583984375,0.4999999999999267,0.3333333333332124,0.4999999999999091
D4,0.3,0.3,25,25,0.02,3.787918090820312,0.4999999999999267,0.3333333333332124,0.4999999999999091
D4,0.3,0.3,25,25,0.02,3.79791259765625,0.4999999999999267,0.3333333333332124,0.4999999999999091
D4,0.3,0.3,25,25,0.02,3.807907104492188,0.4999999999999267,0.3333333333332124,0.4999999999999091
D4,0.3,0.3,25,25,0.02,3.817901611328125,0.4999999999999267,0.3333333333332124,0.4999999999999091
D4,0.3,0.3,25,25,0.02,3.827896118164062,0.4999999999999267,0.3333333333332124,0.4999999999999091
D4,0.3,0.3,25,25,0.02,3.837890625,0.4999999999999267,0.3333333333332124,0.4999999999999091
D4,0.3,0.3,25,25,0.02,3.847885131835938,0.4999999999999267,0.3333333333332124,0.4999999999999091
D4,0.3,0.3,25,25,0.02,3.857879638671875,0.4999999999999267,0.3333333333332124,0.4999999999999091
D4,0.3,0.3,25,25,0.02,3.867874145507812,0.4999999999999267,0.3333333333332124,0.4999999999999091
D4,0.3,0.3,25,25,0.02,3.87786865234375,0.4999999999999267,0.3333333333332124,0.4999999999999091
D4,0.3,0.3,25,25,0.02,3.887863159179688,0.4999999999999267,0.3333333333332124,0.4999999999999091
D4,0.3,0.3,25,25,0.02,3.897857666015625,0.4999999999999267,0.3333333333332124,0.4999999999999091
D4,0.3,0.3,25,25,0.02,3.907852172851562,0.4999999999999267,0.3333333333332124,0.4999999999999091
D4,0.3,0.3,25,25,0.02,3.9178466796875,0.4999999999999267,0.3333333333332124,0.4999999999999091
D4,0.3,0.3,25,25,0.02,3.927841186523438,0.4999999999999267,0.3333333333332124,0.4999999999999091
D4,0.3,0.3,25,25,0.02,3.937835693359375,0.4999999999999267,0.3333333333332124,0.4999999999999091
D4,0.3,0.3,25,25,0.02,3.947830200195312,0.4999999999999267,0.3333333333332124,0.4999999999999091
D4,0.3,0.3,25,25,0.02,3.95782470703125,0.4999999999999267,0.3333333333332124,0.4999999999999091
D4,0.3,0.3,25,25,0.02,3.967819213867188,0.4999999999999267,0.3333333333332124,0.4999999999999091
D4,0.3,0.3,25,25,0.02,3.977813720703125,0.4999999999999267,0.3333333333332124,0.4999999999999091
D4,0.3,0.3,25,25,0.02,3.987808227539062,0.4999999999999267,0.3333333333332124,0.4999999999999091
D4,0.3,0.3,25,25,0.02,3.997802734375,0.4999999999999267,0.3333333333332124,0.4999999999999091
D4,0.3,0.3,25,25,0.02,4.007797241210938,0.4999999999999267,0.3333333333332124,0.4999999999999091
D4,0.3,0.3,25,25,0.02,4.017791748046875,0.4999999999999267,0.3333333333332124,0.4999999999999091
D4,0.3,0.3,25,25,0.02,4.027786254882812,0.4999999999999267,0.3333333333332124,0.4999999999999091
D4,0.3,0.3,25,25,0.02,4.03778076171875,0.4999999999999267,0.3333333333332124,0.4999999999999091
D4,0.3,0.3,25,25,0.02,4.047775268554688,0.4999999999999267,0.3333333333332124,0.4999999999999091
D4,0.3,0.3,25,25,0.02,4.057769775390625,0.4999999999999267,0.3333333333332124,0.4999999999999091
D4,0.3,0.3,25,25,0.02,4.067764282226562,0.4999999999999267,0.3333333333332124,0.4999999999999091
D4,0.3,0.3,25,25,0.02,4.0777587890625,0.4999999999999267,0.3333333333332124,0.4999999999999091
D4,0.3,0.3,25,25,0.02,4.087753295898438,0.4999999999999267,0.3333333333332124,0.4999999999999091
D4,0.3,0.3,25,25,0.02,4.097747802734375,0.4999999999999267,0.3333333333332124,0.4999999999999091
D4,0.3,0.3,25,25,0.02,4.107742309570312,0.4999999999999267,0.3333333333332124,0.4999999999999091
D4,0.3,0.3,25,25,0.02,4.11773681640625,0.4999999999999267,0.3333333333332124,0.4999999999999091
D4,0.3,0.3,25,25,0.02,4.127731323242188,0.4999999999999267,0.3333333333332124,0.4999999999999091
D4,0.3,0.3,25,25,0.02,4.137725830078125,0.4999999999999267,0.3333333333332124,0.4999999999999091
D4,0.3,0.3,25,25,0.02,4.147720336914062,0.4999999999999267,0.3333333333332124,0.4999999999999091
D4,0.3,0.3,25,25,0.02,4.15771484375,0.4999999999999267,0.3333333333332124,0.4999999999999091
D4,0.3,0.3,25,25,0.02,4.167709350585938,0.4999999999999267,0.3333333333332124,0.4999999999999091
D4,0.3,0.3,25,25,0.02,4.177703857421875,0.4999999999999267,0.3333333333332124,0.4999999999999091
D4,0.3,0.3,25,25,0.02,4.187698364257812,0.4999999999999267,0.3333333333332124,0.4999999999999091
D4,0.3,0.3,25,25,0.02,4.19769287109375,0.4999999999999267,0.3333333333332124,0.4999999999999091
D4,0.3,0.3,25,25,0.02,4.207687377929688,0.4999999999999267,0.3333333333332124,0.4999999999999091
D4,0.3,0.3,25,25,0.02,4.217681884765625,0.4999999999999267,0.3333333333332124,0.4999999999999091
D4,0.3,0.3,25,25,0.02,4.227676391601562,0.4999999999999267,0.3333333333332124,0.4999999999999091
D4,0.3,0.3,25,25,0.02,4.2376708984375,0.4999999999999267,0.3333333333332124,0.4999999999999091
D4,0.3,0.3,25,25,0.02,4.247665405273438,0.4999999999999267,0.3333333333332124,0.4999999999999091
D4,0.3,0.3,25,25,0.02,4.257659912109375,0.4999999999999267,0.3333333333332124,0.4999999999999091
D4,0.3,0.3,25,25,0.02,4.267654418945312,0.4999999999999267,0.3333333333332124,0.4999999999999091
D4,0.3,0.3,25,25,0.02,4.27764892578125,0.4999999999999267,0.3333333333332124,0.4999999999999091
D4,0.3,0.3,25,25,0.02,4.287643432617188,0.4999999999999267,0.3333333333332124,0.4999999999999091
D4,0.3,0.3,25,25,0.02,4.297637939453125,0.4999999999999267,0.3333333333332124,0.4999999999999091
D4,0.3,0.3,25,25,0.02,4.307632446289062,0.4999999999999267,0.3333333333332124,0.4999999999999091
D4,0.3,0.3,25,25,0.02,4.317626953125,0.4999999999999267,0.3333333333332124,0.4999999999999091
D4,0.3,0.3,25,25,0.02,4.327621459960938,0.4999999999999267,0.3333333333332124,0.4999999999999091
D4,0.3,0.3,25,25,0.02,4.337615966796875,0.4999999999999267,0.3333333333332124,0.4999999999999091
D4,0.3,0.3,25,25,0.02,4.347610473632812,0.4999999999999267,0.3333333333332124,0.4999999999999091
D4,0.3,0.3,25,25,0.02,4.35760498046875,0.4999999999999267,0.3333333333332124,0.4999999999999091
D4,0.3,0.3,25,25,0.02,4.367599487304688,0.4999999999999267,0.3333333333332124,0.4999999999999091
D4,0.3,0.3,25,25,0.02,4.377593994140625,0.4999999999999267,0.3333333333332124,0.4999999999999091
D4,0.3,0.3,25,25,0.02,4.387588500976562,0.4999999999999267,0.3333333333332124,0.4999999999999091
D4,0.3,0.3,25,25,0.02,4.3975830078125,0.4999999999999267,0.3333333333332124,0.4999999999999091
D4,0.3,0.3,25,25,0.02,4.407577514648438,0.4999999999999267,0.3333333333332124,0.4999999999999091
D4,0.3,0.3,25,25,0.02,4.417572021484375,0.4999999999999267,0.3333333333332124,0.4999999999999091
D4,0.3,0.3,25,25,0.02,4.427566528320312,0.4999999999999267,0.3333333333332124,0.4999999999999091
D4,0.3,0.3,25,25,0.02,4.43756103515625,0.4999999999999267,0.3333333333332124,0.4999999999999091
D4,0.3,0.3,25,25,0.02,4.447555541992188,0.4999999999999267,0.3333333333332124,0.4999999999999091
D4,0.3,0.3,25,25,0.02,4.457550048828125,0.4999999999999267,0.3333333333332124,0.4999999999999091
D4,0.3,0.3,25,25,0.02,4.467544555664062,0.4999999999999267,0.3333333333332124,0.4999999999999091
D4,0.3,0.3,25,25,0.02,4.4775390625,0.4999999999999267,0.3333333333332124,0.4999999999999091
D4,0.3,0.3,25,25,0.02,4.487533569335938,0.4999999999999267,0.3333333333332124,0.4999999999999091
D4,0.3,0.3,25,25,0.02,4.497528076171875,0.4999999999999267,0.3333333333332124,0.4999999999999091
D4,0.3,0.3,25,25,0.02,4.507522583007812,0.4999999999999267,0.3333333333332124,0.4999999999999091
D4,0.3,0.3,25,25,0.02,4.51751708984375,0.4999999999999267,0.3333333333332124,0.4999999999999091
D4,0.3,0.3,25,25,0.02,4.527511596679688,0.4999999999999267,0.3333333333332124,0.4999999999999091
D4,0.3,0.3,25,25,0.02,4.537506103515625,0.4999999999999267,0.3333333333332124,0.4999999999999091
D4,0.3,0.3,25,25,0.02,4.547500610351562,0.4999999999999267,0.3333333333332124,0.4999999999999091
D4,0.3,0.3,25,25,0.02,4.5574951171875,0.4999999999999267,0.3333333333332124,0.4999999999999091
D4,0.3,0.3,25,25,0.02,4.567489624023438,0.4999999999999267,0.3333333333332124,0.4999999999999091
D4,0.3,0.3,25,25,0.02,4.577484130859375,0.4999999999999267,0.3333333333332124,0.4999999999999091
D4,0.3,0.3,25,25,0.02,4.587478637695312,0.4999999999999267,0.3333333333332124,0.4999999999999091
D4,0.3,0.3,25,25,0.02,4.59747314453125,0.4999999999999267,0.3333333333332124,0.4999999999999091
D4,0.3,0.3,25,25,0.02,4.607467651367188,0.4999999999999267,0.3333333333332124,0.4999999999999091
D4,0.3,0.3,25,25,0.02,4.617462158203125,0.4999999999999267,0.3333333333332124,0.4999999999999091
D4,0.3,0.3,25,25,0.02,4.627456665039062,0.4999999999999267,0.3333333333332124,0.4999999999999091
D4,0.3,0.3,25,25,0.02,4.637451171875,0.4999999999999267,0.3333333333332124,0.4999999999999091
D4,0.3,0.3,25,25,0.02,4.647445678710938,0.4999999999999267,0.3333333333332124,0.4999999999999091
D4,0.3,0.3,25,25,0.02,4.657440185546875,0.4999999999999267,0.3333333333332124,0.4999999999999091
D4,0.3,0.3,25,25,0.02,4.667434692382812,0.4999999999999267,0.3333333333332124,0.4999999999999091
D4,0.3,0.3,25,25,0.02,4.67742919921875,0.4999999999999267,0.3333333333332124,0.4999999999999091
D4,0.3,0.3,25,25,0.02,4.687423706054688,0.4999999999999267,0.3333333333332124,0.4999999999999091
D4,0.3,0.3,25,25,0.02,4.697418212890625,0.4999999999999267,0.3333333333332124,0.4999999999999091
D4,0.3,0.3,25,25,0.02,4.707412719726562,0.4999999999999267,0.3333333333332124,0.4999999999999091
D4,0.3,0.3,25,25,0.02,4.7174072265625,0.4999999999999267,0.3333333333332124,0.4999999999999091
D4,0.3,0.3,25,25,0.02,4.727401733398438,0.4999999999999267,0.3333333333332124,0.4999999999999091
D4,0.3,0.3,25,25,0.02,4.737396240234375,0.4999999999999267,0.3333333333332124,0.4999999999999091
D4,0.3,0.3,25,25,0.02,4.747390747070312,0.4999999999999267,0.3333333333332124,0.4999999999999091
D4,0.3,0.3,25,25,0.02,4.75738525390625,0.4999999999999267,0.3333333333332124,0.4999999999999091
D4,0.3,0.3,25,25,0.02,4.767379760742188,0.4999999999999267,0.3333333333332124,0.4999999999999091
D4,0.3,0.3,25,25,0.02,4.777374267578125,0.4999999999999267,0.3333333333332124,0.4999999999999091
D4,0.3,0.3,25,25,0.02,4.787368774414062,0.4999999999999267,0.3333333333332124,0.4999999999999091
D4,0.3,0.3,25,25,0.02,4.79736328125,0.4999999999999267,0.3333333333332124,0.4999999999999091
D4,0.3,0.3,25,25,0.02,4.807357788085938,0.4999999999999267,0.3333333333332124,0.4999999999999091
D4,0.3,0.3,25,25,0.02,4.817352294921875,0.4999999999999267,0.3333333333332124,0.4999999999999091
D4,0.3,0.3,25,25,0.02,4.827346801757812,0.4999999999999267,0.3333333333332124,0.4999999999999091
D4,0.3,0.3,25,25,0.02,4.83734130859375,0.4999999999999267,0.3333333333332124,0.4999999999999091
D4,0.3,0.3,25,25,0.02,4.847335815429688,0.4999999999999267,0.3333333333332124,0.4999999999999091
D4,0.3,0.3,25,25,0.02,4.857330322265625,0.4999999999999267,0.3333333333332124,0.4999999999999091
D4,0.3,0.3,25,25,0.02,4.867324829101562,0.4999999999999267,0.3333333333332124,0.4999999999999091
D4,0.3,0.3,25,25,0.02,4.8773193359375,0.4999999999999267,0.3333333333332124,0.4999999999999091
D4,0.3,0.3,25,25,0.02,4.887313842773438,0.4999999999999267,0.3333333333332124,0.4999999999999091
D4,0.3,0.3,25,25,0.02,4.897308349609375,0.4999999999999267,0.3333333333332124,0.4999999999999091
D4,0.3,0.3,25,25,0.02,4.907302856445312,0.4999999999999267,0.3333333333332124,0.4999999999999091
D4,0.3,0.3,25,25,0.02,4.91729736328125,0.4999999999999267,0.3333333333332124,0.4999999999999091
D4,0.3,0.3,25,25,0.02,4.927291870117188,0.4999999999999267,0.3333333333332124,0.4999999999999091
D4,0.3,0.3,25,25,0.02,4.937286376953125,0.4999999999999267,0.3333333333332124,0.4999999999999091
D4,0.3,0.3,25,25,0.02,4.947280883789062,0.4999999999999267,0.3333333333332124,0.4999999999999091
D4,0.3,0.3,25,25,0.02,4.957275390625,0.4999999999999267,0.3333333333332124,0.4999999999999091
D4,0.3,0.3,25,25,0.02,4.967269897460938,0.4999999999999267,0.3333333333332124,0.4999999999999091
D4,0.3,0.3,25,25,0.02,4.977264404296875,0.4999999999999267,0.3333333333332124,0.4999999999999091
D4,0.3,0.3,25,25,0.02,4.987258911132812,0.4999999999999267,0.3333333333332124,0.4999999999999091
D4,0.3,0.3,25,25,0.02,4.99725341796875,0.4999999999999267,0.3333333333332124,0.4999999999999091
D4,0.3,0.3,25,25,0.02,5.007247924804688,0.4999999999999267,0.3333333333332124,0.4999999999999091
D4,0.3,0.3,25,25,0.02,5.017242431640625,0.4999999999999267,0.3333333333332124,0.4999999999999091
D4,0.3,0.3,25,25,0.02,5.027236938476562,0.4999999999999267,0.3333333333332124,0.4999999999999091
D4,0.3,0.3,25,25,0.02,5.0372314453125,0.4999999999999267,0.3333333333332124,0.4999999999999091
D4,0.3,0.3,25,25,0.02,5.047225952148438,0.4999999999999267,0.3333333333332124,0.4999999999999091
D4,0.3,0.3,25,25,0.02,5.057220458984375,0.4999999999999267,0.3333333333332124,0.4999999999999091
D4,0.3,0.3,25,25,0.02,5.067214965820312,0.4999999999999267,0.3333333333332124,0.4999999999999091
D4,0.3,0.3,25,25,0.02,5.07720947265625,0.4999999999999267,0.3333333333332124,0.4999999999999091
D4,0.3,0.3,25,25,0.02,5.087203979492188,0.4999999999999267,0.3333333333332124,0.4999999999999091
D4,0.3,0.3,25,25,0.02,5.097198486328125,0.4999999999999267,0.3333333333332124,0.4999999999999091
D4,0.3,0.3,25,25,0.02,5.107192993164062,0.4999999999999267,0.3333333333332124,0.4999999999999091
D4,0.3,0.3,25,25,0.02,5.1171875,0.4999999999999267,0.3333333333332124,0.4999999999999091
D4,0.3,0.3,25,25,0.02,5.127182006835938,0.4999999999999267,0.3333333333332124,0.4999999999999091
D4,0.3,0.3,25,25,0.02,5.137176513671875,0.4999999999999267,0.3333333333332124,0.4999999999999091
D4,0.3,0.3,25,25,0.02,5.147171020507812,0.4999999999999267,0.3333333333332124,0.4999999999999091
D4,0.3,0.3,25,25,0.02,5.15716552734375,0.4999999999999267,0.3333333333332124,0.4999999999999091
D4,0.3,0.3,25,25,0.02,5.167160034179688,0.4999999999999267,0.3333333333332124,0.4999999999999091
D4,0.3,0.3,25,25,0.02,5.177154541015625,0.4999999999999267,0.3333333333332124,0.4999999999999091
D4,0.3,0.3,25,25,0.02,5.187149047851562,0.4999999999999267,0.3333333333332124,0.4999999999999091
D4,0.3,0.3,25,25,0.02,5.1971435546875,0.4999999999999267,0.3333333333332124,0.4999999999999091
D4,0.3,0.3,25,25,0.02,5.207138061523438,0.4999999999999267,0.3333333333332124,0.4999999999999091
D4,0.3,0.3,25,25,0.02,5.217132568359375,0.4999999999999267,0.3333333333332124,0.4999999999999091
D4,0.3,0.3,25,25,0.02,5.227127075195312,0.4999999999999267,0.3333333333332124,0.4999999999999091
D4,0.3,0.3,25,25,0.02,5.23712158203125,0.4999999999999267,0.3333333333332124,0.4999999999999091
D4,0.3,0.3,25,25,0.02,5.247116088867188,0.4999999999999267,0.3333333333332124,0.4999999999999091
D4,0.3,0.3,25,25,0.02,5.257110595703125,0.4999999999999267,0.3333333333332124,0.4999999999999091
D4,0.3,0.3,25,25,0.02,5.267105102539062,0.4999999999999267,0.3333333333332124,0.4999999999999091
D4,0.3,0.3,25,25,0.02,5.277099609375,0.4999999999999267,0.3333333333332124,0.4999999999999091
D4,0.3,0.3,25,25,0.02,5.287094116210938,0.4999999999999267,0.3333333333332124,0.4999999999999091
D4,0.3,0.3,25,25,0.02,5.297088623046875,0.4999999999999267,0.3333333333332124,0.4999999999999091
D4,0.3,0.3,25,25,0.02,5.307083129882812,0.4999999999999267,0.3333333333332124,0.4999999999999091
D4,0.3,0.3,25,25,0.02,5.31707763671875,0.4999999999999267,0.3333333333332124,0.4999999999999091
D4,0.3,0.3,25,25,0.02,5.327072143554688,0.4999999999999267,0.3333333333332124,0.4999999999999091
D4,0.3,0.3,25,25,0.02,5.337066650390625,0.4999999999999267,0.3333333333332124,0.4999999999999091
D4,0.3,0.3,25,25,0.02,5.347061157226562,0.4999999999999267,0.3333333333332124,0.4999999999999091
D4,0.3,0.3,25,25,0.02,5.3570556640625,0.4999999999999267,0.3333333333332124,0.4999999999999091
D4,0.3,0.3,25,25,0.02,5.367050170898438,0.4999999999999267,0.3333333333332124,0.4999999999999091
D4,0.3,0.3,25,25,0.02,5.377044677734375,0.4999999999999267,0.3333333333332124,0.4999999999999091
D4,0.3,0.3,25,25,0.02,5.387039184570312,0.4999999999999267,0.3333333333332124,0.4999999999999091
D4,0.3,0.3,25,25,0.02,5.39703369140625,0.4999999999999267,0.3333333333332124,0.4999999999999091
D4,0.3,0.3,25,25,0.02,5.407028198242188,0.4999999999999267,0.3333333333332124,0.4999999999999091
D4,0.3,0.3,25,25,0.02,5.417022705078125,0.4999999999999267,0.3333333333332124,0.4999999999999091
D4,0.3,0.3,25,25,0.02,5.427017211914062,0.4999999999999267,0.3333333333332124,0.4999999999999091
D4,0.3,0.3,25,25,0.02,5.43701171875,0.4999999999999267,0.3333333333332124,0.4999999999999091
D4,0.3,0.3,25,25,0.02,5.447006225585938,0.4999999999999267,0.3333333333332124,0.4999999999999091
D4,0.3,0.3,25,25,0.02,5.457000732421875,0.4999999999999267,0.3333333333332124,0.4999999999999091
D4,0.3,0.3,25,25,0.02,5.466995239257812,0.4999999999999267,0.3333333333332124,0.4999999999999091
D4,0.3,0.3,25,25,0.02,5.47698974609375,0.4999999999999267,0.3333333333332124,0.4999999999999091
D4,0.3,0.3,25,25,0.02,5.486984252929688,0.4999999999999267,0.3333333333332124,0.4999999999999091
D4,0.3,0.3,25,25,0.02,5.496978759765625,0.4999999999999267,0.3333333333332124,0.4999999999999091
D4,0.3,0.3,25,25,0.02,5.506973266601562,0.4999999999999267,0.3333333333332124,0.4999999999999091
D4,0.3,0.3,25,25,0.02,5.5169677734375,0.4999999999999267,0.3333333333332124,0.4999999999999091
D4,0.3,0.3,25,25,0.02,5.526962280273438,0.4999999999999267,0.3333333333332124,0.4999999999999091
D4,0.3,0.3,25,25,0.02,5.536956787109375,0.4999999999999267,0.3333333333332124,0.4999999999999091
D4,0.3,0.3,25,25,0.02,5.546951293945312,0.4999999999999267,0.3333333333332124,0.4999999999999091
D4,0.3,0.3,25,25,0.02,5.55694580078125,0.4999999999999267,0.3333333333332124,0.4999999999999091
D4,0.3,0.3,25,25,0.02,5.566940307617188,0.4999999999999267,0.3333333333332124,0.4999999999999091
D4,0.3,0.3,25,25,0.02,5.576934814453125,0.4999999999999267,0.3333333333332124,0.4999999999999091
D4,0.3,0.3,25,25,0.02,5.586929321289062,0.4999999999999267,0.3333333333332124,0.4999999999999091
D4,0.3,0.3,25,25,0.02,5.596923828125,0.4999999999999267,0.3333333333332124,0.4999999999999091
D4,0.3,0.3,25,25,0.02,5.606918334960938,0.4999999999999267,0.3333333333332124,0.4999999999999091
D4,0.3,0.3,25,25,0.02,5.616912841796875,0.4999999999999267,0.3333333333332124,0.4999999999999091
D4,0.3,0.3,25,25,0.02,5.626907348632812,0.4999999999999267,0.3333333333332124,0.4999999999999091
D4,0.3,0.3,25,25,0.02,5.63690185546875,0.4999999999999267,0.3333333333332124,0.4999999999999091
D4,0.3,0.3,25,25,0.02,5.646896362304688,0.4999999999999267,0.3333333333332124,0.4999999999999091
D4,0.3,0.3,25,25,0.02,5.656890869140625,0.4999999999999267,0.3333333333332124,0.4999999999999091
D4,0.3,0.3,25,25,0.02,5.666885375976562,0.4999999999999267,0.3333333333332124,0.4999999999999091
D4,0.3,0.3,25,25,0.02,5.6768798828125,0.4999999999999267,0.3333333333332124,0.4999999999999091
D4,0.3,0.3,25,25,0.02,5.686874389648438,0.4999999999999267,0.3333333333332124,0.4999999999999091
D4,0.3,0.3,25,25,0.02,5.696868896484375,0.4999999999999267,0.3333333333332124,0.4999999999999091
D4,0.3,0.3,25,25,0.02,5.706863403320312,0.4999999999999267,0.3333333333332124,0.4999999999999091
D4,0.3,0.3,25,25,0.02,5.71685791015625,0.4999999999999267,0.3333333333332124,0.4999999999999091
D4,0.3,0.3,25,25,0.02,5.726852416992188,0.4999999999999267,0.3333333333332124,0.4999999999999091
D4,0.3,0.3,25,25,0.02,5.736846923828125,0.4999999999999267,0.3333333333332124,0.4999999999999091
D4,0.3,0.3,25,25,0.02,5.746841430664062,0.4999999999999267,0.3333333333332124,0.4999999999999091
D4,0.3,0.3,25,25,0.02,5.7568359375,0.4999999999999267,0.3333333333332124,0.4999999999999091
D4,0.3,0.3,25,25,0.02,5.766830444335938,0.4999999999999267,0.3333333333332124,0.4999999999999091
D4,0.3,0.3,25,25,0.02,5.776824951171875,0.4999999999999267,0.3333333333332124,0.4999999999999091
D4,0.3,0.3,25,25,0.02,5.786819458007812,0.4999999999999267,0.3333333333332124,0.4999999999999091
D4,0.3,0.3,25,25,0.02,5.79681396484375,0.4999999999999267,0.3333333333332124,0.4999999999999091
D4,0.3,0.3,25,25,0.02,5.806808471679688,0.4999999999999267,0.3333333333332124,0.4999999999999091
D4,0.3,0.3,25,25,0.02,5.816802978515625,0.4999999999999267,0.3333333333332124,0.4999999999999091
D4,0.3,0.3,25,25,0.02,5.826797485351562,0.4999999999999267,0.3333333333332124,0.4999999999999091
D4,0.3,0.3,25,25,0.02,5.8367919921875,0.4999999999999267,0.3333333333332124,0.4999999999999091
D4,0.3,0.3,25,25,0.02,5.846786499023438,0.4999999999999267,0.3333333333332124,0.4999999999999091
D4,0.3,0.3,25,25,0.02,5.856781005859375,0.4999999999999267,0.3333333333332124,0.4999999999999091
D4,0.3,0.3,25,25,0.02,5.866775512695312,0.4999999999999267,0.3333333333332124,0.4999999999999091
D4,0.3,0.3,25,25,0.02,5.87677001953125,0.4999999999999267,0.3333333333332124,0.4999999999999091
D4,0.3,0.3,25,25,0.02,5.886764526367188,0.4999999999999267,0.3333333333332124,0.4999999999999091
D4,0.3,0.3,25,25,0.02,5.896759033203125,0.4999999999999267,0.3333333333332124,0.4999999999999091
D4,0.3,0.3,25,25,0.02,5.906753540039062,0.4999999999999267,0.3333333333332124,0.4999999999999091
D4,0.3,0.3,25,25,0.02,5.916748046875,0.4999999999999267,0.3333333333332124,0.4999999999999091
D4,0.3,0.3,25,25,0.02,5.926742553710938,0.4999999999999267,0.3333333333332124,0.4999999999999091
D4,0.3,0.3,25,25,0.02,5.936737060546875,0.4999999999999267,0.3333333333332124,0.4999999999999091
D4,0.3,0.3,25,25,0.02,5.946731567382812,0.4999999999999267,0.3333333333332124,0.4999999999999091
D4,0.3,0.3,25,25,0.02,5.95672607421875,0.4999999999999267,0.3333333333332124,0.4999999999999091
D4,0.3,0.3,25,25,0.02,5.966720581054688,0.4999999999999267,0.3333333333332124,0.4999999999999091
D4,0.3,0.3,25,25,0.02,5.976715087890625,0.4999999999999267,0.3333333333332124,0.4999999999999091
D4,0.3,0.3,25,25,0.02,5.986709594726562,0.4999999999999267,0.3333333333332124,0.4999999999999091
D4,0.3,0.3,25,25,0.02,5.9967041015625,0.4999999999999267,0.3333333333332124,0.4999999999999091
D4,0.3,0.3,25,25,0.02,6.006698608398438,0.4999999999999267,0.3333333333332124,0.4999999999999091
D4,0.3,0.3,25,25,0.02,6.016693115234375,0.4999999999999267,0.3333333333332124,0.4999999999999091
D4,0.3,0.3,25,25,0.02,6.026687622070312,0.4999999999999267,0.3333333333332124,0.4999999999999091
D4,0.3,0.3,25,25,0.02,6.03668212890625,0.4999999999999267,0.3333333333332124,0.4999999999999091
D4,0.3,0.3,25,25,0.02,6.046676635742188,0.4999999999999267,0.3333333333332124,0.4999999999999091
D4,0.3,0.3,25,25,0.02,6.056671142578125,0.4999999999999267,0.3333333333332124,0.4999999999999091
D4,0.3,0.3,25,25,0.02,6.066665649414062,0.4999999999999267,0.3333333333332124,0.4999999999999091
D4,0.3,0.3,25,25,0.02,6.07666015625,0.4999999999999267,0.3333333333332124,0.4999999999999091
D4,0.3,0.3,25,25,0.02,6.086654663085938,0.4999999999999267,0.3333333333332124,0.4999999999999091
D4,0.3,0.3,25,25,0.02,6.096649169921875,0.4999999999999267,0.3333333333332124,0.4999999999999091
D4,0.3,0.3,25,25,0.02,6.106643676757812,0.4999999999999267,0.3333333333332124,0.4999999999999091
D4,0.3,0.3,25,25,0.02,6.11663818359375,0.4999999999999267,0.3333333333332124,0.4999999999999091
D4,0.3,0.3,25,25,0.02,6.126632690429688,0.4999999999999267,0.3333333333332124,0.4999999999999091
D4,0.3,0.3,25,25,0.02,6.136627197265625,0.4999999999999267,0.3333333333332124,0.4999999999999091
D4,0.3,0.3,25,25,0.02,6.146621704101562,0.4999999999999267,0.3333333333332124,0.4999999999999091
D4,0.3,0.3,25,25,0.02,6.1566162109375,0.4999999999999267,0.3333333333332124,0.4999999999999091
D4,0.3,0.3,25,25,0.02,6.166610717773438,0.4999999999999267,0.3333333333332124,0.4999999999999091
D4,0.3,0.3,25,25,0.02,6.176605224609375,0.4999999999999267,0.3333333333332124,0.4999999999999091
D4,0.3,0.3,25,25,0.02,6.186599731445312,0.4999999999999267,0.3333333333332124,0.4999999999999091
D4,0.3,0.3,25,25,0.02,6.19659423828125,0.4999999999999267,0.3333333333332124,0.4999999999999091
D4,0.3,0.3,25,25,0.02,6.206588745117188,0.4999999999999267,0.3333333333332124,0.4999999999999091
D4,0.3,0.3,25,25,0.02,6.216583251953125,0.4999999999999267,0.3333333333332124,0.4999999999999091
D4,0.3,0.3,25,25,0.02,6.226577758789062,0.4999999999999267,0.3333333333332124,0.4999999999999091
D4,0.3,0.3,25,25,0.02,6.236572265625,0.4999999999999267,0.3333333333332124,0.4999999999999091
D4,0.3,0.3,25,25,0.02,6.246566772460938,0.4999999999999267,0.3333333333332124,0.4999999999999091
D4,0.3,0.3,25,25,0.02,6.256561279296875,0.4999999999999267,0.3333333333332124,0.4999999999999091
D4,0.3,0.3,25,25,0.02,6.266555786132812,0.4999999999999267,0.3333333333332124,0.4999999999999091
D4,0.3,0.3,25,25,0.02,6.27655029296875,0.4999999999999267,0.3333333333332124,0.4999999999999091
D4,0.3,0.3,25,25,0.02,6.286544799804688,0.4999999999999267,0.3333333333332124,0.4999999999999091
D4,0.3,0.3,25,25,0.02,6.296539306640625,0.4999999999999267,0.3333333333332124,0.4999999999999091
D4,0.3,0.3,25,25,0.02,6.306533813476562,0.4999999999999267,0.3333333333332124,0.4999999999999091
D4,0.3,0.3,25,25,0.02,6.3165283203125,0.4999999999999267,0.3333333333332124,0.4999999999999091
D4,0.3,0.3,25,25,0.02,6.326522827148438,0.4999999999999267,0.3333333333332124,0.4999999999999091
D4,0.3,0.3,25,25,0.02,6.336517333984375,0.4999999999999267,0.3333333333332124,0.4999999999999091
D4,0.3,0.3,25,25,0.02,6.346511840820312,0.4999999999999267,0.3333333333332124,0.4999999999999091
D4,0.3,0.3,25,25,0.02,6.35650634765625,0.4999999999999267,0.3333333333332124,0.4999999999999091
D4,0.3,0.3,25,25,0.02,6.366500854492188,0.4999999999999267,0.3333333333332124,0.4999999999999091
D4,0.3,0.3,25,25,0.02,6.376495361328125,0.4999999999999267,0.3333333333332124,0.4999999999999091
D4,0.3,0.3,25,25,0.02,6.386489868164062,0.4999999999999267,0.3333333333332124,0.4999999999999091
D4,0.3,0.3,25,25,0.02,6.396484375,0.4999999999999267,0.3333333333332124,0.4999999999999091
D4,0.3,0.3,25,25,0.02,6.406478881835938,0.4999999999999267,0.3333333333332124,0.4999999999999091
D4,0.3,0.3,25,25,0.02,6.416473388671875,0.4999999999999267,0.3333333333332124,0.4999999999999091
D4,0.3,0.3,25,25,0.02,6.426467895507812,0.4999999999999267,0.3333333333332124,0.4999999999999091
D4,0.3,0.3,25,25,0.02,6.43646240234375,0.4999999999999267,0.3333333333332124,0.4999999999999091
D4,0.3,0.3,25,25,0.02,6.446456909179688,0.4999999999999267,0.3333333333332124,0.4999999999999091
D4,0.3,0.3,25,25,0.02,6.456451416015625,0.4999999999999267,0.3333333333332124,0.4999999999999091
D4,0.3,0.3,25,25,0.02,6.466445922851562,0.4999999999999267,0.3333333333332124,0.4999999999999091
D4,0.3,0.3,25,25,0.02,6.4764404296875,0.4999999999999267,0.3333333333332124,0.4999999999999091
D4,0.3,0.3,25,25,0.02,6.486434936523438,0.4999999999999267,0.3333333333332124,0.4999999999999091
D4,0.3,0.3,25,25,0.02,6.496429443359375,0.4999999999999267,0.3333333333332124,0.4999999999999091
D4,0.3,0.3,25,25,0.02,6.506423950195312,0.4999999999999267,0.3333333333332124,0.4999999999999091
D4,0.3,0.3,25,25,0.02,6.51641845703125,0.4999999999999267,0.3333333333332124,0.4999999999999091
D4,0.3,0.3,25,25,0.02,6.526412963867188,0.4999999999999267,0.3333333333332124,0.4999999999999091
D4,0.3,0.3,25,25,0.02,6.536407470703125,0.4999999999999267,0.3333333333332124,0.4999999999999091
D4,0.3,0.3,25,25,0.02,6.546401977539062,0.4999999999999267,0.3333333333332124,0.4999999999999091
D4,0.3,0.3,25,25,0.02,6.556396484375,0.4999999999999267,0.3333333333332124,0.4999999999999091
D4,0.3,0.3,25,25,0.02,6.566390991210938,0.4999999999999267,0.3333333333332124,0.4999999999999091
D4,0.3,0.3,25,25,0.02,6.576385498046875,0.4999999999999267,0.3333333333332124,0.4999999999999091
D4,0.3,0.3,25,25,0.02,6.586380004882812,0.4999999999999267,0.3333333333332124,0.4999999999999091
D4,0.3,0.3,25,25,0.02,6.59637451171875,0.4999999999999267,0.3333333333332124,0.4999999999999091
D4,0.3,0.3,25,25,0.02,6.606369018554688,0.4999999999999267,0.3333333333332124,0.4999999999999091
D4,0.3,0.3,25,25,0.02,6.616363525390625,0.4999999999999267,0.3333333333332124,0.4999999999999091
D4,0.3,0.3,25,25,0.02,6.626358032226562,0.4999999999999267,0.3333333333332124,0.4999999999999091
D4,0.3,0.3,25,25,0.02,6.6363525390625,0.4999999999999267,0.3333333333332124,0.4999999999999091
D4,0.3,0.3,25,25,0.02,6.646347045898438,0.4999999999999267,0.3333333333332124,0.4999999999999091
D4,0.3,0.3,25,25,0.02,6.656341552734375,0.4999999999999267,0.3333333333332124,0.4999999999999091
D4,0.3,0.3,25,25,0.02,6.666336059570312,0.4999999999999267,0.3333333333332124,0.4999999999999091
D4,0.3,0.3,25,25,0.02,6.67633056640625,0.4999999999999267,0.3333333333332124,0.4999999999999091
D4,0.3,0.3,25,25,0.02,6.686325073242188,0.4999999999999267,0.3333333333332124,0.4999999999999091
D4,0.3,0.3,25,25,0.02,6.696319580078125,0.4999999999999267,0.3333333333332124,0.4999999999999091
D4,0.3,0.3,25,25,0.02,6.706314086914062,0.4999999999999267,0.3333333333332124,0.4999999999999091
D4,0.3,0.3,25,25,0.02,6.71630859375,0.4999999999999267,0.3333333333332124,0.4999999999999091
D4,0.3,0.3,25,25,0.02,6.726303100585938,0.4999999999999267,0.3333333333332124,0.4999999999999091
D4,0.3,0.3,25,25,0.02,6.736297607421875,0.4999999999999267,0.3333333333332124,0.4999999999999091
D4,0.3,0.3,25,25,0.02,6.746292114257812,0.4999999999999267,0.3333333333332124,0.4999999999999091
D4,0.3,0.3,25,25,0.02,6.75628662109375,0.4999999999999267,0.3333333333332124,0.4999999999999091
D4,0.3,0.3,25,25,0.02,6.766281127929688,0.4999999999999267,0.3333333333332124,0.4999999999999091
D4,0.3,0.3,25,25,0.02,6.776275634765625,0.4999999999999267,0.3333333333332124,0.4999999999999091
D4,0.3,0.3,25,25,0.02,6.786270141601562,0.4999999999999267,0.3333333333332124,0.4999999999999091
D4,0.3,0.3,25,25,0.02,6.7962646484375,0.4999999999999267,0.3333333333332124,0.4999999999999091
D4,0.3,0.3,25,25,0.02,6.806259155273438,0.4999999999999267,0.3333333333332124,0.4999999999999091
D4,0.3,0.3,25,25,0.02,6.816253662109375,0.4999999999999267,0.3333333333332124,0.4999999999999091
D4,0.3,0.3,25,25,0.02,6.826248168945312,0.4999999999999267,0.3333333333332124,0.4999999999999091
D4,0.3,0.3,25,25,0.02,6.83624267578125,0.4999999999999267,0.3333333333332124,0.4999999999999091
D4,0.3,0.3,25,25,0.02,6.846237182617188,0.4999999999999267,0.3333333333332124,0.4999999999999091
D4,0.3,0.3,25,25,0.02,6.856231689453125,0.4999999999999267,0.3333333333332124,0.4999999999999091
D4,0.3,0.3,25,25,0.02,6.866226196289062,0.4999999999999267,0.3333333333332124,0.4999999999999091
D4,0.3,0.3,25,25,0.02,6.876220703125,0.4999999999999267,0.3333333333332124,0.4999999999999091
D4,0.3,0.3,25,25,0.02,6.886215209960938,0.4999999999999267,0.3333333333332124,0.4999999999999091
D4,0.3,0.3,25,25,0.02,6.896209716796875,0.4999999999999267,0.3333333333332124,0.4999999999999091
D4,0.3,0.3,25,25,0.02,6.906204223632812,0.4999999999999267,0.3333333333332124,0.4999999999999091
D4,0.3,0.3,25,25,0.02,6.91619873046875,0.4999999999999267,0.3333333333332124,0.4999999999999091
D4,0.3,0.3,25,25,0.02,6.926193237304688,0.4999999999999267,0.3333333333332124,0.4999999999999091
D4,0.3,0.3,25,25,0.02,6.936187744140625,0.4999999999999267,0.3333333333332124,0.4999999999999091
D4,0.3,0.3,25,25,0.02,6.946182250976562,0.4999999999999267,0.3333333333332124,0.4999999999999091
D4,0.3,0.3,25,25,0.02,6.9561767578125,0.4999999999999267,0.3333333333332124,0.4999999999999091
D4,0.3,0.3,25,25,0.02,6.966171264648438,0.4999999999999267,0.3333333333332124,0.4999999999999091
D4,0.3,0.3,25,25,0.02,6.976165771484375,0.4999999999999267,0.3333333333332124,0.4999999999999091
D4,0.3,0.3,25,25,0.02,6.986160278320312,0.4999999999999267,0.3333333333332124,0.4999999999999091
D4,0.3,0.3,25,25,0.02,6.99615478515625,0.4999999999999267,0.3333333333332124,0.4999999999999091
D4,0.3,0.3,25,25,0.02,7.006149291992188,0.4999999999999267,0.3333333333332124,0.4999999999999091
D4,0.3,0.3,25,25,0.02,7.016143798828125,0.4999999999999267,0.3333333333332124,0.4999999999999091
D4,0.3,0.3,25,25,0.02,7.026138305664062,0.4999999999999267,0.3333333333332124,0.4999999999999091
D4,0.3,0.3,25,25,0.02,7.0361328125,0.4999999999999267,0.3333333333332124,0.4999999999999091
D4,0.3,0.3,25,25,0.02,7.046127319335938,0.4999999999999267,0.3333333333332124,0.4999999999999091
D4,0.3,0.3,25,25,0.02,7.056121826171875,0.4999999999999267,0.3333333333332124,0.4999999999999091
D4,0.3,0.3,25,25,0.02,7.066116333007812,0.4999999999999267,0.3333333333332124,0.4999999999999091
D4,0.3,0.3,25,25,0.02,7.07611083984375,0.4999999999999267,0.3333333333332124,0.4999999999999091
D4,0.3,0.3,25,25,0.02,7.086105346679688,0.4999999999999267,0.3333333333332124,0.4999999999999091
D4,0.3,0.3,25,25,0.02,7.096099853515625,0.4999999999999267,0.3333333333332124,0.4999999999999091
D4,0.3,0.3,25,25,0.02,7.106094360351562,0.4999999999999267,0.3333333333332124,0.4999999999999091
D4,0.3,0.3,25,25,0.02,7.1160888671875,0.4999999999999267,0.3333333333332124,0.4999999999999091
D4,0.3,0.3,25,25,0.02,7.126083374023438,0.4999999999999267,0.3333333333332124,0.4999999999999091
D4,0.3,0.3,25,25,0.02,7.136077880859375,0.4999999999999267,0.3333333333332124,0.4999999999999091
D4,0.3,0.3,25,25,0.02,7.146072387695312,0.4999999999999267,0.3333333333332124,0.4999999999999091
D4,0.3,0.3,25,25,0.02,7.15606689453125,0.4999999999999267,0.3333333333332124,0.4999999999999091
D4,0.3,0.3,25,25,0.02,7.166061401367188,0.4999999999999267,0.3333333333332124,0.4999999999999091
D4,0.3,0.3,25,25,0.02,7.176055908203125,0.4999999999999267,0.3333333333332124,0.4999999999999091
D4,0.3,0.3,25,25,0.02,7.186050415039062,0.4999999999999267,0.3333333333332124,0.4999999999999091
D4,0.3,0.3,25,25,0.02,7.196044921875,0.4999999999999267,0.3333333333332124,0.4999999999999091
D4,0.3,0.3,25,25,0.02,7.206039428710938,0.4999999999999267,0.3333333333332124,0.4999999999999091
D4,0.3,0.3,25,25,0.02,7.216033935546875,0.4999999999999267,0.3333333333332124,0.4999999999999091
D4,0.3,0.3,25,25,0.02,7.226028442382812,0.4999999999999267,0.3333333333332124,0.4999999999999091
D4,0.3,0.3,25,25,0.02,7.23602294921875,0.4999999999999267,0.3333333333332124,0.4999999999999091
D4,0.3,0.3,25,25,0.02,7.246017456054688,0.4999999999999267,0.3333333333332124,0.4999999999999091
D4,0.3,0.3,25,25,0.02,7.256011962890625,0.4999999999999267,0.3333333333332124,0.4999999999999091
D4,0.3,0.3,25,25,0.02,7.266006469726562,0.4999999999999267,0.3333333333332124,0.4999999999999091
D4,0.3,0.3,25,25,0.02,7.2760009765625,0.4999999999999267,0.3333333333332124,0.4999999999999091
D4,0.3,0.3,25,25,0.02,7.285995483398438,0.4999999999999267,0.3333333333332124,0.4999999999999091
D4,0.3,0.3,25,25,0.02,7.295989990234375,0.4999999999999267,0.3333333333332124,0.4999999999999091
D4,0.3,0.3,25,25,0.02,7.305984497070312,0.4999999999999267,0.3333333333332124,0.4999999999999091
D4,0.3,0.3,25,25,0.02,7.31597900390625,0.4999999999999267,0.3333333333332124,0.4999999999999091
D4,0.3,0.3,25,25,0.02,7.325973510742188,0.4999999999999267,0.3333333333332124,0.4999999999999091
D4,0.3,0.3,25,25,0.02,7.335968017578125,0.4999999999999267,0.3333333333332124,0.4999999999999091
D4,0.3,0.3,25,25,0.02,7.345962524414062,0.4999999999999267,0.3333333333332124,0.4999999999999091
D4,0.3,0.3,25,25,0.02,7.35595703125,0.4999999999999267,0.3333333333332124,0.4999999999999091
D4,0.3,0.3,25,25,0.02,7.365951538085938,0.4999999999999267,0.3333333333332124,0.4999999999999091
D4,0.3,0.3,25,25,0.02,7.375946044921875,0.4999999999999267,0.3333333333332124,0.4999999999999091
D4,0.3,0.3,25,25,0.02,7.385940551757812,0.4999999999999267,0.3333333333332124,0.4999999999999091
D4,0.3,0.3,25,25,0.02,7.39593505859375,0.4999999999999267,0.3333333333332124,0.4999999999999091
D4,0.3,0.3,25,25,0.02,7.405929565429688,0.4999999999999267,0.3333333333332124,0.4999999999999091
D4,0.3,0.3,25,25,0.02,7.415924072265625,0.4999999999999267,0.3333333333332124,0.4999999999999091
D4,0.3,0.3,25,25,0.02,7.425918579101562,0.4999999999999267,0.3333333333332124,0.4999999999999091
D4,0.3,0.3,25,25,0.02,7.4359130859375,0.4999999999999267,0.3333333333332124,0.4999999999999091
D4,0.3,0.3,25,25,0.02,7.445907592773438,0.4999999999999267,0.3333333333332124,0.4999999999999091
D4,0.3,0.3,25,25,0.02,7.455902099609375,0.4999999999999267,0.3333333333332124,0.4999999999999091
D4,0.3,0.3,25,25,0.02,7.465896606445312,0.4999999999999267,0.3333333333332124,0.4999999999999091
D4,0.3,0.3,25,25,0.02,7.47589111328125,0.4999999999999267,0.3333333333332124,0.4999999999999091
D4,0.3,0.3,25,25,0.02,7.485885620117188,0.4999999999999267,0.3333333333332124,0.4999999999999091
D4,0.3,0.3,25,25,0.02,7.495880126953125,0.4999999999999267,0.3333333333332124,0.4999999999999091
D4,0.3,0.3,25,25,0.02,7.505874633789062,0.4999999999999267,0.3333333333332124,0.4999999999999091
D4,0.3,0.3,25,25,0.02,7.515869140625,0.4999999999999267,0.3333333333332124,0.4999999999999091
D4,0.3,0.3,25,25,0.02,7.525863647460938,0.4999999999999267,0.3333333333332124,0.4999999999999091
D4,0.3,0.3,25,25,0.02,7.535858154296875,0.4999999999999267,0.3333333333332124,0.4999999999999091
D4,0.3,0.3,25,25,0.02,7.545852661132812,0.4999999999999267,0.3333333333332124,0.4999999999999091
D4,0.3,0.3,25,25,0.02,7.55584716796875,0.4999999999999267,0.3333333333332124,0.4999999999999091
D4,0.3,0.3,25,25,0.02,7.565841674804688,0.4999999999999267,0.3333333333332124,0.4999999999999091
D4,0.3,0.3,25,25,0.02,7.575836181640625,0.4999999999999267,0.3333333333332124,0.4999999999999091
D4,0.3,0.3,25,25,0.02,7.585830688476562,0.4999999999999267,0.3333333333332124,0.4999999999999091
D4,0.3,0.3,25,25,0.02,7.5958251953125,0.4999999999999267,0.3333333333332124,0.4999999999999091
D4,0.3,0.3,25,25,0.02,7.605819702148438,0.4999999999999267,0.3333333333332124,0.4999999999999091
D4,0.3,0.3,25,25,0.02,7.615814208984375,0.4999999999999267,0.3333333333332124,0.4999999999999091
D4,0.3,0.3,25,25,0.02,7.625808715820312,0.4999999999999267,0.3333333333332124,0.4999999999999091
D4,0.3,0.3,25,25,0.02,7.63580322265625,0.4999999999999267,0.3333333333332124,0.4999999999999091
D4,0.3,0.3,25,25,0.02,7.645797729492188,0.4999999999999267,0.3333333333332124,0.4999999999999091
D4,0.3,0.3,25,25,0.02,7.655792236328125,0.4999999999999267,0.3333333333332124,0.4999999999999091
D4,0.3,0.3,25,25,0.02,7.665786743164062,0.4999999999999267,0.3333333333332124,0.4999999999999091
D4,0.3,0.3,25,25,0.02,7.67578125,0.4999999999999267,0.3333333333332124,0.4999999999999091
D4,0.3,0.3,25,25,0.02,7.685775756835938,0.4999999999999267,0.3333333333332124,0.4999999999999091
D4,0.3,0.3,25,25,0.02,7.695770263671875,0.4999999999999267,0.3333333333332124,0.4999999999999091
D4,0.3,0.3,25,25,0.02,7.705764770507812,0.4999999999999267,0.3333333333332124,0.4999999999999091
D4,0.3,0.3,25,25,0.02,7.71575927734375,0.4999999999999267,0.3333333333332124,0.4999999999999091
D4,0.3,0.3,25,25,0.02,7.725753784179688,0.4999999999999267,0.3333333333332124,0.4999999999999091
D4,0.3,0.3,25,25,0.02,7.735748291015625,0.4999999999999267,0.3333333333332124,0.4999999999999091
D4,0.3,0.3,25,25,0.02,7.745742797851562,0.4999999999999267,0.3333333333332124,0.4999999999999091
D4,0.3,0.3,25,25,0.02,7.7557373046875,0.4999999999999267,0.3333333333332124,0.4999999999999091
D4,0.3,0.3,25,25,0.02,7.765731811523438,0.4999999999999267,0.3333333333332124,0.4999999999999091
D4,0.3,0.3,25,25,0.02,7.775726318359375,0.4999999999999267,0.3333333333332124,0.4999999999999091
D4,0.3,0.3,25,25,0.02,7.785720825195312,0.4999999999999267,0.3333333333332124,0.4999999999999091
D4,0.3,0.3,25,25,0.02,7.79571533203125,0.4999999999999267,0.3333333333332124,0.4999999999999091
D4,0.3,0.3,25,25,0.02,7.805709838867188,0.4999999999999267,0.3333333333332124,0.4999999999999091
D4,0.3,0.3,25,25,0.02,7.815704345703125,0.4999999999999267,0.3333333333332124,0.4999999999999091
D4,0.3,0.3,25,25,0.02,7.825698852539062,0.4999999999999267,0.3333333333332124,0.4999999999999091
D4,0.3,0.3,25,25,0.02,7.835693359375,0.4999999999999267,0.3333333333332124,0.4999999999999091
D4,0.3,0.3,25,25,0.02,7.845687866210938,0.4999999999999267,0.3333333333332124,0.4999999999999091
D4,0.3,0.3,25,25,0.02,7.855682373046875,0.4999999999999267,0.3333333333332124,0.4999999999999091
D4,0.3,0.3,25,25,0.02,7.865676879882812,0.4999999999999267,0.3333333333332124,0.4999999999999091
D4,0.3,0.3,25,25,0.02,7.87567138671875,0.4999999999999267,0.3333333333332124,0.4999999999999091
D4,0.3,0.3,25,25,0.02,7.885665893554688,0.4999999999999267,0.3333333333332124,0.4999999999999091
D4,0.3,0.3,25,25,0.02,7.895660400390625,0.4999999999999267,0.3333333333332124,0.4999999999999091
D4,0.3,0.3,25,25,0.02,7.905654907226562,0.4999999999999267,0.3333333333332124,0.4999999999999091
D4,0.3,0.3,25,25,0.02,7.9156494140625,0.4999999999999267,0.3333333333332124,0.4999999999999091
D4,0.3,0.3,25,25,0.02,7.925643920898438,0.4999999999999267,0.3333333333332124,0.4999999999999091
D4,0.3,0.3,25,25,0.02,7.935638427734375,0.4999999999999267,0.3333333333332124,0.4999999999999091
D4,0.3,0.3,25,25,0.02,7.945632934570312,0.4999999999999267,0.3333333333332124,0.4999999999999091
D4,0.3,0.3,25,25,0.02,7.95562744140625,0.4999999999999267,0.3333333333332124,0.4999999999999091
D4,0.3,0.3,25,25,0.02,7.965621948242188,0.4999999999999267,0.3333333333332124,0.4999999999999091
D4,0.3,0.3,25,25,0.02,7.975616455078125,0.4999999999999267,0.3333333333332124,0.4999999999999091
D4,0.3,0.3,25,25,0.02,7.985610961914062,0.4999999999999267,0.3333333333332124,0.4999999999999091
D4,0.3,0.3,25,25,0.02,7.99560546875,0.4999999999999267,0.3333333333332124,0.4999999999999091
D4,0.3,0.3,25,25,0.02,8.005599975585938,0.4999999999999267,0.3333333333332124,0.4999999999999091
D4,0.3,0.3,25,25,0.02,8.015594482421875,0.4999999999999267,0.3333333333332124,0.4999999999999091
D4,0.3,0.3,25,25,0.02,8.025588989257812,0.4999999999999267,0.3333333333332124,0.4999999999999091
D4,0.3,0.3,25,25,0.02,8.03558349609375,0.4999999999999267,0.3333333333332124,0.4999999999999091
D4,0.3,0.3,25,25,0.02,8.045578002929688,0.4999999999999267,0.3333333333332124,0.4999999999999091
D4,0.3,0.3,25,25,0.02,8.055572509765625,0.4999999999999267,0.3333333333332124,0.4999999999999091
D4,0.3,0.3,25,25,0.02,8.065567016601562,0.4999999999999267,0.3333333333332124,0.4999999999999091
D4,0.3,0.3,25,25,0.02,8.0755615234375,0.4999999999999267,0.3333333333332124,0.4999999999999091
D4,0.3,0.3,25,25,0.02,8.085556030273438,0.4999999999999267,0.3333333333332124,0.4999999999999091
D4,0.3,0.3,25,25,0.02,8.095550537109375,0.4999999999999267,0.3333333333332124,0.4999999999999091
D4,0.3,0.3,25,25,0.02,8.105545043945312,0.4999999999999267,0.3333333333332124,0.4999999999999091
D4,0.3,0.3,25,25,0.02,8.11553955078125,0.4999999999999267,0.3333333333332124,0.4999999999999091
D4,0.3,0.3,25,25,0.02,8.125534057617188,0.4999999999999267,0.3333333333332124,0.4999999999999091
D4,0.3,0.3,25,25,0.02,8.135528564453125,0.4999999999999267,0.3333333333332124,0.4999999999999091
D4,0.3,0.3,25,25,0.02,8.145523071289062,0.4999999999999267,0.3333333333332124,0.4999999999999091
D4,0.3,0.3,25,25,0.02,8.155517578125,0.4999999999999267,0.3333333333332124,0.4999999999999091
D4,0.3,0.3,25,25,0.02,8.165512084960938,0.4999999999999267,0.3333333333332124,0.4999999999999091
D4,0.3,0.3,25,25,0.02,8.175506591796875,0.4999999999999267,0.3333333333332124,0.4999999999999091
D4,0.3,0.3,25,25,0.02,8.185501098632812,0.4999999999999267,0.3333333333332124,0.4999999999999091
D4,0.3,0.3,25,25,0.02,8.19549560546875,0.4999999999999267,0.3333333333332124,0.4999999999999091
D4,0.3,0.3,25,25,0.02,8.205490112304688,0.4999999999999267,0.3333333333332124,0.4999999999999091
D4,0.3,0.3,25,25,0.02,8.215484619140625,0.4999999999999267,0.3333333333332124,0.4999999999999091
D4,0.3,0.3,25,25,0.02,8.225479125976562,0.4999999999999267,0.3333333333332124,0.4999999999999091
D4,0.3,0.3,25,25,0.02,8.2354736328125,0.4999999999999267,0.3333333333332124,0.4999999999999091
D4,0.3,0.3,25,25,0.02,8.245468139648438,0.4999999999999267,0.3333333333332124,0.4999999999999091
D4,0.3,0.3,25,25,0.02,8.255462646484375,0.4999999999999267,0.3333333333332124,0.4999999999999091
D4,0.3,0.3,25,25,0.02,8.265457153320312,0.4999999999999267,0.3333333333332124,0.4999999999999091
D4,0.3,0.3,25,25,0.02,8.27545166015625,0.4999999999999267,0.3333333333332124,0.4999999999999091
D4,0.3,0.3,25,25,0.02,8.285446166992188,0.4999999999999267,0.3333333333332124,0.4999999999999091
D4,0.3,0.3,25,25,0.02,8.295440673828125,0.4999999999999267,0.3333333333332124,0.4999999999999091
D4,0.3,0.3,25,25,0.02,8.305435180664062,0.4999999999999267,0.3333333333332124,0.4999999999999091
D4,0.3,0.3,25,25,0.02,8.3154296875,0.4999999999999267,0.3333333333332124,0.4999999999999091
D4,0.3,0.3,25,25,0.02,8.325424194335938,0.4999999999999267,0.3333333333332124,0.4999999999999091
D4,0.3,0.3,25,25,0.02,8.335418701171875,0.4999999999999267,0.3333333333332124,0.4999999999999091
D4,0.3,0.3,25,25,0.02,8.345413208007812,0.4999999999999267,0.3333333333332124,0.4999999999999091
D4,0.3,0.3,25,25,0.02,8.35540771484375,0.4999999999999267,0.3333333333332124,0.4999999999999091
D4,0.3,0.3,25,25,0.02,8.365402221679688,0.4999999999999267,0.3333333333332124,0.4999999999999091
D4,0.3,0.3,25,25,0.02,8.375396728515625,0.4999999999999267,0.3333333333332124,0.4999999999999091
D4,0.3,0.3,25,25,0.02,8.385391235351562,0.4999999999999267,0.3333333333332124,0.4999999999999091
D4,0.3,0.3,25,25,0.02,8.3953857421875,0.4999999999999267,0.3333333333332124,0.4999999999999091
D4,0.3,0.3,25,25,0.02,8.405380249023438,0.4999999999999267,0.3333333333332124,0.4999999999999091
D4,0.3,0.3,25,25,0.02,8.415374755859375,0.4999999999999267,0.3333333333332124,0.4999999999999091
D4,0.3,0.3,25,25,0.02,8.425369262695312,0.4999999999999267,0.3333333333332124,0.4999999999999091
D4,0.3,0.3,25,25,0.02,8.43536376953125,0.4999999999999267,0.3333333333332124,0.4999999999999091
D4,0.3,0.3,25,25,0.02,8.445358276367188,0.4999999999999267,0.3333333333332124,0.4999999999999091
D4,0.3,0.3,25,25,0.02,8.455352783203125,0.4999999999999267,0.3333333333332124,0.4999999999999091
D4,0.3,0.3,25,25,0.02,8.465347290039062,0.4999999999999267,0.3333333333332124,0.4999999999999091
D4,0.3,0.3,25,25,0.02,8.475341796875,0.4999999999999267,0.3333333333332124,0.4999999999999091
D4,0.3,0.3,25,25,0.02,8.485336303710938,0.4999999999999267,0.3333333333332124,0.4999999999999091
D4,0.3,0.3,25,25,0.02,8.495330810546875,0.4999999999999267,0.3333333333332124,0.4999999999999091
D4,0.3,0.3,25,25,0.02,8.505325317382812,0.4999999999999267,0.3333333333332124,0.4999999999999091
D4,0.3,0.3,25,25,0.02,8.51531982421875,0.4999999999999267,0.3333333333332124,0.4999999999999091
D4,0.3,0.3,25,25,0.02,8.525314331054688,0.4999999999999267,0.3333333333332124,0.4999999999999091
D4,0.3,0.3,25,25,0.02,8.535308837890625,0.4999999999999267,0.3333333333332124,0.4999999999999091
D4,0.3,0.3,25,25,0.02,8.545303344726562,0.4999999999999267,0.3333333333332124,0.4999999999999091
D4,0.3,0.3,25,25,0.02,8.5552978515625,0.4999999999999267,0.3333333333332124,0.4999999999999091
D4,0.3,0.3,25,25,0.02,8.565292358398438,0.4999999999999267,0.3333333333332124,0.4999999999999091
D4,0.3,0.3,25,25,0.02,8.575286865234375,0.4999999999999267,0.3333333333332124,0.4999999999999091
D4,0.3,0.3,25,25,0.02,8.585281372070312,0.4999999999999267,0.3333333333332124,0.4999999999999091
D4,0.3,0.3,25,25,0.02,8.59527587890625,0.4999999999999267,0.3333333333332124,0.4999999999999091
D4,0.3,0.3,25,25,0.02,8.605270385742188,0.4999999999999267,0.3333333333332124,0.4999999999999091
D4,0.3,0.3,25,25,0.02,8.615264892578125,0.4999999999999267,0.3333333333332124,0.4999999999999091
D4,0.3,0.3,25,25,0.02,8.625259399414062,0.4999999999999267,0.3333333333332124,0.4999999999999091
D4,0.3,0.3,25,25,0.02,8.63525390625,0.4999999999999267,0.3333333333332124,0.4999999999999091
D4,0.3,0.3,25,25,0.02,8.645248413085938,0.4999999999999267,0.3333333333332124,0.4999999999999091
D4,0.3,0.3,25,25,0.02,8.655242919921875,0.4999999999999267,0.3333333333332124,0.4999999999999091
D4,0.3,0.3,25,25,0.02,8.665237426757812,0.4999999999999267,0.3333333333332124,0.4999999999999091
D4,0.3,0.3,25,25,0.02,8.67523193359375,0.4999999999999267,0.3333333333332124,0.4999999999999091
D4,0.3,0.3,25,25,0.02,8.685226440429688,0.4999999999999267,0.3333333333332124,0.4999999999999091
D4,0.3,0.3,25,25,0.02,8.695220947265625,0.4999999999999267,0.3333333333332124,0.4999999999999091
D4,0.3,0.3,25,25,0.02,8.705215454101562,0.4999999999999267,0.3333333333332124,0.4999999999999091
D4,0.3,0.3,25,25,0.02,8.7152099609375,0.4999999999999267,0.3333333333332124,0.4999999999999091
D4,0.3,0.3,25,25,0.02,8.725204467773438,0.4999999999999267,0.3333333333332124,0.4999999999999091
D4,0.3,0.3,25,25,0.02,8.735198974609375,0.4999999999999267,0.3333333333332124,0.4999999999999091
D4,0.3,0.3,25,25,0.02,8.745193481445312,0.4999999999999267,0.3333333333332124,0.4999999999999091
D4,0.3,0.3,25,25,0.02,8.75518798828125,0.4999999999999267,0.3333333333332124,0.4999999999999091
D4,0.3,0.3,25,25,0.02,8.765182495117188,0.4999999999999267,0.3333333333332124,0.4999999999999091
D4,0.3,0.3,25,25,0.02,8.775177001953125,0.4999999999999267,0.3333333333332124,0.4999999999999091
D4,0.3,0.3,25,25,0.02,8.785171508789062,0.4999999999999267,0.3333333333332124,0.4999999999999091
D4,0.3,0.3,25,25,0.02,8.795166015625,0.4999999999999267,0.3333333333332124,0.4999999999999091
D4,0.3,0.3,25,25,0.02,8.805160522460938,0.4999999999999267,0.3333333333332124,0.4999999999999091
D4,0.3,0.3,25,25,0.02,8.815155029296875,0.4999999999999267,0.3333333333332124,0.4999999999999091
D4,0.3,0.3,25,25,0.02,8.825149536132812,0.4999999999999267,0.3333333333332124,0.4999999999999091
D4,0.3,0.3,25,25,0.02,8.83514404296875,0.4999999999999267,0.3333333333332124,0.4999999999999091
D4,0.3,0.3,25,25,0.02,8.845138549804688,0.4999999999999267,0.3333333333332124,0.4999999999999091
D4,0.3,0.3,25,25,0.02,8.855133056640625,0.4999999999999267,0.3333333333332124,0.4999999999999091
D4,0.3,0.3,25,25,0.02,8.865127563476562,0.4999999999999267,0.3333333333332124,0.4999999999999091
D4,0.3,0.3,25,25,0.02,8.8751220703125,0.4999999999999267,0.3333333333332124,0.4999999999999091
D4,0.3,0.3,25,25,0.02,8.885116577148438,0.4999999999999267,0.3333333333332124,0.4999999999999091
D4,0.3,0.3,25,25,0.02,8.895111083984375,0.4999999999999267,0.3333333333332124,0.4999999999999091
D4,0.3,0.3,25,25,0.02,8.905105590820312,0.4999999999999267,0.3333333333332124,0.4999999999999091
D4,0.3,0.3,25,25,0.02,8.91510009765625,0.4999999999999267,0.3333333333332124,0.4999999999999091
D4,0.3,0.3,25,25,0.02,8.925094604492188,0.4999999999999267,0.3333333333332124,0.4999999999999091
D4,0.3,0.3,25,25,0.02,8.935089111328125,0.4999999999999267,0.3333333333332124,0.4999999999999091
D4,0.3,0.3,25,25,0.02,8.945083618164062,0.4999999999999267,0.3333333333332124,0.4999999999999091
D4,0.3,0.3,25,25,0.02,8.955078125,0.4999999999999267,0.3333333333332124,0.4999999999999091
D4,0.3,0.3,25,25,0.02,8.965072631835938,0.4999999999999267,0.3333333333332124,0.4999999999999091
D4,0.3,0.3,25,25,0.02,8.975067138671875,0.4999999999999267,0.3333333333332124,0.4999999999999091
D4,0.3,0.3,25,25,0.02,8.985061645507812,0.4999999999999267,0.3333333333332124,0.4999999999999091
D4,0.3,0.3,25,25,0.02,8.99505615234375,0.4999999999999267,0.3333333333332124,0.4999999999999091
D4,0.3,0.3,25,25,0.02,9.005050659179688,0.4999999999999267,0.3333333333332124,0.4999999999999091
D4,0.3,0.3,25,25,0.02,9.015045166015625,0.4999999999999267,0.3333333333332124,0.4999999999999091
D4,0.3,0.3,25,25,0.02,9.025039672851562,0.4999999999999267,0.3333333333332124,0.4999999999999091
D4,0.3,0.3,25,25,0.02,9.0350341796875,0.4999999999999267,0.3333333333332124,0.4999999999999091
D4,0.3,0.3,25,25,0.02,9.045028686523438,0.4999999999999267,0.3333333333332124,0.4999999999999091
D4,0.3,0.3,25,25,0.02,9.055023193359375,0.4999999999999267,0.3333333333332124,0.4999999999999091
D4,0.3,0.3,25,25,0.02,9.065017700195312,0.4999999999999267,0.3333333333332124,0.4999999999999091
D4,0.3,0.3,25,25,0.02,9.07501220703125,0.4999999999999267,0.3333333333332124,0.4999999999999091
D4,0.3,0.3,25,25,0.02,9.085006713867188,0.4999999999999267,0.3333333333332124,0.4999999999999091
D4,0.3,0.3,25,25,0.02,9.095001220703125,0.4999999999999267,0.3333333333332124,0.4999999999999091
D4,0.3,0.3,25,25,0.02,9.104995727539062,0.4999999999999267,0.3333333333332124,0.4999999999999091
D4,0.3,0.3,25,25,0.02,9.114990234375,0.4999999999999267,0.3333333333332124,0.4999999999999091
D4,0.3,0.3,25,25,0.02,9.124984741210938,0.4999999999999267,0.3333333333332124,0.4999999999999091
D4,0.3,0.3,25,25,0.02,9.134979248046875,0.4999999999999267,0.3333333333332124,0.4999999999999091
D4,0.3,0.3,25,25,0.02,9.144973754882812,0.4999999999999267,0.3333333333332124,0.4999999999999091
D4,0.3,0.3,25,25,0.02,9.15496826171875,0.4999999999999267,0.3333333333332124,0.4999999999999091
D4,0.3,0.3,25,25,0.02,9.164962768554688,0.4999999999999267,0.3333333333332124,0.4999999999999091
D4,0.3,0.3,25,25,0.02,9.174957275390625,0.4999999999999267,0.3333333333332124,0.4999999999999091
D4,0.3,0.3,25,25,0.02,9.184951782226562,0.4999999999999267,0.3333333333332124,0.4999999999999091
D4,0.3,0.3,25,25,0.02,9.1949462890625,0.4999999999999267,0.3333333333332124,0.4999999999999091
D4,0.3,0.3,25,25,0.02,9.204940795898438,0.4999999999999267,0.3333333333332124,0.4999999999999091
D4,0.3,0.3,25,25,0.02,9.214935302734375,0.4999999999999267,0.3333333333332124,0.4999999999999091
D4,0.3,0.3,25,25,0.02,9.224929809570312,0.4999999999999267,0.3333333333332124,0.4999999999999091
D4,0.3,0.3,25,25,0.02,9.23492431640625,0.4999999999999267,0.3333333333332124,0.4999999999999091
D4,0.3,0.3,25,25,0.02,9.244918823242188,0.4999999999999267,0.3333333333332124,0.4999999999999091
D4,0.3,0.3,25,25,0.02,9.254913330078125,0.4999999999999267,0.3333333333332124,0.4999999999999091
D4,0.3,0.3,25,25,0.02,9.264907836914062,0.4999999999999267,0.3333333333332124,0.4999999999999091
D4,0.3,0.3,25,25,0.02,9.27490234375,0.4999999999999267,0.3333333333332124,0.4999999999999091
D4,0.3,0.3,25,25,0.02,9.284896850585938,0.4999999999999267,0.3333333333332124,0.4999999999999091
D4,0.3,0.3,25,25,0.02,9.294891357421875,0.4999999999999267,0.3333333333332124,0.4999999999999091
D4,0.3,0.3,25,25,0.02,9.304885864257812,0.4999999999999267,0.3333333333332124,0.4999999999999091
D4,0.3,0.3,25,25,0.02,9.31488037109375,0.4999999999999267,0.3333333333332124,0.4999999999999091
D4,0.3,0.3,25,25,0.02,9.324874877929688,0.4999999999999267,0.3333333333332124,0.4999999999999091
D4,0.3,0.3,25,25,0.02,9.334869384765625,0.4999999999999267,0.3333333333332124,0.4999999999999091
D4,0.3,0.3,25,25,0.02,9.344863891601562,0.4999999999999267,0.3333333333332124,0.4999999999999091
D4,0.3,0.3,25,25,0.02,9.3548583984375,0.4999999999999267,0.3333333333332124,0.4999999999999091
D4,0.3,0.3,25,25,0.02,9.364852905273438,0.4999999999999267,0.3333333333332124,0.4999999999999091
D4,0.3,0.3,25,25,0.02,9.374847412109375,0.4999999999999267,0.3333333333332124,0.4999999999999091
D4,0.3,0.3,25,25,0.02,9.384841918945312,0.4999999999999267,0.3333333333332124,0.4999999999999091
D4,0.3,0.3,25,25,0.02,9.39483642578125,0.4999999999999267,0.3333333333332124,0.4999999999999091
D4,0.3,0.3,25,25,0.02,9.404830932617188,0.4999999999999267,0.3333333333332124,0.4999999999999091
D4,0.3,0.3,25,25,0.02,9.414825439453125,0.4999999999999267,0.3333333333332124,0.4999999999999091
D4,0.3,0.3,25,25,0.02,9.424819946289062,0.4999999999999267,0.3333333333332124,0.4999999999999091
D4,0.3,0.3,25,25,0.02,9.434814453125,0.4999999999999267,0.3333333333332124,0.4999999999999091
D4,0.3,0.3,25,25,0.02,9.444808959960938,0.4999999999999267,0.3333333333332124,0.4999999999999091
D4,0.3,0.3,25,25,0.02,9.454803466796875,0.4999999999999267,0.3333333333332124,0.4999999999999091
D4,0.3,0.3,25,25,0.02,9.464797973632812,0.4999999999999267,0.3333333333332124,0.4999999999999091
D4,0.3,0.3,25,25,0.02,9.47479248046875,0.4999999999999267,0.3333333333332124,0.4999999999999091
D4,0.3,0.3,25,25,0.02,9.484786987304688,0.4999999999999267,0.3333333333332124,0.4999999999999091
D4,0.3,0.3,25,25,0.02,9.494781494140625,0.4999999999999267,0.3333333333332124,0.4999999999999091
D4,0.3,0.3,25,25,0.02,9.504776000976562,0.4999999999999267,0.3333333333332124,0.4999999999999091
D4,0.3,0.3,25,25,0.02,9.5147705078125,0.4999999999999267,0.3333333333332124,0.4999999999999091
D4,0.3,0.3,25,25,0.02,9.524765014648438,0.4999999999999267,0.3333333333332124,0.4999999999999091
D4,0.3,0.3,25,25,0.02,9.534759521484375,0.4999999999999267,0.3333333333332124,0.4999999999999091
D4,0.3,0.3,25,25,0.02,9.544754028320312,0.4999999999999267,0.3333333333332124,0.4999999999999091
D4,0.3,0.3,25,25,0.02,9.55474853515625,0.4999999999999267,0.3333333333332124,0.4999999999999091
D4,0.3,0.3,25,25,0.02,9.564743041992188,0.4999999999999267,0.3333333333332124,0.4999999999999091
D4,0.3,0.3,25,25,0.02,9.574737548828125,0.4999999999999267,0.3333333333332124,0.4999999999999091
D4,0.3,0.3,25,25,0.02,9.584732055664062,0.4999999999999267,0.3333333333332124,0.4999999999999091
D4,0.3,0.3,25,25,0.02,9.5947265625,0.4999999999999267,0.3333333333332124,0.4999999999999091
D4,0.3,0.3,25,25,0.02,9.604721069335938,0.4999999999999267,0.3333333333332124,0.4999999999999091
D4,0.3,0.3,25,25,0.02,9.614715576171875,0.4999999999999267,0.3333333333332124,0.4999999999999091
D4,0.3,0.3,25,25,0.02,9.624710083007812,0.4999999999999267,0.3333333333332124,0.4999999999999091
D4,0.3,0.3,25,25,0.02,9.63470458984375,0.4999999999999267,0.3333333333332124,0.4999999999999091
D4,0.3,0.3,25,25,0.02,9.644699096679688,0.4999999999999267,0.3333333333332124,0.4999999999999091
D4,0.3,0.3,25,25,0.02,9.654693603515625,0.4999999999999267,0.3333333333332124,0.4999999999999091
D4,0.3,0.3,25,25,0.02,9.664688110351562,0.4999999999999267,0.3333333333332124,0.4999999999999091
D4,0.3,0.3,25,25,0.02,9.6746826171875,0.4999999999999267,0.3333333333332124,0.4999999999999091
D4,0.3,0.3,25,25,0.02,9.684677124023438,0.4999999999999267,0.3333333333332124,0.4999999999999091
D4,0.3,0.3,25,25,0.02,9.694671630859375,0.4999999999999267,0.3333333333332124,0.4999999999999091
D4,0.3,0.3,25,25,0.02,9.704666137695312,0.4999999999999267,0.3333333333332124,0.4999999999999091
D4,0.3,0.3,25,25,0.02,9.71466064453125,0.4999999999999267,0.3333333333332124,0.4999999999999091
D4,0.3,0.3,25,25,0.02,9.724655151367188,0.4999999999999267,0.3333333333332124,0.4999999999999091
D4,0.3,0.3,25,25,0.02,9.734649658203125,0.4999999999999267,0.3333333333332124,0.4999999999999091
D4,0.3,0.3,25,25,0.02,9.744644165039062,0.4999999999999267,0.3333333333332124,0.4999999999999091
D4,0.3,0.3,25,25,0.02,9.754638671875,0.4999999999999267,0.3333333333332124,0.4999999999999091
D4,0.3,0.3,25,25,0.02,9.764633178710938,0.4999999999999267,0.3333333333332124,0.4999999999999091
D4,0.3,0.3,25,25,0.02,9.774627685546875,0.4999999999999267,0.3333333333332124,0.4999999999999091
D4,0.3,0.3,25,25,0.02,9.784622192382812,0.4999999999999267,0.3333333333332124,0.4999999999999091
D4,0.3,0.3,25,25,0.02,9.79461669921875,0.4999999999999267,0.3333333333332124,0.4999999999999091
D4,0.3,0.3,25,25,0.02,9.804611206054688,0.4999999999999267,0.3333333333332124,0.4999999999999091
D4,0.3,0.3,25,25,0.02,9.814605712890625,0.4999999999999267,0.3333333333332124,0.4999999999999091
D4,0.3,0.3,25,25,0.02,9.824600219726562,0.4999999999999267,0.3333333333332124,0.4999999999999091
D4,0.3,0.3,25,25,0.02,9.8345947265625,0.4999999999999267,0.3333333333332124,0.4999999999999091
D4,0.3,0.3,25,25,0.02,9.844589233398438,0.4999999999999267,0.3333333333332124,0.4999999999999091
D4,0.3,0.3,25,25,0.02,9.854583740234375,0.4999999999999267,0.3333333333332124,0.4999999999999091
D4,0.3,0.3,25,25,0.02,9.864578247070312,0.4999999999999267,0.3333333333332124,0.4999999999999091
D4,0.3,0.3,25,25,0.02,9.87457275390625,0.4999999999999267,0.3333333333332124,0.4999999999999091
D4,0.3,0.3,25,25,0.02,9.884567260742188,0.4999999999999267,0.3333333333332124,0.4999999999999091
D4,0.3,0.3,25,25,0.02,9.894561767578125,0.4999999999999267,0.3333333333332124,0.4999999999999091
D4,0.3,0.3,25,25,0.02,9.904556274414062,0.4999999999999267,0.3333333333332124,0.4999999999999091
D4,0.3,0.3,25,25,0.02,9.91455078125,0.4999999999999267,0.3333333333332124,0.4999999999999091
D4,0.3,0.3,25,25,0.02,9.924545288085938,0.4999999999999267,0.3333333333332124,0.4999999999999091
D4,0.3,0.3,25,25,0.02,9.934539794921875,0.4999999999999267,0.3333333333332124,0.4999999999999091
D4,0.3,0.3,25,25,0.02,9.944534301757812,0.4999999999999267,0.3333333333332124,0.4999999999999091
D4,0.3,0.3,25,25,0.02,9.95452880859375,0.4999999999999267,0.3333333333332124,0.4999999999999091
D4,0.3,0.3,25,25,0.02,9.964523315429688,0.4999999999999267,0.3333333333332124,0.4999999999999091
D4,0.3,0.3,25,25,0.02,9.974517822265625,0.4999999999999267,0.3333333333332124,0.4999999999999091
D4,0.3,0.3,25,25,0.02,9.984512329101562,0.4999999999999267,0.3333333333332124,0.4999999999999091
D4,0.3,0.3,25,25,0.02,9.9945068359375,0.4999999999999267,0.3333333333332124,0.4999999999999091
D4,0.3,0.3,25,25,0.02,10,0.4999999999999267,0.3333333333332124,0.4999999999999091
