# P x_center tau_U tau_V tau_Psi
1 4.8828125000000000e-04 3.6594450598670392e-06 1.2198149708098072e-06 4.8792600306768463e-06
2 1.4648437500000000e-03 -2.6041391265607672e-11 -8.8178353507828433e-12 -3.4859226616390515e-11
3 2.4414062500000000e-03 -4.3414161154942121e-11 -1.4694023775518872e-11 -5.8108184930460993e-11
4 3.4179687500000000e-03 -6.0765614762203768e-11 -2.0577317627612501e-11 -8.1342932389816269e-11
5 4.3945312500000000e-03 -7.8131279224180616e-11 -2.6489033189136535e-11 -1.0462031241331715e-10
6 5.3710937500000000e-03 -9.5468521976727061e-11 -3.2343905331799760e-11 -1.2781242730852682e-10
7 6.3476562500000000e-03 -1.1280576472927351e-10 -3.8198777474462986e-11 -1.5100454220373649e-10
8 7.3242187500000000e-03 -1.3025669431954157e-10 -4.4167336454847828e-11 -1.7442403077438939e-10
9 8.3007812500000000e-03 -1.4750867194379680e-10 -5.0022208597511053e-11 -1.9753088054130785e-10
10 9.2773437500000000e-03 -1.6495960153406486e-10 -5.5877080740174279e-11 -2.2083668227423914e-10
11 1.0253906250000000e-02 -1.8224000086775050e-10 -6.1788796301698312e-11 -2.4402879716944881e-10
12 1.1230468750000000e-02 -1.9963408703915775e-10 -6.7586825025500730e-11 -2.6722091206465848e-10
13 1.2207031250000000e-02 -2.1697132979170419e-10 -7.3498540587024763e-11 -2.9046987037872896e-10
14 1.3183593750000000e-02 -2.3430857254425064e-10 -7.9410256148548797e-11 -3.1371882869279943e-10
15 1.4160156250000000e-02 -2.5164581529679708e-10 -8.5265128291212022e-11 -3.3691094358800910e-10
16 1.5136718750000000e-02 -2.6903990146820433e-10 -9.1120000433875248e-11 -3.6015990190207958e-10
17 1.6113281250000000e-02 -2.8643398763961159e-10 -9.7088559414260089e-11 -3.8352254705387168e-10
18 1.7089843750000000e-02 -3.0388491722987965e-10 -1.0288658813806251e-10 -4.0677150536794215e-10
19 1.8066406250000000e-02 -3.2105162972584367e-10 -1.0879830369958654e-10 -4.2984993342543021e-10
20 1.9042968750000000e-02 -3.3855940273497254e-10 -1.1482370609883219e-10 -4.5338310883380473e-10
21 2.0019531250000000e-02 -3.5572611523093656e-10 -1.2050804798491299e-10 -4.7623416321584955e-10
22 2.0996093750000000e-02 -3.7300651456462219e-10 -1.2641976354643703e-10 -4.9942627811105922e-10
23 2.1972656250000000e-02 -3.9017322706058621e-10 -1.3210410543251783e-10 -5.2227733249310404e-10
24 2.2949218750000000e-02 -4.0756731323199347e-10 -1.3801582099404186e-10 -5.4558313422603533e-10
25 2.3925781250000000e-02 -4.2507508624112234e-10 -1.4404122339328751e-10 -5.6911630963440984e-10
26 2.4902343750000000e-02 -4.4235548557480797e-10 -1.4995293895481154e-10 -5.9230842452961951e-10
27 2.5878906250000000e-02 -4.5963588490849361e-10 -1.5586465451633558e-10 -6.1550053942482919e-10
28 2.6855468750000000e-02 -4.7691628424217924e-10 -1.6143530956469476e-10 -6.3835159380687401e-10
29 2.7832031250000000e-02 -4.9396930990042165e-10 -1.6723333828849718e-10 -6.6120264818891883e-10
30 2.8808593750000000e-02 -5.1147708290955052e-10 -1.7325874068774283e-10 -6.8473582359729335e-10
31 2.9785156250000000e-02 -5.2875748224323615e-10 -1.7894308257382363e-10 -7.0770056481705979e-10
32 3.0761718750000000e-02 -5.4603788157692179e-10 -1.8508217181079090e-10 -7.3112005338771269e-10
33 3.1738281250000000e-02 -5.6331828091060743e-10 -1.9076651369687170e-10 -7.5408479460747913e-10
34 3.2714843750000000e-02 -5.8093974075745791e-10 -1.9701928977156058e-10 -7.7795903052901849e-10
35 3.3691406250000000e-02 -5.9822014009114355e-10 -2.0236257114447653e-10 -8.0058271123562008e-10
36 3.4667968750000000e-02 -6.1527316574938595e-10 -2.0850166038144380e-10 -8.2377482613082975e-10
37 3.5644531250000000e-02 -6.3278093875851482e-10 -2.1418600226752460e-10 -8.4696694102603942e-10
38 3.6621093750000000e-02 -6.4983396441675723e-10 -2.2009771782904863e-10 -8.6993168224580586e-10
39 3.7597656250000000e-02 -6.6734173742588609e-10 -2.2600943339057267e-10 -8.9335117081645876e-10
40 3.8574218750000000e-02 -6.8416738940868527e-10 -2.3192114895209670e-10 -9.1608853836078197e-10
41 3.9550781250000000e-02 -7.0144778874237090e-10 -2.3783286451362073e-10 -9.3928065325599164e-10
42 4.0527343750000000e-02 -7.1850081440061331e-10 -2.4351720639970154e-10 -9.6201802080031484e-10
43 4.1503906250000000e-02 -7.3623596108518541e-10 -2.4942892196122557e-10 -9.8566488304641098e-10
44 4.2480468750000000e-02 -7.5283423939254135e-10 -2.5488589017186314e-10 -1.0077201295644045e-09
45 4.3457031250000000e-02 -7.7056938607711345e-10 -2.6102497940883040e-10 -1.0315943654859439e-09
46 4.4433593750000000e-02 -7.8694029070902616e-10 -2.6625457394402474e-10 -1.0531948646530509e-09
47 4.5410156250000000e-02 -8.0444806371815503e-10 -2.7239366318099201e-10 -1.0768417268991470e-09
48 4.6386718750000000e-02 -8.2195583672728390e-10 -2.7830537874251604e-10 -1.1002612154697999e-09
49 4.7363281250000000e-02 -8.3878148871008307e-10 -2.8398972062859684e-10 -1.1227712093386799e-09
50 4.8339843750000000e-02 -8.5583451436832547e-10 -2.8990143619012088e-10 -1.1457359505584463e-09
51 4.9316406250000000e-02 -8.7334228737745434e-10 -2.9604052542708814e-10 -1.1693828128045425e-09
52 5.0292968750000000e-02 -8.9039531303569674e-10 -3.0127011996228248e-10 -1.1916654329979792e-09
53 5.1269531250000000e-02 -9.0813045972026885e-10 -3.0763658287469298e-10 -1.2157670425949618e-09
54 5.2246093750000000e-02 -9.2495611170306802e-10 -3.1309355108533055e-10 -1.2380496627883986e-09
55 5.3222656250000000e-02 -9.4223651103675365e-10 -3.1923264032229781e-10 -1.2614691513590515e-09
56 5.4199218750000000e-02 -9.5906216301955283e-10 -3.2491698220837861e-10 -1.2839791452279314e-09
57 5.5175781250000000e-02 -9.7679730970412493e-10 -3.3105607144534588e-10 -1.3078533811494708e-09
58 5.6152343750000000e-02 -9.9316821433603764e-10 -3.3674041333142668e-10 -1.3299086276674643e-09
59 5.7128906250000000e-02 -1.0106759873451665e-09 -3.4242475521750748e-10 -1.3531007425626740e-09
60 5.8105468750000000e-02 -1.0272742656525224e-09 -3.4810909710358828e-10 -1.3753833627561107e-09
61 5.9082031250000000e-02 -1.0445546649862081e-09 -3.5402081266511232e-10 -1.3985754776513204e-09
62 6.0058593750000000e-02 -1.0611529432935640e-09 -3.5925040720030665e-10 -1.4204033504938707e-09
63 6.1035156250000000e-02 -1.0786607163026929e-09 -3.6561687011271715e-10 -1.4442775864154100e-09
64 6.2011718750000000e-02 -1.0954863682854921e-09 -3.7107383832335472e-10 -1.4665602066088468e-09
65 6.2988281250000000e-02 -1.1125393939437345e-09 -3.7675818020943552e-10 -1.4892975741531700e-09
66 6.3964843750000000e-02 -1.1298197932774201e-09 -3.8266989577095956e-10 -1.5124896890483797e-09
67 6.4941406250000000e-02 -1.1468728189356625e-09 -3.8858161133248359e-10 -1.5354544302681461e-09
68 6.5917968750000000e-02 -1.1641532182693481e-09 -3.9426595321856439e-10 -1.5584191714879125e-09
69 6.6894531250000000e-02 -1.1809788702521473e-09 -4.0063241613097489e-10 -1.5816112863831222e-09
70 6.7871093750000000e-02 -1.1973497748840600e-09 -4.0517988963983953e-10 -1.6025296645238996e-09
71 6.8847656250000000e-02 -1.2150849215686321e-09 -4.1154635255225003e-10 -1.6266312741208822e-09
72 6.9824218750000000e-02 -1.2314558262005448e-09 -4.1745806811377406e-10 -1.6489138943143189e-09
73 7.0800781250000000e-02 -1.2482814781833440e-09 -4.2291503632441163e-10 -1.6711965145077556e-09
74 7.1777343750000000e-02 -1.2655618775170296e-09 -4.2882675188593566e-10 -1.6943886294029653e-09
75 7.2753906250000000e-02 -1.2823875294998288e-09 -4.3473846744745970e-10 -1.7171259969472885e-09
76 7.3730468750000000e-02 -1.2987584341317415e-09 -4.3974068830721080e-10 -1.7384991224389523e-09
77 7.4707031250000000e-02 -1.3160388334654272e-09 -4.4565240386873484e-10 -1.7616912373341620e-09
78 7.5683593750000000e-02 -1.3328644854482263e-09 -4.5156411943025887e-10 -1.7844286048784852e-09
79 7.6660156250000000e-02 -1.3501448847819120e-09 -4.5747583499178290e-10 -1.8076207197736949e-09
80 7.7636718750000000e-02 -1.3669705367647111e-09 -4.6293280320242047e-10 -1.8299033399671316e-09
81 7.8613281250000000e-02 -1.3828866940457374e-09 -4.6838977141305804e-10 -1.8512764654587954e-09
82 7.9589843750000000e-02 -1.4001670933794230e-09 -4.7430148697458208e-10 -1.8744685803540051e-09
83 8.0566406250000000e-02 -1.4160832506604493e-09 -4.7884896048344672e-10 -1.8949322111438960e-09
84 8.1542968750000000e-02 -1.4342731446959078e-09 -4.8657966544851661e-10 -1.9208528101444244e-09
85 8.2519531250000000e-02 -1.4501893019769341e-09 -4.9021764425560832e-10 -1.9404069462325424e-09
86 8.3496093750000000e-02 -1.4674697013106197e-09 -4.9658410716801882e-10 -1.9640538084786385e-09
87 8.4472656250000000e-02 -1.4842953532934189e-09 -5.0249582272954285e-10 -1.9867911760229617e-09
88 8.5449218750000000e-02 -1.5006662579253316e-09 -5.0840753829106688e-10 -2.0090737962163985e-09
89 8.6425781250000000e-02 -1.5174919099081308e-09 -5.1340975915081799e-10 -2.0309016690589488e-09
90 8.7402343750000000e-02 -1.5352270565927029e-09 -5.2023096941411495e-10 -2.0554580260068178e-09
91 8.8378906250000000e-02 -1.5506884665228426e-09 -5.2477844292297959e-10 -2.0754669094458222e-09
92 8.9355468750000000e-02 -1.5679688658565283e-09 -5.3114490583539009e-10 -2.0991137716919184e-09
93 9.0332031250000000e-02 -1.5843397704884410e-09 -5.3660187404602766e-10 -2.1209416445344687e-09
94 9.1308593750000000e-02 -1.6007106751203537e-09 -5.4160409490577877e-10 -2.1423147700261325e-09
95 9.2285156250000000e-02 -1.6184458218049258e-09 -5.4842530516907573e-10 -2.1668711269740015e-09
96 9.3261718750000000e-02 -1.6348167264368385e-09 -5.5388227337971330e-10 -2.1886989998165518e-09
97 9.4238281250000000e-02 -1.6520971257705241e-09 -5.6024873629212379e-10 -2.2123458620626479e-09
98 9.5214843750000000e-02 -1.6675585357006639e-09 -5.6525095715187490e-10 -2.2328094928525388e-09
99 9.6191406250000000e-02 -1.6843841876834631e-09 -5.7025317801162601e-10 -2.2546373656950891e-09
100 9.7167968750000000e-02 -1.7007550923153758e-09 -5.7616489357315004e-10 -2.2769199858885258e-09
101 9.8144531250000000e-02 -1.7175807442981750e-09 -5.8162186178378761e-10 -2.2992026060819626e-09
102 9.9121093750000000e-02 -1.7344063962809741e-09 -5.8753357734531164e-10 -2.3219399736262858e-09
103 1.0009765625000000e-01 -1.7503225535620004e-09 -5.9299054555594921e-10 -2.3433130991179496e-09
104 1.0107421875000000e-01 -1.7666934581939131e-09 -5.9844751376658678e-10 -2.3651409719604999e-09
105 1.0205078125000000e-01 -1.7835191101767123e-09 -6.0390448197722435e-10 -2.3874235921539366e-09
106 1.0302734375000000e-01 -1.7998900148086250e-09 -6.0981619753874838e-10 -2.4097062123473734e-09
107 1.0400390625000000e-01 -1.8162609194405377e-09 -6.1527316574938595e-10 -2.4315340851899236e-09
108 1.0498046875000000e-01 -1.8335413187742233e-09 -6.2118488131090999e-10 -2.4547262000851333e-09
109 1.0595703125000000e-01 -1.8494574760552496e-09 -6.2664184952154756e-10 -2.4760993255767971e-09
110 1.0693359375000000e-01 -1.8653736333362758e-09 -6.3209881773218513e-10 -2.4974724510684609e-09
111 1.0791015625000000e-01 -1.8821992853190750e-09 -6.3801053329370916e-10 -2.5202098186127841e-09
112 1.0888671875000000e-01 -1.8985701899509877e-09 -6.4301275415346026e-10 -2.5415829441044480e-09
113 1.0986328125000000e-01 -1.9144863472320139e-09 -6.4801497501321137e-10 -2.5625013222452253e-09
114 1.1083984375000000e-01 -1.9317667465656996e-09 -6.5438143792562187e-10 -2.5861481844913214e-09
115 1.1181640625000000e-01 -1.9467734091449529e-09 -6.5892891143448651e-10 -2.6057023205794394e-09
116 1.1279296875000000e-01 -1.9631443137768656e-09 -6.6529537434689701e-10 -2.6284396881237626e-09
117 1.1376953125000000e-01 -1.9795152184087783e-09 -6.7075234255753458e-10 -2.6502675609663129e-09
118 1.1474609375000000e-01 -1.9949766283389181e-09 -6.7575456341728568e-10 -2.6707311917562038e-09
119 1.1572265625000000e-01 -2.0122570276726037e-09 -6.8166627897880971e-10 -2.6939233066514134e-09
120 1.1669921875000000e-01 -2.0290826796554029e-09 -6.8712324718944728e-10 -2.7162059268448502e-09
121 1.1767578125000000e-01 -2.0445440895855427e-09 -6.9212546804919839e-10 -2.7366695576347411e-09
122 1.1865234375000000e-01 -2.0609149942174554e-09 -6.9803718361072242e-10 -2.7589521778281778e-09
123 1.1962890625000000e-01 -2.0777406462002546e-09 -7.0394889917224646e-10 -2.7816895453725010e-09
124 1.2060546875000000e-01 -2.0936568034812808e-09 -7.0940586738288403e-10 -2.8030626708641648e-09
125 1.2158203125000000e-01 -2.1104824554640800e-09 -7.1486283559352160e-10 -2.8253452910576016e-09
126 1.2255859375000000e-01 -2.1259438653942198e-09 -7.1986505645327270e-10 -2.8458089218474925e-09
127 1.2353515625000000e-01 -2.1414052753243595e-09 -7.2486727731302381e-10 -2.8662725526373833e-09
128 1.2451171875000000e-01 -2.1573214326053858e-09 -7.3123374022543430e-10 -2.8885551728308201e-09
129 1.2548828125000000e-01 -2.1732375898864120e-09 -7.3669070843607187e-10 -2.9099282983224839e-09
130 1.2646484375000000e-01 -2.1900632418692112e-09 -7.4214767664670944e-10 -2.9322109185159206e-09
131 1.2744140625000000e-01 -2.2055246517993510e-09 -7.4760464485734701e-10 -2.9531292966566980e-09
132 1.2841796875000000e-01 -2.2228050511330366e-09 -7.5351636041887105e-10 -2.9763214115519077e-09
133 1.2939453125000000e-01 -2.2373569663614035e-09 -7.5806383392773569e-10 -2.9954208002891392e-09
134 1.3037109375000000e-01 -2.2541826183442026e-09 -7.6397554948925972e-10 -3.0181581678334624e-09
135 1.3134765625000000e-01 -2.2687345335725695e-09 -7.6897777034901083e-10 -3.0377123039215803e-09
136 1.3232421875000000e-01 -2.2860149329062551e-09 -7.7443473855964839e-10 -3.0604496714659035e-09
137 1.3330078125000000e-01 -2.3014763428363949e-09 -7.7898221206851304e-10 -3.0804585549049079e-09
138 1.3427734375000000e-01 -2.3169377527665347e-09 -7.8443918027915061e-10 -3.1013769330456853e-09
139 1.3525390625000000e-01 -2.3333086573984474e-09 -7.8989614848978817e-10 -3.1232048058882356e-09
140 1.3623046875000000e-01 -2.3492248146794736e-09 -7.9580786405131221e-10 -3.1450326787307858e-09
141 1.3720703125000000e-01 -2.3637767299078405e-09 -8.0035533756017685e-10 -3.1641320674680173e-09
142 1.3818359375000000e-01 -2.3810571292415261e-09 -8.0672180047258735e-10 -3.1877789297141135e-09
143 1.3916015625000000e-01 -2.3965185391716659e-09 -8.1126927398145199e-10 -3.2077878131531179e-09
144 1.4013671875000000e-01 -2.4128894438035786e-09 -8.1763573689386249e-10 -3.2305251806974411e-09
145 1.4111328125000000e-01 -2.4274413590319455e-09 -8.2127371570095420e-10 -3.2487150747328997e-09
146 1.4208984375000000e-01 -2.4438122636638582e-09 -8.2764017861336470e-10 -3.2714524422772229e-09
147 1.4306640625000000e-01 -2.4574546841904521e-09 -8.3127815742045641e-10 -3.2887328416109085e-09
148 1.4404296875000000e-01 -2.4756445782259107e-09 -8.3946360973641276e-10 -3.3151081879623234e-09
149 1.4501953125000000e-01 -2.4892869987525046e-09 -8.4219209384173155e-10 -3.3314790925942361e-09
150 1.4599609375000000e-01 -2.5074768927879632e-09 -8.4946805145591497e-10 -3.3569449442438781e-09
151 1.4697265625000000e-01 -2.5211193133145571e-09 -8.5310603026300669e-10 -3.3742253435775638e-09
152 1.4794921875000000e-01 -2.5374902179464698e-09 -8.5947249317541718e-10 -3.3969627111218870e-09
153 1.4892578125000000e-01 -2.5520421331748366e-09 -8.6492946138605475e-10 -3.4169715945608914e-09
154 1.4990234375000000e-01 -2.5684130378067493e-09 -8.7038642959669232e-10 -3.4387994674034417e-09
155 1.5087890625000000e-01 -2.5847839424386621e-09 -8.7584339780732989e-10 -3.4606273402459919e-09
156 1.5185546875000000e-01 -2.5984263629652560e-09 -8.8039087131619453e-10 -3.4788172342814505e-09
157 1.5283203125000000e-01 -2.6147972675971687e-09 -8.8493834482505918e-10 -3.4997356124222279e-09
158 1.5380859375000000e-01 -2.6302586775273085e-09 -8.9221430243924260e-10 -3.5224729799665511e-09
159 1.5478515625000000e-01 -2.6439010980539024e-09 -8.9585228124633431e-10 -3.5397533793002367e-09
160 1.5576171875000000e-01 -2.6602720026858151e-09 -9.0130924945697188e-10 -3.5615812521427870e-09
161 1.5673828125000000e-01 -2.6748239179141819e-09 -9.0585672296583652e-10 -3.5806806408800185e-09
162 1.5771484375000000e-01 -2.6902853278443217e-09 -9.1131369117647409e-10 -3.6015990190207958e-09
163 1.5869140625000000e-01 -2.7066562324762344e-09 -9.1768015408888459e-10 -3.6243363865651190e-09
164 1.5966796875000000e-01 -2.7221176424063742e-09 -9.2131813289597631e-10 -3.6434357753023505e-09
165 1.6064453125000000e-01 -2.7375790523365140e-09 -9.2768459580838680e-10 -3.6652636481449008e-09
166 1.6162109375000000e-01 -2.7512214728631079e-09 -9.3223206931725144e-10 -3.6834535421803594e-09
167 1.6259765625000000e-01 -2.7675923774950206e-09 -9.3768903752788901e-10 -3.7052814150229096e-09
168 1.6357421875000000e-01 -2.7821442927233875e-09 -9.4223651103675365e-10 -3.7243808037601411e-09
169 1.6455078125000000e-01 -2.7966962079517543e-09 -9.4769347924739122e-10 -3.7443896871991456e-09
170 1.6552734375000000e-01 -2.8112481231801212e-09 -9.5133145805448294e-10 -3.7625795812346041e-09
171 1.6650390625000000e-01 -2.8267095331102610e-09 -9.5769792096689343e-10 -3.7844074540771544e-09
172 1.6748046875000000e-01 -2.8412614483386278e-09 -9.6224539447575808e-10 -3.8035068428143859e-09
173 1.6845703125000000e-01 -2.8567228582687676e-09 -9.6861185738816857e-10 -3.8253347156569362e-09
174 1.6943359375000000e-01 -2.8712747734971344e-09 -9.7224983619526029e-10 -3.8435246096923947e-09
175 1.7041015625000000e-01 -2.8867361834272742e-09 -9.7770680440589786e-10 -3.8644429878331721e-09
176 1.7138671875000000e-01 -2.9021975933574140e-09 -9.8316377261653543e-10 -3.8853613659739494e-09
177 1.7236328125000000e-01 -2.9167495085857809e-09 -9.8771124612540007e-10 -3.9044607547111809e-09
178 1.7333984375000000e-01 -2.9313014238141477e-09 -9.9407770903781056e-10 -3.9253791328519583e-09
179 1.7431640625000000e-01 -2.9467628337442875e-09 -9.9771568784490228e-10 -3.9444785215891898e-09
180 1.7529296875000000e-01 -2.9604052542708814e-09 -1.0031726560555398e-09 -3.9635779103264213e-09
181 1.7626953125000000e-01 -2.9767761589027941e-09 -1.0077201295644045e-09 -3.9844962884671986e-09
182 1.7724609375000000e-01 -2.9922375688329339e-09 -1.0131770977750421e-09 -4.0054146666079760e-09
183 1.7822265625000000e-01 -3.0058799893595278e-09 -1.0177245712839067e-09 -4.0236045606434345e-09
184 1.7919921875000000e-01 -3.0195224098861217e-09 -1.0222720447927713e-09 -4.0417944546788931e-09
185 1.8017578125000000e-01 -3.0349838198162615e-09 -1.0286385077051818e-09 -4.0636223275214434e-09
186 1.8115234375000000e-01 -3.0504452297464013e-09 -1.0331859812140465e-09 -4.0836312109604478e-09
187 1.8212890625000000e-01 -3.0649971449747682e-09 -1.0386429494246840e-09 -4.1036400943994522e-09
188 1.8310546875000000e-01 -3.0786395655013621e-09 -1.0431904229335487e-09 -4.1218299884349108e-09
189 1.8408203125000000e-01 -3.0931914807297289e-09 -1.0468284017406404e-09 -4.1400198824703693e-09
190 1.8505859375000000e-01 -3.1077433959580958e-09 -1.0541043593548238e-09 -4.1618477553129196e-09
191 1.8603515625000000e-01 -3.1241143005900085e-09 -1.0577423381619155e-09 -4.1818566387519240e-09
192 1.8701171875000000e-01 -3.1377567211166024e-09 -1.0641088010743260e-09 -4.2018655221909285e-09
193 1.8798828125000000e-01 -3.1513991416431963e-09 -1.0677467798814178e-09 -4.2191459215246141e-09
194 1.8896484375000000e-01 -3.1659510568715632e-09 -1.0722942533902824e-09 -4.2382453102618456e-09
195 1.8994140625000000e-01 -3.1795934773981571e-09 -1.0777512216009200e-09 -4.2573446989990771e-09
196 1.9091796875000000e-01 -3.1950548873282969e-09 -1.0822986951097846e-09 -4.2773535824380815e-09
197 1.9189453125000000e-01 -3.2086973078548908e-09 -1.0868461686186492e-09 -4.2955434764735401e-09
198 1.9287109375000000e-01 -3.2241587177850306e-09 -1.0913936421275139e-09 -4.3155523599125445e-09
199 1.9384765625000000e-01 -3.2368916436098516e-09 -1.0968506103381515e-09 -4.3337422539480031e-09
200 1.9482421875000000e-01 -3.2514435588382185e-09 -1.1013980838470161e-09 -4.3528416426852345e-09
201 1.9580078125000000e-01 -3.2669049687683582e-09 -1.1068550520576537e-09 -4.3737600208260119e-09
202 1.9677734375000000e-01 -3.2805473892949522e-09 -1.1123120202682912e-09 -4.3928594095632434e-09
203 1.9775390625000000e-01 -3.2941898098215461e-09 -1.1159499990753829e-09 -4.4101398088969290e-09
204 1.9873046875000000e-01 -3.3087417250499129e-09 -1.1204974725842476e-09 -4.4292391976341605e-09
205 1.9970703125000000e-01 -3.3232936402782798e-09 -1.1259544407948852e-09 -4.4492480810731649e-09
206 2.0068359375000000e-01 -3.3369360608048737e-09 -1.1305019143037498e-09 -4.4674379751086235e-09
207 2.0166015625000000e-01 -3.3505784813314676e-09 -1.1341398931108415e-09 -4.4847183744423091e-09
208 2.0263671875000000e-01 -3.3642209018580616e-09 -1.1395968613214791e-09 -4.5038177631795406e-09
209 2.0361328125000000e-01 -3.3796823117882013e-09 -1.1441443348303437e-09 -4.5238266466185451e-09
210 2.0458984375000000e-01 -3.3924152376130223e-09 -1.1496013030409813e-09 -4.5420165406540036e-09
211 2.0556640625000000e-01 -3.4060576581396163e-09 -1.1541487765498459e-09 -4.5602064346894622e-09
212 2.0654296875000000e-01 -3.4206095733679831e-09 -1.1577867553569376e-09 -4.5783963287249207e-09
213 2.0751953125000000e-01 -3.4342519938945770e-09 -1.1641532182693481e-09 -4.5984052121639252e-09
214 2.0849609375000000e-01 -3.4497134038247168e-09 -1.1687006917782128e-09 -4.6184140956029296e-09
215 2.0947265625000000e-01 -3.4606273402459919e-09 -1.1732481652870774e-09 -4.6338755055330694e-09
216 2.1044921875000000e-01 -3.4769982448779047e-09 -1.1777956387959421e-09 -4.6547938836738467e-09
217 2.1142578125000000e-01 -3.4879121812991798e-09 -1.1805241229012609e-09 -4.6684363042004406e-09
218 2.1240234375000000e-01 -3.5015546018257737e-09 -1.1859810911118984e-09 -4.6875356929376721e-09
219 2.1337890625000000e-01 -3.5161065170541406e-09 -1.1923475540243089e-09 -4.7084540710784495e-09
220 2.1435546875000000e-01 -3.5288394428789616e-09 -1.1959855328314006e-09 -4.7248249757103622e-09
221 2.1533203125000000e-01 -3.5424818634055555e-09 -1.1996235116384923e-09 -4.7421053750440478e-09
222 2.1630859375000000e-01 -3.5552147892303765e-09 -1.2041709851473570e-09 -4.7593857743777335e-09
223 2.1728515625000000e-01 -3.5706761991605163e-09 -1.2096279533579946e-09 -4.7803041525185108e-09
224 2.1826171875000000e-01 -3.5843186196871102e-09 -1.2150849215686321e-09 -4.7994035412557423e-09
225 2.1923828125000000e-01 -3.5979610402137041e-09 -1.2196323950774968e-09 -4.8175934352912009e-09
226 2.2021484375000000e-01 -3.6116034607402980e-09 -1.2241798685863614e-09 -4.8357833293266594e-09
227 2.2119140625000000e-01 -3.6234268918633461e-09 -1.2278178473934531e-09 -4.8512447392567992e-09
228 2.2216796875000000e-01 -3.6370693123899400e-09 -1.2323653209023178e-09 -4.8694346332922578e-09
229 2.2314453125000000e-01 -3.6507117329165339e-09 -1.2360032997094095e-09 -4.8867150326259434e-09
230 2.2412109375000000e-01 -3.6634446587413549e-09 -1.2423697626218200e-09 -4.9058144213631749e-09
231 2.2509765625000000e-01 -3.6779965739697218e-09 -1.2469172361306846e-09 -4.9249138101004064e-09
232 2.2607421875000000e-01 -3.6907294997945428e-09 -1.2496457202360034e-09 -4.9403752200305462e-09
233 2.2705078125000000e-01 -3.7034624256193638e-09 -1.2541931937448680e-09 -4.9576556193642318e-09
234 2.2802734375000000e-01 -3.7171048461459577e-09 -1.2596501619555056e-09 -4.9767550081014633e-09
235 2.2900390625000000e-01 -3.7289282772690058e-09 -1.2632881407625973e-09 -4.9922164180316031e-09
236 2.2998046875000000e-01 -3.7416612030938268e-09 -1.2678356142714620e-09 -5.0094968173652887e-09
237 2.3095703125000000e-01 -3.7553036236204207e-09 -1.2723830877803266e-09 -5.0276867114007473e-09
238 2.3193359375000000e-01 -3.7689460441470146e-09 -1.2778400559909642e-09 -5.0467861001379788e-09
239 2.3291015625000000e-01 -3.7816789699718356e-09 -1.2814780347980559e-09 -5.0631570047698915e-09
240 2.3388671875000000e-01 -3.7944118957966566e-09 -1.2860255083069205e-09 -5.0804374041035771e-09
241 2.3486328125000000e-01 -3.8053258322179317e-09 -1.2869350030086935e-09 -5.0922608352266252e-09
242 2.3583984375000000e-01 -3.8198777474462986e-09 -1.2933014659211040e-09 -5.1131792133674026e-09
243 2.3681640625000000e-01 -3.8317011785693467e-09 -1.2969394447281957e-09 -5.1286406232975423e-09
244 2.3779296875000000e-01 -3.8453435990959406e-09 -1.3033059076406062e-09 -5.1486495067365468e-09
245 2.3876953125000000e-01 -3.8580765249207616e-09 -1.3087628758512437e-09 -5.1668394007720053e-09
246 2.3974609375000000e-01 -3.8717189454473555e-09 -1.3124008546583354e-09 -5.1841198001056910e-09
247 2.4072265625000000e-01 -3.8835423765704036e-09 -1.3151293387636542e-09 -5.1986717153340578e-09
248 2.4169921875000000e-01 -3.8971847970969975e-09 -1.3205863069742918e-09 -5.2177711040712893e-09
249 2.4267578125000000e-01 -3.9080987335182726e-09 -1.3233147910796106e-09 -5.2314135245978832e-09
250 2.4365234375000000e-01 -3.9226506487466395e-09 -1.3296812539920211e-09 -5.2523319027386606e-09
251 2.4462890625000000e-01 -3.9326550904661417e-09 -1.3315002433955669e-09 -5.2641553338617086e-09
252 2.4560546875000000e-01 -3.9453880162909627e-09 -1.3351382222026587e-09 -5.2805262384936213e-09
253 2.4658203125000000e-01 -3.9572114474140108e-09 -1.3396856957115233e-09 -5.2968971431255341e-09
254 2.4755859375000000e-01 -3.9717633626423776e-09 -1.3460521586239338e-09 -5.3178155212663114e-09
255 2.4853515625000000e-01 -3.9835867937654257e-09 -1.3487806427292526e-09 -5.3323674364946783e-09
256 2.4951171875000000e-01 -3.9963197195902467e-09 -1.3542376109398901e-09 -5.3505573305301368e-09
257 2.5048828125000000e-01 -4.0072336560115218e-09 -1.3569660950452089e-09 -5.3641997510567307e-09
258 2.5146484375000000e-01 -4.0208760765381157e-09 -1.3615135685540736e-09 -5.3823896450921893e-09
259 2.5244140625000000e-01 -4.0317900129593909e-09 -1.3651515473611653e-09 -5.3969415603205562e-09
260 2.5341796875000000e-01 -4.0454324334859848e-09 -1.3706085155718029e-09 -5.4160409490577877e-09
261 2.5439453125000000e-01 -4.0563463699072599e-09 -1.3742464943788946e-09 -5.4305928642861545e-09
262 2.5537109375000000e-01 -4.0681698010303080e-09 -1.3769749784842134e-09 -5.4451447795145214e-09
263 2.5634765625000000e-01 -4.0818122215569019e-09 -1.3824319466948509e-09 -5.4642441682517529e-09
264 2.5732421875000000e-01 -4.0918166632764041e-09 -1.3851604308001697e-09 -5.4769770940765738e-09
265 2.5830078125000000e-01 -4.1063685785047710e-09 -1.3915268937125802e-09 -5.4978954722173512e-09
266 2.5927734375000000e-01 -4.1181920096278191e-09 -1.3951648725196719e-09 -5.5133568821474910e-09
267 2.6025390625000000e-01 -4.1281964513473213e-09 -1.3978933566249907e-09 -5.5260898079723120e-09
268 2.6123046875000000e-01 -4.1418388718739152e-09 -1.4024408301338553e-09 -5.5442797020077705e-09
269 2.6220703125000000e-01 -4.1509338188916445e-09 -1.4069883036427200e-09 -5.5579221225343645e-09
270 2.6318359375000000e-01 -4.1645762394182384e-09 -1.4097167877480388e-09 -5.5742930271662772e-09
271 2.6416015625000000e-01 -4.1763996705412865e-09 -1.4169927453622222e-09 -5.5933924159035087e-09
272 2.6513671875000000e-01 -4.1882231016643345e-09 -1.4188117347657681e-09 -5.6070348364301026e-09
273 2.6611328125000000e-01 -4.1991370380856097e-09 -1.4233592082746327e-09 -5.6224962463602424e-09
274 2.6708984375000000e-01 -4.2091414798051119e-09 -1.4260876923799515e-09 -5.6352291721850634e-09
275 2.6806640625000000e-01 -4.2236933950334787e-09 -1.4315446605905890e-09 -5.6552380556240678e-09
276 2.6904296875000000e-01 -4.2327883420512080e-09 -1.4333636499941349e-09 -5.6661519920453429e-09
277 2.7001953125000000e-01 -4.2464307625778019e-09 -1.4406396076083183e-09 -5.6870703701861203e-09
278 2.7099609375000000e-01 -4.2573446989990771e-09 -1.4433680917136371e-09 -5.7007127907127142e-09
279 2.7197265625000000e-01 -4.2700776248238981e-09 -1.4470060705207288e-09 -5.7170836953446269e-09
280 2.7294921875000000e-01 -4.2791725718416274e-09 -1.4497345546260476e-09 -5.7289071264676750e-09
281 2.7392578125000000e-01 -4.2919054976664484e-09 -1.4542820281349123e-09 -5.7461875258013606e-09
282 2.7490234375000000e-01 -4.3019099393859506e-09 -1.4570105122402310e-09 -5.7589204516261816e-09
283 2.7587890625000000e-01 -4.3155523599125445e-09 -1.4633769751526415e-09 -5.7789293350651860e-09
284 2.7685546875000000e-01 -4.3246473069302738e-09 -1.4642864698544145e-09 -5.7889337767846882e-09
285 2.7783203125000000e-01 -4.3373802327550948e-09 -1.4688339433632791e-09 -5.8062141761183739e-09
286 2.7880859375000000e-01 -4.3455656850710511e-09 -1.4715624274685979e-09 -5.8171281125396490e-09
287 2.7978515625000000e-01 -4.3555701267905533e-09 -1.4742909115739167e-09 -5.8298610383644700e-09
288 2.8076171875000000e-01 -4.3683030526153743e-09 -1.4806573744863272e-09 -5.8489604271017015e-09
289 2.8173828125000000e-01 -4.3792169890366495e-09 -1.4833858585916460e-09 -5.8626028476282954e-09
290 2.8271484375000000e-01 -4.3901309254579246e-09 -1.4870238373987377e-09 -5.8771547628566623e-09
291 2.8369140625000000e-01 -4.4019543565809727e-09 -1.4906618162058294e-09 -5.8926161727868021e-09
292 2.8466796875000000e-01 -4.4137777877040207e-09 -1.4952092897146940e-09 -5.9089870774187148e-09
293 2.8564453125000000e-01 -4.4228727347217500e-09 -1.4979377738200128e-09 -5.9208105085417628e-09
294 2.8662109375000000e-01 -4.4365151552483439e-09 -1.5033947420306504e-09 -5.9399098972789943e-09
295 2.8759765625000000e-01 -4.4447006075643003e-09 -1.5052137314341962e-09 -5.9499143389984965e-09
296 2.8857421875000000e-01 -4.4556145439855754e-09 -1.5097612049430609e-09 -5.9653757489286363e-09
297 2.8955078125000000e-01 -4.4674379751086235e-09 -1.5124896890483797e-09 -5.9799276641570032e-09
298 2.9052734375000000e-01 -4.4792614062316716e-09 -1.5170371625572443e-09 -5.9962985687889159e-09
299 2.9150390625000000e-01 -4.4874468585476279e-09 -1.5206751413643360e-09 -6.0081219999119639e-09
300 2.9248046875000000e-01 -4.4992702896706760e-09 -1.5243131201714277e-09 -6.0235834098421037e-09
301 2.9345703125000000e-01 -4.5110937207937241e-09 -1.5279510989785194e-09 -6.0390448197722435e-09
302 2.9443359375000000e-01 -4.5183696784079075e-09 -1.5315890777856112e-09 -6.0499587561935186e-09
303 2.9541015625000000e-01 -4.5311026042327285e-09 -1.5361365512944758e-09 -6.0672391555272043e-09
304 2.9638671875000000e-01 -4.5411070459522307e-09 -1.5379555406980217e-09 -6.0790625866502523e-09
305 2.9736328125000000e-01 -4.5511114876717329e-09 -1.5434125089086592e-09 -6.0945239965803921e-09
306 2.9833984375000000e-01 -4.5602064346894622e-09 -1.5434125089086592e-09 -6.1036189435981214e-09
307 2.9931640625000000e-01 -4.5738488552160561e-09 -1.5506884665228426e-09 -6.1245373217388988e-09
308 3.0029296875000000e-01 -4.5820343075320125e-09 -1.5525074559263885e-09 -6.1345417634584010e-09
309 3.0126953125000000e-01 -4.5911292545497417e-09 -1.5552359400317073e-09 -6.1463651945814490e-09
310 3.0224609375000000e-01 -4.6011336962692440e-09 -1.5579644241370261e-09 -6.1590981204062700e-09
311 3.0322265625000000e-01 -4.6120476326905191e-09 -1.5625118976458907e-09 -6.1745595303364098e-09
312 3.0419921875000000e-01 -4.6211425797082484e-09 -1.5652403817512095e-09 -6.1863829614594579e-09
313 3.0517578125000000e-01 -4.6329660108312964e-09 -1.5706973499618471e-09 -6.2036633607931435e-09
314 3.0615234375000000e-01 -4.6420609578490257e-09 -1.5706973499618471e-09 -6.2127583078108728e-09
315 3.0712890625000000e-01 -4.6520653995685279e-09 -1.5770638128742576e-09 -6.2291292124427855e-09
316 3.0810546875000000e-01 -4.6611603465862572e-09 -1.5797922969795763e-09 -6.2409526435658336e-09
317 3.0908203125000000e-01 -4.6711647883057594e-09 -1.5825207810848951e-09 -6.2536855693906546e-09
318 3.1005859375000000e-01 -4.6820787247270346e-09 -1.5861587598919868e-09 -6.2682374846190214e-09
319 3.1103515625000000e-01 -4.6911736717447639e-09 -1.5897967386990786e-09 -6.2809704104438424e-09
320 3.1201171875000000e-01 -4.6984496293589473e-09 -1.5916157281026244e-09 -6.2900653574615717e-09
321 3.1298828125000000e-01 -4.7093635657802224e-09 -1.5934347175061703e-09 -6.3027982832863927e-09
322 3.1396484375000000e-01 -4.7184585127979517e-09 -1.5988916857168078e-09 -6.3173501985147595e-09
323 3.1494140625000000e-01 -4.7311914386227727e-09 -1.6025296645238996e-09 -6.3337211031466722e-09
324 3.1591796875000000e-01 -4.7366484068334103e-09 -1.6043486539274454e-09 -6.3409970607608557e-09
325 3.1689453125000000e-01 -4.7493813326582313e-09 -1.6079866327345371e-09 -6.3573679653927684e-09
326 3.1787109375000000e-01 -4.7602952690795064e-09 -1.6134436009451747e-09 -6.3737388700246811e-09
327 3.1884765625000000e-01 -4.7693902160972357e-09 -1.6152625903487206e-09 -6.3846528064459562e-09
328 3.1982421875000000e-01 -4.7766661737114191e-09 -1.6189005691558123e-09 -6.3955667428672314e-09
329 3.2080078125000000e-01 -4.7875801101326942e-09 -1.6225385479629040e-09 -6.4101186580955982e-09
330 3.2177734375000000e-01 -4.7948560677468777e-09 -1.6225385479629040e-09 -6.4173946157097816e-09
331 3.2275390625000000e-01 -4.8039510147646070e-09 -1.6279955161735415e-09 -6.4319465309381485e-09
332 3.2373046875000000e-01 -4.8130459617823362e-09 -1.6298145055770874e-09 -6.4428604673594236e-09
333 3.2470703125000000e-01 -4.8221409088000655e-09 -1.6352714737877250e-09 -6.4574123825877905e-09
334 3.2568359375000000e-01 -4.8330548452213407e-09 -1.6370904631912708e-09 -6.4701453084126115e-09
335 3.2666015625000000e-01 -4.8403308028355241e-09 -1.6407284419983625e-09 -6.4810592448338866e-09
336 3.2763671875000000e-01 -4.8530637286603451e-09 -1.6443664208054543e-09 -6.4974301494657993e-09
337 3.2861328125000000e-01 -4.8585206968709826e-09 -1.6480043996125460e-09 -6.5065250964835286e-09
338 3.2958984375000000e-01 -4.8694346332922578e-09 -1.6516423784196377e-09 -6.5210770117118955e-09
339 3.3056640625000000e-01 -4.8767105909064412e-09 -1.6534613678231835e-09 -6.5301719587296247e-09
340 3.3154296875000000e-01 -4.8858055379241705e-09 -1.6570993466302752e-09 -6.5429048845544457e-09
341 3.3251953125000000e-01 -4.8930814955383539e-09 -1.6589183360338211e-09 -6.5519998315721750e-09
342 3.3349609375000000e-01 -4.9039954319596291e-09 -1.6625563148409128e-09 -6.5665517468005419e-09
343 3.3447265625000000e-01 -4.9094524001702666e-09 -1.6625563148409128e-09 -6.5720087150111794e-09
344 3.3544921875000000e-01 -4.9221853259950876e-09 -1.6680132830515504e-09 -6.5901986090466380e-09
345 3.3642578125000000e-01 -4.9294612836092710e-09 -1.6716512618586421e-09 -6.6011125454679132e-09
346 3.3740234375000000e-01 -4.9367372412234545e-09 -1.6716512618586421e-09 -6.6083885030820966e-09
347 3.3837890625000000e-01 -4.9458321882411838e-09 -1.6752892406657338e-09 -6.6211214289069176e-09
348 3.3935546875000000e-01 -4.9549271352589130e-09 -1.6807462088763714e-09 -6.6356733441352844e-09
349 3.4033203125000000e-01 -4.9603841034695506e-09 -1.6807462088763714e-09 -6.6411303123459220e-09
350 3.4130859375000000e-01 -4.9712980398908257e-09 -1.6825651982799172e-09 -6.6538632381707430e-09
351 3.4228515625000000e-01 -4.9767550081014633e-09 -1.6843841876834631e-09 -6.6611391957849264e-09
352 3.4326171875000000e-01 -4.9876689445227385e-09 -1.6916601452976465e-09 -6.6793290898203850e-09
353 3.4423828125000000e-01 -4.9967638915404677e-09 -1.6916601452976465e-09 -6.6884240368381143e-09
354 3.4521484375000000e-01 -5.0040398491546512e-09 -1.6934791347011924e-09 -6.6975189838558435e-09
355 3.4619140625000000e-01 -5.0113158067688346e-09 -1.6989361029118299e-09 -6.7102519096806645e-09
356 3.4716796875000000e-01 -5.0204107537865639e-09 -1.6989361029118299e-09 -6.7193468566983938e-09
357 3.4814453125000000e-01 -5.0295057008042932e-09 -1.7025740817189217e-09 -6.7320797825232148e-09
358 3.4912109375000000e-01 -5.0331436796113849e-09 -1.7043930711224675e-09 -6.7375367507338524e-09
359 3.5009765625000000e-01 -5.0422386266291142e-09 -1.7080310499295592e-09 -6.7502696765586734e-09
360 3.5107421875000000e-01 -5.0495145842432976e-09 -1.7098500393331051e-09 -6.7593646235764027e-09
361 3.5205078125000000e-01 -5.0604285206645727e-09 -1.7153070075437427e-09 -6.7757355282083154e-09
362 3.5302734375000000e-01 -5.0658854888752103e-09 -1.7171259969472885e-09 -6.7830114858224988e-09
363 3.5400390625000000e-01 -5.0749804358929396e-09 -1.7189449863508344e-09 -6.7939254222437739e-09
364 3.5498046875000000e-01 -5.0822563935071230e-09 -1.7225829651579261e-09 -6.8048393586650491e-09
365 3.5595703125000000e-01 -5.0913513405248523e-09 -1.7244019545614719e-09 -6.8157532950863242e-09
366 3.5693359375000000e-01 -5.0968083087354898e-09 -1.7262209439650178e-09 -6.8230292527005076e-09
367 3.5791015625000000e-01 -5.1040842663496733e-09 -1.7280399333685637e-09 -6.8321241997182369e-09
368 3.5888671875000000e-01 -5.1131792133674026e-09 -1.7334969015792012e-09 -6.8466761149466038e-09
369 3.5986328125000000e-01 -5.1204551709815860e-09 -1.7353158909827471e-09 -6.8557710619643331e-09
370 3.6083984375000000e-01 -5.1277311285957694e-09 -1.7371348803862929e-09 -6.8648660089820623e-09
371 3.6181640625000000e-01 -5.1331880968064070e-09 -1.7389538697898388e-09 -6.8721419665962458e-09
372 3.6279296875000000e-01 -5.1404640544205904e-09 -1.7425918485969305e-09 -6.8830559030175209e-09
373 3.6376953125000000e-01 -5.1477400120347738e-09 -1.7462298274040222e-09 -6.8939698394387960e-09
374 3.6474609375000000e-01 -5.1550159696489573e-09 -1.7462298274040222e-09 -6.9012457970529795e-09
375 3.6572265625000000e-01 -5.1641109166666865e-09 -1.7498678062111139e-09 -6.9139787228778005e-09
376 3.6669921875000000e-01 -5.1695678848773241e-09 -1.7498678062111139e-09 -6.9194356910884380e-09
377 3.6767578125000000e-01 -5.1786628318950534e-09 -1.7553247744217515e-09 -6.9339876063168049e-09
378 3.6865234375000000e-01 -5.1841198001056910e-09 -1.7553247744217515e-09 -6.9394445745274425e-09
379 3.6962890625000000e-01 -5.1895767683163285e-09 -1.7553247744217515e-09 -6.9449015427380800e-09
380 3.7060546875000000e-01 -5.2004907047376037e-09 -1.7626007320359349e-09 -6.9630914367735386e-09
381 3.7158203125000000e-01 -5.2041286835446954e-09 -1.7607817426323891e-09 -6.9649104261770844e-09
382 3.7255859375000000e-01 -5.2132236305624247e-09 -1.7680577002465725e-09 -6.9812813308089972e-09
383 3.7353515625000000e-01 -5.2204995881766081e-09 -1.7698766896501184e-09 -6.9903762778267264e-09
384 3.7451171875000000e-01 -5.2259565563872457e-09 -1.7716956790536642e-09 -6.9976522354409099e-09
385 3.7548828125000000e-01 -5.2295945351943374e-09 -1.7716956790536642e-09 -7.0012902142480016e-09
386 3.7646484375000000e-01 -5.2405084716156125e-09 -1.7771526472643018e-09 -7.0176611188799143e-09
387 3.7744140625000000e-01 -5.2441464504227042e-09 -1.7753336578607559e-09 -7.0194801082834601e-09
388 3.7841796875000000e-01 -5.2532413974404335e-09 -1.7789716366678476e-09 -7.0322130341082811e-09
389 3.7939453125000000e-01 -5.2568793762475252e-09 -1.7807906260713935e-09 -7.0376700023189187e-09
390 3.8037109375000000e-01 -5.2623363444581628e-09 -1.7807906260713935e-09 -7.0431269705295563e-09
391 3.8134765625000000e-01 -5.2714312914758921e-09 -1.7862475942820311e-09 -7.0576788857579231e-09
392 3.8232421875000000e-01 -5.2805262384936213e-09 -1.7898855730891228e-09 -7.0704118115827441e-09
393 3.8330078125000000e-01 -5.2841642173007131e-09 -1.7917045624926686e-09 -7.0758687797933817e-09
394 3.8427734375000000e-01 -5.2896211855113506e-09 -1.7917045624926686e-09 -7.0813257480040193e-09
395 3.8525390625000000e-01 -5.2987161325290799e-09 -1.7953425412997603e-09 -7.0940586738288403e-09
396 3.8623046875000000e-01 -5.3023541113361716e-09 -1.7953425412997603e-09 -7.0976966526359320e-09
397 3.8720703125000000e-01 -5.3096300689503551e-09 -1.7989805201068521e-09 -7.1086105890572071e-09
398 3.8818359375000000e-01 -5.3132680477574468e-09 -1.7971615307033062e-09 -7.1104295784607530e-09
399 3.8916015625000000e-01 -5.3187250159680843e-09 -1.8007995095103979e-09 -7.1195245254784822e-09
400 3.9013671875000000e-01 -5.3260009735822678e-09 -1.8026184989139438e-09 -7.1286194724962115e-09
401 3.9111328125000000e-01 -5.3314579417929053e-09 -1.8062564777210355e-09 -7.1377144195139408e-09
402 3.9208984375000000e-01 -5.3387338994070888e-09 -1.8080754671245813e-09 -7.1468093665316701e-09
403 3.9306640625000000e-01 -5.3423718782141805e-09 -1.8098944565281272e-09 -7.1522663347423077e-09
404 3.9404296875000000e-01 -5.3496478358283639e-09 -1.8098944565281272e-09 -7.1595422923564911e-09
405 3.9501953125000000e-01 -5.3551048040390015e-09 -1.8153514247387648e-09 -7.1704562287777662e-09
406 3.9599609375000000e-01 -5.3587427828460932e-09 -1.8135324353352189e-09 -7.1722752181813121e-09
407 3.9697265625000000e-01 -5.3660187404602766e-09 -1.8189894035458565e-09 -7.1850081440061331e-09
408 3.9794921875000000e-01 -5.3696567192673683e-09 -1.8189894035458565e-09 -7.1886461228132248e-09
409 3.9892578125000000e-01 -5.3769326768815517e-09 -1.8226273823529482e-09 -7.1995600592344999e-09
410 3.9990234375000000e-01 -5.3787516662850976e-09 -1.8208083929494023e-09 -7.1995600592344999e-09
411 4.0087890625000000e-01 -5.3878466133028269e-09 -1.8244463717564940e-09 -7.2122929850593209e-09
412 4.0185546875000000e-01 -5.3896656027063727e-09 -1.8244463717564940e-09 -7.2141119744628668e-09
413 4.0283203125000000e-01 -5.3987605497241020e-09 -1.8280843505635858e-09 -7.2268449002876878e-09
414 4.0380859375000000e-01 -5.4042175179347396e-09 -1.8317223293706775e-09 -7.2359398473054171e-09
415 4.0478515625000000e-01 -5.4042175179347396e-09 -1.8299033399671316e-09 -7.2341208579018712e-09
416 4.0576171875000000e-01 -5.4151314543560147e-09 -1.8335413187742233e-09 -7.2486727731302381e-09
417 4.0673828125000000e-01 -5.4151314543560147e-09 -1.8353603081777692e-09 -7.2504917625337839e-09
418 4.0771484375000000e-01 -5.4242264013737440e-09 -1.8371792975813150e-09 -7.2614056989550591e-09
419 4.0869140625000000e-01 -5.4260453907772899e-09 -1.8389982869848609e-09 -7.2650436777621508e-09
420 4.0966796875000000e-01 -5.4333213483914733e-09 -1.8389982869848609e-09 -7.2723196353763342e-09
421 4.1064453125000000e-01 -5.4387783166021109e-09 -1.8444552551954985e-09 -7.2832335717976093e-09
422 4.1162109375000000e-01 -5.4442352848127484e-09 -1.8444552551954985e-09 -7.2886905400082469e-09
423 4.1259765625000000e-01 -5.4478732636198401e-09 -1.8462742445990443e-09 -7.2941475082188845e-09
424 4.1357421875000000e-01 -5.4551492212340236e-09 -1.8499122234061360e-09 -7.3050614446401596e-09
425 4.1455078125000000e-01 -5.4551492212340236e-09 -1.8480932340025902e-09 -7.3032424552366138e-09
426 4.1552734375000000e-01 -5.4624251788482070e-09 -1.8535502022132277e-09 -7.3159753810614347e-09
427 4.1650390625000000e-01 -5.4660631576552987e-09 -1.8517312128096819e-09 -7.3177943704649806e-09
428 4.1748046875000000e-01 -5.4678821470588446e-09 -1.8535502022132277e-09 -7.3214323492720723e-09
429 4.1845703125000000e-01 -5.4751581046730280e-09 -1.8571881810203195e-09 -7.3323462856933475e-09
430 4.1943359375000000e-01 -5.4806150728836656e-09 -1.8590071704238653e-09 -7.3396222433075309e-09
431 4.2041015625000000e-01 -5.4824340622872114e-09 -1.8571881810203195e-09 -7.3396222433075309e-09
432 4.2138671875000000e-01 -5.4878910304978490e-09 -1.8590071704238653e-09 -7.3468982009217143e-09
433 4.2236328125000000e-01 -5.4897100199013948e-09 -1.8571881810203195e-09 -7.3468982009217143e-09
434 4.2333984375000000e-01 -5.4969859775155783e-09 -1.8608261598274112e-09 -7.3578121373429894e-09
435 4.2431640625000000e-01 -5.4988049669191241e-09 -1.8626451492309570e-09 -7.3614501161500812e-09
436 4.2529296875000000e-01 -5.5024429457262158e-09 -1.8626451492309570e-09 -7.3650880949571729e-09
437 4.2626953125000000e-01 -5.5078999139368534e-09 -1.8681021174415946e-09 -7.3760020313784480e-09
438 4.2724609375000000e-01 -5.5115378927439451e-09 -1.8662831280380487e-09 -7.3778210207819939e-09
439 4.2822265625000000e-01 -5.5151758715510368e-09 -1.8681021174415946e-09 -7.3832779889926314e-09
440 4.2919921875000000e-01 -5.5206328397616744e-09 -1.8699211068451405e-09 -7.3905539466068149e-09
441 4.3017578125000000e-01 -5.5242708185687661e-09 -1.8699211068451405e-09 -7.3941919254139066e-09
442 4.3115234375000000e-01 -5.5279087973758578e-09 -1.8717400962486863e-09 -7.3996488936245441e-09
443 4.3212890625000000e-01 -5.5297277867794037e-09 -1.8717400962486863e-09 -7.4014678830280900e-09
444 4.3310546875000000e-01 -5.5351847549900413e-09 -1.8753780750557780e-09 -7.4105628300458193e-09
445 4.3408203125000000e-01 -5.5388227337971330e-09 -1.8753780750557780e-09 -7.4142008088529110e-09
446 4.3505859375000000e-01 -5.5460986914113164e-09 -1.8790160538628697e-09 -7.4251147452741861e-09
447 4.3603515625000000e-01 -5.5460986914113164e-09 -1.8808350432664156e-09 -7.4269337346777320e-09
448 4.3701171875000000e-01 -5.5515556596219540e-09 -1.8826540326699615e-09 -7.4342096922919154e-09
449 4.3798828125000000e-01 -5.5515556596219540e-09 -1.8808350432664156e-09 -7.4323907028883696e-09
450 4.3896484375000000e-01 -5.5570126278325915e-09 -1.8844730220735073e-09 -7.4414856499060988e-09
451 4.3994140625000000e-01 -5.5588316172361374e-09 -1.8826540326699615e-09 -7.4414856499060988e-09
452 4.4091796875000000e-01 -5.5606506066396832e-09 -1.8844730220735073e-09 -7.4451236287131906e-09
453 4.4189453125000000e-01 -5.5661075748503208e-09 -1.8862920114770532e-09 -7.4523995863273740e-09
454 4.4287109375000000e-01 -5.5679265642538667e-09 -1.8862920114770532e-09 -7.4542185757309198e-09
455 4.4384765625000000e-01 -5.5733835324645042e-09 -1.8899299902841449e-09 -7.4633135227486491e-09
456 4.4482421875000000e-01 -5.5752025218680501e-09 -1.8881110008805990e-09 -7.4633135227486491e-09
457 4.4580078125000000e-01 -5.5788405006751418e-09 -1.8899299902841449e-09 -7.4687704909592867e-09
458 4.4677734375000000e-01 -5.5806594900786877e-09 -1.8917489796876907e-09 -7.4724084697663784e-09
459 4.4775390625000000e-01 -5.5842974688857794e-09 -1.8917489796876907e-09 -7.4760464485734701e-09
460 4.4873046875000000e-01 -5.5842974688857794e-09 -1.8917489796876907e-09 -7.4760464485734701e-09
461 4.4970703125000000e-01 -5.5879354476928711e-09 -1.8917489796876907e-09 -7.4796844273805618e-09
462 4.5068359375000000e-01 -5.5915734264999628e-09 -1.8935679690912366e-09 -7.4851413955911994e-09
463 4.5166015625000000e-01 -5.5915734264999628e-09 -1.8935679690912366e-09 -7.4851413955911994e-09
464 4.5263671875000000e-01 -5.5970303947106004e-09 -1.8953869584947824e-09 -7.4924173532053828e-09
465 4.5361328125000000e-01 -5.6006683735176921e-09 -1.8990249373018742e-09 -7.4996933108195662e-09
466 4.5458984375000000e-01 -5.5988493841141462e-09 -1.8972059478983283e-09 -7.4960553320124745e-09
467 4.5556640625000000e-01 -5.6061253417283297e-09 -1.8990249373018742e-09 -7.5051502790302038e-09
468 4.5654296875000000e-01 -5.6061253417283297e-09 -1.8990249373018742e-09 -7.5051502790302038e-09
469 4.5751953125000000e-01 -5.6097633205354214e-09 -1.9008439267054200e-09 -7.5106072472408414e-09
470 4.5849609375000000e-01 -5.6134012993425131e-09 -1.9008439267054200e-09 -7.5142452260479331e-09
471 4.5947265625000000e-01 -5.6152202887460589e-09 -1.9008439267054200e-09 -7.5160642154514790e-09
472 4.6044921875000000e-01 -5.6170392781496048e-09 -1.9026629161089659e-09 -7.5197021942585707e-09
473 4.6142578125000000e-01 -5.6170392781496048e-09 -1.9044819055125117e-09 -7.5215211836621165e-09
474 4.6240234375000000e-01 -5.6206772569566965e-09 -1.9044819055125117e-09 -7.5251591624692082e-09
475 4.6337890625000000e-01 -5.6243152357637882e-09 -1.9044819055125117e-09 -7.5287971412763000e-09
476 4.6435546875000000e-01 -5.6261342251673341e-09 -1.9063008949160576e-09 -7.5324351200833917e-09
477 4.6533203125000000e-01 -5.6261342251673341e-09 -1.9044819055125117e-09 -7.5306161306798458e-09
478 4.6630859375000000e-01 -5.6279532145708799e-09 -1.9044819055125117e-09 -7.5324351200833917e-09
479 4.6728515625000000e-01 -5.6297722039744258e-09 -1.9063008949160576e-09 -7.5360730988904834e-09
480 4.6826171875000000e-01 -5.6315911933779716e-09 -1.9063008949160576e-09 -7.5378920882940292e-09
481 4.6923828125000000e-01 -5.6334101827815175e-09 -1.9081198843196034e-09 -7.5415300671011209e-09
482 4.7021484375000000e-01 -5.6352291721850634e-09 -1.9063008949160576e-09 -7.5415300671011209e-09
483 4.7119140625000000e-01 -5.6370481615886092e-09 -1.9099388737231493e-09 -7.5469870353117585e-09
484 4.7216796875000000e-01 -5.6388671509921551e-09 -1.9117578631266952e-09 -7.5506250141188502e-09
485 4.7314453125000000e-01 -5.6370481615886092e-09 -1.9063008949160576e-09 -7.5433490565046668e-09
486 4.7412109375000000e-01 -5.6425051297992468e-09 -1.9117578631266952e-09 -7.5542629929259419e-09
487 4.7509765625000000e-01 -5.6406861403957009e-09 -1.9099388737231493e-09 -7.5506250141188502e-09
488 4.7607421875000000e-01 -5.6425051297992468e-09 -1.9135768525302410e-09 -7.5560819823294878e-09
489 4.7705078125000000e-01 -5.6443241192027926e-09 -1.9117578631266952e-09 -7.5560819823294878e-09
490 4.7802734375000000e-01 -5.6443241192027926e-09 -1.9135768525302410e-09 -7.5579009717330337e-09
491 4.7900390625000000e-01 -5.6479620980098844e-09 -1.9117578631266952e-09 -7.5597199611365795e-09
492 4.7998046875000000e-01 -5.6461431086063385e-09 -1.9117578631266952e-09 -7.5579009717330337e-09
493 4.8095703125000000e-01 -5.6516000768169761e-09 -1.9153958419337869e-09 -7.5669959187507629e-09
494 4.8193359375000000e-01 -5.6479620980098844e-09 -1.9117578631266952e-09 -7.5597199611365795e-09
495 4.8291015625000000e-01 -5.6516000768169761e-09 -1.9153958419337869e-09 -7.5669959187507629e-09
496 4.8388671875000000e-01 -5.6516000768169761e-09 -1.9135768525302410e-09 -7.5651769293472171e-09
497 4.8486328125000000e-01 -5.6516000768169761e-09 -1.9135768525302410e-09 -7.5651769293472171e-09
498 4.8583984375000000e-01 -5.6534190662205219e-09 -1.9135768525302410e-09 -7.5669959187507629e-09
499 4.8681640625000000e-01 -5.6552380556240678e-09 -1.9153958419337869e-09 -7.5706338975578547e-09
500 4.8779296875000000e-01 -5.6552380556240678e-09 -1.9153958419337869e-09 -7.5706338975578547e-09
501 4.8876953125000000e-01 -5.6570570450276136e-09 -1.9190338207408786e-09 -7.5760908657684922e-09
502 4.8974609375000000e-01 -5.6570570450276136e-09 -1.9172148313373327e-09 -7.5742718763649464e-09
503 4.9072265625000000e-01 -5.6588760344311595e-09 -1.9190338207408786e-09 -7.5779098551720381e-09
504 4.9169921875000000e-01 -5.6588760344311595e-09 -1.9172148313373327e-09 -7.5760908657684922e-09
505 4.9267578125000000e-01 -5.6588760344311595e-09 -1.9172148313373327e-09 -7.5760908657684922e-09
506 4.9365234375000000e-01 -5.6570570450276136e-09 -1.9172148313373327e-09 -7.5742718763649464e-09
507 4.9462890625000000e-01 -5.6606950238347054e-09 -1.9190338207408786e-09 -7.5797288445755839e-09
508 4.9560546875000000e-01 -5.6570570450276136e-09 -1.9153958419337869e-09 -7.5724528869614005e-09
509 4.9658203125000000e-01 -5.6606950238347054e-09 -1.9172148313373327e-09 -7.5779098551720381e-09
510 4.9755859375000000e-01 -5.6588760344311595e-09 -1.9172148313373327e-09 -7.5760908657684922e-09
511 4.9853515625000000e-01 -5.6588760344311595e-09 -1.9172148313373327e-09 -7.5760908657684922e-09
512 4.9951171875000000e-01 -5.6606950238347054e-09 -1.9172148313373327e-09 -7.5779098551720381e-09
513 5.0048828125000000e-01 -5.6606950238347054e-09 -1.9172148313373327e-09 -7.5779098551720381e-09
514 5.0146484375000000e-01 -5.6588760344311595e-09 -1.9172148313373327e-09 -7.5760908657684922e-09
515 5.0244140625000000e-01 -5.6588760344311595e-09 -1.9172148313373327e-09 -7.5760908657684922e-09
516 5.0341796875000000e-01 -5.6606950238347054e-09 -1.9172148313373327e-09 -7.5779098551720381e-09
517 5.0439453125000000e-01 -5.6570570450276136e-09 -1.9153958419337869e-09 -7.5724528869614005e-09
518 5.0537109375000000e-01 -5.6606950238347054e-09 -1.9190338207408786e-09 -7.5797288445755839e-09
519 5.0634765625000000e-01 -5.6570570450276136e-09 -1.9172148313373327e-09 -7.5742718763649464e-09
520 5.0732421875000000e-01 -5.6588760344311595e-09 -1.9172148313373327e-09 -7.5760908657684922e-09
521 5.0830078125000000e-01 -5.6570570450276136e-09 -1.9172148313373327e-09 -7.5742718763649464e-09
522 5.0927734375000000e-01 -5.6588760344311595e-09 -1.9190338207408786e-09 -7.5779098551720381e-09
523 5.1025390625000000e-01 -5.6570570450276136e-09 -1.9172148313373327e-09 -7.5742718763649464e-09
524 5.1123046875000000e-01 -5.6570570450276136e-09 -1.9190338207408786e-09 -7.5760908657684922e-09
525 5.1220703125000000e-01 -5.6552380556240678e-09 -1.9153958419337869e-09 -7.5706338975578547e-09
526 5.1318359375000000e-01 -5.6552380556240678e-09 -1.9153958419337869e-09 -7.5706338975578547e-09
527 5.1416015625000000e-01 -5.6534190662205219e-09 -1.9135768525302410e-09 -7.5669959187507629e-09
528 5.1513671875000000e-01 -5.6516000768169761e-09 -1.9135768525302410e-09 -7.5651769293472171e-09
529 5.1611328125000000e-01 -5.6516000768169761e-09 -1.9135768525302410e-09 -7.5651769293472171e-09
530 5.1708984375000000e-01 -5.6516000768169761e-09 -1.9153958419337869e-09 -7.5669959187507629e-09
531 5.1806640625000000e-01 -5.6479620980098844e-09 -1.9117578631266952e-09 -7.5597199611365795e-09
532 5.1904296875000000e-01 -5.6516000768169761e-09 -1.9153958419337869e-09 -7.5669959187507629e-09
533 5.2001953125000000e-01 -5.6461431086063385e-09 -1.9117578631266952e-09 -7.5579009717330337e-09
534 5.2099609375000000e-01 -5.6479620980098844e-09 -1.9117578631266952e-09 -7.5597199611365795e-09
535 5.2197265625000000e-01 -5.6443241192027926e-09 -1.9135768525302410e-09 -7.5579009717330337e-09
536 5.2294921875000000e-01 -5.6443241192027926e-09 -1.9117578631266952e-09 -7.5560819823294878e-09
537 5.2392578125000000e-01 -5.6425051297992468e-09 -1.9135768525302410e-09 -7.5560819823294878e-09
538 5.2490234375000000e-01 -5.6406861403957009e-09 -1.9099388737231493e-09 -7.5506250141188502e-09
539 5.2587890625000000e-01 -5.6425051297992468e-09 -1.9117578631266952e-09 -7.5542629929259419e-09
540 5.2685546875000000e-01 -5.6370481615886092e-09 -1.9063008949160576e-09 -7.5433490565046668e-09
541 5.2783203125000000e-01 -5.6388671509921551e-09 -1.9117578631266952e-09 -7.5506250141188502e-09
542 5.2880859375000000e-01 -5.6370481615886092e-09 -1.9099388737231493e-09 -7.5469870353117585e-09
543 5.2978515625000000e-01 -5.6352291721850634e-09 -1.9063008949160576e-09 -7.5415300671011209e-09
544 5.3076171875000000e-01 -5.6334101827815175e-09 -1.9081198843196034e-09 -7.5415300671011209e-09
545 5.3173828125000000e-01 -5.6315911933779716e-09 -1.9063008949160576e-09 -7.5378920882940292e-09
546 5.3271484375000000e-01 -5.6297722039744258e-09 -1.9063008949160576e-09 -7.5360730988904834e-09
547 5.3369140625000000e-01 -5.6279532145708799e-09 -1.9044819055125117e-09 -7.5324351200833917e-09
548 5.3466796875000000e-01 -5.6243152357637882e-09 -1.9044819055125117e-09 -7.5287971412763000e-09
549 5.3564453125000000e-01 -5.6261342251673341e-09 -1.9063008949160576e-09 -7.5324351200833917e-09
550 5.3662109375000000e-01 -5.6243152357637882e-09 -1.9044819055125117e-09 -7.5287971412763000e-09
551 5.3759765625000000e-01 -5.6206772569566965e-09 -1.9044819055125117e-09 -7.5251591624692082e-09
552 5.3857421875000000e-01 -5.6170392781496048e-09 -1.9044819055125117e-09 -7.5215211836621165e-09
553 5.3955078125000000e-01 -5.6170392781496048e-09 -1.9026629161089659e-09 -7.5197021942585707e-09
554 5.4052734375000000e-01 -5.6152202887460589e-09 -1.9008439267054200e-09 -7.5160642154514790e-09
555 5.4150390625000000e-01 -5.6134012993425131e-09 -1.9026629161089659e-09 -7.5160642154514790e-09
556 5.4248046875000000e-01 -5.6115823099389672e-09 -1.8990249373018742e-09 -7.5106072472408414e-09
557 5.4345703125000000e-01 -5.6061253417283297e-09 -1.8990249373018742e-09 -7.5051502790302038e-09
558 5.4443359375000000e-01 -5.6061253417283297e-09 -1.8990249373018742e-09 -7.5051502790302038e-09
559 5.4541015625000000e-01 -5.5988493841141462e-09 -1.8972059478983283e-09 -7.4960553320124745e-09
560 5.4638671875000000e-01 -5.6024873629212379e-09 -1.8972059478983283e-09 -7.4996933108195662e-09
561 5.4736328125000000e-01 -5.5970303947106004e-09 -1.8953869584947824e-09 -7.4924173532053828e-09
562 5.4833984375000000e-01 -5.5915734264999628e-09 -1.8935679690912366e-09 -7.4851413955911994e-09
563 5.4931640625000000e-01 -5.5915734264999628e-09 -1.8935679690912366e-09 -7.4851413955911994e-09
564 5.5029296875000000e-01 -5.5879354476928711e-09 -1.8935679690912366e-09 -7.4815034167841077e-09
565 5.5126953125000000e-01 -5.5842974688857794e-09 -1.8917489796876907e-09 -7.4760464485734701e-09
566 5.5224609375000000e-01 -5.5861164582893252e-09 -1.8917489796876907e-09 -7.4778654379770160e-09
567 5.5322265625000000e-01 -5.5806594900786877e-09 -1.8917489796876907e-09 -7.4724084697663784e-09
568 5.5419921875000000e-01 -5.5788405006751418e-09 -1.8899299902841449e-09 -7.4687704909592867e-09
569 5.5517578125000000e-01 -5.5752025218680501e-09 -1.8881110008805990e-09 -7.4633135227486491e-09
570 5.5615234375000000e-01 -5.5733835324645042e-09 -1.8899299902841449e-09 -7.4633135227486491e-09
571 5.5712890625000000e-01 -5.5679265642538667e-09 -1.8862920114770532e-09 -7.4542185757309198e-09
572 5.5810546875000000e-01 -5.5661075748503208e-09 -1.8862920114770532e-09 -7.4523995863273740e-09
573 5.5908203125000000e-01 -5.5624695960432291e-09 -1.8844730220735073e-09 -7.4469426181167364e-09
574 5.6005859375000000e-01 -5.5588316172361374e-09 -1.8826540326699615e-09 -7.4414856499060988e-09
575 5.6103515625000000e-01 -5.5551936384290457e-09 -1.8826540326699615e-09 -7.4378476710990071e-09
576 5.6201171875000000e-01 -5.5533746490254998e-09 -1.8808350432664156e-09 -7.4342096922919154e-09
577 5.6298828125000000e-01 -5.5515556596219540e-09 -1.8826540326699615e-09 -7.4342096922919154e-09
578 5.6396484375000000e-01 -5.5460986914113164e-09 -1.8808350432664156e-09 -7.4269337346777320e-09
579 5.6494140625000000e-01 -5.5442797020077705e-09 -1.8790160538628697e-09 -7.4232957558706403e-09
580 5.6591796875000000e-01 -5.5388227337971330e-09 -1.8771970644593239e-09 -7.4160197982564569e-09
581 5.6689453125000000e-01 -5.5351847549900413e-09 -1.8753780750557780e-09 -7.4105628300458193e-09
582 5.6787109375000000e-01 -5.5297277867794037e-09 -1.8717400962486863e-09 -7.4014678830280900e-09
583 5.6884765625000000e-01 -5.5279087973758578e-09 -1.8717400962486863e-09 -7.3996488936245441e-09
584 5.6982421875000000e-01 -5.5242708185687661e-09 -1.8717400962486863e-09 -7.3960109148174524e-09
585 5.7080078125000000e-01 -5.5206328397616744e-09 -1.8717400962486863e-09 -7.3923729360103607e-09
586 5.7177734375000000e-01 -5.5151758715510368e-09 -1.8681021174415946e-09 -7.3832779889926314e-09
587 5.7275390625000000e-01 -5.5115378927439451e-09 -1.8662831280380487e-09 -7.3778210207819939e-09
588 5.7373046875000000e-01 -5.5078999139368534e-09 -1.8681021174415946e-09 -7.3760020313784480e-09
589 5.7470703125000000e-01 -5.5024429457262158e-09 -1.8626451492309570e-09 -7.3650880949571729e-09
590 5.7568359375000000e-01 -5.4988049669191241e-09 -1.8626451492309570e-09 -7.3614501161500812e-09
591 5.7666015625000000e-01 -5.4969859775155783e-09 -1.8608261598274112e-09 -7.3578121373429894e-09
592 5.7763671875000000e-01 -5.4897100199013948e-09 -1.8571881810203195e-09 -7.3468982009217143e-09
593 5.7861328125000000e-01 -5.4878910304978490e-09 -1.8590071704238653e-09 -7.3468982009217143e-09
594 5.7958984375000000e-01 -5.4824340622872114e-09 -1.8571881810203195e-09 -7.3396222433075309e-09
595 5.8056640625000000e-01 -5.4787960834801197e-09 -1.8553691916167736e-09 -7.3341652750968933e-09
596 5.8154296875000000e-01 -5.4733391152694821e-09 -1.8553691916167736e-09 -7.3287083068862557e-09
597 5.8251953125000000e-01 -5.4715201258659363e-09 -1.8535502022132277e-09 -7.3250703280791640e-09
598 5.8349609375000000e-01 -5.4642441682517529e-09 -1.8517312128096819e-09 -7.3159753810614347e-09
599 5.8447265625000000e-01 -5.4642441682517529e-09 -1.8517312128096819e-09 -7.3159753810614347e-09
600 5.8544921875000000e-01 -5.4551492212340236e-09 -1.8480932340025902e-09 -7.3032424552366138e-09
601 5.8642578125000000e-01 -5.4551492212340236e-09 -1.8499122234061360e-09 -7.3050614446401596e-09
602 5.8740234375000000e-01 -5.4478732636198401e-09 -1.8462742445990443e-09 -7.2941475082188845e-09
603 5.8837890625000000e-01 -5.4442352848127484e-09 -1.8444552551954985e-09 -7.2886905400082469e-09
604 5.8935546875000000e-01 -5.4387783166021109e-09 -1.8444552551954985e-09 -7.2832335717976093e-09
605 5.9033203125000000e-01 -5.4333213483914733e-09 -1.8389982869848609e-09 -7.2723196353763342e-09
606 5.9130859375000000e-01 -5.4242264013737440e-09 -1.8389982869848609e-09 -7.2632246883586049e-09
607 5.9228515625000000e-01 -5.4242264013737440e-09 -1.8371792975813150e-09 -7.2614056989550591e-09
608 5.9326171875000000e-01 -5.4169504437595606e-09 -1.8335413187742233e-09 -7.2504917625337839e-09
609 5.9423828125000000e-01 -5.4133124649524689e-09 -1.8335413187742233e-09 -7.2468537837266922e-09
610 5.9521484375000000e-01 -5.4060365073382854e-09 -1.8299033399671316e-09 -7.2359398473054171e-09
611 5.9619140625000000e-01 -5.4042175179347396e-09 -1.8317223293706775e-09 -7.2359398473054171e-09
612 5.9716796875000000e-01 -5.3987605497241020e-09 -1.8280843505635858e-09 -7.2268449002876878e-09
613 5.9814453125000000e-01 -5.3896656027063727e-09 -1.8244463717564940e-09 -7.2141119744628668e-09
614 5.9912109375000000e-01 -5.3860276238992810e-09 -1.8262653611600399e-09 -7.2122929850593209e-09
615 6.0009765625000000e-01 -5.3787516662850976e-09 -1.8208083929494023e-09 -7.1995600592344999e-09
616 6.0107421875000000e-01 -5.3769326768815517e-09 -1.8226273823529482e-09 -7.1995600592344999e-09
617 6.0205078125000000e-01 -5.3696567192673683e-09 -1.8189894035458565e-09 -7.1886461228132248e-09
618 6.0302734375000000e-01 -5.3660187404602766e-09 -1.8189894035458565e-09 -7.1850081440061331e-09
619 6.0400390625000000e-01 -5.3605617722496390e-09 -1.8153514247387648e-09 -7.1759131969884038e-09
620 6.0498046875000000e-01 -5.3551048040390015e-09 -1.8171704141423106e-09 -7.1722752181813121e-09
621 6.0595703125000000e-01 -5.3514668252319098e-09 -1.8117134459316730e-09 -7.1631802711635828e-09
622 6.0693359375000000e-01 -5.3423718782141805e-09 -1.8098944565281272e-09 -7.1522663347423077e-09
623 6.0791015625000000e-01 -5.3387338994070888e-09 -1.8080754671245813e-09 -7.1468093665316701e-09
624 6.0888671875000000e-01 -5.3332769311964512e-09 -1.8062564777210355e-09 -7.1395334089174867e-09
625 6.0986328125000000e-01 -5.3260009735822678e-09 -1.8026184989139438e-09 -7.1286194724962115e-09
626 6.1083984375000000e-01 -5.3205440053716302e-09 -1.8026184989139438e-09 -7.1231625042855740e-09
627 6.1181640625000000e-01 -5.3132680477574468e-09 -1.7971615307033062e-09 -7.1104295784607530e-09
628 6.1279296875000000e-01 -5.3096300689503551e-09 -1.7989805201068521e-09 -7.1086105890572071e-09
629 6.1376953125000000e-01 -5.3023541113361716e-09 -1.7953425412997603e-09 -7.0976966526359320e-09
630 6.1474609375000000e-01 -5.2987161325290799e-09 -1.7953425412997603e-09 -7.0940586738288403e-09
631 6.1572265625000000e-01 -5.2896211855113506e-09 -1.7917045624926686e-09 -7.0813257480040193e-09
632 6.1669921875000000e-01 -5.2841642173007131e-09 -1.7917045624926686e-09 -7.0758687797933817e-09
633 6.1767578125000000e-01 -5.2787072490900755e-09 -1.7880665836855769e-09 -7.0667738327756524e-09
634 6.1865234375000000e-01 -5.2714312914758921e-09 -1.7880665836855769e-09 -7.0594978751614690e-09
635 6.1962890625000000e-01 -5.2641553338617086e-09 -1.7826096154749393e-09 -7.0467649493366480e-09
636 6.2060546875000000e-01 -5.2568793762475252e-09 -1.7807906260713935e-09 -7.0376700023189187e-09
637 6.2158203125000000e-01 -5.2532413974404335e-09 -1.7789716366678476e-09 -7.0322130341082811e-09
638 6.2255859375000000e-01 -5.2459654398262501e-09 -1.7771526472643018e-09 -7.0231180870905519e-09
639 6.2353515625000000e-01 -5.2386894822120667e-09 -1.7753336578607559e-09 -7.0140231400728226e-09
640 6.2451171875000000e-01 -5.2295945351943374e-09 -1.7716956790536642e-09 -7.0012902142480016e-09
641 6.2548828125000000e-01 -5.2241375669836998e-09 -1.7716956790536642e-09 -6.9958332460373640e-09
642 6.2646484375000000e-01 -5.2204995881766081e-09 -1.7698766896501184e-09 -6.9903762778267264e-09
643 6.2744140625000000e-01 -5.2132236305624247e-09 -1.7680577002465725e-09 -6.9812813308089972e-09
644 6.2841796875000000e-01 -5.2059476729482412e-09 -1.7626007320359349e-09 -6.9685484049841762e-09
645 6.2939453125000000e-01 -5.2004907047376037e-09 -1.7626007320359349e-09 -6.9630914367735386e-09
646 6.3037109375000000e-01 -5.1895767683163285e-09 -1.7553247744217515e-09 -6.9449015427380800e-09
647 6.3134765625000000e-01 -5.1859387895092368e-09 -1.7571437638252974e-09 -6.9430825533345342e-09
648 6.3232421875000000e-01 -5.1786628318950534e-09 -1.7535057850182056e-09 -6.9321686169132590e-09
649 6.3330078125000000e-01 -5.1695678848773241e-09 -1.7498678062111139e-09 -6.9194356910884380e-09
650 6.3427734375000000e-01 -5.1641109166666865e-09 -1.7498678062111139e-09 -6.9139787228778005e-09
651 6.3525390625000000e-01 -5.1550159696489573e-09 -1.7462298274040222e-09 -6.9012457970529795e-09
652 6.3623046875000000e-01 -5.1495590014383197e-09 -1.7444108380004764e-09 -6.8939698394387960e-09
653 6.3720703125000000e-01 -5.1404640544205904e-09 -1.7425918485969305e-09 -6.8830559030175209e-09
654 6.3818359375000000e-01 -5.1331880968064070e-09 -1.7389538697898388e-09 -6.8721419665962458e-09
655 6.3916015625000000e-01 -5.1259121391922235e-09 -1.7389538697898388e-09 -6.8648660089820623e-09
656 6.4013671875000000e-01 -5.1204551709815860e-09 -1.7334969015792012e-09 -6.8539520725607872e-09
657 6.4111328125000000e-01 -5.1113602239638567e-09 -1.7334969015792012e-09 -6.8448571255430579e-09
658 6.4208984375000000e-01 -5.1040842663496733e-09 -1.7280399333685637e-09 -6.8321241997182369e-09
659 6.4306640625000000e-01 -5.0968083087354898e-09 -1.7262209439650178e-09 -6.8230292527005076e-09
660 6.4404296875000000e-01 -5.0895323511213064e-09 -1.7225829651579261e-09 -6.8121153162792325e-09
661 6.4501953125000000e-01 -5.0822563935071230e-09 -1.7225829651579261e-09 -6.8048393586650491e-09
662 6.4599609375000000e-01 -5.0749804358929396e-09 -1.7189449863508344e-09 -6.7939254222437739e-09
663 6.4697265625000000e-01 -5.0677044782787561e-09 -1.7171259969472885e-09 -6.7848304752260447e-09
664 6.4794921875000000e-01 -5.0604285206645727e-09 -1.7153070075437427e-09 -6.7757355282083154e-09
665 6.4892578125000000e-01 -5.0495145842432976e-09 -1.7098500393331051e-09 -6.7593646235764027e-09
666 6.4990234375000000e-01 -5.0440576160326600e-09 -1.7098500393331051e-09 -6.7539076553657651e-09
667 6.5087890625000000e-01 -5.0349626690149307e-09 -1.7043930711224675e-09 -6.7393557401373982e-09
668 6.5185546875000000e-01 -5.0276867114007473e-09 -1.7043930711224675e-09 -6.7320797825232148e-09
669 6.5283203125000000e-01 -5.0204107537865639e-09 -1.6989361029118299e-09 -6.7193468566983938e-09
670 6.5380859375000000e-01 -5.0149537855759263e-09 -1.6989361029118299e-09 -6.7138898884877563e-09
671 6.5478515625000000e-01 -5.0040398491546512e-09 -1.6934791347011924e-09 -6.6975189838558435e-09
672 6.5576171875000000e-01 -4.9949449021369219e-09 -1.6934791347011924e-09 -6.6884240368381143e-09
673 6.5673828125000000e-01 -4.9858499551191926e-09 -1.6898411558941007e-09 -6.6756911110132933e-09
674 6.5771484375000000e-01 -4.9767550081014633e-09 -1.6843841876834631e-09 -6.6611391957849264e-09
675 6.5869140625000000e-01 -4.9694790504872799e-09 -1.6843841876834631e-09 -6.6538632381707430e-09
676 6.5966796875000000e-01 -4.9603841034695506e-09 -1.6807462088763714e-09 -6.6411303123459220e-09
677 6.6064453125000000e-01 -4.9531081458553672e-09 -1.6771082300692797e-09 -6.6302163759246469e-09
678 6.6162109375000000e-01 -4.9458321882411838e-09 -1.6752892406657338e-09 -6.6211214289069176e-09
679 6.6259765625000000e-01 -4.9367372412234545e-09 -1.6716512618586421e-09 -6.6083885030820966e-09
680 6.6357421875000000e-01 -4.9294612836092710e-09 -1.6698322724550962e-09 -6.5992935560643673e-09
681 6.6455078125000000e-01 -4.9221853259950876e-09 -1.6680132830515504e-09 -6.5901986090466380e-09
682 6.6552734375000000e-01 -4.9094524001702666e-09 -1.6625563148409128e-09 -6.5720087150111794e-09
683 6.6650390625000000e-01 -4.9039954319596291e-09 -1.6607373254373670e-09 -6.5647327573969960e-09
684 6.6748046875000000e-01 -4.8930814955383539e-09 -1.6570993466302752e-09 -6.5501808421686292e-09
685 6.6845703125000000e-01 -4.8858055379241705e-09 -1.6570993466302752e-09 -6.5429048845544457e-09
686 6.6943359375000000e-01 -4.8767105909064412e-09 -1.6534613678231835e-09 -6.5301719587296247e-09
687 6.7041015625000000e-01 -4.8694346332922578e-09 -1.6516423784196377e-09 -6.5210770117118955e-09
688 6.7138671875000000e-01 -4.8603396862745285e-09 -1.6480043996125460e-09 -6.5083440858870745e-09
689 6.7236328125000000e-01 -4.8512447392567992e-09 -1.6461854102090001e-09 -6.4974301494657993e-09
690 6.7333984375000000e-01 -4.8403308028355241e-09 -1.6407284419983625e-09 -6.4810592448338866e-09
691 6.7431640625000000e-01 -4.8330548452213407e-09 -1.6370904631912708e-09 -6.4701453084126115e-09
692 6.7529296875000000e-01 -4.8221409088000655e-09 -1.6334524843841791e-09 -6.4555933931842446e-09
693 6.7626953125000000e-01 -4.8130459617823362e-09 -1.6298145055770874e-09 -6.4428604673594236e-09
694 6.7724609375000000e-01 -4.8039510147646070e-09 -1.6279955161735415e-09 -6.4319465309381485e-09
695 6.7822265625000000e-01 -4.7930370783433318e-09 -1.6225385479629040e-09 -6.4155756263062358e-09
696 6.7919921875000000e-01 -4.7875801101326942e-09 -1.6225385479629040e-09 -6.4101186580955982e-09
697 6.8017578125000000e-01 -4.7766661737114191e-09 -1.6189005691558123e-09 -6.3955667428672314e-09
698 6.8115234375000000e-01 -4.7693902160972357e-09 -1.6152625903487206e-09 -6.3846528064459562e-09
699 6.8212890625000000e-01 -4.7602952690795064e-09 -1.6116246115416288e-09 -6.3719198806211352e-09
700 6.8310546875000000e-01 -4.7493813326582313e-09 -1.6079866327345371e-09 -6.3573679653927684e-09
701 6.8408203125000000e-01 -4.7366484068334103e-09 -1.6043486539274454e-09 -6.3409970607608557e-09
702 6.8505859375000000e-01 -4.7330104280263186e-09 -1.6025296645238996e-09 -6.3355400925502181e-09
703 6.8603515625000000e-01 -4.7202775022014976e-09 -1.5988916857168078e-09 -6.3191691879183054e-09
704 6.8701171875000000e-01 -4.7093635657802224e-09 -1.5934347175061703e-09 -6.3027982832863927e-09
705 6.8798828125000000e-01 -4.7020876081660390e-09 -1.5934347175061703e-09 -6.2955223256722093e-09
706 6.8896484375000000e-01 -4.6911736717447639e-09 -1.5879777492955327e-09 -6.2791514210402966e-09
707 6.8994140625000000e-01 -4.6820787247270346e-09 -1.5861587598919868e-09 -6.2682374846190214e-09
708 6.9091796875000000e-01 -4.6702552936039865e-09 -1.5834302757866681e-09 -6.2536855693906546e-09
709 6.9189453125000000e-01 -4.6629793359898031e-09 -1.5816112863831222e-09 -6.2445906223729253e-09
710 6.9287109375000000e-01 -4.6529748942703009e-09 -1.5761543181724846e-09 -6.2291292124427855e-09
711 6.9384765625000000e-01 -4.6420609578490257e-09 -1.5706973499618471e-09 -6.2127583078108728e-09
712 6.9482421875000000e-01 -4.6338755055330694e-09 -1.5706973499618471e-09 -6.2045728554949164e-09
713 6.9580078125000000e-01 -4.6202330850064754e-09 -1.5643308870494366e-09 -6.1845639720559120e-09
714 6.9677734375000000e-01 -4.6111381379887462e-09 -1.5634213923476636e-09 -6.1745595303364098e-09
715 6.9775390625000000e-01 -4.6011336962692440e-09 -1.5579644241370261e-09 -6.1590981204062700e-09
716 6.9873046875000000e-01 -4.5920387492515147e-09 -1.5552359400317073e-09 -6.1472746892832220e-09
717 6.9970703125000000e-01 -4.5829438022337854e-09 -1.5525074559263885e-09 -6.1354512581601739e-09
718 7.0068359375000000e-01 -4.5729393605142832e-09 -1.5506884665228426e-09 -6.1236278270371258e-09
719 7.0166015625000000e-01 -4.5611159293912351e-09 -1.5443220036104321e-09 -6.1054379330016673e-09
720 7.0263671875000000e-01 -4.5502019929699600e-09 -1.5425030142068863e-09 -6.0927050071768463e-09
721 7.0361328125000000e-01 -4.5401975512504578e-09 -1.5379555406980217e-09 -6.0781530919484794e-09
722 7.0458984375000000e-01 -4.5311026042327285e-09 -1.5361365512944758e-09 -6.0672391555272043e-09
723 7.0556640625000000e-01 -4.5201886678114533e-09 -1.5306795830838382e-09 -6.0508682508952916e-09
724 7.0654296875000000e-01 -4.5083652366884053e-09 -1.5288605936802924e-09 -6.0372258303686976e-09
725 7.0751953125000000e-01 -4.5010892790742218e-09 -1.5243131201714277e-09 -6.0254023992456496e-09
726 7.0849609375000000e-01 -4.4892658479511738e-09 -1.5206751413643360e-09 -6.0099409893155098e-09
727 7.0947265625000000e-01 -4.4783519115298986e-09 -1.5170371625572443e-09 -5.9953890740871429e-09
728 7.1044921875000000e-01 -4.4665284804068506e-09 -1.5124896890483797e-09 -5.9790181694552302e-09
729 7.1142578125000000e-01 -4.4565240386873484e-09 -1.5097612049430609e-09 -5.9662852436304092e-09
730 7.1240234375000000e-01 -4.4447006075643003e-09 -1.5052137314341962e-09 -5.9499143389984965e-09
731 7.1337890625000000e-01 -4.4346961658447981e-09 -1.5024852473288774e-09 -5.9371814131736755e-09
732 7.1435546875000000e-01 -4.4237822294235229e-09 -1.4979377738200128e-09 -5.9217200032435358e-09
733 7.1533203125000000e-01 -4.4137777877040207e-09 -1.4952092897146940e-09 -5.9089870774187148e-09
734 7.1630859375000000e-01 -4.4028638512827456e-09 -1.4906618162058294e-09 -5.8935256674885750e-09
735 7.1728515625000000e-01 -4.3919499148614705e-09 -1.4870238373987377e-09 -5.8789737522602081e-09
736 7.1826171875000000e-01 -4.3792169890366495e-09 -1.4833858585916460e-09 -5.8626028476282954e-09
737 7.1923828125000000e-01 -4.3673935579136014e-09 -1.4806573744863272e-09 -5.8480509323999286e-09
738 7.2021484375000000e-01 -4.3564796214923263e-09 -1.4742909115739167e-09 -5.8307705330662429e-09
739 7.2119140625000000e-01 -4.3464751797728240e-09 -1.4706529327668250e-09 -5.8171281125396490e-09
740 7.2216796875000000e-01 -4.3364707380533218e-09 -1.4697434380650520e-09 -5.8062141761183739e-09
741 7.2314453125000000e-01 -4.3246473069302738e-09 -1.4642864698544145e-09 -5.7889337767846882e-09
742 7.2412109375000000e-01 -4.3137333705089986e-09 -1.4642864698544145e-09 -5.7780198403634131e-09
743 7.2509765625000000e-01 -4.3028194340877235e-09 -1.4561010175384581e-09 -5.7589204516261816e-09
744 7.2607421875000000e-01 -4.2919054976664484e-09 -1.4542820281349123e-09 -5.7461875258013606e-09
745 7.2705078125000000e-01 -4.2800820665434003e-09 -1.4497345546260476e-09 -5.7298166211694479e-09
746 7.2802734375000000e-01 -4.2691681301221251e-09 -1.4460965758189559e-09 -5.7152647059410810e-09
747 7.2900390625000000e-01 -4.2573446989990771e-09 -1.4433680917136371e-09 -5.7007127907127142e-09
748 7.2998046875000000e-01 -4.2473402572795749e-09 -1.4406396076083183e-09 -5.6879798648878932e-09
749 7.3095703125000000e-01 -4.2346073314547539e-09 -1.4342731446959078e-09 -5.6688804761506617e-09
750 7.3193359375000000e-01 -4.2218744056299329e-09 -1.4306351658888161e-09 -5.6525095715187490e-09
751 7.3291015625000000e-01 -4.2109604692086577e-09 -1.4260876923799515e-09 -5.6370481615886092e-09
752 7.3388671875000000e-01 -4.2000465327873826e-09 -1.4233592082746327e-09 -5.6234057410620153e-09
753 7.3486328125000000e-01 -4.1873136069625616e-09 -1.4188117347657681e-09 -5.6061253417283297e-09
754 7.3583984375000000e-01 -4.1773091652430594e-09 -1.4160832506604493e-09 -5.5933924159035087e-09
755 7.3681640625000000e-01 -4.1645762394182384e-09 -1.4097167877480388e-09 -5.5742930271662772e-09
756 7.3779296875000000e-01 -4.1527528082951903e-09 -1.4069883036427200e-09 -5.5597411119379103e-09
757 7.3876953125000000e-01 -4.1409293771721423e-09 -1.4024408301338553e-09 -5.5433702073059976e-09
758 7.3974609375000000e-01 -4.1281964513473213e-09 -1.3978933566249907e-09 -5.5260898079723120e-09
759 7.4072265625000000e-01 -4.1181920096278191e-09 -1.3951648725196719e-09 -5.5133568821474910e-09
760 7.4169921875000000e-01 -4.1063685785047710e-09 -1.3915268937125802e-09 -5.4978954722173512e-09
761 7.4267578125000000e-01 -4.0918166632764041e-09 -1.3851604308001697e-09 -5.4769770940765738e-09
762 7.4365234375000000e-01 -4.0818122215569019e-09 -1.3824319466948509e-09 -5.4642441682517529e-09
763 7.4462890625000000e-01 -4.0699887904338539e-09 -1.3778844731859863e-09 -5.4478732636198401e-09
764 7.4560546875000000e-01 -4.0572558646090329e-09 -1.3742464943788946e-09 -5.4315023589879274e-09
765 7.4658203125000000e-01 -4.0454324334859848e-09 -1.3706085155718029e-09 -5.4160409490577877e-09
766 7.4755859375000000e-01 -4.0317900129593909e-09 -1.3651515473611653e-09 -5.3969415603205562e-09
767 7.4853515625000000e-01 -4.0190570871345699e-09 -1.3606040738523006e-09 -5.3796611609868705e-09
768 7.4951171875000000e-01 -4.0072336560115218e-09 -1.3578755897469819e-09 -5.3651092457585037e-09
769 7.5048828125000000e-01 -3.9963197195902467e-09 -1.3542376109398901e-09 -5.3505573305301368e-09
770 7.5146484375000000e-01 -3.9835867937654257e-09 -1.3487806427292526e-09 -5.3323674364946783e-09
771 7.5244140625000000e-01 -3.9708538679406047e-09 -1.3460521586239338e-09 -5.3169060265645385e-09
772 7.5341796875000000e-01 -3.9581209421157837e-09 -1.3405951904132962e-09 -5.2987161325290799e-09
773 7.5439453125000000e-01 -3.9453880162909627e-09 -1.3351382222026587e-09 -5.2805262384936213e-09
774 7.5537109375000000e-01 -3.9326550904661417e-09 -1.3305907486937940e-09 -5.2632458391599357e-09
775 7.5634765625000000e-01 -3.9226506487466395e-09 -1.3296812539920211e-09 -5.2523319027386606e-09
776 7.5732421875000000e-01 -3.9080987335182726e-09 -1.3233147910796106e-09 -5.2314135245978832e-09
777 7.5830078125000000e-01 -3.8971847970969975e-09 -1.3205863069742918e-09 -5.2177711040712893e-09
778 7.5927734375000000e-01 -3.8835423765704036e-09 -1.3160388334654272e-09 -5.1995812100358307e-09
779 7.6025390625000000e-01 -3.8708094507455826e-09 -1.3114913599565625e-09 -5.1823008107021451e-09
780 7.6123046875000000e-01 -3.8589860196225345e-09 -1.3078533811494708e-09 -5.1668394007720053e-09
781 7.6220703125000000e-01 -3.8453435990959406e-09 -1.3023964129388332e-09 -5.1477400120347738e-09
782 7.6318359375000000e-01 -3.8335201679728925e-09 -1.2996679288335145e-09 -5.1331880968064070e-09
783 7.6416015625000000e-01 -3.8189682527445257e-09 -1.2933014659211040e-09 -5.1122697186656296e-09
784 7.6513671875000000e-01 -3.8053258322179317e-09 -1.2887539924122393e-09 -5.0940798246301711e-09
785 7.6611328125000000e-01 -3.7944118957966566e-09 -1.2851160136051476e-09 -5.0795279094018042e-09
786 7.6708984375000000e-01 -3.7816789699718356e-09 -1.2814780347980559e-09 -5.0631570047698915e-09
787 7.6806640625000000e-01 -3.7689460441470146e-09 -1.2778400559909642e-09 -5.0467861001379788e-09
788 7.6904296875000000e-01 -3.7553036236204207e-09 -1.2723830877803266e-09 -5.0276867114007473e-09
789 7.7001953125000000e-01 -3.7416612030938268e-09 -1.2678356142714620e-09 -5.0094968173652887e-09
790 7.7099609375000000e-01 -3.7271092878654599e-09 -1.2614691513590515e-09 -4.9885784392245114e-09
791 7.7197265625000000e-01 -3.7180143408477306e-09 -1.2596501619555056e-09 -4.9776645028032362e-09
792 7.7294921875000000e-01 -3.7034624256193638e-09 -1.2541931937448680e-09 -4.9576556193642318e-09
793 7.7392578125000000e-01 -3.6907294997945428e-09 -1.2505552149377763e-09 -4.9412847147323191e-09
794 7.7490234375000000e-01 -3.6770870792679489e-09 -1.2460077414289117e-09 -4.9230948206968606e-09
795 7.7587890625000000e-01 -3.6643541534431279e-09 -1.2423697626218200e-09 -4.9067239160649478e-09
796 7.7685546875000000e-01 -3.6507117329165339e-09 -1.2369127944111824e-09 -4.8876245273277164e-09
797 7.7783203125000000e-01 -3.6370693123899400e-09 -1.2332748156040907e-09 -4.8703441279940307e-09
798 7.7880859375000000e-01 -3.6234268918633461e-09 -1.2278178473934531e-09 -4.8512447392567992e-09
799 7.7978515625000000e-01 -3.6106939660385251e-09 -1.2241798685863614e-09 -4.8348738346248865e-09
800 7.8076171875000000e-01 -3.5979610402137041e-09 -1.2196323950774968e-09 -4.8175934352912009e-09
801 7.8173828125000000e-01 -3.5834091249853373e-09 -1.2132659321650863e-09 -4.7966750571504235e-09
802 7.8271484375000000e-01 -3.5706761991605163e-09 -1.2096279533579946e-09 -4.7803041525185108e-09
803 7.8369140625000000e-01 -3.5552147892303765e-09 -1.2041709851473570e-09 -4.7593857743777335e-09
804 7.8466796875000000e-01 -3.5424818634055555e-09 -1.1996235116384923e-09 -4.7421053750440478e-09
805 7.8564453125000000e-01 -3.5279299481771886e-09 -1.1950760381296277e-09 -4.7230059863068163e-09
806 7.8662109375000000e-01 -3.5161065170541406e-09 -1.1923475540243089e-09 -4.7084540710784495e-09
807 7.8759765625000000e-01 -3.5015546018257737e-09 -1.1859810911118984e-09 -4.6875356929376721e-09
808 7.8857421875000000e-01 -3.4879121812991798e-09 -1.1805241229012609e-09 -4.6684363042004406e-09
809 7.8955078125000000e-01 -3.4769982448779047e-09 -1.1777956387959421e-09 -4.6547938836738467e-09
810 7.9052734375000000e-01 -3.4606273402459919e-09 -1.1732481652870774e-09 -4.6338755055330694e-09
811 7.9150390625000000e-01 -3.4497134038247168e-09 -1.1687006917782128e-09 -4.6184140956029296e-09
812 7.9248046875000000e-01 -3.4342519938945770e-09 -1.1650627129711211e-09 -4.5993147068656981e-09
813 7.9345703125000000e-01 -3.4206095733679831e-09 -1.1577867553569376e-09 -4.5783963287249207e-09
814 7.9443359375000000e-01 -3.4060576581396163e-09 -1.1541487765498459e-09 -4.5602064346894622e-09
815 7.9541015625000000e-01 -3.3924152376130223e-09 -1.1496013030409813e-09 -4.5420165406540036e-09
816 7.9638671875000000e-01 -3.3787728170864284e-09 -1.1441443348303437e-09 -4.5229171519167721e-09
817 7.9736328125000000e-01 -3.3642209018580616e-09 -1.1395968613214791e-09 -4.5038177631795406e-09
818 7.9833984375000000e-01 -3.3505784813314676e-09 -1.1341398931108415e-09 -4.4847183744423091e-09
819 7.9931640625000000e-01 -3.3360265661031008e-09 -1.1295924196019769e-09 -4.4656189857050776e-09
820 8.0029296875000000e-01 -3.3232936402782798e-09 -1.1259544407948852e-09 -4.4492480810731649e-09
821 8.0126953125000000e-01 -3.3087417250499129e-09 -1.1204974725842476e-09 -4.4292391976341605e-09
822 8.0224609375000000e-01 -3.2941898098215461e-09 -1.1159499990753829e-09 -4.4101398088969290e-09
823 8.0322265625000000e-01 -3.2814568839967251e-09 -1.1123120202682912e-09 -4.3937689042650163e-09
824 8.0419921875000000e-01 -3.2669049687683582e-09 -1.1068550520576537e-09 -4.3737600208260119e-09
825 8.0517578125000000e-01 -3.2514435588382185e-09 -1.1023075785487890e-09 -4.3537511373870075e-09
826 8.0615234375000000e-01 -3.2378011383116245e-09 -1.0968506103381515e-09 -4.3346517486497760e-09
827 8.0712890625000000e-01 -3.2214302336797118e-09 -1.0913936421275139e-09 -4.3128238758072257e-09
828 8.0810546875000000e-01 -3.2105162972584367e-09 -1.0886651580221951e-09 -4.2991814552806318e-09
829 8.0908203125000000e-01 -3.1950548873282969e-09 -1.0822986951097846e-09 -4.2773535824380815e-09
830 8.1005859375000000e-01 -3.1786839826963842e-09 -1.0768417268991470e-09 -4.2555257095955312e-09
831 8.1103515625000000e-01 -3.1659510568715632e-09 -1.0732037480920553e-09 -4.2391548049636185e-09
832 8.1201171875000000e-01 -3.1513991416431963e-09 -1.0677467798814178e-09 -4.2191459215246141e-09
833 8.1298828125000000e-01 -3.1368472264148295e-09 -1.0631993063725531e-09 -4.2000465327873826e-09
834 8.1396484375000000e-01 -3.1232048058882356e-09 -1.0577423381619155e-09 -4.1809471440501511e-09
835 8.1494140625000000e-01 -3.1077433959580958e-09 -1.0541043593548238e-09 -4.1618477553129196e-09
836 8.1591796875000000e-01 -3.0922819860279560e-09 -1.0468284017406404e-09 -4.1391103877685964e-09
837 8.1689453125000000e-01 -3.0786395655013621e-09 -1.0431904229335487e-09 -4.1218299884349108e-09
838 8.1787109375000000e-01 -3.0659066396765411e-09 -1.0386429494246840e-09 -4.1045495891012251e-09
839 8.1884765625000000e-01 -3.0504452297464013e-09 -1.0331859812140465e-09 -4.0836312109604478e-09
840 8.1982421875000000e-01 -3.0349838198162615e-09 -1.0277290130034089e-09 -4.0627128328196704e-09
841 8.2080078125000000e-01 -3.0204319045878947e-09 -1.0231815394945443e-09 -4.0436134440824389e-09
842 8.2177734375000000e-01 -3.0058799893595278e-09 -1.0177245712839067e-09 -4.0236045606434345e-09
843 8.2275390625000000e-01 -2.9922375688329339e-09 -1.0131770977750421e-09 -4.0054146666079760e-09
844 8.2373046875000000e-01 -2.9758666642010212e-09 -1.0086296242661774e-09 -3.9844962884671986e-09
845 8.2470703125000000e-01 -2.9604052542708814e-09 -1.0022631613537669e-09 -3.9626684156246483e-09
846 8.2568359375000000e-01 -2.9467628337442875e-09 -9.9771568784490228e-10 -3.9444785215891898e-09
847 8.2666015625000000e-01 -2.9322109185159206e-09 -9.9316821433603764e-10 -3.9253791328519583e-09
848 8.2763671875000000e-01 -2.9167495085857809e-09 -9.8680175142362714e-10 -3.9035512600094080e-09
849 8.2861328125000000e-01 -2.9021975933574140e-09 -9.8316377261653543e-10 -3.8853613659739494e-09
850 8.2958984375000000e-01 -2.8867361834272742e-09 -9.7770680440589786e-10 -3.8644429878331721e-09
851 8.3056640625000000e-01 -2.8703652787953615e-09 -9.7224983619526029e-10 -3.8426151149906218e-09
852 8.3154296875000000e-01 -2.8567228582687676e-09 -9.6770236268639565e-10 -3.8244252209551632e-09
853 8.3251953125000000e-01 -2.8412614483386278e-09 -9.6224539447575808e-10 -3.8035068428143859e-09
854 8.3349609375000000e-01 -2.8267095331102610e-09 -9.5769792096689343e-10 -3.7844074540771544e-09
855 8.3447265625000000e-01 -2.8121576178818941e-09 -9.5224095275625587e-10 -3.7643985706381500e-09
856 8.3544921875000000e-01 -2.7966962079517543e-09 -9.4678398454561830e-10 -3.7434801924973726e-09
857 8.3642578125000000e-01 -2.7821442927233875e-09 -9.4223651103675365e-10 -3.7243808037601411e-09
858 8.3740234375000000e-01 -2.7666828827932477e-09 -9.3768903752788901e-10 -3.7043719203211367e-09
859 8.3837890625000000e-01 -2.7512214728631079e-09 -9.3223206931725144e-10 -3.6834535421803594e-09
860 8.3935546875000000e-01 -2.7375790523365140e-09 -9.2859409051015973e-10 -3.6661731428466737e-09
861 8.4033203125000000e-01 -2.7221176424063742e-09 -9.2131813289597631e-10 -3.6434357753023505e-09
862 8.4130859375000000e-01 -2.7084752218797803e-09 -9.1858964879065752e-10 -3.6270648706704378e-09
863 8.4228515625000000e-01 -2.6902853278443217e-09 -9.1040419647470117e-10 -3.6006895243190229e-09
864 8.4326171875000000e-01 -2.6757334126159549e-09 -9.0676621766760945e-10 -3.5824996302835643e-09
865 8.4423828125000000e-01 -2.6602720026858151e-09 -9.0130924945697188e-10 -3.5615812521427870e-09
866 8.4521484375000000e-01 -2.6439010980539024e-09 -8.9585228124633431e-10 -3.5397533793002367e-09
867 8.4619140625000000e-01 -2.6284396881237626e-09 -8.9130480773746967e-10 -3.5197444958612323e-09
868 8.4716796875000000e-01 -2.6147972675971687e-09 -8.8493834482505918e-10 -3.4997356124222279e-09
869 8.4814453125000000e-01 -2.5975168682634830e-09 -8.8039087131619453e-10 -3.4779077395796776e-09
870 8.4912109375000000e-01 -2.5829649530351162e-09 -8.7584339780732989e-10 -3.4588083508424461e-09
871 8.5009765625000000e-01 -2.5693225325085223e-09 -8.7038642959669232e-10 -3.4397089621052146e-09
872 8.5107421875000000e-01 -2.5520421331748366e-09 -8.6492946138605475e-10 -3.4169715945608914e-09
873 8.5205078125000000e-01 -2.5365807232446969e-09 -8.5947249317541718e-10 -3.3960532164201140e-09
874 8.5302734375000000e-01 -2.5211193133145571e-09 -8.5401552496477962e-10 -3.3751348382793367e-09
875 8.5400390625000000e-01 -2.5065673980861902e-09 -8.4946805145591497e-10 -3.3560354495421052e-09
876 8.5498046875000000e-01 -2.4892869987525046e-09 -8.4310158854350448e-10 -3.3323885872960091e-09
877 8.5595703125000000e-01 -2.4756445782259107e-09 -8.3946360973641276e-10 -3.3151081879623234e-09
878 8.5693359375000000e-01 -2.4574546841904521e-09 -8.3218765212222934e-10 -3.2896423363126814e-09
879 8.5791015625000000e-01 -2.4447217583656311e-09 -8.2854967331513762e-10 -3.2732714316807687e-09
880 8.5888671875000000e-01 -2.4265318643301725e-09 -8.2127371570095420e-10 -3.2478055800311267e-09
881 8.5986328125000000e-01 -2.4119799491018057e-09 -8.1763573689386249e-10 -3.2296156859956682e-09
882 8.6083984375000000e-01 -2.3965185391716659e-09 -8.1126927398145199e-10 -3.2077878131531179e-09
883 8.6181640625000000e-01 -2.3801476345397532e-09 -8.0581230577081442e-10 -3.1859599403105676e-09
884 8.6279296875000000e-01 -2.3637767299078405e-09 -8.0035533756017685e-10 -3.1641320674680173e-09
885 8.6376953125000000e-01 -2.3483153199777007e-09 -7.9580786405131221e-10 -3.1441231840290129e-09
886 8.6474609375000000e-01 -2.3333086573984474e-09 -7.9035089584067464e-10 -3.1236595532391220e-09
887 8.6572265625000000e-01 -2.3173925001174212e-09 -7.8534867498092353e-10 -3.1027411750983447e-09
888 8.6669921875000000e-01 -2.3014763428363949e-09 -7.7943695941939950e-10 -3.0809133022557944e-09
889 8.6767578125000000e-01 -2.2846506908535957e-09 -7.7397999120876193e-10 -3.0586306820623577e-09
890 8.6865234375000000e-01 -2.2696440282743424e-09 -7.6897777034901083e-10 -3.0386217986233532e-09
891 8.6962890625000000e-01 -2.2537278709933162e-09 -7.6397554948925972e-10 -3.0177034204825759e-09
892 8.7060546875000000e-01 -2.2373569663614035e-09 -7.5760908657684922e-10 -2.9949660529382527e-09
893 8.7158203125000000e-01 -2.2228050511330366e-09 -7.5306161306798458e-10 -2.9758666642010212e-09
894 8.7255859375000000e-01 -2.2064341465011239e-09 -7.4760464485734701e-10 -2.9540387913584709e-09
895 8.7353515625000000e-01 -2.1900632418692112e-09 -7.4169292929582298e-10 -2.9317561711650342e-09
896 8.7451171875000000e-01 -2.1732375898864120e-09 -7.3578121373429894e-10 -2.9090188036207110e-09
897 8.7548828125000000e-01 -2.1577761799562722e-09 -7.3077899287454784e-10 -2.8885551728308201e-09
898 8.7646484375000000e-01 -2.1409505279734731e-09 -7.2486727731302381e-10 -2.8658178052864969e-09
899 8.7744140625000000e-01 -2.1250343706924468e-09 -7.1986505645327270e-10 -2.8448994271457195e-09
900 8.7841796875000000e-01 -2.1095729607623070e-09 -7.1486283559352160e-10 -2.8244357963558286e-09
901 8.7939453125000000e-01 -2.0936568034812808e-09 -7.0940586738288403e-10 -2.8030626708641648e-09
902 8.8037109375000000e-01 -2.0777406462002546e-09 -7.0394889917224646e-10 -2.7816895453725010e-09
903 8.8134765625000000e-01 -2.0604602468665689e-09 -6.9758243625983596e-10 -2.7580426831264049e-09
904 8.8232421875000000e-01 -2.0449988369364291e-09 -6.9212546804919839e-10 -2.7371243049856275e-09
905 8.8330078125000000e-01 -2.0286279323045164e-09 -6.8666849983856082e-10 -2.7152964321430773e-09
906 8.8427734375000000e-01 -2.0122570276726037e-09 -6.8212102632969618e-10 -2.6943780540022999e-09
907 8.8525390625000000e-01 -1.9958861230406910e-09 -6.7620931076817214e-10 -2.6720954338088632e-09
908 8.8623046875000000e-01 -1.9795152184087783e-09 -6.7029759520664811e-10 -2.6498128136154264e-09
909 8.8720703125000000e-01 -1.9635990611277521e-09 -6.6484062699601054e-10 -2.6284396881237626e-09
910 8.8818359375000000e-01 -1.9472281564958394e-09 -6.5938365878537297e-10 -2.6066118152812123e-09
911 8.8916015625000000e-01 -1.9313119992148131e-09 -6.5438143792562187e-10 -2.5856934371404350e-09
912 8.9013671875000000e-01 -1.9149410945829004e-09 -6.4892446971498430e-10 -2.5638655642978847e-09
913 8.9111328125000000e-01 -1.8985701899509877e-09 -6.4346750150434673e-10 -2.5420376914553344e-09
914 8.9208984375000000e-01 -1.8812897906173021e-09 -6.3755578594282269e-10 -2.5188455765601248e-09
915 8.9306640625000000e-01 -1.8658283806871623e-09 -6.3209881773218513e-10 -2.4979271984193474e-09
916 8.9404296875000000e-01 -1.8499122234061360e-09 -6.2709659687243402e-10 -2.4770088202785701e-09
917 8.9501953125000000e-01 -1.8326318240724504e-09 -6.2073013396002352e-10 -2.4533619580324739e-09
918 8.9599609375000000e-01 -1.8162609194405377e-09 -6.1572791310027242e-10 -2.4319888325408101e-09
919 8.9697265625000000e-01 -1.7998900148086250e-09 -6.0981619753874838e-10 -2.4097062123473734e-09
920 8.9794921875000000e-01 -1.7835191101767123e-09 -6.0390448197722435e-10 -2.3874235921539366e-09
921 8.9892578125000000e-01 -1.7671482055447996e-09 -5.9844751376658678e-10 -2.3655957193113863e-09
922 8.9990234375000000e-01 -1.7503225535620004e-09 -5.9299054555594921e-10 -2.3433130991179496e-09
923 9.0087890625000000e-01 -1.7348611436318606e-09 -5.8753357734531164e-10 -2.3223947209771723e-09
924 9.0185546875000000e-01 -1.7175807442981750e-09 -5.8207660913467407e-10 -2.2996573534328490e-09
925 9.0283203125000000e-01 -1.6998455976136029e-09 -5.7571014622226357e-10 -2.2755557438358665e-09
926 9.0380859375000000e-01 -1.6839294403325766e-09 -5.7025317801162601e-10 -2.2541826183442026e-09
927 9.0478515625000000e-01 -1.6675585357006639e-09 -5.6479620980098844e-10 -2.2323547455016524e-09
928 9.0576171875000000e-01 -1.6516423784196377e-09 -5.5979398894123733e-10 -2.2114363673608750e-09
929 9.0673828125000000e-01 -1.6343619790859520e-09 -5.5388227337971330e-10 -2.1882442524656653e-09
930 9.0771484375000000e-01 -1.6189005691558123e-09 -5.4842530516907573e-10 -2.1673258743248880e-09
931 9.0869140625000000e-01 -1.6002559277694672e-09 -5.4160409490577877e-10 -2.1418600226752460e-09
932 9.0966796875000000e-01 -1.5852492651902139e-09 -5.3751136874780059e-10 -2.1227606339380145e-09
933 9.1064453125000000e-01 -1.5675141185056418e-09 -5.3114490583539009e-10 -2.0986590243410319e-09
934 9.1162109375000000e-01 -1.5515979612246156e-09 -5.2568793762475252e-10 -2.0772858988493681e-09
935 9.1259765625000000e-01 -1.5356818039435893e-09 -5.2023096941411495e-10 -2.0559127733577043e-09
936 9.1357421875000000e-01 -1.5165824152063578e-09 -5.1340975915081799e-10 -2.0299921743571758e-09
937 9.1455078125000000e-01 -1.5020304999779910e-09 -5.0886228564195335e-10 -2.0108927856199443e-09
938 9.1552734375000000e-01 -1.4842953532934189e-09 -5.0249582272954285e-10 -1.9867911760229617e-09
939 9.1650390625000000e-01 -1.4674697013106197e-09 -4.9703885451890528e-10 -1.9645085558295250e-09
940 9.1748046875000000e-01 -1.4501893019769341e-09 -4.9112713895738125e-10 -1.9413164409343153e-09
941 9.1845703125000000e-01 -1.4342731446959078e-09 -4.8612491809763014e-10 -1.9203980627935380e-09
942 9.1943359375000000e-01 -1.4169927453622222e-09 -4.8021320253610611e-10 -1.8972059478983283e-09
943 9.2041015625000000e-01 -1.4001670933794230e-09 -4.7430148697458208e-10 -1.8744685803540051e-09
944 9.2138671875000000e-01 -1.3837961887475103e-09 -4.6929926611483097e-10 -1.8530954548623413e-09
945 9.2236328125000000e-01 -1.3669705367647111e-09 -4.6247805585153401e-10 -1.8294485926162452e-09
946 9.2333984375000000e-01 -1.3496901374310255e-09 -4.5702108764089644e-10 -1.8067112250719219e-09
947 9.2431640625000000e-01 -1.3328644854482263e-09 -4.5156411943025887e-10 -1.7844286048784852e-09
948 9.2529296875000000e-01 -1.3160388334654272e-09 -4.4565240386873484e-10 -1.7616912373341620e-09
949 9.2626953125000000e-01 -1.2992131814826280e-09 -4.3974068830721080e-10 -1.7389538697898388e-09
950 9.2724609375000000e-01 -1.2823875294998288e-09 -4.3473846744745970e-10 -1.7171259969472885e-09
951 9.2822265625000000e-01 -1.2651071301661432e-09 -4.2882675188593566e-10 -1.6939338820520788e-09
952 9.2919921875000000e-01 -1.2482814781833440e-09 -4.2291503632441163e-10 -1.6711965145077556e-09
953 9.3017578125000000e-01 -1.2319105735514313e-09 -4.1745806811377406e-10 -1.6493686416652054e-09
954 9.3115234375000000e-01 -1.2146301742177457e-09 -4.1154635255225003e-10 -1.6261765267699957e-09
955 9.3212890625000000e-01 -1.1973497748840600e-09 -4.0517988963983953e-10 -1.6025296645238996e-09
956 9.3310546875000000e-01 -1.1814336176030338e-09 -4.0063241613097489e-10 -1.5820660337340087e-09
957 9.3408203125000000e-01 -1.1636984709184617e-09 -3.9426595321856439e-10 -1.5579644241370261e-09
958 9.3505859375000000e-01 -1.1466454452602193e-09 -3.8858161133248359e-10 -1.5352270565927029e-09
959 9.3603515625000000e-01 -1.1298197932774201e-09 -3.8289726944640279e-10 -1.5127170627238229e-09
960 9.3701171875000000e-01 -1.1125393939437345e-09 -3.7698555388487875e-10 -1.4895249478286132e-09
961 9.3798828125000000e-01 -1.0959411156363785e-09 -3.7130121199879795e-10 -1.4672423276351765e-09
962 9.3896484375000000e-01 -1.0777512216009200e-09 -3.6493474908638746e-10 -1.4426859706873074e-09
963 9.3994140625000000e-01 -1.0622898116707802e-09 -3.5993252822663635e-10 -1.4222223398974165e-09
964 9.4091796875000000e-01 -1.0443272913107648e-09 -3.5402081266511232e-10 -1.3983481039758772e-09
965 9.4189453125000000e-01 -1.0272742656525224e-09 -3.4833647077903152e-10 -1.3756107364315540e-09
966 9.4287109375000000e-01 -1.0106759873451665e-09 -3.4265212889295071e-10 -1.3533281162381172e-09
967 9.4384765625000000e-01 -9.9339558801148087e-10 -3.3674041333142668e-10 -1.3301360013429075e-09
968 9.4482421875000000e-01 -9.7634256235323846e-10 -3.3105607144534588e-10 -1.3073986337985843e-09
969 9.4580078125000000e-01 -9.5883478934410959e-10 -3.2468960853293538e-10 -1.2835243978770450e-09
970 9.4677734375000000e-01 -9.4223651103675365e-10 -3.1923264032229781e-10 -1.2614691513590515e-09
971 9.4775390625000000e-01 -9.2450136435218155e-10 -3.1309355108533055e-10 -1.2375949154375121e-09
972 9.4873046875000000e-01 -9.0813045972026885e-10 -3.0786395655013621e-10 -1.2159944162704051e-09
973 9.4970703125000000e-01 -8.9016793936025351e-10 -3.0149749363772571e-10 -1.1916654329979792e-09
974 9.5068359375000000e-01 -8.7356966105289757e-10 -2.9581315175164491e-10 -1.1693828128045425e-09
975 9.5166015625000000e-01 -8.5606188804376870e-10 -2.8990143619012088e-10 -1.1459633242338896e-09
976 9.5263671875000000e-01 -8.3878148871008307e-10 -2.8398972062859684e-10 -1.1227712093386799e-09
977 9.5361328125000000e-01 -8.2195583672728390e-10 -2.7830537874251604e-10 -1.1002612154697999e-09
978 9.5458984375000000e-01 -8.0467543739359826e-10 -2.7239366318099201e-10 -1.0770691005745903e-09
979 9.5556640625000000e-01 -7.8762241173535585e-10 -2.6670932129491121e-10 -1.0543317330302671e-09
980 9.5654296875000000e-01 -7.7011463872622699e-10 -2.6079760573338717e-10 -1.0309122444596142e-09
981 9.5751953125000000e-01 -7.5351636041887105e-10 -2.5534063752274960e-10 -1.0088569979416206e-09
982 9.5849609375000000e-01 -7.3623596108518541e-10 -2.4920154828578234e-10 -9.8543750937096775e-10
983 9.5947265625000000e-01 -7.1872818807605654e-10 -2.4374458007514477e-10 -9.6247276815120131e-10
984 9.6044921875000000e-01 -7.0099304139148444e-10 -2.3737811716273427e-10 -9.3837115855421871e-10
985 9.6142578125000000e-01 -6.8462213675957173e-10 -2.3192114895209670e-10 -9.1654328571166843e-10
986 9.6240234375000000e-01 -6.6688699007499963e-10 -2.2600943339057267e-10 -8.9289642346557230e-10
987 9.6337890625000000e-01 -6.4915184339042753e-10 -2.1987034415360540e-10 -8.6902218754403293e-10
988 9.6435546875000000e-01 -6.3278093875851482e-10 -2.1441337594296783e-10 -8.4719431470148265e-10
989 9.6533203125000000e-01 -6.1504579207394272e-10 -2.0850166038144380e-10 -8.2354745245538652e-10
990 9.6630859375000000e-01 -5.9799276641570032e-10 -2.0236257114447653e-10 -8.0035533756017685e-10
991 9.6728515625000000e-01 -5.8048499340657145e-10 -1.9667822925839573e-10 -7.7716322266496718e-10
992 9.6826171875000000e-01 -5.6365934142377228e-10 -1.9110757421003655e-10 -7.5476691563380882e-10
993 9.6923828125000000e-01 -5.4603788157692179e-10 -1.8508217181079090e-10 -7.3112005338771269e-10
994 9.7021484375000000e-01 -5.2898485591867939e-10 -1.7917045624926686e-10 -7.0815531216794625e-10
995 9.7119140625000000e-01 -5.1113602239638567e-10 -1.7314505385002121e-10 -6.8428107624640688e-10
996 9.7216796875000000e-01 -4.9442405725130811e-10 -1.6746071196394041e-10 -6.6188476921524853e-10
997 9.7314453125000000e-01 -4.7691628424217924e-10 -1.6154899640241638e-10 -6.3846528064459562e-10
998 9.7412109375000000e-01 -4.5929482439532876e-10 -1.5563728084089234e-10 -6.1493210523622110e-10
999 9.7509765625000000e-01 -4.4281023292569444e-10 -1.5006662579253316e-10 -5.9287685871822760e-10
1000 9.7607421875000000e-01 -4.2518877307884395e-10 -1.4415491023100913e-10 -5.6934368330985308e-10
1001 9.7705078125000000e-01 -4.0756731323199347e-10 -1.3801582099404186e-10 -5.4558313422603533e-10
1002 9.7802734375000000e-01 -3.8983216654742137e-10 -1.3210410543251783e-10 -5.2193627197993919e-10
1003 9.7900390625000000e-01 -3.7323388824006543e-10 -1.2653345038415864e-10 -4.9976733862422407e-10
1004 9.7998046875000000e-01 -3.5572611523093656e-10 -1.2050804798491299e-10 -4.7623416321584955e-10
1005 9.8095703125000000e-01 -3.3833202905952930e-10 -1.1471001926111057e-10 -4.5304204832063988e-10
1006 9.8193359375000000e-01 -3.2082425605040044e-10 -1.0868461686186492e-10 -4.2950887291226536e-10
1007 9.8291015625000000e-01 -3.0411229090532288e-10 -1.0288658813806251e-10 -4.0699887904338539e-10
1008 9.8388671875000000e-01 -2.8643398763961159e-10 -9.6974872576538473e-11 -3.8340886021615006e-10
1009 9.8486328125000000e-01 -2.6875568437390029e-10 -9.1063157015014440e-11 -3.5981884138891473e-10
1010 9.8583984375000000e-01 -2.5204371922882274e-10 -8.5321971710072830e-11 -3.3736569093889557e-10
1011 9.8681640625000000e-01 -2.3436541596311145e-10 -7.9353412729687989e-11 -3.1371882869279943e-10
1012 9.8779296875000000e-01 -2.1702817321056500e-10 -7.3498540587024763e-11 -2.9052671379758976e-10
1013 9.8876953125000000e-01 -1.9934986994485371e-10 -6.7473138187779114e-11 -2.6682300813263282e-10
1014 9.8974609375000000e-01 -1.8263790479977615e-10 -6.1902483139419928e-11 -2.4454038793919608e-10
1015 9.9072265625000000e-01 -1.6495960153406486e-10 -5.5877080740174279e-11 -2.2083668227423914e-10
1016 9.9169921875000000e-01 -1.4750867194379680e-10 -4.9965365178650245e-11 -1.9747403712244704e-10
1017 9.9267578125000000e-01 -1.2988721209694631e-10 -4.4025227907695808e-11 -1.7391244000464212e-10
1018 9.9365234375000000e-01 -1.1317524695186876e-10 -3.8312464312184602e-11 -1.5148771126405336e-10
1019 9.9462890625000000e-01 -9.5525365395587869e-11 -3.2400748750660568e-11 -1.2792611414624844e-10
1020 9.9560546875000000e-01 -7.7790218711015768e-11 -2.6346924641984515e-11 -1.0413714335300028e-10
1021 9.9658203125000000e-01 -6.1120886130083818e-11 -2.0705215320049319e-11 -8.1826101450133137e-11
1022 9.9755859375000000e-01 -4.3399950300226919e-11 -1.4708234630234074e-11 -5.8108184930460993e-11
1023 9.9853515625000000e-01 -2.6055602120322874e-11 -8.8249407781404443e-12 -3.4880542898463318e-11
1024 9.9951171875000000e-01 3.6594457615279907e-06 1.2198152052889100e-06 4.8792609668169007e-06
