# P x u_num u_exact u_err v_num v_exact v_err psi_num psi_exact psi_err
1 4.8828125000000000e-04 1.5187151312423483e-03 1.5187168284057501e-03 -1.6971634017853149e-09 1.5187150942707949e-03 1.5187168284057501e-03 -1.7341349552082302e-09 3.0374302255131431e-03 3.0374336568115001e-03 -3.4312983569935451e-09
2 1.4648437500000000e-03 4.5561346726682274e-03 4.5561361904760617e-03 -1.5178078342781287e-09 4.5561345617279956e-03 4.5561361904760617e-03 -1.6287480661056342e-09 9.1122692343962239e-03 9.1122723809521234e-03 -3.1465558995164011e-09
3 2.4414062500000000e-03 7.5935113299985500e-03 7.5935126684573539e-03 -1.3384588038595213e-09 7.5935111450285758e-03 7.5935126684573539e-03 -1.5234287780926947e-09 1.5187022475027127e-02 1.5187025336914708e-02 -2.8618875810848543e-09
4 3.4179687500000000e-03 1.0630816514286453e-02 1.0630817673405440e-02 -1.1591189865572948e-09 1.0630816255198929e-02 1.0630817673405440e-02 -1.4182065105616815e-09 2.1261632769485381e-02 2.1261635346810880e-02 -2.5773254988536998e-09
5 4.3945312500000000e-03 1.3668021637257839e-02 1.3668022617048862e-02 -9.7979102262057971e-10 1.3668021303938450e-02 1.3668022617048862e-02 -1.3131104120711612e-09 2.7336042941196289e-02 2.7336045234097724e-02 -2.2929014346917409e-09
6 5.3710937500000000e-03 1.6705098111580413e-02 1.6705098912057976e-02 -8.0047756270684722e-10 1.6705097703888463e-02 1.6705098912057976e-02 -1.2081695123511427e-09 3.3410195815468877e-02 3.3410197824115952e-02 -2.0086470750579899e-09
7 6.3476562500000000e-03 1.9742017351132825e-02 1.9742017972314039e-02 -6.2118121410548177e-10 1.9742016868901497e-02 1.9742017972314039e-02 -1.1034125418918350e-09 3.9484034220034325e-02 3.9484035944628078e-02 -1.7245937525278698e-09
8 7.3242187500000000e-03 2.2778750771273646e-02 2.2778751213178232e-02 -4.4190458584059122e-10 2.2778750214310362e-02 2.2778751213178232e-02 -9.9886787036096436e-10 4.5557500985584004e-02 4.5557502426356464e-02 -1.4407724596710025e-09
9 8.3007812500000000e-03 2.5815269789110414e-02 2.5815270051760788e-02 -2.6265037367245725e-10 2.5815269157197323e-02 2.5815270051760788e-02 -8.9456346497041039e-10 5.1630538946307737e-02 5.1630540103521576e-02 -1.1572138386428676e-09
10 9.2773437500000000e-03 2.8851545823768723e-02 2.8851545907189920e-02 -8.3421197033528571e-11 2.8851545116663171e-02 2.8851545907189920e-02 -7.9052674822888136e-10 5.7703090940431898e-02 5.7703091814379839e-02 -8.7394794179296298e-10
11 1.0253906250000000e-02 3.1887550296661231e-02 3.1887550200880938e-02 9.5780293418723517e-11 3.1887549514096274e-02 3.1887550200880938e-02 -6.8678466386140613e-10 6.3775099810757505e-02 6.3775100401761875e-02 -5.9100437044268261e-10
12 1.1230468750000000e-02 3.4923254631756627e-02 3.4923254356805156e-02 2.7495147131295639e-10 3.4923253773441527e-02 3.4923254356805156e-02 -5.8336362823707688e-10 6.9846508405198154e-02 6.9846508713610311e-02 -3.0841215692412050e-10
13 1.2207031250000000e-02 3.7958630255848676e-02 3.7958629801758938e-02 4.5408973803340302e-10 3.7958629321469727e-02 3.7958629801758938e-02 -4.8028921117992951e-10 7.5917259577318402e-02 7.5917259603517875e-02 -2.6199473146526486e-11
14 1.3183593750000000e-02 4.0993648598824955e-02 4.0993647965632568e-02 6.3319238741144090e-10 4.0993647588046050e-02 4.0993647965632568e-02 -3.7758651760810835e-10 8.1987296186871006e-02 8.1987295931265136e-02 2.5560586980333255e-10
15 1.4160156250000000e-02 4.4028281093936084e-02 4.4028280281679211e-02 8.1225687287300730e-10 4.4028280006399509e-02 4.4028280281679211e-02 -2.7527970181129291e-10 8.8056561100335592e-02 8.8056560563358421e-02 5.3697717106171439e-10
16 1.5136718750000000e-02 4.7062499178064335e-02 4.7062498186783770e-02 9.9128056457731262e-10 4.7062498013391574e-02 4.7062498186783770e-02 -1.7339219643419668e-10 9.4124997191455909e-02 9.4124996373567540e-02 8.1788836814311594e-10
17 1.6113281250000000e-02 5.0096274291992614e-02 5.0096273121731760e-02 1.1702608535002490e-09 5.0096273049785194e-02 5.0096273121731760e-02 -7.1946566759795161e-11 1.0019254734177781e-01 1.0019254624346352e-01 1.0983142867404538e-09
18 1.7089843750000000e-02 5.3129577880673177e-02 5.3129576531478075e-02 1.3491951028621330e-09 5.3129576560513543e-02 5.3129576531478075e-02 2.9035468473992410e-11 1.0625915444118672e-01 1.0625915306295615e-01 1.3782305713361254e-09
19 1.8066406250000000e-02 5.6162381393496559e-02 5.6162379865415807e-02 1.5280807522111139e-09 5.6162379994948955e-02 5.6162379865415807e-02 1.2953314809660554e-10 1.1232476138844552e-01 1.1232475973083161e-01 1.6576139072466134e-09
20 1.9042968750000000e-02 5.9194656284560082e-02 5.9194654577644924e-02 1.7069151578286146e-09 5.9194654807171551e-02 5.9194654577644924e-02 2.2952662687147907e-10 1.1838931109173163e-01 1.1838930915528985e-01 1.9364417847000936e-09
21 2.0019531250000000e-02 6.2226374012936771e-02 6.2226372127241018e-02 1.8856957523238904e-09 6.2226372456238029e-02 6.2226372127241018e-02 3.2899701019051264e-10 1.2445274646917480e-01 1.2445274425448204e-01 2.2146927625144031e-09
22 2.0996093750000000e-02 6.5257506042943780e-02 6.5257503978523881e-02 2.0644198989172580e-09 6.5257504406450340e-02 6.5257503978523881e-02 4.2792645815747932e-10 1.3051501044939412e-01 1.3051500795704776e-01 2.4923463570747373e-09
23 2.1972656250000000e-02 6.8288023844411225e-02 6.8288021601326146e-02 2.2430850787902301e-09 6.8288022127624706e-02 6.8288021601326146e-02 5.2629856028829636e-10 1.3657604597203593e-01 1.3657604320265229e-01 2.7693836390785265e-09
24 2.2949218750000000e-02 7.1317898892950413e-02 7.1317896471261757e-02 2.4216886551631234e-09 7.1317897095358906e-02 7.1317896471261757e-02 6.2409714896016766e-10 1.4263579598830933e-01 1.4263579294252351e-01 3.0457858180010788e-09
25 2.3925781250000000e-02 7.4347102670222667e-02 7.4347100069994496e-02 2.6002281716674958e-09 7.4347100791302079e-02 7.4347100069994496e-02 7.2130758310695597e-10 1.4869420346152473e-01 1.4869420013998899e-01 3.3215357408966639e-09
26 2.4902343750000000e-02 7.7375606664207397e-02 7.7375603885506489e-02 2.7787009082569369e-09 7.7375604703423015e-02 7.7375603885506489e-02 8.1791652617457800e-10 1.5475121136763043e-01 1.5475120777101298e-01 3.5966174483093027e-09
27 2.5878906250000000e-02 8.0403382369470824e-02 8.0403379412366402e-02 2.9571044224407927e-09 8.0403380326277821e-02 8.0403379412366402e-02 9.1391141876506765e-10 1.6080676269574865e-01 1.6080675882473280e-01 3.8710158412058604e-09
28 2.6855468750000000e-02 8.3430401287433981e-02 8.3430398151997834e-02 3.1354361468283187e-09 8.3430399161278923e-02 8.3430398151997834e-02 1.0092810892592396e-09 1.6686080044871290e-01 1.6686079630399567e-01 4.1447172360875584e-09
29 2.7832031250000000e-02 8.6456634926641088e-02 8.6456631612947574e-02 3.3136935140287704e-09 8.6456632716962731e-02 8.6456631612947574e-02 1.1040151570718137e-09 1.7291326764360382e-01 1.7291326322589515e-01 4.4177086711005842e-09
30 2.8808593750000000e-02 8.9482054803027705e-02 8.9482051311153790e-02 3.4918739150180400e-09 8.9482052509258239e-02 8.9482051311153790e-02 1.1981044489850490e-09 1.7896410731228596e-01 1.7896410262230758e-01 4.6899783778808768e-09
31 2.9785156250000000e-02 9.2506632440188974e-02 9.2506628770214039e-02 3.6699749350610489e-09 9.2506630061755094e-02 9.2506628770214039e-02 1.2915410546598949e-09 1.8501326250194405e-01 1.8501325754042808e-01 4.9615159758431560e-09
32 3.0761718750000000e-02 9.5530339369647346e-02 9.5530335521653353e-02 3.8479939928892648e-09 9.5530336905971305e-02 9.5530335521653353e-02 1.3843179519357207e-09 1.9106067627561865e-01 1.9106067104330671e-01 5.2323119448249855e-09
33 3.1738281250000000e-02 9.8553147131120844e-02 9.8553143105192212e-02 4.0259286321342458e-09 9.8553144581621663e-02 9.8553143105192212e-02 1.4764294509195253e-09 1.9710629171274252e-01 1.9710628621038442e-01 5.5023580969315589e-09
34 3.2714843750000000e-02 1.0157502727279080e-01 1.0157502306901446e-01 4.2037763409163986e-09 1.0157502463688507e-01 1.0157502306901446e-01 1.5678706111188490e-09 2.0315005190967589e-01 2.0315004613802892e-01 5.7716469659130354e-09
35 3.3691406250000000e-02 1.0459595135156954e-01 1.0459594697003499e-01 4.3815345518449789e-09 1.0459594862867258e-01 1.0459594697003499e-01 1.6586375883864690e-09 2.0919189998024212e-01 2.0919189394006998e-01 6.0401721402314479e-09
36 3.4667968750000000e-02 1.0761589093336840e-01 1.0761588637416750e-01 4.5592009056960592e-09 1.0761588812289546e-01 1.0761588637416750e-01 1.7487279679873069e-09 2.1523177905626387e-01 2.1523177274833499e-01 6.3079288736833661e-09
37 3.5644531250000000e-02 1.1063481759336505e-01 1.1063481285659217e-01 4.7367728767122586e-09 1.1063481469473237e-01 1.1063481285659217e-01 1.8381401956091281e-09 2.2126963228809743e-01 2.2126962571318434e-01 6.5749130861991745e-09
38 3.6621093750000000e-02 1.1365270291627114e-01 1.1365269800202327e-01 4.9142478697472569e-09 1.1365269992889675e-01 1.1365269800202327e-01 1.9268734802180276e-09 2.2730540284516787e-01 2.2730539600404653e-01 6.8411213360874967e-09
39 3.7597656250000000e-02 1.1666951849660004e-01 1.1666951340497639e-01 5.0916236504772172e-09 1.1666951541990474e-01 1.1666951340497639e-01 2.0149283491699421e-09 2.3333903391650479e-01 2.3333902680995278e-01 7.1065520135249471e-09
40 3.8574218750000000e-02 1.1968523593893360e-01 1.1968523067003603e-01 5.2688975682446682e-09 1.1968523277234169e-01 1.1968523067003603e-01 2.1023056628877157e-09 2.3937046871127529e-01 2.3937046134007206e-01 7.3712032311323838e-09
41 3.9550781250000000e-02 1.2269982685819011e-01 1.2269982141212275e-01 5.4460673609701971e-09 1.2269982360113084e-01 1.2269982141212275e-01 2.1890080859066074e-09 2.4539965045932094e-01 2.4539964282424551e-01 7.6350754329990167e-09
42 4.0527343750000000e-02 1.2571326287989090e-01 1.2571325725676044e-01 5.6231304612630595e-09 1.2571325953179865e-01 1.2571325725676044e-01 2.2750382133729374e-09 2.5142652241168956e-01 2.5142651451352088e-01 7.8981686746359969e-09
43 4.1503906250000000e-02 1.2872551564042781e-01 1.2872550984034317e-01 5.8000846347994184e-09 1.2872551220074355e-01 1.2872550984034317e-01 2.3604003751565017e-09 2.5745102784117135e-01 2.5745101968068634e-01 8.1604850099559201e-09
44 4.2480468750000000e-02 1.3173655678732979e-01 1.3173655081040253e-01 5.9769272586773781e-09 1.3173655325550176e-01 1.3173655081040253e-01 2.4450992341940037e-09 2.6347311004283158e-01 2.6347310162080506e-01 8.4220265206269573e-09
45 4.3457031250000000e-02 1.3474635797953016e-01 1.3474635182587408e-01 6.1536560846953137e-09 1.3474635435501406e-01 1.3474635182587408e-01 2.5291399807780834e-09 2.6949271233454419e-01 2.6949270365174816e-01 8.6827960377178215e-09
46 4.4433593750000000e-02 1.3775489088763312e-01 1.3775488455736443e-01 6.3302686981181466e-09 1.3775488716989351e-01 1.3775488455736443e-01 2.6125290819578595e-09 2.7550977805752663e-01 2.7550976911472885e-01 8.9427977800760061e-09
47 4.5410156250000000e-02 1.4076212719418041e-01 1.4076212068741767e-01 6.5067627397219496e-09 1.4076212338269095e-01 1.4076212068741767e-01 2.6952732823382064e-09 2.8152425057687136e-01 2.8152424137483534e-01 9.2020360220601560e-09
48 4.6386718750000000e-02 1.4376803859391793e-01 1.4376803191078211e-01 6.6831358225272197e-09 1.4376803468816260e-01 1.4376803191078211e-01 2.7773804922581746e-09 2.8753607328208053e-01 2.8753606382156421e-01 9.4605163147853943e-09
49 4.7363281250000000e-02 1.4677259679406210e-01 1.4677258993467646e-01 6.8593856428211808e-09 1.4677259279353511e-01 1.4677258993467646e-01 2.8588586498123902e-09 2.9354518958759723e-01 2.9354517986935291e-01 9.7182443203891467e-09
50 4.8339843750000000e-02 1.4977577351456625e-01 1.4977576647905638e-01 7.0355098691354812e-09 1.4977576941877305e-01 1.4977576647905638e-01 2.9397166645406259e-09 2.9955154293333930e-01 2.9955153295811277e-01 9.9752265336761070e-09
51 4.9316406250000000e-02 1.5277754048838660e-01 1.5277753327688043e-01 7.2115061700017691e-09 1.5277753629684432e-01 1.5277753327688043e-01 3.0199638900718639e-09 3.0555507678523092e-01 3.0555506655376086e-01 1.0231470060073633e-08
52 5.0292968750000000e-02 1.5577786946174849e-01 1.5577786207437630e-01 7.3873721861961172e-09 1.5577786517398592e-01 1.5577786207437630e-01 3.0996096245239357e-09 3.1155573463573438e-01 3.1155572414875260e-01 1.0486981782964477e-08
53 5.1269531250000000e-02 1.5877673219441235e-01 1.5877672463130671e-01 7.5631056417613252e-09 1.5877672780997124e-01 1.5877672463130671e-01 3.1786645260378776e-09 3.1755346000438356e-01 3.1755344926261342e-01 1.0741770140043627e-08
54 5.2246093750000000e-02 1.6177410045993953e-01 1.6177409272123514e-01 7.7387043995180704e-09 1.6177409597837444e-01 1.6177409272123514e-01 3.2571393082658773e-09 3.2354819643831401e-01 3.2354818544247027e-01 1.0995843735539523e-08
55 5.3222656250000000e-02 1.6476994604595749e-01 1.6476993813179158e-01 7.9141659059533964e-09 1.6476994146683618e-01 1.6476993813179158e-01 3.3350446015933954e-09 3.2953988751279367e-01 3.2953987626358316e-01 1.1249210507546792e-08
56 5.4199218750000000e-02 1.6776424075442617e-01 1.6776423266493809e-01 8.0894880793991319e-09 1.6776423607733024e-01 1.6776423266493809e-01 3.4123921466289175e-09 3.3552847683175641e-01 3.3552846532987618e-01 1.1501880226028049e-08
57 5.5175781250000000e-02 1.7075695640190278e-01 1.7075694813723413e-01 8.2646686438980765e-09 1.7075695162642748e-01 1.7075694813723413e-01 3.4891933509140216e-09 3.4151390802833026e-01 3.4151389627446826e-01 1.1753861994812098e-08
58 5.6152343750000000e-02 1.7374806481980745e-01 1.7374805638010196e-01 8.4397054900264834e-09 1.7374805994556203e-01 1.7374805638010196e-01 3.5654600660794955e-09 3.4749612476536951e-01 3.4749611276020392e-01 1.2005165583861555e-08
59 5.7128906250000000e-02 1.7673753785468774e-01 1.7673752924009156e-01 8.6145961752936984e-09 1.7673753288129607e-01 1.7673752924009156e-01 3.6412045045786101e-09 3.5347507073598383e-01 3.5347505848018312e-01 1.2255800707627884e-08
60 5.8105468750000000e-02 1.7972534736848444e-01 1.7972533857914588e-01 8.7893385625203990e-09 1.7972534229558487e-01 1.7972533857914588e-01 3.7164389898869388e-09 3.5945068966406934e-01 3.5945067715829176e-01 1.2505777580162913e-08
61 5.9082031250000000e-02 1.8271146523879608e-01 1.8271145627486557e-01 8.9639305145272630e-09 1.8271146006604183e-01 1.8271145627486557e-01 3.7911762618136891e-09 3.6542292530483789e-01 3.6542291254973114e-01 1.2755106748585376e-08
62 6.0058593750000000e-02 1.8569586335914345e-01 1.8569585422077353e-01 9.1383699218905434e-09 1.8569585808620170e-01 1.8569585422077353e-01 3.8654281719896488e-09 3.7139172144534516e-01 3.7139170844154706e-01 1.3003798093880192e-08
63 6.1035156250000000e-02 1.8867851363923424e-01 1.8867850432657970e-01 9.3126545364086155e-09 1.8867850826578711e-01 1.8867850432657970e-01 3.9392074047128744e-09 3.7735702190502135e-01 3.7735700865315941e-01 1.3251861941121490e-08
64 6.2011718750000000e-02 1.9165938800522753e-01 1.9165937851844544e-01 9.4867820821242788e-09 1.9165938253097217e-01 1.9165937851844544e-01 4.0125267275481491e-09 3.8331877053619967e-01 3.8331875703689089e-01 1.3499308781916852e-08
65 6.2988281250000000e-02 1.9463845839999824e-01 1.9463844873924752e-01 9.6607507271695425e-09 1.9463845282464648e-01 1.9463844873924752e-01 4.0853989635714072e-09 3.8927691122464469e-01 3.8927689747849503e-01 1.3746149662985374e-08
66 6.3964843750000000e-02 1.9761569678340052e-01 1.9761568694884246e-01 9.8345580568093283e-09 1.9761569110667915e-01 1.9761568694884246e-01 4.1578366860584026e-09 3.9523138789007967e-01 3.9523137389768492e-01 1.3992394742867731e-08
67 6.4941406250000000e-02 2.0059107513253244e-01 2.0059106512433039e-01 1.0008202044886616e-08 2.0059106935418258e-01 2.0059106512433039e-01 4.2298521907291331e-09 4.0118214448671502e-01 4.0118213024866078e-01 1.4238054235615749e-08
68 6.5917968750000000e-02 2.0356456544199941e-01 2.0356455526031869e-01 1.0181680720755537e-08 2.0356455956177699e-01 2.0356455526031869e-01 4.3014583006595331e-09 4.0712912500377640e-01 4.0712911052063738e-01 1.4483139021415070e-08
69 6.6894531250000000e-02 2.0653613972417773e-01 2.0653612936918583e-01 1.0354991891725618e-08 2.0653613374185320e-01 2.0653612936918583e-01 4.3726673670807514e-09 4.1307227346603093e-01 4.1307225873837167e-01 1.4727659258806369e-08
70 6.7871093750000000e-02 2.0950577000947793e-01 2.0950575948134453e-01 1.0528133392861960e-08 2.0950576392483602e-01 2.0950575948134453e-01 4.4434914914237567e-09 4.1901153393431395e-01 4.1901151896268907e-01 1.4971624884285717e-08
71 6.8847656250000000e-02 2.1247342834660843e-01 2.1247341764550523e-01 1.0701103198007544e-08 2.1247342215944851e-01 2.1247341764550523e-01 4.5139432747198782e-09 4.2494685050605696e-01 4.2494683529101046e-01 1.5215046500482998e-08
72 6.9824218750000000e-02 2.1543908680283841e-01 2.1543907592893904e-01 1.0873899364272077e-08 2.1543908051297342e-01 2.1543907592893904e-01 4.5840343743108747e-09 4.3087816731581186e-01 4.3087815185787809e-01 1.5457933766338527e-08
73 7.0800781250000000e-02 2.1840271746426068e-01 2.1840270641774073e-01 1.1046519948765265e-08 2.1840271107151660e-01 2.1840270641774073e-01 4.6537758646714167e-09 4.3680542853577731e-01 4.3680541283548147e-01 1.5700295841192258e-08
74 7.1777343750000000e-02 2.2136429243605427e-01 2.2136428121709145e-01 1.1218962814307787e-08 2.2136428594027180e-01 2.2136428121709145e-01 4.7231803468328337e-09 4.4272857837632607e-01 4.4272856243418290e-01 1.5942143161140621e-08
75 7.2753906250000000e-02 2.2432378384274740e-01 2.2432377245152132e-01 1.1391226073520500e-08 2.2432377724378000e-01 2.2432377245152132e-01 4.7922586732251915e-09 4.4864756108652737e-01 4.4864754490304265e-01 1.6183484718990115e-08
76 7.3730468750000000e-02 2.2728116382847929e-01 2.2728115226517168e-01 1.1563307616979657e-08 2.2728115712619343e-01 2.2728115226517168e-01 4.8610217517897070e-09 4.5456232095467275e-01 4.5456230453034335e-01 1.6424329396524939e-08
77 7.4707031250000000e-02 2.3023640455726310e-01 2.3023639282205743e-01 1.1735205668328419e-08 2.3023639775153817e-01 2.3023639282205743e-01 4.9294807402677776e-09 4.6047280230880128e-01 4.6047278564411487e-01 1.6664686408596197e-08
78 7.5683593750000000e-02 2.3318947821324706e-01 2.3318946630632892e-01 1.1906918145898615e-08 2.3318947130397524e-01 2.3318946630632892e-01 4.9976463245560154e-09 4.6637894951722231e-01 4.6637893261265784e-01 1.6904564470454631e-08
79 7.6660156250000000e-02 2.3614035700097694e-01 2.3614034492253388e-01 1.2078443051288801e-08 2.3614034998806299e-01 2.3614034492253388e-01 5.0655291072843056e-09 4.7228070698903990e-01 4.7228068984506777e-01 1.7143972130817531e-08
80 7.7636718750000000e-02 2.3908901314565753e-01 2.3908900089587895e-01 1.2249778580386561e-08 2.3908900602901728e-01 2.3908900089587895e-01 5.1331383310593282e-09 4.7817801917467484e-01 4.7817800179175790e-01 1.7382916939201465e-08
81 7.8613281250000000e-02 2.4203541889341387e-01 2.4203540647249111e-01 1.2420922762546027e-08 2.4203541167297521e-01 2.4203540647249111e-01 5.2004840989106071e-09 4.8407083056638911e-01 4.8407081294498222e-01 1.7621406889212210e-08
82 7.9589843750000000e-02 2.4497954651155274e-01 2.4497953391967889e-01 1.2591873849165935e-08 2.4497953918725476e-01 2.4497953391967889e-01 5.2675758754894275e-09 4.8995908569880753e-01 4.8995906783935778e-01 1.7859449752410939e-08
83 8.0566406250000000e-02 2.4792136828882341e-01 2.4792135552619357e-01 1.2762629841844841e-08 2.4792136086061659e-01 2.4792135552619357e-01 5.3344230144247717e-09 4.9584272914944000e-01 4.9584271105238714e-01 1.8097052856269613e-08
84 8.1542968750000000e-02 2.5086085653567886e-01 2.5086084360248978e-01 1.2933189075248208e-08 2.5086084900352451e-01 2.5086084360248978e-01 5.4010347305677442e-09 5.0172170553920337e-01 5.0172168720497956e-01 1.8334223805815952e-08
85 8.2519531250000000e-02 2.5379798358453554e-01 2.5379797048098629e-01 1.3103549245663260e-08 2.5379797594840520e-01 2.5379797048098629e-01 5.4674189065018197e-09 5.0759595953294068e-01 5.0759594096197258e-01 1.8570968096653928e-08
86 8.3496093750000000e-02 2.5673272179003515e-01 2.5673270851632618e-01 1.3273708965311215e-08 2.5673271404991022e-01 2.5673270851632618e-01 5.5335840354331367e-09 5.1346543583994531e-01 5.1346541703265236e-01 1.8807292945233200e-08
87 8.4472656250000000e-02 2.5966504352930381e-01 2.5966503008563740e-01 1.3443666402324084e-08 2.5966503568517563e-01 2.5966503008563740e-01 5.5995382219897749e-09 5.1933007921447949e-01 5.1933006017127481e-01 1.9043204679825010e-08
88 8.5449218750000000e-02 2.6259492120221217e-01 2.6259490758879278e-01 1.3613419391766968e-08 2.6259491325408185e-01 2.6259490758879278e-01 5.6652890711994530e-09 5.2518983445629397e-01 5.2518981517758556e-01 1.9278708407455269e-08
89 8.6425781250000000e-02 2.6552232723163577e-01 2.6552231344866922e-01 1.3782966545861086e-08 2.6552231917951280e-01 2.6552231344866922e-01 5.7308435774672262e-09 5.3104464641114857e-01 5.3104462689733845e-01 1.9513810123328312e-08
90 8.7402343750000000e-02 2.6844723406371407e-01 2.6844722011140792e-01 1.3952306143760751e-08 2.6844722590761672e-01 2.6844722011140792e-01 5.7962087907093007e-09 5.3689445997133078e-01 5.3689444022281585e-01 1.9748514934470052e-08
91 8.8378906250000000e-02 2.7136961416810945e-01 2.7136960004667349e-01 1.4121435965019913e-08 2.7136960590806530e-01 2.7136960004667349e-01 5.8613918163530343e-09 5.4273922007617470e-01 5.4273920009334697e-01 1.9982827725861796e-08
92 8.9355468750000000e-02 2.7428944003826738e-01 2.7428942574791287e-01 1.4290354510837489e-08 2.7428943167431247e-01 2.7428942574791287e-01 5.9263995932923308e-09 5.4857887171257991e-01 5.4857885149582575e-01 2.0216754159640971e-08
93 9.0332031250000000e-02 2.7720668419167499e-01 2.7720666973261465e-01 1.4459060337923546e-08 2.7720667572385282e-01 2.7720666973261465e-01 5.9912381722426744e-09 5.5441335991552787e-01 5.5441333946522930e-01 2.0450298565677372e-08
94 9.1308593750000000e-02 2.8012131917011895e-01 2.8012130454256751e-01 1.4627551447876641e-08 2.8012131059848028e-01 2.8012130454256751e-01 6.0559127712522809e-09 5.6024262976859918e-01 5.6024260908513501e-01 2.0683464163617771e-08
95 9.2285156250000000e-02 2.8303331753994448e-01 2.8303330274411831e-01 1.4795826175362237e-08 2.8303330886454781e-01 2.8303330274411831e-01 6.1204294965477857e-09 5.6606662640449223e-01 5.6606660548823662e-01 2.0916255616398871e-08
96 9.3261718750000000e-02 2.8594265189231405e-01 2.8594263692843114e-01 1.4963882910556947e-08 2.8594264311322426e-01 2.8594263692843114e-01 6.1847931220881947e-09 5.7188529500553831e-01 5.7188527385686228e-01 2.1148676032645142e-08
97 9.4238281250000000e-02 2.8884929484346461e-01 2.8884927971174462e-01 1.5131719988126235e-08 2.8884928596075460e-01 2.8884927971174462e-01 6.2490099761447482e-09 5.7769858080421921e-01 5.7769855942348924e-01 2.1380729964270984e-08
98 9.5214843750000000e-02 2.9175321903496554e-01 2.9175320373562996e-01 1.5299335576202111e-08 2.9175321004871391e-01 2.9175320373562996e-01 6.3130839444980325e-09 5.8350642908367945e-01 5.8350640747125992e-01 2.1612419520700143e-08
99 9.6191406250000000e-02 2.9465439713397651e-01 2.9465438166724817e-01 1.5466728342516944e-08 2.9465438804426819e-01 2.9465438166724817e-01 6.3770200231516583e-09 5.8930878517824470e-01 5.8930876333449633e-01 2.1843748365668603e-08
100 9.7167968750000000e-02 2.9755280183350413e-01 2.9755278619960768e-01 1.5633896455202745e-08 2.9755279264042889e-01 2.9755278619960768e-01 6.4408212097077921e-09 5.9510559447393296e-01 5.9510557239921535e-01 2.2074717609399386e-08
101 9.8144531250000000e-02 3.0044840585265969e-01 3.0044839005182122e-01 1.5800838470969580e-08 3.0044839655631361e-01 3.0044839005182122e-01 6.5044923891477424e-09 6.0089680240897336e-01 6.0089678010364245e-01 2.2305330915628474e-08
102 9.9121093750000000e-02 3.0334118193691528e-01 3.0334116596936250e-01 1.5967552779994065e-08 3.0334117253739989e-01 3.0334116596936250e-01 6.5680373917409440e-09 6.0668235447431518e-01 6.0668233193872501e-01 2.2535590171735009e-08
103 1.0009765625000000e-01 3.0623110285836030e-01 3.0623108672432292e-01 1.6134037383874755e-08 3.0623109335578241e-01 3.0623108672432292e-01 6.6314594926453196e-09 6.1246219621414277e-01 6.1246217344864584e-01 2.2765496932031226e-08
104 1.0107421875000000e-01 3.0911814141595906e-01 3.0911812511566766e-01 1.6300291394433231e-08 3.0911813181043085e-01 3.0911812511566766e-01 6.6947631882641190e-09 6.1823627322638997e-01 6.1823625023133533e-01 2.2995054638208501e-08
105 1.0205078125000000e-01 3.1200227043580464e-01 3.1200225396949205e-01 1.6466312591223442e-08 3.1200226072744264e-01 3.1200225396949205e-01 6.7579505880210888e-09 6.2400453116324728e-01 6.2400450793898410e-01 2.3224263179244531e-08
106 1.0302734375000000e-01 3.1488346277137663e-01 3.1488344613927660e-01 1.6632100030555819e-08 3.1488345296030151e-01 3.1488344613927660e-01 6.8210249115630006e-09 6.2976691573167809e-01 6.2976689227855320e-01 2.3453124886607668e-08
107 1.0400390625000000e-01 3.1776169130379567e-01 3.1776167450614345e-01 1.6797652213629277e-08 3.1776168139013239e-01 3.1776167450614345e-01 6.8839889344474159e-09 6.3552337269392800e-01 6.3552334901228691e-01 2.3681641092565542e-08
108 1.0498046875000000e-01 3.2063692894207829e-01 3.2063691197911109e-01 1.6962967197553525e-08 3.2063691892595536e-01 3.2063691197911109e-01 6.9468442664977204e-09 6.4127384786803365e-01 6.4127382395822219e-01 2.3909811464051245e-08
109 1.0595703125000000e-01 3.2350914862339303e-01 3.2350913149534938e-01 1.7128043650060931e-08 3.2350913850494334e-01 3.2350913149534938e-01 7.0095939608272317e-09 6.4701828712833631e-01 6.4701826299069876e-01 2.4137637555377012e-08
110 1.0693359375000000e-01 3.2637832331331457e-01 3.2637830602043438e-01 1.7292880183372716e-08 3.2637831309267584e-01 3.2637830602043438e-01 7.0722414591273264e-09 6.5275663640599046e-01 6.5275661204086877e-01 2.4365121698011194e-08
111 1.0791015625000000e-01 3.2924442600607795e-01 3.2924440854860271e-01 1.7457475243176646e-08 3.2924441568339002e-01 3.2924440854860271e-01 7.1347873165095166e-09 6.5848884168946797e-01 6.5848881709720541e-01 2.4592262559686162e-08
112 1.0888671875000000e-01 3.3210742972483315e-01 3.3210741210300576e-01 1.7621827386182787e-08 3.3210741930024001e-01 3.3210741210300576e-01 7.1972342530202127e-09 6.6421484902507322e-01 6.6421482420601152e-01 2.4819061694714151e-08
113 1.0986328125000000e-01 3.3496730752189896e-01 3.3496728973596379e-01 1.7785935169101208e-08 3.3496729699554756e-01 3.3496728973596379e-01 7.2595837674604979e-09 6.6993460451744657e-01 6.6993457947192758e-01 2.5045518992072857e-08
114 1.1083984375000000e-01 3.3782403247901638e-01 3.3782401452921929e-01 1.7949797093130826e-08 3.3782402185105642e-01 3.3782401452921929e-01 7.3218371365868506e-09 6.7564805433007280e-01 6.7564802905843857e-01 2.5271634229717677e-08
115 1.1181640625000000e-01 3.4067757770760254e-01 3.4067755959419060e-01 1.8113411937026314e-08 3.4067756697818635e-01 3.4067755959419060e-01 7.3839957481780516e-09 6.8135514468578884e-01 6.8135511918838121e-01 2.5497407629693214e-08
116 1.1279296875000000e-01 3.4352791634900315e-01 3.4352789807222478e-01 1.8276778368520041e-08 3.4352790551828655e-01 3.4352789807222478e-01 7.4460617671689988e-09 6.8705582186728975e-01 6.8705579614444956e-01 2.5722840191200191e-08
117 1.1376953125000000e-01 3.4637502157474526e-01 3.4637500313485048e-01 1.8439894777788624e-08 3.4637501064288639e-01 3.4637500313485048e-01 7.5080359152046583e-09 6.9275003221763165e-01 6.9275000626970096e-01 2.5947930692993282e-08
118 1.1474609375000000e-01 3.4921886658679058e-01 3.4921884798403058e-01 1.8602759999097884e-08 3.4921885555394944e-01 3.4921884798403058e-01 7.5699188584188448e-09 6.9843772214074007e-01 6.9843769596806116e-01 2.6172678913027880e-08
119 1.1572265625000000e-01 3.5205942461778689e-01 3.5205940585241419e-01 1.8765372700180194e-08 3.5205941348412589e-01 3.5205940585241419e-01 7.6317117070345830e-09 7.0411883810191278e-01 7.0411881170482837e-01 2.6397084407214777e-08
120 1.1669921875000000e-01 3.5489666893132038e-01 3.5489665000358900e-01 1.8927731382234469e-08 3.5489665769700446e-01 3.5489665000358900e-01 7.6934154602525950e-09 7.0979332662832484e-01 7.0979330000717800e-01 2.6621146842487065e-08
121 1.1767578125000000e-01 3.5773057282216691e-01 3.5773055373233242e-01 1.9089834490948476e-08 3.5773056148736349e-01 3.5773055373233242e-01 7.7550310617624518e-09 7.1546113430953040e-01 7.1546110746466485e-01 2.6844865552710928e-08
122 1.1865234375000000e-01 3.6056110961654436e-01 3.6056109036486322e-01 1.9251681138143795e-08 3.6056109818142190e-01 3.6056109036486322e-01 7.8165586780976071e-09 7.2112220779796621e-01 7.2112218072972645e-01 2.7068239760730251e-08
123 1.1962890625000000e-01 3.6338825267236263e-01 3.6338823325909270e-01 1.9413269936041644e-08 3.6338824113709173e-01 3.6338823325909270e-01 7.8779990309030268e-09 7.2677649380945430e-01 7.2677646651818539e-01 2.7291268911433519e-08
124 1.2060546875000000e-01 3.6621197537947442e-01 3.6621195580487514e-01 1.9574599274818638e-08 3.6621196374422810e-01 3.6621195580487514e-01 7.9393529528459794e-09 7.3242393912370252e-01 7.3242391160975029e-01 2.7513952227664618e-08
125 1.2158203125000000e-01 3.6903225115992677e-01 3.6903223142425862e-01 1.9735668155274055e-08 3.6903223942487989e-01 3.6903223142425862e-01 8.0006212765937335e-09 7.3806449058480661e-01 7.3806446284851723e-01 2.7736289376356638e-08
126 1.2255859375000000e-01 3.7184905346821029e-01 3.7184903357173488e-01 1.9896475411673720e-08 3.7184904163353910e-01 3.7184903357173488e-01 8.0618042241908938e-09 7.4369809510174933e-01 7.4369806714346975e-01 2.7958279580353462e-08
127 1.2353515625000000e-01 3.7466235579150897e-01 3.7466233573448932e-01 2.0057019656238850e-08 3.7466234385739067e-01 3.7466233573448932e-01 8.1229013515482507e-09 7.4932469964889958e-01 7.4932467146897863e-01 2.8179920952275950e-08
128 1.2451171875000000e-01 3.7747213164994986e-01 3.7747211143265058e-01 2.0217299279146062e-08 3.7747211961656357e-01 3.7747211143265058e-01 8.1839129917327114e-09 7.5494425126651343e-01 7.5494422286530116e-01 2.8401212270878773e-08
129 1.2548828125000000e-01 3.8027835459685311e-01 3.8027833421953960e-01 2.0377313503239236e-08 3.8027834246437897e-01 3.8027833421953960e-01 8.2448393667888809e-09 7.6055669706123208e-01 7.6055666843907921e-01 2.8622152870028117e-08
130 1.2646484375000000e-01 3.8308099821897995e-01 3.8308097768191884e-01 2.0537061107273047e-08 3.8308098598759999e-01 3.8308097768191884e-01 8.3056811428505739e-09 7.6616198420657988e-01 7.6616195536383769e-01 2.8842742194612470e-08
131 1.2744140625000000e-01 3.8588003613678146e-01 3.8588001544024064e-01 2.0696540814491016e-08 3.8588002380667841e-01 3.8588001544024064e-01 8.3664377648062782e-09 7.7176005994345986e-01 7.7176003088048128e-01 2.9062978579297294e-08
132 1.2841796875000000e-01 3.8867544200464699e-01 3.8867542114889569e-01 2.0855751292625513e-08 3.8867542957600526e-01 3.8867542114889569e-01 8.4271095657229012e-09 7.7735087158065230e-01 7.7735084229779139e-01 2.9282860913859565e-08
133 1.2939453125000000e-01 3.9146718951115206e-01 3.9146716849646079e-01 2.1014691264920060e-08 3.9146717698415728e-01 3.9146716849646079e-01 8.4876964900892915e-09 7.8293436649530934e-01 7.8293433699292159e-01 2.9502387755009352e-08
134 1.3037109375000000e-01 3.9425525237930659e-01 3.9425523120594652e-01 2.1173360065240843e-08 3.9425523975414473e-01 3.9425523120594652e-01 8.5481982048385419e-09 7.8851049213345137e-01 7.8851046241189304e-01 2.9721558325590536e-08
135 1.3134765625000000e-01 3.9703960436680102e-01 3.9703958303504505e-01 2.1331755972742172e-08 3.9703959164366048e-01 3.9703958303504505e-01 8.6086154316156183e-09 7.9407919601046151e-01 7.9407916607009010e-01 2.9940371404357791e-08
136 1.3232421875000000e-01 3.9982021926625466e-01 3.9982019777637640e-01 2.1489878265779083e-08 3.9982020644532351e-01 3.9982019777637640e-01 8.6689471157086473e-09 7.9964042571157812e-01 7.9964039555275279e-01 3.0158825325976579e-08
137 1.3330078125000000e-01 4.0259707090546121e-01 4.0259704925773576e-01 2.1647725445550492e-08 4.0259705798692907e-01 4.0259704925773576e-01 8.7291933126287802e-09 8.0519412889239028e-01 8.0519409851547152e-01 3.0376918758179272e-08
138 1.3427734375000000e-01 4.0537013314763565e-01 4.0537011134233930e-01 2.1805296346322223e-08 4.0537012013169327e-01 4.0537011134233930e-01 8.7893539668648657e-09 8.1074025327932886e-01 8.1074022268467860e-01 3.0594650257675937e-08
139 1.3525390625000000e-01 4.0813937989166071e-01 4.0813935792907069e-01 2.1962590024404705e-08 4.0813936677849949e-01 4.0813935792907069e-01 8.8494288008611477e-09 8.1627874667016020e-01 8.1627871585814138e-01 3.0812018825265852e-08
140 1.3623046875000000e-01 4.1090478507233158e-01 4.1090476295272627e-01 2.2119605314063762e-08 4.1090477186214347e-01 4.1090476295272627e-01 8.9094172039949626e-09 8.2180955693447499e-01 8.2180952590545253e-01 3.1029022462547573e-08
141 1.3720703125000000e-01 4.1366632266060199e-01 4.1366630038426083e-01 2.2276341160587521e-08 4.1366630935357951e-01 4.1366630038426083e-01 8.9693186766659494e-09 8.2733263201418150e-01 8.2733260076852166e-01 3.1245659837253470e-08
142 1.3818359375000000e-01 4.1642396666382903e-01 4.1642394423103235e-01 2.2432796675797562e-08 4.1642395326016662e-01 4.1642394423103235e-01 9.0291342735859814e-09 8.3284791992399565e-01 8.3284788846206470e-01 3.1461930949383543e-08
143 1.3916015625000000e-01 4.1917769112601722e-01 4.1917766853704674e-01 2.2588970471915104e-08 4.1917767762590907e-01 4.1917766853704674e-01 9.0888623294205217e-09 8.3835536875192629e-01 8.3835533707409349e-01 3.1677832801335626e-08
144 1.4013671875000000e-01 4.2192747012806375e-01 4.2192744738320193e-01 2.2744861827295182e-08 4.2192745653170510e-01 4.2192744738320193e-01 9.1485031772364778e-09 8.4385492665976880e-01 8.4385489476640385e-01 3.1893364949020508e-08
145 1.4111328125000000e-01 4.2467327778800135e-01 4.2467325488753233e-01 2.2900469021092107e-08 4.2467326409558814e-01 4.2467325488753233e-01 9.2080558178331273e-09 8.4934654188358949e-01 8.4934650977506465e-01 3.2108524838925234e-08
146 1.4208984375000000e-01 4.2741508826124353e-01 4.2741506520545192e-01 2.3055791609216669e-08 4.2741507447297261e-01 4.2741506520545192e-01 9.2675206952996803e-09 8.5483016273421608e-01 8.5483013041090383e-01 3.2323312249005198e-08
147 1.4306640625000000e-01 4.3015287574082606e-01 4.3015285252999769e-01 2.3210828370423542e-08 4.3015286185689444e-01 4.3015285252999769e-01 9.3268967549242632e-09 8.6030573759772055e-01 8.6030570505999537e-01 3.2537725180858956e-08
148 1.4404296875000000e-01 4.3288661445765098e-01 4.3288659109207284e-01 2.3365578138978549e-08 4.3288660047825578e-01 4.3288659109207284e-01 9.3861829419950027e-09 8.6577321493590675e-01 8.6577318218414567e-01 3.2751761080973552e-08
149 1.4501953125000000e-01 4.3561627868072844e-01 4.3561625516068875e-01 2.3520039693636363e-08 4.3561626460606873e-01 4.3561625516068875e-01 9.4453799781568648e-09 8.7123254328679711e-01 8.7123251032137750e-01 3.2965419616282077e-08
150 1.4599609375000000e-01 4.3834184271741988e-01 4.3834181904320763e-01 2.3674212257240868e-08 4.3834182854769438e-01 4.3834181904320763e-01 9.5044867531868249e-09 8.7668367126511426e-01 8.7668363808641525e-01 3.3178699010427692e-08
151 1.4697265625000000e-01 4.4106328091367880e-01 4.4106325708558425e-01 2.3828094553035584e-08 4.4106326664908757e-01 4.4106325708558425e-01 9.5635033225960342e-09 8.8212654756276643e-01 8.8212651417116850e-01 3.3391597931142769e-08
152 1.4794921875000000e-01 4.4378056765429319e-01 4.4378054367260727e-01 2.3981685914886697e-08 4.4378055329503729e-01 4.4378054367260727e-01 9.6224300194514001e-09 8.8756112094933048e-01 8.8756108734521455e-01 3.3604115934338097e-08
153 1.4892578125000000e-01 4.4649367736312612e-01 4.4649365322814050e-01 2.4134985621149241e-08 4.4649366290940473e-01 4.4649365322814050e-01 9.6812642347288147e-09 8.9298734027253079e-01 8.9298730645628099e-01 3.3816249800366904e-08
154 1.4990234375000000e-01 4.4920258450335560e-01 4.4920256021536342e-01 2.4287992173022133e-08 4.4920256995537089e-01 4.4920256021536342e-01 9.7400074672293613e-09 8.9840515445872648e-01 8.9840512043072684e-01 3.4027999640251494e-08
155 1.5087890625000000e-01 4.5190726357771654e-01 4.5190723913701186e-01 2.4440704682326952e-08 4.5190724893567036e-01 4.5190723913701186e-01 9.7986584957077127e-09 9.0381451251338696e-01 9.0381447827402372e-01 3.4239363233545816e-08
156 1.5185546875000000e-01 4.5460768912874011e-01 4.5460766453561774e-01 2.4593122371907583e-08 4.5460767439283406e-01 4.5460766453561774e-01 9.8572163209631469e-09 9.0921536352157417e-01 9.0921532907123548e-01 3.4450338692870730e-08
157 1.5283203125000000e-01 4.5730383573899275e-01 4.5730381099374878e-01 2.4745243965007546e-08 4.5730382090942906e-01 4.5730381099374878e-01 9.9156802768618491e-09 9.1460765664842181e-01 9.1460762198749757e-01 3.4660924241869395e-08
158 1.5380859375000000e-01 4.5999567803131625e-01 4.5999565313424762e-01 2.4897068628959573e-08 4.5999566310829848e-01 4.5999565313424762e-01 9.9740508630041802e-09 9.1999134113961478e-01 9.1999130626849523e-01 3.4871119547474905e-08
159 1.5478515625000000e-01 4.6268319066906638e-01 4.6268316562047090e-01 2.5048595475585245e-08 4.6268317565279715e-01 4.6268316562047090e-01 1.0032326247522150e-08 9.2536636632186353e-01 9.2536633124094181e-01 3.5080921723107394e-08
160 1.5576171875000000e-01 4.6536634835635099e-01 4.6536632315652759e-01 2.5199823394661536e-08 4.6536633324703447e-01 4.6536632315652759e-01 1.0090506874504968e-08 9.3073268160338540e-01 9.3073264631305519e-01 3.5290330213655352e-08
161 1.5673828125000000e-01 4.6804512583826846e-01 4.6804510048751702e-01 2.5350751442498876e-08 4.6804511063611054e-01 4.6804510048751702e-01 1.0148593521108751e-08 9.3609023647437906e-01 9.3609020097503404e-01 3.5499345019118778e-08
162 1.5771484375000000e-01 4.7071949790114559e-01 4.7071947239976680e-01 2.5501378786429996e-08 4.7071948260635010e-01 4.7071947239976680e-01 1.0206583300753636e-08 9.4143898050749564e-01 9.4143894479953361e-01 3.5707962031672480e-08
163 1.5869140625000000e-01 4.7338943937277422e-01 4.7338941372106991e-01 2.5651704316231871e-08 4.7338942398554718e-01 4.7338941372106991e-01 1.0264477268151495e-08 9.4677886335832140e-01 9.4677882744213981e-01 3.5916181584383366e-08
164 1.5966796875000000e-01 4.7605492512264930e-01 4.7605489932092193e-01 2.5801727365770688e-08 4.7605490964319586e-01 4.7605489932092193e-01 1.0322273924501246e-08 9.5210983476584521e-01 9.5210979864184386e-01 3.6124001345783086e-08
165 1.6064453125000000e-01 4.7871593006220414e-01 4.7871590411075710e-01 2.5951447046868026e-08 4.7871591449073136e-01 4.7871590411075710e-01 1.0379974269003611e-08 9.5743184455293551e-01 9.5743180822151419e-01 3.6331421315871637e-08
166 1.6162109375000000e-01 4.8137242914504741e-01 4.8137240304418488e-01 2.6100862526856616e-08 4.8137241348176196e-01 4.8137240304418488e-01 1.0437577080413263e-08 9.6274484262680937e-01 9.6274480608836976e-01 3.6538439607269879e-08
167 1.6259765625000000e-01 4.8402439736719832e-01 4.8402437111722574e-01 2.6249972584491132e-08 4.8402438161230749e-01 4.8402437111722574e-01 1.0495081748107538e-08 9.6804877897950581e-01 9.6804874223445148e-01 3.6745054332598670e-08
168 1.6357421875000000e-01 4.8667180976732216e-01 4.8667178336854600e-01 2.6398776165059701e-08 4.8667179392103199e-01 4.8667178336854600e-01 1.0552485996129235e-08 9.7334360368835415e-01 9.7334356673709199e-01 3.6951262161188936e-08
169 1.6455078125000000e-01 4.8931464142696657e-01 4.8931461487969341e-01 2.6547273157540019e-08 4.8931462548948462e-01 4.8931461487969341e-01 1.0609791212257136e-08 9.7862926691645113e-01 9.7862922975938682e-01 3.7157064314286004e-08
170 1.6552734375000000e-01 4.9195286747079325e-01 4.9195284077533130e-01 2.6695461952108701e-08 4.9195285144232764e-01 4.9195284077533130e-01 1.0666996341779367e-08 9.8390571891312084e-01 9.8390568155066260e-01 3.7362458238376917e-08
171 1.6650390625000000e-01 4.9458646306681459e-01 4.9458643622347276e-01 2.6843341827120781e-08 4.9458644694757375e-01 4.9458643622347276e-01 1.0724100996117869e-08 9.8917291001438834e-01 9.8917287244694552e-01 3.7567442823238650e-08
172 1.6748046875000000e-01 4.9721540342662629e-01 4.9721537643571440e-01 2.6990911894397840e-08 4.9721538721681940e-01 4.9721537643571440e-01 1.0781105008739189e-08 9.9443079064344575e-01 9.9443075287142879e-01 3.7772016958648180e-08
173 1.6845703125000000e-01 4.9983966380564088e-01 4.9983963666746967e-01 2.7138171210250306e-08 4.9983964750547616e-01 4.9983963666746967e-01 1.0838006492264185e-08 9.9967931131111709e-01 9.9967927333493933e-01 3.7976177758025642e-08
174 1.6943359375000000e-01 5.0245921950332095e-01 5.0245919221820190e-01 2.7285119053033213e-08 5.0245920311300851e-01 5.0245919221820190e-01 1.0894806612427033e-08 1.0049184226163295e+00 1.0049183844364038e+00 3.8179925665460246e-08
175 1.7041015625000000e-01 5.0507404586341087e-01 5.0507401843165656e-01 2.7431754312523537e-08 5.0507402938316004e-01 5.0507401843165656e-01 1.0951503481848590e-08 1.0101480752465708e+00 1.0101480368633131e+00 3.8383257683349825e-08
176 1.7138671875000000e-01 5.0768411827416982e-01 5.0768409069609333e-01 2.7578076489120917e-08 5.0768410170419187e-01 5.0768409069609333e-01 1.1008098543818789e-08 1.0153682199783618e+00 1.0153681813921867e+00 3.8586175143962009e-08
177 1.7236328125000000e-01 5.1028941216860324e-01 5.1028938444451832e-01 2.7724084916691538e-08 5.1028939550910779e-01 5.1028938444451832e-01 1.1064589466869279e-08 1.0205788076777109e+00 1.0205787688890366e+00 3.8788674272538515e-08
178 1.7333984375000000e-01 5.1288990302469251e-01 5.1288987515491435e-01 2.7869778151945468e-08 5.1288988627588949e-01 5.1288987515491435e-01 1.1120975140777034e-08 1.0257797893005820e+00 1.0257797503098287e+00 3.8990753292722502e-08
179 1.7431640625000000e-01 5.1548556636562815e-01 5.1548553835047262e-01 2.8015155528748892e-08 5.1548554952773007e-01 5.1548553835047262e-01 1.1177257452921197e-08 1.0309711158933581e+00 1.0309710767009452e+00 3.9192412870647786e-08
180 1.7529296875000000e-01 5.1807637776003901e-01 5.1807634959982241e-01 2.8160216603012600e-08 5.1807636083325714e-01 5.1807634959982241e-01 1.1233434737967229e-08 1.0361527385932963e+00 1.0361526991996448e+00 3.9393651452002132e-08
181 1.7626953125000000e-01 5.2066231282222131e-01 5.2066228451726149e-01 2.8304959820424358e-08 5.2066229580676737e-01 5.2066228451726149e-01 1.1289505885692108e-08 1.0413246086289887e+00 1.0413245690345230e+00 3.9594465706116466e-08
182 1.7724609375000000e-01 5.2324334721237054e-01 5.2324331876298591e-01 2.8449384625872653e-08 5.2324333010845681e-01 5.2324331876298591e-01 1.1345470896095833e-08 1.0464866773208272e+00 1.0464866375259718e+00 3.9794855410946184e-08
183 1.7822265625000000e-01 5.2581945663680862e-01 5.2581942804331805e-01 2.8593490575268277e-08 5.2581943944464671e-01 5.2581942804331805e-01 1.1401328658955379e-08 1.0516388960814553e+00 1.0516388560866361e+00 3.9994819234223655e-08
184 1.7919921875000000e-01 5.2839061684821331e-01 5.2839058811093631e-01 2.8737277002477413e-08 5.2839059956801548e-01 5.2839058811093631e-01 1.1457079174270746e-08 1.0567812164162289e+00 1.0567811762218726e+00 4.0194356287770461e-08
185 1.8017578125000000e-01 5.3095680364584485e-01 5.3095677476510295e-01 2.8880741909098617e-08 5.3095678627782450e-01 5.3095677476510295e-01 1.1512721553863514e-08 1.0619135899236694e+00 1.0619135495302059e+00 4.0393463462962131e-08
186 1.8115234375000000e-01 5.3351799287577728e-01 5.3351796385189176e-01 2.9023885517176495e-08 5.3351797542014667e-01 5.3351796385189176e-01 1.1568254909555264e-08 1.0670359682959241e+00 1.0670359277037835e+00 4.0592140537754062e-08
187 1.8212890625000000e-01 5.3607416043112244e-01 5.3607413126441583e-01 2.9166706605465720e-08 5.3607414288809641e-01 5.3607413126441583e-01 1.1623680573613626e-08 1.0721483033192190e+00 1.0721482625288317e+00 4.0790387290101648e-08
188 1.8310546875000000e-01 5.3862528225225847e-01 5.3862525294305386e-01 2.9309204618854778e-08 5.3862526462204963e-01 5.3862525294305386e-01 1.1678995770481038e-08 1.0772505468743081e+00 1.0772505058861077e+00 4.0988200389335816e-08
189 1.8408203125000000e-01 5.4117133432705522e-01 5.4117130487567711e-01 2.9451378114053739e-08 5.4117131660987816e-01 5.4117130487567711e-01 1.1734201055269011e-08 1.0823426509369334e+00 1.0823426097513542e+00 4.1185579169322750e-08
190 1.8505859375000000e-01 5.4371229269110188e-01 5.4371226309787490e-01 2.9593226980040299e-08 5.4371227488717244e-01 5.4371226309787490e-01 1.1789297538200572e-08 1.0874245675782743e+00 1.0874245261957498e+00 4.1382524518240871e-08
191 1.8603515625000000e-01 5.4624813342793077e-01 5.4624810369318089e-01 2.9734749884546829e-08 5.4624811553746233e-01 5.4624810369318089e-01 1.1844281444517435e-08 1.0924962489653931e+00 1.0924962073863618e+00 4.1579031329064264e-08
192 1.8701171875000000e-01 5.4877883266924399e-01 5.4877880279329772e-01 2.9875946272461817e-08 5.4877881469245260e-01 5.4877880279329772e-01 1.1899154883643348e-08 1.0975576473616966e+00 1.0975576055865954e+00 4.1775101156105166e-08
193 1.8798828125000000e-01 5.5130436659513682e-01 5.5130433657832156e-01 3.0016815255606843e-08 5.5130434853223687e-01 5.5130433657832156e-01 1.1953915302065354e-08 1.1026087151273738e+00 1.1026086731566431e+00 4.1970730668694500e-08
194 1.8896484375000000e-01 5.5382471143432266e-01 5.5382468127696649e-01 3.0157356167848093e-08 5.5382469328553019e-01 5.5382468127696649e-01 1.2008563698984176e-08 1.1076494047198528e+00 1.1076493625539330e+00 4.2165919866832269e-08
195 1.8994140625000000e-01 5.5633984346435594e-01 5.5633981316678849e-01 3.0297567454873331e-08 5.5633982522988734e-01 5.5633981316678849e-01 1.2063098853154486e-08 1.1126796686942433e+00 1.1126796263335770e+00 4.2360666308027817e-08
196 1.9091796875000000e-01 5.5884973901185764e-01 5.5884970857440808e-01 3.0437449560771768e-08 5.5884972069193017e-01 5.5884970857440808e-01 1.2117522096843913e-08 1.1176994597037879e+00 1.1176994171488162e+00 4.2554971768637984e-08
197 1.9189453125000000e-01 5.6135437445273506e-01 5.6135434387573402e-01 3.0577001042253471e-08 5.6135435604756301e-01 5.6135434387573402e-01 1.2171828989160360e-08 1.1227087305002981e+00 1.1227086877514680e+00 4.2748830031413831e-08
198 1.9287109375000000e-01 5.6385372621240648e-01 5.6385369549618491e-01 3.0716221566251534e-08 5.6385370772220678e-01 5.6385369549618491e-01 1.2226021861572178e-08 1.1277074339346131e+00 1.1277073909923698e+00 4.2942243316801409e-08
199 1.9384765625000000e-01 5.6634777076602105e-01 5.6634773991091147e-01 3.0855109578453721e-08 5.6634775219101252e-01 5.6634773991091147e-01 1.2280101047146275e-08 1.1326955229570337e+00 1.1326954798218229e+00 4.3135210736622298e-08
200 1.9482421875000000e-01 5.6883648463868242e-01 5.6883645364501778e-01 3.0993664634770823e-08 5.6883646597908166e-01 5.6883645364501778e-01 1.2334063881347390e-08 1.1376729506177641e+00 1.1376729072900356e+00 4.3327728516118214e-08
201 1.9580078125000000e-01 5.7131984440566863e-01 5.7131981327378223e-01 3.1131886402135933e-08 5.7131982566169270e-01 5.7131981327378223e-01 1.2387910475197828e-08 1.1426396700673613e+00 1.1426396265475645e+00 4.3519796877333761e-08
202 1.9677734375000000e-01 5.7379782669265122e-01 5.7379779542287845e-01 3.1269772771125304e-08 5.7379780786451762e-01 5.7379779542287845e-01 1.2441639163363050e-08 1.1475956345571690e+00 1.1475955908457569e+00 4.3711412045510656e-08
203 1.9775390625000000e-01 5.7627040817591879e-01 5.7627037676859461e-01 3.1407324185828145e-08 5.7627038926384622e-01 5.7627037676859461e-01 1.2495251611177594e-08 1.1525407974397650e+00 1.1525407535371892e+00 4.3902575797005738e-08
204 1.9873046875000000e-01 5.7873756558259271e-01 5.7873753403805350e-01 3.1544539202954525e-08 5.7873754658679966e-01 5.7873753403805350e-01 1.2548746153306922e-08 1.1574751121693923e+00 1.1574750680761070e+00 4.4093285245239144e-08
205 1.9970703125000000e-01 5.8119927569084862e-01 5.8119924400943102e-01 3.1681417600459838e-08 5.8119925661155414e-01 5.8119924400943102e-01 1.2602123122817943e-08 1.1623985323024026e+00 1.1623984880188620e+00 4.4283540612255479e-08
206 2.0068359375000000e-01 5.8365551533013360e-01 5.8365548351217567e-01 3.1817957935054153e-08 5.8365549616755741e-01 5.8365548351217567e-01 1.2655381742554539e-08 1.1673110114976910e+00 1.1673109670243513e+00 4.4473339677608692e-08
207 2.0166015625000000e-01 5.8610626138138577e-01 5.8610622942722568e-01 3.1954160095715167e-08 5.8610624213574580e-01 5.8610622942722568e-01 1.2708520125137568e-08 1.1722125035171316e+00 1.1722124588544514e+00 4.4662680220852735e-08
208 2.0263671875000000e-01 5.8855149077725011e-01 5.8855145868722702e-01 3.2090023083242158e-08 5.8855147144876763e-01 5.8855145868722702e-01 1.2761540602035382e-08 1.1771029622260176e+00 1.1771029173744540e+00 4.4851563574255238e-08
209 2.0361328125000000e-01 5.9099118050229704e-01 5.9099114827675081e-01 3.2225546231501312e-08 5.9099116109119099e-01 5.9099114827675081e-01 1.2814440175645814e-08 1.1819823415934880e+00 1.1819822965535016e+00 4.5039986407147126e-08
210 2.0458984375000000e-01 5.9342530759323775e-01 5.9342527523250943e-01 3.2360728319247301e-08 5.9342528809972805e-01 5.9342527523250943e-01 1.2867218623924259e-08 1.1868505956929658e+00 1.1868505504650189e+00 4.5227946943171560e-08
211 2.0556640625000000e-01 5.9585384913914163e-01 5.9585381664357295e-01 3.2495568680346310e-08 5.9585382956345068e-01 5.9585381664357295e-01 1.2919877723227557e-08 1.1917076787025924e+00 1.1917076332871459e+00 4.5415446514596169e-08
212 2.0654296875000000e-01 5.9827678228165149e-01 5.9827674965158462e-01 3.2630066870709129e-08 5.9827676262399898e-01 5.9827674965158462e-01 1.2972414364931240e-08 1.1965535449056506e+00 1.1965534993031692e+00 4.5602481346662671e-08
213 2.0751953125000000e-01 6.0069408421519810e-01 6.0069405145097632e-01 3.2764221780112734e-08 6.0069406447580365e-01 6.0069405145097632e-01 1.3024827327789978e-08 1.2013881486910019e+00 1.2013881029019526e+00 4.5789049218925015e-08
214 2.0849609375000000e-01 6.0310573218721553e-01 6.0310569928918289e-01 3.2898032631401009e-08 6.0310571236630250e-01 6.0310569928918289e-01 1.3077119609405941e-08 1.2062114445535181e+00 1.2062113985783658e+00 4.5975152351829252e-08
215 2.0947265625000000e-01 6.0551170349835504e-01 6.0551167046685628e-01 3.3031498758440136e-08 6.0551168359614471e-01 6.0551167046685628e-01 1.3129288434221564e-08 1.2110233870944997e+00 1.2110233409337126e+00 4.6160787192661701e-08
216 2.1044921875000000e-01 6.0791197550269882e-01 6.0791194233807955e-01 3.3164619273051699e-08 6.0791195551941235e-01 6.0791194233807955e-01 1.3181332803036128e-08 1.2158239310221113e+00 1.2158238846761591e+00 4.6345952187110129e-08
217 2.1142578125000000e-01 6.1030652560797327e-01 6.1030649231057987e-01 3.3297393398079578e-08 6.1030650554383370e-01 6.1030649231057987e-01 1.3233253826072655e-08 1.2206130311518071e+00 1.2206129846211597e+00 4.6530647335174535e-08
218 2.1240234375000000e-01 6.1269533127576103e-01 6.1269529784594057e-01 3.3429820467389959e-08 6.1269531113099107e-01 6.1269529784594057e-01 1.3285050504130425e-08 1.2253906424067522e+00 1.2253905956918811e+00 4.6714871082542686e-08
219 2.1337890625000000e-01 6.1507837002171417e-01 6.1507833645981436e-01 3.3561899814849028e-08 6.1507834979653520e-01 6.1507833645981436e-01 1.3336720838807992e-08 1.2301567198182495e+00 1.2301566729196287e+00 4.6898620764679322e-08
220 2.1435546875000000e-01 6.1745561941576443e-01 6.1745558572213421e-01 3.3693630219211457e-08 6.1745559911040171e-01 6.1745558572213421e-01 1.3388267494640615e-08 1.2349112185261661e+00 1.2349111714442684e+00 4.7081897713852072e-08
221 2.1533203125000000e-01 6.1982705708233665e-01 6.1982702325732497e-01 3.3825011680477246e-08 6.1982703669701278e-01 6.1982702325732497e-01 1.3439687807093037e-08 1.2396540937793494e+00 1.2396540465146499e+00 4.7264699487570283e-08
222 2.1630859375000000e-01 6.2219266070055579e-01 6.2219262674451303e-01 3.3956042755356464e-08 6.2219264023549370e-01 6.2219262674451303e-01 1.3490980665942232e-08 1.2443853009360495e+00 1.2443852534890261e+00 4.7447023421298695e-08
223 2.1728515625000000e-01 6.2455240800446021e-01 6.2455237391773744e-01 3.4086722777715295e-08 6.2455238745988628e-01 6.2455237391773744e-01 1.3542148846745761e-08 1.2491047954643464e+00 1.2491047478354749e+00 4.7628871513438753e-08
224 2.1826171875000000e-01 6.2690627678321109e-01 6.2690624256615934e-01 3.4217051747553739e-08 6.2690625615934692e-01 6.2690624256615934e-01 1.3593187575544619e-08 1.2538125329425580e+00 1.2538124851323187e+00 4.7810239323098358e-08
225 2.1923828125000000e-01 6.2925424488129855e-01 6.2925421053427044e-01 3.4347028110559563e-08 6.2925422417836929e-01 6.2925421053427044e-01 1.3644098850740249e-08 1.2585084690596680e+00 1.2585084210685409e+00 4.7991127072322115e-08
226 2.2021484375000000e-01 6.3159629019875285e-01 6.3159625572210198e-01 3.4476650867532044e-08 6.3159626941698455e-01 6.3159625572210198e-01 1.3694882561310351e-08 1.2631925596157374e+00 1.2631925114442040e+00 4.8171533428842395e-08
227 2.2119140625000000e-01 6.3393239069135221e-01 6.3393235608543275e-01 3.4605919463359669e-08 6.3393236983096957e-01 6.3393235608543275e-01 1.3745536819875781e-08 1.2678647605223219e+00 1.2678647121708655e+00 4.8351456394257752e-08
228 2.2216796875000000e-01 6.3626252437082920e-01 6.3626248963599641e-01 3.4734832787819414e-08 6.3626250343205826e-01 6.3626248963599641e-01 1.3796061848481145e-08 1.2725250278028875e+00 1.2725249792719928e+00 4.8530894636300559e-08
229 2.2314453125000000e-01 6.3858666930507946e-01 6.3858663444168839e-01 3.4863391062955884e-08 6.3858664828814593e-01 6.3858663444168839e-01 1.3846457536104140e-08 1.2771733175932254e+00 1.2771732688833768e+00 4.8709848599060024e-08
230 2.2412109375000000e-01 6.4090480361836566e-01 6.4090476862677292e-01 3.4991592734456844e-08 6.4090478252349536e-01 6.4090476862677292e-01 1.3896722439454834e-08 1.2818095861418610e+00 1.2818095372535458e+00 4.8888315173911678e-08
231 2.2509765625000000e-01 6.4321690549152533e-01 6.4321687037208808e-01 3.5119437247210783e-08 6.4321688431894442e-01 6.4321687037208808e-01 1.3946856336488622e-08 1.2864337898104696e+00 1.2864337407441762e+00 4.9066293472677103e-08
232 2.2607421875000000e-01 6.4552295316217523e-01 6.4552291791525152e-01 3.5246923713039280e-08 6.4552293191210952e-01 6.4552291791525152e-01 1.3996858005960178e-08 1.2910458850742847e+00 1.2910458358305030e+00 4.9243781718999458e-08
233 2.2705078125000000e-01 6.4782292492491722e-01 6.4782288955086575e-01 3.5374051465808520e-08 6.4782290359759376e-01 6.4782288955086575e-01 1.4046728002981013e-08 1.2956458285225110e+00 1.2956457791017315e+00 4.9420779468789533e-08
234 2.2802734375000000e-01 6.5011679913154174e-01 6.5011676363072157e-01 3.5500820172451597e-08 6.5011677772718846e-01 6.5011676363072157e-01 1.4096466882662639e-08 1.3002335768587301e+00 1.3002335272614431e+00 4.9597286944091934e-08
235 2.2900390625000000e-01 6.5240455419123078e-01 6.5240451856400294e-01 3.5627227834567066e-08 6.5240453271007603e-01 6.5240451856400294e-01 1.4146073090692823e-08 1.3048090869013067e+00 1.3048090371280059e+00 4.9773300814237587e-08
236 2.2998046875000000e-01 6.5468616857076312e-01 6.5468613281748866e-01 3.5753274452154926e-08 6.5468614701303374e-01 6.5468613281748866e-01 1.4195545072759330e-08 1.3093723155837969e+00 1.3093722656349773e+00 4.9948819524914256e-08
237 2.3095703125000000e-01 6.5696162079471609e-01 6.5696158491575662e-01 3.5878959470103666e-08 6.5696159916063979e-01 6.5696158491575662e-01 1.4244883161929067e-08 1.3139232199553559e+00 1.3139231698315132e+00 5.0123842632032733e-08
238 2.3193359375000000e-01 6.5923088944566610e-01 6.5923085344138510e-01 3.6004281001034144e-08 6.5923086773547435e-01 6.5923085344138510e-01 1.4294089245581176e-08 1.3184617571811406e+00 1.3184617068827702e+00 5.0298370357637623e-08
239 2.3291015625000000e-01 6.6149395316439419e-01 6.6149391703515437e-01 3.6129239822102477e-08 6.6149393137831458e-01 6.6149391703515437e-01 1.4343160215091189e-08 1.3229878845427088e+00 1.3229878340703087e+00 5.0472400037193665e-08
240 2.3388671875000000e-01 6.6375079065008247e-01 6.6375075439624820e-01 3.6253834267974128e-08 6.6375076878834249e-01 6.6375075439624820e-01 1.4392094294102264e-08 1.3275015594384250e+00 1.3275015087924964e+00 5.0645928562076392e-08
241 2.3486328125000000e-01 6.6600138066051728e-01 6.6600134428245372e-01 3.6378063561492979e-08 6.6600135872334698e-01 6.6600134428245372e-01 1.4440893258971244e-08 1.3320027393838643e+00 1.3320026885649074e+00 5.0818956820464223e-08
242 2.3583984375000000e-01 6.6824570201228894e-01 6.6824566551036180e-01 3.6501927147547519e-08 6.6824567999991713e-01 6.6824566551036180e-01 1.4489555333341286e-08 1.3364913820122060e+00 1.3364913310207236e+00 5.0991482369866503e-08
243 2.3681640625000000e-01 6.7048373358099045e-01 6.7048369695556620e-01 3.6625424248981631e-08 6.7048371149364805e-01 6.7048369695556620e-01 1.4538081849480022e-08 1.3409674450746385e+00 1.3409673939111324e+00 5.1163506098461653e-08
244 2.3779296875000000e-01 6.7271545430141655e-01 6.7271541755286290e-01 3.6748553644549986e-08 6.7271543213933460e-01 6.7271541755286290e-01 1.4586471697164427e-08 1.3454308864407512e+00 1.3454308351057258e+00 5.1335025341714413e-08
245 2.3876953125000000e-01 6.7494084316776259e-01 6.7494080629644737e-01 3.6871315223230283e-08 6.7494082093117225e-01 6.7494080629644737e-01 1.4634724876394500e-08 1.3498816640989348e+00 1.3498816125928947e+00 5.1506040099624784e-08
246 2.3974609375000000e-01 6.7715987923382093e-01 6.7715984224011339e-01 3.6993707541732590e-08 6.7715985692295333e-01 6.7715984224011339e-01 1.4682839943880310e-08 1.3543197361567743e+00 1.3543196844802268e+00 5.1676547485612900e-08
247 2.4072265625000000e-01 6.7937254161317995e-01 6.7937250449744957e-01 3.7115730378012302e-08 6.7937251922826614e-01 6.7937250449744957e-01 1.4730816566554950e-08 1.3587450608414460e+00 1.3587450089948991e+00 5.1846546833544949e-08
248 2.4169921875000000e-01 6.8157880947941840e-01 6.8157877224203589e-01 3.7237382510824091e-08 6.8157878702069130e-01 6.8157877224203589e-01 1.4778655410552233e-08 1.3631575965001097e+00 1.3631575444840718e+00 5.2016037921376324e-08
249 2.4267578125000000e-01 6.8377866206630389e-01 6.8377862470764017e-01 3.7358663718123353e-08 6.8377863953399454e-01 6.8377862470764017e-01 1.4826354366448413e-08 1.3675573016002984e+00 1.3675572494152803e+00 5.2185018084571766e-08
250 2.4365234375000000e-01 6.8597207866798593e-01 6.8597204118841326e-01 3.7479572667642458e-08 6.8597205606232703e-01 6.8597204118841326e-01 1.4873913767310398e-08 1.3719441347303130e+00 1.3719440823768265e+00 5.2353486434952856e-08
251 2.4462890625000000e-01 6.8815903863919259e-01 6.8815900103908390e-01 3.7600108693247591e-08 6.8815901596041806e-01 6.8815900103908390e-01 1.4921334168249700e-08 1.3763180545996105e+00 1.3763180020781678e+00 5.2521442750474989e-08
252 2.4560546875000000e-01 6.9033952139542387e-01 6.9033948367515297e-01 3.7720270906760334e-08 6.9033949864376665e-01 6.9033948367515297e-01 1.4968613681887177e-08 1.3806790200391905e+00 1.3806789673503059e+00 5.2688884588647511e-08
253 2.4658203125000000e-01 6.9251350641314635e-01 6.9251346857308749e-01 3.7840058864091475e-08 6.9251348358883869e-01 6.9251346857308749e-01 1.5015751197999805e-08 1.3850269900019851e+00 1.3850269371461750e+00 5.2855810173113582e-08
254 2.4755859375000000e-01 6.9468097322998545e-01 6.9468093527051367e-01 3.7959471788084898e-08 6.9468095033326183e-01 6.9468093527051367e-01 1.5062748159877515e-08 1.3893619235632473e+00 1.3893618705410273e+00 5.3022219947962412e-08
255 2.4853515625000000e-01 6.9684190144491798e-01 6.9684186336640952e-01 3.8078508457495275e-08 6.9684187847601364e-01 6.9684186336640952e-01 1.5109604123431097e-08 1.3936837799209316e+00 1.3936837267328190e+00 5.3188112580926372e-08
256 2.4951171875000000e-01 6.9899627071846504e-01 6.9899623252129672e-01 3.8197168317211094e-08 6.9899624767761326e-01 6.9899623252129672e-01 1.5156316535147596e-08 1.3979925183960784e+00 1.3979924650425934e+00 5.3353484963380993e-08
257 2.5048828125000000e-01 7.0114406077288305e-01 7.0114402245743246e-01 3.8315450590076239e-08 7.0114403766031941e-01 7.0114402245743246e-01 1.5202886949339245e-08 1.4022880984332025e+00 1.4022880449148649e+00 5.3518337539415484e-08
258 2.5146484375000000e-01 7.0328525139235398e-01 7.0328521295899971e-01 3.8433354276889986e-08 7.0328522820831285e-01 7.0328521295899971e-01 1.5249313145559995e-08 1.4065704796006668e+00 1.4065704259179994e+00 5.3682667422449981e-08
259 2.5244140625000000e-01 7.0541982242317736e-01 7.0541978387229809e-01 3.8550879266630034e-08 7.0541979916789510e-01 7.0541978387229809e-01 1.5295597011188988e-08 1.4108396215910726e+00 1.4108395677445962e+00 5.3846476388841324e-08
260 2.5341796875000000e-01 7.0754775377395684e-01 7.0754771510593306e-01 3.8668023782939542e-08 7.0754773044767061e-01 7.0754771510593306e-01 1.5341737547025502e-08 1.4150954842216275e+00 1.4150954302118661e+00 5.4009761329965045e-08
261 2.5439453125000000e-01 7.0966902541579346e-01 7.0966898663100575e-01 3.8784787714796209e-08 7.0966900201873884e-01 7.0966898663100575e-01 1.5387733087735000e-08 1.4193380274345322e+00 1.4193379732620115e+00 5.4172520691508907e-08
262 2.5537109375000000e-01 7.1178361738247031e-01 7.1178357848130036e-01 3.8901169951977010e-08 7.1178359391488466e-01 7.1178357848130036e-01 1.5433584299451297e-08 1.4235672112973550e+00 1.4235671569626007e+00 5.4334754251428308e-08
263 2.5634765625000000e-01 7.1389150977064297e-01 7.1389147075347326e-01 3.9017169717325828e-08 7.1389148623276277e-01 7.1389147075347326e-01 1.5479289516839856e-08 1.4277829960034056e+00 1.4277829415069465e+00 5.4496459123143381e-08
264 2.5732421875000000e-01 7.1599268274002603e-01 7.1599264360723947e-01 3.9132786566753452e-08 7.1599265913208820e-01 7.1599264360723947e-01 1.5524848739900676e-08 1.4319853418721142e+00 1.4319852872144789e+00 5.4657635306654129e-08
265 2.5830078125000000e-01 7.1808711651357937e-01 7.1808707726555987e-01 3.9248019501059161e-08 7.1808709283582295e-01 7.1808707726555987e-01 1.5570263078856783e-08 1.4361742093494023e+00 1.4361741545311197e+00 5.4818282579915945e-08
266 2.5927734375000000e-01 7.2017479137769502e-01 7.2017475201482750e-01 3.9362867521042233e-08 7.2017476763035770e-01 7.2017475201482750e-01 1.5615530202239825e-08 1.4403495590080526e+00 1.4403495040296550e+00 5.4978397612259755e-08
267 2.6025390625000000e-01 7.2225568768238169e-01 7.2225564820505206e-01 3.9477329627501945e-08 7.2225566386570139e-01 7.2225564820505206e-01 1.5660649332893684e-08 1.4445113515480830e+00 1.4445112964101041e+00 5.5137978849373326e-08
268 2.6123046875000000e-01 7.2432978584145202e-01 7.2432974625004654e-01 3.9591405487371389e-08 7.2432976195566912e-01 7.2432974625004654e-01 1.5705622580242107e-08 1.4486595477971211e+00 1.4486594925000931e+00 5.5297028067613496e-08
269 2.6220703125000000e-01 7.2639706633270440e-01 7.2639702662760997e-01 3.9705094434516752e-08 7.2639704237805647e-01 7.2639702662760997e-01 1.5750446502593718e-08 1.4527941087107608e+00 1.4527940532552199e+00 5.5455540826088168e-08
270 2.6318359375000000e-01 7.2845750969810719e-01 7.2845746987971205e-01 3.9818395136670404e-08 7.2845748567483548e-01 7.2845746987971205e-01 1.5795123431416869e-08 1.4569149953729426e+00 1.4569149397594241e+00 5.5613518457064970e-08
271 2.6416015625000000e-01 7.3051109654398372e-01 7.3051105661267646e-01 3.9931307260765436e-08 7.3051107245232894e-01 7.3051105661267646e-01 1.5839652478533139e-08 1.4610221689963128e+00 1.4610221132253529e+00 5.5770959850320878e-08
272 2.6513671875000000e-01 7.3255780754119248e-01 7.3255776749736246e-01 4.0043830029645733e-08 7.3255778338139466e-01 7.3255776749736246e-01 1.5884032200652598e-08 1.4651155909225873e+00 1.4651155349947249e+00 5.5927862341320633e-08
273 2.6611328125000000e-01 7.3459762342531043e-01 7.3459758326934799e-01 4.0155962444110571e-08 7.3459759919760936e-01 7.3459758326934799e-01 1.5928261376529917e-08 1.4691952226229197e+00 1.4691951665386960e+00 5.6084223709618186e-08
274 2.6708984375000000e-01 7.3663052499681370e-01 7.3663048472910997e-01 4.0267703727003834e-08 7.3663050070145097e-01 7.3663048472910997e-01 1.5972341005365820e-08 1.4732610256982648e+00 1.4732609694582199e+00 5.6240044843391956e-08
275 2.6806640625000000e-01 7.3865649312125847e-01 7.3865645274220582e-01 4.0379052657080194e-08 7.3865646875847568e-01 7.3865645274220582e-01 1.6016269865914978e-08 1.4773129618797340e+00 1.4773129054844116e+00 5.6395322411972870e-08
276 2.6904296875000000e-01 7.4067550872946197e-01 7.4067546823945263e-01 4.0490009345361955e-08 7.4067548429950147e-01 7.4067546823945263e-01 1.6060048846355812e-08 1.4813509930289634e+00 1.4813509364789053e+00 5.6550058191717767e-08
277 2.7001953125000000e-01 7.4268755281768017e-01 7.4268751221710794e-01 4.0600572237536880e-08 7.4268752832078444e-01 7.4268751221710794e-01 1.6103676503398390e-08 1.4853750811384647e+00 1.4853750244342159e+00 5.6704248851957573e-08
278 2.7099609375000000e-01 7.4469260644778790e-01 7.4469256573704756e-01 4.0710740334404250e-08 7.4469258188419940e-01 7.4469256573704756e-01 1.6147151837841989e-08 1.4893851883319873e+00 1.4893851314740951e+00 5.6857892172246238e-08
279 2.7197265625000000e-01 7.4669065074745744e-01 7.4669060992694403e-01 4.0820513413919457e-08 7.4669062611741954e-01 7.4669060992694403e-01 1.6190475515820424e-08 1.4933812768648771e+00 1.4933812198538881e+00 5.7010989040762183e-08
280 2.7294921875000000e-01 7.4868166691033555e-01 7.4868162598044452e-01 4.0929891031993293e-08 7.4868164221409117e-01 7.4868162598044452e-01 1.6233646649155276e-08 1.4973633091244267e+00 1.4973632519608890e+00 5.7163537681148568e-08
281 2.7392578125000000e-01 7.5066563619621973e-01 7.5066559515734754e-01 4.1038872189425035e-08 7.5066561143401234e-01 7.5066559515734754e-01 1.6276664793757334e-08 1.5013312476302321e+00 1.5013311903146951e+00 5.7315536983182369e-08
282 2.7490234375000000e-01 7.5264253993123587e-01 7.5264249878377976e-01 4.1147456109058567e-08 7.5264251510331026e-01 7.5264249878377976e-01 1.6319530504738111e-08 1.5052850550345460e+00 1.5052849975675595e+00 5.7466986502774375e-08
283 2.7587890625000000e-01 7.5461235950801220e-01 7.5461231825237118e-01 4.1255641014537048e-08 7.5461233461461275e-01 7.5461231825237118e-01 1.6362241561651558e-08 1.5092246941226248e+00 1.5092246365047424e+00 5.7617882465166304e-08
284 2.7685546875000000e-01 7.5657507638585841e-01 7.5657503502243095e-01 4.1363427460971991e-08 7.5657505142723058e-01 7.5657503502243095e-01 1.6404799629832212e-08 1.5131501278130890e+00 1.5131500700448619e+00 5.7768227090804203e-08
285 2.7783203125000000e-01 7.5853067209093539e-01 7.5853063062012127e-01 4.1470814116095767e-08 7.5853064706732398e-01 7.5853063062012127e-01 1.6447202710878628e-08 1.5170613191582594e+00 1.5170612612402425e+00 5.7918016826974394e-08
286 2.7880859375000000e-01 7.6047912821643115e-01 7.6047908663863162e-01 4.1577799536618443e-08 7.6047910312808276e-01 7.6047908663863162e-01 1.6489451137857714e-08 1.5209582313445140e+00 1.5209581732772632e+00 5.8067250785498459e-08
287 2.7978515625000000e-01 7.6242042642273522e-01 7.6242038473835183e-01 4.1684383389473112e-08 7.6242040126989608e-01 7.6242038473835183e-01 1.6531544244635654e-08 1.5248408276926313e+00 1.5248407694767037e+00 5.8215927634108766e-08
288 2.8076171875000000e-01 7.6435454843760997e-01 7.6435450664704485e-01 4.1790565119548262e-08 7.6435452322052688e-01 7.6435450664704485e-01 1.6573482031212450e-08 1.5287090716581369e+00 1.5287090132940897e+00 5.8364047150760712e-08
289 2.8173828125000000e-01 7.6628147605636221e-01 7.6628143416001870e-01 4.1896343505598566e-08 7.6628145077528187e-01 7.6628143416001870e-01 1.6615263165320471e-08 1.5325629268316441e+00 1.5325628683200374e+00 5.8511606670919036e-08
290 2.8271484375000000e-01 7.6820119114201579e-01 7.6820114914029769e-01 4.2001718103534813e-08 7.6820116579718489e-01 7.6820114914029769e-01 1.6656887202870507e-08 1.5364023569392007e+00 1.5364022982805954e+00 5.8658605306405320e-08
291 2.8369140625000000e-01 7.7011367562548128e-01 7.7011363351879347e-01 4.2106687803133980e-08 7.7011365021714928e-01 7.7011363351879347e-01 1.6698355809197096e-08 1.5402273258426304e+00 1.5402272670375869e+00 5.8805043501308774e-08
292 2.8466796875000000e-01 7.7201891150572688e-01 7.7201886929447450e-01 4.2211252382351461e-08 7.7201888603414037e-01 7.7201886929447450e-01 1.6739665875675769e-08 1.5440377975398674e+00 1.5440377385889490e+00 5.8950918369049532e-08
293 2.8564453125000000e-01 7.7391688084994692e-01 7.7391683853453619e-01 4.2315410730964231e-08 7.7391685531535737e-01 7.7391683853453619e-01 1.6780821177064809e-08 1.5478337361653043e+00 1.5478336770690724e+00 5.9096231908029040e-08
294 2.8662109375000000e-01 7.7580756579373111e-01 7.7580752337456915e-01 4.2419161960793872e-08 7.7580754019638631e-01 7.7580752337456915e-01 1.6821817161449815e-08 1.5516151059901175e+00 1.5516150467491383e+00 5.9240979233265989e-08
295 2.8759765625000000e-01 7.7769094854123311e-01 7.7769090601872770e-01 4.2522505405706568e-08 7.7769092288138220e-01 7.7769090601872770e-01 1.6862654494964602e-08 1.5553818714226153e+00 1.5553818120374554e+00 5.9385159900671169e-08
296 2.8857421875000000e-01 7.7956701136533724e-01 7.7956696873989695e-01 4.2625440288546201e-08 7.7956698564323068e-01 7.7956696873989695e-01 1.6903333732720682e-08 1.5591339970085678e+00 1.5591339374797939e+00 5.9528773910244581e-08
297 2.8955078125000000e-01 7.8143573660782550e-01 7.8143569387986034e-01 4.2727965166022841e-08 7.8143571082371255e-01 7.8143569387986034e-01 1.6943852210182797e-08 1.5628714474315379e+00 1.5628713877597207e+00 5.9671817265183336e-08
298 2.9052734375000000e-01 7.8329710667954566e-01 7.8329706384946474e-01 4.2830080926314906e-08 7.8329708083367811e-01 7.8329706384946474e-01 1.6984213369042322e-08 1.5665941875132239e+00 1.5665941276989295e+00 5.9814294406379531e-08
299 2.9150390625000000e-01 7.8515110406057220e-01 7.8515106112878752e-01 4.2931784682842533e-08 7.8515107815320073e-01 7.8515106112878752e-01 1.7024413212496370e-08 1.5703021822137728e+00 1.5703021222575750e+00 5.9956197784316601e-08
300 2.9248046875000000e-01 7.8699771130037688e-01 7.8699766826730000e-01 4.3033076879694931e-08 7.8699768533175352e-01 7.8699766826730000e-01 1.7064453516901779e-08 1.5739953966321303e+00 1.5739953365346000e+00 6.0097530285574408e-08
301 2.9345703125000000e-01 7.8883691101798992e-01 7.8883686788403240e-01 4.3133957516872101e-08 7.8883688498836468e-01 7.8883686788403240e-01 1.7104332283857104e-08 1.5776737960063545e+00 1.5776737357680648e+00 6.0238289689706903e-08
302 2.9443359375000000e-01 7.9066868590216188e-01 7.9066864266773773e-01 4.3234424151883388e-08 7.9066865981178780e-01 7.9066864266773773e-01 1.7144050068473859e-08 1.5813373457139497e+00 1.5813372853354755e+00 6.0378474220357248e-08
303 2.9541015625000000e-01 7.9249301871153077e-01 7.9249297537705388e-01 4.3334476895751095e-08 7.9249299256066075e-01 7.9249297537705388e-01 1.7183606870752044e-08 1.5849860112721914e+00 1.5849859507541078e+00 6.0518083655480837e-08
304 2.9638671875000000e-01 7.9430989227478144e-01 7.9430984884066680e-01 4.3434114638252197e-08 7.9430986606366905e-01 7.9430984884066680e-01 1.7223002246602448e-08 1.5886197583384505e+00 1.5886196976813336e+00 6.0657116884854645e-08
305 2.9736328125000000e-01 7.9611928949080746e-01 7.9611924595747130e-01 4.3533336158141367e-08 7.9611926321970805e-01 7.9611924595747130e-01 1.7262236751136584e-08 1.5922385527105156e+00 1.5922384919149426e+00 6.0795573020300253e-08
306 2.9833984375000000e-01 7.9792119332887501e-01 7.9792114969673267e-01 4.3632142343597025e-08 7.9792116699803994e-01 7.9792114969673267e-01 1.7301307275729982e-08 1.5958423603269150e+00 1.5958422993934653e+00 6.0933449619327007e-08
307 2.9931640625000000e-01 7.9971558682877752e-01 7.9971554309824677e-01 4.3730530752128516e-08 7.9971556043846093e-01 7.9971554309824677e-01 1.7340214153449551e-08 1.5994311472672385e+00 1.5994310861964935e+00 6.1070744905578067e-08
308 3.0029296875000000e-01 8.0150245310099977e-01 8.0150240927249938e-01 4.3828500384535118e-08 8.0150242665145732e-01 8.0150240927249938e-01 1.7378957939406803e-08 1.6030048797524570e+00 1.6030048185449988e+00 6.1207458212919619e-08
309 3.0126953125000000e-01 8.0328177532687739e-01 8.0328173140082570e-01 4.3926051684906042e-08 8.0328174881836378e-01 8.0328173140082570e-01 1.7417538078490225e-08 1.6065635241452412e+00 1.6065634628016514e+00 6.1343589763396267e-08
310 3.0224609375000000e-01 8.0505353675875135e-01 8.0505349273556814e-01 4.4023183209951355e-08 8.0505351019152394e-01 8.0505349273556814e-01 1.7455955791945144e-08 1.6101070469502754e+00 1.6101069854711363e+00 6.1479139112918801e-08
311 3.0322265625000000e-01 8.0681772072012936e-01 8.0681767660023407e-01 4.4119895292737965e-08 8.0681769409444237e-01 8.0681767660023407e-01 1.7494208304213998e-08 1.6136354148145717e+00 1.6136353532004681e+00 6.1614103596951963e-08
312 3.0419921875000000e-01 8.0857431060583917e-01 8.0857426638965324e-01 4.4216185934864427e-08 8.0857428392194886e-01 8.0857426638965324e-01 1.7532295615296789e-08 1.6171485945277881e+00 1.6171485327793065e+00 6.1748481661183519e-08
313 3.0517578125000000e-01 8.1032328988218827e-01 8.1032324557013347e-01 4.4312054803263834e-08 8.1032326314035252e-01 8.1032324557013347e-01 1.7570219057461145e-08 1.6206465530225409e+00 1.6206464911402669e+00 6.1882273971747281e-08
314 3.0615234375000000e-01 8.1206464208711715e-01 8.1206459767961692e-01 4.4407500232601649e-08 8.1206461528759266e-01 8.1206459767961692e-01 1.7607975744127202e-08 1.6241292573747099e+00 1.6241291953592338e+00 6.2015476087751153e-08
315 3.0712890625000000e-01 8.1379835083035679e-01 8.1379830632783390e-01 4.4502522889011686e-08 8.1379832397340268e-01 8.1379830632783390e-01 1.7645568783919430e-08 1.6275966748037596e+00 1.6275966126556678e+00 6.2148091783953419e-08
316 3.0810546875000000e-01 8.1552439979357971e-01 8.1552435519645849e-01 4.4597121218181712e-08 8.1552437287945367e-01 8.1552435519645849e-01 1.7682995179235661e-08 1.6310487726730334e+00 1.6310487103929170e+00 6.2280116397417373e-08
317 3.0908203125000000e-01 8.1724277273055568e-01 8.1724272803926157e-01 4.4691294109888702e-08 8.1724274575951661e-01 8.1724272803926157e-01 1.7720255041098198e-08 1.6344855184900724e+00 1.6344854560785231e+00 6.2411549262009203e-08
318 3.1005859375000000e-01 8.1895345346730508e-01 8.1895340868226330e-01 4.4785041786177260e-08 8.1895342643961033e-01 8.1895340868226330e-01 1.7757347037239413e-08 1.6379068799069154e+00 1.6379068173645266e+00 6.2542388823416672e-08
319 3.1103515625000000e-01 8.2065642590224885e-01 8.2065638102388616e-01 4.4878362692735152e-08 8.2065639881815955e-01 8.2065638102388616e-01 1.7794273388105353e-08 1.6413128247204085e+00 1.6413127620477723e+00 6.2672636191862807e-08
320 3.1201171875000000e-01 8.2235167400636222e-01 8.2235162903510561e-01 4.4971256607517773e-08 8.2235164686613749e-01 8.2235162903510561e-01 1.7831031873249970e-08 1.6447033208724997e+00 1.6447032580702112e+00 6.2802288480767743e-08
321 3.1298828125000000e-01 8.2403918182332503e-01 8.2403913675960216e-01 4.5063722864391309e-08 8.2403915462722443e-01 8.2403913675960216e-01 1.7867622270628658e-08 1.6480783364505496e+00 1.6480782735192043e+00 6.2931345246042270e-08
322 3.1396484375000000e-01 8.2571893346966974e-01 8.2571888831390983e-01 4.5155759909043525e-08 8.2571890621795496e-01 8.2571888831390983e-01 1.7904045135352931e-08 1.6514378396876248e+00 1.6514377766278197e+00 6.3059805155418758e-08
323 3.1494140625000000e-01 8.2739091313493507e-01 8.2739086788756777e-01 4.5247367297385210e-08 8.2739088582786813e-01 8.2739086788756777e-01 1.7940300356400485e-08 1.6547817989628033e+00 1.6547817357751355e+00 6.3187667764807998e-08
324 3.1591796875000000e-01 8.2905510508181135e-01 8.2905505974326721e-01 4.5338544141237946e-08 8.2905507771965337e-01 8.2905505974326721e-01 1.7976386157414481e-08 1.6581101828014648e+00 1.6581101194865344e+00 6.3314930409674730e-08
325 3.1689453125000000e-01 8.3071149364629093e-01 8.3071144821700060e-01 4.5429290329579430e-08 8.3071146622930303e-01 8.3071144821700060e-01 1.8012302427372617e-08 1.6614229598755941e+00 1.6614228964340012e+00 6.3441592867974350e-08
326 3.1787109375000000e-01 8.3236006323781364e-01 8.3236001771820900e-01 4.5519604641164335e-08 8.3236003576625750e-01 8.3236001771820900e-01 1.8048048500141078e-08 1.6647200990040711e+00 1.6647200354364180e+00 6.3567653141305414e-08
327 3.1884765625000000e-01 8.3400079833941487e-01 8.3400075272992824e-01 4.5609486631903451e-08 8.3400077081355373e-01 8.3400075272992824e-01 1.8083625485942889e-08 1.6680015691529686e+00 1.6680015054598565e+00 6.3693112117846340e-08
328 3.1982421875000000e-01 8.3563368350787082e-01 8.3563363780893551e-01 4.5698935302596055e-08 8.3563365592796701e-01 8.3563363780893551e-01 1.8119031497398908e-08 1.6712673394358379e+00 1.6712672756178710e+00 6.3817966911017265e-08
329 3.2080078125000000e-01 8.3725870337384434e-01 8.3725865758589457e-01 4.5787949765063729e-08 8.3725867574016033e-01 8.3725865758589457e-01 1.8154265757353016e-08 1.6745173791140047e+00 1.6745173151717891e+00 6.3942215522416745e-08
330 3.2177734375000000e-01 8.3887584264202975e-01 8.3887579676550050e-01 4.5876529242150355e-08 8.3887581495483132e-01 8.3887579676550050e-01 1.8189330819318172e-08 1.6777516575968612e+00 1.6777515935310010e+00 6.4065860172490829e-08
331 3.2275390625000000e-01 8.4048508609129602e-01 8.4048504012662340e-01 4.5964672623632907e-08 8.4048505835084730e-01 8.4048504012662340e-01 1.8224223907736814e-08 1.6809701444421434e+00 1.6809700802532468e+00 6.4188896642392024e-08
332 3.2373046875000000e-01 8.4208641857483246e-01 8.4208637252245178e-01 4.6052380686667505e-08 8.4208639078139802e-01 8.4208637252245178e-01 1.8258946243854268e-08 1.6841728093562305e+00 1.6841727450449036e+00 6.4311326930521773e-08
333 3.2470703125000000e-01 8.4367982502028649e-01 8.4367977888063550e-01 4.6139650988763492e-08 8.4367979717413033e-01 8.4367977888063550e-01 1.8293494830068369e-08 1.6873596221944167e+00 1.6873595577612710e+00 6.4433145707809558e-08
334 3.2568359375000000e-01 8.4526529042991150e-01 8.4526524420342675e-01 4.6226484751166197e-08 8.4526526253130008e-01 8.4526524420342675e-01 1.8327873330115096e-08 1.6905305529612116e+00 1.6905304884068535e+00 6.4554358081281293e-08
335 3.2666015625000000e-01 8.4684279988070199e-01 8.4684275356782246e-01 4.6312879531384965e-08 8.4684277192990109e-01 8.4684275356782246e-01 1.8362078635369983e-08 1.6936855718106032e+00 1.6936855071356449e+00 6.4674958277777250e-08
336 3.2763671875000000e-01 8.4841233852453890e-01 8.4841229212570335e-01 4.6398835551464401e-08 8.4841231052181321e-01 8.4841229212570335e-01 1.8396109857654608e-08 1.6968246490463521e+00 1.6968245842514067e+00 6.4794945409119009e-08
337 3.2861328125000000e-01 8.4997389158832581e-01 8.4997384510397511e-01 4.6484350701980759e-08 8.4997386353394411e-01 8.4997384510397511e-01 1.8429968995370416e-08 1.6999477551222699e+00 1.6999476902079502e+00 6.4914319697351175e-08
338 3.2958984375000000e-01 8.5152744437413164e-01 8.5152739780470610e-01 4.6569425538045550e-08 8.5152741626836070e-01 8.5152739780470610e-01 1.8463654605227475e-08 1.7030548606424922e+00 1.7030547956094122e+00 6.5033080032250723e-08
339 3.3056640625000000e-01 8.5307298225932604e-01 8.5307293560526665e-01 4.6654059393524960e-08 8.5307295410243289e-01 8.5307293560526665e-01 1.8497166243136576e-08 1.7061459363617590e+00 1.7061458712105333e+00 6.5151225747683839e-08
340 3.3154296875000000e-01 8.5461049069671791e-01 8.5461044395846653e-01 4.6738251380240570e-08 8.5461046248897088e-01 8.5461044395846653e-01 1.8530504353186927e-08 1.7092209531856888e+00 1.7092208879169331e+00 6.5268755733427497e-08
341 3.3251953125000000e-01 8.5613995521469188e-01 8.5613990839269150e-01 4.6822000387969354e-08 8.5613992695635921e-01 8.5613990839269150e-01 1.8563667714133203e-08 1.7122798821710510e+00 1.7122798167853830e+00 6.5385667991080254e-08
342 3.3349609375000000e-01 8.5766136141734517e-01 8.5766131451203986e-01 4.6905305306488287e-08 8.5766133310869630e-01 8.5766131451203986e-01 1.8596656436997705e-08 1.7153226945260416e+00 1.7153226290240797e+00 6.5501961854508295e-08
343 3.3447265625000000e-01 8.5917469498462418e-01 8.5917464799645760e-01 4.6988166579886581e-08 8.5917466662592601e-01 8.5917464799645760e-01 1.8629468412356687e-08 1.7183493616105503e+00 1.7183492959929152e+00 6.5617635103265570e-08
344 3.3544921875000000e-01 8.6067994167245643e-01 8.6067989460187377e-01 4.7070582653852000e-08 8.6067991326397997e-01 8.6067989460187377e-01 1.8662106193723105e-08 1.7213598549364364e+00 1.7213597892037475e+00 6.5732688847575105e-08
345 3.3642578125000000e-01 8.6217708731288767e-01 8.6217704016033403e-01 4.7152553639406847e-08 8.6217705885490503e-01 8.6217704016033403e-01 1.8694571002342286e-08 1.7243541461677927e+00 1.7243540803206681e+00 6.5847124641749133e-08
346 3.3740234375000000e-01 8.6366611781421199e-01 8.6366607058013434e-01 4.7234077649171979e-08 8.6366608930699118e-01 8.6366607058013434e-01 1.8726856843009898e-08 1.7273322071212032e+00 1.7273321411602687e+00 6.5960934492181877e-08
347 3.3837890625000000e-01 8.6514701916110748e-01 8.6514697184595291e-01 4.7315154572125095e-08 8.6514699060491995e-01 8.6514697184595291e-01 1.8758967046395014e-08 1.7302940097660273e+00 1.7302939436919058e+00 6.6074121507497807e-08
348 3.3935546875000000e-01 8.6661977741476759e-01 8.6661973001898340e-01 4.7395784186221590e-08 8.6661974880988357e-01 8.6661973001898340e-01 1.8790900169207703e-08 1.7332395262246512e+00 1.7332394600379668e+00 6.6186684355429293e-08
349 3.4033203125000000e-01 8.6808437871303001e-01 8.6808433123706497e-01 4.7475965048171531e-08 8.6808435005972173e-01 8.6808433123706497e-01 1.8822656766559476e-08 1.7361687287727516e+00 1.7361686624741299e+00 6.6298621703708704e-08
350 3.4130859375000000e-01 8.6954080927051036e-01 8.6954076171481287e-01 4.7555697491041826e-08 8.6954078056904927e-01 8.6954076171481287e-01 1.8854236394361124e-08 1.7390815898395595e+00 1.7390815234296257e+00 6.6409933774380647e-08
351 3.4228515625000000e-01 8.7098905537872873e-01 8.7098900774374899e-01 4.7634979738475636e-08 8.7098902662938671e-01 8.7098900774374899e-01 1.8885637720345017e-08 1.7419780820081154e+00 1.7419780154874980e+00 6.6520617458820652e-08
352 3.4326171875000000e-01 8.7242910340624080e-01 8.7242905569243012e-01 4.7713810680249935e-08 8.7242907460929164e-01 8.7242905569243012e-01 1.8916861521667272e-08 1.7448581780155323e+00 1.7448581113848602e+00 6.6630672090894905e-08
353 3.4423828125000000e-01 8.7386093979876744e-01 8.7386089200657657e-01 4.7792190871476237e-08 8.7386091095448171e-01 8.7386089200657657e-01 1.8947905133792631e-08 1.7477218507532490e+00 1.7477217840131531e+00 6.6740095894246565e-08
354 3.4521484375000000e-01 8.7528455107931902e-01 8.7528450320919959e-01 4.7870119423976121e-08 8.7528452218797137e-01 8.7528450320919959e-01 1.8978771776367864e-08 1.7505690732672905e+00 1.7505690064183992e+00 6.6848891311366287e-08
355 3.4619140625000000e-01 8.7669992384832429e-01 8.7669987590072829e-01 4.7947596004682680e-08 8.7669989491018985e-01 8.7669987590072829e-01 1.9009461560415275e-08 1.7533998187585143e+00 1.7533997518014566e+00 6.6957057676120257e-08
356 3.4716796875000000e-01 8.7810704478375456e-01 8.7810699675913584e-01 4.8024618726216772e-08 8.7810701579910821e-01 8.7810699675913584e-01 1.9039972376511116e-08 1.7562140605828627e+00 1.7562139935182717e+00 6.7064590991705586e-08
357 3.4814453125000000e-01 8.7950590064125245e-01 8.7950585254006497e-01 4.8101187477556095e-08 8.7950587161036842e-01 8.7950585254006497e-01 1.9070303447499271e-08 1.7590117722516210e+00 1.7590117050801299e+00 6.7171491036077668e-08
358 3.4912109375000000e-01 8.8089647825425343e-01 8.8089643007695240e-01 4.8177301037455322e-08 8.8089644917740662e-01 8.8089643007695240e-01 1.9100454218268226e-08 1.7617929274316602e+00 1.7617928601539048e+00 6.7277755366745851e-08
359 3.5009765625000000e-01 8.8227876453411258e-01 8.8227871628115240e-01 4.8252960183070570e-08 8.8227873541157842e-01 8.8227871628115240e-01 1.9130426021085611e-08 1.7645574999456910e+00 1.7645574325623048e+00 6.7383386204156182e-08
360 3.5107421875000000e-01 8.8365274647022407e-01 8.8365269814206115e-01 4.8328162916000394e-08 8.8365271730227946e-01 8.8365269814206115e-01 1.9160218300839915e-08 1.7673054637725034e+00 1.7673053962841223e+00 6.7488381105818007e-08
361 3.5205078125000000e-01 8.8501841113014723e-01 8.8501836272723766e-01 4.8402909569311703e-08 8.8501838191706750e-01 8.8501836272723766e-01 1.9189829836285810e-08 1.7700367930472147e+00 1.7700367254544753e+00 6.7592739405597513e-08
362 3.5302734375000000e-01 8.8637574565972621e-01 8.8637569718252729e-01 4.8477198921759168e-08 8.8637571640178936e-01 8.8637569718252729e-01 1.9219262070713228e-08 1.7727514620615157e+00 1.7727513943650546e+00 6.7696461103494698e-08
363 3.5400390625000000e-01 8.8772473728321144e-01 8.8772468873218069e-01 4.8551030751298185e-08 8.8772470798069392e-01 8.8772468873218069e-01 1.9248513227765329e-08 1.7754494452639054e+00 1.7754493774643614e+00 6.7799543979063515e-08
364 3.5498046875000000e-01 8.8906537330337954e-01 8.8906532467897614e-01 4.8624403392594218e-08 8.8906534395655767e-01 8.8906532467897614e-01 1.9277581531085275e-08 1.7781307172599372e+00 1.7781306493579523e+00 6.7901984923679493e-08
365 3.5595703125000000e-01 8.9039764110165409e-01 8.9039759240433691e-01 4.8697317178714172e-08 8.9039761171080523e-01 8.9039759240433691e-01 1.9306468312940694e-08 1.7807952528124593e+00 1.7807951848086738e+00 6.8003785491654867e-08
366 3.5693359375000000e-01 8.9172152813822336e-01 8.9172147936845247e-01 4.8769770888412722e-08 8.9172149870362682e-01 8.9172147936845247e-01 1.9335174350487705e-08 1.7834430268418502e+00 1.7834429587369049e+00 6.8104945238900427e-08
367 3.5791015625000000e-01 8.9303702195215828e-01 8.9303697311039398e-01 4.8841764299645263e-08 8.9303699247409141e-01 8.9303697311039398e-01 1.9363697423280257e-08 1.7860740144262497e+00 1.7860739462207880e+00 6.8205461722925520e-08
368 3.5888671875000000e-01 8.9434411016152993e-01 8.9434406124823373e-01 4.8913296191166467e-08 8.9434408064027282e-01 8.9434406124823373e-01 1.9392039085630586e-08 1.7886881908018029e+00 1.7886881224964675e+00 6.8305335387819355e-08
369 3.5986328125000000e-01 8.9564278046352708e-01 8.9564273147916007e-01 4.8984367007065543e-08 8.9564275089935763e-01 8.9564273147916007e-01 1.9420197561181851e-08 1.7912855313628846e+00 1.7912854629583201e+00 6.8404564457225092e-08
370 3.6083984375000000e-01 8.9693302063456959e-01 8.9693297157959417e-01 4.9054975415074864e-08 8.9693299102776747e-01 8.9693297157959417e-01 1.9448173294023263e-08 1.7938660116623371e+00 1.7938659431591883e+00 6.8503148709098127e-08
371 3.6181640625000000e-01 8.9821481853042562e-01 8.9821476940530520e-01 4.9125120415993706e-08 8.9821478888127082e-01 8.9821476940530520e-01 1.9475965618021007e-08 1.7964296074116963e+00 1.7964295388106104e+00 6.8601085922992411e-08
372 3.6279296875000000e-01 8.9948816208632565e-01 8.9948811289152331e-01 4.9194802342888977e-08 8.9948813239509773e-01 8.9948811289152331e-01 1.9503574422152781e-08 1.7989762944814234e+00 1.7989762257830466e+00 6.8698376765041758e-08
373 3.6376953125000000e-01 9.0075303931707484e-01 9.0075299005305509e-01 4.9264019752470745e-08 9.0075300958405657e-01 9.0075299005305509e-01 1.9531001482775423e-08 1.8015060489011314e+00 1.8015059801061102e+00 6.8795021235246168e-08
374 3.6474609375000000e-01 9.0200943831716729e-01 9.0200938898439476e-01 4.9332772533716707e-08 9.0200940854263956e-01 9.0200938898439476e-01 1.9558244801487490e-08 1.8040188468598068e+00 1.8040187779687895e+00 6.8891017335204197e-08
375 3.6572265625000000e-01 9.0325734726089724e-01 9.0325729785983733e-01 4.9401059909470746e-08 9.0325731744513937e-01 9.0325729785983733e-01 1.9585302046820630e-08 1.8065146647060366e+00 1.8065145957196747e+00 6.8986361956291375e-08
376 3.6669921875000000e-01 9.0449675440246935e-01 9.0449670493358880e-01 4.9468880547465233e-08 9.0449672454576502e-01 9.0449670493358880e-01 1.9612176216377009e-08 1.8089934789482345e+00 1.8089934098671776e+00 6.9081056874864544e-08
377 3.6767578125000000e-01 9.0572764807611295e-01 9.0572759853987805e-01 4.9536234891789377e-08 9.0572761817874459e-01 9.0572759853987805e-01 1.9638866533000510e-08 1.8114552662548575e+00 1.8114551970797561e+00 6.9175101424789887e-08
378 3.6865234375000000e-01 9.0695001669618736e-01 9.0694996709306563e-01 4.9603121721197851e-08 9.0694998675843752e-01 9.0694996709306563e-01 1.9665371886468108e-08 1.8139000034546249e+00 1.8138999341861313e+00 6.9268493607665960e-08
379 3.6962890625000000e-01 9.0816384875729372e-01 9.0816379908775324e-01 4.9669540480579144e-08 9.0816381877944652e-01 9.0816379908775324e-01 1.9691693275980526e-08 1.8163276675367404e+00 1.8163275981755065e+00 6.9361233867581973e-08
380 3.7060546875000000e-01 9.0936913283438336e-01 9.0936908309889175e-01 4.9735491614022465e-08 9.0936910281671834e-01 9.0936908309889175e-01 1.9717826593712573e-08 1.8187382356511017e+00 1.8187381661977835e+00 6.9453318207735038e-08
381 3.7158203125000000e-01 9.1056585758286224e-01 9.1056580778188900e-01 4.9800973234148671e-08 9.1056582752566417e-01 9.1056580778188900e-01 1.9743775170333322e-08 1.8211316851085264e+00 1.8211316155637780e+00 6.9544748404481993e-08
382 3.7255859375000000e-01 9.1175401173870163e-01 9.1175396187271662e-01 4.9865985007890856e-08 9.1175398164225352e-01 9.1175396187271662e-01 1.9769536896419027e-08 1.8235079933809550e+00 1.8235079237454332e+00 6.9635521793287580e-08
383 3.7353515625000000e-01 9.1293358411854186e-01 9.1293353418801548e-01 4.9930526380137508e-08 9.1293355398312948e-01 9.1293353418801548e-01 1.9795113992415736e-08 1.8258671381016713e+00 1.8258670683760310e+00 6.9725640372553244e-08
384 3.7451171875000000e-01 9.1410456361979864e-01 9.1410451362520218e-01 4.9994596462710206e-08 9.1410453344570608e-01 9.1410451362520218e-01 1.9820503904810494e-08 1.8282090970655047e+00 1.8282090272504044e+00 6.9815100367520699e-08
385 3.7548828125000000e-01 9.1526693922076852e-01 9.1526688916257204e-01 5.0058196476854278e-08 9.1526690900827912e-01 9.1526688916257204e-01 1.9845707077692509e-08 1.8305338482290476e+00 1.8305337783251441e+00 6.9903903554546787e-08
386 3.7646484375000000e-01 9.1642069998072773e-01 9.1642064985940386e-01 5.0121323869056766e-08 9.1642066973012759e-01 9.1642064985940386e-01 1.9870723733106388e-08 1.8328413697108554e+00 1.8328412997188077e+00 6.9992047713185457e-08
387 3.7744140625000000e-01 9.1756583504004186e-01 9.1756578485606255e-01 5.0183979305451487e-08 9.1756580475161564e-01 9.1756578485606255e-01 1.9895553093896012e-08 1.8351316397916575e+00 1.8351315697121251e+00 7.0079532399347499e-08
388 3.7841796875000000e-01 9.1870233362026221e-01 9.1870228337410154e-01 5.0246160676614693e-08 9.1870230329429858e-01 9.1870228337410154e-01 1.9920197047440524e-08 1.8374046369145609e+00 1.8374045667482031e+00 7.0166357835077520e-08
389 3.7939453125000000e-01 9.1983018502423253e-01 9.1983013471636355e-01 5.0307868981747106e-08 9.1983015466101459e-01 9.1983013471636355e-01 1.9944651041825523e-08 1.8396603396852471e+00 1.8396602694327271e+00 7.0252520023572629e-08
390 3.8037109375000000e-01 9.2094937863618531e-01 9.2094932826708265e-01 5.0369102666536492e-08 9.2094934823600150e-01 9.2094932826708265e-01 1.9968918851809292e-08 1.8418987268721869e+00 1.8418986565341653e+00 7.0338021629368086e-08
391 3.8134765625000000e-01 9.2205990392184478e-01 9.2205985349198250e-01 5.0429862286094362e-08 9.2205987348498042e-01 9.2205985349198250e-01 1.9992997923878875e-08 1.8441197774068252e+00 1.8441197069839650e+00 7.0422860209973237e-08
392 3.8232421875000000e-01 9.2316175042852278e-01 9.2316169993837704e-01 5.0490145730996971e-08 9.2316171995526730e-01 9.2316169993837704e-01 2.0016890256435715e-08 1.8463234703837901e+00 1.8463233998767541e+00 7.0507035987432687e-08
393 3.8330078125000000e-01 9.2425490778522135e-01 9.2425485723526790e-01 5.0549953445333529e-08 9.2425487727586098e-01 9.2425485723526790e-01 2.0040593073922253e-08 1.8485097850610823e+00 1.8485097144705358e+00 7.0590546519255781e-08
394 3.8427734375000000e-01 9.2533936570272635e-01 9.2533931509344214e-01 5.0609284207858707e-08 9.2533933515755085e-01 9.2533931509344214e-01 2.0064108707806838e-08 1.8506787008602772e+00 1.8506786301868843e+00 7.0673392915665545e-08
395 3.8525390625000000e-01 9.2641511397370790e-01 9.2641506330556933e-01 5.0668138573684018e-08 9.2641508339300205e-01 9.2641506330556933e-01 2.0087432717197373e-08 1.8528301973667101e+00 1.8528301266111387e+00 7.0755571401903694e-08
396 3.8623046875000000e-01 9.2748214247281291e-01 9.2748209174629759e-01 5.0726515321564136e-08 9.2748211185686846e-01 9.2748209174629759e-01 2.0110570875253586e-08 1.8549642543296814e+00 1.8549641834925952e+00 7.0837086196817722e-08
397 3.8720703125000000e-01 9.2854044115676271e-01 9.2854039037234914e-01 5.0784413563320641e-08 9.2854041050586633e-01 9.2854039037234914e-01 2.0133517186771144e-08 1.8570808516626292e+00 1.8570807807446983e+00 7.0917930861114087e-08
398 3.8818359375000000e-01 9.2959000006444792e-01 9.2958994922261395e-01 5.0841833965087346e-08 9.2958996937888905e-01 9.2958994922261395e-01 2.0156275093441423e-08 1.8591799694433369e+00 1.8591798984452279e+00 7.0998108947506466e-08
399 3.8916015625000000e-01 9.3063080931701969e-01 9.3063075841824461e-01 5.0898775083574321e-08 9.3063077859708554e-01 9.3063075841824461e-01 2.0178840931528441e-08 1.8612615879141052e+00 1.8612615168364892e+00 7.1077616015102763e-08
400 3.9013671875000000e-01 9.3166285911798485e-01 9.3166280816274849e-01 5.0955236363670053e-08 9.3166282836396797e-01 9.3166280816274849e-01 2.0201219474991206e-08 1.8633256874819528e+00 1.8633256163254970e+00 7.1156455838661259e-08
401 3.9111328125000000e-01 9.3268613975329806e-01 9.3268608874208025e-01 5.1011217805374542e-08 9.3268610896548709e-01 9.3268608874208025e-01 2.0223406838049129e-08 1.8653722487187852e+00 1.8653721774841605e+00 7.1234624643423672e-08
402 3.9208984375000000e-01 9.3370064159145238e-01 9.3370059052473364e-01 5.1066718742553974e-08 9.3370061077013933e-01 9.3370059052473364e-01 2.0245405685237472e-08 1.8674012523615917e+00 1.8674011810494673e+00 7.1312124427791446e-08
403 3.9306640625000000e-01 9.3470635508357047e-01 9.3470630396183119e-01 5.1121739286230650e-08 9.3470632422904454e-01 9.3470630396183119e-01 2.0267213352020974e-08 1.8694126793126151e+00 1.8694126079236624e+00 7.1388952749273926e-08
404 3.9404296875000000e-01 9.3570327076349236e-01 9.3570321958721514e-01 5.1176277215958521e-08 9.3570323987604243e-01 9.3570321958721514e-01 2.0288827284886679e-08 1.8714065106395348e+00 1.8714064391744303e+00 7.1465104500845200e-08
405 3.9501953125000000e-01 9.3669137924786883e-01 9.3669132801753585e-01 5.1230332975826798e-08 9.3669134832778789e-01 9.3669132801753585e-01 2.0310252035748988e-08 1.8733827275756567e+00 1.8733826560350717e+00 7.1540585011575786e-08
406 3.9599609375000000e-01 9.3767067123624703e-01 9.3767061995234080e-01 5.1283906232768572e-08 9.3767064028382563e-01 9.3767061995234080e-01 2.0331484829050339e-08 1.8753413115200726e+00 1.8753412399046816e+00 7.1615390950796609e-08
407 3.9697265625000000e-01 9.3864113751115685e-01 9.3864108617416098e-01 5.1336995876560820e-08 9.3864110652668931e-01 9.3864108617416098e-01 2.0352528329325992e-08 1.8772822440378460e+00 1.8772821723483220e+00 7.1689524094864510e-08
408 3.9794921875000000e-01 9.3960276893820138e-01 9.3960271754859881e-01 5.1389602573337356e-08 9.3960273792197790e-01 9.3960271754859881e-01 2.0373379094884569e-08 1.8792055068601794e+00 1.8792054350971976e+00 7.1762981779244228e-08
409 3.9892578125000000e-01 9.4055555646613842e-01 9.4055550502441365e-01 5.1441724768785946e-08 9.4055552541845233e-01 9.4055550502441365e-01 2.0394038680038307e-08 1.8811110818845909e+00 1.8811110100488273e+00 7.1835763559846555e-08
410 3.9990234375000000e-01 9.4149949112696962e-01 9.4149943963360683e-01 5.1493362795973496e-08 9.4149946004811302e-01 9.4149943963360683e-01 2.0414506196608784e-08 1.8829989511750826e+00 1.8829988792672137e+00 7.1907868992582280e-08
411 4.0087890625000000e-01 9.4243456403602222e-01 9.4243451249150623e-01 5.1544515988766193e-08 9.4243453292628787e-01 9.4243451249150623e-01 2.0434781644596001e-08 1.8848690969623101e+00 1.8848690249830125e+00 7.1979297633362194e-08
412 4.0185546875000000e-01 9.4336076639203348e-01 9.4336071479685024e-01 5.1595183236941011e-08 9.4336073525171527e-01 9.4336071479685024e-01 2.0454865023999957e-08 1.8867215016437489e+00 1.8867214295937005e+00 7.2050048371963271e-08
413 4.0283203125000000e-01 9.4427808947723435e-01 9.4427803783186970e-01 5.1645364651520254e-08 9.4427805830662559e-01 9.4427803783186970e-01 2.0474755890731444e-08 1.8885561477838599e+00 1.8885560756637394e+00 7.2120120542251698e-08
414 4.0380859375000000e-01 9.4518652465743003e-01 9.4518647296237102e-01 5.1695059011258593e-08 9.4518649345682548e-01 9.4518647296237102e-01 2.0494454466835066e-08 1.8903730181142555e+00 1.8903729459247420e+00 7.2189513478093659e-08
415 4.0478515625000000e-01 9.4608606338208423e-01 9.4608601163781691e-01 5.1744267315356751e-08 9.4608603215177545e-01 9.4608601163781691e-01 2.0513958531864773e-08 1.8921720955338597e+00 1.8921720232756338e+00 7.2258225847221524e-08
416 4.0576171875000000e-01 9.4697669718439426e-01 9.4697664539140647e-01 5.1792987787457889e-08 9.4697666592467677e-01 9.4697664539140647e-01 2.0533270306266616e-08 1.8939533631090710e+00 1.8939532907828129e+00 7.2326258093724505e-08
417 4.0673828125000000e-01 9.4785841768137624e-01 9.4785836584015581e-01 5.1841220427562007e-08 9.4785838639254283e-01 9.4785836584015581e-01 2.0552387014483031e-08 1.8957168040739192e+00 1.8957167316803116e+00 7.2393607553067341e-08
418 4.0771484375000000e-01 9.4873121657394055e-01 9.4873116468497631e-01 5.1888964236468382e-08 9.4873118525628730e-01 9.4873116468497631e-01 2.0571310987982372e-08 1.8974624018302277e+00 1.8974623293699526e+00 7.2460275113428452e-08
419 4.0869140625000000e-01 9.4959508564697237e-01 9.4959503371075271e-01 5.1936219658266225e-08 9.4959505430079405e-01 9.4959503371075271e-01 2.0590041338586218e-08 1.8991901399477664e+00 1.8991900674215054e+00 7.2526260996852443e-08
420 4.0966796875000000e-01 9.5045001676940721e-01 9.5044996478642074e-01 5.1982986470910930e-08 9.5044998539500103e-01 9.5044996478642074e-01 2.0608580286740619e-08 1.9009000021644082e+00 1.9008999295728415e+00 7.2591566757651549e-08
421 4.1064453125000000e-01 9.5129600189430674e-01 9.5129594986504362e-01 5.2029263120090263e-08 9.5129597049196779e-01 9.5129594986504362e-01 2.0626924168709593e-08 1.9025919723862745e+00 1.9025918997300872e+00 7.2656187288799856e-08
422 4.1162109375000000e-01 9.5213303305893715e-01 9.5213298098388754e-01 5.2075049605804224e-08 9.5213300162896142e-01 9.5213298098388754e-01 2.0645073872671560e-08 1.9042660346878986e+00 1.9042659619677751e+00 7.2720123478475784e-08
423 4.1259765625000000e-01 9.5296110238484300e-01 9.5296105026449673e-01 5.2120346261119721e-08 9.5296107092752580e-01 9.5296105026449673e-01 2.0663029065559613e-08 1.9059221733123688e+00 1.9059221005289935e+00 7.2783375326679334e-08
424 4.1357421875000000e-01 9.5378020207792058e-01 9.5378014991276794e-01 5.2165152641947543e-08 9.5378017059355902e-01 9.5378014991276794e-01 2.0680791079641381e-08 1.9075603726714796e+00 1.9075602998255359e+00 7.2845943721588924e-08
425 4.1455078125000000e-01 9.5459032442849057e-01 9.5459027221902315e-01 5.2209467416020061e-08 9.5459029291737962e-01 9.5459027221902315e-01 2.0698356473225488e-08 1.9091806173458701e+00 1.9091805444380463e+00 7.2907823778223246e-08
426 4.1552734375000000e-01 9.5539146181137347e-01 9.5539140955808277e-01 5.2253290694359578e-08 9.5539143027381068e-01 9.5539140955808277e-01 2.0715727910847193e-08 1.9107828920851841e+00 1.9107828191161655e+00 7.2969018605206770e-08
427 4.1650390625000000e-01 9.5618360668595848e-01 9.5618355438933711e-01 5.2296621366743068e-08 9.5618357512224117e-01 9.5618355438933711e-01 2.0732904060238866e-08 1.9123671818081998e+00 1.9123671087786742e+00 7.3029525538004236e-08
428 4.1748046875000000e-01 9.5696675159627664e-01 9.5696669925681732e-01 5.2339459322148230e-08 9.5696672000670346e-01 9.5696669925681732e-01 2.0749886142645835e-08 1.9139334716029801e+00 1.9139333985136346e+00 7.3089345464794064e-08
429 4.1845703125000000e-01 9.5774088917107025e-01 9.5774083678926547e-01 5.2381804782619668e-08 9.5774085755593796e-01 9.5774083678926547e-01 2.0766672492733562e-08 1.9154817467270082e+00 1.9154816735785309e+00 7.3148477275353230e-08
430 4.1943359375000000e-01 9.5850601212386199e-01 9.5850595970020447e-01 5.2423657526112777e-08 9.5850598048346680e-01 9.5850595970020447e-01 2.0783262333345931e-08 1.9170119926073288e+00 1.9170119194004089e+00 7.3206919859458708e-08
431 4.2041015625000000e-01 9.5926211325302257e-01 9.5926206078800613e-01 5.2465016442404533e-08 9.5926208158766435e-01 9.5926206078800613e-01 2.0799658217995898e-08 1.9185241948406868e+00 1.9185241215760123e+00 7.3264674549378128e-08
432 4.2138671875000000e-01 9.6000918544184044e-01 9.6000913293595880e-01 5.2505881642517238e-08 9.6000915375181661e-01 9.6000913293595880e-01 2.0815857815215111e-08 1.9200183391936569e+00 1.9200182658719176e+00 7.3321739346710046e-08
433 4.2236328125000000e-01 9.6074722165858761e-01 9.6074716911233515e-01 5.2546252460317078e-08 9.6074718994419595e-01 9.6074716911233515e-01 2.0831860791936663e-08 1.9214944116027834e+00 1.9214943382246703e+00 7.3378113141231438e-08
434 4.2333984375000000e-01 9.6147621495658508e-01 9.6147616237045730e-01 5.2586127785581027e-08 9.6147618321812456e-01 9.6147616237045730e-01 2.0847667259182856e-08 1.9229523981747096e+00 1.9229523247409146e+00 7.3433795044763883e-08
435 4.2431640625000000e-01 9.6219615847427220e-01 9.6219610584876347e-01 5.2625508728532111e-08 9.6219612671204324e-01 9.6219610584876347e-01 2.0863279770466647e-08 1.9243922851863156e+00 1.9243922116975269e+00 7.3488788610021061e-08
436 4.2529296875000000e-01 9.6290704543526451e-01 9.6290699277087122e-01 5.2664393290768885e-08 9.6290701364956510e-01 9.6290699277087122e-01 2.0878693884895938e-08 1.9258140590848296e+00 1.9258139855417424e+00 7.3543087175664823e-08
437 4.2626953125000000e-01 9.6360886914842470e-01 9.6360881644564211e-01 5.2702782582514374e-08 9.6360883733955316e-01 9.6360881644564211e-01 2.0893911045760660e-08 1.9272177064879779e+00 1.9272176328912842e+00 7.3596693628275034e-08
438 4.2724609375000000e-01 9.6430162300791977e-01 9.6430157026724450e-01 5.2740675271500947e-08 9.6430159117617587e-01 9.6430157026724450e-01 2.0908931364083116e-08 1.9286032141840956e+00 1.9286031405344890e+00 7.3649606635584064e-08
439 4.2822265625000000e-01 9.6498530049328735e-01 9.6498524771521554e-01 5.2778071801817816e-08 9.6498526863897061e-01 9.6498524771521554e-01 2.0923755061907912e-08 1.9299705691322580e+00 1.9299704954304311e+00 7.3701826863725728e-08
440 4.2919921875000000e-01 9.6565989516949335e-01 9.6565984235452262e-01 5.2814970730175048e-08 9.6565986329290288e-01 9.6565984235452262e-01 2.0938380251855904e-08 1.9313197584623962e+00 1.9313196847090452e+00 7.3753350982030952e-08
441 4.3017578125000000e-01 9.6632540068699724e-01 9.6632534783562418e-01 5.2851373055773365e-08 9.6632536878843478e-01 9.6632534783562418e-01 2.0952810597663074e-08 1.9326507694754320e+00 1.9326506956712484e+00 7.3804183653436439e-08
442 4.3115234375000000e-01 9.6698181078180656e-01 9.6698175789452934e-01 5.2887277224300533e-08 9.6698177886157133e-01 9.6698175789452934e-01 2.0967041991504232e-08 1.9339635896433780e+00 1.9339635157890587e+00 7.3854319326827067e-08
443 4.3212890625000000e-01 9.6762911927554029e-01 9.6762906635285628e-01 5.2922684012912669e-08 9.6762908733393416e-01 9.6762906635285628e-01 2.0981077875070753e-08 1.9352582066094746e+00 1.9352581327057126e+00 7.3903761999005724e-08
444 4.3310546875000000e-01 9.6826732007548366e-01 9.6826726711789157e-01 5.2957592089342143e-08 9.6826728811280538e-01 9.6826726711789157e-01 2.0994913807470539e-08 1.9365346081882890e+00 1.9365345342357831e+00 7.3952505896812681e-08
445 4.3408203125000000e-01 9.6889640717464853e-01 9.6889635418264630e-01 5.2992002230745072e-08 9.6889637519120186e-01 9.6889635418264630e-01 2.1008555561863318e-08 1.9377927823658503e+00 1.9377927083652926e+00 7.4000557681586088e-08
446 4.3505859375000000e-01 9.6951637465182694e-01 9.6951632162591361e-01 5.3025913326898433e-08 9.6951634264790965e-01 9.6951632162591361e-01 2.1021996032821733e-08 1.9390327172997366e+00 1.9390326432518272e+00 7.4047909359720165e-08
447 4.3603515625000000e-01 9.7012721667164870e-01 9.7012716361232376e-01 5.3059324933713015e-08 9.7012718464756453e-01 9.7012716361232376e-01 2.1035240771460906e-08 1.9402544013192133e+00 1.9402543272246475e+00 7.4094565816196223e-08
448 4.3701171875000000e-01 9.7072892748463668e-01 9.7072887439239941e-01 5.3092237273233422e-08 9.7072889544068763e-01 9.7072887439239941e-01 2.1048288223468603e-08 1.9414578229253243e+00 1.9414577487847988e+00 7.4140525496702026e-08
449 4.3798828125000000e-01 9.7132150142725893e-01 9.7132144830260936e-01 5.3124649568303539e-08 9.7132146936374597e-01 9.7132144830260936e-01 2.1061136612487985e-08 1.9426429707910049e+00 1.9426428966052187e+00 7.4185786180791524e-08
450 4.3896484375000000e-01 9.7190493292198454e-01 9.7190487976542239e-01 5.3156562151990272e-08 9.7190490083920822e-01 9.7190487976542239e-01 2.1073785827496749e-08 1.9438098337611929e+00 1.9438097595308448e+00 7.4230348090509324e-08
451 4.3994140625000000e-01 9.7247921647733360e-01 9.7247916328935946e-01 5.3187974136115201e-08 9.7247918437559899e-01 9.7247916328935946e-01 2.1086239532230877e-08 1.9449584008529326e+00 1.9449583265787189e+00 7.4274213668346079e-08
452 4.4091796875000000e-01 9.7304434668793083e-01 9.7304429346904509e-01 5.3218885742722932e-08 9.7304431456753782e-01 9.7304429346904509e-01 2.1098492730686758e-08 1.9460886612554686e+00 1.9460885869380902e+00 7.4317378473409690e-08
453 4.4189453125000000e-01 9.7360031823455462e-01 9.7360026498525909e-01 5.3249295528523533e-08 9.7360028609580695e-01 9.7360026498525909e-01 2.1110547865355045e-08 1.9472006043303616e+00 1.9472005299705182e+00 7.4359843393878577e-08
454 4.4287109375000000e-01 9.7414712588418984e-01 9.7414707260498568e-01 5.3279204159650817e-08 9.7414709372739039e-01 9.7414707260498568e-01 2.1122404714191134e-08 1.9482942196115802e+00 1.9482941452099714e+00 7.4401608873841951e-08
455 4.4384765625000000e-01 9.7468476449007502e-01 9.7468471118146316e-01 5.3308611858149391e-08 9.7468473231552621e-01 9.7468471118146316e-01 2.1134063055150420e-08 1.9493694968056012e+00 1.9493694223629263e+00 7.4442674913299811e-08
456 4.4482421875000000e-01 9.7521322899175011e-01 9.7521317565423271e-01 5.3337517402773926e-08 9.7521319679975471e-01 9.7521317565423271e-01 2.1145522000054484e-08 1.9504264257915049e+00 1.9504263513084654e+00 7.4483039513850713e-08
457 4.4580078125000000e-01 9.7573251441510656e-01 9.7573246104918532e-01 5.3365921237613634e-08 9.7573248220596676e-01 9.7573246104918532e-01 2.1156781437881023e-08 1.9514649966210733e+00 1.9514649220983706e+00 7.4522702675494656e-08
458 4.4677734375000000e-01 9.7624261587243133e-01 9.7624256247860908e-01 5.3393822252445489e-08 9.7624258364645100e-01 9.7624256247860908e-01 2.1167841923741548e-08 1.9524851995188823e+00 1.9524851249572182e+00 7.4561664176187037e-08
459 4.4775390625000000e-01 9.7674352856245517e-01 9.7674347514123505e-01 5.3421220114202583e-08 9.7674349631993773e-01 9.7674347514123505e-01 2.1178702680479944e-08 1.9534870248823930e+00 1.9534869502824701e+00 7.4599922905704830e-08
460 4.4873046875000000e-01 9.7723524777039839e-01 9.7723519432228267e-01 5.3448115711063338e-08 9.7723521551164705e-01 9.7723519432228267e-01 2.1189364374230024e-08 1.9544704632820453e+00 1.9544703886445653e+00 7.4637479974271059e-08
461 4.4970703125000000e-01 9.7771776886801121e-01 9.7771771539350349e-01 5.3474507710760122e-08 9.7771773659333094e-01 9.7771771539350349e-01 2.1199827449080999e-08 1.9554355054613421e+00 1.9554354307870070e+00 7.4674335159841121e-08
462 4.5068359375000000e-01 9.7819108731362181e-01 9.7819103381322559e-01 5.3500396224315239e-08 9.7819105502331605e-01 9.7819103381322559e-01 2.1210090461742936e-08 1.9563821423369379e+00 1.9563820676264512e+00 7.4710486686058175e-08
463 4.5166015625000000e-01 9.7865519865217698e-01 9.7865514512639562e-01 5.3525781362750990e-08 9.7865516634655070e-01 9.7865514512639562e-01 2.1220155077550373e-08 1.9573103649987278e+00 1.9573102902527912e+00 7.4745936551323666e-08
464 4.5263671875000000e-01 9.7911009851528408e-01 9.7911004496462128e-01 5.3550662793000470e-08 9.7911006619463870e-01 9.7911004496462128e-01 2.1230017410722724e-08 1.9582201647099229e+00 1.9582200899292426e+00 7.4780680314745496e-08
465 4.5361328125000000e-01 9.7955578262125242e-01 9.7955572904621191e-01 5.3575040515063677e-08 9.7955575028589226e-01 9.7955572904621191e-01 2.1239680347839851e-08 1.9591115329071447e+00 1.9591114580924238e+00 7.4814720862903528e-08
466 4.5458984375000000e-01 9.7999224677513275e-01 9.7999219317621933e-01 5.3598913418717586e-08 9.7999221442536300e-01 9.7999219317621933e-01 2.1249143666857151e-08 1.9599844612004957e+00 1.9599843863524387e+00 7.4848057085574737e-08
467 4.5556640625000000e-01 9.8041948686875868e-01 9.8041943324647673e-01 5.3622281948051409e-08 9.8041945450488532e-01 9.8041943324647673e-01 2.1258408589019950e-08 1.9608389413736440e+00 1.9608388664929535e+00 7.4880690537071359e-08
468 4.5654296875000000e-01 9.8083749888078386e-01 9.8083744523563798e-01 5.3645145881020539e-08 9.8083746650310888e-01 9.8083744523563798e-01 2.1267470895480756e-08 1.9616749653838927e+00 1.9616748904712760e+00 7.4912616776501295e-08
469 4.5751953125000000e-01 9.8124627887671900e-01 9.8124622520921501e-01 5.3667503996379651e-08 9.8124624648554948e-01 9.8124622520921501e-01 2.1276334472020153e-08 1.9624925253622685e+00 1.9624924504184300e+00 7.4943838468399804e-08
470 4.5849609375000000e-01 9.8164582300897218e-01 9.8164576931961511e-01 5.3689357071284860e-08 9.8164579060461299e-01 9.8164576931961511e-01 2.1284997875348211e-08 1.9632916136135852e+00 1.9632915386392302e+00 7.4974354946633071e-08
471 4.5947265625000000e-01 9.8203612751688241e-01 9.8203607380617686e-01 5.3710705549825377e-08 9.8203609509963752e-01 9.8203607380617686e-01 2.1293460661375718e-08 1.9640722226165199e+00 1.9640721476123537e+00 7.5004166211201095e-08
472 4.6044921875000000e-01 9.8241718872675399e-01 9.8241713499520589e-01 5.3731548099733573e-08 9.8241715629692927e-01 9.8241713499520589e-01 2.1301723385214189e-08 1.9648343450236831e+00 1.9648342699904118e+00 7.5033271373925459e-08
473 4.6142578125000000e-01 9.8278900305189376e-01 9.8278894930000904e-01 5.3751884721009446e-08 9.8278897060979409e-01 9.8278894930000904e-01 2.1309785047662899e-08 1.9655779736616878e+00 1.9655778986000181e+00 7.5061669768672346e-08
474 4.6240234375000000e-01 9.8315156699264494e-01 9.8315151322092842e-01 5.3771716523876023e-08 9.8315153453857573e-01 9.8315151322092842e-01 2.1317647314056387e-08 1.9663031015312207e+00 1.9663030264418568e+00 7.5089363837932410e-08
475 4.6337890625000000e-01 9.8350487713641543e-01 9.8350482334537448e-01 5.3791040954820346e-08 9.8350484467068167e-01 9.8350482334537448e-01 2.1325307186792486e-08 1.9670097218070972e+00 1.9670096466907490e+00 7.5116348252635134e-08
476 4.6435546875000000e-01 9.8384893015771702e-01 9.8384887634785767e-01 5.3809859346110045e-08 9.8384889768062544e-01 9.8384887634785767e-01 2.1332767774495665e-08 1.9676978278383426e+00 1.9676977526957153e+00 7.5142627231628012e-08
477 4.6533203125000000e-01 9.8418372281819133e-01 9.8418366899002019e-01 5.3828171142633607e-08 9.8418369033004627e-01 9.8418366899002019e-01 2.1340026079563756e-08 1.9683674131482376e+00 1.9683673379800404e+00 7.5168197222197364e-08
478 4.6630859375000000e-01 9.8450925196664174e-01 9.8450919812066617e-01 5.3845975567234916e-08 9.8450921946775138e-01 9.8450919812066617e-01 2.1347085210621231e-08 1.9690184714343930e+00 1.9690183962413323e+00 7.5193060666833844e-08
479 4.6728515625000000e-01 9.8482551453906486e-01 9.8482546067579124e-01 5.3863273619114693e-08 9.8482548202973330e-01 9.8482546067579124e-01 2.1353942059043618e-08 1.9696509965687983e+00 1.9696509213515825e+00 7.5217215789180614e-08
480 4.6826171875000000e-01 9.8513250755867676e-01 9.8513245367861213e-01 5.3880064632139124e-08 9.8513247503920942e-01 9.8513245367861213e-01 2.1360597290964733e-08 1.9702649825978862e+00 1.9702649073572243e+00 7.5240661923103858e-08
481 4.6923828125000000e-01 9.8543022813594194e-01 9.8543017423959356e-01 5.3896348384263604e-08 9.8543019560664635e-01 9.8543017423959356e-01 2.1367052793763719e-08 1.9708604237425882e+00 1.9708603484791871e+00 7.5263401067005020e-08
482 4.7021484375000000e-01 9.8571867346860109e-01 9.8571861955647633e-01 5.3912124764465830e-08 9.8571864092978256e-01 9.8571861955647633e-01 2.1373306235972223e-08 1.9714373143983837e+00 1.9714372391129527e+00 7.5285431000438052e-08
483 4.7119140625000000e-01 9.8599784084169739e-01 9.8599778691430306e-01 5.3927394327857314e-08 9.8599780829366235e-01 9.8599778691430306e-01 2.1379359282924781e-08 1.9719956491353599e+00 1.9719955738286061e+00 7.5306753721804398e-08
484 4.7216796875000000e-01 9.8626772762760007e-01 9.8626767368544443e-01 5.3942155631148125e-08 9.8626769507065504e-01 9.8626767368544443e-01 2.1385210602353766e-08 1.9725354226982552e+00 1.9725353473708889e+00 7.5327366344524194e-08
485 4.7314453125000000e-01 9.8652833128603246e-01 9.8652827732962345e-01 5.3956409007405171e-08 9.8652829872048431e-01 9.8652827732962345e-01 2.1390860860392991e-08 1.9730566300065169e+00 1.9730565546592469e+00 7.5347269978820464e-08
486 4.7412109375000000e-01 9.8677964936409468e-01 9.8677959539393922e-01 5.3970155455829172e-08 9.8677961679025050e-01 9.8677959539393922e-01 2.1396311278287783e-08 1.9735592661543451e+00 1.9735591907878784e+00 7.5366466623094652e-08
487 4.7509765625000000e-01 9.8702167949628394e-01 9.8702162551289052e-01 5.3983393422107895e-08 9.8702164691445116e-01 9.8702162551289052e-01 2.1401560634792816e-08 1.9740433264107351e+00 1.9740432510257810e+00 7.5384954056900710e-08
488 4.7607421875000000e-01 9.8725441940452052e-01 9.8725436540839751e-01 5.3996123017263642e-08 9.8725438681500532e-01 9.8725436540839751e-01 2.1406607819685064e-08 1.9745088062195260e+00 1.9745087308167950e+00 7.5402730947971008e-08
489 4.7705078125000000e-01 9.8747786689816819e-01 9.8747781288982384e-01 5.4008344352318716e-08 9.8747783430127634e-01 9.8747781288982384e-01 2.1411452499897621e-08 1.9749557011994445e+00 1.9749556257796477e+00 7.5419796852216336e-08
490 4.7802734375000000e-01 9.8769201987405419e-01 9.8769196585399655e-01 5.4020057649317721e-08 9.8769198727009522e-01 9.8769196585399655e-01 2.1416098672233375e-08 1.9753840071441493e+00 1.9753839317079931e+00 7.5436156210528793e-08
491 4.7900390625000000e-01 9.8789687631648904e-01 9.8789682228522646e-01 5.4031262575193750e-08 9.8789684370576736e-01 9.8789682228522646e-01 2.1420540896599505e-08 1.9757937200222564e+00 1.9757936445704529e+00 7.5451803471793255e-08
492 4.7998046875000000e-01 9.8809243429728566e-01 9.8809238025532697e-01 5.4041958685857594e-08 9.8809240168010770e-01 9.8809238025532697e-01 2.1424780727308246e-08 1.9761848359773935e+00 1.9761847605106539e+00 7.5466739524188142e-08
493 4.8095703125000000e-01 9.8827869197577844e-01 9.8827863792363169e-01 5.4052146758465369e-08 9.8827865935245029e-01 9.8827863792363169e-01 2.1428818608448807e-08 1.9765573513282289e+00 1.9765572758472634e+00 7.5480965477936479e-08
494 4.8193359375000000e-01 9.8845564759883864e-01 9.8845559353701273e-01 5.4061825904838656e-08 9.8845561496966827e-01 9.8845559353701273e-01 2.1432655539221912e-08 1.9769112625685068e+00 1.9769111870740255e+00 7.5494481333038266e-08
495 4.8291015625000000e-01 9.8862329950089201e-01 9.8862324542989644e-01 5.4070995569865943e-08 9.8862326686618707e-01 9.8862324542989644e-01 2.1436290631449140e-08 1.9772465663670791e+00 1.9772464908597929e+00 7.5507286201315083e-08
496 4.8388671875000000e-01 9.8878164610393582e-01 9.8878159202427929e-01 5.4079656530703346e-08 9.8878161346400206e-01 9.8878159202427929e-01 2.1439722774907466e-08 1.9775632595679378e+00 1.9775631840485586e+00 7.5519379194588510e-08
497 4.8486328125000000e-01 9.8893068591755107e-01 9.8893063182974283e-01 5.4087808232239354e-08 9.8893065327269736e-01 9.8893063182974283e-01 2.1442954523109847e-08 1.9778613391902484e+00 1.9778612636594857e+00 7.5530762755349201e-08
498 4.8583984375000000e-01 9.8907041753891878e-01 9.8907036344346777e-01 5.4095451007540873e-08 9.8907038488945265e-01 9.8907036344346777e-01 2.1445984876855562e-08 1.9781408024283715e+00 1.9781407268869355e+00 7.5541435995418738e-08
499 4.8681640625000000e-01 9.8920083965283179e-01 9.8920078555024671e-01 5.4102585078652510e-08 9.8920080699906077e-01 9.8920078555024671e-01 2.1448814058189214e-08 1.9784016466518926e+00 1.9784015711004934e+00 7.5551399136841724e-08
500 4.8779296875000000e-01 9.8932195103170606e-01 9.8932189692249728e-01 5.4109208780239726e-08 9.8932191837393746e-01 9.8932189692249728e-01 2.1451440179731662e-08 1.9786438694056434e+00 1.9786437938449946e+00 7.5560648848949086e-08
501 4.8876953125000000e-01 9.8943375053559746e-01 9.8943369642027312e-01 5.4115324332748571e-08 9.8943371787413581e-01 9.8943369642027312e-01 2.1453862686371394e-08 1.9788674684097334e+00 1.9788673928405462e+00 7.5569187130142268e-08
502 4.8974609375000000e-01 9.8953623711220440e-01 9.8953618299127477e-01 5.4120929626755299e-08 9.8953620444735946e-01 9.8953618299127477e-01 2.1456084686732879e-08 1.9790724415595640e+00 1.9790723659825495e+00 7.5577014424510480e-08
503 4.9072265625000000e-01 9.8962940979688518e-01 9.8962935567085952e-01 5.4126025661460631e-08 9.8962937712896393e-01 9.8962935567085952e-01 2.1458104404459277e-08 1.9792587869258491e+00 1.9792587113417190e+00 7.5584130065919908e-08
504 4.9169921875000000e-01 9.8971326771266277e-01 9.8971321358205078e-01 5.4130611992775357e-08 9.8971323504197428e-01 9.8971321358205078e-01 2.1459923504885126e-08 1.9794265027546372e+00 1.9794264271641016e+00 7.5590535608682785e-08
505 4.9267578125000000e-01 9.8978781007023542e-01 9.8978775593554580e-01 5.4134689619900200e-08 9.8978777739708357e-01 9.8978775593554580e-01 2.1461537769162931e-08 1.9795755874673189e+00 1.9795755118710916e+00 7.5596227278040828e-08
506 4.9365234375000000e-01 9.8985303616798159e-01 9.8985298202972360e-01 5.4138257987723648e-08 9.8985300349267502e-01 9.8985298202972360e-01 2.1462951416140186e-08 1.9797060396606567e+00 1.9797059640594472e+00 7.5601209514886136e-08
507 4.9462890625000000e-01 9.8990894539196683e-01 9.8990889125065129e-01 5.4141315541933466e-08 9.8990891271481474e-01 9.8990889125065129e-01 2.1464163446616169e-08 1.9798178581067816e+00 1.9798177825013026e+00 7.5605478988549635e-08
508 4.9560546875000000e-01 9.8995553721595397e-01 9.8995548307209014e-01 5.4143863836841888e-08 9.8995550453726466e-01 9.8995548307209014e-01 2.1465174526724695e-08 1.9799110417532186e+00 1.9799109661441803e+00 7.5609038363566583e-08
509 4.9658203125000000e-01 9.8999281120140248e-01 9.8999275705550005e-01 5.4145902428359705e-08 9.8999277852148304e-01 9.8999275705550005e-01 2.1465982991131227e-08 1.9799855897228855e+00 1.9799855141110001e+00 7.5611885419490932e-08
510 4.9755859375000000e-01 9.9002076699747632e-01 9.9002071285004412e-01 5.4147432204665336e-08 9.9002073431663251e-01 9.9002071285004412e-01 2.1466588395746555e-08 1.9800415013141088e+00 1.9800414257000882e+00 7.5614020600411891e-08
511 4.9853515625000000e-01 9.9003940434104321e-01 9.9003935019259171e-01 5.4148451500424244e-08 9.9003937165958400e-01 9.9003935019259171e-01 2.1466992294882914e-08 1.9800787760006271e+00 1.9800787003851834e+00 7.5615443684284855e-08
512 4.9951171875000000e-01 9.9004872305668257e-01 9.9004866890772114e-01 5.4148961425859454e-08 9.9004869037491383e-01 9.9004866890772114e-01 2.1467192690138859e-08 1.9800974134315963e+00 1.9800973378154423e+00 7.5616154004976011e-08
513 5.0048828125000000e-01 9.9004872305668257e-01 9.9004866890772114e-01 5.4148961425859454e-08 9.9004869037491361e-01 9.9004866890772114e-01 2.1467192468094254e-08 1.9800974134315963e+00 1.9800973378154423e+00 7.5616154004976011e-08
514 5.0146484375000000e-01 9.9003940434104298e-01 9.9003935019259171e-01 5.4148451278379639e-08 9.9003937165958256e-01 9.9003935019259171e-01 2.1466990851592982e-08 1.9800787760006255e+00 1.9800787003851834e+00 7.5615442129972621e-08
515 5.0244140625000000e-01 9.9002076699747577e-01 9.9002071285004412e-01 5.4147431649553823e-08 9.9002073431663196e-01 9.9002071285004412e-01 2.1466587840635043e-08 1.9800415013141077e+00 1.9800414257000882e+00 7.5614019490188866e-08
516 5.0341796875000000e-01 9.8999281120140248e-01 9.8999275705550005e-01 5.4145902428359705e-08 9.8999277852148104e-01 9.8999275705550005e-01 2.1465980992729783e-08 1.9799855897228835e+00 1.9799855141110001e+00 7.5611883421089487e-08
517 5.0439453125000000e-01 9.8995553721595431e-01 9.8995548307209014e-01 5.4143864169908795e-08 9.8995550453726233e-01 9.8995548307209014e-01 2.1465172195256343e-08 1.9799110417532166e+00 1.9799109661441803e+00 7.5609036365165139e-08
518 5.0537109375000000e-01 9.8990894539196672e-01 9.8990889125065129e-01 5.4141315430911163e-08 9.8990891271481452e-01 9.8990889125065129e-01 2.1464163224571564e-08 1.9798178581067813e+00 1.9798177825013026e+00 7.5605478766505030e-08
519 5.0634765625000000e-01 9.8985303616798137e-01 9.8985298202972360e-01 5.4138257765679043e-08 9.8985300349267480e-01 9.8985298202972360e-01 2.1462951194095581e-08 1.9797060396606563e+00 1.9797059640594472e+00 7.5601209070796926e-08
520 5.0732421875000000e-01 9.8978781007023553e-01 9.8978775593554580e-01 5.4134689730922503e-08 9.8978777739708201e-01 9.8978775593554580e-01 2.1461536214850696e-08 1.9795755874673175e+00 1.9795755118710916e+00 7.5596225945773199e-08
521 5.0830078125000000e-01 9.8971326771266321e-01 9.8971321358205078e-01 5.4130612436864567e-08 9.8971323504197062e-01 9.8971321358205078e-01 2.1459919841149144e-08 1.9794265027546338e+00 1.9794264271641016e+00 7.5590532278013711e-08
522 5.0927734375000000e-01 9.8962940979688585e-01 9.8962935567085952e-01 5.4126026327594445e-08 9.8962937712896248e-01 9.8962935567085952e-01 2.1458102961169345e-08 1.9792587869258482e+00 1.9792587113417190e+00 7.5584129177741488e-08
523 5.1025390625000000e-01 9.8953623711220517e-01 9.8953618299127477e-01 5.4120930403911416e-08 9.8953620444735879e-01 9.8953618299127477e-01 2.1456084020599064e-08 1.9790724415595640e+00 1.9790723659825495e+00 7.5577014424510480e-08
524 5.1123046875000000e-01 9.8943375053559857e-01 9.8943369642027312e-01 5.4115325442971596e-08 9.8943371787413492e-01 9.8943369642027312e-01 2.1453861798192975e-08 1.9788674684097334e+00 1.9788673928405462e+00 7.5569187130142268e-08
525 5.1220703125000000e-01 9.8932195103170761e-01 9.8932189692249728e-01 5.4109210334551960e-08 9.8932191837393402e-01 9.8932189692249728e-01 2.1451436738040286e-08 1.9786438694056416e+00 1.9786437938449946e+00 7.5560647072592246e-08
526 5.1318359375000000e-01 9.8920083965283301e-01 9.8920078555024671e-01 5.4102586299897837e-08 9.8920080699905788e-01 9.8920078555024671e-01 2.1448811171609350e-08 1.9784016466518910e+00 1.9784015711004934e+00 7.5551397582529489e-08
527 5.1416015625000000e-01 9.8907041753892044e-01 9.8907036344346777e-01 5.4095452672875410e-08 9.8907038488945154e-01 9.8907036344346777e-01 2.1445983766632537e-08 1.9781408024283720e+00 1.9781407268869355e+00 7.5541436439507947e-08
528 5.1513671875000000e-01 9.8893068591755340e-01 9.8893063182974283e-01 5.4087810563707706e-08 9.8893065327269580e-01 9.8893063182974283e-01 2.1442952968797613e-08 1.9778613391902491e+00 1.9778612636594857e+00 7.5530763421483016e-08
529 5.1611328125000000e-01 9.8878164610393793e-01 9.8878159202427929e-01 5.4079658640127093e-08 9.8878161346400040e-01 9.8878159202427929e-01 2.1439721109572929e-08 1.9775632595679382e+00 1.9775631840485586e+00 7.5519379638677719e-08
530 5.1708984375000000e-01 9.8862329950089411e-01 9.8862324542989644e-01 5.4070997679289690e-08 9.8862326686618418e-01 9.8862324542989644e-01 2.1436287744869276e-08 1.9772465663670782e+00 1.9772464908597929e+00 7.5507285313136663e-08
531 5.1806640625000000e-01 9.8845564759884108e-01 9.8845559353701273e-01 5.4061828347329310e-08 9.8845561496966650e-01 9.8845559353701273e-01 2.1432653762865073e-08 1.9769112625685077e+00 1.9769111870740255e+00 7.5494482221216686e-08
532 5.1904296875000000e-01 9.8827869197578166e-01 9.8827863792363169e-01 5.4052149978112141e-08 9.8827865935244652e-01 9.8827863792363169e-01 2.1428814833690524e-08 1.9765573513282282e+00 1.9765572758472634e+00 7.5480964811802664e-08
533 5.2001953125000000e-01 9.8809243429728888e-01 9.8809238025532697e-01 5.4041961905504365e-08 9.8809240168010326e-01 9.8809238025532697e-01 2.1424776286416147e-08 1.9761848359773921e+00 1.9761847605106539e+00 7.5466738191920513e-08
534 5.2099609375000000e-01 9.8789687631649192e-01 9.8789682228522646e-01 5.4031265461773614e-08 9.8789684370576158e-01 9.8789682228522646e-01 2.1420535123439777e-08 1.9757937200222535e+00 1.9757936445704529e+00 7.5451800585213391e-08
535 5.2197265625000000e-01 9.8769201987405664e-01 9.8769196585399655e-01 5.4020060091808375e-08 9.8769198727009111e-01 9.8769196585399655e-01 2.1416094564408183e-08 1.9753840071441477e+00 1.9753839317079931e+00 7.5436154656216559e-08
536 5.2294921875000000e-01 9.8747786689817063e-01 9.8747781288982384e-01 5.4008346794809370e-08 9.8747783430127489e-01 9.8747781288982384e-01 2.1411451056607689e-08 1.9749557011994456e+00 1.9749556257796477e+00 7.5419797962439361e-08
537 5.2392578125000000e-01 9.8725441940452241e-01 9.8725436540839751e-01 5.3996124904642784e-08 9.8725438681500333e-01 9.8725436540839751e-01 2.1406605821283620e-08 1.9745088062195257e+00 1.9745087308167950e+00 7.5402730725926403e-08
538 5.2490234375000000e-01 9.8702167949628583e-01 9.8702162551289052e-01 5.3983395309487037e-08 9.8702164691444971e-01 9.8702162551289052e-01 2.1401559191502884e-08 1.9740433264107355e+00 1.9740432510257810e+00 7.5384954500989920e-08
539 5.2587890625000000e-01 9.8677964936409712e-01 9.8677959539393922e-01 5.3970157898319826e-08 9.8677961679024984e-01 9.8677959539393922e-01 2.1396310612153968e-08 1.9735592661543468e+00 1.9735591907878784e+00 7.5366468399451492e-08
540 5.2685546875000000e-01 9.8652833128603523e-01 9.8652827732962345e-01 5.3956411782962732e-08 9.8652829872048342e-01 9.8652827732962345e-01 2.1390859972214571e-08 1.9730566300065187e+00 1.9730565546592469e+00 7.5347271755177303e-08
541 5.2783203125000000e-01 9.8626772762760218e-01 9.8626767368544443e-01 5.3942157740571872e-08 9.8626769507065470e-01 9.8626767368544443e-01 2.1385210269286858e-08 1.9725354226982570e+00 1.9725353473708889e+00 7.5327368120881033e-08
542 5.2880859375000000e-01 9.8599784084169917e-01 9.8599778691430306e-01 5.3927396104214154e-08 9.8599780829366146e-01 9.8599778691430306e-01 2.1379358394746362e-08 1.9719956491353607e+00 1.9719955738286061e+00 7.5306754609982818e-08
543 5.2978515625000000e-01 9.8571867346860353e-01 9.8571861955647633e-01 5.3912127206956484e-08 9.8571864092978234e-01 9.8571861955647633e-01 2.1373306013927618e-08 1.9714373143983859e+00 1.9714372391129527e+00 7.5285433220884102e-08
544 5.3076171875000000e-01 9.8543022813594450e-01 9.8543017423959356e-01 5.3896350937776560e-08 9.8543019560664580e-01 9.8543017423959356e-01 2.1367052238652207e-08 1.9708604237425904e+00 1.9708603484791871e+00 7.5263403287451069e-08
545 5.3173828125000000e-01 9.8513250755867909e-01 9.8513245367861213e-01 5.3880066963607476e-08 9.8513247503921109e-01 9.8513245367861213e-01 2.1360598956299270e-08 1.9702649825978902e+00 1.9702649073572243e+00 7.5240665919906746e-08
546 5.3271484375000000e-01 9.8482551453906741e-01 9.8482546067579124e-01 5.3863276172627650e-08 9.8482548202973386e-01 9.8482546067579124e-01 2.1353942614155130e-08 1.9696509965688014e+00 1.9696509213515825e+00 7.5217218897805083e-08
547 5.3369140625000000e-01 9.8450925196664441e-01 9.8450919812066617e-01 5.3845978231770175e-08 9.8450921946775183e-01 9.8450919812066617e-01 2.1347085654710440e-08 1.9690184714343961e+00 1.9690183962413323e+00 7.5193063775458313e-08
548 5.3466796875000000e-01 9.8418372281819344e-01 9.8418366899002030e-01 5.3828173141035052e-08 9.8418369033004860e-01 9.8418366899002030e-01 2.1340028300009806e-08 1.9683674131482420e+00 1.9683673379800406e+00 7.5168201441044857e-08
549 5.3564453125000000e-01 9.8384893015771879e-01 9.8384887634785767e-01 5.3809861122466884e-08 9.8384889768062667e-01 9.8384887634785767e-01 2.1332768995740992e-08 1.9676978278383455e+00 1.9676977526957153e+00 7.5142630118207876e-08
550 5.3662109375000000e-01 9.8350487713641732e-01 9.8350482334537448e-01 5.3791042842199488e-08 9.8350484467068344e-01 9.8350482334537448e-01 2.1325308963149325e-08 1.9670097218071008e+00 1.9670096466907490e+00 7.5116351805348813e-08
551 5.3759765625000000e-01 9.8315156699264716e-01 9.8315151322092842e-01 5.3771718744322072e-08 9.8315153453857618e-01 9.8315151322092842e-01 2.1317647758145597e-08 1.9663031015312233e+00 1.9663030264418568e+00 7.5089366502467669e-08
552 5.3857421875000000e-01 9.8278900305189631e-01 9.8278894930000904e-01 5.3751887274522403e-08 9.8278897060979342e-01 9.8278894930000904e-01 2.1309784381529084e-08 1.9655779736616896e+00 1.9655778986000181e+00 7.5061671545029185e-08
553 5.3955078125000000e-01 9.8241718872675632e-01 9.8241713499520589e-01 5.3731550431201924e-08 9.8241715629692850e-01 9.8241713499520589e-01 2.1301722608058071e-08 1.9648343450236849e+00 1.9648342699904118e+00 7.5033273150282298e-08
554 5.4052734375000000e-01 9.8203612751688463e-01 9.8203607380617686e-01 5.3710707770271426e-08 9.8203609509963574e-01 9.8203607380617686e-01 2.1293458885018879e-08 1.9640722226165204e+00 1.9640721476123537e+00 7.5004166655290305e-08
555 5.4150390625000000e-01 9.8164582300897429e-01 9.8164576931961522e-01 5.3689359069686304e-08 9.8164579060461055e-01 9.8164576931961522e-01 2.1284995321835254e-08 1.9632916136135847e+00 1.9632915386392304e+00 7.4974354280499256e-08
556 5.4248046875000000e-01 9.8124627887672056e-01 9.8124622520921512e-01 5.3667505439669583e-08 9.8124624648554726e-01 9.8124622520921512e-01 2.1276332140551801e-08 1.9624925253622678e+00 1.9624924504184302e+00 7.4943837580221384e-08
557 5.4345703125000000e-01 9.8083749888078531e-01 9.8083744523563798e-01 5.3645147324310472e-08 9.8083746650310799e-01 9.8083744523563798e-01 2.1267470007302336e-08 1.9616749653838932e+00 1.9616748904712760e+00 7.4912617220590505e-08
558 5.4443359375000000e-01 9.8041948686876046e-01 9.8041943324647673e-01 5.3622283724408248e-08 9.8041945450488266e-01 9.8041943324647673e-01 2.1258405924484691e-08 1.9608389413736431e+00 1.9608388664929535e+00 7.4880689648892940e-08
559 5.4541015625000000e-01 9.7999224677513508e-01 9.7999219317621933e-01 5.3598915750185938e-08 9.7999221442536122e-01 9.7999219317621933e-01 2.1249141890500312e-08 1.9599844612004964e+00 1.9599843863524387e+00 7.4848057751708552e-08
560 5.4638671875000000e-01 9.7955578262125387e-01 9.7955572904621191e-01 5.3575041958353609e-08 9.7955575028589026e-01 9.7955572904621191e-01 2.1239678349438407e-08 1.9591115329071442e+00 1.9591114580924238e+00 7.4814720418814318e-08
561 5.4736328125000000e-01 9.7911009851528630e-01 9.7911004496462128e-01 5.3550665013446519e-08 9.7911006619463659e-01 9.7911004496462128e-01 2.1230015301298977e-08 1.9582201647099229e+00 1.9582200899292426e+00 7.4780680314745496e-08
562 5.4833984375000000e-01 9.7865519865217976e-01 9.7865514512639573e-01 5.3525784027286250e-08 9.7865516634654670e-01 9.7865514512639573e-01 2.1220150969725182e-08 1.9573103649987265e+00 1.9573102902527915e+00 7.4745934997011432e-08
563 5.4931640625000000e-01 9.7819108731362403e-01 9.7819103381322559e-01 5.3500398444761288e-08 9.7819105502331360e-01 9.7819103381322559e-01 2.1210088019252282e-08 1.9563821423369376e+00 1.9563820676264512e+00 7.4710486464013570e-08
564 5.5029296875000000e-01 9.7771776886801331e-01 9.7771771539350361e-01 5.3474509709161566e-08 9.7771773659332872e-01 9.7771771539350361e-01 2.1199825117612647e-08 1.9554355054613421e+00 1.9554354307870072e+00 7.4674334937796516e-08
565 5.5126953125000000e-01 9.7723524777040049e-01 9.7723519432228267e-01 5.3448117820487084e-08 9.7723521551164438e-01 9.7723519432228267e-01 2.1189361709694765e-08 1.9544704632820449e+00 1.9544703886445653e+00 7.4637479530181849e-08
566 5.5224609375000000e-01 9.7674352856245783e-01 9.7674347514123516e-01 5.3421222667715540e-08 9.7674349631993518e-01 9.7674347514123516e-01 2.1178700015944685e-08 1.9534870248823930e+00 1.9534869502824703e+00 7.4599922683660225e-08
567 5.5322265625000000e-01 9.7624261587243366e-01 9.7624256247860908e-01 5.3393824583913840e-08 9.7624258364644823e-01 9.7624256247860908e-01 2.1167839148183987e-08 1.9524851995188819e+00 1.9524851249572182e+00 7.4561663732097827e-08
568 5.5419921875000000e-01 9.7573251441510878e-01 9.7573246104918532e-01 5.3365923458059683e-08 9.7573248220596354e-01 9.7573246104918532e-01 2.1156778218234251e-08 1.9514649966210724e+00 1.9514649220983706e+00 7.4522701787316237e-08
569 5.5517578125000000e-01 9.7521322899175278e-01 9.7521317565423271e-01 5.3337520067309185e-08 9.7521319679975216e-01 9.7521317565423271e-01 2.1145519446541527e-08 1.9504264257915049e+00 1.9504263513084654e+00 7.4483039513850713e-08
570 5.5615234375000000e-01 9.7468476449007801e-01 9.7468471118146316e-01 5.3308614855751557e-08 9.7468473231552444e-01 9.7468471118146316e-01 2.1134061278793581e-08 1.9493694968056023e+00 1.9493694223629263e+00 7.4442676023522836e-08
571 5.5712890625000000e-01 9.7414712588419305e-01 9.7414707260498568e-01 5.3279207379297588e-08 9.7414709372738839e-01 9.7414707260498568e-01 2.1122402715789690e-08 1.9482942196115816e+00 1.9482941452099714e+00 7.4401610206109581e-08
572 5.5810546875000000e-01 9.7360031823455762e-01 9.7360026498525909e-01 5.3249298526125699e-08 9.7360028609580596e-01 9.7360026498525909e-01 2.1110546866154323e-08 1.9472006043303636e+00 1.9472005299705182e+00 7.4359845392280022e-08
573 5.5908203125000000e-01 9.7304434668793360e-01 9.7304429346904520e-01 5.3218888407258191e-08 9.7304431456753648e-01 9.7304429346904520e-01 2.1098491287396826e-08 1.9460886612554700e+00 1.9460885869380904e+00 7.4317379583632714e-08
574 5.6005859375000000e-01 9.7247921647733615e-01 9.7247916328935946e-01 5.3187976689628158e-08 9.7247918437559733e-01 9.7247916328935946e-01 2.1086237866896340e-08 1.9449584008529335e+00 1.9449583265787189e+00 7.4274214556524498e-08
575 5.6103515625000000e-01 9.7190493292198687e-01 9.7190487976542239e-01 5.3156564483458624e-08 9.7190490083920844e-01 9.7190487976542239e-01 2.1073786049541354e-08 1.9438098337611953e+00 1.9438097595308448e+00 7.4230350532999978e-08
576 5.6201171875000000e-01 9.7132150142726148e-01 9.7132144830260947e-01 5.3124652010794193e-08 9.7132146936374586e-01 9.7132144830260947e-01 2.1061136390443380e-08 1.9426429707910073e+00 1.9426428966052189e+00 7.4185788401237573e-08
577 5.6298828125000000e-01 9.7072892748463879e-01 9.7072887439239941e-01 5.3092239382657169e-08 9.7072889544068730e-01 9.7072887439239941e-01 2.1048287890401696e-08 1.9414578229253261e+00 1.9414577487847988e+00 7.4140527273058865e-08
578 5.6396484375000000e-01 9.7012721667165092e-01 9.7012716361232376e-01 5.3059327154159064e-08 9.7012718464756431e-01 9.7012716361232376e-01 2.1035240549416301e-08 1.9402544013192151e+00 1.9402543272246475e+00 7.4094567592553062e-08
579 5.6494140625000000e-01 9.6951637465182949e-01 9.6951632162591372e-01 5.3025915769389087e-08 9.6951634264790920e-01 9.6951632162591372e-01 2.1021995477710220e-08 1.9390327172997388e+00 1.9390326432518274e+00 7.4047911358121610e-08
580 5.6591796875000000e-01 9.6889640717465131e-01 9.6889635418264641e-01 5.2992004895280331e-08 9.6889637519119898e-01 9.6889635418264641e-01 2.1008552564261151e-08 1.9377927823658503e+00 1.9377927083652928e+00 7.4000557459541483e-08
581 5.6689453125000000e-01 9.6826732007548699e-01 9.6826726711789157e-01 5.2957595420011216e-08 9.6826728811280272e-01 9.6826726711789157e-01 2.0994911142935280e-08 1.9365346081882897e+00 1.9365345342357831e+00 7.3952506562946496e-08
582 5.6787109375000000e-01 9.6762911927554351e-01 9.6762906635285639e-01 5.2922687121537138e-08 9.6762908733393160e-01 9.6762906635285639e-01 2.0981075210535494e-08 1.9352582066094750e+00 1.9352581327057128e+00 7.3903762221050329e-08
583 5.6884765625000000e-01 9.6698181078180967e-01 9.6698175789452934e-01 5.2887280332925002e-08 9.6698177886156789e-01 9.6698175789452934e-01 2.0967038549812855e-08 1.9339635896433776e+00 1.9339635157890587e+00 7.3854318882737857e-08
584 5.6982421875000000e-01 9.6632540068700046e-01 9.6632534783562429e-01 5.2851376164397834e-08 9.6632536878842956e-01 9.6632534783562429e-01 2.0952805268592556e-08 1.9326507694754300e+00 1.9326506956712486e+00 7.3804181432990390e-08
585 5.7080078125000000e-01 9.6565989516949713e-01 9.6565984235452273e-01 5.2814974393911029e-08 9.6565986329289866e-01 9.6565984235452273e-01 2.0938375921986108e-08 1.9313197584623958e+00 1.9313196847090455e+00 7.3753350315897137e-08
586 5.7177734375000000e-01 9.6498530049329034e-01 9.6498524771521554e-01 5.2778074799419983e-08 9.6498526863896306e-01 9.6498524771521554e-01 2.0923747512391344e-08 1.9299705691322533e+00 1.9299704954304311e+00 7.3701822200789024e-08
587 5.7275390625000000e-01 9.6430162300792288e-01 9.6430157026724450e-01 5.2740678380125416e-08 9.6430159117616854e-01 9.6430157026724450e-01 2.0908924036611154e-08 1.9286032141840914e+00 1.9286031405344890e+00 7.3649602416736570e-08
588 5.7373046875000000e-01 9.6360886914842747e-01 9.6360881644564211e-01 5.2702785358071935e-08 9.6360883733954728e-01 9.6360881644564211e-01 2.0893905161578630e-08 1.9272177064879747e+00 1.9272176328912842e+00 7.3596690519650565e-08
589 5.7470703125000000e-01 9.6290704543526695e-01 9.6290699277087122e-01 5.2664395733259539e-08 9.6290701364955766e-01 9.6290699277087122e-01 2.0878686446401673e-08 1.9258140590848245e+00 1.9258139855417424e+00 7.3543082068638910e-08
590 5.7568359375000000e-01 9.6219615847427420e-01 9.6219610584876347e-01 5.2625510726933555e-08 9.6219612671203569e-01 9.6219610584876347e-01 2.0863272220950080e-08 1.9243922851863098e+00 1.9243922116975269e+00 7.3488782836861333e-08
591 5.7666015625000000e-01 9.6147621495658764e-01 9.6147616237045730e-01 5.2586130339093984e-08 9.6147618321811856e-01 9.6147616237045730e-01 2.0847661263978523e-08 1.9229523981747061e+00 1.9229523247409146e+00 7.3433791492050204e-08
592 5.7763671875000000e-01 9.6074722165859006e-01 9.6074716911233515e-01 5.2546254902807732e-08 9.6074718994418995e-01 9.6074716911233515e-01 2.0831854796732330e-08 1.9214944116027799e+00 1.9214943382246703e+00 7.3378109588517759e-08
593 5.7861328125000000e-01 9.6000918544184388e-01 9.6000913293595880e-01 5.2505885084208614e-08 9.6000915375181262e-01 9.6000913293595880e-01 2.0815853818412222e-08 1.9200183391936565e+00 1.9200182658719176e+00 7.3321738902620837e-08
594 5.7958984375000000e-01 9.5926211325302635e-01 9.5926206078800613e-01 5.2465020217162817e-08 9.5926208158766213e-01 9.5926206078800613e-01 2.0799655997549849e-08 1.9185241948406886e+00 1.9185241215760123e+00 7.3264676325734968e-08
595 5.8056640625000000e-01 9.5850601212386610e-01 9.5850595970020458e-01 5.2423661522915666e-08 9.5850598048346447e-01 9.5850595970020458e-01 2.0783259890855277e-08 1.9170119926073306e+00 1.9170119194004092e+00 7.3206921413770942e-08
596 5.8154296875000000e-01 9.5774088917107481e-01 9.5774083678926547e-01 5.2381809334534069e-08 9.5774085755593574e-01 9.5774083678926547e-01 2.0766670272287513e-08 1.9154817467270107e+00 1.9154816735785309e+00 7.3148479717843884e-08
597 5.8251953125000000e-01 9.5696675159628042e-01 9.5696669925681732e-01 5.2339463096906513e-08 9.5696672000670147e-01 9.5696669925681732e-01 2.0749884144244390e-08 1.9139334716029819e+00 1.9139333985136346e+00 7.3089347241150904e-08
598 5.8349609375000000e-01 9.5618360668596158e-01 9.5618355438933722e-01 5.2296624364345234e-08 9.5618357512224095e-01 9.5618355438933722e-01 2.0732903727171959e-08 1.9123671818082024e+00 1.9123671087786744e+00 7.3029527980494890e-08
599 5.8447265625000000e-01 9.5539146181137657e-01 9.5539140955808288e-01 5.2253293691961744e-08 9.5539143027381024e-01 9.5539140955808288e-01 2.0715727355735680e-08 1.9107828920851868e+00 1.9107828191161658e+00 7.2969021047697424e-08
600 5.8544921875000000e-01 9.5459032442849434e-01 9.5459027221902326e-01 5.2209471079756042e-08 9.5459029291738018e-01 9.5459027221902326e-01 2.0698356917314698e-08 1.9091806173458745e+00 1.9091805444380465e+00 7.2907827997070740e-08
601 5.8642578125000000e-01 9.5378020207792480e-01 9.5378014991276794e-01 5.2165156860795037e-08 9.5378017059356002e-01 9.5378014991276794e-01 2.0680792078842103e-08 1.9075603726714849e+00 1.9075602998255359e+00 7.2845949050659442e-08
602 5.8740234375000000e-01 9.5296110238484744e-01 9.5296105026449673e-01 5.2120350702011820e-08 9.5296107092752846e-01 9.5296105026449673e-01 2.0663031730094872e-08 1.9059221733123759e+00 1.9059221005289935e+00 7.2783382432106691e-08
603 5.8837890625000000e-01 9.5213303305894126e-01 9.5213298098388754e-01 5.2075053713629416e-08 9.5213300162896386e-01 9.5213298098388754e-01 2.0645076315162214e-08 1.9042660346879052e+00 1.9042659619677751e+00 7.2720130139813932e-08
604 5.8935546875000000e-01 9.5129600189431052e-01 9.5129594986504362e-01 5.2029266894848547e-08 9.5129597049197012e-01 9.5129594986504362e-01 2.0626926500177944e-08 1.9025919723862805e+00 1.9025918997300872e+00 7.2656193284004189e-08
605 5.9033203125000000e-01 9.5045001676941043e-01 9.5044996478642074e-01 5.1982989690557702e-08 9.5044998539500192e-01 9.5044996478642074e-01 2.0608581174919038e-08 1.9009000021644122e+00 1.9008999295728415e+00 7.2591570754454438e-08
606 5.9130859375000000e-01 9.4959508564697570e-01 9.4959503371075282e-01 5.1936222877912996e-08 9.4959505430079783e-01 9.4959503371075282e-01 2.0590045002322199e-08 1.8991901399477735e+00 1.8991900674215056e+00 7.2526267880235196e-08
607 5.9228515625000000e-01 9.4873121657394366e-01 9.4873116468497631e-01 5.1888967345092851e-08 9.4873118525629174e-01 9.4873116468497631e-01 2.0571315428874470e-08 1.8974624018302353e+00 1.8974623293699526e+00 7.2460282662945019e-08
608 5.9326171875000000e-01 9.4785841768137880e-01 9.4785836584015593e-01 5.1841222870052661e-08 9.4785838639254616e-01 9.4785836584015593e-01 2.0552390234129803e-08 1.8957168040739250e+00 1.8957167316803119e+00 7.2393613104182464e-08
609 5.9423828125000000e-01 9.4697669718439648e-01 9.4697664539140658e-01 5.1792989896881636e-08 9.4697666592467822e-01 9.4697664539140658e-01 2.0533271638534245e-08 1.8939533631090746e+00 1.8939532907828132e+00 7.2326261424393579e-08
610 5.9521484375000000e-01 9.4608606338208656e-01 9.4608601163781691e-01 5.1744269646825103e-08 9.4608603215177767e-01 9.4608601163781691e-01 2.0513960752310822e-08 1.8921720955338643e+00 1.8921720232756338e+00 7.2258230510158228e-08
611 5.9619140625000000e-01 9.4518652465743280e-01 9.4518647296237102e-01 5.1695061786816154e-08 9.4518649345682770e-01 9.4518647296237102e-01 2.0494456687281115e-08 1.8903730181142606e+00 1.8903729459247420e+00 7.2189518585119572e-08
612 5.9716796875000000e-01 9.4427808947723635e-01 9.4427803783186970e-01 5.1645366649921698e-08 9.4427805830662859e-01 9.4427803783186970e-01 2.0474758888333611e-08 1.8885561477838650e+00 1.8885560756637394e+00 7.2120125649277611e-08
613 5.9814453125000000e-01 9.4336076639203537e-01 9.4336071479685024e-01 5.1595185124320153e-08 9.4336073525171937e-01 9.4336071479685024e-01 2.0454869131825149e-08 1.8867215016437546e+00 1.8867214295937005e+00 7.2050054145122999e-08
614 5.9912109375000000e-01 9.4243456403602444e-01 9.4243451249150634e-01 5.1544518098189940e-08 9.4243453292629342e-01 9.4243451249150634e-01 2.0434787084688821e-08 1.8848690969623179e+00 1.8848690249830127e+00 7.1979305182878761e-08
615 6.0009765625000000e-01 9.4149949112697218e-01 9.4149943963360683e-01 5.1493365349486453e-08 9.4149946004811969e-01 9.4149943963360683e-01 2.0414512857946931e-08 1.8829989511750918e+00 1.8829988792672137e+00 7.1907878096411082e-08
616 6.0107421875000000e-01 9.4055555646614164e-01 9.4055550502441365e-01 5.1441727988432717e-08 9.4055552541845999e-01 9.4055550502441365e-01 2.0394046340577177e-08 1.8811110818846015e+00 1.8811110100488273e+00 7.1835774217987591e-08
617 6.0205078125000000e-01 9.3960276893820471e-01 9.3960271754859892e-01 5.1389605792984128e-08 9.3960273792198623e-01 9.3960271754859892e-01 2.0373387310534952e-08 1.8792055068601909e+00 1.8792054350971978e+00 7.1762993103519079e-08
618 6.0302734375000000e-01 9.3864113751116074e-01 9.3864108617416098e-01 5.1336999762341406e-08 9.3864110652669919e-01 9.3864108617416098e-01 2.0352538210310911e-08 1.8772822440378598e+00 1.8772821723483220e+00 7.1689537861630015e-08
619 6.0400390625000000e-01 9.3767067123625070e-01 9.3767061995234080e-01 5.1283909896504554e-08 9.3767064028383618e-01 9.3767061995234080e-01 2.0331495376169073e-08 1.8753413115200868e+00 1.8753412399046816e+00 7.1615405161651324e-08
620 6.0498046875000000e-01 9.3669137924787327e-01 9.3669132801753596e-01 5.1230337305696594e-08 9.3669134832779799e-01 9.3669132801753596e-01 2.0310262027756210e-08 1.8733827275756711e+00 1.8733826560350719e+00 7.1540599222430501e-08
621 6.0595703125000000e-01 9.3570327076349691e-01 9.3570321958721514e-01 5.1176281767872922e-08 9.3570323987605231e-01 9.3570321958721514e-01 2.0288837165871598e-08 1.8714065106395492e+00 1.8714064391744303e+00 7.1465118933744520e-08
622 6.0693359375000000e-01 9.3470635508357469e-01 9.3470630396183119e-01 5.1121743505078143e-08 9.3470632422905320e-01 9.3470630396183119e-01 2.0267222011760566e-08 1.8694126793126280e+00 1.8694126079236624e+00 7.1388965627861012e-08
623 6.0791015625000000e-01 9.3370064159145794e-01 9.3370059052473364e-01 5.1066724293669097e-08 9.3370061077014932e-01 9.3370059052473364e-01 2.0245415677244694e-08 1.8674012523616073e+00 1.8674011810494673e+00 7.1312139970913790e-08
624 6.0888671875000000e-01 9.3268613975330406e-01 9.3268608874208037e-01 5.1011223689556573e-08 9.3268610896549820e-01 9.3268608874208037e-01 2.0223417829257073e-08 1.8653722487188023e+00 1.8653721774841607e+00 7.1234641518813646e-08
625 6.0986328125000000e-01 9.3166285911799074e-01 9.3166280816274849e-01 5.0955242247852084e-08 9.3166282836397873e-01 9.3166280816274849e-01 2.0201230244154544e-08 1.8633256874819695e+00 1.8633256163254970e+00 7.1156472492006628e-08
626 6.1083984375000000e-01 9.3063080931702491e-01 9.3063075841824472e-01 5.0898780190600235e-08 9.3063077859709953e-01 9.3063075841824472e-01 2.0178854809316249e-08 1.8612615879141243e+00 1.8612615168364894e+00 7.1077634888894181e-08
627 6.1181640625000000e-01 9.2959000006445314e-01 9.2958994922261395e-01 5.0841839183135562e-08 9.2958996937889982e-01 9.2958994922261395e-01 2.0156285862604761e-08 1.8591799694433528e+00 1.8591798984452279e+00 7.0998124934718021e-08
628 6.1279296875000000e-01 9.2854044115676793e-01 9.2854039037234914e-01 5.0784418781368856e-08 9.2854041050587743e-01 9.2854039037234914e-01 2.0133528289001390e-08 1.8570808516626454e+00 1.8570807807446983e+00 7.0917947070370246e-08
629 6.1376953125000000e-01 9.2748214247281746e-01 9.2748209174629759e-01 5.0726519873478537e-08 9.2748211185687979e-01 9.2748209174629759e-01 2.0110582199528437e-08 1.8549642543296971e+00 1.8549641834925952e+00 7.0837101961984672e-08
630 6.1474609375000000e-01 9.2641511397371246e-01 9.2641506330556933e-01 5.0668143125598419e-08 9.2641508339301593e-01 9.2641506330556933e-01 2.0087446594985181e-08 1.8528301973667283e+00 1.8528301266111387e+00 7.0755589609561298e-08
631 6.1572265625000000e-01 9.2533936570273156e-01 9.2533931509344214e-01 5.0609289425906923e-08 9.2533933515756128e-01 9.2533931509344214e-01 2.0064119143903270e-08 1.8506787008602927e+00 1.8506786301868843e+00 7.0673408458787890e-08
632 6.1669921875000000e-01 9.2425490778522612e-01 9.2425485723526801e-01 5.0549958108270232e-08 9.2425487727587297e-01 9.2425485723526801e-01 2.0040604953308616e-08 1.8485097850610992e+00 1.8485097144705360e+00 7.0590563172601151e-08
633 6.1767578125000000e-01 9.2316175042852777e-01 9.2316169993837704e-01 5.0490150727000582e-08 9.2316171995527885e-01 9.2316169993837704e-01 2.0016901802755172e-08 1.8463234703838065e+00 1.8463233998767541e+00 7.0507052418733451e-08
634 6.1865234375000000e-01 9.2205990392184967e-01 9.2205985349198261e-01 5.0429867060053368e-08 9.2205987348499407e-01 9.2205985349198261e-01 1.9993011468599775e-08 1.8441197774068439e+00 1.8441197069839652e+00 7.0422878639675446e-08
635 6.1962890625000000e-01 9.2094937863619053e-01 9.2094932826708265e-01 5.0369107884584707e-08 9.2094934823601415e-01 9.2094932826708265e-01 1.9968931508351773e-08 1.8418987268722047e+00 1.8418986565341653e+00 7.0338039392936480e-08
636 6.2060546875000000e-01 9.1983018502423730e-01 9.1983013471636355e-01 5.0307873755706112e-08 9.1983015466102580e-01 9.1983013471636355e-01 1.9944662255078072e-08 1.8396603396852631e+00 1.8396602694327271e+00 7.0252536010784183e-08
637 6.2158203125000000e-01 9.1870233362026676e-01 9.1870228337410154e-01 5.0246165228529094e-08 9.1870230329431080e-01 9.1870228337410154e-01 1.9920209259893795e-08 1.8374046369145776e+00 1.8374045667482031e+00 7.0166374488422889e-08
638 6.2255859375000000e-01 9.1756583504004596e-01 9.1756578485606255e-01 5.0183983413276678e-08 9.1756580475162997e-01 9.1756578485606255e-01 1.9895567415773030e-08 1.8351316397916759e+00 1.8351315697121251e+00 7.0079550829049708e-08
639 6.2353515625000000e-01 9.1642069998073272e-01 9.1642064985940397e-01 5.0121328754038075e-08 9.1642066973013980e-01 9.1642064985940397e-01 1.9870735834537356e-08 1.8328413697108725e+00 1.8328412997188079e+00 6.9992064588575431e-08
640 6.2451171875000000e-01 9.1526693922077340e-01 9.1526688916257204e-01 5.0058201361835586e-08 9.1526690900829133e-01 9.1526688916257204e-01 1.9845719290145780e-08 1.8305338482290647e+00 1.8305337783251441e+00 6.9903920651981366e-08
641 6.2548828125000000e-01 9.1410456361980452e-01 9.1410451362520229e-01 4.9994602235869934e-08 9.1410453344571807e-01 9.1410451362520229e-01 1.9820515784196857e-08 1.8282090970655225e+00 1.8282090272504046e+00 6.9815117909044488e-08
642 6.2646484375000000e-01 9.1293358411854708e-01 9.1293353418801559e-01 4.9930531487163421e-08 9.1293355398314024e-01 9.1293353418801559e-01 1.9795124650556772e-08 1.8258671381016873e+00 1.8258670683760312e+00 6.9725656137720193e-08
643 6.2744140625000000e-01 9.1175401173870640e-01 9.1175396187271662e-01 4.9865989781849862e-08 9.1175398164226340e-01 9.1175396187271662e-01 1.9769546777403946e-08 1.8235079933809697e+00 1.8235079237454332e+00 6.9635536448231505e-08
644 6.2841796875000000e-01 9.1056585758286668e-01 9.1056580778188900e-01 4.9800977675040770e-08 9.1056582752567172e-01 9.1056580778188900e-01 1.9743782719849889e-08 1.8211316851085384e+00 1.8211316155637780e+00 6.9544760394890659e-08
645 6.2939453125000000e-01 9.0936913283438792e-01 9.0936908309889175e-01 4.9735496165936866e-08 9.0936910281672778e-01 9.0936908309889175e-01 1.9717836030608282e-08 1.8187382356511157e+00 1.8187381661977835e+00 6.9453332196545148e-08
646 6.3037109375000000e-01 9.0816384875729916e-01 9.0816379908775335e-01 4.9669545809649662e-08 9.0816381877945618e-01 9.0816379908775335e-01 1.9691702823898538e-08 1.8163276675367555e+00 1.8163275981755067e+00 6.9361248744570503e-08
647 6.3134765625000000e-01 9.0695001669619224e-01 9.0694996709306575e-01 4.9603126495156857e-08 9.0694998675844796e-01 9.0694996709306575e-01 1.9665382211542237e-08 1.8139000034546402e+00 1.8138999341861315e+00 6.9268508706699095e-08
648 6.3232421875000000e-01 9.0572764807611772e-01 9.0572759853987816e-01 4.9536239554726080e-08 9.0572761817875524e-01 9.0572759853987816e-01 1.9638877080119244e-08 1.8114552662548729e+00 1.8114551970797563e+00 6.9175116523823021e-08
649 6.3330078125000000e-01 9.0449675440247479e-01 9.0449670493358880e-01 4.9468885987558053e-08 9.0449672454577601e-01 9.0449670493358880e-01 1.9612187207584952e-08 1.8089934789482509e+00 1.8089934098671776e+00 6.9081073306165308e-08
650 6.3427734375000000e-01 9.0325734726090201e-01 9.0325729785983744e-01 4.9401064572407449e-08 9.0325731744515003e-01 9.0325729785983744e-01 1.9585312593939364e-08 1.8065146647060519e+00 1.8065145957196749e+00 6.8986377055324510e-08
651 6.3525390625000000e-01 9.0200943831717306e-01 9.0200938898439487e-01 4.9332778195854132e-08 9.0200940854264922e-01 9.0200938898439487e-01 1.9558254349405502e-08 1.8040188468598224e+00 1.8040187779687897e+00 6.8891032656281936e-08
652 6.3623046875000000e-01 9.0075303931708040e-01 9.0075299005305520e-01 4.9264025192563565e-08 9.0075300958406701e-01 9.0075299005305520e-01 1.9531011807849552e-08 1.8015060489011474e+00 1.8015059801061104e+00 6.8795037000413117e-08
653 6.3720703125000000e-01 8.9948816208633120e-01 8.9948811289152331e-01 4.9194807894004100e-08 8.9948813239510883e-01 8.9948811289152331e-01 1.9503585524383027e-08 1.7989762944814400e+00 1.7989762257830466e+00 6.8698393418387127e-08
654 6.3818359375000000e-01 8.9821481853043139e-01 8.9821476940530520e-01 4.9125126189153434e-08 8.9821478888127870e-01 8.9821476940530520e-01 1.9475973500604482e-08 1.7964296074117101e+00 1.7964295388106104e+00 6.8601099689757916e-08
655 6.3916015625000000e-01 8.9693302063457503e-01 8.9693297157959428e-01 4.9054980744145382e-08 8.9693299102777380e-01 8.9693297157959428e-01 1.9448179511272201e-08 1.7938660116623488e+00 1.7938659431591886e+00 6.8503160255417583e-08
656 6.4013671875000000e-01 8.9564278046353241e-01 8.9564273147915996e-01 4.8984372447158364e-08 8.9564275089936274e-01 8.9564273147915996e-01 1.9420202779230067e-08 1.7912855313628953e+00 1.7912854629583199e+00 6.8404575337410733e-08
657 6.4111328125000000e-01 8.9434411016153548e-01 8.9434406124823373e-01 4.8913301742281590e-08 8.9434408064027593e-01 8.9434406124823373e-01 1.9392042194255055e-08 1.7886881908018113e+00 1.7886881224964675e+00 6.8305343825514342e-08
658 6.4208984375000000e-01 8.9303702195216328e-01 8.9303697311039421e-01 4.8841769073604269e-08 8.9303699247409374e-01 8.9303697311039421e-01 1.9363699532704004e-08 1.7860740144262570e+00 1.7860739462207884e+00 6.8205468606308273e-08
659 6.4306640625000000e-01 8.9172152813822858e-01 8.9172147936845247e-01 4.8769776106460938e-08 8.9172149870362827e-01 8.9172147936845247e-01 1.9335175793777637e-08 1.7834430268418568e+00 1.7834429587369049e+00 6.8104951900238575e-08
660 6.4404296875000000e-01 8.9039764110165887e-01 8.9039759240433702e-01 4.8697321841650876e-08 8.9039761171080689e-01 8.9039759240433702e-01 1.9306469867252929e-08 1.7807952528124658e+00 1.7807951848086740e+00 6.8003791708903805e-08
661 6.4501953125000000e-01 8.8906537330338420e-01 8.8906532467897614e-01 4.8624408055530921e-08 8.8906534395655823e-01 8.8906532467897614e-01 1.9277582086196787e-08 1.7781307172599425e+00 1.7781306493579523e+00 6.7901990252750011e-08
662 6.4599609375000000e-01 8.8772473728321566e-01 8.8772468873218080e-01 4.8551034859123376e-08 8.8772470798069503e-01 8.8772468873218080e-01 1.9248514226966051e-08 1.7754494452639107e+00 1.7754493774643616e+00 6.7799549086089428e-08
663 6.4697265625000000e-01 8.8637574565973098e-01 8.8637569718252718e-01 4.8477203806740476e-08 8.8637571640179091e-01 8.8637569718252718e-01 1.9219263736047765e-08 1.7727514620615219e+00 1.7727513943650544e+00 6.7696467542788241e-08
664 6.4794921875000000e-01 8.8501841113015223e-01 8.8501836272723766e-01 4.8402914565315314e-08 8.8501838191707038e-01 8.8501836272723766e-01 1.9189832722865674e-08 1.7700367930472227e+00 1.7700367254544753e+00 6.7592747399203290e-08
665 6.4892578125000000e-01 8.8365274647022973e-01 8.8365269814206115e-01 4.8328168578137820e-08 8.8365271730228079e-01 8.8365269814206115e-01 1.9160219633107545e-08 1.7673054637725105e+00 1.7673053962841223e+00 6.7488388211245365e-08
666 6.4990234375000000e-01 8.8227876453411824e-01 8.8227871628115262e-01 4.8252965623163391e-08 8.8227873541157942e-01 8.8227871628115262e-01 1.9130426798241729e-08 1.7645574999456977e+00 1.7645574325623052e+00 6.7383392421405119e-08
667 6.5087890625000000e-01 8.8089647825425921e-01 8.8089643007695229e-01 4.8177306921637353e-08 8.8089644917740650e-01 8.8089643007695229e-01 1.9100454218268226e-08 1.7617929274316657e+00 1.7617928601539046e+00 6.7277761139905579e-08
668 6.5185546875000000e-01 8.7950590064125755e-01 8.7950585254006508e-01 4.8101192473559706e-08 8.7950587161036797e-01 8.7950585254006508e-01 1.9070302892387758e-08 1.7590117722516254e+00 1.7590117050801302e+00 6.7171495254925162e-08
669 6.5283203125000000e-01 8.7810704478375967e-01 8.7810699675913606e-01 4.8024623611198081e-08 8.7810701579910666e-01 8.7810699675913606e-01 1.9039970600154277e-08 1.7562140605828662e+00 1.7562139935182721e+00 6.7064594100330055e-08
670 6.5380859375000000e-01 8.7669992384832951e-01 8.7669987590072818e-01 4.7947601333753198e-08 8.7669989491018918e-01 8.7669987590072818e-01 1.9009461005303763e-08 1.7533998187585187e+00 1.7533997518014564e+00 6.6957062339056961e-08
671 6.5478515625000000e-01 8.7528455107932490e-01 8.7528450320919959e-01 4.7870125308158151e-08 8.7528452218797181e-01 8.7528450320919959e-01 1.8978772220457074e-08 1.7505690732672967e+00 1.7505690064183992e+00 6.6848897528615225e-08
672 6.5576171875000000e-01 8.7386093979877322e-01 8.7386089200657668e-01 4.7792196533613662e-08 8.7386091095448171e-01 8.7386089200657668e-01 1.8947905022770328e-08 1.7477218507532548e+00 1.7477217840131534e+00 6.6740101445361688e-08
673 6.5673828125000000e-01 8.7242910340624669e-01 8.7242905569243034e-01 4.7713816342387361e-08 8.7242907460928887e-01 8.7242905569243034e-01 1.8916858524065105e-08 1.7448581780155354e+00 1.7448581113848607e+00 6.6630674755430164e-08
674 6.5771484375000000e-01 8.7098905537873395e-01 8.7098900774374899e-01 4.7634984956523851e-08 8.7098902662938282e-01 8.7098900774374899e-01 1.8885633834564430e-08 1.7419780820081168e+00 1.7419780154874980e+00 6.6520618791088282e-08
675 6.5869140625000000e-01 8.6954080927051547e-01 8.6954076171481298e-01 4.7555702487045437e-08 8.6954078056904349e-01 8.6954076171481298e-01 1.8854230510179093e-08 1.7390815898395591e+00 1.7390815234296260e+00 6.6409933108246832e-08
676 6.5966796875000000e-01 8.6808437871303590e-01 8.6808433123706497e-01 4.7475970932353562e-08 8.6808435005971629e-01 8.6808433123706497e-01 1.8822651326466655e-08 1.7361687287727521e+00 1.7361686624741299e+00 6.6298622147797914e-08
677 6.6064453125000000e-01 8.6661977741477370e-01 8.6661973001898363e-01 4.7395790070403621e-08 8.6661974880987824e-01 8.6661973001898363e-01 1.8790894618092580e-08 1.7332395262246520e+00 1.7332394600379673e+00 6.6186684799518503e-08
678 6.6162109375000000e-01 8.6514701916111403e-01 8.6514697184595302e-01 4.7315161011418638e-08 8.6514699060491140e-01 8.6514697184595302e-01 1.8758958386655422e-08 1.7302940097660255e+00 1.7302939436919060e+00 6.6074119509096363e-08
679 6.6259765625000000e-01 8.6366611781421809e-01 8.6366607058013434e-01 4.7234083755398615e-08 8.6366608930698230e-01 8.6366607058013434e-01 1.8726847961225701e-08 1.7273322071212003e+00 1.7273321411602687e+00 6.5960931605602013e-08
680 6.6357421875000000e-01 8.6217708731289389e-01 8.6217704016033414e-01 4.7152559745633482e-08 8.6217705885489371e-01 8.6217704016033414e-01 1.8694559567045133e-08 1.7243541461677876e+00 1.7243540803206683e+00 6.5847119312678615e-08
681 6.6455078125000000e-01 8.6067994167246287e-01 8.6067989460187377e-01 4.7070589093145543e-08 8.6067991326397042e-01 8.6067989460187377e-01 1.8662096645805093e-08 1.7213598549364333e+00 1.7213597892037475e+00 6.5732685738950636e-08
682 6.6552734375000000e-01 8.5917469498463039e-01 8.5917464799645760e-01 4.6988172797135519e-08 8.5917466662591624e-01 8.5917464799645760e-01 1.8629458642394070e-08 1.7183493616105467e+00 1.7183492959929152e+00 6.5617631550551891e-08
683 6.6650390625000000e-01 8.5766136141735161e-01 8.5766131451203997e-01 4.6905311634759528e-08 8.5766133310868609e-01 8.5766131451203997e-01 1.8596646111923576e-08 1.7153226945260376e+00 1.7153226290240799e+00 6.5501957635660801e-08
684 6.6748046875000000e-01 8.5613995521469777e-01 8.5613990839269161e-01 4.6822006161129082e-08 8.5613992695635055e-01 8.5613990839269161e-01 1.8563658943371308e-08 1.7122798821710483e+00 1.7122798167853832e+00 6.5385665104500390e-08
685 6.6845703125000000e-01 8.5461049069672379e-01 8.5461044395846653e-01 4.6738257264422600e-08 8.5461046248896300e-01 8.5461044395846653e-01 1.8530496470603453e-08 1.7092209531856868e+00 1.7092208879169331e+00 6.5268753735026053e-08
686 6.6943359375000000e-01 8.5307298225933292e-01 8.5307293560526665e-01 4.6654066276907713e-08 8.5307295410242767e-01 8.5307293560526665e-01 1.8497161025088360e-08 1.7061459363617606e+00 1.7061458712105333e+00 6.5151227301996073e-08
687 6.7041015625000000e-01 8.5152744437413841e-01 8.5152739780470621e-01 4.6569432199383698e-08 8.5152741626835415e-01 8.5152739780470621e-01 1.8463647943889328e-08 1.7030548606424927e+00 1.7030547956094124e+00 6.5033080254295328e-08
688 6.7138671875000000e-01 8.4997389158833236e-01 8.4997384510397522e-01 4.6484357141274302e-08 8.4997386353393833e-01 8.4997384510397522e-01 1.8429963111188385e-08 1.6999477551222708e+00 1.6999476902079504e+00 6.4914320363484990e-08
689 6.7236328125000000e-01 8.4841233852454478e-01 8.4841229212570346e-01 4.6398841324624129e-08 8.4841231052180821e-01 8.4841229212570346e-01 1.8396104750628695e-08 1.6968246490463530e+00 1.6968245842514069e+00 6.4794946075252824e-08
690 6.7333984375000000e-01 8.4684279988070821e-01 8.4684275356782246e-01 4.6312885748633903e-08 8.4684277192989421e-01 8.4684275356782246e-01 1.8362071751987230e-08 1.6936855718106023e+00 1.6936855071356449e+00 6.4674957389598831e-08
691 6.7431640625000000e-01 8.4526529042991794e-01 8.4526524420342697e-01 4.6226490968415135e-08 8.4526526253129319e-01 8.4526524420342697e-01 1.8327866224687739e-08 1.6905305529612111e+00 1.6905304884068539e+00 6.4554357193102874e-08
692 6.7529296875000000e-01 8.4367982502029348e-01 8.4367977888063539e-01 4.6139658094190850e-08 8.4367979717412600e-01 8.4367977888063539e-01 1.8293490611220875e-08 1.6873596221944194e+00 1.6873595577612708e+00 6.4433148594389422e-08
693 6.7626953125000000e-01 8.4208641857483879e-01 8.4208637252245189e-01 4.6052386903916442e-08 8.4208639078139258e-01 8.4208637252245189e-01 1.8258940692739145e-08 1.6841728093562314e+00 1.6841727450449038e+00 6.4311327596655588e-08
694 6.7724609375000000e-01 8.4048508609130290e-01 8.4048504012662351e-01 4.5964679395993358e-08 8.4048505835084264e-01 8.4048504012662351e-01 1.8224219133777808e-08 1.6809701444421457e+00 1.6809700802532470e+00 6.4188898640793468e-08
695 6.7822265625000000e-01 8.3887584264203563e-01 8.3887579676550073e-01 4.5876534904287780e-08 8.3887581495482777e-01 8.3887579676550073e-01 1.8189327044559889e-08 1.6777516575968634e+00 1.6777515935310015e+00 6.4065861948847669e-08
696 6.7919921875000000e-01 8.3725870337384978e-01 8.3725865758589457e-01 4.5787955205156550e-08 8.3725867574015655e-01 8.3725865758589457e-01 1.8154261982594733e-08 1.6745173791140062e+00 1.6745173151717891e+00 6.3942217076728980e-08
697 6.8017578125000000e-01 8.3563368350787626e-01 8.3563363780893551e-01 4.5698940742688876e-08 8.3563365592796146e-01 8.3563363780893551e-01 1.8119025946283784e-08 1.6712673394358377e+00 1.6712672756178710e+00 6.3817966688972660e-08
698 6.8115234375000000e-01 8.3400079833942031e-01 8.3400075272992824e-01 4.5609492071996272e-08 8.3400077081354851e-01 8.3400075272992824e-01 1.8083620267894673e-08 1.6680015691529688e+00 1.6680015054598565e+00 6.3693112339890945e-08
699 6.8212890625000000e-01 8.3236006323781919e-01 8.3236001771820911e-01 4.5519610081257156e-08 8.3236003576625439e-01 8.3236001771820911e-01 1.8048045280494307e-08 1.6647200990040736e+00 1.6647200354364182e+00 6.3567655361751463e-08
700 6.8310546875000000e-01 8.3071149364629626e-01 8.3071144821700060e-01 4.5429295658649949e-08 8.3071146622929992e-01 8.3071144821700060e-01 1.8012299318748148e-08 1.6614229598755963e+00 1.6614228964340012e+00 6.3441595088420399e-08
701 6.8408203125000000e-01 8.2905510508181679e-01 8.2905505974326721e-01 4.5338549581330767e-08 8.2905507771965004e-01 8.2905505974326721e-01 1.7976382826745407e-08 1.6581101828014668e+00 1.6581101194865344e+00 6.3314932408076174e-08
702 6.8505859375000000e-01 8.2739091313493973e-01 8.2739086788756788e-01 4.5247371849299611e-08 8.2739088582786546e-01 8.2739086788756788e-01 1.7940297580842923e-08 1.6547817989628051e+00 1.6547817357751358e+00 6.3187669319120232e-08
703 6.8603515625000000e-01 8.2571893346967451e-01 8.2571888831390972e-01 4.5155764794024833e-08 8.2571890621795341e-01 8.2571888831390972e-01 1.7904043692062999e-08 1.6514378396876279e+00 1.6514377766278194e+00 6.3059808486087832e-08
704 6.8701171875000000e-01 8.2403918182332969e-01 8.2403913675960216e-01 4.5063727527328012e-08 8.2403915462722244e-01 8.2403913675960216e-01 1.7867620272227214e-08 1.6480783364505522e+00 1.6480782735192043e+00 6.2931347910577529e-08
705 6.8798828125000000e-01 8.2235167400636744e-01 8.2235162903510572e-01 4.4971261714543687e-08 8.2235164686613427e-01 8.2235162903510572e-01 1.7831028542580896e-08 1.6447033208725017e+00 1.6447032580702114e+00 6.2802290257124582e-08
706 6.8896484375000000e-01 8.2065642590225429e-01 8.2065638102388638e-01 4.4878367910783368e-08 8.2065639881815844e-01 8.2065638102388638e-01 1.7794272055837723e-08 1.6413128247204127e+00 1.6413127620477728e+00 6.2672639966621091e-08
707 6.8994140625000000e-01 8.1895345346731019e-01 8.1895340868226341e-01 4.4785046782180871e-08 8.1895342643960978e-01 8.1895340868226341e-01 1.7757346371105598e-08 1.6379068799069199e+00 1.6379068173645268e+00 6.2542393042264166e-08
708 6.9091796875000000e-01 8.1724277273056056e-01 8.1724272803926168e-01 4.4691298883847708e-08 8.1724274575951483e-01 8.1724272803926168e-01 1.7720253153719057e-08 1.6344855184900755e+00 1.6344854560785234e+00 6.2411552148589067e-08
709 6.9189453125000000e-01 8.1552439979358460e-01 8.1552435519645872e-01 4.4597125881118416e-08 8.1552437287945279e-01 8.1552435519645872e-01 1.7682994069012636e-08 1.6310487726730374e+00 1.6310487103929174e+00 6.2280119950131052e-08
710 6.9287109375000000e-01 8.1379835083036189e-01 8.1379830632783379e-01 4.4502528107059902e-08 8.1379832397340213e-01 8.1379830632783379e-01 1.7645568339830220e-08 1.6275966748037640e+00 1.6275966126556676e+00 6.2148096446890122e-08
711 6.9384765625000000e-01 8.1206464208712226e-01 8.1206459767961692e-01 4.4407505339627562e-08 8.1206461528759244e-01 8.1206459767961692e-01 1.7607975522082597e-08 1.6241292573747148e+00 1.6241291953592338e+00 6.2015480972732462e-08
712 6.9482421875000000e-01 8.1032328988219293e-01 8.1032324557013358e-01 4.4312059355178235e-08 8.1032326314035208e-01 8.1032324557013358e-01 1.7570218502349633e-08 1.6206465530225449e+00 1.6206464911402672e+00 6.1882277746505565e-08
713 6.9580078125000000e-01 8.0857431060584450e-01 8.0857426638965335e-01 4.4216191152912643e-08 8.0857428392194797e-01 8.0857426638965335e-01 1.7532294616096067e-08 1.6171485945277926e+00 1.6171485327793067e+00 6.1748485880031012e-08
714 6.9677734375000000e-01 8.0681772072013469e-01 8.0681767660023396e-01 4.4119900732830786e-08 8.0681769409444093e-01 8.0681767660023396e-01 1.7494206971946369e-08 1.6136354148145755e+00 1.6136353532004679e+00 6.1614107593754852e-08
715 6.9775390625000000e-01 8.0505353675875746e-01 8.0505349273556814e-01 4.4023189316177991e-08 8.0505351019152283e-01 8.0505349273556814e-01 1.7455954681722119e-08 1.6101070469502803e+00 1.6101069854711363e+00 6.1479143997900110e-08
716 6.9873046875000000e-01 8.0328177532688261e-01 8.0328173140082582e-01 4.3926056791931956e-08 8.0328174881836223e-01 8.0328173140082582e-01 1.7417536413155688e-08 1.6065635241452449e+00 1.6065634628016516e+00 6.1343593316109946e-08
717 6.9970703125000000e-01 8.0150245310100465e-01 8.0150240927249961e-01 4.3828505047471822e-08 8.0150242665145410e-01 8.0150240927249961e-01 1.7378954497715426e-08 1.6030048797524588e+00 1.6030048185449992e+00 6.1207459545187248e-08
718 7.0068359375000000e-01 7.9971558682878163e-01 7.9971554309824677e-01 4.3730534859953707e-08 7.9971556043845682e-01 7.9971554309824677e-01 1.7340210045624360e-08 1.5994311472672385e+00 1.5994310861964935e+00 6.1070744905578067e-08
719 7.0166015625000000e-01 7.9792119332887890e-01 7.9792114969673278e-01 4.3632146118355308e-08 7.9792116699803439e-01 7.9792114969673278e-01 1.7301301613592557e-08 1.5958423603269134e+00 1.5958422993934656e+00 6.0933447842970168e-08
720 7.0263671875000000e-01 7.9611928949081168e-01 7.9611924595747141e-01 4.3533340265966558e-08 7.9611926321970206e-01 7.9611924595747141e-01 1.7262230644909948e-08 1.5922385527105138e+00 1.5922384919149428e+00 6.0795571021898809e-08
721 7.0361328125000000e-01 7.9430989227478477e-01 7.9430984884066669e-01 4.3434118079943573e-08 7.9430986606366460e-01 7.9430984884066669e-01 1.7222997916732652e-08 1.5886197583384494e+00 1.5886196976813334e+00 6.0657115996676225e-08
722 7.0458984375000000e-01 7.9249301871153410e-01 7.9249297537705399e-01 4.3334480115397866e-08 7.9249299256065642e-01 7.9249297537705399e-01 1.7183602429859945e-08 1.5849860112721905e+00 1.5849859507541080e+00 6.0518082545257812e-08
723 7.0556640625000000e-01 7.9066868590216466e-01 7.9066864266773784e-01 4.3234426816418647e-08 7.9066865981178314e-01 7.9066864266773784e-01 1.7144045294514854e-08 1.5813373457139477e+00 1.5813372853354757e+00 6.0378471999911199e-08
724 7.0654296875000000e-01 7.8883691101799314e-01 7.8883686788403262e-01 4.3133960514474268e-08 7.8883688498835969e-01 7.8883686788403262e-01 1.7104327065808889e-08 1.5776737960063527e+00 1.5776737357680652e+00 6.0238287469260854e-08
725 7.0751953125000000e-01 7.8699771130038099e-01 7.8699766826729989e-01 4.3033081098542425e-08 7.8699768533174719e-01 7.8699766826729989e-01 1.7064447299652841e-08 1.5739953966321281e+00 1.5739953365345998e+00 6.0097528287172963e-08
726 7.0849609375000000e-01 7.8515110406057576e-01 7.8515106112878752e-01 4.2931788235556212e-08 7.8515107815319518e-01 7.8515106112878752e-01 1.7024407661381247e-08 1.5703021822137710e+00 1.5703021222575750e+00 5.9956196007959761e-08
727 7.0947265625000000e-01 7.8329710667954855e-01 7.8329706384946496e-01 4.2830083590850165e-08 7.8329708083367189e-01 7.8329706384946496e-01 1.6984206929748780e-08 1.5665941875132203e+00 1.5665941276989299e+00 5.9814290409576643e-08
728 7.1044921875000000e-01 7.8143573660782895e-01 7.8143569387986056e-01 4.2727968385669612e-08 7.8143571082370777e-01 7.8143569387986056e-01 1.6943847214179186e-08 1.5628714474315366e+00 1.5628713877597211e+00 5.9671815488826496e-08
729 7.1142578125000000e-01 7.7956701136534012e-01 7.7956696873989695e-01 4.2625443175126065e-08 7.7956698564322591e-01 7.7956696873989695e-01 1.6903328958761676e-08 1.5591339970085660e+00 1.5591339374797939e+00 5.9528772133887742e-08
730 7.1240234375000000e-01 7.7769094854123644e-01 7.7769090601872781e-01 4.2522508625353339e-08 7.7769092288137853e-01 7.7769090601872781e-01 1.6862650720206318e-08 1.5553818714226151e+00 1.5553818120374556e+00 5.9385159456581960e-08
731 7.1337890625000000e-01 7.7580756579373467e-01 7.7580752337456926e-01 4.2419165402485248e-08 7.7580754019638265e-01 7.7580752337456926e-01 1.6821813386691531e-08 1.5516151059901173e+00 1.5516150467491385e+00 5.9240978789176779e-08
732 7.1435546875000000e-01 7.7391688084995003e-01 7.7391683853453608e-01 4.2315413950611003e-08 7.7391685531535326e-01 7.7391683853453608e-01 1.6780817180261920e-08 1.5478337361653032e+00 1.5478336770690722e+00 5.9096231019850620e-08
733 7.1533203125000000e-01 7.7201891150572932e-01 7.7201886929447450e-01 4.2211254824842115e-08 7.7201888603413826e-01 7.7201886929447450e-01 1.6739663766252022e-08 1.5440377975398676e+00 1.5440377385889490e+00 5.8950918591094137e-08
734 7.1630859375000000e-01 7.7011367562548383e-01 7.7011363351879358e-01 4.2106690245624634e-08 7.7011365021714528e-01 7.7011363351879358e-01 1.6698351701371905e-08 1.5402273258426291e+00 1.5402272670375872e+00 5.8805041946996539e-08
735 7.1728515625000000e-01 7.6820119114201779e-01 7.6820114914029791e-01 4.2001719879891652e-08 7.6820116579718023e-01 7.6820114914029791e-01 1.6656882317889199e-08 1.5364023569391980e+00 1.5364022982805958e+00 5.8658602197780851e-08
736 7.1826171875000000e-01 7.6628147605636421e-01 7.6628143416001870e-01 4.1896345504000010e-08 7.6628145077527576e-01 7.6628143416001870e-01 1.6615257059093835e-08 1.5325629268316399e+00 1.5325628683200374e+00 5.8511602452071543e-08
737 7.1923828125000000e-01 7.6435454843761164e-01 7.6435450664704496e-01 4.1790566673860496e-08 7.6435452322052089e-01 7.6435450664704496e-01 1.6573475924985814e-08 1.5287090716581324e+00 1.5287090132940899e+00 5.8364042487824008e-08
738 7.2021484375000000e-01 7.6242042642273733e-01 7.6242038473835194e-01 4.1684385387874556e-08 7.6242040126988975e-01 7.6242038473835194e-01 1.6531537805342111e-08 1.5248408276926271e+00 1.5248407694767039e+00 5.8215923193216668e-08
739 7.2119140625000000e-01 7.6047912821643315e-01 7.6047908663863184e-01 4.1577801312975282e-08 7.6047910312807587e-01 7.6047908663863184e-01 1.6489444032430356e-08 1.5209582313445091e+00 1.5209581732772637e+00 5.8067245456427941e-08
740 7.2216796875000000e-01 7.5853067209093750e-01 7.5853063062012138e-01 4.1470816114497211e-08 7.5853064706731821e-01 7.5853063062012138e-01 1.6447196826696597e-08 1.5170613191582558e+00 1.5170612612402428e+00 5.7918013052216111e-08
741 7.2314453125000000e-01 7.5657507638586108e-01 7.5657503502243106e-01 4.1363430014484948e-08 7.5657505142722459e-01 7.5657503502243106e-01 1.6404793523605576e-08 1.5131501278130857e+00 1.5131500700448621e+00 5.7768223538090524e-08
742 7.2412109375000000e-01 7.5461235950801531e-01 7.5461231825237129e-01 4.1255644012139214e-08 7.5461233461460764e-01 7.5461231825237129e-01 1.6362236343603342e-08 1.5092246941226231e+00 1.5092246365047426e+00 5.7617880466764859e-08
743 7.2509765625000000e-01 7.5264253993123875e-01 7.5264249878377965e-01 4.1147459106660733e-08 7.5264251510330415e-01 7.5264249878377965e-01 1.6319524509533778e-08 1.5052850550345429e+00 1.5052849975675593e+00 5.7466983616194511e-08
744 7.2607421875000000e-01 7.5066563619622295e-01 7.5066559515734754e-01 4.1038875409071807e-08 7.5066561143400712e-01 7.5066559515734754e-01 1.6276659575709118e-08 1.5013312476302301e+00 1.5013311903146951e+00 5.7315534984780925e-08
745 7.2705078125000000e-01 7.4868166691033899e-01 7.4868162598044452e-01 4.0929894473684669e-08 7.4868164221408640e-01 7.4868162598044452e-01 1.6233641875196270e-08 1.4973633091244254e+00 1.4973632519608890e+00 5.7163536348880939e-08
746 7.2802734375000000e-01 7.4669065074746110e-01 7.4669060992694414e-01 4.0820516966633136e-08 7.4669062611741455e-01 7.4669060992694414e-01 1.6190470408794511e-08 1.4933812768648758e+00 1.4933812198538883e+00 5.7010987486449949e-08
747 7.2900390625000000e-01 7.4469260644779145e-01 7.4469256573704756e-01 4.0710743887117928e-08 7.4469258188419440e-01 7.4469256573704756e-01 1.6147146841838378e-08 1.4893851883319860e+00 1.4893851314740951e+00 5.6857890839978609e-08
748 7.2998046875000000e-01 7.4268755281768262e-01 7.4268751221710805e-01 4.0600574569005232e-08 7.4268752832077944e-01 7.4268751221710805e-01 1.6103671396372476e-08 1.4853750811384621e+00 1.4853750244342161e+00 5.6704245965377709e-08
749 7.3095703125000000e-01 7.4067550872946442e-01 7.4067546823945285e-01 4.0490011565808004e-08 7.4067548429949881e-01 7.4067546823945285e-01 1.6060045959775948e-08 1.4813509930289632e+00 1.4813509364789057e+00 5.6550057525583952e-08
750 7.3193359375000000e-01 7.3865649312126058e-01 7.3865645274220604e-01 4.0379054544459336e-08 7.3865646875847324e-01 7.3865645274220604e-01 1.6016267201379719e-08 1.4773129618797338e+00 1.4773129054844121e+00 5.6395321745839055e-08
751 7.3291015625000000e-01 7.3663052499681514e-01 7.3663048472911008e-01 4.0267705059271464e-08 7.3663050070144831e-01 7.3663048472911008e-01 1.5972338229808258e-08 1.4732610256982634e+00 1.4732609694582202e+00 5.6240043289079722e-08
752 7.3388671875000000e-01 7.3459762342531199e-01 7.3459758326934810e-01 4.0155963887400503e-08 7.3459759919760659e-01 7.3459758326934810e-01 1.5928258489950053e-08 1.4691952226229186e+00 1.4691951665386962e+00 5.6084222377350557e-08
753 7.3486328125000000e-01 7.3255780754119437e-01 7.3255776749736268e-01 4.0043831694980270e-08 7.3255778338139232e-01 7.3255776749736268e-01 1.5884029647139641e-08 1.4651155909225868e+00 1.4651155349947254e+00 5.5927861453142214e-08
754 7.3583984375000000e-01 7.3051109654398594e-01 7.3051105661267635e-01 3.9931309592233788e-08 7.3051107245232783e-01 7.3051105661267635e-01 1.5839651479332417e-08 1.4610221689963137e+00 1.4610221132253527e+00 5.5770960960543903e-08
755 7.3681640625000000e-01 7.2845750969810963e-01 7.2845746987971205e-01 3.9818397579161058e-08 7.2845748567483604e-01 7.2845746987971205e-01 1.5795123986528381e-08 1.4569149953729457e+00 1.4569149397594241e+00 5.5613521565689439e-08
756 7.3779296875000000e-01 7.2639706633270695e-01 7.2639702662761008e-01 3.9705096877007406e-08 7.2639704237805680e-01 7.2639702662761008e-01 1.5750446724638323e-08 1.4527941087107639e+00 1.4527940532552202e+00 5.5455543712668032e-08
757 7.3876953125000000e-01 7.2432978584145502e-01 7.2432974625004676e-01 3.9591408262928951e-08 7.2432976195566889e-01 7.2432974625004676e-01 1.5705622136152897e-08 1.4486595477971238e+00 1.4486594925000935e+00 5.5297030288059545e-08
758 7.3974609375000000e-01 7.2225568768238468e-01 7.2225564820505217e-01 3.9477332514081809e-08 7.2225566386570206e-01 7.2225564820505217e-01 1.5660649888005196e-08 1.4445113515480867e+00 1.4445112964101043e+00 5.5137982402087005e-08
759 7.4072265625000000e-01 7.2017479137769758e-01 7.2017475201482750e-01 3.9362870074555190e-08 7.2017476763035715e-01 7.2017475201482750e-01 1.5615529647128312e-08 1.4403495590080548e+00 1.4403495040296550e+00 5.4978399832705804e-08
760 7.4169921875000000e-01 7.1808711651358226e-01 7.1808707726556009e-01 3.9248022165594421e-08 7.1808709283582284e-01 7.1808707726556009e-01 1.5570262745789876e-08 1.4361742093494052e+00 1.4361741545311202e+00 5.4818285022406599e-08
761 7.4267578125000000e-01 7.1599268274002881e-01 7.1599264360723969e-01 3.9132789120266409e-08 7.1599265913208954e-01 7.1599264360723969e-01 1.5524849850123701e-08 1.4319853418721182e+00 1.4319852872144794e+00 5.4657638859367808e-08
762 7.4365234375000000e-01 7.1389150977064553e-01 7.1389147075347326e-01 3.9017172270838785e-08 7.1389148623276377e-01 7.1389147075347326e-01 1.5479290516040578e-08 1.4277829960034092e+00 1.4277829415069465e+00 5.4496462675857060e-08
763 7.4462890625000000e-01 7.1178361738247298e-01 7.1178357848130036e-01 3.8901172616512270e-08 7.1178359391488477e-01 7.1178357848130036e-01 1.5433584410473600e-08 1.4235672112973576e+00 1.4235671569626007e+00 5.4334756915963567e-08
764 7.4560546875000000e-01 7.0966902541579613e-01 7.0966898663100586e-01 3.8784790268309166e-08 7.0966900201873884e-01 7.0966898663100586e-01 1.5387732976712698e-08 1.4193380274345349e+00 1.4193379732620117e+00 5.4172523133999562e-08
765 7.4658203125000000e-01 7.0754775377395951e-01 7.0754771510593306e-01 3.8668026447474801e-08 7.0754773044767194e-01 7.0754771510593306e-01 1.5341738879293132e-08 1.4150954842216314e+00 1.4150954302118661e+00 5.4009765326767933e-08
766 7.4755859375000000e-01 7.0541982242317991e-01 7.0541978387229809e-01 3.8550881820142990e-08 7.0541979916789599e-01 7.0541978387229809e-01 1.5295597899367408e-08 1.4108396215910759e+00 1.4108395677445962e+00 5.3846479719510398e-08
767 7.4853515625000000e-01 7.0328525139235709e-01 7.0328521295899982e-01 3.8433357274492153e-08 7.0328522820831507e-01 7.0328521295899982e-01 1.5249315254983742e-08 1.4065704796006722e+00 1.4065704259179996e+00 5.3682672529475894e-08
768 7.4951171875000000e-01 7.0114406077288594e-01 7.0114402245743268e-01 3.8315453254611498e-08 7.0114403766032130e-01 7.0114402245743268e-01 1.5202888614673782e-08 1.4022880984332073e+00 1.4022880449148654e+00 5.3518341980307582e-08
769 7.5048828125000000e-01 6.9899627071846804e-01 6.9899623252129672e-01 3.8197171314813261e-08 6.9899624767761459e-01 6.9899623252129672e-01 1.5156317867415225e-08 1.3979925183960826e+00 1.3979924650425934e+00 5.3353489182228486e-08
770 7.5146484375000000e-01 6.9684190144492097e-01 6.9684186336640963e-01 3.8078511344075139e-08 6.9684187847601498e-01 6.9684186336640963e-01 1.5109605344676424e-08 1.3936837799209361e+00 1.3936837267328193e+00 5.3188116799773866e-08
771 7.5244140625000000e-01 6.9468097322998801e-01 6.9468093527051389e-01 3.7959474119553249e-08 6.9468095033326349e-01 6.9468093527051389e-01 1.5062749603167447e-08 1.3893619235632515e+00 1.3893618705410278e+00 5.3022223722720696e-08
772 7.5341796875000000e-01 6.9251350641314924e-01 6.9251346857308771e-01 3.7840061528626734e-08 6.9251348358883980e-01 6.9251346857308771e-01 1.5015752086178225e-08 1.3850269900019891e+00 1.3850269371461754e+00 5.2855813725827261e-08
773 7.5439453125000000e-01 6.9033952139542665e-01 6.9033948367515297e-01 3.7720273682317895e-08 6.9033949864376587e-01 6.9033948367515297e-01 1.4968612904731060e-08 1.3806790200391925e+00 1.3806789673503059e+00 5.2688886587048955e-08
774 7.5537109375000000e-01 6.8815903863919514e-01 6.8815900103908401e-01 3.7600111135738246e-08 6.8815901596041773e-01 6.8815900103908401e-01 1.4921333724160490e-08 1.3763180545996128e+00 1.3763180020781680e+00 5.2521444748876434e-08
775 7.5634765625000000e-01 6.8597207866798837e-01 6.8597204118841348e-01 3.7479574888088507e-08 6.8597205606232736e-01 6.8597204118841348e-01 1.4873913878332701e-08 1.3719441347303158e+00 1.3719440823768270e+00 5.2353488877443510e-08
776 7.5732421875000000e-01 6.8377866206630633e-01 6.8377862470764017e-01 3.7358666160614007e-08 6.8377863953399420e-01 6.8377862470764017e-01 1.4826354033381506e-08 1.3675573016003004e+00 1.3675572494152803e+00 5.2185020082973210e-08
777 7.5830078125000000e-01 6.8157880947942096e-01 6.8157877224203589e-01 3.7237385064337047e-08 6.8157878702069175e-01 6.8157877224203589e-01 1.4778655854641443e-08 1.3631575965001126e+00 1.3631575444840718e+00 5.2016040807956188e-08
778 7.5927734375000000e-01 6.7937254161318206e-01 6.7937250449744968e-01 3.7115732376413746e-08 6.7937251922826614e-01 6.7937250449744968e-01 1.4730816455532647e-08 1.3587450608414482e+00 1.3587450089948994e+00 5.1846548831946393e-08
779 7.6025390625000000e-01 6.7715987923382326e-01 6.7715984224011361e-01 3.6993709651156337e-08 6.7715985692295277e-01 6.7715984224011361e-01 1.4682839166724193e-08 1.3543197361567760e+00 1.3543196844802272e+00 5.1676548817880530e-08
780 7.6123046875000000e-01 6.7494084316776426e-01 6.7494080629644737e-01 3.6871316888564820e-08 6.7494082093117047e-01 6.7494080629644737e-01 1.4634723100037661e-08 1.3498816640989348e+00 1.3498816125928947e+00 5.1506040099624784e-08
781 7.6220703125000000e-01 6.7271545430141844e-01 6.7271541755286302e-01 3.6748555420906825e-08 6.7271543213933360e-01 6.7271541755286302e-01 1.4586470586941402e-08 1.3454308864407520e+00 1.3454308351057260e+00 5.1335026007848228e-08
782 7.6318359375000000e-01 6.7048373358099200e-01 6.7048369695556642e-01 3.6625425581249260e-08 6.7048371149364716e-01 6.7048369695556642e-01 1.4538080739256998e-08 1.3409674450746392e+00 1.3409673939111328e+00 5.1163506320506258e-08
783 7.6416015625000000e-01 6.6824570201229028e-01 6.6824566551036213e-01 3.6501928146748241e-08 6.6824567999991658e-01 6.6824566551036213e-01 1.4489554445162867e-08 1.3364913820122069e+00 1.3364913310207243e+00 5.0991482591911108e-08
784 7.6513671875000000e-01 6.6600138066051817e-01 6.6600134428245372e-01 3.6378064449671399e-08 6.6600135872334554e-01 6.6600134428245372e-01 1.4440891815681312e-08 1.3320027393838636e+00 1.3320026885649074e+00 5.0818956154330408e-08
785 7.6611328125000000e-01 6.6375079065008302e-01 6.6375075439624831e-01 3.6253834712063338e-08 6.6375076878834105e-01 6.6375075439624831e-01 1.4392092739790030e-08 1.3275015594384241e+00 1.3275015087924966e+00 5.0645927451853368e-08
786 7.6708984375000000e-01 6.6149395316439485e-01 6.6149391703515459e-01 3.6129240266191687e-08 6.6149393137831358e-01 6.6149391703515459e-01 1.4343158993845861e-08 1.3229878845427083e+00 1.3229878340703092e+00 5.0472399149015246e-08
787 7.6806640625000000e-01 6.5923088944566710e-01 6.5923085344138499e-01 3.6004282111257169e-08 6.5923086773547468e-01 6.5923085344138499e-01 1.4294089689670386e-08 1.3184617571811419e+00 1.3184617068827700e+00 5.0298371911949857e-08
788 7.6904296875000000e-01 6.5696162079471654e-01 6.5696158491575662e-01 3.5878959914192876e-08 6.5696159916064079e-01 6.5696158491575662e-01 1.4244884161129789e-08 1.3139232199553574e+00 1.3139231698315132e+00 5.0123844186344968e-08
789 7.7001953125000000e-01 6.5468616857076345e-01 6.5468613281748878e-01 3.5753274674199531e-08 6.5468614701303451e-01 6.5468613281748878e-01 1.4195545738893145e-08 1.3093723155837980e+00 1.3093722656349776e+00 4.9948820413092676e-08
790 7.7099609375000000e-01 6.5240455419123100e-01 6.5240451856400317e-01 3.5627227834567066e-08 6.5240453271007659e-01 6.5240451856400317e-01 1.4146073423759731e-08 1.3048090869013076e+00 1.3048090371280063e+00 4.9773301258326796e-08
791 7.7197265625000000e-01 6.5011679913154174e-01 6.5011676363072168e-01 3.5500820061429295e-08 6.5011677772719079e-01 6.5011676363072168e-01 1.4096469103108689e-08 1.3002335768587325e+00 1.3002335272614434e+00 4.9597289164537983e-08
792 7.7294921875000000e-01 6.4782292492491722e-01 6.4782288955086587e-01 3.5374051354786218e-08 6.4782290359759609e-01 6.4782288955086587e-01 1.4046730223427062e-08 1.2956458285225132e+00 1.2956457791017317e+00 4.9420781467190977e-08
793 7.7392578125000000e-01 6.4552295316217523e-01 6.4552291791525174e-01 3.5246923490994675e-08 6.4552293191211119e-01 6.4552291791525174e-01 1.3996859449250110e-08 1.2910458850742863e+00 1.2910458358305035e+00 4.9243782829222482e-08
794 7.7490234375000000e-01 6.4321690549152555e-01 6.4321687037208830e-01 3.5119437247210783e-08 6.4321688431894608e-01 6.4321687037208830e-01 1.3946857779778554e-08 1.2864337898104716e+00 1.2864337407441766e+00 4.9066295026989337e-08
795 7.7587890625000000e-01 6.4090480361836577e-01 6.4090476862677292e-01 3.4991592845479147e-08 6.4090478252349747e-01 6.4090476862677292e-01 1.3896724548878581e-08 1.2818095861418632e+00 1.2818095372535458e+00 4.8888317394357728e-08
796 7.7685546875000000e-01 6.3858666930507968e-01 6.3858663444168851e-01 3.4863391173978187e-08 6.3858664828815004e-01 6.3858663444168851e-01 1.3846461532907028e-08 1.2771733175932298e+00 1.2771732688833770e+00 4.8709852817907517e-08
797 7.7783203125000000e-01 6.3626252437082953e-01 6.3626248963599663e-01 3.4734832898841717e-08 6.3626250343206392e-01 6.3626248963599663e-01 1.3796067288573965e-08 1.2725250278028934e+00 1.2725249792719933e+00 4.8530900187415682e-08
798 7.7880859375000000e-01 6.3393239069135199e-01 6.3393235608543264e-01 3.4605919352337366e-08 6.3393236983097601e-01 6.3393235608543264e-01 1.3745543370191626e-08 1.2678647605223281e+00 1.2678647121708653e+00 4.8351462833551295e-08
799 7.7978515625000000e-01 6.3159629019875241e-01 6.3159625572210198e-01 3.4476650423442834e-08 6.3159626941699210e-01 6.3159625572210198e-01 1.3694890110826918e-08 1.2631925596157445e+00 1.2631925114442040e+00 4.8171540534269752e-08
800 7.8076171875000000e-01 6.2925424488129811e-01 6.2925421053427055e-01 3.4347027555448051e-08 6.2925422417837873e-01 6.2925421053427055e-01 1.3644108176613656e-08 1.2585084690596768e+00 1.2585084210685411e+00 4.7991135732061707e-08
801 7.8173828125000000e-01 6.2690627678321076e-01 6.2690624256615957e-01 3.4217051192442227e-08 6.2690625615935680e-01 6.2690624256615957e-01 1.3593197234484933e-08 1.2538125329425676e+00 1.2538124851323191e+00 4.7810248426927160e-08
802 7.8271484375000000e-01 6.2455240800446021e-01 6.2455237391773744e-01 3.4086722777715295e-08 6.2455238745989583e-01 6.2455237391773744e-01 1.3542158394663772e-08 1.2491047954643562e+00 1.2491047478354749e+00 4.7628881283401370e-08
803 7.8369140625000000e-01 6.2219266070055546e-01 6.2219262674451303e-01 3.3956042422289556e-08 6.2219264023550414e-01 6.2219262674451303e-01 1.3490991102038663e-08 1.2443853009360595e+00 1.2443852534890261e+00 4.7447033413305917e-08
804 7.8466796875000000e-01 6.1982705708233654e-01 6.1982702325732508e-01 3.3825011458432641e-08 6.1982703669702399e-01 6.1982702325732508e-01 1.3439698909323283e-08 1.2396540937793605e+00 1.2396540465146502e+00 4.7264710367755924e-08
805 7.8564453125000000e-01 6.1745561941576443e-01 6.1745558572213455e-01 3.3693629886144549e-08 6.1745559911041281e-01 6.1745558572213455e-01 1.3388278263803954e-08 1.2349112185261772e+00 1.2349111714442691e+00 4.7081908149948504e-08
806 7.8662109375000000e-01 6.1507837002171406e-01 6.1507833645981436e-01 3.3561899703826725e-08 6.1507834979654741e-01 6.1507833645981436e-01 1.3336733051261263e-08 1.2301567198182615e+00 1.2301566729196287e+00 4.6898632755087988e-08
807 7.8759765625000000e-01 6.1269533127576103e-01 6.1269529784594068e-01 3.3429820356367657e-08 6.1269531113100351e-01 6.1269529784594068e-01 1.3285062827605998e-08 1.2253906424067647e+00 1.2253905956918814e+00 4.6714883294995957e-08
808 7.8857421875000000e-01 6.1030652560797338e-01 6.1030649231057998e-01 3.3297393398079578e-08 6.1030650554384513e-01 6.1030649231057998e-01 1.3233265150347506e-08 1.2206130311518186e+00 1.2206129846211600e+00 4.6530658659449387e-08
809 7.8955078125000000e-01 6.0791197550269860e-01 6.0791194233807955e-01 3.3164619051007094e-08 6.0791195551942356e-01 6.0791194233807955e-01 1.3181344016288676e-08 1.2158239310221222e+00 1.2158238846761591e+00 4.6345963067295770e-08
810 7.9052734375000000e-01 6.0551170349835504e-01 6.0551167046685628e-01 3.3031498758440136e-08 6.0551168359615493e-01 6.0551167046685628e-01 1.3129298648273391e-08 1.2110233870945100e+00 1.2110233409337126e+00 4.6160797406713527e-08
811 7.9150390625000000e-01 6.0310573218721553e-01 6.0310569928918301e-01 3.2898032520378706e-08 6.0310571236631283e-01 6.0310569928918301e-01 1.3077129823457767e-08 1.2062114445535284e+00 1.2062113985783660e+00 4.5975162343836473e-08
812 7.9248046875000000e-01 6.0069408421519810e-01 6.0069405145097654e-01 3.2764221558068130e-08 6.0069406447581386e-01 6.0069405145097654e-01 1.3024837319797200e-08 1.2013881486910121e+00 1.2013881029019531e+00 4.5789058988887632e-08
813 7.9345703125000000e-01 5.9827678228165149e-01 5.9827674965158462e-01 3.2630066870709129e-08 5.9827676262400653e-01 5.9827674965158462e-01 1.2972421914447807e-08 1.1965535449056581e+00 1.1965534993031692e+00 4.5602488896179239e-08
814 7.9443359375000000e-01 5.9585384913914163e-01 5.9585381664357306e-01 3.2495568569324007e-08 5.9585382956345823e-01 5.9585381664357306e-01 1.2919885161721822e-08 1.1917076787026000e+00 1.1917076332871461e+00 4.5415453842068132e-08
815 7.9541015625000000e-01 5.9342530759323775e-01 5.9342527523250954e-01 3.2360728208224998e-08 5.9342528809973694e-01 5.9342527523250954e-01 1.2867227394686154e-08 1.1868505956929747e+00 1.1868505504650191e+00 4.5227955602911152e-08
816 7.9638671875000000e-01 5.9099118050229693e-01 5.9099114827675103e-01 3.2225545898434405e-08 5.9099116109119987e-01 5.9099114827675103e-01 1.2814448835385406e-08 1.1819823415934967e+00 1.1819822965535021e+00 4.5039994622797508e-08
817 7.9736328125000000e-01 5.8855149077725011e-01 5.8855145868722702e-01 3.2090023083242158e-08 5.8855147144877573e-01 5.8855145868722702e-01 1.2761548706663461e-08 1.1771029622260258e+00 1.1771029173744540e+00 4.4851571789905620e-08
818 7.9833984375000000e-01 5.8610626138138555e-01 5.8610622942722568e-01 3.1954159873670562e-08 5.8610624213575557e-01 5.8610622942722568e-01 1.2708529895100185e-08 1.1722125035171411e+00 1.1722124588544514e+00 4.4662689768770747e-08
819 7.9931640625000000e-01 5.8365551533013316e-01 5.8365548351217578e-01 3.1817957379942641e-08 5.8365549616756629e-01 5.8365548351217578e-01 1.2655390513316433e-08 1.1673110114976994e+00 1.1673109670243516e+00 4.4473347893259074e-08
820 8.0029296875000000e-01 5.8119927569084784e-01 5.8119924400943102e-01 3.1681416823303721e-08 5.8119925661156269e-01 5.8119924400943102e-01 1.2602131671535233e-08 1.1623985323024106e+00 1.1623984880188620e+00 4.4283548605861256e-08
821 8.0126953125000000e-01 5.7873756558259204e-01 5.7873753403805350e-01 3.1544538536820710e-08 5.7873754658680765e-01 5.7873753403805350e-01 1.2548754146912700e-08 1.1574751121693998e+00 1.1574750680761070e+00 4.4093292794755712e-08
822 8.0224609375000000e-01 5.7627040817591768e-01 5.7627037676859483e-01 3.1407322853560515e-08 5.7627038926385288e-01 5.7627037676859483e-01 1.2495258050471136e-08 1.1525407974397706e+00 1.1525407535371897e+00 4.3902580904031652e-08
823 8.0322265625000000e-01 5.7379782669265011e-01 5.7379779542287879e-01 3.1269771327835372e-08 5.7379780786452272e-01 5.7379779542287879e-01 1.2441643937322056e-08 1.1475956345571729e+00 1.1475955908457576e+00 4.3711415376179730e-08
824 8.0419921875000000e-01 5.7131984440566752e-01 5.7131981327378223e-01 3.1131885291912909e-08 5.7131982566169737e-01 5.7131981327378223e-01 1.2387915138134531e-08 1.1426396700673649e+00 1.1426396265475645e+00 4.3519800430047439e-08
825 8.0517578125000000e-01 5.6883648463868175e-01 5.6883645364501789e-01 3.0993663857614706e-08 5.6883646597908599e-01 5.6883645364501789e-01 1.2334068100194884e-08 1.1376729506177679e+00 1.1376729072900358e+00 4.3327732068831892e-08
826 8.0615234375000000e-01 5.6634777076602050e-01 5.6634773991091170e-01 3.0855108801297604e-08 5.6634775219101696e-01 5.6634773991091170e-01 1.2280105265993768e-08 1.1326955229570375e+00 1.1326954798218234e+00 4.3135214067291372e-08
827 8.0712890625000000e-01 5.6385372621240548e-01 5.6385369549618525e-01 3.0716220233983904e-08 5.6385370772221144e-01 5.6385369549618525e-01 1.2226026191441974e-08 1.1277074339346169e+00 1.1277073909923705e+00 4.2942246425425878e-08
828 8.0810546875000000e-01 5.6135437445273417e-01 5.6135434387573402e-01 3.0577000154075051e-08 5.6135435604756545e-01 5.6135434387573402e-01 1.2171831431651015e-08 1.1227087305002996e+00 1.1227086877514680e+00 4.2748831585726066e-08
829 8.0908203125000000e-01 5.5884973901185675e-01 5.5884970857440808e-01 3.0437448672593348e-08 5.5884972069193117e-01 5.5884970857440808e-01 1.2117523096044636e-08 1.1176994597037879e+00 1.1176994171488162e+00 4.2554971768637984e-08
830 8.1005859375000000e-01 5.5633984346435528e-01 5.5633981316678860e-01 3.0297566677717214e-08 5.5633982522989023e-01 5.5633981316678860e-01 1.2063101628712047e-08 1.1126796686942455e+00 1.1126796263335772e+00 4.2360668306429261e-08
831 8.1103515625000000e-01 5.5382471143432166e-01 5.5382468127696638e-01 3.0157355279669673e-08 5.5382469328553263e-01 5.5382468127696638e-01 1.2008566252497133e-08 1.1076494047198544e+00 1.1076493625539328e+00 4.2165921643189108e-08
832 8.1201171875000000e-01 5.5130436659513593e-01 5.5130433657832156e-01 3.0016814367428424e-08 5.5130434853223842e-01 5.5130433657832156e-01 1.1953916856377589e-08 1.1026087151273742e+00 1.1026086731566431e+00 4.1970731112783710e-08
833 8.1298828125000000e-01 5.4877883266924299e-01 5.4877880279329794e-01 2.9875945051216490e-08 5.4877881469245382e-01 5.4877880279329794e-01 1.1899155882844070e-08 1.0975576473616968e+00 1.0975576055865959e+00 4.1775100934060561e-08
834 8.1396484375000000e-01 5.4624813342793010e-01 5.4624810369318122e-01 2.9734748885346107e-08 5.4624811553746466e-01 5.4624810369318122e-01 1.1844283442918879e-08 1.0924962489653947e+00 1.0924962073863624e+00 4.1579032217242684e-08
835 8.1494140625000000e-01 5.4371229269110133e-01 5.4371226309787490e-01 2.9593226424928787e-08 5.4371227488717366e-01 5.4371226309787490e-01 1.1789298759445899e-08 1.0874245675782750e+00 1.0874245261957498e+00 4.1382525184374686e-08
836 8.1591796875000000e-01 5.4117133432705522e-01 5.4117130487567722e-01 2.9451378003031436e-08 5.4117131660987849e-01 5.4117130487567722e-01 1.1734201277313616e-08 1.0823426509369338e+00 1.0823426097513544e+00 4.1185579391367355e-08
837 8.1689453125000000e-01 5.3862528225225914e-01 5.3862525294305408e-01 2.9309205062943988e-08 5.3862526462204863e-01 5.3862525294305408e-01 1.1678994549235711e-08 1.0772505468743079e+00 1.0772505058861082e+00 4.0988199723202001e-08
838 8.1787109375000000e-01 5.3607416043112344e-01 5.3607413126441572e-01 2.9166707715688744e-08 5.3607414288809463e-01 5.3607413126441572e-01 1.1623678908279089e-08 1.0721483033192181e+00 1.0721482625288314e+00 4.0790386623967834e-08
839 8.1884765625000000e-01 5.3351799287577850e-01 5.3351796385189176e-01 2.9023886738421822e-08 5.3351797542014501e-01 5.3351796385189176e-01 1.1568253244220728e-08 1.0670359682959236e+00 1.0670359277037835e+00 4.0592140093664852e-08
840 8.1982421875000000e-01 5.3095680364584597e-01 5.3095677476510306e-01 2.8880742908299339e-08 5.3095678627782139e-01 5.3095677476510306e-01 1.1512718334216743e-08 1.0619135899236674e+00 1.0619135495302061e+00 4.0393461242516082e-08
841 8.2080078125000000e-01 5.2839061684821398e-01 5.2839058811093653e-01 2.8737277446566623e-08 5.2839059956801171e-01 5.2839058811093653e-01 1.1457075177467857e-08 1.0567812164162258e+00 1.0567811762218731e+00 4.0194352735056782e-08
842 8.2177734375000000e-01 5.2581945663680940e-01 5.2581942804331794e-01 2.8593491463446696e-08 5.2581943944464427e-01 5.2581942804331794e-01 1.1401326327487027e-08 1.0516388960814536e+00 1.0516388560866359e+00 3.9994817679911421e-08
843 8.2275390625000000e-01 5.2324334721237142e-01 5.2324331876298591e-01 2.8449385514051073e-08 5.2324333010845425e-01 5.2324331876298591e-01 1.1345468342582876e-08 1.0464866773208257e+00 1.0464866375259718e+00 3.9794853856633949e-08
844 8.2373046875000000e-01 5.2066231282222208e-01 5.2066228451726171e-01 2.8304960375535870e-08 5.2066229580676548e-01 5.2066228451726171e-01 1.1289503776268361e-08 1.0413246086289876e+00 1.0413245690345234e+00 3.9594464151804232e-08
845 8.2470703125000000e-01 5.1807637776003990e-01 5.1807634959982263e-01 2.8160217269146415e-08 5.1807636083325503e-01 5.1807634959982263e-01 1.1233432406498878e-08 1.0361527385932949e+00 1.0361526991996453e+00 3.9393649675645293e-08
846 8.2568359375000000e-01 5.1548556636562903e-01 5.1548553835047262e-01 2.8015156416927312e-08 5.1548554952772818e-01 5.1548553835047262e-01 1.1177255565542055e-08 1.0309711158933572e+00 1.0309710767009452e+00 3.9192411982469366e-08
847 8.2666015625000000e-01 5.1288990302469339e-01 5.1288987515491447e-01 2.7869778929101585e-08 5.1288988627588761e-01 5.1288987515491447e-01 1.1120973142375590e-08 1.0257797893005809e+00 1.0257797503098289e+00 3.8990751960454872e-08
848 8.2763671875000000e-01 5.1028941216860413e-01 5.1028938444451855e-01 2.7724085582825353e-08 5.1028939550910468e-01 5.1028938444451855e-01 1.1064586136200205e-08 1.0205788076777087e+00 1.0205787688890371e+00 3.8788671608003256e-08
849 8.2861328125000000e-01 5.0768411827417081e-01 5.0768409069609333e-01 2.7578077488321640e-08 5.0768410170418909e-01 5.0768409069609333e-01 1.1008095768261228e-08 1.0153682199783600e+00 1.0153681813921867e+00 3.8586173367605170e-08
850 8.2958984375000000e-01 5.0507404586341131e-01 5.0507401843165656e-01 2.7431754756612747e-08 5.0507402938315837e-01 5.0507401843165656e-01 1.0951501816514053e-08 1.0101480752465697e+00 1.0101480368633131e+00 3.8383256573126801e-08
851 8.3056640625000000e-01 5.0245921950332129e-01 5.0245919221820201e-01 2.7285119275077818e-08 5.0245920311300574e-01 5.0245919221820201e-01 1.0894803725847169e-08 1.0049184226163270e+00 1.0049183844364040e+00 3.8179923000924987e-08
852 8.3154296875000000e-01 4.9983966380564088e-01 4.9983963666746978e-01 2.7138171099228003e-08 4.9983964750547316e-01 4.9983963666746978e-01 1.0838003383639716e-08 9.9967931131111398e-01 9.9967927333493956e-01 3.7976174427356568e-08
853 8.3251953125000000e-01 4.9721540342662618e-01 4.9721537643571428e-01 2.6990911894397840e-08 4.9721538721681502e-01 4.9721537643571428e-01 1.0781100734380544e-08 9.9443079064344120e-01 9.9443075287142857e-01 3.7772012628778384e-08
854 8.3349609375000000e-01 4.9458646306681459e-01 4.9458643622347287e-01 2.6843341716098479e-08 4.9458644694756976e-01 4.9458643622347287e-01 1.0724096888292678e-08 9.8917291001438434e-01 9.8917287244694574e-01 3.7567438604391157e-08
855 8.3447265625000000e-01 4.9195286747079336e-01 4.9195284077533152e-01 2.6695461841086399e-08 4.9195285144232270e-01 4.9195284077533152e-01 1.0666991179242302e-08 9.8390571891311607e-01 9.8390568155066305e-01 3.7362453020328701e-08
856 8.3544921875000000e-01 4.8931464142696673e-01 4.8931461487969374e-01 2.6547272991006565e-08 4.8931462548947952e-01 4.8931461487969374e-01 1.0609785772164315e-08 9.7862926691644625e-01 9.7862922975938749e-01 3.7157058763170880e-08
857 8.3642578125000000e-01 4.8667180976732283e-01 4.8667178336854600e-01 2.6398776831193516e-08 4.8667179392102650e-01 4.8667178336854600e-01 1.0552480500525263e-08 9.7334360368834938e-01 9.7334356673709199e-01 3.6951257387229930e-08
858 8.3740234375000000e-01 4.8402439736719866e-01 4.8402437111722585e-01 2.6249972806535737e-08 4.8402438161230105e-01 4.8402437111722585e-01 1.0495075197791692e-08 9.6804877897949970e-01 9.6804874223445170e-01 3.6745048004327430e-08
859 8.3837890625000000e-01 4.8137242914504769e-01 4.8137240304418505e-01 2.6100862637878919e-08 4.8137241348175591e-01 4.8137240304418505e-01 1.0437570863164325e-08 9.6274484262680360e-01 9.6274480608837010e-01 3.6538433501043244e-08
860 8.3935546875000000e-01 4.7871593006220448e-01 4.7871590411075698e-01 2.5951447490957236e-08 4.7871591449072559e-01 4.7871590411075698e-01 1.0379968606866186e-08 9.5743184455293007e-01 9.5743180822151397e-01 3.6331416097823421e-08
861 8.4033203125000000e-01 4.7605492512264957e-01 4.7605489932092193e-01 2.5801727643326444e-08 4.7605490964319080e-01 4.7605489932092193e-01 1.0322268872986484e-08 9.5210983476584032e-01 9.5210979864184386e-01 3.6123996460801777e-08
862 8.4130859375000000e-01 4.7338943937277433e-01 4.7338941372107007e-01 2.5651704260720720e-08 4.7338942398554168e-01 4.7338941372107007e-01 1.0264471606014069e-08 9.4677886335831607e-01 9.4677882744214015e-01 3.5916175922245941e-08
863 8.4228515625000000e-01 4.7071949790114564e-01 4.7071947239976702e-01 2.5501378619896542e-08 4.7071948260634416e-01 4.7071947239976702e-01 1.0206577139015849e-08 9.4143898050748986e-01 9.4143894479953405e-01 3.5707955814423542e-08
864 8.4326171875000000e-01 4.6804512583826846e-01 4.6804510048751696e-01 2.5350751498010027e-08 4.6804511063610355e-01 4.6804510048751696e-01 1.0148586582214847e-08 9.3609023647437195e-01 9.3609020097503393e-01 3.5499338024713722e-08
865 8.4423828125000000e-01 4.6536634835635099e-01 4.6536632315652765e-01 2.5199823339150385e-08 4.6536633324702842e-01 4.6536632315652765e-01 1.0090500768278332e-08 9.3073268160337941e-01 9.3073264631305530e-01 3.5290324107428717e-08
866 8.4521484375000000e-01 4.6268319066906638e-01 4.6268316562047107e-01 2.5048595309051791e-08 4.6268317565278971e-01 4.6268316562047107e-01 1.0032318642494431e-08 9.2536636632185609e-01 9.2536633124094214e-01 3.5080913951546222e-08
867 8.4619140625000000e-01 4.5999567803131647e-01 4.5999565313424789e-01 2.4897068573448422e-08 4.5999566310829043e-01 4.5999565313424789e-01 9.9740425363314955e-09 9.1999134113960690e-01 9.1999130626849579e-01 3.4871111109779918e-08
868 8.4716796875000000e-01 4.5730383573899319e-01 4.5730381099374878e-01 2.4745244409096756e-08 4.5730382090942179e-01 4.5730381099374878e-01 9.9156730049010378e-09 9.1460765664841492e-01 9.1460762198749757e-01 3.4660917358486643e-08
869 8.4814453125000000e-01 4.5460768912874094e-01 4.5460766453561785e-01 2.4593123093552549e-08 4.5460767439282646e-01 4.5460766453561785e-01 9.8572086049131258e-09 9.0921536352156740e-01 9.0921532907123570e-01 3.4450331698465675e-08
870 8.4912109375000000e-01 4.5190726357771760e-01 4.5190723913701208e-01 2.4440705514994221e-08 4.5190724893566353e-01 4.5190723913701208e-01 9.7986514457915064e-09 9.0381451251338119e-01 9.0381447827402417e-01 3.4239357016296879e-08
871 8.5009765625000000e-01 4.4920258450335665e-01 4.4920256021536331e-01 2.4287993338756309e-08 4.4920256995536484e-01 4.4920256021536331e-01 9.7400015275361795e-09 8.9840515445872149e-01 8.9840512043072662e-01 3.4027994866292488e-08
872 8.5107421875000000e-01 4.4649367736312723e-01 4.4649365322814050e-01 2.4134986731372265e-08 4.4649366290939924e-01 4.4649365322814050e-01 9.6812587391248428e-09 8.9298734027252646e-01 8.9298730645628099e-01 3.3816245470497108e-08
873 8.5205078125000000e-01 4.4378056765429458e-01 4.4378054367260744e-01 2.3981687136132024e-08 4.4378055329503163e-01 4.4378054367260744e-01 9.6224241907805208e-09 8.8756112094932615e-01 8.8756108734521488e-01 3.3604111271401393e-08
874 8.5302734375000000e-01 4.4106328091368019e-01 4.4106325708558447e-01 2.3828095718769760e-08 4.4106326664908230e-01 4.4106325708558447e-01 9.5634978269920623e-09 8.8212654756276243e-01 8.8212651417116894e-01 3.3391593490250671e-08
875 8.5400390625000000e-01 4.3834184271742099e-01 4.3834181904320757e-01 2.3674213422975043e-08 4.3834182854768927e-01 4.3834181904320757e-01 9.5044817016720629e-09 8.7668367126511026e-01 8.7668363808641514e-01 3.3178695124647106e-08
876 8.5498046875000000e-01 4.3561627868072933e-01 4.3561625516068880e-01 2.3520040526303632e-08 4.3561626460606306e-01 4.3561625516068880e-01 9.4453742605082880e-09 8.7123254328679245e-01 8.7123251032137761e-01 3.2965414842323071e-08
877 8.5595703125000000e-01 4.3288661445765186e-01 4.3288659109207300e-01 2.3365578860623515e-08 4.3288660047824945e-01 4.3288659109207300e-01 9.3861764471903086e-09 8.6577321493590131e-01 8.6577318218414601e-01 3.2751755307813823e-08
878 8.5693359375000000e-01 4.3015287574082722e-01 4.3015285252999802e-01 2.3210829203090810e-08 4.3015286185688761e-01 4.3015285252999802e-01 9.3268895939857543e-09 8.6030573759771478e-01 8.6030570505999604e-01 3.2537718741565413e-08
879 8.5791015625000000e-01 4.2741508826124502e-01 4.2741506520545192e-01 2.3055793108017753e-08 4.2741507447296606e-01 4.2741506520545192e-01 9.2675141449838350e-09 8.5483016273421109e-01 8.5483013041090383e-01 3.2323307253001587e-08
880 8.5888671875000000e-01 4.2467327778800334e-01 4.2467325488753244e-01 2.2900470908471249e-08 4.2467326409558248e-01 4.2467325488753244e-01 9.2080500446733993e-09 8.4934654188358583e-01 8.4934650977506487e-01 3.2108520953144648e-08
881 8.5986328125000000e-01 4.2192747012806575e-01 4.2192744738320215e-01 2.2744863603652021e-08 4.2192745653169933e-01 4.2192744738320215e-01 9.1484971820321448e-09 8.4385492665976503e-01 8.4385489476640430e-01 3.1893360730173015e-08
882 8.6083984375000000e-01 4.1917769112601949e-01 4.1917766853704663e-01 2.2588972858894607e-08 4.1917767762590341e-01 4.1917766853704663e-01 9.0888567783053986e-09 8.3835536875192296e-01 8.3835533707409327e-01 3.1677829692711157e-08
883 8.6181640625000000e-01 4.1642396666383114e-01 4.1642394423103241e-01 2.2432798729710157e-08 4.1642395326016107e-01 4.1642394423103241e-01 9.0291286669597071e-09 8.3284791992399221e-01 8.3284788846206481e-01 3.1461927396669864e-08
884 8.6279296875000000e-01 4.1366632266060405e-01 4.1366630038426100e-01 2.2276343047966662e-08 4.1366630935357429e-01 4.1366630038426100e-01 8.9693132920842800e-09 8.2733263201417828e-01 8.2733260076852200e-01 3.1245656284539791e-08
885 8.6376953125000000e-01 4.1090478507233352e-01 4.1090476295272649e-01 2.2119607034909450e-08 4.1090477186213736e-01 4.1090476295272649e-01 8.9094108757237223e-09 8.2180955693447089e-01 8.2180952590545298e-01 3.1029017910633172e-08
886 8.6474609375000000e-01 4.0813937989166249e-01 4.0813935792907063e-01 2.1962591856272695e-08 4.0813936677849361e-01 4.0813935792907063e-01 8.8494229721902684e-09 8.1627874667015610e-01 8.1627871585814127e-01 3.0812014828462964e-08
887 8.6572265625000000e-01 4.0537013314763726e-01 4.0537011134233936e-01 2.1805297900634457e-08 4.0537012013168772e-01 4.0537011134233936e-01 8.7893483602385913e-09 8.1074025327932497e-01 8.1074022268467871e-01 3.0594646260873049e-08
888 8.6669921875000000e-01 4.0259707090546271e-01 4.0259704925773593e-01 2.1647726777818121e-08 4.0259705798692347e-01 4.0259704925773593e-01 8.7291875394690521e-09 8.0519412889238617e-01 8.0519409851547186e-01 3.0376914317287174e-08
889 8.6767578125000000e-01 3.9982021926625622e-01 3.9982019777637673e-01 2.1489879487024410e-08 3.9982020644531852e-01 3.9982019777637673e-01 8.6689417866381291e-09 7.9964042571157479e-01 7.9964039555275346e-01 3.0158821329173691e-08
890 8.6865234375000000e-01 3.9703960436680269e-01 3.9703958303504505e-01 2.1331757638076709e-08 3.9703959164365554e-01 3.9703958303504505e-01 8.6086104911231587e-09 7.9407919601045829e-01 7.9407916607009010e-01 2.9940368184711019e-08
891 8.6962890625000000e-01 3.9425525237930831e-01 3.9425523120594663e-01 2.1173361675064228e-08 3.9425523975414017e-01 3.9425523120594663e-01 8.5481935419018384e-09 7.8851049213344848e-01 7.8851046241189326e-01 2.9721555216966067e-08
892 8.7060546875000000e-01 3.9146718951115383e-01 3.9146716849646096e-01 2.1014692874743446e-08 3.9146717698415301e-01 3.9146716849646096e-01 8.4876920491971930e-09 7.8293436649530679e-01 7.8293433699292192e-01 2.9502384868429488e-08
893 8.7158203125000000e-01 3.8867544200464876e-01 3.8867542114889564e-01 2.0855753124493503e-08 3.8867542957600110e-01 3.8867542114889564e-01 8.4271054578977100e-09 7.7735087158064986e-01 7.7735084229779128e-01 2.9282858582391214e-08
894 8.7255859375000000e-01 3.8588003613678340e-01 3.8588001544024070e-01 2.0696542701870158e-08 3.8588002380667424e-01 3.8588001544024070e-01 8.3664335459587846e-09 7.7176005994345764e-01 7.7176003088048140e-01 2.9062976247828942e-08
895 8.7353515625000000e-01 3.8308099821898201e-01 3.8308097768191901e-01 2.0537062994652189e-08 3.8308098598759566e-01 3.8308097768191901e-01 8.3056766464473242e-09 7.6616198420657766e-01 7.6616195536383802e-01 2.8842739641099513e-08
896 8.7451171875000000e-01 3.8027835459685494e-01 3.8027833421953988e-01 2.0377315057551471e-08 3.8027834246437492e-01 3.8027833421953988e-01 8.2448350369190848e-09 7.6055669706122986e-01 7.6055666843907976e-01 2.8622150094470555e-08
897 8.7548828125000000e-01 3.7747213164995169e-01 3.7747211143265053e-01 2.0217301166525203e-08 3.7747211961655924e-01 3.7747211143265053e-01 8.1839087173740666e-09 7.5494425126651099e-01 7.5494422286530105e-01 2.8401209939410421e-08
898 8.7646484375000000e-01 3.7466235579151086e-01 3.7466233573448943e-01 2.0057021432595690e-08 3.7466234385738673e-01 3.7466233573448943e-01 8.1228972992342108e-09 7.4932469964889759e-01 7.4932467146897885e-01 2.8179918731829900e-08
899 8.7744140625000000e-01 3.7184905346821234e-01 3.7184903357173504e-01 1.9896477299052862e-08 3.7184904163353538e-01 3.7184903357173504e-01 8.0618003384103076e-09 7.4369809510174778e-01 7.4369806714347009e-01 2.7958277692974320e-08
900 8.7841796875000000e-01 3.6903225115992894e-01 3.6903223142425895e-01 1.9735669987142046e-08 3.6903223942487723e-01 3.6903223142425895e-01 8.0006182789915670e-09 7.3806449058480617e-01 7.3806446284851790e-01 2.7736288266133613e-08
901 8.7939453125000000e-01 3.6621197537947636e-01 3.6621195580487514e-01 1.9574601217708931e-08 3.6621196374422632e-01 3.6621195580487514e-01 7.9393511764891400e-09 7.3242393912370263e-01 7.3242391160975029e-01 2.7513952338686920e-08
902 8.8037109375000000e-01 3.6338825267236441e-01 3.6338823325909281e-01 1.9413271601376181e-08 3.6338824113708973e-01 3.6338823325909281e-01 7.8779969214792800e-09 7.2677649380945408e-01 7.2677646651818562e-01 2.7291268467344310e-08
903 8.8134765625000000e-01 3.6056110961654625e-01 3.6056109036486345e-01 1.9251682803478332e-08 3.6056109818141990e-01 3.6056109036486345e-01 7.8165564576515578e-09 7.2112220779796621e-01 7.2112218072972689e-01 2.7068239316641041e-08
904 8.8232421875000000e-01 3.5773057282216880e-01 3.5773055373233231e-01 1.9089836489349921e-08 3.5773056148736182e-01 3.5773055373233231e-01 7.7550295074502174e-09 7.1546113430953062e-01 7.1546110746466463e-01 2.6844865996800138e-08
905 8.8330078125000000e-01 3.5489666893132210e-01 3.5489665000358905e-01 1.8927733047569006e-08 3.5489665769700302e-01 3.5489665000358905e-01 7.6934139614515118e-09 7.0979332662832517e-01 7.0979330000717811e-01 2.6621147064531669e-08
906 8.8427734375000000e-01 3.5205942461778889e-01 3.5205940585241435e-01 1.8765374532048185e-08 3.5205941348412445e-01 3.5205940585241435e-01 7.6317100972111973e-09 7.0411883810191334e-01 7.0411881170482871e-01 2.6397084629259382e-08
907 8.8525390625000000e-01 3.4921886658679274e-01 3.4921884798403080e-01 1.8602761941988177e-08 3.4921885555394788e-01 3.4921884798403080e-01 7.5699170820620054e-09 6.9843772214074062e-01 6.9843769596806160e-01 2.6172679024050183e-08
908 8.8623046875000000e-01 3.4637502157474748e-01 3.4637500313485042e-01 1.8439897053745824e-08 3.4637501064288423e-01 3.4637500313485042e-01 7.5080338057809115e-09 6.9275003221763165e-01 6.9275000626970085e-01 2.5947930804015584e-08
909 8.8720703125000000e-01 3.4352791634900537e-01 3.4352789807222484e-01 1.8276780533454939e-08 3.4352790551828494e-01 3.4352789807222484e-01 7.4460601018344619e-09 6.8705582186729031e-01 6.8705579614444967e-01 2.5722840635289401e-08
910 8.8818359375000000e-01 3.4067757770760482e-01 3.4067755959419083e-01 1.8113413990938909e-08 3.4067756697818508e-01 3.4067755959419083e-01 7.3839942493769684e-09 6.8135514468578995e-01 6.8135511918838165e-01 2.5497408295827029e-08
911 8.8916015625000000e-01 3.3782403247901871e-01 3.3782401452921962e-01 1.7949799091532270e-08 3.3782402185105526e-01 3.3782401452921962e-01 7.3218356377857674e-09 6.7564805433007402e-01 6.7564802905843924e-01 2.5271634784829189e-08
912 8.9013671875000000e-01 3.3496730752190113e-01 3.3496728973596385e-01 1.7785937278524955e-08 3.3496729699554617e-01 3.3496728973596385e-01 7.2595823241705659e-09 6.6993460451744724e-01 6.6993457947192769e-01 2.5045519547184369e-08
913 8.9111328125000000e-01 3.3210742972483542e-01 3.3210741210300587e-01 1.7621829551117685e-08 3.3210741930023957e-01 3.3210741210300587e-01 7.1972336979087004e-09 6.6421484902507499e-01 6.6421482420601174e-01 2.4819063249026385e-08
914 8.9208984375000000e-01 3.2924442600608017e-01 3.2924440854860293e-01 1.7457477241578090e-08 3.2924441568338952e-01 3.2924440854860293e-01 7.1347865948645506e-09 6.5848884168946964e-01 6.5848881709720586e-01 2.4592263780931489e-08
915 8.9306640625000000e-01 3.2637832331331695e-01 3.2637830602043438e-01 1.7292882570352219e-08 3.2637831309267523e-01 3.2637830602043438e-01 7.0722408485046628e-09 6.5275663640599224e-01 6.5275661204086877e-01 2.4365123474368033e-08
916 8.9404296875000000e-01 3.2350914862339558e-01 3.2350913149534949e-01 1.7128046092551585e-08 3.2350913850494306e-01 3.2350913149534949e-01 7.0095935722491731e-09 6.4701828712833864e-01 6.4701826299069898e-01 2.4137639664800759e-08
917 8.9501953125000000e-01 3.2063692894208073e-01 3.2063691197911126e-01 1.6962969473510725e-08 3.2063691892595469e-01 3.2063691197911126e-01 6.9468434338304519e-09 6.4127384786803543e-01 6.4127382395822252e-01 2.3909812907341177e-08
918 8.9599609375000000e-01 3.1776169130379811e-01 3.1776167450614373e-01 1.6797654378564175e-08 3.1776168139013111e-01 3.1776167450614373e-01 6.8839873801351814e-09 6.3552337269392922e-01 6.3552334901228746e-01 2.3681641758699357e-08
919 8.9697265625000000e-01 3.1488346277137935e-01 3.1488344613927655e-01 1.6632102806113380e-08 3.1488345296030101e-01 3.1488344613927655e-01 6.8210244674737908e-09 6.2976691573168031e-01 6.2976689227855309e-01 2.3453127218076020e-08
920 8.9794921875000000e-01 3.1200227043580736e-01 3.1200225396949210e-01 1.6466315255758701e-08 3.1200226072744208e-01 3.1200225396949210e-01 6.7579499773984253e-09 6.2400453116324939e-01 6.2400450793898421e-01 2.3224265177645975e-08
921 8.9892578125000000e-01 3.0911814141596167e-01 3.0911812511566789e-01 1.6300293781412734e-08 3.0911813181043063e-01 3.0911812511566789e-01 6.6947627441749091e-09 6.1823627322639230e-01 6.1823625023133577e-01 2.2995056525587643e-08
922 8.9990234375000000e-01 3.0623110285836314e-01 3.0623108672432320e-01 1.6134039937387712e-08 3.0623109335578241e-01 3.0623108672432320e-01 6.6314592150895635e-09 6.1246219621414555e-01 6.1246217344864640e-01 2.2765499152477275e-08
923 9.0087890625000000e-01 3.0334118193691773e-01 3.0334116596936250e-01 1.5967555222484719e-08 3.0334117253739989e-01 3.0334116596936250e-01 6.5680373917409440e-09 6.0668235447431762e-01 6.0668233193872501e-01 2.2535592614225664e-08
924 9.0185546875000000e-01 3.0044840585266236e-01 3.0044839005182133e-01 1.5800841024482537e-08 3.0044839655631367e-01 3.0044839005182133e-01 6.5044923336365912e-09 6.0089680240897603e-01 6.0089678010364267e-01 2.2305333358119128e-08
925 9.0283203125000000e-01 2.9755280183350696e-01 2.9755278619960790e-01 1.5633899064226853e-08 2.9755279264042894e-01 2.9755278619960790e-01 6.4408210431743385e-09 5.9510559447393585e-01 5.9510557239921580e-01 2.2074720051890040e-08
926 9.0380859375000000e-01 2.9465439713397940e-01 2.9465438166724811e-01 1.5466731284607960e-08 2.9465438804426841e-01 2.9465438166724811e-01 6.3770203007074144e-09 5.8930878517824781e-01 5.8930876333449622e-01 2.1843751585315374e-08
927 9.0478515625000000e-01 2.9175321903496837e-01 2.9175320373563002e-01 1.5299338351759673e-08 2.9175321004871513e-01 2.9175320373563002e-01 6.3130851102322083e-09 5.8350642908368355e-01 5.8350640747126004e-01 2.1612423517503032e-08
928 9.0576171875000000e-01 2.8884929484346727e-01 2.8884927971174479e-01 1.5131722486128041e-08 2.8884928596075637e-01 2.8884927971174479e-01 6.2490115859681339e-09 5.7769858080422365e-01 5.7769855942348958e-01 2.1380734072096175e-08
929 9.0673828125000000e-01 2.8594265189231682e-01 2.8594263692843142e-01 1.4963885408558752e-08 2.8594264311322642e-01 2.8594263692843142e-01 6.1847950094673365e-09 5.7188529500554330e-01 5.7188527385686283e-01 2.1148680473537240e-08
930 9.0771484375000000e-01 2.8303331753994732e-01 2.8303330274411825e-01 1.4795829061942101e-08 2.8303330886454942e-01 2.8303330274411825e-01 6.1204311618823226e-09 5.6606662640449668e-01 5.6606660548823651e-01 2.0916260168313272e-08
931 9.0869140625000000e-01 2.8012131917012173e-01 2.8012130454256756e-01 1.4627554167923051e-08 2.8012131059848172e-01 2.8012130454256756e-01 6.0559141590310617e-09 5.6024262976860340e-01 5.6024260908513512e-01 2.0683468271442962e-08
932 9.0966796875000000e-01 2.7720668419167793e-01 2.7720666973261487e-01 1.4459063057969956e-08 2.7720667572385416e-01 2.7720666973261487e-01 5.9912392824656990e-09 5.5441335991553209e-01 5.5441333946522975e-01 2.0450302340435655e-08
933 9.1064453125000000e-01 2.7428944003827033e-01 2.7428942574791321e-01 1.4290357119861596e-08 2.7428943167431402e-01 2.7428942574791321e-01 5.9264008145376579e-09 5.4857887171258435e-01 5.4857885149582641e-01 2.0216757934399254e-08
934 9.1162109375000000e-01 2.7136961416811212e-01 2.7136960004667349e-01 1.4121438629555172e-08 2.7136960590806603e-01 2.7136960004667349e-01 5.8613925379980003e-09 5.4273922007617814e-01 5.4273920009334697e-01 1.9982831167553172e-08
935 9.1259765625000000e-01 2.6844723406371668e-01 2.6844722011140804e-01 1.3952308641762556e-08 2.6844722590761699e-01 2.6844722011140804e-01 5.7962089572427544e-09 5.3689445997133367e-01 5.3689444022281607e-01 1.9748517599005311e-08
936 9.1357421875000000e-01 2.6552232723163854e-01 2.6552231344866944e-01 1.3782969099374043e-08 2.6552231917951291e-01 2.6552231344866944e-01 5.7308434664449237e-09 5.3104464641115146e-01 5.3104462689733889e-01 1.9513812565818967e-08
937 9.1455078125000000e-01 2.6259492120221489e-01 2.6259490758879273e-01 1.3613422167324529e-08 2.6259491325408196e-01 2.6259490758879273e-01 5.6652892377329067e-09 5.2518983445629686e-01 5.2518981517758545e-01 1.9278711405057436e-08
938 9.1552734375000000e-01 2.5966504352930642e-01 2.5966503008563752e-01 1.3443668900325889e-08 2.5966503568517579e-01 2.5966503008563752e-01 5.5995382775009261e-09 5.1933007921448215e-01 5.1933006017127503e-01 1.9043207122315664e-08
939 9.1650390625000000e-01 2.5673272179003770e-01 2.5673270851632635e-01 1.3273711352290718e-08 2.5673271404991027e-01 2.5673270851632635e-01 5.5335839244108342e-09 5.1346543583994797e-01 5.1346541703265269e-01 1.8807295276701552e-08
940 9.1748046875000000e-01 2.5379798358453792e-01 2.5379797048098651e-01 1.3103551410598158e-08 2.5379797594840525e-01 2.5379797048098651e-01 5.4674187399683660e-09 5.0759595953294312e-01 5.0759594096197302e-01 1.8570970095055372e-08
941 9.1845703125000000e-01 2.5086085653568113e-01 2.5086084360248972e-01 1.2933191406716560e-08 2.5086084900352423e-01 2.5086084360248972e-01 5.4010345085231393e-09 5.0172170553920536e-01 5.0172168720497945e-01 1.8334225915239699e-08
942 9.1943359375000000e-01 2.4792136828882594e-01 2.4792135552619368e-01 1.2762632256579920e-08 2.4792136086061703e-01 2.4792135552619368e-01 5.3344233474916791e-09 4.9584272914944294e-01 4.9584271105238736e-01 1.8097055576316023e-08
943 9.2041015625000000e-01 2.4497954651155507e-01 2.4497953391967911e-01 1.2591875958589682e-08 2.4497953918725526e-01 2.4497953391967911e-01 5.2675761530451837e-09 4.8995908569881030e-01 4.8995906783935822e-01 1.7859452083879290e-08
944 9.2138671875000000e-01 2.4203541889341612e-01 2.4203540647249142e-01 1.2420924705436320e-08 2.4203541167297504e-01 2.4203540647249142e-01 5.2004836270658217e-09 4.8407083056639116e-01 4.8407081294498283e-01 1.7621408332502142e-08
945 9.2236328125000000e-01 2.3908901314565967e-01 2.3908900089587898e-01 1.2249780689810308e-08 2.3908900602901714e-01 2.3908900089587898e-01 5.1331381645258745e-09 4.7817801917467684e-01 4.7817800179175796e-01 1.7382918882091758e-08
946 9.2333984375000000e-01 2.3614035700097891e-01 2.3614034492253402e-01 1.2078444883156791e-08 2.3614034998806274e-01 2.3614034492253402e-01 5.0655287187062470e-09 4.7228070698904168e-01 4.7228068984506805e-01 1.7143973629618614e-08
947 9.2431640625000000e-01 2.3318947821324898e-01 2.3318946630632917e-01 1.1906919811233152e-08 2.3318947130397549e-01 2.3318946630632917e-01 4.9976463245560154e-09 4.6637894951722447e-01 4.6637893261265834e-01 1.6904566135789167e-08
948 9.2529296875000000e-01 2.3023640455726485e-01 2.3023639282205735e-01 1.1735207500196410e-08 2.3023639775153854e-01 2.3023639282205735e-01 4.9294811843569875e-09 4.6047280230880339e-01 4.6047278564411470e-01 1.6664688684553397e-08
949 9.2626953125000000e-01 2.2728116382848115e-01 2.2728115226517173e-01 1.1563309421092072e-08 2.2728115712619371e-01 2.2728115226517173e-01 4.8610219738343119e-09 4.5456232095467486e-01 4.5456230453034346e-01 1.6424331394926384e-08
950 9.2724609375000000e-01 2.2432378384274915e-01 2.2432377245152149e-01 1.1391227655588310e-08 2.2432377724378005e-01 2.2432377245152149e-01 4.7922585622028890e-09 4.4864756108652920e-01 4.4864754490304298e-01 1.6183486217791199e-08
951 9.2822265625000000e-01 2.2136429243605618e-01 2.2136428121709176e-01 1.1218964424131173e-08 2.2136428594027244e-01 2.2136428121709176e-01 4.7231806798997411e-09 4.4272857837632862e-01 4.4272856243418351e-01 1.5942145104030914e-08
952 9.2919921875000000e-01 2.1840271746426254e-01 2.1840270641774073e-01 1.1046521808388832e-08 2.1840271107151676e-01 2.1840270641774073e-01 4.6537760312048704e-09 4.3680542853577931e-01 4.3680541283548147e-01 1.5700297839593702e-08
953 9.3017578125000000e-01 2.1543908680284027e-01 2.1543907592893913e-01 1.0873901140628917e-08 2.1543908051297320e-01 2.1543907592893913e-01 4.5840340689995429e-09 4.3087816731581347e-01 4.3087815185787826e-01 1.5457935209628459e-08
954 9.3115234375000000e-01 2.1247342834661034e-01 2.1247341764550545e-01 1.0701104891097657e-08 2.1247342215944842e-01 2.1247341764550545e-01 4.5139429694085464e-09 4.2494685050605874e-01 4.2494683529101090e-01 1.5215047832750628e-08
955 9.3212890625000000e-01 2.0950577000947970e-01 2.0950575948134487e-01 1.0528134836151892e-08 2.0950576392483627e-01 2.0950575948134487e-01 4.4434914081570298e-09 4.1901153393431601e-01 4.1901151896268973e-01 1.4971626272064498e-08
956 9.3310546875000000e-01 2.0653613972417953e-01 2.0653612936918586e-01 1.0354993668082457e-08 2.0653613374185320e-01 2.0653612936918586e-01 4.3726673393251758e-09 4.1307227346603270e-01 4.1307225873837172e-01 1.4727660979652057e-08
957 9.3408203125000000e-01 2.0356456544200127e-01 2.0356455526031883e-01 1.0181682441601225e-08 2.0356455956177691e-01 2.0356455526031883e-01 4.3014580786149281e-09 4.0712912500377818e-01 4.0712911052063766e-01 1.4483140520216153e-08
958 9.3505859375000000e-01 2.0059107513253424e-01 2.0059106512433064e-01 1.0008203599198850e-08 2.0059106935418258e-01 2.0059106512433064e-01 4.2298519409289526e-09 4.0118214448671685e-01 4.0118213024866128e-01 1.4238055567883379e-08
959 9.3603515625000000e-01 1.9761569678340238e-01 1.9761568694884241e-01 9.8345599719440457e-09 1.9761569110667912e-01 1.9761568694884241e-01 4.1578367138139782e-09 3.9523138789008150e-01 3.9523137389768481e-01 1.3992396685758024e-08
960 9.3701171875000000e-01 1.9463845840000008e-01 1.9463844873924757e-01 9.6607525035263819e-09 1.9463845282464615e-01 1.9463844873924757e-01 4.0853985749933486e-09 3.8927691122464625e-01 3.8927689747849514e-01 1.3746151106275306e-08
961 9.3798828125000000e-01 1.9165938800522944e-01 1.9165937851844561e-01 9.4867838307255425e-09 1.9165938253097195e-01 1.9165937851844561e-01 4.0125263389700905e-09 3.8331877053620139e-01 3.8331875703689122e-01 1.3499310169695633e-08
962 9.3896484375000000e-01 1.8867851363923596e-01 1.8867850432658004e-01 9.3126559241873963e-09 1.8867850826578664e-01 1.8867850432658004e-01 3.9392065998011816e-09 3.7735702190502263e-01 3.7735700865316008e-01 1.3251862551744154e-08
963 9.3994140625000000e-01 1.8569586335914523e-01 1.8569585422077350e-01 9.1383717260029584e-09 1.8569585808620101e-01 1.8569585422077350e-01 3.8654275058558341e-09 3.7139172144534627e-01 3.7139170844154701e-01 1.3003799259614368e-08
964 9.4091796875000000e-01 1.8271146523879792e-01 1.8271145627486565e-01 8.9639322631285268e-09 1.8271146006604125e-01 1.8271145627486565e-01 3.7911755956798743e-09 3.6542292530483916e-01 3.6542291254973130e-01 1.2755107858808401e-08
965 9.4189453125000000e-01 1.7972534736848628e-01 1.7972533857914613e-01 8.7893401445882091e-09 1.7972534229558451e-01 1.7972533857914613e-01 3.7164383792642752e-09 3.5945068966407079e-01 3.5945067715829226e-01 1.2505778523852484e-08
966 9.4287109375000000e-01 1.7673753785468960e-01 1.7673752924009148e-01 8.6145981181839915e-09 1.7673753288129557e-01 1.7673752924009148e-01 3.6412040882449759e-09 3.5347507073598516e-01 3.5347505848018296e-01 1.2255802206428967e-08
967 9.4384765625000000e-01 1.7374806481980923e-01 1.7374805638010199e-01 8.4397072386277472e-09 1.7374805994556142e-01 1.7374805638010199e-01 3.5654594277012563e-09 3.4749612476537062e-01 3.4749611276020398e-01 1.2005166638573428e-08
968 9.4482421875000000e-01 1.7075695640190461e-01 1.7075694813723430e-01 8.2646703092326135e-09 1.7075695162642687e-01 1.7075694813723430e-01 3.4891925737579044e-09 3.4151390802833148e-01 3.4151389627446860e-01 1.1753862882990518e-08
969 9.4580078125000000e-01 1.6776424075442803e-01 1.6776423266493834e-01 8.0894896892225177e-09 1.6776423607732951e-01 1.6776423266493834e-01 3.4123911751837710e-09 3.3552847683175757e-01 3.3552846532987668e-01 1.1501880892161864e-08
970 9.4677734375000000e-01 1.6476994604595929e-01 1.6476993813179153e-01 7.9141677655769627e-09 1.6476994146683588e-01 1.6476993813179153e-01 3.3350443517932149e-09 3.2953988751279517e-01 3.2953987626358305e-01 1.1249212117370178e-08
971 9.4775390625000000e-01 1.6177410045994131e-01 1.6177409272123519e-01 7.7387061203637586e-09 1.6177409597837386e-01 1.6177409272123519e-01 3.2571386698876381e-09 3.2354819643831517e-01 3.2354818544247038e-01 1.0995844790251397e-08
972 9.4873046875000000e-01 1.5877673219441429e-01 1.5877672463130688e-01 7.5631074181181646e-09 1.5877672780997054e-01 1.5877672463130688e-01 3.1786636656150336e-09 3.1755346000438484e-01 3.1755344926261375e-01 1.0741771083733198e-08
973 9.4970703125000000e-01 1.5577786946175040e-01 1.5577786207437658e-01 7.3873738237750786e-09 1.5577786517398523e-01 1.5577786207437658e-01 3.0996086530787892e-09 3.1155573463573560e-01 3.1155572414875315e-01 1.0486982449098292e-08
974 9.5068359375000000e-01 1.5277754048838837e-01 1.5277753327688040e-01 7.2115079741141841e-09 1.5277753629684351e-01 1.5277753327688040e-01 3.0199631129157467e-09 3.0555507678523186e-01 3.0555506655376080e-01 1.0231471059274355e-08
975 9.5166015625000000e-01 1.4977577351456800e-01 1.4977576647905647e-01 7.0355115344700181e-09 1.4977576941877260e-01 1.4977576647905647e-01 2.9397161371846892e-09 2.9955154293334063e-01 2.9955153295811293e-01 9.9752276994102829e-09
976 9.5263671875000000e-01 1.4677259679406379e-01 1.4677258993467668e-01 6.8593871138666884e-09 1.4677259279353463e-01 1.4677258993467668e-01 2.8588579559229998e-09 2.9354518958759845e-01 2.9354517986935336e-01 9.7182450975452639e-09
977 9.5361328125000000e-01 1.4376803859391951e-01 1.4376803191078200e-01 6.6831375156173323e-09 1.4376803468816204e-01 1.4376803191078200e-01 2.7773800481689648e-09 2.8753607328208153e-01 2.8753606382156399e-01 9.4605175360307214e-09
978 9.5458984375000000e-01 1.4076212719418196e-01 1.4076212068741772e-01 6.5067642385230329e-09 1.4076212338269026e-01 1.4076212068741772e-01 2.6952725329376648e-09 2.8152425057687225e-01 2.8152424137483545e-01 9.2020367992162733e-09
979 9.5556640625000000e-01 1.3775489088763462e-01 1.3775488455736454e-01 6.3302700858969274e-09 1.3775488716989248e-01 1.3775488455736454e-01 2.6125279439792592e-09 2.7550977805752708e-01 2.7550976911472908e-01 8.9427980021206110e-09
980 9.5654296875000000e-01 1.3474635797953169e-01 1.3474635182587436e-01 6.1536573336962164e-09 1.3474635435501303e-01 1.3474635182587436e-01 2.5291386762660295e-09 2.6949271233454475e-01 2.6949270365174871e-01 8.6827960377178215e-09
981 9.5751953125000000e-01 1.3173655678733123e-01 1.3173655081040248e-01 5.9769287574784613e-09 1.3173655325550063e-01 1.3173655081040248e-01 2.4450981517265546e-09 2.6347311004283186e-01 2.6347310162080495e-01 8.4220269092050160e-09
982 9.5849609375000000e-01 1.2872551564042914e-01 1.2872550984034326e-01 5.8000858838003211e-09 1.2872551220074219e-01 1.2872550984034326e-01 2.3603989318665697e-09 2.5745102784117135e-01 2.5745101968068651e-01 8.1604848434224664e-09
983 9.5947265625000000e-01 1.2571326287989221e-01 1.2571325725676061e-01 5.6231315992416597e-09 1.2571325953179732e-01 1.2571325725676061e-01 2.2750367145718542e-09 2.5142652241168950e-01 2.5142651451352122e-01 7.8981682860579383e-09
984 9.6044921875000000e-01 1.2269982685819142e-01 1.2269982141212307e-01 5.4460683462931314e-09 1.2269982360112923e-01 1.2269982141212307e-01 2.1890061568941022e-09 2.4539965045932066e-01 2.4539964282424614e-01 7.6350745170650214e-09
985 9.6142578125000000e-01 1.1968523593893488e-01 1.1968523067003600e-01 5.2688988727567221e-09 1.1968523277234021e-01 1.1968523067003600e-01 2.1023042057199959e-09 2.3937046871127510e-01 2.3937046134007200e-01 7.3712030923545058e-09
986 9.6240234375000000e-01 1.1666951849660122e-01 1.1666951340497650e-01 5.0916247190668784e-09 1.1666951541990303e-01 1.1666951340497650e-01 2.0149265311797393e-09 2.3333903391650423e-01 2.3333902680995300e-01 7.1065512363688299e-09
987 9.6337890625000000e-01 1.1365270291627232e-01 1.1365269800202349e-01 4.9142488273146157e-09 1.1365269992889512e-01 1.1365269800202349e-01 1.9268716344722492e-09 2.2730540284516743e-01 2.2730539600404698e-01 6.8411204479090770e-09
988 9.6435546875000000e-01 1.1063481759336612e-01 1.1063481285659209e-01 4.7367740285686466e-09 1.1063481469473081e-01 1.1063481285659209e-01 1.8381387245636205e-09 2.2126963228809693e-01 2.2126962571318418e-01 6.5749127531322671e-09
989 9.6533203125000000e-01 1.0761589093336942e-01 1.0761588637416752e-01 4.5592018910189935e-09 1.0761588812289390e-01 1.0761588637416752e-01 1.7487263720417090e-09 2.1523177905626331e-01 2.1523177274833505e-01 6.3079282630607025e-09
990 9.6630859375000000e-01 1.0459595135157061e-01 1.0459594697003513e-01 4.3815354816567620e-09 1.0459594862867078e-01 1.0459594697003513e-01 1.6586356454961759e-09 2.0919189998024140e-01 2.0919189394007026e-01 6.0401711410307257e-09
991 9.6728515625000000e-01 1.0157502727279182e-01 1.0157502306901474e-01 4.2037770764391524e-09 1.0157502463688328e-01 1.0157502306901474e-01 1.5678685433284656e-09 2.0315005190967511e-01 2.0315004613802948e-01 5.7716456336454058e-09
992 9.6826171875000000e-01 9.8553147131121857e-02 9.8553143105192170e-02 4.0259296868461192e-09 9.8553144581619886e-02 9.8553143105192170e-02 1.4764277161960493e-09 1.9710629171274174e-01 1.9710628621038434e-01 5.5023574030421685e-09
993 9.6923828125000000e-01 9.5530339369648332e-02 9.5530335521653409e-02 3.8479949227010479e-09 9.5530336905969834e-02 9.5530335521653409e-02 1.3843164253790619e-09 1.9106067627561818e-01 1.9106067104330682e-01 5.2323113619578976e-09
994 9.7021484375000000e-01 9.2506632440189918e-02 9.2506628770214205e-02 3.6699757122171661e-09 9.2506630061753706e-02 9.2506628770214205e-02 1.2915395003476604e-09 1.8501326250194361e-01 1.8501325754042841e-01 4.9615151986870387e-09
995 9.7119140625000000e-01 8.9482054803028663e-02 8.9482051311154095e-02 3.4918745672740670e-09 8.9482052509257101e-02 8.9482051311154095e-02 1.1981030056951170e-09 1.7896410731228576e-01 1.7896410262230819e-01 4.6899775729691839e-09
996 9.7216796875000000e-01 8.6456634926642004e-02 8.6456631612947574e-02 3.3136944299627658e-09 8.6456632716961759e-02 8.6456631612947574e-02 1.1040141856266672e-09 1.7291326764360376e-01 1.7291326322589515e-01 4.4177086155894330e-09
997 9.7314453125000000e-01 8.3430401287434869e-02 8.3430398151997945e-02 3.1354369239844360e-09 8.3430399161278077e-02 8.3430398151997945e-02 1.0092801316918809e-09 1.6686080044871293e-01 1.6686079630399589e-01 4.1447170417985291e-09
998 9.7412109375000000e-01 8.0403382369471796e-02 8.0403379412366624e-02 2.9571051718413344e-09 8.0403380326277057e-02 8.0403379412366624e-02 9.1391043344213330e-10 1.6080676269574884e-01 1.6080675882473325e-01 3.8710155914056799e-09
999 9.7509765625000000e-01 7.7375606664208355e-02 7.7375603885506405e-02 2.7787019490910225e-09 7.7375604703422210e-02 7.7375603885506405e-02 8.1791580452961199e-10 1.5475121136763056e-01 1.5475120777101281e-01 3.5966177536206345e-09
1000 9.7607421875000000e-01 7.4347102670223611e-02 7.4347100069994537e-02 2.6002290737237033e-09 7.4347100791301315e-02 7.4347100069994537e-02 7.2130677819526312e-10 1.4869420346152493e-01 1.4869420013998907e-01 3.3215358519189664e-09
1001 9.7705078125000000e-01 7.1317898892951370e-02 7.1317896471261896e-02 2.4216894739526040e-09 7.1317897095358032e-02 7.1317896471261896e-02 6.2409613588165769e-10 1.4263579598830939e-01 1.4263579294252379e-01 3.0457855959564739e-09
1002 9.7802734375000000e-01 6.8288023844412085e-02 6.8288021601326424e-02 2.2430856616573180e-09 6.8288022127624012e-02 6.8288021601326424e-02 5.2629758884314981e-10 1.3657604597203610e-01 1.3657604320265285e-01 2.7693832505004679e-09
1003 9.7900390625000000e-01 6.5257506042944641e-02 6.5257503978523840e-02 2.0644208009734655e-09 6.5257504406449993e-02 6.5257503978523840e-02 4.2792615284614755e-10 1.3051501044939462e-01 1.3051500795704768e-01 2.4923469399418252e-09
1004 9.7998046875000000e-01 6.2226374012937583e-02 6.2226372127241102e-02 1.8856964809077503e-09 6.2226372456237626e-02 6.2226372127241102e-02 3.2899652446793937e-10 1.2445274646917520e-01 1.2445274425448220e-01 2.2146929984367958e-09
1005 9.8095703125000000e-01 5.9194656284560880e-02 5.9194654577645126e-02 1.7069157545734903e-09 5.9194654807171135e-02 5.9194654577645126e-02 2.2952600930992162e-10 1.1838931109173201e-01 1.1838930915529025e-01 1.9364417569445180e-09
1006 9.8193359375000000e-01 5.6162381393497329e-02 5.6162379865416119e-02 1.5280812101781116e-09 5.6162379994948490e-02 5.6162379865416119e-02 1.2953237094048831e-10 1.1232476138844583e-01 1.1232475973083224e-01 1.6576135880574938e-09
1007 9.8291015625000000e-01 5.3129577880673927e-02 5.3129576531478075e-02 1.3491958522626746e-09 5.3129576560513064e-02 5.3129576531478075e-02 2.9034989690313040e-11 1.0625915444118700e-01 1.0625915306295615e-01 1.3782308488918815e-09
1008 9.8388671875000000e-01 5.0096274291993315e-02 5.0096273121731871e-02 1.1702614433062308e-09 5.0096273049784652e-02 5.0096273121731871e-02 -7.1947219015822128e-11 1.0019254734177796e-01 1.0019254624346374e-01 1.0983142173515148e-09
1009 9.8486328125000000e-01 4.7062499178065008e-02 4.7062498186784006e-02 9.9128100172762856e-10 4.7062498013390991e-02 4.7062498186784006e-02 -1.7339301522367734e-10 9.4124997191456006e-02 9.4124996373568012e-02 8.1788799344284513e-10
1010 9.8583984375000000e-01 4.4028281093936715e-02 4.4028280281679127e-02 8.1225758757907940e-10 4.4028280006398877e-02 4.4028280281679127e-02 -2.7528024998391132e-10 8.8056561100335592e-02 8.8056560563358255e-02 5.3697733759516808e-10
1011 9.8681640625000000e-01 4.0993648598825538e-02 4.0993647965632603e-02 6.3319293558405931e-10 4.0993647588045454e-02 4.0993647965632603e-02 -3.7758714904745361e-10 8.1987296186870992e-02 8.1987295931265206e-02 2.5560578653660571e-10
1012 9.8779296875000000e-01 3.7958630255849196e-02 3.7958629801759097e-02 4.5409009885588603e-10 3.7958629321469088e-02 3.7958629801759097e-02 -4.8029000915272846e-10 7.5917259577318291e-02 7.5917259603518195e-02 -2.6199903357948529e-11
1013 9.8876953125000000e-01 3.4923254631757154e-02 3.4923254356805440e-02 2.7495171417424302e-10 3.4923253773440896e-02 3.4923254356805440e-02 -5.8336454417107220e-10 6.9846508405198043e-02 6.9846508713610880e-02 -3.0841283693572308e-10
1014 9.8974609375000000e-01 3.1887550296661703e-02 3.1887550200880896e-02 9.5780806896872406e-11 3.1887549514095621e-02 3.1887550200880896e-02 -6.8678527448406967e-10 6.3775099810757324e-02 6.3775100401761792e-02 -5.9100446758719727e-10
1015 9.9072265625000000e-01 2.8851545823769153e-02 2.8851545907189999e-02 -8.3420846619386424e-11 2.8851545116662585e-02 2.8851545907189999e-02 -7.9052741436269613e-10 5.7703090940431738e-02 5.7703091814379999e-02 -8.7394826098208256e-10
1016 9.9169921875000000e-01 2.5815269789110813e-02 2.5815270051760982e-02 -2.6265016897508708e-10 2.5815269157196775e-02 2.5815270051760982e-02 -8.9456420743205811e-10 5.1630538946307591e-02 5.1630540103521964e-02 -1.1572143729376982e-09
1017 9.9267578125000000e-01 2.2778750771274017e-02 2.2778751213178555e-02 -4.4190453726833390e-10 2.2778750214309806e-02 2.2778751213178555e-02 -9.9886874813104320e-10 4.5557500985583824e-02 4.5557502426357109e-02 -1.4407732853993771e-09
1018 9.9365234375000000e-01 1.9742017351133165e-02 1.9742017972314035e-02 -6.2118087063023353e-10 1.9742016868900959e-02 1.9742017972314035e-02 -1.1034130761866656e-09 3.9484034220034124e-02 3.9484035944628071e-02 -1.7245939468168991e-09
1019 9.9462890625000000e-01 1.6705098111580691e-02 1.6705098912058097e-02 -8.0047740658173439e-10 1.6705097703887919e-02 1.6705098912058097e-02 -1.2081701784849574e-09 3.3410195815468613e-02 3.3410197824116195e-02 -2.0086475815972449e-09
1020 9.9560546875000000e-01 1.3668021637258030e-02 1.3668022617049101e-02 -9.7979107119283704e-10 1.3668021303937922e-02 1.3668022617049101e-02 -1.3131111788189376e-09 2.7336042941195952e-02 2.7336045234098202e-02 -2.2929022500117746e-09
1021 9.9658203125000000e-01 1.0630816514286578e-02 1.0630817673405360e-02 -1.1591187818599247e-09 1.0630816255198411e-02 1.0630817673405360e-02 -1.4182069494467209e-09 2.1261632769484989e-02 2.1261635346810720e-02 -2.5773257313066456e-09
1022 9.9755859375000000e-01 7.5935113299986316e-03 7.5935126684573947e-03 -1.3384587630935196e-09 7.5935111450280892e-03 7.5935126684573947e-03 -1.5234293054486314e-09 1.5187022475026721e-02 1.5187025336914789e-02 -2.8618880685421511e-09
1023 9.9853515625000000e-01 4.5561346726682829e-03 4.5561361904762222e-03 -1.5178079392288990e-09 4.5561345617276244e-03 4.5561361904762222e-03 -1.6287485977983795e-09 9.1122692343959082e-03 9.1122723809524443e-03 -3.1465565361599168e-09
1024 9.9951171875000000e-01 1.5187151312423680e-03 1.5187168284060311e-03 -1.6971636630780385e-09 1.5187150942706619e-03 1.5187168284060311e-03 -1.7341353691566197e-09 3.0374302255130299e-03 3.0374336568120622e-03 -3.4312990322346582e-09
