# P x u_num u_exact u_err v_num v_exact v_err psi_num psi_exact psi_err
1 4.8828125000000000e-04 -1.9918840943145793e+99 2.1551942908166894e-07 -1.9918840943145793e+99 -1.9918840943146096e+99 2.1551942908166894e-07 -1.9918840943146096e+99 -3.9837681886291892e+99 4.3103885816333788e-07 -3.9837681886291892e+99
2 1.4648437500000000e-03 -5.0880160145528325e+98 1.9358864351748085e-06 -5.0880160145528325e+98 -5.0880160145341168e+98 1.9358864351748085e-06 -5.0880160145341168e+98 -1.0176032029086950e+99 3.8717728703496171e-06 -1.0176032029086950e+99
3 2.4414062500000000e-03 -1.2996693451172780e+98 5.3669491996287937e-06 -1.2996693451172780e+98 -1.2996693451440193e+98 5.3669491996287937e-06 -1.2996693451440193e+98 -2.5993386902612975e+98 1.0733898399257587e-05 -2.5993386902612975e+98
4 3.4179687500000000e-03 -3.3198409788865168e+97 1.0498634877630550e-05 -3.3198409788865168e+97 -3.3198409786855723e+97 1.0498634877630550e-05 -3.3198409786855723e+97 -6.6396819575720895e+97 2.0997269755261100e-05 -6.6396819575720895e+97
5 4.3945312500000000e-03 -8.4801139355147334e+96 1.7320890375043104e-05 -8.4801139355147334e+96 -8.4801139347439747e+96 1.7320890375043104e-05 -8.4801139347439747e+96 -1.6960227870258709e+97 3.4641780750086208e-05 -1.6960227870258709e+97
6 5.3710937500000000e-03 -2.1661378607184406e+96 2.5823682348405589e-05 -2.1661378607184406e+96 -2.1661378605034252e+96 2.5823682348405589e-05 -2.1661378605034252e+96 -4.3322757212218653e+96 5.1647364696811177e-05 -4.3322757212218653e+96
7 6.3476562500000000e-03 -5.5331252236919472e+95 3.5996997204933245e-05 -5.5331252236919472e+95 -5.5331252231314083e+95 3.5996997204933245e-05 -5.5331252231314083e+95 -1.1066250446823357e+96 7.1993994409866489e-05 -1.1066250446823357e+96
8 7.3242187500000000e-03 -1.4133668634969405e+95 4.7830841102517402e-05 -1.4133668634969405e+95 -1.4133668633530995e+95 4.7830841102517402e-05 -1.4133668633530995e+95 -2.8267337268500400e+95 9.5661682205034804e-05 -2.8267337268500400e+95
9 8.3007812500000000e-03 -3.6102669107826317e+94 6.1315239949725513e-05 -3.6102669107826317e+94 -3.6102669104148382e+94 6.1315239949725513e-05 -3.6102669104148382e+94 -7.2205338211974707e+94 1.2263047989945103e-04 -7.2205338211974707e+94
10 9.2773437500000000e-03 -9.2219702497080531e+93 7.6440239405801126e-05 -9.2219702497080531e+93 -9.2219702487683790e+93 7.6440239405801126e-05 -9.2219702487683790e+93 -1.8443940498476430e+94 1.5288047881160225e-04 -1.8443940498476430e+94
11 1.0253906250000000e-02 -2.3556356742627790e+93 9.3195904880663893e-05 -2.3556356742627790e+93 -2.3556356740227388e+93 9.3195904880663893e-05 -2.3556356740227388e+93 -4.7112713482855182e+93 1.8639180976132779e-04 -4.7112713482855182e+93
12 1.1230468750000000e-02 -6.0171734234721963e+92 1.1157232153490956e-04 -6.0171734234721963e+92 -6.0171734228590332e+92 1.1157232153490956e-04 -6.0171734228590332e+92 -1.2034346846331229e+93 2.2314464306981912e-04 -1.2034346846331229e+93
13 1.2207031250000000e-02 -1.5370108545953852e+92 1.3155959427980999e-04 -1.5370108545953852e+92 -1.5370108544387633e+92 1.3155959427980999e-04 -1.5370108544387633e+92 -3.0740217090341488e+92 2.6311918855961998e-04 -3.0740217090341488e+92
14 1.3183593750000000e-02 -3.9260998493555414e+91 1.5314784777731318e-04 -3.9260998493555414e+91 -3.9260998489554689e+91 1.5314784777731318e-04 -3.9260998489554689e+91 -7.8521996983110095e+91 3.0629569555462637e-04 -7.8521996983110095e+91
15 1.4160156250000000e-02 -1.0028725549350384e+91 1.7632722644004317e-04 -1.0028725549350384e+91 -1.0028725548328443e+91 1.7632722644004317e-04 -1.0028725548328443e+91 -2.0057451097678827e+91 3.5265445288008634e-04 -2.0057451097678827e+91
16 1.5136718750000000e-02 -2.5617111128924154e+90 2.0108789443130012e-04 -2.5617111128924154e+90 -2.5617111126313716e+90 2.0108789443130012e-04 -2.5617111126313716e+90 -5.1234222255237874e+90 4.0217578886260025e-04 -5.1234222255237874e+90
17 1.6113281250000000e-02 -6.5435670700367006e+89 2.2742003566506033e-04 -6.5435670700367006e+89 -6.5435670693699033e+89 2.2742003566506033e-04 -6.5435670693699033e+89 -1.3087134139406604e+90 4.5484007133012066e-04 -1.3087134139406604e+90
18 1.7089843750000000e-02 -1.6714714545514395e+89 2.5531385380597618e-04 -1.6714714545514395e+89 -1.6714714543811143e+89 2.5531385380597618e-04 -1.6714714543811143e+89 -3.3429429089325538e+89 5.1062770761195237e-04 -3.3429429089325538e+89
19 1.8066406250000000e-02 -4.2695624473283391e+88 2.8475957226937614e-04 -4.2695624473283391e+88 -4.2695624468932657e+88 2.8475957226937614e-04 -4.2695624468932657e+88 -8.5391248942216056e+88 5.6951914453875227e-04 -8.5391248942216056e+88
20 1.9042968750000000e-02 -1.0906057319733532e+88 3.1574743422126486e-04 -1.0906057319733532e+88 -1.0906057318622185e+88 3.1574743422126486e-04 -1.0906057318622185e+88 -2.1812114638355717e+88 6.3149486844252972e-04 -2.1812114638355717e+88
21 2.0019531250000000e-02 -2.7858144184245555e+87 3.4826770257832292e-04 -2.7858144184245555e+87 -2.7858144181406762e+87 3.4826770257832292e-04 -2.7858144181406762e+87 -5.5716288365652316e+87 6.9653540515664583e-04 -5.5716288365652316e+87
22 2.0996093750000000e-02 -7.1160106227020743e+86 3.8231066000790718e-04 -7.1160106227020743e+86 -7.1160106219769382e+86 3.8231066000790718e-04 -7.1160106219769382e+86 -1.4232021244679012e+87 7.6462132001581435e-04 -1.4232021244679012e+87
23 2.1972656250000000e-02 -1.8176949206489323e+86 4.1786660892805059e-04 -1.8176949206489323e+86 -1.8176949204637052e+86 4.1786660892805059e-04 -1.8176949204637052e+86 -3.6353898411126378e+86 8.3573321785610118e-04 -3.6353898411126378e+86
24 2.2949218750000000e-02 -4.6430717992637523e+85 4.5492587150746208e-04 -4.6430717992637523e+85 -4.6430717987906169e+85 4.5492587150746208e-04 -4.6430717987906169e+85 -9.2861435980543692e+85 9.0985174301492415e-04 -9.2861435980543692e+85
25 2.3925781250000000e-02 -1.1860139723239091e+85 4.9347878966552676e-04 -1.1860139723239091e+85 -1.1860139722030537e+85 4.9347878966552676e-04 -1.1860139722030537e+85 -2.3720279445269628e+85 9.8695757933105351e-04 -2.3720279445269628e+85
26 2.4902343750000000e-02 -3.0295227025577914e+84 5.3351572507230594e-04 -3.0295227025577914e+84 -3.0295227022490780e+84 5.3351572507230594e-04 -3.0295227022490780e+84 -6.0590454048068694e+84 1.0670314501446119e-03 -6.0590454048068694e+84
27 2.5878906250000000e-02 -7.7385326138522733e+83 5.7502705914853674e-04 -7.7385326138522733e+83 -7.7385326130637121e+83 5.7502705914853674e-04 -7.7385326130637121e+83 -1.5477065226915985e+84 1.1500541182970735e-03 -1.5477065226915985e+84
28 2.6855468750000000e-02 -1.9767102905383482e+83 6.1800319306563282e-04 -1.9767102905383482e+83 -1.9767102903369173e+83 6.1800319306563282e-04 -1.9767102903369173e+83 -3.9534205808752652e+83 1.2360063861312656e-03 -3.9534205808752652e+83
29 2.7832031250000000e-02 -5.0492564517022654e+82 6.6243454774568360e-04 -5.0492564517022654e+82 -5.0492564511877415e+82 6.6243454774568360e-04 -5.0492564511877415e+82 -1.0098512902890007e+83 1.3248690954913672e-03 -1.0098512902890007e+83
30 2.8808593750000000e-02 -1.2897687049584543e+82 7.0831156386145469e-04 -1.2897687049584543e+82 -1.2897687048270246e+82 7.0831156386145469e-04 -1.2897687048270246e+82 -2.5795374097854788e+82 1.4166231277229094e-03 -2.5795374097854788e+82
31 2.9785156250000000e-02 -3.2945510456879016e+81 7.5562470183638782e-04 -3.2945510456879016e+81 -3.2945510453521817e+81 7.5562470183638782e-04 -3.2945510453521817e+81 -6.5891020910400829e+81 1.5112494036727756e-03 -6.5891020910400829e+81
32 3.0761718750000000e-02 -8.4155139994599968e+80 8.0436444184460085e-04 -8.4155139994599968e+80 -8.4155139986024241e+80 8.0436444184460085e-04 -8.4155139986024241e+80 -1.6831027998062421e+81 1.6087288836892017e-03 -1.6831027998062421e+81
33 3.1738281250000000e-02 -2.1496366240189711e+80 8.5452128381088767e-04 -2.1496366240189711e+80 -2.1496366237999183e+80 8.5452128381088767e-04 -2.1496366237999183e+80 -4.2992732478188894e+80 1.7090425676217753e-03 -4.2992732478188894e+80
34 3.2714843750000000e-02 -5.4909749013788000e+79 9.0608574741071844e-04 -5.4909749013788000e+79 -5.4909749008192652e+79 9.0608574741071844e-04 -5.4909749008192652e+79 -1.0981949802198065e+80 1.8121714948214369e-03 -1.0981949802198065e+80
35 3.3691406250000000e-02 -1.4026000967178275e+79 9.5904837207023920e-04 -1.4026000967178275e+79 -1.4026000965748998e+79 9.5904837207023920e-04 -1.4026000965748998e+79 -2.8052001932927274e+79 1.9180967441404784e-03 -2.8052001932927274e+79
36 3.4667968750000000e-02 -3.5827645666689667e+78 1.0133997169662723e-03 -3.5827645666689667e+78 -3.5827645663038786e+78 1.0133997169662723e-03 -3.5827645663038786e+78 -7.1655291329728452e+78 2.0267994339325445e-03 -7.1655291329728452e+78
37 3.5644531250000000e-02 -9.1517189897649297e+77 1.0691303610263160e-03 -9.1517189897649297e+77 -9.1517189888323585e+77 1.0691303610263160e-03 -9.1517189888323585e+77 -1.8303437978597288e+78 2.1382607220526320e-03 -1.8303437978597288e+78
38 3.6621093750000000e-02 -2.3376908783457484e+77 1.1262309029285448e-03 -2.3376908783457484e+77 -2.3376908781075349e+77 1.1262309029285448e-03 -2.3376908781075349e+77 -4.6753817564532833e+77 2.2524618058570897e-03 -4.6753817564532833e+77
39 3.7597656250000000e-02 -5.9713357116981234e+76 1.1846919611018093e-03 -5.9713357116981234e+76 -5.9713357110896339e+76 1.1846919611018093e-03 -5.9713357110896339e+76 -1.1942671422787757e+77 2.3693839222036187e-03 -1.1942671422787757e+77
40 3.8574218750000000e-02 -1.5253021908112026e+76 1.2445041737256363e-03 -1.5253021908112026e+76 -1.5253021906557702e+76 1.2445041737256363e-03 -1.5253021906557702e+76 -3.0506043814669731e+76 2.4890083474512726e-03 -3.0506043814669731e+76
41 3.9550781250000000e-02 -3.8961915484598170e+75 1.3056581987302281e-03 -3.8961915484598170e+75 -3.8961915480627884e+75 1.3056581987302281e-03 -3.8961915480627884e+75 -7.7923830965226046e+75 2.6113163974604563e-03 -7.7923830965226046e+75
42 4.0527343750000000e-02 -9.9523285770778082e+74 1.3681447137964642e-03 -9.9523285770778082e+74 -9.9523285760636394e+74 1.3681447137964642e-03 -9.9523285760636394e+74 -1.9904657153141450e+75 2.7362894275929283e-03 -1.9904657153141450e+75
43 4.1503906250000000e-02 -2.5421964724828271e+74 1.4319544163558992e-03 -2.5421964724828271e+74 -2.5421964722237731e+74 1.4319544163558992e-03 -2.5421964722237731e+74 -5.0843929447066007e+74 2.8639088327117985e-03 -5.0843929447066007e+74
44 4.2480468750000000e-02 -6.4937193890374201e+73 1.4970780235907641e-03 -6.4937193890374201e+73 -6.4937193883756968e+73 1.4970780235907641e-03 -6.4937193883756968e+73 -1.2987438777413118e+74 2.9941560471815282e-03 -1.2987438777413118e+74
45 4.3457031250000000e-02 -1.6587384948409140e+73 1.5635062724339665e-03 -1.6587384948409140e+73 -1.6587384946718880e+73 1.5635062724339665e-03 -1.6587384946718880e+73 -3.3174769895128020e+73 3.1270125448679331e-03 -3.3174769895128020e+73
46 4.4433593750000000e-02 -4.2370377120267771e+72 1.6312299195690894e-03 -4.2370377120267771e+72 -4.2370377115950160e+72 1.6312299195690894e-03 -4.2370377115950160e+72 -8.4740754236217931e+72 3.2624598391381788e-03 -8.4740754236217931e+72
47 4.5410156250000000e-02 -1.0822976996659680e+72 1.7002397414303922e-03 -1.0822976996659680e+72 -1.0822976995556799e+72 1.7002397414303922e-03 -1.0822976995556799e+72 -2.1645953992216480e+72 3.4004794828607844e-03 -2.1645953992216480e+72
48 4.6386718750000000e-02 -2.7645926005740552e+71 1.7705265342028104e-03 -2.7645926005740552e+71 -2.7645926002923398e+71 1.7705265342028104e-03 -2.7645926002923398e+71 -5.5291852008663950e+71 3.5410530684056207e-03 -5.5291852008663950e+71
49 4.7363281250000000e-02 -7.0618021728288685e+70 1.8420811138219557e-03 -7.0618021728288685e+70 -7.0618021721092600e+70 1.8420811138219557e-03 -7.0618021721092600e+70 -1.4123604344938128e+71 3.6841622276439115e-03 -1.4123604344938128e+71
50 4.8339843750000000e-02 -1.8038480576782079e+70 1.9148943159741159e-03 -1.8038480576782079e+70 -1.8038480574943930e+70 1.9148943159741159e-03 -1.8038480574943930e+70 -3.6076961151726009e+70 3.8297886319482318e-03 -3.6076961151726009e+70
51 4.9316406250000000e-02 -4.6077017389542441e+69 1.9889569960962546e-03 -4.6077017389542441e+69 -4.6077017384847127e+69 1.9889569960962546e-03 -4.6077017384847127e+69 -9.2154034774389560e+69 3.9779139921925092e-03 -9.2154034774389560e+69
52 5.0292968750000000e-02 -1.1769791377267636e+69 2.0642600293760121e-03 -1.1769791377267636e+69 -1.1769791376068290e+69 2.0642600293760121e-03 -1.1769791376068290e+69 -2.3539582753335926e+69 4.1285200587520242e-03 -2.3539582753335926e+69
53 5.1269531250000000e-02 -3.0064443601734447e+68 2.1407943107517036e-03 -3.0064443601734447e+68 -3.0064443598670820e+68 2.1407943107517036e-03 -3.0064443598670820e+68 -6.0128887200405262e+68 4.2815886215034071e-03 -6.0128887200405262e+68
54 5.2246093750000000e-02 -7.6795819068434946e+67 2.2185507549123220e-03 -7.6795819068434946e+67 -7.6795819060609342e+67 2.2185507549123220e-03 -7.6795819060609342e+67 -1.5359163812904430e+68 4.4371015098246440e-03 -1.5359163812904430e+68
55 5.3222656250000000e-02 -1.9616520779554894e+67 2.2975202962975355e-03 -1.9616520779554894e+67 -1.9616520777555930e+67 2.2975202962975355e-03 -1.9616520777555930e+67 -3.9233041557110821e+67 4.5950405925950710e-03 -3.9233041557110821e+67
56 5.4199218750000000e-02 -5.0107921520023851e+66 2.3776938890976880e-03 -5.0107921520023851e+66 -5.0107921514917768e+66 2.3776938890976880e-03 -5.0107921514917768e+66 -1.0021584303494162e+67 4.7553877781953760e-03 -1.0021584303494162e+67
57 5.5175781250000000e-02 -1.2799434860404647e+66 2.4590625072538003e-03 -1.2799434860404647e+66 -1.2799434859100363e+66 2.4590625072538003e-03 -1.2799434859100363e+66 -2.5598869719505012e+66 4.9181250145076006e-03 -2.5598869719505012e+66
58 5.6152343750000000e-02 -3.2694537665122379e+65 2.5416171444575687e-03 -3.2694537665122379e+65 -3.2694537661790768e+65 2.5416171444575687e-03 -3.2694537661790768e+65 -6.5389075326913143e+65 5.0832342889151373e-03 -6.5389075326913143e+65
59 5.7128906250000000e-02 -8.3514061737434638e+64 2.6253488141513661e-03 -8.3514061737434638e+64 -8.3514061728924384e+64 2.6253488141513661e-03 -8.3514061728924384e+64 -1.6702812346635901e+65 5.2506976283027322e-03 -1.6702812346635901e+65
60 5.8105468750000000e-02 -2.1332610906819304e+64 2.7102485495282408e-03 -2.1332610906819304e+64 -2.1332610904645478e+64 2.7102485495282408e-03 -2.1332610904645478e+64 -4.2665221811464782e+64 5.4204970990564816e-03 -4.2665221811464782e+64
61 5.9082031250000000e-02 -5.4491456724078686e+63 2.7963074035319184e-03 -5.4491456724078686e+63 -5.4491456718525988e+63 2.7963074035319184e-03 -5.4491456718525988e+63 -1.0898291344260467e+64 5.5926148070638369e-03 -1.0898291344260467e+64
62 6.0058593750000000e-02 -1.3919153491722639e+63 2.8835164488567990e-03 -1.3919153491722639e+63 -1.3919153490304255e+63 2.8835164488567990e-03 -1.3919153490304255e+63 -2.7838306982026894e+63 5.7670328977135980e-03 -2.7838306982026894e+63
63 6.1035156250000000e-02 -3.5554717303148096e+62 2.9718667779479605e-03 -3.5554717303148096e+62 -3.5554717299524993e+62 2.9718667779479605e-03 -3.5554717299524993e+62 -7.1109434602673093e+62 5.9437335558959210e-03 -7.1109434602673093e+62
64 6.2011718750000000e-02 -9.0820028908979865e+61 3.0613495030011552e-03 -9.0820028908979865e+61 -9.0820028899725271e+61 3.0613495030011552e-03 -9.0820028899725271e+61 -1.8164005780870514e+62 6.1226990060023103e-03 -1.8164005780870514e+62
65 6.2988281250000000e-02 -2.3198827825576928e+61 3.1519557559628133e-03 -2.3198827825576928e+61 -2.3198827823212915e+61 3.1519557559628133e-03 -2.3198827823212915e+61 -4.6397655648789842e+61 6.3039115119256266e-03 -4.6397655648789842e+61
66 6.3964843750000000e-02 -5.9258471831156683e+60 3.2436766885300394e-03 -5.9258471831156683e+60 -5.9258471825118197e+60 3.2436766885300394e-03 -5.9258471825118197e+60 -1.1851694365627488e+61 6.4873533770600789e-03 -1.1851694365627488e+61
67 6.4941406250000000e-02 -1.5136827214573558e+60 3.3365034721506157e-03 -1.5136827214573558e+60 -1.5136827213031112e+60 3.3365034721506157e-03 -1.5136827213031112e+60 -3.0273654427604668e+60 6.6730069443012314e-03 -3.0273654427604668e+60
68 6.5917968750000000e-02 -3.8665110834563725e+59 3.4304272980229989e-03 -3.8665110834563725e+59 -3.8665110830623723e+59 3.4304272980229989e-03 -3.8665110830623723e+59 -7.7330221665187452e+59 6.8608545960459977e-03 -7.7330221665187452e+59
69 6.6894531250000000e-02 -9.8765135827786897e+58 3.5254393770963234e-03 -9.8765135827786897e+58 -9.8765135817722638e+58 3.5254393770963234e-03 -9.8765135817722638e+58 -1.9753027164550954e+59 7.0508787541926467e-03 -1.9753027164550954e+59
70 6.7871093750000000e-02 -2.5228304909865554e+58 3.6215309400703987e-03 -2.5228304909865554e+58 -2.5228304907294741e+58 3.6215309400703987e-03 -2.5228304907294741e+58 -5.0456609817160301e+58 7.2430618801407973e-03 -5.0456609817160301e+58
71 6.8847656250000000e-02 -6.4442514384319880e+57 3.7186932373957106e-03 -6.4442514384319880e+57 -6.4442514377753008e+57 3.7186932373957106e-03 -6.4442514377753008e+57 -1.2888502876207289e+58 7.4373864747914213e-03 -1.2888502876207289e+58
72 6.9824218750000000e-02 -1.6461025324572265e+57 3.8169175392734219e-03 -1.6461025324572265e+57 -1.6461025322894856e+57 3.8169175392734219e-03 -1.6461025322894856e+57 -3.2922050647467125e+57 7.6338350785468438e-03 -3.2922050647467125e+57
73 7.0800781250000000e-02 -4.2047607441298179e+56 3.9161951356553697e-03 -4.2047607441298179e+56 -4.2047607437013431e+56 3.9161951356553697e-03 -4.2047607437013431e+56 -8.4095214878311601e+56 7.8323902713107393e-03 -8.4095214878311601e+56
74 7.1777343750000000e-02 -1.0740529564086886e+56 4.0165173362440680e-03 -1.0740529564086886e+56 -1.0740529562992405e+56 4.0165173362440680e-03 -1.0740529562992405e+56 -2.1481059127079288e+56 8.0330346724881360e-03 -2.1481059127079288e+56
75 7.2753906250000000e-02 -2.7435324465981763e+55 4.1178754704927082e-03 -2.7435324465981763e+55 -2.7435324463186041e+55 4.1178754704927082e-03 -2.7435324463186041e+55 -5.4870648929167799e+55 8.2357509409854163e-03 -5.4870648929167799e+55
76 7.3730468750000000e-02 -7.0080066728784958e+54 4.2202608876051560e-03 -7.0080066728784958e+54 -7.0080066721643806e+54 4.2202608876051560e-03 -7.0080066721643806e+54 -1.4016013345042875e+55 8.4405217752103120e-03 -1.4016013345042875e+55
77 7.4707031250000000e-02 -1.7901066775428816e+54 4.3236649565359542e-03 -1.7901066775428816e+54 -1.7901066773604671e+54 4.3236649565359542e-03 -1.7901066773604671e+54 -3.5802133549033488e+54 8.6473299130719085e-03 -3.5802133549033488e+54
78 7.5683593750000000e-02 -4.5726011212078265e+53 4.4280790659903214e-03 -4.5726011212078265e+53 -4.5726011207418761e+53 4.4280790659903214e-03 -4.5726011207418761e+53 -9.1452022419497026e+53 8.8561581319806428e-03 -9.1452022419497026e+53
79 7.6660156250000000e-02 -1.1680131288248441e+53 4.5334946244241529e-03 -1.1680131288248441e+53 -1.1680131287058227e+53 4.5334946244241529e-03 -1.1680131287058227e+53 -2.3360262575306668e+53 9.0669892488483058e-03 -2.3360262575306668e+53
80 7.7636718750000000e-02 -2.9835418243234875e+52 4.6399030600440183e-03 -2.9835418243234875e+52 -2.9835418240194611e+52 4.6399030600440183e-03 -2.9835418240194611e+52 -5.9670836483429486e+52 9.2798061200880366e-03 -5.9670836483429486e+52
81 7.8613281250000000e-02 -7.6210802753933786e+51 4.7472958208071648e-03 -7.6210802753933786e+51 -7.6210802746167772e+51 4.7472958208071648e-03 -7.6210802746167772e+51 -1.5242160550010156e+52 9.4945916416143295e-03 -1.5242160550010156e+52
82 7.9589843750000000e-02 -1.9467085760448404e+51 4.8556643744215163e-03 -1.9467085760448404e+51 -1.9467085758464671e+51 4.8556643744215163e-03 -1.9467085758464671e+51 -3.8934171518913075e+51 9.7113287488430327e-03 -3.8934171518913075e+51
83 8.0566406250000000e-02 -4.9726208662077377e+50 4.9650002083456712e-03 -4.9726208662077377e+50 -4.9726208657010152e+50 4.9650002083456712e-03 -4.9726208657010152e+50 -9.9452417319087520e+50 9.9300004166913425e-03 -9.9452417319087520e+50
84 8.1542968750000000e-02 -1.2701931138189525e+50 5.0752948297889053e-03 -1.2701931138189525e+50 -1.2701931136895194e+50 5.0752948297889053e-03 -1.2701931136895194e+50 -2.5403862275084719e+50 1.0150589659577811e-02 -2.5403862275084719e+50
85 8.2519531250000000e-02 -3.2445476737572085e+49 5.1865397657111694e-03 -3.2445476737572085e+49 -3.2445476734265879e+49 5.1865397657111694e-03 -3.2445476734265879e+49 -6.4890953471837964e+49 1.0373079531422339e-02 -6.4890953471837964e+49
86 8.3496093750000000e-02 -8.2877867095599815e+48 5.2987265628230912e-03 -8.2877867095599815e+48 -8.2877867087154440e+48 5.2987265628230912e-03 -8.2877867087154440e+48 -1.6575573418275425e+49 1.0597453125646182e-02 -1.6575573418275425e+49
87 8.4472656250000000e-02 -2.1170103031224228e+48 5.4118467875859744e-03 -2.1170103031224228e+48 -2.1170103029066972e+48 5.4118467875859744e-03 -2.1170103029066972e+48 -4.2340206060291200e+48 1.0823693575171949e-02 -4.2340206060291200e+48
88 8.5449218750000000e-02 -5.4076350907496259e+47 5.5258920262117985e-03 -5.4076350907496259e+47 -5.4076350901985813e+47 5.5258920262117985e-03 -5.4076350901985813e+47 -1.0815270180948208e+48 1.1051784052423597e-02 -1.0815270180948208e+48
89 8.6425781250000000e-02 -1.3813119960529398e+47 5.6408538846632189e-03 -1.3813119960529398e+47 -1.3813119959121819e+47 5.6408538846632189e-03 -1.3813119959121819e+47 -2.7626239919651218e+47 1.1281707769326438e-02 -2.7626239919651218e+47
90 8.7402343750000000e-02 -3.5283868057288975e+46 5.7567239886535679e-03 -3.5283868057288975e+46 -3.5283868053693502e+46 5.7567239886535679e-03 -3.5283868053693502e+46 -7.0567736110982477e+46 1.1513447977307136e-02 -7.0567736110982477e+46
91 8.8378906250000000e-02 -9.0128178763493735e+45 5.8734939836468537e-03 -9.0128178763493735e+45 -9.0128178754309479e+45 5.8734939836468537e-03 -9.0128178754309479e+45 -1.8025635751780321e+46 1.1746987967293707e-02 -1.8025635751780321e+46
92 8.9355468750000000e-02 -2.3022103455423755e+45 5.9911555348577603e-03 -2.3022103455423755e+45 -2.3022103453077771e+45 5.9911555348577603e-03 -2.3022103453077771e+45 -4.6044206908501527e+45 1.1982311069715521e-02 -4.6044206908501527e+45
93 9.0332031250000000e-02 -5.8807051777120467e+44 6.1097003272516477e-03 -5.8807051777120467e+44 -5.8807051771127902e+44 6.1097003272516477e-03 -5.8807051771127902e+44 -1.1761410354824837e+45 1.2219400654503295e-02 -1.1761410354824837e+45
94 9.1308593750000000e-02 -1.5021517670672236e+44 6.2291200655445519e-03 -1.5021517670672236e+44 -1.5021517669141542e+44 6.2291200655445519e-03 -1.5021517669141542e+44 -3.0043035339813777e+44 1.2458240131089104e-02 -3.0043035339813777e+44
95 9.2285156250000000e-02 -3.8370567187336621e+43 6.3494064742031855e-03 -3.8370567187336621e+43 -3.8370567183426607e+43 6.3494064742031855e-03 -3.8370567183426607e+43 -7.6741134370763223e+43 1.2698812948406371e-02 -7.6741134370763223e+43
96 9.3261718750000000e-02 -9.8012761330528531e+42 6.4705512974449373e-03 -9.8012761330528531e+42 -9.8012761320540757e+42 6.4705512974449373e-03 -9.8012761320540757e+42 -1.9602552265106929e+43 1.2941102594889875e-02 -1.9602552265106929e+43
97 9.4238281250000000e-02 -2.5036120359475866e+42 6.5925462992378718e-03 -2.5036120359475866e+42 -2.5036120356924595e+42 6.5925462992378718e-03 -2.5036120356924595e+42 -5.0072240716400461e+42 1.3185092598475744e-02 -5.0072240716400461e+42
98 9.5214843750000000e-02 -6.3951603255047420e+41 6.7153832633007303e-03 -6.3951603255047420e+41 -6.3951603248530625e+41 6.7153832633007303e-03 -6.3951603248530625e+41 -1.2790320650357804e+42 1.3430766526601461e-02 -1.2790320650357804e+42
99 9.6191406250000000e-02 -1.6335628284927340e+41 6.8390539931029275e-03 -1.6335628284927340e+41 -1.6335628283262716e+41 6.8390539931029275e-03 -1.6335628283262716e+41 -3.2671256568190056e+41 1.3678107986205855e-02 -3.2671256568190056e+41
100 9.7167968750000000e-02 -4.1727296561913245e+40 6.9635503118645583e-03 -4.1727296561913245e+40 -4.1727296557661202e+40 6.9635503118645583e-03 -4.1727296557661202e+40 -8.3454593119574447e+40 1.3927100623729117e-02 -8.3454593119574447e+40
101 9.8144531250000000e-02 -1.0658710200772691e+40 7.0888640625563918e-03 -1.0658710200772691e+40 -1.0658710199686536e+40 7.0888640625563918e-03 -1.0658710199686536e+40 -2.1317420400459227e+40 1.4177728125112784e-02 -2.1317420400459227e+40
102 9.9121093750000000e-02 -2.7226327249714990e+39 7.2149871078998722e-03 -2.7226327249714990e+39 -2.7226327246940584e+39 7.2149871078998722e-03 -2.7226327246940584e+39 -5.4452654496655581e+39 1.4429974215799744e-02 -5.4452654496655581e+39
103 1.0009765625000000e-01 -6.9546209770750189e+38 7.3419113303671204e-03 -6.9546209770750189e+38 -6.9546209763663376e+38 7.3419113303671204e-03 -6.9546209763663376e+38 -1.3909241953441356e+39 1.4683822660734241e-02 -1.3909241953441356e+39
104 1.0107421875000000e-01 -1.7764699766942772e+38 7.4696286321809342e-03 -1.7764699766942772e+38 -1.7764699765132515e+38 7.4696286321809342e-03 -1.7764699765132515e+38 -3.5529399532075283e+38 1.4939257264361868e-02 -3.5529399532075283e+38
105 1.0205078125000000e-01 -4.5377678934610369e+37 7.5981309353147881e-03 -4.5377678934610369e+37 -4.5377678929986284e+37 7.5981309353147881e-03 -4.5377678929986284e+37 -9.0755357864596653e+37 1.5196261870629576e-02 -9.0755357864596653e+37
106 1.0302734375000000e-01 -1.1591154213167712e+37 7.7274101814928300e-03 -1.1591154213167712e+37 -1.1591154211986545e+37 7.7274101814928300e-03 -1.1591154211986545e+37 -2.3182308425154257e+37 1.5454820362985660e-02 -2.3182308425154257e+37
107 1.0400390625000000e-01 -2.9608137557463483e+36 7.8574583321898862e-03 -2.9608137557463483e+36 -2.9608137554446345e+36 7.8574583321898862e-03 -2.9608137554446345e+36 -5.9216275111909834e+36 1.5714916664379772e-02 -5.9216275111909834e+36
108 1.0498046875000000e-01 -7.5630242985275936e+35 7.9882673686314590e-03 -7.5630242985275936e+35 -7.5630242977569137e+35 7.9882673686314590e-03 -7.5630242977569137e+35 -1.5126048596284509e+36 1.5976534737262918e-02 -1.5126048596284509e+36
109 1.0595703125000000e-01 -1.9318789109617680e+35 8.1198292917937266e-03 -1.9318789109617680e+35 -1.9318789107649084e+35 8.1198292917937266e-03 -1.9318789107649084e+35 -3.8637578217266767e+35 1.6239658583587453e-02 -3.8637578217266767e+35
110 1.0693359375000000e-01 -4.9347403621927052e+34 8.2521361224035406e-03 -4.9347403621927052e+34 -4.9347403616898479e+34 8.2521361224035406e-03 -4.9347403616898479e+34 -9.8694807238825522e+34 1.6504272244807081e-02 -9.8694807238825522e+34
111 1.0791015625000000e-01 -1.2605170181256613e+34 8.3851799009384328e-03 -1.2605170181256613e+34 -1.2605170179972130e+34 8.3851799009384328e-03 -1.2605170179972130e+34 -2.5210340361228743e+34 1.6770359801876866e-02 -2.5210340361228743e+34
112 1.0888671875000000e-01 -3.2198313110001085e+33 8.5189526876266099e-03 -3.2198313110001085e+33 -3.2198313106720038e+33 8.5189526876266099e-03 -3.2198313106720038e+33 -6.4396626216721117e+33 1.7037905375253220e-02 -6.4396626216721117e+33
113 1.0986328125000000e-01 -8.2246518866619313e+32 8.6534465624469523e-03 -8.2246518866619313e+32 -8.2246518858238266e+32 8.6534465624469523e-03 -8.2246518858238266e+32 -1.6449303772485758e+33 1.7306893124893905e-02 -1.6449303772485758e+33
114 1.1083984375000000e-01 -2.1008833110502459e+32 8.7886536251290202e-03 -2.1008833110502459e+32 -2.1008833108361614e+32 8.7886536251290202e-03 -2.1008833108361614e+32 -4.2017666218864073e+32 1.7577307250258040e-02 -4.2017666218864073e+32
115 1.1181640625000000e-01 -5.3664407290079218e+31 8.9245659951530474e-03 -5.3664407290079218e+31 -5.3664407284610740e+31 8.9245659951530474e-03 -5.3664407284610740e+31 -1.0732881457468997e+32 1.7849131990306095e-02 -1.0732881457468997e+32
116 1.1279296875000000e-01 -1.3707894173122080e+31 9.0611758117499445e-03 -1.3707894173122080e+31 -1.3707894171725210e+31 9.0611758117499445e-03 -1.3707894171725210e+31 -2.7415788344847288e+31 1.8122351623499889e-02 -2.7415788344847288e+31
117 1.1376953125000000e-01 -3.5015082090779333e+30 9.1984752339012970e-03 -3.5015082090779333e+30 -3.5015082087211249e+30 9.1984752339012970e-03 -3.5015082087211249e+30 -7.0030164177990588e+30 1.8396950467802594e-02 -7.0030164177990588e+30
118 1.1474609375000000e-01 -8.9441599004172401e+29 9.3364564403393691e-03 -8.9441599004172401e+29 -8.9441598995058114e+29 9.3364564403393691e-03 -8.9441598995058114e+29 -1.7888319799923050e+30 1.8672912880678738e-02 -1.7888319799923050e+30
119 1.1572265625000000e-01 -2.2846725338764216e+29 9.4751116295470998e-03 -2.2846725338764216e+29 -2.2846725336436097e+29 9.4751116295470998e-03 -2.2846725336436097e+29 -4.5693450675200317e+29 1.8950223259094200e-02 -4.5693450675200317e+29
120 1.1669921875000000e-01 -5.8359070557379068e+28 9.6144330197581052e-03 -5.8359070557379068e+28 -5.8359070551432275e+28 9.6144330197581052e-03 -5.8359070551432275e+28 -1.1671814110881134e+29 1.9228866039516210e-02 -1.1671814110881134e+29
121 1.1767578125000000e-01 -1.4907086533502185e+28 9.7544128489566728e-03 -1.4907086533502185e+28 -1.4907086531983115e+28 9.7544128489566728e-03 -1.4907086531983115e+28 -2.9814173065485302e+28 1.9508825697913346e-02 -2.9814173065485302e+28
122 1.1865234375000000e-01 -3.8078267319016389e+27 9.8950433748777721e-03 -3.8078267319016389e+27 -3.8078267315136223e+27 9.8950433748777721e-03 -3.8078267315136223e+27 -7.6156534634152612e+27 1.9790086749755544e-02 -7.6156534634152612e+27
123 1.1962890625000000e-01 -9.7266118282727255e+26 1.0036316875007048e-02 -9.7266118282727255e+26 -9.7266118272815639e+26 1.0036316875007048e-02 -9.7266118272815639e+26 -1.9453223655554288e+27 2.0072633750014095e-02 -1.9453223655554288e+27
124 1.2060546875000000e-01 -2.4845399835366933e+26 1.0178225646580816e-02 -2.4845399835366933e+26 -2.4845399832835184e+26 1.0178225646580816e-02 -2.4845399832835184e+26 -4.9690799668202117e+26 2.0356451293161631e-02 -4.9690799668202117e+26
125 1.2158203125000000e-01 -6.3464431795760516e+25 1.0320762006586074e-02 -6.3464431795760516e+25 -6.3464431789293377e+25 1.0320762006586074e-02 -6.3464431789293377e+25 -1.2692886358505389e+26 2.0641524013172149e-02 -1.2692886358505389e+26
126 1.2255859375000000e-01 -1.6211186496686362e+25 1.0463918291760493e-02 -1.6211186496686362e+25 -1.6211186495034417e+25 1.0463918291760493e-02 -1.6211186495034417e+25 -3.2422372991720781e+25 2.0927836583520987e-02 -3.2422372991720781e+25
127 1.2353515625000000e-01 -4.1409425751433539e+24 1.0607686858592423e-02 -4.1409425751433539e+24 -4.1409425747213863e+24 1.0607686858592423e-02 -4.1409425747213863e+24 -8.2818851498647402e+24 2.1215373717184845e-02 -8.2818851498647402e+24
128 1.2451171875000000e-01 -1.0577514122201887e+24 1.0752060083320886e-02 -1.0577514122201887e+24 -1.0577514121124037e+24 1.0752060083320886e-02 -1.0577514121124037e+24 -2.1155028243325926e+24 2.1504120166641771e-02 -2.1155028243325926e+24
129 1.2548828125000000e-01 -2.7018922135501289e+23 1.0897030361935579e-02 -2.7018922135501289e+23 -2.7018922132748020e+23 1.0897030361935579e-02 -2.7018922132748020e+23 -5.4037844268249309e+23 2.1794060723871158e-02 -5.4037844268249309e+23
130 1.2646484375000000e-01 -6.9016419636064125e+22 1.1042590110176883e-02 -6.9016419636064125e+22 -6.9016419629031401e+22 1.1042590110176883e-02 -6.9016419629031401e+22 -1.3803283926509553e+23 2.2085180220353766e-02 -1.3803283926509553e+23
131 1.2744140625000000e-01 -1.7629371577049889e+22 1.1188731763535848e-02 -1.7629371577049889e+22 -1.7629371575253422e+22 1.1188731763535848e-02 -1.7629371575253422e+22 -3.5258743152303311e+22 2.2377463527071696e-02 -3.5258743152303311e+22
132 1.2841796875000000e-01 -4.5032000187864061e+21 1.1335447777254200e-02 -4.5032000187864061e+21 -4.5032000183275199e+21 1.1335447777254200e-02 -4.5032000183275199e+21 -9.0064000371139260e+21 2.2670895554508401e-02 -9.0064000371139260e+21
133 1.2939453125000000e-01 -1.1502854948951809e+21 1.1482730626324348e-02 -1.1502854948951809e+21 -1.1502854947779658e+21 1.1482730626324348e-02 -1.1502854947779658e+21 -2.3005709896731467e+21 2.2965461252648697e-02 -2.3005709896731467e+21
134 1.3037109375000000e-01 -2.9382588253826620e+20 1.1630572805489370e-02 -2.9382588253826620e+20 -2.9382588250832493e+20 1.1630572805489370e-02 -2.9382588250832493e+20 -5.8765176504659109e+20 2.3261145610978740e-02 -5.8765176504659109e+20
135 1.3134765625000000e-01 -7.5054105813320794e+19 1.1778966829243022e-02 -7.5054105813320794e+19 -7.5054105805672710e+19 1.1778966829243022e-02 -7.5054105805672710e+19 -1.5010821161899350e+20 2.3557933658486043e-02 -1.5010821161899350e+20
136 1.3232421875000000e-01 -1.9171622155184148e+19 1.1927905231829737e-02 -1.9171622155184148e+19 -1.9171622153230500e+19 1.1927905231829737e-02 -1.9171622153230500e+19 -3.8343244308414644e+19 2.3855810463659474e-02 -3.8343244308414644e+19
137 1.3330078125000000e-01 -4.8971484248355850e+18 1.2077380567244625e-02 -4.8971484248355850e+18 -4.8971484243365560e+18 1.2077380567244625e-02 -4.8971484243365560e+18 -9.7942968491721400e+18 2.4154761134489250e-02 -9.7942968491721400e+18
138 1.3427734375000000e-01 -1.2509146331357629e+18 1.2227385409233469e-02 -1.2509146331357629e+18 -1.2509146330082944e+18 1.2227385409233469e-02 -1.2509146330082944e+18 -2.5018292661440573e+18 2.4454770818466937e-02 -2.5018292661440573e+18
139 1.3525390625000000e-01 -3.1953032329129741e+17 1.2377912351292732e-02 -3.1953032329129741e+17 -3.1953032325873658e+17 1.2377912351292732e-02 -3.1953032325873658e+17 -6.3906064655003392e+17 2.4755824702585465e-02 -6.3906064655003392e+17
140 1.3623046875000000e-01 -8.1619980131417872e+16 1.2528954006669549e-02 -8.1619980131417872e+16 -8.1619980123100688e+16 1.2528954006669549e-02 -8.1619980123100688e+16 -1.6323996025451856e+17 2.5057908013339097e-02 -1.6323996025451856e+17
141 1.3720703125000000e-01 -2.0848791714143056e+16 1.2680503008361734e-02 -2.0848791714143056e+16 -2.0848791712018552e+16 1.2680503008361734e-02 -2.0848791712018552e+16 -4.1697583426161608e+16 2.5361006016723468e-02 -4.1697583426161608e+16
142 1.3818359375000000e-01 -5.3255601782779940e+15 1.2832552009117777e-02 -5.3255601782779940e+15 -5.3255601777353080e+15 1.2832552009117777e-02 -5.3255601777353080e+15 -1.0651120356013302e+16 2.5665104018235553e-02 -1.0651120356013302e+16
143 1.3916015625000000e-01 -1.3603469976258100e+15 1.2985093681436842e-02 -1.3603469976258100e+15 -1.3603469974871875e+15 1.2985093681436842e-02 -1.3603469974871875e+15 -2.7206939951129975e+15 2.5970187362873685e-02 -2.7206939951129975e+15
144 1.4013671875000000e-01 -3.4748343685939206e+14 1.3138120717568771e-02 -3.4748343685939206e+14 -3.4748343682398281e+14 1.3138120717568771e-02 -3.4748343682398281e+14 -6.9496687368337488e+14 2.6276241435137543e-02 -6.9496687368337488e+14
145 1.4111328125000000e-01 -8.8760249482190062e+13 1.3291625829514084e-02 -8.8760249482190078e+13 -8.8760249473145312e+13 1.3291625829514084e-02 -8.8760249473145328e+13 -1.7752049895533538e+14 2.6583251659028168e-02 -1.7752049895533541e+14
146 1.4208984375000000e-01 -2.2672683220088516e+13 1.3445601749023971e-02 -2.2672683220088527e+13 -2.2672683217778125e+13 1.3445601749023971e-02 -2.2672683217778137e+13 -4.5345366437866641e+13 2.6891203498047942e-02 -4.5345366437866664e+13
147 1.4306640625000000e-01 -5.7914501975529971e+12 1.3600041227600303e-02 -5.7914501975530107e+12 -5.7914501969628379e+12 1.3600041227600303e-02 -5.7914501969628516e+12 -1.1582900394515836e+13 2.7200082455200607e-02 -1.1582900394515863e+13
148 1.4404296875000000e-01 -1.4793527111523635e+12 1.3754937036495628e-02 -1.4793527111523772e+12 -1.4793527110016157e+12 1.3754937036495628e-02 -1.4793527110016294e+12 -2.9587054221539795e+12 2.7509874072991256e-02 -2.9587054221540068e+12
149 1.4501953125000000e-01 -3.7788194136911206e+11 1.3910281966713166e-02 -3.7788194136912598e+11 -3.7788194133060461e+11 1.3910281966713166e-02 -3.7788194133061853e+11 -7.5576388269971667e+11 2.7820563933426332e-02 -7.5576388269974451e+11
150 1.4599609375000000e-01 -9.6525163023263519e+10 1.4066068829006816e-02 -9.6525163023277588e+10 -9.6525163013427536e+10 1.4066068829006816e-02 -9.6525163013441605e+10 -1.9305032603669104e+11 2.8132137658013631e-02 -1.9305032603671918e+11
151 1.4697265625000000e-01 -2.4656132184858055e+10 1.4222290453881150e-02 -2.4656132184872276e+10 -2.4656132182345558e+10 1.4222290453881150e-02 -2.4656132182359779e+10 -4.9312264367203613e+10 2.8444580907762300e-02 -4.9312264367232056e+10
152 1.4794921875000000e-01 -6.2980971518346949e+09 1.4378939691591420e-02 -6.2980971518490734e+09 -6.2980971511929092e+09 1.4378939691591420e-02 -6.2980971512072878e+09 -1.2596194303027603e+10 2.8757879383182840e-02 -1.2596194303056360e+10
153 1.4892578125000000e-01 -1.6087692682921619e+09 1.4536009412143553e-02 -1.6087692683066978e+09 -1.6087692681282256e+09 1.4536009412143553e-02 -1.6087692681427615e+09 -3.2175385364203873e+09 2.9072018824287105e-02 -3.2175385364494591e+09
154 1.4990234375000000e-01 -4.1093976421870679e+08 1.4693492505294151e-02 -4.1093976423340029e+08 -4.1093976417683148e+08 1.4693492505294151e-02 -4.1093976419152498e+08 -8.2187952839553833e+08 2.9386985010588302e-02 -8.2187952842492533e+08
155 1.5087890625000000e-01 -1.0496936580311285e+08 1.4851381880550494e-02 -1.0496936581796423e+08 -1.0496936579241626e+08 1.4851381880550494e-02 -1.0496936580726764e+08 -2.0993873159552911e+08 2.9702763761100988e-02 -2.0993873162523186e+08
156 1.5185546875000000e-01 -2.6813096995046560e+07 1.5009670467170534e-02 -2.6813097010056231e+07 -2.6813096992314257e+07 1.5009670467170534e-02 -2.6813097007323928e+07 -5.3626193987360820e+07 3.0019340934341068e-02 -5.3626194017380163e+07
157 1.5283203125000000e-01 -6.8490665344857536e+06 1.5168351214162903e-02 -6.8490665496541047e+06 -6.8490665337878242e+06 1.5168351214162903e-02 -6.8490665489561753e+06 -1.3698133068273578e+07 3.0336702428325805e-02 -1.3698133098610280e+07
158 1.5380859375000000e-01 -1.7495074292653196e+06 1.5327417090286908e-02 -1.7495074445927367e+06 -1.7495074290870416e+06 1.5327417090286908e-02 -1.7495074444144587e+06 -3.4990148583523612e+06 3.0654834180573815e-02 -3.4990148890071954e+06
159 1.5478515625000000e-01 -4.4688954761969560e+05 1.5486861084052533e-02 -4.4688956310655666e+05 -4.4688954757415666e+05 1.5486861084052533e-02 -4.4688956306101772e+05 -8.9377909519385220e+05 3.0973722168105067e-02 -8.9377912616757432e+05
160 1.5576171875000000e-01 -1.1415228336328505e+05 1.5646676203720435e-02 -1.1415229900996125e+05 -1.1415228335165283e+05 1.5646676203720435e-02 -1.1415229899832903e+05 -2.2830456671493789e+05 3.1293352407440869e-02 -2.2830459800829028e+05
161 1.5673828125000000e-01 -2.9158757183928490e+04 1.5806855477301953e-02 -2.9158772990783968e+04 -2.9158757180957164e+04 1.5806855477301953e-02 -2.9158772987812641e+04 -5.8317514364885654e+04 3.1613710954603906e-02 -5.8317545978596609e+04
162 1.5771484375000000e-01 -7.4482357950083351e+03 1.5967391952559095e-02 -7.4482517624002876e+03 -7.4482357942493418e+03 1.5967391952559095e-02 -7.4482517616412943e+03 -1.4896471589257677e+04 3.1934783905118190e-02 -1.4896503524041582e+04
163 1.5869140625000000e-01 -1.9025576686901479e+03 1.6128278697004547e-02 -1.9025737969688448e+03 -1.9025576684962743e+03 1.6128278697004547e-02 -1.9025737967749712e+03 -3.8051153371864220e+03 3.2256557394009094e-02 -3.8051475937438158e+03
164 1.5966796875000000e-01 -4.8598432445166696e+02 1.6289508797901680e-02 -4.8600061396046488e+02 -4.8598432440214401e+02 1.6289508797901680e-02 -4.8600061391094192e+02 -9.7196864885381092e+02 3.2579017595803360e-02 -9.7200122787140674e+02
165 1.6064453125000000e-01 -1.2413857790400222e+02 1.6451075362264523e-02 -1.2415502897936449e+02 -1.2413857789135243e+02 1.6451075362264523e-02 -1.2415502896671470e+02 -2.4827715579535464e+02 3.2902150724529046e-02 -2.4831005794607918e+02
166 1.6162109375000000e-01 -3.1709657532216365e+01 1.6612971516857800e-02 -3.1726270503733222e+01 -3.1709657528985105e+01 1.6612971516857800e-02 -3.1726270500501961e+01 -6.3419315061201473e+01 3.3225943033715601e-02 -6.3452541004235187e+01
167 1.6259765625000000e-01 -8.0998582177107252e+00 1.6775190408196902e-02 -8.1166334081189220e+00 -8.0998582168853357e+00 1.6775190408196902e-02 -8.1166334072935324e+00 -1.6199716434596063e+01 3.3550380816393804e-02 -1.6233266815412456e+01
168 1.6357421875000000e-01 -2.0690330550467229e+00 1.6937725202547896e-02 -2.0859707802492706e+00 -2.0690330548358880e+00 1.6937725202547896e-02 -2.0859707800384357e+00 -4.1380661098826108e+00 3.3875450405095792e-02 -4.1719415602877064e+00
169 1.6455078125000000e-01 -5.2853452784930399e-01 1.7100569085927522e-02 -5.4563509693523149e-01 -5.2853452779544896e-01 1.7100569085927522e-02 -5.4563509688137646e-01 -1.0570690556447531e+00 3.4201138171855043e-02 -1.0912701938166081e+00
170 1.6552734375000000e-01 -1.3503315417729139e-01 1.7263715264103207e-02 -1.5229686944139459e-01 -1.3503315416353490e-01 1.7263715264103207e-02 -1.5229686942763809e-01 -2.7006630834082629e-01 3.4527430528206414e-02 -3.0459373886903268e-01
171 1.6650390625000000e-01 -3.4517699421268921e-02 1.7427156962593043e-02 -5.1944856383861968e-02 -3.4517699417754996e-02 1.7427156962593043e-02 -5.1944856380348042e-02 -6.9035398839023918e-02 3.4854313925186085e-02 -1.0388971276421000e-01
172 1.6748046875000000e-01 -8.8417939873698878e-03 1.7590887426665803e-02 -2.6432681414035691e-02 -8.8417939864723020e-03 1.7590887426665803e-02 -2.6432681413138107e-02 -1.7683587973842188e-02 3.5181774853331606e-02 -5.2865362827173794e-02
173 1.6845703125000000e-01 -2.2827065588473393e-03 1.7754899921340935e-02 -2.0037606480188274e-02 -2.2827065586180613e-03 1.7754899921340935e-02 -2.0037606479958996e-02 -4.5654131174654011e-03 3.5509799842681870e-02 -4.0075212960147273e-02
174 1.6943359375000000e-01 -6.0677011964177226e-04 1.7919187731388564e-02 -1.8525957851030336e-02 -6.0677011958320723e-04 1.7919187731388564e-02 -1.8525957850971771e-02 -1.2135402392249796e-03 3.5838375462777128e-02 -3.7051915702002107e-02
175 1.7041015625000000e-01 -1.7817443615323573e-04 1.8083744161329494e-02 -1.8261918597482728e-02 -1.7817443613827672e-04 1.8083744161329494e-02 -1.8261918597467772e-02 -3.5634887229151244e-04 3.6167488322658987e-02 -3.6523837194950497e-02
176 1.7138671875000000e-01 -6.8197763633394567e-05 1.8248562535435196e-02 -1.8316760299068591e-02 -6.8197763629573933e-05 1.8248562535435196e-02 -1.8316760299064771e-02 -1.3639552726296851e-04 3.6497125070870391e-02 -3.6633520598133358e-02
177 1.7236328125000000e-01 -3.9609876508369987e-05 1.8413636197727828e-02 -1.8453246074236197e-02 -3.9609876507395052e-05 1.8413636197727828e-02 -1.8453246074235222e-02 -7.9219753015765033e-05 3.6827272395455656e-02 -3.6906492148471422e-02
178 1.7333984375000000e-01 -3.1813312804485454e-05 1.8578958511980218e-02 -1.8610771824784704e-02 -3.1813312804237280e-05 1.8578958511980218e-02 -1.8610771824784454e-02 -6.3626625608722735e-05 3.7157917023960436e-02 -3.7221543649569158e-02
179 1.7431640625000000e-01 -2.9329216219201333e-05 1.8744522861715868e-02 -1.8773852077935069e-02 -2.9329216219138510e-05 1.8744522861715868e-02 -1.8773852077935006e-02 -5.8658432438339843e-05 3.7489045723431737e-02 -3.7547704155870075e-02
180 1.7529296875000000e-01 -2.8203707677329051e-05 1.8910322650208963e-02 -1.8938526357886291e-02 -2.8203707677313862e-05 1.8910322650208963e-02 -1.8938526357886277e-02 -5.6407415354642909e-05 3.7820645300417927e-02 -3.7877052715772568e-02
181 1.7626953125000000e-01 -2.7426817788266807e-05 1.9076351300484358e-02 -1.9103778118272626e-02 -2.7426817788263961e-05 1.9076351300484358e-02 -1.9103778118272623e-02 -5.4853635576530768e-05 3.8152702600968716e-02 -3.8207556236545245e-02
182 1.7724609375000000e-01 -2.6740561663023157e-05 1.9242602255317584e-02 -1.9269342816980606e-02 -2.6740561663023191e-05 1.9242602255317584e-02 -1.9269342816980606e-02 -5.3481123326046348e-05 3.8485204510635168e-02 -3.8538685633961213e-02
183 1.7822265625000000e-01 -2.6079039346497240e-05 1.9409068977234857e-02 -1.9435148016581354e-02 -2.6079039346497749e-05 1.9409068977234857e-02 -1.9435148016581354e-02 -5.2158078692994989e-05 3.8818137954469714e-02 -3.8870296033162707e-02
184 1.7919921875000000e-01 -2.5425416553697868e-05 1.9575744948513062e-02 -1.9601170365066759e-02 -2.5425416553698817e-05 1.9575744948513062e-02 -1.9601170365066763e-02 -5.0850833107396684e-05 3.9151489897026125e-02 -3.9202340730133518e-02
185 1.8017578125000000e-01 -2.4775392207509538e-05 1.9742623671179755e-02 -1.9767399063387266e-02 -2.4775392207510456e-05 1.9742623671179755e-02 -1.9767399063387266e-02 -4.9550784415019997e-05 3.9485247342359510e-02 -3.9534798126774531e-02
186 1.8115234375000000e-01 -2.4127866683224141e-05 1.9909698667013177e-02 -1.9933826533696401e-02 -2.4127866683225459e-05 1.9909698667013177e-02 -1.9933826533696401e-02 -4.8255733366449604e-05 3.9819397334026355e-02 -3.9867653067392803e-02
187 1.8212890625000000e-01 -2.3482558129620814e-05 2.0076963477542242e-02 -2.0100446035671862e-02 -2.3482558129621899e-05 2.0076963477542242e-02 -2.0100446035671862e-02 -4.6965116259242713e-05 4.0153926955084483e-02 -4.0200892071343725e-02
188 1.8310546875000000e-01 -2.2839393588331366e-05 2.0244411664046540e-02 -2.0267251057634873e-02 -2.2839393588332464e-05 2.0244411664046540e-02 -2.0267251057634873e-02 -4.5678787176663830e-05 4.0488823328093081e-02 -4.0534502115269745e-02
189 1.8408203125000000e-01 -2.2198353462982211e-05 2.0412036807556339e-02 -2.0434235161019321e-02 -2.2198353462983214e-05 2.0412036807556339e-02 -2.0434235161019321e-02 -4.4396706925965425e-05 4.0824073615112678e-02 -4.0868470322038643e-02
190 1.8505859375000000e-01 -2.1559431790803668e-05 2.0579832508852577e-02 -2.0601391940643383e-02 -2.1559431790804820e-05 2.0579832508852577e-02 -2.0601391940643383e-02 -4.3118863581608489e-05 4.1159665017705155e-02 -4.1202783881286766e-02
191 1.8603515625000000e-01 -2.0922626094514955e-05 2.0747792388466878e-02 -2.0768715014561394e-02 -2.0922626094516063e-05 2.0747792388466878e-02 -2.0768715014561394e-02 -4.1845252189031014e-05 4.1495584776933755e-02 -4.1537430029122788e-02
192 1.8701171875000000e-01 -2.0287934790116540e-05 2.0915910086681533e-02 -2.0936198021471650e-02 -2.0287934790117726e-05 2.0915910086681533e-02 -2.0936198021471650e-02 -4.0575869580234266e-05 4.1831820173363066e-02 -4.1872396042943301e-02
193 1.8798828125000000e-01 -1.9655356524743600e-05 2.1084179263529509e-02 -2.1103834620054253e-02 -1.9655356524744813e-05 2.1084179263529509e-02 -2.1103834620054253e-02 -3.9310713049488413e-05 4.2168358527059017e-02 -4.2207669240108506e-02
194 1.8896484375000000e-01 -1.9024890007528890e-05 2.1252593598794462e-02 -2.1271618488801991e-02 -1.9024890007530161e-05 2.1252593598794462e-02 -2.1271618488801991e-02 -3.8049780015059055e-05 4.2505187197588924e-02 -4.2543236977603982e-02
195 1.8994140625000000e-01 -1.8396533966398890e-05 2.1421146792010706e-02 -2.1439543325977105e-02 -1.8396533966399933e-05 2.1421146792010706e-02 -2.1439543325977105e-02 -3.6793067932798823e-05 4.2842293584021411e-02 -4.2879086651954210e-02
196 1.9091796875000000e-01 -1.7770287137037909e-05 2.1589832562463242e-02 -2.1607602849600279e-02 -1.7770287137039271e-05 2.1589832562463242e-02 -2.1607602849600283e-02 -3.5540574274077180e-05 4.3179665124926485e-02 -4.3215205699200565e-02
197 1.9189453125000000e-01 -1.7146148260069184e-05 2.1758644649187749e-02 -2.1775790797447819e-02 -1.7146148260070207e-05 2.1758644649187749e-02 -2.1775790797447819e-02 -3.4292296520139392e-05 4.3517289298375499e-02 -4.3551581594895639e-02
198 1.9287109375000000e-01 -1.6524116080334675e-05 2.1927576810970576e-02 -2.1944100927050909e-02 -1.6524116080335797e-05 2.1927576810970576e-02 -2.1944100927050913e-02 -3.3048232160670475e-05 4.3855153621941152e-02 -4.3888201854101826e-02
199 1.9384765625000000e-01 -1.5904189346711181e-05 2.2096622826348750e-02 -2.2112527015695462e-02 -1.5904189346712130e-05 2.2096622826348750e-02 -2.2112527015695462e-02 -3.1808378693423311e-05 4.4193245652697499e-02 -4.4225054031390924e-02
200 1.9482421875000000e-01 -1.5286366812063433e-05 2.2265776493609973e-02 -2.2281062860422036e-02 -1.5286366812064436e-05 2.2265776493609973e-02 -2.2281062860422036e-02 -3.0572733624127868e-05 4.4531552987219947e-02 -4.4562125720844073e-02
201 1.9580078125000000e-01 -1.4670647233231982e-05 2.2435031630792624e-02 -2.2449702278025858e-02 -1.4670647233232875e-05 2.2435031630792624e-02 -2.2449702278025858e-02 -2.9341294466464859e-05 4.4870063261585248e-02 -4.4899404556051715e-02
202 1.9677734375000000e-01 -1.4057029371030191e-05 2.2604382075685762e-02 -2.2618439105056794e-02 -1.4057029371031338e-05 2.2604382075685762e-02 -2.2618439105056794e-02 -2.8114058742061531e-05 4.5208764151371525e-02 -4.5236878210113587e-02
203 1.9775390625000000e-01 -1.3445511990243439e-05 2.2773821685829119e-02 -2.2787267197819362e-02 -1.3445511990244564e-05 2.2773821685829119e-02 -2.2787267197819365e-02 -2.6891023980488003e-05 4.5547643371658238e-02 -4.5574534395638723e-02
204 1.9873046875000000e-01 -1.2836093859628962e-05 2.2943344338513097e-02 -2.2956180432372728e-02 -1.2836093859629960e-05 2.2943344338513097e-02 -2.2956180432372728e-02 -2.5672187719258921e-05 4.5886688677026194e-02 -4.5912360864745455e-02
205 1.9970703125000000e-01 -1.2228773751915728e-05 2.3112943930778784e-02 -2.3125172704530701e-02 -1.2228773751916756e-05 2.3112943930778784e-02 -2.3125172704530701e-02 -2.4457547503832486e-05 4.6225887861557569e-02 -4.6250345409061401e-02
206 2.0068359375000000e-01 -1.1623550443804449e-05 2.3282614379417938e-02 -2.3294237929861742e-02 -1.1623550443805540e-05 2.3282614379417938e-02 -2.3294237929861742e-02 -2.3247100887609989e-05 4.6565228758835876e-02 -4.6588475859723484e-02
207 2.0166015625000000e-01 -1.1020422715967640e-05 2.3452349620973000e-02 -2.3463370043688966e-02 -1.1020422715968646e-05 2.3452349620973000e-02 -2.3463370043688970e-02 -2.2040845431936287e-05 4.6904699241945999e-02 -4.6926740087377933e-02
208 2.0263671875000000e-01 -1.0419389353049506e-05 2.3622143611737072e-02 -2.3632563001090123e-02 -1.0419389353050658e-05 2.3622143611737072e-02 -2.3632563001090123e-02 -2.0838778706100164e-05 4.7244287223474145e-02 -4.7265126002180247e-02
209 2.0361328125000000e-01 -9.8204491436660501e-06 2.3791990327753955e-02 -2.3801810776897622e-02 -9.8204491436671885e-06 2.3791990327753955e-02 -2.3801810776897622e-02 -1.9640898287333239e-05 4.7583980655507910e-02 -4.7603621553795245e-02
210 2.0458984375000000e-01 -9.2236008804050112e-06 2.3961883764818104e-02 -2.3971107365698508e-02 -9.2236008804060463e-06 2.3961883764818104e-02 -2.3971107365698512e-02 -1.8447201760811056e-05 4.7923767529636209e-02 -4.7942214731397023e-02
211 2.0556640625000000e-01 -8.6288433598258662e-06 2.4131817938474662e-02 -2.4140446781834489e-02 -8.6288433598268385e-06 2.4131817938474662e-02 -2.4140446781834489e-02 -1.7257686719652705e-05 4.8263635876949325e-02 -4.8280893563668978e-02
212 2.0654296875000000e-01 -8.0361753824598458e-06 2.4301786884019447e-02 -2.4309823059401908e-02 -8.0361753824608216e-06 2.4301786884019447e-02 -2.4309823059401908e-02 -1.6072350764920667e-05 4.8603573768038894e-02 -4.8619646118803816e-02
213 2.0751953125000000e-01 -7.4455957528099449e-06 2.4471784656498952e-02 -2.4479230252251762e-02 -7.4455957528110444e-06 2.4471784656498952e-02 -2.4479230252251762e-02 -1.4891191505620989e-05 4.8943569312997905e-02 -4.8958460504503525e-02
214 2.0849609375000000e-01 -6.8571032793509009e-06 2.4641805330710344e-02 -2.4648662433989693e-02 -6.8571032793519588e-06 2.4641805330710344e-02 -2.4648662433989697e-02 -1.3714206558702859e-05 4.9283610661420688e-02 -4.9297324867979393e-02
215 2.0947265625000000e-01 -6.2706967745292129e-06 2.4811843001201466e-02 -2.4818113697975996e-02 -6.2706967745303404e-06 2.4811843001201466e-02 -2.4818113697975996e-02 -1.2541393549059552e-05 4.9623686002402932e-02 -4.9636227395951991e-02
216 2.1044921875000000e-01 -5.6863750547631189e-06 2.4981891782270844e-02 -2.4987578157325607e-02 -5.6863750547641616e-06 2.4981891782270844e-02 -2.4987578157325607e-02 -1.1372750109527280e-05 4.9963783564541689e-02 -4.9975156314651215e-02
217 2.1142578125000000e-01 -5.1041369404426100e-06 2.5151945807967670e-02 -2.5157049944908114e-02 -5.1041369404436281e-06 2.5151945807967670e-02 -2.5157049944908114e-02 -1.0208273880886238e-05 5.0303891615935341e-02 -5.0314099889816229e-02
218 2.1240234375000000e-01 -4.5239812559294303e-06 2.5321999232091823e-02 -2.5326523213347753e-02 -4.5239812559304747e-06 2.5321999232091823e-02 -2.5326523213347753e-02 -9.0479625118599041e-06 5.0643998464183645e-02 -5.0653046426695505e-02
219 2.1337890625000000e-01 -3.9459068295570748e-06 2.5492046228193847e-02 -2.5495992135023404e-02 -3.9459068295581353e-06 2.5492046228193847e-02 -2.5495992135023404e-02 -7.8918136591152101e-06 5.0984092456387693e-02 -5.0991984270046808e-02
220 2.1435546875000000e-01 -3.3699124936307880e-06 2.5662080989574967e-02 -2.5665450902068600e-02 -3.3699124936318057e-06 2.5662080989574967e-02 -2.5665450902068600e-02 -6.7398249872625941e-06 5.1324161979149935e-02 -5.1330901804137199e-02
221 2.1533203125000000e-01 -2.7959970844275623e-06 2.5832097729287091e-02 -2.5834893726371520e-02 -2.7959970844286220e-06 2.5832097729287091e-02 -2.5834893726371520e-02 -5.5919941688561843e-06 5.1664195458574182e-02 -5.1669787452743039e-02
222 2.1630859375000000e-01 -2.2241594421961511e-06 2.6002090680132792e-02 -2.6004314839574990e-02 -2.2241594421971984e-06 2.6002090680132792e-02 -2.6004314839574990e-02 -4.4483188843933500e-06 5.2004181360265585e-02 -5.2008629679149980e-02
223 2.1728515625000000e-01 -1.6543984111570436e-06 2.6172054094665321e-02 -2.6173708493076479e-02 -1.6543984111580935e-06 2.6172054094665321e-02 -2.6173708493076479e-02 -3.3087968223151370e-06 5.2344108189330642e-02 -5.2347416986152959e-02
224 2.1826171875000000e-01 -1.0867128395024932e-06 2.6341982245188612e-02 -2.6343068958028116e-02 -1.0867128395035336e-06 2.6341982245188612e-02 -2.6343068958028116e-02 -2.1734256790060265e-06 5.2683964490377225e-02 -5.2686137916056232e-02
225 2.1923828125000000e-01 -5.2110157939649748e-07 2.6511869423757273e-02 -2.6512390525336670e-02 -5.2110157939754516e-07 2.6511869423757273e-02 -2.6512390525336670e-02 -1.0422031587940427e-06 5.3023738847514545e-02 -5.3024781050673341e-02
226 2.2021484375000000e-01 4.2436513025192459e-08 2.6681709942176581e-02 -2.6681667505663555e-02 4.2436513024147644e-08 2.6681709942176581e-02 -2.6681667505663555e-02 8.4873026049340103e-08 5.3363419884353162e-02 -5.3363335011327111e-02
227 2.2119140625000000e-01 6.0390257765507631e-07 2.6851498132002497e-02 -2.6850894229424840e-02 6.0390257765403456e-07 2.6851498132002497e-02 -2.6850894229424844e-02 1.2078051553091110e-06 5.3702996264004994e-02 -5.3701788458849688e-02
228 2.2216796875000000e-01 1.1632977504139021e-06 2.7021228344541653e-02 -2.7020065046791240e-02 1.1632977504128513e-06 2.7021228344541653e-02 -2.7020065046791240e-02 2.3265955008267534e-06 5.4042456689083307e-02 -5.4040130093582481e-02
229 2.2314453125000000e-01 1.7206231632506666e-06 2.7190894950851360e-02 -2.7189174327688109e-02 1.7206231632496114e-06 2.7190894950851360e-02 -2.7189174327688109e-02 3.4412463265002779e-06 5.4381789901702719e-02 -5.4378348655376219e-02
230 2.2412109375000000e-01 2.2758799441426185e-06 2.7360492341739606e-02 -2.7358216461795464e-02 2.2758799441415741e-06 2.7360492341739606e-02 -2.7358216461795464e-02 4.5517598882841926e-06 5.4720984683479211e-02 -5.4716432923590928e-02
231 2.2509765625000000e-01 2.8290692170952499e-06 2.7530014927765054e-02 -2.7527185858547958e-02 2.8290692170941996e-06 2.7530014927765054e-02 -2.7527185858547961e-02 5.6581384341894495e-06 5.5060029855530108e-02 -5.5054371717095922e-02
232 2.2607421875000000e-01 3.3801921021423081e-06 2.7699457139237039e-02 -2.7696076947134895e-02 3.3801921021412429e-06 2.7699457139237039e-02 -2.7696076947134898e-02 6.7603842042835506e-06 5.5398914278474078e-02 -5.5392153894269797e-02
233 2.2705078125000000e-01 3.9292497153457856e-06 2.7868813426215579e-02 -2.7864884176500234e-02 3.9292497153447632e-06 2.7868813426215579e-02 -2.7864884176500234e-02 7.8584994306905479e-06 5.5737626852431159e-02 -5.5729768353000468e-02
234 2.2802734375000000e-01 4.4762431687959267e-06 2.8038078258511366e-02 -2.8033602015342569e-02 4.4762431687949069e-06 2.8038078258511366e-02 -2.8033602015342572e-02 8.9524863375908336e-06 5.6076156517022732e-02 -5.6067204030685144e-02
235 2.2900390625000000e-01 5.0211735706112206e-06 2.8207246125685762e-02 -2.8202224952115152e-02 5.0211735706101745e-06 2.8207246125685762e-02 -2.8202224952115152e-02 1.0042347141221394e-05 5.6414492251371524e-02 -5.6404449904230304e-02
236 2.2998046875000000e-01 5.5640420249384079e-06 2.8376311537050815e-02 -2.8370747495025876e-02 5.5640420249373881e-06 2.8376311537050815e-02 -2.8370747495025876e-02 1.1128084049875796e-05 5.6752623074101630e-02 -5.6741494990051752e-02
237 2.3095703125000000e-01 6.1048496319524891e-06 2.8545269021669241e-02 -2.8539164172037289e-02 6.1048496319514405e-06 2.8545269021669241e-02 -2.8539164172037289e-02 1.2209699263903930e-05 5.7090538043338482e-02 -5.7078328344074579e-02
238 2.3193359375000000e-01 6.6435974878566969e-06 2.8714113128354438e-02 -2.8707469530866579e-02 6.6435974878557007e-06 2.8714113128354438e-02 -2.8707469530866583e-02 1.3287194975712398e-05 5.7428226256708875e-02 -5.7414939061733165e-02
239 2.3291015625000000e-01 7.1802866848825152e-06 2.8882838425670472e-02 -2.8875658138985589e-02 7.1802866848814666e-06 2.8882838425670472e-02 -2.8875658138985589e-02 1.4360573369763982e-05 5.7765676851340944e-02 -5.7751316277971178e-02
240 2.3388671875000000e-01 7.7149183112896807e-06 2.9051439501932098e-02 -2.9043724583620808e-02 7.7149183112886846e-06 2.9051439501932098e-02 -2.9043724583620811e-02 1.5429836622578365e-05 5.8102879003864197e-02 -5.8087449167241616e-02
241 2.3486328125000000e-01 8.2474934513661930e-06 2.9219910965204734e-02 -2.9211663471753368e-02 8.2474934513651223e-06 2.9219910965204734e-02 -2.9211663471753368e-02 1.6494986902731315e-05 5.8439821930409468e-02 -5.8423326943506736e-02
242 2.3583984375000000e-01 8.7780131854282839e-06 2.9388247443304483e-02 -2.9379469430119053e-02 8.7780131854273149e-06 2.9388247443304483e-02 -2.9379469430119057e-02 1.7556026370855599e-05 5.8776494886608965e-02 -5.8758938860238107e-02
243 2.3681640625000000e-01 9.3064785898204318e-06 2.9556443583798119e-02 -2.9547137105208298e-02 9.3064785898193594e-06 2.9556443583798119e-02 -2.9547137105208301e-02 1.8612957179639793e-05 5.9112887167596238e-02 -5.9094274210416596e-02
244 2.3779296875000000e-01 9.8328907369153823e-06 2.9724494054003094e-02 -2.9714661163266178e-02 9.8328907369144421e-06 2.9724494054003094e-02 -2.9714661163266178e-02 1.9665781473829823e-05 5.9448988108006189e-02 -5.9429322326532356e-02
245 2.3876953125000000e-01 1.0357250695114110e-05 2.9892393540987536e-02 -2.9882036290292423e-02 1.0357250695112960e-05 2.9892393540987536e-02 -2.9882036290292423e-02 2.0714501390227072e-05 5.9784787081975072e-02 -5.9764072580584846e-02
246 2.3974609375000000e-01 1.0879559528845833e-05 3.0060136751570248e-02 -3.0049257192041403e-02 1.0879559528844659e-05 3.0060136751570248e-02 -3.0049257192041403e-02 2.1759119057690491e-05 6.0120273503140496e-02 -6.0098514384082806e-02
247 2.4072265625000000e-01 1.1399818298568060e-05 3.0227718412320713e-02 -3.0216318594022146e-02 1.1399818298566930e-05 3.0227718412320713e-02 -3.0216318594022146e-02 2.2799636597134988e-05 6.0455436824641426e-02 -6.0432637188044293e-02
248 2.4169921875000000e-01 1.1918028060766516e-05 3.0395133269559085e-02 -3.0383215241498319e-02 1.1918028060765459e-05 3.0395133269559085e-02 -3.0383215241498319e-02 2.3836056121531976e-05 6.0790266539118169e-02 -6.0766430482996639e-02
249 2.4267578125000000e-01 1.2434189867955169e-05 3.0562376089356198e-02 -3.0549941899488241e-02 1.2434189867954095e-05 3.0562376089356198e-02 -3.0549941899488245e-02 2.4868379735909265e-05 6.1124752178712397e-02 -6.1099883798976490e-02
250 2.4365234375000000e-01 1.2948304768676264e-05 3.0729441657533562e-02 -3.0716493352764884e-02 1.2948304768675134e-05 3.0729441657533562e-02 -3.0716493352764888e-02 2.5896609537351396e-05 6.1458883315067124e-02 -6.1432986705529775e-02
251 2.4462890625000000e-01 1.3460373807500243e-05 3.0896324779663357e-02 -3.0882864405855859e-02 1.3460373807499092e-05 3.0896324779663357e-02 -3.0882864405855859e-02 2.6920747614999333e-05 6.1792649559326715e-02 -6.1765728811711718e-02
252 2.4560546875000000e-01 1.3970398025025867e-05 3.1063020281068447e-02 -3.1049049883043422e-02 1.3970398025024810e-05 3.1063020281068447e-02 -3.1049049883043422e-02 2.7940796050050676e-05 6.2126040562136893e-02 -6.2098099766086844e-02
253 2.4658203125000000e-01 1.4478378457880116e-05 3.1229523006822368e-02 -3.1215044628364486e-02 1.4478378457879121e-05 3.1229523006822368e-02 -3.1215044628364490e-02 2.8956756915759235e-05 6.2459046013644735e-02 -6.2430089256728979e-02
254 2.4755859375000000e-01 1.4984316138718193e-05 3.1395827821749336e-02 -3.1380843505610621e-02 1.4984316138716934e-05 3.1395827821749336e-02 -3.1380843505610621e-02 2.9968632277435129e-05 6.2791655643498673e-02 -6.2761687011221243e-02
255 2.4853515625000000e-01 1.5488212096223598e-05 3.1561929610424234e-02 -3.1546441398328011e-02 1.5488212096222446e-05 3.1561929610424234e-02 -3.1546441398328011e-02 3.0976424192446044e-05 6.3123859220848469e-02 -6.3092882796656022e-02
256 2.4951171875000000e-01 1.5990067355108024e-05 3.1727823277172627e-02 -3.1711833209817519e-02 1.5990067355107072e-05 3.1727823277172627e-02 -3.1711833209817519e-02 3.1980134710215099e-05 6.3455646554345255e-02 -6.3423666419635039e-02
257 2.5048828125000000e-01 1.6489882936111486e-05 3.1893503746070764e-02 -3.1877013863134650e-02 1.6489882936110354e-05 3.1893503746070764e-02 -3.1877013863134657e-02 3.2979765872221840e-05 6.3787007492141529e-02 -6.3754027726269313e-02
258 2.5146484375000000e-01 1.6987659856002180e-05 3.2058965960945554e-02 -3.2041978301089555e-02 1.6987659856001289e-05 3.2058965960945554e-02 -3.2041978301089555e-02 3.3975319712003466e-05 6.4117931921891108e-02 -6.4083956602179110e-02
259 2.5244140625000000e-01 1.7483399127576542e-05 3.2224204885374599e-02 -3.2206721486247022e-02 1.7483399127575315e-05 3.2224204885374599e-02 -3.2206721486247022e-02 3.4966798255151857e-05 6.4448409770749199e-02 -6.4413442972494045e-02
260 2.5341796875000000e-01 1.7977101759659355e-05 3.2389215502686163e-02 -3.2371238400926504e-02 1.7977101759658304e-05 3.2389215502686163e-02 -3.2371238400926504e-02 3.5954203519317659e-05 6.4778431005372325e-02 -6.4742476801853008e-02
261 2.5439453125000000e-01 1.8468768757103572e-05 3.2553992815959186e-02 -3.2535524047202086e-02 1.8468768757102525e-05 3.2553992815959186e-02 -3.2535524047202086e-02 3.6937537514206094e-05 6.5107985631918372e-02 -6.5071048094404171e-02
262 2.5537109375000000e-01 1.8958401120790392e-05 3.2718531848023306e-02 -3.2699573446902518e-02 1.8958401120789311e-05 3.2718531848023306e-02 -3.2699573446902518e-02 3.7916802241579707e-05 6.5437063696046613e-02 -6.5399146893805035e-02
263 2.5634765625000000e-01 1.9445999847629303e-05 3.2882827641458806e-02 -3.2863381641611178e-02 1.9445999847628066e-05 3.2882827641458806e-02 -3.2863381641611178e-02 3.8891999695257366e-05 6.5765655282917612e-02 -6.5726763283222356e-02
264 2.5732421875000000e-01 1.9931565930558000e-05 3.3046875258596661e-02 -3.3026943692666101e-02 1.9931565930557272e-05 3.3046875258596661e-02 -3.3026943692666101e-02 3.9863131861115269e-05 6.6093750517193323e-02 -6.6053887385332202e-02
265 2.5830078125000000e-01 2.0415100358542488e-05 3.3210669781518536e-02 -3.3190254681159992e-02 2.0415100358541447e-05 3.3210669781518536e-02 -3.3190254681159992e-02 4.0830200717083932e-05 6.6421339563037071e-02 -6.6380509362319984e-02
266 2.5927734375000000e-01 2.0896604116576931e-05 3.3374206312056738e-02 -3.3353309707940162e-02 2.0896604116575881e-05 3.3374206312056738e-02 -3.3353309707940162e-02 4.1793208233152812e-05 6.6748412624113476e-02 -6.6706619415880325e-02
267 2.6025390625000000e-01 2.1376078185683822e-05 3.3537479971794279e-02 -3.3516103893608595e-02 2.1376078185682622e-05 3.3537479971794279e-02 -3.3516103893608595e-02 4.2752156371366444e-05 6.7074959943588558e-02 -6.7032207787217191e-02
268 2.6123046875000000e-01 2.1853523542913872e-05 3.3700485902064835e-02 -3.3678632378521922e-02 2.1853523542912903e-05 3.3700485902064835e-02 -3.3678632378521922e-02 4.3707047085826774e-05 6.7400971804129670e-02 -6.7357264757043844e-02
269 2.6220703125000000e-01 2.2328941161346049e-05 3.3863219263952769e-02 -3.3840890322791424e-02 2.2328941161345263e-05 3.3863219263952769e-02 -3.3840890322791424e-02 4.4657882322691312e-05 6.7726438527905539e-02 -6.7681780645582848e-02
270 2.6318359375000000e-01 2.2802332010087543e-05 3.4025675238293099e-02 -3.4002872906283010e-02 2.2802332010086107e-05 3.4025675238293099e-02 -3.4002872906283010e-02 4.5604664020173650e-05 6.8051350476586198e-02 -6.8005745812566021e-02
271 2.6416015625000000e-01 2.3273697054273838e-05 3.4187849025671534e-02 -3.4164575328617261e-02 2.3273697054272890e-05 3.4187849025671534e-02 -3.4164575328617261e-02 4.6547394108546728e-05 6.8375698051343067e-02 -6.8329150657234522e-02
272 2.6513671875000000e-01 2.3743037255068662e-05 3.4349735846424465e-02 -3.4325992809169398e-02 2.3743037255067774e-05 3.4349735846424465e-02 -3.4325992809169398e-02 4.7486074510136436e-05 6.8699471692848929e-02 -6.8651985618338796e-02
273 2.6611328125000000e-01 2.4210353569663924e-05 3.4511330940638942e-02 -3.4487120587069278e-02 2.4210353569662880e-05 3.4511330940638942e-02 -3.4487120587069278e-02 4.8420707139326804e-05 6.9022661881277883e-02 -6.8974241174138556e-02
274 2.6708984375000000e-01 2.4675646951279874e-05 3.4672629568152702e-02 -3.4647953921201423e-02 2.4675646951278888e-05 3.4672629568152702e-02 -3.4647953921201423e-02 4.9351293902558766e-05 6.9345259136305404e-02 -6.9295907842402846e-02
275 2.6806640625000000e-01 2.5138918349164982e-05 3.4833627008554163e-02 -3.4808488090205002e-02 2.5138918349163989e-05 3.4833627008554163e-02 -3.4808488090205002e-02 5.0277836698328968e-05 6.9667254017108327e-02 -6.9616976180410003e-02
276 2.6904296875000000e-01 2.5600168708595870e-05 3.4994318561182403e-02 -3.4968718392473806e-02 2.5600168708594945e-05 3.4994318561182403e-02 -3.4968718392473806e-02 5.1200337417190811e-05 6.9988637122364805e-02 -6.9937436784947613e-02
277 2.7001953125000000e-01 2.6059398970877592e-05 3.5154699545127191e-02 -3.5128640146156312e-02 2.6059398970876572e-05 3.5154699545127191e-02 -3.5128640146156312e-02 5.2118797941754167e-05 7.0309399090254382e-02 -7.0257280292312624e-02
278 2.7099609375000000e-01 2.6516610073343289e-05 3.5314765299228966e-02 -3.5288248689155623e-02 2.6516610073342272e-05 3.5314765299228966e-02 -3.5288248689155623e-02 5.3033220146685561e-05 7.0629530598457932e-02 -7.0576497378311245e-02
279 2.7197265625000000e-01 2.6971802949354463e-05 3.5474511182078838e-02 -3.5447539379129485e-02 2.6971802949353247e-05 3.5474511182078838e-02 -3.5447539379129485e-02 5.3943605898707707e-05 7.0949022364157677e-02 -7.0895078758258970e-02
280 2.7294921875000000e-01 2.7424978528300733e-05 3.5633932572018613e-02 -3.5606507593490315e-02 2.7424978528299368e-05 3.5633932572018613e-02 -3.5606507593490315e-02 5.4849957056600098e-05 7.1267865144037226e-02 -7.1213015186980630e-02
281 2.7392578125000000e-01 2.7876137735600112e-05 3.5793024867140741e-02 -3.5765148729405144e-02 2.7876137735599119e-05 3.5793024867140741e-02 -3.5765148729405144e-02 5.5752275471199228e-05 7.1586049734281482e-02 -7.1530297458810288e-02
282 2.7490234375000000e-01 2.8325281492698811e-05 3.5951783485288373e-02 -3.5923458203795673e-02 2.8325281492697706e-05 3.5951783485288373e-02 -3.5923458203795673e-02 5.6650562985396517e-05 7.1903566970576746e-02 -7.1846916407591346e-02
283 2.7587890625000000e-01 2.8772410717071239e-05 3.6110203864055335e-02 -3.6081431453338267e-02 2.8772410717070226e-05 3.6110203864055335e-02 -3.6081431453338267e-02 5.7544821434141468e-05 7.2220407728110669e-02 -7.2162862906676534e-02
284 2.7685546875000000e-01 2.9217526322220136e-05 3.6268281460786110e-02 -3.6239063934463890e-02 2.9217526322219042e-05 3.6268281460786110e-02 -3.6239063934463890e-02 5.8435052644439174e-05 7.2536562921572220e-02 -7.2478127868927780e-02
285 2.7783203125000000e-01 2.9660629217676437e-05 3.6426011752575885e-02 -3.6396351123358206e-02 2.9660629217675302e-05 3.6426011752575885e-02 -3.6396351123358206e-02 5.9321258435351742e-05 7.2852023505151770e-02 -7.2792702246716412e-02
286 2.7880859375000000e-01 3.0101720308999315e-05 3.6583390236270497e-02 -3.6553288515961499e-02 3.0101720308998346e-05 3.6583390236270497e-02 -3.6553288515961499e-02 6.0203440617997661e-05 7.3166780472540993e-02 -7.3106577031922998e-02
287 2.7978515625000000e-01 3.0540800497776290e-05 3.6740412428466471e-02 -3.6709871627968696e-02 3.0540800497775280e-05 3.6740412428466471e-02 -3.6709871627968696e-02 6.1081600995551577e-05 7.3480824856932941e-02 -7.3419743255937392e-02
288 2.8076171875000000e-01 3.0977870681623017e-05 3.6897073865511019e-02 -3.6866095994829394e-02 3.0977870681622021e-05 3.6897073865511019e-02 -3.6866095994829401e-02 6.1955741363245030e-05 7.3794147731022039e-02 -7.3732191989658788e-02
289 2.8173828125000000e-01 3.1412931754183408e-05 3.7053370103502008e-02 -3.7021957171747825e-02 3.1412931754182270e-05 3.7053370103502008e-02 -3.7021957171747825e-02 6.2825863508365678e-05 7.4106740207004015e-02 -7.4043914343495651e-02
290 2.8271484375000000e-01 3.1845984605129691e-05 3.7209296718287987e-02 -3.7177450733682858e-02 3.1845984605128634e-05 3.7209296718287987e-02 -3.7177450733682858e-02 6.3691969210258326e-05 7.4418593436575975e-02 -7.4354901467365717e-02
291 2.8369140625000000e-01 3.2277030120162281e-05 3.7364849305468191e-02 -3.7332572275348030e-02 3.2277030120161386e-05 3.7364849305468191e-02 -3.7332572275348030e-02 6.4554060240323667e-05 7.4729698610936382e-02 -7.4665144550696061e-02
292 2.8466796875000000e-01 3.2706069181009894e-05 3.7520023480392531e-02 -3.7487317411211522e-02 3.2706069181009000e-05 3.7520023480392531e-02 -3.7487317411211522e-02 6.5412138362018894e-05 7.5040046960785062e-02 -7.4974634822423045e-02
293 2.8564453125000000e-01 3.3133102665429458e-05 3.7674814878161572e-02 -3.7641681775496143e-02 3.3133102665428394e-05 3.7674814878161572e-02 -3.7641681775496143e-02 6.6266205330857859e-05 7.5349629756323144e-02 -7.5283363550992285e-02
294 2.8662109375000000e-01 3.3558131447206242e-05 3.7829219153626588e-02 -3.7795661022179385e-02 3.3558131447205083e-05 3.7829219153626588e-02 -3.7795661022179385e-02 6.7116262894411331e-05 7.5658438307253176e-02 -7.5591322044358769e-02
295 2.8759765625000000e-01 3.3981156396153602e-05 3.7983231981389497e-02 -3.7949250824993341e-02 3.3981156396152456e-05 3.7983231981389497e-02 -3.7949250824993341e-02 6.7962312792306051e-05 7.5966463962778993e-02 -7.5898501649986683e-02
296 2.8857421875000000e-01 3.4402178378113238e-05 3.8136849055802918e-02 -3.8102446877424805e-02 3.4402178378112127e-05 3.8136849055802918e-02 -3.8102446877424805e-02 6.8804356756225365e-05 7.6273698111605837e-02 -7.6204893754849609e-02
297 2.8955078125000000e-01 3.4821198254955093e-05 3.8290066090970132e-02 -3.8255244892715173e-02 3.4821198254954070e-05 3.8290066090970132e-02 -3.8255244892715180e-02 6.9642396509909157e-05 7.6580132181940264e-02 -7.6510489785430361e-02
298 2.9052734375000000e-01 3.5238216884577345e-05 3.8442878820745111e-02 -3.8407640603860531e-02 3.5238216884576552e-05 3.8442878820745111e-02 -3.8407640603860531e-02 7.0476433769153904e-05 7.6885757641490221e-02 -7.6815281207721062e-02
299 2.9150390625000000e-01 3.5653235120906420e-05 3.8595282998732473e-02 -3.8559629763611568e-02 3.5653235120905634e-05 3.8595282998732473e-02 -3.8559629763611568e-02 7.1306470241812054e-05 7.7190565997464947e-02 -7.7119259527223136e-02
300 2.9248046875000000e-01 3.6066253813897081e-05 3.8747274398287547e-02 -3.8711208144473652e-02 3.6066253813895848e-05 3.8747274398287547e-02 -3.8711208144473652e-02 7.2132507627792930e-05 7.7494548796575094e-02 -7.7422416288947304e-02
301 2.9345703125000000e-01 3.6477273809532132e-05 3.8898848812516325e-02 -3.8862371538706794e-02 3.6477273809531163e-05 3.8898848812516325e-02 -3.8862371538706794e-02 7.2954547619063289e-05 7.7797697625032650e-02 -7.7724743077413588e-02
302 2.9443359375000000e-01 3.6886295949822909e-05 3.9050002054275459e-02 -3.9013115758325639e-02 3.6886295949821858e-05 3.9050002054275459e-02 -3.9013115758325639e-02 7.3772591899644774e-05 7.8100004108550919e-02 -7.8026231516651279e-02
303 2.9541015625000000e-01 3.7293321072808691e-05 3.9200729956172298e-02 -3.9163436635099490e-02 3.7293321072807545e-05 3.9200729956172298e-02 -3.9163436635099490e-02 7.4586642145616243e-05 7.8401459912344595e-02 -7.8326873270198979e-02
304 2.9638671875000000e-01 3.7698350012557319e-05 3.9351028370564867e-02 -3.9313330020552310e-02 3.7698350012556282e-05 3.9351028370564867e-02 -3.9313330020552310e-02 7.5396700025113594e-05 7.8702056741129733e-02 -7.8626660041104621e-02
305 2.9736328125000000e-01 3.8101383599164613e-05 3.9500893169561846e-02 -3.9462791785962681e-02 3.8101383599163698e-05 3.9500893169561846e-02 -3.9462791785962681e-02 7.6202767198328317e-05 7.9001786339123692e-02 -7.8925583571925362e-02
306 2.9833984375000000e-01 3.8502422658754775e-05 3.9650320245022623e-02 -3.9611817822363865e-02 3.8502422658753860e-05 3.9650320245022623e-02 -3.9611817822363872e-02 7.7004845317508628e-05 7.9300640490045246e-02 -7.9223635644727744e-02
307 2.9931640625000000e-01 3.8901468013480271e-05 3.9799305508557231e-02 -3.9760404040543748e-02 3.8901468013479397e-05 3.9799305508557231e-02 -3.9760404040543755e-02 7.7802936026959661e-05 7.9598611017114462e-02 -7.9520808081087496e-02
308 3.0029296875000000e-01 3.9298520481521694e-05 3.9947844891526391e-02 -3.9908546371044872e-02 3.9298520481520583e-05 3.9947844891526391e-02 -3.9908546371044872e-02 7.8597040963042277e-05 7.9895689783052781e-02 -7.9817092742089743e-02
309 3.0126953125000000e-01 3.9693580877088042e-05 4.0095934345041509e-02 -4.0056240764164419e-02 3.9693580877086687e-05 4.0095934345041509e-02 -4.0056240764164419e-02 7.9387161754174729e-05 8.0191868690083018e-02 -8.0112481528328838e-02
310 3.0224609375000000e-01 4.0086650010416500e-05 4.0243569839964660e-02 -4.0203483189954245e-02 4.0086650010415605e-05 4.0243569839964660e-02 -4.0203483189954245e-02 8.0173300020832105e-05 8.0487139679929320e-02 -8.0406966379908490e-02
311 3.0322265625000000e-01 4.0477728687772468e-05 4.0390747366908598e-02 -4.0350269638220825e-02 4.0477728687771397e-05 4.0390747366908598e-02 -4.0350269638220825e-02 8.0955457375543865e-05 8.0781494733817197e-02 -8.0700539276441649e-02
312 3.0419921875000000e-01 4.0866817711449637e-05 4.0537462936236737e-02 -4.0496596118525290e-02 4.0866817711448552e-05 4.0537462936236737e-02 -4.0496596118525290e-02 8.1733635422898189e-05 8.1074925872473474e-02 -8.0993192237050579e-02
313 3.0517578125000000e-01 4.1253917879769911e-05 4.0683712578063191e-02 -4.0642458660183421e-02 4.1253917879768746e-05 4.0683712578063191e-02 -4.0642458660183421e-02 8.2507835759538657e-05 8.1367425156126383e-02 -8.1284917320366842e-02
314 3.0615234375000000e-01 4.1639029987083460e-05 4.0829492342252735e-02 -4.0787853312265650e-02 4.1639029987082708e-05 4.0829492342252735e-02 -4.0787853312265650e-02 8.3278059974166175e-05 8.1658984684505470e-02 -8.1575706624531300e-02
315 3.0712890625000000e-01 4.2022154823768740e-05 4.0974798298420823e-02 -4.0932776143597055e-02 4.2022154823767574e-05 4.0974798298420823e-02 -4.0932776143597055e-02 8.4044309647536314e-05 8.1949596596841645e-02 -8.1865552287194110e-02
316 3.0810546875000000e-01 4.2403293176232410e-05 4.1119626535933596e-02 -4.1077223242757366e-02 4.2403293176231285e-05 4.1119626535933596e-02 -4.1077223242757366e-02 8.4806586352463695e-05 8.2239253071867191e-02 -8.2154446485514732e-02
317 3.0908203125000000e-01 4.2782445826909378e-05 4.1263973163907848e-02 -4.1221190718080940e-02 4.2782445826908537e-05 4.1263973163907848e-02 -4.1221190718080940e-02 8.5564891653817915e-05 8.2527946327815696e-02 -8.2442381436161880e-02
318 3.1005859375000000e-01 4.3159613554262855e-05 4.1407834311211068e-02 -4.1364674697656804e-02 4.3159613554261567e-05 4.1407834311211068e-02 -4.1364674697656804e-02 8.6319227108524422e-05 8.2815668622422137e-02 -8.2729349395313609e-02
319 3.1103515625000000e-01 4.3534797132784226e-05 4.1551206126461418e-02 -4.1507671329328637e-02 4.3534797132783264e-05 4.1551206126461418e-02 -4.1507671329328637e-02 8.7069594265567490e-05 8.3102412252922836e-02 -8.3015342658657273e-02
320 3.1201171875000000e-01 4.3907997332993120e-05 4.1694084778027732e-02 -4.1650176780694742e-02 4.3907997332992381e-05 4.1694084778027732e-02 -4.1650176780694742e-02 8.7815994665985494e-05 8.3388169556055464e-02 -8.3300353561389484e-02
321 3.1298828125000000e-01 4.4279214921437500e-05 4.1836466454029525e-02 -4.1792187239108089e-02 4.4279214921436511e-05 4.1836466454029525e-02 -4.1792187239108089e-02 8.8558429842874010e-05 8.3672932908059050e-02 -8.3584374478216178e-02
322 3.1396484375000000e-01 4.4648450660693567e-05 4.1978347362336979e-02 -4.1933698911676288e-02 4.4648450660692801e-05 4.1978347362336979e-02 -4.1933698911676288e-02 8.9296901321386362e-05 8.3956694724673958e-02 -8.3867397823352577e-02
323 3.1494140625000000e-01 4.5015705309365676e-05 4.2119723730570963e-02 -4.2074708025261594e-02 4.5015705309364680e-05 4.2119723730570963e-02 -4.2074708025261601e-02 9.0031410618730362e-05 8.4239447461141925e-02 -8.4149416050523201e-02
324 3.1591796875000000e-01 4.5380979622086510e-05 4.2260591806103011e-02 -4.2215210826480921e-02 4.5380979622085615e-05 4.2260591806103011e-02 -4.2215210826480928e-02 9.0761959244172125e-05 8.4521183612206022e-02 -8.4430421652961843e-02
325 3.1689453125000000e-01 4.5744274349516969e-05 4.2400947856055353e-02 -4.2355203581705837e-02 4.5744274349515417e-05 4.2400947856055353e-02 -4.2355203581705837e-02 9.1488548699032393e-05 8.4801895712110706e-02 -8.4710407163411675e-02
326 3.1787109375000000e-01 4.6105590238346249e-05 4.2540788167300864e-02 -4.2494682577062515e-02 4.6105590238345334e-05 4.2540788167300864e-02 -4.2494682577062522e-02 9.2211180476691590e-05 8.5081576334601727e-02 -8.4989365154125029e-02
327 3.1884765625000000e-01 4.6464928031291755e-05 4.2680109046463126e-02 -4.2633644118431832e-02 4.6464928031290582e-05 4.2680109046463126e-02 -4.2633644118431832e-02 9.2929856062582344e-05 8.5360218092926252e-02 -8.5267288236863664e-02
328 3.1982421875000000e-01 4.6822288467099098e-05 4.2818906819916375e-02 -4.2772084531449275e-02 4.6822288467098278e-05 4.2818906819916375e-02 -4.2772084531449275e-02 9.3644576934197370e-05 8.5637813639832749e-02 -8.5544169062898551e-02
329 3.2080078125000000e-01 4.7177672280542256e-05 4.2957177833785533e-02 -4.2910000161504994e-02 4.7177672280541355e-05 4.2957177833785533e-02 -4.2910000161504994e-02 9.4355344561083618e-05 8.5914355667571066e-02 -8.5820000323009987e-02
330 3.2177734375000000e-01 4.7531080202423332e-05 4.3094918453946203e-02 -4.3047387373743778e-02 4.7531080202422018e-05 4.3094918453946203e-02 -4.3047387373743778e-02 9.5062160404845350e-05 8.6189836907892406e-02 -8.6094774747487557e-02
331 3.2275390625000000e-01 4.7882512959572815e-05 4.3232125066024654e-02 -4.3184242553065084e-02 4.7882512959572205e-05 4.3232125066024654e-02 -4.3184242553065084e-02 9.5765025919145020e-05 8.6464250132049308e-02 -8.6368485106130169e-02
332 3.2373046875000000e-01 4.8231971274849292e-05 4.3368794075397836e-02 -4.3320562104122988e-02 4.8231971274848296e-05 4.3368794075397836e-02 -4.3320562104122988e-02 9.6463942549697581e-05 8.6737588150795672e-02 -8.6641124208245976e-02
333 3.2470703125000000e-01 4.8579455867139702e-05 4.3504921907193371e-02 -4.3456342451326228e-02 4.8579455867138618e-05 4.3504921907193371e-02 -4.3456342451326235e-02 9.7158911734278319e-05 8.7009843814386742e-02 -8.6912684902652471e-02
334 3.2568359375000000e-01 4.8924967451359198e-05 4.3640505006289562e-02 -4.3591580038838201e-02 4.8924967451357775e-05 4.3640505006289562e-02 -4.3591580038838201e-02 9.7849934902716974e-05 8.7281010012579124e-02 -8.7183160077676403e-02
335 3.2666015625000000e-01 4.9268506738451191e-05 4.3775539837315393e-02 -4.3726271330576945e-02 4.9268506738450649e-05 4.3775539837315393e-02 -4.3726271330576945e-02 9.8537013476901841e-05 8.7551079674630786e-02 -8.7452542661153890e-02
336 3.2763671875000000e-01 4.9610074435387312e-05 4.3910022884650506e-02 -4.3860412810215119e-02 4.9610074435386370e-05 4.3910022884650506e-02 -4.3860412810215119e-02 9.9220148870773689e-05 8.7820045769301011e-02 -8.7720825620430237e-02
337 3.2861328125000000e-01 4.9949671245167433e-05 4.4043950652425237e-02 -4.3994000981180073e-02 4.9949671245166532e-05 4.4043950652425237e-02 -4.3994000981180073e-02 9.9899342490333972e-05 8.8087901304850474e-02 -8.7988001962360146e-02
338 3.2958984375000000e-01 5.0287297866819773e-05 4.4177319664520591e-02 -4.4127032366653773e-02 5.0287297866818838e-05 4.4177319664520591e-02 -4.4127032366653773e-02 1.0057459573363861e-04 8.8354639329041182e-02 -8.8254064733307547e-02
339 3.3056640625000000e-01 5.0622954995400723e-05 4.4310126464568250e-02 -4.4259503509572848e-02 5.0622954995399259e-05 4.4310126464568250e-02 -4.4259503509572848e-02 1.0124590999079998e-04 8.8620252929136500e-02 -8.8519007019145696e-02
340 3.3154296875000000e-01 5.0956643321994883e-05 4.4442367615950565e-02 -4.4391410972628567e-02 5.0956643321993324e-05 4.4442367615950565e-02 -4.4391410972628574e-02 1.0191328664398821e-04 8.8884735231901130e-02 -8.8782821945257148e-02
341 3.3251953125000000e-01 5.1288363533715210e-05 4.4574039701800586e-02 -4.4522751338266872e-02 5.1288363533713997e-05 4.4574039701800586e-02 -4.4522751338266872e-02 1.0257672706742921e-04 8.9148079403601171e-02 -8.9045502676533744e-02
342 3.3349609375000000e-01 5.1618116313702830e-05 4.4705139325002009e-02 -4.4653521208688304e-02 5.1618116313701800e-05 4.4705139325002009e-02 -4.4653521208688304e-02 1.0323623262740463e-04 8.9410278650004019e-02 -8.9307042417376609e-02
343 3.3447265625000000e-01 5.1945902341127096e-05 4.4835663108189219e-02 -4.4783717205848089e-02 5.1945902341125998e-05 4.4835663108189219e-02 -4.4783717205848096e-02 1.0389180468225309e-04 8.9671326216378439e-02 -8.9567434411696192e-02
344 3.3544921875000000e-01 5.2271722291185780e-05 4.4965607693747293e-02 -4.4913335971456109e-02 5.2271722291184235e-05 4.4965607693747293e-02 -4.4913335971456109e-02 1.0454344458237001e-04 8.9931215387494587e-02 -8.9826671942912217e-02
345 3.3642578125000000e-01 5.2595576835104727e-05 4.5094969743811955e-02 -4.5042374166976852e-02 5.2595576835104090e-05 4.5094969743811955e-02 -4.5042374166976852e-02 1.0519115367020882e-04 9.0189939487623910e-02 -9.0084748333953704e-02
346 3.3740234375000000e-01 5.2917466640137997e-05 4.5223745940269629e-02 -4.5170828473629493e-02 5.2917466640137503e-05 4.5223745940269629e-02 -4.5170828473629493e-02 1.0583493328027551e-04 9.0447491880539257e-02 -9.0341656947258986e-02
347 3.3837890625000000e-01 5.3237392369568130e-05 4.5351932984757398e-02 -4.5298695592387833e-02 5.3237392369566591e-05 4.5351932984757398e-02 -4.5298695592387833e-02 1.0647478473913471e-04 9.0703865969514796e-02 -9.0597391184775666e-02
348 3.3935546875000000e-01 5.3555354682705641e-05 4.5479527598663035e-02 -4.5425972243980331e-02 5.3555354682704517e-05 4.5479527598663035e-02 -4.5425972243980331e-02 1.0711070936541016e-04 9.0959055197326069e-02 -9.0851944487960662e-02
349 3.4033203125000000e-01 5.3871354234889421e-05 4.5606526523124975e-02 -4.5552655168890087e-02 5.3871354234888696e-05 4.5606526523124975e-02 -4.5552655168890087e-02 1.0774270846977812e-04 9.1213053046249951e-02 -9.1105310337780174e-02
350 3.4130859375000000e-01 5.4185391677486692e-05 4.5732926519032345e-02 -4.5678741127354858e-02 5.4185391677485452e-05 4.5732926519032345e-02 -4.5678741127354858e-02 1.0837078335497214e-04 9.1465853038064690e-02 -9.1357482254709715e-02
351 3.4228515625000000e-01 5.4497467657892822e-05 4.5858724367024935e-02 -4.5804226899367043e-02 5.4497467657891826e-05 4.5858724367024935e-02 -4.5804226899367043e-02 1.0899493531578465e-04 9.1717448734049870e-02 -9.1608453798734085e-02
352 3.4326171875000000e-01 5.4807582819531391e-05 4.5983916867493223e-02 -4.5929109284673690e-02 5.4807582819530239e-05 4.5983916867493223e-02 -4.5929109284673690e-02 1.0961516563906163e-04 9.1967833734986446e-02 -9.1858218569347380e-02
353 3.4423828125000000e-01 5.5115737801854432e-05 4.6108500840578347e-02 -4.6053385102776491e-02 5.5115737801853138e-05 4.6108500840578347e-02 -4.6053385102776491e-02 1.1023147560370756e-04 9.2217001681156693e-02 -9.2106770205552982e-02
354 3.4521484375000000e-01 5.5421933240341935e-05 4.6232473126172138e-02 -4.6177051192931799e-02 5.5421933240341413e-05 4.6232473126172138e-02 -4.6177051192931799e-02 1.1084386648068336e-04 9.2464946252344277e-02 -9.2354102385863598e-02
355 3.4619140625000000e-01 5.5726169766502398e-05 4.6355830583917089e-02 -4.6300104414150584e-02 5.5726169766501131e-05 4.6355830583917089e-02 -4.6300104414150590e-02 1.1145233953300352e-04 9.2711661167834178e-02 -9.2600208828301181e-02
356 3.4716796875000000e-01 5.6028448007872350e-05 4.6478570093206384e-02 -4.6422541645198510e-02 5.6028448007871306e-05 4.6478570093206384e-02 -4.6422541645198510e-02 1.1205689601574366e-04 9.2957140186412768e-02 -9.2845083290397021e-02
357 3.4814453125000000e-01 5.6328768588016744e-05 4.6600688553183861e-02 -4.6544359784595847e-02 5.6328768588015497e-05 4.6600688553183861e-02 -4.6544359784595847e-02 1.1265753717603224e-04 9.3201377106367722e-02 -9.3088719569191694e-02
358 3.4912109375000000e-01 5.6627132126528697e-05 4.6722182882744066e-02 -4.6665555750617538e-02 5.6627132126527667e-05 4.6722182882744066e-02 -4.6665555750617538e-02 1.1325426425305636e-04 9.3444365765488133e-02 -9.3331111501235076e-02
359 3.5009765625000000e-01 5.6923539239029694e-05 4.6843050020532184e-02 -4.6786126481293155e-02 5.6923539239027885e-05 4.6843050020532184e-02 -4.6786126481293155e-02 1.1384707847805759e-04 9.3686100041064369e-02 -9.3572252962586311e-02
360 3.5107421875000000e-01 5.7217990537169172e-05 4.6963286924944107e-02 -4.6906068934406936e-02 5.7217990537168216e-05 4.6963286924944107e-02 -4.6906068934406936e-02 1.1443598107433738e-04 9.3926573849888215e-02 -9.3812137868813872e-02
361 3.5205078125000000e-01 5.7510486628625162e-05 4.7082890574126388e-02 -4.7025380087497765e-02 5.7510486628623841e-05 4.7082890574126388e-02 -4.7025380087497765e-02 1.1502097325724901e-04 9.4165781148252775e-02 -9.4050760174995529e-02
362 3.5302734375000000e-01 5.7801028117103722e-05 4.7201857965976264e-02 -4.7144056937859162e-02 5.7801028117102902e-05 4.7201857965976264e-02 -4.7144056937859162e-02 1.1560205623420663e-04 9.4403715931952528e-02 -9.4288113875718324e-02
363 3.5400390625000000e-01 5.8089615602339265e-05 4.7320186118141636e-02 -4.7262096502539298e-02 5.8089615602338445e-05 4.7320186118141636e-02 -4.7262096502539298e-02 1.1617923120467772e-04 9.4640372236283271e-02 -9.4524193005078597e-02
364 3.5498046875000000e-01 5.8376249680094374e-05 4.7437872068021088e-02 -4.7379495818340993e-02 5.8376249680093317e-05 4.7437872068021088e-02 -4.7379495818340993e-02 1.1675249936018769e-04 9.4875744136042175e-02 -9.4758991636681986e-02
365 3.5595703125000000e-01 5.8660930942160007e-05 4.7554912872763887e-02 -4.7496251941821728e-02 5.8660930942158943e-05 4.7554912872763887e-02 -4.7496251941821728e-02 1.1732186188431894e-04 9.5109825745527773e-02 -9.4992503883643456e-02
366 3.5693359375000000e-01 5.8943659976355292e-05 4.7671305609269965e-02 -4.7612361949293608e-02 5.8943659976354540e-05 4.7671305609269965e-02 -4.7612361949293608e-02 1.1788731995270984e-04 9.5342611218539930e-02 -9.5224723898587216e-02
367 3.5791015625000000e-01 5.9224437366527558e-05 4.7787047374189928e-02 -4.7727822936823400e-02 5.9224437366527449e-05 4.7787047374189928e-02 -4.7727822936823400e-02 1.1844887473305501e-04 9.5574094748379856e-02 -9.5455645873646799e-02
368 3.5888671875000000e-01 5.9503263692552531e-05 4.7902135283925083e-02 -4.7842632020232534e-02 5.9503263692550972e-05 4.7902135283925083e-02 -4.7842632020232534e-02 1.1900652738510350e-04 9.5804270567850167e-02 -9.5685264040465068e-02
369 3.5986328125000000e-01 5.9780139530333902e-05 4.8016566474627383e-02 -4.7956786335097049e-02 5.9780139530332418e-05 4.8016566474627383e-02 -4.7956786335097049e-02 1.1956027906066631e-04 9.6033132949254765e-02 -9.5913572670194097e-02
370 3.6083984375000000e-01 6.0055065451803909e-05 4.8130338102199466e-02 -4.8070283036747659e-02 6.0055065451803401e-05 4.8130338102199466e-02 -4.8070283036747666e-02 1.2011013090360730e-04 9.6260676204398932e-02 -9.6140566073495318e-02
371 3.6181640625000000e-01 6.0328042024922898e-05 4.8243447342294653e-02 -4.8183119300269729e-02 6.0328042024922282e-05 4.8243447342294653e-02 -4.8183119300269729e-02 1.2065608404984517e-04 9.6486894684589306e-02 -9.6366238600539458e-02
372 3.6279296875000000e-01 6.0599069813679530e-05 4.8355891390316944e-02 -4.8295292320503266e-02 6.0599069813678005e-05 4.8355891390316944e-02 -4.8295292320503266e-02 1.2119813962735754e-04 9.6711782780633887e-02 -9.6590584641006533e-02
373 3.6376953125000000e-01 6.0868149378090701e-05 4.8467667461420998e-02 -4.8406799312042906e-02 6.0868149378089461e-05 4.8467667461420998e-02 -4.8406799312042906e-02 1.2173629875618017e-04 9.6935334922841995e-02 -9.6813598624085812e-02
374 3.6474609375000000e-01 6.1135281274201443e-05 4.8578772790512169e-02 -4.8517637509237967e-02 6.1135281274200210e-05 4.8578772790512169e-02 -4.8517637509237967e-02 1.2227056254840164e-04 9.7157545581024338e-02 -9.7035275018475933e-02
375 3.6572265625000000e-01 6.1400466054085232e-05 4.8689204632246470e-02 -4.8627804166192383e-02 6.1400466054083958e-05 4.8689204632246470e-02 -4.8627804166192383e-02 1.2280093210816919e-04 9.7378409264492941e-02 -9.7255608332384766e-02
376 3.6669921875000000e-01 6.1663704265843609e-05 4.8798960261030602e-02 -4.8737296556764759e-02 6.1663704265842200e-05 4.8798960261030602e-02 -4.8737296556764759e-02 1.2332740853168581e-04 9.7597920522061204e-02 -9.7474593113529517e-02
377 3.6767578125000000e-01 6.1924996453606475e-05 4.8908036971021938e-02 -4.8846111974568333e-02 6.1924996453605472e-05 4.8908036971021938e-02 -4.8846111974568333e-02 1.2384999290721195e-04 9.7816073942043877e-02 -9.7692223949136667e-02
378 3.6865234375000000e-01 6.2184343157531904e-05 4.9016432076128533e-02 -4.8954247732971003e-02 6.2184343157530399e-05 4.9016432076128533e-02 -4.8954247732971003e-02 1.2436868631506232e-04 9.8032864152257065e-02 -9.7908495465942005e-02
379 3.6962890625000000e-01 6.2441744913806265e-05 4.9124142910009105e-02 -4.9061701165095298e-02 6.2441744913804354e-05 4.9124142910009105e-02 -4.9061701165095298e-02 1.2488348982761060e-04 9.8248285820018211e-02 -9.8123402330190596e-02
380 3.7060546875000000e-01 6.2697202254644185e-05 4.9231166826073064e-02 -4.9168469623818420e-02 6.2697202254642369e-05 4.9231166826073064e-02 -4.9168469623818420e-02 1.2539440450928655e-04 9.8462333652146128e-02 -9.8336939247636840e-02
381 3.7158203125000000e-01 6.2950715708288559e-05 4.9337501197480489e-02 -4.9274550481772199e-02 6.2950715708287827e-05 4.9337501197480489e-02 -4.9274550481772199e-02 1.2590143141657639e-04 9.8675002394960978e-02 -9.8549100963544398e-02
382 3.7255859375000000e-01 6.3202285799010471e-05 4.9443143417142121e-02 -4.9379941131343114e-02 6.3202285799009427e-05 4.9443143417142121e-02 -4.9379941131343114e-02 1.2640457159801988e-04 9.8886286834284243e-02 -9.8759882262686227e-02
383 3.7353515625000000e-01 6.3451913047109300e-05 4.9548090897719402e-02 -4.9484638984672293e-02 6.3451913047108758e-05 4.9548090897719402e-02 -4.9484638984672293e-02 1.2690382609421806e-04 9.9096181795438804e-02 -9.8969277969344585e-02
384 3.7451171875000000e-01 6.3699597968912654e-05 4.9652341071624438e-02 -4.9588641473655527e-02 6.3699597968910906e-05 4.9652341071624438e-02 -4.9588641473655527e-02 1.2739919593782357e-04 9.9304682143248876e-02 -9.9177282947311055e-02
385 3.7548828125000000e-01 6.3945341076776440e-05 4.9755891391020005e-02 -4.9691946049943231e-02 6.3945341076775193e-05 4.9755891391020005e-02 -4.9691946049943231e-02 1.2789068215355163e-04 9.9511782782040009e-02 -9.9383892099886462e-02
386 3.7646484375000000e-01 6.4189142879084708e-05 4.9858739327819569e-02 -4.9794550184940486e-02 6.4189142879083949e-05 4.9858739327819569e-02 -4.9794550184940486e-02 1.2837828575816866e-04 9.9717478655639138e-02 -9.9589100369880973e-02
387 3.7744140625000000e-01 6.4431003880249875e-05 4.9960882373687267e-02 -4.9896451369807020e-02 6.4431003880248709e-05 4.9960882373687267e-02 -4.9896451369807020e-02 1.2886200776049858e-04 9.9921764747374534e-02 -9.9792902739614039e-02
388 3.7841796875000000e-01 6.4670924580712450e-05 5.0062318040037898e-02 -4.9997647115457185e-02 6.4670924580711081e-05 5.0062318040037898e-02 -4.9997647115457185e-02 1.2934184916142352e-04 1.0012463608007580e-01 -9.9995294230914369e-02
389 3.7939453125000000e-01 6.4908905476941388e-05 5.0163043858036951e-02 -5.0098134952560013e-02 6.4908905476940859e-05 5.0163043858036951e-02 -5.0098134952560013e-02 1.2981781095388223e-04 1.0032608771607390e-01 -1.0019626990512003e-01
390 3.8037109375000000e-01 6.5144947061433845e-05 5.0263057378600602e-02 -5.0197912431539170e-02 6.5144947061433466e-05 5.0263057378600602e-02 -5.0197912431539170e-02 1.3028989412286731e-04 1.0052611475720120e-01 -1.0039582486307834e-01
391 3.8134765625000000e-01 6.5379049822715058e-05 5.0362356172395678e-02 -5.0296977122572965e-02 6.5379049822713472e-05 5.0362356172395678e-02 -5.0296977122572965e-02 1.3075809964542854e-04 1.0072471234479136e-01 -1.0059395424514593e-01
392 3.8232421875000000e-01 6.5611214245338666e-05 5.0460937829839694e-02 -5.0395326615594357e-02 6.5611214245337026e-05 5.0460937829839694e-02 -5.0395326615594357e-02 1.3122242849067568e-04 1.0092187565967939e-01 -1.0079065323118871e-01
393 3.8330078125000000e-01 6.5841440809886513e-05 5.0558799961100853e-02 -5.0492958520290968e-02 6.5841440809886296e-05 5.0558799961100853e-02 -5.0492958520290968e-02 1.3168288161977281e-04 1.0111759992220171e-01 -1.0098591704058194e-01
394 3.8427734375000000e-01 6.6069729992968777e-05 5.0655940196098009e-02 -5.0589870466105039e-02 6.6069729992968153e-05 5.0655940196098009e-02 -5.0589870466105039e-02 1.3213945998593693e-04 1.0131188039219602e-01 -1.0117974093221008e-01
395 3.8525390625000000e-01 6.6296082267223731e-05 5.0752356184500719e-02 -5.0686060102233498e-02 6.6296082267222972e-05 5.0752356184500719e-02 -5.0686060102233498e-02 1.3259216453444670e-04 1.0150471236900144e-01 -1.0137212020446700e-01
396 3.8623046875000000e-01 6.6520498101317997e-05 5.0848045595729190e-02 -5.0781525097627872e-02 6.6520498101316669e-05 5.0848045595729190e-02 -5.0781525097627872e-02 1.3304099620263467e-04 1.0169609119145838e-01 -1.0156305019525574e-01
397 3.8720703125000000e-01 6.6742977959946388e-05 5.0943006118954325e-02 -5.0876263140994381e-02 6.6742977959945114e-05 5.0943006118954325e-02 -5.0876263140994381e-02 1.3348595591989150e-04 1.0188601223790865e-01 -1.0175252628198876e-01
398 3.8818359375000000e-01 6.6963522303832077e-05 5.1037235463097692e-02 -5.0970271940793857e-02 6.6963522303831101e-05 5.1037235463097692e-02 -5.0970271940793864e-02 1.3392704460766318e-04 1.0207447092619538e-01 -1.0194054388158773e-01
399 3.8916015625000000e-01 6.7182131589726388e-05 5.1130731356831542e-02 -5.1063549225241818e-02 6.7182131589725398e-05 5.1130731356831542e-02 -5.1063549225241818e-02 1.3436426317945180e-04 1.0226146271366308e-01 -1.0212709845048364e-01
400 3.9013671875000000e-01 6.7398806270408938e-05 5.1223491548578796e-02 -5.1156092742308389e-02 6.7398806270407515e-05 5.1223491548578796e-02 -5.1156092742308389e-02 1.3479761254081644e-04 1.0244698309715759e-01 -1.0231218548461678e-01
401 3.9111328125000000e-01 6.7613546794687509e-05 5.1315513806513065e-02 -5.1247900259718378e-02 6.7613546794686560e-05 5.1315513806513065e-02 -5.1247900259718378e-02 1.3522709358937407e-04 1.0263102761302613e-01 -1.0249580051943676e-01
402 3.9208984375000000e-01 6.7826353607398283e-05 5.1406795918558609e-02 -5.1338969564951209e-02 6.7826353607396643e-05 5.1406795918558609e-02 -5.1338969564951216e-02 1.3565270721479491e-04 1.0281359183711722e-01 -1.0267793912990242e-01
403 3.9306640625000000e-01 6.8037227149405580e-05 5.1497335692390393e-02 -5.1429298465240990e-02 6.8037227149404279e-05 5.1497335692390393e-02 -5.1429298465240990e-02 1.3607445429880986e-04 1.0299467138478079e-01 -1.0285859693048198e-01
404 3.9404296875000000e-01 6.8246167857601988e-05 5.1587130955434032e-02 -5.1518884787576429e-02 6.8246167857601256e-05 5.1587130955434032e-02 -5.1518884787576429e-02 1.3649233571520324e-04 1.0317426191086806e-01 -1.0303776957515286e-01
405 3.9501953125000000e-01 6.8453176164908334e-05 5.1676179554865850e-02 -5.1607726378700945e-02 6.8453176164907725e-05 5.1676179554865850e-02 -5.1607726378700945e-02 1.3690635232981605e-04 1.0335235910973170e-01 -1.0321545275740189e-01
406 3.9599609375000000e-01 6.8658252500273720e-05 5.1764479357612810e-02 -5.1695821105112533e-02 6.8658252500273476e-05 5.1764479357612810e-02 -5.1695821105112533e-02 1.3731650500054720e-04 1.0352895871522562e-01 -1.0339164221022507e-01
407 3.9697265625000000e-01 6.8861397288675418e-05 5.1852028250352580e-02 -5.1783166853063903e-02 6.8861397288674293e-05 5.1852028250352580e-02 -5.1783166853063903e-02 1.3772279457734972e-04 1.0370405650070516e-01 -1.0356633370612781e-01
408 3.9794921875000000e-01 6.9062610951119187e-05 5.1938824139513486e-02 -5.1869761528562368e-02 6.9062610951118442e-05 5.1938824139513486e-02 -5.1869761528562368e-02 1.3812522190223764e-04 1.0387764827902697e-01 -1.0373952305712474e-01
409 3.9892578125000000e-01 6.9261893904638746e-05 5.2024864951274542e-02 -5.1955603057369903e-02 6.9261893904637851e-05 5.2024864951274542e-02 -5.1955603057369903e-02 1.3852378780927660e-04 1.0404972990254908e-01 -1.0391120611473981e-01
410 3.9990234375000000e-01 6.9459246562296242e-05 5.2110148631565434e-02 -5.2040689385003135e-02 6.9459246562295266e-05 5.2110148631565434e-02 -5.2040689385003142e-02 1.3891849312459151e-04 1.0422029726313087e-01 -1.0408137877000628e-01
411 4.0087890625000000e-01 6.9654669333181946e-05 5.2194673146066517e-02 -5.2125018476733335e-02 6.9654669333181403e-05 5.2194673146066517e-02 -5.2125018476733335e-02 1.3930933866636335e-04 1.0438934629213303e-01 -1.0425003695346667e-01
412 4.0185546875000000e-01 6.9848162622414490e-05 5.2278436480208836e-02 -5.2208588317586423e-02 6.9848162622413297e-05 5.2278436480208836e-02 -5.2208588317586423e-02 1.3969632524482779e-04 1.0455687296041767e-01 -1.0441717663517285e-01
413 4.0283203125000000e-01 7.0039726831140723e-05 5.2361436639174100e-02 -5.2291396912342962e-02 7.0039726831140086e-05 5.2361436639174100e-02 -5.2291396912342962e-02 1.4007945366228079e-04 1.0472287327834820e-01 -1.0458279382468592e-01
414 4.0380859375000000e-01 7.0229362356535708e-05 5.2443671647894693e-02 -5.2373442285538155e-02 7.0229362356534922e-05 5.2443671647894693e-02 -5.2373442285538162e-02 1.4045872471307063e-04 1.0488734329578939e-01 -1.0474688457107631e-01
415 4.0478515625000000e-01 7.0417069591802861e-05 5.2525139551053694e-02 -5.2454722481461893e-02 7.0417069591802102e-05 5.2525139551053694e-02 -5.2454722481461893e-02 1.4083413918360496e-04 1.0505027910210739e-01 -1.0490944496292379e-01
416 4.0576171875000000e-01 7.0602848926173633e-05 5.2605838413084832e-02 -5.2535235564158657e-02 7.0602848926173349e-05 5.2605838413084832e-02 -5.2535235564158657e-02 1.4120569785234697e-04 1.0521167682616966e-01 -1.0507047112831731e-01
417 4.0673828125000000e-01 7.0786700744907951e-05 5.2685766318172532e-02 -5.2614979617427622e-02 7.0786700744906474e-05 5.2685766318172532e-02 -5.2614979617427622e-02 1.4157340148981441e-04 1.0537153263634506e-01 -1.0522995923485524e-01
418 4.0771484375000000e-01 7.0968625429293901e-05 5.2764921370251891e-02 -5.2693952744822595e-02 7.0968625429293481e-05 5.2764921370251891e-02 -5.2693952744822595e-02 1.4193725085858740e-04 1.0552984274050378e-01 -1.0538790548964519e-01
419 4.0869140625000000e-01 7.1148623356647784e-05 5.2843301693008667e-02 -5.2772153069652016e-02 7.1148623356647283e-05 5.2843301693008667e-02 -5.2772153069652022e-02 1.4229724671329508e-04 1.0568660338601733e-01 -1.0554430613930404e-01
420 4.0966796875000000e-01 7.1326694900314145e-05 5.2920905429879317e-02 -5.2849578734979002e-02 7.1326694900313264e-05 5.2920905429879317e-02 -5.2849578734979002e-02 1.4265338980062740e-04 1.0584181085975863e-01 -1.0569915746995800e-01
421 4.1064453125000000e-01 7.1502840429665931e-05 5.2997730744050960e-02 -5.2926227903621295e-02 7.1502840429664929e-05 5.2997730744050960e-02 -5.2926227903621295e-02 1.4300568085933086e-04 1.0599546148810192e-01 -1.0585245580724259e-01
422 4.1162109375000000e-01 7.1677060310104077e-05 5.3073775818461399e-02 -5.3002098758151296e-02 7.1677060310103156e-05 5.3073775818461399e-02 -5.3002098758151296e-02 1.4335412062020723e-04 1.0614755163692280e-01 -1.0600419751630259e-01
423 4.1259765625000000e-01 7.1849354903057974e-05 5.3149038855799101e-02 -5.3077189500896044e-02 7.1849354903056944e-05 5.3149038855799101e-02 -5.3077189500896044e-02 1.4369870980611492e-04 1.0629807771159820e-01 -1.0615437900179209e-01
424 4.1357421875000000e-01 7.2019724565985189e-05 5.3223518078503215e-02 -5.3151498353937232e-02 7.2019724565983915e-05 5.3223518078503215e-02 -5.3151498353937232e-02 1.4403944913196910e-04 1.0644703615700643e-01 -1.0630299670787446e-01
425 4.1455078125000000e-01 7.2188169652371586e-05 5.3297211728763581e-02 -5.3225023559111212e-02 7.2188169652370488e-05 5.3297211728763581e-02 -5.3225023559111212e-02 1.4437633930474206e-04 1.0659442345752716e-01 -1.0645004711822242e-01
426 4.1552734375000000e-01 7.2354690511731160e-05 5.3370118068520690e-02 -5.3297763378008962e-02 7.2354690511729574e-05 5.3370118068520690e-02 -5.3297763378008962e-02 1.4470938102346075e-04 1.0674023613704138e-01 -1.0659552675601792e-01
427 4.1650390625000000e-01 7.2519287489606300e-05 5.3442235379465720e-02 -5.3369716091976112e-02 7.2519287489605365e-05 5.3442235379465720e-02 -5.3369716091976112e-02 1.4503857497921165e-04 1.0688447075893144e-01 -1.0673943218395222e-01
428 4.1748046875000000e-01 7.2681960927567610e-05 5.3513561963040537e-02 -5.3440880002112973e-02 7.2681960927566553e-05 5.3513561963040537e-02 -5.3440880002112973e-02 1.4536392185513416e-04 1.0702712392608107e-01 -1.0688176000422595e-01
429 4.1845703125000000e-01 7.2842711163213881e-05 5.3584096140437659e-02 -5.3511253429274444e-02 7.2842711163213149e-05 5.3584096140437659e-02 -5.3511253429274444e-02 1.4568542232642703e-04 1.0716819228087532e-01 -1.0702250685854889e-01
430 4.1943359375000000e-01 7.3001538530172185e-05 5.3653836252600305e-02 -5.3580834714070130e-02 7.3001538530171630e-05 5.3653836252600305e-02 -5.3580834714070130e-02 1.4600307706034380e-04 1.0730767250520061e-01 -1.0716166942814026e-01
431 4.2041015625000000e-01 7.3158443358097881e-05 5.3722780660222354e-02 -5.3649622216864257e-02 7.3158443358096458e-05 5.3722780660222354e-02 -5.3649622216864257e-02 1.4631688671619435e-04 1.0744556132044471e-01 -1.0729924443372851e-01
432 4.2138671875000000e-01 7.3313425972674419e-05 5.3790927743748357e-02 -5.3717614317775685e-02 7.3313425972673646e-05 5.3790927743748357e-02 -5.3717614317775685e-02 1.4662685194534805e-04 1.0758185548749671e-01 -1.0743522863555137e-01
433 4.2236328125000000e-01 7.3466486695613733e-05 5.3858275903373561e-02 -5.3784809416677945e-02 7.3466486695612405e-05 5.3858275903373561e-02 -5.3784809416677945e-02 1.4693297339122614e-04 1.0771655180674712e-01 -1.0756961883335589e-01
434 4.2333984375000000e-01 7.3617625844655800e-05 5.3924823559043877e-02 -5.3851205933199219e-02 7.3617625844655556e-05 5.3924823559043877e-02 -5.3851205933199219e-02 1.4723525168931136e-04 1.0784964711808775e-01 -1.0770241186639844e-01
435 4.2431640625000000e-01 7.3766843733569080e-05 5.3990569150455886e-02 -5.3916802306722314e-02 7.3766843733568050e-05 5.3990569150455886e-02 -5.3916802306722321e-02 1.4753368746713713e-04 1.0798113830091177e-01 -1.0783360461344463e-01
436 4.2529296875000000e-01 7.3914140672150100e-05 5.4055511137056859e-02 -5.3981596996384711e-02 7.3914140672149694e-05 5.4055511137056859e-02 -5.3981596996384711e-02 1.4782828134429979e-04 1.0811102227411372e-01 -1.0796319399276942e-01
437 4.2626953125000000e-01 7.4059516966223604e-05 5.4119647998044730e-02 -5.4045588481078509e-02 7.4059516966222506e-05 5.4119647998044730e-02 -5.4045588481078509e-02 1.4811903393244610e-04 1.0823929599608946e-01 -1.0809117696215702e-01
438 4.2724609375000000e-01 7.4202972917642750e-05 5.4182978232368117e-02 -5.4108775259450473e-02 7.4202972917642479e-05 5.4182978232368117e-02 -5.4108775259450473e-02 1.4840594583528523e-04 1.0836595646473623e-01 -1.0821755051890095e-01
439 4.2822265625000000e-01 7.4344508824288793e-05 5.4245500358726315e-02 -5.4171155849902022e-02 7.4344508824287979e-05 5.4245500358726315e-02 -5.4171155849902029e-02 1.4868901764857677e-04 1.0849100071745263e-01 -1.0834231169980406e-01
440 4.2919921875000000e-01 7.4484124980071269e-05 5.4307212915569288e-02 -5.4232728790589213e-02 7.4484124980071513e-05 5.4307212915569288e-02 -5.4232728790589213e-02 1.4896824996014278e-04 1.0861442583113858e-01 -1.0846545758117843e-01
441 4.3017578125000000e-01 7.4621821674928065e-05 5.4368114461097683e-02 -5.4293492639422757e-02 7.4621821674927103e-05 5.4368114461097683e-02 -5.4293492639422757e-02 1.4924364334985518e-04 1.0873622892219537e-01 -1.0858698527884551e-01
442 4.3115234375000000e-01 7.4757599194825175e-05 5.4428203573262821e-02 -5.4353445974067993e-02 7.4757599194824552e-05 5.4428203573262821e-02 -5.4353445974067993e-02 1.4951519838964973e-04 1.0885640714652564e-01 -1.0870689194813599e-01
443 4.3212890625000000e-01 7.4891457821756876e-05 5.4487478849766693e-02 -5.4412587391944933e-02 7.4891457821756293e-05 5.4487478849766693e-02 -5.4412587391944940e-02 1.4978291564351316e-04 1.0897495769953339e-01 -1.0882517478388988e-01
444 4.3310546875000000e-01 7.5023397833745781e-05 5.4545938908061982e-02 -5.4470915510228236e-02 7.5023397833745415e-05 5.4545938908061982e-02 -5.4470915510228236e-02 1.5004679566749118e-04 1.0909187781612396e-01 -1.0894183102045647e-01
445 4.3408203125000000e-01 7.5153419504842746e-05 5.4603582385352026e-02 -5.4528428965847184e-02 7.5153419504841838e-05 5.4603582385352026e-02 -5.4528428965847184e-02 1.5030683900968460e-04 1.0920716477070405e-01 -1.0905685793169437e-01
446 4.3505859375000000e-01 7.5281523105126815e-05 5.4660407938590859e-02 -5.4585126415485734e-02 7.5281523105125907e-05 5.4660407938590859e-02 -5.4585126415485734e-02 1.5056304621025273e-04 1.0932081587718172e-01 -1.0917025283097147e-01
447 4.3603515625000000e-01 7.5407708900705300e-05 5.4716414244483175e-02 -5.4641006535582466e-02 7.5407708900704595e-05 5.4716414244483175e-02 -5.4641006535582473e-02 1.5081541780140990e-04 1.0943282848896635e-01 -1.0928201307116495e-01
448 4.3701171875000000e-01 7.5531977153713703e-05 5.4771599999484361e-02 -5.4696068022330645e-02 7.5531977153712714e-05 5.4771599999484361e-02 -5.4696068022330645e-02 1.5106395430742643e-04 1.0954319999896872e-01 -1.0939213604466129e-01
449 4.3798828125000000e-01 7.5654328122315876e-05 5.4825963919800456e-02 -5.4750309591678141e-02 7.5654328122314520e-05 5.4825963919800456e-02 -5.4750309591678141e-02 1.5130865624463040e-04 1.0965192783960091e-01 -1.0950061918335628e-01
450 4.3896484375000000e-01 7.5774762060703803e-05 5.4879504741388203e-02 -5.4803729979327497e-02 7.5774762060702963e-05 5.4879504741388203e-02 -5.4803729979327503e-02 1.5154952412140677e-04 1.0975900948277641e-01 -1.0960745995865501e-01
451 4.3994140625000000e-01 7.5893279219097957e-05 5.4932221219954995e-02 -5.4856327940735895e-02 7.5893279219097469e-05 5.4932221219954995e-02 -5.4856327940735895e-02 1.5178655843819543e-04 1.0986444243990999e-01 -1.0971265588147179e-01
452 4.4091796875000000e-01 7.6009879843746725e-05 5.4984112130958919e-02 -5.4908102251115171e-02 7.6009879843745424e-05 5.4984112130958919e-02 -5.4908102251115171e-02 1.5201975968749215e-04 1.0996822426191784e-01 -1.0981620450223034e-01
453 4.4189453125000000e-01 7.6124564176926969e-05 5.5035176269608736e-02 -5.4959051705431812e-02 7.6124564176925492e-05 5.5035176269608736e-02 -5.4959051705431812e-02 1.5224912835385247e-04 1.1007035253921747e-01 -1.0991810341086362e-01
454 4.4287109375000000e-01 7.6237332456943711e-05 5.5085412450863881e-02 -5.5009175118406937e-02 7.6237332456943508e-05 5.5085412450863881e-02 -5.5009175118406937e-02 1.5247466491388723e-04 1.1017082490172776e-01 -1.1001835023681387e-01
455 4.4384765625000000e-01 7.6348184918130269e-05 5.5134819509434455e-02 -5.5058471324516321e-02 7.6348184918128886e-05 5.5134819509434455e-02 -5.5058471324516328e-02 1.5269636983625915e-04 1.1026963901886891e-01 -1.1011694264903266e-01
456 4.4482421875000000e-01 7.6457121790848216e-05 5.5183396299781251e-02 -5.5106939177990401e-02 7.6457121790846915e-05 5.5183396299781251e-02 -5.5106939177990401e-02 1.5291424358169513e-04 1.1036679259956250e-01 -1.1021387835598080e-01
457 4.4580078125000000e-01 7.6564143301487356e-05 5.5231141696115732e-02 -5.5154577552814242e-02 7.6564143301485527e-05 5.5231141696115732e-02 -5.5154577552814249e-02 1.5312828660297290e-04 1.1046228339223146e-01 -1.1030915510562850e-01
458 4.4677734375000000e-01 7.6669249672465639e-05 5.5278054592400025e-02 -5.5201385342727560e-02 7.6669249672464649e-05 5.5278054592400025e-02 -5.5201385342727560e-02 1.5333849934493030e-04 1.1055610918480005e-01 -1.1040277068545512e-01
459 4.4775390625000000e-01 7.6772441122229554e-05 5.5324133902346959e-02 -5.5247361461224727e-02 7.6772441122228876e-05 5.5324133902346959e-02 -5.5247361461224727e-02 1.5354488224445843e-04 1.1064826780469392e-01 -1.1049472292244945e-01
460 4.4873046875000000e-01 7.6873717865253428e-05 5.5369378559420021e-02 -5.5292504841554770e-02 7.6873717865252858e-05 5.5369378559420021e-02 -5.5292504841554770e-02 1.5374743573050629e-04 1.1073875711884004e-01 -1.1058500968310954e-01
461 4.4970703125000000e-01 7.6973080112040262e-05 5.5413787516833367e-02 -5.5336814436721324e-02 7.6973080112039815e-05 5.5413787516833367e-02 -5.5336814436721324e-02 1.5394616022408006e-04 1.1082757503366673e-01 -1.1067362887344265e-01
462 4.5068359375000000e-01 7.7070528069120907e-05 5.5457359747551851e-02 -5.5380289219482730e-02 7.7070528069119593e-05 5.5457359747551851e-02 -5.5380289219482730e-02 1.5414105613824049e-04 1.1091471949510370e-01 -1.1076057843896546e-01
463 4.5166015625000000e-01 7.7166061939054823e-05 5.5500094244290983e-02 -5.5422928182351928e-02 7.7166061939053725e-05 5.5500094244290983e-02 -5.5422928182351928e-02 1.5433212387810853e-04 1.1100018848858197e-01 -1.1084585636470386e-01
464 4.5263671875000000e-01 7.7259681920429480e-05 5.5541990019516971e-02 -5.5464730337596545e-02 7.7259681920428355e-05 5.5541990019516971e-02 -5.5464730337596545e-02 1.5451936384085782e-04 1.1108398003903394e-01 -1.1092946067519309e-01
465 4.5361328125000000e-01 7.7351388207860672e-05 5.5583046105446669e-02 -5.5505694717238811e-02 7.7351388207859669e-05 5.5583046105446669e-02 -5.5505694717238811e-02 1.5470277641572034e-04 1.1116609221089334e-01 -1.1101138943447762e-01
466 4.5458984375000000e-01 7.7441180991992518e-05 5.5623261554047634e-02 -5.5545820373055645e-02 7.7441180991990539e-05 5.5623261554047634e-02 -5.5545820373055645e-02 1.5488236198398306e-04 1.1124652310809527e-01 -1.1109164074611129e-01
467 4.5556640625000000e-01 7.7529060459497132e-05 5.5662635437038088e-02 -5.5585106376578590e-02 7.7529060459495628e-05 5.5662635437038088e-02 -5.5585106376578590e-02 1.5505812091899277e-04 1.1132527087407618e-01 -1.1117021275315718e-01
468 4.5654296875000000e-01 7.7615026793075159e-05 5.5701166845886933e-02 -5.5623551819093855e-02 7.7615026793073410e-05 5.5701166845886933e-02 -5.5623551819093862e-02 1.5523005358614856e-04 1.1140233369177387e-01 -1.1124710363818772e-01
469 4.5751953125000000e-01 7.7699080171455333e-05 5.5738854891813738e-02 -5.5661155811642285e-02 7.7699080171454859e-05 5.5738854891813738e-02 -5.5661155811642285e-02 1.5539816034291018e-04 1.1147770978362748e-01 -1.1132231162328457e-01
470 4.5849609375000000e-01 7.7781220769394878e-05 5.5775698705788759e-02 -5.5697917485019365e-02 7.7781220769393373e-05 5.5775698705788759e-02 -5.5697917485019365e-02 1.5556244153878826e-04 1.1155139741157752e-01 -1.1139583497003873e-01
471 4.5947265625000000e-01 7.7861448757678836e-05 5.5811697438532919e-02 -5.5733835989775243e-02 7.7861448757677793e-05 5.5811697438532919e-02 -5.5733835989775243e-02 1.5572289751535664e-04 1.1162339487706584e-01 -1.1146767197955049e-01
472 4.6044921875000000e-01 7.7939764303120847e-05 5.5846850260517826e-02 -5.5768910496214706e-02 7.7939764303119953e-05 5.5846850260517826e-02 -5.5768910496214706e-02 1.5587952860624080e-04 1.1169370052103565e-01 -1.1153782099242941e-01
473 4.6142578125000000e-01 7.8016167568562711e-05 5.5881156361965757e-02 -5.5803140194397194e-02 7.8016167568561220e-05 5.5881156361965757e-02 -5.5803140194397194e-02 1.5603233513712393e-04 1.1176231272393151e-01 -1.1160628038879439e-01
474 4.6240234375000000e-01 7.8090658712874495e-05 5.5914614952849676e-02 -5.5836524294136804e-02 7.8090658712873628e-05 5.5914614952849676e-02 -5.5836524294136804e-02 1.5618131742574812e-04 1.1182922990569935e-01 -1.1167304858827361e-01
475 4.6337890625000000e-01 7.8163237890954403e-05 5.5947225262893203e-02 -5.5869062025002247e-02 7.8163237890953427e-05 5.5947225262893203e-02 -5.5869062025002247e-02 1.5632647578190783e-04 1.1189445052578641e-01 -1.1173812405000449e-01
476 4.6435546875000000e-01 7.8233905253729014e-05 5.5978986541570651e-02 -5.5900752636316921e-02 7.8233905253728987e-05 5.5978986541570651e-02 -5.5900752636316921e-02 1.5646781050745800e-04 1.1195797308314130e-01 -1.1180150527263384e-01
477 4.6533203125000000e-01 7.8302660948153193e-05 5.6009898058107001e-02 -5.5931595397158848e-02 7.8302660948152000e-05 5.6009898058107001e-02 -5.5931595397158848e-02 1.5660532189630519e-04 1.1201979611621400e-01 -1.1186319079431770e-01
478 4.6630859375000000e-01 7.8369505117209813e-05 5.6039959101477924e-02 -5.5961589596360717e-02 7.8369505117208390e-05 5.6039959101477924e-02 -5.5961589596360717e-02 1.5673901023441822e-04 1.1207991820295585e-01 -1.1192317919272143e-01
479 4.6728515625000000e-01 7.8434437899910277e-05 5.6069168980409742e-02 -5.5990734542509829e-02 7.8434437899909301e-05 5.6069168980409742e-02 -5.5990734542509836e-02 1.5686887579981958e-04 1.1213833796081948e-01 -1.1198146908501966e-01
480 4.6826171875000000e-01 7.8497459431294052e-05 5.6097527023379473e-02 -5.6019029563948178e-02 7.8497459431293212e-05 5.6097527023379473e-02 -5.6019029563948178e-02 1.5699491886258726e-04 1.1219505404675895e-01 -1.1203805912789636e-01
481 4.6923828125000000e-01 7.8558569842428875e-05 5.6125032578614814e-02 -5.6046474008772385e-02 7.8558569842427913e-05 5.6125032578614814e-02 -5.6046474008772385e-02 1.5711713968485680e-04 1.1225006515722963e-01 -1.1209294801754477e-01
482 4.7021484375000000e-01 7.8617769260410820e-05 5.6151685014094121e-02 -5.6073067244833713e-02 7.8617769260409343e-05 5.6151685014094121e-02 -5.6073067244833713e-02 1.5723553852082015e-04 1.1230337002818824e-01 -1.1214613448966743e-01
483 4.7119140625000000e-01 7.8675057808364257e-05 5.6177483717546432e-02 -5.6098808659738070e-02 7.8675057808363553e-05 5.6177483717546432e-02 -5.6098808659738070e-02 1.5735011561672781e-04 1.1235496743509286e-01 -1.1219761731947614e-01
484 4.7216796875000000e-01 7.8730435605441610e-05 5.6202428096451471e-02 -5.6123697660846031e-02 7.8730435605440797e-05 5.6202428096451471e-02 -5.6123697660846031e-02 1.5746087121088241e-04 1.1240485619290294e-01 -1.1224739532169206e-01
485 4.7314453125000000e-01 7.8783902766823652e-05 5.6226517578039627e-02 -5.6147733675272801e-02 7.8783902766822419e-05 5.6226517578039627e-02 -5.6147733675272801e-02 1.5756780553364608e-04 1.1245303515607925e-01 -1.1229546735054560e-01
486 4.7412109375000000e-01 7.8835459403719412e-05 5.6249751609291972e-02 -5.6170916149888249e-02 7.8835459403717948e-05 5.6249751609291972e-02 -5.6170916149888256e-02 1.5767091880743736e-04 1.1249950321858394e-01 -1.1234183229977651e-01
487 4.7509765625000000e-01 7.8885105623366188e-05 5.6272129656940249e-02 -5.6193244551316884e-02 7.8885105623364765e-05 5.6272129656940249e-02 -5.6193244551316884e-02 1.5777021124673094e-04 1.1254425931388050e-01 -1.1238648910263377e-01
488 4.7607421875000000e-01 7.8932841529029413e-05 5.6293651207466884e-02 -5.6214718365937853e-02 7.8932841529027990e-05 5.6293651207466884e-02 -5.6214718365937853e-02 1.5786568305805742e-04 1.1258730241493377e-01 -1.1242943673187571e-01
489 4.7705078125000000e-01 7.8978667220003004e-05 5.6314315767104967e-02 -5.6235337099884965e-02 7.8978667220001852e-05 5.6314315767104967e-02 -5.6235337099884965e-02 1.5795733444000484e-04 1.1262863153420993e-01 -1.1247067419976993e-01
490 4.7802734375000000e-01 7.9022582791608880e-05 5.6334122861838268e-02 -5.6255100279046656e-02 7.9022582791608853e-05 5.6334122861838268e-02 -5.6255100279046656e-02 1.5804516558321773e-04 1.1266824572367654e-01 -1.1251020055809331e-01
491 4.7900390625000000e-01 7.9064588335197428e-05 5.6353072037401253e-02 -5.6274007449066056e-02 7.9064588335196696e-05 5.6353072037401253e-02 -5.6274007449066056e-02 1.5812917667039412e-04 1.1270614407480251e-01 -1.1254801489813211e-01
492 4.7998046875000000e-01 7.9104683938147064e-05 5.6371162859279032e-02 -5.6292058175340887e-02 7.9104683938144692e-05 5.6371162859279032e-02 -5.6292058175340887e-02 1.5820936787629174e-04 1.1274232571855806e-01 -1.1258411635068177e-01
493 4.8095703125000000e-01 7.9142869683864484e-05 5.6388394912707411e-02 -5.6309252043023547e-02 7.9142869683863074e-05 5.6388394912707411e-02 -5.6309252043023547e-02 1.5828573936772756e-04 1.1277678982541482e-01 -1.1261850408604709e-01
494 4.8193359375000000e-01 7.9179145651784831e-05 5.6404767802672874e-02 -5.6325588657021086e-02 7.9179145651784682e-05 5.6404767802672874e-02 -5.6325588657021086e-02 1.5835829130356953e-04 1.1280953560534575e-01 -1.1265117731404217e-01
495 4.8291015625000000e-01 7.9213511917371410e-05 5.6420281153912573e-02 -5.6341067641995202e-02 7.9213511917369987e-05 5.6420281153912573e-02 -5.6341067641995202e-02 1.5842702383474141e-04 1.1284056230782515e-01 -1.1268213528399040e-01
496 4.8388671875000000e-01 7.9245968552115590e-05 5.6434934610914332e-02 -5.6355688642362220e-02 7.9245968552115237e-05 5.6434934610914332e-02 -5.6355688642362220e-02 1.5849193710423083e-04 1.1286986922182866e-01 -1.1271137728472444e-01
497 4.8486328125000000e-01 7.9276515623537294e-05 5.6448727837916664e-02 -5.6369451322293124e-02 7.9276515623535749e-05 5.6448727837916664e-02 -5.6369451322293131e-02 1.5855303124707304e-04 1.1289745567583333e-01 -1.1273890264458626e-01
498 4.8583984375000000e-01 7.9305153195184417e-05 5.6461660518908746e-02 -5.6382355365713559e-02 7.9305153195183671e-05 5.6461660518908746e-02 -5.6382355365713566e-02 1.5861030639036810e-04 1.1292332103781749e-01 -1.1276471073142712e-01
499 4.8681640625000000e-01 7.9331881326633258e-05 5.6473732357630438e-02 -5.6394400476303806e-02 7.9331881326632093e-05 5.6473732357630438e-02 -5.6394400476303806e-02 1.5866376265326535e-04 1.1294746471526088e-01 -1.1278880095260761e-01
500 4.8779296875000000e-01 7.9356700073488347e-05 5.6484943077572278e-02 -5.6405586377498790e-02 7.9356700073487588e-05 5.6484943077572278e-02 -5.6405586377498790e-02 1.5871340014697593e-04 1.1296988615514456e-01 -1.1281117275499758e-01
501 4.8876953125000000e-01 7.9379609487382330e-05 5.6495292421975471e-02 -5.6415912812488089e-02 7.9379609487380636e-05 5.6495292421975471e-02 -5.6415912812488089e-02 1.5875921897476298e-04 1.1299058484395094e-01 -1.1283182562497618e-01
502 4.8974609375000000e-01 7.9400609615976371e-05 5.6504780153831910e-02 -5.6425379544215934e-02 7.9400609615974853e-05 5.6504780153831910e-02 -5.6425379544215934e-02 1.5880121923195122e-04 1.1300956030766382e-01 -1.1285075908843187e-01
503 4.9072265625000000e-01 7.9419700502959600e-05 5.6513406055884154e-02 -5.6433986355381195e-02 7.9419700502958394e-05 5.6513406055884154e-02 -5.6433986355381195e-02 1.5883940100591801e-04 1.1302681211176831e-01 -1.1286797271076239e-01
504 4.9169921875000000e-01 7.9436882188049652e-05 5.6521169930625441e-02 -5.6441733048437394e-02 7.9436882188049109e-05 5.6521169930625441e-02 -5.6441733048437394e-02 1.5887376437609876e-04 1.1304233986125088e-01 -1.1288346609687479e-01
505 4.9267578125000000e-01 7.9452154706992318e-05 5.6528071600299691e-02 -5.6448619445592700e-02 7.9452154706991546e-05 5.6528071600299691e-02 -5.6448619445592700e-02 1.5890430941398388e-04 1.1305614320059938e-01 -1.1289723889118540e-01
506 4.9365234375000000e-01 7.9465518091561459e-05 5.6534110906901490e-02 -5.6454645388809926e-02 7.9465518091560348e-05 5.6534110906901490e-02 -5.6454645388809926e-02 1.5893103618312181e-04 1.1306822181380298e-01 -1.1290929077761985e-01
507 4.9462890625000000e-01 7.9476972369559379e-05 5.6539287712176103e-02 -5.6459810739806542e-02 7.9476972369558417e-05 5.6539287712176103e-02 -5.6459810739806542e-02 1.5895394473911781e-04 1.1307857542435221e-01 -1.1291962147961308e-01
508 4.9560546875000000e-01 7.9486517564816516e-05 5.6543601897619485e-02 -5.6464115380054671e-02 7.9486517564816069e-05 5.6543601897619485e-02 -5.6464115380054671e-02 1.5897303512963257e-04 1.1308720379523897e-01 -1.1292823076010934e-01
509 4.9658203125000000e-01 7.9494153697191809e-05 5.6547053364478239e-02 -5.6467559210781046e-02 7.9494153697191755e-05 5.6547053364478239e-02 -5.6467559210781046e-02 1.5898830739438356e-04 1.1309410672895648e-01 -1.1293511842156209e-01
510 4.9755859375000000e-01 7.9499880782572154e-05 5.6549642033749674e-02 -5.6470142152967098e-02 7.9499880782570568e-05 5.6549642033749674e-02 -5.6470142152967105e-02 1.5899976156514271e-04 1.1309928406749935e-01 -1.1294028430593421e-01
511 4.9853515625000000e-01 7.9503698832872769e-05 5.6551367846181762e-02 -5.6471864147348887e-02 7.9503698832871184e-05 5.6551367846181762e-02 -5.6471864147348894e-02 1.5900739766574394e-04 1.1310273569236352e-01 -1.1294372829469777e-01
512 4.9951171875000000e-01 7.9505607856037252e-05 5.6552230762273142e-02 -5.6472725154417105e-02 7.9505607856036331e-05 5.6552230762273142e-02 -5.6472725154417105e-02 1.5901121571207358e-04 1.1310446152454628e-01 -1.1294545030883421e-01
513 5.0048828125000000e-01 7.9505607856037225e-05 5.6552230762273142e-02 -5.6472725154417105e-02 7.9505607856036303e-05 5.6552230762273142e-02 -5.6472725154417105e-02 1.5901121571207353e-04 1.1310446152454628e-01 -1.1294545030883421e-01
514 5.0146484375000000e-01 7.9503698832872701e-05 5.6551367846181762e-02 -5.6471864147348887e-02 7.9503698832871238e-05 5.6551367846181762e-02 -5.6471864147348894e-02 1.5900739766574394e-04 1.1310273569236352e-01 -1.1294372829469777e-01
515 5.0244140625000000e-01 7.9499880782572100e-05 5.6549642033749674e-02 -5.6470142152967105e-02 7.9499880782571490e-05 5.6549642033749674e-02 -5.6470142152967105e-02 1.5899976156514358e-04 1.1309928406749935e-01 -1.1294028430593421e-01
516 5.0341796875000000e-01 7.9494153697191782e-05 5.6547053364478239e-02 -5.6467559210781046e-02 7.9494153697190508e-05 5.6547053364478239e-02 -5.6467559210781046e-02 1.5898830739438229e-04 1.1309410672895648e-01 -1.1293511842156209e-01
517 5.0439453125000000e-01 7.9486517564816462e-05 5.6543601897619485e-02 -5.6464115380054671e-02 7.9486517564815446e-05 5.6543601897619485e-02 -5.6464115380054671e-02 1.5897303512963192e-04 1.1308720379523897e-01 -1.1292823076010934e-01
518 5.0537109375000000e-01 7.9476972369559270e-05 5.6539287712176103e-02 -5.6459810739806542e-02 7.9476972369558051e-05 5.6539287712176103e-02 -5.6459810739806549e-02 1.5895394473911732e-04 1.1307857542435221e-01 -1.1291962147961308e-01
519 5.0634765625000000e-01 7.9465518091561337e-05 5.6534110906901490e-02 -5.6454645388809926e-02 7.9465518091560754e-05 5.6534110906901490e-02 -5.6454645388809926e-02 1.5893103618312210e-04 1.1306822181380298e-01 -1.1290929077761985e-01
520 5.0732421875000000e-01 7.9452154706992250e-05 5.6528071600299691e-02 -5.6448619445592700e-02 7.9452154706991912e-05 5.6528071600299691e-02 -5.6448619445592700e-02 1.5890430941398415e-04 1.1305614320059938e-01 -1.1289723889118540e-01
521 5.0830078125000000e-01 7.9436882188049665e-05 5.6521169930625441e-02 -5.6441733048437394e-02 7.9436882188048039e-05 5.6521169930625441e-02 -5.6441733048437394e-02 1.5887376437609770e-04 1.1304233986125088e-01 -1.1288346609687479e-01
522 5.0927734375000000e-01 7.9419700502959587e-05 5.6513406055884154e-02 -5.6433986355381195e-02 7.9419700502959166e-05 5.6513406055884154e-02 -5.6433986355381195e-02 1.5883940100591877e-04 1.1302681211176831e-01 -1.1286797271076239e-01
523 5.1025390625000000e-01 7.9400609615976221e-05 5.6504780153831910e-02 -5.6425379544215934e-02 7.9400609615974975e-05 5.6504780153831910e-02 -5.6425379544215934e-02 1.5880121923195120e-04 1.1300956030766382e-01 -1.1285075908843187e-01
524 5.1123046875000000e-01 7.9379609487382222e-05 5.6495292421975471e-02 -5.6415912812488089e-02 7.9379609487380853e-05 5.6495292421975471e-02 -5.6415912812488089e-02 1.5875921897476309e-04 1.1299058484395094e-01 -1.1283182562497618e-01
525 5.1220703125000000e-01 7.9356700073488198e-05 5.6484943077572278e-02 -5.6405586377498790e-02 7.9356700073487845e-05 5.6484943077572278e-02 -5.6405586377498790e-02 1.5871340014697604e-04 1.1296988615514456e-01 -1.1281117275499758e-01
526 5.1318359375000000e-01 7.9331881326633123e-05 5.6473732357630438e-02 -5.6394400476303806e-02 7.9331881326631483e-05 5.6473732357630438e-02 -5.6394400476303806e-02 1.5866376265326462e-04 1.1294746471526088e-01 -1.1278880095260761e-01
527 5.1416015625000000e-01 7.9305153195184295e-05 5.6461660518908746e-02 -5.6382355365713559e-02 7.9305153195183454e-05 5.6461660518908746e-02 -5.6382355365713566e-02 1.5861030639036775e-04 1.1292332103781749e-01 -1.1276471073142713e-01
528 5.1513671875000000e-01 7.9276515623537185e-05 5.6448727837916664e-02 -5.6369451322293124e-02 7.9276515623536697e-05 5.6448727837916664e-02 -5.6369451322293124e-02 1.5855303124707388e-04 1.1289745567583333e-01 -1.1273890264458625e-01
529 5.1611328125000000e-01 7.9245968552115522e-05 5.6434934610914332e-02 -5.6355688642362220e-02 7.9245968552114343e-05 5.6434934610914332e-02 -5.6355688642362220e-02 1.5849193710422985e-04 1.1286986922182866e-01 -1.1271137728472444e-01
530 5.1708984375000000e-01 7.9213511917371302e-05 5.6420281153912573e-02 -5.6341067641995202e-02 7.9213511917371017e-05 5.6420281153912573e-02 -5.6341067641995202e-02 1.5842702383474233e-04 1.1284056230782515e-01 -1.1268213528399040e-01
531 5.1806640625000000e-01 7.9179145651784764e-05 5.6404767802672874e-02 -5.6325588657021086e-02 7.9179145651784736e-05 5.6404767802672874e-02 -5.6325588657021086e-02 1.5835829130356950e-04 1.1280953560534575e-01 -1.1265117731404217e-01
532 5.1904296875000000e-01 7.9142869683864443e-05 5.6388394912707411e-02 -5.6309252043023547e-02 7.9142869683863765e-05 5.6388394912707411e-02 -5.6309252043023547e-02 1.5828573936772821e-04 1.1277678982541482e-01 -1.1261850408604709e-01
533 5.2001953125000000e-01 7.9104683938147036e-05 5.6371162859279032e-02 -5.6292058175340887e-02 7.9104683938146467e-05 5.6371162859279032e-02 -5.6292058175340887e-02 1.5820936787629350e-04 1.1274232571855806e-01 -1.1258411635068177e-01
534 5.2099609375000000e-01 7.9064588335197374e-05 5.6353072037401253e-02 -5.6274007449066056e-02 7.9064588335195598e-05 5.6353072037401253e-02 -5.6274007449066056e-02 1.5812917667039296e-04 1.1270614407480251e-01 -1.1254801489813211e-01
535 5.2197265625000000e-01 7.9022582791608893e-05 5.6334122861838268e-02 -5.6255100279046656e-02 7.9022582791608229e-05 5.6334122861838268e-02 -5.6255100279046656e-02 1.5804516558321711e-04 1.1266824572367654e-01 -1.1251020055809331e-01
536 5.2294921875000000e-01 7.8978667220003018e-05 5.6314315767104967e-02 -5.6235337099884965e-02 7.8978667220001636e-05 5.6314315767104967e-02 -5.6235337099884965e-02 1.5795733444000465e-04 1.1262863153420993e-01 -1.1247067419976993e-01
537 5.2392578125000000e-01 7.8932841529029399e-05 5.6293651207466884e-02 -5.6214718365937853e-02 7.8932841529028599e-05 5.6293651207466884e-02 -5.6214718365937853e-02 1.5786568305805801e-04 1.1258730241493377e-01 -1.1242943673187571e-01
538 5.2490234375000000e-01 7.8885105623366188e-05 5.6272129656940249e-02 -5.6193244551316884e-02 7.8885105623365592e-05 5.6272129656940249e-02 -5.6193244551316884e-02 1.5777021124673178e-04 1.1254425931388050e-01 -1.1238648910263377e-01
539 5.2587890625000000e-01 7.8835459403719425e-05 5.6249751609291972e-02 -5.6170916149888249e-02 7.8835459403718788e-05 5.6249751609291972e-02 -5.6170916149888256e-02 1.5767091880743823e-04 1.1249950321858394e-01 -1.1234183229977651e-01
540 5.2685546875000000e-01 7.8783902766823638e-05 5.6226517578039627e-02 -5.6147733675272801e-02 7.8783902766822026e-05 5.6226517578039627e-02 -5.6147733675272808e-02 1.5756780553364565e-04 1.1245303515607925e-01 -1.1229546735054560e-01
541 5.2783203125000000e-01 7.8730435605441570e-05 5.6202428096451471e-02 -5.6123697660846031e-02 7.8730435605440106e-05 5.6202428096451471e-02 -5.6123697660846031e-02 1.5746087121088168e-04 1.1240485619290294e-01 -1.1224739532169206e-01
542 5.2880859375000000e-01 7.8675057808364257e-05 5.6177483717546432e-02 -5.6098808659738070e-02 7.8675057808364176e-05 5.6177483717546432e-02 -5.6098808659738070e-02 1.5735011561672843e-04 1.1235496743509286e-01 -1.1219761731947614e-01
543 5.2978515625000000e-01 7.8617769260410847e-05 5.6151685014094121e-02 -5.6073067244833713e-02 7.8617769260410183e-05 5.6151685014094121e-02 -5.6073067244833713e-02 1.5723553852082102e-04 1.1230337002818824e-01 -1.1214613448966743e-01
544 5.3076171875000000e-01 7.8558569842428821e-05 5.6125032578614814e-02 -5.6046474008772385e-02 7.8558569842428048e-05 5.6125032578614814e-02 -5.6046474008772385e-02 1.5711713968485686e-04 1.1225006515722963e-01 -1.1209294801754477e-01
545 5.3173828125000000e-01 7.8497459431293957e-05 5.6097527023379473e-02 -5.6019029563948178e-02 7.8497459431292412e-05 5.6097527023379473e-02 -5.6019029563948178e-02 1.5699491886258637e-04 1.1219505404675895e-01 -1.1203805912789636e-01
546 5.3271484375000000e-01 7.8434437899910277e-05 5.6069168980409742e-02 -5.5990734542509829e-02 7.8434437899909843e-05 5.6069168980409742e-02 -5.5990734542509829e-02 1.5686887579982012e-04 1.1213833796081948e-01 -1.1198146908501966e-01
547 5.3369140625000000e-01 7.8369505117209827e-05 5.6039959101477924e-02 -5.5961589596360717e-02 7.8369505117209203e-05 5.6039959101477924e-02 -5.5961589596360717e-02 1.5673901023441903e-04 1.1207991820295585e-01 -1.1192317919272143e-01
548 5.3466796875000000e-01 7.8302660948153152e-05 5.6009898058107001e-02 -5.5931595397158848e-02 7.8302660948152190e-05 5.6009898058107001e-02 -5.5931595397158848e-02 1.5660532189630533e-04 1.1201979611621400e-01 -1.1186319079431770e-01
549 5.3564453125000000e-01 7.8233905253729041e-05 5.5978986541570651e-02 -5.5900752636316921e-02 7.8233905253727103e-05 5.5978986541570651e-02 -5.5900752636316921e-02 1.5646781050745616e-04 1.1195797308314130e-01 -1.1180150527263384e-01
550 5.3662109375000000e-01 7.8163237890954565e-05 5.5947225262893203e-02 -5.5869062025002247e-02 7.8163237890952831e-05 5.5947225262893203e-02 -5.5869062025002247e-02 1.5632647578190740e-04 1.1189445052578641e-01 -1.1173812405000449e-01
551 5.3759765625000000e-01 7.8090658712874603e-05 5.5914614952849676e-02 -5.5836524294136804e-02 7.8090658712873411e-05 5.5914614952849676e-02 -5.5836524294136804e-02 1.5618131742574801e-04 1.1182922990569935e-01 -1.1167304858827361e-01
552 5.3857421875000000e-01 7.8016167568562778e-05 5.5881156361965757e-02 -5.5803140194397194e-02 7.8016167568561979e-05 5.5881156361965757e-02 -5.5803140194397194e-02 1.5603233513712477e-04 1.1176231272393151e-01 -1.1160628038879439e-01
553 5.3955078125000000e-01 7.7939764303120834e-05 5.5846850260517826e-02 -5.5768910496214706e-02 7.7939764303120129e-05 5.5846850260517826e-02 -5.5768910496214706e-02 1.5587952860624096e-04 1.1169370052103565e-01 -1.1153782099242941e-01
554 5.4052734375000000e-01 7.7861448757678660e-05 5.5811697438532919e-02 -5.5733835989775243e-02 7.7861448757677088e-05 5.5811697438532919e-02 -5.5733835989775243e-02 1.5572289751535575e-04 1.1162339487706584e-01 -1.1146767197955049e-01
555 5.4150390625000000e-01 7.7781220769394620e-05 5.5775698705788759e-02 -5.5697917485019365e-02 7.7781220769394132e-05 5.5775698705788759e-02 -5.5697917485019365e-02 1.5556244153878875e-04 1.1155139741157752e-01 -1.1139583497003873e-01
556 5.4248046875000000e-01 7.7699080171455130e-05 5.5738854891813738e-02 -5.5661155811642285e-02 7.7699080171454778e-05 5.5738854891813738e-02 -5.5661155811642285e-02 1.5539816034290991e-04 1.1147770978362748e-01 -1.1132231162328457e-01
557 5.4345703125000000e-01 7.7615026793074969e-05 5.5701166845886933e-02 -5.5623551819093855e-02 7.7615026793073112e-05 5.5701166845886933e-02 -5.5623551819093862e-02 1.5523005358614807e-04 1.1140233369177387e-01 -1.1124710363818772e-01
558 5.4443359375000000e-01 7.7529060459496956e-05 5.5662635437038088e-02 -5.5585106376578590e-02 7.7529060459495885e-05 5.5662635437038088e-02 -5.5585106376578590e-02 1.5505812091899283e-04 1.1132527087407618e-01 -1.1117021275315718e-01
559 5.4541015625000000e-01 7.7441180991992301e-05 5.5623261554047634e-02 -5.5545820373055645e-02 7.7441180991991189e-05 5.5623261554047634e-02 -5.5545820373055645e-02 1.5488236198398349e-04 1.1124652310809527e-01 -1.1109164074611129e-01
560 5.4638671875000000e-01 7.7351388207860537e-05 5.5583046105446669e-02 -5.5505694717238811e-02 7.7351388207859520e-05 5.5583046105446669e-02 -5.5505694717238811e-02 1.5470277641572007e-04 1.1116609221089334e-01 -1.1101138943447762e-01
561 5.4736328125000000e-01 7.7259681920429358e-05 5.5541990019516971e-02 -5.5464730337596545e-02 7.7259681920427908e-05 5.5541990019516971e-02 -5.5464730337596545e-02 1.5451936384085728e-04 1.1108398003903394e-01 -1.1092946067519309e-01
562 5.4833984375000000e-01 7.7166061939054755e-05 5.5500094244290983e-02 -5.5422928182351928e-02 7.7166061939053576e-05 5.5500094244290983e-02 -5.5422928182351928e-02 1.5433212387810832e-04 1.1100018848858197e-01 -1.1084585636470386e-01
563 5.4931640625000000e-01 7.7070528069120867e-05 5.5457359747551851e-02 -5.5380289219482730e-02 7.7070528069120298e-05 5.5457359747551851e-02 -5.5380289219482730e-02 1.5414105613824116e-04 1.1091471949510370e-01 -1.1076057843896546e-01
564 5.5029296875000000e-01 7.6973080112040153e-05 5.5413787516833367e-02 -5.5336814436721324e-02 7.6973080112039557e-05 5.5413787516833367e-02 -5.5336814436721324e-02 1.5394616022407971e-04 1.1082757503366673e-01 -1.1067362887344265e-01
565 5.5126953125000000e-01 7.6873717865253373e-05 5.5369378559420021e-02 -5.5292504841554770e-02 7.6873717865253170e-05 5.5369378559420021e-02 -5.5292504841554770e-02 1.5374743573050656e-04 1.1073875711884004e-01 -1.1058500968310954e-01
566 5.5224609375000000e-01 7.6772441122229500e-05 5.5324133902346959e-02 -5.5247361461224727e-02 7.6772441122228402e-05 5.5324133902346959e-02 -5.5247361461224727e-02 1.5354488224445792e-04 1.1064826780469392e-01 -1.1049472292244945e-01
567 5.5322265625000000e-01 7.6669249672465611e-05 5.5278054592400025e-02 -5.5201385342727560e-02 7.6669249672465327e-05 5.5278054592400025e-02 -5.5201385342727560e-02 1.5333849934493095e-04 1.1055610918480005e-01 -1.1040277068545512e-01
568 5.5419921875000000e-01 7.6564143301487221e-05 5.5231141696115732e-02 -5.5154577552814242e-02 7.6564143301486773e-05 5.5231141696115732e-02 -5.5154577552814242e-02 1.5312828660297398e-04 1.1046228339223146e-01 -1.1030915510562848e-01
569 5.5517578125000000e-01 7.6457121790848148e-05 5.5183396299781251e-02 -5.5106939177990401e-02 7.6457121790847389e-05 5.5183396299781251e-02 -5.5106939177990401e-02 1.5291424358169554e-04 1.1036679259956250e-01 -1.1021387835598080e-01
570 5.5615234375000000e-01 7.6348184918130201e-05 5.5134819509434455e-02 -5.5058471324516321e-02 7.6348184918129211e-05 5.5134819509434455e-02 -5.5058471324516328e-02 1.5269636983625940e-04 1.1026963901886891e-01 -1.1011694264903266e-01
571 5.5712890625000000e-01 7.6237332456943670e-05 5.5085412450863881e-02 -5.5009175118406937e-02 7.6237332456942803e-05 5.5085412450863881e-02 -5.5009175118406937e-02 1.5247466491388647e-04 1.1017082490172776e-01 -1.1001835023681387e-01
572 5.5810546875000000e-01 7.6124564176926956e-05 5.5035176269608736e-02 -5.4959051705431812e-02 7.6124564176926983e-05 5.5035176269608736e-02 -5.4959051705431812e-02 1.5224912835385394e-04 1.1007035253921747e-01 -1.0991810341086362e-01
573 5.5908203125000000e-01 7.6009879843746739e-05 5.4984112130958919e-02 -5.4908102251115171e-02 7.6009879843744774e-05 5.4984112130958919e-02 -5.4908102251115178e-02 1.5201975968749150e-04 1.0996822426191784e-01 -1.0981620450223034e-01
574 5.6005859375000000e-01 7.5893279219098079e-05 5.4932221219954995e-02 -5.4856327940735895e-02 7.5893279219097482e-05 5.4932221219954995e-02 -5.4856327940735895e-02 1.5178655843819556e-04 1.0986444243990999e-01 -1.0971265588147179e-01
575 5.6103515625000000e-01 7.5774762060703952e-05 5.4879504741388203e-02 -5.4803729979327497e-02 7.5774762060702326e-05 5.4879504741388203e-02 -5.4803729979327503e-02 1.5154952412140628e-04 1.0975900948277641e-01 -1.0960745995865501e-01
576 5.6201171875000000e-01 7.5654328122315998e-05 5.4825963919800456e-02 -5.4750309591678141e-02 7.5654328122315225e-05 5.4825963919800456e-02 -5.4750309591678141e-02 1.5130865624463124e-04 1.0965192783960091e-01 -1.0950061918335628e-01
577 5.6298828125000000e-01 7.5531977153713812e-05 5.4771599999484361e-02 -5.4696068022330645e-02 7.5531977153712565e-05 5.4771599999484361e-02 -5.4696068022330645e-02 1.5106395430742638e-04 1.0954319999896872e-01 -1.0939213604466129e-01
578 5.6396484375000000e-01 7.5407708900705341e-05 5.4716414244483175e-02 -5.4641006535582466e-02 7.5407708900704622e-05 5.4716414244483175e-02 -5.4641006535582473e-02 1.5081541780140995e-04 1.0943282848896635e-01 -1.0928201307116495e-01
579 5.6494140625000000e-01 7.5281523105126842e-05 5.4660407938590859e-02 -5.4585126415485734e-02 7.5281523105126191e-05 5.4660407938590859e-02 -5.4585126415485734e-02 1.5056304621025303e-04 1.0932081587718172e-01 -1.0917025283097147e-01
580 5.6591796875000000e-01 7.5153419504842773e-05 5.4603582385352026e-02 -5.4528428965847184e-02 7.5153419504842028e-05 5.4603582385352026e-02 -5.4528428965847184e-02 1.5030683900968481e-04 1.0920716477070405e-01 -1.0905685793169437e-01
581 5.6689453125000000e-01 7.5023397833745849e-05 5.4545938908061982e-02 -5.4470915510228236e-02 7.5023397833745524e-05 5.4545938908061982e-02 -5.4470915510228236e-02 1.5004679566749137e-04 1.0909187781612396e-01 -1.0894183102045647e-01
582 5.6787109375000000e-01 7.4891457821756957e-05 5.4487478849766693e-02 -5.4412587391944933e-02 7.4891457821756334e-05 5.4487478849766693e-02 -5.4412587391944940e-02 1.4978291564351329e-04 1.0897495769953339e-01 -1.0882517478388988e-01
583 5.6884765625000000e-01 7.4757599194825230e-05 5.4428203573262821e-02 -5.4353445974067993e-02 7.4757599194825446e-05 5.4428203573262821e-02 -5.4353445974067993e-02 1.4951519838965068e-04 1.0885640714652564e-01 -1.0870689194813599e-01
584 5.6982421875000000e-01 7.4621821674928092e-05 5.4368114461097683e-02 -5.4293492639422757e-02 7.4621821674927320e-05 5.4368114461097683e-02 -5.4293492639422757e-02 1.4924364334985540e-04 1.0873622892219537e-01 -1.0858698527884551e-01
585 5.7080078125000000e-01 7.4484124980071377e-05 5.4307212915569288e-02 -5.4232728790589213e-02 7.4484124980071011e-05 5.4307212915569288e-02 -5.4232728790589220e-02 1.4896824996014240e-04 1.0861442583113858e-01 -1.0846545758117843e-01
586 5.7177734375000000e-01 7.4344508824288887e-05 5.4245500358726315e-02 -5.4171155849902022e-02 7.4344508824288359e-05 5.4245500358726315e-02 -5.4171155849902029e-02 1.4868901764857723e-04 1.0849100071745263e-01 -1.0834231169980406e-01
587 5.7275390625000000e-01 7.4202972917642858e-05 5.4182978232368117e-02 -5.4108775259450473e-02 7.4202972917642113e-05 5.4182978232368117e-02 -5.4108775259450473e-02 1.4840594583528498e-04 1.0836595646473623e-01 -1.0821755051890095e-01
588 5.7373046875000000e-01 7.4059516966223753e-05 5.4119647998044730e-02 -5.4045588481078509e-02 7.4059516966223468e-05 5.4119647998044730e-02 -5.4045588481078509e-02 1.4811903393244723e-04 1.0823929599608946e-01 -1.0809117696215702e-01
589 5.7470703125000000e-01 7.3914140672150344e-05 5.4055511137056859e-02 -5.3981596996384711e-02 7.3914140672149504e-05 5.4055511137056859e-02 -5.3981596996384711e-02 1.4782828134429985e-04 1.0811102227411372e-01 -1.0796319399276942e-01
590 5.7568359375000000e-01 7.3766843733569392e-05 5.3990569150455886e-02 -5.3916802306722314e-02 7.3766843733567847e-05 5.3990569150455886e-02 -5.3916802306722321e-02 1.4753368746713724e-04 1.0798113830091177e-01 -1.0783360461344463e-01
591 5.7666015625000000e-01 7.3617625844656071e-05 5.3924823559043877e-02 -5.3851205933199219e-02 7.3617625844654878e-05 5.3924823559043877e-02 -5.3851205933199225e-02 1.4723525168931095e-04 1.0784964711808775e-01 -1.0770241186639844e-01
592 5.7763671875000000e-01 7.3466486695613882e-05 5.3858275903373561e-02 -5.3784809416677945e-02 7.3466486695612459e-05 5.3858275903373561e-02 -5.3784809416677945e-02 1.4693297339122635e-04 1.0771655180674712e-01 -1.0756961883335589e-01
593 5.7861328125000000e-01 7.3313425972674500e-05 5.3790927743748357e-02 -5.3717614317775685e-02 7.3313425972673429e-05 5.3790927743748357e-02 -5.3717614317775685e-02 1.4662685194534794e-04 1.0758185548749671e-01 -1.0743522863555137e-01
594 5.7958984375000000e-01 7.3158443358097949e-05 5.3722780660222354e-02 -5.3649622216864257e-02 7.3158443358096648e-05 5.3722780660222354e-02 -5.3649622216864257e-02 1.4631688671619460e-04 1.0744556132044471e-01 -1.0729924443372851e-01
595 5.8056640625000000e-01 7.3001538530172226e-05 5.3653836252600305e-02 -5.3580834714070130e-02 7.3001538530171359e-05 5.3653836252600305e-02 -5.3580834714070137e-02 1.4600307706034358e-04 1.0730767250520061e-01 -1.0716166942814026e-01
596 5.8154296875000000e-01 7.2842711163213826e-05 5.3584096140437659e-02 -5.3511253429274444e-02 7.2842711163213054e-05 5.3584096140437659e-02 -5.3511253429274444e-02 1.4568542232642687e-04 1.0716819228087532e-01 -1.0702250685854889e-01
597 5.8251953125000000e-01 7.2681960927567529e-05 5.3513561963040537e-02 -5.3440880002112973e-02 7.2681960927566797e-05 5.3513561963040537e-02 -5.3440880002112973e-02 1.4536392185513433e-04 1.0702712392608107e-01 -1.0688176000422595e-01
598 5.8349609375000000e-01 7.2519287489606165e-05 5.3442235379465720e-02 -5.3369716091976112e-02 7.2519287489605284e-05 5.3442235379465720e-02 -5.3369716091976112e-02 1.4503857497921144e-04 1.0688447075893144e-01 -1.0673943218395222e-01
599 5.8447265625000000e-01 7.2354690511730970e-05 5.3370118068520690e-02 -5.3297763378008962e-02 7.2354690511729181e-05 5.3370118068520690e-02 -5.3297763378008962e-02 1.4470938102346015e-04 1.0674023613704138e-01 -1.0659552675601792e-01
600 5.8544921875000000e-01 7.2188169652371355e-05 5.3297211728763581e-02 -5.3225023559111212e-02 7.2188169652371071e-05 5.3297211728763581e-02 -5.3225023559111212e-02 1.4437633930474244e-04 1.0659442345752716e-01 -1.0645004711822242e-01
601 5.8642578125000000e-01 7.2019724565985027e-05 5.3223518078503215e-02 -5.3151498353937232e-02 7.2019724565984092e-05 5.3223518078503215e-02 -5.3151498353937232e-02 1.4403944913196913e-04 1.0644703615700643e-01 -1.0630299670787446e-01
602 5.8740234375000000e-01 7.1849354903057839e-05 5.3149038855799101e-02 -5.3077189500896044e-02 7.1849354903056782e-05 5.3149038855799101e-02 -5.3077189500896044e-02 1.4369870980611462e-04 1.0629807771159820e-01 -1.0615437900179209e-01
603 5.8837890625000000e-01 7.1677060310104023e-05 5.3073775818461399e-02 -5.3002098758151296e-02 7.1677060310102004e-05 5.3073775818461399e-02 -5.3002098758151296e-02 1.4335412062020604e-04 1.0614755163692280e-01 -1.0600419751630259e-01
604 5.8935546875000000e-01 7.1502840429665918e-05 5.2997730744050960e-02 -5.2926227903621295e-02 7.1502840429664779e-05 5.2997730744050960e-02 -5.2926227903621295e-02 1.4300568085933070e-04 1.0599546148810192e-01 -1.0585245580724259e-01
605 5.9033203125000000e-01 7.1326694900314240e-05 5.2920905429879317e-02 -5.2849578734979002e-02 7.1326694900313440e-05 5.2920905429879317e-02 -5.2849578734979002e-02 1.4265338980062767e-04 1.0584181085975863e-01 -1.0569915746995800e-01
606 5.9130859375000000e-01 7.1148623356647852e-05 5.2843301693008667e-02 -5.2772153069652016e-02 7.1148623356646958e-05 5.2843301693008667e-02 -5.2772153069652022e-02 1.4229724671329481e-04 1.0568660338601733e-01 -1.0554430613930404e-01
607 5.9228515625000000e-01 7.0968625429293982e-05 5.2764921370251891e-02 -5.2693952744822595e-02 7.0968625429292844e-05 5.2764921370251891e-02 -5.2693952744822595e-02 1.4193725085858683e-04 1.0552984274050378e-01 -1.0538790548964519e-01
608 5.9326171875000000e-01 7.0786700744908032e-05 5.2685766318172532e-02 -5.2614979617427622e-02 7.0786700744907043e-05 5.2685766318172532e-02 -5.2614979617427622e-02 1.4157340148981506e-04 1.0537153263634506e-01 -1.0522995923485524e-01
609 5.9423828125000000e-01 7.0602848926173701e-05 5.2605838413084832e-02 -5.2535235564158657e-02 7.0602848926172617e-05 5.2605838413084832e-02 -5.2535235564158657e-02 1.4120569785234632e-04 1.0521167682616966e-01 -1.0507047112831731e-01
610 5.9521484375000000e-01 7.0417069591802915e-05 5.2525139551053694e-02 -5.2454722481461893e-02 7.0417069591801384e-05 5.2525139551053694e-02 -5.2454722481461893e-02 1.4083413918360431e-04 1.0505027910210739e-01 -1.0490944496292379e-01
611 5.9619140625000000e-01 7.0229362356535858e-05 5.2443671647894693e-02 -5.2373442285538155e-02 7.0229362356535397e-05 5.2443671647894693e-02 -5.2373442285538155e-02 1.4045872471307125e-04 1.0488734329578939e-01 -1.0474688457107631e-01
612 5.9716796875000000e-01 7.0039726831140804e-05 5.2361436639174100e-02 -5.2291396912342962e-02 7.0039726831139760e-05 5.2361436639174100e-02 -5.2291396912342962e-02 1.4007945366228058e-04 1.0472287327834820e-01 -1.0458279382468592e-01
613 5.9814453125000000e-01 6.9848162622414490e-05 5.2278436480208836e-02 -5.2208588317586423e-02 6.9848162622413514e-05 5.2278436480208836e-02 -5.2208588317586423e-02 1.3969632524482800e-04 1.0455687296041767e-01 -1.0441717663517285e-01
614 5.9912109375000000e-01 6.9654669333181946e-05 5.2194673146066517e-02 -5.2125018476733335e-02 6.9654669333181051e-05 5.2194673146066517e-02 -5.2125018476733335e-02 1.3930933866636300e-04 1.0438934629213303e-01 -1.0425003695346667e-01
615 6.0009765625000000e-01 6.9459246562296201e-05 5.2110148631565434e-02 -5.2040689385003135e-02 6.9459246562294846e-05 5.2110148631565434e-02 -5.2040689385003142e-02 1.3891849312459105e-04 1.0422029726313087e-01 -1.0408137877000628e-01
616 6.0107421875000000e-01 6.9261893904638692e-05 5.2024864951274542e-02 -5.1955603057369903e-02 6.9261893904637892e-05 5.2024864951274542e-02 -5.1955603057369903e-02 1.3852378780927657e-04 1.0404972990254908e-01 -1.0391120611473981e-01
617 6.0205078125000000e-01 6.9062610951119187e-05 5.1938824139513486e-02 -5.1869761528562368e-02 6.9062610951117656e-05 5.1938824139513486e-02 -5.1869761528562368e-02 1.3812522190223683e-04 1.0387764827902697e-01 -1.0373952305712474e-01
618 6.0302734375000000e-01 6.8861397288675404e-05 5.1852028250352580e-02 -5.1783166853063903e-02 6.8861397288674496e-05 5.1852028250352580e-02 -5.1783166853063903e-02 1.3772279457734989e-04 1.0370405650070516e-01 -1.0356633370612781e-01
619 6.0400390625000000e-01 6.8658252500273652e-05 5.1764479357612810e-02 -5.1695821105112533e-02 6.8658252500273503e-05 5.1764479357612810e-02 -5.1695821105112533e-02 1.3731650500054714e-04 1.0352895871522562e-01 -1.0339164221022507e-01
620 6.0498046875000000e-01 6.8453176164908158e-05 5.1676179554865850e-02 -5.1607726378700945e-02 6.8453176164907548e-05 5.1676179554865850e-02 -5.1607726378700945e-02 1.3690635232981572e-04 1.0335235910973170e-01 -1.0321545275740189e-01
621 6.0595703125000000e-01 6.8246167857601838e-05 5.1587130955434032e-02 -5.1518884787576429e-02 6.8246167857601093e-05 5.1587130955434032e-02 -5.1518884787576429e-02 1.3649233571520292e-04 1.0317426191086806e-01 -1.0303776957515286e-01
622 6.0693359375000000e-01 6.8037227149405391e-05 5.1497335692390393e-02 -5.1429298465240990e-02 6.8037227149404523e-05 5.1497335692390393e-02 -5.1429298465240990e-02 1.3607445429880991e-04 1.0299467138478079e-01 -1.0285859693048198e-01
623 6.0791015625000000e-01 6.7826353607398094e-05 5.1406795918558609e-02 -5.1338969564951209e-02 6.7826353607398039e-05 5.1406795918558609e-02 -5.1338969564951209e-02 1.3565270721479613e-04 1.0281359183711722e-01 -1.0267793912990242e-01
624 6.0888671875000000e-01 6.7613546794687360e-05 5.1315513806513065e-02 -5.1247900259718378e-02 6.7613546794686492e-05 5.1315513806513065e-02 -5.1247900259718378e-02 1.3522709358937385e-04 1.0263102761302613e-01 -1.0249580051943676e-01
625 6.0986328125000000e-01 6.7398806270408721e-05 5.1223491548578796e-02 -5.1156092742308389e-02 6.7398806270408247e-05 5.1223491548578796e-02 -5.1156092742308389e-02 1.3479761254081698e-04 1.0244698309715759e-01 -1.0231218548461678e-01
626 6.1083984375000000e-01 6.7182131589726225e-05 5.1130731356831542e-02 -5.1063549225241818e-02 6.7182131589725209e-05 5.1130731356831542e-02 -5.1063549225241818e-02 1.3436426317945142e-04 1.0226146271366308e-01 -1.0212709845048364e-01
627 6.1181640625000000e-01 6.6963522303831942e-05 5.1037235463097692e-02 -5.0970271940793857e-02 6.6963522303831183e-05 5.1037235463097692e-02 -5.0970271940793864e-02 1.3392704460766312e-04 1.0207447092619538e-01 -1.0194054388158773e-01
628 6.1279296875000000e-01 6.6742977959946347e-05 5.0943006118954325e-02 -5.0876263140994381e-02 6.6742977959946076e-05 5.0943006118954325e-02 -5.0876263140994381e-02 1.3348595591989242e-04 1.0188601223790865e-01 -1.0175252628198876e-01
629 6.1376953125000000e-01 6.6520498101317957e-05 5.0848045595729190e-02 -5.0781525097627872e-02 6.6520498101316588e-05 5.0848045595729190e-02 -5.0781525097627872e-02 1.3304099620263456e-04 1.0169609119145838e-01 -1.0156305019525574e-01
630 6.1474609375000000e-01 6.6296082267223717e-05 5.0752356184500719e-02 -5.0686060102233498e-02 6.6296082267222809e-05 5.0752356184500719e-02 -5.0686060102233498e-02 1.3259216453444651e-04 1.0150471236900144e-01 -1.0137212020446700e-01
631 6.1572265625000000e-01 6.6069729992968777e-05 5.0655940196098009e-02 -5.0589870466105039e-02 6.6069729992968275e-05 5.0655940196098009e-02 -5.0589870466105039e-02 1.3213945998593707e-04 1.0131188039219602e-01 -1.0117974093221008e-01
632 6.1669921875000000e-01 6.5841440809886526e-05 5.0558799961100853e-02 -5.0492958520290968e-02 6.5841440809885754e-05 5.0558799961100853e-02 -5.0492958520290968e-02 1.3168288161977229e-04 1.0111759992220171e-01 -1.0098591704058194e-01
633 6.1767578125000000e-01 6.5611214245338612e-05 5.0460937829839694e-02 -5.0395326615594357e-02 6.5611214245337473e-05 5.0460937829839694e-02 -5.0395326615594357e-02 1.3122242849067609e-04 1.0092187565967939e-01 -1.0079065323118871e-01
634 6.1865234375000000e-01 6.5379049822714976e-05 5.0362356172395678e-02 -5.0296977122572965e-02 6.5379049822714461e-05 5.0362356172395678e-02 -5.0296977122572965e-02 1.3075809964542944e-04 1.0072471234479136e-01 -1.0059395424514593e-01
635 6.1962890625000000e-01 6.5144947061433737e-05 5.0263057378600602e-02 -5.0197912431539170e-02 6.5144947061432734e-05 5.0263057378600602e-02 -5.0197912431539170e-02 1.3028989412286647e-04 1.0052611475720120e-01 -1.0039582486307834e-01
636 6.2060546875000000e-01 6.4908905476941320e-05 5.0163043858036951e-02 -5.0098134952560013e-02 6.4908905476940751e-05 5.0163043858036951e-02 -5.0098134952560013e-02 1.2981781095388207e-04 1.0032608771607390e-01 -1.0019626990512003e-01
637 6.2158203125000000e-01 6.4670924580712314e-05 5.0062318040037898e-02 -4.9997647115457185e-02 6.4670924580711609e-05 5.0062318040037898e-02 -4.9997647115457185e-02 1.2934184916142392e-04 1.0012463608007580e-01 -9.9995294230914369e-02
638 6.2255859375000000e-01 6.4431003880249698e-05 4.9960882373687267e-02 -4.9896451369807020e-02 6.4431003880249333e-05 4.9960882373687267e-02 -4.9896451369807020e-02 1.2886200776049904e-04 9.9921764747374534e-02 -9.9792902739614039e-02
639 6.2353515625000000e-01 6.4189142879084518e-05 4.9858739327819569e-02 -4.9794550184940486e-02 6.4189142879083014e-05 4.9858739327819569e-02 -4.9794550184940486e-02 1.2837828575816752e-04 9.9717478655639138e-02 -9.9589100369880973e-02
640 6.2451171875000000e-01 6.3945341076776359e-05 4.9755891391020005e-02 -4.9691946049943231e-02 6.3945341076775125e-05 4.9755891391020005e-02 -4.9691946049943231e-02 1.2789068215355150e-04 9.9511782782040009e-02 -9.9383892099886462e-02
641 6.2548828125000000e-01 6.3699597968912600e-05 4.9652341071624438e-02 -4.9588641473655527e-02 6.3699597968911245e-05 4.9652341071624438e-02 -4.9588641473655527e-02 1.2739919593782385e-04 9.9304682143248876e-02 -9.9177282947311055e-02
642 6.2646484375000000e-01 6.3451913047109245e-05 4.9548090897719402e-02 -4.9484638984672293e-02 6.3451913047107700e-05 4.9548090897719402e-02 -4.9484638984672293e-02 1.2690382609421695e-04 9.9096181795438804e-02 -9.8969277969344585e-02
643 6.2744140625000000e-01 6.3202285799010484e-05 4.9443143417142121e-02 -4.9379941131343114e-02 6.3202285799008926e-05 4.9443143417142121e-02 -4.9379941131343114e-02 1.2640457159801940e-04 9.8886286834284243e-02 -9.8759882262686227e-02
644 6.2841796875000000e-01 6.2950715708288545e-05 4.9337501197480489e-02 -4.9274550481772199e-02 6.2950715708287258e-05 4.9337501197480489e-02 -4.9274550481772199e-02 1.2590143141657579e-04 9.8675002394960978e-02 -9.8549100963544398e-02
645 6.2939453125000000e-01 6.2697202254644157e-05 4.9231166826073064e-02 -4.9168469623818420e-02 6.2697202254642504e-05 4.9231166826073064e-02 -4.9168469623818420e-02 1.2539440450928666e-04 9.8462333652146128e-02 -9.8336939247636840e-02
646 6.3037109375000000e-01 6.2441744913806170e-05 4.9124142910009105e-02 -4.9061701165095298e-02 6.2441744913805452e-05 4.9124142910009105e-02 -4.9061701165095298e-02 1.2488348982761163e-04 9.8248285820018211e-02 -9.8123402330190596e-02
647 6.3134765625000000e-01 6.2184343157531741e-05 4.9016432076128533e-02 -4.8954247732971003e-02 6.2184343157531172e-05 4.9016432076128533e-02 -4.8954247732971003e-02 1.2436868631506291e-04 9.8032864152257065e-02 -9.7908495465942005e-02
648 6.3232421875000000e-01 6.1924996453606353e-05 4.8908036971021938e-02 -4.8846111974568333e-02 6.1924996453605242e-05 4.8908036971021938e-02 -4.8846111974568333e-02 1.2384999290721160e-04 9.7816073942043877e-02 -9.7692223949136667e-02
649 6.3330078125000000e-01 6.1663704265843528e-05 4.8798960261030602e-02 -4.8737296556764759e-02 6.1663704265842146e-05 4.8798960261030602e-02 -4.8737296556764759e-02 1.2332740853168567e-04 9.7597920522061204e-02 -9.7474593113529517e-02
650 6.3427734375000000e-01 6.1400466054085124e-05 4.8689204632246470e-02 -4.8627804166192383e-02 6.1400466054084134e-05 4.8689204632246470e-02 -4.8627804166192383e-02 1.2280093210816924e-04 9.7378409264492941e-02 -9.7255608332384766e-02
651 6.3525390625000000e-01 6.1135281274201321e-05 4.8578772790512169e-02 -4.8517637509237967e-02 6.1135281274200901e-05 4.8578772790512169e-02 -4.8517637509237967e-02 1.2227056254840224e-04 9.7157545581024338e-02 -9.7035275018475933e-02
652 6.3623046875000000e-01 6.0868149378090566e-05 4.8467667461420998e-02 -4.8406799312042906e-02 6.0868149378090064e-05 4.8467667461420998e-02 -4.8406799312042906e-02 1.2173629875618063e-04 9.6935334922841995e-02 -9.6813598624085812e-02
653 6.3720703125000000e-01 6.0599069813679462e-05 4.8355891390316944e-02 -4.8295292320503266e-02 6.0599069813678446e-05 4.8355891390316944e-02 -4.8295292320503266e-02 1.2119813962735791e-04 9.6711782780633887e-02 -9.6590584641006533e-02
654 6.3818359375000000e-01 6.0328042024922763e-05 4.8243447342294653e-02 -4.8183119300269729e-02 6.0328042024921997e-05 4.8243447342294653e-02 -4.8183119300269729e-02 1.2065608404984477e-04 9.6486894684589306e-02 -9.6366238600539458e-02
655 6.3916015625000000e-01 6.0055065451803774e-05 4.8130338102199466e-02 -4.8070283036747659e-02 6.0055065451802520e-05 4.8130338102199466e-02 -4.8070283036747666e-02 1.2011013090360630e-04 9.6260676204398932e-02 -9.6140566073495332e-02
656 6.4013671875000000e-01 5.9780139530333746e-05 4.8016566474627383e-02 -4.7956786335097049e-02 5.9780139530332696e-05 4.8016566474627383e-02 -4.7956786335097049e-02 1.1956027906066645e-04 9.6033132949254765e-02 -9.5913572670194097e-02
657 6.4111328125000000e-01 5.9503263692552327e-05 4.7902135283925083e-02 -4.7842632020232534e-02 5.9503263692551128e-05 4.7902135283925083e-02 -4.7842632020232534e-02 1.1900652738510345e-04 9.5804270567850167e-02 -9.5685264040465068e-02
658 6.4208984375000000e-01 5.9224437366527504e-05 4.7787047374189928e-02 -4.7727822936823400e-02 5.9224437366526291e-05 4.7787047374189928e-02 -4.7727822936823400e-02 1.1844887473305379e-04 9.5574094748379856e-02 -9.5455645873646799e-02
659 6.4306640625000000e-01 5.8943659976355197e-05 4.7671305609269965e-02 -4.7612361949293608e-02 5.8943659976354235e-05 4.7671305609269965e-02 -4.7612361949293608e-02 1.1788731995270943e-04 9.5342611218539930e-02 -9.5224723898587216e-02
660 6.4404296875000000e-01 5.8660930942159926e-05 4.7554912872763887e-02 -4.7496251941821728e-02 5.8660930942158875e-05 4.7554912872763887e-02 -4.7496251941821728e-02 1.1732186188431881e-04 9.5109825745527773e-02 -9.4992503883643456e-02
661 6.4501953125000000e-01 5.8376249680094286e-05 4.7437872068021088e-02 -4.7379495818340993e-02 5.8376249680093839e-05 4.7437872068021088e-02 -4.7379495818340993e-02 1.1675249936018812e-04 9.4875744136042175e-02 -9.4758991636681986e-02
662 6.4599609375000000e-01 5.8089615602339089e-05 4.7320186118141636e-02 -4.7262096502539298e-02 5.8089615602338093e-05 4.7320186118141636e-02 -4.7262096502539298e-02 1.1617923120467718e-04 9.4640372236283271e-02 -9.4524193005078597e-02
663 6.4697265625000000e-01 5.7801028117103573e-05 4.7201857965976264e-02 -4.7144056937859162e-02 5.7801028117102645e-05 4.7201857965976264e-02 -4.7144056937859162e-02 1.1560205623420622e-04 9.4403715931952528e-02 -9.4288113875718324e-02
664 6.4794921875000000e-01 5.7510486628625034e-05 4.7082890574126388e-02 -4.7025380087497765e-02 5.7510486628624010e-05 4.7082890574126388e-02 -4.7025380087497765e-02 1.1502097325724904e-04 9.4165781148252775e-02 -9.4050760174995529e-02
665 6.4892578125000000e-01 5.7217990537169091e-05 4.6963286924944107e-02 -4.6906068934406936e-02 5.7217990537168108e-05 4.6963286924944107e-02 -4.6906068934406936e-02 1.1443598107433719e-04 9.3926573849888215e-02 -9.3812137868813872e-02
666 6.4990234375000000e-01 5.6923539239029592e-05 4.6843050020532184e-02 -4.6786126481293155e-02 5.6923539239028711e-05 4.6843050020532184e-02 -4.6786126481293155e-02 1.1384707847805830e-04 9.3686100041064369e-02 -9.3572252962586311e-02
667 6.5087890625000000e-01 5.6627132126528711e-05 4.6722182882744066e-02 -4.6665555750617538e-02 5.6627132126527613e-05 4.6722182882744066e-02 -4.6665555750617538e-02 1.1325426425305632e-04 9.3444365765488133e-02 -9.3331111501235076e-02
668 6.5185546875000000e-01 5.6328768588016744e-05 4.6600688553183861e-02 -4.6544359784595847e-02 5.6328768588016487e-05 4.6600688553183861e-02 -4.6544359784595847e-02 1.1265753717603323e-04 9.3201377106367722e-02 -9.3088719569191694e-02
669 6.5283203125000000e-01 5.6028448007872295e-05 4.6478570093206384e-02 -4.6422541645198510e-02 5.6028448007870683e-05 4.6478570093206384e-02 -4.6422541645198510e-02 1.1205689601574298e-04 9.2957140186412768e-02 -9.2845083290397021e-02
670 6.5380859375000000e-01 5.5726169766502283e-05 4.6355830583917089e-02 -4.6300104414150584e-02 5.5726169766501809e-05 4.6355830583917089e-02 -4.6300104414150590e-02 1.1145233953300409e-04 9.2711661167834178e-02 -9.2600208828301167e-02
671 6.5478515625000000e-01 5.5421933240341867e-05 4.6232473126172138e-02 -4.6177051192931799e-02 5.5421933240341115e-05 4.6232473126172138e-02 -4.6177051192931799e-02 1.1084386648068298e-04 9.2464946252344277e-02 -9.2354102385863598e-02
672 6.5576171875000000e-01 5.5115737801854398e-05 4.6108500840578347e-02 -4.6053385102776491e-02 5.5115737801853449e-05 4.6108500840578347e-02 -4.6053385102776491e-02 1.1023147560370785e-04 9.2217001681156693e-02 -9.2106770205552982e-02
673 6.5673828125000000e-01 5.4807582819531384e-05 4.5983916867493223e-02 -4.5929109284673690e-02 5.4807582819530273e-05 4.5983916867493223e-02 -4.5929109284673690e-02 1.0961516563906166e-04 9.1967833734986446e-02 -9.1858218569347380e-02
674 6.5771484375000000e-01 5.4497467657892788e-05 4.5858724367024935e-02 -4.5804226899367043e-02 5.4497467657892029e-05 4.5858724367024935e-02 -4.5804226899367043e-02 1.0899493531578482e-04 9.1717448734049870e-02 -9.1608453798734085e-02
675 6.5869140625000000e-01 5.4185391677486658e-05 4.5732926519032345e-02 -4.5678741127354858e-02 5.4185391677485744e-05 4.5732926519032345e-02 -4.5678741127354858e-02 1.0837078335497241e-04 9.1465853038064690e-02 -9.1357482254709715e-02
676 6.5966796875000000e-01 5.3871354234889427e-05 4.5606526523124975e-02 -4.5552655168890087e-02 5.3871354234888269e-05 4.5606526523124975e-02 -4.5552655168890087e-02 1.0774270846977769e-04 9.1213053046249951e-02 -9.1105310337780174e-02
677 6.6064453125000000e-01 5.3555354682705594e-05 4.5479527598663035e-02 -4.5425972243980331e-02 5.3555354682704273e-05 4.5479527598663035e-02 -4.5425972243980331e-02 1.0711070936540986e-04 9.0959055197326069e-02 -9.0851944487960662e-02
678 6.6162109375000000e-01 5.3237392369568075e-05 4.5351932984757398e-02 -4.5298695592387833e-02 5.3237392369567554e-05 4.5351932984757398e-02 -4.5298695592387833e-02 1.0647478473913564e-04 9.0703865969514796e-02 -9.0597391184775666e-02
679 6.6259765625000000e-01 5.2917466640138072e-05 4.5223745940269629e-02 -4.5170828473629493e-02 5.2917466640136839e-05 4.5223745940269629e-02 -4.5170828473629493e-02 1.0583493328027491e-04 9.0447491880539257e-02 -9.0341656947258986e-02
680 6.6357421875000000e-01 5.2595576835104741e-05 4.5094969743811955e-02 -4.5042374166976852e-02 5.2595576835104205e-05 4.5094969743811955e-02 -4.5042374166976852e-02 1.0519115367020894e-04 9.0189939487623910e-02 -9.0084748333953704e-02
681 6.6455078125000000e-01 5.2271722291185841e-05 4.4965607693747293e-02 -4.4913335971456109e-02 5.2271722291184655e-05 4.4965607693747293e-02 -4.4913335971456109e-02 1.0454344458237050e-04 8.9931215387494587e-02 -8.9826671942912217e-02
682 6.6552734375000000e-01 5.1945902341127150e-05 4.4835663108189219e-02 -4.4783717205848089e-02 5.1945902341125991e-05 4.4835663108189219e-02 -4.4783717205848096e-02 1.0389180468225315e-04 8.9671326216378439e-02 -8.9567434411696192e-02
683 6.6650390625000000e-01 5.1618116313702836e-05 4.4705139325002009e-02 -4.4653521208688304e-02 5.1618116313701664e-05 4.4705139325002009e-02 -4.4653521208688304e-02 1.0323623262740449e-04 8.9410278650004019e-02 -8.9307042417376609e-02
684 6.6748046875000000e-01 5.1288363533715210e-05 4.4574039701800586e-02 -4.4522751338266872e-02 5.1288363533713943e-05 4.4574039701800586e-02 -4.4522751338266872e-02 1.0257672706742916e-04 8.9148079403601171e-02 -8.9045502676533744e-02
685 6.6845703125000000e-01 5.0956643321994876e-05 4.4442367615950565e-02 -4.4391410972628567e-02 5.0956643321993839e-05 4.4442367615950565e-02 -4.4391410972628574e-02 1.0191328664398871e-04 8.8884735231901130e-02 -8.8782821945257134e-02
686 6.6943359375000000e-01 5.0622954995400675e-05 4.4310126464568250e-02 -4.4259503509572848e-02 5.0622954995399822e-05 4.4310126464568250e-02 -4.4259503509572848e-02 1.0124590999080050e-04 8.8620252929136500e-02 -8.8519007019145696e-02
687 6.7041015625000000e-01 5.0287297866819753e-05 4.4177319664520591e-02 -4.4127032366653773e-02 5.0287297866819143e-05 4.4177319664520591e-02 -4.4127032366653773e-02 1.0057459573363890e-04 8.8354639329041182e-02 -8.8254064733307547e-02
688 6.7138671875000000e-01 4.9949671245167366e-05 4.4043950652425237e-02 -4.3994000981180073e-02 4.9949671245166315e-05 4.4043950652425237e-02 -4.3994000981180073e-02 9.9899342490333674e-05 8.8087901304850474e-02 -8.7988001962360146e-02
689 6.7236328125000000e-01 4.9610074435387210e-05 4.3910022884650506e-02 -4.3860412810215119e-02 4.9610074435386085e-05 4.3910022884650506e-02 -4.3860412810215119e-02 9.9220148870773296e-05 8.7820045769301011e-02 -8.7720825620430237e-02
690 6.7333984375000000e-01 4.9268506738451117e-05 4.3775539837315393e-02 -4.3726271330576945e-02 4.9268506738450283e-05 4.3775539837315393e-02 -4.3726271330576945e-02 9.8537013476901393e-05 8.7551079674630786e-02 -8.7452542661153890e-02
691 6.7431640625000000e-01 4.8924967451359137e-05 4.3640505006289562e-02 -4.3591580038838201e-02 4.8924967451358277e-05 4.3640505006289562e-02 -4.3591580038838201e-02 9.7849934902717421e-05 8.7281010012579124e-02 -8.7183160077676403e-02
692 6.7529296875000000e-01 4.8579455867139620e-05 4.3504921907193371e-02 -4.3456342451326228e-02 4.8579455867138407e-05 4.3504921907193371e-02 -4.3456342451326235e-02 9.7158911734278021e-05 8.7009843814386742e-02 -8.6912684902652471e-02
693 6.7626953125000000e-01 4.8231971274849271e-05 4.3368794075397836e-02 -4.3320562104122988e-02 4.8231971274848147e-05 4.3368794075397836e-02 -4.3320562104122988e-02 9.6463942549697418e-05 8.6737588150795672e-02 -8.6641124208245976e-02
694 6.7724609375000000e-01 4.7882512959572822e-05 4.3232125066024654e-02 -4.3184242553065084e-02 4.7882512959571798e-05 4.3232125066024654e-02 -4.3184242553065084e-02 9.5765025919144613e-05 8.6464250132049308e-02 -8.6368485106130169e-02
695 6.7822265625000000e-01 4.7531080202423332e-05 4.3094918453946203e-02 -4.3047387373743778e-02 4.7531080202422323e-05 4.3094918453946203e-02 -4.3047387373743778e-02 9.5062160404845662e-05 8.6189836907892406e-02 -8.6094774747487557e-02
696 6.7919921875000000e-01 4.7177672280542229e-05 4.2957177833785533e-02 -4.2910000161504994e-02 4.7177672280541307e-05 4.2957177833785533e-02 -4.2910000161504994e-02 9.4355344561083536e-05 8.5914355667571066e-02 -8.5820000323009987e-02
697 6.8017578125000000e-01 4.6822288467099132e-05 4.2818906819916375e-02 -4.2772084531449275e-02 4.6822288467098244e-05 4.2818906819916375e-02 -4.2772084531449275e-02 9.3644576934197370e-05 8.5637813639832749e-02 -8.5544169062898551e-02
698 6.8115234375000000e-01 4.6464928031291721e-05 4.2680109046463126e-02 -4.2633644118431832e-02 4.6464928031290826e-05 4.2680109046463126e-02 -4.2633644118431832e-02 9.2929856062582547e-05 8.5360218092926252e-02 -8.5267288236863664e-02
699 6.8212890625000000e-01 4.6105590238346215e-05 4.2540788167300864e-02 -4.2494682577062515e-02 4.6105590238345341e-05 4.2540788167300864e-02 -4.2494682577062522e-02 9.2211180476691563e-05 8.5081576334601727e-02 -8.4989365154125029e-02
700 6.8310546875000000e-01 4.5744274349516901e-05 4.2400947856055353e-02 -4.2355203581705837e-02 4.5744274349516108e-05 4.2400947856055353e-02 -4.2355203581705837e-02 9.1488548699033016e-05 8.4801895712110706e-02 -8.4710407163411675e-02
701 6.8408203125000000e-01 4.5380979622086449e-05 4.2260591806103011e-02 -4.2215210826480921e-02 4.5380979622085358e-05 4.2260591806103011e-02 -4.2215210826480928e-02 9.0761959244171800e-05 8.4521183612206022e-02 -8.4430421652961857e-02
702 6.8505859375000000e-01 4.5015705309365649e-05 4.2119723730570963e-02 -4.2074708025261594e-02 4.5015705309363995e-05 4.2119723730570963e-02 -4.2074708025261601e-02 9.0031410618729644e-05 8.4239447461141925e-02 -8.4149416050523201e-02
703 6.8603515625000000e-01 4.4648450660693547e-05 4.1978347362336979e-02 -4.1933698911676288e-02 4.4648450660692490e-05 4.1978347362336979e-02 -4.1933698911676288e-02 8.9296901321386037e-05 8.3956694724673958e-02 -8.3867397823352577e-02
704 6.8701171875000000e-01 4.4279214921437500e-05 4.1836466454029525e-02 -4.1792187239108089e-02 4.4279214921436375e-05 4.1836466454029525e-02 -4.1792187239108089e-02 8.8558429842873875e-05 8.3672932908059050e-02 -8.3584374478216178e-02
705 6.8798828125000000e-01 4.3907997332993072e-05 4.1694084778027732e-02 -4.1650176780694742e-02 4.3907997332992605e-05 4.1694084778027732e-02 -4.1650176780694742e-02 8.7815994665985683e-05 8.3388169556055464e-02 -8.3300353561389484e-02
706 6.8896484375000000e-01 4.3534797132784192e-05 4.1551206126461418e-02 -4.1507671329328637e-02 4.3534797132783718e-05 4.1551206126461418e-02 -4.1507671329328637e-02 8.7069594265567910e-05 8.3102412252922836e-02 -8.3015342658657273e-02
707 6.8994140625000000e-01 4.3159613554262882e-05 4.1407834311211068e-02 -4.1364674697656804e-02 4.3159613554261825e-05 4.1407834311211068e-02 -4.1364674697656804e-02 8.6319227108524706e-05 8.2815668622422137e-02 -8.2729349395313609e-02
708 6.9091796875000000e-01 4.2782445826909384e-05 4.1263973163907848e-02 -4.1221190718080940e-02 4.2782445826908917e-05 4.1263973163907848e-02 -4.1221190718080940e-02 8.5564891653818295e-05 8.2527946327815696e-02 -8.2442381436161880e-02
709 6.9189453125000000e-01 4.2403293176232410e-05 4.1119626535933596e-02 -4.1077223242757366e-02 4.2403293176231563e-05 4.1119626535933596e-02 -4.1077223242757366e-02 8.4806586352463966e-05 8.2239253071867191e-02 -8.2154446485514732e-02
710 6.9287109375000000e-01 4.2022154823768733e-05 4.0974798298420823e-02 -4.0932776143597055e-02 4.2022154823767337e-05 4.0974798298420823e-02 -4.0932776143597055e-02 8.4044309647536070e-05 8.1949596596841645e-02 -8.1865552287194110e-02
711 6.9384765625000000e-01 4.1639029987083460e-05 4.0829492342252735e-02 -4.0787853312265650e-02 4.1639029987082701e-05 4.0829492342252735e-02 -4.0787853312265650e-02 8.3278059974166161e-05 8.1658984684505470e-02 -8.1575706624531300e-02
712 6.9482421875000000e-01 4.1253917879769871e-05 4.0683712578063191e-02 -4.0642458660183421e-02 4.1253917879768746e-05 4.0683712578063191e-02 -4.0642458660183421e-02 8.2507835759538617e-05 8.1367425156126383e-02 -8.1284917320366842e-02
713 6.9580078125000000e-01 4.0866817711449576e-05 4.0537462936236737e-02 -4.0496596118525290e-02 4.0866817711449020e-05 4.0537462936236737e-02 -4.0496596118525290e-02 8.1733635422898596e-05 8.1074925872473474e-02 -8.0993192237050579e-02
714 6.9677734375000000e-01 4.0477728687772400e-05 4.0390747366908598e-02 -4.0350269638220825e-02 4.0477728687771045e-05 4.0390747366908598e-02 -4.0350269638220825e-02 8.0955457375543445e-05 8.0781494733817197e-02 -8.0700539276441649e-02
715 6.9775390625000000e-01 4.0086650010416432e-05 4.0243569839964660e-02 -4.0203483189954245e-02 4.0086650010415348e-05 4.0243569839964660e-02 -4.0203483189954245e-02 8.0173300020831780e-05 8.0487139679929320e-02 -8.0406966379908490e-02
716 6.9873046875000000e-01 3.9693580877088015e-05 4.0095934345041509e-02 -4.0056240764164419e-02 3.9693580877086931e-05 4.0095934345041509e-02 -4.0056240764164419e-02 7.9387161754174946e-05 8.0191868690083018e-02 -8.0112481528328838e-02
717 6.9970703125000000e-01 3.9298520481521647e-05 3.9947844891526391e-02 -3.9908546371044872e-02 3.9298520481520841e-05 3.9947844891526391e-02 -3.9908546371044872e-02 7.8597040963042494e-05 7.9895689783052781e-02 -7.9817092742089743e-02
718 7.0068359375000000e-01 3.8901468013480203e-05 3.9799305508557231e-02 -3.9760404040543748e-02 3.8901468013478685e-05 3.9799305508557231e-02 -3.9760404040543755e-02 7.7802936026958889e-05 7.9598611017114462e-02 -7.9520808081087510e-02
719 7.0166015625000000e-01 3.8502422658754714e-05 3.9650320245022623e-02 -3.9611817822363865e-02 3.8502422658753697e-05 3.9650320245022623e-02 -3.9611817822363872e-02 7.7004845317508411e-05 7.9300640490045246e-02 -7.9223635644727744e-02
720 7.0263671875000000e-01 3.8101383599164525e-05 3.9500893169561846e-02 -3.9462791785962681e-02 3.8101383599163562e-05 3.9500893169561846e-02 -3.9462791785962681e-02 7.6202767198328087e-05 7.9001786339123692e-02 -7.8925583571925362e-02
721 7.0361328125000000e-01 3.7698350012557244e-05 3.9351028370564867e-02 -3.9313330020552310e-02 3.7698350012556153e-05 3.9351028370564867e-02 -3.9313330020552310e-02 7.5396700025113405e-05 7.8702056741129733e-02 -7.8626660041104621e-02
722 7.0458984375000000e-01 3.7293321072808663e-05 3.9200729956172298e-02 -3.9163436635099490e-02 3.7293321072807498e-05 3.9200729956172298e-02 -3.9163436635099490e-02 7.4586642145616161e-05 7.8401459912344595e-02 -7.8326873270198979e-02
723 7.0556640625000000e-01 3.6886295949822848e-05 3.9050002054275459e-02 -3.9013115758325639e-02 3.6886295949821594e-05 3.9050002054275459e-02 -3.9013115758325639e-02 7.3772591899644448e-05 7.8100004108550919e-02 -7.8026231516651279e-02
724 7.0654296875000000e-01 3.6477273809532132e-05 3.8898848812516325e-02 -3.8862371538706794e-02 3.6477273809531217e-05 3.8898848812516325e-02 -3.8862371538706794e-02 7.2954547619063343e-05 7.7797697625032650e-02 -7.7724743077413588e-02
725 7.0751953125000000e-01 3.6066253813897027e-05 3.8747274398287547e-02 -3.8711208144473652e-02 3.6066253813895767e-05 3.8747274398287547e-02 -3.8711208144473652e-02 7.2132507627792794e-05 7.7494548796575094e-02 -7.7422416288947304e-02
726 7.0849609375000000e-01 3.5653235120906393e-05 3.8595282998732473e-02 -3.8559629763611568e-02 3.5653235120905715e-05 3.8595282998732473e-02 -3.8559629763611568e-02 7.1306470241812108e-05 7.7190565997464947e-02 -7.7119259527223136e-02
727 7.0947265625000000e-01 3.5238216884577291e-05 3.8442878820745111e-02 -3.8407640603860531e-02 3.5238216884576220e-05 3.8442878820745111e-02 -3.8407640603860531e-02 7.0476433769153511e-05 7.6885757641490221e-02 -7.6815281207721062e-02
728 7.1044921875000000e-01 3.4821198254955066e-05 3.8290066090970132e-02 -3.8255244892715173e-02 3.4821198254953860e-05 3.8290066090970132e-02 -3.8255244892715180e-02 6.9642396509908926e-05 7.6580132181940264e-02 -7.6510489785430361e-02
729 7.1142578125000000e-01 3.4402178378113204e-05 3.8136849055802918e-02 -3.8102446877424805e-02 3.4402178378112025e-05 3.8136849055802918e-02 -3.8102446877424805e-02 6.8804356756225229e-05 7.6273698111605837e-02 -7.6204893754849609e-02
730 7.1240234375000000e-01 3.3981156396153568e-05 3.7983231981389497e-02 -3.7949250824993341e-02 3.3981156396152463e-05 3.7983231981389497e-02 -3.7949250824993341e-02 6.7962312792306024e-05 7.5966463962778993e-02 -7.5898501649986683e-02
731 7.1337890625000000e-01 3.3558131447206235e-05 3.7829219153626588e-02 -3.7795661022179385e-02 3.3558131447205598e-05 3.7829219153626588e-02 -3.7795661022179385e-02 6.7116262894411833e-05 7.5658438307253176e-02 -7.5591322044358769e-02
732 7.1435546875000000e-01 3.3133102665429485e-05 3.7674814878161572e-02 -3.7641681775496143e-02 3.3133102665428848e-05 3.7674814878161572e-02 -3.7641681775496143e-02 6.6266205330858333e-05 7.5349629756323144e-02 -7.5283363550992285e-02
733 7.1533203125000000e-01 3.2706069181009901e-05 3.7520023480392531e-02 -3.7487317411211522e-02 3.2706069181008783e-05 3.7520023480392531e-02 -3.7487317411211522e-02 6.5412138362018691e-05 7.5040046960785062e-02 -7.4974634822423045e-02
734 7.1630859375000000e-01 3.2277030120162274e-05 3.7364849305468191e-02 -3.7332572275348030e-02 3.2277030120160987e-05 3.7364849305468191e-02 -3.7332572275348030e-02 6.4554060240323261e-05 7.4729698610936382e-02 -7.4665144550696061e-02
735 7.1728515625000000e-01 3.1845984605129705e-05 3.7209296718287987e-02 -3.7177450733682858e-02 3.1845984605128614e-05 3.7209296718287987e-02 -3.7177450733682858e-02 6.3691969210258326e-05 7.4418593436575975e-02 -7.4354901467365717e-02
736 7.1826171875000000e-01 3.1412931754183388e-05 3.7053370103502008e-02 -3.7021957171747825e-02 3.1412931754182365e-05 3.7053370103502008e-02 -3.7021957171747825e-02 6.2825863508365746e-05 7.4106740207004015e-02 -7.4043914343495651e-02
737 7.1923828125000000e-01 3.0977870681623003e-05 3.6897073865511019e-02 -3.6866095994829394e-02 3.0977870681621668e-05 3.6897073865511019e-02 -3.6866095994829401e-02 6.1955741363244678e-05 7.3794147731022039e-02 -7.3732191989658788e-02
738 7.2021484375000000e-01 3.0540800497776290e-05 3.6740412428466471e-02 -3.6709871627968696e-02 3.0540800497775023e-05 3.6740412428466471e-02 -3.6709871627968696e-02 6.1081600995551306e-05 7.3480824856932941e-02 -7.3419743255937392e-02
739 7.2119140625000000e-01 3.0101720308999335e-05 3.6583390236270497e-02 -3.6553288515961499e-02 3.0101720308998315e-05 3.6583390236270497e-02 -3.6553288515961499e-02 6.0203440617997647e-05 7.3166780472540993e-02 -7.3106577031922998e-02
740 7.2216796875000000e-01 2.9660629217676413e-05 3.6426011752575885e-02 -3.6396351123358206e-02 2.9660629217675522e-05 3.6426011752575885e-02 -3.6396351123358206e-02 5.9321258435351932e-05 7.2852023505151770e-02 -7.2792702246716412e-02
741 7.2314453125000000e-01 2.9217526322220119e-05 3.6268281460786110e-02 -3.6239063934463890e-02 2.9217526322218842e-05 3.6268281460786110e-02 -3.6239063934463890e-02 5.8435052644438957e-05 7.2536562921572220e-02 -7.2478127868927780e-02
742 7.2412109375000000e-01 2.8772410717071215e-05 3.6110203864055335e-02 -3.6081431453338267e-02 2.8772410717070456e-05 3.6110203864055335e-02 -3.6081431453338267e-02 5.7544821434141671e-05 7.2220407728110669e-02 -7.2162862906676534e-02
743 7.2509765625000000e-01 2.8325281492698726e-05 3.5951783485288373e-02 -3.5923458203795673e-02 2.8325281492697560e-05 3.5951783485288373e-02 -3.5923458203795673e-02 5.6650562985396286e-05 7.1903566970576746e-02 -7.1846916407591346e-02
744 7.2607421875000000e-01 2.7876137735600031e-05 3.5793024867140741e-02 -3.5765148729405144e-02 2.7876137735598956e-05 3.5793024867140741e-02 -3.5765148729405144e-02 5.5752275471198984e-05 7.1586049734281482e-02 -7.1530297458810288e-02
745 7.2705078125000000e-01 2.7424978528300642e-05 3.5633932572018613e-02 -3.5606507593490315e-02 2.7424978528299764e-05 3.5633932572018613e-02 -3.5606507593490315e-02 5.4849957056600409e-05 7.1267865144037226e-02 -7.1213015186980630e-02
746 7.2802734375000000e-01 2.6971802949354351e-05 3.5474511182078838e-02 -3.5447539379129485e-02 2.6971802949353494e-05 3.5474511182078838e-02 -3.5447539379129485e-02 5.3943605898707842e-05 7.0949022364157677e-02 -7.0895078758258970e-02
747 7.2900390625000000e-01 2.6516610073343221e-05 3.5314765299228966e-02 -3.5288248689155623e-02 2.6516610073342134e-05 3.5314765299228966e-02 -3.5288248689155623e-02 5.3033220146685351e-05 7.0629530598457932e-02 -7.0576497378311245e-02
748 7.2998046875000000e-01 2.6059398970877524e-05 3.5154699545127191e-02 -3.5128640146156312e-02 2.6059398970876467e-05 3.5154699545127191e-02 -3.5128640146156312e-02 5.2118797941753990e-05 7.0309399090254382e-02 -7.0257280292312624e-02
749 7.3095703125000000e-01 2.5600168708595829e-05 3.4994318561182403e-02 -3.4968718392473806e-02 2.5600168708594897e-05 3.4994318561182403e-02 -3.4968718392473806e-02 5.1200337417190730e-05 6.9988637122364805e-02 -6.9937436784947613e-02
750 7.3193359375000000e-01 2.5138918349164921e-05 3.4833627008554163e-02 -3.4808488090205002e-02 2.5138918349164057e-05 3.4833627008554163e-02 -3.4808488090205002e-02 5.0277836698328982e-05 6.9667254017108327e-02 -6.9616976180410003e-02
751 7.3291015625000000e-01 2.4675646951279847e-05 3.4672629568152702e-02 -3.4647953921201423e-02 2.4675646951278668e-05 3.4672629568152702e-02 -3.4647953921201423e-02 4.9351293902558515e-05 6.9345259136305404e-02 -6.9295907842402846e-02
752 7.3388671875000000e-01 2.4210353569663907e-05 3.4511330940638942e-02 -3.4487120587069278e-02 2.4210353569663009e-05 3.4511330940638942e-02 -3.4487120587069278e-02 4.8420707139326913e-05 6.9022661881277883e-02 -6.8974241174138556e-02
753 7.3486328125000000e-01 2.3743037255068652e-05 3.4349735846424465e-02 -3.4325992809169398e-02 2.3743037255067656e-05 3.4349735846424465e-02 -3.4325992809169398e-02 4.7486074510136307e-05 6.8699471692848929e-02 -6.8651985618338796e-02
754 7.3583984375000000e-01 2.3273697054273852e-05 3.4187849025671534e-02 -3.4164575328617261e-02 2.3273697054272747e-05 3.4187849025671534e-02 -3.4164575328617261e-02 4.6547394108546599e-05 6.8375698051343067e-02 -6.8329150657234522e-02
755 7.3681640625000000e-01 2.2802332010087567e-05 3.4025675238293099e-02 -3.4002872906283010e-02 2.2802332010086378e-05 3.4025675238293099e-02 -3.4002872906283010e-02 4.5604664020173949e-05 6.8051350476586198e-02 -6.8005745812566021e-02
756 7.3779296875000000e-01 2.2328941161346090e-05 3.3863219263952769e-02 -3.3840890322791424e-02 2.2328941161344951e-05 3.3863219263952769e-02 -3.3840890322791424e-02 4.4657882322691041e-05 6.7726438527905539e-02 -6.7681780645582848e-02
757 7.3876953125000000e-01 2.1853523542913936e-05 3.3700485902064835e-02 -3.3678632378521922e-02 2.1853523542912815e-05 3.3700485902064835e-02 -3.3678632378521922e-02 4.3707047085826754e-05 6.7400971804129670e-02 -6.7357264757043844e-02
758 7.3974609375000000e-01 2.1376078185683866e-05 3.3537479971794279e-02 -3.3516103893608595e-02 2.1376078185682876e-05 3.3537479971794279e-02 -3.3516103893608595e-02 4.2752156371366742e-05 6.7074959943588558e-02 -6.7032207787217191e-02
759 7.4072265625000000e-01 2.0896604116576951e-05 3.3374206312056738e-02 -3.3353309707940162e-02 2.0896604116576050e-05 3.3374206312056738e-02 -3.3353309707940162e-02 4.1793208233153002e-05 6.6748412624113476e-02 -6.6706619415880325e-02
760 7.4169921875000000e-01 2.0415100358542488e-05 3.3210669781518536e-02 -3.3190254681159992e-02 2.0415100358541417e-05 3.3210669781518536e-02 -3.3190254681159992e-02 4.0830200717083904e-05 6.6421339563037071e-02 -6.6380509362319984e-02
761 7.4267578125000000e-01 1.9931565930558017e-05 3.3046875258596661e-02 -3.3026943692666101e-02 1.9931565930556821e-05 3.3046875258596661e-02 -3.3026943692666101e-02 3.9863131861114835e-05 6.6093750517193323e-02 -6.6053887385332202e-02
762 7.4365234375000000e-01 1.9445999847629313e-05 3.2882827641458806e-02 -3.2863381641611178e-02 1.9445999847628185e-05 3.2882827641458806e-02 -3.2863381641611178e-02 3.8891999695257501e-05 6.5765655282917612e-02 -6.5726763283222356e-02
763 7.4462890625000000e-01 1.8958401120790382e-05 3.2718531848023306e-02 -3.2699573446902518e-02 1.8958401120789538e-05 3.2718531848023306e-02 -3.2699573446902518e-02 3.7916802241579924e-05 6.5437063696046613e-02 -6.5399146893805035e-02
764 7.4560546875000000e-01 1.8468768757103565e-05 3.2553992815959186e-02 -3.2535524047202086e-02 1.8468768757102549e-05 3.2553992815959186e-02 -3.2535524047202086e-02 3.6937537514206114e-05 6.5107985631918372e-02 -6.5071048094404171e-02
765 7.4658203125000000e-01 1.7977101759659358e-05 3.2389215502686163e-02 -3.2371238400926504e-02 1.7977101759657962e-05 3.2389215502686163e-02 -3.2371238400926504e-02 3.5954203519317320e-05 6.4778431005372325e-02 -6.4742476801853008e-02
766 7.4755859375000000e-01 1.7483399127576538e-05 3.2224204885374599e-02 -3.2206721486247022e-02 1.7483399127575366e-05 3.2224204885374599e-02 -3.2206721486247022e-02 3.4966798255151904e-05 6.4448409770749199e-02 -6.4413442972494045e-02
767 7.4853515625000000e-01 1.6987659856002153e-05 3.2058965960945554e-02 -3.2041978301089555e-02 1.6987659856001137e-05 3.2058965960945554e-02 -3.2041978301089555e-02 3.3975319712003290e-05 6.4117931921891108e-02 -6.4083956602179110e-02
768 7.4951171875000000e-01 1.6489882936111452e-05 3.1893503746070764e-02 -3.1877013863134650e-02 1.6489882936110544e-05 3.1893503746070764e-02 -3.1877013863134657e-02 3.2979765872221996e-05 6.3787007492141529e-02 -6.3754027726269313e-02
769 7.5048828125000000e-01 1.5990067355108003e-05 3.1727823277172627e-02 -3.1711833209817519e-02 1.5990067355107102e-05 3.1727823277172627e-02 -3.1711833209817519e-02 3.1980134710215105e-05 6.3455646554345255e-02 -6.3423666419635039e-02
770 7.5146484375000000e-01 1.5488212096223551e-05 3.1561929610424234e-02 -3.1546441398328011e-02 1.5488212096222619e-05 3.1561929610424234e-02 -3.1546441398328011e-02 3.0976424192446166e-05 6.3123859220848469e-02 -6.3092882796656022e-02
771 7.5244140625000000e-01 1.4984316138718152e-05 3.1395827821749336e-02 -3.1380843505610621e-02 1.4984316138717256e-05 3.1395827821749336e-02 -3.1380843505610621e-02 2.9968632277435407e-05 6.2791655643498673e-02 -6.2761687011221243e-02
772 7.5341796875000000e-01 1.4478378457880055e-05 3.1229523006822368e-02 -3.1215044628364486e-02 1.4478378457878906e-05 3.1229523006822368e-02 -3.1215044628364490e-02 2.8956756915758961e-05 6.2459046013644735e-02 -6.2430089256728979e-02
773 7.5439453125000000e-01 1.3970398025025806e-05 3.1063020281068447e-02 -3.1049049883043422e-02 1.3970398025024867e-05 3.1063020281068447e-02 -3.1049049883043422e-02 2.7940796050050673e-05 6.2126040562136893e-02 -6.2098099766086844e-02
774 7.5537109375000000e-01 1.3460373807500175e-05 3.0896324779663357e-02 -3.0882864405855859e-02 1.3460373807499233e-05 3.0896324779663357e-02 -3.0882864405855859e-02 2.6920747614999408e-05 6.1792649559326715e-02 -6.1765728811711718e-02
775 7.5634765625000000e-01 1.2948304768676201e-05 3.0729441657533562e-02 -3.0716493352764884e-02 1.2948304768675297e-05 3.0729441657533562e-02 -3.0716493352764888e-02 2.5896609537351498e-05 6.1458883315067124e-02 -6.1432986705529775e-02
776 7.5732421875000000e-01 1.2434189867955132e-05 3.0562376089356198e-02 -3.0549941899488241e-02 1.2434189867954072e-05 3.0562376089356198e-02 -3.0549941899488245e-02 2.4868379735909204e-05 6.1124752178712397e-02 -6.1099883798976490e-02
777 7.5830078125000000e-01 1.1918028060766484e-05 3.0395133269559085e-02 -3.0383215241498319e-02 1.1918028060765412e-05 3.0395133269559085e-02 -3.0383215241498319e-02 2.3836056121531894e-05 6.0790266539118169e-02 -6.0766430482996639e-02
778 7.5927734375000000e-01 1.1399818298568040e-05 3.0227718412320713e-02 -3.0216318594022146e-02 1.1399818298566976e-05 3.0227718412320713e-02 -3.0216318594022146e-02 2.2799636597135015e-05 6.0455436824641426e-02 -6.0432637188044293e-02
779 7.6025390625000000e-01 1.0879559528845825e-05 3.0060136751570248e-02 -3.0049257192041403e-02 1.0879559528844751e-05 3.0060136751570248e-02 -3.0049257192041403e-02 2.1759119057690576e-05 6.0120273503140496e-02 -6.0098514384082806e-02
780 7.6123046875000000e-01 1.0357250695114090e-05 2.9892393540987536e-02 -2.9882036290292423e-02 1.0357250695113199e-05 2.9892393540987536e-02 -2.9882036290292423e-02 2.0714501390227288e-05 5.9784787081975072e-02 -5.9764072580584846e-02
781 7.6220703125000000e-01 9.8328907369153688e-06 2.9724494054003094e-02 -2.9714661163266178e-02 9.8328907369143151e-06 2.9724494054003094e-02 -2.9714661163266182e-02 1.9665781473829684e-05 5.9448988108006189e-02 -5.9429322326532356e-02
782 7.6318359375000000e-01 9.3064785898204233e-06 2.9556443583798119e-02 -2.9547137105208298e-02 9.3064785898192866e-06 2.9556443583798119e-02 -2.9547137105208301e-02 1.8612957179639712e-05 5.9112887167596238e-02 -5.9094274210416596e-02
783 7.6416015625000000e-01 8.7780131854282788e-06 2.9388247443304483e-02 -2.9379469430119053e-02 8.7780131854272539e-06 2.9388247443304483e-02 -2.9379469430119057e-02 1.7556026370855531e-05 5.8776494886608965e-02 -5.8758938860238107e-02
784 7.6513671875000000e-01 8.2474934513661879e-06 2.9219910965204734e-02 -2.9211663471753368e-02 8.2474934513651986e-06 2.9219910965204734e-02 -2.9211663471753368e-02 1.6494986902731386e-05 5.8439821930409468e-02 -5.8423326943506736e-02
785 7.6611328125000000e-01 7.7149183112896807e-06 2.9051439501932098e-02 -2.9043724583620808e-02 7.7149183112886304e-06 2.9051439501932098e-02 -2.9043724583620811e-02 1.5429836622578311e-05 5.8102879003864197e-02 -5.8087449167241616e-02
786 7.6708984375000000e-01 7.1802866848825068e-06 2.8882838425670472e-02 -2.8875658138985589e-02 7.1802866848815047e-06 2.8882838425670472e-02 -2.8875658138985589e-02 1.4360573369764012e-05 5.7765676851340944e-02 -5.7751316277971178e-02
787 7.6806640625000000e-01 6.6435974878566926e-06 2.8714113128354438e-02 -2.8707469530866579e-02 6.6435974878556923e-06 2.8714113128354438e-02 -2.8707469530866583e-02 1.3287194975712384e-05 5.7428226256708875e-02 -5.7414939061733165e-02
788 7.6904296875000000e-01 6.1048496319524916e-06 2.8545269021669241e-02 -2.8539164172037289e-02 6.1048496319514345e-06 2.8545269021669241e-02 -2.8539164172037289e-02 1.2209699263903926e-05 5.7090538043338482e-02 -5.7078328344074579e-02
789 7.7001953125000000e-01 5.5640420249384113e-06 2.8376311537050815e-02 -2.8370747495025876e-02 5.5640420249374041e-06 2.8376311537050815e-02 -2.8370747495025876e-02 1.1128084049875816e-05 5.6752623074101630e-02 -5.6741494990051752e-02
790 7.7099609375000000e-01 5.0211735706112215e-06 2.8207246125685762e-02 -2.8202224952115152e-02 5.0211735706101576e-06 2.8207246125685762e-02 -2.8202224952115152e-02 1.0042347141221379e-05 5.6414492251371524e-02 -5.6404449904230304e-02
791 7.7197265625000000e-01 4.4762431687959225e-06 2.8038078258511366e-02 -2.8033602015342569e-02 4.4762431687948654e-06 2.8038078258511366e-02 -2.8033602015342572e-02 8.9524863375907878e-06 5.6076156517022732e-02 -5.6067204030685144e-02
792 7.7294921875000000e-01 3.9292497153457822e-06 2.7868813426215579e-02 -2.7864884176500234e-02 3.9292497153447403e-06 2.7868813426215579e-02 -2.7864884176500234e-02 7.8584994306905225e-06 5.5737626852431159e-02 -5.5729768353000468e-02
793 7.7392578125000000e-01 3.3801921021423060e-06 2.7699457139237039e-02 -2.7696076947134895e-02 3.3801921021412616e-06 2.7699457139237039e-02 -2.7696076947134898e-02 6.7603842042835676e-06 5.5398914278474078e-02 -5.5392153894269797e-02
794 7.7490234375000000e-01 2.8290692170952507e-06 2.7530014927765054e-02 -2.7527185858547958e-02 2.8290692170941898e-06 2.7530014927765054e-02 -2.7527185858547961e-02 5.6581384341894410e-06 5.5060029855530108e-02 -5.5054371717095922e-02
795 7.7587890625000000e-01 2.2758799441426215e-06 2.7360492341739606e-02 -2.7358216461795464e-02 2.2758799441415589e-06 2.7360492341739606e-02 -2.7358216461795464e-02 4.5517598882841808e-06 5.4720984683479211e-02 -5.4716432923590928e-02
796 7.7685546875000000e-01 1.7206231632506709e-06 2.7190894950851360e-02 -2.7189174327688109e-02 1.7206231632496271e-06 2.7190894950851360e-02 -2.7189174327688109e-02 3.4412463265002982e-06 5.4381789901702719e-02 -5.4378348655376219e-02
797 7.7783203125000000e-01 1.1632977504139057e-06 2.7021228344541653e-02 -2.7020065046791240e-02 1.1632977504128496e-06 2.7021228344541653e-02 -2.7020065046791240e-02 2.3265955008267551e-06 5.4042456689083307e-02 -5.4040130093582481e-02
798 7.7880859375000000e-01 6.0390257765507917e-07 2.6851498132002497e-02 -2.6850894229424840e-02 6.0390257765403170e-07 2.6851498132002497e-02 -2.6850894229424844e-02 1.2078051553091110e-06 5.3702996264004994e-02 -5.3701788458849688e-02
799 7.7978515625000000e-01 4.2436513025195629e-08 2.6681709942176581e-02 -2.6681667505663555e-02 4.2436513024150000e-08 2.6681709942176581e-02 -2.6681667505663555e-02 8.4873026049345635e-08 5.3363419884353162e-02 -5.3363335011327111e-02
800 7.8076171875000000e-01 -5.2110157939649399e-07 2.6511869423757273e-02 -2.6512390525336670e-02 -5.2110157939754643e-07 2.6511869423757273e-02 -2.6512390525336670e-02 -1.0422031587940404e-06 5.3023738847514545e-02 -5.3024781050673341e-02
801 7.8173828125000000e-01 -1.0867128395024892e-06 2.6341982245188612e-02 -2.6343068958028116e-02 -1.0867128395035316e-06 2.6341982245188612e-02 -2.6343068958028116e-02 -2.1734256790060206e-06 5.2683964490377225e-02 -5.2686137916056232e-02
802 7.8271484375000000e-01 -1.6543984111570406e-06 2.6172054094665321e-02 -2.6173708493076479e-02 -1.6543984111580962e-06 2.6172054094665321e-02 -2.6173708493076479e-02 -3.3087968223151370e-06 5.2344108189330642e-02 -5.2347416986152959e-02
803 7.8369140625000000e-01 -2.2241594421961473e-06 2.6002090680132792e-02 -2.6004314839574990e-02 -2.2241594421971976e-06 2.6002090680132792e-02 -2.6004314839574990e-02 -4.4483188843933449e-06 5.2004181360265585e-02 -5.2008629679149980e-02
804 7.8466796875000000e-01 -2.7959970844275623e-06 2.5832097729287091e-02 -2.5834893726371520e-02 -2.7959970844286093e-06 2.5832097729287091e-02 -2.5834893726371520e-02 -5.5919941688561716e-06 5.1664195458574182e-02 -5.1669787452743039e-02
805 7.8564453125000000e-01 -3.3699124936307829e-06 2.5662080989574967e-02 -2.5665450902068600e-02 -3.3699124936318150e-06 2.5662080989574967e-02 -2.5665450902068600e-02 -6.7398249872625975e-06 5.1324161979149935e-02 -5.1330901804137199e-02
806 7.8662109375000000e-01 -3.9459068295570723e-06 2.5492046228193847e-02 -2.5495992135023404e-02 -3.9459068295581226e-06 2.5492046228193847e-02 -2.5495992135023404e-02 -7.8918136591151949e-06 5.0984092456387693e-02 -5.0991984270046808e-02
807 7.8759765625000000e-01 -4.5239812559294252e-06 2.5321999232091823e-02 -2.5326523213347753e-02 -4.5239812559304925e-06 2.5321999232091823e-02 -2.5326523213347753e-02 -9.0479625118599177e-06 5.0643998464183645e-02 -5.0653046426695505e-02
808 7.8857421875000000e-01 -5.1041369404425981e-06 2.5151945807967670e-02 -2.5157049944908114e-02 -5.1041369404436358e-06 2.5151945807967670e-02 -2.5157049944908114e-02 -1.0208273880886233e-05 5.0303891615935341e-02 -5.0314099889816229e-02
809 7.8955078125000000e-01 -5.6863750547631113e-06 2.4981891782270844e-02 -2.4987578157325607e-02 -5.6863750547641624e-06 2.4981891782270844e-02 -2.4987578157325607e-02 -1.1372750109527273e-05 4.9963783564541689e-02 -4.9975156314651215e-02
810 7.9052734375000000e-01 -6.2706967745292104e-06 2.4811843001201466e-02 -2.4818113697975996e-02 -6.2706967745302785e-06 2.4811843001201466e-02 -2.4818113697975996e-02 -1.2541393549059488e-05 4.9623686002402932e-02 -4.9636227395951991e-02
811 7.9150390625000000e-01 -6.8571032793508975e-06 2.4641805330710344e-02 -2.4648662433989693e-02 -6.8571032793519368e-06 2.4641805330710344e-02 -2.4648662433989697e-02 -1.3714206558702835e-05 4.9283610661420688e-02 -4.9297324867979393e-02
812 7.9248046875000000e-01 -7.4455957528099382e-06 2.4471784656498952e-02 -2.4479230252251762e-02 -7.4455957528110181e-06 2.4471784656498952e-02 -2.4479230252251762e-02 -1.4891191505620955e-05 4.8943569312997905e-02 -4.8958460504503525e-02
813 7.9345703125000000e-01 -8.0361753824598390e-06 2.4301786884019447e-02 -2.4309823059401908e-02 -8.0361753824609215e-06 2.4301786884019447e-02 -2.4309823059401908e-02 -1.6072350764920762e-05 4.8603573768038894e-02 -4.8619646118803816e-02
814 7.9443359375000000e-01 -8.6288433598258594e-06 2.4131817938474662e-02 -2.4140446781834489e-02 -8.6288433598268860e-06 2.4131817938474662e-02 -2.4140446781834489e-02 -1.7257686719652745e-05 4.8263635876949325e-02 -4.8280893563668978e-02
815 7.9541015625000000e-01 -9.2236008804050180e-06 2.3961883764818104e-02 -2.3971107365698508e-02 -9.2236008804060599e-06 2.3961883764818104e-02 -2.3971107365698512e-02 -1.8447201760811076e-05 4.7923767529636209e-02 -4.7942214731397023e-02
816 7.9638671875000000e-01 -9.8204491436660619e-06 2.3791990327753955e-02 -2.3801810776897622e-02 -9.8204491436670140e-06 2.3791990327753955e-02 -2.3801810776897622e-02 -1.9640898287333076e-05 4.7583980655507910e-02 -4.7603621553795245e-02
817 7.9736328125000000e-01 -1.0419389353049513e-05 2.3622143611737072e-02 -2.3632563001090123e-02 -1.0419389353050622e-05 2.3622143611737072e-02 -2.3632563001090123e-02 -2.0838778706100137e-05 4.7244287223474145e-02 -4.7265126002180247e-02
818 7.9833984375000000e-01 -1.1020422715967637e-05 2.3452349620973000e-02 -2.3463370043688966e-02 -1.1020422715968658e-05 2.3452349620973000e-02 -2.3463370043688970e-02 -2.2040845431936297e-05 4.6904699241945999e-02 -4.6926740087377933e-02
819 7.9931640625000000e-01 -1.1623550443804458e-05 2.3282614379417938e-02 -2.3294237929861742e-02 -1.1623550443805601e-05 2.3282614379417938e-02 -2.3294237929861742e-02 -2.3247100887610057e-05 4.6565228758835876e-02 -4.6588475859723484e-02
820 8.0029296875000000e-01 -1.2228773751915726e-05 2.3112943930778784e-02 -2.3125172704530701e-02 -1.2228773751916875e-05 2.3112943930778784e-02 -2.3125172704530701e-02 -2.4457547503832601e-05 4.6225887861557569e-02 -4.6250345409061401e-02
821 8.0126953125000000e-01 -1.2836093859628979e-05 2.2943344338513097e-02 -2.2956180432372728e-02 -1.2836093859629991e-05 2.2943344338513097e-02 -2.2956180432372728e-02 -2.5672187719258968e-05 4.5886688677026194e-02 -4.5912360864745455e-02
822 8.0224609375000000e-01 -1.3445511990243444e-05 2.2773821685829119e-02 -2.2787267197819362e-02 -1.3445511990244564e-05 2.2773821685829119e-02 -2.2787267197819365e-02 -2.6891023980488009e-05 4.5547643371658238e-02 -4.5574534395638723e-02
823 8.0322265625000000e-01 -1.4057029371030194e-05 2.2604382075685762e-02 -2.2618439105056794e-02 -1.4057029371031213e-05 2.2604382075685762e-02 -2.2618439105056794e-02 -2.8114058742061409e-05 4.5208764151371525e-02 -4.5236878210113587e-02
824 8.0419921875000000e-01 -1.4670647233231977e-05 2.2435031630792624e-02 -2.2449702278025858e-02 -1.4670647233233039e-05 2.2435031630792624e-02 -2.2449702278025858e-02 -2.9341294466465015e-05 4.4870063261585248e-02 -4.4899404556051715e-02
825 8.0517578125000000e-01 -1.5286366812063429e-05 2.2265776493609973e-02 -2.2281062860422036e-02 -1.5286366812064453e-05 2.2265776493609973e-02 -2.2281062860422036e-02 -3.0572733624127882e-05 4.4531552987219947e-02 -4.4562125720844073e-02
826 8.0615234375000000e-01 -1.5904189346711184e-05 2.2096622826348750e-02 -2.2112527015695462e-02 -1.5904189346712445e-05 2.2096622826348750e-02 -2.2112527015695462e-02 -3.1808378693423629e-05 4.4193245652697499e-02 -4.4225054031390924e-02
827 8.0712890625000000e-01 -1.6524116080334675e-05 2.1927576810970576e-02 -2.1944100927050909e-02 -1.6524116080335837e-05 2.1927576810970576e-02 -2.1944100927050913e-02 -3.3048232160670516e-05 4.3855153621941152e-02 -4.3888201854101826e-02
828 8.0810546875000000e-01 -1.7146148260069218e-05 2.1758644649187749e-02 -2.1775790797447819e-02 -1.7146148260070065e-05 2.1758644649187749e-02 -2.1775790797447819e-02 -3.4292296520139283e-05 4.3517289298375499e-02 -4.3551581594895639e-02
829 8.0908203125000000e-01 -1.7770287137037963e-05 2.1589832562463242e-02 -2.1607602849600279e-02 -1.7770287137039003e-05 2.1589832562463242e-02 -2.1607602849600283e-02 -3.5540574274076970e-05 4.3179665124926485e-02 -4.3215205699200565e-02
830 8.1005859375000000e-01 -1.8396533966398934e-05 2.1421146792010706e-02 -2.1439543325977105e-02 -1.8396533966399984e-05 2.1421146792010706e-02 -2.1439543325977105e-02 -3.6793067932798918e-05 4.2842293584021411e-02 -4.2879086651954210e-02
831 8.1103515625000000e-01 -1.9024890007528941e-05 2.1252593598794462e-02 -2.1271618488801991e-02 -1.9024890007530083e-05 2.1252593598794462e-02 -2.1271618488801991e-02 -3.8049780015059028e-05 4.2505187197588924e-02 -4.2543236977603982e-02
832 8.1201171875000000e-01 -1.9655356524743658e-05 2.1084179263529509e-02 -2.1103834620054253e-02 -1.9655356524744739e-05 2.1084179263529509e-02 -2.1103834620054253e-02 -3.9310713049488393e-05 4.2168358527059017e-02 -4.2207669240108506e-02
833 8.1298828125000000e-01 -2.0287934790116598e-05 2.0915910086681533e-02 -2.0936198021471650e-02 -2.0287934790117526e-05 2.0915910086681533e-02 -2.0936198021471650e-02 -4.0575869580234124e-05 4.1831820173363066e-02 -4.1872396042943301e-02
834 8.1396484375000000e-01 -2.0922626094514999e-05 2.0747792388466878e-02 -2.0768715014561394e-02 -2.0922626094516181e-05 2.0747792388466878e-02 -2.0768715014561394e-02 -4.1845252189031177e-05 4.1495584776933755e-02 -4.1537430029122788e-02
835 8.1494140625000000e-01 -2.1559431790803709e-05 2.0579832508852577e-02 -2.0601391940643383e-02 -2.1559431790804637e-05 2.0579832508852577e-02 -2.0601391940643383e-02 -4.3118863581608346e-05 4.1159665017705155e-02 -4.1202783881286766e-02
836 8.1591796875000000e-01 -2.2198353462982224e-05 2.0412036807556339e-02 -2.0434235161019321e-02 -2.2198353462983553e-05 2.0412036807556339e-02 -2.0434235161019321e-02 -4.4396706925965777e-05 4.0824073615112678e-02 -4.0868470322038643e-02
837 8.1689453125000000e-01 -2.2839393588331387e-05 2.0244411664046540e-02 -2.0267251057634873e-02 -2.2839393588332569e-05 2.0244411664046540e-02 -2.0267251057634873e-02 -4.5678787176663959e-05 4.0488823328093081e-02 -4.0534502115269745e-02
838 8.1787109375000000e-01 -2.3482558129620808e-05 2.0076963477542242e-02 -2.0100446035671862e-02 -2.3482558129621529e-05 2.0076963477542242e-02 -2.0100446035671862e-02 -4.6965116259242340e-05 4.0153926955084483e-02 -4.0200892071343725e-02
839 8.1884765625000000e-01 -2.4127866683224141e-05 1.9909698667013177e-02 -1.9933826533696401e-02 -2.4127866683225263e-05 1.9909698667013177e-02 -1.9933826533696401e-02 -4.8255733366449401e-05 3.9819397334026355e-02 -3.9867653067392803e-02
840 8.1982421875000000e-01 -2.4775392207509531e-05 1.9742623671179755e-02 -1.9767399063387266e-02 -2.4775392207510327e-05 1.9742623671179755e-02 -1.9767399063387266e-02 -4.9550784415019862e-05 3.9485247342359510e-02 -3.9534798126774531e-02
841 8.2080078125000000e-01 -2.5425416553697868e-05 1.9575744948513062e-02 -1.9601170365066759e-02 -2.5425416553698996e-05 1.9575744948513062e-02 -1.9601170365066763e-02 -5.0850833107396861e-05 3.9151489897026125e-02 -3.9202340730133518e-02
842 8.2177734375000000e-01 -2.6079039346497237e-05 1.9409068977234857e-02 -1.9435148016581354e-02 -2.6079039346498128e-05 1.9409068977234857e-02 -1.9435148016581354e-02 -5.2158078692995369e-05 3.8818137954469714e-02 -3.8870296033162707e-02
843 8.2275390625000000e-01 -2.6740561663023167e-05 1.9242602255317584e-02 -1.9269342816980606e-02 -2.6740561663023123e-05 1.9242602255317584e-02 -1.9269342816980606e-02 -5.3481123326046287e-05 3.8485204510635168e-02 -3.8538685633961213e-02
844 8.2373046875000000e-01 -2.7426817788266824e-05 1.9076351300484358e-02 -1.9103778118272626e-02 -2.7426817788263876e-05 1.9076351300484358e-02 -1.9103778118272623e-02 -5.4853635576530701e-05 3.8152702600968716e-02 -3.8207556236545245e-02
845 8.2470703125000000e-01 -2.8203707677329064e-05 1.8910322650208963e-02 -1.8938526357886291e-02 -2.8203707677313699e-05 1.8910322650208963e-02 -1.8938526357886277e-02 -5.6407415354642760e-05 3.7820645300417927e-02 -3.7877052715772568e-02
846 8.2568359375000000e-01 -2.9329216219201353e-05 1.8744522861715868e-02 -1.8773852077935069e-02 -2.9329216219138734e-05 1.8744522861715868e-02 -1.8773852077935006e-02 -5.8658432438340087e-05 3.7489045723431737e-02 -3.7547704155870075e-02
847 8.2666015625000000e-01 -3.1813312804485481e-05 1.8578958511980218e-02 -1.8610771824784704e-02 -3.1813312804237057e-05 1.8578958511980218e-02 -1.8610771824784454e-02 -6.3626625608722545e-05 3.7157917023960436e-02 -3.7221543649569158e-02
848 8.2763671875000000e-01 -3.9609876508369913e-05 1.8413636197727828e-02 -1.8453246074236197e-02 -3.9609876507394775e-05 1.8413636197727828e-02 -1.8453246074235222e-02 -7.9219753015764681e-05 3.6827272395455656e-02 -3.6906492148471422e-02
849 8.2861328125000000e-01 -6.8197763633394011e-05 1.8248562535435196e-02 -1.8316760299068591e-02 -6.8197763629573811e-05 1.8248562535435196e-02 -1.8316760299064771e-02 -1.3639552726296781e-04 3.6497125070870391e-02 -3.6633520598133358e-02
850 8.2958984375000000e-01 -1.7817443615323329e-04 1.8083744161329494e-02 -1.8261918597482728e-02 -1.7817443613827433e-04 1.8083744161329494e-02 -1.8261918597467768e-02 -3.5634887229150762e-04 3.6167488322658987e-02 -3.6523837194950497e-02
851 8.3056640625000000e-01 -6.0677011964176217e-04 1.7919187731388564e-02 -1.8525957851030325e-02 -6.0677011958319672e-04 1.7919187731388564e-02 -1.8525957850971761e-02 -1.2135402392249588e-03 3.5838375462777128e-02 -3.7051915702002086e-02
852 8.3154296875000000e-01 -2.2827065588472972e-03 1.7754899921340935e-02 -2.0037606480188232e-02 -2.2827065586180227e-03 1.7754899921340935e-02 -2.0037606479958957e-02 -4.5654131174653195e-03 3.5509799842681870e-02 -4.0075212960147190e-02
853 8.3251953125000000e-01 -8.8417939873697213e-03 1.7590887426665803e-02 -2.6432681414035524e-02 -8.8417939864721389e-03 1.7590887426665803e-02 -2.6432681413137940e-02 -1.7683587973841862e-02 3.5181774853331606e-02 -5.2865362827173468e-02
854 8.3349609375000000e-01 -3.4517699421268276e-02 1.7427156962593043e-02 -5.1944856383861315e-02 -3.4517699417754337e-02 1.7427156962593043e-02 -5.1944856380347376e-02 -6.9035398839022613e-02 3.4854313925186085e-02 -1.0388971276420869e-01
855 8.3447265625000000e-01 -1.3503315417728870e-01 1.7263715264103207e-02 -1.5229686944139190e-01 -1.3503315416353212e-01 1.7263715264103207e-02 -1.5229686942763532e-01 -2.7006630834082079e-01 3.4527430528206414e-02 -3.0459373886902719e-01
856 8.3544921875000000e-01 -5.2853452784929300e-01 1.7100569085927522e-02 -5.4563509693522050e-01 -5.2853452779543797e-01 1.7100569085927522e-02 -5.4563509688136547e-01 -1.0570690556447309e+00 3.4201138171855043e-02 -1.0912701938165859e+00
857 8.3642578125000000e-01 -2.0690330550466784e+00 1.6937725202547896e-02 -2.0859707802492262e+00 -2.0690330548358431e+00 1.6937725202547896e-02 -2.0859707800383909e+00 -4.1380661098825211e+00 3.3875450405095792e-02 -4.1719415602876166e+00
858 8.3740234375000000e-01 -8.0998582177105476e+00 1.6775190408196902e-02 -8.1166334081187443e+00 -8.0998582168851616e+00 1.6775190408196902e-02 -8.1166334072933584e+00 -1.6199716434595707e+01 3.3550380816393804e-02 -1.6233266815412101e+01
859 8.3837890625000000e-01 -3.1709657532215683e+01 1.6612971516857800e-02 -3.1726270503732540e+01 -3.1709657528984401e+01 1.6612971516857800e-02 -3.1726270500501258e+01 -6.3419315061200081e+01 3.3225943033715601e-02 -6.3452541004233794e+01
860 8.3935546875000000e-01 -1.2413857790399952e+02 1.6451075362264523e-02 -1.2415502897936179e+02 -1.2413857789134958e+02 1.6451075362264523e-02 -1.2415502896671185e+02 -2.4827715579534910e+02 3.2902150724529046e-02 -2.4831005794607364e+02
861 8.4033203125000000e-01 -4.8598432445165616e+02 1.6289508797901680e-02 -4.8600061396045407e+02 -4.8598432440213355e+02 1.6289508797901680e-02 -4.8600061391093146e+02 -9.7196864885378977e+02 3.2579017595803360e-02 -9.7200122787138559e+02
862 8.4130859375000000e-01 -1.9025576686901072e+03 1.6128278697004547e-02 -1.9025737969688041e+03 -1.9025576684962316e+03 1.6128278697004547e-02 -1.9025737967749285e+03 -3.8051153371863388e+03 3.2256557394009094e-02 -3.8051475937437326e+03
863 8.4228515625000000e-01 -7.4482357950081723e+03 1.5967391952559095e-02 -7.4482517624001248e+03 -7.4482357942491890e+03 1.5967391952559095e-02 -7.4482517616411415e+03 -1.4896471589257362e+04 3.1934783905118190e-02 -1.4896503524041267e+04
864 8.4326171875000000e-01 -2.9158757183927879e+04 1.5806855477301953e-02 -2.9158772990783356e+04 -2.9158757180956542e+04 1.5806855477301953e-02 -2.9158772987812019e+04 -5.8317514364884424e+04 3.1613710954603906e-02 -5.8317545978595379e+04
865 8.4423828125000000e-01 -1.1415228336328261e+05 1.5646676203720435e-02 -1.1415229900995881e+05 -1.1415228335165040e+05 1.5646676203720435e-02 -1.1415229899832660e+05 -2.2830456671493303e+05 3.1293352407440869e-02 -2.2830459800828542e+05
866 8.4521484375000000e-01 -4.4688954761968588e+05 1.5486861084052533e-02 -4.4688956310654694e+05 -4.4688954757414712e+05 1.5486861084052533e-02 -4.4688956306100817e+05 -8.9377909519383300e+05 3.0973722168105067e-02 -8.9377912616755511e+05
867 8.4619140625000000e-01 -1.7495074292652817e+06 1.5327417090286908e-02 -1.7495074445926987e+06 -1.7495074290870049e+06 1.5327417090286908e-02 -1.7495074444144219e+06 -3.4990148583522867e+06 3.0654834180573815e-02 -3.4990148890071209e+06
868 8.4716796875000000e-01 -6.8490665344856083e+06 1.5168351214162903e-02 -6.8490665496539595e+06 -6.8490665337876789e+06 1.5168351214162903e-02 -6.8490665489560300e+06 -1.3698133068273287e+07 3.0336702428325805e-02 -1.3698133098609990e+07
869 8.4814453125000000e-01 -2.6813096995046001e+07 1.5009670467170534e-02 -2.6813097010055672e+07 -2.6813096992313702e+07 1.5009670467170534e-02 -2.6813097007323373e+07 -5.3626193987359703e+07 3.0019340934341068e-02 -5.3626194017379045e+07
870 8.4912109375000000e-01 -1.0496936580311072e+08 1.4851381880550494e-02 -1.0496936581796210e+08 -1.0496936579241420e+08 1.4851381880550494e-02 -1.0496936580726558e+08 -2.0993873159552491e+08 2.9702763761100988e-02 -2.0993873162522766e+08
871 8.5009765625000000e-01 -4.1093976421869832e+08 1.4693492505294151e-02 -4.1093976423339182e+08 -4.1093976417682314e+08 1.4693492505294151e-02 -4.1093976419151664e+08 -8.2187952839552140e+08 2.9386985010588302e-02 -8.2187952842490840e+08
872 8.5107421875000000e-01 -1.6087692682921295e+09 1.4536009412143553e-02 -1.6087692683066654e+09 -1.6087692681281934e+09 1.4536009412143553e-02 -1.6087692681427293e+09 -3.2175385364203229e+09 2.9072018824287105e-02 -3.2175385364493947e+09
873 8.5205078125000000e-01 -6.2980971518345633e+09 1.4378939691591420e-02 -6.2980971518489418e+09 -6.2980971511927767e+09 1.4378939691591420e-02 -6.2980971512071552e+09 -1.2596194303027340e+10 2.8757879383182840e-02 -1.2596194303056097e+10
874 8.5302734375000000e-01 -2.4656132184857533e+10 1.4222290453881150e-02 -2.4656132184871754e+10 -2.4656132182345032e+10 1.4222290453881150e-02 -2.4656132182359253e+10 -4.9312264367202560e+10 2.8444580907762300e-02 -4.9312264367231003e+10
875 8.5400390625000000e-01 -9.6525163023261398e+10 1.4066068829006816e-02 -9.6525163023275467e+10 -9.6525163013425323e+10 1.4066068829006816e-02 -9.6525163013439392e+10 -1.9305032603668671e+11 2.8132137658013631e-02 -1.9305032603671484e+11
876 8.5498046875000000e-01 -3.7788194136910333e+11 1.3910281966713166e-02 -3.7788194136911725e+11 -3.7788194133059668e+11 1.3910281966713166e-02 -3.7788194133061060e+11 -7.5576388269969995e+11 2.7820563933426332e-02 -7.5576388269972778e+11
877 8.5595703125000000e-01 -1.4793527111523320e+12 1.3754937036495628e-02 -1.4793527111523457e+12 -1.4793527110015833e+12 1.3754937036495628e-02 -1.4793527110015969e+12 -2.9587054221539150e+12 2.7509874072991256e-02 -2.9587054221539424e+12
878 8.5693359375000000e-01 -5.7914501975528691e+12 1.3600041227600303e-02 -5.7914501975528828e+12 -5.7914501969627119e+12 1.3600041227600303e-02 -5.7914501969627256e+12 -1.1582900394515582e+13 2.7200082455200607e-02 -1.1582900394515609e+13
879 8.5791015625000000e-01 -2.2672683220087996e+13 1.3445601749023971e-02 -2.2672683220088008e+13 -2.2672683217777590e+13 1.3445601749023971e-02 -2.2672683217777602e+13 -4.5345366437865586e+13 2.6891203498047942e-02 -4.5345366437865609e+13
880 8.5888671875000000e-01 -8.8760249482187969e+13 1.3291625829514084e-02 -8.8760249482187984e+13 -8.8760249473143156e+13 1.3291625829514084e-02 -8.8760249473143172e+13 -1.7752049895533112e+14 2.6583251659028168e-02 -1.7752049895533116e+14
881 8.5986328125000000e-01 -3.4748343685938394e+14 1.3138120717568771e-02 -3.4748343685938394e+14 -3.4748343682397494e+14 1.3138120717568771e-02 -3.4748343682397494e+14 -6.9496687368335888e+14 2.6276241435137543e-02 -6.9496687368335888e+14
882 8.6083984375000000e-01 -1.3603469976257780e+15 1.2985093681436842e-02 -1.3603469976257780e+15 -1.3603469974871558e+15 1.2985093681436842e-02 -1.3603469974871558e+15 -2.7206939951129340e+15 2.5970187362873685e-02 -2.7206939951129340e+15
883 8.6181640625000000e-01 -5.3255601782778700e+15 1.2832552009117777e-02 -5.3255601782778700e+15 -5.3255601777351830e+15 1.2832552009117777e-02 -5.3255601777351830e+15 -1.0651120356013052e+16 2.5665104018235553e-02 -1.0651120356013052e+16
884 8.6279296875000000e-01 -2.0848791714142552e+16 1.2680503008361734e-02 -2.0848791714142552e+16 -2.0848791712018044e+16 1.2680503008361734e-02 -2.0848791712018044e+16 -4.1697583426160592e+16 2.5361006016723468e-02 -4.1697583426160592e+16
885 8.6376953125000000e-01 -8.1619980131415856e+16 1.2528954006669549e-02 -8.1619980131415856e+16 -8.1619980123098784e+16 1.2528954006669549e-02 -8.1619980123098784e+16 -1.6323996025451462e+17 2.5057908013339097e-02 -1.6323996025451462e+17
886 8.6474609375000000e-01 -3.1953032329128928e+17 1.2377912351292732e-02 -3.1953032329128928e+17 -3.1953032325872915e+17 1.2377912351292732e-02 -3.1953032325872915e+17 -6.3906064655001843e+17 2.4755824702585465e-02 -6.3906064655001843e+17
887 8.6572265625000000e-01 -1.2509146331357325e+18 1.2227385409233469e-02 -1.2509146331357325e+18 -1.2509146330082639e+18 1.2227385409233469e-02 -1.2509146330082639e+18 -2.5018292661439964e+18 2.4454770818466937e-02 -2.5018292661439964e+18
888 8.6669921875000000e-01 -4.8971484248354673e+18 1.2077380567244625e-02 -4.8971484248354673e+18 -4.8971484243364342e+18 1.2077380567244625e-02 -4.8971484243364342e+18 -9.7942968491719025e+18 2.4154761134489250e-02 -9.7942968491719025e+18
889 8.6767578125000000e-01 -1.9171622155183669e+19 1.1927905231829737e-02 -1.9171622155183669e+19 -1.9171622153230049e+19 1.1927905231829737e-02 -1.9171622153230049e+19 -3.8343244308413719e+19 2.3855810463659474e-02 -3.8343244308413719e+19
890 8.6865234375000000e-01 -7.5054105813318959e+19 1.1778966829243022e-02 -7.5054105813318959e+19 -7.5054105805670842e+19 1.1778966829243022e-02 -7.5054105805670842e+19 -1.5010821161898980e+20 2.3557933658486043e-02 -1.5010821161898980e+20
891 8.6962890625000000e-01 -2.9382588253825902e+20 1.1630572805489370e-02 -2.9382588253825902e+20 -2.9382588250831818e+20 1.1630572805489370e-02 -2.9382588250831818e+20 -5.8765176504657720e+20 2.3261145610978740e-02 -5.8765176504657720e+20
892 8.7060546875000000e-01 -1.1502854948951539e+21 1.1482730626324348e-02 -1.1502854948951539e+21 -1.1502854947779371e+21 1.1482730626324348e-02 -1.1502854947779371e+21 -2.3005709896730909e+21 2.2965461252648697e-02 -2.3005709896730909e+21
893 8.7158203125000000e-01 -4.5032000187862965e+21 1.1335447777254200e-02 -4.5032000187862965e+21 -4.5032000183274245e+21 1.1335447777254200e-02 -4.5032000183274245e+21 -9.0064000371137205e+21 2.2670895554508401e-02 -9.0064000371137205e+21
894 8.7255859375000000e-01 -1.7629371577049482e+22 1.1188731763535848e-02 -1.7629371577049482e+22 -1.7629371575252990e+22 1.1188731763535848e-02 -1.7629371575252990e+22 -3.5258743152302472e+22 2.2377463527071696e-02 -3.5258743152302472e+22
895 8.7353515625000000e-01 -6.9016419636062464e+22 1.1042590110176883e-02 -6.9016419636062464e+22 -6.9016419629029581e+22 1.1042590110176883e-02 -6.9016419629029581e+22 -1.3803283926509204e+23 2.2085180220353766e-02 -1.3803283926509204e+23
896 8.7451171875000000e-01 -2.7018922135500598e+23 1.0897030361935579e-02 -2.7018922135500598e+23 -2.7018922132747332e+23 1.0897030361935579e-02 -2.7018922132747332e+23 -5.4037844268247926e+23 2.1794060723871158e-02 -5.4037844268247926e+23
897 8.7548828125000000e-01 -1.0577514122201634e+24 1.0752060083320886e-02 -1.0577514122201634e+24 -1.0577514121123765e+24 1.0752060083320886e-02 -1.0577514121123765e+24 -2.1155028243325400e+24 2.1504120166641771e-02 -2.1155028243325400e+24
898 8.7646484375000000e-01 -4.1409425751432573e+24 1.0607686858592423e-02 -4.1409425751432573e+24 -4.1409425747212875e+24 1.0607686858592423e-02 -4.1409425747212875e+24 -8.2818851498645448e+24 2.1215373717184845e-02 -8.2818851498645448e+24
899 8.7744140625000000e-01 -1.6211186496685999e+25 1.0463918291760493e-02 -1.6211186496685999e+25 -1.6211186495034047e+25 1.0463918291760493e-02 -1.6211186495034047e+25 -3.2422372991720046e+25 2.0927836583520987e-02 -3.2422372991720046e+25
900 8.7841796875000000e-01 -6.3464431795759133e+25 1.0320762006586074e-02 -6.3464431795759133e+25 -6.3464431789291960e+25 1.0320762006586074e-02 -6.3464431789291960e+25 -1.2692886358505109e+26 2.0641524013172149e-02 -1.2692886358505109e+26
901 8.7939453125000000e-01 -2.4845399835366408e+26 1.0178225646580816e-02 -2.4845399835366408e+26 -2.4845399832834610e+26 1.0178225646580816e-02 -2.4845399832834610e+26 -4.9690799668201018e+26 2.0356451293161631e-02 -4.9690799668201018e+26
902 8.8037109375000000e-01 -9.7266118282725125e+26 1.0036316875007048e-02 -9.7266118282725125e+26 -9.7266118272813714e+26 1.0036316875007048e-02 -9.7266118272813714e+26 -1.9453223655553884e+27 2.0072633750014095e-02 -1.9453223655553884e+27
903 8.8134765625000000e-01 -3.8078267319015569e+27 9.8950433748777721e-03 -3.8078267319015569e+27 -3.8078267315135327e+27 9.8950433748777721e-03 -3.8078267315135327e+27 -7.6156534634150896e+27 1.9790086749755544e-02 -7.6156534634150896e+27
904 8.8232421875000000e-01 -1.4907086533501853e+28 9.7544128489566728e-03 -1.4907086533501853e+28 -1.4907086531982798e+28 9.7544128489566728e-03 -1.4907086531982798e+28 -2.9814173065484651e+28 1.9508825697913346e-02 -2.9814173065484651e+28
905 8.8330078125000000e-01 -5.8359070557377775e+28 9.6144330197581052e-03 -5.8359070557377775e+28 -5.8359070551430912e+28 9.6144330197581052e-03 -5.8359070551430912e+28 -1.1671814110880869e+29 1.9228866039516210e-02 -1.1671814110880869e+29
906 8.8427734375000000e-01 -2.2846725338763684e+29 9.4751116295470998e-03 -2.2846725338763684e+29 -2.2846725336435542e+29 9.4751116295470998e-03 -2.2846725336435542e+29 -4.5693450675199226e+29 1.8950223259094200e-02 -4.5693450675199226e+29
907 8.8525390625000000e-01 -8.9441599004170332e+29 9.3364564403393691e-03 -8.9441599004170332e+29 -8.9441598995056074e+29 9.3364564403393691e-03 -8.9441598995056074e+29 -1.7888319799922639e+30 1.8672912880678738e-02 -1.7888319799922639e+30
908 8.8623046875000000e-01 -3.5015082090778517e+30 9.1984752339012970e-03 -3.5015082090778517e+30 -3.5015082087210405e+30 9.1984752339012970e-03 -3.5015082087210405e+30 -7.0030164177988922e+30 1.8396950467802594e-02 -7.0030164177988922e+30
909 8.8720703125000000e-01 -1.3707894173121754e+31 9.0611758117499445e-03 -1.3707894173121754e+31 -1.3707894171724895e+31 9.0611758117499445e-03 -1.3707894171724895e+31 -2.7415788344846648e+31 1.8122351623499889e-02 -2.7415788344846648e+31
910 8.8818359375000000e-01 -5.3664407290077957e+31 8.9245659951530474e-03 -5.3664407290077957e+31 -5.3664407284609470e+31 8.9245659951530474e-03 -5.3664407284609470e+31 -1.0732881457468743e+32 1.7849131990306095e-02 -1.0732881457468743e+32
911 8.8916015625000000e-01 -2.1008833110501980e+32 8.7886536251290202e-03 -2.1008833110501980e+32 -2.1008833108361145e+32 8.7886536251290202e-03 -2.1008833108361145e+32 -4.2017666218863122e+32 1.7577307250258040e-02 -4.2017666218863122e+32
912 8.9013671875000000e-01 -8.2246518866617483e+32 8.6534465624469523e-03 -8.2246518866617483e+32 -8.2246518858236493e+32 8.6534465624469523e-03 -8.2246518858236493e+32 -1.6449303772485398e+33 1.7306893124893905e-02 -1.6449303772485398e+33
913 8.9111328125000000e-01 -3.2198313110000434e+33 8.5189526876266099e-03 -3.2198313110000434e+33 -3.2198313106719386e+33 8.5189526876266099e-03 -3.2198313106719386e+33 -6.4396626216719825e+33 1.7037905375253220e-02 -6.4396626216719825e+33
914 8.9208984375000000e-01 -1.2605170181256360e+34 8.3851799009384328e-03 -1.2605170181256360e+34 -1.2605170179971883e+34 8.3851799009384328e-03 -1.2605170179971883e+34 -2.5210340361228245e+34 1.6770359801876866e-02 -2.5210340361228245e+34
915 8.9306640625000000e-01 -4.9347403621926056e+34 8.2521361224035406e-03 -4.9347403621926056e+34 -4.9347403616897464e+34 8.2521361224035406e-03 -4.9347403616897464e+34 -9.8694807238823530e+34 1.6504272244807081e-02 -9.8694807238823530e+34
916 8.9404296875000000e-01 -1.9318789109617281e+35 8.1198292917937266e-03 -1.9318789109617281e+35 -1.9318789107648670e+35 8.1198292917937266e-03 -1.9318789107648670e+35 -3.8637578217265955e+35 1.6239658583587453e-02 -3.8637578217265955e+35
917 8.9501953125000000e-01 -7.5630242985274327e+35 7.9882673686314590e-03 -7.5630242985274327e+35 -7.5630242977567469e+35 7.9882673686314590e-03 -7.5630242977567469e+35 -1.5126048596284178e+36 1.5976534737262918e-02 -1.5126048596284178e+36
918 8.9599609375000000e-01 -2.9608137557462863e+36 7.8574583321898862e-03 -2.9608137557462863e+36 -2.9608137554445761e+36 7.8574583321898862e-03 -2.9608137554445761e+36 -5.9216275111908629e+36 1.5714916664379772e-02 -5.9216275111908629e+36
919 8.9697265625000000e-01 -1.1591154213167479e+37 7.7274101814928300e-03 -1.1591154213167479e+37 -1.1591154211986320e+37 7.7274101814928300e-03 -1.1591154211986320e+37 -2.3182308425153799e+37 1.5454820362985660e-02 -2.3182308425153799e+37
920 8.9794921875000000e-01 -4.5377678934609500e+37 7.5981309353147881e-03 -4.5377678934609500e+37 -4.5377678929985406e+37 7.5981309353147881e-03 -4.5377678929985406e+37 -9.0755357864594896e+37 1.5196261870629576e-02 -9.0755357864594896e+37
921 8.9892578125000000e-01 -1.7764699766942436e+38 7.4696286321809342e-03 -1.7764699766942436e+38 -1.7764699765132194e+38 7.4696286321809342e-03 -1.7764699765132194e+38 -3.5529399532074633e+38 1.4939257264361868e-02 -3.5529399532074633e+38
922 8.9990234375000000e-01 -6.9546209770748935e+38 7.3419113303671204e-03 -6.9546209770748935e+38 -6.9546209763662046e+38 7.3419113303671204e-03 -6.9546209763662046e+38 -1.3909241953441100e+39 1.4683822660734241e-02 -1.3909241953441100e+39
923 9.0087890625000000e-01 -2.7226327249714477e+39 7.2149871078998722e-03 -2.7226327249714477e+39 -2.7226327246940040e+39 7.2149871078998722e-03 -2.7226327246940040e+39 -5.4452654496654517e+39 1.4429974215799744e-02 -5.4452654496654517e+39
924 9.0185546875000000e-01 -1.0658710200772483e+40 7.0888640625563918e-03 -1.0658710200772483e+40 -1.0658710199686334e+40 7.0888640625563918e-03 -1.0658710199686334e+40 -2.1317420400458816e+40 1.4177728125112784e-02 -2.1317420400458816e+40
925 9.0283203125000000e-01 -4.1727296561912433e+40 6.9635503118645583e-03 -4.1727296561912433e+40 -4.1727296557660457e+40 6.9635503118645583e-03 -4.1727296557660457e+40 -8.3454593119572890e+40 1.3927100623729117e-02 -8.3454593119572890e+40
926 9.0380859375000000e-01 -1.6335628284927038e+41 6.8390539931029275e-03 -1.6335628284927038e+41 -1.6335628283262403e+41 6.8390539931029275e-03 -1.6335628283262403e+41 -3.2671256568189441e+41 1.3678107986205855e-02 -3.2671256568189441e+41
927 9.0478515625000000e-01 -6.3951603255046182e+41 6.7153832633007303e-03 -6.3951603255046182e+41 -6.3951603248529340e+41 6.7153832633007303e-03 -6.3951603248529340e+41 -1.2790320650357552e+42 1.3430766526601461e-02 -1.2790320650357552e+42
928 9.0576171875000000e-01 -2.5036120359475377e+42 6.5925462992378718e-03 -2.5036120359475377e+42 -2.5036120356924159e+42 6.5925462992378718e-03 -2.5036120356924159e+42 -5.0072240716399532e+42 1.3185092598475744e-02 -5.0072240716399532e+42
929 9.0673828125000000e-01 -9.8012761330526699e+42 6.4705512974449373e-03 -9.8012761330526699e+42 -9.8012761320538962e+42 6.4705512974449373e-03 -9.8012761320538962e+42 -1.9602552265106565e+43 1.2941102594889875e-02 -1.9602552265106565e+43
930 9.0771484375000000e-01 -3.8370567187335928e+43 6.3494064742031855e-03 -3.8370567187335928e+43 -3.8370567183425904e+43 6.3494064742031855e-03 -3.8370567183425904e+43 -7.6741134370761836e+43 1.2698812948406371e-02 -7.6741134370761836e+43
931 9.0869140625000000e-01 -1.5021517670671955e+44 6.2291200655445519e-03 -1.5021517670671955e+44 -1.5021517669141253e+44 6.2291200655445519e-03 -1.5021517669141253e+44 -3.0043035339813206e+44 1.2458240131089104e-02 -3.0043035339813206e+44
932 9.0966796875000000e-01 -5.8807051777119350e+44 6.1097003272516477e-03 -5.8807051777119350e+44 -5.8807051771126841e+44 6.1097003272516477e-03 -5.8807051771126841e+44 -1.1761410354824618e+45 1.2219400654503295e-02 -1.1761410354824618e+45
933 9.1064453125000000e-01 -2.3022103455423337e+45 5.9911555348577603e-03 -2.3022103455423337e+45 -2.3022103453077334e+45 5.9911555348577603e-03 -2.3022103453077334e+45 -4.6044206908500671e+45 1.1982311069715521e-02 -4.6044206908500671e+45
934 9.1162109375000000e-01 -9.0128178763492099e+45 5.8734939836468537e-03 -9.0128178763492099e+45 -9.0128178754307869e+45 5.8734939836468537e-03 -9.0128178754307869e+45 -1.8025635751779997e+46 1.1746987967293707e-02 -1.8025635751779997e+46
935 9.1259765625000000e-01 -3.5283868057288336e+46 5.7567239886535679e-03 -3.5283868057288336e+46 -3.5283868053692818e+46 5.7567239886535679e-03 -3.5283868053692818e+46 -7.0567736110981159e+46 1.1513447977307136e-02 -7.0567736110981159e+46
936 9.1357421875000000e-01 -1.3813119960529143e+47 5.6408538846632189e-03 -1.3813119960529143e+47 -1.3813119959121552e+47 5.6408538846632189e-03 -1.3813119959121552e+47 -2.7626239919650694e+47 1.1281707769326438e-02 -2.7626239919650694e+47
937 9.1455078125000000e-01 -5.4076350907495221e+47 5.5258920262117985e-03 -5.4076350907495221e+47 -5.4076350901984904e+47 5.5258920262117985e-03 -5.4076350901984904e+47 -1.0815270180948013e+48 1.1051784052423597e-02 -1.0815270180948013e+48
938 9.1552734375000000e-01 -2.1170103031223845e+48 5.4118467875859744e-03 -2.1170103031223845e+48 -2.1170103029066582e+48 5.4118467875859744e-03 -2.1170103029066582e+48 -4.2340206060290428e+48 1.0823693575171949e-02 -4.2340206060290428e+48
939 9.1650390625000000e-01 -8.2877867095598296e+48 5.2987265628230912e-03 -8.2877867095598296e+48 -8.2877867087152752e+48 5.2987265628230912e-03 -8.2877867087152752e+48 -1.6575573418275106e+49 1.0597453125646182e-02 -1.6575573418275106e+49
940 9.1748046875000000e-01 -3.2445476737571467e+49 5.1865397657111694e-03 -3.2445476737571467e+49 -3.2445476734265173e+49 5.1865397657111694e-03 -3.2445476734265173e+49 -6.4890953471836635e+49 1.0373079531422339e-02 -6.4890953471836635e+49
941 9.1845703125000000e-01 -1.2701931138189268e+50 5.0752948297889053e-03 -1.2701931138189268e+50 -1.2701931136894959e+50 5.0752948297889053e-03 -1.2701931136894959e+50 -2.5403862275084229e+50 1.0150589659577811e-02 -2.5403862275084229e+50
942 9.1943359375000000e-01 -4.9726208662076405e+50 4.9650002083456712e-03 -4.9726208662076405e+50 -4.9726208657009213e+50 4.9650002083456712e-03 -4.9726208657009213e+50 -9.9452417319085626e+50 9.9300004166913425e-03 -9.9452417319085626e+50
943 9.2041015625000000e-01 -1.9467085760448028e+51 4.8556643744215163e-03 -1.9467085760448028e+51 -1.9467085758464279e+51 4.8556643744215163e-03 -1.9467085758464279e+51 -3.8934171518912310e+51 9.7113287488430327e-03 -3.8934171518912310e+51
944 9.2138671875000000e-01 -7.6210802753932311e+51 4.7472958208071648e-03 -7.6210802753932311e+51 -7.6210802746166296e+51 4.7472958208071648e-03 -7.6210802746166296e+51 -1.5242160550009861e+52 9.4945916416143295e-03 -1.5242160550009861e+52
945 9.2236328125000000e-01 -2.9835418243234300e+52 4.6399030600440183e-03 -2.9835418243234300e+52 -2.9835418240193994e+52 4.6399030600440183e-03 -2.9835418240193994e+52 -5.9670836483428295e+52 9.2798061200880366e-03 -5.9670836483428295e+52
946 9.2333984375000000e-01 -1.1680131288248211e+53 4.5334946244241529e-03 -1.1680131288248211e+53 -1.1680131287057989e+53 4.5334946244241529e-03 -1.1680131287057989e+53 -2.3360262575306200e+53 9.0669892488483058e-03 -2.3360262575306200e+53
947 9.2431640625000000e-01 -4.5726011212077363e+53 4.4280790659903214e-03 -4.5726011212077363e+53 -4.5726011207417800e+53 4.4280790659903214e-03 -4.5726011207417800e+53 -9.1452022419495172e+53 8.8561581319806428e-03 -9.1452022419495172e+53
948 9.2529296875000000e-01 -1.7901066775428459e+54 4.3236649565359542e-03 -1.7901066775428459e+54 -1.7901066773604324e+54 4.3236649565359542e-03 -1.7901066773604324e+54 -3.5802133549032787e+54 8.6473299130719085e-03 -3.5802133549032787e+54
949 9.2626953125000000e-01 -7.0080066728783597e+54 4.2202608876051560e-03 -7.0080066728783597e+54 -7.0080066721642377e+54 4.2202608876051560e-03 -7.0080066721642377e+54 -1.4016013345042597e+55 8.4405217752103120e-03 -1.4016013345042597e+55
950 9.2724609375000000e-01 -2.7435324465981224e+55 4.1178754704927082e-03 -2.7435324465981224e+55 -2.7435324463185530e+55 4.1178754704927082e-03 -2.7435324463185530e+55 -5.4870648929166754e+55 8.2357509409854163e-03 -5.4870648929166754e+55
951 9.2822265625000000e-01 -1.0740529564086683e+56 4.0165173362440680e-03 -1.0740529564086683e+56 -1.0740529562992206e+56 4.0165173362440680e-03 -1.0740529562992206e+56 -2.1481059127078887e+56 8.0330346724881360e-03 -2.1481059127078887e+56
952 9.2919921875000000e-01 -4.2047607441297412e+56 3.9161951356553697e-03 -4.2047607441297412e+56 -4.2047607437012708e+56 3.9161951356553697e-03 -4.2047607437012708e+56 -8.4095214878310120e+56 7.8323902713107393e-03 -8.4095214878310120e+56
953 9.3017578125000000e-01 -1.6461025324571973e+57 3.8169175392734219e-03 -1.6461025324571973e+57 -1.6461025322894553e+57 3.8169175392734219e-03 -1.6461025322894553e+57 -3.2922050647466525e+57 7.6338350785468438e-03 -3.2922050647466525e+57
954 9.3115234375000000e-01 -6.4442514384318710e+57 3.7186932373957106e-03 -6.4442514384318710e+57 -6.4442514377751921e+57 3.7186932373957106e-03 -6.4442514377751921e+57 -1.2888502876207063e+58 7.4373864747914213e-03 -1.2888502876207063e+58
955 9.3212890625000000e-01 -2.5228304909865097e+58 3.6215309400703987e-03 -2.5228304909865097e+58 -2.5228304907294306e+58 3.6215309400703987e-03 -2.5228304907294306e+58 -5.0456609817159409e+58 7.2430618801407973e-03 -5.0456609817159409e+58
956 9.3310546875000000e-01 -9.8765135827785214e+58 3.5254393770963234e-03 -9.8765135827785214e+58 -9.8765135817720876e+58 3.5254393770963234e-03 -9.8765135817720876e+58 -1.9753027164550608e+59 7.0508787541926467e-03 -1.9753027164550608e+59
957 9.3408203125000000e-01 -3.8665110834563083e+59 3.4304272980229989e-03 -3.8665110834563083e+59 -3.8665110830623107e+59 3.4304272980229989e-03 -3.8665110830623107e+59 -7.7330221665186185e+59 6.8608545960459977e-03 -7.7330221665186185e+59
958 9.3505859375000000e-01 -1.5136827214573306e+60 3.3365034721506157e-03 -1.5136827214573306e+60 -1.5136827213030851e+60 3.3365034721506157e-03 -1.5136827213030851e+60 -3.0273654427604158e+60 6.6730069443012314e-03 -3.0273654427604158e+60
959 9.3603515625000000e-01 -5.9258471831155741e+60 3.2436766885300394e-03 -5.9258471831155741e+60 -5.9258471825117156e+60 3.2436766885300394e-03 -5.9258471825117156e+60 -1.1851694365627290e+61 6.4873533770600789e-03 -1.1851694365627290e+61
960 9.3701171875000000e-01 -2.3198827825576534e+61 3.1519557559628133e-03 -2.3198827825576534e+61 -2.3198827823212506e+61 3.1519557559628133e-03 -2.3198827823212506e+61 -4.6397655648789043e+61 6.3039115119256266e-03 -4.6397655648789043e+61
961 9.3798828125000000e-01 -9.0820028908978221e+61 3.0613495030011552e-03 -9.0820028908978221e+61 -9.0820028899723547e+61 3.0613495030011552e-03 -9.0820028899723547e+61 -1.8164005780870178e+62 6.1226990060023103e-03 -1.8164005780870178e+62
962 9.3896484375000000e-01 -3.5554717303147489e+62 2.9718667779479605e-03 -3.5554717303147489e+62 -3.5554717299524362e+62 2.9718667779479605e-03 -3.5554717299524362e+62 -7.1109434602671851e+62 5.9437335558959210e-03 -7.1109434602671851e+62
963 9.3994140625000000e-01 -1.3919153491722403e+63 2.8835164488567990e-03 -1.3919153491722403e+63 -1.3919153490304021e+63 2.8835164488567990e-03 -1.3919153490304021e+63 -2.7838306982026423e+63 5.7670328977135980e-03 -2.7838306982026423e+63
964 9.4091796875000000e-01 -5.4491456724077758e+63 2.7963074035319184e-03 -5.4491456724077758e+63 -5.4491456718524943e+63 2.7963074035319184e-03 -5.4491456718524943e+63 -1.0898291344260270e+64 5.5926148070638369e-03 -1.0898291344260270e+64
965 9.4189453125000000e-01 -2.1332610906818906e+64 2.7102485495282408e-03 -2.1332610906818906e+64 -2.1332610904645069e+64 2.7102485495282408e-03 -2.1332610904645069e+64 -4.2665221811463975e+64 5.4204970990564816e-03 -4.2665221811463975e+64
966 9.4287109375000000e-01 -8.3514061737433048e+64 2.6253488141513661e-03 -8.3514061737433048e+64 -8.3514061728922899e+64 2.6253488141513661e-03 -8.3514061728922899e+64 -1.6702812346635595e+65 5.2506976283027322e-03 -1.6702812346635595e+65
967 9.4384765625000000e-01 -3.2694537665121790e+65 2.5416171444575687e-03 -3.2694537665121790e+65 -3.2694537661790170e+65 2.5416171444575687e-03 -3.2694537661790170e+65 -6.5389075326911964e+65 5.0832342889151373e-03 -6.5389075326911964e+65
968 9.4482421875000000e-01 -1.2799434860404408e+66 2.4590625072538003e-03 -1.2799434860404408e+66 -1.2799434859100140e+66 2.4590625072538003e-03 -1.2799434859100140e+66 -2.5598869719504548e+66 4.9181250145076006e-03 -2.5598869719504548e+66
969 9.4580078125000000e-01 -5.0107921520022991e+66 2.3776938890976880e-03 -5.0107921520022991e+66 -5.0107921514916974e+66 2.3776938890976880e-03 -5.0107921514916974e+66 -1.0021584303493997e+67 4.7553877781953760e-03 -1.0021584303493997e+67
970 9.4677734375000000e-01 -1.9616520779554571e+67 2.2975202962975355e-03 -1.9616520779554571e+67 -1.9616520777555574e+67 2.2975202962975355e-03 -1.9616520777555574e+67 -3.9233041557110145e+67 4.5950405925950710e-03 -3.9233041557110145e+67
971 9.4775390625000000e-01 -7.6795819068433618e+67 2.2185507549123220e-03 -7.6795819068433618e+67 -7.6795819060608001e+67 2.2185507549123220e-03 -7.6795819060608001e+67 -1.5359163812904162e+68 4.4371015098246440e-03 -1.5359163812904162e+68
972 9.4873046875000000e-01 -3.0064443601733905e+68 2.1407943107517036e-03 -3.0064443601733905e+68 -3.0064443598670260e+68 2.1407943107517036e-03 -3.0064443598670260e+68 -6.0128887200404170e+68 4.2815886215034071e-03 -6.0128887200404170e+68
973 9.4970703125000000e-01 -1.1769791377267421e+69 2.0642600293760121e-03 -1.1769791377267421e+69 -1.1769791376068073e+69 2.0642600293760121e-03 -1.1769791376068073e+69 -2.3539582753335493e+69 4.1285200587520242e-03 -2.3539582753335493e+69
974 9.5068359375000000e-01 -4.6077017389541567e+69 1.9889569960962546e-03 -4.6077017389541567e+69 -4.6077017384846246e+69 1.9889569960962546e-03 -4.6077017384846246e+69 -9.2154034774387813e+69 3.9779139921925092e-03 -9.2154034774387813e+69
975 9.5166015625000000e-01 -1.8038480576781742e+70 1.9148943159741159e-03 -1.8038480576781742e+70 -1.8038480574943574e+70 1.9148943159741159e-03 -1.8038480574943574e+70 -3.6076961151725316e+70 3.8297886319482318e-03 -3.6076961151725316e+70
976 9.5263671875000000e-01 -7.0618021728287324e+70 1.8420811138219557e-03 -7.0618021728287324e+70 -7.0618021721091215e+70 1.8420811138219557e-03 -7.0618021721091215e+70 -1.4123604344937854e+71 3.6841622276439115e-03 -1.4123604344937854e+71
977 9.5361328125000000e-01 -2.7645926005740012e+71 1.7705265342028104e-03 -2.7645926005740012e+71 -2.7645926002922834e+71 1.7705265342028104e-03 -2.7645926002922834e+71 -5.5291852008662841e+71 3.5410530684056207e-03 -5.5291852008662841e+71
978 9.5458984375000000e-01 -1.0822976996659466e+72 1.7002397414303922e-03 -1.0822976996659466e+72 -1.0822976995556587e+72 1.7002397414303922e-03 -1.0822976995556587e+72 -2.1645953992216053e+72 3.4004794828607844e-03 -2.1645953992216053e+72
979 9.5556640625000000e-01 -4.2370377120266947e+72 1.6312299195690894e-03 -4.2370377120266947e+72 -4.2370377115949297e+72 1.6312299195690894e-03 -4.2370377115949297e+72 -8.4740754236216252e+72 3.2624598391381788e-03 -8.4740754236216252e+72
980 9.5654296875000000e-01 -1.6587384948408810e+73 1.5635062724339665e-03 -1.6587384948408810e+73 -1.6587384946718538e+73 1.5635062724339665e-03 -1.6587384946718538e+73 -3.3174769895127348e+73 3.1270125448679331e-03 -3.3174769895127348e+73
981 9.5751953125000000e-01 -6.4937193890372858e+73 1.4970780235907641e-03 -6.4937193890372858e+73 -6.4937193883755625e+73 1.4970780235907641e-03 -6.4937193883755625e+73 -1.2987438777412847e+74 2.9941560471815282e-03 -1.2987438777412847e+74
982 9.5849609375000000e-01 -2.5421964724827758e+74 1.4319544163558992e-03 -2.5421964724827758e+74 -2.5421964722237239e+74 1.4319544163558992e-03 -2.5421964722237239e+74 -5.0843929447065002e+74 2.8639088327117985e-03 -5.0843929447065002e+74
983 9.5947265625000000e-01 -9.9523285770776113e+74 1.3681447137964642e-03 -9.9523285770776113e+74 -9.9523285760634466e+74 1.3681447137964642e-03 -9.9523285760634466e+74 -1.9904657153141056e+75 2.7362894275929283e-03 -1.9904657153141056e+75
984 9.6044921875000000e-01 -3.8961915484597374e+75 1.3056581987302281e-03 -3.8961915484597374e+75 -3.8961915480627072e+75 1.3056581987302281e-03 -3.8961915480627072e+75 -7.7923830965224439e+75 2.6113163974604563e-03 -7.7923830965224439e+75
985 9.6142578125000000e-01 -1.5253021908111692e+76 1.2445041737256363e-03 -1.5253021908111692e+76 -1.5253021906557378e+76 1.2445041737256363e-03 -1.5253021906557378e+76 -3.0506043814669069e+76 2.4890083474512726e-03 -3.0506043814669069e+76
986 9.6240234375000000e-01 -5.9713357116979949e+76 1.1846919611018093e-03 -5.9713357116979949e+76 -5.9713357110895169e+76 1.1846919611018093e-03 -5.9713357110895169e+76 -1.1942671422787510e+77 2.3693839222036187e-03 -1.1942671422787510e+77
987 9.6337890625000000e-01 -2.3376908783457006e+77 1.1262309029285448e-03 -2.3376908783457006e+77 -2.3376908781074835e+77 1.1262309029285448e-03 -2.3376908781074835e+77 -4.6753817564531836e+77 2.2524618058570897e-03 -4.6753817564531836e+77
988 9.6435546875000000e-01 -9.1517189897647364e+77 1.0691303610263160e-03 -9.1517189897647364e+77 -9.1517189888321621e+77 1.0691303610263160e-03 -9.1517189888321621e+77 -1.8303437978596899e+78 2.1382607220526320e-03 -1.8303437978596899e+78
989 9.6533203125000000e-01 -3.5827645666688889e+78 1.0133997169662723e-03 -3.5827645666688889e+78 -3.5827645663037971e+78 1.0133997169662723e-03 -3.5827645663037971e+78 -7.1655291329726856e+78 2.0267994339325445e-03 -7.1655291329726856e+78
990 9.6630859375000000e-01 -1.4026000967177977e+79 9.5904837207023920e-04 -1.4026000967177977e+79 -1.4026000965748710e+79 9.5904837207023920e-04 -1.4026000965748710e+79 -2.8052001932926688e+79 1.9180967441404784e-03 -2.8052001932926688e+79
991 9.6728515625000000e-01 -5.4909749013786822e+79 9.0608574741071844e-04 -5.4909749013786822e+79 -5.4909749008191461e+79 9.0608574741071844e-04 -5.4909749008191461e+79 -1.0981949802197828e+80 1.8121714948214369e-03 -1.0981949802197828e+80
992 9.6826171875000000e-01 -2.1496366240189255e+80 8.5452128381088767e-04 -2.1496366240189255e+80 -2.1496366237998699e+80 8.5452128381088767e-04 -2.1496366237998699e+80 -4.2992732478187956e+80 1.7090425676217753e-03 -4.2992732478187956e+80
993 9.6923828125000000e-01 -8.4155139994598146e+80 8.0436444184460085e-04 -8.4155139994598146e+80 -8.4155139986022640e+80 8.0436444184460085e-04 -8.4155139986022640e+80 -1.6831027998062080e+81 1.6087288836892017e-03 -1.6831027998062080e+81
994 9.7021484375000000e-01 -3.2945510456878342e+81 7.5562470183638782e-04 -3.2945510456878342e+81 -3.2945510453521134e+81 7.5562470183638782e-04 -3.2945510453521134e+81 -6.5891020910399481e+81 1.5112494036727756e-03 -6.5891020910399481e+81
995 9.7119140625000000e-01 -1.2897687049584272e+82 7.0831156386145469e-04 -1.2897687049584272e+82 -1.2897687048269981e+82 7.0831156386145469e-04 -1.2897687048269981e+82 -2.5795374097854253e+82 1.4166231277229094e-03 -2.5795374097854253e+82
996 9.7216796875000000e-01 -5.0492564517021582e+82 6.6243454774568360e-04 -5.0492564517021582e+82 -5.0492564511876384e+82 6.6243454774568360e-04 -5.0492564511876384e+82 -1.0098512902889797e+83 1.3248690954913672e-03 -1.0098512902889797e+83
997 9.7314453125000000e-01 -1.9767102905383075e+83 6.1800319306563282e-04 -1.9767102905383075e+83 -1.9767102903368766e+83 6.1800319306563282e-04 -1.9767102903368766e+83 -3.9534205808751843e+83 1.2360063861312656e-03 -3.9534205808751843e+83
998 9.7412109375000000e-01 -7.7385326138521137e+83 5.7502705914853674e-04 -7.7385326138521137e+83 -7.7385326130635374e+83 5.7502705914853674e-04 -7.7385326130635374e+83 -1.5477065226915651e+84 1.1500541182970735e-03 -1.5477065226915651e+84
999 9.7509765625000000e-01 -3.0295227025577267e+84 5.3351572507230594e-04 -3.0295227025577267e+84 -3.0295227022490163e+84 5.3351572507230594e-04 -3.0295227022490163e+84 -6.0590454048067425e+84 1.0670314501446119e-03 -6.0590454048067425e+84
1000 9.7607421875000000e-01 -1.1860139723238845e+85 4.9347878966552676e-04 -1.1860139723238845e+85 -1.1860139722030308e+85 4.9347878966552676e-04 -1.1860139722030308e+85 -2.3720279445269152e+85 9.8695757933105351e-04 -2.3720279445269152e+85
1001 9.7705078125000000e-01 -4.6430717992636612e+85 4.5492587150746208e-04 -4.6430717992636612e+85 -4.6430717987905168e+85 4.5492587150746208e-04 -4.6430717987905168e+85 -9.2861435980541773e+85 9.0985174301492415e-04 -9.2861435980541773e+85
1002 9.7802734375000000e-01 -1.8176949206488959e+86 4.1786660892805059e-04 -1.8176949206488959e+86 -1.8176949204636710e+86 4.1786660892805059e-04 -1.8176949204636710e+86 -3.6353898411125671e+86 8.3573321785610118e-04 -3.6353898411125671e+86
1003 9.7900390625000000e-01 -7.1160106227019352e+86 3.8231066000790718e-04 -7.1160106227019352e+86 -7.1160106219768057e+86 3.8231066000790718e-04 -7.1160106219768057e+86 -1.4232021244678741e+87 7.6462132001581435e-04 -1.4232021244678741e+87
1004 9.7998046875000000e-01 -2.7858144184245020e+87 3.4826770257832292e-04 -2.7858144184245020e+87 -2.7858144181406232e+87 3.4826770257832292e-04 -2.7858144181406232e+87 -5.5716288365651247e+87 6.9653540515664583e-04 -5.5716288365651247e+87
1005 9.8095703125000000e-01 -1.0906057319733313e+88 3.1574743422126486e-04 -1.0906057319733313e+88 -1.0906057318621975e+88 3.1574743422126486e-04 -1.0906057318621975e+88 -2.1812114638355285e+88 6.3149486844252972e-04 -2.1812114638355285e+88
1006 9.8193359375000000e-01 -4.2695624473282593e+88 2.8475957226937614e-04 -4.2695624473282593e+88 -4.2695624468931866e+88 2.8475957226937614e-04 -4.2695624468931866e+88 -8.5391248942214458e+88 5.6951914453875227e-04 -8.5391248942214458e+88
1007 9.8291015625000000e-01 -1.6714714545514084e+89 2.5531385380597618e-04 -1.6714714545514084e+89 -1.6714714543810832e+89 2.5531385380597618e-04 -1.6714714543810832e+89 -3.3429429089324916e+89 5.1062770761195237e-04 -3.3429429089324916e+89
1008 9.8388671875000000e-01 -6.5435670700365842e+89 2.2742003566506033e-04 -6.5435670700365842e+89 -6.5435670693697823e+89 2.2742003566506033e-04 -6.5435670693697823e+89 -1.3087134139406366e+90 4.5484007133012066e-04 -1.3087134139406366e+90
1009 9.8486328125000000e-01 -2.5617111128923697e+90 2.0108789443130012e-04 -2.5617111128923697e+90 -2.5617111126313273e+90 2.0108789443130012e-04 -2.5617111126313273e+90 -5.1234222255236970e+90 4.0217578886260025e-04 -5.1234222255236970e+90
1010 9.8583984375000000e-01 -1.0028725549350210e+91 1.7632722644004317e-04 -1.0028725549350210e+91 -1.0028725548328267e+91 1.7632722644004317e-04 -1.0028725548328267e+91 -2.0057451097678480e+91 3.5265445288008634e-04 -2.0057451097678480e+91
1011 9.8681640625000000e-01 -3.9260998493554734e+91 1.5314784777731318e-04 -3.9260998493554734e+91 -3.9260998489553958e+91 1.5314784777731318e-04 -3.9260998489553958e+91 -7.8521996983108691e+91 3.0629569555462637e-04 -7.8521996983108691e+91
1012 9.8779296875000000e-01 -1.5370108545953571e+92 1.3155959427980999e-04 -1.5370108545953571e+92 -1.5370108544387367e+92 1.3155959427980999e-04 -1.5370108544387367e+92 -3.0740217090340938e+92 2.6311918855961998e-04 -3.0740217090340938e+92
1013 9.8876953125000000e-01 -6.0171734234720921e+92 1.1157232153490956e-04 -6.0171734234720921e+92 -6.0171734228589347e+92 1.1157232153490956e-04 -6.0171734228589347e+92 -1.2034346846331026e+93 2.2314464306981912e-04 -1.2034346846331026e+93
1014 9.8974609375000000e-01 -2.3556356742627382e+93 9.3195904880663893e-05 -2.3556356742627382e+93 -2.3556356740226985e+93 9.3195904880663893e-05 -2.3556356740226985e+93 -4.7112713482854367e+93 1.8639180976132779e-04 -4.7112713482854367e+93
1015 9.9072265625000000e-01 -9.2219702497078920e+93 7.6440239405801126e-05 -9.2219702497078920e+93 -9.2219702487682141e+93 7.6440239405801126e-05 -9.2219702487682141e+93 -1.8443940498476104e+94 1.5288047881160225e-04 -1.8443940498476104e+94
1016 9.9169921875000000e-01 -3.6102669107825680e+94 6.1315239949725513e-05 -3.6102669107825680e+94 -3.6102669104147716e+94 6.1315239949725513e-05 -3.6102669104147716e+94 -7.2205338211973403e+94 1.2263047989945103e-04 -7.2205338211973403e+94
1017 9.9267578125000000e-01 -1.4133668634969147e+95 4.7830841102517402e-05 -1.4133668634969147e+95 -1.4133668633530752e+95 4.7830841102517402e-05 -1.4133668633530752e+95 -2.8267337268499896e+95 9.5661682205034804e-05 -2.8267337268499896e+95
1018 9.9365234375000000e-01 -5.5331252236918512e+95 3.5996997204933245e-05 -5.5331252236918512e+95 -5.5331252231313099e+95 3.5996997204933245e-05 -5.5331252231313099e+95 -1.1066250446823162e+96 7.1993994409866489e-05 -1.1066250446823162e+96
1019 9.9462890625000000e-01 -2.1661378607184045e+96 2.5823682348405589e-05 -2.1661378607184045e+96 -2.1661378605033858e+96 2.5823682348405589e-05 -2.1661378605033858e+96 -4.3322757212217904e+96 5.1647364696811177e-05 -4.3322757212217904e+96
1020 9.9560546875000000e-01 -8.4801139355145854e+96 1.7320890375043104e-05 -8.4801139355145854e+96 -8.4801139347438239e+96 1.7320890375043104e-05 -8.4801139347438239e+96 -1.6960227870258409e+97 3.4641780750086208e-05 -1.6960227870258409e+97
1021 9.9658203125000000e-01 -3.3198409788864606e+97 1.0498634877630550e-05 -3.3198409788864606e+97 -3.3198409786855192e+97 1.0498634877630550e-05 -3.3198409786855192e+97 -6.6396819575719802e+97 2.0997269755261100e-05 -6.6396819575719802e+97
1022 9.9755859375000000e-01 -1.2996693451172572e+98 5.3669491996287937e-06 -1.2996693451172572e+98 -1.2996693451439988e+98 5.3669491996287937e-06 -1.2996693451439988e+98 -2.5993386902612562e+98 1.0733898399257587e-05 -2.5993386902612562e+98
1023 9.9853515625000000e-01 -5.0880160145527451e+98 1.9358864351748085e-06 -5.0880160145527451e+98 -5.0880160145340299e+98 1.9358864351748085e-06 -5.0880160145340299e+98 -1.0176032029086775e+99 3.8717728703496171e-06 -1.0176032029086775e+99
1024 9.9951171875000000e-01 -1.9918840943145443e+99 2.1551942908166894e-07 -1.9918840943145443e+99 -1.9918840943145759e+99 2.1551942908166894e-07 -1.9918840943145759e+99 -3.9837681886291202e+99 4.3103885816333788e-07 -3.9837681886291202e+99
