# P x u_num u_exact u_err v_num v_exact v_err psi_num psi_exact psi_err
1 4.8828125000000000e-04 1.5187133672077868e-03 1.5187168284057501e-03 -3.4611979632219458e-09 1.5187167952559451e-03 1.5187168284057501e-03 -3.3149804949672568e-11 3.0374301624637320e-03 3.0374336568115001e-03 -3.4943477681716184e-09
2 1.4648437500000000e-03 4.5561328861693576e-03 4.5561361904760617e-03 -3.3043067041230167e-09 4.5561361591169650e-03 4.5561361904760617e-03 -3.1359096742955561e-11 9.1122690452863225e-03 9.1122723809521234e-03 -3.3356658008659723e-09
3 2.4414062500000000e-03 7.5935095200245061e-03 7.5935126684573539e-03 -3.1484328477660029e-09 7.5935126399066990e-03 7.5935126684573539e-03 -2.8550654895820315e-11 1.5187022159931205e-02 1.5187025336914708e-02 -3.1769835026618232e-09
4 3.4179687500000000e-03 1.0630814680814150e-02 1.0630817673405440e-02 -2.9925912893580264e-09 1.0630817647687031e-02 1.0630817673405440e-02 -2.5718408305785978e-11 2.1261632328501180e-02 2.1261635346810880e-02 -3.0183096993985359e-09
5 4.3945312500000000e-03 1.3668019780309314e-02 1.3668022617048862e-02 -2.8367395481232460e-09 1.3668022594135187e-02 1.3668022617048862e-02 -2.2913674430080633e-11 2.7336042374444501e-02 2.7336045234097724e-02 -2.8596532225533267e-09
6 5.3710937500000000e-03 1.6705096231133924e-02 1.6705098912057976e-02 -2.6809240522007727e-09 1.6705098891959105e-02 1.6705098912057976e-02 -2.0098870484597242e-11 3.3410195123093026e-02 3.3410197824115952e-02 -2.7010229261548169e-09
7 6.3476562500000000e-03 1.9742015447194342e-02 1.9742017972314039e-02 -2.5251196966724621e-09 1.9742017955006061e-02 1.9742017972314039e-02 -1.7307977967506716e-11 3.9484033402200400e-02 3.9484035944628078e-02 -2.5424276781094157e-09
8 7.3242187500000000e-03 2.2778748843842771e-02 2.2778751213178232e-02 -2.3693354604670258e-09 2.2778751198637509e-02 2.2778751213178232e-02 -1.4540722792499849e-11 4.5557500042480284e-02 4.5557502426356464e-02 -2.3838761797900787e-09
9 8.3007812500000000e-03 2.5815267838099454e-02 2.5815270051760788e-02 -2.2136613340995037e-09 2.5815270040044871e-02 2.5815270051760788e-02 -1.1715916431453977e-11 5.1630537878144325e-02 5.1630540103521576e-02 -2.2253772505309577e-09
10 9.2773437500000000e-03 2.8851543849293365e-02 2.8851545907189920e-02 -2.0578965545525740e-09 2.8851545898146889e-02 2.8851545907189920e-02 -9.0430302135402485e-12 5.7703089747440255e-02 5.7703091814379839e-02 -2.0669395847661143e-09
11 1.0253906250000000e-02 3.1887548298579101e-02 3.1887550200880938e-02 -1.9023018368868883e-09 3.1887550194611002e-02 3.1887550200880938e-02 -6.2699359593132442e-12 6.3775098493190102e-02 6.3775100401761875e-02 -1.9085717728462015e-09
12 1.1230468750000000e-02 3.4923252609990303e-02 3.4923254356805156e-02 -1.7468148524879545e-09 3.4923254353337513e-02 3.4923254356805156e-02 -3.4676428395385983e-12 6.9846506963327809e-02 6.9846508713610311e-02 -1.7502825022663870e-09
13 1.2207031250000000e-02 3.7958628210456771e-02 3.7958629801758938e-02 -1.5913021664260008e-09 3.7958629800980692e-02 3.7958629801758938e-02 -7.7824552358052301e-13 7.5917258011437463e-02 7.5917259603517875e-02 -1.5920804119495813e-09
14 1.3183593750000000e-02 4.0993646529793051e-02 4.0993647965632568e-02 -1.4358395167279880e-09 4.0993647967497965e-02 4.0993647965632568e-02 1.8653967259751880e-12 8.1987294497291016e-02 8.1987295931265136e-02 -1.4339741200020129e-09
15 1.4160156250000000e-02 4.4028279001166556e-02 4.4028280281679211e-02 -1.2805126542447809e-09 4.4028280286219745e-02 4.4028280281679211e-02 4.5405346149607340e-12 8.8056559287386302e-02 8.8056560563358421e-02 -1.2759721196298202e-09
16 1.5136718750000000e-02 4.7062497061467583e-02 4.7062498186783770e-02 -1.1253161874558160e-09 4.7062498194017165e-02 4.7062498186783770e-02 7.2333944389768590e-12 9.4124995255484747e-02 9.4124996373567540e-02 -1.1180827930168391e-09
17 1.6113281250000000e-02 5.0096272151516533e-02 5.0096273121731760e-02 -9.7021522760254442e-10 5.0096273131632445e-02 5.0096273121731760e-02 9.9006844389570858e-12 1.0019254528314897e-01 1.0019254624346352e-01 -9.6031455010248123e-10
18 1.7089843750000000e-02 5.3129575716190293e-02 5.3129576531478075e-02 -8.1528778173023397e-10 5.3129576544090271e-02 5.3129576531478075e-02 1.2612196009786913e-11 1.0625915226028057e-01 1.0625915306295615e-01 -8.0267557878155316e-10
19 1.8066406250000000e-02 5.6162379204991147e-02 5.6162379865415807e-02 -6.6042465940441275e-10 5.6162379880666212e-02 5.6162379865415807e-02 1.5250405105415865e-11 1.1232475908565737e-01 1.1232475973083161e-01 -6.4517424736010298e-10
20 1.9042968750000000e-02 5.9194654071929420e-02 5.9194654577644924e-02 -5.0571550419542532e-10 5.9194654595541518e-02 5.9194654577644924e-02 1.7896593929034310e-11 1.1838930866747094e-01 1.1838930915528985e-01 -4.8781891026639101e-10
21 2.0019531250000000e-02 6.2226371776162040e-02 6.2226372127241018e-02 -3.5107897838893010e-10 6.2226372147702616e-02 6.2226372127241018e-02 2.0461597693977041e-11 1.2445274392386466e-01 1.2445274425448204e-01 -3.3061738069495306e-10
22 2.0996093750000000e-02 6.5257503781812942e-02 6.5257503978523881e-02 -1.9671093920425875e-10 6.5257504001656946e-02 6.5257503978523881e-02 2.3133064908087420e-11 1.3051500778346989e-01 1.3051500795704776e-01 -1.7357787429617133e-10
23 2.1972656250000000e-02 6.8288021558902720e-02 6.8288021601326146e-02 -4.2423425883342247e-11 6.8288021627041395e-02 6.8288021601326146e-02 2.5715249374336224e-11 1.3657604318594413e-01 1.3657604320265229e-01 -1.6708162631218215e-11
24 2.2949218750000000e-02 7.1317896582987428e-02 7.1317896471261757e-02 1.1172567038197911e-10 7.1317896499519501e-02 7.1317896471261757e-02 2.8257743367454680e-11 1.4263579308250693e-01 1.4263579294252351e-01 1.3998341374943379e-10
25 2.3925781250000000e-02 7.4347100335628510e-02 7.4347100069994496e-02 2.6563401478441051e-10 7.4347100100850466e-02 7.4347100069994496e-02 3.0855970556409318e-11 1.4869420043647896e-01 1.4869420013998899e-01 2.9648997146303202e-10
26 2.4902343750000000e-02 7.7375604304862067e-02 7.7375603885506489e-02 4.1935557804073653e-10 7.7375603918954497e-02 7.7375603885506489e-02 3.3448008252001671e-11 1.5475120822381655e-01 1.5475120777101298e-01 4.5280357241495039e-10
27 2.5878906250000000e-02 8.0403379985306833e-02 8.0403379412366402e-02 5.7294043120936777e-10 8.0403379448342624e-02 8.0403379412366402e-02 3.5976222001465885e-11 1.6080675943364947e-01 1.6080675882473280e-01 6.0891666708862147e-10
28 2.6855468750000000e-02 8.3430398878306361e-02 8.3430398151997834e-02 7.2630852721022876e-10 8.3430398190510777e-02 8.3430398151997834e-02 3.8512942834856290e-11 1.6686079706881712e-01 1.6686079630399567e-01 7.6482145616729724e-10
29 2.7832031250000000e-02 8.6456632492335053e-02 8.6456631612947574e-02 8.7938747950211393e-10 8.6456631654071248e-02 8.6456631612947574e-02 4.1123673910625769e-11 1.7291326414640629e-01 1.7291326322589515e-01 9.2051113953495189e-10
30 2.8808593750000000e-02 8.9482052343542284e-02 8.9482051311153790e-02 1.0323884941376704e-09 8.9482051354743644e-02 8.9482051311153790e-02 4.3589853948589052e-11 1.7896410369828591e-01 1.7896410262230758e-01 1.0759783342084717e-09
31 2.9785156250000000e-02 9.2506629955244724e-02 9.2506628770214039e-02 1.1850306846916681e-09 9.2506628816398762e-02 9.2506628770214039e-02 4.6184722712894200e-11 1.8501325877164349e-01 1.8501325754042808e-01 1.2312154074045623e-09
32 3.0761718750000000e-02 9.5530336859250664e-02 9.5530335521653353e-02 1.3375973106910521e-09 9.5530335570271338e-02 9.5530335521653353e-02 4.8617984638177347e-11 1.9106067242952202e-01 1.9106067104330671e-01 1.3862153092070173e-09
33 3.1738281250000000e-02 9.8553144595051087e-02 9.8553143105192212e-02 1.4898588751588449e-09 9.8553143156305145e-02 9.8553143105192212e-02 5.1112933330266230e-11 1.9710628775135625e-01 1.9710628621038442e-01 1.5409718223668989e-09
34 3.2714843750000000e-02 1.0157502471076049e-01 1.0157502306901446e-01 1.6417460307893705e-09 1.0157502312274630e-01 1.0157502306901446e-01 5.3731838423054512e-11 2.0315004783350679e-01 2.0315004613802892e-01 1.6954778692124250e-09
35 3.3691406250000000e-02 1.0459594876371715e-01 1.0459594697003499e-01 1.7936821611330700e-09 1.0459594702607940e-01 1.0459594697003499e-01 5.6044405227773098e-11 2.0919189578979655e-01 2.0919189394006998e-01 1.8497265663608431e-09
36 3.4667968750000000e-02 1.0761588831922420e-01 1.0761588637416750e-01 1.9450566990375506e-09 1.0761588643282248e-01 1.0761588637416750e-01 5.8654983647876691e-11 2.1523177475204669e-01 2.1523177274833499e-01 2.0037116965632151e-09
37 3.5644531250000000e-02 1.1063481495278513e-01 1.1063481285659217e-01 2.0961929553253711e-09 1.1063481291782616e-01 1.1063481285659217e-01 6.1233990100717506e-11 2.2126962787061127e-01 2.2126962571318434e-01 2.1574269315483008e-09
38 3.6621093750000000e-02 1.1365270024940785e-01 1.1365269800202327e-01 2.2473845839865447e-09 1.1365269806550417e-01 1.1365269800202327e-01 6.3480901091317321e-11 2.2730539831491203e-01 2.2730539600404653e-01 2.3108654989556499e-09
39 3.7597656250000000e-02 1.1666951580301681e-01 1.1666951340497639e-01 2.3980404190160343e-09 1.1666951347095733e-01 1.1666951340497639e-01 6.5980942931531672e-11 2.3333902927397415e-01 2.3333902680995278e-01 2.4640213758253537e-09
40 3.8574218750000000e-02 1.1968523321828556e-01 1.1968523067003603e-01 2.5482495280559903e-09 1.1968523073867487e-01 1.1968523067003603e-01 6.8638844608059912e-11 2.3937046395696043e-01 2.3937046134007206e-01 2.6168883726640502e-09
41 3.9550781250000000e-02 1.2269982411063256e-01 1.2269982141212275e-01 2.6985098044995937e-09 1.2269982148307430e-01 1.2269982141212275e-01 7.0951550190656576e-11 2.4539964559370686e-01 2.4539964282424551e-01 2.7694613546902502e-09
42 4.0527343750000000e-02 1.2571326010525263e-01 1.2571325725676044e-01 2.8484921921201334e-09 1.2571325733000197e-01 1.2571325725676044e-01 7.3241523956824039e-11 2.5142651743525457e-01 2.5142651451352088e-01 2.9217336883213818e-09
43 4.1503906250000000e-02 1.2872551283833980e-01 1.2872550984034317e-01 2.9979966287285720e-09 1.2872550991604770e-01 1.2872550984034317e-01 7.5704525981379334e-11 2.5745102275438747e-01 2.5745101968068634e-01 3.0737011269543757e-09
44 4.2480468750000000e-02 1.3173655395756198e-01 1.3173655081040253e-01 3.1471594497123334e-09 1.3173655088859881e-01 1.3173655081040253e-01 7.8196282782272419e-11 2.6347310484616082e-01 2.6347310162080506e-01 3.2253557602501814e-09
45 4.3457031250000000e-02 1.3474635512221003e-01 1.3474635182587408e-01 3.2963359541948734e-09 1.3474635190623158e-01 1.3474635182587408e-01 8.0357498433158980e-11 2.6949270702844164e-01 2.6949270365174816e-01 3.3766934803836079e-09
46 4.4433593750000000e-02 1.3775488800215055e-01 1.3775488455736443e-01 3.4447861230191279e-09 1.3775488464028698e-01 1.3775488455736443e-01 8.2922557709252942e-11 2.7550977264243753e-01 2.7550976911472885e-01 3.5277086807283808e-09
47 4.5410156250000000e-02 1.4076212428059223e-01 1.4076212068741767e-01 3.5931745634432133e-09 1.4076212077264039e-01 1.4076212068741767e-01 8.5222717771671341e-11 2.8152424505323259e-01 2.8152424137483534e-01 3.6783972534593090e-09
48 4.6386718750000000e-02 1.4376803565187804e-01 1.4376803191078211e-01 3.7410959330408389e-09 1.4376803199843952e-01 1.4376803191078211e-01 8.7657409109098694e-11 2.8753606765031758e-01 2.8753606382156421e-01 3.8287533699055132e-09
49 4.7363281250000000e-02 1.4677259382337196e-01 1.4677258993467646e-01 3.8886955044947769e-09 1.4677259002475260e-01 1.4677258993467646e-01 9.0076140990547060e-11 2.9354518384812456e-01 2.9354517986935291e-01 3.9787716454853239e-09
50 4.8339843750000000e-02 1.4977577051509439e-01 1.4977576647905638e-01 4.0360380038073629e-09 1.4977576657146668e-01 1.4977576647905638e-01 9.2410301633094605e-11 2.9955153708656107e-01 2.9955153295811277e-01 4.1284483054404575e-09
51 4.9316406250000000e-02 1.5277753745970563e-01 1.5277753327688043e-01 4.1828251973186070e-09 1.5277753337183428e-01 1.5277753327688043e-01 9.4953850338086454e-11 3.0555507083153988e-01 3.0555506655376086e-01 4.2777790199011179e-09
52 5.0292968750000000e-02 1.5577786640423996e-01 1.5577786207437630e-01 4.3298636620558995e-09 1.5577786217127185e-01 1.5577786207437630e-01 9.6895547141429006e-11 3.1155572857551184e-01 3.1155572414875260e-01 4.4267592369529041e-09
53 5.1269531250000000e-02 1.5877672910745017e-01 1.5877672463130671e-01 4.4761434558893143e-09 1.5877672473054819e-01 1.5877672463130671e-01 9.9241476148037577e-11 3.1755345383799838e-01 3.1755344926261342e-01 4.5753849597929275e-09
54 5.2246093750000000e-02 1.6177409734330214e-01 1.6177409272123514e-01 4.6220670069097025e-09 1.6177409282282015e-01 1.6177409272123514e-01 1.0158501817514320e-10 3.2354819016612230e-01 3.2354818544247027e-01 4.7236520250848457e-09
55 5.3222656250000000e-02 1.6476994289925967e-01 1.6476993813179158e-01 4.7674680869747021e-09 1.6476993823588001e-01 1.6476993813179158e-01 1.0408843231779485e-10 3.2953988113513966e-01 3.2953987626358316e-01 4.8715564915369214e-09
56 5.4199218750000000e-02 1.6776423757770120e-01 1.6776423266493809e-01 4.9127631129852745e-09 1.6776423277126937e-01 1.6776423266493809e-01 1.0633127711656698e-10 3.3552847034897060e-01 3.3552846532987618e-01 5.0190944178574171e-09
57 5.5175781250000000e-02 1.7075695319489900e-01 1.7075694813723413e-01 5.0576648702449489e-09 1.7075694824583121e-01 1.7075694813723413e-01 1.0859707577637323e-10 3.4151390144073024e-01 3.4151389627446826e-01 5.1662619737768978e-09
58 5.6152343750000000e-02 1.7374806158219827e-01 1.7374805638010196e-01 5.2020963092758166e-09 1.7374805649106173e-01 1.7374805638010196e-01 1.1095976915065364e-10 3.4749611807325997e-01 3.4749611276020392e-01 5.3130560506708946e-09
59 5.7128906250000000e-02 1.7673753458633873e-01 1.7673752924009156e-01 5.3462471671927858e-09 1.7673752935331766e-01 1.7673752924009156e-01 1.1322609516639659e-10 3.5347506393965639e-01 3.5347505848018312e-01 5.4594732623591824e-09
60 5.8105468750000000e-02 1.7972534406916285e-01 1.7972533857914588e-01 5.4900169688121281e-09 1.7972533869463872e-01 1.7972533857914588e-01 1.1549283751577377e-10 3.5945068276380154e-01 3.5945067715829176e-01 5.6055097785723262e-09
61 5.9082031250000000e-02 1.8271146190829921e-01 1.8271145627486557e-01 5.6334336362429127e-09 1.8271145639259584e-01 1.8271145627486557e-01 1.1773026997730085e-10 3.6542291830089502e-01 3.6542291254973114e-01 5.7511638784646379e-09
62 6.0058593750000000e-02 1.8569585999715338e-01 1.8569585422077353e-01 5.7763798466670124e-09 1.8569585434082528e-01 1.8569585422077353e-01 1.2005174632179205e-10 3.7139171433797868e-01 3.7139170844154706e-01 5.8964316207443801e-09
63 6.1035156250000000e-02 1.8867851024558691e-01 1.8867850432657970e-01 5.9190072010384398e-09 1.8867850444888315e-01 1.8867850432657970e-01 1.2230344514918556e-10 3.7735701469447003e-01 3.7735700865315941e-01 6.0413106184320498e-09
64 6.2011718750000000e-02 1.9165938457974852e-01 1.9165937851844544e-01 6.0613030705702897e-09 1.9165937864294075e-01 1.9165937851844544e-01 1.2449530295555178e-10 3.8331876322268926e-01 3.8331875703689089e-01 6.1857983735258415e-09
65 6.2988281250000000e-02 1.9463845494235066e-01 1.9463844873924752e-01 6.2031031422549177e-09 1.9463844886603621e-01 1.9463844873924752e-01 1.2678869065751996e-10 3.8927690380838686e-01 3.8927689747849503e-01 6.3298918329124376e-09
66 6.3964843750000000e-02 1.9761569329337292e-01 1.9761568694884246e-01 6.3445304565590277e-09 1.9761568707790123e-01 1.9761568694884246e-01 1.2905876367597102e-10 3.9523138037127414e-01 3.9523137389768492e-01 6.4735892202349987e-09
67 6.4941406250000000e-02 2.0059107160996575e-01 2.0059106512433039e-01 6.4856353620967866e-09 2.0059106525558379e-01 2.0059106512433039e-01 1.3125339703989880e-10 4.0118213686554954e-01 4.0118213024866078e-01 6.6168887591366854e-09
68 6.5917968750000000e-02 2.0356456188653757e-01 2.0356455526031869e-01 6.6262188791466059e-09 2.0356455539388751e-01 2.0356455526031869e-01 1.3356882266890580e-10 4.0712911728042511e-01 4.0712911052063738e-01 6.7597877295710873e-09
69 6.6894531250000000e-02 2.0653613613571151e-01 2.0653612936918583e-01 6.7665256731075374e-09 2.0653612950494463e-01 2.0653612936918583e-01 1.3575879309613015e-10 4.1307226564065613e-01 4.1307225873837167e-01 6.9022844662036675e-09
70 6.7871093750000000e-02 2.0950576638777105e-01 2.0950575948134453e-01 6.9064265140195147e-09 2.0950575961929585e-01 2.0950575948134453e-01 1.3795131703631114e-10 4.1901152600706693e-01 4.1901151896268907e-01 7.0443778588114014e-09
71 6.8847656250000000e-02 2.1247342469139016e-01 2.1247341764550523e-01 7.0458849310561789e-09 2.1247341778568504e-01 2.1247341764550523e-01 1.4017981220248998e-10 4.2494684247707520e-01 4.2494683529101046e-01 7.1860647432586688e-09
72 6.9824218750000000e-02 2.1543908311397872e-01 2.1543907592893904e-01 7.1850396743400324e-09 2.1543907607124330e-01 2.1543907592893904e-01 1.4230425171568584e-10 4.3087815918522199e-01 4.3087815185787809e-01 7.3273438983001427e-09
73 7.0800781250000000e-02 2.1840271374141823e-01 2.1840270641774073e-01 7.3236774977836205e-09 2.1840270656227803e-01 2.1840270641774073e-01 1.4453729879626565e-10 4.3680542030369629e-01 4.3680541283548147e-01 7.4682148243354618e-09
74 7.1777343750000000e-02 2.2136428867899388e-01 2.2136428121709145e-01 7.4619024292843505e-09 2.2136428136386505e-01 2.2136428121709145e-01 1.4677359327919248e-10 4.4272857004285893e-01 4.4272856243418290e-01 7.6086760225635430e-09
75 7.2753906250000000e-02 2.2432378005130543e-01 2.2432377245152132e-01 7.5997841075814421e-09 2.2432377260046385e-01 2.2432377245152132e-01 1.4894252498010019e-10 4.4864755265176925e-01 4.4864754490304265e-01 7.7487266048059666e-09
76 7.3730468750000000e-02 2.2728116000237986e-01 2.2728115226517168e-01 7.7372081797033587e-09 2.2728115241632882e-01 2.2728115226517168e-01 1.5115714235847122e-10 4.5456231241870870e-01 4.5456230453034335e-01 7.8883653498174056e-09
77 7.4707031250000000e-02 2.3023640069634804e-01 2.3023639282205743e-01 7.8742906084450226e-09 2.3023639297535739e-01 2.3023639282205743e-01 1.5329995606272462e-10 4.6047279367170546e-01 4.6047278564411487e-01 8.0275905922633228e-09
78 7.5683593750000000e-02 2.3318947431729192e-01 2.3318946630632892e-01 8.0109630040681168e-09 2.3318946646176833e-01 2.3318946630632892e-01 1.5543941134232853e-10 4.6637894077906028e-01 4.6637893261265784e-01 8.1664024431660209e-09
79 7.6660156250000000e-02 2.3614035306966177e-01 2.3614034492253388e-01 8.1471278889910792e-09 2.3614034508020620e-01 2.3614034492253388e-01 1.5767231964503026e-10 4.7228069814986795e-01 4.7228068984506777e-01 8.3048001808805338e-09
80 7.7636718750000000e-02 2.3908900917881945e-01 2.3908900089587895e-01 8.2829405001483281e-09 2.3908900105572067e-01 2.3908900089587895e-01 1.5984172319072343e-10 4.7817801023454010e-01 4.7817800179175790e-01 8.4427821955834759e-09
81 7.8613281250000000e-02 2.4203541489087327e-01 2.4203540647249111e-01 8.4183821580374740e-09 2.4203540663445858e-01 2.4203540647249111e-01 1.6196746721597322e-10 4.8407082152533187e-01 4.8407081294498222e-01 8.5803496530090229e-09
82 7.9589843750000000e-02 2.4497954247308645e-01 2.4497953391967889e-01 8.5534075655591124e-09 2.4497953408377243e-01 2.4497953391967889e-01 1.6409354430813039e-10 4.8995907655685889e-01 4.8995906783935778e-01 8.7175011098672428e-09
83 8.0566406250000000e-02 2.4792136421417452e-01 2.4792135552619357e-01 8.6879809457762747e-09 2.4792135569245041e-01 2.4792135552619357e-01 1.6625684162718812e-10 4.9584271990662493e-01 4.9584271105238714e-01 8.8542377874034628e-09
84 8.1542968750000000e-02 2.5086085242457917e-01 2.5086084360248978e-01 8.8220893923462995e-09 2.5086084377096046e-01 2.5086084360248978e-01 1.6847068184944192e-10 5.0172169619553963e-01 5.0172168720497956e-01 8.9905600741957414e-09
85 8.2519531250000000e-02 2.5379797943693672e-01 2.5379797048098629e-01 8.9559504257152867e-09 2.5379797065150433e-01 2.5379797048098629e-01 1.7051804412915317e-10 5.0759595008844105e-01 5.0759594096197258e-01 9.1264684698444398e-09
86 8.3496093750000000e-02 2.5673271760566196e-01 2.5673270851632618e-01 9.0893357840293731e-09 2.5673270868895259e-01 2.5673270851632618e-01 1.7262641316406757e-10 5.1346542629461456e-01 5.1346541703265236e-01 9.2619621971934407e-09
87 8.4472656250000000e-02 2.5966503930782114e-01 2.5966503008563740e-01 9.2221837388883898e-09 2.5966503026049464e-01 2.5966503008563740e-01 1.7485723979859813e-10 5.1933006956831584e-01 5.1933006017127481e-01 9.3970410341981392e-09
88 8.5449218750000000e-02 2.6259491694360315e-01 2.6259490758879278e-01 9.3548103707874475e-09 2.6259490776568556e-01 2.6259490758879278e-01 1.7689277820309712e-10 5.2518982470928877e-01 5.2518981517758556e-01 9.5317032045016958e-09
89 8.6425781250000000e-02 2.6552232293554823e-01 2.6552231344866922e-01 9.4868790045943285e-09 2.6552231362774109e-01 2.6552231344866922e-01 1.7907186844468015e-10 5.3104463656328926e-01 5.3104462689733845e-01 9.6659508175278575e-09
90 8.7402343750000000e-02 2.6844722973000978e-01 2.6844722011140792e-01 9.6186018594401901e-09 2.6844722029259260e-01 2.6844722011140792e-01 1.8118467837169305e-10 5.3689445002260239e-01 5.3689444022281585e-01 9.7997865378118831e-09
91 8.8378906250000000e-02 2.7136960979670033e-01 2.7136960004667349e-01 9.7500268414485447e-09 2.7136960022985557e-01 2.7136960004667349e-01 1.8318208061529617e-10 5.4273921002655590e-01 5.4273920009334697e-01 9.9332089220638409e-09
92 8.9355468750000000e-02 2.7428943562866309e-01 2.7428942574791287e-01 9.8807502180164875e-09 2.7428942593338129e-01 2.7428942574791287e-01 1.8546841840105799e-10 5.4857886156204438e-01 5.4857885149582575e-01 1.0066218636417545e-08
93 9.0332031250000000e-02 2.7720667974392788e-01 2.7720666973261465e-01 1.0011313222868523e-08 2.7720666992011950e-01 2.7720666973261465e-01 1.8750484498397668e-10 5.5441334966404732e-01 5.5441333946522930e-01 1.0198818012341349e-08
94 9.1308593750000000e-02 2.8012131468396778e-01 2.8012130454256751e-01 1.0141400275109902e-08 2.8012130473217517e-01 2.8012130454256751e-01 1.8960766290376796e-10 5.6024261941614295e-01 5.6024260908513501e-01 1.0331007938013670e-08
95 9.2285156250000000e-02 2.8303331301535728e-01 2.8303330274411831e-01 1.0271238970460672e-08 2.8303330293566731e-01 2.8303330274411831e-01 1.9154899888462751e-10 5.6606661595102459e-01 5.6606660548823662e-01 1.0462787969345300e-08
96 9.3261718750000000e-02 2.8594264732888819e-01 2.8594263692843114e-01 1.0400457051140677e-08 2.8594263712213319e-01 2.8594263692843114e-01 1.9370205439628307e-10 5.7188528445102138e-01 5.7188527385686228e-01 1.0594159105536960e-08
97 9.4238281250000000e-02 2.8884929024098444e-01 2.8884927971174462e-01 1.0529239813372726e-08 2.8884927990762960e-01 2.8884927971174462e-01 1.9588497490730106e-10 5.7769857014861403e-01 5.7769855942348924e-01 1.0725124788280027e-08
98 9.5214843750000000e-02 2.9175321439351443e-01 2.9175320373562996e-01 1.0657884463860512e-08 2.9175320393342935e-01 2.9175320373562996e-01 1.9779938797981345e-10 5.8350641832694383e-01 5.8350640747125992e-01 1.0855683907351477e-08
99 9.6191406250000000e-02 2.9465439245317060e-01 2.9465438166724817e-01 1.0785922432976491e-08 2.9465438186716347e-01 2.9465438166724817e-01 1.9991530653129530e-10 5.8930877432033402e-01 5.8930876333449633e-01 1.0985837683996635e-08
100 9.7167968750000000e-02 2.9755279711314803e-01 2.9755278619960768e-01 1.0913540349211104e-08 2.9755278640165594e-01 2.9755278619960768e-01 2.0204826700620515e-10 5.9510558351480403e-01 5.9510557239921535e-01 1.1115588671728460e-08
101 9.8144531250000000e-02 3.0044840109267484e-01 3.0044839005182122e-01 1.1040853620247759e-08 3.0044839025590553e-01 3.0044839005182122e-01 2.0408430501106523e-10 6.0089679134858032e-01 6.0089678010364245e-01 1.1244937869747673e-08
102 9.9121093750000000e-02 3.0334117713712805e-01 3.0334116596936250e-01 1.1167765545661013e-08 3.0334116617548429e-01 3.0334116596936250e-01 2.0612178630585731e-10 6.0668234331261228e-01 6.0668233193872501e-01 1.1373887276455719e-08
103 1.0009765625000000e-01 3.0623109801851151e-01 3.0623108672432292e-01 1.1294188584365372e-08 3.0623108693257262e-01 3.0623108672432292e-01 2.0824969526600512e-10 6.1246218495108407e-01 6.1246217344864584e-01 1.1502438224120226e-08
104 1.0107421875000000e-01 3.0911813653605669e-01 3.0911812511566766e-01 1.1420389023353295e-08 3.0911812532587130e-01 3.0911812511566766e-01 2.1020363227819416e-10 6.1823626186192793e-01 6.1823625023133533e-01 1.1630592600120337e-08
105 1.0205078125000000e-01 3.1200226551550708e-01 3.1200225396949205e-01 1.1546015032948276e-08 3.1200225418182792e-01 3.1200225396949205e-01 2.1233587110813801e-10 6.2400451969733495e-01 6.2400450793898410e-01 1.1758350848545263e-08
106 1.0302734375000000e-01 3.1488345781063731e-01 3.1488344613927660e-01 1.1671360711229539e-08 3.1488344635363080e-01 3.1488344613927660e-01 2.1435420105575531e-10 6.2976690416426817e-01 6.2976689227855320e-01 1.1885714967796446e-08
107 1.0400390625000000e-01 3.1776168630241908e-01 3.1776167450614345e-01 1.1796275622977248e-08 3.1776167472255579e-01 3.1776167450614345e-01 2.1641233249880543e-10 6.3552336102497486e-01 6.3552334901228691e-01 1.2012687955476054e-08
108 1.0498046875000000e-01 3.2063692389998483e-01 3.2063691197911109e-01 1.1920873732584880e-08 3.2063691219750773e-01 3.2063691197911109e-01 2.1839663411071797e-10 6.4127383609749256e-01 6.4127382395822219e-01 1.2139270366695598e-08
109 1.0595703125000000e-01 3.2350914354034194e-01 3.2350913149534938e-01 1.2044992558912782e-08 3.2350913171582307e-01 3.2350913149534938e-01 2.2047369485633794e-10 6.4701827525616507e-01 6.4701826299069876e-01 1.2265466309280271e-08
110 1.0693359375000000e-01 3.2637831818921192e-01 3.2637830602043438e-01 1.2168777541177178e-08 3.2637830624293274e-01 3.2637830602043438e-01 2.2249835307519561e-10 6.5275662443214466e-01 6.5275661204086877e-01 1.2391275894252374e-08
111 1.0791015625000000e-01 3.2924442084080147e-01 3.2924440854860271e-01 1.2292198758867556e-08 3.2924440877310396e-01 3.2924440854860271e-01 2.2450125092277062e-10 6.5848882961390542e-01 6.5848881709720541e-01 1.2516700009790327e-08
112 1.0888671875000000e-01 3.3210742451817887e-01 3.3210741210300576e-01 1.2415173111790523e-08 3.3210741232957541e-01 3.3210741210300576e-01 2.2656965192879852e-10 6.6421483684775429e-01 6.6421482420601152e-01 1.2641742763719321e-08
113 1.0986328125000000e-01 3.3496730227377219e-01 3.3496728973596379e-01 1.2537808402601769e-08 3.3496728996456099e-01 3.3496728973596379e-01 2.2859719672752021e-10 6.6993459223833318e-01 6.6993457947192758e-01 1.2766405599329289e-08
114 1.1083984375000000e-01 3.3782402718929316e-01 3.3782401452921929e-01 1.2660073878123512e-08 3.3782401475983742e-01 3.3782401452921929e-01 2.3061813569924539e-10 6.7564804194913064e-01 6.7564802905843857e-01 1.2890692069333909e-08
115 1.1181640625000000e-01 3.4067757237623841e-01 3.4067755959419060e-01 1.2782047809078989e-08 3.4067755982674469e-01 3.4067755959419060e-01 2.3255408709843550e-10 6.8135513220298316e-01 6.8135511918838121e-01 1.3014601951688576e-08
116 1.1279296875000000e-01 3.4352791097567492e-01 3.4352789807222478e-01 1.2903450141710238e-08 3.4352789830691199e-01 3.4352789807222478e-01 2.3468721410679905e-10 6.8705580928258692e-01 6.8705579614444956e-01 1.3138137355817037e-08
117 1.1376953125000000e-01 3.4637501615962418e-01 3.4637500313485048e-01 1.3024773704017889e-08 3.4637500337137850e-01 3.4637500313485048e-01 2.3652801939277879e-10 6.9275001953100268e-01 6.9275000626970096e-01 1.3261301723410668e-08
118 1.1474609375000000e-01 3.4921886112951017e-01 3.4921884798403058e-01 1.3145479593745790e-08 3.4921884822264815e-01 3.4921884798403058e-01 2.3861757014742579e-10 6.9843770935215832e-01 6.9843769596806116e-01 1.3384097163893216e-08
119 1.1572265625000000e-01 3.5205941911839866e-01 3.5205940585241419e-01 1.3265984477595083e-08 3.5205940609295550e-01 3.5205940585241419e-01 2.4054130909334503e-10 7.0411882521135416e-01 7.0411881170482837e-01 1.3506525786688428e-08
120 1.1669921875000000e-01 3.5489666338965148e-01 3.5489665000358900e-01 1.3386062480691407e-08 3.5489665024611622e-01 3.5489665000358900e-01 2.4252722052864328e-10 7.0979331363576770e-01 7.0979330000717800e-01 1.3628589701220051e-08
121 1.1767578125000000e-01 3.5773056723807523e-01 3.5773055373233242e-01 1.3505742801900311e-08 3.5773055397687997e-01 3.5773055373233242e-01 2.4454754887770491e-10 7.1546112121495520e-01 7.1546110746466485e-01 1.3750290350778016e-08
122 1.1865234375000000e-01 3.6056110398997826e-01 3.6056109036486322e-01 1.3625115036219881e-08 3.6056109061137948e-01 3.6056109036486322e-01 2.4651625185612147e-10 7.2112219460135774e-01 7.2112218072972645e-01 1.3871631288076003e-08
123 1.1962890625000000e-01 3.6338824700321937e-01 3.6338823325909270e-01 1.3744126670101053e-08 3.6338823350758009e-01 3.6338823325909270e-01 2.4848739732519221e-10 7.2677648051079946e-01 7.2677646651818539e-01 1.3992614067426246e-08
124 1.2060546875000000e-01 3.6621196966769060e-01 3.6621195580487514e-01 1.3862815451126664e-08 3.6621195605530066e-01 3.6621195580487514e-01 2.5042551365928034e-10 7.3242392572299120e-01 7.3242391160975029e-01 1.4113240909274793e-08
125 1.2158203125000000e-01 3.6903224540536211e-01 3.6903223142425862e-01 1.3981103497151537e-08 3.6903223167666893e-01 3.6903223142425862e-01 2.5241031487155396e-10 7.3806447708203105e-01 7.3806446284851723e-01 1.4233513812023091e-08
126 1.2255859375000000e-01 3.7184904767072791e-01 3.7184903357173488e-01 1.4098993028621720e-08 3.7184903382617812e-01 3.7184903357173488e-01 2.5444324425194509e-10 7.4369808149690608e-01 7.4369806714346975e-01 1.4353436328384817e-08
127 1.2353515625000000e-01 3.7466234995108816e-01 3.7466233573448932e-01 1.4216598842597961e-08 3.7466233599090015e-01 3.7466233573448932e-01 2.5641083700733702e-10 7.4932468594198831e-01 7.4932467146897863e-01 1.4473009679605298e-08
128 1.2451171875000000e-01 3.7747212576656713e-01 3.7747211143265058e-01 1.4333916553699311e-08 3.7747211169096939e-01 3.7747211143265058e-01 2.5831881078630659e-10 7.5494423745753658e-01 7.5494422286530116e-01 1.4592235419996769e-08
129 1.2548828125000000e-01 3.8027834867031995e-01 3.8027833421953960e-01 1.4450780350117043e-08 3.8027833447987641e-01 3.8027833421953960e-01 2.6033680766701650e-10 7.6055668315019642e-01 7.6055666843907921e-01 1.4711117213295211e-08
130 1.2646484375000000e-01 3.8308099224924436e-01 3.8308097768191884e-01 1.4567325512526708e-08 3.8308097794425189e-01 3.8308097768191884e-01 2.6233304417644376e-10 7.6616197019349630e-01 7.6616195536383769e-01 1.4829658612214303e-08
131 1.2744140625000000e-01 3.8588003012381394e-01 3.8588001544024064e-01 1.4683573301699226e-08 3.8588001570452768e-01 3.8588001544024064e-01 2.6428703669978404e-10 7.7176004582834157e-01 7.7176003088048128e-01 1.4947860282887859e-08
132 1.2841796875000000e-01 3.8867543594842874e-01 3.8867542114889569e-01 1.4799533043508006e-08 3.8867542141508837e-01 3.8867542114889569e-01 2.6619267901040189e-10 7.7735085736351706e-01 7.7735084229779139e-01 1.5065725667007257e-08
133 1.2939453125000000e-01 3.9146718341156872e-01 3.9146716849646079e-01 1.4915107926505300e-08 3.9146716876460824e-01 3.9146716849646079e-01 2.6814744868985940e-10 7.8293435217617691e-01 7.8293433699292159e-01 1.5183255319684008e-08
134 1.3037109375000000e-01 3.9425524623631947e-01 3.9425523120594652e-01 1.5030372946256421e-08 3.9425523147602720e-01 3.9425523120594652e-01 2.7008068004263919e-10 7.8851047771234661e-01 7.8851046241189304e-01 1.5300453570787909e-08
135 1.3134765625000000e-01 3.9703959818035028e-01 3.9703958303504505e-01 1.5145305232167061e-08 3.9703958330706002e-01 3.9703958303504505e-01 2.7201496610729237e-10 7.9407918148741030e-01 7.9407916607009010e-01 1.5417320198274354e-08
136 1.3232421875000000e-01 3.9982021303630033e-01 3.9982019777637640e-01 1.5259923935584396e-08 3.9982019805031088e-01 3.9982019777637640e-01 2.7393448620571803e-10 7.9964041108661121e-01 7.9964039555275279e-01 1.5533858421790114e-08
137 1.3330078125000000e-01 4.0259706463194755e-01 4.0259704925773576e-01 1.5374211792540393e-08 4.0259704953359465e-01 4.0259704925773576e-01 2.7585889128545205e-10 8.0519411416554221e-01 8.0519409851547152e-01 1.5650070683825845e-08
138 1.3427734375000000e-01 4.0537012683051049e-01 4.0537011134233930e-01 1.5488171190014555e-08 4.0537011162012787e-01 4.0537011134233930e-01 2.7778856992455303e-10 8.1074023845063836e-01 8.1074022268467860e-01 1.5765959759939108e-08
139 1.3525390625000000e-01 4.0813937353091984e-01 4.0813935792907069e-01 1.5601849145951974e-08 4.0813935820874864e-01 4.0813935792907069e-01 2.7967794746786012e-10 8.1627873173966847e-01 8.1627871585814138e-01 1.5881527093419834e-08
140 1.3623046875000000e-01 4.1090477866804498e-01 4.1090476295272627e-01 1.5715318713027671e-08 4.1090476323418035e-01 4.1090476295272627e-01 2.8145408226265545e-10 8.2180954190222533e-01 8.2180952590545253e-01 1.5996772795290326e-08
141 1.3720703125000000e-01 4.1366631621236771e-01 4.1366630038426083e-01 1.5828106880722004e-08 4.1366630066785698e-01 4.1366630038426083e-01 2.8359614656636722e-10 8.2733261688022464e-01 8.2733260076852166e-01 1.6111702971777220e-08
142 1.3818359375000000e-01 4.1642396017195193e-01 4.1642394423103235e-01 1.5940919584345181e-08 4.1642394451642917e-01 4.1642394423103235e-01 2.8539681729000677e-10 8.3284790468838110e-01 8.3284788846206470e-01 1.6226316401635188e-08
143 1.3916015625000000e-01 4.1917768459015553e-01 4.1917766853704674e-01 1.6053108786717729e-08 4.1917766882455665e-01 4.1917766853704674e-01 2.8750990477277583e-10 8.3835535341471212e-01 8.3835533707409349e-01 1.6340618635979354e-08
144 1.4013671875000000e-01 4.2192746354856714e-01 4.2192744738320193e-01 1.6165365213094418e-08 4.2192744767244739e-01 4.2192744738320193e-01 2.8924546091602110e-10 8.4385491122101453e-01 8.4385489476640385e-01 1.6454610674010439e-08
145 1.4111328125000000e-01 4.2467327116472164e-01 4.2467325488753233e-01 1.6277189318625318e-08 4.2467325517863558e-01 4.2467325488753233e-01 2.9110325261427761e-10 8.4934652634335728e-01 8.4934650977506465e-01 1.6568292626750747e-08
146 1.4208984375000000e-01 4.2741508159399949e-01 4.2741506520545192e-01 1.6388547574575085e-08 4.2741506549857533e-01 4.2741506520545192e-01 2.9312341442988554e-10 8.5483014709257477e-01 8.5483013041090383e-01 1.6681670933493820e-08
147 1.4306640625000000e-01 4.3015286902985789e-01 4.3015285252999769e-01 1.6499860200358540e-08 4.3015285282488297e-01 4.3015285252999769e-01 2.9488528285881443e-10 8.6030572185474086e-01 8.6030570505999537e-01 1.6794745483217355e-08
148 1.4404296875000000e-01 4.3288660770268139e-01 4.3288659109207284e-01 1.6610608555289730e-08 4.3288659138897850e-01 4.3288659109207284e-01 2.9690566671902729e-10 8.6577319909165995e-01 8.6577318218414567e-01 1.6907514277519908e-08
149 1.4501953125000000e-01 4.3561627188201762e-01 4.3561625516068875e-01 1.6721328877089547e-08 4.3561625545934285e-01 4.3561625516068875e-01 2.9865410144935822e-10 8.7123252734136047e-01 8.7123251032137750e-01 1.7019982978538906e-08
150 1.4599609375000000e-01 4.3834183587468661e-01 4.3834181904320763e-01 1.6831478988343918e-08 4.3834181934388194e-01 4.3834181904320763e-01 3.0067431877611739e-10 8.7668365521856861e-01 8.7668363808641525e-01 1.7132153362631186e-08
151 1.4697265625000000e-01 4.4106327402712492e-01 4.4106325708558425e-01 1.6941540670334376e-08 4.4106325738807139e-01 4.4106325708558425e-01 3.0248714644187658e-10 8.8212653141519626e-01 8.8212651417116850e-01 1.7244027761265102e-08
152 1.4794921875000000e-01 4.4378056072388339e-01 4.4378054367260727e-01 1.7051276113289049e-08 4.4378054397693761e-01 4.4378054367260727e-01 3.0433033870735926e-10 8.8756110470082095e-01 8.8756108734521455e-01 1.7355606396485257e-08
153 1.4892578125000000e-01 4.4649367038881138e-01 4.4649365322814050e-01 1.7160670884308615e-08 4.4649365353436232e-01 4.4649365322814050e-01 3.0622182567441314e-10 8.9298732392317370e-01 8.9298730645628099e-01 1.7466892709983028e-08
154 1.4990234375000000e-01 4.4920257748510789e-01 4.4920256021536342e-01 1.7269744467807158e-08 4.4920256052350571e-01 4.4920256021536342e-01 3.0814228946240974e-10 8.9840513800861355e-01 8.9840512043072684e-01 1.7577886701758416e-08
155 1.5087890625000000e-01 4.5190725651565861e-01 4.5190723913701186e-01 1.7378646743893000e-08 4.5190723944695710e-01 4.5190723913701186e-01 3.0994523614324976e-10 9.0381449596261576e-01 9.0381447827402372e-01 1.7688592035547401e-08
156 1.5185546875000000e-01 4.5460768202287871e-01 4.5460766453561774e-01 1.7487260972615104e-08 4.5460766484736687e-01 4.5460766453561774e-01 3.1174912651366071e-10 9.0921534687024552e-01 9.0921532907123548e-01 1.7799010043617614e-08
157 1.5283203125000000e-01 4.5730382858914231e-01 4.5730381099374878e-01 1.7595393531077974e-08 4.5730381130749859e-01 4.5730381099374878e-01 3.1374980391518648e-10 9.1460763989664096e-01 9.1460762198749757e-01 1.7909143390504312e-08
158 1.5380859375000000e-01 4.5999567083777254e-01 4.5999565313424762e-01 1.7703524923806668e-08 4.5999565344971549e-01 4.5999565313424762e-01 3.1546787404579391e-10 9.1999132428748798e-01 9.1999130626849523e-01 1.8018992742341311e-08
159 1.5478515625000000e-01 4.6268318343157577e-01 4.6268316562047090e-01 1.7811104868759031e-08 4.6268316593792702e-01 4.6268316562047090e-01 3.1745611694944387e-10 9.2536634936950279e-01 9.2536633124094181e-01 1.8128560985708475e-08
160 1.5576171875000000e-01 4.6536634107501318e-01 4.6536632315652759e-01 1.7918485584189625e-08 4.6536632347588969e-01 4.6536632315652759e-01 3.1936209232696910e-10 9.3073266455090287e-01 9.3073264631305519e-01 1.8237847676516594e-08
161 1.5673828125000000e-01 4.6804511851317648e-01 4.6804510048751702e-01 1.8025659465070731e-08 4.6804510080871164e-01 4.6804510048751702e-01 3.2119462645141539e-10 9.3609021932188807e-01 9.3609020097503404e-01 1.8346854036010996e-08
162 1.5771484375000000e-01 4.7071949053251277e-01 4.7071947239976680e-01 1.8132745971399800e-08 4.7071947272260350e-01 4.7071947239976680e-01 3.2283670181598723e-10 9.4143896325511633e-01 9.4143894479953361e-01 1.8455582728726938e-08
163 1.5869140625000000e-01 4.7338943196028416e-01 4.7338941372106991e-01 1.8239214250037605e-08 4.7338941404588963e-01 4.7338941372106991e-01 3.2481972667142145e-10 9.4677884600617379e-01 9.4677882744213981e-01 1.8564033976709027e-08
164 1.5966796875000000e-01 4.7605491766655128e-01 4.7605489932092193e-01 1.8345629348992532e-08 4.7605489964750336e-01 4.7605489932092193e-01 3.2658142856689665e-10 9.5210981731405464e-01 9.5210979864184386e-01 1.8672210777559428e-08
165 1.6064453125000000e-01 4.7871592256235451e-01 4.7871590411075710e-01 1.8451597416646592e-08 4.7871590443927331e-01 4.7871590411075710e-01 3.2851621423191091e-10 9.5743182700162777e-01 9.5743180822151419e-01 1.8780113575367352e-08
166 1.6162109375000000e-01 4.8137242160166127e-01 4.8137240304418488e-01 1.8557476388902927e-08 4.8137240337445258e-01 4.8137240304418488e-01 3.3026770207555955e-10 9.6274482497611391e-01 9.6274480608836976e-01 1.8887744146489638e-08
167 1.6259765625000000e-01 4.8402438978019607e-01 4.8402437111722574e-01 1.8662970335814322e-08 4.8402437144936022e-01 4.8402437111722574e-01 3.3213448658031552e-10 9.6804876122955630e-01 9.6804874223445148e-01 1.8995104822394637e-08
168 1.6357421875000000e-01 4.8667180213670908e-01 4.8667178336854600e-01 1.8768163079219136e-08 4.8667178370258007e-01 4.8667178336854600e-01 3.3403407817544917e-10 9.7334358583928915e-01 9.7334356673709199e-01 1.9102197157394585e-08
169 1.6455078125000000e-01 4.8931463375283080e-01 4.8931461487969341e-01 1.8873137386243855e-08 4.8931461521557856e-01 4.8931461487969341e-01 3.3588515302440669e-10 9.7862924896840942e-01 9.7862922975938682e-01 1.9209022594779412e-08
170 1.6552734375000000e-01 4.9195285975332720e-01 4.9195284077533130e-01 1.8977995897007105e-08 4.9195284111291593e-01 4.9195284077533130e-01 3.3758462691935165e-10 9.8390570086624307e-01 9.8390568155066260e-01 1.9315580468415305e-08
171 1.6650390625000000e-01 4.9458645530597611e-01 4.9458643622347276e-01 1.9082503355249969e-08 4.9458643656284124e-01 4.9458643622347276e-01 3.3936847776416812e-10 9.8917289186881741e-01 9.8917287244694552e-01 1.9421871888525288e-08
172 1.6748046875000000e-01 4.9721539562232631e-01 4.9721537643571440e-01 1.9186611910360085e-08 4.9721537677700406e-01 4.9721537643571440e-01 3.4128966319713072e-10 9.9443077239933042e-01 9.9443075287142879e-01 1.9527901629068367e-08
173 1.6845703125000000e-01 4.9983965595785323e-01 4.9983963666746967e-01 1.9290383568293379e-08 4.9983963701075629e-01 4.9983963666746967e-01 3.4328662135152399e-10 9.9967929296860958e-01 9.9967927333493933e-01 1.9633670245156054e-08
174 1.6943359375000000e-01 5.0245921161232110e-01 5.0245919221820190e-01 1.9394119199489523e-08 5.0245919256326144e-01 5.0245919221820190e-01 3.4505953649954790e-10 1.0049184041755825e+00 1.0049183844364038e+00 1.9739178735989071e-08
175 1.7041015625000000e-01 5.0507403792953343e-01 5.0507401843165656e-01 1.9497876868612707e-08 5.0507401877821179e-01 5.0507401843165656e-01 3.4655522895832291e-10 1.0101480567077452e+00 1.0101480368633131e+00 1.9844432097571030e-08
176 1.7138671875000000e-01 5.0768411029681770e-01 5.0768409069609333e-01 1.9600724376900303e-08 5.0768409104479395e-01 5.0768409069609333e-01 3.4870062393110857e-10 1.0153682013416117e+00 1.0153681813921867e+00 1.9949425000831411e-08
177 1.7236328125000000e-01 5.1028940414830282e-01 5.1028938444451832e-01 1.9703784492897114e-08 5.1028938479489494e-01 5.1028938444451832e-01 3.5037661660908270e-10 1.0205787889431979e+00 1.0205787688890366e+00 2.0054161220528499e-08
178 1.7333984375000000e-01 5.1288989496159476e-01 5.1288987515491435e-01 1.9806680406908583e-08 5.1288987550687115e-01 5.1288987515491435e-01 3.5195679704003169e-10 1.0257797704684659e+00 1.0257797503098287e+00 2.0158637203948615e-08
179 1.7431640625000000e-01 5.1548555825954490e-01 5.1548553835047262e-01 1.9909072279666873e-08 5.1548553870425806e-01 5.1548553835047262e-01 3.5378544538389178e-10 1.0309710969638028e+00 1.0309710767009452e+00 2.0262857614028462e-08
180 1.7529296875000000e-01 5.1807636961110626e-01 5.1807634959982241e-01 2.0011283852205963e-08 5.1807634995535656e-01 5.1807634959982241e-01 3.5553415766997887e-10 1.0361527195664628e+00 1.0361526991996448e+00 2.0366818009875942e-08
181 1.7626953125000000e-01 5.2066230463029151e-01 5.2066228451726149e-01 2.0113030019253131e-08 5.2066228487475130e-01 5.2066228451726149e-01 3.5748981552785608e-10 1.0413245895050429e+00 1.0413245690345230e+00 2.0470519945803289e-08
182 1.7724609375000000e-01 5.2324333897787245e-01 5.2324331876298591e-01 2.0214886542468946e-08 5.2324331912206778e-01 5.2324331876298591e-01 3.5908187534516856e-10 1.0464866580999401e+00 1.0464866375259718e+00 2.0573968306791812e-08
183 1.7822265625000000e-01 5.2581944835944938e-01 5.2581942804331805e-01 2.0316131332798193e-08 5.2581942840434881e-01 5.2581942804331805e-01 3.6103076084259556e-10 1.0516388767637981e+00 1.0516388560866361e+00 2.0677161982618486e-08
184 1.7919921875000000e-01 5.2839060852839614e-01 5.2839058811093631e-01 2.0417459833943497e-08 5.2839058847357800e-01 5.2839058811093631e-01 3.6264169445132666e-10 1.0567811970019743e+00 1.0567811762218726e+00 2.0780101639417126e-08
185 1.8017578125000000e-01 5.3095679528351480e-01 5.3095677476510295e-01 2.0518411858461150e-08 5.3095677512947959e-01 5.3095677476510295e-01 3.6437663997190839e-10 1.0619135704129943e+00 1.0619135495302059e+00 2.0882788387410756e-08
186 1.8115234375000000e-01 5.3351798447094378e-01 5.3351796385189176e-01 2.0619052021331186e-08 5.3351796421806263e-01 5.3351796385189176e-01 3.6617087140200510e-10 1.0670359486890064e+00 1.0670359277037835e+00 2.0985222892733191e-08
187 1.8212890625000000e-01 5.3607415198386765e-01 5.3607413126441583e-01 2.0719451820916390e-08 5.3607413163237272e-01 5.3607413126441583e-01 3.6795688718171959e-10 1.0721482836162404e+00 1.0721482625288317e+00 2.1087408708098110e-08
188 1.8310546875000000e-01 5.3862527376257208e-01 5.3862525294305386e-01 2.0819518220527300e-08 5.3862525331288413e-01 5.3862525294305386e-01 3.6983027751347208e-10 1.0772505270754562e+00 1.0772505058861077e+00 2.1189348498040772e-08
189 1.8408203125000000e-01 5.4117132579528848e-01 5.4117130487567711e-01 2.0919611376513103e-08 5.4117130524710244e-01 5.4117130487567711e-01 3.7142533493295105e-10 1.0823426310423909e+00 1.0823426097513542e+00 2.1291036711446054e-08
190 1.8505859375000000e-01 5.4371228411718919e-01 5.4371226309787490e-01 2.1019314289105751e-08 5.4371226347103641e-01 5.4371226309787490e-01 3.7316150169885987e-10 1.0874245475882256e+00 1.0874245261957498e+00 2.1392475790804610e-08
191 1.8603515625000000e-01 5.4624812481167917e-01 5.4624810369318089e-01 2.1118498283456688e-08 5.4624810406835234e-01 5.4624810369318089e-01 3.7517144946264125e-10 1.0924962288800315e+00 1.0924962073863618e+00 2.1493669732919329e-08
192 1.8701171875000000e-01 5.4877882401127032e-01 5.4877880279329772e-01 2.1217972601128565e-08 5.4877880316994032e-01 5.4877880279329772e-01 3.7664260599257204e-10 1.0975576271812106e+00 1.0975576055865954e+00 2.1594615207121137e-08
193 1.8798828125000000e-01 5.5130435789515464e-01 5.5130433657832156e-01 2.1316833076490127e-08 5.5130433695680492e-01 5.5130433657832156e-01 3.7848335576740055e-10 1.1026086948519596e+00 1.1026086731566431e+00 2.1695316432257528e-08
194 1.8896484375000000e-01 5.5382470269251050e-01 5.5382468127696649e-01 2.1415544004810272e-08 5.5382468165719356e-01 5.5382468127696649e-01 3.8022707204987682e-10 1.1076493843497039e+00 1.1076493625539330e+00 2.1795770965837846e-08
195 1.8994140625000000e-01 5.5633983468079462e-01 5.5633981316678849e-01 2.1514006132150598e-08 5.5633981354875628e-01 5.5633981316678849e-01 3.8196779073018661e-10 1.1126796482295509e+00 1.1126796263335770e+00 2.1895973922880785e-08
196 1.9091796875000000e-01 5.5884973018639139e-01 5.5884970857440808e-01 2.1611983314073768e-08 5.5884970895835506e-01 5.5884970857440808e-01 3.8394698531618587e-10 1.1176994391447463e+00 1.1176994171488162e+00 2.1995930188367652e-08
197 1.9189453125000000e-01 5.6135436558611629e-01 5.6135434387573402e-01 2.1710382269723993e-08 5.6135434426099173e-01 5.6135434387573402e-01 3.8525771461905833e-10 1.1227087098471080e+00 1.1227086877514680e+00 2.2095639984343052e-08
198 1.9287109375000000e-01 5.6385371730426526e-01 5.6385369549618491e-01 2.1808080341578773e-08 5.6385369588321033e-01 5.6385369549618491e-01 3.8702541171886651e-10 1.1277074131874756e+00 1.1277073909923698e+00 2.2195105753297639e-08
199 1.9384765625000000e-01 5.6634776181646651e-01 5.6634773991091147e-01 2.1905555036560997e-08 5.6634774029968227e-01 5.6634773991091147e-01 3.8877079333587972e-10 1.1326955021161487e+00 1.1326954798218229e+00 2.2294325718874575e-08
200 1.9482421875000000e-01 5.6883647564768614e-01 5.6883645364501778e-01 2.2002668353948707e-08 5.6883645403564942e-01 5.6883645364501778e-01 3.9063163814745394e-10 1.1376729296833354e+00 1.1376729072900356e+00 2.2393299881073858e-08
201 1.9580078125000000e-01 5.7131983537354503e-01 5.7131981327378223e-01 2.2099762797544997e-08 5.7131981366604923e-01 5.7131981327378223e-01 3.9226699666272680e-10 1.1426396490395943e+00 1.1426396265475645e+00 2.2492029794207724e-08
202 1.9677734375000000e-01 5.7379781761954429e-01 5.7379779542287845e-01 2.2196665838691843e-08 5.7379779581672452e-01 5.7379779542287845e-01 3.9384606687065116e-10 1.1475956134362688e+00 1.1475955908457569e+00 2.2590511905562494e-08
203 1.9775390625000000e-01 5.7627039906170185e-01 5.7627037676859461e-01 2.2293107249105049e-08 5.7627037716423768e-01 5.7627037676859461e-01 3.9564307385830944e-10 1.1525407762259396e+00 1.1525407535371892e+00 2.2688750433985660e-08
204 1.9873046875000000e-01 5.7873755642758706e-01 5.7873753403805350e-01 2.2389533560485120e-08 5.7873753443526255e-01 5.7873753403805350e-01 3.9720904343454322e-10 1.1574750908628495e+00 1.1574750680761070e+00 2.2786742492897361e-08
205 1.9970703125000000e-01 5.8119926649493114e-01 5.8119924400943102e-01 2.2485500128510694e-08 5.8119924440842408e-01 5.8119924400943102e-01 3.9899306081281338e-10 1.1623985109033552e+00 1.1623984880188620e+00 2.2884493189323507e-08
206 2.0068359375000000e-01 5.8365550609341299e-01 5.8365548351217567e-01 2.2581237324459380e-08 5.8365548391293853e-01 5.8365548351217567e-01 4.0076286733636834e-10 1.1673109900063516e+00 1.1673109670243513e+00 2.2982000302818051e-08
207 2.0166015625000000e-01 5.8610625210398937e-01 5.8610622942722568e-01 2.2676763689055690e-08 5.8610622982972616e-01 5.8610622942722568e-01 4.0250047739220918e-10 1.1722124819337156e+00 1.1722124588544514e+00 2.3079264277470202e-08
208 2.0263671875000000e-01 5.8855148145933656e-01 5.8855145868722702e-01 2.2772109531388196e-08 5.8855145909140039e-01 5.8855145868722702e-01 4.0417336144571436e-10 1.1771029405507369e+00 1.1771029173744540e+00 2.3176282892833910e-08
209 2.0361328125000000e-01 5.9099117114415323e-01 5.9099114827675081e-01 2.2867402416082427e-08 5.9099114868240799e-01 5.9099114827675081e-01 4.0565717451812588e-10 1.1819823198265613e+00 1.1819822965535016e+00 2.3273059701622856e-08
210 2.0458984375000000e-01 5.9342529819454204e-01 5.9342527523250943e-01 2.2962032608653260e-08 5.9342527564006409e-01 5.9342527523250943e-01 4.0755465668951274e-10 1.1868505738346062e+00 1.1868505504650189e+00 2.3369587376365075e-08
211 2.0556640625000000e-01 5.9585383970043526e-01 5.9585381664357295e-01 2.3056862308301618e-08 5.9585381705258289e-01 5.9585381664357295e-01 4.0900993703019140e-10 1.1917076567530183e+00 1.1917076332871459e+00 2.3465872356354112e-08
212 2.0654296875000000e-01 5.9827677280279479e-01 5.9827674965158462e-01 2.3151210171157288e-08 5.9827675006228875e-01 5.9827674965158462e-01 4.1070413736576938e-10 1.1965535228650834e+00 1.1965534993031692e+00 2.3561914197500755e-08
213 2.0751953125000000e-01 6.0069407469619718e-01 6.0069405145097632e-01 2.3245220859280380e-08 6.0069405186346614e-01 6.0069405145097632e-01 4.1248982007857649e-10 1.2013881265596633e+00 1.2013881029019526e+00 2.3657710679358956e-08
214 2.0849609375000000e-01 6.0310572262851614e-01 6.0310569928918289e-01 2.3339333243832527e-08 6.0310569970311090e-01 6.0310569928918289e-01 4.1392800298467591e-10 1.2062114223316271e+00 1.2062113985783658e+00 2.3753261357839506e-08
215 2.0947265625000000e-01 6.0551169389963744e-01 6.0551167046685628e-01 2.3432781159904437e-08 6.0551167088264313e-01 6.0551167046685628e-01 4.1578684939480581e-10 1.2110233647822806e+00 1.2110233409337126e+00 2.3848568009299242e-08
216 2.1044921875000000e-01 6.0791196586440222e-01 6.0791194233807955e-01 2.3526322667777322e-08 6.0791194275538984e-01 6.0791194233807955e-01 4.1731029742919645e-10 1.2158239086197922e+00 1.2158238846761591e+00 2.3943633076228821e-08
217 2.1142578125000000e-01 6.1030651593010210e-01 6.1030649231057987e-01 2.3619522226958622e-08 6.1030649272950988e-01 6.1030649231057987e-01 4.1893000179982209e-10 1.2206130086596119e+00 1.2206129846211597e+00 2.4038452117736142e-08
218 2.1240234375000000e-01 6.1269532155833772e-01 6.1269529784594057e-01 2.3712397156927523e-08 6.1269529826657110e-01 6.1269529784594057e-01 4.2063053040664045e-10 1.2253906198249087e+00 1.2253905956918811e+00 2.4133027576311861e-08
219 2.1337890625000000e-01 6.1507836026480156e-01 6.1507833645981436e-01 2.3804987203668304e-08 6.1507833688218738e-01 6.1507833645981436e-01 4.2237302544378963e-10 1.2301566971469891e+00 1.2301566729196287e+00 2.4227360340134396e-08
220 2.1435546875000000e-01 6.1745560961954438e-01 6.1745558572213421e-01 2.3897410161843879e-08 6.1745558614616958e-01 6.1745558572213421e-01 4.2403536237856088e-10 1.2349111957657140e+00 1.2349111714442684e+00 2.4321445524222440e-08
221 2.1533203125000000e-01 6.1982704724704074e-01 6.1982702325732497e-01 2.3989715769445752e-08 6.1982702368289366e-01 6.1982702325732497e-01 4.2556869139787068e-10 1.2396540709299344e+00 1.2396540465146499e+00 2.4415284460843623e-08
222 2.1630859375000000e-01 6.2219265082627839e-01 6.2219262674451303e-01 2.4081765359618146e-08 6.2219262717162482e-01 6.2219262674451303e-01 4.2711179037979718e-10 1.2443852779979032e+00 1.2443852534890261e+00 2.4508877149997943e-08
223 2.1728515625000000e-01 6.2455239809108509e-01 6.2455237391773744e-01 2.4173347656919475e-08 6.2455237434661171e-01 6.2455237391773744e-01 4.2887426943138962e-10 1.2491047724376969e+00 1.2491047478354749e+00 2.4602222037373167e-08
224 2.1826171875000000e-01 6.2690626683089545e-01 6.2690624256615934e-01 2.4264736109280705e-08 6.2690624299674336e-01 6.2690624256615934e-01 4.3058401288931236e-10 1.2538125098276387e+00 1.2538124851323187e+00 2.4695320011147714e-08
225 2.1923828125000000e-01 6.2925423489040400e-01 6.2925421053427044e-01 2.4356133554448434e-08 6.2925421096631007e-01 6.2925421053427044e-01 4.3203962629689840e-10 1.2585084458567142e+00 1.2585084210685409e+00 2.4788173291767635e-08
226 2.2021484375000000e-01 6.3159628016910563e-01 6.3159625572210198e-01 2.4447003643679466e-08 6.3159625615587522e-01 6.3159625572210198e-01 4.3377323954985059e-10 1.2631925363249810e+00 1.2631925114442040e+00 2.4880776994251619e-08
227 2.2119140625000000e-01 6.3393238062335178e-01 6.3393235608543275e-01 2.4537919030009903e-08 6.3393235652064639e-01 6.3393235608543275e-01 4.3521364290199926e-10 1.2678647371439982e+00 1.2678647121708655e+00 2.4973132672911902e-08
228 2.2216796875000000e-01 6.3626251426445224e-01 6.3626248963599641e-01 2.4628455830288942e-08 6.3626249007278013e-01 6.3626248963599641e-01 4.3678372030342416e-10 1.2725250043372323e+00 1.2725249792719928e+00 2.5065239439570064e-08
229 2.2314453125000000e-01 6.3858665916028667e-01 6.3858663444168839e-01 2.4718598279349635e-08 6.3858663488018841e-01 6.3858663444168839e-01 4.3850001407719219e-10 1.2771732940404750e+00 1.2771732688833768e+00 2.5157098182404525e-08
230 2.2412109375000000e-01 6.4090479343542883e-01 6.4090476862677292e-01 2.4808655907371246e-08 6.4090476906682459e-01 6.4090476862677292e-01 4.4005166177640831e-10 1.2818095625022534e+00 1.2818095372535458e+00 2.5248707569147655e-08
231 2.2509765625000000e-01 6.4321689527061476e-01 6.4321687037208808e-01 2.4898526684857814e-08 6.4321687081362988e-01 6.4321687037208808e-01 4.4154180312006019e-10 1.2864337660842446e+00 1.2864337407441762e+00 2.5340068487977874e-08
232 2.2607421875000000e-01 6.4552294290340873e-01 6.4552291791525152e-01 2.4988157210081852e-08 6.4552291835827280e-01 6.4552291791525152e-01 4.4302128632267568e-10 1.2910458612616815e+00 1.2910458358305030e+00 2.5431178496404527e-08
233 2.2705078125000000e-01 6.4782291462824892e-01 6.4782288955086575e-01 2.5077383170035716e-08 6.4782288999552329e-01 6.4782288955086575e-01 4.4465753301636823e-10 1.2956458046237722e+00 1.2956457791017315e+00 2.5522040703052085e-08
234 2.2802734375000000e-01 6.5011678879681978e-01 6.5011676363072157e-01 2.5166098205353649e-08 6.5011676407727670e-01 6.5011676363072157e-01 4.4655512621005755e-10 1.3002335528740965e+00 1.3002335272614431e+00 2.5612653331563706e-08
235 2.2900390625000000e-01 6.5240454381918511e-01 6.5240451856400294e-01 2.5255182167782664e-08 6.5240451901183705e-01 6.5240451856400294e-01 4.4783410313442573e-10 1.3048090628310223e+00 1.3048090371280059e+00 2.5703016381939392e-08
236 2.2998046875000000e-01 6.5468615816113307e-01 6.5468613281748866e-01 2.5343644405317889e-08 6.5468613326697478e-01 6.5468613281748866e-01 4.4948611499506796e-10 1.3093722914281078e+00 1.3093722656349773e+00 2.5793130520312957e-08
237 2.3095703125000000e-01 6.5696161034764589e-01 6.5696158491575662e-01 2.5431889261184892e-08 6.5696158536685900e-01 6.5696158491575662e-01 4.5110237767431727e-10 1.3139231957145050e+00 1.3139231698315132e+00 2.5882991749881512e-08
238 2.3193359375000000e-01 6.5923087896143251e-01 6.5923085344138510e-01 2.5520047408633673e-08 6.5923085389393510e-01 6.5923085344138510e-01 4.5254999747612601e-10 1.3184617328553676e+00 1.3184617068827702e+00 2.5972597406109799e-08
239 2.3291015625000000e-01 6.6149394264293926e-01 6.6149391703515437e-01 2.5607784892578422e-08 6.6149391748932118e-01 6.6149391703515437e-01 4.5416681526688762e-10 1.3229878601322604e+00 1.3229878340703087e+00 2.6061951707845310e-08
240 2.3388671875000000e-01 6.6375078009163513e-01 6.6375075439624820e-01 2.5695386929314168e-08 6.6375075485191393e-01 6.6375075439624820e-01 4.5566572737243405e-10 1.3275015349435491e+00 1.3275015087924964e+00 2.6151052656686602e-08
241 2.3486328125000000e-01 6.6600137006505111e-01 6.6600134428245372e-01 2.5782597390389128e-08 6.6600134473975481e-01 6.6600134428245372e-01 4.5730108588770690e-10 1.3320027148048059e+00 1.3320026885649074e+00 2.6239898476276835e-08
242 2.3583984375000000e-01 6.6824569138011158e-01 6.6824566551036180e-01 2.5869749786799900e-08 6.6824566596910140e-01 6.6824566551036180e-01 4.5873960186071372e-10 1.3364913573492130e+00 1.3364913310207236e+00 2.6328489388660614e-08
243 2.3681640625000000e-01 6.7048372291204394e-01 6.7048369695556620e-01 2.5956477744948359e-08 6.7048369741591274e-01 6.7048369695556620e-01 4.6034653866655617e-10 1.3409674203279567e+00 1.3409673939111324e+00 2.6416824283614915e-08
244 2.3779296875000000e-01 6.7271544359591517e-01 6.7271541755286290e-01 2.6043052270274814e-08 6.7271541801471590e-01 6.7271541755286290e-01 4.6185300028867005e-10 1.3454308616106312e+00 1.3454308351057258e+00 2.6504905381585786e-08
245 2.3876953125000000e-01 6.7494083242591052e-01 6.7494080629644737e-01 2.6129463148727439e-08 6.7494080675971302e-01 6.7494080629644737e-01 4.6326564806520310e-10 1.3498816391856234e+00 1.3498816125928947e+00 2.6592728685770339e-08
246 2.3974609375000000e-01 6.7715986845542586e-01 6.7715984224011339e-01 2.6215312476374208e-08 6.7715984270509588e-01 6.7715984224011339e-01 4.6498249695048344e-10 1.3543197111605219e+00 1.3543196844802268e+00 2.6680295084346994e-08
247 2.4072265625000000e-01 6.7937253079862236e-01 6.7937250449744957e-01 2.6301172795228922e-08 6.7937250496388246e-01 6.7937250449744957e-01 4.6643289230985374e-10 1.3587450357625048e+00 1.3587450089948991e+00 2.6767605687538776e-08
248 2.4169921875000000e-01 6.8157879862871373e-01 6.8157877224203589e-01 2.6386677842715756e-08 6.8157877271001521e-01 6.8157877224203589e-01 4.6797932196085412e-10 1.3631575713387289e+00 1.3631575444840718e+00 2.6854657164676610e-08
249 2.4267578125000000e-01 6.8377865117966352e-01 6.8377862470764017e-01 2.6472023351153950e-08 6.8377862517706778e-01 6.8377862470764017e-01 4.6942760789647764e-10 1.3675572763567314e+00 1.3675572494152803e+00 2.6941451070072731e-08
250 2.4365234375000000e-01 6.8597206774544051e-01 6.8597204118841326e-01 2.6557027243967468e-08 6.8597204165937231e-01 6.8597204118841326e-01 4.7095904953664558e-10 1.3719441094048128e+00 1.3719440823768265e+00 2.7027986293504114e-08
251 2.4462890625000000e-01 6.8815902768100112e-01 6.8815900103908390e-01 2.6641917227898659e-08 6.8815900151142850e-01 6.8815900103908390e-01 4.7234460787137778e-10 1.3763180291924297e+00 1.3763180020781678e+00 2.7114261946792340e-08
252 2.4560546875000000e-01 6.9033951040149744e-01 6.9033948367515297e-01 2.6726344470873187e-08 6.9033948414908586e-01 6.9033948367515297e-01 4.7393289293040652e-10 1.3806789945505833e+00 1.3806789673503059e+00 2.7200277363803593e-08
253 2.4658203125000000e-01 6.9251349538362761e-01 6.9251346857308749e-01 2.6810540121324777e-08 6.9251346904857958e-01 6.9251346857308749e-01 4.7549209014619009e-10 1.3850269644322073e+00 1.3850269371461750e+00 2.7286032322493270e-08
254 2.4755859375000000e-01 6.9468096216495334e-01 6.9468093527051367e-01 2.6894439675295700e-08 6.9468093574760315e-01 6.9468093527051367e-01 4.7708947903402077e-10 1.3893618979125564e+00 1.3893618705410273e+00 2.7371529043307419e-08
255 2.4853515625000000e-01 6.9684189034482447e-01 6.9684186336640952e-01 2.6978414946476903e-08 6.9684186384475966e-01 6.9684186336640952e-01 4.7835013727848263e-10 1.3936837541895841e+00 1.3936837267328190e+00 2.7456765083755386e-08
256 2.4951171875000000e-01 6.9899625958314093e-01 6.9899623252129672e-01 2.7061844209974595e-08 6.9899623300119151e-01 6.9899623252129672e-01 4.7989479057264361e-10 1.3979924925843323e+00 1.3979924650425934e+00 2.7541738889524936e-08
257 2.5048828125000000e-01 7.0114404960245313e-01 7.0114402245743246e-01 2.7145020675689580e-08 7.0114402293886224e-01 7.0114402245743246e-01 4.8142978492649036e-10 1.4022880725413154e+00 1.4022880449148649e+00 2.7626450460616070e-08
258 2.5146484375000000e-01 7.0328524018711658e-01 7.0328521295899971e-01 2.7228116872279884e-08 7.0328521344178307e-01 7.0328521295899971e-01 4.8278336883811335e-10 1.4065704536288997e+00 1.4065704259179994e+00 2.7710900241117997e-08
259 2.5244140625000000e-01 7.0541981118301400e-01 7.0541978387229809e-01 2.7310715910999761e-08 7.0541978435666575e-01 7.0541978387229809e-01 4.8436765709425345e-10 1.4108395955396797e+00 1.4108395677445962e+00 2.7795083568094014e-08
260 2.5341796875000000e-01 7.0754774249895025e-01 7.0754771510593306e-01 2.7393017187904434e-08 7.0754771559191754e-01 7.0754771510593306e-01 4.8598447488501506e-10 1.4150954580908679e+00 1.4150954302118661e+00 2.7879001773811751e-08
261 2.5439453125000000e-01 7.0966901410628713e-01 7.0966898663100575e-01 2.7475281383360084e-08 7.0966898711837723e-01 7.0966898663100575e-01 4.8737147650967927e-10 1.4193380012246644e+00 1.4193379732620115e+00 2.7962652859869763e-08
262 2.5537109375000000e-01 7.1178360603861235e-01 7.1178357848130036e-01 2.7557311987891353e-08 7.1178357897002165e-01 7.1178357848130036e-01 4.8872128566301853e-10 1.4235671850086340e+00 1.4235671569626007e+00 2.8046033273554372e-08
263 2.5634765625000000e-01 7.1389149839234545e-01 7.1389147075347326e-01 2.7638872190927088e-08 7.1389147124374797e-01 7.1389147075347326e-01 4.9027470971907405e-10 1.4277829696360933e+00 1.4277829415069465e+00 2.8129146789623860e-08
264 2.5732421875000000e-01 7.1599267132777555e-01 7.1599264360723947e-01 2.7720536088793324e-08 7.1599264409870123e-01 7.1599264360723947e-01 4.9146176017700327e-10 1.4319853154264768e+00 1.4319852872144789e+00 2.8211997848970327e-08
265 2.5830078125000000e-01 7.1808710506715012e-01 7.1808707726555987e-01 2.7801590252174435e-08 7.1808707775854874e-01 7.1808707726555987e-01 4.9298887194737517e-10 1.4361741828256989e+00 1.4361741545311197e+00 2.8294579124121810e-08
266 2.5927734375000000e-01 7.2017477989724465e-01 7.2017475201482750e-01 2.7882417152902406e-08 7.2017475250930452e-01 7.2017475201482750e-01 4.9447701488958273e-10 1.4403495324065492e+00 1.4403495040296550e+00 2.8376894167791988e-08
267 2.6025390625000000e-01 7.2225567616805808e-01 7.2225564820505206e-01 2.7963006021813896e-08 7.2225564870098580e-01 7.2225564820505206e-01 4.9593373852019340e-10 1.4445113248690440e+00 1.4445112964101041e+00 2.8458939871356392e-08
268 2.6123046875000000e-01 7.2432977429349665e-01 7.2432974625004654e-01 2.8043450117642976e-08 7.2432974674731110e-01 7.2432974625004654e-01 4.9726456285981158e-10 1.4486595210408078e+00 1.4486594925000931e+00 2.8540714680502788e-08
269 2.6220703125000000e-01 7.2639705475110805e-01 7.2639702662760997e-01 2.8123498085896870e-08 7.2639702712632948e-01 7.2639702662760997e-01 4.9871951013358284e-10 1.4527940818774376e+00 1.4527940532552199e+00 2.8622217707052755e-08
270 2.6318359375000000e-01 7.2845749808291616e-01 7.2845746987971205e-01 2.8203204105459179e-08 7.2845747037995712e-01 7.2845746987971205e-01 5.0024506759172027e-10 1.4569149684628733e+00 1.4569149397594241e+00 2.8703449173050899e-08
271 2.6416015625000000e-01 7.3051108489548577e-01 7.3051105661267646e-01 2.8282809316770852e-08 7.3051105711427589e-01 7.3051105661267646e-01 5.0159942865946050e-10 1.4610221420097615e+00 1.4610221132253529e+00 2.8784408634408010e-08
272 2.6513671875000000e-01 7.3255779585942993e-01 7.3255776749736246e-01 2.8362067472365027e-08 7.3255776800038819e-01 7.3255776749736246e-01 5.0302573217919644e-10 1.4651155638598181e+00 1.4651155349947249e+00 2.8865093204544223e-08
273 2.6611328125000000e-01 7.3459761171044469e-01 7.3459758326934799e-01 2.8441096699971524e-08 7.3459758377375595e-01 7.3459758326934799e-01 5.0440795984485476e-10 1.4691951954842006e+00 1.4691951665386960e+00 2.8945504659816379e-08
274 2.6708984375000000e-01 7.3663051324900541e-01 7.3663048472910997e-01 2.8519895445278109e-08 7.3663048523485597e-01 7.3663048472910997e-01 5.0574600063413300e-10 1.4732609984838614e+00 1.4732609694582199e+00 2.9025641445912242e-08
275 2.6806640625000000e-01 7.3865648134046569e-01 7.3865645274220582e-01 2.8598259871337461e-08 7.3865645324944862e-01 7.3865645274220582e-01 5.0724280331593263e-10 1.4773129345899143e+00 1.4773129054844116e+00 2.9105502674653394e-08
276 2.6904296875000000e-01 7.4067549691600543e-01 7.4067546823945263e-01 2.8676552799034027e-08 7.4067546874798618e-01 7.4067546823945263e-01 5.0853354860436184e-10 1.4813509656639916e+00 1.4813509364789053e+00 2.9185086347638389e-08
277 2.7001953125000000e-01 7.4268754097152212e-01 7.4268751221710794e-01 2.8754414183040922e-08 7.4268751272708766e-01 7.4268751221710794e-01 5.0997972511623857e-10 1.4853750536986099e+00 1.4853750244342159e+00 2.9264394019179463e-08
278 2.7099609375000000e-01 7.4469259456919068e-01 7.4469256573704756e-01 2.8832143117440978e-08 7.4469256624832858e-01 7.4469256573704756e-01 5.1128101752340172e-10 1.4893851608175193e+00 1.4893851314740951e+00 2.9343424134964380e-08
279 2.7197265625000000e-01 7.4669063883646714e-01 7.4669060992694403e-01 2.8909523108744395e-08 7.4669061043960017e-01 7.4669060992694403e-01 5.1265613976170243e-10 1.4933812492760672e+00 1.4933812198538881e+00 2.9422179137483795e-08
280 2.7294921875000000e-01 7.4868165496698824e-01 7.4868162598044452e-01 2.8986543720854741e-08 7.4868162649455516e-01 7.4868162598044452e-01 5.1411064294626385e-10 1.4973632814615434e+00 1.4973632519608890e+00 2.9500654363801004e-08
281 2.7392578125000000e-01 7.5066562422093774e-01 7.5066559515734754e-01 2.9063590201161560e-08 7.5066559567260882e-01 7.5066559515734754e-01 5.1526127808898536e-10 1.5013312198935465e+00 1.5013311903146951e+00 2.9578851368228243e-08
282 2.7490234375000000e-01 7.5264252792377384e-01 7.5264249878377976e-01 2.9139994084381726e-08 7.5264249930055327e-01 7.5264249878377976e-01 5.1677351287082729e-10 1.5052850272243270e+00 1.5052849975675595e+00 2.9656767486230251e-08
283 2.7587890625000000e-01 7.5461234746859585e-01 7.5461231825237118e-01 2.9216224661787749e-08 7.5461231877055113e-01 7.5461231825237118e-01 5.1817994339842244e-10 1.5092246662391471e+00 1.5092246365047424e+00 2.9734404716208473e-08
284 2.7685546875000000e-01 7.5657506431466892e-01 7.5657503502243095e-01 2.9292237968547852e-08 7.5657503554195682e-01 7.5657503502243095e-01 5.1952586677117552e-10 1.5131500998566256e+00 1.5131500700448619e+00 2.9811763724296725e-08
285 2.7783203125000000e-01 7.5853065998812985e-01 7.5853063062012127e-01 2.9368008580554772e-08 7.5853063114095332e-01 7.5853063062012127e-01 5.2083204415964701e-10 1.5170612911290831e+00 1.5170612612402425e+00 2.9888840513692116e-08
286 2.7880859375000000e-01 7.6047911608215346e-01 7.6047908663863162e-01 2.9443521842864584e-08 7.6047908716074542e-01 7.6047908663863162e-01 5.2211379664157676e-10 1.5209582032428988e+00 1.5209581732772632e+00 2.9965635528483858e-08
287 2.7978515625000000e-01 7.6242041425712981e-01 7.6242038473835183e-01 2.9518777977521893e-08 7.6242038526172051e-01 7.6242038473835183e-01 5.2336868172631057e-10 1.5248407995188504e+00 1.5248407694767037e+00 3.0042146770270506e-08
288 2.8076171875000000e-01 7.6435453624063820e-01 7.6435450664704485e-01 2.9593593353638425e-08 7.6435450717182674e-01 7.6435450664704485e-01 5.2478188461435593e-10 1.5287090434124648e+00 1.5287090132940897e+00 3.0118375127230479e-08
289 2.8173828125000000e-01 7.6628146382821605e-01 7.6628143416001870e-01 2.9668197343291070e-08 7.6628143468614018e-01 7.6628143416001870e-01 5.2612147971586865e-10 1.5325628985143562e+00 1.5325628683200374e+00 3.0194318823006938e-08
290 2.8271484375000000e-01 7.6820117888289396e-01 7.6820114914029769e-01 2.9742596274751065e-08 7.6820114966768127e-01 7.6820114914029769e-01 5.2738358125026252e-10 1.5364023285505752e+00 1.5364022982805954e+00 3.0269979856001328e-08
291 2.8369140625000000e-01 7.7011366333535669e-01 7.7011363351879347e-01 2.9816563218432179e-08 7.7011363404758315e-01 7.7011363351879347e-01 5.2878967871095028e-10 1.5402272973829398e+00 1.5402272670375869e+00 3.0345352897143130e-08
292 2.8466796875000000e-01 7.7201889918485034e-01 7.7201886929447450e-01 2.9890375841112871e-08 7.7201886982453616e-01 7.7201886929447450e-01 5.3006166123026333e-10 1.5440377690093865e+00 1.5440377385889490e+00 3.0420437502343134e-08
293 2.8564453125000000e-01 7.7391686849847163e-01 7.7391683853453619e-01 2.9963935443966250e-08 7.7391683906583619e-01 7.7391683853453619e-01 5.3130000399193023e-10 1.5478337075643078e+00 1.5478336770690724e+00 3.0495235447958180e-08
294 2.8662109375000000e-01 7.7580755341162666e-01 7.7580752337456915e-01 3.0037057507925624e-08 7.7580752390726071e-01 7.7580752337456915e-01 5.3269155753099540e-10 1.5516150773188873e+00 1.5516150467491383e+00 3.0569748954434317e-08
295 2.8759765625000000e-01 7.7769093612878548e-01 7.7769090601872770e-01 3.0110057780419197e-08 7.7769090655264583e-01 7.7769090601872770e-01 5.3391813192860127e-10 1.5553818426814314e+00 1.5553818120374554e+00 3.0643976023370101e-08
296 2.8857421875000000e-01 7.7956699892251879e-01 7.7956696873989695e-01 3.0182621846286395e-08 7.7956696927518798e-01 7.7956696873989695e-01 5.3529103372085274e-10 1.5591339681977068e+00 1.5591339374797939e+00 3.0717912880007248e-08
297 2.8955078125000000e-01 7.8143572413483176e-01 7.8143569387986034e-01 3.0254971417065235e-08 7.8143569441644911e-01 7.8143569387986034e-01 5.3658877341433708e-10 1.5628714185512809e+00 1.5628713877597207e+00 3.0791560190479572e-08
298 2.9052734375000000e-01 7.8329709417650251e-01 7.8329706384946474e-01 3.0327037769950493e-08 7.8329706438734481e-01 7.8329706384946474e-01 5.3788007381427860e-10 1.5665941585638472e+00 1.5665941276989295e+00 3.0864917732742470e-08
299 2.9150390625000000e-01 7.8515109152773122e-01 7.8515106112878752e-01 3.0398943695608693e-08 7.8515106166782611e-01 7.8515106112878752e-01 5.3903859154047495e-10 1.5703021531955574e+00 1.5703021222575750e+00 3.0937982398171471e-08
300 2.9248046875000000e-01 7.8699769873773284e-01 7.8699766826730000e-01 3.0470432843543449e-08 7.8699766880762234e-01 7.8699766826730000e-01 5.4032234242384902e-10 1.5739953675453551e+00 1.5739953365346000e+00 3.1010755074944996e-08
301 2.9345703125000000e-01 7.8883689842556393e-01 7.8883686788403240e-01 3.0541531526040444e-08 7.8883686842573530e-01 7.8883686788403240e-01 5.4170290475497040e-10 1.5776737668512992e+00 1.5776737357680648e+00 3.1083234430795414e-08
302 2.9443359375000000e-01 7.9066867328033485e-01 7.9066864266773773e-01 3.0612597123891305e-08 7.9066864321056074e-01 7.9066864266773773e-01 5.4282300876451473e-10 1.5813373164908957e+00 1.5813372853354755e+00 3.1155420243678122e-08
303 2.9541015625000000e-01 7.9249300606014161e-01 7.9249297537705388e-01 3.0683087737237713e-08 7.9249297592127754e-01 7.9249297537705388e-01 5.4422366613238182e-10 1.5849859819814192e+00 1.5849859507541078e+00 3.1227311403370095e-08
304 2.9638671875000000e-01 7.9430987959408317e-01 7.9430984884066680e-01 3.0753416369044828e-08 7.9430984938615701e-01 7.9430984884066680e-01 5.4549020855887420e-10 1.5886197289802402e+00 1.5886196976813336e+00 3.1298906577603702e-08
305 2.9736328125000000e-01 7.9611927678111849e-01 7.9611924595747130e-01 3.0823647190203474e-08 7.9611924650402888e-01 7.9611924595747130e-01 5.4655757697474883e-10 1.5922385232851473e+00 1.5922384919149426e+00 3.1370204656155920e-08
306 2.9833984375000000e-01 7.9792118059005235e-01 7.9792114969673267e-01 3.0893319680203035e-08 7.9792115024462318e-01 7.9792114969673267e-01 5.4789051073811379e-10 1.5958423308346754e+00 1.5958422993934653e+00 3.1441210079918847e-08
307 2.9931640625000000e-01 7.9971557406118543e-01 7.9971554309824677e-01 3.0962938657452810e-08 7.9971554364722697e-01 7.9971554309824677e-01 5.4898019463678338e-10 1.5994311177084124e+00 1.5994310861964935e+00 3.1511918852089593e-08
308 3.0029296875000000e-01 8.0150244030457163e-01 8.0150240927249938e-01 3.1032072245196218e-08 8.0150240982275855e-01 8.0150240927249938e-01 5.5025917156115156e-10 1.6030048501273302e+00 1.6030048185449988e+00 3.1582331416757370e-08
309 3.0126953125000000e-01 8.0328176250181949e-01 8.0328173140082570e-01 3.1100993780341923e-08 8.0328173195227781e-01 8.0328173140082570e-01 5.5145210620111129e-10 1.6065634944540972e+00 1.6065634628016514e+00 3.1652445775520732e-08
310 3.0224609375000000e-01 8.0505352390514051e-01 8.0505349273556814e-01 3.1169572367595322e-08 8.0505349328826203e-01 8.0505349273556814e-01 5.5269389065415453e-10 1.6101070171934024e+00 1.6101069854711363e+00 3.1722266147227174e-08
311 3.0322265625000000e-01 8.0681770783813211e-01 8.0681767660023407e-01 3.1237898046043711e-08 8.0681767715412367e-01 8.0681767660023407e-01 5.5388960085167582e-10 1.6136353849922558e+00 1.6136353532004681e+00 3.1791787646895386e-08
312 3.0419921875000000e-01 8.0857429769555000e-01 8.0857426638965324e-01 3.1305896763811347e-08 8.0857426694476020e-01 8.0857426638965324e-01 5.5510696039817731e-10 1.6171485646403103e+00 1.6171485327793065e+00 3.1861003835231827e-08
313 3.0517578125000000e-01 8.1032327694361417e-01 8.1032324557013347e-01 3.1373480702256984e-08 8.1032324612657358e-01 8.1032324557013347e-01 5.5644011620614720e-10 1.6206465230701879e+00 1.6206464911402669e+00 3.1929920929485434e-08
314 3.0615234375000000e-01 8.1206462912053790e-01 8.1206459767961692e-01 3.1440920977843234e-08 8.1206459823723143e-01 8.1206459767961692e-01 5.5761451012159569e-10 1.6241292273577694e+00 1.6241291953592338e+00 3.1998535598987132e-08
315 3.0712890625000000e-01 8.1379833783613253e-01 8.1379830632783390e-01 3.1508298636850895e-08 8.1379830688638599e-01 8.1379830632783390e-01 5.5855209346589163e-10 1.6275966447225185e+00 1.6275966126556678e+00 3.2066850730316787e-08
316 3.0810546875000000e-01 8.1552438677140338e-01 8.1552435519645849e-01 3.1574944880929934e-08 8.1552435575637983e-01 8.1552435519645849e-01 5.5992133152216184e-10 1.6310487425277831e+00 1.6310487103929170e+00 3.2134866101429793e-08
317 3.0908203125000000e-01 8.1724275968099602e-01 8.1724272803926157e-01 3.1641734454801451e-08 8.1724272860010694e-01 8.1724272803926157e-01 5.6084537014555735e-10 1.6344854882811028e+00 1.6344854560785231e+00 3.2202579713924706e-08
318 3.1005859375000000e-01 8.1895344039021589e-01 8.1895340868226330e-01 3.1707952596882194e-08 8.1895340924430549e-01 8.1895340868226330e-01 5.6204219056610327e-10 1.6379068496345215e+00 1.6379068173645266e+00 3.2269994898470600e-08
319 3.1103515625000000e-01 8.2065641279768364e-01 8.2065638102388616e-01 3.1773797481982058e-08 8.2065638158718690e-01 8.2065638102388616e-01 5.6330073938681835e-10 1.6413127943848704e+00 1.6413127620477723e+00 3.2337098110346574e-08
320 3.1201171875000000e-01 8.2235166087424771e-01 8.2235162903510561e-01 3.1839142100587026e-08 8.2235162959985730e-01 8.2235162903510561e-01 5.6475168985770097e-10 1.6447032904741050e+00 1.6447032580702112e+00 3.2403893790444727e-08
321 3.1298828125000000e-01 8.2403916866418825e-01 8.2403913675960216e-01 3.1904586084152697e-08 8.2403913732539891e-01 8.2403913675960216e-01 5.6579674279078063e-10 1.6480783059895872e+00 1.6480782735192043e+00 3.2470382826943478e-08
322 3.1396484375000000e-01 8.2571892028381977e-01 8.2571888831390983e-01 3.1969909941587105e-08 8.2571888888057154e-01 8.2571888831390983e-01 5.6666171754926609e-10 1.6514378091643913e+00 1.6514377766278197e+00 3.2536571659136371e-08
323 3.1494140625000000e-01 8.2739089992193804e-01 8.2739086788756777e-01 3.2034370267552958e-08 8.2739086845565013e-01 8.2739086788756777e-01 5.6808235893157644e-10 1.6547817683775881e+00 1.6547817357751355e+00 3.2602452515462232e-08
324 3.1591796875000000e-01 8.2905509184196646e-01 8.2905505974326721e-01 3.2098699254134999e-08 8.2905506031259579e-01 8.2905505974326721e-01 5.6932858427671817e-10 1.6581101521545623e+00 1.6581101194865344e+00 3.2668027838411717e-08
325 3.1689453125000000e-01 8.3071148037981901e-01 8.3071144821700060e-01 3.2162818408565386e-08 8.3071144878747860e-01 8.3071144821700060e-01 5.7047799817411260e-10 1.6614229291672977e+00 1.6614228964340012e+00 3.2733296517761801e-08
326 3.1787109375000000e-01 8.3236004994528845e-01 8.3236001771820900e-01 3.2227079449498319e-08 8.3236001828938477e-01 8.3236001771820900e-01 5.7117577334508951e-10 1.6647200682346732e+00 1.6647200354364180e+00 3.2798255222843409e-08
327 3.1884765625000000e-01 8.3400078502019559e-01 8.3400075272992824e-01 3.2290267348855650e-08 8.3400075330256751e-01 8.3400075272992824e-01 5.7263926933615039e-10 1.6680015383227631e+00 1.6680015054598565e+00 3.2862906618191801e-08
328 3.1982421875000000e-01 8.3563367016266088e-01 8.3563363780893551e-01 3.2353725365474872e-08 8.3563363838245897e-01 8.3563363780893551e-01 5.7352345095296187e-10 1.6712673085451200e+00 1.6712672756178710e+00 3.2927248927450137e-08
329 3.2080078125000000e-01 8.3725869000255893e-01 8.3725865758589457e-01 3.2416664352830082e-08 8.3725865816051315e-01 8.3725865758589457e-01 5.7461857494445212e-10 1.6745173481630720e+00 1.6745173151717891e+00 3.2991282816752232e-08
330 3.2177734375000000e-01 8.3887582924443549e-01 8.3887579676550050e-01 3.2478934985924468e-08 8.3887579734157114e-01 8.3887579676550050e-01 5.7607063563835936e-10 1.6777516265860066e+00 1.6777515935310010e+00 3.3055005621562827e-08
331 3.2275390625000000e-01 8.4048507266775596e-01 8.4048504012662340e-01 3.2541132566343833e-08 8.4048504070391039e-01 8.4048504012662340e-01 5.7728699598413868e-10 1.6809701133716664e+00 1.6809700802532468e+00 3.3118419562327972e-08
332 3.2373046875000000e-01 8.4208640512571087e-01 8.4208637252245178e-01 3.2603259092489623e-08 8.4208637310071421e-01 8.4208637252245178e-01 5.7826243793357435e-10 1.6841727782264251e+00 1.6841727450449036e+00 3.3181521530423197e-08
333 3.2470703125000000e-01 8.4367981154576310e-01 8.4367977888063550e-01 3.2665127602804489e-08 8.4367977945982042e-01 8.4367977888063550e-01 5.7918492224473539e-10 1.6873595910055834e+00 1.6873595577612710e+00 3.3244312414026922e-08
334 3.2568359375000000e-01 8.4526527692993791e-01 8.4526524420342675e-01 3.2726511167702199e-08 8.4526524478370912e-01 8.4526524420342675e-01 5.8028237770457736e-10 1.6905305217136470e+00 1.6905304884068535e+00 3.3306793545406777e-08
335 3.2666015625000000e-01 8.4684278635537813e-01 8.4684275356782246e-01 3.2787555670488189e-08 8.4684275414923038e-01 8.4684275356782246e-01 5.8140792180694234e-10 1.6936855405046085e+00 1.6936855071356449e+00 3.3368963592295131e-08
336 3.2763671875000000e-01 8.4841232497420338e-01 8.4841229212570335e-01 3.2848500031157357e-08 8.4841229270802121e-01 8.4841229212570335e-01 5.8231786059792512e-10 1.6968246176822246e+00 1.6968245842514067e+00 3.3430817891755282e-08
337 3.2861328125000000e-01 8.4997387801280289e-01 8.4997384510397511e-01 3.2908827773958649e-08 8.4997384568750389e-01 8.4997384510397511e-01 5.8352878085088378e-10 1.6999477237003067e+00 1.6999476902079502e+00 3.3492356443787230e-08
338 3.2958984375000000e-01 8.5152743077369086e-01 8.5152739780470610e-01 3.2968984764458753e-08 8.5152739838930169e-01 8.5152739780470610e-01 5.8459559415524609e-10 1.7030548291629926e+00 1.7030547956094122e+00 3.3553580358613999e-08
339 3.3056640625000000e-01 8.5307296863399651e-01 8.5307293560526665e-01 3.3028729862216721e-08 8.5307293619102542e-01 8.5307293560526665e-01 5.8575877481814587e-10 1.7061459048250218e+00 1.7061458712105333e+00 3.3614488526012565e-08
340 3.3154296875000000e-01 8.5461047704687010e-01 8.5461044395846653e-01 3.3088403572634206e-08 8.5461044454514445e-01 8.5461044395846653e-01 5.8667792846023303e-10 1.7092209215920144e+00 1.7092208879169331e+00 3.3675081390072137e-08
341 3.3251953125000000e-01 8.5613994154017159e-01 8.5613990839269150e-01 3.3147480094086745e-08 8.5613990898056525e-01 8.5613990839269150e-01 5.8787374968005679e-10 1.7122798505207368e+00 1.7122798167853830e+00 3.3735353843766802e-08
342 3.3349609375000000e-01 8.5766134771839042e-01 8.5766131451203986e-01 3.3206350558145914e-08 8.5766131510099763e-01 8.5766131451203986e-01 5.8895777144130079e-10 1.7153226628193881e+00 1.7153226290240797e+00 3.3795308329587215e-08
343 3.3447265625000000e-01 8.5917468126138918e-01 8.5917464799645760e-01 3.3264931587062563e-08 8.5917464858646853e-01 8.5917464799645760e-01 5.9001092900246022e-10 1.7183493298478578e+00 1.7183492959929152e+00 3.3854942627087325e-08
344 3.3544921875000000e-01 8.6067992792515668e-01 8.6067989460187377e-01 3.3323282910835417e-08 8.6067989519284716e-01 8.6067989460187377e-01 5.9097338134250776e-10 1.7213598231180038e+00 1.7213597892037475e+00 3.3914256292177924e-08
345 3.3642578125000000e-01 8.6217707354154260e-01 8.6217704016033403e-01 3.3381208575100629e-08 8.6217704075237800e-01 8.6217704016033403e-01 5.9204396940515380e-10 1.7243541142939205e+00 1.7243540803206681e+00 3.3973252433483481e-08
346 3.3740234375000000e-01 8.6366610401902677e-01 8.6366607058013434e-01 3.3438892432791079e-08 8.6366607117317096e-01 8.6366607058013434e-01 5.9303661981147116e-10 1.7273321751921977e+00 1.7273321411602687e+00 3.4031929052602550e-08
347 3.3837890625000000e-01 8.6514700534217248e-01 8.6514697184595291e-01 3.3496219575823716e-08 8.6514697244001637e-01 8.6514697184595291e-01 5.9406346508694696e-10 1.7302939777821889e+00 1.7302939436919058e+00 3.4090283040910663e-08
348 3.3935546875000000e-01 8.6661976357223469e-01 8.6661973001898340e-01 3.3553251288509500e-08 8.6661973061404418e-01 8.6661973001898340e-01 5.9506077842996774e-10 1.7332394941862788e+00 1.7332394600379668e+00 3.4148311955917166e-08
349 3.4033203125000000e-01 8.6808436484704221e-01 8.6808433123706497e-01 3.3609977245774303e-08 8.6808433183310640e-01 8.6808433123706497e-01 5.9604143842761914e-10 1.7361686966801486e+00 1.7361686624741299e+00 3.4206018684201922e-08
350 3.4130859375000000e-01 8.6954079538127482e-01 8.6954076171481287e-01 3.3666461951575855e-08 8.6954076231175681e-01 8.6954076171481287e-01 5.9694393872433693e-10 1.7390815576930316e+00 1.7390815234296257e+00 3.4263405890300191e-08
351 3.4228515625000000e-01 8.7098904146617850e-01 8.7098900774374899e-01 3.3722429515492536e-08 8.7098900834178727e-01 8.7098900774374899e-01 5.9803828555970995e-10 1.7419780498079658e+00 1.7419780154874980e+00 3.4320467801052246e-08
352 3.4326171875000000e-01 8.7242908947060327e-01 8.7242905569243012e-01 3.3778173147425150e-08 8.7242905629146672e-01 8.7242905569243012e-01 5.9903659810345289e-10 1.7448581457620700e+00 1.7448581113848602e+00 3.4377209745528603e-08
353 3.4423828125000000e-01 8.7386092584039687e-01 8.7386089200657657e-01 3.3833820300976924e-08 8.7386089260638367e-01 8.7386089200657657e-01 5.9980709288254275e-10 1.7477218184467804e+00 1.7477217840131531e+00 3.4433627282837165e-08
354 3.4521484375000000e-01 8.7528453709800857e-01 8.7528450320919959e-01 3.3888808981252794e-08 8.7528450381011580e-01 8.7528450320919959e-01 6.0091620568414328e-10 1.7505690409081245e+00 1.7505690064183992e+00 3.4489725297959239e-08
355 3.4619140625000000e-01 8.7669990984430357e-01 8.7669987590072829e-01 3.3943575283856831e-08 8.7669987650265546e-01 8.7669987590072829e-01 6.0192717477036695e-10 1.7533997863469590e+00 1.7533997518014566e+00 3.4545502458627197e-08
356 3.4716796875000000e-01 8.7810703075723406e-01 8.7810699675913584e-01 3.3998098225573870e-08 8.7810699736198505e-01 8.7810699675913584e-01 6.0284921499231814e-10 1.7562140281192191e+00 1.7562139935182717e+00 3.4600947440566188e-08
357 3.4814453125000000e-01 8.7950588659225670e-01 8.7950585254006497e-01 3.4052191733024983e-08 8.7950585314394270e-01 8.7950585254006497e-01 6.0387772560233088e-10 1.7590117397361995e+00 1.7590117050801299e+00 3.4656069569649617e-08
358 3.4912109375000000e-01 8.8089646418298384e-01 8.8089643007695240e-01 3.4106031443492668e-08 8.8089643068178702e-01 8.8089643007695240e-01 6.0483462682725531e-10 1.7617928948647710e+00 1.7617928601539048e+00 3.4710866181342226e-08
359 3.5009765625000000e-01 8.8227875044055637e-01 8.8227871628115240e-01 3.4159403972111591e-08 8.8227871688708581e-01 8.8227871628115240e-01 6.0593341455472682e-10 1.7645574673276423e+00 1.7645574325623048e+00 3.4765337497688620e-08
360 3.5107421875000000e-01 8.8365273235488406e-01 8.8365269814206115e-01 3.4212822908052942e-08 8.8365269874871721e-01 8.8365269814206115e-01 6.0665605872145534e-10 1.7673054311036012e+00 1.7673053962841223e+00 3.4819478855752095e-08
361 3.5205078125000000e-01 8.8501839699264706e-01 8.8501836272723766e-01 3.4265409398770430e-08 8.8501836333512163e-01 8.8501836272723766e-01 6.0788396538669076e-10 1.7700367603277687e+00 1.7700367254544753e+00 3.4873293364157121e-08
362 3.5302734375000000e-01 8.8637573150063753e-01 8.8637569718252729e-01 3.4318110242459454e-08 8.8637569779119396e-01 8.8637569718252729e-01 6.0866667261905150e-10 1.7727514292918314e+00 1.7727513943650546e+00 3.4926776804056203e-08
363 3.5400390625000000e-01 8.8772472310258121e-01 8.8772468873218069e-01 3.4370400525673972e-08 8.8772468934171278e-01 8.8772468873218069e-01 6.0953209146674681e-10 1.7754494124442939e+00 1.7754493774643614e+00 3.4979932506118416e-08
364 3.5498046875000000e-01 8.8906535910136697e-01 8.8906532467897614e-01 3.4422390826627236e-08 8.8906532528934101e-01 8.8906532467897614e-01 6.1036486975751814e-10 1.7781306843907081e+00 1.7781306493579523e+00 3.5032755807407057e-08
365 3.5595703125000000e-01 8.9039762687819746e-01 8.9039759240433691e-01 3.4473860544004253e-08 8.9039759301573262e-01 8.9039759240433691e-01 6.1139571183588259e-10 1.7807952198939301e+00 1.7807951848086738e+00 3.5085256255840136e-08
366 3.5693359375000000e-01 8.9172151389381293e-01 8.9172147936845247e-01 3.4525360459447541e-08 8.9172147998051621e-01 8.9172147936845247e-01 6.1206373302979955e-10 1.7834429938743290e+00 1.7834429587369049e+00 3.5137424081455038e-08
367 3.5791015625000000e-01 8.9303700768642635e-01 8.9303697311039398e-01 3.4576032370559062e-08 8.9303697372362523e-01 8.9303697311039398e-01 6.1323124356249537e-10 1.7860739814100515e+00 1.7860739462207880e+00 3.5189263503099255e-08
368 3.5888671875000000e-01 8.9434409587481145e-01 8.9434406124823373e-01 3.4626577716245777e-08 8.9434406186242610e-01 8.9434406124823373e-01 6.1419236363491336e-10 1.7886881577372375e+00 1.7886881224964675e+00 3.5240770079880690e-08
369 3.5986328125000000e-01 8.9564276615623961e-01 8.9564273147916007e-01 3.4677079541189926e-08 8.9564273209402478e-01 8.9564273147916007e-01 6.1486471469862636e-10 1.7912854982502644e+00 1.7912854629583201e+00 3.5291944255888552e-08
370 3.6083984375000000e-01 8.9693300630631867e-01 8.9693297157959417e-01 3.4726724496003669e-08 8.9693297219565427e-01 8.9693297157959417e-01 6.1606009182924026e-10 1.7938659785019730e+00 1.7938659431591883e+00 3.5342784698855212e-08
371 3.6181640625000000e-01 8.9821480418178890e-01 8.9821476940530520e-01 3.4776483692766647e-08 8.9821477002211103e-01 8.9821476940530520e-01 6.1680582863488098e-10 1.7964295742038998e+00 1.7964295388106104e+00 3.5393289410379225e-08
372 3.6279296875000000e-01 8.9948814771740149e-01 8.9948811289152331e-01 3.4825878181266035e-08 8.9948811350910651e-01 8.9948811289152331e-01 6.1758320679672352e-10 1.7989762612265081e+00 1.7989762257830466e+00 3.5443461499085060e-08
373 3.6376953125000000e-01 9.0075302492797216e-01 9.0075299005305509e-01 3.4874917065330635e-08 9.0075299067143610e-01 9.0075299005305509e-01 6.1838101306221915e-10 1.8015060155994083e+00 1.8015059801061102e+00 3.5493298078392854e-08
374 3.6474609375000000e-01 9.0200942390799599e-01 9.0200938898439476e-01 3.4923601233138868e-08 9.0200938960359900e-01 9.0200938898439476e-01 6.1920424343497871e-10 1.8040188135115951e+00 1.8040187779687895e+00 3.5542805587596149e-08
375 3.6572265625000000e-01 9.0325733283137855e-01 9.0325729785983733e-01 3.4971541218453694e-08 9.0325729848026959e-01 9.0325729785983733e-01 6.2043226112251659e-10 1.8065146313116482e+00 1.8065145957196747e+00 3.5591973590598514e-08
376 3.6669921875000000e-01 9.0449673995337210e-01 9.0449670493358880e-01 3.5019783295453522e-08 9.0449670555461337e-01 9.0449670493358880e-01 6.2102456510615411e-10 1.8089934455079855e+00 1.8089934098671776e+00 3.5640807860559676e-08
377 3.6767578125000000e-01 9.0572763360758046e-01 9.0572759853987805e-01 3.5067702408575485e-08 9.0572759916148027e-01 9.0572759853987805e-01 6.2160221414586658e-10 1.8114552327690607e+00 1.8114551970797561e+00 3.5689304622721352e-08
378 3.6865234375000000e-01 9.0695000220785393e-01 9.0694996709306563e-01 3.5114788299317468e-08 9.0694996771574243e-01 9.0694996709306563e-01 6.2267679901140127e-10 1.8138999699235963e+00 1.8138999341861313e+00 3.5737464987306566e-08
379 3.6962890625000000e-01 9.0816383424937086e-01 9.0816379908775324e-01 3.5161617617518459e-08 9.0816379971142691e-01 9.0816379908775324e-01 6.2367366826521220e-10 1.8163276339607979e+00 1.8163275981755065e+00 3.5785291396805974e-08
380 3.7060546875000000e-01 9.0936911830721501e-01 9.0936908309889175e-01 3.5208323256874507e-08 9.0936908372334890e-01 9.0936908309889175e-01 6.2445715265369017e-10 1.8187382020305640e+00 1.8187381661977835e+00 3.5832780520550500e-08
381 3.7158203125000000e-01 9.1056584303662358e-01 9.1056580778188900e-01 3.5254734576106728e-08 9.1056580840708801e-01 9.1056580778188900e-01 6.2519900367874470e-10 1.8211316514437117e+00 1.8211316155637780e+00 3.5879933690807775e-08
382 3.7255859375000000e-01 9.1175399717364747e-01 9.1175396187271662e-01 3.5300930845139078e-08 9.1175396249853424e-01 9.1175396187271662e-01 6.2581761994806584e-10 1.8235079596721817e+00 1.8235079237454332e+00 3.5926748465087144e-08
383 3.7353515625000000e-01 9.1293356953434546e-01 9.1293353418801548e-01 3.5346329974039747e-08 9.1293353481491191e-01 9.1293353418801548e-01 6.2689642366109410e-10 1.8258671043492574e+00 1.8258670683760310e+00 3.5973226397700842e-08
384 3.7451171875000000e-01 9.1410454901700855e-01 9.1410451362520218e-01 3.5391806374462931e-08 9.1410451425276151e-01 9.1410451362520218e-01 6.2755933782909779e-10 1.8282090632697701e+00 1.8282090272504044e+00 3.6019365712292029e-08
385 3.7548828125000000e-01 9.1526692459926262e-01 9.1526688916257204e-01 3.5436690581924779e-08 9.1526688979105142e-01 9.1526688916257204e-01 6.2847937964960465e-10 1.8305338143903140e+00 1.8305337783251441e+00 3.6065169961574384e-08
386 3.7646484375000000e-01 9.1642068534080479e-01 9.1642064985940386e-01 3.5481400928460971e-08 9.1642065048863630e-01 9.1642064985940386e-01 6.2923244392720790e-10 1.8328413358294411e+00 1.8328412997188077e+00 3.6110633372388179e-08
387 3.7744140625000000e-01 9.1756582038172274e-01 9.1756578485606255e-01 3.5525660191382258e-08 9.1756578548615575e-01 9.1756578485606255e-01 6.3009319983819978e-10 1.8351316058678786e+00 1.8351315697121251e+00 3.6155753502242760e-08
388 3.7841796875000000e-01 9.1870231894401377e-01 9.1870228337410154e-01 3.5569912237853885e-08 9.1870228400472520e-01 9.1870228337410154e-01 6.3062366439936568e-10 1.8374046029487390e+00 1.8374045667482031e+00 3.6200535902253250e-08
389 3.7939453125000000e-01 9.1983017033003323e-01 9.1983013471636355e-01 3.5613669679968041e-08 9.1983013534767777e-01 9.1983013471636355e-01 6.3131422312068253e-10 1.8396603056777110e+00 1.8396602694327271e+00 3.6244983903088723e-08
390 3.8037109375000000e-01 9.2094936392374604e-01 9.2094932826708265e-01 3.5656663399663557e-08 9.2094932889950742e-01 9.2094932826708265e-01 6.3242477921221507e-10 1.8418986928232535e+00 1.8418986565341653e+00 3.6289088178875772e-08
391 3.8134765625000000e-01 9.2205988919178994e-01 9.2205985349198250e-01 3.5699807443556608e-08 9.2205985412502434e-01 9.2205985349198250e-01 6.3304184116930173e-10 1.8441197433168144e+00 1.8441197069839650e+00 3.6332849395748212e-08
392 3.8232421875000000e-01 9.2316173568083282e-01 9.2316169993837704e-01 3.5742455772869164e-08 9.2316170057218883e-01 9.2316169993837704e-01 6.3381178083687928e-10 1.8463234362530216e+00 1.8463233998767541e+00 3.6376267553706043e-08
393 3.8330078125000000e-01 9.2425489301972141e-01 9.2425485723526790e-01 3.5784453511489289e-08 9.2425485787015849e-01 9.2425485723526790e-01 6.3489058454990754e-10 1.8485097508898800e+00 1.8485097144705358e+00 3.6419344207061499e-08
394 3.8427734375000000e-01 9.2533935092031938e-01 9.2533931509344214e-01 3.5826877242683963e-08 9.2533931572864470e-01 9.2533931509344214e-01 6.3520255721982721e-10 1.8506786666489641e+00 1.8506786301868843e+00 3.6462079799903790e-08
395 3.8525390625000000e-01 9.2641509917396014e-01 9.2641506330556933e-01 3.5868390813043050e-08 9.2641506394165229e-01 9.2641506330556933e-01 6.3608296407835496e-10 1.8528301631156125e+00 1.8528301266111387e+00 3.6504473888143707e-08
396 3.8623046875000000e-01 9.2748212765611115e-01 9.2748209174629759e-01 3.5909813567158722e-08 9.2748209238300883e-01 9.2748209174629759e-01 6.3671123928799034e-10 1.8549642200391201e+00 1.8549641834925952e+00 3.6546524917469014e-08
397 3.8720703125000000e-01 9.2854042632305012e-01 9.2854039037234914e-01 3.5950700971731919e-08 9.2854039100987562e-01 9.2854039037234914e-01 6.3752647605497259e-10 1.8570808173329256e+00 1.8570807807446983e+00 3.6588227336764589e-08
398 3.8818359375000000e-01 9.2958998521419511e-01 9.2958994922261395e-01 3.5991581159855457e-08 9.2958994986061938e-01 9.2958994922261395e-01 6.3800542626779588e-10 1.8591799350748146e+00 1.8591798984452279e+00 3.6629586697145555e-08
399 3.8916015625000000e-01 9.3063079444994490e-01 9.3063075841824461e-01 3.6031700290095614e-08 9.3063075905714687e-01 9.3063075841824461e-01 6.3890226442708808e-10 1.8612615535070918e+00 1.8612615168364892e+00 3.6670602554522702e-08
400 3.9013671875000000e-01 9.3166284423429435e-01 9.3166280816274849e-01 3.6071545861382504e-08 9.3166280880247221e-01 9.3166280816274849e-01 6.3972371844300824e-10 1.8633256530367666e+00 1.8633256163254970e+00 3.6711269579825512e-08
401 3.9111328125000000e-01 9.3268612485346158e-01 9.3268608874208025e-01 3.6111381329639869e-08 9.3268608938229070e-01 9.3268608874208025e-01 6.4021044021700391e-10 1.8653722142357523e+00 1.8653721774841605e+00 3.6751591769856873e-08
402 3.9208984375000000e-01 9.3370062667497644e-01 9.3370059052473364e-01 3.6150242799237731e-08 9.3370059116605353e-01 9.3370059052473364e-01 6.4131988608551183e-10 1.8674012178410300e+00 1.8674011810494673e+00 3.6791562685323242e-08
403 3.9306640625000000e-01 9.3470634015114407e-01 9.3470630396183119e-01 3.6189312879741919e-08 9.3470630460370996e-01 9.3470630396183119e-01 6.4187877235610813e-10 1.8694126447548540e+00 1.8694126079236624e+00 3.6831191652098028e-08
404 3.9404296875000000e-01 9.3570325581508274e-01 9.3570321958721514e-01 3.6227867594718077e-08 9.3570322022982078e-01 9.3570321958721514e-01 6.4260563537033022e-10 1.8714064760449034e+00 1.8714064391744303e+00 3.6870473119066105e-08
405 3.9501953125000000e-01 9.3669136428385258e-01 9.3669132801753585e-01 3.6266316727484593e-08 9.3669132866062710e-01 9.3669132801753585e-01 6.4309124692130126e-10 1.8733826929444797e+00 1.8733826560350717e+00 3.6909407974405894e-08
406 3.9599609375000000e-01 9.3767065625671364e-01 9.3767061995234080e-01 3.6304372841300392e-08 9.3767062059596684e-01 9.3767061995234080e-01 6.4362604135226320e-10 1.8753412768526805e+00 1.8753412399046816e+00 3.6947998882652655e-08
407 3.9697265625000000e-01 9.3864112251576304e-01 9.3864108617416098e-01 3.6341602061007450e-08 9.3864108681879721e-01 9.3864108617416098e-01 6.4463623328236963e-10 1.8772822093345602e+00 1.8772821723483220e+00 3.6986238294289819e-08
408 3.9794921875000000e-01 9.3960275392758275e-01 9.3960271754859881e-01 3.6378983936380394e-08 9.3960271819374630e-01 9.3960271754859881e-01 6.4514749098520952e-10 1.8792054721213289e+00 1.8792054350971976e+00 3.7024131316343301e-08
409 3.9892578125000000e-01 9.4055554144041664e-01 9.4055550502441365e-01 3.6416002990868890e-08 9.4055550567008761e-01 9.4055550502441365e-01 6.4567395874348676e-10 1.8811110471105041e+00 1.8811110100488273e+00 3.7061676838590074e-08
410 3.9990234375000000e-01 9.4149947608597995e-01 9.4149943963360683e-01 3.6452373119999493e-08 9.4149944028010757e-01 9.4149943963360683e-01 6.4650074182992512e-10 1.8829989163660876e+00 1.8829988792672137e+00 3.7098873972851720e-08
411 4.0087890625000000e-01 9.4243454898018519e-01 9.4243451249150623e-01 3.6488678967216970e-08 9.4243451313854576e-01 9.4243451249150623e-01 6.4703953306377571e-10 1.8848690621187310e+00 1.8848690249830125e+00 3.7135718500280746e-08
412 4.0185546875000000e-01 9.4336075132131469e-01 9.4336071479685024e-01 3.6524464452902805e-08 9.4336071544459610e-01 9.4336071479685024e-01 6.4774585695204223e-10 1.8867214667659109e+00 1.8867214295937005e+00 3.7172210420877150e-08
413 4.0283203125000000e-01 9.4427807439178302e-01 9.4427803783186970e-01 3.6559913318967574e-08 9.4427803848031255e-01 9.4427803783186970e-01 6.4844285496690190e-10 1.8885561128720956e+00 1.8885560756637394e+00 3.7208356173934476e-08
414 4.0380859375000000e-01 9.4518650955746275e-01 9.4518647296237102e-01 3.6595091734703544e-08 9.4518647361143104e-01 9.4518647296237102e-01 6.4906002794629103e-10 1.8903729831688938e+00 1.8903729459247420e+00 3.7244151762649835e-08
415 4.0478515625000000e-01 9.4608604826777476e-01 9.4608601163781691e-01 3.6629957844702687e-08 9.4608601228745914e-01 9.4608601163781691e-01 6.4964222890040446e-10 1.8921720605552339e+00 1.8921720232756338e+00 3.7279600073603092e-08
416 4.0576171875000000e-01 9.4697668205589780e-01 9.4697664539140647e-01 3.6664491331883653e-08 9.4697664604161247e-01 9.4697664539140647e-01 6.5020600015230912e-10 1.8939533280975103e+00 1.8939532907828129e+00 3.7314697332035962e-08
417 4.0673828125000000e-01 9.4785840253894149e-01 9.4785836584015581e-01 3.6698785677025114e-08 9.4785836649081368e-01 9.4785836584015581e-01 6.5065786092333155e-10 1.8957167690297552e+00 1.8957167316803116e+00 3.7349443537948446e-08
418 4.0771484375000000e-01 9.4873120141730372e-01 9.4873116468497631e-01 3.6732327401978182e-08 9.4873116533648194e-01 9.4873116468497631e-01 6.5150562722493532e-10 1.8974623667537855e+00 1.8974623293699526e+00 3.7383832918180815e-08
419 4.0869140625000000e-01 9.4959507047661573e-01 9.4959503371075271e-01 3.6765863020704614e-08 9.4959503436276371e-01 9.4959503371075271e-01 6.5201100074574470e-10 1.8991901048393793e+00 1.8991900674215054e+00 3.7417873910428057e-08
420 4.0966796875000000e-01 9.5045000158530646e-01 9.5044996478642074e-01 3.6798885716393670e-08 9.5044996543909666e-01 9.5044996478642074e-01 6.5267591331519270e-10 1.9008999670244031e+00 1.9008999295728415e+00 3.7451561629708863e-08
421 4.1064453125000000e-01 9.5129598669687943e-01 9.5129594986504362e-01 3.6831835803496915e-08 9.5129595051810600e-01 9.5129594986504362e-01 6.5306238195006472e-10 1.9025919372149853e+00 1.9025918997300872e+00 3.7484898074424677e-08
422 4.1162109375000000e-01 9.5213301784808424e-01 9.5213298098388754e-01 3.6864196695240992e-08 9.5213298163757176e-01 9.5213298098388754e-01 6.5368421786615727e-10 1.9042659994856561e+00 1.9042659619677751e+00 3.7517881024129451e-08
423 4.1259765625000000e-01 9.5296108716057193e-01 9.5296105026449673e-01 3.6896075195080869e-08 9.5296105091893313e-01 9.5296105026449673e-01 6.5443639396534081e-10 1.9059221380795051e+00 1.9059221005289935e+00 3.7550511589046209e-08
424 4.1357421875000000e-01 9.5378018684070509e-01 9.5378014991276794e-01 3.6927937152597679e-08 9.5378015056762155e-01 9.5378014991276794e-01 6.5485361577799495e-10 1.9075603374083268e+00 1.9075602998255359e+00 3.7582790879397976e-08
425 4.1455078125000000e-01 9.5459030917833609e-01 9.5459027221902315e-01 3.6959312943452005e-08 9.5459027287442022e-01 9.5459027221902315e-01 6.5539706994854896e-10 1.9091805820527563e+00 1.9091805444380463e+00 3.7614710013400554e-08
426 4.1552734375000000e-01 9.5539144654839714e-01 9.5539140955808277e-01 3.6990314367102428e-08 9.5539141021404494e-01 9.5539140955808277e-01 6.5596217346808317e-10 1.9107828567624421e+00 1.9107828191161655e+00 3.7646276540570511e-08
427 4.1650390625000000e-01 9.5618359141040832e-01 9.5618355438933711e-01 3.7021071208620526e-08 9.5618355504575481e-01 9.5618355438933711e-01 6.5641769797508687e-10 1.9123671464561631e+00 1.9123671087786742e+00 3.7677488906595613e-08
428 4.1748046875000000e-01 9.5696673630795259e-01 9.5696669925681732e-01 3.7051135270971258e-08 9.5696669991402539e-01 9.5696669925681732e-01 6.5720806574631752e-10 1.9139334362219780e+00 1.9139333985136346e+00 3.7708343336717576e-08
429 4.1845703125000000e-01 9.5774087387057472e-01 9.5774083678926547e-01 3.7081309245401428e-08 9.5774083744680005e-01 9.5774083678926547e-01 6.5753458233785977e-10 1.9154817113173748e+00 1.9154816735785309e+00 3.7738843827739288e-08
430 4.1943359375000000e-01 9.5850599681103155e-01 9.5850595970020447e-01 3.7110827078024045e-08 9.5850596035836788e-01 9.5850595970020447e-01 6.5816341265900746e-10 1.9170119571693993e+00 1.9170119194004089e+00 3.7768990379660750e-08
431 4.2041015625000000e-01 9.5926209792823047e-01 9.5926206078800613e-01 3.7140224340426187e-08 9.5926206144655957e-01 9.5926206078800613e-01 6.5855343400755828e-10 1.9185241593747899e+00 1.9185241215760123e+00 3.7798777663411443e-08
432 4.2138671875000000e-01 9.6000917010504361e-01 9.6000913293595880e-01 3.7169084809995923e-08 9.6000913359508522e-01 9.6000913293595880e-01 6.5912642011056732e-10 1.9200183037001288e+00 1.9200182658719176e+00 3.7828211230106490e-08
433 4.2236328125000000e-01 9.6074720631005672e-01 9.6074716911233515e-01 3.7197721569626196e-08 9.6074716977190777e-01 9.6074716911233515e-01 6.5957261874416417e-10 1.9214943760819645e+00 1.9214943382246703e+00 3.7857294188370361e-08
434 4.2333984375000000e-01 9.6147619959618824e-01 9.6147616237045730e-01 3.7225730942225255e-08 9.6147616303074557e-01 9.6147616237045730e-01 6.6028826850583755e-10 1.9229523626269338e+00 1.9229523247409146e+00 3.7886019210731092e-08
435 4.2431640625000000e-01 9.6219614310244839e-01 9.6219610584876347e-01 3.7253684914695384e-08 9.6219610650946874e-01 9.6219610584876347e-01 6.6070526827388676e-10 1.9243922496119170e+00 1.9243922116975269e+00 3.7914390071946968e-08
436 4.2529296875000000e-01 9.6290703005221390e-01 9.6290699277087122e-01 3.7281342679662544e-08 9.6290699343193231e-01 9.6290699277087122e-01 6.6106109475327912e-10 1.9258140234841461e+00 1.9258139855417424e+00 3.7942403663393520e-08
437 4.2626953125000000e-01 9.6360885375404370e-01 9.6360881644564211e-01 3.7308401590330220e-08 9.6360881710730184e-01 9.6360881644564211e-01 6.6165972700815701e-10 1.9272176708613455e+00 1.9272176328912842e+00 3.7970061317338377e-08
438 4.2724609375000000e-01 9.6430160760247208e-01 9.6430157026724450e-01 3.7335227576207330e-08 9.6430157092937263e-01 9.6430157026724450e-01 6.6212813010224636e-10 1.9286031785318447e+00 1.9286031405344890e+00 3.7997355706309577e-08
439 4.2822265625000000e-01 9.6498528507697712e-01 9.6498524771521554e-01 3.7361761573428964e-08 9.6498524837774724e-01 9.6498524771521554e-01 6.6253169617169760e-10 1.9299705334547244e+00 1.9299704954304311e+00 3.8024293269600662e-08
440 4.2919921875000000e-01 9.6565987974243617e-01 9.6565984235452262e-01 3.7387913542907825e-08 9.6565984301748387e-01 9.6565984235452262e-01 6.6296124145992508e-10 1.9313197227599201e+00 1.9313196847090452e+00 3.8050874895390052e-08
441 4.3017578125000000e-01 9.6632538524932254e-01 9.6632534783562418e-01 3.7413698361632441e-08 9.6632534849902607e-01 9.6632534783562418e-01 6.6340188897839880e-10 1.9326507337483485e+00 1.9326506956712484e+00 3.8077100139588538e-08
442 4.3115234375000000e-01 9.6698179533361539e-01 9.6698175789452934e-01 3.7439086053581150e-08 9.6698175855840895e-01 9.6698175789452934e-01 6.6387961794589501e-10 1.9339635538920243e+00 1.9339635157890587e+00 3.8102965671527045e-08
443 4.3212890625000000e-01 9.6762910381694323e-01 9.6762906635285628e-01 3.7464086943828079e-08 9.6762906701724449e-01 9.6762906635285628e-01 6.6438821111347579e-10 1.9352581708341878e+00 1.9352581327057126e+00 3.8128475265963857e-08
444 4.3310546875000000e-01 9.6826730460660271e-01 9.6826726711789157e-01 3.7488711135402752e-08 9.6826726778280714e-01 9.6826726711789157e-01 6.6491556705017274e-10 1.9365345723894098e+00 1.9365345342357831e+00 3.8153626702452925e-08
445 4.3408203125000000e-01 9.6889639169591779e-01 9.6889635418264630e-01 3.7513271489153510e-08 9.6889635484779391e-01 9.6889635418264630e-01 6.6514760366231940e-10 1.9377927465437117e+00 1.9377927083652926e+00 3.8178419092815830e-08
446 4.3505859375000000e-01 9.6951635916306944e-01 9.6951632162591361e-01 3.7537155828104574e-08 9.6951632229161189e-01 9.6951632162591361e-01 6.6569827428253348e-10 1.9390326814546812e+00 1.9390326432518272e+00 3.8202853991364805e-08
447 4.3603515625000000e-01 9.7012720117302476e-01 9.7012716361232376e-01 3.7560700993921614e-08 9.7012716427855106e-01 9.7012716361232376e-01 6.6622729555376736e-10 1.9402543654515758e+00 1.9402543272246475e+00 3.8226928289475381e-08
448 4.3701171875000000e-01 9.7072891197644029e-01 9.7072887439239941e-01 3.7584040879501401e-08 9.7072887505899941e-01 9.7072887439239941e-01 6.6659999742313403e-10 1.9414577870354397e+00 1.9414577487847988e+00 3.8250640876924535e-08
449 4.3798828125000000e-01 9.7132148590983758e-01 9.7132144830260936e-01 3.7607228220437605e-08 9.7132144896937433e-01 9.7132144830260936e-01 6.6676497656459333e-10 1.9426429348792120e+00 1.9426428966052187e+00 3.8273993308024501e-08
450 4.3896484375000000e-01 9.7190491739524065e-01 9.7190487976542239e-01 3.7629818261386561e-08 9.7190488043258783e-01 9.7190487976542239e-01 6.6716543400957562e-10 1.9438097978278286e+00 1.9438097595308448e+00 3.8296983806418439e-08
451 4.3994140625000000e-01 9.7247920094114815e-01 9.7247916328935946e-01 3.7651788686865473e-08 9.7247916395718292e-01 9.7247916328935946e-01 6.6782346319627095e-10 1.9449583648983311e+00 1.9449583265787189e+00 3.8319612150061744e-08
452 4.4091796875000000e-01 9.7304433114276734e-01 9.7304429346904509e-01 3.7673722252939967e-08 9.7304429413720361e-01 9.7304429346904509e-01 6.6815852850510282e-10 1.9460886252799710e+00 1.9460885869380902e+00 3.8341880781445070e-08
453 4.4189453125000000e-01 9.7360030268055608e-01 9.7360026498525909e-01 3.7695296994932903e-08 9.7360026565375157e-01 9.7360026498525909e-01 6.6849248359091007e-10 1.9472005683343077e+00 1.9472005299705182e+00 3.8363789478523813e-08
454 4.4287109375000000e-01 9.7414711032154688e-01 9.7414707260498568e-01 3.7716561207545851e-08 9.7414707327376027e-01 9.7414707260498568e-01 6.6877459126146732e-10 1.9482941835953071e+00 1.9482941452099714e+00 3.8385335798807318e-08
455 4.4384765625000000e-01 9.7468474891879497e-01 9.7468471118146316e-01 3.7737331815002051e-08 9.7468471185065975e-01 9.7468471118146316e-01 6.6919658703312734e-10 1.9493694607694547e+00 1.9493694223629263e+00 3.8406528402035178e-08
456 4.4482421875000000e-01 9.7521321341186773e-01 9.7521317565423271e-01 3.7757635018564883e-08 9.7521317632395554e-01 9.7521317565423271e-01 6.6972283274679967e-10 1.9504263897358234e+00 1.9504263513084654e+00 3.8427357962333986e-08
457 4.4580078125000000e-01 9.7573249882696422e-01 9.7573246104918532e-01 3.7777778905123682e-08 9.7573246171922667e-01 9.7573246104918532e-01 6.7004135573256463e-10 1.9514649605461909e+00 1.9514649220983706e+00 3.8447820260856247e-08
458 4.4677734375000000e-01 9.7624260027615006e-01 9.7624256247860908e-01 3.7797540985984313e-08 9.7624256314898894e-01 9.7624256247860908e-01 6.7037986273277284e-10 1.9524851634251390e+00 1.9524851249572182e+00 3.8467920848717085e-08
459 4.4775390625000000e-01 9.7674351295819539e-01 9.7674347514123505e-01 3.7816960340997241e-08 9.7674347581193144e-01 9.7674347514123505e-01 6.7069638731709347e-10 1.9534869887701269e+00 1.9534869502824701e+00 3.8487656839336637e-08
460 4.4873046875000000e-01 9.7723523215823038e-01 9.7723519432228267e-01 3.7835947708231288e-08 9.7723519499336386e-01 9.7723519432228267e-01 6.7108119061742855e-10 1.9544704271515942e+00 1.9544703886445653e+00 3.8507028898848716e-08
461 4.4970703125000000e-01 9.7771775324819943e-01 9.7771771539350349e-01 3.7854695933425830e-08 9.7771771606484570e-01 9.7771771539350349e-01 6.7134220405051792e-10 1.9554354693130451e+00 1.9554354307870070e+00 3.8526038137476348e-08
462 4.5068359375000000e-01 9.7819107168631692e-01 9.7819103381322559e-01 3.7873091329743147e-08 9.7819103448482181e-01 9.7819103381322559e-01 6.7159622307855216e-10 1.9563821061711386e+00 1.9563820676264512e+00 3.8544687441799397e-08
463 4.5166015625000000e-01 9.7865518301743637e-01 9.7865514512639562e-01 3.7891040749471472e-08 9.7865514579832635e-01 9.7865514512639562e-01 6.7193073327587172e-10 1.9573103288157627e+00 1.9573102902527912e+00 3.8562971482747344e-08
464 4.5263671875000000e-01 9.7911008287311341e-01 9.7911004496462128e-01 3.7908492123150950e-08 9.7911004563702064e-01 9.7911004496462128e-01 6.7239935841456600e-10 1.9582201285101339e+00 1.9582200899292426e+00 3.8580891370543213e-08
465 4.5361328125000000e-01 9.7955576697231828e-01 9.7955572904621191e-01 3.7926106366548140e-08 9.7955572971855620e-01 9.7955572904621191e-01 6.7234429135254459e-10 1.9591114966908745e+00 1.9591114580924238e+00 3.8598450657900685e-08
466 4.5458984375000000e-01 9.7999223111900380e-01 9.7999219317621933e-01 3.7942784469890967e-08 9.7999219384908276e-01 9.7999219317621933e-01 6.7286343163885931e-10 1.9599844249680864e+00 1.9599843863524387e+00 3.8615647790507523e-08
467 4.5556640625000000e-01 9.8041947120580719e-01 9.8041943324647673e-01 3.7959330456693863e-08 9.8041943391963005e-01 9.8041943324647673e-01 6.7315331087058894e-10 1.9608389051254371e+00 1.9608388664929535e+00 3.8632483656542149e-08
468 4.5654296875000000e-01 9.8083748321108433e-01 9.8083744523563798e-01 3.7975446343097019e-08 9.8083744590914712e-01 9.8083744523563798e-01 6.7350913734998130e-10 1.9616749291202313e+00 1.9616748904712760e+00 3.8648955369424698e-08
469 4.5751953125000000e-01 9.8124626320043773e-01 9.8124622520921501e-01 3.7991222723299245e-08 9.8124622588305532e-01 9.8124622520921501e-01 6.7384031687822699e-10 1.9624924890834929e+00 1.9624924504184300e+00 3.8665062929155170e-08
470 4.5849609375000000e-01 9.8164580732648354e-01 9.8164576931961511e-01 3.8006868430251473e-08 9.8164576999355324e-01 9.8164576931961511e-01 6.7393812752669646e-10 1.9632915773200368e+00 1.9632915386392302e+00 3.8680806557778169e-08
471 4.5947265625000000e-01 9.8203611182795525e-01 9.8203607380617686e-01 3.8021778392405281e-08 9.8203607448058139e-01 9.8203607380617686e-01 6.7440453221934149e-10 1.9640721863085366e+00 1.9640721476123537e+00 3.8696182924624623e-08
472 4.6044921875000000e-01 9.8241717303202158e-01 9.8241713499520589e-01 3.8036815697140014e-08 9.8241713566958244e-01 9.8241713499520589e-01 6.7437655459912094e-10 1.9648343087016040e+00 1.9648342699904118e+00 3.8711192251739135e-08
473 4.6142578125000000e-01 9.8278898735099929e-01 9.8278894930000904e-01 3.8050990247562311e-08 9.8278894997486199e-01 9.8278894930000904e-01 6.7485295129898759e-10 1.9655779373258613e+00 1.9655778986000181e+00 3.8725843198861298e-08
474 4.6240234375000000e-01 9.8315155128613585e-01 9.8315151322092842e-01 3.8065207430548753e-08 9.8315151389585043e-01 9.8315151322092842e-01 6.7492200717111928e-10 1.9663030651819864e+00 1.9663030264418568e+00 3.8740129548742175e-08
475 4.6337890625000000e-01 9.8350486142415061e-01 9.8350482334537448e-01 3.8078776132266512e-08 9.8350482402065109e-01 9.8350482334537448e-01 6.7527661240518455e-10 1.9670096854448018e+00 1.9670096466907490e+00 3.8754052855693999e-08
476 4.6435546875000000e-01 9.8384891443982814e-01 9.8384887634785767e-01 3.8091970466780367e-08 9.8384887702349400e-01 9.8384887634785767e-01 6.7563632466516310e-10 1.9676977914633222e+00 1.9676977526957153e+00 3.8767606902467833e-08
477 4.6533203125000000e-01 9.8418370709490255e-01 9.8418366899002019e-01 3.8104882360556758e-08 9.8418366966593140e-01 9.8418366899002019e-01 6.7591121588606029e-10 1.9683673767608338e+00 1.9683673379800404e+00 3.8780793465420516e-08
478 4.6630859375000000e-01 9.8450923623851039e-01 9.8450919812066617e-01 3.8117844214369256e-08 9.8450919879643706e-01 9.8450919812066617e-01 6.7577088369574767e-10 1.9690184350349473e+00 1.9690183962413323e+00 3.8793614987042702e-08
479 4.6728515625000000e-01 9.8482549880574421e-01 9.8482546067579124e-01 3.8129952972809633e-08 9.8482546135191495e-01 9.8482546067579124e-01 6.7612371257297355e-10 1.9696509601576593e+00 1.9696509213515825e+00 3.8806076796404909e-08
480 4.6826171875000000e-01 9.8513249182035079e-01 9.8513245367861213e-01 3.8141738656349844e-08 9.8513245435504715e-01 9.8513245367861213e-01 6.7643501910907844e-10 1.9702649461753978e+00 1.9702649073572243e+00 3.8818173564436620e-08
481 4.6923828125000000e-01 9.8543021239280693e-01 9.8543017423959356e-01 3.8153213366420857e-08 9.8543017491628260e-01 9.8543017423959356e-01 6.7668903813711268e-10 1.9708603873090895e+00 1.9708603484791871e+00 3.8829902404557970e-08
482 4.7021484375000000e-01 9.8571865772110556e-01 9.8571861955647633e-01 3.8164629234671565e-08 9.8571862023311407e-01 9.8571861955647633e-01 6.7663774583337499e-10 1.9714372779542195e+00 1.9714372391129527e+00 3.8841266869482638e-08
483 4.7119140625000000e-01 9.8599782508976086e-01 9.8599778691430306e-01 3.8175457794942247e-08 9.8599778759111600e-01 9.8599778691430306e-01 6.7681293902666084e-10 1.9719956126808769e+00 1.9719955738286061e+00 3.8852270733968908e-08
484 4.7216796875000000e-01 9.8626771187114537e-01 9.8626767368544443e-01 3.8185700934612044e-08 9.8626767436264851e-01 9.8626767368544443e-01 6.7720407059823629e-10 1.9725353862337940e+00 1.9725353473708889e+00 3.8862905116232582e-08
485 4.7314453125000000e-01 9.8652831552512443e-01 9.8652827732962345e-01 3.8195500984272712e-08 9.8652827800729159e-01 9.8652827732962345e-01 6.7766814382252960e-10 1.9730565935324160e+00 1.9730565546592469e+00 3.8873169128095242e-08
486 4.7412109375000000e-01 9.8677963359938148e-01 9.8677959539393922e-01 3.8205442254302113e-08 9.8677959607156640e-01 9.8677959539393922e-01 6.7762717659292093e-10 1.9735592296709479e+00 1.9735591907878784e+00 3.8883069430895034e-08
487 4.7509765625000000e-01 9.8702166372776190e-01 9.8702162551289052e-01 3.8214871378450255e-08 9.8702162619062528e-01 9.8702162551289052e-01 6.7773475720400711e-10 1.9740432899183871e+00 1.9740432510257810e+00 3.8892606024631959e-08
488 4.7607421875000000e-01 9.8725440363240347e-01 9.8725436540839751e-01 3.8224005960429963e-08 9.8725436608617023e-01 9.8725436540839751e-01 6.7777272683144929e-10 1.9745087697185737e+00 1.9745087308167950e+00 3.8901778687261412e-08
489 4.7705078125000000e-01 9.8747785112253472e-01 9.8747781288982384e-01 3.8232710886099142e-08 9.8747781356769915e-01 9.8747781288982384e-01 6.7787531143892465e-10 1.9749556646902340e+00 1.9749556257796477e+00 3.8910586308560369e-08
490 4.7802734375000000e-01 9.8769200409502356e-01 9.8769196585399655e-01 3.8241027011665096e-08 9.8769196653199842e-01 9.8769196585399655e-01 6.7800187686373192e-10 1.9753839706270220e+00 1.9753839317079931e+00 3.8919028888528828e-08
491 4.7900390625000000e-01 9.8789686053396331e-01 9.8789682228522646e-01 3.8248736844437303e-08 9.8789682296359838e-01 9.8789682228522646e-01 6.7837191419783949e-10 1.9757936834975616e+00 1.9757936445704529e+00 3.8927108647612840e-08
492 4.7998046875000000e-01 9.8809241851172946e-01 9.8809238025532697e-01 3.8256402490333130e-08 9.8809238093374319e-01 9.8809238025532697e-01 6.7841621209652203e-10 1.9761847994454727e+00 1.9761847605106539e+00 3.8934818702429652e-08
493 4.8095703125000000e-01 9.8827867618711074e-01 9.8827863792363169e-01 3.8263479051892091e-08 9.8827863860231069e-01 9.8827863792363169e-01 6.7867900188645081e-10 1.9765573147894213e+00 1.9765572758472634e+00 3.8942157942756239e-08
494 4.8193359375000000e-01 9.8845563180747442e-01 9.8845559353701273e-01 3.8270461688583168e-08 9.8845559421568063e-01 9.8845559353701273e-01 6.7866789965620455e-10 1.9769112260231552e+00 1.9769111870740255e+00 3.8949129699261675e-08
495 4.8291015625000000e-01 9.8862328370693298e-01 9.8862324542989644e-01 3.8277036540357301e-08 9.8862324610859209e-01 9.8862324542989644e-01 6.7869565523182018e-10 1.9772465298155251e+00 1.9772464908597929e+00 3.8955732195589121e-08
496 4.8388671875000000e-01 9.8878163030736443e-01 9.8878159202427929e-01 3.8283085146417761e-08 9.8878159270316435e-01 9.8878159202427929e-01 6.7888505927982123e-10 1.9775632230105287e+00 1.9775631840485586e+00 3.8961970094675280e-08
497 4.8486328125000000e-01 9.8893067011882019e-01 9.8893063182974283e-01 3.8289077353148571e-08 9.8893063250850877e-01 9.8893063182974283e-01 6.7876593234927896e-10 1.9778613026273288e+00 1.9778612636594857e+00 3.8967843174475547e-08
498 4.8583984375000000e-01 9.8907040173791394e-01 9.8907036344346777e-01 3.8294446169651053e-08 9.8907036412236826e-01 9.8907036344346777e-01 6.7890049137986352e-10 1.9781407658602821e+00 1.9781407268869355e+00 3.8973346550008614e-08
499 4.8681640625000000e-01 9.8920082384954910e-01 9.8920078555024671e-01 3.8299302396183066e-08 9.8920078622942997e-01 9.8920078555024671e-01 6.7918326518423555e-10 1.9784016100789792e+00 1.9784015711004934e+00 3.8978485772389604e-08
500 4.8779296875000000e-01 9.8932193522654377e-01 9.8932189692249728e-01 3.8304046490189592e-08 9.8932189760170852e-01 9.8932189692249728e-01 6.7921124280445611e-10 1.9786438328282523e+00 1.9786437938449946e+00 3.8983257732994048e-08
501 4.8876953125000000e-01 9.8943373472853902e-01 9.8943369642027312e-01 3.8308265892794680e-08 9.8943369709966877e-01 9.8943369642027312e-01 6.7939565084884634e-10 1.9788674318282078e+00 1.9788673928405462e+00 3.8987661543643526e-08
502 4.8974609375000000e-01 9.8953622130334085e-01 9.8953618299127477e-01 3.8312066075185669e-08 9.8953618367090546e-01 9.8953618299127477e-01 6.7963068506315949e-10 1.9790724049742463e+00 1.9790723659825495e+00 3.8991696760248828e-08
503 4.9072265625000000e-01 9.8962939398682825e-01 9.8962935567085952e-01 3.8315968731161831e-08 9.8962935635025551e-01 9.8962935567085952e-01 6.7939598391575373e-10 1.9792587503370838e+00 1.9792587113417190e+00 3.8995364715077585e-08
504 4.9169921875000000e-01 9.8971325190135939e-01 9.8971321358205078e-01 3.8319308615086811e-08 9.8971321426141123e-01 9.8971321358205078e-01 6.7936045677896573e-10 1.9794264661627707e+00 1.9794264271641016e+00 3.8998669182888079e-08
505 4.9267578125000000e-01 9.8978779425759111e-01 9.8978775593554580e-01 3.8322045314842512e-08 9.8978775661510265e-01 9.8978775593554580e-01 6.7955685523202192e-10 1.9795755508726938e+00 1.9795755118710916e+00 3.9001602170074534e-08
506 4.9365234375000000e-01 9.8985302035432465e-01 9.8985298202972360e-01 3.8324601048245199e-08 9.8985298270929356e-01 9.8985298202972360e-01 6.7956995586371249e-10 1.9797060030636182e+00 1.9797059640594472e+00 3.9004171004108912e-08
507 4.9462890625000000e-01 9.8990892957729759e-01 9.8990889125065129e-01 3.8326646301101164e-08 9.8990889193038079e-01 9.8990889125065129e-01 6.7972949491235113e-10 1.9798178215076785e+00 1.9798177825013026e+00 3.9006375907035817e-08
508 4.9560546875000000e-01 9.8995552140065002e-01 9.8995548307209014e-01 3.8328559881506408e-08 9.8995548375174325e-01 9.8995548307209014e-01 6.7965311156825692e-10 1.9799110051523932e+00 1.9799109661441803e+00 3.9008212882052362e-08
509 4.9658203125000000e-01 9.8999279538547524e-01 9.8999275705550005e-01 3.8329975193818200e-08 9.8999275773521178e-01 9.8999275705550005e-01 6.7971173134395713e-10 1.9799855531206871e+00 1.9799855141110001e+00 3.9009687036184459e-08
510 4.9755859375000000e-01 9.9002075118108335e-01 9.9002071285004412e-01 3.8331039231565001e-08 9.9002071352979248e-01 9.9002071285004412e-01 6.7974836870376976e-10 1.9800414647108759e+00 1.9800414257000882e+00 3.9010787711291073e-08
511 4.9853515625000000e-01 9.9003938852456264e-01 9.9003935019259171e-01 3.8331970930727266e-08 9.9003935087214390e-01 9.9003935019259171e-01 6.7955219229531849e-10 1.9800787393967065e+00 1.9800787003851834e+00 3.9011523123022585e-08
512 4.9951171875000000e-01 9.9004870723964744e-01 9.9004866890772114e-01 3.8331926299761676e-08 9.9004866958768478e-01 9.9004866890772114e-01 6.7996364094824457e-10 1.9800973768273322e+00 1.9800973378154423e+00 3.9011889940709921e-08
513 5.0048828125000000e-01 9.9004870723964766e-01 9.9004866890772114e-01 3.8331926521806281e-08 9.9004866958768478e-01 9.9004866890772114e-01 6.7996364094824457e-10 1.9800973768273324e+00 1.9800973378154423e+00 3.9011890162754526e-08
514 5.0146484375000000e-01 9.9003938852456297e-01 9.9003935019259171e-01 3.8331971263794173e-08 9.9003935087214390e-01 9.9003935019259171e-01 6.7955219229531849e-10 1.9800787393967068e+00 1.9800787003851834e+00 3.9011523345067189e-08
515 5.0244140625000000e-01 9.9002075118108279e-01 9.9002071285004412e-01 3.8331038676453488e-08 9.9002071352979248e-01 9.9002071285004412e-01 6.7974836870376976e-10 1.9800414647108753e+00 1.9800414257000882e+00 3.9010787045157258e-08
516 5.0341796875000000e-01 9.8999279538547447e-01 9.8999275705550005e-01 3.8329974416662083e-08 9.8999275773521178e-01 9.8999275705550005e-01 6.7971173134395713e-10 1.9799855531206862e+00 1.9799855141110001e+00 3.9009686148006040e-08
517 5.0439453125000000e-01 9.8995552140065013e-01 9.8995548307209014e-01 3.8328559992528710e-08 9.8995548375174325e-01 9.8995548307209014e-01 6.7965311156825692e-10 1.9799110051523934e+00 1.9799109661441803e+00 3.9008213104096967e-08
518 5.0537109375000000e-01 9.8990892957729670e-01 9.8990889125065129e-01 3.8326645412922744e-08 9.8990889193038079e-01 9.8990889125065129e-01 6.7972949491235113e-10 1.9798178215076776e+00 1.9798177825013026e+00 3.9006375018857398e-08
519 5.0634765625000000e-01 9.8985302035432177e-01 9.8985298202972360e-01 3.8324598161665335e-08 9.8985298270929356e-01 9.8985298202972360e-01 6.7956995586371249e-10 1.9797060030636153e+00 1.9797059640594472e+00 3.9004168117529048e-08
520 5.0732421875000000e-01 9.8978779425758723e-01 9.8978775593554580e-01 3.8322041429061926e-08 9.8978775661510265e-01 9.8978775593554580e-01 6.7955685523202192e-10 1.9795755508726898e+00 1.9795755118710916e+00 3.9001598173271645e-08
521 5.0830078125000000e-01 9.8971325190135595e-01 9.8971321358205078e-01 3.8319305173395435e-08 9.8971321426141123e-01 9.8971321358205078e-01 6.7936045677896573e-10 1.9794264661627672e+00 1.9794264271641016e+00 3.8998665630174401e-08
522 5.0927734375000000e-01 9.8962939398682537e-01 9.8962935567085952e-01 3.8315965844581967e-08 9.8962935635025551e-01 9.8962935567085952e-01 6.7939598391575373e-10 1.9792587503370809e+00 1.9792587113417190e+00 3.8995361828497721e-08
523 5.1025390625000000e-01 9.8953622130333962e-01 9.8953618299127477e-01 3.8312064853940342e-08 9.8953618367090546e-01 9.8953618299127477e-01 6.7963068506315949e-10 1.9790724049742452e+00 1.9790723659825495e+00 3.8991695650025804e-08
524 5.1123046875000000e-01 9.8943373472853868e-01 9.8943369642027312e-01 3.8308265559727772e-08 9.8943369709966877e-01 9.8943369642027312e-01 6.7939565084884634e-10 1.9788674318282076e+00 1.9788673928405462e+00 3.8987661321598921e-08
525 5.1220703125000000e-01 9.8932193522654288e-01 9.8932189692249728e-01 3.8304045602011172e-08 9.8932189760170852e-01 9.8932189692249728e-01 6.7921124280445611e-10 1.9786438328282514e+00 1.9786437938449946e+00 3.8983256844815628e-08
526 5.1318359375000000e-01 9.8920082384954722e-01 9.8920078555024671e-01 3.8299300508803924e-08 9.8920078622942997e-01 9.8920078555024671e-01 6.7918326518423555e-10 1.9784016100789772e+00 1.9784015711004934e+00 3.8978483773988160e-08
527 5.1416015625000000e-01 9.8907040173791161e-01 9.8907036344346777e-01 3.8294443838182701e-08 9.8907036412236826e-01 9.8907036344346777e-01 6.7890049137986352e-10 1.9781407658602799e+00 1.9781407268869355e+00 3.8973344329562565e-08
528 5.1513671875000000e-01 9.8893067011881708e-01 9.8893063182974283e-01 3.8289074244524102e-08 9.8893063250850877e-01 9.8893063182974283e-01 6.7876593234927896e-10 1.9778613026273257e+00 1.9778612636594857e+00 3.8967840065851078e-08
529 5.1611328125000000e-01 9.8878163030736099e-01 9.8878159202427929e-01 3.8283081704726385e-08 9.8878159270316435e-01 9.8878159202427929e-01 6.7888505927982123e-10 1.9775632230105253e+00 1.9775631840485586e+00 3.8961966764006206e-08
530 5.1708984375000000e-01 9.8862328370692809e-01 9.8862324542989644e-01 3.8277031655375993e-08 9.8862324610859209e-01 9.8862324542989644e-01 6.7869565523182018e-10 1.9772465298155202e+00 1.9772464908597929e+00 3.8955727310607813e-08
531 5.1806640625000000e-01 9.8845563180746743e-01 9.8845559353701273e-01 3.8270454694178113e-08 9.8845559421568063e-01 9.8845559353701273e-01 6.7866789965620455e-10 1.9769112260231481e+00 1.9769111870740255e+00 3.8949122593834318e-08
532 5.1904296875000000e-01 9.8827867618710541e-01 9.8827863792363169e-01 3.8263473722821573e-08 9.8827863860231069e-01 9.8827863792363169e-01 6.7867900188645081e-10 1.9765573147894160e+00 1.9765572758472634e+00 3.8942152613685721e-08
533 5.2001953125000000e-01 9.8809241851172369e-01 9.8809238025532697e-01 3.8256396717173402e-08 9.8809238093374319e-01 9.8809238025532697e-01 6.7841621209652203e-10 1.9761847994454669e+00 1.9761847605106539e+00 3.8934812929269924e-08
534 5.2099609375000000e-01 9.8789686053395631e-01 9.8789682228522646e-01 3.8248729850032248e-08 9.8789682296359838e-01 9.8789682228522646e-01 6.7837191419783949e-10 1.9757936834975547e+00 1.9757936445704529e+00 3.8927101764230088e-08
535 5.2197265625000000e-01 9.8769200409501612e-01 9.8769196585399655e-01 3.8241019573170831e-08 9.8769196653199842e-01 9.8769196585399655e-01 6.7800187686373192e-10 1.9753839706270147e+00 1.9753839317079931e+00 3.8919021561056866e-08
536 5.2294921875000000e-01 9.8747785112252595e-01 9.8747781288982384e-01 3.8232702115337247e-08 9.8747781356769915e-01 9.8747781288982384e-01 6.7787531143892465e-10 1.9749556646902251e+00 1.9749556257796477e+00 3.8910577426776172e-08
537 5.2392578125000000e-01 9.8725440363239569e-01 9.8725436540839751e-01 3.8223998188868791e-08 9.8725436608617023e-01 9.8725436540839751e-01 6.7777272683144929e-10 1.9745087697185659e+00 1.9745087308167950e+00 3.8901770915700240e-08
538 5.2490234375000000e-01 9.8702166372775357e-01 9.8702162551289052e-01 3.8214863051777570e-08 9.8702162619062528e-01 9.8702162551289052e-01 6.7773475720400711e-10 1.9740432899183789e+00 1.9740432510257810e+00 3.8892597808981577e-08
539 5.2587890625000000e-01 9.8677963359937304e-01 9.8677959539393922e-01 3.8205433816607126e-08 9.8677959607156640e-01 9.8677959539393922e-01 6.7762717659292093e-10 1.9735592296709394e+00 1.9735591907878784e+00 3.8883060993200047e-08
540 5.2685546875000000e-01 9.8652831552511588e-01 9.8652827732962345e-01 3.8195492435555423e-08 9.8652827800729159e-01 9.8652827732962345e-01 6.7766814382252960e-10 1.9730565935324074e+00 1.9730565546592469e+00 3.8873160468355650e-08
541 5.2783203125000000e-01 9.8626771187113704e-01 9.8626767368544443e-01 3.8185692607939359e-08 9.8626767436264851e-01 9.8626767368544443e-01 6.7720407059823629e-10 1.9725353862337855e+00 1.9725353473708889e+00 3.8862896678537595e-08
542 5.2880859375000000e-01 9.8599782508975065e-01 9.8599778691430306e-01 3.8175447580890420e-08 9.8599778759111600e-01 9.8599778691430306e-01 6.7681293902666084e-10 1.9719956126808666e+00 1.9719955738286061e+00 3.8852260519917081e-08
543 5.2978515625000000e-01 9.8571865772109390e-01 9.8571861955647633e-01 3.8164617577329807e-08 9.8571862023311407e-01 9.8571861955647633e-01 6.7663774583337499e-10 1.9714372779542080e+00 1.9714372391129527e+00 3.8841255323163182e-08
544 5.3076171875000000e-01 9.8543021239279349e-01 9.8543017423959356e-01 3.8153199932722259e-08 9.8543017491628260e-01 9.8543017423959356e-01 6.7668903813711268e-10 1.9708603873090760e+00 1.9708603484791871e+00 3.8829888859837070e-08
545 5.3173828125000000e-01 9.8513249182033724e-01 9.8513245367861213e-01 3.8141725111628944e-08 9.8513245435504715e-01 9.8513245367861213e-01 6.7643501910907844e-10 1.9702649461753845e+00 1.9702649073572243e+00 3.8818160241760324e-08
546 5.3271484375000000e-01 9.8482549880573089e-01 9.8482546067579124e-01 3.8129939650133338e-08 9.8482546135191495e-01 9.8482546067579124e-01 6.7612371257297355e-10 1.9696509601576460e+00 1.9696509213515825e+00 3.8806063473728614e-08
547 5.3369140625000000e-01 9.8450923623849851e-01 9.8450919812066617e-01 3.8117832334982893e-08 9.8450919879643706e-01 9.8450919812066617e-01 6.7577088369574767e-10 1.9690184350349356e+00 1.9690183962413323e+00 3.8793603218678641e-08
548 5.3466796875000000e-01 9.8418370709489089e-01 9.8418366899002030e-01 3.8104870592192697e-08 9.8418366966593140e-01 9.8418366899002030e-01 6.7591110486375783e-10 1.9683673767608223e+00 1.9683673379800406e+00 3.8780781697056455e-08
549 5.3564453125000000e-01 9.8384891443981703e-01 9.8384887634785767e-01 3.8091959364550121e-08 9.8384887702349400e-01 9.8384887634785767e-01 6.7563632466516310e-10 1.9676977914633111e+00 1.9676977526957153e+00 3.8767595800237586e-08
550 5.3662109375000000e-01 9.8350486142414018e-01 9.8350482334537448e-01 3.8078765696170080e-08 9.8350482402065109e-01 9.8350482334537448e-01 6.7527661240518455e-10 1.9670096854447912e+00 1.9670096466907490e+00 3.8754042197552963e-08
551 5.3759765625000000e-01 9.8315155128612808e-01 9.8315151322092842e-01 3.8065199658987581e-08 9.8315151389585043e-01 9.8315151322092842e-01 6.7492200717111928e-10 1.9663030651819784e+00 1.9663030264418568e+00 3.8740121555136398e-08
552 5.3857421875000000e-01 9.8278898735099141e-01 9.8278894930000904e-01 3.8050982364978836e-08 9.8278894997486199e-01 9.8278894930000904e-01 6.7485295129898759e-10 1.9655779373258535e+00 1.9655778986000181e+00 3.8725835427300126e-08
553 5.3955078125000000e-01 9.8241717303201481e-01 9.8241713499520589e-01 3.8036808924779564e-08 9.8241713566958244e-01 9.8241713499520589e-01 6.7437655459912094e-10 1.9648343087015974e+00 1.9648342699904118e+00 3.8711185590400987e-08
554 5.4052734375000000e-01 9.8203611182794726e-01 9.8203607380617686e-01 3.8021770398799504e-08 9.8203607448058139e-01 9.8203607380617686e-01 6.7440453221934149e-10 1.9640721863085286e+00 1.9640721476123537e+00 3.8696174931018845e-08
555 5.4150390625000000e-01 9.8164580732647533e-01 9.8164576931961522e-01 3.8006860103578788e-08 9.8164576999355324e-01 9.8164576931961522e-01 6.7393801650439400e-10 1.9632915773200286e+00 1.9632915386392304e+00 3.8680798120083182e-08
556 5.4248046875000000e-01 9.8124626320042807e-01 9.8124622520921512e-01 3.7991212953336628e-08 9.8124622588305532e-01 9.8124622520921512e-01 6.7384020585592452e-10 1.9624924890834834e+00 1.9624924504184302e+00 3.8665053159192553e-08
557 5.4345703125000000e-01 9.8083748321107411e-01 9.8083744523563798e-01 3.7975436129045193e-08 9.8083744590914712e-01 9.8083744523563798e-01 6.7350913734998130e-10 1.9616749291202211e+00 1.9616748904712760e+00 3.8648945155372871e-08
558 5.4443359375000000e-01 9.8041947120579831e-01 9.8041943324647673e-01 3.7959321574909666e-08 9.8041943391963005e-01 9.8041943324647673e-01 6.7315331087058894e-10 1.9608389051254282e+00 1.9608388664929535e+00 3.8632474774757952e-08
559 5.4541015625000000e-01 9.7999223111899614e-01 9.7999219317621933e-01 3.7942776809352097e-08 9.7999219384908276e-01 9.7999219317621933e-01 6.7286343163885931e-10 1.9599844249680789e+00 1.9599843863524387e+00 3.8615640240990956e-08
560 5.4638671875000000e-01 9.7955576697231095e-01 9.7955572904621191e-01 3.7926099039076178e-08 9.7955572971855620e-01 9.7955572904621191e-01 6.7234429135254459e-10 1.9591114966908671e+00 1.9591114580924238e+00 3.8598443330428722e-08
561 5.4736328125000000e-01 9.7911008287310619e-01 9.7911004496462128e-01 3.7908484906701290e-08 9.7911004563702064e-01 9.7911004496462128e-01 6.7239935841456600e-10 1.9582201285101268e+00 1.9582200899292426e+00 3.8580884265115856e-08
562 5.4833984375000000e-01 9.7865518301743037e-01 9.7865514512639573e-01 3.7891034643244836e-08 9.7865514579832635e-01 9.7865514512639573e-01 6.7193062225356925e-10 1.9573103288157567e+00 1.9573102902527915e+00 3.8562965265498406e-08
563 5.4931640625000000e-01 9.7819107168631036e-01 9.7819103381322559e-01 3.7873084779427302e-08 9.7819103448482181e-01 9.7819103381322559e-01 6.7159622307855216e-10 1.9563821061711322e+00 1.9563820676264512e+00 3.8544681002505854e-08
564 5.5029296875000000e-01 9.7771775324819243e-01 9.7771771539350361e-01 3.7854688827998473e-08 9.7771771606484570e-01 9.7771771539350361e-01 6.7134209302821546e-10 1.9554354693130382e+00 1.9554354307870072e+00 3.8526031032048991e-08
565 5.5126953125000000e-01 9.7723523215822361e-01 9.7723519432228267e-01 3.7835940935870838e-08 9.7723519499336386e-01 9.7723519432228267e-01 6.7108119061742855e-10 1.9544704271515876e+00 1.9544703886445653e+00 3.8507022237510569e-08
566 5.5224609375000000e-01 9.7674351295818729e-01 9.7674347514123516e-01 3.7816952125346859e-08 9.7674347581193144e-01 9.7674347514123516e-01 6.7069627629479101e-10 1.9534869887701187e+00 1.9534869502824703e+00 3.8487648401641650e-08
567 5.5322265625000000e-01 9.7624260027614196e-01 9.7624256247860908e-01 3.7797532881356233e-08 9.7624256314898894e-01 9.7624256247860908e-01 6.7037986273277284e-10 1.9524851634251310e+00 1.9524851249572182e+00 3.8467912855111308e-08
568 5.5419921875000000e-01 9.7573249882695645e-01 9.7573246104918532e-01 3.7777771133562510e-08 9.7573246171922667e-01 9.7573246104918532e-01 6.7004135573256463e-10 1.9514649605461831e+00 1.9514649220983706e+00 3.8447812489295075e-08
569 5.5517578125000000e-01 9.7521321341185985e-01 9.7521317565423271e-01 3.7757627135981409e-08 9.7521317632395554e-01 9.7521317565423271e-01 6.6972283274679967e-10 1.9504263897358154e+00 1.9504263513084654e+00 3.8427349968728208e-08
570 5.5615234375000000e-01 9.7468474891878765e-01 9.7468471118146316e-01 3.7737324487530088e-08 9.7468471185065975e-01 9.7468471118146316e-01 6.6919658703312734e-10 1.9493694607694474e+00 1.9493694223629263e+00 3.8406521074563216e-08
571 5.5712890625000000e-01 9.7414711032153900e-01 9.7414707260498568e-01 3.7716553324962376e-08 9.7414707327376027e-01 9.7414707260498568e-01 6.6877459126146732e-10 1.9482941835952992e+00 1.9482941452099714e+00 3.8385327805201541e-08
572 5.5810546875000000e-01 9.7360030268054820e-01 9.7360026498525909e-01 3.7695289112349428e-08 9.7360026565375157e-01 9.7360026498525909e-01 6.6849248359091007e-10 1.9472005683342997e+00 1.9472005299705182e+00 3.8363781484918036e-08
573 5.5908203125000000e-01 9.7304433114275923e-01 9.7304429346904520e-01 3.7673714037289585e-08 9.7304429413720361e-01 9.7304429346904520e-01 6.6815841748280036e-10 1.9460886252799630e+00 1.9460885869380904e+00 3.8341872565794688e-08
574 5.6005859375000000e-01 9.7247920094114082e-01 9.7247916328935946e-01 3.7651781359393510e-08 9.7247916395718292e-01 9.7247916328935946e-01 6.6782346319627095e-10 1.9449583648983237e+00 1.9449583265787189e+00 3.8319604822589781e-08
575 5.6103515625000000e-01 9.7190491739523388e-01 9.7190487976542239e-01 3.7629811489026110e-08 9.7190488043258783e-01 9.7190487976542239e-01 6.6716543400957562e-10 1.9438097978278217e+00 1.9438097595308448e+00 3.8296976923035686e-08
576 5.6201171875000000e-01 9.7132148590983169e-01 9.7132144830260947e-01 3.7607222225233272e-08 9.7132144896937433e-01 9.7132144830260947e-01 6.6676486554229086e-10 1.9426429348792060e+00 1.9426428966052189e+00 3.8273987090775563e-08
577 5.6298828125000000e-01 9.7072891197643330e-01 9.7072887439239941e-01 3.7584033885096346e-08 9.7072887505899941e-01 9.7072887439239941e-01 6.6659999742313403e-10 1.9414577870354326e+00 1.9414577487847988e+00 3.8250633771497178e-08
578 5.6396484375000000e-01 9.7012720117301710e-01 9.7012716361232376e-01 3.7560693333382744e-08 9.7012716427855106e-01 9.7012716361232376e-01 6.6622729555376736e-10 1.9402543654515680e+00 1.9402543272246475e+00 3.8226920517914209e-08
579 5.6494140625000000e-01 9.6951635916306123e-01 9.6951632162591372e-01 3.7537147501431889e-08 9.6951632229161189e-01 9.6951632162591372e-01 6.6569816326023101e-10 1.9390326814546732e+00 1.9390326432518274e+00 3.8202845775714422e-08
580 5.6591796875000000e-01 9.6889639169590902e-01 9.6889635418264641e-01 3.7513262607369313e-08 9.6889635484779391e-01 9.6889635418264641e-01 6.6514749264001694e-10 1.9377927465437028e+00 1.9377927083652928e+00 3.8178409988987028e-08
581 5.6689453125000000e-01 9.6826730460659305e-01 9.6826726711789157e-01 3.7488701476462438e-08 9.6826726778280714e-01 9.6826726711789157e-01 6.6491556705017274e-10 1.9365345723894003e+00 1.9365345342357831e+00 3.8153617154534913e-08
582 5.6787109375000000e-01 9.6762910381693401e-01 9.6762906635285639e-01 3.7464077617954672e-08 9.6762906701724449e-01 9.6762906635285639e-01 6.6438810009117333e-10 1.9352581708341785e+00 1.9352581327057128e+00 3.8128465718045845e-08
583 5.6884765625000000e-01 9.6698179533360651e-01 9.6698175789452934e-01 3.7439077171796953e-08 9.6698175855840895e-01 9.6698175789452934e-01 6.6387961794589501e-10 1.9339635538920155e+00 1.9339635157890587e+00 3.8102956789742848e-08
584 5.6982421875000000e-01 9.6632538524931277e-01 9.6632534783562429e-01 3.7413688480647522e-08 9.6632534849902607e-01 9.6632534783562429e-01 6.6340177795609634e-10 1.9326507337483387e+00 1.9326506956712486e+00 3.8077090147581316e-08
585 5.7080078125000000e-01 9.6565987974242851e-01 9.6565984235452273e-01 3.7387905771346652e-08 9.6565984301748387e-01 9.6565984235452273e-01 6.6296113043762261e-10 1.9313197227599124e+00 1.9313196847090455e+00 3.8050866901784275e-08
586 5.7177734375000000e-01 9.6498528507696879e-01 9.6498524771521554e-01 3.7361753246756280e-08 9.6498524837774724e-01 9.6498524771521554e-01 6.6253169617169760e-10 1.9299705334547159e+00 1.9299704954304311e+00 3.8024284831905675e-08
587 5.7275390625000000e-01 9.6430160760246431e-01 9.6430157026724450e-01 3.7335219804646158e-08 9.6430157092937263e-01 9.6430157026724450e-01 6.6212813010224636e-10 1.9286031785318369e+00 1.9286031405344890e+00 3.7997347934748404e-08
588 5.7373046875000000e-01 9.6360885375403593e-01 9.6360881644564211e-01 3.7308393818769048e-08 9.6360881710730184e-01 9.6360881644564211e-01 6.6165972700815701e-10 1.9272176708613378e+00 1.9272176328912842e+00 3.7970053545777205e-08
589 5.7470703125000000e-01 9.6290703005220601e-01 9.6290699277087122e-01 3.7281334797079069e-08 9.6290699343193231e-01 9.6290699277087122e-01 6.6106109475327912e-10 1.9258140234841383e+00 1.9258139855417424e+00 3.7942395891832348e-08
590 5.7568359375000000e-01 9.6219614310244006e-01 9.6219610584876347e-01 3.7253676588022699e-08 9.6219610650946874e-01 9.6219610584876347e-01 6.6070526827388676e-10 1.9243922496119088e+00 1.9243922116975269e+00 3.7914381856296586e-08
591 5.7666015625000000e-01 9.6147619959618036e-01 9.6147616237045730e-01 3.7225723059641780e-08 9.6147616303074557e-01 9.6147616237045730e-01 6.6028826850583755e-10 1.9229523626269258e+00 1.9229523247409146e+00 3.7886011217125315e-08
592 5.7763671875000000e-01 9.6074720631004995e-01 9.6074716911233515e-01 3.7197714797265746e-08 9.6074716977190777e-01 9.6074716911233515e-01 6.5957261874416417e-10 1.9214943760819576e+00 1.9214943382246703e+00 3.7857287304987608e-08
593 5.7861328125000000e-01 9.6000917010503783e-01 9.6000913293595880e-01 3.7169079036836195e-08 9.6000913359508522e-01 9.6000913293595880e-01 6.5912642011056732e-10 1.9200183037001231e+00 1.9200182658719176e+00 3.7828205456946762e-08
594 5.7958984375000000e-01 9.5926209792822403e-01 9.5926206078800613e-01 3.7140217901132644e-08 9.5926206144655957e-01 9.5926206078800613e-01 6.5855343400755828e-10 1.9185241593747837e+00 1.9185241215760123e+00 3.7798771446162505e-08
595 5.8056640625000000e-01 9.5850599681102533e-01 9.5850595970020458e-01 3.7110820749752804e-08 9.5850596035836788e-01 9.5850595970020458e-01 6.5816330163670500e-10 1.9170119571693931e+00 1.9170119194004092e+00 3.7768983940367207e-08
596 5.8154296875000000e-01 9.5774087387056939e-01 9.5774083678926547e-01 3.7081303916330910e-08 9.5774083744680005e-01 9.5774083678926547e-01 6.5753458233785977e-10 1.9154817113173694e+00 1.9154816735785309e+00 3.7738838498668770e-08
597 5.8251953125000000e-01 9.5696673630794771e-01 9.5696669925681732e-01 3.7051130385989950e-08 9.5696669991402539e-01 9.5696669925681732e-01 6.5720806574631752e-10 1.9139334362219731e+00 1.9139333985136346e+00 3.7708338451736267e-08
598 5.8349609375000000e-01 9.5618359141040421e-01 9.5618355438933722e-01 3.7021066989773033e-08 9.5618355504575481e-01 9.5618355438933722e-01 6.5641758695278440e-10 1.9123671464561589e+00 1.9123671087786744e+00 3.7677484465703515e-08
599 5.8447265625000000e-01 9.5539144654839270e-01 9.5539140955808288e-01 3.6990309815188027e-08 9.5539141021404494e-01 9.5539140955808288e-01 6.5596206244578070e-10 1.9107828567624376e+00 1.9107828191161658e+00 3.7646271877633808e-08
600 5.8544921875000000e-01 9.5459030917833310e-01 9.5459027221902326e-01 3.6959309834827536e-08 9.5459027287442022e-01 9.5459027221902326e-01 6.5539695892624650e-10 1.9091805820527532e+00 1.9091805444380465e+00 3.7614706682731480e-08
601 5.8642578125000000e-01 9.5378018684070121e-01 9.5378014991276794e-01 3.6927933266817092e-08 9.5378015056762155e-01 9.5378014991276794e-01 6.5485361577799495e-10 1.9075603374083228e+00 1.9075602998255359e+00 3.7582786882595087e-08
602 5.8740234375000000e-01 9.5296108716056860e-01 9.5296105026449673e-01 3.6896071864411795e-08 9.5296105091893313e-01 9.5296105026449673e-01 6.5443639396534081e-10 1.9059221380795017e+00 1.9059221005289935e+00 3.7550508258377135e-08
603 5.8837890625000000e-01 9.5213301784808047e-01 9.5213298098388754e-01 3.6864192920482708e-08 9.5213298163757176e-01 9.5213298098388754e-01 6.5368421786615727e-10 1.9042659994856521e+00 1.9042659619677751e+00 3.7517877027326563e-08
604 5.8935546875000000e-01 9.5129598669687720e-01 9.5129594986504362e-01 3.6831833583050866e-08 9.5129595051810600e-01 9.5129594986504362e-01 6.5306238195006472e-10 1.9025919372149831e+00 1.9025918997300872e+00 3.7484895853978628e-08
605 5.9033203125000000e-01 9.5045000158530568e-01 9.5044996478642074e-01 3.6798884939237553e-08 9.5044996543909666e-01 9.5044996478642074e-01 6.5267591331519270e-10 1.9008999670244022e+00 1.9008999295728415e+00 3.7451560741530443e-08
606 5.9130859375000000e-01 9.4959507047661473e-01 9.4959503371075282e-01 3.6765861910481590e-08 9.4959503436276371e-01 9.4959503371075282e-01 6.5201088972344223e-10 1.8991901048393784e+00 1.8991900674215056e+00 3.7417872800205032e-08
607 5.9228515625000000e-01 9.4873120141730205e-01 9.4873116468497631e-01 3.6732325736643645e-08 9.4873116533648194e-01 9.4873116468497631e-01 6.5150562722493532e-10 1.8974623667537840e+00 1.8974623293699526e+00 3.7383831363868580e-08
608 5.9326171875000000e-01 9.4785840253893983e-01 9.4785836584015593e-01 3.6698783900668275e-08 9.4785836649081368e-01 9.4785836584015593e-01 6.5065774990102909e-10 1.8957167690297534e+00 1.8957167316803119e+00 3.7349441539547001e-08
609 5.9423828125000000e-01 9.4697668205589580e-01 9.4697664539140658e-01 3.6664489222459906e-08 9.4697664604161247e-01 9.4697664539140658e-01 6.5020588913000665e-10 1.8939533280975083e+00 1.8939532907828132e+00 3.7314695111589913e-08
610 5.9521484375000000e-01 9.4608604826777276e-01 9.4608601163781691e-01 3.6629955846301243e-08 9.4608601228745914e-01 9.4608601163781691e-01 6.4964222890040446e-10 1.8921720605552319e+00 1.8921720232756338e+00 3.7279598075201648e-08
611 5.9619140625000000e-01 9.4518650955746064e-01 9.4518647296237102e-01 3.6595089625279797e-08 9.4518647361143104e-01 9.4518647296237102e-01 6.4906002794629103e-10 1.8903729831688918e+00 1.8903729459247420e+00 3.7244149764248391e-08
612 5.9716796875000000e-01 9.4427807439178035e-01 9.4427803783186970e-01 3.6559910654432315e-08 9.4427803848031255e-01 9.4427803783186970e-01 6.4844285496690190e-10 1.8885561128720929e+00 1.8885560756637394e+00 3.7208353509399217e-08
613 5.9814453125000000e-01 9.4336075132131392e-01 9.4336071479685024e-01 3.6524463675746688e-08 9.4336071544459610e-01 9.4336071479685024e-01 6.4774585695204223e-10 1.8867214667659100e+00 1.8867214295937005e+00 3.7172209532698730e-08
614 5.9912109375000000e-01 9.4243454898018497e-01 9.4243451249150634e-01 3.6488678634150062e-08 9.4243451313854576e-01 9.4243451249150634e-01 6.4703942204147324e-10 1.8848690621187307e+00 1.8848690249830127e+00 3.7135718056191536e-08
615 6.0009765625000000e-01 9.4149947608597928e-01 9.4149943963360683e-01 3.6452372453865678e-08 9.4149944028010757e-01 9.4149943963360683e-01 6.4650074182992512e-10 1.8829989163660867e+00 1.8829988792672137e+00 3.7098873084673301e-08
616 6.0107421875000000e-01 9.4055554144041587e-01 9.4055550502441365e-01 3.6416002213712773e-08 9.4055550567008761e-01 9.4055550502441365e-01 6.4567395874348676e-10 1.8811110471105035e+00 1.8811110100488273e+00 3.7061676172456259e-08
617 6.0205078125000000e-01 9.3960275392758230e-01 9.3960271754859892e-01 3.6378983381268881e-08 9.3960271819374630e-01 9.3960271754859892e-01 6.4514737996290705e-10 1.8792054721213285e+00 1.8792054350971978e+00 3.7024130650209486e-08
618 6.0302734375000000e-01 9.3864112251576171e-01 9.3864108617416098e-01 3.6341600728739820e-08 9.3864108681879721e-01 9.3864108617416098e-01 6.4463623328236963e-10 1.8772822093345589e+00 1.8772821723483220e+00 3.6986236962022190e-08
619 6.0400390625000000e-01 9.3767065625671142e-01 9.3767061995234080e-01 3.6304370620854343e-08 9.3767062059596684e-01 9.3767061995234080e-01 6.4362604135226320e-10 1.8753412768526783e+00 1.8753412399046816e+00 3.6947996662206606e-08
620 6.0498046875000000e-01 9.3669136428385058e-01 9.3669132801753596e-01 3.6266314618060846e-08 9.3669132866062710e-01 9.3669132801753596e-01 6.4309113589899880e-10 1.8733826929444777e+00 1.8733826560350719e+00 3.6909405753959845e-08
621 6.0595703125000000e-01 9.3570325581508096e-01 9.3570321958721514e-01 3.6227865818361238e-08 9.3570322022982078e-01 9.3570321958721514e-01 6.4260563537033022e-10 1.8714064760449016e+00 1.8714064391744303e+00 3.6870471342709266e-08
622 6.0693359375000000e-01 9.3470634015114407e-01 9.3470630396183119e-01 3.6189312879741919e-08 9.3470630460370996e-01 9.3470630396183119e-01 6.4187877235610813e-10 1.8694126447548540e+00 1.8694126079236624e+00 3.6831191652098028e-08
623 6.0791015625000000e-01 9.3370062667497655e-01 9.3370059052473364e-01 3.6150242910260033e-08 9.3370059116605353e-01 9.3370059052473364e-01 6.4131988608551183e-10 1.8674012178410302e+00 1.8674011810494673e+00 3.6791562907367847e-08
624 6.0888671875000000e-01 9.3268612485346036e-01 9.3268608874208037e-01 3.6111379997372239e-08 9.3268608938229070e-01 9.3268608874208037e-01 6.4021032919470144e-10 1.8653722142357512e+00 1.8653721774841607e+00 3.6751590437589243e-08
625 6.0986328125000000e-01 9.3166284423429424e-01 9.3166280816274849e-01 3.6071545750360201e-08 9.3166280880247221e-01 9.3166280816274849e-01 6.3972371844300824e-10 1.8633256530367666e+00 1.8633256163254970e+00 3.6711269579825512e-08
626 6.1083984375000000e-01 9.3063079444994379e-01 9.3063075841824472e-01 3.6031699068850287e-08 9.3063075905714687e-01 9.3063075841824472e-01 6.3890215340478562e-10 1.8612615535070907e+00 1.8612615168364894e+00 3.6670601222255073e-08
627 6.1181640625000000e-01 9.2958998521419234e-01 9.2958994922261395e-01 3.5991578384297895e-08 9.2958994986061938e-01 9.2958994922261395e-01 6.3800542626779588e-10 1.8591799350748117e+00 1.8591798984452279e+00 3.6629583810565691e-08
628 6.1279296875000000e-01 9.2854042632304690e-01 9.2854039037234914e-01 3.5950697752085148e-08 9.2854039100987562e-01 9.2854039037234914e-01 6.3752647605497259e-10 1.8570808173329225e+00 1.8570807807446983e+00 3.6588224228140120e-08
629 6.1376953125000000e-01 9.2748212765610771e-01 9.2748209174629759e-01 3.5909810125467345e-08 9.2748209238300883e-01 9.2748209174629759e-01 6.3671123928799034e-10 1.8549642200391165e+00 1.8549641834925952e+00 3.6546521364755336e-08
630 6.1474609375000000e-01 9.2641509917395537e-01 9.2641506330556933e-01 3.5868386039084044e-08 9.2641506394165229e-01 9.2641506330556933e-01 6.3608296407835496e-10 1.8528301631156077e+00 1.8528301266111387e+00 3.6504469003162399e-08
631 6.1572265625000000e-01 9.2533935092031339e-01 9.2533931509344214e-01 3.5826871247479630e-08 9.2533931572864470e-01 9.2533931509344214e-01 6.3520255721982721e-10 1.8506786666489581e+00 1.8506786301868843e+00 3.6462073804699457e-08
632 6.1669921875000000e-01 9.2425489301971608e-01 9.2425485723526801e-01 3.5784448071396469e-08 9.2425485787015849e-01 9.2425485723526801e-01 6.3489047352760508e-10 1.8485097508898747e+00 1.8485097144705360e+00 3.6419338655946376e-08
633 6.1767578125000000e-01 9.2316173568082693e-01 9.2316169993837704e-01 3.5742449888687133e-08 9.2316170057218883e-01 9.2316169993837704e-01 6.3381178083687928e-10 1.8463234362530159e+00 1.8463233998767541e+00 3.6376261780546315e-08
634 6.1865234375000000e-01 9.2205988919178672e-01 9.2205985349198261e-01 3.5699804112887534e-08 9.2205985412502434e-01 9.2205985349198261e-01 6.3304173014699927e-10 1.8441197433168111e+00 1.8441197069839652e+00 3.6332845843034534e-08
635 6.1962890625000000e-01 9.2094936392374271e-01 9.2094932826708265e-01 3.5656660068994483e-08 9.2094932889950742e-01 9.2094932826708265e-01 6.3242477921221507e-10 1.8418986928232501e+00 1.8418986565341653e+00 3.6289084848206699e-08
636 6.2060546875000000e-01 9.1983017033002945e-01 9.1983013471636355e-01 3.5613665905209757e-08 9.1983013534767777e-01 9.1983013471636355e-01 6.3131422312068253e-10 1.8396603056777072e+00 1.8396602694327271e+00 3.6244980128330440e-08
637 6.2158203125000000e-01 9.1870231894400978e-01 9.1870228337410154e-01 3.5569908241050996e-08 9.1870228400472520e-01 9.1870228337410154e-01 6.3062366439936568e-10 1.8374046029487350e+00 1.8374045667482031e+00 3.6200531905450362e-08
638 6.2255859375000000e-01 9.1756582038171797e-01 9.1756578485606255e-01 3.5525655417423252e-08 9.1756578548615575e-01 9.1756578485606255e-01 6.3009319983819978e-10 1.8351316058678737e+00 1.8351315697121251e+00 3.6155748617261452e-08
639 6.2353515625000000e-01 9.1642068534079990e-01 9.1642064985940397e-01 3.5481395932457360e-08 9.1642065048863630e-01 9.1642064985940397e-01 6.2923233290490543e-10 1.8328413358294362e+00 1.8328412997188079e+00 3.6110628265362266e-08
640 6.2451171875000000e-01 9.1526692459925718e-01 9.1526688916257204e-01 3.5436685141831958e-08 9.1526688979105142e-01 9.1526688916257204e-01 6.2847937964960465e-10 1.8305338143903085e+00 1.8305337783251441e+00 3.6065164410459261e-08
641 6.2548828125000000e-01 9.1410454901700355e-01 9.1410451362520229e-01 3.5391801267437017e-08 9.1410451425276151e-01 9.1410451362520229e-01 6.2755922680679532e-10 1.8282090632697652e+00 1.8282090272504046e+00 3.6019360605266115e-08
642 6.2646484375000000e-01 9.1293356953434013e-01 9.1293353418801559e-01 3.5346324533946927e-08 9.1293353481491191e-01 9.1293353418801559e-01 6.2689631263879164e-10 1.8258671043492520e+00 1.8258670683760312e+00 3.5973220846585718e-08
643 6.2744140625000000e-01 9.1175399717364303e-01 9.1175396187271662e-01 3.5300926404246979e-08 9.1175396249853424e-01 9.1175396187271662e-01 6.2581761994806584e-10 1.8235079596721773e+00 1.8235079237454332e+00 3.5926744024195045e-08
644 6.2841796875000000e-01 9.1056584303661969e-01 9.1056580778188900e-01 3.5254730690326141e-08 9.1056580840708801e-01 9.1056580778188900e-01 6.2519900367874470e-10 1.8211316514437077e+00 1.8211316155637780e+00 3.5879929694004886e-08
645 6.2939453125000000e-01 9.0936911830721168e-01 9.0936908309889175e-01 3.5208319926205434e-08 9.0936908372334890e-01 9.0936908309889175e-01 6.2445715265369017e-10 1.8187382020305605e+00 1.8187381661977835e+00 3.5832776967836821e-08
646 6.3037109375000000e-01 9.0816383424936664e-01 9.0816379908775335e-01 3.5161613287648663e-08 9.0816379971142691e-01 9.0816379908775335e-01 6.2367355724290974e-10 1.8163276339607934e+00 1.8163275981755067e+00 3.5785286733869270e-08
647 6.3134765625000000e-01 9.0695000220784916e-01 9.0694996709306575e-01 3.5114783414336159e-08 9.0694996771574243e-01 9.0694996709306575e-01 6.2267668798909881e-10 1.8138999699235916e+00 1.8138999341861315e+00 3.5737460102325258e-08
648 6.3232421875000000e-01 9.0572763360757469e-01 9.0572759853987816e-01 3.5067696524393455e-08 9.0572759916148027e-01 9.0572759853987816e-01 6.2160210312356412e-10 1.8114552327690550e+00 1.8114551970797563e+00 3.5689298627517019e-08
649 6.3330078125000000e-01 9.0449673995336632e-01 9.0449670493358880e-01 3.5019777522293793e-08 9.0449670555461337e-01 9.0449670493358880e-01 6.2102456510615411e-10 1.8089934455079797e+00 1.8089934098671776e+00 3.5640802087399948e-08
650 6.3427734375000000e-01 9.0325733283137200e-01 9.0325729785983744e-01 3.4971534557115547e-08 9.0325729848026959e-01 9.0325729785983744e-01 6.2043215010021413e-10 1.8065146313116416e+00 1.8065145957196749e+00 3.5591966707215761e-08
651 6.3525390625000000e-01 9.0200942390799033e-01 9.0200938898439487e-01 3.4923595459979140e-08 9.0200938960359900e-01 9.0200938898439487e-01 6.1920413241267624e-10 1.8040188135115893e+00 1.8040187779687897e+00 3.5542799592391816e-08
652 6.3623046875000000e-01 9.0075302492796705e-01 9.0075299005305520e-01 3.4874911847282419e-08 9.0075299067143610e-01 9.0075299005305520e-01 6.1838090203991669e-10 1.8015060155994032e+00 1.8015059801061104e+00 3.5493292749322336e-08
653 6.3720703125000000e-01 8.9948814771739638e-01 8.9948811289152331e-01 3.4825873074240121e-08 8.9948811350910651e-01 8.9948811289152331e-01 6.1758320679672352e-10 1.7989762612265028e+00 1.7989762257830466e+00 3.5443456170014542e-08
654 6.3818359375000000e-01 8.9821480418178301e-01 8.9821476940530520e-01 3.4776477808584616e-08 8.9821477002211103e-01 8.9821476940530520e-01 6.1680582863488098e-10 1.7964295742038940e+00 1.7964295388106104e+00 3.5393283637219497e-08
655 6.3916015625000000e-01 8.9693300630631145e-01 8.9693297157959428e-01 3.4726717168531707e-08 8.9693297219565427e-01 8.9693297157959428e-01 6.1605998080693780e-10 1.7938659785019657e+00 1.7938659431591886e+00 3.5342777149338644e-08
656 6.4013671875000000e-01 8.9564276615623195e-01 8.9564273147915996e-01 3.4677071991673358e-08 8.9564273209402478e-01 8.9564273147915996e-01 6.1486482572092882e-10 1.7912854982502568e+00 1.7912854629583199e+00 3.5291936928416590e-08
657 6.4111328125000000e-01 8.9434409587480335e-01 8.9434406124823373e-01 3.4626569611617697e-08 8.9434406186242610e-01 8.9434406124823373e-01 6.1419236363491336e-10 1.7886881577372296e+00 1.7886881224964675e+00 3.5240762086274913e-08
658 6.4208984375000000e-01 8.9303700768641769e-01 8.9303697311039421e-01 3.4576023488774865e-08 8.9303697372362523e-01 8.9303697311039421e-01 6.1323102151789044e-10 1.7860739814100430e+00 1.7860739462207884e+00 3.5189254621315058e-08
659 6.4306640625000000e-01 8.9172151389380427e-01 8.9172147936845247e-01 3.4525351799707948e-08 8.9172147998051621e-01 8.9172147936845247e-01 6.1206373302979955e-10 1.7834429938743206e+00 1.7834429587369049e+00 3.5137415643760050e-08
660 6.4404296875000000e-01 8.9039762687818891e-01 8.9039759240433702e-01 3.4473851884264661e-08 8.9039759301573262e-01 8.9039759240433702e-01 6.1139560081358013e-10 1.7807952198939216e+00 1.7807951848086740e+00 3.5085247596100544e-08
661 6.4501953125000000e-01 8.8906535910135687e-01 8.8906532467897614e-01 3.4422380723597712e-08 8.8906532528934101e-01 8.8906532467897614e-01 6.1036486975751814e-10 1.7781306843906979e+00 1.7781306493579523e+00 3.5032745593355230e-08
662 6.4599609375000000e-01 8.8772472310257045e-01 8.8772468873218080e-01 3.4370389645488331e-08 8.8772468934171278e-01 8.8772468873218080e-01 6.0953198044444434e-10 1.7754494124442832e+00 1.7754493774643616e+00 3.4979921625932775e-08
663 6.4697265625000000e-01 8.8637573150062421e-01 8.8637569718252718e-01 3.4318097030805461e-08 8.8637569779119396e-01 8.8637569718252718e-01 6.0866678364135396e-10 1.7727514292918181e+00 1.7727513943650544e+00 3.4926763703424513e-08
664 6.4794921875000000e-01 8.8501839699263429e-01 8.8501836272723766e-01 3.4265396631205647e-08 8.8501836333512163e-01 8.8501836272723766e-01 6.0788396538669076e-10 1.7700367603277560e+00 1.7700367254544753e+00 3.4873280707614640e-08
665 6.4892578125000000e-01 8.8365273235487096e-01 8.8365269814206115e-01 3.4212809807421252e-08 8.8365269874871721e-01 8.8365269814206115e-01 6.0665605872145534e-10 1.7673054311035883e+00 1.7673053962841223e+00 3.4819465977165009e-08
666 6.4990234375000000e-01 8.8227875044054505e-01 8.8227871628115262e-01 3.4159392425792134e-08 8.8227871688708581e-01 8.8227871628115262e-01 6.0593319251012190e-10 1.7645574673276307e+00 1.7645574325623052e+00 3.4765325507279954e-08
667 6.5087890625000000e-01 8.8089646418297474e-01 8.8089643007695229e-01 3.4106022450686169e-08 8.8089643068178702e-01 8.8089643007695229e-01 6.0483473784955777e-10 1.7617928948647616e+00 1.7617928601539046e+00 3.4710857077513424e-08
668 6.5185546875000000e-01 8.7950588659224782e-01 8.7950585254006508e-01 3.4052182740218484e-08 8.7950585314394270e-01 8.7950585254006508e-01 6.0387761458002842e-10 1.7590117397361906e+00 1.7590117050801302e+00 3.4656060465820815e-08
669 6.5283203125000000e-01 8.7810703075722707e-01 8.7810699675913606e-01 3.3998091009124209e-08 8.7810699736198505e-01 8.7810699675913606e-01 6.0284899294771321e-10 1.7562140281192122e+00 1.7562139935182721e+00 3.4600940113094225e-08
670 6.5380859375000000e-01 8.7669990984429536e-01 8.7669987590072818e-01 3.3943567179228751e-08 8.7669987650265546e-01 8.7669987590072818e-01 6.0192728579266941e-10 1.7533997863469508e+00 1.7533997518014564e+00 3.4545494465021420e-08
671 6.5478515625000000e-01 8.7528453709799980e-01 8.7528450320919959e-01 3.3888800210490899e-08 8.7528450381011580e-01 8.7528450320919959e-01 6.0091620568414328e-10 1.7505690409081156e+00 1.7505690064183992e+00 3.4489716416175042e-08
672 6.5576171875000000e-01 8.7386092584038788e-01 8.7386089200657668e-01 3.3833811197148123e-08 8.7386089260638367e-01 8.7386089200657668e-01 5.9980698186024028e-10 1.7477218184467715e+00 1.7477217840131534e+00 3.4433618179008363e-08
673 6.5673828125000000e-01 8.7242908947059461e-01 8.7242905569243034e-01 3.3778164265640953e-08 8.7242905629146672e-01 8.7242905569243034e-01 5.9903637605884796e-10 1.7448581457620613e+00 1.7448581113848607e+00 3.4377200641699801e-08
674 6.5771484375000000e-01 8.7098904146617151e-01 8.7098900774374899e-01 3.3722422521087481e-08 8.7098900834178727e-01 8.7098900774374899e-01 5.9803828555970995e-10 1.7419780498079587e+00 1.7419780154874980e+00 3.4320460695624888e-08
675 6.5869140625000000e-01 8.6954079538126761e-01 8.6954076171481298e-01 3.3666454624103892e-08 8.6954076231175681e-01 8.6954076171481298e-01 5.9694382770203447e-10 1.7390815576930243e+00 1.7390815234296260e+00 3.4263398340783624e-08
676 6.5966796875000000e-01 8.6808436484703622e-01 8.6808433123706497e-01 3.3609971250569970e-08 8.6808433183310640e-01 8.6808433123706497e-01 5.9604143842761914e-10 1.7361686966801426e+00 1.7361686624741299e+00 3.4206012688997589e-08
677 6.6064453125000000e-01 8.6661976357222859e-01 8.6661973001898363e-01 3.3553244960238260e-08 8.6661973061404418e-01 8.6661973001898363e-01 5.9506055638536282e-10 1.7332394941862728e+00 1.7332394600379673e+00 3.4148305516623623e-08
678 6.6162109375000000e-01 8.6514700534216538e-01 8.6514697184595302e-01 3.3496212359374056e-08 8.6514697244001637e-01 8.6514697184595302e-01 5.9406335406464450e-10 1.7302939777821817e+00 1.7302939436919060e+00 3.4090275713438700e-08
679 6.6259765625000000e-01 8.6366610401901944e-01 8.6366607058013434e-01 3.3438885105319116e-08 8.6366607117317096e-01 8.6366607058013434e-01 5.9303661981147116e-10 1.7273321751921904e+00 1.7273321411602687e+00 3.4031921725130587e-08
680 6.6357421875000000e-01 8.6217707354153506e-01 8.6217704016033414e-01 3.3381200914561759e-08 8.6217704075237800e-01 8.6217704016033414e-01 5.9204385838285134e-10 1.7243541142939129e+00 1.7243540803206683e+00 3.3973244661922308e-08
681 6.6455078125000000e-01 8.6067992792514947e-01 8.6067989460187377e-01 3.3323275694385757e-08 8.6067989519284716e-01 8.6067989460187377e-01 5.9097338134250776e-10 1.7213598231179965e+00 1.7213597892037475e+00 3.3914248964705962e-08
682 6.6552734375000000e-01 8.5917468126138130e-01 8.5917464799645760e-01 3.3264923704479088e-08 8.5917464858646853e-01 8.5917464799645760e-01 5.9001092900246022e-10 1.7183493298478498e+00 1.7183492959929152e+00 3.3854934633481548e-08
683 6.6650390625000000e-01 8.5766134771838187e-01 8.5766131451203997e-01 3.3206341898406322e-08 8.5766131510099763e-01 8.5766131451203997e-01 5.8895766041899833e-10 1.7153226628193794e+00 1.7153226290240799e+00 3.3795299447803018e-08
684 6.6748046875000000e-01 8.5613994154016448e-01 8.5613990839269161e-01 3.3147472877637085e-08 8.5613990898056525e-01 8.5613990839269161e-01 5.8787363865775433e-10 1.7122798505207297e+00 1.7122798167853832e+00 3.3735346516294840e-08
685 6.6845703125000000e-01 8.5461047704686366e-01 8.5461044395846653e-01 3.3088397133340663e-08 8.5461044454514445e-01 8.5461044395846653e-01 5.8667792846023303e-10 1.7092209215920082e+00 1.7092208879169331e+00 3.3675075172823199e-08
686 6.6943359375000000e-01 8.5307296863398963e-01 8.5307293560526665e-01 3.3028722978833969e-08 8.5307293619102542e-01 8.5307293560526665e-01 5.8575877481814587e-10 1.7061459048250152e+00 1.7061458712105333e+00 3.3614481864674417e-08
687 6.7041015625000000e-01 8.5152743077368476e-01 8.5152739780470621e-01 3.2968978547209815e-08 8.5152739838930169e-01 8.5152739780470621e-01 5.8459548313294363e-10 1.7030548291629866e+00 1.7030547956094124e+00 3.3553574141365061e-08
688 6.7138671875000000e-01 8.4997387801279622e-01 8.4997384510397522e-01 3.2908821001598199e-08 8.4997384568750389e-01 8.4997384510397522e-01 5.8352866982858131e-10 1.6999477237003000e+00 1.6999476902079504e+00 3.3492349560404477e-08
689 6.7236328125000000e-01 8.4841232497419528e-01 8.4841229212570346e-01 3.2848491815506975e-08 8.4841229270802121e-01 8.4841229212570346e-01 5.8231774957562266e-10 1.6968246176822164e+00 1.6968245842514069e+00 3.3430809454060295e-08
690 6.7333984375000000e-01 8.4684278635536958e-01 8.4684275356782246e-01 3.2787547121770899e-08 8.4684275414923038e-01 8.4684275356782246e-01 5.8140792180694234e-10 1.6936855405046001e+00 1.6936855071356449e+00 3.3368955154600144e-08
691 6.7431640625000000e-01 8.4526527692992959e-01 8.4526524420342697e-01 3.2726502618984910e-08 8.4526524478370912e-01 8.4526524420342697e-01 5.8028215565997243e-10 1.6905305217136388e+00 1.6905304884068539e+00 3.3306784885667184e-08
692 6.7529296875000000e-01 8.4367981154575500e-01 8.4367977888063539e-01 3.2665119609198712e-08 8.4367977945982042e-01 8.4367977888063539e-01 5.7918503326703785e-10 1.6873595910055754e+00 1.6873595577612708e+00 3.3244304642465750e-08
693 6.7626953125000000e-01 8.4208640512570143e-01 8.4208637252245189e-01 3.2603249544571611e-08 8.4208637310071421e-01 8.4208637252245189e-01 5.7826232691127188e-10 1.6841727782264155e+00 1.6841727450449038e+00 3.3181511760460580e-08
694 6.7724609375000000e-01 8.4048507266774575e-01 8.4048504012662351e-01 3.2541122241269704e-08 8.4048504070391039e-01 8.4048504012662351e-01 5.7728688496183622e-10 1.6809701133716561e+00 1.6809700802532470e+00 3.3118409126231541e-08
695 6.7822265625000000e-01 8.3887582924442539e-01 8.3887579676550073e-01 3.2478924660850339e-08 8.3887579734157114e-01 8.3887579676550073e-01 5.7607041359375444e-10 1.6777516265859966e+00 1.6777515935310015e+00 3.3054995185466396e-08
696 6.7919921875000000e-01 8.3725869000254916e-01 8.3725865758589457e-01 3.2416654582867466e-08 8.3725865816051315e-01 8.3725865758589457e-01 5.7461857494445212e-10 1.6745173481630622e+00 1.6745173151717891e+00 3.2991273046789615e-08
697 6.8017578125000000e-01 8.3563367016265089e-01 8.3563363780893551e-01 3.2353715373467651e-08 8.3563363838245897e-01 8.3563363780893551e-01 5.7352345095296187e-10 1.6712673085451097e+00 1.6712672756178710e+00 3.2927238713398310e-08
698 6.8115234375000000e-01 8.3400078502018560e-01 8.3400075272992824e-01 3.2290257356848429e-08 8.3400075330256751e-01 8.3400075272992824e-01 5.7263926933615039e-10 1.6680015383227531e+00 1.6680015054598565e+00 3.2862896626184579e-08
699 6.8212890625000000e-01 8.3236004994527835e-01 8.3236001771820911e-01 3.2227069235446493e-08 8.3236001828938477e-01 8.3236001771820911e-01 5.7117566232278705e-10 1.6647200682346632e+00 1.6647200354364182e+00 3.2798245008791582e-08
700 6.8310546875000000e-01 8.3071148037980946e-01 8.3071144821700060e-01 3.2162808860647374e-08 8.3071144878747860e-01 8.3071144821700060e-01 5.7047799817411260e-10 1.6614229291672880e+00 1.6614228964340012e+00 3.2733286747799184e-08
701 6.8408203125000000e-01 8.2905509184195691e-01 8.2905505974326721e-01 3.2098689706216987e-08 8.2905506031259579e-01 8.2905505974326721e-01 5.6932858427671817e-10 1.6581101521545527e+00 1.6581101194865344e+00 3.2668018290493706e-08
702 6.8505859375000000e-01 8.2739089992192794e-01 8.2739086788756788e-01 3.2034360053501132e-08 8.2739086845565013e-01 8.2739086788756788e-01 5.6808224790927397e-10 1.6547817683775781e+00 1.6547817357751358e+00 3.2602442301410406e-08
703 6.8603515625000000e-01 8.2571892028381022e-01 8.2571888831390972e-01 3.1969900504691395e-08 8.2571888888057154e-01 8.2571888831390972e-01 5.6666182857156855e-10 1.6514378091643818e+00 1.6514377766278194e+00 3.2536562333262964e-08
704 6.8701171875000000e-01 8.2403916866417692e-01 8.2403913675960216e-01 3.1904574759877846e-08 8.2403913732539891e-01 8.2403913675960216e-01 5.6579674279078063e-10 1.6480783059895758e+00 1.6480782735192043e+00 3.2470371502668627e-08
705 6.8798828125000000e-01 8.2235166087423561e-01 8.2235162903510572e-01 3.1839129888133755e-08 8.2235162959985730e-01 8.2235162903510572e-01 5.6475157883539850e-10 1.6447032904740930e+00 1.6447032580702114e+00 3.2403881577991456e-08
706 6.8896484375000000e-01 8.2065641279767165e-01 8.2065638102388638e-01 3.1773785269528787e-08 8.2065638158718690e-01 8.2065638102388638e-01 5.6330051734221342e-10 1.6413127943848584e+00 1.6413127620477728e+00 3.2337085675848698e-08
707 6.8994140625000000e-01 8.1895344039020379e-01 8.1895340868226341e-01 3.1707940384428923e-08 8.1895340924430549e-01 8.1895340868226341e-01 5.6204207954380081e-10 1.6379068496345093e+00 1.6379068173645268e+00 3.2269982463972724e-08
708 6.9091796875000000e-01 8.1724275968098503e-01 8.1724272803926168e-01 3.1641723352571205e-08 8.1724272860010694e-01 8.1724272803926168e-01 5.6084525912325489e-10 1.6344854882810920e+00 1.6344854560785234e+00 3.2202568611694460e-08
709 6.9189453125000000e-01 8.1552438677139372e-01 8.1552435519645872e-01 3.1574934999945015e-08 8.1552435575637983e-01 8.1552435519645872e-01 5.5992110947755691e-10 1.6310487425277735e+00 1.6310487103929174e+00 3.2134856109422572e-08
710 6.9287109375000000e-01 8.1379833783612288e-01 8.1379830632783379e-01 3.1508289088932884e-08 8.1379830688638599e-01 8.1379830632783379e-01 5.5855220448819409e-10 1.6275966447225088e+00 1.6275966126556676e+00 3.2066841182398775e-08
711 6.9384765625000000e-01 8.1206462912052757e-01 8.1206459767961692e-01 3.1440910652769105e-08 8.1206459823723143e-01 8.1206459767961692e-01 5.5761451012159569e-10 1.6241292273577590e+00 1.6241291953592338e+00 3.1998525162890701e-08
712 6.9482421875000000e-01 8.1032327694360196e-01 8.1032324557013358e-01 3.1373468378781411e-08 8.1032324612657358e-01 8.1032324557013358e-01 5.5644000518384473e-10 1.6206465230701754e+00 1.6206464911402672e+00 3.1929908272942953e-08
713 6.9580078125000000e-01 8.0857429769553912e-01 8.0857426638965335e-01 3.1305885772603403e-08 8.0857426694476020e-01 8.0857426638965335e-01 5.5510684937587484e-10 1.6171485646402992e+00 1.6171485327793067e+00 3.1860992510956976e-08
714 6.9677734375000000e-01 8.0681770783811912e-01 8.0681767660023396e-01 3.1237885167456625e-08 8.0681767715412367e-01 8.0681767660023396e-01 5.5388971187397829e-10 1.6136353849922429e+00 1.6136353532004679e+00 3.1791774990352906e-08
715 6.9775390625000000e-01 8.0505352390512663e-01 8.0505349273556814e-01 3.1169558489807514e-08 8.0505349328826203e-01 8.0505349273556814e-01 5.5269389065415453e-10 1.6101070171933887e+00 1.6101069854711363e+00 3.1722252380461669e-08
716 6.9873046875000000e-01 8.0328176250180650e-01 8.0328173140082582e-01 3.1100980679710233e-08 8.0328173195227781e-01 8.0328173140082582e-01 5.5145199517880883e-10 1.6065634944540843e+00 1.6065634628016516e+00 3.1652432674889042e-08
717 6.9970703125000000e-01 8.0150244030455930e-01 8.0150240927249961e-01 3.1032059699676040e-08 8.0150240982275855e-01 8.0150240927249961e-01 5.5025894951654664e-10 1.6030048501273177e+00 1.6030048185449992e+00 3.1582318538170284e-08
718 7.0068359375000000e-01 7.9971557406117244e-01 7.9971554309824677e-01 3.0962925667843422e-08 7.9971554364722697e-01 7.9971554309824677e-01 5.4898019463678338e-10 1.5994311177083995e+00 1.5994310861964935e+00 3.1511905973502508e-08
719 7.0166015625000000e-01 7.9792118059003914e-01 7.9792114969673278e-01 3.0893306357526740e-08 7.9792115024462318e-01 7.9792114969673278e-01 5.4789039971581133e-10 1.5958423308346623e+00 1.5958422993934656e+00 3.1441196757242551e-08
720 7.0263671875000000e-01 7.9611927678110495e-01 7.9611924595747141e-01 3.0823633534460271e-08 7.9611924650402888e-01 7.9611924595747141e-01 5.4655746595244636e-10 1.5922385232851339e+00 1.5922384919149428e+00 3.1370191111435020e-08
721 7.0361328125000000e-01 7.9430987959406918e-01 7.9430984884066669e-01 3.0753402491257020e-08 7.9430984938615701e-01 7.9430984884066669e-01 5.4549031958117666e-10 1.5886197289802262e+00 1.5886196976813334e+00 3.1298892810838197e-08
722 7.0458984375000000e-01 7.9249300606012707e-01 7.9249297537705399e-01 3.0683073082293788e-08 7.9249297592127754e-01 7.9249297537705399e-01 5.4422355511007936e-10 1.5849859819814047e+00 1.5849859507541080e+00 3.1227296748426170e-08
723 7.0556640625000000e-01 7.9066867328032053e-01 7.9066864266773784e-01 3.0612582690991985e-08 7.9066864321056074e-01 7.9066864266773784e-01 5.4282289774221226e-10 1.5813373164908813e+00 1.5813372853354757e+00 3.1155405588734197e-08
724 7.0654296875000000e-01 7.8883689842555016e-01 7.8883686788403262e-01 3.0541517537230334e-08 7.8883686842573530e-01 7.8883686788403262e-01 5.4170268271036548e-10 1.5776737668512855e+00 1.5776737357680652e+00 3.1083220219940699e-08
725 7.0751953125000000e-01 7.8699769873771896e-01 7.8699766826729989e-01 3.0470419076777944e-08 7.8699766880762234e-01 7.8699766826729989e-01 5.4032245344615148e-10 1.5739953675453413e+00 1.5739953365345998e+00 3.1010741530224095e-08
726 7.0849609375000000e-01 7.8515109152771789e-01 7.8515106112878752e-01 3.0398930372932398e-08 7.8515106166782611e-01 7.8515106112878752e-01 5.3903859154047495e-10 1.5703021531955441e+00 1.5703021222575750e+00 3.0937969075495175e-08
727 7.0947265625000000e-01 7.8329709417648974e-01 7.8329706384946496e-01 3.0327024780341105e-08 7.8329706438734481e-01 7.8329706384946496e-01 5.3787985176967368e-10 1.5665941585638345e+00 1.5665941276989299e+00 3.0864904632110779e-08
728 7.1044921875000000e-01 7.8143572413481899e-01 7.8143569387986056e-01 3.0254958427455847e-08 7.8143569441644911e-01 7.8143569387986056e-01 5.3658855136973216e-10 1.5628714185512682e+00 1.5628713877597211e+00 3.0791547089847882e-08
729 7.1142578125000000e-01 7.7956699892250614e-01 7.7956696873989695e-01 3.0182609189743914e-08 7.7956696927518798e-01 7.7956696873989695e-01 5.3529103372085274e-10 1.5591339681976941e+00 1.5591339374797939e+00 3.0717900223464767e-08
730 7.1240234375000000e-01 7.7769093612877327e-01 7.7769090601872781e-01 3.0110045456943624e-08 7.7769090655264583e-01 7.7769090601872781e-01 5.3391802090629881e-10 1.5553818426814190e+00 1.5553818120374556e+00 3.0643963366827620e-08
731 7.1337890625000000e-01 7.7580755341161400e-01 7.7580752337456926e-01 3.0037044740360841e-08 7.7580752390726071e-01 7.7580752337456926e-01 5.3269144650869293e-10 1.5516150773188748e+00 1.5516150467491385e+00 3.0569736297891836e-08
732 7.1435546875000000e-01 7.7391686849845986e-01 7.7391683853453608e-01 2.9963923786624491e-08 7.7391683906583619e-01 7.7391683853453608e-01 5.3130011501423269e-10 1.5478337075642961e+00 1.5478336770690722e+00 3.0495223901638724e-08
733 7.1533203125000000e-01 7.7201889918483846e-01 7.7201886929447450e-01 2.9890363961726507e-08 7.7201886982453616e-01 7.7201886929447450e-01 5.3006166123026333e-10 1.5440377690093747e+00 1.5440377385889490e+00 3.0420425733979073e-08
734 7.1630859375000000e-01 7.7011366333534437e-01 7.7011363351879358e-01 2.9816550783934304e-08 7.7011363404758315e-01 7.7011363351879358e-01 5.2878956768864782e-10 1.5402272973829274e+00 1.5402272670375872e+00 3.0345340240600649e-08
735 7.1728515625000000e-01 7.6820117888288131e-01 7.6820114914029791e-01 2.9742583396163980e-08 7.6820114966768127e-01 7.6820114914029791e-01 5.2738335920565760e-10 1.5364023285505626e+00 1.5364022982805958e+00 3.0269966755369637e-08
736 7.1826171875000000e-01 7.6628146382820306e-01 7.6628143416001870e-01 2.9668184353681681e-08 7.6628143468614018e-01 7.6628143416001870e-01 5.2612147971586865e-10 1.5325628985143434e+00 1.5325628683200374e+00 3.0194305944419852e-08
737 7.1923828125000000e-01 7.6435453624062599e-01 7.6435450664704496e-01 2.9593581030162852e-08 7.6435450717182674e-01 7.6435450664704496e-01 5.2478177359205347e-10 1.5287090434124528e+00 1.5287090132940899e+00 3.0118362914777208e-08
738 7.2021484375000000e-01 7.6242041425711771e-01 7.6242038473835194e-01 2.9518765765068622e-08 7.6242038526172051e-01 7.6242038473835194e-01 5.2336857070400811e-10 1.5248407995188382e+00 1.5248407694767039e+00 3.0042134335772630e-08
739 7.2119140625000000e-01 7.6047911608214147e-01 7.6047908663863184e-01 2.9443509630411313e-08 7.6047908716074542e-01 7.6047908663863184e-01 5.2211357459697183e-10 1.5209582032428868e+00 1.5209581732772637e+00 2.9965623093985982e-08
740 7.2216796875000000e-01 7.5853065998811775e-01 7.5853063062012138e-01 2.9367996368101501e-08 7.5853063114095332e-01 7.5853063062012138e-01 5.2083193313734455e-10 1.5170612911290711e+00 1.5170612612402428e+00 2.9888828301238846e-08
741 7.2314453125000000e-01 7.5657506431465738e-01 7.5657503502243106e-01 2.9292226311206093e-08 7.5657503554195682e-01 7.5657503502243106e-01 5.1952575574887305e-10 1.5131500998566141e+00 1.5131500700448621e+00 2.9811751955932664e-08
742 7.2412109375000000e-01 7.5461234746858452e-01 7.5461231825237129e-01 2.9216213226490595e-08 7.5461231877055113e-01 7.5461231825237129e-01 5.1817983237611998e-10 1.5092246662391355e+00 1.5092246365047426e+00 2.9734392947844412e-08
743 7.2509765625000000e-01 7.5264252792376252e-01 7.5264249878377965e-01 2.9139982871129178e-08 7.5264249930055327e-01 7.5264249878377965e-01 5.1677362389312975e-10 1.5052850272243159e+00 1.5052849975675593e+00 2.9656756606044610e-08
744 7.2607421875000000e-01 7.5066562422092664e-01 7.5066559515734754e-01 2.9063579098931314e-08 7.5066559567260882e-01 7.5066559515734754e-01 5.1526127808898536e-10 1.5013312198935354e+00 1.5013311903146951e+00 2.9578840265997997e-08
745 7.2705078125000000e-01 7.4868165496697769e-01 7.4868162598044452e-01 2.8986533173736007e-08 7.4868162649455516e-01 7.4868162598044452e-01 5.1411064294626385e-10 1.4973632814615327e+00 1.4973632519608890e+00 2.9500643705659968e-08
746 7.2802734375000000e-01 7.4669063883645648e-01 7.4669060992694414e-01 2.8909512339581056e-08 7.4669061043960017e-01 7.4669060992694414e-01 5.1265602873939997e-10 1.4933812492760565e+00 1.4933812198538883e+00 2.9422168257298154e-08
747 7.2900390625000000e-01 7.4469259456917980e-01 7.4469256573704756e-01 2.8832132237255337e-08 7.4469256624832858e-01 7.4469256573704756e-01 5.1128101752340172e-10 1.4893851608175084e+00 1.4893851314740951e+00 2.9343413254778739e-08
748 7.2998046875000000e-01 7.4268754097151146e-01 7.4268751221710805e-01 2.8754403413877583e-08 7.4268751272708766e-01 7.4268751221710805e-01 5.0997961409393611e-10 1.4853750536985992e+00 1.4853750244342161e+00 2.9264383138993821e-08
749 7.3095703125000000e-01 7.4067549691599466e-01 7.4067546823945285e-01 2.8676541807826084e-08 7.4067546874798618e-01 7.4067546823945285e-01 5.0853332655975692e-10 1.4813509656639807e+00 1.4813509364789057e+00 2.9185075023363538e-08
750 7.3193359375000000e-01 7.3865648134045547e-01 7.3865645274220604e-01 2.8598249435241030e-08 7.3865645324944862e-01 7.3865645274220604e-01 5.0724258127132771e-10 1.4773129345899041e+00 1.4773129054844121e+00 2.9105492016512358e-08
751 7.3291015625000000e-01 7.3663051324899564e-01 7.3663048472911008e-01 2.8519885564293190e-08 7.3663048523485597e-01 7.3663048472911008e-01 5.0574588961183053e-10 1.4732609984838516e+00 1.4732609694582202e+00 2.9025631453905021e-08
752 7.3388671875000000e-01 7.3459761171043358e-01 7.3459758326934810e-01 2.8441085486718976e-08 7.3459758377375595e-01 7.3459758326934810e-01 5.0440784882255230e-10 1.4691951954841895e+00 1.4691951665386962e+00 2.8945493335541528e-08
753 7.3486328125000000e-01 7.3255779585941894e-01 7.3255776749736268e-01 2.8362056259112478e-08 7.3255776800038819e-01 7.3255776749736268e-01 5.0302551013459151e-10 1.4651155638598072e+00 1.4651155349947254e+00 2.8865081880269372e-08
754 7.3583984375000000e-01 7.3051108489547512e-01 7.3051105661267635e-01 2.8282798769652118e-08 7.3051105711427589e-01 7.3051105661267635e-01 5.0159953968176296e-10 1.4610221420097509e+00 1.4610221132253527e+00 2.8784398198311578e-08
755 7.3681640625000000e-01 7.2845749808290539e-01 7.2845746987971205e-01 2.8203193336295840e-08 7.2845747037995712e-01 7.2845746987971205e-01 5.0024506759172027e-10 1.4569149684628626e+00 1.4569149397594241e+00 2.8703438514909863e-08
756 7.3779296875000000e-01 7.2639705475109773e-01 7.2639702662761008e-01 2.8123487649800438e-08 7.2639702712632948e-01 7.2639702662761008e-01 4.9871939911128038e-10 1.4527940818774272e+00 1.4527940532552202e+00 2.8622207048911719e-08
757 7.3876953125000000e-01 7.2432977429348611e-01 7.2432974625004676e-01 2.8043439348479637e-08 7.2432974674731110e-01 7.2432974625004676e-01 4.9726434081520665e-10 1.4486595210407973e+00 1.4486594925000935e+00 2.8540703800317146e-08
758 7.3974609375000000e-01 7.2225567616804798e-01 7.2225564820505217e-01 2.7962995807762070e-08 7.2225564870098580e-01 7.2225564820505217e-01 4.9593362749789094e-10 1.4445113248690338e+00 1.4445112964101043e+00 2.8458929435259961e-08
759 7.4072265625000000e-01 7.2017477989723511e-01 7.2017475201482750e-01 2.7882407604984394e-08 7.2017475250930452e-01 7.2017475201482750e-01 4.9447701488958273e-10 1.4403495324065396e+00 1.4403495040296550e+00 2.8376884619873977e-08
760 7.4169921875000000e-01 7.1808710506714146e-01 7.1808707726556009e-01 2.7801581370390238e-08 7.1808707775854874e-01 7.1808707726556009e-01 4.9298864990277025e-10 1.4361741828256902e+00 1.4361741545311202e+00 2.8294570020293008e-08
761 7.4267578125000000e-01 7.1599267132776701e-01 7.1599264360723969e-01 2.7720527318031429e-08 7.1599264409870123e-01 7.1599264360723969e-01 4.9146153813239835e-10 1.4319853154264681e+00 1.4319852872144794e+00 2.8211988745141525e-08
762 7.4365234375000000e-01 7.1389149839233790e-01 7.1389147075347326e-01 2.7638864641410521e-08 7.1389147124374797e-01 7.1389147075347326e-01 4.9027470971907405e-10 1.4277829696360858e+00 1.4277829415069465e+00 2.8129139240107293e-08
763 7.4462890625000000e-01 7.1178360603860447e-01 7.1178357848130036e-01 2.7557304105307878e-08 7.1178357897002165e-01 7.1178357848130036e-01 4.8872128566301853e-10 1.4235671850086260e+00 1.4235671569626007e+00 2.8046025279948594e-08
764 7.4560546875000000e-01 7.0966901410627958e-01 7.0966898663100586e-01 2.7475273722821214e-08 7.0966898711837723e-01 7.0966898663100586e-01 4.8737136548737681e-10 1.4193380012246568e+00 1.4193379732620117e+00 2.7962645088308591e-08
765 7.4658203125000000e-01 7.0754774249894203e-01 7.0754771510593306e-01 2.7393008972254052e-08 7.0754771559191754e-01 7.0754771510593306e-01 4.8598447488501506e-10 1.4150954580908595e+00 1.4150954302118661e+00 2.7878993336116764e-08
766 7.4755859375000000e-01 7.0541981118300678e-01 7.0541978387229809e-01 2.7310708694550101e-08 7.0541978435666575e-01 7.0541978387229809e-01 4.8436765709425345e-10 1.4108395955396724e+00 1.4108395677445962e+00 2.7795076240622052e-08
767 7.4853515625000000e-01 7.0328524018710947e-01 7.0328521295899982e-01 2.7228109655830224e-08 7.0328521344178307e-01 7.0328521295899982e-01 4.8278325781581088e-10 1.4065704536288925e+00 1.4065704259179996e+00 2.7710892913646035e-08
768 7.4951171875000000e-01 7.0114404960244614e-01 7.0114402245743268e-01 2.7145013459239919e-08 7.0114402293886224e-01 7.0114402245743268e-01 4.8142956288188543e-10 1.4022880725413085e+00 1.4022880449148654e+00 2.7626443133144107e-08
769 7.5048828125000000e-01 6.9899625958313394e-01 6.9899623252129672e-01 2.7061837215569540e-08 6.9899623300119151e-01 6.9899623252129672e-01 4.7989479057264361e-10 1.3979924925843255e+00 1.3979924650425934e+00 2.7541732006142183e-08
770 7.5146484375000000e-01 6.9684189034481792e-01 6.9684186336640963e-01 2.6978408285138755e-08 6.9684186384475966e-01 6.9684186336640963e-01 4.7835002625618017e-10 1.3936837541895777e+00 1.3936837267328193e+00 2.7456758422417238e-08
771 7.5244140625000000e-01 6.9468096216494657e-01 6.9468093527051389e-01 2.6894432680890645e-08 6.9468093574760315e-01 6.9468093527051389e-01 4.7708925698941584e-10 1.3893618979125497e+00 1.3893618705410278e+00 2.7371521937880061e-08
772 7.5341796875000000e-01 6.9251349538361984e-01 6.9251346857308771e-01 2.6810532127719000e-08 6.9251346904857958e-01 6.9251346857308771e-01 4.7549186810158517e-10 1.3850269644321993e+00 1.3850269371461754e+00 2.7286023884798283e-08
773 7.5439453125000000e-01 6.9033951040148955e-01 6.9033948367515297e-01 2.6726336588289712e-08 6.9033948414908586e-01 6.9033948367515297e-01 4.7393289293040652e-10 1.3806789945505753e+00 1.3806789673503059e+00 2.7200269370197816e-08
774 7.5537109375000000e-01 6.8815902768099313e-01 6.8815900103908401e-01 2.6641909123270580e-08 6.8815900151142850e-01 6.8815900103908401e-01 4.7234449684907531e-10 1.3763180291924217e+00 1.3763180020781680e+00 2.7114253731141957e-08
775 7.5634765625000000e-01 6.8597206774543285e-01 6.8597204118841348e-01 2.6557019361383993e-08 6.8597204165937231e-01 6.8597204118841348e-01 4.7095882749204065e-10 1.3719441094048053e+00 1.3719440823768270e+00 2.7027978299898336e-08
776 7.5732421875000000e-01 6.8377865117965586e-01 6.8377862470764017e-01 2.6472015690615081e-08 6.8377862517706778e-01 6.8377862470764017e-01 4.6942760789647764e-10 1.3675572763567236e+00 1.3675572494152803e+00 2.6941443298511558e-08
777 7.5830078125000000e-01 6.8157879862870530e-01 6.8157877224203589e-01 2.6386669405020768e-08 6.8157877271001521e-01 6.8157877224203589e-01 4.6797932196085412e-10 1.3631575713387205e+00 1.3631575444840718e+00 2.6854648726981623e-08
778 7.5927734375000000e-01 6.7937253079861382e-01 6.7937250449744968e-01 2.6301164135489330e-08 6.7937250496388246e-01 6.7937250449744968e-01 4.6643278128755128e-10 1.3587450357624964e+00 1.3587450089948994e+00 2.6767597027799184e-08
779 7.6025390625000000e-01 6.7715986845541765e-01 6.7715984224011361e-01 2.6215304038679221e-08 6.7715984270509588e-01 6.7715984224011361e-01 4.6498227490587851e-10 1.3543197111605134e+00 1.3543196844802272e+00 2.6680286202562797e-08
780 7.6123046875000000e-01 6.7494083242590253e-01 6.7494080629644737e-01 2.6129455155121661e-08 6.7494080675971302e-01 6.7494080629644737e-01 4.6326564806520310e-10 1.3498816391856154e+00 1.3498816125928947e+00 2.6592720692164562e-08
781 7.6220703125000000e-01 6.7271544359590685e-01 6.7271541755286302e-01 2.6043043832579826e-08 6.7271541801471590e-01 6.7271541755286302e-01 4.6185288926636758e-10 1.3454308616106228e+00 1.3454308351057260e+00 2.6504896721846194e-08
782 7.6318359375000000e-01 6.7048372291203628e-01 6.7048369695556642e-01 2.5956469862364884e-08 6.7048369741591274e-01 6.7048369695556642e-01 4.6034631662195125e-10 1.3409674203279489e+00 1.3409673939111328e+00 2.6416816067964533e-08
783 7.6416015625000000e-01 6.6824569138010348e-01 6.6824566551036213e-01 2.5869741349104913e-08 6.6824566596910140e-01 6.6824566551036213e-01 4.5873926879380633e-10 1.3364913573492050e+00 1.3364913310207243e+00 2.6328480728921022e-08
784 7.6513671875000000e-01 6.6600137006504367e-01 6.6600134428245372e-01 2.5782589951894863e-08 6.6600134473975481e-01 6.6600134428245372e-01 4.5730108588770690e-10 1.3320027148047986e+00 1.3320026885649074e+00 2.6239891148804873e-08
785 7.6611328125000000e-01 6.6375078009162602e-01 6.6375075439624831e-01 2.5695377714463064e-08 6.6375075485191393e-01 6.6375075439624831e-01 4.5566561635013159e-10 1.3275015349435400e+00 1.3275015087924966e+00 2.6151043330813195e-08
786 7.6708984375000000e-01 6.6149394264293004e-01 6.6149391703515459e-01 2.5607775455682713e-08 6.6149391748932118e-01 6.6149391703515459e-01 4.5416659322228270e-10 1.3229878601322511e+00 1.3229878340703092e+00 2.6061941937882693e-08
787 7.6806640625000000e-01 6.5923087896142296e-01 6.5923085344138499e-01 2.5520037971737963e-08 6.5923085389393510e-01 6.5923085344138499e-01 4.5255010849842847e-10 1.3184617328553581e+00 1.3184617068827700e+00 2.5972588080236392e-08
788 7.6904296875000000e-01 6.5696161034763656e-01 6.5696158491575662e-01 2.5431879935311485e-08 6.5696158536685900e-01 6.5696158491575662e-01 4.5110237767431727e-10 1.3139231957144957e+00 1.3139231698315132e+00 2.5882982424008105e-08
789 7.7001953125000000e-01 6.5468615816112408e-01 6.5468613281748878e-01 2.5343635301489087e-08 6.5468613326697478e-01 6.5468613281748878e-01 4.4948600397276550e-10 1.3093722914280987e+00 1.3093722656349776e+00 2.5793121194439550e-08
790 7.7099609375000000e-01 6.5240454381917690e-01 6.5240451856400317e-01 2.5255173730087677e-08 6.5240451901183705e-01 6.5240451856400317e-01 4.4783388108982081e-10 1.3048090628310138e+00 1.3048090371280063e+00 2.5703007500155195e-08
791 7.7197265625000000e-01 6.5011678879681212e-01 6.5011676363072168e-01 2.5166090433792476e-08 6.5011676407727670e-01 6.5011676363072168e-01 4.4655501518775509e-10 1.3002335528740887e+00 1.3002335272614434e+00 2.5612645337957929e-08
792 7.7294921875000000e-01 6.4782291462824038e-01 6.4782288955086587e-01 2.5077374510296124e-08 6.4782288999552329e-01 6.4782288955086587e-01 4.4465742199406577e-10 1.2956458046237636e+00 1.2956457791017317e+00 2.5522031821267888e-08
793 7.7392578125000000e-01 6.4552294290340018e-01 6.4552291791525174e-01 2.4988148439319957e-08 6.4552291835827280e-01 6.4552291791525174e-01 4.4302106427807075e-10 1.2910458612616731e+00 1.2910458358305035e+00 2.5431169614620330e-08
794 7.7490234375000000e-01 6.4321689527060599e-01 6.4321687037208830e-01 2.4898517692051314e-08 6.4321687081362988e-01 6.4321687037208830e-01 4.4154158107545527e-10 1.2864337660842358e+00 1.2864337407441766e+00 2.5340059162104467e-08
795 7.7587890625000000e-01 6.4090479343542028e-01 6.4090476862677292e-01 2.4808647358653957e-08 6.4090476906682459e-01 6.4090476862677292e-01 4.4005166177640831e-10 1.2818095625022448e+00 1.2818095372535458e+00 2.5248698909408063e-08
796 7.7685546875000000e-01 6.3858665916027679e-01 6.3858663444168851e-01 2.4718588287342413e-08 6.3858663488018841e-01 6.3858663444168851e-01 4.3849990305488973e-10 1.2771732940404652e+00 1.2771732688833770e+00 2.5157088190397303e-08
797 7.7783203125000000e-01 6.3626251426444258e-01 6.3626248963599663e-01 2.4628445949304023e-08 6.3626249007278013e-01 6.3626248963599663e-01 4.3678349825881924e-10 1.2725250043372227e+00 1.2725249792719933e+00 2.5065229447562842e-08
798 7.7880859375000000e-01 6.3393238062334056e-01 6.3393235608543264e-01 2.4537907927779656e-08 6.3393235652064639e-01 6.3393235608543264e-01 4.3521375392430173e-10 1.2678647371439871e+00 1.2678647121708653e+00 2.4973121792726261e-08
799 7.7978515625000000e-01 6.3159628016909530e-01 6.3159625572210198e-01 2.4446993318605337e-08 6.3159625615587522e-01 6.3159625572210198e-01 4.3377323954985059e-10 1.2631925363249705e+00 1.2631925114442040e+00 2.4880766558155187e-08
800 7.8076171875000000e-01 6.2925423489039367e-01 6.2925421053427055e-01 2.4356123118352002e-08 6.2925421096631007e-01 6.2925421053427055e-01 4.3203951527459594e-10 1.2585084458567037e+00 1.2585084210685411e+00 2.4788162633626598e-08
801 7.8173828125000000e-01 6.2690626683088524e-01 6.2690624256615957e-01 2.4264725673184273e-08 6.2690624299674336e-01 6.2690624256615957e-01 4.3058379084470744e-10 1.2538125098276285e+00 1.2538124851323191e+00 2.4695309353006678e-08
802 7.8271484375000000e-01 6.2455239809107532e-01 6.2455237391773744e-01 2.4173337886956858e-08 6.2455237434661171e-01 6.2455237391773744e-01 4.2887426943138962e-10 1.2491047724376871e+00 1.2491047478354749e+00 2.4602212267410550e-08
803 7.8369140625000000e-01 6.2219265082626884e-01 6.2219262674451303e-01 2.4081755811700134e-08 6.2219262717162482e-01 6.2219262674451303e-01 4.2711179037979718e-10 1.2443852779978937e+00 1.2443852534890261e+00 2.4508867602079931e-08
804 7.8466796875000000e-01 6.1982704724703241e-01 6.1982702325732508e-01 2.3989707331750765e-08 6.1982702368289366e-01 6.1982702325732508e-01 4.2556858037556822e-10 1.2396540709299262e+00 1.2396540465146502e+00 2.4415276023148635e-08
805 7.8564453125000000e-01 6.1745560961953583e-01 6.1745558572213455e-01 2.3897401280059682e-08 6.1745558614616958e-01 6.1745558572213455e-01 4.2403502931165349e-10 1.2349111957657053e+00 1.2349111714442691e+00 2.4321436198349033e-08
806 7.8662109375000000e-01 6.1507836026479279e-01 6.1507833645981436e-01 2.3804978432906410e-08 6.1507833688218738e-01 6.1507833645981436e-01 4.2237302544378963e-10 1.2301566971469802e+00 1.2301566729196287e+00 2.4227351458350199e-08
807 7.8759765625000000e-01 6.1269532155832984e-01 6.1269529784594068e-01 2.3712389163321745e-08 6.1269529826657110e-01 6.1269529784594068e-01 4.2063041938433798e-10 1.2253906198249009e+00 1.2253905956918814e+00 2.4133019582706083e-08
808 7.8857421875000000e-01 6.1030651593009400e-01 6.1030649231057998e-01 2.3619514011308240e-08 6.1030649272950988e-01 6.1030649231057998e-01 4.1892989077751963e-10 1.2206130086596039e+00 1.2206129846211600e+00 2.4038443902085760e-08
809 7.8955078125000000e-01 6.0791196586439378e-01 6.0791194233807955e-01 2.3526314230082335e-08 6.0791194275538984e-01 6.0791194233807955e-01 4.1731029742919645e-10 1.2158239086197837e+00 1.2158238846761591e+00 2.3943624638533834e-08
810 7.9052734375000000e-01 6.0551169389962911e-01 6.0551167046685628e-01 2.3432772833231752e-08 6.0551167088264313e-01 6.0551167046685628e-01 4.1578684939480581e-10 1.2110233647822723e+00 1.2110233409337126e+00 2.3848559793648860e-08
811 7.9150390625000000e-01 6.0310572262850748e-01 6.0310569928918301e-01 2.3339324473070633e-08 6.0310569970311090e-01 6.0310569928918301e-01 4.1392789196237345e-10 1.2062114223316183e+00 1.2062113985783660e+00 2.3753252254010704e-08
812 7.9248046875000000e-01 6.0069407469618796e-01 6.0069405145097654e-01 2.3245211422384671e-08 6.0069405186346614e-01 6.0069405145097654e-01 4.1248959803397156e-10 1.2013881265596540e+00 1.2013881029019531e+00 2.3657700909396340e-08
813 7.9345703125000000e-01 5.9827677280278524e-01 5.9827674965158462e-01 2.3151200623239276e-08 5.9827675006228875e-01 5.9827674965158462e-01 4.1070413736576938e-10 1.1965535228650741e+00 1.1965534993031692e+00 2.3561904871627348e-08
814 7.9443359375000000e-01 5.9585383970042538e-01 5.9585381664357306e-01 2.3056852316294396e-08 5.9585381705258289e-01 5.9585381664357306e-01 4.0900982600788893e-10 1.1917076567530083e+00 1.1917076332871461e+00 2.3465862142302285e-08
815 7.9541015625000000e-01 5.9342529819453205e-01 5.9342527523250954e-01 2.2962022505623736e-08 5.9342527564006409e-01 5.9342527523250954e-01 4.0755454566721028e-10 1.1868505738345960e+00 1.1868505504650191e+00 2.3369576940268644e-08
816 7.9638671875000000e-01 5.9099117114414268e-01 5.9099114827675103e-01 2.2867391646919089e-08 5.9099114868240799e-01 5.9099114827675103e-01 4.0565695247352096e-10 1.1819823198265507e+00 1.1819822965535021e+00 2.3273048599392610e-08
817 7.9736328125000000e-01 5.8855148145932690e-01 5.8855145868722702e-01 2.2772099872447882e-08 5.8855145909140039e-01 5.8855145868722702e-01 4.0417336144571436e-10 1.1771029405507272e+00 1.1771029173744540e+00 2.3176273122871294e-08
818 7.9833984375000000e-01 5.8610625210397904e-01 5.8610622942722568e-01 2.2676753363981561e-08 5.8610622982972616e-01 5.8610622942722568e-01 4.0250047739220918e-10 1.1722124819337052e+00 1.1722124588544514e+00 2.3079253841373770e-08
819 7.9931640625000000e-01 5.8365550609340444e-01 5.8365548351217578e-01 2.2581228664719788e-08 5.8365548391293853e-01 5.8365548351217578e-01 4.0076275631406588e-10 1.1673109900063430e+00 1.1673109670243516e+00 2.2981991421033854e-08
820 8.0029296875000000e-01 5.8119926649492371e-01 5.8119924400943102e-01 2.2485492690016429e-08 5.8119924440842408e-01 5.8119924400943102e-01 3.9899306081281338e-10 1.1623985109033477e+00 1.1623984880188620e+00 2.2884485639806940e-08
821 8.0126953125000000e-01 5.7873755642757951e-01 5.7873753403805350e-01 2.2389526010968552e-08 5.7873753443526255e-01 5.7873753403805350e-01 3.9720904343454322e-10 1.1574750908628419e+00 1.1574750680761070e+00 2.2786734943380793e-08
822 8.0224609375000000e-01 5.7627039906169419e-01 5.7627037676859483e-01 2.2293099366521574e-08 5.7627037716423768e-01 5.7627037676859483e-01 3.9564285181370451e-10 1.1525407762259319e+00 1.1525407535371897e+00 2.2688742218335278e-08
823 8.0322265625000000e-01 5.7379781761953674e-01 5.7379779542287879e-01 2.2196657956108368e-08 5.7379779581672452e-01 5.7379779542287879e-01 3.9384573380374377e-10 1.1475956134362613e+00 1.1475955908457576e+00 2.2590503689912111e-08
824 8.0419921875000000e-01 5.7131983537353703e-01 5.7131981327378223e-01 2.2099754803939220e-08 5.7131981366604923e-01 5.7131981327378223e-01 3.9226699666272680e-10 1.1426396490395863e+00 1.1426396265475645e+00 2.2492021800601947e-08
825 8.0517578125000000e-01 5.6883647564767814e-01 5.6883645364501789e-01 2.2002660249320627e-08 5.6883645403564942e-01 5.6883645364501789e-01 3.9063152712515148e-10 1.1376729296833274e+00 1.1376729072900358e+00 2.2393291665423476e-08
826 8.0615234375000000e-01 5.6634776181645907e-01 5.6634773991091170e-01 2.1905547376022128e-08 5.6634774029968227e-01 5.6634773991091170e-01 3.8877057129127479e-10 1.1326955021161413e+00 1.1326954798218234e+00 2.2294317947313402e-08
827 8.0712890625000000e-01 5.6385371730425793e-01 5.6385369549618525e-01 2.1808072681039903e-08 5.6385369588321033e-01 5.6385369549618525e-01 3.8702507865195912e-10 1.1277074131874683e+00 1.1277073909923705e+00 2.2195097759691862e-08
828 8.0810546875000000e-01 5.6135436558610974e-01 5.6135434387573402e-01 2.1710375719408148e-08 5.6135434426099173e-01 5.6135434387573402e-01 3.8525771461905833e-10 1.1227087098471014e+00 1.1227086877514680e+00 2.2095633323004904e-08
829 8.0908203125000000e-01 5.5884973018638551e-01 5.5884970857440808e-01 2.1611977429891738e-08 5.5884970895835506e-01 5.5884970857440808e-01 3.8394698531618587e-10 1.1176994391447406e+00 1.1176994171488162e+00 2.1995924415207924e-08
830 8.1005859375000000e-01 5.5633983468078896e-01 5.5633981316678860e-01 2.1514000358990870e-08 5.5633981354875628e-01 5.5633981316678860e-01 3.8196767970788414e-10 1.1126796482295451e+00 1.1126796263335772e+00 2.1895967927676452e-08
831 8.1103515625000000e-01 5.5382470269250550e-01 5.5382468127696638e-01 2.1415539119828964e-08 5.5382468165719356e-01 5.5382468127696638e-01 3.8022718307217929e-10 1.1076493843496991e+00 1.1076493625539328e+00 2.1795766302901143e-08
832 8.1201171875000000e-01 5.5130435789515031e-01 5.5130433657832156e-01 2.1316828746620331e-08 5.5130433695680492e-01 5.5130433657832156e-01 3.7848335576740055e-10 1.1026086948519551e+00 1.1026086731566431e+00 2.1695311991365429e-08
833 8.1298828125000000e-01 5.4877882401126576e-01 5.4877880279329794e-01 2.1217967827169559e-08 5.4877880316994032e-01 5.4877880279329794e-01 3.7664238394796712e-10 1.0975576271812062e+00 1.0975576055865959e+00 2.1594610322139829e-08
834 8.1396484375000000e-01 5.4624812481167451e-01 5.4624810369318122e-01 2.1118493287453077e-08 5.4624810406835234e-01 5.4624810369318122e-01 3.7517111639573386e-10 1.0924962288800268e+00 1.0924962073863624e+00 2.1493664403848811e-08
835 8.1494140625000000e-01 5.4371228411718475e-01 5.4371226309787490e-01 2.1019309848213652e-08 5.4371226347103641e-01 5.4371226309787490e-01 3.7316150169885987e-10 1.0874245475882212e+00 1.0874245261957498e+00 2.1392471349912512e-08
836 8.1591796875000000e-01 5.4117132579528460e-01 5.4117130487567722e-01 2.0919607379710214e-08 5.4117130524710244e-01 5.4117130487567722e-01 3.7142522391064858e-10 1.0823426310423869e+00 1.0823426097513544e+00 2.1291032492598561e-08
837 8.1689453125000000e-01 5.3862527376256775e-01 5.3862525294305408e-01 2.0819513668612899e-08 5.3862525331288413e-01 5.3862525294305408e-01 3.6983005546886716e-10 1.0772505270754520e+00 1.0772505058861082e+00 2.1189343835104069e-08
838 8.1787109375000000e-01 5.3607415198386354e-01 5.3607413126441572e-01 2.0719447824113502e-08 5.3607413163237272e-01 5.3607413126441572e-01 3.6795699820402206e-10 1.0721482836162362e+00 1.0721482625288314e+00 2.1087404711295221e-08
839 8.1884765625000000e-01 5.3351798447093979e-01 5.3351796385189176e-01 2.0619048024528297e-08 5.3351796421806263e-01 5.3351796385189176e-01 3.6617087140200510e-10 1.0670359486890024e+00 1.0670359277037835e+00 2.0985218895930302e-08
840 8.1982421875000000e-01 5.3095679528351003e-01 5.3095677476510306e-01 2.0518406973479841e-08 5.3095677512947959e-01 5.3095677476510306e-01 3.6437652894960593e-10 1.0619135704129896e+00 1.0619135495302061e+00 2.0882783502429447e-08
841 8.2080078125000000e-01 5.2839060852839237e-01 5.2839058811093653e-01 2.0417455837140608e-08 5.2839058847357800e-01 5.2839058811093653e-01 3.6264147240672173e-10 1.0567811970019703e+00 1.0567811762218731e+00 2.0780097198525027e-08
842 8.2177734375000000e-01 5.2581944835944505e-01 5.2581942804331794e-01 2.0316127113950699e-08 5.2581942840434881e-01 5.2581942804331794e-01 3.6103087186489802e-10 1.0516388767637939e+00 1.0516388560866359e+00 2.0677157985815597e-08
843 8.2275390625000000e-01 5.2324333897786812e-01 5.2324331876298591e-01 2.0214882212599150e-08 5.2324331912206778e-01 5.2324331876298591e-01 3.5908187534516856e-10 1.0464866580999359e+00 1.0464866375259718e+00 2.0573964087944319e-08
844 8.2373046875000000e-01 5.2066230463028718e-01 5.2066228451726171e-01 2.0113025467338730e-08 5.2066228487475130e-01 5.2066228451726171e-01 3.5748959348325116e-10 1.0413245895050385e+00 1.0413245690345234e+00 2.0470515060821981e-08
845 8.2470703125000000e-01 5.1807636961110082e-01 5.1807634959982263e-01 2.0011278190068538e-08 5.1807634995535656e-01 5.1807634959982263e-01 3.5553393562537394e-10 1.0361527195664575e+00 1.0361526991996453e+00 2.0366812236716214e-08
846 8.2568359375000000e-01 5.1548555825954023e-01 5.1548553835047262e-01 1.9909067616730169e-08 5.1548553870425806e-01 5.1548553835047262e-01 3.5378544538389178e-10 1.0309710969637984e+00 1.0309710767009452e+00 2.0262853173136364e-08
847 8.2666015625000000e-01 5.1288989496159054e-01 5.1288987515491447e-01 1.9806676077038787e-08 5.1288987550687115e-01 5.1288987515491447e-01 3.5195668601772923e-10 1.0257797704684617e+00 1.0257797503098289e+00 2.0158632763056517e-08
848 8.2763671875000000e-01 5.1028940414829904e-01 5.1028938444451855e-01 1.9703780496094225e-08 5.1028938479489494e-01 5.1028938444451855e-01 3.5037639456447778e-10 1.0205787889431939e+00 1.0205787688890371e+00 2.0054156779636401e-08
849 8.2861328125000000e-01 5.0768411029681337e-01 5.0768409069609333e-01 1.9600720047030507e-08 5.0768409104479395e-01 5.0768409069609333e-01 3.4870062393110857e-10 1.0153682013416074e+00 1.0153681813921867e+00 1.9949420781983918e-08
850 8.2958984375000000e-01 5.0507403792952799e-01 5.0507401843165656e-01 1.9497871428519886e-08 5.0507401877821179e-01 5.0507401843165656e-01 3.4655522895832291e-10 1.0101480567077399e+00 1.0101480368633131e+00 1.9844426768500512e-08
851 8.3056640625000000e-01 5.0245921161231633e-01 5.0245919221820201e-01 1.9394114314508215e-08 5.0245919256326144e-01 5.0245919221820201e-01 3.4505942547724544e-10 1.0049184041755779e+00 1.0049183844364040e+00 1.9739173851007763e-08
852 8.3154296875000000e-01 4.9983965595784891e-01 4.9983963666746978e-01 1.9290379127401280e-08 4.9983963701075629e-01 4.9983963666746978e-01 3.4328651032922153e-10 9.9967929296860514e-01 9.9967927333493956e-01 1.9633665582219351e-08
853 8.3251953125000000e-01 4.9721539562232259e-01 4.9721537643571428e-01 1.9186608302135255e-08 4.9721537677700406e-01 4.9721537643571428e-01 3.4128977421943318e-10 9.9443077239932665e-01 9.9443075287142857e-01 1.9527898076354688e-08
854 8.3349609375000000e-01 4.9458645530597295e-01 4.9458643622347287e-01 1.9082500080092046e-08 4.9458643656284124e-01 4.9458643622347287e-01 3.3936836674186566e-10 9.8917289186881419e-01 9.8917287244694574e-01 1.9421868446833912e-08
855 8.3447265625000000e-01 4.9195285975332342e-01 4.9195284077533152e-01 1.8977991900204216e-08 4.9195284111291593e-01 4.9195284077533152e-01 3.3758440487474672e-10 9.8390570086623930e-01 9.8390568155066305e-01 1.9315576249567812e-08
856 8.3544921875000000e-01 4.8931463375282708e-01 4.8931461487969374e-01 1.8873133333929815e-08 4.8931461521557856e-01 4.8931461487969374e-01 3.3588481995749930e-10 9.7862924896840564e-01 9.7862922975938749e-01 1.9209018153887314e-08
857 8.3642578125000000e-01 4.8667180213670541e-01 4.8667178336854600e-01 1.8768159415483154e-08 4.8667178370258007e-01 4.8667178336854600e-01 3.3403407817544917e-10 9.7334358583928549e-01 9.7334356673709199e-01 1.9102193493658604e-08
858 8.3740234375000000e-01 4.8402438978019247e-01 4.8402437111722585e-01 1.8662966616567189e-08 4.8402437144936022e-01 4.8402437111722585e-01 3.3213437555801306e-10 9.6804876122955275e-01 9.6804874223445170e-01 1.8995101047636354e-08
859 8.3837890625000000e-01 4.8137242160165705e-01 4.8137240304418505e-01 1.8557472003521980e-08 4.8137240337445258e-01 4.8137240304418505e-01 3.3026753554210586e-10 9.6274482497610969e-01 9.6274480608837010e-01 1.8887739594575237e-08
860 8.3935546875000000e-01 4.7871592256235007e-01 4.7871590411075698e-01 1.8451593086776796e-08 4.7871590443927331e-01 4.7871590411075698e-01 3.2851632525421337e-10 9.5743182700162333e-01 9.5743180822151397e-01 1.8780109356519858e-08
861 8.4033203125000000e-01 4.7605491766654651e-01 4.7605489932092193e-01 1.8345624575033526e-08 4.7605489964750336e-01 4.7605489932092193e-01 3.2658142856689665e-10 9.5210981731404987e-01 9.5210979864184386e-01 1.8672206003600422e-08
862 8.4130859375000000e-01 4.7338943196027933e-01 4.7338941372107007e-01 1.8239209254033995e-08 4.7338941404588963e-01 4.7338941372107007e-01 3.2481956013796776e-10 9.4677884600616902e-01 9.4677882744214015e-01 1.8564028869683113e-08
863 8.4228515625000000e-01 4.7071949053250856e-01 4.7071947239976702e-01 1.8132741530507701e-08 4.7071947272260350e-01 4.7071947239976702e-01 3.2283647977138230e-10 9.4143896325511212e-01 9.4143894479953405e-01 1.8455578065790235e-08
864 8.4326171875000000e-01 4.6804511851317160e-01 4.6804510048751696e-01 1.8025654635600574e-08 4.6804510080871164e-01 4.6804510048751696e-01 3.2119468196256662e-10 9.3609021932188319e-01 9.3609020097503393e-01 1.8346849262051990e-08
865 8.4423828125000000e-01 4.6536634107500841e-01 4.6536632315652765e-01 1.7918480754719468e-08 4.6536632347588969e-01 4.6536632315652765e-01 3.1936203681581787e-10 9.3073266455089809e-01 9.3073264631305530e-01 1.8237842791535286e-08
866 8.4521484375000000e-01 4.6268318343157133e-01 4.6268316562047107e-01 1.7811100261333479e-08 4.6268316593792702e-01 4.6268316562047107e-01 3.1745595041599017e-10 9.2536634936949835e-01 9.2536633124094214e-01 1.8128556211749469e-08
867 8.4619140625000000e-01 4.5999567083776760e-01 4.5999565313424789e-01 1.7703519705758453e-08 4.5999565344971549e-01 4.5999565313424789e-01 3.1546759649003775e-10 9.1999132428748309e-01 9.1999130626849579e-01 1.8018987302248490e-08
868 8.4716796875000000e-01 4.5730382858913710e-01 4.5730381099374878e-01 1.7595388313029758e-08 4.5730381130749859e-01 4.5730381099374878e-01 3.1374980391518648e-10 9.1460763989663563e-01 9.1460762198749757e-01 1.7909138061433794e-08
869 8.4814453125000000e-01 4.5460768202287227e-01 4.5460766453561785e-01 1.7487254422299259e-08 4.5460766484736687e-01 4.5460766453561785e-01 3.1174901549135825e-10 9.0921534687023908e-01 9.0921532907123570e-01 1.7799003382279466e-08
870 8.4912109375000000e-01 4.5190725651565217e-01 4.5190723913701208e-01 1.7378640082554853e-08 4.5190723944695710e-01 4.5190723913701208e-01 3.0994501409864483e-10 9.0381449596260932e-01 9.0381447827402417e-01 1.7688585152164649e-08
871 8.5009765625000000e-01 4.4920257748510184e-01 4.4920256021536331e-01 1.7269738528113976e-08 4.4920256052350571e-01 4.4920256021536331e-01 3.0814240048471220e-10 8.9840513800860755e-01 8.9840512043072662e-01 1.7577880928598688e-08
872 8.5107421875000000e-01 4.4649367038880455e-01 4.4649365322814050e-01 1.7160664056437014e-08 4.4649365353436232e-01 4.4649365322814050e-01 3.0622182567441314e-10 8.9298732392316693e-01 8.9298730645628099e-01 1.7466885937622578e-08
873 8.5205078125000000e-01 4.4378056072387706e-01 4.4378054367260744e-01 1.7051269618484355e-08 4.4378054397693761e-01 4.4378054367260744e-01 3.0433017217390557e-10 8.8756110470081473e-01 8.8756108734521488e-01 1.7355599846169412e-08
874 8.5302734375000000e-01 4.4106327402711948e-01 4.4106325708558447e-01 1.6941535008196951e-08 4.4106325738807139e-01 4.4106325708558447e-01 3.0248692439727165e-10 8.8212653141519093e-01 8.8212651417116894e-01 1.7244021988105374e-08
875 8.5400390625000000e-01 4.3834183587468090e-01 4.3834181904320757e-01 1.6831473326206492e-08 4.3834181934388194e-01 4.3834181904320757e-01 3.0067437428726862e-10 8.7668365521856284e-01 8.7668363808641514e-01 1.7132147700493761e-08
876 8.5498046875000000e-01 4.3561627188201202e-01 4.3561625516068880e-01 1.6721323214952122e-08 4.3561625545934285e-01 4.3561625516068880e-01 2.9865404593820699e-10 8.7123252734135481e-01 8.7123251032137761e-01 1.7019977205379178e-08
877 8.5595703125000000e-01 4.3288660770267628e-01 4.3288659109207300e-01 1.6610603281730363e-08 4.3288659138897850e-01 4.3288659109207300e-01 2.9690550018557360e-10 8.6577319909165484e-01 8.6577318218414601e-01 1.6907508837427088e-08
878 8.5693359375000000e-01 4.3015286902985239e-01 4.3015285252999802e-01 1.6499854371687661e-08 4.3015285282488297e-01 4.3015285252999802e-01 2.9488494979190705e-10 8.6030572185473542e-01 8.6030570505999604e-01 1.6794739376990719e-08
879 8.5791015625000000e-01 4.2741508159399533e-01 4.2741506520545192e-01 1.6388543411238743e-08 4.2741506549857533e-01 4.2741506520545192e-01 2.9312341442988554e-10 8.5483014709257066e-01 8.5483013041090383e-01 1.6681666825668628e-08
880 8.5888671875000000e-01 4.2467327116471748e-01 4.2467325488753244e-01 1.6277185044266673e-08 4.2467325517863558e-01 4.2467325488753244e-01 2.9110314159197515e-10 8.4934652634335306e-01 8.4934650977506487e-01 1.6568288185858648e-08
881 8.5986328125000000e-01 4.2192746354856286e-01 4.2192744738320215e-01 1.6165360716691168e-08 4.2192744767244739e-01 4.2192744738320215e-01 2.8924523887141618e-10 8.4385491122101031e-01 8.4385489476640430e-01 1.6454606011073736e-08
882 8.6083984375000000e-01 4.1917768459015187e-01 4.1917766853704663e-01 1.6053105234004050e-08 4.1917766882455665e-01 4.1917766853704663e-01 2.8751001579507829e-10 8.3835535341470857e-01 8.3835533707409327e-01 1.6340615305310280e-08
883 8.6181640625000000e-01 4.1642396017194810e-01 4.1642394423103241e-01 1.5940915698564595e-08 4.1642394451642917e-01 4.1642394423103241e-01 2.8539676177885553e-10 8.3284790468837722e-01 8.3284788846206481e-01 1.6226312404832299e-08
884 8.6279296875000000e-01 4.1366631621236377e-01 4.1366630038426100e-01 1.5828102772896813e-08 4.1366630066785698e-01 4.1366630038426100e-01 2.8359598003291353e-10 8.2733261688022075e-01 8.2733260076852200e-01 1.6111698752929726e-08
885 8.6376953125000000e-01 4.1090477866804292e-01 4.1090476295272649e-01 1.5715316437070470e-08 4.1090476323418035e-01 4.1090476295272649e-01 2.8145386021805052e-10 8.2180954190222333e-01 8.2180952590545298e-01 1.5996770352799672e-08
886 8.6474609375000000e-01 4.0813937353091756e-01 4.0813935792907063e-01 1.5601846925505924e-08 4.0813935820874864e-01 4.0813935792907063e-01 2.7967800297901135e-10 8.1627873173966625e-01 8.1627871585814127e-01 1.5881524983996087e-08
887 8.6572265625000000e-01 4.0537012683050894e-01 4.0537011134233936e-01 1.5488169580191169e-08 4.0537011162012787e-01 4.0537011134233936e-01 2.7778851441340180e-10 8.1074023845063681e-01 8.1074022268467871e-01 1.5765958094604571e-08
888 8.6669921875000000e-01 4.0259706463194617e-01 4.0259704925773593e-01 1.5374210238228159e-08 4.0259704953359465e-01 4.0259704925773593e-01 2.7585872475199835e-10 8.0519411416554076e-01 8.0519409851547186e-01 1.5650068907469006e-08
889 8.6767578125000000e-01 3.9982021303629867e-01 3.9982019777637673e-01 1.5259921937182952e-08 3.9982019805031088e-01 3.9982019777637673e-01 2.7393415313881064e-10 7.9964041108660955e-01 7.9964039555275346e-01 1.5533856090321763e-08
890 8.6865234375000000e-01 3.9703959818034873e-01 3.9703958303504505e-01 1.5145303677854827e-08 3.9703958330706002e-01 3.9703958303504505e-01 2.7201496610729237e-10 7.9407918148740875e-01 7.9407916607009010e-01 1.5417318643962119e-08
891 8.6962890625000000e-01 3.9425524623631869e-01 3.9425523120594663e-01 1.5030372058078001e-08 3.9425523147602720e-01 3.9425523120594663e-01 2.7008056902033672e-10 7.8851047771234595e-01 7.8851046241189326e-01 1.5300452682609489e-08
892 8.7060546875000000e-01 3.9146718341156844e-01 3.9146716849646096e-01 1.4915107482416090e-08 3.9146716876460824e-01 3.9146716849646096e-01 2.6814728215640571e-10 7.8293435217617668e-01 7.8293433699292192e-01 1.5183254764572496e-08
893 8.7158203125000000e-01 3.8867543594842840e-01 3.8867542114889564e-01 1.4799532765952250e-08 3.8867542141508837e-01 3.8867542114889564e-01 2.6619273452155312e-10 7.7735085736351683e-01 7.7735084229779128e-01 1.5065725555984955e-08
894 8.7255859375000000e-01 3.8588003012381422e-01 3.8588001544024070e-01 1.4683573523743831e-08 3.8588001570452768e-01 3.8588001544024070e-01 2.6428698118863281e-10 7.7176004582834190e-01 7.7176003088048140e-01 1.4947860504932464e-08
895 8.7353515625000000e-01 3.8308099224924486e-01 3.8308097768191901e-01 1.4567325845593615e-08 3.8308097794425189e-01 3.8308097768191901e-01 2.6233287764299007e-10 7.6616197019349674e-01 7.6616195536383802e-01 1.4829658723236605e-08
896 8.7451171875000000e-01 3.8027834867032057e-01 3.8027833421953988e-01 1.4450780683183950e-08 3.8027833447987641e-01 3.8027833421953988e-01 2.6033653011126034e-10 7.6055668315019698e-01 7.6055666843907976e-01 1.4711117213295211e-08
897 8.7548828125000000e-01 3.7747212576656786e-01 3.7747211143265053e-01 1.4333917330855428e-08 3.7747211169096939e-01 3.7747211143265053e-01 2.5831886629745782e-10 7.5494423745753725e-01 7.5494422286530105e-01 1.4592236197152886e-08
898 8.7646484375000000e-01 3.7466234995108871e-01 3.7466233573448943e-01 1.4216599286687170e-08 3.7466233599090015e-01 3.7466233573448943e-01 2.5641072598503456e-10 7.4932468594198887e-01 7.4932467146897885e-01 1.4473010012672205e-08
899 8.7744140625000000e-01 3.7184904767072841e-01 3.7184903357173504e-01 1.4098993361688628e-08 3.7184903382617812e-01 3.7184903357173504e-01 2.5444307771849139e-10 7.4369808149690653e-01 7.4369806714347009e-01 1.4353436439407119e-08
900 8.7841796875000000e-01 3.6903224540536245e-01 3.6903223142425895e-01 1.3981103497151537e-08 3.6903223167666893e-01 3.6903223142425895e-01 2.5240998180464658e-10 7.3806447708203138e-01 7.3806446284851790e-01 1.4233513478956183e-08
901 8.7939453125000000e-01 3.6621196966769082e-01 3.6621195580487514e-01 1.3862815673171269e-08 3.6621195605530066e-01 3.6621195580487514e-01 2.5042551365928034e-10 7.3242392572299142e-01 7.3242391160975029e-01 1.4113241131319398e-08
902 8.8037109375000000e-01 3.6338824700321959e-01 3.6338823325909281e-01 1.3744126781123356e-08 3.6338823350758009e-01 3.6338823325909281e-01 2.4848728630288974e-10 7.2677648051079968e-01 7.2677646651818562e-01 1.3992614067426246e-08
903 8.8134765625000000e-01 3.6056110398997826e-01 3.6056109036486345e-01 1.3625114814175276e-08 3.6056109061137948e-01 3.6056109036486345e-01 2.4651602981151655e-10 7.2112219460135774e-01 7.2112218072972689e-01 1.3871630843986793e-08
904 8.8232421875000000e-01 3.5773056723807550e-01 3.5773055373233231e-01 1.3505743190478370e-08 3.5773055397687997e-01 3.5773055373233231e-01 2.4454765990000737e-10 7.1546112121495553e-01 7.1546110746466463e-01 1.3750290905889528e-08
905 8.8330078125000000e-01 3.5489666338965165e-01 3.5489665000358905e-01 1.3386062591713710e-08 3.5489665024611622e-01 3.5489665000358905e-01 2.4252716501749205e-10 7.0979331363576792e-01 7.0979330000717811e-01 1.3628589812242353e-08
906 8.8427734375000000e-01 3.5205941911839878e-01 3.5205940585241435e-01 1.3265984422083932e-08 3.5205940609295550e-01 3.5205940585241435e-01 2.4054114255989134e-10 7.0411882521135427e-01 7.0411881170482871e-01 1.3506525564643823e-08
907 8.8525390625000000e-01 3.4921886112951095e-01 3.4921884798403080e-01 1.3145480148857303e-08 3.4921884822264815e-01 3.4921884798403080e-01 2.3861734810282087e-10 6.9843770935215910e-01 6.9843769596806160e-01 1.3384097496960123e-08
908 8.8623046875000000e-01 3.4637501615962490e-01 3.4637500313485042e-01 1.3024774481174006e-08 3.4637500337137850e-01 3.4637500313485042e-01 2.3652807490393002e-10 6.9275001953100346e-01 6.9275000626970085e-01 1.3261302611589088e-08
909 8.8720703125000000e-01 3.4352791097567564e-01 3.4352789807222484e-01 1.2903450807844052e-08 3.4352789830691199e-01 3.4352789807222484e-01 2.3468715859564782e-10 6.8705580928258758e-01 6.8705579614444967e-01 1.3138137910928549e-08
910 8.8818359375000000e-01 3.4067757237623925e-01 3.4067755959419083e-01 1.2782048419701653e-08 3.4067755982674469e-01 3.4067755959419083e-01 2.3255386505383058e-10 6.8135513220298394e-01 6.8135511918838165e-01 1.3014602284755483e-08
911 8.8916015625000000e-01 3.3782402718929383e-01 3.3782401452921962e-01 1.2660074211190420e-08 3.3782401475983742e-01 3.3782401452921962e-01 2.3061780263233800e-10 6.7564804194913131e-01 6.7564802905843924e-01 1.2890692069333909e-08
912 8.9013671875000000e-01 3.3496730227377269e-01 3.3496728973596385e-01 1.2537808846690979e-08 3.3496728996456099e-01 3.3496728973596385e-01 2.2859714121636898e-10 6.6993459223833374e-01 6.6993457947192769e-01 1.2766406043418499e-08
913 8.9111328125000000e-01 3.3210742451817937e-01 3.3210741210300587e-01 1.2415173500368581e-08 3.3210741232957541e-01 3.3210741210300587e-01 2.2656954090649606e-10 6.6421483684775473e-01 6.6421482420601174e-01 1.2641742985763926e-08
914 8.9208984375000000e-01 3.2924442084080224e-01 3.2924440854860293e-01 1.2292199313979069e-08 3.2924440877310396e-01 3.2924440854860293e-01 2.2450102887816570e-10 6.5848882961390620e-01 6.5848881709720586e-01 1.2516700342857234e-08
915 8.9306640625000000e-01 3.2637831818921270e-01 3.2637830602043438e-01 1.2168778318333295e-08 3.2637830624293274e-01 3.2637830602043438e-01 2.2249835307519561e-10 6.5275662443214544e-01 6.5275661204086877e-01 1.2391276671408491e-08
916 8.9404296875000000e-01 3.2350914354034266e-01 3.2350913149534949e-01 1.2044993169535445e-08 3.2350913171582307e-01 3.2350913149534949e-01 2.2047358383403548e-10 6.4701827525616573e-01 6.4701826299069898e-01 1.2265466753369481e-08
917 8.9501953125000000e-01 3.2063692389998577e-01 3.2063691197911126e-01 1.1920874509740997e-08 3.2063691219750773e-01 3.2063691197911126e-01 2.1839646757726427e-10 6.4127383609749344e-01 6.4127382395822252e-01 1.2139270921807110e-08
918 8.9599609375000000e-01 3.1776168630242008e-01 3.1776167450614373e-01 1.1796276344622214e-08 3.1776167472255579e-01 3.1776167450614373e-01 2.1641205494304927e-10 6.3552336102497586e-01 6.3552334901228746e-01 1.2012688399565263e-08
919 8.9697265625000000e-01 3.1488345781063831e-01 3.1488344613927655e-01 1.1671361765941413e-08 3.1488344635363080e-01 3.1488344613927655e-01 2.1435425656690654e-10 6.2976690416426906e-01 6.2976689227855309e-01 1.1885715966997168e-08
920 8.9794921875000000e-01 3.1200226551550819e-01 3.1200225396949210e-01 1.1546016087660149e-08 3.1200225418182792e-01 3.1200225396949210e-01 2.1233581559698678e-10 6.2400451969733606e-01 6.2400450793898421e-01 1.1758351847745985e-08
921 8.9892578125000000e-01 3.0911813653605785e-01 3.0911812511566789e-01 1.1420389967042865e-08 3.0911812532587130e-01 3.0911812511566789e-01 2.1020341023358924e-10 6.1823626186192915e-01 6.1823625023133577e-01 1.1630593377276455e-08
922 8.9990234375000000e-01 3.0623109801849485e-01 3.0623108672432320e-01 1.1294171653464247e-08 3.0623108693259044e-01 3.0623108672432320e-01 2.0826723678979420e-10 6.1246218495108529e-01 6.1246217344864640e-01 1.1502438890254041e-08
923 9.0087890625000000e-01 3.0334117713712883e-01 3.0334116596936250e-01 1.1167766322817130e-08 3.0334116617548429e-01 3.0334116596936250e-01 2.0612178630585731e-10 6.0668234331261317e-01 6.0668233193872501e-01 1.1373888164634138e-08
924 9.0185546875000000e-01 3.0044840109267584e-01 3.0044839005182133e-01 1.1040854508426179e-08 3.0044839025590553e-01 3.0044839005182133e-01 2.0408419398876276e-10 6.0089679134858143e-01 6.0089678010364267e-01 1.1244938757926093e-08
925 9.0283203125000000e-01 2.9755279711314853e-01 2.9755278619960790e-01 1.0913540626766860e-08 2.9755278640165594e-01 2.9755278619960790e-01 2.0204804496160023e-10 5.9510558351480447e-01 5.9510557239921580e-01 1.1115588671728460e-08
926 9.0380859375000000e-01 2.9465439245317115e-01 2.9465438166724811e-01 1.0785923043599155e-08 2.9465438186716347e-01 2.9465438166724811e-01 1.9991536204244653e-10 5.8930877432033468e-01 5.8930876333449622e-01 1.0985838461152753e-08
927 9.0478515625000000e-01 2.9175321439351459e-01 2.9175320373563002e-01 1.0657884574882814e-08 2.9175320393342935e-01 2.9175320373563002e-01 1.9779933246866221e-10 5.8350641832694394e-01 5.8350640747126004e-01 1.0855683907351477e-08
928 9.0576171875000000e-01 2.8884929024098421e-01 2.8884927971174479e-01 1.0529239424794667e-08 2.8884927990762960e-01 2.8884927971174479e-01 1.9588480837384736e-10 5.7769857014861381e-01 5.7769855942348958e-01 1.0725124233168515e-08
929 9.0673828125000000e-01 2.8594264732888830e-01 2.8594263692843142e-01 1.0400456884607223e-08 2.8594263712213319e-01 2.8594263692843142e-01 1.9370177684052692e-10 5.7188528445102149e-01 5.7188527385686283e-01 1.0594158661447750e-08
930 9.0771484375000000e-01 2.8303331301535722e-01 2.8303330274411825e-01 1.0271238970460672e-08 2.8303330293566731e-01 2.8303330274411825e-01 1.9154905439577874e-10 5.6606661595102459e-01 5.6606660548823651e-01 1.0462788080367602e-08
931 9.0869140625000000e-01 2.8012131468396761e-01 2.8012130454256756e-01 1.0141400053065297e-08 2.8012130473217517e-01 2.8012130454256756e-01 1.8960760739261673e-10 5.6024261941614273e-01 5.6024260908513512e-01 1.0331007604946763e-08
932 9.0966796875000000e-01 2.7720667974392804e-01 2.7720666973261487e-01 1.0011313167357372e-08 2.7720666992011950e-01 2.7720666973261487e-01 1.8750462293937176e-10 5.5441334966404754e-01 5.5441333946522975e-01 1.0198817790296744e-08
933 9.1064453125000000e-01 2.7428943562866326e-01 2.7428942574791321e-01 9.8807500514830338e-09 2.7428942593338129e-01 2.7428942574791321e-01 1.8546808533415060e-10 5.4857886156204461e-01 5.4857885149582641e-01 1.0066218192328336e-08
934 9.1162109375000000e-01 2.7136960979669972e-01 2.7136960004667349e-01 9.7500262308258812e-09 2.7136960022985557e-01 2.7136960004667349e-01 1.8318208061529617e-10 5.4273921002655534e-01 5.4273920009334697e-01 9.9332083669523286e-09
935 9.1259765625000000e-01 2.6844722973000945e-01 2.6844722011140804e-01 9.6186014153509802e-09 2.6844722029259260e-01 2.6844722011140804e-01 1.8118456734939059e-10 5.3689445002260205e-01 5.3689444022281607e-01 9.7997859827003708e-09
936 9.1357421875000000e-01 2.6552232293554784e-01 2.6552231344866944e-01 9.4868783939716650e-09 2.6552231362774109e-01 2.6552231344866944e-01 1.7907164640007522e-10 5.3104463656328893e-01 5.3104462689733889e-01 9.6659500403717402e-09
937 9.1455078125000000e-01 2.6259491694360326e-01 2.6259490758879273e-01 9.3548105373209012e-09 2.6259490776568556e-01 2.6259490758879273e-01 1.7689283371424835e-10 5.2518982470928877e-01 5.2518981517758545e-01 9.5317033155239983e-09
938 9.1552734375000000e-01 2.5966503930782153e-01 2.5966503008563752e-01 9.2221840164441460e-09 2.5966503026049464e-01 2.5966503008563752e-01 1.7485712877629567e-10 5.1933006956831618e-01 5.1933006017127503e-01 9.3970411452204416e-09
939 9.1650390625000000e-01 2.5673271760566252e-01 2.5673270851632635e-01 9.0893361726074318e-09 2.5673270868895259e-01 2.5673270851632635e-01 1.7262624663061388e-10 5.1346542629461511e-01 5.1346541703265269e-01 9.2619624192380456e-09
940 9.1748046875000000e-01 2.5379797943693733e-01 2.5379797048098651e-01 8.9559508142933453e-09 2.5379797065150433e-01 2.5379797048098651e-01 1.7051782208454824e-10 5.0759595008844172e-01 5.0759594096197302e-01 9.1264686918890447e-09
941 9.1845703125000000e-01 2.5086085242457973e-01 2.5086084360248972e-01 8.8220900029689631e-09 2.5086084377096046e-01 2.5086084360248972e-01 1.6847073736059315e-10 5.0172169619554019e-01 5.0172168720497945e-01 8.9905607403295562e-09
942 9.1943359375000000e-01 2.4792136421417513e-01 2.4792135552619368e-01 8.6879814453766357e-09 2.4792135569245041e-01 2.4792135552619368e-01 1.6625673060488566e-10 4.9584271990662554e-01 4.9584271105238736e-01 8.8542381759815214e-09
943 9.2041015625000000e-01 2.4497954247308737e-01 2.4497953391967911e-01 8.5534082594485028e-09 2.4497953408377243e-01 2.4497953391967911e-01 1.6409332226352547e-10 4.8995907655685977e-01 4.8995906783935822e-01 8.7175015539564527e-09
944 9.2138671875000000e-01 2.4203541489087399e-01 2.4203540647249142e-01 8.4183825743711083e-09 2.4203540663445858e-01 2.4203540647249142e-01 1.6196716190464144e-10 4.8407082152533254e-01 4.8407081294498283e-01 8.5803497085201741e-09
945 9.2236328125000000e-01 2.3908900917882014e-01 2.3908900089587898e-01 8.2829411662821428e-09 2.3908900105572067e-01 2.3908900089587898e-01 1.5984169543514781e-10 4.7817801023454082e-01 4.7817800179175796e-01 8.4427828617172906e-09
946 9.2333984375000000e-01 2.3614035306966216e-01 2.3614034492253402e-01 8.1471281387912597e-09 2.3614034508020620e-01 2.3614034492253402e-01 1.5767218086715218e-10 4.7228069814986839e-01 4.7228068984506805e-01 8.3048003474139875e-09
947 9.2431640625000000e-01 2.3318947431729187e-01 2.3318946630632917e-01 8.0109626987567850e-09 2.3318946646176833e-01 2.3318946630632917e-01 1.5543916154214799e-10 4.6637894077906017e-01 4.6637893261265834e-01 8.1664018325433574e-09
948 9.2529296875000000e-01 2.3023640069634818e-01 2.3023639282205735e-01 7.8742908304896275e-09 2.3023639297535739e-01 2.3023639282205735e-01 1.5330003932945147e-10 4.6047279367170557e-01 4.6047278564411470e-01 8.0275908698190790e-09
949 9.2626953125000000e-01 2.2728116000238030e-01 2.2728115226517173e-01 7.7372085682814173e-09 2.2728115241632882e-01 2.2728115226517173e-01 1.5115708684731999e-10 4.5456231241870915e-01 4.5456230453034346e-01 7.8883656828843129e-09
950 9.2724609375000000e-01 2.2432378005130618e-01 2.2432377245152149e-01 7.5997846904485300e-09 2.2432377260046385e-01 2.2432377245152149e-01 1.4894235844664649e-10 4.4864755265177003e-01 4.4864754490304298e-01 7.7487270488951765e-09
951 9.2822265625000000e-01 2.2136428867899452e-01 2.2136428121709176e-01 7.4619027623512579e-09 2.2136428136386505e-01 2.2136428121709176e-01 1.4677328796786071e-10 4.4272857004285959e-01 4.4272856243418351e-01 7.6086760780746943e-09
952 9.2919921875000000e-01 2.1840271374141917e-01 2.1840270641774073e-01 7.3236784414731915e-09 2.1840270656227803e-01 2.1840270641774073e-01 1.4453729879626565e-10 4.3680542030369718e-01 4.3680541283548147e-01 7.4682157125138815e-09
953 9.3017578125000000e-01 2.1543908311397961e-01 2.1543907592893913e-01 7.1850404792517253e-09 2.1543907607124330e-01 2.1543907592893913e-01 1.4230416844895899e-10 4.3087815918522288e-01 4.3087815185787826e-01 7.3273446199451087e-09
954 9.3115234375000000e-01 2.1247342469139088e-01 2.1247341764550545e-01 7.0458854306565399e-09 2.1247341778568504e-01 2.1247341764550545e-01 1.4017959015788506e-10 4.2494684247707593e-01 4.2494683529101090e-01 7.1860650208144250e-09
955 9.3212890625000000e-01 2.0950576638774843e-01 2.0950575948134487e-01 6.9064035601584806e-09 2.0950575961931903e-01 2.0950575948134487e-01 1.3797415987504280e-10 4.1901152600706748e-01 4.1901151896268973e-01 7.0443777477890990e-09
956 9.3310546875000000e-01 2.0653613613571237e-01 2.0653612936918586e-01 6.7665265057748059e-09 2.0653612950494463e-01 2.0653612936918586e-01 1.3575876534055453e-10 4.1307226564065702e-01 4.1307225873837172e-01 6.9022852988709360e-09
957 9.3408203125000000e-01 2.0356456188653846e-01 2.0356455526031883e-01 6.6262196285471475e-09 2.0356455539388751e-01 2.0356455526031883e-01 1.3356868389102772e-10 4.0712911728042600e-01 4.0712911052063766e-01 6.7597883401937509e-09
958 9.3505859375000000e-01 2.0059107160996653e-01 2.0059106512433064e-01 6.4856358894527233e-09 2.0059106525558379e-01 2.0059106512433064e-01 1.3125314723971826e-10 4.0118213686555032e-01 4.0118213024866128e-01 6.6168890366924416e-09
959 9.3603515625000000e-01 1.9761569329337383e-01 1.9761568694884241e-01 6.3445314280041742e-09 1.9761568707790123e-01 1.9761568694884241e-01 1.2905881918712225e-10 3.9523138037127503e-01 3.9523137389768481e-01 6.4735902194357209e-09
960 9.3701171875000000e-01 1.9463845494235121e-01 1.9463844873924757e-01 6.2031036418552787e-09 1.9463844886603621e-01 1.9463844873924757e-01 1.2678863514636873e-10 3.8927690380838742e-01 3.8927689747849514e-01 6.3298922770016475e-09
961 9.3798828125000000e-01 1.9165938457974882e-01 1.9165937851844561e-01 6.0613032093481678e-09 1.9165937864294075e-01 1.9165937851844561e-01 1.2449513642209808e-10 3.8331876322268954e-01 3.8331875703689122e-01 6.1857983180146903e-09
962 9.3896484375000000e-01 1.8867851024558155e-01 1.8867850432658004e-01 5.9190015111454386e-09 1.8867850444888881e-01 1.8867850432658004e-01 1.2230877421970376e-10 3.7735701469447036e-01 3.7735700865316008e-01 6.0413102853651424e-09
963 9.3994140625000000e-01 1.8569585999715330e-01 1.8569585422077350e-01 5.7763797911558612e-09 1.8569585434082528e-01 1.8569585422077350e-01 1.2005177407736767e-10 3.7139171433797857e-01 3.7139170844154701e-01 5.8964315652332289e-09
964 9.4091796875000000e-01 1.8271146190829918e-01 1.8271145627486565e-01 5.6334335252206102e-09 1.8271145639259584e-01 1.8271145627486565e-01 1.1773018671057400e-10 3.6542291830089502e-01 3.6542291254973130e-01 5.7511637119311843e-09
965 9.4189453125000000e-01 1.7972534406916285e-01 1.7972533857914613e-01 5.4900167190119475e-09 1.7972533869463872e-01 1.7972533857914613e-01 1.1549258771559323e-10 3.5945068276380154e-01 3.5945067715829226e-01 5.6055092789719652e-09
966 9.4287109375000000e-01 1.7673753458633876e-01 1.7673752924009148e-01 5.3462472782150883e-09 1.7673752935331766e-01 1.7673752924009148e-01 1.1322617843312344e-10 3.5347506393965644e-01 3.5347505848018296e-01 5.4594734844037873e-09
967 9.4384765625000000e-01 1.7374806158219822e-01 1.7374805638010199e-01 5.2020962260090897e-09 1.7374805649106173e-01 1.7374805638010199e-01 1.1095974139507803e-10 3.4749611807325997e-01 3.4749611276020398e-01 5.3130559951597434e-09
968 9.4482421875000000e-01 1.7075695319489906e-01 1.7075694813723430e-01 5.0576647592226465e-09 1.7075694824583121e-01 1.7075694813723430e-01 1.0859690924291954e-10 3.4151390144073024e-01 3.4151389627446860e-01 5.1662616407099904e-09
969 9.4580078125000000e-01 1.6776423757770137e-01 1.6776423266493834e-01 4.9127630297185476e-09 1.6776423277126937e-01 1.6776423266493834e-01 1.0633102731638644e-10 3.3552847034897071e-01 3.3552846532987668e-01 5.0190940292793584e-09
970 9.4677734375000000e-01 1.6476994289925989e-01 1.6476993813179153e-01 4.7674683645304583e-09 1.6476993823588001e-01 1.6476993813179153e-01 1.0408848782894609e-10 3.2953988113513988e-01 3.2953987626358305e-01 4.8715568246038288e-09
971 9.4775390625000000e-01 1.6177409734330225e-01 1.6177409272123519e-01 4.6220670624208537e-09 1.6177409282282015e-01 1.6177409272123519e-01 1.0158496266399197e-10 3.2354819016612241e-01 3.2354818544247038e-01 4.7236520250848457e-09
972 9.4873046875000000e-01 1.5877672910745028e-01 1.5877672463130688e-01 4.4761434003781631e-09 1.5877672473054819e-01 1.5877672463130688e-01 9.9241309614583884e-11 3.1755345383799849e-01 3.1755344926261375e-01 4.5753847377483226e-09
973 9.4970703125000000e-01 1.5577786640424002e-01 1.5577786207437658e-01 4.3298634400112945e-09 1.5577786217127185e-01 1.5577786207437658e-01 9.6895269585672850e-11 3.1155572857551184e-01 3.1155572414875315e-01 4.4267586818413918e-09
974 9.5068359375000000e-01 1.5277753745970571e-01 1.5277753327688040e-01 4.1828253083409095e-09 1.5277753337183428e-01 1.5277753327688040e-01 9.4953878093662070e-11 3.0555507083153999e-01 3.0555506655376080e-01 4.2777791864345716e-09
975 9.5166015625000000e-01 1.4977577051509458e-01 1.4977576647905647e-01 4.0360381148296653e-09 1.4977576657146668e-01 1.4977576647905647e-01 9.2410218366367758e-11 2.9955153708656124e-01 2.9955153295811293e-01 4.1284483054404575e-09
976 9.5263671875000000e-01 1.4677259382337199e-01 1.4677258993467668e-01 3.8886953102057475e-09 1.4677259002475260e-01 1.4677258993467668e-01 9.0075918945942135e-11 2.9354518384812456e-01 2.9354517986935336e-01 3.9787712013961141e-09
977 9.5361328125000000e-01 1.4376803565187785e-01 1.4376803191078200e-01 3.7410958497741120e-09 1.4376803199843952e-01 1.4376803191078200e-01 8.7657520131401157e-11 2.8753606765031736e-01 2.8753606382156399e-01 3.8287533699055132e-09
978 9.5458984375000000e-01 1.4076212428059207e-01 1.4076212068741772e-01 3.5931743413986084e-09 1.4076212077264039e-01 1.4076212068741772e-01 8.5222662260520110e-11 2.8152424505323248e-01 2.8152424137483545e-01 3.6783970314147041e-09
979 9.5556640625000000e-01 1.3775488800215052e-01 1.3775488455736454e-01 3.4447859842412498e-09 1.3775488464028698e-01 1.3775488455736454e-01 8.2922446686950479e-11 2.7550977264243748e-01 2.7550976911472908e-01 3.5277084031726247e-09
980 9.5654296875000000e-01 1.3474635512221012e-01 1.3474635182587436e-01 3.2963357599058440e-09 1.3474635190623158e-01 1.3474635182587436e-01 8.0357220877402824e-11 2.6949270702844169e-01 2.6949270365174871e-01 3.3766929807832469e-09
981 9.5751953125000000e-01 1.3173655395756204e-01 1.3173655081040248e-01 3.1471595607346359e-09 1.3173655088859881e-01 1.3173655081040248e-01 7.8196338293423651e-11 2.6347310484616082e-01 2.6347310162080495e-01 3.2253558712724839e-09
982 9.5849609375000000e-01 1.2872551283833991e-01 1.2872550984034326e-01 2.9979966564841476e-09 1.2872550991604770e-01 1.2872550984034326e-01 7.5704442714652487e-11 2.5745102275438758e-01 2.5745101968068651e-01 3.0737010714432245e-09
983 9.5947265625000000e-01 1.2571326010525294e-01 1.2571325725676061e-01 2.8484923308980115e-09 1.2571325733000197e-01 1.2571325725676061e-01 7.3241357423370346e-11 2.5142651743525490e-01 2.5142651451352122e-01 2.9217336883213818e-09
984 9.6044921875000000e-01 1.2269982411063265e-01 1.2269982141212307e-01 2.6985095824549887e-09 1.2269982148307430e-01 1.2269982141212307e-01 7.0951231001536996e-11 2.4539964559370697e-01 2.4539964282424614e-01 2.7694608273343135e-09
985 9.6142578125000000e-01 1.1968523321828584e-01 1.1968523067003600e-01 2.5482498333673220e-09 1.1968523073867487e-01 1.1968523067003600e-01 6.8638872363635528e-11 2.3937046395696071e-01 2.3937046134007200e-01 2.6168887057309576e-09
986 9.6240234375000000e-01 1.1666951580301697e-01 1.1666951340497650e-01 2.3980404745271855e-09 1.1666951347095733e-01 1.1666951340497650e-01 6.5980831909229209e-11 2.3333902927397432e-01 2.3333902680995300e-01 2.4640213203142025e-09
987 9.6337890625000000e-01 1.1365270024940793e-01 1.1365269800202349e-01 2.2473844452086666e-09 1.1365269806550417e-01 1.1365269800202349e-01 6.3480679046712396e-11 2.2730539831491209e-01 2.2730539600404698e-01 2.3108651103775912e-09
988 9.6435546875000000e-01 1.1063481495278515e-01 1.1063481285659209e-01 2.0961930663476736e-09 1.1063481291782616e-01 1.1063481285659209e-01 6.1234073367444353e-11 2.2126962787061133e-01 2.2126962571318418e-01 2.1574271535929057e-09
989 9.6533203125000000e-01 1.0761588831922431e-01 1.0761588637416752e-01 1.9450567823042775e-09 1.0761588643282248e-01 1.0761588637416752e-01 5.8654955892301075e-11 2.1523177475204680e-01 2.1523177274833505e-01 2.0037117520743664e-09
990 9.6630859375000000e-01 1.0459594876371715e-01 1.0459594697003513e-01 1.7936820223551919e-09 1.0459594702607940e-01 1.0459594697003513e-01 5.6044266449895019e-11 2.0919189578979655e-01 2.0919189394007026e-01 1.8497262888050869e-09
991 9.6728515625000000e-01 1.0157502471076048e-01 1.0157502306901474e-01 1.6417457393558266e-09 1.0157502312274630e-01 1.0157502306901474e-01 5.3731560867298356e-11 2.0315004783350676e-01 2.0315004613802948e-01 1.6954772863453371e-09
992 9.6826171875000000e-01 9.8553144595051087e-02 9.8553143105192170e-02 1.4898589167922083e-09 9.8553143156305145e-02 9.8553143105192170e-02 5.1112974963629654e-11 1.9710628775135625e-01 1.9710628621038434e-01 1.5409719056336257e-09
993 9.6923828125000000e-01 9.5530336859250678e-02 9.5530335521653409e-02 1.3375972690576887e-09 9.5530335570271338e-02 9.5530335521653409e-02 4.8617929127026116e-11 1.9106067242952202e-01 1.9106067104330682e-01 1.3862151981847148e-09
994 9.7021484375000000e-01 9.2506629955244807e-02 9.2506628770214205e-02 1.1850306014249412e-09 9.2506628816398762e-02 9.2506628770214205e-02 4.6184556179440506e-11 1.8501325877164357e-01 1.8501325754042841e-01 1.2312151576043817e-09
995 9.7119140625000000e-01 8.9482052343542312e-02 8.9482051311154095e-02 1.0323882165819143e-09 8.9482051354743644e-02 8.9482051311154095e-02 4.3589548637257280e-11 1.7896410369828597e-01 1.7896410262230819e-01 1.0759777790969594e-09
996 9.7216796875000000e-01 8.6456632492335109e-02 8.6456631612947574e-02 8.7938753501326516e-10 8.6456631654071248e-02 8.6456631612947574e-02 4.1123673910625769e-11 1.7291326414640634e-01 1.7291326322589515e-01 9.2051119504610313e-10
997 9.7314453125000000e-01 8.3430398878306361e-02 8.3430398151997945e-02 7.2630841618792630e-10 8.3430398190510777e-02 8.3430398151997945e-02 3.8512831812553827e-11 1.6686079706881712e-01 1.6686079630399589e-01 7.6482123412269232e-10
998 9.7412109375000000e-01 8.0403379985306833e-02 8.0403379412366624e-02 5.7294020916476285e-10 8.0403379448342624e-02 8.0403379412366624e-02 3.5975999956860960e-11 1.6080675943364947e-01 1.6080675882473325e-01 6.0891622299941162e-10
999 9.7509765625000000e-01 7.7375604304862053e-02 7.7375603885506405e-02 4.1935564742967557e-10 7.7375603918954497e-02 7.7375603885506405e-02 3.3448091518728518e-11 1.5475120822381655e-01 1.5475120777101281e-01 4.5280373894840409e-10
1000 9.7607421875000000e-01 7.4347100335628552e-02 7.4347100069994537e-02 2.6563401478441051e-10 7.4347100100850466e-02 7.4347100069994537e-02 3.0855928923045894e-11 1.4869420043647902e-01 1.4869420013998907e-01 2.9648994370745640e-10
1001 9.7705078125000000e-01 7.1317896582987553e-02 7.1317896471261896e-02 1.1172565650419131e-10 7.1317896499519501e-02 7.1317896471261896e-02 2.8257604589576601e-11 1.4263579308250707e-01 1.4263579294252379e-01 1.3998327497155572e-10
1002 9.7802734375000000e-01 6.8288021558903594e-02 6.8288021601326424e-02 -4.2422829138466511e-11 6.8288021627040577e-02 6.8288021601326424e-02 2.5714153029099407e-11 1.3657604318594418e-01 1.3657604320265285e-01 -1.6708662231579297e-11
1003 9.7900390625000000e-01 6.5257503781813136e-02 6.5257503978523840e-02 -1.9671070328186602e-10 6.5257504001656946e-02 6.5257503978523840e-02 2.3133106541450843e-11 1.3051500778347008e-01 1.3051500795704768e-01 -1.7357759674041517e-10
1004 9.7998046875000000e-01 6.2226371776162234e-02 6.2226372127241102e-02 -3.5107886736662763e-10 6.2226372147702616e-02 6.2226372127241102e-02 2.0461514427250194e-11 1.2445274392386485e-01 1.2445274425448220e-01 -3.3061735293937744e-10
1005 9.8095703125000000e-01 5.9194654071929635e-02 5.9194654577645126e-02 -5.0571549031763752e-10 5.9194654595541518e-02 5.9194654577645126e-02 1.7896392701111097e-11 1.1838930866747116e-01 1.1838930915529025e-01 -4.8781909067763252e-10
1006 9.8193359375000000e-01 5.6162379204991307e-02 5.6162379865416119e-02 -6.6042481206007864e-10 5.6162379880666212e-02 5.6162379865416119e-02 1.5250092855190189e-11 1.1232475908565752e-01 1.1232475973083224e-01 -6.4517471920488845e-10
1007 9.8291015625000000e-01 5.3129575716190411e-02 5.3129576531478075e-02 -8.1528766376903761e-10 5.3129576544090271e-02 5.3129576531478075e-02 1.2612196009786913e-11 1.0625915226028068e-01 1.0625915306295615e-01 -8.0267546775925069e-10
1008 9.8388671875000000e-01 5.0096272151516560e-02 5.0096273121731871e-02 -9.7021531086927126e-10 5.0096273131632445e-02 5.0096273121731871e-02 9.9005734166546233e-12 1.0019254528314900e-01 1.0019254624346374e-01 -9.6031474439151054e-10
1009 9.8486328125000000e-01 4.7062497061467611e-02 4.7062498186784006e-02 -1.1253163956226331e-09 4.7062498194017165e-02 4.7062498186784006e-02 7.2331585165841261e-12 9.4124995255484775e-02 9.4124996373568012e-02 -1.1180832371060490e-09
1010 9.8583984375000000e-01 4.4028279001166550e-02 4.4028280281679127e-02 -1.2805125779169479e-09 4.4028280286219745e-02 4.4028280281679127e-02 4.5406178816875808e-12 8.8056559287386288e-02 8.8056560563358255e-02 -1.2759719669741543e-09
1011 9.8681640625000000e-01 4.0993646529793024e-02 4.0993647965632603e-02 -1.4358395791780332e-09 4.0993647967497965e-02 4.0993647965632603e-02 1.8653620315056685e-12 8.1987294497290988e-02 8.1987295931265206e-02 -1.4339742171465275e-09
1012 9.8779296875000000e-01 3.7958628210456737e-02 3.7958629801759097e-02 -1.5913023607150301e-09 3.7958629800980692e-02 3.7958629801759097e-02 -7.7840511814031288e-13 7.5917258011437422e-02 7.5917259603518195e-02 -1.5920807727720643e-09
1013 9.8876953125000000e-01 3.4923252609990255e-02 3.4923254356805440e-02 -1.7468151855548619e-09 3.4923254353337513e-02 3.4923254356805440e-02 -3.4679273341886585e-12 6.9846506963327767e-02 6.9846508713610880e-02 -1.7502831128890506e-09
1014 9.8974609375000000e-01 3.1887548298579101e-02 3.1887550200880896e-02 -1.9023017952535248e-09 3.1887550194611002e-02 3.1887550200880896e-02 -6.2698943259498208e-12 6.3775098493190102e-02 6.3775100401761792e-02 -1.9085716895794747e-09
1015 9.9072265625000000e-01 2.8851543849293372e-02 2.8851545907189999e-02 -2.0578966274109600e-09 2.8851545898146889e-02 2.8851545907189999e-02 -9.0431100108201434e-12 5.7703089747440262e-02 5.7703091814379999e-02 -2.0669397374217802e-09
1016 9.9169921875000000e-01 2.5815267838099478e-02 2.5815270051760982e-02 -2.2136615041024044e-09 2.5815270040044871e-02 2.5815270051760982e-02 -1.1716110720483286e-11 5.1630537878144353e-02 5.1630540103521964e-02 -2.2253776113534407e-09
1017 9.9267578125000000e-01 2.2778748843841904e-02 2.2778751213178555e-02 -2.3693366504873303e-09 2.2778751198638356e-02 2.2778751213178555e-02 -1.4540198906010104e-11 4.5557500042480256e-02 4.5557502426357109e-02 -2.3838768528627874e-09
1018 9.9365234375000000e-01 1.9742015447194353e-02 1.9742017972314035e-02 -2.5251196827946742e-09 1.9742017955006061e-02 1.9742017972314035e-02 -1.7307974498059764e-11 3.9484033402200414e-02 3.9484035944628071e-02 -2.5424276572927340e-09
1019 9.9462890625000000e-01 1.6705096231133951e-02 1.6705098912058097e-02 -2.6809241458758404e-09 1.6705098891959105e-02 1.6705098912058097e-02 -2.0098991915240561e-11 3.3410195123093053e-02 3.3410197824116195e-02 -2.7010231412605279e-09
1020 9.9560546875000000e-01 1.3668019780309338e-02 1.3668022617049101e-02 -2.8367397632289570e-09 1.3668022594135187e-02 1.3668022617049101e-02 -2.2913913821920318e-11 2.7336042374444525e-02 2.7336045234098202e-02 -2.8596536770508774e-09
1021 9.9658203125000000e-01 1.0630814680814157e-02 1.0630817673405360e-02 -2.9925912026218526e-09 1.0630817647687031e-02 1.0630817673405360e-02 -2.5718328508506083e-11 2.1261632328501187e-02 2.1261635346810720e-02 -3.0183095328650822e-09
1022 9.9755859375000000e-01 7.5935095200245079e-03 7.5935126684573947e-03 -3.1484328867972811e-09 7.5935126399066990e-03 7.5935126684573947e-03 -2.8550695661822001e-11 1.5187022159931207e-02 1.5187025336914789e-02 -3.1769835824591031e-09
1023 9.9853515625000000e-01 4.5561328861693567e-03 4.5561361904762222e-03 -3.3043068654523000e-09 4.5561361591169650e-03 4.5561361904762222e-03 -3.1359257204877089e-11 9.1122690452863225e-03 9.1122723809524443e-03 -3.3356661217898154e-09
1024 9.9951171875000000e-01 1.5187133672076084e-03 1.5187168284060311e-03 -3.4611984227068265e-09 1.5187167952561240e-03 1.5187168284060311e-03 -3.3149907081517216e-11 3.0374301624637324e-03 3.0374336568120622e-03 -3.4943483297883438e-09
