# P x_center tau_U tau_V tau_Psi
1 4.8828125000000000e-04 2.4396300144502447e-06 -7.1054273576010019e-14 2.4396299433959712e-06
2 1.4648437500000000e-03 -1.7415402453480056e-11 -2.0605739337042905e-13 -1.7621459846850485e-11
3 2.4414062500000000e-03 -2.9075408747303300e-11 -3.5527136788005009e-13 -2.9430680115183350e-11
4 3.4179687500000000e-03 -4.0685677049623337e-11 -4.9737991503207013e-13 -4.1183056964655407e-11
5 4.3945312500000000e-03 -5.2324367061373778e-11 -6.5369931689929217e-13 -5.2978066378273070e-11
6 5.3710937500000000e-03 -6.3920424508978613e-11 -7.6738615462090820e-13 -6.4687810663599521e-11
7 6.3476562500000000e-03 -7.5488060247153044e-11 -8.8107299234252423e-13 -7.6369133239495568e-11
8 7.3242187500000000e-03 -8.7169382823049091e-11 -1.0800249583553523e-12 -8.8249407781404443e-11
9 8.3007812500000000e-03 -9.8737018561223522e-11 -1.1368683772161603e-12 -9.9873886938439682e-11
10 9.2773437500000000e-03 -1.1038991942768916e-10 -1.3073986337985843e-12 -1.1169731806148775e-10
11 1.0253906250000000e-02 -1.2204282029415481e-10 -1.4779288903810084e-12 -1.2352074918453582e-10
12 1.1230468750000000e-02 -1.3358203432289883e-10 -1.6484591469634324e-12 -1.3523049346986227e-10
13 1.2207031250000000e-02 -1.4529177860822529e-10 -1.7053025658242404e-12 -1.4699708117404953e-10
14 1.3183593750000000e-02 -1.5683099263696931e-10 -1.8758328224066645e-12 -1.5870682545937598e-10
15 1.4160156250000000e-02 -1.6848389350343496e-10 -2.0463630789890885e-12 -1.7053025658242404e-10
16 1.5136718750000000e-02 -1.8007995095103979e-10 -2.2168933355715126e-12 -1.8229684428661130e-10
17 1.6113281250000000e-02 -1.9178969523636624e-10 -2.3874235921539366e-12 -1.9417711882852018e-10
18 1.7089843750000000e-02 -2.0315837900852785e-10 -2.3874235921539366e-12 -2.0554580260068178e-10
19 1.8066406250000000e-02 -2.1475443645613268e-10 -2.6147972675971687e-12 -2.1736923372372985e-10
20 1.9042968750000000e-02 -2.2635049390373752e-10 -2.7284841053187847e-12 -2.2907897800905630e-10
21 2.0019531250000000e-02 -2.3783286451362073e-10 -2.8421709430404007e-12 -2.4067503545666113e-10
22 2.0996093750000000e-02 -2.4954260879894719e-10 -2.9558577807620168e-12 -2.5249846657970920e-10
23 2.1972656250000000e-02 -2.6113866624655202e-10 -3.0695446184836328e-12 -2.6420821086503565e-10
24 2.2949218750000000e-02 -2.7273472369415686e-10 -3.1832314562052488e-12 -2.7591795515036210e-10
25 2.3925781250000000e-02 -2.8455815481720492e-10 -3.5242919693700969e-12 -2.8808244678657502e-10
26 2.4902343750000000e-02 -2.9615421226480976e-10 -3.5242919693700969e-12 -2.9967850423417985e-10
27 2.5878906250000000e-02 -3.0763658287469298e-10 -3.6379788070917130e-12 -3.1127456168178469e-10
28 2.6855468750000000e-02 -3.1911895348457620e-10 -3.7516656448133290e-12 -3.2287061912938952e-10
29 2.7832031250000000e-02 -3.3082869776990265e-10 -3.9790393202565610e-12 -3.3480773709015921e-10
30 2.8808593750000000e-02 -3.4231106837978587e-10 -4.2064129956997931e-12 -3.4651748137548566e-10
31 2.9785156250000000e-02 -3.5390712582739070e-10 -4.0927261579781771e-12 -3.5799985198536888e-10
32 3.0761718750000000e-02 -3.6538949643727392e-10 -4.3200998334214091e-12 -3.6970959627069533e-10
33 3.1738281250000000e-02 -3.7732661439804360e-10 -4.6611603465862572e-12 -3.8198777474462986e-10
34 3.2714843750000000e-02 -3.8892267184564844e-10 -4.6611603465862572e-12 -3.9358383219223469e-10
35 3.3691406250000000e-02 -4.0063241613097489e-10 -4.7748471843078732e-12 -4.0540726331528276e-10
36 3.4667968750000000e-02 -4.1154635255225003e-10 -5.0022208597511053e-12 -4.1654857341200113e-10
37 3.5644531250000000e-02 -4.2359715735074133e-10 -5.0022208597511053e-12 -4.2859937821049243e-10
38 3.6621093750000000e-02 -4.3473846744745970e-10 -5.2295945351943374e-12 -4.3996806198265404e-10
39 3.7597656250000000e-02 -4.4656189857050776e-10 -5.4569682106375694e-12 -4.5201886678114533e-10
40 3.8574218750000000e-02 -4.5793058234266937e-10 -5.6843418860808015e-12 -4.6361492422875017e-10
41 3.9550781250000000e-02 -4.6952663979027420e-10 -5.4569682106375694e-12 -4.7498360800091177e-10
42 4.0527343750000000e-02 -4.8135007091332227e-10 -5.6843418860808015e-12 -4.8703441279940307e-10
43 4.1503906250000000e-02 -4.9271875468548387e-10 -6.1390892369672656e-12 -4.9885784392245114e-10
44 4.2480468750000000e-02 -5.0408743845764548e-10 -5.6843418860808015e-12 -5.0977178034372628e-10
45 4.3457031250000000e-02 -5.1591086958069354e-10 -6.1390892369672656e-12 -5.2204995881766081e-10
46 4.4433593750000000e-02 -5.2705217967741191e-10 -6.1390892369672656e-12 -5.3319126891437918e-10
47 4.5410156250000000e-02 -5.3842086344957352e-10 -6.1390892369672656e-12 -5.4455995268654078e-10
48 4.6386718750000000e-02 -5.5024429457262158e-10 -6.5938365878537297e-12 -5.5683813116047531e-10
49 4.7363281250000000e-02 -5.6161297834478319e-10 -6.5938365878537297e-12 -5.6820681493263692e-10
50 4.8339843750000000e-02 -5.7320903579238802e-10 -6.8212102632969618e-12 -5.8003024605568498e-10
51 4.9316406250000000e-02 -5.8435034588910639e-10 -6.8212102632969618e-12 -5.9117155615240335e-10
52 5.0292968750000000e-02 -5.9594640333671123e-10 -7.0485839387401938e-12 -6.0299498727545142e-10
53 5.1269531250000000e-02 -6.0776983445975929e-10 -7.5033312896266580e-12 -6.1527316574938595e-10
54 5.2246093750000000e-02 -6.1868377088103443e-10 -7.2759576141834259e-12 -6.2595972849521786e-10
55 5.3222656250000000e-02 -6.3073457567952573e-10 -7.7307049650698900e-12 -6.3846528064459562e-10
56 5.4199218750000000e-02 -6.4210325945168734e-10 -7.9580786405131221e-12 -6.5006133809220046e-10
57 5.5175781250000000e-02 -6.5347194322384894e-10 -7.9580786405131221e-12 -6.6143002186436206e-10
58 5.6152343750000000e-02 -6.6506800067145377e-10 -8.1854523159563541e-12 -6.7325345298741013e-10
59 5.7128906250000000e-02 -6.7620931076817214e-10 -8.1854523159563541e-12 -6.8439476308412850e-10
60 5.8105468750000000e-02 -6.8780536821577698e-10 -8.4128259913995862e-12 -6.9621819420717657e-10
61 5.9082031250000000e-02 -6.9871930463705212e-10 -8.4128259913995862e-12 -7.0713213062845170e-10
62 6.0058593750000000e-02 -7.1031536208465695e-10 -8.4128259913995862e-12 -7.1872818807605654e-10
63 6.1035156250000000e-02 -7.2191141953226179e-10 -8.8675733422860503e-12 -7.3077899287454784e-10
64 6.2011718750000000e-02 -7.3350747697986662e-10 -8.8675733422860503e-12 -7.4237505032215267e-10
65 6.2988281250000000e-02 -7.4487616075202823e-10 -8.8675733422860503e-12 -7.5374373409431428e-10
66 6.3964843750000000e-02 -7.5647221819963306e-10 -9.0949470177292824e-12 -7.6556716521736234e-10
67 6.4941406250000000e-02 -7.6738615462090820e-10 -9.3223206931725144e-12 -7.7670847531408072e-10
68 6.5917968750000000e-02 -7.7875483839306980e-10 -9.3223206931725144e-12 -7.8807715908624232e-10
69 6.6894531250000000e-02 -7.9035089584067464e-10 -9.5496943686157465e-12 -7.9990059020929039e-10
70 6.7871093750000000e-02 -8.0126483226194978e-10 -1.0004441719502211e-11 -8.1126927398145199e-10
71 6.8847656250000000e-02 -8.1263351603411138e-10 -9.5496943686157465e-12 -8.2218321040272713e-10
72 6.9824218750000000e-02 -8.2445694715715945e-10 -1.0004441719502211e-11 -8.3446138887666166e-10
73 7.0800781250000000e-02 -8.3628037828020751e-10 -1.0004441719502211e-11 -8.4628481999970973e-10
74 7.1777343750000000e-02 -8.4719431470148265e-10 -1.0004441719502211e-11 -8.5719875642098486e-10
75 7.2753906250000000e-02 -8.5901774582453072e-10 -1.0459189070388675e-11 -8.6947693489491940e-10
76 7.3730468750000000e-02 -8.6993168224580586e-10 -1.0459189070388675e-11 -8.8039087131619453e-10
77 7.4707031250000000e-02 -8.8084561866708100e-10 -1.0459189070388675e-11 -8.9130480773746967e-10
78 7.5683593750000000e-02 -8.9221430243924260e-10 -1.0459189070388675e-11 -9.0267349150963128e-10
79 7.6660156250000000e-02 -9.0312823886051774e-10 -1.0913936421275139e-11 -9.1404217528179288e-10
80 7.7636718750000000e-02 -9.1449692263267934e-10 -1.1368683772161603e-11 -9.2586560640484095e-10
81 7.8613281250000000e-02 -9.2586560640484095e-10 -1.0913936421275139e-11 -9.3677954282611609e-10
82 7.9589843750000000e-02 -9.3723429017700255e-10 -1.1368683772161603e-11 -9.4860297394916415e-10
83 8.0566406250000000e-02 -9.4860297394916415e-10 -1.1368683772161603e-11 -9.5997165772132576e-10
84 8.1542968750000000e-02 -9.6042640507221222e-10 -1.1823431123048067e-11 -9.7224983619526029e-10
85 8.2519531250000000e-02 -9.7043084679171443e-10 -1.1368683772161603e-11 -9.8179953056387603e-10
86 8.3496093750000000e-02 -9.8225427791476250e-10 -1.1368683772161603e-11 -9.9362296168692410e-10
87 8.4472656250000000e-02 -9.9407770903781056e-10 -1.2278178473934531e-11 -1.0063558875117451e-09
88 8.5449218750000000e-02 -1.0045368981081992e-09 -1.2278178473934531e-11 -1.0168150765821338e-09
89 8.6425781250000000e-02 -1.0168150765821338e-09 -1.1823431123048067e-11 -1.0286385077051818e-09
90 8.7402343750000000e-02 -1.0272742656525224e-09 -1.3187673175707459e-11 -1.0404619388282299e-09
91 8.8378906250000000e-02 -1.0381882020737976e-09 -1.2732925824820995e-11 -1.0509211278986186e-09
92 8.9355468750000000e-02 -1.0495568858459592e-09 -1.2732925824820995e-11 -1.0622898116707802e-09
93 9.0332031250000000e-02 -1.0613803169690073e-09 -1.2732925824820995e-11 -1.0741132427938282e-09
94 9.1308593750000000e-02 -1.0709300113376230e-09 -1.2278178473934531e-11 -1.0832081898115575e-09
95 9.2285156250000000e-02 -1.0832081898115575e-09 -1.2732925824820995e-11 -1.0959411156363785e-09
96 9.3261718750000000e-02 -1.0945768735837191e-09 -1.3187673175707459e-11 -1.1077645467594266e-09
97 9.4238281250000000e-02 -1.1045813153032213e-09 -1.3187673175707459e-11 -1.1177689884789288e-09
98 9.5214843750000000e-02 -1.1164047464262694e-09 -1.2732925824820995e-11 -1.1291376722510904e-09
99 9.6191406250000000e-02 -1.1268639354966581e-09 -1.2732925824820995e-11 -1.1395968613214791e-09
100 9.7167968750000000e-02 -1.1386873666197062e-09 -1.3642420526593924e-11 -1.1523297871463001e-09
101 9.8144531250000000e-02 -1.1500560503918678e-09 -1.4097167877480388e-11 -1.1641532182693481e-09
102 9.9121093750000000e-02 -1.1600604921113700e-09 -1.4097167877480388e-11 -1.1741576599888504e-09
103 1.0009765625000000e-01 -1.1718839232344180e-09 -1.4097167877480388e-11 -1.1859810911118984e-09
104 1.0107421875000000e-01 -1.1832526070065796e-09 -1.4551915228366852e-11 -1.1978045222349465e-09
105 1.0205078125000000e-01 -1.1932570487260818e-09 -1.4551915228366852e-11 -1.2078089639544487e-09
106 1.0302734375000000e-01 -1.2055352272000164e-09 -1.4551915228366852e-11 -1.2200871424283832e-09
107 1.0400390625000000e-01 -1.2164491636212915e-09 -1.4551915228366852e-11 -1.2310010788496584e-09
108 1.0498046875000000e-01 -1.2273631000425667e-09 -1.4551915228366852e-11 -1.2419150152709335e-09
109 1.0595703125000000e-01 -1.2382770364638418e-09 -1.4551915228366852e-11 -1.2528289516922086e-09
110 1.0693359375000000e-01 -1.2487362255342305e-09 -1.5006662579253316e-11 -1.2637428881134838e-09
111 1.0791015625000000e-01 -1.2596501619555056e-09 -1.5006662579253316e-11 -1.2746568245347589e-09
112 1.0888671875000000e-01 -1.2705640983767807e-09 -1.5461409930139780e-11 -1.2860255083069205e-09
113 1.0986328125000000e-01 -1.2823875294998288e-09 -1.5006662579253316e-11 -1.2973941920790821e-09
114 1.1083984375000000e-01 -1.2933014659211040e-09 -1.5461409930139780e-11 -1.3087628758512437e-09
115 1.1181640625000000e-01 -1.3033059076406062e-09 -1.5006662579253316e-11 -1.3183125702198595e-09
116 1.1279296875000000e-01 -1.3146745914127678e-09 -1.5916157281026244e-11 -1.3305907486937940e-09
117 1.1376953125000000e-01 -1.3246790331322700e-09 -1.5006662579253316e-11 -1.3396856957115233e-09
118 1.1474609375000000e-01 -1.3355929695535451e-09 -1.5916157281026244e-11 -1.3515091268345714e-09
119 1.1572265625000000e-01 -1.3465069059748203e-09 -1.6370904631912708e-11 -1.3628778106067330e-09
120 1.1669921875000000e-01 -1.3578755897469819e-09 -1.6370904631912708e-11 -1.3742464943788946e-09
121 1.1767578125000000e-01 -1.3678800314664841e-09 -1.6370904631912708e-11 -1.3842509360983968e-09
122 1.1865234375000000e-01 -1.3792487152386457e-09 -1.6370904631912708e-11 -1.3956196198705584e-09
123 1.1962890625000000e-01 -1.3901626516599208e-09 -1.6825651982799172e-11 -1.4069883036427200e-09
124 1.2060546875000000e-01 -1.4010765880811960e-09 -1.7280399333685637e-11 -1.4183569874148816e-09
125 1.2158203125000000e-01 -1.4115357771515846e-09 -1.7280399333685637e-11 -1.4288161764852703e-09
126 1.2255859375000000e-01 -1.4229044609237462e-09 -1.6825651982799172e-11 -1.4397301129065454e-09
127 1.2353515625000000e-01 -1.4333636499941349e-09 -1.7280399333685637e-11 -1.4506440493278205e-09
128 1.2451171875000000e-01 -1.4438228390645236e-09 -1.6825651982799172e-11 -1.4606484910473228e-09
129 1.2548828125000000e-01 -1.4551915228366852e-09 -1.7280399333685637e-11 -1.4724719221703708e-09
130 1.2646484375000000e-01 -1.4661054592579603e-09 -1.7280399333685637e-11 -1.4833858585916460e-09
131 1.2744140625000000e-01 -1.4770193956792355e-09 -1.7735146684572101e-11 -1.4947545423638076e-09
132 1.2841796875000000e-01 -1.4879333321005106e-09 -1.8189894035458565e-11 -1.5061232261359692e-09
133 1.2939453125000000e-01 -1.4974830264691263e-09 -1.7735146684572101e-11 -1.5152181731536984e-09
134 1.3037109375000000e-01 -1.5097612049430609e-09 -1.8189894035458565e-11 -1.5279510989785194e-09
135 1.3134765625000000e-01 -1.5188561519607902e-09 -1.7735146684572101e-11 -1.5365912986453623e-09
136 1.3232421875000000e-01 -1.5302248357329518e-09 -1.8644641386345029e-11 -1.5488694771192968e-09
137 1.3330078125000000e-01 -1.5402292774524540e-09 -1.8644641386345029e-11 -1.5588739188387990e-09
138 1.3427734375000000e-01 -1.5515979612246156e-09 -1.8189894035458565e-11 -1.5697878552600741e-09
139 1.3525390625000000e-01 -1.5620571502950042e-09 -1.8644641386345029e-11 -1.5807017916813493e-09
140 1.3623046875000000e-01 -1.5725163393653929e-09 -2.0008883439004421e-11 -1.5925252228043973e-09
141 1.3720703125000000e-01 -1.5816112863831222e-09 -1.9099388737231493e-11 -1.6007106751203537e-09
142 1.3818359375000000e-01 -1.5925252228043973e-09 -1.8189894035458565e-11 -1.6107151168398559e-09
143 1.3916015625000000e-01 -1.6034391592256725e-09 -1.9099388737231493e-11 -1.6225385479629040e-09
144 1.4013671875000000e-01 -1.6143530956469476e-09 -2.0008883439004421e-11 -1.6343619790859520e-09
145 1.4111328125000000e-01 -1.6234480426646769e-09 -1.9099388737231493e-11 -1.6425474314019084e-09
146 1.4208984375000000e-01 -1.6352714737877250e-09 -2.0008883439004421e-11 -1.6552803572267294e-09
147 1.4306640625000000e-01 -1.6443664208054543e-09 -2.0008883439004421e-11 -1.6643753042444587e-09
148 1.4404296875000000e-01 -1.6552803572267294e-09 -2.0008883439004421e-11 -1.6752892406657338e-09
149 1.4501953125000000e-01 -1.6652847989462316e-09 -1.9099388737231493e-11 -1.6843841876834631e-09
150 1.4599609375000000e-01 -1.6771082300692797e-09 -2.0008883439004421e-11 -1.6971171135082841e-09
151 1.4697265625000000e-01 -1.6862031770870090e-09 -2.0008883439004421e-11 -1.7062120605260134e-09
152 1.4794921875000000e-01 -1.6998455976136029e-09 -2.0008883439004421e-11 -1.7198544810526073e-09
153 1.4892578125000000e-01 -1.7071215552277863e-09 -2.0918378140777349e-11 -1.7280399333685637e-09
154 1.4990234375000000e-01 -1.7198544810526073e-09 -2.0008883439004421e-11 -1.7398633644916117e-09
155 1.5087890625000000e-01 -1.7298589227721095e-09 -2.0918378140777349e-11 -1.7507773009128869e-09
156 1.5185546875000000e-01 -1.7407728591933846e-09 -2.0918378140777349e-11 -1.7616912373341620e-09
157 1.5283203125000000e-01 -1.7498678062111139e-09 -2.0918378140777349e-11 -1.7707861843518913e-09
158 1.5380859375000000e-01 -1.7616912373341620e-09 -2.1827872842550278e-11 -1.7835191101767123e-09
159 1.5478515625000000e-01 -1.7698766896501184e-09 -2.1827872842550278e-11 -1.7917045624926686e-09
160 1.5576171875000000e-01 -1.7826096154749393e-09 -2.1827872842550278e-11 -1.8044374883174896e-09
161 1.5673828125000000e-01 -1.7917045624926686e-09 -2.1827872842550278e-11 -1.8135324353352189e-09
162 1.5771484375000000e-01 -1.8017090042121708e-09 -2.1827872842550278e-11 -1.8235368770547211e-09
163 1.5869140625000000e-01 -1.8117134459316730e-09 -2.2737367544323206e-11 -1.8344508134759963e-09
164 1.5966796875000000e-01 -1.8208083929494023e-09 -2.1827872842550278e-11 -1.8426362657919526e-09
165 1.6064453125000000e-01 -1.8299033399671316e-09 -2.1827872842550278e-11 -1.8517312128096819e-09
166 1.6162109375000000e-01 -1.8417267710901797e-09 -2.1827872842550278e-11 -1.8635546439327300e-09
167 1.6259765625000000e-01 -1.8508217181079090e-09 -2.1827872842550278e-11 -1.8726495909504592e-09
168 1.6357421875000000e-01 -1.8608261598274112e-09 -2.1827872842550278e-11 -1.8826540326699615e-09
169 1.6455078125000000e-01 -1.8726495909504592e-09 -2.2737367544323206e-11 -1.8953869584947824e-09
170 1.6552734375000000e-01 -1.8808350432664156e-09 -2.2737367544323206e-11 -1.9035724108107388e-09
171 1.6650390625000000e-01 -1.8917489796876907e-09 -2.2737367544323206e-11 -1.9144863472320139e-09
172 1.6748046875000000e-01 -1.9026629161089659e-09 -2.1827872842550278e-11 -1.9244907889515162e-09
173 1.6845703125000000e-01 -1.9117578631266952e-09 -2.2737367544323206e-11 -1.9344952306710184e-09
174 1.6943359375000000e-01 -1.9226717995479703e-09 -2.2737367544323206e-11 -1.9454091670922935e-09
175 1.7041015625000000e-01 -1.9308572518639266e-09 -2.3646862246096134e-11 -1.9545041141100228e-09
176 1.7138671875000000e-01 -1.9435901776887476e-09 -2.3646862246096134e-11 -1.9672370399348438e-09
177 1.7236328125000000e-01 -1.9508661353029311e-09 -2.1827872842550278e-11 -1.9726940081454813e-09
178 1.7333984375000000e-01 -1.9626895664259791e-09 -2.3646862246096134e-11 -1.9863364286720753e-09
179 1.7431640625000000e-01 -1.9726940081454813e-09 -2.3646862246096134e-11 -1.9963408703915775e-09
180 1.7529296875000000e-01 -1.9817889551632106e-09 -2.4556356947869062e-11 -2.0063453121110797e-09
181 1.7626953125000000e-01 -1.9936123862862587e-09 -2.4556356947869062e-11 -2.0181687432341278e-09
182 1.7724609375000000e-01 -2.0008883439004421e-09 -2.2737367544323206e-11 -2.0236257114447653e-09
183 1.7822265625000000e-01 -2.0127117750234902e-09 -2.3646862246096134e-11 -2.0363586372695863e-09
184 1.7919921875000000e-01 -2.0208972273394465e-09 -2.3646862246096134e-11 -2.0445440895855427e-09
185 1.8017578125000000e-01 -2.0318111637607217e-09 -2.3646862246096134e-11 -2.0554580260068178e-09
186 1.8115234375000000e-01 -2.0418156054802239e-09 -2.5465851649641991e-11 -2.0672814571298659e-09
187 1.8212890625000000e-01 -2.0509105524979532e-09 -2.5465851649641991e-11 -2.0763764041475952e-09
188 1.8310546875000000e-01 -2.0636434783227742e-09 -2.6375346351414919e-11 -2.0900188246741891e-09
189 1.8408203125000000e-01 -2.0691004465334117e-09 -2.4556356947869062e-11 -2.0936568034812808e-09
190 1.8505859375000000e-01 -2.0809238776564598e-09 -2.4556356947869062e-11 -2.1054802346043289e-09
191 1.8603515625000000e-01 -2.0909283193759620e-09 -2.5465851649641991e-11 -2.1163941710256040e-09
192 1.8701171875000000e-01 -2.1000232663936913e-09 -2.6375346351414919e-11 -2.1263986127451062e-09
193 1.8798828125000000e-01 -2.1091182134114206e-09 -2.5465851649641991e-11 -2.1345840650610626e-09
194 1.8896484375000000e-01 -2.1191226551309228e-09 -2.5465851649641991e-11 -2.1445885067805648e-09
195 1.8994140625000000e-01 -2.1282176021486521e-09 -2.5465851649641991e-11 -2.1536834537982941e-09
196 1.9091796875000000e-01 -2.1391315385699272e-09 -2.5465851649641991e-11 -2.1645973902195692e-09
197 1.9189453125000000e-01 -2.1482264855876565e-09 -2.6375346351414919e-11 -2.1746018319390714e-09
198 1.9287109375000000e-01 -2.1564119379036129e-09 -2.5465851649641991e-11 -2.1818777895532548e-09
199 1.9384765625000000e-01 -2.1682353690266609e-09 -2.5465851649641991e-11 -2.1937012206763029e-09
200 1.9482421875000000e-01 -2.1755113266408443e-09 -2.6375346351414919e-11 -2.2018866729922593e-09
201 1.9580078125000000e-01 -2.1873347577638924e-09 -2.7284841053187847e-11 -2.2146195988170803e-09
202 1.9677734375000000e-01 -2.1955202100798488e-09 -2.6375346351414919e-11 -2.2218955564312637e-09
203 1.9775390625000000e-01 -2.2055246517993510e-09 -2.5465851649641991e-11 -2.2309905034489930e-09
204 1.9873046875000000e-01 -2.2137101041153073e-09 -2.6375346351414919e-11 -2.2400854504667222e-09
205 1.9970703125000000e-01 -2.2246240405365825e-09 -2.6375346351414919e-11 -2.2509993868879974e-09
206 2.0068359375000000e-01 -2.2346284822560847e-09 -2.7284841053187847e-11 -2.2619133233092725e-09
207 2.0166015625000000e-01 -2.2419044398702681e-09 -2.7284841053187847e-11 -2.2691892809234560e-09
208 2.0263671875000000e-01 -2.2519088815897703e-09 -2.6375346351414919e-11 -2.2782842279411852e-09
209 2.0361328125000000e-01 -2.2619133233092725e-09 -2.8194335754960775e-11 -2.2901076590642333e-09
210 2.0458984375000000e-01 -2.2700987756252289e-09 -2.6375346351414919e-11 -2.2964741219766438e-09
211 2.0556640625000000e-01 -2.2801032173447311e-09 -2.7284841053187847e-11 -2.3073880583979189e-09
212 2.0654296875000000e-01 -2.2882886696606874e-09 -2.7284841053187847e-11 -2.3155735107138753e-09
213 2.0751953125000000e-01 -2.3001121007837355e-09 -2.7284841053187847e-11 -2.3273969418369234e-09
214 2.0849609375000000e-01 -2.3092070478014648e-09 -2.8194335754960775e-11 -2.3374013835564256e-09
215 2.0947265625000000e-01 -2.3192114895209670e-09 -2.9103830456733704e-11 -2.3483153199777007e-09
216 2.1044921875000000e-01 -2.3273969418369234e-09 -2.8194335754960775e-11 -2.3555912775918841e-09
217 2.1142578125000000e-01 -2.3364918888546526e-09 -2.7284841053187847e-11 -2.3637767299078405e-09
218 2.1240234375000000e-01 -2.3446773411706090e-09 -2.8194335754960775e-11 -2.3728716769255698e-09
219 2.1337890625000000e-01 -2.3537722881883383e-09 -2.8194335754960775e-11 -2.3819666239432991e-09
220 2.1435546875000000e-01 -2.3628672352060676e-09 -2.8194335754960775e-11 -2.3910615709610283e-09
221 2.1533203125000000e-01 -2.3710526875220239e-09 -2.8194335754960775e-11 -2.3992470232769847e-09
222 2.1630859375000000e-01 -2.3810571292415261e-09 -2.8194335754960775e-11 -2.4092514649964869e-09
223 2.1728515625000000e-01 -2.3919710656628013e-09 -2.8194335754960775e-11 -2.4201654014177620e-09
224 2.1826171875000000e-01 -2.3992470232769847e-09 -2.9103830456733704e-11 -2.4283508537337184e-09
225 2.1923828125000000e-01 -2.4092514649964869e-09 -3.0013325158506632e-11 -2.4392647901549935e-09
226 2.2021484375000000e-01 -2.4174369173124433e-09 -3.0013325158506632e-11 -2.4474502424709499e-09
227 2.2119140625000000e-01 -2.4256223696283996e-09 -2.8194335754960775e-11 -2.4538167053833604e-09
228 2.2216796875000000e-01 -2.4319888325408101e-09 -2.9103830456733704e-11 -2.4610926629975438e-09
229 2.2314453125000000e-01 -2.4429027689620852e-09 -3.0013325158506632e-11 -2.4729160941205919e-09
230 2.2412109375000000e-01 -2.4538167053833604e-09 -3.0013325158506632e-11 -2.4838300305418670e-09
231 2.2509765625000000e-01 -2.4610926629975438e-09 -3.0922819860279560e-11 -2.4920154828578234e-09
232 2.2607421875000000e-01 -2.4720065994188190e-09 -3.0013325158506632e-11 -2.5020199245773256e-09
233 2.2705078125000000e-01 -2.4783730623312294e-09 -2.9103830456733704e-11 -2.5074768927879632e-09
234 2.2802734375000000e-01 -2.4874680093489587e-09 -3.0922819860279560e-11 -2.5183908292092383e-09
235 2.2900390625000000e-01 -2.4947439669631422e-09 -2.9103830456733704e-11 -2.5238477974198759e-09
236 2.2998046875000000e-01 -2.5047484086826444e-09 -2.9103830456733704e-11 -2.5338522391393781e-09
237 2.3095703125000000e-01 -2.5147528504021466e-09 -3.0013325158506632e-11 -2.5447661755606532e-09
238 2.3193359375000000e-01 -2.5229383027181029e-09 -3.0013325158506632e-11 -2.5529516278766096e-09
239 2.3291015625000000e-01 -2.5320332497358322e-09 -3.0922819860279560e-11 -2.5629560695961118e-09
240 2.3388671875000000e-01 -2.5402187020517886e-09 -3.1832314562052488e-11 -2.5720510166138411e-09
241 2.3486328125000000e-01 -2.5474946596659720e-09 -3.0013325158506632e-11 -2.5775079848244786e-09
242 2.3583984375000000e-01 -2.5565896066837013e-09 -3.0013325158506632e-11 -2.5866029318422079e-09
243 2.3681640625000000e-01 -2.5647750589996576e-09 -3.0922819860279560e-11 -2.5956978788599372e-09
244 2.3779296875000000e-01 -2.5747795007191598e-09 -3.0013325158506632e-11 -2.6047928258776665e-09
245 2.3876953125000000e-01 -2.5811459636315703e-09 -3.0922819860279560e-11 -2.6120687834918499e-09
246 2.3974609375000000e-01 -2.5920599000528455e-09 -3.0922819860279560e-11 -2.6229827199131250e-09
247 2.4072265625000000e-01 -2.5993358576670289e-09 -3.0922819860279560e-11 -2.6302586775273085e-09
248 2.4169921875000000e-01 -2.6084308046847582e-09 -3.0922819860279560e-11 -2.6393536245450377e-09
249 2.4267578125000000e-01 -2.6184352464042604e-09 -3.1832314562052488e-11 -2.6502675609663129e-09
250 2.4365234375000000e-01 -2.6238922146148980e-09 -3.2741809263825417e-11 -2.6566340238787234e-09
251 2.4462890625000000e-01 -2.6338966563344002e-09 -3.1832314562052488e-11 -2.6657289708964527e-09
252 2.4560546875000000e-01 -2.6393536245450377e-09 -3.0922819860279560e-11 -2.6702764444053173e-09
253 2.4658203125000000e-01 -2.6511770556680858e-09 -3.1832314562052488e-11 -2.6830093702301383e-09
254 2.4755859375000000e-01 -2.6575435185804963e-09 -3.1832314562052488e-11 -2.6893758331425488e-09
255 2.4853515625000000e-01 -2.6675479602999985e-09 -3.2741809263825417e-11 -2.7002897695638239e-09
256 2.4951171875000000e-01 -2.6739144232124090e-09 -3.2741809263825417e-11 -2.7066562324762344e-09
257 2.5048828125000000e-01 -2.6830093702301383e-09 -3.2741809263825417e-11 -2.7157511794939637e-09
258 2.5146484375000000e-01 -2.6902853278443217e-09 -3.1832314562052488e-11 -2.7221176424063742e-09
259 2.5244140625000000e-01 -2.6984707801602781e-09 -3.1832314562052488e-11 -2.7303030947223306e-09
260 2.5341796875000000e-01 -2.7075657271780074e-09 -3.1832314562052488e-11 -2.7393980417400599e-09
261 2.5439453125000000e-01 -2.7139321900904179e-09 -3.1832314562052488e-11 -2.7457645046524704e-09
262 2.5537109375000000e-01 -2.7221176424063742e-09 -3.2741809263825417e-11 -2.7548594516701996e-09
263 2.5634765625000000e-01 -2.7312125894241035e-09 -3.2741809263825417e-11 -2.7639543986879289e-09
264 2.5732421875000000e-01 -2.7384885470382869e-09 -3.1832314562052488e-11 -2.7703208616003394e-09
265 2.5830078125000000e-01 -2.7494024834595621e-09 -3.3651303965598345e-11 -2.7830537874251604e-09
266 2.5927734375000000e-01 -2.7566784410737455e-09 -3.2741809263825417e-11 -2.7894202503375709e-09
267 2.6025390625000000e-01 -2.7630449039861560e-09 -3.3651303965598345e-11 -2.7966962079517543e-09
268 2.6123046875000000e-01 -2.7721398510038853e-09 -3.2741809263825417e-11 -2.8048816602677107e-09
269 2.6220703125000000e-01 -2.7785063139162958e-09 -3.2741809263825417e-11 -2.8112481231801212e-09
270 2.6318359375000000e-01 -2.7876012609340250e-09 -3.4560798667371273e-11 -2.8221620596013963e-09
271 2.6416015625000000e-01 -2.7948772185482085e-09 -3.3651303965598345e-11 -2.8285285225138068e-09
272 2.6513671875000000e-01 -2.8039721655659378e-09 -3.3651303965598345e-11 -2.8376234695315361e-09
273 2.6611328125000000e-01 -2.8103386284783483e-09 -3.4560798667371273e-11 -2.8448994271457195e-09
274 2.6708984375000000e-01 -2.8185240807943046e-09 -3.2741809263825417e-11 -2.8512658900581300e-09
275 2.6806640625000000e-01 -2.8248905437067151e-09 -3.4560798667371273e-11 -2.8594513423740864e-09
276 2.6904296875000000e-01 -2.8348949854262173e-09 -3.3651303965598345e-11 -2.8685462893918157e-09
277 2.7001953125000000e-01 -2.8430804377421737e-09 -3.4560798667371273e-11 -2.8776412364095449e-09
278 2.7099609375000000e-01 -2.8494469006545842e-09 -3.5470293369144201e-11 -2.8849171940237284e-09
279 2.7197265625000000e-01 -2.8576323529705405e-09 -3.3651303965598345e-11 -2.8912836569361389e-09
280 2.7294921875000000e-01 -2.8639988158829510e-09 -3.4560798667371273e-11 -2.8985596145503223e-09
281 2.7392578125000000e-01 -2.8730937629006803e-09 -3.4560798667371273e-11 -2.9076545615680516e-09
282 2.7490234375000000e-01 -2.8776412364095449e-09 -3.3651303965598345e-11 -2.9112925403751433e-09
283 2.7587890625000000e-01 -2.8858266887255013e-09 -3.5470293369144201e-11 -2.9212969820946455e-09
284 2.7685546875000000e-01 -2.8958311304450035e-09 -3.5470293369144201e-11 -2.9313014238141477e-09
285 2.7783203125000000e-01 -2.9021975933574140e-09 -3.5470293369144201e-11 -2.9376678867265582e-09
286 2.7880859375000000e-01 -2.9103830456733704e-09 -3.4560798667371273e-11 -2.9449438443407416e-09
287 2.7978515625000000e-01 -2.9167495085857809e-09 -3.5470293369144201e-11 -2.9522198019549251e-09
288 2.8076171875000000e-01 -2.9240254661999643e-09 -3.4560798667371273e-11 -2.9585862648673356e-09
289 2.8173828125000000e-01 -2.9322109185159206e-09 -3.5470293369144201e-11 -2.9676812118850648e-09
290 2.8271484375000000e-01 -2.9385773814283311e-09 -3.5470293369144201e-11 -2.9740476747974753e-09
291 2.8369140625000000e-01 -2.9458533390425146e-09 -3.5470293369144201e-11 -2.9813236324116588e-09
292 2.8466796875000000e-01 -2.9540387913584709e-09 -3.6379788070917130e-11 -2.9904185794293880e-09
293 2.8564453125000000e-01 -2.9631337383762002e-09 -3.5470293369144201e-11 -2.9986040317453444e-09
294 2.8662109375000000e-01 -2.9685907065868378e-09 -3.5470293369144201e-11 -3.0040609999559820e-09
295 2.8759765625000000e-01 -2.9767761589027941e-09 -3.6379788070917130e-11 -3.0131559469737113e-09
296 2.8857421875000000e-01 -2.9822331271134317e-09 -3.5470293369144201e-11 -3.0177034204825759e-09
297 2.8955078125000000e-01 -2.9885995900258422e-09 -3.5470293369144201e-11 -3.0240698833949864e-09
298 2.9052734375000000e-01 -2.9976945370435715e-09 -3.6379788070917130e-11 -3.0340743251144886e-09
299 2.9150390625000000e-01 -3.0040609999559820e-09 -3.5470293369144201e-11 -3.0395312933251262e-09
300 2.9248046875000000e-01 -3.0122464522719383e-09 -3.6379788070917130e-11 -3.0486262403428555e-09
301 2.9345703125000000e-01 -3.0186129151843488e-09 -3.6379788070917130e-11 -3.0549927032552660e-09
302 2.9443359375000000e-01 -3.0249793780967593e-09 -3.6379788070917130e-11 -3.0613591661676764e-09
303 2.9541015625000000e-01 -3.0313458410091698e-09 -3.6379788070917130e-11 -3.0677256290800869e-09
304 2.9638671875000000e-01 -3.0386217986233532e-09 -3.6379788070917130e-11 -3.0750015866942704e-09
305 2.9736328125000000e-01 -3.0468072509393096e-09 -3.7289282772690058e-11 -3.0840965337119997e-09
306 2.9833984375000000e-01 -3.0522642191499472e-09 -3.7289282772690058e-11 -3.0895535019226372e-09
307 2.9931640625000000e-01 -3.0604496714659035e-09 -3.8198777474462986e-11 -3.0986484489403665e-09
308 3.0029296875000000e-01 -3.0677256290800869e-09 -3.7289282772690058e-11 -3.1050149118527770e-09
309 3.0126953125000000e-01 -3.0731825972907245e-09 -3.6379788070917130e-11 -3.1095623853616416e-09
310 3.0224609375000000e-01 -3.0768205760978162e-09 -3.6379788070917130e-11 -3.1132003641687334e-09
311 3.0322265625000000e-01 -3.0850060284137726e-09 -3.7289282772690058e-11 -3.1222953111864626e-09
312 3.0419921875000000e-01 -3.0913724913261831e-09 -3.7289282772690058e-11 -3.1286617740988731e-09
313 3.0517578125000000e-01 -3.0995579436421394e-09 -3.8198777474462986e-11 -3.1377567211166024e-09
314 3.0615234375000000e-01 -3.1059244065545499e-09 -3.6379788070917130e-11 -3.1423041946254671e-09
315 3.0712890625000000e-01 -3.1122908694669604e-09 -3.7289282772690058e-11 -3.1495801522396505e-09
316 3.0810546875000000e-01 -3.1195668270811439e-09 -3.8198777474462986e-11 -3.1577656045556068e-09
317 3.0908203125000000e-01 -3.1268427846953273e-09 -3.7289282772690058e-11 -3.1641320674680173e-09
318 3.1005859375000000e-01 -3.1359377317130566e-09 -3.8198777474462986e-11 -3.1741365091875196e-09
319 3.1103515625000000e-01 -3.1377567211166024e-09 -3.8198777474462986e-11 -3.1759554985910654e-09
320 3.1201171875000000e-01 -3.1468516681343317e-09 -3.8198777474462986e-11 -3.1850504456087947e-09
321 3.1298828125000000e-01 -3.1523086363449693e-09 -3.8198777474462986e-11 -3.1905074138194323e-09
322 3.1396484375000000e-01 -3.1577656045556068e-09 -3.8198777474462986e-11 -3.1959643820300698e-09
323 3.1494140625000000e-01 -3.1668605515733361e-09 -3.8198777474462986e-11 -3.2050593290477991e-09
324 3.1591796875000000e-01 -3.1723175197839737e-09 -3.6379788070917130e-11 -3.2086973078548908e-09
325 3.1689453125000000e-01 -3.1795934773981571e-09 -3.8198777474462986e-11 -3.2177922548726201e-09
326 3.1787109375000000e-01 -3.1850504456087947e-09 -4.0017766878008842e-11 -3.2250682124868035e-09
327 3.1884765625000000e-01 -3.1905074138194323e-09 -4.0017766878008842e-11 -3.2305251806974411e-09
328 3.1982421875000000e-01 -3.1959643820300698e-09 -3.8198777474462986e-11 -3.2341631595045328e-09
329 3.2080078125000000e-01 -3.2032403396442533e-09 -3.8198777474462986e-11 -3.2414391171187162e-09
330 3.2177734375000000e-01 -3.2105162972584367e-09 -3.8198777474462986e-11 -3.2487150747328997e-09
331 3.2275390625000000e-01 -3.2159732654690742e-09 -3.8198777474462986e-11 -3.2541720429435372e-09
332 3.2373046875000000e-01 -3.2214302336797118e-09 -3.8198777474462986e-11 -3.2596290111541748e-09
333 3.2470703125000000e-01 -3.2268872018903494e-09 -3.8198777474462986e-11 -3.2650859793648124e-09
334 3.2568359375000000e-01 -3.2341631595045328e-09 -4.1836756281554699e-11 -3.2759999157860875e-09
335 3.2666015625000000e-01 -3.2378011383116245e-09 -3.8198777474462986e-11 -3.2759999157860875e-09
336 3.2763671875000000e-01 -3.2450770959258080e-09 -3.8198777474462986e-11 -3.2832758734002709e-09
337 3.2861328125000000e-01 -3.2523530535399914e-09 -3.6379788070917130e-11 -3.2887328416109085e-09
338 3.2958984375000000e-01 -3.2596290111541748e-09 -4.0017766878008842e-11 -3.2996467780321836e-09
339 3.3056640625000000e-01 -3.2650859793648124e-09 -4.0017766878008842e-11 -3.3051037462428212e-09
340 3.3154296875000000e-01 -3.2723619369789958e-09 -4.0017766878008842e-11 -3.3123797038570046e-09
341 3.3251953125000000e-01 -3.2759999157860875e-09 -3.8198777474462986e-11 -3.3141986932605505e-09
342 3.3349609375000000e-01 -3.2814568839967251e-09 -4.0017766878008842e-11 -3.3214746508747339e-09
343 3.3447265625000000e-01 -3.2887328416109085e-09 -4.0017766878008842e-11 -3.3287506084889174e-09
344 3.3544921875000000e-01 -3.2905518310144544e-09 -4.0017766878008842e-11 -3.3305695978924632e-09
345 3.3642578125000000e-01 -3.3014657674357295e-09 -4.0017766878008842e-11 -3.3414835343137383e-09
346 3.3740234375000000e-01 -3.3051037462428212e-09 -4.0017766878008842e-11 -3.3451215131208301e-09
347 3.3837890625000000e-01 -3.3105607144534588e-09 -4.1836756281554699e-11 -3.3523974707350135e-09
348 3.3935546875000000e-01 -3.3141986932605505e-09 -4.1836756281554699e-11 -3.3560354495421052e-09
349 3.4033203125000000e-01 -3.3232936402782798e-09 -4.1836756281554699e-11 -3.3651303965598345e-09
350 3.4130859375000000e-01 -3.3287506084889174e-09 -4.0017766878008842e-11 -3.3687683753669262e-09
351 3.4228515625000000e-01 -3.3323885872960091e-09 -4.0017766878008842e-11 -3.3724063541740179e-09
352 3.4326171875000000e-01 -3.3414835343137383e-09 -4.1836756281554699e-11 -3.3833202905952930e-09
353 3.4423828125000000e-01 -3.3451215131208301e-09 -4.0017766878008842e-11 -3.3851392799988389e-09
354 3.4521484375000000e-01 -3.3469405025243759e-09 -3.8198777474462986e-11 -3.3851392799988389e-09
355 3.4619140625000000e-01 -3.3560354495421052e-09 -4.0017766878008842e-11 -3.3960532164201140e-09
356 3.4716796875000000e-01 -3.3578544389456511e-09 -4.0017766878008842e-11 -3.3978722058236599e-09
357 3.4814453125000000e-01 -3.3651303965598345e-09 -4.0017766878008842e-11 -3.4051481634378433e-09
358 3.4912109375000000e-01 -3.3687683753669262e-09 -4.1836756281554699e-11 -3.4106051316484809e-09
359 3.5009765625000000e-01 -3.3742253435775638e-09 -4.1836756281554699e-11 -3.4160620998591185e-09
360 3.5107421875000000e-01 -3.3796823117882013e-09 -4.1836756281554699e-11 -3.4215190680697560e-09
361 3.5205078125000000e-01 -3.3887772588059306e-09 -4.1836756281554699e-11 -3.4306140150874853e-09
362 3.5302734375000000e-01 -3.3905962482094765e-09 -4.1836756281554699e-11 -3.4324330044910312e-09
363 3.5400390625000000e-01 -3.3960532164201140e-09 -4.0017766878008842e-11 -3.4360709832981229e-09
364 3.5498046875000000e-01 -3.3996911952272058e-09 -4.0017766878008842e-11 -3.4397089621052146e-09
365 3.5595703125000000e-01 -3.4051481634378433e-09 -4.1836756281554699e-11 -3.4469849197193980e-09
366 3.5693359375000000e-01 -3.4087861422449350e-09 -4.0017766878008842e-11 -3.4488039091229439e-09
367 3.5791015625000000e-01 -3.4160620998591185e-09 -4.0017766878008842e-11 -3.4560798667371273e-09
368 3.5888671875000000e-01 -3.4197000786662102e-09 -4.0017766878008842e-11 -3.4597178455442190e-09
369 3.5986328125000000e-01 -3.4269760362803936e-09 -4.1836756281554699e-11 -3.4688127925619483e-09
370 3.6083984375000000e-01 -3.4324330044910312e-09 -4.1836756281554699e-11 -3.4742697607725859e-09
371 3.6181640625000000e-01 -3.4397089621052146e-09 -4.1836756281554699e-11 -3.4815457183867693e-09
372 3.6279296875000000e-01 -3.4433469409123063e-09 -4.3655745685100555e-11 -3.4870026865974069e-09
373 3.6376953125000000e-01 -3.4488039091229439e-09 -4.1836756281554699e-11 -3.4906406654044986e-09
374 3.6474609375000000e-01 -3.4524418879300356e-09 -4.1836756281554699e-11 -3.4942786442115903e-09
375 3.6572265625000000e-01 -3.4578988561406732e-09 -4.0017766878008842e-11 -3.4979166230186820e-09
376 3.6669921875000000e-01 -3.4597178455442190e-09 -4.1836756281554699e-11 -3.5015546018257737e-09
377 3.6767578125000000e-01 -3.4651748137548566e-09 -4.1836756281554699e-11 -3.5070115700364113e-09
378 3.6865234375000000e-01 -3.4706317819654942e-09 -4.1836756281554699e-11 -3.5124685382470489e-09
379 3.6962890625000000e-01 -3.4742697607725859e-09 -4.0017766878008842e-11 -3.5142875276505947e-09
380 3.7060546875000000e-01 -3.4760887501761317e-09 -4.1836756281554699e-11 -3.5179255064576864e-09
381 3.7158203125000000e-01 -3.4888216760009527e-09 -4.3655745685100555e-11 -3.5324774216860533e-09
382 3.7255859375000000e-01 -3.4851836971938610e-09 -4.1836756281554699e-11 -3.5270204534754157e-09
383 3.7353515625000000e-01 -3.4960976336151361e-09 -4.3655745685100555e-11 -3.5397533793002367e-09
384 3.7451171875000000e-01 -3.4979166230186820e-09 -4.1836756281554699e-11 -3.5397533793002367e-09
385 3.7548828125000000e-01 -3.5033735912293196e-09 -4.3655745685100555e-11 -3.5470293369144201e-09
386 3.7646484375000000e-01 -3.5070115700364113e-09 -4.1836756281554699e-11 -3.5488483263179660e-09
387 3.7744140625000000e-01 -3.5124685382470489e-09 -4.3655745685100555e-11 -3.5561242839321494e-09
388 3.7841796875000000e-01 -3.5179255064576864e-09 -4.1836756281554699e-11 -3.5597622627392411e-09
389 3.7939453125000000e-01 -3.5197444958612323e-09 -4.1836756281554699e-11 -3.5615812521427870e-09
390 3.8037109375000000e-01 -3.5233824746683240e-09 -4.1836756281554699e-11 -3.5652192309498787e-09
391 3.8134765625000000e-01 -3.5288394428789616e-09 -4.1836756281554699e-11 -3.5706761991605163e-09
392 3.8232421875000000e-01 -3.5324774216860533e-09 -4.3655745685100555e-11 -3.5761331673711538e-09
393 3.8330078125000000e-01 -3.5379343898966908e-09 -4.3655745685100555e-11 -3.5815901355817914e-09
394 3.8427734375000000e-01 -3.5415723687037826e-09 -4.1836756281554699e-11 -3.5834091249853373e-09
395 3.8525390625000000e-01 -3.5452103475108743e-09 -4.1836756281554699e-11 -3.5870471037924290e-09
396 3.8623046875000000e-01 -3.5488483263179660e-09 -4.1836756281554699e-11 -3.5906850825995207e-09
397 3.8720703125000000e-01 -3.5561242839321494e-09 -4.3655745685100555e-11 -3.5997800296172500e-09
398 3.8818359375000000e-01 -3.5579432733356953e-09 -4.3655745685100555e-11 -3.6015990190207958e-09
399 3.8916015625000000e-01 -3.5634002415463328e-09 -4.3655745685100555e-11 -3.6070559872314334e-09
400 3.9013671875000000e-01 -3.5652192309498787e-09 -4.1836756281554699e-11 -3.6070559872314334e-09
401 3.9111328125000000e-01 -3.5706761991605163e-09 -4.1836756281554699e-11 -3.6125129554420710e-09
402 3.9208984375000000e-01 -3.5743141779676080e-09 -4.3655745685100555e-11 -3.6179699236527085e-09
403 3.9306640625000000e-01 -3.5797711461782455e-09 -4.3655745685100555e-11 -3.6234268918633461e-09
404 3.9404296875000000e-01 -3.5797711461782455e-09 -4.3655745685100555e-11 -3.6234268918633461e-09
405 3.9501953125000000e-01 -3.5870471037924290e-09 -4.3655745685100555e-11 -3.6307028494775295e-09
406 3.9599609375000000e-01 -3.5870471037924290e-09 -4.3655745685100555e-11 -3.6307028494775295e-09
407 3.9697265625000000e-01 -3.5906850825995207e-09 -4.1836756281554699e-11 -3.6325218388810754e-09
408 3.9794921875000000e-01 -3.5943230614066124e-09 -4.3655745685100555e-11 -3.6379788070917130e-09
409 3.9892578125000000e-01 -3.5997800296172500e-09 -4.3655745685100555e-11 -3.6434357753023505e-09
410 3.9990234375000000e-01 -3.6034180084243417e-09 -4.3655745685100555e-11 -3.6470737541094422e-09
411 4.0087890625000000e-01 -3.6088749766349792e-09 -4.1836756281554699e-11 -3.6507117329165339e-09
412 4.0185546875000000e-01 -3.6125129554420710e-09 -4.1836756281554699e-11 -3.6543497117236257e-09
413 4.0283203125000000e-01 -3.6143319448456168e-09 -4.3655745685100555e-11 -3.6579876905307174e-09
414 4.0380859375000000e-01 -3.6179699236527085e-09 -4.3655745685100555e-11 -3.6616256693378091e-09
415 4.0478515625000000e-01 -3.6197889130562544e-09 -4.3655745685100555e-11 -3.6634446587413549e-09
416 4.0576171875000000e-01 -3.6216079024598002e-09 -4.3655745685100555e-11 -3.6652636481449008e-09
417 4.0673828125000000e-01 -3.6288838600739837e-09 -4.3655745685100555e-11 -3.6725396057590842e-09
418 4.0771484375000000e-01 -3.6288838600739837e-09 -4.3655745685100555e-11 -3.6725396057590842e-09
419 4.0869140625000000e-01 -3.6361598176881671e-09 -4.5474735088646412e-11 -3.6816345527768135e-09
420 4.0966796875000000e-01 -3.6343408282846212e-09 -4.1836756281554699e-11 -3.6761775845661759e-09
421 4.1064453125000000e-01 -3.6434357753023505e-09 -4.3655745685100555e-11 -3.6870915209874511e-09
422 4.1162109375000000e-01 -3.6452547647058964e-09 -4.3655745685100555e-11 -3.6889105103909969e-09
423 4.1259765625000000e-01 -3.6488927435129881e-09 -4.3655745685100555e-11 -3.6925484891980886e-09
424 4.1357421875000000e-01 -3.6507117329165339e-09 -4.3655745685100555e-11 -3.6943674786016345e-09
425 4.1455078125000000e-01 -3.6507117329165339e-09 -4.3655745685100555e-11 -3.6943674786016345e-09
426 4.1552734375000000e-01 -3.6543497117236257e-09 -4.3655745685100555e-11 -3.6980054574087262e-09
427 4.1650390625000000e-01 -3.6579876905307174e-09 -4.3655745685100555e-11 -3.7016434362158179e-09
428 4.1748046875000000e-01 -3.6598066799342632e-09 -4.5474735088646412e-11 -3.7052814150229096e-09
429 4.1845703125000000e-01 -3.6652636481449008e-09 -4.5474735088646412e-11 -3.7107383832335472e-09
430 4.1943359375000000e-01 -3.6670826375484467e-09 -4.3655745685100555e-11 -3.7107383832335472e-09
431 4.2041015625000000e-01 -3.6707206163555384e-09 -4.3655745685100555e-11 -3.7143763620406389e-09
432 4.2138671875000000e-01 -3.6743585951626301e-09 -4.3655745685100555e-11 -3.7180143408477306e-09
433 4.2236328125000000e-01 -3.6779965739697218e-09 -4.3655745685100555e-11 -3.7216523196548223e-09
434 4.2333984375000000e-01 -3.6816345527768135e-09 -4.3655745685100555e-11 -3.7252902984619141e-09
435 4.2431640625000000e-01 -3.6834535421803594e-09 -4.5474735088646412e-11 -3.7289282772690058e-09
436 4.2529296875000000e-01 -3.6834535421803594e-09 -4.3655745685100555e-11 -3.7271092878654599e-09
437 4.2626953125000000e-01 -3.6870915209874511e-09 -4.5474735088646412e-11 -3.7325662560760975e-09
438 4.2724609375000000e-01 -3.6870915209874511e-09 -4.3655745685100555e-11 -3.7307472666725516e-09
439 4.2822265625000000e-01 -3.6943674786016345e-09 -4.5474735088646412e-11 -3.7398422136902809e-09
440 4.2919921875000000e-01 -3.6907294997945428e-09 -4.3655745685100555e-11 -3.7343852454796433e-09
441 4.3017578125000000e-01 -3.7016434362158179e-09 -4.5474735088646412e-11 -3.7471181713044643e-09
442 4.3115234375000000e-01 -3.6980054574087262e-09 -4.3655745685100555e-11 -3.7416612030938268e-09
443 4.3212890625000000e-01 -3.7034624256193638e-09 -4.3655745685100555e-11 -3.7471181713044643e-09
444 4.3310546875000000e-01 -3.7052814150229096e-09 -4.5474735088646412e-11 -3.7507561501115561e-09
445 4.3408203125000000e-01 -3.7089193938300014e-09 -4.3655745685100555e-11 -3.7525751395151019e-09
446 4.3505859375000000e-01 -3.7107383832335472e-09 -4.5474735088646412e-11 -3.7562131183221936e-09
447 4.3603515625000000e-01 -3.7107383832335472e-09 -4.3655745685100555e-11 -3.7543941289186478e-09
448 4.3701171875000000e-01 -3.7161953514441848e-09 -4.3655745685100555e-11 -3.7598510971292853e-09
449 4.3798828125000000e-01 -3.7180143408477306e-09 -4.5474735088646412e-11 -3.7634890759363770e-09
450 4.3896484375000000e-01 -3.7198333302512765e-09 -4.5474735088646412e-11 -3.7653080653399229e-09
451 4.3994140625000000e-01 -3.7216523196548223e-09 -4.3655745685100555e-11 -3.7653080653399229e-09
452 4.4091796875000000e-01 -3.7234713090583682e-09 -4.5474735088646412e-11 -3.7689460441470146e-09
453 4.4189453125000000e-01 -3.7271092878654599e-09 -4.5474735088646412e-11 -3.7725840229541063e-09
454 4.4287109375000000e-01 -3.7252902984619141e-09 -4.3655745685100555e-11 -3.7689460441470146e-09
455 4.4384765625000000e-01 -3.7289282772690058e-09 -4.5474735088646412e-11 -3.7744030123576522e-09
456 4.4482421875000000e-01 -3.7307472666725516e-09 -4.5474735088646412e-11 -3.7762220017611980e-09
457 4.4580078125000000e-01 -3.7343852454796433e-09 -4.3655745685100555e-11 -3.7780409911647439e-09
458 4.4677734375000000e-01 -3.7325662560760975e-09 -4.5474735088646412e-11 -3.7780409911647439e-09
459 4.4775390625000000e-01 -3.7398422136902809e-09 -4.5474735088646412e-11 -3.7853169487789273e-09
460 4.4873046875000000e-01 -3.7380232242867351e-09 -4.3655745685100555e-11 -3.7816789699718356e-09
461 4.4970703125000000e-01 -3.7398422136902809e-09 -4.5474735088646412e-11 -3.7853169487789273e-09
462 4.5068359375000000e-01 -3.7434801924973726e-09 -4.5474735088646412e-11 -3.7889549275860190e-09
463 4.5166015625000000e-01 -3.7434801924973726e-09 -4.3655745685100555e-11 -3.7871359381824732e-09
464 4.5263671875000000e-01 -3.7471181713044643e-09 -4.7293724492192268e-11 -3.7944118957966566e-09
465 4.5361328125000000e-01 -3.7507561501115561e-09 -4.7293724492192268e-11 -3.7980498746037483e-09
466 4.5458984375000000e-01 -3.7489371607080102e-09 -4.5474735088646412e-11 -3.7944118957966566e-09
467 4.5556640625000000e-01 -3.7525751395151019e-09 -4.5474735088646412e-11 -3.7980498746037483e-09
468 4.5654296875000000e-01 -3.7507561501115561e-09 -4.5474735088646412e-11 -3.7962308852002025e-09
469 4.5751953125000000e-01 -3.7525751395151019e-09 -4.5474735088646412e-11 -3.7980498746037483e-09
470 4.5849609375000000e-01 -3.7543941289186478e-09 -4.3655745685100555e-11 -3.7980498746037483e-09
471 4.5947265625000000e-01 -3.7543941289186478e-09 -4.5474735088646412e-11 -3.7998688640072942e-09
472 4.6044921875000000e-01 -3.7598510971292853e-09 -4.3655745685100555e-11 -3.8035068428143859e-09
473 4.6142578125000000e-01 -3.7598510971292853e-09 -4.5474735088646412e-11 -3.8053258322179317e-09
474 4.6240234375000000e-01 -3.7616700865328312e-09 -4.5474735088646412e-11 -3.8071448216214776e-09
475 4.6337890625000000e-01 -3.7653080653399229e-09 -4.5474735088646412e-11 -3.8107828004285693e-09
476 4.6435546875000000e-01 -3.7671270547434688e-09 -4.7293724492192268e-11 -3.8144207792356610e-09
477 4.6533203125000000e-01 -3.7671270547434688e-09 -4.3655745685100555e-11 -3.8107828004285693e-09
478 4.6630859375000000e-01 -3.7689460441470146e-09 -4.3655745685100555e-11 -3.8126017898321152e-09
479 4.6728515625000000e-01 -3.7707650335505605e-09 -4.5474735088646412e-11 -3.8162397686392069e-09
480 4.6826171875000000e-01 -3.7725840229541063e-09 -4.5474735088646412e-11 -3.8180587580427527e-09
481 4.6923828125000000e-01 -3.7707650335505605e-09 -4.5474735088646412e-11 -3.8162397686392069e-09
482 4.7021484375000000e-01 -3.7725840229541063e-09 -4.5474735088646412e-11 -3.8180587580427527e-09
483 4.7119140625000000e-01 -3.7744030123576522e-09 -4.5474735088646412e-11 -3.8198777474462986e-09
484 4.7216796875000000e-01 -3.7762220017611980e-09 -4.3655745685100555e-11 -3.8198777474462986e-09
485 4.7314453125000000e-01 -3.7780409911647439e-09 -4.5474735088646412e-11 -3.8235157262533903e-09
486 4.7412109375000000e-01 -3.7762220017611980e-09 -4.5474735088646412e-11 -3.8216967368498445e-09
487 4.7509765625000000e-01 -3.7762220017611980e-09 -4.5474735088646412e-11 -3.8216967368498445e-09
488 4.7607421875000000e-01 -3.7744030123576522e-09 -4.7293724492192268e-11 -3.8216967368498445e-09
489 4.7705078125000000e-01 -3.7780409911647439e-09 -4.5474735088646412e-11 -3.8235157262533903e-09
490 4.7802734375000000e-01 -3.7780409911647439e-09 -4.5474735088646412e-11 -3.8235157262533903e-09
491 4.7900390625000000e-01 -3.7780409911647439e-09 -4.5474735088646412e-11 -3.8235157262533903e-09
492 4.7998046875000000e-01 -3.7816789699718356e-09 -4.3655745685100555e-11 -3.8253347156569362e-09
493 4.8095703125000000e-01 -3.7798599805682898e-09 -4.5474735088646412e-11 -3.8253347156569362e-09
494 4.8193359375000000e-01 -3.7834979593753815e-09 -4.5474735088646412e-11 -3.8289726944640279e-09
495 4.8291015625000000e-01 -3.7816789699718356e-09 -4.5474735088646412e-11 -3.8271537050604820e-09
496 4.8388671875000000e-01 -3.7871359381824732e-09 -4.5474735088646412e-11 -3.8326106732711196e-09
497 4.8486328125000000e-01 -3.7853169487789273e-09 -4.3655745685100555e-11 -3.8289726944640279e-09
498 4.8583984375000000e-01 -3.7871359381824732e-09 -4.5474735088646412e-11 -3.8326106732711196e-09
499 4.8681640625000000e-01 -3.7871359381824732e-09 -4.5474735088646412e-11 -3.8326106732711196e-09
500 4.8779296875000000e-01 -3.7853169487789273e-09 -4.5474735088646412e-11 -3.8307916838675737e-09
501 4.8876953125000000e-01 -3.7853169487789273e-09 -4.5474735088646412e-11 -3.8307916838675737e-09
502 4.8974609375000000e-01 -3.7834979593753815e-09 -4.5474735088646412e-11 -3.8289726944640279e-09
503 4.9072265625000000e-01 -3.7871359381824732e-09 -4.7293724492192268e-11 -3.8344296626746655e-09
504 4.9169921875000000e-01 -3.7853169487789273e-09 -4.5474735088646412e-11 -3.8307916838675737e-09
505 4.9267578125000000e-01 -3.7871359381824732e-09 -4.3655745685100555e-11 -3.8307916838675737e-09
506 4.9365234375000000e-01 -3.7871359381824732e-09 -4.3655745685100555e-11 -3.8307916838675737e-09
507 4.9462890625000000e-01 -3.7871359381824732e-09 -4.5474735088646412e-11 -3.8326106732711196e-09
508 4.9560546875000000e-01 -3.7871359381824732e-09 -4.5474735088646412e-11 -3.8326106732711196e-09
509 4.9658203125000000e-01 -3.7889549275860190e-09 -4.3655745685100555e-11 -3.8326106732711196e-09
510 4.9755859375000000e-01 -3.7871359381824732e-09 -4.5474735088646412e-11 -3.8326106732711196e-09
511 4.9853515625000000e-01 -3.7871359381824732e-09 -4.7293724492192268e-11 -3.8344296626746655e-09
512 4.9951171875000000e-01 -3.7871359381824732e-09 -4.5474735088646412e-11 -3.8326106732711196e-09
513 5.0048828125000000e-01 -3.7871359381824732e-09 -4.5474735088646412e-11 -3.8326106732711196e-09
514 5.0146484375000000e-01 -3.7871359381824732e-09 -4.7293724492192268e-11 -3.8344296626746655e-09
515 5.0244140625000000e-01 -3.7871359381824732e-09 -4.5474735088646412e-11 -3.8326106732711196e-09
516 5.0341796875000000e-01 -3.7889549275860190e-09 -4.3655745685100555e-11 -3.8326106732711196e-09
517 5.0439453125000000e-01 -3.7871359381824732e-09 -4.5474735088646412e-11 -3.8326106732711196e-09
518 5.0537109375000000e-01 -3.7871359381824732e-09 -4.5474735088646412e-11 -3.8326106732711196e-09
519 5.0634765625000000e-01 -3.7871359381824732e-09 -4.3655745685100555e-11 -3.8307916838675737e-09
520 5.0732421875000000e-01 -3.7871359381824732e-09 -4.3655745685100555e-11 -3.8307916838675737e-09
521 5.0830078125000000e-01 -3.7853169487789273e-09 -4.5474735088646412e-11 -3.8307916838675737e-09
522 5.0927734375000000e-01 -3.7871359381824732e-09 -4.7293724492192268e-11 -3.8344296626746655e-09
523 5.1025390625000000e-01 -3.7834979593753815e-09 -4.5474735088646412e-11 -3.8289726944640279e-09
524 5.1123046875000000e-01 -3.7853169487789273e-09 -4.5474735088646412e-11 -3.8307916838675737e-09
525 5.1220703125000000e-01 -3.7853169487789273e-09 -4.5474735088646412e-11 -3.8307916838675737e-09
526 5.1318359375000000e-01 -3.7871359381824732e-09 -4.5474735088646412e-11 -3.8326106732711196e-09
527 5.1416015625000000e-01 -3.7871359381824732e-09 -4.5474735088646412e-11 -3.8326106732711196e-09
528 5.1513671875000000e-01 -3.7853169487789273e-09 -4.3655745685100555e-11 -3.8289726944640279e-09
529 5.1611328125000000e-01 -3.7871359381824732e-09 -4.5474735088646412e-11 -3.8326106732711196e-09
530 5.1708984375000000e-01 -3.7816789699718356e-09 -4.5474735088646412e-11 -3.8271537050604820e-09
531 5.1806640625000000e-01 -3.7834979593753815e-09 -4.5474735088646412e-11 -3.8289726944640279e-09
532 5.1904296875000000e-01 -3.7798599805682898e-09 -4.5474735088646412e-11 -3.8253347156569362e-09
533 5.2001953125000000e-01 -3.7816789699718356e-09 -4.3655745685100555e-11 -3.8253347156569362e-09
534 5.2099609375000000e-01 -3.7780409911647439e-09 -4.5474735088646412e-11 -3.8235157262533903e-09
535 5.2197265625000000e-01 -3.7780409911647439e-09 -4.5474735088646412e-11 -3.8235157262533903e-09
536 5.2294921875000000e-01 -3.7780409911647439e-09 -4.5474735088646412e-11 -3.8235157262533903e-09
537 5.2392578125000000e-01 -3.7744030123576522e-09 -4.7293724492192268e-11 -3.8216967368498445e-09
538 5.2490234375000000e-01 -3.7762220017611980e-09 -4.5474735088646412e-11 -3.8216967368498445e-09
539 5.2587890625000000e-01 -3.7744030123576522e-09 -4.5474735088646412e-11 -3.8198777474462986e-09
540 5.2685546875000000e-01 -3.7780409911647439e-09 -4.5474735088646412e-11 -3.8235157262533903e-09
541 5.2783203125000000e-01 -3.7762220017611980e-09 -4.3655745685100555e-11 -3.8198777474462986e-09
542 5.2880859375000000e-01 -3.7744030123576522e-09 -4.5474735088646412e-11 -3.8198777474462986e-09
543 5.2978515625000000e-01 -3.7725840229541063e-09 -4.5474735088646412e-11 -3.8180587580427527e-09
544 5.3076171875000000e-01 -3.7689460441470146e-09 -4.5474735088646412e-11 -3.8144207792356610e-09
545 5.3173828125000000e-01 -3.7725840229541063e-09 -4.5474735088646412e-11 -3.8180587580427527e-09
546 5.3271484375000000e-01 -3.7707650335505605e-09 -4.5474735088646412e-11 -3.8162397686392069e-09
547 5.3369140625000000e-01 -3.7689460441470146e-09 -4.3655745685100555e-11 -3.8126017898321152e-09
548 5.3466796875000000e-01 -3.7653080653399229e-09 -4.5474735088646412e-11 -3.8107828004285693e-09
549 5.3564453125000000e-01 -3.7671270547434688e-09 -4.7293724492192268e-11 -3.8144207792356610e-09
550 5.3662109375000000e-01 -3.7653080653399229e-09 -4.5474735088646412e-11 -3.8107828004285693e-09
551 5.3759765625000000e-01 -3.7616700865328312e-09 -4.5474735088646412e-11 -3.8071448216214776e-09
552 5.3857421875000000e-01 -3.7598510971292853e-09 -4.5474735088646412e-11 -3.8053258322179317e-09
553 5.3955078125000000e-01 -3.7598510971292853e-09 -4.3655745685100555e-11 -3.8035068428143859e-09
554 5.4052734375000000e-01 -3.7543941289186478e-09 -4.5474735088646412e-11 -3.7998688640072942e-09
555 5.4150390625000000e-01 -3.7543941289186478e-09 -4.3655745685100555e-11 -3.7980498746037483e-09
556 5.4248046875000000e-01 -3.7525751395151019e-09 -4.5474735088646412e-11 -3.7980498746037483e-09
557 5.4345703125000000e-01 -3.7507561501115561e-09 -4.5474735088646412e-11 -3.7962308852002025e-09
558 5.4443359375000000e-01 -3.7525751395151019e-09 -4.5474735088646412e-11 -3.7980498746037483e-09
559 5.4541015625000000e-01 -3.7489371607080102e-09 -4.5474735088646412e-11 -3.7944118957966566e-09
560 5.4638671875000000e-01 -3.7507561501115561e-09 -4.7293724492192268e-11 -3.7980498746037483e-09
561 5.4736328125000000e-01 -3.7471181713044643e-09 -4.7293724492192268e-11 -3.7944118957966566e-09
562 5.4833984375000000e-01 -3.7434801924973726e-09 -4.3655745685100555e-11 -3.7871359381824732e-09
563 5.4931640625000000e-01 -3.7434801924973726e-09 -4.5474735088646412e-11 -3.7889549275860190e-09
564 5.5029296875000000e-01 -3.7398422136902809e-09 -4.5474735088646412e-11 -3.7853169487789273e-09
565 5.5126953125000000e-01 -3.7380232242867351e-09 -4.3655745685100555e-11 -3.7816789699718356e-09
566 5.5224609375000000e-01 -3.7380232242867351e-09 -4.5474735088646412e-11 -3.7834979593753815e-09
567 5.5322265625000000e-01 -3.7325662560760975e-09 -4.5474735088646412e-11 -3.7780409911647439e-09
568 5.5419921875000000e-01 -3.7343852454796433e-09 -4.3655745685100555e-11 -3.7780409911647439e-09
569 5.5517578125000000e-01 -3.7307472666725516e-09 -4.5474735088646412e-11 -3.7762220017611980e-09
570 5.5615234375000000e-01 -3.7289282772690058e-09 -4.5474735088646412e-11 -3.7744030123576522e-09
571 5.5712890625000000e-01 -3.7252902984619141e-09 -4.3655745685100555e-11 -3.7689460441470146e-09
572 5.5810546875000000e-01 -3.7271092878654599e-09 -4.5474735088646412e-11 -3.7725840229541063e-09
573 5.5908203125000000e-01 -3.7216523196548223e-09 -4.3655745685100555e-11 -3.7653080653399229e-09
574 5.6005859375000000e-01 -3.7216523196548223e-09 -4.3655745685100555e-11 -3.7653080653399229e-09
575 5.6103515625000000e-01 -3.7198333302512765e-09 -4.5474735088646412e-11 -3.7653080653399229e-09
576 5.6201171875000000e-01 -3.7180143408477306e-09 -4.5474735088646412e-11 -3.7634890759363770e-09
577 5.6298828125000000e-01 -3.7161953514441848e-09 -4.3655745685100555e-11 -3.7598510971292853e-09
578 5.6396484375000000e-01 -3.7107383832335472e-09 -4.3655745685100555e-11 -3.7543941289186478e-09
579 5.6494140625000000e-01 -3.7125573726370931e-09 -4.5474735088646412e-11 -3.7580321077257395e-09
580 5.6591796875000000e-01 -3.7089193938300014e-09 -4.3655745685100555e-11 -3.7525751395151019e-09
581 5.6689453125000000e-01 -3.7052814150229096e-09 -4.5474735088646412e-11 -3.7507561501115561e-09
582 5.6787109375000000e-01 -3.7034624256193638e-09 -4.3655745685100555e-11 -3.7471181713044643e-09
583 5.6884765625000000e-01 -3.6980054574087262e-09 -4.3655745685100555e-11 -3.7416612030938268e-09
584 5.6982421875000000e-01 -3.6998244468122721e-09 -4.5474735088646412e-11 -3.7452991819009185e-09
585 5.7080078125000000e-01 -3.6925484891980886e-09 -4.1836756281554699e-11 -3.7343852454796433e-09
586 5.7177734375000000e-01 -3.6961864680051804e-09 -4.5474735088646412e-11 -3.7416612030938268e-09
587 5.7275390625000000e-01 -3.6870915209874511e-09 -4.3655745685100555e-11 -3.7307472666725516e-09
588 5.7373046875000000e-01 -3.6870915209874511e-09 -4.5474735088646412e-11 -3.7325662560760975e-09
589 5.7470703125000000e-01 -3.6834535421803594e-09 -4.3655745685100555e-11 -3.7271092878654599e-09
590 5.7568359375000000e-01 -3.6834535421803594e-09 -4.5474735088646412e-11 -3.7289282772690058e-09
591 5.7666015625000000e-01 -3.6816345527768135e-09 -4.3655745685100555e-11 -3.7252902984619141e-09
592 5.7763671875000000e-01 -3.6779965739697218e-09 -4.3655745685100555e-11 -3.7216523196548223e-09
593 5.7861328125000000e-01 -3.6743585951626301e-09 -4.3655745685100555e-11 -3.7180143408477306e-09
594 5.7958984375000000e-01 -3.6707206163555384e-09 -4.3655745685100555e-11 -3.7143763620406389e-09
595 5.8056640625000000e-01 -3.6670826375484467e-09 -4.5474735088646412e-11 -3.7125573726370931e-09
596 5.8154296875000000e-01 -3.6652636481449008e-09 -4.5474735088646412e-11 -3.7107383832335472e-09
597 5.8251953125000000e-01 -3.6598066799342632e-09 -4.5474735088646412e-11 -3.7052814150229096e-09
598 5.8349609375000000e-01 -3.6579876905307174e-09 -4.3655745685100555e-11 -3.7016434362158179e-09
599 5.8447265625000000e-01 -3.6525307223200798e-09 -4.3655745685100555e-11 -3.6961864680051804e-09
600 5.8544921875000000e-01 -3.6525307223200798e-09 -4.3655745685100555e-11 -3.6961864680051804e-09
601 5.8642578125000000e-01 -3.6507117329165339e-09 -4.3655745685100555e-11 -3.6943674786016345e-09
602 5.8740234375000000e-01 -3.6488927435129881e-09 -4.3655745685100555e-11 -3.6925484891980886e-09
603 5.8837890625000000e-01 -3.6452547647058964e-09 -4.3655745685100555e-11 -3.6889105103909969e-09
604 5.8935546875000000e-01 -3.6434357753023505e-09 -4.3655745685100555e-11 -3.6870915209874511e-09
605 5.9033203125000000e-01 -3.6343408282846212e-09 -4.1836756281554699e-11 -3.6761775845661759e-09
606 5.9130859375000000e-01 -3.6361598176881671e-09 -4.3655745685100555e-11 -3.6798155633732677e-09
607 5.9228515625000000e-01 -3.6288838600739837e-09 -4.3655745685100555e-11 -3.6725396057590842e-09
608 5.9326171875000000e-01 -3.6307028494775295e-09 -4.3655745685100555e-11 -3.6743585951626301e-09
609 5.9423828125000000e-01 -3.6234268918633461e-09 -4.3655745685100555e-11 -3.6670826375484467e-09
610 5.9521484375000000e-01 -3.6197889130562544e-09 -4.3655745685100555e-11 -3.6634446587413549e-09
611 5.9619140625000000e-01 -3.6179699236527085e-09 -4.3655745685100555e-11 -3.6616256693378091e-09
612 5.9716796875000000e-01 -3.6143319448456168e-09 -4.3655745685100555e-11 -3.6579876905307174e-09
613 5.9814453125000000e-01 -3.6125129554420710e-09 -4.1836756281554699e-11 -3.6543497117236257e-09
614 5.9912109375000000e-01 -3.6088749766349792e-09 -4.3655745685100555e-11 -3.6525307223200798e-09
615 6.0009765625000000e-01 -3.6034180084243417e-09 -4.3655745685100555e-11 -3.6470737541094422e-09
616 6.0107421875000000e-01 -3.5997800296172500e-09 -4.3655745685100555e-11 -3.6434357753023505e-09
617 6.0205078125000000e-01 -3.5925040720030665e-09 -4.3655745685100555e-11 -3.6361598176881671e-09
618 6.0302734375000000e-01 -3.5906850825995207e-09 -4.1836756281554699e-11 -3.6325218388810754e-09
619 6.0400390625000000e-01 -3.5870471037924290e-09 -4.3655745685100555e-11 -3.6307028494775295e-09
620 6.0498046875000000e-01 -3.5852281143888831e-09 -4.5474735088646412e-11 -3.6307028494775295e-09
621 6.0595703125000000e-01 -3.5797711461782455e-09 -4.3655745685100555e-11 -3.6234268918633461e-09
622 6.0693359375000000e-01 -3.5797711461782455e-09 -4.3655745685100555e-11 -3.6234268918633461e-09
623 6.0791015625000000e-01 -3.5743141779676080e-09 -4.3655745685100555e-11 -3.6179699236527085e-09
624 6.0888671875000000e-01 -3.5706761991605163e-09 -4.3655745685100555e-11 -3.6143319448456168e-09
625 6.0986328125000000e-01 -3.5652192309498787e-09 -4.1836756281554699e-11 -3.6070559872314334e-09
626 6.1083984375000000e-01 -3.5634002415463328e-09 -4.1836756281554699e-11 -3.6052369978278875e-09
627 6.1181640625000000e-01 -3.5579432733356953e-09 -4.3655745685100555e-11 -3.6015990190207958e-09
628 6.1279296875000000e-01 -3.5561242839321494e-09 -4.3655745685100555e-11 -3.5997800296172500e-09
629 6.1376953125000000e-01 -3.5488483263179660e-09 -4.1836756281554699e-11 -3.5906850825995207e-09
630 6.1474609375000000e-01 -3.5470293369144201e-09 -4.1836756281554699e-11 -3.5888660931959748e-09
631 6.1572265625000000e-01 -3.5415723687037826e-09 -4.1836756281554699e-11 -3.5834091249853373e-09
632 6.1669921875000000e-01 -3.5342964110895991e-09 -4.1836756281554699e-11 -3.5761331673711538e-09
633 6.1767578125000000e-01 -3.5324774216860533e-09 -4.3655745685100555e-11 -3.5761331673711538e-09
634 6.1865234375000000e-01 -3.5270204534754157e-09 -4.1836756281554699e-11 -3.5688572097569704e-09
635 6.1962890625000000e-01 -3.5233824746683240e-09 -4.1836756281554699e-11 -3.5652192309498787e-09
636 6.2060546875000000e-01 -3.5197444958612323e-09 -4.1836756281554699e-11 -3.5615812521427870e-09
637 6.2158203125000000e-01 -3.5179255064576864e-09 -4.1836756281554699e-11 -3.5597622627392411e-09
638 6.2255859375000000e-01 -3.5124685382470489e-09 -4.3655745685100555e-11 -3.5561242839321494e-09
639 6.2353515625000000e-01 -3.5051925806328654e-09 -4.1836756281554699e-11 -3.5470293369144201e-09
640 6.2451171875000000e-01 -3.5033735912293196e-09 -4.3655745685100555e-11 -3.5470293369144201e-09
641 6.2548828125000000e-01 -3.4979166230186820e-09 -4.1836756281554699e-11 -3.5397533793002367e-09
642 6.2646484375000000e-01 -3.4960976336151361e-09 -4.1836756281554699e-11 -3.5379343898966908e-09
643 6.2744140625000000e-01 -3.4851836971938610e-09 -4.1836756281554699e-11 -3.5270204534754157e-09
644 6.2841796875000000e-01 -3.4888216760009527e-09 -4.3655745685100555e-11 -3.5324774216860533e-09
645 6.2939453125000000e-01 -3.4760887501761317e-09 -4.1836756281554699e-11 -3.5179255064576864e-09
646 6.3037109375000000e-01 -3.4742697607725859e-09 -4.1836756281554699e-11 -3.5161065170541406e-09
647 6.3134765625000000e-01 -3.4688127925619483e-09 -4.1836756281554699e-11 -3.5106495488435030e-09
648 6.3232421875000000e-01 -3.4669938031584024e-09 -4.1836756281554699e-11 -3.5088305594399571e-09
649 6.3330078125000000e-01 -3.4597178455442190e-09 -4.1836756281554699e-11 -3.5015546018257737e-09
650 6.3427734375000000e-01 -3.4560798667371273e-09 -4.0017766878008842e-11 -3.4960976336151361e-09
651 6.3525390625000000e-01 -3.4524418879300356e-09 -4.0017766878008842e-11 -3.4924596548080444e-09
652 6.3623046875000000e-01 -3.4488039091229439e-09 -4.1836756281554699e-11 -3.4906406654044986e-09
653 6.3720703125000000e-01 -3.4433469409123063e-09 -4.3655745685100555e-11 -3.4870026865974069e-09
654 6.3818359375000000e-01 -3.4397089621052146e-09 -4.1836756281554699e-11 -3.4815457183867693e-09
655 6.3916015625000000e-01 -3.4306140150874853e-09 -4.0017766878008842e-11 -3.4706317819654942e-09
656 6.4013671875000000e-01 -3.4287950256839395e-09 -4.0017766878008842e-11 -3.4688127925619483e-09
657 6.4111328125000000e-01 -3.4197000786662102e-09 -4.0017766878008842e-11 -3.4597178455442190e-09
658 6.4208984375000000e-01 -3.4142431104555726e-09 -4.0017766878008842e-11 -3.4542608773335814e-09
659 6.4306640625000000e-01 -3.4087861422449350e-09 -4.0017766878008842e-11 -3.4488039091229439e-09
660 6.4404296875000000e-01 -3.4051481634378433e-09 -4.0017766878008842e-11 -3.4451659303158522e-09
661 6.4501953125000000e-01 -3.3996911952272058e-09 -4.0017766878008842e-11 -3.4397089621052146e-09
662 6.4599609375000000e-01 -3.3978722058236599e-09 -4.0017766878008842e-11 -3.4378899727016687e-09
663 6.4697265625000000e-01 -3.3887772588059306e-09 -4.0017766878008842e-11 -3.4287950256839395e-09
664 6.4794921875000000e-01 -3.3905962482094765e-09 -4.1836756281554699e-11 -3.4324330044910312e-09
665 6.4892578125000000e-01 -3.3796823117882013e-09 -4.1836756281554699e-11 -3.4215190680697560e-09
666 6.4990234375000000e-01 -3.3760443329811096e-09 -4.0017766878008842e-11 -3.4160620998591185e-09
667 6.5087890625000000e-01 -3.3669493859633803e-09 -4.0017766878008842e-11 -3.4069671528413892e-09
668 6.5185546875000000e-01 -3.3651303965598345e-09 -4.0017766878008842e-11 -3.4051481634378433e-09
669 6.5283203125000000e-01 -3.3578544389456511e-09 -3.8198777474462986e-11 -3.3960532164201140e-09
670 6.5380859375000000e-01 -3.3542164601385593e-09 -4.1836756281554699e-11 -3.3960532164201140e-09
671 6.5478515625000000e-01 -3.3469405025243759e-09 -3.8198777474462986e-11 -3.3851392799988389e-09
672 6.5576171875000000e-01 -3.3433025237172842e-09 -4.0017766878008842e-11 -3.3833202905952930e-09
673 6.5673828125000000e-01 -3.3396645449101925e-09 -4.1836756281554699e-11 -3.3815013011917472e-09
674 6.5771484375000000e-01 -3.3323885872960091e-09 -4.0017766878008842e-11 -3.3724063541740179e-09
675 6.5869140625000000e-01 -3.3287506084889174e-09 -4.0017766878008842e-11 -3.3687683753669262e-09
676 6.5966796875000000e-01 -3.3232936402782798e-09 -4.1836756281554699e-11 -3.3651303965598345e-09
677 6.6064453125000000e-01 -3.3160176826640964e-09 -4.0017766878008842e-11 -3.3560354495421052e-09
678 6.6162109375000000e-01 -3.3123797038570046e-09 -4.0017766878008842e-11 -3.3523974707350135e-09
679 6.6259765625000000e-01 -3.3051037462428212e-09 -4.0017766878008842e-11 -3.3451215131208301e-09
680 6.6357421875000000e-01 -3.2996467780321836e-09 -4.0017766878008842e-11 -3.3396645449101925e-09
681 6.6455078125000000e-01 -3.2905518310144544e-09 -4.0017766878008842e-11 -3.3305695978924632e-09
682 6.6552734375000000e-01 -3.2887328416109085e-09 -4.0017766878008842e-11 -3.3287506084889174e-09
683 6.6650390625000000e-01 -3.2796378945931792e-09 -3.8198777474462986e-11 -3.3178366720676422e-09
684 6.6748046875000000e-01 -3.2759999157860875e-09 -4.0017766878008842e-11 -3.3160176826640964e-09
685 6.6845703125000000e-01 -3.2723619369789958e-09 -4.0017766878008842e-11 -3.3123797038570046e-09
686 6.6943359375000000e-01 -3.2650859793648124e-09 -4.0017766878008842e-11 -3.3051037462428212e-09
687 6.7041015625000000e-01 -3.2578100217506289e-09 -4.0017766878008842e-11 -3.2978277886286378e-09
688 6.7138671875000000e-01 -3.2523530535399914e-09 -4.0017766878008842e-11 -3.2923708204180002e-09
689 6.7236328125000000e-01 -3.2450770959258080e-09 -4.0017766878008842e-11 -3.2850948628038168e-09
690 6.7333984375000000e-01 -3.2378011383116245e-09 -3.8198777474462986e-11 -3.2759999157860875e-09
691 6.7431640625000000e-01 -3.2341631595045328e-09 -4.1836756281554699e-11 -3.2759999157860875e-09
692 6.7529296875000000e-01 -3.2287061912938952e-09 -3.8198777474462986e-11 -3.2669049687683582e-09
693 6.7626953125000000e-01 -3.2214302336797118e-09 -3.8198777474462986e-11 -3.2596290111541748e-09
694 6.7724609375000000e-01 -3.2159732654690742e-09 -4.0017766878008842e-11 -3.2559910323470831e-09
695 6.7822265625000000e-01 -3.2068783184513450e-09 -3.8198777474462986e-11 -3.2450770959258080e-09
696 6.7919921875000000e-01 -3.2014213502407074e-09 -3.8198777474462986e-11 -3.2396201277151704e-09
697 6.8017578125000000e-01 -3.1959643820300698e-09 -3.8198777474462986e-11 -3.2341631595045328e-09
698 6.8115234375000000e-01 -3.1923264032229781e-09 -4.0017766878008842e-11 -3.2323441701009870e-09
699 6.8212890625000000e-01 -3.1868694350123405e-09 -4.0017766878008842e-11 -3.2268872018903494e-09
700 6.8310546875000000e-01 -3.1795934773981571e-09 -3.8198777474462986e-11 -3.2177922548726201e-09
701 6.8408203125000000e-01 -3.1704985303804278e-09 -3.6379788070917130e-11 -3.2068783184513450e-09
702 6.8505859375000000e-01 -3.1668605515733361e-09 -3.8198777474462986e-11 -3.2050593290477991e-09
703 6.8603515625000000e-01 -3.1595845939591527e-09 -4.0017766878008842e-11 -3.1996023608371615e-09
704 6.8701171875000000e-01 -3.1523086363449693e-09 -3.8198777474462986e-11 -3.1905074138194323e-09
705 6.8798828125000000e-01 -3.1486706575378776e-09 -3.6379788070917130e-11 -3.1850504456087947e-09
706 6.8896484375000000e-01 -3.1377567211166024e-09 -3.8198777474462986e-11 -3.1759554985910654e-09
707 6.8994140625000000e-01 -3.1350282370112836e-09 -3.8198777474462986e-11 -3.1732270144857466e-09
708 6.9091796875000000e-01 -3.1277522793971002e-09 -3.7289282772690058e-11 -3.1650415621697903e-09
709 6.9189453125000000e-01 -3.1204763217829168e-09 -3.9108272176235914e-11 -3.1595845939591527e-09
710 6.9287109375000000e-01 -3.1132003641687334e-09 -3.7289282772690058e-11 -3.1504896469414234e-09
711 6.9384765625000000e-01 -3.1068339012563229e-09 -3.6379788070917130e-11 -3.1432136893272400e-09
712 6.9482421875000000e-01 -3.0995579436421394e-09 -3.7289282772690058e-11 -3.1368472264148295e-09
713 6.9580078125000000e-01 -3.0931914807297289e-09 -3.7289282772690058e-11 -3.1304807635024190e-09
714 6.9677734375000000e-01 -3.0868250178173184e-09 -3.7289282772690058e-11 -3.1241143005900085e-09
715 6.9775390625000000e-01 -3.0777300707995892e-09 -3.6379788070917130e-11 -3.1141098588705063e-09
716 6.9873046875000000e-01 -3.0731825972907245e-09 -3.6379788070917130e-11 -3.1095623853616416e-09
717 6.9970703125000000e-01 -3.0677256290800869e-09 -3.7289282772690058e-11 -3.1050149118527770e-09
718 7.0068359375000000e-01 -3.0613591661676764e-09 -3.8198777474462986e-11 -3.0995579436421394e-09
719 7.0166015625000000e-01 -3.0531737138517201e-09 -3.7289282772690058e-11 -3.0904629966244102e-09
720 7.0263671875000000e-01 -3.0477167456410825e-09 -3.6379788070917130e-11 -3.0840965337119997e-09
721 7.0361328125000000e-01 -3.0395312933251262e-09 -3.5470293369144201e-11 -3.0750015866942704e-09
722 7.0458984375000000e-01 -3.0313458410091698e-09 -3.6379788070917130e-11 -3.0677256290800869e-09
723 7.0556640625000000e-01 -3.0267983675003052e-09 -3.6379788070917130e-11 -3.0631781555712223e-09
724 7.0654296875000000e-01 -3.0195224098861217e-09 -3.5470293369144201e-11 -3.0549927032552660e-09
725 7.0751953125000000e-01 -3.0113369575701654e-09 -3.7289282772690058e-11 -3.0486262403428555e-09
726 7.0849609375000000e-01 -3.0040609999559820e-09 -3.5470293369144201e-11 -3.0395312933251262e-09
727 7.0947265625000000e-01 -2.9967850423417985e-09 -3.6379788070917130e-11 -3.0331648304127157e-09
728 7.1044921875000000e-01 -2.9895090847276151e-09 -3.5470293369144201e-11 -3.0249793780967593e-09
729 7.1142578125000000e-01 -2.9822331271134317e-09 -3.5470293369144201e-11 -3.0177034204825759e-09
730 7.1240234375000000e-01 -2.9767761589027941e-09 -3.6379788070917130e-11 -3.0131559469737113e-09
731 7.1337890625000000e-01 -2.9676812118850648e-09 -3.5470293369144201e-11 -3.0031515052542090e-09
732 7.1435546875000000e-01 -2.9622242436744273e-09 -3.5470293369144201e-11 -2.9976945370435715e-09
733 7.1533203125000000e-01 -2.9540387913584709e-09 -3.6379788070917130e-11 -2.9904185794293880e-09
734 7.1630859375000000e-01 -2.9476723284460604e-09 -3.5470293369144201e-11 -2.9831426218152046e-09
735 7.1728515625000000e-01 -2.9385773814283311e-09 -3.4560798667371273e-11 -2.9731381800957024e-09
736 7.1826171875000000e-01 -2.9340299079194665e-09 -3.5470293369144201e-11 -2.9695002012886107e-09
737 7.1923828125000000e-01 -2.9240254661999643e-09 -3.4560798667371273e-11 -2.9585862648673356e-09
738 7.2021484375000000e-01 -2.9176590032875538e-09 -3.4560798667371273e-11 -2.9522198019549251e-09
739 7.2119140625000000e-01 -2.9094735509715974e-09 -3.4560798667371273e-11 -2.9440343496389687e-09
740 7.2216796875000000e-01 -2.9049260774627328e-09 -3.5470293369144201e-11 -2.9403963708318770e-09
741 7.2314453125000000e-01 -2.8958311304450035e-09 -3.5470293369144201e-11 -2.9313014238141477e-09
742 7.2412109375000000e-01 -2.8876456781290472e-09 -3.5470293369144201e-11 -2.9231159714981914e-09
743 7.2509765625000000e-01 -2.8776412364095449e-09 -3.3651303965598345e-11 -2.9112925403751433e-09
744 7.2607421875000000e-01 -2.8730937629006803e-09 -3.4560798667371273e-11 -2.9076545615680516e-09
745 7.2705078125000000e-01 -2.8639988158829510e-09 -3.4560798667371273e-11 -2.8985596145503223e-09
746 7.2802734375000000e-01 -2.8576323529705405e-09 -3.3651303965598345e-11 -2.8912836569361389e-09
747 7.2900390625000000e-01 -2.8503563953563571e-09 -3.5470293369144201e-11 -2.8858266887255013e-09
748 7.2998046875000000e-01 -2.8421709430404007e-09 -3.4560798667371273e-11 -2.8767317417077720e-09
749 7.3095703125000000e-01 -2.8348949854262173e-09 -3.3651303965598345e-11 -2.8685462893918157e-09
750 7.3193359375000000e-01 -2.8258000384084880e-09 -3.3651303965598345e-11 -2.8594513423740864e-09
751 7.3291015625000000e-01 -2.8176145860925317e-09 -3.2741809263825417e-11 -2.8503563953563571e-09
752 7.3388671875000000e-01 -2.8112481231801212e-09 -3.4560798667371273e-11 -2.8458089218474925e-09
753 7.3486328125000000e-01 -2.8039721655659378e-09 -3.3651303965598345e-11 -2.8376234695315361e-09
754 7.3583984375000000e-01 -2.7948772185482085e-09 -3.3651303965598345e-11 -2.8285285225138068e-09
755 7.3681640625000000e-01 -2.7876012609340250e-09 -3.4560798667371273e-11 -2.8221620596013963e-09
756 7.3779296875000000e-01 -2.7775968192145228e-09 -3.2741809263825417e-11 -2.8103386284783483e-09
757 7.3876953125000000e-01 -2.7712303563021123e-09 -3.3651303965598345e-11 -2.8048816602677107e-09
758 7.3974609375000000e-01 -2.7630449039861560e-09 -3.3651303965598345e-11 -2.7966962079517543e-09
759 7.4072265625000000e-01 -2.7566784410737455e-09 -3.2741809263825417e-11 -2.7894202503375709e-09
760 7.4169921875000000e-01 -2.7494024834595621e-09 -3.3651303965598345e-11 -2.7830537874251604e-09
761 7.4267578125000000e-01 -2.7393980417400599e-09 -3.1832314562052488e-11 -2.7712303563021123e-09
762 7.4365234375000000e-01 -2.7312125894241035e-09 -3.2741809263825417e-11 -2.7639543986879289e-09
763 7.4462890625000000e-01 -2.7239366318099201e-09 -3.3651303965598345e-11 -2.7575879357755184e-09
764 7.4560546875000000e-01 -2.7148416847921908e-09 -3.2741809263825417e-11 -2.7475834940560162e-09
765 7.4658203125000000e-01 -2.7075657271780074e-09 -3.1832314562052488e-11 -2.7393980417400599e-09
766 7.4755859375000000e-01 -2.6984707801602781e-09 -3.1832314562052488e-11 -2.7303030947223306e-09
767 7.4853515625000000e-01 -2.6921043172478676e-09 -3.1832314562052488e-11 -2.7239366318099201e-09
768 7.4951171875000000e-01 -2.6811903808265924e-09 -3.2741809263825417e-11 -2.7139321900904179e-09
769 7.5048828125000000e-01 -2.6757334126159549e-09 -3.2741809263825417e-11 -2.7084752218797803e-09
770 7.5146484375000000e-01 -2.6675479602999985e-09 -3.1832314562052488e-11 -2.6993802748620510e-09
771 7.5244140625000000e-01 -2.6566340238787234e-09 -3.2741809263825417e-11 -2.6893758331425488e-09
772 7.5341796875000000e-01 -2.6502675609663129e-09 -3.1832314562052488e-11 -2.6820998755283654e-09
773 7.5439453125000000e-01 -2.6402631192468107e-09 -3.0922819860279560e-11 -2.6711859391070902e-09
774 7.5537109375000000e-01 -2.6338966563344002e-09 -3.1832314562052488e-11 -2.6657289708964527e-09
775 7.5634765625000000e-01 -2.6238922146148980e-09 -3.1832314562052488e-11 -2.6557245291769505e-09
776 7.5732421875000000e-01 -2.6184352464042604e-09 -3.1832314562052488e-11 -2.6502675609663129e-09
777 7.5830078125000000e-01 -2.6084308046847582e-09 -3.0922819860279560e-11 -2.6393536245450377e-09
778 7.5927734375000000e-01 -2.5993358576670289e-09 -3.0922819860279560e-11 -2.6302586775273085e-09
779 7.6025390625000000e-01 -2.5920599000528455e-09 -3.1832314562052488e-11 -2.6238922146148980e-09
780 7.6123046875000000e-01 -2.5811459636315703e-09 -3.0922819860279560e-11 -2.6120687834918499e-09
781 7.6220703125000000e-01 -2.5747795007191598e-09 -3.0922819860279560e-11 -2.6057023205794394e-09
782 7.6318359375000000e-01 -2.5647750589996576e-09 -3.1832314562052488e-11 -2.5966073735617101e-09
783 7.6416015625000000e-01 -2.5565896066837013e-09 -3.0922819860279560e-11 -2.5875124265439808e-09
784 7.6513671875000000e-01 -2.5474946596659720e-09 -3.0013325158506632e-11 -2.5775079848244786e-09
785 7.6611328125000000e-01 -2.5402187020517886e-09 -3.0922819860279560e-11 -2.5711415219120681e-09
786 7.6708984375000000e-01 -2.5320332497358322e-09 -3.0922819860279560e-11 -2.5629560695961118e-09
787 7.6806640625000000e-01 -2.5238477974198759e-09 -3.0922819860279560e-11 -2.5547706172801554e-09
788 7.6904296875000000e-01 -2.5147528504021466e-09 -3.0013325158506632e-11 -2.5447661755606532e-09
789 7.7001953125000000e-01 -2.5056579033844173e-09 -2.9103830456733704e-11 -2.5347617338411510e-09
790 7.7099609375000000e-01 -2.4947439669631422e-09 -3.0013325158506632e-11 -2.5247572921216488e-09
791 7.7197265625000000e-01 -2.4892869987525046e-09 -3.0922819860279560e-11 -2.5202098186127841e-09
792 7.7294921875000000e-01 -2.4774635676294565e-09 -3.0013325158506632e-11 -2.5074768927879632e-09
793 7.7392578125000000e-01 -2.4720065994188190e-09 -3.0013325158506632e-11 -2.5020199245773256e-09
794 7.7490234375000000e-01 -2.4592736735939980e-09 -2.9103830456733704e-11 -2.4883775040507317e-09
795 7.7587890625000000e-01 -2.4538167053833604e-09 -3.0013325158506632e-11 -2.4838300305418670e-09
796 7.7685546875000000e-01 -2.4429027689620852e-09 -3.0013325158506632e-11 -2.4729160941205919e-09
797 7.7783203125000000e-01 -2.4328983272425830e-09 -2.8194335754960775e-11 -2.4610926629975438e-09
798 7.7880859375000000e-01 -2.4256223696283996e-09 -2.9103830456733704e-11 -2.4547262000851333e-09
799 7.7978515625000000e-01 -2.4174369173124433e-09 -3.0013325158506632e-11 -2.4474502424709499e-09
800 7.8076171875000000e-01 -2.4092514649964869e-09 -3.0013325158506632e-11 -2.4392647901549935e-09
801 7.8173828125000000e-01 -2.3983375285752118e-09 -2.8194335754960775e-11 -2.4265318643301725e-09
802 7.8271484375000000e-01 -2.3919710656628013e-09 -2.8194335754960775e-11 -2.4201654014177620e-09
803 7.8369140625000000e-01 -2.3810571292415261e-09 -2.8194335754960775e-11 -2.4092514649964869e-09
804 7.8466796875000000e-01 -2.3710526875220239e-09 -2.9103830456733704e-11 -2.4001565179787576e-09
805 7.8564453125000000e-01 -2.3628672352060676e-09 -2.9103830456733704e-11 -2.3919710656628013e-09
806 7.8662109375000000e-01 -2.3537722881883383e-09 -2.8194335754960775e-11 -2.3819666239432991e-09
807 7.8759765625000000e-01 -2.3446773411706090e-09 -2.8194335754960775e-11 -2.3728716769255698e-09
808 7.8857421875000000e-01 -2.3364918888546526e-09 -2.7284841053187847e-11 -2.3637767299078405e-09
809 7.8955078125000000e-01 -2.3273969418369234e-09 -2.8194335754960775e-11 -2.3555912775918841e-09
810 7.9052734375000000e-01 -2.3192114895209670e-09 -2.9103830456733704e-11 -2.3483153199777007e-09
811 7.9150390625000000e-01 -2.3073880583979189e-09 -2.8194335754960775e-11 -2.3355823941528797e-09
812 7.9248046875000000e-01 -2.3001121007837355e-09 -2.7284841053187847e-11 -2.3273969418369234e-09
813 7.9345703125000000e-01 -2.2882886696606874e-09 -2.7284841053187847e-11 -2.3155735107138753e-09
814 7.9443359375000000e-01 -2.2801032173447311e-09 -2.7284841053187847e-11 -2.3073880583979189e-09
815 7.9541015625000000e-01 -2.2700987756252289e-09 -2.7284841053187847e-11 -2.2973836166784167e-09
816 7.9638671875000000e-01 -2.2628228180110455e-09 -2.8194335754960775e-11 -2.2910171537660062e-09
817 7.9736328125000000e-01 -2.2519088815897703e-09 -2.6375346351414919e-11 -2.2782842279411852e-09
818 7.9833984375000000e-01 -2.2419044398702681e-09 -2.7284841053187847e-11 -2.2691892809234560e-09
819 7.9931640625000000e-01 -2.2337189875543118e-09 -2.6375346351414919e-11 -2.2600943339057267e-09
820 8.0029296875000000e-01 -2.2246240405365825e-09 -2.6375346351414919e-11 -2.2509993868879974e-09
821 8.0126953125000000e-01 -2.2137101041153073e-09 -2.6375346351414919e-11 -2.2400854504667222e-09
822 8.0224609375000000e-01 -2.2064341465011239e-09 -2.6375346351414919e-11 -2.2328094928525388e-09
823 8.0322265625000000e-01 -2.1946107153780758e-09 -2.6375346351414919e-11 -2.2209860617294908e-09
824 8.0419921875000000e-01 -2.1891537471674383e-09 -2.7284841053187847e-11 -2.2164385882206261e-09
825 8.0517578125000000e-01 -2.1773303160443902e-09 -2.6375346351414919e-11 -2.2037056623958051e-09
826 8.0615234375000000e-01 -2.1682353690266609e-09 -2.5465851649641991e-11 -2.1937012206763029e-09
827 8.0712890625000000e-01 -2.1582309273071587e-09 -2.4556356947869062e-11 -2.1827872842550278e-09
828 8.0810546875000000e-01 -2.1482264855876565e-09 -2.6375346351414919e-11 -2.1746018319390714e-09
829 8.0908203125000000e-01 -2.1400410332717001e-09 -2.5465851649641991e-11 -2.1655068849213421e-09
830 8.1005859375000000e-01 -2.1282176021486521e-09 -2.5465851649641991e-11 -2.1536834537982941e-09
831 8.1103515625000000e-01 -2.1209416445344687e-09 -2.5465851649641991e-11 -2.1464074961841106e-09
832 8.1201171875000000e-01 -2.1091182134114206e-09 -2.5465851649641991e-11 -2.1345840650610626e-09
833 8.1298828125000000e-01 -2.0991137716919184e-09 -2.4556356947869062e-11 -2.1236701286397874e-09
834 8.1396484375000000e-01 -2.0891093299724162e-09 -2.6375346351414919e-11 -2.1154846763238311e-09
835 8.1494140625000000e-01 -2.0809238776564598e-09 -2.4556356947869062e-11 -2.1054802346043289e-09
836 8.1591796875000000e-01 -2.0691004465334117e-09 -2.4556356947869062e-11 -2.0936568034812808e-09
837 8.1689453125000000e-01 -2.0627339836210012e-09 -2.5465851649641991e-11 -2.0881998352706432e-09
838 8.1787109375000000e-01 -2.0509105524979532e-09 -2.4556356947869062e-11 -2.0754669094458222e-09
839 8.1884765625000000e-01 -2.0427251001819968e-09 -2.5465851649641991e-11 -2.0681909518316388e-09
840 8.1982421875000000e-01 -2.0318111637607217e-09 -2.3646862246096134e-11 -2.0554580260068178e-09
841 8.2080078125000000e-01 -2.0199877326376736e-09 -2.3646862246096134e-11 -2.0436345948837698e-09
842 8.2177734375000000e-01 -2.0127117750234902e-09 -2.4556356947869062e-11 -2.0372681319713593e-09
843 8.2275390625000000e-01 -2.0008883439004421e-09 -2.2737367544323206e-11 -2.0236257114447653e-09
844 8.2373046875000000e-01 -1.9936123862862587e-09 -2.4556356947869062e-11 -2.0181687432341278e-09
845 8.2470703125000000e-01 -1.9817889551632106e-09 -2.3646862246096134e-11 -2.0054358174093068e-09
846 8.2568359375000000e-01 -1.9726940081454813e-09 -2.3646862246096134e-11 -1.9963408703915775e-09
847 8.2666015625000000e-01 -1.9626895664259791e-09 -2.3646862246096134e-11 -1.9863364286720753e-09
848 8.2763671875000000e-01 -1.9508661353029311e-09 -2.1827872842550278e-11 -1.9726940081454813e-09
849 8.2861328125000000e-01 -1.9435901776887476e-09 -2.3646862246096134e-11 -1.9672370399348438e-09
850 8.2958984375000000e-01 -1.9308572518639266e-09 -2.3646862246096134e-11 -1.9545041141100228e-09
851 8.3056640625000000e-01 -1.9226717995479703e-09 -2.2737367544323206e-11 -1.9454091670922935e-09
852 8.3154296875000000e-01 -1.9126673578284681e-09 -2.2737367544323206e-11 -1.9354047253727913e-09
853 8.3251953125000000e-01 -1.9026629161089659e-09 -2.2737367544323206e-11 -1.9254002836532891e-09
854 8.3349609375000000e-01 -1.8917489796876907e-09 -2.1827872842550278e-11 -1.9135768525302410e-09
855 8.3447265625000000e-01 -1.8808350432664156e-09 -2.2737367544323206e-11 -1.9035724108107388e-09
856 8.3544921875000000e-01 -1.8726495909504592e-09 -2.2737367544323206e-11 -1.8953869584947824e-09
857 8.3642578125000000e-01 -1.8608261598274112e-09 -2.1827872842550278e-11 -1.8826540326699615e-09
858 8.3740234375000000e-01 -1.8535502022132277e-09 -2.1827872842550278e-11 -1.8753780750557780e-09
859 8.3837890625000000e-01 -1.8426362657919526e-09 -2.1827872842550278e-11 -1.8644641386345029e-09
860 8.3935546875000000e-01 -1.8317223293706775e-09 -2.1827872842550278e-11 -1.8535502022132277e-09
861 8.4033203125000000e-01 -1.8208083929494023e-09 -2.1827872842550278e-11 -1.8426362657919526e-09
862 8.4130859375000000e-01 -1.8117134459316730e-09 -2.1827872842550278e-11 -1.8335413187742233e-09
863 8.4228515625000000e-01 -1.7989805201068521e-09 -2.1827872842550278e-11 -1.8208083929494023e-09
864 8.4326171875000000e-01 -1.7917045624926686e-09 -2.0918378140777349e-11 -1.8126229406334460e-09
865 8.4423828125000000e-01 -1.7798811313696206e-09 -2.1827872842550278e-11 -1.8017090042121708e-09
866 8.4521484375000000e-01 -1.7698766896501184e-09 -2.1827872842550278e-11 -1.7917045624926686e-09
867 8.4619140625000000e-01 -1.7616912373341620e-09 -2.1827872842550278e-11 -1.7835191101767123e-09
868 8.4716796875000000e-01 -1.7498678062111139e-09 -2.0918378140777349e-11 -1.7707861843518913e-09
869 8.4814453125000000e-01 -1.7389538697898388e-09 -2.0008883439004421e-11 -1.7589627532288432e-09
870 8.4912109375000000e-01 -1.7289494280703366e-09 -2.0918378140777349e-11 -1.7498678062111139e-09
871 8.5009765625000000e-01 -1.7198544810526073e-09 -2.0008883439004421e-11 -1.7398633644916117e-09
872 8.5107421875000000e-01 -1.7071215552277863e-09 -2.0918378140777349e-11 -1.7280399333685637e-09
873 8.5205078125000000e-01 -1.6989361029118299e-09 -2.0008883439004421e-11 -1.7189449863508344e-09
874 8.5302734375000000e-01 -1.6862031770870090e-09 -2.0918378140777349e-11 -1.7071215552277863e-09
875 8.5400390625000000e-01 -1.6771082300692797e-09 -2.0008883439004421e-11 -1.6971171135082841e-09
876 8.5498046875000000e-01 -1.6671037883497775e-09 -2.0008883439004421e-11 -1.6871126717887819e-09
877 8.5595703125000000e-01 -1.6552803572267294e-09 -2.0008883439004421e-11 -1.6752892406657338e-09
878 8.5693359375000000e-01 -1.6470949049107730e-09 -1.9099388737231493e-11 -1.6661942936480045e-09
879 8.5791015625000000e-01 -1.6352714737877250e-09 -2.0008883439004421e-11 -1.6552803572267294e-09
880 8.5888671875000000e-01 -1.6243575373664498e-09 -1.9099388737231493e-11 -1.6434569261036813e-09
881 8.5986328125000000e-01 -1.6143530956469476e-09 -1.9099388737231493e-11 -1.6334524843841791e-09
882 8.6083984375000000e-01 -1.6034391592256725e-09 -1.9099388737231493e-11 -1.6225385479629040e-09
883 8.6181640625000000e-01 -1.5934347175061703e-09 -1.9099388737231493e-11 -1.6125341062434018e-09
884 8.6279296875000000e-01 -1.5816112863831222e-09 -1.9099388737231493e-11 -1.6007106751203537e-09
885 8.6376953125000000e-01 -1.5725163393653929e-09 -1.9099388737231493e-11 -1.5916157281026244e-09
886 8.6474609375000000e-01 -1.5611476555932313e-09 -1.8644641386345029e-11 -1.5797922969795763e-09
887 8.6572265625000000e-01 -1.5497789718210697e-09 -1.8189894035458565e-11 -1.5679688658565283e-09
888 8.6669921875000000e-01 -1.5402292774524540e-09 -1.8189894035458565e-11 -1.5584191714879125e-09
889 8.6767578125000000e-01 -1.5297700883820653e-09 -1.8189894035458565e-11 -1.5479599824175239e-09
890 8.6865234375000000e-01 -1.5188561519607902e-09 -1.7735146684572101e-11 -1.5365912986453623e-09
891 8.6962890625000000e-01 -1.5097612049430609e-09 -1.8189894035458565e-11 -1.5279510989785194e-09
892 8.7060546875000000e-01 -1.4970282791182399e-09 -1.7735146684572101e-11 -1.5147634258028120e-09
893 8.7158203125000000e-01 -1.4888428268022835e-09 -1.7735146684572101e-11 -1.5065779734868556e-09
894 8.7255859375000000e-01 -1.4770193956792355e-09 -1.7735146684572101e-11 -1.4947545423638076e-09
895 8.7353515625000000e-01 -1.4661054592579603e-09 -1.7280399333685637e-11 -1.4833858585916460e-09
896 8.7451171875000000e-01 -1.4547367754857987e-09 -1.7280399333685637e-11 -1.4720171748194844e-09
897 8.7548828125000000e-01 -1.4442775864154100e-09 -1.6825651982799172e-11 -1.4611032383982092e-09
898 8.7646484375000000e-01 -1.4329089026432484e-09 -1.6825651982799172e-11 -1.4497345546260476e-09
899 8.7744140625000000e-01 -1.4224497135728598e-09 -1.7280399333685637e-11 -1.4397301129065454e-09
900 8.7841796875000000e-01 -1.4119905245024711e-09 -1.7280399333685637e-11 -1.4292709238361567e-09
901 8.7939453125000000e-01 -1.4010765880811960e-09 -1.7280399333685637e-11 -1.4183569874148816e-09
902 8.8037109375000000e-01 -1.3901626516599208e-09 -1.6825651982799172e-11 -1.4069883036427200e-09
903 8.8134765625000000e-01 -1.3792487152386457e-09 -1.6370904631912708e-11 -1.3956196198705584e-09
904 8.8232421875000000e-01 -1.3687895261682570e-09 -1.6370904631912708e-11 -1.3851604308001697e-09
905 8.8330078125000000e-01 -1.3578755897469819e-09 -1.6370904631912708e-11 -1.3742464943788946e-09
906 8.8427734375000000e-01 -1.3465069059748203e-09 -1.5916157281026244e-11 -1.3624230632558465e-09
907 8.8525390625000000e-01 -1.3355929695535451e-09 -1.5916157281026244e-11 -1.3515091268345714e-09
908 8.8623046875000000e-01 -1.3246790331322700e-09 -1.5461409930139780e-11 -1.3401404430624098e-09
909 8.8720703125000000e-01 -1.3142198440618813e-09 -1.5916157281026244e-11 -1.3301360013429075e-09
910 8.8818359375000000e-01 -1.3033059076406062e-09 -1.5006662579253316e-11 -1.3183125702198595e-09
911 8.8916015625000000e-01 -1.2928467185702175e-09 -1.5916157281026244e-11 -1.3087628758512437e-09
912 8.9013671875000000e-01 -1.2823875294998288e-09 -1.5006662579253316e-11 -1.2973941920790821e-09
913 8.9111328125000000e-01 -1.2701093510258943e-09 -1.5006662579253316e-11 -1.2851160136051476e-09
914 8.9208984375000000e-01 -1.2596501619555056e-09 -1.5006662579253316e-11 -1.2746568245347589e-09
915 8.9306640625000000e-01 -1.2482814781833440e-09 -1.4551915228366852e-11 -1.2628333934117109e-09
916 8.9404296875000000e-01 -1.2373675417620689e-09 -1.5006662579253316e-11 -1.2523742043413222e-09
917 8.9501953125000000e-01 -1.2273631000425667e-09 -1.5006662579253316e-11 -1.2423697626218200e-09
918 8.9599609375000000e-01 -1.2155396689195186e-09 -1.4097167877480388e-11 -1.2296368367969990e-09
919 8.9697265625000000e-01 -1.2055352272000164e-09 -1.4551915228366852e-11 -1.2200871424283832e-09
920 8.9794921875000000e-01 -1.1941665434278548e-09 -1.4551915228366852e-11 -1.2087184586562216e-09
921 8.9892578125000000e-01 -1.1827978596556932e-09 -1.4551915228366852e-11 -1.1973497748840600e-09
922 8.9990234375000000e-01 -1.1718839232344180e-09 -1.4097167877480388e-11 -1.1859810911118984e-09
923 9.0087890625000000e-01 -1.1600604921113700e-09 -1.4097167877480388e-11 -1.1741576599888504e-09
924 9.0185546875000000e-01 -1.1496013030409813e-09 -1.4097167877480388e-11 -1.1636984709184617e-09
925 9.0283203125000000e-01 -1.1386873666197062e-09 -1.3642420526593924e-11 -1.1523297871463001e-09
926 9.0380859375000000e-01 -1.1268639354966581e-09 -1.3187673175707459e-11 -1.1400516086723655e-09
927 9.0478515625000000e-01 -1.1159499990753829e-09 -1.3187673175707459e-11 -1.1291376722510904e-09
928 9.0576171875000000e-01 -1.1054908100049943e-09 -1.3187673175707459e-11 -1.1186784831807017e-09
929 9.0673828125000000e-01 -1.0936673788819462e-09 -1.3187673175707459e-11 -1.1068550520576537e-09
930 9.0771484375000000e-01 -1.0841176845133305e-09 -1.2732925824820995e-11 -1.0968506103381515e-09
931 9.0869140625000000e-01 -1.0709300113376230e-09 -1.2732925824820995e-11 -1.0836629371624440e-09
932 9.0966796875000000e-01 -1.0609255696181208e-09 -1.2732925824820995e-11 -1.0736584954429418e-09
933 9.1064453125000000e-01 -1.0500116331968457e-09 -1.2732925824820995e-11 -1.0627445590216666e-09
934 9.1162109375000000e-01 -1.0381882020737976e-09 -1.2732925824820995e-11 -1.0509211278986186e-09
935 9.1259765625000000e-01 -1.0277290130034089e-09 -1.2732925824820995e-11 -1.0404619388282299e-09
936 9.1357421875000000e-01 -1.0163603292312473e-09 -1.1823431123048067e-11 -1.0281837603542954e-09
937 9.1455078125000000e-01 -1.0045368981081992e-09 -1.1823431123048067e-11 -1.0163603292312473e-09
938 9.1552734375000000e-01 -9.9407770903781056e-10 -1.2278178473934531e-11 -1.0063558875117451e-09
939 9.1650390625000000e-01 -9.8225427791476250e-10 -1.0913936421275139e-11 -9.9316821433603764e-10
940 9.1748046875000000e-01 -9.7134034149348736e-10 -1.1823431123048067e-11 -9.8316377261653543e-10
941 9.1845703125000000e-01 -9.6042640507221222e-10 -1.1823431123048067e-11 -9.7224983619526029e-10
942 9.1943359375000000e-01 -9.4860297394916415e-10 -1.0913936421275139e-11 -9.5951691037043929e-10
943 9.2041015625000000e-01 -9.3723429017700255e-10 -1.1368683772161603e-11 -9.4860297394916415e-10
944 9.2138671875000000e-01 -9.2586560640484095e-10 -1.1368683772161603e-11 -9.3723429017700255e-10
945 9.2236328125000000e-01 -9.1495166998356581e-10 -1.0913936421275139e-11 -9.2586560640484095e-10
946 9.2333984375000000e-01 -9.0403773356229067e-10 -1.0913936421275139e-11 -9.1495166998356581e-10
947 9.2431640625000000e-01 -8.9175955508835614e-10 -1.0913936421275139e-11 -9.0267349150963128e-10
948 9.2529296875000000e-01 -8.8175511336885393e-10 -1.0459189070388675e-11 -8.9221430243924260e-10
949 9.2626953125000000e-01 -8.6947693489491940e-10 -1.0459189070388675e-11 -8.7993612396530807e-10
950 9.2724609375000000e-01 -8.5856299847364426e-10 -1.0459189070388675e-11 -8.6902218754403293e-10
951 9.2822265625000000e-01 -8.4719431470148265e-10 -1.0004441719502211e-11 -8.5719875642098486e-10
952 9.2919921875000000e-01 -8.3628037828020751e-10 -1.0004441719502211e-11 -8.4628481999970973e-10
953 9.3017578125000000e-01 -8.2445694715715945e-10 -1.0004441719502211e-11 -8.3446138887666166e-10
954 9.3115234375000000e-01 -8.1354301073588431e-10 -9.5496943686157465e-12 -8.2309270510450006e-10
955 9.3212890625000000e-01 -8.0081008491106331e-10 -9.5496943686157465e-12 -8.1035977927967906e-10
956 9.3310546875000000e-01 -7.9080564319156110e-10 -9.5496943686157465e-12 -8.0035533756017685e-10
957 9.3408203125000000e-01 -7.7898221206851304e-10 -9.3223206931725144e-12 -7.8830453276168555e-10
958 9.3505859375000000e-01 -7.6761352829635143e-10 -9.3223206931725144e-12 -7.7693584898952395e-10
959 9.3603515625000000e-01 -7.5669959187507629e-10 -9.0949470177292824e-12 -7.6579453889280558e-10
960 9.3701171875000000e-01 -7.4464878707658499e-10 -9.0949470177292824e-12 -7.5374373409431428e-10
961 9.3798828125000000e-01 -7.3350747697986662e-10 -8.8675733422860503e-12 -7.4237505032215267e-10
962 9.3896484375000000e-01 -7.2122929850593209e-10 -8.6401996668428183e-12 -7.2986949817277491e-10
963 9.3994140625000000e-01 -7.1054273576010019e-10 -8.4128259913995862e-12 -7.1895556175149977e-10
964 9.4091796875000000e-01 -6.9917405198793858e-10 -8.1854523159563541e-12 -7.0735950430389494e-10
965 9.4189453125000000e-01 -6.8757799454033375e-10 -8.4128259913995862e-12 -6.9599082053173333e-10
966 9.4287109375000000e-01 -6.7689143179450184e-10 -8.1854523159563541e-12 -6.8507688411045820e-10
967 9.4384765625000000e-01 -6.6529537434689701e-10 -7.9580786405131221e-12 -6.7325345298741013e-10
968 9.4482421875000000e-01 -6.5347194322384894e-10 -7.9580786405131221e-12 -6.6143002186436206e-10
969 9.4580078125000000e-01 -6.4187588577624410e-10 -7.9580786405131221e-12 -6.4983396441675723e-10
970 9.4677734375000000e-01 -6.3073457567952573e-10 -7.7307049650698900e-12 -6.3846528064459562e-10
971 9.4775390625000000e-01 -6.1891114455647767e-10 -7.5033312896266580e-12 -6.2641447584610432e-10
972 9.4873046875000000e-01 -6.0776983445975929e-10 -7.5033312896266580e-12 -6.1527316574938595e-10
973 9.4970703125000000e-01 -5.9617377701215446e-10 -7.2759576141834259e-12 -6.0344973462633789e-10
974 9.5068359375000000e-01 -5.8457771956454962e-10 -6.8212102632969618e-12 -5.9139892982784659e-10
975 9.5166015625000000e-01 -5.7320903579238802e-10 -7.0485839387401938e-12 -5.8025761973112822e-10
976 9.5263671875000000e-01 -5.6115823099389672e-10 -6.8212102632969618e-12 -5.6797944125719368e-10
977 9.5361328125000000e-01 -5.5047166824806482e-10 -6.5938365878537297e-12 -5.5706550483591855e-10
978 9.5458984375000000e-01 -5.3842086344957352e-10 -6.3664629124104977e-12 -5.4478732636198401e-10
979 9.5556640625000000e-01 -5.2705217967741191e-10 -6.3664629124104977e-12 -5.3341864258982241e-10
980 9.5654296875000000e-01 -5.1568349590525031e-10 -6.1390892369672656e-12 -5.2182258514221758e-10
981 9.5751953125000000e-01 -5.0431481213308871e-10 -5.9117155615240335e-12 -5.1022652769461274e-10
982 9.5849609375000000e-01 -4.9317350203637034e-10 -6.1390892369672656e-12 -4.9931259127333760e-10
983 9.5947265625000000e-01 -4.8135007091332227e-10 -6.1390892369672656e-12 -4.8748916015028954e-10
984 9.6044921875000000e-01 -4.6929926611483097e-10 -5.4569682106375694e-12 -4.7475623432546854e-10
985 9.6142578125000000e-01 -4.5793058234266937e-10 -5.4569682106375694e-12 -4.6338755055330694e-10
986 9.6240234375000000e-01 -4.4633452489506453e-10 -5.4569682106375694e-12 -4.5179149310570210e-10
987 9.6337890625000000e-01 -4.3428372009657323e-10 -5.2295945351943374e-12 -4.3951331463176757e-10
988 9.6435546875000000e-01 -4.2382453102618456e-10 -5.2295945351943374e-12 -4.2905412556137890e-10
989 9.6533203125000000e-01 -4.1200109990313649e-10 -5.0022208597511053e-12 -4.1700332076288760e-10
990 9.6630859375000000e-01 -4.0017766878008842e-10 -4.7748471843078732e-12 -4.0495251596439630e-10
991 9.6728515625000000e-01 -3.8858161133248359e-10 -4.6611603465862572e-12 -3.9324277167906985e-10
992 9.6826171875000000e-01 -3.7732661439804360e-10 -4.5474735088646412e-12 -3.8187408790690824e-10
993 9.6923828125000000e-01 -3.6561687011271715e-10 -4.5474735088646412e-12 -3.7016434362158179e-10
994 9.7021484375000000e-01 -3.5402081266511232e-10 -4.3200998334214091e-12 -3.5834091249853373e-10
995 9.7119140625000000e-01 -3.4208369470434263e-10 -4.2064129956997931e-12 -3.4629010770004243e-10
996 9.7216796875000000e-01 -3.3105607144534588e-10 -3.9790393202565610e-12 -3.3503511076560244e-10
997 9.7314453125000000e-01 -3.1889157980913296e-10 -3.7516656448133290e-12 -3.2264324545394629e-10
998 9.7412109375000000e-01 -3.0752289603697136e-10 -3.7516656448133290e-12 -3.1127456168178469e-10
999 9.7509765625000000e-01 -2.9626789910253137e-10 -3.6379788070917130e-12 -2.9990587790962309e-10
1000 9.7607421875000000e-01 -2.8455815481720492e-10 -3.5242919693700969e-12 -2.8808244678657502e-10
1001 9.7705078125000000e-01 -2.7284841053187847e-10 -3.2969182939268649e-12 -2.7614532882580534e-10
1002 9.7802734375000000e-01 -2.6102497940883040e-10 -3.1832314562052488e-12 -2.6420821086503565e-10
1003 9.7900390625000000e-01 -2.4976998247439042e-10 -3.0695446184836328e-12 -2.5283952709287405e-10
1004 9.7998046875000000e-01 -2.3806023818906397e-10 -2.7284841053187847e-12 -2.4078872229438275e-10
1005 9.8095703125000000e-01 -2.2635049390373752e-10 -2.7284841053187847e-12 -2.2907897800905630e-10
1006 9.8193359375000000e-01 -2.1464074961841106e-10 -2.6147972675971687e-12 -2.1725554688600823e-10
1007 9.8291015625000000e-01 -2.0338575268397108e-10 -2.3874235921539366e-12 -2.0577317627612501e-10
1008 9.8388671875000000e-01 -1.9156232156092301e-10 -2.3305801732931286e-12 -1.9389290173421614e-10
1009 9.8486328125000000e-01 -1.7990942069445737e-10 -2.1600499167107046e-12 -1.8206947061116807e-10
1010 9.8583984375000000e-01 -1.6865442376001738e-10 -2.0463630789890885e-12 -1.7070078683900647e-10
1011 9.8681640625000000e-01 -1.5688783605583012e-10 -1.8758328224066645e-12 -1.5876366887823679e-10
1012 9.8779296875000000e-01 -1.4517809177050367e-10 -1.7053025658242404e-12 -1.4688339433632791e-10
1013 9.8876953125000000e-01 -1.3341150406631641e-10 -1.6484591469634324e-12 -1.3505996321327984e-10
1014 9.8974609375000000e-01 -1.2227019396959804e-10 -1.4779288903810084e-12 -1.2374812285997905e-10
1015 9.9072265625000000e-01 -1.1033307600882836e-10 -1.3073986337985843e-12 -1.1164047464262694e-10
1016 9.9169921875000000e-01 -9.8737018561223522e-11 -1.1368683772161603e-12 -9.9873886938439682e-11
1017 9.9267578125000000e-01 -8.6942009147605859e-11 -1.0800249583553523e-12 -8.8022034105961211e-11
1018 9.9365234375000000e-01 -7.5687012213165872e-11 -8.8107299234252423e-13 -7.6568085205508396e-11
1019 9.9462890625000000e-01 -6.3920424508978613e-11 -7.6738615462090820e-13 -6.4687810663599521e-11
1020 9.9560546875000000e-01 -5.2040149967069738e-11 -6.2527760746888816e-13 -5.2665427574538626e-11
1021 9.9658203125000000e-01 -4.0884629015636165e-11 -4.8316906031686813e-13 -4.1367798075953033e-11
1022 9.9755859375000000e-01 -2.9046987037872896e-11 -3.4106051316484809e-13 -2.9388047551037744e-11
1023 9.9853515625000000e-01 -1.7436718735552859e-11 -2.1316282072803006e-13 -1.7649881556280889e-11
1024 9.9951171875000000e-01 2.4396304816320935e-06 -7.1054273576010019e-14 2.4396304105778199e-06
