# P x u_num u_exact u_err v_num v_exact v_err psi_num psi_exact psi_err
1 9.7656250000000000e-04 3.0374025464064993e-03 3.0374300831241007e-03 -2.7536717601452099e-08 3.0374298210010821e-03 3.0374300831241007e-03 -2.6212301860312204e-10 6.0748323674075814e-03 6.0748601662482015e-03 -2.7798840620055221e-08
2 2.9296875000000000e-03 9.1121499161356517e-03 9.1121758918464354e-03 -2.5975710783721073e-08 9.1121756499263420e-03 9.1121758918464354e-03 -2.4192009333290354e-10 1.8224325566061995e-02 1.8224351783692871e-02 -2.6217630875319253e-08
3 4.8828125000000000e-03 1.5186554209310579e-02 1.5186578632296664e-02 -2.4422986084904341e-08 1.5186578418501804e-02 1.5186578632296664e-02 -2.1379486028760830e-10 3.0373132627812383e-02 3.0373157264593328e-02 -2.4636780945191949e-08
4 6.8359375000000000e-03 2.1260386735699546e-02 2.1260409606644878e-02 -2.2870945332043036e-08 2.1260409420770409e-02 2.1260409606644878e-02 -1.8587446859452683e-10 4.2520796156469955e-02 4.2520819213289755e-02 -2.3056819800637562e-08
5 8.7890625000000000e-03 2.7333418818665630e-02 2.7333440138587829e-02 -2.1319922199197761e-08 2.7333439980236542e-02 2.7333440138587829e-02 -1.5835128694408063e-10 5.4666858798902172e-02 5.4666880277175658e-02 -2.1478273486141841e-08
6 1.0742187500000000e-02 3.3405421811511057e-02 3.3405441581958482e-02 -1.9770447425015991e-08 3.3405441450741695e-02 3.3405441581958482e-02 -1.3121678743566179e-10 6.6810863262252745e-02 6.6810883163916965e-02 -1.9901664219390547e-08
7 1.2695312500000000e-02 3.9476167106295493e-02 3.9476185329334418e-02 -1.8223038925069268e-08 3.9476185224863986e-02 3.9476185329334418e-02 -1.0447043230499276e-10 7.8952352331159478e-02 7.8952370658668836e-02 -1.8327509357374261e-08
8 1.4648437500000000e-02 4.5545426142415080e-02 4.5545442820644724e-02 -1.6678229644573328e-08 4.5545442742554405e-02 4.5545442820644724e-02 -7.8090318933465852e-11 9.1090868884969478e-02 9.1090885641289449e-02 -1.6756319970445688e-08
9 1.6601562500000000e-02 5.1612970415259612e-02 5.1612985551775237e-02 -1.5136515624236679e-08 5.1612985499690255e-02 5.1612985551775237e-02 -5.2084982160582882e-11 1.0322595591494987e-01 1.0322597110355047e-01 -1.5188600599458368e-08
10 1.8554687500000000e-02 5.7678571484756372e-02 5.7678585083171481e-02 -1.3598415109228323e-08 5.7678585056739645e-02 5.7678585083171481e-02 -2.6431835886686628e-11 1.1535715654149602e-01 1.1535717016634296e-01 -1.3624846945115010e-08
11 2.0507812500000000e-02 6.3742000984018984e-02 6.3742013048439433e-02 -1.2064420448765212e-08 6.3742013047313681e-02 6.3742013048439433e-02 -1.1257522691821009e-12 1.2748401403133267e-01 1.2748402609687887e-01 -1.2065546201034394e-08
12 2.2460937500000000e-02 6.9803030627930154e-02 6.9803041162943225e-02 -1.0535013070245292e-08 6.9803041186781434e-02 6.9803041162943225e-02 2.3838209184390280e-11 1.3960607181471157e-01 1.3960608232588645e-01 -1.0511174874938689e-08
13 2.4414062500000000e-02 7.5861432221742450e-02 7.5861441232400073e-02 -9.0106576228210500e-09 7.5861441280858380e-02 7.5861441232400073e-02 4.8458306811660634e-11 1.5172287350260083e-01 1.5172288246480015e-01 -8.9621993160093893e-09
14 2.6367187500000000e-02 8.1916977669627758e-02 8.1916985161471598e-02 -7.4918438397464371e-09 8.1916985234242290e-02 8.1916985161471598e-02 7.2770692249868318e-11 1.6383396290387003e-01 1.6383397032294320e-01 -7.4190731613743566e-09
15 2.8320312500000000e-02 8.7969438983357115e-02 8.7969444962351442e-02 -5.9789943274157764e-09 8.7969445059107518e-02 8.7969444962351442e-02 9.6756075373960471e-11 1.7593888404246463e-01 1.7593888992470288e-01 -5.8822382520418159e-09
16 3.0273437500000000e-02 9.4018588290768298e-02 9.4018592763348979e-02 -4.4725806808143531e-09 9.4018592883806970e-02 9.4018592763348979e-02 1.2045799080429020e-10 1.8803718117457527e-01 1.8803718552669796e-01 -4.3521226900100629e-09
17 3.2226562500000000e-02 1.0006419784449738e-01 1.0006420081746853e-01 -2.9729711470416476e-09 1.0006420096129999e-01 1.0006420081746853e-01 1.4383146063057239e-10 2.0012839880579736e-01 2.0012840163493706e-01 -2.8291397002888630e-09
18 3.4179687500000000e-02 1.0610604003036345e-01 1.0610604151098380e-01 -1.4806203485484559e-09 1.0610604167791549e-01 1.0610604151098380e-01 1.6693169069270652e-10 2.1221208170827893e-01 2.1221208302196759e-01 -1.3136886578557494e-09
19 3.6132812500000000e-02 1.1214388737610202e-01 1.1214388737200755e-01 4.0944747592419617e-12 1.1214388756176000e-01 1.1214388737200755e-01 1.8975244986396689e-10 2.2428777493786201e-01 2.2428777474401509e-01 1.9384691074542104e-10
20 3.8085937500000000e-02 1.1817751255987101e-01 1.1817751107905573e-01 1.4808152759560045e-09 1.1817751129134055e-01 1.1817751107905573e-01 2.1228481472679306e-10 2.3635502385121154e-01 2.3635502215811147e-01 1.6931000768050097e-09
21 4.0039062500000000e-02 1.2420668841878772e-01 1.2420668546960599e-01 2.9491817321591896e-09 1.2420668570414431e-01 1.2420668546960599e-01 2.3453831932140901e-10 2.4841337412293202e-01 2.4841337093921198e-01 3.1837200376028107e-09
22 4.1992187500000000e-02 1.3023118795748009e-01 1.3023118354865024e-01 4.4088298567501738e-09 1.3023118380519380e-01 1.3023118354865024e-01 2.5654356416993096e-10 2.6046237176267389e-01 2.6046236709730047e-01 4.6653734209201048e-09
23 4.3945312500000000e-02 1.3625078435669299e-01 1.3625077849724079e-01 5.8594522012178629e-09 1.3625077877553232e-01 1.3625077849724079e-01 2.7829152871028384e-10 2.7250156313222529e-01 2.7250155699448159e-01 6.1377437021725711e-09
24 4.5898437500000000e-02 1.4226525098175161e-01 1.4226524368103025e-01 7.3007213607922949e-09 1.4226524398084189e-01 1.4226524368103025e-01 2.9981164773040803e-10 2.8453049496259353e-01 2.8453048736206049e-01 7.6005330362782786e-09
25 4.7851562500000000e-02 1.4827436139118758e-01 1.4827435265880368e-01 8.7323838993125236e-09 1.4827435297988065e-01 1.4827435265880368e-01 3.2107697056638074e-10 2.9654871437106822e-01 2.9654870531760735e-01 9.0534608698789043e-09
26 4.9804687500000000e-02 1.5427788934517650e-01 1.5427787919100455e-01 1.0154171947718282e-08 1.5427787953309782e-01 1.5427787919100455e-01 3.4209327037793003e-10 3.0855576887827429e-01 3.0855575838200910e-01 1.0496265190340637e-08
27 5.1757812500000000e-02 1.6027560881405115e-01 1.6027559724825208e-01 1.1565799068469218e-08 1.6027559761115648e-01 1.6027559724825208e-01 3.6290440097452858e-10 3.2055120642520762e-01 3.2055119449650415e-01 1.1928703469443747e-08
28 5.3710937500000000e-02 1.6626729398690737e-01 1.6626728101985136e-01 1.2967056012280764e-08 1.6626728140334593e-01 1.6626728101985136e-01 3.8349456943365112e-10 3.3253457539025333e-01 3.3253456203970272e-01 1.3350550609469991e-08
29 5.5664062500000000e-02 1.7225271928002833e-01 1.7225270492229486e-01 1.4357733474357204e-08 1.7225270532616252e-01 1.7225270492229486e-01 4.0386766153588383e-10 3.4450542460619082e-01 3.4450540984458972e-01 1.4761601108137512e-08
30 5.7617187500000000e-02 1.7823165934537608e-01 1.7823164360775567e-01 1.5737620401301555e-08 1.7823164403180256e-01 1.7823164360775567e-01 4.2404688094244136e-10 3.5646330337717863e-01 3.5646328721551135e-01 1.6161667282243997e-08
31 5.9570312500000000e-02 1.8420388907914051e-01 1.8420387197257160e-01 1.7106568911406939e-08 1.8420387241658343e-01 1.8420387197257160e-01 4.4401182730524624e-10 3.6840776149572396e-01 3.6840774394514320e-01 1.7550580766467760e-08
32 6.1523437500000000e-02 1.9016918363009019e-01 1.9016916516572022e-01 1.8464369977433392e-08 1.9016916562954111e-01 1.9016916516572022e-01 4.6382089835539375e-10 3.8033834925963128e-01 3.8033833033144043e-01 1.8928190848033211e-08
33 6.3476562500000000e-02 1.9612731840826539e-01 1.9612729859728434e-01 1.9810981050083498e-08 1.9612729908066928e-01 1.9612729859728434e-01 4.8338494318400649e-10 3.9225461748893464e-01 3.9225459719456868e-01 2.0294365965511929e-08
34 6.5429687500000000e-02 2.0207806909306270e-01 2.0207804794690792e-01 2.1146154771667369e-08 2.0207804844974642e-01 2.0207804794690792e-01 5.0283849306609341e-10 4.0415611754280911e-01 4.0415609589381585e-01 2.1648993264733463e-08
35 6.7382812500000000e-02 2.0802121164214293e-01 2.0802118917224127e-01 2.2469901661548164e-08 2.0802118969431632e-01 2.0802118917224127e-01 5.2207504985801734e-10 4.1604240133645926e-01 4.1604237834448254e-01 2.2991976711406181e-08
36 6.9335937500000000e-02 2.1395652229948381e-01 2.1395649851737633e-01 2.3782107477776648e-08 2.1395649905850597e-01 2.1395649851737633e-01 5.4112964109620521e-10 4.2791302135798981e-01 4.2791299703475266e-01 2.4323237146628429e-08
37 7.1289062500000000e-02 2.1988377760395256e-01 2.1988375252127090e-01 2.5082681653909589e-08 2.1988375308130348e-01 2.1988375252127090e-01 5.6003257586922928e-10 4.3976753068525604e-01 4.3976750504254181e-01 2.5642714229778818e-08
38 7.3242187500000000e-02 2.2580275439773315e-01 2.2580272802616186e-01 2.6371571287819862e-08 2.2580272860495379e-01 2.2580272802616186e-01 5.7879193104959370e-10 4.5160548300268694e-01 4.5160545605232372e-01 2.6950363218869455e-08
39 7.5195312500000000e-02 2.3171322983474191e-01 2.3171320218596686e-01 2.7648775047239837e-08 2.3171320278334842e-01 2.3171320218596686e-01 5.9738156088506855e-10 4.6342643261809036e-01 4.6342640437193372e-01 2.8246156635880482e-08
40 7.7148437500000000e-02 2.3761498138893866e-01 2.3761495247467437e-01 2.8914264288415481e-08 2.3761495309049263e-01 2.3761495247467437e-01 6.1581825749890129e-10 4.7522993447943129e-01 4.7522990494934875e-01 2.9530082545914382e-08
41 7.9101562500000000e-02 2.4350778686275040e-01 2.4350775669472172e-01 3.0168028686272663e-08 2.4350775732883620e-01 2.4350775669472172e-01 6.3411448314454333e-10 4.8701554419158660e-01 4.8701551338944343e-01 3.0802143169417207e-08
42 8.1054687500000000e-02 2.4939142439544007e-01 2.4939139298536070e-01 3.1410079370797206e-08 2.4939139363763876e-01 2.4939139298536070e-01 6.5227806489431828e-10 4.9878281803307883e-01 4.9878278597072140e-01 3.2062357435691524e-08
43 8.3007812500000000e-02 2.5526567247146897e-01 2.5526563983101030e-01 3.2640458669241923e-08 2.5526564050130962e-01 2.5526563983101030e-01 6.7029931605233628e-10 5.1053131297277865e-01 5.1053127966202061e-01 3.3310758040805410e-08
44 8.4960937500000000e-02 2.6113030992880132e-01 2.6113027606959699e-01 3.3859204329189652e-08 2.6113027675778311e-01 2.6113027606959699e-01 6.8818611920207218e-10 5.2226058668658437e-01 5.2226055213919398e-01 3.4547390392880573e-08
45 8.6914062500000000e-02 2.6698511596724245e-01 2.6698508090088113e-01 3.5066361314672889e-08 2.6698508160683337e-01 2.6698508090088113e-01 7.0595224110903132e-10 5.3397019757407582e-01 5.3397016180176227e-01 3.5772313555781921e-08
46 8.8867187500000000e-02 2.7282987015678989e-01 2.7282983389476989e-01 3.6262019997845840e-08 2.7282983461834859e-01 2.7282983389476989e-01 7.2357869695949262e-10 5.4565970477513848e-01 5.4565966778953978e-01 3.6985598694805333e-08
47 9.0820312500000000e-02 2.7866435244582693e-01 2.7866431499961658e-01 3.7446210354730169e-08 2.7866431574073502e-01 2.7866431499961658e-01 7.4111844439173069e-10 5.5732866818656190e-01 5.5732862999923316e-01 3.8187328743610749e-08
48 9.2773437500000000e-02 2.8448834316958332e-01 2.8448830455050528e-01 3.8619078046586708e-08 2.8448830530902552e-01 2.8448830455050528e-01 7.5852024661315909e-10 5.6897664847860885e-01 5.6897660910101056e-01 3.9377598293199867e-08
49 9.4726562500000000e-02 2.9030162305822277e-01 2.9030158327752104e-01 3.9780701732716750e-08 2.9030158405333090e-01 2.9030158327752104e-01 7.7580986079794911e-10 5.8060320711155367e-01 5.8060316655504207e-01 4.0556511593514699e-08
50 9.6679687500000000e-02 2.9610397324517795e-01 2.9610393231400556e-01 4.0931172395897164e-08 2.9610393310701721e-01 2.9610393231400556e-01 7.9301165634149129e-10 5.9220790635219522e-01 5.9220786462801112e-01 4.1724184107749807e-08
51 9.8632812500000000e-02 3.0189517527546489e-01 3.0189513320479699e-01 4.2070667893856495e-08 3.0189513401486656e-01 3.0189513320479699e-01 8.1006956698104204e-10 6.0379030929033140e-01 6.0379026640959399e-01 4.2880737405326386e-08
52 1.0058593750000000e-01 3.0767501111370399e-01 3.0767496791445514e-01 4.3199248844771887e-08 3.0767496874151073e-01 3.0767496791445514e-01 8.2705559067974832e-10 6.1534997985521467e-01 6.1534993582891029e-01 4.4026304379940484e-08
53 1.0253906250000000e-01 3.1344326315256177e-01 3.1344321883546994e-01 4.4317091829615407e-08 3.1344321967940164e-01 3.1344321883546994e-01 8.4393170229901671e-10 6.2688648283196335e-01 6.2688643767093988e-01 4.5161023476403273e-08
54 1.0449218750000000e-01 3.1919971422077947e-01 3.1919966879645439e-01 4.5424325079146399e-08 3.1919966965717012e-01 3.1919966879645439e-01 8.6071572091839244e-10 6.3839938387794959e-01 6.3839933759290879e-01 4.6285040800064792e-08
55 1.0644531250000000e-01 3.2494414759143930e-01 3.2494410107032101e-01 4.6521118290954178e-08 3.2494410194771434e-01 3.2494410107032101e-01 8.7739332466085784e-10 6.4988824953915358e-01 6.4988820214064202e-01 4.7398511560103884e-08
56 1.0839843750000000e-01 3.3067634699003018e-01 3.3067629938244147e-01 4.7607588704590142e-08 3.3067630027644473e-01 3.3067629938244147e-01 8.9400326030997235e-10 6.6135264726647491e-01 6.6135259876488295e-01 4.8501591964900115e-08
57 1.1035156250000000e-01 3.3639609660272068e-01 3.3639604791878924e-01 4.8683931441750872e-08 3.3639604882930219e-01 3.3639604791878924e-01 9.1051294281996320e-10 6.7279214543202293e-01 6.7279209583757849e-01 4.9594444440081986e-08
58 1.1230468750000000e-01 3.4210318108438026e-01 3.4210313133406467e-01 4.9750315589403016e-08 3.4210313226098771e-01 3.4210313133406467e-01 9.2692303832464518e-10 6.8420631334536797e-01 6.8420626266812934e-01 5.0677238627727661e-08
59 1.1425781250000000e-01 3.4779738556667911e-01 3.4779733475980279e-01 5.0806876317199823e-08 3.4779733570307086e-01 3.4779733475980279e-01 9.4326807476008412e-10 6.9559472126974997e-01 6.9559466951960558e-01 5.1750144391959907e-08
60 1.1621093750000000e-01 3.5347849566626277e-01 3.5347844381246302e-01 5.1853799754031371e-08 3.5347844477199941e-01 3.5347844381246302e-01 9.5953639478452146e-10 7.0695694043826218e-01 7.0695688762492603e-01 5.2813336148815893e-08
61 1.1816406250000000e-01 3.5914629749281302e-01 3.5914624460150069e-01 5.2891312329883533e-08 3.5914624557717995e-01 3.5914624460150069e-01 9.7567925960717616e-10 7.1829254306999291e-01 7.1829248920300137e-01 5.3866991533979558e-08
62 1.2011718750000000e-01 3.6480057765692658e-01 3.6480052373741928e-01 5.3919507303490377e-08 3.6480052472919916e-01 3.6480052373741928e-01 9.9177988044374388e-10 7.2960110238612574e-01 7.2960104747483856e-01 5.4911287183934121e-08
63 1.2207031250000000e-01 3.7044112327840045e-01 3.7044106833980517e-01 5.4938595284159675e-08 3.7044106934761523e-01 3.7044106833980517e-01 1.0078100576293991e-09 7.4088219262601562e-01 7.4088213667961034e-01 5.5946405286277923e-08
64 1.2402343750000000e-01 3.7606772199411526e-01 3.7606766604534236e-01 5.5948772892389087e-08 3.7606766706909567e-01 3.7606766604534236e-01 1.0237533043522262e-09 7.5213538906321098e-01 7.5213533209068473e-01 5.6972526252252464e-08
65 1.2597656250000000e-01 3.8168016196603255e-01 3.8168010501580718e-01 5.6950225368890273e-08 3.8168010605541175e-01 3.8168010501580718e-01 1.0396045690974631e-09 7.6336026802144430e-01 7.6336021003161436e-01 5.7989829937987736e-08
66 1.2792968750000000e-01 3.8727823188911875e-01 3.8727817394604463e-01 5.7943074116550974e-08 3.8727817500146861e-01 3.8727817394604463e-01 1.0554239704418933e-09 7.7455640689058736e-01 7.7455634789208927e-01 5.8998498086992868e-08
67 1.2988281250000000e-01 3.9286172099948657e-01 3.9286166207192352e-01 5.8927563051369702e-08 3.9286166314307142e-01 3.9286166207192352e-01 1.0711478926062057e-09 7.8572338414255793e-01 7.8572332414384705e-01 5.9998710888464757e-08
68 1.3183593750000000e-01 3.9843041908211807e-01 3.9843035917827174e-01 5.9903846327813426e-08 3.9843036026507311e-01 3.9843035917827174e-01 1.0868013711196056e-09 7.9686077934719113e-01 7.9686071835654348e-01 6.0990647643421880e-08
69 1.3378906250000000e-01 4.0398411647887661e-01 4.0398405560679063e-01 6.0872085982932589e-08 4.0398405670918947e-01 4.0398405560679063e-01 1.1023988388814132e-09 8.0796817318806613e-01 8.0796811121358125e-01 6.1974484877325153e-08
70 1.3574218750000000e-01 4.0952260409642866e-01 4.0952254226394857e-01 6.1832480080514785e-08 4.0952254338186739e-01 4.0952254226394857e-01 1.1179188130761020e-09 8.1904514747829604e-01 8.1904508452789715e-01 6.2950398893590886e-08
71 1.3769531250000000e-01 4.1504567341407922e-01 4.1504561062885337e-01 6.2785225851680337e-08 4.1504561176219112e-01 4.1504561062885337e-01 1.1333377569755498e-09 8.3009128517627029e-01 8.3009122125770674e-01 6.3918563553144736e-08
72 1.3964843750000000e-01 4.2055311649150862e-01 4.2055305276110277e-01 6.3730405841511129e-08 4.2055305390984732e-01 4.2055305276110277e-01 1.1487445439328781e-09 8.4110617040135593e-01 8.4110610552220555e-01 6.4879150385444007e-08
73 1.4160156250000000e-01 4.2604472597684195e-01 4.2604466130861329e-01 6.4668228660913485e-08 4.2604466247270911e-01 4.2604466130861329e-01 1.1640958197389750e-09 8.5208938844955107e-01 8.5208932261722659e-01 6.5832324480652460e-08
74 1.4355468750000000e-01 4.3152029511434081e-01 4.3152022951542690e-01 6.5598913912001677e-08 4.3152023069476569e-01 4.3152022951542690e-01 1.1793387932890198e-09 8.6304052580910651e-01 8.6304045903085380e-01 6.6778252705290697e-08
75 1.4550781250000000e-01 4.3697961775207078e-01 4.3697955122949550e-01 6.6522575281613427e-08 4.3697955242401476e-01 4.3697955122949550e-01 1.1945192612827782e-09 8.7395917017608560e-01 8.7395910245899100e-01 6.7717094598407357e-08
76 1.4746093750000000e-01 4.4242248834978165e-01 4.4242242091044209e-01 6.7439339557218148e-08 4.4242242212011179e-01 4.4242242091044209e-01 1.2096696977437205e-09 8.8484491046989344e-01 8.8484484182088419e-01 6.8649009254961868e-08
77 1.4941406250000000e-01 4.4784870198669791e-01 4.4784863363729971e-01 6.8349398196776434e-08 4.4784863486205218e-01 4.4784863363729971e-01 1.2247524661113118e-09 8.9569733684875008e-01 8.9569726727459942e-01 6.9574150662887746e-08
78 1.5136718750000000e-01 4.5325805436912708e-01 4.5325798511622578e-01 6.9252901302441217e-08 4.5325798635599029e-01 4.5325798511622578e-01 1.2397645132722346e-09 9.0651604072511738e-01 9.0651597023245156e-01 7.0492665815713451e-08
79 1.5332031250000000e-01 4.5865034183818326e-01 4.5865027168819472e-01 7.0149988540268993e-08 4.5865027294290617e-01 4.5865027168819472e-01 1.2547114458527631e-09 9.1730061478108937e-01 9.1730054337638944e-01 7.1404699930610604e-08
80 1.5527343750000000e-01 4.6402536137745365e-01 4.6402529033666484e-01 7.1040788807152921e-08 4.6402529160626954e-01 4.6402529033666484e-01 1.2696046991500509e-09 9.2805065298372313e-01 9.2805058067332968e-01 7.2310393450791821e-08
81 1.5722656250000000e-01 4.6938291062068699e-01 4.6938283869522190e-01 7.1925465083833018e-08 4.6938283997964153e-01 4.6938283869522190e-01 1.2844196262129515e-09 9.3876575060032852e-01 9.3876567739044381e-01 7.3209884710045969e-08
82 1.5917968750000000e-01 4.7472278785930361e-01 4.7472271505519836e-01 7.2804105244461681e-08 4.7472271635439633e-01 4.7472271505519836e-01 1.2991979714271906e-09 9.4944550421370000e-01 9.4944543011039673e-01 7.4103303271400023e-08
83 1.6113281250000000e-01 4.8004479205012790e-01 4.8004471837326734e-01 7.3676860556926016e-08 4.8004471968718254e-01 4.8004471837326734e-01 1.3139151988639242e-09 9.6008951173731050e-01 9.6008943674653469e-01 7.4990775811301091e-08
84 1.6308593750000000e-01 4.8534872282287039e-01 4.8534864827901197e-01 7.4543858419318099e-08 4.8534864960757945e-01 4.8534864827901197e-01 1.3285674782537171e-09 9.7069737243044985e-01 9.7069729655802395e-01 7.5872425897571816e-08
85 1.6503906250000000e-01 4.9063438048768049e-01 4.9063430508246908e-01 7.5405211408252626e-08 4.9063430642562700e-01 4.9063430508246908e-01 1.3431579182210385e-09 9.8126868691330749e-01 9.8126861016493816e-01 7.6748369326473664e-08
86 1.6699218750000000e-01 4.9590156604267543e-01 4.9590148978164733e-01 7.6261028103541406e-08 4.9590149113933801e-01 4.9590148978164733e-01 1.3576906821022305e-09 9.9180305718201345e-01 9.9180297956329466e-01 7.7618718785643637e-08
87 1.6894531250000000e-01 5.0115008118145565e-01 5.0115000407002008e-01 7.7111435570209608e-08 5.0115000544216393e-01 5.0115000407002008e-01 1.3721438429925570e-09 1.0023000866236196e+00 1.0023000081400402e+00 7.8483579413202165e-08
88 1.7089843750000000e-01 5.0637972830046540e-01 5.0637965034399057e-01 7.7956474830997990e-08 5.0637965173057153e-01 5.0637965034399057e-01 1.3865809611601776e-09 1.0127593800310368e+00 1.0127593006879811e+00 7.9343055681135866e-08
89 1.7285156250000000e-01 5.1159031050664028e-01 5.1159023171033280e-01 7.8796307478867789e-08 5.1159023311127005e-01 5.1159023171033280e-01 1.4009372550916055e-09 1.0231805436179102e+00 1.0231804634206656e+00 8.0197244622937092e-08
90 1.7480468750000000e-01 5.1678163162460167e-01 5.1678155199360298e-01 7.9630998683910548e-08 5.1678155340884280e-01 5.1678155199360298e-01 1.4152398142286415e-09 1.0335631850334446e+00 1.0335631039872060e+00 8.1046238609161492e-08
91 1.7675781250000000e-01 5.2195349620417808e-01 5.2195341574352661e-01 8.0460651474822953e-08 5.2195341717300181e-01 5.2195341574352661e-01 1.4294752048726878e-09 1.0439069133771799e+00 1.0439068314870532e+00 8.1890126679695641e-08
92 1.7871093750000000e-01 5.2710570952772617e-01 5.2710562824235685e-01 8.1285369324390899e-08 5.2710562968597818e-01 5.2710562824235685e-01 1.4436213335855541e-09 1.0542113392137042e+00 1.0542112564847137e+00 8.2728990546954151e-08
93 1.8066406250000000e-01 5.3223807761736674e-01 5.3223799551220508e-01 8.2105161669510096e-08 5.3223799696995411e-01 5.3223799551220508e-01 1.4577490325962117e-09 1.0644760745873207e+00 1.0644759910244102e+00 8.3562910591084005e-08
94 1.8261718750000000e-01 5.3735040724245875e-01 5.3735032432234442e-01 8.2920114330420347e-08 5.3735032579418929e-01 5.3735032432234442e-01 1.4718448682060625e-09 1.0747007330366480e+00 1.0747006486446888e+00 8.4391959198626409e-08
95 1.8457031250000000e-01 5.4244250592687182e-01 5.4244242219648475e-01 8.3730387068214895e-08 5.4244242368230478e-01 5.4244242219648475e-01 1.4858200225731366e-09 1.0848849296091765e+00 1.0848848443929695e+00 8.5216206979765730e-08
96 1.8652343750000000e-01 5.4751418195598178e-01 5.4751409742001889e-01 8.4535962896481465e-08 5.4751409891977676e-01 5.4751409742001889e-01 1.4997578734465833e-09 1.0950282808757585e+00 1.0950281948400378e+00 8.6035720769928048e-08
97 1.8847656250000000e-01 5.5256524438414223e-01 5.5256515904724146e-01 8.5336900768062662e-08 5.5256516056090033e-01 5.5256515904724146e-01 1.5136588649156124e-09 1.1051304049450426e+00 1.1051303180944829e+00 8.6850559632978275e-08
98 1.9042968750000000e-01 5.5759550304185657e-01 5.5759541690853698e-01 8.6133319587844426e-08 5.5759541843599714e-01 5.5759541690853698e-01 1.5274601583570302e-09 1.1151909214778537e+00 1.1151908338170740e+00 8.7660779746201456e-08
99 1.9238281250000000e-01 5.6260476854277264e-01 5.6260468161754007e-01 8.6925232567480748e-08 5.6260468315874135e-01 5.6260468161754007e-01 1.5412012777105133e-09 1.1252094517015139e+00 1.1252093632350801e+00 8.8466433734168959e-08
100 1.9433593750000000e-01 5.6759285229090817e-01 5.6759276457826580e-01 8.7712642371506888e-08 5.6759276613319587e-01 5.6759276457826580e-01 1.5549300735884231e-09 1.1351856184241040e+00 1.1351855291565316e+00 8.9267572445095311e-08
101 1.9628906250000000e-01 5.7255956648789319e-01 5.7255947799220985e-01 8.8495683336908826e-08 5.7255947956076536e-01 5.7255947799220985e-01 1.5685555077027402e-09 1.1451190460486584e+00 1.1451189559844197e+00 9.0064238733589264e-08
102 1.9824218750000000e-01 5.7750472413976262e-01 5.7750463486541936e-01 8.9274343251233290e-08 5.7750463644755234e-01 5.7750463486541936e-01 1.5821329801823936e-09 1.1550093605873148e+00 1.1550092697308387e+00 9.0856476120393381e-08
103 2.0019531250000000e-01 5.8242813906421886e-01 5.8242804901553313e-01 9.0048685730259592e-08 5.8242805061116787e-01 5.8242804901553313e-01 1.5956347354517675e-09 1.1648561896753868e+00 1.1648560980310663e+00 9.1644320576733662e-08
104 2.0214843750000000e-01 5.8732962589748450e-01 5.8732953507879126e-01 9.0818693232463943e-08 5.8732953668790466e-01 5.8732953507879126e-01 1.6091133980822292e-09 1.1746591625853893e+00 1.1746590701575825e+00 9.2427806741568475e-08
105 2.0410156250000000e-01 5.9220900010148914e-01 5.9220890851701358e-01 9.1584475558903478e-08 5.9220891013950261e-01 5.9220890851701358e-01 1.6224890320160057e-09 1.1844179102409917e+00 1.1844178170340272e+00 9.3206964590919483e-08
106 2.0605468750000000e-01 5.9706607797053823e-01 5.9706598562454805e-01 9.2345990188036353e-08 5.9706598726037985e-01 5.9706598562454805e-01 1.6358318033482533e-09 1.1941320652309182e+00 1.1941319712490961e+00 9.3981822102406909e-08
107 2.0800781250000000e-01 6.0190067663849300e-01 6.0190058353518683e-01 9.3103306175734701e-08 6.0190058518428602e-01 6.0190058353518683e-01 1.6490991905371288e-09 1.2038012618227789e+00 1.2038011670703737e+00 9.4752405255249528e-08
108 2.0996093750000000e-01 6.0671261408549937e-01 6.0671252022905109e-01 9.3856448279971971e-08 6.0671252189133806e-01 6.0671252022905109e-01 1.6622869747351388e-09 1.2134251359768373e+00 1.2134250404581022e+00 9.5518735143684808e-08
109 2.1191406250000000e-01 6.1150170914485735e-01 6.1150161453944396e-01 9.4605413392123694e-08 6.1150161621486099e-01 6.1150161453944396e-01 1.6754170273358682e-09 1.2230033253597183e+00 1.2230032290788879e+00 9.6280830419459562e-08
110 2.1386718750000000e-01 6.1626778150990935e-01 6.1626768615967165e-01 9.5350237705460472e-08 6.1626768784814412e-01 6.1626768615967165e-01 1.6884724729493428e-09 1.2325354693580535e+00 1.2325353723193433e+00 9.7038710178409815e-08
111 2.1582031250000000e-01 6.2101065174071868e-01 6.2101055564983132e-01 9.6090887358180055e-08 6.2101055735132860e-01 6.2101055564983132e-01 1.7014972764073377e-09 1.2420212090920473e+00 1.2420211112996626e+00 9.7792384634587393e-08
112 2.1777343750000000e-01 6.2573014127103621e-01 6.2573004444356739e-01 9.6827468820670504e-08 6.2573004615796324e-01 6.2573004444356739e-01 1.7143958475074328e-09 1.2514601874289994e+00 1.2514600888871348e+00 9.8541864668177936e-08
113 2.1972656250000000e-01 6.3042607241463566e-01 6.3042597485479401e-01 9.7559841649719203e-08 6.3042597658211386e-01 6.3042597485479401e-01 1.7273198427147918e-09 1.2608520489967496e+00 1.2608519497095880e+00 9.9287161603456298e-08
114 2.2167968750000000e-01 6.3509826837253713e-01 6.3509817008438574e-01 9.8288151395564682e-08 6.3509817182451656e-01 6.3509817008438574e-01 1.7401308172182439e-09 1.2701964401970538e+00 1.2701963401687715e+00 1.0002828232380523e-07
115 2.2363281250000000e-01 6.3974655323918961e-01 6.3974645422683263e-01 9.9012356979955030e-08 6.3974645597970592e-01 6.3974645422683263e-01 1.7528732909610767e-09 1.2794930092188954e+00 1.2794929084536653e+00 1.0076523015989380e-07
116 2.2558593750000000e-01 6.4437075200932881e-01 6.4437065227686408e-01 9.9732464731161485e-08 6.4437065404240912e-01 6.4437065227686408e-01 1.7655450434972408e-09 1.2887414060517379e+00 1.2887413045537282e+00 1.0149800977465873e-07
117 2.2753906250000000e-01 6.4897069058452683e-01 6.4897059013603708e-01 1.0044848974821718e-07 6.4897059191416573e-01 6.4897059013603708e-01 1.7781286443252498e-09 1.2979412824986927e+00 1.2979411802720742e+00 1.0222661850356474e-07
118 2.2949218750000000e-01 6.5354619577965378e-01 6.5354609461929114e-01 1.0116036264218309e-07 6.5354609640998618e-01 6.5354609461929114e-01 1.7906950366963770e-09 1.3070922921896400e+00 1.3070921892385823e+00 1.0295105767887947e-07
119 2.3144531250000000e-01 6.5809709532965532e-01 6.5809699346146844e-01 1.0186818688584509e-07 6.5809699526460963e-01 6.5809699346146844e-01 1.8031411919139373e-09 1.3161940905942648e+00 1.3161939869229369e+00 1.0367132796673673e-07
120 2.3339843750000000e-01 6.6262321789565304e-01 6.6262311532379992e-01 1.0257185312223527e-07 6.6262311713936861e-01 6.6262311532379992e-01 1.8155686953846839e-09 1.3252463350350216e+00 1.3252462306475998e+00 1.0438742181761995e-07
121 2.3535156250000000e-01 6.6712439307180182e-01 6.6712428980035554e-01 1.0327144628341500e-07 6.6712429162824283e-01 6.6712428980035554e-01 1.8278872859767148e-09 1.3342486847000448e+00 1.3342485796007111e+00 1.0509933368041402e-07
122 2.3730468750000000e-01 6.7160045139135682e-01 6.7160034742446040e-01 1.0396689642533374e-07 6.7160034926462286e-01 6.7160034742446040e-01 1.8401624668484828e-09 1.3432008006559797e+00 1.3432006948489208e+00 1.0580705889218223e-07
123 2.3925781250000000e-01 6.7605122433328946e-01 6.7605111967507470e-01 1.0465821476124404e-07 6.7605112152744629e-01 6.7605111967507470e-01 1.8523715894502857e-09 1.3521023458607357e+00 1.3521022393501494e+00 1.0651058635069433e-07
124 2.4121093750000000e-01 6.8047654432853966e-01 6.8047643898313881e-01 1.0534540084705668e-07 6.8047644084764580e-01 6.8047643898313881e-01 1.8645069932432534e-09 1.3609529851761855e+00 1.3609528779662776e+00 1.0720990784029993e-07
125 2.4316406250000000e-01 6.8487624476634157e-01 6.8487613873788222e-01 1.0602845934570837e-07 6.8487614061443847e-01 6.8487613873788222e-01 1.8765562437295102e-09 1.3697523853807800e+00 1.3697522774757644e+00 1.0790501558943788e-07
126 2.4511718750000000e-01 6.8925016000043804e-01 6.8925005329309563e-01 1.0670734240658675e-07 6.8925005518165050e-01 6.8925005329309563e-01 1.8885548680458442e-09 1.3785002151820884e+00 1.3785001065861913e+00 1.0859589716361029e-07
127 2.4707031250000000e-01 6.9359812535542975e-01 6.9359801797336817e-01 1.0738206157601127e-07 6.9359801987384595e-01 6.9359801797336817e-01 1.9004777751518986e-09 1.3871961452292756e+00 1.3871960359467363e+00 1.0928253924014086e-07
128 2.4902343750000000e-01 6.9791997713291964e-01 6.9791986908028736e-01 1.0805263228608197e-07 6.9791987099258335e-01 6.9791986908028736e-01 1.9122959882267310e-09 1.3958398481255030e+00 1.3958397381605747e+00 1.0996492827430870e-07
129 2.5097656250000000e-01 7.0221555261756075e-01 7.0221544389860147e-01 1.0871895927966335e-07 7.0221544582269213e-01 7.0221544389860147e-01 1.9240906645734412e-09 1.4044309984402528e+00 1.4044308877972029e+00 1.1064304983321449e-07
130 2.5292968750000000e-01 7.0648469008350012e-01 7.0648458070234654e-01 1.0938115357905787e-07 7.0648458263808633e-01 7.0648458070234654e-01 1.9357397906816232e-09 1.4129692727215866e+00 1.4129691614046931e+00 1.1131689348076179e-07
131 2.5488281250000000e-01 7.1072722879999151e-01 7.1072711876093497e-01 1.1003905653339530e-07 7.1072712070831934e-01 7.1072711876093497e-01 1.9473843648754041e-09 1.4214543495083110e+00 1.4214542375218699e+00 1.1198644100929300e-07
132 2.5683593750000000e-01 7.1494300903793506e-01 7.1494289834520663e-01 1.1069272842778588e-07 7.1494290030415275e-01 7.1494289834520663e-01 1.9589461164315480e-09 1.4298859093420879e+00 1.4298857966904133e+00 1.1265167465523973e-07
133 2.5878906250000000e-01 7.1913187207561435e-01 7.1913176073344298e-01 1.1134217137165336e-07 7.1913176270384949e-01 7.1913176073344298e-01 1.9704065046255437e-09 1.4382636347794637e+00 1.4382635214668860e+00 1.1331257776525661e-07
134 2.6074218750000000e-01 7.2329366020463093e-01 7.2329354821734260e-01 1.1198728833150540e-07 7.2329355019918995e-01 7.2329354821734260e-01 1.9818473528943059e-09 1.4465872104038209e+00 1.4465870964346852e+00 1.1396913568439970e-07
135 2.6269531250000000e-01 7.2742821673613078e-01 7.2742810410795888e-01 1.1262817189994223e-07 7.2742810610111730e-01 7.2742810410795888e-01 1.9931584160914895e-09 1.4548563228372480e+00 1.4548562082159178e+00 1.1462133020501142e-07
136 2.6464843750000000e-01 7.3153538600631396e-01 7.3153527274159957e-01 1.1326471438533048e-07 7.3153527474603064e-01 7.3153527274159957e-01 2.0044310655720210e-09 1.4630706607523445e+00 1.4630705454831991e+00 1.1526914533988020e-07
137 2.6660156250000000e-01 7.3561501338266910e-01 7.3561489948568715e-01 1.1389698195696241e-07 7.3561490150126452e-01 7.3561489948568715e-01 2.0155773716723502e-09 1.4712299148839336e+00 1.4712297989713743e+00 1.1591255932863476e-07
138 2.6855468750000000e-01 7.3966694526944010e-01 7.3966683074458006e-01 1.1452486003982187e-07 7.3966683277127376e-01 7.3966683074458006e-01 2.0266937017510145e-09 1.4793337780407139e+00 1.4793336614891601e+00 1.1655155374157289e-07
139 2.7050781250000000e-01 7.4369102911374552e-01 7.4369091396535691e-01 1.1514838860193777e-07 7.4369091600308068e-01 7.4369091396535691e-01 2.0377237675006654e-09 1.4873819451168262e+00 1.4873818279307138e+00 1.1718611236943843e-07
140 2.7246093750000000e-01 7.4768711341108884e-01 7.4768699764355884e-01 1.1576753000674955e-07 7.4768699969224284e-01 7.4768699764355884e-01 2.0486840002220674e-09 1.4953741131033316e+00 1.4953739952871177e+00 1.1781621389594932e-07
141 2.7441406250000000e-01 7.5165504771124314e-01 7.5165493132889372e-01 1.1638234942434877e-07 7.5165493338838052e-01 7.5165493132889372e-01 2.0594868033185776e-09 1.5033099810996235e+00 1.5033098626577874e+00 1.1844183611664505e-07
142 2.7636718750000000e-01 7.5559468262352292e-01 7.5559456563090133e-01 1.1699262159048374e-07 7.5559456770124267e-01 7.5559456563090133e-01 2.0703413428080353e-09 1.5111892503247657e+00 1.5111891312618027e+00 1.1906296304431407e-07
143 2.7832031250000000e-01 7.5950586982313240e-01 7.5950575222457672e-01 1.1759855567117228e-07 7.5950575430559586e-01 7.5950575222457672e-01 2.0810191347919726e-09 1.5190116241287281e+00 1.5190115044491534e+00 1.1967957469494195e-07
144 2.8027343750000000e-01 7.6338846205589372e-01 7.6338834385595511e-01 1.1819993861461597e-07 7.6338834594766980e-01 7.6338834385595511e-01 2.0917146903443040e-09 1.5267768080035635e+00 1.5267766877119102e+00 1.2029165330496028e-07
145 2.8222656250000000e-01 7.6724231314456626e-01 7.6724219434765617e-01 1.1879691008687132e-07 7.6724219644991976e-01 7.6724219434765617e-01 2.1022635854350824e-09 1.5344845095944861e+00 1.5344843886953123e+00 1.2089917378332871e-07
146 2.8417968750000000e-01 7.7106727799376396e-01 7.7106715860438713e-01 1.1938937682920425e-07 7.7106716071712644e-01 7.7106715860438713e-01 2.1127393168285380e-09 1.5421344387108904e+00 1.5421343172087743e+00 1.2150211614603279e-07
147 2.8613281250000000e-01 7.7486321259574542e-01 7.7486309261840558e-01 1.1997733984081549e-07 7.7486309474152970e-01 7.7486309261840558e-01 2.1231241209562768e-09 1.5497263073372751e+00 1.5497261852368112e+00 1.2210046396177177e-07
148 2.8808593750000000e-01 7.7862997403569489e-01 7.7862985347494140e-01 1.2056075349153872e-07 7.7862985560838383e-01 7.7862985347494140e-01 2.1334424227248405e-09 1.5572598296440787e+00 1.5572597069498828e+00 1.2269419591426356e-07
149 2.9003906250000000e-01 7.8236742049717323e-01 7.8236729935757710e-01 1.2113959613202496e-07 7.8236730150127010e-01 7.8236729935757710e-01 2.1436930008889021e-09 1.5647347219984433e+00 1.5647345987151542e+00 1.2328328913291386e-07
150 2.9199218750000000e-01 7.8607541126742120e-01 7.8607528955358785e-01 1.2171383334536046e-07 7.8607529170747992e-01 7.8607528955358785e-01 2.1538920647046211e-09 1.5721507029749011e+00 1.5721505791071757e+00 1.2386772541006508e-07
151 2.9394531250000000e-01 7.8975380674277917e-01 7.8975368445923844e-01 1.2228354073773318e-07 7.8975368662318046e-01 7.8975368445923844e-01 2.1639420255681330e-09 1.5795074933659596e+00 1.5795073689184769e+00 1.2444748276330131e-07
152 2.9589843750000000e-01 7.9340246843368112e-01 7.9340234558503964e-01 1.2284864148170982e-07 7.9340234775894192e-01 7.9340234558503964e-01 2.1739022804112551e-09 1.5868048161926231e+00 1.5868046911700793e+00 1.2502254387314338e-07
153 2.9785156250000000e-01 7.9702125896997633e-01 7.9702113556096266e-01 1.2340901367480228e-07 7.9702113774483296e-01 7.9702113556096266e-01 2.1838703068155496e-09 1.5940423967148094e+00 1.5940422711219253e+00 1.2559288409264013e-07
154 2.9980468750000000e-01 8.0061004210643172e-01 8.0060991814160976e-01 1.2396482196308511e-07 8.0060992033527001e-01 8.0060991814160976e-01 2.1936602534466942e-09 1.6012199624417018e+00 1.6012198362832195e+00 1.2615848232755411e-07
155 3.0175781250000000e-01 8.0416868272717845e-01 8.0416855821134536e-01 1.2451583308870084e-07 8.0416856041483553e-01 8.0416855821134536e-01 2.2034901681067254e-09 1.6083372431420140e+00 1.6083371164226907e+00 1.2671932325680757e-07
156 3.0371093750000000e-01 8.0769704685166399e-01 8.0769692178938235e-01 1.2506228164177458e-07 8.0769692400248794e-01 8.0769692178938235e-01 2.2131055876783989e-09 1.6153939708541518e+00 1.6153938435787647e+00 1.2727538711843067e-07
157 3.0566406250000000e-01 8.1119500163881331e-01 8.1119487603482598e-01 1.2560398732208711e-07 8.1119487825748937e-01 8.1119487603482598e-01 2.2226633866750944e-09 1.6223898798963026e+00 1.6223897520696520e+00 1.2782665059773990e-07
158 3.0761718750000000e-01 8.1466241539256334e-01 8.1466228925167616e-01 1.2614088717999294e-07 8.1466229148388170e-01 8.1466228925167616e-01 2.2322055315271427e-09 1.6293247068764449e+00 1.6293245785033523e+00 1.2837309260049778e-07
159 3.0957031250000000e-01 8.1809915756685281e-01 8.1809903089378500e-01 1.2667306781288801e-07 8.1809903313541266e-01 8.1809903089378500e-01 2.2416276612702291e-09 1.6361981907022654e+00 1.6361980617875700e+00 1.2891469536313593e-07
160 3.1152343750000000e-01 8.2150509877028055e-01 8.2150497156977220e-01 1.2720050834857943e-07 8.2150497382070320e-01 8.2150497156977220e-01 2.2509309971496805e-09 1.6430100725909838e+00 1.6430099431395444e+00 1.2945143934572911e-07
161 3.1347656250000000e-01 8.2488011077101675e-01 8.2487998304789611e-01 1.2772312063535907e-07 8.2487998530808238e-01 8.2487998304789611e-01 2.2601862603721656e-09 1.6497600960790990e+00 1.6497599660957922e+00 1.2998330678470893e-07
162 3.1542968750000000e-01 8.2822406650176728e-01 8.2822393826088236e-01 1.2824088491125707e-07 8.2822394053027371e-01 8.2822393826088236e-01 2.2693913415139377e-09 1.6564480070320409e+00 1.6564478765217647e+00 1.3051027614174870e-07
163 3.1738281250000000e-01 8.3153684006459405e-01 8.3153671131070728e-01 1.2875388677446864e-07 8.3153671358914694e-01 8.3153671131070728e-01 2.2784396591646328e-09 1.6630735536537409e+00 1.6630734226214146e+00 1.3103232632261097e-07
164 3.1933593750000000e-01 8.3481830673534085e-01 8.3481817747333775e-01 1.2926200310126035e-07 8.3481817976077510e-01 8.3481817747333775e-01 2.2874373506454049e-09 1.6696364864961160e+00 1.6696363549466755e+00 1.3154944045190575e-07
165 3.2128906250000000e-01 8.3806834296869426e-01 8.3806821320342739e-01 1.2976526686525602e-07 8.3806821549975974e-01 8.3806821320342739e-01 2.2963323464963992e-09 1.6761365584684540e+00 1.6761364264068548e+00 1.3206159921175242e-07
166 3.2324218750000000e-01 8.4128682640262320e-01 8.4128669613896812e-01 1.3026365508483906e-07 8.4128669844409565e-01 8.4128669613896812e-01 2.3051275332974797e-09 1.6825735248467188e+00 1.6825733922779362e+00 1.3256878261813654e-07
167 3.2519531250000000e-01 8.4447363586298085e-01 8.4447350510589636e-01 1.3075708449328260e-07 8.4447350741978666e-01 8.4447350510589636e-01 2.3138903015862411e-09 1.6889471432827676e+00 1.6889470102117927e+00 1.3307097490589115e-07
168 3.2714843750000000e-01 8.4762865136828069e-01 8.4762852012265577e-01 1.3124562492361491e-07 8.4762852244518661e-01 8.4762852012265577e-01 2.3225308343199913e-09 1.6952571738134674e+00 1.6952570402453115e+00 1.3356815586895721e-07
169 3.2910156250000000e-01 8.5075175413394022e-01 8.5075162240471403e-01 1.3172922619375527e-07 8.5075162473579102e-01 8.5075162240471403e-01 2.3310769980966484e-09 1.7015033788697314e+00 1.7015032448094281e+00 1.3406030330287422e-07
170 3.3105468750000000e-01 8.5384282657687616e-01 8.5384269436903548e-01 1.3220784067513591e-07 8.5384269670859658e-01 8.5384269436903548e-01 2.3395611004062289e-09 1.7076855232854729e+00 1.7076853887380710e+00 1.3454740188656444e-07
171 3.3300781250000000e-01 8.5690175232003229e-01 8.5690161963850775e-01 1.3268152454504190e-07 8.5690162198641540e-01 8.5690161963850775e-01 2.3479076460830584e-09 1.7138033743064476e+00 1.7138032392770155e+00 1.3502943208010265e-07
172 3.3496093750000000e-01 8.5992841619648064e-01 8.5992828304632363e-01 1.3315015701120814e-07 8.5992828540254618e-01 8.5992828304632363e-01 2.3562225504036860e-09 1.7198567015990269e+00 1.7198565660926473e+00 1.3550637967263413e-07
173 3.3691406250000000e-01 8.6292270425410922e-01 8.6292257064031619e-01 1.3361379302967435e-07 8.6292257300474617e-01 8.6292257064031619e-01 2.3644299851355299e-09 1.7258452772588555e+00 1.7258451412806324e+00 1.3597822312583219e-07
174 3.3886718750000000e-01 8.6588450375963943e-01 8.6588436968724980e-01 1.3407238963480950e-07 8.6588437205980762e-01 8.6588436968724980e-01 2.3725578168765082e-09 1.7317688758194469e+00 1.7317687393744996e+00 1.3644494734066370e-07
175 3.4082031250000000e-01 8.6881370320307505e-01 8.6881356867706450e-01 1.3452601055341518e-07 8.6881357105758661e-01 8.6881356867706450e-01 2.3805221127659593e-09 1.7376272742606615e+00 1.7376271373541290e+00 1.3690653255515883e-07
176 3.4277343750000000e-01 8.7171019230153490e-01 8.7171005732707396e-01 1.3497446094135057e-07 8.7171005971557802e-01 8.7171005732707396e-01 2.3885040612015018e-09 1.7434202520171129e+00 1.7434201146541479e+00 1.3736296500255207e-07
177 3.4472656250000000e-01 8.7457386200397935e-01 8.7457372658611765e-01 1.3541786170190306e-07 8.7457372898247931e-01 8.7457372658611765e-01 2.3963616646582864e-09 1.7491475909864587e+00 1.7491474531722353e+00 1.3781422336656135e-07
178 3.4667968750000000e-01 8.7740460449484670e-01 8.7740446863866639e-01 1.3585618030553803e-07 8.7740447104277586e-01 8.7740446863866639e-01 2.4041094670579355e-09 1.7548090755376227e+00 1.7548089372773328e+00 1.3826028988361827e-07
179 3.4863281250000000e-01 8.8020231319826869e-01 8.8020217690888192e-01 1.3628938677623381e-07 8.8020217932064704e-01 8.8020217690888192e-01 2.4117651209465407e-09 1.7604044925189157e+00 1.7604043538177638e+00 1.3870115189718035e-07
180 3.5058593750000000e-01 8.8296688278206181e-01 8.8296674606462910e-01 1.3671743270826653e-07 8.8296674848399104e-01 8.8296674606462910e-01 2.4193619330148408e-09 1.7659336312660527e+00 1.7659334921292582e+00 1.3913679453025907e-07
181 3.5253906250000000e-01 8.8569820916181741e-01 8.8569807202144168e-01 1.3714037572221116e-07 8.8569807444826465e-01 8.8569807202144168e-01 2.4268229648072293e-09 1.7713962836100821e+00 1.7713961440428834e+00 1.3956719868701839e-07
182 3.5449218750000000e-01 8.8839618950456445e-01 8.8839605194644133e-01 1.3755812311444515e-07 8.8839605438066382e-01 8.8839605194644133e-01 2.4342224902440535e-09 1.7767922438852284e+00 1.7767921038928827e+00 1.3999234571571151e-07
183 3.5644531250000000e-01 8.9106072223290178e-01 8.9106058426220869e-01 1.3797069309262611e-07 8.9106058670373844e-01 8.9106058426220869e-01 2.4415297561475313e-09 1.7821213089366403e+00 1.7821211685244174e+00 1.4041222295979594e-07
184 3.5839843750000000e-01 8.9369170702873812e-01 8.9369156865060806e-01 1.3837813006567501e-07 8.9369157109929243e-01 8.9369156865060806e-01 2.4486843663851232e-09 1.7873832781280306e+00 1.7873831373012161e+00 1.4082681443206013e-07
185 3.6035156250000000e-01 8.9628904483681660e-01 8.9628890605656419e-01 1.3878025240110503e-07 8.9628890851241194e-01 8.9628890605656419e-01 2.4558477473846096e-09 1.7925779533492285e+00 1.7925778121131284e+00 1.4123610014848964e-07
186 3.6230468750000000e-01 8.9885263786901104e-01 8.9885249869179173e-01 1.3917721930489790e-07 8.9885250115464144e-01 8.9885249869179173e-01 2.4628497019563156e-09 1.7977051390236525e+00 1.7977049973835835e+00 1.4164006900685422e-07
187 3.6425781250000000e-01 9.0138238960741901e-01 9.0138225003847716e-01 1.3956894184818935e-07 9.0138225250824200e-01 9.0138225003847716e-01 2.4697648370874958e-09 1.8027646421156609e+00 1.8027645000769543e+00 1.4203870657425455e-07
188 3.6621093750000000e-01 9.0387820480828274e-01 9.0387806485291189e-01 1.3995537084809939e-07 9.0387806732953424e-01 9.0387806485291189e-01 2.4766223516436980e-09 1.8077562721378171e+00 1.8077561297058238e+00 1.4243199331076539e-07
189 3.6816406250000000e-01 9.0633998950562578e-01 9.0633984916907895e-01 1.4033654682776842e-07 9.0633985165245179e-01 9.0633984916907895e-01 2.4833728407003264e-09 1.8126798411580776e+00 1.8126796983381579e+00 1.4281991966846874e-07
190 3.7011718750000000e-01 9.0876765101458490e-01 9.0876751030219005e-01 1.4071239484714226e-07 9.0876751279226431e-01 9.0876751030219005e-01 2.4900742578992663e-09 1.8175351638068493e+00 1.8175350206043801e+00 1.4320246921606383e-07
191 3.7207031250000000e-01 9.1116109793521760e-01 9.1116095685217569e-01 1.4108304191573495e-07 9.1116095934875951e-01 9.1116095685217569e-01 2.4965838285595510e-09 1.8223220572839771e+00 1.8223219137043514e+00 1.4357962574429450e-07
192 3.7402343750000000e-01 9.1352024015543443e-01 9.1352009870712625e-01 1.4144830817741649e-07 9.1352010121019378e-01 9.1352009870712625e-01 2.5030675310233619e-09 1.8270403413656282e+00 1.8270401974142525e+00 1.4395137570843985e-07
193 3.7597656250000000e-01 9.1584498885496768e-01 9.1584484704668412e-01 1.4180828356025188e-07 9.1584484955610623e-01 9.1584484704668412e-01 2.5094221145494089e-09 1.8316898384110738e+00 1.8316896940933682e+00 1.4431770556377899e-07
194 3.7792968750000000e-01 9.1813525650832284e-01 9.1813511434538830e-01 1.4216293453550577e-07 9.1813511686105775e-01 9.1813511434538830e-01 2.5156694505312771e-09 1.8362703733693806e+00 1.8362702286907766e+00 1.4467860398603705e-07
195 3.7988281250000000e-01 9.2039095688814654e-01 9.2039081437596937e-01 1.4251217717031750e-07 9.2039081689784885e-01 9.2039081437596937e-01 2.5218794830195179e-09 1.8407817737859955e+00 1.8407816287519387e+00 1.4503405676435932e-07
196 3.8183593750000000e-01 9.2261200506866781e-01 9.2261186221259617e-01 1.4285607163877501e-07 9.2261186474057333e-01 9.2261186221259617e-01 2.5279771609376667e-09 1.8452238698092411e+00 1.8452237244251923e+00 1.4538404879971267e-07
197 3.8378906250000000e-01 9.2479831742863017e-01 9.2479817423407296e-01 1.4319455721167884e-07 9.2479817676808029e-01 9.2479817423407296e-01 2.5340073372959182e-09 1.8495964941967105e+00 1.8495963484681459e+00 1.4572856454897476e-07
198 3.8574218750000000e-01 9.2694981165468804e-01 9.2694966812698798e-01 1.4352770005832127e-07 9.2694967066688150e-01 9.2694966812698798e-01 2.5398935177278759e-09 1.8538994823215695e+00 1.8538993362539760e+00 1.4606759357604915e-07
199 3.8769531250000000e-01 9.2906640674429175e-01 9.2906626288881189e-01 1.4385547986162095e-07 9.2906626543445558e-01 9.2906626288881189e-01 2.5456436958393169e-09 1.8581326721787472e+00 1.8581325257776238e+00 1.4640112344643796e-07
200 3.8964843750000000e-01 9.3114802300874178e-01 9.3114787883094863e-01 1.4417779314879198e-07 9.3114788138229987e-01 9.3114787883094863e-01 2.5513512413866124e-09 1.8622959043910416e+00 1.8622957576618973e+00 1.4672914439017859e-07
201 3.9160156250000000e-01 9.3319458207643413e-01 9.3319443758173426e-01 1.4449469987187769e-07 9.3319444013867370e-01 9.3319443758173426e-01 2.5569394379587607e-09 1.8663890222151078e+00 1.8663888751634685e+00 1.4705163930983645e-07
202 3.9355468750000000e-01 9.3520600689550470e-01 9.3520586208938850e-01 1.4480611620903971e-07 9.3520586465186906e-01 9.3520586208938850e-01 2.5624805610746648e-09 1.8704118715473737e+00 1.8704117241787770e+00 1.4736859665909208e-07
203 3.9550781250000000e-01 9.3718222173704346e-01 9.3718207662491559e-01 1.4511212786949557e-07 9.3718207919279339e-01 9.3718207662491559e-01 2.5678777992865776e-09 1.8743643009298370e+00 1.8743641532498312e+00 1.4768000577980445e-07
204 3.9746093750000000e-01 9.3912315219759446e-01 9.3912300678495519e-01 1.4541263926304282e-07 9.3912300935817239e-01 9.3912300678495519e-01 2.5732171948789073e-09 1.8782461615557668e+00 1.8782460135699104e+00 1.4798585645792173e-07
205 3.9941406250000000e-01 9.4102872520226544e-01 9.4102857949458385e-01 1.4570768158694847e-07 9.4102858207303575e-01 9.4102857949458385e-01 2.5784518964400149e-09 1.8820573072753013e+00 1.8820571589891677e+00 1.4828613359441079e-07
206 4.0136718750000000e-01 9.4289886900733921e-01 9.4289872301006605e-01 1.4599727315989242e-07 9.4289872559362142e-01 9.4289872301006605e-01 2.5835553696396119e-09 1.8857975946009606e+00 1.8857974460201321e+00 1.4858082852953203e-07
207 4.0332031250000000e-01 9.4473351320291410e-01 9.4473336692155541e-01 1.4628135869276804e-07 9.4473336951012710e-01 9.4473336692155541e-01 2.5885716903317757e-09 1.8894668827130412e+00 1.8894667338431108e+00 1.4886993038309981e-07
208 4.0527343750000000e-01 9.4653258871563239e-01 9.4653244215574561e-01 1.4655988678224929e-07 9.4653244474928433e-01 9.4653244215574561e-01 2.5935387171216462e-09 1.8930650334649166e+00 1.8930648843114912e+00 1.4915342538834864e-07
209 4.0722656250000000e-01 9.4829602781140365e-01 9.4829588097847095e-01 1.4683293270145725e-07 9.4829588357684302e-01 9.4829588097847095e-01 2.5983720730593518e-09 1.8965919113882466e+00 1.8965917619569419e+00 1.4943130466349430e-07
210 4.0917968750000000e-01 9.5002376409770839e-01 9.5002361699725646e-01 1.4710045193044863e-07 9.5002361960036308e-01 9.5002361699725646e-01 2.6031066191478658e-09 1.9000473836980714e+00 1.9000472339945129e+00 1.4970355843857419e-07
211 4.1113281250000000e-01 9.5171573252627517e-01 9.5171558516381760e-01 1.4736245756985511e-07 9.5171558777153586e-01 9.5171558516381760e-01 2.6077182635475538e-09 1.9034313202978110e+00 1.9034311703276352e+00 1.4997017583340266e-07
212 4.1308593750000000e-01 9.5337186939537499e-01 9.5337172177650908e-01 1.4761886590886064e-07 9.5337172438879414e-01 9.5337172177650908e-01 2.6122850549370469e-09 1.9067435937841690e+00 1.9067434435530182e+00 1.5023115085277539e-07
213 4.1503906250000000e-01 9.5499211235248227e-01 9.5499196448272339e-01 1.4786975888192444e-07 9.5499196709943290e-01 9.5499196448272339e-01 2.6167095157347831e-09 1.9099840794519152e+00 1.9099839289654468e+00 1.5048646839765922e-07
214 4.1699218750000000e-01 9.5657640039631264e-01 9.5657625228123888e-01 1.4811507376144561e-07 9.5657625490228348e-01 9.5657625228123888e-01 2.6210446035790369e-09 1.9131526552985960e+00 1.9131525045624778e+00 1.5073611825400235e-07
215 4.1894531250000000e-01 9.5812467387933908e-01 9.5812452552451499e-01 1.4835482409214507e-07 9.5812452814978377e-01 9.5812452552451499e-01 2.6252687801431307e-09 1.9162492020291229e+00 1.9162490510490300e+00 1.5098009287228820e-07
216 4.2089843750000000e-01 9.5963687450989210e-01 9.5963672592093918e-01 1.4858895291958163e-07 9.5963672855036786e-01 9.5963672592093918e-01 2.6294286747940987e-09 1.9192736030602600e+00 1.9192734518418784e+00 1.5121838159437573e-07
217 4.2285156250000000e-01 9.6111294535453351e-01 9.6111279653702131e-01 1.4881751220219286e-07 9.6111279917048831e-01 9.6111279653702131e-01 2.6334670000238702e-09 1.9222257445250217e+00 1.9222255930740426e+00 1.5145097909119443e-07
218 4.2480468750000000e-01 9.6255283083998311e-01 9.6255268179953690e-01 1.4904044620678292e-07 9.6255268443696662e-01 9.6255268179953690e-01 2.6374297190656648e-09 1.9251055152769498e+00 1.9251053635990738e+00 1.5167787603687088e-07
219 4.2675781250000000e-01 9.6395647675539142e-01 9.6395632749761984e-01 1.4925777158669717e-07 9.6395633013891036e-01 9.6395632749761984e-01 2.6412905196337988e-09 1.9279128068943017e+00 1.9279126549952397e+00 1.5189906199530867e-07
220 4.2871093750000000e-01 9.6532383025430668e-01 9.6532368078480280e-01 1.4946950388505797e-07 9.6532368342982822e-01 9.6532368078480280e-01 2.6450254209109403e-09 1.9306475136841348e+00 1.9306473615696056e+00 1.5211452919494661e-07
221 4.3066406250000000e-01 9.6665483985660849e-01 9.6665469018100736e-01 1.4967560113543499e-07 9.6665469282967265e-01 9.6665469018100736e-01 2.6486652870971739e-09 1.9333095326862813e+00 1.9333093803620147e+00 1.5232426653355446e-07
222 4.3261718750000000e-01 9.6794945545056044e-01 9.6794930557448200e-01 1.4987607843686135e-07 9.6794930822667358e-01 9.6794930557448200e-01 2.6521915774679883e-09 1.9358987636772340e+00 1.9358986111489640e+00 1.5252827001432934e-07
223 4.3457031250000000e-01 9.6920762829457952e-01 9.6920747822368902e-01 1.5007089049223765e-07 9.6920748087932840e-01 9.6920747822368902e-01 2.6556393750709617e-09 1.9384151091739079e+00 1.9384149564473780e+00 1.5272652986730861e-07
224 4.3652343750000000e-01 9.7042931101919394e-01 9.7042916075913899e-01 1.5026005495410999e-07 9.7042916341812702e-01 9.7042916075913899e-01 2.6589880297578361e-09 1.9408584744373210e+00 1.9408583215182780e+00 1.5291904298386783e-07
225 4.3847656250000000e-01 9.7161445762873311e-01 9.7161430718517539e-01 1.5044355772264595e-07 9.7161430984741415e-01 9.7161430718517539e-01 2.6622387627739386e-09 1.9432287674761473e+00 1.9432286143703508e+00 1.5310579648541989e-07
226 4.4042968750000000e-01 9.7276302350308741e-01 9.7276287288170482e-01 1.5062138258858937e-07 9.7276287554710728e-01 9.7276287288170482e-01 2.6654024543049104e-09 1.9455258990501947e+00 1.9455257457634096e+00 1.5328678504289428e-07
227 4.4238281250000000e-01 9.7387496539943785e-01 9.7387481460587799e-01 1.5079355986102883e-07 9.7387481727431990e-01 9.7387481460587799e-01 2.6684419118794267e-09 1.9477497826737578e+00 1.9477496292117560e+00 1.5346200177290825e-07
228 4.4433593750000000e-01 9.7495024145376907e-01 9.7495009049371761e-01 1.5096005145931457e-07 9.7495009316510839e-01 9.7495009049371761e-01 2.6713907752551336e-09 1.9499003346188775e+00 1.9499001809874352e+00 1.5363144223456970e-07
229 4.4628906250000000e-01 9.7598881118255498e-01 9.7598866006169405e-01 1.5112086093616028e-07 9.7598866273593010e-01 9.7598866006169405e-01 2.6742360548226429e-09 1.9519774739184852e+00 1.9519773201233881e+00 1.5379509710200523e-07
230 4.4824218750000000e-01 9.7699063548424137e-01 9.7699048420825030e-01 1.5127599106712353e-07 9.7699048688522172e-01 9.7699048420825030e-01 2.6769714223107144e-09 1.9539811223694632e+00 1.9539809684165006e+00 1.5395296260045654e-07
231 4.5019531250000000e-01 9.7795567664070771e-01 9.7795552521527340e-01 1.5142543430268773e-07 9.7795552789487361e-01 9.7795552521527340e-01 2.6796002083884218e-09 1.9559112045355813e+00 1.9559110504305468e+00 1.5410503451107616e-07
232 4.5214843750000000e-01 9.7888389831864953e-01 9.7888374674951473e-01 1.5156913479863476e-07 9.7888374943168144e-01 9.7888374674951473e-01 2.6821667109544478e-09 1.9577676477503310e+00 1.9577674934990295e+00 1.5425130150958921e-07
233 4.5410156250000000e-01 9.7977526557113448e-01 9.7977511386395821e-01 1.5170717626578067e-07 9.7977511654854499e-01 9.7977511386395821e-01 2.6845867751035257e-09 1.9595503821196796e+00 1.9595502277279164e+00 1.5439176315190650e-07
234 4.5605468750000000e-01 9.8062974483861731e-01 9.8062959299913599e-01 1.5183948132158065e-07 9.8062959568606622e-01 9.8062959299913599e-01 2.6869302338639045e-09 1.9612593405246836e+00 1.9612591859982720e+00 1.5452641166646686e-07
235 4.5800781250000000e-01 9.8144730395047663e-01 9.8144715198439147e-01 1.5196608516010457e-07 9.8144715467354782e-01 9.8144715198439147e-01 2.6891563420505804e-09 1.9628944586240245e+00 1.9628943039687829e+00 1.5465524150215515e-07
236 4.5996093750000000e-01 9.8222791212600691e-01 9.8222776003909085e-01 1.5208691606094504e-07 9.8222776273042478e-01 9.8222776003909085e-01 2.6913339334910802e-09 1.9644556748564317e+00 1.9644555200781817e+00 1.5477824999443612e-07
237 4.6191406250000000e-01 9.8297153997584419e-01 9.8297138777378212e-01 1.5220206206478792e-07 9.8297139046714999e-01 9.8297138777378212e-01 2.6933678620721935e-09 1.9659429304429943e+00 1.9659427755475642e+00 1.5489543003788242e-07
238 4.6386718750000000e-01 9.8367815950278514e-01 9.8367800719130127e-01 1.5231148386973814e-07 9.8367800988659759e-01 9.8367800719130127e-01 2.6952963194659674e-09 1.9673561693893826e+00 1.9673560143826025e+00 1.5500678007818181e-07
239 4.6582031250000000e-01 9.8434774410295522e-01 9.8434759168782682e-01 1.5241512840713511e-07 9.8434759438499042e-01 9.8434759168782682e-01 2.6971636035710844e-09 1.9686953384879455e+00 1.9686951833756536e+00 1.5511229189968390e-07
240 4.6777343750000000e-01 9.8498026856694199e-01 9.8498011605388092e-01 1.5251306106911500e-07 9.8498011875278257e-01 9.8498011605388092e-01 2.6989016577161351e-09 1.9699603873197247e+00 1.9699602321077618e+00 1.5521196283785343e-07
241 4.6972656250000000e-01 9.8557570908058589e-01 9.8557555647527850e-01 1.5260530739080735e-07 9.8557555917576178e-01 9.8557555647527850e-01 2.7004832814370161e-09 1.9711512682563477e+00 1.9711511129505570e+00 1.5530579067224437e-07
242 4.7167968750000000e-01 9.8613404322574660e-01 9.8613389053402434e-01 1.5269172226606287e-07 9.8613389323607559e-01 9.8613389053402434e-01 2.7020512494146942e-09 1.9722679364618223e+00 1.9722677810680487e+00 1.5539377362649986e-07
243 4.7363281250000000e-01 9.8665524998161858e-01 9.8665509720915678e-01 1.5277246179223880e-07 9.8665509991260048e-01 9.8665509720915678e-01 2.7034436911321791e-09 1.9733103498942191e+00 1.9733101944183136e+00 1.5547590548337098e-07
244 4.7558593750000000e-01 9.8713930972494657e-01 9.8713915687753895e-01 1.5284740761956073e-07 9.8713915958231679e-01 9.8713915687753895e-01 2.7047778461408711e-09 1.9742784693072633e+00 1.9742783137550779e+00 1.5555218535467930e-07
245 4.7753906250000000e-01 9.8758620423116028e-01 9.8758605131459798e-01 1.5291656230154160e-07 9.8758605402064426e-01 9.8758605131459798e-01 2.7060462759465054e-09 1.9751722582518045e+00 1.9751721026291960e+00 1.5562260857748811e-07
246 4.7949218750000000e-01 9.8799591667505604e-01 9.8799576369501096e-01 1.5298004507613427e-07 9.8799576640213904e-01 9.8799576369501096e-01 2.7071280772617001e-09 1.9759916830771951e+00 1.9759915273900219e+00 1.5568717315339597e-07
247 4.8144531250000000e-01 9.8836843163107613e-01 9.8836827859333831e-01 1.5303773781560892e-07 9.8836828130147392e-01 9.8836827859333831e-01 2.7081356046565475e-09 1.9767367129325502e+00 1.9767365571866766e+00 1.5574587353128777e-07
248 4.8339843750000000e-01 9.8870373507424159e-01 9.8870358198460462e-01 1.5308963696725186e-07 9.8870358469367792e-01 9.8870358198460462e-01 2.7090732990231459e-09 1.9774073197679196e+00 1.9774071639692092e+00 1.5579871037729731e-07
249 4.8535156250000000e-01 9.8900181438064050e-01 9.8900166124482669e-01 1.5313581380738128e-07 9.8900166395469358e-01 9.8900166124482669e-01 2.7098668864411479e-09 1.9780034783353342e+00 1.9780033224896534e+00 1.5584568080484473e-07
250 4.8730468750000000e-01 9.8926265832768567e-01 9.8926250515148884e-01 1.5317619683763439e-07 9.8926250786207748e-01 9.8926250515148884e-01 2.7105886424294567e-09 1.9785251661897632e+00 1.9785250103029777e+00 1.5588678548006385e-07
251 4.8925781250000000e-01 9.8948625709476135e-01 9.8948610388396541e-01 1.5321079593899611e-07 9.8948610659518876e-01 9.8948610388396541e-01 2.7112233569326349e-09 1.9789723636899501e+00 1.9789722077679308e+00 1.5592201929592875e-07
252 4.9121093750000000e-01 9.8967260226354903e-01 9.8967244902389084e-01 1.5323965818492269e-07 9.8967245173561558e-01 9.8967244902389084e-01 2.7117247336505557e-09 1.9793450539991646e+00 1.9793448980477817e+00 1.5595138291857324e-07
253 4.9316406250000000e-01 9.8982168681824101e-01 9.8982153355547531e-01 1.5326276570082342e-07 9.8982153626758596e-01 9.8982153355547531e-01 2.7121106471739154e-09 1.9796432230858270e+00 1.9796430671109506e+00 1.5597487634799734e-07
254 4.9511718750000000e-01 9.8993350514582290e-01 9.8993335186577114e-01 1.5328005176229453e-07 9.8993335457821530e-01 9.8993335186577114e-01 2.7124441581705128e-09 1.9798668597240381e+00 1.9798667037315423e+00 1.5599249580944274e-07
255 4.9707031250000000e-01 9.9000805303648443e-01 9.9000789974488157e-01 1.5329160285570964e-07 9.9000790245752057e-01 9.9000789974488157e-01 2.7126390023113345e-09 1.9800159554940051e+00 1.9800157994897631e+00 1.5600424196904328e-07
256 4.9902343750000000e-01 9.9004532768348164e-01 9.9004517438612138e-01 1.5329736025027074e-07 9.9004517709887618e-01 9.9004517438612138e-01 2.7127547985728029e-09 1.9800905047823578e+00 1.9800903487722428e+00 1.5601011504884355e-07
257 5.0097656250000000e-01 9.9004532768348152e-01 9.9004517438612138e-01 1.5329736013924844e-07 9.9004517709887618e-01 9.9004517438612138e-01 2.7127547985728029e-09 1.9800905047823578e+00 1.9800903487722428e+00 1.5601011504884355e-07
258 5.0292968750000000e-01 9.9000805303648465e-01 9.9000789974488157e-01 1.5329160307775425e-07 9.9000790245752057e-01 9.9000789974488157e-01 2.7126390023113345e-09 1.9800159554940051e+00 1.9800157994897631e+00 1.5600424196904328e-07
259 5.0488281250000000e-01 9.8993350514582379e-01 9.8993335186577114e-01 1.5328005265047295e-07 9.8993335457821530e-01 9.8993335186577114e-01 2.7124441581705128e-09 1.9798668597240390e+00 1.9798667037315423e+00 1.5599249669762116e-07
260 5.0683593750000000e-01 9.8982168681824134e-01 9.8982153355547531e-01 1.5326276603389033e-07 9.8982153626758596e-01 9.8982153355547531e-01 2.7121106471739154e-09 1.9796432230858274e+00 1.9796430671109506e+00 1.5597487679208655e-07
261 5.0878906250000000e-01 9.8967260226354747e-01 9.8967244902389084e-01 1.5323965663061045e-07 9.8967245173561558e-01 9.8967244902389084e-01 2.7117247336505557e-09 1.9793450539991631e+00 1.9793448980477817e+00 1.5595138136426101e-07
262 5.1074218750000000e-01 9.8948625709475846e-01 9.8948610388396541e-01 1.5321079305241625e-07 9.8948610659518876e-01 9.8948610388396541e-01 2.7112233569326349e-09 1.9789723636899472e+00 1.9789722077679308e+00 1.5592201640934888e-07
263 5.1269531250000000e-01 9.8926265832768367e-01 9.8926250515148884e-01 1.5317619483923295e-07 9.8926250786207748e-01 9.8926250515148884e-01 2.7105886424294567e-09 1.9785251661897612e+00 1.9785250103029777e+00 1.5588678348166241e-07
264 5.1464843750000000e-01 9.8900181438063750e-01 9.8900166124482669e-01 1.5313581080977912e-07 9.8900166395469358e-01 9.8900166124482669e-01 2.7098668864411479e-09 1.9780034783353311e+00 1.9780033224896534e+00 1.5584567769622026e-07
265 5.1660156250000000e-01 9.8870373507423859e-01 9.8870358198460462e-01 1.5308963396964970e-07 9.8870358469367792e-01 9.8870358198460462e-01 2.7090732990231459e-09 1.9774073197679165e+00 1.9774071639692092e+00 1.5579870726867284e-07
266 5.1855468750000000e-01 9.8836843163107346e-01 9.8836827859333831e-01 1.5303773515107366e-07 9.8836828130147392e-01 9.8836827859333831e-01 2.7081356046565475e-09 1.9767367129325475e+00 1.9767365571866766e+00 1.5574587086675251e-07
267 5.2050781250000000e-01 9.8799591667505482e-01 9.8799576369501096e-01 1.5298004385488895e-07 9.8799576640213904e-01 9.8799576369501096e-01 2.7071280772617001e-09 1.9759916830771940e+00 1.9759915273900219e+00 1.5568717204317295e-07
268 5.2246093750000000e-01 9.8758620423116084e-01 9.8758605131459798e-01 1.5291656285665312e-07 9.8758605402064426e-01 9.8758605131459798e-01 2.7060462759465054e-09 1.9751722582518050e+00 1.9751721026291960e+00 1.5562260902157732e-07
269 5.2441406250000000e-01 9.8713930972494535e-01 9.8713915687753895e-01 1.5284740639831540e-07 9.8713915958231679e-01 9.8713915687753895e-01 2.7047778461408711e-09 1.9742784693072621e+00 1.9742783137550779e+00 1.5555218424445627e-07
270 5.2636718750000000e-01 9.8665524998161791e-01 9.8665509720915678e-01 1.5277246112610499e-07 9.8665509991260048e-01 9.8665509720915678e-01 2.7034436911321791e-09 1.9733103498942184e+00 1.9733101944183136e+00 1.5547590481723716e-07
271 5.2832031250000000e-01 9.8613404322574671e-01 9.8613389053402434e-01 1.5269172237708517e-07 9.8613389323607559e-01 9.8613389053402434e-01 2.7020512494146942e-09 1.9722679364618223e+00 1.9722677810680487e+00 1.5539377362649986e-07
272 5.3027343750000000e-01 9.8557570908058711e-01 9.8557555647527850e-01 1.5260530861205268e-07 9.8557555917576178e-01 9.8557555647527850e-01 2.7004832814370161e-09 1.9711512682563490e+00 1.9711511129505570e+00 1.5530579200451200e-07
273 5.3222656250000000e-01 9.8498026856694265e-01 9.8498011605388092e-01 1.5251306173524881e-07 9.8498011875278257e-01 9.8498011605388092e-01 2.6989016577161351e-09 1.9699603873197251e+00 1.9699602321077618e+00 1.5521196328194264e-07
274 5.3417968750000000e-01 9.8434774410295423e-01 9.8434759168782682e-01 1.5241512740793439e-07 9.8434759438499042e-01 9.8434759168782682e-01 2.6971636035710844e-09 1.9686953384879446e+00 1.9686951833756536e+00 1.5511229101150548e-07
275 5.3613281250000000e-01 9.8367815950278303e-01 9.8367800719130127e-01 1.5231148176031439e-07 9.8367800988659759e-01 9.8367800719130127e-01 2.6952963194659674e-09 1.9673561693893806e+00 1.9673560143826025e+00 1.5500677807978036e-07
276 5.3808593750000000e-01 9.8297153997584374e-01 9.8297138777378212e-01 1.5220206162069871e-07 9.8297139046714999e-01 9.8297138777378212e-01 2.6933678620721935e-09 1.9659429304429938e+00 1.9659427755475642e+00 1.5489542959379321e-07
277 5.4003906250000000e-01 9.8222791212600691e-01 9.8222776003909085e-01 1.5208691606094504e-07 9.8222776273042478e-01 9.8222776003909085e-01 2.6913339334910802e-09 1.9644556748564317e+00 1.9644555200781817e+00 1.5477824999443612e-07
278 5.4199218750000000e-01 9.8144730395047719e-01 9.8144715198439147e-01 1.5196608571521608e-07 9.8144715467354782e-01 9.8144715198439147e-01 2.6891563420505804e-09 1.9628944586240249e+00 1.9628943039687829e+00 1.5465524194624436e-07
279 5.4394531250000000e-01 9.8062974483861787e-01 9.8062959299913599e-01 1.5183948187669216e-07 9.8062959568606622e-01 9.8062959299913599e-01 2.6869302338639045e-09 1.9612593405246841e+00 1.9612591859982720e+00 1.5452641211055607e-07
280 5.4589843750000000e-01 9.7977526557113392e-01 9.7977511386395832e-01 1.5170717559964686e-07 9.7977511654854499e-01 9.7977511386395832e-01 2.6845866640812233e-09 1.9595503821196789e+00 1.9595502277279166e+00 1.5439176226372808e-07
281 5.4785156250000000e-01 9.7888389831864975e-01 9.7888374674951473e-01 1.5156913502067937e-07 9.7888374943168144e-01 9.7888374674951473e-01 2.6821667109544478e-09 1.9577676477503312e+00 1.9577674934990295e+00 1.5425130173163382e-07
282 5.4980468750000000e-01 9.7795567664070659e-01 9.7795552521527340e-01 1.5142543319246471e-07 9.7795552789487361e-01 9.7795552521527340e-01 2.6796002083884218e-09 1.9559112045355802e+00 1.9559110504305468e+00 1.5410503340085313e-07
283 5.5175781250000000e-01 9.7699063548424048e-01 9.7699048420825041e-01 1.5127599006792281e-07 9.7699048688522172e-01 9.7699048420825041e-01 2.6769713112884119e-09 1.9539811223694623e+00 1.9539809684165008e+00 1.5395296149023352e-07
284 5.5371093750000000e-01 9.7598881118255443e-01 9.7598866006169416e-01 1.5112086027002647e-07 9.7598866273593010e-01 9.7598866006169416e-01 2.6742359438003405e-09 1.9519774739184845e+00 1.9519773201233883e+00 1.5379509621382681e-07
285 5.5566406250000000e-01 9.7495024145376952e-01 9.7495009049371761e-01 1.5096005190340378e-07 9.7495009316510839e-01 9.7495009049371761e-01 2.6713907752551336e-09 1.9499003346188779e+00 1.9499001809874352e+00 1.5363144267865891e-07
286 5.5761718750000000e-01 9.7387496539943763e-01 9.7387481460587799e-01 1.5079355963898422e-07 9.7387481727431990e-01 9.7387481460587799e-01 2.6684419118794267e-09 1.9477497826737575e+00 1.9477496292117560e+00 1.5346200155086365e-07
287 5.5957031250000000e-01 9.7276302350308641e-01 9.7276287288170482e-01 1.5062138158938865e-07 9.7276287554710728e-01 9.7276287288170482e-01 2.6654024543049104e-09 1.9455258990501938e+00 1.9455257457634096e+00 1.5328678415471586e-07
288 5.6152343750000000e-01 9.7161445762873244e-01 9.7161430718517539e-01 1.5044355705651213e-07 9.7161430984741415e-01 9.7161430718517539e-01 2.6622387627739386e-09 1.9432287674761466e+00 1.9432286143703508e+00 1.5310579581928607e-07
289 5.6347656250000000e-01 9.7042931101919294e-01 9.7042916075913910e-01 1.5026005384388696e-07 9.7042916341812702e-01 9.7042916075913910e-01 2.6589879187355336e-09 1.9408584744373201e+00 1.9408583215182782e+00 1.5291904187364480e-07
290 5.6542968750000000e-01 9.6920762829458051e-01 9.6920747822368902e-01 1.5007089149143837e-07 9.6920748087932840e-01 9.6920747822368902e-01 2.6556393750709617e-09 1.9384151091739090e+00 1.9384149564473780e+00 1.5272653097753164e-07
291 5.6738281250000000e-01 9.6794945545056099e-01 9.6794930557448200e-01 1.4987607899197286e-07 9.6794930822667358e-01 9.6794930557448200e-01 2.6521915774679883e-09 1.9358987636772347e+00 1.9358986111489640e+00 1.5252827068046315e-07
292 5.6933593750000000e-01 9.6665483985660927e-01 9.6665469018100736e-01 1.4967560191259111e-07 9.6665469282967265e-01 9.6665469018100736e-01 2.6486652870971739e-09 1.9333095326862819e+00 1.9333093803620147e+00 1.5232426719968828e-07
293 5.7128906250000000e-01 9.6532383025430757e-01 9.6532368078480280e-01 1.4946950477323639e-07 9.6532368342982822e-01 9.6532368078480280e-01 2.6450254209109403e-09 1.9306475136841357e+00 1.9306473615696056e+00 1.5211453008312503e-07
294 5.7324218750000000e-01 9.6395647675539353e-01 9.6395632749761995e-01 1.4925777358509862e-07 9.6395633013891036e-01 9.6395632749761995e-01 2.6412904086114963e-09 1.9279128068943039e+00 1.9279126549952399e+00 1.5189906399371012e-07
295 5.7519531250000000e-01 9.6255283083998611e-01 9.6255268179953701e-01 1.4904044909336278e-07 9.6255268443696662e-01 9.6255268179953701e-01 2.6374296080433624e-09 1.9251055152769527e+00 1.9251053635990740e+00 1.5167787870140614e-07
296 5.7714843750000000e-01 9.6111294535453851e-01 9.6111279653702131e-01 1.4881751719819647e-07 9.6111279917048831e-01 9.6111279653702131e-01 2.6334670000238702e-09 1.9222257445250268e+00 1.9222255930740426e+00 1.5145098419822034e-07
297 5.7910156250000000e-01 9.5963687450989643e-01 9.5963672592093918e-01 1.4858895724945143e-07 9.5963672855036786e-01 9.5963672592093918e-01 2.6294286747940987e-09 1.9192736030602644e+00 1.9192734518418784e+00 1.5121838603526783e-07
298 5.8105468750000000e-01 9.5812467387934375e-01 9.5812452552451499e-01 1.4835482875508177e-07 9.5812452814978377e-01 9.5812452552451499e-01 2.6252687801431307e-09 1.9162492020291275e+00 1.9162490510490300e+00 1.5098009753522490e-07
299 5.8300781250000000e-01 9.5657640039631686e-01 9.5657625228123888e-01 1.4811507798029311e-07 9.5657625490228348e-01 9.5657625228123888e-01 2.6210446035790369e-09 1.9131526552986005e+00 1.9131525045624778e+00 1.5073612269489445e-07
300 5.8496093750000000e-01 9.5499211235248627e-01 9.5499196448272350e-01 1.4786976276770503e-07 9.5499196709943290e-01 9.5499196448272350e-01 2.6167094047124806e-09 1.9099840794519192e+00 1.9099839289654470e+00 1.5048647217241751e-07
301 5.8691406250000000e-01 9.5337186939538010e-01 9.5337172177650908e-01 1.4761887101588655e-07 9.5337172438879414e-01 9.5337172177650908e-01 2.6122850549370469e-09 1.9067435937841744e+00 1.9067434435530182e+00 1.5023115618184590e-07
302 5.8886718750000000e-01 9.5171573252628106e-01 9.5171558516381760e-01 1.4736246345403714e-07 9.5171558777153586e-01 9.5171558516381760e-01 2.6077182635475538e-09 1.9034313202978170e+00 1.9034311703276352e+00 1.4997018182860700e-07
303 5.9082031250000000e-01 9.5002376409771416e-01 9.5002361699725646e-01 1.4710045770360836e-07 9.5002361960036308e-01 9.5002361699725646e-01 2.6031066191478658e-09 1.9000473836980771e+00 1.9000472339945129e+00 1.4970356421173392e-07
304 5.9277343750000000e-01 9.4829602781140887e-01 9.4829588097847095e-01 1.4683293791950547e-07 9.4829588357684302e-01 9.4829588097847095e-01 2.5983720730593518e-09 1.8965919113882519e+00 1.8965917619569419e+00 1.4943130999256482e-07
305 5.9472656250000000e-01 9.4653258871563684e-01 9.4653244215574572e-01 1.4655989111211909e-07 9.4653244474928433e-01 9.4653244215574572e-01 2.5935386060993437e-09 1.8930650334649211e+00 1.8930648843114914e+00 1.4915342960719613e-07
306 5.9667968750000000e-01 9.4473351320291832e-01 9.4473336692155541e-01 1.4628136291161553e-07 9.4473336951012710e-01 9.4473336692155541e-01 2.5885716903317757e-09 1.8894668827130454e+00 1.8894667338431108e+00 1.4886993460194731e-07
307 5.9863281250000000e-01 9.4289886900734388e-01 9.4289872301006605e-01 1.4599727782282912e-07 9.4289872559362142e-01 9.4289872301006605e-01 2.5835553696396119e-09 1.8857975946009653e+00 1.8857974460201321e+00 1.4858083319246873e-07
308 6.0058593750000000e-01 9.4102872520226999e-01 9.4102857949458396e-01 1.4570768602784057e-07 9.4102858207303575e-01 9.4102857949458396e-01 2.5784517854177125e-09 1.8820573072753057e+00 1.8820571589891679e+00 1.4828613781325828e-07
309 6.0253906250000000e-01 9.3912315219759868e-01 9.3912300678495531e-01 1.4541264337086801e-07 9.3912300935817239e-01 9.3912300678495531e-01 2.5732170838566049e-09 1.8782461615557711e+00 1.8782460135699106e+00 1.4798586045472462e-07
310 6.0449218750000000e-01 9.3718222173704790e-01 9.3718207662491559e-01 1.4511213231038766e-07 9.3718207919279339e-01 9.3718207662491559e-01 2.5678777992865776e-09 1.8743643009298414e+00 1.8743641532498312e+00 1.4768001022069654e-07
311 6.0644531250000000e-01 9.3520600689550903e-01 9.3520586208938850e-01 1.4480612053890951e-07 9.3520586465186906e-01 9.3520586208938850e-01 2.5624805610746648e-09 1.8704118715473781e+00 1.8704117241787770e+00 1.4736860109998418e-07
312 6.0839843750000000e-01 9.3319458207643791e-01 9.3319443758173426e-01 1.4449470364663597e-07 9.3319444013867370e-01 9.3319443758173426e-01 2.5569394379587607e-09 1.8663890222151116e+00 1.8663888751634685e+00 1.4705164308459473e-07
313 6.1035156250000000e-01 9.3114802300874511e-01 9.3114787883094863e-01 1.4417779647946105e-07 9.3114788138229987e-01 9.3114787883094863e-01 2.5513512413866124e-09 1.8622959043910450e+00 1.8622957576618973e+00 1.4672914772084766e-07
314 6.1230468750000000e-01 9.2906640674429675e-01 9.2906626288881200e-01 1.4385548474660226e-07 9.2906626543445558e-01 9.2906626288881200e-01 2.5456435848170145e-09 1.8581326721787523e+00 1.8581325257776240e+00 1.4640112833141927e-07
315 6.1425781250000000e-01 9.2694981165469359e-01 9.2694966812698798e-01 1.4352770560943640e-07 9.2694967066688150e-01 9.2694966812698798e-01 2.5398935177278759e-09 1.8538994823215751e+00 1.8538993362539760e+00 1.4606759912716427e-07
316 6.1621093750000000e-01 9.2479831742863638e-01 9.2479817423407307e-01 1.4319456331790548e-07 9.2479817676808029e-01 9.2479817423407307e-01 2.5340072262736157e-09 1.8495964941967167e+00 1.8495963484681461e+00 1.4572857054417909e-07
317 6.1816406250000000e-01 9.2261200506867325e-01 9.2261186221259617e-01 1.4285607707886783e-07 9.2261186474057333e-01 9.2261186221259617e-01 2.5279771609376667e-09 1.8452238698092467e+00 1.8452237244251923e+00 1.4538405435082780e-07
318 6.2011718750000000e-01 9.2039095688815242e-01 9.2039081437596937e-01 1.4251218305449953e-07 9.2039081689784885e-01 9.2039081437596937e-01 2.5218794830195179e-09 1.8407817737860013e+00 1.8407816287519387e+00 1.4503406253751905e-07
319 6.2207031250000000e-01 9.1813525650832972e-01 9.1813511434538830e-01 1.4216294141888852e-07 9.1813511686105775e-01 9.1813511434538830e-01 2.5156694505312771e-09 1.8362703733693875e+00 1.8362702286907766e+00 1.4467861086941980e-07
320 6.2402343750000000e-01 9.1584498885497367e-01 9.1584484704668423e-01 1.4180828944443391e-07 9.1584484955610623e-01 9.1584484704668423e-01 2.5094220035271064e-09 1.8316898384110800e+00 1.8316896940933685e+00 1.4431771155898332e-07
321 6.2597656250000000e-01 9.1352024015544075e-01 9.1352009870712625e-01 1.4144831450568773e-07 9.1352010121019378e-01 9.1352009870712625e-01 2.5030675310233619e-09 1.8270403413656346e+00 1.8270401974142525e+00 1.4395138214773340e-07
322 6.2792968750000000e-01 9.1116109793522293e-01 9.1116095685217580e-01 1.4108304713378317e-07 9.1116095934875951e-01 9.1116095685217580e-01 2.4965837175372485e-09 1.8223220572839824e+00 1.8223219137043516e+00 1.4357963085132042e-07
323 6.2988281250000000e-01 9.0876765101459089e-01 9.0876751030219016e-01 1.4071240073132429e-07 9.0876751279226431e-01 9.0876751030219016e-01 2.4900741468769638e-09 1.8175351638068551e+00 1.8175350206043803e+00 1.4320247476717896e-07
324 6.3183593750000000e-01 9.0633998950563288e-01 9.0633984916907895e-01 1.4033655393319577e-07 9.0633985165245179e-01 9.0633984916907895e-01 2.4833728407003264e-09 1.8126798411580847e+00 1.8126796983381579e+00 1.4281992677389610e-07
325 6.3378906250000000e-01 9.0387820480828962e-01 9.0387806485291200e-01 1.3995537762045984e-07 9.0387806732953424e-01 9.0387806485291200e-01 2.4766222406213956e-09 1.8077562721378237e+00 1.8077561297058240e+00 1.4243199975005894e-07
326 6.3574218750000000e-01 9.0138238960742645e-01 9.0138225003847727e-01 1.3956894917566132e-07 9.0138225250824200e-01 9.0138225003847727e-01 2.4697647260651934e-09 1.8027646421156684e+00 1.8027645000769545e+00 1.4203871390172651e-07
327 6.3769531250000000e-01 8.9885263786901848e-01 8.9885249869179173e-01 1.3917722674339217e-07 8.9885250115464144e-01 8.9885249869179173e-01 2.4628497019563156e-09 1.7977051390236598e+00 1.7977049973835835e+00 1.4164007633432618e-07
328 6.3964843750000000e-01 8.9628904483682281e-01 8.9628890605656419e-01 1.3878025861835397e-07 8.9628890851241194e-01 8.9628890605656419e-01 2.4558477473846096e-09 1.7925779533492348e+00 1.7925778121131284e+00 1.4123610636573858e-07
329 6.4160156250000000e-01 8.9369170702874368e-01 8.9369156865060806e-01 1.3837813561679013e-07 8.9369157109929243e-01 8.9369156865060806e-01 2.4486843663851232e-09 1.7873832781280361e+00 1.7873831373012161e+00 1.4082681998317526e-07
330 6.4355468750000000e-01 8.9106072223290889e-01 8.9106058426220869e-01 1.3797070019805346e-07 8.9106058670373844e-01 8.9106058426220869e-01 2.4415297561475313e-09 1.7821213089366474e+00 1.7821211685244174e+00 1.4041223006522330e-07
331 6.4550781250000000e-01 8.8839618950457044e-01 8.8839605194644133e-01 1.3755812910964949e-07 8.8839605438066382e-01 8.8839605194644133e-01 2.4342224902440535e-09 1.7767922438852342e+00 1.7767921038928827e+00 1.3999235148887124e-07
332 6.4746093750000000e-01 8.8569820916182418e-01 8.8569807202144180e-01 1.3714038238354931e-07 8.8569807444826465e-01 8.8569807202144180e-01 2.4268228537849268e-09 1.7713962836100889e+00 1.7713961440428836e+00 1.3956720534835654e-07
333 6.4941406250000000e-01 8.8296688278206914e-01 8.8296674606462910e-01 1.3671744003573849e-07 8.8296674848399104e-01 8.8296674606462910e-01 2.4193619330148408e-09 1.7659336312660603e+00 1.7659334921292582e+00 1.3913680207977563e-07
334 6.5136718750000000e-01 8.8020231319827780e-01 8.8020217690888203e-01 1.3628939576904031e-07 8.8020217932064704e-01 8.8020217690888203e-01 2.4117650099242383e-09 1.7604044925189248e+00 1.7604043538177641e+00 1.3870116077896455e-07
335 6.5332031250000000e-01 8.7740460449485480e-01 8.7740446863866639e-01 1.3585618841016611e-07 8.7740447104277586e-01 8.7740446863866639e-01 2.4041094670579355e-09 1.7548090755376307e+00 1.7548089372773328e+00 1.3826029787722405e-07
336 6.5527343750000000e-01 8.7457386200398690e-01 8.7457372658611776e-01 1.3541786914039733e-07 8.7457372898247931e-01 8.7457372658611776e-01 2.3963615536359839e-09 1.7491475909864662e+00 1.7491474531722355e+00 1.3781423069403331e-07
337 6.5722656250000000e-01 8.7171019230154212e-01 8.7171005732707407e-01 1.3497446804677793e-07 8.7171005971557802e-01 8.7171005732707407e-01 2.3885039501791994e-09 1.7434202520171200e+00 1.7434201146541481e+00 1.3736297188593483e-07
338 6.5917968750000000e-01 8.6881370320308249e-01 8.6881356867706450e-01 1.3452601799190944e-07 8.6881357105758661e-01 8.6881356867706450e-01 2.3805221127659593e-09 1.7376272742606691e+00 1.7376271373541290e+00 1.3690654010467540e-07
339 6.6113281250000000e-01 8.6588450375964476e-01 8.6588436968724991e-01 1.3407239485285771e-07 8.6588437205980762e-01 8.6588436968724991e-01 2.3725577058542058e-09 1.7317688758194523e+00 1.7317687393744998e+00 1.3644495244768962e-07
340 6.6308593750000000e-01 8.6292270425411488e-01 8.6292257064031608e-01 1.3361379880283408e-07 8.6292257300474617e-01 8.6292257064031608e-01 2.3644300961578324e-09 1.7258452772588611e+00 1.7258451412806322e+00 1.3597822889899192e-07
341 6.6503906250000000e-01 8.5992841619648674e-01 8.5992828304632374e-01 1.3315016300641247e-07 8.5992828540254618e-01 8.5992828304632374e-01 2.3562224393813835e-09 1.7198567015990329e+00 1.7198565660926475e+00 1.3550638544579385e-07
342 6.6699218750000000e-01 8.5690175232003851e-01 8.5690161963850786e-01 1.3268153065126853e-07 8.5690162198641540e-01 8.5690161963850786e-01 2.3479075350607559e-09 1.7138033743064538e+00 1.7138032392770157e+00 1.3502943807530698e-07
343 6.6894531250000000e-01 8.5384282657688115e-01 8.5384269436903559e-01 1.3220784556011722e-07 8.5384269670859658e-01 8.5384269436903559e-01 2.3395609893839264e-09 1.7076855232854777e+00 1.7076853887380712e+00 1.3454740654950115e-07
344 6.7089843750000000e-01 8.5075175413394566e-01 8.5075162240471403e-01 1.3172923163384809e-07 8.5075162473579102e-01 8.5075162240471403e-01 2.3310769980966484e-09 1.7015033788697367e+00 1.7015032448094281e+00 1.3406030863194474e-07
345 6.7285156250000000e-01 8.4762865136828469e-01 8.4762852012265588e-01 1.3124562880939550e-07 8.4762852244518661e-01 8.4762852012265588e-01 2.3225307232976888e-09 1.6952571738134714e+00 1.6952570402453118e+00 1.3356815964371549e-07
346 6.7480468750000000e-01 8.4447363586298718e-01 8.4447350510589647e-01 1.3075709071053154e-07 8.4447350741978666e-01 8.4447350510589647e-01 2.3138901905639386e-09 1.6889471432827738e+00 1.6889470102117929e+00 1.3307098090109548e-07
347 6.7675781250000000e-01 8.4128682640262842e-01 8.4128669613896834e-01 1.3026366008084267e-07 8.4128669844409565e-01 8.4128669613896834e-01 2.3051273112528747e-09 1.6825735248467240e+00 1.6825733922779367e+00 1.3256878728107324e-07
348 6.7871093750000000e-01 8.3806834296870003e-01 8.3806821320342750e-01 1.2976527252739345e-07 8.3806821549975974e-01 8.3806821320342750e-01 2.2963322354740967e-09 1.6761365584684598e+00 1.6761364264068550e+00 1.3206160476286755e-07
349 6.8066406250000000e-01 8.3481830673534785e-01 8.3481817747333775e-01 1.2926201009566540e-07 8.3481817976077510e-01 8.3481817747333775e-01 2.2874373506454049e-09 1.6696364864961231e+00 1.6696363549466755e+00 1.3154944755733311e-07
350 6.8261718750000000e-01 8.3153684006460105e-01 8.3153671131070750e-01 1.2875389354682909e-07 8.3153671358914694e-01 8.3153671131070750e-01 2.2784394371200278e-09 1.6630735536537480e+00 1.6630734226214150e+00 1.3103233298394912e-07
351 6.8457031250000000e-01 8.2822406650177305e-01 8.2822393826088248e-01 1.2824089057339449e-07 8.2822394053027371e-01 8.2822393826088248e-01 2.2693912304916353e-09 1.6564480070320466e+00 1.6564478765217650e+00 1.3051028169286383e-07
352 6.8652343750000000e-01 8.2488011077102275e-01 8.2487998304789623e-01 1.2772312651954110e-07 8.2487998530808238e-01 8.2487998304789623e-01 2.2601861493498632e-09 1.6497600960791052e+00 1.6497599660957925e+00 1.2998331277991326e-07
353 6.8847656250000000e-01 8.2150509877028588e-01 8.2150497156977220e-01 1.2720051367764995e-07 8.2150497382070320e-01 8.2150497156977220e-01 2.2509309971496805e-09 1.6430100725909891e+00 1.6430099431395444e+00 1.2945144467479963e-07
354 6.9042968750000000e-01 8.1809915756685714e-01 8.1809903089378522e-01 1.2667307192071320e-07 8.1809903313541266e-01 8.1809903089378522e-01 2.2416274392256241e-09 1.6361981907022698e+00 1.6361980617875704e+00 1.2891469935993882e-07
355 6.9238281250000000e-01 8.1466241539256634e-01 8.1466228925167616e-01 1.2614089017759511e-07 8.1466229148388170e-01 8.1466228925167616e-01 2.2322055315271427e-09 1.6293247068764480e+00 1.6293245785033523e+00 1.2837309570912225e-07
356 6.9433593750000000e-01 8.1119500163881386e-01 8.1119487603482621e-01 1.2560398765515401e-07 8.1119487825748937e-01 8.1119487603482621e-01 2.2226631646304895e-09 1.6223898798963032e+00 1.6223897520696524e+00 1.2782665081978450e-07
357 6.9628906250000000e-01 8.0769704685166455e-01 8.0769692178938235e-01 1.2506228219688609e-07 8.0769692400248794e-01 8.0769692178938235e-01 2.2131055876783989e-09 1.6153939708541525e+00 1.6153938435787647e+00 1.2727538778456449e-07
358 6.9824218750000000e-01 8.0416868272717934e-01 8.0416855821134536e-01 1.2451583397687926e-07 8.0416856041483553e-01 8.0416855821134536e-01 2.2034901681067254e-09 1.6083372431420149e+00 1.6083371164226907e+00 1.2671932414498599e-07
359 7.0019531250000000e-01 8.0061004210643272e-01 8.0060991814160987e-01 1.2396482285126353e-07 8.0060992033527001e-01 8.0060991814160987e-01 2.1936601424243918e-09 1.6012199624417027e+00 1.6012198362832197e+00 1.2615848299368793e-07
360 7.0214843750000000e-01 7.9702125896997733e-01 7.9702113556096255e-01 1.2340901478502531e-07 7.9702113774483296e-01 7.9702113556096255e-01 2.1838704178378521e-09 1.5940423967148103e+00 1.5940422711219251e+00 1.2559288520286316e-07
361 7.0410156250000000e-01 7.9340246843366669e-01 7.9340234558503986e-01 1.2284862682676589e-07 7.9340234775895691e-01 7.9340234558503986e-01 2.1739170463774826e-09 1.5868048161926236e+00 1.5868046911700797e+00 1.2502254387314338e-07
362 7.0605468750000000e-01 7.8975380674277929e-01 7.8975368445923844e-01 1.2228354084875548e-07 7.8975368662318046e-01 7.8975368445923844e-01 2.1639420255681330e-09 1.5795074933659596e+00 1.5795073689184769e+00 1.2444748276330131e-07
363 7.0800781250000000e-01 7.8607541126742098e-01 7.8607528955358796e-01 1.2171383301229355e-07 7.8607529170747992e-01 7.8607528955358796e-01 2.1538919536823187e-09 1.5721507029749009e+00 1.5721505791071759e+00 1.2386772496597587e-07
364 7.0996093750000000e-01 7.8236742049717234e-01 7.8236729935757710e-01 1.2113959524384654e-07 7.8236730150127010e-01 7.8236729935757710e-01 2.1436930008889021e-09 1.5647347219984424e+00 1.5647345987151542e+00 1.2328328824473545e-07
365 7.1191406250000000e-01 7.7862997403569434e-01 7.7862985347494151e-01 1.2056075282540490e-07 7.7862985560838383e-01 7.7862985347494151e-01 2.1334423117025381e-09 1.5572598296440781e+00 1.5572597069498830e+00 1.2269419502608514e-07
366 7.1386718750000000e-01 7.7486321259574520e-01 7.7486309261840558e-01 1.1997733961877088e-07 7.7486309474152970e-01 7.7486309261840558e-01 2.1231241209562768e-09 1.5497263073372749e+00 1.5497261852368112e+00 1.2210046373972716e-07
367 7.1582031250000000e-01 7.7106727799376429e-01 7.7106715860438735e-01 1.1938937694022655e-07 7.7106716071712644e-01 7.7106715860438735e-01 2.1127390947839331e-09 1.5421344387108906e+00 1.5421343172087747e+00 1.2150211592398819e-07
368 7.1777343750000000e-01 7.6724231314456626e-01 7.6724219434765628e-01 1.1879690997584902e-07 7.6724219644991976e-01 7.6724219434765628e-01 2.1022634744127799e-09 1.5344845095944861e+00 1.5344843886953126e+00 1.2089917356128410e-07
369 7.1972656250000000e-01 7.6338846205589317e-01 7.6338834385595511e-01 1.1819993805950446e-07 7.6338834594766980e-01 7.6338834385595511e-01 2.0917146903443040e-09 1.5267768080035631e+00 1.5267766877119102e+00 1.2029165286087107e-07
370 7.2167968750000000e-01 7.5950586982313240e-01 7.5950575222457684e-01 1.1759855556014998e-07 7.5950575430559586e-01 7.5950575222457684e-01 2.0810190237696702e-09 1.5190116241287281e+00 1.5190115044491537e+00 1.1967957447289734e-07
371 7.2363281250000000e-01 7.5559468262352247e-01 7.5559456563090133e-01 1.1699262114639453e-07 7.5559456770124267e-01 7.5559456563090133e-01 2.0703413428080353e-09 1.5111892503247653e+00 1.5111891312618027e+00 1.1906296260022486e-07
372 7.2558593750000000e-01 7.5165504771120084e-01 7.5165493132889394e-01 1.1638230690280693e-07 7.5165493338842138e-01 7.5165493132889394e-01 2.0595274374812789e-09 1.5033099810996222e+00 1.5033098626577879e+00 1.1844183434028821e-07
373 7.2753906250000000e-01 7.4768711341108618e-01 7.4768699764355884e-01 1.1576752734221429e-07 7.4768699969224284e-01 7.4768699764355884e-01 2.0486840002220674e-09 1.4953741131033289e+00 1.4953739952871177e+00 1.1781621123141406e-07
374 7.2949218750000000e-01 7.4369102911374219e-01 7.4369091396535714e-01 1.1514838504922409e-07 7.4369091600308068e-01 7.4369091396535714e-01 2.0377235454560605e-09 1.4873819451168229e+00 1.4873818279307143e+00 1.1718610859468015e-07
375 7.3144531250000000e-01 7.3966694526943655e-01 7.3966683074458006e-01 1.1452485648710820e-07 7.3966683277127376e-01 7.3966683074458006e-01 2.0266937017510145e-09 1.4793337780407103e+00 1.4793336614891601e+00 1.1655155018885921e-07
376 7.3339843750000000e-01 7.3561501338266655e-01 7.3561489948568726e-01 1.1389697929242715e-07 7.3561490150126452e-01 7.3561489948568726e-01 2.0155772606500477e-09 1.4712299148839310e+00 1.4712297989713745e+00 1.1591255644205489e-07
377 7.3535156250000000e-01 7.3153538600631018e-01 7.3153527274159968e-01 1.1326471049954989e-07 7.3153527474603064e-01 7.3153527274159968e-01 2.0044309545497185e-09 1.4630706607523409e+00 1.4630705454831994e+00 1.1526914156512191e-07
378 7.3730468750000000e-01 7.2742821673612768e-01 7.2742810410795911e-01 1.1262816856927316e-07 7.2742810610111730e-01 7.2742810410795911e-01 1.9931581940468845e-09 1.4548563228372449e+00 1.4548562082159182e+00 1.1462132665229774e-07
379 7.3925781250000000e-01 7.2329366020462671e-01 7.2329354821734260e-01 1.1198728411265790e-07 7.2329355019918995e-01 7.2329354821734260e-01 1.9818473528943059e-09 1.4465872104038167e+00 1.4465870964346852e+00 1.1396913146555221e-07
380 7.4121093750000000e-01 7.1913187207560880e-01 7.1913176073344287e-01 1.1134216593156054e-07 7.1913176270384949e-01 7.1913176073344287e-01 1.9704066156478461e-09 1.4382636347794584e+00 1.4382635214668857e+00 1.1331257265823069e-07
381 7.4316406250000000e-01 7.1494300903792929e-01 7.1494289834520675e-01 1.1069272254360385e-07 7.1494290030415275e-01 7.1494289834520675e-01 1.9589460054092456e-09 1.4298859093420822e+00 1.4298857966904135e+00 1.1265166866003540e-07
382 7.4511718750000000e-01 7.1072722879998440e-01 7.1072711876093497e-01 1.1003904942796794e-07 7.1072712070831934e-01 7.1072711876093497e-01 1.9473843648754041e-09 1.4214543495083038e+00 1.4214542375218699e+00 1.1198643390386565e-07
383 7.4707031250000000e-01 7.0648469008349390e-01 7.0648458070234676e-01 1.0938114713976432e-07 7.0648458263808633e-01 7.0648458070234676e-01 1.9357395686370182e-09 1.4129692727215803e+00 1.4129691614046935e+00 1.1131688681942364e-07
384 7.4902343750000000e-01 7.0221555261755531e-01 7.0221544389860147e-01 1.0871895383957053e-07 7.0221544582269213e-01 7.0221544389860147e-01 1.9240906645734412e-09 1.4044309984402474e+00 1.4044308877972029e+00 1.1064304450414397e-07
385 7.5097656250000000e-01 6.9791997713291498e-01 6.9791986908028758e-01 1.0805262740110066e-07 6.9791987099258335e-01 6.9791986908028758e-01 1.9122957661821260e-09 1.3958398481254983e+00 1.3958397381605752e+00 1.0996492316728279e-07
386 7.5292968750000000e-01 6.9359812535542520e-01 6.9359801797336817e-01 1.0738205702409687e-07 6.9359801987384595e-01 6.9359801797336817e-01 1.9004777751518986e-09 1.3871961452292711e+00 1.3871960359467363e+00 1.0928253479924877e-07
387 7.5488281250000000e-01 6.8925016000043349e-01 6.8925005329309574e-01 1.0670733774365004e-07 6.8925005518165050e-01 6.8925005329309574e-01 1.8885547570235417e-09 1.3785002151820840e+00 1.3785001065861915e+00 1.0859589250067359e-07
388 7.5683593750000000e-01 6.8487624476633679e-01 6.8487613873788233e-01 1.0602845446072706e-07 6.8487614061443847e-01 6.8487613873788233e-01 1.8765561327072078e-09 1.3697523853807754e+00 1.3697522774757647e+00 1.0790501070445657e-07
389 7.5878906250000000e-01 6.8047654432853499e-01 6.8047643898313903e-01 1.0534539596207537e-07 6.8047644084764580e-01 6.8047643898313903e-01 1.8645067711986485e-09 1.3609529851761808e+00 1.3609528779662781e+00 1.0720990273327402e-07
390 7.6074218750000000e-01 6.7605122433328535e-01 6.7605111967507481e-01 1.0465821054239655e-07 6.7605112152744629e-01 6.7605111967507481e-01 1.8523714784279832e-09 1.3521023458607315e+00 1.3521022393501496e+00 1.0651058190980223e-07
391 7.6269531250000000e-01 6.7160045139135305e-01 6.7160034742446029e-01 1.0396689276159776e-07 6.7160034926462286e-01 6.7160034742446029e-01 1.8401625778707853e-09 1.3432008006559759e+00 1.3432006948489206e+00 1.0580705533946855e-07
392 7.6464843750000000e-01 6.6712439307179872e-01 6.6712428980035565e-01 1.0327144306376823e-07 6.6712429162824283e-01 6.6712428980035565e-01 1.8278871749544123e-09 1.3342486847000417e+00 1.3342485796007113e+00 1.0509933034974495e-07
393 7.6660156250000000e-01 6.6262321789564960e-01 6.6262311532379992e-01 1.0257184968054389e-07 6.6262311713936861e-01 6.6262311532379992e-01 1.8155686953846839e-09 1.3252463350350183e+00 1.3252462306475998e+00 1.0438741848695088e-07
394 7.6855468750000000e-01 6.5809709532965188e-01 6.5809699346146866e-01 1.0186818322210911e-07 6.5809699526460963e-01 6.5809699346146866e-01 1.8031409698693324e-09 1.3161940905942615e+00 1.3161939869229373e+00 1.0367132419197844e-07
395 7.7050781250000000e-01 6.5354619577965078e-01 6.5354609461929114e-01 1.0116035964458092e-07 6.5354609640998618e-01 6.5354609461929114e-01 1.7906950366963770e-09 1.3070922921896369e+00 1.3070921892385823e+00 1.0295105457025500e-07
396 7.7246093750000000e-01 6.4897069058452261e-01 6.4897059013603731e-01 1.0044848530732509e-07 6.4897059191416573e-01 6.4897059013603731e-01 1.7781284222806448e-09 1.2979412824986882e+00 1.2979411802720746e+00 1.0222661361858343e-07
397 7.7441406250000000e-01 6.4437075200932470e-01 6.4437065227686419e-01 9.9732460512313992e-08 6.4437065404240912e-01 6.4437065227686419e-01 1.7655449324749384e-09 1.2887414060517339e+00 1.2887413045537284e+00 1.0149800555581123e-07
398 7.7636718750000000e-01 6.3974655323918594e-01 6.3974645422683296e-01 9.9012352983152141e-08 6.3974645597970592e-01 6.3974645422683296e-01 1.7528729578941693e-09 1.2794930092188919e+00 1.2794929084536659e+00 1.0076522594104631e-07
399 7.7832031250000000e-01 6.3509826837253347e-01 6.3509817008438574e-01 9.8288147731828701e-08 6.3509817182451656e-01 6.3509817008438574e-01 1.7401308172182439e-09 1.2701964401970500e+00 1.2701963401687715e+00 1.0002827854904695e-07
400 7.8027343750000000e-01 6.3042607241463189e-01 6.3042597485479424e-01 9.7559837652916315e-08 6.3042597658211386e-01 6.3042597485479424e-01 1.7273196206701869e-09 1.2608520489967456e+00 1.2608519497095885e+00 9.9287157162564199e-08
401 7.8222656250000000e-01 6.2573014127103255e-01 6.2573004444356739e-01 9.6827465156934522e-08 6.2573004615796324e-01 6.2573004444356739e-01 1.7143958475074328e-09 1.2514601874289957e+00 1.2514600888871348e+00 9.8541860893419653e-08
402 7.8417968750000000e-01 6.2101065174071368e-01 6.2101055564983132e-01 9.6090882362176444e-08 6.2101055735132860e-01 6.2101055564983132e-01 1.7014972764073377e-09 1.2420212090920422e+00 1.2420211112996626e+00 9.7792379527561479e-08
403 7.8613281250000000e-01 6.1626778150990369e-01 6.1626768615967176e-01 9.5350231932300744e-08 6.1626768784814412e-01 6.1626768615967176e-01 1.6884723619270403e-09 1.2325354693580479e+00 1.2325353723193435e+00 9.7038704405250087e-08
404 7.8808593750000000e-01 6.1150170914485213e-01 6.1150161453944396e-01 9.4605408174075478e-08 6.1150161621486099e-01 6.1150161453944396e-01 1.6754170273358682e-09 1.2230033253597132e+00 1.2230032290788879e+00 9.6280825312433649e-08
405 7.9003906250000000e-01 6.0671261408549393e-01 6.0671252022905120e-01 9.3856442728856848e-08 6.0671252189133806e-01 6.0671252022905120e-01 1.6622868637128363e-09 1.2134251359768320e+00 1.2134250404581024e+00 9.5518729592569684e-08
406 7.9199218750000000e-01 6.0190067663848812e-01 6.0190058353518683e-01 9.3103301290753393e-08 6.0190058518428602e-01 6.0190058353518683e-01 1.6490991905371288e-09 1.2038012618227740e+00 1.2038011670703737e+00 9.4752400370268219e-08
407 7.9394531250000000e-01 5.9706607797053313e-01 5.9706598562454827e-01 9.2345984858965835e-08 5.9706598726037985e-01 5.9706598562454827e-01 1.6358315813036484e-09 1.1941320652309129e+00 1.1941319712490965e+00 9.3981816329247181e-08
408 7.9589843750000000e-01 5.9220900010148370e-01 5.9220890851701369e-01 9.1584470007788354e-08 5.9220891013950261e-01 5.9220890851701369e-01 1.6224889209937032e-09 1.1844179102409864e+00 1.1844178170340274e+00 9.3206959039804360e-08
409 7.9785156250000000e-01 5.8732962589747861e-01 5.8732953507879149e-01 9.0818687126237307e-08 5.8732953668790466e-01 5.8732953507879149e-01 1.6091131760376243e-09 1.1746591625853833e+00 1.1746590701575830e+00 9.2427800302274932e-08
410 7.9980468750000000e-01 5.8242813906421320e-01 5.8242804901553324e-01 9.0048679957099864e-08 5.8242805061116787e-01 5.8242804901553324e-01 1.5956346244294650e-09 1.1648561896753811e+00 1.1648560980310665e+00 9.1644314581529329e-08
411 8.0175781250000000e-01 5.7750472413975651e-01 5.7750463486541959e-01 8.9274336922962050e-08 5.7750463644755234e-01 5.7750463486541959e-01 1.5821327581377886e-09 1.1550093605873089e+00 1.1550092697308392e+00 9.0856469681099838e-08
412 8.0371093750000000e-01 5.7255956648788642e-01 5.7255947799220996e-01 8.8495676453526073e-08 5.7255947956076536e-01 5.7255947799220996e-01 1.5685553966804378e-09 1.1451190460486518e+00 1.1451189559844199e+00 9.0064231850206511e-08
413 8.0566406250000000e-01 5.6759285229090251e-01 5.6759276457826568e-01 8.7712636820391765e-08 5.6759276613319587e-01 5.6759276457826568e-01 1.5549301846107255e-09 1.1351856184240985e+00 1.1351855291565314e+00 8.9267567116024793e-08
414 8.0761718750000000e-01 5.6260476854276698e-01 5.6260468161754029e-01 8.6925226683298717e-08 5.6260468315874135e-01 5.6260468161754029e-01 1.5412010556659084e-09 1.1252094517015083e+00 1.1252093632350806e+00 8.8466427738964626e-08
415 8.0957031250000000e-01 5.5759550304185124e-01 5.5759541690853698e-01 8.6133314258773908e-08 5.5759541843599714e-01 5.5759541690853698e-01 1.5274601583570302e-09 1.1151909214778484e+00 1.1151908338170740e+00 8.7660774417130938e-08
416 8.1152343750000000e-01 5.5256524438413679e-01 5.5256515904724168e-01 8.5336895105925237e-08 5.5256516056090033e-01 5.5256515904724168e-01 1.5136586428710075e-09 1.1051304049450370e+00 1.1051303180944834e+00 8.6850553637773942e-08
417 8.1347656250000000e-01 5.4751418195597679e-01 5.4751409742001900e-01 8.4535957789455551e-08 5.4751409891977676e-01 5.4751409742001900e-01 1.4997577624242808e-09 1.0950282808757534e+00 1.0950281948400380e+00 8.6035715440857530e-08
418 8.1542968750000000e-01 5.4244250592686716e-01 5.4244242219648497e-01 8.3730382183233587e-08 5.4244242368230478e-01 5.4244242219648497e-01 1.4858198005285317e-09 1.0848849296091720e+00 1.0848848443929699e+00 8.5216202094784421e-08
419 8.1738281250000000e-01 5.3735040724245386e-01 5.3735032432234442e-01 8.2920109445439039e-08 5.3735032579418929e-01 5.3735032432234442e-01 1.4718448682060625e-09 1.0747007330366432e+00 1.0747006486446888e+00 8.4391954313645101e-08
420 8.1933593750000000e-01 5.3223807761736186e-01 5.3223799551220541e-01 8.2105156451461880e-08 5.3223799696995411e-01 5.3223799551220541e-01 1.4577486995293043e-09 1.0644760745873159e+00 1.0644759910244108e+00 8.3562905039968882e-08
421 8.2128906250000000e-01 5.2710570952772040e-01 5.2710562824235696e-01 8.1285363440208869e-08 5.2710562968597818e-01 5.2710562824235696e-01 1.4436212225632516e-09 1.0542113392136985e+00 1.0542112564847139e+00 8.2728984551749818e-08
422 8.2324218750000000e-01 5.2195349620417220e-01 5.2195341574352661e-01 8.0460645590640922e-08 5.2195341717300181e-01 5.2195341574352661e-01 1.4294752048726878e-09 1.0439069133771741e+00 1.0439068314870532e+00 8.1890120906535913e-08
423 8.2519531250000000e-01 5.1678163162459623e-01 5.1678155199360309e-01 7.9630993132795425e-08 5.1678155340884280e-01 5.1678155199360309e-01 1.4152397032063391e-09 1.0335631850334390e+00 1.0335631039872062e+00 8.1046232836001764e-08
424 8.2714843750000000e-01 5.1159031050663517e-01 5.1159023171033269e-01 7.8796302482864178e-08 5.1159023311127005e-01 5.1159023171033269e-01 1.4009373661139080e-09 1.0231805436179053e+00 1.0231804634206654e+00 8.0197239960000388e-08
425 8.2910156250000000e-01 5.0637972830046107e-01 5.0637965034399079e-01 7.7956470279083590e-08 5.0637965173057153e-01 5.0637965034399079e-01 1.3865807391155727e-09 1.0127593800310326e+00 1.0127593006879816e+00 7.9343051018199162e-08
426 8.3105468750000000e-01 5.0115008118145232e-01 5.0115000407002008e-01 7.7111432239540534e-08 5.0115000544216393e-01 5.0115000407002008e-01 1.3721438429925570e-09 1.0023000866236162e+00 1.0023000081400402e+00 7.8483576082533091e-08
427 8.3300781250000000e-01 4.9590156604267238e-01 4.9590148978164755e-01 7.6261024828383484e-08 4.9590149113933801e-01 4.9590148978164755e-01 1.3576904600576256e-09 9.9180305718201045e-01 9.9180297956329511e-01 7.7618715343952260e-08
428 8.3496093750000000e-01 4.9063438048767738e-01 4.9063430508246908e-01 7.5405208299628157e-08 4.9063430642562700e-01 4.9063430508246908e-01 1.3431579182210385e-09 9.8126868691330438e-01 9.8126861016493816e-01 7.6748366217849195e-08
429 8.3691406250000000e-01 4.8534872282286828e-01 4.8534864827901220e-01 7.4543856087849747e-08 4.8534864960757945e-01 4.8534864827901220e-01 1.3285672562091122e-09 9.7069737243044774e-01 9.7069729655802439e-01 7.5872423344058859e-08
430 8.3886718750000000e-01 4.8004479205012640e-01 4.8004471837326740e-01 7.3676859002613782e-08 4.8004471968718254e-01 4.8004471837326740e-01 1.3139151433527729e-09 9.6008951173730894e-01 9.6008943674653480e-01 7.4990774145966554e-08
431 8.4082031250000000e-01 4.7472278785930183e-01 4.7472271505519864e-01 7.2804103190549085e-08 4.7472271635439633e-01 4.7472271505519864e-01 1.2991976938714345e-09 9.4944550421369822e-01 9.4944543011039728e-01 7.4103300939931671e-08
432 8.4277343750000000e-01 4.6938291062068549e-01 4.6938283869522202e-01 7.1925463474009632e-08 4.6938283997964153e-01 4.6938283869522202e-01 1.2844195151906490e-09 9.3876575060032708e-01 9.3876567739044403e-01 7.3209883044711432e-08
433 8.4472656250000000e-01 4.6402536137745215e-01 4.6402529033666479e-01 7.1040787363862989e-08 4.6402529160626954e-01 4.6402529033666479e-01 1.2696047546612022e-09 9.2805065298372169e-01 9.2805058067332957e-01 7.2310392118524192e-08
434 8.4667968750000000e-01 4.5865034183818110e-01 4.5865027168819489e-01 7.0149986208800641e-08 4.5865027294290617e-01 4.5865027168819489e-01 1.2547112793193094e-09 9.1730061478108726e-01 9.1730054337638978e-01 7.1404697488119950e-08
435 8.4863281250000000e-01 4.5325805436912436e-01 4.5325798511622578e-01 6.9252898582394806e-08 4.5325798635599029e-01 4.5325798511622578e-01 1.2397645132722346e-09 9.0651604072511471e-01 9.0651597023245156e-01 7.0492663151178192e-08
436 8.5058593750000000e-01 4.4784870198669557e-01 4.4784863363729988e-01 6.8349395698774629e-08 4.4784863486205218e-01 4.4784863363729988e-01 1.2247522995778581e-09 8.9569733684874775e-01 8.9569726727459975e-01 6.9574147998352487e-08
437 8.5253906250000000e-01 4.4242248834977954e-01 4.4242242091044209e-01 6.7439337447794401e-08 4.4242242212011179e-01 4.4242242091044209e-01 1.2096696977437205e-09 8.8484491046989133e-01 8.8484484182088419e-01 6.8649007145538121e-08
438 8.5449218750000000e-01 4.3697961775206945e-01 4.3697955122949572e-01 6.6522573727301193e-08 4.3697955242401476e-01 4.3697955122949572e-01 1.1945190392381733e-09 8.7395917017608427e-01 8.7395910245899144e-01 6.7717092822050517e-08
439 8.5644531250000000e-01 4.3152029511433970e-01 4.3152022951542696e-01 6.5598912746267501e-08 4.3152023069476569e-01 4.3152022951542696e-01 1.1793387377778686e-09 8.6304052580910540e-01 8.6304045903085391e-01 6.6778251484045370e-08
440 8.5839843750000000e-01 4.2604472597684173e-01 4.2604466130861357e-01 6.4668228161313124e-08 4.2604466247270911e-01 4.2604466130861357e-01 1.1640955421832189e-09 8.5208938844955084e-01 8.5208932261722714e-01 6.5832323703496343e-08
441 8.6035156250000000e-01 4.2055311649150789e-01 4.2055305276110283e-01 6.3730405064355011e-08 4.2055305390984732e-01 4.2055305276110283e-01 1.1487444884217268e-09 8.4110617040135516e-01 8.4110610552220566e-01 6.4879149497265587e-08
442 8.6230468750000000e-01 4.1504567341406623e-01 4.1504561062885370e-01 6.2785212529004042e-08 4.1504561176220289e-01 4.1504561062885370e-01 1.1333491922727035e-09 8.3009128517626918e-01 8.3009122125770740e-01 6.3918561776787897e-08
443 8.6425781250000000e-01 4.0952260409642766e-01 4.0952254226394869e-01 6.1832478970291760e-08 4.0952254338186739e-01 4.0952254226394869e-01 1.1179187020537995e-09 8.1904514747829504e-01 8.1904508452789737e-01 6.2950397672345559e-08
444 8.6621093750000000e-01 4.0398411647887583e-01 4.0398405560679052e-01 6.0872085316798774e-08 4.0398405670918947e-01 4.0398405560679052e-01 1.1023989499037157e-09 8.0796817318806524e-01 8.0796811121358103e-01 6.1974484211191339e-08
445 8.6816406250000000e-01 3.9843041908211729e-01 3.9843035917827191e-01 5.9903845384123855e-08 3.9843036026507311e-01 3.9843035917827191e-01 1.0868012045861519e-09 7.9686077934719046e-01 7.9686071835654382e-01 6.0990646644221158e-08
446 8.7011718750000000e-01 3.9286172099948541e-01 3.9286166207192347e-01 5.8927561941146678e-08 3.9286166314307142e-01 3.9286166207192347e-01 1.0711479481173569e-09 7.8572338414255682e-01 7.8572332414384694e-01 5.9998709889264035e-08
447 8.7207031250000000e-01 3.8727823188911803e-01 3.8727817394604480e-01 5.7943073228372555e-08 3.8727817500146861e-01 3.8727817394604480e-01 1.0554238039084396e-09 7.7455640689058658e-01 7.7455634789208960e-01 5.8998496976769843e-08
448 8.7402343750000000e-01 3.8168016196603216e-01 3.8168010501580718e-01 5.6950224980312214e-08 3.8168010605541175e-01 3.8168010501580718e-01 1.0396045690974631e-09 7.6336026802144397e-01 7.6336021003161436e-01 5.7989829604920828e-08
449 8.7597656250000000e-01 3.7606772199411492e-01 3.7606766604534259e-01 5.5948772337277575e-08 3.7606766706909567e-01 3.7606766604534259e-01 1.0237530823076213e-09 7.5213538906321054e-01 7.5213533209068517e-01 5.6972525364074045e-08
450 8.7792968750000000e-01 3.7044112327840034e-01 3.7044106833980528e-01 5.4938595062115070e-08 3.7044106934761523e-01 3.7044106833980528e-01 1.0078099466070967e-09 7.4088219262601562e-01 7.4088213667961056e-01 5.5946405064233318e-08
451 8.7988281250000000e-01 3.6480057765692686e-01 3.6480052373741956e-01 5.3919507303490377e-08 3.6480052472919916e-01 3.6480052373741956e-01 9.9177960288798772e-10 7.2960110238612597e-01 7.2960104747483912e-01 5.4911286850867214e-08
452 8.8183593750000000e-01 3.5914629749281329e-01 3.5914624460150074e-01 5.2891312551928138e-08 3.5914624557717995e-01 3.5914624460150074e-01 9.7567920409602493e-10 7.1829254306999324e-01 7.1829248920300148e-01 5.3866991756024163e-08
453 8.8378906250000000e-01 3.5347849566626377e-01 3.5347844381246335e-01 5.1853800420165186e-08 3.5347844477199941e-01 3.5347844381246335e-01 9.5953606171761407e-10 7.0695694043826318e-01 7.0695688762492670e-01 5.2813336481882800e-08
454 8.8574218750000000e-01 3.4779738556667955e-01 3.4779733475980285e-01 5.0806876705777881e-08 3.4779733570307086e-01 3.4779733475980285e-01 9.4326801924893289e-10 6.9559472126975042e-01 6.9559466951960569e-01 5.1750144725026814e-08
455 8.8769531250000000e-01 3.4210318108438098e-01 3.4210313133406456e-01 4.9750316422070284e-08 3.4210313226098771e-01 3.4210313133406456e-01 9.2692314934694764e-10 6.8420631334536863e-01 6.8420626266812912e-01 5.0677239515906081e-08
456 8.8964843750000000e-01 3.3639609660272157e-01 3.3639604791878941e-01 4.8683932163395838e-08 3.3639604882930219e-01 3.3639604791878941e-01 9.1051277628650951e-10 6.7279214543202381e-01 6.7279209583757882e-01 4.9594444995193498e-08
457 8.9160156250000000e-01 3.3067634699003073e-01 3.3067629938244147e-01 4.7607589259701655e-08 3.3067630027644473e-01 3.3067629938244147e-01 8.9400326030997235e-10 6.6135264726647547e-01 6.6135259876488295e-01 4.8501592520011627e-08
458 8.9355468750000000e-01 3.2494414759144008e-01 3.2494410107032123e-01 4.6521118846065690e-08 3.2494410194771434e-01 3.2494410107032123e-01 8.7739310261625292e-10 6.4988824953915447e-01 6.4988820214064247e-01 4.7398512004193094e-08
459 8.9550781250000000e-01 3.1919971422078014e-01 3.1919966879645439e-01 4.5424325745280214e-08 3.1919966965717012e-01 3.1919966879645439e-01 8.6071572091839244e-10 6.3839938387795025e-01 6.3839933759290879e-01 4.6285041466198606e-08
460 8.9746093750000000e-01 3.1344326315256210e-01 3.1344321883547016e-01 4.4317091940637710e-08 3.1344321967940164e-01 3.1344321883547016e-01 8.4393148025441178e-10 6.2688648283196380e-01 6.2688643767094032e-01 4.5161023476403273e-08
461 8.9941406250000000e-01 3.0767501111370404e-01 3.0767496791445520e-01 4.3199248844771887e-08 3.0767496874151073e-01 3.0767496791445520e-01 8.2705553516859709e-10 6.1534997985521478e-01 6.1534993582891040e-01 4.4026304379940484e-08
462 9.0136718750000000e-01 3.0189517527546517e-01 3.0189513320479727e-01 4.2070667893856495e-08 3.0189513401486656e-01 3.0189513320479727e-01 8.1006928942528589e-10 6.0379030929033173e-01 6.0379026640959454e-01 4.2880737183281781e-08
463 9.0332031250000000e-01 2.9610397324517812e-01 2.9610393231400561e-01 4.0931172506919467e-08 2.9610393310701721e-01 2.9610393231400561e-01 7.9301160083034006e-10 5.9220790635219533e-01 5.9220786462801123e-01 4.1724184107749807e-08
464 9.0527343750000000e-01 2.9030162305822316e-01 2.9030158327752137e-01 3.9780701788227901e-08 2.9030158405333090e-01 2.9030158327752137e-01 7.7580952773104173e-10 5.8060320711155411e-01 5.8060316655504274e-01 4.0556511371470094e-08
465 9.0722656250000000e-01 2.8448834316958349e-01 2.8448830455050539e-01 3.8619078102097859e-08 2.8448830530902552e-01 2.8448830455050539e-01 7.5852013559085663e-10 5.6897664847860896e-01 5.6897660910101078e-01 3.9377598182177564e-08
466 9.0917968750000000e-01 2.7866435244582721e-01 2.7866431499961652e-01 3.7446210687797077e-08 2.7866431574073502e-01 2.7866431499961652e-01 7.4111849990288192e-10 5.5732866818656224e-01 5.5732862999923305e-01 3.8187329187699959e-08
467 9.1113281250000000e-01 2.7282987015679033e-01 2.7282983389477006e-01 3.6262020275401596e-08 2.7282983461834859e-01 2.7282983389477006e-01 7.2357853042603892e-10 5.4565970477513892e-01 5.4565966778954011e-01 3.6985598805827635e-08
468 9.1308593750000000e-01 2.6698511596724311e-01 2.6698508090088113e-01 3.5066361980806704e-08 2.6698508160683337e-01 2.6698508090088113e-01 7.0595224110903132e-10 5.3397019757407649e-01 5.3397016180176227e-01 3.5772314221915735e-08
469 9.1503906250000000e-01 2.6113030992880237e-01 2.6113027606959721e-01 3.3859205161856920e-08 2.6113027675778311e-01 2.6113027606959721e-01 6.8818589715746725e-10 5.2226058668658548e-01 5.2226055213919442e-01 3.4547391059014387e-08
470 9.1699218750000000e-01 2.5526567247147003e-01 2.5526563983101030e-01 3.2640459723953796e-08 2.5526564050130962e-01 2.5526563983101030e-01 6.7029931605233628e-10 5.1053131297277965e-01 5.1053127966202061e-01 3.3310759040006133e-08
471 9.1894531250000000e-01 2.4939142439544093e-01 2.4939139298536092e-01 3.1410080009175445e-08 2.4939139363763876e-01 2.4939139298536092e-01 6.5227784284971335e-10 4.9878281803307967e-01 4.9878278597072184e-01 3.2062357824269583e-08
472 9.2089843750000000e-01 2.4350778686275137e-01 2.4350775669472177e-01 3.0168029602206659e-08 2.4350775732883620e-01 2.4350775669472177e-01 6.3411442763339210e-10 4.8701554419158755e-01 4.8701551338944354e-01 3.0802144002084475e-08
473 9.2285156250000000e-01 2.3761498138893972e-01 2.3761495247467465e-01 2.8914265065571598e-08 2.3761495309049263e-01 2.3761495247467465e-01 6.1581797994314513e-10 4.7522993447943235e-01 4.7522990494934930e-01 2.9530083045514743e-08
474 9.2480468750000000e-01 2.3171322983474277e-01 2.3171320218596694e-01 2.7648775824395955e-08 2.3171320278334842e-01 2.3171320218596694e-01 5.9738147761834171e-10 4.6342643261809119e-01 4.6342640437193389e-01 2.8246157302014296e-08
475 9.2675781250000000e-01 2.2580275439773387e-01 2.2580272802616219e-01 2.6371571676397920e-08 2.2580272860495379e-01 2.2580272802616219e-01 5.7879159798268631e-10 4.5160548300268766e-01 4.5160545605232438e-01 2.6950363274380607e-08
476 9.2871093750000000e-01 2.1988377760395317e-01 2.1988375252127101e-01 2.5082682153509950e-08 2.1988375308130348e-01 2.1988375252127101e-01 5.6003246484692681e-10 4.3976753068525665e-01 4.3976750504254203e-01 2.5642714618356877e-08
477 9.3066406250000000e-01 2.1395652229948439e-01 2.1395649851737625e-01 2.3782108143910463e-08 2.1395649905850597e-01 2.1395649851737625e-01 5.4112972436293205e-10 4.2791302135799036e-01 4.2791299703475250e-01 2.4323237868273395e-08
478 9.3261718750000000e-01 2.0802121164214357e-01 2.0802118917224147e-01 2.2469902105637374e-08 2.0802118969431632e-01 2.0802118917224147e-01 5.2207485556898803e-10 4.1604240133645987e-01 4.1604237834448293e-01 2.2991976933450786e-08
479 9.3457031250000000e-01 2.0207806909306317e-01 2.0207804794690790e-01 2.1146155271267730e-08 2.0207804844974642e-01 2.0207804794690790e-01 5.0283852082166902e-10 4.0415611754280956e-01 4.0415609589381579e-01 2.1648993764333824e-08
480 9.3652343750000000e-01 1.9612731840826558e-01 1.9612729859728459e-01 1.9810980994572347e-08 1.9612729908066928e-01 1.9612729859728459e-01 4.8338469338382595e-10 3.9225461748893486e-01 3.9225459719456918e-01 2.0294365687956173e-08
481 9.3847656250000000e-01 1.9016918363009008e-01 1.9016916516572024e-01 1.8464369838655514e-08 1.9016916562954111e-01 1.9016916516572024e-01 4.6382087059981814e-10 3.8033834925963117e-01 3.8033833033144049e-01 1.8928190681499757e-08
482 9.4042968750000000e-01 1.8420388907914029e-01 1.8420387197257188e-01 1.7106568411806578e-08 1.8420387241658343e-01 1.8420387197257188e-01 4.4401154974949009e-10 3.6840776149572374e-01 3.6840774394514375e-01 1.7550579989311643e-08
483 9.4238281250000000e-01 1.7823165934537599e-01 1.7823164360775573e-01 1.5737620262523677e-08 1.7823164403180256e-01 1.7823164360775573e-01 4.2404682543129013e-10 3.5646330337717858e-01 3.5646328721551146e-01 1.6161667115710543e-08
484 9.4433593750000000e-01 1.7225271928002811e-01 1.7225270492229516e-01 1.4357732947001267e-08 1.7225270532616252e-01 1.7225270492229516e-01 4.0386735622455205e-10 3.4450542460619060e-01 3.4450540984459033e-01 1.4761600275470244e-08
485 9.4628906250000000e-01 1.6626729398690701e-01 1.6626728101985147e-01 1.2967055540435979e-08 1.6626728140334593e-01 1.6626728101985147e-01 3.8349445841134866e-10 3.3253457539025294e-01 3.3253456203970294e-01 1.3350549998847328e-08
486 9.4824218750000000e-01 1.6027560881405084e-01 1.6027559724825199e-01 1.1565798846424613e-08 1.6027559761115648e-01 1.6027559724825199e-01 3.6290448424125543e-10 3.2055120642520729e-01 3.2055119449650399e-01 1.1928703302910293e-08
487 9.5019531250000000e-01 1.5427788934517619e-01 1.5427787919100469e-01 1.0154171503629073e-08 1.5427787953309782e-01 1.5427787919100469e-01 3.4209313160005195e-10 3.0855576887827402e-01 3.0855575838200938e-01 1.0496264635229124e-08
488 9.5214843750000000e-01 1.4827436139118719e-01 1.4827435265880362e-01 8.7323835662456162e-09 1.4827435297988065e-01 1.4827435265880362e-01 3.2107702607753197e-10 2.9654871437106783e-01 2.9654870531760724e-01 9.0534605923231481e-09
489 9.5410156250000000e-01 1.4226525098175119e-01 1.4226524368103041e-01 7.3007207779252070e-09 1.4226524398084189e-01 1.4226524368103041e-01 2.9981148119695433e-10 2.8453049496259308e-01 2.8453048736206082e-01 7.6005322591221613e-09
490 9.5605468750000000e-01 1.3625078435669263e-01 1.3625077849724079e-01 5.8594518403953799e-09 1.3625077877553232e-01 1.3625077849724079e-01 2.7829152871028384e-10 2.7250156313222496e-01 2.7250155699448159e-01 6.1377433691056638e-09
491 9.5800781250000000e-01 1.3023118795747979e-01 1.3023118354865046e-01 4.4088293293942371e-09 1.3023118380519380e-01 1.3023118354865046e-01 2.5654334212532603e-10 2.6046237176267362e-01 2.6046236709730092e-01 4.6653726992751388e-09
492 9.5996093750000000e-01 1.2420668841878724e-01 1.2420668546960602e-01 2.9491812186810407e-09 1.2420668570414431e-01 1.2420668546960602e-01 2.3453829156583339e-10 2.4841337412293155e-01 2.4841337093921204e-01 3.1837195102468741e-09
493 9.6191406250000000e-01 1.1817751255987048e-01 1.1817751107905601e-01 1.4808144710443116e-09 1.1817751129134055e-01 1.1817751107905601e-01 2.1228453717103690e-10 2.3635502385121104e-01 2.3635502215811202e-01 1.6930990220931363e-09
494 9.6386718750000000e-01 1.1214388737610149e-01 1.1214388737200762e-01 4.0938780143662257e-12 1.1214388756176000e-01 1.1214388737200762e-01 1.8975238047502785e-10 2.2428777493786151e-01 2.2428777474401523e-01 1.9384627236718188e-10
495 9.6582031250000000e-01 1.0610604003036285e-01 1.0610604151098410e-01 -1.4806212506046634e-09 1.0610604167791549e-01 1.0610604151098410e-01 1.6693138538137475e-10 2.1221208170827832e-01 2.1221208302196820e-01 -1.3136898791010765e-09
496 9.6777343750000000e-01 1.0006419784449673e-01 1.0006420081746863e-01 -2.9729718964421892e-09 1.0006420096129999e-01 1.0006420081746863e-01 1.4383136348605774e-10 2.0012839880579672e-01 2.0012840163493725e-01 -2.8291405329561314e-09
497 9.6972656250000000e-01 9.4018588290767827e-02 9.4018592763348910e-02 -4.4725810832701995e-09 9.4018592883806970e-02 9.4018592763348910e-02 1.2045806019322924e-10 1.8803718117457480e-01 1.8803718552669782e-01 -4.3521230230769703e-09
498 9.7167968750000000e-01 8.7969438983356629e-02 8.7969444962351595e-02 -5.9789949657940156e-09 8.7969445059107518e-02 8.7969444962351595e-02 9.6755922718294585e-11 1.7593888404246416e-01 1.7593888992470319e-01 -5.8822390291979332e-09
499 9.7363281250000000e-01 8.1916977669627161e-02 8.1916985161471542e-02 -7.4918443809801616e-09 8.1916985234242290e-02 8.1916985161471542e-02 7.2770747761019550e-11 1.6383396290386945e-01 1.6383397032294308e-01 -7.4190736332191420e-09
500 9.7558593750000000e-01 7.5861432221742020e-02 7.5861441232400267e-02 -9.0106582473215013e-09 7.5861441280858380e-02 7.5861441232400267e-02 4.8458112522631325e-11 1.5172287350260039e-01 1.5172288246480053e-01 -8.9622001486766578e-09
501 9.7753906250000000e-01 6.9803030627929794e-02 6.9803041162943225e-02 -1.0535013431067775e-08 6.9803041186781434e-02 6.9803041162943225e-02 2.3838209184390280e-11 1.3960607181471124e-01 1.3960608232588645e-01 -1.0511175208005596e-08
502 9.7949218750000000e-01 6.3742000984018582e-02 6.3742013048439669e-02 -1.2064421087143451e-08 6.3742013047313681e-02 6.3742013048439669e-02 -1.1259881915748338e-12 1.2748401403133225e-01 1.2748402609687934e-01 -1.2065547089212814e-08
503 9.8144531250000000e-01 5.7678571484756011e-02 5.7678585083171523e-02 -1.3598415511684170e-08 5.7678585056739645e-02 5.7678585083171523e-02 -2.6431877520050051e-11 1.1535715654149566e-01 1.1535717016634305e-01 -1.3624847389204220e-08
504 9.8339843750000000e-01 5.1612970415257677e-02 5.1612985551775500e-02 -1.5136517823866047e-08 5.1612985499691837e-02 5.1612985551775500e-02 -5.2083663770741140e-11 1.0322595591494951e-01 1.0322597110355100e-01 -1.5188601487636788e-08
505 9.8535156250000000e-01 4.5545426142414698e-02 4.5545442820644808e-02 -1.6678230109479220e-08 4.5545442742554405e-02 4.5545442820644808e-02 -7.8090402200192699e-11 9.1090868884969103e-02 9.1090885641289615e-02 -1.6756320511679412e-08
506 9.8730468750000000e-01 3.9476167106295174e-02 3.9476185329334737e-02 -1.8223039563447507e-08 3.9476185224863986e-02 3.9476185329334737e-02 -1.0447075149411233e-10 7.8952352331159159e-02 7.8952370658669474e-02 -1.8327510314941620e-08
507 9.8925781250000000e-01 3.3405421811510738e-02 3.3405441581958607e-02 -1.9770447869105201e-08 3.3405441450741695e-02 3.3405441581958607e-02 -1.3121691233575206e-10 6.6810863262252440e-02 6.6810883163917215e-02 -1.9901664774502059e-08
508 9.9121093750000000e-01 2.7333418818665800e-02 2.7333440138587749e-02 -2.1319921949397580e-08 2.7333439980236084e-02 2.7333440138587749e-02 -1.5835166511379839e-10 5.4666858798901888e-02 5.4666880277175499e-02 -2.1478273611041931e-08
509 9.9316406250000000e-01 2.1260386735699330e-02 2.1260409606645034e-02 -2.2870945703273859e-08 2.1260409420770409e-02 2.1260409606645034e-02 -1.8587462471963967e-10 4.2520796156469740e-02 4.2520819213290068e-02 -2.3056820327993499e-08
510 9.9511718750000000e-01 1.5186554209310449e-02 1.5186578632296624e-02 -2.4422986175109962e-08 1.5186578418501804e-02 1.5186578632296624e-02 -2.1379482038896835e-10 3.0373132627812251e-02 3.0373157264593248e-02 -2.4636780997233654e-08
511 9.9707031250000000e-01 9.1121499161354366e-03 9.1121758918466349e-03 -2.5975711198319984e-08 9.1121756499264982e-03 9.1121758918466349e-03 -2.4192013670099044e-10 1.8224325566061933e-02 1.8224351783693270e-02 -2.6217631336755698e-08
512 9.9902343750000000e-01 3.0374025464064798e-03 3.0374300831241016e-03 -2.7536717621835100e-08 3.0374298210010821e-03 3.0374300831241016e-03 -2.6212301947048378e-10 6.0748323674075615e-03 6.0748601662482032e-03 -2.7798840641739264e-08
