# P x_center tau_U tau_V tau_Psi
1 4.8828125000000000e-04 2.2871531371038145e-06 1.3722918534853079e-06 3.6594449905891224e-06
2 1.4648437500000000e-03 -1.6349588349839905e-11 -9.8978603091381956e-12 -2.6247448658978101e-11
3 2.4414062500000000e-03 -2.7284841053187847e-11 -1.6513013179064728e-11 -4.3797854232252575e-11
4 3.4179687500000000e-03 -3.8184566619747784e-11 -2.3092638912203256e-11 -6.1277205531951040e-11
5 4.3945312500000000e-03 -4.9055870476877317e-11 -2.9672264645341784e-11 -7.8728135122219101e-11
6 5.3710937500000000e-03 -5.9941385188722052e-11 -3.6266101233195513e-11 -9.6207486421917565e-11
7 6.3476562500000000e-03 -7.0883743319427595e-11 -4.2888359530479647e-11 -1.1377210284990724e-10
8 7.3242187500000000e-03 -8.1826101450133137e-11 -4.9510617827763781e-11 -1.3133671927789692e-10
9 8.3007812500000000e-03 -9.2711616161977872e-11 -5.6104454415617511e-11 -1.4881607057759538e-10
10 9.2773437500000000e-03 -1.0362555258325301e-10 -6.2755134422332048e-11 -1.6638068700558506e-10
11 1.0253906250000000e-02 -1.1453948900452815e-10 -6.9292127591324970e-11 -1.8383161659585312e-10
12 1.1230468750000000e-02 -1.2539658200694248e-10 -7.5942807598039508e-11 -2.0133938960498199e-10
13 1.2207031250000000e-02 -1.3625367500935681e-10 -8.2422957348171622e-11 -2.1867663235752843e-10
14 1.3183593750000000e-02 -1.4722445484949276e-10 -8.9130480773746967e-11 -2.3635493562323973e-10
15 1.4160156250000000e-02 -1.5796786101418547e-10 -9.5667473942739889e-11 -2.5363533495692536e-10
16 1.5136718750000000e-02 -1.6905232769204304e-10 -1.0226131053059362e-10 -2.7131363822263665e-10
17 1.6113281250000000e-02 -1.7990942069445737e-10 -1.0885514711844735e-10 -2.8876456781290472e-10
18 1.7089843750000000e-02 -1.9053914002142847e-10 -1.1527845344971865e-10 -3.0581759347114712e-10
19 1.8066406250000000e-02 -2.0168045011814684e-10 -1.2198597687529400e-10 -3.2366642699344084e-10
20 1.9042968750000000e-02 -2.1248069970170036e-10 -1.2857981346314773e-10 -3.4106051316484809e-10
21 2.0019531250000000e-02 -2.2339463612297550e-10 -1.3505996321327984e-10 -3.5845459933625534e-10
22 2.0996093750000000e-02 -2.3419488570652902e-10 -1.4165379980113357e-10 -3.7584868550766259e-10
23 2.1972656250000000e-02 -2.4499513529008254e-10 -1.4824763638898730e-10 -3.9324277167906985e-10
24 2.2949218750000000e-02 -2.5590907171135768e-10 -1.5484147297684103e-10 -4.1075054468819872e-10
25 2.3925781250000000e-02 -2.6705038180807605e-10 -1.6154899640241638e-10 -4.2859937821049243e-10
26 2.4902343750000000e-02 -2.7773694455390796e-10 -1.6825651982799172e-10 -4.4599346438189968e-10
27 2.5878906250000000e-02 -2.8876456781290472e-10 -1.7485035641584545e-10 -4.6361492422875017e-10
28 2.6855468750000000e-02 -2.9945113055873662e-10 -1.8110313249053434e-10 -4.8055426304927096e-10
29 2.7832031250000000e-02 -3.1025138014229015e-10 -1.8792434275383130e-10 -4.9817572289612144e-10
30 2.8808593750000000e-02 -3.2127900340128690e-10 -1.9440449250396341e-10 -5.1568349590525031e-10
31 2.9785156250000000e-02 -3.3207925298484042e-10 -2.0099832909181714e-10 -5.3307758207665756e-10
32 3.0761718750000000e-02 -3.4299318940611556e-10 -2.0759216567967087e-10 -5.5058535508578643e-10
33 3.1738281250000000e-02 -3.5390712582739070e-10 -2.1418600226752460e-10 -5.6809312809491530e-10
34 3.2714843750000000e-02 -3.6482106224866584e-10 -2.2055246517993510e-10 -5.8537352742860094e-10
35 3.3691406250000000e-02 -3.7539393815677613e-10 -2.2691892809234560e-10 -6.0231286624912173e-10
36 3.4667968750000000e-02 -3.8676262192893773e-10 -2.3396751203108579e-10 -6.2073013396002352e-10
37 3.5644531250000000e-02 -3.9722181099932641e-10 -2.4033397494349629e-10 -6.3755578594282269e-10
38 3.6621093750000000e-02 -4.0813574742060155e-10 -2.4692781153135002e-10 -6.5506355895195156e-10
39 3.7597656250000000e-02 -4.1882231016643345e-10 -2.5329427444376051e-10 -6.7211658461019397e-10
40 3.8574218750000000e-02 -4.2996362026315182e-10 -2.5988811103161424e-10 -6.8985173129476607e-10
41 3.9550781250000000e-02 -4.4019543565809727e-10 -2.6648194761946797e-10 -7.0667738327756524e-10
42 4.0527343750000000e-02 -4.5133674575481564e-10 -2.7262103685643524e-10 -7.2395778261125088e-10
43 4.1503906250000000e-02 -4.6247805585153401e-10 -2.8012436814606190e-10 -7.4260242399759591e-10
44 4.2480468750000000e-02 -4.7270987124647945e-10 -2.8603608370758593e-10 -7.5874595495406538e-10
45 4.3457031250000000e-02 -4.8362380766775459e-10 -2.9262992029543966e-10 -7.7625372796319425e-10
46 4.4433593750000000e-02 -4.9453774408902973e-10 -2.9899638320785016e-10 -7.9353412729687989e-10
47 4.5410156250000000e-02 -5.0499693315941840e-10 -3.0536284612026066e-10 -8.1035977927967906e-10
48 4.6386718750000000e-02 -5.1613824325613678e-10 -3.1195668270811439e-10 -8.2809492596425116e-10
49 4.7363281250000000e-02 -5.2682480600196868e-10 -3.1877789297141135e-10 -8.4560269897338003e-10
50 4.8339843750000000e-02 -5.3796611609868705e-10 -3.2514435588382185e-10 -8.6311047198250890e-10
51 4.9316406250000000e-02 -5.4819793149363250e-10 -3.3196556614711881e-10 -8.8016349764075130e-10
52 5.0292968750000000e-02 -5.5933924159035087e-10 -3.3810465538408607e-10 -8.9744389697443694e-10
53 5.1269531250000000e-02 -5.7002580433618277e-10 -3.4492586564738303e-10 -9.1495166998356581e-10
54 5.2246093750000000e-02 -5.8093974075745791e-10 -3.5106495488435030e-10 -9.3200469564180821e-10
55 5.3222656250000000e-02 -5.9139892982784659e-10 -3.5788616514764726e-10 -9.4928509497549385e-10
56 5.4199218750000000e-02 -6.0254023992456496e-10 -3.6448000173550099e-10 -9.6702024166006595e-10
57 5.5175781250000000e-02 -6.1322680267039686e-10 -3.7107383832335472e-10 -9.8430064099375159e-10
58 5.6152343750000000e-02 -6.2368599174078554e-10 -3.7744030123576522e-10 -1.0011262929765508e-09
59 5.7128906250000000e-02 -6.3459992816206068e-10 -3.8403413782361895e-10 -1.0186340659856796e-09
60 5.8105468750000000e-02 -6.4528649090789258e-10 -3.9040060073602945e-10 -1.0356870916439220e-09
61 5.9082031250000000e-02 -6.5597305365372449e-10 -3.9676706364843994e-10 -1.0527401173021644e-09
62 6.0058593750000000e-02 -6.6643224272411317e-10 -4.0336090023629367e-10 -1.0697931429604068e-09
63 6.1035156250000000e-02 -6.7757355282083154e-10 -4.0972736314870417e-10 -1.0873009159695357e-09
64 6.2011718750000000e-02 -6.8803274189122021e-10 -4.1609382606111467e-10 -1.1041265679523349e-09
65 6.2988281250000000e-02 -6.9917405198793858e-10 -4.2268766264896840e-10 -1.1218617146369070e-09
66 6.3964843750000000e-02 -7.0940586738288403e-10 -4.2905412556137890e-10 -1.1384599929442629e-09
67 6.4941406250000000e-02 -7.1986505645327270e-10 -4.3564796214923263e-10 -1.1555130186025053e-09
68 6.5917968750000000e-02 -7.3055161919910461e-10 -4.4201442506164312e-10 -1.1725660442607477e-09
69 6.6894531250000000e-02 -7.4078343459405005e-10 -4.4883563532494009e-10 -1.1896190699189901e-09
70 6.7871093750000000e-02 -7.5169737101532519e-10 -4.5520209823735058e-10 -1.2068994692526758e-09
71 6.8847656250000000e-02 -7.6261130743660033e-10 -4.6202330850064754e-10 -1.2246346159372479e-09
72 6.9824218750000000e-02 -7.7307049650698900e-10 -4.6793502406217158e-10 -1.2410055205691606e-09
73 7.0800781250000000e-02 -7.8443918027915061e-10 -4.7430148697458208e-10 -1.2587406672537327e-09
74 7.1777343750000000e-02 -7.9489836934953928e-10 -4.8021320253610611e-10 -1.2751115718856454e-09
75 7.2753906250000000e-02 -8.0581230577081442e-10 -4.8748916015028954e-10 -1.2933014659211040e-09
76 7.3730468750000000e-02 -8.1627149484120309e-10 -4.9340087571181357e-10 -1.3096723705530167e-09
77 7.4707031250000000e-02 -8.2673068391159177e-10 -4.9976733862422407e-10 -1.3264980225358158e-09
78 7.5683593750000000e-02 -8.3718987298198044e-10 -5.0613380153663456e-10 -1.3433236745186150e-09
79 7.6660156250000000e-02 -8.4719431470148265e-10 -5.1250026444904506e-10 -1.3596945791505277e-09
80 7.7636718750000000e-02 -8.5856299847364426e-10 -5.1886672736145556e-10 -1.3774297258350998e-09
81 7.8613281250000000e-02 -8.6856744019314647e-10 -5.2523319027386606e-10 -1.3938006304670125e-09
82 7.9589843750000000e-02 -8.7993612396530807e-10 -5.3205440053716302e-10 -1.4119905245024711e-09
83 8.0566406250000000e-02 -8.8994056568481028e-10 -5.3796611609868705e-10 -1.4279066817834973e-09
84 8.1542968750000000e-02 -9.0130924945697188e-10 -5.4569682106375694e-10 -1.4470060705207288e-09
85 8.2519531250000000e-02 -9.1085894382558763e-10 -5.5069904192350805e-10 -1.4615579857490957e-09
86 8.3496093750000000e-02 -9.2131813289597631e-10 -5.5615601013414562e-10 -1.4774741430301219e-09
87 8.4472656250000000e-02 -9.3223206931725144e-10 -5.6388671509921551e-10 -1.4961187844164670e-09
88 8.5449218750000000e-02 -9.4269125838764012e-10 -5.7025317801162601e-10 -1.5129444363992661e-09
89 8.6425781250000000e-02 -9.5360519480891526e-10 -5.7707438827492297e-10 -1.5306795830838382e-09
90 8.7402343750000000e-02 -9.6406438387930393e-10 -5.8298610383644700e-10 -1.5470504877157509e-09
91 8.8378906250000000e-02 -9.7406882559880614e-10 -5.8889781939797103e-10 -1.5629666449967772e-09
92 8.9355468750000000e-02 -9.8498276202008128e-10 -5.9617377701215446e-10 -1.5811565390322357e-09
93 9.0332031250000000e-02 -9.9544195109046996e-10 -6.0208549257367849e-10 -1.5975274436641484e-09
94 9.1308593750000000e-02 -1.0045368981081992e-09 -6.0754246078431606e-10 -1.6120793588925153e-09
95 9.2285156250000000e-02 -1.0168150765821338e-09 -6.1527316574938595e-10 -1.6320882423315197e-09
96 9.3261718750000000e-02 -1.0263647709507495e-09 -6.2073013396002352e-10 -1.6470949049107730e-09
97 9.4238281250000000e-02 -1.0372787073720247e-09 -6.2755134422332048e-10 -1.6648300515953451e-09
98 9.5214843750000000e-02 -1.0472831490915269e-09 -6.3391780713573098e-10 -1.6812009562272578e-09
99 9.6191406250000000e-02 -1.0572875908110291e-09 -6.3937477534636855e-10 -1.6966623661573976e-09
100 9.7167968750000000e-02 -1.0677467798814178e-09 -6.4665073296055198e-10 -1.7143975128419697e-09
101 9.8144531250000000e-02 -1.0786607163026929e-09 -6.5256244852207601e-10 -1.7312231648247689e-09
102 9.9121093750000000e-02 -1.0891199053730816e-09 -6.5847416408360004e-10 -1.7475940694566816e-09
103 1.0009765625000000e-01 -1.0995790944434702e-09 -6.6529537434689701e-10 -1.7648744687903672e-09
104 1.0107421875000000e-01 -1.1100382835138589e-09 -6.7166183725930750e-10 -1.7817001207731664e-09
105 1.0205078125000000e-01 -1.1200427252333611e-09 -6.7757355282083154e-10 -1.7976162780541927e-09
106 1.0302734375000000e-01 -1.1305019143037498e-09 -6.8394001573324203e-10 -1.8144419300369918e-09
107 1.0400390625000000e-01 -1.1409611033741385e-09 -6.9030647864565253e-10 -1.8312675820197910e-09
108 1.0498046875000000e-01 -1.1509655450936407e-09 -6.9667294155806303e-10 -1.8476384866517037e-09
109 1.0595703125000000e-01 -1.1614247341640294e-09 -7.0258465711958706e-10 -1.8640093912836164e-09
110 1.0693359375000000e-01 -1.1714291758835316e-09 -7.0940586738288403e-10 -1.8808350432664156e-09
111 1.0791015625000000e-01 -1.1818883649539202e-09 -7.1486283559352160e-10 -1.8967512005474418e-09
112 1.0888671875000000e-01 -1.1923475540243089e-09 -7.2077455115504563e-10 -1.9131221051793545e-09
113 1.0986328125000000e-01 -1.2023519957438111e-09 -7.2759576141834259e-10 -1.9299477571621537e-09
114 1.1083984375000000e-01 -1.2137206795159727e-09 -7.3396222433075309e-10 -1.9476829038467258e-09
115 1.1181640625000000e-01 -1.2228156265337020e-09 -7.4032868724316359e-10 -1.9631443137768656e-09
116 1.1279296875000000e-01 -1.2332748156040907e-09 -7.4624040280468762e-10 -1.9795152184087783e-09
117 1.1376953125000000e-01 -1.2437340046744794e-09 -7.5215211836621165e-10 -1.9958861230406910e-09
118 1.1474609375000000e-01 -1.2532836990430951e-09 -7.5851858127862215e-10 -2.0118022803217173e-09
119 1.1572265625000000e-01 -1.2637428881134838e-09 -7.6488504419103265e-10 -2.0286279323045164e-09
120 1.1669921875000000e-01 -1.2737473298329860e-09 -7.7079675975255668e-10 -2.0445440895855427e-09
121 1.1767578125000000e-01 -1.2842065189033747e-09 -7.7716322266496718e-10 -2.0613697415683419e-09
122 1.1865234375000000e-01 -1.2942109606228769e-09 -7.8307493822649121e-10 -2.0772858988493681e-09
123 1.1962890625000000e-01 -1.3051248970441520e-09 -7.8944140113890171e-10 -2.0945662981830537e-09
124 1.2060546875000000e-01 -1.3151293387636542e-09 -7.9580786405131221e-10 -2.1109372028149664e-09
125 1.2158203125000000e-01 -1.3251337804831564e-09 -8.0171957961283624e-10 -2.1268533600959927e-09
126 1.2255859375000000e-01 -1.3346834748517722e-09 -8.0763129517436028e-10 -2.1423147700261325e-09
127 1.2353515625000000e-01 -1.3451426639221609e-09 -8.1354301073588431e-10 -2.1586856746580452e-09
128 1.2451171875000000e-01 -1.3542376109398901e-09 -8.1990947364829481e-10 -2.1741470845881850e-09
129 1.2548828125000000e-01 -1.3651515473611653e-09 -8.2673068391159177e-10 -2.1918822312727571e-09
130 1.2646484375000000e-01 -1.3751559890806675e-09 -8.3173290477134287e-10 -2.2068888938520104e-09
131 1.2744140625000000e-01 -1.3860699255019426e-09 -8.3855411503463984e-10 -2.2246240405365825e-09
132 1.2841796875000000e-01 -1.3951648725196719e-09 -8.4492057794705033e-10 -2.2400854504667222e-09
133 1.2939453125000000e-01 -1.4060788089409471e-09 -8.5037754615768790e-10 -2.2564563550986350e-09
134 1.3037109375000000e-01 -1.4151737559586763e-09 -8.5674400907009840e-10 -2.2719177650287747e-09
135 1.3134765625000000e-01 -1.4256329450290650e-09 -8.6220097728073597e-10 -2.2878339223098010e-09
136 1.3232421875000000e-01 -1.4356373867485672e-09 -8.6856744019314647e-10 -2.3042048269417137e-09
137 1.3330078125000000e-01 -1.4451870811171830e-09 -8.7447915575467050e-10 -2.3196662368718535e-09
138 1.3427734375000000e-01 -1.4551915228366852e-09 -8.7948137661442161e-10 -2.3346728994511068e-09
139 1.3525390625000000e-01 -1.4656507119070739e-09 -8.8539309217594564e-10 -2.3510438040830195e-09
140 1.3623046875000000e-01 -1.4770193956792355e-09 -8.9403329184278846e-10 -2.3710526875220239e-09
141 1.3720703125000000e-01 -1.4852048479951918e-09 -8.9949026005342603e-10 -2.3846951080486178e-09
142 1.3818359375000000e-01 -1.4961187844164670e-09 -9.0494722826406360e-10 -2.4010660126805305e-09
143 1.3916015625000000e-01 -1.5052137314341962e-09 -9.0949470177292824e-10 -2.4147084332071245e-09
144 1.4013671875000000e-01 -1.5143086784519255e-09 -9.1586116468533874e-10 -2.4301698431372643e-09
145 1.4111328125000000e-01 -1.5252226148732007e-09 -9.2131813289597631e-10 -2.4465407477691770e-09
146 1.4208984375000000e-01 -1.5343175618909299e-09 -9.2768459580838680e-10 -2.4620021576993167e-09
147 1.4306640625000000e-01 -1.5443220036104321e-09 -9.3587004812434316e-10 -2.4801920517347753e-09
148 1.4404296875000000e-01 -1.5543264453299344e-09 -9.4041752163320780e-10 -2.4947439669631422e-09
149 1.4501953125000000e-01 -1.5643308870494366e-09 -9.4769347924739122e-10 -2.5120243662968278e-09
150 1.4599609375000000e-01 -1.5734258340671659e-09 -9.5133145805448294e-10 -2.5247572921216488e-09
151 1.4697265625000000e-01 -1.5843397704884410e-09 -9.5951691037043929e-10 -2.5438566808588803e-09
152 1.4794921875000000e-01 -1.5925252228043973e-09 -9.6406438387930393e-10 -2.5565896066837013e-09
153 1.4892578125000000e-01 -1.6034391592256725e-09 -9.7043084679171443e-10 -2.5738700060173869e-09
154 1.4990234375000000e-01 -1.6134436009451747e-09 -9.7588781500235200e-10 -2.5893314159475267e-09
155 1.5087890625000000e-01 -1.6225385479629040e-09 -9.8225427791476250e-10 -2.6047928258776665e-09
156 1.5185546875000000e-01 -1.6334524843841791e-09 -9.8680175142362714e-10 -2.6202542358078063e-09
157 1.5283203125000000e-01 -1.6416379367001355e-09 -9.9407770903781056e-10 -2.6357156457379460e-09
158 1.5380859375000000e-01 -1.6516423784196377e-09 -9.9953467724844813e-10 -2.6511770556680858e-09
159 1.5478515625000000e-01 -1.6607373254373670e-09 -1.0049916454590857e-09 -2.6657289708964527e-09
160 1.5576171875000000e-01 -1.6716512618586421e-09 -1.0104486136697233e-09 -2.6820998755283654e-09
161 1.5673828125000000e-01 -1.6807462088763714e-09 -1.0168150765821338e-09 -2.6975612854585052e-09
162 1.5771484375000000e-01 -1.6898411558941007e-09 -1.0222720447927713e-09 -2.7121132006868720e-09
163 1.5869140625000000e-01 -1.7007550923153758e-09 -1.0295480024069548e-09 -2.7303030947223306e-09
164 1.5966796875000000e-01 -1.7080310499295592e-09 -1.0331859812140465e-09 -2.7412170311436057e-09
165 1.6064453125000000e-01 -1.7207639757543802e-09 -1.0413714335300028e-09 -2.7621354092843831e-09
166 1.6162109375000000e-01 -1.7271304386667907e-09 -1.0459189070388675e-09 -2.7730493457056582e-09
167 1.6259765625000000e-01 -1.7389538697898388e-09 -1.0522853699512780e-09 -2.7912392397411168e-09
168 1.6357421875000000e-01 -1.7462298274040222e-09 -1.0568328434601426e-09 -2.8030626708641648e-09
169 1.6455078125000000e-01 -1.7580532585270703e-09 -1.0641088010743260e-09 -2.8221620596013963e-09
170 1.6552734375000000e-01 -1.7662387108430266e-09 -1.0677467798814178e-09 -2.8339854907244444e-09
171 1.6650390625000000e-01 -1.7762431525625288e-09 -1.0741132427938282e-09 -2.8503563953563571e-09
172 1.6748046875000000e-01 -1.7853380995802581e-09 -1.0795702110044658e-09 -2.8649083105847239e-09
173 1.6845703125000000e-01 -1.7953425412997603e-09 -1.0850271792151034e-09 -2.8803697205148637e-09
174 1.6943359375000000e-01 -1.8035279936157167e-09 -1.0895746527239680e-09 -2.8931026463396847e-09
175 1.7041015625000000e-01 -1.8135324353352189e-09 -1.0986695997416973e-09 -2.9122020350769162e-09
176 1.7138671875000000e-01 -1.8217178876511753e-09 -1.1013980838470161e-09 -2.9231159714981914e-09
177 1.7236328125000000e-01 -1.8317223293706775e-09 -1.1086740414611995e-09 -2.9403963708318770e-09
178 1.7333984375000000e-01 -1.8399077816866338e-09 -1.1141310096718371e-09 -2.9540387913584709e-09
179 1.7431640625000000e-01 -1.8499122234061360e-09 -1.1204974725842476e-09 -2.9704096959903836e-09
180 1.7529296875000000e-01 -1.8599166651256382e-09 -1.1250449460931122e-09 -2.9849616112187505e-09
181 1.7626953125000000e-01 -1.8699211068451405e-09 -1.1314114090055227e-09 -3.0013325158506632e-09
182 1.7724609375000000e-01 -1.8781065591610968e-09 -1.1359588825143874e-09 -3.0140654416754842e-09
183 1.7822265625000000e-01 -1.8881110008805990e-09 -1.1423253454267979e-09 -3.0304363463073969e-09
184 1.7919921875000000e-01 -1.8962964531965554e-09 -1.1468728189356625e-09 -3.0431692721322179e-09
185 1.8017578125000000e-01 -1.9044819055125117e-09 -1.1532392818480730e-09 -3.0577211873605847e-09
186 1.8115234375000000e-01 -1.9144863472320139e-09 -1.1596057447604835e-09 -3.0740920919924974e-09
187 1.8212890625000000e-01 -1.9244907889515162e-09 -1.1623342288658023e-09 -3.0868250178173184e-09
188 1.8310546875000000e-01 -1.9335857359692454e-09 -1.1705196811817586e-09 -3.1041054171510041e-09
189 1.8408203125000000e-01 -1.9426806829869747e-09 -1.1732481652870774e-09 -3.1159288482740521e-09
190 1.8505859375000000e-01 -1.9508661353029311e-09 -1.1814336176030338e-09 -3.1322997529059649e-09
191 1.8603515625000000e-01 -1.9617800717242062e-09 -1.1878000805154443e-09 -3.1495801522396505e-09
192 1.8701171875000000e-01 -1.9708750187419355e-09 -1.1923475540243089e-09 -3.1632225727662444e-09
193 1.8798828125000000e-01 -1.9790604710578918e-09 -1.1978045222349465e-09 -3.1768649932928383e-09
194 1.8896484375000000e-01 -1.9899744074791670e-09 -1.2041709851473570e-09 -3.1941453926265240e-09
195 1.8994140625000000e-01 -1.9963408703915775e-09 -1.2078089639544487e-09 -3.2041498343460262e-09
196 1.9091796875000000e-01 -2.0081643015146255e-09 -1.2141754268668592e-09 -3.2223397283814847e-09
197 1.9189453125000000e-01 -2.0163497538305819e-09 -1.2196323950774968e-09 -3.2359821489080787e-09
198 1.9287109375000000e-01 -2.0245352061465383e-09 -1.2241798685863614e-09 -3.2487150747328997e-09
199 1.9384765625000000e-01 -2.0327206584624946e-09 -1.2314558262005448e-09 -3.2641764846630394e-09
200 1.9482421875000000e-01 -2.0418156054802239e-09 -1.2350938050076365e-09 -3.2769094104878604e-09
201 1.9580078125000000e-01 -2.0518200471997261e-09 -1.2414602679200470e-09 -3.2932803151197731e-09
202 1.9677734375000000e-01 -2.0618244889192283e-09 -1.2469172361306846e-09 -3.3087417250499129e-09
203 1.9775390625000000e-01 -2.0691004465334117e-09 -1.2514647096395493e-09 -3.3205651561729610e-09
204 1.9873046875000000e-01 -2.0772858988493681e-09 -1.2578311725519598e-09 -3.3351170714013278e-09
205 1.9970703125000000e-01 -2.0863808458670974e-09 -1.2623786460608244e-09 -3.3487594919279218e-09
206 2.0068359375000000e-01 -2.0963852875865996e-09 -1.2696546036750078e-09 -3.3660398912616074e-09
207 2.0166015625000000e-01 -2.1045707399025559e-09 -1.2723830877803266e-09 -3.3769538276828825e-09
208 2.0263671875000000e-01 -2.1118466975167394e-09 -1.2787495506927371e-09 -3.3905962482094765e-09
209 2.0361328125000000e-01 -2.1236701286397874e-09 -1.2842065189033747e-09 -3.4078766475431621e-09
210 2.0458984375000000e-01 -2.1291270968504250e-09 -1.2887539924122393e-09 -3.4178810892626643e-09
211 2.0556640625000000e-01 -2.1391315385699272e-09 -1.2951204553246498e-09 -3.4342519938945770e-09
212 2.0654296875000000e-01 -2.1482264855876565e-09 -1.2996679288335145e-09 -3.4478944144211709e-09
213 2.0751953125000000e-01 -2.1573214326053858e-09 -1.3060343917459249e-09 -3.4633558243513107e-09
214 2.0849609375000000e-01 -2.1655068849213421e-09 -1.3114913599565625e-09 -3.4769982448779047e-09
215 2.0947265625000000e-01 -2.1755113266408443e-09 -1.3160388334654272e-09 -3.4915501601062715e-09
216 2.1044921875000000e-01 -2.1818777895532548e-09 -1.3205863069742918e-09 -3.5024640965275466e-09
217 2.1142578125000000e-01 -2.1909727365709841e-09 -1.3242242857813835e-09 -3.5151970223523676e-09
218 2.1240234375000000e-01 -2.2000676835887134e-09 -1.3305907486937940e-09 -3.5306584322825074e-09
219 2.1337890625000000e-01 -2.2064341465011239e-09 -1.3360477169044316e-09 -3.5424818634055555e-09
220 2.1435546875000000e-01 -2.2173480829223990e-09 -1.3415046851150692e-09 -3.5588527680374682e-09
221 2.1533203125000000e-01 -2.2246240405365825e-09 -1.3460521586239338e-09 -3.5706761991605163e-09
222 2.1630859375000000e-01 -2.2346284822560847e-09 -1.3515091268345714e-09 -3.5861376090906560e-09
223 2.1728515625000000e-01 -2.2428139345720410e-09 -1.3560566003434360e-09 -3.5988705349154770e-09
224 2.1826171875000000e-01 -2.2519088815897703e-09 -1.3633325579576194e-09 -3.6152414395473897e-09
225 2.1923828125000000e-01 -2.2591848392039537e-09 -1.3669705367647111e-09 -3.6261553759686649e-09
226 2.2021484375000000e-01 -2.2691892809234560e-09 -1.3742464943788946e-09 -3.6434357753023505e-09
227 2.2119140625000000e-01 -2.2764652385376394e-09 -1.3760654837824404e-09 -3.6525307223200798e-09
228 2.2216796875000000e-01 -2.2846506908535957e-09 -1.3833414413966238e-09 -3.6679921322502196e-09
229 2.2314453125000000e-01 -2.2937456378713250e-09 -1.3878889149054885e-09 -3.6816345527768135e-09
230 2.2412109375000000e-01 -2.3019310901872814e-09 -1.3933458831161261e-09 -3.6952769733034074e-09
231 2.2509765625000000e-01 -2.3110260372050107e-09 -1.3978933566249907e-09 -3.7089193938300014e-09
232 2.2607421875000000e-01 -2.3192114895209670e-09 -1.4024408301338553e-09 -3.7216523196548223e-09
233 2.2705078125000000e-01 -2.3264874471351504e-09 -1.4069883036427200e-09 -3.7334757507778704e-09
234 2.2802734375000000e-01 -2.3355823941528797e-09 -1.4142642612569034e-09 -3.7498466554097831e-09
235 2.2900390625000000e-01 -2.3428583517670631e-09 -1.4179022400639951e-09 -3.7607605918310583e-09
236 2.2998046875000000e-01 -2.3510438040830195e-09 -1.4215402188710868e-09 -3.7725840229541063e-09
237 2.3095703125000000e-01 -2.3601387511007488e-09 -1.4288161764852703e-09 -3.7889549275860190e-09
238 2.3193359375000000e-01 -2.3683242034167051e-09 -1.4315446605905890e-09 -3.7998688640072942e-09
239 2.3291015625000000e-01 -2.3756001610308886e-09 -1.4370016288012266e-09 -3.8126017898321152e-09
240 2.3388671875000000e-01 -2.3828761186450720e-09 -1.4424585970118642e-09 -3.8253347156569362e-09
241 2.3486328125000000e-01 -2.3901520762592554e-09 -1.4460965758189559e-09 -3.8362486520782113e-09
242 2.3583984375000000e-01 -2.3983375285752118e-09 -1.4497345546260476e-09 -3.8480720832012594e-09
243 2.3681640625000000e-01 -2.4074324755929410e-09 -1.4561010175384581e-09 -3.8635334931313992e-09
244 2.3779296875000000e-01 -2.4156179279088974e-09 -1.4606484910473228e-09 -3.8762664189562201e-09
245 2.3876953125000000e-01 -2.4238033802248538e-09 -1.4651959645561874e-09 -3.8889993447810411e-09
246 2.3974609375000000e-01 -2.4301698431372643e-09 -1.4715624274685979e-09 -3.9017322706058621e-09
247 2.4072265625000000e-01 -2.4383552954532206e-09 -1.4752004062756896e-09 -3.9135557017289102e-09
248 2.4169921875000000e-01 -2.4474502424709499e-09 -1.4806573744863272e-09 -3.9281076169572771e-09
249 2.4267578125000000e-01 -2.4547262000851333e-09 -1.4852048479951918e-09 -3.9399310480803251e-09
250 2.4365234375000000e-01 -2.4638211471028626e-09 -1.4906618162058294e-09 -3.9544829633086920e-09
251 2.4462890625000000e-01 -2.4710971047170460e-09 -1.4952092897146940e-09 -3.9663063944317400e-09
252 2.4560546875000000e-01 -2.4792825570330024e-09 -1.4988472685217857e-09 -3.9781298255547881e-09
253 2.4658203125000000e-01 -2.4865585146471858e-09 -1.5043042367324233e-09 -3.9908627513796091e-09
254 2.4755859375000000e-01 -2.4947439669631422e-09 -1.5097612049430609e-09 -4.0045051719062030e-09
255 2.4853515625000000e-01 -2.5038389139808714e-09 -1.5152181731536984e-09 -4.0190570871345699e-09
256 2.4951171875000000e-01 -2.5111148715950549e-09 -1.5179466572590172e-09 -4.0290615288540721e-09
257 2.5048828125000000e-01 -2.5174813345074654e-09 -1.5234036254696548e-09 -4.0408849599771202e-09
258 2.5146484375000000e-01 -2.5256667868234217e-09 -1.5288605936802924e-09 -4.0545273805037141e-09
259 2.5244140625000000e-01 -2.5320332497358322e-09 -1.5315890777856112e-09 -4.0636223275214434e-09
260 2.5341796875000000e-01 -2.5411281967535615e-09 -1.5370460459962487e-09 -4.0781742427498102e-09
261 2.5439453125000000e-01 -2.5484041543677449e-09 -1.5406840248033404e-09 -4.0890881791710854e-09
262 2.5537109375000000e-01 -2.5547706172801554e-09 -1.5443220036104321e-09 -4.0990926208905876e-09
263 2.5634765625000000e-01 -2.5620465748943388e-09 -1.5506884665228426e-09 -4.1127350414171815e-09
264 2.5732421875000000e-01 -2.5693225325085223e-09 -1.5552359400317073e-09 -4.1245584725402296e-09
265 2.5830078125000000e-01 -2.5793269742280245e-09 -1.5597834135405719e-09 -4.1391103877685964e-09
266 2.5927734375000000e-01 -2.5856934371404350e-09 -1.5643308870494366e-09 -4.1500243241898715e-09
267 2.6025390625000000e-01 -2.5920599000528455e-09 -1.5697878552600741e-09 -4.1618477553129196e-09
268 2.6123046875000000e-01 -2.6020643417723477e-09 -1.5743353287689388e-09 -4.1763996705412865e-09
269 2.6220703125000000e-01 -2.6066118152812123e-09 -1.5770638128742576e-09 -4.1836756281554699e-09
270 2.6318359375000000e-01 -2.6175257517024875e-09 -1.5843397704884410e-09 -4.2018655221909285e-09
271 2.6416015625000000e-01 -2.6229827199131250e-09 -1.5879777492955327e-09 -4.2109604692086577e-09
272 2.6513671875000000e-01 -2.6311681722290814e-09 -1.5907062334008515e-09 -4.2218744056299329e-09
273 2.6611328125000000e-01 -2.6375346351414919e-09 -1.5979821910150349e-09 -4.2355168261565268e-09
274 2.6708984375000000e-01 -2.6448105927556753e-09 -1.5988916857168078e-09 -4.2437022784724832e-09
275 2.6806640625000000e-01 -2.6529960450716317e-09 -1.6052581486292183e-09 -4.2582541937008500e-09
276 2.6904296875000000e-01 -2.6584530132822692e-09 -1.6107151168398559e-09 -4.2691681301221251e-09
277 2.7001953125000000e-01 -2.6666384655982256e-09 -1.6134436009451747e-09 -4.2800820665434003e-09
278 2.7099609375000000e-01 -2.6739144232124090e-09 -1.6198100638575852e-09 -4.2937244870699942e-09
279 2.7197265625000000e-01 -2.6811903808265924e-09 -1.6234480426646769e-09 -4.3046384234912694e-09
280 2.7294921875000000e-01 -2.6875568437390029e-09 -1.6270860214717686e-09 -4.3146428652107716e-09
281 2.7392578125000000e-01 -2.6948328013531864e-09 -1.6316334949806333e-09 -4.3264662963338196e-09
282 2.7490234375000000e-01 -2.7011992642655969e-09 -1.6343619790859520e-09 -4.3355612433515489e-09
283 2.7587890625000000e-01 -2.7102942112833261e-09 -1.6389094525948167e-09 -4.3492036638781428e-09
284 2.7685546875000000e-01 -2.7166606741957366e-09 -1.6434569261036813e-09 -4.3601176002994180e-09
285 2.7783203125000000e-01 -2.7248461265116930e-09 -1.6470949049107730e-09 -4.3719410314224660e-09
286 2.7880859375000000e-01 -2.7303030947223306e-09 -1.6507328837178648e-09 -4.3810359784401953e-09
287 2.7978515625000000e-01 -2.7366695576347411e-09 -1.6552803572267294e-09 -4.3919499148614705e-09
288 2.8076171875000000e-01 -2.7448550099506974e-09 -1.6607373254373670e-09 -4.4055923353880644e-09
289 2.8173828125000000e-01 -2.7521309675648808e-09 -1.6643753042444587e-09 -4.4165062718093395e-09
290 2.8271484375000000e-01 -2.7575879357755184e-09 -1.6680132830515504e-09 -4.4256012188270688e-09
291 2.8369140625000000e-01 -2.7639543986879289e-09 -1.6716512618586421e-09 -4.4356056605465710e-09
292 2.8466796875000000e-01 -2.7730493457056582e-09 -1.6761987353675067e-09 -4.4492480810731649e-09
293 2.8564453125000000e-01 -2.7785063139162958e-09 -1.6807462088763714e-09 -4.4592525227926672e-09
294 2.8662109375000000e-01 -2.7839632821269333e-09 -1.6843841876834631e-09 -4.4683474698103964e-09
295 2.8759765625000000e-01 -2.7921487344428897e-09 -1.6898411558941007e-09 -4.4819898903369904e-09
296 2.8857421875000000e-01 -2.7976057026535273e-09 -1.6925696399994195e-09 -4.4901753426529467e-09
297 2.8955078125000000e-01 -2.8067006496712565e-09 -1.6980266082100570e-09 -4.5047272578813136e-09
298 2.9052734375000000e-01 -2.8139766072854400e-09 -1.7016645870171487e-09 -4.5156411943025887e-09
299 2.9150390625000000e-01 -2.8203430701978505e-09 -1.7062120605260134e-09 -4.5265551307238638e-09
300 2.9248046875000000e-01 -2.8258000384084880e-09 -1.7107595340348780e-09 -4.5365595724433661e-09
301 2.9345703125000000e-01 -2.8321665013208985e-09 -1.7134880181401968e-09 -4.5456545194610953e-09
302 2.9443359375000000e-01 -2.8403519536368549e-09 -1.7180354916490614e-09 -4.5583874452859163e-09
303 2.9541015625000000e-01 -2.8467184165492654e-09 -1.7207639757543802e-09 -4.5674823923036456e-09
304 2.9638671875000000e-01 -2.8521753847599030e-09 -1.7244019545614719e-09 -4.5765773393213749e-09
305 2.9736328125000000e-01 -2.8585418476723135e-09 -1.7298589227721095e-09 -4.5884007704444230e-09
306 2.9833984375000000e-01 -2.8630893211811781e-09 -1.7325874068774283e-09 -4.5956767280586064e-09
307 2.9931640625000000e-01 -2.8721842681989074e-09 -1.7371348803862929e-09 -4.6093191485852003e-09
308 3.0029296875000000e-01 -2.8785507311113179e-09 -1.7425918485969305e-09 -4.6211425797082484e-09
309 3.0126953125000000e-01 -2.8840076993219554e-09 -1.7453203327022493e-09 -4.6293280320242047e-09
310 3.0224609375000000e-01 -2.8894646675325930e-09 -1.7480488168075681e-09 -4.6375134843401611e-09
311 3.0322265625000000e-01 -2.8967406251467764e-09 -1.7516867956146598e-09 -4.6484274207614362e-09
312 3.0419921875000000e-01 -2.9049260774627328e-09 -1.7553247744217515e-09 -4.6602508518844843e-09
313 3.0517578125000000e-01 -2.9094735509715974e-09 -1.7607817426323891e-09 -4.6702552936039865e-09
314 3.0615234375000000e-01 -2.9149305191822350e-09 -1.7635102267377079e-09 -4.6784407459199429e-09
315 3.0712890625000000e-01 -2.9203874873928726e-09 -1.7671482055447996e-09 -4.6875356929376721e-09
316 3.0810546875000000e-01 -2.9303919291123748e-09 -1.7726051737554371e-09 -4.7029971028678119e-09
317 3.0908203125000000e-01 -2.9340299079194665e-09 -1.7744241631589830e-09 -4.7084540710784495e-09
318 3.1005859375000000e-01 -2.9413058655336499e-09 -1.7789716366678476e-09 -4.7202775022014976e-09
319 3.1103515625000000e-01 -2.9467628337442875e-09 -1.7826096154749393e-09 -4.7293724492192268e-09
320 3.1201171875000000e-01 -2.9522198019549251e-09 -1.7880665836855769e-09 -4.7402863856405020e-09
321 3.1298828125000000e-01 -2.9594957595691085e-09 -1.7880665836855769e-09 -4.7475623432546854e-09
322 3.1396484375000000e-01 -2.9631337383762002e-09 -1.7917045624926686e-09 -4.7548383008688688e-09
323 3.1494140625000000e-01 -2.9722286853939295e-09 -1.7989805201068521e-09 -4.7712092055007815e-09
324 3.1591796875000000e-01 -2.9740476747974753e-09 -1.7989805201068521e-09 -4.7730281949043274e-09
325 3.1689453125000000e-01 -2.9849616112187505e-09 -1.8044374883174896e-09 -4.7893990995362401e-09
326 3.1787109375000000e-01 -2.9922375688329339e-09 -1.8098944565281272e-09 -4.8021320253610611e-09
327 3.1884765625000000e-01 -2.9958755476400256e-09 -1.8117134459316730e-09 -4.8075889935716987e-09
328 3.1982421875000000e-01 -3.0031515052542090e-09 -1.8153514247387648e-09 -4.8185029299929738e-09
329 3.2080078125000000e-01 -3.0067894840613008e-09 -1.8189894035458565e-09 -4.8257788876071572e-09
330 3.2177734375000000e-01 -3.0104274628683925e-09 -1.8226273823529482e-09 -4.8330548452213407e-09
331 3.2275390625000000e-01 -3.0195224098861217e-09 -1.8280843505635858e-09 -4.8476067604497075e-09
332 3.2373046875000000e-01 -3.0249793780967593e-09 -1.8280843505635858e-09 -4.8530637286603451e-09
333 3.2470703125000000e-01 -3.0322553357109427e-09 -1.8335413187742233e-09 -4.8657966544851661e-09
334 3.2568359375000000e-01 -3.0358933145180345e-09 -1.8371792975813150e-09 -4.8730726120993495e-09
335 3.2666015625000000e-01 -3.0413502827286720e-09 -1.8389982869848609e-09 -4.8803485697135329e-09
336 3.2763671875000000e-01 -3.0468072509393096e-09 -1.8426362657919526e-09 -4.8894435167312622e-09
337 3.2861328125000000e-01 -3.0540832085534930e-09 -1.8462742445990443e-09 -4.9003574531525373e-09
338 3.2958984375000000e-01 -3.0540832085534930e-09 -1.8499122234061360e-09 -4.9039954319596291e-09
339 3.3056640625000000e-01 -3.0668161343783140e-09 -1.8553691916167736e-09 -4.9221853259950876e-09
340 3.3154296875000000e-01 -3.0704541131854057e-09 -1.8571881810203195e-09 -4.9276422942057252e-09
341 3.3251953125000000e-01 -3.0740920919924974e-09 -1.8571881810203195e-09 -4.9312802730128169e-09
342 3.3349609375000000e-01 -3.0795490602031350e-09 -1.8608261598274112e-09 -4.9403752200305462e-09
343 3.3447265625000000e-01 -3.0831870390102267e-09 -1.8662831280380487e-09 -4.9494701670482755e-09
344 3.3544921875000000e-01 -3.0886440072208643e-09 -1.8717400962486863e-09 -4.9603841034695506e-09
345 3.3642578125000000e-01 -3.0959199648350477e-09 -1.8735590856522322e-09 -4.9694790504872799e-09
346 3.3740234375000000e-01 -3.1013769330456853e-09 -1.8771970644593239e-09 -4.9785739975050092e-09
347 3.3837890625000000e-01 -3.1086528906598687e-09 -1.8790160538628697e-09 -4.9876689445227385e-09
348 3.3935546875000000e-01 -3.1122908694669604e-09 -1.8844730220735073e-09 -4.9967638915404677e-09
349 3.4033203125000000e-01 -3.1177478376775980e-09 -1.8844730220735073e-09 -5.0022208597511053e-09
350 3.4130859375000000e-01 -3.1195668270811439e-09 -1.8881110008805990e-09 -5.0076778279617429e-09
351 3.4228515625000000e-01 -3.1250237952917814e-09 -1.8899299902841449e-09 -5.0149537855759263e-09
352 3.4326171875000000e-01 -3.1322997529059649e-09 -1.8990249373018742e-09 -5.0313246902078390e-09
353 3.4423828125000000e-01 -3.1359377317130566e-09 -1.8990249373018742e-09 -5.0349626690149307e-09
354 3.4521484375000000e-01 -3.1432136893272400e-09 -1.8990249373018742e-09 -5.0422386266291142e-09
355 3.4619140625000000e-01 -3.1468516681343317e-09 -1.9044819055125117e-09 -5.0513335736468434e-09
356 3.4716796875000000e-01 -3.1504896469414234e-09 -1.9044819055125117e-09 -5.0549715524539351e-09
357 3.4814453125000000e-01 -3.1541276257485151e-09 -1.9081198843196034e-09 -5.0622475100681186e-09
358 3.4912109375000000e-01 -3.1614035833626986e-09 -1.9117578631266952e-09 -5.0731614464893937e-09
359 3.5009765625000000e-01 -3.1650415621697903e-09 -1.9153958419337869e-09 -5.0804374041035771e-09
360 3.5107421875000000e-01 -3.1704985303804278e-09 -1.9190338207408786e-09 -5.0895323511213064e-09
361 3.5205078125000000e-01 -3.1759554985910654e-09 -1.9226717995479703e-09 -5.0986272981390357e-09
362 3.5302734375000000e-01 -3.1850504456087947e-09 -1.9281287677586079e-09 -5.1131792133674026e-09
363 3.5400390625000000e-01 -3.1868694350123405e-09 -1.9281287677586079e-09 -5.1149982027709484e-09
364 3.5498046875000000e-01 -3.1941453926265240e-09 -1.9317667465656996e-09 -5.1259121391922235e-09
365 3.5595703125000000e-01 -3.1977833714336157e-09 -1.9354047253727913e-09 -5.1331880968064070e-09
366 3.5693359375000000e-01 -3.1996023608371615e-09 -1.9354047253727913e-09 -5.1350070862099528e-09
367 3.5791015625000000e-01 -3.2068783184513450e-09 -1.9426806829869747e-09 -5.1495590014383197e-09
368 3.5888671875000000e-01 -3.2086973078548908e-09 -1.9408616935834289e-09 -5.1495590014383197e-09
369 3.5986328125000000e-01 -3.2159732654690742e-09 -1.9444996723905206e-09 -5.1604729378595948e-09
370 3.6083984375000000e-01 -3.2214302336797118e-09 -1.9481376511976123e-09 -5.1695678848773241e-09
371 3.6181640625000000e-01 -3.2250682124868035e-09 -1.9517756300047040e-09 -5.1768438424915075e-09
372 3.6279296875000000e-01 -3.2287061912938952e-09 -1.9554136088117957e-09 -5.1841198001056910e-09
373 3.6376953125000000e-01 -3.2359821489080787e-09 -1.9590515876188874e-09 -5.1950337365269661e-09
374 3.6474609375000000e-01 -3.2378011383116245e-09 -1.9590515876188874e-09 -5.1968527259305120e-09
375 3.6572265625000000e-01 -3.2414391171187162e-09 -1.9608705770224333e-09 -5.2023096941411495e-09
376 3.6669921875000000e-01 -3.2487150747328997e-09 -1.9645085558295250e-09 -5.2132236305624247e-09
377 3.6767578125000000e-01 -3.2505340641364455e-09 -1.9663275452330709e-09 -5.2168616093695164e-09
378 3.6865234375000000e-01 -3.2541720429435372e-09 -1.9663275452330709e-09 -5.2204995881766081e-09
379 3.6962890625000000e-01 -3.2559910323470831e-09 -1.9717845134437084e-09 -5.2277755457907915e-09
380 3.7060546875000000e-01 -3.2632669899612665e-09 -1.9754224922508001e-09 -5.2386894822120667e-09
381 3.7158203125000000e-01 -3.2705429475754499e-09 -1.9808794604614377e-09 -5.2514224080368876e-09
382 3.7255859375000000e-01 -3.2705429475754499e-09 -1.9790604710578918e-09 -5.2496034186333418e-09
383 3.7353515625000000e-01 -3.2796378945931792e-09 -1.9808794604614377e-09 -5.2605173550546169e-09
384 3.7451171875000000e-01 -3.2814568839967251e-09 -1.9863364286720753e-09 -5.2677933126688004e-09
385 3.7548828125000000e-01 -3.2887328416109085e-09 -1.9881554180756211e-09 -5.2768882596865296e-09
386 3.7646484375000000e-01 -3.2887328416109085e-09 -1.9899744074791670e-09 -5.2787072490900755e-09
387 3.7744140625000000e-01 -3.2941898098215461e-09 -1.9899744074791670e-09 -5.2841642173007131e-09
388 3.7841796875000000e-01 -3.2978277886286378e-09 -1.9954313756898046e-09 -5.2932591643184423e-09
389 3.7939453125000000e-01 -3.3014657674357295e-09 -1.9972503650933504e-09 -5.2987161325290799e-09
390 3.8037109375000000e-01 -3.3069227356463671e-09 -1.9990693544968963e-09 -5.3059920901432633e-09
391 3.8134765625000000e-01 -3.3123797038570046e-09 -2.0027073333039880e-09 -5.3150870371609926e-09
392 3.8232421875000000e-01 -3.3160176826640964e-09 -2.0063453121110797e-09 -5.3223629947751760e-09
393 3.8330078125000000e-01 -3.3178366720676422e-09 -2.0045263227075338e-09 -5.3223629947751760e-09
394 3.8427734375000000e-01 -3.3251126296818256e-09 -2.0099832909181714e-09 -5.3350959205999970e-09
395 3.8525390625000000e-01 -3.3251126296818256e-09 -2.0081643015146255e-09 -5.3332769311964512e-09
396 3.8623046875000000e-01 -3.3342075766995549e-09 -2.0190782379359007e-09 -5.3532858146354556e-09
397 3.8720703125000000e-01 -3.3323885872960091e-09 -2.0172592485323548e-09 -5.3496478358283639e-09
398 3.8818359375000000e-01 -3.3396645449101925e-09 -2.0227162167429924e-09 -5.3623807616531849e-09
399 3.8916015625000000e-01 -3.3414835343137383e-09 -2.0190782379359007e-09 -5.3605617722496390e-09
400 3.9013671875000000e-01 -3.3414835343137383e-09 -2.0245352061465383e-09 -5.3660187404602766e-09
401 3.9111328125000000e-01 -3.3487594919279218e-09 -2.0245352061465383e-09 -5.3732946980744600e-09
402 3.9208984375000000e-01 -3.3487594919279218e-09 -2.0263541955500841e-09 -5.3751136874780059e-09
403 3.9306640625000000e-01 -3.3542164601385593e-09 -2.0299921743571758e-09 -5.3842086344957352e-09
404 3.9404296875000000e-01 -3.3596734283491969e-09 -2.0299921743571758e-09 -5.3896656027063727e-09
405 3.9501953125000000e-01 -3.3651303965598345e-09 -2.0354491425678134e-09 -5.4005795391276479e-09
406 3.9599609375000000e-01 -3.3651303965598345e-09 -2.0354491425678134e-09 -5.4005795391276479e-09
407 3.9697265625000000e-01 -3.3724063541740179e-09 -2.0427251001819968e-09 -5.4151314543560147e-09
408 3.9794921875000000e-01 -3.3742253435775638e-09 -2.0427251001819968e-09 -5.4169504437595606e-09
409 3.9892578125000000e-01 -3.3796823117882013e-09 -2.0445440895855427e-09 -5.4242264013737440e-09
410 3.9990234375000000e-01 -3.3778633223846555e-09 -2.0427251001819968e-09 -5.4205884225666523e-09
411 4.0087890625000000e-01 -3.3851392799988389e-09 -2.0481820683926344e-09 -5.4333213483914733e-09
412 4.0185546875000000e-01 -3.3869582694023848e-09 -2.0518200471997261e-09 -5.4387783166021109e-09
413 4.0283203125000000e-01 -3.3924152376130223e-09 -2.0518200471997261e-09 -5.4442352848127484e-09
414 4.0380859375000000e-01 -3.3942342270165682e-09 -2.0572770154103637e-09 -5.4515112424269319e-09
415 4.0478515625000000e-01 -3.3960532164201140e-09 -2.0554580260068178e-09 -5.4515112424269319e-09
416 4.0576171875000000e-01 -3.3996911952272058e-09 -2.0572770154103637e-09 -5.4569682106375694e-09
417 4.0673828125000000e-01 -3.4033291740342975e-09 -2.0572770154103637e-09 -5.4606061894446611e-09
418 4.0771484375000000e-01 -3.4069671528413892e-09 -2.0627339836210012e-09 -5.4697011364623904e-09
419 4.0869140625000000e-01 -3.4106051316484809e-09 -2.0609149942174554e-09 -5.4715201258659363e-09
420 4.0966796875000000e-01 -3.4124241210520267e-09 -2.0645529730245471e-09 -5.4769770940765738e-09
421 4.1064453125000000e-01 -3.4160620998591185e-09 -2.0645529730245471e-09 -5.4806150728836656e-09
422 4.1162109375000000e-01 -3.4178810892626643e-09 -2.0700099412351847e-09 -5.4878910304978490e-09
423 4.1259765625000000e-01 -3.4215190680697560e-09 -2.0718289306387305e-09 -5.4933479987084866e-09
424 4.1357421875000000e-01 -3.4251570468768477e-09 -2.0718289306387305e-09 -5.4969859775155783e-09
425 4.1455078125000000e-01 -3.4269760362803936e-09 -2.0754669094458222e-09 -5.5024429457262158e-09
426 4.1552734375000000e-01 -3.4287950256839395e-09 -2.0754669094458222e-09 -5.5042619351297617e-09
427 4.1650390625000000e-01 -3.4342519938945770e-09 -2.0772858988493681e-09 -5.5115378927439451e-09
428 4.1748046875000000e-01 -3.4342519938945770e-09 -2.0772858988493681e-09 -5.5115378927439451e-09
429 4.1845703125000000e-01 -3.4415279515087605e-09 -2.0791048882529140e-09 -5.5206328397616744e-09
430 4.1943359375000000e-01 -3.4415279515087605e-09 -2.0845618564635515e-09 -5.5260898079723120e-09
431 4.2041015625000000e-01 -3.4451659303158522e-09 -2.0827428670600057e-09 -5.5279087973758578e-09
432 4.2138671875000000e-01 -3.4488039091229439e-09 -2.0881998352706432e-09 -5.5370037443935871e-09
433 4.2236328125000000e-01 -3.4506228985264897e-09 -2.0863808458670974e-09 -5.5370037443935871e-09
434 4.2333984375000000e-01 -3.4506228985264897e-09 -2.0900188246741891e-09 -5.5406417232006788e-09
435 4.2431640625000000e-01 -3.4578988561406732e-09 -2.0900188246741891e-09 -5.5479176808148623e-09
436 4.2529296875000000e-01 -3.4560798667371273e-09 -2.0900188246741891e-09 -5.5460986914113164e-09
437 4.2626953125000000e-01 -3.4615368349477649e-09 -2.0918378140777349e-09 -5.5533746490254998e-09
438 4.2724609375000000e-01 -3.4633558243513107e-09 -2.0936568034812808e-09 -5.5570126278325915e-09
439 4.2822265625000000e-01 -3.4651748137548566e-09 -2.0954757928848267e-09 -5.5606506066396832e-09
440 4.2919921875000000e-01 -3.4633558243513107e-09 -2.0954757928848267e-09 -5.5588316172361374e-09
441 4.3017578125000000e-01 -3.4669938031584024e-09 -2.0954757928848267e-09 -5.5624695960432291e-09
442 4.3115234375000000e-01 -3.4706317819654942e-09 -2.0991137716919184e-09 -5.5697455536574125e-09
443 4.3212890625000000e-01 -3.4688127925619483e-09 -2.0991137716919184e-09 -5.5679265642538667e-09
444 4.3310546875000000e-01 -3.4779077395796776e-09 -2.1027517504990101e-09 -5.5806594900786877e-09
445 4.3408203125000000e-01 -3.4779077395796776e-09 -2.1027517504990101e-09 -5.5806594900786877e-09
446 4.3505859375000000e-01 -3.4815457183867693e-09 -2.1045707399025559e-09 -5.5861164582893252e-09
447 4.3603515625000000e-01 -3.4815457183867693e-09 -2.1063897293061018e-09 -5.5879354476928711e-09
448 4.3701171875000000e-01 -3.4870026865974069e-09 -2.1100277081131935e-09 -5.5970303947106004e-09
449 4.3798828125000000e-01 -3.4851836971938610e-09 -2.1082087187096477e-09 -5.5933924159035087e-09
450 4.3896484375000000e-01 -3.4906406654044986e-09 -2.1118466975167394e-09 -5.6024873629212379e-09
451 4.3994140625000000e-01 -3.4924596548080444e-09 -2.1136656869202852e-09 -5.6061253417283297e-09
452 4.4091796875000000e-01 -3.4924596548080444e-09 -2.1136656869202852e-09 -5.6061253417283297e-09
453 4.4189453125000000e-01 -3.4960976336151361e-09 -2.1154846763238311e-09 -5.6115823099389672e-09
454 4.4287109375000000e-01 -3.4942786442115903e-09 -2.1136656869202852e-09 -5.6079443311318755e-09
455 4.4384765625000000e-01 -3.5015546018257737e-09 -2.1191226551309228e-09 -5.6206772569566965e-09
456 4.4482421875000000e-01 -3.4997356124222279e-09 -2.1191226551309228e-09 -5.6188582675531507e-09
457 4.4580078125000000e-01 -3.5070115700364113e-09 -2.1209416445344687e-09 -5.6279532145708799e-09
458 4.4677734375000000e-01 -3.5033735912293196e-09 -2.1209416445344687e-09 -5.6243152357637882e-09
459 4.4775390625000000e-01 -3.5088305594399571e-09 -2.1227606339380145e-09 -5.6315911933779716e-09
460 4.4873046875000000e-01 -3.5088305594399571e-09 -2.1209416445344687e-09 -5.6297722039744258e-09
461 4.4970703125000000e-01 -3.5124685382470489e-09 -2.1245796233415604e-09 -5.6370481615886092e-09
462 4.5068359375000000e-01 -3.5142875276505947e-09 -2.1245796233415604e-09 -5.6388671509921551e-09
463 4.5166015625000000e-01 -3.5161065170541406e-09 -2.1245796233415604e-09 -5.6406861403957009e-09
464 4.5263671875000000e-01 -3.5124685382470489e-09 -2.1300365915521979e-09 -5.6425051297992468e-09
465 4.5361328125000000e-01 -3.5142875276505947e-09 -2.1282176021486521e-09 -5.6425051297992468e-09
466 4.5458984375000000e-01 -3.5161065170541406e-09 -2.1300365915521979e-09 -5.6461431086063385e-09
467 4.5556640625000000e-01 -3.5197444958612323e-09 -2.1318555809557438e-09 -5.6516000768169761e-09
468 4.5654296875000000e-01 -3.5233824746683240e-09 -2.1300365915521979e-09 -5.6534190662205219e-09
469 4.5751953125000000e-01 -3.5252014640718699e-09 -2.1318555809557438e-09 -5.6570570450276136e-09
470 4.5849609375000000e-01 -3.5233824746683240e-09 -2.1318555809557438e-09 -5.6552380556240678e-09
471 4.5947265625000000e-01 -3.5270204534754157e-09 -2.1354935597628355e-09 -5.6625140132382512e-09
472 4.6044921875000000e-01 -3.5270204534754157e-09 -2.1336745703592896e-09 -5.6606950238347054e-09
473 4.6142578125000000e-01 -3.5288394428789616e-09 -2.1354935597628355e-09 -5.6643330026417971e-09
474 4.6240234375000000e-01 -3.5306584322825074e-09 -2.1336745703592896e-09 -5.6643330026417971e-09
475 4.6337890625000000e-01 -3.5288394428789616e-09 -2.1409505279734731e-09 -5.6697899708524346e-09
476 4.6435546875000000e-01 -3.5342964110895991e-09 -2.1354935597628355e-09 -5.6697899708524346e-09
477 4.6533203125000000e-01 -3.5324774216860533e-09 -2.1373125491663814e-09 -5.6697899708524346e-09
478 4.6630859375000000e-01 -3.5379343898966908e-09 -2.1409505279734731e-09 -5.6788849178701639e-09
479 4.6728515625000000e-01 -3.5361154004931450e-09 -2.1373125491663814e-09 -5.6734279496595263e-09
480 4.6826171875000000e-01 -3.5415723687037826e-09 -2.1409505279734731e-09 -5.6825228966772556e-09
481 4.6923828125000000e-01 -3.5361154004931450e-09 -2.1391315385699272e-09 -5.6752469390630722e-09
482 4.7021484375000000e-01 -3.5415723687037826e-09 -2.1391315385699272e-09 -5.6807039072737098e-09
483 4.7119140625000000e-01 -3.5415723687037826e-09 -2.1427695173770189e-09 -5.6843418860808015e-09
484 4.7216796875000000e-01 -3.5415723687037826e-09 -2.1409505279734731e-09 -5.6825228966772556e-09
485 4.7314453125000000e-01 -3.5415723687037826e-09 -2.1464074961841106e-09 -5.6879798648878932e-09
486 4.7412109375000000e-01 -3.5433913581073284e-09 -2.1427695173770189e-09 -5.6861608754843473e-09
487 4.7509765625000000e-01 -3.5452103475108743e-09 -2.1464074961841106e-09 -5.6916178436949849e-09
488 4.7607421875000000e-01 -3.5470293369144201e-09 -2.1445885067805648e-09 -5.6916178436949849e-09
489 4.7705078125000000e-01 -3.5433913581073284e-09 -2.1464074961841106e-09 -5.6897988542914391e-09
490 4.7802734375000000e-01 -3.5470293369144201e-09 -2.1445885067805648e-09 -5.6916178436949849e-09
491 4.7900390625000000e-01 -3.5470293369144201e-09 -2.1482264855876565e-09 -5.6952558225020766e-09
492 4.7998046875000000e-01 -3.5452103475108743e-09 -2.1445885067805648e-09 -5.6897988542914391e-09
493 4.8095703125000000e-01 -3.5488483263179660e-09 -2.1482264855876565e-09 -5.6970748119056225e-09
494 4.8193359375000000e-01 -3.5470293369144201e-09 -2.1464074961841106e-09 -5.6934368330985308e-09
495 4.8291015625000000e-01 -3.5506673157215118e-09 -2.1445885067805648e-09 -5.6952558225020766e-09
496 4.8388671875000000e-01 -3.5524863051250577e-09 -2.1482264855876565e-09 -5.7007127907127142e-09
497 4.8486328125000000e-01 -3.5488483263179660e-09 -2.1464074961841106e-09 -5.6952558225020766e-09
498 4.8583984375000000e-01 -3.5524863051250577e-09 -2.1500454749912024e-09 -5.7025317801162601e-09
499 4.8681640625000000e-01 -3.5506673157215118e-09 -2.1464074961841106e-09 -5.6970748119056225e-09
500 4.8779296875000000e-01 -3.5524863051250577e-09 -2.1482264855876565e-09 -5.7007127907127142e-09
501 4.8876953125000000e-01 -3.5524863051250577e-09 -2.1500454749912024e-09 -5.7025317801162601e-09
502 4.8974609375000000e-01 -3.5524863051250577e-09 -2.1500454749912024e-09 -5.7025317801162601e-09
503 4.9072265625000000e-01 -3.5524863051250577e-09 -2.1482264855876565e-09 -5.7007127907127142e-09
504 4.9169921875000000e-01 -3.5524863051250577e-09 -2.1518644643947482e-09 -5.7043507695198059e-09
505 4.9267578125000000e-01 -3.5524863051250577e-09 -2.1464074961841106e-09 -5.6988938013091683e-09
506 4.9365234375000000e-01 -3.5561242839321494e-09 -2.1536834537982941e-09 -5.7098077377304435e-09
507 4.9462890625000000e-01 -3.5543052945286036e-09 -2.1482264855876565e-09 -5.7025317801162601e-09
508 4.9560546875000000e-01 -3.5579432733356953e-09 -2.1500454749912024e-09 -5.7079887483268976e-09
509 4.9658203125000000e-01 -3.5543052945286036e-09 -2.1482264855876565e-09 -5.7025317801162601e-09
510 4.9755859375000000e-01 -3.5543052945286036e-09 -2.1500454749912024e-09 -5.7043507695198059e-09
511 4.9853515625000000e-01 -3.5561242839321494e-09 -2.1518644643947482e-09 -5.7079887483268976e-09
512 4.9951171875000000e-01 -3.5543052945286036e-09 -2.1518644643947482e-09 -5.7061697589233518e-09
513 5.0048828125000000e-01 -3.5543052945286036e-09 -2.1518644643947482e-09 -5.7061697589233518e-09
514 5.0146484375000000e-01 -3.5561242839321494e-09 -2.1518644643947482e-09 -5.7079887483268976e-09
515 5.0244140625000000e-01 -3.5543052945286036e-09 -2.1500454749912024e-09 -5.7043507695198059e-09
516 5.0341796875000000e-01 -3.5543052945286036e-09 -2.1482264855876565e-09 -5.7025317801162601e-09
517 5.0439453125000000e-01 -3.5579432733356953e-09 -2.1500454749912024e-09 -5.7079887483268976e-09
518 5.0537109375000000e-01 -3.5543052945286036e-09 -2.1482264855876565e-09 -5.7025317801162601e-09
519 5.0634765625000000e-01 -3.5561242839321494e-09 -2.1536834537982941e-09 -5.7098077377304435e-09
520 5.0732421875000000e-01 -3.5524863051250577e-09 -2.1464074961841106e-09 -5.6988938013091683e-09
521 5.0830078125000000e-01 -3.5524863051250577e-09 -2.1518644643947482e-09 -5.7043507695198059e-09
522 5.0927734375000000e-01 -3.5524863051250577e-09 -2.1482264855876565e-09 -5.7007127907127142e-09
523 5.1025390625000000e-01 -3.5524863051250577e-09 -2.1500454749912024e-09 -5.7025317801162601e-09
524 5.1123046875000000e-01 -3.5524863051250577e-09 -2.1500454749912024e-09 -5.7025317801162601e-09
525 5.1220703125000000e-01 -3.5524863051250577e-09 -2.1482264855876565e-09 -5.7007127907127142e-09
526 5.1318359375000000e-01 -3.5506673157215118e-09 -2.1464074961841106e-09 -5.6970748119056225e-09
527 5.1416015625000000e-01 -3.5524863051250577e-09 -2.1500454749912024e-09 -5.7025317801162601e-09
528 5.1513671875000000e-01 -3.5488483263179660e-09 -2.1464074961841106e-09 -5.6952558225020766e-09
529 5.1611328125000000e-01 -3.5524863051250577e-09 -2.1482264855876565e-09 -5.7007127907127142e-09
530 5.1708984375000000e-01 -3.5506673157215118e-09 -2.1445885067805648e-09 -5.6952558225020766e-09
531 5.1806640625000000e-01 -3.5470293369144201e-09 -2.1464074961841106e-09 -5.6934368330985308e-09
532 5.1904296875000000e-01 -3.5488483263179660e-09 -2.1482264855876565e-09 -5.6970748119056225e-09
533 5.2001953125000000e-01 -3.5452103475108743e-09 -2.1445885067805648e-09 -5.6897988542914391e-09
534 5.2099609375000000e-01 -3.5470293369144201e-09 -2.1482264855876565e-09 -5.6952558225020766e-09
535 5.2197265625000000e-01 -3.5470293369144201e-09 -2.1445885067805648e-09 -5.6916178436949849e-09
536 5.2294921875000000e-01 -3.5433913581073284e-09 -2.1464074961841106e-09 -5.6897988542914391e-09
537 5.2392578125000000e-01 -3.5470293369144201e-09 -2.1445885067805648e-09 -5.6916178436949849e-09
538 5.2490234375000000e-01 -3.5452103475108743e-09 -2.1464074961841106e-09 -5.6916178436949849e-09
539 5.2587890625000000e-01 -3.5433913581073284e-09 -2.1427695173770189e-09 -5.6861608754843473e-09
540 5.2685546875000000e-01 -3.5415723687037826e-09 -2.1464074961841106e-09 -5.6879798648878932e-09
541 5.2783203125000000e-01 -3.5415723687037826e-09 -2.1409505279734731e-09 -5.6825228966772556e-09
542 5.2880859375000000e-01 -3.5415723687037826e-09 -2.1427695173770189e-09 -5.6843418860808015e-09
543 5.2978515625000000e-01 -3.5415723687037826e-09 -2.1391315385699272e-09 -5.6807039072737098e-09
544 5.3076171875000000e-01 -3.5361154004931450e-09 -2.1391315385699272e-09 -5.6752469390630722e-09
545 5.3173828125000000e-01 -3.5415723687037826e-09 -2.1409505279734731e-09 -5.6825228966772556e-09
546 5.3271484375000000e-01 -3.5361154004931450e-09 -2.1373125491663814e-09 -5.6734279496595263e-09
547 5.3369140625000000e-01 -3.5379343898966908e-09 -2.1409505279734731e-09 -5.6788849178701639e-09
548 5.3466796875000000e-01 -3.5324774216860533e-09 -2.1373125491663814e-09 -5.6697899708524346e-09
549 5.3564453125000000e-01 -3.5342964110895991e-09 -2.1354935597628355e-09 -5.6697899708524346e-09
550 5.3662109375000000e-01 -3.5288394428789616e-09 -2.1409505279734731e-09 -5.6697899708524346e-09
551 5.3759765625000000e-01 -3.5306584322825074e-09 -2.1336745703592896e-09 -5.6643330026417971e-09
552 5.3857421875000000e-01 -3.5288394428789616e-09 -2.1354935597628355e-09 -5.6643330026417971e-09
553 5.3955078125000000e-01 -3.5270204534754157e-09 -2.1336745703592896e-09 -5.6606950238347054e-09
554 5.4052734375000000e-01 -3.5270204534754157e-09 -2.1354935597628355e-09 -5.6625140132382512e-09
555 5.4150390625000000e-01 -3.5215634852647781e-09 -2.1318555809557438e-09 -5.6534190662205219e-09
556 5.4248046875000000e-01 -3.5233824746683240e-09 -2.1318555809557438e-09 -5.6552380556240678e-09
557 5.4345703125000000e-01 -3.5233824746683240e-09 -2.1300365915521979e-09 -5.6534190662205219e-09
558 5.4443359375000000e-01 -3.5197444958612323e-09 -2.1318555809557438e-09 -5.6516000768169761e-09
559 5.4541015625000000e-01 -3.5161065170541406e-09 -2.1300365915521979e-09 -5.6461431086063385e-09
560 5.4638671875000000e-01 -3.5142875276505947e-09 -2.1282176021486521e-09 -5.6425051297992468e-09
561 5.4736328125000000e-01 -3.5124685382470489e-09 -2.1300365915521979e-09 -5.6425051297992468e-09
562 5.4833984375000000e-01 -3.5161065170541406e-09 -2.1263986127451062e-09 -5.6425051297992468e-09
563 5.4931640625000000e-01 -3.5142875276505947e-09 -2.1245796233415604e-09 -5.6388671509921551e-09
564 5.5029296875000000e-01 -3.5124685382470489e-09 -2.1227606339380145e-09 -5.6352291721850634e-09
565 5.5126953125000000e-01 -3.5088305594399571e-09 -2.1209416445344687e-09 -5.6297722039744258e-09
566 5.5224609375000000e-01 -3.5088305594399571e-09 -2.1227606339380145e-09 -5.6315911933779716e-09
567 5.5322265625000000e-01 -3.5033735912293196e-09 -2.1209416445344687e-09 -5.6243152357637882e-09
568 5.5419921875000000e-01 -3.5070115700364113e-09 -2.1209416445344687e-09 -5.6279532145708799e-09
569 5.5517578125000000e-01 -3.4997356124222279e-09 -2.1191226551309228e-09 -5.6188582675531507e-09
570 5.5615234375000000e-01 -3.5015546018257737e-09 -2.1191226551309228e-09 -5.6206772569566965e-09
571 5.5712890625000000e-01 -3.4942786442115903e-09 -2.1136656869202852e-09 -5.6079443311318755e-09
572 5.5810546875000000e-01 -3.4960976336151361e-09 -2.1154846763238311e-09 -5.6115823099389672e-09
573 5.5908203125000000e-01 -3.4906406654044986e-09 -2.1136656869202852e-09 -5.6043063523247838e-09
574 5.6005859375000000e-01 -3.4924596548080444e-09 -2.1136656869202852e-09 -5.6061253417283297e-09
575 5.6103515625000000e-01 -3.4906406654044986e-09 -2.1118466975167394e-09 -5.6024873629212379e-09
576 5.6201171875000000e-01 -3.4851836971938610e-09 -2.1100277081131935e-09 -5.5952114053070545e-09
577 5.6298828125000000e-01 -3.4870026865974069e-09 -2.1100277081131935e-09 -5.5970303947106004e-09
578 5.6396484375000000e-01 -3.4815457183867693e-09 -2.1063897293061018e-09 -5.5879354476928711e-09
579 5.6494140625000000e-01 -3.4815457183867693e-09 -2.1045707399025559e-09 -5.5861164582893252e-09
580 5.6591796875000000e-01 -3.4760887501761317e-09 -2.1027517504990101e-09 -5.5788405006751418e-09
581 5.6689453125000000e-01 -3.4779077395796776e-09 -2.1027517504990101e-09 -5.5806594900786877e-09
582 5.6787109375000000e-01 -3.4688127925619483e-09 -2.0972947822883725e-09 -5.5661075748503208e-09
583 5.6884765625000000e-01 -3.4706317819654942e-09 -2.0991137716919184e-09 -5.5697455536574125e-09
584 5.6982421875000000e-01 -3.4651748137548566e-09 -2.0972947822883725e-09 -5.5624695960432291e-09
585 5.7080078125000000e-01 -3.4651748137548566e-09 -2.0954757928848267e-09 -5.5606506066396832e-09
586 5.7177734375000000e-01 -3.4651748137548566e-09 -2.0954757928848267e-09 -5.5606506066396832e-09
587 5.7275390625000000e-01 -3.4633558243513107e-09 -2.0936568034812808e-09 -5.5570126278325915e-09
588 5.7373046875000000e-01 -3.4615368349477649e-09 -2.0918378140777349e-09 -5.5533746490254998e-09
589 5.7470703125000000e-01 -3.4560798667371273e-09 -2.0900188246741891e-09 -5.5460986914113164e-09
590 5.7568359375000000e-01 -3.4578988561406732e-09 -2.0900188246741891e-09 -5.5479176808148623e-09
591 5.7666015625000000e-01 -3.4506228985264897e-09 -2.0900188246741891e-09 -5.5406417232006788e-09
592 5.7763671875000000e-01 -3.4524418879300356e-09 -2.0863808458670974e-09 -5.5388227337971330e-09
593 5.7861328125000000e-01 -3.4488039091229439e-09 -2.0881998352706432e-09 -5.5370037443935871e-09
594 5.7958984375000000e-01 -3.4451659303158522e-09 -2.0827428670600057e-09 -5.5279087973758578e-09
595 5.8056640625000000e-01 -3.4415279515087605e-09 -2.0827428670600057e-09 -5.5242708185687661e-09
596 5.8154296875000000e-01 -3.4415279515087605e-09 -2.0791048882529140e-09 -5.5206328397616744e-09
597 5.8251953125000000e-01 -3.4342519938945770e-09 -2.0772858988493681e-09 -5.5115378927439451e-09
598 5.8349609375000000e-01 -3.4324330044910312e-09 -2.0772858988493681e-09 -5.5097189033403993e-09
599 5.8447265625000000e-01 -3.4306140150874853e-09 -2.0754669094458222e-09 -5.5060809245333076e-09
600 5.8544921875000000e-01 -3.4269760362803936e-09 -2.0736479200422764e-09 -5.5006239563226700e-09
601 5.8642578125000000e-01 -3.4251570468768477e-09 -2.0718289306387305e-09 -5.4969859775155783e-09
602 5.8740234375000000e-01 -3.4215190680697560e-09 -2.0718289306387305e-09 -5.4933479987084866e-09
603 5.8837890625000000e-01 -3.4178810892626643e-09 -2.0700099412351847e-09 -5.4878910304978490e-09
604 5.8935546875000000e-01 -3.4160620998591185e-09 -2.0645529730245471e-09 -5.4806150728836656e-09
605 5.9033203125000000e-01 -3.4124241210520267e-09 -2.0645529730245471e-09 -5.4769770940765738e-09
606 5.9130859375000000e-01 -3.4087861422449350e-09 -2.0627339836210012e-09 -5.4715201258659363e-09
607 5.9228515625000000e-01 -3.4069671528413892e-09 -2.0627339836210012e-09 -5.4697011364623904e-09
608 5.9326171875000000e-01 -3.4015101846307516e-09 -2.0590960048139095e-09 -5.4606061894446611e-09
609 5.9423828125000000e-01 -3.3996911952272058e-09 -2.0572770154103637e-09 -5.4569682106375694e-09
610 5.9521484375000000e-01 -3.3960532164201140e-09 -2.0554580260068178e-09 -5.4515112424269319e-09
611 5.9619140625000000e-01 -3.3942342270165682e-09 -2.0572770154103637e-09 -5.4515112424269319e-09
612 5.9716796875000000e-01 -3.3924152376130223e-09 -2.0518200471997261e-09 -5.4442352848127484e-09
613 5.9814453125000000e-01 -3.3851392799988389e-09 -2.0518200471997261e-09 -5.4369593271985650e-09
614 5.9912109375000000e-01 -3.3851392799988389e-09 -2.0463630789890885e-09 -5.4315023589879274e-09
615 6.0009765625000000e-01 -3.3778633223846555e-09 -2.0445440895855427e-09 -5.4224074119701982e-09
616 6.0107421875000000e-01 -3.3796823117882013e-09 -2.0445440895855427e-09 -5.4242264013737440e-09
617 6.0205078125000000e-01 -3.3724063541740179e-09 -2.0427251001819968e-09 -5.4151314543560147e-09
618 6.0302734375000000e-01 -3.3724063541740179e-09 -2.0427251001819968e-09 -5.4151314543560147e-09
619 6.0400390625000000e-01 -3.3651303965598345e-09 -2.0354491425678134e-09 -5.4005795391276479e-09
620 6.0498046875000000e-01 -3.3633114071562886e-09 -2.0372681319713593e-09 -5.4005795391276479e-09
621 6.0595703125000000e-01 -3.3596734283491969e-09 -2.0299921743571758e-09 -5.3896656027063727e-09
622 6.0693359375000000e-01 -3.3542164601385593e-09 -2.0299921743571758e-09 -5.3842086344957352e-09
623 6.0791015625000000e-01 -3.3487594919279218e-09 -2.0263541955500841e-09 -5.3751136874780059e-09
624 6.0888671875000000e-01 -3.3469405025243759e-09 -2.0263541955500841e-09 -5.3732946980744600e-09
625 6.0986328125000000e-01 -3.3433025237172842e-09 -2.0245352061465383e-09 -5.3678377298638225e-09
626 6.1083984375000000e-01 -3.3433025237172842e-09 -2.0208972273394465e-09 -5.3641997510567307e-09
627 6.1181640625000000e-01 -3.3396645449101925e-09 -2.0227162167429924e-09 -5.3623807616531849e-09
628 6.1279296875000000e-01 -3.3323885872960091e-09 -2.0172592485323548e-09 -5.3496478358283639e-09
629 6.1376953125000000e-01 -3.3342075766995549e-09 -2.0190782379359007e-09 -5.3532858146354556e-09
630 6.1474609375000000e-01 -3.3251126296818256e-09 -2.0081643015146255e-09 -5.3332769311964512e-09
631 6.1572265625000000e-01 -3.3251126296818256e-09 -2.0099832909181714e-09 -5.3350959205999970e-09
632 6.1669921875000000e-01 -3.3178366720676422e-09 -2.0063453121110797e-09 -5.3241819841787219e-09
633 6.1767578125000000e-01 -3.3160176826640964e-09 -2.0063453121110797e-09 -5.3223629947751760e-09
634 6.1865234375000000e-01 -3.3105607144534588e-09 -2.0027073333039880e-09 -5.3132680477574468e-09
635 6.1962890625000000e-01 -3.3069227356463671e-09 -1.9990693544968963e-09 -5.3059920901432633e-09
636 6.2060546875000000e-01 -3.3014657674357295e-09 -1.9972503650933504e-09 -5.2987161325290799e-09
637 6.2158203125000000e-01 -3.2978277886286378e-09 -1.9954313756898046e-09 -5.2932591643184423e-09
638 6.2255859375000000e-01 -3.2941898098215461e-09 -1.9899744074791670e-09 -5.2841642173007131e-09
639 6.2353515625000000e-01 -3.2905518310144544e-09 -1.9917933968827128e-09 -5.2823452278971672e-09
640 6.2451171875000000e-01 -3.2887328416109085e-09 -1.9881554180756211e-09 -5.2768882596865296e-09
641 6.2548828125000000e-01 -3.2814568839967251e-09 -1.9881554180756211e-09 -5.2696123020723462e-09
642 6.2646484375000000e-01 -3.2796378945931792e-09 -1.9826984498649836e-09 -5.2623363444581628e-09
643 6.2744140625000000e-01 -3.2705429475754499e-09 -1.9790604710578918e-09 -5.2496034186333418e-09
644 6.2841796875000000e-01 -3.2705429475754499e-09 -1.9808794604614377e-09 -5.2514224080368876e-09
645 6.2939453125000000e-01 -3.2632669899612665e-09 -1.9754224922508001e-09 -5.2386894822120667e-09
646 6.3037109375000000e-01 -3.2578100217506289e-09 -1.9717845134437084e-09 -5.2295945351943374e-09
647 6.3134765625000000e-01 -3.2559910323470831e-09 -1.9681465346366167e-09 -5.2241375669836998e-09
648 6.3232421875000000e-01 -3.2505340641364455e-09 -1.9663275452330709e-09 -5.2168616093695164e-09
649 6.3330078125000000e-01 -3.2487150747328997e-09 -1.9645085558295250e-09 -5.2132236305624247e-09
650 6.3427734375000000e-01 -3.2432581065222621e-09 -1.9590515876188874e-09 -5.2023096941411495e-09
651 6.3525390625000000e-01 -3.2378011383116245e-09 -1.9608705770224333e-09 -5.1986717153340578e-09
652 6.3623046875000000e-01 -3.2341631595045328e-09 -1.9572325982153416e-09 -5.1913957577198744e-09
653 6.3720703125000000e-01 -3.2287061912938952e-09 -1.9554136088117957e-09 -5.1841198001056910e-09
654 6.3818359375000000e-01 -3.2250682124868035e-09 -1.9517756300047040e-09 -5.1768438424915075e-09
655 6.3916015625000000e-01 -3.2196112442761660e-09 -1.9499566406011581e-09 -5.1695678848773241e-09
656 6.4013671875000000e-01 -3.2159732654690742e-09 -1.9444996723905206e-09 -5.1604729378595948e-09
657 6.4111328125000000e-01 -3.2086973078548908e-09 -1.9408616935834289e-09 -5.1495590014383197e-09
658 6.4208984375000000e-01 -3.2050593290477991e-09 -1.9390427041798830e-09 -5.1441020332276821e-09
659 6.4306640625000000e-01 -3.1996023608371615e-09 -1.9354047253727913e-09 -5.1350070862099528e-09
660 6.4404296875000000e-01 -3.1977833714336157e-09 -1.9335857359692454e-09 -5.1313691074028611e-09
661 6.4501953125000000e-01 -3.1941453926265240e-09 -1.9317667465656996e-09 -5.1259121391922235e-09
662 6.4599609375000000e-01 -3.1850504456087947e-09 -1.9263097783550620e-09 -5.1113602239638567e-09
663 6.4697265625000000e-01 -3.1850504456087947e-09 -1.9281287677586079e-09 -5.1131792133674026e-09
664 6.4794921875000000e-01 -3.1759554985910654e-09 -1.9226717995479703e-09 -5.0986272981390357e-09
665 6.4892578125000000e-01 -3.1704985303804278e-09 -1.9190338207408786e-09 -5.0895323511213064e-09
666 6.4990234375000000e-01 -3.1650415621697903e-09 -1.9172148313373327e-09 -5.0822563935071230e-09
667 6.5087890625000000e-01 -3.1614035833626986e-09 -1.9117578631266952e-09 -5.0731614464893937e-09
668 6.5185546875000000e-01 -3.1541276257485151e-09 -1.9081198843196034e-09 -5.0622475100681186e-09
669 6.5283203125000000e-01 -3.1504896469414234e-09 -1.9044819055125117e-09 -5.0549715524539351e-09
670 6.5380859375000000e-01 -3.1486706575378776e-09 -1.9063008949160576e-09 -5.0549715524539351e-09
671 6.5478515625000000e-01 -3.1432136893272400e-09 -1.8990249373018742e-09 -5.0422386266291142e-09
672 6.5576171875000000e-01 -3.1395757105201483e-09 -1.9008439267054200e-09 -5.0404196372255683e-09
673 6.5673828125000000e-01 -3.1341187423095107e-09 -1.8972059478983283e-09 -5.0313246902078390e-09
674 6.5771484375000000e-01 -3.1268427846953273e-09 -1.8917489796876907e-09 -5.0185917643830180e-09
675 6.5869140625000000e-01 -3.1232048058882356e-09 -1.8899299902841449e-09 -5.0131347961723804e-09
676 6.5966796875000000e-01 -3.1177478376775980e-09 -1.8844730220735073e-09 -5.0022208597511053e-09
677 6.6064453125000000e-01 -3.1104718800634146e-09 -1.8844730220735073e-09 -4.9949449021369219e-09
678 6.6162109375000000e-01 -3.1086528906598687e-09 -1.8790160538628697e-09 -4.9876689445227385e-09
679 6.6259765625000000e-01 -3.1013769330456853e-09 -1.8771970644593239e-09 -4.9785739975050092e-09
680 6.6357421875000000e-01 -3.0941009754315019e-09 -1.8735590856522322e-09 -4.9676600610837340e-09
681 6.6455078125000000e-01 -3.0886440072208643e-09 -1.8717400962486863e-09 -4.9603841034695506e-09
682 6.6552734375000000e-01 -3.0831870390102267e-09 -1.8662831280380487e-09 -4.9494701670482755e-09
683 6.6650390625000000e-01 -3.0777300707995892e-09 -1.8626451492309570e-09 -4.9403752200305462e-09
684 6.6748046875000000e-01 -3.0740920919924974e-09 -1.8571881810203195e-09 -4.9312802730128169e-09
685 6.6845703125000000e-01 -3.0686351237818599e-09 -1.8571881810203195e-09 -4.9258233048021793e-09
686 6.6943359375000000e-01 -3.0649971449747682e-09 -1.8553691916167736e-09 -4.9203663365915418e-09
687 6.7041015625000000e-01 -3.0595401767641306e-09 -1.8499122234061360e-09 -4.9094524001702666e-09
688 6.7138671875000000e-01 -3.0540832085534930e-09 -1.8480932340025902e-09 -4.9021764425560832e-09
689 6.7236328125000000e-01 -3.0486262403428555e-09 -1.8426362657919526e-09 -4.8912625061348081e-09
690 6.7333984375000000e-01 -3.0413502827286720e-09 -1.8389982869848609e-09 -4.8803485697135329e-09
691 6.7431640625000000e-01 -3.0377123039215803e-09 -1.8353603081777692e-09 -4.8730726120993495e-09
692 6.7529296875000000e-01 -3.0322553357109427e-09 -1.8353603081777692e-09 -4.8676156438887119e-09
693 6.7626953125000000e-01 -3.0231603886932135e-09 -1.8280843505635858e-09 -4.8512447392567992e-09
694 6.7724609375000000e-01 -3.0195224098861217e-09 -1.8280843505635858e-09 -4.8476067604497075e-09
695 6.7822265625000000e-01 -3.0104274628683925e-09 -1.8226273823529482e-09 -4.8330548452213407e-09
696 6.7919921875000000e-01 -3.0067894840613008e-09 -1.8189894035458565e-09 -4.8257788876071572e-09
697 6.8017578125000000e-01 -3.0031515052542090e-09 -1.8153514247387648e-09 -4.8185029299929738e-09
698 6.8115234375000000e-01 -2.9958755476400256e-09 -1.8098944565281272e-09 -4.8057700041681528e-09
699 6.8212890625000000e-01 -2.9904185794293880e-09 -1.8117134459316730e-09 -4.8021320253610611e-09
700 6.8310546875000000e-01 -2.9849616112187505e-09 -1.8044374883174896e-09 -4.7893990995362401e-09
701 6.8408203125000000e-01 -2.9740476747974753e-09 -1.7989805201068521e-09 -4.7730281949043274e-09
702 6.8505859375000000e-01 -2.9722286853939295e-09 -1.7971615307033062e-09 -4.7693902160972357e-09
703 6.8603515625000000e-01 -2.9649527277797461e-09 -1.7935235518962145e-09 -4.7584762796759605e-09
704 6.8701171875000000e-01 -2.9576767701655626e-09 -1.7880665836855769e-09 -4.7457433538511395e-09
705 6.8798828125000000e-01 -2.9522198019549251e-09 -1.7844286048784852e-09 -4.7366484068334103e-09
706 6.8896484375000000e-01 -2.9467628337442875e-09 -1.7826096154749393e-09 -4.7293724492192268e-09
707 6.8994140625000000e-01 -2.9413058655336499e-09 -1.7771526472643018e-09 -4.7184585127979517e-09
708 6.9091796875000000e-01 -2.9340299079194665e-09 -1.7735146684572101e-09 -4.7075445763766766e-09
709 6.9189453125000000e-01 -2.9294824344106019e-09 -1.7698766896501184e-09 -4.6993591240607202e-09
710 6.9287109375000000e-01 -2.9212969820946455e-09 -1.7662387108430266e-09 -4.6875356929376721e-09
711 6.9384765625000000e-01 -2.9158400138840079e-09 -1.7635102267377079e-09 -4.6793502406217158e-09
712 6.9482421875000000e-01 -2.9112925403751433e-09 -1.7616912373341620e-09 -4.6729837777093053e-09
713 6.9580078125000000e-01 -2.9031070880591869e-09 -1.7562342691235244e-09 -4.6593413571827114e-09
714 6.9677734375000000e-01 -2.8985596145503223e-09 -1.7507773009128869e-09 -4.6493369154632092e-09
715 6.9775390625000000e-01 -2.8894646675325930e-09 -1.7489583115093410e-09 -4.6384229790419340e-09
716 6.9873046875000000e-01 -2.8840076993219554e-09 -1.7435013432987034e-09 -4.6275090426206589e-09
717 6.9970703125000000e-01 -2.8785507311113179e-09 -1.7407728591933846e-09 -4.6193235903047025e-09
718 7.0068359375000000e-01 -2.8721842681989074e-09 -1.7371348803862929e-09 -4.6093191485852003e-09
719 7.0166015625000000e-01 -2.8639988158829510e-09 -1.7325874068774283e-09 -4.5965862227603793e-09
720 7.0263671875000000e-01 -2.8567228582687676e-09 -1.7289494280703366e-09 -4.5856722863391042e-09
721 7.0361328125000000e-01 -2.8512658900581300e-09 -1.7253114492632449e-09 -4.5765773393213749e-09
722 7.0458984375000000e-01 -2.8458089218474925e-09 -1.7198544810526073e-09 -4.5656634029000998e-09
723 7.0556640625000000e-01 -2.8394424589350820e-09 -1.7180354916490614e-09 -4.5574779505841434e-09
724 7.0654296875000000e-01 -2.8321665013208985e-09 -1.7143975128419697e-09 -4.5465640141628683e-09
725 7.0751953125000000e-01 -2.8267095331102610e-09 -1.7098500393331051e-09 -4.5365595724433661e-09
726 7.0849609375000000e-01 -2.8203430701978505e-09 -1.7062120605260134e-09 -4.5265551307238638e-09
727 7.0947265625000000e-01 -2.8112481231801212e-09 -1.7007550923153758e-09 -4.5120032154954970e-09
728 7.1044921875000000e-01 -2.8048816602677107e-09 -1.6971171135082841e-09 -4.5019987737759948e-09
729 7.1142578125000000e-01 -2.7976057026535273e-09 -1.6925696399994195e-09 -4.4901753426529467e-09
730 7.1240234375000000e-01 -2.7903297450393438e-09 -1.6898411558941007e-09 -4.4801709009334445e-09
731 7.1337890625000000e-01 -2.7830537874251604e-09 -1.6843841876834631e-09 -4.4674379751086235e-09
732 7.1435546875000000e-01 -2.7785063139162958e-09 -1.6807462088763714e-09 -4.4592525227926672e-09
733 7.1533203125000000e-01 -2.7730493457056582e-09 -1.6761987353675067e-09 -4.4492480810731649e-09
734 7.1630859375000000e-01 -2.7648638933897018e-09 -1.6716512618586421e-09 -4.4365151552483439e-09
735 7.1728515625000000e-01 -2.7575879357755184e-09 -1.6680132830515504e-09 -4.4256012188270688e-09
736 7.1826171875000000e-01 -2.7512214728631079e-09 -1.6643753042444587e-09 -4.4155967771075666e-09
737 7.1923828125000000e-01 -2.7439455152489245e-09 -1.6607373254373670e-09 -4.4046828406862915e-09
738 7.2021484375000000e-01 -2.7366695576347411e-09 -1.6543708625249565e-09 -4.3910404201596975e-09
739 7.2119140625000000e-01 -2.7303030947223306e-09 -1.6525518731214106e-09 -4.3828549678437412e-09
740 7.2216796875000000e-01 -2.7239366318099201e-09 -1.6470949049107730e-09 -4.3710315367206931e-09
741 7.2314453125000000e-01 -2.7166606741957366e-09 -1.6443664208054543e-09 -4.3610270950011909e-09
742 7.2412109375000000e-01 -2.7102942112833261e-09 -1.6389094525948167e-09 -4.3492036638781428e-09
743 7.2509765625000000e-01 -2.7011992642655969e-09 -1.6343619790859520e-09 -4.3355612433515489e-09
744 7.2607421875000000e-01 -2.6948328013531864e-09 -1.6316334949806333e-09 -4.3264662963338196e-09
745 7.2705078125000000e-01 -2.6875568437390029e-09 -1.6270860214717686e-09 -4.3146428652107716e-09
746 7.2802734375000000e-01 -2.6811903808265924e-09 -1.6225385479629040e-09 -4.3037289287894964e-09
747 7.2900390625000000e-01 -2.6739144232124090e-09 -1.6198100638575852e-09 -4.2937244870699942e-09
748 7.2998046875000000e-01 -2.6666384655982256e-09 -1.6143530956469476e-09 -4.2809915612451732e-09
749 7.3095703125000000e-01 -2.6584530132822692e-09 -1.6098056221380830e-09 -4.2682586354203522e-09
750 7.3193359375000000e-01 -2.6520865503698587e-09 -1.6052581486292183e-09 -4.2573446989990771e-09
751 7.3291015625000000e-01 -2.6448105927556753e-09 -1.5998011804185808e-09 -4.2446117731742561e-09
752 7.3388671875000000e-01 -2.6375346351414919e-09 -1.5970726963132620e-09 -4.2346073314547539e-09
753 7.3486328125000000e-01 -2.6311681722290814e-09 -1.5916157281026244e-09 -4.2227839003317058e-09
754 7.3583984375000000e-01 -2.6229827199131250e-09 -1.5879777492955327e-09 -4.2109604692086577e-09
755 7.3681640625000000e-01 -2.6175257517024875e-09 -1.5843397704884410e-09 -4.2018655221909285e-09
756 7.3779296875000000e-01 -2.6075213099829853e-09 -1.5770638128742576e-09 -4.1845851228572428e-09
757 7.3876953125000000e-01 -2.6011548470705748e-09 -1.5734258340671659e-09 -4.1745806811377406e-09
758 7.3974609375000000e-01 -2.5920599000528455e-09 -1.5688783605583012e-09 -4.1609382606111467e-09
759 7.4072265625000000e-01 -2.5856934371404350e-09 -1.5643308870494366e-09 -4.1500243241898715e-09
760 7.4169921875000000e-01 -2.5784174795262516e-09 -1.5597834135405719e-09 -4.1382008930668235e-09
761 7.4267578125000000e-01 -2.5693225325085223e-09 -1.5543264453299344e-09 -4.1236489778384566e-09
762 7.4365234375000000e-01 -2.5620465748943388e-09 -1.5506884665228426e-09 -4.1127350414171815e-09
763 7.4462890625000000e-01 -2.5556801119819283e-09 -1.5452314983122051e-09 -4.1009116102941334e-09
764 7.4560546875000000e-01 -2.5474946596659720e-09 -1.5406840248033404e-09 -4.0881786844693124e-09
765 7.4658203125000000e-01 -2.5411281967535615e-09 -1.5370460459962487e-09 -4.0781742427498102e-09
766 7.4755859375000000e-01 -2.5320332497358322e-09 -1.5315890777856112e-09 -4.0636223275214434e-09
767 7.4853515625000000e-01 -2.5256667868234217e-09 -1.5279510989785194e-09 -4.0536178858019412e-09
768 7.4951171875000000e-01 -2.5174813345074654e-09 -1.5234036254696548e-09 -4.0408849599771202e-09
769 7.5048828125000000e-01 -2.5111148715950549e-09 -1.5179466572590172e-09 -4.0290615288540721e-09
770 7.5146484375000000e-01 -2.5038389139808714e-09 -1.5152181731536984e-09 -4.0190570871345699e-09
771 7.5244140625000000e-01 -2.4947439669631422e-09 -1.5097612049430609e-09 -4.0045051719062030e-09
772 7.5341796875000000e-01 -2.4865585146471858e-09 -1.5043042367324233e-09 -3.9908627513796091e-09
773 7.5439453125000000e-01 -2.4792825570330024e-09 -1.4988472685217857e-09 -3.9781298255547881e-09
774 7.5537109375000000e-01 -2.4710971047170460e-09 -1.4952092897146940e-09 -3.9663063944317400e-09
775 7.5634765625000000e-01 -2.4638211471028626e-09 -1.4906618162058294e-09 -3.9544829633086920e-09
776 7.5732421875000000e-01 -2.4547262000851333e-09 -1.4852048479951918e-09 -3.9399310480803251e-09
777 7.5830078125000000e-01 -2.4483597371727228e-09 -1.4806573744863272e-09 -3.9290171116590500e-09
778 7.5927734375000000e-01 -2.4392647901549935e-09 -1.4752004062756896e-09 -3.9144651964306831e-09
779 7.6025390625000000e-01 -2.4310793378390372e-09 -1.4715624274685979e-09 -3.9026417653076351e-09
780 7.6123046875000000e-01 -2.4238033802248538e-09 -1.4651959645561874e-09 -3.8889993447810411e-09
781 7.6220703125000000e-01 -2.4147084332071245e-09 -1.4606484910473228e-09 -3.8753569242544472e-09
782 7.6318359375000000e-01 -2.4074324755929410e-09 -1.4570105122402310e-09 -3.8644429878331721e-09
783 7.6416015625000000e-01 -2.3983375285752118e-09 -1.4506440493278205e-09 -3.8489815779030323e-09
784 7.6513671875000000e-01 -2.3901520762592554e-09 -1.4460965758189559e-09 -3.8362486520782113e-09
785 7.6611328125000000e-01 -2.3837856133468449e-09 -1.4424585970118642e-09 -3.8262442103587091e-09
786 7.6708984375000000e-01 -2.3765096557326615e-09 -1.4379111235029995e-09 -3.8144207792356610e-09
787 7.6806640625000000e-01 -2.3683242034167051e-09 -1.4333636499941349e-09 -3.8016878534108400e-09
788 7.6904296875000000e-01 -2.3601387511007488e-09 -1.4288161764852703e-09 -3.7889549275860190e-09
789 7.7001953125000000e-01 -2.3510438040830195e-09 -1.4215402188710868e-09 -3.7725840229541063e-09
790 7.7099609375000000e-01 -2.3419488570652902e-09 -1.4169927453622222e-09 -3.7589416024275124e-09
791 7.7197265625000000e-01 -2.3355823941528797e-09 -1.4133547665551305e-09 -3.7489371607080102e-09
792 7.7294921875000000e-01 -2.3264874471351504e-09 -1.4069883036427200e-09 -3.7334757507778704e-09
793 7.7392578125000000e-01 -2.3192114895209670e-09 -1.4033503248356283e-09 -3.7225618143565953e-09
794 7.7490234375000000e-01 -2.3092070478014648e-09 -1.3969838619232178e-09 -3.7061909097246826e-09
795 7.7587890625000000e-01 -2.3019310901872814e-09 -1.3933458831161261e-09 -3.6952769733034074e-09
796 7.7685546875000000e-01 -2.2946551325730979e-09 -1.3869794202037156e-09 -3.6816345527768135e-09
797 7.7783203125000000e-01 -2.2846506908535957e-09 -1.3824319466948509e-09 -3.6670826375484467e-09
798 7.7880859375000000e-01 -2.2764652385376394e-09 -1.3751559890806675e-09 -3.6516212276183069e-09
799 7.7978515625000000e-01 -2.2691892809234560e-09 -1.3742464943788946e-09 -3.6434357753023505e-09
800 7.8076171875000000e-01 -2.2600943339057267e-09 -1.3669705367647111e-09 -3.6270648706704378e-09
801 7.8173828125000000e-01 -2.2509993868879974e-09 -1.3615135685540736e-09 -3.6125129554420710e-09
802 7.8271484375000000e-01 -2.2437234292738140e-09 -1.3560566003434360e-09 -3.5997800296172500e-09
803 7.8369140625000000e-01 -2.2346284822560847e-09 -1.3515091268345714e-09 -3.5861376090906560e-09
804 7.8466796875000000e-01 -2.2255335352383554e-09 -1.3460521586239338e-09 -3.5715856938622892e-09
805 7.8564453125000000e-01 -2.2173480829223990e-09 -1.3415046851150692e-09 -3.5588527680374682e-09
806 7.8662109375000000e-01 -2.2073436412028968e-09 -1.3360477169044316e-09 -3.5433913581073284e-09
807 7.8759765625000000e-01 -2.1991581888869405e-09 -1.3305907486937940e-09 -3.5297489375807345e-09
808 7.8857421875000000e-01 -2.1900632418692112e-09 -1.3242242857813835e-09 -3.5142875276505947e-09
809 7.8955078125000000e-01 -2.1818777895532548e-09 -1.3205863069742918e-09 -3.5024640965275466e-09
810 7.9052734375000000e-01 -2.1755113266408443e-09 -1.3160388334654272e-09 -3.4915501601062715e-09
811 7.9150390625000000e-01 -2.1655068849213421e-09 -1.3105818652547896e-09 -3.4760887501761317e-09
812 7.9248046875000000e-01 -2.1582309273071587e-09 -1.3069438864476979e-09 -3.4651748137548566e-09
813 7.9345703125000000e-01 -2.1482264855876565e-09 -1.2996679288335145e-09 -3.4478944144211709e-09
814 7.9443359375000000e-01 -2.1391315385699272e-09 -1.2951204553246498e-09 -3.4342519938945770e-09
815 7.9541015625000000e-01 -2.1300365915521979e-09 -1.2887539924122393e-09 -3.4187905839644372e-09
816 7.9638671875000000e-01 -2.1227606339380145e-09 -1.2842065189033747e-09 -3.4069671528413892e-09
817 7.9736328125000000e-01 -2.1118466975167394e-09 -1.2787495506927371e-09 -3.3905962482094765e-09
818 7.9833984375000000e-01 -2.1045707399025559e-09 -1.2723830877803266e-09 -3.3769538276828825e-09
819 7.9931640625000000e-01 -2.0954757928848267e-09 -1.2678356142714620e-09 -3.3633114071562886e-09
820 8.0029296875000000e-01 -2.0863808458670974e-09 -1.2623786460608244e-09 -3.3487594919279218e-09
821 8.0126953125000000e-01 -2.0781953935511410e-09 -1.2578311725519598e-09 -3.3360265661031008e-09
822 8.0224609375000000e-01 -2.0691004465334117e-09 -1.2523742043413222e-09 -3.3214746508747339e-09
823 8.0322265625000000e-01 -2.0609149942174554e-09 -1.2460077414289117e-09 -3.3069227356463671e-09
824 8.0419921875000000e-01 -2.0518200471997261e-09 -1.2423697626218200e-09 -3.2941898098215461e-09
825 8.0517578125000000e-01 -2.0418156054802239e-09 -1.2360032997094095e-09 -3.2778189051896334e-09
826 8.0615234375000000e-01 -2.0336301531642675e-09 -1.2305463314987719e-09 -3.2641764846630394e-09
827 8.0712890625000000e-01 -2.0245352061465383e-09 -1.2241798685863614e-09 -3.2487150747328997e-09
828 8.0810546875000000e-01 -2.0163497538305819e-09 -1.2196323950774968e-09 -3.2359821489080787e-09
829 8.0908203125000000e-01 -2.0081643015146255e-09 -1.2141754268668592e-09 -3.2223397283814847e-09
830 8.1005859375000000e-01 -1.9972503650933504e-09 -1.2078089639544487e-09 -3.2050593290477991e-09
831 8.1103515625000000e-01 -1.9890649127773941e-09 -1.2041709851473570e-09 -3.1932358979247510e-09
832 8.1201171875000000e-01 -1.9790604710578918e-09 -1.1978045222349465e-09 -3.1768649932928383e-09
833 8.1298828125000000e-01 -1.9681465346366167e-09 -1.1914380593225360e-09 -3.1595845939591527e-09
834 8.1396484375000000e-01 -1.9608705770224333e-09 -1.1878000805154443e-09 -3.1486706575378776e-09
835 8.1494140625000000e-01 -1.9508661353029311e-09 -1.1814336176030338e-09 -3.1322997529059649e-09
836 8.1591796875000000e-01 -1.9426806829869747e-09 -1.1741576599888504e-09 -3.1168383429758251e-09
837 8.1689453125000000e-01 -1.9335857359692454e-09 -1.1696101864799857e-09 -3.1031959224492311e-09
838 8.1787109375000000e-01 -1.9235812942497432e-09 -1.1650627129711211e-09 -3.0886440072208643e-09
839 8.1884765625000000e-01 -1.9144863472320139e-09 -1.1596057447604835e-09 -3.0740920919924974e-09
840 8.1982421875000000e-01 -1.9044819055125117e-09 -1.1523297871463001e-09 -3.0568116926588118e-09
841 8.2080078125000000e-01 -1.8953869584947824e-09 -1.1459633242338896e-09 -3.0413502827286720e-09
842 8.2177734375000000e-01 -1.8872015061788261e-09 -1.1423253454267979e-09 -3.0295268516056240e-09
843 8.2275390625000000e-01 -1.8781065591610968e-09 -1.1359588825143874e-09 -3.0140654416754842e-09
844 8.2373046875000000e-01 -1.8708306015469134e-09 -1.1314114090055227e-09 -3.0022420105524361e-09
845 8.2470703125000000e-01 -1.8590071704238653e-09 -1.1250449460931122e-09 -2.9840521165169775e-09
846 8.2568359375000000e-01 -1.8508217181079090e-09 -1.1204974725842476e-09 -2.9713191906921566e-09
847 8.2666015625000000e-01 -1.8399077816866338e-09 -1.1132215149700642e-09 -2.9531292966566980e-09
848 8.2763671875000000e-01 -1.8317223293706775e-09 -1.1086740414611995e-09 -2.9403963708318770e-09
849 8.2861328125000000e-01 -1.8217178876511753e-09 -1.1013980838470161e-09 -2.9231159714981914e-09
850 8.2958984375000000e-01 -1.8135324353352189e-09 -1.0986695997416973e-09 -2.9122020350769162e-09
851 8.3056640625000000e-01 -1.8026184989139438e-09 -1.0895746527239680e-09 -2.8921931516379118e-09
852 8.3154296875000000e-01 -1.7944330465979874e-09 -1.0859366739168763e-09 -2.8803697205148637e-09
853 8.3251953125000000e-01 -1.7862475942820311e-09 -1.0795702110044658e-09 -2.8658178052864969e-09
854 8.3349609375000000e-01 -1.7753336578607559e-09 -1.0732037480920553e-09 -2.8485374059528112e-09
855 8.3447265625000000e-01 -1.7662387108430266e-09 -1.0686562745831907e-09 -2.8348949854262173e-09
856 8.3544921875000000e-01 -1.7571437638252974e-09 -1.0641088010743260e-09 -2.8212525648996234e-09
857 8.3642578125000000e-01 -1.7462298274040222e-09 -1.0568328434601426e-09 -2.8030626708641648e-09
858 8.3740234375000000e-01 -1.7380443750880659e-09 -1.0522853699512780e-09 -2.7903297450393438e-09
859 8.3837890625000000e-01 -1.7271304386667907e-09 -1.0459189070388675e-09 -2.7730493457056582e-09
860 8.3935546875000000e-01 -1.7198544810526073e-09 -1.0413714335300028e-09 -2.7612259145826101e-09
861 8.4033203125000000e-01 -1.7080310499295592e-09 -1.0331859812140465e-09 -2.7412170311436057e-09
862 8.4130859375000000e-01 -1.6998455976136029e-09 -1.0286385077051818e-09 -2.7284841053187847e-09
863 8.4228515625000000e-01 -1.6898411558941007e-09 -1.0222720447927713e-09 -2.7121132006868720e-09
864 8.4326171875000000e-01 -1.6798367141745985e-09 -1.0177245712839067e-09 -2.6975612854585052e-09
865 8.4423828125000000e-01 -1.6707417671568692e-09 -1.0104486136697233e-09 -2.6811903808265924e-09
866 8.4521484375000000e-01 -1.6607373254373670e-09 -1.0049916454590857e-09 -2.6657289708964527e-09
867 8.4619140625000000e-01 -1.6516423784196377e-09 -9.9862518254667521e-10 -2.6502675609663129e-09
868 8.4716796875000000e-01 -1.6416379367001355e-09 -9.9407770903781056e-10 -2.6357156457379460e-09
869 8.4814453125000000e-01 -1.6325429896824062e-09 -9.8771124612540007e-10 -2.6202542358078063e-09
870 8.4912109375000000e-01 -1.6216290532611310e-09 -9.8225427791476250e-10 -2.6038833311758935e-09
871 8.5009765625000000e-01 -1.6134436009451747e-09 -9.7588781500235200e-10 -2.5893314159475267e-09
872 8.5107421875000000e-01 -1.6034391592256725e-09 -9.7043084679171443e-10 -2.5738700060173869e-09
873 8.5205078125000000e-01 -1.5925252228043973e-09 -9.6315488917753100e-10 -2.5556801119819283e-09
874 8.5302734375000000e-01 -1.5834302757866681e-09 -9.5951691037043929e-10 -2.5429471861571074e-09
875 8.5400390625000000e-01 -1.5743353287689388e-09 -9.5224095275625587e-10 -2.5265762815251946e-09
876 8.5498046875000000e-01 -1.5634213923476636e-09 -9.4769347924739122e-10 -2.5111148715950549e-09
877 8.5595703125000000e-01 -1.5543264453299344e-09 -9.3950802693143487e-10 -2.4938344722613692e-09
878 8.5693359375000000e-01 -1.5452314983122051e-09 -9.3496055342257023e-10 -2.4801920517347753e-09
879 8.5791015625000000e-01 -1.5343175618909299e-09 -9.2950358521193266e-10 -2.4638211471028626e-09
880 8.5888671875000000e-01 -1.5252226148732007e-09 -9.2404661700129509e-10 -2.4492692318744957e-09
881 8.5986328125000000e-01 -1.5143086784519255e-09 -9.1586116468533874e-10 -2.4301698431372643e-09
882 8.6083984375000000e-01 -1.5052137314341962e-09 -9.1131369117647409e-10 -2.4165274226106703e-09
883 8.6181640625000000e-01 -1.4952092897146940e-09 -9.0494722826406360e-10 -2.4001565179787576e-09
884 8.6279296875000000e-01 -1.4842953532934189e-09 -8.9858076535165310e-10 -2.3828761186450720e-09
885 8.6376953125000000e-01 -1.4761099009774625e-09 -8.9312379714101553e-10 -2.3692336981184781e-09
886 8.6474609375000000e-01 -1.4656507119070739e-09 -8.8675733422860503e-10 -2.3524080461356789e-09
887 8.6572265625000000e-01 -1.4551915228366852e-09 -8.7948137661442161e-10 -2.3346728994511068e-09
888 8.6669921875000000e-01 -1.4456418284680694e-09 -8.7402440840378404e-10 -2.3196662368718535e-09
889 8.6767578125000000e-01 -1.4347278920467943e-09 -8.6856744019314647e-10 -2.3032953322399408e-09
890 8.6865234375000000e-01 -1.4256329450290650e-09 -8.6265572463162243e-10 -2.2882886696606874e-09
891 8.6962890625000000e-01 -1.4160832506604493e-09 -8.5674400907009840e-10 -2.2728272597305477e-09
892 8.7060546875000000e-01 -1.4060788089409471e-09 -8.4992279880680144e-10 -2.2560016077477485e-09
893 8.7158203125000000e-01 -1.3956196198705584e-09 -8.4492057794705033e-10 -2.2405401978176087e-09
894 8.7255859375000000e-01 -1.3860699255019426e-09 -8.3855411503463984e-10 -2.2246240405365825e-09
895 8.7353515625000000e-01 -1.3760654837824404e-09 -8.3264239947311580e-10 -2.2087078832555562e-09
896 8.7451171875000000e-01 -1.3656062947120517e-09 -8.2536644185893238e-10 -2.1909727365709841e-09
897 8.7548828125000000e-01 -1.3556018529925495e-09 -8.2036422099918127e-10 -2.1759660739917308e-09
898 8.7646484375000000e-01 -1.3451426639221609e-09 -8.1308826338499784e-10 -2.1582309273071587e-09
899 8.7744140625000000e-01 -1.3346834748517722e-09 -8.0808604252524674e-10 -2.1427695173770189e-09
900 8.7841796875000000e-01 -1.3251337804831564e-09 -8.0171957961283624e-10 -2.1268533600959927e-09
901 8.7939453125000000e-01 -1.3151293387636542e-09 -7.9580786405131221e-10 -2.1109372028149664e-09
902 8.8037109375000000e-01 -1.3046701496932656e-09 -7.8898665378801525e-10 -2.0936568034812808e-09
903 8.8134765625000000e-01 -1.2942109606228769e-09 -7.8307493822649121e-10 -2.0772858988493681e-09
904 8.8232421875000000e-01 -1.2837517715524882e-09 -7.7716322266496718e-10 -2.0609149942174554e-09
905 8.8330078125000000e-01 -1.2737473298329860e-09 -7.7034201240167022e-10 -2.0440893422346562e-09
906 8.8427734375000000e-01 -1.2632881407625973e-09 -7.6443029684014618e-10 -2.0277184376027435e-09
907 8.8525390625000000e-01 -1.2532836990430951e-09 -7.5851858127862215e-10 -2.0118022803217173e-09
908 8.8623046875000000e-01 -1.2437340046744794e-09 -7.5215211836621165e-10 -1.9958861230406910e-09
909 8.8720703125000000e-01 -1.2332748156040907e-09 -7.4624040280468762e-10 -1.9795152184087783e-09
910 8.8818359375000000e-01 -1.2228156265337020e-09 -7.4032868724316359e-10 -1.9631443137768656e-09
911 8.8916015625000000e-01 -1.2132659321650863e-09 -7.3396222433075309e-10 -1.9472281564958394e-09
912 8.9013671875000000e-01 -1.2023519957438111e-09 -7.2759576141834259e-10 -1.9299477571621537e-09
913 8.9111328125000000e-01 -1.1923475540243089e-09 -7.2122929850593209e-10 -1.9135768525302410e-09
914 8.9208984375000000e-01 -1.1814336176030338e-09 -7.1486283559352160e-10 -1.8962964531965554e-09
915 8.9306640625000000e-01 -1.1709744285326451e-09 -7.0895112003199756e-10 -1.8799255485646427e-09
916 8.9404296875000000e-01 -1.1614247341640294e-09 -7.0258465711958706e-10 -1.8640093912836164e-09
917 8.9501953125000000e-01 -1.1509655450936407e-09 -6.9667294155806303e-10 -1.8476384866517037e-09
918 8.9599609375000000e-01 -1.1405063560232520e-09 -6.8985173129476607e-10 -1.8303580873180181e-09
919 8.9697265625000000e-01 -1.1305019143037498e-09 -6.8439476308412850e-10 -1.8148966773878783e-09
920 8.9794921875000000e-01 -1.1200427252333611e-09 -6.7757355282083154e-10 -1.7976162780541927e-09
921 8.9892578125000000e-01 -1.1095835361629725e-09 -6.7166183725930750e-10 -1.7812453734222800e-09
922 8.9990234375000000e-01 -1.1000338417943567e-09 -6.6529537434689701e-10 -1.7653292161412537e-09
923 9.0087890625000000e-01 -1.0891199053730816e-09 -6.5892891143448651e-10 -1.7480488168075681e-09
924 9.0185546875000000e-01 -1.0791154636535794e-09 -6.5256244852207601e-10 -1.7316779121756554e-09
925 9.0283203125000000e-01 -1.0672920325305313e-09 -6.4619598560966551e-10 -1.7134880181401968e-09
926 9.0380859375000000e-01 -1.0572875908110291e-09 -6.3982952269725502e-10 -1.6971171135082841e-09
927 9.0478515625000000e-01 -1.0472831490915269e-09 -6.3391780713573098e-10 -1.6812009562272578e-09
928 9.0576171875000000e-01 -1.0368239600211382e-09 -6.2800609157420695e-10 -1.6648300515953451e-09
929 9.0673828125000000e-01 -1.0268195183016360e-09 -6.2027538660913706e-10 -1.6470949049107730e-09
930 9.0771484375000000e-01 -1.0172698239330202e-09 -6.1527316574938595e-10 -1.6325429896824062e-09
931 9.0869140625000000e-01 -1.0045368981081992e-09 -6.0708771343342960e-10 -1.6116246115416288e-09
932 9.0966796875000000e-01 -9.9544195109046996e-10 -6.0254023992456496e-10 -1.5979821910150349e-09
933 9.1064453125000000e-01 -9.8452801466919482e-10 -5.9571902966126800e-10 -1.5802470443304628e-09
934 9.1162109375000000e-01 -9.7406882559880614e-10 -5.8935256674885750e-10 -1.5634213923476636e-09
935 9.1259765625000000e-01 -9.6406438387930393e-10 -5.8344085118733346e-10 -1.5475052350666374e-09
936 9.1357421875000000e-01 -9.5360519480891526e-10 -5.7661964092403650e-10 -1.5302248357329518e-09
937 9.1455078125000000e-01 -9.4269125838764012e-10 -5.6979843066073954e-10 -1.5124896890483797e-09
938 9.1552734375000000e-01 -9.3223206931725144e-10 -5.6434146245010197e-10 -1.4965735317673534e-09
939 9.1650390625000000e-01 -9.2086338554508984e-10 -5.5661075748503208e-10 -1.4774741430301219e-09
940 9.1748046875000000e-01 -9.1085894382558763e-10 -5.5160853662528098e-10 -1.4624674804508686e-09
941 9.1845703125000000e-01 -9.0130924945697188e-10 -5.4524207371287048e-10 -1.4465513231698424e-09
942 9.1943359375000000e-01 -8.8948581833392382e-10 -5.3796611609868705e-10 -1.4274519344326109e-09
943 9.2041015625000000e-01 -8.7993612396530807e-10 -5.3250914788804948e-10 -1.4124452718533576e-09
944 9.2138671875000000e-01 -8.6856744019314647e-10 -5.2523319027386606e-10 -1.3938006304670125e-09
945 9.2236328125000000e-01 -8.5810825112275779e-10 -5.2023096941411495e-10 -1.3783392205368727e-09
946 9.2333984375000000e-01 -8.4764906205236912e-10 -5.1295501179993153e-10 -1.3606040738523006e-09
947 9.2431640625000000e-01 -8.3764462033286691e-10 -5.0658854888752103e-10 -1.3442331692203879e-09
948 9.2529296875000000e-01 -8.2673068391159177e-10 -5.0022208597511053e-10 -1.3269527698867023e-09
949 9.2626953125000000e-01 -8.1581674749031663e-10 -4.9249138101004064e-10 -1.3083081285003573e-09
950 9.2724609375000000e-01 -8.0535755841992795e-10 -4.8748916015028954e-10 -1.2928467185702175e-09
951 9.2822265625000000e-01 -7.9444362199865282e-10 -4.8021320253610611e-10 -1.2746568245347589e-09
952 9.2919921875000000e-01 -7.8443918027915061e-10 -4.7430148697458208e-10 -1.2587406672537327e-09
953 9.3017578125000000e-01 -7.7352524385787547e-10 -4.6793502406217158e-10 -1.2414602679200470e-09
954 9.3115234375000000e-01 -7.6306605478748679e-10 -4.6202330850064754e-10 -1.2250893632881343e-09
955 9.3212890625000000e-01 -7.5169737101532519e-10 -4.5520209823735058e-10 -1.2068994692526758e-09
956 9.3310546875000000e-01 -7.4169292929582298e-10 -4.4883563532494009e-10 -1.1905285646207631e-09
957 9.3408203125000000e-01 -7.3055161919910461e-10 -4.4178705138619989e-10 -1.1723386705853045e-09
958 9.3505859375000000e-01 -7.2009243012871593e-10 -4.3542058847378939e-10 -1.1555130186025053e-09
959 9.3603515625000000e-01 -7.0986061473377049e-10 -4.2905412556137890e-10 -1.1389147402951494e-09
960 9.3701171875000000e-01 -6.9849193096160889e-10 -4.2268766264896840e-10 -1.1211795936105773e-09
961 9.3798828125000000e-01 -6.8826011556666344e-10 -4.1632119973655790e-10 -1.1045813153032213e-09
962 9.3896484375000000e-01 -6.7689143179450184e-10 -4.0972736314870417e-10 -1.0866187949432060e-09
963 9.3994140625000000e-01 -6.6665961639955640e-10 -4.0336090023629367e-10 -1.0700205166358501e-09
964 9.4091796875000000e-01 -6.5620042732916772e-10 -3.9699443732388318e-10 -1.0531948646530509e-09
965 9.4189453125000000e-01 -6.4505911723244935e-10 -3.9017322706058621e-10 -1.0352323442930356e-09
966 9.4287109375000000e-01 -6.3482730183750391e-10 -3.8403413782361895e-10 -1.0188614396611229e-09
967 9.4384765625000000e-01 -6.2368599174078554e-10 -3.7744030123576522e-10 -1.0011262929765508e-09
968 9.4482421875000000e-01 -6.1299942899495363e-10 -3.7061909097246826e-10 -9.8361851996742189e-10
969 9.4580078125000000e-01 -6.0208549257367849e-10 -3.6425262806005776e-10 -9.6633812063373625e-10
970 9.4677734375000000e-01 -5.9185367717873305e-10 -3.5788616514764726e-10 -9.4973984232638031e-10
971 9.4775390625000000e-01 -5.8071236708201468e-10 -3.5151970223523676e-10 -9.3223206931725144e-10
972 9.4873046875000000e-01 -5.7002580433618277e-10 -3.4492586564738303e-10 -9.1495166998356581e-10
973 9.4970703125000000e-01 -5.5933924159035087e-10 -3.3878677641041577e-10 -8.9812601800076663e-10
974 9.5068359375000000e-01 -5.4865267884451896e-10 -3.3219293982256204e-10 -8.8084561866708100e-10
975 9.5166015625000000e-01 -5.3796611609868705e-10 -3.2537172955926508e-10 -8.6333784565795213e-10
976 9.5263671875000000e-01 -5.2659743232652545e-10 -3.1855051929596812e-10 -8.4514795162249357e-10
977 9.5361328125000000e-01 -5.1613824325613678e-10 -3.1241143005900085e-10 -8.2854967331513762e-10
978 9.5458984375000000e-01 -5.0522430683486164e-10 -3.0536284612026066e-10 -8.1058715295512229e-10
979 9.5556640625000000e-01 -4.9476511776447296e-10 -2.9899638320785016e-10 -7.9376150097232312e-10
980 9.5654296875000000e-01 -4.8385118134319782e-10 -2.9240254661999643e-10 -7.7625372796319425e-10
981 9.5751953125000000e-01 -4.7316461859736592e-10 -2.8603608370758593e-10 -7.5920070230495185e-10
982 9.5849609375000000e-01 -4.6202330850064754e-10 -2.8012436814606190e-10 -7.4214767664670944e-10
983 9.5947265625000000e-01 -4.5156411943025887e-10 -2.7307578420732170e-10 -7.2463990363758057e-10
984 9.6044921875000000e-01 -4.3996806198265404e-10 -2.6648194761946797e-10 -7.0645000960212201e-10
985 9.6142578125000000e-01 -4.3019099393859506e-10 -2.5988811103161424e-10 -6.9007910497020930e-10
986 9.6240234375000000e-01 -4.1859493649099022e-10 -2.5329427444376051e-10 -6.7188921093475074e-10
987 9.6337890625000000e-01 -4.0790837374515831e-10 -2.4692781153135002e-10 -6.5483618527650833e-10
988 9.6435546875000000e-01 -3.9744918467476964e-10 -2.4033397494349629e-10 -6.3778315961826593e-10
989 9.6533203125000000e-01 -3.8653524825349450e-10 -2.3396751203108579e-10 -6.2050276028458029e-10
990 9.6630859375000000e-01 -3.7539393815677613e-10 -2.2714630176778883e-10 -6.0254023992456496e-10
991 9.6728515625000000e-01 -3.6459368857322261e-10 -2.2066615201765671e-10 -5.8525984059087932e-10
992 9.6826171875000000e-01 -3.5402081266511232e-10 -2.1429968910524622e-10 -5.6832050177035853e-10
993 9.6923828125000000e-01 -3.4299318940611556e-10 -2.0770585251739249e-10 -5.5069904192350805e-10
994 9.7021484375000000e-01 -3.3207925298484042e-10 -2.0099832909181714e-10 -5.3307758207665756e-10
995 9.7119140625000000e-01 -3.2093794288812205e-10 -1.9417711882852018e-10 -5.1511506171664223e-10
996 9.7216796875000000e-01 -3.1047875381773338e-10 -1.8792434275383130e-10 -4.9840309657156467e-10
997 9.7314453125000000e-01 -2.9933744372101501e-10 -1.8110313249053434e-10 -4.8044057621154934e-10
998 9.7412109375000000e-01 -2.8853719413746148e-10 -1.7462298274040222e-10 -4.6316017687786371e-10
999 9.7509765625000000e-01 -2.7807800506707281e-10 -1.6825651982799172e-10 -4.4633452489506453e-10
1000 9.7607421875000000e-01 -2.6716406864579767e-10 -1.6166268324013799e-10 -4.2882675188593566e-10
1001 9.7705078125000000e-01 -2.5613644538680092e-10 -1.5495515981456265e-10 -4.1109160520136356e-10
1002 9.7802734375000000e-01 -2.4510882212780416e-10 -1.4813394955126569e-10 -3.9324277167906985e-10
1003 9.7900390625000000e-01 -2.3453594621969387e-10 -1.4199486031429842e-10 -3.7653080653399229e-10
1004 9.7998046875000000e-01 -2.2339463612297550e-10 -1.3517365005100146e-10 -3.5856828617397696e-10
1005 9.8095703125000000e-01 -2.1270807337714359e-10 -1.2869350030086935e-10 -3.4140157367801294e-10
1006 9.8193359375000000e-01 -2.0145307644270360e-10 -1.2187229003757238e-10 -3.2332536648027599e-10
1007 9.8291015625000000e-01 -1.9088020053459331e-10 -1.1550582712516189e-10 -3.0638602765975520e-10
1008 9.8388671875000000e-01 -1.7990942069445737e-10 -1.0885514711844735e-10 -2.8876456781290472e-10
1009 9.8486328125000000e-01 -1.6876811059773900e-10 -1.0214762369287200e-10 -2.7091573429061100e-10
1010 9.8583984375000000e-01 -1.5836576494621113e-10 -9.5781160780461505e-11 -2.5414692572667263e-10
1011 9.8681640625000000e-01 -1.4722445484949276e-10 -8.9073637354886159e-11 -2.3629809220437892e-10
1012 9.8779296875000000e-01 -1.3625367500935681e-10 -8.2422957348171622e-11 -2.1867663235752843e-10
1013 9.8876953125000000e-01 -1.2528289516922086e-10 -7.5715433922596276e-11 -2.0099832909181714e-10
1014 9.8974609375000000e-01 -1.1476686267997138e-10 -6.9348971010185778e-11 -1.8411583369015716e-10
1015 9.9072265625000000e-01 -1.0362555258325301e-10 -6.2641447584610432e-11 -1.6626700016786344e-10
1016 9.9169921875000000e-01 -9.2654772743117064e-11 -5.6104454415617511e-11 -1.4875922715873457e-10
1017 9.9267578125000000e-01 -8.1570306065259501e-11 -4.9368509280611761e-11 -1.3093881534587126e-10
1018 9.9365234375000000e-01 -7.1082695285440423e-11 -4.3058889787062071e-11 -1.1414158507250249e-10
1019 9.9462890625000000e-01 -5.9941385188722052e-11 -3.6294522942625917e-11 -9.6235908131347969e-11
1020 9.9560546875000000e-01 -4.8856918510864489e-11 -2.9558577807620168e-11 -7.8415496318484657e-11
1021 9.9658203125000000e-01 -3.8383518585760612e-11 -2.3206325749924872e-11 -6.1589844335685484e-11
1022 9.9755859375000000e-01 -2.7227997634327039e-11 -1.6484591469634324e-11 -4.3712589103961363e-11
1023 9.9853515625000000e-01 -1.6370904631912708e-11 -9.8978603091381956e-12 -2.6268764941050904e-11
1024 9.9951171875000000e-01 2.2871535758639538e-06 1.3722921146097633e-06 3.6594456904737171e-06
