# P x u_num u_exact u_err v_num v_exact v_err psi_num psi_exact psi_err
1 2.4414062500000000e-04 7.5935842002815409e-04 7.5935863755843607e-04 -2.1753028198179258e-10 7.5935842598500423e-04 7.5935863755843607e-04 -2.1157343184276950e-10 1.5187168460131582e-03 1.5187172751168721e-03 -4.2910371393298230e-10
2 7.3242187500000000e-04 2.2780739199892539e-03 2.2780741258310827e-03 -2.0584182882504853e-10 2.2780739376322399e-03 2.2780741258310827e-03 -1.8819884279458465e-10 4.5561478576214938e-03 4.5561482516621654e-03 -3.9404067161963319e-10
3 1.2207031250000000e-03 3.7967840595756887e-03 3.7967842535752581e-03 -1.9399956944707308e-10 3.7967840879818584e-03 3.7967842535752581e-03 -1.6559339966956688e-10 7.5935681475575471e-03 7.5935685071505162e-03 -3.5959296911663996e-10
4 1.7089843750000000e-03 5.3154852652100215e-03 5.3154854471193294e-03 -1.8190930792943982e-10 5.3154853028908981e-03 5.3154854471193294e-03 -1.4422843128136797e-10 1.0630970568100920e-02 1.0630970894238659e-02 -3.2613773834344606e-10
5 2.1972656250000000e-03 6.8341739633177379e-03 6.8341741328126889e-03 -1.6949495106055590e-10 6.8341740083279539e-03 6.8341741328126889e-03 -1.2448473502013613e-10 1.3668347971645692e-02 1.3668348265625378e-02 -2.9397968608069203e-10
6 2.6855468750000000e-03 8.3528465803293338e-03 8.3528467370341582e-03 -1.5670482446383804e-10 8.3528466304130349e-03 8.3528467370341582e-03 -1.0662112338855056e-10 1.6705693210742369e-02 1.6705693474068316e-02 -2.6332594785238861e-10
7 3.1738281250000000e-03 9.8714995426856141e-03 9.8714996862004044e-03 -1.4351479032947978e-10 9.8714995954418024e-03 9.8714996862004044e-03 -9.0758602022678048e-11 1.9742999138127416e-02 1.9742999372400809e-02 -2.3427339235215783e-10
8 3.6621093750000000e-03 1.1390129276845502e-02 1.1390129406774335e-02 -1.2992883331730543e-10 1.1390129329896831e-02 1.1390129406774335e-02 -7.6877504362471427e-11 2.2780258606742335e-02 2.2780258813548671e-02 -2.0680633594505338e-10
9 4.1503906250000000e-03 1.2908732209297377e-02 1.2908732325273535e-02 -1.1597615749703305e-10 1.2908732260441397e-02 1.2908732325273535e-02 -6.4832137922077315e-11 2.5817464469738774e-02 2.5817464650547069e-02 -1.8080829541911037e-10
10 4.6386718750000000e-03 1.4427304766572068e-02 1.4427304868278633e-02 -1.0170656504493447e-10 1.4427304813904905e-02 1.4427304868278633e-02 -5.4373727742529354e-11 2.8854609580476975e-02 2.8854609736557266e-02 -1.5608029105274035e-10
11 5.1269531250000000e-03 1.5945843375258839e-02 1.5945843462441760e-02 -8.7182920605055614e-11 1.5945843417253167e-02 1.5945843462441760e-02 -4.5188592451284038e-11 3.1891686792512003e-02 3.1891686924883519e-02 -1.3237151652578660e-10
12 5.6152343750000000e-03 1.7464344462021407e-02 1.7464344534494903e-02 -7.2473495954517020e-11 1.7464344497559545e-02 1.7464344534494903e-02 -3.6935357550227366e-11 3.4928688959580956e-02 3.4928689068989806e-02 -1.0940885003529743e-10
13 6.1035156250000000e-03 1.8982804453612001e-02 1.8982804511258378e-02 -5.7646377255027303e-11 1.8982804481984257e-02 1.8982804511258378e-02 -2.9274121321476443e-11 3.7965608935596258e-02 3.7965609022516757e-02 -8.6920498576503746e-11
14 6.5917968750000000e-03 2.0501219776886084e-02 2.0501219819649162e-02 -4.2763077801044602e-11 2.0501219797751397e-02 2.0501219819649162e-02 -2.1897764851397383e-11 4.1002439574637478e-02 4.1002439639298324e-02 -6.4660846121888937e-11
15 7.0800781250000000e-03 2.2019586858815842e-02 2.2019586886689379e-02 -2.7873536811995336e-11 2.2019586872132527e-02 2.2019586886689379e-02 -1.4556852251379482e-11 4.4039173730948372e-02 4.4039173773378758e-02 -4.2430385593927866e-11
16 7.5683593750000000e-03 2.3537902126499956e-02 2.3537902139514639e-02 -1.3014683081236100e-11 2.3537902132447913e-02 2.3537902139514639e-02 -7.0667256768519593e-12 4.7075804258947869e-02 4.7075804279029278e-02 -2.0081408758088060e-11
17 8.0566406250000000e-03 2.5056162007173668e-02 2.5056162005382493e-02 1.7911748473320444e-12 2.5056162006065766e-02 2.5056162005382493e-02 6.8327288271774478e-13 5.0112324013239437e-02 5.0112324010764986e-02 2.4744511994967411e-12
18 8.5449218750000000e-03 2.6574362928216175e-02 2.6574362911680822e-02 1.6535352947988358e-11 2.6574362920417500e-02 2.6574362911680822e-02 8.7366780476827444e-12 5.3148725848633671e-02 5.3148725823361644e-02 2.5272027526224150e-11
19 9.0332031250000000e-03 2.8092501317153271e-02 2.8092501285936235e-02 3.1217035900699130e-11 2.8092501303033191e-02 2.8092501285936235e-02 1.7096955795548041e-11 5.6185002620186462e-02 5.6185002571872471e-02 4.8313991696247172e-11
20 9.5214843750000000e-03 2.9610573601666544e-02 2.9610573555822493e-02 4.5844050777787970e-11 2.9610573581547107e-02 2.9610573555822493e-02 2.5724613411659547e-11 5.9221147183213654e-02 5.9221147111644987e-02 7.1568667658894469e-11
21 1.0009765625000000e-02 3.1128576209598427e-02 3.1128576149168908e-02 6.0429519027627165e-11 3.1128576183722861e-02 3.1128576149168908e-02 3.4553953448535069e-11 6.2257152393321288e-02 6.2257152298337816e-02 9.4983472476162234e-11
22 1.0498046875000000e-02 3.2646505568956326e-02 3.2646505493968740e-02 7.4987585585439831e-11 3.2646505537482357e-02 3.2646505493968740e-02 4.3513616321266824e-11 6.5293011106438675e-02 6.5293010987937480e-02 1.1850119496781275e-10
23 1.0986328125000000e-02 3.4164358107918721e-02 3.4164358018387617e-02 8.9531104752182955e-11 3.4164358070926618e-02 3.4164358018387617e-02 5.2539000927609436e-11 6.8328716178845339e-02 6.8328716036775233e-02 1.4207010567979239e-10
24 1.1474609375000000e-02 3.5682130254842216e-02 3.5682130150771943e-02 1.0407027323244833e-10 3.5682130212350949e-02 3.5682130150771943e-02 6.1579005783407581e-11 7.1364260467193158e-02 7.1364260301543886e-02 1.6564927207696201e-10
25 1.1962890625000000e-02 3.7199818438269437e-02 3.7199818319657248e-02 1.1861218951469965e-10 3.7199818390255275e-02 3.7199818319657248e-02 7.0598027424040311e-11 7.4399636828524712e-02 7.4399636639314495e-02 1.8921021693873996e-10
26 1.2451171875000000e-02 3.8717419086937800e-02 3.8717418953776700e-02 1.3316110020200611e-10 3.8717419033350506e-02 3.8717418953776700e-02 7.9573805877863890e-11 7.7434838120288313e-02 7.7434837907553400e-02 2.1273491301876390e-10
27 1.2939453125000000e-02 4.0234928629787503e-02 4.0234928482069388e-02 1.4771811551739233e-10 4.0234928570570420e-02 4.0234928482069388e-02 8.8501032891041831e-11 8.0469857200357930e-02 8.0469856964138775e-02 2.3621915534732807e-10
28 1.3427734375000000e-02 4.1752343495970325e-02 4.1752343333688824e-02 1.6228150073738234e-10 4.1752343431076304e-02 4.1752343333688824e-02 9.7387480024746509e-11 8.3504686927046629e-02 8.3504686667377648e-02 2.5966898076212885e-10
29 1.3916015625000000e-02 4.3269660114860817e-02 4.3269659938011275e-02 1.7684954195518188e-10 4.3269660044253283e-02 4.3269659938011275e-02 1.0624200824649321e-10 8.6539320159114100e-02 8.6539319876022550e-02 2.8309155020167509e-10
30 1.4404296875000000e-02 4.4786874916065519e-02 4.4786874724644217e-02 1.9142130242011390e-10 4.4786874839713102e-02 4.4786874724644217e-02 1.1506888497603285e-10 8.9573749755778614e-02 8.9573749449288434e-02 3.0649018045725285e-10
31 1.4892578125000000e-02 4.6303984329429324e-02 4.6303984123434679e-02 2.0599464495285602e-10 4.6303984247312913e-02 4.6303984123434679e-02 1.2387823405957121e-10 9.2607968576742236e-02 9.2607968246869357e-02 3.2987287901242723e-10
32 1.5380859375000000e-02 4.7820984785044172e-02 4.7820984564477725e-02 2.2056644705115147e-10 4.7820984697163192e-02 4.7820984564477725e-02 1.3268546678046889e-10 9.5641969482207365e-02 9.5641969128955451e-02 3.5325191383162036e-10
33 1.5869140625000000e-02 4.9337872713259498e-02 4.9337872478124753e-02 2.3513474500802545e-10 4.9337872619624794e-02 4.9337872478124753e-02 1.4150004085111689e-10 9.8675745332884285e-02 9.8675744956249506e-02 3.7663477892024844e-10
34 1.6357421875000000e-02 5.0854644544689930e-02 5.0854644294991994e-02 2.4969793593898615e-10 5.0854644445321326e-02 5.0854644294991994e-02 1.5032933231573509e-10 1.0170928899001125e-01 1.0170928858998399e-01 4.0002726131582733e-10
35 1.6845703125000000e-02 5.2371296710224995e-02 5.2371296445968843e-02 2.6425615168301775e-10 5.2371296605141233e-02 5.2371296445968843e-02 1.5917239054585863e-10 1.0474259331536623e-01 1.0474259289193769e-01 4.2342854222887638e-10
36 1.7333984375000000e-02 5.3887825641035766e-02 5.3887825362226291e-02 2.7880947550684709e-10 5.3887825530255298e-02 5.3887825362226291e-02 1.6802900737467041e-10 1.0777565117129106e-01 1.0777565072445258e-01 4.4683848288151751e-10
37 1.7822265625000000e-02 5.5404227768585820e-02 5.5404227475225304e-02 2.9336051643458205e-10 5.5404227652111393e-02 5.5404227475225304e-02 1.7688608910937376e-10 1.1080845542069721e-01 1.1080845495045061e-01 4.7024660554395581e-10
38 1.8310546875000000e-02 5.6920499524633718e-02 5.6920499216725221e-02 3.0790849731010539e-10 5.6920499402471465e-02 5.6920499216725221e-02 1.8574624477407653e-10 1.1384099892710518e-01 1.1384099843345044e-01 4.9365474208418192e-10
39 1.8798828125000000e-02 5.8436637341246767e-02 5.8436637018792190e-02 3.2245457692869905e-10 5.8436637213395974e-02 5.8436637018792190e-02 1.9460378447577753e-10 1.1687327455464275e-01 1.1687327403758438e-01 5.1705836834337049e-10
40 1.9287109375000000e-02 5.9952637650806294e-02 5.9952637313807497e-02 3.3699879692372647e-10 5.9952637517266080e-02 5.9952637313807497e-02 2.0345858331438649e-10 1.1990527516807237e-01 1.1990527462761499e-01 5.4045737329921906e-10
41 1.9775390625000000e-02 6.1468496886015592e-02 6.1468496534476003e-02 3.5153958910516536e-10 6.1468496746792826e-02 6.1468496534476003e-02 2.1231682384437178e-10 1.2293699363280841e-01 1.2293699306895201e-01 5.6385640601064324e-10
42 2.0263671875000000e-02 6.2984211479911512e-02 6.2984211113834551e-02 3.6607696041190962e-10 6.2984211335013918e-02 6.2984211113834551e-02 2.2117936648857750e-10 1.2596842281492543e-01 1.2596842222766910e-01 5.8725632690048712e-10
43 2.0751953125000000e-02 6.4499777865872604e-02 6.4499777485260312e-02 3.8061229168384614e-10 6.4499777715299286e-02 6.4499777485260312e-02 2.3003897398066186e-10 1.2899955558117188e-01 1.2899955497052062e-01 6.1065125178672020e-10
44 2.1240234375000000e-02 6.6015192477623982e-02 6.6015192082479190e-02 3.9514479188706986e-10 6.6015192321378924e-02 6.6015192082479190e-02 2.3889973332913428e-10 1.3203038479900292e-01 1.3203038416495838e-01 6.3404453909399194e-10
45 2.1728515625000000e-02 6.7530451749247933e-02 6.7530451339574332e-02 4.0967360059873670e-10 6.7530451587338586e-02 6.7530451339574332e-02 2.4776425355810261e-10 1.3506090333658652e-01 1.3506090267914866e-01 6.5743785415683931e-10
46 2.2216796875000000e-02 6.9045552115193878e-02 6.9045551690994258e-02 4.2419961987505417e-10 6.9045551947623393e-02 6.9045551690994258e-02 2.5662913460955394e-10 1.3809110406281727e-01 1.3809110338198852e-01 6.8082875448460811e-10
47 2.2705078125000000e-02 7.0560490010284541e-02 7.0560489571561510e-02 4.3872303012726377e-10 7.0560489837053555e-02 7.0560489571561510e-02 2.6549204501513657e-10 1.4112097984733810e-01 1.4112097914312302e-01 7.0421507514240034e-10
48 2.3193359375000000e-02 7.2075261869725196e-02 7.2075261416480949e-02 4.5324424768899974e-10 7.2075261690831838e-02 7.2075261416480949e-02 2.7435088922889150e-10 1.4415052356055702e-01 1.4415052283296190e-01 7.2759512304010343e-10
49 2.3681640625000000e-02 7.3589864129111338e-02 7.3589863661348065e-02 4.6776327256026207e-10 7.3589863944553538e-02 7.3589863661348065e-02 2.8320547296178944e-10 1.4717972807366486e-01 1.4717972732269613e-01 7.5096873164426370e-10
50 2.4169921875000000e-02 7.5104293224438720e-02 7.5104292742157491e-02 4.8228122884186320e-10 7.5104293034206543e-02 7.5104292742157491e-02 2.9204905160895578e-10 1.5020858625864525e-01 1.5020858548431498e-01 7.7433026657303117e-10
51 2.4658203125000000e-02 7.6618545592111745e-02 7.6618545095311311e-02 4.9680043412436703e-10 7.6618545396182042e-02 7.6618545095311311e-02 3.0087073110696139e-10 1.5323709098829380e-01 1.5323709019062262e-01 7.9767117910911622e-10
52 2.5146484375000000e-02 7.8132617668948051e-02 7.8132617157627454e-02 5.1132059697422960e-10 7.8132617467299242e-02 7.8132617157627454e-02 3.0967178821228458e-10 1.5626523513624729e-01 1.5626523431525491e-01 8.2099238518651418e-10
53 2.5634765625000000e-02 7.9646505892187469e-02 7.9646505366348139e-02 5.2583933041194797e-10 7.9646505684811048e-02 7.9646505366348139e-02 3.1846290882153738e-10 1.5929301157699852e-01 1.5929301073269628e-01 8.4430223923348535e-10
54 2.6123046875000000e-02 8.1160206699504661e-02 8.1160206159148110e-02 5.4035655117079529e-10 8.1160206486392772e-02 8.1160206159148110e-02 3.2724466192401991e-10 1.6232041318589743e-01 1.6232041231829622e-01 8.6760121309481519e-10
55 2.6611328125000000e-02 8.2673716529015909e-02 8.2673715974143247e-02 5.5487266170661798e-10 8.2673716310158296e-02 8.2673715974143247e-02 3.3601504911828783e-10 1.6534743283917419e-01 1.6534743194828649e-01 8.9088769694711800e-10
56 2.7099609375000000e-02 8.4187031819284205e-02 8.4187031249898722e-02 5.6938548320673021e-10 8.4187031594682535e-02 8.4187031249898722e-02 3.4478381261138225e-10 1.6837406341396674e-01 1.6837406249979744e-01 9.1416929581811246e-10
57 2.7587890625000000e-02 8.5700149009333981e-02 8.5700148425437522e-02 5.8389645896106401e-10 8.5700148778981550e-02 8.5700148425437522e-02 3.5354402738718704e-10 1.7140029778831553e-01 1.7140029685087504e-01 9.3744048634825106e-10
58 2.8076171875000000e-02 8.7213064538649687e-02 8.7213063940248775e-02 5.9840091215512814e-10 8.7213064302568075e-02 8.7213063940248775e-02 3.6231929956276332e-10 1.7442612884121778e-01 1.7442612788049755e-01 9.6072022559567927e-10
59 2.8564453125000000e-02 8.8725774847194600e-02 8.8725774234296118e-02 6.1289848196643959e-10 8.8725774605406121e-02 8.8725774234296118e-02 3.7111000383838189e-10 1.7745154945260072e-01 1.7745154846859224e-01 9.8400848580482148e-10
60 2.9052734375000000e-02 9.0238276375419646e-02 9.0238275748026120e-02 6.2739352602037002e-10 9.0238276127921374e-02 9.0238275748026120e-02 3.7989525414339198e-10 1.8047655250334102e-01 1.8047655149605224e-01 1.0072887801637620e-09
61 2.9541015625000000e-02 9.1750565564264863e-02 9.1750564922376626e-02 6.4188823700739306e-10 9.1750565311039881e-02 9.1750564922376626e-02 3.8866325435815696e-10 1.8350113087530473e-01 1.8350112984475325e-01 1.0305514774877622e-09
62 3.0029296875000000e-02 9.3262638855168917e-02 9.3262638198785108e-02 6.5638380841726018e-10 9.3262638596192618e-02 9.3262638198785108e-02 3.9740750967798277e-10 1.8652527745136155e-01 1.8652527639757022e-01 1.0537913319730308e-09
63 3.0517578125000000e-02 9.4774492690076262e-02 9.4774492019197090e-02 6.7087917166031019e-10 9.4774492425330176e-02 9.4774492019197090e-02 4.0613308549541927e-10 1.8954898511540644e-01 1.8954898403839418e-01 1.0770122571557295e-09
64 3.1005859375000000e-02 9.6286123511445790e-02 9.6286122826074502e-02 6.8537128750101317e-10 9.6286123240928362e-02 9.6286122826074502e-02 4.1485385959827425e-10 1.9257224675237417e-01 1.9257224565214900e-01 1.1002251609770752e-09
65 3.1494140625000000e-02 9.7797527762260028e-02 9.7797527062404022e-02 6.9985600648081459e-10 9.7797527485995656e-02 9.7797527062404022e-02 4.2359163399119382e-10 1.9559505524825568e-01 1.9559505412480804e-01 1.1234476404720084e-09
66 3.1982421875000000e-02 9.9308701886035119e-02 9.9308701171705510e-02 7.1432960935258194e-10 9.9308701604069849e-02 9.9308701171705510e-02 4.3236433877602565e-10 1.9861740349010498e-01 1.9861740234341102e-01 1.1466939620063954e-09
67 3.2470703125000000e-02 1.0081964232683112e-01 1.0081964159804029e-01 7.2879083323762472e-10 1.0081964203921914e-01 1.0081964159804029e-01 4.4117885733552242e-10 2.0163928436605028e-01 2.0163928319608057e-01 1.1699697044509350e-09
68 3.2958984375000000e-02 1.0233034552926000e-01 1.0233034478601960e-01 7.4324039978090894e-10 1.0233034523605002e-01 1.0233034478601960e-01 4.5003041571067826e-10 2.0466069076531002e-01 2.0466068957203920e-01 1.1932708154915872e-09
69 3.3447265625000000e-02 1.0384080793849401e-01 1.0384080718081293e-01 7.5768108453999616e-10 1.0384080763971798e-01 1.0384080718081293e-01 4.5890505284695848e-10 2.0768161557821199e-01 2.0768161436162585e-01 1.2165861373869546e-09
70 3.3935546875000000e-02 1.0535102600027353e-01 1.0535102522815631e-01 7.7211721738468242e-10 1.0535102569593749e-01 1.0535102522815631e-01 4.6778117490653415e-10 2.1070205169621103e-01 2.1070205045631263e-01 1.2398984061690044e-09
71 3.4423828125000000e-02 1.0686099616091284e-01 1.0686099537436082e-01 7.8655201796173912e-10 1.0686099585100176e-01 1.0686099537436082e-01 4.7664093505428440e-10 2.1372199201191461e-01 2.1372199074872164e-01 1.2631929668938113e-09
72 3.4912109375000000e-02 1.0837071486730880e-01 1.0837071406632086e-01 8.0098794263960826e-10 1.0837071455179367e-01 1.0837071406632086e-01 4.8547281472632875e-10 2.1674142941910246e-01 2.1674142813264172e-01 1.2864607434881492e-09
73 3.5400390625000000e-02 1.0988017856695077e-01 1.0988017775152251e-01 8.1542826657621248e-10 1.0988017824578258e-01 1.0988017775152251e-01 4.9426007731057098e-10 2.1976035681273337e-01 2.1976035550304501e-01 1.3096883577645713e-09
74 3.5888671875000000e-02 1.1138938370792009e-01 1.1138938287805190e-01 8.2986818805697027e-10 1.1138938338107905e-01 1.1138938287805190e-01 5.0302714771355284e-10 2.2277876708899913e-01 2.2277876575610381e-01 1.3328953218927353e-09
75 3.6376953125000000e-02 1.1289832673890830e-01 1.1289832589460358e-01 8.4430472335750295e-10 1.1289832640639089e-01 1.1289832589460358e-01 5.1178730697820640e-10 2.2579665314529918e-01 2.2579665178920716e-01 1.3560920164579215e-09
76 3.6865234375000000e-02 1.1440700410922514e-01 1.1440700325048890e-01 8.5873623489884920e-10 1.1440700377103745e-01 1.1440700325048890e-01 5.2054854871030898e-10 2.2881400788026257e-01 2.2881400650097780e-01 1.3792847697313704e-09
77 3.7353515625000000e-02 1.1591541226880465e-01 1.1591541139564429e-01 8.7316036345708170e-10 1.1591541192496595e-01 1.1591541139564429e-01 5.2932165595098724e-10 2.3183082419377060e-01 2.3183082279128858e-01 1.4024820194080689e-09
78 3.7841796875000000e-02 1.1742354766821718e-01 1.1742354678063967e-01 8.8757751148804687e-10 1.1742354731874587e-01 1.1742354678063967e-01 5.3810619848881913e-10 2.3484709498696305e-01 2.3484709356127934e-01 1.4256837099768660e-09
79 3.8330078125000000e-02 1.1893140675867549e-01 1.1893140585668679e-01 9.0198869207025467e-10 1.1893140640358214e-01 1.1893140585668679e-01 5.4689534845220322e-10 2.3786281316225763e-01 2.3786281171337359e-01 1.4488840405224579e-09
80 3.8818359375000000e-02 1.2043898599204628e-01 1.2043898507564765e-01 9.1639862365155977e-10 1.2043898563131383e-01 1.2043898507564765e-01 5.5566617973568100e-10 2.4087797162336011e-01 2.4087797015129531e-01 1.4720648033872408e-09
81 3.9306640625000000e-02 1.2194628182084685e-01 1.2194628089004267e-01 9.3080418372970541e-10 1.2194628145447613e-01 1.2194628089004267e-01 5.6443345830547997e-10 2.4389256327532299e-01 2.4389256178008534e-01 1.4952376559129732e-09
82 3.9794921875000000e-02 1.2345329069826305e-01 1.2345328975305919e-01 9.4520385962582054e-10 1.2345329032626354e-01 1.2345328975305919e-01 5.7320434510010898e-10 2.4690658102452659e-01 2.4690657950611838e-01 1.5184082047259295e-09
83 4.0283203125000000e-02 1.2496000907815816e-01 1.2496000811855983e-01 9.5959833135150774e-10 1.2496000870053595e-01 1.2496000811855983e-01 5.8197612007315769e-10 2.4992001777869410e-01 2.4992001623711965e-01 1.5415744514246654e-09
84 4.0771484375000000e-02 1.2646643341507510e-01 1.2646643244109071e-01 9.7398439313778340e-10 1.2646643303185412e-01 1.2646643244109071e-01 5.9076341041297553e-10 2.5293286644692925e-01 2.5293286488218142e-01 1.5647478313063345e-09
85 4.1259765625000000e-02 1.2797256016425512e-01 1.2797255917588987e-01 9.8836525075363113e-10 1.2797255977544045e-01 1.2797255917588987e-01 5.9955057585270310e-10 2.5594511993969560e-01 2.5594511835177974e-01 1.5879158543619099e-09
86 4.1748046875000000e-02 1.2947838578163728e-01 1.2947838477889562e-01 1.0027416674773804e-09 1.2947838538722986e-01 1.2947838477889562e-01 6.0833424408990311e-10 2.5895677116886717e-01 2.5895676955779123e-01 1.6110759393228591e-09
87 4.2236328125000000e-02 1.3098390672386911e-01 1.3098390570675486e-01 1.0171142539316946e-09 1.3098390632386400e-01 1.3098390570675486e-01 6.1710914156520857e-10 2.6196781304773309e-01 2.6196781141350972e-01 1.6342233677413276e-09
88 4.2724609375000000e-02 1.3248911944831268e-01 1.3248911841683145e-01 1.0314812337597346e-09 1.3248911904271637e-01 1.3248911841683145e-01 6.2588492721893374e-10 2.6497823849102908e-01 2.6497823683366289e-01 1.6573661887342439e-09
89 4.3212890625000000e-02 1.3399402041306163e-01 1.3399401936721447e-01 1.0458471588759011e-09 1.3399402000185384e-01 1.3399401936721447e-01 6.3463936883501049e-10 2.6798804041491547e-01 2.6798803873442895e-01 1.6804865277109116e-09
90 4.3701171875000000e-02 1.3549860607694164e-01 1.3549860501672659e-01 1.0602150546379363e-09 1.3549860566008171e-01 1.3549860501672659e-01 6.4335511917867905e-10 2.7099721173702335e-01 2.7099721003345317e-01 1.7035701738166154e-09
91 4.4189453125000000e-02 1.3700287289951851e-01 1.3700287182493245e-01 1.0745860590244405e-09 1.3700287247696058e-01 1.3700287182493245e-01 6.5202812593589954e-10 2.7400574537647909e-01 2.7400574364986491e-01 1.7266141849603400e-09
92 4.4677734375000000e-02 1.3850681734110235e-01 1.3850681625214697e-01 1.0889553703208321e-09 1.3850681691282701e-01 1.3850681625214697e-01 6.6068003845565215e-10 2.7701363425392933e-01 2.7701363250429395e-01 1.7496353810209087e-09
93 4.5166015625000000e-02 1.4001043586275996e-01 1.4001043475944361e-01 1.1033163549445391e-09 1.4001043542878763e-01 1.4001043475944361e-01 6.6934402465079756e-10 2.8002087129154762e-01 2.8002086951888722e-01 1.7726604073509122e-09
94 4.5654296875000000e-02 1.4151372492633066e-01 1.4151372380866281e-01 1.1176678471613855e-09 1.4151372448668920e-01 1.4151372380866281e-01 6.7802638503700052e-10 2.8302744941301983e-01 2.8302744761732562e-01 1.7956942044428104e-09
95 4.6142578125000000e-02 1.4301668099443415e-01 1.4301667986242017e-01 1.1320139825521380e-09 1.4301668054912653e-01 1.4301667986242017e-01 6.8670635844370054e-10 2.8603336154356068e-01 2.8603335972484034e-01 1.8187203409958386e-09
96 4.6630859375000000e-02 1.4451930053047229e-01 1.4451929938411495e-01 1.1463573423853290e-09 1.4451930007948618e-01 1.4451929938411495e-01 6.9537123281726565e-10 2.8903860060995845e-01 2.8903859876822990e-01 1.8417285474470191e-09
97 4.7119140625000000e-02 1.4602157999863813e-01 1.4602157883793829e-01 1.1606998417956760e-09 1.4602157954194928e-01 1.4602157883793829e-01 7.0401098839489862e-10 2.9204315954058740e-01 2.9204315767587657e-01 1.8647108301905746e-09
98 4.7607421875000000e-02 1.4752351586392184e-01 1.4752351468888147e-01 1.1750403705601542e-09 1.4752351540151143e-01 1.4752351468888147e-01 7.1262995504639548e-10 2.9504703126543330e-01 2.9504702937776295e-01 1.8876703533621253e-09
99 4.8095703125000000e-02 1.4902510459212179e-01 1.4902510340274441e-01 1.1893773743665292e-09 1.4902510412397998e-01 1.4902510340274441e-01 7.2123557126602122e-10 2.9805020871610177e-01 2.9805020680548883e-01 1.9106129456325505e-09
100 4.8583984375000000e-02 1.5052634264985182e-01 1.5052634144614377e-01 1.2037080499016639e-09 1.5052634217598559e-01 1.5052634144614377e-01 7.2984182586388613e-10 3.0105268482583741e-01 3.0105268289228754e-01 1.9335498757655500e-09
101 4.9072265625000000e-02 1.5202722650455147e-01 1.5202722528652146e-01 1.2180300101860553e-09 1.5202722602498264e-01 1.5202722528652146e-01 7.3846118109344161e-10 3.0405445252953411e-01 3.0405445057304292e-01 1.9564911912794969e-09
102 4.9560546875000000e-02 1.5352775262449345e-01 1.5352775139215277e-01 1.2323406739511711e-09 1.5352775213925912e-01 1.5352775139215277e-01 7.4710634900831963e-10 3.0705550476375254e-01 3.0705550278430555e-01 1.9794469952039151e-09
103 5.0048828125000000e-02 1.5502791747879377e-01 1.5502791623215487e-01 1.2466389032184111e-09 1.5502791698793653e-01 1.5502791623215487e-01 7.5578165947831621e-10 3.1005583446673030e-01 3.1005583246430973e-01 2.0024205626967273e-09
104 5.0537109375000000e-02 1.5652771753741981e-01 1.5652771627649495e-01 1.2609248645212290e-09 1.5652771704098181e-01 1.5652771627649495e-01 7.6448686270325084e-10 3.1305543457840163e-01 3.1305543255298990e-01 2.0254117272244798e-09
105 5.1025390625000000e-02 1.5802714927119932e-01 1.5802714799599873e-01 1.2752005840166447e-09 1.5802714876920976e-01 1.5802714799599873e-01 7.7321102298633093e-10 3.1605429804040908e-01 3.1605429599199747e-01 2.0484116070029756e-09
106 5.1513671875000000e-02 1.5952620915182802e-01 1.5952620786235838e-01 1.2894696421739127e-09 1.5952620864429443e-01 1.5952620786235838e-01 7.8193604369225511e-10 3.1905241779612248e-01 3.1905241572471676e-01 2.0714057136217434e-09
107 5.2001953125000000e-02 1.6102489365187433e-01 1.6102489234814132e-01 1.3037330104381795e-09 1.6102489313879967e-01 1.6102489234814132e-01 7.9065834435176896e-10 3.2204978679067398e-01 3.2204978469628265e-01 2.0943913270343728e-09
108 5.2490234375000000e-02 1.6252319924479106e-01 1.6252319792679817e-01 1.3179928814999187e-09 1.6252319872616336e-01 1.6252319792679817e-01 7.9936518515566490e-10 3.2504639797095441e-01 3.2504639585359635e-01 2.1173580666555836e-09
109 5.2978515625000000e-02 1.6402112240492445e-01 1.6402112107267122e-01 1.3322532244064433e-09 1.6402112188070675e-01 1.6402112107267122e-01 8.0803552737762629e-10 3.2804224428563122e-01 3.2804224214534244e-01 2.1402887795396452e-09
110 5.3466796875000000e-02 1.6551865960752124e-01 1.6551865826100257e-01 1.3465186743388813e-09 1.6551865907765057e-01 1.6551865826100257e-01 8.1664799922442910e-10 3.3103731868517183e-01 3.3103731652200513e-01 2.1631667013188860e-09
111 5.3955078125000000e-02 1.6701580732873639e-01 1.6701580596794252e-01 1.3607938664783603e-09 1.6701580679312039e-01 1.6701580596794252e-01 8.2517787047819979e-10 3.3403161412185678e-01 3.3403161193588504e-01 2.1859717369565601e-09
112 5.4443359375000000e-02 1.6851256204564424e-01 1.6851256067055795e-01 1.3750862948302967e-09 1.6851256150414576e-01 1.6851256067055795e-01 8.3358780988973535e-10 3.3702512354978997e-01 3.3702512134111590e-01 2.2086740769644564e-09
113 5.4931640625000000e-02 1.7000892023623246e-01 1.7000891884684047e-01 1.3893919903473773e-09 1.7000891968873855e-01 1.7000891884684047e-01 8.4189807902923519e-10 3.4001783992497103e-01 3.4001783769368094e-01 2.2312900971321881e-09
114 5.5419921875000000e-02 1.7150487837941139e-01 1.7150487697571470e-01 1.4036966866637357e-09 1.7150487782589341e-01 1.7150487697571470e-01 8.5017870521397754e-10 3.4300975620530483e-01 3.4300975395142941e-01 2.2538754196332889e-09
115 5.5908203125000000e-02 1.7300043295503539e-01 1.7300043153704672e-01 1.4179886709264622e-09 1.7300043239553475e-01 1.7300043153704672e-01 8.5848803066390644e-10 3.4600086535057017e-01 3.4600086307409345e-01 2.2764767293459442e-09
116 5.6396484375000000e-02 1.7449558044390792e-01 1.7449557901165216e-01 1.4322557584378615e-09 1.7449557987853734e-01 1.7449557901165216e-01 8.6688517475508320e-10 3.4899116032244526e-01 3.4899115802330433e-01 2.2991409331929447e-09
117 5.6884765625000000e-02 1.7599031732779080e-01 1.7599031588130457e-01 1.4464862363450237e-09 1.7599031675673463e-01 1.7599031588130457e-01 8.7543006177526195e-10 3.5198063408452540e-01 3.5198063176260913e-01 2.3219162703647100e-09
118 5.7373046875000000e-02 1.7748464008941400e-01 1.7748463862874370e-01 1.4606703069297566e-09 1.7748463951291382e-01 1.7748463862874370e-01 8.8417012600316980e-10 3.5496927960232783e-01 3.5496927725748739e-01 2.3448404329329264e-09
119 5.7861328125000000e-02 1.7897854521249762e-01 1.7897854373768379e-01 1.4748138266185151e-09 1.7897854463076035e-01 1.7897854373768379e-01 8.9307655715131773e-10 3.5795708984325797e-01 3.5795708747536759e-01 2.3678903837698329e-09
120 5.8349609375000000e-02 1.8047202918176400e-01 1.8047202769282183e-01 1.4889421640074119e-09 1.8047202859484293e-01 1.8047202769282183e-01 9.0202109670478592e-10 3.6094405777660693e-01 3.6094405538564367e-01 2.3909632607121978e-09
121 5.8837890625000000e-02 1.8196508848291043e-01 1.8196508697984584e-01 1.5030645894587025e-09 1.8196508789080729e-01 1.8196508697984584e-01 9.1096144516633615e-10 3.6393017637371772e-01 3.6393017395969168e-01 2.4140260346250386e-09
122 5.9326171875000000e-02 1.8345771960262908e-01 1.8345771808544301e-01 1.5171860712204221e-09 1.8345771900531491e-01 1.8345771808544301e-01 9.1987190087294834e-10 3.6691543860794396e-01 3.6691543617088601e-01 2.4370579443377949e-09
123 5.9814453125000000e-02 1.8494991902862246e-01 1.8494991749730824e-01 1.5313142143202896e-09 1.8494991842601946e-01 1.8494991749730824e-01 9.2871121903925768e-10 3.6989983745464194e-01 3.6989983499461648e-01 2.4600254611151229e-09
124 6.0302734375000000e-02 1.8644168324960203e-01 1.8644168170415212e-01 1.5454499069367245e-09 1.8644168264162816e-01 1.8644168170415212e-01 9.3747604124061468e-10 3.7288336589123017e-01 3.7288336340830425e-01 2.4829259204217635e-09
125 6.0791015625000000e-02 1.8793300875530192e-01 1.8793300719570938e-01 1.5595925384470632e-09 1.8793300814187924e-01 1.8793300719570938e-01 9.4616986467954689e-10 3.7586601689718113e-01 3.7586601439141876e-01 2.5057623753710345e-09
126 6.1279296875000000e-02 1.8942389203648041e-01 1.8942389046274716e-01 1.5737332548226846e-09 1.8942389141758414e-01 1.8942389046274716e-01 9.5483698725473687e-10 3.7884778345406456e-01 3.7884778092549432e-01 2.5285702420774214e-09
127 6.1767578125000000e-02 1.9091432958494980e-01 1.9091432799707300e-01 1.5878768022670187e-09 1.9091432896052327e-01 1.9091432799707300e-01 9.6345026401323253e-10 3.8182865854547310e-01 3.8182865599414600e-01 2.5513270940358268e-09
128 6.2255859375000000e-02 1.9240431789356352e-01 1.9240431629154348e-01 1.6020200444000210e-09 1.9240431726357041e-01 1.9240431629154348e-01 9.7202693116749117e-10 3.8480863515713393e-01 3.8480863258308695e-01 2.5740469755675122e-09
129 6.2744140625000000e-02 1.9389385345622986e-01 1.9389385184007221e-01 1.6161576521511734e-09 1.9389385282066454e-01 1.9389385184007221e-01 9.8059232955804987e-10 3.8778770627689441e-01 3.8778770368014442e-01 2.5967499817092232e-09
130 6.3232421875000000e-02 1.9538293276792362e-01 1.9538293113763816e-01 1.6302854621841334e-09 1.9538293212680680e-01 1.9538293113763816e-01 9.8916863588982551e-10 3.9076586489473042e-01 3.9076586227527632e-01 2.6194540980739589e-09
131 6.3720703125000000e-02 1.9687155232469342e-01 1.9687155068029388e-01 1.6443995332071637e-09 1.9687155167806941e-01 1.9687155068029388e-01 9.9777552886592957e-10 3.9374310400276280e-01 3.9374310136058777e-01 2.6421750343175177e-09
132 6.4208984375000000e-02 1.9835970862367400e-01 1.9835970696517385e-01 1.6585001427760204e-09 1.9835970797158656e-01 1.9835970696517385e-01 1.0064127031750303e-09 3.9671941659526055e-01 3.9671941393034771e-01 2.6649128459510507e-09
133 6.4697265625000000e-02 1.9984739816309463e-01 1.9984739649050254e-01 1.6725920926052851e-09 1.9984739750555502e-01 1.9984739649050254e-01 1.0150524865082389e-09 3.9969479566864963e-01 3.9969479298100508e-01 2.6876445513579483e-09
134 6.5185546875000000e-02 2.0133461744228476e-01 2.0133461575560274e-01 1.6866820162775298e-09 2.0133461677926467e-01 2.0133461575560274e-01 1.0236619329972996e-09 4.0266923422154943e-01 4.0266923151120548e-01 2.7103439492748294e-09
135 6.5673828125000000e-02 2.0282136296167549e-01 2.0282136126090394e-01 1.7007715513717159e-09 2.0282136229313733e-01 2.0282136126090394e-01 1.0322333821033425e-09 4.0564272525481282e-01 4.0564272252180789e-01 2.7330049334750584e-09
136 6.6162109375000000e-02 2.0430763122280951e-01 2.0430762950795031e-01 1.7148591990867601e-09 2.0430763054872375e-01 2.0430762950795031e-01 1.0407734396533641e-09 4.0861526177153329e-01 4.0861525901590062e-01 2.7556326664956998e-09
137 6.6650390625000000e-02 2.0579341872835463e-01 2.0579341699940915e-01 1.7289454867785992e-09 2.0579341804869017e-01 2.0579341699940915e-01 1.0492810231799155e-09 4.1158683677704477e-01 4.1158683399881829e-01 2.7782264822029390e-09
138 6.7138671875000000e-02 2.0727872198210998e-01 2.0727872023907890e-01 1.7430310805810478e-09 2.0727872129683014e-01 2.0727872023907890e-01 1.0577512477016882e-09 4.1455744327894012e-01 4.1455744047815779e-01 2.8007823282827360e-09
139 6.7626953125000000e-02 2.0876353748901016e-01 2.0876353573189760e-01 1.7571125665583054e-09 2.0876353679810000e-01 2.0876353573189760e-01 1.0662024041430129e-09 4.1752707428711017e-01 4.1752707146379520e-01 2.8233149707013183e-09
140 6.8115234375000000e-02 2.1024786175513907e-01 2.1024785998395096e-01 1.7711881128423812e-09 2.1024786105859347e-01 2.1024785998395096e-01 1.0746425138652427e-09 4.2049572281373254e-01 4.2049571996790192e-01 2.8458306267076239e-09
141 6.8603515625000000e-02 2.1173169128773597e-01 2.1173168950248064e-01 1.7852553324537723e-09 2.1173169058556587e-01 2.1173168950248064e-01 1.0830852326115803e-09 4.2346338187330185e-01 4.2346337900496128e-01 2.8683405650653526e-09
142 6.9091796875000000e-02 2.1321502259520170e-01 2.1321502079589247e-01 1.7993092293888679e-09 2.1321502188744551e-01 2.1321502079589247e-01 1.0915530423982744e-09 4.2643004448264721e-01 4.2643004159178494e-01 2.8908622717871424e-09
143 6.9580078125000000e-02 2.1469785218711232e-01 2.1469785037376460e-01 1.8133477219794969e-09 2.1469785147382150e-01 2.1469785037376460e-01 1.1000569066776933e-09 4.2939570366093383e-01 4.2939570074752920e-01 2.9134046286571902e-09
144 7.0068359375000000e-02 2.1618017657422811e-01 2.1618017474685577e-01 1.8273723367823180e-09 2.1618017585544291e-01 2.1618017474685577e-01 1.1085871387539470e-09 4.3236035242967102e-01 4.3236034949371155e-01 2.9359594755362650e-09
145 7.0556640625000000e-02 2.1766199226849839e-01 2.1766199042711362e-01 1.8413847668874439e-09 2.1766199154424790e-01 2.1766199042711362e-01 1.1171342739757506e-09 4.3532398381274628e-01 4.3532398085422724e-01 2.9585190408631945e-09
146 7.1044921875000000e-02 2.1914329578307359e-01 2.1914329392768267e-01 1.8553909242324806e-09 2.1914329505335209e-01 2.1914329392768267e-01 1.1256694187888883e-09 4.3828659083642568e-01 4.3828658785536534e-01 2.9810603430213689e-09
147 7.1533203125000000e-02 2.2062408363231484e-01 2.2062408176291270e-01 1.8694021330922794e-09 2.2062408289705121e-01 2.2062408176291270e-01 1.1341385053320607e-09 4.4124816652936605e-01 4.4124816352582541e-01 3.0035406384243402e-09
148 7.2021484375000000e-02 2.2210435233178841e-01 2.2210435044836691e-01 1.8834215020913092e-09 2.2210435159089237e-01 2.2210435044836691e-01 1.1425254631269866e-09 4.4420870392268075e-01 4.4420870089673381e-01 3.0259469374627201e-09
149 7.2509765625000000e-02 2.2358409839827023e-01 2.2358409650083008e-01 1.8974401494453730e-09 2.2358409765170137e-01 2.2358409650083008e-01 1.1508712871588500e-09 4.4716819604997160e-01 4.4716819300166016e-01 3.0483114366042230e-09
150 7.2998046875000000e-02 2.2506331834977072e-01 2.2506331643831681e-01 1.9114539118181284e-09 2.2506331759751702e-01 2.2506331643831681e-01 1.1592002080451635e-09 4.5012663594728775e-01 4.5012663287663363e-01 3.0706541198632920e-09
151 7.3486328125000000e-02 2.2654200870553587e-01 2.2654200678007969e-01 1.9254561833825790e-09 2.2654200794762383e-01 2.2654200678007969e-01 1.1675441446978851e-09 4.5308401665315967e-01 4.5308401356015937e-01 3.0930003003248885e-09
152 7.3974609375000000e-02 2.2802016598606500e-01 2.2802016404661754e-01 1.9394474637390857e-09 2.2802016522251586e-01 2.2802016404661754e-01 1.1758983231580089e-09 4.5604033120858090e-01 4.5604032809323508e-01 3.1153458146526702e-09
153 7.4462890625000000e-02 2.2949778671310833e-01 2.2949778475968355e-01 1.9534247830410578e-09 2.2949778594396031e-01 2.2949778475968355e-01 1.1842767599912207e-09 4.5899557265706864e-01 4.5899556951936710e-01 3.1377015430322786e-09
154 7.4951171875000000e-02 2.3097486740967740e-01 2.3097486544229331e-01 1.9673840889744554e-09 2.3097486663499386e-01 2.3097486544229331e-01 1.1927005494349885e-09 4.6194973404467127e-01 4.6194973088458663e-01 3.1600846384094439e-09
155 7.5439453125000000e-02 2.3245140460005376e-01 2.3245140261873348e-01 1.9813202745133651e-09 2.3245140381992987e-01 2.3245140261873348e-01 1.2011963923530544e-09 4.6490280841998366e-01 4.6490280523746697e-01 3.1825166946219952e-09
156 7.5927734375000000e-02 2.3392739480979879e-01 2.3392739281456934e-01 1.9952294538772009e-09 2.3392739402435200e-01 2.3392739281456934e-01 1.2097826629364761e-09 4.6785478883415077e-01 4.6785478562913868e-01 3.2050120890581013e-09
157 7.6416015625000000e-02 2.3540283456576774e-01 2.3540283255665340e-01 2.0091143471123729e-09 2.3540283377510079e-01 2.3540283255665340e-01 1.2184473985321631e-09 4.7080566834086857e-01 4.7080566511330679e-01 3.2275617734001116e-09
158 7.6904296875000000e-02 2.3687772039611413e-01 2.3687771837313351e-01 2.0229806163563069e-09 2.3687771960029214e-01 2.3687771837313351e-01 1.2271586247170063e-09 4.7375543999640624e-01 4.7375543674626702e-01 3.2501392133177376e-09
159 7.7392578125000000e-02 2.3835204883029820e-01 2.3835204679346073e-01 2.0368374764601072e-09 2.3835204802933396e-01 2.3835204679346073e-01 1.2358732370820746e-09 4.7670409685963216e-01 4.7670409358692145e-01 3.2727107135421818e-09
160 7.7880859375000000e-02 2.3982581639908110e-01 2.3982581434839795e-01 2.0506831510669343e-09 2.3982581559299590e-01 2.3982581434839795e-01 1.2445979524766670e-09 4.7965163199207700e-01 4.7965162869679590e-01 3.2952811035436014e-09
161 7.8369140625000000e-02 2.4129901963454439e-01 2.4129901757002778e-01 2.0645166132204906e-09 2.4129901882336463e-01 2.4129901757002778e-01 1.2533368509703990e-09 4.8259803845790905e-01 4.8259803514005556e-01 3.3178534919464653e-09
162 7.8857421875000000e-02 2.4277165507010298e-01 2.4277165299176068e-01 2.0783423038128745e-09 2.4277165425383052e-01 2.4277165299176068e-01 1.2620698375265249e-09 4.8554330932393353e-01 4.8554330598352136e-01 3.3404121690949751e-09
163 7.9345703125000000e-02 2.4424371924051633e-01 2.4424371714834328e-01 2.0921730459200205e-09 2.4424371841907663e-01 2.4424371714834328e-01 1.2707333518768849e-09 4.8848743765959296e-01 4.8848743429668656e-01 3.3629063977969054e-09
164 7.9833984375000000e-02 2.4571520868188099e-01 2.4571520657586646e-01 2.1060145294349297e-09 2.4571520785516301e-01 2.4571520657586646e-01 1.2792965575769699e-09 4.9143041653704400e-01 4.9143041315173291e-01 3.3853110870118996e-09
165 8.0322265625000000e-02 2.4718611993164377e-01 2.4718611781177338e-01 2.1198703903380078e-09 2.4718611909951593e-01 2.4718611781177338e-01 1.2877425514812302e-09 4.9437223903115968e-01 4.9437223562354676e-01 3.4076129140636624e-09
166 8.0810546875000000e-02 2.4865644952860355e-01 2.4865644739486786e-01 2.1337356881367953e-09 2.4865644869096229e-01 2.4865644739486786e-01 1.2960944262285778e-09 4.9731289821956581e-01 4.9731289478973573e-01 3.4298300866097975e-09
167 8.1298828125000000e-02 2.5012619401293673e-01 2.5012619186532237e-01 2.1476143641230294e-09 2.5012619316965479e-01 2.5012619186532237e-01 1.3043324198491746e-09 5.0025238718259146e-01 5.0025238373064473e-01 3.4519467284610528e-09
168 8.1787109375000000e-02 2.5159534992618493e-01 2.5159534776468617e-01 2.1614987577578404e-09 2.5159534907718206e-01 2.5159534776468617e-01 1.3124958897492434e-09 5.0319069900336699e-01 5.0319069552937234e-01 3.4739946475070838e-09
169 8.2275390625000000e-02 2.5306391381126775e-01 2.5306391163589353e-01 2.1753742140973031e-09 2.5306391295654912e-01 2.5306391163589353e-01 1.3206555848910284e-09 5.0612782676781687e-01 5.0612782327178707e-01 3.4960297989883315e-09
170 8.2763671875000000e-02 2.5453188221250578e-01 2.5453188002327182e-01 2.1892339607809674e-09 2.5453188135211802e-01 2.5453188002327182e-01 1.3288461997440493e-09 5.0906376356462379e-01 5.0906376004654363e-01 3.5180801605250167e-09
171 8.3251953125000000e-02 2.5599925167562315e-01 2.5599924947254959e-01 2.2030735569167348e-09 2.5599925080963726e-01 2.5599924947254959e-01 1.3370876628115980e-09 5.1199850248526046e-01 5.1199849894509919e-01 3.5401612752394840e-09
172 8.3740234375000000e-02 2.5746601874776132e-01 2.5746601653086482e-01 2.2168964997071328e-09 2.5746601787623163e-01 2.5746601653086482e-01 1.3453668179508327e-09 5.1493203662399289e-01 5.1493203306172963e-01 3.5622632621468142e-09
173 8.4228515625000000e-02 2.5893217997748524e-01 2.5893217774677296e-01 2.2307122815590219e-09 2.5893217910040511e-01 2.5893217774677296e-01 1.3536321508134108e-09 5.1786435907789041e-01 5.1786435549354592e-01 3.5843444878835840e-09
174 8.4716796875000000e-02 2.6039773191478488e-01 2.6039772967025493e-01 2.2445299507900529e-09 2.6039773103209451e-01 2.6039772967025493e-01 1.3618395855452547e-09 5.2079546294687940e-01 5.2079545934050986e-01 3.6063695363353077e-09
175 8.5205078125000000e-02 2.6186267111106842e-01 2.6186266885272558e-01 2.2583428460620780e-09 2.6186267022274951e-01 2.6186266885272558e-01 1.3700239276381865e-09 5.2372534133381787e-01 5.2372533770545115e-01 3.6283667181891133e-09
176 8.5693359375000000e-02 2.6332699411918253e-01 2.6332699184704145e-01 2.2721410863901781e-09 2.6332699322527331e-01 2.6332699184704145e-01 1.3782318619703915e-09 5.2665398734445579e-01 5.2665398369408289e-01 3.6503728928494183e-09
177 8.6181640625000000e-02 2.6479069749343048e-01 2.6479069520750914e-01 2.2859213411052792e-09 2.6479069659399179e-01 2.6479069520750914e-01 1.3864826509113470e-09 5.2958139408742233e-01 5.2958139041501828e-01 3.6724040475277775e-09
178 8.6669921875000000e-02 2.6625377778956683e-01 2.6625377548989326e-01 2.2996735626890086e-09 2.6625377688471558e-01 2.6625377548989326e-01 1.3948223132054238e-09 5.3250755467428235e-01 5.3250755097978653e-01 3.6944958203832812e-09
179 8.7158203125000000e-02 2.6771623156482371e-01 2.6771622925142458e-01 2.3133991389201469e-09 2.6771623065467132e-01 2.6771622925142458e-01 1.4032467410274307e-09 5.3543246221949503e-01 5.3543245850284915e-01 3.7166458799475777e-09
180 8.7646484375000000e-02 2.6917805537791645e-01 2.6917805305080805e-01 2.3271083948728233e-09 2.6917805446251281e-01 2.6917805305080805e-01 1.4117047530959326e-09 5.3835610984042925e-01 5.3835610610161611e-01 3.7388131479687559e-09
181 8.8134765625000000e-02 2.7063924578904058e-01 2.7063924344823115e-01 2.3408094351751174e-09 2.7063924486838459e-01 2.7063924344823115e-01 1.4201534392910276e-09 5.4127849065742517e-01 5.4127848689646230e-01 3.7609628744661450e-09
182 8.8623046875000000e-02 2.7209979935987560e-01 2.7209979700537174e-01 2.3545038696504150e-09 2.7209979843395510e-01 2.7209979700537174e-01 1.4285833627170064e-09 5.4419959779383076e-01 5.4419959401074347e-01 3.7830872878785726e-09
183 8.9111328125000000e-02 2.7355971265360951e-01 2.7355971028540615e-01 2.3682033556404747e-09 2.7355971172234411e-01 2.7355971028540615e-01 1.4369379575107644e-09 5.4711942437595362e-01 5.4711942057081231e-01 3.8051413131512390e-09
184 8.9599609375000000e-02 2.7501898223492260e-01 2.7501897985301743e-01 2.3819051730988861e-09 2.7501898129824726e-01 2.7501897985301743e-01 1.4452298247036310e-09 5.5003796353316980e-01 5.5003795970603486e-01 3.8271349422913659e-09
185 9.0087890625000000e-02 2.7647760467000998e-01 2.7647760227440327e-01 2.3956067130015413e-09 2.7647760372787789e-01 2.7647760227440327e-01 1.4534746184402536e-09 5.5295520839788792e-01 5.5295520454880653e-01 3.8490813869529461e-09
186 9.0576171875000000e-02 2.7793557652658696e-01 2.7793557411728431e-01 2.4093026462779221e-09 2.7793557557898241e-01 2.7793557411728431e-01 1.4616980958948034e-09 5.5587115210556937e-01 5.5587114823456862e-01 3.8710007421727255e-09
187 9.1064453125000000e-02 2.7939289437389575e-01 2.7939289195091199e-01 2.4229837580769242e-09 2.7939289342085510e-01 2.7939289195091199e-01 1.4699431116760309e-09 5.5878578779475085e-01 5.5878578390182398e-01 3.8929268697529551e-09
188 9.1552734375000000e-02 2.8084955478273221e-01 2.8084955234607656e-01 2.4366556550248220e-09 2.8084955382426058e-01 2.8084955234607656e-01 1.4781840196320672e-09 5.6169910860699279e-01 5.6169910469215312e-01 3.9148396746568892e-09
189 9.2041015625000000e-02 2.8230555432543397e-01 2.8230555187511552e-01 2.4503184481439177e-09 2.8230555336153623e-01 2.8230555187511552e-01 1.4864207087406101e-09 5.6461110768697020e-01 5.6461110375023105e-01 3.9367391568845278e-09
190 9.2529296875000000e-02 2.8376088957589701e-01 2.8376088711192127e-01 2.4639757456590416e-09 2.8376088860655563e-01 2.8376088711192127e-01 1.4946343607213919e-09 5.6752177818245264e-01 5.6752177422384253e-01 3.9586101063804335e-09
191 9.3017578125000000e-02 2.8521555710957280e-01 2.8521555463194942e-01 2.4776233842338513e-09 2.8521555613479432e-01 2.8521555463194942e-01 1.5028449040777048e-09 5.7043111324436713e-01 5.7043110926389884e-01 3.9804682883115561e-09
192 9.3505859375000000e-02 2.8666955350348700e-01 2.8666955101222674e-01 2.4912602536453221e-09 2.8666955252328674e-01 2.8666955101222674e-01 1.5110599993484186e-09 5.7333910602677374e-01 5.7333910202445348e-01 4.0023202529937407e-09
193 9.3994140625000000e-02 2.8812287533624276e-01 2.8812287283135946e-01 2.5048833007801363e-09 2.8812287435065248e-01 2.8812287283135946e-01 1.5192930247209802e-09 5.7624574968689524e-01 5.7624574566271891e-01 4.0241763255011165e-09
194 9.4482421875000000e-02 2.8957551918802976e-01 2.8957551666954073e-01 2.5184890284357664e-09 2.8957551819710081e-01 2.8957551666954073e-01 1.5275600784292465e-09 5.7915103738513052e-01 5.7915103333908147e-01 4.0460490513538616e-09
195 9.4970703125000000e-02 2.9102748164063491e-01 2.9102747910855942e-01 2.5320754937219192e-09 2.9102748064443479e-01 2.9102747910855942e-01 1.5358753713279327e-09 5.8205496228506970e-01 5.8205495821711883e-01 4.0679508650498519e-09
196 9.5458984375000000e-02 2.9247875927744638e-01 2.9247875673180762e-01 2.5456387553468574e-09 2.9247875827605935e-01 2.9247875673180762e-01 1.5442517264929734e-09 5.8495751755350578e-01 5.8495751346361524e-01 4.0898905373509820e-09
197 9.5947265625000000e-02 2.9392934868347570e-01 2.9392934612428889e-01 2.5591868069163581e-09 2.9392934767694151e-01 2.9392934612428889e-01 1.5526526175868582e-09 5.8785869636041721e-01 5.8785869224857779e-01 4.1118394245032164e-09
198 9.6435546875000000e-02 2.9537924644535357e-01 2.9537924387262632e-01 2.5727272534581402e-09 2.9537924543366423e-01 2.9537924387262632e-01 1.5610379100472471e-09 5.9075849187901786e-01 5.9075848774525264e-01 4.1337652190165386e-09
199 9.6923828125000000e-02 2.9682844915133372e-01 2.9682844656507035e-01 2.5862633701301263e-09 2.9682844813446352e-01 2.9682844656507035e-01 1.5693931709748199e-09 5.9365689728579718e-01 5.9365689313014069e-01 4.1556564855937950e-09
200 9.7412109375000000e-02 2.9827695339129590e-01 2.9827695079150712e-01 2.5997887731499247e-09 2.9827695236925511e-01 2.9827695079150712e-01 1.5777479878131828e-09 5.9655390576055101e-01 5.9655390158301425e-01 4.1775367609631076e-09
201 9.7900390625000000e-02 2.9972475575677571e-01 2.9972475314346630e-01 2.6133094022107173e-09 2.9972475472953891e-01 2.9972475314346630e-01 1.5860726065852759e-09 5.9944951048631467e-01 5.9944950628693261e-01 4.1993820643071444e-09
202 9.8388671875000000e-02 3.0117185284095627e-01 3.0117185021412907e-01 2.6268272002027970e-09 3.0117185180848943e-01 3.0117185021412907e-01 1.5943603659529515e-09 6.0234370464944575e-01 6.0234370042825813e-01 4.2211876216668998e-09
203 9.8876953125000000e-02 3.0261824123867842e-01 3.0261823859833620e-01 2.6403422226373152e-09 3.0261824020094596e-01 3.0261823859833620e-01 1.6026097671151263e-09 6.0523648143962439e-01 6.0523647719667240e-01 4.2429519897524415e-09
204 9.9365234375000000e-02 3.0406391754645029e-01 3.0406391489259627e-01 2.6538540254250620e-09 3.0406391650341774e-01 3.0406391489259627e-01 1.6108214762056150e-09 6.0812783404986803e-01 6.0812782978519253e-01 4.2646755016306770e-09
205 9.9853515625000000e-02 3.0550887836245494e-01 3.0550887569509311e-01 2.6673618314099201e-09 3.0550887731409371e-01 3.0550887569509311e-01 1.6190006002503310e-09 6.1101775567654859e-01 6.1101775139018621e-01 4.2863623761490999e-09
206 1.0034179687500000e-01 3.0695312028655958e-01 3.0695311760569438e-01 2.6808651965026797e-09 3.0695311923284230e-01 3.0695311760569438e-01 1.6271479164053915e-09 6.1390623951940193e-01 6.1390623521138876e-01 4.3080131684192224e-09
207 1.0083007812500000e-01 3.0839663992031741e-01 3.0839663722595950e-01 2.6943579034544030e-09 3.0839663886124991e-01 3.0839663722595950e-01 1.6352904030902948e-09 6.1679327878156731e-01 6.1679327445191900e-01 4.3296483065446978e-09
208 1.0131835937500000e-01 3.0983943386698276e-01 3.0983943115914719e-01 2.7078355668841425e-09 3.0983943280260506e-01 3.0983943115914719e-01 1.6434578697932523e-09 6.1967886666958782e-01 6.1967886231829439e-01 4.3512934366773948e-09
209 1.0180664062500000e-01 3.1128149873151800e-01 3.1128149601022415e-01 2.7212938569221023e-09 3.1128149766189162e-01 3.1128149601022415e-01 1.6516674694599942e-09 6.2256299639340962e-01 6.2256299202044829e-01 4.3729613263820966e-09
210 1.0229492187500000e-01 3.1272283112060562e-01 3.1272282838587234e-01 2.7347332731686436e-09 3.1272283004578921e-01 3.1272282838587234e-01 1.6599168706221690e-09 6.2544566116639477e-01 6.2544565677174468e-01 4.3946500882796613e-09
211 1.0278320312500000e-01 3.1416342764264987e-01 3.1416342489449756e-01 2.7481523168226829e-09 3.1416342656271007e-01 3.1416342489449756e-01 1.6682125125733194e-09 6.2832685420535994e-01 6.2832684978899511e-01 4.4163648293960023e-09
212 1.0327148437500000e-01 3.1560328490779221e-01 3.1560328214623701e-01 2.7615552067317140e-09 3.1560328382277031e-01 3.1560328214623701e-01 1.6765333010759775e-09 6.3120656873056258e-01 6.3120656429247401e-01 4.4380885633188427e-09
213 1.0375976562500000e-01 3.1704239952791941e-01 3.1704239675296747e-01 2.7749519349029583e-09 3.1704239843780158e-01 3.1704239675296747e-01 1.6848341055641924e-09 6.3408479796572093e-01 6.3408479350593494e-01 4.4597859849559995e-09
214 1.0424804687500000e-01 3.1848076811665693e-01 3.1848076532831332e-01 2.7883436115594407e-09 3.1848076702141520e-01 3.1848076532831332e-01 1.6931018809174248e-09 6.3696153513807219e-01 6.3696153065662664e-01 4.4814455479880166e-09
215 1.0473632812500000e-01 3.1991838728938826e-01 3.1991838448765431e-01 2.8017339559482934e-09 3.1991838618897661e-01 3.1991838448765431e-01 1.7013223052586568e-09 6.3983677347836487e-01 6.3983676897530861e-01 4.5030562612069502e-09
216 1.0522460937500000e-01 3.2135525366325079e-01 3.2135525084813371e-01 2.8151170838874862e-09 3.2135525255765712e-01 3.2135525084813371e-01 1.7095234117192604e-09 6.4271050622090797e-01 6.4271050169626742e-01 4.5246405511178978e-09
217 1.0571289062500000e-01 3.2279136385716306e-01 3.2279136102866612e-01 2.8284969366687562e-09 3.2279136274635073e-01 3.2279136102866612e-01 1.7176846056621287e-09 6.4558272660351379e-01 6.4558272205733225e-01 4.5461815423308849e-09
218 1.0620117187500000e-01 3.2422671449182705e-01 3.2422671164994571e-01 2.8418813413644273e-09 3.2422671337571424e-01 3.2422671164994571e-01 1.7257685280824830e-09 6.4845342786754134e-01 6.4845342329989142e-01 4.5676499249580615e-09
219 1.0668945312500000e-01 3.2566130218972122e-01 3.2566129933445370e-01 2.8552675224169377e-09 3.2566130106824237e-01 3.2566129933445370e-01 1.7337886681900727e-09 6.5132260325796354e-01 6.5132259866890740e-01 4.5890561350958592e-09
220 1.0717773437500000e-01 3.2709512357510906e-01 3.2709512070646668e-01 2.8686423791945970e-09 3.2709512244827443e-01 3.2709512070646668e-01 1.7418077535857890e-09 6.5419024602338349e-01 6.5419024141293336e-01 4.6104501327803860e-09
221 1.0766601562500000e-01 3.2852817527406170e-01 3.2852817239206450e-01 2.8819971964466617e-09 3.2852817414193430e-01 3.2852817239206450e-01 1.7498698046125583e-09 6.5705634941599600e-01 6.5705634478412900e-01 4.6318670010592200e-09
222 1.0815429687500000e-01 3.2996045391446327e-01 3.2996045101913818e-01 2.8953250907903794e-09 3.2996045277714831e-01 3.2996045101913818e-01 1.7580101263625636e-09 6.5992090669161163e-01 6.5992090203827636e-01 4.6533352726640942e-09
223 1.0864257812500000e-01 3.3139195612602418e-01 3.3139195321739762e-01 2.9086265618261109e-09 3.3139195498362417e-01 3.3139195321739762e-01 1.7662265539009070e-09 6.6278391110964829e-01 6.6278390643479523e-01 4.6748530602158667e-09
224 1.0913085937500000e-01 3.3282267854028663e-01 3.3282267561837997e-01 2.9219066610686184e-09 3.3282267739287430e-01 3.3282267561837997e-01 1.7744943292541393e-09 6.6564535593316099e-01 6.6564535123675994e-01 4.6964010458339089e-09
225 1.0961914062500000e-01 3.3425261779063653e-01 3.3425261485545721e-01 2.9351793218168609e-09 3.3425261663819761e-01 3.3425261485545721e-01 1.7827403997472402e-09 6.6850523442883414e-01 6.6850522971091442e-01 4.7179197215641011e-09
226 1.1010742187500000e-01 3.3568177051230480e-01 3.3568176756384416e-01 2.9484606423046955e-09 3.3568176935473043e-01 3.3568176756384416e-01 1.7908862726123687e-09 6.7136353986703523e-01 6.7136353512768832e-01 4.7393469149170642e-09
227 1.1059570312500000e-01 3.3711013334235634e-01 3.3711013038060639e-01 2.9617499563983074e-09 3.3711013217954316e-01 3.3711013038060639e-01 1.7989367773196818e-09 6.7422026552189951e-01 6.7422026076121278e-01 4.7606867337179892e-09
228 1.1108398437500000e-01 3.3853770291971369e-01 3.3853769994466831e-01 2.9750453767185547e-09 3.3853770175156611e-01 3.3853769994466831e-01 1.8068977980512102e-09 6.7707540467127980e-01 6.7707539988933663e-01 4.7819431747697649e-09
229 1.1157226562500000e-01 3.3996447588514889e-01 3.3996447289682091e-01 2.9883279739628676e-09 3.3996447471168595e-01 3.3996447289682091e-01 1.8148650360316765e-09 6.7992895059683489e-01 6.7992894579364183e-01 4.8031930655056954e-09
230 1.1206054687500000e-01 3.4139044888131637e-01 3.4139044587972939e-01 3.0015869789679073e-09 3.4139044770262611e-01 3.4139044587972939e-01 1.8228967224587223e-09 6.8278089658394248e-01 6.8278089175945877e-01 4.8244837014266295e-09
231 1.1254882812500000e-01 3.4281561855276016e-01 3.4281561553794182e-01 3.0148183394196337e-09 3.4281561736894589e-01 3.4281561553794182e-01 1.8310040705848962e-09 6.8563123592170605e-01 6.8563123107588364e-01 4.8458224100045300e-09
232 1.1303710937500000e-01 3.4423998154591212e-01 3.4423997851789612e-01 3.0280160046025628e-09 3.4423998035712067e-01 3.4423997851789612e-01 1.8392245504372795e-09 6.8847996190303284e-01 6.8847995703579223e-01 4.8672406105509936e-09
233 1.1352539062500000e-01 3.4566353450911619e-01 3.4566353146792872e-01 3.0411874685221107e-09 3.4566353331544764e-01 3.4566353146792872e-01 1.8475189156319516e-09 6.9132706782456377e-01 6.9132706293585744e-01 4.8887063286429111e-09
234 1.1401367187500000e-01 3.4708627409264142e-01 3.4708627103828193e-01 3.0543594875531710e-09 3.4708627289403482e-01 3.4708627103828193e-01 1.8557528846940841e-09 6.9417254698667619e-01 6.9417254207656387e-01 4.9101123167361038e-09
235 1.1450195312500000e-01 3.4850819694865909e-01 3.4850819388111226e-01 3.0675468276619711e-09 3.4850819574496550e-01 3.4850819388111226e-01 1.8638532384152029e-09 6.9701639269362459e-01 6.9701638776222452e-01 4.9314000660771740e-09
236 1.1499023437500000e-01 3.4992929973125614e-01 3.4992929665049793e-01 3.0807582040992543e-09 3.4992929852227417e-01 3.4992929665049793e-01 1.8717762340081379e-09 6.9985859825353036e-01 6.9985859330099587e-01 4.9525344936185434e-09
237 1.1547851562500000e-01 3.5134957909643921e-01 3.5134957600244660e-01 3.0939926176642985e-09 3.5134957788197352e-01 3.5134957600244660e-01 1.8795269229876510e-09 7.0269915697841268e-01 7.0269915200489319e-01 4.9735194851407982e-09
238 1.1596679687500000e-01 3.5276903170214985e-01 3.5276902859490400e-01 3.1072458495096100e-09 3.5276903048202746e-01 3.5276902859490400e-01 1.8871234575001949e-09 7.0553806218417736e-01 7.0553805718980800e-01 4.9943693625209562e-09
239 1.1645507812500000e-01 3.5418765420826326e-01 3.5418765108776090e-01 3.1205023565128442e-09 3.5418765298240862e-01 3.5418765108776090e-01 1.8946477164938358e-09 7.0837530719067188e-01 7.0837530217552180e-01 5.0151500730066800e-09
240 1.1694335937500000e-01 3.5560544327659899e-01 3.5560544014286166e-01 3.1337373251894007e-09 3.5560544204508188e-01 3.5560544014286166e-01 1.9022202146778966e-09 7.1121088532168086e-01 7.1121088028572332e-01 5.0359575398672973e-09
241 1.1743164062500000e-01 3.5702239557092591e-01 3.5702239242401157e-01 3.1469143402240718e-09 3.5702239433403349e-01 3.5702239242401157e-01 1.9100219184053913e-09 7.1404478990495934e-01 7.1404478484802314e-01 5.0569362031183118e-09
242 1.1791992187500000e-01 3.5843850775703967e-01 3.5843850459698517e-01 3.1600544958543253e-09 3.5843850651493553e-01 3.5843850459698517e-01 1.9179503540911469e-09 7.1687701427197514e-01 7.1687700919397035e-01 5.0780047944343210e-09
243 1.1840820312500000e-01 3.5985377650270828e-01 3.5985377332953361e-01 3.1731746674701355e-09 3.5985377525544976e-01 3.5985377332953361e-01 1.9259161487816812e-09 7.1970755175815804e-01 7.1970754665906722e-01 5.0990908162518167e-09
244 1.1889648437500000e-01 3.6126819847767822e-01 3.6126819529139298e-01 3.1862852356567828e-09 3.6126819722526693e-01 3.6126819529139298e-01 1.9338739498664381e-09 7.2253639570294514e-01 7.2253639058278596e-01 5.1201591855232209e-09
245 1.1938476562500000e-01 3.6268177035368715e-01 3.6268176715429162e-01 3.1993955262876739e-09 3.6268176909606681e-01 3.6268176715429162e-01 1.9417751850880904e-09 7.2536353944975396e-01 7.2536353430858325e-01 5.1411707113757643e-09
246 1.1987304687500000e-01 3.6409448880446965e-01 3.6409448559195862e-01 3.2125110349667807e-09 3.6409448754154744e-01 3.6409448559195862e-01 1.9495888237130998e-09 7.2818897634601709e-01 7.2818897118391723e-01 5.1620998586798805e-09
247 1.2036132812500000e-01 3.6550635050576102e-01 3.6550634728013076e-01 3.2256302628930200e-09 3.6550634923745823e-01 3.6550634728013076e-01 1.9573274667727958e-09 7.3101269974321925e-01 7.3101269456026152e-01 5.1829577296658158e-09
248 1.2084960937500000e-01 3.6691735213531773e-01 3.6691734889656125e-01 3.2387564852243145e-09 3.6691735086153304e-01 3.6691734889656125e-01 1.9649717963865498e-09 7.3383470299685083e-01 7.3383469779312249e-01 5.2037283371220155e-09
249 1.2133789062500000e-01 3.6832749037290863e-01 3.6832748712102698e-01 3.2518816528437355e-09 3.6832748909358942e-01 3.6832748712102698e-01 1.9725624467170633e-09 7.3665497946649805e-01 7.3665497424205395e-01 5.2244440995607988e-09
250 1.2182617187500000e-01 3.6973676190033683e-01 3.6973675863533645e-01 3.2650003811696138e-09 3.6973676061546012e-01 3.6973675863533645e-01 1.9801236761374241e-09 7.3947352251579690e-01 7.3947351727067290e-01 5.2451240017958867e-09
251 1.2231445312500000e-01 3.7114516340143605e-01 3.7114516012333770e-01 3.2780983483249315e-09 3.7114516211106974e-01 3.7114516012333770e-01 1.9877320345251803e-09 7.4229032551250573e-01 7.4229032024667541e-01 5.2658303273389606e-09
252 1.2280273437500000e-01 3.7255269156208798e-01 3.7255268827092602e-01 3.2911619540776371e-09 3.7255269026637750e-01 3.7255268827092602e-01 1.9954514707265503e-09 7.4510538182846542e-01 7.4510537654185205e-01 5.2866133692930362e-09
253 1.2329101562500000e-01 3.7395934307023881e-01 3.7395933976605167e-01 3.3041871461136907e-09 3.7395934176935836e-01 3.7395933976605167e-01 2.0033066872038319e-09 7.4791868483959711e-01 7.4791867953210334e-01 5.3074937778063713e-09
254 1.2377929687500000e-01 3.7536511461590305e-01 3.7536511129872779e-01 3.3171752567007218e-09 3.7536511331001715e-01 3.7536511129872779e-01 2.0112893572843404e-09 7.5073022792592026e-01 7.5073022259745559e-01 5.3284646694962134e-09
255 1.2426757812500000e-01 3.7677000289116869e-01 3.7676999956103818e-01 3.3301305046862240e-09 3.7677000158041601e-01 3.7676999956103818e-01 2.0193778316190958e-09 7.5354000447158476e-01 7.5353999912207636e-01 5.3495083918164710e-09
256 1.2475585937500000e-01 3.7817400459020067e-01 3.7817400124714506e-01 3.3430556101166076e-09 3.7817400327470041e-01 3.7817400124714506e-01 2.0275553458404261e-09 7.5634800786490108e-01 7.5634800249429013e-01 5.3706109559570336e-09
257 1.2524414062500000e-01 3.7957711640925390e-01 3.7957711305329689e-01 3.3559570122854154e-09 3.7957711508909447e-01 3.7957711305329689e-01 2.0357975860640920e-09 7.5915423149834838e-01 7.5915422610659378e-01 5.3917545983495074e-09
258 1.2573242187500000e-01 3.8097933504668663e-01 3.8097933167783599e-01 3.3688506428930509e-09 3.8097933372184928e-01 3.8097933167783599e-01 2.0440132919574694e-09 7.6195866876853591e-01 7.6195866335567197e-01 5.4128639348505203e-09
259 1.2622070312500000e-01 3.8238065720295539e-01 3.8238065382120645e-01 3.3817489364373898e-09 3.8238065587335013e-01 3.8238065382120645e-01 2.0521436772114043e-09 7.6476131307630557e-01 7.6476130764241290e-01 5.4338926691599454e-09
260 1.2670898437500000e-01 3.8378107958061569e-01 3.8378107618596202e-01 3.3946536692752716e-09 3.8378107824614144e-01 3.8378107618596202e-01 2.0601794159524900e-09 7.6756215782675707e-01 7.6756215237192404e-01 5.4548330297166103e-09
261 1.2719726562500000e-01 3.8518059888434519e-01 3.8518059547677347e-01 3.4075717247894488e-09 3.8518059754486161e-01 3.8518059547677347e-01 2.0680881451795585e-09 7.7036119642920675e-01 7.7036119095354694e-01 5.4756598144578561e-09
262 1.2768554687500000e-01 3.8657921182094174e-01 3.8657920840043680e-01 3.4205049348479122e-09 3.8657921047629479e-01 3.8657920840043680e-01 2.0758579855062465e-09 7.7315842229723653e-01 7.7315841680087360e-01 5.4963629203541586e-09
263 1.2817382812500000e-01 3.8797691509933030e-01 3.8797691166588077e-01 3.4334495246923780e-09 3.8797691374938698e-01 3.8797691166588077e-01 2.0835062009005867e-09 7.7595382884871733e-01 7.7595382333176155e-01 5.5169557811041159e-09
264 1.2866210937500000e-01 3.8937370543057231e-01 3.8937370198417443e-01 3.4463978892951275e-09 3.8937370407525146e-01 3.8937370198417443e-01 2.0910770337501106e-09 7.7874740950582377e-01 7.7874740396834885e-01 5.5374749230452380e-09
265 1.2915039062500000e-01 3.9076957952787406e-01 3.9076957606853530e-01 3.4593387598924608e-09 3.9076957816715968e-01 3.9076957606853530e-01 2.0986243853826636e-09 7.8153915769503368e-01 7.8153915213707059e-01 5.5579630897639731e-09
266 1.2963867187500000e-01 3.9216453410660224e-01 3.9216453063433687e-01 3.4722653641239276e-09 3.9216453274052321e-01 3.9216453063433687e-01 2.1061863364479905e-09 7.8432906684712544e-01 7.8432906126867374e-01 5.5784517005719181e-09
267 1.3012695312500000e-01 3.9355856588429688e-01 3.9355856239911624e-01 3.4851806440805433e-09 3.9355856451285476e-01 3.9355856239911624e-01 2.1137385175507006e-09 7.8711713039715159e-01 7.8711712479823248e-01 5.5989191061200927e-09
268 1.3061523437500000e-01 3.9495167158065753e-01 3.9495166808258209e-01 3.4980754404223546e-09 3.9495167020391697e-01 3.9495166808258209e-01 2.1213348855297909e-09 7.8990334178457444e-01 7.8990333616516417e-01 5.6194102704409943e-09
269 1.3110351562500000e-01 3.9634384791756799e-01 3.9634384440662207e-01 3.5109459228799267e-09 3.9634384653561039e-01 3.9634384440662207e-01 2.1289883189723469e-09 7.9268769445317844e-01 7.9268768881324414e-01 5.6399342973634248e-09
270 1.3159179687500000e-01 3.9773509161910092e-01 3.9773508809531083e-01 3.5237900930518151e-09 3.9773509023202752e-01 3.9773508809531083e-01 2.1367166924690650e-09 7.9547018185112850e-01 7.9547017619062166e-01 5.6605068410320314e-09
271 1.3208007812500000e-01 3.9912539941152142e-01 3.9912539587491769e-01 3.5366037320905264e-09 3.9912539801945451e-01 3.9912539587491769e-01 2.1445368258987685e-09 7.9825079743097593e-01 7.9825079174983538e-01 5.6811405579892948e-09
272 1.3256835937500000e-01 4.0051476802330793e-01 4.0051476447391399e-01 3.5493939454234180e-09 4.0051476662632346e-01 4.0051476447391399e-01 2.1524094728775367e-09 8.0102953464963145e-01 8.0102952894782797e-01 5.7018034738121059e-09
273 1.3305664062500000e-01 4.0190319418514070e-01 4.0190319062298135e-01 3.5621593452717093e-09 4.0190319278332343e-01 4.0190319062298135e-01 2.1603420718996347e-09 8.0380638696846418e-01 8.0380638124596271e-01 5.7225014726824952e-09
274 1.3354492187500000e-01 4.0329067462992102e-01 4.0329067105501881e-01 3.5749022075926007e-09 4.0329067322334367e-01 4.0329067105501881e-01 2.1683248530024457e-09 8.0658134785326463e-01 8.0658134211003762e-01 5.7432270050838952e-09
275 1.3403320312500000e-01 4.0467720609277796e-01 4.0467720250515088e-01 3.5876270843004932e-09 4.0467720468148810e-01 4.0467720250515088e-01 2.1763372215488630e-09 8.0935441077426606e-01 8.0935440501030176e-01 5.7639643058493562e-09
276 1.3452148437500000e-01 4.0606278531107343e-01 4.0606278171073529e-01 3.6003381387317290e-09 4.0606278389508871e-01 4.0606278171073529e-01 2.1843534203647152e-09 8.1212556920616219e-01 8.1212556342147058e-01 5.7846916146075955e-09
277 1.3500976562500000e-01 4.0744740902441190e-01 4.0744740541137020e-01 3.6130416991575487e-09 4.0744740760371573e-01 4.0744740541137020e-01 2.1923455273409331e-09 8.1489481662812757e-01 8.1489481082274040e-01 5.8053871709873306e-09
278 1.3549804687500000e-01 4.0883107397465218e-01 4.0883107034890237e-01 3.6257498114977693e-09 4.0883107254914591e-01 4.0883107034890237e-01 2.2002435429158140e-09 8.1766214652379809e-01 8.1766214069780474e-01 5.8259933544135833e-09
279 1.3598632812500000e-01 4.1021377690589589e-01 4.1021377326743436e-01 3.6384615320628200e-09 4.1021377547549670e-01 4.1021377326743436e-01 2.2080623440778879e-09 8.2042755238139264e-01 8.2042754653486871e-01 5.8465239316518591e-09
280 1.3647460937500000e-01 4.1159551456451349e-01 4.1159551091333285e-01 3.6511806356109844e-09 4.1159551312911907e-01 4.1159551091333285e-01 2.2157862211713564e-09 8.2319102769363250e-01 8.2319102182666570e-01 5.8669668012711895e-09
281 1.3696289062500000e-01 4.1297628369914124e-01 4.1297628003523562e-01 3.6639056233411793e-09 4.1297628225865302e-01 4.1297628003523562e-01 2.2234173946422686e-09 8.2595256595779420e-01 8.2595256007047124e-01 5.8873229624722967e-09
282 1.3745117187500000e-01 4.1435608106069838e-01 4.1435607738405944e-01 3.6766389377440589e-09 4.1435607961499982e-01 4.1435607738405944e-01 2.2309403768794311e-09 8.2871216067569820e-01 8.2871215476811888e-01 5.9075793146234901e-09
283 1.3793945312500000e-01 4.1573490340237523e-01 4.1573489971300803e-01 3.6893672006321765e-09 4.1573490195142887e-01 4.1573489971300803e-01 2.2384208375747505e-09 8.3146980535380410e-01 8.3146979942601607e-01 5.9277880382069270e-09
284 1.3842773437500000e-01 4.1711274747965649e-01 4.1711274377757923e-01 3.7020772558626902e-09 4.1711274602350989e-01 4.1711274377757923e-01 2.2459306636690712e-09 8.3422549350316633e-01 8.3422548755515846e-01 5.9480078640206102e-09
285 1.3891601562500000e-01 4.1848961005032781e-01 4.1848960633557275e-01 3.7147550591143386e-09 4.1848960858911044e-01 4.1848960633557275e-01 2.2535376897891979e-09 8.3697921863943825e-01 8.3697921267114550e-01 5.9682927489035364e-09
286 1.3940429687500000e-01 4.1986548787448341e-01 4.1986548414709812e-01 3.7273852893093817e-09 4.1986548640841431e-01 4.1986548414709812e-01 2.2613161898554779e-09 8.3973097428289778e-01 8.3973096829419624e-01 5.9887015346760109e-09
287 1.3989257812500000e-01 4.2124037771454487e-01 4.2124037397458186e-01 3.7399630059553601e-09 4.2124037624387606e-01 4.2124037397458186e-01 2.2692941969992830e-09 8.4248075395842092e-01 8.4248074794916372e-01 6.0092572029546432e-09
288 1.4038085937500000e-01 4.2261427633527165e-01 4.2261427258277540e-01 3.7524962581692023e-09 4.2261427486020692e-01 4.2261427258277540e-01 2.2774315211471219e-09 8.4522855119547857e-01 8.4522854516555079e-01 6.0299277793163242e-09
289 1.4086914062500000e-01 4.2398718050376627e-01 4.2398717673876274e-01 3.7650035311642682e-09 4.2398717902439564e-01 4.2398717673876274e-01 2.2856329051634816e-09 8.4797435952816191e-01 8.4797435347752548e-01 6.0506364363277498e-09
290 1.4135742187500000e-01 4.2535908698948333e-01 4.2535908321196758e-01 3.7775157446517937e-09 4.2535908550571605e-01 4.2535908321196758e-01 2.2937484689400378e-09 8.5071817249519932e-01 8.5071816642393516e-01 6.0712641580806803e-09
291 1.4184570312500000e-01 4.2672999256419852e-01 4.2672998877416157e-01 3.7900369509458187e-09 4.2672999107591286e-01 4.2672998877416157e-01 2.3017512895684433e-09 8.5345998364011133e-01 8.5345997754832315e-01 6.0917881850031108e-09
292 1.4233398437500000e-01 4.2809989400204762e-01 4.2809989019947148e-01 3.8025761428528426e-09 4.2809989250906666e-01 4.2809989019947148e-01 2.3095951817708738e-09 8.5619978651111428e-01 8.5619978039894296e-01 6.1121713246237164e-09
293 1.4282226562500000e-01 4.2946878807953565e-01 4.2946878426438695e-01 3.8151486969617565e-09 4.2946878658160098e-01 4.2946878426438695e-01 2.3172140317662127e-09 8.5893757466113663e-01 8.5893756852877390e-01 6.1323627287279692e-09
294 1.4331054687500000e-01 4.3083667157550104e-01 4.3083666774776802e-01 3.8277330194347314e-09 4.3083667007247739e-01 4.3083666774776802e-01 2.3247093694500620e-09 8.6167334164797849e-01 8.6167333549553604e-01 6.1524424443959447e-09
295 1.4379882812500000e-01 4.3220354127117905e-01 4.3220353743085266e-01 3.8403263902253570e-09 4.3220353976295028e-01 4.3220353743085266e-01 2.3320976261231863e-09 8.6440708103412933e-01 8.6440707486170532e-01 6.1724240163485433e-09
296 1.4428710937500000e-01 4.3356939395018235e-01 4.3356939009726453e-01 3.8529178181256896e-09 4.3356939243669668e-01 4.3356939009726453e-01 2.3394321480019187e-09 8.6713878638687902e-01 8.6713878019452906e-01 6.1923499661276082e-09
297 1.4477539062500000e-01 4.3493422639852691e-01 4.3493422253302039e-01 3.8655065259796118e-09 4.3493422487973382e-01 4.3493422253302039e-01 2.3467134346866203e-09 8.6986845127826073e-01 8.6986844506604077e-01 6.2122199606662321e-09
298 1.4526367187500000e-01 4.3629803540462758e-01 4.3629803152653762e-01 3.8780899602741670e-09 4.3629803388049299e-01 4.3629803152653762e-01 2.3539553639650990e-09 8.7259606928512057e-01 8.7259606305307524e-01 6.2320453242392659e-09
299 1.4575195312500000e-01 4.3766081775930316e-01 4.3766081386864192e-01 3.8906612376266025e-09 4.3766081622983510e-01 4.3766081386864192e-01 2.3611931854183865e-09 8.7532163398913831e-01 8.7532162773728384e-01 6.2518544785561403e-09
300 1.4624023437500000e-01 4.3902257025578256e-01 4.3902256635257486e-01 3.9032077014944377e-09 4.3902256872106715e-01 4.3902256635257486e-01 2.3684922911826334e-09 8.7804513897684977e-01 8.7804513270514972e-01 6.2717000481882224e-09
301 1.4672851562500000e-01 4.4038328968972518e-01 4.4038328577400127e-01 3.9157239117848519e-09 4.4038328814987743e-01 4.4038328577400127e-01 2.3758761624748104e-09 8.8076657783960255e-01 8.8076657154800253e-01 6.2916000187485110e-09
302 1.4721679687500000e-01 4.4174297285923197e-01 4.4174296893101689e-01 3.9282150865460608e-09 4.4174297131433776e-01 4.4174296893101689e-01 2.3833208739887368e-09 8.8348594417356974e-01 8.8348593786203378e-01 6.3115359605347976e-09
303 1.4770507812500000e-01 4.4310161656483854e-01 4.4310161262415598e-01 3.9406825580456939e-09 4.4310161501497564e-01 4.4310161262415598e-01 2.3908196533639625e-09 8.8620323157981418e-01 8.8620322524831197e-01 6.3315022114096564e-09
304 1.4819335937500000e-01 4.4445921760953083e-01 4.4445921365639851e-01 3.9531323214880842e-09 4.4445921605474009e-01 4.4445921365639851e-01 2.3983415808892516e-09 8.8891843366427092e-01 8.8891842731279702e-01 6.3514739023773359e-09
305 1.4868164062500000e-01 4.4581577279875545e-01 4.4581576883317836e-01 3.9655770889268638e-09 4.4581577123899957e-01 4.4581576883317836e-01 2.4058212089173026e-09 8.9163154403775502e-01 8.9163153766635672e-01 6.3713982978441663e-09
306 1.4916992187500000e-01 4.4717127894038966e-01 4.4717127496239001e-01 3.9779996519051508e-09 4.4717127737573714e-01 4.4717127496239001e-01 2.4133471332454803e-09 8.9434255631612680e-01 8.9434254992478002e-01 6.3913467851506311e-09
307 1.4965820312500000e-01 4.4852573284478714e-01 4.4852572885439668e-01 3.9903904625049336e-09 4.4852573127536383e-01 4.4852572885439668e-01 2.4209671489749951e-09 8.9705146412015102e-01 8.9705145770879335e-01 6.4113576669910799e-09
308 1.5014648437500000e-01 4.4987913132479279e-01 4.4987912732203739e-01 4.0027554049082426e-09 4.4987912975069072e-01 4.4987912732203739e-01 2.4286533339967775e-09 8.9975826107548351e-01 8.9975825464407477e-01 6.4314087389050201e-09
309 1.5063476562500000e-01 4.5123147119573159e-01 4.5123146718063500e-01 4.0150965885388246e-09 4.5123146961702482e-01 4.5123146718063500e-01 2.4363898121215755e-09 9.0246294081275646e-01 9.0246293436127001e-01 6.4514864561715513e-09
310 1.5112304687500000e-01 4.5258274927541825e-01 4.5258274524800313e-01 4.0274151236197042e-09 4.5258274769217643e-01 4.5258274524800313e-01 2.4441733081914663e-09 9.0516549696759463e-01 9.0516549049600625e-01 6.4715883763000193e-09
311 1.5161132812500000e-01 4.5393296238418313e-01 4.5393295834445385e-01 4.0397292733196366e-09 4.5393296079636791e-01 4.5393295834445385e-01 2.4519140606749090e-09 9.0786592318055104e-01 9.0786591668890770e-01 6.4916433339945456e-09
312 1.5209960937500000e-01 4.5528210734486857e-01 4.5528210329280538e-01 4.0520631849894073e-09 4.5528210575229722e-01 4.5528210329280538e-01 2.4594918324183368e-09 9.1056421309716584e-01 9.1056420658561077e-01 6.5115550729188953e-09
313 1.5258789062500000e-01 4.5663018098280633e-01 4.5663017691838936e-01 4.0644169696513188e-09 4.5663017938529271e-01 4.5663017691838936e-01 2.4669033482638270e-09 9.1326036036809910e-01 9.1326035383677873e-01 6.5313203734262970e-09
314 1.5307617187500000e-01 4.5797718012583405e-01 4.5797717604905835e-01 4.0767756948056899e-09 4.5797717852328118e-01 4.5797717604905835e-01 2.4742228266205757e-09 9.1595435864911523e-01 9.1595435209811671e-01 6.5509985214262656e-09
315 1.5356445312500000e-01 4.5932310160431883e-01 4.5932309751519323e-01 4.0891255936870152e-09 4.5932309999670995e-01 4.5932309751519323e-01 2.4815167143366068e-09 9.1864620160102883e-01 9.1864619503038647e-01 6.5706423635347733e-09
316 1.5405273437500000e-01 4.6066794225118129e-01 4.6066793814971085e-01 4.1014704410535785e-09 4.6066794063848249e-01 4.6066793814971085e-01 2.4887716332244736e-09 9.2133588288966384e-01 9.2133587629942171e-01 6.5902421297892033e-09
317 1.5454101562500000e-01 4.6201169890189081e-01 4.6201169478807119e-01 4.1138196182899378e-09 4.6201169728401043e-01 4.6201169478807119e-01 2.4959392330714536e-09 9.2402339618590124e-01 9.2402338957614238e-01 6.6097588513613914e-09
318 1.5502929687500000e-01 4.6335436839445021e-01 4.6335436426828513e-01 4.1261650762791646e-09 4.6335436677134878e-01 4.6335436426828513e-01 2.5030636452427757e-09 9.2670873516579899e-01 9.2670872853657027e-01 6.6292287215219403e-09
319 1.5551757812500000e-01 4.6469594756940513e-01 4.6469594343092169e-01 4.1384834448265906e-09 4.6469594594117253e-01 4.6469594343092169e-01 2.5102508405261403e-09 9.2939189351057760e-01 9.2939188686184337e-01 6.6487342298415797e-09
320 1.5600585937500000e-01 4.6603643326987682e-01 4.6603642911911547e-01 4.1507613457447690e-09 4.6603643163669300e-01 4.6603642911911547e-01 2.5175775353325491e-09 9.3207286490656982e-01 9.3207285823823094e-01 6.6683388810773181e-09
321 1.5649414062500000e-01 4.6737582234156816e-01 4.6737581817857426e-01 4.1629938940523914e-09 4.6737582070363709e-01 4.6737581817857426e-01 2.5250628254980256e-09 9.3475164304520519e-01 9.3475163635714853e-01 6.6880566640392658e-09
322 1.5698242187500000e-01 4.6871411163276921e-01 4.6871410745758613e-01 4.1751830881509022e-09 4.6871410999028246e-01 4.6871410745758613e-01 2.5326963304372896e-09 9.3742822162305162e-01 9.3742821491517225e-01 6.7078793630770406e-09
323 1.5747070312500000e-01 4.7005129799436512e-01 4.7005129380702715e-01 4.1873379763579521e-09 4.7005129634745729e-01 4.7005129380702715e-01 2.5404301440268284e-09 9.4010259434182242e-01 9.4010258761405430e-01 6.7277681203847806e-09
324 1.5795898437500000e-01 4.7138737827984201e-01 4.7138737408036868e-01 4.1994733246397686e-09 4.7138737662856589e-01 4.7138737408036868e-01 2.5481972087959548e-09 9.4277475490840790e-01 9.4277474816073736e-01 6.7476705334357234e-09
325 1.5844726562500000e-01 4.7272234934529450e-01 4.7272234513368477e-01 4.2116097276334585e-09 4.7272234768957572e-01 4.7272234513368477e-01 2.5558909433343047e-09 9.4544469703487022e-01 9.4544469026736955e-01 6.7675006709677632e-09
326 1.5893554687500000e-01 4.7405620804940996e-01 4.7405620382565961e-01 4.2237503494746420e-09 4.7405620638915646e-01 4.7405620382565961e-01 2.5634968592314067e-09 9.4811241443856642e-01 9.4811240765131921e-01 6.7872472087060487e-09
327 1.5942382812500000e-01 4.7538895125348463e-01 4.7538894701759488e-01 4.2358897500704984e-09 4.7538894958863320e-01 4.7538894701759488e-01 2.5710383266819292e-09 9.5077790084211777e-01 9.5077789403518975e-01 6.8069280212412764e-09
328 1.5991210937500000e-01 4.7672057582145255e-01 4.7672057157341696e-01 4.2480355899598976e-09 4.7672057415189872e-01 4.7672057157341696e-01 2.5784817614393774e-09 9.5344114997335128e-01 9.5344114314683392e-01 6.8265173513992750e-09
329 1.6040039062500000e-01 4.7805107861986812e-01 4.7805107435968480e-01 4.2601833172284387e-09 4.7805107694553545e-01 4.7805107435968480e-01 2.5858506447207219e-09 9.5610215556540357e-01 9.5610214871936960e-01 6.8460339619491606e-09
330 1.6088867187500000e-01 4.7938045651790823e-01 4.7938045224559678e-01 4.2723114490605951e-09 4.7938045483884567e-01 4.7938045224559678e-01 2.5932488934010678e-09 9.5876091135675390e-01 9.5876090449119356e-01 6.8655603424616629e-09
331 1.6137695312500000e-01 4.8070870638741198e-01 4.8070870210299826e-01 4.2844137126962778e-09 4.8070870470370675e-01 4.8070870210299826e-01 2.6007084819035242e-09 9.6141741109111867e-01 9.6141740420599653e-01 6.8851221390886508e-09
332 1.6186523437500000e-01 4.8203582510288340e-01 4.8203582080638907e-01 4.2964943269829803e-09 4.8203582341459256e-01 4.8203582080638907e-01 2.6082034865204662e-09 9.6407164851747595e-01 9.6407164161277814e-01 6.9046978135034465e-09
333 1.6235351562500000e-01 4.8336180954149160e-01 4.8336180523293076e-01 4.3085608414372700e-09 4.8336180784862670e-01 4.8336180523293076e-01 2.6156959376244515e-09 9.6672361739011836e-01 9.6672361046586153e-01 6.9242568345728728e-09
334 1.6284179687500000e-01 4.8468665658308663e-01 4.8468665226245372e-01 4.3206329070066829e-09 4.8468665488555135e-01 4.8468665226245372e-01 2.6230976279961737e-09 9.6937331146863803e-01 9.6937330452490744e-01 6.9437305905140079e-09
335 1.6333007812500000e-01 4.8601036311016499e-01 4.8601035877746512e-01 4.3326998655501825e-09 4.8601036140791865e-01 4.8601035877746512e-01 2.6304535216681302e-09 9.7202072451808363e-01 9.7202071755493025e-01 6.9631533872183127e-09
336 1.6381835937500000e-01 4.8733292600791506e-01 4.8733292166315556e-01 4.3447594966217196e-09 4.8733292430093489e-01 4.8733292166315556e-01 2.6377793282961193e-09 9.7466585030884989e-01 9.7466584332631112e-01 6.9825387694066876e-09
337 1.6430664062500000e-01 4.8865434216423109e-01 4.8865433780740686e-01 4.3568242347191699e-09 4.8865434045241474e-01 4.8865433780740686e-01 2.6450078793871512e-09 9.7730868261664583e-01 9.7730867561481372e-01 7.0018321141063211e-09
338 1.6479492187500000e-01 4.8997460846968577e-01 4.8997460410079918e-01 4.3688865858371173e-09 4.8997460675297910e-01 4.8997460410079918e-01 2.6521799201262297e-09 9.7994921522266487e-01 9.7994920820159837e-01 7.0210665059633470e-09
339 1.6528320312500000e-01 4.9129372181756836e-01 4.9129371743661820e-01 4.3809501582003918e-09 4.9129372009589811e-01 4.9129371743661820e-01 2.6592799073910101e-09 9.8258744191346648e-01 9.8258743487323641e-01 7.0402300655914019e-09
340 1.6577148437500000e-01 4.9261167910386250e-01 4.9261167471086315e-01 4.3929993531754974e-09 4.9261167737724532e-01 4.9261167471086315e-01 2.6663821706129909e-09 9.8522335648110781e-01 9.8522334942172629e-01 7.0593815237884883e-09
341 1.6625976562500000e-01 4.9392847722728961e-01 4.9392847282225300e-01 4.4050366132530883e-09 4.9392847549572838e-01 4.9392847282225300e-01 2.6734753855173210e-09 9.8785695272301799e-01 9.8785694564450599e-01 7.0785119987704093e-09
342 1.6674804687500000e-01 4.9524411308927807e-01 4.9524410867223484e-01 4.4170432311751995e-09 4.9524411135288543e-01 4.9524410867223484e-01 2.6806505903920197e-09 9.9048822444216356e-01 9.9048821734446968e-01 7.0976938770783704e-09
343 1.6723632812500000e-01 4.9655858359400579e-01 4.9655857916499019e-01 4.4290155987170010e-09 4.9655858185291823e-01 4.9655857916499019e-01 2.6879280468072864e-09 9.9311716544692397e-01 9.9311715832998038e-01 7.1169435900131361e-09
344 1.6772460937500000e-01 4.9787188564841145e-01 4.9787188120744313e-01 4.4409683153112667e-09 4.9787188390268039e-01 4.9787188120744313e-01 2.6952372556010573e-09 9.9574376955109178e-01 9.9574376241488627e-01 7.1362055154011728e-09
345 1.6821289062500000e-01 4.9918401616218711e-01 4.9918401170926691e-01 4.4529201992382639e-09 4.9918401441174765e-01 4.9918401170926691e-01 2.7024807391917705e-09 9.9836803057393475e-01 9.9836802341853381e-01 7.1554009384300343e-09
346 1.6870117187500000e-01 5.0049497204776017e-01 5.0049496758289203e-01 4.4648681418735237e-09 5.0049497029256962e-01 5.0049496758289203e-01 2.7096775934154493e-09 1.0009899423403299e+00 1.0009899351657841e+00 7.1745458463112755e-09
347 1.6918945312500000e-01 5.0180475022031357e-01 5.0180474574351241e-01 4.4768011520091022e-09 5.0180474846039136e-01 5.0180474574351241e-01 2.7168789440423780e-09 1.0036094986807049e+00 1.0036094914870248e+00 7.1936800960514802e-09
348 1.6967773437500000e-01 5.0311334759779991e-01 5.0311334310909384e-01 4.4887060735021578e-09 5.0311334583323930e-01 5.0311334310909384e-01 2.7241454647608521e-09 1.0062266934310391e+00 1.0062266862181877e+00 7.2128514272407074e-09
349 1.7016601562500000e-01 5.0442076110096978e-01 5.0442075660038010e-01 4.5005896787131405e-09 5.0442075933183217e-01 5.0442075660038010e-01 2.7314520645305151e-09 1.0088415204328021e+00 1.0088415132007602e+00 7.2320418542659581e-09
350 1.7065429687500000e-01 5.0572698765335222e-01 5.0572698314090081e-01 4.5124514125305382e-09 5.0572698587970188e-01 5.0572698314090081e-01 2.7388010748197189e-09 1.0114539735330541e+00 1.0114539662818016e+00 7.2512524873502571e-09
351 1.7114257812500000e-01 5.0703202418126048e-01 5.0703201965697886e-01 4.5242816160140364e-09 5.0703202240321510e-01 5.0703201965697886e-01 2.7462362384156336e-09 1.0140640465844757e+00 1.0140640393139577e+00 7.2705179654519725e-09
352 1.7163085937500000e-01 5.0833586761383032e-01 5.0833586307773748e-01 4.5360928346838136e-09 5.0833586583144064e-01 5.0833586307773748e-01 2.7537031543900525e-09 1.0166717334452708e+00 1.0166717261554750e+00 7.2897958780515637e-09
353 1.7211914062500000e-01 5.0963851488298695e-01 5.0963851033510688e-01 4.5478800725362589e-09 5.0963851309632158e-01 5.0963851033510688e-01 2.7612147013300614e-09 1.0192770279793084e+00 1.0192770206702138e+00 7.3090946628440179e-09
354 1.7260742187500000e-01 5.1093996292347643e-01 5.1093995836383233e-01 4.5596441067274895e-09 5.1093996113260365e-01 5.1093995836383233e-01 2.7687713233248701e-09 1.0218799240560801e+00 1.0218799167276647e+00 7.3284154300523596e-09
355 1.7309570312500000e-01 5.1224020867287567e-01 5.1224020410148086e-01 4.5713948182424247e-09 5.1224020687780392e-01 5.1224020410148086e-01 2.7763230603383704e-09 1.0244804155506797e+00 1.0244804082029617e+00 7.3477179896030975e-09
356 1.7358398437500000e-01 5.1353924907159743e-01 5.1353924448844868e-01 4.5831487494041312e-09 5.1353924727223788e-01 5.1353924448844868e-01 2.7837891991566721e-09 1.0270784963438353e+00 1.0270784889768974e+00 7.3669379485608033e-09
357 1.7407226562500000e-01 5.1483708106287962e-01 5.1483707646796839e-01 4.5949112292831273e-09 5.1483707925911271e-01 5.1483707646796839e-01 2.7911443156725113e-09 1.0296741603219923e+00 1.0296741529359368e+00 7.3860555449556387e-09
358 1.7456054687500000e-01 5.1613370159281735e-01 5.1613369698611589e-01 4.6067014647377391e-09 5.1613369978440871e-01 5.1613369698611589e-01 2.7982928196834678e-09 1.0322674013772262e+00 1.0322673939722318e+00 7.4049943954435093e-09
359 1.7504882812500000e-01 5.1742910761034322e-01 5.1742910299181766e-01 4.6185255619946020e-09 5.1742910579701673e-01 5.1742910299181766e-01 2.8051990730304510e-09 1.0348582134073601e+00 1.0348582059836353e+00 7.4237247460473554e-09
360 1.7553710937500000e-01 5.1872329606723766e-01 5.1872329143685858e-01 4.6303790801616174e-09 5.1872329424874608e-01 5.1872329143685858e-01 2.8118875006200028e-09 1.0374465903159837e+00 1.0374465828737172e+00 7.4422665807816202e-09
361 1.7602539062500000e-01 5.2001626391813638e-01 5.2001625927588802e-01 4.6422483634955825e-09 5.2001626209431662e-01 5.2001625927588802e-01 2.8184286016141868e-09 1.0400325260124530e+00 1.0400325185517760e+00 7.4606769651097693e-09
362 1.7651367187500000e-01 5.2130800812054312e-01 5.2130800346642781e-01 4.6541153153611958e-09 5.2130800629133933e-01 5.2130800346642781e-01 2.8249115269218805e-09 1.0426160144118826e+00 1.0426160069328556e+00 7.4790269533053788e-09
363 1.7700195312500000e-01 5.2259852563486142e-01 5.2259852096887893e-01 4.6659824892714141e-09 5.2259852380019944e-01 5.2259852096887893e-01 2.8313205113761342e-09 1.0451970494350609e+00 1.0451970419377579e+00 7.4973030006475483e-09
364 1.7749023437500000e-01 5.2388781342435042e-01 5.2388780874652929e-01 4.6778211304498996e-09 5.2388781158432884e-01 5.2388780874652929e-01 2.8377995509032417e-09 1.0477756250086792e+00 1.0477756174930586e+00 7.5156205703308387e-09
365 1.7797851562500000e-01 5.2517586845517772e-01 5.2517586376556014e-01 4.6896175831534492e-09 5.2517586660998061e-01 5.2517586376556014e-01 2.8444204769328962e-09 1.0503517350651583e+00 1.0503517275311203e+00 7.5340380600863455e-09
366 1.7846679687500000e-01 5.2646268769640614e-01 5.2646268299505361e-01 4.7013525295014347e-09 5.2646268584633171e-01 5.2646268299505361e-01 2.8512781025114009e-09 1.0529253735427377e+00 1.0529253659901072e+00 7.5526305209905331e-09
367 1.7895507812500000e-01 5.2774826812002795e-01 5.2774826340699965e-01 4.7130283009622076e-09 5.2774826626535598e-01 5.2774826340699965e-01 2.8583563294048986e-09 1.0554965343853839e+00 1.0554965268139993e+00 7.5713846303671062e-09
368 1.7944335937500000e-01 5.2903260670095908e-01 5.2903260197630353e-01 4.7246555556768044e-09 5.2903260484191073e-01 5.2903260197630353e-01 2.8656071959787255e-09 1.0580652115428699e+00 1.0580652039526071e+00 7.5902628626778323e-09
369 1.7993164062500000e-01 5.3031570041705289e-01 5.3031569568079229e-01 4.7362606059309087e-09 5.3031569855368854e-01 5.3031569568079229e-01 2.8728962542245995e-09 1.0606313989707414e+00 1.0606313913615846e+00 7.6091568601555082e-09
370 1.8041992187500000e-01 5.3159754624908573e-01 5.3159754150122274e-01 4.7478629916497539e-09 5.3159754438135398e-01 5.3159754150122274e-01 2.8801312446091742e-09 1.0631950906304397e+00 1.0631950830024455e+00 7.6279942362589281e-09
371 1.8090820312500000e-01 5.3287814118074683e-01 5.3287813642128767e-01 4.7594591601196612e-09 5.3287813930861316e-01 5.3287813642128767e-01 2.8873254898087453e-09 1.0657562804893601e+00 1.0657562728425753e+00 7.6467847609507089e-09
372 1.8139648437500000e-01 5.3415748219865322e-01 5.3415747742762354e-01 4.7710296824376996e-09 5.3415748032219890e-01 5.3415747742762354e-01 2.8945753571818500e-09 1.0683149625208521e+00 1.0683149548552471e+00 7.6656050396195496e-09
373 1.8188476562500000e-01 5.3543556629238587e-01 5.3543556150981764e-01 4.7825682303326289e-09 5.3543556441172735e-01 5.3543556150981764e-01 2.9019097125271287e-09 1.0708711307041132e+00 1.0708711230196353e+00 7.6844779428597576e-09
374 1.8237304687500000e-01 5.3671239045450414e-01 5.3671238566041435e-01 4.7940897918152814e-09 5.3671238856967918e-01 5.3671238566041435e-01 2.9092648290429679e-09 1.0734247790241833e+00 1.0734247713208287e+00 7.7033546208582493e-09
375 1.8286132812500000e-01 5.3798795168051239e-01 5.3798794687492335e-01 4.8055890378151389e-09 5.3798794979157849e-01 5.3798794687492335e-01 2.9166551396286877e-09 1.0759759014720909e+00 1.0759758937498467e+00 7.7222441774438266e-09
376 1.8334960937500000e-01 5.3926224696891500e-01 5.3926224215182561e-01 4.8170893940380211e-09 5.3926224507579656e-01 5.3926224215182561e-01 2.9239709542494552e-09 1.0785244920447115e+00 1.0785244843036512e+00 7.7410602372651738e-09
377 1.8383789062500000e-01 5.4053527332118068e-01 5.4053526849258149e-01 4.8285991871566125e-09 5.4053527142375002e-01 5.4053526849258149e-01 2.9311685301181001e-09 1.0810705447449307e+00 1.0810705369851630e+00 7.7597677172747126e-09
378 1.8432617187500000e-01 5.4180702774177103e-01 5.4180702290163696e-01 4.8401340713155605e-09 5.4180702583980411e-01 5.4180702290163696e-01 2.9381671540207321e-09 1.0836140535815750e+00 1.0836140458032739e+00 7.7783011143139902e-09
379 1.8481445312500000e-01 5.4307750723812631e-01 5.4307750238643115e-01 4.8516951567378896e-09 5.4307750533138910e-01 5.4307750238643115e-01 2.9449579441731544e-09 1.0861550125695154e+00 1.0861550047728623e+00 7.7966531009110440e-09
380 1.8530273437500000e-01 5.4434670882067293e-01 5.4434670395740292e-01 4.8632700089257241e-09 5.4434670690901477e-01 5.4434670395740292e-01 2.9516118438266403e-09 1.0886934157296877e+00 1.0886934079148058e+00 7.8148818527523645e-09
381 1.8579101562500000e-01 5.4561462950283790e-01 5.4561462462799848e-01 4.8748394210207380e-09 5.4561462758622359e-01 5.4561462462799848e-01 2.9582251093174250e-09 1.0912292570890614e+00 1.0912292492559970e+00 7.8330644193158605e-09
382 1.8627929687500000e-01 5.4688126630106959e-01 5.4688126141467797e-01 4.8863916246588701e-09 5.4688126437952711e-01 5.4688126141467797e-01 2.9648491439715485e-09 1.0937625306805967e+00 1.0937625228293559e+00 7.8512407686304186e-09
383 1.8676757812500000e-01 5.4814661623482785e-01 5.4814661133692277e-01 4.8979050815134428e-09 5.4814661430851608e-01 5.4814661133692277e-01 2.9715933047569365e-09 1.0962932305433439e+00 1.0962932226738455e+00 7.8694983862703793e-09
384 1.8725585937500000e-01 5.4941067632663088e-01 5.4941067141724220e-01 4.9093886733686531e-09 5.4941067439566060e-01 5.4941067141724220e-01 2.9784184008008197e-09 1.0988213507222915e+00 1.0988213428344844e+00 7.8878070741694728e-09
385 1.8774414062500000e-01 5.5067344360201353e-01 5.5067343868118068e-01 4.9208328523064893e-09 5.5067344166654286e-01 5.5067343868118068e-01 2.9853621796860352e-09 1.1013468852685564e+00 1.1013468773623614e+00 7.9061950319925245e-09
386 1.8823242187500000e-01 5.5193491508957837e-01 5.5193491015732521e-01 4.9322531614492959e-09 5.5193491314967824e-01 5.5193491015732521e-01 2.9923530320274949e-09 1.1038698282392567e+00 1.1038698203146504e+00 7.9246063044990933e-09
387 1.8872070312500000e-01 5.5319508782097315e-01 5.5319508287731112e-01 4.9436620352949490e-09 5.5319508587664090e-01 5.5319508287731112e-01 2.9993297845365419e-09 1.1063901736976141e+00 1.1063901657546222e+00 7.9429918198314908e-09
388 1.8920898437500000e-01 5.5445395883089343e-01 5.5445395387583074e-01 4.9550626934902198e-09 5.5445395688211008e-01 5.5445395387583074e-01 3.0062793365814855e-09 1.1089079157130035e+00 1.1089079077516615e+00 7.9613420300717053e-09
389 1.8969726562500000e-01 5.5571152515707944e-01 5.5571152019063852e-01 4.9664409251803932e-09 5.5571152320390171e-01 5.5571152019063852e-01 3.0132631945178900e-09 1.1114230483609813e+00 1.1114230403812770e+00 7.9797042307205857e-09
390 1.9018554687500000e-01 5.5696778384036438e-01 5.5696777886255988e-01 4.9778045019266415e-09 5.5696778188280482e-01 5.5696777886255988e-01 3.0202449430305478e-09 1.1139355657231693e+00 1.1139355577251198e+00 7.9980495559794917e-09
391 1.9067382812500000e-01 5.5822273192464256e-01 5.5822272693549657e-01 4.9891459852346998e-09 5.5822272996276345e-01 5.5822272693549657e-01 3.0272668816166970e-09 1.1164454618874060e+00 1.1164454538709931e+00 8.0164128668513968e-09
392 1.9116210937500000e-01 5.5947636645691368e-01 5.5947636145643442e-01 5.0004792528923758e-09 5.5947636449069116e-01 5.5947636145643442e-01 3.0342567347574345e-09 1.1189527309476048e+00 1.1189527229128688e+00 8.0347359876498103e-09
393 1.9165039062500000e-01 5.6072868448726310e-01 5.6072867947545069e-01 5.0118124095277494e-09 5.6072868251662267e-01 5.6072867947545069e-01 3.0411719809109172e-09 1.1214573670038859e+00 1.1214573589509014e+00 8.0529845014609691e-09
394 1.9213867187500000e-01 5.6197968306886104e-01 5.6197967804571980e-01 5.0231412362933270e-09 5.6197968109375818e-01 5.6197967804571980e-01 3.0480383772513164e-09 1.1239593641626193e+00 1.1239593560914396e+00 8.0711797245669459e-09
395 1.9262695312500000e-01 5.6322935925797268e-01 5.6322935422352138e-01 5.0344513002897884e-09 5.6322935727844115e-01 5.6322935422352138e-01 3.0549197616025481e-09 1.1264587165364137e+00 1.1264587084470428e+00 8.0893709508700340e-09
396 1.9311523437500000e-01 5.6447771011400005e-01 5.6447770506824668e-01 5.0457533706804725e-09 5.6447770813001485e-01 5.6447770506824668e-01 3.0617681723299484e-09 1.1289554182440149e+00 1.1289554101364934e+00 8.1075215430104208e-09
397 1.9360351562500000e-01 5.6572473269945445e-01 5.6572472764240567e-01 5.0570487797330088e-09 5.6572473071098028e-01 5.6572472764240567e-01 3.0685746166270178e-09 1.1314494634104348e+00 1.1314494552848113e+00 8.1256235073823291e-09
398 1.9409179687500000e-01 5.6697042407997300e-01 5.6697041901163348e-01 5.0683395258488417e-09 5.6697042208696657e-01 5.6697041901163348e-01 3.0753330992894234e-09 1.1339408461669396e+00 1.1339408380232670e+00 8.1436726251382652e-09
399 1.9458007812500000e-01 5.6821478132431724e-01 5.6821477624469841e-01 5.0796188366675210e-09 5.6821477932676945e-01 5.6821477624469841e-01 3.0820710428258735e-09 1.1364295606510866e+00 1.1364295524893968e+00 8.1616897684710921e-09
400 1.9506835937500000e-01 5.6945780150439440e-01 5.6945779641350724e-01 5.0908871562782565e-09 5.6945779950229691e-01 5.6945779641350724e-01 3.0887896684816951e-09 1.1389156010066914e+00 1.1389155928270145e+00 8.1796769357822541e-09
401 1.9555664062500000e-01 5.7069948169526052e-01 5.7069947659311382e-01 5.1021467051270974e-09 5.7069947968859136e-01 5.7069947659311382e-01 3.0954775409597346e-09 1.1413989613838518e+00 1.1413989531862276e+00 8.1976241350645296e-09
402 1.9604492187500000e-01 5.7193981897511936e-01 5.7193981386172454e-01 5.1133948186787848e-09 5.7193981696386997e-01 5.7193981386172454e-01 3.1021454294233308e-09 1.1438796359389893e+00 1.1438796277234491e+00 8.2155402481021156e-09
403 1.9653320312500000e-01 5.7317881042534113e-01 5.7317880530070586e-01 5.1246352716916022e-09 5.7317880840948965e-01 5.7317880530070586e-01 3.1087837859544720e-09 1.1463576188348308e+00 1.1463576106014117e+00 8.2334190576460742e-09
404 1.9702148437500000e-01 5.7441645313046097e-01 5.7441644799459168e-01 5.1358692854108767e-09 5.7441645110996842e-01 5.7441644799459168e-01 3.1153767343639061e-09 1.1488329042404293e+00 1.1488328959891834e+00 8.2512459087524803e-09
405 1.9750976562500000e-01 5.7565274417817747e-01 5.7565273903108871e-01 5.1470887552085287e-09 5.7565274215306006e-01 5.7565273903108871e-01 3.1219713481078770e-09 1.1513054863312375e+00 1.1513054780621774e+00 8.2690601033164057e-09
406 1.9799804687500000e-01 5.7688768065936780e-01 5.7688767550108522e-01 5.1582825788543119e-09 5.7688767862969870e-01 5.7688767550108522e-01 3.1286134793973019e-09 1.1537753592890665e+00 1.1537753510021704e+00 8.2868960582516138e-09
407 1.9848632812500000e-01 5.7812125966810290e-01 5.7812125449865592e-01 5.1694469815899424e-09 5.7812125763398425e-01 5.7812125449865592e-01 3.1353283302948398e-09 1.1562425173020872e+00 1.1562425089973118e+00 8.3047753118847822e-09
408 1.9897460937500000e-01 5.7935347830165329e-01 5.7935347312107066e-01 5.1805826295492352e-09 5.7935347626318479e-01 5.7935347312107066e-01 3.1421141244436512e-09 1.1587069545648381e+00 1.1587069462421413e+00 8.3226967539928864e-09
409 1.9946289062500000e-01 5.8058433366050100e-01 5.8058432846879959e-01 5.1917014021185537e-09 5.8058433161771139e-01 5.8058432846879959e-01 3.1489117979788261e-09 1.1611686652782125e+00 1.1611686569375992e+00 8.3406133111196823e-09
410 1.9995117187500000e-01 5.8181382284832672e-01 5.8181381764552154e-01 5.2028051866770397e-09 5.8181382080122901e-01 5.8181381764552154e-01 3.1557074731125567e-09 1.1636276436495558e+00 1.1636276352910431e+00 8.3585127708118989e-09
411 2.0043945312500000e-01 5.8304194297202228e-01 5.8304193775812940e-01 5.2138928730016687e-09 5.8304194092064177e-01 5.8304193775812940e-01 3.1625123630973917e-09 1.1660838838926639e+00 1.1660838755162588e+00 8.3764051250767579e-09
412 2.0092773437500000e-01 5.8426869114169810e-01 5.8426868591673831e-01 5.2249597981557372e-09 5.8426868908608232e-01 5.8426868591673831e-01 3.1693440094571201e-09 1.1685373802277805e+00 1.1685373718334766e+00 8.3943039186351598e-09
413 2.0141601562500000e-01 5.8549406447070385e-01 5.8549405923469122e-01 5.2360126234773929e-09 5.8549406241086122e-01 5.8549405923469122e-01 3.1761699936794230e-09 1.1709881268815652e+00 1.1709881184693824e+00 8.4121827281791184e-09
414 2.0190429687500000e-01 5.8671806007561333e-01 5.8671805482856598e-01 5.2470473521637473e-09 5.8671805801157739e-01 5.8671805482856598e-01 3.1830114100017681e-09 1.1734361180871908e+00 1.1734361096571320e+00 8.4300588731878179e-09
415 2.0239257812500000e-01 5.8794067507625103e-01 5.8794066981818327e-01 5.2580677589730840e-09 5.8794067300802855e-01 5.8794066981818327e-01 3.1898452768075458e-09 1.1758813480842796e+00 1.1758813396363665e+00 8.4479130357806298e-09
416 2.0288085937500000e-01 5.8916190659568801e-01 5.8916190132661139e-01 5.2690766194629646e-09 5.8916190452327688e-01 5.8916190132661139e-01 3.1966654878701206e-09 1.1783238111189649e+00 1.1783238026532228e+00 8.4657421073330852e-09
417 2.0336914062500000e-01 5.9038175176024432e-01 5.9038174648017505e-01 5.2800692706966856e-09 5.9038174968366897e-01 5.9038174648017505e-01 3.2034939145830776e-09 1.1807635014439133e+00 1.1807634929603501e+00 8.4835631852797633e-09
418 2.0385742187500000e-01 5.9160020769951460e-01 5.9160020240846056e-01 5.2910540393469319e-09 5.9160020561874893e-01 5.9160020240846056e-01 3.2102883684714811e-09 1.1832004133182634e+00 1.1832004048169211e+00 8.5013422967961105e-09
419 2.0434570312500000e-01 5.9281727154636332e-01 5.9281726624432352e-01 5.3020398071979002e-09 5.9281726946131974e-01 5.9281726624432352e-01 3.2169962249639639e-09 1.1856345410076830e+00 1.1856345324886470e+00 8.5190359211395617e-09
420 2.0483398437500000e-01 5.9403294043692312e-01 5.9403293512389510e-01 5.3130280175395228e-09 5.9403293834751181e-01 5.9403293512389510e-01 3.2236167069044086e-09 1.1880658787844349e+00 1.1880658702477902e+00 8.5366447244439314e-09
421 2.0532226562500000e-01 5.9524721151060500e-01 5.9524720618658911e-01 5.3240158948142380e-09 5.9524720941675124e-01 5.9524720618658911e-01 3.2301621377683887e-09 1.1904944209273562e+00 1.1904944123731782e+00 8.5541780325826267e-09
422 2.0581054687500000e-01 5.9646008191009792e-01 5.9646007657510824e-01 5.3349896722565404e-09 5.9646007981181448e-01 5.9646007657510824e-01 3.2367062363647392e-09 1.1929201617219123e+00 1.1929201531502165e+00 8.5716957975989772e-09
423 2.0629882812500000e-01 5.9767154878137785e-01 5.9767154343545148e-01 5.3459263682498204e-09 5.9767154667880495e-01 5.9767154343545148e-01 3.2433534746800774e-09 1.1953430954601827e+00 1.1953430868709030e+00 8.5892797319075953e-09
424 2.0678710937500000e-01 5.9888160927375600e-01 5.9888160391692025e-01 5.3568357527566945e-09 5.9888160716697902e-01 5.9888160391692025e-01 3.2500587776596035e-09 1.1977632164407350e+00 1.1977632078338405e+00 8.6068945304162980e-09
425 2.0727539062500000e-01 6.0009026053984815e-01 6.0009025517212522e-01 5.3677229328030762e-09 6.0009025842893060e-01 6.0009025517212522e-01 3.2568053809356456e-09 1.2001805189687786e+00 1.2001805103442504e+00 8.6245282027164194e-09
426 2.0776367187500000e-01 6.0129749973558411e-01 6.0129749435699353e-01 5.3785905729242245e-09 6.0129749762056184e-01 6.0129749435699353e-01 3.2635683044901498e-09 1.2025949973561461e+00 1.2025949887139871e+00 8.6421589884366767e-09
427 2.0825195312500000e-01 6.0250332402021656e-01 6.0250331863077444e-01 5.3894421148115157e-09 6.0250332190111255e-01 6.0250331863077444e-01 3.2703381114274066e-09 1.2050066459213291e+00 1.2050066372615489e+00 8.6597802262389223e-09
428 2.0874023437500000e-01 6.0370773055632299e-01 6.0370772515604720e-01 5.4002757821081104e-09 6.0370772843316478e-01 6.0370772515604720e-01 3.2771175773049777e-09 1.2074154589894879e+00 1.2074154503120944e+00 8.6773934704353906e-09
429 2.0922851562500000e-01 6.0491071650981509e-01 6.0491071109872663e-01 5.4110884661895398e-09 6.0491071438265720e-01 6.0491071109872663e-01 3.2839305719178924e-09 1.2098214308924722e+00 1.2098214221974533e+00 8.6950189270851297e-09
430 2.0971679687500000e-01 6.0611227904994625e-01 6.0611227362807085e-01 5.4218753930967978e-09 6.0611227691886682e-01 6.0611227362807085e-01 3.2907959690575694e-09 1.2122245559688132e+00 1.2122245472561417e+00 8.7126714731766697e-09
431 2.1020507812500000e-01 6.0731241534933111e-01 6.0731240991668711e-01 5.4326440013241495e-09 6.0731241321436291e-01 6.0731240991668711e-01 3.2976757990965666e-09 1.2146248285636940e+00 1.2146248198333742e+00 8.7303198004207161e-09
432 2.1069335937500000e-01 6.0851112258393947e-01 6.0851111714053885e-01 5.4434006191428352e-09 6.0851112044508138e-01 6.0851111714053885e-01 3.3045425285038732e-09 1.2170222430290210e+00 1.2170222342810777e+00 8.7479432586690109e-09
433 2.1118164062500000e-01 6.0970839793310794e-01 6.0970839247895214e-01 5.4541557936715890e-09 6.0970839579028768e-01 6.0970839247895214e-01 3.3113355391023447e-09 1.2194167937233957e+00 1.2194167849579043e+00 8.7654914437962361e-09
434 2.1166992187500000e-01 6.1090423857954368e-01 6.1090423311462227e-01 5.4649214042967742e-09 6.1090423643262148e-01 6.1090423311462227e-01 3.3179992087184473e-09 1.2218084750121652e+00 1.2218084662292445e+00 8.7829206130152215e-09
435 2.1215820312500000e-01 6.1209864170932271e-01 6.1209863623362093e-01 5.4757017808881869e-09 6.1209863955813171e-01 6.1209863623362093e-01 3.3245107777801763e-09 1.2241972812674544e+00 1.2241972724672419e+00 8.8002125586683633e-09
436 2.1264648437500000e-01 6.1329160451190301e-01 6.1329159902540220e-01 5.4865008092264134e-09 6.1329160235625213e-01 6.1329159902540220e-01 3.3308499292061811e-09 1.2265832068681553e+00 1.2265831980508044e+00 8.8173508494548969e-09
437 2.1313476562500000e-01 6.1448312418012030e-01 6.1448311868280925e-01 5.4973110508171885e-09 6.1448312201986710e-01 6.1448311868280925e-01 3.3370578522706751e-09 1.2289662461999873e+00 1.2289662373656185e+00 8.8343687920655611e-09
438 2.1362304687500000e-01 6.1567319791021247e-01 6.1567319240208129e-01 5.5081311733928828e-09 6.1567319574522517e-01 6.1567319240208129e-01 3.3431438728470653e-09 1.2313463936554376e+00 1.2313463848041626e+00 8.8512750462399481e-09
439 2.1411132812500000e-01 6.1686182290181502e-01 6.1686181738285994e-01 5.5189550707268609e-09 6.1686182073198692e-01 6.1686181738285994e-01 3.3491269757490727e-09 1.2337236436338019e+00 1.2337236347657199e+00 8.8680820464759336e-09
440 2.1459960937500000e-01 6.1804899635796617e-01 6.1804899082819587e-01 5.5297703083212468e-09 6.1804899418327297e-01 6.1804899082819587e-01 3.3550771050272488e-09 1.2360979905412393e+00 1.2360979816563917e+00 8.8848475243707981e-09
441 2.1508789062500000e-01 6.1923471548512510e-01 6.1923470994455532e-01 5.5405697807486831e-09 6.1923471330558244e-01 6.1923470994455532e-01 3.3610271232831224e-09 1.2384694287907076e+00 1.2384694198891106e+00 8.9015970150541079e-09
442 2.1557617187500000e-01 6.2041897749317299e-01 6.2041897194182627e-01 5.5513467156487195e-09 6.2041897530884060e-01 6.2041897194182627e-01 3.3670143340103209e-09 1.2408379528020137e+00 1.2408379438836525e+00 8.9183611606813429e-09
443 2.1606445312500000e-01 6.2160177959542084e-01 6.2160177403332628e-01 5.5620945627055107e-09 6.2160177740639300e-01 6.2160177403332628e-01 3.3730667148290649e-09 1.2432035570018138e+00 1.2432035480666526e+00 8.9351612775345757e-09
444 2.1655273437500000e-01 6.2278311900861638e-01 6.2278311343580772e-01 5.5728086589823533e-09 6.2278311681501664e-01 6.2278311343580772e-01 3.3792089126905012e-09 1.2455662358236330e+00 1.2455662268716154e+00 8.9520175716728545e-09
445 2.1704101562500000e-01 6.2396299295294677e-01 6.2396298736946465e-01 5.5834821210964947e-09 6.2396299075494199e-01 6.2396298736946465e-01 3.3854773429098373e-09 1.2479259837078889e+00 1.2479259747389293e+00 8.9689595750286344e-09
446 2.1752929687500000e-01 6.2514139865204588e-01 6.2514139305794003e-01 5.5941058452191328e-09 6.2514139644985556e-01 6.2514139305794003e-01 3.3919155262296385e-09 1.2502827951019015e+00 1.2502827861158801e+00 8.9860214824710738e-09
447 2.1801757812500000e-01 6.2631833333301012e-01 6.2631832772833096e-01 5.6046791652164529e-09 6.2631833112686197e-01 6.2631832772833096e-01 3.3985310121664725e-09 1.2526366644598721e+00 1.2526366554566619e+00 9.0032101773829254e-09
448 2.1850585937500000e-01 6.2749379422640306e-01 6.2749378861119720e-01 5.6152058558467388e-09 6.2749379201649480e-01 6.2749378861119720e-01 3.4052975994569579e-09 1.2549875862428979e+00 1.2549875772223944e+00 9.0205034553036967e-09
449 2.1899414062500000e-01 6.2866777856626110e-01 6.2866777294056497e-01 5.6256961311618170e-09 6.2866777635273630e-01 6.2866777294056497e-01 3.4121713232693196e-09 1.2573355549189973e+00 1.2573355458811299e+00 9.0378673434088341e-09
450 2.1948242187500000e-01 6.2984028359009381e-01 6.2984027795393627e-01 5.6361575406782549e-09 6.2984028137303982e-01 6.2984027795393627e-01 3.4191035558350791e-09 1.2596805649631335e+00 1.2596805559078725e+00 9.0552609854910315e-09
451 2.1997070312500000e-01 6.3101130653889403e-01 6.3101130089229340e-01 5.6466006315147865e-09 6.3101130431834540e-01 6.3101130089229340e-01 3.4260519976569981e-09 1.2620226108572394e+00 1.2620226017845868e+00 9.0726526291717846e-09
452 2.2045898437500000e-01 6.3218084465713853e-01 6.3218083900010624e-01 5.6570322870541645e-09 6.3218084243308348e-01 6.3218083900010624e-01 3.4329772358177024e-09 1.2643616870902221e+00 1.2643616780002125e+00 9.0900096338941694e-09
453 2.2094726562500000e-01 6.3334889519279625e-01 6.3334888952533852e-01 5.6674577253446046e-09 6.3334889296519825e-01 6.3334888952533852e-01 3.4398597303919587e-09 1.2666977881579946e+00 1.2666977790506770e+00 9.1073175667588657e-09
454 2.2143554687500000e-01 6.3451545539734056e-01 6.3451544971945484e-01 5.6778857171480013e-09 6.3451545316610536e-01 6.3451544971945484e-01 3.4466505205443809e-09 1.2690309085634459e+00 1.2690308994389097e+00 9.1245362376923822e-09
455 2.2192382812500000e-01 6.3568052252575569e-01 6.3568051683742610e-01 5.6883295851406501e-09 6.3568052029070943e-01 6.3568051683742610e-01 3.4532833259603990e-09 1.2713610428164652e+00 1.2713610336748522e+00 9.1416130221233516e-09
456 2.2241210937500000e-01 6.3684409383653051e-01 6.3684408813773696e-01 5.6987935481700447e-09 6.3684409159747202e-01 6.3684408813773696e-01 3.4597350540011007e-09 1.2736881854340025e+00 1.2736881762754739e+00 9.1585286021711454e-09
457 2.2290039062500000e-01 6.3800616659168097e-01 6.3800616088239182e-01 5.7092891525556411e-09 6.3800616434834112e-01 6.3800616088239182e-01 3.4659493053368351e-09 1.2760123309400222e+00 1.2760123217647836e+00 9.1752385689147786e-09
458 2.2338867187500000e-01 6.3916673805671942e-01 6.3916673233692090e-01 5.7197985237067428e-09 6.3916673580894146e-01 6.3916673233692090e-01 3.4720205599469978e-09 1.2783334738656609e+00 1.2783334646738418e+00 9.1918190836537406e-09
459 2.2387695312500000e-01 6.4032580550068252e-01 6.4032579977038806e-01 5.7302944611592466e-09 6.4032580324845989e-01 6.4032579977038806e-01 3.4780718305427172e-09 1.2806516087491424e+00 1.2806515995407761e+00 9.2083662917019637e-09
460 2.2436523437500000e-01 6.4148336619615787e-01 6.4148336045539500e-01 5.7407628650807396e-09 6.4148336393957983e-01 6.4148336045539500e-01 3.4841848295386058e-09 1.2829667301357377e+00 1.2829667209107900e+00 9.2249476946193454e-09
461 2.2485351562500000e-01 6.4263941741929287e-01 6.4263941166809024e-01 5.7512026252481974e-09 6.4263941515844736e-01 6.4263941166809024e-01 3.4903571144440093e-09 1.2852788325777402e+00 1.2852788233361805e+00 9.2415597396922067e-09
462 2.2534179687500000e-01 6.4379395644981419e-01 6.4379395068817313e-01 5.7616410531480255e-09 6.4379395418463670e-01 6.4379395068817313e-01 3.4964635631240526e-09 1.2875879106344508e+00 1.2875879013763463e+00 9.2581045052497757e-09
463 2.2583007812500000e-01 6.4494698057097410e-01 6.4494697479890217e-01 5.7720719315312863e-09 6.4494697830142356e-01 6.4494697479890217e-01 3.5025213840356173e-09 1.2898939588723977e+00 1.2898939495978043e+00 9.2745933155669036e-09
464 2.2631835937500000e-01 6.4609848706960227e-01 6.4609848128709990e-01 5.7825023658253372e-09 6.4609848479559528e-01 6.4609848128709990e-01 3.5084953831088228e-09 1.2921969718651976e+00 1.2921969625741998e+00 9.2909977489341600e-09
465 2.2680664062500000e-01 6.4724847323609191e-01 6.4724846744316067e-01 5.7929312458071536e-09 6.4724847095756299e-01 6.4724846744316067e-01 3.5144023247113410e-09 1.2944969441936549e+00 1.2944969348863213e+00 9.3073335705184945e-09
466 2.2729492187500000e-01 6.4839693636440388e-01 6.4839693056105574e-01 5.8033481353803040e-09 6.4839693408134547e-01 6.4839693056105574e-01 3.5202897263886257e-09 1.2967938704457493e+00 1.2967938611221115e+00 9.3236378617689297e-09
467 2.2778320312500000e-01 6.4954387375208189e-01 6.4954386793834051e-01 5.8137413772030300e-09 6.4954387146455250e-01 6.4954386793834051e-01 3.5262119890688837e-09 1.2990877452166343e+00 1.2990877358766810e+00 9.3399532552496112e-09
468 2.2827148437500000e-01 6.5068928270026061e-01 6.5068927687616063e-01 5.8240999800673876e-09 6.5068928040839302e-01 6.5068927687616063e-01 3.5322323954645185e-09 1.3013785631086536e+00 1.3013785537523213e+00 9.3563323755319061e-09
469 2.2875976562500000e-01 6.5183316051368034e-01 6.5183315467925818e-01 5.8344221676165375e-09 6.5183315821761167e-01 6.5183315467925818e-01 3.5383534990884868e-09 1.3036663187312920e+00 1.3036663093585164e+00 9.3727756667050244e-09
470 2.2924804687500000e-01 6.5297550450069064e-01 6.5297549865597815e-01 5.8447124917648807e-09 6.5297550220053013e-01 6.5297549865597815e-01 3.5445519852572716e-09 1.3059510067012208e+00 1.3059509973119563e+00 9.3892644770221523e-09
471 2.2973632812500000e-01 6.5411631197324260e-01 6.5411630611827487e-01 5.8549677328656458e-09 6.5411630966911727e-01 6.5411630611827487e-01 3.5508423978924952e-09 1.3082326216423599e+00 1.3082326122365497e+00 9.4058101307581410e-09
472 2.3022460937500000e-01 6.5525558024689667e-01 6.5525557438171811e-01 5.8651785650454258e-09 6.5525557793899047e-01 6.5525557438171811e-01 3.5572723655619143e-09 1.3105111581858870e+00 1.3105111487634362e+00 9.4224508195850376e-09
473 2.3071289062500000e-01 6.5639330664084317e-01 6.5639330076549962e-01 5.8753435450142888e-09 6.5639330432935383e-01 6.5639330076549962e-01 3.5638542117411021e-09 1.3127866109701971e+00 1.3127866015309992e+00 9.4391978677776933e-09
474 2.3120117187500000e-01 6.5752948847790804e-01 6.5752948259243948e-01 5.8854685569542653e-09 6.5752948616299389e-01 6.5752948259243948e-01 3.5705544076947149e-09 1.3150589746409018e+00 1.3150589651848790e+00 9.4560228536266777e-09
475 2.3168945312500000e-01 6.5866412308457012e-01 6.5866411718899176e-01 5.8955783588388044e-09 6.5866412076624070e-01 6.5866411718899176e-01 3.5772489415109021e-09 1.3173282438508109e+00 1.3173282343779835e+00 9.4728274113720090e-09
476 2.3217773437500000e-01 6.5979720779092033e-01 6.5979720188525193e-01 5.9056683987535052e-09 6.5979720546921683e-01 6.5979720188525193e-01 3.5839649026314646e-09 1.3195944132601372e+00 1.3195944037705039e+00 9.4896333013849699e-09
477 2.3266601562500000e-01 6.6092873993071277e-01 6.6092873401496233e-01 5.9157504450624288e-09 6.6092873760559334e-01 6.6092873401496233e-01 3.5906310147382214e-09 1.3218574775363061e+00 1.3218574680299247e+00 9.5063814598006502e-09
478 2.3315429687500000e-01 6.6205871684136341e-01 6.6205871091551816e-01 5.9258452589361355e-09 6.6205871451267484e-01 6.6205871091551816e-01 3.5971566836323632e-09 1.3241174313540383e+00 1.3241174218310363e+00 9.5230019425684986e-09
479 2.3364257812500000e-01 6.6318713586393285e-01 6.6318712992797502e-01 5.9359578363782362e-09 6.6318713353148429e-01 6.6318712992797502e-01 3.6035092687569659e-09 1.3263742693954170e+00 1.3263742598559500e+00 9.5394669941128996e-09
480 2.3413085937500000e-01 6.6431399434313498e-01 6.6431398839705380e-01 5.9460811829836757e-09 6.6431399200678121e-01 6.6431398839705380e-01 3.6097274058732864e-09 1.3286279863499162e+00 1.3286279767941076e+00 9.5558085888569622e-09
481 2.3461914062500000e-01 6.6543928962736043e-01 6.6543928367114757e-01 5.9562128562618000e-09 6.6543928728696911e-01 6.6543928367114757e-01 3.6158215310777564e-09 1.3308785769143294e+00 1.3308785673422951e+00 9.5720342763172539e-09
482 2.3510742187500000e-01 6.6656301906867388e-01 6.6656301310232813e-01 5.9663457507852513e-09 6.6656301672415419e-01 6.6656301310232813e-01 3.6218260612841391e-09 1.3331260357928281e+00 1.3331260262046563e+00 9.5881718120693904e-09
483 2.3559570312500000e-01 6.6768518002282706e-01 6.6768517404635142e-01 5.9764756477065362e-09 6.6768517767411595e-01 6.6768517404635142e-01 3.6277645332205566e-09 1.3353703576969429e+00 1.3353703480927028e+00 9.6042400699047903e-09
484 2.3608398437500000e-01 6.6880576984927576e-01 6.6880576386266410e-01 5.9866116508544565e-09 6.6880576749625875e-01 6.6880576386266410e-01 3.6335946473897707e-09 1.3376115373455346e+00 1.3376115277253282e+00 9.6202064092665296e-09
485 2.3657226562500000e-01 6.6992478591118743e-01 6.6992477991441068e-01 5.9967767418456219e-09 6.6992478355360885e-01 6.6992477991441068e-01 3.6391981650396588e-09 1.3398495694647963e+00 1.3398495598288214e+00 9.6359749068852807e-09
486 2.3706054687500000e-01 6.7104222557539972e-01 6.7104221956843779e-01 6.0069619278735331e-09 6.7104222321306017e-01 6.7104221956843779e-01 3.6446223816710699e-09 1.3420844487884600e+00 1.3420844391368756e+00 9.6515844205669055e-09
487 2.3754882812500000e-01 6.7215808621242268e-01 6.7215808019530199e-01 6.0171206905934582e-09 6.7215808384539422e-01 6.7215808019530199e-01 3.6500922284687931e-09 1.3443161700578168e+00 1.3443161603906040e+00 9.6672128080399489e-09
488 2.3803710937500000e-01 6.7327236519650124e-01 6.7327235916927575e-01 6.0272254964743865e-09 6.7327236282502079e-01 6.7327235916927575e-01 3.6557450400209746e-09 1.3465447280215219e+00 1.3465447183385515e+00 9.6829704254730586e-09
489 2.3852539062500000e-01 6.7438505990562814e-01 6.7438505386835279e-01 6.0372753463155959e-09 6.7438505752994804e-01 6.7438505386835279e-01 3.6615952492269344e-09 1.3487701174355762e+00 1.3487701077367056e+00 9.6988705955425303e-09
490 2.3901367187500000e-01 6.7549616772154741e-01 6.7549616167425519e-01 6.0472922225329739e-09 6.7549616534178225e-01 6.7549616167425519e-01 3.6675270598252041e-09 1.3509923330633296e+00 1.3509923233485104e+00 9.7148191713358756e-09
491 2.3950195312500000e-01 6.7660568602971127e-01 6.7660567997243859e-01 6.0572726834351442e-09 6.7660568364599694e-01 6.7660567997243859e-01 3.6735583464064803e-09 1.3532113696757082e+00 1.3532113599448772e+00 9.7308310298416245e-09
492 2.3999023437500000e-01 6.7771361221931103e-01 6.7771360615209963e-01 6.0672113999515886e-09 6.7771360983181128e-01 6.7771360615209963e-01 3.6797116464981627e-09 1.3554272220511223e+00 1.3554272123041993e+00 9.7469230464497514e-09
493 2.4047851562500000e-01 6.7881994368329845e-01 6.7881993760618087e-01 6.0771175869334115e-09 6.7881994129212309e-01 6.7881993760618087e-01 3.6859422181123591e-09 1.3576398849754217e+00 1.3576398752123617e+00 9.7630599160680731e-09
494 2.4096679687500000e-01 6.7992467781839616e-01 6.7992467173137749e-01 6.0870186668893211e-09 6.7992467542349166e-01 6.7992467173137749e-01 3.6921141699508553e-09 1.3598493532418878e+00 1.3598493434627550e+00 9.7791328368401764e-09
495 2.4145507812500000e-01 6.8102781202504847e-01 6.8102780592814338e-01 6.0969050919013057e-09 6.8102780962642451e-01 6.8102780592814338e-01 3.6982811257857406e-09 1.3620556216514730e+00 1.3620556118562868e+00 9.7951862176870463e-09
496 2.4194335937500000e-01 6.8212934370748979e-01 6.8212933760069716e-01 6.1067926271363149e-09 6.8212934130505631e-01 6.8212933760069716e-01 3.7043591527563535e-09 1.3642586850125462e+00 1.3642586752013943e+00 9.8111518909149709e-09
497 2.4243164062500000e-01 6.8322927027368796e-01 6.8322926415702867e-01 6.1166592901784611e-09 6.8322926786748550e-01 6.8322926415702867e-01 3.7104568306745023e-09 1.3664585381411736e+00 1.3664585283140573e+00 9.8271162318752658e-09
498 2.4291992187500000e-01 6.8432758913542413e-01 6.8432758300890406e-01 6.1265200690385768e-09 6.8432758672540661e-01 6.8432758300890406e-01 3.7165025501550986e-09 1.3686551758608307e+00 1.3686551660178081e+00 9.8430226191936754e-09
499 2.4340820312500000e-01 6.8542429770822366e-01 6.8542429157187346e-01 6.1363502057432129e-09 6.8542429529448767e-01 6.8542429157187346e-01 3.7226142168833576e-09 1.3708485930027114e+00 1.3708485831437469e+00 9.8589645336488729e-09
500 2.4389648437500000e-01 6.8651939341140800e-01 6.8651938726527506e-01 6.1461329359246974e-09 6.8651939099415382e-01 6.8651938726527506e-01 3.7288787613221075e-09 1.3730387844055618e+00 1.3730387745305501e+00 9.8750116972468049e-09
501 2.4438476562500000e-01 6.8761287366812618e-01 6.8761286751224360e-01 6.1558825814600482e-09 6.8761287124746895e-01 6.8761286751224360e-01 3.7352253512423772e-09 1.3752257449155951e+00 1.3752257350244872e+00 9.8911079327024254e-09
502 2.4487304687500000e-01 6.8870473590535786e-01 6.8870472973971397e-01 6.1656438843371575e-09 6.8870473348114625e-01 6.8870472973971397e-01 3.7414322751061491e-09 1.3774094693865040e+00 1.3774094594794279e+00 9.9070760484210041e-09
503 2.4536132812500000e-01 6.8979497755387076e-01 6.8979497137842916e-01 6.1754416025294745e-09 6.8979497512580612e-01 6.8979497137842916e-01 3.7473769642915045e-09 1.3795899526796769e+00 1.3795899427568583e+00 9.9228185668209790e-09
504 2.4584960937500000e-01 6.9088359604821370e-01 6.9088358986294485e-01 6.1852688526542465e-09 6.9088359361603568e-01 6.9088358986294485e-01 3.7530908381100403e-09 1.3817671896642494e+00 1.3817671797258897e+00 9.9383596907642868e-09
505 2.4633789062500000e-01 6.9197058882671991e-01 6.9197058263163713e-01 6.1950827801027231e-09 6.9197058639042197e-01 6.9197058263163713e-01 3.7587848389364353e-09 1.3839411752171418e+00 1.3839411652632743e+00 9.9538675080168559e-09
506 2.4682617187500000e-01 6.9305595333158221e-01 6.9305594712670660e-01 6.2048756133137317e-09 6.9305595089120653e-01 6.9305594712670660e-01 3.7644999340002983e-09 1.3861119042227887e+00 1.3861118942534132e+00 9.9693755473140300e-09
507 2.4731445312500000e-01 6.9413968700884110e-01 6.9413968079418609e-01 6.2146550128261424e-09 6.9413968456438202e-01 6.9413968079418609e-01 3.7701959332281376e-09 1.3882793715732231e+00 1.3882793615883722e+00 9.9848509460542800e-09
508 2.4780273437500000e-01 6.9522178730833661e-01 6.9522178108394539e-01 6.2243912246628952e-09 6.9522178485996966e-01 6.9522178108394539e-01 3.7760242710405123e-09 1.3904435721683064e+00 1.3904435621678908e+00 1.0000415606725710e-08
509 2.4829101562500000e-01 6.9630225168378423e-01 6.9630224544969788e-01 6.2340863582477368e-09 6.9630224923167228e-01 6.9630224544969788e-01 3.7819744003186884e-09 1.3926045009154566e+00 1.3926044908993958e+00 1.0016060869588728e-08
510 2.4877929687500000e-01 6.9738107759278523e-01 6.9738107134900684e-01 6.2437783832081095e-09 6.9738107513686276e-01 6.9738107134900684e-01 3.7878559178139426e-09 1.3947621527296481e+00 1.3947621426980137e+00 1.0031634412044355e-08
511 2.4926757812500000e-01 6.9845826249676235e-01 6.9845825624329039e-01 6.2534719624807167e-09 6.9845826003693623e-01 6.9845825624329039e-01 3.7936458419096653e-09 1.3969165225336986e+00 1.3969165124865808e+00 1.0047117804390382e-08
512 2.4975585937500000e-01 6.9953380386097219e-01 6.9953379759782874e-01 6.2631434483151338e-09 6.9953380139728982e-01 6.9953379759782874e-01 3.7994610790903494e-09 1.3990676052582620e+00 1.3990675951956575e+00 1.0062604527405483e-08
513 2.5024414062500000e-01 7.0060769915456711e-01 7.0060769288176916e-01 6.2727979477372742e-09 7.0060769668704415e-01 7.0060769288176916e-01 3.8052749840034039e-09 1.4012153958416111e+00 1.4012153857635383e+00 1.0078072820718376e-08
514 2.5073242187500000e-01 7.0167994585053584e-01 7.0167993956813202e-01 6.2824038193909360e-09 7.0167994337936912e-01 7.0167993956813202e-01 3.8112371036902459e-09 1.4033598892299048e+00 1.4033598791362640e+00 1.0093640812058879e-08
515 2.5122070312500000e-01 7.0275054142584326e-01 7.0275053513381747e-01 6.2920257892784548e-09 7.0275053895085993e-01 7.0275053513381747e-01 3.8170424598860109e-09 1.4055010803767032e+00 1.4055010702676349e+00 1.0109068249164466e-08
516 2.5170898437500000e-01 7.0381948336131062e-01 7.0381947705961079e-01 6.3016998286258286e-09 7.0381948088210988e-01 7.0381947705961079e-01 3.8224990950297411e-09 1.4076389642434206e+00 1.4076389541192216e+00 1.0124199034677872e-08
517 2.5219726562500000e-01 7.0488676914162152e-01 7.0488676283018825e-01 6.3114332649050198e-09 7.0488676665777139e-01 7.0488676283018825e-01 3.8275831393264070e-09 1.4097735357993928e+00 1.4097735256603765e+00 1.0139016293209124e-08
518 2.5268554687500000e-01 7.0595239625533945e-01 7.0595238993412357e-01 6.3212158840642019e-09 7.0595239376646257e-01 7.0595238993412357e-01 3.8323390016969938e-09 1.4119047900218020e+00 1.4119047798682471e+00 1.0153554885761196e-08
519 2.5317382812500000e-01 7.0701636219488895e-01 7.0701635586389300e-01 6.3309959497104273e-09 7.0701635970091170e-01 7.0701635586389300e-01 3.8370187027680913e-09 1.4140327218958006e+00 1.4140327117277860e+00 1.0168014652478519e-08
520 2.5366210937500000e-01 7.0807866445667800e-01 7.0807865811588189e-01 6.3407961103933985e-09 7.0807866195739233e-01 7.0807865811588189e-01 3.8415104430811198e-09 1.4161573264140703e+00 1.4161573162317638e+00 1.0182306553474518e-08
521 2.5415039062500000e-01 7.0913930054096974e-01 7.0913929419039068e-01 6.3505790626194880e-09 7.0913929803639808e-01 7.0913929419039068e-01 3.8460074014423640e-09 1.4182785985773678e+00 1.4182785883807814e+00 1.0196586464061852e-08
522 2.5463867187500000e-01 7.1019826795188845e-01 7.1019826159164012e-01 6.3602483280078559e-09 7.1019826544262199e-01 7.1019826159164012e-01 3.8509818667264994e-09 1.4203965333945106e+00 1.4203965231832802e+00 1.0211230305756658e-08
523 2.5512695312500000e-01 7.1125556419754332e-01 7.1125555782777750e-01 6.3697658259087575e-09 7.1125556168439885e-01 7.1125555782777750e-01 3.8566213556023854e-09 1.4225111258819423e+00 1.4225111156555550e+00 1.0226387292533445e-08
524 2.5561523437500000e-01 7.1231118679001804e-01 7.1231118041088270e-01 6.3791353310804766e-09 7.1231118427379381e-01 7.1231118041088270e-01 3.8629111021037943e-09 1.4246223710638120e+00 1.4246223608217654e+00 1.0242046544206573e-08
525 2.5610351562500000e-01 7.1336513324537887e-01 7.1336512685697395e-01 6.3884049161799794e-09 7.1336513072658758e-01 7.1336512685697395e-01 3.8696136295257588e-09 1.4267302639719666e+00 1.4267302537139479e+00 1.0258018656728041e-08
526 2.5659179687500000e-01 7.1441740108368468e-01 7.1441739468601317e-01 6.3976715036773157e-09 7.1441739856226139e-01 7.1441739468601317e-01 3.8762482112986163e-09 1.4288347996459461e+00 1.4288347893720263e+00 1.0273919714975932e-08
527 2.5708007812500000e-01 7.1546798782886922e-01 7.1546798142191292e-01 6.4069562988322559e-09 7.1546798530461153e-01 7.1546798142191292e-01 3.8826986070716885e-09 1.4309359731334808e+00 1.4309359628438258e+00 1.0289654905903944e-08
528 2.5756835937500000e-01 7.1651689100874838e-01 7.1651688459254081e-01 6.4162075652518524e-09 7.1651688848176809e-01 7.1651688459254081e-01 3.8892272735679967e-09 1.4330337794905166e+00 1.4330337691850816e+00 1.0305434949842152e-08
529 2.5805664062500000e-01 7.1756410815514315e-01 7.1756410172972662e-01 6.4254165321742107e-09 7.1756410562560458e-01 7.1756410172972662e-01 3.8958779535747112e-09 1.4351282137807477e+00 1.4351282034594532e+00 1.0321294485748922e-08
530 2.5854492187500000e-01 7.1860963680391565e-01 7.1860963036926706e-01 6.4346485917354812e-09 7.1860963427159097e-01 7.1860963036926706e-01 3.9023239084556849e-09 1.4372192710755067e+00 1.4372192607385341e+00 1.0336972611213469e-08
531 2.5903320312500000e-01 7.1965347449484141e-01 7.1965346805093211e-01 6.4439092950507870e-09 7.1965347195947416e-01 7.1965346805093211e-01 3.9085420455720055e-09 1.4393069464543156e+00 1.4393069361018642e+00 1.0352451340622792e-08
532 2.5952148437500000e-01 7.2069561877161925e-01 7.2069561231847123e-01 6.4531480159502053e-09 7.2069561623324963e-01 7.2069561231847123e-01 3.9147783903459299e-09 1.4413912350048688e+00 1.4413912246369425e+00 1.0367926295273833e-08
533 2.6000976562500000e-01 7.2173606718202166e-01 7.2173606071961793e-01 6.4624037232619003e-09 7.2173606464046813e-01 7.2173606071961793e-01 3.9208502000676049e-09 1.4434721318224897e+00 1.4434721214392359e+00 1.0383253812307203e-08
534 2.6049804687500000e-01 7.2277481727780235e-01 7.2277481080609696e-01 6.4717053938068148e-09 7.2277481473270488e-01 7.2277481080609696e-01 3.9266079276956134e-09 1.4455496320105072e+00 1.4455496216121939e+00 1.0398313321502428e-08
535 2.6098632812500000e-01 7.2381186661467989e-01 7.2381186013362886e-01 6.4810510291835044e-09 7.2381186406568776e-01 7.2381186013362886e-01 3.9320589007019180e-09 1.4476237306803676e+00 1.4476237202672577e+00 1.0413109929885422e-08
536 2.6147460937500000e-01 7.2484721275236341e-01 7.2484720626193644e-01 6.4904269736487663e-09 7.2484721019921672e-01 7.2484720626193644e-01 3.9372802795867301e-09 1.4496944229515800e+00 1.4496944125238729e+00 1.0427707142213194e-08
537 2.6196289062500000e-01 7.2588085325455742e-01 7.2588084675475018e-01 6.4998072479838243e-09 7.2588085069714559e-01 7.2588084675475018e-01 3.9423954101280856e-09 1.4517617039517030e+00 1.4517616935095004e+00 1.0442202658111910e-08
538 2.6245117187500000e-01 7.2691278568899031e-01 7.2691277917981412e-01 6.5091761980440310e-09 7.2691278312729246e-01 7.2691277917981412e-01 3.9474783442017269e-09 1.4538255688162827e+00 1.4538255583596282e+00 1.0456654431223456e-08
539 2.6293945312500000e-01 7.2794300762737163e-01 7.2794300110889165e-01 6.5184799780126923e-09 7.2794300506169052e-01 7.2794300110889165e-01 3.9527988660026381e-09 1.4558860126890623e+00 1.4558860022177833e+00 1.0471278955037633e-08
540 2.6342773437500000e-01 7.2897151664553173e-01 7.2897151011777117e-01 6.5277605543201389e-09 7.2897151407591787e-01 7.2897151011777117e-01 3.9581466992899550e-09 1.4579430307214496e+00 1.4579430202355423e+00 1.0485907253610094e-08
541 2.6391601562500000e-01 7.2999831032331153e-01 7.2999830378627151e-01 6.5370400204045609e-09 7.2999830774968666e-01 7.2999830378627151e-01 3.9634151516310112e-09 1.4599966180729982e+00 1.4599966075725430e+00 1.0500455172035572e-08
542 2.6440429687500000e-01 7.3102338624456409e-01 7.3102337969824793e-01 6.5463161558199090e-09 7.3102338366686037e-01 7.3102337969824793e-01 3.9686124386761890e-09 1.4620467699114243e+00 1.4620467593964959e+00 1.0514928483473795e-08
543 2.6489257812500000e-01 7.3204674199716868e-01 7.3204673544159793e-01 6.5555707529085794e-09 7.3204673941542497e-01 7.3204673544159793e-01 3.9738270452005509e-09 1.4640934814125937e+00 1.4640934708831959e+00 1.0529397798109130e-08
544 2.6538085937500000e-01 7.3306837517303158e-01 7.3306836860826652e-01 6.5647650648870126e-09 7.3306837258752078e-01 7.3306836860826652e-01 3.9792542594341285e-09 1.4661367477605523e+00 1.4661367372165330e+00 1.0544019213298839e-08
545 2.6586914062500000e-01 7.3408828336818566e-01 7.3408827679425204e-01 6.5739336196912745e-09 7.3408828077897381e-01 7.3408827679425204e-01 3.9847217747635000e-09 1.4681765641471594e+00 1.4681765535885041e+00 1.0558655283432472e-08
546 2.6635742187500000e-01 7.3510646418269820e-01 7.3510645759961224e-01 6.5830859652393769e-09 7.3510646158979964e-01 7.3510645759961224e-01 3.9901874027137296e-09 1.4702129257724978e+00 1.4702129151992245e+00 1.0573273367953107e-08
547 2.6684570312500000e-01 7.3612291522071549e-01 7.3612290862846930e-01 6.5922461933709542e-09 7.3612291262400276e-01 7.3612290862846930e-01 3.9955334596442071e-09 1.4722458278447181e+00 1.4722458172569386e+00 1.0587779541992859e-08
548 2.6733398437500000e-01 7.3713763409043387e-01 7.3713762748901546e-01 6.6014184119111974e-09 7.3713763148975586e-01 7.3713762748901546e-01 4.0007404056296991e-09 1.4742752655801898e+00 1.4742752549780309e+00 1.0602158928563199e-08
549 2.6782226562500000e-01 7.3815061840410423e-01 7.3815061179351971e-01 6.6105845242248051e-09 7.3815061579941565e-01 7.3815061179351971e-01 4.0058959482891510e-09 1.4763012342035200e+00 1.4763012235870394e+00 1.0616480583536259e-08
550 2.6831054687500000e-01 7.3916186577801768e-01 7.3916185915833177e-01 6.6196859105360772e-09 7.3916186316960841e-01 7.3916185915833177e-01 4.0112766441779968e-09 1.4783237289476261e+00 1.4783237183166635e+00 1.0630962554714074e-08
551 2.6879882812500000e-01 7.4017137383262988e-01 7.4017136720388899e-01 6.6287408895249200e-09 7.4017137122069843e-01 7.4017136720388899e-01 4.0168094406212163e-09 1.4803427450533282e+00 1.4803427344077780e+00 1.0645550219123834e-08
552 2.6928710937500000e-01 7.4117914019242181e-01 7.4117913355472154e-01 6.6377002783113426e-09 7.4117913757743903e-01 7.4117913355472154e-01 4.0227174924467590e-09 1.4823582777698610e+00 1.4823582671094431e+00 1.0660417881780404e-08
553 2.6977539062500000e-01 7.4218516248603517e-01 7.4218515583945766e-01 6.6465775105939429e-09 7.4218515986841727e-01 7.4218515583945766e-01 4.0289596103804115e-09 1.4843703223544524e+00 1.4843703116789153e+00 1.0675537120974354e-08
554 2.7026367187500000e-01 7.4318943834619100e-01 7.4318943169082985e-01 6.6553611510755672e-09 7.4318943572640328e-01 7.4318943169082985e-01 4.0355734309827085e-09 1.4863788740725943e+00 1.4863788633816597e+00 1.0690934582058276e-08
555 2.7075195312500000e-01 7.4419196540977794e-01 7.4419195874568012e-01 6.6640978291232500e-09 7.4419196278801136e-01 7.4419195874568012e-01 4.0423312475112994e-09 1.4883839281977893e+00 1.4883839174913602e+00 1.0706429076634549e-08
556 2.7124023437500000e-01 7.4519274131784496e-01 7.4519273464496527e-01 6.6728796932480350e-09 7.4519273869373370e-01 7.4519273464496527e-01 4.0487684316303785e-09 1.4903854800115788e+00 1.4903854692899305e+00 1.0721648235900716e-08
557 2.7172851562500000e-01 7.4619176371551310e-01 7.4619175703376295e-01 6.6817501531701851e-09 7.4619176108843366e-01 7.4619175703376295e-01 4.0546707102961932e-09 1.4923835248039468e+00 1.4923835140675259e+00 1.0736420863466378e-08
558 2.7221679687500000e-01 7.4718903025196870e-01 7.4718902356127725e-01 6.6906914453213062e-09 7.4718902762140627e-01 7.4718902356127725e-01 4.0601290107744603e-09 1.4943780578733750e+00 1.4943780471225545e+00 1.0750820456095767e-08
559 2.7270507812500000e-01 7.4818453858053868e-01 7.4818453188084333e-01 6.6996953540510162e-09 7.4818453594602286e-01 7.4818453188084333e-01 4.0651795263357826e-09 1.4963690745265614e+00 1.4963690637616867e+00 1.0764874769364496e-08
560 2.7319335937500000e-01 7.4917828635865125e-01 7.4917827964993433e-01 6.7087169153268178e-09 7.4917828371998973e-01 7.4917827964993433e-01 4.0700554038153314e-09 1.4983565700786410e+00 1.4983565592998687e+00 1.0778772319142149e-08
561 2.7368164062500000e-01 7.5017027124784197e-01 7.5017026453016544e-01 6.7176765261578453e-09 7.5017026860531311e-01 7.5017026453016544e-01 4.0751476637623796e-09 1.5003405398531551e+00 1.5003405290603309e+00 1.0792824189920225e-08
562 2.7416992187500000e-01 7.5116049091386206e-01 7.5116048418730053e-01 6.7265615300016179e-09 7.5116048826781534e-01 7.5116048418730053e-01 4.0805148149303250e-09 1.5023209791816774e+00 1.5023209683746011e+00 1.0807076344931943e-08
563 2.7465820312500000e-01 7.5214894302669000e-01 7.5214893629125712e-01 6.7354328781021877e-09 7.5214894037711943e-01 7.5214893629125712e-01 4.0858623151507345e-09 1.5042978834038094e+00 1.5042978725825142e+00 1.0821295193252922e-08
564 2.7514648437500000e-01 7.5313562526041711e-01 7.5313561851611177e-01 6.7443053364257821e-09 7.5313562260721878e-01 7.5313561851611177e-01 4.0911070087190637e-09 1.5062712478676359e+00 1.5062712370322235e+00 1.0835412345144846e-08
565 2.7563476562500000e-01 7.5412053529328127e-01 7.5412052854010614e-01 6.7531751302141174e-09 7.5412053263638879e-01 7.5412052854010614e-01 4.0962826464152613e-09 1.5082410679296701e+00 1.5082410570802123e+00 1.0849457776629379e-08
566 2.7612304687500000e-01 7.5510367080766783e-01 7.5510366404565166e-01 6.7620161692261149e-09 7.5510366814715713e-01 7.5510366404565166e-01 4.1015054685900054e-09 1.5102073389548250e+00 1.5102073280913033e+00 1.0863521637816120e-08
567 2.7661132812500000e-01 7.5608502949013190e-01 7.5608502271933553e-01 6.7707963680163630e-09 7.5608502682628365e-01 7.5608502271933553e-01 4.1069481149236253e-09 1.5121700563164155e+00 1.5121700454386711e+00 1.0877744482939988e-08
568 2.7709960937500000e-01 7.5706460903144335e-01 7.5706460225192607e-01 6.7795172808970960e-09 7.5706460636453543e-01 7.5706460225192607e-01 4.1126093641707939e-09 1.5141292153959789e+00 1.5141292045038521e+00 1.0892126756090192e-08
569 2.7758789062500000e-01 7.5804240712657889e-01 7.5804240033837789e-01 6.7882010013065042e-09 7.5804240445673299e-01 7.5804240033837789e-01 4.1183551013901365e-09 1.5160848115833119e+00 1.5160848006767558e+00 1.0906556102696641e-08
570 2.7807617187500000e-01 7.5901842147469323e-01 7.5901841467783782e-01 6.7968554118280622e-09 7.5901841880199639e-01 7.5901841467783782e-01 4.1241585702067596e-09 1.5180368402766895e+00 1.5180368293556756e+00 1.0921013871012519e-08
571 2.7856445312500000e-01 7.5999264977913561e-01 7.5999264297364966e-01 6.8054859525545908e-09 7.5999264710364023e-01 7.5999264297364966e-01 4.1299905717551155e-09 1.5199852968827758e+00 1.5199852859472993e+00 1.0935476524309706e-08
572 2.7905273437500000e-01 7.6096508974746568e-01 7.6096508293336018e-01 6.8141055020731756e-09 7.6096508706913812e-01 7.6096508293336018e-01 4.1357779423378815e-09 1.5219301768166038e+00 1.5219301658667204e+00 1.0949883444411057e-08
573 2.7954101562500000e-01 7.6193573909143353e-01 7.6193573226872435e-01 6.8227091754025082e-09 7.6193573641028511e-01 7.6193573226872435e-01 4.1415607610062466e-09 1.5238714755017186e+00 1.5238714645374487e+00 1.0964269936408755e-08
574 2.8002929687500000e-01 7.6290459552702716e-01 7.6290458869571032e-01 6.8313168455347295e-09 7.6290459284293954e-01 7.6290458869571032e-01 4.1472292267030753e-09 1.5258091883699667e+00 1.5258091773914206e+00 1.0978546072237805e-08
575 2.8051757812500000e-01 7.6387165677444158e-01 7.6387164993450540e-01 6.8399361730087094e-09 7.6387165408724234e-01 7.6387164993450540e-01 4.1527369321059382e-09 1.5277433108616840e+00 1.5277432998690108e+00 1.0992673216136950e-08
576 2.8100585937500000e-01 7.6483692055808883e-01 7.6483691370952123e-01 6.8485676019136577e-09 7.6483691786761043e-01 7.6483691370952123e-01 4.1580892062853536e-09 1.5296738384256994e+00 1.5296738274190425e+00 1.1006656919221314e-08
577 2.8149414062500000e-01 7.6580038460660216e-01 7.6580037774939858e-01 6.8572035827330069e-09 7.6580038191272159e-01 7.6580037774939858e-01 4.1633230196680415e-09 1.5316007665193236e+00 1.5316007554987972e+00 1.1020526491378746e-08
578 2.8198242187500000e-01 7.6676204665283720e-01 7.6676203978701385e-01 6.8658233542961966e-09 7.6676204395555947e-01 7.6676203978701385e-01 4.1685456197981807e-09 1.5335240906083967e+00 1.5335240795740277e+00 1.1034368974094377e-08
579 2.8247070312500000e-01 7.6772190443390309e-01 7.6772189755948306e-01 6.8744200332204741e-09 7.6772190173328225e-01 7.6772189755948306e-01 4.1737991951507070e-09 1.5354438061671853e+00 1.5354437951189661e+00 1.1048219228371181e-08
580 2.8295898437500000e-01 7.6867995569112690e-01 7.6867994880816859e-01 6.8829583144136564e-09 7.6867995298741909e-01 7.6867994880816859e-01 4.1792505012239189e-09 1.5373599086785461e+00 1.5373598976163372e+00 1.1062208926659878e-08
581 2.8344726562500000e-01 7.6963619817016604e-01 7.6963619127868277e-01 6.8914832729305431e-09 7.6963619546334661e-01 7.6963619127868277e-01 4.1846638376696887e-09 1.5392723936335126e+00 1.5392723825573655e+00 1.1076147110600232e-08
582 2.8393554687500000e-01 7.7059062962090819e-01 7.7059062272089507e-01 6.9000131164287382e-09 7.7059062691087732e-01 7.7059062272089507e-01 4.1899822500468531e-09 1.5411812565317855e+00 1.5411812454417901e+00 1.1089995366475591e-08
583 2.8442382812500000e-01 7.7154324779750483e-01 7.7154324088893600e-01 6.9085688281234070e-09 7.7154324508400551e-01 7.7154324088893600e-01 4.1950695139902905e-09 1.5430864928815105e+00 1.5430864817778720e+00 1.1103638453136000e-08
584 2.8491210937500000e-01 7.7249405045834141e-01 7.7249404354120299e-01 6.9171384176058837e-09 7.7249404774118791e-01 7.7249404354120299e-01 4.1999849154095159e-09 1.5449880981995294e+00 1.5449880870824060e+00 1.1117123444037702e-08
585 2.8540039062500000e-01 7.7344303536606140e-01 7.7344302844036550e-01 6.9256959056573919e-09 7.7344303264524539e-01 7.7344302844036550e-01 4.2048798887250882e-09 1.5468860680113068e+00 1.5468860568807310e+00 1.1130575794382480e-08
586 2.8588867187500000e-01 7.7439020028762195e-01 7.7439019335337034e-01 6.9342516173520607e-09 7.7439019756306060e-01 7.7439019335337034e-01 4.2096902630461841e-09 1.5487803978506824e+00 1.5487803867067407e+00 1.1143941769375942e-08
587 2.8637695312500000e-01 7.7533554299425278e-01 7.7533553605144734e-01 6.9428054416675877e-09 7.7533554026585705e-01 7.7533553605144734e-01 4.2144097101015632e-09 1.5506710832601098e+00 1.5506710721028947e+00 1.1157215151769151e-08
588 2.8686523437500000e-01 7.7627906126144319e-01 7.7627905431011335e-01 6.9513298450729621e-09 7.7627905852930457e-01 7.7627905431011335e-01 4.2191912186240188e-09 1.5525581197907479e+00 1.5525581086202267e+00 1.1170521174719283e-08
589 2.8735351562500000e-01 7.7722075286899384e-01 7.7722074590917911e-01 6.9598147245386599e-09 7.7722075013326453e-01 7.7722074590917911e-01 4.2240854147834739e-09 1.5544415030022583e+00 1.5544414918183582e+00 1.1183900028299831e-08
590 2.8784179687500000e-01 7.7816061560102601e-01 7.7816060863275316e-01 6.9682728476294642e-09 7.7816061286178140e-01 7.7816060863275316e-01 4.2290282387114075e-09 1.5563212284628074e+00 1.5563212172655063e+00 1.1197301086340872e-08
591 2.8833007812500000e-01 7.7909864724595934e-01 7.7909864026924769e-01 6.9767116528396400e-09 7.7909864450321764e-01 7.7909864026924769e-01 4.2339699524163166e-09 1.5581972917491771e+00 1.5581972805384954e+00 1.1210681716278259e-08
592 2.8881835937500000e-01 7.8003484559650926e-01 7.8003483861138367e-01 6.9851255890540642e-09 7.8003484285033564e-01 7.8003483861138367e-01 4.2389519672170195e-09 1.5600696884468448e+00 1.5600696772227673e+00 1.1224077445248781e-08
593 2.8930664062500000e-01 7.8096920844971796e-01 7.8096920145619608e-01 6.9935218727223969e-09 7.8096920570012707e-01 7.8096920145619608e-01 4.2439309844155559e-09 1.5619384141498451e+00 1.5619384029123922e+00 1.1237452968160255e-08
594 2.8979492187500000e-01 7.8190173360693416e-01 7.8190172660503898e-01 7.0018951747741198e-09 7.8190173085396175e-01 7.8190172660503898e-01 4.2489227691788756e-09 1.5638034644608960e+00 1.5638034532100780e+00 1.1250818054975298e-08
595 2.9028320312500000e-01 7.8283241887382482e-01 7.8283241186359032e-01 7.0102345040012892e-09 7.8283241611759236e-01 7.8283241186359032e-01 4.2540020395165357e-09 1.5656648349914173e+00 1.5656648237271806e+00 1.1264236654540127e-08
596 2.9077148437500000e-01 7.8376126206040664e-01 7.8376125504185790e-01 7.0185487421881021e-09 7.8376125930096663e-01 7.8376125504185790e-01 4.2591087323629040e-09 1.5675225213613733e+00 1.5675225100837158e+00 1.1277657474551006e-08
597 2.9125976562500000e-01 7.8468826098102007e-01 7.8468825395418396e-01 7.0268361129777190e-09 7.8468825821844346e-01 7.8468825395418396e-01 4.2642595010633499e-09 1.5693765191994635e+00 1.5693765079083679e+00 1.1291095614041069e-08
598 2.9174804687500000e-01 7.8561341345434665e-01 7.8561340641925081e-01 7.0350958392140228e-09 7.8561341068869528e-01 7.8561340641925081e-01 4.2694444646329544e-09 1.5712268241430420e+00 1.5712268128385016e+00 1.1304540414869280e-08
599 2.9223632812500000e-01 7.8653671730340113e-01 7.8653671026008487e-01 7.0433162635552549e-09 7.8653671453482876e-01 7.8653671026008487e-01 4.2747438921963976e-09 1.5730734318382300e+00 1.5730734205201697e+00 1.1318060266773955e-08
600 2.9272460937500000e-01 7.8745817035557986e-01 7.8745816330406326e-01 7.0515165928597412e-09 7.8745816758410980e-01 7.8745816330406326e-01 4.2800465394066123e-09 1.5749163379396895e+00 1.5749163266081265e+00 1.1331563021244051e-08
601 2.9321289062500000e-01 7.8837777044261892e-01 7.8837776338291810e-01 7.0597008239303705e-09 7.8837776766825729e-01 7.8837776338291810e-01 4.2853391946096053e-09 1.5767555381108762e+00 1.5767555267658362e+00 1.1345040018539976e-08
602 2.9370117187500000e-01 7.8929551540060883e-01 7.8929550833274131e-01 7.0678675134772107e-09 7.8929551262337050e-01 7.8929550833274131e-01 4.2906291852773393e-09 1.5785910280239794e+00 1.5785910166654826e+00 1.1358496809776852e-08
603 2.9418945312500000e-01 7.9021140307003312e-01 7.9021139599399048e-01 7.0760426407190380e-09 7.9021140028976533e-01 7.9021139599399048e-01 4.2957748469518720e-09 1.5804228033597985e+00 1.5804227919879810e+00 1.1371817487670910e-08
604 2.9467773437500000e-01 7.9112543129572865e-01 7.9112542421149357e-01 7.0842350874400495e-09 7.9112542851224199e-01 7.9112542421149357e-01 4.3007484240575877e-09 1.5822508598079708e+00 1.5822508484229871e+00 1.1384983622519940e-08
605 2.9516601562500000e-01 7.9203759792691009e-01 7.9203759083445380e-01 7.0924562889373988e-09 7.9203759513993710e-01 7.9203759083445380e-01 4.3054833032130091e-09 1.5840751930668473e+00 1.5840751816689076e+00 1.1397939703172710e-08
606 2.9565429687500000e-01 7.9294790081714783e-01 7.9294789371645480e-01 7.1006930335570928e-09 7.9294789802649035e-01 7.9294789371645480e-01 4.3100355506808796e-09 1.5858957988436382e+00 1.5858957874329096e+00 1.1410728584237972e-08
607 2.9614257812500000e-01 7.9385633782439258e-01 7.9385633071546635e-01 7.1089262254631080e-09 7.9385633502998354e-01 7.9385633071546635e-01 4.3145171879643840e-09 1.5877126728543760e+00 1.5877126614309327e+00 1.1423443302405190e-08
608 2.9663085937500000e-01 7.9476290681096828e-01 7.9476289969384817e-01 7.1171201154740515e-09 7.9476290401294869e-01 7.9476289969384817e-01 4.3191005216769440e-09 1.5895258108239170e+00 1.5895257993876963e+00 1.1436220637150996e-08
609 2.9711914062500000e-01 7.9566760564362293e-01 7.9566759851835589e-01 7.1252670430510534e-09 7.9566760284217342e-01 7.9566759851835589e-01 4.3238175262416689e-09 1.5913352084857963e+00 1.5913351970367118e+00 1.1449084569292722e-08
610 2.9760742187500000e-01 7.9657043219349100e-01 7.9657042506014586e-01 7.1333451368005285e-09 7.9657042938893996e-01 7.9657042506014586e-01 4.3287941009495512e-09 1.5931408615824310e+00 1.5931408501202917e+00 1.1462139237750080e-08
611 2.9809570312500000e-01 7.9747138433613396e-01 7.9747137719478001e-01 7.1413539526332670e-09 7.9747138152879826e-01 7.9747137719478001e-01 4.3340182553919249e-09 1.5949427658649322e+00 1.5949427543895600e+00 1.1475372208025192e-08
612 2.9858398437500000e-01 7.9837045995154254e-01 7.9837045280223096e-01 7.1493115871845703e-09 7.9837045714163712e-01 7.9837045280223096e-01 4.3394061677304308e-09 1.5967409170931797e+00 1.5967409056044619e+00 1.1488717754915001e-08
613 2.9907226562500000e-01 7.9926765692411428e-01 7.9926764976688691e-01 7.1572273663278452e-09 7.9926765411179135e-01 7.9926764976688691e-01 4.3449044362375844e-09 1.5985353110359055e+00 1.5985352995337738e+00 1.1502131691543127e-08
614 2.9956054687500000e-01 8.0016297314266649e-01 8.0016296597755687e-01 7.1651096167357764e-09 8.0016297032802841e-01 8.0016296597755687e-01 4.3504715385722648e-09 1.6003259434706949e+00 1.6003259319551137e+00 1.1515581155308041e-08
615 3.0004882812500000e-01 8.0105640650044496e-01 8.0105639932747497e-01 7.1729699957501225e-09 8.0105640368353448e-01 8.0105639932747497e-01 4.3560595130998081e-09 1.6021128101839794e+00 1.6021127986549499e+00 1.1529029508849931e-08
616 3.0053710937500000e-01 8.0194795489514026e-01 8.0194794771430677e-01 7.1808334833889376e-09 8.0194795207583947e-01 8.0194794771430677e-01 4.3615326905666052e-09 1.6038959069709797e+00 1.6038958954286135e+00 1.1542366173955543e-08
617 3.0102539062500000e-01 8.0283761622886840e-01 8.0283760904015222e-01 7.1887161778860786e-09 8.0283761340695869e-01 8.0283760904015222e-01 4.3668064719781796e-09 1.6056752296358270e+00 1.6056752180803044e+00 1.1555522538841956e-08
618 3.0151367187500000e-01 8.0372538840819197e-01 8.0372538121155268e-01 7.1966392845013161e-09 8.0372538558333895e-01 8.0372538121155268e-01 4.3717862663328333e-09 1.6074507739915309e+00 1.6074507624231054e+00 1.1568425550834149e-08
619 3.0200195312500000e-01 8.0461126934410176e-01 8.0461126213949430e-01 7.2046074661713533e-09 8.0461126651593629e-01 8.0461126213949430e-01 4.3764419865865989e-09 1.6092225358600381e+00 1.6092225242789886e+00 1.1581049452757952e-08
620 3.0249023437500000e-01 8.0549525695203483e-01 8.0549524973941378e-01 7.2126210559630977e-09 8.0549525412018286e-01 8.0549524973941378e-01 4.3807690808250754e-09 1.6109905110722176e+00 1.6109904994788276e+00 1.1593390025765871e-08
621 3.0297851562500000e-01 8.0637734915187698e-01 8.0637734193120281e-01 7.2206741696945187e-09 8.0637734631601388e-01 8.0637734193120281e-01 4.3848110697908282e-09 1.6127546954678909e+00 1.6127546838624056e+00 1.1605485239485347e-08
622 3.0346679687500000e-01 8.0725754386798232e-01 8.0725753663921329e-01 7.2287690278116656e-09 8.0725754102775749e-01 8.0725753663921329e-01 4.3885441947111303e-09 1.6145150848957397e+00 1.6145150732784266e+00 1.1617313111500494e-08
623 3.0395507812500000e-01 8.0813583902915453e-01 8.0813583179226212e-01 7.2368924186605454e-09 8.0813583618429741e-01 8.0813583179226212e-01 4.3920352910120641e-09 1.6162716752134521e+00 1.6162716635845242e+00 1.1628927820694912e-08
624 3.0444335937500000e-01 8.0901223256865029e-01 8.0901222532363581e-01 7.2450144772417957e-09 8.0901222971906550e-01 8.0901222532363581e-01 4.3954296868875531e-09 1.6180244622877158e+00 1.6180244506472716e+00 1.1640444164129349e-08
625 3.0493164062500000e-01 8.0988672242419202e-01 8.0988671517109589e-01 7.2530961237049496e-09 8.0988671957003722e-01 8.0988671517109589e-01 4.3989413223144425e-09 1.6197734419942291e+00 1.6197734303421918e+00 1.1652037334997090e-08
626 3.0541992187500000e-01 8.1075930653799200e-01 8.1075929927688328e-01 7.2611087142959718e-09 8.1075930367958182e-01 8.1075929927688328e-01 4.4026985390743789e-09 1.6215186102175738e+00 1.6215185985537666e+00 1.1663807253370351e-08
627 3.0590820312500000e-01 8.1162998285675725e-01 8.1162997558772321e-01 7.2690340413572585e-09 8.1162997999451858e-01 8.1162997558772321e-01 4.4067953730575482e-09 1.6232599628512758e+00 1.6232599511754464e+00 1.1675829414414807e-08
628 3.0639648437500000e-01 8.1249874933168165e-01 8.1249874205483008e-01 7.2768515657628541e-09 8.1249874646616926e-01 8.1249874205483008e-01 4.4113391828304316e-09 1.6249974957978508e+00 1.6249974841096602e+00 1.1688190637570983e-08
629 3.0688476562500000e-01 8.1336560391846913e-01 8.1336559663391284e-01 7.2845562915091477e-09 8.1336560105026634e-01 8.1336559663391284e-01 4.4163535051211511e-09 1.6267312049687355e+00 1.6267311932678257e+00 1.1700909796630299e-08
630 3.0737304687500000e-01 8.1423054457734167e-01 8.1423053728517847e-01 7.2921632066069719e-09 8.1423054170693676e-01 8.1423053728517847e-01 4.4217582928496313e-09 1.6284610862842785e+00 1.6284610745703569e+00 1.1713921610478906e-08
631 3.0786132812500000e-01 8.1509356927303767e-01 8.1509356197333838e-01 7.2996992894758250e-09 8.1509356640076047e-01 8.1509356197333838e-01 4.4274220956097565e-09 1.6301871356737982e+00 1.6301871239466768e+00 1.1727121496107884e-08
632 3.0834960937500000e-01 8.1595467597480287e-01 8.1595466866761213e-01 7.3071907413790882e-09 8.1595467310083247e-01 8.1595466866761213e-01 4.4332203463781639e-09 1.6319093490756353e+00 1.6319093373352243e+00 1.1740411087757252e-08
633 3.0883789062500000e-01 8.1681386265640510e-01 8.1681385534173234e-01 7.3146727563866420e-09 8.1681385978069809e-01 8.1681385534173234e-01 4.4389657505305991e-09 1.6336277224371032e+00 1.6336277106834647e+00 1.1753638506917241e-08
634 3.0932617187500000e-01 8.1767112729612867e-01 8.1767111997394981e-01 7.3221788632338303e-09 8.1767112441843115e-01 8.1767111997394981e-01 4.4444813385169368e-09 1.6353422517145599e+00 1.6353422399478996e+00 1.1766660312773070e-08
635 3.0981445312500000e-01 8.1852646787676364e-01 8.1852646054703815e-01 7.3297254932214173e-09 8.1852646499673010e-01 8.1852646054703815e-01 4.4496919482384101e-09 1.6370529328734937e+00 1.6370529210940763e+00 1.1779417441459827e-08
636 3.1030273437500000e-01 8.1937988238561321e-01 8.1937987504829835e-01 7.3373148667954524e-09 8.1937987950288771e-01 8.1937987504829835e-01 4.4545893640446366e-09 1.6387597618885010e+00 1.6387597500965967e+00 1.1791904341862391e-08
637 3.1079101562500000e-01 8.2023136881450553e-01 8.2023136146956344e-01 7.3449420989746272e-09 8.2023136592876866e-01 8.2023136146956344e-01 4.4592052272918181e-09 1.6404627347432741e+00 1.6404627229391269e+00 1.1804147215244143e-08
638 3.1127929687500000e-01 8.2108092515979336e-01 8.2108091780720383e-01 7.3525895372128502e-09 8.2108092227081586e-01 8.2108091780720383e-01 4.4636120355434628e-09 1.6421618474306092e+00 1.6421618356144077e+00 1.1816201572756313e-08
639 3.1176757812500000e-01 8.2192854942236693e-01 8.2192854206213128e-01 7.3602356431834437e-09 8.2192854653005598e-01 8.2192854206213128e-01 4.4679246968826192e-09 1.6438570959524230e+00 1.6438570841242626e+00 1.1828160451088365e-08
640 3.1225585937500000e-01 8.2277423960767992e-01 8.2277423223980428e-01 7.3678756429274017e-09 8.2277423671197858e-01 8.2277423223980428e-01 4.4721742975539769e-09 1.6455484763196586e+00 1.6455484644796086e+00 1.1840050051503681e-08
641 3.1274414062500000e-01 8.2361799372573707e-01 8.2361798635023176e-01 7.3755053175972307e-09 8.2361799082661158e-01 8.2361798635023176e-01 4.4763798223712570e-09 1.6472359845523488e+00 1.6472359727004635e+00 1.1851885250990790e-08
642 3.1323242187500000e-01 8.2445980979109790e-01 8.2445980240797911e-01 7.3831187830109002e-09 8.2445980688853315e-01 8.2445980240797911e-01 4.4805540388992426e-09 1.6489196166796312e+00 1.6489196048159582e+00 1.1863672932932445e-08
643 3.1372070312500000e-01 8.2529968582287538e-01 8.2529967843217167e-01 7.3907037156928368e-09 8.2529968291694411e-01 8.2529967843217167e-01 4.4847724423036084e-09 1.6505993687398195e+00 1.6505993568643433e+00 1.1875476157996445e-08
644 3.1420898437500000e-01 8.2613761984474243e-01 8.2613761244650019e-01 7.3982422410523441e-09 8.2613761693562848e-01 8.2613761244650019e-01 4.4891282913184227e-09 1.6522752367803708e+00 1.6522752248930004e+00 1.1887370421348464e-08
645 3.1469726562500000e-01 8.2697360988497082e-01 8.2697360247922480e-01 7.4057460164311806e-09 8.2697360697278133e-01 8.2697360247922480e-01 4.4935565268744426e-09 1.6539472168577523e+00 1.6539472049584496e+00 1.1899302654327926e-08
646 3.1518554687500000e-01 8.2780765397639833e-01 8.2780764656318029e-01 7.4132180394315128e-09 8.2780765106123044e-01 8.2780764656318029e-01 4.4980501545666129e-09 1.6556153050376288e+00 1.6556152931263606e+00 1.1911268193998126e-08
647 3.1567382812500000e-01 8.2863975015644964e-01 8.2863974273578045e-01 7.4206691902389821e-09 8.2863974723831557e-01 8.2863974273578045e-01 4.5025351225191912e-09 1.6572794973947653e+00 1.6572794854715609e+00 1.1923204423780476e-08
648 3.1616210937500000e-01 8.2946989646707869e-01 8.2946988903902241e-01 7.4280562811779305e-09 8.2946989354627110e-01 8.2946988903902241e-01 4.5072486853925398e-09 1.6589397900133498e+00 1.6589397780780448e+00 1.1935304966570470e-08
649 3.1665039062500000e-01 8.3029809095485507e-01 8.3029808351949197e-01 7.4353631029921985e-09 8.3029808803176286e-01 8.3029808351949197e-01 4.5122708902667341e-09 1.6605961789866179e+00 1.6605961670389839e+00 1.1947633993258933e-08
650 3.1713867187500000e-01 8.3112433167095223e-01 8.3112432422836724e-01 7.4425849927450827e-09 8.3112432874599418e-01 8.3112432422836724e-01 4.5176269392044333e-09 1.6622486604169464e+00 1.6622486484567345e+00 1.1960211931949516e-08
651 3.1762695312500000e-01 8.3194861667117115e-01 8.3194860922142422e-01 7.4497469304546371e-09 8.3194861374460016e-01 8.3194860922142422e-01 4.5231759449038123e-09 1.6638972304157713e+00 1.6638972184428484e+00 1.1972922875358449e-08
652 3.1811523437500000e-01 8.3277094401593221e-01 8.3277093655904066e-01 7.4568915486850074e-09 8.3277094108775740e-01 8.3277093655904066e-01 4.5287167349528090e-09 1.6655418851036896e+00 1.6655418731180813e+00 1.1985608283637816e-08
653 3.1860351562500000e-01 8.3359131177024992e-01 8.3359130430620088e-01 7.4640490455024633e-09 8.3359130884030019e-01 8.3359130430620088e-01 4.5340993182207967e-09 1.6671826206105500e+00 1.6671826086124018e+00 1.1998148252700958e-08
654 3.1909179687500000e-01 8.3440971800373842e-01 8.3440971053250024e-01 7.4712381836761210e-09 8.3440971507173400e-01 8.3440971053250024e-01 4.5392337666427807e-09 1.6688194330754724e+00 1.6688194210650005e+00 1.2010471950318902e-08
655 3.1958007812500000e-01 8.3522616079062317e-01 8.3522615331215000e-01 7.4784731740606958e-09 8.3522615785618592e-01 8.3522615331215000e-01 4.5440359253134943e-09 1.6704523186468090e+00 1.6704523066243000e+00 1.2022508988351888e-08
656 3.2006835937500000e-01 8.3604063820974073e-01 8.3604063072398149e-01 7.4857592347044033e-09 8.3604063527246730e-01 8.3604063072398149e-01 4.5484858102184944e-09 1.6720812734822079e+00 1.6720812614479630e+00 1.2034244933900595e-08
657 3.2055664062500000e-01 8.3685314834454594e-01 8.3685314085145035e-01 7.4930955884511263e-09 8.3685314540402944e-01 8.3685314085145035e-01 4.5525790914879849e-09 1.6737062937485754e+00 1.6737062817029007e+00 1.2045674679939111e-08
658 3.2104492187500000e-01 8.3766368928310908e-01 8.3766368178264206e-01 7.5004670252454275e-09 8.3766368633904909e-01 8.3766368178264206e-01 4.5564070294545900e-09 1.6753273756221581e+00 1.6753273635652841e+00 1.2056873943677715e-08
659 3.2153320312500000e-01 8.3847225911813417e-01 8.3847225161027550e-01 7.5078586680987769e-09 8.3847225617030718e-01 8.3847225161027550e-01 4.5600316855853862e-09 1.6769445152884415e+00 1.6769445032205510e+00 1.2067890464706466e-08
660 3.2202148437500000e-01 8.3927885594696960e-01 8.3927884843170752e-01 7.5152620793161873e-09 8.3927885299521654e-01 8.3927884843170752e-01 4.5635090151208146e-09 1.6785577089421861e+00 1.6785576968634150e+00 1.2078771094437002e-08
661 3.2250976562500000e-01 8.4008347787160820e-01 8.4008347034893815e-01 7.5226700424479986e-09 8.4008347491579782e-01 8.4008347034893815e-01 4.5668596682091334e-09 1.6801669527874061e+00 1.6801669406978763e+00 1.2089529821679434e-08
662 3.2299804687500000e-01 8.4088612299868404e-01 8.4088611546861414e-01 7.5300699009517302e-09 8.4088612003877061e-01 8.4088611546861414e-01 4.5701564754807578e-09 1.6817722430374547e+00 1.6817722309372283e+00 1.2100226376432488e-08
663 3.2348632812500000e-01 8.4168678943949138e-01 8.4168678190203405e-01 7.5374573249575860e-09 8.4168678647544359e-01 8.4168678190203405e-01 4.5734095399652119e-09 1.6833735759149349e+00 1.6833735638040681e+00 1.2110866753900495e-08
664 3.2397460937500000e-01 8.4248547530996276e-01 8.4248546776515254e-01 7.5448102210273760e-09 8.4248547234188820e-01 8.4248546776515254e-01 4.5767356571246864e-09 1.6849709476518511e+00 1.6849709355303051e+00 1.2121545989174365e-08
665 3.2446289062500000e-01 8.4328217873069433e-01 8.4328217117858439e-01 7.5521099374142864e-09 8.4328217575880660e-01 8.4328217117858439e-01 4.5802222015112193e-09 1.6865643544895010e+00 1.6865643423571688e+00 1.2132332249947808e-08
666 3.2495117187500000e-01 8.4407689782694950e-01 8.4407689026760957e-01 7.5593399317952503e-09 8.4407689485157655e-01 8.4407689026760957e-01 4.5839669837732799e-09 1.6881537926785262e+00 1.6881537805352191e+00 1.2143307026590833e-08
667 3.2543945312500000e-01 8.4486963072867804e-01 8.4486962316217751e-01 7.5665005372371752e-09 8.4486962775012930e-01 8.4486962316217751e-01 4.5879517962532645e-09 1.6897392584788073e+00 1.6897392463243550e+00 1.2154452333490440e-08
668 3.2592773437500000e-01 8.4566037557049445e-01 8.4566036799691080e-01 7.5735836491119812e-09 8.4566037258913340e-01 8.4566036799691080e-01 4.5922226021843926e-09 1.6913207481596277e+00 1.6913207359938216e+00 1.2165806140274071e-08
669 3.2641601562500000e-01 8.4644913049171633e-01 8.4644912291111074e-01 7.5806055876981304e-09 8.4644912750782075e-01 8.4644912291111074e-01 4.5967100126276250e-09 1.6928982579995371e+00 1.6928982458222215e+00 1.2177315600325755e-08
670 3.2690429687500000e-01 8.4723589363632790e-01 8.4723588604876077e-01 7.5875671301517400e-09 8.4723589065014993e-01 8.4723588604876077e-01 4.6013891585872102e-09 1.6944717842864778e+00 1.6944717720975215e+00 1.2188956288738950e-08
671 3.2739257812500000e-01 8.4802066315300428e-01 8.4802065555853101e-01 7.5944732724764208e-09 8.4802066016478117e-01 8.4802065555853101e-01 4.6062501590782290e-09 1.6960413233177856e+00 1.6960413111170620e+00 1.2200723542576952e-08
672 3.2788085937500000e-01 8.4880343719513196e-01 8.4880342959378319e-01 7.6013487726456219e-09 8.4880343420494253e-01 8.4880342959378319e-01 4.6111593432485165e-09 1.6976068714000745e+00 1.6976068591875664e+00 1.2212508115894138e-08
673 3.2836914062500000e-01 8.4958421392078798e-01 8.4958420631257436e-01 7.6082136146737867e-09 8.4958421092859593e-01 8.4958420631257436e-01 4.6160215649848624e-09 1.6991684248493839e+00 1.6991684126251487e+00 1.2224235179658649e-08
674 3.2885742187500000e-01 8.5036299149276995e-01 8.5036298387766174e-01 7.6151082106790113e-09 8.5036298849830139e-01 8.5036298387766174e-01 4.6206396486780932e-09 1.7007259799910712e+00 1.7007259677553235e+00 1.2235747748334802e-08
675 3.2934570312500000e-01 8.5113976807850678e-01 8.5113976045650597e-01 7.6220008082827917e-09 8.5113976508167299e-01 8.5113976045650597e-01 4.6251670271502121e-09 1.7022795331601799e+00 1.7022795209130119e+00 1.2247167946455306e-08
676 3.2983398437500000e-01 8.5191454185016480e-01 8.5191453422127705e-01 7.6288877437491465e-09 8.5191453885089419e-01 8.5191453422127705e-01 4.6296171340998171e-09 1.7038290807010590e+00 1.7038290684425541e+00 1.2258504877848964e-08
677 3.3032226562500000e-01 8.5268731098462125e-01 8.5268730334885745e-01 7.6357637990298599e-09 8.5268730798287651e-01 8.5268730334885745e-01 4.6340190573701534e-09 1.7053746189674976e+00 1.7053746066977149e+00 1.2269782745377711e-08
678 3.3081054687500000e-01 8.5345807366346815e-01 8.5345806602084684e-01 7.6426213135860621e-09 8.5345807065925838e-01 8.5345806602084684e-01 4.6384115437447804e-09 1.7069161443227265e+00 1.7069161320416937e+00 1.2281032857330842e-08
679 3.3129882812500000e-01 8.5422682807301786e-01 8.5422682042356590e-01 7.6494519607450684e-09 8.5422682506640479e-01 8.5422682042356590e-01 4.6428388911223806e-09 1.7084536531394225e+00 1.7084536408471318e+00 1.2292290740845147e-08
680 3.3178710937500000e-01 8.5499357240431473e-01 8.5499356474806154e-01 7.6562531869939221e-09 8.5499356939537852e-01 8.5499356474806154e-01 4.6473169756922061e-09 1.7099871417996932e+00 1.7099871294961231e+00 1.2303570162686128e-08
681 3.3227539062500000e-01 8.5575830485314175e-01 8.5575829719011032e-01 7.6630314316261661e-09 8.5575830184191859e-01 8.5575829719011032e-01 4.6518082719160248e-09 1.7115166066950604e+00 1.7115165943802206e+00 1.2314839814564493e-08
682 3.3276367187500000e-01 8.5652102362004012e-01 8.5652101595022267e-01 7.6698174478195824e-09 8.5652102060638602e-01 8.5652101595022267e-01 4.6561633437747219e-09 1.7130420442264263e+00 1.7130420319004453e+00 1.2325980902616607e-08
683 3.3325195312500000e-01 8.5728172691029381e-01 8.5728171923364782e-01 7.6766459855548419e-09 8.5728172389385238e-01 8.5728171923364782e-01 4.6602045555843574e-09 1.7145634508041461e+00 1.7145634384672956e+00 1.2336850430116897e-08
684 3.3374023437500000e-01 8.5804041293386546e-01 8.5804040525037750e-01 7.6834879569886994e-09 8.5804040991445518e-01 8.5804040525037750e-01 4.6640776796280647e-09 1.7160808228483206e+00 1.7160808105007550e+00 1.2347565636616764e-08
685 3.3422851562500000e-01 8.5879707990549037e-01 8.5879707221515034e-01 7.6903400314520809e-09 8.5879707688294715e-01 8.5879707221515034e-01 4.6677968157382566e-09 1.7175941567884374e+00 1.7175941444303007e+00 1.2358136736168035e-08
686 3.3471679687500000e-01 8.5955172604467345e-01 8.5955171834745570e-01 7.6972177520673313e-09 8.5955172301874894e-01 8.5955171834745570e-01 4.6712932411097086e-09 1.7191034490634225e+00 1.7191034366949114e+00 1.2368511104199342e-08
687 3.3520507812500000e-01 8.6030434957562429e-01 8.6030434187153826e-01 7.7040860357868723e-09 8.6030434654627175e-01 8.6030434187153826e-01 4.6747334891961145e-09 1.7206086961218960e+00 1.7206086837430765e+00 1.2378819524982987e-08
688 3.3569335937500000e-01 8.6105494872735278e-01 8.6105494101640234e-01 7.7109504337258272e-09 8.6105494569449492e-01 8.6105494101640234e-01 4.6780925799794204e-09 1.7221098944218478e+00 1.7221098820328047e+00 1.2389043124727550e-08
689 3.3618164062500000e-01 8.6180352173363051e-01 8.6180351401581556e-01 7.7178149426870846e-09 8.6180351869716099e-01 8.6180351401581556e-01 4.6813454224192697e-09 1.7236070404307915e+00 1.7236070280316311e+00 1.2399160365106354e-08
690 3.3666992187500000e-01 8.6255006683301993e-01 8.6255005910831339e-01 7.7247065410901428e-09 8.6255006379267640e-01 8.6255005910831339e-01 4.6843630086002008e-09 1.7251001306256963e+00 1.7251001182166268e+00 1.2409069549690344e-08
691 3.3715820312500000e-01 8.6329458226879285e-01 8.6329457453720304e-01 7.7315898128205163e-09 8.6329457922452391e-01 8.6329457453720304e-01 4.6873208647824072e-09 1.7265891614933166e+00 1.7265891490744061e+00 1.2418910566580621e-08
692 3.3764648437500000e-01 8.6403706628899868e-01 8.6403705855056800e-01 7.7384306740313491e-09 8.6403706324095586e-01 8.6403705855056800e-01 4.6903878558879342e-09 1.7280741295299547e+00 1.7280741171011360e+00 1.2428818640941586e-08
693 3.3813476562500000e-01 8.6477751714648277e-01 8.6477750940127140e-01 7.7452113611542472e-09 8.6477751409492787e-01 8.6477750940127140e-01 4.6936564634947331e-09 1.7295550312414107e+00 1.7295550188025428e+00 1.2438867935671283e-08
694 3.3862304687500000e-01 8.6551593309886665e-01 8.6551592534696109e-01 7.7519055619035271e-09 8.6551593004421323e-01 8.6551592534696109e-01 4.6972521428045866e-09 1.7310318631430799e+00 1.7310318506939222e+00 1.2449157704708114e-08
695 3.3911132812500000e-01 8.6625231240857137e-01 8.6625230465007275e-01 7.7584986213352636e-09 8.6625230935132713e-01 8.6625230465007275e-01 4.7012543857860578e-09 1.7325046217598985e+00 1.7325046093001455e+00 1.2459753007121321e-08
696 3.3959960937500000e-01 8.6698665334282654e-01 8.6698664557783500e-01 7.7649915386501789e-09 8.6698665028348965e-01 8.6698664557783500e-01 4.7056546437218572e-09 1.7339733036263163e+00 1.7339732911556700e+00 1.2470646293394338e-08
697 3.4008789062500000e-01 8.6771895417367306e-01 8.6771894640227254e-01 7.7714005231044325e-09 8.6771895111264286e-01 8.6771894640227254e-01 4.7103703160189525e-09 1.7354379052863158e+00 1.7354378928045451e+00 1.2481770728101083e-08
698 3.4057617187500000e-01 8.6844921317795698e-01 8.6844920540021087e-01 7.7777461138239801e-09 8.6844921011551146e-01 8.6844920540021087e-01 4.7153005944267079e-09 1.7368984232934683e+00 1.7368984108004217e+00 1.2493046597228386e-08
699 3.4106445312500000e-01 8.6917742863734349e-01 8.6917742085328009e-01 7.7840633938563997e-09 8.6917742557355526e-01 8.6917742085328009e-01 4.7202751707331458e-09 1.7383548542108986e+00 1.7383548417065602e+00 1.2504338453567243e-08
700 3.4155273437500000e-01 8.6990359883825530e-01 8.6990359104791881e-01 7.7903364870124392e-09 8.6990359577328125e-01 8.6990359104791881e-01 4.7253624346765832e-09 1.7398071946115365e+00 1.7398071820958376e+00 1.2515698921689022e-08
701 3.4204101562500000e-01 8.7062772207194761e-01 8.7062771427537833e-01 7.7965692790726848e-09 8.7062771900593616e-01 8.7062771427537833e-01 4.7305578343426191e-09 1.7412554410778838e+00 1.7412554285507567e+00 1.2527127113415304e-08
702 3.4252929687500000e-01 8.7134979663449497e-01 8.7134978883172698e-01 7.8027679872860745e-09 8.7134979356754794e-01 8.7134978883172698e-01 4.7358209576131571e-09 1.7426995902020428e+00 1.7426995776634540e+00 1.2538588833876929e-08
703 3.4301757812500000e-01 8.7206982082682027e-01 8.7206981301785347e-01 7.8089668065217666e-09 8.7206981775882941e-01 8.7206981301785347e-01 4.7409759451610967e-09 1.7441396385856498e+00 1.7441396260357069e+00 1.2549942862705166e-08
704 3.4350585937500000e-01 8.7278779295465736e-01 8.7278778513947119e-01 7.8151861648834142e-09 8.7278778988540007e-01 8.7278778513947119e-01 4.7459288721185544e-09 1.7455755828400574e+00 1.7455755702789424e+00 1.2561115037001969e-08
705 3.4399414062500000e-01 8.7350371132860039e-01 8.7350370350712248e-01 7.8214779097862674e-09 8.7350370825754220e-01 8.7350370350712248e-01 4.7504197242531632e-09 1.7470074195861427e+00 1.7470074070142450e+00 1.2571897745061733e-08
706 3.4448242187500000e-01 8.7421757426400160e-01 8.7421756643618231e-01 7.8278192816583214e-09 8.7421757119074350e-01 8.7421756643618231e-01 4.7545611892019224e-09 1.7484351454547451e+00 1.7484351328723646e+00 1.2582380470860244e-08
707 3.4497070312500000e-01 8.7492938008107546e-01 8.7492937224686251e-01 7.8342129450348352e-09 8.7492937700519913e-01 8.7492937224686251e-01 4.7583366136194627e-09 1.7498587570862747e+00 1.7498587444937250e+00 1.2592549669676600e-08
708 3.4545898437500000e-01 8.7563912710486247e-01 8.7563911926421467e-01 7.8406477976855626e-09 8.7563912402602040e-01 8.7563911926421467e-01 4.7618057275045089e-09 1.7512782511308829e+00 1.7512782385284293e+00 1.2602453525190072e-08
709 3.4594726562500000e-01 8.7634681366527012e-01 8.7634680581813595e-01 7.8471341646846327e-09 8.7634681058306307e-01 8.7634680581813595e-01 4.7649271195382426e-09 1.7526936242483333e+00 1.7526936116362719e+00 1.2612061395245178e-08
710 3.4643554687500000e-01 8.7705243809697786e-01 8.7705243024337132e-01 7.8536065428735924e-09 8.7705243501138219e-01 8.7705243024337132e-01 4.7680108750114414e-09 1.7541048731083602e+00 1.7541048604867426e+00 1.2621617528907336e-08
711 3.4692382812500000e-01 8.7775599873955723e-01 8.7775599087951839e-01 7.8600388420113632e-09 8.7775599565070195e-01 8.7775599087951839e-01 4.7711835593489127e-09 1.7555119943902593e+00 1.7555119817590368e+00 1.2631222512382578e-08
712 3.4741210937500000e-01 8.7845749393744643e-01 8.7845748607103114e-01 7.8664152969309953e-09 8.7845749084556457e-01 8.7845748607103114e-01 4.7745334352811142e-09 1.7569149847830110e+00 1.7569149721420623e+00 1.2640948732212109e-08
713 3.4790039062500000e-01 8.7915692203995088e-01 8.7915691416722341e-01 7.8727274699375016e-09 8.7915691894532400e-01 8.7915691416722341e-01 4.7781005818592348e-09 1.7583138409852750e+00 1.7583138283344468e+00 1.2650828162819039e-08
714 3.4838867187500000e-01 8.7985428140123967e-01 8.7985427352227363e-01 7.8789660351574753e-09 8.7985427830420804e-01 8.7985427352227363e-01 4.7819344040078704e-09 1.7597085597054476e+00 1.7597085470445473e+00 1.2660900328143043e-08
715 3.4887695312500000e-01 8.8054957038036430e-01 8.8054956249522742e-01 7.8851368767729468e-09 8.8054956728122857e-01 8.8054956249522742e-01 4.7860011509470723e-09 1.7610991376615930e+00 1.7610991249904548e+00 1.2671138138742322e-08
716 3.4936523437500000e-01 8.8124278734125683e-01 8.8124277945000307e-01 7.8912537615494216e-09 8.8124278424023317e-01 8.8124277945000307e-01 4.7902301014701720e-09 1.7624855715814900e+00 1.7624855589000061e+00 1.2681483863019594e-08
717 3.4985351562500000e-01 8.8193393065274184e-01 8.8193392275539406e-01 7.8973477757315891e-09 8.8193392754986888e-01 8.8193392275539406e-01 4.7944748171602214e-09 1.7638678582026106e+00 1.7638678455107881e+00 1.2691822481869508e-08
718 3.5034179687500000e-01 8.8262299868854244e-01 8.8262299078507334e-01 7.9034691014001623e-09 8.8262299558355284e-01 8.8262299078507334e-01 4.7984795026323468e-09 1.7652459942720953e+00 1.7652459815701467e+00 1.2701948604032509e-08
719 3.5083007812500000e-01 8.8330998982720266e-01 8.8330998191759724e-01 7.9096054150795680e-09 8.8330998671990646e-01 8.8330998191759724e-01 4.8023092169557913e-09 1.7666199765471091e+00 1.7666199638351945e+00 1.2711914632035359e-08
720 3.5131835937500000e-01 8.8399490245216872e-01 8.8399489453640934e-01 7.9157593813050653e-09 8.8399489934234521e-01 8.8399489453640934e-01 4.8059358714880318e-09 1.7679898017945139e+00 1.7679897890728187e+00 1.2721695252793097e-08
721 3.5180664062500000e-01 8.8467773495178181e-01 8.8467772702984415e-01 7.9219376614148018e-09 8.8467773183918086e-01 8.8467772702984415e-01 4.8093367066570636e-09 1.7693554667909628e+00 1.7693554540596883e+00 1.2731274479094168e-08
722 3.5229492187500000e-01 8.8535848571930609e-01 8.8535847779113053e-01 7.9281755605009607e-09 8.8535848260347383e-01 8.8535847779113053e-01 4.8123433016300510e-09 1.7707169683227799e+00 1.7707169555822611e+00 1.2740518862131012e-08
723 3.5278320312500000e-01 8.8603715315283993e-01 8.8603714521839660e-01 7.9344433245864820e-09 8.8603715003348715e-01 8.8603714521839660e-01 4.8150905485044859e-09 1.7720743031863271e+00 1.7720742904367932e+00 1.2749533873090968e-08
724 3.5327148437500000e-01 8.8671373565539136e-01 8.8671372771467205e-01 7.9407193043223856e-09 8.8671373253235963e-01 8.8671372771467205e-01 4.8176875822036891e-09 1.7734274681877511e+00 1.7734274554293441e+00 1.2758406997548377e-08
725 3.5375976562500000e-01 8.8738823163485847e-01 8.8738822368789327e-01 7.9469651970143218e-09 8.8738822850822308e-01 8.8738822368789327e-01 4.8203298019799945e-09 1.7747764601430815e+00 1.7747764473757865e+00 1.2767294998994316e-08
726 3.5424804687500000e-01 8.8806063950403558e-01 8.8806063155090564e-01 7.9531299324031579e-09 8.8806063637417165e-01 8.8806063155090564e-01 4.8232660088132207e-09 1.7761212758782072e+00 1.7761212631018113e+00 1.2776395941216379e-08
727 3.5473632812500000e-01 8.8873095768066268e-01 8.8873094972146871e-01 7.9591939705636605e-09 8.8873095454807349e-01 8.8873094972146871e-01 4.8266047825151759e-09 1.7774619122287363e+00 1.7774618994429374e+00 1.2785798864101139e-08
728 3.5522460937500000e-01 8.8939918458740708e-01 8.8939917662225909e-01 7.9651479856224228e-09 8.8939918145264130e-01 8.8939917662225909e-01 4.8303822053341605e-09 1.7787983660400484e+00 1.7787983532445182e+00 1.2795530190956583e-08
729 3.5571289062500000e-01 8.9006531865188276e-01 8.9006531068087436e-01 7.9710084088802091e-09 8.9006531551539725e-01 8.9006531068087436e-01 4.8345228931268025e-09 1.7801306341672800e+00 1.7801306213617487e+00 1.2805531302007012e-08
730 3.5620117187500000e-01 8.9072935830664657e-01 8.9072935032983669e-01 7.9768098792953879e-09 8.9072935516869367e-01 8.9072935032983669e-01 4.8388569817703342e-09 1.7814587134753403e+00 1.7814587006596734e+00 1.2815666972088025e-08
731 3.5668945312500000e-01 8.9139130198913341e-01 8.9139129400659656e-01 7.9825368537456143e-09 8.9139129885005430e-01 8.9139129400659656e-01 4.8434577459843808e-09 1.7827826008391878e+00 1.7827825880131931e+00 1.2825994710752298e-08
732 3.5717773437500000e-01 8.9205114814174113e-01 8.9205114015353670e-01 7.9882044312640232e-09 8.9205114500178773e-01 8.9205114015353670e-01 4.8482510228708975e-09 1.7841022931435289e+00 1.7841022803070734e+00 1.2836455454134921e-08
733 3.5766601562500000e-01 8.9270889521182839e-01 8.9270888721797537e-01 7.9938530239687111e-09 8.9270889207101289e-01 8.9270888721797537e-01 4.8530375273969639e-09 1.7854177872828414e+00 1.7854177744359507e+00 1.2846890662387977e-08
734 3.5815429687500000e-01 8.9336454165170309e-01 8.9336453365217006e-01 7.9995330359849959e-09 8.9336453850973940e-01 8.9336453365217006e-01 4.8575693467611814e-09 1.7867290801614426e+00 1.7867290673043401e+00 1.2857102493768480e-08
735 3.5864257812500000e-01 8.9401808591855136e-01 8.9401807791332144e-01 8.0052299233912549e-09 8.9401808277522554e-01 8.9401807791332144e-01 4.8619041015385278e-09 1.7880361686937769e+00 1.7880361558266429e+00 1.2867134024929783e-08
736 3.5913085937500000e-01 8.9466952647452147e-01 8.9466951846357690e-01 8.0109445743659080e-09 8.9466952332962135e-01 8.9466951846357690e-01 4.8660444562642624e-09 1.7893390498041428e+00 1.7893390369271538e+00 1.2876989030630170e-08
737 3.5961914062500000e-01 8.9531886178674180e-01 8.9531885377003373e-01 8.0167080751536446e-09 8.9531885863987681e-01 8.9531885377003373e-01 4.8698430843430174e-09 1.7906377204266186e+00 1.7906377075400675e+00 1.2886551159496662e-08
738 3.6010742187500000e-01 8.9596609032723906e-01 8.9596608230474317e-01 8.0224958898256205e-09 8.9596608717816051e-01 8.9596608230474317e-01 4.8734173363484956e-09 1.7919321775053996e+00 1.7919321646094863e+00 1.2895913226174116e-08
739 3.6059570312500000e-01 8.9661121057301707e-01 8.9661120254471394e-01 8.0283031334005273e-09 8.9661120742150580e-01 8.9661120254471394e-01 4.8767918592318438e-09 1.7932224179945229e+00 1.7932224050894279e+00 1.2905094992632371e-08
740 3.6108398437500000e-01 8.9725422100606511e-01 8.9725421297191621e-01 8.0341489017143886e-09 8.9725421785178361e-01 8.9725421297191621e-01 4.8798673990546604e-09 1.7945084388578487e+00 1.7945084259438324e+00 1.2914016300769049e-08
741 3.6157226562500000e-01 8.9789512011330896e-01 8.9789511207328376e-01 8.0400252011614270e-09 8.9789511695596524e-01 8.9789511207328376e-01 4.8826814813551778e-09 1.7957902370692742e+00 1.7957902241465675e+00 1.2922706682516605e-08
742 3.6206054687500000e-01 8.9853390638661923e-01 8.9853389834071951e-01 8.0458997242516261e-09 8.9853390322612170e-01 8.9853389834071951e-01 4.8854021938993242e-09 1.7970678096127410e+00 1.7970677966814390e+00 1.2931302029173253e-08
743 3.6254882812500000e-01 8.9917057832287128e-01 8.9917057027109759e-01 8.0517736922303129e-09 8.9917057515912080e-01 8.9917057027109759e-01 4.8880232084158592e-09 1.7983411534819922e+00 1.7983411405421952e+00 1.2939797011668475e-08
744 3.6303710937500000e-01 8.9980513442388244e-01 8.9980512636626719e-01 8.0576152416966806e-09 8.9980513125696704e-01 8.9980512636626719e-01 4.8906998451059280e-09 1.7996102656808495e+00 1.7996102527325344e+00 1.2948315086802609e-08
745 3.6352539062500000e-01 9.0043757319648943e-01 9.0043756513305684e-01 8.0634325883011115e-09 9.0043757002645164e-01 9.0043756513305684e-01 4.8933948004759031e-09 1.8008751432229411e+00 1.8008751302661137e+00 1.2956827388777015e-08
746 3.6401367187500000e-01 9.0106789315246949e-01 9.0106788508327673e-01 8.0691927584197742e-09 9.0106788997954446e-01 9.0106788508327673e-01 4.8962677245967257e-09 1.8021357831320139e+00 1.8021357701665535e+00 1.2965460483016500e-08
747 3.6450195312500000e-01 9.0169609280863050e-01 9.0169608473372354e-01 8.0749069653052175e-09 9.0169608963298586e-01 9.0169608473372354e-01 4.8992623291610471e-09 1.8033921824416164e+00 1.8033921694674471e+00 1.2974169294466265e-08
748 3.6499023437500000e-01 9.0232217068676801e-01 9.0232216260618237e-01 8.0805856450538727e-09 9.0232216750850291e-01 9.0232216260618237e-01 4.9023205495046795e-09 1.8046443381952710e+00 1.8046443252123647e+00 1.2982906305580855e-08
749 3.6547851562500000e-01 9.0294612531367957e-01 9.0294611722743179e-01 8.0862477824794610e-09 9.0294612213278669e-01 9.0294611722743179e-01 4.9053549000532826e-09 1.8058922474464663e+00 1.8058922344548636e+00 1.2991602682532744e-08
750 3.6596679687500000e-01 9.0356795522117495e-01 9.0356794712924626e-01 8.0919286826741654e-09 9.0356795203744644e-01 9.0356794712924626e-01 4.9082001796207919e-09 1.8071359072586213e+00 1.8071358942584925e+00 1.3000128751272655e-08
751 3.6645507812500000e-01 9.0418765894599462e-01 9.0418765084840003e-01 8.0975945948580375e-09 9.0418765575940496e-01 9.0418765084840003e-01 4.9110049360479024e-09 1.8083753147053996e+00 1.8083753016968001e+00 1.3008599530905940e-08
752 3.6694335937500000e-01 9.0480523502991883e-01 9.0480522692667009e-01 8.1032487386778485e-09 9.0480523184043071e-01 9.0480522692667009e-01 4.9137606206173245e-09 1.8096104668703497e+00 1.8096104538533402e+00 1.3017009470317475e-08
753 3.6743164062500000e-01 9.0542068201971504e-01 9.0542067391084047e-01 8.1088745718105315e-09 9.0542067882738164e-01 9.0542067391084047e-01 4.9165411741824983e-09 1.8108413608470966e+00 1.8108413478216809e+00 1.3025415634970727e-08
754 3.6791992187500000e-01 9.0603399846716171e-01 9.0603399035270515e-01 8.1144565511337419e-09 9.0603399527214090e-01 9.0603399035270515e-01 4.9194357476523010e-09 1.8120679937393027e+00 1.8120679807054103e+00 1.3033892409808345e-08
755 3.6840820312500000e-01 9.0664518292904084e-01 9.0664517480907081e-01 8.1199700296963329e-09 9.0664517973163894e-01 9.0664517480907081e-01 4.9225681308939784e-09 1.8132903626606798e+00 1.8132903496181416e+00 1.3042538160590311e-08
756 3.6889648437500000e-01 9.0725423396718086e-01 9.0725422584176196e-01 8.1254188932788907e-09 9.0725423076768252e-01 9.0725422584176196e-01 4.9259205603391365e-09 1.8145084647348635e+00 1.8145084516835239e+00 1.3051339564640330e-08
757 3.6938476562500000e-01 9.0786115014842839e-01 9.0786114201762225e-01 8.1308061394835818e-09 9.0786114694709008e-01 9.0786114201762225e-01 4.9294678339251163e-09 1.8157222970955185e+00 1.8157222840352445e+00 1.3060273973408698e-08
758 3.6987304687500000e-01 9.0846593004465637e-01 9.0846592190851960e-01 8.1361367643140170e-09 9.0846592684170957e-01 9.0846592190851960e-01 4.9331899676374746e-09 1.8169318568863659e+00 1.8169318438170392e+00 1.3069326731951492e-08
759 3.7036132812500000e-01 9.0906857223280269e-01 9.0906856409134817e-01 8.1414545105573666e-09 9.0906856902822064e-01 9.0906856409134817e-01 4.9368724663878538e-09 1.8181371412610234e+00 1.8181371281826963e+00 1.3078327087967523e-08
760 3.7084960937500000e-01 9.0966907529478680e-01 9.0966906714803297e-01 8.1467538270985074e-09 9.0966907208857173e-01 9.0966906714803297e-01 4.9405387558820735e-09 1.8193381473833585e+00 1.8193381342960659e+00 1.3087292582980581e-08
761 3.7133789062500000e-01 9.1026743781759623e-01 9.1026742966553220e-01 8.1520640238252895e-09 9.1026743460958182e-01 9.1026742966553220e-01 4.9440496141528456e-09 1.8205348724271779e+00 1.8205348593310644e+00 1.3096113526955833e-08
762 3.7182617187500000e-01 9.1086365839321803e-01 9.1086365023584115e-01 8.1573768850873307e-09 9.1086365518328061e-01 9.1086365023584115e-01 4.9474394581139336e-09 1.8217273135764986e+00 1.8217273004716823e+00 1.3104816343201264e-08
763 3.7231445312500000e-01 9.1145773561864629e-01 9.1145772745599507e-01 8.1626512216104175e-09 9.1145773240690797e-01 9.1145772745599507e-01 4.9509129018687759e-09 1.8229154680255544e+00 1.8229154549119901e+00 1.3113564234501496e-08
764 3.7280273437500000e-01 9.1204966809593291e-01 9.1204965992807296e-01 8.1678599439527488e-09 9.1204966488267980e-01 9.1204965992807296e-01 4.9546068359163087e-09 1.8240993329786126e+00 1.8240993198561459e+00 1.3122466668846755e-08
765 3.7329101562500000e-01 9.1263945443220751e-01 9.1263944625920057e-01 8.1730069378949111e-09 9.1263945121770529e-01 9.1263944625920057e-01 4.9585047179334651e-09 1.8252789056499128e+00 1.8252788925184011e+00 1.3131511655828376e-08
766 3.7377929687500000e-01 9.1322709323967466e-01 9.1322708506155359e-01 8.1781210692355444e-09 9.1322709002400460e-01 9.1322708506155359e-01 4.9624510056744953e-09 1.8264541832636794e+00 1.8264541701231072e+00 1.3140572185932342e-08
767 3.7426757812500000e-01 9.1381258313561997e-01 9.1381257495236123e-01 8.1832587373042998e-09 9.1381257991853360e-01 9.1381257495236123e-01 4.9661723622307363e-09 1.8276251630541536e+00 1.8276251499047225e+00 1.3149431099535036e-08
768 3.7475585937500000e-01 9.1439592274234383e-01 9.1439591455390912e-01 8.1884347080674047e-09 9.1439591952351107e-01 9.1439591455390912e-01 4.9696019521761059e-09 1.8287918422658549e+00 1.8287918291078182e+00 1.3158036660243511e-08
769 3.7524414062500000e-01 9.1497711068716703e-01 9.1497710249354314e-01 8.1936238904845027e-09 9.1497710746639616e-01 9.1497710249354314e-01 4.9728530182591157e-09 1.8299542181535631e+00 1.8299542049870863e+00 1.3166476797721316e-08
770 3.7573242187500000e-01 9.1555614560248144e-01 9.1555613740367148e-01 8.1988099642771317e-09 9.1555614237968153e-01 9.1555613740367148e-01 4.9760100484519398e-09 1.8311122879821631e+00 1.8311122748073430e+00 1.3174820123751374e-08
771 3.7622070312500000e-01 9.1613302612574399e-01 9.1613301792176938e-01 8.2039746107653855e-09 9.1613302290094001e-01 9.1613301792176938e-01 4.9791706313584427e-09 1.8322660490266840e+00 1.8322660358435388e+00 1.3183145242123828e-08
772 3.7670898437500000e-01 9.1670775089949386e-01 9.1670774269038113e-01 8.2091127229233507e-09 9.1670774767272822e-01 9.1670774269038113e-01 4.9823470904541978e-09 1.8334154985722222e+00 1.8334154853807623e+00 1.3191459924399851e-08
773 3.7719726562500000e-01 9.1728031857133330e-01 9.1728031035712398e-01 8.2142093127401949e-09 9.1728031534273569e-01 9.1728031035712398e-01 4.9856117012581080e-09 1.8345606339140690e+00 1.8345606207142480e+00 1.3199821013998303e-08
774 3.7768554687500000e-01 9.1785072779394006e-01 9.1785071957469067e-01 8.2192493922050858e-09 9.1785072456374672e-01 9.1785071957469067e-01 4.9890560571697051e-09 1.8357014523576867e+00 1.8357014391493813e+00 1.3208305338352488e-08
775 3.7817382812500000e-01 9.1841897722507937e-01 9.1841896900085329e-01 8.2242260779352705e-09 9.1841897399355410e-01 9.1841896900085329e-01 4.9927008083372471e-09 1.8368379512186335e+00 1.8368379380017066e+00 1.3216926886272518e-08
776 3.7866210937500000e-01 9.1898506552760606e-01 9.1898505729846613e-01 8.2291399250422614e-09 9.1898506229502119e-01 9.1898505729846613e-01 4.9965550585895357e-09 1.8379701278226273e+00 1.8379701145969323e+00 1.3225694983631797e-08
777 3.7915039062500000e-01 9.1954899136946777e-01 9.1954898313546873e-01 8.2339990381541384e-09 9.1954898813604025e-01 9.1954898313546873e-01 5.0005715124257222e-09 1.8390979795055080e+00 1.8390979662709375e+00 1.3234570550579861e-08
778 3.7963867187500000e-01 9.2011075342370618e-01 9.2011074518488900e-01 8.2388171840364066e-09 9.2011075018957167e-01 9.2011074518488900e-01 5.0046826682859091e-09 1.8402215036132779e+00 1.8402214903697780e+00 1.3243499852322316e-08
779 3.8012695312500000e-01 9.2067035036847733e-01 9.2067034212484677e-01 8.2436305559596690e-09 9.2067034713355267e-01 9.2067034212484677e-01 5.0087058944825458e-09 1.8413406975020301e+00 1.8413406842496935e+00 1.3252336561464517e-08
780 3.8061523437500000e-01 9.2122778088702362e-01 9.2122777263855637e-01 8.2484672425664485e-09 9.2122777765106689e-01 9.2122777263855637e-01 5.0125105177656337e-09 1.8424555585380906e+00 1.8424555452771127e+00 1.3260977871354385e-08
781 3.8110351562500000e-01 9.2178304366766439e-01 9.2178303541432960e-01 8.2533347933733126e-09 9.2178304043038350e-01 9.2178303541432960e-01 5.0160539055710274e-09 1.8435660840980479e+00 1.8435660708286592e+00 1.3269388698944340e-08
782 3.8159179687500000e-01 9.2233613740381237e-01 9.2233612914557994e-01 8.2582324312241440e-09 9.2233613416492433e-01 9.2233612914557994e-01 5.0193443845714114e-09 1.8446722715687367e+00 1.8446722582911599e+00 1.3277576815795555e-08
783 3.8208007812500000e-01 9.2288706079397609e-01 9.2288705253082415e-01 8.2631519404685605e-09 9.2288705755323786e-01 9.2288705253082415e-01 5.0224137071452901e-09 1.8457741183472138e+00 1.8457741050616483e+00 1.3285565536591548e-08
784 3.8256835937500000e-01 9.2343581254180929e-01 9.2343580427368666e-01 8.2681226309944122e-09 9.2343580929880442e-01 9.2343580427368666e-01 5.0251177663440671e-09 1.8468716218406138e+00 1.8468716085473733e+00 1.3293240508360782e-08
785 3.8305664062500000e-01 9.2398239135606530e-01 9.2398238308290115e-01 8.2731641537492351e-09 9.2398238811025779e-01 9.2398238308290115e-01 5.0273566420955262e-09 1.8479647794663232e+00 1.8479647661658023e+00 1.3300520906867064e-08
786 3.8354492187500000e-01 9.2452679595058673e-01 9.2452678767231511e-01 8.2782716237517207e-09 9.2452679270147309e-01 9.2452678767231511e-01 5.0291579789529806e-09 1.8490535886520598e+00 1.8490535753446302e+00 1.3307429602704701e-08
787 3.8403320312500000e-01 9.2506902504430411e-01 9.2506901676089193e-01 8.2834121784003401e-09 9.2506902179158024e-01 9.2506901676089193e-01 5.0306883103701239e-09 1.8501380468358843e+00 1.8501380335217839e+00 1.3314100488770464e-08
788 3.8452148437500000e-01 9.2560907736123099e-01 9.2560906907271412e-01 8.2885168728452641e-09 9.2560907410500770e-01 9.2560906907271412e-01 5.0322935818414294e-09 1.8512181514662387e+00 1.8512181381454282e+00 1.3320810454686693e-08
789 3.8500976562500000e-01 9.2614695163054539e-01 9.2614694333698644e-01 8.2935589507115992e-09 9.2614694837108824e-01 9.2614694333698644e-01 5.0341018020816364e-09 1.8522939000016336e+00 1.8522938866739729e+00 1.3327660752793236e-08
790 3.8549804687500000e-01 9.2668264658657162e-01 9.2668263828803887e-01 8.2985327498619199e-09 9.2668264332417560e-01 9.2668263828803887e-01 5.0361367298634718e-09 1.8533652899107471e+00 1.8533652765760777e+00 1.3334669368703089e-08
791 3.8598632812500000e-01 9.2721616096878456e-01 9.2721615266532953e-01 8.3034550346638980e-09 9.2721615770365384e-01 9.2721615266532953e-01 5.0383243133111932e-09 1.8544323186724383e+00 1.8544323053306591e+00 1.3341779236952789e-08
792 3.8647460937500000e-01 9.2774749352175889e-01 9.2774748521344741e-01 8.3083114832405158e-09 9.2774749025417913e-01 9.2774748521344741e-01 5.0407317209177904e-09 1.8554949837759380e+00 1.8554949704268948e+00 1.3349043204158306e-08
793 3.8696289062500000e-01 9.2827664299521184e-01 9.2827663468211552e-01 8.3130963224320453e-09 9.2827663972550323e-01 9.2827663468211552e-01 5.0433877074596012e-09 1.8565532827207152e+00 1.8565532693642310e+00 1.3356484140913949e-08
794 3.8745117187500000e-01 9.2880360814400686e-01 9.2880359982619443e-01 8.3178124388183505e-09 9.2880360487246771e-01 9.2880359982619443e-01 5.0462732881229044e-09 1.8576072130164745e+00 1.8576071996523889e+00 1.3364085615918952e-08
795 3.8793945312500000e-01 9.2932838772818249e-01 9.2932837940568391e-01 8.3224985791829909e-09 9.2932838445488841e-01 9.2932837940568391e-01 5.0492044989525198e-09 1.8586567721830709e+00 1.8586567588113678e+00 1.3371703078135511e-08
796 3.8842773437500000e-01 9.2985098051287751e-01 9.2985097218572732e-01 8.3271501916115653e-09 9.2985097723792720e-01 9.2985097218572732e-01 5.0521998806729584e-09 1.8597019577508047e+00 1.8597019443714546e+00 1.3379350072284524e-08
797 3.8891601562500000e-01 9.3037138526837981e-01 9.3037137693661298e-01 8.3317668320148641e-09 9.3037138199186942e-01 9.3037137693661298e-01 5.0552564356820540e-09 1.8607427672602492e+00 1.8607427538732260e+00 1.3387023267696918e-08
798 3.8940429687500000e-01 9.3088960077013627e-01 9.3088959243377833e-01 8.3363579372885965e-09 9.3088959749211653e-01 9.3088959243377833e-01 5.0583381927538085e-09 1.8617791982622527e+00 1.8617791848675567e+00 1.3394696019020103e-08
799 3.8989257812500000e-01 9.3140562579876041e-01 9.3140561745781236e-01 8.3409480433616068e-09 9.3140562251912051e-01 9.3140561745781236e-01 5.0613081503669832e-09 1.8628112483178809e+00 1.8628112349156247e+00 1.3402256193728590e-08
800 3.9038085937500000e-01 9.3191945913997920e-01 9.3191945079445826e-01 8.3455209409777353e-09 9.3191945585871983e-01 9.3191945079445826e-01 5.0642615656570911e-09 1.8638389149986989e+00 1.8638389015889165e+00 1.3409782395612524e-08
801 3.9086914062500000e-01 9.3243109958469694e-01 9.3243109123461665e-01 8.3500802938729635e-09 9.3243109630178456e-01 9.3243109123461665e-01 5.0671679074909548e-09 1.8648621958864815e+00 1.8648621824692333e+00 1.3417248201363918e-08
802 3.9135742187500000e-01 9.3294054592897646e-01 9.3294053757434803e-01 8.3546284335156429e-09 9.3294054264436599e-01 9.3294053757434803e-01 5.0700179610174700e-09 1.8658810885733423e+00 1.8658810751486961e+00 1.3424646283510810e-08
803 3.9184570312500000e-01 9.3344779697406055e-01 9.3344778861487610e-01 8.3591844557417971e-09 9.3344779368760245e-01 9.3344778861487610e-01 5.0727263500860431e-09 1.8668955906616631e+00 1.8668955772297522e+00 1.3431910916850143e-08
804 3.9233398437500000e-01 9.3395285152634855e-01 9.3395284316258997e-01 8.3637585746032528e-09 9.3395284823781977e-01 9.3395284316258997e-01 5.0752297919842704e-09 1.8679056997641683e+00 1.8679056863251799e+00 1.3438988366587523e-08
805 3.9282226562500000e-01 9.3445570839738723e-01 9.3445570002904754e-01 8.3683396878697636e-09 9.3445570510663700e-01 9.3445570002904754e-01 5.0775894600008087e-09 1.8689114135040241e+00 1.8689114000580951e+00 1.3445929036848270e-08
806 3.9331054687500000e-01 9.3495636640391544e-01 9.3495635803097821e-01 8.3729372324370388e-09 9.3495636311073516e-01 9.3495635803097821e-01 5.0797569484117844e-09 1.8699127295146507e+00 1.8699127160619564e+00 1.3452694291871126e-08
807 3.9379882812500000e-01 9.3545482436781424e-01 9.3545481599028524e-01 8.3775290038445860e-09 9.3545482107211586e-01 9.3545481599028524e-01 5.0818306229771792e-09 1.8709096454399301e+00 1.8709096319805705e+00 1.3459359626821765e-08
808 3.9428710937500000e-01 9.3595108111613945e-01 9.3595107273404876e-01 8.3820906882081658e-09 9.3595107781800058e-01 9.3595107273404876e-01 5.0839518150880281e-09 1.8719021589341400e+00 1.8719021454680975e+00 1.3466042503296194e-08
809 3.9477539062500000e-01 9.3644513548112640e-01 9.3644512709452898e-01 8.3865974165320267e-09 9.3644513218075653e-01 9.3644512709452898e-01 5.0862275502439047e-09 1.8728902676618828e+00 1.8728902541890580e+00 1.3472824855753629e-08
810 3.9526367187500000e-01 9.3693698630020894e-01 9.3693697790916808e-01 8.3910408621434840e-09 9.3693698299787453e-01 9.3693697790916808e-01 5.0887064562132878e-09 1.8738739692980835e+00 1.8738739558183362e+00 1.3479747318356772e-08
811 3.9575195312500000e-01 9.3742663241601665e-01 9.3742662402059351e-01 8.3954231344662844e-09 9.3742662911197949e-01 9.3742662402059351e-01 5.0913859794832206e-09 1.8748532615279960e+00 1.8748532480411870e+00 1.3486809002927203e-08
812 3.9624023437500000e-01 9.3791407267638294e-01 9.3791406427662083e-01 8.3997621080911244e-09 9.3791406937079147e-01 9.3791406427662083e-01 5.0941706408735854e-09 1.8758281420471743e+00 1.8758281285532417e+00 1.3493932637942407e-08
813 3.9672851562500000e-01 9.3839930593433951e-01 9.3839929753025608e-01 8.4040834291698729e-09 9.3839930262718874e-01 9.3839929753025608e-01 5.0969326537142479e-09 1.8767986085615282e+00 1.8767985950605122e+00 1.3501016082884121e-08
814 3.9721679687500000e-01 9.3888233104807939e-01 9.3888232263969840e-01 8.4083809914758945e-09 9.3888232773939684e-01 9.3888232263969840e-01 5.0996984413131941e-09 1.8777646587874761e+00 1.8777646452793968e+00 1.3508079321766786e-08
815 3.9770507812500000e-01 9.3936314688100520e-01 9.3936313846834307e-01 8.4126621224811515e-09 9.3936314357078732e-01 9.3936313846834307e-01 5.1024442448976970e-09 1.8787262904517925e+00 1.8787262769366861e+00 1.3515106367378849e-08
816 3.9819335937500000e-01 9.3984175230172273e-01 9.3984174388478414e-01 8.4169385905497052e-09 9.3984174898987949e-01 9.3984174388478414e-01 5.1050953464581994e-09 1.8796835012916022e+00 1.8796834877695683e+00 1.3522033937007905e-08
817 3.9868164062500000e-01 9.4031814618403387e-01 9.4031813776281670e-01 8.4212171680420056e-09 9.4031814287044291e-01 9.4031813776281670e-01 5.1076262108651349e-09 1.8806362890544768e+00 1.8806362755256334e+00 1.3528843378907141e-08
818 3.9916992187500000e-01 9.4079232740693541e-01 9.4079231898143989e-01 8.4254955234897011e-09 9.4079232409148350e-01 9.4079231898143989e-01 5.1100436104789537e-09 1.8815846514984189e+00 1.8815846379628798e+00 1.3535539133968655e-08
819 3.9965820312500000e-01 9.4126429485462926e-01 9.4126428642485960e-01 8.4297696600899030e-09 9.4126429153723523e-01 9.4126428642485960e-01 5.1123756339421789e-09 1.8825285863918646e+00 1.8825285728497192e+00 1.3542145405054384e-08
820 4.0014648437500000e-01 9.4173404741650746e-01 9.4173403898249086e-01 8.4340165962260016e-09 9.4173404409721617e-01 9.4173403898249086e-01 5.1147253099514955e-09 1.8834680915137236e+00 1.8834680779649817e+00 1.3548741906177497e-08
821 4.0063476562500000e-01 9.4220158398719511e-01 9.4220157554896045e-01 8.4382346665634600e-09 9.4220158066606663e-01 9.4220157554896045e-01 5.1171061832278042e-09 1.8844031646532617e+00 1.8844031510979209e+00 1.3555340849791264e-08
822 4.0112304687500000e-01 9.4266690346652982e-01 9.4266689502410972e-01 8.4424200963439944e-09 9.4266690014365262e-01 9.4266689502410972e-01 5.1195429007222515e-09 1.8853338036101825e+00 1.8853337900482194e+00 1.3561963108088548e-08
823 4.0161132812500000e-01 9.4313000475956166e-01 9.4312999631299688e-01 8.4465647809395250e-09 9.4313000143506565e-01 9.4312999631299688e-01 5.1220687691255762e-09 1.8862600061946273e+00 1.8862599926259938e+00 1.3568633550065101e-08
824 4.0209960937500000e-01 9.4359088677656844e-01 9.4359087832590005e-01 8.4506683872831445e-09 9.4359088345058850e-01 9.4359087832590005e-01 5.1246884513744817e-09 1.8871817702271569e+00 1.8871817566518001e+00 1.3575356838657626e-08
825 4.0258789062500000e-01 9.4404954843306044e-01 9.4404953997831920e-01 8.4547412404489819e-09 9.4404954510566719e-01 9.4404953997831920e-01 5.1273479906299713e-09 1.8880990935387276e+00 1.8880990799566384e+00 1.3582089231078953e-08
826 4.0307617187500000e-01 9.4450598864978264e-01 9.4450598019097931e-01 8.4588033244514804e-09 9.4450598532092966e-01 9.4450598019097931e-01 5.1299503533996926e-09 1.8890119739707123e+00 1.8890119603819586e+00 1.3588753677851173e-08
827 4.0356445312500000e-01 9.4496020635266542e-01 9.4496019788983221e-01 8.4628332119862648e-09 9.4496020302242778e-01 9.4496019788983221e-01 5.1325955707781645e-09 1.8899204093750932e+00 1.8899203957796644e+00 1.3595428782764429e-08
828 4.0405273437500000e-01 9.4541220047287466e-01 9.4541219200606008e-01 8.4668145827748731e-09 9.4541219714143954e-01 9.4541219200606008e-01 5.1353794550124121e-09 1.8908243976143142e+00 1.8908243840121202e+00 1.3602194037787285e-08
829 4.0454101562500000e-01 9.4586196994681371e-01 9.4586196147607682e-01 8.4707368896985713e-09 9.4586196661442012e-01 9.4586196147607682e-01 5.1383433063989514e-09 1.8917239365612337e+00 1.8917239229521536e+00 1.3609080085075220e-08
830 4.0502929687500000e-01 9.4630951371613847e-01 9.4630950524153168e-01 8.4746067940955072e-09 9.4630951038298794e-01 9.4630950524153168e-01 5.1414562607376979e-09 1.8926190240991265e+00 1.8926190104830634e+00 1.3616063165855508e-08
831 4.0551757812500000e-01 9.4675483072775024e-01 9.4675482224931073e-01 8.4784395060211182e-09 9.4675482739395445e-01 9.4675482224931073e-01 5.1446437110413967e-09 1.8935096581217046e+00 1.8935096444986215e+00 1.3623083106040212e-08
832 4.0600585937500000e-01 9.4719791993380442e-01 9.4719791145154009e-01 8.4822643353632543e-09 9.4719791659929520e-01 9.4719791145154009e-01 5.1477551110679087e-09 1.8943958365330995e+00 1.8943958229030802e+00 1.3630019335408861e-08
833 4.0649414062500000e-01 9.4763878029171844e-01 9.4763877180558820e-01 8.4861302429573016e-09 9.4763877695613996e-01 9.4763877180558820e-01 5.1505517628669395e-09 1.8952775572478584e+00 1.8952775436111764e+00 1.3636682005824241e-08
834 4.0698242187500000e-01 9.4807741076411134e-01 9.4807740227406789e-01 8.4900434460521979e-09 9.4807740742707214e-01 9.4807740227406789e-01 5.1530042455283365e-09 1.8961548181911834e+00 1.8961548045481358e+00 1.3643047580558232e-08
835 4.0747070312500000e-01 9.4851381031880966e-01 9.4851380182483958e-01 8.4939700828456921e-09 9.4851380698010679e-01 9.4851380182483958e-01 5.1552672131194299e-09 1.8970276172989164e+00 1.8970276036496792e+00 1.3649237295965122e-08
836 4.0795898437500000e-01 9.4894797792891572e-01 9.4894796943101245e-01 8.4979032699550316e-09 9.4894797458840041e-01 9.4894796943101245e-01 5.1573879611410689e-09 1.8978959525173162e+00 1.8978959388620249e+00 1.3655291342118403e-08
837 4.0844726562500000e-01 9.4937991257275256e-01 9.4937990407094863e-01 8.5018039275297497e-09 9.4937990923050775e-01 9.4937990407094863e-01 5.1595591132880259e-09 1.8987598218032602e+00 1.8987598081418973e+00 1.3661362929795473e-08
838 4.0893554687500000e-01 9.4980961323391733e-01 9.4980960472826415e-01 8.5056531817784276e-09 9.4980960989013463e-01 9.4980960472826415e-01 5.1618704866029930e-09 1.8996192231240521e+00 1.8996192094565283e+00 1.3667523779403723e-08
839 4.0942382812500000e-01 9.5023707890129894e-01 9.5023707039183170e-01 8.5094672419572248e-09 9.5023707555608095e-01 9.5023707039183170e-01 5.1642492504555548e-09 1.9004741544573798e+00 1.9004741407836634e+00 1.3673716381390477e-08
840 4.0991210937500000e-01 9.5066230856902112e-01 9.5066230005578334e-01 8.5132377813934568e-09 9.5066230522251260e-01 9.5066230005578334e-01 5.1667292666479625e-09 1.9013246137915338e+00 1.9013246001115667e+00 1.3679967159063722e-08
841 4.1040039062500000e-01 9.5108530123649215e-01 9.5108529271951259e-01 8.5169795660533509e-09 9.5108529788875862e-01 9.5108529271951259e-01 5.1692460312224853e-09 1.9021705991252507e+00 1.9021705854390252e+00 1.3686225486253534e-08
842 4.1088867187500000e-01 9.5150605590835791e-01 9.5150604738767697e-01 8.5206809385951487e-09 9.5150605255952281e-01 9.5150604738767697e-01 5.1718458404792500e-09 1.9030121084678808e+00 1.9030120947753539e+00 1.3692526890096701e-08
843 4.1137695312500000e-01 9.5192457159456745e-01 9.5192456307019990e-01 8.5243675451707190e-09 9.5192456824461202e-01 9.5192456307019990e-01 5.1744121210006710e-09 1.9038491398391795e+00 1.9038491261403998e+00 1.3698779666171390e-08
844 4.1186523437500000e-01 9.5234084731029511e-01 9.5234083878227349e-01 8.5280216222116678e-09 9.5234084395930352e-01 9.5234083878227349e-01 5.1770300268927372e-09 1.9046816912695985e+00 1.9046816775645470e+00 1.3705051538082103e-08
845 4.1235351562500000e-01 9.5275488207599168e-01 9.5275487354436117e-01 8.5316305131755144e-09 9.5275487872411169e-01 9.5275487354436117e-01 5.1797505173922787e-09 1.9055097608001033e+00 1.9055097470887223e+00 1.3711380919545491e-08
846 4.1284179687500000e-01 9.5316667491739548e-01 9.5316666638219893e-01 8.5351965495306104e-09 9.5316667156477830e-01 9.5316666638219893e-01 5.1825793656590236e-09 1.9063333464821737e+00 1.9063333327643979e+00 1.3717775804167331e-08
847 4.1333007812500000e-01 9.5357622486556126e-01 9.5357621632679834e-01 8.5387629189526137e-09 9.5357622151209176e-01 9.5357621632679834e-01 5.1852934168650222e-09 1.9071524463776530e+00 1.9071524326535967e+00 1.3724056335817636e-08
848 4.1381835937500000e-01 9.5398353095678778e-01 9.5398352241444884e-01 8.5423389473149314e-09 9.5398352760230098e-01 9.5398352241444884e-01 5.1878521478698758e-09 1.9079670585590889e+00 1.9079670448288977e+00 1.3730191206207110e-08
849 4.1430664062500000e-01 9.5438859223262451e-01 9.5438858368672008e-01 8.5459044285585151e-09 9.5438858887706624e-01 9.5438858368672008e-01 5.1903461528723938e-09 1.9087771811096907e+00 1.9087771673734402e+00 1.3736250581430909e-08
850 4.1479492187500000e-01 9.5479140773995019e-01 9.5479139919046363e-01 8.5494865631474681e-09 9.5479140438311172e-01 9.5479139919046363e-01 5.1926480892916516e-09 1.9095828121230620e+00 1.9095827983809273e+00 1.3742134763461422e-08
851 4.1528320312500000e-01 9.5519197653090460e-01 9.5519196797781558e-01 8.5530890148177718e-09 9.5519197317255566e-01 9.5519196797781558e-01 5.1947400825369527e-09 1.9103839497034603e+00 1.9103839359556312e+00 1.3747829097354725e-08
852 4.1577148437500000e-01 9.5559029766290204e-01 9.5559028910619903e-01 8.5567030128075316e-09 9.5559029430286324e-01 9.5559028910619903e-01 5.1966642100609306e-09 1.9111805919657652e+00 1.9111805782123981e+00 1.3753367111846160e-08
853 4.1625976562500000e-01 9.5598637019864185e-01 9.5598636163832584e-01 8.5603160115965693e-09 9.5598636683681382e-01 9.5598636163832584e-01 5.1984879734234823e-09 1.9119727370354558e+00 1.9119727232766517e+00 1.3758804096042354e-08
854 4.1674804687500000e-01 9.5638019320610101e-01 9.5638018464219898e-01 8.5639020319661086e-09 9.5638018984253104e-01 9.5638018464219898e-01 5.2003320538673847e-09 1.9127603830486319e+00 1.9127603692843980e+00 1.3764233974811191e-08
855 4.1723632812500000e-01 9.5677176575853162e-01 9.5677175719111507e-01 8.5674165539728619e-09 9.5677176239353245e-01 9.5677175719111507e-01 5.2024173857745382e-09 1.9135435281520641e+00 1.9135435143822301e+00 1.3769833939747400e-08
856 4.1772460937500000e-01 9.5716108693453894e-01 9.5716107836366604e-01 8.5708729002931250e-09 9.5716108356834539e-01 9.5716107836366604e-01 5.2046793541649095e-09 1.9143221705028843e+00 1.9143221567273321e+00 1.3775552254458034e-08
857 4.1821289062500000e-01 9.5754815581804875e-01 9.5754814724374149e-01 8.5743072641975004e-09 9.5754815245068214e-01 9.5754814724374149e-01 5.2069406564214660e-09 1.9150963082687309e+00 1.9150962944874830e+00 1.3781247920618966e-08
858 4.1870117187500000e-01 9.5793297149828061e-01 9.5793296292053087e-01 8.5777497327299557e-09 9.5793296812958195e-01 9.5793296292053087e-01 5.2090510793689759e-09 1.9158659396278626e+00 1.9158659258410617e+00 1.3786800812098932e-08
859 4.1918945312500000e-01 9.5831553306973871e-01 9.5831552448852597e-01 8.5812127403883665e-09 9.5831552969946943e-01 9.5831552448852597e-01 5.2109434545144495e-09 1.9166310627692082e+00 1.9166310489770519e+00 1.3792156305925118e-08
860 4.1967773437500000e-01 9.5869583963221794e-01 9.5869583104752243e-01 8.5846955100166156e-09 9.5869583626014343e-01 9.5869583104752243e-01 5.2126210015046581e-09 1.9173916758923615e+00 1.9173916620950449e+00 1.3797316622543576e-08
861 4.2016601562500000e-01 9.5907389029081436e-01 9.5907388170262187e-01 8.5881924904995799e-09 9.5907388691674544e-01 9.5907388170262187e-01 5.2141235773461858e-09 1.9181477772075599e+00 1.9181477634052437e+00 1.3802316178868068e-08
862 4.2065429687500000e-01 9.5944968415592458e-01 9.5944967556423477e-01 8.5916898040494516e-09 9.5944968077974180e-01 9.5944967556423477e-01 5.2155070262571712e-09 1.9188993649356663e+00 1.9188993511284695e+00 1.3807196719284320e-08
863 4.2114257812500000e-01 9.5982322034323342e-01 9.5982321174808194e-01 8.5951514794402328e-09 9.5982321696503758e-01 9.5982321174808194e-01 5.2169556452597021e-09 1.9196464373082711e+00 1.9196464234961639e+00 1.3812107235722237e-08
864 4.2163085937500000e-01 9.6019449797377665e-01 9.6019448937519669e-01 8.5985799591625778e-09 9.6019449459364770e-01 9.6019448937519669e-01 5.2184510046515697e-09 1.9203889925674242e+00 1.9203889787503934e+00 1.3817030852791845e-08
865 4.2211914062500000e-01 9.6056351617392977e-01 9.6056350757192677e-01 8.6020029987921021e-09 9.6056351279179053e-01 9.6056350757192677e-01 5.2198637634504053e-09 1.9211270289657203e+00 1.9211270151438535e+00 1.3821866762242507e-08
866 4.2260742187500000e-01 9.6093027407534615e-01 9.6093026546993687e-01 8.6054092740539545e-09 9.6093027069118997e-01 9.6093026546993687e-01 5.2212530965434212e-09 1.9218605447665360e+00 1.9218605309398737e+00 1.3826662259575073e-08
867 4.2309570312500000e-01 9.6129477081497838e-01 9.6129476220621002e-01 8.6087683648372604e-09 9.6129476742896514e-01 9.6129476220621002e-01 5.2227551172734366e-09 1.9225895382439435e+00 1.9225895244124200e+00 1.3831523482110697e-08
868 4.2358398437500000e-01 9.6165700553511224e-01 9.6165699692305029e-01 8.6120619524621134e-09 9.6165700214752270e-01 9.6165699692305029e-01 5.2244724102479267e-09 1.9233140076826349e+00 1.9233139938461006e+00 1.3836534362710040e-08
869 4.2407226562500000e-01 9.6201697738336289e-01 9.6201696876808451e-01 8.6152783795867549e-09 9.6201697399454023e-01 9.6201696876808451e-01 5.2264557126591171e-09 1.9240339513779032e+00 1.9240339375361690e+00 1.3841734203268174e-08
870 4.2456054687500000e-01 9.6237468551270022e-01 9.6237467689426393e-01 8.6184362979579987e-09 9.6237468212289179e-01 9.6237467689426393e-01 5.2286278640067962e-09 1.9247493676355920e+00 1.9247493537885279e+00 1.3847064161964795e-08
871 4.2504882812500000e-01 9.6273012908143063e-01 9.6273012045986694e-01 8.6215636851960653e-09 9.6273012569070326e-01 9.6273012045986694e-01 5.2308363196473806e-09 1.9254602547721338e+00 1.9254602409197339e+00 1.3852399893821143e-08
872 4.2553710937500000e-01 9.6308330725320301e-01 9.6308329862850051e-01 8.6247025077312856e-09 9.6308330386137597e-01 9.6308329862850051e-01 5.2328754662767096e-09 1.9261666111145790e+00 1.9261665972570010e+00 1.3857577974007995e-08
873 4.2602539062500000e-01 9.6343421919696148e-01 9.6343421056910217e-01 8.6278593158795047e-09 9.6343421580381461e-01 9.6343421056910217e-01 5.2347124412932544e-09 1.9268684350007761e+00 1.9268684211382043e+00 1.3862571757172759e-08
874 4.2651367187500000e-01 9.6378286408695157e-01 9.6378285545594222e-01 8.6310093516672737e-09 9.6378286069239927e-01 9.6378285545594222e-01 5.2364570457541504e-09 1.9275657247793507e+00 1.9275657109118844e+00 1.3867466286399122e-08
875 4.2700195312500000e-01 9.6412924110277820e-01 9.6412923246862581e-01 8.6341523930499875e-09 9.6412923770675452e-01 9.6412923246862581e-01 5.2381287085623285e-09 1.9282584788095327e+00 1.9282584649372516e+00 1.3872281101612316e-08
876 4.2749023437500000e-01 9.6447334942934082e-01 9.6447334079209401e-01 8.6372468066642227e-09 9.6447334603202639e-01 9.6447334079209401e-01 5.2399323768881345e-09 1.9289466954613672e+00 1.9289466815841880e+00 1.3877179183552357e-08
877 4.2797851562500000e-01 9.6481518825691048e-01 9.6481517961662711e-01 8.6402833776588750e-09 9.6481518485853890e-01 9.6481517961662711e-01 5.2419117935187387e-09 1.9296303731154494e+00 1.9296303592332542e+00 1.3882195171177614e-08
878 4.2846679687500000e-01 9.6515475678111839e-01 9.6515474813784496e-01 8.6432734303087955e-09 9.6515475338185053e-01 9.6515474813784496e-01 5.2440055631208793e-09 1.9303095101629690e+00 1.9303094962756899e+00 1.3887279104451977e-08
879 4.2895507812500000e-01 9.6549205420295370e-01 9.6549204555671031e-01 8.6462433879219702e-09 9.6549205080280187e-01 9.6549204555671031e-01 5.2460915611618475e-09 1.9309841050057557e+00 1.9309840911134206e+00 1.3892335060106120e-08
880 4.2944335937500000e-01 9.6582707972871562e-01 9.6582707107952948e-01 8.6491861450710417e-09 9.6582707632772957e-01 9.6582707107952948e-01 5.2482000967302156e-09 1.9316541560564451e+00 1.9316541421590590e+00 1.3897386130778955e-08
881 4.2993164062500000e-01 9.6615983257006854e-01 9.6615982391795530e-01 8.6521132480754659e-09 9.6615982916822507e-01 9.6615982391795530e-01 5.2502697744927218e-09 1.9323196617382936e+00 1.9323196478359106e+00 1.3902383022568188e-08
882 4.3041992187500000e-01 9.6649031194404300e-01 9.6649030328898800e-01 8.6550550060238152e-09 9.6649030854114526e-01 9.6649030328898800e-01 5.2521572646568870e-09 1.9329806204851883e+00 1.9329806065779760e+00 1.3907212270680702e-08
883 4.3090820312500000e-01 9.6681851707299282e-01 9.6681850841497785e-01 8.6580149716297683e-09 9.6681851366881955e-01 9.6681850841497785e-01 5.2538416950298483e-09 1.9336370307418123e+00 1.9336370168299557e+00 1.3911856555637314e-08
884 4.3139648437500000e-01 9.6714444718458481e-01 9.6714443852362630e-01 8.6609585059349570e-09 9.6714444377911535e-01 9.6714443852362630e-01 5.2554890439537871e-09 1.9342888909637002e+00 1.9342888770472526e+00 1.3916447549888744e-08
885 4.3188476562500000e-01 9.6746810151185381e-01 9.6746809284798863e-01 8.6638651808357281e-09 9.6746809810519363e-01 9.6746809284798863e-01 5.2572050046606478e-09 1.9349361996170473e+00 1.9349361856959773e+00 1.3921070074474073e-08
886 4.3237304687500000e-01 9.6778947929321202e-01 9.6778947062647469e-01 8.6667373278004334e-09 9.6778947588545639e-01 9.6778947062647469e-01 5.2589816945669554e-09 1.9355789551786684e+00 1.9355789412529494e+00 1.3925719022367389e-08
887 4.3286132812500000e-01 9.6810857977243225e-01 9.6810857110285164e-01 8.6695806089664984e-09 9.6810857636364145e-01 9.6810857110285164e-01 5.2607898037848599e-09 1.9362171561360737e+00 1.9362171422057033e+00 1.3930370412751358e-08
888 4.3334960937500000e-01 9.6842540219866802e-01 9.6842539352624513e-01 8.6724228909318413e-09 9.6842539878873868e-01 9.6842539352624513e-01 5.2624935520384497e-09 1.9368508009874068e+00 1.9368507870524903e+00 1.3934916553992593e-08
889 4.3383789062500000e-01 9.6873994582639422e-01 9.6873993715114148e-01 8.6752527383993083e-09 9.6873994241527850e-01 9.6873993715114148e-01 5.2641370151818023e-09 1.9374798882416728e+00 1.9374798743022830e+00 1.3939389864603413e-08
890 4.3432617187500000e-01 9.6905220991546615e-01 9.6905220123738911e-01 8.6780770347516523e-09 9.6905220650308699e-01 9.6905220123738911e-01 5.2656978777321228e-09 1.9381044164185530e+00 1.9381044024747782e+00 1.3943774801461473e-08
891 4.3481445312500000e-01 9.6936219373106847e-01 9.6936218505020055e-01 8.6808679133909550e-09 9.6936219031751536e-01 9.6936218505020055e-01 5.2673148065451869e-09 1.9387243840485837e+00 1.9387243701004011e+00 1.3948182608913839e-08
892 4.3530273437500000e-01 9.6966989654375724e-01 9.6966988786015373e-01 8.6836035029236314e-09 9.6966989312924501e-01 9.6966988786015373e-01 5.2690912744068896e-09 1.9393397896730022e+00 1.9393397757203075e+00 1.3952694777330521e-08
893 4.3579101562500000e-01 9.6997531762948308e-01 9.6997530894319461e-01 8.6862884662863848e-09 9.6997531421419647e-01 9.6997530894319461e-01 5.2710018572099671e-09 1.9399506318436797e+00 1.9399506178863892e+00 1.3957290434518654e-08
894 4.3627929687500000e-01 9.7027845626959153e-01 9.7027844758063742e-01 8.6889541117685098e-09 9.7027845285353997e-01 9.7027844758063742e-01 5.2729025590281253e-09 1.9405569091231314e+00 1.9405568951612748e+00 1.3961856559774333e-08
895 4.3676757812500000e-01 9.7057931175075074e-01 9.7057930305916795e-01 8.6915827868239148e-09 9.7057930833404515e-01 9.7057930305916795e-01 5.2748772016997236e-09 1.9411586200847959e+00 1.9411586061183359e+00 1.3966459988523638e-08
896 4.3725585937500000e-01 9.7087788336503467e-01 9.7087787467084419e-01 8.6941904786641544e-09 9.7087787994768571e-01 9.7087787467084419e-01 5.2768415192971929e-09 1.9417557633127203e+00 1.9417557493416884e+00 1.3971031886939045e-08
897 4.3774414062500000e-01 9.7117417040989362e-01 9.7117416171309823e-01 8.6967953949468324e-09 9.7117416699179548e-01 9.7117416171309823e-01 5.2786972570828539e-09 1.9423483374016892e+00 1.9423483234261965e+00 1.3975492763051989e-08
898 4.3823242187500000e-01 9.7146817218817183e-01 9.7146816348873810e-01 8.6994337289425516e-09 9.7146816876900877e-01 9.7146816348873810e-01 5.2802706651533526e-09 1.9429363409571807e+00 1.9429363269774762e+00 1.3979704505118207e-08
899 4.3872070312500000e-01 9.7175988800803426e-01 9.7175987930594898e-01 8.7020852745922639e-09 9.7175988458760698e-01 9.7175987930594898e-01 5.2816579998449242e-09 1.9435197725956412e+00 1.9435197586118980e+00 1.3983743274437188e-08
900 4.3920898437500000e-01 9.7204931718303966e-01 9.7204930847829563e-01 8.7047440366916362e-09 9.7204931376118675e-01 9.7204930847829563e-01 5.2828911245583754e-09 1.9440986309442265e+00 1.9440986169565913e+00 1.3987635272272314e-08
901 4.3969726562500000e-01 9.7233645903214594e-01 9.7233645032472327e-01 8.7074226717831493e-09 9.7233645560863380e-01 9.7233645032472327e-01 5.2839105313395862e-09 1.9446729146407797e+00 1.9446729006494465e+00 1.3991333203122736e-08
902 4.4018554687500000e-01 9.7262131287966047e-01 9.7262130416955928e-01 8.7101011958523600e-09 9.7262130945438208e-01 9.7262130416955928e-01 5.2848228015989207e-09 1.9452426223340424e+00 1.9452426083391186e+00 1.3994923886428978e-08
903 4.4067382812500000e-01 9.7290387805524370e-01 9.7290386934251505e-01 8.7127286496624379e-09 9.7290387462838279e-01 9.7290386934251505e-01 5.2858677435096979e-09 1.9458077526836264e+00 1.9458077386850301e+00 1.3998596282149833e-08
904 4.4116210937500000e-01 9.7318415389398016e-01 9.7318414517868745e-01 8.7152927097378097e-09 9.7318415046580675e-01 9.7318414517868745e-01 5.2871192979253578e-09 1.9463683043597868e+00 1.9463682903573749e+00 1.4002411896640865e-08
905 4.4165039062500000e-01 9.7346213973634976e-01 9.7346213101856027e-01 8.7177894902978892e-09 9.7346213630715706e-01 9.7346213101856027e-01 5.2885967827265290e-09 1.9469242760435068e+00 1.9469242620371205e+00 1.4006386273024418e-08
906 4.4213867187500000e-01 9.7373783492824906e-01 9.7373782620800631e-01 8.7202427501154034e-09 9.7373783149818049e-01 9.7373782620800631e-01 5.2901741875999164e-09 1.9474756664264294e+00 1.9474756524160126e+00 1.4010416826693017e-08
907 4.4262695312500000e-01 9.7401123882094487e-01 9.7401123009828772e-01 8.7226571521270557e-09 9.7401123539013257e-01 9.7401123009828772e-01 5.2918448512073724e-09 1.9480224742110774e+00 1.9480224601965754e+00 1.4014502003334428e-08
908 4.4311523437500000e-01 9.7428235077106551e-01 9.7428234204605901e-01 8.7250064950694650e-09 9.7428234733977648e-01 9.7428234204605901e-01 5.2937174643830076e-09 1.9485646981108420e+00 1.9485646840921180e+00 1.4018723959452473e-08
909 4.4360351562500000e-01 9.7455117014065251e-01 9.7455116141336762e-01 8.7272848947606008e-09 9.7455116670919339e-01 9.7455116141336762e-01 5.2958257779067708e-09 1.9491023368498459e+00 1.9491023228267352e+00 1.4023110672667372e-08
910 4.4409179687500000e-01 9.7481769629715220e-01 9.7481768756765541e-01 8.7294967920925615e-09 9.7481769286580466e-01 9.7481768756765541e-01 5.2981492526527063e-09 1.9496353891629568e+00 1.9496353751353108e+00 1.4027645933722965e-08
911 4.4458007812500000e-01 9.7508192861344922e-01 9.7508191988176074e-01 8.7316884833654740e-09 9.7508192518221470e-01 9.7508191988176074e-01 5.3004539646295257e-09 1.9501638537956638e+00 1.9501638397635215e+00 1.4032142336972697e-08
912 4.4506835937500000e-01 9.7534386646780458e-01 9.7534385773391941e-01 8.7338851706419973e-09 9.7534386303654375e-01 9.7534385773391941e-01 5.3026243396203654e-09 1.9506877295043483e+00 1.9506877154678388e+00 1.4036509510262363e-08
913 4.4555664062500000e-01 9.7560350924387096e-01 9.7560350050776623e-01 8.7361047285128279e-09 9.7560350581233124e-01 9.7560350050776623e-01 5.3045650094674102e-09 1.9512070150562022e+00 1.9512070010155325e+00 1.4040669737980238e-08
914 4.4604492187500000e-01 9.7586085633066921e-01 9.7586084759233671e-01 8.7383325020340408e-09 9.7586085289869118e-01 9.7586084759233671e-01 5.3063544669385010e-09 1.9517217092293604e+00 1.9517216951846734e+00 1.4044686968972542e-08
915 4.4653320312500000e-01 9.7611590712260754e-01 9.7611589838206858e-01 8.7405389592731808e-09 9.7611590369019474e-01 9.7611589838206858e-01 5.3081261608411978e-09 1.9522318108128023e+00 1.9522317967641372e+00 1.4048665120114379e-08
916 4.4702148437500000e-01 9.7636866101955255e-01 9.7636865227680247e-01 8.7427500794490243e-09 9.7636865758657621e-01 9.7636865227680247e-01 5.3097737318097415e-09 1.9527373186061288e+00 1.9527373045536049e+00 1.4052523811258766e-08
917 4.4750976562500000e-01 9.7661911742675978e-01 9.7661910868178392e-01 8.7449758545687928e-09 9.7661911399300561e-01 9.7661910868178392e-01 5.3112216846784577e-09 1.9532382314197654e+00 1.9532382173635678e+00 1.4056197539247250e-08
918 4.4799804687500000e-01 9.7686727575489118e-01 9.7686726700766513e-01 8.7472260545951031e-09 9.7686727232010162e-01 9.7686726700766513e-01 5.3124364907120025e-09 1.9537345480749928e+00 1.9537345340153303e+00 1.4059662545307106e-08
919 4.4848632812500000e-01 9.7711313542000888e-01 9.7711312667050532e-01 8.7495035661078191e-09 9.7711313198391236e-01 9.7711312667050532e-01 5.3134070476801298e-09 1.9542262674039212e+00 1.9542262533410106e+00 1.4062910613787949e-08
920 4.4897460937500000e-01 9.7735669584357654e-01 9.7735668709177315e-01 8.7518033931033301e-09 9.7735669240592615e-01 9.7735668709177315e-01 5.3141530065303755e-09 1.9547133882495027e+00 1.9547133741835463e+00 1.4065956399633706e-08
921 4.4946289062500000e-01 9.7759795645246095e-01 9.7759794769834729e-01 8.7541136561952726e-09 9.7759795301308139e-01 9.7759794769834729e-01 5.3147340972614643e-09 1.9551959094655422e+00 1.9551958953966946e+00 1.4068847642434434e-08
922 4.4995117187500000e-01 9.7783691667894046e-01 9.7783690792251821e-01 8.7564222539526781e-09 9.7783691323772548e-01 9.7783690792251821e-01 5.3152072743145595e-09 1.9556738299166661e+00 1.9556738158450364e+00 1.4071629639289540e-08
923 4.5043945312500000e-01 9.7807357596072741e-01 9.7807356720198957e-01 8.7587378461151388e-09 9.7807357251751736e-01 9.7807356720198957e-01 5.3155277957017688e-09 1.9561471484782449e+00 1.9561471344039791e+00 1.4074265752839210e-08
924 4.5092773437500000e-01 9.7830793374092506e-01 9.7830792497987906e-01 8.7610459997833345e-09 9.7830793029564644e-01 9.7830792497987906e-01 5.3157673818304829e-09 1.9566158640365714e+00 1.9566158499597581e+00 1.4076813270591515e-08
925 4.5141601562500000e-01 9.7853998946802168e-01 9.7853998070472026e-01 8.7633014178578605e-09 9.7853998602087067e-01 9.7853998070472026e-01 5.3161504087739786e-09 1.9570799754888923e+00 1.9570799614094405e+00 1.4079451826631839e-08
926 4.5190429687500000e-01 9.7876974259595462e-01 9.7876973383046362e-01 8.7654909997070263e-09 9.7876973914720744e-01 9.7876973383046362e-01 5.3167438229806407e-09 1.9575394817431619e+00 1.9575394676609272e+00 1.4082234711665365e-08
927 4.5239257812500000e-01 9.7899719258408935e-01 9.7899718381647804e-01 8.7676113036394554e-09 9.7899718913404743e-01 9.7899718381647804e-01 5.3175693848217520e-09 1.9579943817181369e+00 1.9579943676329561e+00 1.4085180799483510e-08
928 4.5288085937500000e-01 9.7922233889722299e-01 9.7922233012755133e-01 8.7696716555285548e-09 9.7922233544613613e-01 9.7922233012755133e-01 5.3185847948000742e-09 1.9584446743433590e+00 1.9584446602551027e+00 1.4088256339306326e-08
929 4.5336914062500000e-01 9.7944518100556943e-01 9.7944517223389282e-01 8.7716766072887253e-09 9.7944517755364591e-01 9.7944517223389282e-01 5.3197530824888872e-09 1.9588903585592154e+00 1.9588903444677856e+00 1.4091429800799915e-08
930 4.5385742187500000e-01 9.7966571838477967e-01 9.7966570961113331e-01 8.7736463649790153e-09 9.7966571493211529e-01 9.7966570961113331e-01 5.3209819883548448e-09 1.9593314333168950e+00 1.9593314192222666e+00 1.4094628353333860e-08
931 4.5434570312500000e-01 9.7988395051591271e-01 9.7988394174032711e-01 8.7755855915361280e-09 9.7988394706257398e-01 9.7988394174032711e-01 5.3222468654468003e-09 1.9597678975784867e+00 1.9597678834806542e+00 1.4097832456982928e-08
932 4.5483398437500000e-01 9.8009987688547262e-01 9.8009986810795302e-01 8.7775196000450251e-09 9.8009987343137761e-01 9.8009986810795302e-01 5.3234245900313226e-09 1.9601997503168502e+00 1.9601997362159060e+00 1.4100944190076348e-08
933 4.5532226562500000e-01 9.8031349698534243e-01 9.8031348820591535e-01 8.7794270742236336e-09 9.8031349353052999e-01 9.8031348820591535e-01 5.3246146380914183e-09 1.9606269905158724e+00 1.9606269764118307e+00 1.4104041712315052e-08
934 4.5581054687500000e-01 9.8052481031285099e-01 9.8052480153154542e-01 8.7813055715812993e-09 9.8052480685737209e-01 9.8052480153154542e-01 5.3258266685674016e-09 1.9610496171702230e+00 1.9610496030630908e+00 1.4107132129126398e-08
935 4.5629882812500000e-01 9.8073381637075019e-01 9.8073380758760242e-01 8.7831477646460598e-09 9.8073381291470763e-01 9.8073380758760242e-01 5.3271052014025599e-09 1.9614676292854578e+00 1.9614676151752048e+00 1.4110252966048620e-08
936 4.5678710937500000e-01 9.8094051466724863e-01 9.8094050588227522e-01 8.7849734153877534e-09 9.8094051121062920e-01 9.8094050588227522e-01 5.3283539802606583e-09 1.9618810258778778e+00 1.9618810117645504e+00 1.4113327395648412e-08
937 4.5727539062500000e-01 9.8114490471595384e-01 9.8114489592918241e-01 8.7867714215761339e-09 9.8114490125880793e-01 9.8114489592918241e-01 5.3296255186907615e-09 1.9622898059747618e+00 1.9622897918583648e+00 1.4116396940266895e-08
938 4.5776367187500000e-01 9.8134698603592019e-01 9.8134697724737474e-01 8.7885454469471824e-09 9.8134698257827235e-01 9.8134697724737474e-01 5.3308976122323770e-09 1.9626939686141927e+00 1.9626939544947495e+00 1.4119443170201862e-08
939 4.5825195312500000e-01 9.8154675815165471e-01 9.8154674936133512e-01 8.7903195833405334e-09 9.8154675469339148e-01 9.8154674936133512e-01 5.3320563520031783e-09 1.9630935128450462e+00 1.9630934987226702e+00 1.4122375935343712e-08
940 4.5874023437500000e-01 9.8174422059306965e-01 9.8174421180098070e-01 8.7920889457748785e-09 9.8174421713410776e-01 9.8174421180098070e-01 5.3331270510881268e-09 1.9634884377271775e+00 1.9634884236019614e+00 1.4125216107885308e-08
941 4.5922851562500000e-01 9.8193937289548350e-01 9.8193936410166305e-01 8.7938204496040839e-09 9.8193936943593574e-01 9.8193936410166305e-01 5.3342726902272375e-09 1.9638787423314192e+00 1.9638787282033261e+00 1.4128093139831321e-08
942 4.5971679687500000e-01 9.8213221459968036e-01 9.8213220580417016e-01 8.7955102090475634e-09 9.8213221113967997e-01 9.8213220580417016e-01 5.3355098117435773e-09 1.9642644257393602e+00 1.9642644116083403e+00 1.4131019909768838e-08
943 4.6020507812500000e-01 9.8232274525188967e-01 9.8232273645472679e-01 8.7971628870420204e-09 9.8232274179154544e-01 9.8232273645472679e-01 5.3368186536673079e-09 1.9646454870434351e+00 1.9646454729094536e+00 1.4133981540709328e-08
944 4.6069335937500000e-01 9.8251096440380670e-01 9.8251095560499591e-01 8.7988107910774715e-09 9.8251096094303625e-01 9.8251095560499591e-01 5.3380403430836054e-09 1.9650219253468428e+00 1.9650219112099918e+00 1.4136851023138775e-08
945 4.6118164062500000e-01 9.8269687161252928e-01 9.8269686281207969e-01 8.8004495912841207e-09 9.8269686815127455e-01 9.8269686281207969e-01 5.3391948640069131e-09 1.9653937397638037e+00 1.9653937256241594e+00 1.4139644344268731e-08
946 4.6166992187500000e-01 9.8288046644061500e-01 9.8288045763852050e-01 8.8020944977174054e-09 9.8288046297871490e-01 9.8288045763852050e-01 5.3401943977959831e-09 1.9657609294193299e+00 1.9657609152770410e+00 1.4142288895513389e-08
947 4.6215820312500000e-01 9.8306174845607119e-01 9.8306173965230192e-01 8.8037692691500524e-09 9.8306174499323884e-01 9.8306173965230192e-01 5.3409369149548525e-09 1.9661234934493099e+00 1.9661234793046038e+00 1.4144706073082602e-08
948 4.6264648437500000e-01 9.8324071723230955e-01 9.8324070842685007e-01 8.8054594726827418e-09 9.8324071376833599e-01 9.8324070842685007e-01 5.3414859202405296e-09 1.9664814310006455e+00 1.9664814168537001e+00 1.4146945392923271e-08
949 4.6313476562500000e-01 9.8341737234816307e-01 9.8341736354103393e-01 8.8071291370894755e-09 9.8341736888305520e-01 9.8341736354103393e-01 5.3420212697830038e-09 1.9668347412312182e+00 1.9668347270820679e+00 1.4149150295850177e-08
950 4.6362304687500000e-01 9.8359171338793150e-01 9.8359170457916700e-01 8.8087644956047484e-09 9.8359170992177802e-01 9.8359170457916700e-01 5.3426110202536847e-09 1.9671834233097094e+00 1.9671834091583340e+00 1.4151375404836131e-08
951 4.6411132812500000e-01 9.8376373994134148e-01 9.8376373113100801e-01 8.8103334627831487e-09 9.8376373647442783e-01 9.8376373113100801e-01 5.3434198177271242e-09 1.9675274764157693e+00 1.9675274622620160e+00 1.4153753280510273e-08
952 4.6459960937500000e-01 9.8393345160358381e-01 9.8393344279176176e-01 8.8118220498145661e-09 9.8393344813627737e-01 9.8393344279176176e-01 5.3445156078524292e-09 1.9678668997398612e+00 1.9678668855835235e+00 1.4156337657666995e-08
953 4.6508789062500000e-01 9.8410084797533670e-01 9.8410083916208058e-01 8.8132561248954744e-09 9.8410084450784441e-01 9.8410083916208058e-01 5.3457638315990152e-09 1.9682016924831811e+00 1.9682016783241612e+00 1.4159019956494490e-08
954 4.6557617187500000e-01 9.8426592866275575e-01 9.8426591984806433e-01 8.8146914212217098e-09 9.8426592519495593e-01 9.8426591984806433e-01 5.3468915961474295e-09 1.9685318538577117e+00 1.9685318396961287e+00 1.4161583017369139e-08
955 4.6606445312500000e-01 9.8442869327741711e-01 9.8442868446126242e-01 8.8161546951681657e-09 9.8442868980903020e-01 9.8442868446126242e-01 5.3477677841584637e-09 1.9688573830864473e+00 1.9688573689225248e+00 1.4163922479326629e-08
956 4.6655273437500000e-01 9.8458914143632759e-01 9.8458913261867387e-01 8.8176537182960146e-09 9.8458913796701819e-01 9.8458913261867387e-01 5.3483443229751515e-09 1.9691782794033457e+00 1.9691782652373477e+00 1.4165997930248864e-08
957 4.6704101562500000e-01 9.8474727276192298e-01 9.8474726394274881e-01 8.8191741687282388e-09 9.8474726929144851e-01 9.8474726394274881e-01 5.3486997053653340e-09 1.9694945420533716e+00 1.9694945278854976e+00 1.4167873985115875e-08
958 4.6752929687500000e-01 9.8490308688205952e-01 9.8490307806138877e-01 8.8206707493654335e-09 9.8490308341044686e-01 9.8490307806138877e-01 5.3490580853576830e-09 1.9698061702925065e+00 1.9698061561227775e+00 1.4169728945745419e-08
959 4.6801757812500000e-01 9.8505658343006663e-01 9.8505657460794827e-01 8.8221183691672422e-09 9.8505657995749019e-01 9.8505657460794827e-01 5.3495419205518147e-09 1.9701131633875568e+00 1.9701131492158965e+00 1.4171660289719057e-08
960 4.6850585937500000e-01 9.8520776204475358e-01 9.8520775322123499e-01 8.8235185824458995e-09 9.8520775857138299e-01 9.8520775322123499e-01 5.3501479913009575e-09 1.9704155206161365e+00 1.9704155064424700e+00 1.4173666462724555e-08
961 4.6899414062500000e-01 9.8535662237035215e-01 9.8535661354551107e-01 8.8248410801128330e-09 9.8535661889652870e-01 9.8535661354551107e-01 5.3510176289961464e-09 1.9707132412668809e+00 1.9707132270910221e+00 1.4175858709108979e-08
962 4.6948242187500000e-01 9.8550316405656901e-01 9.8550315523049370e-01 8.8260753150493088e-09 9.8550316058270915e-01 9.8550315523049370e-01 5.3522154486174145e-09 1.9710063246392782e+00 1.9710063104609874e+00 1.4178290763666723e-08
963 4.6997070312500000e-01 9.8564738675858632e-01 9.8564737793135626e-01 8.8272300580172214e-09 9.8564738328504531e-01 9.8564737793135626e-01 5.3536890476379995e-09 1.9712947700436316e+00 1.9712947558627125e+00 1.4180919105655221e-08
964 4.7045898437500000e-01 9.8578929013706496e-01 9.8578928130872889e-01 8.8283360621943530e-09 9.8578928666401811e-01 9.8578928130872889e-01 5.3552892120833917e-09 1.9715785768010829e+00 1.9715785626174578e+00 1.4183625163255442e-08
965 4.7094726562500000e-01 9.8592887385813310e-01 9.8592886502869903e-01 8.8294340727657072e-09 9.8592887038551502e-01 9.8592886502869903e-01 5.3568159907868562e-09 1.9718577442436480e+00 1.9718577300573981e+00 1.4186249952530261e-08
966 4.7143554687500000e-01 9.8606613759333306e-01 9.8606612876281285e-01 8.8305202039506980e-09 9.8606613412109223e-01 9.8606612876281285e-01 5.3582793757556146e-09 1.9721322717144254e+00 1.9721322575256257e+00 1.4188799690728615e-08
967 4.7192382812500000e-01 9.8620108101968507e-01 9.8620107218807529e-01 8.8316097768270652e-09 9.8620107754768116e-01 9.8620107218807529e-01 5.3596058702254368e-09 1.9724021585673661e+00 1.9724021443761506e+00 1.4191215536030199e-08
968 4.7241210937500000e-01 9.8633370381968832e-01 9.8633369498695189e-01 8.8327364311524548e-09 9.8633370034758550e-01 9.8633369498695189e-01 5.3606336036793323e-09 1.9726674041672738e+00 1.9726673899739038e+00 1.4193370034831787e-08
969 4.7290039062500000e-01 9.8646400568125781e-01 9.8646399684736796e-01 8.8338898418527378e-09 9.8646400220877972e-01 9.8646399684736796e-01 5.3614117589972921e-09 1.9729280078900375e+00 1.9729279936947359e+00 1.4195301600850030e-08
970 4.7338867187500000e-01 9.8659198629775458e-01 9.8659197746271088e-01 8.8350436966422308e-09 9.8659198282478366e-01 9.8659197746271088e-01 5.3620727857861539e-09 1.9731839691225384e+00 1.9731839549254218e+00 1.4197116593450687e-08
971 4.7387695312500000e-01 9.8671764536801099e-01 9.8671763653182964e-01 8.8361813421755642e-09 9.8671764189452027e-01 9.8671763653182964e-01 5.3626906248993578e-09 1.9734352872625314e+00 1.9734352730636593e+00 1.4198872078097224e-08
972 4.7436523437500000e-01 9.8684098259635167e-01 9.8684097375903668e-01 8.8373149909060089e-09 9.8684097912225077e-01 9.8684097375903668e-01 5.3632140950554685e-09 1.9736819617186026e+00 1.9736819475180734e+00 1.4200529196983780e-08
973 4.7485351562500000e-01 9.8696199769251536e-01 9.8696198885410735e-01 8.8384080054737524e-09 9.8696199421792463e-01 9.8696198885410735e-01 5.3638172792247474e-09 1.9739239919104401e+00 1.9739239777082147e+00 1.4202225395720802e-08
974 4.7534179687500000e-01 9.8708069037172619e-01 9.8708068153228146e-01 8.8394447317341474e-09 9.8708068689687034e-01 9.8708068153228146e-01 5.3645888842268619e-09 1.9741613772685964e+00 1.9741613630645629e+00 1.4204033504938707e-08
975 4.7583007812500000e-01 9.8719706035470078e-01 9.8719705151426362e-01 8.8404371600958598e-09 9.8719705687973069e-01 9.8719705151426362e-01 5.3654670706393404e-09 1.9743941172344315e+00 1.9743941030285272e+00 1.4205904230735200e-08
976 4.7631835937500000e-01 9.8731110736764049e-01 9.8731109852622412e-01 8.8414163768035792e-09 9.8731110389252674e-01 9.8731109852622412e-01 5.3663026244876733e-09 1.9746222112601672e+00 1.9746221970524482e+00 1.4207719001291252e-08
977 4.7680664062500000e-01 9.8742283114218554e-01 9.8742282229979950e-01 8.8423860455932868e-09 9.8742282766686063e-01 9.8742282229979950e-01 5.3670611288580972e-09 1.9748456588090462e+00 1.9748456445995990e+00 1.4209447174451384e-08
978 4.7729492187500000e-01 9.8753223141547153e-01 9.8753222257209261e-01 8.8433789180442091e-09 9.8753222793968209e-01 9.8753222257209261e-01 5.3675894839955163e-09 1.9750644593551536e+00 1.9750644451441852e+00 1.4210968402039725e-08
979 4.7778320312500000e-01 9.8763930793008015e-01 9.8763929908567416e-01 8.8444059853642898e-09 9.8763930445350601e-01 9.8763929908567416e-01 5.3678318456817919e-09 1.9752786123835862e+00 1.9752785981713483e+00 1.4212237831046082e-08
980 4.7827148437500000e-01 9.8774406043404672e-01 9.8774405158858269e-01 8.8454640279067576e-09 9.8774405695638678e-01 9.8774405158858269e-01 5.3678040901061763e-09 1.9754881173904335e+00 1.9754881031771654e+00 1.4213268118012934e-08
981 4.7875976562500000e-01 9.8784648868085079e-01 9.8784647983432561e-01 8.8465251790736943e-09 9.8784648520197216e-01 9.8784647983432561e-01 5.3676465494589820e-09 1.9756929738828228e+00 1.9756929596686512e+00 1.4214171617510374e-08
982 4.7924804687500000e-01 9.8794659242942173e-01 9.8794658358187937e-01 8.8475423654088559e-09 9.8794658894946730e-01 9.8794658358187937e-01 5.3675879296832818e-09 1.9758931813788889e+00 1.9758931671637587e+00 1.4215130184069835e-08
983 4.7973632812500000e-01 9.8804437144418744e-01 9.8804436259569006e-01 8.8484973792546384e-09 9.8804436796341355e-01 9.8804436259569006e-01 5.3677234879145885e-09 1.9760887394076010e+00 1.9760887251913801e+00 1.4216220867169227e-08
984 4.8022460937500000e-01 9.8813982549507562e-01 9.8813981664567418e-01 8.8494014338635907e-09 9.8813982201367367e-01 9.8813981664567418e-01 5.3679994893585103e-09 1.9762796475087492e+00 1.9762796332913484e+00 1.4217400812199799e-08
985 4.8071289062500000e-01 9.8823295435745595e-01 9.8823294550721918e-01 8.8502367656673187e-09 9.8823295087571972e-01 9.8823294550721918e-01 5.3685005330095237e-09 1.9764659052331757e+00 1.9764658910144384e+00 1.4218737298676842e-08
986 4.8120117187500000e-01 9.8832375781219262e-01 9.8832374896118402e-01 8.8510085927140381e-09 9.8832375433038755e-01 9.8832374896118402e-01 5.3692035262287163e-09 1.9766475121425802e+00 1.9766474979223680e+00 1.4220212118942754e-08
987 4.8168945312500000e-01 9.8841223564562664e-01 9.8841222679389917e-01 8.8517274621224828e-09 9.8841223216395291e-01 9.8841222679389917e-01 5.3700537350209743e-09 1.9768244678095797e+00 1.9768244535877983e+00 1.4221781308165760e-08
988 4.8217773437500000e-01 9.8849838764960218e-01 9.8849837879716773e-01 8.8524344521445641e-09 9.8849838416801716e-01 9.8849837879716773e-01 5.3708494318627231e-09 1.9769967718176193e+00 1.9769967575943355e+00 1.4223283884007287e-08
989 4.8266601562500000e-01 9.8858221362140508e-01 9.8858220476826597e-01 8.8531391106982937e-09 9.8858221013980896e-01 9.8858220476826597e-01 5.3715429881862065e-09 1.9771644237612140e+00 1.9771644095365319e+00 1.4224682098884500e-08
990 4.8315429687500000e-01 9.8866371336374992e-01 9.8866370450994290e-01 8.8538070208699082e-09 9.8866370988224539e-01 9.8866370450994290e-01 5.3723024917573525e-09 1.9773274232459954e+00 1.9773274090198858e+00 1.4226109623649563e-08
991 4.8364257812500000e-01 9.8874288668485000e-01 9.8874287783042225e-01 8.8544277465629762e-09 9.8874288320360326e-01 9.8874287783042225e-01 5.3731810112367384e-09 1.9774857698884531e+00 1.9774857556608445e+00 1.4227608646777412e-08
992 4.8413085937500000e-01 9.8881973339840212e-01 9.8881972454340117e-01 8.8550009547105901e-09 9.8881972991758271e-01 9.8881972454340117e-01 5.3741815442265306e-09 1.9776394633159848e+00 1.9776394490868023e+00 1.4229182498937121e-08
993 4.8461914062500000e-01 9.8889425332361169e-01 9.8889424446805196e-01 8.8555597299588840e-09 9.8889424984318641e-01 9.8889424446805196e-01 5.3751344486485664e-09 1.9777885031667981e+00 1.9777884889361039e+00 1.4230694178607450e-08
994 4.8510742187500000e-01 9.8896644628513530e-01 9.8896643742902224e-01 8.8561130651143571e-09 9.8896644280502544e-01 9.8896643742902224e-01 5.3760031981653356e-09 1.9779328890901606e+00 1.9779328748580445e+00 1.4232116152257390e-08
995 4.8559570312500000e-01 9.8903631211309151e-01 9.8903630325643477e-01 8.8566567413295161e-09 9.8903630863324032e-01 9.8903630325643477e-01 5.3768055563452322e-09 1.9780726207463317e+00 1.9780726065128695e+00 1.4233462186652446e-08
996 4.8608398437500000e-01 9.8910385064309725e-01 9.8910384178588862e-01 8.8572086331950572e-09 9.8910384716333477e-01 9.8910384178588862e-01 5.3774461550304409e-09 1.9782076978064320e+00 1.9782076835717772e+00 1.4234654788225498e-08
997 4.8657226562500000e-01 9.8916906171623598e-01 9.8916905285845913e-01 8.8577768453390604e-09 9.8916905823635926e-01 9.8916905285845913e-01 5.3779001252252101e-09 1.9783381199525953e+00 1.9783381057169183e+00 1.4235677081586573e-08
998 4.8706054687500000e-01 9.8923194517904101e-01 9.8923193632069828e-01 8.8583427260147118e-09 9.8923194169893158e-01 9.8923193632069828e-01 5.3782333031549001e-09 1.9784638868779725e+00 1.9784638726413966e+00 1.4236575918147309e-08
999 4.8754882812500000e-01 9.8929250088357157e-01 9.8929249202463532e-01 8.8589362512436765e-09 9.8929249740294856e-01 9.8929249202463532e-01 5.3783132392126731e-09 1.9785849982865202e+00 1.9785849840492706e+00 1.4237249601478652e-08
1000 4.8803710937500000e-01 9.8935072868734053e-01 9.8935071982777678e-01 8.8595637492971946e-09 9.8935072520588896e-01 9.8935071982777678e-01 5.3781121778229135e-09 1.9787014538932295e+00 1.9787014396555536e+00 1.4237675927120108e-08
1001 4.8852539062500000e-01 9.8940662845332228e-01 9.8940661959310683e-01 8.8602154502126496e-09 9.8940662497077980e-01 9.8940661959310683e-01 5.3776729735943718e-09 1.9788132534241021e+00 1.9788132391862137e+00 1.4237888423807021e-08
1002 4.8901367187500000e-01 9.8946020004995450e-01 9.8946019118908812e-01 8.8608663739719873e-09 9.8946019656620543e-01 9.8946019118908812e-01 5.3771173069705469e-09 1.9789203966161599e+00 1.9789203823781762e+00 1.4237983680942534e-08
1003 4.8950195312500000e-01 9.8951144335118524e-01 9.8951143448966150e-01 8.8615237370248678e-09 9.8951143986607770e-01 9.8951143448966150e-01 5.3764162011304961e-09 1.9790228832172629e+00 1.9790228689793230e+00 1.4237939938155364e-08
1004 4.8999023437500000e-01 9.8956035823641342e-01 9.8956034937424642e-01 8.8621670002453357e-09 9.8956035474992310e-01 9.8956034937424642e-01 5.3756766815737933e-09 1.9791207129863366e+00 1.9791206987484928e+00 1.4237843792841431e-08
1005 4.9047851562500000e-01 9.8960694459048937e-01 9.8960693572774172e-01 8.8627476468872146e-09 9.8960694110287117e-01 9.8960693572774172e-01 5.3751294526449556e-09 1.9792138856933605e+00 1.9792138714554834e+00 1.4237877099532170e-08
1006 4.9096679687500000e-01 9.8965120230378745e-01 9.8965119344052488e-01 8.8632625683260358e-09 9.8965119881532537e-01 9.8965119344052488e-01 5.3748004935627591e-09 1.9793024011191127e+00 1.9793023868810498e+00 1.4238062950866492e-08
1007 4.9145507812500000e-01 9.8969313127213221e-01 9.8969312240845331e-01 8.8636789019602702e-09 9.8969312778329355e-01 9.8969312240845331e-01 5.3748402395470407e-09 1.9793862590554259e+00 1.9793862448169066e+00 1.4238519252529613e-08
1008 4.9194335937500000e-01 9.8973273139685281e-01 9.8973272253286415e-01 8.8639886541841406e-09 9.8973272790815725e-01 9.8973272253286415e-01 5.3752930995187853e-09 1.9794654593050101e+00 1.9794654450657283e+00 1.4239281753702926e-08
1009 4.9243164062500000e-01 9.8977000258478287e-01 9.8976999372057450e-01 8.8642083673207139e-09 9.8976999909665619e-01 9.8976999372057450e-01 5.3760816909331766e-09 1.9795400016814391e+00 1.9795399874411490e+00 1.4240290058253890e-08
1010 4.9291992187500000e-01 9.8980494474825464e-01 9.8980493588388163e-01 8.8643730133952658e-09 9.8980494126090923e-01 9.8980493588388163e-01 5.3770276009501572e-09 1.9796098860091638e+00 1.9796098717677633e+00 1.4241400503323121e-08
1011 4.9340820312500000e-01 9.8983755780506100e-01 9.8983754894056319e-01 8.8644978024632337e-09 9.8983755431862264e-01 9.8983754894056319e-01 5.3780594422292438e-09 1.9796751121236835e+00 1.9796750978811264e+00 1.4242557133670175e-08
1012 4.9389648437500000e-01 9.8986784167850739e-01 9.8986783281387769e-01 8.8646296969585592e-09 9.8986783819281399e-01 9.8986783281387769e-01 5.3789362963740928e-09 1.9797356798713213e+00 1.9797356656277554e+00 1.4243565882310349e-08
1013 4.9438476562500000e-01 9.8989579629732527e-01 9.8989578743256390e-01 8.8647613694092797e-09 9.8989579281226725e-01 9.8989578743256390e-01 5.3797033494618063e-09 1.9797915891095925e+00 1.9797915748651278e+00 1.4244464718871086e-08
1014 4.9487304687500000e-01 9.8992142159575391e-01 9.8992141273084233e-01 8.8649115825845115e-09 9.8992141811109480e-01 9.8992141273084233e-01 5.3802524657697859e-09 1.9798428397068486e+00 1.9798428254616847e+00 1.4245163937331995e-08
1015 4.9536132812500000e-01 9.8994471751352364e-01 9.8994470864841388e-01 8.8651097573944071e-09 9.8994471402885875e-01 9.8994470864841388e-01 5.3804448674199534e-09 1.9798894315423823e+00 1.9798894172968278e+00 1.4245554513792058e-08
1016 4.9584960937500000e-01 9.8996568399581020e-01 9.8996567513046119e-01 8.8653490104562138e-09 9.8996568051077749e-01 9.8996567513046119e-01 5.3803163035937018e-09 1.9799313645065877e+00 1.9799313502609224e+00 1.4245665314049916e-08
1017 4.9633789062500000e-01 9.8998432099322708e-01 9.8998431212764804e-01 8.8655790486669162e-09 9.8998431750776550e-01 9.8998431212764804e-01 5.3801174626499915e-09 1.9799686385009925e+00 1.9799686242552961e+00 1.4245696400294605e-08
1018 4.9682617187500000e-01 9.9000062846189785e-01 9.9000061959611962e-01 8.8657782226775339e-09 9.9000062497606922e-01 9.9000061959611962e-01 5.3799495969286681e-09 1.9800012534379672e+00 1.9800012391922392e+00 1.4245727930628505e-08
1019 4.9731445312500000e-01 9.9001460636344385e-01 9.9001459749750309e-01 8.8659407593283390e-09 9.9001460287735421e-01 9.9001459749750309e-01 5.3798511201463839e-09 1.9800292092407981e+00 1.9800291949950062e+00 1.4245791879474723e-08
1020 4.9780273437500000e-01 9.9002625466497873e-01 9.9002624579890697e-01 8.8660717656452448e-09 9.9002625117869369e-01 9.9002624579890697e-01 5.3797867272109556e-09 1.9800525058436724e+00 1.9800524915978139e+00 1.4245858492856200e-08
1021 4.9829101562500000e-01 9.9003557333910663e-01 9.9003556447292174e-01 8.8661848973714541e-09 9.9003556985261942e-01 9.9003556447292174e-01 5.3796976873243807e-09 1.9800711431917262e+00 1.9800711289458435e+00 1.4245882695718137e-08
1022 4.9877929687500000e-01 9.9004256236387456e-01 9.9004255349761983e-01 8.8662547303997030e-09 9.9004255887732628e-01 9.9004255349761983e-01 5.3797064580862752e-09 1.9800851212412010e+00 1.9800851069952397e+00 1.4245961299508281e-08
1023 4.9926757812500000e-01 9.9004722172284498e-01 9.9004721285655495e-01 8.8662900354918861e-09 9.9004721823632258e-01 9.9004721285655495e-01 5.3797676313749321e-09 1.9800944399591676e+00 1.9800944257131099e+00 1.4246057666866818e-08
1024 4.9975585937500000e-01 9.9004955140508422e-01 9.9004954253876354e-01 8.8663206776473658e-09 9.9004954791849986e-01 9.9004954253876354e-01 5.3797363230856377e-09 1.9800990993235841e+00 1.9800990850775271e+00 1.4246057000733003e-08
1025 5.0024414062500000e-01 9.9004955140508466e-01 9.9004954253876354e-01 8.8663211217365756e-09 9.9004954791849853e-01 9.9004954253876354e-01 5.3797349908180081e-09 1.9800990993235832e+00 1.9800990850775271e+00 1.4246056112554584e-08
1026 5.0073242187500000e-01 9.9004722172284709e-01 9.9004721285655495e-01 8.8662921449156329e-09 9.9004721823631314e-01 9.9004721285655495e-01 5.3797581944792228e-09 1.9800944399591602e+00 1.9800944257131099e+00 1.4246050339394856e-08
1027 5.0122070312500000e-01 9.9004256236387389e-01 9.9004255349761983e-01 8.8662540642658882e-09 9.9004255887732939e-01 9.9004255349761983e-01 5.3797095667107442e-09 1.9800851212412032e+00 1.9800851069952397e+00 1.4245963519954330e-08
1028 5.0170898437500000e-01 9.9003557333910064e-01 9.9003556447292174e-01 8.8661789021671211e-09 9.9003556985264884e-01 9.9003556447292174e-01 5.3797271082345333e-09 1.9800711431917495e+00 1.9800711289458435e+00 1.4245906010401654e-08
1029 5.0219726562500000e-01 9.9002625466497129e-01 9.9002624579890697e-01 8.8660643271509798e-09 9.9002625117873033e-01 9.9002624579890697e-01 5.3798233645707683e-09 1.9800525058437017e+00 1.9800524915978139e+00 1.4245887802744051e-08
1030 5.0268554687500000e-01 9.9001460636343874e-01 9.9001459749750309e-01 8.8659356523024258e-09 9.9001460287737653e-01 9.9001459749750309e-01 5.3798734356291789e-09 1.9800292092408154e+00 1.9800291949950062e+00 1.4245809198953907e-08
1031 5.0317382812500000e-01 9.9000062846189552e-01 9.9000061959611962e-01 8.8657758912091822e-09 9.9000062497607921e-01 9.9000061959611962e-01 5.3799595889358898e-09 1.9800012534379747e+00 1.9800012391922392e+00 1.4245735480145072e-08
1032 5.0366210937500000e-01 9.8998432099322997e-01 9.8998431212764804e-01 8.8655819352467802e-09 9.8998431750774485e-01 9.8998431212764804e-01 5.3800968125017334e-09 1.9799686385009747e+00 1.9799686242552961e+00 1.4245678636726211e-08
1033 5.0415039062500000e-01 9.8996568399581719e-01 9.8996567513046119e-01 8.8653560048612690e-09 9.8996568051073763e-01 9.8996567513046119e-01 5.3802764465871178e-09 1.9799313645065548e+00 1.9799313502609224e+00 1.4245632451448387e-08
1034 5.0463867187500000e-01 9.8994471751353430e-01 9.8994470864841388e-01 8.8651204155354435e-09 9.8994471402880224e-01 9.8994470864841388e-01 5.3803883570680000e-09 1.9798894315423365e+00 1.9798894172968278e+00 1.4245508772603444e-08
1035 5.0512695312500000e-01 9.8992142159576468e-01 9.8992141273084233e-01 8.8649223517478504e-09 9.8992141811103529e-01 9.8992141273084233e-01 5.3801929578156660e-09 1.9798428397068000e+00 1.9798428254616847e+00 1.4245115309563516e-08
1036 5.0561523437500000e-01 9.8989579629733981e-01 9.8989578743256390e-01 8.8647759133309023e-09 9.8989579281219098e-01 9.8989578743256390e-01 5.3796270771400145e-09 1.9797915891095308e+00 1.9797915748651278e+00 1.4244402990470917e-08
1037 5.0610351562500000e-01 9.8986784167852504e-01 9.8986783281387769e-01 8.8646473495046507e-09 9.8986783819272417e-01 9.8986783281387769e-01 5.3788464793314006e-09 1.9797356798712493e+00 1.9797356656277554e+00 1.4243493939858354e-08
1038 5.0659179687500000e-01 9.8983755780507743e-01 9.8983754894056319e-01 8.8645142337639982e-09 9.8983755431853138e-01 9.8983754894056319e-01 5.3779681818966196e-09 1.9796751121236089e+00 1.9796750978811264e+00 1.4242482526682920e-08
1039 5.0708007812500000e-01 9.8980494474826974e-01 9.8980493588388163e-01 8.8643881124284007e-09 9.8980494126082474e-01 9.8980493588388163e-01 5.3769431129779832e-09 1.9796098860090945e+00 1.9796098717677633e+00 1.4241331225406384e-08
1040 5.0756835937500000e-01 9.8977000258479519e-01 9.8976999372057450e-01 8.8642206907962873e-09 9.8976999909658214e-01 9.8976999372057450e-01 5.3760076390574341e-09 1.9795400016813773e+00 1.9795399874411490e+00 1.4240228329853721e-08
1041 5.0805664062500000e-01 9.8973273139686235e-01 9.8973272253286415e-01 8.8639982021021524e-09 9.8973272790809919e-01 9.8973272253286415e-01 5.3752350348545974e-09 1.9794654593049614e+00 1.9794654450657283e+00 1.4239233125934447e-08
1042 5.0854492187500000e-01 9.8969313127213687e-01 9.8969312240845331e-01 8.8636835648969736e-09 9.8969312778325513e-01 9.8969312240845331e-01 5.3748018258303887e-09 1.9793862590553921e+00 1.9793862448169066e+00 1.4238485501749665e-08
1043 5.0903320312500000e-01 9.8965120230379255e-01 9.8965119344052488e-01 8.8632676753519490e-09 9.8965119881528574e-01 9.8965119344052488e-01 5.3747608586007800e-09 1.9793024011190783e+00 1.9793023868810498e+00 1.4238028533952729e-08
1044 5.0952148437500000e-01 9.8960694459049781e-01 9.8960693572774172e-01 8.8627560845822018e-09 9.8960694110281777e-01 9.8960693572774172e-01 5.3750760509174711e-09 1.9792138856933157e+00 1.9792138714554834e+00 1.4237832246521975e-08
1045 5.1000976562500000e-01 9.8956035823641886e-01 9.8956034937424642e-01 8.8621724403381563e-09 9.8956035474988580e-01 9.8956034937424642e-01 5.3756393780801659e-09 1.9791207129863047e+00 1.9791206987484928e+00 1.4237811818418322e-08
1046 5.1049804687500000e-01 9.8951144335118935e-01 9.8951143448966150e-01 8.8615278448500590e-09 9.8951143986604762e-01 9.8951143448966150e-01 5.3763861140865288e-09 1.9790228832172370e+00 1.9790228689793230e+00 1.4237913958936588e-08
1047 5.1098632812500000e-01 9.8946020004995572e-01 9.8946019118908812e-01 8.8608675952173144e-09 9.8946019656618522e-01 9.8946019118908812e-01 5.3770971009114987e-09 1.9789203966161408e+00 1.9789203823781762e+00 1.4237964585106511e-08
1048 5.1147460937500000e-01 9.8940662845332161e-01 9.8940661959310683e-01 8.8602147840788348e-09 9.8940662497076370e-01 9.8940661959310683e-01 5.3776568753605147e-09 1.9788132534240854e+00 1.9788132391862137e+00 1.4237871770461652e-08
1049 5.1196289062500000e-01 9.8935072868733742e-01 9.8935071982777678e-01 8.8595606406727256e-09 9.8935072520588041e-01 9.8935071982777678e-01 5.3781036291056239e-09 1.9787014538932177e+00 1.9787014396555536e+00 1.4237664158756047e-08
1050 5.1245117187500000e-01 9.8929250088356957e-01 9.8929249202463532e-01 8.8589342528422321e-09 9.8929249740293490e-01 9.8929249202463532e-01 5.3782995834694702e-09 1.9785849982865045e+00 1.9785849840492706e+00 1.4237233836311702e-08
1051 5.1293945312500000e-01 9.8923194517903856e-01 9.8923193632069828e-01 8.8583402835240577e-09 9.8923194169892159e-01 9.8923193632069828e-01 5.3782233111476785e-09 1.9784638868779600e+00 1.9784638726413966e+00 1.4236563483649434e-08
1052 5.1342773437500000e-01 9.8916906171623120e-01 9.8916905285845913e-01 8.8577720713800545e-09 9.8916905823635703e-01 9.8916905285845913e-01 5.3778979047791609e-09 1.9783381199525882e+00 1.9783381057169183e+00 1.4235669976159215e-08
1053 5.1391601562500000e-01 9.8910385064309259e-01 9.8910384178588862e-01 8.8572039702583538e-09 9.8910384716334177e-01 9.8910384178588862e-01 5.3774531494354960e-09 1.9782076978064342e+00 1.9782076835717772e+00 1.4234657008671547e-08
1054 5.1440429687500000e-01 9.8903631211308607e-01 9.8903630325643477e-01 8.8566513012366954e-09 9.8903630863325231e-01 9.8903630325643477e-01 5.3768175467538981e-09 1.9780726207463384e+00 1.9780726065128695e+00 1.4233468847990594e-08
1055 5.1489257812500000e-01 9.8896644628513231e-01 9.8896643742902224e-01 8.8561100675121907e-09 9.8896644280503276e-01 9.8896643742902224e-01 5.3760105256372981e-09 1.9779328890901651e+00 1.9779328748580445e+00 1.4232120593149489e-08
1056 5.1538085937500000e-01 9.8889425332361047e-01 9.8889424446805196e-01 8.8555585087135569e-09 9.8889424984319252e-01 9.8889424446805196e-01 5.3751405548752018e-09 1.9777885031668030e+00 1.9777884889361039e+00 1.4230699063588759e-08
1057 5.1586914062500000e-01 9.8881973339840301e-01 9.8881972454340117e-01 8.8550018428890098e-09 9.8881972991757805e-01 9.8881972454340117e-01 5.3741768812898272e-09 1.9776394633159811e+00 1.9776394490868023e+00 1.4229178724178837e-08
1058 5.1635742187500000e-01 9.8874288668484855e-01 9.8874287783042225e-01 8.8544263032730441e-09 9.8874288320361226e-01 9.8874287783042225e-01 5.3731900040432379e-09 1.9774857698884607e+00 1.9774857556608445e+00 1.4227616196293980e-08
1059 5.1684570312500000e-01 9.8866371336374770e-01 9.8866370450994290e-01 8.8538048004238590e-09 9.8866370988226182e-01 9.8866370450994290e-01 5.3723189230581170e-09 1.9773274232460096e+00 1.9773274090198858e+00 1.4226123834504278e-08
1060 5.1733398437500000e-01 9.8858221362140353e-01 9.8858220476826597e-01 8.8531375563860593e-09 9.8858221013981884e-01 9.8858220476826597e-01 5.3715528691711256e-09 1.9771644237612223e+00 1.9771644095365319e+00 1.4224690314534882e-08
1061 5.1782226562500000e-01 9.8849838764960340e-01 9.8849837879716773e-01 8.8524356733898912e-09 9.8849838416801572e-01 9.8849837879716773e-01 5.3708479885727911e-09 1.9769967718176191e+00 1.9769967575943355e+00 1.4223283661962682e-08
1062 5.1831054687500000e-01 9.8841223564562797e-01 9.8841222679389917e-01 8.8517287943901124e-09 9.8841223216394825e-01 9.8841222679389917e-01 5.3700490720842708e-09 1.9768244678095761e+00 1.9768244535877983e+00 1.4221777755452081e-08
1063 5.1879882812500000e-01 9.8832375781219439e-01 9.8832374896118402e-01 8.8510103690708775e-09 9.8832375433037900e-01 9.8832374896118402e-01 5.3691949775114267e-09 1.9766475121425735e+00 1.9766474979223680e+00 1.4220205457604607e-08
1064 5.1928710937500000e-01 9.8823295435745684e-01 9.8823294550721918e-01 8.8502376538457384e-09 9.8823295087571750e-01 9.8823294550721918e-01 5.3684983125634744e-09 1.9764659052331743e+00 1.9764658910144384e+00 1.4218735966409213e-08
1065 5.1977539062500000e-01 9.8813982549507229e-01 9.8813981664567418e-01 8.8493981031945168e-09 9.8813982201369088e-01 9.8813981664567418e-01 5.3680166978153920e-09 1.9762796475087632e+00 1.9762796332913484e+00 1.4217414801009909e-08
1066 5.2026367187500000e-01 9.8804437144418333e-01 9.8804436259569006e-01 8.8484932714294473e-09 9.8804436796343531e-01 9.8804436259569006e-01 5.3677452482858712e-09 1.9760887394076185e+00 1.9760887251913801e+00 1.4216238408693016e-08
1067 5.2075195312500000e-01 9.8794659242941629e-01 9.8794658358187937e-01 8.8475369253160352e-09 9.8794658894949583e-01 9.8794658358187937e-01 5.3676164624150147e-09 1.9758931813789120e+00 1.9758931671637587e+00 1.4215153276708747e-08
1068 5.2124023437500000e-01 9.8784648868084568e-01 9.8784647983432561e-01 8.8465200720477810e-09 9.8784648520199902e-01 9.8784647983432561e-01 5.3676734168561779e-09 1.9756929738828446e+00 1.9756929596686512e+00 1.4214193377881656e-08
1069 5.2172851562500000e-01 9.8774406043403928e-01 9.8774405158858269e-01 8.8454565894124926e-09 9.8774405695642742e-01 9.8774405158858269e-01 5.3678447242688776e-09 1.9754881173904666e+00 1.9754881031771654e+00 1.4213301202659068e-08
1070 5.2221679687500000e-01 9.8763930793007071e-01 9.8763929908567416e-01 8.8443965484685805e-09 9.8763930445355452e-01 9.8763929908567416e-01 5.3678803624279681e-09 1.9752786123836252e+00 1.9752785981713483e+00 1.4212276910896549e-08
1071 5.2270507812500000e-01 9.8753223141546076e-01 9.8753222257209261e-01 8.8433681488808702e-09 9.8753222793974038e-01 9.8753222257209261e-01 5.3676477707043091e-09 1.9750644593552011e+00 1.9750644451441852e+00 1.4211015919585179e-08
1072 5.2319335937500000e-01 9.8742283114217433e-01 9.8742282229979950e-01 8.8423748323407381e-09 9.8742282766692346e-01 9.8742282229979950e-01 5.3671239674812909e-09 1.9748456588090977e+00 1.9748456445995990e+00 1.4209498688799727e-08
1073 5.2368164062500000e-01 9.8731110736763505e-01 9.8731109852622423e-01 8.8414108256884560e-09 9.8731110389256704e-01 9.8731109852622423e-01 5.3663428145611647e-09 1.9746222112602021e+00 1.9746221970524485e+00 1.4207753640249621e-08
1074 5.2416992187500000e-01 9.8719706035469657e-01 9.8719705151426362e-01 8.8404329412483662e-09 9.8719705687976578e-01 9.8719705151426362e-01 5.3655021536869185e-09 1.9743941172344623e+00 1.9743941030285272e+00 1.4205935094935285e-08
1075 5.2465820312500000e-01 9.8708069037172164e-01 9.8708068153228146e-01 8.8394401798197464e-09 9.8708068689690220e-01 9.8708068153228146e-01 5.3646207476276686e-09 1.9741613772686240e+00 1.9741613630645629e+00 1.4204061038469717e-08
1076 5.2514648437500000e-01 9.8696199769251136e-01 9.8696198885410735e-01 8.8384040086708637e-09 9.8696199421795727e-01 9.8696198885410735e-01 5.3638499197816714e-09 1.9739239919104685e+00 1.9739239777082147e+00 1.4202253817430233e-08
1077 5.2563476562500000e-01 9.8684098259634678e-01 9.8684097375903668e-01 8.8373101059247006e-09 9.8684097912228175e-01 9.8684097375903668e-01 5.3632450702778556e-09 1.9736819617186285e+00 1.9736819475180734e+00 1.4200555176202556e-08
1078 5.2612304687500000e-01 9.8671764536800777e-01 9.8671763653182964e-01 8.8361781225287928e-09 9.8671764189454469e-01 9.8671763653182964e-01 5.3627150498058995e-09 1.9734352872625525e+00 1.9734352730636593e+00 1.4198893172334692e-08
1079 5.2661132812500000e-01 9.8659198629775580e-01 9.8659197746271088e-01 8.8350449178875579e-09 9.8659198282479377e-01 9.8659197746271088e-01 5.3620828888156780e-09 1.9731839691225495e+00 1.9731839549254218e+00 1.4197127695680933e-08
1080 5.2709960937500000e-01 9.8646400568126358e-01 9.8646399684736796e-01 8.8338956150124659e-09 9.8646400220876862e-01 9.8646399684736796e-01 5.3614006567670458e-09 1.9729280078900322e+00 1.9729279936947359e+00 1.4195296271779512e-08
1081 5.2758789062500000e-01 9.8633370381969587e-01 9.8633369498695189e-01 8.8327439806690222e-09 9.8633370034755807e-01 9.8633369498695189e-01 5.3606061811706240e-09 1.9726674041672538e+00 1.9726673899739038e+00 1.4193350050817344e-08
1082 5.2807617187500000e-01 9.8620108101969683e-01 9.8620107218807540e-01 8.8316214341688237e-09 9.8620107754763864e-01 9.8620107218807540e-01 5.3595632376612912e-09 1.9724021585673355e+00 1.9724021443761508e+00 1.4191184671830115e-08
1083 5.2856445312500000e-01 9.8606613759334438e-01 9.8606612876281285e-01 8.8305315282255492e-09 9.8606613412105171e-01 9.8606612876281285e-01 5.3582388526152158e-09 1.9721322717143961e+00 1.9721322575256257e+00 1.4188770380840765e-08
1084 5.2905273437500000e-01 9.8592887385814443e-01 9.8592886502869903e-01 8.8294453970405584e-09 9.8592887038547194e-01 9.8592886502869903e-01 5.3567729141335008e-09 1.9718577442436165e+00 1.9718577300573981e+00 1.4186218422196362e-08
1085 5.2954101562500000e-01 9.8578929013707728e-01 9.8578928130872889e-01 8.8283483856699263e-09 9.8578928666396992e-01 9.8578928130872889e-01 5.3552410284041230e-09 1.9715785768010472e+00 1.9715785626174578e+00 1.4183589414074049e-08
1086 5.3002929687500000e-01 9.8564738675859997e-01 9.8564737793135637e-01 8.8272436027381218e-09 9.8564738328499091e-01 9.8564737793135637e-01 5.3536345356874904e-09 1.9712947700435910e+00 1.9712947558627127e+00 1.4180878249447915e-08
1087 5.3051757812500000e-01 9.8550316405657723e-01 9.8550315523049370e-01 8.8260835306996910e-09 9.8550316058268139e-01 9.8550315523049370e-01 5.3521876930417989e-09 1.9710063246392586e+00 1.9710063104609874e+00 1.4178271223741490e-08
1088 5.3100585937500000e-01 9.8535662237035071e-01 9.8535661354551107e-01 8.8248396368229010e-09 9.8535661889654891e-01 9.8535661354551107e-01 5.3510378350551946e-09 1.9707132412668997e+00 1.9707132270910221e+00 1.4175877582900398e-08
1089 5.3149414062500000e-01 9.8520776204474392e-01 9.8520775322123499e-01 8.8235089235055852e-09 9.8520775857144005e-01 9.8520775322123499e-01 5.3502050567644233e-09 1.9704155206161840e+00 1.9704155064424700e+00 1.4173713980270009e-08
1090 5.3198242187500000e-01 9.8505658343005464e-01 9.8505657460794827e-01 8.8221063787585763e-09 9.8505657995755946e-01 9.8505657460794827e-01 5.3496111984685513e-09 1.9701131633876141e+00 1.9701131492158965e+00 1.4171717577227128e-08
1091 5.3247070312500000e-01 9.8490308688204620e-01 9.8490307806138877e-01 8.8206574266891380e-09 9.8490308341052191e-01 9.8490307806138877e-01 5.3491331364341477e-09 1.9698061702925682e+00 1.9698061561227775e+00 1.4169790674145588e-08
1092 5.3295898437500000e-01 9.8474727276191254e-01 9.8474726394274881e-01 8.8191637326318073e-09 9.8474726929151490e-01 9.8474726394274881e-01 5.3487660967022066e-09 1.9694945420534276e+00 1.9694945278854976e+00 1.4167929940356316e-08
1093 5.3344726562500000e-01 9.8458914143631782e-01 9.8458913261867387e-01 8.8176439483333979e-09 9.8458913796707870e-01 9.8458913261867387e-01 5.3484048301299936e-09 1.9691782794033965e+00 1.9691782652373477e+00 1.4166048778463391e-08
1094 5.3393554687500000e-01 9.8442869327740667e-01 9.8442868446126242e-01 8.8161442590717343e-09 9.8442868980909082e-01 9.8442868446126242e-01 5.3478284023356082e-09 1.9688573830864975e+00 1.9688573689225248e+00 1.4163972661407342e-08
1095 5.3442382812500000e-01 9.8426592866274576e-01 9.8426591984806433e-01 8.8146814292144882e-09 9.8426592519501344e-01 9.8426591984806433e-01 5.3469491057001051e-09 1.9685318538577592e+00 1.9685318396961287e+00 1.4161630534914593e-08
1096 5.3491210937500000e-01 9.8410084797532815e-01 9.8410083916208058e-01 8.8132475761781848e-09 9.8410084450789193e-01 9.8410083916208058e-01 5.3458113491444692e-09 1.9682016924832202e+00 1.9682016783241612e+00 1.4159059036344956e-08
1097 5.3540039062500000e-01 9.8393345160357581e-01 9.8393344279176176e-01 8.8118140562087888e-09 9.8393344813632666e-01 9.8393344279176176e-01 5.3445649017547225e-09 1.9678668997399025e+00 1.9678668855835235e+00 1.4156378957963511e-08
1098 5.3588867187500000e-01 9.8376373994133282e-01 9.8376373113100801e-01 8.8103248030435566e-09 9.8376373647448279e-01 9.8376373113100801e-01 5.3434747737668431e-09 1.9675274764158157e+00 1.9675274622620160e+00 1.4153799687832702e-08
1099 5.3637695312500000e-01 9.8359171338792328e-01 9.8359170457916700e-01 8.8087562799543662e-09 9.8359170992183331e-01 9.8359170457916700e-01 5.3426663093603111e-09 1.9671834233097565e+00 1.9671834091583340e+00 1.4151422478292375e-08
1100 5.3686523437500000e-01 9.8341737234815385e-01 9.8341736354103393e-01 8.8071199222383711e-09 9.8341736888311537e-01 9.8341736354103393e-01 5.3420814438709385e-09 1.9668347412312692e+00 1.9668347270820679e+00 1.4149201366109310e-08
1101 5.3735351562500000e-01 9.8324071723230033e-01 9.8324070842685007e-01 8.8054502578316374e-09 9.8324071376839706e-01 9.8324070842685007e-01 5.3415469825068840e-09 1.9664814310006973e+00 1.9664814168537001e+00 1.4146997129316219e-08
1102 5.3784179687500000e-01 9.8306174845606586e-01 9.8306173965230192e-01 8.8037639400795342e-09 9.8306174499328147e-01 9.8306173965230192e-01 5.3409795475189981e-09 1.9661234934493472e+00 1.9661234793046038e+00 1.4144743376576230e-08
1103 5.3833007812500000e-01 9.8288046644061389e-01 9.8288045763852050e-01 8.8020933874943807e-09 9.8288046297873766e-01 9.8288045763852050e-01 5.3402171573679880e-09 1.9657609294193517e+00 1.9657609152770410e+00 1.4142310655884671e-08
1104 5.3881835937500000e-01 9.8269687161253194e-01 9.8269686281207969e-01 8.8004522558193798e-09 9.8269686815128188e-01 9.8269686281207969e-01 5.3392021914788756e-09 1.9653937397638139e+00 1.9653937256241594e+00 1.4139654558320558e-08
1105 5.3930664062500000e-01 9.8251096440381014e-01 9.8251095560499591e-01 8.7988142327688479e-09 9.8251096094303758e-01 9.8251095560499591e-01 5.3380416753512350e-09 1.9650219253468477e+00 1.9650219112099918e+00 1.4136855908120083e-08
1106 5.3979492187500000e-01 9.8232274525188978e-01 9.8232273645472679e-01 8.7971629980643229e-09 9.8232274179155976e-01 9.8232273645472679e-01 5.3368329755443256e-09 1.9646454870434495e+00 1.9646454729094536e+00 1.4133995973608648e-08
1107 5.4028320312500000e-01 9.8213221459967726e-01 9.8213220580417016e-01 8.7955071004230945e-09 9.8213221113971294e-01 9.8213220580417016e-01 5.3355427853674087e-09 1.9642644257393902e+00 1.9642644116083403e+00 1.4131049885790503e-08
1108 5.4077148437500000e-01 9.8193937289547617e-01 9.8193936410166316e-01 8.7938130111098189e-09 9.8193936943598958e-01 9.8193936410166316e-01 5.3343264250216293e-09 1.9638787423314659e+00 1.9638787282033263e+00 1.4128139547153751e-08
1109 5.4125976562500000e-01 9.8174422059305999e-01 9.8174421180098070e-01 8.7920792868345643e-09 9.8174421713417226e-01 9.8174421180098070e-01 5.3331915550458575e-09 1.9634884377272321e+00 1.9634884236019614e+00 1.4125270730858119e-08
1110 5.4174804687500000e-01 9.8154675815164583e-01 9.8154674936133512e-01 8.7903107015563364e-09 9.8154675469344999e-01 9.8154674936133512e-01 5.3321148607565760e-09 1.9630935128450959e+00 1.9630934987226702e+00 1.4122425673335215e-08
1111 5.4223632812500000e-01 9.8134698603590964e-01 9.8134697724737474e-01 8.7885348998284485e-09 9.8134698257833763e-01 9.8134697724737474e-01 5.3309628933462250e-09 1.9626939686142473e+00 1.9626939544947495e+00 1.4119497793174673e-08
1112 5.4272460937500000e-01 9.8114490471594284e-01 9.8114489592918241e-01 8.7867604303681901e-09 9.8114490125887910e-01 9.8114489592918241e-01 5.3296966839866400e-09 1.9622898059748219e+00 1.9622897918583648e+00 1.4116457114354830e-08
1113 5.4321289062500000e-01 9.8094051466724119e-01 9.8094050588227522e-01 8.7849659768934885e-09 9.8094051121068593e-01 9.8094050588227522e-01 5.3284107126572167e-09 1.9618810258779271e+00 1.9618810117645504e+00 1.4113376689550705e-08
1114 5.4370117187500000e-01 9.8073381637074419e-01 9.8073380758760242e-01 8.7831417694417269e-09 9.8073381291475992e-01 9.8073380758760242e-01 5.3271574929070198e-09 1.9614676292855040e+00 1.9614676151752048e+00 1.4110299151326444e-08
1115 5.4418945312500000e-01 9.8052481031284577e-01 9.8052480153154542e-01 8.7813003535330836e-09 9.8052480685742094e-01 9.8052480153154542e-01 5.3258755183804851e-09 1.9610496171702667e+00 1.9610496030630908e+00 1.4107175871913569e-08
1116 5.4467773437500000e-01 9.8031349698533565e-01 9.8031348820591535e-01 8.7794203018631833e-09 9.8031349353057962e-01 9.8031348820591535e-01 5.3246642650606191e-09 1.9606269905159153e+00 1.9606269764118307e+00 1.4104084566923802e-08
1117 5.4516601562500000e-01 9.8009987688546529e-01 9.8009986810795302e-01 8.7775122725730625e-09 9.8009987343142846e-01 9.8009986810795302e-01 5.3234754382458505e-09 1.9601997503168938e+00 1.9601997362159060e+00 1.4100987710818913e-08
1118 5.4565429687500000e-01 9.7988395051590715e-01 9.7988394174032711e-01 8.7755800404210049e-09 9.7988394706261062e-01 9.7988394174032711e-01 5.3222835028066129e-09 1.9597678975785178e+00 1.9597678834806542e+00 1.4097863543227618e-08
1119 5.4614257812500000e-01 9.7966571838477745e-01 9.7966570961113342e-01 8.7736440335106636e-09 9.7966571493212962e-01 9.7966570961113342e-01 5.3209961992095600e-09 1.9593314333169070e+00 1.9593314192222668e+00 1.4094640121697921e-08
1120 5.4663085937500000e-01 9.7944518100557088e-01 9.7944517223389282e-01 8.7716780505786573e-09 9.7944517755364446e-01 9.7944517223389282e-01 5.3197516391989552e-09 1.9588903585592154e+00 1.9588903444677856e+00 1.4091429800799915e-08
1121 5.4711914062500000e-01 9.7922233889722232e-01 9.7922233012755133e-01 8.7696709893947400e-09 9.7922233544614734e-01 9.7922233012755133e-01 5.3185960080526229e-09 1.9584446743433697e+00 1.9584446602551027e+00 1.4088266997447363e-08
1122 5.4760742187500000e-01 9.7899719258408935e-01 9.7899718381647804e-01 8.7676113036394554e-09 9.7899718913405787e-01 9.7899718381647804e-01 5.3175798209181835e-09 1.9579943817181471e+00 1.9579943676329561e+00 1.4085191013535336e-08
1123 5.4809570312500000e-01 9.7876974259595650e-01 9.7876973383046373e-01 8.7654927760638657e-09 9.7876973914720544e-01 9.7876973383046373e-01 5.3167417135568940e-09 1.9575394817431619e+00 1.9575394676609275e+00 1.4082234489620760e-08
1124 5.4858398437500000e-01 9.7853998946802512e-01 9.7853998070472026e-01 8.7633048595492369e-09 9.7853998602085923e-01 9.7853998070472026e-01 5.3161389734768250e-09 1.9570799754888843e+00 1.9570799614094405e+00 1.4079443833026062e-08
1125 5.4907226562500000e-01 9.7830793374092617e-01 9.7830792497987906e-01 8.7610471100063592e-09 9.7830793029564123e-01 9.7830792497987906e-01 5.3157621637822672e-09 1.9566158640365674e+00 1.9566158499597581e+00 1.4076809273788626e-08
1126 5.4956054687500000e-01 9.7807357596072941e-01 9.7807356720198957e-01 8.7587398445165832e-09 9.7807357251750671e-01 9.7807356720198957e-01 5.3155171375607324e-09 1.9561471484782360e+00 1.9561471344039791e+00 1.4074256871055013e-08
1127 5.5004882812500000e-01 9.7783691667894623e-01 9.7783690792251821e-01 8.7564280271124062e-09 9.7783691323769251e-01 9.7783690792251821e-01 5.3151743006907282e-09 1.9556738299166387e+00 1.9556738158450364e+00 1.4071602327803134e-08
1128 5.5053710937500000e-01 9.7759795645246950e-01 9.7759794769834729e-01 8.7541222049125622e-09 9.7759795301303920e-01 9.7759794769834729e-01 5.3146919087865285e-09 1.9551959094655087e+00 1.9551958953966946e+00 1.4068814113699091e-08
1129 5.5102539062500000e-01 9.7735669584358298e-01 9.7735668709177315e-01 8.7518098323968729e-09 9.7735669240589707e-01 9.7735668709177315e-01 5.3141239186871303e-09 1.9547133882494800e+00 1.9547133741835463e+00 1.4065933751084003e-08
1130 5.5151367187500000e-01 9.7711313542001721e-01 9.7711312667050543e-01 8.7495117817582013e-09 9.7711313198387595e-01 9.7711312667050543e-01 5.3133705213426197e-09 1.9542262674038930e+00 1.9542262533410109e+00 1.4062882192078519e-08
1131 5.5200195312500000e-01 9.7686727575490084e-01 9.7686726700766513e-01 8.7472357135354173e-09 9.7686727232005754e-01 9.7686726700766513e-01 5.3123924148579249e-09 1.9537345480749584e+00 1.9537345340153303e+00 1.4059628128393342e-08
1132 5.5249023437500000e-01 9.7661911742676921e-01 9.7661910868178403e-01 8.7449851804421996e-09 9.7661911399296009e-01 9.7661910868178403e-01 5.3111760545121456e-09 1.9532382314197294e+00 1.9532382173635681e+00 1.4056161345976648e-08
1133 5.5297851562500000e-01 9.7636866101955877e-01 9.7636865227680247e-01 8.7427562966979622e-09 9.7636865758654101e-01 9.7636865227680247e-01 5.3097385377398609e-09 1.9527373186060997e+00 1.9527373045536049e+00 1.4052494723415521e-08
1134 5.5346679687500000e-01 9.7611590712261098e-01 9.7611589838206858e-01 8.7405424009645571e-09 9.7611590369017531e-01 9.7611589838206858e-01 5.3081067319382669e-09 1.9522318108127863e+00 1.9522317967641372e+00 1.4048649132902824e-08
1135 5.5395507812500000e-01 9.7586085633067099e-01 9.7586084759233671e-01 8.7383342783908802e-09 9.7586085289867741e-01 9.7586084759233671e-01 5.3063407001729956e-09 1.9517217092293484e+00 1.9517216951846734e+00 1.4044674978563876e-08
1136 5.5444335937500000e-01 9.7560350924387185e-01 9.7560350050776623e-01 8.7361056166912476e-09 9.7560350581232458e-01 9.7560350050776623e-01 5.3045583481292624e-09 1.9512070150561964e+00 1.9512070010155325e+00 1.4040663964820510e-08
1137 5.5493164062500000e-01 9.7534386646780580e-01 9.7534385773391941e-01 8.7338863918873244e-09 9.7534386303652876e-01 9.7534385773391941e-01 5.3026093516095330e-09 1.9506877295043346e+00 1.9506877154678388e+00 1.4036495743496857e-08
1138 5.5541992187500000e-01 9.7508192861345122e-01 9.7508191988176074e-01 8.7316904817669183e-09 9.7508192518219516e-01 9.7508191988176074e-01 5.3004344247042923e-09 1.9501638537956465e+00 1.9501638397635215e+00 1.4032125017493513e-08
1139 5.5590820312500000e-01 9.7481769629715520e-01 9.7481768756765541e-01 8.7294997896947280e-09 9.7481769286577624e-01 9.7481768756765541e-01 5.2981208309432759e-09 1.9496353891629314e+00 1.9496353751353108e+00 1.4027620620638004e-08
1140 5.5639648437500000e-01 9.7455117014065662e-01 9.7455116141336762e-01 8.7272890025857919e-09 9.7455116670915753e-01 9.7455116141336762e-01 5.2957899177030754e-09 1.9491023368498142e+00 1.9491023228267352e+00 1.4023078920288867e-08
1141 5.5688476562500000e-01 9.7428235077107217e-01 9.7428234204605912e-01 8.7250130453853103e-09 9.7428234733973396e-01 9.7428234204605912e-01 5.2936748318188620e-09 1.9485646981108062e+00 1.9485646840921182e+00 1.4018687988226475e-08
1142 5.5737304687500000e-01 9.7401123882095197e-01 9.7401123009828783e-01 8.7226641465321109e-09 9.7401123539009460e-01 9.7401123009828783e-01 5.2918067705576277e-09 1.9480224742110466e+00 1.9480224601965757e+00 1.4014470917089739e-08
1143 5.5786132812500000e-01 9.7373783492825772e-01 9.7373782620800631e-01 8.7202514098549955e-09 9.7373783149814286e-01 9.7373782620800631e-01 5.2901365510393816e-09 1.9474756664264006e+00 1.9474756524160126e+00 1.4010387960894377e-08
1144 5.5834960937500000e-01 9.7346213973635565e-01 9.7346213101856038e-01 8.7177952634576172e-09 9.7346213630713485e-01 9.7346213101856038e-01 5.2885744672437340e-09 1.9469242760434904e+00 1.9469242620371208e+00 1.4006369619679049e-08
1145 5.5883789062500000e-01 9.7318415389398438e-01 9.7318414517868745e-01 8.7152969285853032e-09 9.7318415046579321e-01 9.7318414517868745e-01 5.2871057532044574e-09 1.9463683043597775e+00 1.9463682903573749e+00 1.4002402570767458e-08
1146 5.5932617187500000e-01 9.7290387805524647e-01 9.7290386934251505e-01 8.7127314252199994e-09 9.7290387462837458e-01 9.7290386934251505e-01 5.2858595278593157e-09 1.9458077526836211e+00 1.9458077386850301e+00 1.3998590953079315e-08
1147 5.5981445312500000e-01 9.7262131287965892e-01 9.7262130416955928e-01 8.7100996415401255e-09 9.7262130945438940e-01 9.7262130416955928e-01 5.2848301290708832e-09 1.9452426223340482e+00 1.9452426083391186e+00 1.3994929659588706e-08
1148 5.6030273437500000e-01 9.7233645903214394e-01 9.7233645032472327e-01 8.7074206733817050e-09 9.7233645560864179e-01 9.7233645032472327e-01 5.2839185249453635e-09 1.9446729146407857e+00 1.9446729006494465e+00 1.3991339198327069e-08
1149 5.6079101562500000e-01 9.7204931718304033e-01 9.7204930847829563e-01 8.7047447028254510e-09 9.7204931376118109e-01 9.7204930847829563e-01 5.2828854624209498e-09 1.9440986309442214e+00 1.9440986169565913e+00 1.3987630165246401e-08
1150 5.6127929687500000e-01 9.7175988800803648e-01 9.7175987930594909e-01 8.7020873840160107e-09 9.7175988458759377e-01 9.7175987930594909e-01 5.2816446771686287e-09 1.9435197725956304e+00 1.9435197586118982e+00 1.3983732172206942e-08
1151 5.6176757812500000e-01 9.7146817218817139e-01 9.7146816348873810e-01 8.6994332848533418e-09 9.7146816876900632e-01 9.7146816348873810e-01 5.2802682226626985e-09 1.9429363409571776e+00 1.9429363269774762e+00 1.3979701396493738e-08
1152 5.6225585937500000e-01 9.7117417040989040e-01 9.7117416171309834e-01 8.6967920642777585e-09 9.7117416699180703e-01 9.7117416171309834e-01 5.2787086923800075e-09 1.9423483374016974e+00 1.9423483234261967e+00 1.3975500756657766e-08
1153 5.6274414062500000e-01 9.7087788336502590e-01 9.7087787467084419e-01 8.6941817079022599e-09 9.7087787994772101e-01 9.7087787467084419e-01 5.2768768243893760e-09 1.9417557633127469e+00 1.9417557493416884e+00 1.3971058532291636e-08
1154 5.6323242187500000e-01 9.7057931175073664e-01 9.7057930305916795e-01 8.6915686869915021e-09 9.7057930833411066e-01 9.7057930305916795e-01 5.2749427048581765e-09 1.9411586200848472e+00 1.9411586061183359e+00 1.3966511280827376e-08
1155 5.6372070312500000e-01 9.7027845626957610e-01 9.7027844758063753e-01 8.6889385686461651e-09 9.7027845285361591e-01 9.7027844758063753e-01 5.2729783872607072e-09 1.9405569091231920e+00 1.9405568951612751e+00 1.3961916955906872e-08
1156 5.6420898437500000e-01 9.6997531762946820e-01 9.6997530894319461e-01 8.6862735892978549e-09 9.6997531421426630e-01 9.6997530894319461e-01 5.2710716902382160e-09 1.9399506318437345e+00 1.9399506178863892e+00 1.3957345279536071e-08
1157 5.6469726562500000e-01 9.6966989654374236e-01 9.6966988786015373e-01 8.6835886259351014e-09 9.6966989312931828e-01 9.6966988786015373e-01 5.2691645491265149e-09 1.9393397896730606e+00 1.9393397757203075e+00 1.3952753175061616e-08
1158 5.6518554687500000e-01 9.6936219373105292e-01 9.6936218505020055e-01 8.6808523702686102e-09 9.6936219031759208e-01 9.6936218505020055e-01 5.2673915229561885e-09 1.9387243840486450e+00 1.9387243701004011e+00 1.3948243893224799e-08
1159 5.6567382812500000e-01 9.6905220991545005e-01 9.6905220123738911e-01 8.6780609365177952e-09 9.6905220650316315e-01 9.6905220123738911e-01 5.2657740390316121e-09 1.9381044164186132e+00 1.9381044024747782e+00 1.3943834975549407e-08
1160 5.6616210937500000e-01 9.6873994582637968e-01 9.6873993715114148e-01 8.6752381944776857e-09 9.6873994241534556e-01 9.6873993715114148e-01 5.2642040726524897e-09 1.9374798882417252e+00 1.9374798743022830e+00 1.3939442267130175e-08
1161 5.6665039062500000e-01 9.6842540219865592e-01 9.6842539352624513e-01 8.6724107895008729e-09 9.6842539878878930e-01 9.6842539352624513e-01 5.2625441782083726e-09 1.9368508009874452e+00 1.9368507870524903e+00 1.3934954967709245e-08
1162 5.6713867187500000e-01 9.6810857977242026e-01 9.6810857110285164e-01 8.6695686185578325e-09 9.6810857636369174e-01 9.6810857110285164e-01 5.2608400968878755e-09 1.9362171561361121e+00 1.9362171422057033e+00 1.3930408826468010e-08
1163 5.6762695312500000e-01 9.6778947929320036e-01 9.6778947062647469e-01 8.6667256704586748e-09 9.6778947588550124e-01 9.6778947062647469e-01 5.2590265475771503e-09 1.9355789551787015e+00 1.9355789412529494e+00 1.3925752107013523e-08
1164 5.6811523437500000e-01 9.6746810151184315e-01 9.6746809284798863e-01 8.6638545226946917e-09 9.6746809810523471e-01 9.6746809284798863e-01 5.2572460829125589e-09 1.9349361996170780e+00 1.9349361856959773e+00 1.3921100716629553e-08
1165 5.6860351562500000e-01 9.6714444718457326e-01 9.6714443852362630e-01 8.6609469596155009e-09 9.6714444377914788e-01 9.6714443852362630e-01 5.2555215734884086e-09 1.9342888909637210e+00 1.9342888770472526e+00 1.3916468422081607e-08
1166 5.6909179687500000e-01 9.6681851707298394e-01 9.6681850841497785e-01 8.6580060898455713e-09 9.6681851366883709e-01 9.6681850841497785e-01 5.2538592365536374e-09 1.9336370307418211e+00 1.9336370168299557e+00 1.3911865437421511e-08
1167 5.6958007812500000e-01 9.6649031194403545e-01 9.6649030328898800e-01 8.6550474565072477e-09 9.6649030854115348e-01 9.6649030328898800e-01 5.2521654803072693e-09 1.9329806204851889e+00 1.9329806065779760e+00 1.3907212936814517e-08
1168 5.7006835937500000e-01 9.6615983257006077e-01 9.6615982391795530e-01 8.6521054765142935e-09 9.6615982916823262e-01 9.6615982391795530e-01 5.2502773240092893e-09 1.9323196617382934e+00 1.9323196478359106e+00 1.3902382800523583e-08
1169 5.7055664062500000e-01 9.6582707972870663e-01 9.6582707107952948e-01 8.6491771522645422e-09 9.6582707632774001e-01 9.6582707107952948e-01 5.2482105328266471e-09 1.9316541560564466e+00 1.9316541421590590e+00 1.3897387685091189e-08
1170 5.7104492187500000e-01 9.6549205420294260e-01 9.6549204555671031e-01 8.6462322856917240e-09 9.6549205080282507e-01 9.6549204555671031e-01 5.2461147648230622e-09 1.9309841050057677e+00 1.9309840911134206e+00 1.3892347050514786e-08
1171 5.7153320312500000e-01 9.6515475678110174e-01 9.6515474813784496e-01 8.6432567769634261e-09 9.6515475338190004e-01 9.6515474813784496e-01 5.2440550790677776e-09 1.9303095101630019e+00 1.9303094962756899e+00 1.3887311967053506e-08
1172 5.7202148437500000e-01 9.6481518825688883e-01 9.6481517961662722e-01 8.6402616172875923e-09 9.6481518485861384e-01 9.6481517961662722e-01 5.2419866225505984e-09 1.9296303731155027e+00 1.9296303592332544e+00 1.3882248239838191e-08
1173 5.7250976562500000e-01 9.6447334942931551e-01 9.6447334079209412e-01 8.6372213825569588e-09 9.6447334603211921e-01 9.6447334079209412e-01 5.2400250805106907e-09 1.9289466954614347e+00 1.9289466815841882e+00 1.3877246463067650e-08
1174 5.7299804687500000e-01 9.6412924110275278e-01 9.6412923246862592e-01 8.6341268579204211e-09 9.6412923770684444e-01 9.6412923246862592e-01 5.2382185256050207e-09 1.9282584788095973e+00 1.9282584649372518e+00 1.3872345494547744e-08
1175 5.7348632812500000e-01 9.6378286408692893e-01 9.6378285545594233e-01 8.6309865920952689e-09 9.6378286069246855e-01 9.6378285545594233e-01 5.2365262126485845e-09 1.9275657247793974e+00 1.9275657109118847e+00 1.3867512693721551e-08
1176 5.7397460937500000e-01 9.6343421919694061e-01 9.6343421056910217e-01 8.6278384436866418e-09 9.6343421580386579e-01 9.6343421056910217e-01 5.2347636225746896e-09 1.9268684350008063e+00 1.9268684211382043e+00 1.3862601955239029e-08
1177 5.7446289062500000e-01 9.6308330725318492e-01 9.6308329862850051e-01 8.6246844110959842e-09 9.6308330386141494e-01 9.6308329862850051e-01 5.2329144351048740e-09 1.9261666111145999e+00 1.9261665972570010e+00 1.3857598846200858e-08
1178 5.7495117187500000e-01 9.6273012908141953e-01 9.6273012045986706e-01 8.6215524719435166e-09 9.6273012569070837e-01 9.6273012045986706e-01 5.2308413156509914e-09 1.9254602547721280e+00 1.9254602409197341e+00 1.3852393898616810e-08
1179 5.7543945312500000e-01 9.6237468551269334e-01 9.6237467689426393e-01 8.6184294145752460e-09 9.6237468212287947e-01 9.6237467689426393e-01 5.2286155405312229e-09 1.9247493676355729e+00 1.9247493537885279e+00 1.3847045066128771e-08
1180 5.7592773437500000e-01 9.6201697738336056e-01 9.6201696876808451e-01 8.6152760481184032e-09 9.6201697399450858e-01 9.6201696876808451e-01 5.2264240713029153e-09 1.9240339513778690e+00 1.9240339375361690e+00 1.3841700008399016e-08
1181 5.7641601562500000e-01 9.6165700553510969e-01 9.6165699692305040e-01 8.6120592879268543e-09 9.6165700214748895e-01 9.6165699692305040e-01 5.2244385484456757e-09 1.9233140076825985e+00 1.9233139938461008e+00 1.3836497725350227e-08
1182 5.7690429687500000e-01 9.6129477081497627e-01 9.6129476220621002e-01 8.6087662554135136e-09 9.6129476742893016e-01 9.6129476220621002e-01 5.2227201452481609e-09 1.9225895382439064e+00 1.9225895244124200e+00 1.3831486400661674e-08
1183 5.7739257812500000e-01 9.6093027407534004e-01 9.6093026546993687e-01 8.6054031678273191e-09 9.6093027069117343e-01 9.6093026546993687e-01 5.2212365542203543e-09 1.9218605447665134e+00 1.9218605309398737e+00 1.3826639611025371e-08
1184 5.7788085937500000e-01 9.6056351617392066e-01 9.6056350757192677e-01 8.6019938949633001e-09 9.6056351279178953e-01 9.6056350757192677e-01 5.2198627642496831e-09 1.9211270289657101e+00 1.9211270151438535e+00 1.3821856548190681e-08
1185 5.7836914062500000e-01 9.6019449797376766e-01 9.6019448937519680e-01 8.5985708553337759e-09 9.6019449459364647e-01 9.6019448937519680e-01 5.2184496723839402e-09 1.9203889925674140e+00 1.9203889787503936e+00 1.3817020416695414e-08
1186 5.7885742187500000e-01 9.5982322034322298e-01 9.5982321174808205e-01 8.5951409323214989e-09 9.5982321696504191e-01 9.5982321174808205e-01 5.2169598641071957e-09 1.9196464373082649e+00 1.9196464234961641e+00 1.3812100796428695e-08
1187 5.7934570312500000e-01 9.5944968415591314e-01 9.5944967556423488e-01 8.5916782577299955e-09 9.5944968077975223e-01 9.5944967556423488e-01 5.2155173513313002e-09 1.9188993649356654e+00 1.9188993511284698e+00 1.3807195609061296e-08
1188 5.7983398437500000e-01 9.5907389029080137e-01 9.5907388170262187e-01 8.5881795008901918e-09 9.5907388691676188e-01 9.5907388170262187e-01 5.2141400086469503e-09 1.9181477772075632e+00 1.9181477634052437e+00 1.3802319509537142e-08
1189 5.8032226562500000e-01 9.5869583963220806e-01 9.5869583104752243e-01 8.5846856290316964e-09 9.5869583626015220e-01 9.5869583104752243e-01 5.2126297722665527e-09 1.9173916758923601e+00 1.9173916620950449e+00 1.3797315290275947e-08
1190 5.8081054687500000e-01 9.5831553306972972e-01 9.5831552448852597e-01 8.5812037475818670e-09 9.5831552969947098e-01 9.5831552448852597e-01 5.2109450088266840e-09 1.9166310627692007e+00 1.9166310489770519e+00 1.3792148756408551e-08
1191 5.8129882812500000e-01 9.5793297149827239e-01 9.5793296292053098e-01 8.5777414060572710e-09 9.5793296812957496e-01 9.5793296292053098e-01 5.2090439739416183e-09 1.9158659396278472e+00 1.9158659258410620e+00 1.3786785268976587e-08
1192 5.8178710937500000e-01 9.5754815581804165e-01 9.5754814724374149e-01 8.5743001587701428e-09 9.5754815245067215e-01 9.5754814724374149e-01 5.2069306644142443e-09 1.9150963082687138e+00 1.9150962944874830e+00 1.3781230823184387e-08
1193 5.8227539062500000e-01 9.5716108693452917e-01 9.5716107836366604e-01 8.5708631303305083e-09 9.5716108356834406e-01 9.5716107836366604e-01 5.2046780218972799e-09 1.9143221705028732e+00 1.9143221567273321e+00 1.3775541152227788e-08
1194 5.8276367187500000e-01 9.5677176575852285e-01 9.5677175719111518e-01 8.5674076721886649e-09 9.5677176239352568e-01 9.5677175719111518e-01 5.2024105023917855e-09 1.9135435281520485e+00 1.9135435143822304e+00 1.3769818174580450e-08
1195 5.8325195312500000e-01 9.5638019320609080e-01 9.5638018464219898e-01 8.5638918179142820e-09 9.5638018984252704e-01 9.5638018464219898e-01 5.2003280570644961e-09 1.9127603830486177e+00 1.9127603692843980e+00 1.3764219763956476e-08
1196 5.8374023437500000e-01 9.5598637019863275e-01 9.5598636163832584e-01 8.5603069077677674e-09 9.5598636683680693e-01 9.5598636163832584e-01 5.1984810900407297e-09 1.9119727370354398e+00 1.9119727232766517e+00 1.3758788108830800e-08
1197 5.8422851562500000e-01 9.5559029766289372e-01 9.5559028910619903e-01 8.5566946861348470e-09 9.5559029430285747e-01 9.5559028910619903e-01 5.1966584369012025e-09 1.9111805919657512e+00 1.9111805782123981e+00 1.3753353123036050e-08
1198 5.8471679687500000e-01 9.5519197653089449e-01 9.5519196797781558e-01 8.5530789117882478e-09 9.5519197317255233e-01 9.5519196797781558e-01 5.1947367518678789e-09 1.9103839497034469e+00 1.9103839359556312e+00 1.3747815774678429e-08
1199 5.8520507812500000e-01 9.5479140773994009e-01 9.5479139919046363e-01 8.5494764601179440e-09 9.5479140438310550e-01 9.5479139919046363e-01 5.1926418720427137e-09 1.9095828121230456e+00 1.9095827983809273e+00 1.3742118332160658e-08
1200 5.8569335937500000e-01 9.5438859223261485e-01 9.5438858368672008e-01 8.5458947696182008e-09 9.5438858887705791e-01 9.5438858368672008e-01 5.1903378261997091e-09 1.9087771811096728e+00 1.9087771673734402e+00 1.3736232595817910e-08
1201 5.8618164062500000e-01 9.5398353095677624e-01 9.5398352241444895e-01 8.5423272899731728e-09 9.5398352760230110e-01 9.5398352241444895e-01 5.1878521478698758e-09 1.9079670585590773e+00 1.9079670448288979e+00 1.3730179437843049e-08
1202 5.8666992187500000e-01 9.5357622486555049e-01 9.5357621632679845e-01 8.5387520387669724e-09 9.5357622151208910e-01 9.5357621632679845e-01 5.1852906413074606e-09 1.9071524463776397e+00 1.9071524326535969e+00 1.3724042791096736e-08
1203 5.8715820312500000e-01 9.5316667491738338e-01 9.5316666638219893e-01 8.5351844480996419e-09 9.5316667156478097e-01 9.5316666638219893e-01 5.1825820301942827e-09 1.9063333464821643e+00 1.9063333327643979e+00 1.3717766478293925e-08
1204 5.8764648437500000e-01 9.5275488207598136e-01 9.5275487354436117e-01 8.5316201881013853e-09 9.5275487872411324e-01 9.5275487354436117e-01 5.1797520717045131e-09 1.9055097608000946e+00 1.9055097470887223e+00 1.3711372259805898e-08
1205 5.8813476562500000e-01 9.5234084731028645e-01 9.5234083878227360e-01 8.5280128514497733e-09 9.5234084395929586e-01 9.5234083878227360e-01 5.1770222553315648e-09 1.9046816912695823e+00 1.9046816775645472e+00 1.3705035106781338e-08
1206 5.8862304687500000e-01 9.5192457159455979e-01 9.5192456307019990e-01 8.5243598846318491e-09 9.5192456824460003e-01 9.5192456307019990e-01 5.1744001305920051e-09 1.9038491398391599e+00 1.9038491261403998e+00 1.3698760126246157e-08
1207 5.8911132812500000e-01 9.5150605590835047e-01 9.5150604738767697e-01 8.5206735001008838e-09 9.5150605255950838e-01 9.5150604738767697e-01 5.1718314075799299e-09 1.9030121084678588e+00 1.9030120947753539e+00 1.3692504907680814e-08
1208 5.8959960937500000e-01 9.5108530123648183e-01 9.5108529271951270e-01 8.5169691299569195e-09 9.5108529788876128e-01 9.5108529271951270e-01 5.1692485847354419e-09 1.9021705991252431e+00 1.9021705854390254e+00 1.3686217714692361e-08
1209 5.9008789062500000e-01 9.5066230856901013e-01 9.5066230005578334e-01 8.5132267901855130e-09 9.5066230522251671e-01 9.5066230005578334e-01 5.1667333744731536e-09 1.9013246137915267e+00 1.9013246001115667e+00 1.3679960053636364e-08
1210 5.9057617187500000e-01 9.5023707890128684e-01 9.5023707039183181e-01 8.5094550295039539e-09 9.5023707555609249e-01 9.5023707039183181e-01 5.1642606857527085e-09 1.9004741544573793e+00 1.9004741407836636e+00 1.3673715715256662e-08
1211 5.9106445312500000e-01 9.4980961323390056e-01 9.4980960472826415e-01 8.5056364174107557e-09 9.4980960989016938e-01 9.4980960472826415e-01 5.1619052365836637e-09 1.8996192231240698e+00 1.8996192094565283e+00 1.3667541542972117e-08
1212 5.9155273437500000e-01 9.4937991257273391e-01 9.4937990407094874e-01 8.5017851647606335e-09 9.4937990923054960e-01 9.4937990407094874e-01 5.1596008576737518e-09 1.8987598218032835e+00 1.8987598081418975e+00 1.3661386022434385e-08
1213 5.9204101562500000e-01 9.4894797792889640e-01 9.4894796943101256e-01 8.4978838410521007e-09 9.4894797458844382e-01 9.4894796943101256e-01 5.1574312598390293e-09 1.8978959525173402e+00 1.8978959388620251e+00 1.3655315100891130e-08
1214 5.9252929687500000e-01 9.4851381031878779e-01 9.4851380182483958e-01 8.4939482114521070e-09 9.4851380698016563e-01 9.4851380182483958e-01 5.1553260549397351e-09 1.8970276172989533e+00 1.8970276036496792e+00 1.3649274155369540e-08
1215 5.9301757812500000e-01 9.4807741076409024e-01 9.4807740227406800e-01 8.4900222407924275e-09 9.4807740742712721e-01 9.4807740227406800e-01 5.1530592015680554e-09 1.8961548181912176e+00 1.8961548045481360e+00 1.3643081553382785e-08
1216 5.9350585937500000e-01 9.4763878029169890e-01 9.4763877180558831e-01 8.4861105920097657e-09 9.4763877695618481e-01 9.4763877180558831e-01 5.1505965048548319e-09 1.8952775572478837e+00 1.8952775436111766e+00 1.3636707096864598e-08
1217 5.9399414062500000e-01 9.4719791993378921e-01 9.4719791145154020e-01 8.4822490142855145e-09 9.4719791659932095e-01 9.4719791145154020e-01 5.1477807572197776e-09 1.8943958365331102e+00 1.8943958229030804e+00 1.3630029771505292e-08
1218 5.9448242187500000e-01 9.4675483072773658e-01 9.4675482224931073e-01 8.4784258502779153e-09 9.4675482739396977e-01 9.4675482224931073e-01 5.1446590321191366e-09 1.8935096581217064e+00 1.8935096444986215e+00 1.3623084882397052e-08
1219 5.9497070312500000e-01 9.4630951371612293e-01 9.4630950524153168e-01 8.4745912509731625e-09 9.4630951038300837e-01 9.4630950524153168e-01 5.1414766888413510e-09 1.8926190240991314e+00 1.8926190104830634e+00 1.3616068050836816e-08
1220 5.9545898437500000e-01 9.4586196994679750e-01 9.4586196147607693e-01 8.4707205694201093e-09 9.4586196661444133e-01 9.4586196147607693e-01 5.1383644006364193e-09 1.8917239365612388e+00 1.8917239229521539e+00 1.3609084970056529e-08
1221 5.9594726562500000e-01 9.4541220047285823e-01 9.4541219200606008e-01 8.4667981514741086e-09 9.4541219714145630e-01 9.4541219200606008e-01 5.1353962193800839e-09 1.8908243976143146e+00 1.8908243840121202e+00 1.3602194481876495e-08
1222 5.9643554687500000e-01 9.4496020635265321e-01 9.4496019788983221e-01 8.4628209995329939e-09 9.4496020302243056e-01 9.4496019788983221e-01 5.1325983463357261e-09 1.8899204093750837e+00 1.8899203957796644e+00 1.3595419234846418e-08
1223 5.9692382812500000e-01 9.4450598864977031e-01 9.4450598019097931e-01 8.4587910009759071e-09 9.4450598532093288e-01 9.4450598019097931e-01 5.1299535730464640e-09 1.8890119739707032e+00 1.8890119603819586e+00 1.3588744574022371e-08
1224 5.9741210937500000e-01 9.4404954843304789e-01 9.4404953997831931e-01 8.4547285839065012e-09 9.4404954510567118e-01 9.4404953997831931e-01 5.1273518764105575e-09 1.8880990935387190e+00 1.8880990799566386e+00 1.3582080349294756e-08
1225 5.9790039062500000e-01 9.4359088677655767e-01 9.4359087832590016e-01 8.4506575070975032e-09 9.4359088345058728e-01 9.4359087832590016e-01 5.1246871191068522e-09 1.8871817702271450e+00 1.8871817566518003e+00 1.3575344626204355e-08
1226 5.9838867187500000e-01 9.4313000475955000e-01 9.4312999631299688e-01 8.4465531235977664e-09 9.4313000143507042e-01 9.4312999631299688e-01 5.1220735430845821e-09 1.8862600061946204e+00 1.8862599926259938e+00 1.3568626666682349e-08
1227 5.9887695312500000e-01 9.4266690346651738e-01 9.4266689502410972e-01 8.4424076618461186e-09 9.4266690014366350e-01 9.4266689502410972e-01 5.1195537809078928e-09 1.8853338036101808e+00 1.8853337900482194e+00 1.3561961331731709e-08
1228 5.9936523437500000e-01 9.4220158398718334e-01 9.4220157554896045e-01 8.4382228981993990e-09 9.4220158066608062e-01 9.4220157554896045e-01 5.1171201720379145e-09 1.8844031646532640e+00 1.8844031510979209e+00 1.3555343070237313e-08
1229 5.9985351562500000e-01 9.4173404741649569e-01 9.4173403898249097e-01 8.4340047168396381e-09 9.4173404409722317e-01 9.4173403898249097e-01 5.1147321933342482e-09 1.8834680915137190e+00 1.8834680779649819e+00 1.3548737021196189e-08
1230 6.0034179687500000e-01 9.4126429485461949e-01 9.4126428642485960e-01 8.4297598901272863e-09 9.4126429153723035e-01 9.4126428642485960e-01 5.1123707489608705e-09 1.8825285863918499e+00 1.8825285728497192e+00 1.3542130750110459e-08
1231 6.0083007812500000e-01 9.4079232740692609e-01 9.4079231898143989e-01 8.4254861976162942e-09 9.4079232409148139e-01 9.4079231898143989e-01 5.1100415010552069e-09 1.8815846514984074e+00 1.8815846379628798e+00 1.3535527587649199e-08
1232 6.0131835937500000e-01 9.4031814618402321e-01 9.4031813776281670e-01 8.4212065099009692e-09 9.4031814287045024e-01 9.4031813776281670e-01 5.1076335383370974e-09 1.8806362890544734e+00 1.8806362755256334e+00 1.3528840048238067e-08
1233 6.0180664062500000e-01 9.3984175230171163e-01 9.3984174388478414e-01 8.4169274883194589e-09 9.3984174898988593e-01 9.3984174388478414e-01 5.1051017857517422e-09 1.8796835012915976e+00 1.8796834877695683e+00 1.3522029274071201e-08
1234 6.0229492187500000e-01 9.3936314688099154e-01 9.3936313846834318e-01 8.4126483557156462e-09 9.3936314357080253e-01 9.3936313846834318e-01 5.1024593439308319e-09 1.8787262904517941e+00 1.8787262769366864e+00 1.3515107699646478e-08
1235 6.0278320312500000e-01 9.3888233104806540e-01 9.3888232263969851e-01 8.4083668916434817e-09 9.3888232773941838e-01 9.3888232263969851e-01 5.0997198686175693e-09 1.8777646587874837e+00 1.8777646452793970e+00 1.3508086649238749e-08
1236 6.0327148437500000e-01 9.3839930593432364e-01 9.3839929753025619e-01 8.4040674419583183e-09 9.3839930262721827e-01 9.3839929753025619e-01 5.0969620746244004e-09 1.8767986085615420e+00 1.8767985950605124e+00 1.3501029627605021e-08
1237 6.0375976562500000e-01 9.3791407267636651e-01 9.3791406427662094e-01 8.3997455657680575e-09 9.3791406937082167e-01 9.3791406427662094e-01 5.0942007279175527e-09 1.8758281420471881e+00 1.8758281285532419e+00 1.3493946182663308e-08
1238 6.0424804687500000e-01 9.3742663241600044e-01 9.3742662402059351e-01 8.3954069252101249e-09 9.3742662911201102e-01 9.3742662402059351e-01 5.0914175098171199e-09 1.8748532615280116e+00 1.8748532480411870e+00 1.3486824546049547e-08
1239 6.0473632812500000e-01 9.3693698630019218e-01 9.3693697790916808e-01 8.3910240977758122e-09 9.3693698299790751e-01 9.3693697790916808e-01 5.0887394298371191e-09 1.8738739692980997e+00 1.8738739558183362e+00 1.3479763527612931e-08
1240 6.0522460937500000e-01 9.3644513548111041e-01 9.3644512709452898e-01 8.3865814293204721e-09 9.3644513218078185e-01 9.3644512709452898e-01 5.0862528633288662e-09 1.8728902676618921e+00 1.8728902541890580e+00 1.3472834181627036e-08
1241 6.0571289062500000e-01 9.3595108111612291e-01 9.3595107273404876e-01 8.3820741458850989e-09 9.3595107781802800e-01 9.3595107273404876e-01 5.0839792375967363e-09 1.8719021589341509e+00 1.8719021454680975e+00 1.3466053383481835e-08
1242 6.0620117187500000e-01 9.3545482436779992e-01 9.3545481599028524e-01 8.3775146819675683e-09 9.3545482107213462e-01 9.3545481599028524e-01 5.0818493857462954e-09 1.8709096454399345e+00 1.8709096319805705e+00 1.3459364067713864e-08
1243 6.0668945312500000e-01 9.3495636640389856e-01 9.3495635803097832e-01 8.3729202460247620e-09 9.3495636311076380e-01 9.3495635803097832e-01 5.0797854811435172e-09 1.8699127295146623e+00 1.8699127160619566e+00 1.3452705616145977e-08
1244 6.0717773437500000e-01 9.3445570839736913e-01 9.3445570002904754e-01 8.3683215912344622e-09 9.3445570510668097e-01 9.3445570002904754e-01 5.0776334248325838e-09 1.8689114135040501e+00 1.8689114000580951e+00 1.3445955016067046e-08
1245 6.0766601562500000e-01 9.3395285152632790e-01 9.3395284316258997e-01 8.3637379244549948e-09 9.3395284823787328e-01 9.3395284316258997e-01 5.0752833047340573e-09 1.8679056997642012e+00 1.8679056863251799e+00 1.3439021229189052e-08
1246 6.0815429687500000e-01 9.3344779697404201e-01 9.3344778861487610e-01 8.3591659150172859e-09 9.3344779368764652e-01 9.3344778861487610e-01 5.0727704259401207e-09 1.8668955906616884e+00 1.8668955772297522e+00 1.3431936229935104e-08
1247 6.0864257812500000e-01 9.3294054592895881e-01 9.3294053757434803e-01 8.3546107809695513e-09 9.3294054264440740e-01 9.3294053757434803e-01 5.0700593723362886e-09 1.8658810885733663e+00 1.8658810751486961e+00 1.3424670264328142e-08
1248 6.0913085937500000e-01 9.3243109958467796e-01 9.3243109123461665e-01 8.3500613090592424e-09 9.3243109630182186e-01 9.3243109123461665e-01 5.0672052109845822e-09 1.8648621958864999e+00 1.8648621824692333e+00 1.3417266631066127e-08
1249 6.0961914062500000e-01 9.3191945913996233e-01 9.3191945079445837e-01 8.3455039545654586e-09 9.3191945585874536e-01 9.3191945079445837e-01 5.0642869897643550e-09 1.8638389149987078e+00 1.8638389015889167e+00 1.3409791055352116e-08
1250 6.1010742187500000e-01 9.3140562579874364e-01 9.3140561745781236e-01 8.3409312789939349e-09 9.3140562251914316e-01 9.3140561745781236e-01 5.0613307989166856e-09 1.8628112483178869e+00 1.8628112349156247e+00 1.3402262188932923e-08
1251 6.1059570312500000e-01 9.3088960077012084e-01 9.3088959243377833e-01 8.3363425051885542e-09 9.3088959749212952e-01 9.3088959243377833e-01 5.0583511823631966e-09 1.8617791982622505e+00 1.8617791848675567e+00 1.3394693798574053e-08
1252 6.1108398437500000e-01 9.3037138526836549e-01 9.3037137693661298e-01 8.3317525101378465e-09 9.3037138199187619e-01 9.3037137693661298e-01 5.0552632080425042e-09 1.8607427672602417e+00 1.8607427538732260e+00 1.3387015718180351e-08
1253 6.1157226562500000e-01 9.2985098051286508e-01 9.2985097218572732e-01 8.3271377571136895e-09 9.2985097723792454e-01 9.2985097218572732e-01 5.0521972161376993e-09 1.8597019577507896e+00 1.8597019443714546e+00 1.3379334973251389e-08
1254 6.1206054687500000e-01 9.2932838772817261e-01 9.2932837940568402e-01 8.3224885871757692e-09 9.2932838445487354e-01 9.2932837940568402e-01 5.0491895109416873e-09 1.8586567721830463e+00 1.8586567588113680e+00 1.3371678209139759e-08
1255 6.1254882812500000e-01 9.2880360814399943e-01 9.2880359982619443e-01 8.3178050003240855e-09 9.2880360487244151e-01 9.2880359982619443e-01 5.0462470868595233e-09 1.8576072130164409e+00 1.8576071996523889e+00 1.3364052087183609e-08
1256 6.1303710937500000e-01 9.2827664299520496e-01 9.2827663468211552e-01 8.3130894390492927e-09 9.2827663972547192e-01 9.2827663468211552e-01 5.0433563991703068e-09 1.8565532827206770e+00 1.8565532693642310e+00 1.3356445949241902e-08
1257 6.1352539062500000e-01 9.2774749352175290e-01 9.2774748521344741e-01 8.3083054880361829e-09 9.2774749025414249e-01 9.2774748521344741e-01 5.0406950835579778e-09 1.8554949837758954e+00 1.8554949704268948e+00 1.3349000571594161e-08
1258 6.1401367187500000e-01 9.2721616096878212e-01 9.2721615266532964e-01 8.3034524811509414e-09 9.2721615770359689e-01 9.2721615266532964e-01 5.0382672478477275e-09 1.8544323186723790e+00 1.8544323053306593e+00 1.3341719728998669e-08
1259 6.1450195312500000e-01 9.2668264658656785e-01 9.2668263828803887e-01 8.2985289751036362e-09 9.2668264332412331e-01 9.2668263828803887e-01 5.0360844383590120e-09 1.8533652899106912e+00 1.8533652765760777e+00 1.3334613413462648e-08
1260 6.1499023437500000e-01 9.2614695163053773e-01 9.2614694333698655e-01 8.2935511791504268e-09 9.2614694837104938e-01 9.2614694333698655e-01 5.0340628332534720e-09 1.8522939000015870e+00 1.8522938866739731e+00 1.3327613901381596e-08
1261 6.1547851562500000e-01 9.2560907736122033e-01 9.2560906907271412e-01 8.2885062147042277e-09 9.2560907410498483e-01 9.2560906907271412e-01 5.0322707112471221e-09 1.8512181514662052e+00 1.8512181381454282e+00 1.3320776925951350e-08
1262 6.1596679687500000e-01 9.2506902504429034e-01 9.2506901676089193e-01 8.2833984116348347e-09 9.2506902179157646e-01 9.2506901676089193e-01 5.0306845356118401e-09 1.8501380468358668e+00 1.8501380335217839e+00 1.3314082947246675e-08
1263 6.1645507812500000e-01 9.2452679595057352e-01 9.2452678767231511e-01 8.2782584120977276e-09 9.2452679270147053e-01 9.2452678767231511e-01 5.0291554254400239e-09 1.8490535886520441e+00 1.8490535753446302e+00 1.3307413837537752e-08
1264 6.1694335937500000e-01 9.2398239135604943e-01 9.2398238308290115e-01 8.2731482775599829e-09 9.2398238811026701e-01 9.2398238308290115e-01 5.0273658569466306e-09 1.8479647794663165e+00 1.8479647661658023e+00 1.3300514245528916e-08
1265 6.1743164062500000e-01 9.2343581254179208e-01 9.2343580427368666e-01 8.2681054225375306e-09 9.2343580929881774e-01 9.2343580427368666e-01 5.0251310890203627e-09 1.8468716218406098e+00 1.8468716085473733e+00 1.3293236511557893e-08
1266 6.1791992187500000e-01 9.2288706079395710e-01 9.2288705253082426e-01 8.2631328446325369e-09 9.2288705755325351e-01 9.2288705253082426e-01 5.0224292502676349e-09 1.8457741183472107e+00 1.8457741050616485e+00 1.3285562205922474e-08
1267 6.1840820312500000e-01 9.2233613740379394e-01 9.2233612914557994e-01 8.2582140015219352e-09 9.2233613416493720e-01 9.2233612914557994e-01 5.0193572631584971e-09 1.8446722715687311e+00 1.8446722582911599e+00 1.3277571264680432e-08
1268 6.1889648437500000e-01 9.2178304366764330e-01 9.2178303541432971e-01 8.2533135881135422e-09 9.2178304043041215e-01 9.2178303541432971e-01 5.0160824383027602e-09 1.8435660840980554e+00 1.8435660708286594e+00 1.3269396026416302e-08
1269 6.1938476562500000e-01 9.2122778088699941e-01 9.2122777263855637e-01 8.2484430397045116e-09 9.2122777765110586e-01 9.2122777263855637e-01 5.0125494865937981e-09 1.8424555585381053e+00 1.8424555452771127e+00 1.3260992526298310e-08
1270 6.1987304687500000e-01 9.2067035036845313e-01 9.2067034212484689e-01 8.2436062420754297e-09 9.2067034713359552e-01 9.2067034212484689e-01 5.0087486380689938e-09 1.8413406975020488e+00 1.8413406842496938e+00 1.3252354991166726e-08
1271 6.2036132812500000e-01 9.2011075342367965e-01 9.2011074518488911e-01 8.2387905386838156e-09 9.2011075018961985e-01 9.2011074518488911e-01 5.0047307409428754e-09 1.8402215036132996e+00 1.8402214903697782e+00 1.3243521390648993e-08
1272 6.2084960937500000e-01 9.1954899136944268e-01 9.1954898313546873e-01 8.2339739471137818e-09 9.1954898813607944e-01 9.1954898313546873e-01 5.0006107032984914e-09 1.8390979795055222e+00 1.8390979662709375e+00 1.3234584761434576e-08
1273 6.2133789062500000e-01 9.1898506552758263e-01 9.1898505729846625e-01 8.2291163883141394e-09 9.1898506229505483e-01 9.1898505729846625e-01 4.9965885873248794e-09 1.8379701278226375e+00 1.8379701145969325e+00 1.3225704975639019e-08
1274 6.2182617187500000e-01 9.1841897722505583e-01 9.1841896900085329e-01 8.2242025412071484e-09 9.1841897399358563e-01 9.1841896900085329e-01 4.9927323386711464e-09 1.8368379512186415e+00 1.8368379380017066e+00 1.3216934879878295e-08
1275 6.2231445312500000e-01 9.1785072779391819e-01 9.1785071957469067e-01 8.2192275208115007e-09 9.1785072456376637e-01 9.1785071957469067e-01 4.9890757081172410e-09 1.8357014523576844e+00 1.8357014391493813e+00 1.3208303117906439e-08
1276 6.2280273437500000e-01 9.1728031857131187e-01 9.1728031035712398e-01 8.2141878854358197e-09 9.1728031534274956e-01 9.1728031035712398e-01 4.9856255790459159e-09 1.8345606339140614e+00 1.8345606207142480e+00 1.3199813464481736e-08
1277 6.2329101562500000e-01 9.1670775089947198e-01 9.1670774269038113e-01 8.2090908515297656e-09 9.1670774767273677e-01 9.1670774269038113e-01 4.9823556391714874e-09 1.8334154985722089e+00 1.8334154853807623e+00 1.3191446601723555e-08
1278 6.2377929687500000e-01 9.1613302612572245e-01 9.1613301792176949e-01 8.2039529614164053e-09 9.1613302290094645e-01 9.1613301792176949e-01 4.9791769596296831e-09 1.8322660490266689e+00 1.8322660358435390e+00 1.3183129921046088e-08
1279 6.2426757812500000e-01 9.1555614560245968e-01 9.1555613740367148e-01 8.1987882039058491e-09 9.1555614237968941e-01 9.1555613740367148e-01 4.9760179310354147e-09 1.8311122879821491e+00 1.8311122748073430e+00 1.3174806134941264e-08
1280 6.2475585937500000e-01 9.1497711068714238e-01 9.1497710249354314e-01 8.1935992435333560e-09 9.1497710746641925e-01 9.1497710249354314e-01 4.9728761108980279e-09 1.8299542181535617e+00 1.8299542049870863e+00 1.3166475465453686e-08
1281 6.2524414062500000e-01 9.1439592274231862e-01 9.1439591455390923e-01 8.1884093949824432e-09 9.1439591952353505e-01 9.1439591455390923e-01 4.9696258219711353e-09 1.8287918422658538e+00 1.8287918291078185e+00 1.3158035327975881e-08
1282 6.2573242187500000e-01 9.1381258313559777e-01 9.1381257495236135e-01 8.1832364218215048e-09 9.1381257991854381e-01 9.1381257495236135e-01 4.9661824652602604e-09 1.8276251630541416e+00 1.8276251499047227e+00 1.3149418887081765e-08
1283 6.2622070312500000e-01 9.1322709323965123e-01 9.1322708506155370e-01 8.1780975325074223e-09 9.1322709002401847e-01 9.1322708506155370e-01 4.9624647724400006e-09 1.8264541832636696e+00 1.8264541701231074e+00 1.3140562193925120e-08
1284 6.2670898437500000e-01 9.1263945443218120e-01 9.1263944625920057e-01 8.1729806256092274e-09 9.1263945121773127e-01 9.1263944625920057e-01 4.9585306971522414e-09 1.8252789056499124e+00 1.8252788925184011e+00 1.3131511211739166e-08
1285 6.2719726562500000e-01 9.1204966809590826e-01 9.1204965992807296e-01 8.1678352970016022e-09 9.1204966488269879e-01 9.1204965992807296e-01 4.9546258207300298e-09 1.8240993329786070e+00 1.8240993198561459e+00 1.3122461117731632e-08
1286 6.2768554687500000e-01 9.1145773561862209e-01 9.1145772745599518e-01 8.1626269077261782e-09 9.1145773240693051e-01 9.1145772745599518e-01 4.9509353283738733e-09 1.8229154680255526e+00 1.8229154549119904e+00 1.3113562236100051e-08
1287 6.2817382812500000e-01 9.1086365839319072e-01 9.1086365023584115e-01 8.1573495736009249e-09 9.1086365518331835e-01 9.1086365023584115e-01 4.9474772056967709e-09 1.8217273135765091e+00 1.8217273004716823e+00 1.3104826779297696e-08
1288 6.2866210937500000e-01 9.1026743781756847e-01 9.1026742966553220e-01 8.1520362682496739e-09 9.1026743460962722e-01 9.1026742966553220e-01 4.9440950222745528e-09 1.8205348724271957e+00 1.8205348593310644e+00 1.3096131290524227e-08
1289 6.2915039062500000e-01 9.0966907529475838e-01 9.0966906714803308e-01 8.1467252943667745e-09 9.0966907208862469e-01 9.0966906714803308e-01 4.9405916024980456e-09 1.8193381473833830e+00 1.8193381342960662e+00 1.3087316785842518e-08
1290 6.2963867187500000e-01 9.0906857223277571e-01 9.0906856409134829e-01 8.1414274211155657e-09 9.0906856902826749e-01 9.0906856409134829e-01 4.9369192067771905e-09 1.8181371412610432e+00 1.8181371281826966e+00 1.3078346627892756e-08
1291 6.3012695312500000e-01 9.0846593004462606e-01 9.0846592190851960e-01 8.1361064552254447e-09 9.0846592684176863e-01 9.0846592190851960e-01 4.9332490315023847e-09 1.8169318568863946e+00 1.8169318438170392e+00 1.3069355375705527e-08
1292 6.3061523437500000e-01 9.0786115014839353e-01 9.0786114201762236e-01 8.1307711674583061e-09 9.0786114694716968e-01 9.0786114201762236e-01 4.9295473258936795e-09 1.8157222970955633e+00 1.8157222840352447e+00 1.3060318604374288e-08
1293 6.3110351562500000e-01 9.0725423396714444e-01 9.0725422584176196e-01 8.1253824779636830e-09 9.0725423076777079e-01 9.0725422584176196e-01 4.9260088230695942e-09 1.8145084647349152e+00 1.8145084516835239e+00 1.3051391301033277e-08
1294 6.3159179687500000e-01 9.0664518292900242e-01 9.0664517480907092e-01 8.1199315049573784e-09 9.0664517973173808e-01 9.0664517480907092e-01 4.9226671627877749e-09 1.8132903626607404e+00 1.8132903496181418e+00 1.3042598556722851e-08
1295 6.3208007812500000e-01 9.0603399846712285e-01 9.0603399035270515e-01 8.1144176933278800e-09 9.0603399527224271e-01 9.0603399035270515e-01 4.9195375551036591e-09 1.8120679937393656e+00 1.8120679807054103e+00 1.3033955248431539e-08
1296 6.3256835937500000e-01 9.0542068201967463e-01 9.0542067391084047e-01 8.1088341596924352e-09 9.0542067882748889e-01 9.0542067391084047e-01 4.9166484217266770e-09 1.8108413608471636e+00 1.8108413478216809e+00 1.3025482692441415e-08
1297 6.3305664062500000e-01 9.0480523502988019e-01 9.0480522692667009e-01 8.1032101029165915e-09 9.0480523184052453e-01 9.0480522692667009e-01 4.9138544344629054e-09 1.8096104668704047e+00 1.8096104538533402e+00 1.3017064537379497e-08
1298 6.3354492187500000e-01 9.0418765894595798e-01 9.0418765084840003e-01 8.0975579574982248e-09 9.0418765575948457e-01 9.0418765084840003e-01 4.9110845390387681e-09 1.8083753147054424e+00 1.8083753016968001e+00 1.3008642385514690e-08
1299 6.3403320312500000e-01 9.0356795522114197e-01 9.0356794712924626e-01 8.0918957090503341e-09 9.0356795203750828e-01 9.0356794712924626e-01 4.9082620190432635e-09 1.8071359072586501e+00 1.8071358942584925e+00 1.3000157617071295e-08
1300 6.3452148437500000e-01 9.0294612531365259e-01 9.0294611722743190e-01 8.0862206930376601e-09 9.0294612213282754e-01 9.0294611722743190e-01 4.9053956452382863e-09 1.8058922474464802e+00 1.8058922344548638e+00 1.2991616449298249e-08
1301 6.3500976562500000e-01 9.0232217068674436e-01 9.0232216260618248e-01 8.0805618862811457e-09 9.0232216750853245e-01 9.0232216260618248e-01 4.9023499704148321e-09 1.8046443381952768e+00 1.8046443252123650e+00 1.2982911856695978e-08
1302 6.3549804687500000e-01 9.0169609280860985e-01 9.0169608473372354e-01 8.0748863151569594e-09 9.0169608963299064e-01 9.0169608473372354e-01 4.8992671031200530e-09 1.8033921824416006e+00 1.8033921694674471e+00 1.2974153529299315e-08
1303 6.3598632812500000e-01 9.0106789315245395e-01 9.0106788508327684e-01 8.0691771042751270e-09 9.0106788997952347e-01 9.0106788508327684e-01 4.8962466303592578e-09 1.8021357831319773e+00 1.8021357701665537e+00 1.2965423623612082e-08
1304 6.3647460937500000e-01 9.0043757319647710e-01 9.0043756513305684e-01 8.0634202648255382e-09 9.0043757002641300e-01 9.0043756513305684e-01 4.8933561647146462e-09 1.8008751432228900e+00 1.8008751302661137e+00 1.2956776318517882e-08
1305 6.3696289062500000e-01 8.9980513442387466e-01 8.9980512636626719e-01 8.0576074701355083e-09 8.9980513125690753e-01 8.9980512636626719e-01 4.8906403371518081e-09 1.7996102656807822e+00 1.7996102527325344e+00 1.2948247807287316e-08
1306 6.3745117187500000e-01 8.9917057832286185e-01 8.9917057027109759e-01 8.0517642553346036e-09 8.9917057515907095e-01 8.9917057027109759e-01 4.8879733594020536e-09 1.7983411534819327e+00 1.7983411405421952e+00 1.2939737503714355e-08
1307 6.3793945312500000e-01 8.9853390638661312e-01 8.9853389834071973e-01 8.0458933959803858e-09 8.9853390322606452e-01 8.9853389834071973e-01 4.8853447953689511e-09 1.7970678096126775e+00 1.7970677966814395e+00 1.2931238080327034e-08
1308 6.3842773437500000e-01 8.9789512011330141e-01 8.9789511207328387e-01 8.0400175406225571e-09 8.9789511695591040e-01 8.9789511207328387e-01 4.8826265253154588e-09 1.7957902370692118e+00 1.7957902241465677e+00 1.2922644065938016e-08
1309 6.3891601562500000e-01 8.9725422100605368e-01 8.9725421297191610e-01 8.0341375774395374e-09 8.9725421785174242e-01 8.9725421297191610e-01 4.8798263208027493e-09 1.7945084388577961e+00 1.7945084259438322e+00 1.2913963898242287e-08
1310 6.3940429687500000e-01 8.9661121057299997e-01 8.9661120254471416e-01 8.0282858139213431e-09 8.9661120742149225e-01 8.9661120254471416e-01 4.8767780924663384e-09 1.7932224179944922e+00 1.7932224050894283e+00 1.2905063906387682e-08
1311 6.3989257812500000e-01 8.9596609032721908e-01 8.9596608230474317e-01 8.0224759058111772e-09 8.9596608717816062e-01 8.9596608230474317e-01 4.8734174473707981e-09 1.7919321775053798e+00 1.7919321646094863e+00 1.2895893464204278e-08
1312 6.4038085937500000e-01 8.9531886178671716e-01 8.9531885377003362e-01 8.0166835392248004e-09 8.9531885863990146e-01 8.9531885377003362e-01 4.8698678423164665e-09 1.7906377204266186e+00 1.7906377075400672e+00 1.2886551381541267e-08
1313 6.4086914062500000e-01 8.9466952647449627e-01 8.9466951846357701e-01 8.0109192612809466e-09 8.9466952332965066e-01 8.9466951846357701e-01 4.8660736551298100e-09 1.7893390498041470e+00 1.7893390369271540e+00 1.2876993027433059e-08
1314 6.4135742187500000e-01 8.9401808591852205e-01 8.9401807791332155e-01 8.0052005024811024e-09 8.9401808277527117e-01 8.9401807791332155e-01 4.8619496206825374e-09 1.7880361686937931e+00 1.7880361558266431e+00 1.2867150012141337e-08
1315 6.4184570312500000e-01 8.9336454165167167e-01 8.9336453365217017e-01 7.9995015056510965e-09 8.9336453850979158e-01 8.9336453365217017e-01 4.8576214162210363e-09 1.7867290801614633e+00 1.7867290673043403e+00 1.2857122921872133e-08
1316 6.4233398437500000e-01 8.9270889521179897e-01 8.9270888721797537e-01 7.9938236030585585e-09 8.9270889207105664e-01 8.9270888721797537e-01 4.8530812701841342e-09 1.7854177872828556e+00 1.7854177744359507e+00 1.2846904873242693e-08
1317 6.4282226562500000e-01 8.9205114814171238e-01 8.9205114015353670e-01 7.9881756764876855e-09 8.9205114500182969e-01 8.9205114015353670e-01 4.8482929893012283e-09 1.7841022931435422e+00 1.7841022803070734e+00 1.2836468776811216e-08
1318 6.4331054687500000e-01 8.9139130198910166e-01 8.9139129400659667e-01 7.9825049903448075e-09 8.9139129885010315e-01 8.9139129400659667e-01 4.8435064847751619e-09 1.7827826008392047e+00 1.7827825880131933e+00 1.2826011364097667e-08
1319 6.4379882812500000e-01 8.9072935830661404e-01 8.9072935032983680e-01 7.9767772387384639e-09 8.9072935516874296e-01 8.9072935032983680e-01 4.8389061646503251e-09 1.7814587134753570e+00 1.7814587006596736e+00 1.2815683403388789e-08
1320 6.4428710937500000e-01 8.9006531865185512e-01 8.9006531068087436e-01 7.9709807643268960e-09 8.9006531551542156e-01 8.9006531068087436e-01 4.8345472070110418e-09 1.7801306341672767e+00 1.7801306213617487e+00 1.2805527971337938e-08
1321 6.4477539062500000e-01 8.8939918458738476e-01 8.8939917662225931e-01 7.9651254480950229e-09 8.8939918145263508e-01 8.8939917662225931e-01 4.8303757660406177e-09 1.7787983660400197e+00 1.7787983532445186e+00 1.2795501103113338e-08
1322 6.4526367187500000e-01 8.8873095768064236e-01 8.8873094972146882e-01 7.9591735424600074e-09 8.8873095454805340e-01 8.8873094972146882e-01 4.8265845764561277e-09 1.7774619122286959e+00 1.7774618994429376e+00 1.2785758229938438e-08
1323 6.4575195312500000e-01 8.8806063950402259e-01 8.8806063155090564e-01 7.9531169427937698e-09 8.8806063637411869e-01 8.8806063155090564e-01 4.8232130511749460e-09 1.7761212758781413e+00 1.7761212631018113e+00 1.2776329993968716e-08
1324 6.4624023437500000e-01 8.8738823163484426e-01 8.8738822368789327e-01 7.9469509861596066e-09 8.8738822850817212e-01 8.8738822368789327e-01 4.8202788427431642e-09 1.7747764601430163e+00 1.7747764473757865e+00 1.2767229717880468e-08
1325 6.4672851562500000e-01 8.8671373565538048e-01 8.8671372771467216e-01 7.9407083131144418e-09 8.8671373253229446e-01 8.8671372771467216e-01 4.8176223010898411e-09 1.7734274681876749e+00 1.7734274554293443e+00 1.2758330614204283e-08
1326 6.4721679687500000e-01 8.8603715315282949e-01 8.8603714521839672e-01 7.9344327774677481e-09 8.8603715003341776e-01 8.8603714521839672e-01 4.8150210485431444e-09 1.7720743031862471e+00 1.7720742904367934e+00 1.2749453714988590e-08
1327 6.4770507812500000e-01 8.8535848571929310e-01 8.8535847779113064e-01 7.9281624598692702e-09 8.8535848260341343e-01 8.8535847779113064e-01 4.8122827944752089e-09 1.7707169683227066e+00 1.7707169555822613e+00 1.2740445365366782e-08
1328 6.4819335937500000e-01 8.8467773495176683e-01 8.8467772702984404e-01 7.9219227844262718e-09 8.8467773183912890e-01 8.8467772702984404e-01 4.8092848592418136e-09 1.7693554667908957e+00 1.7693554540596881e+00 1.2731207643668085e-08
1329 6.4868164062500000e-01 8.8399490245215029e-01 8.8399489453640945e-01 7.9157408405805540e-09 8.8399489934230835e-01 8.8399489453640945e-01 4.8058989010613118e-09 1.7679898017944586e+00 1.7679897890728189e+00 1.2721639741641866e-08
1330 6.4916992187500000e-01 8.8330998982718356e-01 8.8330998191759735e-01 7.9095862082212420e-09 8.8330998671987293e-01 8.8330998191759735e-01 4.8022755771981451e-09 1.7666199765470565e+00 1.7666199638351947e+00 1.2711861785419387e-08
1331 6.4965820312500000e-01 8.8262299868852379e-01 8.8262299078507334e-01 7.9034504496533486e-09 8.8262299558352653e-01 8.8262299078507334e-01 4.7984531903466632e-09 1.7652459942720502e+00 1.7652459815701467e+00 1.2701903528977709e-08
1332 6.5014648437500000e-01 8.8193393065272185e-01 8.8193392275539417e-01 7.8973276806948434e-09 8.8193392754985134e-01 8.8193392275539417e-01 4.7944571646141299e-09 1.7638678582025733e+00 1.7638678455107883e+00 1.2691784956331276e-08
1333 6.5063476562500000e-01 8.8124278734123851e-01 8.8124277945000318e-01 7.8912353318472128e-09 8.8124278424021429e-01 8.8124277945000318e-01 4.7902111166564509e-09 1.7624855715814527e+00 1.7624855589000064e+00 1.2681446337481361e-08
1334 6.5112304687500000e-01 8.8054957038034598e-01 8.8054956249522742e-01 7.8851185580930405e-09 8.8054956728120504e-01 8.8054956249522742e-01 4.7859776142189503e-09 1.7610991376615510e+00 1.7610991249904548e+00 1.2671096172311991e-08
1335 6.5161132812500000e-01 8.7985428140122779e-01 8.7985427352227363e-01 7.8789541557711118e-09 8.7985427830415741e-01 8.7985427352227363e-01 4.7818837778379475e-09 1.7597085597053852e+00 1.7597085470445473e+00 1.2660837933609059e-08
1336 6.5209960937500000e-01 8.7915692203993978e-01 8.7915691416722341e-01 7.8727163677072554e-09 8.7915691894526571e-01 8.7915691416722341e-01 4.7780422951504420e-09 1.7583138409852055e+00 1.7583138283344468e+00 1.2650758662857697e-08
1337 6.5258789062500000e-01 8.7845749393743744e-01 8.7845748607103125e-01 7.8664061931021934e-09 8.7845749084549785e-01 8.7845748607103125e-01 4.7744665998550317e-09 1.7569149847829353e+00 1.7569149721420625e+00 1.2640872792957225e-08
1338 6.5307617187500000e-01 8.7775599873954913e-01 8.7775599087951839e-01 7.8600307373832834e-09 8.7775599565062978e-01 8.7775599087951839e-01 4.7711113948523121e-09 1.7555119943901789e+00 1.7555119817590368e+00 1.2631142132235595e-08
1339 6.5356445312500000e-01 8.7705243809697142e-01 8.7705243024337132e-01 7.8536001035800496e-09 8.7705243501129626e-01 8.7705243024337132e-01 4.7679249437493354e-09 1.7541048731082678e+00 1.7541048604867426e+00 1.2621525158351687e-08
1340 6.5405273437500000e-01 8.7634681366526346e-01 8.7634680581813607e-01 7.8471273923241824e-09 8.7634681058298203e-01 8.7634680581813607e-01 4.7648459622351425e-09 1.7526936242482454e+00 1.7526936116362721e+00 1.2611973243537022e-08
1341 6.5454101562500000e-01 8.7563912710485714e-01 8.7563911926421478e-01 7.8406423575927420e-09 8.7563912402593769e-01 8.7563911926421478e-01 4.7617229048668719e-09 1.7512782511307949e+00 1.7512782385284296e+00 1.2602365373481916e-08
1342 6.5502929687500000e-01 8.7492938008106713e-01 8.7492937224686240e-01 7.8342047293844530e-09 8.7492937700512685e-01 8.7492937224686240e-01 4.7582644491228621e-09 1.7498587570861939e+00 1.7498587444937248e+00 1.2592469067485013e-08
1343 6.5551757812500000e-01 8.7421757426398961e-01 8.7421756643618254e-01 7.8278070692050505e-09 8.7421757119068466e-01 8.7421756643618254e-01 4.7545021253370123e-09 1.7484351454546743e+00 1.7484351328723651e+00 1.2582309194542063e-08
1344 6.5600585937500000e-01 8.7350371132858551e-01 8.7350370350712259e-01 7.8214629217754350e-09 8.7350370825749502e-01 8.7350370350712259e-01 4.7503724287523141e-09 1.7470074195860805e+00 1.7470074070142452e+00 1.2571835350527749e-08
1345 6.5649414062500000e-01 8.7278779295464048e-01 8.7278778513947119e-01 7.8151692894934399e-09 8.7278778988536199e-01 8.7278778513947119e-01 4.7458907914688098e-09 1.7455755828400026e+00 1.7455755702789424e+00 1.2561060191984552e-08
1346 6.5698242187500000e-01 8.7206982082680118e-01 8.7206981301785347e-01 7.8089477106857430e-09 8.7206981775880121e-01 8.7206981301785347e-01 4.7409477454962712e-09 1.7441396385856023e+00 1.7441396260357069e+00 1.2549895345159712e-08
1347 6.5747070312500000e-01 8.7134979663447365e-01 8.7134978883172698e-01 7.8027466710040017e-09 8.7134979356752817e-01 8.7134978883172698e-01 4.7358011956433188e-09 1.7426995902020019e+00 1.7426995776634540e+00 1.2538547977669623e-08
1348 6.5795898437500000e-01 8.7062772207192174e-01 8.7062771427537855e-01 7.7965431888316061e-09 8.7062771900593983e-01 8.7062771427537855e-01 4.7305612760339955e-09 1.7412554410778616e+00 1.7412554285507571e+00 1.2527104464865602e-08
1349 6.5844726562500000e-01 8.6990359883822621e-01 8.6990359104791892e-01 7.7903072881468916e-09 8.6990359577330156e-01 8.6990359104791892e-01 4.7253826407356314e-09 1.7398071946115277e+00 1.7398071820958378e+00 1.2515689817860221e-08
1350 6.5893554687500000e-01 8.6917742863731018e-01 8.6917742085328020e-01 7.7840299761433585e-09 8.6917742557359035e-01 8.6917742085328020e-01 4.7203101427584215e-09 1.7383548542109004e+00 1.7383548417065604e+00 1.2504340007879478e-08
1351 6.5942382812500000e-01 8.6844921317792156e-01 8.6844920540021109e-01 7.7777104756648896e-09 8.6844921011555465e-01 8.6844920540021109e-01 4.7153435600577609e-09 1.7368984232934763e+00 1.7368984108004222e+00 1.2493054146744953e-08
1352 6.5991210937500000e-01 8.6771895417363809e-01 8.6771894640227265e-01 7.7713654400568544e-09 8.6771895111268182e-01 8.6771894640227265e-01 4.7104091738248144e-09 1.7354379052863198e+00 1.7354378928045453e+00 1.2481774502859366e-08
1353 6.6040039062500000e-01 8.6698665334279390e-01 8.6698664557783500e-01 7.7649588980932549e-09 8.6698665028351818e-01 8.6698664557783500e-01 4.7056831764535900e-09 1.7339733036263121e+00 1.7339732911556700e+00 1.2470642074546845e-08
1354 6.6088867187500000e-01 8.6625231240853828e-01 8.6625230465007297e-01 7.7584653146445248e-09 8.6625230935135689e-01 8.6625230465007297e-01 4.7012839177185128e-09 1.7325046217598952e+00 1.7325046093001459e+00 1.2459749232363038e-08
1355 6.6137695312500000e-01 8.6551593309882957e-01 8.6551592534696109e-01 7.7518684804545046e-09 8.6551593004426208e-01 8.6551592534696109e-01 4.6973009926176701e-09 1.7310318631430917e+00 1.7310318506939222e+00 1.2449169473072175e-08
1356 6.6186523437500000e-01 8.6477751714644158e-01 8.6477750940127140e-01 7.7451701718800336e-09 8.6477751409499215e-01 8.6477750940127140e-01 4.6937207454078589e-09 1.7295550312414338e+00 1.7295550188025428e+00 1.2438891028310195e-08
1357 6.6235351562500000e-01 8.6403706628895693e-01 8.6403705855056812e-01 7.7383888186233207e-09 8.6403706324102503e-01 8.6403705855056812e-01 4.6904569117600659e-09 1.7280741295299820e+00 1.7280741171011362e+00 1.2428845730383387e-08
1358 6.6284179687500000e-01 8.6329458226875067e-01 8.6329457453720315e-01 7.7315475133232781e-09 8.6329457922459552e-01 8.6329457453720315e-01 4.6873923631451930e-09 1.7265891614933462e+00 1.7265891490744063e+00 1.2418939876468471e-08
1359 6.6333007812500000e-01 8.6255006683298208e-01 8.6255005910831362e-01 7.7246684604403981e-09 8.6255006379273114e-01 8.6255005910831362e-01 4.6844175205507099e-09 1.7251001306257132e+00 1.7251001182166272e+00 1.2409085980991108e-08
1360 6.6381835937500000e-01 8.6180352173359631e-01 8.6180351401581556e-01 7.7177807478179261e-09 8.6180351869719751e-01 8.6180351401581556e-01 4.6813819487567798e-09 1.7236070404307937e+00 1.7236070280316311e+00 1.2399162585552403e-08
1361 6.6430664062500000e-01 8.6105494872732369e-01 8.6105494101640234e-01 7.7109213458825820e-09 8.6105494569450969e-01 8.6105494101640234e-01 4.6781073459456479e-09 1.7221098944218334e+00 1.7221098820328047e+00 1.2389028691828230e-08
1362 6.6479492187500000e-01 8.6030434957559876e-01 8.6030434187153837e-01 7.7040603896350035e-09 8.6030434654626786e-01 8.6030434187153837e-01 4.6747294923932259e-09 1.7206086961218667e+00 1.7206086837430767e+00 1.2378789993050532e-08
1363 6.6528320312500000e-01 8.5955172604465246e-01 8.5955171834745570e-01 7.6971967688521659e-09 8.5955172301872207e-01 8.5955171834745570e-01 4.6712663737125126e-09 1.7191034490633745e+00 1.7191034366949114e+00 1.2368463142564678e-08
1364 6.6577148437500000e-01 8.5879707990547216e-01 8.5879707221515034e-01 7.6903218237944770e-09 8.5879707688290674e-01 8.5879707221515034e-01 4.6677564036201602e-09 1.7175941567883788e+00 1.7175941444303007e+00 1.2358078116392335e-08
1365 6.6625976562500000e-01 8.5804041293384925e-01 8.5804040525037772e-01 7.6834715256879349e-09 8.5804040991440123e-01 8.5804040525037772e-01 4.6640235007444630e-09 1.7160808228482505e+00 1.7160808105007554e+00 1.2347495026432398e-08
1366 6.6674804687500000e-01 8.5728172691027726e-01 8.5728171923364782e-01 7.6766294432317750e-09 8.5728172389379964e-01 8.5728171923364782e-01 4.6601518199906877e-09 1.7145634508040768e+00 1.7145634384672956e+00 1.2336781152200160e-08
1367 6.6723632812500000e-01 8.5652102362002402e-01 8.5652101595022267e-01 7.6698013495857253e-09 8.5652102060633295e-01 8.5652101595022267e-01 4.6561102751141448e-09 1.7130420442263570e+00 1.7130420319004453e+00 1.2325911624699870e-08
1368 6.6772460937500000e-01 8.5575830485312487e-01 8.5575829719011032e-01 7.6630145562361918e-09 8.5575830184187296e-01 8.5575829719011032e-01 4.6517626417497127e-09 1.7115166066949978e+00 1.7115165943802206e+00 1.2314777197985904e-08
1369 6.6821289062500000e-01 8.5499357240429430e-01 8.5499356474806154e-01 7.6562327588902690e-09 8.5499356939534721e-01 8.5499356474806154e-01 4.6472856674029117e-09 1.7099871417996415e+00 1.7099871294961231e+00 1.2303518426293181e-08
1370 6.6870117187500000e-01 8.5422682807299366e-01 8.5422682042356612e-01 7.6494275358385266e-09 8.5422682506639180e-01 8.5422682042356612e-01 4.6428256794683875e-09 1.7084536531393855e+00 1.7084536408471322e+00 1.2292253215306914e-08
1371 6.6918945312500000e-01 8.5345807366344195e-01 8.5345806602084695e-01 7.6425950013003785e-09 8.5345807065925472e-01 8.5345806602084695e-01 4.6384077689864966e-09 1.7069161443226966e+00 1.7069161320416939e+00 1.2281002659264573e-08
1372 6.6967773437500000e-01 8.5268731098459338e-01 8.5268730334885756e-01 7.6357358214096394e-09 8.5268730798287196e-01 8.5268730334885756e-01 4.6340143944334500e-09 1.7053746189674652e+00 1.7053746066977151e+00 1.2269750104820787e-08
1373 6.7016601562500000e-01 8.5191454185013660e-01 8.5191453422127728e-01 7.6288593220397161e-09 8.5191453885088608e-01 8.5191453422127728e-01 4.6296088074271324e-09 1.7038290807010226e+00 1.7038290684425546e+00 1.2258468018444546e-08
1374 6.7065429687500000e-01 8.5113976807847747e-01 8.5113976045650608e-01 7.6219713873726391e-09 8.5113976508166622e-01 8.5113976045650608e-01 4.6251601437674594e-09 1.7022795331601437e+00 1.7022795209130122e+00 1.2247131531140099e-08
1375 6.7114257812500000e-01 8.5036299149273864e-01 8.5036298387766163e-01 7.6150770134120194e-09 8.5036298849829917e-01 8.5036298387766163e-01 4.6206375392543464e-09 1.7007259799910379e+00 1.7007259677553233e+00 1.2235714663688668e-08
1376 6.7163085937500000e-01 8.4958421392075589e-01 8.4958420631257459e-01 7.6081813071837701e-09 8.4958421092859282e-01 8.4958420631257459e-01 4.6160182343157885e-09 1.6991684248493488e+00 1.6991684126251492e+00 1.2224199652521861e-08
1377 6.7211914062500000e-01 8.4880343719509377e-01 8.4880342959378330e-01 7.6013104699512724e-09 8.4880343420496063e-01 8.4880342959378330e-01 4.6111773288615154e-09 1.6976068714000543e+00 1.6976068591875666e+00 1.2212487687790485e-08
1378 6.7260742187500000e-01 8.4802066315296254e-01 8.4802065555853090e-01 7.5944316391129973e-09 8.4802066016481448e-01 8.4802065555853090e-01 4.6062835767912702e-09 1.6960413233177771e+00 1.6960413111170618e+00 1.2200715326926570e-08
1379 6.7309570312500000e-01 8.4723589363628005e-01 8.4723588604876077e-01 7.5875192795393787e-09 8.4723589065021421e-01 8.4723588604876077e-01 4.6014534405003360e-09 1.6944717842864943e+00 1.6944717720975215e+00 1.2188972720039715e-08
1380 6.7358398437500000e-01 8.4644913049166592e-01 8.4644912291111085e-01 7.5805550725505100e-09 8.4644912750789347e-01 8.4644912291111085e-01 4.5967826212134355e-09 1.6928982579995595e+00 1.6928982458222217e+00 1.2177337804786248e-08
1381 6.7407226562500000e-01 8.4566037557044593e-01 8.4566036799691102e-01 7.5735349103212002e-09 8.4566037258919735e-01 8.4566036799691102e-01 4.5922863289860061e-09 1.6913207481596433e+00 1.6913207359938220e+00 1.2165821239307206e-08
1382 6.7456054687500000e-01 8.4486963072862964e-01 8.4486962316217762e-01 7.5664520204909991e-09 8.4486962775018637e-01 8.4486962316217762e-01 4.5880087506944278e-09 1.6897392584788160e+00 1.6897392463243552e+00 1.2154460771185427e-08
1383 6.7504882812500000e-01 8.4407689782690531e-01 8.4407689026760968e-01 7.5592956338965678e-09 8.4407689485161674e-01 8.4407689026760968e-01 4.5840070628244689e-09 1.6881537926785222e+00 1.6881537805352194e+00 1.2143302807743339e-08
1384 6.7553710937500000e-01 8.4328217873065114e-01 8.4328217117858451e-01 7.5520666387163260e-09 8.4328217575884223e-01 8.4328217117858451e-01 4.5802577286480073e-09 1.6865643544894935e+00 1.6865643423571690e+00 1.2132324478386636e-08
1385 6.7602539062500000e-01 8.4248547530992290e-01 8.4248546776515265e-01 7.5447702529984895e-09 8.4248547234191018e-01 8.4248546776515265e-01 4.5767575285182716e-09 1.6849709476518331e+00 1.6849709355303053e+00 1.2121527781516761e-08
1386 6.7651367187500000e-01 8.4168678943945474e-01 8.4168678190203405e-01 7.5374206875977734e-09 8.4168678647544992e-01 8.4168678190203405e-01 4.5734158682364523e-09 1.6833735759149047e+00 1.6833735638040681e+00 1.2110836555834226e-08
1387 6.7700195312500000e-01 8.4088612299865018e-01 8.4088611546861436e-01 7.5300358171048742e-09 8.4088612003876007e-01 8.4088611546861436e-01 4.5701457063174189e-09 1.6817722430374102e+00 1.6817722309372287e+00 1.2100181523422293e-08
1388 6.7749023437500000e-01 8.4008347787157633e-01 8.4008347034893827e-01 7.5226380680248894e-09 8.4008347491577451e-01 8.4008347034893827e-01 4.5668362425033138e-09 1.6801669527873508e+00 1.6801669406978765e+00 1.2089474310528203e-08
1389 6.7797851562500000e-01 8.3927885594693918e-01 8.3927884843170752e-01 7.5152316592053126e-09 8.3927885299518357e-01 8.3927884843170752e-01 4.5634760414969833e-09 1.6785577089421229e+00 1.6785576968634150e+00 1.2078707811724598e-08
1390 6.7846679687500000e-01 8.3847225911810452e-01 8.3847225161027550e-01 7.5078290251440194e-09 8.3847225617027454e-01 8.3847225161027550e-01 4.5599990450284622e-09 1.6769445152883791e+00 1.6769445032205510e+00 1.2067828070172482e-08
1391 6.7895507812500000e-01 8.3766368928307955e-01 8.3766368178264206e-01 7.5004374933129725e-09 8.3766368633901145e-01 8.3766368178264206e-01 4.5563693928940552e-09 1.6753273756220910e+00 1.6753273635652841e+00 1.2056806886207028e-08
1392 6.7944335937500000e-01 8.3685314834451485e-01 8.3685314085145057e-01 7.4930642801618319e-09 8.3685314540400035e-01 8.3685314085145057e-01 4.5525497816001348e-09 1.6737062937485152e+00 1.6737062817029011e+00 1.2045614061761967e-08
1393 6.7993164062500000e-01 8.3604063820970986e-01 8.3604063072398160e-01 7.4857282594820163e-09 8.3604063527243477e-01 8.3604063072398160e-01 4.5484531696615704e-09 1.6720812734821446e+00 1.6720812614479632e+00 1.2034181429143587e-08
1394 6.8041992187500000e-01 8.3522616079059075e-01 8.3522615331215000e-01 7.4784407555483767e-09 8.3522615785615895e-01 8.3522615331215000e-01 4.5440089468939959e-09 1.6704523186467497e+00 1.6704523066243000e+00 1.2022449702442373e-08
1395 6.8090820312500000e-01 8.3440971800370478e-01 8.3440971053250046e-01 7.4712043218738700e-09 8.3440971507171180e-01 8.3440971053250046e-01 4.5392113401376832e-09 1.6688194330754165e+00 1.6688194210650009e+00 1.2010415550989251e-08
1396 6.8139648437500000e-01 8.3359131177021750e-01 8.3359130430620099e-01 7.4640165159678418e-09 8.3359130884027333e-01 8.3359130430620099e-01 4.5340723398012983e-09 1.6671826206104909e+00 1.6671826086124020e+00 1.1998088966791443e-08
1397 6.8188476562500000e-01 8.3277094401590079e-01 8.3277093655904066e-01 7.4568601293734105e-09 8.3277094108772520e-01 8.3277093655904066e-01 4.5286845384850949e-09 1.6655418851036261e+00 1.6655418731180813e+00 1.1985544778880808e-08
1398 6.8237304687500000e-01 8.3194861667114417e-01 8.3194860922142433e-01 7.4497198410128362e-09 8.3194861374454976e-01 8.3194860922142433e-01 4.5231254297561918e-09 1.6638972304156940e+00 1.6638972184428487e+00 1.1972845381791331e-08
1399 6.8286132812500000e-01 8.3112433167092392e-01 8.3112432422836724e-01 7.4425566820579547e-09 8.3112432874594233e-01 8.3112432422836724e-01 4.5175750917891833e-09 1.6622486604168663e+00 1.6622486484567345e+00 1.1960131773847138e-08
1400 6.8334960937500000e-01 8.3029809095482321e-01 8.3029808351949186e-01 7.4353313506136942e-09 8.3029808803172545e-01 8.3029808351949186e-01 4.5122335867731067e-09 1.6605961789865487e+00 1.6605961670389837e+00 1.1947564937386801e-08
1401 6.8383789062500000e-01 8.2946989646704483e-01 8.2946988903902252e-01 7.4280223083533770e-09 8.2946989354624467e-01 8.2946988903902252e-01 4.5072221510622512e-09 1.6589397900132896e+00 1.6589397780780450e+00 1.1935244570437931e-08
1402 6.8432617187500000e-01 8.2863975015641156e-01 8.2863974273578045e-01 7.4206311095892374e-09 8.2863974723830303e-01 8.2863974273578045e-01 4.5025225769990129e-09 1.6572794973947147e+00 1.6572794854715609e+00 1.1923153797610553e-08
1403 6.8481445312500000e-01 8.2780765397635603e-01 8.2780764656318051e-01 7.4131755178896697e-09 8.2780765106122667e-01 8.2780764656318051e-01 4.4980461577637243e-09 1.6556153050375828e+00 1.6556152931263610e+00 1.1911221786675696e-08
1404 6.8530273437500000e-01 8.2697360988492863e-01 8.2697360247922491e-01 7.4057037169339424e-09 8.2697360697277589e-01 8.2697360247922491e-01 4.4935509757593195e-09 1.6539472168577045e+00 1.6539472049584498e+00 1.1899254692693262e-08
1405 6.8579101562500000e-01 8.2613761984469813e-01 8.2613761244650019e-01 7.3981979431536615e-09 8.2613761693563137e-01 8.2613761244650019e-01 4.4891311778982868e-09 1.6522752367803295e+00 1.6522752248930004e+00 1.1887329121051948e-08
1406 6.8627929687500000e-01 8.2529968582282820e-01 8.2529967843217189e-01 7.3906563091696853e-09 8.2529968291695643e-01 8.2529967843217189e-01 4.4847845437345768e-09 1.6505993687397846e+00 1.6505993568643438e+00 1.1875440852904262e-08
1407 6.8676757812500000e-01 8.2445980979105038e-01 8.2445980240797923e-01 7.3830711544431438e-09 8.2445980688854448e-01 8.2445980240797923e-01 4.4805652521517914e-09 1.6489196166795947e+00 1.6489196048159585e+00 1.1863636295572633e-08
1408 6.8725585937500000e-01 8.2361799372568878e-01 8.2361798635023176e-01 7.3754570228956595e-09 8.2361799082662512e-01 8.2361798635023176e-01 4.4763933670921574e-09 1.6472359845523139e+00 1.6472359727004635e+00 1.1851850389987817e-08
1409 6.8774414062500000e-01 8.2277423960763418e-01 8.2277423223980439e-01 7.3678297907164847e-09 8.2277423671198302e-01 8.2277423223980439e-01 4.4721786274237729e-09 1.6455484763196173e+00 1.6455484644796088e+00 1.1840008529162560e-08
1410 6.8823242187500000e-01 8.2192854942232418e-01 8.2192854206213128e-01 7.3601928995969956e-09 8.2192854653004610e-01 8.2192854206213128e-01 4.4679148158977000e-09 1.6438570959523702e+00 1.6438570841242626e+00 1.1828107604472393e-08
1411 6.8872070312500000e-01 8.2108092515975351e-01 8.2108091780720371e-01 7.3525497912285687e-09 8.2108092227079643e-01 8.2108091780720371e-01 4.4635927176628343e-09 1.6421618474305499e+00 1.6421618356144074e+00 1.1816142508891403e-08
1412 6.8920898437500000e-01 8.2023136881447001e-01 8.2023136146956355e-01 7.3449064608155368e-09 8.2023136592872592e-01 8.2023136146956355e-01 4.4591623726830676e-09 1.6404627347431959e+00 1.6404627229391271e+00 1.1804068833498604e-08
1413 6.8969726562500000e-01 8.1937988238558324e-01 8.1937987504829835e-01 7.3372848907737875e-09 8.1937987950282165e-01 8.1937987504829835e-01 4.4545233057746714e-09 1.6387597618884049e+00 1.6387597500965967e+00 1.1791808196548459e-08
1414 6.9018554687500000e-01 8.1852646787673733e-01 8.1852646054703815e-01 7.3296991809357337e-09 8.1852646499663961e-01 8.1852646054703815e-01 4.4496014650619031e-09 1.6370529328733769e+00 1.6370529210940763e+00 1.1779300645997637e-08
1415 6.9067382812500000e-01 8.1767112729610392e-01 8.1767111997394992e-01 7.3221539942380787e-09 8.1767112441832535e-01 8.1767111997394992e-01 4.4443754232403876e-09 1.6353422517144294e+00 1.6353422399478998e+00 1.1766529528500769e-08
1416 6.9116210937500000e-01 8.1681386265637779e-01 8.1681385534173234e-01 7.3146454449002363e-09 8.1681385978059917e-01 8.1681385534173234e-01 4.4388668296591050e-09 1.6336277224369771e+00 1.6336277106834647e+00 1.1753512385581644e-08
1417 6.9165039062500000e-01 8.1595467597477322e-01 8.1595466866761224e-01 7.3071609874020282e-09 8.1595467310074377e-01 8.1595466866761224e-01 4.4331315285361939e-09 1.6319093490755170e+00 1.6319093373352245e+00 1.1740292515938222e-08
1418 6.9213867187500000e-01 8.1509356927300936e-01 8.1509356197333849e-01 7.2996708677663946e-09 8.1509356640067110e-01 8.1509356197333849e-01 4.4273326116339717e-09 1.6301871356736806e+00 1.6301871239466770e+00 1.1727003590422669e-08
1419 6.9262695312500000e-01 8.1423054457731137e-01 8.1423053728517847e-01 7.2921328975183997e-09 8.1423054170685516e-01 8.1423053728517847e-01 4.4216766914573213e-09 1.6284610862841666e+00 1.6284610745703569e+00 1.1713809699998023e-08
1420 6.9311523437500000e-01 8.1336560391843216e-01 8.1336559663391295e-01 7.2845192100601253e-09 8.1336560105021305e-01 8.1336559663391295e-01 4.4163001033936666e-09 1.6267312049686451e+00 1.6267311932678259e+00 1.1700819202431489e-08
1421 6.9360351562500000e-01 8.1249874933163635e-01 8.1249874205483008e-01 7.2768062686634494e-09 8.1249874646615716e-01 8.1249874205483008e-01 4.4113270813994632e-09 1.6249974957977935e+00 1.6249974841096602e+00 1.1688133350062913e-08
1422 6.9409179687500000e-01 8.1162998285670440e-01 8.1162997558772310e-01 7.2689813057635888e-09 8.1162997999454134e-01 8.1162997558772310e-01 4.4068182436518555e-09 1.6232599628512459e+00 1.6232599511754462e+00 1.1675799660437747e-08
1423 6.9458007812500000e-01 8.1075930653793471e-01 8.1075929927688339e-01 7.2610513157655987e-09 8.1075930367963012e-01 8.1075929927688339e-01 4.4027467227536476e-09 1.6215186102175649e+00 1.6215185985537668e+00 1.1663798149541549e-08
1424 6.9506835937500000e-01 8.0988672242413218e-01 8.0988671517109589e-01 7.2530362826839223e-09 8.0988671957009806e-01 8.0988671517109589e-01 4.3990021625361919e-09 1.6197734419942302e+00 1.6197734303421918e+00 1.1652038445220114e-08
1425 6.9555664062500000e-01 8.0901223256859089e-01 8.0901222532363570e-01 7.2449551913322807e-09 8.0901222971912468e-01 8.0901222532363570e-01 4.3954889727970681e-09 1.6180244622877156e+00 1.6180244506472714e+00 1.1640444164129349e-08
1426 6.9604492187500000e-01 8.0813583902909858e-01 8.0813583179226223e-01 7.2368363523978019e-09 8.0813583618433915e-01 8.0813583179226223e-01 4.3920769243754876e-09 1.6162716752134378e+00 1.6162716635845245e+00 1.1628913387795592e-08
1427 6.9653320312500000e-01 8.0725754386793303e-01 8.0725753663921329e-01 7.2287197339093723e-09 8.0725754102776548e-01 8.0725753663921329e-01 4.3885521883169076e-09 1.6145150848956984e+00 1.6145150732784266e+00 1.1617271811203977e-08
1428 6.9702148437500000e-01 8.0637734915183445e-01 8.0637734193120292e-01 7.2206315371303731e-09 8.0637734631599112e-01 8.0637734193120292e-01 4.3847881991965210e-09 1.6127546954678256e+00 1.6127546838624058e+00 1.1605419736326894e-08
1429 6.9750976562500000e-01 8.0549525695199820e-01 8.0549524973941378e-01 7.2125844186032850e-09 8.0549525412013112e-01 8.0549524973941378e-01 4.3807173444321279e-09 1.6109905110721292e+00 1.6109904994788276e+00 1.1593301652013110e-08
1430 6.9799804687500000e-01 8.0461126934406768e-01 8.0461126213949430e-01 7.2045733823244973e-09 8.0461126651586967e-01 8.0461126213949430e-01 4.3763753732051214e-09 1.6092225358599372e+00 1.6092225242789886e+00 1.1580948644507316e-08
1431 6.9848632812500000e-01 8.0372538840816399e-01 8.0372538121155290e-01 7.1966110848364906e-09 8.0372538558324980e-01 8.0372538121155290e-01 4.3716968933793510e-09 1.6074507739914137e+00 1.6074507624231058e+00 1.1568307867193539e-08
1432 6.9897460937500000e-01 8.0283761622884642e-01 8.0283760904015233e-01 7.1886940844478886e-09 8.0283761340683790e-01 8.0283760904015233e-01 4.3666855686907979e-09 1.6056752296356844e+00 1.6056752180803047e+00 1.1555379764160989e-08
1433 6.9946289062500000e-01 8.0194795489512249e-01 8.0194794771430666e-01 7.1808158308428460e-09 8.0194795207569480e-01 8.0194794771430666e-01 4.3613881395287990e-09 1.6038959069708172e+00 1.6038958954286133e+00 1.1542203859349343e-08
1434 6.9995117187500000e-01 8.0105640650042942e-01 8.0105639932747519e-01 7.1729542305831728e-09 8.0105640368337905e-01 8.0105639932747519e-01 4.3559038598317557e-09 1.6021128101838085e+00 1.6021127986549504e+00 1.1528858090414928e-08
1435 7.0043945312500000e-01 8.0016297314264917e-01 8.0016296597755687e-01 7.1650922972565922e-09 8.0016297032787731e-01 8.0016296597755687e-01 4.3503204372186133e-09 1.6003259434705264e+00 1.6003259319551137e+00 1.1515412623452903e-08
1436 7.0092773437500000e-01 7.9926765692409107e-01 7.9926764976688680e-01 7.1572042736889330e-09 7.9926765411166600e-01 7.9926764976688680e-01 4.3447792030804067e-09 1.5985353110357572e+00 1.5985352995337736e+00 1.1501983587791642e-08
1437 7.0141601562500000e-01 7.9837045995151279e-01 7.9837045280223107e-01 7.1492817221852079e-09 7.9837045714154276e-01 7.9837045280223107e-01 4.3393116877510352e-09 1.5967409170930555e+00 1.5967409056044621e+00 1.1488593409936243e-08
1438 7.0190429687500000e-01 7.9747138433609599e-01 7.9747137719478001e-01 7.1413159830058248e-09 7.9747138152873986e-01 7.9747137719478001e-01 4.3339598576608296e-09 1.5949427658648359e+00 1.5949427543895600e+00 1.1475275840666654e-08
1439 7.0239257812500000e-01 7.9657043219344514e-01 7.9657042506014597e-01 7.1332991735673090e-09 7.9657042938890510e-01 7.9657042506014597e-01 4.3287591289242755e-09 1.5931408615823504e+00 1.5931408501202919e+00 1.1462058413513887e-08
1440 7.0288085937500000e-01 7.9566760564357319e-01 7.9566759851835600e-01 7.1252171940372477e-09 7.9566760284215621e-01 7.9566759851835600e-01 4.3238002067624848e-09 1.5913352084857295e+00 1.5913351970367120e+00 1.1449017511822035e-08
1441 7.0336914062500000e-01 7.9476290681091366e-01 7.9476289969384817e-01 7.1170654925012400e-09 7.9476290401294447e-01 7.9476289969384817e-01 4.3190963028294505e-09 1.5895258108238581e+00 1.5895257993876963e+00 1.1436161795330690e-08
1442 7.0385742187500000e-01 7.9385633782433640e-01 7.9385633071546646e-01 7.1088699371557595e-09 7.9385633502998032e-01 7.9385633071546646e-01 4.3145138572953101e-09 1.5877126728543167e+00 1.5877126614309329e+00 1.1423383794451070e-08
1443 7.0434570312500000e-01 7.9294790081709721e-01 7.9294789371645491e-01 7.1006422963648674e-09 7.9294789802646282e-01 7.9294789371645491e-01 4.3100079061275665e-09 1.5858957988435600e+00 1.5858957874329098e+00 1.1410650202492434e-08
1444 7.0483398437500000e-01 7.9203759792686312e-01 7.9203759083445369e-01 7.0924094375257596e-09 7.9203759513988758e-01 7.9203759083445369e-01 4.3054338982884133e-09 1.5840751930667507e+00 1.5840751816689074e+00 1.1397843335814173e-08
1445 7.0532226562500000e-01 7.9112543129568547e-01 7.9112542421149368e-01 7.0841917887420891e-09 7.9112542851217704e-01 7.9112542421149368e-01 4.3006833649883447e-09 1.5822508598078624e+00 1.5822508484229874e+00 1.1384875042708131e-08
1446 7.0581054687500000e-01 7.9021140306999238e-01 7.9021139599399060e-01 7.0760017845117318e-09 7.9021140028969106e-01 7.9021139599399060e-01 4.2957004620092221e-09 1.5804228033596834e+00 1.5804227919879812e+00 1.1371702246520954e-08
1447 7.0629882812500000e-01 7.8929551540056564e-01 7.8929550833274131e-01 7.0678243258015527e-09 7.8929551262330877e-01 7.8929550833274131e-01 4.2905674568771701e-09 1.5785910280238744e+00 1.5785910166654826e+00 1.1358391782678723e-08
1448 7.0678710937500000e-01 7.8837777044257196e-01 7.8837776338291821e-01 7.0596537504741264e-09 7.8837776766821788e-01 7.8837776338291821e-01 4.2852996706699287e-09 1.5767555381107898e+00 1.5767555267658364e+00 1.1344953421144055e-08
1449 7.0727539062500000e-01 7.8745817035552856e-01 7.8745816330406337e-01 7.0514651895337011e-09 7.8745816758409148e-01 7.8745816330406337e-01 4.2800281097044035e-09 1.5749163379396200e+00 1.5749163266081267e+00 1.1331493299238105e-08
1450 7.0776367187500000e-01 7.8653671730334684e-01 7.8653671026008509e-01 7.0432617516047458e-09 7.8653671453482543e-01 7.8653671026008509e-01 4.2747403394827188e-09 1.5730734318381723e+00 1.5730734205201702e+00 1.1318002091087465e-08
1451 7.0825195312500000e-01 7.8561341345428992e-01 7.8561340641925081e-01 7.0350391068174645e-09 7.8561341068870860e-01 7.8561340641925081e-01 4.2694577873092499e-09 1.5712268241429985e+00 1.5712268128385016e+00 1.1304496894126714e-08
1452 7.0874023437500000e-01 7.8468826098095912e-01 7.8468825395418396e-01 7.0267751617336671e-09 7.8468825821846988e-01 7.8468825395418396e-01 4.2642859243713360e-09 1.5693765191994289e+00 1.5693765079083679e+00 1.1291060975082701e-08
1453 7.0922851562500000e-01 7.8376126206034358e-01 7.8376125504185812e-01 7.0184854594756985e-09 7.8376125930100904e-01 7.8376125504185812e-01 4.2591509208378397e-09 1.5675225213613526e+00 1.5675225100837162e+00 1.1277636380313538e-08
1454 7.0971679687500000e-01 7.8283241887375921e-01 7.8283241186359032e-01 7.0101688898205339e-09 7.8283241611765075e-01 7.8283241186359032e-01 4.2540604372476309e-09 1.5656648349914100e+00 1.5656648237271806e+00 1.1264229327068165e-08
1455 7.1020507812500000e-01 7.8190173360686754e-01 7.8190172660503887e-01 7.0018286724149448e-09 7.8190173085402948e-01 7.8190172660503887e-01 4.2489906038056802e-09 1.5638034644608969e+00 1.5638034532100777e+00 1.1250819165198322e-08
1456 7.1069335937500000e-01 7.8096920844965223e-01 7.8096920145619630e-01 6.9934559254747342e-09 7.8096920570019734e-01 7.8096920145619630e-01 4.2440010394884098e-09 1.5619384141498496e+00 1.5619384029123926e+00 1.1237456964963144e-08
1457 7.1118164062500000e-01 7.8003484559644187e-01 7.8003483861138379e-01 6.9850580874941670e-09 7.8003484285041513e-01 7.8003483861138379e-01 4.2390313481632802e-09 1.5600696884468570e+00 1.5600696772227676e+00 1.1224089435657447e-08
1458 7.1166992187500000e-01 7.7909864724589151e-01 7.7909864026924769e-01 6.9766438182128354e-09 7.7909864450330268e-01 7.7909864026924769e-01 4.2340549955000029e-09 1.5581972917491942e+00 1.5581972805384954e+00 1.1210698813712838e-08
1459 7.1215820312500000e-01 7.7816061560096172e-01 7.7816060863275327e-01 6.9682084546940359e-09 7.7816061286184490e-01 7.7816060863275327e-01 4.2290916324461136e-09 1.5563212284628065e+00 1.5563212172655065e+00 1.1197299976117847e-08
1460 7.1264648437500000e-01 7.7722075286893522e-01 7.7722074590917911e-01 6.9597561047629597e-09 7.7722075013330028e-01 7.7722074590917911e-01 4.2241211639648668e-09 1.5544415030022356e+00 1.5544414918183582e+00 1.1183877379750129e-08
1461 7.1313476562500000e-01 7.7627906126138679e-01 7.7627905431011357e-01 6.9512732236987063e-09 7.7627905852932721e-01 7.7627905431011357e-01 4.2192136451291162e-09 1.5525581197907141e+00 1.5525581086202271e+00 1.1170486979850125e-08
1462 7.1362304687500000e-01 7.7533554299419782e-01 7.7533553605144745e-01 6.9427503746055663e-09 7.7533554026587148e-01 7.7533553605144745e-01 4.2144240319785808e-09 1.5506710832600694e+00 1.5506710721028949e+00 1.1157174517606450e-08
1463 7.1411132812500000e-01 7.7439020028756633e-01 7.7439019335337034e-01 6.9341959951785270e-09 7.7439019756307603e-01 7.7439019335337034e-01 4.2097056951462264e-09 1.5487803978506425e+00 1.5487803867067407e+00 1.1143901801347056e-08
1464 7.1459960937500000e-01 7.7344303536600612e-01 7.7344302844036561e-01 6.9256405055284631e-09 7.7344303264525749e-01 7.7344302844036561e-01 4.2048918791337542e-09 1.5468860680112635e+00 1.5468860568807312e+00 1.1130532273639915e-08
1465 7.1508789062500000e-01 7.7249405045829023e-01 7.7249404354120299e-01 6.9170872363244484e-09 7.7249404774118724e-01 7.7249404354120299e-01 4.1999842492757011e-09 1.5449880981994775e+00 1.5449880870824060e+00 1.1117071485600150e-08
1466 7.1557617187500000e-01 7.7154324779745442e-01 7.7154324088893589e-01 6.9085185350203915e-09 7.7154324508398830e-01 7.7154324088893589e-01 4.1950524165557113e-09 1.5430864928814427e+00 1.5430864817778718e+00 1.1103570951576103e-08
1467 7.1606445312500000e-01 7.7059062962086045e-01 7.7059062272089529e-01 6.8999651547940744e-09 7.7059062691085145e-01 7.7059062272089529e-01 4.1899561598057744e-09 1.5411812565317118e+00 1.5411812454417906e+00 1.1089921203577546e-08
1468 7.1655273437500000e-01 7.6963619817012319e-01 7.6963619127868288e-01 6.8914403072994901e-09 7.6963619546330975e-01 7.6963619127868288e-01 4.1846268672429687e-09 1.5392723936334329e+00 1.5392723825573658e+00 1.1076067174542459e-08
1469 7.1704101562500000e-01 7.6867995569108594e-01 7.6867994880816848e-01 6.8829174582063501e-09 7.6867995298736358e-01 7.6867994880816848e-01 4.1791951010949902e-09 1.5373599086784495e+00 1.5373598976163370e+00 1.1062112559301340e-08
1470 7.1752929687500000e-01 7.6772190443386423e-01 7.6772189755948328e-01 6.8743809533700073e-09 7.6772190173322574e-01 7.6772189755948328e-01 4.1737424627541486e-09 1.5354438061670899e+00 1.5354437951189666e+00 1.1048123305101853e-08
1471 7.1801757812500000e-01 7.6676204665280367e-01 7.6676203978701385e-01 6.8657898255608529e-09 7.6676204395547787e-01 7.6676203978701385e-01 4.1684640184058708e-09 1.5335240906082817e+00 1.5335240795740277e+00 1.1034253954989026e-08
1472 7.1850585937500000e-01 7.6580038460657018e-01 7.6580037774939880e-01 6.8571713862652928e-09 7.6580038191262356e-01 7.6580037774939880e-01 4.1632247649303622e-09 1.5316007665191937e+00 1.5316007554987976e+00 1.1020396151195655e-08
1473 7.1899414062500000e-01 7.6483692055805796e-01 7.6483691370952123e-01 6.8485367377135731e-09 7.6483691786750629e-01 7.6483691370952123e-01 4.1579850673656438e-09 1.5296738384255644e+00 1.5296738274190425e+00 1.1006521916101519e-08
1474 7.1948242187500000e-01 7.6387165677441582e-01 7.6387164993450540e-01 6.8399104158345381e-09 7.6387165408711255e-01 7.6387164993450540e-01 4.1526071470343595e-09 1.5277433108615284e+00 1.5277432998690108e+00 1.0992517562868898e-08
1475 7.1997070312500000e-01 7.6290459552701140e-01 7.6290458869571054e-01 6.8313008583231749e-09 7.6290459284276202e-01 7.6290458869571054e-01 4.1470514799968328e-09 1.5258091883697733e+00 1.5258091773914211e+00 1.0978352227297705e-08
1476 7.2045898437500000e-01 7.6193573909142753e-01 7.6193573226872446e-01 6.8227030691758728e-09 7.6193573641006052e-01 7.6193573226872446e-01 4.1413360518660625e-09 1.5238714755014882e+00 1.5238714645374489e+00 1.0964039232064238e-08
1477 7.2094726562500000e-01 7.6096508974746491e-01 7.6096508293336018e-01 6.8141047249170583e-09 7.6096508706888533e-01 7.6096508293336018e-01 4.1355251445551744e-09 1.5219301768163502e+00 1.5219301658667204e+00 1.0949629869472233e-08
1478 7.2143554687500000e-01 7.5999264977913983e-01 7.5999264297364988e-01 6.8054899493574794e-09 7.5999264710335479e-01 7.5999264297364988e-01 4.1297049113708795e-09 1.5199852968824947e+00 1.5199852859472998e+00 1.0935194971750661e-08
1479 7.2192382812500000e-01 7.5901842147469634e-01 7.5901841467783793e-01 6.7968584094302287e-09 7.5901841880171150e-01 7.5901841467783793e-01 4.1238735759563383e-09 1.5180368402764080e+00 1.5180368293556759e+00 1.0920732096408869e-08
1480 7.2241210937500000e-01 7.5804240712657811e-01 7.5804240033837789e-01 6.7882002241503869e-09 7.5804240445647109e-01 7.5804240033837789e-01 4.1180931997786274e-09 1.5160848115830492e+00 1.5160848006767558e+00 1.0906293423929014e-08
1481 7.2290039062500000e-01 7.5706460903143880e-01 7.5706460225192618e-01 6.7795126179603926e-09 7.5706460636428963e-01 7.5706460225192618e-01 4.1123634497708395e-09 1.5141292153957284e+00 1.5141292045038524e+00 1.0891876067731232e-08
1482 7.2338867187500000e-01 7.5608502949012135e-01 7.5608502271933553e-01 6.7707858208976290e-09 7.5608502682607015e-01 7.5608502271933553e-01 4.1067346190359899e-09 1.5121700563161915e+00 1.5121700454386711e+00 1.0877520439933619e-08
1483 7.2387695312500000e-01 7.5510367080764318e-01 7.5510366404565188e-01 6.7619913002303633e-09 7.5510366814700625e-01 7.5510366404565188e-01 4.1013543672363539e-09 1.5102073389546495e+00 1.5102073280913038e+00 1.0863345778489020e-08
1484 7.2436523437500000e-01 7.5412053529324496e-01 7.5412052854010625e-01 6.7531387148989097e-09 7.5412053263629120e-01 7.5412052854010625e-01 4.0961849467890943e-09 1.5082410679295362e+00 1.5082410570802125e+00 1.0849323661688004e-08
1485 7.2485351562500000e-01 7.5313562526037037e-01 7.5313561851611177e-01 6.7442585960364454e-09 7.5313562260717792e-01 7.5313561851611177e-01 4.0910661525117575e-09 1.5062712478675482e+00 1.5062712370322235e+00 1.0835324637525900e-08
1486 7.2534179687500000e-01 7.5214894302663493e-01 7.5214893629125723e-01 6.7353777000178638e-09 7.5214894037711821e-01 7.5214893629125723e-01 4.0858609828831050e-09 1.5042978834037530e+00 1.5042978725825145e+00 1.0821238571878666e-08
1487 7.2583007812500000e-01 7.5116049091379589e-01 7.5116048418730053e-01 6.7264953607093503e-09 7.5116048826787751e-01 7.5116048418730053e-01 4.0805769874197040e-09 1.5023209791816734e+00 1.5023209683746011e+00 1.0807072348129054e-08
1488 7.2631835937500000e-01 7.5017027124776259e-01 7.5017026453016544e-01 6.7175971452115846e-09 7.5017026860543778e-01 7.5017026453016544e-01 4.0752723418080450e-09 1.5003405398532004e+00 1.5003405290603309e+00 1.0792869487019630e-08
1489 7.2680664062500000e-01 7.4917828635856165e-01 7.4917827964993444e-01 6.7086272093064281e-09 7.4917828372015960e-01 7.4917827964993444e-01 4.0702251569157966e-09 1.4983565700787214e+00 1.4983565592998689e+00 1.0778852477244527e-08
1490 7.2729492187500000e-01 7.4818453858044032e-01 7.4818453188084344e-01 6.6995968772687320e-09 7.4818453594623080e-01 7.4818453188084344e-01 4.0653873600859924e-09 1.4963690745266711e+00 1.4963690637616869e+00 1.0764984237354724e-08
1491 7.2778320312500000e-01 7.4718903025186523e-01 7.4718902356127725e-01 6.6905879725354112e-09 7.4718902762163386e-01 7.4718902356127725e-01 4.0603566064945085e-09 1.4943780578734991e+00 1.4943780471225545e+00 1.0750944579029920e-08
1492 7.2827148437500000e-01 7.4619176371540474e-01 7.4619175703376317e-01 6.6816415733583767e-09 7.4619176108868090e-01 7.4619175703376317e-01 4.0549177349191723e-09 1.4923835248040858e+00 1.4923835140675263e+00 1.0736559419299851e-08
1493 7.2875976562500000e-01 7.4519274131773416e-01 7.4519273464496527e-01 6.6727688929901774e-09 7.4519273869398872e-01 7.4519273464496527e-01 4.0490234498591349e-09 1.4903854800117229e+00 1.4903854692899305e+00 1.0721792342849312e-08
1494 7.2924804687500000e-01 7.4419196540966870e-01 7.4419195874568034e-01 6.6639883611330220e-09 7.4419196278825828e-01 7.4419195874568034e-01 4.0425779390673711e-09 1.4883839281979270e+00 1.4883839174913607e+00 1.0706566300200393e-08
1495 7.2973632812500000e-01 7.4318943834608697e-01 7.4318943169082996e-01 6.6552570121558574e-09 7.4318943572662843e-01 7.4318943169082996e-01 4.0357984731898000e-09 1.4863788740727153e+00 1.4863788633816599e+00 1.0691055374323355e-08
1496 7.3022460937500000e-01 7.4218516248593669e-01 7.4218515583945766e-01 6.6464790338116586e-09 7.4218515986861378e-01 7.4218515583945766e-01 4.0291561198557702e-09 1.4843703223545504e+00 1.4843703116789153e+00 1.0675635042645126e-08
1497 7.3071289062500000e-01 7.4117914019233289e-01 7.4117913355472176e-01 6.6376111274024652e-09 7.4117913757759080e-01 7.4117913355472176e-01 4.0228690378896204e-09 1.4823582777699236e+00 1.4823582671094435e+00 1.0660480054269783e-08
1498 7.3120117187500000e-01 7.4017137383254772e-01 7.4017136720388910e-01 6.6286586219987953e-09 7.4017137122081256e-01 7.4017136720388910e-01 4.0169234605258453e-09 1.4803427450533602e+00 1.4803427344077782e+00 1.0645581971502338e-08
1499 7.3168945312500000e-01 7.3916186577793830e-01 7.3916185915833166e-01 6.6196066406121190e-09 7.3916186316970645e-01 7.3916185915833166e-01 4.0113747878933737e-09 1.4783237289476447e+00 1.4783237183166633e+00 1.0630981428505493e-08
1500 7.3217773437500000e-01 7.3815061840402885e-01 7.3815061179351982e-01 6.6105090290591306e-09 7.3815061579949492e-01 7.3815061179351982e-01 4.0059751071908067e-09 1.4763012342035238e+00 1.4763012235870396e+00 1.0616484136249937e-08
1501 7.3266601562500000e-01 7.3713763409035982e-01 7.3713762748901557e-01 6.6013442490131524e-09 7.3713763148982903e-01 7.3713762748901557e-01 4.0008134583047195e-09 1.4742752655801890e+00 1.4742752549780311e+00 1.0602157818340174e-08
1502 7.3315429687500000e-01 7.3612291522064055e-01 7.3612290862846919e-01 6.5921713643390945e-09 7.3612291262408180e-01 7.3612290862846919e-01 3.9956126185458629e-09 1.4722458278447224e+00 1.4722458172569384e+00 1.0587783982884957e-08
1503 7.3364257812500000e-01 7.3510646418261905e-01 7.3510645759961235e-01 6.5830066953154187e-09 7.3510646158989568e-01 7.3510645759961235e-01 3.9902833259830572e-09 1.4702129257725147e+00 1.4702129151992247e+00 1.0573290021298476e-08
1504 7.3413085937500000e-01 7.3408828336810017e-01 7.3408827679425204e-01 6.5738481325183784e-09 7.3408828077909338e-01 7.3408827679425204e-01 3.9848413457832521e-09 1.4681765641471936e+00 1.4681765535885041e+00 1.0558689478301631e-08
1505 7.3461914062500000e-01 7.3306837517293799e-01 7.3306836860826674e-01 6.5646712510414318e-09 7.3306837258767421e-01 7.3306836860826674e-01 3.9794074702115267e-09 1.4661367477606122e+00 1.4661367372165335e+00 1.0544078721252959e-08
1506 7.3510742187500000e-01 7.3204674199706932e-01 7.3204673544159804e-01 6.5554712769255730e-09 7.3204673941560316e-01 7.3204673544159804e-01 3.9740051249737007e-09 1.4640934814126725e+00 1.4640934708831961e+00 1.0529476401899274e-08
1507 7.3559570312500000e-01 7.3102338624445606e-01 7.3102337969824793e-01 6.5462081311196130e-09 7.3102338366707031e-01 7.3102337969824793e-01 3.9688223818501456e-09 1.4620467699115265e+00 1.4620467593964959e+00 1.0515030623992061e-08
1508 7.3608398437500000e-01 7.2999831032319595e-01 7.2999830378627173e-01 6.5369242241430925e-09 7.2999830774992713e-01 7.2999830378627173e-01 3.9636554038935401e-09 1.4599966180731232e+00 1.4599966075725435e+00 1.0500579739058935e-08
1509 7.3657226562500000e-01 7.2897151664541215e-01 7.2897151011777128e-01 6.5276408722780843e-09 7.2897151407617689e-01 7.2897151011777128e-01 3.9584056032992976e-09 1.4579430307215890e+00 1.4579430202355426e+00 1.0486046475577382e-08
1510 7.3706054687500000e-01 7.2794300762725406e-01 7.2794300110889176e-01 6.5183622943720820e-09 7.2794300506193976e-01 7.2794300110889176e-01 3.9530480000493640e-09 1.4558860126891937e+00 1.4558860022177835e+00 1.0471410183399144e-08
1511 7.3754882812500000e-01 7.2691278568887885e-01 7.2691277917981434e-01 6.5090645096077537e-09 7.2691278312751229e-01 7.2691277917981434e-01 3.9476979463159978e-09 1.4538255688163910e+00 1.4538255583596287e+00 1.0456762344901449e-08
1512 7.3803710937500000e-01 7.2588085325445362e-01 7.2588084675475029e-01 6.4997033311087193e-09 7.2588085069732655e-01 7.2588084675475029e-01 3.9425762654587970e-09 1.4517617039517803e+00 1.4517616935095006e+00 1.0442279707589819e-08
1513 7.3852539062500000e-01 7.2484721275226460e-01 7.2484720626193633e-01 6.4903282748218771e-09 7.2484721019937026e-01 7.2484720626193633e-01 3.9374339344533382e-09 1.4496944229516349e+00 1.4496944125238727e+00 1.0427762209275215e-08
1514 7.3901367187500000e-01 7.2381186661458585e-01 7.2381186013362908e-01 6.4809567712487137e-09 7.2381186406581899e-01 7.2381186013362908e-01 3.9321899070188238e-09 1.4476237306804047e+00 1.4476237202672582e+00 1.0413146567245235e-08
1515 7.3950195312500000e-01 7.2277481727771109e-01 7.2277481080609707e-01 6.4716140224518881e-09 7.2277481473282534e-01 7.2277481080609707e-01 3.9267282758714828e-09 1.4455496320105365e+00 1.4455496216121941e+00 1.0398342409345673e-08
1516 7.3999023437500000e-01 7.2173606718193550e-01 7.2173606071961816e-01 6.4623173479105844e-09 7.2173606464056406e-01 7.2173606071961816e-01 3.9209459012923276e-09 1.4434721318224994e+00 1.4434721214392363e+00 1.0383263138180610e-08
1517 7.4047851562500000e-01 7.2069561877153843e-01 7.2069561231847123e-01 6.4530671917140126e-09 7.2069561623331924e-01 7.2069561231847123e-01 3.9148480013295739e-09 1.4413912350048577e+00 1.4413912246369425e+00 1.0367915193043586e-08
1518 7.4096679687500000e-01 7.1965347449476413e-01 7.1965346805093211e-01 6.4438320235282731e-09 7.1965347195952833e-01 7.1965346805093211e-01 3.9085962244556072e-09 1.4393069464542925e+00 1.4393069361018642e+00 1.0352428247983880e-08
1519 7.4145507812500000e-01 7.1860963680383971e-01 7.1860963036926717e-01 6.4345725414582944e-09 7.1860963427163993e-01 7.1860963036926717e-01 3.9023727582687684e-09 1.4372192710754796e+00 1.4372192607385343e+00 1.0336945299727063e-08
1520 7.4194335937500000e-01 7.1756410815506599e-01 7.1756410172972673e-01 6.4253392606516968e-09 7.1756410562566086e-01 7.1756410172972673e-01 3.8959341308597573e-09 1.4351282137807269e+00 1.4351282034594535e+00 1.0321273391511454e-08
1521 7.4243164062500000e-01 7.1651689100866789e-01 7.1651688459254081e-01 6.4161270740825671e-09 7.1651688848184092e-01 7.1651688459254081e-01 3.8893001041984121e-09 1.4330337794905088e+00 1.4330337691850816e+00 1.0305427178280979e-08
1522 7.4291992187500000e-01 7.1546798782878607e-01 7.1546798142191315e-01 6.4068729210831066e-09 7.1546798530469768e-01 7.1546798142191315e-01 3.8827845383337944e-09 1.4309359731334839e+00 1.4309359628438263e+00 1.0289657570439203e-08
1523 7.4340820312500000e-01 7.1441740108359375e-01 7.1441739468601329e-01 6.3975804653892965e-09 7.1441739856237807e-01 7.1441739468601329e-01 3.8763647847162019e-09 1.4288347996459718e+00 1.4288347893720266e+00 1.0273945250105498e-08
1524 7.4389648437500000e-01 7.1336513324528461e-01 7.1336512685697384e-01 6.3883107692674912e-09 7.1336513072672025e-01 7.1336512685697384e-01 3.8697464121995040e-09 1.4267302639720048e+00 1.4267302537139477e+00 1.0258057070444693e-08
1525 7.4438476562500000e-01 7.1231118678992367e-01 7.1231118041088293e-01 6.3790407400787785e-09 7.1231118427393136e-01 7.1231118041088293e-01 3.8630484366919404e-09 1.4246223710638550e+00 1.4246223608217659e+00 1.0242089176770719e-08
1526 7.4487304687500000e-01 7.1125556419744707e-01 7.1125555782777750e-01 6.3696695695725225e-09 7.1125556168454562e-01 7.1125555782777750e-01 3.8567681270862408e-09 1.4225111258819927e+00 1.4225111156555550e+00 1.0226437696658763e-08
1527 7.4536132812500000e-01 7.1019826795179031e-01 7.1019826159164035e-01 6.3601499622478741e-09 7.1019826544277942e-01 7.1019826159164035e-01 3.8511390743067864e-09 1.4203965333945696e+00 1.4203965231832807e+00 1.0211288925532358e-08
1528 7.4584960937500000e-01 7.0913930054087282e-01 7.0913929419039079e-01 6.3504820291271358e-09 7.0913929803654940e-01 7.0913929419039079e-01 3.8461586138183179e-09 1.4182785985774222e+00 1.4182785883807816e+00 1.0196640642945454e-08
1529 7.4633789062500000e-01 7.0807866445658241e-01 7.0807865811588189e-01 6.3407005201909783e-09 7.0807866195753877e-01 7.0807865811588189e-01 3.8416568814980678e-09 1.4161573264141212e+00 1.4161573162317638e+00 1.0182357401689046e-08
1530 7.4682617187500000e-01 7.0701636219479291e-01 7.0701635586389322e-01 6.3308996933741923e-09 7.0701635970106036e-01 7.0701635586389322e-01 3.8371671395864837e-09 1.4140327218958533e+00 1.4140327117277864e+00 1.0168066832960676e-08
1531 7.4731445312500000e-01 7.0595239625524731e-01 7.0595238993412368e-01 6.3211236245308555e-09 7.0595239376659447e-01 7.0595238993412368e-01 3.8324707851700168e-09 1.4119047900218418e+00 1.4119047798682474e+00 1.0153594409700872e-08
1532 7.4780273437500000e-01 7.0488676914153114e-01 7.0488676283018825e-01 6.3113428927508153e-09 7.0488676665789585e-01 7.0488676283018825e-01 3.8277075953274675e-09 1.4097735357994270e+00 1.4097735256603765e+00 1.0139050488078283e-08
1533 7.4829101562500000e-01 7.0381948336122069e-01 7.0381947705961101e-01 6.3016096785162290e-09 7.0381948088223067e-01 7.0381947705961101e-01 3.8226196652502153e-09 1.4076389642434513e+00 1.4076389541192220e+00 1.0124229232744142e-08
1534 7.4877929687500000e-01 7.0275054142575566e-01 7.0275053513381758e-01 6.2919380816595094e-09 7.0275053895096529e-01 7.0275053513381758e-01 3.8171477090287453e-09 1.4055010803767209e+00 1.4055010702676352e+00 1.0109085790688255e-08
1535 7.4926757812500000e-01 7.0167994585045146e-01 7.0167993956813191e-01 6.2823195534633669e-09 7.0167994337945705e-01 7.0167993956813191e-01 3.8113251443760987e-09 1.4033598892299084e+00 1.4033598791362638e+00 1.0093644586817163e-08
1536 7.4975585937500000e-01 7.0060769915448373e-01 7.0060769288176927e-01 6.2727144589658224e-09 7.0060769668712419e-01 7.0060769288176927e-01 3.8053549200611769e-09 1.4012153958416080e+00 1.4012153857635385e+00 1.0078069490049302e-08
1537 7.5024414062500000e-01 6.9953380386089092e-01 6.9953379759782874e-01 6.2630621799897312e-09 6.9953380139736021e-01 6.9953379759782874e-01 3.7995314672301106e-09 1.3990676052582511e+00 1.3990675951956575e+00 1.0062593647219842e-08
1538 7.5073242187500000e-01 6.9845826249668341e-01 6.9845825624329061e-01 6.2533928035790609e-09 6.9845826003699796e-01 6.9845825624329061e-01 3.7937073482652295e-09 1.3969165225336813e+00 1.3969165124865812e+00 1.0047100040821988e-08
1539 7.5122070312500000e-01 6.9738107759270362e-01 6.9738107134900695e-01 6.2436966707934971e-09 6.9738107513693548e-01 6.9738107134900695e-01 3.7879285263997531e-09 1.3947621527296392e+00 1.3947621426980139e+00 1.0031625308215553e-08
1540 7.5170898437500000e-01 6.9630225168370274e-01 6.9630224544969788e-01 6.2340048678777293e-09 6.9630224923174500e-01 6.9630224544969788e-01 3.7820471199268013e-09 1.3926045009154477e+00 1.3926044908993958e+00 1.0016051987804531e-08
1541 7.5219726562500000e-01 6.9522178730825446e-01 6.9522178108394550e-01 6.2243089571367705e-09 6.9522178486004715e-01 6.9522178108394550e-01 3.7761016535853287e-09 1.3904435721683015e+00 1.3904435621678910e+00 1.0000410499699797e-08
1542 7.5268554687500000e-01 6.9413968700875661e-01 6.9413968079418620e-01 6.2145704138316660e-09 6.9413968456447117e-01 6.9413968079418620e-01 3.7702849731147126e-09 1.3882793715732278e+00 1.3882793615883724e+00 9.9848553869463785e-09
1543 7.5317382812500000e-01 6.9305595333149594e-01 6.9305594712670660e-01 6.2047893489847183e-09 6.9305595089130323e-01 6.9305594712670660e-01 3.7645966344257431e-09 1.3861119042227992e+00 1.3861118942534132e+00 9.9693859834104614e-09
1544 7.5366210937500000e-01 6.9197058882663132e-01 6.9197058263163724e-01 6.1949940732830555e-09 6.9197058639053644e-01 6.9197058263163724e-01 3.7588991919079717e-09 1.3839411752171678e+00 1.3839411652632745e+00 9.9538932651910272e-09
1545 7.5415039062500000e-01 6.9088359604812233e-01 6.9088358986294496e-01 6.1851773702770174e-09 6.9088359361616325e-01 6.9088358986294496e-01 3.7532182917132673e-09 1.3817671896642856e+00 1.3817671797258899e+00 9.9383956619902847e-09
1546 7.5463867187500000e-01 6.8979497755377972e-01 6.8979497137842904e-01 6.1753506752637577e-09 6.8979497512593291e-01 6.8979497137842904e-01 3.7475038627832191e-09 1.3795899526797126e+00 1.3795899427568581e+00 9.9228545380469768e-09
1547 7.5512695312500000e-01 6.8870473590527093e-01 6.8870472973971408e-01 6.1655568428520269e-09 6.8870473348125616e-01 6.8870472973971408e-01 3.7415420761632845e-09 1.3774094693865271e+00 1.3774094594794282e+00 9.9070989190153114e-09
1548 7.5561523437500000e-01 6.8761287366804236e-01 6.8761286751224360e-01 6.1557987596216890e-09 6.8761287124756121e-01 6.8761286751224360e-01 3.7353176107757236e-09 1.3752257449156036e+00 1.3752257350244872e+00 9.8911163703974125e-09
1549 7.5610351562500000e-01 6.8651939341132939e-01 6.8651938726527539e-01 6.1460539990676466e-09 6.8651939099421988e-01 6.8651938726527539e-01 3.7289444865251653e-09 1.3730387844055492e+00 1.3730387745305508e+00 9.8749983745705094e-09
1550 7.5659179687500000e-01 6.8542429770814906e-01 6.8542429157187357e-01 6.1362754877336556e-09 6.8542429529452986e-01 6.8542429157187357e-01 3.7226562943359909e-09 1.3708485930026790e+00 1.3708485831437471e+00 9.8589318930919490e-09
1551 7.5708007812500000e-01 6.8432758913535319e-01 6.8432758300890406e-01 6.1264491257873033e-09 6.8432758672543004e-01 6.8432758300890406e-01 3.7165259758609182e-09 1.3686551758607832e+00 1.3686551660178081e+00 9.8429751016482214e-09
1552 7.5756835937500000e-01 6.8322927027361735e-01 6.8322926415702878e-01 6.1165885689717925e-09 6.8322926786750604e-01 6.8322926415702878e-01 3.7104772587781554e-09 1.3664585381411234e+00 1.3664585283140576e+00 9.8270658277499479e-09
1553 7.5805664062500000e-01 6.8212934370741818e-01 6.8212933760069727e-01 6.1067209067289241e-09 6.8212934130508385e-01 6.8212933760069727e-01 3.7043865752650618e-09 1.3642586850125020e+00 1.3642586752013945e+00 9.8111074819939859e-09
1554 7.5854492187500000e-01 6.8102781202497553e-01 6.8102780592814338e-01 6.0968321502485878e-09 6.8102780962646337e-01 6.8102780592814338e-01 3.6983199835916025e-09 1.3620556216514390e+00 1.3620556118562868e+00 9.7951522448624928e-09
1555 7.5903320312500000e-01 6.7992467781832155e-01 6.7992467173137772e-01 6.0869438378574614e-09 6.7992467542354063e-01 6.7992467173137772e-01 3.6921629087416363e-09 1.3598493532418621e+00 1.3598493434627554e+00 9.7791066355767953e-09
1556 7.5952148437500000e-01 6.7881994368322207e-01 6.7881993760618098e-01 6.0770410925670149e-09 6.7881994129218215e-01 6.7881993760618098e-01 3.6860011709549667e-09 1.3576398849754043e+00 1.3576398752123620e+00 9.7630423745442840e-09
1557 7.6000976562500000e-01 6.7771361221923521e-01 6.7771360615209952e-01 6.0671356827413092e-09 6.7771360983186912e-01 6.7771360615209952e-01 3.6797696001400482e-09 1.3554272220511043e+00 1.3554272123041990e+00 9.7469052828813574e-09
1558 7.6049804687500000e-01 6.7660568602963667e-01 6.7660567997243881e-01 6.0571978544032845e-09 6.7660568364604667e-01 6.7660567997243881e-01 3.6736078623533786e-09 1.3532113696756833e+00 1.3532113599448776e+00 9.7308057167566631e-09
1559 7.6098632812500000e-01 6.7549616772147447e-01 6.7549616167425519e-01 6.0472192808802561e-09 6.7549616534182366e-01 6.7549616167425519e-01 3.6675684711440226e-09 1.3509923330632980e+00 1.3509923233485104e+00 9.7147876410019762e-09
1560 7.6147460937500000e-01 6.7438505990555631e-01 6.7438505386835301e-01 6.0372032928412978e-09 6.7438505752998379e-01 6.7438505386835301e-01 3.6616307763637224e-09 1.3487701174355400e+00 1.3487701077367060e+00 9.6988339581827177e-09
1561 7.6196289062500000e-01 6.7327236519643274e-01 6.7327235916927586e-01 6.0271568846914647e-09 6.7327236282504133e-01 6.7327235916927586e-01 3.6557654681246277e-09 1.3465447280214740e+00 1.3465447183385517e+00 9.6829222417937899e-09
1562 7.6245117187500000e-01 6.7215808621235373e-01 6.7215808019530199e-01 6.0170517457436290e-09 6.7215808384541553e-01 6.7215808019530199e-01 3.6501135447508659e-09 1.3443161700577693e+00 1.3443161603906040e+00 9.6671652904944949e-09
1563 7.6293945312500000e-01 6.7104222557533377e-01 6.7104221956843790e-01 6.0068958696035679e-09 6.7104222321307017e-01 6.7104221956843790e-01 3.6446322626559891e-09 1.3420844487884040e+00 1.3420844391368758e+00 9.6515282432818594e-09
1564 7.6342773437500000e-01 6.6992478591112281e-01 6.6992477991441080e-01 5.9967120158432863e-09 6.6992478355361595e-01 6.6992477991441080e-01 3.6392051594447139e-09 1.3398495694647388e+00 1.3398495598288216e+00 9.6359171752880002e-09
1565 7.6391601562500000e-01 6.6880576984921236e-01 6.6880576386266422e-01 5.9865481460974479e-09 6.6880576749626286e-01 6.6880576386266422e-01 3.6335986441926593e-09 1.3376115373454751e+00 1.3376115277253284e+00 9.6201466792678048e-09
1566 7.6440429687500000e-01 6.6768518002276211e-01 6.6768517404635153e-01 5.9764105886372931e-09 6.6768517767413083e-01 6.6768517404635153e-01 3.6277792991867841e-09 1.3353703576968929e+00 1.3353703480927031e+00 9.6041898878240772e-09
1567 7.6489257812500000e-01 6.6656301906860715e-01 6.6656301310232824e-01 5.9662789153591689e-09 6.6656301672417551e-01 6.6656301310232824e-01 3.6218472665439094e-09 1.3331260357927825e+00 1.3331260262046565e+00 9.5881260708807758e-09
1568 7.6538085937500000e-01 6.6543928962729426e-01 6.6543928367114757e-01 5.9561466869695323e-09 6.6543928728698409e-01 6.6543928367114757e-01 3.6158365190885888e-09 1.3308785769142784e+00 1.3308785673422951e+00 9.5719832060581211e-09
1569 7.6586914062500000e-01 6.6431399434306782e-01 6.6431398839705391e-01 5.9460139034683834e-09 6.6431399200680230e-01 6.6431398839705391e-01 3.6097483890884519e-09 1.3286279863498702e+00 1.3286279767941078e+00 9.5557624035791378e-09
1570 7.6635742187500000e-01 6.6318713586386513e-01 6.6318712992797502e-01 5.9358901127737340e-09 6.6318713353150704e-01 6.6318712992797502e-01 3.6035320283289707e-09 1.3263742693953722e+00 1.3263742598559500e+00 9.5394221411027047e-09
1571 7.6684570312500000e-01 6.6205871684129447e-01 6.6205871091551849e-01 5.9257759810193988e-09 6.6205871451270448e-01 6.6205871091551849e-01 3.5971859935202133e-09 1.3241174313539990e+00 1.3241174218310370e+00 9.5229619745396121e-09
1572 7.6733398437500000e-01 6.6092873993064283e-01 6.6092873401496244e-01 5.9156803899895749e-09 6.6092873760562998e-01 6.6092873401496244e-01 3.5906675410757316e-09 1.3218574775362728e+00 1.3218574680299249e+00 9.5063479310653065e-09
1573 7.6782226562500000e-01 6.5979720779084894e-01 6.5979720188525204e-01 5.9055969003907194e-09 6.5979720546925469e-01 6.5979720188525204e-01 3.5840026502143019e-09 1.3195944132601036e+00 1.3195944037705041e+00 9.4895995506050212e-09
1574 7.6831054687500000e-01 6.5866412308449718e-01 6.5866411718899198e-01 5.8955051951414816e-09 6.5866412076628622e-01 6.5866411718899198e-01 3.5772942386103068e-09 1.3173282438507834e+00 1.3173282343779840e+00 9.4727994337517885e-09
1575 7.6879882812500000e-01 6.5752948847783810e-01 6.5752948259243948e-01 5.8853986129037139e-09 6.5752948616302653e-01 6.5752948259243948e-01 3.5705870482516389e-09 1.3150589746408645e+00 1.3150589651848790e+00 9.4559855501330503e-09
1576 7.6928710937500000e-01 6.5639330664077655e-01 6.5639330076549962e-01 5.8752769316328113e-09 6.5639330432937459e-01 6.5639330076549962e-01 3.5638749729116626e-09 1.3127866109701511e+00 1.3127866015309992e+00 9.4391519045444738e-09
1577 7.6977539062500000e-01 6.5525558024683406e-01 6.5525557438171822e-01 5.8651158374445345e-09 6.5525557793899580e-01 6.5525557438171822e-01 3.5572775836101300e-09 1.3105111581858297e+00 1.3105111487634364e+00 9.4223933100323620e-09
1578 7.7026367187500000e-01 6.5411631197318021e-01 6.5411630611827498e-01 5.8549052273093594e-09 6.5411630966912293e-01 6.5411630611827498e-01 3.5508479490076184e-09 1.3082326216423033e+00 1.3082326122365500e+00 9.4057532873392802e-09
1579 7.7075195312500000e-01 6.5297550450062858e-01 6.5297549865597804e-01 5.8446505413201066e-09 6.5297550220053702e-01 6.5297549865597804e-01 3.5445589796623267e-09 1.3059510067011657e+00 1.3059509973119561e+00 9.3892096320047358e-09
1580 7.7124023437500000e-01 6.5183316051361906e-01 6.5183315467925840e-01 5.8343606612609733e-09 6.5183315821761711e-01 6.5183315467925840e-01 3.5383587171367026e-09 1.3036663187312363e+00 1.3036663093585168e+00 9.3727194894199783e-09
1581 7.7172851562500000e-01 6.5068928270019732e-01 6.5068927687616063e-01 5.8240366973549840e-09 6.5068928040840845e-01 6.5068927687616063e-01 3.5322478275645608e-09 1.3013785631086057e+00 1.3013785537523213e+00 9.3562844138972423e-09
1582 7.7221679687500000e-01 6.4954387375201583e-01 6.4954386793834085e-01 5.8136749858661574e-09 6.4954387146458237e-01 6.4954386793834085e-01 3.5262415210013387e-09 1.2990877452165983e+00 1.2990877358766817e+00 9.3399166178897985e-09
1583 7.7270507812500000e-01 6.4839693636433671e-01 6.4839693056105585e-01 5.8032808558650117e-09 6.4839693408137977e-01 6.4839693056105585e-01 3.5203239212577841e-09 1.2967938704457165e+00 1.2967938611221117e+00 9.3236047771227959e-09
1584 7.7319335937500000e-01 6.4724847323602408e-01 6.4724846744316078e-01 5.7928633001580465e-09 6.4724847095760474e-01 6.4724846744316078e-01 3.5144439580747644e-09 1.2944969441936287e+00 1.2944969348863216e+00 9.3073071472105084e-09
1585 7.7368164062500000e-01 6.4609848706953676e-01 6.4609848128710023e-01 5.7824365295999769e-09 6.4609848479562493e-01 6.4609848128710023e-01 3.5085246929966729e-09 1.2921969718651618e+00 1.2921969625742005e+00 9.2909613336189523e-09
1586 7.7416992187500000e-01 6.4494698057090716e-01 6.4494697479890217e-01 5.7720049850829014e-09 6.4494697830145675e-01 6.4494697479890217e-01 3.5025545797040536e-09 1.2898939588723639e+00 1.2898939495978043e+00 9.2745595647869550e-09
1587 7.7465820312500000e-01 6.4379395644975235e-01 6.4379395068817313e-01 5.7615792137255539e-09 6.4379395418464636e-01 6.4379395068817313e-01 3.4964732220643668e-09 1.2875879106343988e+00 1.2875879013763463e+00 9.2580525468122232e-09
1588 7.7514648437500000e-01 6.4263941741923369e-01 6.4263941166809047e-01 5.7511432283163799e-09 6.4263941515844902e-01 6.4263941166809047e-01 3.4903585577339413e-09 1.2852788325776827e+00 1.2852788233361809e+00 9.2415017860503212e-09
1589 7.7563476562500000e-01 6.4148336619609791e-01 6.4148336045539511e-01 5.7407028020151074e-09 6.4148336393958805e-01 6.4148336045539511e-01 3.4841929341666855e-09 1.2829667301356860e+00 1.2829667209107902e+00 9.2248957361817929e-09
1590 7.7612304687500000e-01 6.4032580550061968e-01 6.4032579977038795e-01 5.7302317335583552e-09 6.4032580324848454e-01 6.4032579977038795e-01 3.4780965885161663e-09 1.2806516087491042e+00 1.2806515995407759e+00 9.2083283220745216e-09
1591 7.7661132812500000e-01 6.3916673805665958e-01 6.3916673233692112e-01 5.7197384606411106e-09 6.3916673580894956e-01 6.3916673233692112e-01 3.4720284425304726e-09 1.2783334738656091e+00 1.2783334646738422e+00 9.1917669031715832e-09
1592 7.7709960937500000e-01 6.3800616659162612e-01 6.3800616088239182e-01 5.7092343075382246e-09 6.3800616434832702e-01 6.3800616088239182e-01 3.4659352055044224e-09 1.2760123309399531e+00 1.2760123217647836e+00 9.1751695130426469e-09
1593 7.7758789062500000e-01 6.3684409383648088e-01 6.3684408813773719e-01 5.6987436991562390e-09 6.3684409159742905e-01 6.3684408813773719e-01 3.4596918663254428e-09 1.2736881854339099e+00 1.2736881762754744e+00 9.1584355654816818e-09
1594 7.7807617187500000e-01 6.3568052252571017e-01 6.3568051683742621e-01 5.6882839549743380e-09 6.3568052029064737e-01 6.3568051683742621e-01 3.4532211534710200e-09 1.2713610428163575e+00 1.2713610336748524e+00 9.1415051084453580e-09
1595 7.7856445312500000e-01 6.3451545539729770e-01 6.3451544971945484e-01 5.6778428625392507e-09 6.3451545316603242e-01 6.3451544971945484e-01 3.4465775788916631e-09 1.2690309085633302e+00 1.2690308994389097e+00 9.1244205524532163e-09
1596 7.7905273437500000e-01 6.3334889519275206e-01 6.3334888952533874e-01 5.6674133164236196e-09 6.3334889296513419e-01 6.3334888952533874e-01 3.4397954484788329e-09 1.2666977881578863e+00 1.2666977790506775e+00 9.1072087649024525e-09
1597 7.7954101562500000e-01 6.3218084465709257e-01 6.3218083900010635e-01 5.6569862127986426e-09 6.3218084243303019e-01 6.3218083900010635e-01 3.4329238340902180e-09 1.2643616870901226e+00 1.2643616780002127e+00 9.0899099358665580e-09
1598 7.8002929687500000e-01 6.3101130653884607e-01 6.3101130089229340e-01 5.6465526698801227e-09 6.3101130431830532e-01 6.3101130089229340e-01 3.4260119186058091e-09 1.2620226108571515e+00 1.2620226017845868e+00 9.0725646995082343e-09
1599 7.8051757812500000e-01 6.2984028359004351e-01 6.2984027795393649e-01 5.6361070255306345e-09 6.2984028137301284e-01 6.2984027795393649e-01 3.4190763553709758e-09 1.2596805649630562e+00 1.2596805559078730e+00 9.0551832698793078e-09
1600 7.8100585937500000e-01 6.2866777856620948e-01 6.2866777294056508e-01 5.6256443947688695e-09 6.2866777635271243e-01 6.2866777294056508e-01 3.4121473424519877e-09 1.2573355549189218e+00 1.2573355458811302e+00 9.0377916261985547e-09
1601 7.8149414062500000e-01 6.2749379422635099e-01 6.2749378861119709e-01 5.6151538974091864e-09 6.2749379201647593e-01 6.2749378861119709e-01 3.4052788366878417e-09 1.2549875862428270e+00 1.2549875772223942e+00 9.0204328451193305e-09
1602 7.8198242187500000e-01 6.2631833333295495e-01 6.2631832772833118e-01 5.6046237650875241e-09 6.2631833112686286e-01 6.2631832772833118e-01 3.3985316783002872e-09 1.2526366644598177e+00 1.2526366554566624e+00 9.0031553323655089e-09
1603 7.8247070312500000e-01 6.2514139865198837e-01 6.2514139305794003e-01 5.5940483356664572e-09 6.2514139644986833e-01 6.2514139305794003e-01 3.3919282937944217e-09 1.2502827951018567e+00 1.2502827861158801e+00 8.9859766294608789e-09
1604 7.8295898437500000e-01 6.2396299295288971e-01 6.2396298736946498e-01 5.5834247225661215e-09 6.2396299075495343e-01 6.2396298736946498e-01 3.3854884451400835e-09 1.2479259837078431e+00 1.2479259747389300e+00 8.9689131677062051e-09
1605 7.8344726562500000e-01 6.2278311900856120e-01 6.2278311343580783e-01 5.5727533698757270e-09 6.2278311681501997e-01 6.2278311343580783e-01 3.3792121323372726e-09 1.2455662358235813e+00 1.2455662268716157e+00 8.9519656132353020e-09
1606 7.8393554687500000e-01 6.2160177959536822e-01 6.2160177403332639e-01 5.5620418271118410e-09 6.2160177740638833e-01 6.2160177403332639e-01 3.3730619408700591e-09 1.2432035570017566e+00 1.2432035480666528e+00 8.9351037679819001e-09
1607 7.8442382812500000e-01 6.2041897749312092e-01 6.2041897194182660e-01 5.5512943131219572e-09 6.2041897530883083e-01 6.2041897194182660e-01 3.3670042309807968e-09 1.2408379528019517e+00 1.2408379438836532e+00 8.9182985441027540e-09
1608 7.8491210937500000e-01 6.1923471548507425e-01 6.1923470994455532e-01 5.5405189325341553e-09 6.1923471330556867e-01 6.1923470994455532e-01 3.3610133565176170e-09 1.2384694287906428e+00 1.2384694198891106e+00 8.9015321780294698e-09
1609 7.8540039062500000e-01 6.1804899635791632e-01 6.1804899082819587e-01 5.5297204593074412e-09 6.1804899418325132e-01 6.1804899082819587e-01 3.3550554556782686e-09 1.2360979905411678e+00 1.2360979816563917e+00 8.8847760260080122e-09
1610 7.8588867187500000e-01 6.1686182290176439e-01 6.1686181738286017e-01 5.5189042225123330e-09 6.1686182073196660e-01 6.1686181738286017e-01 3.3491064366231171e-09 1.2337236436337311e+00 1.2337236347657203e+00 8.8680107701577526e-09
1611 7.8637695312500000e-01 6.1567319791016084e-01 6.1567319240208129e-01 5.5080795480222378e-09 6.1567319574521351e-01 6.1567319240208129e-01 3.3431322155053067e-09 1.2313463936553743e+00 1.2313463848041626e+00 8.8512117635275445e-09
1612 7.8686523437500000e-01 6.1448312418006867e-01 6.1448311868280914e-01 5.4972595364688459e-09 6.1448312201986066e-01 6.1448311868280914e-01 3.3370515239994347e-09 1.2289662461999293e+00 1.2289662373656183e+00 8.8343110604682806e-09
1613 7.8735351562500000e-01 6.1329160451185050e-01 6.1329159902540231e-01 5.4864481846550461e-09 6.1329160235625291e-01 6.1329159902540231e-01 3.3308505953399958e-09 1.2265832068681033e+00 1.2265831980508046e+00 8.8172986689727395e-09
1614 7.8784179687500000e-01 6.1209864170926975e-01 6.1209863623362093e-01 5.4756488232499123e-09 6.1209863955813970e-01 6.1209863623362093e-01 3.3245187713859536e-09 1.2241972812674096e+00 1.2241972724672419e+00 8.8001677056581684e-09
1615 7.8833007812500000e-01 6.1090423857948939e-01 6.1090423311462250e-01 5.4648668923462651e-09 6.1090423643263758e-01 6.1090423311462250e-01 3.3180150849076995e-09 1.2218084750121270e+00 1.2218084662292450e+00 8.7828819772539646e-09
1616 7.8881835937500000e-01 6.0970839793305132e-01 6.0970839247895214e-01 5.4540991722973331e-09 6.0970839579031844e-01 6.0970839247895214e-01 3.3113662922801268e-09 1.2194167937233698e+00 1.2194167849579043e+00 8.7654654645774599e-09
1617 7.8930664062500000e-01 6.0851112258388085e-01 6.0851111714053885e-01 5.4433419993671350e-09 6.0851112044511968e-01 6.0851111714053885e-01 3.3045808311982228e-09 1.2170222430290005e+00 1.2170222342810777e+00 8.7479228305653578e-09
1618 7.8979492187500000e-01 6.0731241534927405e-01 6.0731240991668733e-01 5.4325867138160788e-09 6.0731241321439289e-01 6.0731240991668733e-01 3.2977055530736266e-09 1.2146248285636669e+00 1.2146248198333747e+00 8.7302922668897054e-09
1619 7.9028320312500000e-01 6.0611227904988929e-01 6.0611227362807096e-01 5.4218183276333320e-09 6.0611227691889435e-01 6.0611227362807096e-01 3.2908233915662777e-09 1.2122245559687836e+00 1.2122245472561419e+00 8.7126417191996097e-09
1620 7.9077148437500000e-01 6.0491071650975858e-01 6.0491071109872663e-01 5.4110319558375863e-09 6.0491071438268074e-01 6.0491071109872663e-01 3.2839541086460144e-09 1.2098214308924393e+00 1.2098214221974533e+00 8.6949860644836008e-09
1621 7.9125976562500000e-01 6.0370773055626847e-01 6.0370772515604731e-01 5.4002211591352989e-09 6.0370772843318243e-01 6.0370772515604731e-01 3.2771351188287667e-09 1.2074154589894510e+00 1.2074154503120946e+00 8.6773563889863681e-09
1622 7.9174804687500000e-01 6.0250332402016260e-01 6.0250331863077455e-01 5.3893880469502164e-09 6.0250332190112577e-01 6.0250331863077455e-01 3.2703512120590972e-09 1.2050066459212885e+00 1.2050066372615491e+00 8.6597393700316161e-09
1623 7.9223632812500000e-01 6.0129749973552993e-01 6.0129749435699342e-01 5.3785365050629252e-09 6.0129749762057461e-01 6.0129749435699342e-01 3.2635811830772354e-09 1.2025949973561045e+00 1.2025949887139868e+00 8.6421176881401607e-09
1624 7.9272460937500000e-01 6.0009026053979253e-01 6.0009025517212544e-01 5.3676670885849376e-09 6.0009025842894625e-01 6.0009025517212544e-01 3.2568208130356879e-09 1.2001805189687387e+00 1.2001805103442509e+00 8.6244877905983230e-09
1625 7.9321289062500000e-01 5.9888160927370038e-01 5.9888160391692025e-01 5.3567801305831608e-09 5.9888160716699745e-01 5.9888160391692025e-01 3.2500772073618123e-09 1.1977632164406979e+00 1.1977632078338405e+00 8.6068574489672756e-09
1626 7.9370117187500000e-01 5.9767154878132389e-01 5.9767154343545170e-01 5.3458721893662187e-09 5.9767154667881484e-01 5.9767154343545170e-01 3.2433631336203916e-09 1.1953430954601387e+00 1.1953430868709034e+00 8.5892353229866103e-09
1627 7.9418945312500000e-01 5.9646008191004507e-01 5.9646007657510836e-01 5.3349367146182658e-09 5.9646007981181715e-01 5.9646007657510836e-01 3.2367087898776958e-09 1.1929201617218621e+00 1.1929201531502167e+00 8.5716453934736592e-09
1628 7.9467773437500000e-01 5.9524721151055504e-01 5.9524720618658911e-01 5.3239659347781298e-09 5.9524720941674270e-01 5.9524720618658911e-01 3.2301535890510991e-09 1.1904944209272976e+00 1.1904944123731782e+00 8.5541194128069264e-09
1629 7.9516601562500000e-01 5.9403294043687627e-01 5.9403293512389543e-01 5.3129808330609762e-09 5.9403293834748816e-01 5.9403293512389543e-01 3.2235927260870767e-09 1.1880658787843643e+00 1.1880658702477909e+00 8.5365734481257505e-09
1630 7.9565429687500000e-01 5.9281727154631980e-01 5.9281726624432363e-01 5.3019961754330325e-09 5.9281726946127955e-01 5.9281726624432363e-01 3.2169559238681700e-09 1.1856345410075995e+00 1.1856345324886473e+00 8.5189522103235049e-09
1631 7.9614257812500000e-01 5.9160020769947297e-01 5.9160020240846056e-01 5.2910124059835084e-09 5.9160020561869953e-01 5.9160020240846056e-01 3.2102389635468853e-09 1.1832004133181724e+00 1.1832004048169211e+00 8.5012512585080913e-09
1632 7.9663085937500000e-01 5.9038175176020347e-01 5.9038174648017527e-01 5.2800281924447745e-09 5.9038174968361845e-01 5.9038174648017527e-01 3.2034431773908523e-09 1.1807635014438218e+00 1.1807634929603505e+00 8.4834712588133243e-09
1633 7.9711914062500000e-01 5.8916190659564638e-01 5.8916190132661150e-01 5.2690348750772387e-09 5.8916190452323824e-01 5.8916190132661150e-01 3.1966267410865612e-09 1.1783238111188847e+00 1.1783238026532230e+00 8.4656617271861023e-09
1634 7.9760742187500000e-01 5.8794067507620906e-01 5.8794066981818316e-01 5.2580259035650556e-09 5.8794067300799369e-01 5.8794066981818316e-01 3.1898105268268750e-09 1.1758813480842027e+00 1.1758813396363663e+00 8.4478364303919307e-09
1635 7.9809570312500000e-01 5.8671806007557292e-01 5.8671805482856620e-01 5.2470067180010460e-09 5.8671805801153487e-01 5.8671805482856620e-01 3.1829686664153201e-09 1.1734361180871078e+00 1.1734361096571324e+00 8.4299753844163661e-09
1636 7.9858398437500000e-01 5.8549406447066454e-01 5.8549405923469122e-01 5.2359733215823212e-09 5.8549406241081370e-01 5.8549405923469122e-01 3.1761224761339690e-09 1.1709881268814781e+00 1.1709881184693824e+00 8.4120956866939878e-09
1637 7.9907226562500000e-01 5.8426869114165914e-01 5.8426868591673864e-01 5.2249204962606655e-09 5.8426868908603380e-01 5.8426868591673864e-01 3.1692951596440366e-09 1.1685373802276930e+00 1.1685373718334773e+00 8.3942157669270046e-09
1638 7.9956054687500000e-01 5.8304194297198253e-01 5.8304193775812962e-01 5.2138529049727822e-09 5.8304194092059847e-01 5.8304193775812962e-01 3.1624688423548264e-09 1.1660838838925809e+00 1.1660838755162592e+00 8.3763216363053061e-09
1639 8.0004882812500000e-01 5.8181382284828720e-01 5.8181381764552154e-01 5.2027656627373631e-09 5.8181382080118815e-01 5.8181381764552154e-01 3.1556666169052505e-09 1.1636276436494755e+00 1.1636276352910431e+00 8.3584323906649161e-09
1640 8.0053710937500000e-01 5.8058433366045981e-01 5.8058432846879982e-01 5.1916599907997352e-09 5.8058433161768230e-01 5.8058432846879982e-01 3.1488824880909760e-09 1.1611686652781421e+00 1.1611686569375996e+00 8.3405424788907112e-09
1641 8.0102539062500000e-01 5.7935347830161077e-01 5.7935347312107077e-01 5.1805399969850896e-09 5.7935347626316869e-01 5.7935347312107077e-01 3.1420979151874917e-09 1.1587069545647795e+00 1.1587069462421415e+00 8.3226379121725813e-09
1642 8.0151367187500000e-01 5.7812125966805761e-01 5.7812125449865592e-01 5.1694016844905377e-09 5.7812125763398103e-01 5.7812125449865592e-01 3.1353251106480684e-09 1.1562425173020388e+00 1.1562425089973118e+00 8.3047269061609086e-09
1643 8.0200195312500000e-01 5.7688768065932183e-01 5.7688767550108533e-01 5.1582365045987899e-09 5.7688767862969814e-01 5.7688767550108533e-01 3.1286128132634872e-09 1.1537753592890199e+00 1.1537753510021707e+00 8.2868492068399746e-09
1644 8.0249023437500000e-01 5.7565274417813372e-01 5.7565273903108882e-01 5.1470449013990560e-09 5.7565274215305018e-01 5.7565273903108882e-01 3.1219613561006554e-09 1.1513054863311840e+00 1.1513054780621776e+00 8.2690063685220139e-09
1645 8.0297851562500000e-01 5.7441645313041778e-01 5.7441644799459157e-01 5.1358262087575213e-09 5.7441645110995898e-01 5.7441644799459157e-01 3.1153674084904992e-09 1.1488329042403769e+00 1.1488328959891831e+00 8.2511937282703229e-09
1646 8.0346679687500000e-01 5.7317881042529695e-01 5.7317880530070608e-01 5.1245908627706172e-09 5.7317880840948765e-01 5.7317880530070608e-01 3.1087815655084228e-09 1.1463576188347846e+00 1.1463576106014122e+00 8.2333724282790399e-09
1647 8.0395507812500000e-01 5.7193981897507484e-01 5.7193981386172454e-01 5.1133502987354973e-09 5.7193981696387231e-01 5.7193981386172454e-01 3.1021477608916825e-09 1.1438796359389471e+00 1.1438796277234491e+00 8.2154980596271798e-09
1648 8.0444335937500000e-01 5.7069948169521556e-01 5.7069947659311404e-01 5.1021015190499952e-09 5.7069947968859513e-01 5.7069947659311404e-01 3.0954810936734134e-09 1.1413989613838107e+00 1.1413989531862281e+00 8.1975826127234086e-09
1649 8.0493164062500000e-01 5.6945780150434933e-01 5.6945779641350747e-01 5.0908418591788518e-09 5.6945779950230402e-01 5.6945779641350747e-01 3.0887965518644478e-09 1.1389156010066532e+00 1.1389155928270149e+00 8.1796383000209971e-09
1650 8.0541992187500000e-01 5.6821478132427061e-01 5.6821477624469841e-01 5.0795722073004868e-09 5.6821477932678399e-01 5.6821477624469841e-01 3.0820855867474961e-09 1.1364295606510546e+00 1.1364295524893968e+00 8.1616577940479829e-09
1651 8.0590820312500000e-01 5.6697042407992460e-01 5.6697041901163381e-01 5.0682907870580607e-09 5.6697042208699022e-01 5.6697041901163381e-01 3.0753564139729406e-09 1.1339408461669147e+00 1.1339408380232676e+00 8.1436470900086988e-09
1652 8.0639648437500000e-01 5.6572473269940637e-01 5.6572472764240578e-01 5.0570005960537401e-09 5.6572473071100438e-01 5.6572472764240578e-01 3.0685985974443497e-09 1.1314494634104109e+00 1.1314494552848116e+00 8.1255993045203923e-09
1653 8.0688476562500000e-01 5.6447771011395220e-01 5.6447770506824668e-01 5.0457055200681111e-09 5.6447770813004250e-01 5.6447770506824668e-01 3.0617958168832615e-09 1.1289554182439947e+00 1.1289554101364934e+00 8.1075013369513727e-09
1654 8.0737304687500000e-01 5.6322935925792361e-01 5.6322935422352161e-01 5.0344020063874950e-09 5.6322935727847678e-01 5.6322935422352161e-01 3.0549551777170336e-09 1.1264587165364004e+00 1.1264587084470432e+00 8.0893571841045286e-09
1655 8.0786132812500000e-01 5.6197968306881141e-01 5.6197967804571991e-01 5.0230914983018238e-09 5.6197968109379848e-01 5.6197967804571991e-01 3.0480785673248079e-09 1.1239593641626100e+00 1.1239593560914398e+00 8.0711701766489341e-09
1656 8.0834960937500000e-01 5.6072868448721525e-01 5.6072867947545058e-01 5.0117646699376905e-09 5.6072868251665620e-01 5.6072867947545058e-01 3.0412056206685634e-09 1.1214573670038714e+00 1.1214573589509012e+00 8.0529702906062539e-09
1657 8.0883789062500000e-01 5.5947636645686716e-01 5.5947636145643465e-01 5.0004325125030391e-09 5.5947636449071847e-01 5.5947636145643465e-01 3.0342838241992354e-09 1.1189527309475857e+00 1.1189527229128693e+00 8.0347164477245769e-09
1658 8.0932617187500000e-01 5.5822273192459615e-01 5.5822272693549657e-01 4.9890995779122704e-09 5.5822272996279376e-01 5.5822272693549657e-01 3.0272971907052693e-09 1.1164454618873898e+00 1.1164454538709931e+00 8.0163966575952372e-09
1659 8.0981445312500000e-01 5.5696778384031953e-01 5.5696777886256010e-01 4.9777594268718417e-09 5.5696778188282958e-01 5.5696777886256010e-01 3.0202694789593920e-09 1.1139355657231491e+00 1.1139355577251202e+00 7.9980289058312337e-09
1660 8.1030273437500000e-01 5.5571152515703737e-01 5.5571152019063874e-01 4.9663986256831549e-09 5.5571152320391071e-01 5.5571152019063874e-01 3.0132719652797846e-09 1.1114230483609480e+00 1.1114230403812775e+00 7.9796704799406371e-09
1661 8.1079101562500000e-01 5.5445395883085491e-01 5.5445395387583074e-01 4.9550241687512653e-09 5.5445395688209920e-01 5.5445395387583074e-01 3.0062684563958442e-09 1.1089079157129542e+00 1.1089079077516615e+00 7.9612927361694119e-09
1662 8.1127929687500000e-01 5.5319508782093874e-01 5.5319508287731145e-01 4.9436272853142782e-09 5.5319508587661492e-01 5.5319508287731145e-01 2.9993034722508582e-09 1.1063901736975537e+00 1.1063901657546229e+00 7.9429307575651364e-09
1663 8.1176757812500000e-01 5.5193491508954640e-01 5.5193491015732532e-01 4.9322210760038843e-09 5.5193491314964105e-01 5.5193491015732532e-01 2.9923157285338675e-09 1.1038698282391874e+00 1.1038698203146506e+00 7.9245368045377518e-09
1664 8.1225585937500000e-01 5.5067344360198500e-01 5.5067343868118068e-01 4.9208043195747564e-09 5.5067344166649090e-01 5.5067343868118068e-01 2.9853102212484828e-09 1.1013468852684758e+00 1.1013468773623614e+00 7.9061144298009367e-09
1665 8.1274414062500000e-01 5.4941067632660301e-01 5.4941067141724242e-01 4.9093605847261301e-09 5.4941067439560454e-01 5.4941067141724242e-01 2.9783621124934712e-09 1.0988213507222075e+00 1.0988213428344848e+00 7.8877226972196013e-09
1666 8.1323242187500000e-01 5.4814661623480065e-01 5.4814661133692288e-01 4.8978777700270371e-09 5.4814661430846123e-01 5.4814661133692288e-01 2.9715383487172176e-09 1.0962932305432620e+00 1.0962932226738458e+00 7.8694162297665571e-09
1667 8.1372070312500000e-01 5.4688126630104106e-01 5.4688126141467786e-01 4.8863632029494397e-09 5.4688126437948048e-01 5.4688126141467786e-01 2.9648026256268167e-09 1.0937625306805216e+00 1.0937625228293557e+00 7.8511659395985589e-09
1668 8.1420898437500000e-01 5.4561462950280770e-01 5.4561462462799870e-01 4.8748090009098632e-09 5.4561462758618440e-01 5.4561462462799870e-01 2.9581856964000508e-09 1.0912292570889921e+00 1.0912292492559974e+00 7.8329946973099140e-09
1669 8.1469726562500000e-01 5.4434670882064173e-01 5.4434670395740292e-01 4.8632388116587322e-09 5.4434670690898734e-01 5.4434670395740292e-01 2.9515844213179321e-09 1.0886934157296291e+00 1.0886934079148058e+00 7.8148232329766643e-09
1670 8.1518554687500000e-01 5.4307750723809334e-01 5.4307750238643104e-01 4.8516622941363607e-09 5.4307750533137145e-01 5.4307750238643104e-01 2.9449404026493653e-09 1.0861550125694648e+00 1.0861550047728621e+00 7.7966026967857260e-09
1671 8.1567382812500000e-01 5.4180702774173628e-01 5.4180702290163707e-01 4.8400992103125873e-09 5.4180702583979312e-01 5.4180702290163707e-01 2.9381560517904859e-09 1.0836140535815293e+00 1.0836140458032741e+00 7.7782551510807707e-09
1672 8.1616210937500000e-01 5.4053527332114559e-01 5.4053526849258149e-01 4.8285641041090344e-09 5.4053527142374347e-01 5.4053526849258149e-01 2.9311619798022548e-09 1.0810705447448892e+00 1.0810705369851630e+00 7.7597261949335916e-09
1673 8.1665039062500000e-01 5.3926224696887892e-01 5.3926224215182583e-01 4.8170530897451158e-09 5.3926224507579767e-01 5.3926224215182583e-01 2.9239718424278749e-09 1.0785244920446766e+00 1.0785244843036517e+00 7.7410249321729907e-09
1674 8.1713867187500000e-01 5.3798795168047453e-01 5.3798794687492346e-01 4.8055510681876967e-09 5.3798794979158815e-01 5.3798794687492346e-01 2.9166646875466995e-09 1.0759759014720627e+00 1.0759758937498469e+00 7.7222157557343962e-09
1675 8.1762695312500000e-01 5.3671239045446506e-01 5.3671238566041435e-01 4.7940507119648146e-09 5.3671238856969750e-01 5.3671238566041435e-01 2.9092831477228742e-09 1.0734247790241627e+00 1.0734247713208287e+00 7.7033339707099913e-09
1676 8.1811523437500000e-01 5.3543556629234623e-01 5.3543556150981775e-01 4.7825284843483473e-09 5.3543556441174833e-01 5.3543556150981775e-01 2.9019305847199917e-09 1.0708711307040946e+00 1.0708711230196355e+00 7.6844590690683390e-09
1677 8.1860351562500000e-01 5.3415748219861148e-01 5.3415747742762365e-01 4.7709878270296713e-09 5.3415748032222876e-01 5.3415747742762365e-01 2.8946051111589099e-09 1.0683149625208403e+00 1.0683149548552473e+00 7.6655930492108837e-09
1678 8.1909179687500000e-01 5.3287814118070398e-01 5.3287813642128756e-01 4.7594164165332131e-09 5.3287813930864947e-01 5.3287813642128756e-01 2.8873619051239530e-09 1.0657562804893534e+00 1.0657562728425751e+00 7.6467783216571661e-09
1679 8.1958007812500000e-01 5.3159754624904143e-01 5.3159754150122296e-01 4.7478184717064664e-09 5.3159754438139417e-01 5.3159754150122296e-01 2.8801712126380608e-09 1.0631950906304355e+00 1.0631950830024459e+00 7.6279895733222247e-09
1680 8.2006835937500000e-01 5.3031570041701059e-01 5.3031569568079229e-01 4.7362183064336705e-09 5.3031569855372240e-01 5.3031569568079229e-01 2.8729301160268506e-09 1.0606313989707330e+00 1.0606313913615846e+00 7.6091484224605210e-09
1681 8.2055664062500000e-01 5.2903260670092001e-01 5.2903260197630342e-01 4.7246165868486401e-09 5.2903260484192793e-01 5.2903260197630342e-01 2.8656245154579096e-09 1.0580652115428479e+00 1.0580652039526068e+00 7.5902411023065497e-09
1682 8.2104492187500000e-01 5.2774826811999220e-01 5.2774826340699976e-01 4.7129924407585122e-09 5.2774826626535998e-01 5.2774826340699976e-01 2.8583602151854848e-09 1.0554965343853522e+00 1.0554965268139995e+00 7.5713526559439970e-09
1683 8.2153320312500000e-01 5.2646268769637194e-01 5.2646268299505361e-01 4.7013183346322762e-09 5.2646268584632538e-01 5.2646268299505361e-01 2.8512717742401605e-09 1.0529253735426973e+00 1.0529253659901072e+00 7.5525901088724368e-09
1684 8.2202148437500000e-01 5.2517586845514364e-01 5.2517586376556047e-01 4.6895831662396859e-09 5.2517586660997273e-01 5.2517586376556047e-01 2.8444122612825140e-09 1.0503517350651164e+00 1.0503517275311209e+00 7.5339954275221999e-09
1685 8.2250976562500000e-01 5.2388781342431512e-01 5.2388780874652940e-01 4.6777857143354140e-09 5.2388781158432807e-01 5.2388780874652940e-01 2.8377986627248220e-09 1.0477756250086432e+00 1.0477756174930588e+00 7.5155843770602360e-09
1686 8.2299804687500000e-01 5.2259852563482623e-01 5.2259852096887893e-01 4.6659472952015335e-09 5.2259852380019634e-01 5.2259852096887893e-01 2.8313174027516652e-09 1.0451970494350227e+00 1.0451970419377579e+00 7.4972648089755012e-09
1687 8.2348632812500000e-01 5.2130800812050815e-01 5.2130800346642792e-01 4.6540802323136177e-09 5.2130800629133489e-01 5.2130800346642792e-01 2.8249069750074796e-09 1.0426160144118430e+00 1.0426160069328558e+00 7.4789872073210972e-09
1688 8.2397460937500000e-01 5.2001626391810196e-01 5.2001625927588802e-01 4.6422139465818191e-09 5.2001626209431273e-01 5.2001625927588802e-01 2.8184247158336007e-09 1.0400325260124146e+00 1.0400325185517760e+00 7.4606385513931173e-09
1689 8.2446289062500000e-01 5.1872329606720402e-01 5.1872329143685847e-01 4.6303455514262737e-09 5.1872329424873931e-01 5.1872329143685847e-01 2.8118808392818551e-09 1.0374465903159433e+00 1.0374465828737169e+00 7.4422263907081287e-09
1690 8.2495117187500000e-01 5.1742910761031125e-01 5.1742910299181788e-01 4.6184933655268878e-09 5.1742910579700618e-01 5.1742910299181788e-01 2.8051883038671122e-09 1.0348582134073174e+00 1.0348582059836358e+00 7.4236816693940000e-09
1691 8.2543945312500000e-01 5.1613370159278527e-01 5.1613369698611589e-01 4.6066693792923274e-09 5.1613369978439694e-01 5.1613369698611589e-01 2.7982810513194067e-09 1.0322674013771822e+00 1.0322673939722318e+00 7.4049504306117342e-09
1692 8.2592773437500000e-01 5.1483708106284864e-01 5.1483707646796828e-01 4.5948803650830428e-09 5.1483707925910049e-01 5.1483707646796828e-01 2.7911322142415429e-09 1.0296741603219490e+00 1.0296741529359366e+00 7.3860124683022832e-09
1693 8.2641601562500000e-01 5.1353924907156767e-01 5.1353924448844890e-01 4.5831187733824663e-09 5.1353924727222022e-01 5.1353924448844890e-01 2.7837713245659756e-09 1.0270784963437878e+00 1.0270784889768978e+00 7.3668899869261395e-09
1694 8.2690429687500000e-01 5.1224020867284548e-01 5.1224020410148086e-01 4.5713646201761549e-09 5.1224020687778860e-01 5.1224020410148086e-01 2.7763077392606306e-09 1.0244804155506340e+00 1.0244804082029617e+00 7.3476722484144830e-09
1695 8.2739257812500000e-01 5.1093996292344668e-01 5.1093995836383255e-01 4.5596141307058247e-09 5.1093996113258877e-01 5.1093995836383255e-01 2.7687562242917352e-09 1.0218799240560354e+00 1.0218799167276651e+00 7.3283703549975598e-09
1696 8.2788085937500000e-01 5.0963851488295664e-01 5.0963851033510688e-01 4.5478497634476867e-09 5.0963851309631025e-01 5.0963851033510688e-01 2.7612033770552102e-09 1.0192770279792669e+00 1.0192770206702138e+00 7.3090531405028969e-09
1697 8.2836914062500000e-01 5.0833586761379934e-01 5.0833586307773748e-01 4.5360618594614266e-09 5.0833586583143242e-01 5.0833586307773748e-01 2.7536949387396703e-09 1.0166717334452318e+00 1.0166717261554750e+00 7.2897567982010969e-09
1698 8.2885742187500000e-01 5.0703202418123017e-01 5.0703201965697908e-01 4.5242510848808593e-09 5.0703202240320600e-01 5.0703201965697908e-01 2.7462269125422267e-09 1.0140640465844362e+00 1.0140640393139582e+00 7.2704779974230860e-09
1699 8.2934570312500000e-01 5.0572698765332225e-01 5.0572698314090092e-01 4.5124213254865708e-09 5.0572698587969178e-01 5.0572698314090092e-01 2.7387908607678924e-09 1.0114539735330141e+00 1.0114539662818018e+00 7.2512122972767656e-09
1700 8.2983398437500000e-01 5.0442076110093959e-01 5.0442075660037999e-01 4.5005595916691732e-09 5.0442075933182440e-01 5.0442075660037999e-01 2.7314444039916452e-09 1.0088415204327639e+00 1.0088415132007600e+00 7.2320038846385160e-09
1701 8.3032226562500000e-01 5.0311334759776960e-01 5.0311334310909406e-01 4.4886755423689806e-09 5.0311334583323497e-01 5.0311334310909406e-01 2.7241409128464511e-09 1.0062266934310045e+00 1.0062266862181881e+00 7.2128163441931292e-09
1702 8.3081054687500000e-01 5.0180475022028304e-01 5.0180474574351253e-01 4.4767705098536226e-09 5.0180474846038670e-01 5.0180474574351253e-01 2.7168741700833721e-09 1.0036094986806696e+00 1.0036094914870251e+00 7.1936445689146922e-09
1703 8.3129882812500000e-01 5.0049497204773152e-01 5.0049496758289203e-01 4.4648394981194883e-09 5.0049497029255630e-01 5.0049496758289203e-01 2.7096642707391538e-09 1.0009899423402877e+00 1.0009899351657841e+00 7.1745036578363397e-09
1704 8.3178710937500000e-01 4.9918401616216068e-01 4.9918401170926713e-01 4.4528935538856729e-09 4.9918401441172944e-01 4.9918401170926713e-01 2.7024623094895617e-09 9.9836803057389012e-01 9.9836802341853426e-01 7.1553558633752345e-09
1705 8.3227539062500000e-01 4.9787188564838641e-01 4.9787188120744313e-01 4.4409432797820614e-09 4.9787188390265685e-01 4.9787188120744313e-01 2.6952137188729353e-09 9.9574376955104327e-01 9.9574376241488627e-01 7.1361569986549966e-09
1706 8.3276367187500000e-01 4.9655858359398092e-01 4.9655857916499041e-01 4.4289905076766445e-09 4.9655858185289753e-01 4.9655857916499041e-01 2.6879071191032722e-09 9.9311716544687845e-01 9.9311715832998082e-01 7.1168976267799167e-09
1707 8.3325195312500000e-01 4.9524411308925226e-01 4.9524410867223495e-01 4.4170173074675745e-09 4.9524411135286767e-01 4.9524410867223495e-01 2.6806327158013232e-09 9.9048822444211992e-01 9.9048821734446990e-01 7.0976500232688977e-09
1708 8.3374023437500000e-01 4.9392847722726296e-01 4.9392847282225300e-01 4.4050099679004973e-09 4.9392847549571461e-01 4.9392847282225300e-01 2.6734616187518156e-09 9.8785695272297758e-01 9.8785694564450599e-01 7.0784715866523129e-09
1709 8.3422851562500000e-01 4.9261167910383485e-01 4.9261167471086337e-01 4.3929714865775793e-09 4.9261167737723704e-01 4.9261167471086337e-01 2.6663736774068525e-09 9.8522335648107195e-01 9.8522334942172674e-01 7.0593452194955830e-09
1710 8.3471679687500000e-01 4.9129372181754039e-01 4.9129371743661832e-01 4.3809220695578688e-09 4.9129372009589417e-01 4.9129371743661832e-01 2.6592758550769702e-09 9.8258744191343461e-01 9.8258743487323663e-01 7.0401979801459902e-09
1711 8.3520507812500000e-01 4.8997460846965735e-01 4.8997460410079907e-01 4.3688582751499894e-09 4.8997460675297605e-01 4.8997460410079907e-01 2.6521769780352145e-09 9.7994921522263345e-01 9.7994920820159814e-01 7.0210353086963551e-09
1712 8.3569335937500000e-01 4.8865434216420156e-01 4.8865433780740702e-01 4.3567945362532612e-09 4.8865434045241668e-01 4.8865433780740702e-01 2.6450096557439906e-09 9.7730868261661819e-01 9.7730867561481405e-01 7.0018041364861006e-09
1713 8.3618164062500000e-01 4.8733292600788541e-01 4.8733292166315567e-01 4.3447297426446596e-09 4.8733292430093522e-01 4.8733292166315567e-01 2.6377795503407242e-09 9.7466585030882058e-01 9.7466584332631134e-01 6.9825092374742326e-09
1714 8.3666992187500000e-01 4.8601036311013585e-01 4.8601035877746507e-01 4.3326707777069373e-09 4.8601036140791803e-01 4.8601035877746507e-01 2.6304529665566179e-09 9.7202072451805388e-01 9.7202071755493014e-01 6.9631237442635552e-09
1715 8.3715820312500000e-01 4.8468665658305793e-01 4.8468665226245389e-01 4.3206040412080426e-09 4.8468665488555035e-01 4.8468665226245389e-01 2.6230964622619979e-09 9.6937331146860828e-01 9.6937330452490778e-01 6.9437005034700405e-09
1716 8.3764648437500000e-01 4.8336180954146268e-01 4.8336180523293076e-01 4.3085319201274785e-09 4.8336180784862820e-01 4.8336180523293076e-01 2.6156974364255348e-09 9.6672361739009083e-01 9.6672361046586153e-01 6.9242293010418621e-09
1717 8.3813476562500000e-01 4.8203582510285414e-01 4.8203582080638935e-01 4.2964647950505253e-09 4.8203582341459528e-01 4.8203582080638935e-01 2.6082059290111204e-09 9.6407164851744942e-01 9.6407164161277870e-01 6.9046707240616456e-09
1718 8.3862304687500000e-01 4.8070870638738172e-01 4.8070870210299838e-01 4.2843833480965543e-09 4.8070870470371430e-01 4.8070870210299838e-01 2.6007159203977892e-09 9.6141741109109602e-01 9.6141740420599675e-01 6.8850992684943435e-09
1719 8.3911132812500000e-01 4.7938045651787670e-01 4.7938045224559678e-01 4.2722799187266958e-09 4.7938045483886216e-01 4.7938045224559678e-01 2.5932653802129835e-09 9.5876091135673880e-01 9.5876090449119356e-01 6.8655452434285280e-09
1720 8.3959960937500000e-01 4.7805107861983615e-01 4.7805107435968502e-01 4.2601511207607246e-09 4.7805107694555660e-01 4.7805107435968502e-01 2.5858715724247361e-09 9.5610215556539280e-01 9.5610214871937005e-01 6.8460227486966119e-09
1721 8.4008789062500000e-01 4.7672057582141986e-01 4.7672057157341707e-01 4.2480027828695199e-09 4.7672057415192470e-01 4.7672057157341707e-01 2.5785076296358511e-09 9.5344114997334461e-01 9.5344114314683415e-01 6.8265104680165223e-09
1722 8.4057617187500000e-01 4.7538895125345121e-01 4.7538894701759482e-01 4.2358563878686084e-09 4.7538894958866335e-01 4.7538894701759482e-01 2.5710685247481990e-09 9.5077790084211455e-01 9.5077789403518964e-01 6.8069249126168074e-09
1723 8.4106445312500000e-01 4.7405620804937765e-01 4.7405620382565983e-01 4.2237178199400205e-09 4.7405620638917984e-01 4.7405620382565983e-01 2.5635200073814701e-09 9.4811241443855754e-01 9.4811240765131966e-01 6.7872378828326418e-09
1724 8.4155273437500000e-01 4.7272234934526353e-01 4.7272234513368483e-01 4.2115786968999203e-09 4.7272234768959109e-01 4.7272234513368483e-01 2.5559062644120445e-09 9.4544469703485468e-01 9.4544469026736966e-01 6.7674850168231160e-09
1725 8.4204101562500000e-01 4.7138737827981486e-01 4.7138737408036863e-01 4.1994462351979678e-09 4.7138737662856406e-01 4.7138737408036863e-01 2.5481954324391154e-09 9.4277475490837892e-01 9.4277474816073725e-01 6.7476416676370832e-09
1726 8.4252929687500000e-01 4.7005129799434114e-01 4.7005129380702732e-01 4.1873138290071665e-09 4.7005129634743797e-01 4.7005129380702732e-01 2.5404106596127463e-09 9.4010259434177912e-01 9.4010258761405463e-01 6.7277244886199128e-09
1727 8.4301757812500000e-01 4.6871411163274695e-01 4.6871410745758618e-01 4.1751607726681073e-09 4.6871410999025376e-01 4.6871410745758618e-01 2.5326675756609518e-09 9.3742822162300077e-01 9.3742821491517236e-01 6.7078284038402103e-09
1728 8.4350585937500000e-01 4.6737582234154773e-01 4.6737581817857454e-01 4.1629731883929821e-09 4.6737582070359890e-01 4.6737581817857454e-01 2.5250243562702224e-09 9.3475164304514657e-01 9.3475163635714908e-01 6.6879974891520533e-09
1729 8.4399414062500000e-01 4.6603643326985678e-01 4.6603642911911564e-01 4.1507411396857208e-09 4.6603643163665281e-01 4.6603642911911564e-01 2.5175371787256040e-09 9.3207286490650954e-01 9.3207285823823127e-01 6.6682782629001736e-09
1730 8.4448242187500000e-01 4.6469594756938304e-01 4.6469594343092169e-01 4.1384613513884005e-09 4.6469594594114261e-01 4.6469594343092169e-01 2.5102209200156267e-09 9.2939189351052565e-01 9.2939188686184337e-01 6.6486822714040272e-09
1731 8.4497070312500000e-01 4.6335436839442451e-01 4.6335436426828536e-01 4.1261391525715396e-09 4.6335436677133585e-01 4.6335436426828536e-01 2.5030504890999339e-09 9.2670873516576036e-01 9.2670872853657071e-01 6.6291896416714735e-09
1732 8.4545898437500000e-01 4.6201169890186150e-01 4.6201169478807130e-01 4.1137901973797852e-09 4.6201169728401881e-01 4.6201169478807130e-01 2.4959475042329871e-09 9.2402339618588036e-01 9.2402338957614261e-01 6.6097377571239235e-09
1733 8.4594726562500000e-01 4.6066794225114832e-01 4.6066793814971080e-01 4.1014375229408984e-09 4.6066794063851318e-01 4.6066793814971080e-01 2.4888023864022557e-09 9.2133588288966151e-01 9.2133587629942160e-01 6.5902399093431541e-09
1734 8.4643554687500000e-01 4.5932310160428280e-01 4.5932309751519346e-01 4.0890893449052612e-09 4.5932309999675958e-01 4.5932309751519346e-01 2.4815661192612026e-09 9.1864620160104238e-01 9.1864619503038691e-01 6.5706554641664638e-09
1735 8.4692382812500000e-01 4.5797718012579680e-01 4.5797717604905841e-01 4.0767383913120625e-09 4.5797717852333636e-01 4.5797717604905841e-01 2.4742779491937483e-09 9.1595435864913322e-01 9.1595435209811682e-01 6.5510163960169621e-09
1736 8.4741210937500000e-01 4.5663018098276931e-01 4.5663017691838931e-01 4.0643799992245988e-09 4.5663017938534567e-01 4.5663017691838931e-01 2.4669563614132528e-09 9.1326036036811498e-01 9.1326035383677862e-01 6.5313363606378516e-09
1737 8.4790039062500000e-01 4.5528210734483193e-01 4.5528210329280550e-01 4.0520264366072922e-09 4.5528210575234818e-01 4.5528210329280550e-01 2.4595426806328646e-09 9.1056421309718005e-01 9.1056420658561099e-01 6.5115690617290056e-09
1738 8.4838867187500000e-01 4.5393296238414810e-01 4.5393295834445385e-01 4.0396942457832097e-09 4.5393296079641060e-01 4.5393295834445385e-01 2.4519567487502059e-09 9.0786592318055870e-01 9.0786591668890770e-01 6.4916509945334155e-09
1739 8.4887695312500000e-01 4.5258274927538400e-01 4.5258274524800340e-01 4.0273805956836384e-09 4.5258274769221779e-01 4.5258274524800340e-01 2.4442143864433774e-09 9.0516549696760173e-01 9.0516549049600681e-01 6.4715949266158646e-09
1740 8.4936523437500000e-01 4.5123147119569823e-01 4.5123146718063517e-01 4.0150630598034809e-09 4.5123146961706156e-01 4.5123146718063517e-01 2.4364263939702369e-09 9.0246294081275980e-01 9.0246293436127034e-01 6.4514894537737177e-09
1741 8.4985351562500000e-01 4.4987913132476015e-01 4.4987912732203739e-01 4.0027227643513186e-09 4.4987912975072353e-01 4.4987912732203739e-01 2.4286861410871552e-09 8.9975826107548373e-01 8.9975825464407477e-01 6.4314089609496250e-09
1742 8.5034179687500000e-01 4.4852573284475578e-01 4.4852572885439695e-01 3.9903588211487317e-09 4.4852573127539130e-01 4.4852572885439695e-01 2.4209943494390984e-09 8.9705146412014702e-01 8.9705145770879391e-01 6.4113531150766789e-09
1743 8.5083007812500000e-01 4.4717127894035924e-01 4.4717127496239012e-01 3.9779691207719736e-09 4.4717127737576101e-01 4.4717127496239012e-01 2.4133708920182073e-09 8.9434255631612025e-01 8.9434254992478024e-01 6.3913400127901809e-09
1744 8.5131835937500000e-01 4.4581577279872631e-01 4.4581576883317836e-01 3.9655479455724674e-09 4.4581577123901600e-01 4.4581576883317836e-01 2.4058376402180670e-09 8.9163154403774225e-01 8.9163153766635672e-01 6.3713855302793831e-09
1745 8.5180664062500000e-01 4.4445921760950091e-01 4.4445921365639873e-01 3.9531021789329657e-09 4.4445921605475958e-01 4.4445921365639873e-01 2.3983608432587289e-09 8.8891843366426049e-01 8.8891842731279747e-01 6.3514630221916946e-09
1746 8.5229492187500000e-01 4.4310161656480818e-01 4.4310161262415604e-01 3.9406521379348192e-09 4.4310161501499634e-01 4.4310161262415604e-01 2.3908403035122205e-09 8.8620323157980452e-01 8.8620322524831208e-01 6.3314924414470397e-09
1747 8.5278320312500000e-01 4.4174297285920205e-01 4.4174296893101678e-01 3.9281852770578496e-09 4.4174297131435863e-01 4.4174296893101678e-01 2.3833418572039022e-09 8.8348594417356074e-01 8.8348593786203355e-01 6.3115271897729031e-09
1748 8.5327148437500000e-01 4.4038328968969459e-01 4.4038328577400143e-01 3.9156931586070698e-09 4.4038328814990230e-01 4.4038328577400143e-01 2.3759008649371083e-09 8.8076657783959689e-01 8.8076657154800286e-01 6.2915940235441781e-09
1749 8.5375976562500000e-01 4.3902257025575170e-01 4.3902256635257486e-01 3.9031768372943532e-09 4.3902256872109274e-01 4.3902256635257486e-01 2.3685178818233510e-09 8.7804513897684444e-01 8.7804513270514972e-01 6.2716947191177042e-09
1750 8.5424804687500000e-01 4.3766081775927423e-01 4.3766081386864225e-01 3.8906319832499037e-09 4.3766081622985220e-01 4.3766081386864225e-01 2.3612099497860584e-09 8.7532163398912644e-01 8.7532162773728450e-01 6.2518419330359620e-09
1751 8.5473632812500000e-01 4.3629803540460005e-01 4.3629803152653779e-01 3.8780622602097026e-09 4.3629803388050403e-01 4.3629803152653779e-01 2.3539662441507403e-09 8.7259606928510403e-01 8.7259606305307558e-01 6.2320284488492916e-09
1752 8.5522460937500000e-01 4.3493422639850032e-01 4.3493422253302039e-01 3.8654799361381720e-09 4.3493422487974037e-01 4.3493422253302039e-01 2.3467199850024656e-09 8.6986845127824064e-01 8.6986844506604077e-01 6.2121998656294863e-09
1753 8.5571289062500000e-01 4.3356939395015887e-01 4.3356939009726481e-01 3.8528940593529626e-09 4.3356939243668974e-01 4.3356939009726481e-01 2.3394249315522586e-09 8.6713878638684860e-01 8.6713878019452961e-01 6.1923189909052212e-09
1754 8.5620117187500000e-01 4.3220354127115751e-01 4.3220353743085277e-01 3.8403047408763769e-09 4.3220353976293435e-01 4.3220353743085277e-01 2.3320815834004804e-09 8.6440708103409181e-01 8.6440707486170554e-01 6.1723862687657061e-09
1755 8.5668945312500000e-01 4.3083667157548072e-01 4.3083666774776797e-01 3.8277127578645320e-09 4.3083667007245807e-01 4.3083666774776797e-01 2.3246901070805848e-09 8.6167334164793874e-01 8.6167333549553593e-01 6.1524028094339656e-09
1756 8.5717773437500000e-01 4.2946878807951511e-01 4.2946878426438717e-01 3.8151279357911960e-09 4.2946878658158449e-01 4.2946878426438717e-01 2.3171973229096920e-09 8.5893757466109966e-01 8.5893756852877434e-01 6.1323253142120393e-09
1757 8.5766601562500000e-01 4.2809989400202442e-01 4.2809989019947153e-01 3.8025528836804767e-09 4.2809989250906605e-01 4.2809989019947153e-01 2.3095945156370590e-09 8.5619978651109041e-01 8.5619978039894307e-01 6.1121473438063845e-09
1758 8.5815429687500000e-01 4.2672999256416883e-01 4.2672998877416152e-01 3.7900073079910612e-09 4.2672999107594362e-01 4.2672998877416152e-01 2.3017820982573767e-09 8.5345998364011244e-01 8.5345997754832303e-01 6.0917894062484379e-09
1759 8.5864257812500000e-01 4.2535908698944797e-01 4.2535908321196775e-01 3.7774802175150057e-09 4.2535908550577611e-01 4.2535908321196775e-01 2.2938083654722163e-09 8.5071817249522408e-01 8.5071816642393550e-01 6.0712885829872221e-09
1760 8.5913085937500000e-01 4.2398718050372641e-01 4.2398717673876274e-01 3.7649636741576842e-09 4.2398717902447997e-01 4.2398717673876274e-01 2.2857172266022019e-09 8.4797435952820632e-01 8.4797435347752548e-01 6.0506808452487348e-09
1761 8.5961914062500000e-01 4.2261427633523074e-01 4.2261427258277573e-01 3.7524550133838375e-09 4.2261427486029740e-01 4.2261427258277573e-01 2.2775216712567214e-09 8.4522855119552820e-01 8.4522854516555146e-01 6.0299767401517101e-09
1762 8.6010742187500000e-01 4.2124037771450540e-01 4.2124037397458203e-01 3.7399233709933810e-09 4.2124037624396465e-01 4.2124037397458203e-01 2.2693826262631944e-09 8.4248075395847000e-01 8.4248074794916405e-01 6.0093059417454242e-09
1763 8.6059570312500000e-01 4.1986548787444677e-01 4.1986548414709812e-01 3.7273486519495691e-09 4.1986548640848986e-01 4.1986548414709812e-01 2.2613917405323036e-09 8.3973097428293664e-01 8.3973096829419624e-01 5.9887403924818727e-09
1764 8.6108398437500000e-01 4.1848961005029578e-01 4.1848960633557303e-01 3.7147227516243220e-09 4.1848960858916379e-01 4.1848960633557303e-01 2.2535907584497750e-09 8.3697921863945957e-01 8.3697921267114606e-01 5.9683135100740969e-09
1765 8.6157226562500000e-01 4.1711274747962912e-01 4.1711274377757934e-01 3.7020497778428307e-09 4.1711274602354154e-01 4.1711274377757934e-01 2.2459621940029706e-09 8.3422549350317066e-01 8.3422548755515868e-01 5.9480119718458013e-09
1766 8.6206054687500000e-01 4.1573490340235147e-01 4.1573489971300798e-01 3.6893434973706007e-09 4.1573490195144092e-01 4.1573489971300798e-01 2.2384329390057189e-09 8.3146980535379234e-01 8.3146979942601595e-01 5.9277763808651684e-09
1767 8.6254882812500000e-01 4.1435608106068050e-01 4.1435607738405966e-01 3.6766208411087575e-09 4.1435607961497889e-01 4.1435607738405966e-01 2.2309192271308120e-09 8.2871216067565934e-01 8.2871215476811932e-01 5.9075400127284183e-09
1768 8.6303710937500000e-01 4.1297628369913003e-01 4.1297628003523568e-01 3.6638943545774794e-09 4.1297628225859884e-01 4.1297628003523568e-01 2.2233631602475157e-09 8.2595256595772892e-01 8.2595256007047135e-01 5.8872575703361463e-09
1769 8.6352539062500000e-01 4.1159551456450677e-01 4.1159551091333274e-01 3.6511740297839879e-09 4.1159551312904485e-01 4.1159551091333274e-01 2.2157121137844626e-09 8.2319102769355168e-01 8.2319102182666548e-01 5.8668861990796017e-09
1770 8.6401367187500000e-01 4.1021377690588984e-01 4.1021377326743452e-01 3.6384553148138821e-09 4.1021377547542015e-01 4.1021377326743452e-01 2.2079856276668863e-09 8.2042755238131004e-01 8.2042754653486905e-01 5.8464409979919196e-09
1771 8.6450195312500000e-01 4.0883107397464208e-01 4.0883107034890237e-01 3.6257397084682452e-09 4.0883107254908890e-01 4.0883107034890237e-01 2.2001865329634995e-09 8.1766214652373104e-01 8.1766214069780474e-01 5.8259262969428960e-09
1772 8.6499023437500000e-01 4.0744740902439702e-01 4.0744740541137048e-01 3.6130265446132626e-09 4.0744740760368087e-01 4.0744740541137048e-01 2.1923103887822037e-09 8.1489481662807783e-01 8.1489481082274096e-01 5.8053368778843151e-09
1773 8.6547851562500000e-01 4.0606278531105211e-01 4.0606278171073545e-01 3.6003166559162025e-09 4.0606278389508699e-01 4.0606278171073545e-01 2.1843515329855734e-09 8.1212556920613910e-01 8.1212556342147091e-01 5.7846681889017759e-09
1774 8.6596679687500000e-01 4.0467720609275143e-01 4.0467720250515093e-01 3.5876004944590534e-09 4.0467720468151464e-01 4.0467720250515093e-01 2.1763637003680003e-09 8.0935441077426606e-01 8.0935440501030187e-01 5.7639641948270537e-09
1775 8.6645507812500000e-01 4.0329067462989177e-01 4.0329067105501903e-01 3.5748727311712969e-09 4.0329067322338585e-01 4.0329067105501903e-01 2.1683668194327765e-09 8.0658134785327762e-01 8.0658134211003807e-01 5.7432395506040734e-09
1776 8.6694335937500000e-01 4.0190319418510767e-01 4.0190319062298147e-01 3.5621262051144242e-09 4.0190319278338316e-01 4.0190319062298147e-01 2.1604016908760570e-09 8.0380638696849083e-01 8.0380638124596293e-01 5.7225278959904813e-09
1777 8.6743164062500000e-01 4.0051476802327185e-01 4.0051476447391399e-01 3.5493578631751177e-09 4.0051476662639790e-01 4.0051476447391399e-01 2.1524839133313378e-09 8.0102953464966975e-01 8.0102952894782797e-01 5.7018417765064555e-09
1778 8.6791992187500000e-01 3.9912539941148245e-01 3.9912539587491785e-01 3.5365645967289083e-09 3.9912539801954311e-01 3.9912539587491785e-01 2.1446252551626799e-09 7.9825079743102556e-01 7.9825079174983571e-01 5.6811898518915882e-09
1779 8.6840820312500000e-01 3.9773509161905890e-01 3.9773508809531088e-01 3.5237480155991818e-09 3.9773509023213299e-01 3.9773508809531088e-01 2.1368221081452532e-09 7.9547018185119189e-01 7.9547017619062177e-01 5.6605701237444350e-09
1780 8.6889648437500000e-01 3.9634384791752580e-01 3.9634384440662196e-01 3.5109038454272934e-09 3.9634384653571830e-01 3.9634384440662196e-01 2.1290963436726429e-09 7.9268769445324416e-01 7.9268768881324392e-01 5.6400002446110875e-09
1781 8.6938476562500000e-01 3.9495167158061545e-01 3.9495166808258225e-01 3.4980331964362676e-09 3.9495167020402433e-01 3.9495166808258225e-01 2.1214420775628184e-09 7.8990334178463972e-01 7.8990333616516450e-01 5.6194752184879349e-09
1782 8.6987304687500000e-01 3.9355856588425497e-01 3.9355856239911630e-01 3.4851386776502125e-09 3.9355856451296173e-01 3.9355856239911630e-01 2.1138454320279720e-09 7.8711713039721665e-01 7.8711712479823259e-01 5.5989840541670333e-09
1783 8.7036132812500000e-01 3.9216453410656221e-01 3.9216453063433721e-01 3.4722250075169825e-09 3.9216453274062202e-01 3.9216453063433721e-01 2.1062848132302747e-09 7.8432906684718429e-01 7.8432906126867441e-01 5.5785098762584084e-09
1784 8.7084960937500000e-01 3.9076957952783747e-01 3.9076957606853546e-01 3.4593020115103457e-09 3.9076957816724245e-01 3.9076957606853546e-01 2.0987069859756957e-09 7.8153915769507987e-01 7.8153915213707092e-01 5.5580089419748901e-09
1785 8.7133789062500000e-01 3.8937370543053818e-01 3.8937370198417443e-01 3.4463637499371202e-09 3.8937370407531774e-01 3.8937370198417443e-01 2.0911433140646807e-09 7.7874740950585597e-01 7.7874740396834885e-01 5.5375071195129522e-09
1786 8.7182617187500000e-01 3.8797691509930171e-01 3.8797691166588100e-01 3.4334207144048889e-09 3.8797691374942672e-01 3.8797691166588100e-01 2.0835457248402633e-09 7.7595382884872843e-01 7.7595382333176199e-01 5.5169664392451523e-09
1787 8.7231445312500000e-01 3.8657921182091809e-01 3.8657920840043691e-01 3.4204811760751852e-09 3.8657921047630794e-01 3.8657920840043691e-01 2.0758710306267858e-09 7.7315842229722609e-01 7.7315841680087383e-01 5.4963522622131222e-09
1788 8.7280273437500000e-01 3.8518059888432654e-01 3.8518059547677341e-01 3.4075531285537863e-09 3.8518059754484990e-01 3.8518059547677341e-01 2.0680764878378000e-09 7.7036119642917644e-01 7.7036119095354683e-01 5.4756296163915863e-09
1789 8.7329101562500000e-01 3.8378107958060170e-01 3.8378107618596224e-01 3.3946394584205564e-09 3.8378107824610652e-01 3.8378107618596224e-01 2.0601442773937606e-09 7.6756215782670822e-01 7.6756215237192449e-01 5.4547837358143170e-09
1790 8.7377929687500000e-01 3.8238065720294367e-01 3.8238065382120651e-01 3.3817371680733288e-09 3.8238065587330278e-01 3.8238065382120651e-01 2.0520962706882528e-09 7.6476131307624651e-01 7.6476130764241301e-01 5.4338334942727329e-09
1791 8.7426757812500000e-01 3.8097933504667764e-01 3.8097933167783588e-01 3.3688417611088539e-09 3.8097933372179066e-01 3.8097933167783588e-01 2.0439547832040716e-09 7.6195866876846829e-01 7.6195866335567175e-01 5.4127965443129256e-09
1792 8.7475585937500000e-01 3.7957711640924624e-01 3.7957711305329705e-01 3.3559491852130918e-09 3.7957711508903147e-01 3.7957711305329705e-01 2.0357344143739908e-09 7.5915423149827777e-01 7.5915422610659411e-01 5.3916836550982339e-09
1793 8.7524414062500000e-01 3.7817400459019190e-01 3.7817400124714512e-01 3.3430467838435618e-09 3.7817400327464595e-01 3.7817400124714512e-01 2.0275008338899170e-09 7.5634800786483791e-01 7.5634800249429024e-01 5.3705476732446300e-09
1794 8.7573242187500000e-01 3.7677000289115731e-01 3.7676999956103852e-01 3.3301187918333142e-09 3.7677000158037377e-01 3.7676999956103852e-01 2.0193352545661014e-09 7.5354000447153102e-01 7.5353999912207703e-01 5.3494539908882643e-09
1795 8.7622070312500000e-01 3.7536511461588812e-01 3.7536511129872796e-01 3.3171601576675869e-09 3.7536511330999417e-01 3.7536511129872796e-01 2.0112662091342770e-09 7.5073022792588229e-01 7.5073022259745592e-01 5.3284263668018639e-09
1796 8.7670898437500000e-01 3.7395934307021983e-01 3.7395933976605167e-01 3.3041681612999696e-09 3.7395934176935453e-01 3.7395933976605167e-01 2.0033028569343969e-09 7.4791868483957435e-01 7.4791867953210334e-01 5.3074710182343665e-09
1797 8.7719726562500000e-01 3.7255269156206466e-01 3.7255268827092630e-01 3.2911383618383638e-09 3.7255269026639504e-01 3.7255268827092630e-01 1.9954687346945832e-09 7.4510538182845965e-01 7.4510537654185260e-01 5.2866070410217958e-09
1798 8.7768554687500000e-01 3.7114516340140941e-01 3.7114516012333781e-01 3.2780715919500381e-09 3.7114516211110338e-01 3.7114516012333781e-01 1.9877655632605240e-09 7.4229032551251284e-01 7.4229032024667563e-01 5.2658372107217133e-09
1799 8.7817382812500000e-01 3.6973676190030830e-01 3.6973675863533639e-01 3.2649719039490321e-09 3.6973676061550509e-01 3.6973675863533639e-01 1.9801686956810727e-09 7.3947352251581333e-01 7.3947351727067279e-01 5.2451405441189536e-09
1800 8.7866210937500000e-01 3.6832749037287987e-01 3.6832748712102720e-01 3.2518526760227928e-09 3.6832748909363916e-01 3.6832748712102720e-01 1.9726119626639615e-09 7.3665497946651903e-01 7.3665497424205439e-01 5.2244646386867544e-09
1801 8.7915039062500000e-01 3.6691735213528903e-01 3.6691734889656130e-01 3.2387277304479767e-09 3.6691735086158450e-01 3.6691734889656130e-01 1.9650231997125900e-09 7.3383470299687348e-01 7.3383469779312260e-01 5.2037508746494154e-09
1802 8.7963867187500000e-01 3.6550635050573321e-01 3.6550634728013065e-01 3.2256025628285556e-09 3.6550634923750552e-01 3.6550634728013065e-01 1.9573748732959473e-09 7.3101269974323868e-01 7.3101269456026130e-01 5.1829773806133517e-09
1803 8.8012695312500000e-01 3.6409448880444190e-01 3.6409448559195878e-01 3.2124831128577114e-09 3.6409448754159418e-01 3.6409448559195878e-01 1.9496353975689829e-09 7.2818897634603608e-01 7.2818897118391757e-01 5.1621185104266942e-09
1804 8.8061523437500000e-01 3.6268177035366056e-01 3.6268176715429168e-01 3.1993688809350829e-09 3.6268176909610883e-01 3.6268176715429168e-01 1.9418171515184213e-09 7.2536353944976939e-01 7.2536353430858336e-01 5.1411860324535041e-09
1805 8.8110351562500000e-01 3.6126819847765279e-01 3.6126819529139326e-01 3.1862595339937627e-09 3.6126819722530490e-01 3.6126819529139326e-01 1.9339116419381241e-09 7.2253639570295769e-01 7.2253639058278651e-01 5.1201711759318869e-09
1806 8.8159179687500000e-01 3.5985377650268519e-01 3.5985377332953378e-01 3.1731514082977696e-09 3.5985377525547663e-01 3.5985377332953378e-01 1.9259428496454234e-09 7.1970755175816181e-01 7.1970754665906755e-01 5.0990942579431930e-09
1807 8.8208007812500000e-01 3.5843850775701785e-01 3.5843850459698517e-01 3.1600326799718914e-09 3.5843850651495712e-01 3.5843850459698517e-01 1.9179719479289759e-09 7.1687701427197492e-01 7.1687700919397035e-01 5.0780045723897160e-09
1808 8.8256835937500000e-01 3.5702239557090520e-01 3.5702239242401185e-01 3.1468933570089064e-09 3.5702239433404898e-01 3.5702239242401185e-01 1.9100371284608286e-09 7.1404478990495424e-01 7.1404478484802369e-01 5.0569305409808862e-09
1809 8.8305664062500000e-01 3.5560544327658028e-01 3.5560544014286177e-01 3.1337185069091333e-09 3.5560544204508726e-01 3.5560544014286177e-01 1.9022254882372636e-09 7.1121088532166754e-01 7.1121088028572355e-01 5.0359439951463969e-09
1810 8.8354492187500000e-01 3.5418765420824655e-01 3.5418765108776085e-01 3.1204857031674749e-09 3.5418765298240457e-01 3.5418765108776085e-01 1.8946437196909471e-09 7.0837530719065112e-01 7.0837530217552169e-01 5.0151294228584220e-09
1811 8.8403320312500000e-01 3.5276903170213597e-01 3.5276902859490417e-01 3.1072318051883485e-09 3.5276903048200958e-01 3.5276902859490417e-01 1.8871054163760448e-09 7.0553806218414561e-01 7.0553805718980833e-01 4.9943372770755445e-09
1812 8.8452148437500000e-01 3.5134957909642622e-01 3.5134957600244665e-01 3.0939795725437591e-09 3.5134957788195215e-01 3.5134957600244665e-01 1.8795054956832757e-09 7.0269915697837837e-01 7.0269915200489330e-01 4.9734850682270348e-09
1813 8.8500976562500000e-01 3.4992929973124248e-01 3.4992929665049782e-01 3.0807446593783538e-09 3.4992929852225513e-01 3.4992929665049782e-01 1.8717573047055680e-09 6.9985859825349761e-01 6.9985859330099565e-01 4.9525019640839218e-09
1814 8.8549804687500000e-01 3.4850819694864560e-01 3.4850819388111248e-01 3.0675331164076169e-09 3.4850819574494601e-01 3.4850819388111248e-01 1.8638335319565158e-09 6.9701639269359161e-01 6.9701638776222496e-01 4.9313666483641327e-09
1815 8.8598632812500000e-01 3.4708627409262810e-01 3.4708627103828205e-01 3.0543460538545730e-09 3.4708627289401534e-01 3.4708627103828205e-01 1.8557332892576994e-09 6.9417254698664344e-01 6.9417254207656409e-01 4.9100793431122725e-09
1816 8.8647460937500000e-01 3.4566353450910292e-01 3.4566353146792900e-01 3.0411739238012103e-09 3.4566353331542865e-01 3.4566353146792900e-01 1.8474996532624743e-09 6.9132706782453157e-01 6.9132706293585799e-01 4.8886735770636847e-09
1817 8.8696289062500000e-01 3.4423998154589902e-01 3.4423997851789628e-01 3.0280027374374185e-09 3.4423998035710240e-01 3.4423997851789628e-01 1.8392061207350707e-09 6.8847996190300143e-01 6.8847995703579257e-01 4.8672088581724893e-09
1818 8.8745117187500000e-01 3.4281561855274717e-01 3.4281561553794182e-01 3.0148053498102456e-09 3.4281561736892741e-01 3.4281561553794182e-01 1.8309855853715362e-09 6.8563123592167452e-01 6.8563123107588364e-01 4.8457908796706306e-09
1819 8.8793945312500000e-01 3.4139044888130371e-01 3.4139044587972966e-01 3.0015740448696704e-09 3.4139044770260396e-01 3.4139044587972966e-01 1.8228742959536248e-09 6.8278089658390773e-01 6.8278089175945933e-01 4.8244483963344464e-09
1820 8.8842773437500000e-01 3.3996447588513634e-01 3.3996447289682102e-01 2.9883153174203869e-09 3.3996447471166541e-01 3.3996447289682102e-01 1.8148443858834185e-09 6.7992895059680181e-01 6.7992894579364205e-01 4.8031597588149566e-09
1821 8.8891601562500000e-01 3.3853770291970131e-01 3.3853769994466831e-01 2.9750329977318302e-09 3.3853770175154452e-01 3.3853769994466831e-01 1.8068762042133812e-09 6.7707540467124583e-01 6.7707539988933663e-01 4.7819092019452114e-09
1822 8.8940429687500000e-01 3.3711013334234297e-01 3.3711013038060661e-01 2.9617363561662557e-09 3.3711013217952718e-01 3.3711013038060661e-01 1.7989205680635223e-09 6.7422026552187009e-01 6.7422026076121322e-01 4.7606568687186268e-09
1823 8.8989257812500000e-01 3.3568177051229120e-01 3.3568176756384421e-01 2.9484469865614926e-09 3.3568176935471733e-01 3.3568176756384421e-01 1.7908731164695268e-09 6.7136353986700859e-01 6.7136353512768843e-01 4.7393201585421707e-09
1824 8.9038085937500000e-01 3.3425261779062149e-01 3.3425261485545710e-01 2.9351643893171797e-09 3.3425261663819089e-01 3.3425261485545710e-01 1.7827337939202437e-09 6.6850523442881238e-01 6.6850522971091419e-01 4.7178981832374234e-09
1825 8.9086914062500000e-01 3.3282267854027148e-01 3.3282267561838019e-01 2.9218912844797273e-09 3.3282267739286897e-01 3.3282267561838019e-01 1.7744887781390162e-09 6.6564535593314045e-01 6.6564535123676039e-01 4.6963800626187435e-09
1826 8.9135742187500000e-01 3.3139195612600841e-01 3.3139195321739767e-01 2.9086107411480100e-09 3.3139195498362278e-01 3.3139195321739767e-01 1.7662251106109750e-09 6.6278391110963120e-01 6.6278390643479534e-01 4.6748358517589850e-09
1827 8.9184570312500000e-01 3.2996045391444706e-01 3.2996045101913846e-01 2.8953086039784637e-09 3.2996045277715119e-01 3.2996045101913846e-01 1.7580127353866715e-09 6.5992090669159831e-01 6.5992090203827691e-01 4.6533213948762864e-09
1828 8.9233398437500000e-01 3.2852817527404532e-01 3.2852817239206467e-01 2.8819806541235948e-09 3.2852817414193747e-01 3.2852817239206467e-01 1.7498728022147247e-09 6.5705634941598279e-01 6.5705634478412933e-01 4.6318534563383196e-09
1829 8.9282226562500000e-01 3.2709512357509141e-01 3.2709512070646668e-01 2.8686247266485054e-09 3.2709512244828376e-01 3.2709512070646668e-01 1.7418170794591958e-09 6.5419024602337517e-01 6.5419024141293336e-01 4.6104418061077013e-09
1830 8.9331054687500000e-01 3.2566130218970313e-01 3.2566129933445398e-01 2.8552491482258802e-09 3.2566130106825331e-01 3.2566129933445398e-01 1.7337993263311091e-09 6.5132260325795643e-01 6.5132259866890796e-01 4.5890484745569893e-09
1831 8.9379882812500000e-01 3.2422671449180879e-01 3.2422671164994582e-01 2.8418629671733697e-09 3.2422671337572651e-01 3.2422671164994582e-01 1.7257806850246027e-09 6.4845342786753535e-01 6.4845342329989164e-01 4.5676437077091236e-09
1832 8.9428710937500000e-01 3.2279136385714513e-01 3.2279136102866612e-01 2.8284790065669085e-09 3.2279136274636194e-01 3.2279136102866612e-01 1.7176958189146774e-09 6.4558272660350702e-01 6.4558272205733225e-01 4.5461747699704347e-09
1833 8.9477539062500000e-01 3.2135525366323375e-01 3.2135525084813388e-01 2.8150998754306045e-09 3.2135525255766451e-01 3.2135525084813388e-01 1.7095306281689204e-09 6.4271050622089820e-01 6.4271050169626776e-01 4.5246304480883737e-09
1834 8.9526367187500000e-01 3.1991838728937266e-01 3.1991838448765436e-01 2.8017183018036462e-09 3.1991838618897800e-01 3.1991838448765436e-01 1.7013236375262863e-09 6.3983677347835066e-01 6.3983676897530872e-01 4.5030419393299326e-09
1835 8.9575195312500000e-01 3.1848076811664261e-01 3.1848076532831321e-01 2.7883294007047255e-09 3.1848076702141032e-01 3.1848076532831321e-01 1.6930971069584189e-09 6.3696153513805287e-01 6.3696153065662642e-01 4.4814264521519931e-09
1836 8.9624023437500000e-01 3.1704239952790636e-01 3.1704239675296769e-01 2.7749386677378141e-09 3.1704239843779175e-01 3.1704239675296769e-01 1.6848240580458196e-09 6.3408479796569805e-01 6.3408479350593538e-01 4.4597626702724824e-09
1837 8.9672851562500000e-01 3.1560328490777972e-01 3.1560328214623706e-01 2.7615426612115357e-09 3.1560328382276032e-01 3.1560328214623706e-01 1.6765232535576047e-09 6.3120656873054004e-01 6.3120656429247413e-01 4.4380659147691404e-09
1838 8.9721679687500000e-01 3.1416342764263705e-01 3.1416342489449789e-01 2.7481391606798411e-09 3.1416342656270069e-01 3.1416342489449789e-01 1.6682027981218539e-09 6.2832685420533774e-01 6.2832684978899578e-01 4.4163419588016950e-09
1839 8.9770507812500000e-01 3.1272283112059235e-01 3.1272282838587251e-01 2.7347198394700456e-09 3.1272283004578116e-01 3.1272282838587251e-01 1.6599086549717867e-09 6.2544566116637346e-01 6.2544565677174502e-01 4.3946284389306811e-09
1840 8.9819335937500000e-01 3.1128149873150412e-01 3.1128149601022415e-01 2.7212799791342945e-09 3.1128149766188784e-01 3.1128149601022415e-01 1.6516636947017105e-09 6.2256299639339197e-01 6.2256299202044829e-01 4.3729436738360050e-09
1841 8.9868164062500000e-01 3.0983943386696811e-01 3.0983943115914747e-01 2.7078206343844613e-09 3.0983943280260673e-01 3.0983943115914747e-01 1.6434592575720330e-09 6.1967886666957483e-01 6.1967886231829494e-01 4.3512798919564943e-09
1842 8.9916992187500000e-01 3.0839663992030231e-01 3.0839663722595961e-01 2.6943426933989656e-09 3.0839663886125457e-01 3.0839663722595961e-01 1.6352949550046958e-09 6.1679327878155688e-01 6.1679327445191923e-01 4.3296376484036614e-09
1843 8.9965820312500000e-01 3.0695312028654409e-01 3.0695311760569433e-01 2.6808497644026374e-09 3.0695311923284774e-01 3.0695311760569433e-01 1.6271534120093634e-09 6.1390623951939183e-01 6.1390623521138865e-01 4.3080031764120008e-09
1844 9.0014648437500000e-01 3.0550887836244067e-01 3.0550887569509333e-01 2.6673473429994488e-09 3.0550887731409526e-01 3.0550887569509333e-01 1.6190019325179605e-09 6.1101775567653593e-01 6.1101775139018666e-01 4.2863492755174093e-09
1845 9.0063476562500000e-01 3.0406391754643619e-01 3.0406391489259632e-01 2.6538398700814980e-09 3.0406391650341902e-01 3.0406391489259632e-01 1.6108226974509421e-09 6.0812783404985526e-01 6.0812782978519264e-01 4.2646626230435913e-09
1846 9.0112304687500000e-01 3.0261824123866510e-01 3.0261823859833614e-01 2.6403289554721709e-09 3.0261824020094574e-01 3.0261823859833614e-01 1.6026096005816726e-09 6.0523648143961084e-01 6.0523647719667228e-01 4.2429385560538435e-09
1847 9.0161132812500000e-01 3.0117185284094367e-01 3.0117185021412929e-01 2.6268143771268626e-09 3.0117185180848499e-01 3.0117185021412929e-01 1.5943557030162481e-09 6.0234370464942866e-01 6.0234370042825858e-01 4.2211700801431107e-09
1848 9.0209960937500000e-01 2.9972475575676388e-01 2.9972475314346642e-01 2.6132974673132026e-09 2.9972475472953136e-01 2.9972475314346642e-01 1.5860649460464060e-09 5.9944951048629525e-01 5.9944950628693283e-01 4.1993624133596086e-09
1849 9.0258789062500000e-01 2.9827695339128457e-01 2.9827695079150746e-01 2.5997771158081662e-09 2.9827695236924229e-01 2.9827695079150746e-01 1.5777348316703410e-09 5.9655390576052691e-01 5.9655390158301491e-01 4.1775120029896584e-09
1850 9.0307617187500000e-01 2.9682844915132200e-01 2.9682844656507051e-01 2.5862514907437628e-09 2.9682844813445236e-01 2.9682844656507051e-01 1.5693818466999687e-09 5.9365689728577431e-01 5.9365689313014103e-01 4.1556332819325803e-09
1851 9.0356445312500000e-01 2.9537924644534114e-01 2.9537924387262632e-01 2.5727148189602644e-09 2.9537924543365596e-01 2.9537924387262632e-01 1.5610296388857137e-09 5.9075849187899709e-01 5.9075848774525264e-01 4.1337444578459781e-09
1852 9.0405273437500000e-01 2.9392934868346188e-01 2.9392934612428917e-01 2.5591727070839454e-09 2.9392934767693940e-01 2.9392934612428917e-01 1.5526502306073553e-09 5.8785869636040133e-01 5.8785869224857834e-01 4.1118229932024519e-09
1853 9.0454101562500000e-01 2.9247875927743139e-01 2.9247875673180773e-01 2.5456236563137224e-09 2.9247875827606484e-01 2.9247875673180773e-01 1.5442571110746428e-09 5.8495751755349623e-01 5.8495751346361546e-01 4.0898807673883653e-09
1854 9.0502929687500000e-01 2.9102748164062042e-01 2.9102747910855936e-01 2.5320610608225991e-09 2.9102748064444112e-01 2.9102747910855936e-01 1.5358817551103243e-09 5.8205496228506148e-01 5.8205495821711872e-01 4.0679427604217722e-09
1855 9.0551757812500000e-01 2.8957551918801444e-01 2.8957551666954096e-01 2.5184734853134216e-09 2.8957551819711419e-01 2.8957551666954096e-01 1.5275732345720883e-09 5.7915103738512863e-01 5.7915103333908191e-01 4.0460467198855099e-09
1856 9.0600585937500000e-01 2.8812287533622721e-01 2.8812287283135951e-01 2.5048677021466403e-09 2.8812287435066780e-01 2.8812287283135951e-01 1.5193082902875688e-09 5.7624574968689501e-01 5.7624574566271902e-01 4.0241759924342091e-09
1857 9.0649414062500000e-01 2.8666955350347062e-01 2.8666955101222669e-01 2.4912439333668601e-09 2.8666955252330706e-01 2.8666955101222669e-01 1.5110803719409205e-09 5.7333910602677762e-01 5.7333910202445337e-01 4.0023242497966294e-09
1858 9.0698242187500000e-01 2.8521555710955598e-01 2.8521555463194959e-01 2.4776063978215745e-09 2.8521555613481692e-01 2.8521555463194959e-01 1.5028673305828022e-09 5.7043111324437290e-01 5.7043110926389917e-01 3.9804737284043767e-09
1859 9.0747070312500000e-01 2.8376088957588025e-01 2.8376088711192132e-01 2.4639589257802186e-09 2.8376088860657811e-01 2.8376088711192132e-01 1.4946567872264893e-09 5.6752177818245841e-01 5.6752177422384265e-01 3.9586157685178591e-09
1860 9.0795898437500000e-01 2.8230555432541826e-01 2.8230555187511580e-01 2.4503024609323631e-09 2.8230555336155516e-01 2.8230555187511580e-01 1.4864393604874238e-09 5.6461110768697342e-01 5.6461110375023160e-01 3.9367418214197869e-09
1861 9.0844726562500000e-01 2.8084955478271650e-01 2.8084955234607673e-01 2.4366397788355698e-09 2.8084955382427945e-01 2.8084955234607673e-01 1.4782027268900322e-09 5.6169910860699601e-01 5.6169910469215345e-01 3.9148425612367532e-09
1862 9.0893554687500000e-01 2.7939289437388060e-01 2.7939289195091199e-01 2.4229686035326381e-09 2.7939289342087065e-01 2.7939289195091199e-01 1.4699586547983756e-09 5.5878578779475130e-01 5.5878578390182398e-01 3.8929273138421649e-09
1863 9.0942382812500000e-01 2.7793557652657247e-01 2.7793557411728459e-01 2.4092878803116946e-09 2.7793557557899767e-01 2.7793557411728459e-01 1.4617130839056358e-09 5.5587115210557014e-01 5.5587114823456918e-01 3.8710009642173304e-09
1864 9.0991210937500000e-01 2.7647760466999538e-01 2.7647760227440338e-01 2.3955920025464650e-09 2.7647760372789554e-01 2.7647760227440338e-01 1.4534921599640427e-09 5.5295520839789092e-01 5.5295520454880676e-01 3.8490841625105077e-09
1865 9.1040039062500000e-01 2.7501898223490806e-01 2.7501897985301738e-01 2.3818906846884147e-09 2.7501898129826557e-01 2.7501897985301738e-01 1.4452481988946886e-09 5.5003796353317358e-01 5.5003795970603475e-01 3.8271388280719520e-09
1866 9.1088867187500000e-01 2.7355971265359352e-01 2.7355971028540638e-01 2.3681871463843152e-09 2.7355971172237009e-01 2.7355971028540638e-01 1.4369637146849357e-09 5.4711942437596361e-01 5.4711942057081275e-01 3.8051508610692508e-09
1867 9.1137695312500000e-01 2.7209979935986056e-01 2.7209979700537179e-01 2.3544887706172801e-09 2.7209979843397747e-01 2.7209979700537179e-01 1.4286056781998013e-09 5.4419959779383809e-01 5.4419959401074358e-01 3.7830945043282327e-09
1868 9.1186523437500000e-01 2.7063924578902609e-01 2.7063924344823115e-01 2.3407949467646461e-09 2.7063924486840474e-01 2.7063924344823115e-01 1.4201735898389245e-09 5.4127849065743083e-01 5.4127848689646230e-01 3.7609685366035706e-09
1869 9.1235351562500000e-01 2.6917805537790335e-01 2.6917805305080827e-01 2.3270950721965278e-09 2.6917805446252863e-01 2.6917805305080827e-01 1.4117203517294286e-09 5.3835610984043192e-01 5.3835610610161655e-01 3.7388153684148051e-09
1870 9.1284179687500000e-01 2.6771623156481156e-01 2.6771622925142463e-01 2.3133869264668760e-09 2.6771623065468475e-01 2.6771622925142463e-01 1.4032601192148775e-09 5.3543246221949636e-01 5.3543245850284926e-01 3.7166471011929048e-09
1871 9.1333007812500000e-01 2.6625377778955583e-01 2.6625377548989360e-01 2.2996622384141574e-09 2.6625377688472301e-01 2.6625377548989360e-01 1.3948294186327814e-09 5.3250755467427879e-01 5.3250755097978719e-01 3.6944916015357876e-09
1872 9.1381835937500000e-01 2.6479069749341971e-01 2.6479069520750936e-01 2.2859103498973354e-09 2.6479069659399795e-01 2.6479069520750936e-01 1.3864885906045288e-09 5.2958139408741767e-01 5.2958139041501873e-01 3.6723989405018642e-09
1873 9.1430664062500000e-01 2.6332699411917215e-01 2.6332699184704145e-01 2.2721307058048978e-09 2.6332699322527797e-01 2.6332699184704145e-01 1.3782365249070949e-09 5.2665398734445013e-01 5.2665398369408289e-01 3.6503672307119928e-09
1874 9.1479492187500000e-01 2.6186267111105815e-01 2.6186266885272586e-01 2.2583322989433441e-09 2.6186267022275367e-01 2.6186266885272586e-01 1.3700278134187727e-09 5.2372534133381188e-01 5.2372533770545171e-01 3.6283601678732680e-09
1875 9.1528320312500000e-01 2.6039773191477505e-01 2.6039772967025504e-01 2.2445200142939825e-09 2.6039773103209696e-01 2.6039772967025504e-01 1.3618419170136065e-09 5.2079546294687207e-01 5.2079545934051008e-01 3.6063619868187402e-09
1876 9.1577148437500000e-01 2.5893217997747575e-01 2.5893217774677291e-01 2.2307028446633126e-09 2.5893217910040550e-01 2.5893217774677291e-01 1.3536325949026207e-09 5.1786435907788131e-01 5.1786435549354581e-01 3.5843354950770845e-09
1877 9.1625976562500000e-01 2.5746601874775216e-01 2.5746601653086504e-01 2.2168871183225747e-09 2.5746601787623113e-01 2.5746601653086504e-01 1.3453660963058667e-09 5.1493203662398335e-01 5.1493203306173008e-01 3.5622532701395926e-09
1878 9.1674804687500000e-01 2.5599925167561405e-01 2.5599924947254971e-01 2.2030643420656304e-09 2.5599925080963543e-01 2.5599924947254971e-01 1.3370857199213049e-09 5.1199850248524947e-01 5.1199849894509941e-01 3.5401500619869353e-09
1879 9.1723632812500000e-01 2.5453188221249734e-01 2.5453188002327176e-01 2.1892255785971315e-09 2.5453188135211086e-01 2.5453188002327176e-01 1.3288390943166917e-09 5.0906376356460825e-01 5.0906376004654352e-01 3.5180647284249744e-09
1880 9.1772460937500000e-01 2.5306391381126031e-01 2.5306391163589376e-01 2.1753665535584332e-09 2.5306391295653952e-01 2.5306391163589376e-01 1.3206457594172605e-09 5.0612782676779977e-01 5.0612782327178751e-01 3.4960122574645425e-09
1881 9.1821289062500000e-01 2.5159534992617721e-01 2.5159534776468623e-01 2.1614909861966680e-09 2.5159534907717485e-01 2.5159534776468623e-01 1.3124886177884321e-09 5.0319069900335212e-01 5.0319069552937246e-01 3.4739796594962513e-09
1882 9.1870117187500000e-01 2.5012619401292846e-01 2.5012619186532270e-01 2.1476057598945886e-09 2.5012619316965151e-01 2.5012619186532270e-01 1.3043288116243446e-09 5.0025238718257992e-01 5.0025238373064540e-01 3.4519345160077819e-09
1883 9.1918945312500000e-01 2.4865644952859600e-01 2.4865644739486803e-01 2.1337279720867741e-09 2.4865644869095546e-01 2.4865644739486803e-01 1.2960874318235227e-09 4.9731289821955149e-01 4.9731289478973606e-01 3.4298154316658724e-09
1884 9.1967773437500000e-01 2.4718611993163669e-01 2.4718611781177341e-01 2.1198632849106502e-09 2.4718611909950663e-01 2.4718611781177341e-01 1.2877332256078233e-09 4.9437223903114336e-01 4.9437223562354682e-01 3.4075965382740492e-09
1885 9.2016601562500000e-01 2.4571520868187452e-01 2.4571520657586673e-01 2.1060077848300551e-09 2.4571520785515324e-01 2.4571520657586673e-01 1.2792865100585971e-09 4.9143041653702779e-01 4.9143041315173347e-01 3.3852943226442278e-09
1886 9.2065429687500000e-01 2.4424371924051011e-01 2.4424371714834345e-01 2.0921666621376289e-09 2.4424371841906700e-01 2.4424371714834345e-01 1.2707235541586925e-09 4.8848743765957714e-01 4.8848743429668690e-01 3.3628902440518971e-09
1887 9.2114257812500000e-01 2.4277165507009796e-01 2.4277165299176068e-01 2.0783372800536881e-09 2.4277165425381705e-01 2.4277165299176068e-01 1.2620563760723513e-09 4.8554330932391498e-01 4.8554330598352136e-01 3.3403936283704638e-09
1888 9.2163085937500000e-01 2.4129901963453998e-01 2.4129901757002803e-01 2.0645119502837872e-09 2.4129901882334825e-01 2.4129901757002803e-01 1.2533202253806053e-09 4.8259803845788823e-01 4.8259803514005606e-01 3.3178321756643925e-09
1889 9.2211914062500000e-01 2.3982581639907699e-01 2.3982581434839806e-01 2.0506789322194408e-09 2.3982581559297866e-01 2.3982581434839806e-01 1.2445806052419073e-09 4.7965163199205563e-01 4.7965162869679612e-01 3.2952595097057724e-09
1890 9.2260742187500000e-01 2.3835204883029407e-01 2.3835204679346067e-01 2.0368333963904917e-09 2.3835204802931653e-01 2.3835204679346067e-01 1.2358558620917393e-09 4.7670409685961057e-01 4.7670409358692134e-01 3.2726892307266553e-09
1891 9.2309570312500000e-01 2.3687772039610996e-01 2.3687771837313368e-01 2.0229762864865108e-09 2.3687771960027426e-01 2.3687771837313368e-01 1.2271405835928562e-09 4.7375543999638425e-01 4.7375543674626736e-01 3.2501168978349426e-09
1892 9.2358398437500000e-01 2.3540283456576339e-01 2.3540283255665348e-01 2.0091099062202744e-09 2.3540283377508525e-01 2.3540283255665348e-01 1.2184317721430915e-09 4.7080566834084864e-01 4.7080566511330696e-01 3.2275416783633659e-09
1893 9.2407226562500000e-01 2.3392739480979374e-01 2.3392739281456967e-01 1.9952240692955314e-09 2.3392739402434132e-01 2.3392739281456967e-01 1.2097716439729567e-09 4.6785478883413506e-01 4.6785478562913935e-01 3.2049957132684881e-09
1894 9.2456054687500000e-01 2.3245140460004801e-01 2.3245140261873365e-01 1.9813143625757590e-09 2.3245140381992299e-01 2.3245140261873365e-01 1.2011893424368481e-09 4.6490280841997100e-01 4.6490280523746730e-01 3.1825037050126070e-09
1895 9.2504882812500000e-01 2.3097486740967149e-01 2.3097486544229334e-01 1.9673781492812736e-09 2.3097486663499003e-01 2.3097486544229334e-01 1.1926966914099779e-09 4.6194973404466155e-01 4.6194973088458668e-01 3.1600748684468272e-09
1896 9.2553710937500000e-01 2.2949778671310331e-01 2.2949778475968380e-01 1.9534195094816909e-09 2.2949778594395354e-01 2.2949778475968380e-01 1.1842697378305900e-09 4.5899557265705682e-01 4.5899556951936760e-01 3.1376892195567052e-09
1897 9.2602539062500000e-01 2.2802016598606117e-01 2.2802016404661768e-01 1.9394434946917727e-09 2.2802016522250423e-01 2.2802016404661768e-01 1.1758865547939479e-09 4.5604033120856541e-01 4.5604032809323536e-01 3.1153300494857206e-09
1898 9.2651367187500000e-01 2.2654200870553332e-01 2.2654200678007966e-01 1.9254536576251979e-09 2.2654200794760704e-01 2.2654200678007966e-01 1.1675273803302133e-09 4.5308401665314035e-01 4.5308401356015932e-01 3.0929810379554112e-09
1899 9.2700195312500000e-01 2.2506331834976812e-01 2.2506331643831706e-01 1.9114510529938400e-09 2.2506331759750067e-01 2.2506331643831706e-01 1.1591836102109454e-09 4.5012663594726876e-01 4.5012663287663413e-01 3.0706346354492098e-09
1900 9.2749023437500000e-01 2.2358409839826812e-01 2.2358409650083017e-01 1.8974379567548993e-09 2.2358409765168427e-01 2.2358409650083017e-01 1.1508541064575439e-09 4.4716819604995239e-01 4.4716819300166033e-01 3.0482920632124433e-09
1901 9.2797851562500000e-01 2.2210435233178419e-01 2.2210435044836685e-01 1.8834173387549669e-09 2.2210435159088443e-01 2.2210435044836685e-01 1.1425175805435117e-09 4.4420870392266865e-01 4.4420870089673370e-01 3.0259349470540542e-09
1902 9.2846679687500000e-01 2.2062408363230862e-01 2.2062408176291293e-01 1.8693956937987366e-09 2.2062408289705437e-01 2.2062408176291293e-01 1.1341414474230760e-09 4.4124816652936300e-01 4.4124816352582585e-01 3.0035371412218126e-09
1903 9.2895507812500000e-01 2.1914329578306441e-01 2.1914329392768275e-01 1.8553816538702250e-09 2.1914329505336780e-01 2.1914329392768275e-01 1.1256850451779599e-09 4.3828659083643218e-01 4.3828658785536551e-01 2.9810666712926093e-09
1904 9.2944335937500000e-01 2.1766199226848854e-01 2.1766199042711395e-01 1.8413745805911930e-09 2.1766199154426510e-01 2.1766199042711395e-01 1.1171511493657249e-09 4.3532398381275361e-01 4.3532398085422791e-01 2.9585257022013423e-09
1905 9.2993164062500000e-01 2.1618017657421731e-01 2.1618017474685594e-01 1.8273613733299499e-09 2.1618017585546262e-01 2.1618017474685594e-01 1.1086066786791804e-09 4.3236035242967996e-01 4.3236034949371188e-01 2.9359680797647059e-09
1906 9.3041992187500000e-01 2.1469785218710249e-01 2.1469785037376460e-01 1.8133378965057290e-09 2.1469785147383508e-01 2.1469785037376460e-01 1.1000704791541693e-09 4.2939570366093760e-01 4.2939570074752920e-01 2.9134084034154739e-09
1907 9.3090820312500000e-01 2.1321502259519293e-01 2.1321502079589275e-01 1.7993001810712173e-09 2.1321502188745287e-01 2.1321502079589275e-01 1.0915601200700564e-09 4.2643004448264576e-01 4.2643004159178549e-01 2.8908602733856981e-09
1908 9.3139648437500000e-01 2.1173169128772895e-01 2.1173168950248078e-01 1.7852481715152635e-09 2.1173169058556537e-01 2.1173168950248078e-01 1.0830845942333411e-09 4.2346338187329435e-01 4.2346337900496156e-01 2.8683327935041802e-09
1909 9.3188476562500000e-01 2.1024786175513308e-01 2.1024785998395096e-01 1.7711821176380482e-09 2.1024786105858781e-01 2.1024785998395096e-01 1.0746368517278171e-09 4.2049572281372088e-01 4.2049571996790192e-01 2.8458189693658653e-09
1910 9.3237304687500000e-01 2.0876353748900511e-01 2.0876353573189785e-01 1.7571072652433628e-09 2.0876353679808804e-01 2.0876353573189785e-01 1.0661901916897421e-09 4.1752707428709313e-01 4.1752707146379570e-01 2.8232974291775292e-09
1911 9.3286132812500000e-01 2.0727872198210537e-01 2.0727872023907898e-01 1.7430263898887688e-09 2.0727872129681618e-01 2.0727872023907898e-01 1.0577372033804266e-09 4.1455744327892152e-01 4.1455744047815796e-01 2.8007635655136198e-09
1912 9.3334960937500000e-01 2.0579341872835008e-01 2.0579341699940909e-01 1.7289409903753494e-09 2.0579341804867529e-01 2.0579341699940909e-01 1.0492662017025367e-09 4.1158683677702534e-01 4.1158683399881818e-01 2.7782071643223105e-09
1913 9.3383789062500000e-01 2.0430763122280463e-01 2.0430762950795053e-01 1.7148540920608468e-09 2.0430763054870998e-01 2.0430762950795053e-01 1.0407594508432538e-09 4.0861526177151464e-01 4.0861525901590107e-01 2.7556135706596763e-09
1914 9.3432617187500000e-01 2.0282136296167042e-01 2.0282136126090400e-01 1.7007664165902270e-09 2.0282136229312372e-01 2.0282136126090400e-01 1.0322197263601396e-09 4.0564272525479417e-01 4.0564272252180800e-01 2.7329861707059422e-09
1915 9.3481445312500000e-01 2.0133461744227985e-01 2.0133461575560307e-01 1.6866767704737384e-09 2.0133461677925080e-01 2.0133461575560307e-01 1.0236477221425844e-09 4.0266923422153067e-01 4.0266923151120615e-01 2.7103245203718984e-09
1916 9.3530273437500000e-01 1.9984739816309005e-01 1.9984739649050270e-01 1.6725873464018548e-09 1.9984739750553970e-01 1.9984739649050270e-01 1.0150369988970454e-09 3.9969479566862975e-01 3.9969479298100541e-01 2.6876243452989002e-09
1917 9.3579101562500000e-01 1.9835970862366875e-01 1.9835970696517388e-01 1.6584948692166535e-09 1.9835970797157382e-01 1.9835970696517388e-01 1.0063999356102471e-09 3.9671941659524257e-01 3.9671941393034776e-01 2.6648948048269006e-09
1918 9.3627929687500000e-01 1.9687155232468800e-01 1.9687155068029419e-01 1.6443938155585869e-09 1.9687155167805806e-01 1.9687155068029419e-01 9.9776387152417101e-10 3.9374310400274604e-01 3.9374310136058838e-01 2.6421576593271823e-09
1919 9.3676757812500000e-01 1.9538293276791788e-01 1.9538293113763830e-01 1.6302795780021029e-09 1.9538293212679761e-01 1.9538293113763830e-01 9.8915931001641866e-10 3.9076586489471549e-01 3.9076586227527660e-01 2.6194388880185215e-09
1920 9.3725585937500000e-01 1.9389385345622406e-01 1.9389385184007221e-01 1.6161518512358697e-09 1.9389385282065502e-01 1.9389385184007221e-01 9.8058280939561371e-10 3.8778770627687909e-01 3.8778770368014442e-01 2.5967346606314834e-09
1921 9.3774414062500000e-01 1.9240431789355728e-01 1.9240431629154375e-01 1.6020135218397513e-09 1.9240431726356275e-01 1.9240431629154375e-01 9.7201899307286510e-10 3.8480863515712005e-01 3.8480863258308751e-01 2.5740325426681920e-09
1922 9.3823242187500000e-01 1.9091432958494359e-01 1.9091432799707311e-01 1.5878704739957783e-09 1.9091432896051622e-01 1.9091432799707311e-01 9.6344310307472369e-10 3.8182865854545978e-01 3.8182865599414623e-01 2.5513135493149264e-09
1923 9.3872070312500000e-01 1.8942389203647322e-01 1.8942389046274707e-01 1.5737261493953270e-09 1.8942389141758112e-01 1.8942389046274707e-01 9.5483404516372161e-10 3.7884778345405434e-01 3.7884778092549415e-01 2.5285601945590486e-09
1924 9.3920898437500000e-01 1.8793300875529337e-01 1.8793300719570963e-01 1.5595837399295931e-09 1.8793300814188310e-01 1.8793300719570963e-01 9.4617347290437692e-10 3.7586601689717647e-01 3.7586601439141926e-01 2.5057572128339700e-09
1925 9.3969726562500000e-01 1.8644168324959323e-01 1.8644168170415218e-01 1.5454410529081031e-09 1.8644168264163416e-01 1.8644168170415218e-01 9.3748198093379642e-10 3.7288336589122739e-01 3.7288336340830436e-01 2.4829230338418995e-09
1926 9.4018554687500000e-01 1.8494991902861335e-01 1.8494991749730813e-01 1.5313052215137901e-09 1.8494991842602623e-01 1.8494991749730813e-01 9.2871810242201036e-10 3.6989983745463961e-01 3.6989983499461626e-01 2.4600233516913761e-09
1927 9.4067382812500000e-01 1.8345771960262047e-01 1.8345771808544320e-01 1.5171772727029520e-09 1.8345771900531929e-01 1.8345771808544320e-01 9.1987609196486630e-10 3.6691543860793974e-01 3.6691543617088640e-01 2.4370533369122427e-09
1928 9.4116210937500000e-01 1.8196508848290260e-01 1.8196508697984587e-01 1.5030567346308032e-09 1.8196508789080873e-01 1.8196508697984587e-01 9.1096286070069254e-10 3.6393017637371133e-01 3.6393017395969174e-01 2.4140195953314958e-09
1929 9.4165039062500000e-01 1.8047202918175617e-01 1.8047202769282214e-01 1.4889340316237565e-09 1.8047202859484460e-01 1.8047202769282214e-01 9.0202245672799108e-10 3.6094405777660077e-01 3.6094405538564428e-01 2.3909564883517476e-09
1930 9.4213867187500000e-01 1.7897854521248960e-01 1.7897854373768393e-01 1.4748056664792841e-09 1.7897854463076307e-01 1.7897854373768393e-01 8.9307913841984998e-10 3.5795708984325270e-01 3.5795708747536786e-01 2.3678848326547097e-09
1931 9.4262695312500000e-01 1.7748464008940615e-01 1.7748463862874367e-01 1.4606624798574330e-09 1.7748463951291685e-01 1.7748463862874367e-01 8.8417317911648752e-10 3.5496927960232300e-01 3.5496927725748734e-01 2.3448356589739205e-09
1932 9.4311523437500000e-01 1.7599031732778311e-01 1.7599031588130479e-01 1.4464783260059733e-09 1.7599031675673668e-01 1.7599031588130479e-01 8.7543189364325258e-10 3.5198063408451979e-01 3.5198063176260957e-01 2.3219102196492258e-09
1933 9.4360351562500000e-01 1.7449558044389990e-01 1.7449557901165225e-01 1.4322476538097817e-09 1.7449557987854045e-01 1.7449557901165225e-01 8.6688820011282530e-10 3.4899116032244037e-01 3.4899115802330449e-01 2.2991358816781826e-09
1934 9.4409179687500000e-01 1.7300043295502765e-01 1.7300043153704667e-01 1.4179809826320167e-09 1.7300043239553584e-01 1.7300043153704667e-01 8.5848916864250668e-10 3.4600086535056351e-01 3.4600086307409333e-01 2.2764701790300990e-09
1935 9.4458007812500000e-01 1.7150487837940401e-01 1.7150487697571493e-01 1.4036890816360170e-09 1.7150487782589385e-01 1.7150487697571493e-01 8.5017892725858246e-10 3.4300975620529783e-01 3.4300975395142985e-01 2.2538679811390239e-09
1936 9.4506835937500000e-01 1.7000892023622433e-01 1.7000891884684052e-01 1.3893838024525706e-09 1.7000891968874229e-01 1.7000891884684052e-01 8.4190177052079207e-10 3.4001783992496659e-01 3.4001783769368105e-01 2.2312855452177871e-09
1937 9.4555664062500000e-01 1.6851256204563611e-01 1.6851256067055784e-01 1.3750782734689437e-09 1.6851256150415006e-01 1.6851256067055784e-01 8.3359222302625824e-10 3.3702512354978620e-01 3.3702512134111567e-01 2.2086705242507776e-09
1938 9.4604492187500000e-01 1.6701580732872789e-01 1.6701580596794269e-01 1.3607852067387682e-09 1.6701580679312575e-01 1.6701580596794269e-01 8.2518306077083992e-10 3.3403161412185367e-01 3.3403161193588538e-01 2.1859682952651838e-09
1939 9.4653320312500000e-01 1.6551865960751183e-01 1.6551865826100259e-01 1.3465092374431720e-09 1.6551865907766017e-01 1.6551865826100259e-01 8.1665757489801649e-10 3.3103731868517200e-01 3.3103731652200519e-01 2.1631668123411885e-09
1940 9.4702148437500000e-01 1.6402112240491473e-01 1.6402112107267153e-01 1.3322432046436461e-09 1.6402112188071821e-01 1.6402112107267153e-01 8.0804668511902378e-10 3.2804224428563294e-01 3.2804224214534305e-01 2.1402898897626699e-09
1941 9.4750976562500000e-01 1.6252319924478142e-01 1.6252319792679834e-01 1.3179830837817264e-09 1.6252319872617399e-01 1.6252319792679834e-01 7.9937564900767200e-10 3.2504639797095541e-01 3.2504639585359668e-01 2.1173587327893983e-09
1942 9.4799804687500000e-01 1.6102489365186443e-01 1.6102489234814132e-01 1.3037231016976847e-09 1.6102489313881208e-01 1.6102489234814132e-01 7.9067075109406915e-10 3.2204978679067653e-01 3.2204978469628265e-01 2.0943938805473294e-09
1943 9.4848632812500000e-01 1.5952620915181748e-01 1.5952620786235863e-01 1.2894588452549982e-09 1.5952620864430972e-01 1.5952620786235863e-01 7.8195108721423878e-10 3.1905241779612720e-01 3.1905241572471726e-01 2.0714099324692370e-09
1944 9.4897460937500000e-01 1.5802714927118855e-01 1.5802714799599882e-01 1.2751897315865790e-09 1.5802714876922586e-01 1.5802714799599882e-01 7.7322703795346115e-10 3.1605429804041441e-01 3.1605429599199764e-01 2.0484167695400401e-09
1945 9.4946289062500000e-01 1.5652771753740941e-01 1.5652771627649492e-01 1.2609144839359487e-09 1.5652771704099638e-01 1.5652771627649492e-01 7.6450146213602466e-10 3.1305543457840579e-01 3.1305543255298984e-01 2.0254159460719734e-09
1946 9.4995117187500000e-01 1.5502791747878356e-01 1.5502791623215509e-01 1.2466284671219796e-09 1.5502791698794913e-01 1.5502791623215509e-01 7.5579403846504079e-10 3.1005583446673268e-01 3.1005583246431018e-01 2.0024225055870204e-09
1947 9.5043945312500000e-01 1.5352775262448395e-01 1.5352775139215286e-01 1.2323310982775837e-09 1.5352775213926834e-01 1.5352775139215286e-01 7.4711548059269717e-10 3.0705550476375232e-01 3.0705550278430571e-01 1.9794466066258565e-09
1948 9.5092773437500000e-01 1.5202722650454195e-01 1.5202722528652138e-01 1.2180205732903460e-09 1.5202722602499241e-01 1.5202722528652138e-01 7.3847103432278516e-10 3.0405445252953434e-01 3.0405445057304276e-01 1.9564915798575555e-09
1949 9.5141601562500000e-01 1.5052634264984274e-01 1.5052634144614396e-01 1.2036987795394083e-09 1.5052634217599395e-01 1.5052634144614396e-01 7.2984998600311712e-10 3.0105268482583669e-01 3.0105268289228793e-01 1.9335487655425254e-09
1950 9.5190429687500000e-01 1.4902510459211293e-01 1.4902510340274444e-01 1.1893684925823322e-09 1.4902510412398648e-01 1.4902510340274444e-01 7.2124203831513967e-10 2.9805020871609944e-01 2.9805020680548888e-01 1.9106105586530475e-09
1951 9.5239257812500000e-01 1.4752351586391330e-01 1.4752351468888181e-01 1.1750314887759572e-09 1.4752351540151670e-01 1.4752351468888181e-01 7.1263489553885506e-10 2.9504703126542997e-01 2.9504702937776361e-01 1.8876663565592366e-09
1952 9.5288085937500000e-01 1.4602157999862975e-01 1.4602157883793845e-01 1.1606912930783864e-09 1.4602157954195402e-01 1.4602157883793845e-01 7.0401556806487520e-10 2.9204315954058380e-01 2.9204315767587691e-01 1.8647068888988372e-09
1953 9.5336914062500000e-01 1.4451930053046430e-01 1.4451929938411495e-01 1.1463493487795517e-09 1.4451930007948949e-01 1.4451929938411495e-01 6.9537453573076391e-10 2.8903860060995379e-01 2.8903859876822990e-01 1.8417238845103157e-09
1954 9.5385742187500000e-01 1.4301668099442649e-01 1.4301667986242042e-01 1.1320060722130876e-09 1.4301668054912858e-01 1.4301667986242042e-01 6.8670816255611555e-10 2.8603336154355508e-01 2.8603335972484084e-01 1.8187142347692031e-09
1955 9.5434570312500000e-01 1.4151372492632303e-01 1.4151372380866292e-01 1.1176601033557887e-09 1.4151372448669125e-01 1.4151372380866292e-01 6.7802832792729362e-10 2.8302744941301428e-01 2.8302744761732584e-01 1.7956884312830823e-09
1956 9.5483398437500000e-01 1.4001043586275219e-01 1.4001043475944355e-01 1.1033086388945179e-09 1.4001043542879110e-01 1.4001043475944355e-01 6.6934754960890075e-10 2.8002087129154329e-01 2.8002086951888711e-01 1.7726561885034187e-09
1957 9.5532226562500000e-01 1.3850681734109452e-01 1.3850681625214720e-01 1.0889473212039036e-09 1.3850681691283084e-01 1.3850681625214720e-01 6.6068364668048218e-10 2.7701363425392533e-01 2.7701363250429439e-01 1.7496309401288102e-09
1958 9.5581054687500000e-01 1.3700287289951119e-01 1.3700287182493251e-01 1.0745786760413267e-09 1.3700287247696233e-01 1.3700287182493251e-01 6.5202981902601209e-10 2.7400574537647349e-01 2.7400574364986502e-01 1.7266084673117632e-09
1959 9.5629882812500000e-01 1.3549860607693504e-01 1.3549860501672650e-01 1.0602085320776666e-09 1.3549860566008121e-01 1.3549860501672650e-01 6.4335470284504481e-10 2.7099721173701624e-01 2.7099721003345301e-01 1.7035632349227114e-09
1960 9.5678710937500000e-01 1.3399402041305561e-01 1.3399401936721467e-01 1.0458409416269632e-09 1.3399402000185071e-01 1.3399401936721467e-01 6.3463603816593661e-10 2.6798804041490631e-01 2.6798803873442933e-01 1.6804769797928998e-09
1961 9.5727539062500000e-01 1.3248911944830663e-01 1.3248911841683150e-01 1.0314751275330991e-09 1.3248911904271343e-01 1.3248911841683150e-01 6.2588192961676725e-10 2.6497823849102009e-01 2.6497823683366301e-01 1.6573570849054420e-09
1962 9.5776367187500000e-01 1.3098390672386290e-01 1.3098390570675519e-01 1.0171077036158493e-09 1.3098390632386264e-01 1.3098390570675519e-01 6.1710744847509602e-10 2.6196781304772554e-01 2.6196781141351039e-01 1.6342151520909454e-09
1963 9.5825195312500000e-01 1.2947838578163109e-01 1.2947838477889578e-01 1.0027353114505644e-09 1.2947838538722808e-01 1.2947838477889578e-01 6.0833230119961001e-10 2.5895677116885918e-01 2.5895676955779157e-01 1.6110676126501744e-09
1964 9.5874023437500000e-01 1.2797256016424882e-01 1.2797255917588984e-01 9.8835897799354200e-10 1.2797255977544023e-01 1.2797255917588984e-01 5.9955038156367380e-10 2.5594511993968905e-01 2.5594511835177969e-01 1.5879093595572158e-09
1965 9.5922851562500000e-01 1.2646643341506839e-01 1.2646643244109096e-01 9.7397742648830388e-10 1.2646643303185612e-01 1.2646643244109096e-01 5.9076515901423932e-10 2.5293286644692448e-01 2.5293286488218192e-01 1.5647425577469676e-09
1966 9.5971679687500000e-01 1.2496000907815108e-01 1.2496000811855994e-01 9.5959114265742329e-10 1.2496000870054039e-01 1.2496000811855994e-01 5.8198044994295373e-10 2.4992001777869147e-01 2.4992001623711987e-01 1.5415715926003770e-09
1967 9.6020507812500000e-01 1.2345329069825564e-01 1.2345328975305915e-01 9.4519649052049459e-10 1.2345329032627071e-01 1.2345328975305915e-01 5.7321156154976904e-10 2.4690658102452634e-01 2.4690657950611830e-01 1.5184080381924758e-09
1968 9.6069335937500000e-01 1.2194628182083918e-01 1.2194628089004289e-01 9.3079628726844277e-10 1.2194628145448493e-01 1.2194628089004289e-01 5.6444203477834520e-10 2.4389256327532410e-01 2.4389256178008578e-01 1.4952383220467880e-09
1969 9.6118164062500000e-01 1.2043898599203870e-01 1.2043898507564772e-01 9.1639097699047767e-10 1.2043898563132259e-01 1.2043898507564772e-01 5.5567486723084869e-10 2.4087797162336128e-01 2.4087797015129545e-01 1.4720658303435386e-09
1970 9.6166992187500000e-01 1.1893140675866833e-01 1.1893140585668671e-01 9.0198161439847269e-10 1.1893140640358918e-01 1.1893140585668671e-01 5.4690246775734863e-10 2.3786281316225749e-01 2.3786281171337342e-01 1.4488840682780335e-09
1971 9.6215820312500000e-01 1.1742354766821070e-01 1.1742354678063985e-01 8.8757085014989912e-10 1.1742354731874988e-01 1.1742354678063985e-01 5.3811002875825409e-10 2.3484709498696058e-01 2.3484709356127970e-01 1.4256808789081532e-09
1972 9.6264648437500000e-01 1.1591541226879867e-01 1.1591541139564430e-01 8.7315436825274872e-10 1.1591541192496795e-01 1.1591541139564430e-01 5.2932364047464375e-10 2.3183082419376660e-01 2.3183082279128861e-01 1.4024779948496047e-09
1973 9.6313476562500000e-01 1.1440700410921863e-01 1.1440700325048921e-01 8.5872942090503557e-10 1.1440700377104225e-01 1.1440700325048921e-01 5.2055304511355871e-10 2.2881400788026088e-01 2.2881400650097841e-01 1.3792824660185943e-09
1974 9.6362304687500000e-01 1.1289832673890138e-01 1.1289832589460373e-01 8.4429764568572097e-10 1.1289832640639742e-01 1.1289832589460373e-01 5.1179369076059800e-10 2.2579665314529879e-01 2.2579665178920746e-01 1.3560913225685312e-09
1975 9.6411132812500000e-01 1.1138938370791304e-01 1.1138938287805189e-01 8.2986115201855171e-10 1.1138938338108673e-01 1.1138938287805189e-01 5.0303483600799836e-10 2.2277876708899977e-01 2.2277876575610378e-01 1.3328959880265501e-09
1976 9.6459960937500000e-01 1.0988017856694418e-01 1.0988017775152277e-01 8.1542141094903542e-10 1.0988017824578901e-01 1.0988017775152277e-01 4.9426623904835765e-10 2.1976035681273320e-01 2.1976035550304554e-01 1.3096876638751809e-09
1977 9.6508789062500000e-01 1.0837071486730258e-01 1.0837071406632097e-01 8.0098161436836790e-10 1.0837071455179861e-01 1.0837071406632097e-01 4.8547764419648587e-10 2.1674142941910118e-01 2.1674142813264194e-01 1.2864592446870660e-09
1978 9.6557617187500000e-01 1.0686099616090734e-01 1.0686099537436076e-01 7.8654657786891846e-10 1.0686099585100342e-01 1.0686099537436076e-01 4.7664265589997257e-10 2.1372199201191078e-01 2.1372199074872153e-01 1.2631892476466788e-09
1979 9.6606445312500000e-01 1.0535102600026874e-01 1.0535102522815652e-01 7.7211222138107161e-10 1.0535102569593591e-01 1.0535102522815652e-01 4.6777938467190694e-10 2.1070205169620465e-01 2.1070205045631304e-01 1.2398916060529785e-09
1980 9.6655273437500000e-01 1.0384080793848996e-01 1.0384080718081298e-01 7.5767697671480505e-10 1.0384080763971311e-01 1.0384080718081298e-01 4.5890012623228671e-10 2.0768161557820308e-01 2.0768161436162597e-01 1.2165771168248796e-09
1981 9.6704101562500000e-01 1.0233034552925677e-01 1.0233034478601952e-01 7.4323724952307657e-10 1.0233034523604159e-01 1.0233034478601952e-01 4.5002207516020576e-10 2.0466069076529836e-01 2.0466068957203903e-01 1.1932593246832823e-09
1982 9.6752929687500000e-01 1.0081964232682838e-01 1.0081964159804048e-01 7.2878790502439728e-10 1.0081964203920894e-01 1.0081964159804048e-01 4.4116846287245437e-10 2.0163928436603734e-01 2.0163928319608096e-01 1.1699563817746395e-09
1983 9.6801757812500000e-01 9.9308701886032330e-02 9.9308701171705538e-02 7.1432679216165695e-10 9.9308701604060495e-02 9.9308701171705538e-02 4.3235495739146756e-10 1.9861740349009283e-01 1.9861740234341108e-01 1.1466817495531245e-09
1984 9.6850585937500000e-01 9.7797527762256878e-02 9.7797527062404341e-02 6.9985253703386263e-10 9.7797527485988217e-02 9.7797527062404341e-02 4.2358387630780925e-10 1.9559505524824511e-01 1.9559505412480868e-01 1.1234364272194597e-09
1985 9.6899414062500000e-01 9.6286123511443028e-02 9.6286122826074655e-02 6.8536837316557353e-10 9.6286123240919702e-02 9.6286122826074655e-02 4.1484504720301629e-10 1.9257224675236273e-01 1.9257224565214931e-01 1.1002134203685898e-09
1986 9.6948242187500000e-01 9.4774492690073681e-02 9.4774492019197090e-02 6.7087659039177794e-10 9.4774492425321280e-02 9.4774492019197090e-02 4.0612418983343446e-10 1.8954898511539497e-01 1.8954898403839418e-01 1.0770007941030002e-09
1987 9.6997070312500000e-01 9.3262638855166530e-02 9.3262638198785386e-02 6.5638114388200108e-10 9.3262638596183681e-02 9.3262638198785386e-02 3.9739829482687838e-10 1.8652527745135022e-01 1.8652527639757077e-01 1.0537794525866673e-09
1988 9.7045898437500000e-01 9.1750565564262476e-02 9.1750564922376737e-02 6.4188573900558765e-10 9.1750565311031096e-02 9.1750564922376737e-02 3.8865435869617215e-10 1.8350113087529357e-01 1.8350112984475347e-01 1.0305400977017598e-09
1989 9.7094726562500000e-01 9.0238276375417120e-02 9.0238275748026078e-02 6.2739104189635242e-10 9.0238276127913034e-02 9.0238275748026078e-02 3.7988695522628291e-10 1.8047655250333017e-01 1.8047655149605216e-01 1.0072780110004231e-09
1990 9.7143554687500000e-01 8.8725774847191657e-02 8.8725774234296353e-02 6.1289530395303160e-10 8.8725774605400529e-02 8.8725774234296353e-02 3.7110417516750260e-10 1.7745154945259217e-01 1.7745154846859271e-01 9.8399946524274640e-10
1991 9.7192382812500000e-01 8.7213064538646107e-02 8.7213063940248844e-02 5.9839726229693468e-10 8.7213064302565646e-02 8.7213063940248844e-02 3.6231680156095791e-10 1.7442612884121175e-01 1.7442612788049769e-01 9.6071406385789260e-10
1992 9.7241210937500000e-01 8.5700149009330165e-02 8.5700148425437425e-02 5.8389273971393152e-10 8.5700148778981328e-02 8.5700148425437425e-02 3.5354390248709677e-10 1.7140029778831151e-01 1.7140029685087485e-01 9.3743665607881610e-10
1993 9.7290039062500000e-01 8.4187031819280278e-02 8.4187031249898917e-02 5.6938136150375129e-10 8.4187031594682687e-02 8.4187031249898917e-02 3.4478377097801882e-10 1.6837406341396297e-01 1.6837406249979783e-01 9.1416513248177012e-10
1994 9.7338867187500000e-01 8.2673716529011843e-02 8.2673715974143275e-02 5.5486856775921467e-10 8.2673716310159406e-02 8.2673715974143275e-02 3.3601613158573684e-10 1.6534743283917125e-01 1.6534743194828655e-01 8.9088469934495151e-10
1995 9.7387695312500000e-01 8.1160206699500803e-02 8.1160206159148429e-02 5.4035237395666513e-10 8.1160206486393813e-02 8.1160206159148429e-02 3.2724538356898591e-10 1.6232041318589463e-01 1.6232041231829686e-01 8.6759777140343886e-10
1996 9.7436523437500000e-01 7.9646505892183417e-02 7.9646505366348264e-02 5.2583515319781782e-10 7.9646505684812866e-02 7.9646505366348264e-02 3.1846460191164994e-10 1.5929301157699627e-01 1.5929301073269653e-01 8.4429974123167995e-10
1997 9.7485351562500000e-01 7.8132617668944013e-02 7.8132617157627454e-02 5.1131655853797753e-10 7.8132617467301504e-02 7.8132617157627454e-02 3.0967405029169726e-10 1.5626523513624552e-01 1.5626523431525491e-01 8.2099060882967478e-10
1998 9.7534179687500000e-01 7.6618545592107706e-02 7.6618545095311588e-02 4.9679611813235880e-10 7.6618545396184859e-02 7.6618545095311588e-02 3.0087327074213022e-10 1.5323709098829258e-01 1.5323709019062318e-01 7.9766940275227682e-10
1999 9.7583007812500000e-01 7.5104293224434390e-02 7.5104292742157602e-02 4.8227678794976470e-10 7.5104293034210984e-02 7.5104292742157602e-02 2.9205338147875182e-10 1.5020858625864536e-01 1.5020858548431520e-01 7.7433015555072870e-10
2000 9.7631835937500000e-01 7.3589864129106869e-02 7.3589863661348023e-02 4.6775884554595137e-10 7.3589863944559158e-02 7.3589863661348023e-02 2.8321113509921503e-10 1.4717972807366603e-01 1.4717972732269605e-01 7.5096998064516640e-10
2001 9.7680664062500000e-01 7.2075261869720783e-02 7.2075261416481184e-02 4.5323959863008412e-10 7.2075261690837833e-02 7.2075261416481184e-02 2.7435664851083175e-10 1.4415052356055863e-01 1.4415052283296237e-01 7.2759626101870367e-10
2002 9.7729492187500000e-01 7.0560490010279933e-02 7.0560489571561594e-02 4.3871833943498473e-10 7.0560489837060841e-02 7.0560489571561594e-02 2.6549924758700882e-10 1.4112097984734079e-01 1.4112097914312319e-01 7.0421760089978136e-10
2003 9.7778320312500000e-01 6.9045552115189215e-02 6.9045551690994161e-02 4.2419505408286540e-10 6.9045551947630929e-02 6.9045551690994161e-02 2.5663676739284824e-10 1.3809110406282016e-01 1.3809110338198832e-01 6.8083183535350145e-10
2004 9.7827148437500000e-01 6.7530451749243450e-02 6.7530451339574513e-02 4.0966893766203327e-10 6.7530451587345428e-02 6.7530451339574513e-02 2.4777091489625036e-10 1.3506090333658888e-01 1.3506090267914903e-01 6.5743985255828363e-10
2005 9.7875976562500000e-01 6.6015192477619958e-02 6.6015192082479232e-02 3.9514072569524217e-10 6.6015192321383892e-02 6.6015192082479232e-02 2.3890465994380605e-10 1.3203038479900386e-01 1.3203038416495846e-01 6.3404539951683603e-10
2006 9.7924804687500000e-01 6.4499777865869218e-02 6.4499777485260618e-02 3.8060860019228926e-10 6.4499777715301562e-02 6.4499777485260618e-02 2.3004094462653057e-10 1.2899955558117077e-01 1.2899955497052124e-01 6.1064953094103203e-10
2007 9.7973632812500000e-01 6.2984211479908722e-02 6.2984211113834690e-02 3.6607403219868218e-10 6.2984211335013598e-02 6.2984211113834690e-02 2.2117890852157984e-10 1.2596842281492232e-01 1.2596842222766938e-01 5.8725294072026202e-10
2008 9.8022460937500000e-01 6.1468496886013232e-02 6.1468496534476003e-02 3.5153722988123803e-10 6.1468496746791064e-02 6.1468496534476003e-02 2.1231506136532019e-10 1.2293699363280430e-01 1.2293699306895201e-01 5.6385229818545213e-10
2009 9.8071289062500000e-01 5.9952637650804046e-02 5.9952637313807774e-02 3.3699627116634545e-10 5.9952637517263693e-02 5.9952637313807774e-02 2.0345591877912739e-10 1.1990527516806773e-01 1.1990527462761555e-01 5.4045218300657893e-10
2010 9.8120117187500000e-01 5.8436637341244609e-02 5.8436637018792308e-02 3.2245230097149857e-10 5.8436637213393428e-02 5.8436637018792308e-02 1.9460111994051843e-10 1.1687327455463803e-01 1.1687327403758462e-01 5.1705341397312310e-10
2011 9.8168945312500000e-01 5.6920499524631546e-02 5.6920499216725186e-02 3.0790636013078299e-10 5.6920499402469349e-02 5.6920499216725186e-02 1.8574416310590536e-10 1.1384099892710089e-01 1.1384099843345037e-01 4.9365052323668834e-10
2012 9.8217773437500000e-01 5.5404227768583690e-02 5.5404227475225533e-02 2.9335815721065472e-10 5.5404227652109152e-02 5.5404227475225533e-02 1.7688361886314397e-10 1.1080845542069284e-01 1.1080845495045107e-01 4.7024177607379869e-10
2013 9.8266601562500000e-01 5.3887825641033830e-02 5.3887825362226367e-02 2.7880746322761496e-10 5.3887825530252821e-02 5.3887825362226367e-02 1.6802645386171378e-10 1.0777565117128665e-01 1.0777565072445273e-01 4.4683391708932874e-10
2014 9.8315429687500000e-01 5.2371296710223079e-02 5.2371296445968760e-02 2.6425431981502712e-10 5.2371296605139048e-02 5.2371296445968760e-02 1.5917028806100575e-10 1.0474259331536212e-01 1.0474259289193752e-01 4.2342460093713896e-10
2015 9.8364257812500000e-01 5.0854644544688188e-02 5.0854644294992188e-02 2.4969599998758696e-10 5.0854644445318502e-02 5.0854644294992188e-02 1.5032631389688689e-10 1.0170928899000670e-01 1.0170928858998438e-01 4.0002232082336775e-10
2016 9.8413085937500000e-01 4.9337872713257895e-02 4.9337872478124788e-02 2.3513310742906413e-10 4.9337872619621519e-02 4.9337872478124788e-02 1.4149673099872473e-10 9.8675745332879414e-02 9.8675744956249575e-02 3.7662983842778885e-10
2017 9.8461914062500000e-01 4.7820984785042868e-02 4.7820984564478031e-02 2.2056483722776576e-10 4.7820984697158814e-02 4.7820984564478031e-02 1.3268078302708375e-10 9.5641969482201689e-02 9.5641969128956061e-02 3.5324562719374342e-10
2018 9.8510742187500000e-01 4.6303984329428283e-02 4.6303984123434838e-02 2.0599344452421064e-10 4.6303984247307521e-02 4.6303984123434838e-02 1.2387268294444809e-10 9.2607968576735811e-02 9.2607968246869676e-02 3.2986613440755264e-10
2019 9.8559570312500000e-01 4.4786874916064673e-02 4.4786874724644210e-02 1.9142046281395153e-10 4.4786874839707336e-02 4.4786874724644210e-02 1.1506312569409261e-10 8.9573749755772009e-02 8.9573749449288420e-02 3.0648358850804414e-10
2020 9.8608398437500000e-01 4.3269660114860165e-02 4.3269659938011552e-02 1.7684861214339875e-10 4.3269660044246781e-02 4.3269659938011552e-02 1.0623522894714910e-10 8.6539320159106953e-02 8.6539319876023105e-02 2.8308384802944175e-10
2021 9.8657226562500000e-01 4.1752343495969756e-02 4.1752343333688942e-02 1.6228081378688586e-10 4.1752343431069462e-02 4.1752343333688942e-02 9.7380520314160890e-11 8.3504686927039218e-02 8.3504686667377884e-02 2.5966133410104675e-10
2022 9.8706054687500000e-01 4.0234928629786934e-02 4.0234928482069346e-02 1.4771758816145564e-10 4.0234928570563461e-02 4.0234928482069346e-02 8.8494114813819635e-11 8.0469857200350395e-02 8.0469856964138692e-02 2.3621170297527527e-10
2023 9.8754882812500000e-01 3.8717419086937155e-02 3.8717418953776936e-02 1.3316021896248031e-10 3.8717419033344261e-02 3.8717418953776936e-02 7.9567324950957641e-11 7.7434838120281416e-02 7.7434837907553872e-02 2.1272754391343796e-10
2024 9.8803710937500000e-01 3.7199818438268591e-02 3.7199818319657324e-02 1.1861126664181043e-10 3.7199818390250397e-02 3.7199818319657324e-02 7.0593073053792921e-11 7.4399636828518995e-02 7.4399636639314648e-02 1.8920434663449726e-10
2025 9.8852539062500000e-01 3.5682130254841134e-02 3.5682130150771853e-02 1.0406928097062007e-10 3.5682130212347798e-02 3.5682130150771853e-02 6.1575945731195958e-11 7.1364260467188939e-02 7.1364260301543705e-02 1.6564523364070993e-10
2026 9.8901367187500000e-01 3.4164358107917334e-02 3.4164358018387818e-02 8.9529515745478960e-11 3.4164358070925459e-02 3.4164358018387818e-02 5.2537640904404270e-11 6.8328716178842785e-02 6.8328716036775636e-02 1.4206714971098933e-10
2027 9.8950195312500000e-01 3.2646505568954896e-02 3.2646505493968782e-02 7.4986114539932203e-11 3.2646505537481489e-02 3.2646505493968782e-02 4.3512707326165412e-11 6.5293011106436386e-02 6.5293010987937564e-02 1.1849882186609761e-10
2028 9.8999023437500000e-01 3.1128576209596977e-02 3.1128576149169231e-02 6.0427746140234717e-11 3.1128576183722462e-02 3.1128576149169231e-02 3.4553231803569062e-11 6.2257152393319443e-02 6.2257152298338461e-02 9.4980981413250731e-11
2029 9.9047851562500000e-01 2.9610573601665108e-02 2.9610573555822653e-02 4.5842454832190072e-11 2.9610573581546954e-02 2.9610573555822653e-02 2.5724301161433871e-11 5.9221147183212058e-02 5.9221147111645306e-02 7.1566752524176991e-11
2030 9.9096679687500000e-01 2.8092501317151849e-02 2.8092501285936232e-02 3.1215616896895781e-11 2.8092501303033285e-02 2.8092501285936232e-02 1.7097052940062696e-11 5.6185002620185137e-02 5.6185002571872464e-02 4.8312673306405429e-11
2031 9.9145507812500000e-01 2.6574362928214953e-02 2.6574362911681099e-02 1.6533854146905114e-11 2.6574362920417090e-02 2.6574362911681099e-02 8.7359910971862575e-12 5.3148725848632047e-02 5.3148725823362199e-02 2.5269848713538323e-11
2032 9.9194335937500000e-01 2.5056162007172523e-02 2.5056162005382611e-02 1.7899119686415332e-12 2.5056162006065478e-02 2.5056162005382611e-02 6.8286695742436621e-13 5.0112324013238001e-02 5.0112324010765222e-02 2.4727789260658994e-12
2033 9.9243164062500000e-01 2.3537902126498894e-02 2.3537902139514597e-02 -1.3015703098639975e-11 2.3537902132447532e-02 2.3537902139514597e-02 -7.0670656826532507e-12 4.7075804258946426e-02 4.7075804279029194e-02 -2.0082768781293225e-11
2034 9.9291992187500000e-01 2.2019586858814857e-02 2.2019586886689615e-02 -2.7874758057322424e-11 2.2019586872132093e-02 2.2019586886689615e-02 -1.4557521854641209e-11 4.4039173730946950e-02 4.4039173773379230e-02 -4.2432279911963633e-11
2035 9.9340820312500000e-01 2.0501219776885186e-02 2.0501219819649242e-02 -4.2764056185085053e-11 2.0501219797750922e-02 2.0501219819649242e-02 -2.1898319962909696e-11 4.1002439574636104e-02 4.1002439639298484e-02 -6.4662379617441701e-11
2036 9.9389648437500000e-01 1.8982804453611116e-02 1.8982804511258295e-02 -5.7647178697273205e-11 1.8982804481983879e-02 1.8982804511258295e-02 -2.9274416224467359e-11 3.7965608935594995e-02 3.7965609022516590e-02 -8.6921594921740564e-11
2037 9.9438476562500000e-01 1.7464344462020494e-02 1.7464344534495104e-02 -7.2474609646988597e-11 1.7464344497559677e-02 1.7464344534495104e-02 -3.6935426939166405e-11 3.4928688959580172e-02 3.4928689068990208e-02 -1.0941003658615500e-10
2038 9.9487304687500000e-01 1.5945843375257934e-02 1.5945843462441798e-02 -8.7183864294626545e-11 1.5945843417253767e-02 1.5945843462441798e-02 -4.5188030400877821e-11 3.1891686792511698e-02 3.1891686924883596e-02 -1.3237189816495132e-10
2039 9.9536132812500000e-01 1.4427304766571204e-02 1.4427304868278952e-02 -1.0170774812634509e-10 1.4427304813905717e-02 1.4427304868278952e-02 -5.4373235081062177e-11 2.8854609580476920e-02 2.8854609736557905e-02 -1.5608098494213074e-10
2040 9.9584960937500000e-01 1.2908732209296612e-02 1.2908732325273693e-02 -1.1597708036992227e-10 1.2908732260442158e-02 1.2908732325273693e-02 -6.4831534238307675e-11 2.5817464469738770e-02 2.5817464650547385e-02 -1.8080861460822995e-10
2041 9.9633789062500000e-01 1.1390129276844832e-02 1.1390129406774337e-02 -1.2992950465529063e-10 1.1390129329897504e-02 1.1390129406774337e-02 -7.6876833024486224e-11 2.2780258606742335e-02 2.2780258813548674e-02 -2.0680633941450033e-10
2042 9.9682617187500000e-01 9.8714995426850260e-03 9.8714996862006837e-03 -1.4351565769121777e-10 9.8714995954424060e-03 9.8714996862006837e-03 -9.0758277629388040e-11 1.9742999138127430e-02 1.9742999372401367e-02 -2.3427393705532928e-10
2043 9.9731445312500000e-01 8.3528465803288619e-03 8.3528467370342797e-03 -1.5670541773926683e-10 8.3528466304133783e-03 8.3528467370342797e-03 -1.0662090134394564e-10 1.6705693210742240e-02 1.6705693474068559e-02 -2.6332631908321247e-10
2044 9.9780273437500000e-01 6.8341739633173736e-03 6.8341741328126499e-03 -1.6949527632120764e-10 6.8341740083280728e-03 6.8341741328126499e-03 -1.2448457716029981e-10 1.3668347971645445e-02 1.3668348265625300e-02 -2.9397985434886920e-10
2045 9.9829101562500000e-01 5.3154852652098038e-03 5.3154854471195714e-03 -1.8190976763116096e-10 5.3154853028907177e-03 5.3154854471195714e-03 -1.4422885368653438e-10 1.0630970568100521e-02 1.0630970894239143e-02 -3.2613862131769533e-10
2046 9.9877929687500000e-01 3.7967840595755638e-03 3.7967842535753392e-03 -1.9399977544548586e-10 3.7967840879815874e-03 3.7967842535753392e-03 -1.6559375181843250e-10 7.5935681475571507e-03 7.5935685071506784e-03 -3.5959352769759922e-10
2047 9.9926757812500000e-01 2.2780739199891901e-03 2.2780741258310042e-03 -2.0584181407989899e-10 2.2780739376320213e-03 2.2780741258310042e-03 -1.8819898287350534e-10 4.5561478576212119e-03 4.5561482516620084e-03 -3.9404079651972346e-10
2048 9.9975585937500000e-01 7.5935842002813328e-04 7.5935863755863719e-04 -2.1753050391797729e-10 7.5935842598492866e-04 7.5935863755863719e-04 -2.1157370853116392e-10 1.5187168460130619e-03 1.5187172751172744e-03 -4.2910421244914121e-10
