# P x u_num u_exact u_err v_num v_exact v_err psi_num psi_exact psi_err
1 9.7656250000000000e-04 3.0374161662901234e-03 3.0374300831241007e-03 -1.3916833977323934e-08 3.0374170669009923e-03 3.0374300831241007e-03 -1.3016223108456432e-08 6.0748332331911157e-03 6.0748601662482015e-03 -2.6933057085780365e-08
2 2.9296875000000000e-03 9.1121627500369336e-03 9.1121758918464354e-03 -1.3141809501737711e-08 9.1121653360200540e-03 9.1121758918464354e-03 -1.0555826381389299e-08 1.8224328086056986e-02 1.8224351783692871e-02 -2.3697635884861734e-08
3 4.8828125000000000e-03 1.5186566340500432e-02 1.5186578632296664e-02 -1.2291796231897467e-08 1.5186570161064806e-02 1.5186578632296664e-02 -8.4712318583479718e-09 3.0373136501565236e-02 3.0373157264593328e-02 -2.0763028091980162e-08
4 6.8359375000000000e-03 2.1260398266083041e-02 2.1260409606644878e-02 -1.1340561836825636e-08 2.1260402712203291e-02 2.1260409606644878e-02 -6.8944415870797471e-09 4.2520800978286331e-02 4.2520819213289755e-02 -1.8235003423905383e-08
5 8.7890625000000000e-03 2.7333429846950547e-02 2.7333440138587829e-02 -1.0291637281972799e-08 2.7333434329958134e-02 2.7333440138587829e-02 -5.8086296952919447e-09 5.4666864176908678e-02 5.4666880277175658e-02 -1.6100266980734190e-08
6 1.0742187500000000e-02 3.3405432410281509e-02 3.3405441581958482e-02 -9.1716769734517811e-09 3.3405436500617801e-02 3.3405441581958482e-02 -5.0813406815564122e-09 6.6810868910899310e-02 6.6810883163916965e-02 -1.4253017655008193e-08
7 1.2695312500000000e-02 3.9476177313304855e-02 3.9476185329334418e-02 -8.0160295623521449e-09 3.9476180792696110e-02 3.9476185329334418e-02 -4.5366383080724937e-09 7.8952358106000958e-02 7.8952370658668836e-02 -1.2552667877363533e-08
8 1.4648437500000000e-02 4.5545435965941454e-02 4.5545442820644724e-02 -6.8547032702759303e-09 4.5545438795365406e-02 4.5545442820644724e-02 -4.0252793181982938e-09 9.1090874761306867e-02 9.1090885641289449e-02 -1.0879982581535330e-08
9 1.6601562500000000e-02 5.1612979847036972e-02 5.1612985551775237e-02 -5.7047382651109757e-09 5.1612982088919832e-02 5.1612985551775237e-02 -3.4628554052007487e-09 1.0322596193595680e-01 1.0322597110355047e-01 -9.1675936703117245e-09
10 1.8554687500000000e-02 5.7678580512901520e-02 5.7678585083171481e-02 -4.5702699610905562e-09 5.7678582253693940e-02 5.7678585083171481e-02 -2.8294775411552564e-09 1.1535716276659547e-01 1.1535717016634296e-01 -7.3997474953069187e-09
11 2.0507812500000000e-02 6.3742009600924715e-02 6.3742013048439433e-02 -3.4475147181467491e-09 6.3742010903593035e-02 6.3742013048439433e-02 -2.1448463977113974e-09 1.2748402050451774e-01 1.2748402609687887e-01 -5.5923611297359344e-09
12 2.2460937500000000e-02 6.9803038832361511e-02 6.9803041162943225e-02 -2.3305817137275753e-09 6.9803039723752541e-02 6.9803041162943225e-02 -1.4391906832944557e-09 1.3960607855611407e-01 1.3960608232588645e-01 -3.7697723831442431e-09
13 2.4414062500000000e-02 7.5861440017176776e-02 7.5861441232400073e-02 -1.2152232969908638e-09 7.5861440497884097e-02 7.5861441232400073e-02 -7.3451597581986050e-10 1.5172288051506089e-01 1.5172288246480015e-01 -1.9497392589329365e-09
14 2.6367187500000000e-02 8.1916985061619429e-02 8.1916985161471598e-02 -9.9852168200520453e-11 8.1916985121954292e-02 8.1916985161471598e-02 -3.9517306094083438e-11 1.6383397018357371e-01 1.6383397032294320e-01 -1.3936948817239170e-10
15 2.8320312500000000e-02 8.7969445977587962e-02 8.7969444962351442e-02 1.0152365198523583e-09 8.7969445608884325e-02 8.7969444962351442e-02 6.4653288278648802e-10 1.7593889158647230e-01 1.7593888992470288e-01 1.6617694165166341e-09
16 3.0273437500000000e-02 9.4018594892441784e-02 9.4018592763348979e-02 2.1290928048367519e-09 9.4018594090995750e-02 9.4018592763348979e-02 1.3276467702993955e-09 1.8803718898343752e-01 1.8803718552669796e-01 3.4567395612583596e-09
17 3.2226562500000000e-02 1.0006420405840011e-01 1.0006420081746853e-01 3.2409315786630088e-09 1.0006420282449026e-01 1.0006420081746853e-01 2.0070217293666204e-09 2.0012840688289035e-01 2.0012840163493706e-01 5.2479532941518414e-09
18 3.4179687500000000e-02 1.0610604586134989e-01 1.0610604151098380e-01 4.3503660951405010e-09 1.0610604419686329e-01 1.0610604151098380e-01 2.6858794910378236e-09 2.1221209005821318e-01 2.1221208302196759e-01 7.0362455861783246e-09
19 3.6132812500000000e-02 1.1214389282929349e-01 1.1214388737200755e-01 5.4572859425894293e-09 1.1214389073607522e-01 1.1214388737200755e-01 3.3640676772028755e-09 2.2428778356536871e-01 2.2428777474401509e-01 8.8213536197923048e-09
20 3.8085937500000000e-02 1.1817751764072369e-01 1.1817751107905573e-01 6.5616679589819427e-09 1.1817751512006980e-01 1.1817751107905573e-01 4.0410140650370963e-09 2.3635503276079350e-01 2.3635502215811147e-01 1.0602682037896827e-08
21 4.0039062500000000e-02 1.2420669313306880e-01 1.2420668546960599e-01 7.6634628087823842e-09 1.2420669018589515e-01 1.2420668546960599e-01 4.7162891647634098e-09 2.4841338331896395e-01 2.4841337093921198e-01 1.2379751973545794e-08
22 4.1992187500000000e-02 1.3023119231122424e-01 1.3023118354865024e-01 8.7625739997321261e-09 1.3023118893836239e-01 1.3023118354865024e-01 5.3897121488066801e-09 2.6046238124958665e-01 2.6046236709730047e-01 1.4152286176294382e-08
23 4.3945312500000000e-02 1.3625078835611973e-01 1.3625077849724079e-01 9.8588789354536743e-09 1.3625078455848941e-01 1.3625077849724079e-01 6.0612486141309319e-09 2.7250157291460914e-01 2.7250155699448159e-01 1.5920127549584606e-08
24 4.5898437500000000e-02 1.4226525463328471e-01 1.4226524368103025e-01 1.0952254464458022e-08 1.4226525041191324e-01 1.4226524368103025e-01 6.7308829898582445e-09 2.8453050504519795e-01 2.8453048736206049e-01 1.7683137454316267e-08
25 4.7851562500000000e-02 1.4827436470138775e-01 1.4827435265880368e-01 1.2042584068838735e-08 1.4827436005738640e-01 1.4827435265880368e-01 7.3985827186984210e-09 2.9654872475877414e-01 2.9654870531760735e-01 1.9441166787537156e-08
26 4.9804687500000000e-02 1.5427789232076375e-01 1.5427787919100455e-01 1.3129759196539581e-08 1.5427788725529026e-01 1.5427787919100455e-01 8.0642857114288091e-09 3.0855577957605401e-01 3.0855575838200910e-01 2.1194044907968390e-08
27 5.1757812500000000e-02 1.6027561146192776e-01 1.6027559724825208e-01 1.4213675680885274e-08 1.6027560597618157e-01 1.6027559724825208e-01 8.7279294902486981e-09 3.2055121743810933e-01 3.2055119449650415e-01 2.2941605171133972e-08
28 5.3710937500000000e-02 1.6626729631408521e-01 1.6626728101985136e-01 1.5294233851603778e-08 1.6626729040929719e-01 1.6626728101985136e-01 9.3894458319532248e-09 3.3253458672338243e-01 3.3253456203970272e-01 2.4683679711312578e-08
29 5.5664062500000000e-02 1.7225272129362876e-01 1.7225270492229486e-01 1.6371333899645180e-08 1.7225271497107575e-01 1.7225270492229486e-01 1.0048780890725695e-08 3.4450543626470453e-01 3.4450540984458972e-01 2.6420114818126450e-08
30 5.7617187500000000e-02 1.7823166105263752e-01 1.7823164360775567e-01 1.7444881844630444e-08 1.7823165431362797e-01 1.7823164360775567e-01 1.0705872299787700e-08 3.5646331536626552e-01 3.5646328721551135e-01 2.8150754172173720e-08
31 5.9570312500000000e-02 1.8420389048735450e-01 1.8420387197257160e-01 1.8514782901268845e-08 1.8420388333324769e-01 1.8420387197257160e-01 1.1360676094307465e-08 3.6840777382060219e-01 3.6840774394514320e-01 2.9875458995576309e-08
32 6.1523437500000000e-02 1.9016918474666872e-01 1.9016916516572022e-01 1.9580948501518591e-08 1.9016917717885681e-01 1.9016916516572022e-01 1.2013136596600305e-08 3.8033836192552550e-01 3.8033833033144043e-01 3.1594085070363320e-08
33 6.3476562500000000e-02 1.9612731924057755e-01 1.9612729859728434e-01 2.0643293213717939e-08 1.9612731126048571e-01 1.9612729859728434e-01 1.2663201376383881e-08 3.9225463050106324e-01 3.9225459719456868e-01 3.3306494562346245e-08
34 6.5429687500000000e-02 2.0207806964864106e-01 2.0207804794690792e-01 2.1701733132761802e-08 2.0207806125773553e-01 2.0207804794690792e-01 1.3310827606805020e-08 4.0415613090637659e-01 4.0415609589381585e-01 3.5012560739566823e-08
35 6.7382812500000000e-02 2.0802121192842984e-01 2.0802118917224127e-01 2.2756188572392588e-08 2.0802120312820963e-01 2.0802118917224127e-01 1.3955968353185355e-08 4.1604241505663947e-01 4.1604237834448254e-01 3.6712156925577943e-08
36 6.9335937500000000e-02 2.1395652232395904e-01 2.1395649851737633e-01 2.3806582705176993e-08 2.1395651311595690e-01 2.1395649851737633e-01 1.4598580566627106e-08 4.2791303543991593e-01 4.2791299703475266e-01 3.8405163271804099e-08
37 7.1289062500000000e-02 2.1988377737411344e-01 2.1988375252127090e-01 2.4852842533951147e-08 2.1988376775989277e-01 2.1988375252127090e-01 1.5238621864366309e-08 4.3976754513400618e-01 4.3976750504254181e-01 4.0091464370561880e-08
38 7.3242187500000000e-02 2.2580275392105970e-01 2.2580272802616186e-01 2.5894897837108743e-08 2.2580274390221541e-01 2.2580272802616186e-01 1.5876053555130554e-08 4.5160549782327508e-01 4.5160545605232372e-01 4.1770951364483722e-08
39 7.5195312500000000e-02 2.3171322911864983e-01 2.3171320218596686e-01 2.6932682972713451e-08 2.3171321869680003e-01 2.3171320218596686e-01 1.6510833172889150e-08 4.6342644781544984e-01 4.6342640437193372e-01 4.3443516117847025e-08
40 7.7148437500000000e-02 2.3761498044080903e-01 2.3761495247467437e-01 2.7966134658052866e-08 2.3761496961759870e-01 2.3761495247467437e-01 1.7142924330082465e-08 4.7522995005840774e-01 4.7522990494934875e-01 4.5109058988135331e-08
41 7.9101562500000000e-02 2.4350778568991543e-01 2.4350775669472172e-01 2.8995193718239776e-08 2.4350777446700933e-01 2.4350775669472172e-01 1.7772287613793125e-08 4.8701556015692476e-01 4.8701551338944343e-01 4.6767481332032901e-08
42 8.1054687500000000e-02 2.4939142300516184e-01 2.4939139298536070e-01 3.0019801144920422e-08 2.4939141138426194e-01 2.4939139298536070e-01 1.8398901235894272e-08 4.9878283438942378e-01 4.9878278597072140e-01 4.8418702380814693e-08
43 8.3007812500000000e-02 2.5526567087091523e-01 2.5526563983101030e-01 3.1039904924146100e-08 2.5526565885373709e-01 2.5526563983101030e-01 1.9022726782669253e-08 5.1053132972465232e-01 5.1053127966202061e-01 5.0062631706815353e-08
44 8.4960937500000000e-02 2.6113030812505078e-01 2.6113027606959699e-01 3.2055453791368649e-08 2.6113029571333868e-01 2.6113027606959699e-01 1.9643741688835092e-08 5.2226060383838946e-01 5.2226055213919398e-01 5.1699195480203741e-08
45 8.6914062500000000e-02 2.6698511396728164e-01 2.6698508090088113e-01 3.3066400506598370e-08 2.6698510116279639e-01 2.6698508090088113e-01 2.0261915256725160e-08 5.3397021513007803e-01 5.3397016180176227e-01 5.3328315763323531e-08
46 8.8867187500000000e-02 2.7282986796747188e-01 2.7282983389476989e-01 3.4072701993181909e-08 2.7282985477199040e-01 2.7282983389476989e-01 2.0877220507919958e-08 5.4565972273946228e-01 5.4565966778953978e-01 5.4949922501101867e-08
47 9.0820312500000000e-02 2.7866435007393248e-01 2.7866431499961658e-01 3.5074315896110875e-08 2.7866433648925459e-01 2.7866431499961658e-01 2.1489638013516554e-08 5.5732868656318701e-01 5.5732862999923316e-01 5.6563953854116278e-08
48 9.2773437500000000e-02 2.8448834062171002e-01 2.8448830455050528e-01 3.6071204745358187e-08 2.8448832664964957e-01 2.8448830455050528e-01 2.2099144292297979e-08 5.6897666727135965e-01 5.6897660910101056e-01 5.8170349093167317e-08
49 9.4726562500000000e-02 2.9030162034085460e-01 2.9030158327752104e-01 3.7063333568898571e-08 2.9030160598324339e-01 2.9030158327752104e-01 2.2705722357851954e-08 5.8060322632409800e-01 5.8060316655504207e-01 5.9769055926750525e-08
50 9.6679687500000000e-02 2.9610397036467406e-01 2.9610393231400556e-01 3.8050668504929774e-08 2.9610395562336439e-01 2.9610393231400556e-01 2.3309358831991034e-08 5.9220792598803840e-01 5.9220786462801112e-01 6.1360027281409657e-08
51 9.8632812500000000e-02 3.0189517223797824e-01 3.0189513320479699e-01 3.9033181242764670e-08 3.0189515711483106e-01 3.0189513320479699e-01 2.3910034063767682e-08 6.0379032935280930e-01 6.0379026640959399e-01 6.2943215306532352e-08
52 1.0058593750000000e-01 3.0767500792530172e-01 3.0767496791445514e-01 4.0010846580340598e-08 3.0767499242218338e-01 3.0767496791445514e-01 2.4507728235700910e-08 6.1535000034748510e-01 6.1534993582891029e-01 6.4518574816041507e-08
53 1.0253906250000000e-01 3.1344325981911053e-01 3.1344321883546994e-01 4.0983640592351378e-08 3.1344324393789841e-01 3.1344321883546994e-01 2.5102428469203630e-08 6.2688650375700894e-01 6.2688643767093988e-01 6.6086069061555008e-08
54 1.0449218750000000e-01 3.1919971074799536e-01 3.1919966879645439e-01 4.1951540963314216e-08 3.1919969449058461e-01 3.1919966879645439e-01 2.5694130212361443e-08 6.3839940523857996e-01 6.3839933759290879e-01 6.7645671175675659e-08
55 1.0644531250000000e-01 3.2494414398485233e-01 3.2494410107032101e-01 4.2914531317439497e-08 3.2494412735313505e-01 3.2494410107032101e-01 2.6282814036271418e-08 6.4988827133798743e-01 6.4988820214064202e-01 6.9197345409222066e-08
56 1.0839843750000000e-01 3.3067634325503620e-01 3.3067629938244147e-01 4.3872594723826097e-08 3.3067632625091725e-01 3.3067629938244147e-01 2.6868475777597212e-08 6.6135266950595351e-01 6.6135259876488295e-01 7.0741070556934460e-08
57 1.1035156250000000e-01 3.3639609274450633e-01 3.3639604791878924e-01 4.4825717082641603e-08 3.3639607536990285e-01 3.3639604791878924e-01 2.7451113604470834e-08 6.7279216811440912e-01 6.7279209583757849e-01 7.2276830631601285e-08
58 1.1230468750000000e-01 3.4210317710795224e-01 3.4210313133406467e-01 4.5773887569211524e-08 3.4210315936478469e-01 3.4210313133406467e-01 2.8030720022886868e-08 6.8420633647273688e-01 6.8420626266812934e-01 7.3804607536587241e-08
59 1.1425781250000000e-01 3.4779738147690098e-01 3.4779733475980279e-01 4.6717098189930084e-08 3.4779736336708933e-01 3.4779733475980279e-01 2.8607286539639176e-08 6.9559474484399031e-01 6.9559466951960558e-01 7.5324384729569260e-08
60 1.1621093750000000e-01 3.5347849146780624e-01 3.5347844381246302e-01 4.7655343227148705e-08 3.5347847299327162e-01 3.5347844381246302e-01 2.9180808602813357e-08 7.0695696446107781e-01 7.0695688762492603e-01 7.6836151774450911e-08
61 1.1816406250000000e-01 3.5914629319011848e-01 3.5914624460150069e-01 4.8588617795886080e-08 3.5914627435278390e-01 3.5914624460150069e-01 2.9751283214807245e-08 7.1829256754290238e-01 7.1829248920300137e-01 7.8339901010693325e-08
62 1.2011718750000000e-01 3.6480057325433712e-01 3.6480052373741928e-01 4.9516917843828168e-08 3.6480055405613659e-01 3.6480052373741928e-01 3.0318717314514743e-08 7.2960112731047366e-01 7.2960104747483856e-01 7.9835635102831759e-08
63 1.2207031250000000e-01 3.7044111878004743e-01 3.7044106833980517e-01 5.0440242260751944e-08 3.7044109922291946e-01 3.7044106833980517e-01 3.0883114288116076e-08 7.4088221800296683e-01 7.4088213667961034e-01 8.1323356493356869e-08
64 1.2402343750000000e-01 3.7606771740393702e-01 3.7606766604534236e-01 5.1358594654882239e-08 3.7606769748981039e-01 3.7606766604534236e-01 3.1444468029384609e-08 7.5213541489374736e-01 7.5213533209068473e-01 8.2803062628755697e-08
65 1.2597656250000000e-01 3.8168015728778248e-01 3.8168010501580718e-01 5.2271975303774809e-08 3.8168013701860032e-01 3.8168010501580718e-01 3.2002793137753116e-08 7.6336029430638286e-01 7.6336021003161436e-01 8.4274768497039076e-08
66 1.2792968750000000e-01 3.8727822712643717e-01 3.8727817394604463e-01 5.3180392534102339e-08 3.8727820650412564e-01 3.8727817394604463e-01 3.2558081008993156e-08 7.7455643363056281e-01 7.7455634789208927e-01 8.5738473543095495e-08
67 1.2988281250000000e-01 3.9286171615577581e-01 3.9286166207192352e-01 5.4083852285558009e-08 3.9286169518226610e-01 3.9286166207192352e-01 3.3110342578801522e-08 7.8572341133804191e-01 7.8572332414384705e-01 8.7194194864359531e-08
68 1.3183593750000000e-01 3.9843041416063363e-01 3.9843035917827174e-01 5.4982361885613784e-08 3.9843039283784754e-01 3.9843035917827174e-01 3.3659575793265617e-08 7.9686080699848116e-01 7.9686071835654348e-01 8.8641937678879401e-08
69 1.3378906250000000e-01 4.0398411148272040e-01 4.0398405560679063e-01 5.5875929771964650e-08 4.0398408981258810e-01 4.0398405560679063e-01 3.4205797472264265e-08 8.0796820129530844e-01 8.0796811121358125e-01 9.0081727188717764e-08
70 1.3574218750000000e-01 4.0952259902851623e-01 4.0952254226394857e-01 5.6764567657463516e-08 4.0952257701296069e-01 4.0952254226394857e-01 3.4749012112200717e-08 8.1904517604147697e-01 8.1904508452789715e-01 9.1513579825175384e-08
71 1.3769531250000000e-01 4.1504566827714257e-01 4.1504561062885337e-01 5.7648289197853586e-08 4.1504564591807080e-01 4.1504561062885337e-01 3.5289217437117770e-08 8.3009131419521331e-01 8.3009122125770674e-01 9.2937506579460205e-08
72 1.3964843750000000e-01 4.2055311128820877e-01 4.2055305276110277e-01 5.8527105994965467e-08 4.2055308858753421e-01 4.2055305276110277e-01 3.5826431432628425e-08 8.4110619987574298e-01 8.4110610552220555e-01 9.4353537427593892e-08
73 1.4160156250000000e-01 4.2604472070964566e-01 4.2604466130861329e-01 5.9401032370676177e-08 4.2604469766927000e-01 4.2604466130861329e-01 3.6360656707756789e-08 8.5208941837891561e-01 8.5208932261722659e-01 9.5761689022921814e-08
74 1.4355468750000000e-01 4.3152028978550949e-01 4.3152022951542690e-01 6.0270082591351581e-08 4.3152026640733582e-01 4.3152022951542690e-01 3.6891908916647509e-08 8.6304055619284537e-01 8.6304045903085380e-01 9.7161991563510242e-08
75 1.4550781250000000e-01 4.3697961236376820e-01 4.3697955122949550e-01 6.1134272699714387e-08 4.3697958864969622e-01 4.3697955122949550e-01 3.7420200715843066e-08 8.7395920101346447e-01 8.7395910245899100e-01 9.8554473471068604e-08
76 1.4746093750000000e-01 4.4242248290406500e-01 4.4242242091044209e-01 6.1993622901823642e-08 4.4242245885597054e-01 4.4242242091044209e-01 3.7945528441607479e-08 8.8484494176003547e-01 8.8484484182088419e-01 9.9939151287919969e-08
77 1.4941406250000000e-01 4.4784869648544745e-01 4.4784863363729971e-01 6.2848147741600968e-08 4.4784867210521134e-01 4.4784863363729971e-01 3.8467911633865981e-08 8.9569736859065885e-01 8.9569726727459942e-01 1.0131605943097810e-07
78 1.5136718750000000e-01 4.5325804881409254e-01 4.5325798511622578e-01 6.3697866758971600e-08 4.5325802410359128e-01 4.5325798511622578e-01 3.8987365502674010e-08 9.0651607291768377e-01 9.0651597023245156e-01 1.0268523220613446e-07
79 1.5332031250000000e-01 4.5865033623099088e-01 4.5865027168819472e-01 6.4542796163191696e-08 4.5865031119209904e-01 4.5865027168819472e-01 3.9503904314397431e-08 9.1730064742308992e-01 9.1730054337638944e-01 1.0404670047758913e-07
80 1.5527343750000000e-01 4.6402535571962195e-01 4.6402529033666484e-01 6.5382957104009876e-08 4.6402533035420479e-01 4.6402529033666484e-01 4.0017539948422609e-08 9.2805068607382668e-01 9.2805058067332968e-01 1.0540049699692133e-07
81 1.5722656250000000e-01 4.6938290491359230e-01 4.6938283869522190e-01 6.6218370398107851e-08 4.6938287922350325e-01 4.6938283869522190e-01 4.0528281342044892e-08 9.3876578413709555e-01 9.3876567739044381e-01 1.0674665174015274e-07
82 1.5917968750000000e-01 4.7472278210425473e-01 4.7472271505519836e-01 6.7049056362566972e-08 4.7472275609132625e-01 4.7472271505519836e-01 4.1036127884641616e-08 9.4944553819558097e-01 9.4944543011039673e-01 1.0808518424720859e-07
83 1.6113281250000000e-01 4.8004478624830338e-01 4.8004471837326734e-01 6.7875036036113556e-08 4.8004475991436879e-01 4.8004471837326734e-01 4.1541101447606366e-08 9.6008954616267217e-01 9.6008943674653469e-01 1.0941613748371992e-07
84 1.6308593750000000e-01 4.8534871697533954e-01 4.8534864827901197e-01 6.8696327570894056e-08 4.8534869032223282e-01 4.8534864827901197e-01 4.2043220849219409e-08 9.7069740729757237e-01 9.7069729655802395e-01 1.1073954842011346e-07
85 1.6503906250000000e-01 4.9063437459542109e-01 4.9063430508246908e-01 6.9512952005634787e-08 4.9063434762496710e-01 4.9063430508246908e-01 4.2542498024378261e-08 9.8126872222038819e-01 9.8126861016493816e-01 1.1205545003001305e-07
86 1.6699218750000000e-01 4.9590156010657876e-01 4.9590148978164733e-01 7.0324931433773941e-08 4.9590153282058697e-01 4.9590148978164733e-01 4.3038939634421070e-08 9.9180309292716573e-01 9.9180297956329466e-01 1.1336387106819501e-07
87 1.6894531250000000e-01 5.0115007520230470e-01 5.0115000407002008e-01 7.1132284618080632e-08 5.0115004760258608e-01 5.0115000407002008e-01 4.3532565996429184e-08 1.0023001228048907e+00 1.0023000081400402e+00 1.1466485050348751e-07
88 1.7089843750000000e-01 5.0637972227902395e-01 5.0637965034399057e-01 7.1935033374437296e-08 5.0637969436737618e-01 5.0637965034399057e-01 4.4023385603608745e-08 1.0127594166464000e+00 1.0127593006879811e+00 1.1595841886702374e-07
89 1.7285156250000000e-01 5.1159030444353226e-01 5.1159023171033280e-01 7.2733199463215215e-08 5.1159027622174080e-01 5.1159023171033280e-01 4.4511408003877762e-08 1.0231805806652732e+00 1.0231804634206656e+00 1.1724460757811528e-07
90 1.7480468750000000e-01 5.1678162552040696e-01 5.1678155199360298e-01 7.3526803978651856e-08 5.1678159699024984e-01 5.1678155199360298e-01 4.4996646852979438e-08 1.0335632225106568e+00 1.0335631039872060e+00 1.1852345083163129e-07
91 1.7675781250000000e-01 5.2195349005939096e-01 5.2195341574352661e-01 7.4315864351248706e-08 5.2195346122265018e-01 5.2195341574352661e-01 4.5479123578218150e-08 1.0439069512820411e+00 1.0439068314870532e+00 1.1979498792946686e-07
92 1.7871093750000000e-01 5.2710570334275841e-01 5.2710562824235685e-01 7.5100401564220931e-08 5.2710567420120602e-01 5.2710562824235685e-01 4.5958849170801841e-08 1.0542113775439645e+00 1.0542112564847137e+00 1.2105925084604507e-07
93 1.8066406250000000e-01 5.3223807139264079e-01 5.3223799551220508e-01 7.5880435712605276e-08 5.3223804194803537e-01 5.3223799551220508e-01 4.6435830292068658e-08 1.0644761133406762e+00 1.0644759910244102e+00 1.2231626600467393e-07
94 1.8261718750000000e-01 5.3735040097832998e-01 5.3735032432234442e-01 7.6655985559170858e-08 5.3735037123242102e-01 5.3735032432234442e-01 4.6910076600958917e-08 1.0747007722107509e+00 1.0747006486446888e+00 1.2356606204910747e-07
95 1.8457031250000000e-01 5.4244249962355784e-01 5.4244242219648475e-01 7.7427073086333564e-08 5.4244246957807896e-01 5.4244242219648475e-01 4.7381594203699251e-08 1.0848849692016369e+00 1.0848848443929695e+00 1.2480866740105512e-07
96 1.8652343750000000e-01 5.4751417561373406e-01 5.4751409742001889e-01 7.8193715169483369e-08 5.4751414527041886e-01 5.4751409742001889e-01 4.7850399975679636e-08 1.0950283208841529e+00 1.0950281948400378e+00 1.2604411514516300e-07
97 1.8847656250000000e-01 5.5256523800317114e-01 5.5256515904724146e-01 7.8955929683210968e-08 5.5256520736374726e-01 5.5256515904724146e-01 4.8316505796286435e-08 1.1051304453669184e+00 1.1051303180944829e+00 1.2727243547949740e-07
98 1.9042968750000000e-01 5.5759549662227226e-01 5.5759541690853698e-01 7.9713735279263176e-08 5.5759546568845264e-01 5.5759541690853698e-01 4.8779915662322537e-08 1.1151909623107250e+00 1.1151908338170740e+00 1.2849365105260802e-07
99 1.9238281250000000e-01 5.6260476208468813e-01 5.6260468161754007e-01 8.0467148055873849e-08 5.6260473085818663e-01 5.6260468161754007e-01 4.9240646560200219e-08 1.1252094929428749e+00 1.1252093632350801e+00 1.2970779472709637e-07
100 1.9433593750000000e-01 5.6759284579444769e-01 5.6759276457826580e-01 8.1216181890830796e-08 5.6759281427698649e-01 5.6759276457826580e-01 4.9698720694379972e-08 1.1351856600714343e+00 1.1351855291565316e+00 1.3091490269623307e-07
101 1.9628906250000000e-01 5.7255955995306573e-01 5.7255947799220985e-01 8.1960855879970040e-08 5.7255952814634326e-01 5.7255947799220985e-01 5.0154133401925094e-08 1.1451190880994089e+00 1.1451189559844197e+00 1.3211498917087283e-07
102 1.9824218750000000e-01 5.7750471756660449e-01 5.7750463486541936e-01 8.2701185122324716e-08 5.7750468547231015e-01 5.7750463486541936e-01 5.0606890789062220e-08 1.1550094030389146e+00 1.1550092697308387e+00 1.3330807591138694e-07
103 2.0019531250000000e-01 5.8242813245271596e-01 5.8242804901553313e-01 8.3437182829548817e-08 5.8242810007254775e-01 5.8242804901553313e-01 5.1057014616162633e-08 1.1648562325252638e+00 1.1648560980310663e+00 1.3449419755673375e-07
104 2.0214843750000000e-01 5.8732961924765537e-01 5.8732953507879126e-01 8.4168864100675478e-08 5.8732958658329115e-01 5.8732953507879126e-01 5.1504499887222721e-08 1.1746592058309466e+00 1.1746590701575825e+00 1.3567336409892050e-07
105 2.0410156250000000e-01 5.9220899341325550e-01 5.9220890851701358e-01 8.4896241925314087e-08 5.9220896046637306e-01 5.9220890851701358e-01 5.1949359480829571e-08 1.1844179538796284e+00 1.1844178170340272e+00 1.3684560129512136e-07
106 2.0605468750000000e-01 5.9706607124388089e-01 5.9706598562454805e-01 8.5619332845787710e-08 5.9706603801614611e-01 5.9706598562454805e-01 5.2391598059919886e-08 1.1941321092600270e+00 1.1941319712490961e+00 1.3801093090570760e-07
107 2.0800781250000000e-01 6.0190066987332991e-01 6.0190058353518683e-01 8.6338143079345286e-08 6.0190063636641444e-01 6.0190058353518683e-01 5.2831227614902332e-08 1.2038013062397444e+00 1.2038011670703737e+00 1.3916937069424762e-07
108 2.0996093750000000e-01 6.0671260728173781e-01 6.0671252022905109e-01 8.7052686725819228e-08 6.0671257349730745e-01 6.0671252022905109e-01 5.3268256361427291e-08 1.2134251807790453e+00 1.2134250404581022e+00 1.4032094308724652e-07
109 2.1191406250000000e-01 6.1150170230241740e-01 6.1150161453944396e-01 8.7762973444149850e-08 6.1150166824212870e-01 6.1150161453944396e-01 5.3702684743583973e-08 1.2230033705445460e+00 1.2230032290788879e+00 1.4146565807671152e-07
110 2.1386718750000000e-01 6.1626777462868398e-01 6.1626768615967165e-01 8.8469012338165953e-08 6.1626774029419640e-01 6.1626768615967165e-01 5.4134524751781044e-08 1.2325355149228803e+00 1.2325353723193433e+00 1.4260353697892469e-07
111 2.1582031250000000e-01 6.2101064482064405e-01 6.2101055564983132e-01 8.9170812733740945e-08 6.2101061021361537e-01 6.2101055564983132e-01 5.4563784046557373e-08 1.2420212550342593e+00 1.2420211112996626e+00 1.4373459666927602e-07
112 2.1777343750000000e-01 6.2573013431195168e-01 6.2573004444356739e-01 8.9868384289815140e-08 6.2573009943402569e-01 6.2573004444356739e-01 5.4990458298043166e-08 1.2514602337459775e+00 1.2514600888871348e+00 1.4485884269888061e-07
113 2.1972656250000000e-01 6.3042606541652901e-01 6.3042597485479401e-01 9.0561734999994314e-08 6.3042603026934230e-01 6.3042597485479401e-01 5.5414548283394538e-08 1.2608520956858713e+00 1.2608519497095880e+00 1.4597628328338885e-07
114 2.2167968750000000e-01 6.3509826133525360e-01 6.3509817008438574e-01 9.1250867861880636e-08 6.3509822592046283e-01 6.3509817008438574e-01 5.5836077095250403e-08 1.2701964872557165e+00 1.2701963401687715e+00 1.4708694506815334e-07
115 2.2363281250000000e-01 6.3974654616262516e-01 6.3974645422683263e-01 9.1935792534414418e-08 6.3974651048186149e-01 6.3974645422683263e-01 5.6255028857421507e-08 1.2794930566444866e+00 1.2794929084536653e+00 1.4819082139183593e-07
116 2.2558593750000000e-01 6.4437074489337842e-01 6.4437065227686408e-01 9.2616514346666179e-08 6.4437070894828119e-01 6.4437065227686408e-01 5.6671417114628753e-08 1.2887414538416597e+00 1.2887413045537282e+00 1.4928793157231723e-07
117 2.2753906250000000e-01 6.4897068342907471e-01 6.4897059013603708e-01 9.3293037628505715e-08 6.4897064722127418e-01 6.4897059013603708e-01 5.7085237092913133e-08 1.2979413306503489e+00 1.2979411802720742e+00 1.5037827472141885e-07
118 2.2949218750000000e-01 6.5354618858465696e-01 6.5354609461929114e-01 9.3965365821624403e-08 6.5354615211578537e-01 6.5354609461929114e-01 5.7496494232367468e-08 1.3070923407004424e+00 1.3070921892385823e+00 1.5146186016501417e-07
119 2.3144531250000000e-01 6.5809708809496947e-01 6.5809699346146844e-01 9.4633501035445988e-08 6.5809705136666463e-01 6.5809699346146844e-01 5.7905196193530628e-08 1.3161941394616341e+00 1.3161939869229369e+00 1.5253869722897662e-07
120 2.3339843750000000e-01 6.6262321062124585e-01 6.6262311532379992e-01 9.5297445934505731e-08 6.6262317363513934e-01 6.6262311532379992e-01 5.8311339423688935e-08 1.3252463842563853e+00 1.3252462306475998e+00 1.5360878546921697e-07
121 2.3535156250000000e-01 6.6712438575756017e-01 6.6712428980035554e-01 9.5957204626628823e-08 6.6712434851527036e-01 6.6712428980035554e-01 5.8714914819013586e-08 1.3342487342728306e+00 1.3342485796007111e+00 1.5467211955666471e-07
122 2.3730468750000000e-01 6.7160044403723518e-01 6.7160034742446040e-01 9.6612774780346911e-08 6.7160040654041053e-01 6.7160034742446040e-01 5.9115950135080197e-08 1.3432008505776456e+00 1.3432006948489208e+00 1.5572872480440481e-07
123 2.3925781250000000e-01 6.7605121693923598e-01 6.7605111967507470e-01 9.7264161280641304e-08 6.7605117918948754e-01 6.7605111967507470e-01 5.9514412842354147e-08 1.3521023961287235e+00 1.3521022393501494e+00 1.5677857412299545e-07
124 2.4121093750000000e-01 6.8047653689449783e-01 6.8047643898313881e-01 9.7911359020486088e-08 6.8047649889346473e-01 6.8047643898313881e-01 5.9910325922452046e-08 1.3609530357879627e+00 1.3609528779662776e+00 1.5782168505396044e-07
125 2.4316406250000000e-01 6.8487623729225011e-01 6.8487613873788222e-01 9.8554367888858962e-08 6.8487619904156949e-01 6.8487613873788222e-01 6.0303687265950146e-08 1.3697524363338196e+00 1.3697522774757644e+00 1.5885805515480911e-07
126 2.4511718750000000e-01 6.8925015248628463e-01 6.8925005329309563e-01 9.9193188995982950e-08 6.8925011398757841e-01 6.8925005329309563e-01 6.0694482773016034e-08 1.3785002664738630e+00 1.3785001065861913e+00 1.5988767176899898e-07
127 2.4707031250000000e-01 6.9359811780118541e-01 6.9359801797336817e-01 9.9827817234832139e-08 6.9359807905609305e-01 6.9359801797336817e-01 6.1082724878147587e-08 1.3871961968572784e+00 1.3871960359467363e+00 1.6091054200195742e-07
128 2.4902343750000000e-01 6.9791996953853663e-01 6.9791986908028736e-01 1.0045824927473745e-07 6.9791993054869850e-01 6.9791986908028736e-01 6.1468411138854151e-08 1.3958399000872350e+00 1.3958397381605747e+00 1.6192666030256930e-07
129 2.5097656250000000e-01 7.0221554498308592e-01 7.0221544389860147e-01 1.0108448444956508e-07 7.0221550575013425e-01 7.0221544389860147e-01 6.1851532784373831e-08 1.4044310507332201e+00 1.4044308877972029e+00 1.6293601712291661e-07
130 2.5292968750000000e-01 7.0648468240886708e-01 7.0648458070234654e-01 1.0170652053886897e-07 7.0648464293441460e-01 7.0648458070234654e-01 6.2232068054335343e-08 1.4129693253432816e+00 1.4129691614046931e+00 1.6393858848218201e-07
131 2.5488281250000000e-01 7.1072722108528419e-01 7.1072711876093497e-01 1.0232434921597644e-07 7.1072718137096680e-01 7.1072711876093497e-01 6.2610031825727219e-08 1.4214544024562510e+00 1.4214542375218699e+00 1.6493438104170366e-07
132 2.5683593750000000e-01 7.1494300128317434e-01 7.1494289834520663e-01 1.0293796770532992e-07 7.1494296133062762e-01 7.1494289834520663e-01 6.2985420989924989e-08 1.4298859626138021e+00 1.4298857966904133e+00 1.6592338880627722e-07
133 2.5878906250000000e-01 7.1913186428080877e-01 7.1913176073344298e-01 1.0354736579287760e-07 7.1913182409168508e-01 7.1913176073344298e-01 6.3358242097244499e-08 1.4382636883724937e+00 1.4382635214668860e+00 1.6690560777909980e-07
134 2.6074218750000000e-01 7.2329365236988619e-01 7.2329354821734260e-01 1.0415254358964177e-07 7.2329361194581065e-01 7.2329354821734260e-01 6.3728468058243948e-08 1.4465872643156970e+00 1.4465870964346852e+00 1.6788101175890802e-07
135 2.6269531250000000e-01 7.2742820886144832e-01 7.2742810410795888e-01 1.0475348943828067e-07 7.2742816820406897e-01 7.2742810410795888e-01 6.4096110086175884e-08 1.4548563770655174e+00 1.4548562082159178e+00 1.6884959963547885e-07
136 2.6464843750000000e-01 7.3153537809179547e-01 7.3153527274159957e-01 1.0535019590030004e-07 7.3153533720277397e-01 7.3153527274159957e-01 6.4461174398289245e-08 1.4630707152945694e+00 1.4630705454831991e+00 1.6981137029858928e-07
137 2.6660156250000000e-01 7.3561500542834668e-01 7.3561489948568715e-01 1.0594265953400850e-07 7.3561496430931972e-01 7.3561489948568715e-01 6.4823632572874601e-08 1.4712299697376663e+00 1.4712297989713743e+00 1.7076629199586080e-07
138 2.6855468750000000e-01 7.3966693727544808e-01 7.3966683074458006e-01 1.0653086801593048e-07 7.3966689592807922e-01 7.3966683074458006e-01 6.5183499153853575e-08 1.4793338332035273e+00 1.4793336614891601e+00 1.7171436716978405e-07
139 2.7050781250000000e-01 7.4369102108017071e-01 7.4369091396535691e-01 1.0711481379654941e-07 7.4369097950612395e-01 7.4369091396535691e-01 6.5540767035798808e-08 1.4873820005862948e+00 1.4873818279307138e+00 1.7265558094337052e-07
140 2.7246093750000000e-01 7.4768710533804805e-01 7.4768699764355884e-01 1.0769448921532643e-07 7.4768706353897496e-01 7.4768699764355884e-01 6.5895416123673556e-08 1.4953741688770230e+00 1.4953739952871177e+00 1.7358990533899998e-07
141 2.7441406250000000e-01 7.5165503959877467e-01 7.5165493132889372e-01 1.0826988094958523e-07 7.5165499757635479e-01 7.5165493132889372e-01 6.6247461072421743e-08 1.5033100371751296e+00 1.5033098626577874e+00 1.7451734213302927e-07
142 2.7636718750000000e-01 7.5559467447188822e-01 7.5559456563090133e-01 1.0884098688990207e-07 7.5559463222776513e-01 7.5559456563090133e-01 6.6596863801393624e-08 1.5111893066996533e+00 1.5111891312618027e+00 1.7543785069129569e-07
143 2.7832031250000000e-01 7.5950586163236611e-01 7.5950575222457672e-01 1.0940778938373086e-07 7.5950581916822568e-01 7.5950575222457672e-01 6.6943648957540347e-08 1.5190116808005918e+00 1.5190115044491534e+00 1.7635143834127120e-07
144 2.8027343750000000e-01 7.6338845382623521e-01 7.6338834385595511e-01 1.0997028010439891e-07 7.6338841114375189e-01 7.6338834385595511e-01 6.7287796778892073e-08 1.5267768649699871e+00 1.5267766877119102e+00 1.7725807688329098e-07
145 2.8222656250000000e-01 7.6724230487610479e-01 7.6724219434765617e-01 1.1052844861580979e-07 7.6724226197696321e-01 7.6724219434765617e-01 6.7629307043404197e-08 1.5344845668530680e+00 1.5344843886953123e+00 1.7815775565921399e-07
146 2.8417968750000000e-01 7.7106726968667394e-01 7.7106715860438713e-01 1.1108228681333543e-07 7.7106722657254068e-01 7.7106715860438713e-01 6.7968153549813337e-08 1.5421344962592145e+00 1.5421343172087743e+00 1.7905044025212646e-07
147 2.8613281250000000e-01 7.7486320425018596e-01 7.7486309261840558e-01 1.1163178037509880e-07 7.7486316092275109e-01 7.7486309261840558e-01 6.8304345512970599e-08 1.5497263651729369e+00 1.5497261852368112e+00 1.7993612577704710e-07
148 2.8808593750000000e-01 7.7862996565185993e-01 7.7862985347494140e-01 1.1217691853193656e-07 7.7862992211280657e-01 7.7862985347494140e-01 6.8637865169307588e-08 1.5572598877646664e+00 1.5572597069498828e+00 1.8081478359022185e-07
149 2.9003906250000000e-01 7.8236741207526683e-01 7.8236729935757710e-01 1.1271768973752927e-07 7.8236736832629250e-01 7.8236729935757710e-01 6.8968715405404168e-08 1.5647347804015594e+00 1.5647345987151542e+00 1.8168640525395574e-07
150 2.9199218750000000e-01 7.8607540280766508e-01 7.8607528955358785e-01 1.1325407722750924e-07 7.8607535885048430e-01 7.8607528955358785e-01 6.9296896443304945e-08 1.5721507616581494e+00 1.5721505791071757e+00 1.8255097367081419e-07
151 2.9394531250000000e-01 7.8975379824531045e-01 7.8975368445923844e-01 1.1378607200906998e-07 7.8975375408162973e-01 7.8975368445923844e-01 6.9622391296597641e-08 1.5795075523269402e+00 1.5795073689184769e+00 1.8340846330566762e-07
152 2.9589843750000000e-01 7.9340245989870073e-01 7.9340234558503964e-01 1.1431366109260210e-07 7.9340241553023583e-01 7.9340234558503964e-01 6.9945196190523973e-08 1.5868048754289366e+00 1.5868046911700793e+00 1.8425885728312608e-07
153 2.9785156250000000e-01 7.9702125039779737e-01 7.9702113556096266e-01 1.1483683470814299e-07 7.9702120582625313e-01 7.9702113556096266e-01 7.0265290474935682e-08 1.5940424562240505e+00 1.5940422711219253e+00 1.8510212518307867e-07
154 2.9980468750000000e-01 8.0061003349718518e-01 8.0060991814160976e-01 1.1535557542519115e-07 8.0060998872428490e-01 8.0060991814160976e-01 7.0582675149033491e-08 1.6012200222214701e+00 1.6012198362832195e+00 1.8593825057422464e-07
155 3.0175781250000000e-01 8.0416867408121351e-01 8.0416855821134536e-01 1.1586986814471345e-07 8.0416862910870257e-01 8.0416855821134536e-01 7.0897357207222456e-08 1.6083373031899160e+00 1.6083371164226907e+00 1.8676722524091360e-07
156 3.0371093750000000e-01 8.0769703816908478e-01 8.0769692178938235e-01 1.1637970243061346e-07 8.0769699299869369e-01 8.0769692178938235e-01 7.1209311336417613e-08 1.6153940311677784e+00 1.6153938435787647e+00 1.8758901365600877e-07
157 3.0566406250000000e-01 8.1119499291989550e-01 8.1119487603482598e-01 1.1688506951212929e-07 8.1119494755333899e-01 8.1119487603482598e-01 7.1518513000690120e-08 1.6223899404732345e+00 1.6223897520696520e+00 1.8840358251281941e-07
158 3.0761718750000000e-01 8.1466240663762546e-01 8.1466228925167616e-01 1.1738594929422419e-07 8.1466236107666035e-01 8.1466228925167616e-01 7.1824984182455864e-08 1.6293247677142859e+00 1.6293245785033523e+00 1.8921093358770236e-07
159 3.0957031250000000e-01 8.1809914877611767e-01 8.1809903089378500e-01 1.1788233267306936e-07 8.1809910302247468e-01 8.1809903089378500e-01 7.2128689687644965e-08 1.6361982517985925e+00 1.6361980617875700e+00 1.9001102247173662e-07
160 3.1152343750000000e-01 8.2150508994397575e-01 8.2150497156977220e-01 1.1837420355043093e-07 8.2150504399939683e-01 8.2150497156977220e-01 7.2429624631276113e-08 1.6430101339433727e+00 1.6430099431395444e+00 1.9080382829272935e-07
161 3.1347656250000000e-01 8.2488010190944472e-01 8.2487998304789611e-01 1.1886154860363263e-07 8.2488005577568790e-01 8.2487998304789611e-01 7.2727791788906870e-08 1.6497601576851326e+00 1.6497599660957922e+00 1.9158934039253950e-07
162 3.1542968750000000e-01 8.2822405760523310e-01 8.2822393826088236e-01 1.1934435073523986e-07 8.2822401128406953e-01 8.2822393826088236e-01 7.3023187163734349e-08 1.6564480688893026e+00 1.6564478765217647e+00 1.9236753789897421e-07
163 3.1738281250000000e-01 8.3153683113330501e-01 8.3153671131070728e-01 1.1982259773279935e-07 8.3153678462651071e-01 8.3153671131070728e-01 7.3315803428286586e-08 1.6630736157598158e+00 1.6630734226214146e+00 1.9313840127210824e-07
164 3.1933593750000000e-01 8.3481829776961280e-01 8.3481817747333775e-01 1.2029627505238949e-07 8.3481825107895846e-01 8.3481817747333775e-01 7.3605620709571440e-08 1.6696365488485712e+00 1.6696363549466755e+00 1.9390189565093863e-07
165 3.2128906250000000e-01 8.3806833396879632e-01 8.3806821320342739e-01 1.2076536892724477e-07 8.3806828709606529e-01 8.3806821320342739e-01 7.3892637897365887e-08 1.6761366210648616e+00 1.6761364264068548e+00 1.9465800682461065e-07
166 3.2324218750000000e-01 8.4128681736883459e-01 8.4128669613896812e-01 1.2122986647877809e-07 8.4128677031580412e-01 8.4128669613896812e-01 7.4176836006856206e-08 1.6825735876846388e+00 1.6825733922779362e+00 1.9540670259665660e-07
167 3.2519531250000000e-01 8.4447362679564886e-01 8.4447350510589636e-01 1.2168975249693403e-07 8.4447357956411140e-01 8.4447350510589636e-01 7.4458215038042397e-08 1.6889472063597601e+00 1.6889470102117927e+00 1.9614796742395413e-07
168 3.2714843750000000e-01 8.4762864226766665e-01 8.4762852012265577e-01 1.2214501088347873e-07 8.4762859485942055e-01 8.4762852012265577e-01 7.4736764776872633e-08 1.6952572371270871e+00 1.6952570402453115e+00 1.9688177554932906e-07
169 3.2910156250000000e-01 8.5075174500034345e-01 8.5075162240471403e-01 1.2259562942595892e-07 8.5075169741719447e-01 8.5075162240471403e-01 7.5012480449387908e-08 1.7015034424175379e+00 1.7015032448094281e+00 1.9760810987534683e-07
170 3.3105468750000000e-01 8.5384281741062884e-01 8.5384269436903548e-01 1.2304159335840836e-07 8.5384276965438421e-01 8.5384269436903548e-01 7.5285348732911928e-08 1.7076855870650132e+00 1.7076853887380710e+00 1.9832694220234259e-07
171 3.3300781250000000e-01 8.5690174312139678e-01 8.5690161963850775e-01 1.2348288902508386e-07 8.5690169519386683e-01 8.5690161963850775e-01 7.5555359080325957e-08 1.7138034383152636e+00 1.7138032392770155e+00 1.9903824810540982e-07
172 3.3496093750000000e-01 8.5992840696582185e-01 8.5992828304632363e-01 1.2391949821832782e-07 8.5992835886883756e-01 8.5992828304632363e-01 7.5822513934120650e-08 1.7198567658346593e+00 1.7198565660926473e+00 1.9974201204142616e-07
173 3.3691406250000000e-01 8.6292269499173058e-01 8.6292257064031619e-01 1.2435141438782438e-07 8.6292264672709473e-01 8.6292257064031619e-01 7.6086778544315337e-08 1.7258453417188253e+00 1.7258451412806324e+00 2.0043819293213971e-07
174 3.3886718750000000e-01 8.6588449446587179e-01 8.6588436968724980e-01 1.2477862199045120e-07 8.6588444603539716e-01 8.6588436968724980e-01 7.6348147359794893e-08 1.7317689405012691e+00 1.7317687393744996e+00 2.0112676946126840e-07
175 3.4082031250000000e-01 8.6881369387816554e-01 8.6881356867706450e-01 1.2520110104219384e-07 8.6881364528371141e-01 8.6881356867706450e-01 7.6606646914889609e-08 1.7376273391618771e+00 1.7376271373541290e+00 2.0180774806810575e-07
176 3.4277343750000000e-01 8.7171018294591340e-01 8.7171005732707396e-01 1.2561883944162133e-07 8.7171013418931920e-01 8.7171005732707396e-01 7.6862245235176374e-08 1.7434203171352327e+00 1.7434201146541479e+00 2.0248108478782001e-07
177 3.4472656250000000e-01 8.7457385261794029e-01 8.7457372658611765e-01 1.2603182264481205e-07 8.7457380370106352e-01 8.7457372658611765e-01 7.7114945873368868e-08 1.7491476563190038e+00 1.7491474531722353e+00 2.0314676851818092e-07
178 3.4667968750000000e-01 8.7740459507870683e-01 8.7740446863866639e-01 1.2644004043771417e-07 8.7740454600338424e-01 8.7740446863866639e-01 7.7364717854244702e-08 1.7548091410820912e+00 1.7548089372773328e+00 2.0380475840298118e-07
179 3.4863281250000000e-01 8.8020230375235775e-01 8.8020217690888192e-01 1.2684347583391542e-07 8.8020225452045497e-01 8.8020217690888192e-01 7.7611573057190242e-08 1.7604045582728127e+00 1.7604043538177638e+00 2.0445504889110566e-07
180 3.5058593750000000e-01 8.8296687330674406e-01 8.8296674606462910e-01 1.2724211495562798e-07 8.8296682392012515e-01 8.8296674606462910e-01 7.7855496050105444e-08 1.7659336972268691e+00 1.7659334921292582e+00 2.0509761089471112e-07
181 3.5253906250000000e-01 8.8569819965738916e-01 8.8569807202144168e-01 1.2763594747777773e-07 8.8569815011791297e-01 8.8569807202144168e-01 7.8096471289867964e-08 1.7713963497753022e+00 1.7713961440428834e+00 2.0573241887866800e-07
182 3.5449218750000000e-01 8.8839617997139719e-01 8.8839605194644133e-01 1.2802495585884088e-07 8.8839613028094033e-01 8.8839605194644133e-01 7.8334498998522406e-08 1.7767923102523375e+00 1.7767921038928827e+00 2.0635945485736329e-07
183 3.5644531250000000e-01 8.9106071267134357e-01 8.9106058426220869e-01 1.2840913488076922e-07 8.9106066283175478e-01 8.9106058426220869e-01 7.8569546091422637e-08 1.7821213755030985e+00 1.7821211685244174e+00 2.0697868108321416e-07
184 3.5839843750000000e-01 8.9369169743907306e-01 8.9369156865060806e-01 1.2878846500363750e-07 8.9369164745223439e-01 8.9369156865060806e-01 7.8801626335334163e-08 1.7873833448913075e+00 1.7873831373012161e+00 2.0759009133897166e-07
185 3.6035156250000000e-01 8.9628903521949355e-01 8.9628890605656419e-01 1.2916292935205576e-07 8.9628898508730881e-01 8.9628890605656419e-01 7.9030744615238291e-08 1.7925780203068022e+00 1.7925778121131284e+00 2.0819367385627174e-07
186 3.6230468750000000e-01 8.9885262822430967e-01 8.9885249869179173e-01 1.2953251793401677e-07 8.9885257794867701e-01 8.9885249869179173e-01 7.9256885276990374e-08 1.7977052061729868e+00 1.7977049973835835e+00 2.0878940332202944e-07
187 3.6425781250000000e-01 9.0138237993569337e-01 9.0138225003847716e-01 1.2989721620559891e-07 9.0138232951851627e-01 9.0138225003847716e-01 7.9480039105739309e-08 1.8027647094542096e+00 1.8027645000769543e+00 2.0937725531133822e-07
188 3.6621093750000000e-01 9.0387819510992606e-01 9.0387806485291189e-01 1.3025701417479496e-07 9.0387814455310600e-01 9.0387806485291189e-01 7.9700194111076428e-08 1.8077563396630321e+00 1.8077561297058238e+00 2.0995720828587139e-07
189 3.6816406250000000e-01 9.0633997978098002e-01 9.0633984916907895e-01 1.3061190107244158e-07 9.0633992908640382e-01 9.0633984916907895e-01 7.9917324868894468e-08 1.8126799088673837e+00 1.8126796983381579e+00 2.1052922583031375e-07
190 3.7011718750000000e-01 9.0876764126405019e-01 9.0876751030219005e-01 1.3096186013417110e-07 9.0876759043364019e-01 9.0876751030219005e-01 8.0131450141962546e-08 1.8175352316976903e+00 1.8175350206043801e+00 2.1109331016511135e-07
191 3.7207031250000000e-01 9.1116108815905361e-01 9.1116095685217569e-01 1.3130687792628493e-07 9.1116103719473684e-01 9.1116095685217569e-01 8.0342561159518766e-08 1.8223221253537905e+00 1.8223219137043514e+00 2.1164943908580369e-07
192 3.7402343750000000e-01 9.1352023035407304e-01 9.1352009870712625e-01 1.3164694678824418e-07 9.1352017925776863e-01 9.1352009870712625e-01 8.0550642378440784e-08 1.8270404096118416e+00 1.8270401974142525e+00 2.1219758905566266e-07
193 3.7597656250000000e-01 9.1584497902873307e-01 9.1584484704668412e-01 1.3198204895648047e-07 9.1584492780237448e-01 9.1584484704668412e-01 8.0755690357037224e-08 1.8316899068311074e+00 1.8316896940933682e+00 2.1273773920249539e-07
194 3.7792968750000000e-01 9.1813524665756041e-01 9.1813511434538830e-01 1.3231217210751822e-07 9.1813519530309673e-01 9.1813511434538830e-01 8.0957708425977160e-08 1.8362704419606573e+00 1.8362702286907766e+00 2.1326988064451768e-07
195 3.7988281250000000e-01 9.2039094701328072e-01 9.2039081437596937e-01 1.3263731135637613e-07 9.2039089553261899e-01 9.2039081437596937e-01 8.1156649622826649e-08 1.8407818425458997e+00 1.8407816287519387e+00 2.1379396097920278e-07
196 3.8183593750000000e-01 9.2261199517005010e-01 9.2261186221259617e-01 1.3295745393548941e-07 9.2261194356512100e-01 9.2261186221259617e-01 8.1352524827771333e-08 1.8452239387351712e+00 1.8452237244251923e+00 2.1430997887428305e-07
197 3.8378906250000000e-01 9.2479830750666181e-01 9.2479817423407296e-01 1.3327258885365012e-07 9.2479825577939301e-01 9.2479817423407296e-01 8.1545320052001102e-08 1.8495965632860547e+00 1.8495963484681459e+00 2.1481790879462892e-07
198 3.8574218750000000e-01 9.2694980170968688e-01 9.2694966812698798e-01 1.3358269890240138e-07 9.2694974986204159e-01 9.2694966812698798e-01 8.1735053614195863e-08 1.8538995515717285e+00 1.8538993362539760e+00 2.1531775251659724e-07
199 3.8769531250000000e-01 9.2906639677658787e-01 9.2906626288881189e-01 1.3388777597711510e-07 9.2906634481052086e-01 9.2906626288881189e-01 8.1921708972032548e-08 1.8581327415871087e+00 1.8581325257776238e+00 2.1580948494914765e-07
200 3.8964843750000000e-01 9.3114801301875250e-01 9.3114787883094863e-01 1.3418780386853513e-07 9.3114796093624430e-01 9.3114787883094863e-01 8.2105295673429168e-08 1.8622959739549967e+00 1.8622957576618973e+00 2.1629309943094199e-07
201 3.9160156250000000e-01 9.3319457206450762e-01 9.3319443758173426e-01 1.3448277336181036e-07 9.3319451986752111e-01 9.3319443758173426e-01 8.2285786850988529e-08 1.8663890919320287e+00 1.8663888751634685e+00 2.1676856021279889e-07
202 3.9355468750000000e-01 9.3520599686206540e-01 9.3520586208938850e-01 1.3477267690742423e-07 9.3520594455257355e-01 9.3520586208938850e-01 8.2463185058223587e-08 1.8704119414146390e+00 1.8704117241787770e+00 2.1723586196564781e-07
203 3.9550781250000000e-01 9.3718221168242166e-01 9.3718207662491559e-01 1.3505750606768174e-07 9.3718215926237247e-01 9.3718207662491559e-01 8.2637456877421300e-08 1.8743643709447941e+00 1.8743641532498312e+00 2.1769496294510304e-07
204 3.9746093750000000e-01 9.3912314212220227e-01 9.3912300678495519e-01 1.3533724707581740e-07 9.3912308959357160e-01 9.3912300678495519e-01 8.2808616408414082e-08 1.8782462317157740e+00 1.8782460135699104e+00 2.1814586359525379e-07
205 3.9941406250000000e-01 9.4102871510647246e-01 9.4102857949458385e-01 1.3561188860755635e-07 9.4102866247124561e-01 9.4102857949458385e-01 8.2976661763822790e-08 1.8820573775777181e+00 1.8820571589891677e+00 2.1858855037137914e-07
206 4.0136718750000000e-01 9.4289885889149239e-01 9.4289872301006605e-01 1.3588142633302880e-07 9.4289880615163324e-01 9.4289872301006605e-01 8.3141567186473253e-08 1.8857976650431256e+00 1.8857974460201321e+00 2.1902299351950205e-07
207 4.0332031250000000e-01 9.4473350306739790e-01 9.4473336692155541e-01 1.3614584248866635e-07 9.4473345022490429e-01 9.4473336692155541e-01 8.3303348885621631e-08 1.8894669532923021e+00 1.8894667338431108e+00 2.1944919126326567e-07
208 4.0527343750000000e-01 9.4653257856087858e-01 9.4653244215574561e-01 1.3640513296664381e-07 9.4653252561774093e-01 9.4653244215574561e-01 8.3461995314948467e-08 1.8930651041786195e+00 1.8930648843114912e+00 2.1986712828159227e-07
209 4.0722656250000000e-01 9.4829601763775306e-01 9.4829588097847095e-01 1.3665928211281653e-07 9.4829596459597398e-01 9.4829588097847095e-01 8.3617503032762386e-08 1.8965919822337272e+00 1.8965917619569419e+00 2.2027678525660122e-07
210 4.0917968750000000e-01 9.5002375390554006e-01 9.5002361699725646e-01 1.3690828359891327e-07 9.5002370076712672e-01 9.5002361699725646e-01 8.3769870262706547e-08 1.9000474546726669e+00 1.9000472339945129e+00 2.2067815397264212e-07
211 4.1113281250000000e-01 9.5171572231594703e-01 9.5171558516381760e-01 1.3715212943132826e-07 9.5171566908290017e-01 9.5171558516381760e-01 8.3919082571881631e-08 1.9034313913988472e+00 1.9034311703276352e+00 2.2107121200320989e-07
212 4.1308593750000000e-01 9.5337185916731915e-01 9.5337172177650908e-01 1.3739081006214349e-07 9.5337180584164360e-01 9.5337172177650908e-01 8.4065134520194817e-08 1.9067436650089626e+00 1.9067434435530182e+00 2.2145594447131600e-07
213 4.1503906250000000e-01 9.5499210210703855e-01 9.5499196448272339e-01 1.3762431516628482e-07 9.5499204869074872e-01 9.5499196448272339e-01 8.4208025330489988e-08 1.9099841507977873e+00 1.9099839289654468e+00 2.2183234049677480e-07
214 4.1699218750000000e-01 9.5657639013387752e-01 9.5657625228123888e-01 1.3785263863752562e-07 9.5657633662897978e-01 9.5657625228123888e-01 8.4347740902934731e-08 1.9131527267628572e+00 1.9131525045624778e+00 2.2220037942943804e-07
215 4.1894531250000000e-01 9.5812466360028781e-01 9.5812452552451499e-01 1.3807577281532701e-07 9.5812461000878701e-01 9.5812452552451499e-01 8.4484272022677942e-08 1.9162492736090748e+00 1.9162490510490300e+00 2.2256004483800496e-07
216 4.2089843750000000e-01 9.5963686421464811e-01 9.5963672592093918e-01 1.3829370892892712e-07 9.5963681053855265e-01 9.5963672592093918e-01 8.4617613471671405e-08 1.9192736747532009e+00 1.9192734518418784e+00 2.2291132251162082e-07
217 4.2285156250000000e-01 9.6111293504345963e-01 9.6111279653702131e-01 1.3850643831858633e-07 9.6111288128478778e-01 9.6111279653702131e-01 8.4747766471160446e-08 1.9222258163282473e+00 1.9222255930740426e+00 2.2325420467872448e-07
218 4.2480468750000000e-01 9.6255282051348789e-01 9.6255268179953690e-01 1.3871395099229744e-07 9.6255276667426715e-01 9.6255268179953690e-01 8.4874730243988949e-08 1.9251055871877552e+00 1.9251053635990738e+00 2.2358868134730869e-07
219 4.2675781250000000e-01 9.6395646641386068e-01 9.6395632749761984e-01 1.3891624084383380e-07 9.6395641249611375e-01 9.6395632749761984e-01 8.4998493909971273e-08 1.9279128789099744e+00 1.9279126549952397e+00 2.2391473475380508e-07
220 4.2871093750000000e-01 9.6532381989810467e-01 9.6532368078480280e-01 1.3911330187799109e-07 9.6532376590385149e-01 9.6532368078480280e-01 8.5119048698345523e-08 1.9306475858019563e+00 1.9306473615696056e+00 2.2423235068735892e-07
221 4.3066406250000000e-01 9.6665482948612924e-01 9.6665469018100736e-01 1.3930512188231603e-07 9.6665477541742406e-01 9.6665469018100736e-01 8.5236416702549889e-08 1.9333096049035534e+00 1.9333093803620147e+00 2.2454153869588822e-07
222 4.3261718750000000e-01 9.6794944506617642e-01 9.6794930557448200e-01 1.3949169441751508e-07 9.6794939092506171e-01 9.6794930557448200e-01 8.5350579714926766e-08 1.9358988359912381e+00 1.9358986111489640e+00 2.2484227413244184e-07
223 4.3457031250000000e-01 9.6920761789670484e-01 9.6920747822368902e-01 1.3967301581985225e-07 9.6920756368521577e-01 9.6920747822368902e-01 8.5461526744268212e-08 1.9384151815819206e+00 1.9384149564473780e+00 2.2513454256412047e-07
224 4.3652343750000000e-01 9.7042930060821486e-01 9.7042916075913899e-01 1.3984907587527573e-07 9.7042924632840588e-01 9.7042916075913899e-01 8.5569266894403029e-08 1.9408585469366209e+00 1.9408583215182780e+00 2.2541834288070106e-07
225 4.3847656250000000e-01 9.7161444720504975e-01 9.7161430718517539e-01 1.4001987436174090e-07 9.7161439285894058e-01 9.7161430718517539e-01 8.5673765193305940e-08 1.9432288400639903e+00 1.9432286143703508e+00 2.2569363955504684e-07
226 4.4042968750000000e-01 9.7276301306710455e-01 9.7276287288170482e-01 1.4018539973292832e-07 9.7276295865674389e-01 9.7276287288170482e-01 8.5775039071478432e-08 1.9455259717238484e+00 1.9455257457634096e+00 2.2596043880440675e-07
227 4.4238281250000000e-01 9.7387495495152709e-01 9.7387481460587799e-01 1.4034564910225811e-07 9.7387490047895298e-01 9.7387481460587799e-01 8.5873074984199604e-08 1.9477498554304802e+00 1.9477496292117560e+00 2.2621872419748001e-07
228 4.4433593750000000e-01 9.7495023099432954e-01 9.7495009049371761e-01 1.4050061192261154e-07 9.7495017646160542e-01 9.7495009049371761e-01 8.5967887808457988e-08 1.9499004074559350e+00 1.9499001809874352e+00 2.2646849973106953e-07
229 4.4628906250000000e-01 9.7598880071197724e-01 9.7598866006169405e-01 1.4065028319798500e-07 9.7598874612117170e-01 9.7598866006169405e-01 8.6059477655275884e-08 1.9519775468331488e+00 1.9519773201233881e+00 2.2670976074223859e-07
230 4.4824218750000000e-01 9.7699062500290801e-01 9.7699048420825030e-01 1.4079465771033028e-07 9.7699057035607972e-01 9.7699048420825030e-01 8.6147829425620159e-08 1.9539811953589878e+00 1.9539809684165006e+00 2.2694248724697275e-07
231 4.5019531250000000e-01 9.7795566614900831e-01 9.7795552521527340e-01 1.4093373490453587e-07 9.7795561144819365e-01 9.7795552521527340e-01 8.6232920248896505e-08 1.9559112775972021e+00 1.9559110504305468e+00 2.2716665526445468e-07
232 4.5214843750000000e-01 9.7888388781702096e-01 9.7888374674951473e-01 1.4106750623188447e-07 9.7888383306427385e-01 9.7888374674951473e-01 8.6314759117911422e-08 1.9577677208812947e+00 1.9577674934990295e+00 2.2738226523877358e-07
233 4.5410156250000000e-01 9.7977525505992058e-01 9.7977511386395821e-01 1.4119596236650267e-07 9.7977520025732068e-01 9.7977511386395821e-01 8.6393362463965673e-08 1.9595504553172414e+00 1.9595502277279164e+00 2.2758932494149064e-07
234 4.5605468750000000e-01 9.8062973431824096e-01 9.8062959299913599e-01 1.4131910497372502e-07 9.8062967946783941e-01 9.8062959299913599e-01 8.6468703419662063e-08 1.9612594137860804e+00 1.9612591859982720e+00 2.2778780839338708e-07
235 4.5800781250000000e-01 9.8144729342131343e-01 9.8144715198439147e-01 1.4143692195212054e-07 9.8144723852519367e-01 9.8144715198439147e-01 8.6540802191059640e-08 1.9628945319465072e+00 1.9628943039687829e+00 2.2797772425420249e-07
236 4.5996093750000000e-01 9.8222790158850748e-01 9.8222776003909085e-01 1.4154941663235832e-07 9.8222784664872897e-01 9.8222776003909085e-01 8.6609638128010147e-08 1.9644557482372365e+00 1.9644555200781817e+00 2.2815905476036846e-07
237 4.6191406250000000e-01 9.8297152943036381e-01 9.8297138777378212e-01 1.4165658168696638e-07 9.8297147444899469e-01 9.8297138777378212e-01 8.6675212562781212e-08 1.9659430038793584e+00 1.9659427755475642e+00 2.2833179413872529e-07
238 4.6386718750000000e-01 9.8367814894971650e-01 9.8367800719130127e-01 1.4175841522856558e-07 9.8367809392882322e-01 9.8367800719130127e-01 8.6737521942659157e-08 1.9673562428785396e+00 1.9673560143826025e+00 2.2849593706020244e-07
239 4.6582031250000000e-01 9.8434773354273808e-01 9.8434759168782682e-01 1.4185491126195160e-07 9.8434767848439098e-01 9.8434759168782682e-01 8.6796564158220235e-08 1.9686954120271292e+00 1.9686951833756536e+00 2.2865147553119414e-07
240 4.6777343750000000e-01 9.8498025799994549e-01 9.8498011605388092e-01 1.4194606456907621e-07 9.8498020290622590e-01 9.8498011605388092e-01 8.6852344982624174e-08 1.9699604609061714e+00 1.9699602321077618e+00 2.2879840955170039e-07
241 4.6972656250000000e-01 9.8557569850715321e-01 9.8557555647527850e-01 1.4203187470585021e-07 9.8557564338013026e-01 9.8557555647527850e-01 8.6904851759328494e-08 1.9711513418872835e+00 1.9711511129505570e+00 2.2893672646517871e-07
242 4.7167968750000000e-01 9.8613403264636257e-01 9.8613389053402434e-01 1.4211233823058222e-07 9.8613397748810561e-01 9.8613389053402434e-01 8.6954081268686423e-08 1.9722680101344681e+00 1.9722677810680487e+00 2.2906641938824635e-07
243 4.7363281250000000e-01 9.8665523939660826e-01 9.8665509720915678e-01 1.4218745147953626e-07 9.8665518420919518e-01 9.8665509720915678e-01 8.7000038395679269e-08 1.9733104236058034e+00 1.9733101944183136e+00 2.2918748987521553e-07
244 4.7558593750000000e-01 9.8713929913474729e-01 9.8713915687753895e-01 1.4225720834648570e-07 9.8713924392026731e-01 9.8713915687753895e-01 8.7042728358355248e-08 1.9742785430550147e+00 1.9742783137550779e+00 2.2929993681586325e-07
245 4.7753906250000000e-01 9.8758619363620714e-01 9.8758605131459798e-01 1.4232160916449743e-07 9.8758613839673659e-01 9.8758605131459798e-01 8.7082138611194182e-08 1.9751723320329437e+00 1.9751721026291960e+00 2.2940374777569161e-07
246 4.7949218750000000e-01 9.8799590607566312e-01 9.8799576369501096e-01 1.4238065215721463e-07 9.8799585081328345e-01 9.8799576369501096e-01 8.7118272484865145e-08 1.9759917568889467e+00 1.9759915273900219e+00 2.2949892475310207e-07
247 4.8144531250000000e-01 9.8836842102767097e-01 9.8836827859333831e-01 1.4243433266170058e-07 9.8836836574447218e-01 9.8836827859333831e-01 8.7151133865148722e-08 1.9767367867721433e+00 1.9767365571866766e+00 2.2958546663787160e-07
248 4.8339843750000000e-01 9.8870372446725652e-01 9.8870358198460462e-01 1.4248265189920062e-07 9.8870366916531283e-01 9.8870358198460462e-01 8.7180708208123292e-08 1.9774073936325693e+00 1.9774071639692092e+00 2.2966336010732391e-07
249 4.8535156250000000e-01 9.8900180377043634e-01 9.8900166124482669e-01 1.4252560964767014e-07 9.8900174845181210e-01 9.8900166124482669e-01 8.7206985410759330e-08 1.9780035522222486e+00 1.9780033224896534e+00 2.2973259516945177e-07
250 4.8730468750000000e-01 9.8926264771469008e-01 9.8926250515148884e-01 1.4256320124417243e-07 9.8926259238147041e-01 9.8926250515148884e-01 8.7229981571290693e-08 1.9785252400961606e+00 1.9785250103029777e+00 2.2979318292648543e-07
251 4.8925781250000000e-01 9.8948624647939132e-01 9.8948610388396541e-01 1.4259542591155139e-07 9.8948619113365033e-01 9.8948610388396541e-01 8.7249684921353321e-08 1.9789724376130415e+00 1.9789722077679308e+00 2.2984511072188241e-07
252 4.9121093750000000e-01 9.8967259164617272e-01 9.8967244902389084e-01 1.4262228187345016e-07 9.8967253628999940e-01 9.8967244902389084e-01 8.7266108561578903e-08 1.9793451279361722e+00 1.9793448980477817e+00 2.2988839054605137e-07
253 4.9316406250000000e-01 9.8982167619924433e-01 9.8982153355547531e-01 1.4264376901884646e-07 9.8982162083472813e-01 9.8982153355547531e-01 8.7279252825034348e-08 1.9796432970339723e+00 1.9796430671109506e+00 2.2992302173285850e-07
254 4.9511718750000000e-01 9.8993349452565693e-01 9.8993335186577114e-01 1.4265988579342803e-07 9.8993343915487320e-01 9.8993335186577114e-01 8.7289102057575008e-08 1.9798669336805301e+00 1.9798667037315423e+00 2.2994898785100304e-07
255 4.9707031250000000e-01 9.9000804241551110e-01 9.9000789974488157e-01 1.4267062953265963e-07 9.9000798704056003e-01 9.9000789974488157e-01 8.7295678463661375e-08 1.9800160294560711e+00 1.9800157994897631e+00 2.2996630799632101e-07
256 4.9902343750000000e-01 9.9004531706212351e-01 9.9004517438612138e-01 1.4267600212392040e-07 9.9004526168508422e-01 9.9004517438612138e-01 8.7298962836435123e-08 1.9800905787472076e+00 1.9800903487722428e+00 2.2997496484933322e-07
257 5.0097656250000000e-01 9.9004531706212462e-01 9.9004517438612138e-01 1.4267600323414342e-07 9.9004526168508145e-01 9.9004517438612138e-01 8.7298960060877562e-08 1.9800905787472061e+00 1.9800903487722428e+00 2.2997496329502098e-07
258 5.0292968750000000e-01 9.9000804241551210e-01 9.9000789974488157e-01 1.4267063053186035e-07 9.9000798704055593e-01 9.9000789974488157e-01 8.7295674355836184e-08 1.9800160294560680e+00 1.9800157994897631e+00 2.2996630488769654e-07
259 5.0488281250000000e-01 9.8993349452565760e-01 9.8993335186577114e-01 1.4265988645956185e-07 9.8993343915487153e-01 9.8993335186577114e-01 8.7289100392240471e-08 1.9798669336805292e+00 1.9798667037315423e+00 2.2994898696282462e-07
260 5.0683593750000000e-01 9.8982167619924721e-01 9.8982153355547531e-01 1.4264377190542632e-07 9.8982162083471747e-01 9.8982153355547531e-01 8.7279242166893312e-08 1.9796432970339648e+00 1.9796430671109506e+00 2.2992301418334193e-07
261 5.0878906250000000e-01 9.8967259164617727e-01 9.8967244902389084e-01 1.4262228642536456e-07 9.8967253628998919e-01 9.8967244902389084e-01 8.7266098347527077e-08 1.9793451279361665e+00 1.9793448980477817e+00 2.2988838477289164e-07
262 5.1074218750000000e-01 9.8948624647939565e-01 9.8948610388396541e-01 1.4259543024142118e-07 9.8948619113364200e-01 9.8948610388396541e-01 8.7249676594680636e-08 1.9789724376130375e+00 1.9789722077679308e+00 2.2984510672507952e-07
263 5.1269531250000000e-01 9.8926264771469474e-01 9.8926250515148884e-01 1.4256320590710914e-07 9.8926259238146286e-01 9.8926250515148884e-01 8.7229974021774126e-08 1.9785252400961575e+00 1.9785250103029777e+00 2.2979317981786096e-07
264 5.1464843750000000e-01 9.8900180377044411e-01 9.8900166124482669e-01 1.4252561741923131e-07 9.8900174845178868e-01 9.8900166124482669e-01 8.7206961985053510e-08 1.9780035522222328e+00 1.9780033224896534e+00 2.2973257940428482e-07
265 5.1660156250000000e-01 9.8870372446726595e-01 9.8870358198460462e-01 1.4248266133609633e-07 9.8870366916527685e-01 9.8870358198460462e-01 8.7180672236897294e-08 1.9774073936325429e+00 1.9774071639692092e+00 2.2966333368401592e-07
266 5.1855468750000000e-01 9.8836842102768052e-01 9.8836827859333831e-01 1.4243434220961859e-07 9.8836836574443554e-01 9.8836827859333831e-01 8.7151097227788910e-08 1.9767367867721162e+00 1.9767365571866766e+00 2.2958543954842980e-07
267 5.2050781250000000e-01 9.8799590607567134e-01 9.8799576369501096e-01 1.4238066037286501e-07 9.8799585081325347e-01 9.8799576369501096e-01 8.7118242508843480e-08 1.9759917568889249e+00 1.9759915273900219e+00 2.2949890299273079e-07
268 5.2246093750000000e-01 9.8758619363621281e-01 9.8758605131459798e-01 1.4232161482663486e-07 9.8758613839671616e-01 9.8758605131459798e-01 8.7082118183090529e-08 1.9751723320329289e+00 1.9751721026291960e+00 2.2940373289870308e-07
269 5.2441406250000000e-01 9.8713929913475018e-01 9.8713915687753895e-01 1.4225721123306556e-07 9.8713924392026098e-01 9.8713915687753895e-01 8.7042722030084008e-08 1.9742785430550112e+00 1.9742783137550779e+00 2.2929993326314957e-07
270 5.2636718750000000e-01 9.8665523939660793e-01 9.8665509720915678e-01 1.4218745114646936e-07 9.8665518420920773e-01 9.8665509720915678e-01 8.7000050941199447e-08 1.9733104236058157e+00 1.9733101944183136e+00 2.2918750208766880e-07
271 5.2832031250000000e-01 9.8613403264636301e-01 9.8613389053402434e-01 1.4211233867467143e-07 9.8613397748811826e-01 9.8613389053402434e-01 8.6954093925228904e-08 1.9722680101344814e+00 1.9722677810680487e+00 2.2906643271092264e-07
272 5.3027343750000000e-01 9.8557569850715476e-01 9.8557555647527850e-01 1.4203187626016245e-07 9.8557564338013803e-01 9.8557555647527850e-01 8.6904859530889667e-08 1.9711513418872928e+00 1.9711511129505570e+00 2.2893673579105212e-07
273 5.3222656250000000e-01 9.8498025799994948e-01 9.8498011605388092e-01 1.4194606856587910e-07 9.8498020290622690e-01 9.8498011605388092e-01 8.6852345981824897e-08 1.9699604609061763e+00 1.9699602321077618e+00 2.2879841443668170e-07
274 5.3417968750000000e-01 9.8434773354274097e-01 9.8434759168782682e-01 1.4185491414853146e-07 9.8434767848439664e-01 9.8434759168782682e-01 8.6796569820357661e-08 1.9686954120271376e+00 1.9686951833756536e+00 2.2865148396888912e-07
275 5.3613281250000000e-01 9.8367814894972139e-01 9.8367800719130127e-01 1.4175842011354689e-07 9.8367809392882555e-01 9.8367800719130127e-01 8.6737524274127509e-08 1.9673562428785469e+00 1.9673560143826025e+00 2.2849594438767440e-07
276 5.3808593750000000e-01 9.8297152943036925e-01 9.8297138777378212e-01 1.4165658712705920e-07 9.8297147444899369e-01 9.8297138777378212e-01 8.6675211563580490e-08 1.9659430038793628e+00 1.9659427755475642e+00 2.2833179857961738e-07
277 5.4003906250000000e-01 9.8222790158851458e-01 9.8222776003909085e-01 1.4154942373778567e-07 9.8222784664871954e-01 9.8222776003909085e-01 8.6609628691114438e-08 1.9644557482372340e+00 1.9644555200781817e+00 2.2815905231787781e-07
278 5.4199218750000000e-01 9.8144729342131787e-01 9.8144715198439147e-01 1.4143692639301264e-07 9.8144723852519533e-01 9.8144715198439147e-01 8.6540803856394177e-08 1.9628945319465132e+00 1.9628943039687829e+00 2.2797773024940682e-07
279 5.4394531250000000e-01 9.8062973431824285e-01 9.8062959299913599e-01 1.4131910686110416e-07 9.8062967946784807e-01 9.8062959299913599e-01 8.6468712079401655e-08 1.9612594137860908e+00 1.9612591859982720e+00 2.2778781882948351e-07
280 5.4589843750000000e-01 9.7977525505992447e-01 9.7977511386395832e-01 1.4119596614126095e-07 9.7977520025732279e-01 9.7977511386395832e-01 8.6393364462367117e-08 1.9595504553172471e+00 1.9595502277279166e+00 2.2758933049260577e-07
281 5.4785156250000000e-01 9.7888388781702296e-01 9.7888374674951473e-01 1.4106750823028591e-07 9.7888383306428206e-01 9.7888374674951473e-01 8.6314767333561804e-08 1.9577677208813049e+00 1.9577674934990295e+00 2.2738227545282541e-07
282 5.4980468750000000e-01 9.7795566614901119e-01 9.7795552521527340e-01 1.4093373779111573e-07 9.7795561144820087e-01 9.7795552521527340e-01 8.6232927465346165e-08 1.9559112775972121e+00 1.9559110504305468e+00 2.2716666525646190e-07
283 5.5175781250000000e-01 9.7699062500291467e-01 9.7699048420825041e-01 1.4079466426064613e-07 9.7699057035607406e-01 9.7699048420825041e-01 8.6147823652460431e-08 1.9539811953589887e+00 1.9539809684165008e+00 2.2694248791310656e-07
284 5.5371093750000000e-01 9.7598880071198146e-01 9.7598866006169416e-01 1.4065028730581020e-07 9.7598874612117970e-01 9.7598866006169416e-01 8.6059485537859359e-08 1.9519775468331613e+00 1.9519773201233883e+00 2.2670977295469186e-07
285 5.5566406250000000e-01 9.7495023099432976e-01 9.7495009049371761e-01 1.4050061214465615e-07 9.7495017646163551e-01 9.7495009049371761e-01 8.5967917895501955e-08 1.9499004074559654e+00 1.9499001809874352e+00 2.2646853015118040e-07
286 5.5761718750000000e-01 9.7387495495152820e-01 9.7387481460587799e-01 1.4034565021248113e-07 9.7387490047897973e-01 9.7387481460587799e-01 8.5873101740574498e-08 1.9477498554305079e+00 1.9477496292117560e+00 2.2621875195305563e-07
287 5.5957031250000000e-01 9.7276301306710800e-01 9.7276287288170482e-01 1.4018540317461969e-07 9.7276295865676521e-01 9.7276287288170482e-01 8.5775060387760504e-08 1.9455259717238733e+00 1.9455257457634096e+00 2.2596046367340250e-07
288 5.6152343750000000e-01 9.7161444720505252e-01 9.7161430718517539e-01 1.4001987713729847e-07 9.7161439285896578e-01 9.7161430718517539e-01 8.5673790395368599e-08 1.9432288400640183e+00 1.9432286143703508e+00 2.2569366753266706e-07
289 5.6347656250000000e-01 9.7042930060821997e-01 9.7042916075913910e-01 1.3984908087127934e-07 9.7042924632841865e-01 9.7042916075913910e-01 8.5569279550945510e-08 1.9408585469366386e+00 1.9408583215182782e+00 2.2541836042222485e-07
290 5.6542968750000000e-01 9.6920761789670806e-01 9.6920747822368902e-01 1.3967301903949902e-07 9.6920756368523309e-01 9.6920747822368902e-01 8.5461544063747397e-08 1.9384151815819410e+00 1.9384149564473780e+00 2.2513456299222412e-07
291 5.6738281250000000e-01 9.6794944506618086e-01 9.6794930557448200e-01 1.3949169885840718e-07 9.6794939092507504e-01 9.6794930557448200e-01 8.5350593037603062e-08 1.9358988359912559e+00 1.9358986111489640e+00 2.2484229189601024e-07
292 5.6933593750000000e-01 9.6665482948613290e-01 9.6665469018100736e-01 1.3930512554605201e-07 9.6665477541743838e-01 9.6665469018100736e-01 8.5236431024426906e-08 1.9333096049035712e+00 1.9333093803620147e+00 2.2454155645945661e-07
293 5.7128906250000000e-01 9.6532381989810889e-01 9.6532368078480280e-01 1.3911330609683858e-07 9.6532376590386959e-01 9.6532368078480280e-01 8.5119066794980824e-08 1.9306475858019785e+00 1.9306473615696056e+00 2.2423237289181941e-07
294 5.7324218750000000e-01 9.6395646641386712e-01 9.6395632749761995e-01 1.3891624717210505e-07 9.6395641249611874e-01 9.6395632749761995e-01 8.4998498794952582e-08 1.9279128789099857e+00 1.9279126549952399e+00 2.2391474585603532e-07
295 5.7519531250000000e-01 9.6255282051349478e-01 9.6255268179953701e-01 1.3871395776465789e-07 9.6255276667426648e-01 9.6255268179953701e-01 8.4874729466832832e-08 1.9251055871877614e+00 1.9251053635990740e+00 2.2358868734251303e-07
296 5.7714843750000000e-01 9.6111293504346751e-01 9.6111279653702131e-01 1.3850644620116981e-07 9.6111288128478045e-01 9.6111279653702131e-01 8.4747759143688484e-08 1.9222258163282480e+00 1.9222255930740426e+00 2.2325420534485829e-07
297 5.7910156250000000e-01 9.5963686421465777e-01 9.5963672592093918e-01 1.3829371858786743e-07 9.5963681053853311e-01 9.5963672592093918e-01 8.4617593931746171e-08 1.9192736747531909e+00 1.9192734518418784e+00 2.2291131251961360e-07
298 5.8105468750000000e-01 9.5812466360030035e-01 9.5812452552451499e-01 1.3807578536084719e-07 9.5812461000875437e-01 9.5812452552451499e-01 8.4484239382121018e-08 1.9162492736090546e+00 1.9162490510490300e+00 2.2256002463194591e-07
299 5.8300781250000000e-01 9.5657639013389262e-01 9.5657625228123888e-01 1.3785265373655875e-07 9.5657633662893793e-01 9.5657625228123888e-01 8.4347699047526703e-08 1.9131527267628305e+00 1.9131525045624778e+00 2.2220035278408545e-07
300 5.8496093750000000e-01 9.5499210210705254e-01 9.5499196448272350e-01 1.3762432904407262e-07 9.5499204869071419e-01 9.5499196448272350e-01 8.4207990691531620e-08 1.9099841507977668e+00 1.9099839289654470e+00 2.2183231984662655e-07
301 5.8691406250000000e-01 9.5337185916733003e-01 9.5337172177650908e-01 1.3739082094232913e-07 9.5337180584162240e-01 9.5337172177650908e-01 8.4065113314935047e-08 1.9067436650089524e+00 1.9067434435530182e+00 2.2145593425726418e-07
302 5.8886718750000000e-01 9.5171572231595736e-01 9.5171558516381760e-01 1.3715213975640239e-07 9.5171566908288074e-01 9.5171558516381760e-01 8.3919063142978700e-08 1.9034313913988381e+00 1.9034311703276352e+00 2.2107120289938109e-07
303 5.9082031250000000e-01 9.5002375390554661e-01 9.5002361699725646e-01 1.3690829014922912e-07 9.5002370076711951e-01 9.5002361699725646e-01 8.3769863046256887e-08 1.9000474546726660e+00 1.9000472339945129e+00 2.2067815308446370e-07
304 5.9277343750000000e-01 9.4829601763775739e-01 9.4829588097847095e-01 1.3665928644268632e-07 9.4829596459598064e-01 9.4829588097847095e-01 8.3617509694100534e-08 1.8965919822337380e+00 1.8965917619569419e+00 2.2027679613678686e-07
305 5.9472656250000000e-01 9.4653257856088036e-01 9.4653244215574572e-01 1.3640513463197834e-07 9.4653252561775536e-01 9.4653244215574572e-01 8.3462009636825485e-08 1.8930651041786357e+00 1.8930648843114914e+00 2.1986714426880383e-07
306 5.9667968750000000e-01 9.4473350306740111e-01 9.4473336692155541e-01 1.3614584570831312e-07 9.4473345022491706e-01 9.4473336692155541e-01 8.3303361653186414e-08 1.8894669532923181e+00 1.8894667338431108e+00 2.1944920725047723e-07
307 5.9863281250000000e-01 9.4289885889149772e-01 9.4289872301006605e-01 1.3588143166209932e-07 9.4289880615163435e-01 9.4289872301006605e-01 8.3141568296696278e-08 1.8857976650431321e+00 1.8857974460201321e+00 2.1902299995879559e-07
308 6.0058593750000000e-01 9.4102871510647956e-01 9.4102857949458396e-01 1.3561189560196141e-07 9.4102866247124073e-01 9.4102857949458396e-01 8.2976656767819179e-08 1.8820573775777203e+00 1.8820571589891679e+00 2.1858855236978059e-07
309 6.0253906250000000e-01 9.3912314212220849e-01 9.3912300678495531e-01 1.3533725318204404e-07 9.3912308959357016e-01 9.3912300678495531e-01 8.2808614854101847e-08 1.8782462317157786e+00 1.8782460135699106e+00 2.1814586803614588e-07
310 6.0449218750000000e-01 9.3718221168242855e-01 9.3718207662491559e-01 1.3505751295106450e-07 9.3718215926236459e-01 9.3718207662491559e-01 8.2637448994837825e-08 1.8743643709447930e+00 1.8743641532498312e+00 2.1769496183488002e-07
311 6.0644531250000000e-01 9.3520599686207306e-01 9.3520586208938850e-01 1.3477268456796310e-07 9.3520594455256367e-01 9.3520586208938850e-01 8.2463175177238668e-08 1.8704119414146367e+00 1.8704117241787770e+00 2.1723585974520176e-07
312 6.0839843750000000e-01 9.3319457206451262e-01 9.3319443758173426e-01 1.3448277835781397e-07 9.3319451986752322e-01 9.3319443758173426e-01 8.2285788960412276e-08 1.8663890919320358e+00 1.8663888751634685e+00 2.1676856731822625e-07
313 6.1035156250000000e-01 9.3114801301875127e-01 9.3114787883094863e-01 1.3418780264728980e-07 9.3114796093626384e-01 9.3114787883094863e-01 8.2105315213354402e-08 1.8622959739550151e+00 1.8622957576618973e+00 2.1629311786064420e-07
314 6.1230468750000000e-01 9.2906639677658553e-01 9.2906626288881200e-01 1.3388777353462444e-07 9.2906634481054751e-01 9.2906626288881200e-01 8.1921735506362836e-08 1.8581327415871329e+00 1.8581325257776240e+00 2.1580950892996498e-07
315 6.1425781250000000e-01 9.2694980170968766e-01 9.2694966812698798e-01 1.3358269967955749e-07 9.2694974986206002e-01 9.2694966812698798e-01 8.1735072043898072e-08 1.8538995515717476e+00 1.8538993362539760e+00 2.1531777161243326e-07
316 6.1621093750000000e-01 9.2479830750666492e-01 9.2479817423407307e-01 1.3327259185125229e-07 9.2479825577939812e-01 9.2479817423407307e-01 8.1545325048004713e-08 1.8495965632860631e+00 1.8495963484681461e+00 2.1481791701027930e-07
317 6.1816406250000000e-01 9.2261199517005688e-01 9.2261186221259617e-01 1.3295746070784986e-07 9.2261194356511089e-01 9.2261186221259617e-01 8.1352514724741809e-08 1.8452239387351677e+00 1.8452237244251923e+00 2.1430997532156937e-07
318 6.2011718750000000e-01 9.2039094701328894e-01 9.2039081437596937e-01 1.3263731957202651e-07 9.2039089553259967e-01 9.2039081437596937e-01 8.1156630304946020e-08 1.8407818425458886e+00 1.8407816287519387e+00 2.1379394987697253e-07
319 6.2207031250000000e-01 9.1813524665756885e-01 9.1813511434538830e-01 1.3231218054521321e-07 9.1813519530307064e-01 9.1813511434538830e-01 8.0957682335736081e-08 1.8362704419606395e+00 1.8362702286907766e+00 2.1326986288094929e-07
320 6.2402343750000000e-01 9.1584497902873729e-01 9.1584484704668423e-01 1.3198205306430566e-07 9.1584492780236482e-01 9.1584484704668423e-01 8.0755680587074608e-08 1.8316899068311021e+00 1.8316896940933685e+00 2.1273773365138027e-07
321 6.2597656250000000e-01 9.1352023035407559e-01 9.1352009870712625e-01 1.3164694934175714e-07 9.1352017925776907e-01 9.1352009870712625e-01 8.0550642822529994e-08 1.8270404096118447e+00 1.8270401974142525e+00 2.1219759216428713e-07
322 6.2792968750000000e-01 9.1116108815905905e-01 9.1116095685217580e-01 1.3130688325535544e-07 9.1116103719473529e-01 9.1116095685217580e-01 8.0342559494184229e-08 1.8223221253537942e+00 1.8223219137043516e+00 2.1164944263851737e-07
323 6.2988281250000000e-01 9.0876764126405218e-01 9.0876751030219016e-01 1.3096186202155025e-07 9.0876759043365141e-01 9.0876751030219016e-01 8.0131461244192792e-08 1.8175352316977036e+00 1.8175350206043803e+00 2.1109332326574304e-07
324 6.3183593750000000e-01 9.0633997978098402e-01 9.0633984916907895e-01 1.3061190506924447e-07 9.0633992908640415e-01 9.0633984916907895e-01 7.9917325201961376e-08 1.8126799088673882e+00 1.8126796983381579e+00 2.1052923027120585e-07
325 6.3378906250000000e-01 9.0387819510993350e-01 9.0387806485291200e-01 1.3025702150226692e-07 9.0387814455309046e-01 9.0387806485291200e-01 7.9700178456931781e-08 1.8077563396630238e+00 1.8077561297058240e+00 2.0995719984817640e-07
326 6.3574218750000000e-01 9.0138237993569947e-01 9.0138225003847727e-01 1.2989722220080324e-07 9.0138232951850450e-01 9.0138225003847727e-01 7.9480027226352945e-08 1.8027647094542041e+00 1.8027645000769545e+00 2.0937724953817849e-07
327 6.3769531250000000e-01 8.9885262822431045e-01 8.9885249869179173e-01 1.2953251871117288e-07 8.9885257794868589e-01 8.9885249869179173e-01 7.9256894158774571e-08 1.7977052061729963e+00 1.7977049973835835e+00 2.0878941286994745e-07
328 6.3964843750000000e-01 8.9628903521949066e-01 8.9628890605656419e-01 1.2916292646547589e-07 8.9628898508733112e-01 8.9628890605656419e-01 7.9030766930721086e-08 1.7925780203068218e+00 1.7925778121131284e+00 2.0819369339619698e-07
329 6.4160156250000000e-01 8.9369169743907118e-01 8.9369156865060806e-01 1.2878846311625836e-07 8.9369164745224916e-01 8.9369156865060806e-01 7.8801641101300390e-08 1.7873833448913203e+00 1.7873831373012161e+00 2.0759010421755875e-07
330 6.4355468750000000e-01 8.9106071267134146e-01 8.9106058426220869e-01 1.2840913277134547e-07 8.9106066283176588e-01 8.9106058426220869e-01 7.8569557193652884e-08 1.7821213755031073e+00 1.7821211685244174e+00 2.0697868996499835e-07
331 6.4550781250000000e-01 8.8839617997139742e-01 8.8839605194644133e-01 1.2802495608088549e-07 8.8839613028094622e-01 8.8839605194644133e-01 7.8334504882704437e-08 1.7767923102523437e+00 1.7767921038928827e+00 2.0635946107461223e-07
332 6.4746093750000000e-01 8.8569819965738839e-01 8.8569807202144180e-01 1.2763594658959931e-07 8.8569815011792530e-01 8.8569807202144180e-01 7.8096483502321234e-08 1.7713963497753138e+00 1.7713961440428836e+00 2.0573243020294285e-07
333 6.4941406250000000e-01 8.8296687330674306e-01 8.8296674606462910e-01 1.2724211395642726e-07 8.8296682392014036e-01 8.8296674606462910e-01 7.7855511260160881e-08 1.7659336972268833e+00 1.7659334921292582e+00 2.0509762510556584e-07
334 6.5136718750000000e-01 8.8020230375235564e-01 8.8020217690888203e-01 1.2684347361346937e-07 8.8020225452047551e-01 8.8020217690888203e-01 7.7611593485293895e-08 1.7604045582728312e+00 1.7604043538177641e+00 2.0445506709876327e-07
335 6.5332031250000000e-01 8.7740459507870439e-01 8.7740446863866639e-01 1.2644003799522352e-07 8.7740454600340501e-01 8.7740446863866639e-01 7.7364738615415263e-08 1.7548091410821094e+00 1.7548089372773328e+00 2.0380477661063878e-07
336 6.5527343750000000e-01 8.7457385261793741e-01 8.7457372658611776e-01 1.2603181964720989e-07 8.7457380370108462e-01 8.7457372658611776e-01 7.7114966856584033e-08 1.7491476563190220e+00 1.7491474531722355e+00 2.0314678650379392e-07
337 6.5722656250000000e-01 8.7171018294591041e-01 8.7171005732707407e-01 1.2561883633299686e-07 8.7171013418934074e-01 8.7171005732707407e-01 7.6862266662480749e-08 1.7434203171352511e+00 1.7434201146541481e+00 2.0248110299547761e-07
338 6.5917968750000000e-01 8.6881369387816276e-01 8.6881356867706450e-01 1.2520109826663628e-07 8.6881364528373106e-01 8.6881356867706450e-01 7.6606666565837145e-08 1.7376273391618939e+00 1.7376271373541290e+00 2.0180776494349573e-07
339 6.6113281250000000e-01 8.6588449446586968e-01 8.6588436968724991e-01 1.2477861977000515e-07 8.6588444603541648e-01 8.6588436968724991e-01 7.6348166566653219e-08 1.7317689405012862e+00 1.7317687393744998e+00 2.0112678633665837e-07
340 6.6308593750000000e-01 8.6292269499173246e-01 8.6292257064031608e-01 1.2435141638622582e-07 8.6292264672709607e-01 8.6292257064031608e-01 7.6086779987605269e-08 1.7258453417188284e+00 1.7258451412806322e+00 2.0043819626280879e-07
341 6.6503906250000000e-01 8.5992840696582473e-01 8.5992828304632374e-01 1.2391950099388538e-07 8.5992835886883867e-01 8.5992828304632374e-01 7.5822514933321372e-08 1.7198567658346633e+00 1.7198565660926475e+00 1.9974201581618445e-07
342 6.6699218750000000e-01 8.5690174312139877e-01 8.5690161963850786e-01 1.2348289091246301e-07 8.5690169519387216e-01 8.5690161963850786e-01 7.5555364298374172e-08 1.7138034383152709e+00 1.7138032392770157e+00 1.9903825521083718e-07
343 6.6894531250000000e-01 8.5384281741062773e-01 8.5384269436903559e-01 1.2304159213716304e-07 8.5384276965440542e-01 8.5384269436903559e-01 7.5285369827149395e-08 1.7076855870650332e+00 1.7076853887380712e+00 1.9832696196431243e-07
344 6.7089843750000000e-01 8.5075174500033945e-01 8.5075162240471403e-01 1.2259562542915603e-07 8.5075169741722934e-01 8.5075162240471403e-01 7.5012515310390881e-08 1.7015034424175688e+00 1.7015032448094281e+00 1.9760814073954691e-07
345 6.7285156250000000e-01 8.4762864226766144e-01 8.4762852012265588e-01 1.2214500555440821e-07 8.4762859485946562e-01 8.4762852012265588e-01 7.4736809740905130e-08 1.6952572371271271e+00 1.6952570402453118e+00 1.9688181529531334e-07
346 6.7480468750000000e-01 8.4447362679564630e-01 8.4447350510589647e-01 1.2168974983239877e-07 8.4447357956414038e-01 8.4447350510589647e-01 7.4458243903841037e-08 1.6889472063597868e+00 1.6889470102117929e+00 1.9614799384726211e-07
347 6.7675781250000000e-01 8.4128681736883393e-01 8.4128669613896834e-01 1.2122986559059967e-07 8.4128677031582078e-01 8.4128669613896834e-01 7.4176852438156970e-08 1.6825735876846548e+00 1.6825733922779367e+00 1.9540671813977895e-07
348 6.7871093750000000e-01 8.3806833396879588e-01 8.3806821320342750e-01 1.2076536837213325e-07 8.3806828709607617e-01 8.3806821320342750e-01 7.3892648666529226e-08 1.6761366210648720e+00 1.6761364264068550e+00 1.9465801703866248e-07
349 6.8066406250000000e-01 8.3481829776961369e-01 8.3481817747333775e-01 1.2029627594056791e-07 8.3481825107896190e-01 8.3481817747333775e-01 7.3605624151262816e-08 1.6696365488485756e+00 1.6696363549466755e+00 1.9390190009183073e-07
350 6.8261718750000000e-01 8.3153683113330812e-01 8.3153671131070750e-01 1.1982260061937922e-07 8.3153678462650604e-01 8.3153671131070750e-01 7.3315798543305277e-08 1.6630736157598141e+00 1.6630734226214150e+00 1.9313839905166219e-07
351 6.8457031250000000e-01 8.2822405760523743e-01 8.2822393826088248e-01 1.1934435495408735e-07 8.2822401128405743e-01 8.2822393826088248e-01 7.3023174951281078e-08 1.6564480688892949e+00 1.6564478765217650e+00 1.9236752990536843e-07
352 6.8652343750000000e-01 8.2488010190944738e-01 8.2487998304789623e-01 1.1886155115714558e-07 8.2488005577568346e-01 8.2487998304789623e-01 7.2727787236992469e-08 1.6497601576851308e+00 1.6497599660957925e+00 1.9158933839413805e-07
353 6.8847656250000000e-01 8.2150508994398219e-01 8.2150497156977220e-01 1.1837420998972448e-07 8.2150504399937818e-01 8.2150497156977220e-01 7.2429605979529299e-08 1.6430101339433603e+00 1.6430099431395444e+00 1.9080381585823147e-07
354 6.9042968750000000e-01 8.1809914877612666e-01 8.1809903089378522e-01 1.1788234144383125e-07 8.1809910302244238e-01 8.1809903089378522e-01 7.2128657158110343e-08 1.6361982517985689e+00 1.6361980617875704e+00 1.9001099849091929e-07
355 6.9238281250000000e-01 8.1466240663763634e-01 8.1466228925167616e-01 1.1738596017440983e-07 8.1466236107662282e-01 8.1466228925167616e-01 7.1824946656917632e-08 1.6293247677142593e+00 1.6293245785033523e+00 1.8921090694234977e-07
356 6.9433593750000000e-01 8.1119499291990527e-01 8.1119487603482621e-01 1.1688507906004730e-07 8.1119494755330790e-01 8.1119487603482621e-01 7.1518481692400826e-08 1.6223899404732132e+00 1.6223897520696524e+00 1.8840356075244813e-07
357 6.9628906250000000e-01 8.0769703816909622e-01 8.0769692178938235e-01 1.1637971386591062e-07 8.0769699299865449e-01 8.0769692178938235e-01 7.1209272145544844e-08 1.6153940311677508e+00 1.6153938435787647e+00 1.8758898612247776e-07
358 6.9824218750000000e-01 8.0416867408122394e-01 8.0416855821134536e-01 1.1586987858080988e-07 8.0416862910866804e-01 8.0416855821134536e-01 7.0897322679286390e-08 1.6083373031898920e+00 1.6083371164226907e+00 1.8676720126009627e-07
359 7.0019531250000000e-01 8.0061003349719373e-01 8.0060991814160987e-01 1.1535558386288614e-07 8.0060998872425870e-01 8.0060991814160987e-01 7.0582648836747808e-08 1.6012200222214523e+00 1.6012198362832197e+00 1.8593823258861164e-07
360 7.0214843750000000e-01 7.9702125039780669e-01 7.9702113556096255e-01 1.1483684414503870e-07 7.9702120582622527e-01 7.9702113556096255e-01 7.0265262719360067e-08 1.5940424562240318e+00 1.5940422711219251e+00 1.8510210675337646e-07
361 7.0410156250000000e-01 7.9340245989871072e-01 7.9340234558503986e-01 1.1431367086256472e-07 7.9340241553020929e-01 7.9340234558503986e-01 6.9945169434149079e-08 1.5868048754289199e+00 1.5868046911700797e+00 1.8425884018569150e-07
362 7.0605468750000000e-01 7.8975379824532022e-01 7.8975368445923844e-01 1.1378608177903260e-07 7.8975375408160675e-01 7.8975368445923844e-01 6.9622368314981031e-08 1.5795075523269269e+00 1.5795073689184769e+00 1.8340844998299133e-07
363 7.0800781250000000e-01 7.8607540280767163e-01 7.8607528955358796e-01 1.1325408366680279e-07 7.8607535885047242e-01 7.8607528955358796e-01 6.9296884452896279e-08 1.5721507616581440e+00 1.5721505791071759e+00 1.8255096811969906e-07
364 7.0996093750000000e-01 7.8236741207527272e-01 7.8236729935757710e-01 1.1271769562171130e-07 7.8236736832628795e-01 7.8236729935757710e-01 6.8968710853489767e-08 1.5647347804015608e+00 1.5647345987151542e+00 1.8168640658622337e-07
365 7.1191406250000000e-01 7.7862996565186371e-01 7.7862985347494151e-01 1.1217692219567255e-07 7.7862992211280868e-01 7.7862985347494151e-01 6.8637867167709032e-08 1.5572598877646724e+00 1.5572597069498830e+00 1.8081478936338158e-07
366 7.1386718750000000e-01 7.7486320425019217e-01 7.7486309261840558e-01 1.1163178659234774e-07 7.7486316092274132e-01 7.7486309261840558e-01 6.8304335743007982e-08 1.5497263651729334e+00 1.5497261852368112e+00 1.7993612222433342e-07
367 7.1582031250000000e-01 7.7106726968668071e-01 7.7106715860438735e-01 1.1108229336365127e-07 7.7106722657253024e-01 7.7106715860438735e-01 6.7968142891672301e-08 1.5421344962592110e+00 1.5421343172087747e+00 1.7905043625532358e-07
368 7.1777343750000000e-01 7.6724230487611311e-01 7.6724219434765628e-01 1.1052845683146018e-07 7.6724226197694589e-01 7.6724219434765628e-01 6.7629289612902710e-08 1.5344845668530591e+00 1.5344843886953126e+00 1.7815774655538519e-07
369 7.1972656250000000e-01 7.6338845382624254e-01 7.6338834385595511e-01 1.0997028743187087e-07 7.6338841114373979e-01 7.6338834385595511e-01 6.7287784677461104e-08 1.5267768649699822e+00 1.5267766877119102e+00 1.7725807199830967e-07
370 7.2167968750000000e-01 7.5950586163237166e-01 7.5950575222457684e-01 1.0940779482382368e-07 7.5950581916821847e-01 7.5950575222457684e-01 6.6943641630068385e-08 1.5190116808005900e+00 1.5190115044491537e+00 1.7635143634286976e-07
371 7.2363281250000000e-01 7.5559467447189044e-01 7.5559456563090133e-01 1.0884098911034812e-07 7.5559463222776724e-01 7.5559456563090133e-01 6.6596865910817371e-08 1.5111893066996576e+00 1.5111891312618027e+00 1.7543785491014319e-07
372 7.2558593750000000e-01 7.5165503959877544e-01 7.5165493132889394e-01 1.0826988150469674e-07 7.5165499757636001e-01 7.5165493132889394e-01 6.6247466068425354e-08 1.5033100371751353e+00 1.5033098626577879e+00 1.7451734746209979e-07
373 7.2753906250000000e-01 7.4768710533804972e-01 7.4768699764355884e-01 1.0769449088066096e-07 7.4768706353897540e-01 7.4768699764355884e-01 6.5895416567762766e-08 1.4953741688770252e+00 1.4953739952871177e+00 1.7358990755944603e-07
374 7.2949218750000000e-01 7.4369102108017193e-01 7.4369091396535714e-01 1.0711481479575014e-07 7.4369097950612684e-01 7.4369091396535714e-01 6.5540769700334067e-08 1.4873820005862988e+00 1.4873818279307143e+00 1.7265558449608420e-07
375 7.3144531250000000e-01 7.3966693727544830e-01 7.3966683074458006e-01 1.0653086823797508e-07 7.3966689592808232e-01 7.3966683074458006e-01 6.5183502262478044e-08 1.4793338332035306e+00 1.4793336614891601e+00 1.7171437050045313e-07
376 7.3339843750000000e-01 7.3561500542834557e-01 7.3561489948568726e-01 1.0594265831276317e-07 7.3561496430932727e-01 7.3561489948568726e-01 6.4823640011368866e-08 1.4712299697376729e+00 1.4712297989713745e+00 1.7076629843515434e-07
377 7.3535156250000000e-01 7.3153537809179403e-01 7.3153527274159968e-01 1.0535019434598780e-07 7.3153533720278119e-01 7.3153527274159968e-01 6.4461181503716602e-08 1.4630707152945752e+00 1.4630705454831994e+00 1.6981137584970440e-07
378 7.3730468750000000e-01 7.2742820886144843e-01 7.2742810410795911e-01 1.0475348932725836e-07 7.2742816820406997e-01 7.2742810410795911e-01 6.4096110863332001e-08 1.4548563770655183e+00 1.4548562082159182e+00 1.6884960007956806e-07
379 7.3925781250000000e-01 7.2329365236988874e-01 7.2329354821734260e-01 1.0415254614315472e-07 7.2329361194579977e-01 7.2329354821734260e-01 6.3728457178058306e-08 1.4465872643156885e+00 1.4465870964346852e+00 1.6788100332121303e-07
380 7.4121093750000000e-01 7.1913186428081310e-01 7.1913176073344287e-01 1.0354737023376970e-07 7.1913182409166831e-01 7.1913176073344287e-01 6.3358225443899130e-08 1.4382636883724813e+00 1.4382635214668857e+00 1.6690559556664653e-07
381 7.4316406250000000e-01 7.1494300128317878e-01 7.1494289834520675e-01 1.0293797203519972e-07 7.1494296133061364e-01 7.1494289834520675e-01 6.2985406890092577e-08 1.4298859626137923e+00 1.4298857966904135e+00 1.6592337881427000e-07
382 7.4511718750000000e-01 7.1072722108529018e-01 7.1072711876093497e-01 1.0232435521118077e-07 7.1072718137094382e-01 7.1072711876093497e-01 6.2610008844110610e-08 1.4214544024562339e+00 1.4214542375218699e+00 1.6493436394426908e-07
383 7.4707031250000000e-01 7.0648468240887141e-01 7.0648458070234676e-01 1.0170652464669416e-07 7.0648464293439384e-01 7.0648458070234676e-01 6.2232047071120178e-08 1.4129693253432651e+00 1.4129691614046935e+00 1.6393857160679204e-07
384 7.4902343750000000e-01 7.0221554498309058e-01 7.0221544389860147e-01 1.0108448911250179e-07 7.0221550575011549e-01 7.0221544389860147e-01 6.1851514021604714e-08 1.4044310507332061e+00 1.4044308877972029e+00 1.6293600313410650e-07
385 7.5097656250000000e-01 6.9791996953853774e-01 6.9791986908028758e-01 1.0045825016291587e-07 6.9791993054869916e-01 6.9791986908028758e-01 6.1468411582943361e-08 1.3958399000872368e+00 1.3958397381605752e+00 1.6192666163483693e-07
386 7.5292968750000000e-01 6.9359811780118319e-01 6.9359801797336817e-01 9.9827815014386090e-08 6.9359807905611182e-01 6.9359801797336817e-01 6.1082743640916703e-08 1.3871961968572950e+00 1.3871960359467363e+00 1.6091055865530279e-07
387 7.5488281250000000e-01 6.8925015248628174e-01 6.8925005329309574e-01 9.9193185998380784e-08 6.8925011398759983e-01 6.8925005329309574e-01 6.0694504089298107e-08 1.3785002664738815e+00 1.3785001065861915e+00 1.5988768997665659e-07
388 7.5683593750000000e-01 6.8487623729224734e-01 6.8487613873788233e-01 9.8554365002279098e-08 6.8487619904158925e-01 6.8487613873788233e-01 6.0303706916897681e-08 1.3697524363338367e+00 1.3697522774757647e+00 1.5885807203019908e-07
389 7.5878906250000000e-01 6.8047653689449539e-01 6.8047643898313903e-01 9.7911356355950829e-08 6.8047649889348205e-01 6.8047643898313903e-01 5.9910343019886625e-08 1.3609530357879773e+00 1.3609528779662781e+00 1.5782169926481515e-07
390 7.6074218750000000e-01 6.7605121693923420e-01 6.7605111967507481e-01 9.7264159393262162e-08 6.7605117918950142e-01 6.7605111967507481e-01 5.9514426609119653e-08 1.3521023961287355e+00 1.3521022393501496e+00 1.5677858589135951e-07
391 7.6269531250000000e-01 6.7160044403723507e-01 6.7160034742446029e-01 9.6612774780346911e-08 6.7160040654041719e-01 6.7160034742446029e-01 5.9115956907440648e-08 1.3432008505776523e+00 1.3432006948489206e+00 1.5572873168778756e-07
392 7.6464843750000000e-01 6.6712438575755839e-01 6.6712428980035565e-01 9.5957202739249681e-08 6.6712434851528502e-01 6.6712428980035565e-01 5.8714929362935209e-08 1.3342487342728435e+00 1.3342485796007113e+00 1.5467213221320719e-07
393 7.6660156250000000e-01 6.6262321062124541e-01 6.6262311532379992e-01 9.5297445490416521e-08 6.6262317363514256e-01 6.6262311532379992e-01 5.8311342643335706e-08 1.3252463842563880e+00 1.3252462306475998e+00 1.5360878813375223e-07
394 7.6855468750000000e-01 6.5809708809496981e-01 6.5809699346146866e-01 9.4633501146468291e-08 6.5809705136666485e-01 6.5809699346146866e-01 5.7905196193530628e-08 1.3161941394616345e+00 1.3161939869229373e+00 1.5253869722897662e-07
395 7.7050781250000000e-01 6.5354618858465774e-01 6.5354609461929114e-01 9.3965366598780520e-08 6.5354615211578715e-01 6.5354609461929114e-01 5.7496496008724307e-08 1.3070923407004449e+00 1.3070921892385823e+00 1.5146186260750483e-07
396 7.7246093750000000e-01 6.4897068342907660e-01 6.4897059013603731e-01 9.3293039293840252e-08 6.4897064722127229e-01 6.4897059013603731e-01 5.7085234983489386e-08 1.2979413306503489e+00 1.2979411802720746e+00 1.5037827427732964e-07
397 7.7441406250000000e-01 6.4437074489338164e-01 6.4437065227686419e-01 9.2616517455290648e-08 6.4437070894827586e-01 6.4437065227686419e-01 5.6671411674535932e-08 1.2887414538416575e+00 1.2887413045537284e+00 1.4928792912982658e-07
398 7.7636718750000000e-01 6.3974654616262849e-01 6.3974645422683296e-01 9.1935795532016584e-08 6.3974651048185815e-01 6.3974645422683296e-01 5.6255025193685526e-08 1.2794930566444866e+00 1.2794929084536659e+00 1.4819082072570211e-07
399 7.7832031250000000e-01 6.3509826133525571e-01 6.3509817008438574e-01 9.1250869971304382e-08 6.3509822592046450e-01 6.3509817008438574e-01 5.5836078760584940e-08 1.2701964872557201e+00 1.2701963401687715e+00 1.4708694862086702e-07
400 7.8027343750000000e-01 6.3042606541653134e-01 6.3042597485479424e-01 9.0561737109418061e-08 6.3042603026933941e-01 6.3042597485479424e-01 5.5414545174770069e-08 1.2608520956858706e+00 1.2608519497095885e+00 1.4597628217316583e-07
401 7.8222656250000000e-01 6.2573013431195623e-01 6.2573004444356739e-01 8.9868388841729541e-08 6.2573009943401514e-01 6.2573004444356739e-01 5.4990447750924432e-08 1.2514602337459713e+00 1.2514600888871348e+00 1.4485883648163167e-07
402 7.8417968750000000e-01 6.2101064482064927e-01 6.2101055564983132e-01 8.9170817951789161e-08 6.2101061021360571e-01 6.2101055564983132e-01 5.4563774387617059e-08 1.2420212550342549e+00 1.2420211112996626e+00 1.4373459222838392e-07
403 7.8613281250000000e-01 6.1626777462868931e-01 6.1626768615967176e-01 8.8469017556214169e-08 6.1626774029418641e-01 6.1626768615967176e-01 5.4134514648751519e-08 1.2325355149228758e+00 1.2325353723193435e+00 1.4260353231598799e-07
404 7.8808593750000000e-01 6.1150170230242207e-01 6.1150161453944396e-01 8.7762978107086553e-08 6.1150166824212437e-01 6.1150161453944396e-01 5.3702680413714177e-08 1.2230033705445464e+00 1.2230032290788879e+00 1.4146565852080073e-07
405 7.9003906250000000e-01 6.0671260728174281e-01 6.0671252022905120e-01 8.7052691610800537e-08 6.0671257349730090e-01 6.0671252022905120e-01 5.3268249700089143e-08 1.2134251807790437e+00 1.2134250404581024e+00 1.4032094131088968e-07
406 7.9199218750000000e-01 6.0190066987333513e-01 6.0190058353518683e-01 8.6338148297393502e-08 6.0190063636641100e-01 6.0190058353518683e-01 5.2831224173210956e-08 1.2038013062397461e+00 1.2038011670703737e+00 1.3916937247060446e-07
407 7.9394531250000000e-01 5.9706607124388555e-01 5.9706598562454827e-01 8.5619337286679809e-08 5.9706603801614244e-01 5.9706598562454827e-01 5.2391594174139300e-08 1.1941321092600279e+00 1.1941319712490965e+00 1.3801093134979681e-07
408 7.9589843750000000e-01 5.9220899341326172e-01 5.9220890851701369e-01 8.4896248031540722e-08 5.9220896046636917e-01 5.9220890851701369e-01 5.1949355484026682e-08 1.1844179538796309e+00 1.1844178170340274e+00 1.3684560351556740e-07
409 7.9785156250000000e-01 5.8732961924765836e-01 5.8732953507879149e-01 8.4168866876233039e-08 5.8732958658329382e-01 5.8732953507879149e-01 5.1504502329713375e-08 1.1746592058309522e+00 1.1746590701575830e+00 1.3567336920594641e-07
410 7.9980468750000000e-01 5.8242813245271641e-01 5.8242804901553324e-01 8.3437183162615725e-08 5.8242810007256063e-01 5.8242804901553324e-01 5.1057027383727416e-08 1.1648562325252771e+00 1.1648560980310665e+00 1.3449421065736544e-07
411 8.0175781250000000e-01 5.7750471756660404e-01 5.7750463486541959e-01 8.2701184456190902e-08 5.7750468547232836e-01 5.7750463486541959e-01 5.0606908774675219e-08 1.1550094030389324e+00 1.1550092697308392e+00 1.3330809323086612e-07
412 8.0371093750000000e-01 5.7255955995306573e-01 5.7255947799220996e-01 8.1960855768947738e-08 5.7255952814635636e-01 5.7255947799220996e-01 5.0154146391534482e-08 1.1451190880994222e+00 1.1451189559844199e+00 1.3211500227150452e-07
413 8.0566406250000000e-01 5.6759284579444880e-01 5.6759276457826568e-01 8.1216183112076124e-08 5.6759281427699226e-01 5.6759276457826568e-01 4.9698726578562002e-08 1.1351856600714409e+00 1.1351855291565314e+00 1.3091490957961582e-07
414 8.0761718750000000e-01 5.6260476208469046e-01 5.6260468161754029e-01 8.0467150165297596e-08 5.6260473085818530e-01 5.6260468161754029e-01 4.9240645005887984e-08 1.1252094929428758e+00 1.1252093632350806e+00 1.2970779517118558e-07
415 8.0957031250000000e-01 5.5759549662227637e-01 5.5759541690853698e-01 7.9713739387088367e-08 5.5759546568844121e-01 5.5759541690853698e-01 4.8779904227025384e-08 1.1151909623107175e+00 1.1151908338170740e+00 1.2849364350309145e-07
416 8.1152343750000000e-01 5.5256523800317559e-01 5.5256515904724168e-01 7.8955933902058462e-08 5.5256520736373094e-01 5.5256515904724168e-01 4.8316489253963368e-08 1.1051304453669064e+00 1.1051303180944834e+00 1.2727242304499953e-07
417 8.1347656250000000e-01 5.4751417561373839e-01 5.4751409742001900e-01 7.8193719388330862e-08 5.4751414527040176e-01 5.4751409742001900e-01 4.7850382767222754e-08 1.0950283208841403e+00 1.0950281948400380e+00 1.2604410226657592e-07
418 8.1542968750000000e-01 5.4244249962356217e-01 5.4244242219648497e-01 7.7427077194158755e-08 5.4244246957806175e-01 5.4244242219648497e-01 4.7381576773197764e-08 1.0848849692016240e+00 1.0848848443929699e+00 1.2480865407837882e-07
419 8.1738281250000000e-01 5.3735040097833253e-01 5.3735032432234442e-01 7.6655988112683815e-08 5.3735037123241125e-01 5.3735032432234442e-01 4.6910066830996300e-08 1.0747007722107438e+00 1.0747006486446888e+00 1.2356605494368011e-07
420 8.1933593750000000e-01 5.3223807139264157e-01 5.3223799551220541e-01 7.5880436156694486e-08 5.3223804194803237e-01 5.3223799551220541e-01 4.6435826961399584e-08 1.0644761133406739e+00 1.0644759910244108e+00 1.2231626311809407e-07
421 8.2128906250000000e-01 5.2710570334275797e-01 5.2710562824235696e-01 7.5100401009109419e-08 5.2710567420121135e-01 5.2710562824235696e-01 4.5958854388850057e-08 1.0542113775439694e+00 1.0542112564847139e+00 1.2105925550898178e-07
422 8.2324218750000000e-01 5.2195349005938807e-01 5.2195341574352661e-01 7.4315861464668842e-08 5.2195346122267017e-01 5.2195341574352661e-01 4.5479143562232593e-08 1.0439069512820582e+00 1.0439068314870532e+00 1.1979500502690144e-07
423 8.2519531250000000e-01 5.1678162552040463e-01 5.1678155199360309e-01 7.3526801536161202e-08 5.1678159699026882e-01 5.1678155199360309e-01 4.4996665726770857e-08 1.0335632225106735e+00 1.0335631039872062e+00 1.1852346726293206e-07
424 8.2714843750000000e-01 5.1159030444353026e-01 5.1159023171033269e-01 7.2733197575836073e-08 5.1159027622175579e-01 5.1159023171033269e-01 4.4511423102910896e-08 1.0231805806652861e+00 1.0231804634206654e+00 1.1724462067874697e-07
425 8.2910156250000000e-01 5.0637972227902162e-01 5.0637965034399079e-01 7.1935030820924339e-08 5.0637969436739105e-01 5.0637965034399079e-01 4.4023400258552670e-08 1.0127594166464127e+00 1.0127593006879816e+00 1.1595843107947701e-07
426 8.3105468750000000e-01 5.0115007520230126e-01 5.0115000407002008e-01 7.1132281176389256e-08 5.0115004760260418e-01 5.0115000407002008e-01 4.3532584093064486e-08 1.0023001228049053e+00 1.0023000081400402e+00 1.1466486515843144e-07
427 8.3300781250000000e-01 4.9590156010657560e-01 4.9590148978164755e-01 7.0324928047593716e-08 4.9590153282060240e-01 4.9590148978164755e-01 4.3038954844476507e-08 9.9180309292717794e-01 9.9180297956329511e-01 1.1336388283655907e-07
428 8.3496093750000000e-01 4.9063437459541992e-01 4.9063430508246908e-01 6.9512950839900611e-08 4.9063434762497155e-01 4.9063430508246908e-01 4.2542502465270360e-08 9.8126872222039152e-01 9.8126861016493816e-01 1.1205545336068212e-07
429 8.3691406250000000e-01 4.8534871697533893e-01 4.8534864827901220e-01 6.8696326738226787e-08 4.8534869032223182e-01 4.8534864827901220e-01 4.2043219627974082e-08 9.7069740729757070e-01 9.7069729655802439e-01 1.1073954631068972e-07
430 8.3886718750000000e-01 4.8004478624830377e-01 4.8004471837326740e-01 6.7875036369180464e-08 4.8004475991436035e-01 4.8004471837326740e-01 4.1541092954400227e-08 9.6008954616266418e-01 9.6008943674653480e-01 1.0941612937909184e-07
431 8.4082031250000000e-01 4.7472278210425767e-01 4.7472271505519864e-01 6.7049059027102231e-08 4.7472275609130832e-01 4.7472271505519864e-01 4.1036109676984012e-08 9.4944553819556599e-01 9.4944543011039728e-01 1.0808516870408624e-07
432 8.4277343750000000e-01 4.6938290491359602e-01 4.6938283869522202e-01 6.6218374006332681e-08 4.6938287922348060e-01 4.6938283869522202e-01 4.0528258582472887e-08 9.3876578413707668e-01 9.3876567739044403e-01 1.0674663264431672e-07
433 8.4472656250000000e-01 4.6402535571962567e-01 4.6402529033666479e-01 6.5382960878768159e-08 4.6402533035418764e-01 4.6402529033666479e-01 4.0017522850988030e-08 9.2805068607381336e-01 9.2805058067332957e-01 1.0540048378526734e-07
434 8.4667968750000000e-01 4.5865033623099322e-01 4.5865027168819489e-01 6.4542798328126594e-08 4.5865031119209010e-01 4.5865027168819489e-01 3.9503895210568629e-08 9.1730064742308337e-01 9.1730054337638978e-01 1.0404669359420637e-07
435 8.4863281250000000e-01 4.5325804881409348e-01 4.5325798511622578e-01 6.3697867702661171e-08 4.5325802410358829e-01 4.5325798511622578e-01 3.8987362505071843e-08 9.0651607291768177e-01 9.0651597023245156e-01 1.0268523020773301e-07
436 8.5058593750000000e-01 4.4784869648544873e-01 4.4784863363729988e-01 6.2848148851823993e-08 4.4784867210520901e-01 4.4784863363729988e-01 3.8467909135864176e-08 8.9569736859065774e-01 8.9569726727459975e-01 1.0131605798768817e-07
437 8.5253906250000000e-01 4.4242248290406755e-01 4.4242242091044209e-01 6.1993625455336598e-08 4.4242245885596054e-01 4.4242242091044209e-01 3.7945518449600257e-08 8.8484494176002815e-01 8.8484484182088419e-01 9.9939143960448007e-08
438 8.5449218750000000e-01 4.3697961236377320e-01 4.3697955122949572e-01 6.1134277473673393e-08 4.3697958864967479e-01 4.3697955122949572e-01 3.7420179066494086e-08 8.7395920101344804e-01 8.7395910245899144e-01 9.8554456595678630e-08
439 8.5644531250000000e-01 4.3152028978551432e-01 4.3152022951542696e-01 6.0270087365310587e-08 4.3152026640731483e-01 4.3152022951542696e-01 3.6891887877921192e-08 8.6304055619282916e-01 8.6304045903085391e-01 9.7161975243231780e-08
440 8.5839843750000000e-01 4.2604472070965022e-01 4.2604466130861357e-01 5.9401036645034822e-08 4.2604469766925079e-01 4.2604466130861357e-01 3.6360637223342707e-08 8.5208941837890095e-01 8.5208932261722714e-01 9.5761673812866377e-08
441 8.6035156250000000e-01 4.2055311128821316e-01 4.2055305276110283e-01 5.8527110324835263e-08 4.2055308858751533e-01 4.2055305276110283e-01 3.5826412503325855e-08 8.4110619987572854e-01 8.4110610552220566e-01 9.4353522883672269e-08
442 8.6230468750000000e-01 4.1504566827714623e-01 4.1504561062885370e-01 5.7648292528522660e-08 4.1504564591805654e-01 4.1504561062885370e-01 3.5289202837684996e-08 8.3009131419520277e-01 8.3009122125770740e-01 9.2937495366207656e-08
443 8.6425781250000000e-01 4.0952259902851768e-01 4.0952254226394869e-01 5.6764568989731146e-08 4.0952257701295530e-01 4.0952254226394869e-01 3.4749006616596745e-08 8.1904517604147298e-01 8.1904508452789737e-01 9.1513575606327890e-08
444 8.6621093750000000e-01 4.0398411148272045e-01 4.0398405560679052e-01 5.5875929938498103e-08 4.0398408981258838e-01 4.0398405560679052e-01 3.4205797860842324e-08 8.0796820129530889e-01 8.0796811121358103e-01 9.0081727854851579e-08
445 8.6816406250000000e-01 3.9843041416063224e-01 3.9843035917827191e-01 5.4982360331301550e-08 3.9843039283785464e-01 3.9843035917827191e-01 3.3659582732159521e-08 7.9686080699848683e-01 7.9686071835654382e-01 8.8641943007949919e-08
446 8.7011718750000000e-01 3.9286171615577342e-01 3.9286166207192347e-01 5.4083849954089658e-08 3.9286169518227654e-01 3.9286166207192347e-01 3.3110353070409104e-08 7.8572341133805002e-01 7.8572332414384694e-01 8.7194203080009913e-08
447 8.7207031250000000e-01 3.8727822712643517e-01 3.8727817394604480e-01 5.3180390369167441e-08 3.8727820650413552e-01 3.8727817394604480e-01 3.2558090723444622e-08 7.7455643363057070e-01 7.7455634789208960e-01 8.5738481092612062e-08
448 8.7402343750000000e-01 3.8168015728777960e-01 3.8168010501580718e-01 5.2271972417194945e-08 3.8168013701861425e-01 3.8168010501580718e-01 3.2002807071052075e-08 7.6336029430639385e-01 7.6336021003161436e-01 8.4274779488247020e-08
449 8.7597656250000000e-01 3.7606771740393469e-01 3.7606766604534259e-01 5.1358592101369283e-08 3.7606769748982366e-01 3.7606766604534259e-01 3.1444481074505148e-08 7.5213541489375835e-01 7.5213533209068517e-01 8.2803073175874431e-08
450 8.7792968750000000e-01 3.7044111878004465e-01 3.7044106833980528e-01 5.0440239374172080e-08 3.7044109922293594e-01 3.7044106833980528e-01 3.0883130663905689e-08 7.4088221800298060e-01 7.4088213667961056e-01 8.1323370038077769e-08
451 8.7988281250000000e-01 3.6480057325433518e-01 3.6480052373741956e-01 4.9516915623382118e-08 3.6480055405614931e-01 3.6480052373741956e-01 3.0318729749012618e-08 7.2960112731048454e-01 7.2960104747483912e-01 7.9835645427905888e-08
452 8.8183593750000000e-01 3.5914629319011820e-01 3.5914624460150074e-01 4.8588617462819172e-08 3.5914627435278806e-01 3.5914624460150074e-01 2.9751287322632436e-08 7.1829256754290627e-01 7.1829248920300148e-01 7.8339904785451608e-08
453 8.8378906250000000e-01 3.5347849146780747e-01 3.5347844381246335e-01 4.7655344115327125e-08 3.5347847299326929e-01 3.5347844381246335e-01 2.9180805938278098e-08 7.0695696446107670e-01 7.0695688762492670e-01 7.6836149998094072e-08
454 8.8574218750000000e-01 3.4779738147690265e-01 3.4779733475980285e-01 4.6717099799753470e-08 3.4779736336708350e-01 3.4779733475980285e-01 2.8607280655457146e-08 6.9559474484398609e-01 6.9559466951960569e-01 7.5324380399699464e-08
455 8.8769531250000000e-01 3.4210317710795440e-01 3.4210313133406456e-01 4.5773889845168725e-08 3.4210315936477564e-01 3.4210313133406456e-01 2.8030711085591520e-08 6.8420633647272999e-01 6.8420626266812912e-01 7.3804600875249093e-08
456 8.8964843750000000e-01 3.3639609274450738e-01 3.3639604791878941e-01 4.4825717970820023e-08 3.3639607536989879e-01 3.3639604791878941e-01 2.7451109385623340e-08 6.7279216811440623e-01 6.7279209583757882e-01 7.2276827411954514e-08
457 8.9160156250000000e-01 3.3067634325503764e-01 3.3067629938244147e-01 4.3872596167116029e-08 3.3067632625091253e-01 3.3067629938244147e-01 2.6868471059149357e-08 6.6135266950595017e-01 6.6135259876488295e-01 7.0741067226265386e-08
458 8.9355468750000000e-01 3.2494414398485355e-01 3.2494410107032123e-01 4.2914532316640219e-08 3.2494412735313050e-01 3.2494410107032123e-01 2.6282809262312412e-08 6.4988827133798410e-01 6.4988820214064247e-01 6.9197341634463783e-08
459 8.9550781250000000e-01 3.1919971074799663e-01 3.1919966879645439e-01 4.1951542240070694e-08 3.1919969449057856e-01 3.1919966879645439e-01 2.5694124161645959e-08 6.3839940523857519e-01 6.3839933759290879e-01 6.7645666401716653e-08
460 8.9746093750000000e-01 3.1344325981911075e-01 3.1344321883547016e-01 4.0983640592351378e-08 3.1344324393789741e-01 3.1344321883547016e-01 2.5102427247958303e-08 6.2688650375700816e-01 6.2688643767094032e-01 6.6086067840309681e-08
461 8.9941406250000000e-01 3.0767500792530111e-01 3.0767496791445520e-01 4.0010845914206783e-08 3.0767499242218421e-01 3.0767496791445520e-01 2.4507729012857027e-08 6.1535000034748533e-01 6.1534993582891040e-01 6.4518574927063810e-08
462 9.0136718750000000e-01 3.0189517223797663e-01 3.0189513320479727e-01 3.9033179355385528e-08 3.0189515711483583e-01 3.0189513320479727e-01 2.3910038560170932e-08 6.0379032935281240e-01 6.0379026640959454e-01 6.2943217860045308e-08
463 9.0332031250000000e-01 2.9610397036466984e-01 2.9610393231400561e-01 3.8050664230571130e-08 2.9610395562337977e-01 2.9610393231400561e-01 2.3309374153068774e-08 5.9220792598804961e-01 5.9220786462801123e-01 6.1360038383639903e-08
464 9.0527343750000000e-01 2.9030162034084966e-01 2.9030158327752137e-01 3.7063328295339204e-08 2.9030160598326260e-01 2.9030158327752137e-01 2.2705741231643373e-08 5.8060322632411232e-01 5.8060316655504274e-01 5.9769069582493728e-08
465 9.0722656250000000e-01 2.8448834062170636e-01 2.8448830455050539e-01 3.6071200970599904e-08 2.8448832664966384e-01 2.8448830455050539e-01 2.2099158447641543e-08 5.6897666727137020e-01 5.6897660910101078e-01 5.8170359418241446e-08
466 9.0917968750000000e-01 2.7866435007392976e-01 2.7866431499961652e-01 3.5074313231575616e-08 2.7866433648926436e-01 2.7866431499961652e-01 2.1489647838990322e-08 5.5732868656319412e-01 5.5732862999923305e-01 5.6563961070565938e-08
467 9.1113281250000000e-01 2.7282986796747027e-01 2.7282983389477006e-01 3.4072700216825069e-08 2.7282985477199434e-01 2.7282983389477006e-01 2.0877224282678242e-08 5.4565972273946461e-01 5.4565966778954011e-01 5.4949924499503311e-08
468 9.1308593750000000e-01 2.6698511396728075e-01 2.6698508090088113e-01 3.3066399618419950e-08 2.6698510116279717e-01 2.6698508090088113e-01 2.0261916033881278e-08 5.3397021513007792e-01 5.3397016180176227e-01 5.3328315652301228e-08
469 9.1503906250000000e-01 2.6113030812505000e-01 2.6113027606959721e-01 3.2055452792167927e-08 2.6113029571333807e-01 2.6113027606959721e-01 1.9643740856167824e-08 5.2226060383838813e-01 5.2226055213919442e-01 5.1699193703846902e-08
470 9.1699218750000000e-01 2.5526567087091445e-01 2.5526563983101030e-01 3.1039904146989983e-08 2.5526565885373759e-01 2.5526563983101030e-01 1.9022727282269614e-08 5.1053132972465209e-01 5.1053127966202061e-01 5.0062631484770748e-08
471 9.1894531250000000e-01 2.4939142300516187e-01 2.4939139298536092e-01 3.0019800950631392e-08 2.4939141138425874e-01 2.4939139298536092e-01 1.8398897821958471e-08 4.9878283438942062e-01 4.9878278597072184e-01 4.8418698772589863e-08
472 9.2089843750000000e-01 2.4350778568991527e-01 2.4350775669472177e-01 2.8995193496195171e-08 2.4350777446700639e-01 2.4350775669472177e-01 1.7772284616190959e-08 4.8701556015692166e-01 4.8701551338944354e-01 4.6767478112386129e-08
473 9.2285156250000000e-01 2.3761498044080923e-01 2.3761495247467465e-01 2.7966134574786139e-08 2.3761496961759321e-01 2.3761495247467465e-01 1.7142918556922737e-08 4.7522995005840241e-01 4.7522990494934930e-01 4.5109053103953300e-08
474 9.2480468750000000e-01 2.3171322911865005e-01 2.3171320218596694e-01 2.6932683111491329e-08 2.3171321869679579e-01 2.3171320218596694e-01 1.6510828843019354e-08 4.6342644781544584e-01 4.6342640437193389e-01 4.3443511954510683e-08
475 9.2675781250000000e-01 2.2580275392105903e-01 2.2580272802616219e-01 2.5894896837908021e-08 2.2580274390221619e-01 2.2580272802616219e-01 1.5876053999219764e-08 4.5160549782327519e-01 4.5160545605232438e-01 4.1770950809372209e-08
476 9.2871093750000000e-01 2.1988377737411205e-01 2.1988375252127101e-01 2.4852841035150064e-08 2.1988376775989871e-01 2.1988375252127101e-01 1.5238627693037188e-08 4.3976754513401073e-01 4.3976750504254203e-01 4.0091468700431676e-08
477 9.3066406250000000e-01 2.1395652232395726e-01 2.1395649851737625e-01 2.3806581012086880e-08 2.1395651311596284e-01 2.1395649851737625e-01 1.4598586589587015e-08 4.2791303543992010e-01 4.2791299703475250e-01 3.8405167601673895e-08
478 9.3261718750000000e-01 2.0802121192842862e-01 2.0802118917224147e-01 2.2756187156858232e-08 2.0802120312821268e-01 2.0802118917224147e-01 1.3955971212009644e-08 4.1604241505664130e-01 4.1604237834448293e-01 3.6712158368867875e-08
479 9.3457031250000000e-01 2.0207806964864072e-01 2.0207804794690790e-01 2.1701732827450471e-08 2.0207806125773384e-01 2.0207804794690790e-01 1.3310825941470483e-08 4.0415613090637459e-01 4.0415609589381579e-01 3.5012558796676529e-08
480 9.3652343750000000e-01 1.9612731924057769e-01 1.9612729859728459e-01 2.0643293102695637e-08 1.9612731126048280e-01 1.9612729859728459e-01 1.2663198212248261e-08 3.9225463050106046e-01 3.9225459719456918e-01 3.3306491287188322e-08
481 9.3847656250000000e-01 1.9016918474666863e-01 1.9016916516572024e-01 1.9580948390496289e-08 1.9016917717885423e-01 1.9016916516572024e-01 1.2013133987576197e-08 3.8033836192552284e-01 3.8033833033144049e-01 3.1594082350316910e-08
482 9.4042968750000000e-01 1.8420389048735311e-01 1.8420387197257188e-01 1.8514781235934308e-08 1.8420388333325138e-01 1.8420387197257188e-01 1.1360679508243265e-08 3.6840777382060452e-01 3.6840774394514375e-01 2.9875460771933149e-08
483 9.4238281250000000e-01 1.7823166105263588e-01 1.7823164360775573e-01 1.7444880151540332e-08 1.7823165431363325e-01 1.7823164360775573e-01 1.0705877517835916e-08 3.5646331536626913e-01 3.5646328721551146e-01 2.8150757669376247e-08
484 9.4433593750000000e-01 1.7225272129362745e-01 1.7225270492229516e-01 1.6371332289821794e-08 1.7225271497107961e-01 1.7225270492229516e-01 1.0048784443439374e-08 3.4450543626470709e-01 3.4450540984459033e-01 2.6420116761016743e-08
485 9.4628906250000000e-01 1.6626729631408405e-01 1.6626728101985147e-01 1.5294232574847300e-08 1.6626729040929988e-01 1.6626728101985147e-01 9.3894484132217571e-09 3.3253458672338393e-01 3.3253456203970294e-01 2.4683680988069057e-08
486 9.4824218750000000e-01 1.6027561146192726e-01 1.6027559724825199e-01 1.4213675264551640e-08 1.6027560597618137e-01 1.6027559724825199e-01 8.7279293792263957e-09 3.2055121743810866e-01 3.2055119449650399e-01 2.2941604671533611e-08
487 9.5019531250000000e-01 1.5427789232076317e-01 1.5427787919100469e-01 1.3129758474894615e-08 1.5427788725528957e-01 1.5427787919100469e-01 8.0642848787615407e-09 3.0855577957605274e-01 3.0855575838200938e-01 2.1194043353656156e-08
488 9.5214843750000000e-01 1.4827436470138722e-01 1.4827435265880362e-01 1.2042583596993950e-08 1.4827436005738512e-01 1.4827435265880362e-01 7.3985814974530939e-09 2.9654872475877236e-01 2.9654870531760724e-01 1.9441165122202619e-08
489 9.5410156250000000e-01 1.4226525463328399e-01 1.4226524368103041e-01 1.0952253576279602e-08 1.4226525041191393e-01 1.4226524368103041e-01 6.7308835172141812e-09 2.8453050504519795e-01 2.8453048736206082e-01 1.7683137121249359e-08
490 9.5605468750000000e-01 1.3625078835611887e-01 1.3625077849724079e-01 9.8588780750308302e-09 1.3625078455849116e-01 1.3625077849724079e-01 6.0612503627321956e-09 2.7250157291461002e-01 2.7250155699448159e-01 1.5920128437763026e-08
491 9.5800781250000000e-01 1.3023119231122290e-01 1.3023118354865046e-01 8.7625724454198917e-09 1.3023118893836624e-01 1.3023118354865046e-01 5.3897157847870858e-09 2.6046238124958915e-01 2.6046236709730092e-01 1.4152288230206977e-08
492 9.5996093750000000e-01 1.2420669313306745e-01 1.2420668546960602e-01 7.6634614348813912e-09 1.2420669018589978e-01 1.2420668546960602e-01 4.7162937583111741e-09 2.4841338331896723e-01 2.4841337093921204e-01 1.2379755193192565e-08
493 9.6191406250000000e-01 1.1817751764072243e-01 1.1817751107905601e-01 6.5616664185474960e-09 1.1817751512007463e-01 1.1817751107905601e-01 4.0410186169514972e-09 2.3635503276079706e-01 2.3635502215811202e-01 1.0602685035498993e-08
494 9.6386718750000000e-01 1.1214389282929257e-01 1.1214388737200762e-01 5.4572849572664950e-09 1.1214389073607886e-01 1.1214388737200762e-01 3.3640712437943421e-09 2.2428778356537143e-01 2.2428777474401523e-01 8.8213562010608371e-09
495 9.6582031250000000e-01 1.0610604586134947e-01 1.0610604151098410e-01 4.3503653734955350e-09 1.0610604419686526e-01 1.0610604151098410e-01 2.6858811563723606e-09 2.1221209005821473e-01 2.1221208302196820e-01 7.0362465298678956e-09
496 9.6777343750000000e-01 1.0006420405839977e-01 1.0006420081746863e-01 3.2409311484515868e-09 1.0006420282449179e-01 1.0006420081746863e-01 2.0070231587787646e-09 2.0012840688289157e-01 2.0012840163493725e-01 5.2479543211081392e-09
497 9.6972656250000000e-01 9.4018594892441867e-02 9.4018592763348910e-02 2.1290929574924178e-09 9.4018594090995222e-02 9.4018592763348910e-02 1.3276463123323978e-09 1.8803718898343708e-01 1.8803718552669782e-01 3.4567392559470278e-09
498 9.7167968750000000e-01 8.7969445977588254e-02 8.7969444962351595e-02 1.0152366586302364e-09 8.7969445608883257e-02 8.7969444962351595e-02 6.4653166154116093e-10 1.7593889158647152e-01 1.7593888992470319e-01 1.6617683340491851e-09
499 9.7363281250000000e-01 8.1916985061619610e-02 8.1916985161471542e-02 -9.9851932278127720e-11 8.1916985121953570e-02 8.1916985161471542e-02 -3.9517972227898213e-11 1.6383397018357318e-01 1.6383397032294308e-01 -1.3936990450602593e-10
500 9.7558593750000000e-01 7.5861440017177026e-02 7.5861441232400267e-02 -1.2152232414797126e-09 7.5861440497883209e-02 7.5861441232400267e-02 -7.3451705828730951e-10 1.5172288051506022e-01 1.5172288246480053e-01 -1.9497403136448099e-09
501 9.7753906250000000e-01 6.9803038832361636e-02 6.9803041162943225e-02 -2.3305815888274850e-09 6.9803039723752347e-02 6.9803041162943225e-02 -1.4391908775834850e-09 1.3960607855611398e-01 1.3960608232588645e-01 -3.7697724664109700e-09
502 9.7949218750000000e-01 6.3742009600924632e-02 6.3742013048439669e-02 -3.4475150373358687e-09 6.3742010903593715e-02 6.3742013048439669e-02 -2.1448459536221876e-09 1.2748402050451835e-01 1.2748402609687934e-01 -5.5923609909580563e-09
503 9.8144531250000000e-01 5.7678580512901416e-02 5.7678585083171523e-02 -4.5702701068073281e-09 5.7678582253694197e-02 5.7678585083171523e-02 -2.8294773260495454e-09 1.1535716276659561e-01 1.1535717016634305e-01 -7.3997474397957674e-09
504 9.8339843750000000e-01 5.1612979847036826e-02 5.1612985551775500e-02 -5.7047386745057160e-09 5.1612982088920435e-02 5.1612985551775500e-02 -3.4628550651949475e-09 1.0322596193595726e-01 1.0322597110355100e-01 -9.1675937397006635e-09
505 9.8535156250000000e-01 4.5545435965941343e-02 4.5545442820644808e-02 -6.8547034645649596e-09 4.5545438795366086e-02 4.5545442820644808e-02 -4.0252787214534180e-09 9.1090874761307422e-02 9.1090885641289615e-02 -1.0879982192957272e-08
506 9.8730468750000000e-01 3.9476177313304571e-02 3.9476185329334737e-02 -8.0160301660359146e-09 3.9476180792697546e-02 3.9476185329334737e-02 -4.5366371909105752e-09 7.8952358106002124e-02 7.8952370658669474e-02 -1.2552667350007596e-08
507 9.8925781250000000e-01 3.3405432410281224e-02 3.3405441581958607e-02 -9.1716773828465215e-09 3.3405436500619133e-02 3.3405441581958607e-02 -5.0813394741888729e-09 6.6810868910900351e-02 6.6810883163917215e-02 -1.4253016863974288e-08
508 9.9121093750000000e-01 2.7333429846950374e-02 2.7333440138587749e-02 -1.0291637375647866e-08 2.7333434329958998e-02 2.7333440138587749e-02 -5.8086287516023738e-09 5.4666864176909372e-02 5.4666880277175499e-02 -1.6100266127250240e-08
509 9.9316406250000000e-01 2.1260398266082958e-02 2.1260409606645034e-02 -1.1340562076217475e-08 2.1260402712203780e-02 2.1260409606645034e-02 -6.8944412540128397e-09 4.2520800978286741e-02 4.2520819213290068e-02 -1.8235003326760868e-08
510 9.9511718750000000e-01 1.5186566340500437e-02 1.5186578632296624e-02 -1.2291796186794657e-08 1.5186570161064930e-02 1.5186578632296624e-02 -8.4712316935492415e-09 3.0373136501565368e-02 3.0373157264593248e-02 -2.0763027880343898e-08
511 9.9707031250000000e-01 9.1121627500369787e-03 9.1121758918466349e-03 -1.3141809656128101e-08 9.1121653360199152e-03 9.1121758918466349e-03 -1.0555826719660377e-08 1.8224328086056896e-02 1.8224351783693270e-02 -2.3697636374053754e-08
512 9.9902343750000000e-01 3.0374161662901377e-03 3.0374300831241016e-03 -1.3916833963879827e-08 3.0374170669009411e-03 3.0374300831241016e-03 -1.3016223160498136e-08 6.0748332331910793e-03 6.0748601662482032e-03 -2.6933057123944282e-08
